50_50,ball_receipt_outcome,ball_recovery_recovery_failure,block_deflection,block_offensive,carry_end_location,clearance_aerial_won,clearance_body_part,clearance_head,clearance_left_foot,clearance_right_foot,counterpress,dribble_no_touch,dribble_outcome,dribble_overrun,duel_outcome,duel_type,duration,foul_committed_advantage,foul_committed_card,foul_won_advantage,foul_won_defensive,goalkeeper_body_part,goalkeeper_end_location,goalkeeper_outcome,goalkeeper_position,goalkeeper_technique,goalkeeper_type,id,index,interception_outcome,location,match_id,minute,miscontrol_aerial_won,off_camera,out,pass_aerial_won,pass_angle,pass_assisted_shot_id,pass_body_part,pass_cross,pass_cut_back,pass_deflected,pass_end_location,pass_goal_assist,pass_height,pass_length,pass_no_touch,pass_outcome,pass_outswinging,pass_recipient,pass_recipient_id,pass_shot_assist,pass_switch,pass_technique,pass_type,period,play_pattern,player,player_id,position,possession,possession_team,possession_team_id,related_events,second,shot_aerial_won,shot_body_part,shot_end_location,shot_first_time,shot_freeze_frame,shot_key_pass_id,shot_one_on_one,shot_outcome,shot_statsbomb_xg,shot_technique,shot_type,substitution_outcome,substitution_outcome_id,substitution_replacement,substitution_replacement_id,tactics,team,team_id,timestamp,type,under_pressure
,,,,,,,,,,,,,,,,,0.0,,,,,,,,,,,48e5e86f-7aa8-43d5-85b0-17fb774ec225,1,,,3920389,0,,,,,,,,,,,,,,,,,,,,,,,,1,Regular Play,,,,1,Cameroon,2722,,0,,,,,,,,,,,,,,,,"{'formation': 433, 'lineup': [{'player': {'id': 24670, 'name': 'Joseph Fabrice Ondoa Ebogo'}, 'position': {'id': 1, 'name': 'Goalkeeper'}, 'jersey_number': 1}, {'player': {'id': 7426, 'name': 'Jean-Charles Castelletto'}, 'position': {'id': 2, 'name': 'Right Back'}, 'jersey_number': 21}, {'player': {'id': 74588, 'name': 'Christopher Wooh'}, 'position': {'id': 3, 'name': 'Right Center Back'}, 'jersey_number': 4}, {'player': {'id': 7386, 'name': 'Harold Moukoudi'}, 'position': {'id': 5, 'name': 'Left Center Back'}, 'jersey_number': 2}, {'player': {'id': 32190, 'name': 'Darlin Zidane Yongwa Ngameni'}, 'position': {'id': 6, 'name': 'Left Back'}, 'jersey_number': 18}, {'player': {'id': 7355, 'name': 'Olivier Michel Kemen'}, 'position': {'id': 10, 'name': 'Center Defensive Midfield'}, 'jersey_number': 6}, {'player': {'id': 10530, 'name': 'Jules Olivier Ntcham'}, 'position': {'id': 13, 'name': 'Right Center Midfield'}, 'jersey_number': 22}, {'player': {'id': 3141, 'name': 'André-Frank Zambo Anguissa'}, 'position': {'id': 15, 'name': 'Left Center Midfield'}, 'jersey_number': 8}, {'player': {'id': 189348, 'name': 'Frank Magri'}, 'position': {'id': 17, 'name': 'Right Wing'}, 'jersey_number': 9}, {'player': {'id': 3639, 'name': 'Georges-Kévin Nkoudou Mbida'}, 'position': {'id': 21, 'name': 'Left Wing'}, 'jersey_number': 11}, {'player': {'id': 3551, 'name': 'Karl Brillant Toko Ekambi'}, 'position': {'id': 23, 'name': 'Center Forward'}, 'jersey_number': 12}]}",Cameroon,2722,00:00:00.000,Starting XI,
,,,,,,,,,,,,,,,,,0.0,,,,,,,,,,,e4d3d409-dae9-49f4-8da1-062c1b10b01e,2,,,3920389,0,,,,,,,,,,,,,,,,,,,,,,,,1,Regular Play,,,,1,Cameroon,2722,,0,,,,,,,,,,,,,,,,"{'formation': 4231, 'lineup': [{'player': {'id': 182573, 'name': 'Ibrahim Kone'}, 'position': {'id': 1, 'name': 'Goalkeeper'}, 'jersey_number': 22}, {'player': {'id': 131849, 'name': 'Antoine Conte'}, 'position': {'id': 2, 'name': 'Right Back'}, 'jersey_number': 2}, {'player': {'id': 4267, 'name': 'Mouctar Diakhaby'}, 'position': {'id': 3, 'name': 'Right Center Back'}, 'jersey_number': 5}, {'player': {'id': 7360, 'name': 'Julian Jeanvier'}, 'position': {'id': 5, 'name': 'Left Center Back'}, 'jersey_number': 17}, {'player': {'id': 132711, 'name': 'Sekou Oumar Sylla'}, 'position': {'id': 6, 'name': 'Left Back'}, 'jersey_number': 21}, {'player': {'id': 35285, 'name': 'Mory Konaté'}, 'position': {'id': 9, 'name': 'Right Defensive Midfield'}, 'jersey_number': 20}, {'player': {'id': 39073, 'name': 'Moriba Kourouma Kourouma'}, 'position': {'id': 11, 'name': 'Left Defensive Midfield'}, 'jersey_number': 10}, {'player': {'id': 47351, 'name': 'Morgan Guilavogui'}, 'position': {'id': 17, 'name': 'Right Wing'}, 'jersey_number': 7}, {'player': {'id': 39559, 'name': 'Aguibou Camara'}, 'position': {'id': 19, 'name': 'Center Attacking Midfield'}, 'jersey_number': 18}, {'player': {'id': 3405, 'name': 'François Kamano'}, 'position': {'id': 21, 'name': 'Left Wing'}, 'jersey_number': 19}, {'player': {'id': 8454, 'name': 'Mohamed Bayo'}, 'position': {'id': 23, 'name': 'Center Forward'}, 'jersey_number': 11}]}",Guinea,4892,00:00:00.000,Starting XI,
,,,,,,,,,,,,,,,,,0.0,,,,,,,,,,,fd4883cd-6831-402d-8055-c88664fa2e78,3,,,3920389,0,,,,,,,,,,,,,,,,,,,,,,,,1,Regular Play,,,,1,Cameroon,2722,['f06da9b9-b77d-4195-a749-8d074155d09a'],0,,,,,,,,,,,,,,,,,Guinea,4892,00:00:00.000,Half Start,
,,,,,,,,,,,,,,,,,0.0,,,,,,,,,,,f06da9b9-b77d-4195-a749-8d074155d09a,4,,,3920389,0,,,,,,,,,,,,,,,,,,,,,,,,1,Regular Play,,,,1,Cameroon,2722,['fd4883cd-6831-402d-8055-c88664fa2e78'],0,,,,,,,,,,,,,,,,,Cameroon,2722,00:00:00.000,Half Start,
,,,,,,,,,,,,,,,,,0.0,,,,,,,,,,,72639921-178c-4199-bad5-735141cfd22b,1341,,,3920389,45,,,,,,,,,,,,,,,,,,,,,,,,2,From Free Kick,,,,75,Guinea,4892,['5e26e128-6290-4b08-9475-a44ca7f64d76'],0,,,,,,,,,,,,,,,,,Cameroon,2722,00:00:00.000,Half Start,
,,,,,,,,,,,,,,,,,0.0,,,,,,,,,,,5e26e128-6290-4b08-9475-a44ca7f64d76,1342,,,3920389,45,,,,,,,,,,,,,,,,,,,,,,,,2,From Free Kick,,,,75,Guinea,4892,['72639921-178c-4199-bad5-735141cfd22b'],0,,,,,,,,,,,,,,,,,Guinea,4892,00:00:00.000,Half Start,
,,,,,,,,,,,,,,,,,0.928506,,,,,,,,,,,1c67f58f-693f-43d1-aacc-8fe90c282991,5,,"[60.0, 40.0]",3920389,0,,,,,-2.674282,,Right Foot,,,,"[49.1, 34.5]",,Ground Pass,12.209013,,,,Olivier Michel Kemen,7355.0,,,,Kick Off,1,From Kick Off,Karl Brillant Toko Ekambi,3551.0,Center Forward,2,Cameroon,2722,['ddc1639f-4523-4b8f-8ce6-84b7ce15f280'],0,,,,,,,,,,,,,,,,,Cameroon,2722,00:00:00.323,Pass,
,,,,,,,,,,,,,,,,,1.507469,,,,,,,,,,,4ca27709-d3b2-4314-82a1-f00a1d74d29e,8,,"[49.6, 34.6]",3920389,0,,,,,-1.9479827,,Right Foot,,,,"[39.3, 8.6]",,Ground Pass,27.965872,,,,Darlin Zidane Yongwa Ngameni,32190.0,,,,,1,From Kick Off,Olivier Michel Kemen,7355.0,Center Defensive Midfield,2,Cameroon,2722,['92057807-8c46-47c8-ac57-bdd43239ad56'],2,,,,,,,,,,,,,,,,,Cameroon,2722,00:00:02.308,Pass,
,,,,,,,,,,,,,,,,,1.178391,,,,,,,,,,,f4ae6a3f-31cc-49db-ba84-b36965b9d7fc,11,,"[43.0, 9.6]",3920389,0,,,,,2.6117437,,Left Foot,,,,"[29.0, 17.8]",,Ground Pass,16.224672,,,,Harold Moukoudi,7386.0,,,,,1,From Kick Off,Darlin Zidane Yongwa Ngameni,32190.0,Left Back,2,Cameroon,2722,['a849ae35-8d83-4e04-8150-ca90251a1bfb'],5,,,,,,,,,,,,,,,,,Cameroon,2722,00:00:05.655,Pass,
,,,,,,,,,,,,,,,,,1.548116,,,,,,,,,,,68a17643-d11a-4bfe-997d-f48b800a55fa,14,,"[25.4, 19.3]",3920389,0,,,,,1.4018345,,Right Foot,,,,"[31.2, 53.3]",,Ground Pass,34.491158,,,,Christopher Wooh,74588.0,,,,,1,From Kick Off,Harold Moukoudi,7386.0,Left Center Back,2,Cameroon,2722,['f6aedeea-7f22-41c8-a5b9-946ad9006dcc'],7,,,,,,,,,,,,,,,,,Cameroon,2722,00:00:07.914,Pass,
,,,,,,,,,,,,,,,,,1.552908,,,,,,,,,,,f4ddd6f2-cf5d-46f9-99ab-1771c6ec6ed9,17,,"[37.4, 59.8]",3920389,0,,,,,-1.5240078,,Right Foot,,,,"[38.8, 29.9]",,Ground Pass,29.932758,,,,Harold Moukoudi,7386.0,,,,,1,From Kick Off,Christopher Wooh,74588.0,Right Center Back,2,Cameroon,2722,['9d6bdf3d-128d-4f12-a91f-1248745e1cc1'],11,,,,,,,,,,,,,,,,,Cameroon,2722,00:00:11.864,Pass,
,,,,,,,,,,,,,,,,,1.648992,,,,,,,,,,,b81a414b-7927-4bc7-b061-feb0ec8d588a,20,,"[44.4, 28.5]",3920389,0,,,,,1.6528038,,Right Foot,,,,"[42.0, 57.7]",,Ground Pass,29.298464,,,,Christopher Wooh,74588.0,,,,,1,From Kick Off,Harold Moukoudi,7386.0,Left Center Back,2,Cameroon,2722,['db570c27-73e9-417e-8ba9-472f7dcb830b'],17,,,,,,,,,,,,,,,,,Cameroon,2722,00:00:17.213,Pass,
,,,,,,,,,,,,,,,,,1.488292,,,,,,,,,,,b41f526e-dddc-4efe-ab60-3d0a61c4282c,23,,"[43.5, 58.8]",3920389,0,,,,,0.9894161,,Right Foot,,,,"[52.7, 72.8]",,Ground Pass,16.752314,,,,Jean-Charles Castelletto,7426.0,,,,,1,From Kick Off,Christopher Wooh,74588.0,Right Center Back,2,Cameroon,2722,['55279247-a4c6-40a4-9e56-cf9e9cc8acf2'],19,,,,,,,,,,,,,,,,,Cameroon,2722,00:00:19.645,Pass,
,,,,,,,,,,,,,,,,,1.657646,,,,,,,,,,,07d4fcf4-b91f-48f6-94ef-3bf45e745cf9,26,,"[52.7, 72.8]",3920389,0,,,,,-2.6283405,,Right Foot,,,,"[36.2, 63.5]",,Ground Pass,18.940434,,,,Christopher Wooh,74588.0,,,,,1,From Kick Off,Jean-Charles Castelletto,7426.0,Right Back,2,Cameroon,2722,['1490ed3d-46db-482f-b8c1-456503ffa1c8'],22,,,,,,,,,,,,,,,,,Cameroon,2722,00:00:22.287,Pass,
,,,,,,,,,,,,,,,,,1.940248,,,,,,,,,,,8e7bd8d3-1cbd-477f-9e72-93fa0b99fd37,29,,"[38.3, 57.7]",3920389,0,,,,,-1.3517954,,Right Foot,,,,"[45.4, 25.8]",,Ground Pass,32.680576,,,,Harold Moukoudi,7386.0,,,,,1,From Kick Off,Christopher Wooh,74588.0,Right Center Back,2,Cameroon,2722,['a67ebfb5-c6c9-4804-88e0-cb4c60630042'],25,,,,,,,,,,,,,,,,,Cameroon,2722,00:00:25.303,Pass,
,,,,,,,,,,,,,,,,,1.378053,,,,,,,,,,,e8891d38-e62a-4759-b157-62a9f28fbf99,32,,"[45.7, 22.7]",3920389,0,,,,,-0.8422474,,Right Foot,,,,"[63.1, 3.2]",,Ground Pass,26.13446,,,,Georges-Kévin Nkoudou Mbida,3639.0,,,,,1,From Kick Off,Harold Moukoudi,7386.0,Left Center Back,2,Cameroon,2722,['bb3ef85a-e870-4e25-a6f7-81c9b2935f11'],28,,,,,,,,,,,,,,,,,Cameroon,2722,00:00:28.389,Pass,
,,,,,,,,,,,,,,,,,2.264001,,,,,,,,,,,19a7f2d2-5798-440c-9b2a-f3ec65cf8c09,36,,"[63.6, 3.8]",3920389,0,,,,,2.6674192,,Right Foot,,,,"[44.7, 13.5]",,Ground Pass,21.243822,,,,Harold Moukoudi,7386.0,,,,,1,From Kick Off,Georges-Kévin Nkoudou Mbida,3639.0,Left Wing,2,Cameroon,2722,"['dbd90819-7fd6-45cb-8f11-8f3ed113b3f1', '534135e6-5ba8-478c-97d1-79487150facc']",32,,,,,,,,,,,,,,,,,Cameroon,2722,00:00:32.517,Pass,True
,,,,,,,,,,,,,,,,,2.150933,,,,,,,,,,,fe715752-7873-4f6a-8cc4-caf38b8d34a4,39,,"[44.4, 16.6]",3920389,0,,,,,1.596802,,Right Foot,,,,"[43.5, 51.2]",,Ground Pass,34.611702,,,,Christopher Wooh,74588.0,,,,,1,From Kick Off,Harold Moukoudi,7386.0,Left Center Back,2,Cameroon,2722,['65c097ec-eac6-41ae-8472-dc39887a6d7d'],35,,,,,,,,,,,,,,,,,Cameroon,2722,00:00:35.997,Pass,
,,,,,,,,,,,,,,,,,1.724712,,,,,,,,,,,8182ab6f-0f6c-440f-a671-09453a76c6bc,42,,"[44.4, 53.6]",3920389,0,,,,,-1.5707964,,Right Foot,,,,"[44.4, 27.0]",,Ground Pass,26.6,,,,Harold Moukoudi,7386.0,,,,,1,From Kick Off,Christopher Wooh,74588.0,Right Center Back,2,Cameroon,2722,['b11c6154-1765-409b-a5db-e880d6c20b41'],40,,,,,,,,,,,,,,,,,Cameroon,2722,00:00:40.246,Pass,
,,,,,,,,,,,,,,,,,1.269642,,,,,,,,,,,c0203d17-b963-4053-8103-95950b211eef,46,,"[45.9, 24.9]",3920389,0,,,,,-1.2704328,,Right Foot,,,,"[52.9, 2.3]",,Ground Pass,23.659248,,,,Darlin Zidane Yongwa Ngameni,32190.0,,,,,1,From Kick Off,Harold Moukoudi,7386.0,Left Center Back,2,Cameroon,2722,['fac1329b-4ecd-4777-9cbc-ab9f1bf17f35'],42,,,,,,,,,,,,,,,,,Cameroon,2722,00:00:42.667,Pass,
,,,,,,,,,,,,,,,,,4.581005,,,,,,,,,,,26ebd2e1-7575-450e-a6c3-9d6c155075b5,49,,"[52.1, 3.3]",3920389,0,,,,,0.118563555,,Left Foot,,,,"[115.9, 10.9]",,High Pass,64.25107,,Incomplete,,André-Frank Zambo Anguissa,3141.0,,,,,1,From Kick Off,Darlin Zidane Yongwa Ngameni,32190.0,Left Back,2,Cameroon,2722,"['8fa5ede0-396e-4d36-8f8b-fe428eb51c7f', 'b596a6b4-9178-465d-9e02-0a8a0a985b5d']",44,,,,,,,,,,,,,,,,,Cameroon,2722,00:00:44.934,Pass,
,,,,,,,,,,,,,,,,,6.236353,,,,,,,,,,,119f77e5-a314-4bd2-99a5-c9aca4bfa52a,56,,"[7.0, 46.7]",3920389,1,,,,,0.48558766,,Right Foot,,,,"[70.1, 80.0]",,High Pass,71.34774,,Out,,Morgan Guilavogui,47351.0,,,,Goal Kick,1,From Goal Kick,Ibrahim Kone,182573.0,Goalkeeper,4,Guinea,4892,['c87f97b8-d9a6-4cf6-8112-7540351defdb'],22,,,,,,,,,,,,,,,,,Guinea,4892,00:01:22.922,Pass,
,,,,,,,,,,,,,,,,,2.109186,,,,,,,,,,,c523286b-91b2-452f-aee8-391325f13161,58,,"[45.7, 0.1]",3920389,1,,,,,0.14659186,,,,,,"[75.5, 4.5]",,High Pass,30.123081,,Incomplete,,Karl Brillant Toko Ekambi,3551.0,,,,Throw-in,1,From Throw In,Darlin Zidane Yongwa Ngameni,32190.0,Left Back,5,Cameroon,2722,"['096bd521-5be0-44ae-90d2-f8169c0831b9', 'ffa7b37e-0594-4748-97ad-4c096003b8c0']",36,,,,,,,,,,,,,,,,,Cameroon,2722,00:01:36.178,Pass,
,,,,,,,,,,,,,,,,,1.873835,,,,,,,,,,,096bd521-5be0-44ae-90d2-f8169c0831b9,60,,"[44.6, 75.6]",3920389,1,,,,,0.08314123,,Head,,,,"[67.4, 77.5]",,High Pass,22.87903,,,,Morgan Guilavogui,47351.0,,,,Recovery,1,Regular Play,Mouctar Diakhaby,4267.0,Right Center Back,6,Guinea,4892,"['241875d4-054b-4407-ad67-d9a665074ad1', 'c523286b-91b2-452f-aee8-391325f13161']",38,,,,,,,,,,,,,,,,,Guinea,4892,00:01:38.287,Pass,
,,,,,,,,,,,,,,,,,1.586297,,,,,,,,,,,cf5753ed-3f10-4fdb-bebf-b57951cfc968,62,,"[63.4, 76.6]",3920389,1,,,,,0.01625873,,Head,,,,"[75.7, 76.8]",,Low Pass,12.301626,,Incomplete,,Aguibou Camara,39559.0,,,,,1,Regular Play,Morgan Guilavogui,47351.0,Right Wing,6,Guinea,4892,"['552c4dd9-81ab-4c90-b5f7-30f6d8bb7aa7', 'd7f20c1e-157b-47d2-8d84-493c1f6aadf7']",40,,,,,,,,,,,,,,,,,Guinea,4892,00:01:40.161,Pass,
,,,,,,,,,,,,,,,,,1.08431,,,,,,,,,,,d7f20c1e-157b-47d2-8d84-493c1f6aadf7,65,,"[44.4, 3.3]",3920389,1,,,,,-0.13944006,,Left Foot,,,,"[67.2, 0.1]",,High Pass,23.023466,,Out,,Karl Brillant Toko Ekambi,3551.0,,,,Recovery,1,Regular Play,Harold Moukoudi,7386.0,Left Center Back,6,Guinea,4892,"['92c1d4a2-8969-4286-bb0b-b41fdef2bfcc', 'e015314f-088c-445e-8ef9-037a50961d2e', 'cf5753ed-3f10-4fdb-bebf-b57951cfc968']",41,,,,,,,,,,,,,,,,,Cameroon,2722,00:01:41.747,Pass,True
,,,,,,,,,,,,,,,,,0.891762,,,,,,,,,,,e5637886-9b18-4e1a-92fe-af10a55c3853,67,,"[70.5, 80.0]",3920389,1,,,,,-0.525851,,,,,,"[81.7, 73.5]",,Low Pass,12.949517,,,,Aguibou Camara,39559.0,,,,Throw-in,1,From Throw In,Antoine Conte,131849.0,Right Back,7,Guinea,4892,['17c58d9a-e1c2-4d47-8b18-dec8853cf5a5'],57,,,,,,,,,,,,,,,,,Guinea,4892,00:01:57.892,Pass,
,,,,,,,,,,,,,,,,,2.52968,,,,,,,,,,,eb5a7383-4508-4ece-8f84-3410fca9e2bd,69,,"[79.8, 74.2]",3920389,1,,,,,-0.26396373,,Right Foot,,,,"[90.9, 71.2]",,High Pass,11.4982605,,Incomplete,,Mohamed Bayo,8454.0,,,,,1,From Throw In,Aguibou Camara,39559.0,Center Attacking Midfield,7,Guinea,4892,"['08f4f212-c9b3-4ec4-b02f-69bec1605f39', '7a874820-6b8d-4454-bbb1-2dc6a5e91e20']",58,,,,,,,,,,,,,,,,,Guinea,4892,00:01:58.784,Pass,
,,,,,,,,,,,,,,,,,0.844925,,,,,,,,,,,69083c6b-bae5-4bd9-88ad-e2497d528e0b,77,,"[84.5, 70.4]",3920389,2,,,,,-2.3847582,,Right Foot,,,True,"[82.7, 68.7]",,Ground Pass,2.4758837,,,,Moriba Kourouma Kourouma,39073.0,,,,Recovery,1,From Throw In,Aguibou Camara,39559.0,Center Attacking Midfield,7,Guinea,4892,['34232dd2-9243-4e70-b015-abf6a58f057b'],2,,,,,,,,,,,,,,,,,Guinea,4892,00:02:02.563,Pass,
,,,,,,,,,,,,,,,,,1.112463,,,,,,,,,,,df0ec6ca-2e02-4102-9707-930680cf4984,83,,"[83.9, 68.7]",3920389,2,,,,,0.34738597,,Right Foot,,,,"[89.7, 70.8]",,Ground Pass,6.168468,,,,Aguibou Camara,39559.0,,,,,1,From Throw In,Moriba Kourouma Kourouma,39073.0,Left Defensive Midfield,7,Guinea,4892,"['4c48bd11-9711-4b2a-a147-24ae3a53c8cb', '2edd6216-9bc5-433b-9663-31c62c185213']",6,,,,,,,,,,,,,,,,,Guinea,4892,00:02:06.420,Pass,True
,,,,,,,,,,,,,,,,,1.358431,,,,,,,,,,,828f5def-76ee-4d04-bac7-81dc451654f6,92,,"[22.0, 13.9]",3920389,2,,,,,-0.06869906,,Left Foot,,,,"[43.8, 12.4]",,Ground Pass,21.851545,,,,Karl Brillant Toko Ekambi,3551.0,,,,,1,From Throw In,Darlin Zidane Yongwa Ngameni,32190.0,Left Back,7,Guinea,4892,['c200961e-59e0-4a71-bfe1-b6d4dc04a8af'],13,,,,,,,,,,,,,,,,,Cameroon,2722,00:02:13.610,Pass,
,,,,,,,,,,,,,,,,,1.266696,,,,,,,,,,,60df6ab0-21e5-48d0-9b43-7ba496da6a00,94,,"[43.5, 12.4]",3920389,2,,,,,-2.0441523,,Right Foot,,,,"[37.2, 0.1]",,Ground Pass,13.819551,,Out,,Georges-Kévin Nkoudou Mbida,3639.0,,,,,1,From Throw In,Karl Brillant Toko Ekambi,3551.0,Center Forward,7,Guinea,4892,['55140042-6ad4-464f-9f5d-2903648483eb'],14,,,,,,,,,,,,,,,,,Cameroon,2722,00:02:14.969,Pass,
,,,,,,,,,,,,,,,,,0.508815,,,,,,,,,,,233faf50-b3c9-427e-9ace-e379195697c8,96,,"[79.6, 80.0]",3920389,2,,True,,,-1.6683121,,,,,,"[78.7, 70.8]",,High Pass,9.2439165,,Incomplete,,Mory Konaté,35285.0,,,,Throw-in,1,From Throw In,Antoine Conte,131849.0,Right Back,8,Guinea,4892,"['d9bb47d6-8dd6-497d-964c-46155bd3ca16', '3f448405-b355-4a60-9844-85ae72f52e34']",24,,,,,,,,,,,,,,,,,Guinea,4892,00:02:24.525,Pass,
,,,,,,,,,,,,,,,,,1.269788,,,,,,,,,,,18a192ef-d3da-48a3-a860-d673346dac28,99,,"[73.2, 80.0]",3920389,2,,,,,-0.6127167,,,,,,"[83.3, 72.9]",,Low Pass,12.345849,,,,Mohamed Bayo,8454.0,,,,Throw-in,1,From Throw In,Antoine Conte,131849.0,Right Back,9,Guinea,4892,['59078a14-6003-4d08-8a42-42d7ffec3224'],30,,,,,,,,,,,,,,,,,Guinea,4892,00:02:30.905,Pass,
,,,,,,,,,,,,,,,,,0.897254,,,,,,,,,,,aae60c78-ce3b-4f7e-909d-bd02d26d6f6c,101,,"[83.3, 72.9]",3920389,2,,,,,1.5316007,,Right Foot,,,,"[83.5, 78.0]",,Ground Pass,5.10392,,,,Morgan Guilavogui,47351.0,,,,,1,From Throw In,Mohamed Bayo,8454.0,Center Forward,9,Guinea,4892,['56834801-bbb0-46ca-bc94-5ca679e0c537'],32,,,,,,,,,,,,,,,,,Guinea,4892,00:02:32.175,Pass,
,,,,,,,,,,,,,,,,,2.931757,,,,,,,,,,,1337bb12-c9ac-4952-bc7e-14b3bcb97fcc,103,,"[83.3, 76.9]",3920389,2,,,,,-2.1618292,,Right Foot,,,,"[62.9, 46.5]",,Ground Pass,36.610382,,,,Julian Jeanvier,7360.0,,,,,1,From Throw In,Morgan Guilavogui,47351.0,Right Wing,9,Guinea,4892,['61074e40-a63e-438e-8b20-c677fdb443c6'],33,,,,,,,,,,,,,,,,,Guinea,4892,00:02:33.072,Pass,
,,,,,,,,,,,,,,,,,1.340339,,,,,,,,,,,7b2a75e7-e17d-482e-aeec-0db1e76b9504,105,,"[64.1, 42.5]",3920389,2,,,,,-2.3778362,,Right Foot,,,,"[52.3, 31.2]",,Ground Pass,16.337992,,,,Sekou Oumar Sylla,132711.0,,,,,1,From Throw In,Julian Jeanvier,7360.0,Left Center Back,9,Guinea,4892,['637b0221-9584-45d4-8872-3aefca80b76c'],36,,,,,,,,,,,,,,,,,Guinea,4892,00:02:36.004,Pass,
,,,,,,,,,,,,,,,,,2.963456,,,,,,,,,,,1367c9aa-e00a-40af-86b6-8f138ea5b487,108,,"[49.7, 31.0]",3920389,2,,,,,2.8889487,,Left Foot,,,,"[16.0, 39.7]",,Ground Pass,34.804886,,,,Ibrahim Kone,182573.0,,,,,1,From Throw In,Sekou Oumar Sylla,132711.0,Left Back,9,Guinea,4892,['b4a9c1f3-59f4-4232-a988-e34703ceb61f'],38,,,,,,,,,,,,,,,,,Guinea,4892,00:02:38.794,Pass,
,,,,,,,,,,,,,,,,,5.20937,,,,,,,,,,,6168f007-456e-48bd-ba3e-89e40332f704,112,,"[21.1, 39.7]",3920389,2,,,,,-0.19245976,,Right Foot,,,,"[99.1, 24.5]",,High Pass,79.467224,,Incomplete,,François Kamano,3405.0,,,,,1,From Throw In,Ibrahim Kone,182573.0,Goalkeeper,9,Guinea,4892,"['5df6e15b-9f6e-4cf9-8ba6-4388462bac1a', 'd22626e5-4f55-40a2-96ae-e6348c8e755f', 'd7d27f97-42ca-4041-b857-d3430672e11e']",42,,,,,,,,,,,,,,,,,Guinea,4892,00:02:42.342,Pass,True
,,,,,,,,,,,,,,,,,1.234123,,,,,,,,,,,169d47cf-5ba6-4b22-aa16-917fcbe994f8,117,,"[2.2, 57.9]",3920389,2,,,,,1.452628,,Right Foot,,,,"[4.8, 79.8]",,Ground Pass,22.053799,,Out,,Frank Magri,189348.0,,,,,1,From Throw In,Jean-Charles Castelletto,7426.0,Right Back,9,Guinea,4892,['d2935d40-cd8a-4114-a9ec-09be1b3bd476'],49,,,,,,,,,,,,,,,,,Cameroon,2722,00:02:49.556,Pass,
,,,,,,,,,,,,,,,,,1.500597,,,,,,,,,,,b1fc0e63-6fe3-428a-8d7b-30300b8ab557,119,,"[112.5, 0.1]",3920389,3,,True,,,2.3645976,,,,,,"[106.5, 6.0]",,Low Pass,8.414867,,,,Moriba Kourouma Kourouma,39073.0,,,,Throw-in,1,From Throw In,Sekou Oumar Sylla,132711.0,Left Back,10,Guinea,4892,['99a030dd-3646-42fb-bde4-1908c1ecf2f8'],6,,,,,,,,,,,,,,,,,Guinea,4892,00:03:06.135,Pass,
,,,,,,,,,,,,,,,,,0.172698,,,,,,,,,,,d0f3b1fd-381a-4685-b1af-61dc71c5f362,123,,"[107.0, 6.3]",3920389,3,,,,,-0.2914568,,Left Foot,,,,"[111.0, 5.1]",,Ground Pass,4.1761227,,Incomplete,,Sekou Oumar Sylla,132711.0,,,,,1,From Throw In,Moriba Kourouma Kourouma,39073.0,Left Defensive Midfield,10,Guinea,4892,"['dc33b5a4-9786-4277-9dd2-b5d49242dcd7', 'aba78aa8-aca1-4bfb-8bd1-1d652dd733ed', '66a09386-3c42-481a-b300-977c6ebf8800']",8,,,,,,,,,,,,,,,,,Guinea,4892,00:03:08.898,Pass,True
,,,,,,,,,,,,,,,,,0.88298,,,,,,,,,,,7a96895f-6d11-4b68-9e1c-0570ab8bf814,126,,"[111.5, 0.1]",3920389,3,,,,,2.4713292,,,,,,"[103.3, 6.6]",,Low Pass,10.463747,,,,Moriba Kourouma Kourouma,39073.0,,,,Throw-in,1,From Throw In,Sekou Oumar Sylla,132711.0,Left Back,11,Guinea,4892,['aaf5ac5e-51f8-4de7-818d-5836af4f08dc'],18,,,,,,,,,,,,,,,,,Guinea,4892,00:03:18.895,Pass,
,,,,,,,,,,,,,,,,,1.640669,,,,,,,,,,,c2fd03ea-cfc8-48e4-9053-33e8e422a10d,130,,"[103.3, 7.4]",3920389,3,,,,,-0.22768933,,Right Foot,,,,"[111.5, 5.5]",,Ground Pass,8.417244,,,,Sekou Oumar Sylla,132711.0,,,,,1,From Throw In,Moriba Kourouma Kourouma,39073.0,Left Defensive Midfield,11,Guinea,4892,"['14424e46-bf89-4739-86b7-c6238400520e', '2e438ee5-8bdc-4706-8faa-a3db03824ae2']",20,,,,,,,,,,,,,,,,,Guinea,4892,00:03:20.423,Pass,True
,,,,,,,,,,,,,,,,,0.836135,,,,,,,,,,,477bab79-0707-4027-a6fc-0e9282bfa095,133,,"[111.5, 5.5]",3920389,3,,,,,1.5573442,,Left Foot,,,,"[111.8, 27.8]",,High Pass,22.302017,,Incomplete,,Mohamed Bayo,8454.0,,,,,1,From Throw In,Sekou Oumar Sylla,132711.0,Left Back,11,Guinea,4892,"['ba8dbf58-033d-4efc-bbc6-3b7549734384', '68347050-2f03-4999-bd68-c0aa995cab07']",22,,,,,,,,,,,,,,,,,Guinea,4892,00:03:22.212,Pass,
,,,,,,,,,,,,,,,,,2.822133,,,,,,,,,,,934a8610-9b52-4866-8550-7ec966b9f4ad,138,,"[16.9, 72.8]",3920389,3,,True,,,0.06132651,,Right Foot,,,,"[28.3, 73.5]",,Ground Pass,11.421471,,,,Jean-Charles Castelletto,7426.0,,,,Free Kick,1,From Free Kick,Christopher Wooh,74588.0,Right Center Back,12,Cameroon,2722,['9a8aef57-3e41-474f-9412-aae79bf9e239'],47,,,,,,,,,,,,,,,,,Cameroon,2722,00:03:47.508,Pass,
,,,,,,,,,,,,,,,,,1.615111,,,,,,,,,,,5571562d-caf6-43cc-b54a-945186b1323a,140,,"[39.4, 73.5]",3920389,3,,,,,-2.4162724,,Right Foot,,,,"[25.3, 61.0]",,Ground Pass,18.843037,,,,Christopher Wooh,74588.0,,,,,1,From Free Kick,Jean-Charles Castelletto,7426.0,Right Back,12,Cameroon,2722,['de0b3a1e-b433-4f55-a88c-3596218cdef3'],52,,,,,,,,,,,,,,,,,Cameroon,2722,00:03:52.580,Pass,
,,,,,,,,,,,,,,,,,1.739221,,,,,,,,,,,b9ced398-683b-4b55-866d-30fb2629ed80,143,,"[24.8, 56.6]",3920389,3,,,,,-1.4756645,,Right Foot,,,,"[27.3, 30.4]",,Ground Pass,26.319004,,,,Harold Moukoudi,7386.0,,,,,1,From Free Kick,Christopher Wooh,74588.0,Right Center Back,12,Cameroon,2722,['27c15888-2969-477e-89a9-097be01d7d94'],54,,,,,,,,,,,,,,,,,Cameroon,2722,00:03:54.796,Pass,
,,,,,,,,,,,,,,,,,1.340504,,,,,,,,,,,d12f6696-66fc-4038-8e6a-fe72d43d3972,146,,"[30.2, 22.9]",3920389,3,,,,,-0.9780014,,Right Foot,,,,"[39.9, 8.5]",,Ground Pass,17.362316,,,,Darlin Zidane Yongwa Ngameni,32190.0,,,,,1,From Free Kick,Harold Moukoudi,7386.0,Left Center Back,12,Cameroon,2722,['404b2515-bb8a-4f53-bb30-4264fb1dd277'],57,,,,,,,,,,,,,,,,,Cameroon,2722,00:03:57.617,Pass,
,,,,,,,,,,,,,,,,,2.244959,,,,,,,,,,,daf79a89-53d5-4968-a66b-3e9b9a6ea45a,150,,"[33.2, 7.7]",3920389,4,,,,,2.561963,,Right Foot,,,,"[13.8, 20.4]",,Ground Pass,23.18728,,,,Harold Moukoudi,7386.0,,,,,1,From Free Kick,Darlin Zidane Yongwa Ngameni,32190.0,Left Back,12,Cameroon,2722,"['dbb1817a-93c9-4776-b044-38b6e9671d4c', '95eb2e63-4254-461d-9ac0-7fff96622b7d']",0,,,,,,,,,,,,,,,,,Cameroon,2722,00:04:00.816,Pass,True
,,,,,,,,,,,,,,,,,1.600115,,,,,,,,,,,ecc1103e-68d7-4151-9040-93bfbcc19ef3,153,,"[12.2, 21.0]",3920389,4,,,,,1.9100889,,Right Foot,,,,"[6.2, 38.0]",,Ground Pass,18.027756,,,,Joseph Fabrice Ondoa Ebogo,24670.0,,,,,1,From Free Kick,Harold Moukoudi,7386.0,Left Center Back,12,Cameroon,2722,['9f4cde09-2c8d-4929-aca5-db030b87f529'],3,,,,,,,,,,,,,,,,,Cameroon,2722,00:04:03.694,Pass,
,,,,,,,,,,,,,,,,,1.63525,,,,,,,,,,,554ffa2a-28de-4d98-b83c-9ae17179ae17,156,,"[9.7, 39.0]",3920389,4,,,,,-1.4431752,,Right Foot,,,,"[12.6, 16.4]",,Ground Pass,22.785303,,,,Harold Moukoudi,7386.0,,,,,1,From Free Kick,Joseph Fabrice Ondoa Ebogo,24670.0,Goalkeeper,12,Cameroon,2722,['0a767f14-24fa-4ada-bd84-6f88acc12aa3'],12,,,,,,,,,,,,,,,,,Cameroon,2722,00:04:12.188,Pass,
,,,,,,,,,,,,,,,,,2.760011,,,,,,,,,,,e0f592d5-707d-4eff-b620-8b2f8072f796,159,,"[14.8, 7.0]",3920389,4,,,,,0.0,,Left Foot,,,,"[52.7, 7.0]",,High Pass,37.9,,,,Georges-Kévin Nkoudou Mbida,3639.0,,,,,1,From Free Kick,Harold Moukoudi,7386.0,Left Center Back,12,Cameroon,2722,['73439fea-51db-4d7e-8a1d-a09bf7a42cdd'],16,,,,,,,,,,,,,,,,,Cameroon,2722,00:04:16.661,Pass,
,,,,,,,,,,,,,,,,,1.713192,,,,,,,,,,,a7e0cef2-befe-4039-bc89-1e0ed739952a,165,,"[49.7, 7.5]",3920389,4,,True,,,2.3640683,,Right Foot,,,,"[36.9, 20.1]",,Ground Pass,17.96107,,,,Harold Moukoudi,7386.0,,,,Free Kick,1,From Free Kick,Darlin Zidane Yongwa Ngameni,32190.0,Left Back,13,Cameroon,2722,['3a68c054-7736-4241-a19e-ebceb41564dd'],42,,,,,,,,,,,,,,,,,Cameroon,2722,00:04:42.076,Pass,
,,,,,,,,,,,,,,,,,1.867194,,,,,,,,,,,625c510e-ab6c-4098-8cb5-12321602184b,167,,"[37.8, 24.0]",3920389,4,,,,,1.4919534,,Right Foot,,,,"[41.3, 68.3]",,Ground Pass,44.438046,,,,Christopher Wooh,74588.0,,True,,,1,From Free Kick,Harold Moukoudi,7386.0,Left Center Back,13,Cameroon,2722,['735e095e-f770-478e-8020-ee9cab0a8929'],44,,,,,,,,,,,,,,,,,Cameroon,2722,00:04:44.161,Pass,
,,,,,,,,,,,,,,,,,1.056361,,,,,,,,,,,4be9dbf1-a28b-4638-bd5a-6f240e6894ed,170,,"[50.3, 68.7]",3920389,4,,,,,-2.1527014,,Right Foot,,,,"[42.8, 57.3]",,Ground Pass,13.645879,,,,Olivier Michel Kemen,7355.0,,,,,1,From Free Kick,Christopher Wooh,74588.0,Right Center Back,13,Cameroon,2722,['870ffbbd-9fd9-4b11-86e6-693e579bab2c'],49,,,,,,,,,,,,,,,,,Cameroon,2722,00:04:49.145,Pass,
,,,,,,,,,,,,,,,,,1.956428,,,,,,,,,,,bbbb29c3-5b35-43bd-8457-3b1231066155,173,,"[44.9, 52.3]",3920389,4,,,,,-1.4292319,,Right Foot,,,,"[50.9, 10.2]",,Ground Pass,42.525406,,,,Darlin Zidane Yongwa Ngameni,32190.0,,True,,,1,From Free Kick,Olivier Michel Kemen,7355.0,Center Defensive Midfield,13,Cameroon,2722,['230a0244-4c1f-420b-90e7-8180041bd298'],51,,,,,,,,,,,,,,,,,Cameroon,2722,00:04:51.876,Pass,
,,,,,,,,,,,,,,,,,1.34003,,,,,,,,,,,1100d7be-318d-46ce-a0d1-bb5d25bf617b,176,,"[52.4, 6.7]",3920389,4,,,,,-0.32351422,,Right Foot,,,,"[69.4, 1.0]",,Ground Pass,17.930141,,,,Georges-Kévin Nkoudou Mbida,3639.0,,,,,1,From Free Kick,Darlin Zidane Yongwa Ngameni,32190.0,Left Back,13,Cameroon,2722,['6200fe07-7a40-4c2b-a9f6-db8d503407f6'],55,,,,,,,,,,,,,,,,,Cameroon,2722,00:04:55.162,Pass,
,,,,,,,,,,,,,,,,,1.354358,,,,,,,,,,,85b46654-5c6b-4ef9-b78e-d04eb3f6b7a0,180,,"[50.1, 80.0]",3920389,5,,True,,,-0.6149374,,,,,,"[64.4, 69.9]",,High Pass,17.507141,,,,Moriba Kourouma Kourouma,39073.0,,,,Throw-in,1,From Throw In,Antoine Conte,131849.0,Right Back,14,Guinea,4892,['693bbd09-0aab-4d1d-9173-29b943ca0039'],4,,,,,,,,,,,,,,,,,Guinea,4892,00:05:04.467,Pass,
,,,,,,,,,,,,,,,,,4.100153,,,,,,,,,,,17d3da4b-787c-4689-a020-f0d02af174ef,182,,"[64.4, 69.9]",3920389,5,,,,,0.22367129,,Right Foot,,,,"[108.8, 80.0]",,High Pass,45.53427,,Out,,Mohamed Bayo,8454.0,,,,,1,From Throw In,Moriba Kourouma Kourouma,39073.0,Left Defensive Midfield,14,Guinea,4892,['e3d22994-a4cd-4e80-84fd-cb73f5655e43'],5,,,,,,,,,,,,,,,,,Guinea,4892,00:05:05.954,Pass,
,,,,,,,,,,,,,,,,,0.847789,,,,,,,,,,,f38afab1-4d02-48fc-9dca-fbc3ab109f34,184,,"[11.1, 0.1]",3920389,5,,,,,0.61072594,,,,,,"[16.1, 3.6]",,Low Pass,6.1032777,,,,Georges-Kévin Nkoudou Mbida,3639.0,,,,Throw-in,1,From Throw In,Darlin Zidane Yongwa Ngameni,32190.0,Left Back,15,Cameroon,2722,['95fd0326-2491-4114-aa6d-8eabea82a77b'],24,,,,,,,,,,,,,,,,,Cameroon,2722,00:05:24.732,Pass,
,,,,,,,,,,,,,,,,,1.662231,,,,,,,,,,,2bcbb533-9291-442d-b14a-27cfce113b95,186,,"[16.8, 3.6]",3920389,5,,,,,-2.860755,,Right Foot,,,,"[11.6, 2.1]",,Ground Pass,5.4120235,,Incomplete,,Darlin Zidane Yongwa Ngameni,32190.0,,,,,1,From Throw In,Georges-Kévin Nkoudou Mbida,3639.0,Left Wing,15,Cameroon,2722,"['01fb1f07-f592-4a92-80a3-eac9b587c5f7', 'f22c9304-8e7f-483b-879c-7c2680aec95a']",25,,,,,,,,,,,,,,,,,Cameroon,2722,00:05:25.580,Pass,
,,,,,,,,,,,,,,,,,1.276156,,,,,,,,,,,eb3d874d-0b24-4d65-b193-b7fa730f4820,191,,"[106.8, 78.9]",3920389,6,,,,,-1.5082002,c5f4a330-aeb5-47d7-b13b-f79d9a784346,Right Foot,True,,,"[109.0, 43.8]",,High Pass,35.168877,,,,Mouctar Diakhaby,4267.0,True,,,Free Kick,1,From Free Kick,Moriba Kourouma Kourouma,39073.0,Left Defensive Midfield,16,Guinea,4892,['15aab0a0-1d42-40fa-85b8-187dac80f921'],43,,,,,,,,,,,,,,,,,Guinea,4892,00:06:43.221,Pass,
,,,,,,,,,,,,,,,,,1.415882,,,,,,,,,,,0f6eadb0-7205-4ae0-acae-6e61340d88ef,196,,"[6.0, 35.1]",3920389,7,,True,,,-1.5534068,,Right Foot,,,,"[6.4, 12.1]",,Ground Pass,23.003477,,,,Harold Moukoudi,7386.0,,,,Goal Kick,1,From Goal Kick,Joseph Fabrice Ondoa Ebogo,24670.0,Goalkeeper,17,Cameroon,2722,['292babed-9b51-407e-9ccb-d826656f6ca8'],7,,,,,,,,,,,,,,,,,Cameroon,2722,00:07:07.744,Pass,
,,,,,,,,,,,,,,,,,2.225192,,,,,,,,,,,8d23f703-41db-4bcf-af13-c8bd01a75d4e,198,,"[6.4, 13.1]",3920389,7,,,,,0.18025438,,Right Foot,,,,"[50.3, 21.1]",,High Pass,44.622974,,,,Georges-Kévin Nkoudou Mbida,3639.0,,,,,1,From Goal Kick,Harold Moukoudi,7386.0,Left Center Back,17,Cameroon,2722,['e716603c-753e-4b57-892d-ef2f0dc2e0ca'],9,,,,,,,,,,,,,,,,,Cameroon,2722,00:07:09.729,Pass,
,,,,,,,,,,,,,,,,,1.306286,,,,,,,,,,,a8f05b97-921f-4f2f-8fd7-70efd1b134e0,200,,"[49.9, 22.6]",3920389,7,,,,,1.4585935,,Head,,,,"[50.7, 29.7]",,High Pass,7.1449285,,,,Jules Olivier Ntcham,10530.0,,,,,1,From Goal Kick,Georges-Kévin Nkoudou Mbida,3639.0,Left Wing,17,Cameroon,2722,['2079fc22-234f-4bfe-a4d0-e04909b994f0'],12,,,,,,,,,,,,,,,,,Cameroon,2722,00:07:12.132,Pass,
,,,,,,,,,,,,,,,,,2.133297,,,,,,,,,,,1d383040-0e7c-46ca-8e3e-5272370ee6d5,204,,"[67.2, 40.9]",3920389,7,,,,,0.8488721,,Right Foot,,,,"[89.3, 66.0]",,Ground Pass,33.442787,,,,Frank Magri,189348.0,,,,,1,From Goal Kick,Jules Olivier Ntcham,10530.0,Right Center Midfield,17,Cameroon,2722,"['45733d67-8f69-43f5-91a6-c36914b3d0bc', '925bfa93-3cb6-4ba0-8f83-fd177120d114']",15,,,,,,,,,,,,,,,,,Cameroon,2722,00:07:15.741,Pass,True
,,,,,,,,,,,,,,,,,0.189921,,,,,,,,,,,74614f3a-275a-4b0c-8ea2-f4bc1576eeae,207,,"[93.4, 66.3]",3920389,7,,,,,-0.68726873,,Right Foot,,,,"[104.0, 57.6]",,High Pass,13.713133,,Incomplete,,Karl Brillant Toko Ekambi,3551.0,,,,,1,From Goal Kick,Frank Magri,189348.0,Right Wing,17,Cameroon,2722,"['c4c9fd66-076d-4c0f-b866-dec724b8d10b', '94d58443-e577-4982-8eed-eebd84264a6e']",19,,,,,,,,,,,,,,,,,Cameroon,2722,00:07:19.472,Pass,
,,,,,,,,,,,,,,,,,2.797501,,,,,,,,,,,05e9afd4-8eae-4c00-9f22-482ea1032366,212,,"[14.2, 35.4]",3920389,7,,,,,0.7335416,,Right Foot,,,,"[59.8, 76.5]",,High Pass,61.38868,,,,Morgan Guilavogui,47351.0,,True,,,1,Regular Play,Ibrahim Kone,182573.0,Goalkeeper,18,Guinea,4892,['1ae2cd21-79fb-4e49-8903-0922e26d210f'],41,,,,,,,,,,,,,,,,,Guinea,4892,00:07:41.130,Pass,
,,,,,,,,,,,,,,,,,1.459296,,,,,,,,,,,d6f224a4-d5d3-4f27-91a0-3d7b466c2d04,214,,"[62.2, 75.1]",3920389,7,,,,,-0.6240231,,Head,,,,"[69.7, 69.7]",,High Pass,9.241753,,,,Aguibou Camara,39559.0,,,,,1,Regular Play,Morgan Guilavogui,47351.0,Right Wing,18,Guinea,4892,['09a657b5-38e4-45d6-ada8-194586f89421'],43,,,,,,,,,,,,,,,,,Guinea,4892,00:07:43.927,Pass,
,,,,,,,,,,,,,,,,,0.856533,,,,,,,,,,,a842fe55-5230-43e7-b514-da153a3a5cb4,218,,"[71.2, 69.9]",3920389,7,,,,,2.4416997,,Other,,,,"[67.4, 73.1]",,Low Pass,4.967897,,,,Morgan Guilavogui,47351.0,,,,,1,Regular Play,Aguibou Camara,39559.0,Center Attacking Midfield,18,Guinea,4892,"['8caa752c-95b7-46d3-9a41-dce80bbe3af0', '9eac494e-380c-4fe0-93d3-a2c45db8f011']",45,,,,,,,,,,,,,,,,,Guinea,4892,00:07:45.446,Pass,True
,,,,,,,,,,,,,,,,,2.076604,,,,,,,,,,,0e1addda-02f7-45d4-8999-6bba221c3943,221,,"[80.7, 60.9]",3920389,7,,,,,-1.9614034,,Right Foot,,,,"[73.7, 43.9]",,Ground Pass,18.384777,,,,Mory Konaté,35285.0,,,,,1,Regular Play,Morgan Guilavogui,47351.0,Right Wing,18,Guinea,4892,['bbea3905-90b8-4315-92a2-5fc396d81f97'],48,,,,,,,,,,,,,,,,,Guinea,4892,00:07:48.219,Pass,
,,,,,,,,,,,,,,,,,1.118059,,,,,,,,,,,bed40d4a-f017-46ee-8d75-18ae95d42759,224,,"[77.3, 43.9]",3920389,7,,,,,-1.2969047,,Right Foot,,,,"[83.2, 22.9]",,Ground Pass,21.81307,,,,Sekou Oumar Sylla,132711.0,,,,,1,Regular Play,Mory Konaté,35285.0,Right Defensive Midfield,18,Guinea,4892,['714078c5-eb42-47da-88b6-77bdbb0f74a1'],51,,,,,,,,,,,,,,,,,Guinea,4892,00:07:51.083,Pass,
,,,,,,,,,,,,,,,,,1.646773,,,,,,,,,,,34681c6e-b40b-44ad-9f0d-957795a2a861,227,,"[83.0, 25.9]",3920389,7,,,,,-1.1430614,,Left Foot,,,,"[92.3, 5.5]",,Ground Pass,22.419857,,,,François Kamano,3405.0,,,,,1,Regular Play,Sekou Oumar Sylla,132711.0,Left Back,18,Guinea,4892,['0d8ce2d0-ea29-4d3e-8b38-bfcb0a39fbf4'],52,,,,,,,,,,,,,,,,,Guinea,4892,00:07:52.924,Pass,
,,,,,,,,,,,,,,,,,1.816873,,,,,,,,,,,af5bb084-62b2-4aa8-b784-704fcd4f5e56,230,,"[118.6, 7.6]",3920389,7,,,,,1.5995654,,Left Foot,True,,,"[117.8, 35.4]",,Ground Pass,27.811508,,Incomplete,,Mohamed Bayo,8454.0,,,,,1,Regular Play,François Kamano,3405.0,Left Wing,18,Guinea,4892,"['d9e62906-65b3-462c-848f-881c40743e48', 'd89c3580-a351-43c0-8a93-d7a0882ca3b5']",58,,,,,,,,,,,,,,,,,Guinea,4892,00:07:58.716,Pass,
,,,,,,,,,,,,,,,,,1.695954,,,,,,,,,,,54a64925-787d-4632-933a-8e57c06cb979,234,,"[10.7, 32.2]",3920389,8,,,,,-1.2860659,,Keeper Arm,,,,"[13.1, 24.0]",,Ground Pass,8.5440035,,,,Harold Moukoudi,7386.0,,,,,1,Regular Play,Joseph Fabrice Ondoa Ebogo,24670.0,Goalkeeper,19,Cameroon,2722,['9e70a122-147c-4f58-aefa-a9a0c484d727'],11,,,,,,,,,,,,,,,,,Cameroon,2722,00:08:11.404,Pass,
,,,,,,,,,,,,,,,,,1.347047,,,,,,,,,,,d82e4690-ab2f-472e-a1af-ee22c3bceaba,237,,"[14.8, 32.2]",3920389,8,,,,,1.6388727,,Right Foot,,,,"[13.3, 54.2]",,Ground Pass,22.051077,,,,Christopher Wooh,74588.0,,,,,1,Regular Play,Harold Moukoudi,7386.0,Left Center Back,19,Cameroon,2722,['1e9de0bc-1623-4a6f-92fc-2042085ad7e6'],15,,,,,,,,,,,,,,,,,Cameroon,2722,00:08:15.291,Pass,
,,,,,,,,,,,,,,,,,1.615427,,,,,,,,,,,95678085-96aa-46c5-a18e-686bb9e73ffc,240,,"[15.8, 54.5]",3920389,8,,,,,-1.6337383,,Right Foot,,,,"[14.3, 30.7]",,Ground Pass,23.847221,,,,Harold Moukoudi,7386.0,,,,,1,Regular Play,Christopher Wooh,74588.0,Right Center Back,19,Cameroon,2722,['b246c674-5189-449a-9a28-051f86069965'],18,,,,,,,,,,,,,,,,,Cameroon,2722,00:08:18.786,Pass,
,,,,,,,,,,,,,,,,,2.620011,,,,,,,,,,,9773874e-4753-4070-9214-64f7b4e109a9,243,,"[18.1, 30.4]",3920389,8,,,,,-1.0661694,,Right Foot,,,,"[27.6, 13.2]",,Ground Pass,19.649174,,,,André-Frank Zambo Anguissa,3141.0,,,,,1,Regular Play,Harold Moukoudi,7386.0,Left Center Back,19,Cameroon,2722,['a474c33a-b46c-4940-ba75-0d556a95d563'],22,,,,,,,,,,,,,,,,,Cameroon,2722,00:08:22.333,Pass,
,,,,,,,,,,,,,,,,,1.590723,,,,,,,,,,,c7991ffa-8d91-4b0f-b747-dcf68838e23b,246,,"[26.9, 15.0]",3920389,8,,,,,2.0576956,,Right Foot,,,,"[19.7, 28.6]",,Ground Pass,15.388308,,,,Harold Moukoudi,7386.0,,,,,1,Regular Play,André-Frank Zambo Anguissa,3141.0,Left Center Midfield,19,Cameroon,2722,['db6e91f2-8c22-4801-aa45-12f86a19e460'],26,,,,,,,,,,,,,,,,,Cameroon,2722,00:08:26.852,Pass,
,,,,,,,,,,,,,,,,,2.381585,,,,,,,,,,,1384ce45-7ecf-4df0-8438-ed7cd7bfb25e,249,,"[30.2, 32.2]",3920389,8,,,,,1.2668766,,Right Foot,,,,"[37.1, 54.2]",,Ground Pass,23.05667,,,,Christopher Wooh,74588.0,,,,,1,Regular Play,Harold Moukoudi,7386.0,Left Center Back,19,Cameroon,2722,['e3e207ee-a5fb-4a83-ae14-43691cf953bc'],32,,,,,,,,,,,,,,,,,Cameroon,2722,00:08:32.918,Pass,
,,,,,,,,,,,,,,,,,0.723696,,,,,,,,,,,b1257418-06c3-49f3-bce4-f9e131adf960,252,,"[60.8, 63.3]",3920389,8,,,,,-0.08673834,,Right Foot,,,,"[72.3, 62.3]",,Ground Pass,11.543396,,,,Frank Magri,189348.0,,,,,1,Regular Play,Christopher Wooh,74588.0,Right Center Back,19,Cameroon,2722,['7c5ac973-1737-4f29-bc3b-68e1b1d8856b'],38,,,,,,,,,,,,,,,,,Cameroon,2722,00:08:38.347,Pass,
,,,,,,,,,,,,,,,,,0.183428,,,,,,,,,,,a09ee1b1-69a3-441c-ad76-51df520c9e9a,255,,"[72.3, 62.3]",3920389,8,,,,,1.4801364,,Right Foot,,,,"[72.8, 67.8]",,Ground Pass,5.5226803,,Incomplete,,Jean-Charles Castelletto,7426.0,,,,,1,Regular Play,Frank Magri,189348.0,Right Wing,19,Cameroon,2722,"['b8d10ee4-789e-4b75-a21c-8ebbd8c87d6e', '17442369-f777-4478-90d1-ec5eb759b6e1']",39,,,,,,,,,,,,,,,,,Cameroon,2722,00:08:39.130,Pass,
,,,,,,,,,,,,,,,,,0.159941,,,,,,,,,,,05fcef37-c011-493a-af0c-556bf63ade9f,258,,"[48.6, 18.9]",3920389,8,,,,,0.2758059,,Right Foot,,,,"[53.9, 20.4]",,Ground Pass,5.508176,,Incomplete,,Mohamed Bayo,8454.0,,,,Recovery,1,Regular Play,Moriba Kourouma Kourouma,39073.0,Left Defensive Midfield,19,Cameroon,2722,"['2324f1c1-9379-47b8-ab20-a36bd4deb68d', 'bf44fa2c-5f74-40eb-8b35-42b030574ecd']",40,,,,,,,,,,,,,,,,,Guinea,4892,00:08:40.525,Pass,
,,,,,,,,,,,,,,,,,1.383413,,,,,,,,,,,33580f7a-ba52-4098-aae9-68584a732be7,263,,"[49.4, 10.5]",3920389,8,,,,,-0.15499674,,Left Foot,,,,"[65.4, 8.0]",,Ground Pass,16.194136,,,,François Kamano,3405.0,,,,,1,Regular Play,Sekou Oumar Sylla,132711.0,Left Back,19,Cameroon,2722,['cb3f35c2-028f-4c70-b6e3-c570f1aeda97'],42,,,,,,,,,,,,,,,,,Guinea,4892,00:08:42.114,Pass,
,,,,,,,,,,,,,,,,,4.864729,,,,,,,,,,,2d724ec4-2a92-45fb-86fe-a95adc164fbb,272,,"[22.2, 65.3]",3920389,8,,,,,-0.20042484,,Right Foot,,,,"[79.3, 53.7]",,High Pass,58.266373,,Incomplete,,Karl Brillant Toko Ekambi,3551.0,,,,,1,Regular Play,Christopher Wooh,74588.0,Right Center Back,19,Cameroon,2722,"['4c71c8d0-3bc8-40d5-8dff-ff5cabaadf7c', '8cc14155-6409-44fc-86af-64ceb32ad89f']",51,,,,,,,,,,,,,,,,,Cameroon,2722,00:08:51.346,Pass,
,,,,,,,,,,,,,,,,,1.120304,,,,,,,,,,,08715720-bb8a-4854-833f-5ec51792d6ea,276,,"[41.1, 27.4]",3920389,8,,,,,0.85034734,,Right Foot,,,,"[52.6, 40.5]",,Ground Pass,17.43158,,,,Mory Konaté,35285.0,,,,,1,Regular Play,Mouctar Diakhaby,4267.0,Right Center Back,20,Guinea,4892,['b458cdb0-c4be-436a-b47b-bb3e7e180fa0'],56,,,,,,,,,,,,,,,,,Guinea,4892,00:08:56.993,Pass,
,,,,,,,,,,,,,,,,,0.987894,,,,,,,,,,,b347ab2a-bda0-4891-b72d-ac2bfb43dd6b,279,,"[52.6, 39.2]",3920389,8,,,,,0.9455274,,Right Foot,,,,"[64.8, 56.1]",,Ground Pass,20.843464,,,,Morgan Guilavogui,47351.0,,,,,1,Regular Play,Mory Konaté,35285.0,Right Defensive Midfield,20,Guinea,4892,['4c169ea4-6f80-4a81-aeae-800df8c4b8d8'],58,,,,,,,,,,,,,,,,,Guinea,4892,00:08:58.975,Pass,
,,,,,,,,,,,,,,,,,0.864768,,,,,,,,,,,9a48bafa-cbb0-4580-8b5e-973d787a7c17,282,,"[63.7, 55.5]",3920389,8,,,,,-0.68662155,,Right Foot,,,,"[69.8, 50.5]",,Ground Pass,7.8873315,,,,Aguibou Camara,39559.0,,,,,1,Regular Play,Morgan Guilavogui,47351.0,Right Wing,20,Guinea,4892,"['e68ea284-f225-4216-a5c9-f3578f9b721f', 'cb51dc7f-3d9d-43c3-928d-6c3342b1d484']",59,,,,,,,,,,,,,,,,,Guinea,4892,00:08:59.963,Pass,True
,,,,,,,,,,,,,,,,,1.571443,,,,,,,,,,,eeedb0da-4f84-4879-b7a6-37c48fea7cca,285,,"[71.3, 50.5]",3920389,9,,,,,0.9800837,,Right Foot,,,,"[77.0, 59.0]",,Ground Pass,10.234256,,,,Morgan Guilavogui,47351.0,,,,,1,Regular Play,Aguibou Camara,39559.0,Center Attacking Midfield,20,Guinea,4892,['755ad45c-4ad7-47cf-ab77-7e96cdf1cada'],0,,,,,,,,,,,,,,,,,Guinea,4892,00:09:00.897,Pass,
,,,,,,,,,,,,,,,,,1.683865,,,,,,,,,,,289d5bc4-3a26-427b-a4ad-ab1a3922c013,291,,"[44.6, 17.9]",3920389,9,,,,,-0.6435011,,Right Foot,,,,"[61.8, 5.0]",,Ground Pass,21.5,,Incomplete,,Georges-Kévin Nkoudou Mbida,3639.0,,,,,1,Regular Play,Harold Moukoudi,7386.0,Left Center Back,20,Guinea,4892,"['d92ae046-ea47-4c2a-a60f-a5fa18875901', '4c34c595-abc3-41d1-911f-79ccafb07e77']",4,,,,,,,,,,,,,,,,,Cameroon,2722,00:09:04.002,Pass,
,,,,,,,,,,,,,,,,,1.549887,,,,,,,,,,,9816f4bc-8237-4b50-96fd-d9782050ba00,295,,"[71.5, 76.5]",3920389,9,,,,,-0.55358994,ac636a2c-39d0-4fc5-95bb-ab1237fbb740,Right Foot,,,,"[100.3, 58.7]",,Low Pass,33.85676,,,,Mohamed Bayo,8454.0,True,,,,1,Regular Play,Antoine Conte,131849.0,Right Back,20,Guinea,4892,['ce6ab32f-09b0-4185-aea4-dbd582a0b91d'],7,,,,,,,,,,,,,,,,,Guinea,4892,00:09:07.537,Pass,
,,,,,,,,,,,,,,,,,1.623048,,,,,,,,,,,22d62595-2401-49f6-b38d-4e822500803f,316,,"[60.0, 40.0]",3920389,11,,,,,3.0841846,,Right Foot,,,,"[51.3, 40.5]",,Ground Pass,8.714356,,,,Olivier Michel Kemen,7355.0,,,,Kick Off,1,From Kick Off,Karl Brillant Toko Ekambi,3551.0,Center Forward,21,Cameroon,2722,['43048342-15dd-478f-983c-cbfa919b39fd'],13,,,,,,,,,,,,,,,,,Cameroon,2722,00:11:13.003,Pass,
,,,,,,,,,,,,,,,,,1.64885,,,,,,,,,,,34e40c30-d2d9-4946-8bf8-e10be7e38acc,319,,"[50.9, 40.0]",3920389,11,,,,,1.7811605,,Right Foot,,,,"[44.9, 68.1]",,Ground Pass,28.73343,,,,Jean-Charles Castelletto,7426.0,,,,,1,From Kick Off,Olivier Michel Kemen,7355.0,Center Defensive Midfield,21,Cameroon,2722,['ea16e621-b217-4998-9c0d-3ca434bfaf14'],15,,,,,,,,,,,,,,,,,Cameroon,2722,00:11:15.297,Pass,
,,,,,,,,,,,,,,,,,1.257629,,,,,,,,,,,73cc79c5-ba9d-4175-a28b-be41726996da,322,,"[46.1, 69.6]",3920389,11,,,,,0.25255427,,Right Foot,,,,"[64.7, 74.4]",,Ground Pass,19.209373,,,,Frank Magri,189348.0,,,,,1,From Kick Off,Jean-Charles Castelletto,7426.0,Right Back,21,Cameroon,2722,['70c9a0d1-cf31-420e-913b-661fd85294b1'],17,,,,,,,,,,,,,,,,,Cameroon,2722,00:11:17.720,Pass,
,,,,,,,,,,,,,,,,,1.71121,,,,,,,,,,,48a95f76-1e8b-4a23-a921-be5c1a3d8e74,325,,"[57.0, 72.8]",3920389,11,,,,,-3.1251106,,Right Foot,,,,"[38.8, 72.5]",,Ground Pass,18.202473,,,,Jean-Charles Castelletto,7426.0,,,,,1,From Kick Off,Frank Magri,189348.0,Right Wing,21,Cameroon,2722,['059eb48e-523b-4fd4-b635-7882aa5768ed'],21,,,,,,,,,,,,,,,,,Cameroon,2722,00:11:21.070,Pass,
,,,,,,,,,,,,,,,,,1.599751,,,,,,,,,,,281d8a1a-22d0-4abe-aaf0-b16482d19ade,328,,"[38.8, 69.2]",3920389,11,,,,,-2.3209977,,Right Foot,,,,"[25.1, 54.5]",,Ground Pass,20.094278,,,,Christopher Wooh,74588.0,,,,,1,From Kick Off,Jean-Charles Castelletto,7426.0,Right Back,21,Cameroon,2722,['5703c99e-df96-4fd4-891f-fa5c27320faa'],23,,,,,,,,,,,,,,,,,Cameroon,2722,00:11:23.313,Pass,
,,,,,,,,,,,,,,,,,1.71076,,,,,,,,,,,000238d9-2d31-4d71-b741-c4c5097c73ec,331,,"[27.3, 51.8]",3920389,11,,,,,-1.5335002,,Right Foot,,,,"[28.3, 25.0]",,Ground Pass,26.81865,,,,Harold Moukoudi,7386.0,,,,,1,From Kick Off,Christopher Wooh,74588.0,Right Center Back,21,Cameroon,2722,['49549cf9-91c0-4b0c-9d50-f19e6dc7202d'],26,,,,,,,,,,,,,,,,,Cameroon,2722,00:11:26.174,Pass,
,,,,,,,,,,,,,,,,,2.182111,,,,,,,,,,,c0fd0aab-0745-4e8c-b576-a8230e543824,334,,"[29.8, 26.1]",3920389,11,,,,,1.4204909,,Right Foot,,,,"[36.6, 71.0]",,High Pass,45.412003,,,,Jean-Charles Castelletto,7426.0,,True,,,1,From Kick Off,Harold Moukoudi,7386.0,Left Center Back,21,Cameroon,2722,['bb0b48dc-c541-415d-97ae-704f87ebc307'],30,,,,,,,,,,,,,,,,,Cameroon,2722,00:11:30.033,Pass,
,,,,,,,,,,,,,,,,,1.450093,,,,,,,,,,,257b9b42-ae8f-4cbd-bd62-289fd5bfc39f,337,,"[38.1, 73.7]",3920389,11,,,,,0.19305405,,Right Foot,,,,"[51.4, 76.3]",,Ground Pass,13.551753,,,,Frank Magri,189348.0,,,,,1,From Kick Off,Jean-Charles Castelletto,7426.0,Right Back,21,Cameroon,2722,['ffbee8fa-7aa6-4490-b8e3-71119c01c57d'],34,,,,,,,,,,,,,,,,,Cameroon,2722,00:11:34.086,Pass,
,,,,,,,,,,,,,,,,,1.347533,,,,,,,,,,,f534bd06-89f4-4182-b7c7-e51f3ae41c97,341,,"[79.4, 77.5]",3920389,11,,,,,-1.0021235,,Right Foot,,,,"[87.9, 64.2]",,Ground Pass,15.784169,,,,Jules Olivier Ntcham,10530.0,,,,,1,From Kick Off,Frank Magri,189348.0,Right Wing,21,Cameroon,2722,"['ce3489c2-5c87-4a40-91f7-c453fae24de3', '4322fc33-24fe-41e9-8da8-4bae377521db']",38,,,,,,,,,,,,,,,,,Cameroon,2722,00:11:38.375,Pass,True
,,,,,,,,,,,,,,,,,1.739082,,,,,,,,,,,f7c991de-7ee9-4abe-9f8f-22e590a01ce2,347,,"[91.4, 62.7]",3920389,12,,,,,-0.8826052,6ce47aa9-b0c8-4901-b3f7-c911cb4837bf,Right Foot,True,,,"[115.0, 34.0]",,High Pass,37.1571,,,,André-Frank Zambo Anguissa,3141.0,True,,,Free Kick,1,From Free Kick,Georges-Kévin Nkoudou Mbida,3639.0,Left Wing,22,Cameroon,2722,['d337be0a-9132-48fb-a039-fcf87cc72561'],29,,,,,,,,,,,,,,,,,Cameroon,2722,00:12:29.597,Pass,
,,,,,,,,,,,,,,,,,3.135289,,,,,,,,,,,9e96dcd6-7687-44a6-83c6-c0478a8740b7,351,,"[7.0, 42.6]",3920389,12,,True,,,0.3654843,,Right Foot,,,,"[70.5, 66.9]",,High Pass,67.99074,,Incomplete,,Morgan Guilavogui,47351.0,,,,Goal Kick,1,From Goal Kick,Ibrahim Kone,182573.0,Goalkeeper,23,Guinea,4892,"['d703e81d-cf12-4ad1-82e2-c6535bf2b30c', '9b5812e1-ab8b-4abc-a0fa-6ea65015e306']",59,,,,,,,,,,,,,,,,,Guinea,4892,00:12:59.317,Pass,
,,,,,,,,,,,,,,,,,2.74934,,,,,,,,,,,d703e81d-cf12-4ad1-82e2-c6535bf2b30c,353,,"[49.6, 13.2]",3920389,13,,,,,-1.205049,,Head,,,,"[51.4, 8.5]",,High Pass,5.0328918,,Incomplete,,Olivier Michel Kemen,7355.0,,,,Recovery,1,From Goal Kick,Darlin Zidane Yongwa Ngameni,32190.0,Left Back,23,Guinea,4892,"['9e96dcd6-7687-44a6-83c6-c0478a8740b7', 'e59594af-6bb5-47d3-934f-d0093644a8b6', '5d169d38-f6dd-4c79-b79c-7d06e646af4d']",2,,,,,,,,,,,,,,,,,Cameroon,2722,00:13:02.453,Pass,
,,,,,,,,,,,,,,,,,1.354822,,,,,,,,,,,5d169d38-f6dd-4c79-b79c-7d06e646af4d,356,,"[68.7, 71.6]",3920389,13,,,,True,-1.2252407,,,,,,"[72.3, 61.6]",,High Pass,10.628264,,Incomplete,,Mohamed Bayo,8454.0,,,,Recovery,1,From Goal Kick,Morgan Guilavogui,47351.0,Right Wing,23,Guinea,4892,"['d703e81d-cf12-4ad1-82e2-c6535bf2b30c', '3413f853-1d08-4161-b015-8d93df3b3bbd', 'd1f82956-1f7c-4b0f-817b-9640e98ee97a', '81deb876-d794-4523-aa7a-8661cc04048c']",5,,,,,,,,,,,,,,,,,Guinea,4892,00:13:05.202,Pass,True
,,,,,,,,,,,,,,,,,2.084811,,,,,,,,,,,3413f853-1d08-4161-b015-8d93df3b3bbd,358,,"[47.8, 18.5]",3920389,13,,,,,-0.26396373,,Left Foot,,,,"[70.0, 12.5]",,High Pass,22.996521,,,,Karl Brillant Toko Ekambi,3551.0,,,,Recovery,1,From Goal Kick,Olivier Michel Kemen,7355.0,Center Defensive Midfield,23,Guinea,4892,"['42ec7a2b-f13e-4f52-a621-66c12bd0a691', '5d169d38-f6dd-4c79-b79c-7d06e646af4d']",6,,,,,,,,,,,,,,,,,Cameroon,2722,00:13:06.557,Pass,
,,,,,,,,,,,,,,,,,1.240617,,,,,,,,,,,2e74b6e7-5c2d-461b-87e9-ed9fe76d4b8a,361,,"[69.7, 13.1]",3920389,13,,,,True,1.0982994,,,,,,"[74.3, 22.1]",,Low Pass,10.107423,,Incomplete,,Jules Olivier Ntcham,10530.0,,,,,1,From Goal Kick,Karl Brillant Toko Ekambi,3551.0,Center Forward,23,Guinea,4892,"['6b513136-b58f-44a7-b316-6df25441b4cc', '0de465b9-b1c0-4b7a-bfd6-7e7835b4c236', '7af5e680-7abd-41f9-a67a-f912e6d827cd']",8,,,,,,,,,,,,,,,,,Cameroon,2722,00:13:08.642,Pass,True
,,,,,,,,,,,,,,,,,3.368709,,,,,,,,,,,7af5e680-7abd-41f9-a67a-f912e6d827cd,363,,"[45.8, 58.0]",3920389,13,,,,,-0.014533861,,Right Foot,,,,"[80.2, 57.5]",,High Pass,34.403633,,Incomplete,,Mohamed Bayo,8454.0,,,,Recovery,1,From Goal Kick,Julian Jeanvier,7360.0,Left Center Back,23,Guinea,4892,"['b264a3e6-ded4-4ceb-8b06-551d2159478a', '2e74b6e7-5c2d-461b-87e9-ed9fe76d4b8a', '6ed0731a-82f1-44ba-b543-74aaa55ed379']",9,,,,,,,,,,,,,,,,,Guinea,4892,00:13:09.882,Pass,
,,,,,,,,,,,,,,,,,1.280029,,,,,,,,,,,b264a3e6-ded4-4ceb-8b06-551d2159478a,366,,"[39.9, 22.6]",3920389,13,,,,True,-0.8591558,,,,,,"[49.3, 11.7]",,Low Pass,14.393401,,Incomplete,,André-Frank Zambo Anguissa,3141.0,,,,Recovery,1,From Goal Kick,Harold Moukoudi,7386.0,Left Center Back,23,Guinea,4892,"['7af5e680-7abd-41f9-a67a-f912e6d827cd', 'ba7fea2e-5f39-4267-9d04-55f8ae7351b1', 'fb069731-9803-4bea-bc71-aa1dddeef91e', 'bc3d98eb-4ac2-4d93-a578-573a6211496d']",13,,,,,,,,,,,,,,,,,Cameroon,2722,00:13:13.251,Pass,True
,,,,,,,,,,,,,,,,,1.428451,,,,,,,,,,,e0bc52f2-644a-4e07-a548-dc9e143e4bd3,371,,"[77.0, 75.6]",3920389,13,,,,,-0.39951548,,Right Foot,,,,"[95.0, 68.0]",,High Pass,19.53868,,Incomplete,,Mohamed Bayo,8454.0,,,,,1,From Goal Kick,Morgan Guilavogui,47351.0,Right Wing,23,Guinea,4892,"['181ca446-8343-46fd-878d-fbf60afa5901', 'df5802c4-636a-4c99-a37b-645c7eb17eee', 'de40746b-3fe2-4905-b318-da9b92971edc']",16,,,,,,,,,,,,,,,,,Guinea,4892,00:13:16.310,Pass,True
,,,,,,,,,,,True,,,,,,1.365811,,,,,,,,,,,df5802c4-636a-4c99-a37b-645c7eb17eee,373,,"[25.1, 12.1]",3920389,13,,,,,0.0,,Left Foot,,,,"[34.1, 12.1]",,Low Pass,9.0,,,,Olivier Michel Kemen,7355.0,,,,Interception,1,Regular Play,Harold Moukoudi,7386.0,Left Center Back,24,Cameroon,2722,"['42db468d-55a1-4329-91ec-31c90949ab19', 'e0bc52f2-644a-4e07-a548-dc9e143e4bd3']",17,,,,,,,,,,,,,,,,,Cameroon,2722,00:13:17.738,Pass,
,,,,,,,,,,,,,,,,,0.72027,,,,,,,,,,,13de9f4b-d437-452f-920b-ed407a9bdb26,376,,"[34.2, 11.1]",3920389,13,,,,,-1.6865555,,Right Foot,,,,"[33.2, 2.5]",,Ground Pass,8.657945,,,,Darlin Zidane Yongwa Ngameni,32190.0,,,,,1,Regular Play,Olivier Michel Kemen,7355.0,Center Defensive Midfield,24,Cameroon,2722,['9cee04db-aca1-4471-b6a1-579b7bedfda8'],19,,,,,,,,,,,,,,,,,Cameroon,2722,00:13:19.289,Pass,
,,,,,,,,,,,,,,,,,0.206507,,,,,,,,,,,854c824b-80a3-4a0d-94ec-aa27b40fac86,380,,"[32.7, 2.0]",3920389,13,,,,,0.3529904,,Left Foot,,,,"[34.6, 2.7]",,Low Pass,2.0248456,,Incomplete,,Georges-Kévin Nkoudou Mbida,3639.0,,,,,1,Regular Play,Darlin Zidane Yongwa Ngameni,32190.0,Left Back,24,Cameroon,2722,"['f51087ee-fbe8-4e58-a72c-be2e8ad5a5f7', 'ed6bfc91-6fd4-4c16-9c47-61471471f677', 'd14e5854-2073-401e-8eb7-b950b3083775']",20,,,,,,,,,,,,,,,,,Cameroon,2722,00:13:20.838,Pass,True
,,,,,,,,,,,,,,,,,1.73158,,,,,,,,,,,42dcaad0-f962-4b5e-b8cc-e069d1846785,383,,"[49.6, 0.1]",3920389,13,,,,,2.7932703,,,,,,"[31.7, 6.6]",,Low Pass,19.043634,,,,Harold Moukoudi,7386.0,,,,Throw-in,1,From Throw In,Darlin Zidane Yongwa Ngameni,32190.0,Left Back,25,Cameroon,2722,['70d53cb6-5d1d-4b69-9190-a4f2189d3799'],29,,,,,,,,,,,,,,,,,Cameroon,2722,00:13:29.805,Pass,
,,,,,,,,,,,,,,,,,2.007382,,,,,,,,,,,f3eccdd8-e603-436a-86c1-6b57fa8700ec,386,,"[32.7, 8.4]",3920389,13,,,,,1.7705747,,Left Foot,,,,"[27.8, 32.6]",,Ground Pass,24.691092,,,,Christopher Wooh,74588.0,,,,,1,From Throw In,Harold Moukoudi,7386.0,Left Center Back,25,Cameroon,2722,['a9782e1a-0f00-4ed5-9964-24e8635587cc'],33,,,,,,,,,,,,,,,,,Cameroon,2722,00:13:33.996,Pass,
,,,,,,,,,,,,,,,,,1.667799,,,,,,,,,,,fa293496-8a76-4212-9739-938cb08fe803,389,,"[31.3, 41.1]",3920389,13,,,,,1.2782346,,Right Foot,,,,"[38.8, 66.0]",,Ground Pass,26.005,,,,Jean-Charles Castelletto,7426.0,,,,,1,From Throw In,Christopher Wooh,74588.0,Right Center Back,25,Cameroon,2722,['b94e6035-6972-4f8b-a108-f586ae9a5faf'],37,,,,,,,,,,,,,,,,,Cameroon,2722,00:13:37.035,Pass,
,,,,,,,,,,,,,,,,,1.56627,,,,,,,,,,,4861f61a-11a9-49b1-92fc-149a13d8f3c8,392,,"[51.4, 67.3]",3920389,13,,,,,-2.1751018,,Right Foot,,,,"[42.7, 54.7]",,Ground Pass,15.31176,,,,Christopher Wooh,74588.0,,,,,1,From Throw In,Jean-Charles Castelletto,7426.0,Right Back,25,Cameroon,2722,['88df6242-db98-494c-ad74-b23c3db12f7a'],43,,,,,,,,,,,,,,,,,Cameroon,2722,00:13:43.458,Pass,
,,,,,,,,,,,,,,,,,3.632801,,,,,,,,,,,39ef63e7-4dc2-459e-9537-ec7566811a71,395,,"[49.3, 49.5]",3920389,13,,,,,-0.56774753,,Right Foot,,,,"[100.1, 17.1]",,High Pass,60.2528,,Incomplete,,Georges-Kévin Nkoudou Mbida,3639.0,,,,,1,From Throw In,Christopher Wooh,74588.0,Right Center Back,25,Cameroon,2722,"['fe1b633c-0dad-4c55-9817-f4611faa9617', '2f0db72c-ef31-40cd-a931-5eb1f0d53d03']",47,,,,,,,,,,,,,,,,,Cameroon,2722,00:13:47.153,Pass,
,,,,,,,,,,,,,,,,,1.782897,,,,,,,,,,,fe1b633c-0dad-4c55-9817-f4611faa9617,397,,"[20.0, 63.0]",3920389,13,,,,,0.8044435,,Head,,,,"[30.3, 73.7]",,High Pass,14.851936,,Incomplete,,Mohamed Bayo,8454.0,,,,Recovery,1,From Throw In,Antoine Conte,131849.0,Right Back,25,Cameroon,2722,"['39ef63e7-4dc2-459e-9537-ec7566811a71', '99f1fc52-31a2-4ebd-9019-02b1a8dec667', 'b9ec7538-a130-4c5c-8184-a1f169d3723e']",50,,,,,,,,,,,,,,,,,Guinea,4892,00:13:50.786,Pass,
,,,,,,,,,,,,,,,,,0.981706,,,,,,,,,,,99f1fc52-31a2-4ebd-9019-02b1a8dec667,400,,"[89.8, 6.4]",3920389,13,,,,,-0.11710875,,Left Foot,,,,"[98.3, 5.4]",,Low Pass,8.558621,,,,Georges-Kévin Nkoudou Mbida,3639.0,,,,Recovery,1,From Throw In,André-Frank Zambo Anguissa,3141.0,Left Center Midfield,25,Cameroon,2722,"['fe1b633c-0dad-4c55-9817-f4611faa9617', '674b36ab-83e3-4aa9-b3e4-0e00fa0ba185', '78372f2b-f0c9-43d8-81ba-5d7119062acb']",52,,,,,,,,,,,,,,,,,Cameroon,2722,00:13:52.569,Pass,True
,,,,,,,,,,,,,,,,,1.127186,,,,,,,,,,,0b8deabe-4d8e-4a9a-8cdc-9660bc0bd936,404,,"[98.3, 5.0]",3920389,13,,,,,3.0589411,,Right Foot,,,,"[81.4, 6.4]",,Low Pass,16.95789,,,,Darlin Zidane Yongwa Ngameni,32190.0,,,,,1,From Throw In,Georges-Kévin Nkoudou Mbida,3639.0,Left Wing,25,Cameroon,2722,['f0ef4ef4-36d1-4849-9031-3288b6a7f441'],53,,,,,,,,,,,,,,,,,Cameroon,2722,00:13:53.747,Pass,
,,,,,,,,,,,,,,,,,1.216031,,,,,,,,,,,77fd85ce-d06f-48b0-a45d-621045d6c9db,407,,"[81.9, 6.7]",3920389,13,,,,,2.1453407,,Left Foot,,,,"[70.7, 24.0]",,Ground Pass,20.608978,,,,Olivier Michel Kemen,7355.0,,,,,1,From Throw In,Darlin Zidane Yongwa Ngameni,32190.0,Left Back,25,Cameroon,2722,['f4d5d16d-37ed-4249-90b3-c138abd79704'],56,,,,,,,,,,,,,,,,,Cameroon,2722,00:13:56.297,Pass,
,,,,,,,,,,,,,,,,,2.662379,,,,,,,,,,,eb7e6ef1-e37c-4680-842b-f2959c82a7c2,410,,"[69.4, 27.5]",3920389,13,,,,,1.3667784,,Right Foot,,,,"[77.2, 65.2]",,Ground Pass,38.49844,,,,Jean-Charles Castelletto,7426.0,,,,,1,From Throw In,Olivier Michel Kemen,7355.0,Center Defensive Midfield,25,Cameroon,2722,['8675cc47-65e8-43d0-85bc-5c105e92da01'],59,,,,,,,,,,,,,,,,,Cameroon,2722,00:13:59.601,Pass,
,,,,,,,,,,,,,,,,,1.730137,,,,,,,,,,,3ecdbd94-f5c9-4bfd-8504-f9d0eb9a7683,413,,"[78.3, 70.6]",3920389,14,,,,,-0.045839425,,Right Foot,,,,"[100.1, 69.6]",,Ground Pass,21.822924,,,,Jules Olivier Ntcham,10530.0,,,,,1,From Throw In,Jean-Charles Castelletto,7426.0,Right Back,25,Cameroon,2722,['c5aad60f-72ae-4d0c-a787-2350777ccf55'],3,,,,,,,,,,,,,,,,,Cameroon,2722,00:14:03.909,Pass,
,,,,,,,,,,,,,,,,,1.341212,,,,,,,,,,,bb62799d-1b24-43fd-b6a9-4e1ecd4a973d,416,,"[103.4, 70.1]",3920389,14,,,,,-1.8188285,,Right Foot,,,,"[99.5, 54.7]",,Ground Pass,15.886157,,,,Jean-Charles Castelletto,7426.0,,,,,1,From Throw In,Jules Olivier Ntcham,10530.0,Right Center Midfield,25,Cameroon,2722,['e1c908a5-8283-4b31-896d-f455448c6ab6'],8,,,,,,,,,,,,,,,,,Cameroon,2722,00:14:08.056,Pass,
,,,,,,,,,,,,,,,,,0.408744,,,,,,,,,,,ffe1c412-7d39-410f-ac16-b5b6a8223e82,418,,"[99.5, 54.7]",3920389,14,,,,,-0.58075637,,Right Foot,,,,"[105.9, 50.5]",,Low Pass,7.6550636,,Incomplete,,Karl Brillant Toko Ekambi,3551.0,,,,,1,From Throw In,Jean-Charles Castelletto,7426.0,Right Back,25,Cameroon,2722,"['2c99c99a-2f04-4ce7-91f0-18cf3dbd6bf3', 'da9ec317-89f6-41cc-8370-d9890ea415d2']",9,,,,,,,,,,,,,,,,,Cameroon,2722,00:14:09.397,Pass,
,,,,,,,,,,,,,,,,,0.909366,,,,,,,,,,,f1382d14-a206-4085-aa01-1f2339de2df6,422,,"[86.2, 22.2]",3920389,14,,,,,-0.16958816,,Left Foot,,,,"[100.8, 19.7]",,Ground Pass,14.812494,,,,Georges-Kévin Nkoudou Mbida,3639.0,,,,Recovery,1,From Throw In,Darlin Zidane Yongwa Ngameni,32190.0,Left Back,25,Cameroon,2722,"['192859c0-410a-4b19-8201-287e00ecd196', '36773d37-67b1-46f5-9b44-5c531db05703']",12,,,,,,,,,,,,,,,,,Cameroon,2722,00:14:12.656,Pass,True
,,,,,,,,,,,,,,,,,0.920506,,,,,,,,,,,24f143a5-7907-4c22-93cb-37598fb64bfc,424,,"[100.8, 19.7]",3920389,14,,,,,2.333471,30bf24ed-5f49-41fb-bf95-6653b8fd77fa,Right Foot,,,,"[96.5, 24.2]",,Ground Pass,6.2241464,,,,Darlin Zidane Yongwa Ngameni,32190.0,True,,,,1,From Throw In,Georges-Kévin Nkoudou Mbida,3639.0,Left Wing,25,Cameroon,2722,['f2cb3058-dd91-4e72-ae3f-3cab15f9e7f4'],13,,,,,,,,,,,,,,,,,Cameroon,2722,00:14:13.566,Pass,
,,,,,,,,,,,,,,,,,0.725946,,,,,,,,,,,94c39f28-8928-407b-bdad-ae0e14db0edc,436,,"[24.3, 55.9]",3920389,14,,,,,-0.58075637,,Right Foot,,,,"[33.9, 49.6]",,Ground Pass,11.482595,,,,Aguibou Camara,39559.0,,,,Recovery,1,Regular Play,Mory Konaté,35285.0,Right Defensive Midfield,26,Guinea,4892,['16e28571-e402-4e5f-a02f-40b392bdb44f'],18,,,,,,,,,,,,,,,,,Guinea,4892,00:14:18.851,Pass,
,,,,,,,,,,,,,,,,,0.863617,,,,,,,,,,,97fbf33d-fd59-4c7f-a377-b16974dc90e6,440,,"[51.6, 60.0]",3920389,14,,,,,0.7853982,,Right Foot,,,,"[64.7, 73.1]",,Ground Pass,18.526197,,,,Antoine Conte,131849.0,,,,,1,Regular Play,Aguibou Camara,39559.0,Center Attacking Midfield,26,Guinea,4892,['7e0aa615-755d-4545-94b4-15e1b12272c1'],24,,,,,,,,,,,,,,,,,Guinea,4892,00:14:24.227,Pass,
,,,,,,,,,,,,,,,,,2.430876,,,,,,,,,,,e898896b-e663-42b1-84bc-656a24497bbf,442,,"[64.7, 73.1]",3920389,14,,,,,3.0815556,,Right Foot,,,,"[46.4, 74.2]",,Ground Pass,18.33303,,,,Morgan Guilavogui,47351.0,,,,,1,Regular Play,Antoine Conte,131849.0,Right Back,26,Guinea,4892,['952817cc-c69e-4eda-ac34-22ee311d26dd'],25,,,,,,,,,,,,,,,,,Guinea,4892,00:14:25.091,Pass,
,,,,,,,,,,,,,,,,,3.093567,,,,,,,,,,,672e52ea-78d7-4ee4-9b59-fdc4da332e1f,445,,"[44.8, 73.4]",3920389,14,,,,,-2.5818563,,Right Foot,,,,"[13.2, 53.6]",,Ground Pass,37.29075,,,,Ibrahim Kone,182573.0,,,,,1,Regular Play,Morgan Guilavogui,47351.0,Right Wing,26,Guinea,4892,['f71607e6-3a34-4c6c-85a6-815e8d61ac17'],28,,,,,,,,,,,,,,,,,Guinea,4892,00:14:28.383,Pass,
,,,,,,,,,,,,,,,,,3.48987,,,,,,,,,,,5a056dc1-ea13-4bc7-b620-96b00571232b,449,,"[13.2, 51.6]",3920389,14,,,,,-0.4518753,,Right Foot,,,,"[71.3, 23.4]",,High Pass,64.582115,,Incomplete,,Mohamed Bayo,8454.0,,,,,1,Regular Play,Ibrahim Kone,182573.0,Goalkeeper,26,Guinea,4892,"['b91e27c7-8295-4473-a885-8ac045a49423', 'b3e13b3f-eb6d-45f2-8bad-d911781637f4']",32,,,,,,,,,,,,,,,,,Guinea,4892,00:14:32.890,Pass,
,,,,,,,,,,,,,,,,,1.270275,,,,,,,,,,,b91e27c7-8295-4473-a885-8ac045a49423,451,,"[48.8, 56.7]",3920389,14,,,,,-0.15402155,,Head,,,,"[70.7, 53.3]",,High Pass,22.162355,,,,Jules Olivier Ntcham,10530.0,,,,Recovery,1,Regular Play,Jean-Charles Castelletto,7426.0,Right Back,27,Cameroon,2722,"['5a056dc1-ea13-4bc7-b620-96b00571232b', '7288e072-4876-46d7-a0a0-c2ecb6a7547e']",36,,,,,,,,,,,,,,,,,Cameroon,2722,00:14:36.380,Pass,
,,,,,,,,,,,,,,,,,2.560626,,,,,,,,,,,8859f3a1-dce3-447f-9d84-d3b5895ddd7e,454,,"[70.7, 55.5]",3920389,14,,,,,1.1916376,,Right Foot,,,,"[75.8, 68.3]",,High Pass,13.778606,,,,Frank Magri,189348.0,,,,,1,Regular Play,Jules Olivier Ntcham,10530.0,Right Center Midfield,27,Cameroon,2722,['57a86242-de67-44a1-b8d0-4814c191283c'],38,,,,,,,,,,,,,,,,,Cameroon,2722,00:14:38.345,Pass,
,,,,,,,,,,,,,,,,,0.119999,,,,,,,,,,,92639470-8035-49a9-a93f-76ecbff3c5b2,459,,"[7.5, 3.5]",3920389,14,,,,,0.2573237,,Left Foot,,,,"[11.3, 4.5]",,Low Pass,3.9293766,,Incomplete,,Mohamed Bayo,8454.0,,,,Recovery,1,Regular Play,Julian Jeanvier,7360.0,Left Center Back,27,Cameroon,2722,"['5b1b4d27-18f9-4f54-88d0-c76cd462ebee', '459617d7-1d8f-43dd-bffd-1cf590037708', 'f33f3d81-9ac4-4691-8cb3-5b890e395a52']",46,,,,,,,,,,,,,,,,,Guinea,4892,00:14:46.880,Pass,True
,,,,,,,,,,,,,,,,,0.967779,,,,,,,,,,,d36746a7-4921-46c8-b389-6733166cb5de,462,,"[72.5, 68.3]",3920389,14,,,,,0.29756173,,Head,,,,"[80.0, 70.6]",,High Pass,7.8447433,,,,Jules Olivier Ntcham,10530.0,,,,Recovery,1,Regular Play,Jean-Charles Castelletto,7426.0,Right Back,27,Cameroon,2722,['9f86e726-5042-4743-a5f8-eecfb1ad45bc'],50,,,,,,,,,,,,,,,,,Cameroon,2722,00:14:50.479,Pass,
,,,,,,,,,,,,,,,,,0.820427,,,,,,,,,,,a7b80473-a3c2-4a19-b90e-8cc6305f7ffa,466,,"[82.5, 70.2]",3920389,14,,,,,-1.9794148,,Left Foot,,,,"[78.3, 60.5]",,Ground Pass,10.570241,,,,André-Frank Zambo Anguissa,3141.0,,,,,1,Regular Play,Jules Olivier Ntcham,10530.0,Right Center Midfield,27,Cameroon,2722,"['7b6743cf-e701-4a83-aefa-a9c7b103bff8', '2e8c10fd-b281-401c-a5d9-398d8a49cb27']",52,,,,,,,,,,,,,,,,,Cameroon,2722,00:14:52.022,Pass,True
,,,,,,,,,,,,,,,,,1.226713,,,,,,,,,,,77feff01-78fb-4c73-8d76-8a8e24ed6e54,469,,"[79.0, 59.2]",3920389,14,,,,,2.209575,,Right Foot,,,,"[68.9, 72.8]",,Ground Pass,16.94019,,,,Jean-Charles Castelletto,7426.0,,,,,1,Regular Play,André-Frank Zambo Anguissa,3141.0,Left Center Midfield,27,Cameroon,2722,['d7452a2c-fa03-41d7-94d6-708eb862b44d'],52,,,,,,,,,,,,,,,,,Cameroon,2722,00:14:52.843,Pass,
,,,,,,,,,,,,,,,,,0.092642,,,,,,,,,,,b2e42797-1b2a-4bf9-8c14-648c00f8dd1f,471,,"[68.2, 73.1]",3920389,14,,,,,-1.8736812,,Right Foot,,,,"[66.7, 68.3]",,Ground Pass,5.0289164,,Incomplete,,Christopher Wooh,74588.0,,,,,1,Regular Play,Jean-Charles Castelletto,7426.0,Right Back,27,Cameroon,2722,"['18c428e5-3b8b-4181-9b14-4ef771db4764', '4168f7a0-0356-471a-852f-dcb8bdb01dc1']",54,,,,,,,,,,,,,,,,,Cameroon,2722,00:14:54.069,Pass,
,,,,,,,,,,,,,,,,,0.519482,,,,,,,,,,,9701dedc-dd14-41e9-aa76-d6119347fc5e,477,,"[54.4, 9.1]",3920389,14,,,,,1.8533512,,Right Foot,,,,"[52.6, 15.3]",,Ground Pass,6.456005,,,,Mohamed Bayo,8454.0,,,,,1,Regular Play,François Kamano,3405.0,Left Wing,28,Guinea,4892,['0068af86-aedb-4fe1-a0de-544d6da0df61'],57,,,,,,,,,,,,,,,,,Guinea,4892,00:14:57.886,Pass,
,,,,,,,,,,,,,,,,,0.438877,,,,,,,,,,,998c84cc-a9fc-4c3f-8d5d-4e164195d813,479,,"[52.6, 15.3]",3920389,14,,,,,-0.50466937,,Right Foot,,,,"[63.1, 9.5]",,Ground Pass,11.995416,,Unknown,,François Kamano,3405.0,,,,,1,Regular Play,Mohamed Bayo,8454.0,Center Forward,28,Guinea,4892,['92fef9c9-99e1-4f8c-97d2-bb35f31c5ad4'],58,,,,,,,,,,,,,,,,,Guinea,4892,00:14:58.406,Pass,
,,,,,,,,,,,,,,,,,5.391273,,,,,,,,,,,2d9dd13c-7e9d-4d58-82b7-15dfe6af2a4f,483,,"[62.2, 9.5]",3920389,15,,,,,1.0814168,,Right Foot,,,,"[95.7, 72.4]",,High Pass,71.26472,,,,Morgan Guilavogui,47351.0,,True,,Free Kick,1,From Free Kick,Moriba Kourouma Kourouma,39073.0,Left Defensive Midfield,29,Guinea,4892,['31ca5971-935f-4ae7-be59-9d661e9d8bdf'],41,,,,,,,,,,,,,,,,,Guinea,4892,00:15:41.047,Pass,
,,,,,,,,,,,,,,,,,1.625127,,,,,,,,,,,83b6626d-e342-46cb-a2bc-9ea60038e42c,487,,"[114.6, 78.1]",3920389,15,,,,,-3.0425797,,Right Foot,,,,"[99.5, 76.6]",,Ground Pass,15.17432,,,,Antoine Conte,131849.0,,,,,1,From Free Kick,Morgan Guilavogui,47351.0,Right Wing,29,Guinea,4892,"['3fea3de2-8535-434a-8c71-c754391d060c', '135ed148-d8ef-454a-951c-2c2c2dc011b7']",52,,,,,,,,,,,,,,,,,Guinea,4892,00:15:52.107,Pass,True
,,,,,,,,,,,,,,,,,1.501898,,,,,,,,,,,77d63b92-cc49-4a72-b22b-877588345c1d,490,,"[98.5, 73.1]",3920389,15,,,,,-2.6538947,,Right Foot,,,,"[87.0, 67.0]",,Ground Pass,13.01768,,,,Mory Konaté,35285.0,,,,,1,From Free Kick,Antoine Conte,131849.0,Right Back,29,Guinea,4892,['09f41644-1f8c-4cec-bc50-d383c49dda82'],54,,,,,,,,,,,,,,,,,Guinea,4892,00:15:54.525,Pass,
,,,,,,,,,,,,,,,,,2.758576,,,,,,,,,,,972bd0dc-e799-4329-8c59-dd95fb87de0e,493,,"[88.0, 62.7]",3920389,15,,,,,-2.3918936,,Right Foot,,,,"[64.8, 41.1]",,Ground Pass,31.69858,,,,Julian Jeanvier,7360.0,,,,,1,From Free Kick,Mory Konaté,35285.0,Right Defensive Midfield,29,Guinea,4892,['c7307a45-4ccc-4ee6-b03b-8d8f2195c931'],56,,,,,,,,,,,,,,,,,Guinea,4892,00:15:56.503,Pass,
,,,,,,,,,,,,,,,,,3.512079,,,,,,,,,,,bfb7ab2b-e80c-4e06-9351-0c4d44ba2651,495,,"[64.8, 41.5]",3920389,15,,,,,0.9471155,,Right Foot,,,,"[92.5, 80.0]",,High Pass,47.429317,,Out,,Morgan Guilavogui,47351.0,,,,,1,From Free Kick,Julian Jeanvier,7360.0,Left Center Back,29,Guinea,4892,['fcc2ff5b-3009-4606-bcba-b2970d3fca94'],59,,,,,,,,,,,,,,,,,Guinea,4892,00:15:59.262,Pass,
,,,,,,,,,,,,,,,,,1.203324,,,,,,,,,,,f0cb43d3-f512-4362-a10e-2a54a83b6e93,497,,"[28.7, 0.1]",3920389,16,,True,,,1.7782925,,,,,,"[26.3, 11.5]",,Low Pass,11.649893,,,,Harold Moukoudi,7386.0,,,,Throw-in,1,From Throw In,Darlin Zidane Yongwa Ngameni,32190.0,Left Back,30,Cameroon,2722,['acced2b2-15e3-4493-a100-76b48cda118c'],8,,,,,,,,,,,,,,,,,Cameroon,2722,00:16:08.693,Pass,
,,,,,,,,,,,,,,,,,3.805799,,,,,,,,,,,cb9b0f6a-1780-42ed-82cd-ae30cc2b2901,500,,"[26.3, 16.0]",3920389,16,,True,,,1.3864719,,Right Foot,,,,"[36.2, 69.1]",,Ground Pass,54.015,,,,Jean-Charles Castelletto,7426.0,,True,,,1,From Throw In,Harold Moukoudi,7386.0,Left Center Back,30,Cameroon,2722,['afddbde7-e83a-4f93-8387-1b62e86f7315'],10,,,,,,,,,,,,,,,,,Cameroon,2722,00:16:10.718,Pass,
,,,,,,,,,,,,,,,,,1.45578,,,,,,,,,,,ce956ace-9f61-4d2d-8d9a-9fcfc62ddbe5,502,,"[38.8, 73.1]",3920389,16,,,,,0.11773258,,Right Foot,,,,"[57.4, 75.3]",,Ground Pass,18.729656,,,,Frank Magri,189348.0,,,,,1,From Throw In,Jean-Charles Castelletto,7426.0,Right Back,30,Cameroon,2722,['016b6a73-7778-497e-98dc-c9795e7ae3af'],15,,,,,,,,,,,,,,,,,Cameroon,2722,00:16:15.533,Pass,
,,,,,,,,,,,,,,,,,1.280999,,,,,,,,,,,497e6801-ad41-493f-8ec2-364fbf25b2b6,505,,"[56.7, 73.7]",3920389,16,,,,,-1.8783635,,Right Foot,,,,"[51.3, 56.7]",,Ground Pass,17.83704,,,,Olivier Michel Kemen,7355.0,,,,,1,From Throw In,Frank Magri,189348.0,Right Wing,30,Cameroon,2722,['2c0b773d-bf26-4135-8f56-2a6634939ff9'],18,,,,,,,,,,,,,,,,,Cameroon,2722,00:16:18.556,Pass,
,,,,,,,,,,,,,,,,,2.272982,,,,,,,,,,,c67d2b51-8e63-4e89-98ad-349b23152a5a,508,,"[50.9, 56.5]",3920389,16,,,,,-1.8852344,,Left Foot,,,,"[40.2, 23.6]",,Ground Pass,34.59624,,,,Harold Moukoudi,7386.0,,,,,1,From Throw In,Olivier Michel Kemen,7355.0,Center Defensive Midfield,30,Cameroon,2722,['1af9c90b-58dc-474b-b3b1-aad4127dc959'],20,,,,,,,,,,,,,,,,,Cameroon,2722,00:16:20.713,Pass,
,,,,,,,,,,,,,,,,,0.951496,,,,,,,,,,,8977ddcb-b6af-4e61-9f0a-654bb6644944,511,,"[56.7, 25.1]",3920389,16,,,,,1.6110431,,Right Foot,,,,"[56.1, 40.0]",,Ground Pass,14.912076,,,,Olivier Michel Kemen,7355.0,,,,,1,From Throw In,Harold Moukoudi,7386.0,Left Center Back,30,Cameroon,2722,['8492e067-2cc6-4348-9a9c-43dfa6e3842c'],26,,,,,,,,,,,,,,,,,Cameroon,2722,00:16:26.886,Pass,
,,,,,,,,,,,,,,,,,1.632224,,,,,,,,,,,e338bb27-3f1f-4614-b651-15069b06c270,514,,"[53.8, 39.1]",3920389,16,,,,,1.5941384,,Right Foot,,,,"[53.2, 64.8]",,Ground Pass,25.707003,,,,Christopher Wooh,74588.0,,,,,1,From Throw In,Olivier Michel Kemen,7355.0,Center Defensive Midfield,30,Cameroon,2722,['a188efa9-90bd-4ce4-adcf-6db9a43c36fc'],30,,,,,,,,,,,,,,,,,Cameroon,2722,00:16:30.682,Pass,
,,,,,,,,,,,,,,,,,1.355329,,,,,,,,,,,e6855bc0-b91f-41b4-87c7-50dfca4f7cc9,517,,"[57.0, 65.8]",3920389,16,,,,,0.5803982,,Right Foot,,,,"[69.2, 73.8]",,Ground Pass,14.589037,,,,Jean-Charles Castelletto,7426.0,,,,,1,From Throw In,Christopher Wooh,74588.0,Right Center Back,30,Cameroon,2722,['7d3f11e1-fc42-4316-aa85-eda9c097ab03'],33,,,,,,,,,,,,,,,,,Cameroon,2722,00:16:33.449,Pass,
,,,,,,,,,,,,,,,,,2.554244,,,,,,,,,,,b49c5b54-458c-4af0-8f4b-02ffdeb480f3,522,,"[53.4, 71.6]",3920389,16,,,,,-2.295865,,Right Foot,,,,"[39.4, 55.8]",,Ground Pass,21.110188,,,,Christopher Wooh,74588.0,,,,,1,From Throw In,Jean-Charles Castelletto,7426.0,Right Back,30,Cameroon,2722,"['e1c4870b-8317-4eeb-b9d4-c194c12684ac', '3f803c01-bba1-421e-8e2d-11bb267ac308']",38,,,,,,,,,,,,,,,,,Cameroon,2722,00:16:38.174,Pass,True
,,,,,,,,,,,,,,,,,2.094845,,,,,,,,,,,adbdcdab-177b-4b25-98bf-7d0eeb8b5379,525,,"[36.9, 52.3]",3920389,16,,,,,-1.359284,,Left Foot,,,,"[43.9, 19.7]",,Ground Pass,33.343063,,,,Harold Moukoudi,7386.0,,,,,1,From Throw In,Christopher Wooh,74588.0,Right Center Back,30,Cameroon,2722,['fa47782c-49ce-49da-bd13-0786fe2d556e'],40,,,,,,,,,,,,,,,,,Cameroon,2722,00:16:40.808,Pass,
,,,,,,,,,,,,,,,,,1.367977,,,,,,,,,,,6c489315-45d0-4451-9918-50b6bed5c9e6,528,,"[50.7, 31.0]",3920389,16,,,,,-1.2774934,,Right Foot,,,,"[55.2, 16.1]",,Ground Pass,15.564704,,,,André-Frank Zambo Anguissa,3141.0,,,,,1,From Throw In,Harold Moukoudi,7386.0,Left Center Back,30,Cameroon,2722,['0903c3e7-c9b8-40ef-a6b4-f4023a77db9e'],46,,,,,,,,,,,,,,,,,Cameroon,2722,00:16:46.959,Pass,
,,,,,,,,,,,,,,,,,1.559619,,,,,,,,,,,5730b9ea-7d0d-4a8a-a096-603d60ccc83f,531,,"[56.1, 15.0]",3920389,16,,,,,-0.5466392,,Right Foot,,,,"[77.3, 2.1]",,Ground Pass,24.816326,,,,Darlin Zidane Yongwa Ngameni,32190.0,,,,,1,From Throw In,André-Frank Zambo Anguissa,3141.0,Left Center Midfield,30,Cameroon,2722,['3ab4db34-2eca-42fe-a62f-f37f533b7163'],48,,,,,,,,,,,,,,,,,Cameroon,2722,00:16:48.853,Pass,
,,,,,,,,,,,,,,,,,1.076538,,,,,,,,,,,fd5dfc5a-0801-4914-aa60-643cfd444782,534,,"[77.3, 2.1]",3920389,16,,,,,0.8674645,,Left Foot,,,,"[87.9, 14.6]",,Ground Pass,16.389326,,,,Georges-Kévin Nkoudou Mbida,3639.0,,,,,1,From Throw In,Darlin Zidane Yongwa Ngameni,32190.0,Left Back,30,Cameroon,2722,['287c3ac8-44fe-40aa-9bc6-df147172604e'],51,,,,,,,,,,,,,,,,,Cameroon,2722,00:16:51.197,Pass,
,,,,,,,,,,,,,,,,,2.88068,,,,,,,,,,,867c073f-9e19-4b38-bf66-2a77067a6a0f,541,,"[85.9, 11.5]",3920389,18,,,,,0.89000183,,Right Foot,True,,,"[120.0, 53.6]",,High Pass,54.17767,,Out,,Christopher Wooh,74588.0,,True,,Free Kick,1,From Free Kick,Georges-Kévin Nkoudou Mbida,3639.0,Left Wing,31,Cameroon,2722,['bccbac61-065a-4d36-8188-74c2f4afb281'],26,,,,,,,,,,,,,,,,,Cameroon,2722,00:18:26.700,Pass,
,,,,,,,,,,,,,,,,,5.523799,,,,,,,,,,,23a7ed86-adca-4803-8b07-a9bfd2606023,543,,"[7.0, 38.3]",3920389,19,,,,,0.38205636,,Right Foot,,,,"[73.7, 65.1]",,High Pass,71.88275,,,,Aguibou Camara,39559.0,,,,Goal Kick,1,From Goal Kick,Ibrahim Kone,182573.0,Goalkeeper,32,Guinea,4892,['c2e0489c-455a-47f3-9638-d1e47e50ded0'],13,,,,,,,,,,,,,,,,,Guinea,4892,00:19:13.039,Pass,
,,,,,,,,,,,,,,,,,2.005316,,,,,,,,,,,2140dec0-179f-41ed-894a-02b051935a48,546,,"[73.7, 65.1]",3920389,19,,,,True,1.0245153,,,,,,"[81.3, 77.6]",,High Pass,14.629081,,,,Morgan Guilavogui,47351.0,,,,,1,From Goal Kick,Aguibou Camara,39559.0,Center Attacking Midfield,32,Guinea,4892,"['7d7b8334-339a-42f8-b4f8-3a29b2f22815', 'fdcd299c-de2c-47d6-ae02-9cc3c3e1479d']",18,,,,,,,,,,,,,,,,,Guinea,4892,00:19:18.563,Pass,True
,,,,,,,,,,,,,,,,,3.169507,,,,,,,,,,,3477ab14-65c9-49cd-8253-32e0c7725765,548,,"[81.3, 78.5]",3920389,19,,,,,-0.22244726,,Right Foot,,,,"[114.9, 70.9]",,Ground Pass,34.448803,,,,Mohamed Bayo,8454.0,,,,,1,From Goal Kick,Morgan Guilavogui,47351.0,Right Wing,32,Guinea,4892,['e4b766b8-a22a-4a92-b17f-56654e970ad2'],20,,,,,,,,,,,,,,,,,Guinea,4892,00:19:20.568,Pass,
,,,,,,,,,,,,,,,,,0.851055,,,,,,,,,,,d6ca6675-d64e-49c2-a083-b78e71a06bcf,551,,"[117.4, 71.6]",3920389,19,,,,,-1.6549851,,Right Foot,True,,,"[115.4, 47.9]",,High Pass,23.784239,,Incomplete,,François Kamano,3405.0,,,,,1,From Goal Kick,Mohamed Bayo,8454.0,Center Forward,32,Guinea,4892,"['c8b6ba0e-efcb-49a9-a7bf-2f21f4098129', 'b9ce4c82-20c8-4747-a4fb-2564b9b8596f']",24,,,,,,,,,,,,,,,,,Guinea,4892,00:19:24.597,Pass,
,,,,,,,,,,,,,,,,,1.870669,,,,,,,,,,,8a9e24ae-397c-4a3d-84d1-5e15236c6656,554,,"[14.3, 27.6]",3920389,19,,,,,-0.005290956,,Right Foot,,,,"[33.2, 27.5]",,High Pass,18.900265,,Incomplete,,Jules Olivier Ntcham,10530.0,,,,Recovery,1,From Goal Kick,André-Frank Zambo Anguissa,3141.0,Left Center Midfield,32,Guinea,4892,"['36337fc0-18a4-433c-a2fc-1e353b9a2998', '664a980d-362f-49a9-94da-64a147d29f9d']",28,,,,,,,,,,,,,,,,,Cameroon,2722,00:19:28.047,Pass,
,,,,,,,,,,,,,,,,,2.212714,,,,,,,,,,,4188782e-ca0a-4a73-827b-4633862838b1,558,,"[75.9, 51.1]",3920389,19,,,,,-2.4736636,,Right Foot,,,,"[57.9, 36.9]",,Ground Pass,22.92684,,,,Julian Jeanvier,7360.0,,,,,1,From Goal Kick,Mory Konaté,35285.0,Right Defensive Midfield,32,Guinea,4892,['954c953c-f5ae-4df6-bf74-a133a48a5ee0'],31,,,,,,,,,,,,,,,,,Guinea,4892,00:19:31.596,Pass,
,,,,,,,,,,,,,,,,,3.016319,,,,,,,,,,,70fffce4-1272-4e0f-935d-610e1b0e6d3b,561,,"[53.4, 38.1]",3920389,19,,,,,2.8947425,,Right Foot,,,,"[15.7, 47.6]",,Ground Pass,38.87853,,,,Ibrahim Kone,182573.0,,,,,1,From Goal Kick,Julian Jeanvier,7360.0,Left Center Back,32,Guinea,4892,['fa3a3820-3e57-492e-b6a5-51f7b70e036a'],34,,,,,,,,,,,,,,,,,Guinea,4892,00:19:34.166,Pass,
,,,,,,,,,,,,,,,,,3.560401,,,,,,,,,,,ac044289-86e6-46fb-9b20-faba9005feb8,565,,"[16.6, 53.0]",3920389,19,,,,,0.13467324,,Right Foot,,,,"[84.5, 62.2]",,High Pass,68.52043,,,,Aguibou Camara,39559.0,,,,,1,From Goal Kick,Ibrahim Kone,182573.0,Goalkeeper,32,Guinea,4892,['a63448cb-b71f-4c34-a7d2-2c9c445c68ba'],39,,,,,,,,,,,,,,,,,Guinea,4892,00:19:39.634,Pass,
,,,,,,,,,,,,,,,,,0.971241,,,,,,,,,,,ba6406b4-80c4-4690-ab89-e8ff440decd0,570,,"[14.8, 40.9]",3920389,19,,True,,,0.94419223,,Right Foot,,,,"[26.6, 57.2]",,Ground Pass,20.122873,,,,Christopher Wooh,74588.0,,,,,1,Regular Play,Joseph Fabrice Ondoa Ebogo,24670.0,Goalkeeper,33,Cameroon,2722,['b2412d1f-0f6c-4d70-8663-a3825d378109'],48,,,,,,,,,,,,,,,,,Cameroon,2722,00:19:48.330,Pass,
,,,,,,,,,,,,,,,,,1.844916,,,,,,,,,,,94c53a13-2deb-4048-9970-d612ef9abadd,572,,"[27.7, 55.6]",3920389,19,,,,,0.6564112,,Right Foot,,,,"[41.2, 66.0]",,Ground Pass,17.04142,,,,Jean-Charles Castelletto,7426.0,,,,,1,Regular Play,Christopher Wooh,74588.0,Right Center Back,33,Cameroon,2722,['d2ef2892-30a7-4aba-8d7f-3b10a1da41d1'],50,,,,,,,,,,,,,,,,,Cameroon,2722,00:19:50.329,Pass,
,,,,,,,,,,,,,,,,,1.28789,,,,,,,,,,,aec83bee-7b7d-4f8e-ba6e-30fc1df9e147,575,,"[40.7, 67.3]",3920389,19,,,,,0.28188172,,Right Foot,,,,"[62.8, 73.7]",,Ground Pass,23.008041,,,,Frank Magri,189348.0,,,,,1,Regular Play,Jean-Charles Castelletto,7426.0,Right Back,33,Cameroon,2722,['90ca766d-b3e8-4075-be67-1a8375e6236a'],53,,,,,,,,,,,,,,,,,Cameroon,2722,00:19:53.391,Pass,
,,,,,,,,,,,,,,,,,1.172831,,,,,,,,,,,7cce9140-9022-48f2-bb9a-eb4995741453,578,,"[57.2, 72.1]",3920389,19,,,,,-2.9703538,,Right Foot,,,,"[43.9, 69.8]",,Ground Pass,13.497407,,,,Jean-Charles Castelletto,7426.0,,,,,1,Regular Play,Frank Magri,189348.0,Right Wing,33,Cameroon,2722,['0c7d7455-ddf7-454f-a916-dcd013ebd545'],55,,,,,,,,,,,,,,,,,Cameroon,2722,00:19:55.872,Pass,
,,,,,,,,,,,,,,,,,1.198458,,,,,,,,,,,01cdaa25-d3a4-4352-bc6e-74b7d9b6d299,581,,"[46.4, 67.7]",3920389,19,,,,,-1.3745595,,Right Foot,,,,"[49.7, 51.1]",,Ground Pass,16.924833,,,,Olivier Michel Kemen,7355.0,,,,,1,Regular Play,Jean-Charles Castelletto,7426.0,Right Back,33,Cameroon,2722,['6db28843-5d40-4bb8-8ac0-819a27ff1453'],57,,,,,,,,,,,,,,,,,Cameroon,2722,00:19:57.743,Pass,
,,,,,,,,,,,,,,,,,1.999116,,,,,,,,,,,74c64f90-eb28-46b5-8f05-89ef13198bbc,584,,"[55.7, 42.0]",3920389,20,,,,,-1.6170596,,Right Foot,,,,"[54.7, 20.4]",,Ground Pass,21.623137,,,,Harold Moukoudi,7386.0,,,,,1,Regular Play,Olivier Michel Kemen,7355.0,Center Defensive Midfield,33,Cameroon,2722,['9a65fb01-a216-433a-b8ab-405a1116ff39'],2,,,,,,,,,,,,,,,,,Cameroon,2722,00:20:02.449,Pass,
,,,,,,,,,,,,,,,,,1.195086,,,,,,,,,,,cb15a6de-f1f5-437d-89ba-043aa556acb0,587,,"[56.1, 17.9]",3920389,20,,,,,-0.8139618,,Right Foot,,,,"[69.7, 3.5]",,Ground Pass,19.80707,,,,Darlin Zidane Yongwa Ngameni,32190.0,,,,,1,Regular Play,Harold Moukoudi,7386.0,Left Center Back,33,Cameroon,2722,['67bb2812-0248-4af1-b10d-02b0348e2890'],5,,,,,,,,,,,,,,,,,Cameroon,2722,00:20:05.819,Pass,
,,,,,,,,,,,,,,,,,0.6737,,,,,,,,,,,b728b80d-4396-4649-900c-fab025a43f78,590,,"[69.9, 4.1]",3920389,20,,,,,1.2383701,,Right Foot,,,,"[72.8, 12.5]",,Ground Pass,8.886507,,,,Georges-Kévin Nkoudou Mbida,3639.0,,,,,1,Regular Play,Darlin Zidane Yongwa Ngameni,32190.0,Left Back,33,Cameroon,2722,['b2c71b69-9b13-49b3-b005-c365f2cce7ae'],8,,,,,,,,,,,,,,,,,Cameroon,2722,00:20:08.253,Pass,
,,,,,,,,,,,,,,,,,3.366802,,,,,,,,,,,1a6f1a1d-6262-42b5-80de-d2eb732dcb5b,593,,"[57.7, 20.1]",3920389,20,,,,,1.6393654,,Right Foot,,,,"[53.6, 79.8]",,High Pass,59.840622,,Out,,Jean-Charles Castelletto,7426.0,,True,,,1,Regular Play,Georges-Kévin Nkoudou Mbida,3639.0,Left Wing,33,Cameroon,2722,['7a92c53f-6aeb-4da8-84c5-95e7de0a39e9'],12,,,,,,,,,,,,,,,,,Cameroon,2722,00:20:12.836,Pass,
,,,,,,,,,,,,,,,,,0.856748,,,,,,,,,,,ab68a5d1-8ac0-4d6b-a3eb-b7464f3311f5,595,,"[63.8, 0.1]",3920389,20,,,,,2.2924511,,,,,,"[57.2, 7.6]",,Low Pass,9.990496,,,,Moriba Kourouma Kourouma,39073.0,,,,Throw-in,1,From Throw In,Sekou Oumar Sylla,132711.0,Left Back,34,Guinea,4892,['b28dea16-8021-47e5-b1cf-0f03d395c8da'],35,,,,,,,,,,,,,,,,,Guinea,4892,00:20:35.179,Pass,
,,,,,,,,,,,,,,,,,0.978186,,,,,,,,,,,a25e5182-5475-4a92-9e49-cfad4ea5621e,598,,"[57.3, 8.0]",3920389,20,,,,,0.059630714,,Right Foot,,,,"[64.0, 8.4]",,Low Pass,6.71193,,,,Sekou Oumar Sylla,132711.0,,,,,1,From Throw In,Moriba Kourouma Kourouma,39073.0,Left Defensive Midfield,34,Guinea,4892,['887c1dac-4d1b-4a2c-b57c-a02023c30f0a'],36,,,,,,,,,,,,,,,,,Guinea,4892,00:20:36.036,Pass,
,,,,,,,,,,,,,,,,,0.322498,,,,,,,,,,,872c38d0-e056-4baf-bc4f-e172dfa76365,602,,"[63.1, 9.4]",3920389,20,,,,,0.5657015,,Left Foot,,,,"[69.4, 13.4]",,Ground Pass,7.462573,,Unknown,,François Kamano,3405.0,,,,,1,From Throw In,Sekou Oumar Sylla,132711.0,Left Back,34,Guinea,4892,"['264103dc-770c-42e7-850e-03edf347e8d6', '0a00a17a-99a2-4905-870a-dc709581fcba']",37,,,,,,,,,,,,,,,,,Guinea,4892,00:20:37.060,Pass,True
,,,,,,,,,,,,,,,,,0.922467,,,,,,,,,,,a7b4efff-4f65-4911-835f-8f3e03146b0b,606,,"[64.9, 13.0]",3920389,21,,,,,0.4853833,,Right Foot,,,,"[74.0, 17.8]",,Ground Pass,10.288342,,,,Aguibou Camara,39559.0,,,,Free Kick,1,From Free Kick,Moriba Kourouma Kourouma,39073.0,Left Defensive Midfield,35,Guinea,4892,['83c50825-7efc-4dff-93e4-67874515a451'],23,,,,,,,,,,,,,,,,,Guinea,4892,00:21:23.986,Pass,
,,,,,,,,,,,,,,,,,1.51561,,,,,,,,,,,3af499ec-d487-42f1-b788-8965c2badd91,608,,"[74.6, 17.1]",3920389,21,,,,,-2.337563,,Right Foot,,,,"[66.7, 8.9]",,Ground Pass,11.386395,,,,Moriba Kourouma Kourouma,39073.0,,,,,1,From Free Kick,Aguibou Camara,39559.0,Center Attacking Midfield,35,Guinea,4892,['de4b2022-febc-4f6f-bfd1-216177f56619'],24,,,,,,,,,,,,,,,,,Guinea,4892,00:21:24.908,Pass,
,,,,,,,,,,,,,,,,,1.09614,,,,,,,,,,,957bf04c-6308-47bb-a951-9185c2549c4e,612,,"[64.8, 10.5]",3920389,21,,,,,0.20988072,,Right Foot,,,,"[81.7, 14.1]",,Ground Pass,17.279179,,,,François Kamano,3405.0,,,,,1,From Free Kick,Moriba Kourouma Kourouma,39073.0,Left Defensive Midfield,35,Guinea,4892,"['3f93743d-6a7c-4069-9bb0-8f4fcd73feeb', '226f8c1c-875b-4436-a505-447eaba448bf']",28,,,,,,,,,,,,,,,,,Guinea,4892,00:21:28.884,Pass,True
,,,,,,,,,,,,,,,,,0.608825,,,,,,,,,,,186dd418-ead3-4768-ad17-5eb800d4d7e6,615,,"[80.9, 11.3]",3920389,21,,,,,0.95449936,,Right Foot,,,,"[86.0, 18.5]",,Ground Pass,8.823265,,,,Mohamed Bayo,8454.0,,,,,1,From Free Kick,François Kamano,3405.0,Left Wing,35,Guinea,4892,['6f09f5f7-4266-44cc-9d6f-3b8644761609'],30,,,,,,,,,,,,,,,,,Guinea,4892,00:21:30.876,Pass,
,,,,,,,,,,,,,,,,,1.431081,,,,,,,,,,,6681f71a-5b20-4131-9cbb-f42dcc01036e,618,,"[85.9, 20.0]",3920389,21,,,,,-1.1562895,,Left Foot,,,,"[87.0, 17.5]",,Ground Pass,2.7313,,Incomplete,,Aguibou Camara,39559.0,,,,,1,From Free Kick,Mohamed Bayo,8454.0,Center Forward,35,Guinea,4892,"['765bbacf-487d-4785-895e-19bb5425d3a1', 'fd010354-c7bb-4fe8-aefe-dbd8c5f38022', '59a7b373-02bb-4efb-8a27-05321efe4f2f']",31,,,,,,,,,,,,,,,,,Guinea,4892,00:21:31.485,Pass,True
,,,,,,,,,,,,,,,,,2.757809,,,,,,,,,,,765bbacf-487d-4785-895e-19bb5425d3a1,620,,"[33.1, 62.6]",3920389,21,,,,,-2.4093657,,Right Foot,,,,"[14.3, 45.7]",,Ground Pass,25.279438,,,,Joseph Fabrice Ondoa Ebogo,24670.0,,,,Recovery,1,Regular Play,Jean-Charles Castelletto,7426.0,Right Back,36,Cameroon,2722,"['6681f71a-5b20-4131-9cbb-f42dcc01036e', 'f4b422f6-3eb0-43e1-b81d-eb0b72ed6e4c']",32,,,,,,,,,,,,,,,,,Cameroon,2722,00:21:32.916,Pass,
,,,,,,,,,,,,,,,,,1.341739,,,,,,,,,,,968e6b2e-8348-4e34-8012-9beaaa7ae537,623,,"[15.1, 42.7]",3920389,21,,,,,-0.30005112,,Right Foot,,,,"[33.2, 37.1]",,Ground Pass,18.946503,,,,André-Frank Zambo Anguissa,3141.0,,,,,1,Regular Play,Joseph Fabrice Ondoa Ebogo,24670.0,Goalkeeper,36,Cameroon,2722,['93a8064f-7cf2-4d7d-8dc9-4b5b1045fef4'],36,,,,,,,,,,,,,,,,,Cameroon,2722,00:21:36.351,Pass,
,,,,,,,,,,,,,,,,,0.868137,,,,,,,,,,,f3e631b1-84b2-4f23-8ea7-443eef3f88d7,627,,"[54.3, 10.4]",3920389,21,,,,,1.2515903,,Right Foot,,,,"[58.2, 22.2]",,Ground Pass,12.427792,,,,Karl Brillant Toko Ekambi,3551.0,,,,,1,Regular Play,André-Frank Zambo Anguissa,3141.0,Left Center Midfield,36,Cameroon,2722,['b72c54f0-58c3-49dd-9177-764f20812e45'],44,,,,,,,,,,,,,,,,,Cameroon,2722,00:21:44.844,Pass,
,,,,,,,,,,,,,,,,,3.231272,,,,,,,,,,,0019c2af-820b-4d55-863b-1a5004bbd93d,629,,"[58.2, 22.2]",3920389,21,,,,,2.882587,,Right Foot,,,,"[23.1, 31.5]",,High Pass,36.311153,,,,Joseph Fabrice Ondoa Ebogo,24670.0,,,,,1,Regular Play,Karl Brillant Toko Ekambi,3551.0,Center Forward,36,Cameroon,2722,['c91e6e14-95ae-4048-8c2e-bd32202e4f80'],45,,,,,,,,,,,,,,,,,Cameroon,2722,00:21:45.712,Pass,
,,,,,,,,,,,,,,,,,1.249628,,,,,,,,,,,84ca2c5e-9554-43a9-8685-daf6d39c6e40,632,,"[25.1, 37.6]",3920389,21,,,,,0.9723774,,Right Foot,,,,"[37.1, 55.2]",,Ground Pass,21.301643,,,,Christopher Wooh,74588.0,,,,,1,Regular Play,Joseph Fabrice Ondoa Ebogo,24670.0,Goalkeeper,36,Cameroon,2722,['daf5d1a6-aab8-42e6-932d-af9a751c3f83'],50,,,,,,,,,,,,,,,,,Cameroon,2722,00:21:50.845,Pass,
,,,,,,,,,,,,,,,,,1.683882,,,,,,,,,,,c4961911-8222-48f4-8c72-884ab3551b93,635,,"[44.9, 58.5]",3920389,21,,,,,-1.7706773,,Right Foot,,,,"[40.2, 35.3]",,Ground Pass,23.671291,,,,Harold Moukoudi,7386.0,,,,,1,Regular Play,Christopher Wooh,74588.0,Right Center Back,36,Cameroon,2722,['6c214974-9864-4e26-9390-0811d46233f2'],54,,,,,,,,,,,,,,,,,Cameroon,2722,00:21:54.644,Pass,
,,,,,,,,,,,,,,,,,1.756006,,,,,,,,,,,69ee7bca-07dc-45d7-9d98-235d7b9c3884,638,,"[40.2, 32.8]",3920389,21,,,,,-1.0920745,,Right Foot,,,,"[48.4, 17.0]",,Ground Pass,17.801123,,,,Olivier Michel Kemen,7355.0,,,,,1,Regular Play,Harold Moukoudi,7386.0,Left Center Back,36,Cameroon,2722,['d5b75ee1-b507-4d1e-b689-dc417dfd8611'],56,,,,,,,,,,,,,,,,,Cameroon,2722,00:21:56.540,Pass,
,,,,,,,,,,,,,,,,,0.835911,,,,,,,,,,,8d0b0c06-b5c8-4cf5-92b6-cc8bad126bfa,641,,"[56.3, 23.6]",3920389,22,,,,,0.7531513,,Right Foot,,,,"[67.5, 34.1]",,Ground Pass,15.352199,,,,André-Frank Zambo Anguissa,3141.0,,,,,1,Regular Play,Olivier Michel Kemen,7355.0,Center Defensive Midfield,36,Cameroon,2722,['fb67de9e-dcc2-4f92-8bfc-3757b7a11d05'],4,,,,,,,,,,,,,,,,,Cameroon,2722,00:22:04.535,Pass,
,,,,,,,,,,,,,,,,,0.811001,,,,,,,,,,,2da9ba58-ed04-41d5-9e02-e93dd6b7d1fc,643,,"[67.5, 34.1]",3920389,22,,,,,-1.7043253,,Right Foot,,,,"[65.7, 20.7]",,Ground Pass,13.520355,,,,Olivier Michel Kemen,7355.0,,,,,1,Regular Play,André-Frank Zambo Anguissa,3141.0,Left Center Midfield,36,Cameroon,2722,['47d2c263-c940-4392-b594-ba8fa2a8760d'],5,,,,,,,,,,,,,,,,,Cameroon,2722,00:22:05.371,Pass,
,,,,,,,,,,,,,,,,,1.205563,,,,,,,,,,,1363e309-6c3f-45ff-8330-78b8741553f2,646,,"[65.7, 18.2]",3920389,22,,,,,-0.8990009,,Right Foot,,,,"[72.3, 9.9]",,Ground Pass,10.604244,,,,Jules Olivier Ntcham,10530.0,,,,,1,Regular Play,Olivier Michel Kemen,7355.0,Center Defensive Midfield,36,Cameroon,2722,['c09dc2f7-6301-4a20-8f6d-22a319078056'],6,,,,,,,,,,,,,,,,,Cameroon,2722,00:22:06.733,Pass,
,,,,,,,,,,,,,,,,,1.157382,,,,,,,,,,,e85d547c-398a-450c-97f2-5637c8fe2a7e,649,,"[72.3, 6.0]",3920389,22,,,,,2.7738042,,Right Foot,,,,"[61.4, 10.2]",,Ground Pass,11.681182,,,,Olivier Michel Kemen,7355.0,,,,,1,Regular Play,Jules Olivier Ntcham,10530.0,Right Center Midfield,36,Cameroon,2722,['d45a4584-bb0c-4d86-bd7b-06631b3a0124'],10,,,,,,,,,,,,,,,,,Cameroon,2722,00:22:10.039,Pass,
,,,,,,,,,,,,,,,,,1.299162,,,,,,,,,,,dd828331-fbee-4235-b420-76ccf739539e,652,,"[53.2, 23.2]",3920389,22,,,,,-0.88823694,,Right Foot,,,,"[65.8, 7.7]",,Ground Pass,19.975235,,,,Jules Olivier Ntcham,10530.0,,,,,1,Regular Play,Olivier Michel Kemen,7355.0,Center Defensive Midfield,36,Cameroon,2722,['fee78cf4-763f-4a68-b785-d1f06b0996fa'],16,,,,,,,,,,,,,,,,,Cameroon,2722,00:22:16.404,Pass,
,,,,,,,,,,,,,,,,,0.953816,,,,,,,,,,,a21df3d1-093b-4497-82de-fd3e299e691d,655,,"[69.7, 4.1]",3920389,22,,,,,0.17005862,,Left Foot,,,,"[89.5, 7.5]",,High Pass,20.089798,,Incomplete,,Darlin Zidane Yongwa Ngameni,32190.0,,,,,1,Regular Play,Jules Olivier Ntcham,10530.0,Right Center Midfield,36,Cameroon,2722,"['244fb44c-81fb-4535-9129-1775d3fbb97f', '7f877fdd-1c62-4618-a943-783a2112951a']",19,,,,,,,,,,,,,,,,,Cameroon,2722,00:22:19.479,Pass,
,,,,,,,,,,,,,,,,,2.154632,,,,,,,,,,,7f877fdd-1c62-4618-a943-783a2112951a,657,,"[30.6, 72.6]",3920389,22,,,,,0.9673628,,Head,,,,"[35.7, 80.0]",,High Pass,8.987213,,Out,,Antoine Conte,131849.0,,,,Recovery,1,Regular Play,Morgan Guilavogui,47351.0,Right Wing,36,Cameroon,2722,"['bd08de2e-324b-4336-b0e8-687ea9cdebf3', 'a21df3d1-093b-4497-82de-fd3e299e691d']",20,,,,,,,,,,,,,,,,,Guinea,4892,00:22:20.433,Pass,
,,,,,,,,,,,,,,,,,1.916811,,,,,,,,,,,2ce86147-92cc-49a9-8e8d-d5c7d75381ee,660,,"[80.0, 0.1]",3920389,22,,,,,2.8695602,,,,,,"[61.0, 5.4]",,Low Pass,19.725365,,,,Olivier Michel Kemen,7355.0,,,,Throw-in,1,From Throw In,Darlin Zidane Yongwa Ngameni,32190.0,Left Back,37,Cameroon,2722,['c798ec04-307a-4a82-8de5-19627a3fe9eb'],30,,,,,,,,,,,,,,,,,Cameroon,2722,00:22:30.779,Pass,
,,,,,,,,,,,,,,,,,2.643012,,,,,,,,,,,02e7decf-f9de-4a88-add9-5b6434d996b3,663,,"[56.7, 9.9]",3920389,22,,,,,1.58023,,Right Foot,,,,"[56.3, 52.3]",,Ground Pass,42.401886,,,,Christopher Wooh,74588.0,,True,,,1,From Throw In,Olivier Michel Kemen,7355.0,Center Defensive Midfield,37,Cameroon,2722,['bb217be1-051f-44c4-a856-aa54f427f47f'],36,,,,,,,,,,,,,,,,,Cameroon,2722,00:22:36.135,Pass,
,,,,,,,,,,,,,,,,,1.529258,,,,,,,,,,,681222c8-dcb7-41fa-9b75-4773bb551c32,666,,"[60.8, 55.5]",3920389,22,,,,,0.96380866,,Right Foot,,,,"[73.3, 73.5]",,Ground Pass,21.914606,,,,Jean-Charles Castelletto,7426.0,,,,,1,From Throw In,Christopher Wooh,74588.0,Right Center Back,37,Cameroon,2722,['788a9487-3473-4066-9bff-7cf6d9bb9f1f'],40,,,,,,,,,,,,,,,,,Cameroon,2722,00:22:40.063,Pass,
,,,,,,,,,,,,,,,,,1.251342,,,,,,,,,,,7c551c44-925a-4dab-9eab-7f2445308c52,669,,"[74.4, 74.1]",3920389,22,,,,,-1.1676807,,Right Foot,,,,"[80.2, 60.5]",,Ground Pass,14.785128,,,,Jules Olivier Ntcham,10530.0,,,,,1,From Throw In,Jean-Charles Castelletto,7426.0,Right Back,37,Cameroon,2722,['cbbe6d07-4020-4534-a13b-f2c978e3138a'],43,,,,,,,,,,,,,,,,,Cameroon,2722,00:22:43.026,Pass,
,,,,,,,,,,,,,,,,,1.784044,,,,,,,,,,,c8882231-d378-4e43-a1a5-201a8f6f36c4,673,,"[69.4, 63.5]",3920389,22,,,,,-2.9921136,,Right Foot,,,,"[52.8, 61.0]",,Ground Pass,16.787197,,,,Christopher Wooh,74588.0,,,,,1,From Throw In,Jules Olivier Ntcham,10530.0,Right Center Midfield,37,Cameroon,2722,"['1e58c977-097f-4845-8394-c036c3bb6d85', '766b5470-8d76-44a9-af92-ae3bf3d1d0d3']",46,,,,,,,,,,,,,,,,,Cameroon,2722,00:22:46.684,Pass,True
,,,,,,,,,,,,,,,,,1.550609,,,,,,,,,,,ba78368e-926d-4a7f-8da0-35ab390ff26c,676,,"[51.4, 60.1]",3920389,22,,,,,-1.5753212,,Right Foot,,,,"[51.3, 38.0]",,Ground Pass,22.100225,,,,Harold Moukoudi,7386.0,,,,,1,From Throw In,Christopher Wooh,74588.0,Right Center Back,37,Cameroon,2722,['3ef67989-7879-4fd6-a77e-c3b462c362d5'],48,,,,,,,,,,,,,,,,,Cameroon,2722,00:22:48.968,Pass,
,,,,,,,,,,,,,,,,,1.408101,,,,,,,,,,,254f8b5c-cd2f-4252-baf3-5192731560b1,679,,"[55.4, 37.1]",3920389,22,,,,,-1.3442827,,Right Foot,,,,"[61.3, 11.5]",,Ground Pass,26.271088,,,,Darlin Zidane Yongwa Ngameni,32190.0,,,,,1,From Throw In,Harold Moukoudi,7386.0,Left Center Back,37,Cameroon,2722,['8fd43c6a-537e-4dbb-a501-002f7e1563d1'],51,,,,,,,,,,,,,,,,,Cameroon,2722,00:22:51.457,Pass,
,,,,,,,,,,,,,,,,,1.021677,,,,,,,,,,,f9a7830b-81a9-4020-83f0-fe527bc65569,682,,"[63.8, 7.4]",3920389,22,,,,,-0.54404265,,Left Foot,,,,"[71.9, 2.5]",,Ground Pass,9.4667845,,,,Georges-Kévin Nkoudou Mbida,3639.0,,,,,1,From Throw In,Darlin Zidane Yongwa Ngameni,32190.0,Left Back,37,Cameroon,2722,['c592be5a-082b-428d-89de-cc8f128329ff'],53,,,,,,,,,,,,,,,,,Cameroon,2722,00:22:53.951,Pass,
,,,,,,,,,,,,,,,,,1.273077,,,,,,,,,,,1f1495aa-eae7-47df-8209-6d3e4edab14a,686,,"[68.2, 2.5]",3920389,22,,,,,2.5380702,,Right Foot,,,,"[57.9, 9.6]",,Ground Pass,12.509996,,,,Darlin Zidane Yongwa Ngameni,32190.0,,,,,1,From Throw In,Georges-Kévin Nkoudou Mbida,3639.0,Left Wing,37,Cameroon,2722,['78b3a6ae-daaa-4e49-b553-262b064f3551'],55,,,,,,,,,,,,,,,,,Cameroon,2722,00:22:55.977,Pass,
,,,,,,,,,,,,,,,,,0.784007,,,,,,,,,,,49439a2f-fe9b-4c7c-aea3-fad6a4ec226d,689,,"[58.2, 11.1]",3920389,22,,,,,1.6539376,,Left Foot,,,,"[57.2, 23.1]",,Ground Pass,12.0415945,,,,Olivier Michel Kemen,7355.0,,,,,1,From Throw In,Darlin Zidane Yongwa Ngameni,32190.0,Left Back,37,Cameroon,2722,['5b43aa8a-ded9-4254-9a75-b7c5aa25b31d'],57,,,,,,,,,,,,,,,,,Cameroon,2722,00:22:57.971,Pass,
,,,,,,,,,,,,,,,,,2.043709,,,,,,,,,,,1dab809c-8cd6-4b51-906b-56c531e931b9,693,,"[63.2, 11.1]",3920389,23,,,,,0.16852514,,Right Foot,,,,"[92.0, 16.0]",,High Pass,29.213867,,Incomplete,,Georges-Kévin Nkoudou Mbida,3639.0,,,,,1,From Throw In,Olivier Michel Kemen,7355.0,Center Defensive Midfield,37,Cameroon,2722,"['06a6c4da-569c-41a7-915e-3f0288005d2d', '59c3b20a-6bef-4b57-af43-df4c5f7602de', 'b17fda59-e1f7-4aa6-a86d-fbe5a5179a17']",1,,,,,,,,,,,,,,,,,Cameroon,2722,00:23:01.135,Pass,True
,,,,,,,,,,,,,,,,,3.023919,,,,,,,,,,,ed92ae91-83d7-496b-9c18-52df35173b0a,696,,"[86.3, 0.1]",3920389,23,,True,,,2.868584,,,,,,"[48.8, 10.6]",,Low Pass,38.942265,,,,Harold Moukoudi,7386.0,,,,Throw-in,1,From Throw In,Darlin Zidane Yongwa Ngameni,32190.0,Left Back,38,Cameroon,2722,['311543da-b23a-4372-b025-ba635e78bc2e'],7,,,,,,,,,,,,,,,,,Cameroon,2722,00:23:07.773,Pass,
,,,,,,,,,,,,,,,,,1.150631,,,,,,,,,,,91fe4926-e279-4677-93b3-b2a5af0a5cbc,698,,"[50.3, 11.7]",3920389,23,,,,,-0.58531445,,Right Foot,,,,"[58.9, 6.0]",,Ground Pass,10.317461,,,,Darlin Zidane Yongwa Ngameni,32190.0,,,,,1,From Throw In,Harold Moukoudi,7386.0,Left Center Back,38,Cameroon,2722,['675ff7cf-ae7e-4d99-929e-48279884e175'],11,,,,,,,,,,,,,,,,,Cameroon,2722,00:23:11.580,Pass,
,,,,,,,,,,,,,,,,,4.176577,,,,,,,,,,,dd041690-f9c0-46af-b373-05f806897654,701,,"[56.1, 7.0]",3920389,23,,,,,0.104000516,,Right Foot,,,,"[115.5, 13.2]",,High Pass,59.722694,,,,Karl Brillant Toko Ekambi,3551.0,,,,,1,From Throw In,Darlin Zidane Yongwa Ngameni,32190.0,Left Back,38,Cameroon,2722,['96ca8a46-63cf-4a1c-a577-cd57998e4497'],14,,,,,,,,,,,,,,,,,Cameroon,2722,00:23:14.088,Pass,
,,,,,,,,,,,,,,,,,3.304773,,,,,,,,,,,be43d729-407a-43d9-ae2c-5f6271e14435,706,,"[6.8, 42.0]",3920389,23,,,,,0.37304795,,Right Foot,,,,"[69.4, 66.5]",,High Pass,67.22358,,,,Morgan Guilavogui,47351.0,,,,Goal Kick,1,From Goal Kick,Ibrahim Kone,182573.0,Goalkeeper,39,Guinea,4892,['b8c6c414-2998-4888-a16f-c3181ece1943'],55,,,,,,,,,,,,,,,,,Guinea,4892,00:23:55.650,Pass,
,,,,,,,,,,,,,,,,,3.959308,,,,,,,,,,,ff88dba7-adee-46dc-b3ac-32adfb395f79,708,,"[70.4, 66.5]",3920389,23,,,,,-0.2551824,,Head,,,,"[104.9, 57.5]",,High Pass,35.654594,,Incomplete,,Mohamed Bayo,8454.0,,,,,1,From Goal Kick,Morgan Guilavogui,47351.0,Right Wing,39,Guinea,4892,"['dda9d5e4-2a02-47a7-8ad4-a36bb8402857', 'c8428ad3-9945-42a0-af00-a6b4ce193e28']",58,,,,,,,,,,,,,,,,,Guinea,4892,00:23:58.954,Pass,
,,,,,,,,,,,,,,,,,1.280381,,,,,,,,,,,6a68c6a1-eae5-414e-a846-f2419b53e31d,713,,"[14.8, 41.8]",3920389,24,,,,,1.484058,,Right Foot,,,,"[15.8, 53.3]",,Ground Pass,11.543396,,,,Christopher Wooh,74588.0,,,,,1,From Keeper,Joseph Fabrice Ondoa Ebogo,24670.0,Goalkeeper,40,Cameroon,2722,['57eb3a5d-9e15-44c1-9c0a-af20de669744'],10,,,,,,,,,,,,,,,,,Cameroon,2722,00:24:10.542,Pass,
,,,,,,,,,,,,,,,,,1.758254,,,,,,,,,,,14d966c2-521d-4328-b3cb-f71a56f989cd,716,,"[29.4, 51.8]",3920389,24,,,,,-1.1691382,,Right Foot,,,,"[42.1, 21.9]",,Ground Pass,32.485382,,,,André-Frank Zambo Anguissa,3141.0,,,,,1,From Keeper,Christopher Wooh,74588.0,Right Center Back,40,Cameroon,2722,['43f6b634-e427-446e-9f95-32cfab37f61c'],15,,,,,,,,,,,,,,,,,Cameroon,2722,00:24:15.077,Pass,
,,,,,,,,,,,,,,,,,0.957453,,,,,,,,,,,7d48fb4b-69af-44e3-90c7-1d51d7f262fb,719,,"[50.4, 22.6]",3920389,24,,,,,0.113544606,,Right Foot,,,,"[61.8, 23.9]",,Ground Pass,11.473884,,,,Georges-Kévin Nkoudou Mbida,3639.0,,,,,1,From Keeper,André-Frank Zambo Anguissa,3141.0,Left Center Midfield,40,Cameroon,2722,['35157618-4ba9-497a-a191-d722519142ad'],19,,,,,,,,,,,,,,,,,Cameroon,2722,00:24:19.657,Pass,
,,,,,,,,,,,,,,,,,2.53288,,,,,,,,,,,5a610927-6289-4a64-bf1b-0e99928e1087,723,,"[56.3, 32.8]",3920389,24,,,,,1.450437,,Right Foot,,,,"[60.4, 66.7]",,Ground Pass,34.147034,,,,Jean-Charles Castelletto,7426.0,,,,,1,From Keeper,Georges-Kévin Nkoudou Mbida,3639.0,Left Wing,40,Cameroon,2722,['4d58cb96-c13d-4efd-ab43-71c889498b6e'],22,,,,,,,,,,,,,,,,,Cameroon,2722,00:24:22.828,Pass,
,,,,,,,,,,,,,,,,,1.173761,,,,,,,,,,,2da69ca4-e25e-4507-bf27-6f812b2cf323,726,,"[62.8, 68.3]",3920389,24,,,,,-0.039978687,,Right Foot,,,,"[75.3, 67.8]",,Ground Pass,12.509996,,,,Frank Magri,189348.0,,,,,1,From Keeper,Jean-Charles Castelletto,7426.0,Right Back,40,Cameroon,2722,['df580808-7587-4e14-a6da-d56fdddf8ee0'],25,,,,,,,,,,,,,,,,,Cameroon,2722,00:24:25.924,Pass,
,,,,,,,,,,,,,,,,,1.893195,,,,,,,,,,,6191ca57-8cd3-4f56-ba20-e21746636e51,733,,"[44.7, 16.8]",3920389,24,,,,,3.0743864,,Right Foot,,,,"[34.3, 17.5]",,Ground Pass,10.423532,,,,Julian Jeanvier,7360.0,,,,Recovery,1,Regular Play,François Kamano,3405.0,Left Wing,41,Guinea,4892,"['88a48602-141e-4bdb-a33c-d2348d0b8c72', 'df03a08b-64f1-4321-b0fe-5b3b43888faa']",29,,,,,,,,,,,,,,,,,Guinea,4892,00:24:29.012,Pass,True
,,,,,,,,,,,,,,,,,0.728689,,,,,,,,,,,eebb542a-5050-469f-b712-ce2befb9ac2d,735,,"[33.8, 18.1]",3920389,24,,,,,1.0617255,,Right Foot,,,,"[36.2, 22.4]",,Ground Pass,4.924429,,,,Mory Konaté,35285.0,,,,,1,Regular Play,Julian Jeanvier,7360.0,Left Center Back,41,Guinea,4892,['80fa7cc3-a04f-437b-9111-f0eb756fa68e'],30,,,,,,,,,,,,,,,,,Guinea,4892,00:24:30.906,Pass,
,,,,,,,,,,,,,,,,,0.83196,,,,,,,,,,,5d0f1e76-42bd-4cf3-aa9e-2802e1e23bac,737,,"[36.2, 22.4]",3920389,24,,,,,-2.011102,,Right Foot,,,,"[31.3, 12.0]",,Low Pass,11.496521,,,,Julian Jeanvier,7360.0,,,,,1,Regular Play,Mory Konaté,35285.0,Right Defensive Midfield,41,Guinea,4892,['a4224402-1493-4917-a47d-ebcea1bd834f'],31,,,,,,,,,,,,,,,,,Guinea,4892,00:24:31.634,Pass,
,,,,,,,,,,,,,,,,,5.081323,,,,,,,,,,,edecdb56-e502-42bd-b1a9-4f5c231a6f19,740,,"[33.9, 9.1]",3920389,24,,,,,-0.0032573175,,Left Foot,,,,"[95.3, 8.9]",,High Pass,61.400326,,Incomplete,,Mohamed Bayo,8454.0,,,,,1,Regular Play,Julian Jeanvier,7360.0,Left Center Back,41,Guinea,4892,"['d9f19938-d61d-4292-b7e1-9deff2776905', 'c79bbd2a-7e5b-4eac-a1fc-2a3d8ad04af5']",33,,,,,,,,,,,,,,,,,Guinea,4892,00:24:33.935,Pass,
,,,,,,,,,,,,,,,,,1.378101,,,,,,,,,,,bf0bf45b-7da6-456a-a595-a6a4e7678afa,743,,"[21.6, 71.0]",3920389,24,,True,,,-1.3992702,,Left Foot,,,,"[23.8, 58.3]",,Ground Pass,12.889143,,,,Joseph Fabrice Ondoa Ebogo,24670.0,,,,,1,Regular Play,Christopher Wooh,74588.0,Right Center Back,42,Cameroon,2722,['d69725df-839c-4998-9dca-cfbb37fda8cd'],39,,,,,,,,,,,,,,,,,Cameroon,2722,00:24:39.919,Pass,
,,,,,,,,,,,,,,,,,1.026875,,,,,,,,,,,16f3151d-178a-4c27-8935-1990fa55f31f,745,,"[24.4, 58.1]",3920389,24,,,,,-0.10768987,,Right Foot,,,,"[39.2, 56.5]",,Ground Pass,14.886235,,,,Olivier Michel Kemen,7355.0,,,,,1,Regular Play,Joseph Fabrice Ondoa Ebogo,24670.0,Goalkeeper,42,Cameroon,2722,['5b23c8d1-11eb-4929-b8d0-f12e510d5787'],42,,,,,,,,,,,,,,,,,Cameroon,2722,00:24:42.366,Pass,
,,,,,,,,,,,,,,,,,1.896663,,,,,,,,,,,91e63779-f35e-4c1b-946e-9ae718a6acd6,748,,"[52.2, 36.1]",3920389,24,,,,,-1.6748152,,Right Foot,,,,"[50.3, 17.9]",,Ground Pass,18.298906,,,,Harold Moukoudi,7386.0,,,,,1,Regular Play,Olivier Michel Kemen,7355.0,Center Defensive Midfield,42,Cameroon,2722,['f47a8e21-51a8-41aa-a5b9-6296508703b9'],49,,,,,,,,,,,,,,,,,Cameroon,2722,00:24:49.882,Pass,
,,,,,,,,,,,,,,,,,2.566389,,,,,,,,,,,e3871269-2810-4f7c-98cf-bdd78ac39efc,751,,"[49.9, 19.2]",3920389,24,,,,,1.3616891,,Right Foot,,,,"[57.2, 53.6]",,Ground Pass,35.166035,,,,Christopher Wooh,74588.0,,,,,1,Regular Play,Harold Moukoudi,7386.0,Left Center Back,42,Cameroon,2722,['5515861e-3fab-4979-b4e2-dc09f47b5f16'],53,,,,,,,,,,,,,,,,,Cameroon,2722,00:24:53.335,Pass,
,,,,,,,,,,,,,,,,,1.089179,,,,,,,,,,,b8c8a331-d5f6-4bd7-b5ad-6777e785c2aa,754,,"[62.2, 58.1]",3920389,24,,,,,0.7535249,,Right Foot,,,,"[80.0, 74.8]",,Ground Pass,24.407581,,,,Frank Magri,189348.0,,,,,1,Regular Play,Christopher Wooh,74588.0,Right Center Back,42,Cameroon,2722,['4ae87aac-78a2-4c45-9e5c-9973836dea83'],57,,,,,,,,,,,,,,,,,Cameroon,2722,00:24:57.513,Pass,
,,,,,,,,,,,,,,,,,1.610166,,,,,,,,,,,ed81ec62-5b29-4b51-bf57-4e65b6b75ddb,758,,"[78.7, 63.1]",3920389,25,,,,,-2.2250078,,Right Foot,,,,"[66.2, 46.8]",,Ground Pass,20.541178,,,,Olivier Michel Kemen,7355.0,,,,,1,Regular Play,Frank Magri,189348.0,Right Wing,42,Cameroon,2722,"['f97bf123-44fd-4975-96c1-a7f81c089c48', '018a1b78-8c9f-4737-bf73-0c3ecb84154a']",3,,,,,,,,,,,,,,,,,Cameroon,2722,00:25:03.064,Pass,True
,,,,,,,,,,,,,,,,,1.122391,,,,,,,,,,,a170f08f-d7f5-44e7-b589-1c6a7fef5da4,761,,"[68.7, 51.1]",3920389,25,,,,,1.0467932,,Right Foot,,,,"[80.2, 71.0]",,Ground Pass,22.983908,,,,Jules Olivier Ntcham,10530.0,,,,,1,Regular Play,Olivier Michel Kemen,7355.0,Center Defensive Midfield,42,Cameroon,2722,['36ccb9a4-f6f1-43fc-bb92-cde5af53798d'],8,,,,,,,,,,,,,,,,,Cameroon,2722,00:25:08.260,Pass,
,,,,,,,,,,,,,,,,,1.707962,,,,,,,,,,,fde419b8-a490-4828-9fa7-c9be0d747966,764,,"[80.0, 70.7]",3920389,25,,,,,-2.3940773,,Right Foot,,,,"[62.2, 54.2]",,Ground Pass,24.271175,,,,Christopher Wooh,74588.0,,,,,1,Regular Play,Jules Olivier Ntcham,10530.0,Right Center Midfield,42,Cameroon,2722,['d68ba877-2a48-41c0-ad39-9abd68c31562'],12,,,,,,,,,,,,,,,,,Cameroon,2722,00:25:12.435,Pass,
,,,,,,,,,,,,,,,,,1.999253,,,,,,,,,,,d881b080-808b-49f2-bf72-e2b9734c07f3,767,,"[62.8, 54.2]",3920389,25,,,,,-1.4955959,,Right Foot,,,,"[65.0, 25.0]",,Ground Pass,29.282759,,,,Harold Moukoudi,7386.0,,,,,1,Regular Play,Christopher Wooh,74588.0,Right Center Back,42,Cameroon,2722,['670bf50a-076b-4847-a800-6a30090270bf'],15,,,,,,,,,,,,,,,,,Cameroon,2722,00:25:15.117,Pass,
,,,,,,,,,,,,,,,,,1.561599,,,,,,,,,,,6cfdc540-a48a-4e36-b8bb-a86be21f7d76,770,,"[68.2, 15.6]",3920389,25,,,,,-0.5328439,,Right Foot,,,,"[87.7, 4.1]",,Ground Pass,22.638462,,,,Darlin Zidane Yongwa Ngameni,32190.0,,,,,1,Regular Play,Harold Moukoudi,7386.0,Left Center Back,42,Cameroon,2722,['961a3473-182e-48a8-8d03-f3971e3c47ee'],18,,,,,,,,,,,,,,,,,Cameroon,2722,00:25:18.593,Pass,
,,,,,,,,,,,,,,,,,0.562033,,,,,,,,,,,2b438864-bb93-4aab-901f-c6f5d11f237a,773,,"[89.5, 1.1]",3920389,25,,,,,1.4346573,,Right Foot,,,,"[90.5, 8.4]",,Ground Pass,7.368175,,Incomplete,,Karl Brillant Toko Ekambi,3551.0,,,,,1,Regular Play,Darlin Zidane Yongwa Ngameni,32190.0,Left Back,42,Cameroon,2722,"['b6e05e7e-51cc-460c-bd15-9e50478022ca', 'b40c4080-31a3-4d6a-9c2f-a163b5beabf9']",22,,,,,,,,,,,,,,,,,Cameroon,2722,00:25:22.151,Pass,
,,,,,,,,,,,,,,,,,0.753483,,,,,,,,,,,ffcaf8f6-72a3-4599-bf58-2df94a47a1fb,777,,"[19.6, 63.1]",3920389,25,,,,,-0.13927926,,Right Foot,,,,"[30.3, 61.6]",,Ground Pass,10.804628,,,,Moriba Kourouma Kourouma,39073.0,,,,Recovery,1,Regular Play,Mouctar Diakhaby,4267.0,Right Center Back,42,Cameroon,2722,['7ca0641c-0c4c-44b8-885a-ec2d1874ea74'],24,,,,,,,,,,,,,,,,,Guinea,4892,00:25:24.318,Pass,
,,,,,,,,,,,,,,,,,1.524355,,,,,,,,,,,ae2abaea-3779-43e5-b632-aec61713b7b8,782,,"[77.2, 19.0]",3920389,25,,,,,0.98132527,,Right Foot,,,,"[87.7, 34.7]",,Ground Pass,18.887562,,,,Jules Olivier Ntcham,10530.0,,,,,1,Regular Play,Olivier Michel Kemen,7355.0,Center Defensive Midfield,42,Cameroon,2722,['17f3fa0a-09cc-4ed4-9139-1425648d5c5c'],27,,,,,,,,,,,,,,,,,Cameroon,2722,00:25:27.579,Pass,
,,,,,,,,,,,,,,,,,2.807288,,,,,,,,,,,fc76dda5-7012-4108-a268-59a07699dd2a,786,,"[84.8, 33.5]",3920389,25,,,,,0.7185006,,Right Foot,,,,"[106.3, 52.3]",,Ground Pass,28.560287,,Incomplete,,Frank Magri,189348.0,,,,,1,Regular Play,Jules Olivier Ntcham,10530.0,Right Center Midfield,42,Cameroon,2722,"['6a477cc2-9e7f-4b7d-b121-7970d41e5f31', '343975cf-dd84-4021-8098-3eaf40d56c2f', 'ca076311-66a4-4f42-9f6d-dee0d907268f']",29,,,,,,,,,,,,,,,,,Cameroon,2722,00:25:29.505,Pass,True
,,,,,,,,,,,,,,,,,1.774806,,,,,,,,,,,ca076311-66a4-4f42-9f6d-dee0d907268f,788,,"[13.8, 27.8]",3920389,25,,,,,2.4895446,,Right Foot,,,,"[4.5, 34.9]",,Ground Pass,11.700427,,,,Ibrahim Kone,182573.0,,,,Recovery,1,Regular Play,Sekou Oumar Sylla,132711.0,Left Back,42,Cameroon,2722,"['f1b4b56a-9e30-45bf-88c9-1287b4877e38', 'fc76dda5-7012-4108-a268-59a07699dd2a']",32,,,,,,,,,,,,,,,,,Guinea,4892,00:25:32.312,Pass,
,,,,,,,,,,,,,,,,,3.512648,,,,,,,,,,,7ea14dda-66d5-4399-a5dd-22e6a6548cd7,791,,"[2.7, 34.4]",3920389,25,,,,,-0.266093,,Right Foot,,,,"[55.9, 19.9]",,High Pass,55.14064,,Incomplete,,Mohamed Bayo,8454.0,,,,,1,Regular Play,Ibrahim Kone,182573.0,Goalkeeper,42,Cameroon,2722,"['ebe0a269-721a-4912-be82-bb9b80a5a89a', '98cbc4e3-e33f-4bfa-a391-5920ab825418']",34,,,,,,,,,,,,,,,,,Guinea,4892,00:25:34.087,Pass,
,,,,,,,,,,,,,,,,,1.109465,,,,,,,,,,,98cbc4e3-e33f-4bfa-a391-5920ab825418,793,,"[64.2, 60.2]",3920389,25,,,,,-1.4716203,,Head,,,,"[66.2, 40.1]",,High Pass,20.199257,,,,Olivier Michel Kemen,7355.0,,,,Recovery,1,Regular Play,Christopher Wooh,74588.0,Right Center Back,42,Cameroon,2722,"['7ea14dda-66d5-4399-a5dd-22e6a6548cd7', 'c430cd0f-6640-4fc0-beda-5f55e320fdda']",37,,,,,,,,,,,,,,,,,Cameroon,2722,00:25:37.600,Pass,
,,,,,,,,,,,,,,,,,2.598154,,,,,,,,,,,1f7438ad-9522-48a0-8004-4fc60cf2c00c,796,,"[63.8, 40.2]",3920389,25,,,,,-2.416989,,Left Foot,,,,"[45.5, 24.0]",,Ground Pass,24.440336,,,,Harold Moukoudi,7386.0,,,,,1,Regular Play,Olivier Michel Kemen,7355.0,Center Defensive Midfield,42,Cameroon,2722,['f91248de-abf6-4e84-ac16-9d168e80729f'],39,,,,,,,,,,,,,,,,,Cameroon,2722,00:25:39.569,Pass,
,,,,,,,,,,,,,,,,,1.456329,,,,,,,,,,,59c17904-fdc9-4372-ae75-0a7adea0456d,799,,"[41.7, 19.7]",3920389,25,,,,,1.0756631,,Left Foot,,,,"[47.1, 29.7]",,Ground Pass,11.364858,,,,Olivier Michel Kemen,7355.0,,,,,1,Regular Play,Harold Moukoudi,7386.0,Left Center Back,42,Cameroon,2722,['3accbb6b-86ed-419f-bede-eb04acb9892d'],44,,,,,,,,,,,,,,,,,Cameroon,2722,00:25:44.445,Pass,
,,,,,,,,,,,,,,,,,2.767605,,,,,,,,,,,1f656cae-3937-4fee-9855-1e22e7ebf8f6,802,,"[49.6, 33.2]",3920389,25,,,,,0.3623472,,Right Foot,,,,"[95.5, 50.6]",,High Pass,49.08737,,,,Karl Brillant Toko Ekambi,3551.0,,,,,1,Regular Play,Olivier Michel Kemen,7355.0,Center Defensive Midfield,42,Cameroon,2722,['f09c40c4-8503-4743-82fb-f66ec32ed81b'],48,,,,,,,,,,,,,,,,,Cameroon,2722,00:25:48.092,Pass,
,,,,,,,,,,,,,,,,,1.695193,,,,,,,,,,,67abb244-8cb1-4429-a3a3-45cbf705d0df,806,,"[98.3, 52.3]",3920389,25,,,,,0.86407363,,Right Foot,,,,"[109.4, 65.3]",,Ground Pass,17.09415,,,,Frank Magri,189348.0,,,,,1,Regular Play,Karl Brillant Toko Ekambi,3551.0,Center Forward,42,Cameroon,2722,['3907ee00-8e52-4904-921e-6f72a0a3bd2e'],53,,,,,,,,,,,,,,,,,Cameroon,2722,00:25:53.452,Pass,
,,,,,,,,,,,,,,,,,3.352442,,,,,,,,,,,8999eed4-12cd-4d81-92d9-753efe9d832e,808,,"[111.6, 65.2]",3920389,25,,,,,-1.5985156,,Right Foot,True,,,"[110.1, 11.1]",,High Pass,54.120792,,,,Darlin Zidane Yongwa Ngameni,32190.0,,True,,,1,Regular Play,Frank Magri,189348.0,Right Wing,42,Cameroon,2722,['7d6f6440-5a14-40cc-879c-3635cbddcd2e'],55,,,,,,,,,,,,,,,,,Cameroon,2722,00:25:55.147,Pass,
,,,,,,,,,,,,,,,,,0.767057,,,,,,,,,,,97cef414-0023-49aa-be8c-1436604d19ad,811,,"[115.5, 12.7]",3920389,25,,,,,1.7007782,,Left Foot,,True,,"[113.5, 28.0]",,Ground Pass,15.430165,,Incomplete,,Georges-Kévin Nkoudou Mbida,3639.0,,,,,1,Regular Play,Darlin Zidane Yongwa Ngameni,32190.0,Left Back,42,Cameroon,2722,"['203dc6d9-a36b-4dd8-a716-363f967f7d33', 'd3831b40-31c0-4ede-8480-a091c270e585']",59,,,,,,,,,,,,,,,,,Cameroon,2722,00:25:59.461,Pass,
,,,,,,,,,,,,,,,,,1.575552,,,,,,,,,,,5fc11567-3203-418d-bcfd-37a158279011,819,,"[92.4, 0.1]",3920389,26,,,,,3.0115614,,,,,,"[79.4, 1.8]",,Low Pass,13.1106825,,,,André-Frank Zambo Anguissa,3141.0,,,,Throw-in,1,From Throw In,Darlin Zidane Yongwa Ngameni,32190.0,Left Back,43,Cameroon,2722,['c89f06d9-50c8-4b55-aeef-3375cd1f9553'],7,,,,,,,,,,,,,,,,,Cameroon,2722,00:26:07.842,Pass,
,,,,,,,,,,,,,,,,,1.910932,,,,,,,,,,,920bb967-1f4f-4390-b6c2-b5b44ba39aa3,822,,"[72.5, 6.0]",3920389,26,,,,,1.913607,,Right Foot,,,,"[61.9, 35.7]",,Ground Pass,31.5349,,,,Harold Moukoudi,7386.0,,,,,1,From Throw In,André-Frank Zambo Anguissa,3141.0,Left Center Midfield,43,Cameroon,2722,['7176427b-86f8-4856-940a-30330983d815'],13,,,,,,,,,,,,,,,,,Cameroon,2722,00:26:13.419,Pass,
,,,,,,,,,,,,,,,,,1.226139,,,,,,,,,,,b228bd80-57e3-4335-9e41-efe3717cbb57,825,,"[63.2, 40.1]",3920389,26,,,,,-1.6670496,,Right Foot,,,,"[61.8, 25.6]",,Ground Pass,14.56743,,,,Olivier Michel Kemen,7355.0,,,,,1,From Throw In,Harold Moukoudi,7386.0,Left Center Back,43,Cameroon,2722,['26334b45-f7d6-4c2d-a11d-db87af2c7420'],17,,,,,,,,,,,,,,,,,Cameroon,2722,00:26:17.475,Pass,
,,,,,,,,,,,,,,,,,1.313765,,,,,,,,,,,a782819e-aa78-4659-baaa-3214469231d5,828,,"[64.7, 24.0]",3920389,26,,,,,-1.006927,,Right Foot,,,,"[73.3, 10.4]",,Ground Pass,16.090992,,,,André-Frank Zambo Anguissa,3141.0,,,,,1,From Throw In,Olivier Michel Kemen,7355.0,Center Defensive Midfield,43,Cameroon,2722,['a52a1d96-bef7-42dd-8cca-d4308eb67ed0'],19,,,,,,,,,,,,,,,,,Cameroon,2722,00:26:19.465,Pass,
,,,,,,,,,,,,,,,,,1.111207,,,,,,,,,,,60d326d3-b95c-4156-a81d-72146f287f01,831,,"[75.7, 5.4]",3920389,26,,,,,-0.26571643,,Right Foot,,,,"[91.5, 1.1]",,Ground Pass,16.374676,,,,Darlin Zidane Yongwa Ngameni,32190.0,,,,,1,From Throw In,André-Frank Zambo Anguissa,3141.0,Left Center Midfield,43,Cameroon,2722,['5542b7e3-64a1-49b6-af7c-42b01e487605'],21,,,,,,,,,,,,,,,,,Cameroon,2722,00:26:21.972,Pass,
,,,,,,,,,,,,,,,,,0.615663,,,,,,,,,,,dc84413c-026d-462a-b17d-4d525629141b,834,,"[91.9, 2.0]",3920389,26,,,,,1.8989162,,Left Foot,,,,"[88.7, 11.4]",,Ground Pass,9.929753,,,,Jules Olivier Ntcham,10530.0,,,,,1,From Throw In,Darlin Zidane Yongwa Ngameni,32190.0,Left Back,43,Cameroon,2722,['10e42c7a-7a94-49e0-9fb6-dafaa6ab4fc1'],24,,,,,,,,,,,,,,,,,Cameroon,2722,00:26:24.785,Pass,
,,,,,,,,,,,,,,,,,1.145598,,,,,,,,,,,43ee0daa-8a6c-49e5-9ea3-0d6804f62378,837,,"[87.3, 10.2]",3920389,26,,,,,-1.7335237,,Right Foot,,,,"[86.2, 3.5]",,Ground Pass,6.789698,,,,Darlin Zidane Yongwa Ngameni,32190.0,,,,,1,From Throw In,Jules Olivier Ntcham,10530.0,Right Center Midfield,43,Cameroon,2722,"['77786319-4647-4d1b-8761-4136d5d05269', 'f5235f81-efe1-403f-92f0-1b4f547e1bc7']",25,,,,,,,,,,,,,,,,,Cameroon,2722,00:26:25.400,Pass,True
,,,,,,,,,,,,,,,,,0.45217,,,,,,,,,,,af3089b9-27fc-4f2e-8d6d-1ca10021a0ce,840,,"[86.2, 3.5]",3920389,26,,,,,-0.3270981,,Left Foot,,,,"[91.8, 1.6]",,Ground Pass,5.9135437,,,,Georges-Kévin Nkoudou Mbida,3639.0,,,,,1,From Throw In,Darlin Zidane Yongwa Ngameni,32190.0,Left Back,43,Cameroon,2722,['59130b04-172c-4489-8c4f-5506c9b7fb37'],27,,,,,,,,,,,,,,,,,Cameroon,2722,00:26:27.449,Pass,
,,,,,,,,,,,,,,,,,0.862426,,,,,,,,,,,522c1205-4153-4438-ab1e-c6bd852b42c0,844,,"[70.4, 7.4]",3920389,26,,,,,2.4937813,,Left Foot,,,,"[66.7, 10.2]",,Ground Pass,4.6400433,,,,Olivier Michel Kemen,7355.0,,,,,1,From Throw In,Georges-Kévin Nkoudou Mbida,3639.0,Left Wing,43,Cameroon,2722,['9c7a798f-2647-4bd9-9526-1bba03bd76fb'],32,,,,,,,,,,,,,,,,,Cameroon,2722,00:26:32.111,Pass,
,,,,,,,,,,,,,,,,,2.25607,,,,,,,,,,,5ac5fcf7-9f05-4a67-a335-c86558f14d1e,847,,"[67.5, 21.4]",3920389,26,,,,,1.507107,,Right Foot,,,,"[70.0, 60.6]",,Ground Pass,39.27964,,,,Christopher Wooh,74588.0,,,,,1,From Throw In,Olivier Michel Kemen,7355.0,Center Defensive Midfield,43,Cameroon,2722,['172054fe-5eb8-4628-8e3a-46fa28910e22'],34,,,,,,,,,,,,,,,,,Cameroon,2722,00:26:34.659,Pass,
,,,,,,,,,,,,,,,,,1.2873,,,,,,,,,,,e55d5b5c-a433-4609-9379-c812f9676681,851,,"[83.9, 65.8]",3920389,26,,,,,0.34171718,,Left Foot,,,,"[103.3, 72.7]",,Ground Pass,20.590532,,,,Jean-Charles Castelletto,7426.0,,,,,1,From Throw In,Christopher Wooh,74588.0,Right Center Back,43,Cameroon,2722,['7eb2ce4f-a223-433c-84f9-cd2e40e75f61'],39,,,,,,,,,,,,,,,,,Cameroon,2722,00:26:39.348,Pass,
,,,,,,,,,,,,,,,,,2.115993,,,,,,,,,,,f862935a-f5f1-46a8-86f4-5a5bffd6bd31,854,,"[102.0, 71.6]",3920389,26,,,,,-2.2379086,,Left Foot,,,,"[86.8, 52.3]",,Ground Pass,24.566847,,,,Jules Olivier Ntcham,10530.0,,,,,1,From Throw In,Jean-Charles Castelletto,7426.0,Right Back,43,Cameroon,2722,['927a9aaa-c89b-45f8-a85e-25ab1ed56acf'],42,,,,,,,,,,,,,,,,,Cameroon,2722,00:26:42.624,Pass,
,,,,,,,,,,,,,,,,,0.839808,,,,,,,,,,,9d0575d8-4fa5-4292-97b2-968d393ada6b,856,,"[86.8, 52.3]",3920389,26,,,,,2.0026526,,Right Foot,,,,"[81.5, 63.8]",,Ground Pass,12.662543,,,,Christopher Wooh,74588.0,,,,,1,From Throw In,Jules Olivier Ntcham,10530.0,Right Center Midfield,43,Cameroon,2722,['9d2c341e-4fe9-4c5a-aa08-e04f7002f2e5'],44,,,,,,,,,,,,,,,,,Cameroon,2722,00:26:44.740,Pass,
,,,,,,,,,,,,,,,,,2.359153,,,,,,,,,,,4b343f2b-4776-4da2-a247-27e41f48a8cb,859,,"[82.3, 63.5]",3920389,26,,,,,-2.3349211,,Right Foot,,,,"[68.5, 49.1]",,Ground Pass,19.944923,,,,Harold Moukoudi,7386.0,,,,,1,From Throw In,Christopher Wooh,74588.0,Right Center Back,43,Cameroon,2722,['4a78f161-985b-46b0-979f-eec39cd38af0'],46,,,,,,,,,,,,,,,,,Cameroon,2722,00:26:46.712,Pass,
,,,,,,,,,,,,,,,,,1.383713,,,,,,,,,,,45d5350c-c2a2-483f-ade6-7aa49b1f430d,862,,"[68.5, 49.1]",3920389,26,,,,,-1.4689989,,Right Foot,,,,"[70.4, 30.5]",,Ground Pass,18.69679,,,,Olivier Michel Kemen,7355.0,,,,,1,From Throw In,Harold Moukoudi,7386.0,Left Center Back,43,Cameroon,2722,['5c5e58c1-8c68-4330-8fc3-c95cc866c0f3'],49,,,,,,,,,,,,,,,,,Cameroon,2722,00:26:49.602,Pass,
,,,,,,,,,,,,,,,,,2.729384,,,,,,,,,,,e74e816f-226f-49ec-97f6-ae12a0a1534c,865,,"[70.7, 28.5]",3920389,26,,,,,0.36287692,,Right Foot,,,,"[116.0, 45.7]",,High Pass,48.455444,,Incomplete,,Jean-Charles Castelletto,7426.0,,,,,1,From Throw In,Olivier Michel Kemen,7355.0,Center Defensive Midfield,43,Cameroon,2722,"['d0e6dd6c-e97d-4a69-bbb9-0f4434753d47', 'eb98938f-14a7-4611-981e-7bf59788501a']",53,,,,,,,,,,,,,,,,,Cameroon,2722,00:26:53.338,Pass,
,,,,,,,,,,,,,,,,,3.54373,,,,,,,,,,,4a120c43-1164-41ef-ae11-96687af9afb0,869,,"[16.1, 31.1]",3920389,27,,,,,0.26637685,,Right Foot,,,,"[83.9, 49.6]",,High Pass,70.278656,,Incomplete,,Aguibou Camara,39559.0,,,,,1,From Throw In,Ibrahim Kone,182573.0,Goalkeeper,43,Cameroon,2722,"['3869587c-d65f-4869-a380-d07d1dd06ebc', 'f9fbc0b6-230d-43eb-b3c8-49c84e70d2a0']",19,,,,,,,,,,,,,,,,,Guinea,4892,00:27:19.605,Pass,
,,,,,,,,,,,,,,,,,1.557499,,,,,,,,,,,f9fbc0b6-230d-43eb-b3c8-49c84e70d2a0,871,,"[36.2, 30.5]",3920389,27,,,,,0.13970888,,Left Foot,,,,"[55.4, 33.2]",,High Pass,19.388914,,,,André-Frank Zambo Anguissa,3141.0,,,,Recovery,1,From Throw In,Harold Moukoudi,7386.0,Left Center Back,43,Cameroon,2722,"['4a120c43-1164-41ef-ae11-96687af9afb0', '2fea4518-6657-42c6-8fbc-e679aba3efeb']",23,,,,,,,,,,,,,,,,,Cameroon,2722,00:27:23.149,Pass,
,,,,,,,,,,,,,,,,,0.974598,,,,,,,,,,,42524cf1-7fa7-4122-b541-21e8e1ae4617,875,,"[55.7, 33.5]",3920389,27,,,,,2.9889433,,Other,,,,"[47.9, 34.7]",,High Pass,7.891768,,,,Olivier Michel Kemen,7355.0,,,,,1,From Throw In,André-Frank Zambo Anguissa,3141.0,Left Center Midfield,43,Cameroon,2722,"['d82cbc60-b657-43a1-aced-60e9050b1096', 'e18b5b46-5678-4c8b-9609-eb6de7d886e9']",24,,,,,,,,,,,,,,,,,Cameroon,2722,00:27:24.765,Pass,True
,,,,,,,,,,,,,,,,,1.742825,,,,,,,,,,,410dfe3a-6ce8-415d-8c0c-3c23f0ad1f7c,877,,"[47.9, 34.7]",3920389,27,,,,,-0.06965458,,Right Foot,,,,"[69.4, 33.2]",,High Pass,21.552261,,Pass Offside,,Karl Brillant Toko Ekambi,3551.0,,,,,1,From Throw In,Olivier Michel Kemen,7355.0,Center Defensive Midfield,43,Cameroon,2722,['3559e6d3-8457-4499-9698-e0647c3b295e'],25,,,,,,,,,,,,,,,,,Cameroon,2722,00:27:25.739,Pass,
,,,,,,,,,,,,,,,,,2.531578,,,,,,,,,,,853be6fa-0aa2-4ce9-9310-943521565e94,879,,"[51.9, 50.4]",3920389,27,,True,,,-2.8371603,,Right Foot,,,,"[18.8, 40.0]",,Ground Pass,34.69539,,,,Ibrahim Kone,182573.0,,,,Free Kick,1,From Free Kick,Mouctar Diakhaby,4267.0,Right Center Back,44,Guinea,4892,['7088770f-e338-480e-840c-2e886ae63ef3'],33,,,,,,,,,,,,,,,,,Guinea,4892,00:27:33.942,Pass,
,,,,,,,,,,,,,,,,,2.539982,,,,,,,,,,,35e5d2cc-2833-4f83-baea-167b67622439,881,,"[21.3, 39.6]",3920389,27,,,,,0.61245954,,Right Foot,,,,"[67.7, 72.2]",,High Pass,56.707317,,Unknown,,Morgan Guilavogui,47351.0,,,,,1,From Free Kick,Ibrahim Kone,182573.0,Goalkeeper,44,Guinea,4892,['083fb441-9eb4-42e2-82c2-660f3c75947a'],47,,,,,,,,,,,,,,,,,Guinea,4892,00:27:47.713,Pass,
,,,,,,,,,,,,,,,,,2.218414,,,,,,,,,,,321eb7b0-69f7-4c82-aca3-31d65bde875f,886,,"[66.5, 73.1]",3920389,28,,,,,-1.7995564,,Right Foot,,,,"[58.7, 39.6]",,Ground Pass,34.396076,,,,Julian Jeanvier,7360.0,,,,Free Kick,1,From Free Kick,Antoine Conte,131849.0,Right Back,45,Guinea,4892,['c509f677-e01c-4f47-8d6b-8da261f35f8b'],32,,,,,,,,,,,,,,,,,Guinea,4892,00:28:32.876,Pass,
,,,,,,,,,,,,,,,,,2.269541,,,,,,,,,,,c54a4767-0796-4836-bc84-e18bf701d5bf,889,,"[58.3, 38.9]",3920389,28,,,,,1.8897536,,Right Foot,,,,"[51.2, 60.4]",,Ground Pass,22.641996,,,,Mouctar Diakhaby,4267.0,,,,,1,From Free Kick,Julian Jeanvier,7360.0,Left Center Back,45,Guinea,4892,['791668c7-4dbe-402c-94d0-fa08be07dd34'],37,,,,,,,,,,,,,,,,,Guinea,4892,00:28:37.199,Pass,
,,,,,,,,,,,,,,,,,2.441681,,,,,,,,,,,31005412-8aa0-4c5a-9305-00b054e9e1ad,892,,"[51.2, 60.4]",3920389,28,,,,,0.28192586,,Right Foot,,,,"[98.5, 74.1]",,High Pass,49.244087,,,,Aguibou Camara,39559.0,,,,,1,From Free Kick,Mouctar Diakhaby,4267.0,Right Center Back,45,Guinea,4892,['2ae2c640-bbcb-4001-98fe-1579e56c7329'],40,,,,,,,,,,,,,,,,,Guinea,4892,00:28:40.833,Pass,
,,,,,,,,,,,,,,,,,0.903488,,,,,,,,,,,df7aba25-f75a-4a41-b701-b5e57df612ad,900,,"[16.9, 9.5]",3920389,28,,,,,0.47236833,,Right Foot,,,,"[30.6, 16.5]",,Ground Pass,15.384732,,,,Olivier Michel Kemen,7355.0,,,,,1,Regular Play,Harold Moukoudi,7386.0,Left Center Back,46,Cameroon,2722,['72a9c91f-5649-41c5-8a88-91a1772f97bb'],46,,,,,,,,,,,,,,,,,Cameroon,2722,00:28:46.383,Pass,
,,,,,,,,,,,,,,,,,1.212881,,,,,,,,,,,f951d5b8-e799-44f0-b7ec-2687ee998039,903,,"[33.1, 17.0]",3920389,28,,,,,-0.48320502,,Right Foot,,,,"[49.3, 8.5]",,Ground Pass,18.294535,,,,André-Frank Zambo Anguissa,3141.0,,,,,1,Regular Play,Olivier Michel Kemen,7355.0,Center Defensive Midfield,46,Cameroon,2722,['aac1298d-e284-4107-aba4-89651c1fb9ab'],48,,,,,,,,,,,,,,,,,Cameroon,2722,00:28:48.331,Pass,
,,,,,,,,,,,,,,,,,1.368997,,,,,,,,,,,3ac69b72-c949-4b85-945e-eb0f1769b9b6,907,,"[58.2, 7.0]",3920389,28,,,,,-0.29544082,,Right Foot,,,,"[74.3, 2.1]",,Ground Pass,16.829142,,,,Darlin Zidane Yongwa Ngameni,32190.0,,,,,1,Regular Play,André-Frank Zambo Anguissa,3141.0,Left Center Midfield,46,Cameroon,2722,['eb1e2bfb-ada4-47c9-8ee0-358bd3fe7c1e'],51,,,,,,,,,,,,,,,,,Cameroon,2722,00:28:51.328,Pass,
,,,,,,,,,,,,,,,,,1.948673,,,,,,,,,,,9e00d9b0-2d5a-435c-82d9-af5cd3b304e0,911,,"[74.4, 1.6]",3920389,28,,,,,0.28029966,,Left Foot,,,,"[100.8, 9.2]",,Ground Pass,27.472168,,Incomplete,,Georges-Kévin Nkoudou Mbida,3639.0,,,,,1,Regular Play,Darlin Zidane Yongwa Ngameni,32190.0,Left Back,46,Cameroon,2722,"['9d627da9-1852-460f-a077-879de4f4ad09', 'af02b4a6-e5bd-4829-9952-b3fb672211f0']",53,,,,,,,,,,,,,,,,,Cameroon,2722,00:28:53.019,Pass,
,,,,,,,,,,,,,,,,,0.857193,,,,,,,,,,,e6913767-210d-4baf-af20-b26df969238d,916,,"[7.0, 77.0]",3920389,28,,,,,0.17670886,,Right Foot,,,,"[23.8, 80.0]",,Ground Pass,17.065756,,Out,,Mohamed Bayo,8454.0,,,,,1,Regular Play,Mouctar Diakhaby,4267.0,Right Center Back,46,Cameroon,2722,['660afc7d-31c1-45e5-9a8d-1635e3a2d114'],58,,,,,,,,,,,,,,,,,Guinea,4892,00:28:58.754,Pass,
,,,,,,,,,,,,,,,,,1.776883,,,,,,,,,,,307b6f7c-aa67-47b5-9882-2954508114eb,918,,"[84.8, 0.1]",3920389,29,,True,,,2.5141044,,,,,,"[75.7, 6.7]",,Low Pass,11.241441,,,,Darlin Zidane Yongwa Ngameni,32190.0,,,,Throw-in,1,From Throw In,André-Frank Zambo Anguissa,3141.0,Left Center Midfield,47,Cameroon,2722,['9009a172-a5ae-4b28-a2d4-55c1c1bf41f9'],3,,,,,,,,,,,,,,,,,Cameroon,2722,00:29:03.780,Pass,
,,,,,,,,,,,,,,,,,1.3267,,,,,,,,,,,4cbde834-8f7b-47c3-94de-9d21cead760d,921,,"[89.3, 11.1]",3920389,29,,,,,-1.9914597,,Right Foot,,,,"[85.9, 3.5]",,Ground Pass,8.325863,,,,André-Frank Zambo Anguissa,3141.0,,,,,1,From Throw In,Darlin Zidane Yongwa Ngameni,32190.0,Left Back,47,Cameroon,2722,"['48ea11d4-f5b8-4dfb-a32d-f582012df2e7', '2d96939b-3c2c-4aaa-bebc-fb3245688a13']",9,,,,,,,,,,,,,,,,,Cameroon,2722,00:29:09.629,Pass,True
,,,,,,,,,,,,,,,,,0.96047,,,,,,,,,,,4393a609-32bc-4c7e-8c55-6982cc905551,924,,"[85.9, 3.5]",3920389,29,,,,,0.7270985,,Right Foot,,,,"[99.5, 15.6]",,Ground Pass,18.203571,,,,Georges-Kévin Nkoudou Mbida,3639.0,,,,,1,From Throw In,André-Frank Zambo Anguissa,3141.0,Left Center Midfield,47,Cameroon,2722,['78232f70-03dc-4936-81b9-d4be44e5aca4'],14,,,,,,,,,,,,,,,,,Cameroon,2722,00:29:14.294,Pass,
,,,,,,,,,,,,,,,,,1.615845,,,,,,,,,,,f867fc41-f140-4fc1-9153-54025af5bc61,932,,"[21.7, 68.4]",3920389,29,,,,,-0.8768455,,Right Foot,,,,"[32.1, 55.9]",,Ground Pass,16.260689,,,,François Kamano,3405.0,,,,,1,From Throw In,Morgan Guilavogui,47351.0,Right Wing,47,Cameroon,2722,"['f5c2b90f-f0b8-41a4-b912-ccda9ebfbdf0', 'efb52257-f7f1-4f62-a1d3-2704ad9535fe']",19,,,,,,,,,,,,,,,,,Guinea,4892,00:29:19.126,Pass,True
,,,,,,,,,,,,,,,,,0.281315,,,,,,,,,,,d32b0e43-9b09-4467-8ede-4cf71a1776b6,939,,"[95.4, 31.2]",3920389,29,,,,,0.87887496,,Right Foot,,,,"[98.3, 34.7]",,Ground Pass,4.545327,,Incomplete,,Karl Brillant Toko Ekambi,3551.0,,,,,1,From Throw In,Frank Magri,189348.0,Right Wing,47,Cameroon,2722,"['54b38c4e-5318-4da0-9bcd-d493ef0ba833', '948593e2-c426-4154-8879-c5a9a159ced5']",24,,,,,,,,,,,,,,,,,Cameroon,2722,00:29:24.049,Pass,
,,,,,,,,,,,,,,,,,1.407391,,,,,,,,,,,bdaf4fd9-41c2-40fa-aecf-352882fb4822,944,,"[87.9, 50.1]",3920389,29,,,,,0.9107873,,Right Foot,,,,"[98.3, 63.5]",,Ground Pass,16.96231,,,,Karl Brillant Toko Ekambi,3551.0,,,,,1,From Throw In,Jean-Charles Castelletto,7426.0,Right Back,47,Cameroon,2722,['77440ac5-a6a7-4053-9be5-3c8ed6a15a46'],28,,,,,,,,,,,,,,,,,Cameroon,2722,00:29:28.024,Pass,
,,,,,,,,,,,,,,,,,0.156587,,,,,,,,,,,008a9f7d-c5db-4ba7-b84b-acd899237220,947,,"[98.3, 68.1]",3920389,29,,,,,-2.0798671,,Left Foot,,,,"[95.9, 63.8]",,Ground Pass,4.924429,,Incomplete,,Jules Olivier Ntcham,10530.0,,,,,1,From Throw In,Karl Brillant Toko Ekambi,3551.0,Center Forward,47,Cameroon,2722,"['19c038b2-8b60-4f18-8d4f-59edf2776c8a', '97a90294-b308-4319-a3a4-9c10501bee0f']",32,,,,,,,,,,,,,,,,,Cameroon,2722,00:29:32.586,Pass,
,,,,,,,,,,,,,,,,,0.348956,,,,,,,,,,,f8d35de2-b208-4c94-aa3f-9600749e2e00,953,,"[26.3, 6.6]",3920389,29,,,,,1.3161716,,Right Foot,,,,"[28.2, 13.9]",,Ground Pass,7.543209,,,,Sekou Oumar Sylla,132711.0,,,,,1,Regular Play,François Kamano,3405.0,Left Wing,48,Guinea,4892,['a476d81f-0c7a-4d12-a042-f6d17450b141'],36,,,,,,,,,,,,,,,,,Guinea,4892,00:29:36.230,Pass,
,,,,,,,,,,,,,,,,,2.197267,,,,,,,,,,,581fb9ac-7183-443d-8738-d043a055e301,962,,"[31.4, 20.4]",3920389,29,,,,,-0.26448837,4d0c47f0-98c1-41ff-97a0-eaa7ab42d673,Right Foot,,,,"[55.4, 13.9]",,Ground Pass,24.864634,,,,Sekou Oumar Sylla,132711.0,True,,,,1,Regular Play,Moriba Kourouma Kourouma,39073.0,Left Defensive Midfield,48,Guinea,4892,['3a7c03d0-dffa-4aa5-8827-8de1195cef91'],39,,,,,,,,,,,,,,,,,Guinea,4892,00:29:39.209,Pass,
,,,,,,,,,,,,,,,,,1.58377,,,,,,,,,,,07696cd0-b3b8-45cd-9b89-7b448d321c3a,969,,"[6.0, 46.2]",3920389,32,,True,,,0.5971767,,Right Foot,,,,"[23.5, 58.1]",,Ground Pass,21.162703,,,,Christopher Wooh,74588.0,,,,Goal Kick,1,From Goal Kick,Joseph Fabrice Ondoa Ebogo,24670.0,Goalkeeper,49,Cameroon,2722,['8fc02a20-6db3-4bb0-9826-bcc8a18cc96c'],4,,,,,,,,,,,,,,,,,Cameroon,2722,00:32:04.609,Pass,
,,,,,,,,,,,,,,,,,1.633272,,,,,,,,,,,bf989df0-c92f-47bb-8d23-8e1ae754a0a4,971,,"[28.3, 55.2]",3920389,32,,,,,-0.66189206,,Right Foot,,,,"[44.6, 42.5]",,Ground Pass,20.663494,,,,Jules Olivier Ntcham,10530.0,,,,,1,From Goal Kick,Christopher Wooh,74588.0,Right Center Back,49,Cameroon,2722,['d3baef01-44ab-4b45-be84-51d953aaa69c'],7,,,,,,,,,,,,,,,,,Cameroon,2722,00:32:07.491,Pass,
,,,,,,,,,,,,,,,,,0.998233,,,,,,,,,,,c670b1dd-2254-481c-bd3e-8802c0605028,974,,"[54.2, 39.1]",3920389,32,,,,,0.9774462,,Right Foot,,,,"[62.9, 52.0]",,Ground Pass,15.559563,,,,Olivier Michel Kemen,7355.0,,,,,1,From Goal Kick,Jules Olivier Ntcham,10530.0,Right Center Midfield,49,Cameroon,2722,['2c40c2d0-cd3c-42f8-b6d5-3af5623e6897'],12,,,,,,,,,,,,,,,,,Cameroon,2722,00:32:12.223,Pass,
,,,,,,,,,,,,,,,,,1.22262,,,,,,,,,,,b0035192-572f-4f1d-a1b0-4fbe874a5f8b,977,,"[63.2, 52.0]",3920389,32,,,,,3.1213253,,Right Foot,,,,"[48.4, 52.3]",,Ground Pass,14.8030405,,,,Christopher Wooh,74588.0,,,,,1,From Goal Kick,Olivier Michel Kemen,7355.0,Center Defensive Midfield,49,Cameroon,2722,['67906e24-5b8b-4c84-b46e-ea562130a54f'],13,,,,,,,,,,,,,,,,,Cameroon,2722,00:32:13.262,Pass,
,,,,,,,,,,,,,,,,,1.330663,,,,,,,,,,,f6fd764a-e650-4b46-b97b-dbec36c9bade,980,,"[49.9, 56.6]",3920389,32,,,,,0.63025683,,Right Foot,,,,"[74.3, 74.4]",,Ground Pass,30.202648,,,,Jean-Charles Castelletto,7426.0,,,,,1,From Goal Kick,Christopher Wooh,74588.0,Right Center Back,49,Cameroon,2722,['81edcf62-2172-4c13-b944-a8eed3a1a974'],16,,,,,,,,,,,,,,,,,Cameroon,2722,00:32:16.056,Pass,
,,,,,,,,,,,,,,,,,1.403299,,,,,,,,,,,585e927d-d016-4d9c-84ab-3eec8120b02c,983,,"[72.3, 69.2]",3920389,32,,,,,-1.8409495,,Right Foot,,,,"[68.7, 56.2]",,Ground Pass,13.489255,,,,Jules Olivier Ntcham,10530.0,,,,,1,From Goal Kick,Jean-Charles Castelletto,7426.0,Right Back,49,Cameroon,2722,['49fa4f87-401e-4ca0-8439-46f0d81999f0'],18,,,,,,,,,,,,,,,,,Cameroon,2722,00:32:18.861,Pass,
,,,,,,,,,,,,,,,,,2.019351,,,,,,,,,,,2dc9baf3-d5cc-416a-9800-8316c8c3aa22,985,,"[68.7, 56.2]",3920389,32,,,,,2.6467052,,Left Foot,,,,"[56.1, 63.0]",,Ground Pass,14.3178215,,,,Christopher Wooh,74588.0,,,,,1,From Goal Kick,Jules Olivier Ntcham,10530.0,Right Center Midfield,49,Cameroon,2722,['da65876f-0aee-433d-99dc-609dfb335d98'],20,,,,,,,,,,,,,,,,,Cameroon,2722,00:32:20.265,Pass,
,,,,,,,,,,,,,,,,,2.903157,,,,,,,,,,,3c7a0fa0-da15-49d2-af3c-1ca24c853615,987,,"[57.2, 63.0]",3920389,32,,,,,-1.4039044,,Right Foot,,,,"[61.9, 35.1]",,Ground Pass,28.293108,,,,Harold Moukoudi,7386.0,,,,,1,From Goal Kick,Christopher Wooh,74588.0,Right Center Back,49,Cameroon,2722,['2754d46a-7635-475a-8c5f-7631ea52ed34'],22,,,,,,,,,,,,,,,,,Cameroon,2722,00:32:22.284,Pass,
,,,,,,,,,,,,,,,,,1.397372,,,,,,,,,,,7898591c-0753-4cd4-b5ad-910cfca7bf86,990,,"[61.9, 35.1]",3920389,32,,,,,-1.0498866,,Right Foot,,,,"[68.9, 22.9]",,Ground Pass,14.06556,,,,André-Frank Zambo Anguissa,3141.0,,,,,1,From Goal Kick,Harold Moukoudi,7386.0,Left Center Back,49,Cameroon,2722,['1b8d6060-389c-4238-a4a5-04525b62ba4e'],26,,,,,,,,,,,,,,,,,Cameroon,2722,00:32:26.100,Pass,
,,,,,,,,,,,,,,,,,1.050644,,,,,,,,,,,28b8b330-f244-4e30-a6e2-96ae8825c3e0,993,,"[73.9, 14.2]",3920389,32,,,,,0.12326567,,Right Foot,,,,"[85.2, 15.6]",,Ground Pass,11.386395,,,,Georges-Kévin Nkoudou Mbida,3639.0,,,,,1,From Goal Kick,André-Frank Zambo Anguissa,3141.0,Left Center Midfield,49,Cameroon,2722,['84711b12-8f39-4473-98be-300dd5463a94'],29,,,,,,,,,,,,,,,,,Cameroon,2722,00:32:29.282,Pass,
,,,,,,,,,,,,,,,,,0.703254,,,,,,,,,,,eb887f16-ebc0-493a-bd72-bde8c499d620,997,,"[85.2, 18.5]",3920389,32,,,,,0.809587,,Right Foot,,,,"[97.3, 31.2]",,Ground Pass,17.54138,,Incomplete,,Karl Brillant Toko Ekambi,3551.0,,,,,1,From Goal Kick,Georges-Kévin Nkoudou Mbida,3639.0,Left Wing,49,Cameroon,2722,"['7a97a83f-2b8c-4709-91dd-d725174e485b', '29b5a3af-a190-4cd3-b7df-0d4c1e7213b4']",31,,,,,,,,,,,,,,,,,Cameroon,2722,00:32:31.255,Pass,
,,,,,,,,,,,,,,,,,1.116248,,,,,,,,,,,7614ae57-25b8-4da3-85e8-fd7266ad2584,1001,,"[21.3, 49.7]",3920389,32,,,,,-0.90713364,,Right Foot,,,,"[37.8, 28.6]",,Ground Pass,26.785444,,,,François Kamano,3405.0,,,,,1,Regular Play,Mouctar Diakhaby,4267.0,Right Center Back,50,Guinea,4892,['bdd43eb1-7d05-435c-b18e-9cfadd7d824c'],32,,,,,,,,,,,,,,,,,Guinea,4892,00:32:32.896,Pass,
,,,,,,,,,,,,,,,,,1.411363,,,,,,,,,,,f9642d04-29d4-457e-9682-8b10fb9ed43c,1004,,"[59.3, 21.0]",3920389,32,,,,,1.8536972,,Right Foot,,,,"[56.8, 29.6]",,Ground Pass,8.956003,,,,Morgan Guilavogui,47351.0,,,,,1,Regular Play,François Kamano,3405.0,Left Wing,50,Guinea,4892,['0675e12f-262a-4932-b0fe-3ef77397b0ca'],37,,,,,,,,,,,,,,,,,Guinea,4892,00:32:37.763,Pass,
,,,,,,,,,,,,,,,,,2.964921,,,,,,,,,,,19895bca-cde5-419a-9d24-fe185915f497,1007,,"[56.8, 30.1]",3920389,32,,,,,-2.0203106,,Right Foot,,,,"[45.8, 7.3]",,Ground Pass,25.314817,,,,Sekou Oumar Sylla,132711.0,,,,,1,Regular Play,Morgan Guilavogui,47351.0,Right Wing,50,Guinea,4892,['3198b164-3b3e-4cb8-95f1-8c60bdccc1ef'],39,,,,,,,,,,,,,,,,,Guinea,4892,00:32:39.174,Pass,
,,,,,,,,,,,,,,,,,1.751442,,,,,,,,,,,5fe42c28-069b-4ccf-aa2c-97bf4cb4e1a6,1010,,"[38.6, 11.4]",3920389,32,,,,,2.7022765,,Left Foot,,,,"[20.3, 20.0]",,Ground Pass,20.22004,,,,Julian Jeanvier,7360.0,,,,,1,Regular Play,Sekou Oumar Sylla,132711.0,Left Back,50,Guinea,4892,['58557786-e17e-45a5-bdb1-fd84a746c16b'],44,,,,,,,,,,,,,,,,,Guinea,4892,00:32:44.716,Pass,
,,,,,,,,,,,,,,,,,1.568623,,,,,,,,,,,74d236d2-4d3e-44f9-bd02-904493c03e06,1012,,"[18.8, 20.0]",3920389,32,,,,,-0.4214192,,Right Foot,,,,"[50.7, 5.7]",,High Pass,34.958546,,,,Moriba Kourouma Kourouma,39073.0,,,,,1,Regular Play,Julian Jeanvier,7360.0,Left Center Back,50,Guinea,4892,['1f3fab8f-5897-4e5d-9c98-6052610a9fc8'],46,,,,,,,,,,,,,,,,,Guinea,4892,00:32:46.468,Pass,
,,,,,,,,,,,,,,,,,2.233481,,,,,,,,,,,326ba67e-3b7a-40ef-b66a-9b3c549a0065,1018,,"[38.7, 0.1]",3920389,33,,,,,1.1407752,,,,,,"[44.8, 13.4]",,Low Pass,14.632156,,,,Moriba Kourouma Kourouma,39073.0,,,,Throw-in,1,From Throw In,Sekou Oumar Sylla,132711.0,Left Back,51,Guinea,4892,['6bf4ff65-0c6d-4eac-a131-109a5ee020f1'],5,,,,,,,,,,,,,,,,,Guinea,4892,00:33:05.872,Pass,
,,,,,,,,,,,,,,,,,1.850977,,,,,,,,,,,aaec94e8-288e-4cff-9e69-1ec5b03b254e,1025,,"[49.3, 15.3]",3920389,33,,,,,0.14836785,,Right Foot,,,,"[77.4, 19.5]",,High Pass,28.412146,,Incomplete,,Mohamed Bayo,8454.0,,,,Free Kick,1,From Free Kick,Moriba Kourouma Kourouma,39073.0,Left Defensive Midfield,52,Guinea,4892,"['81081f73-da65-4610-b4d7-5e2f4ae28481', '0d4f41c0-9f7c-4afe-924d-95432f2794a5']",27,,,,,,,,,,,,,,,,,Guinea,4892,00:33:27.205,Pass,
,,,,,,,,,,,,,,,,,1.370202,,,,,,,,,,,0d4f41c0-9f7c-4afe-924d-95432f2794a5,1027,,"[42.7, 60.6]",3920389,33,,,,,-0.38954774,,Right Foot,,,,"[52.2, 56.7]",,Ground Pass,10.269372,,,,Jules Olivier Ntcham,10530.0,,,,Recovery,1,Regular Play,Jean-Charles Castelletto,7426.0,Right Back,53,Cameroon,2722,"['aaec94e8-288e-4cff-9e69-1ec5b03b254e', '98f63839-3001-474e-82a2-5429c68b7edf']",29,,,,,,,,,,,,,,,,,Cameroon,2722,00:33:29.056,Pass,
,,,,,,,,,,,,,,,,,1.613275,,,,,,,,,,,a15247aa-8004-4432-a7dc-9be661f60528,1030,,"[50.4, 49.5]",3920389,33,,,,,-2.0134497,,Right Foot,,,,"[43.1, 34.1]",,Ground Pass,17.042593,,,,Harold Moukoudi,7386.0,,,,,1,Regular Play,Jules Olivier Ntcham,10530.0,Right Center Midfield,53,Cameroon,2722,['73172992-fbc3-4d9b-8911-61ccf872c216'],32,,,,,,,,,,,,,,,,,Cameroon,2722,00:33:32.691,Pass,
,,,,,,,,,,,,,,,,,0.926066,,,,,,,,,,,29741434-8f05-4462-ba4d-9e20df7c5280,1033,,"[42.7, 36.6]",3920389,33,,,,,0.2474539,,Right Foot,,,,"[52.2, 39.0]",,Ground Pass,9.79847,,,,Jules Olivier Ntcham,10530.0,,,,,1,Regular Play,Harold Moukoudi,7386.0,Left Center Back,53,Cameroon,2722,['2aa926c2-c9d4-4e34-a9bd-e424417c7167'],35,,,,,,,,,,,,,,,,,Cameroon,2722,00:33:35.970,Pass,
,,,,,,,,,,,,,,,,,1.449641,,,,,,,,,,,d20570ff-f7af-4c70-b505-2cd5c403491c,1036,,"[52.2, 39.0]",3920389,33,,,,,1.9081706,,Right Foot,,,,"[45.5, 58.1]",,Ground Pass,20.241047,,,,Christopher Wooh,74588.0,,,,,1,Regular Play,Jules Olivier Ntcham,10530.0,Right Center Midfield,53,Cameroon,2722,['3bc0a70d-84f3-4ec1-9d0a-eea29dbbb111'],37,,,,,,,,,,,,,,,,,Cameroon,2722,00:33:37.607,Pass,
,,,,,,,,,,,,,,,,,1.11743,,,,,,,,,,,26d1b35b-7fbd-40ab-947e-de2ab8df48c0,1039,,"[52.2, 60.5]",3920389,33,,,,,1.3654009,,Left Foot,,,,"[54.7, 72.5]",,Ground Pass,12.25765,,,,Jean-Charles Castelletto,7426.0,,,,,1,Regular Play,Christopher Wooh,74588.0,Right Center Back,53,Cameroon,2722,['bf6cb0db-80cb-4d6f-96e6-ae33d7745df6'],40,,,,,,,,,,,,,,,,,Cameroon,2722,00:33:40.587,Pass,
,,,,,,,,,,,,,,,,,1.35706,,,,,,,,,,,05bc35b2-de8a-49fc-b2f3-b52a8ca41037,1042,,"[50.9, 69.6]",3920389,33,,,,,-2.315493,,Right Foot,,,,"[40.3, 58.1]",,Ground Pass,15.640013,,,,Christopher Wooh,74588.0,,,,,1,Regular Play,Jean-Charles Castelletto,7426.0,Right Back,53,Cameroon,2722,['a6bd707a-5713-4f0f-b2d8-abf3a7f6092c'],43,,,,,,,,,,,,,,,,,Cameroon,2722,00:33:43.717,Pass,
,,,,,,,,,,,,,,,,,2.326374,,,,,,,,,,,094a91c8-1eb5-4860-ac34-a486e419a166,1045,,"[36.9, 54.5]",3920389,33,,,,,-1.0863184,,Right Foot,,,,"[50.9, 27.9]",,Ground Pass,30.059275,,,,Harold Moukoudi,7386.0,,,,,1,Regular Play,Christopher Wooh,74588.0,Right Center Back,53,Cameroon,2722,['9edef3df-0ac7-4a4f-831f-8e2be6603fe0'],45,,,,,,,,,,,,,,,,,Cameroon,2722,00:33:45.833,Pass,
,,,,,,,,,,,,,,,,,1.895431,,,,,,,,,,,8ee495f5-9288-4f3b-b2c4-f9a30afea63c,1048,,"[57.9, 40.5]",3920389,33,,,,,1.3017353,,Right Foot,,,,"[66.2, 70.6]",,Ground Pass,31.223389,,,,Jean-Charles Castelletto,7426.0,,,,,1,Regular Play,Harold Moukoudi,7386.0,Left Center Back,53,Cameroon,2722,['6804a27c-82ec-40a6-aca1-c7a7d93d7124'],54,,,,,,,,,,,,,,,,,Cameroon,2722,00:33:54.987,Pass,
,,,,,,,,,,,,,,,,,1.367171,,,,,,,,,,,767df017-c45c-46e9-aad3-47358a3688f9,1051,,"[63.9, 69.1]",3920389,33,,,,,-2.819842,,Right Foot,,,,"[47.1, 63.5]",,Ground Pass,17.708755,,,,Christopher Wooh,74588.0,,,,,1,Regular Play,Jean-Charles Castelletto,7426.0,Right Back,53,Cameroon,2722,['932b62b9-1472-49c8-84a5-84b7f78b5203'],57,,,,,,,,,,,,,,,,,Cameroon,2722,00:33:57.846,Pass,
,,,,,,,,,,,,,,,,,1.01337,,,,,,,,,,,795bf7c7-f39e-4449-8026-28359be5bda3,1054,,"[48.9, 63.8]",3920389,34,,,,,0.115483865,,Right Foot,,,,"[73.9, 66.7]",,Ground Pass,25.167639,,,,Olivier Michel Kemen,7355.0,,,,,1,Regular Play,Christopher Wooh,74588.0,Right Center Back,53,Cameroon,2722,['41a4c91a-61a9-4d97-b931-eb8abf572cc5'],1,,,,,,,,,,,,,,,,,Cameroon,2722,00:34:01.976,Pass,
,,,,,,,,,,,,,,,,,0.587194,,,,,,,,,,,29046cba-b812-4ddd-abdc-125823ed8e49,1057,,"[74.7, 66.7]",3920389,34,,,,,1.331297,,Right Foot,,,,"[76.8, 75.3]",,Ground Pass,8.852683,,,,Frank Magri,189348.0,,,,,1,Regular Play,Olivier Michel Kemen,7355.0,Center Defensive Midfield,53,Cameroon,2722,['9ed0c1c3-dce3-43dc-b275-addc2252c2a8'],3,,,,,,,,,,,,,,,,,Cameroon,2722,00:34:03.849,Pass,
,,,,,,,,,,,,,,,,,1.230417,,,,,,,,,,,cdea7db4-0075-49da-8b8e-9f88efd193f1,1060,,"[76.4, 75.3]",3920389,34,,,,,-2.3971074,,Right Foot,,,,"[67.5, 67.1]",,Ground Pass,12.101653,,,,Jean-Charles Castelletto,7426.0,,,,,1,Regular Play,Frank Magri,189348.0,Right Wing,53,Cameroon,2722,['2d536c15-6eab-49a6-9521-8a2dd868c89b'],5,,,,,,,,,,,,,,,,,Cameroon,2722,00:34:05.323,Pass,
,,,,,,,,,,,,,,,,,0.927308,,,,,,,,,,,bdc1ae57-beff-49a2-8cc6-e958e708a452,1063,,"[67.5, 67.1]",3920389,34,,,,,-1.2277724,,Right Foot,,,,"[70.0, 60.1]",,Ground Pass,7.4330344,,,,André-Frank Zambo Anguissa,3141.0,,,,,1,Regular Play,Jean-Charles Castelletto,7426.0,Right Back,53,Cameroon,2722,['bd91231f-dfba-4c35-9750-6aabaa7b9c67'],9,,,,,,,,,,,,,,,,,Cameroon,2722,00:34:09.333,Pass,
,,,,,,,,,,,,,,,,,2.033619,,,,,,,,,,,8821fd83-6875-4704-89f9-0a01a58c9677,1066,,"[69.9, 60.1]",3920389,34,,,,,-2.1792922,,Left Foot,,,,"[55.2, 39.0]",,Ground Pass,25.715754,,,,Harold Moukoudi,7386.0,,,,,1,Regular Play,André-Frank Zambo Anguissa,3141.0,Left Center Midfield,53,Cameroon,2722,['d6d61b33-553d-434e-8e44-13cdcd459fea'],11,,,,,,,,,,,,,,,,,Cameroon,2722,00:34:11.316,Pass,
,,,,,,,,,,,,,,,,,1.114739,,,,,,,,,,,f4e2e4e2-9cee-431f-84ad-060c66177b3d,1069,,"[57.4, 34.1]",3920389,34,,,,,-0.96627873,,Right Foot,,,,"[67.9, 18.9]",,Ground Pass,18.474035,,,,Jules Olivier Ntcham,10530.0,,,,,1,Regular Play,Harold Moukoudi,7386.0,Left Center Back,53,Cameroon,2722,['df677bad-9fa2-4832-9e14-a3380cfe8074'],14,,,,,,,,,,,,,,,,,Cameroon,2722,00:34:14.272,Pass,
,,,,,,,,,,,,,,,,,1.322173,,,,,,,,,,,9481d4b0-e17c-4cba-b0dd-d58f53c1f6fb,1072,,"[73.3, 13.6]",3920389,34,,,,,-0.72614557,,Right Foot,,,,"[85.8, 2.5]",,Ground Pass,16.717056,,,,Darlin Zidane Yongwa Ngameni,32190.0,,,,,1,Regular Play,Jules Olivier Ntcham,10530.0,Right Center Midfield,53,Cameroon,2722,['8cc800a4-4840-4d44-a0e0-fc0a446d5d2e'],16,,,,,,,,,,,,,,,,,Cameroon,2722,00:34:16.815,Pass,
,,,,,,,,,,,,,,,,,0.876302,,,,,,,,,,,4bd8a8fe-10bc-4876-850c-f06181e9ddc5,1078,,"[118.4, 8.5]",3920389,35,,,,,1.6469539,c1ad64ab-5781-496f-963f-2b51f2232c69,Right Foot,True,,,"[116.5, 33.4]",,Low Pass,24.972385,,,,Karl Brillant Toko Ekambi,3551.0,True,,,Free Kick,1,From Free Kick,Georges-Kévin Nkoudou Mbida,3639.0,Left Wing,54,Cameroon,2722,['975d8cb1-70a8-4272-b11f-21e843ec529e'],18,,,,,,,,,,,,,,,,,Cameroon,2722,00:35:18.845,Pass,
,,,,,,,,,,,,,,,,,1.371909,,,,,,,,,,,571c1f06-0a45-477e-ab25-47723a39ccf8,1084,,"[10.3, 44.0]",3920389,35,,True,,,-1.0612041,,Keeper Arm,,,,"[21.7, 23.6]",,Ground Pass,23.369211,,,,Julian Jeanvier,7360.0,,,,,1,From Keeper,Ibrahim Kone,182573.0,Goalkeeper,55,Guinea,4892,['80921136-a1ec-45d5-ae4a-bef34a20dce4'],36,,,,,,,,,,,,,,,,,Guinea,4892,00:35:36.512,Pass,
,,,,,,,,,,,,,,,,,1.876562,,,,,,,,,,,88dd8504-4704-4ee4-b62a-1a67a931338f,1086,,"[31.3, 21.4]",3920389,35,,,,,2.8004704,,Right Foot,,,,"[11.3, 28.5]",,Ground Pass,21.222864,,,,Ibrahim Kone,182573.0,,,,,1,From Keeper,Julian Jeanvier,7360.0,Left Center Back,55,Guinea,4892,['aa76ebcc-2c61-485f-9279-5e769af74edc'],42,,,,,,,,,,,,,,,,,Guinea,4892,00:35:42.838,Pass,
,,,,,,,,,,,,,,,,,2.594004,,,,,,,,,,,e290a97e-0dc6-4d42-94d3-17775c1b3371,1090,,"[11.3, 28.6]",3920389,35,,,,,0.8869,,Right Foot,,,,"[50.1, 76.2]",,High Pass,61.410095,,,,Antoine Conte,131849.0,,True,,,1,From Keeper,Ibrahim Kone,182573.0,Goalkeeper,55,Guinea,4892,"['da7e51af-38e5-4d6f-a9a2-c814df47e887', 'd02ebef3-cf7a-43eb-b7df-bd3c1b34e702']",49,,,,,,,,,,,,,,,,,Guinea,4892,00:35:49.090,Pass,True
,,,,,,,,,,,,,,,,,0.082939,,,,,,,,,,,d497cba1-cb3b-4939-b242-cadf630f2fd6,1094,,"[50.1, 76.5]",3920389,35,,,,,-1.2360595,,Right Foot,,,,"[50.9, 74.2]",,Ground Pass,2.4351592,,Incomplete,,Mohamed Bayo,8454.0,,,,,1,From Keeper,Antoine Conte,131849.0,Right Back,55,Guinea,4892,"['2163623c-eac0-4db7-bdfc-86cbe1b6441d', '35122745-a827-403e-a77c-f31971ddc9ec', '0ecd389e-0767-41a1-b7e1-c17b3acae939']",52,,,,,,,,,,,,,,,,,Guinea,4892,00:35:52.590,Pass,True
,,,,,,,,,,,,,,,,,0.955723,,,,,,,,,,,a49443ba-e9f3-4e43-a9d5-846228d92b6c,1098,,"[51.6, 80.0]",3920389,35,,,,,-1.0573972,,,,,,"[56.9, 70.6]",,Low Pass,10.7912,,,,Aguibou Camara,39559.0,,,,Throw-in,1,From Throw In,Antoine Conte,131849.0,Right Back,56,Guinea,4892,['021822c1-5333-4c4c-bd0b-5b3b1b889f3b'],57,,,,,,,,,,,,,,,,,Guinea,4892,00:35:57.459,Pass,
,,,,,,,,,,,,,,,,,3.30618,,,,,,,,,,,c1ea6b18-ba83-4d9b-bfd0-c977b1d2c5c0,1104,,"[63.1, 73.4]",3920389,36,,,,,-2.1279585,,Right Foot,,,,"[43.6, 42.1]",,Ground Pass,36.877365,,,,Julian Jeanvier,7360.0,,,,Free Kick,1,From Free Kick,Morgan Guilavogui,47351.0,Right Wing,57,Guinea,4892,['59accb71-f7e3-488c-9728-ed4215790de9'],2,,,,,,,,,,,,,,,,,Guinea,4892,00:36:02.766,Pass,
,,,,,,,,,,,,,,,,,0.192564,,,,,,,,,,,52cf791c-bda2-41cd-babb-2225353511ac,1107,,"[50.2, 30.4]",3920389,36,,,,,-0.06548002,,Left Foot,,,,"[56.3, 30.0]",,Low Pass,6.1131005,,Incomplete,,Mohamed Bayo,8454.0,,,,,1,From Free Kick,Julian Jeanvier,7360.0,Left Center Back,57,Guinea,4892,"['003e4e90-06fc-4829-8b87-0e4a4573cba8', '3679e7fb-1842-4fe9-a458-e89ef3c75638']",8,,,,,,,,,,,,,,,,,Guinea,4892,00:36:08.191,Pass,
,,,,,,,,,,,,,,,,,1.826363,,,,,,,,,,,4e732eac-8894-463d-b626-4c82a7e690be,1113,,"[87.0, 56.5]",3920389,36,,,,,-0.8894981,,Right Foot,,,,"[102.0, 38.0]",,Ground Pass,23.81701,,Incomplete,,Frank Magri,189348.0,,,,,1,From Free Kick,Olivier Michel Kemen,7355.0,Center Defensive Midfield,57,Guinea,4892,"['5ddbe033-edc1-4148-b90f-c9d36432a656', 'ea57370f-33b3-45d8-930f-21b3f52f3206']",14,,,,,,,,,,,,,,,,,Cameroon,2722,00:36:14.540,Pass,
,,,,,,,,,,,,,,,,,0.935881,,,,,,,,,,,9f99889e-1f93-4960-98f4-24d6bc7aca73,1117,,"[26.1, 52.5]",3920389,36,,,,,0.15907237,,Right Foot,,,,"[44.8, 55.5]",,Ground Pass,18.939114,,,,Aguibou Camara,39559.0,,,,,1,From Free Kick,Mouctar Diakhaby,4267.0,Right Center Back,57,Guinea,4892,['9e2c0a1a-5753-495b-90b0-db7d35d61736'],19,,,,,,,,,,,,,,,,,Guinea,4892,00:36:19.333,Pass,
,,,,,,,,,,,,,,,,,0.464258,,,,,,,,,,,287ae709-e3c4-40dd-86a6-f4e33c7013bd,1124,,"[81.2, 21.0]",3920389,36,,,,,-0.2617135,,Left Foot,,,,"[86.8, 19.5]",,Ground Pass,5.7974133,,,,Georges-Kévin Nkoudou Mbida,3639.0,,,,,1,From Free Kick,Darlin Zidane Yongwa Ngameni,32190.0,Left Back,57,Guinea,4892,['545785d3-2992-452e-9208-256ca79c0a80'],25,,,,,,,,,,,,,,,,,Cameroon,2722,00:36:25.047,Pass,
,,,,,,,,,,,,,,,,,3.739389,,,,,,,,,,,3df516a3-4784-4e27-a0df-a18a05d06e3b,1134,,"[22.8, 46.9]",3920389,36,,,,,-0.76499283,,Right Foot,,,,"[47.8, 22.9]",,High Pass,34.655445,,,,Mory Konaté,35285.0,,,,,1,From Free Kick,Antoine Conte,131849.0,Right Back,57,Guinea,4892,['0e3b7be6-e9bf-4280-9031-0e2c46eb9495'],30,,,,,,,,,,,,,,,,,Guinea,4892,00:36:30.439,Pass,
,,,,,,,,,,,,,,,,,3.484619,,,,,,,,,,,50f9695f-c224-43ae-8db4-d18a4a2ee56f,1137,,"[69.4, 22.9]",3920389,36,,,,,-0.70825684,,Right Foot,,,,"[91.7, 3.8]",,Ground Pass,29.36154,,Incomplete,,François Kamano,3405.0,,,,,1,From Free Kick,Mory Konaté,35285.0,Right Defensive Midfield,57,Guinea,4892,"['bdcbb020-89cd-4e12-a2e2-82195e961d9a', '957acbc3-99bd-44f5-baed-952b3c3ef4b2']",36,,,,,,,,,,,,,,,,,Guinea,4892,00:36:36.421,Pass,
,,,,,,,,,,,,,,,,,0.818096,,,,,,,,,,,eddf7fbd-f35a-4337-b263-33da0b4a5055,1140,,"[25.8, 77.3]",3920389,36,,True,,,-1.4793851,,Right Foot,,,,"[26.9, 65.3]",,Ground Pass,12.050311,,,,Jules Olivier Ntcham,10530.0,,,,,1,Regular Play,Jean-Charles Castelletto,7426.0,Right Back,58,Cameroon,2722,['c1162099-cf69-4e52-a05e-469402c56087'],45,,,,,,,,,,,,,,,,,Cameroon,2722,00:36:45.896,Pass,
,,,,,,,,,,,,,,,,,3.454837,,,,,,,,,,,c5d18fde-dc79-4d8d-909c-eb2a76738049,1142,,"[28.3, 64.8]",3920389,36,,True,,,-0.79040647,,Left Foot,,,,"[87.9, 4.6]",,High Pass,84.712456,,,,Georges-Kévin Nkoudou Mbida,3639.0,,True,,,1,Regular Play,Jules Olivier Ntcham,10530.0,Right Center Midfield,58,Cameroon,2722,['01aca637-c84c-490e-95ab-0a86bce5807f'],47,,,,,,,,,,,,,,,,,Cameroon,2722,00:36:47.222,Pass,
,,,,,,,,,,,,,,,,,0.581468,,,,,,,,,,,2e1d5bad-9801-41fc-af8f-525c1c8905b8,1145,,"[115.6, 18.2]",3920389,36,,,,,1.8249211,,Left Foot,True,True,,"[111.6, 33.6]",,Ground Pass,15.911002,,Incomplete,,Karl Brillant Toko Ekambi,3551.0,,,,,1,Regular Play,Georges-Kévin Nkoudou Mbida,3639.0,Left Wing,58,Cameroon,2722,"['5d2732e3-5b4b-4abf-92d1-e77e1588c587', '4c0093cd-1c19-44ed-92a2-a31645f69987', 'f8286d69-26f1-4cca-b6f8-9f655c3665d4']",57,,,,,,,,,,,,,,,,,Cameroon,2722,00:36:57.449,Pass,True
,,,,,,,,,,,,,,,,,1.583244,,,,,,,,,,,af98b016-6190-4528-91a1-f79e0b540e5b,1148,,"[120.0, 0.1]",3920389,37,,,,,2.2367656,f7f10813-7fb0-44da-95fd-0a2d165b4a86,Right Foot,,,,"[103.5, 21.1]",,Ground Pass,26.706741,,,,Jules Olivier Ntcham,10530.0,True,,,Corner,1,From Corner,Georges-Kévin Nkoudou Mbida,3639.0,Left Wing,59,Cameroon,2722,['4552d459-de0b-4ffd-b198-c2a06f15a023'],39,,,,,,,,,,,,,,,,,Cameroon,2722,00:37:39.425,Pass,
,,,,,,,,,,,,,,,,,2.148033,,,,,,,,,,,5816cf51-c146-4e48-8a33-1f2a936de013,1156,,"[106.3, 8.4]",3920389,37,,,,,1.2313689,,Right Foot,True,,,"[120.0, 47.2]",,High Pass,41.14766,,Out,,Frank Magri,189348.0,,,,,1,From Corner,Georges-Kévin Nkoudou Mbida,3639.0,Left Wing,59,Cameroon,2722,['48488396-6871-464f-870b-3f41487ddcc0'],47,,,,,,,,,,,,,,,,,Cameroon,2722,00:37:47.767,Pass,
,,,,,,,,,,,,,,,,,3.410802,,,,,,,,,,,a54a4504-3148-47ee-b926-f6d6d6347e89,1158,,"[6.4, 42.0]",3920389,38,,,,,0.37239844,,Right Foot,,,,"[70.4, 67.0]",,High Pass,68.70953,,Incomplete,,Mohamed Bayo,8454.0,,,,Goal Kick,1,From Goal Kick,Ibrahim Kone,182573.0,Goalkeeper,60,Guinea,4892,"['ca704c75-0041-4461-86b5-abdd6001349d', 'f8cddf90-ac88-49a6-8881-0316c7c6ac51']",28,,,,,,,,,,,,,,,,,Guinea,4892,00:38:28.734,Pass,
,,,,,,,,,,,,,,,,,0.119973,,,,,,,,,,,f8cddf90-ac88-49a6-8881-0316c7c6ac51,1160,,"[49.7, 13.1]",3920389,38,,,,,0.38050637,,Head,,,,"[51.7, 13.9]",,Low Pass,2.1540658,,Incomplete,,Olivier Michel Kemen,7355.0,,,,Recovery,1,From Goal Kick,André-Frank Zambo Anguissa,3141.0,Left Center Midfield,60,Guinea,4892,"['43a6ff62-ee00-4b21-a111-f7aab6d879f4', '9ed17136-4405-48d4-8342-d3ab2833e15a', 'a54a4504-3148-47ee-b926-f6d6d6347e89']",32,,,,,,,,,,,,,,,,,Cameroon,2722,00:38:32.145,Pass,
,,,,,,,,,,,,,,,,,1.378686,,,,,,,,,,,28c1ee69-debf-4c2c-b191-359b009eb261,1163,,"[67.7, 65.1]",3920389,38,,,,,0.56931317,,Head,,,,"[75.2, 69.9]",,High Pass,8.904493,,,,Mohamed Bayo,8454.0,,,,Recovery,1,From Goal Kick,Morgan Guilavogui,47351.0,Right Wing,60,Guinea,4892,['eb7c33bb-5e0e-4352-b00d-045022ab9fa5'],33,,,,,,,,,,,,,,,,,Guinea,4892,00:38:33.596,Pass,
,,,,,,,,,,,,,,,,,0.733133,,,,,,,,,,,b2550844-8837-49d3-b559-de3733013fe1,1165,,"[75.5, 70.9]",3920389,38,,,,,-1.2679114,,Right Foot,,,,"[76.5, 67.7]",,Low Pass,3.3526108,,,,Aguibou Camara,39559.0,,,,,1,From Goal Kick,Mohamed Bayo,8454.0,Center Forward,60,Guinea,4892,['939fb5ea-31de-4203-bc59-7919bcf57451'],34,,,,,,,,,,,,,,,,,Guinea,4892,00:38:34.974,Pass,
,,,,,,,,,,,,,,,,,1.347283,,,,,,,,,,,f9e8f94f-ee6c-4d0d-84a8-28a2d6e1eb4b,1168,,"[76.5, 67.0]",3920389,38,,,,,0.13432144,,Right Foot,,,,"[83.9, 68.0]",,High Pass,7.467262,,Incomplete,,Morgan Guilavogui,47351.0,,,,,1,From Goal Kick,Aguibou Camara,39559.0,Center Attacking Midfield,60,Guinea,4892,"['f81054ad-3146-45fa-b217-45c5511b0091', 'b42f17c6-02ec-4bd9-85db-db90fce1f5f9']",35,,,,,,,,,,,,,,,,,Guinea,4892,00:38:35.787,Pass,
,,,,,,,,,,,,,,,,,1.328162,,,,,,,,,,,f81054ad-3146-45fa-b217-45c5511b0091,1171,,"[36.2, 12.1]",3920389,38,,,,True,0.4743999,,,,,,"[39.9, 14.0]",,High Pass,4.159327,,,,Jules Olivier Ntcham,10530.0,,,,Recovery,1,Regular Play,Harold Moukoudi,7386.0,Left Center Back,61,Cameroon,2722,"['bc46b16c-818a-4384-8c91-7e121e665fcc', '66b8391f-6647-4f74-aa37-cef78a895d7b', 'f9e8f94f-ee6c-4d0d-84a8-28a2d6e1eb4b']",37,,,,,,,,,,,,,,,,,Cameroon,2722,00:38:37.135,Pass,True
,,,,,,,,,,,,,,,,,1.319728,,,,,,,,,,,2a97590d-b648-4320-b1b7-dafd39cce3e8,1174,,"[39.9, 14.0]",3920389,38,,,,True,-1.3473197,,,,,,"[40.9, 9.6]",,High Pass,4.5122056,,Incomplete,,André-Frank Zambo Anguissa,3141.0,,,,,1,Regular Play,Jules Olivier Ntcham,10530.0,Right Center Midfield,61,Cameroon,2722,"['a52d15fa-f7a6-460a-a5c7-807e9d92b0a1', '9ad1d031-28c5-4a6c-83a0-f5e82f2e159d', '30f642fd-f38d-48ec-8f6b-2fe689a02744']",38,,,,,,,,,,,,,,,,,Cameroon,2722,00:38:38.495,Pass,True
,,,,,,,,,,,,,,,,,0.842562,,,,,,,,,,,942bd9ec-04b4-4b89-a1b7-c79520d48e93,1180,,"[37.8, 9.5]",3920389,38,,,,,-2.7219417,,Right Foot,,,,"[31.3, 6.6]",,Ground Pass,7.1175838,,,,Darlin Zidane Yongwa Ngameni,32190.0,,,,,1,Regular Play,Jules Olivier Ntcham,10530.0,Right Center Midfield,61,Cameroon,2722,['c0e87353-3cc1-4741-af54-0a3aa9585cc1'],41,,,,,,,,,,,,,,,,,Cameroon,2722,00:38:41.540,Pass,
,,,,,,,,,,,,,,,,,2.288646,,,,,,,,,,,ce133458-27a4-4319-8161-993f9f0bc7b7,1184,,"[29.2, 3.0]",3920389,38,,,,,0.19210927,,Left Foot,,,,"[72.9, 11.5]",,High Pass,44.518986,,Incomplete,,Karl Brillant Toko Ekambi,3551.0,,,,,1,Regular Play,Darlin Zidane Yongwa Ngameni,32190.0,Left Back,61,Cameroon,2722,"['0231cb0f-e391-46c6-84a7-a52595974468', '28383e8a-a5af-4552-aa5e-665ebfc88ed9', '16034754-0d7c-41e3-a2fc-3cd7305be5d3']",43,,,,,,,,,,,,,,,,,Cameroon,2722,00:38:43.333,Pass,True
,,,,,,,,,,,,,,,,,0.844768,,,,,,,,,,,fab6e7c7-8eda-46d5-9617-61b2fa5f5f83,1188,,"[76.8, 17.9]",3920389,38,,,,True,2.0886893,,,,,,"[71.9, 26.5]",,Low Pass,9.89798,,,,Olivier Michel Kemen,7355.0,,,,Recovery,1,Regular Play,Karl Brillant Toko Ekambi,3551.0,Center Forward,61,Cameroon,2722,"['2c43c676-7b9c-44e8-a6a3-eac403d01519', '599c8813-2e4e-4238-9ef5-bef6c77f3f7e']",47,,,,,,,,,,,,,,,,,Cameroon,2722,00:38:47.324,Pass,True
,,,,,,,,,,,,,,,,,1.796333,,,,,,,,,,,a3f3c364-245b-48a6-8c29-b994cbb21113,1192,,"[87.7, 40.9]",3920389,38,,,,,0.7270031,,Right Foot,,,,"[104.9, 56.2]",,Ground Pass,23.020208,,,,Frank Magri,189348.0,,,,,1,Regular Play,Olivier Michel Kemen,7355.0,Center Defensive Midfield,61,Cameroon,2722,"['222167af-e649-4f53-b965-59b29f470374', '5e15ea0b-2832-4adf-abc2-715f2682453b']",51,,,,,,,,,,,,,,,,,Cameroon,2722,00:38:51.177,Pass,True
,,,,,,,,,,,,,,,,,4.770116,,,,,,,,,,,bff21a53-575f-4935-b742-12ec4d8b2a48,1195,,"[106.9, 55.6]",3920389,38,,,,,-1.3365858,,Right Foot,,,,"[118.4, 7.4]",,High Pass,49.552902,,,,Georges-Kévin Nkoudou Mbida,3639.0,,True,,,1,Regular Play,Frank Magri,189348.0,Right Wing,61,Cameroon,2722,['8073ddc4-8a61-45c7-b126-58147dcce3f8'],53,,,,,,,,,,,,,,,,,Cameroon,2722,00:38:53.020,Pass,
,,,,,,,,,,,,,,,,,1.290639,,,,,,,,,,,19dbfc02-1ef3-4f2f-a1d0-534c6db5dac9,1200,,"[8.8, 80.0]",3920389,41,,,,,-1.0358412,,,,,,"[15.2, 69.2]",,Low Pass,12.553884,,,,Morgan Guilavogui,47351.0,,,,Throw-in,1,From Throw In,Antoine Conte,131849.0,Right Back,62,Guinea,4892,['2fcd65f4-2314-4308-9ad9-3b78e8c8717a'],1,,,,,,,,,,,,,,,,,Guinea,4892,00:41:01.074,Pass,
,,,,,,,,,,,,,,,,,2.181449,,,,,,,,,,,6b60d1fb-d891-44cf-b474-3c3b81ebca98,1202,,"[15.2, 69.0]",3920389,41,,,,,-0.02352507,,Right Foot,,,,"[32.2, 68.6]",,Ground Pass,17.004705,,Incomplete,,Aguibou Camara,39559.0,,,,,1,From Throw In,Morgan Guilavogui,47351.0,Right Wing,62,Guinea,4892,"['b6d15e72-6fda-461c-8563-4afe4b996dbf', '91d64622-5878-4472-8ccf-78fba33b2d9b']",2,,,,,,,,,,,,,,,,,Guinea,4892,00:41:02.365,Pass,
,,,,,,,,,,,,,,,,,1.342104,,,,,,,,,,,246382dd-9705-412e-bb18-16d3d9d2ec51,1207,,"[85.8, 11.7]",3920389,41,,,,,2.3427181,,Right Foot,,,,"[67.5, 30.5]",,Ground Pass,26.236044,,,,Christopher Wooh,74588.0,,,,,1,Regular Play,Jules Olivier Ntcham,10530.0,Right Center Midfield,63,Cameroon,2722,['099b30bc-dcb1-4421-818a-ad86f877df1c'],5,,,,,,,,,,,,,,,,,Cameroon,2722,00:41:05.447,Pass,
,,,,,,,,,,,,,,,,,0.710613,,,,,,,,,,,0f76167c-1490-46b4-bd62-f117460593dd,1210,,"[81.2, 55.5]",3920389,41,,,,,-0.060794555,,Right Foot,,,,"[92.7, 54.8]",,Ground Pass,11.521285,,,,Frank Magri,189348.0,,,,,1,Regular Play,Christopher Wooh,74588.0,Right Center Back,63,Cameroon,2722,['e828afc9-f510-4d92-bc83-8fa59616ad80'],11,,,,,,,,,,,,,,,,,Cameroon,2722,00:41:11.748,Pass,
,,,,,,,,,,,,,,,,,1.062504,,,,,,,,,,,2e271485-8ffb-4cd0-84e2-567beaa2887f,1214,,"[91.1, 55.2]",3920389,41,,,,,2.1330812,,Left Foot,,,,"[81.9, 69.8]",,Ground Pass,17.256884,,,,Jean-Charles Castelletto,7426.0,,,,,1,Regular Play,Frank Magri,189348.0,Right Wing,63,Cameroon,2722,['bbe704f3-31fd-487a-afe4-3012b46a79e3'],13,,,,,,,,,,,,,,,,,Cameroon,2722,00:41:13.284,Pass,
,,,,,,,,,,,,,,,,,0.857781,,,,,,,,,,,6b918873-fa8d-40b3-8cfc-96cb764ff623,1217,,"[81.9, 70.6]",3920389,41,,,,,-0.7853982,,Right Foot,,,,"[94.4, 58.1]",,Ground Pass,17.67767,,,,Olivier Michel Kemen,7355.0,,,,,1,Regular Play,Jean-Charles Castelletto,7426.0,Right Back,63,Cameroon,2722,['9aadc8df-c0ff-4f52-b323-ba02626de442'],15,,,,,,,,,,,,,,,,,Cameroon,2722,00:41:15.100,Pass,
,,,,,,,,,,,,,,,,,0.670054,,,,,,,,,,,d68e724a-a3d8-4c13-afe9-4ca7bfeec3a8,1220,,"[97.3, 57.7]",3920389,41,,,,,-0.7670516,,Right Foot,,,,"[108.4, 47.0]",,High Pass,15.417522,,Incomplete,,Karl Brillant Toko Ekambi,3551.0,,,,,1,Regular Play,Olivier Michel Kemen,7355.0,Center Defensive Midfield,63,Cameroon,2722,"['a4ccbb16-ce5d-4d05-9956-13995ceae6ea', '846f6a64-c0a0-4848-838c-f626b4b2d0a3']",17,,,,,,,,,,,,,,,,,Cameroon,2722,00:41:17.657,Pass,
,,,,,,,,,,,,,,,,,1.51981,,,,,,,,,,,daf2c2be-50d9-4c35-bae0-533d7df65650,1232,,"[36.2, 52.6]",3920389,41,,,,,-1.068135,,Left Foot,,,,"[47.8, 31.5]",,Ground Pass,24.078413,,,,Moriba Kourouma Kourouma,39073.0,,,,,1,Regular Play,Aguibou Camara,39559.0,Center Attacking Midfield,64,Guinea,4892,"['d7b6c044-b8f0-42cf-959d-39bad3231d9e', '786cc5fa-d1d5-445f-90aa-89b2696f7d23']",26,,,,,,,,,,,,,,,,,Guinea,4892,00:41:26.216,Pass,True
,,,,,,,,,,,,,,,,,2.178609,,,,,,,,,,,e7868fdd-9bb0-4e33-8d3e-83de2a6be079,1238,,"[58.2, 36.4]",3920389,41,,True,,,-0.76101273,,Right Foot,,,,"[91.8, 4.4]",,Ground Pass,46.4,,,,Sekou Oumar Sylla,132711.0,,,,Free Kick,1,From Free Kick,Moriba Kourouma Kourouma,39073.0,Left Defensive Midfield,65,Guinea,4892,['f325958c-8a2d-4b15-a137-154d4a17d396'],54,,,,,,,,,,,,,,,,,Guinea,4892,00:41:54.292,Pass,
,,,,,,,,,,,,,,,,,2.013812,,,,,,,,,,,aee214b5-6e9d-44e7-b270-a48d3068f8dd,1240,,"[95.0, 7.3]",3920389,41,,,,,1.071236,,Left Foot,True,,,"[112.9, 40.1]",,High Pass,37.36643,,Incomplete,,Mohamed Bayo,8454.0,,,,,1,From Free Kick,Sekou Oumar Sylla,132711.0,Left Back,65,Guinea,4892,"['64e6907e-4637-4ae5-9c39-4aa48bcaa3b5', 'b6c01010-12a9-4a81-9041-debb2170a65e']",59,,,,,,,,,,,,,,,,,Guinea,4892,00:41:59.320,Pass,
,,,,,,,,,,,,,,,,,3.154588,,,,,,,,,,,fe623b42-26a9-4294-bf29-baad05b8f5d9,1244,,"[15.2, 36.5]",3920389,42,,,,,-0.20838413,,Drop Kick,,,,"[83.3, 22.1]",,High Pass,69.60582,,Incomplete,,Georges-Kévin Nkoudou Mbida,3639.0,,,,,1,Regular Play,Joseph Fabrice Ondoa Ebogo,24670.0,Goalkeeper,66,Cameroon,2722,"['1cb883e7-8e76-4b6d-b173-4cdba8b1b13e', '702a4034-ec12-45a8-a279-8c1f2d727dc5']",3,,,,,,,,,,,,,,,,,Cameroon,2722,00:42:03.648,Pass,
,,,,,,,,,,,,,,,,,2.407799,,,,,,,,,,,2f3a7172-479f-4d05-9eb9-1f70483cc2b0,1251,,"[81.4, 31.5]",3920389,42,,,,,-0.3636109,,Right Foot,,,,"[104.0, 22.9]",,Low Pass,24.180984,,,,Georges-Kévin Nkoudou Mbida,3639.0,,,,,1,Regular Play,André-Frank Zambo Anguissa,3141.0,Left Center Midfield,66,Cameroon,2722,['d722b990-7abc-4284-8c61-80acd3b0f7b4'],13,,,,,,,,,,,,,,,,,Cameroon,2722,00:42:13.313,Pass,
,,,,,,,,,,,,,,,,,3.25634,,,,,,,,,,,110fd01d-fee8-4c58-8936-d63c6eaa480e,1256,,"[7.0, 45.7]",3920389,42,,,,,0.45433557,,Right Foot,,,,"[63.1, 73.1]",,High Pass,62.433723,,,,Morgan Guilavogui,47351.0,,,,Goal Kick,1,From Goal Kick,Ibrahim Kone,182573.0,Goalkeeper,67,Guinea,4892,['f510f5ee-91dc-47c0-ab13-75e91d3b589f'],50,,,,,,,,,,,,,,,,,Guinea,4892,00:42:50.703,Pass,
,,,,,,,,,,,,,,,,,2.986774,,,,,,,,,,,9c1030bd-1c77-4032-8ab7-80036aa0d9ff,1258,,"[63.1, 73.1]",3920389,42,,,,,-0.016192917,,Head,,,,"[87.8, 72.7]",,High Pass,24.70324,,Incomplete,,Aguibou Camara,39559.0,,,,,1,From Goal Kick,Morgan Guilavogui,47351.0,Right Wing,67,Guinea,4892,"['942ded2e-3343-4ed4-b082-20abdafa8d05', '20b0a91d-1c7b-49c7-8133-8110f27534b9']",53,,,,,,,,,,,,,,,,,Guinea,4892,00:42:53.960,Pass,
,,,,,,,,,,,,,,,,,2.133568,,,,,,,,,,,20b0a91d-1c7b-49c7-8133-8110f27534b9,1261,,"[32.3, 7.4]",3920389,42,,,,,2.682662,,Right Foot,,,,"[6.8, 20.0]",,Ground Pass,28.443102,,,,Joseph Fabrice Ondoa Ebogo,24670.0,,,,Recovery,1,Regular Play,Harold Moukoudi,7386.0,Left Center Back,68,Cameroon,2722,"['f067ec6f-8fba-4afe-b3f5-d5113177b2d9', '9c1030bd-1c77-4032-8ab7-80036aa0d9ff']",56,,,,,,,,,,,,,,,,,Cameroon,2722,00:42:56.947,Pass,
,,,,,,,,,,,,,,,,,0.833897,,,,,,,,,,,ad4db273-b0d0-4c57-a7b2-062992dde0de,1265,,"[7.7, 22.9]",3920389,43,,,,,-0.38328415,,Right Foot,,,,"[26.3, 15.4]",,Ground Pass,20.055174,,,,Jules Olivier Ntcham,10530.0,,,,,1,Regular Play,Joseph Fabrice Ondoa Ebogo,24670.0,Goalkeeper,68,Cameroon,2722,['7505e7c6-1068-44b9-871f-7805206a6f06'],0,,,,,,,,,,,,,,,,,Cameroon,2722,00:43:00.327,Pass,
,,,,,,,,,,,,,,,,,1.352379,,,,,,,,,,,7fda717c-b207-4e3b-af35-646b62f5f8f5,1268,,"[26.3, 15.4]",3920389,43,,,,,-2.4353936,,Right Foot,,,,"[16.1, 6.7]",,Ground Pass,13.406342,,,,Harold Moukoudi,7386.0,,,,,1,Regular Play,Jules Olivier Ntcham,10530.0,Right Center Midfield,68,Cameroon,2722,['1d3da7aa-6d95-4599-8b63-053a2e222916'],1,,,,,,,,,,,,,,,,,Cameroon,2722,00:43:01.302,Pass,
,,,,,,,,,,,,,,,,,1.388034,,,,,,,,,,,24f170b1-8c6d-439d-ace9-507703530f82,1271,,"[16.1, 6.7]",3920389,43,,,,,1.9513026,,Left Foot,,,,"[9.5, 23.2]",,Ground Pass,17.771044,,,,Joseph Fabrice Ondoa Ebogo,24670.0,,,,,1,Regular Play,Harold Moukoudi,7386.0,Left Center Back,68,Cameroon,2722,['33f0053f-9c4a-4427-b4c3-1fafe0b83155'],4,,,,,,,,,,,,,,,,,Cameroon,2722,00:43:04.322,Pass,
,,,,,,,,,,,,,,,,,1.249346,,,,,,,,,,,8efaf37b-d63e-4c00-88c8-e628602ab9d2,1274,,"[19.7, 26.0]",3920389,43,,,,,-0.5880026,,Right Foot,,,,"[28.7, 20.0]",,Ground Pass,10.816654,,,,Jules Olivier Ntcham,10530.0,,,,,1,Regular Play,Joseph Fabrice Ondoa Ebogo,24670.0,Goalkeeper,68,Cameroon,2722,['b05c23bb-fcaa-4f13-9b64-0b3619da20f9'],9,,,,,,,,,,,,,,,,,Cameroon,2722,00:43:09.862,Pass,
,,,,,,,,,,,,,,,,,1.580648,,,,,,,,,,,f5df373f-66ec-4d80-ae80-df8f06d0a8b9,1277,,"[40.3, 22.2]",3920389,43,,,,,-1.2825061,,Right Foot,,,,"[44.6, 7.7]",,Ground Pass,15.124153,,,,Harold Moukoudi,7386.0,,,,,1,Regular Play,Jules Olivier Ntcham,10530.0,Right Center Midfield,68,Cameroon,2722,['7c2fca09-9080-4080-957f-a21b83438d66'],15,,,,,,,,,,,,,,,,,Cameroon,2722,00:43:15.883,Pass,
,,,,,,,,,,,,,,,,,1.309633,,,,,,,,,,,5a258386-0d66-407a-a287-a1521b8ee2b9,1280,,"[47.1, 8.9]",3920389,43,,,,,1.7126933,,Right Foot,,,,"[45.5, 20.1]",,Ground Pass,11.313708,,,,Jules Olivier Ntcham,10530.0,,,,,1,Regular Play,Harold Moukoudi,7386.0,Left Center Back,68,Cameroon,2722,['8c65cc3f-0a00-4f73-b5c0-9fd34ca917c4'],19,,,,,,,,,,,,,,,,,Cameroon,2722,00:43:19.613,Pass,
,,,,,,,,,,,,,,,,,3.830814,,,,,,,,,,,2db62ae7-7325-40a8-a16d-fec39dd1db00,1283,,"[44.8, 21.9]",3920389,43,,,,,0.8491858,,Right Foot,,,,"[89.5, 72.7]",,High Pass,67.66631,,,,Frank Magri,189348.0,,True,,,1,Regular Play,Jules Olivier Ntcham,10530.0,Right Center Midfield,68,Cameroon,2722,['1c5a2959-40f2-46dd-aad0-cb062892dbc3'],22,,,,,,,,,,,,,,,,,Cameroon,2722,00:43:22.193,Pass,
,,,,,,,,,,,,,,,,,1.358999,,,,,,,,,,,9457ac60-b1b9-4733-adc6-6226b7e291a4,1286,,"[88.7, 74.6]",3920389,43,,,,,-1.8500669,,Right Foot,,,,"[84.8, 61.0]",,Low Pass,14.148145,,,,Olivier Michel Kemen,7355.0,,,,,1,Regular Play,Frank Magri,189348.0,Right Wing,68,Cameroon,2722,['7f05026b-14b3-405d-8b37-3a988326d62b'],26,,,,,,,,,,,,,,,,,Cameroon,2722,00:43:26.662,Pass,
,,,,,,,,,,,,,,,,,0.920607,,,,,,,,,,,23ea44d0-475e-4606-8aea-817b314daef7,1289,,"[80.5, 61.0]",3920389,43,,,,,-2.7574234,,Left Foot,,,,"[75.8, 59.1]",,Ground Pass,5.0695167,,,,Jean-Charles Castelletto,7426.0,,,,,1,Regular Play,Olivier Michel Kemen,7355.0,Center Defensive Midfield,68,Cameroon,2722,"['562bd053-ceca-4284-b981-b56c9ba63b4f', '75b2937c-3245-47aa-8ebb-491d4b8f5eb9']",28,,,,,,,,,,,,,,,,,Cameroon,2722,00:43:28.021,Pass,True
,,,,,,,,,,,,,,,,,2.561351,,,,,,,,,,,d14652ac-e953-40d1-b09f-3be4aee56e0d,1292,,"[84.4, 56.7]",3920389,43,,,,,-0.07677189,,Right Foot,,,,"[113.0, 54.5]",,Ground Pass,28.68449,,Incomplete,,Frank Magri,189348.0,,,,,1,Regular Play,Jean-Charles Castelletto,7426.0,Right Back,68,Cameroon,2722,"['57581f5a-17c5-4d46-badf-f6db2c2cc26d', '72b38478-2419-47bb-bdab-db00e398a895']",29,,,,,,,,,,,,,,,,,Cameroon,2722,00:43:29.005,Pass,
,,,,,,,,,,,,,,,,,2.495368,,,,,,,,,,,28501d0c-3cfc-4441-81bf-7ac25d8b9781,1296,,"[8.8, 23.9]",3920389,43,,,,,0.19061509,,Right Foot,,,,"[79.8, 37.6]",,High Pass,72.309685,,Unknown,,Mohamed Bayo,8454.0,,,,,1,From Keeper,Ibrahim Kone,182573.0,Goalkeeper,69,Guinea,4892,['74d1c5fa-63ba-424d-9c66-31a78fe6a1ab'],48,,,,,,,,,,,,,,,,,Guinea,4892,00:43:48.874,Pass,
,,,,,,,,,,,,,,,,,0.751458,,,,,,,,,,,8749a215-cead-4fdb-99f3-143b3df61aad,1300,,"[71.2, 36.4]",3920389,44,,,,,1.8190862,,Right Foot,,,,"[69.4, 43.5]",,Ground Pass,7.324616,,,,Mory Konaté,35285.0,,,,Free Kick,1,From Free Kick,Moriba Kourouma Kourouma,39073.0,Left Defensive Midfield,70,Guinea,4892,['656ab350-51bd-4258-8c39-a6a74db2bb92'],33,,,,,,,,,,,,,,,,,Guinea,4892,00:44:33.553,Pass,
,,,,,,,,,,,,,,,,,1.678578,,,,,,,,,,,96e6bb91-e653-4203-b9ec-d0b378a19ae3,1303,,"[68.7, 42.9]",3920389,44,,,,,-2.3561945,,Right Foot,,,,"[55.8, 30.0]",,Ground Pass,18.243355,,,,Julian Jeanvier,7360.0,,,,,1,From Free Kick,Mory Konaté,35285.0,Right Defensive Midfield,70,Guinea,4892,['c88ac96c-4f8c-426a-bac7-194b621dabb4'],34,,,,,,,,,,,,,,,,,Guinea,4892,00:44:34.385,Pass,
,,,,,,,,,,,,,,,,,2.476074,,,,,,,,,,,b7629d40-8536-4b6b-af41-836e9fd2eedc,1306,,"[54.4, 31.4]",3920389,44,,,,,0.58439624,,Right Foot,,,,"[99.3, 61.1]",,High Pass,53.834003,,Incomplete,,Mohamed Bayo,8454.0,,,,,1,From Free Kick,Julian Jeanvier,7360.0,Left Center Back,70,Guinea,4892,"['f0f1fe95-5823-4eb1-a713-144a189327f5', 'fe6ebfde-2723-4597-bc38-3b896bbe964e']",36,,,,,,,,,,,,,,,,,Guinea,4892,00:44:36.935,Pass,
,,,,,,,,,,,,,,,,,1.773294,,,,,,,,,,,fe6ebfde-2723-4597-bc38-3b896bbe964e,1308,,"[20.8, 19.0]",3920389,44,,,,,-0.25307566,,Head,,,,"[38.2, 14.5]",,Low Pass,17.972479,,,,Georges-Kévin Nkoudou Mbida,3639.0,,,,Recovery,1,Regular Play,Darlin Zidane Yongwa Ngameni,32190.0,Left Back,71,Cameroon,2722,"['b7629d40-8536-4b6b-af41-836e9fd2eedc', 'e8b4a2bb-42ad-474d-b2ba-32a04e3fee23']",39,,,,,,,,,,,,,,,,,Cameroon,2722,00:44:39.411,Pass,
,,,,,,,,,,,,,,,,,1.782012,,,,,,,,,,,a1a8385d-559c-46c8-adeb-ed89a0cb54e4,1312,,"[38.8, 23.2]",3920389,44,,,,,0.9491364,,Right Foot,,,,"[62.8, 56.7]",,Ground Pass,41.209827,,,,Frank Magri,189348.0,,,,,1,Regular Play,Georges-Kévin Nkoudou Mbida,3639.0,Left Wing,71,Cameroon,2722,['20bd6163-f17c-4bf0-9469-36102d5ef4dc'],44,,,,,,,,,,,,,,,,,Cameroon,2722,00:44:44.790,Pass,
,,,,,,,,,,,,,,,,,0.833437,,,,,,,,,,,5433c9a3-44bf-4f82-a127-9c1b02a137bd,1318,,"[66.9, 38.2]",3920389,48,,,,,-0.81480145,,Right Foot,,,,"[73.5, 31.2]",,Ground Pass,9.6208105,,,,Jules Olivier Ntcham,10530.0,,,,Free Kick,1,From Free Kick,Georges-Kévin Nkoudou Mbida,3639.0,Left Wing,72,Cameroon,2722,['a979430a-8cd4-4371-943a-3b2cbc571098'],57,,,,,,,,,,,,,,,,,Cameroon,2722,00:48:57.306,Pass,
,,,,,,,,,,,,,,,,,1.460527,,,,,,,,,,,c48e781c-9fd1-4ee8-b3b7-dc12aa32bb5d,1321,,"[76.5, 26.9]",3920389,48,,,,,-1.0395229,,Right Foot,,,,"[87.9, 7.5]",,Ground Pass,22.501556,,,,Darlin Zidane Yongwa Ngameni,32190.0,,,,,1,From Free Kick,Jules Olivier Ntcham,10530.0,Right Center Midfield,72,Cameroon,2722,['2dc94ee7-4d83-4038-8e98-faf340a38c80'],59,,,,,,,,,,,,,,,,,Cameroon,2722,00:48:59.374,Pass,
,,,,,,,,,,,,,,,,,1.809594,,,,,,,,,,,6aad4540-271f-43b9-ac08-56d07874a5bf,1327,,"[100.4, 7.8]",3920389,50,,,,,1.0999889,,Right Foot,True,,,"[117.4, 41.2]",,High Pass,37.47746,,Incomplete,,Christopher Wooh,74588.0,,,,Free Kick,1,From Free Kick,Georges-Kévin Nkoudou Mbida,3639.0,Left Wing,73,Cameroon,2722,"['605b122e-0b3b-44cb-90ed-f3ce4d436a0f', '4997bf6d-0c0c-4e2e-b61e-69a7950a562f']",9,,,,,,,,,,,,,,,,,Cameroon,2722,00:50:09.431,Pass,
,,,,,,,,,,,,,,,,,3.215194,,,,,,,,,,,6ea15843-f570-4681-a328-e04f328812ea,1331,,"[13.8, 33.5]",3920389,50,,,,,-0.2973202,,Right Foot,,,,"[79.4, 13.4]",,High Pass,68.610275,,Incomplete,,Aguibou Camara,39559.0,,,,,1,From Keeper,Ibrahim Kone,182573.0,Goalkeeper,74,Guinea,4892,"['cf9a21b3-6b5e-4bfe-b17a-10f509131ec8', '2191d30b-8f4a-4731-ab08-73fd3ed2d2e6']",34,,,,,,,,,,,,,,,,,Guinea,4892,00:50:34.930,Pass,
,,,,,,,,,,,,,,,,,2.904922,,,,,,,,,,,2191d30b-8f4a-4731-ab08-73fd3ed2d2e6,1333,,"[40.7, 66.7]",3920389,50,,,,,0.25092655,,Head,,,,"[72.3, 74.8]",,High Pass,32.62162,,Unknown,,Frank Magri,189348.0,,,,Recovery,1,From Keeper,Christopher Wooh,74588.0,Right Center Back,74,Guinea,4892,"['e8a4bb8d-06f5-4a83-ae03-267d3638e093', '6ea15843-f570-4681-a328-e04f328812ea']",38,,,,,,,,,,,,,,,,,Cameroon,2722,00:50:38.145,Pass,
,,,,,,,,,,,,,,,,,2.24722,,,,,,,,,,,c52981c3-d1d5-46e7-8840-4e43f411355d,1338,,"[53.4, 6.6]",3920389,51,,,,,0.14917259,,Right Foot,,,,"[88.0, 11.8]",,High Pass,34.98857,,Unknown,,,,,,,Free Kick,1,From Free Kick,Julian Jeanvier,7360.0,Left Center Back,75,Guinea,4892,,14,,,,,,,,,,,,,,,,,Guinea,4892,00:51:14.156,Pass,
,,,,,,,,,,,,,,,,,0.1,,,,,,,,,,,2bc3cd57-355f-4f01-b6cd-7f461e5c3b13,1345,,"[60.0, 40.0]",3920389,45,,,,,-2.896614,,Right Foot,,,,"[57.2, 39.3]",,Ground Pass,2.886174,,,,Moriba Kourouma Kourouma,39073.0,,,,Kick Off,2,From Kick Off,Mohamed Bayo,8454.0,Center Forward,76,Guinea,4892,['5b4d2775-2379-445a-ac54-9972c7bdca60'],1,,,,,,,,,,,,,,,,,Guinea,4892,00:00:01.143,Pass,
,,,,,,,,,,,,,,,,,1.021647,,,,,,,,,,,3b92bea7-0550-499f-ad6c-22bbc3702eb6,1349,,"[64.5, 41.8]",3920389,45,,,,,0.27829966,,Right Foot,,,,"[77.8, 45.6]",,Ground Pass,13.832209,,,,Mohamed Bayo,8454.0,,,,,2,From Kick Off,Moriba Kourouma Kourouma,39073.0,Right Defensive Midfield,76,Guinea,4892,"['9c8b7df3-9160-41b5-a5d6-2e6807c26696', '6b881252-73d0-4be1-b82b-7f6864858113']",4,,,,,,,,,,,,,,,,,Guinea,4892,00:00:04.134,Pass,True
,,,,,,,,,,,,,,,,,0.69513,,,,,,,,,,,27fdfa10-629e-4125-be10-e23049760790,1352,,"[78.1, 46.6]",3920389,45,,,,,1.925502,,Right Foot,,,,"[76.1, 52.0]",,Ground Pass,5.758472,,,,Moriba Kourouma Kourouma,39073.0,,,,,2,From Kick Off,Mohamed Bayo,8454.0,Center Forward,76,Guinea,4892,['3091b8b7-e41e-41dc-b83a-9d58daef1a1a'],5,,,,,,,,,,,,,,,,,Guinea,4892,00:00:05.155,Pass,
,,,,,,,,,,,,,,,,,4.130008,,,,,,,,,,,9408e59c-9057-41ec-a26f-f9f2c00b1bd2,1355,,"[76.1, 51.3]",3920389,45,,,,,0.66463685,,Left Foot,,,,"[112.6, 79.9]",,Low Pass,46.370358,,Out,,Morgan Guilavogui,47351.0,,,,,2,From Kick Off,Moriba Kourouma Kourouma,39073.0,Right Defensive Midfield,76,Guinea,4892,['f5995583-9aea-438d-99a5-33f2bb440254'],5,,,,,,,,,,,,,,,,,Guinea,4892,00:00:05.893,Pass,
,,,,,,,,,,,,,,,,,1.154419,,,,,,,,,,,fcc33aa1-2518-4b5d-91c5-14bb522fd897,1357,,"[10.1, 0.1]",3920389,45,,,,,1.7787548,,,,,,"[7.8, 11.0]",,Low Pass,11.1400175,,,,Harold Moukoudi,7386.0,,,,Throw-in,2,From Throw In,Darlin Zidane Yongwa Ngameni,32190.0,Left Back,77,Cameroon,2722,['a85ac4ce-9cd0-4071-be32-46deb7bbaaaf'],16,,,,,,,,,,,,,,,,,Cameroon,2722,00:00:16.564,Pass,
,,,,,,,,,,,,,,,,,0.58603,,,,,,,,,,,170f091b-5c51-4681-a7f4-f9006123fd90,1360,,"[4.0, 8.2]",3920389,45,,,,,-0.43113875,,Left Foot,,,,"[9.0, 5.9]",,Ground Pass,5.503635,,,,Darlin Zidane Yongwa Ngameni,32190.0,,,,,2,From Throw In,Harold Moukoudi,7386.0,Left Center Back,77,Cameroon,2722,['8b3e57fe-c8ce-4b41-ac9f-5a0bd9fbca32'],20,,,,,,,,,,,,,,,,,Cameroon,2722,00:00:20.096,Pass,
,,,,,,,,,,,,,,,,,1.251701,,,,,,,,,,,7800bf45-e7e4-4e2c-85cf-36caaa508456,1363,,"[8.2, 4.4]",3920389,45,,,,,1.9195673,,Left Foot,,,,"[5.0, 13.2]",,Ground Pass,9.36376,,,,Harold Moukoudi,7386.0,,,,,2,From Throw In,Darlin Zidane Yongwa Ngameni,32190.0,Left Back,77,Cameroon,2722,['b8906429-4edc-4741-90f7-ccbbc0f47b11'],21,,,,,,,,,,,,,,,,,Cameroon,2722,00:00:21.446,Pass,
,,,,,,,,,,,,,,,,,1.677117,,,,,,,,,,,27036025-adc8-45b8-a674-00ebf817ba5a,1366,,"[5.6, 23.8]",3920389,45,,,,,1.2741661,,Right Foot,,,,"[14.8, 53.9]",,Ground Pass,31.474592,,,,Christopher Wooh,74588.0,,,,,2,From Throw In,Harold Moukoudi,7386.0,Left Center Back,77,Cameroon,2722,['aa35341a-c1ae-4686-8fd1-78daf176675a'],24,,,,,,,,,,,,,,,,,Cameroon,2722,00:00:24.313,Pass,
,,,,,,,,,,,,,,,,,1.226154,,,,,,,,,,,eb71f184-9c22-42d9-b2e6-9ed8701010b6,1369,,"[30.9, 62.9]",3920389,45,,,,,-0.5349551,,Right Foot,,,,"[39.0, 58.1]",,Ground Pass,9.415413,,,,Jules Olivier Ntcham,10530.0,,,,,2,From Throw In,Christopher Wooh,74588.0,Right Center Back,77,Cameroon,2722,['881cc782-2a4d-4281-a77e-e8b5ec0f919b'],28,,,,,,,,,,,,,,,,,Cameroon,2722,00:00:28.939,Pass,
,,,,,,,,,,,,,,,,,1.813167,,,,,,,,,,,af264ee9-2790-4cb5-859c-f4b338e9f5bc,1372,,"[43.2, 53.8]",3920389,45,,,,,-1.616982,,Left Foot,,,,"[42.1, 30.0]",,Ground Pass,23.825407,,,,Harold Moukoudi,7386.0,,,,,2,From Throw In,Jules Olivier Ntcham,10530.0,Right Defensive Midfield,77,Cameroon,2722,['6f847d97-06c7-463d-ad34-d692c58b566f'],32,,,,,,,,,,,,,,,,,Cameroon,2722,00:00:32.484,Pass,
,,,,,,,,,,,,,,,,,1.225844,,,,,,,,,,,283669c7-f02e-4bce-9837-a72d3919ff59,1375,,"[55.6, 20.7]",3920389,45,,,,,-0.88610166,,Right Foot,,,,"[68.5, 4.9]",,Ground Pass,20.397305,,,,Georges-Kévin Nkoudou Mbida,3639.0,,,,,2,From Throw In,Harold Moukoudi,7386.0,Left Center Back,77,Cameroon,2722,['01d648dd-7704-439b-8680-293c676bdd2f'],37,,,,,,,,,,,,,,,,,Cameroon,2722,00:00:37.024,Pass,
,,,,,,,,,,,,,,,,,0.944525,,,,,,,,,,,27f71ea6-3593-4ca8-904c-52737e013d24,1378,,"[78.7, 5.2]",3920389,45,,,,,1.0892478,,Right Foot,,,,"[86.8, 20.7]",,Low Pass,17.488853,,,,André-Frank Zambo Anguissa,3141.0,,,,,2,From Throw In,Georges-Kévin Nkoudou Mbida,3639.0,Left Wing,77,Cameroon,2722,['1c70e824-37dc-48ec-b248-824abf503e30'],41,,,,,,,,,,,,,,,,,Cameroon,2722,00:00:41.762,Pass,
,,,,,,,,,,,,,,,,,3.606868,,,,,,,,,,,49408bbb-fbae-4a1e-aa72-a5ac919b9b06,1382,,"[88.0, 18.4]",3920389,45,,,,,-0.37792075,,Right Foot,,,,"[114.7, 7.8]",,High Pass,28.727165,,,,Georges-Kévin Nkoudou Mbida,3639.0,,,,,2,From Throw In,André-Frank Zambo Anguissa,3141.0,Left Defensive Midfield,77,Cameroon,2722,['b8dc21f0-c4de-4e6e-a7bc-bbec1f2321f2'],42,,,,,,,,,,,,,,,,,Cameroon,2722,00:00:42.746,Pass,
,,,,,,,,,,,,,,,,,4.057761,,,,,,,,,,,fd283c6b-9e3c-404c-bb78-8441810c4698,1388,,"[4.2, 38.8]",3920389,46,,True,,,0.280703,,Right Foot,,,,"[70.1, 57.8]",,High Pass,68.58433,,Incomplete,,Mohamed Bayo,8454.0,,,,Goal Kick,2,From Goal Kick,Ibrahim Kone,182573.0,Goalkeeper,78,Guinea,4892,"['40007d7f-cffb-4aaa-b881-5246104b9f66', '1d1826cc-e348-4285-8a61-809dae3e7123']",15,,,,,,,,,,,,,,,,,Guinea,4892,00:01:15.937,Pass,
,,,,,,,,,,,,,,,,,0.797157,,,,,,,,,,,40007d7f-cffb-4aaa-b881-5246104b9f66,1390,,"[50.0, 22.3]",3920389,46,,,,,0.15741688,,Head,,,,"[62.6, 24.3]",,High Pass,12.757743,,Incomplete,,Karl Brillant Toko Ekambi,3551.0,,,,Recovery,2,From Goal Kick,André-Frank Zambo Anguissa,3141.0,Left Defensive Midfield,78,Guinea,4892,"['49da033a-5ea1-4f3c-8833-7fd0d09b70a2', 'fd283c6b-9e3c-404c-bb78-8441810c4698', 'de538baa-6b6a-4e00-82ee-91c5c7ba0f05']",19,,,,,,,,,,,,,,,,,Cameroon,2722,00:01:19.995,Pass,
,,,,,,,,,,,,,,,,,2.294265,,,,,,,,,,,49da033a-5ea1-4f3c-8833-7fd0d09b70a2,1392,,"[57.5, 55.8]",3920389,46,,,,,-2.825977,,Head,,,,"[37.9, 49.4]",,High Pass,20.618439,,,,Julian Jeanvier,7360.0,,,,Interception,2,From Goal Kick,Mory Konaté,35285.0,Left Defensive Midfield,78,Guinea,4892,"['40007d7f-cffb-4aaa-b881-5246104b9f66', '68f1b8ff-7527-4cc0-ae18-4cb423bd8df5']",20,,,,,,,,,,,,,,,,,Guinea,4892,00:01:20.792,Pass,
,,,,,,,,,,,,,,,,,1.858032,,,,,,,,,,,5cd3666e-f02f-4086-acc2-701edd214787,1395,,"[30.3, 72.0]",3920389,46,,,,,0.06368189,,Right Foot,,,,"[64.8, 74.2]",,High Pass,34.570072,,Incomplete,,Morgan Guilavogui,47351.0,,,,,2,From Goal Kick,Julian Jeanvier,7360.0,Left Center Back,78,Guinea,4892,"['1bdf325b-7253-4f6a-a73e-8cb36628eb95', '5b2daa18-6dc7-4bed-af0e-bbf507b7951b']",25,,,,,,,,,,,,,,,,,Guinea,4892,00:01:25.846,Pass,
,,,,,,,,,,,,,,,,,1.547661,,,,,,,,,,,9988841c-639b-46cd-a06f-05578db4d021,1401,,"[53.3, 4.3]",3920389,46,,,,,0.16514868,,Left Foot,,,,"[69.5, 7.0]",,High Pass,16.423458,,Unknown,,Georges-Kévin Nkoudou Mbida,3639.0,,,,,2,Regular Play,Darlin Zidane Yongwa Ngameni,32190.0,Left Back,79,Cameroon,2722,"['2b7a5af1-f9c1-4529-8958-6c8333f39c3f', '95c3779f-9f36-46e5-bc2a-385c75b5b491', '1f3e7030-c90f-4479-a482-b0eb32fa9098']",29,,,,,,,,,,,,,,,,,Cameroon,2722,00:01:29.421,Pass,True
,,,,,,,,,,,,,,,,,1.2,,,,,,,,,,,9460dd7c-5544-442e-a9ac-3488617205d5,1405,,"[69.5, 9.1]",3920389,46,,True,,,1.3808801,,Left Foot,,,,"[79.4, 60.6]",,Ground Pass,52.44292,,,,Jules Olivier Ntcham,10530.0,,True,,Free Kick,2,From Free Kick,Darlin Zidane Yongwa Ngameni,32190.0,Left Back,80,Cameroon,2722,['02adfe8a-13f5-4bfc-9ccd-287bed1bbe59'],45,,,,,,,,,,,,,,,,,Cameroon,2722,00:01:45.981,Pass,
,,,,,,,,,,,,,,,,,1.696734,,,,,,,,,,,4e821283-4b6e-401e-a165-158f09e59fc4,1407,,"[79.4, 60.6]",3920389,46,,,,,0.8461342,,Right Foot,,,,"[93.3, 76.3]",,Ground Pass,20.969025,,,,Jean-Charles Castelletto,7426.0,,,,,2,From Free Kick,Jules Olivier Ntcham,10530.0,Right Defensive Midfield,80,Cameroon,2722,['ec53cb23-5809-4c8a-9734-4a11ec0c4f99'],51,,,,,,,,,,,,,,,,,Cameroon,2722,00:01:51.888,Pass,
,,,,,,,,,,,,,,,,,2.450945,,,,,,,,,,,b7817110-cd74-4f8b-a32a-5e69e8b15f52,1411,,"[93.7, 79.1]",3920389,46,,,,,3.0894012,,Left Foot,,,,"[80.3, 79.8]",,Ground Pass,13.418271,,,,Jules Olivier Ntcham,10530.0,,,,,2,From Free Kick,Jean-Charles Castelletto,7426.0,Right Back,80,Cameroon,2722,"['107b8534-6a06-4f19-8e11-5dc56b8f255a', 'af567483-8c89-4f24-a4ff-9145b691f41c']",58,,,,,,,,,,,,,,,,,Cameroon,2722,00:01:58.430,Pass,True
,,,,,,,,,,,,,,,,,3.047364,,,,,,,,,,,d894ccb3-a319-4aa6-b71b-dd7e08b0e64d,1414,,"[79.4, 75.2]",3920389,47,,,,,-1.5693637,,Right Foot,,,,"[79.5, 5.4]",,High Pass,69.80007,,,,Darlin Zidane Yongwa Ngameni,32190.0,,True,,,2,From Free Kick,Jules Olivier Ntcham,10530.0,Right Defensive Midfield,80,Cameroon,2722,['163d2d35-bc39-4534-8b99-f18ba74ab015'],3,,,,,,,,,,,,,,,,,Cameroon,2722,00:02:03.487,Pass,
,,,,,,,,,,,,,,,,,1.786627,,,,,,,,,,,1f6bcfee-1ffa-481c-a89b-b7b4d1bd2030,1417,,"[79.7, 8.5]",3920389,47,,,,,0.7541583,,Left Foot,,,,"[96.2, 24.0]",,Ground Pass,22.638462,,,,Karl Brillant Toko Ekambi,3551.0,,,,,2,From Free Kick,Darlin Zidane Yongwa Ngameni,32190.0,Left Back,80,Cameroon,2722,['7d7cb5e0-b04d-4949-b69c-a681a5ff0b18'],9,,,,,,,,,,,,,,,,,Cameroon,2722,00:02:09.365,Pass,
,,,,,,,,,,,,,,,,,1.341058,,,,,,,,,,,77e16fd8-0f01-4ada-8797-225019fffc59,1422,,"[94.4, 25.4]",3920389,47,,,,,-1.6103796,,Right Foot,,,,"[93.6, 5.2]",,Ground Pass,20.215836,,,,Georges-Kévin Nkoudou Mbida,3639.0,,,,,2,From Free Kick,Karl Brillant Toko Ekambi,3551.0,Center Forward,80,Cameroon,2722,['debccea0-98e4-41f2-a661-01fb1ba7f5d3'],13,,,,,,,,,,,,,,,,,Cameroon,2722,00:02:13.100,Pass,
,,,,,,,,,,,,,,,,,1.273662,,,,,,,,,,,d236900a-bad6-47ba-9e35-704e1f94146f,1428,,"[99.2, 0.1]",3920389,47,,True,,,2.6642473,,,,,,"[78.9, 10.6]",,Low Pass,22.85476,,,,André-Frank Zambo Anguissa,3141.0,,,,Throw-in,2,From Throw In,Georges-Kévin Nkoudou Mbida,3639.0,Left Wing,81,Cameroon,2722,['01fdd634-1837-4f94-9b4d-af2eeea939be'],23,,,,,,,,,,,,,,,,,Cameroon,2722,00:02:23.106,Pass,
,,,,,,,,,,,,,,,,,0.873715,,,,,,,,,,,1bb8c50e-cd9a-4a84-a8bf-1154b12442a1,1430,,"[76.9, 21.5]",3920389,47,,,,,1.1792161,,Right Foot,,,,"[83.3, 37.0]",,Ground Pass,16.769318,,,,Olivier Michel Kemen,7355.0,,,,,2,From Throw In,André-Frank Zambo Anguissa,3141.0,Left Defensive Midfield,81,Cameroon,2722,['19985319-24eb-4020-b005-fdb7c0822db1'],28,,,,,,,,,,,,,,,,,Cameroon,2722,00:02:28.600,Pass,
,,,,,,,,,,,,,,,,,1.67079,,,,,,,,,,,da0b9dde-ddd5-4f52-babb-6cd0a8ef749f,1433,,"[83.3, 37.0]",3920389,47,,,,,1.4243861,,Right Foot,,,,"[86.5, 58.7]",,Ground Pass,21.934675,,Incomplete,,Jules Olivier Ntcham,10530.0,,,,,2,From Throw In,Olivier Michel Kemen,7355.0,Center Attacking Midfield,81,Cameroon,2722,"['e02f8398-0ce8-4e3a-977b-3f4f1bf05171', '2ab9af78-ea7b-4cb9-bbc7-c84f35b86fed']",29,,,,,,,,,,,,,,,,,Cameroon,2722,00:02:29.553,Pass,
,,,,,,,,,,,,,,,,,1.048051,,,,,,,,,,,2ab9af78-ea7b-4cb9-bbc7-c84f35b86fed,1436,,"[33.6, 21.4]",3920389,47,,,,,0.959497,,Right Foot,,,,"[41.8, 33.1]",,Ground Pass,14.287407,,,,Mohamed Bayo,8454.0,,,,Recovery,2,Regular Play,Aguibou Camara,39559.0,Left Midfield,82,Guinea,4892,"['b96e2d1e-b9fe-4748-b3e7-cca019747159', 'da0b9dde-ddd5-4f52-babb-6cd0a8ef749f']",31,,,,,,,,,,,,,,,,,Guinea,4892,00:02:31.224,Pass,
,,,,,,,,,,,,,,,,,1.585151,,,,,,,,,,,83053ed8-6bd6-47db-a233-c773545da34b,1439,,"[41.8, 33.1]",3920389,47,,,,,-1.0879203,,Right Foot,,,,"[47.2, 22.8]",,Ground Pass,11.6297035,,,,Aguibou Camara,39559.0,,,,,2,Regular Play,Mohamed Bayo,8454.0,Center Forward,82,Guinea,4892,['5fcb6e99-9c58-4bbd-828f-90cb0fb60a6e'],32,,,,,,,,,,,,,,,,,Guinea,4892,00:02:32.312,Pass,
,,,,,,,,,,,,,,,,,1.661226,,,,,,,,,,,c4e88548-5dd5-435d-ae9d-b7f392e0e822,1442,,"[77.9, 42.2]",3920389,47,,,,,0.7086263,,Right Foot,,,,"[96.1, 57.8]",,Ground Pass,23.970816,,,,Morgan Guilavogui,47351.0,,,,,2,Regular Play,Aguibou Camara,39559.0,Left Midfield,82,Guinea,4892,['cb9fbeea-945d-4885-9726-393914fb2898'],37,,,,,,,,,,,,,,,,,Guinea,4892,00:02:37.676,Pass,
,,,,,,,,,,,,,,,,,0.144999,,,,,,,,,,,0bf19ff3-5101-45af-bfbc-de72bd40a118,1445,,"[109.7, 58.0]",3920389,47,,,,,-1.4801364,,Right Foot,,,,"[110.0, 54.7]",,Low Pass,3.3136084,,Incomplete,,Mohamed Bayo,8454.0,,,,,2,Regular Play,Morgan Guilavogui,47351.0,Right Midfield,82,Guinea,4892,"['0eee35cd-6ada-4ec2-82b1-08563d88fde7', '640e4cda-3790-446d-8f2e-5d8dbe59fa3b']",41,,,,,,,,,,,,,,,,,Guinea,4892,00:02:41.850,Pass,
,,,,,,,,,,,,,,,,,1.388119,,,,,,,,,,,749986f3-23ab-49af-b232-04083c857472,1450,,"[109.0, 58.1]",3920389,47,,,,,-3.0546033,,Right Foot,,,,"[91.8, 56.6]",,Ground Pass,17.265284,,,,Moriba Kourouma Kourouma,39073.0,,,,,2,Regular Play,Morgan Guilavogui,47351.0,Right Midfield,82,Guinea,4892,['feb66b5d-cc29-47ed-8859-bf54da42d4dd'],43,,,,,,,,,,,,,,,,,Guinea,4892,00:02:43.762,Pass,
,,,,,,,,,,,,,,,,,2.217207,,,,,,,,,,,2afcdb2b-c33a-4ecf-96b2-2991790e96e2,1453,,"[86.8, 54.7]",3920389,47,,,,,-2.2301064,,Right Foot,,,,"[77.5, 42.7]",,Ground Pass,15.181897,,,,Mory Konaté,35285.0,,,,,2,Regular Play,Moriba Kourouma Kourouma,39073.0,Right Defensive Midfield,82,Guinea,4892,['3bce27d5-4841-4fb7-9a0b-d300f2623b57'],47,,,,,,,,,,,,,,,,,Guinea,4892,00:02:47.041,Pass,
,,,,,,,,,,,,,,,,,1.863097,,,,,,,,,,,8d55de9a-90fa-4080-940d-96e9b4c807de,1456,,"[77.2, 24.5]",3920389,47,,,,,-1.9660575,,Right Foot,,,,"[70.9, 9.4]",,Ground Pass,16.36154,,,,Sekou Oumar Sylla,132711.0,,,,,2,Regular Play,Mory Konaté,35285.0,Left Defensive Midfield,82,Guinea,4892,['783826e1-cb9f-4324-826e-9314dc0f13fb'],50,,,,,,,,,,,,,,,,,Guinea,4892,00:02:50.284,Pass,
,,,,,,,,,,,,,,,,,1.826439,,,,,,,,,,,97a0ee32-b8cc-496c-8b3d-bf66c4766236,1459,,"[69.8, 13.3]",3920389,47,,,,,3.1299653,,Left Foot,,,,"[44.0, 13.6]",,Ground Pass,25.801744,,,,Julian Jeanvier,7360.0,,,,,2,Regular Play,Sekou Oumar Sylla,132711.0,Left Back,82,Guinea,4892,['f595d425-100c-4ba2-a3ef-09a7c77e6790'],53,,,,,,,,,,,,,,,,,Guinea,4892,00:02:53.401,Pass,
,,,,,,,,,,,,,,,,,2.04304,,,,,,,,,,,0bdd7726-ab3a-4c04-82bf-40726124c7a6,1462,,"[39.5, 14.9]",3920389,47,,,,,2.6279867,,Right Foot,,,,"[12.2, 30.3]",,Ground Pass,31.344059,,,,Ibrahim Kone,182573.0,,,,,2,Regular Play,Julian Jeanvier,7360.0,Left Center Back,82,Guinea,4892,['08493ba9-08ad-4cee-a459-590160ac6373'],56,,,,,,,,,,,,,,,,,Guinea,4892,00:02:56.769,Pass,
,,,,,,,,,,,,,,,,,1.2,,,,,,,,,,,1e869ca6-9c69-41a9-80dd-fdfb76a36aa0,1465,,"[12.6, 32.4]",3920389,47,,,,,-1.0576842,,Right Foot,,,,"[23.7, 12.7]",,Ground Pass,22.611944,,,,Julian Jeanvier,7360.0,,,,,2,Regular Play,Ibrahim Kone,182573.0,Goalkeeper,82,Guinea,4892,['5da6adfc-73b4-4099-b35a-741252881011'],59,,,,,,,,,,,,,,,,,Guinea,4892,00:02:59.874,Pass,
,,,,,,,,,,,,,,,,,3.403806,,,,,,,,,,,57cc7542-e72b-4d46-9336-d4c87a672f7a,1468,,"[32.6, 5.0]",3920389,48,,,,,-0.11115722,,Left Foot,,,,"[76.5, 0.1]",,High Pass,44.172615,,Out,,Aguibou Camara,39559.0,,,,,2,Regular Play,Julian Jeanvier,7360.0,Left Center Back,82,Guinea,4892,['b3fa3ec6-19ba-49c1-9242-147978613977'],4,,,,,,,,,,,,,,,,,Guinea,4892,00:03:04.230,Pass,
,,,,,,,,,,,,,,,,,1.375567,,,,,,,,,,,f1ddd142-a09e-4381-b519-ada6b4dccb19,1470,,"[43.1, 80.0]",3920389,48,,True,,,-1.7613144,,,,,,"[40.4, 66.0]",,Low Pass,14.25798,,,,Christopher Wooh,74588.0,,,,Throw-in,2,From Throw In,Jean-Charles Castelletto,7426.0,Right Back,83,Cameroon,2722,['3ef3353d-5ab6-4b14-8f5f-22e3230a36fb'],11,,,,,,,,,,,,,,,,,Cameroon,2722,00:03:11.804,Pass,
,,,,,,,,,,,,,,,,,1.331413,,,,,,,,,,,5cb37edc-77c8-4514-9dd1-4b6c01e9eda3,1472,,"[38.4, 64.1]",3920389,48,,,,,-1.4824659,,Right Foot,,,,"[40.8, 37.0]",,Ground Pass,27.206066,,,,Harold Moukoudi,7386.0,,,,,2,From Throw In,Christopher Wooh,74588.0,Right Center Back,83,Cameroon,2722,['11b81e88-4127-498a-bc40-4dff9bd1f7cc'],13,,,,,,,,,,,,,,,,,Cameroon,2722,00:03:13.941,Pass,
,,,,,,,,,,,,,,,,,1.120106,,,,,,,,,,,bdbc928b-945f-4e5d-b5e0-e164b0cfaa30,1475,,"[54.8, 34.0]",3920389,48,,,,,1.7163564,,Right Foot,,,,"[52.0, 53.1]",,Ground Pass,19.304144,,,,Christopher Wooh,74588.0,,,,,2,From Throw In,Harold Moukoudi,7386.0,Left Center Back,83,Cameroon,2722,['407c3af3-fabd-4c3f-b814-612dc28e1d62'],20,,,,,,,,,,,,,,,,,Cameroon,2722,00:03:20.552,Pass,
,,,,,,,,,,,,,,,,,0.9508,,,,,,,,,,,a1a09c73-2451-498a-b7bd-18ba8f713768,1478,,"[54.0, 54.8]",3920389,48,,,,,0.18280989,,Right Foot,,,,"[65.9, 57.0]",,Ground Pass,12.101653,,,,Jules Olivier Ntcham,10530.0,,,,,2,From Throw In,Christopher Wooh,74588.0,Right Center Back,83,Cameroon,2722,['8a62e1c4-37c8-4ea2-bab0-ae3923f6d63d'],22,,,,,,,,,,,,,,,,,Cameroon,2722,00:03:22.622,Pass,
,,,,,,,,,,,,,,,,,1.449405,,,,,,,,,,,8522a01d-89b5-4227-9792-344c583600ab,1481,,"[66.5, 40.2]",3920389,48,,,,,-1.4325258,,Right Foot,,,,"[70.8, 9.3]",,Ground Pass,31.197756,,,,Darlin Zidane Yongwa Ngameni,32190.0,,,,,2,From Throw In,Jules Olivier Ntcham,10530.0,Right Defensive Midfield,83,Cameroon,2722,['a96a72bf-33b2-4405-8c69-4c953ec144d4'],29,,,,,,,,,,,,,,,,,Cameroon,2722,00:03:29.120,Pass,
,,,,,,,,,,,,,,,,,1.406418,,,,,,,,,,,16b0a33d-9768-4772-abd2-cd5394228c50,1485,,"[74.2, 8.4]",3920389,48,,,,,2.541153,,Left Foot,,,,"[55.8, 21.0]",,Ground Pass,22.300673,,,,Harold Moukoudi,7386.0,,,,,2,From Throw In,Darlin Zidane Yongwa Ngameni,32190.0,Left Back,83,Cameroon,2722,"['73ceb5d0-eab4-4589-a78a-a7a9d8a3a18d', '7e206654-8a8e-440f-9478-42d996e890b9']",34,,,,,,,,,,,,,,,,,Cameroon,2722,00:03:34.273,Pass,True
,,,,,,,,,,,,,,,,,1.618462,,,,,,,,,,,b492e15d-fd51-4bfa-a732-53f2d82dd63c,1488,,"[57.5, 25.4]",3920389,48,,,,,1.1343529,,Right Foot,,,,"[71.4, 55.2]",,Ground Pass,32.882366,,,,Jules Olivier Ntcham,10530.0,,,,,2,From Throw In,Harold Moukoudi,7386.0,Left Center Back,83,Cameroon,2722,['df540287-e484-4262-9f74-265fecbf70a8'],36,,,,,,,,,,,,,,,,,Cameroon,2722,00:03:36.554,Pass,
,,,,,,,,,,,,,,,,,1.670461,,,,,,,,,,,31733b80-21e7-4cbc-bd0f-f486557c3ae9,1491,,"[77.6, 62.9]",3920389,48,,,,,0.8294872,,Right Foot,,,,"[90.6, 77.1]",,Ground Pass,19.252012,,,,Frank Magri,189348.0,,,,,2,From Throw In,Jules Olivier Ntcham,10530.0,Right Defensive Midfield,83,Cameroon,2722,['18e34b84-7bf2-48fa-9ec5-9cdb693cdd8c'],40,,,,,,,,,,,,,,,,,Cameroon,2722,00:03:40.125,Pass,
,,,,,,,,,,,,,,,,,0.103554,,,,,,,,,,,df189c5f-ec4d-4db8-ad85-a121dd87cfb0,1495,,"[115.1, 72.0]",3920389,48,,,,,-1.2753555,,Right Foot,,,,"[116.5, 67.4]",,Ground Pass,4.8083262,,Incomplete,,Jean-Charles Castelletto,7426.0,,,,,2,From Throw In,Frank Magri,189348.0,Right Wing,83,Cameroon,2722,"['beedcf7b-5436-40a8-afad-01230a0adbf3', 'c59c0e1e-f227-43fe-8275-bda6b926421a', 'dc901f88-66f7-41eb-a221-92ce9bb62b18']",45,,,,,,,,,,,,,,,,,Cameroon,2722,00:03:45.943,Pass,True
,,,,,,,,,,,,,,,,,1.989614,,,,,,,,,,,7afd0598-51ca-4f16-9e56-5f962f675266,1498,,"[120.0, 80.0]",3920389,49,,True,,,-1.8204237,,Right Foot,,,,"[108.4, 34.5]",,High Pass,46.955406,,,True,Frank Magri,189348.0,,True,Outswinging,Corner,2,From Corner,Georges-Kévin Nkoudou Mbida,3639.0,Left Wing,84,Cameroon,2722,['ecc6675f-d619-46e6-bd79-99487beaa0ad'],13,,,,,,,,,,,,,,,,,Cameroon,2722,00:04:13.963,Pass,
,,,,,,,,,,,,,,,,,1.662767,,,,,,,,,,,3edf24d9-1ff9-4e10-b049-be5488025458,1504,,"[97.6, 27.3]",3920389,49,,,,,1.012197,,Left Foot,,,,"[110.6, 48.1]",,High Pass,24.52835,,Incomplete,,Jean-Charles Castelletto,7426.0,,,,,2,From Corner,Jules Olivier Ntcham,10530.0,Right Defensive Midfield,84,Cameroon,2722,"['7449084f-6d79-4d22-aca4-aa4bdecf0128', 'de371507-fe72-493d-8d46-f4ad6c282c9a']",18,,,,,,,,,,,,,,,,,Cameroon,2722,00:04:18.922,Pass,
,,,,,,,,,,,,,,,,,0.813002,,,,,,,,,,,31137709-508e-4c72-a7e6-5947ece566f7,1515,,"[35.4, 40.5]",3920389,49,,,,,2.0749624,,Right Foot,,,,"[32.2, 46.3]",,Ground Pass,6.624198,,,,Aguibou Camara,39559.0,,,,,2,From Corner,Mohamed Bayo,8454.0,Center Forward,84,Cameroon,2722,['933c2b1c-96f2-4c74-838c-979d71eacc47'],23,,,,,,,,,,,,,,,,,Guinea,4892,00:04:23.930,Pass,
,,,,,,,,,,,,,,,,,3.042888,,,,,,,,,,,eef10907-016e-4813-b0e8-010a584d89a6,1519,,"[34.0, 47.0]",3920389,49,,,,,-0.118756734,,Right Foot,,,,"[69.2, 42.8]",,Ground Pass,35.449684,,Incomplete,,Mohamed Bayo,8454.0,,,,,2,From Corner,Aguibou Camara,39559.0,Left Midfield,84,Cameroon,2722,"['73e80ab9-c1a3-4744-a034-847d54ea1a8d', '607677b7-abc0-48e2-be32-5c4cc08672c3']",24,,,,,,,,,,,,,,,,,Guinea,4892,00:04:24.866,Pass,
,,,,,,,,,,,,,,,,,2.098758,,,,,,,,,,,73e80ab9-c1a3-4744-a034-847d54ea1a8d,1522,,"[50.9, 37.3]",3920389,49,,,,,3.096316,,Left Foot,,,,"[20.0, 38.7]",,Ground Pass,30.9317,,,,Joseph Fabrice Ondoa Ebogo,24670.0,,,,Recovery,2,From Corner,Darlin Zidane Yongwa Ngameni,32190.0,Left Back,84,Cameroon,2722,"['302a14c4-9f9c-4446-a593-282b74f7756d', 'eef10907-016e-4813-b0e8-010a584d89a6', '7f77382b-6ab2-4643-8077-39479b21fb2a']",27,,,,,,,,,,,,,,,,,Cameroon,2722,00:04:27.909,Pass,True
,,,,,,,,,,,,,,,,,2.200681,,,,,,,,,,,7c258707-a9d0-4217-86c3-b18ede32e01b,1525,,"[34.8, 64.5]",3920389,49,,,,,0.316403,,Right Foot,,,,"[62.9, 73.7]",,Ground Pass,29.567719,,,,Jean-Charles Castelletto,7426.0,,,,,2,From Corner,Joseph Fabrice Ondoa Ebogo,24670.0,Goalkeeper,84,Cameroon,2722,['546b3c8b-70d2-437e-b813-c0f3d258eb76'],35,,,,,,,,,,,,,,,,,Cameroon,2722,00:04:35.552,Pass,
,,,,,,,,,,,,,,,,,0.74244,,,,,,,,,,,3d80e709-f828-4fa9-aa1b-7ecabdaeac54,1528,,"[79.5, 77.9]",3920389,49,,,,,-1.7811222,,Right Foot,,,,"[77.6, 69.0]",,Ground Pass,9.10055,,,,André-Frank Zambo Anguissa,3141.0,,,,,2,From Corner,Jean-Charles Castelletto,7426.0,Right Back,84,Cameroon,2722,['5a2a5729-1762-4b25-bed9-d261b1aa0bb8'],43,,,,,,,,,,,,,,,,,Cameroon,2722,00:04:43.388,Pass,
,,,,,,,,,,,,,,,,,0.971563,,,,,,,,,,,d857c70c-07c2-43f8-87aa-55b3323189b7,1531,,"[77.6, 70.4]",3920389,49,,,,,0.7266424,,Right Foot,,,,"[84.8, 76.8]",,Ground Pass,9.633276,,,,Jean-Charles Castelletto,7426.0,,,,,2,From Corner,André-Frank Zambo Anguissa,3141.0,Left Defensive Midfield,84,Cameroon,2722,['3f130abf-a208-4438-b2e8-c947ca0e0445'],45,,,,,,,,,,,,,,,,,Cameroon,2722,00:04:45.484,Pass,
,,,,,,,,,,,,,,,,,0.737317,,,,,,,,,,,4de839d9-b2cd-47ca-9a11-ce936bfdf0e3,1535,,"[86.3, 78.9]",3920389,49,,,,,-2.9953573,,Right Foot,,,,"[73.4, 77.0]",,Ground Pass,13.039172,,,,Olivier Michel Kemen,7355.0,,,,,2,From Corner,Jean-Charles Castelletto,7426.0,Right Back,84,Cameroon,2722,['2d446ec7-aace-467d-8460-ace4815ef854'],47,,,,,,,,,,,,,,,,,Cameroon,2722,00:04:47.542,Pass,
,,,,,,,,,,,,,,,,,2.682232,,,,,,,,,,,33f1fb5a-9973-419d-8c90-1b8f74ac7943,1538,,"[76.9, 68.1]",3920389,49,,,,,-1.5683632,,Right Foot,,,,"[77.0, 27.0]",,Ground Pass,41.10012,,,,Jules Olivier Ntcham,10530.0,,True,,,2,From Corner,Olivier Michel Kemen,7355.0,Center Attacking Midfield,84,Cameroon,2722,['7a62f99d-44e3-404c-9951-4933e13452ef'],53,,,,,,,,,,,,,,,,,Cameroon,2722,00:04:53.131,Pass,
,,,,,,,,,,,,,,,,,1.960156,,,,,,,,,,,7dc6afad-a698-47ee-ac28-d1914bc87f7d,1542,,"[88.4, 24.3]",3920389,49,,,,,-0.8293581,,Right Foot,,,,"[104.7, 6.5]",,Ground Pass,24.135658,,,,Georges-Kévin Nkoudou Mbida,3639.0,,,,,2,From Corner,Jules Olivier Ntcham,10530.0,Right Defensive Midfield,84,Cameroon,2722,"['3086005d-f59f-4de4-a7dc-c47f09bbdb90', '67d8f0fd-da08-4bd2-a063-3d8544d9e3e6']",58,,,,,,,,,,,,,,,,,Cameroon,2722,00:04:58.404,Pass,True
,,,,,,,,,,,,,,,,,1.686688,,,,,,,,,,,9f949ceb-b1fb-4e0a-b6da-5232e92a6468,1545,,"[103.8, 7.9]",3920389,50,,,,,1.2685238,0d2bdea1-eaa4-45be-bcae-8d77a5a10259,Right Foot,True,,,"[115.4, 45.1]",True,High Pass,38.966652,,,,Frank Magri,189348.0,,,,,2,From Corner,Georges-Kévin Nkoudou Mbida,3639.0,Left Wing,84,Cameroon,2722,['58892147-6d98-42d9-8076-76bfd4b0badd'],2,,,,,,,,,,,,,,,,,Cameroon,2722,00:05:02.151,Pass,
,,,,,,,,,,,,,,,,,0.275974,,,,,,,,,,,7ee0b2f1-e74d-4087-92bb-0492c786cfd5,1550,,"[60.0, 40.0]",3920389,51,,True,,,-3.0765955,,Right Foot,,,,"[43.1, 38.9]",,Ground Pass,16.93576,,,,Aguibou Camara,39559.0,,,,Kick Off,2,From Kick Off,Mohamed Bayo,8454.0,Center Forward,85,Guinea,4892,['125a7d7d-9a3c-444b-b6e1-c4f12e1038fe'],25,,,,,,,,,,,,,,,,,Guinea,4892,00:06:25.640,Pass,
,,,,,,,,,,,,,,,,,1.066293,,,,,,,,,,,0176581c-c8e8-4670-b9ef-0ab33e60f3e7,1554,,"[55.1, 27.4]",3920389,51,,,,,-0.18883413,,Right Foot,,,,"[77.6, 23.1]",,Ground Pass,22.907204,,,,Darlin Zidane Yongwa Ngameni,32190.0,,,,,2,Regular Play,André-Frank Zambo Anguissa,3141.0,Left Defensive Midfield,86,Cameroon,2722,['38b06087-782e-4a7b-9259-59ba4ad154da'],30,,,,,,,,,,,,,,,,,Cameroon,2722,00:06:30.242,Pass,
,,,,,,,,,,,,,,,,,0.787424,,,,,,,,,,,ea40e962-180f-4b38-8192-c7a6fa837583,1559,,"[109.4, 6.0]",3920389,51,,,,,-1.0899091,,No Touch,,,,"[110.6, 3.7]",,Ground Pass,2.5942245,True,,,Georges-Kévin Nkoudou Mbida,3639.0,,,,,2,Regular Play,Darlin Zidane Yongwa Ngameni,32190.0,Left Back,86,Cameroon,2722,['65a6cc08-8fb2-44cb-b8d4-ef4b4dd15d10'],38,,,,,,,,,,,,,,,,,Cameroon,2722,00:06:38.176,Pass,
,,,,,,,,,,,,,,,,,0.9351,,,,,,,,,,,921e4544-2559-4051-9651-7c0725cb6489,1565,,"[110.1, 7.7]",3920389,52,,,,,1.4241298,,Right Foot,True,,,"[114.0, 34.1]",,High Pass,26.686514,,Incomplete,,Karl Brillant Toko Ekambi,3551.0,,,,Free Kick,2,From Free Kick,Georges-Kévin Nkoudou Mbida,3639.0,Left Wing,87,Cameroon,2722,"['a99bd511-d9c8-49e3-9298-2f00ea41208c', '753317bc-194f-4083-9627-0066ca863eed']",24,,,,,,,,,,,,,,,,,Cameroon,2722,00:07:24.450,Pass,
,,,,,,,,,,,,,,,,,0.72387,,,,,,,,,,,7fa4cf13-e931-4129-aadb-5f4eb28cd881,1569,,"[9.3, 43.6]",3920389,52,,,,,-0.11379201,,Head,,,,"[19.8, 42.4]",,Low Pass,10.568349,,,,Antoine Conte,131849.0,,,,Recovery,2,From Free Kick,Morgan Guilavogui,47351.0,Right Midfield,87,Cameroon,2722,['e9a4644a-3806-40a5-8460-1a1eab332c32'],28,,,,,,,,,,,,,,,,,Guinea,4892,00:07:28.695,Pass,
,,,,,,,,,,,,,,,,,5.690848,,,,,,,,,,,8a4dabfb-e780-42be-bb53-dc834e17e879,1572,,"[23.6, 44.4]",3920389,52,,,,,0.6903865,,Left Foot,,,,"[66.7, 80.0]",,High Pass,55.901432,,Out,,Aguibou Camara,39559.0,,,,,2,From Free Kick,Antoine Conte,131849.0,Right Back,87,Cameroon,2722,['6e118632-19a3-42a1-8897-eec2bb813b22'],30,,,,,,,,,,,,,,,,,Guinea,4892,00:07:30.724,Pass,
,,,,,,,,,,,,,,,,,1.516788,,,,,,,,,,,7a4f8018-1af0-402b-a030-b48eca80a46b,1574,,"[53.3, 0.1]",3920389,52,,,,,2.0020812,,,,,,"[42.9, 22.7]",,Low Pass,24.878103,,,,Jules Olivier Ntcham,10530.0,,,,Throw-in,2,From Throw In,Georges-Kévin Nkoudou Mbida,3639.0,Left Wing,88,Cameroon,2722,['9ea9931a-8571-4a7b-912f-532565412412'],41,,,,,,,,,,,,,,,,,Cameroon,2722,00:07:41.469,Pass,
,,,,,,,,,,,,,,,,,2.014776,,,,,,,,,,,36c91a94-d9dc-413d-b2f2-3574e57a43ed,1577,,"[41.5, 24.6]",3920389,52,,,,,1.2441559,,Right Foot,,,,"[49.8, 49.1]",,Ground Pass,25.86774,,,,Christopher Wooh,74588.0,,,,,2,From Throw In,Jules Olivier Ntcham,10530.0,Right Defensive Midfield,88,Cameroon,2722,['db267a30-34e0-4072-b6fa-466123c16b9e'],44,,,,,,,,,,,,,,,,,Cameroon,2722,00:07:44.415,Pass,
,,,,,,,,,,,,,,,,,1.166641,,,,,,,,,,,9856f799-5a82-457c-a2f5-8b7904b7d6d9,1580,,"[50.6, 50.9]",3920389,52,,,,,0.90210676,,Right Foot,,,,"[57.0, 59.0]",,Ground Pass,10.323275,,,,Olivier Michel Kemen,7355.0,,,,,2,From Throw In,Christopher Wooh,74588.0,Right Center Back,88,Cameroon,2722,['3a39ddab-f4b2-4a3b-a334-72a235f3340b'],47,,,,,,,,,,,,,,,,,Cameroon,2722,00:07:47.359,Pass,
,,,,,,,,,,,,,,,,,1.751955,,,,,,,,,,,5f3b6717-4225-429c-a964-3761a6dec85d,1583,,"[64.5, 64.5]",3920389,52,,,,,0.49934673,,Right Foot,,,,"[86.5, 76.5]",,Ground Pass,25.059929,,,,Jean-Charles Castelletto,7426.0,,,,,2,From Throw In,Olivier Michel Kemen,7355.0,Center Attacking Midfield,88,Cameroon,2722,['3045f21c-a409-4c8d-8029-69dc18615eb2'],50,,,,,,,,,,,,,,,,,Cameroon,2722,00:07:50.620,Pass,
,,,,,,,,,,,,,,,,,0.794921,,,,,,,,,,,6e4d038b-abc7-429a-8b71-0b2fb3fd9df4,1586,,"[92.6, 79.0]",3920389,52,,,,,-2.38793,,Right Foot,,,,"[86.1, 72.9]",,Ground Pass,8.914034,,,,Karl Brillant Toko Ekambi,3551.0,,,,,2,From Throw In,Jean-Charles Castelletto,7426.0,Right Back,88,Cameroon,2722,['d05a3ecd-6a7f-4c00-ba3a-b3c934355eab'],53,,,,,,,,,,,,,,,,,Cameroon,2722,00:07:53.876,Pass,
,,,,,,,,,,,,,,,,,0.811338,,,,,,,,,,,4678e91a-1921-4bc9-a23b-2a68dbfb29ee,1589,,"[86.9, 72.4]",3920389,52,,,,,-0.23811378,,Right Foot,,,,"[97.2, 69.9]",,Ground Pass,10.599056,,,,Frank Magri,189348.0,,,,,2,From Throw In,Karl Brillant Toko Ekambi,3551.0,Center Forward,88,Cameroon,2722,['24ccd0e9-0043-4764-9324-1a611e5b539e'],55,,,,,,,,,,,,,,,,,Cameroon,2722,00:07:55.816,Pass,
,,,,,,,,,,,,,,,,,0.46999,,,,,,,,,,,70cda238-d107-485e-9e12-776212c8c29e,1592,,"[97.2, 71.3]",3920389,52,,,,,2.2943265,,Right Foot,,,,"[91.9, 77.3]",,Ground Pass,8.005623,,,,Jean-Charles Castelletto,7426.0,,,,,2,From Throw In,Frank Magri,189348.0,Right Wing,88,Cameroon,2722,['4ae78bf8-4bb1-4f48-9d65-fc1085b74a11'],57,,,,,,,,,,,,,,,,,Cameroon,2722,00:07:57.350,Pass,
,,,,,,,,,,,,,,,,,0.593662,,,,,,,,,,,82b6fc1f-d5dc-4e07-8fa4-dcdc8881b49e,1595,,"[91.9, 77.3]",3920389,52,,,,,-2.8156228,,Right Foot,,,,"[84.8, 74.9]",,Ground Pass,7.4946647,,,,Olivier Michel Kemen,7355.0,,,,,2,From Throw In,Jean-Charles Castelletto,7426.0,Right Back,88,Cameroon,2722,['53824047-e6b1-4698-8d59-57ba88388c15'],58,,,,,,,,,,,,,,,,,Cameroon,2722,00:07:58.490,Pass,
,,,,,,,,,,,,,,,,,0.742437,,,,,,,,,,,360b3cce-1dc4-4eda-9ce6-48020daf31d6,1598,,"[84.8, 75.1]",3920389,53,,,,,-0.59405094,,Right Foot,,,,"[96.2, 67.4]",,Ground Pass,13.756817,,,,André-Frank Zambo Anguissa,3141.0,,,,,2,From Throw In,Olivier Michel Kemen,7355.0,Center Attacking Midfield,88,Cameroon,2722,['8f9295b0-c2f6-4160-9c18-a1a20bb030a0'],0,,,,,,,,,,,,,,,,,Cameroon,2722,00:08:00.528,Pass,
,,,,,,,,,,,,,,,,,1.209209,,,,,,,,,,,74eb2c54-76a9-46ca-b4d7-c6d174225cfb,1601,,"[95.9, 67.4]",3920389,53,,,,,1.2730961,,Right Foot,,,,"[98.6, 76.2]",,Low Pass,9.20489,,,,Jean-Charles Castelletto,7426.0,,,,,2,From Throw In,André-Frank Zambo Anguissa,3141.0,Left Defensive Midfield,88,Cameroon,2722,['9098d175-f366-43f3-80c2-f9d7a675956b'],1,,,,,,,,,,,,,,,,,Cameroon,2722,00:08:01.310,Pass,
,,,,,,,,,,,,,,,,,0.310217,,,,,,,,,,,08429987-c4ad-45d4-ba48-df19c53fb3d7,1604,,"[103.4, 78.5]",3920389,53,,,,,-1.2490457,,Right Foot,,,,"[104.7, 74.6]",,Low Pass,4.110961,,Incomplete,,Karl Brillant Toko Ekambi,3551.0,,,,,2,From Throw In,Jean-Charles Castelletto,7426.0,Right Back,88,Cameroon,2722,"['75c34b65-c9c0-48f2-8c17-5b85ff896578', 'c3ba1afb-7166-4f9b-b049-ce79a94f3e74']",3,,,,,,,,,,,,,,,,,Cameroon,2722,00:08:03.624,Pass,
,,,,,,,,,,,,,,,,,1.051323,,,,,,,,,,,0435a695-7dd0-404f-b74c-f960949e98c2,1607,,"[107.0, 80.0]",3920389,53,,,,,-2.946012,,,,,,"[96.4, 77.9]",,Low Pass,10.806017,,,,André-Frank Zambo Anguissa,3141.0,,,,Throw-in,2,From Throw In,Jean-Charles Castelletto,7426.0,Right Back,89,Cameroon,2722,['d57ecc97-310b-4e19-af4b-9b9d7e67050c'],7,,,,,,,,,,,,,,,,,Cameroon,2722,00:08:07.164,Pass,
,,,,,,,,,,,,,,,,,0.731067,,,,,,,,,,,8d6b99c2-040f-425d-bd56-48c6c953a1df,1610,,"[96.9, 76.8]",3920389,53,,,,,-1.861307,,Right Foot,,,,"[94.0, 67.1]",,Ground Pass,10.1242285,,,,Olivier Michel Kemen,7355.0,,,,,2,From Throw In,André-Frank Zambo Anguissa,3141.0,Left Defensive Midfield,89,Cameroon,2722,['fdef79f2-3884-4734-a430-962f26683cd5'],10,,,,,,,,,,,,,,,,,Cameroon,2722,00:08:10.632,Pass,
,,,,,,,,,,,,,,,,,1.168801,,,,,,,,,,,8be90b04-3b22-4aca-9079-6fcf9cd2ea51,1613,,"[95.0, 66.0]",3920389,53,,,,,0.79592407,,Right Foot,,,,"[104.4, 75.6]",,Ground Pass,13.435773,,,,Jean-Charles Castelletto,7426.0,,,,,2,From Throw In,Olivier Michel Kemen,7355.0,Center Attacking Midfield,89,Cameroon,2722,['c9d2b465-45fe-4252-8cbb-9662578894b1'],13,,,,,,,,,,,,,,,,,Cameroon,2722,00:08:13.281,Pass,
,,,,,,,,,,,,,,,,,0.177855,,,,,,,,,,,e3123fcd-6392-43ba-9402-5fb5a83d9f65,1616,,"[105.0, 76.8]",3920389,53,,,,,-1.1760052,,Right Foot,,,,"[107.0, 72.0]",,Low Pass,5.2,,Incomplete,,Frank Magri,189348.0,,,,,2,From Throw In,Jean-Charles Castelletto,7426.0,Right Back,89,Cameroon,2722,"['9f517922-84c6-416a-9cf3-f011d8607794', '3c65c4b1-67c8-426f-9dab-4208bc752161']",15,,,,,,,,,,,,,,,,,Cameroon,2722,00:08:15.427,Pass,
,,,,,,,,,,,,,,,,,0.821661,,,,,,,,,,,dd191e79-36d8-4340-9325-cb8584d5659f,1619,,"[105.0, 80.0]",3920389,53,,,,,-1.6551031,,,,,,"[104.4, 72.9]",,Low Pass,7.125307,,,,André-Frank Zambo Anguissa,3141.0,,,,Throw-in,2,From Throw In,Jean-Charles Castelletto,7426.0,Right Back,90,Cameroon,2722,['8d2b4307-c4f4-41af-8b65-5ac5b3cb892f'],19,,,,,,,,,,,,,,,,,Cameroon,2722,00:08:19.170,Pass,
,,,,,,,,,,,,,,,,,0.867781,,,,,,,,,,,23b97a94-08c1-4705-9e2f-7bd3dd6acb8a,1623,,"[104.8, 75.7]",3920389,53,,,,,2.913096,,Left Foot,,,,"[96.2, 77.7]",,Ground Pass,8.829496,,,,Jean-Charles Castelletto,7426.0,,,,,2,From Throw In,André-Frank Zambo Anguissa,3141.0,Left Defensive Midfield,90,Cameroon,2722,"['e0cbe529-dda2-4ad9-af64-a2f3c36f46f4', '5f14d4bb-aa17-4f5a-a630-f4080ee82840']",21,,,,,,,,,,,,,,,,,Cameroon,2722,00:08:21.045,Pass,True
,,,,,,,,,,,,,,,,,1.798816,,,,,,,,,,,8083b3c7-ab7b-4474-b1ba-1f815b18a270,1626,,"[95.9, 77.9]",3920389,53,,,,,-2.3251486,,Left Foot,,,,"[80.3, 61.3]",,Ground Pass,22.779816,,,,Christopher Wooh,74588.0,,,,,2,From Throw In,Jean-Charles Castelletto,7426.0,Right Back,90,Cameroon,2722,['99cc264b-aa93-4e1c-adf8-8ba174405cff'],22,,,,,,,,,,,,,,,,,Cameroon,2722,00:08:22.380,Pass,
,,,,,,,,,,,,,,,,,1.48821,,,,,,,,,,,2feb8724-726d-4503-90f3-b83fb97b6b45,1629,,"[79.2, 61.8]",3920389,53,,,,,-1.6169175,,Right Foot,,,,"[78.6, 48.8]",,Ground Pass,13.013839,,,,Jules Olivier Ntcham,10530.0,,,,,2,From Throw In,Christopher Wooh,74588.0,Right Center Back,90,Cameroon,2722,['50d73852-9904-4d5d-b9d6-4c3095f8db52'],24,,,,,,,,,,,,,,,,,Cameroon,2722,00:08:24.921,Pass,
,,,,,,,,,,,,,,,,,1.840236,,,,,,,,,,,fa08698f-f54b-43b2-9002-6ebb16e47290,1632,,"[83.4, 39.1]",3920389,53,,,,,-1.285362,,Right Foot,,,,"[93.7, 4.0]",,Ground Pass,36.580048,,,,Georges-Kévin Nkoudou Mbida,3639.0,,,,,2,From Throw In,Jules Olivier Ntcham,10530.0,Right Defensive Midfield,90,Cameroon,2722,['310269a6-283b-46a4-8956-1b55d3f88a0e'],28,,,,,,,,,,,,,,,,,Cameroon,2722,00:08:28.877,Pass,
,,,,,,,,,,,,,,,,,1.910591,,,,,,,,,,,aedbeadf-9b7c-4290-8290-ec41acb0ef15,1635,,"[93.6, 7.6]",3920389,53,,,,,1.2599545,,Right Foot,True,,,"[106.9, 49.0]",,High Pass,43.483906,,Incomplete,,André-Frank Zambo Anguissa,3141.0,,True,,,2,From Throw In,Georges-Kévin Nkoudou Mbida,3639.0,Left Wing,90,Cameroon,2722,"['e6dea958-ea5b-4915-ae65-bac456c23a88', '2582685a-14a6-4f8e-8c3c-1d33a6bdea2b']",33,,,,,,,,,,,,,,,,,Cameroon,2722,00:08:33.532,Pass,
,,,,,,,,,,,,,,,,,1.050234,,,,,,,,,,,fc79ac87-f85d-4c43-86c2-0a8118c1710c,1640,,"[56.5, 56.2]",3920389,53,,,,,0.8315193,,Right Foot,,,,"[68.9, 69.8]",,Ground Pass,18.404346,,,,Olivier Michel Kemen,7355.0,,,,,2,From Throw In,Christopher Wooh,74588.0,Right Center Back,90,Cameroon,2722,['d7492203-b4e1-4034-a674-666fc8f514fe'],41,,,,,,,,,,,,,,,,,Cameroon,2722,00:08:41.895,Pass,
,,,,,,,,,,,,,,,,,1.145778,,,,,,,,,,,8092ad4d-2cd9-4e36-8e80-1bb5413f9173,1643,,"[74.7, 66.8]",3920389,53,,,,,-0.56709063,,Right Foot,,,,"[92.6, 55.4]",,Ground Pass,21.221922,,,,Frank Magri,189348.0,,,,,2,From Throw In,Olivier Michel Kemen,7355.0,Center Attacking Midfield,90,Cameroon,2722,['5d62e4f9-3cf5-480f-a9e0-f44301b43bfd'],45,,,,,,,,,,,,,,,,,Cameroon,2722,00:08:45.323,Pass,
,,,,,,,,,,,,,,,,,3.377786,,,,,,,,,,,56acc76c-d35f-47e8-852b-5c07415b0c6f,1652,,"[6.0, 37.7]",3920389,56,,,,,0.28922406,,Right Foot,,,,"[75.9, 58.5]",,High Pass,72.92908,,Incomplete,,Moriba Kourouma Kourouma,39073.0,,,,Goal Kick,2,From Goal Kick,Ibrahim Kone,182573.0,Goalkeeper,92,Guinea,4892,"['9c6800fb-ebf3-403e-85b4-a61338a23c08', 'f1f2b219-b87e-4fbc-8836-029c01c16b0b']",11,,,,,,,,,,,,,,,,,Guinea,4892,00:11:11.542,Pass,
,,,,,,,,,,,,,,,,,1.287946,,,,,,,,,,,1c2f77d3-7e4f-42b0-9d9b-a63b9d3f2a83,1657,,"[46.1, 27.6]",3920389,56,,,,,0.8420386,,Right Foot,,,,"[64.4, 48.1]",,High Pass,27.47981,,,,Frank Magri,189348.0,,,,Recovery,2,From Goal Kick,André-Frank Zambo Anguissa,3141.0,Left Defensive Midfield,92,Guinea,4892,['6a4a529b-f0f3-4853-b459-62c94a2c1d51'],16,,,,,,,,,,,,,,,,,Cameroon,2722,00:11:16.712,Pass,
,,,,,,,,,,,,,,,,,2.364145,,,,,,,,,,,3a2bc6d3-13d9-4494-a881-dd97b7688c57,1663,,"[50.9, 18.8]",3920389,56,,,,,2.9050171,,Right Foot,,,,"[3.2, 30.3]",,Low Pass,49.06669,,,,Ibrahim Kone,182573.0,,,,Recovery,2,From Goal Kick,Facinet Conte,406457.0,Right Midfield,92,Guinea,4892,['356fed88-25be-4f5c-99b7-b05b2032c09f'],20,,,,,,,,,,,,,,,,,Guinea,4892,00:11:20.644,Pass,
,,,,,,,,,,,,,,,,,1.304801,,,,,,,,,,,82803430-65a1-418f-910f-683276c6d924,1667,,"[9.2, 21.6]",3920389,56,,,,,-0.33217892,,Left Foot,,,,"[35.0, 12.7]",,High Pass,27.29194,,Incomplete,,Sekou Oumar Sylla,132711.0,,,,,2,From Goal Kick,Ibrahim Kone,182573.0,Goalkeeper,92,Guinea,4892,"['b86de546-4acc-4e1b-ad0b-e34502336e2f', '073e672d-c992-4ba2-97f0-4a0ad7e444d8']",24,,,,,,,,,,,,,,,,,Guinea,4892,00:11:24.687,Pass,
,,,,,,,,,,,,,,,,,0.058526,,,,,,,,,,,62de2e5e-13e2-4502-a867-98126f6be366,1673,,"[32.9, 14.2]",3920389,56,,,,,2.819842,,Right Foot,,,,"[32.3, 14.4]",,Ground Pass,0.6324555,,Incomplete,,Sekou Oumar Sylla,132711.0,,,,Recovery,2,From Goal Kick,Moriba Kourouma Kourouma,39073.0,Right Defensive Midfield,92,Guinea,4892,"['dffd6693-6c49-4ea0-a508-e107b7e25014', '21825895-9838-4e4e-abd1-125b5994526f']",28,,,,,,,,,,,,,,,,,Guinea,4892,00:11:28.037,Pass,
,,,,,,,,,,,,,,,,,0.752506,,,,,,,,,,,7bb13033-7fdf-457a-9d81-5dd5a293b293,1679,,"[30.3, 16.7]",3920389,56,,,,,-2.8598208,,Left Foot,,,,"[26.5, 15.6]",,Ground Pass,3.9560082,,,,Julian Jeanvier,7360.0,,,,,2,From Goal Kick,Sekou Oumar Sylla,132711.0,Left Back,92,Guinea,4892,"['f6b83ab9-5812-408f-b995-9752d4b57c19', 'c34a9cc5-61a8-41e9-837a-b3c2963ef613']",30,,,,,,,,,,,,,,,,,Guinea,4892,00:11:30.328,Pass,True
,,,,,,,,,,,,,,,,,1.411868,,,,,,,,,,,c3bb1145-6147-4bda-ab89-980b4c1957c1,1682,,"[27.8, 14.7]",3920389,56,,,,,0.6532253,,Right Foot,,,,"[37.6, 22.2]",,Ground Pass,12.340584,,,,Moriba Kourouma Kourouma,39073.0,,,,,2,From Goal Kick,Julian Jeanvier,7360.0,Left Center Back,92,Guinea,4892,['16c426ca-4de5-44ee-978a-8d65e25eb9b5'],31,,,,,,,,,,,,,,,,,Guinea,4892,00:11:31.629,Pass,
,,,,,,,,,,,,,,,,,1.828041,,,,,,,,,,,bfd81d6f-dc99-4619-9c34-9d72893c1857,1689,,"[47.2, 32.4]",3920389,56,,True,,,-1.9529918,,Right Foot,,,,"[43.1, 22.2]",,Ground Pass,10.993179,,,,Julian Jeanvier,7360.0,,,,Free Kick,2,From Free Kick,Mory Konaté,35285.0,Left Defensive Midfield,93,Guinea,4892,['7a8a2888-8468-4931-a040-2b4316761a20'],55,,,,,,,,,,,,,,,,,Guinea,4892,00:11:55.189,Pass,
,,,,,,,,,,,,,,,,,2.660312,,,,,,,,,,,069f57f4-55b1-489d-9e10-7cc7e3ca7352,1692,,"[38.7, 16.7]",3920389,56,,,,,2.5914648,,Right Foot,,,,"[13.1, 32.4]",,Ground Pass,30.030817,,,,Ibrahim Kone,182573.0,,,,,2,From Free Kick,Julian Jeanvier,7360.0,Left Center Back,93,Guinea,4892,['d385e545-18bb-476e-a57e-dcb9393c4d2e'],58,,,,,,,,,,,,,,,,,Guinea,4892,00:11:58.137,Pass,
,,,,,,,,,,,,,,,,,3.092937,,,,,,,,,,,6df80929-1138-475b-b1ae-d1dffa1821ac,1696,,"[12.0, 30.0]",3920389,57,,,,,0.1478111,,Right Foot,,,,"[66.4, 38.1]",,High Pass,54.99973,,Incomplete,,Mohamed Bayo,8454.0,,,,,2,From Free Kick,Ibrahim Kone,182573.0,Goalkeeper,93,Guinea,4892,"['c465faa0-6647-4027-913d-4bf50740bb3c', 'bb318dfb-f126-4d69-98ed-c3fe5a92f9ac']",1,,,,,,,,,,,,,,,,,Guinea,4892,00:12:01.309,Pass,
,,,,,,,,,,,,,,,,,0.806824,,,,,,,,,,,076fadd7-1f48-4e52-87bc-f2e1318e677e,1700,,"[55.8, 41.8]",3920389,57,,,,,0.4393609,,Left Foot,,,,"[65.8, 46.5]",,Ground Pass,11.049435,,,,Jules Olivier Ntcham,10530.0,,,,,2,Regular Play,Harold Moukoudi,7386.0,Left Center Back,94,Cameroon,2722,['e4902e92-af5c-46fe-9a55-d1467cc4d485'],5,,,,,,,,,,,,,,,,,Cameroon,2722,00:12:05.438,Pass,
,,,,,,,,,,,,,,,,,2.317832,,,,,,,,,,,646a0501-396f-4afc-ac95-4127444c34e5,1703,,"[78.6, 64.1]",3920389,57,,,,,0.6893491,,Right Foot,,,,"[95.1, 77.7]",,Ground Pass,21.38247,,,,Jean-Charles Castelletto,7426.0,,,,,2,Regular Play,Jules Olivier Ntcham,10530.0,Right Defensive Midfield,94,Cameroon,2722,['b52a7632-0dad-46cc-bf0b-2f7e15b0f5a5'],11,,,,,,,,,,,,,,,,,Cameroon,2722,00:12:11.010,Pass,
,,,,,,,,,,,,,,,,,0.123057,,,,,,,,,,,4b6c2ef2-0cf8-47d0-8e84-87c6971af8ea,1705,,"[99.0, 76.8]",3920389,57,,,,,-1.357858,,Right Foot,,,,"[99.8, 73.1]",,Low Pass,3.7854986,,Incomplete,,Karl Brillant Toko Ekambi,3551.0,,,,,2,Regular Play,Jean-Charles Castelletto,7426.0,Right Back,94,Cameroon,2722,"['9ea18169-83f2-4d3b-8ae3-be58ce84b52d', '5c1b6ccf-2e08-4a8d-93d7-23d9ba5f0dee']",13,,,,,,,,,,,,,,,,,Cameroon,2722,00:12:13.328,Pass,
,,,,,,,,,,,,,,,,,1.691945,,,,,,,,,,,b1bf3889-92e8-4032-b1e7-b072c5cef877,1708,,"[120.0, 80.0]",3920389,57,,,,,-1.7672349,,Right Foot,,,,"[112.0, 39.8]",,High Pass,40.988293,,Incomplete,True,Harold Moukoudi,7386.0,,True,Outswinging,Corner,2,From Corner,Georges-Kévin Nkoudou Mbida,3639.0,Left Wing,95,Cameroon,2722,"['b6d18504-372f-48f5-8feb-9bc241f3fadf', '86295d6e-40f2-48d1-a702-2045877f0b03']",47,,,,,,,,,,,,,,,,,Cameroon,2722,00:12:47.890,Pass,
,,,,,,,,,,,,,,,,,3.957533,,,,,,,,,,,4a492d64-6551-4755-a5ec-a148f0efe381,1716,,"[6.0, 40.3]",3920389,59,,True,,,-0.32345414,,Right Foot,,,,"[76.4, 16.7]",,High Pass,74.25039,,Incomplete,,Mohamed Bayo,8454.0,,,,Goal Kick,2,From Goal Kick,Ibrahim Kone,182573.0,Goalkeeper,96,Guinea,4892,"['a2f411bc-1737-4e69-9287-26eebc49f3d2', 'a850d1fb-d9aa-4631-8432-284a6e96d194']",56,,,,,,,,,,,,,,,,,Guinea,4892,00:14:56.807,Pass,
,,,,,,,,,,,,,,,,,2.256957,,,,,,,,,,,a850d1fb-d9aa-4631-8432-284a6e96d194,1718,,"[43.7, 63.4]",3920389,60,,,,,-0.009661535,,Head,,,,"[64.4, 63.2]",,High Pass,20.700966,,Incomplete,,Olivier Michel Kemen,7355.0,,,,Recovery,2,From Goal Kick,Jean-Charles Castelletto,7426.0,Right Back,96,Guinea,4892,"['4a492d64-6551-4755-a5ec-a148f0efe381', 'bf06ca0c-4ab2-4a68-841a-0694236b7ad2', '0219f184-9b5b-46e1-a1bc-50a8227c8e3e']",0,,,,,,,,,,,,,,,,,Cameroon,2722,00:15:00.764,Pass,
,,,,,,,,,,,,,,,,,1.72969,,,,,,,,,,,bf06ca0c-4ab2-4a68-841a-0694236b7ad2,1720,,"[55.7, 16.9]",3920389,60,,,,,-0.015956093,,Head,,,,"[74.5, 16.6]",,High Pass,18.802393,,Incomplete,,Mohamed Bayo,8454.0,,,,Recovery,2,From Goal Kick,Sekou Oumar Sylla,132711.0,Left Back,96,Guinea,4892,"['aed8b84e-1fd4-490a-b2b9-57567c3d301f', 'a850d1fb-d9aa-4631-8432-284a6e96d194', '269b9b91-f39c-4c4c-b24f-f35181fb41a4']",3,,,,,,,,,,,,,,,,,Guinea,4892,00:15:03.021,Pass,
,,,,,,,,,,,,,,,,,0.716701,,,,,,,,,,,141206ff-8d48-4e68-a353-48a29ce69bde,1726,,"[45.3, 64.0]",3920389,60,,,,,1.6082788,,Right Foot,,,,"[45.0, 72.0]",,Low Pass,8.005623,,,,Jean-Charles Castelletto,7426.0,,,,Recovery,2,Regular Play,Jules Olivier Ntcham,10530.0,Right Defensive Midfield,97,Cameroon,2722,"['562fc3ce-aace-4d8b-81f9-3eb8240eddf6', '80e695bc-4e9c-49a9-9a32-aa70c30293d5']",6,,,,,,,,,,,,,,,,,Cameroon,2722,00:15:06.754,Pass,True
,,,,,,,,,,,,,,,,,1.547829,,,,,,,,,,,580b1b31-3011-4f39-aacb-a8ae313ec61b,1729,,"[45.0, 72.0]",3920389,60,,,,,-0.47411844,,Left Foot,,,,"[52.6, 68.1]",,Low Pass,8.542248,,,,Olivier Michel Kemen,7355.0,,,,,2,Regular Play,Jean-Charles Castelletto,7426.0,Right Back,97,Cameroon,2722,['20dfe688-038f-40c2-970a-0a8cad622aff'],7,,,,,,,,,,,,,,,,,Cameroon,2722,00:15:07.511,Pass,
,,,,,,,,,,,,,,,,,1.276404,,,,,,,,,,,7885d1d5-c455-400e-b760-b1c1e62a7e6e,1731,,"[53.3, 68.4]",3920389,60,,,,,-0.119428925,,Right Foot,,,,"[78.3, 65.4]",,High Pass,25.179358,,Incomplete,,Karl Brillant Toko Ekambi,3551.0,,,,,2,Regular Play,Olivier Michel Kemen,7355.0,Center Attacking Midfield,97,Cameroon,2722,"['cfb0fd19-e1e8-40ff-a89b-adda91e02192', 'ad97324f-e299-4ef1-aeb6-ec94868a593b']",9,,,,,,,,,,,,,,,,,Cameroon,2722,00:15:09.058,Pass,
,,,,,,,,,,,,,,,,,1.348923,,,,,,,,,,,6e020cbf-5dfd-4519-aa47-b4c69ee86763,1736,,"[91.7, 64.1]",3920389,60,,,,,-1.0092607,,Right Foot,True,,,"[109.0, 36.6]",,High Pass,32.489075,,Incomplete,,Georges-Kévin Nkoudou Mbida,3639.0,,,,,2,Regular Play,Karl Brillant Toko Ekambi,3551.0,Center Forward,97,Cameroon,2722,"['69c62b9e-0cec-46a1-8c08-836344b080b1', '4cca2cf6-72bb-4b69-b5ac-beadda39b2e3']",16,,,,,,,,,,,,,,,,,Cameroon,2722,00:15:16.378,Pass,
,,,,,,,,,,,,,,,,,1.568489,,,,,,,,,,,a9c92943-378b-4b0d-8e15-b442756bf847,1739,,"[92.0, 0.1]",3920389,60,,,,,2.0876722,,,,,,"[81.2, 19.1]",,Low Pass,21.854977,,,,André-Frank Zambo Anguissa,3141.0,,,,Throw-in,2,From Throw In,Darlin Zidane Yongwa Ngameni,32190.0,Left Back,98,Cameroon,2722,['96c27990-c9ca-4e6f-a606-2b990767089f'],23,,,,,,,,,,,,,,,,,Cameroon,2722,00:15:23.561,Pass,
,,,,,,,,,,,,,,,,,1.146545,,,,,,,,,,,94c8fc10-1812-4d92-9a8a-595ba0d975c8,1742,,"[80.3, 19.6]",3920389,60,,,,,-0.8537845,,Right Foot,,,,"[93.9, 4.0]",,Ground Pass,20.695894,,,,Georges-Kévin Nkoudou Mbida,3639.0,,,,,2,From Throw In,André-Frank Zambo Anguissa,3141.0,Left Defensive Midfield,98,Cameroon,2722,['b331863d-9a80-4a74-bc3f-6e6316a18558'],28,,,,,,,,,,,,,,,,,Cameroon,2722,00:15:28.754,Pass,
,,,,,,,,,,,,,,,,,1.848554,,,,,,,,,,,70bab896-e967-4e54-a810-6d909414ed4d,1745,,"[92.9, 7.0]",3920389,60,,,,,1.8553492,fa05288f-fcab-4516-a11c-be44e01788ca,Right Foot,,,,"[78.1, 57.6]",,High Pass,52.720016,,,,Jules Olivier Ntcham,10530.0,True,True,,,2,From Throw In,Georges-Kévin Nkoudou Mbida,3639.0,Left Wing,98,Cameroon,2722,['64cb21a7-3769-49c8-8722-529b15102ed2'],34,,,,,,,,,,,,,,,,,Cameroon,2722,00:15:34.045,Pass,
,,,,,,,,,,,,,,,,,1.804347,,,,,,,,,,,380cd4db-e1d1-4079-965a-800086bc798f,1752,,"[25.6, 38.9]",3920389,60,,,,,-0.9999227,,Right Foot,,,,"[32.6, 28.0]",,High Pass,12.95415,,,,Mohamed Bayo,8454.0,,,,Recovery,2,Regular Play,Moriba Kourouma Kourouma,39073.0,Right Defensive Midfield,99,Guinea,4892,['11f7f537-c52f-4c2c-b5b4-5822faf6486f'],42,,,,,,,,,,,,,,,,,Guinea,4892,00:15:42.391,Pass,
,,,,,,,,,,,,,,,,,1.274817,,,,,,,,,,,cbeb5edd-466b-4e59-b213-788f43f7edb4,1756,,"[33.2, 28.0]",3920389,60,,,,,-3.0187573,,Right Foot,,,,"[25.1, 27.0]",,Low Pass,8.161495,,,,Mory Konaté,35285.0,,,,,2,Regular Play,Mohamed Bayo,8454.0,Center Forward,99,Guinea,4892,"['a2c6d640-6606-4b45-b1b5-4990247c9f29', 'f6c6fd3b-f9b0-4be0-b509-90cef9ff17c1']",44,,,,,,,,,,,,,,,,,Guinea,4892,00:15:44.209,Pass,True
,,,,,,,,,,,,,,,,,1.29972,,,,,,,,,,,1ed7977b-ba47-4d92-9fce-e8b01b78092d,1759,,"[25.4, 24.4]",3920389,60,,,,,-0.5371989,,Left Foot,,,,"[43.7, 13.5]",,Low Pass,21.300234,,Incomplete,,Facinet Conte,406457.0,,,,,2,Regular Play,Mory Konaté,35285.0,Left Defensive Midfield,99,Guinea,4892,"['0e8a5745-97ac-4128-a942-dbe263cb63d2', '9ec8d265-7c2a-4e7f-8813-d9d319116d02']",45,,,,,,,,,,,,,,,,,Guinea,4892,00:15:45.564,Pass,
,,,,,,,,,,,,,,,,,1.232226,,,,,,,,,,,b113832e-d801-42de-9c00-7aae594dac26,1763,,"[73.6, 67.1]",3920389,60,,,,,0.5225855,,Right Foot,,,,"[86.1, 74.3]",,Ground Pass,14.425325,,,,Frank Magri,189348.0,,,,,2,Regular Play,Jean-Charles Castelletto,7426.0,Right Back,100,Cameroon,2722,['0c6fa6a8-58b7-4215-a738-4b9338db7f38'],49,,,,,,,,,,,,,,,,,Cameroon,2722,00:15:49.316,Pass,
,,,,,,,,,,,,,,,,,1.028981,,,,,,,,,,,2e063df7-4523-42d8-bef9-7459959dc6bc,1774,,"[5.9, 6.1]",3920389,60,,,,,-0.47089386,,Left Foot,,,,"[11.4, 3.3]",,Ground Pass,6.1717095,,,,Facinet Conte,406457.0,,,,,2,Regular Play,Sekou Oumar Sylla,132711.0,Left Back,101,Guinea,4892,['e3c5aa67-8bd7-4d5b-a7f8-19ca3800dde0'],57,,,,,,,,,,,,,,,,,Guinea,4892,00:15:57.267,Pass,
,,,,,,,,,,,,,,,,,0.854191,,,,,,,,,,,37758f7d-9ce0-4b8c-b415-03bd1a6dd0fb,1778,,"[12.0, 2.8]",3920389,60,,,,,2.9507616,,Right Foot,,,,"[3.2, 4.5]",,Ground Pass,8.962701,,,,Sekou Oumar Sylla,132711.0,,,,,2,Regular Play,Facinet Conte,406457.0,Left Midfield,101,Guinea,4892,['3b39497c-4f1d-4f02-8038-bf8006ea64d5'],58,,,,,,,,,,,,,,,,,Guinea,4892,00:15:58.804,Pass,
,,,,,,,,,,,,,,,,,1.935228,,,,,,,,,,,44289dfe-a67a-4fda-95cd-b37726340e0d,1781,,"[3.2, 4.5]",3920389,61,,,,,0.21366899,,Left Foot,,,,"[35.0, 11.4]",,High Pass,32.539974,,,,Mohamed Bayo,8454.0,,,,,2,Regular Play,Sekou Oumar Sylla,132711.0,Left Back,101,Guinea,4892,['2f378f72-3eac-49f3-bcc8-74b709b0083a'],0,,,,,,,,,,,,,,,,,Guinea,4892,00:16:00.084,Pass,
,,,,,,,,,,,,,,,,,1.690952,,,,,,,,,,,dec4cc99-c2fc-43e2-aad9-a554e781efc6,1785,,"[32.6, 13.6]",3920389,61,,,,,1.1698467,,Right Foot,,,,"[40.4, 32.0]",,Ground Pass,19.984995,,,,Moriba Kourouma Kourouma,39073.0,,,,,2,Regular Play,Mohamed Bayo,8454.0,Center Forward,101,Guinea,4892,['bc2764db-b9c2-4e02-8604-f5385f5e051e'],3,,,,,,,,,,,,,,,,,Guinea,4892,00:16:03.133,Pass,
,,,,,,,,,,,,,,,,,4.016315,,,,,,,,,,,5e114854-fed7-47a9-ae9a-1509a3645894,1789,,"[39.8, 31.7]",3920389,61,,,,,0.6647745,,Left Foot,,,True,"[73.1, 57.8]",,Ground Pass,42.309574,,,,Aguibou Camara,39559.0,,,,,2,Regular Play,Moriba Kourouma Kourouma,39073.0,Right Defensive Midfield,101,Guinea,4892,['f632a593-d080-460b-aaec-1e8d613001e3'],4,,,,,,,,,,,,,,,,,Guinea,4892,00:16:04.847,Pass,
,,,,,,,,,,,,,,,,,1.8801,,,,,,,,,,,db473f15-bdb9-4789-be5e-e71880e47a71,1796,,"[76.7, 52.0]",3920389,62,,,,,-0.38810357,,Right Foot,,,,"[112.9, 37.2]",,High Pass,39.108566,,Incomplete,,Julian Jeanvier,7360.0,,,,Free Kick,2,From Free Kick,Moriba Kourouma Kourouma,39073.0,Right Defensive Midfield,102,Guinea,4892,"['817fa8a8-005f-44ad-a4d2-3225e264f031', '14443bff-6918-4934-8094-86041d42b53d']",29,,,,,,,,,,,,,,,,,Guinea,4892,00:17:29.247,Pass,
,,,,,,,,,,,,,,,,,1.388063,,,,,,,,,,,f449224d-f298-4c67-a840-9ae822634309,1802,,"[32.6, 28.7]",3920389,62,,,,,0.6871242,,Right Foot,,,,"[40.4, 35.1]",,Ground Pass,10.089599,,,,Jules Olivier Ntcham,10530.0,,,,,2,Regular Play,Georges-Kévin Nkoudou Mbida,3639.0,Left Wing,103,Cameroon,2722,"['83e702f4-3513-4f4d-98ec-22249e7a44aa', 'da6eeb75-8611-4141-8527-7ce00db31f00']",33,,,,,,,,,,,,,,,,,Cameroon,2722,00:17:33.953,Pass,True
,,,,,,,,,,,,,,,,,1.805924,,,,,,,,,,,ec671692-8087-4d8d-b706-19e0d3eadf82,1812,,"[48.5, 31.7]",3920389,63,,,,,0.4662931,,Right Foot,,,,"[63.6, 39.3]",,Ground Pass,16.904734,,,,Jules Olivier Ntcham,10530.0,,,,Free Kick,2,From Free Kick,Harold Moukoudi,7386.0,Left Center Back,104,Cameroon,2722,['d5f495b9-5efe-42c3-b4b1-ad1398cb6947'],45,,,,,,,,,,,,,,,,,Cameroon,2722,00:18:45.589,Pass,
,,,,,,,,,,,,,,,,,1.571337,,,,,,,,,,,d2aa1a67-5835-4da8-8f39-8f2526875ac2,1815,,"[64.5, 37.7]",3920389,63,,,,,-1.4391124,,Right Foot,,,,"[66.5, 22.6]",,Ground Pass,15.231874,,,,Darlin Zidane Yongwa Ngameni,32190.0,,,,,2,From Free Kick,Jules Olivier Ntcham,10530.0,Right Defensive Midfield,104,Cameroon,2722,['a1be57c0-e15c-4530-ac62-3dea83c7e939'],48,,,,,,,,,,,,,,,,,Cameroon,2722,00:18:48.831,Pass,
,,,,,,,,,,,,,,,,,2.925226,,,,,,,,,,,6d2dd259-f2c4-40cd-9ab7-b82192054365,1818,,"[80.0, 9.0]",3920389,63,,,,,-0.14832783,,Left Foot,,,,"[114.8, 3.8]",,High Pass,35.18636,,Incomplete,,Georges-Kévin Nkoudou Mbida,3639.0,,,,,2,From Free Kick,Darlin Zidane Yongwa Ngameni,32190.0,Left Back,104,Cameroon,2722,"['d07b62ab-5cb3-45c7-b87d-84490699011b', 'ba465914-470a-40c9-83db-9d3aa75639a4']",56,,,,,,,,,,,,,,,,,Cameroon,2722,00:18:56.336,Pass,
,,,,,,,,,,,,,,,,,2.249217,,,,,,,,,,,9711f8cd-f7c1-4973-96b4-17add952bced,1825,,"[5.6, 40.9]",3920389,64,,,,,-0.009819652,,Right Foot,,,,"[66.7, 40.3]",,High Pass,61.102947,,Incomplete,,Facinet Conte,406457.0,,,,Goal Kick,2,From Goal Kick,Ibrahim Kone,182573.0,Goalkeeper,105,Guinea,4892,"['228290f3-8aed-47d2-8a5e-e7c2925e2a22', 'd784fa6c-3b74-4cc6-9453-dc3e8371f6d4']",41,,,,,,,,,,,,,,,,,Guinea,4892,00:19:41.251,Pass,
,,,,,,,,,,,,,,,,,2.667228,,,,,,,,,,,d784fa6c-3b74-4cc6-9453-dc3e8371f6d4,1827,,"[53.4, 39.8]",3920389,64,,,,,-0.2730087,,Head,,,,"[58.4, 38.4]",,High Pass,5.192302,,,,Olivier Michel Kemen,7355.0,,,,Recovery,2,Regular Play,Frank Magri,189348.0,Right Wing,106,Cameroon,2722,"['9711f8cd-f7c1-4973-96b4-17add952bced', '03055670-fe03-4849-9ce5-e059cf0584e5']",43,,,,,,,,,,,,,,,,,Cameroon,2722,00:19:43.500,Pass,
,,,,,,,,,,,,,,,,,0.087096,,,,,,,,,,,9dbf3b0e-f072-4bc6-a88c-24ae3de0328d,1830,,"[57.2, 38.1]",3920389,64,,,,True,1.1071488,,,,,,"[58.1, 39.9]",,Low Pass,2.0124612,,Incomplete,,Karl Brillant Toko Ekambi,3551.0,,,,,2,Regular Play,Olivier Michel Kemen,7355.0,Center Attacking Midfield,106,Cameroon,2722,"['220c6d7f-8000-4ce8-abf2-d1b10906f138', 'e6470676-aa8c-41c4-84e5-e374943b5e39', 'e5d78d7f-1e8e-4dc4-bf8b-d06bb1a056e8']",46,,,,,,,,,,,,,,,,,Cameroon,2722,00:19:46.167,Pass,True
,,,,,,,,,,,,,,,,,2.554745,,,,,,,,,,,5026850c-41d4-43e3-80e2-c30a3be25a96,1833,,"[57.8, 48.1]",3920389,64,,,,,0.34936783,,Head,,,,"[84.7, 57.9]",,High Pass,28.62953,,Incomplete,,Karl Brillant Toko Ekambi,3551.0,,,,Recovery,2,Regular Play,Frank Magri,189348.0,Right Wing,106,Cameroon,2722,"['66c7ef7f-3e42-41ae-98b7-5fe3a53583fe', '7ae97ded-2db9-4863-904a-a7bb57469f65']",47,,,,,,,,,,,,,,,,,Cameroon,2722,00:19:47.169,Pass,
,,,,,,,,,,,,,,,,,1.241784,,,,,,,,,,,43f3f5ea-e74a-4a9b-88ab-67c742760d77,1837,,"[46.2, 80.0]",3920389,64,,True,,,-2.102225,,,,,,"[37.5, 65.2]",,Low Pass,17.167702,,,,Christopher Wooh,74588.0,,,,Throw-in,2,From Throw In,Jean-Charles Castelletto,7426.0,Right Back,107,Cameroon,2722,['0288d93b-f79f-4dba-bef8-4c2e373bee74'],58,,,,,,,,,,,,,,,,,Cameroon,2722,00:19:58.841,Pass,
,,,,,,,,,,,,,,,,,2.623002,,,,,,,,,,,f71367e5-89ec-406a-a06c-e023301db2fb,1839,,"[37.0, 64.5]",3920389,65,,,,,-1.4416177,,Right Foot,,,,"[42.3, 23.7]",,Ground Pass,41.1428,,,,Harold Moukoudi,7386.0,,True,,,2,From Throw In,Christopher Wooh,74588.0,Right Center Back,107,Cameroon,2722,['09e59d67-3b32-436f-abb5-86119ae5ea5f'],3,,,,,,,,,,,,,,,,,Cameroon,2722,00:20:03.297,Pass,
,,,,,,,,,,,,,,,,,1.058691,,,,,,,,,,,7e24eed5-3b9b-4522-b8e9-7bebc4e5e08e,1842,,"[49.8, 19.1]",3920389,65,,,,,-0.8773368,,Right Foot,,,,"[62.6, 3.7]",,Ground Pass,20.024984,,,,Georges-Kévin Nkoudou Mbida,3639.0,,,,,2,From Throw In,Harold Moukoudi,7386.0,Left Center Back,107,Cameroon,2722,['c96d7101-0cc6-4691-b1cf-310968787439'],7,,,,,,,,,,,,,,,,,Cameroon,2722,00:20:07.405,Pass,
,,,,,,,,,,,,,,,,,1.210822,,,,,,,,,,,7d3a51a4-a5f7-4e9f-bece-a070470f8546,1846,,"[63.1, 80.0]",3920389,65,,True,,,-0.18845835,,,,,,"[82.5, 76.3]",,High Pass,19.749683,,Incomplete,,Mohamed Bayo,8454.0,,,,Throw-in,2,From Throw In,Ibrahim Diakité,176683.0,Right Back,108,Guinea,4892,"['e82a80ac-1527-4d8e-9c2f-ed588e1ce8c9', '569b42ac-2068-40a8-b03a-bffef2f8c3d5']",27,,,,,,,,,,,,,,,,,Guinea,4892,00:20:27.161,Pass,
,,,,,,,,,,,,,,,,,2.085055,,,,,,,,,,,f9715b07-02ef-44cf-a3a7-3666c756e04b,1851,,"[37.0, 7.1]",3920389,65,,,,,0.495383,,Head,,,,"[49.4, 13.8]",,Low Pass,14.094325,,,,Olivier Michel Kemen,7355.0,,,,Recovery,2,Regular Play,Darlin Zidane Yongwa Ngameni,32190.0,Left Back,109,Cameroon,2722,"['af580b0a-136e-4aea-9ea4-d9fdafe35c8a', '1b8a267b-ce5b-4abb-a05b-fbf8b4fe88c8']",32,,,,,,,,,,,,,,,,,Cameroon,2722,00:20:32.293,Pass,True
,,,,,,,,,,,,,,,,,1.085161,,,,,,,,,,,f938b0e0-5b07-4c5a-9bfa-57b05356a1d2,1859,,"[43.7, 14.8]",3920389,65,,,,,2.4658847,,Right Foot,,,,"[31.1, 24.9]",,Ground Pass,16.148375,,,,Christopher Wooh,74588.0,,,,,2,Regular Play,Olivier Michel Kemen,7355.0,Center Attacking Midfield,109,Cameroon,2722,"['fff06344-e262-4a39-94d1-aa08f713b442', 'd9e63dda-bce7-49d0-aee6-02d86d1e8f24']",35,,,,,,,,,,,,,,,,,Cameroon,2722,00:20:35.920,Pass,True
,,,,,,,,,,,,,,,,,1.454574,,,,,,,,,,,4f26c4c3-cd0b-4fc0-8f89-2f9ea7922f89,1862,,"[32.6, 26.6]",3920389,65,,,,,0.6202495,,Right Foot,,,,"[37.5, 30.1]",,Ground Pass,6.021628,,,,Jules Olivier Ntcham,10530.0,,,,,2,Regular Play,Christopher Wooh,74588.0,Right Center Back,109,Cameroon,2722,['6d355f5f-a924-4b19-9c10-18ace9cb20dc'],37,,,,,,,,,,,,,,,,,Cameroon,2722,00:20:37.049,Pass,
,,,,,,,,,,,,,,,,,1.312469,,,,,,,,,,,6c03181c-31ec-4c50-871b-66de4563c8f5,1865,,"[44.8, 33.4]",3920389,65,,,,,-1.2948852,,Right Foot,,,,"[49.5, 16.8]",,Ground Pass,17.252537,,,,André-Frank Zambo Anguissa,3141.0,,,,,2,Regular Play,Jules Olivier Ntcham,10530.0,Right Defensive Midfield,109,Cameroon,2722,['83a28d5d-fa85-4e11-8014-30990cb95133'],42,,,,,,,,,,,,,,,,,Cameroon,2722,00:20:42.109,Pass,
,,,,,,,,,,,,,,,,,0.918193,,,,,,,,,,,c05696f6-91e4-4fc5-a920-c86b5861247a,1869,,"[79.4, 20.4]",3920389,65,,,,,0.4346702,,Right Foot,,,,"[90.6, 25.6]",,Ground Pass,12.348279,,,,Karl Brillant Toko Ekambi,3551.0,,,,,2,Regular Play,André-Frank Zambo Anguissa,3141.0,Left Defensive Midfield,109,Cameroon,2722,"['dab14889-2e42-4c3a-a27f-991303ff5eee', '36b148aa-b4a7-4021-9317-dcb9bd20998a']",50,,,,,,,,,,,,,,,,,Cameroon,2722,00:20:50.329,Pass,True
,,,,,,,,,,,,,,,,,2.83261,,,,,,,,,,,7cb2eb6a-a53f-4815-b99a-fc78a5fcf735,1872,,"[89.8, 26.6]",3920389,65,,,,,1.5506377,,Right Foot,,,,"[90.8, 76.2]",,High Pass,49.61008,,,,Jean-Charles Castelletto,7426.0,,True,,,2,Regular Play,Karl Brillant Toko Ekambi,3551.0,Center Forward,109,Cameroon,2722,['86b53577-ba5a-4601-a5b2-7eff3992b733'],52,,,,,,,,,,,,,,,,,Cameroon,2722,00:20:52.760,Pass,
,,,,,,,,,,,,,,,,,1.84782,,,,,,,,,,,26ee41e6-03d8-4b8e-a685-9ff764a1c516,1875,,"[94.5, 74.5]",3920389,65,,,,,-1.1047419,,Right Foot,True,,,"[111.2, 41.3]",,High Pass,37.16356,,Incomplete,,Karl Brillant Toko Ekambi,3551.0,,,,,2,Regular Play,Jean-Charles Castelletto,7426.0,Right Back,109,Cameroon,2722,"['db7504f9-3924-4f8b-a4d1-0aefee5cbbf4', 'f5177315-cffd-4da0-b9b2-20870dee8a84']",58,,,,,,,,,,,,,,,,,Cameroon,2722,00:20:58.104,Pass,
,,,,,,,,,,,,,,,,,0.783271,,,,,,,,,,,466bf797-fac9-4337-a08c-7ac8cb837c70,1881,,"[95.8, 27.0]",3920389,66,,,,,2.1673603,b9ee8f47-13ba-4e53-aa7d-dbfd51c40dab,Right Foot,,,,"[86.7, 40.4]",,Ground Pass,16.19784,,,,Jules Olivier Ntcham,10530.0,True,,,,2,Regular Play,Georges-Kévin Nkoudou Mbida,3639.0,Left Wing,109,Cameroon,2722,['dad317c5-fb0e-4f6b-84a7-a3b210a3f46d'],6,,,,,,,,,,,,,,,,,Cameroon,2722,00:21:06.024,Pass,
,,,,,,,,,,,,,,,,,3.802132,,,,,,,,,,,5c5ac707-630b-4e44-a7d8-ea5168aa3fac,1886,,"[4.2, 37.7]",3920389,66,,,,,0.53943527,,Right Foot,,,,"[64.0, 73.5]",,High Pass,69.69706,,,,Moriba Kourouma Kourouma,39073.0,,,,Goal Kick,2,From Goal Kick,Ibrahim Kone,182573.0,Goalkeeper,110,Guinea,4892,['c915b181-61cf-4f1a-aa4b-3df97dd371b6'],48,,,,,,,,,,,,,,,,,Guinea,4892,00:21:48.858,Pass,
,,,,,,,,,,,,,,,,,1.008631,,,,,,,,,,,334f66c5-9166-43f4-9a30-fe99fccd9b66,1888,,"[64.3, 74.4]",3920389,66,,,,,0.6166481,,Head,,,,"[72.2, 80.0]",,Low Pass,9.683491,,Out,,Aguibou Camara,39559.0,,,,,2,From Goal Kick,Moriba Kourouma Kourouma,39073.0,Right Defensive Midfield,110,Guinea,4892,['800b4257-680a-4568-bfb4-c87b96909b6e'],52,,,,,,,,,,,,,,,,,Guinea,4892,00:21:52.811,Pass,
,,,,,,,,,,,,,,,,,1.609614,,,,,,,,,,,fa351b65-55e3-4295-a17c-d5d2c355e4fa,1890,,"[47.9, 0.1]",3920389,67,,True,,,2.4763558,,,,,,"[29.8, 14.3]",,Low Pass,23.005434,,,,Harold Moukoudi,7386.0,,,,Throw-in,2,From Throw In,Darlin Zidane Yongwa Ngameni,32190.0,Left Back,111,Cameroon,2722,['ac5ed343-a9dc-4795-9954-d0d8dccb483e'],0,,,,,,,,,,,,,,,,,Cameroon,2722,00:22:00.076,Pass,
,,,,,,,,,,,,,,,,,2.189773,,,,,,,,,,,cc03182d-9847-4ed7-8603-95633c28d2dd,1892,,"[30.9, 15.7]",3920389,67,,,,,1.2008073,,Right Foot,,,,"[39.2, 37.1]",,Ground Pass,22.953213,,,,Jules Olivier Ntcham,10530.0,,,,,2,From Throw In,Harold Moukoudi,7386.0,Left Center Back,111,Cameroon,2722,['2700ca3b-7253-4670-94a6-0cafaa3fc981'],3,,,,,,,,,,,,,,,,,Cameroon,2722,00:22:03.161,Pass,
,,,,,,,,,,,,,,,,,1.54041,,,,,,,,,,,d4e69b34-70af-4da1-ad11-16af50800bf4,1895,,"[41.5, 54.1]",3920389,67,,,,,0.8131688,,Right Foot,,,,"[62.5, 76.3]",,Ground Pass,30.558796,,,,Jean-Charles Castelletto,7426.0,,,,,2,From Throw In,Jules Olivier Ntcham,10530.0,Right Defensive Midfield,111,Cameroon,2722,['899c7ab1-2825-4125-9fa2-f24ca0d665ae'],7,,,,,,,,,,,,,,,,,Cameroon,2722,00:22:07.516,Pass,
,,,,,,,,,,,,,,,,,2.485591,,,,,,,,,,,fb1de1ff-e8a8-4b8e-be02-8b202354d3d2,1899,,"[63.7, 77.7]",3920389,67,,,,,-2.711266,,Right Foot,,,,"[45.4, 69.3]",,Ground Pass,20.13579,,,,Christopher Wooh,74588.0,,,,,2,From Throw In,Jean-Charles Castelletto,7426.0,Right Back,111,Cameroon,2722,['d6e700cb-4424-41e2-98b6-0e171967e10f'],11,,,,,,,,,,,,,,,,,Cameroon,2722,00:22:11.428,Pass,
,,,,,,,,,,,,,,,,,0.239696,,,,,,,,,,,5f57f146-7755-4930-993d-a88c403b3798,1902,,"[45.3, 69.1]",3920389,67,,,,,0.41012734,,Right Foot,,,,"[47.6, 70.1]",,High Pass,2.5079873,,Incomplete,,Jean-Charles Castelletto,7426.0,,,,,2,From Throw In,Christopher Wooh,74588.0,Right Center Back,111,Cameroon,2722,"['d871edd6-df9a-4d3b-9679-3c63befee033', '07847037-6b50-4c00-8300-1ad5cdebf97d', '9ab72f24-b351-48da-98bd-3fa5541c4ef6']",13,,,,,,,,,,,,,,,,,Cameroon,2722,00:22:13.914,Pass,True
,,,,,,,,,,,,,,,,,1.193399,,,,,,,,,,,9d0b0a2c-8908-48ca-9313-cb2872c3cff9,1905,,"[52.9, 0.1]",3920389,67,,,,,0.59807783,,,,,,"[62.0, 6.3]",,Low Pass,11.011357,,,,Moriba Kourouma Kourouma,39073.0,,,,Throw-in,2,From Throw In,Sekou Oumar Sylla,132711.0,Left Back,112,Guinea,4892,['0acb1f02-93c7-420e-80ca-b793518ab04c'],37,,,,,,,,,,,,,,,,,Guinea,4892,00:22:37.620,Pass,
,,,,,,,,,,,,,,,,,0.712561,,,,,,,,,,,798afce0-c525-409d-bbff-79719450570b,1909,,"[62.2, 5.5]",3920389,67,,,,,-2.6358013,,Right Foot,,,,"[55.7, 1.9]",,Low Pass,7.430343,,,,Sekou Oumar Sylla,132711.0,,,,,2,From Throw In,Moriba Kourouma Kourouma,39073.0,Right Defensive Midfield,112,Guinea,4892,['737e627c-d876-4987-bcf5-298024f5de11'],38,,,,,,,,,,,,,,,,,Guinea,4892,00:22:38.909,Pass,
,,,,,,,,,,,,,,,,,0.630118,,,,,,,,,,,d1974da7-d271-4646-9e99-9c4b749e42de,1915,,"[62.6, 0.1]",3920389,67,,,,,1.1611502,,,,,,"[65.9, 7.7]",,Low Pass,8.285529,,,,Moriba Kourouma Kourouma,39073.0,,,,Throw-in,2,From Throw In,Sekou Oumar Sylla,132711.0,Left Back,113,Guinea,4892,['a29d857a-0847-47dc-85aa-e32b275430b8'],49,,,,,,,,,,,,,,,,,Guinea,4892,00:22:49.651,Pass,
,,,,,,,,,,,,,,,,,2.345978,,,,,,,,,,,c9f623d8-0ddb-4714-987f-dd57e0103912,1921,,"[65.3, 8.9]",3920389,67,,True,,,1.9491919,,Right Foot,,,,"[52.3, 41.6]",,Ground Pass,35.189346,,,,Mouctar Diakhaby,4267.0,,,,Free Kick,2,From Free Kick,Moriba Kourouma Kourouma,39073.0,Right Defensive Midfield,114,Guinea,4892,['917ddd7a-88e4-49f8-bef1-c3a941b8d401'],57,,,,,,,,,,,,,,,,,Guinea,4892,00:22:57.388,Pass,
,,,,,,,,,,,,,,,,,1.6,,,,,,,,,,,1ba39fac-288c-4a85-a623-5d09a9d74636,1923,,"[52.9, 42.0]",3920389,68,,,,,1.2499777,,Right Foot,,,,"[63.6, 74.2]",,Ground Pass,33.931255,,,,Ibrahim Diakité,176683.0,,,,,2,From Free Kick,Mouctar Diakhaby,4267.0,Right Center Back,114,Guinea,4892,['b13b5f7d-ff48-4c64-a3e6-6f9b0ba7619c'],0,,,,,,,,,,,,,,,,,Guinea,4892,00:23:00.739,Pass,
,,,,,,,,,,,,,,,,,1.295993,,,,,,,,,,,9c1572fd-792e-4ae5-a841-621165aa6fb6,1927,,"[62.8, 65.2]",3920389,68,,,,,-1.9540256,,Right Foot,,,,"[52.6, 39.9]",,Ground Pass,27.278746,,,,Mory Konaté,35285.0,,,,,2,From Free Kick,Ibrahim Diakité,176683.0,Right Back,114,Guinea,4892,['7d1278c8-ef3a-4808-b6ca-b1d7cd288d84'],5,,,,,,,,,,,,,,,,,Guinea,4892,00:23:05.697,Pass,
,,,,,,,,,,,,,,,,,1.641204,,,,,,,,,,,94ab941c-df9f-4e2b-880a-956f863a5355,1930,,"[53.1, 39.1]",3920389,68,,,,,-2.3987916,,Right Foot,,,,"[37.2, 24.5]",,Ground Pass,21.586338,,,,Julian Jeanvier,7360.0,,,,,2,From Free Kick,Mory Konaté,35285.0,Left Defensive Midfield,114,Guinea,4892,['cfe3de56-0a88-4b69-8c2a-372afa7e6c6e'],8,,,,,,,,,,,,,,,,,Guinea,4892,00:23:08.515,Pass,
,,,,,,,,,,,,,,,,,1.671039,,,,,,,,,,,ba7312ff-a8cf-4162-9e7c-7162f9b3ac12,1933,,"[35.3, 27.4]",3920389,68,,,,,2.7201734,,Left Foot,,,,"[9.2, 39.1]",,Ground Pass,28.602448,,,,Ibrahim Kone,182573.0,,,,,2,From Free Kick,Julian Jeanvier,7360.0,Left Center Back,114,Guinea,4892,['807342bc-6194-4972-b2f7-111700529294'],12,,,,,,,,,,,,,,,,,Guinea,4892,00:23:12.141,Pass,
,,,,,,,,,,,,,,,,,2.536231,,,,,,,,,,,596d31b7-623b-4cb2-acfa-5688299aa046,1936,,"[8.6, 40.2]",3920389,68,,,,,0.5295244,,Right Foot,,,,"[64.3, 72.8]",,High Pass,64.53875,,,,Moriba Kourouma Kourouma,39073.0,,,,,2,From Free Kick,Ibrahim Kone,182573.0,Goalkeeper,114,Guinea,4892,['27643967-b9a8-49a2-a816-b5e86022d9c3'],15,,,,,,,,,,,,,,,,,Guinea,4892,00:23:15.736,Pass,
,,,,,,,,,,,,,,,,,2.238443,,,,,,,,,,,0ece60ec-5ca3-4cc6-aafe-5b06224eda94,1939,,"[65.0, 73.8]",3920389,68,,,,True,-2.5578363,,,,,,"[43.2, 59.4]",,High Pass,26.126616,,,,Mouctar Diakhaby,4267.0,,,,,2,From Free Kick,Moriba Kourouma Kourouma,39073.0,Right Defensive Midfield,114,Guinea,4892,"['2570850f-72bc-4c6b-8212-8741c595d453', '51571538-d59b-4b23-8a2a-f64138fd828b']",18,,,,,,,,,,,,,,,,,Guinea,4892,00:23:18.287,Pass,True
,,,,,,,,,,,,,,,,,1.702188,,,,,,,,,,,a30d7844-b2be-440c-9cff-9781a79347e2,1943,,"[42.5, 59.1]",3920389,68,,,,,-0.38588268,,Right Foot,,,,"[74.5, 46.1]",,Low Pass,34.539833,,Incomplete,,Mohamed Bayo,8454.0,,,,,2,From Free Kick,Mouctar Diakhaby,4267.0,Right Center Back,114,Guinea,4892,"['57a45247-7343-4fd5-834a-a1adcfb1335c', 'abc50bb9-56d7-41e1-b3fd-84b93eb0f24b']",20,,,,,,,,,,,,,,,,,Guinea,4892,00:23:20.616,Pass,
,,,,,,,,,,,,,,,,,1.639032,,,,,,,,,,,dd68f282-4fe5-424f-b8ed-7e8510ab5d37,1948,,"[78.3, 54.0]",3920389,68,,,,,0.89791524,,Left Foot,,,,"[94.0, 73.7]",,Ground Pass,25.190872,,,,Frank Magri,189348.0,,,,,2,Regular Play,Christopher Wooh,74588.0,Right Center Back,115,Cameroon,2722,['dc4f64d3-d4a2-437f-8040-bd261fe127d7'],26,,,,,,,,,,,,,,,,,Cameroon,2722,00:23:26.361,Pass,
,,,,,,,,,,,,,,,,,0.866602,,,,,,,,,,,f24d8165-7f0a-4c4c-8c12-155f27f6198c,1951,,"[100.3, 73.1]",3920389,68,,,,,-1.2284636,,Right Foot,True,,,"[110.1, 45.6]",,High Pass,29.194006,,Incomplete,,Olivier Michel Kemen,7355.0,,,,,2,Regular Play,Frank Magri,189348.0,Right Wing,115,Cameroon,2722,"['048e759b-5694-4a97-a492-a1ce8ae479fb', '12d04e51-c6d9-4406-9a10-6ee9959f26bf']",29,,,,,,,,,,,,,,,,,Cameroon,2722,00:23:29.566,Pass,
,,,,,,,,,,,,,,,,,1.775516,,,,,,,,,,,67660484-6b23-47db-9e85-c6c8fb6113f3,1954,,"[120.0, 80.0]",3920389,69,,,,,-1.7715197,,Right Foot,,,,"[110.6, 33.8]",,High Pass,47.14658,,,True,Jules Olivier Ntcham,10530.0,,True,Outswinging,Corner,2,From Corner,Georges-Kévin Nkoudou Mbida,3639.0,Left Wing,116,Cameroon,2722,['2d94df84-dd9d-4459-9bdc-b0b0d55afeef'],0,,,,,,,,,,,,,,,,,Cameroon,2722,00:24:00.895,Pass,
,,,,,,,,,,,,,,,,,1.422078,,,,,,,,,,,05f26a9f-26dd-4b3d-a616-290bb154b8cc,1957,,"[97.9, 9.9]",3920389,69,,,,,2.363828,,Right Foot,,,,"[84.7, 22.9]",,Ground Pass,18.526737,,,,Darlin Zidane Yongwa Ngameni,32190.0,,,,,2,From Corner,Jules Olivier Ntcham,10530.0,Right Defensive Midfield,116,Cameroon,2722,['c51e199e-52c0-4bd9-81e8-a304e1b8b98e'],7,,,,,,,,,,,,,,,,,Cameroon,2722,00:24:07.303,Pass,
,,,,,,,,,,,,,,,,,2.229877,,,,,,,,,,,c1696b4a-f8e2-49f9-bb6d-8e1524cfabf3,1960,,"[85.3, 23.4]",3920389,69,,,,,0.74181676,,Left Foot,,,,"[120.0, 55.2]",,High Pass,47.06729,,Out,,,,,,,,2,From Corner,Darlin Zidane Yongwa Ngameni,32190.0,Left Back,116,Cameroon,2722,,10,,,,,,,,,,,,,,,,,Cameroon,2722,00:24:10.632,Pass,
,,,,,,,,,,,,,,,,,4.480876,,,,,,,,,,,5bc981c5-f8b4-4b55-be4e-e4152bd02d39,1961,,"[5.4, 39.9]",3920389,69,,True,,,-0.5319331,,Right Foot,,,,"[68.1, 3.0]",,High Pass,72.75232,,,,Facinet Conte,406457.0,,,,Goal Kick,2,From Goal Kick,Ibrahim Kone,182573.0,Goalkeeper,117,Guinea,4892,['ebabb9fa-9050-41d8-951d-2f7ea5d20dbd'],51,,,,,,,,,,,,,,,,,Guinea,4892,00:24:51.149,Pass,
,,,,,,,,,,,,,,,,,0.763607,,,,,,,,,,,53046eb9-c3ad-43e8-9d38-a0db8702b943,1965,,"[61.4, 0.1]",3920389,70,,,,,0.07339732,,,,,,"[68.2, 0.6]",,Low Pass,6.8183575,,,,Mohamed Bayo,8454.0,,,,Throw-in,2,From Throw In,Sekou Oumar Sylla,132711.0,Left Back,118,Guinea,4892,['2e5f0301-6652-4613-b8ad-503e75c72bb4'],19,,,,,,,,,,,,,,,,,Guinea,4892,00:25:19.770,Pass,
,,,,,,,,,,,,,,,,,1.011867,,,,,,,,,,,496a2361-2325-4301-bfee-458348d04aed,1969,,"[69.5, 1.6]",3920389,70,,,,,3.1278949,,Right Foot,,,,"[62.2, 1.7]",,Ground Pass,7.300685,,,,Sekou Oumar Sylla,132711.0,,,,,2,From Throw In,Mohamed Bayo,8454.0,Center Forward,118,Guinea,4892,['b228392f-2522-4f30-a44d-00ac4cca6e82'],21,,,,,,,,,,,,,,,,,Guinea,4892,00:25:21.086,Pass,
,,,,,,,,,,,,,,,,,1.258074,,,,,,,,,,,e3275f8e-6a92-4b8b-9e87-cfaf687d43d3,1973,,"[62.3, 5.0]",3920389,70,,,,,2.1511946,,Left Foot,,,,"[54.3, 17.2]",,Ground Pass,14.589037,,,,Mory Konaté,35285.0,,,,,2,From Throw In,Sekou Oumar Sylla,132711.0,Left Back,118,Guinea,4892,['d3777adc-b6aa-4f7b-b553-d2b750bcea0d'],23,,,,,,,,,,,,,,,,,Guinea,4892,00:25:23.157,Pass,
,,,,,,,,,,,,,,,,,1.635777,,,,,,,,,,,d86d11b0-3a89-4dd2-8d38-eb62dac4909d,1976,,"[53.6, 21.6]",3920389,70,,,,,1.9738154,,Right Foot,,,,"[42.6, 47.4]",,Ground Pass,28.047104,,,,Mouctar Diakhaby,4267.0,,,,,2,From Throw In,Mory Konaté,35285.0,Left Defensive Midfield,118,Guinea,4892,['a0d3bf1b-f71e-4965-bd21-85e6ef4348e0'],25,,,,,,,,,,,,,,,,,Guinea,4892,00:25:25.467,Pass,
,,,,,,,,,,,,,,,,,2.798193,,,,,,,,,,,239b983c-b025-4968-bdb2-2abd0141098b,1979,,"[48.2, 53.3]",3920389,70,,,,,0.4774807,,Right Foot,,,,"[88.4, 74.1]",,High Pass,45.26235,,,,Ibrahim Diakité,176683.0,,,,,2,From Throw In,Mouctar Diakhaby,4267.0,Right Center Back,118,Guinea,4892,['9a10b388-dda7-48cd-8d49-288c2efb1b12'],28,,,,,,,,,,,,,,,,,Guinea,4892,00:25:28.658,Pass,
,,,,,,,,,,,,,,,,,0.175432,,,,,,,,,,,d1eeca74-e5ff-4763-aa14-9b254e93e7b3,1982,,"[88.4, 74.1]",3920389,70,,,,,-0.2812322,,Right Foot,,,,"[92.9, 72.8]",,Low Pass,4.6840153,,Incomplete,,Aguibou Camara,39559.0,,,,,2,From Throw In,Ibrahim Diakité,176683.0,Right Back,118,Guinea,4892,"['750c8494-fcbd-4c5f-ae34-6863cf9ea7ab', '3c30847a-685d-4271-9240-104a7e589718']",31,,,,,,,,,,,,,,,,,Guinea,4892,00:25:31.776,Pass,
,,,,,,,,,,,,,,,,,1.482272,,,,,,,,,,,3807bb92-b6e7-4eed-8e6a-39ced09a2bd4,1985,,"[100.6, 80.0]",3920389,70,,,,,-0.57666093,,,,,,"[112.9, 72.0]",,High Pass,14.672764,,,,Mohamed Bayo,8454.0,,,,Throw-in,2,From Throw In,Ibrahim Diakité,176683.0,Right Back,119,Guinea,4892,['e2a04c83-04b3-48b2-a05f-31c9cbdae82e'],47,,,,,,,,,,,,,,,,,Guinea,4892,00:25:47.765,Pass,
,,,,,,,,,,,,,,,,,1.724465,,,,,,,,,,,35048d0b-e700-4da6-acd7-60fecb5786fa,1989,,"[112.5, 70.3]",3920389,70,,,,,-1.8576266,,Right Foot,,,,"[108.4, 56.4]",,High Pass,14.492066,,Incomplete,,Aguibou Camara,39559.0,,,,,2,From Throw In,Mohamed Bayo,8454.0,Center Forward,119,Guinea,4892,"['4b9221ec-4b2b-4bf0-8f05-5dce4ed67105', 'e4c4fb3d-9d8f-4c2b-ac26-76c72b968d63']",49,,,,,,,,,,,,,,,,,Guinea,4892,00:25:49.368,Pass,
,,,,,,,,,,,,,,,,,5.316867,,,,,,,,,,,6eb15dc9-05f1-4193-bcb0-f8c776abe8e2,1994,,"[12.0, 30.2]",3920389,70,,,,,0.28184044,,Right Foot,,,,"[82.8, 50.7]",,High Pass,73.70814,,Incomplete,,Karl Brillant Toko Ekambi,3551.0,,,,,2,From Throw In,Jules Olivier Ntcham,10530.0,Right Defensive Midfield,119,Guinea,4892,"['ba7b8b1b-cff9-47ff-a870-34aa0d0e4f95', '0c9fc3e0-6b84-4e09-bdc3-0b6103c52cc6', '894b3129-bfa6-4c11-840e-d2c29bd62f45']",52,,,,,,,,,,,,,,,,,Cameroon,2722,00:25:52.788,Pass,True
,,,,,,,,,,,,,,,,,1.871688,,,,,,,,,,,894b3129-bfa6-4c11-840e-d2c29bd62f45,1996,,"[37.3, 29.4]",3920389,70,,,,,2.9030833,,Head,,,,"[11.8, 35.6]",,High Pass,26.242905,,,,Ibrahim Kone,182573.0,,,,Recovery,2,From Throw In,Julian Jeanvier,7360.0,Left Center Back,119,Guinea,4892,"['9ef78ead-6941-434a-9b4b-fbb2966f5a1c', '6eb15dc9-05f1-4193-bcb0-f8c776abe8e2']",58,,,,,,,,,,,,,,,,,Guinea,4892,00:25:58.105,Pass,
,,,,,,,,,,,,,,,,,3.984446,,,,,,,,,,,c09abb9c-95d9-4b81-bf32-682b6c6ac816,1999,,"[13.4, 33.3]",3920389,71,,,,,-0.28210345,,Drop Kick,,,,"[79.3, 14.2]",,High Pass,68.6121,,Incomplete,,Facinet Conte,406457.0,,,,,2,From Throw In,Ibrahim Kone,182573.0,Goalkeeper,119,Guinea,4892,"['567a2e3b-0b00-4752-b498-5df3bf744c8e', '035a9960-1d4e-4ea0-b7a0-f38dca5f2beb']",19,,,,,,,,,,,,,,,,,Guinea,4892,00:26:19.693,Pass,
,,,,,,,,,,,,,,,,,1.893751,,,,,,,,,,,035a9960-1d4e-4ea0-b7a0-f38dca5f2beb,2001,,"[40.8, 65.9]",3920389,71,,,,,-0.7969583,,Head,,,,"[57.9, 48.4]",,High Pass,24.46753,,Incomplete,,André-Frank Zambo Anguissa,3141.0,,,,Recovery,2,From Throw In,Jean-Charles Castelletto,7426.0,Right Back,119,Guinea,4892,"['104072b1-1790-4646-a17e-1b21e3f11500', 'c09abb9c-95d9-4b81-bf32-682b6c6ac816', '8f8bb665-390e-44e7-b631-7d2e0f01e0b1']",23,,,,,,,,,,,,,,,,,Cameroon,2722,00:26:23.677,Pass,
,,,,,,,,,,,,,,,,,1.269181,,,,,,,,,,,104072b1-1790-4646-a17e-1b21e3f11500,2003,,"[62.2, 31.7]",3920389,71,,,,,0.8856895,,Head,,,,"[76.5, 49.2]",,High Pass,22.599558,,,,Aguibou Camara,39559.0,,,,Recovery,2,From Throw In,Mory Konaté,35285.0,Left Defensive Midfield,119,Guinea,4892,"['035a9960-1d4e-4ea0-b7a0-f38dca5f2beb', 'cfcf5746-ad6b-485d-96f6-d276f28f7999']",25,,,,,,,,,,,,,,,,,Guinea,4892,00:26:25.571,Pass,
,,,,,,,,,,,,,,,,,0.678377,,,,,,,,,,,042611d7-6fb4-4e59-b618-c42bf6d19237,2006,,"[76.1, 50.8]",3920389,71,,,,,-1.1016843,,Other,,,,"[79.8, 43.5]",,Low Pass,8.184131,,,,Mohamed Bayo,8454.0,,,,,2,From Throw In,Aguibou Camara,39559.0,Right Midfield,119,Guinea,4892,['9d884401-6383-4cd5-8f43-59a03d314d4b'],26,,,,,,,,,,,,,,,,,Guinea,4892,00:26:26.985,Pass,
,,,,,,,,,,,,,,,,,1.544162,,,,,,,,,,,c64639e7-5bbe-4563-be5d-917d5411007a,2009,,"[81.8, 43.5]",3920389,71,,,,,0.85072565,,Right Foot,,,,"[91.8, 54.9]",,Low Pass,15.164433,,Incomplete,,Aguibou Camara,39559.0,,,,,2,From Throw In,Mohamed Bayo,8454.0,Center Forward,119,Guinea,4892,"['51d02157-ad52-4819-850c-f3d311da2eef', 'fab2cb5f-2737-481d-98e9-7170eb3ec94a']",27,,,,,,,,,,,,,,,,,Guinea,4892,00:26:27.703,Pass,
,,,,,,,,,,,,,,,,,5.070415,,,,,,,,,,,3b484098-dfbf-465a-80fb-b65853b1b719,2017,,"[47.3, 7.3]",3920389,71,,,,,0.22615243,,Left Foot,,,,"[115.1, 22.9]",,Low Pass,69.57155,,Incomplete,,Olivier Michel Kemen,7355.0,,,,,2,From Throw In,Darlin Zidane Yongwa Ngameni,32190.0,Left Back,119,Guinea,4892,"['06420a4e-fe2b-402e-b640-582e4789a5ae', 'f48f3b71-56d0-444e-9a06-76c0ba2a6b6e']",36,,,,,,,,,,,,,,,,,Cameroon,2722,00:26:36.083,Pass,
,,,,,,,,,,,,,,,,,1.708815,,,,,,,,,,,2aec58c1-b444-414b-8f19-3e5accb7665d,2020,,"[7.3, 58.5]",3920389,71,,True,True,,0.81494623,,Right Foot,,,,"[27.0, 79.4]",,High Pass,28.721073,,Injury Clearance,,,,,,,,2,From Throw In,Ibrahim Kone,182573.0,Goalkeeper,119,Guinea,4892,,50,,,,,,,,,,,,,,,,,Guinea,4892,00:26:50.343,Pass,
,,,,,,,,,,,,,,,,,1.9631,,,,,,,,,,,a8c3a7b7-c958-4876-9701-398c2482277c,2024,,"[103.1, 0.1]",3920389,74,,True,,,2.339247,,,,,,"[94.4, 9.1]",,High Pass,12.517588,,,,Karl Brillant Toko Ekambi,3551.0,,,,Throw-in,2,From Throw In,Georges-Kévin Nkoudou Mbida,3639.0,Left Wing,120,Cameroon,2722,['4edc0711-b872-4ec9-b06b-ccdfd5794a3d'],30,,,,,,,,,,,,,,,,,Cameroon,2722,00:29:30.270,Pass,
,,,,,,,,,,,,,,,,,2.124789,,,,,,,,,,,dfc7dcaa-d3f1-4b24-9307-ffac915478e8,2026,,"[96.4, 17.4]",3920389,74,,,,,0.78286654,,Right Foot,True,,,"[116.2, 37.1]",,Ground Pass,27.930807,,Injury Clearance,,,,,,,,2,From Throw In,Karl Brillant Toko Ekambi,3551.0,Center Forward,120,Cameroon,2722,,33,,,,,,,,,,,,,,,,,Cameroon,2722,00:29:33.403,Pass,
,,,,,,,,,,,,,,,,,3.701785,,,,,,,,,,,8bba495d-542c-4c10-8975-f045a7c32af8,2029,,"[14.6, 39.6]",3920389,74,,,,,-0.3385376,,Drop Kick,,,,"[83.9, 15.2]",,High Pass,73.47006,,Incomplete,,Mohamed Bayo,8454.0,,,,,2,From Throw In,Ibrahim Kone,182573.0,Goalkeeper,120,Cameroon,2722,"['4f78b31d-bf77-4ac6-8bdf-6ee376f1a6ed', 'ba72cd35-4399-4362-a43d-95e4bb79a1c7']",53,,,,,,,,,,,,,,,,,Guinea,4892,00:29:53.785,Pass,
,,,,,,,,,,,,,,,,,2.167728,,,,,,,,,,,4f78b31d-bf77-4ac6-8bdf-6ee376f1a6ed,2031,,"[36.2, 64.9]",3920389,74,,,,,0.7742875,,Head,,,,"[45.3, 73.8]",,High Pass,12.728707,,,,Junior Tchamadeu,62627.0,,,,Recovery,2,From Throw In,Jean-Charles Castelletto,7426.0,Right Back,120,Cameroon,2722,"['dfcf3d8e-8214-4422-beca-9b6aaedfdd5f', '8bba495d-542c-4c10-8975-f045a7c32af8']",57,,,,,,,,,,,,,,,,,Cameroon,2722,00:29:57.487,Pass,
,,,,,,,,,,,,,,,,,1.537437,,,,,,,,,,,6090a0e6-85b1-470e-bd6e-732fed73d015,2034,,"[45.3, 73.8]",3920389,74,,,,True,-0.75736815,,,,,,"[50.8, 68.6]",,High Pass,7.569016,,,,Olivier Michel Kemen,7355.0,,,,,2,From Throw In,Junior Tchamadeu,62627.0,Right Wing,120,Cameroon,2722,"['0efb5dbe-21e2-41fb-8c62-f247941c92d3', '5dacd6d6-ba87-460e-9bca-613498dedf47']",59,,,,,,,,,,,,,,,,,Cameroon,2722,00:29:59.654,Pass,True
,,,,,,,,,,,,,,,,,1.404405,,,,,,,,,,,26571d5d-7736-4410-b576-e2ff9198ccb3,2039,,"[51.2, 74.3]",3920389,75,,,,,0.7123576,,Right Foot,,,,"[57.8, 80.0]",,Low Pass,8.720665,,Out,,Junior Tchamadeu,62627.0,,,,,2,From Throw In,Olivier Michel Kemen,7355.0,Center Attacking Midfield,120,Cameroon,2722,['65d81d0f-ee2d-485e-b887-5e4eeb09cbde'],2,,,,,,,,,,,,,,,,,Cameroon,2722,00:30:02.072,Pass,
,,,,,,,,,,,,,,,,,0.850035,,,,,,,,,,,710e4a7f-3b34-43af-8c77-fc2cc0b34c86,2041,,"[56.4, 0.1]",3920389,75,,,,,0.7411792,,,,,,"[62.3, 5.5]",,Low Pass,7.9981246,,,,Moriba Kourouma Kourouma,39073.0,,,,Throw-in,2,From Throw In,Sekou Oumar Sylla,132711.0,Left Back,121,Guinea,4892,['21225ae2-4913-4285-842d-b8acbe5afe9a'],13,,,,,,,,,,,,,,,,,Guinea,4892,00:30:13.627,Pass,
,,,,,,,,,,,,,,,,,3.913818,,,,,,,,,,,f98a678b-5fac-42bf-9356-55faf25ba114,2048,,"[68.9, 2.1]",3920389,75,,,,,0.20176235,,Right Foot,,,,"[112.9, 11.1]",,High Pass,44.911022,,,,Facinet Conte,406457.0,,,,,2,From Throw In,Moriba Kourouma Kourouma,39073.0,Right Defensive Midfield,121,Guinea,4892,['76649702-1018-43ae-ab1e-2b3b3a22afa6'],16,,,,,,,,,,,,,,,,,Guinea,4892,00:30:16.614,Pass,
,,,,,,,,,,,,,,,,,1.262129,,,,,,,,,,,44513069-f334-447c-9588-023e71edd823,2052,,"[105.4, 17.1]",3920389,75,,,,,2.080015,,Right Foot,,,,"[98.7, 29.1]",,Ground Pass,13.743726,,,,Moriba Kourouma Kourouma,39073.0,,,,,2,From Throw In,Facinet Conte,406457.0,Left Midfield,121,Guinea,4892,['1059a788-ed64-411b-a59f-dcfe14598a93'],23,,,,,,,,,,,,,,,,,Guinea,4892,00:30:23.935,Pass,
,,,,,,,,,,,,,,,,,2.872317,,,,,,,,,,,ea0cd6eb-20cd-42f8-b9fa-b2ad3530a123,2059,,"[26.8, 39.1]",3920389,75,,,,,-0.70200074,,Right Foot,,,,"[44.3, 24.3]",,Ground Pass,22.919207,,Incomplete,,Jules Olivier Ntcham,10530.0,,,,Recovery,2,From Throw In,Junior Tchamadeu,62627.0,Right Wing,121,Guinea,4892,"['ebb1f0f0-23e4-4272-941f-a824bc498dd0', '5f345c9d-c77f-4454-9804-6b5eded92798']",27,,,,,,,,,,,,,,,,,Cameroon,2722,00:30:27.584,Pass,
,,,,,,,,,,,,,,,,,4.497466,,,,,,,,,,,070ee6e4-0a1a-4940-ac11-061be999a980,2066,,"[68.7, 70.3]",3920389,76,,,,,0.0,,Right Foot,,,,"[120.0, 70.3]",,High Pass,51.3,,Out,,Mohamed Bayo,8454.0,,,,Free Kick,2,From Free Kick,Mouctar Diakhaby,4267.0,Right Center Back,122,Guinea,4892,['e14defda-1e5f-4782-8b93-1debd53fc9af'],2,,,,,,,,,,,,,,,,,Guinea,4892,00:31:02.787,Pass,
,,,,,,,,,,,,,,,,,2.44081,,,,,,,,,,,3495a4fa-07e4-4337-9cbf-a50c044dfcf4,2068,,"[4.4, 35.6]",3920389,76,,True,,,0.952792,,Left Foot,,,,"[19.4, 56.7]",,Ground Pass,25.888414,,,,Oumar Gonzalez,28444.0,,,,Goal Kick,2,From Goal Kick,Joseph Fabrice Ondoa Ebogo,24670.0,Goalkeeper,123,Cameroon,2722,['02a36915-d0c8-47c3-99b3-0d41f34d79b1'],12,,,,,,,,,,,,,,,,,Cameroon,2722,00:31:12.916,Pass,
,,,,,,,,,,,,,,,,,1.009599,,,,,,,,,,,f371b1f5-a86e-4dc4-94ea-8ec989400d7f,2070,,"[38.9, 57.7]",3920389,76,,,,,-0.8010219,,Right Foot,,,,"[45.2, 51.2]",,Ground Pass,9.052072,,,,Jules Olivier Ntcham,10530.0,,,,,2,From Goal Kick,Oumar Gonzalez,28444.0,Right Center Back,123,Cameroon,2722,['13006c67-0e27-46d6-8b65-c33236987625'],19,,,,,,,,,,,,,,,,,Cameroon,2722,00:31:19.233,Pass,
,,,,,,,,,,,,,,,,,1.205466,,,,,,,,,,,dcdb1940-b769-467c-af98-d604ca88f850,2073,,"[50.0, 49.2]",3920389,76,,,,,-2.250817,,Right Foot,,,,"[40.7, 37.7]",,Ground Pass,14.789862,,,,Harold Moukoudi,7386.0,,,,,2,From Goal Kick,Jules Olivier Ntcham,10530.0,Right Defensive Midfield,123,Cameroon,2722,['6f7e8bd5-54b4-40e2-83ed-6929cee6e1d6'],21,,,,,,,,,,,,,,,,,Cameroon,2722,00:31:21.916,Pass,
,,,,,,,,,,,,,,,,,1.435848,,,,,,,,,,,b5a89b23-e680-4864-874f-3b834cfea38f,2076,,"[40.7, 37.7]",3920389,76,,,,,-0.91821486,,Right Foot,,,,"[51.4, 23.7]",,Ground Pass,17.620726,,,,André-Frank Zambo Anguissa,3141.0,,,,,2,From Goal Kick,Harold Moukoudi,7386.0,Left Center Back,123,Cameroon,2722,['03987397-182a-4598-8d1d-1a7cea46894e'],23,,,,,,,,,,,,,,,,,Cameroon,2722,00:31:23.298,Pass,
,,,,,,,,,,,,,,,,,1.636266,,,,,,,,,,,14f284f5-f7c2-4c59-a139-c23341923ced,2079,,"[56.8, 20.9]",3920389,76,,,,,-0.76909524,,Right Foot,,,,"[75.5, 2.8]",,Ground Pass,26.024988,,,,Georges-Kévin Nkoudou Mbida,3639.0,,,,,2,From Goal Kick,André-Frank Zambo Anguissa,3141.0,Left Defensive Midfield,123,Cameroon,2722,['5a8802ed-5391-4990-a61f-48d750488d85'],26,,,,,,,,,,,,,,,,,Cameroon,2722,00:31:26.465,Pass,
,,,,,,,,,,,,,,,,,0.988509,,,,,,,,,,,79c4ffe2-3f24-48f6-8f99-61e3bf161bb0,2082,,"[81.4, 5.3]",3920389,76,,,,,1.1626472,,Right Foot,,,,"[87.8, 20.1]",,Ground Pass,16.124516,,,,Karl Brillant Toko Ekambi,3551.0,,,,,2,From Goal Kick,Georges-Kévin Nkoudou Mbida,3639.0,Left Wing,123,Cameroon,2722,['295dbb46-55dd-47dd-b645-eced9ff3da3f'],30,,,,,,,,,,,,,,,,,Cameroon,2722,00:31:30.032,Pass,
,,,,,,,,,,,,,,,,,1.783401,,,,,,,,,,,fae9f6d6-b764-4324-ba7c-0b29e7e23031,2084,,"[87.8, 20.1]",3920389,76,,,,,-2.9598372,,Right Foot,,,,"[69.3, 16.7]",,Ground Pass,18.809837,,,,André-Frank Zambo Anguissa,3141.0,,,,,2,From Goal Kick,Karl Brillant Toko Ekambi,3551.0,Center Forward,123,Cameroon,2722,['d1bb7a9b-893f-4bd2-abb8-94b75e59a2b9'],31,,,,,,,,,,,,,,,,,Cameroon,2722,00:31:31.021,Pass,
,,,,,,,,,,,,,,,,,2.024956,,,,,,,,,,,5b1aabbd-d0ae-4654-8103-f60ca128e648,2087,,"[69.3, 16.7]",3920389,76,,,,,1.6229877,,Right Foot,,,,"[67.9, 43.5]",,Ground Pass,26.836542,,,,Jules Olivier Ntcham,10530.0,,,,,2,From Goal Kick,André-Frank Zambo Anguissa,3141.0,Left Defensive Midfield,123,Cameroon,2722,['fa31cee8-9a63-410d-bcaf-914e880b89fe'],33,,,,,,,,,,,,,,,,,Cameroon,2722,00:31:33.078,Pass,
,,,,,,,,,,,,,,,,,1.582554,,,,,,,,,,,e0274977-3566-4914-b10c-07c167bad343,2090,,"[75.1, 52.9]",3920389,76,,,,,1.0266777,,Right Foot,,,,"[89.5, 76.7]",,Ground Pass,27.81726,,,,Jean-Charles Castelletto,7426.0,,,,,2,From Goal Kick,Jules Olivier Ntcham,10530.0,Right Defensive Midfield,123,Cameroon,2722,['fea3124b-4988-4c90-b6ce-396264b27ba2'],36,,,,,,,,,,,,,,,,,Cameroon,2722,00:31:36.287,Pass,
,,,,,,,,,,,,,,,,,1.959077,,,,,,,,,,,accec2d0-4509-4530-a393-416d2c27e29b,2093,,"[92.9, 76.0]",3920389,76,,,,,-1.0866554,a76e98ff-9c8c-4938-8bb1-04e3db0c4b8b,Right Foot,True,,,"[112.2, 39.3]",,High Pass,41.46541,,,,Georges-Kévin Nkoudou Mbida,3639.0,True,,,,2,From Goal Kick,Jean-Charles Castelletto,7426.0,Right Back,123,Cameroon,2722,['709b43d0-dc14-4f63-9ac9-fee0ef2daf1b'],39,,,,,,,,,,,,,,,,,Cameroon,2722,00:31:39.083,Pass,
,,,,,,,,,,,,,,,,,3.581662,,,,,,,,,,,bfbfa5d7-6676-4882-8784-3e876b763a72,2098,,"[5.8, 38.3]",3920389,77,,,,,-0.11094834,,Right Foot,,,,"[81.2, 29.9]",,High Pass,75.86646,,Incomplete,,Mohamed Bayo,8454.0,,,,Goal Kick,2,From Goal Kick,Ibrahim Kone,182573.0,Goalkeeper,124,Guinea,4892,"['0cbbc3d2-854e-4e9b-84a3-a29d42b0ec38', '110e42cc-1d7b-4c14-a19e-dfd4b0f2e36f']",14,,,,,,,,,,,,,,,,,Guinea,4892,00:32:14.970,Pass,
,,,,,,,,,,,,,,,,,2.419103,,,,,,,,,,,110e42cc-1d7b-4c14-a19e-dfd4b0f2e36f,2100,,"[38.9, 50.2]",3920389,77,,,,,-0.28151804,,Head,,,,"[67.6, 41.9]",,High Pass,29.876078,,Incomplete,,Olivier Michel Kemen,7355.0,,,,Recovery,2,From Goal Kick,Oumar Gonzalez,28444.0,Right Center Back,124,Guinea,4892,"['950a8a1f-5e27-43fd-be94-16df50bd5500', 'bfbfa5d7-6676-4882-8784-3e876b763a72', '23fc6860-8813-4b93-bbd5-d27488296edc']",18,,,,,,,,,,,,,,,,,Cameroon,2722,00:32:18.551,Pass,
,,,,,,,,,,,,,,,,,3.497483,,,,,,,,,,,950a8a1f-5e27-43fd-be94-16df50bd5500,2102,,"[52.5, 38.2]",3920389,77,,,,,-0.33966222,,Right Foot,,,,"[80.8, 28.2]",,High Pass,30.01483,,Incomplete,,Mohamed Bayo,8454.0,,,,Interception,2,From Goal Kick,Julian Jeanvier,7360.0,Left Center Back,124,Guinea,4892,"['0789a6ae-22dd-4060-ba56-48ee75822277', 'f7ee5d70-4f8f-48dc-b7f7-9d87d8422b1e', '110e42cc-1d7b-4c14-a19e-dfd4b0f2e36f']",20,,,,,,,,,,,,,,,,,Guinea,4892,00:32:20.971,Pass,
,,,,,,,,,,,,,,,,,1.72353,,,,,,,,,,,d8c76af0-868f-49a4-8188-e3aaf9b8eab9,2107,,"[44.8, 50.5]",3920389,77,,,,True,-0.033320997,,,,,,"[53.8, 50.2]",,High Pass,9.004998,,Unknown,,Olivier Michel Kemen,7355.0,,,,Recovery,2,From Goal Kick,Jules Olivier Ntcham,10530.0,Right Defensive Midfield,124,Guinea,4892,"['8ecd6067-768f-4ff8-8abb-0f3403e2732e', '04de9c28-3176-4537-aae3-43ca9ce97026']",26,,,,,,,,,,,,,,,,,Cameroon,2722,00:32:26.824,Pass,True
,,,,,,,,,,,,,,,,,1.739995,,,,,,,,,,,c1e7303d-85ed-4a12-ac1a-8ba190be95bc,2111,,"[56.1, 49.6]",3920389,77,,,,,-1.5707964,,Right Foot,,,,"[56.1, 39.1]",,Ground Pass,10.5,,,,Harold Moukoudi,7386.0,,,,Free Kick,2,From Free Kick,Jules Olivier Ntcham,10530.0,Right Defensive Midfield,125,Cameroon,2722,['2d16444e-55d2-431c-8ed3-758a69b6b5db'],47,,,,,,,,,,,,,,,,,Cameroon,2722,00:32:47.558,Pass,
,,,,,,,,,,,,,,,,,1.304529,,,,,,,,,,,68e48b9c-e15c-45f4-9e1d-58000ad45671,2113,,"[56.1, 39.1]",3920389,77,,,,,-1.056075,,Right Foot,,,,"[63.0, 26.9]",,Ground Pass,14.016062,,,,André-Frank Zambo Anguissa,3141.0,,,,,2,From Free Kick,Harold Moukoudi,7386.0,Left Center Back,125,Cameroon,2722,['db7140d7-93c4-491b-913f-3fb134be8975'],49,,,,,,,,,,,,,,,,,Cameroon,2722,00:32:49.298,Pass,
,,,,,,,,,,,,,,,,,1.287944,,,,,,,,,,,959cf2a7-75cb-41bd-a71a-69e29b015fc4,2116,,"[68.6, 27.1]",3920389,77,,,,,1.5083776,,Right Foot,,,,"[70.3, 54.3]",,Ground Pass,27.253073,,,,Jules Olivier Ntcham,10530.0,,,,,2,From Free Kick,André-Frank Zambo Anguissa,3141.0,Left Defensive Midfield,125,Cameroon,2722,['a056c61f-1cc5-4ca1-a685-f715c66b3a77'],53,,,,,,,,,,,,,,,,,Cameroon,2722,00:32:53.354,Pass,
,,,,,,,,,,,,,,,,,2.015728,,,,,,,,,,,01fbb10c-d545-4a1b-a984-3a57ea445599,2119,,"[80.7, 56.5]",3920389,77,,,,,0.71848786,,Right Foot,,,,"[101.4, 74.6]",,Ground Pass,27.497272,,,,Jean-Charles Castelletto,7426.0,,,,,2,From Free Kick,Jules Olivier Ntcham,10530.0,Right Defensive Midfield,125,Cameroon,2722,['76529c66-43a1-4f94-891d-77a7723275e6'],56,,,,,,,,,,,,,,,,,Cameroon,2722,00:32:56.553,Pass,
,,,,,,,,,,,,,,,,,1.044672,,,,,,,,,,,e0020938-eb60-439f-81ef-a8dc8f80f517,2123,,"[109.3, 72.4]",3920389,77,,,,,-1.3239362,,Right Foot,True,,,"[115.6, 47.4]",,Ground Pass,25.781582,,Incomplete,,Karl Brillant Toko Ekambi,3551.0,,,,,2,From Free Kick,Jean-Charles Castelletto,7426.0,Right Back,125,Cameroon,2722,"['653bb4e0-dc67-44c7-9c3b-d893a538daa9', 'b6a88081-9c26-40fe-a5e4-1d54c5f483dc', '74f54597-3c1a-45f7-ad21-1e15c9d7c0ac']",59,,,,,,,,,,,,,,,,,Cameroon,2722,00:32:59.913,Pass,True
,,,,,,,,,,,,,,,,,1.127474,,,,,,,,,,,94cf5dde-c5e2-40e6-b2c5-9eacdd9bf957,2130,,"[62.8, 71.8]",3920389,78,,,,,-1.5707964,,Left Foot,,,,"[62.8, 56.5]",,Ground Pass,15.3,,,,Harold Moukoudi,7386.0,,,,,2,From Free Kick,Oumar Gonzalez,28444.0,Right Center Back,125,Cameroon,2722,['1c1c94d9-5b2d-4642-9173-309a8994cf1d'],11,,,,,,,,,,,,,,,,,Cameroon,2722,00:33:11.075,Pass,
,,,,,,,,,,,,,,,,,0.947633,,,,,,,,,,,b9485512-cbc8-422d-bc7b-6c92b6c4d555,2133,,"[62.8, 56.5]",3920389,78,,,,,-0.19118446,,Left Foot,,,,"[69.0, 55.3]",,Ground Pass,6.3150616,,,,Jules Olivier Ntcham,10530.0,,,,,2,From Free Kick,Harold Moukoudi,7386.0,Left Center Back,125,Cameroon,2722,['199773ec-bdb0-4c61-a1d4-4a4a5410111c'],12,,,,,,,,,,,,,,,,,Cameroon,2722,00:33:12.242,Pass,
,,,,,,,,,,,,,,,,,1.561796,,,,,,,,,,,4dd801c2-19c6-4cfd-8563-6ee8ebdcccc6,2136,,"[75.5, 57.2]",3920389,78,,,,,-1.4786488,,Right Foot,,,,"[78.3, 26.9]",,Ground Pass,30.429098,,,,André-Frank Zambo Anguissa,3141.0,,,,,2,From Free Kick,Jules Olivier Ntcham,10530.0,Right Defensive Midfield,125,Cameroon,2722,['78a8860c-0560-42ff-bb95-6c117dc9c39e'],14,,,,,,,,,,,,,,,,,Cameroon,2722,00:33:14.885,Pass,
,,,,,,,,,,,,,,,,,1.921088,,,,,,,,,,,001ab15c-dd9b-4ba9-94dc-9d3be4e0e0ab,2139,,"[87.4, 18.2]",3920389,78,,,,,-0.4789973,,Right Foot,,,,"[105.5, 8.8]",,Ground Pass,20.395342,,,,Georges-Kévin Nkoudou Mbida,3639.0,,,,,2,From Free Kick,André-Frank Zambo Anguissa,3141.0,Left Defensive Midfield,125,Cameroon,2722,['3b698237-a0ab-4732-9a7f-019894c708c3'],17,,,,,,,,,,,,,,,,,Cameroon,2722,00:33:17.909,Pass,
,,,,,,,,,,,,,,,,,1.257083,,,,,,,,,,,67fc2024-0200-4ef5-9d8b-4ed01a435c57,2142,,"[105.2, 9.2]",3920389,78,,,,,1.1722739,,Right Foot,True,,,"[115.6, 33.9]",,Ground Pass,26.800186,,Incomplete,,Olivier Michel Kemen,7355.0,,,,,2,From Free Kick,Georges-Kévin Nkoudou Mbida,3639.0,Left Wing,125,Cameroon,2722,"['7e16bd82-9cba-488e-84f0-c438c3dfcae8', '4d819c0e-a012-443b-a2c9-f2a2b9b21458']",22,,,,,,,,,,,,,,,,,Cameroon,2722,00:33:22.064,Pass,
,,,,,,,,,,,,,,,,,2.09463,,,,,,,,,,,c82b2841-5641-4ab0-bf8d-173b86ad6d38,2151,,"[81.1, 11.6]",3920389,79,,,,,1.5707964,,Right Foot,,,,"[81.1, 28.2]",,Ground Pass,16.6,,,,Olivier Michel Kemen,7355.0,,,,,2,Other,André-Frank Zambo Anguissa,3141.0,Left Defensive Midfield,127,Cameroon,2722,['51a2ae24-142f-4cce-9225-29f70e66f95b'],49,,,,,,,,,,,,,,,,,Cameroon,2722,00:34:49.092,Pass,
,,,,,,,,,,,,,,,,,1.346955,,,,,,,,,,,6cb6ae06-e696-44e9-95fe-63afd8ae56e7,2153,,"[81.1, 28.2]",3920389,79,,,,,1.9513026,,Right Foot,,,,"[75.1, 43.2]",,Ground Pass,16.155495,,,,Jules Olivier Ntcham,10530.0,,,,,2,Other,Olivier Michel Kemen,7355.0,Center Attacking Midfield,127,Cameroon,2722,['26d7d1e3-71be-4147-a220-7b6a852d999e'],51,,,,,,,,,,,,,,,,,Cameroon,2722,00:34:51.187,Pass,
,,,,,,,,,,,,,,,,,1.395679,,,,,,,,,,,05fc9a8c-06eb-47ec-b818-d90094ac33b1,2156,,"[83.5, 54.0]",3920389,79,,,,,1.0966228,,Left Foot,,,,"[93.2, 72.9]",,Ground Pass,21.243822,,,,Jean-Charles Castelletto,7426.0,,,,,2,Other,Jules Olivier Ntcham,10530.0,Right Defensive Midfield,127,Cameroon,2722,['8185752e-e3fa-446f-9bbd-b3c8c4c69fa1'],55,,,,,,,,,,,,,,,,,Cameroon,2722,00:34:55.316,Pass,
,,,,,,,,,,,,,,,,,0.782345,,,,,,,,,,,b2334e3a-acd4-475e-994f-54d5874f96f5,2163,,"[99.2, 69.0]",3920389,79,,,,,-1.0610892,,Right Foot,True,,,"[110.1, 49.5]",,Low Pass,22.339651,,Incomplete,,Karl Brillant Toko Ekambi,3551.0,,,,,2,Other,Jean-Charles Castelletto,7426.0,Right Back,127,Cameroon,2722,"['9ad6a6aa-e491-48fe-abdb-de6bbd1eb6f9', 'd71b0c36-066c-4125-b607-86c1a301df36', 'b79f2908-d5ae-49c0-96bd-1f8e9c6ea484']",59,,,,,,,,,,,,,,,,,Cameroon,2722,00:34:59.890,Pass,True
,,,,,,,,,,,,,,,,,1.872596,,,,,,,,,,,672db464-959d-4661-9fdd-790b7f7b00c6,2166,,"[105.6, 80.0]",3920389,80,,,,,-2.9757297,,,,,,"[82.9, 76.2]",,Low Pass,23.015863,,,,Oumar Gonzalez,28444.0,,,,Throw-in,2,From Throw In,Jean-Charles Castelletto,7426.0,Right Back,128,Cameroon,2722,['fd92b2d4-3950-4d54-a486-5c8b6c644bf3'],15,,,,,,,,,,,,,,,,,Cameroon,2722,00:35:15.259,Pass,
,,,,,,,,,,,,,,,,,0.834098,,,,,,,,,,,64844349-9da4-46a8-8b5e-04886ec34333,2168,,"[82.9, 76.2]",3920389,80,,,,,-1.7157577,,Right Foot,,,,"[80.9, 62.5]",,Ground Pass,13.845216,,,,Jules Olivier Ntcham,10530.0,,,,,2,From Throw In,Oumar Gonzalez,28444.0,Right Center Back,128,Cameroon,2722,['4d3ef7c7-cdde-48df-beb0-05455181019e'],17,,,,,,,,,,,,,,,,,Cameroon,2722,00:35:17.132,Pass,
,,,,,,,,,,,,,,,,,1.582965,,,,,,,,,,,3f249d9f-3fe6-4a7e-8ad6-2bb14ec06095,2171,,"[86.0, 58.3]",3920389,80,,,,,-2.3024004,,Right Foot,,,,"[73.7, 44.6]",,Ground Pass,18.41141,,,,Harold Moukoudi,7386.0,,,,,2,From Throw In,Jules Olivier Ntcham,10530.0,Right Defensive Midfield,128,Cameroon,2722,['6c15d3e4-c3f5-4bd4-9566-36f6d35355e8'],20,,,,,,,,,,,,,,,,,Cameroon,2722,00:35:20.293,Pass,
,,,,,,,,,,,,,,,,,0.740507,,,,,,,,,,,5b1171b1-ba7c-4e75-ad36-e9f0a2b8b0f9,2174,,"[73.3, 40.0]",3920389,80,,,,,-1.1479424,,Right Foot,,,,"[76.9, 32.0]",,Ground Pass,8.772685,,,,André-Frank Zambo Anguissa,3141.0,,,,,2,From Throw In,Harold Moukoudi,7386.0,Left Center Back,128,Cameroon,2722,['34063fe2-2cfd-42c4-a25e-070f544c77af'],22,,,,,,,,,,,,,,,,,Cameroon,2722,00:35:22.894,Pass,
,,,,,,,,,,,,,,,,,1.068663,,,,,,,,,,,33eccbaa-a601-47c3-b700-18eda2ad4a7c,2177,,"[79.5, 28.7]",3920389,80,,,,,1.1043555,,Right Foot,,,,"[86.7, 43.0]",,Ground Pass,16.01031,,,,Jules Olivier Ntcham,10530.0,,,,,2,From Throw In,André-Frank Zambo Anguissa,3141.0,Left Defensive Midfield,128,Cameroon,2722,['8fb4002d-288b-42eb-b6a3-9281183d876e'],24,,,,,,,,,,,,,,,,,Cameroon,2722,00:35:24.299,Pass,
,,,,,,,,,,,,,,,,,1.375657,,,,,,,,,,,88245b89-f053-460a-b0f9-1edc986bdcc8,2180,,"[87.1, 48.2]",3920389,80,,,,,1.1268506,,Right Foot,,,,"[98.8, 72.8]",,Ground Pass,27.240595,,,,Jean-Charles Castelletto,7426.0,,,,,2,From Throw In,Jules Olivier Ntcham,10530.0,Right Defensive Midfield,128,Cameroon,2722,['75cc51d8-3a04-492a-bab0-9f0fa676ba7d'],26,,,,,,,,,,,,,,,,,Cameroon,2722,00:35:26.643,Pass,
,,,,,,,,,,,,,,,,,0.115321,,,,,,,,,,,c53d33c8-6825-498f-a5a0-8895442f4165,2183,,"[104.1, 71.1]",3920389,80,,,,,-1.3146449,,Right Foot,,,,"[105.2, 66.9]",,Low Pass,4.3416586,,Incomplete,,Karl Brillant Toko Ekambi,3551.0,,,,,2,From Throw In,Jean-Charles Castelletto,7426.0,Right Back,128,Cameroon,2722,"['dbcef696-fae1-43ca-8db8-d6045c1e349b', '249ea218-e56b-4a5f-8f71-8fe84b1c7d9e']",29,,,,,,,,,,,,,,,,,Cameroon,2722,00:35:29.368,Pass,
,,,,,,,,,,,,,,,,,2.01472,,,,,,,,,,,380d2547-c248-4302-bb4c-a8d279b17542,2186,,"[120.0, 80.0]",3920389,80,,,,,-1.7941811,,Right Foot,,,,"[109.3, 32.9]",,High Pass,48.300102,,,True,Oumar Gonzalez,28444.0,,True,Outswinging,Corner,2,From Corner,Georges-Kévin Nkoudou Mbida,3639.0,Left Wing,129,Cameroon,2722,['abf17069-4e11-43fd-9929-be6770c38107'],58,,,,,,,,,,,,,,,,,Cameroon,2722,00:35:58.604,Pass,
,,,,,,,,,,,,,,,,,2.994212,,,,,,,,,,,13d10ccd-f185-4371-88c8-8697b1a8fb81,2193,,"[21.3, 60.2]",3920389,81,,,,,0.5087711,,Right Foot,,,,"[56.8, 80.0]",,High Pass,40.64837,,Out,,Aguibou Camara,39559.0,,,,,2,From Corner,Moriba Kourouma Kourouma,39073.0,Right Defensive Midfield,129,Cameroon,2722,['94e82fcc-dcb6-4d27-ab02-cb1f5c3baa01'],4,,,,,,,,,,,,,,,,,Guinea,4892,00:36:04.248,Pass,
,,,,,,,,,,,,,,,,,1.121035,,,,,,,,,,,6712fbb4-64d3-4572-8b6b-261726d06b11,2195,,"[57.0, 0.1]",3920389,81,,,,,1.8233505,,,,,,"[53.8, 12.5]",,Low Pass,12.806249,,,,Jules Olivier Ntcham,10530.0,,,,Throw-in,2,From Throw In,Darlin Zidane Yongwa Ngameni,32190.0,Left Back,130,Cameroon,2722,['cc4e1ac5-a6d6-4638-9f34-f5a22ed792c5'],18,,,,,,,,,,,,,,,,,Cameroon,2722,00:36:18.461,Pass,
,,,,,,,,,,,,,,,,,1.455443,,,,,,,,,,,052990f1-ff37-43eb-a2c4-207efb97113f,2198,,"[66.8, 20.3]",3920389,81,,,,,-0.86771995,,Right Foot,,,,"[80.7, 3.9]",,Ground Pass,21.49814,,,,Olivier Michel Kemen,7355.0,,,,,2,From Throw In,Jules Olivier Ntcham,10530.0,Right Defensive Midfield,130,Cameroon,2722,['408199f9-74e7-40ca-bbb8-d97fc774bf90'],24,,,,,,,,,,,,,,,,,Cameroon,2722,00:36:24.143,Pass,
,,,,,,,,,,,,,,,,,1.503551,,,,,,,,,,,faf54a20-9694-41ff-af0f-9b9613d39035,2201,,"[80.9, 5.6]",3920389,81,,,,,2.0013235,,Left Foot,,,,"[74.7, 19.1]",,Ground Pass,14.8556385,,,,Jules Olivier Ntcham,10530.0,,,,,2,From Throw In,Olivier Michel Kemen,7355.0,Center Attacking Midfield,130,Cameroon,2722,['5b9f1dcc-b3f0-4734-a785-6b6ffaa0c9b9'],27,,,,,,,,,,,,,,,,,Cameroon,2722,00:36:27.258,Pass,
,,,,,,,,,,,,,,,,,1.231428,,,,,,,,,,,dd335d9c-d471-4ecc-bd74-ac70582db3ff,2204,,"[74.7, 19.1]",3920389,81,,,,,2.4842036,,Right Foot,,,,"[63.3, 27.9]",,Ground Pass,14.401389,,,,Harold Moukoudi,7386.0,,,,,2,From Throw In,Jules Olivier Ntcham,10530.0,Right Defensive Midfield,130,Cameroon,2722,['c23f6f3a-f41b-416e-b984-baf9a65d02cd'],29,,,,,,,,,,,,,,,,,Cameroon,2722,00:36:29.640,Pass,
,,,,,,,,,,,,,,,,,1.496498,,,,,,,,,,,d45c72eb-a45f-4d26-a11e-9e3d96a6485c,2207,,"[63.3, 27.9]",3920389,81,,,,,1.524533,,Right Foot,,,,"[64.3, 49.5]",,Ground Pass,21.623137,,,,Oumar Gonzalez,28444.0,,,,,2,From Throw In,Harold Moukoudi,7386.0,Left Center Back,130,Cameroon,2722,['438fb932-15f6-460e-bf99-21b6ac354714'],31,,,,,,,,,,,,,,,,,Cameroon,2722,00:36:31.066,Pass,
,,,,,,,,,,,,,,,,,1.65224,,,,,,,,,,,ab3ee3b3-972b-4aeb-8e76-5c38284b105f,2210,,"[64.3, 56.7]",3920389,81,,,,,0.6918383,,Right Foot,,,,"[84.7, 73.6]",,Ground Pass,26.490942,,,,Junior Tchamadeu,62627.0,,,,,2,From Throw In,Oumar Gonzalez,28444.0,Right Center Back,130,Cameroon,2722,['db59590c-7d4f-49f0-894b-f8d0c87d0836'],33,,,,,,,,,,,,,,,,,Cameroon,2722,00:36:33.944,Pass,
,,,,,,,,,,,,,,,,,1.077932,,,,,,,,,,,a544249a-01dd-4cf8-97ee-08bdf2d1b8cc,2213,,"[88.4, 74.3]",3920389,81,,,,,-1.0125415,,Right Foot,True,,,"[104.7, 48.2]",,Low Pass,30.77174,,Incomplete,,Jean-Charles Castelletto,7426.0,,,,,2,From Throw In,Junior Tchamadeu,62627.0,Right Wing,130,Cameroon,2722,"['3abf04b7-5c07-477d-8555-32a409281f62', '582238d5-418e-4fba-87f4-19f59eb51bda']",37,,,,,,,,,,,,,,,,,Cameroon,2722,00:36:37.990,Pass,
,,,,,,,,,,,,,,,,,1.643978,,,,,,,,,,,1b311a21-fd61-4549-b18d-567e49a6ef0b,2216,,"[99.2, 80.0]",3920389,81,,True,,,-2.5227056,,,,,,"[85.3, 70.1]",,Low Pass,17.065168,,,,André-Frank Zambo Anguissa,3141.0,,,,Throw-in,2,From Throw In,Junior Tchamadeu,62627.0,Right Wing,131,Cameroon,2722,['1f3a9a4f-7f3c-48a3-b969-ea6a17792987'],45,,,,,,,,,,,,,,,,,Cameroon,2722,00:36:45.063,Pass,
,,,,,,,,,,,,,,,,,1.097923,,,,,,,,,,,05bc2a8f-053b-462c-b904-8025150a8f0d,2218,,"[85.6, 67.9]",3920389,81,,,,,-0.8986835,,Right Foot,,,,"[93.0, 58.6]",,Ground Pass,11.884864,,,,Olivier Michel Kemen,7355.0,,,,,2,From Throw In,André-Frank Zambo Anguissa,3141.0,Left Defensive Midfield,131,Cameroon,2722,['13253b81-cf32-43b7-8dbd-5ddeda5c2466'],47,,,,,,,,,,,,,,,,,Cameroon,2722,00:36:47.542,Pass,
,,,,,,,,,,,,,,,,,1.41452,,,,,,,,,,,01852e79-13b1-4dc2-894e-4ecf57e19ce5,2220,,"[93.0, 58.6]",3920389,81,,,,,2.6741428,,Right Foot,,,,"[82.5, 63.9]",,Ground Pass,11.761803,,,,André-Frank Zambo Anguissa,3141.0,,,,,2,From Throw In,Olivier Michel Kemen,7355.0,Center Attacking Midfield,131,Cameroon,2722,['4d2fdddc-19c8-46ef-9762-81806297f290'],48,,,,,,,,,,,,,,,,,Cameroon,2722,00:36:48.640,Pass,
,,,,,,,,,,,,,,,,,1.012266,,,,,,,,,,,f14247ff-90f4-499b-84ea-554ac9166e2c,2223,,"[86.7, 63.4]",3920389,81,,,,,0.7775243,,Right Foot,,,,"[99.5, 76.0]",,Ground Pass,17.96107,,,,Junior Tchamadeu,62627.0,,,,,2,From Throw In,André-Frank Zambo Anguissa,3141.0,Left Defensive Midfield,131,Cameroon,2722,['b9d11b69-424e-4f81-986a-42c70cd133e7'],52,,,,,,,,,,,,,,,,,Cameroon,2722,00:36:52.714,Pass,
,,,,,,,,,,,,,,,,,2.362213,,,,,,,,,,,2b57ed0e-aa14-46d8-b424-323d4f3ea0ba,2226,,"[97.2, 72.8]",3920389,81,,,,,-1.0381756,,Left Foot,True,,,"[117.3, 38.7]",,High Pass,39.583076,,Incomplete,,Georges-Kévin Nkoudou Mbida,3639.0,,,,,2,From Throw In,Junior Tchamadeu,62627.0,Right Wing,131,Cameroon,2722,"['bdf8845e-66c0-4077-995f-4bc661e403a3', 'd6ecbccc-0a22-42b3-ab6d-60bd1f132922']",55,,,,,,,,,,,,,,,,,Cameroon,2722,00:36:55.480,Pass,
,,,,,,,,,,,,,,,,,2.303331,,,,,,,,,,,e7117dad-d933-4571-9271-4e09545c0e22,2230,,"[15.9, 46.7]",3920389,82,,,,,-0.40466404,,Drop Kick,,,,"[68.9, 24.0]",,High Pass,57.656654,,,,Mohamed Bayo,8454.0,,,,,2,From Throw In,Ibrahim Kone,182573.0,Goalkeeper,131,Cameroon,2722,['6669a1b0-1ed6-4468-b993-fac5dfc9f255'],17,,,,,,,,,,,,,,,,,Guinea,4892,00:37:17.556,Pass,
,,,,,,,,,,,,,,,,,1.478446,,,,,,,,,,,36fb73be-a409-47bb-9ae6-1e254e62b34d,2233,,"[68.9, 23.9]",3920389,82,,,,,-0.5285717,,Right Foot,,,,"[81.4, 16.6]",,Low Pass,14.475496,,Incomplete,,Facinet Conte,406457.0,,,,,2,From Throw In,Mohamed Bayo,8454.0,Center Forward,131,Cameroon,2722,"['0595d2b3-f50f-485f-bf6a-58faca73f4fe', 'b2b33ae8-10a7-4b63-b705-28f0650c50bb']",19,,,,,,,,,,,,,,,,,Guinea,4892,00:37:19.899,Pass,
,,,,,,,,,,,,,,,,,1.87799,,,,,,,,,,,0595d2b3-f50f-485f-bf6a-58faca73f4fe,2236,,"[38.7, 63.5]",3920389,82,,,,,-2.0204344,,Head,,,,"[27.6, 40.5]",,Low Pass,25.538403,,,,Harold Moukoudi,7386.0,,,,Recovery,2,From Throw In,Jean-Charles Castelletto,7426.0,Right Back,131,Cameroon,2722,"['36fb73be-a409-47bb-9ae6-1e254e62b34d', '32fa859e-6f1c-4992-a761-7ab2354ab4fa', '93c9dfdb-5017-43d3-911e-55df0cfb21a3']",21,,,,,,,,,,,,,,,,,Cameroon,2722,00:37:21.378,Pass,True
,,,,,,,,,,,,,,,,,1.857845,,,,,,,,,,,7ac16e4a-cd50-4f69-ae71-7f569889ba5d,2240,,"[27.1, 39.8]",3920389,82,,,,,2.891614,,Right Foot,,,,"[8.3, 44.6]",,Ground Pass,19.403093,,,,Joseph Fabrice Ondoa Ebogo,24670.0,,,,,2,From Throw In,Harold Moukoudi,7386.0,Left Center Back,131,Cameroon,2722,"['ef07f7d9-a810-415a-810e-9c726d4e6579', '063f77cc-3c21-4ccd-8cfa-fca4e6e475c7']",23,,,,,,,,,,,,,,,,,Cameroon,2722,00:37:23.683,Pass,True
,,,,,,,,,,,,,,,,,1.595699,,,,,,,,,,,3b319be3-2610-42dd-98fb-8fbe99221b7c,2243,,"[8.7, 43.8]",3920389,82,,,,,-1.1652229,,Right Foot,,,,"[16.3, 26.1]",,Ground Pass,19.26266,,,,Harold Moukoudi,7386.0,,,,,2,From Throw In,Joseph Fabrice Ondoa Ebogo,24670.0,Goalkeeper,131,Cameroon,2722,"['cce8f069-e06f-4e1f-a7ec-bfe55c491ebe', 'f2db94c2-c9cd-46f1-a125-53605de45dd5']",25,,,,,,,,,,,,,,,,,Cameroon,2722,00:37:25.540,Pass,True
,,,,,,,,,,,,,,,,,1.010235,,,,,,,,,,,96a0bc7f-c354-4a13-b133-6bd5bbfbe510,2246,,"[22.2, 23.7]",3920389,82,,,,,0.8553476,,Left Foot,,,,"[29.5, 32.1]",,Ground Pass,11.128792,,,,Jules Olivier Ntcham,10530.0,,,,,2,From Throw In,Harold Moukoudi,7386.0,Left Center Back,131,Cameroon,2722,['dffe9e1b-17fc-460a-bc90-4b34420faee1'],30,,,,,,,,,,,,,,,,,Cameroon,2722,00:37:30.268,Pass,
,,,,,,,,,,,,,,,,,3.300879,,,,,,,,,,,ba050b08-f08d-485c-a0d1-c2611ca9d0b7,2249,,"[39.5, 33.9]",3920389,82,,,,,-0.38287523,,Right Foot,,,,"[90.4, 13.4]",,High Pass,54.873127,,Incomplete,,Karl Brillant Toko Ekambi,3551.0,,,,,2,From Throw In,Jules Olivier Ntcham,10530.0,Right Defensive Midfield,131,Cameroon,2722,"['f20fc2b7-cb9d-4175-bae4-0613a91db522', 'e14b6cee-b48f-4b4f-b50a-044f94603772']",34,,,,,,,,,,,,,,,,,Cameroon,2722,00:37:34.991,Pass,
,,,,,,,,,,,,,,,,,1.047098,,,,,,,,,,,e14b6cee-b48f-4b4f-b50a-044f94603772,2251,,"[29.7, 66.7]",3920389,82,,,,,0.2275675,,Head,,,,"[39.2, 68.9]",,High Pass,9.7514105,,,,Aguibou Camara,39559.0,,,,Recovery,2,From Throw In,Ibrahim Diakité,176683.0,Right Back,131,Cameroon,2722,"['179dfd26-db38-4b42-870d-f7a1053a6d74', 'ba050b08-f08d-485c-a0d1-c2611ca9d0b7']",38,,,,,,,,,,,,,,,,,Guinea,4892,00:37:38.292,Pass,
,,,,,,,,,,,,,,,,,2.431385,,,,,,,,,,,e8507023-7cc4-4c46-b48c-82d6402b162f,2255,,"[69.5, 8.8]",3920389,82,,,,,2.9834418,,Right Foot,,,,"[46.3, 12.5]",,Ground Pass,23.49319,,,,Harold Moukoudi,7386.0,,,,Recovery,2,From Throw In,Georges-Kévin Nkoudou Mbida,3639.0,Left Wing,131,Cameroon,2722,['6b77fbff-6b42-435a-ba62-326afa172122'],41,,,,,,,,,,,,,,,,,Cameroon,2722,00:37:41.003,Pass,
,,,,,,,,,,,,,,,,,2.686547,,,,,,,,,,,18238d6d-6a77-423a-9d34-c8cfa7c77cdd,2258,,"[46.3, 13.4]",3920389,82,,,,,1.3068962,,Right Foot,,,,"[57.0, 53.0]",,Ground Pass,41.02012,,,,André-Frank Zambo Anguissa,3141.0,,,,,2,From Throw In,Harold Moukoudi,7386.0,Left Center Back,131,Cameroon,2722,['e1e3e459-63d6-4914-a841-3ce4386fedaa'],44,,,,,,,,,,,,,,,,,Cameroon,2722,00:37:44.492,Pass,
,,,,,,,,,,,,,,,,,1.420174,,,,,,,,,,,acb1e8b9-408a-4b31-be9d-f436231942ca,2261,,"[63.8, 59.1]",3920389,82,,,,,0.8181733,,Right Foot,,,,"[81.5, 78.0]",,Ground Pass,25.894014,,,,Jean-Charles Castelletto,7426.0,,,,,2,From Throw In,André-Frank Zambo Anguissa,3141.0,Left Defensive Midfield,131,Cameroon,2722,['796a9429-d8d4-4b29-bed6-bc0ddb30c034'],49,,,,,,,,,,,,,,,,,Cameroon,2722,00:37:49.373,Pass,
,,,,,,,,,,,,,,,,,1.234657,,,,,,,,,,,96746233-6ef3-454e-801c-0e5b2e1c431f,2264,,"[93.7, 77.0]",3920389,82,,,,,-2.372722,,Right Foot,,,,"[81.4, 65.1]",,Ground Pass,17.11432,,,,André-Frank Zambo Anguissa,3141.0,,,,,2,From Throw In,Jean-Charles Castelletto,7426.0,Right Back,131,Cameroon,2722,['8e100999-e967-47cb-adda-5234bee12f50'],52,,,,,,,,,,,,,,,,,Cameroon,2722,00:37:52.943,Pass,
,,,,,,,,,,,,,,,,,1.934457,,,,,,,,,,,97e87906-5d5c-4757-b4bd-2592feae8027,2267,,"[86.6, 65.3]",3920389,82,,,,,0.59171546,,Right Foot,,,,"[105.2, 77.8]",,Ground Pass,22.410042,,,,Jean-Charles Castelletto,7426.0,,,,,2,From Throw In,André-Frank Zambo Anguissa,3141.0,Left Defensive Midfield,131,Cameroon,2722,['c1b1849c-916a-4957-ad9f-98a0da78781a'],55,,,,,,,,,,,,,,,,,Cameroon,2722,00:37:55.720,Pass,
,,,,,,,,,,,,,,,,,2.264565,,,,,,,,,,,328dc668-1bce-489d-9c20-60c7935a283a,2271,,"[107.5, 75.7]",3920389,82,,,,,-0.60228735,,Right Foot,,,,"[117.1, 69.1]",,Low Pass,11.649893,,,,Olivier Michel Kemen,7355.0,,,,,2,From Throw In,Jean-Charles Castelletto,7426.0,Right Back,131,Cameroon,2722,"['fb5b6607-474a-4093-96dd-64b829df1051', 'afa5956d-0c93-4afb-b0a0-bced6fc89eec']",58,,,,,,,,,,,,,,,,,Cameroon,2722,00:37:58.565,Pass,True
,,,,,,,,,,,,,,,,,2.887169,,,,,,,,,,,67e31b9c-d5aa-42a6-90da-00528d9e5cfb,2275,,"[105.1, 78.8]",3920389,83,,,,,-2.5192897,,Left Foot,,,,"[82.1, 62.3]",,Ground Pass,28.30636,,,,Oumar Gonzalez,28444.0,,,,,2,From Throw In,Olivier Michel Kemen,7355.0,Center Attacking Midfield,131,Cameroon,2722,['f8a2b142-66be-4c4a-b71b-f9a974f2cf5d'],4,,,,,,,,,,,,,,,,,Cameroon,2722,00:38:04.889,Pass,
,,,,,,,,,,,,,,,,,0.992771,,,,,,,,,,,aed302b6-5205-49f5-b3da-0c39f1d06e73,2278,,"[81.5, 62.3]",3920389,83,,,,,0.647662,,Right Foot,,,,"[93.0, 71.0]",,Ground Pass,14.420125,,,,Olivier Michel Kemen,7355.0,,,,,2,From Throw In,Oumar Gonzalez,28444.0,Right Center Back,131,Cameroon,2722,['a2620bd2-e414-42ce-bfd7-35a5b7d7ac48'],9,,,,,,,,,,,,,,,,,Cameroon,2722,00:38:09.561,Pass,
,,,,,,,,,,,,,,,,,2.753066,,,,,,,,,,,37bc78ff-dc03-452f-b4f3-e53cb3d93a43,2281,,"[99.0, 71.4]",3920389,83,,,,,-1.3151743,,Right Foot,True,,,"[111.1, 25.1]",,High Pass,47.85499,,Incomplete,,Georges-Kévin Nkoudou Mbida,3639.0,,True,,,2,From Throw In,Olivier Michel Kemen,7355.0,Center Attacking Midfield,131,Cameroon,2722,"['20c2f789-8f0c-4f64-a5ef-780236f06785', '84908f65-5ba8-4116-a165-bd6cc3e6b977']",12,,,,,,,,,,,,,,,,,Cameroon,2722,00:38:12.322,Pass,
,,,,,,,,,,,,,,,,,1.975253,,,,,,,,,,,37717045-4cbe-40e3-b27a-2004942984bf,2287,,"[102.7, 10.2]",3920389,83,,,,,3.0412118,,Right Foot,,,,"[74.9, 13.0]",,Ground Pass,27.94065,,,,Jules Olivier Ntcham,10530.0,,,,,2,From Throw In,Darlin Zidane Yongwa Ngameni,32190.0,Left Back,131,Cameroon,2722,['d92d1979-87c7-4da4-bbe1-e4f0f0a2085a'],19,,,,,,,,,,,,,,,,,Cameroon,2722,00:38:19.399,Pass,
,,,,,,,,,,,,,,,,,2.027518,,,,,,,,,,,983f0209-7e32-4233-a2e2-14be2c893d8a,2290,,"[74.7, 15.4]",3920389,83,,,,,1.5565455,,Right Foot,,,,"[75.3, 57.5]",,Ground Pass,42.104275,,,,Oumar Gonzalez,28444.0,,True,,,2,From Throw In,Jules Olivier Ntcham,10530.0,Right Defensive Midfield,131,Cameroon,2722,['3c97c745-bb63-4b5f-95ed-d296223b0e9b'],25,,,,,,,,,,,,,,,,,Cameroon,2722,00:38:25.157,Pass,
,,,,,,,,,,,,,,,,,1.932482,,,,,,,,,,,2068675b-7b47-4464-a366-911ea626389b,2293,,"[83.2, 58.5]",3920389,83,,,,,0.6249847,,Right Foot,,,,"[105.1, 74.3]",,Ground Pass,27.00463,,,,Jean-Charles Castelletto,7426.0,,,,,2,From Throw In,Oumar Gonzalez,28444.0,Right Center Back,131,Cameroon,2722,['592bf82f-f7d9-41f1-82bd-c429233e783f'],29,,,,,,,,,,,,,,,,,Cameroon,2722,00:38:29.209,Pass,
,,,,,,,,,,,,,,,,,1.727937,,,,,,,,,,,c0c65eea-92c7-4373-903c-ca9088375e74,2296,,"[110.1, 74.3]",3920389,83,,,,,-1.6239109,,Right Foot,True,,,"[108.0, 34.8]",,High Pass,39.555782,,,,Georges-Kévin Nkoudou Mbida,3639.0,,,,,2,From Throw In,Jean-Charles Castelletto,7426.0,Right Back,131,Cameroon,2722,['f19deb8e-1a7a-4cde-abe9-c4969d653544'],31,,,,,,,,,,,,,,,,,Cameroon,2722,00:38:31.848,Pass,
,,,,,,,,,,,,,,,,,1.274327,,,,,,,,,,,ecf91ac2-9538-4f7d-98a7-1fe80d433a70,2302,,"[102.4, 44.6]",3920389,83,,,,,1.6789004,1e2f74b8-d2fe-4238-9691-0cc4a6c1ea40,Right Foot,,,,"[101.0, 57.5]",,Ground Pass,12.975746,,,,Olivier Michel Kemen,7355.0,True,,,,2,From Throw In,Karl Brillant Toko Ekambi,3551.0,Center Forward,131,Cameroon,2722,['e95a93eb-8c15-4b0d-8b88-ac9a0c8bd2ff'],36,,,,,,,,,,,,,,,,,Cameroon,2722,00:38:36.020,Pass,
,,,,,,,,,,,,,,,,,3.420391,,,,,,,,,,,28c82379-346c-47f5-b677-b9925d16d671,2308,,"[5.2, 38.6]",3920389,84,,,,,0.40670797,,Right Foot,,,,"[71.6, 67.2]",,High Pass,72.29744,,,,José Kanté Martínez,8012.0,,,,Goal Kick,2,From Goal Kick,Ibrahim Kone,182573.0,Goalkeeper,132,Guinea,4892,['95e02e55-245f-4259-8ede-a6d887f8ae80'],31,,,,,,,,,,,,,,,,,Guinea,4892,00:39:31.435,Pass,
,,,,,,,,,,,,,,,,,0.374144,,,,,,,,,,,cf8b7f6e-4eae-4e5f-b01d-2b12ff6b33f4,2312,,"[71.6, 67.2]",3920389,84,,,,True,0.3261558,,,,,,"[78.4, 69.5]",,Low Pass,7.17844,,,,Aguibou Camara,39559.0,,,,,2,From Goal Kick,José Kanté Martínez,8012.0,Center Forward,132,Guinea,4892,"['aa1168b7-fe05-4a75-9737-e21f84442141', 'cc86b812-8d79-4951-a714-8a8d221e6d0e']",34,,,,,,,,,,,,,,,,,Guinea,4892,00:39:34.855,Pass,True
,,,,,,,,,,,,,,,,,0.177067,,,,,,,,,,,03d51804-b768-4ee9-8128-b4aedf825542,2316,,"[27.1, 0.1]",3920389,84,,True,,,2.0593498,,,,,,"[21.2, 11.2]",,Low Pass,12.5706005,,,,Harold Moukoudi,7386.0,,,,Throw-in,2,From Throw In,Darlin Zidane Yongwa Ngameni,32190.0,Left Back,133,Cameroon,2722,['261c162c-62e8-4c0a-8028-cc057e18198a'],42,,,,,,,,,,,,,,,,,Cameroon,2722,00:39:42.974,Pass,
,,,,,,,,,,,,,,,,,2.413108,,,,,,,,,,,0cd2bead-4f6d-491b-aeaf-d97172b608df,2318,,"[22.3, 14.3]",3920389,84,,,,,1.1172348,,Right Foot,,,,"[35.9, 42.2]",,Ground Pass,31.038202,,,,Jules Olivier Ntcham,10530.0,,,,,2,From Throw In,Harold Moukoudi,7386.0,Left Center Back,133,Cameroon,2722,['56642cef-35d7-4576-b805-057f6154099b'],44,,,,,,,,,,,,,,,,,Cameroon,2722,00:39:44.465,Pass,
,,,,,,,,,,,,,,,,,1.465366,,,,,,,,,,,ebd85747-5052-496f-a457-13bd56f091db,2321,,"[38.3, 41.0]",3920389,84,,,,,0.9510583,,Right Foot,,,,"[51.5, 59.5]",,Ground Pass,22.726416,,,,Oumar Gonzalez,28444.0,,,,,2,From Throw In,Jules Olivier Ntcham,10530.0,Right Defensive Midfield,133,Cameroon,2722,['e9f3937c-bdaa-412e-a977-d0fabdf66e2c'],48,,,,,,,,,,,,,,,,,Cameroon,2722,00:39:48.317,Pass,
,,,,,,,,,,,,,,,,,1.936952,,,,,,,,,,,d1ee5502-1a5a-4dba-8fca-a66d9a4c68be,2324,,"[57.8, 61.1]",3920389,84,,,,,0.5791879,,Right Foot,,,,"[81.5, 76.6]",,Ground Pass,28.318544,,,,Junior Tchamadeu,62627.0,,,,,2,From Throw In,Oumar Gonzalez,28444.0,Right Center Back,133,Cameroon,2722,['fee080c3-5ff3-448e-9245-53bfce333bf5'],51,,,,,,,,,,,,,,,,,Cameroon,2722,00:39:51.026,Pass,
,,,,,,,,,,,,,,,,,0.839197,,,,,,,,,,,822943a3-8a31-4c3f-83dc-bd26543910ac,2327,,"[86.7, 77.4]",3920389,84,,,,,-1.5061383,,Right Foot,,,,"[87.6, 63.5]",,Ground Pass,13.929106,,,,Karl Brillant Toko Ekambi,3551.0,,,,,2,From Throw In,Junior Tchamadeu,62627.0,Right Midfield,133,Cameroon,2722,['3e40e709-05bd-44e8-a902-7d403440a159'],55,,,,,,,,,,,,,,,,,Cameroon,2722,00:39:55.782,Pass,
,,,,,,,,,,,,,,,,,1.850928,,,,,,,,,,,73e08394-950b-4f4c-965f-b0778888ebc8,2330,,"[81.4, 62.1]",3920389,84,,,,,-2.8478246,,Right Foot,,,,"[69.5, 58.5]",,Ground Pass,12.432618,,,,Oumar Gonzalez,28444.0,,,,,2,From Throw In,Karl Brillant Toko Ekambi,3551.0,Right Center Forward,133,Cameroon,2722,['0d3342d3-3511-4b56-9dfe-6ab74de8523b'],59,,,,,,,,,,,,,,,,,Cameroon,2722,00:39:59.196,Pass,
,,,,,,,,,,,,,,,,,0.926273,,,,,,,,,,,618eaba5-016a-4c02-8575-0745a036893b,2332,,"[69.5, 58.5]",3920389,85,,,,,-1.2323409,,Right Foot,,,,"[73.9, 46.0]",,Ground Pass,13.251792,,,,Jules Olivier Ntcham,10530.0,,,,,2,From Throw In,Oumar Gonzalez,28444.0,Right Center Back,133,Cameroon,2722,['d5bcf70b-22ea-4c03-81b2-8500c354f5ad'],1,,,,,,,,,,,,,,,,,Cameroon,2722,00:40:01.047,Pass,
,,,,,,,,,,,,,,,,,0.862926,,,,,,,,,,,4a4c7443-f9ef-477f-8d09-bd720af056f6,2335,,"[73.9, 44.6]",3920389,85,,,,,-1.4806459,,Right Foot,,,,"[75.5, 26.9]",,Ground Pass,17.77217,,,,André-Frank Zambo Anguissa,3141.0,,,,,2,From Throw In,Jules Olivier Ntcham,10530.0,Right Defensive Midfield,133,Cameroon,2722,['354ccbd9-6f2a-4774-8042-ea21c6a253ee'],2,,,,,,,,,,,,,,,,,Cameroon,2722,00:40:02.955,Pass,
,,,,,,,,,,,,,,,,,1.88791,,,,,,,,,,,3ddf5868-6067-4f6d-980a-64a91fe5042b,2339,,"[80.9, 21.7]",3920389,85,,,,,-0.92634916,,Right Foot,,,,"[93.6, 4.8]",,Ground Pass,21.140009,,,,Georges-Kévin Nkoudou Mbida,3639.0,,,,,2,From Throw In,André-Frank Zambo Anguissa,3141.0,Left Defensive Midfield,133,Cameroon,2722,['44428fc9-fd26-4632-92da-907a08c200f7'],6,,,,,,,,,,,,,,,,,Cameroon,2722,00:40:06.716,Pass,
,,,,,,,,,,,,,,,,,1.790086,,,,,,,,,,,40ae4432-a4d8-4eef-bcff-b1edb1d8d839,2342,,"[87.8, 7.4]",3920389,85,,,,,1.8356776,,Right Foot,,,,"[81.1, 32.1]",,Ground Pass,25.592577,,,,Jules Olivier Ntcham,10530.0,,,,,2,From Throw In,Georges-Kévin Nkoudou Mbida,3639.0,Left Midfield,133,Cameroon,2722,['7c916ced-4d09-4cca-ad2b-056879e6d0f6'],11,,,,,,,,,,,,,,,,,Cameroon,2722,00:40:11.834,Pass,
,,,,,,,,,,,,,,,,,1.412247,,,,,,,,,,,dff52dd6-a96d-4497-b5fe-f9b4d1f19002,2345,,"[87.0, 39.4]",3920389,85,,,,,1.5650821,,Right Foot,,,,"[87.1, 56.9]",,Ground Pass,17.500286,,,,Oumar Gonzalez,28444.0,,,,,2,From Throw In,Jules Olivier Ntcham,10530.0,Right Defensive Midfield,133,Cameroon,2722,['c5f0a62d-dcfa-4675-818e-cd1a3f678c36'],15,,,,,,,,,,,,,,,,,Cameroon,2722,00:40:15.863,Pass,
,,,,,,,,,,,,,,,,,2.661,,,,,,,,,,,5d285c13-94b7-40b4-ab89-1be45890d558,2348,,"[93.2, 58.5]",3920389,85,,,,,0.7223012,,Right Foot,,,,"[117.6, 80.0]",,Ground Pass,32.520916,,Out,,Jean-Charles Castelletto,7426.0,,,,,2,From Throw In,Oumar Gonzalez,28444.0,Right Center Back,133,Cameroon,2722,['5bf5b1e4-51a1-4b6a-9ba6-14ec785ae9da'],18,,,,,,,,,,,,,,,,,Cameroon,2722,00:40:18.408,Pass,
,,,,,,,,,,,,,,,,,1.093518,,,,,,,,,,,cd97642b-c1c4-49ad-917b-63d964a5f277,2350,,"[13.9, 0.1]",3920389,85,,True,,,0.86764944,,,,,,"[26.7, 15.2]",,High Pass,19.795202,,,,Facinet Conte,406457.0,,,,Throw-in,2,From Throw In,Sekou Oumar Sylla,132711.0,Left Back,134,Guinea,4892,['ad33a87f-bc27-4ccf-aed2-86b4ee6b9c28'],43,,,,,,,,,,,,,,,,,Guinea,4892,00:40:43.461,Pass,
,,,,,,,,,,,,,,,,,2.763034,,,,,,,,,,,51545cfc-9e26-4bad-8286-eddab3a4e49a,2352,,"[87.1, 63.0]",3920389,85,,True,,,-0.28693876,,Right Foot,,,,"[111.5, 55.8]",,High Pass,25.440126,,Incomplete,,Faris Pemi Moumbagna,34293.0,,,,Recovery,2,From Throw In,Jules Olivier Ntcham,10530.0,Right Defensive Midfield,134,Guinea,4892,"['ceb1c868-a1bf-4a59-b83f-5923a6e0bf3c', '22b169c4-a110-4949-9d05-25574f615a14']",44,,,,,,,,,,,,,,,,,Cameroon,2722,00:40:44.994,Pass,
,,,,,,,,,,,,,,,,,1.819442,,,,,,,,,,,22b169c4-a110-4949-9d05-25574f615a14,2355,,"[8.6, 24.3]",3920389,85,,,,,-0.48291716,,Head,,,,"[27.1, 14.6]",,High Pass,20.888754,,,,José Kanté Martínez,8012.0,,,,Recovery,2,From Throw In,Mouctar Diakhaby,4267.0,Right Center Back,134,Guinea,4892,"['51545cfc-9e26-4bad-8286-eddab3a4e49a', '4783b227-e88b-45e2-8fe8-ef4d3404312a']",47,,,,,,,,,,,,,,,,,Guinea,4892,00:40:47.757,Pass,
,,,,,,,,,,,,,,,,,2.691642,,,,,,,,,,,edd7685b-f800-42b5-8d35-3311d0b3c6ba,2357,,"[27.1, 14.6]",3920389,85,,,,,0.11998821,,Head,,,,"[55.3, 18.0]",,High Pass,28.404224,,Incomplete,,Facinet Conte,406457.0,,,,,2,From Throw In,José Kanté Martínez,8012.0,Center Forward,134,Guinea,4892,"['d840b582-de61-4a33-8b74-8199799413fd', '00085f1d-679c-439f-825b-24e341bf0710']",49,,,,,,,,,,,,,,,,,Guinea,4892,00:40:49.616,Pass,
,,,,,,,,,,,,,,,,,1.655615,,,,,,,,,,,3438bb78-fb63-4a7c-8da7-b08f6a311136,2369,,"[68.6, 67.9]",3920389,85,,,,,-1.8692952,,Right Foot,,,,"[62.6, 48.4]",,Ground Pass,20.402206,,,,Jules Olivier Ntcham,10530.0,,,,,2,Regular Play,Harold Moukoudi,7386.0,Left Center Back,135,Cameroon,2722,['025c1dc6-8950-408f-bc0a-8b11e3d3b2eb'],57,,,,,,,,,,,,,,,,,Cameroon,2722,00:40:57.133,Pass,
,,,,,,,,,,,,,,,,,1.726425,,,,,,,,,,,3a4c7c9e-8f34-4569-b597-1af9e43263d2,2372,,"[81.4, 26.8]",3920389,86,,,,,-0.93021065,,Right Foot,,,,"[97.8, 4.8]",,Ground Pass,27.440117,,,,Georges-Kévin Nkoudou Mbida,3639.0,,,,,2,Regular Play,Jules Olivier Ntcham,10530.0,Right Defensive Midfield,135,Cameroon,2722,['7d7c0e01-e89e-4fa2-8580-ad4f4d952916'],3,,,,,,,,,,,,,,,,,Cameroon,2722,00:41:03.746,Pass,
,,,,,,,,,,,,,,,,,1.443072,,,,,,,,,,,967e00c4-a744-43a5-9c9b-5d5e113f2b92,2375,,"[93.0, 6.6]",3920389,86,,,,,1.2325685,,Right Foot,True,,,"[105.1, 41.0]",,High Pass,36.46601,,,,Junior Tchamadeu,62627.0,,,,,2,Regular Play,Georges-Kévin Nkoudou Mbida,3639.0,Left Midfield,135,Cameroon,2722,['daf0b744-4fd7-4ab5-a233-0464e43f093c'],7,,,,,,,,,,,,,,,,,Cameroon,2722,00:41:07.771,Pass,
,,,,,,,,,,,,,,,,,0.898714,,,,,,,,,,,208afc8c-a0bf-48df-bf11-bcc050adad37,2379,,"[20.6, 47.4]",3920389,86,,,,,0.92092586,,Right Foot,,,,"[32.0, 62.4]",,Ground Pass,18.840382,,,,Moriba Kourouma Kourouma,39073.0,,,,Recovery,2,Regular Play,Mory Konaté,35285.0,Left Defensive Midfield,135,Cameroon,2722,['df24198a-b8f8-4a8b-9383-83f4412d5589'],10,,,,,,,,,,,,,,,,,Guinea,4892,00:41:10.879,Pass,
,,,,,,,,,,,,,,,,,4.655515,,,,,,,,,,,abc88477-5e3f-40de-a623-776104b76541,2382,,"[39.6, 64.1]",3920389,86,,,,,0.30846632,,Left Foot,,,,"[89.5, 80.0]",,Low Pass,52.37194,,Out,,Aguibou Camara,39559.0,,,,,2,Regular Play,Moriba Kourouma Kourouma,39073.0,Right Defensive Midfield,135,Cameroon,2722,['989726bf-bd5f-44d6-92cd-506308a9cee5'],14,,,,,,,,,,,,,,,,,Guinea,4892,00:41:14.186,Pass,
,,,,,,,,,,,,,,,,,1.383513,,,,,,,,,,,006fe923-39f0-4567-8532-093c7c0ed8d6,2384,,"[31.6, 0.1]",3920389,86,,True,,,1.6501746,,,,,,"[29.5, 26.5]",,Low Pass,26.48339,,,,André-Frank Zambo Anguissa,3141.0,,,,Throw-in,2,From Throw In,Harold Moukoudi,7386.0,Left Center Back,136,Cameroon,2722,['fc2deac8-ad0f-47a2-946c-128a211c6a27'],27,,,,,,,,,,,,,,,,,Cameroon,2722,00:41:27.820,Pass,
,,,,,,,,,,,,,,,,,1.159736,,,,,,,,,,,f4bd2b21-3e1f-4d4e-9205-0f141a46e7c6,2386,,"[38.5, 38.7]",3920389,86,,True,,,1.5422326,,Right Foot,,,,"[39.0, 56.2]",,Ground Pass,17.507141,,,,Oumar Gonzalez,28444.0,,,,,2,From Throw In,André-Frank Zambo Anguissa,3141.0,Left Defensive Midfield,136,Cameroon,2722,['cc039e74-0361-4bb5-82c5-c9bb31896fe8'],34,,,,,,,,,,,,,,,,,Cameroon,2722,00:41:34.305,Pass,
,,,,,,,,,,,,,,,,,1.339409,,,,,,,,,,,4d9d12dc-7303-44d3-a344-00f61ae89a30,2388,,"[53.2, 58.3]",3920389,86,,,,,0.9786096,,Right Foot,,,,"[64.3, 74.8]",,Ground Pass,19.886175,,,,Jean-Charles Castelletto,7426.0,,,,,2,From Throw In,Oumar Gonzalez,28444.0,Right Center Back,136,Cameroon,2722,['5ac54d7c-f523-4092-802e-fc4e6387cab7'],38,,,,,,,,,,,,,,,,,Cameroon,2722,00:41:38.493,Pass,
,,,,,,,,,,,,,,,,,0.752957,,,,,,,,,,,3d3361c1-5808-4d5d-968c-94845d7483ae,2391,,"[73.1, 74.2]",3920389,86,,,,,0.18998829,,Right Foot,,,,"[80.9, 75.7]",,Ground Pass,7.942921,,,,Junior Tchamadeu,62627.0,,,,,2,From Throw In,Jean-Charles Castelletto,7426.0,Right Back,136,Cameroon,2722,['b02f86ca-be4a-4a1e-b8a5-655b91bbac9e'],43,,,,,,,,,,,,,,,,,Cameroon,2722,00:41:43.524,Pass,
,,,,,,,,,,,,,,,,,0.828418,,,,,,,,,,,21fa705b-a318-44a1-b8aa-c923b3b8477b,2393,,"[80.9, 75.7]",3920389,86,,,,,-2.976444,,Right Foot,,,,"[75.5, 74.8]",,Ground Pass,5.4744864,,,,Jean-Charles Castelletto,7426.0,,,,,2,From Throw In,Junior Tchamadeu,62627.0,Right Midfield,136,Cameroon,2722,['50f28c60-a988-42f5-832f-c782fec4fd1e'],44,,,,,,,,,,,,,,,,,Cameroon,2722,00:41:44.277,Pass,
,,,,,,,,,,,,,,,,,0.672182,,,,,,,,,,,eaa7b4b4-0020-4285-8832-d04d41a2b7db,2396,,"[75.5, 74.8]",3920389,86,,,,,-1.3559809,,Right Foot,,,,"[76.7, 69.3]",,Ground Pass,5.6293874,,,,Karl Brillant Toko Ekambi,3551.0,,,,,2,From Throw In,Jean-Charles Castelletto,7426.0,Right Back,136,Cameroon,2722,['08299981-22ee-4e7f-b6cd-2b27ea795df4'],45,,,,,,,,,,,,,,,,,Cameroon,2722,00:41:45.751,Pass,
,,,,,,,,,,,,,,,,,1.582778,,,,,,,,,,,8676906e-24c1-4a71-b2b1-8895cdd0e6a9,2400,,"[81.1, 63.0]",3920389,86,,,,,-2.0215507,,Right Foot,,,,"[67.5, 34.9]",,Low Pass,31.218103,,,,Jules Olivier Ntcham,10530.0,,,,,2,From Throw In,Karl Brillant Toko Ekambi,3551.0,Right Center Forward,136,Cameroon,2722,"['e1251e19-ccce-4c43-8c24-715fb63437fc', 'cd783407-9da6-4a0c-a6ea-e1baa6506301']",47,,,,,,,,,,,,,,,,,Cameroon,2722,00:41:47.738,Pass,True
,,,,,,,,,,,,,,,,,1.751812,,,,,,,,,,,d519a095-0336-430f-80cc-22f8f1cc2abc,2403,,"[79.5, 23.9]",3920389,86,,,,,-0.8279257,,Right Foot,,,,"[93.0, 9.2]",,Ground Pass,19.958456,,,,Darlin Zidane Yongwa Ngameni,32190.0,,,,,2,From Throw In,Jules Olivier Ntcham,10530.0,Right Defensive Midfield,136,Cameroon,2722,['ddd1e5ea-f7a4-4995-8f1e-c6d22b6f4ce1'],51,,,,,,,,,,,,,,,,,Cameroon,2722,00:41:51.365,Pass,
,,,,,,,,,,,,,,,,,2.33921,,,,,,,,,,,1306197f-2156-4ff4-bdc5-5c1702b600ff,2406,,"[99.0, 7.2]",3920389,86,,,,,1.2782346,,Left Foot,True,,,"[111.5, 48.7]",,High Pass,43.341667,,Incomplete,,Faris Pemi Moumbagna,34293.0,,True,,,2,From Throw In,Darlin Zidane Yongwa Ngameni,32190.0,Left Back,136,Cameroon,2722,"['61490229-4ecf-4308-935c-0278b6850861', '4b41304f-db74-4ed5-9bb4-85df4fbd1b11']",54,,,,,,,,,,,,,,,,,Cameroon,2722,00:41:54.620,Pass,
,,,,,,,,,,,,,,,,,2.599723,,,,,,,,,,,a66fca56-8ec0-4ee0-b533-798a23ea6985,2411,,"[99.0, 75.3]",3920389,87,,,,,-0.7143107,,Right Foot,,,,"[116.3, 60.3]",,Ground Pass,22.897379,,,,André-Frank Zambo Anguissa,3141.0,,,,,2,From Throw In,Jean-Charles Castelletto,7426.0,Right Back,136,Cameroon,2722,['3fb44df8-b9f9-4c62-8fc9-91e375da0f21'],2,,,,,,,,,,,,,,,,,Cameroon,2722,00:42:02.252,Pass,
,,,,,,,,,,,,,,,,,1.39152,,,,,,,,,,,f3fca7be-eea2-4361-8ad3-004b398ddf86,2414,,"[111.5, 67.3]",3920389,87,,,,,-1.046877,,Left Foot,,,,"[116.7, 58.3]",,Ground Pass,10.394229,,,,Junior Tchamadeu,62627.0,,,,,2,From Throw In,André-Frank Zambo Anguissa,3141.0,Left Defensive Midfield,136,Cameroon,2722,['cfd3886c-a7c1-4f5d-93ab-adeaa6adcb6c'],7,,,,,,,,,,,,,,,,,Cameroon,2722,00:42:07.553,Pass,
,,,,,,,,,,,,,,,,,2.137726,,,,,,,,,,,7a2034cf-34fa-469a-93d1-75e973bffc5e,2417,,"[116.7, 57.9]",3920389,87,,,,,-1.9017693,,Right Foot,True,True,True,"[108.9, 35.2]",,Ground Pass,24.002708,,,,Karl Brillant Toko Ekambi,3551.0,,,,,2,From Throw In,Junior Tchamadeu,62627.0,Right Midfield,136,Cameroon,2722,"['19eab881-da29-40b3-a2e5-cf53f8458ea3', '86166214-5d05-45af-8d45-d023a00121c0']",8,,,,,,,,,,,,,,,,,Cameroon,2722,00:42:08.944,Pass,True
,,,,,,,,,,,,,,,,,8.074018,,,,,,,,,,,b9ad2058-bf37-4d0d-b962-30f080ae1c62,2424,,"[4.5, 40.5]",3920389,88,,True,,,0.75983983,,Drop Kick,,,,"[38.6, 72.9]",,High Pass,47.037964,,Incomplete,,,,,,,,2,From Keeper,Ibrahim Kone,182573.0,Goalkeeper,138,Guinea,4892,['1d25e890-bf98-4638-a4b2-44de5ef2d102'],10,,,,,,,,,,,,,,,,,Guinea,4892,00:43:10.497,Pass,
,,,,,,,,,,,,,,,,,1.084031,,,,,,,,,,,6adc8793-3d1c-4820-b9bd-c1a35429e3cf,2426,,"[24.4, 80.0]",3920389,88,,,,,-0.31475767,,,,,,"[37.3, 75.8]",,Low Pass,13.566503,,,,José Kanté Martínez,8012.0,,,,Throw-in,2,From Throw In,Ibrahim Diakité,176683.0,Right Back,139,Guinea,4892,['5a9d0a8c-f4df-4211-811c-a7df5d76ec96'],38,,,,,,,,,,,,,,,,,Guinea,4892,00:43:38.871,Pass,
,,,,,,,,,,,,,,,,,0.811172,,,,,,,,,,,33642f22-c066-4bc6-a9a5-8272143ef401,2430,,"[36.9, 75.3]",3920389,88,,,,,-2.1224513,,Left Foot,,,,"[33.7, 70.1]",,Ground Pass,6.105735,,,,Moriba Kourouma Kourouma,39073.0,,,,,2,From Throw In,José Kanté Martínez,8012.0,Center Forward,139,Guinea,4892,['227499a8-17e4-4e66-bf97-af13ef220e7f'],40,,,,,,,,,,,,,,,,,Guinea,4892,00:43:40.075,Pass,
,,,,,,,,,,,,,,,,,1.639838,,,,,,,,,,,e5ba6606-7bca-44f7-a831-c0d3f8933960,2433,,"[33.7, 70.1]",3920389,88,,,,,-0.11848996,,Right Foot,,,,"[67.3, 66.1]",,High Pass,33.837257,,Incomplete,,Aguibou Camara,39559.0,,,,,2,From Throw In,Moriba Kourouma Kourouma,39073.0,Right Defensive Midfield,139,Guinea,4892,"['f1e9618a-a4db-44d8-8178-afd71165710c', 'fcfb6a55-d8b9-4c6d-9089-bf444d81c2b5']",40,,,,,,,,,,,,,,,,,Guinea,4892,00:43:40.926,Pass,
,,,,,,,,,,,,,,,,,1.182594,,,,,,,,,,,fcfb6a55-d8b9-4c6d-9089-bf444d81c2b5,2435,,"[52.8, 14.0]",3920389,88,,,,,0.26320946,,Head,,,,"[69.5, 18.5]",,High Pass,17.295664,,,,André-Frank Zambo Anguissa,3141.0,,,,Recovery,2,Regular Play,Oumar Gonzalez,28444.0,Right Center Back,140,Cameroon,2722,"['e5ba6606-7bca-44f7-a831-c0d3f8933960', '4653b733-dac8-4cd3-9a47-fae45b13fa80']",42,,,,,,,,,,,,,,,,,Cameroon,2722,00:43:42.566,Pass,
,,,,,,,,,,,,,,,,,2.11057,,,,,,,,,,,066b807d-480b-4406-b994-6d03007b6f7b,2438,,"[69.5, 18.6]",3920389,88,,,,,-0.62182426,,Other,,,,"[75.5, 14.3]",,High Pass,7.3817344,,,,Georges-Kévin Nkoudou Mbida,3639.0,,,,,2,Regular Play,André-Frank Zambo Anguissa,3141.0,Left Defensive Midfield,140,Cameroon,2722,['f7dc3089-029e-45d6-86fa-ddca0bea5384'],43,,,,,,,,,,,,,,,,,Cameroon,2722,00:43:43.749,Pass,
,,,,,,,,,,,,,,,,,1.164026,,,,,,,,,,,bf3a6b7c-eea3-42be-9bd6-f52d364682c1,2442,,"[69.5, 8.8]",3920389,88,,,,,2.6609976,,Right Foot,,,,"[57.8, 14.9]",,Ground Pass,13.194695,,Incomplete,,Harold Moukoudi,7386.0,,,,,2,Regular Play,Georges-Kévin Nkoudou Mbida,3639.0,Left Midfield,140,Cameroon,2722,"['49c0ebf9-a1cc-46c3-8e1e-a363a8f58681', '2efb91ba-8f22-494e-a00e-cc9586de3798']",47,,,,,,,,,,,,,,,,,Cameroon,2722,00:43:47.435,Pass,
,,,,,,,,,,,,,,,,,1.157541,,,,,,,,,,,a021bddd-753a-4671-a8eb-8e104fefbd2c,2447,,"[68.9, 65.2]",3920389,88,,,,,1.5943214,,Right Foot,,,,"[68.7, 73.7]",,Ground Pass,8.502353,,,,Aguibou Camara,39559.0,,,,,2,Regular Play,Moriba Kourouma Kourouma,39073.0,Right Defensive Midfield,140,Cameroon,2722,['92e00f2a-32ea-482a-a701-6836259e1bf5'],51,,,,,,,,,,,,,,,,,Guinea,4892,00:43:51.795,Pass,
,,,,,,,,,,,,,,,,,0.052964,,,,,,,,,,,bb6a8389-db26-4acd-8e60-ef7423856274,2451,,"[69.2, 74.5]",3920389,88,,,,,-0.06548002,,Right Foot,,,,"[81.4, 73.7]",,Ground Pass,12.226201,,Incomplete,,José Kanté Martínez,8012.0,,,,,2,Regular Play,Aguibou Camara,39559.0,Right Midfield,140,Cameroon,2722,"['ba186469-d0b1-4095-9f7b-3ff82ffeb5b1', '2ffa9ec7-08bf-425d-a3d4-e0311b66f6ef']",53,,,,,,,,,,,,,,,,,Guinea,4892,00:43:53.679,Pass,
,,,,,,,,,,,,,,,,,0.222084,,,,,,,,,,,5dfdef40-4f14-4d92-9be5-ad9e7aba5e30,2456,,"[35.1, 3.8]",3920389,88,,,,,-0.24497867,,Left Foot,,,,"[38.7, 2.9]",,Ground Pass,3.7107952,,Incomplete,,Darlin Zidane Yongwa Ngameni,32190.0,,,,,2,Regular Play,André-Frank Zambo Anguissa,3141.0,Left Defensive Midfield,140,Cameroon,2722,"['0259d174-b721-489b-8ea0-b745ca08fd7b', 'cd9c0341-387c-4191-af3a-209dad393e3f']",54,,,,,,,,,,,,,,,,,Cameroon,2722,00:43:54.776,Pass,
,,,,,,,,,,,,,,,,,1.444338,,,,,,,,,,,6ec71e69-8e78-41ec-9251-424044de43ed,2460,,"[10.5, 6.2]",3920389,89,,True,,,1.5373516,,Right Foot,,,,"[11.4, 33.1]",,Ground Pass,26.915052,,,,Joseph Fabrice Ondoa Ebogo,24670.0,,,,,2,Regular Play,Oumar Gonzalez,28444.0,Right Center Back,141,Cameroon,2722,['5b8de65b-100f-4f6e-a968-2201d84c6c90'],2,,,,,,,,,,,,,,,,,Cameroon,2722,00:44:02.079,Pass,
,,,,,,,,,,,,,,,,,2.059226,,,,,,,,,,,502191a5-e651-4a1d-83a2-78c1ea7aead6,2463,,"[12.9, 33.1]",3920389,89,,,,,1.096746,,Right Foot,,,,"[28.6, 63.7]",,Ground Pass,34.392586,,,,Jean-Charles Castelletto,7426.0,,,,,2,Regular Play,Joseph Fabrice Ondoa Ebogo,24670.0,Goalkeeper,141,Cameroon,2722,"['d42be530-db73-4fe1-9b28-2d8e1b4efea9', '769a2919-1397-43ae-8610-c41234a9f859']",4,,,,,,,,,,,,,,,,,Cameroon,2722,00:44:04.869,Pass,True
,,,,,,,,,,,,,,,,,1.132633,,,,,,,,,,,c5485008-0a5b-4640-938f-bdb1ea6763f3,2466,,"[36.5, 64.4]",3920389,89,,,,,-0.8627344,,Right Foot,,,,"[49.0, 49.8]",,Ground Pass,19.220041,,,,Jules Olivier Ntcham,10530.0,,,,,2,Regular Play,Jean-Charles Castelletto,7426.0,Right Back,141,Cameroon,2722,['4490d2c9-946b-4e92-9e49-4d4a0cecaa4d'],8,,,,,,,,,,,,,,,,,Cameroon,2722,00:44:08.788,Pass,
,,,,,,,,,,,,,,,,,1.145474,,,,,,,,,,,d5bd1286-e784-4dd5-b39d-2692076854cc,2469,,"[56.6, 45.0]",3920389,89,,,,,-1.5361781,,Right Foot,,,,"[57.4, 21.9]",,Ground Pass,23.113848,,,,André-Frank Zambo Anguissa,3141.0,,,,,2,Regular Play,Jules Olivier Ntcham,10530.0,Right Defensive Midfield,141,Cameroon,2722,['40c302e4-76d8-4086-ae4d-1cf673ac7589'],12,,,,,,,,,,,,,,,,,Cameroon,2722,00:44:12.094,Pass,
,,,,,,,,,,,,,,,,,1.071531,,,,,,,,,,,9be2c422-f2a6-4ef8-9b7a-bb8512c05519,2472,,"[63.3, 22.7]",3920389,89,,,,,0.15264933,,Right Foot,,,,"[81.5, 25.5]",,Ground Pass,18.414125,,,,Georges-Kévin Nkoudou Mbida,3639.0,,,,,2,Regular Play,André-Frank Zambo Anguissa,3141.0,Left Defensive Midfield,141,Cameroon,2722,['9d9eeace-b0e2-4225-a9ac-cb2a2c3f77ca'],15,,,,,,,,,,,,,,,,,Cameroon,2722,00:44:15.760,Pass,
,,,,,,,,,,,,,,,,,1.601727,,,,,,,,,,,75bb6a0f-654a-45f7-87b4-1934e20dfa34,2478,,"[80.9, 23.3]",3920389,89,,,,,0.6796714,,Right Foot,,,,"[108.0, 45.2]",,High Pass,34.84279,,,,Harold Moukoudi,7386.0,,,,Free Kick,2,From Free Kick,Georges-Kévin Nkoudou Mbida,3639.0,Left Midfield,142,Cameroon,2722,['2336f5a7-8fda-4b5f-9a50-e184df2c165a'],54,,,,,,,,,,,,,,,,,Cameroon,2722,00:44:54.206,Pass,
,,,,,,,,,,,,,,,,,1.748396,,,,,,,,,,,70fd2646-96fd-45fa-9901-ba6aa3d0d943,2481,,"[108.0, 45.2]",3920389,89,,,,True,-0.3900481,,,,,,"[117.0, 41.5]",,High Pass,9.730879,,Incomplete,,Faris Pemi Moumbagna,34293.0,,,,,2,From Free Kick,Harold Moukoudi,7386.0,Left Center Back,142,Cameroon,2722,"['c0568620-4123-41cb-8005-29c219c1d509', '1af6cc6f-f553-40a2-8080-58e2506a933d', '24c7acd4-4ba8-496e-87a6-b202c1ec09c7']",55,,,,,,,,,,,,,,,,,Cameroon,2722,00:44:55.808,Pass,True
,,,,,,,,,,,,,,,,,6.667951,,,,,,,,,,,2d8bdf4a-434f-44a4-a14c-52924cbcab69,2485,,"[16.0, 37.7]",3920389,90,,,,,-0.38792333,,Drop Kick,,,,"[94.8, 5.5]",,High Pass,85.125084,,Incomplete,,José Kanté Martínez,8012.0,,,,,2,From Keeper,Ibrahim Kone,182573.0,Goalkeeper,143,Guinea,4892,"['a9fbf5f3-aed3-473a-8344-23f10dfcff25', '3d5027a5-123b-42fd-ae6b-665d0a25a78c']",13,,,,,,,,,,,,,,,,,Guinea,4892,00:45:13.441,Pass,
,,,,,,,,,,,,,,,,,1.506866,,,,,,,,,,,e998b09b-7288-4b3c-9ad8-ba1e28499fee,2489,,"[24.2, 75.0]",3920389,90,,,,,-1.5881859,,Left Foot,,,,"[24.0, 63.5]",,Ground Pass,11.501739,,,,Oumar Gonzalez,28444.0,,,,,2,Regular Play,Jean-Charles Castelletto,7426.0,Right Back,144,Cameroon,2722,['015b4cb7-608b-48aa-9311-94a844fab159'],20,,,,,,,,,,,,,,,,,Cameroon,2722,00:45:20.189,Pass,
,,,,,,,,,,,,,,,,,1.143102,,,,,,,,,,,0cf2a11a-9d65-4849-9d51-114e88590db3,2492,,"[29.6, 63.0]",3920389,90,,,,,-0.82498145,,Right Foot,,,,"[39.3, 52.5]",,Ground Pass,14.294754,,,,Jules Olivier Ntcham,10530.0,,,,,2,Regular Play,Oumar Gonzalez,28444.0,Right Center Back,144,Cameroon,2722,['d309afda-569e-4844-82c6-55aa8da5f43e'],23,,,,,,,,,,,,,,,,,Cameroon,2722,00:45:23.001,Pass,
,,,,,,,,,,,,,,,,,2.286509,,,,,,,,,,,6b16304a-b577-4587-85be-438914bfca43,2496,,"[58.6, 28.7]",3920389,90,,,,,-0.74837804,,Right Foot,,,,"[89.4, 0.1]",,High Pass,42.03094,,Out,,Darlin Zidane Yongwa Ngameni,32190.0,,,,,2,Regular Play,Jules Olivier Ntcham,10530.0,Right Defensive Midfield,144,Cameroon,2722,"['0cdcbb69-3cce-4699-9871-3240ffb44407', '832243b1-8015-429c-8b02-03c92fb69503']",28,,,,,,,,,,,,,,,,,Cameroon,2722,00:45:28.840,Pass,True
,,,,,,,,,,,,,,,,,1.613537,,,,,,,,,,,4b35cbd0-478e-471e-8932-bca7e46bc838,2498,,"[32.3, 80.0]",3920389,90,,,,,-0.4261944,,,,,,"[49.7, 72.1]",,High Pass,19.109423,,Incomplete,,José Kanté Martínez,8012.0,,,,Throw-in,2,From Throw In,Ibrahim Diakité,176683.0,Right Back,145,Guinea,4892,"['dbcc2a0d-6de1-43ea-9bb5-e34b3a2b0c5e', 'a9503e8e-3098-4e1d-ab9f-18b2959f2150']",49,,,,,,,,,,,,,,,,,Guinea,4892,00:45:49.237,Pass,
,,,,,,,,,,,,,,,,,0.567511,,,,,,,,,,,7b333f1e-e160-45a5-a281-30e372719933,2503,,"[74.7, 7.4]",3920389,90,,,,,0.1952814,,Left Foot,,,,"[83.8, 9.2]",,Ground Pass,9.276314,,,,Karl Brillant Toko Ekambi,3551.0,,,,,2,From Throw In,Darlin Zidane Yongwa Ngameni,32190.0,Left Back,145,Guinea,4892,"['1d7f96da-8502-46d9-9ed4-f6cb2ead2bf3', '7744732e-f219-4426-a9df-d83039d206cb']",52,,,,,,,,,,,,,,,,,Cameroon,2722,00:45:52.930,Pass,True
,,,,,,,,,,,,,,,,,1.118105,,,,,,,,,,,37f5ae47-e4b4-428a-a8b8-e4ae769e1d5f,2506,,"[85.3, 9.7]",3920389,90,,,,,1.9067639,,Right Foot,,,,"[80.9, 22.3]",,Ground Pass,13.346161,,Incomplete,,Faris Pemi Moumbagna,34293.0,,,,,2,From Throw In,Karl Brillant Toko Ekambi,3551.0,Right Center Forward,145,Guinea,4892,"['1c86861b-7df7-44a6-bfba-5acddc066f8c', '0c780c00-151d-49da-8d0d-6de9583c5ec0', '07e033e4-3fc4-44cc-adf8-72f0c466b3bd']",53,,,,,,,,,,,,,,,,,Cameroon,2722,00:45:53.498,Pass,True
,,,,,,,,,,,,,,,,,0.116485,,,,,,,,,,,8d4c0232-22bf-41f9-989e-aefa2deb37d6,2511,,"[39.4, 57.2]",3920389,90,,,,,0.0,,Right Foot,,,,"[43.4, 57.2]",,Ground Pass,4.0,,Incomplete,,Facinet Conte,406457.0,,,,,2,From Throw In,Mory Konaté,35285.0,Left Defensive Midfield,145,Guinea,4892,"['9f0b658c-7295-4e99-ac87-e36deff497c6', '508c7552-cfde-4673-b209-283056136bd7', 'cd96850f-e9ec-40a8-a43d-c7d6574a707b']",55,,,,,,,,,,,,,,,,,Guinea,4892,00:45:55.606,Pass,True
,,,,,,,,,,,,,,,,,0.699911,,,,,,,,,,,9780ec51-2994-412e-b9ea-53005de93245,2516,,"[82.1, 9.2]",3920389,90,,,,,0.88985527,,Right Foot,,,,"[93.2, 22.9]",,Ground Pass,17.632357,,,,Karl Brillant Toko Ekambi,3551.0,,,,,2,Regular Play,Georges-Kévin Nkoudou Mbida,3639.0,Left Midfield,146,Cameroon,2722,['a4a3a1b1-4e7b-46fe-a6a7-fac9aecaf4c7'],59,,,,,,,,,,,,,,,,,Cameroon,2722,00:45:59.608,Pass,
,,,,,,,,,,,,,,,,,0.90974,,,,,,,,,,,6ad9e6ab-be51-417c-a165-3eed7c38717b,2520,,"[111.0, 14.0]",3920389,91,,,,,1.8527951,50332cab-c1f0-453d-a042-a69a85b1bd3e,Left Foot,,,,"[107.9, 24.7]",,Ground Pass,11.1400175,,,,Georges-Kévin Nkoudou Mbida,3639.0,True,,,,2,Regular Play,Karl Brillant Toko Ekambi,3551.0,Right Center Forward,146,Cameroon,2722,['55d9e208-4092-4c6b-bf2f-c51c5c926df0'],2,,,,,,,,,,,,,,,,,Cameroon,2722,00:46:02.896,Pass,
,,,,,,,,,,,,,,,,,1.661608,,,,,,,,,,,56144686-dc3d-4dcf-810b-4b1336f5b827,2530,,"[13.0, 53.0]",3920389,91,,,,,0.8291203,,Right Foot,,,,"[28.3, 69.7]",,Ground Pass,22.649061,,,,Aguibou Camara,39559.0,,,,,2,Regular Play,Moriba Kourouma Kourouma,39073.0,Right Defensive Midfield,146,Cameroon,2722,['22db437f-c159-40ea-a66e-2d1201312bee'],7,,,,,,,,,,,,,,,,,Guinea,4892,00:46:07.107,Pass,
,,,,,,,,,,,,,,,,,2.06054,,,,,,,,,,,f40e1a9a-af55-4968-8689-a347251b4ed8,2534,,"[35.2, 71.3]",3920389,91,,,,,-0.14189705,,Right Foot,,,,"[75.8, 65.5]",,Low Pass,41.01219,,Incomplete,,Facinet Conte,406457.0,,,,,2,Regular Play,Aguibou Camara,39559.0,Right Midfield,146,Cameroon,2722,"['a299b75b-10d2-4be7-8a3f-df4a9b2ef029', '7c13ef22-f03e-4cb7-810f-db81bd11702c']",10,,,,,,,,,,,,,,,,,Guinea,4892,00:46:10.081,Pass,
,,,,,,,,,,,,,,,,,2.148722,,,,,,,,,,,1d1a9fc0-df80-4e42-8102-28f20d393759,2539,,"[39.0, 13.6]",3920389,91,,,,,2.5342302,,Right Foot,,,,"[19.0, 27.5]",,Ground Pass,24.355904,,,,Joseph Fabrice Ondoa Ebogo,24670.0,,,,,2,Regular Play,Harold Moukoudi,7386.0,Left Center Back,146,Cameroon,2722,['32c9c09d-67ee-4522-8513-8b2a37858c36'],13,,,,,,,,,,,,,,,,,Cameroon,2722,00:46:13.148,Pass,
,,,,,,,,,,,,,,,,,2.643287,,,,,,,,,,,d78901b9-31f3-465e-8cef-29c4e53c3975,2542,,"[27.1, 34.5]",3920389,91,,,,,0.8049524,,Right Foot,,,,"[64.7, 73.6]",,Ground Pass,54.24546,,,,Jean-Charles Castelletto,7426.0,,,,,2,Regular Play,Joseph Fabrice Ondoa Ebogo,24670.0,Goalkeeper,146,Cameroon,2722,['9c81a2f7-d225-4bdc-93c9-655529cb8538'],17,,,,,,,,,,,,,,,,,Cameroon,2722,00:46:17.299,Pass,
,,,,,,,,,,,,,,,,,0.974737,,,,,,,,,,,7abf93bf-fd17-4397-80f0-b5d28fbc14ae,2545,,"[75.5, 72.8]",3920389,91,,,,,0.4058888,,Left Foot,,,,"[87.6, 78.0]",,Ground Pass,13.170042,,,,Junior Tchamadeu,62627.0,,,,,2,Regular Play,Jean-Charles Castelletto,7426.0,Right Back,146,Cameroon,2722,['65b40a9f-8888-4e3a-97bb-eacbed3821e9'],22,,,,,,,,,,,,,,,,,Cameroon,2722,00:46:22.473,Pass,
,,,,,,,,,,,,,,,,,1.650329,,,,,,,,,,,5ab27588-0043-400a-b53f-e995e53f6cb1,2548,,"[75.1, 69.7]",3920389,91,,,,,-2.668077,,Right Foot,,,,"[63.0, 63.5]",,Ground Pass,13.595955,,,,Oumar Gonzalez,28444.0,,,,,2,Regular Play,Junior Tchamadeu,62627.0,Right Midfield,146,Cameroon,2722,['d301500b-fc19-4b39-81d9-1d4191f0ac7d'],27,,,,,,,,,,,,,,,,,Cameroon,2722,00:46:27.032,Pass,
,,,,,,,,,,,,,,,,,1.143483,,,,,,,,,,,f0b3206e-1de1-44ab-ad46-a6f4d94fdc9c,2551,,"[63.7, 62.5]",3920389,91,,,,,-1.3768371,,Right Foot,,,,"[68.1, 40.1]",,Ground Pass,22.828053,,,,Jules Olivier Ntcham,10530.0,,,,,2,Regular Play,Oumar Gonzalez,28444.0,Right Center Back,146,Cameroon,2722,['21573f50-a71a-4bf3-9c46-494468727109'],29,,,,,,,,,,,,,,,,,Cameroon,2722,00:46:29.746,Pass,
,,,,,,,,,,,,,,,,,1.119084,,,,,,,,,,,ee59bd8f-680a-498b-a074-0554d5e59fc1,2554,,"[71.8, 34.8]",3920389,91,,,,,-0.71599114,,Right Foot,,,,"[81.8, 26.1]",,Ground Pass,13.25481,,,,André-Frank Zambo Anguissa,3141.0,,,,,2,Regular Play,Jules Olivier Ntcham,10530.0,Right Defensive Midfield,146,Cameroon,2722,['e93db010-da08-4636-85a3-bc81eeba3bad'],32,,,,,,,,,,,,,,,,,Cameroon,2722,00:46:32.380,Pass,
,,,,,,,,,,,,,,,,,0.97996,,,,,,,,,,,804d88bb-edc8-44b3-a41b-282da40fc2ba,2557,,"[93.6, 22.4]",3920389,91,,,,,0.2392316,,Right Foot,,,,"[105.9, 25.4]",,Ground Pass,12.660568,,,,Georges-Kévin Nkoudou Mbida,3639.0,,,,,2,Regular Play,André-Frank Zambo Anguissa,3141.0,Left Defensive Midfield,146,Cameroon,2722,['d2480c0e-425b-4887-ad50-34f015a4eb37'],36,,,,,,,,,,,,,,,,,Cameroon,2722,00:46:36.070,Pass,
,,,,,,,,,,,,,,,,,3.351881,,,,,,,,,,,f0cf697a-8412-472d-ae2e-6944f6c8cafb,2566,,"[13.6, 52.8]",3920389,92,,,,,0.08780665,,Right Foot,,,,"[86.3, 59.2]",,High Pass,72.98116,,Incomplete,,José Kanté Martínez,8012.0,,,,Free Kick,2,From Free Kick,Ibrahim Kone,182573.0,Goalkeeper,147,Guinea,4892,"['f86bed41-41fb-4c83-adbb-ad2f9427fb8a', '1712c6e7-c55d-4213-b521-88cc709c8e1e']",28,,,,,,,,,,,,,,,,,Guinea,4892,00:47:28.301,Pass,
,,,,,,,,,,,,,,,,,0.649389,,,,,,,,,,,f86bed41-41fb-4c83-adbb-ad2f9427fb8a,2568,,"[33.8, 20.9]",3920389,92,,,,,-0.72989964,,Head,,,,"[39.5, 15.8]",,Low Pass,7.648529,,,,Jules Olivier Ntcham,10530.0,,,,Recovery,2,From Free Kick,Harold Moukoudi,7386.0,Left Center Back,147,Guinea,4892,"['f0cf697a-8412-472d-ae2e-6944f6c8cafb', 'e679ea8d-d37a-4618-a6d3-2cbc8b337aa7']",31,,,,,,,,,,,,,,,,,Cameroon,2722,00:47:31.653,Pass,
,,,,,,,,,,,,,,,,,1.560692,,,,,,,,,,,25da102a-ac4b-4f04-90a7-bd93b2fa2fce,2572,,"[74.8, 80.0]",3920389,92,,,,,-0.25272045,,,,,,"[93.0, 75.3]",,High Pass,18.797073,,Incomplete,,José Kanté Martínez,8012.0,,,,Throw-in,2,From Throw In,Ibrahim Diakité,176683.0,Right Back,148,Guinea,4892,"['7ad0168c-28fb-4b1e-8d52-5e180076830b', '03eba395-030e-45ed-b522-697b0b18a9a3']",54,,,,,,,,,,,,,,,,,Guinea,4892,00:47:54.020,Pass,
,,,,,,,,,,,,,,,,,2.219221,,,,,,,,,,,7256730c-452b-4d2e-95e7-bf2a371f57d3,2580,,"[86.8, 55.8]",3920389,93,,,,,-1.5500524,,Left Foot,,,,"[87.3, 31.7]",,Ground Pass,24.105186,,,,Sekou Oumar Sylla,132711.0,,,,,2,From Throw In,José Kanté Martínez,8012.0,Center Forward,148,Guinea,4892,"['dd2eb745-4fc7-4a41-b4f9-718cd0f54d06', '9c45a040-098c-4e10-9c3c-450c4c875890']",1,,,,,,,,,,,,,,,,,Guinea,4892,00:48:01.058,Pass,True
,,,,,,,,,,,,,,,,,0.803494,,,,,,,,,,,fe9d4c0e-dec7-4e51-88b9-e5409c11a0d2,2585,,"[92.7, 26.4]",3920389,93,,,,,1.8244704,2e49fe52-e238-4601-a23b-0b078c8589a2,Left Foot,,,,"[87.1, 48.0]",,Ground Pass,22.314121,,,,Moriba Kourouma Kourouma,39073.0,True,,,,2,From Throw In,Sekou Oumar Sylla,132711.0,Left Back,148,Guinea,4892,"['fc963a56-631e-4871-ad85-224e6a9de40e', 'c49b4a10-b5f4-4fc6-96cd-9b61f172018c']",7,,,,,,,,,,,,,,,,,Guinea,4892,00:48:07.887,Pass,True
,,,,,,,,,,,,,,,,,0.984688,,,,,,,,,,,b787caf6-5c31-45e5-b6ff-37d022585652,2590,,"[6.0, 44.4]",3920389,93,,True,,,0.9072406,,Right Foot,,,,"[14.6, 55.4]",,Ground Pass,13.962808,,,,Oumar Gonzalez,28444.0,,,,Goal Kick,2,From Goal Kick,Joseph Fabrice Ondoa Ebogo,24670.0,Goalkeeper,149,Cameroon,2722,['22048a65-c4a7-4fcb-adb9-261b2e6b4554'],29,,,,,,,,,,,,,,,,,Cameroon,2722,00:48:29.000,Pass,
,,,,,,,,,,,,,,,,,2.483183,,,,,,,,,,,d6c2d33c-4c7e-4376-8e14-539da07ca0e7,2592,,"[55.0, 58.5]",3920389,93,,,,,0.73459446,,Right Foot,,,,"[76.7, 78.1]",,Ground Pass,29.241238,,,,Jean-Charles Castelletto,7426.0,,,,,2,From Goal Kick,Oumar Gonzalez,28444.0,Right Center Back,149,Cameroon,2722,['e1b0186b-7b6f-4289-8858-01c9ae67619a'],32,,,,,,,,,,,,,,,,,Cameroon,2722,00:48:32.361,Pass,
,,,,,,,,,,,,,,,,,1.190657,,,,,,,,,,,1e712a81-576f-47b2-97dd-1e729d73182e,2595,,"[76.7, 78.1]",3920389,93,,,,,0.0,,Right Foot,,,,"[86.7, 78.1]",,Ground Pass,10.0,,,,Junior Tchamadeu,62627.0,,,,,2,From Goal Kick,Jean-Charles Castelletto,7426.0,Right Back,149,Cameroon,2722,['5fadb8ab-4a15-4358-898c-5f452793c76e'],34,,,,,,,,,,,,,,,,,Cameroon,2722,00:48:34.884,Pass,
,,,,,,,,,,,,,,,,,1.785412,,,,,,,,,,,f5dad234-55b2-4bc6-870f-bed27d1969ac,2599,,"[82.9, 77.0]",3920389,93,,,,,-1.6585702,,Left Foot,,,,"[81.8, 64.5]",,Ground Pass,12.548306,,,,André-Frank Zambo Anguissa,3141.0,,,,,2,From Goal Kick,Junior Tchamadeu,62627.0,Right Midfield,149,Cameroon,2722,['386ab29c-2893-4dd2-8181-910a7b4a909f'],36,,,,,,,,,,,,,,,,,Cameroon,2722,00:48:36.735,Pass,
,,,,,,,,,,,,,,,,,1.971919,,,,,,,,,,,4de49e69-6b40-45ec-bbac-a089ce7c07f8,2602,,"[81.8, 63.9]",3920389,93,,,,,-1.5816655,,Right Foot,,,,"[81.4, 27.1]",,Ground Pass,36.802174,,,,Jules Olivier Ntcham,10530.0,,,,,2,From Goal Kick,André-Frank Zambo Anguissa,3141.0,Left Defensive Midfield,149,Cameroon,2722,['735e1a3a-c09b-4aa4-955d-d47b9523d40a'],39,,,,,,,,,,,,,,,,,Cameroon,2722,00:48:39.680,Pass,
,,,,,,,,,,,,,,,,,1.55628,,,,,,,,,,,5cd597cc-ada3-453d-adbe-7a208eb009e4,2608,,"[81.5, 25.5]",3920389,94,,,,,0.5749865,,Right Foot,,,,"[111.9, 45.2]",,High Pass,36.22499,,Incomplete,,Faris Pemi Moumbagna,34293.0,,,,Free Kick,2,From Free Kick,Georges-Kévin Nkoudou Mbida,3639.0,Left Midfield,150,Cameroon,2722,"['d01db117-ac09-4a1a-9041-21e8d78c109b', '414b5b68-3b8d-4a60-a2fd-acdd8ff87d62']",30,,,,,,,,,,,,,,,,,Cameroon,2722,00:49:30.559,Pass,
,,,,,,,,,,,,,,,,,1.113207,,,,,,,,,,,0b1085d8-6b85-4ee0-96f4-81a618a8784e,2616,,"[74.5, 14.9]",3920389,94,,,,,1.9435005,,Right Foot,,,,"[69.3, 28.2]",,Ground Pass,14.280406,,,,Jules Olivier Ntcham,10530.0,,,,,2,From Free Kick,Georges-Kévin Nkoudou Mbida,3639.0,Left Midfield,150,Cameroon,2722,['71ea7960-e3fc-44bf-9833-ac8c6bdfb916'],38,,,,,,,,,,,,,,,,,Cameroon,2722,00:49:38.692,Pass,
,,,,,,,,,,,,,,,,,1.855655,,,,,,,,,,,f6b7a97f-f968-41bd-9856-d208c016da59,2619,,"[73.9, 28.7]",3920389,94,,,,,-0.7331043,,Right Foot,,,,"[93.0, 11.5]",,High Pass,25.703114,,,,Darlin Zidane Yongwa Ngameni,32190.0,,,,,2,From Free Kick,Jules Olivier Ntcham,10530.0,Right Defensive Midfield,150,Cameroon,2722,['8b2ba1b2-7a60-46d7-8c5b-82f1a6ddc86c'],41,,,,,,,,,,,,,,,,,Cameroon,2722,00:49:41.644,Pass,
,,,,,,,,,,,,,,,,,1.438155,,,,,,,,,,,1b028ddc-986e-465f-b00e-df4293dc0f54,2627,,"[101.7, 0.1]",3920389,95,,,,,2.7096348,,,,,,"[87.6, 6.6]",,Low Pass,15.526107,,,,Harold Moukoudi,7386.0,,,,Throw-in,2,From Throw In,Darlin Zidane Yongwa Ngameni,32190.0,Left Back,151,Cameroon,2722,['3f9a44b2-ae08-4b75-8fb2-a46a07e34a74'],25,,,,,,,,,,,,,,,,,Cameroon,2722,00:50:25.631,Pass,
,,,,,,,,,,,,,,,,,0.856707,,,,,,,,,,,c735f17e-0582-43d8-b47d-e58f50cf2096,2630,,"[85.2, 8.0]",3920389,95,,,,,1.9201896,,Right Foot,,,,"[80.5, 20.9]",,Ground Pass,13.72953,,,,Jules Olivier Ntcham,10530.0,,,,,2,From Throw In,Harold Moukoudi,7386.0,Left Center Back,151,Cameroon,2722,['308b7e4c-dc52-472f-b400-4368079d1469'],28,,,,,,,,,,,,,,,,,Cameroon,2722,00:50:28.516,Pass,
,,,,,,,,,,,,,,,,,1.427205,,,,,,,,,,,b9c140f5-86c3-47eb-84c7-a9163bd3fb86,2634,,"[74.7, 22.3]",3920389,95,,,,,1.5592362,,Right Foot,,,,"[75.1, 56.9]",,Ground Pass,34.60231,,,,Oumar Gonzalez,28444.0,,,,,2,From Throw In,Jules Olivier Ntcham,10530.0,Right Defensive Midfield,151,Cameroon,2722,"['3c6f73a7-d226-466f-9d8e-55d828743e4a', 'a6cb33ee-8ecd-4777-990e-aa2a09b927d6']",30,,,,,,,,,,,,,,,,,Cameroon,2722,00:50:30.717,Pass,True
,,,,,,,,,,,,,,,,,0.991769,,,,,,,,,,,d7ae66b2-37e9-4768-ba32-6a18868b36a3,2637,,"[80.7, 56.5]",3920389,95,,,,,-1.536911,,Right Foot,,,,"[81.5, 32.9]",,Ground Pass,23.613556,,,,Jules Olivier Ntcham,10530.0,,,,,2,From Throw In,Oumar Gonzalez,28444.0,Right Center Back,151,Cameroon,2722,['bf315ab6-e3d1-43bd-a8c7-44ab9f938ad9'],34,,,,,,,,,,,,,,,,,Cameroon,2722,00:50:34.912,Pass,
,,,,,,,,,,,,,,,,,1.248514,,,,,,,,,,,122fb06d-202c-4efc-b818-ec937acab315,2640,,"[83.8, 30.6]",3920389,95,,,,,-1.0569516,,Right Foot,,,,"[93.0, 14.3]",,Ground Pass,18.717104,,,,Georges-Kévin Nkoudou Mbida,3639.0,,,,,2,From Throw In,Jules Olivier Ntcham,10530.0,Right Defensive Midfield,151,Cameroon,2722,['ee3a911b-a96e-4375-a501-d7558e0eb639'],37,,,,,,,,,,,,,,,,,Cameroon,2722,00:50:37.318,Pass,
,,,,,,,,,,,,,,,,,1.242016,,,,,,,,,,,a10de01e-fdd2-46a5-b77d-e1d7bf5db4af,2644,,"[93.4, 14.3]",3920389,95,,,,,1.0935673,,Right Foot,True,,,"[105.5, 37.7]",,High Pass,26.34331,,,,André-Frank Zambo Anguissa,3141.0,,,,,2,From Throw In,Georges-Kévin Nkoudou Mbida,3639.0,Left Midfield,151,Cameroon,2722,"['6f4cc3ff-c4c0-4289-b6e6-1305612923c6', '3c60dd54-1364-4dcb-8a15-64cda7a6734f']",39,,,,,,,,,,,,,,,,,Cameroon,2722,00:50:39.166,Pass,True
,,,,,,,,,,,,,,,,,1.243967,,,,,,,,,,,860aeba4-4c80-4085-80ba-cf8966e12b17,2647,,"[105.5, 37.7]",3920389,95,,,,True,0.31127974,,,,,,"[117.0, 41.4]",,High Pass,12.080563,,Incomplete,,Faris Pemi Moumbagna,34293.0,,,,,2,From Throw In,André-Frank Zambo Anguissa,3141.0,Left Defensive Midfield,151,Cameroon,2722,"['d4dacc96-61c4-4c3d-b248-51b9b0078ad9', 'cb18d8ee-9cee-4ca3-b60c-c944fce3b889', 'f18d74e8-5614-46d9-80bf-c060ac20c894']",40,,,,,,,,,,,,,,,,,Cameroon,2722,00:50:40.408,Pass,True
,,,,,,,,,,,,,,,,,0.419113,,,,,,,,,,,ec991e34-fcb6-4ac7-ae59-210546bae3ad,2653,,"[39.4, 6.3]",3920389,95,,,,,-0.06241881,,Left Foot,,,,"[55.4, 5.3]",,Low Pass,16.03122,,Incomplete,,Facinet Conte,406457.0,,,,,2,From Throw In,Issiaga Sylla,4352.0,Left Defensive Midfield,151,Cameroon,2722,"['06c4821a-5034-43ac-8523-0254bc4a772a', '785468b8-907b-4028-aa6e-a040f7073a3b']",48,,,,,,,,,,,,,,,,,Guinea,4892,00:50:48.374,Pass,
,,,,,,,,,,,,,,,,,1.799948,,,,,,,,,,,82485658-8f19-4a17-98e1-a4e1dd44a766,2656,,"[68.7, 0.1]",3920389,96,,,,,0.14341298,,,,,,"[96.4, 4.1]",,High Pass,27.987318,,Incomplete,,Facinet Conte,406457.0,,,,Throw-in,2,From Throw In,Issiaga Sylla,4352.0,Left Defensive Midfield,152,Guinea,4892,"['01fcdc47-2ac3-4b06-aecd-686875d79325', '84562890-4d3c-452e-a8bc-a0425a26960c']",19,,,,,,,,,,,,,,,,,Guinea,4892,00:51:19.687,Pass,
,,,,,,,,,,,,,,,,,1.005059,,,,,,,,,,,1ca31c82-340c-496e-ae0b-04bbbda8c748,2663,,"[44.9, 80.0]",3920389,96,,,,,-2.75571,,,,,,"[38.5, 77.4]",,Low Pass,6.9079666,,Unknown,,Jean-Charles Castelletto,7426.0,,,,Throw-in,2,From Throw In,André-Frank Zambo Anguissa,3141.0,Left Defensive Midfield,153,Cameroon,2722,,31,,,,,,,,,,,,,,,,,Cameroon,2722,00:51:31.823,Pass,
,,,,,,,,,,,,,,,,,,,,,,,,,,,,ddc1639f-4523-4b8f-8ce6-84b7ce15f280,6,,"[49.1, 34.5]",3920389,0,,,,,,,,,,,,,,,,,,,,,,,,1,From Kick Off,Olivier Michel Kemen,7355.0,Center Defensive Midfield,2,Cameroon,2722,['1c67f58f-693f-43d1-aacc-8fe90c282991'],1,,,,,,,,,,,,,,,,,Cameroon,2722,00:00:01.251,Ball Receipt*,
,,,,,,,,,,,,,,,,,,,,,,,,,,,,92057807-8c46-47c8-ac57-bdd43239ad56,9,,"[39.3, 8.6]",3920389,0,,,,,,,,,,,,,,,,,,,,,,,,1,From Kick Off,Darlin Zidane Yongwa Ngameni,32190.0,Left Back,2,Cameroon,2722,['4ca27709-d3b2-4314-82a1-f00a1d74d29e'],3,,,,,,,,,,,,,,,,,Cameroon,2722,00:00:03.815,Ball Receipt*,
,,,,,,,,,,,,,,,,,,,,,,,,,,,,a849ae35-8d83-4e04-8150-ca90251a1bfb,12,,"[29.0, 17.8]",3920389,0,,,,,,,,,,,,,,,,,,,,,,,,1,From Kick Off,Harold Moukoudi,7386.0,Left Center Back,2,Cameroon,2722,['f4ae6a3f-31cc-49db-ba84-b36965b9d7fc'],6,,,,,,,,,,,,,,,,,Cameroon,2722,00:00:06.834,Ball Receipt*,
,,,,,,,,,,,,,,,,,,,,,,,,,,,,f6aedeea-7f22-41c8-a5b9-946ad9006dcc,15,,"[31.2, 53.3]",3920389,0,,,,,,,,,,,,,,,,,,,,,,,,1,From Kick Off,Christopher Wooh,74588.0,Right Center Back,2,Cameroon,2722,['68a17643-d11a-4bfe-997d-f48b800a55fa'],9,,,,,,,,,,,,,,,,,Cameroon,2722,00:00:09.462,Ball Receipt*,
,,,,,,,,,,,,,,,,,,,,,,,,,,,,9d6bdf3d-128d-4f12-a91f-1248745e1cc1,18,,"[38.8, 29.9]",3920389,0,,,,,,,,,,,,,,,,,,,,,,,,1,From Kick Off,Harold Moukoudi,7386.0,Left Center Back,2,Cameroon,2722,['f4ddd6f2-cf5d-46f9-99ab-1771c6ec6ed9'],13,,,,,,,,,,,,,,,,,Cameroon,2722,00:00:13.417,Ball Receipt*,
,,,,,,,,,,,,,,,,,,,,,,,,,,,,db570c27-73e9-417e-8ba9-472f7dcb830b,21,,"[42.0, 57.7]",3920389,0,,,,,,,,,,,,,,,,,,,,,,,,1,From Kick Off,Christopher Wooh,74588.0,Right Center Back,2,Cameroon,2722,['b81a414b-7927-4bc7-b061-feb0ec8d588a'],18,,,,,,,,,,,,,,,,,Cameroon,2722,00:00:18.862,Ball Receipt*,
,,,,,,,,,,,,,,,,,,,,,,,,,,,,55279247-a4c6-40a4-9e56-cf9e9cc8acf2,24,,"[52.7, 72.8]",3920389,0,,,,,,,,,,,,,,,,,,,,,,,,1,From Kick Off,Jean-Charles Castelletto,7426.0,Right Back,2,Cameroon,2722,['b41f526e-dddc-4efe-ab60-3d0a61c4282c'],21,,,,,,,,,,,,,,,,,Cameroon,2722,00:00:21.133,Ball Receipt*,
,,,,,,,,,,,,,,,,,,,,,,,,,,,,1490ed3d-46db-482f-b8c1-456503ffa1c8,27,,"[36.2, 63.5]",3920389,0,,,,,,,,,,,,,,,,,,,,,,,,1,From Kick Off,Christopher Wooh,74588.0,Right Center Back,2,Cameroon,2722,['07d4fcf4-b91f-48f6-94ef-3bf45e745cf9'],23,,,,,,,,,,,,,,,,,Cameroon,2722,00:00:23.945,Ball Receipt*,
,,,,,,,,,,,,,,,,,,,,,,,,,,,,a67ebfb5-c6c9-4804-88e0-cb4c60630042,30,,"[45.4, 25.8]",3920389,0,,,,,,,,,,,,,,,,,,,,,,,,1,From Kick Off,Harold Moukoudi,7386.0,Left Center Back,2,Cameroon,2722,['8e7bd8d3-1cbd-477f-9e72-93fa0b99fd37'],27,,,,,,,,,,,,,,,,,Cameroon,2722,00:00:27.243,Ball Receipt*,
,,,,,,,,,,,,,,,,,,,,,,,,,,,,bb3ef85a-e870-4e25-a6f7-81c9b2935f11,33,,"[63.1, 3.2]",3920389,0,,,,,,,,,,,,,,,,,,,,,,,,1,From Kick Off,Georges-Kévin Nkoudou Mbida,3639.0,Left Wing,2,Cameroon,2722,['e8891d38-e62a-4759-b157-62a9f28fbf99'],29,,,,,,,,,,,,,,,,,Cameroon,2722,00:00:29.767,Ball Receipt*,
,,,,,,,,,,,,,,,,,,,,,,,,,,,,534135e6-5ba8-478c-97d1-79487150facc,37,,"[44.7, 13.5]",3920389,0,,,,,,,,,,,,,,,,,,,,,,,,1,From Kick Off,Harold Moukoudi,7386.0,Left Center Back,2,Cameroon,2722,['19a7f2d2-5798-440c-9b2a-f3ec65cf8c09'],34,,,,,,,,,,,,,,,,,Cameroon,2722,00:00:34.781,Ball Receipt*,
,,,,,,,,,,,,,,,,,,,,,,,,,,,,65c097ec-eac6-41ae-8472-dc39887a6d7d,40,,"[43.5, 51.2]",3920389,0,,,,,,,,,,,,,,,,,,,,,,,,1,From Kick Off,Christopher Wooh,74588.0,Right Center Back,2,Cameroon,2722,['fe715752-7873-4f6a-8cc4-caf38b8d34a4'],38,,,,,,,,,,,,,,,,,Cameroon,2722,00:00:38.147,Ball Receipt*,
,,,,,,,,,,,,,,,,,,,,,,,,,,,,b11c6154-1765-409b-a5db-e880d6c20b41,43,,"[44.4, 27.0]",3920389,0,,,,,,,,,,,,,,,,,,,,,,,,1,From Kick Off,Harold Moukoudi,7386.0,Left Center Back,2,Cameroon,2722,['8182ab6f-0f6c-440f-a671-09453a76c6bc'],41,,,,,,,,,,,,,,,,,Cameroon,2722,00:00:41.971,Ball Receipt*,
,,,,,,,,,,,,,,,,,,,,,,,,,,,,fac1329b-4ecd-4777-9cbc-ab9f1bf17f35,47,,"[52.9, 2.3]",3920389,0,,,,,,,,,,,,,,,,,,,,,,,,1,From Kick Off,Darlin Zidane Yongwa Ngameni,32190.0,Left Back,2,Cameroon,2722,['c0203d17-b963-4053-8103-95950b211eef'],43,,,,,,,,,,,,,,,,,Cameroon,2722,00:00:43.937,Ball Receipt*,
,Incomplete,,,,,,,,,,,,,,,,,,,,,,,,,,,b596a6b4-9178-465d-9e02-0a8a0a985b5d,51,,"[114.1, 10.3]",3920389,0,,,,,,,,,,,,,,,,,,,,,,,,1,From Kick Off,André-Frank Zambo Anguissa,3141.0,Left Center Midfield,2,Cameroon,2722,['26ebd2e1-7575-450e-a6c3-9d6c155075b5'],49,,,,,,,,,,,,,,,,,Cameroon,2722,00:00:49.515,Ball Receipt*,
,Incomplete,,,,,,,,,,,,,,,,,,,,,,,,,,,c87f97b8-d9a6-4cf6-8112-7540351defdb,57,,"[64.7, 74.7]",3920389,1,,,,,,,,,,,,,,,,,,,,,,,,1,From Goal Kick,Morgan Guilavogui,47351.0,Right Wing,4,Guinea,4892,['119f77e5-a314-4bd2-99a5-c9aca4bfa52a'],29,,,,,,,,,,,,,,,,,Guinea,4892,00:01:29.159,Ball Receipt*,
,Incomplete,,,,,,,,,,,,,,,,,,,,,,,,,,,ffa7b37e-0594-4748-97ad-4c096003b8c0,59,,"[71.6, 4.4]",3920389,1,,,,,,,,,,,,,,,,,,,,,,,,1,From Throw In,Karl Brillant Toko Ekambi,3551.0,Center Forward,5,Cameroon,2722,['c523286b-91b2-452f-aee8-391325f13161'],38,,,,,,,,,,,,,,,,,Cameroon,2722,00:01:38.287,Ball Receipt*,
,,,,,,,,,,,,,,,,,,,,,,,,,,,,241875d4-054b-4407-ad67-d9a665074ad1,61,,"[67.4, 77.5]",3920389,1,,,,,,,,,,,,,,,,,,,,,,,,1,Regular Play,Morgan Guilavogui,47351.0,Right Wing,6,Guinea,4892,['096bd521-5be0-44ae-90d2-f8169c0831b9'],40,,,,,,,,,,,,,,,,,Guinea,4892,00:01:40.161,Ball Receipt*,
,Incomplete,,,,,,,,,,,,,,,,,,,,,,,,,,,552c4dd9-81ab-4c90-b5f7-30f6d8bb7aa7,64,,"[76.0, 73.9]",3920389,1,,,,,,,,,,,,,,,,,,,,,,,,1,Regular Play,Aguibou Camara,39559.0,Center Attacking Midfield,6,Guinea,4892,['cf5753ed-3f10-4fdb-bebf-b57951cfc968'],41,,,,,,,,,,,,,,,,,Guinea,4892,00:01:41.747,Ball Receipt*,
,Incomplete,,,,,,,,,,,,,,,,,,,,,,,,,,,92c1d4a2-8969-4286-bb0b-b41fdef2bfcc,66,,"[63.0, 3.3]",3920389,1,,,,,,,,,,,,,,,,,,,,,,,,1,Regular Play,Karl Brillant Toko Ekambi,3551.0,Center Forward,6,Guinea,4892,['d7f20c1e-157b-47d2-8d84-493c1f6aadf7'],42,,,,,,,,,,,,,,,,,Cameroon,2722,00:01:42.832,Ball Receipt*,
,,,,,,,,,,,,,,,,,,,,,,,,,,,,17c58d9a-e1c2-4d47-8b18-dec8853cf5a5,68,,"[81.7, 73.5]",3920389,1,,,,,,,,,,,,,,,,,,,,,,,,1,From Throw In,Aguibou Camara,39559.0,Center Attacking Midfield,7,Guinea,4892,['e5637886-9b18-4e1a-92fe-af10a55c3853'],58,,,,,,,,,,,,,,,,,Guinea,4892,00:01:58.784,Ball Receipt*,
,Incomplete,,,,,,,,,,,,,,,,,,,,,,,,,,,08f4f212-c9b3-4ec4-b02f-69bec1605f39,71,,"[90.0, 70.2]",3920389,2,,,,,,,,,,,,,,,,,,,,,,,,1,From Throw In,Mohamed Bayo,8454.0,Center Forward,7,Guinea,4892,['eb5a7383-4508-4ece-8f84-3410fca9e2bd'],1,,,,,,,,,,,,,,,,,Guinea,4892,00:02:01.314,Ball Receipt*,
,,,,,,,,,,,,,,,,,,,,,,,,,,,,34232dd2-9243-4e70-b015-abf6a58f057b,78,,"[82.7, 68.7]",3920389,2,,,,,,,,,,,,,,,,,,,,,,,,1,From Throw In,Moriba Kourouma Kourouma,39073.0,Left Defensive Midfield,7,Guinea,4892,['69083c6b-bae5-4bd9-88ad-e2497d528e0b'],2,,,,,,,,,,,,,,,,,Guinea,4892,00:02:02.994,Ball Receipt*,
,,,,,,,,,,,,,,,,,,,,,,,,,,,,4c48bd11-9711-4b2a-a147-24ae3a53c8cb,84,,"[89.7, 70.8]",3920389,2,,,,,,,,,,,,,,,,,,,,,,,,1,From Throw In,Aguibou Camara,39559.0,Center Attacking Midfield,7,Guinea,4892,['df0ec6ca-2e02-4102-9707-930680cf4984'],7,,,,,,,,,,,,,,,,,Guinea,4892,00:02:07.533,Ball Receipt*,
,,,,,,,,,,,,,,,,,,,,,,,,,,,,c200961e-59e0-4a71-bfe1-b6d4dc04a8af,93,,"[43.8, 12.4]",3920389,2,,,,,,,,,,,,,,,,,,,,,,,,1,From Throw In,Karl Brillant Toko Ekambi,3551.0,Center Forward,7,Guinea,4892,['828f5def-76ee-4d04-bac7-81dc451654f6'],14,,,,,,,,,,,,,,,,,Cameroon,2722,00:02:14.969,Ball Receipt*,
,Incomplete,,,,,,,,,,,,,,,,,,,,,,,,,,,55140042-6ad4-464f-9f5d-2903648483eb,95,,"[40.3, 5.4]",3920389,2,,,,,,,,,,,,,,,,,,,,,,,,1,From Throw In,Georges-Kévin Nkoudou Mbida,3639.0,Left Wing,7,Guinea,4892,['60df6ab0-21e5-48d0-9b43-7ba496da6a00'],16,,,,,,,,,,,,,,,,,Cameroon,2722,00:02:16.235,Ball Receipt*,
,Incomplete,,,,,,,,,,,,,,,,,,,,,,,,,,,d9bb47d6-8dd6-497d-964c-46155bd3ca16,97,,"[78.7, 68.6]",3920389,2,,,,,,,,,,,,,,,,,,,,,,,,1,From Throw In,Mory Konaté,35285.0,Right Defensive Midfield,8,Guinea,4892,['233faf50-b3c9-427e-9ace-e379195697c8'],25,,,,,,,,,,,,,,,,,Guinea,4892,00:02:25.034,Ball Receipt*,
,,,,,,,,,,,,,,,,,,,,,,,,,,,,59078a14-6003-4d08-8a42-42d7ffec3224,100,,"[83.3, 72.9]",3920389,2,,,,,,,,,,,,,,,,,,,,,,,,1,From Throw In,Mohamed Bayo,8454.0,Center Forward,9,Guinea,4892,['18a192ef-d3da-48a3-a860-d673346dac28'],32,,,,,,,,,,,,,,,,,Guinea,4892,00:02:32.175,Ball Receipt*,
,,,,,,,,,,,,,,,,,,,,,,,,,,,,56834801-bbb0-46ca-bc94-5ca679e0c537,102,,"[83.5, 78.0]",3920389,2,,,,,,,,,,,,,,,,,,,,,,,,1,From Throw In,Morgan Guilavogui,47351.0,Right Wing,9,Guinea,4892,['aae60c78-ce3b-4f7e-909d-bd02d26d6f6c'],33,,,,,,,,,,,,,,,,,Guinea,4892,00:02:33.072,Ball Receipt*,
,,,,,,,,,,,,,,,,,,,,,,,,,,,,61074e40-a63e-438e-8b20-c677fdb443c6,104,,"[62.9, 46.5]",3920389,2,,,,,,,,,,,,,,,,,,,,,,,,1,From Throw In,Julian Jeanvier,7360.0,Left Center Back,9,Guinea,4892,['1337bb12-c9ac-4952-bc7e-14b3bcb97fcc'],36,,,,,,,,,,,,,,,,,Guinea,4892,00:02:36.004,Ball Receipt*,
,,,,,,,,,,,,,,,,,,,,,,,,,,,,637b0221-9584-45d4-8872-3aefca80b76c,106,,"[52.3, 31.2]",3920389,2,,,,,,,,,,,,,,,,,,,,,,,,1,From Throw In,Sekou Oumar Sylla,132711.0,Left Back,9,Guinea,4892,['7b2a75e7-e17d-482e-aeec-0db1e76b9504'],37,,,,,,,,,,,,,,,,,Guinea,4892,00:02:37.344,Ball Receipt*,
,,,,,,,,,,,,,,,,,,,,,,,,,,,,b4a9c1f3-59f4-4232-a988-e34703ceb61f,109,,"[16.0, 39.7]",3920389,2,,,,,,,,,,,,,,,,,,,,,,,,1,From Throw In,Ibrahim Kone,182573.0,Goalkeeper,9,Guinea,4892,['1367c9aa-e00a-40af-86b6-8f138ea5b487'],41,,,,,,,,,,,,,,,,,Guinea,4892,00:02:41.757,Ball Receipt*,
,Incomplete,,,,,,,,,,,,,,,,,,,,,,,,,,,5df6e15b-9f6e-4cf9-8ba6-4388462bac1a,113,,"[94.1, 33.6]",3920389,2,,,,,,,,,,,,,,,,,,,,,,,,1,From Throw In,François Kamano,3405.0,Left Wing,9,Guinea,4892,['6168f007-456e-48bd-ba3e-89e40332f704'],47,,,,,,,,,,,,,,,,,Guinea,4892,00:02:47.551,Ball Receipt*,
,Incomplete,,,,,,,,,,,,,,,,,,,,,,,,,,,d2935d40-cd8a-4114-a9ec-09be1b3bd476,118,,"[36.9, 76.8]",3920389,2,,,,,,,,,,,,,,,,,,,,,,,,1,From Throw In,Frank Magri,189348.0,Right Wing,9,Guinea,4892,['169d47cf-5ba6-4b22-aa16-917fcbe994f8'],50,,,,,,,,,,,,,,,,,Cameroon,2722,00:02:50.791,Ball Receipt*,
,,,,,,,,,,,,,,,,,,,,,,,,,,,,99a030dd-3646-42fb-bde4-1908c1ecf2f8,120,,"[106.5, 6.0]",3920389,3,,,,,,,,,,,,,,,,,,,,,,,,1,From Throw In,Moriba Kourouma Kourouma,39073.0,Left Defensive Midfield,10,Guinea,4892,['b1fc0e63-6fe3-428a-8d7b-30300b8ab557'],7,,,,,,,,,,,,,,,,,Guinea,4892,00:03:07.635,Ball Receipt*,
,Incomplete,,,,,,,,,,,,,,,,,,,,,,,,,,,66a09386-3c42-481a-b300-977c6ebf8800,124,,"[113.5, 3.3]",3920389,3,,,,,,,,,,,,,,,,,,,,,,,,1,From Throw In,Sekou Oumar Sylla,132711.0,Left Back,10,Guinea,4892,"['aba78aa8-aca1-4bfb-8bd1-1d652dd733ed', 'd0f3b1fd-381a-4685-b1af-61dc71c5f362']",9,,,,,,,,,,,,,,,,,Guinea,4892,00:03:09.071,Ball Receipt*,True
,,,,,,,,,,,,,,,,,,,,,,,,,,,,aaf5ac5e-51f8-4de7-818d-5836af4f08dc,127,,"[103.3, 6.6]",3920389,3,,,,,,,,,,,,,,,,,,,,,,,,1,From Throw In,Moriba Kourouma Kourouma,39073.0,Left Defensive Midfield,11,Guinea,4892,['7a96895f-6d11-4b68-9e1c-0570ab8bf814'],19,,,,,,,,,,,,,,,,,Guinea,4892,00:03:19.778,Ball Receipt*,
,,,,,,,,,,,,,,,,,,,,,,,,,,,,2e438ee5-8bdc-4706-8faa-a3db03824ae2,131,,"[111.5, 5.5]",3920389,3,,,,,,,,,,,,,,,,,,,,,,,,1,From Throw In,Sekou Oumar Sylla,132711.0,Left Back,11,Guinea,4892,['c2fd03ea-cfc8-48e4-9053-33e8e422a10d'],22,,,,,,,,,,,,,,,,,Guinea,4892,00:03:22.064,Ball Receipt*,
,Incomplete,,,,,,,,,,,,,,,,,,,,,,,,,,,ba8dbf58-033d-4efc-bbc6-3b7549734384,134,,"[110.4, 36.0]",3920389,3,,,,,,,,,,,,,,,,,,,,,,,,1,From Throw In,Mohamed Bayo,8454.0,Center Forward,11,Guinea,4892,['477bab79-0707-4027-a6fc-0e9282bfa095'],23,,,,,,,,,,,,,,,,,Guinea,4892,00:03:23.048,Ball Receipt*,
,,,,,,,,,,,,,,,,,,,,,,,,,,,,9a8aef57-3e41-474f-9412-aae79bf9e239,139,,"[28.3, 73.5]",3920389,3,,,,,,,,,,,,,,,,,,,,,,,,1,From Free Kick,Jean-Charles Castelletto,7426.0,Right Back,12,Cameroon,2722,['934a8610-9b52-4866-8550-7ec966b9f4ad'],50,,,,,,,,,,,,,,,,,Cameroon,2722,00:03:50.330,Ball Receipt*,
,,,,,,,,,,,,,,,,,,,,,,,,,,,,de0b3a1e-b433-4f55-a88c-3596218cdef3,141,,"[25.3, 61.0]",3920389,3,,,,,,,,,,,,,,,,,,,,,,,,1,From Free Kick,Christopher Wooh,74588.0,Right Center Back,12,Cameroon,2722,['5571562d-caf6-43cc-b54a-945186b1323a'],54,,,,,,,,,,,,,,,,,Cameroon,2722,00:03:54.195,Ball Receipt*,
,,,,,,,,,,,,,,,,,,,,,,,,,,,,27c15888-2969-477e-89a9-097be01d7d94,144,,"[27.3, 30.4]",3920389,3,,,,,,,,,,,,,,,,,,,,,,,,1,From Free Kick,Harold Moukoudi,7386.0,Left Center Back,12,Cameroon,2722,['b9ced398-683b-4b55-866d-30fb2629ed80'],56,,,,,,,,,,,,,,,,,Cameroon,2722,00:03:56.535,Ball Receipt*,
,,,,,,,,,,,,,,,,,,,,,,,,,,,,404b2515-bb8a-4f53-bb30-4264fb1dd277,147,,"[39.9, 8.5]",3920389,3,,,,,,,,,,,,,,,,,,,,,,,,1,From Free Kick,Darlin Zidane Yongwa Ngameni,32190.0,Left Back,12,Cameroon,2722,['d12f6696-66fc-4038-8e6a-fe72d43d3972'],58,,,,,,,,,,,,,,,,,Cameroon,2722,00:03:58.958,Ball Receipt*,
,,,,,,,,,,,,,,,,,,,,,,,,,,,,95eb2e63-4254-461d-9ac0-7fff96622b7d,151,,"[13.8, 20.4]",3920389,4,,,,,,,,,,,,,,,,,,,,,,,,1,From Free Kick,Harold Moukoudi,7386.0,Left Center Back,12,Cameroon,2722,['daf79a89-53d5-4968-a66b-3e9b9a6ea45a'],3,,,,,,,,,,,,,,,,,Cameroon,2722,00:04:03.061,Ball Receipt*,
,,,,,,,,,,,,,,,,,,,,,,,,,,,,9f4cde09-2c8d-4929-aca5-db030b87f529,154,,"[6.2, 38.0]",3920389,4,,,,,,,,,,,,,,,,,,,,,,,,1,From Free Kick,Joseph Fabrice Ondoa Ebogo,24670.0,Goalkeeper,12,Cameroon,2722,['ecc1103e-68d7-4151-9040-93bfbcc19ef3'],5,,,,,,,,,,,,,,,,,Cameroon,2722,00:04:05.295,Ball Receipt*,
,,,,,,,,,,,,,,,,,,,,,,,,,,,,0a767f14-24fa-4ada-bd84-6f88acc12aa3,157,,"[12.6, 16.4]",3920389,4,,,,,,,,,,,,,,,,,,,,,,,,1,From Free Kick,Harold Moukoudi,7386.0,Left Center Back,12,Cameroon,2722,['554ffa2a-28de-4d98-b83c-9ae17179ae17'],13,,,,,,,,,,,,,,,,,Cameroon,2722,00:04:13.824,Ball Receipt*,
,,,,,,,,,,,,,,,,,,,,,,,,,,,,73439fea-51db-4d7e-8a1d-a09bf7a42cdd,160,,"[52.7, 7.0]",3920389,4,,,,,,,,,,,,,,,,,,,,,,,,1,From Free Kick,Georges-Kévin Nkoudou Mbida,3639.0,Left Wing,12,Cameroon,2722,['e0f592d5-707d-4eff-b620-8b2f8072f796'],19,,,,,,,,,,,,,,,,,Cameroon,2722,00:04:19.421,Ball Receipt*,
,,,,,,,,,,,,,,,,,,,,,,,,,,,,3a68c054-7736-4241-a19e-ebceb41564dd,166,,"[36.9, 20.1]",3920389,4,,,,,,,,,,,,,,,,,,,,,,,,1,From Free Kick,Harold Moukoudi,7386.0,Left Center Back,13,Cameroon,2722,['a7e0cef2-befe-4039-bc89-1e0ed739952a'],43,,,,,,,,,,,,,,,,,Cameroon,2722,00:04:43.789,Ball Receipt*,
,,,,,,,,,,,,,,,,,,,,,,,,,,,,735e095e-f770-478e-8020-ee9cab0a8929,168,,"[41.3, 68.3]",3920389,4,,,,,,,,,,,,,,,,,,,,,,,,1,From Free Kick,Christopher Wooh,74588.0,Right Center Back,13,Cameroon,2722,['625c510e-ab6c-4098-8cb5-12321602184b'],46,,,,,,,,,,,,,,,,,Cameroon,2722,00:04:46.028,Ball Receipt*,
,,,,,,,,,,,,,,,,,,,,,,,,,,,,870ffbbd-9fd9-4b11-86e6-693e579bab2c,171,,"[42.8, 57.3]",3920389,4,,,,,,,,,,,,,,,,,,,,,,,,1,From Free Kick,Olivier Michel Kemen,7355.0,Center Defensive Midfield,13,Cameroon,2722,['4be9dbf1-a28b-4638-bd5a-6f240e6894ed'],50,,,,,,,,,,,,,,,,,Cameroon,2722,00:04:50.201,Ball Receipt*,
,,,,,,,,,,,,,,,,,,,,,,,,,,,,230a0244-4c1f-420b-90e7-8180041bd298,174,,"[50.9, 10.2]",3920389,4,,,,,,,,,,,,,,,,,,,,,,,,1,From Free Kick,Darlin Zidane Yongwa Ngameni,32190.0,Left Back,13,Cameroon,2722,['bbbb29c3-5b35-43bd-8457-3b1231066155'],53,,,,,,,,,,,,,,,,,Cameroon,2722,00:04:53.833,Ball Receipt*,
,,,,,,,,,,,,,,,,,,,,,,,,,,,,6200fe07-7a40-4c2b-a9f6-db8d503407f6,177,,"[69.4, 1.0]",3920389,4,,,,,,,,,,,,,,,,,,,,,,,,1,From Free Kick,Georges-Kévin Nkoudou Mbida,3639.0,Left Wing,13,Cameroon,2722,['1100d7be-318d-46ce-a0d1-bb5d25bf617b'],56,,,,,,,,,,,,,,,,,Cameroon,2722,00:04:56.502,Ball Receipt*,
,,,,,,,,,,,,,,,,,,,,,,,,,,,,693bbd09-0aab-4d1d-9173-29b943ca0039,181,,"[64.4, 69.9]",3920389,5,,,,,,,,,,,,,,,,,,,,,,,,1,From Throw In,Moriba Kourouma Kourouma,39073.0,Left Defensive Midfield,14,Guinea,4892,['85b46654-5c6b-4ef9-b78e-d04eb3f6b7a0'],5,,,,,,,,,,,,,,,,,Guinea,4892,00:05:05.822,Ball Receipt*,
,Incomplete,,,,,,,,,,,,,,,,,,,,,,,,,,,e3d22994-a4cd-4e80-84fd-cb73f5655e43,183,,"[101.3, 78.3]",3920389,5,,,,,,,,,,,,,,,,,,,,,,,,1,From Throw In,Mohamed Bayo,8454.0,Center Forward,14,Guinea,4892,['17d3da4b-787c-4689-a020-f0d02af174ef'],10,,,,,,,,,,,,,,,,,Guinea,4892,00:05:10.055,Ball Receipt*,
,,,,,,,,,,,,,,,,,,,,,,,,,,,,95fd0326-2491-4114-aa6d-8eabea82a77b,185,,"[16.1, 3.6]",3920389,5,,,,,,,,,,,,,,,,,,,,,,,,1,From Throw In,Georges-Kévin Nkoudou Mbida,3639.0,Left Wing,15,Cameroon,2722,['f38afab1-4d02-48fc-9dca-fbc3ab109f34'],25,,,,,,,,,,,,,,,,,Cameroon,2722,00:05:25.580,Ball Receipt*,
,Incomplete,,,,,,,,,,,,,,,,,,,,,,,,,,,f22c9304-8e7f-483b-879c-7c2680aec95a,188,,"[10.1, 2.1]",3920389,5,,,,,,,,,,,,,,,,,,,,,,,,1,From Throw In,Darlin Zidane Yongwa Ngameni,32190.0,Left Back,15,Cameroon,2722,['2bcbb533-9291-442d-b14a-27cfce113b95'],27,,,,,,,,,,,,,,,,,Cameroon,2722,00:05:27.242,Ball Receipt*,
,,,,,,,,,,,,,,,,,,,,,,,,,,,,15aab0a0-1d42-40fa-85b8-187dac80f921,192,,"[109.0, 43.8]",3920389,6,,,,,,,,,,,,,,,,,,,,,,,,1,From Free Kick,Mouctar Diakhaby,4267.0,Right Center Back,16,Guinea,4892,['eb3d874d-0b24-4d65-b193-b7fa730f4820'],44,,,,,,,,,,,,,,,,,Guinea,4892,00:06:44.490,Ball Receipt*,
,,,,,,,,,,,,,,,,,,,,,,,,,,,,292babed-9b51-407e-9ccb-d826656f6ca8,197,,"[6.4, 12.1]",3920389,7,,,,,,,,,,,,,,,,,,,,,,,,1,From Goal Kick,Harold Moukoudi,7386.0,Left Center Back,17,Cameroon,2722,['0f6eadb0-7205-4ae0-acae-6e61340d88ef'],9,,,,,,,,,,,,,,,,,Cameroon,2722,00:07:09.159,Ball Receipt*,
,,,,,,,,,,,,,,,,,,,,,,,,,,,,e716603c-753e-4b57-892d-ef2f0dc2e0ca,199,,"[50.3, 21.1]",3920389,7,,,,,,,,,,,,,,,,,,,,,,,,1,From Goal Kick,Georges-Kévin Nkoudou Mbida,3639.0,Left Wing,17,Cameroon,2722,['8d23f703-41db-4bcf-af13-c8bd01a75d4e'],11,,,,,,,,,,,,,,,,,Cameroon,2722,00:07:11.954,Ball Receipt*,
,,,,,,,,,,,,,,,,,,,,,,,,,,,,2079fc22-234f-4bfe-a4d0-e04909b994f0,201,,"[50.7, 29.7]",3920389,7,,,,,,,,,,,,,,,,,,,,,,,,1,From Goal Kick,Jules Olivier Ntcham,10530.0,Right Center Midfield,17,Cameroon,2722,['a8f05b97-921f-4f2f-8fd7-70efd1b134e0'],13,,,,,,,,,,,,,,,,,Cameroon,2722,00:07:13.438,Ball Receipt*,
,,,,,,,,,,,,,,,,,,,,,,,,,,,,925bfa93-3cb6-4ba0-8f83-fd177120d114,205,,"[89.3, 66.0]",3920389,7,,,,,,,,,,,,,,,,,,,,,,,,1,From Goal Kick,Frank Magri,189348.0,Right Wing,17,Cameroon,2722,['1d383040-0e7c-46ca-8e3e-5272370ee6d5'],17,,,,,,,,,,,,,,,,,Cameroon,2722,00:07:17.874,Ball Receipt*,
,Incomplete,,,,,,,,,,,,,,,,,,,,,,,,,,,c4c9fd66-076d-4c0f-b866-dec724b8d10b,208,,"[105.9, 28.5]",3920389,7,,,,,,,,,,,,,,,,,,,,,,,,1,From Goal Kick,Karl Brillant Toko Ekambi,3551.0,Center Forward,17,Cameroon,2722,['74614f3a-275a-4b0c-8ea2-f4bc1576eeae'],19,,,,,,,,,,,,,,,,,Cameroon,2722,00:07:19.662,Ball Receipt*,
,,,,,,,,,,,,,,,,,,,,,,,,,,,,1ae2cd21-79fb-4e49-8903-0922e26d210f,213,,"[59.8, 76.5]",3920389,7,,,,,,,,,,,,,,,,,,,,,,,,1,Regular Play,Morgan Guilavogui,47351.0,Right Wing,18,Guinea,4892,['05e9afd4-8eae-4c00-9f22-482ea1032366'],43,,,,,,,,,,,,,,,,,Guinea,4892,00:07:43.927,Ball Receipt*,
,,,,,,,,,,,,,,,,,,,,,,,,,,,,09a657b5-38e4-45d6-ada8-194586f89421,216,,"[69.7, 69.7]",3920389,7,,,,,,,,,,,,,,,,,,,,,,,,1,Regular Play,Aguibou Camara,39559.0,Center Attacking Midfield,18,Guinea,4892,"['8caa752c-95b7-46d3-9a41-dce80bbe3af0', 'd6f224a4-d5d3-4f27-91a0-3d7b466c2d04']",45,,,,,,,,,,,,,,,,,Guinea,4892,00:07:45.387,Ball Receipt*,True
,,,,,,,,,,,,,,,,,,,,,,,,,,,,9eac494e-380c-4fe0-93d3-a2c45db8f011,219,,"[67.4, 73.1]",3920389,7,,,,,,,,,,,,,,,,,,,,,,,,1,Regular Play,Morgan Guilavogui,47351.0,Right Wing,18,Guinea,4892,['a842fe55-5230-43e7-b514-da153a3a5cb4'],46,,,,,,,,,,,,,,,,,Guinea,4892,00:07:46.303,Ball Receipt*,
,,,,,,,,,,,,,,,,,,,,,,,,,,,,bbea3905-90b8-4315-92a2-5fc396d81f97,222,,"[73.7, 43.9]",3920389,7,,,,,,,,,,,,,,,,,,,,,,,,1,Regular Play,Mory Konaté,35285.0,Right Defensive Midfield,18,Guinea,4892,['0e1addda-02f7-45d4-8999-6bba221c3943'],50,,,,,,,,,,,,,,,,,Guinea,4892,00:07:50.296,Ball Receipt*,
,,,,,,,,,,,,,,,,,,,,,,,,,,,,714078c5-eb42-47da-88b6-77bdbb0f74a1,225,,"[83.2, 22.9]",3920389,7,,,,,,,,,,,,,,,,,,,,,,,,1,Regular Play,Sekou Oumar Sylla,132711.0,Left Back,18,Guinea,4892,['bed40d4a-f017-46ee-8d75-18ae95d42759'],52,,,,,,,,,,,,,,,,,Guinea,4892,00:07:52.201,Ball Receipt*,
,,,,,,,,,,,,,,,,,,,,,,,,,,,,0d8ce2d0-ea29-4d3e-8b38-bfcb0a39fbf4,228,,"[92.3, 5.5]",3920389,7,,,,,,,,,,,,,,,,,,,,,,,,1,Regular Play,François Kamano,3405.0,Left Wing,18,Guinea,4892,['34681c6e-b40b-44ad-9f0d-957795a2a861'],54,,,,,,,,,,,,,,,,,Guinea,4892,00:07:54.571,Ball Receipt*,
,Incomplete,,,,,,,,,,,,,,,,,,,,,,,,,,,d9e62906-65b3-462c-848f-881c40743e48,231,,"[113.7, 40.8]",3920389,8,,,,,,,,,,,,,,,,,,,,,,,,1,Regular Play,Mohamed Bayo,8454.0,Center Forward,18,Guinea,4892,['af5bb084-62b2-4aa8-b784-704fcd4f5e56'],0,,,,,,,,,,,,,,,,,Guinea,4892,00:08:00.533,Ball Receipt*,
,,,,,,,,,,,,,,,,,,,,,,,,,,,,9e70a122-147c-4f58-aefa-a9a0c484d727,235,,"[13.1, 24.0]",3920389,8,,,,,,,,,,,,,,,,,,,,,,,,1,Regular Play,Harold Moukoudi,7386.0,Left Center Back,19,Cameroon,2722,['54a64925-787d-4632-933a-8e57c06cb979'],13,,,,,,,,,,,,,,,,,Cameroon,2722,00:08:13.100,Ball Receipt*,
,,,,,,,,,,,,,,,,,,,,,,,,,,,,1e9de0bc-1623-4a6f-92fc-2042085ad7e6,238,,"[13.3, 54.2]",3920389,8,,,,,,,,,,,,,,,,,,,,,,,,1,Regular Play,Christopher Wooh,74588.0,Right Center Back,19,Cameroon,2722,['d82e4690-ab2f-472e-a1af-ee22c3bceaba'],16,,,,,,,,,,,,,,,,,Cameroon,2722,00:08:16.638,Ball Receipt*,
,,,,,,,,,,,,,,,,,,,,,,,,,,,,b246c674-5189-449a-9a28-051f86069965,241,,"[14.3, 30.7]",3920389,8,,,,,,,,,,,,,,,,,,,,,,,,1,Regular Play,Harold Moukoudi,7386.0,Left Center Back,19,Cameroon,2722,['95678085-96aa-46c5-a18e-686bb9e73ffc'],20,,,,,,,,,,,,,,,,,Cameroon,2722,00:08:20.401,Ball Receipt*,
,,,,,,,,,,,,,,,,,,,,,,,,,,,,a474c33a-b46c-4940-ba75-0d556a95d563,244,,"[27.6, 13.2]",3920389,8,,,,,,,,,,,,,,,,,,,,,,,,1,Regular Play,André-Frank Zambo Anguissa,3141.0,Left Center Midfield,19,Cameroon,2722,['9773874e-4753-4070-9214-64f7b4e109a9'],24,,,,,,,,,,,,,,,,,Cameroon,2722,00:08:24.953,Ball Receipt*,
,,,,,,,,,,,,,,,,,,,,,,,,,,,,db6e91f2-8c22-4801-aa45-12f86a19e460,247,,"[19.7, 28.6]",3920389,8,,,,,,,,,,,,,,,,,,,,,,,,1,Regular Play,Harold Moukoudi,7386.0,Left Center Back,19,Cameroon,2722,['c7991ffa-8d91-4b0f-b747-dcf68838e23b'],28,,,,,,,,,,,,,,,,,Cameroon,2722,00:08:28.443,Ball Receipt*,
,,,,,,,,,,,,,,,,,,,,,,,,,,,,e3e207ee-a5fb-4a83-ae14-43691cf953bc,250,,"[37.1, 54.2]",3920389,8,,,,,,,,,,,,,,,,,,,,,,,,1,Regular Play,Christopher Wooh,74588.0,Right Center Back,19,Cameroon,2722,['1384ce45-7ecf-4df0-8438-ed7cd7bfb25e'],35,,,,,,,,,,,,,,,,,Cameroon,2722,00:08:35.300,Ball Receipt*,
,,,,,,,,,,,,,,,,,,,,,,,,,,,,7c5ac973-1737-4f29-bc3b-68e1b1d8856b,253,,"[72.3, 62.3]",3920389,8,,,,,,,,,,,,,,,,,,,,,,,,1,Regular Play,Frank Magri,189348.0,Right Wing,19,Cameroon,2722,['b1257418-06c3-49f3-bce4-f9e131adf960'],39,,,,,,,,,,,,,,,,,Cameroon,2722,00:08:39.071,Ball Receipt*,
,Incomplete,,,,,,,,,,,,,,,,,,,,,,,,,,,b8d10ee4-789e-4b75-a21c-8ebbd8c87d6e,256,,"[73.5, 74.1]",3920389,8,,,,,,,,,,,,,,,,,,,,,,,,1,Regular Play,Jean-Charles Castelletto,7426.0,Right Back,19,Cameroon,2722,['a09ee1b1-69a3-441c-ad76-51df520c9e9a'],39,,,,,,,,,,,,,,,,,Cameroon,2722,00:08:39.313,Ball Receipt*,
,Incomplete,,,,,,,,,,,,,,,,,,,,,,,,,,,2324f1c1-9379-47b8-ab20-a36bd4deb68d,259,,"[58.7, 14.9]",3920389,8,,,,,,,,,,,,,,,,,,,,,,,,1,Regular Play,Mohamed Bayo,8454.0,Center Forward,19,Cameroon,2722,['05fcef37-c011-493a-af0c-556bf63ade9f'],40,,,,,,,,,,,,,,,,,Guinea,4892,00:08:40.685,Ball Receipt*,
,,,,,,,,,,,,,,,,,,,,,,,,,,,,cb3f35c2-028f-4c70-b6e3-c570f1aeda97,264,,"[65.4, 8.0]",3920389,8,,,,,,,,,,,,,,,,,,,,,,,,1,Regular Play,François Kamano,3405.0,Left Wing,19,Cameroon,2722,['33580f7a-ba52-4098-aae9-68584a732be7'],43,,,,,,,,,,,,,,,,,Guinea,4892,00:08:43.497,Ball Receipt*,
,Incomplete,,,,,,,,,,,,,,,,,,,,,,,,,,,8cc14155-6409-44fc-86af-64ceb32ad89f,273,,"[64.7, 56.2]",3920389,8,,,,,,,,,,,,,,,,,,,,,,,,1,Regular Play,Karl Brillant Toko Ekambi,3551.0,Center Forward,19,Cameroon,2722,['2d724ec4-2a92-45fb-86fe-a95adc164fbb'],56,,,,,,,,,,,,,,,,,Cameroon,2722,00:08:56.211,Ball Receipt*,
,,,,,,,,,,,,,,,,,,,,,,,,,,,,b458cdb0-c4be-436a-b47b-bb3e7e180fa0,277,,"[52.6, 40.5]",3920389,8,,,,,,,,,,,,,,,,,,,,,,,,1,Regular Play,Mory Konaté,35285.0,Right Defensive Midfield,20,Guinea,4892,['08715720-bb8a-4854-833f-5ec51792d6ea'],58,,,,,,,,,,,,,,,,,Guinea,4892,00:08:58.113,Ball Receipt*,
,,,,,,,,,,,,,,,,,,,,,,,,,,,,4c169ea4-6f80-4a81-aeae-800df8c4b8d8,281,,"[64.8, 56.1]",3920389,8,,,,,,,,,,,,,,,,,,,,,,,,1,Regular Play,Morgan Guilavogui,47351.0,Right Wing,20,Guinea,4892,"['e68ea284-f225-4216-a5c9-f3578f9b721f', 'b347ab2a-bda0-4891-b72d-ac2bfb43dd6b']",59,,,,,,,,,,,,,,,,,Guinea,4892,00:08:59.963,Ball Receipt*,True
,,,,,,,,,,,,,,,,,,,,,,,,,,,,cb51dc7f-3d9d-43c3-928d-6c3342b1d484,283,,"[69.8, 50.5]",3920389,9,,,,,,,,,,,,,,,,,,,,,,,,1,Regular Play,Aguibou Camara,39559.0,Center Attacking Midfield,20,Guinea,4892,['9a48bafa-cbb0-4580-8b5e-973d787a7c17'],0,,,,,,,,,,,,,,,,,Guinea,4892,00:09:00.827,Ball Receipt*,
,,,,,,,,,,,,,,,,,,,,,,,,,,,,755ad45c-4ad7-47cf-ab77-7e96cdf1cada,286,,"[77.0, 59.0]",3920389,9,,,,,,,,,,,,,,,,,,,,,,,,1,Regular Play,Morgan Guilavogui,47351.0,Right Wing,20,Guinea,4892,['eeedb0da-4f84-4879-b7a6-37c48fea7cca'],2,,,,,,,,,,,,,,,,,Guinea,4892,00:09:02.468,Ball Receipt*,
,Incomplete,,,,,,,,,,,,,,,,,,,,,,,,,,,4c34c595-abc3-41d1-911f-79ccafb07e77,292,,"[64.9, 2.5]",3920389,9,,,,,,,,,,,,,,,,,,,,,,,,1,Regular Play,Georges-Kévin Nkoudou Mbida,3639.0,Left Wing,20,Guinea,4892,['289d5bc4-3a26-427b-a4ad-ab1a3922c013'],5,,,,,,,,,,,,,,,,,Cameroon,2722,00:09:05.686,Ball Receipt*,
,,,,,,,,,,,,,,,,,,,,,,,,,,,,ce6ab32f-09b0-4185-aea4-dbd582a0b91d,296,,"[100.3, 58.7]",3920389,9,,,,,,,,,,,,,,,,,,,,,,,,1,Regular Play,Mohamed Bayo,8454.0,Center Forward,20,Guinea,4892,['9816f4bc-8237-4b50-96fd-d9782050ba00'],9,,,,,,,,,,,,,,,,,Guinea,4892,00:09:09.086,Ball Receipt*,
,,,,,,,,,,,,,,,,,,,,,,,,,,,,43048342-15dd-478f-983c-cbfa919b39fd,317,,"[51.3, 40.5]",3920389,11,,,,,,,,,,,,,,,,,,,,,,,,1,From Kick Off,Olivier Michel Kemen,7355.0,Center Defensive Midfield,21,Cameroon,2722,['22d62595-2401-49f6-b38d-4e822500803f'],14,,,,,,,,,,,,,,,,,Cameroon,2722,00:11:14.626,Ball Receipt*,
,,,,,,,,,,,,,,,,,,,,,,,,,,,,ea16e621-b217-4998-9c0d-3ca434bfaf14,320,,"[44.9, 68.1]",3920389,11,,,,,,,,,,,,,,,,,,,,,,,,1,From Kick Off,Jean-Charles Castelletto,7426.0,Right Back,21,Cameroon,2722,['34e40c30-d2d9-4946-8bf8-e10be7e38acc'],16,,,,,,,,,,,,,,,,,Cameroon,2722,00:11:16.946,Ball Receipt*,
,,,,,,,,,,,,,,,,,,,,,,,,,,,,70c9a0d1-cf31-420e-913b-661fd85294b1,323,,"[64.7, 74.4]",3920389,11,,,,,,,,,,,,,,,,,,,,,,,,1,From Kick Off,Frank Magri,189348.0,Right Wing,21,Cameroon,2722,['73cc79c5-ba9d-4175-a28b-be41726996da'],18,,,,,,,,,,,,,,,,,Cameroon,2722,00:11:18.978,Ball Receipt*,
,,,,,,,,,,,,,,,,,,,,,,,,,,,,059eb48e-523b-4fd4-b635-7882aa5768ed,326,,"[38.8, 72.5]",3920389,11,,,,,,,,,,,,,,,,,,,,,,,,1,From Kick Off,Jean-Charles Castelletto,7426.0,Right Back,21,Cameroon,2722,['48a95f76-1e8b-4a23-a921-be5c1a3d8e74'],22,,,,,,,,,,,,,,,,,Cameroon,2722,00:11:22.781,Ball Receipt*,
,,,,,,,,,,,,,,,,,,,,,,,,,,,,5703c99e-df96-4fd4-891f-fa5c27320faa,329,,"[25.1, 54.5]",3920389,11,,,,,,,,,,,,,,,,,,,,,,,,1,From Kick Off,Christopher Wooh,74588.0,Right Center Back,21,Cameroon,2722,['281d8a1a-22d0-4abe-aaf0-b16482d19ade'],24,,,,,,,,,,,,,,,,,Cameroon,2722,00:11:24.913,Ball Receipt*,
,,,,,,,,,,,,,,,,,,,,,,,,,,,,49549cf9-91c0-4b0c-9d50-f19e6dc7202d,332,,"[28.3, 25.0]",3920389,11,,,,,,,,,,,,,,,,,,,,,,,,1,From Kick Off,Harold Moukoudi,7386.0,Left Center Back,21,Cameroon,2722,['000238d9-2d31-4d71-b741-c4c5097c73ec'],27,,,,,,,,,,,,,,,,,Cameroon,2722,00:11:27.884,Ball Receipt*,
,,,,,,,,,,,,,,,,,,,,,,,,,,,,bb0b48dc-c541-415d-97ae-704f87ebc307,335,,"[36.6, 71.0]",3920389,11,,,,,,,,,,,,,,,,,,,,,,,,1,From Kick Off,Jean-Charles Castelletto,7426.0,Right Back,21,Cameroon,2722,['c0fd0aab-0745-4e8c-b576-a8230e543824'],32,,,,,,,,,,,,,,,,,Cameroon,2722,00:11:32.215,Ball Receipt*,
,,,,,,,,,,,,,,,,,,,,,,,,,,,,ffbee8fa-7aa6-4490-b8e3-71119c01c57d,338,,"[51.4, 76.3]",3920389,11,,,,,,,,,,,,,,,,,,,,,,,,1,From Kick Off,Frank Magri,189348.0,Right Wing,21,Cameroon,2722,['257b9b42-ae8f-4cbd-bd62-289fd5bfc39f'],35,,,,,,,,,,,,,,,,,Cameroon,2722,00:11:35.536,Ball Receipt*,
,,,,,,,,,,,,,,,,,,,,,,,,,,,,ce3489c2-5c87-4a40-91f7-c453fae24de3,343,,"[87.9, 64.2]",3920389,11,,,,,,,,,,,,,,,,,,,,,,,,1,From Kick Off,Jules Olivier Ntcham,10530.0,Right Center Midfield,21,Cameroon,2722,['f534bd06-89f4-4182-b7c7-e51f3ae41c97'],39,,,,,,,,,,,,,,,,,Cameroon,2722,00:11:39.723,Ball Receipt*,
,,,,,,,,,,,,,,,,,,,,,,,,,,,,d337be0a-9132-48fb-a039-fcf87cc72561,348,,"[115.0, 34.0]",3920389,12,,,,,,,,,,,,,,,,,,,,,,,,1,From Free Kick,André-Frank Zambo Anguissa,3141.0,Left Center Midfield,22,Cameroon,2722,['f7c991de-7ee9-4abe-9f8f-22e590a01ce2'],31,,,,,,,,,,,,,,,,,Cameroon,2722,00:12:31.336,Ball Receipt*,
,Incomplete,,,,,,,,,,,,,,,,,,,,,,,,,,,9b5812e1-ab8b-4abc-a0fa-6ea65015e306,352,,"[67.9, 65.6]",3920389,13,,,,,,,,,,,,,,,,,,,,,,,,1,From Goal Kick,Morgan Guilavogui,47351.0,Right Wing,23,Guinea,4892,['9e96dcd6-7687-44a6-83c6-c0478a8740b7'],2,,,,,,,,,,,,,,,,,Guinea,4892,00:13:02.453,Ball Receipt*,
,Incomplete,,,,,,,,,,,,,,,,,,,,,,,,,,,e59594af-6bb5-47d3-934f-d0093644a8b6,354,,"[55.2, 10.4]",3920389,13,,,,,,,,,,,,,,,,,,,,,,,,1,From Goal Kick,Olivier Michel Kemen,7355.0,Center Defensive Midfield,23,Guinea,4892,['d703e81d-cf12-4ad1-82e2-c6535bf2b30c'],5,,,,,,,,,,,,,,,,,Cameroon,2722,00:13:05.202,Ball Receipt*,
,Incomplete,,,,,,,,,,,,,,,,,,,,,,,,,,,81deb876-d794-4523-aa7a-8661cc04048c,357,,"[72.3, 49.7]",3920389,13,,,,,,,,,,,,,,,,,,,,,,,,1,From Goal Kick,Mohamed Bayo,8454.0,Center Forward,23,Guinea,4892,['5d169d38-f6dd-4c79-b79c-7d06e646af4d'],6,,,,,,,,,,,,,,,,,Guinea,4892,00:13:06.557,Ball Receipt*,
,,,,,,,,,,,,,,,,,,,,,,,,,,,,42ec7a2b-f13e-4f52-a621-66c12bd0a691,359,,"[70.0, 12.5]",3920389,13,,,,,,,,,,,,,,,,,,,,,,,,1,From Goal Kick,Karl Brillant Toko Ekambi,3551.0,Center Forward,23,Guinea,4892,['3413f853-1d08-4161-b015-8d93df3b3bbd'],8,,,,,,,,,,,,,,,,,Cameroon,2722,00:13:08.642,Ball Receipt*,
,Incomplete,,,,,,,,,,,,,,,,,,,,,,,,,,,0de465b9-b1c0-4b7a-bfd6-7e7835b4c236,362,,"[70.4, 22.2]",3920389,13,,,,,,,,,,,,,,,,,,,,,,,,1,From Goal Kick,Jules Olivier Ntcham,10530.0,Right Center Midfield,23,Guinea,4892,['2e74b6e7-5c2d-461b-87e9-ed9fe76d4b8a'],9,,,,,,,,,,,,,,,,,Cameroon,2722,00:13:09.882,Ball Receipt*,
,Incomplete,,,,,,,,,,,,,,,,,,,,,,,,,,,6ed0731a-82f1-44ba-b543-74aaa55ed379,364,,"[78.8, 57.2]",3920389,13,,,,,,,,,,,,,,,,,,,,,,,,1,From Goal Kick,Mohamed Bayo,8454.0,Center Forward,23,Guinea,4892,['7af5e680-7abd-41f9-a67a-f912e6d827cd'],13,,,,,,,,,,,,,,,,,Guinea,4892,00:13:13.251,Ball Receipt*,
,Incomplete,,,,,,,,,,,,,,,,,,,,,,,,,,,ba7fea2e-5f39-4267-9d04-55f8ae7351b1,367,,"[50.3, 16.0]",3920389,13,,,,,,,,,,,,,,,,,,,,,,,,1,From Goal Kick,André-Frank Zambo Anguissa,3141.0,Left Center Midfield,23,Guinea,4892,['b264a3e6-ded4-4ceb-8b06-551d2159478a'],14,,,,,,,,,,,,,,,,,Cameroon,2722,00:13:14.531,Ball Receipt*,
,Incomplete,,,,,,,,,,,,,,,,,,,,,,,,,,,de40746b-3fe2-4905-b318-da9b92971edc,372,,"[100.0, 66.1]",3920389,13,,,,,,,,,,,,,,,,,,,,,,,,1,From Goal Kick,Mohamed Bayo,8454.0,Center Forward,23,Guinea,4892,['e0bc52f2-644a-4e07-a548-dc9e143e4bd3'],17,,,,,,,,,,,,,,,,,Guinea,4892,00:13:17.738,Ball Receipt*,
,,,,,,,,,,,,,,,,,,,,,,,,,,,,42db468d-55a1-4329-91ec-31c90949ab19,374,,"[34.1, 12.1]",3920389,13,,,,,,,,,,,,,,,,,,,,,,,,1,Regular Play,Olivier Michel Kemen,7355.0,Center Defensive Midfield,24,Cameroon,2722,['df5802c4-636a-4c99-a37b-645c7eb17eee'],19,,,,,,,,,,,,,,,,,Cameroon,2722,00:13:19.104,Ball Receipt*,
,,,,,,,,,,,,,,,,,,,,,,,,,,,,9cee04db-aca1-4471-b6a1-579b7bedfda8,377,,"[33.2, 2.5]",3920389,13,,,,,,,,,,,,,,,,,,,,,,,,1,Regular Play,Darlin Zidane Yongwa Ngameni,32190.0,Left Back,24,Cameroon,2722,['13de9f4b-d437-452f-920b-ed407a9bdb26'],20,,,,,,,,,,,,,,,,,Cameroon,2722,00:13:20.009,Ball Receipt*,
,Incomplete,,,,,,,,,,,,,,,,,,,,,,,,,,,f51087ee-fbe8-4e58-a72c-be2e8ad5a5f7,381,,"[53.2, 4.5]",3920389,13,,,,,,,,,,,,,,,,,,,,,,,,1,Regular Play,Georges-Kévin Nkoudou Mbida,3639.0,Left Wing,24,Cameroon,2722,"['ed6bfc91-6fd4-4c16-9c47-61471471f677', '854c824b-80a3-4a0d-94ec-aa27b40fac86']",21,,,,,,,,,,,,,,,,,Cameroon,2722,00:13:21.044,Ball Receipt*,True
,,,,,,,,,,,,,,,,,,,,,,,,,,,,70d53cb6-5d1d-4b69-9190-a4f2189d3799,384,,"[31.7, 6.6]",3920389,13,,,,,,,,,,,,,,,,,,,,,,,,1,From Throw In,Harold Moukoudi,7386.0,Left Center Back,25,Cameroon,2722,['42dcaad0-f962-4b5e-b8cc-e069d1846785'],31,,,,,,,,,,,,,,,,,Cameroon,2722,00:13:31.536,Ball Receipt*,
,,,,,,,,,,,,,,,,,,,,,,,,,,,,a9782e1a-0f00-4ed5-9964-24e8635587cc,387,,"[27.8, 32.6]",3920389,13,,,,,,,,,,,,,,,,,,,,,,,,1,From Throw In,Christopher Wooh,74588.0,Right Center Back,25,Cameroon,2722,['f3eccdd8-e603-436a-86c1-6b57fa8700ec'],36,,,,,,,,,,,,,,,,,Cameroon,2722,00:13:36.004,Ball Receipt*,
,,,,,,,,,,,,,,,,,,,,,,,,,,,,b94e6035-6972-4f8b-a108-f586ae9a5faf,390,,"[38.8, 66.0]",3920389,13,,,,,,,,,,,,,,,,,,,,,,,,1,From Throw In,Jean-Charles Castelletto,7426.0,Right Back,25,Cameroon,2722,['fa293496-8a76-4212-9739-938cb08fe803'],38,,,,,,,,,,,,,,,,,Cameroon,2722,00:13:38.703,Ball Receipt*,
,,,,,,,,,,,,,,,,,,,,,,,,,,,,88df6242-db98-494c-ad74-b23c3db12f7a,393,,"[42.7, 54.7]",3920389,13,,,,,,,,,,,,,,,,,,,,,,,,1,From Throw In,Christopher Wooh,74588.0,Right Center Back,25,Cameroon,2722,['4861f61a-11a9-49b1-92fc-149a13d8f3c8'],45,,,,,,,,,,,,,,,,,Cameroon,2722,00:13:45.025,Ball Receipt*,
,Incomplete,,,,,,,,,,,,,,,,,,,,,,,,,,,2f0db72c-ef31-40cd-a931-5eb1f0d53d03,396,,"[98.5, 16.0]",3920389,13,,,,,,,,,,,,,,,,,,,,,,,,1,From Throw In,Georges-Kévin Nkoudou Mbida,3639.0,Left Wing,25,Cameroon,2722,['39ef63e7-4dc2-459e-9537-ec7566811a71'],50,,,,,,,,,,,,,,,,,Cameroon,2722,00:13:50.786,Ball Receipt*,
,Incomplete,,,,,,,,,,,,,,,,,,,,,,,,,,,b9ec7538-a130-4c5c-8184-a1f169d3723e,399,,"[32.2, 73.5]",3920389,13,,,,,,,,,,,,,,,,,,,,,,,,1,From Throw In,Mohamed Bayo,8454.0,Center Forward,25,Cameroon,2722,['fe1b633c-0dad-4c55-9817-f4611faa9617'],52,,,,,,,,,,,,,,,,,Guinea,4892,00:13:52.569,Ball Receipt*,
,,,,,,,,,,,,,,,,,,,,,,,,,,,,78372f2b-f0c9-43d8-81ba-5d7119062acb,402,,"[98.3, 5.4]",3920389,13,,,,,,,,,,,,,,,,,,,,,,,,1,From Throw In,Georges-Kévin Nkoudou Mbida,3639.0,Left Wing,25,Cameroon,2722,"['0bef504c-3853-46da-924d-2a324e1d324e', '99f1fc52-31a2-4ebd-9019-02b1a8dec667']",53,,,,,,,,,,,,,,,,,Cameroon,2722,00:13:53.551,Ball Receipt*,True
,,,,,,,,,,,,,,,,,,,,,,,,,,,,f0ef4ef4-36d1-4849-9031-3288b6a7f441,405,,"[81.4, 6.4]",3920389,13,,,,,,,,,,,,,,,,,,,,,,,,1,From Throw In,Darlin Zidane Yongwa Ngameni,32190.0,Left Back,25,Cameroon,2722,['0b8deabe-4d8e-4a9a-8cdc-9660bc0bd936'],54,,,,,,,,,,,,,,,,,Cameroon,2722,00:13:54.874,Ball Receipt*,
,,,,,,,,,,,,,,,,,,,,,,,,,,,,f4d5d16d-37ed-4249-90b3-c138abd79704,408,,"[70.7, 24.0]",3920389,13,,,,,,,,,,,,,,,,,,,,,,,,1,From Throw In,Olivier Michel Kemen,7355.0,Center Defensive Midfield,25,Cameroon,2722,['77fd85ce-d06f-48b0-a45d-621045d6c9db'],57,,,,,,,,,,,,,,,,,Cameroon,2722,00:13:57.513,Ball Receipt*,
,,,,,,,,,,,,,,,,,,,,,,,,,,,,8675cc47-65e8-43d0-85bc-5c105e92da01,411,,"[77.2, 65.2]",3920389,14,,,,,,,,,,,,,,,,,,,,,,,,1,From Throw In,Jean-Charles Castelletto,7426.0,Right Back,25,Cameroon,2722,['eb7e6ef1-e37c-4680-842b-f2959c82a7c2'],2,,,,,,,,,,,,,,,,,Cameroon,2722,00:14:02.263,Ball Receipt*,
,,,,,,,,,,,,,,,,,,,,,,,,,,,,c5aad60f-72ae-4d0c-a787-2350777ccf55,414,,"[100.1, 69.6]",3920389,14,,,,,,,,,,,,,,,,,,,,,,,,1,From Throw In,Jules Olivier Ntcham,10530.0,Right Center Midfield,25,Cameroon,2722,['3ecdbd94-f5c9-4bfd-8504-f9d0eb9a7683'],5,,,,,,,,,,,,,,,,,Cameroon,2722,00:14:05.639,Ball Receipt*,
,,,,,,,,,,,,,,,,,,,,,,,,,,,,e1c908a5-8283-4b31-896d-f455448c6ab6,417,,"[99.5, 54.7]",3920389,14,,,,,,,,,,,,,,,,,,,,,,,,1,From Throw In,Jean-Charles Castelletto,7426.0,Right Back,25,Cameroon,2722,['bb62799d-1b24-43fd-b6a9-4e1ecd4a973d'],9,,,,,,,,,,,,,,,,,Cameroon,2722,00:14:09.397,Ball Receipt*,
,Incomplete,,,,,,,,,,,,,,,,,,,,,,,,,,,da9ec317-89f6-41cc-8370-d9890ea415d2,419,,"[107.8, 45.8]",3920389,14,,,,,,,,,,,,,,,,,,,,,,,,1,From Throw In,Karl Brillant Toko Ekambi,3551.0,Center Forward,25,Cameroon,2722,['ffe1c412-7d39-410f-ac16-b5b6a8223e82'],9,,,,,,,,,,,,,,,,,Cameroon,2722,00:14:09.806,Ball Receipt*,
,,,,,,,,,,,,,,,,,,,,,,,,,,,,192859c0-410a-4b19-8201-287e00ecd196,423,,"[100.8, 19.7]",3920389,14,,,,,,,,,,,,,,,,,,,,,,,,1,From Throw In,Georges-Kévin Nkoudou Mbida,3639.0,Left Wing,25,Cameroon,2722,['f1382d14-a206-4085-aa01-1f2339de2df6'],13,,,,,,,,,,,,,,,,,Cameroon,2722,00:14:13.566,Ball Receipt*,
,,,,,,,,,,,,,,,,,,,,,,,,,,,,f2cb3058-dd91-4e72-ae3f-3cab15f9e7f4,425,,"[96.5, 24.2]",3920389,14,,,,,,,,,,,,,,,,,,,,,,,,1,From Throw In,Darlin Zidane Yongwa Ngameni,32190.0,Left Back,25,Cameroon,2722,['24f143a5-7907-4c22-93cb-37598fb64bfc'],14,,,,,,,,,,,,,,,,,Cameroon,2722,00:14:14.486,Ball Receipt*,
,,,,,,,,,,,,,,,,,,,,,,,,,,,,16e28571-e402-4e5f-a02f-40b392bdb44f,437,,"[33.9, 49.6]",3920389,14,,,,,,,,,,,,,,,,,,,,,,,,1,Regular Play,Aguibou Camara,39559.0,Center Attacking Midfield,26,Guinea,4892,['94c39f28-8928-407b-bdad-ae0e14db0edc'],19,,,,,,,,,,,,,,,,,Guinea,4892,00:14:19.577,Ball Receipt*,
,,,,,,,,,,,,,,,,,,,,,,,,,,,,7e0aa615-755d-4545-94b4-15e1b12272c1,441,,"[64.7, 73.1]",3920389,14,,,,,,,,,,,,,,,,,,,,,,,,1,Regular Play,Antoine Conte,131849.0,Right Back,26,Guinea,4892,['97fbf33d-fd59-4c7f-a377-b16974dc90e6'],25,,,,,,,,,,,,,,,,,Guinea,4892,00:14:25.091,Ball Receipt*,
,,,,,,,,,,,,,,,,,,,,,,,,,,,,952817cc-c69e-4eda-ac34-22ee311d26dd,443,,"[46.4, 74.2]",3920389,14,,,,,,,,,,,,,,,,,,,,,,,,1,Regular Play,Morgan Guilavogui,47351.0,Right Wing,26,Guinea,4892,['e898896b-e663-42b1-84bc-656a24497bbf'],27,,,,,,,,,,,,,,,,,Guinea,4892,00:14:27.522,Ball Receipt*,
,,,,,,,,,,,,,,,,,,,,,,,,,,,,f71607e6-3a34-4c6c-85a6-815e8d61ac17,446,,"[13.2, 53.6]",3920389,14,,,,,,,,,,,,,,,,,,,,,,,,1,Regular Play,Ibrahim Kone,182573.0,Goalkeeper,26,Guinea,4892,['672e52ea-78d7-4ee4-9b59-fdc4da332e1f'],31,,,,,,,,,,,,,,,,,Guinea,4892,00:14:31.476,Ball Receipt*,
,Incomplete,,,,,,,,,,,,,,,,,,,,,,,,,,,b3e13b3f-eb6d-45f2-8bad-d911781637f4,450,,"[67.4, 17.9]",3920389,14,,,,,,,,,,,,,,,,,,,,,,,,1,Regular Play,Mohamed Bayo,8454.0,Center Forward,26,Guinea,4892,['5a056dc1-ea13-4bc7-b620-96b00571232b'],36,,,,,,,,,,,,,,,,,Guinea,4892,00:14:36.380,Ball Receipt*,
,,,,,,,,,,,,,,,,,,,,,,,,,,,,7288e072-4876-46d7-a0a0-c2ecb6a7547e,452,,"[70.7, 53.3]",3920389,14,,,,,,,,,,,,,,,,,,,,,,,,1,Regular Play,Jules Olivier Ntcham,10530.0,Right Center Midfield,27,Cameroon,2722,['b91e27c7-8295-4473-a885-8ac045a49423'],37,,,,,,,,,,,,,,,,,Cameroon,2722,00:14:37.650,Ball Receipt*,
,,,,,,,,,,,,,,,,,,,,,,,,,,,,57a86242-de67-44a1-b8d0-4814c191283c,455,,"[75.8, 68.3]",3920389,14,,,,,,,,,,,,,,,,,,,,,,,,1,Regular Play,Frank Magri,189348.0,Right Wing,27,Cameroon,2722,['8859f3a1-dce3-447f-9d84-d3b5895ddd7e'],40,,,,,,,,,,,,,,,,,Cameroon,2722,00:14:40.906,Ball Receipt*,
,Incomplete,,,,,,,,,,,,,,,,,,,,,,,,,,,5b1b4d27-18f9-4f54-88d0-c76cd462ebee,460,,"[32.1, 12.4]",3920389,14,,,,,,,,,,,,,,,,,,,,,,,,1,Regular Play,Mohamed Bayo,8454.0,Center Forward,27,Cameroon,2722,['92639470-8035-49a9-a93f-76ecbff3c5b2'],47,,,,,,,,,,,,,,,,,Guinea,4892,00:14:47.000,Ball Receipt*,
,,,,,,,,,,,,,,,,,,,,,,,,,,,,9f86e726-5042-4743-a5f8-eecfb1ad45bc,463,,"[80.0, 70.6]",3920389,14,,,,,,,,,,,,,,,,,,,,,,,,1,Regular Play,Jules Olivier Ntcham,10530.0,Right Center Midfield,27,Cameroon,2722,['d36746a7-4921-46c8-b389-6733166cb5de'],51,,,,,,,,,,,,,,,,,Cameroon,2722,00:14:51.447,Ball Receipt*,
,,,,,,,,,,,,,,,,,,,,,,,,,,,,2e8c10fd-b281-401c-a5d9-398d8a49cb27,468,,"[78.3, 60.5]",3920389,14,,,,,,,,,,,,,,,,,,,,,,,,1,Regular Play,André-Frank Zambo Anguissa,3141.0,Left Center Midfield,27,Cameroon,2722,['a7b80473-a3c2-4a19-b90e-8cc6305f7ffa'],52,,,,,,,,,,,,,,,,,Cameroon,2722,00:14:52.843,Ball Receipt*,
,,,,,,,,,,,,,,,,,,,,,,,,,,,,d7452a2c-fa03-41d7-94d6-708eb862b44d,470,,"[68.9, 72.8]",3920389,14,,,,,,,,,,,,,,,,,,,,,,,,1,Regular Play,Jean-Charles Castelletto,7426.0,Right Back,27,Cameroon,2722,['77feff01-78fb-4c73-8d76-8a8e24ed6e54'],54,,,,,,,,,,,,,,,,,Cameroon,2722,00:14:54.069,Ball Receipt*,
,Incomplete,,,,,,,,,,,,,,,,,,,,,,,,,,,18c428e5-3b8b-4181-9b14-4ef771db4764,472,,"[69.4, 57.3]",3920389,14,,,,,,,,,,,,,,,,,,,,,,,,1,Regular Play,Christopher Wooh,74588.0,Right Center Back,27,Cameroon,2722,['b2e42797-1b2a-4bf9-8c14-648c00f8dd1f'],54,,,,,,,,,,,,,,,,,Cameroon,2722,00:14:54.162,Ball Receipt*,
,,,,,,,,,,,,,,,,,,,,,,,,,,,,0068af86-aedb-4fe1-a0de-544d6da0df61,478,,"[52.6, 15.3]",3920389,14,,,,,,,,,,,,,,,,,,,,,,,,1,Regular Play,Mohamed Bayo,8454.0,Center Forward,28,Guinea,4892,['9701dedc-dd14-41e9-aa76-d6119347fc5e'],58,,,,,,,,,,,,,,,,,Guinea,4892,00:14:58.406,Ball Receipt*,
,Incomplete,,,,,,,,,,,,,,,,,,,,,,,,,,,92fef9c9-99e1-4f8c-97d2-bb35f31c5ad4,480,,"[58.3, 9.5]",3920389,14,,,,,,,,,,,,,,,,,,,,,,,,1,Regular Play,François Kamano,3405.0,Left Wing,28,Guinea,4892,['998c84cc-a9fc-4c3f-8d5d-4e164195d813'],58,,,,,,,,,,,,,,,,,Guinea,4892,00:14:58.844,Ball Receipt*,
,,,,,,,,,,,,,,,,,,,,,,,,,,,,31ca5971-935f-4ae7-be59-9d661e9d8bdf,484,,"[95.7, 72.4]",3920389,15,,,,,,,,,,,,,,,,,,,,,,,,1,From Free Kick,Morgan Guilavogui,47351.0,Right Wing,29,Guinea,4892,['2d9dd13c-7e9d-4d58-82b7-15dfe6af2a4f'],46,,,,,,,,,,,,,,,,,Guinea,4892,00:15:46.438,Ball Receipt*,
,,,,,,,,,,,,,,,,,,,,,,,,,,,,3fea3de2-8535-434a-8c71-c754391d060c,488,,"[99.5, 76.6]",3920389,15,,,,,,,,,,,,,,,,,,,,,,,,1,From Free Kick,Antoine Conte,131849.0,Right Back,29,Guinea,4892,['83b6626d-e342-46cb-a2bc-9ea60038e42c'],53,,,,,,,,,,,,,,,,,Guinea,4892,00:15:53.732,Ball Receipt*,
,,,,,,,,,,,,,,,,,,,,,,,,,,,,09f41644-1f8c-4cec-bc50-d383c49dda82,491,,"[87.0, 67.0]",3920389,15,,,,,,,,,,,,,,,,,,,,,,,,1,From Free Kick,Mory Konaté,35285.0,Right Defensive Midfield,29,Guinea,4892,['77d63b92-cc49-4a72-b22b-877588345c1d'],56,,,,,,,,,,,,,,,,,Guinea,4892,00:15:56.027,Ball Receipt*,
,,,,,,,,,,,,,,,,,,,,,,,,,,,,c7307a45-4ccc-4ee6-b03b-8d8f2195c931,494,,"[64.8, 41.1]",3920389,15,,,,,,,,,,,,,,,,,,,,,,,,1,From Free Kick,Julian Jeanvier,7360.0,Left Center Back,29,Guinea,4892,['972bd0dc-e799-4329-8c59-dd95fb87de0e'],59,,,,,,,,,,,,,,,,,Guinea,4892,00:15:59.262,Ball Receipt*,
,Incomplete,,,,,,,,,,,,,,,,,,,,,,,,,,,fcc2ff5b-3009-4606-bcba-b2970d3fca94,496,,"[93.8, 77.4]",3920389,16,,,,,,,,,,,,,,,,,,,,,,,,1,From Free Kick,Morgan Guilavogui,47351.0,Right Wing,29,Guinea,4892,['bfb7ab2b-e80c-4e06-9351-0c4d44ba2651'],2,,,,,,,,,,,,,,,,,Guinea,4892,00:16:02.774,Ball Receipt*,
,,,,,,,,,,,,,,,,,,,,,,,,,,,,acced2b2-15e3-4493-a100-76b48cda118c,499,,"[26.3, 11.5]",3920389,16,,,,,,,,,,,,,,,,,,,,,,,,1,From Throw In,Harold Moukoudi,7386.0,Left Center Back,30,Cameroon,2722,['f0cb43d3-f512-4362-a10e-2a54a83b6e93'],9,,,,,,,,,,,,,,,,,Cameroon,2722,00:16:09.897,Ball Receipt*,
,,,,,,,,,,,,,,,,,,,,,,,,,,,,afddbde7-e83a-4f93-8387-1b62e86f7315,501,,"[36.2, 69.1]",3920389,16,,,,,,,,,,,,,,,,,,,,,,,,1,From Throw In,Jean-Charles Castelletto,7426.0,Right Back,30,Cameroon,2722,['cb9b0f6a-1780-42ed-82cd-ae30cc2b2901'],14,,,,,,,,,,,,,,,,,Cameroon,2722,00:16:14.524,Ball Receipt*,
,,,,,,,,,,,,,,,,,,,,,,,,,,,,016b6a73-7778-497e-98dc-c9795e7ae3af,503,,"[57.4, 75.3]",3920389,16,,,,,,,,,,,,,,,,,,,,,,,,1,From Throw In,Frank Magri,189348.0,Right Wing,30,Cameroon,2722,['ce956ace-9f61-4d2d-8d9a-9fcfc62ddbe5'],16,,,,,,,,,,,,,,,,,Cameroon,2722,00:16:16.989,Ball Receipt*,
,,,,,,,,,,,,,,,,,,,,,,,,,,,,2c0b773d-bf26-4135-8f56-2a6634939ff9,506,,"[51.3, 56.7]",3920389,16,,,,,,,,,,,,,,,,,,,,,,,,1,From Throw In,Olivier Michel Kemen,7355.0,Center Defensive Midfield,30,Cameroon,2722,['497e6801-ad41-493f-8ec2-364fbf25b2b6'],19,,,,,,,,,,,,,,,,,Cameroon,2722,00:16:19.837,Ball Receipt*,
,,,,,,,,,,,,,,,,,,,,,,,,,,,,1af9c90b-58dc-474b-b3b1-aad4127dc959,509,,"[40.2, 23.6]",3920389,16,,,,,,,,,,,,,,,,,,,,,,,,1,From Throw In,Harold Moukoudi,7386.0,Left Center Back,30,Cameroon,2722,['c67d2b51-8e63-4e89-98ad-349b23152a5a'],22,,,,,,,,,,,,,,,,,Cameroon,2722,00:16:22.986,Ball Receipt*,
,,,,,,,,,,,,,,,,,,,,,,,,,,,,8492e067-2cc6-4348-9a9c-43dfa6e3842c,512,,"[56.1, 40.0]",3920389,16,,,,,,,,,,,,,,,,,,,,,,,,1,From Throw In,Olivier Michel Kemen,7355.0,Center Defensive Midfield,30,Cameroon,2722,['8977ddcb-b6af-4e61-9f0a-654bb6644944'],27,,,,,,,,,,,,,,,,,Cameroon,2722,00:16:27.837,Ball Receipt*,
,,,,,,,,,,,,,,,,,,,,,,,,,,,,a188efa9-90bd-4ce4-adcf-6db9a43c36fc,515,,"[53.2, 64.8]",3920389,16,,,,,,,,,,,,,,,,,,,,,,,,1,From Throw In,Christopher Wooh,74588.0,Right Center Back,30,Cameroon,2722,['e338bb27-3f1f-4614-b651-15069b06c270'],32,,,,,,,,,,,,,,,,,Cameroon,2722,00:16:32.315,Ball Receipt*,
,,,,,,,,,,,,,,,,,,,,,,,,,,,,7d3f11e1-fc42-4316-aa85-eda9c097ab03,518,,"[69.2, 73.8]",3920389,16,,,,,,,,,,,,,,,,,,,,,,,,1,From Throw In,Jean-Charles Castelletto,7426.0,Right Back,30,Cameroon,2722,['e6855bc0-b91f-41b4-87c7-50dfca4f7cc9'],34,,,,,,,,,,,,,,,,,Cameroon,2722,00:16:34.804,Ball Receipt*,
,,,,,,,,,,,,,,,,,,,,,,,,,,,,e1c4870b-8317-4eeb-b9d4-c194c12684ac,523,,"[39.4, 55.8]",3920389,16,,,,,,,,,,,,,,,,,,,,,,,,1,From Throw In,Christopher Wooh,74588.0,Right Center Back,30,Cameroon,2722,['b49c5b54-458c-4af0-8f4b-02ffdeb480f3'],40,,,,,,,,,,,,,,,,,Cameroon,2722,00:16:40.728,Ball Receipt*,
,,,,,,,,,,,,,,,,,,,,,,,,,,,,fa47782c-49ce-49da-bd13-0786fe2d556e,526,,"[43.9, 19.7]",3920389,16,,,,,,,,,,,,,,,,,,,,,,,,1,From Throw In,Harold Moukoudi,7386.0,Left Center Back,30,Cameroon,2722,['adbdcdab-177b-4b25-98bf-7d0eeb8b5379'],42,,,,,,,,,,,,,,,,,Cameroon,2722,00:16:42.903,Ball Receipt*,
,,,,,,,,,,,,,,,,,,,,,,,,,,,,0903c3e7-c9b8-40ef-a6b4-f4023a77db9e,529,,"[55.2, 16.1]",3920389,16,,,,,,,,,,,,,,,,,,,,,,,,1,From Throw In,André-Frank Zambo Anguissa,3141.0,Left Center Midfield,30,Cameroon,2722,['6c489315-45d0-4451-9918-50b6bed5c9e6'],48,,,,,,,,,,,,,,,,,Cameroon,2722,00:16:48.327,Ball Receipt*,
,,,,,,,,,,,,,,,,,,,,,,,,,,,,3ab4db34-2eca-42fe-a62f-f37f533b7163,532,,"[77.3, 2.1]",3920389,16,,,,,,,,,,,,,,,,,,,,,,,,1,From Throw In,Darlin Zidane Yongwa Ngameni,32190.0,Left Back,30,Cameroon,2722,['5730b9ea-7d0d-4a8a-a096-603d60ccc83f'],50,,,,,,,,,,,,,,,,,Cameroon,2722,00:16:50.413,Ball Receipt*,
,,,,,,,,,,,,,,,,,,,,,,,,,,,,287c3ac8-44fe-40aa-9bc6-df147172604e,535,,"[87.9, 14.6]",3920389,16,,,,,,,,,,,,,,,,,,,,,,,,1,From Throw In,Georges-Kévin Nkoudou Mbida,3639.0,Left Wing,30,Cameroon,2722,['fd5dfc5a-0801-4914-aa60-643cfd444782'],52,,,,,,,,,,,,,,,,,Cameroon,2722,00:16:52.274,Ball Receipt*,
,Incomplete,,,,,,,,,,,,,,,,,,,,,,,,,,,bccbac61-065a-4d36-8188-74c2f4afb281,542,,"[116.6, 53.3]",3920389,18,,,,,,,,,,,,,,,,,,,,,,,,1,From Free Kick,Christopher Wooh,74588.0,Right Center Back,31,Cameroon,2722,['867c073f-9e19-4b38-bf66-2a77067a6a0f'],29,,,,,,,,,,,,,,,,,Cameroon,2722,00:18:29.581,Ball Receipt*,
,,,,,,,,,,,,,,,,,,,,,,,,,,,,c2e0489c-455a-47f3-9638-d1e47e50ded0,544,,"[73.7, 65.1]",3920389,19,,,,,,,,,,,,,,,,,,,,,,,,1,From Goal Kick,Aguibou Camara,39559.0,Center Attacking Midfield,32,Guinea,4892,['23a7ed86-adca-4803-8b07-a9bfd2606023'],18,,,,,,,,,,,,,,,,,Guinea,4892,00:19:18.563,Ball Receipt*,
,,,,,,,,,,,,,,,,,,,,,,,,,,,,7d7b8334-339a-42f8-b4f8-3a29b2f22815,547,,"[81.3, 77.6]",3920389,19,,,,,,,,,,,,,,,,,,,,,,,,1,From Goal Kick,Morgan Guilavogui,47351.0,Right Wing,32,Guinea,4892,['2140dec0-179f-41ed-894a-02b051935a48'],20,,,,,,,,,,,,,,,,,Guinea,4892,00:19:20.568,Ball Receipt*,
,,,,,,,,,,,,,,,,,,,,,,,,,,,,e4b766b8-a22a-4a92-b17f-56654e970ad2,549,,"[114.9, 70.9]",3920389,19,,,,,,,,,,,,,,,,,,,,,,,,1,From Goal Kick,Mohamed Bayo,8454.0,Center Forward,32,Guinea,4892,['3477ab14-65c9-49cd-8253-32e0c7725765'],23,,,,,,,,,,,,,,,,,Guinea,4892,00:19:23.738,Ball Receipt*,
,Incomplete,,,,,,,,,,,,,,,,,,,,,,,,,,,c8b6ba0e-efcb-49a9-a7bf-2f21f4098129,552,,"[111.4, 29.6]",3920389,19,,,,,,,,,,,,,,,,,,,,,,,,1,From Goal Kick,François Kamano,3405.0,Left Wing,32,Guinea,4892,['d6ca6675-d64e-49c2-a083-b78e71a06bcf'],25,,,,,,,,,,,,,,,,,Guinea,4892,00:19:25.449,Ball Receipt*,
,Incomplete,,,,,,,,,,,,,,,,,,,,,,,,,,,36337fc0-18a4-433c-a2fc-1e353b9a2998,555,,"[27.3, 28.5]",3920389,19,,,,,,,,,,,,,,,,,,,,,,,,1,From Goal Kick,Jules Olivier Ntcham,10530.0,Right Center Midfield,32,Guinea,4892,['8a9e24ae-397c-4a3d-84d1-5e15236c6656'],29,,,,,,,,,,,,,,,,,Cameroon,2722,00:19:29.918,Ball Receipt*,
,,,,,,,,,,,,,,,,,,,,,,,,,,,,954c953c-f5ae-4df6-bf74-a133a48a5ee0,559,,"[57.9, 36.9]",3920389,19,,,,,,,,,,,,,,,,,,,,,,,,1,From Goal Kick,Julian Jeanvier,7360.0,Left Center Back,32,Guinea,4892,['4188782e-ca0a-4a73-827b-4633862838b1'],33,,,,,,,,,,,,,,,,,Guinea,4892,00:19:33.809,Ball Receipt*,
,,,,,,,,,,,,,,,,,,,,,,,,,,,,fa3a3820-3e57-492e-b6a5-51f7b70e036a,562,,"[15.7, 47.6]",3920389,19,,,,,,,,,,,,,,,,,,,,,,,,1,From Goal Kick,Ibrahim Kone,182573.0,Goalkeeper,32,Guinea,4892,['70fffce4-1272-4e0f-935d-610e1b0e6d3b'],37,,,,,,,,,,,,,,,,,Guinea,4892,00:19:37.183,Ball Receipt*,
,,,,,,,,,,,,,,,,,,,,,,,,,,,,a63448cb-b71f-4c34-a7d2-2c9c445c68ba,566,,"[84.5, 62.2]",3920389,19,,,,,,,,,,,,,,,,,,,,,,,,1,From Goal Kick,Aguibou Camara,39559.0,Center Attacking Midfield,32,Guinea,4892,['ac044289-86e6-46fb-9b20-faba9005feb8'],43,,,,,,,,,,,,,,,,,Guinea,4892,00:19:43.194,Ball Receipt*,
,,,,,,,,,,,,,,,,,,,,,,,,,,,,b2412d1f-0f6c-4d70-8663-a3825d378109,571,,"[26.6, 57.2]",3920389,19,,,,,,,,,,,,,,,,,,,,,,,,1,Regular Play,Christopher Wooh,74588.0,Right Center Back,33,Cameroon,2722,['ba6406b4-80c4-4690-ab89-e8ff440decd0'],49,,,,,,,,,,,,,,,,,Cameroon,2722,00:19:49.301,Ball Receipt*,
,,,,,,,,,,,,,,,,,,,,,,,,,,,,d2ef2892-30a7-4aba-8d7f-3b10a1da41d1,573,,"[41.2, 66.0]",3920389,19,,,,,,,,,,,,,,,,,,,,,,,,1,Regular Play,Jean-Charles Castelletto,7426.0,Right Back,33,Cameroon,2722,['94c53a13-2deb-4048-9970-d612ef9abadd'],52,,,,,,,,,,,,,,,,,Cameroon,2722,00:19:52.173,Ball Receipt*,
,,,,,,,,,,,,,,,,,,,,,,,,,,,,90ca766d-b3e8-4075-be67-1a8375e6236a,576,,"[62.8, 73.7]",3920389,19,,,,,,,,,,,,,,,,,,,,,,,,1,Regular Play,Frank Magri,189348.0,Right Wing,33,Cameroon,2722,['aec83bee-7b7d-4f8e-ba6e-30fc1df9e147'],54,,,,,,,,,,,,,,,,,Cameroon,2722,00:19:54.679,Ball Receipt*,
,,,,,,,,,,,,,,,,,,,,,,,,,,,,0c7d7455-ddf7-454f-a916-dcd013ebd545,579,,"[43.9, 69.8]",3920389,19,,,,,,,,,,,,,,,,,,,,,,,,1,Regular Play,Jean-Charles Castelletto,7426.0,Right Back,33,Cameroon,2722,['7cce9140-9022-48f2-bb9a-eb4995741453'],57,,,,,,,,,,,,,,,,,Cameroon,2722,00:19:57.045,Ball Receipt*,
,,,,,,,,,,,,,,,,,,,,,,,,,,,,6db28843-5d40-4bb8-8ac0-819a27ff1453,582,,"[49.7, 51.1]",3920389,19,,,,,,,,,,,,,,,,,,,,,,,,1,Regular Play,Olivier Michel Kemen,7355.0,Center Defensive Midfield,33,Cameroon,2722,['01cdaa25-d3a4-4352-bc6e-74b7d9b6d299'],58,,,,,,,,,,,,,,,,,Cameroon,2722,00:19:58.941,Ball Receipt*,
,,,,,,,,,,,,,,,,,,,,,,,,,,,,9a65fb01-a216-433a-b8ab-405a1116ff39,585,,"[54.7, 20.4]",3920389,20,,,,,,,,,,,,,,,,,,,,,,,,1,Regular Play,Harold Moukoudi,7386.0,Left Center Back,33,Cameroon,2722,['74c64f90-eb28-46b5-8f05-89ef13198bbc'],4,,,,,,,,,,,,,,,,,Cameroon,2722,00:20:04.448,Ball Receipt*,
,,,,,,,,,,,,,,,,,,,,,,,,,,,,67bb2812-0248-4af1-b10d-02b0348e2890,588,,"[69.7, 3.5]",3920389,20,,,,,,,,,,,,,,,,,,,,,,,,1,Regular Play,Darlin Zidane Yongwa Ngameni,32190.0,Left Back,33,Cameroon,2722,['cb15a6de-f1f5-437d-89ba-043aa556acb0'],7,,,,,,,,,,,,,,,,,Cameroon,2722,00:20:07.014,Ball Receipt*,
,,,,,,,,,,,,,,,,,,,,,,,,,,,,b2c71b69-9b13-49b3-b005-c365f2cce7ae,591,,"[72.8, 12.5]",3920389,20,,,,,,,,,,,,,,,,,,,,,,,,1,Regular Play,Georges-Kévin Nkoudou Mbida,3639.0,Left Wing,33,Cameroon,2722,['b728b80d-4396-4649-900c-fab025a43f78'],8,,,,,,,,,,,,,,,,,Cameroon,2722,00:20:08.926,Ball Receipt*,
,Incomplete,,,,,,,,,,,,,,,,,,,,,,,,,,,7a92c53f-6aeb-4da8-84c5-95e7de0a39e9,594,,"[68.5, 74.4]",3920389,20,,,,,,,,,,,,,,,,,,,,,,,,1,Regular Play,Jean-Charles Castelletto,7426.0,Right Back,33,Cameroon,2722,['1a6f1a1d-6262-42b5-80de-d2eb732dcb5b'],16,,,,,,,,,,,,,,,,,Cameroon,2722,00:20:16.203,Ball Receipt*,
,,,,,,,,,,,,,,,,,,,,,,,,,,,,b28dea16-8021-47e5-b1cf-0f03d395c8da,597,,"[57.2, 7.6]",3920389,20,,,,,,,,,,,,,,,,,,,,,,,,1,From Throw In,Moriba Kourouma Kourouma,39073.0,Left Defensive Midfield,34,Guinea,4892,['ab68a5d1-8ac0-4d6b-a3eb-b7464f3311f5'],36,,,,,,,,,,,,,,,,,Guinea,4892,00:20:36.036,Ball Receipt*,
,,,,,,,,,,,,,,,,,,,,,,,,,,,,887c1dac-4d1b-4a2c-b57c-a02023c30f0a,599,,"[64.0, 8.4]",3920389,20,,,,,,,,,,,,,,,,,,,,,,,,1,From Throw In,Sekou Oumar Sylla,132711.0,Left Back,34,Guinea,4892,['a25e5182-5475-4a92-9e49-cfad4ea5621e'],37,,,,,,,,,,,,,,,,,Guinea,4892,00:20:37.014,Ball Receipt*,
,Incomplete,,,,,,,,,,,,,,,,,,,,,,,,,,,0a00a17a-99a2-4905-870a-dc709581fcba,603,,"[71.5, 12.4]",3920389,20,,,,,,,,,,,,,,,,,,,,,,,,1,From Throw In,François Kamano,3405.0,Left Wing,34,Guinea,4892,['872c38d0-e056-4baf-bc4f-e172dfa76365'],37,,,,,,,,,,,,,,,,,Guinea,4892,00:20:37.382,Ball Receipt*,
,,,,,,,,,,,,,,,,,,,,,,,,,,,,83c50825-7efc-4dff-93e4-67874515a451,607,,"[74.0, 17.8]",3920389,21,,,,,,,,,,,,,,,,,,,,,,,,1,From Free Kick,Aguibou Camara,39559.0,Center Attacking Midfield,35,Guinea,4892,['a7b4efff-4f65-4911-835f-8f3e03146b0b'],24,,,,,,,,,,,,,,,,,Guinea,4892,00:21:24.908,Ball Receipt*,
,,,,,,,,,,,,,,,,,,,,,,,,,,,,de4b2022-febc-4f6f-bfd1-216177f56619,609,,"[66.7, 8.9]",3920389,21,,,,,,,,,,,,,,,,,,,,,,,,1,From Free Kick,Moriba Kourouma Kourouma,39073.0,Left Defensive Midfield,35,Guinea,4892,['3af499ec-d487-42f1-b788-8965c2badd91'],26,,,,,,,,,,,,,,,,,Guinea,4892,00:21:26.424,Ball Receipt*,
,,,,,,,,,,,,,,,,,,,,,,,,,,,,226f8c1c-875b-4436-a505-447eaba448bf,613,,"[81.7, 14.1]",3920389,21,,,,,,,,,,,,,,,,,,,,,,,,1,From Free Kick,François Kamano,3405.0,Left Wing,35,Guinea,4892,['957bf04c-6308-47bb-a951-9185c2549c4e'],29,,,,,,,,,,,,,,,,,Guinea,4892,00:21:29.980,Ball Receipt*,
,,,,,,,,,,,,,,,,,,,,,,,,,,,,6f09f5f7-4266-44cc-9d6f-3b8644761609,617,,"[86.0, 18.5]",3920389,21,,,,,,,,,,,,,,,,,,,,,,,,1,From Free Kick,Mohamed Bayo,8454.0,Center Forward,35,Guinea,4892,"['59a7b373-02bb-4efb-8a27-05321efe4f2f', '186dd418-ead3-4768-ad17-5eb800d4d7e6']",31,,,,,,,,,,,,,,,,,Guinea,4892,00:21:31.485,Ball Receipt*,True
,Incomplete,,,,,,,,,,,,,,,,,,,,,,,,,,,fd010354-c7bb-4fe8-aefe-dbd8c5f38022,619,,"[83.8, 10.5]",3920389,21,,,,,,,,,,,,,,,,,,,,,,,,1,From Free Kick,Aguibou Camara,39559.0,Center Attacking Midfield,35,Guinea,4892,['6681f71a-5b20-4131-9cbb-f42dcc01036e'],32,,,,,,,,,,,,,,,,,Guinea,4892,00:21:32.916,Ball Receipt*,
,,,,,,,,,,,,,,,,,,,,,,,,,,,,f4b422f6-3eb0-43e1-b81d-eb0b72ed6e4c,621,,"[14.3, 45.7]",3920389,21,,,,,,,,,,,,,,,,,,,,,,,,1,Regular Play,Joseph Fabrice Ondoa Ebogo,24670.0,Goalkeeper,36,Cameroon,2722,['765bbacf-487d-4785-895e-19bb5425d3a1'],35,,,,,,,,,,,,,,,,,Cameroon,2722,00:21:35.674,Ball Receipt*,
,,,,,,,,,,,,,,,,,,,,,,,,,,,,93a8064f-7cf2-4d7d-8dc9-4b5b1045fef4,624,,"[33.2, 37.1]",3920389,21,,,,,,,,,,,,,,,,,,,,,,,,1,Regular Play,André-Frank Zambo Anguissa,3141.0,Left Center Midfield,36,Cameroon,2722,['968e6b2e-8348-4e34-8012-9beaaa7ae537'],37,,,,,,,,,,,,,,,,,Cameroon,2722,00:21:37.693,Ball Receipt*,
,,,,,,,,,,,,,,,,,,,,,,,,,,,,b72c54f0-58c3-49dd-9177-764f20812e45,628,,"[58.2, 22.2]",3920389,21,,,,,,,,,,,,,,,,,,,,,,,,1,Regular Play,Karl Brillant Toko Ekambi,3551.0,Center Forward,36,Cameroon,2722,['f3e631b1-84b2-4f23-8ea7-443eef3f88d7'],45,,,,,,,,,,,,,,,,,Cameroon,2722,00:21:45.712,Ball Receipt*,
,,,,,,,,,,,,,,,,,,,,,,,,,,,,c91e6e14-95ae-4048-8c2e-bd32202e4f80,630,,"[23.1, 31.5]",3920389,21,,,,,,,,,,,,,,,,,,,,,,,,1,Regular Play,Joseph Fabrice Ondoa Ebogo,24670.0,Goalkeeper,36,Cameroon,2722,['0019c2af-820b-4d55-863b-1a5004bbd93d'],48,,,,,,,,,,,,,,,,,Cameroon,2722,00:21:48.943,Ball Receipt*,
,,,,,,,,,,,,,,,,,,,,,,,,,,,,daf5d1a6-aab8-42e6-932d-af9a751c3f83,633,,"[37.1, 55.2]",3920389,21,,,,,,,,,,,,,,,,,,,,,,,,1,Regular Play,Christopher Wooh,74588.0,Right Center Back,36,Cameroon,2722,['84ca2c5e-9554-43a9-8685-daf6d39c6e40'],52,,,,,,,,,,,,,,,,,Cameroon,2722,00:21:52.094,Ball Receipt*,
,,,,,,,,,,,,,,,,,,,,,,,,,,,,6c214974-9864-4e26-9390-0811d46233f2,636,,"[40.2, 35.3]",3920389,21,,,,,,,,,,,,,,,,,,,,,,,,1,Regular Play,Harold Moukoudi,7386.0,Left Center Back,36,Cameroon,2722,['c4961911-8222-48f4-8c72-884ab3551b93'],56,,,,,,,,,,,,,,,,,Cameroon,2722,00:21:56.328,Ball Receipt*,
,,,,,,,,,,,,,,,,,,,,,,,,,,,,d5b75ee1-b507-4d1e-b689-dc417dfd8611,639,,"[48.4, 17.0]",3920389,21,,,,,,,,,,,,,,,,,,,,,,,,1,Regular Play,Olivier Michel Kemen,7355.0,Center Defensive Midfield,36,Cameroon,2722,['69ee7bca-07dc-45d7-9d98-235d7b9c3884'],58,,,,,,,,,,,,,,,,,Cameroon,2722,00:21:58.296,Ball Receipt*,
,,,,,,,,,,,,,,,,,,,,,,,,,,,,fb67de9e-dcc2-4f92-8bfc-3757b7a11d05,642,,"[67.5, 34.1]",3920389,22,,,,,,,,,,,,,,,,,,,,,,,,1,Regular Play,André-Frank Zambo Anguissa,3141.0,Left Center Midfield,36,Cameroon,2722,['8d0b0c06-b5c8-4cf5-92b6-cc8bad126bfa'],5,,,,,,,,,,,,,,,,,Cameroon,2722,00:22:05.371,Ball Receipt*,
,,,,,,,,,,,,,,,,,,,,,,,,,,,,47d2c263-c940-4392-b594-ba8fa2a8760d,644,,"[65.7, 20.7]",3920389,22,,,,,,,,,,,,,,,,,,,,,,,,1,Regular Play,Olivier Michel Kemen,7355.0,Center Defensive Midfield,36,Cameroon,2722,['2da9ba58-ed04-41d5-9e02-e93dd6b7d1fc'],6,,,,,,,,,,,,,,,,,Cameroon,2722,00:22:06.182,Ball Receipt*,
,,,,,,,,,,,,,,,,,,,,,,,,,,,,c09dc2f7-6301-4a20-8f6d-22a319078056,647,,"[72.3, 9.9]",3920389,22,,,,,,,,,,,,,,,,,,,,,,,,1,Regular Play,Jules Olivier Ntcham,10530.0,Right Center Midfield,36,Cameroon,2722,['1363e309-6c3f-45ff-8330-78b8741553f2'],7,,,,,,,,,,,,,,,,,Cameroon,2722,00:22:07.939,Ball Receipt*,
,,,,,,,,,,,,,,,,,,,,,,,,,,,,d45a4584-bb0c-4d86-bd7b-06631b3a0124,650,,"[61.4, 10.2]",3920389,22,,,,,,,,,,,,,,,,,,,,,,,,1,Regular Play,Olivier Michel Kemen,7355.0,Center Defensive Midfield,36,Cameroon,2722,['e85d547c-398a-450c-97f2-5637c8fe2a7e'],11,,,,,,,,,,,,,,,,,Cameroon,2722,00:22:11.196,Ball Receipt*,
,,,,,,,,,,,,,,,,,,,,,,,,,,,,fee78cf4-763f-4a68-b785-d1f06b0996fa,653,,"[65.8, 7.7]",3920389,22,,,,,,,,,,,,,,,,,,,,,,,,1,Regular Play,Jules Olivier Ntcham,10530.0,Right Center Midfield,36,Cameroon,2722,['dd828331-fbee-4235-b420-76ccf739539e'],17,,,,,,,,,,,,,,,,,Cameroon,2722,00:22:17.704,Ball Receipt*,
,Incomplete,,,,,,,,,,,,,,,,,,,,,,,,,,,244fb44c-81fb-4535-9129-1775d3fbb97f,656,,"[96.3, 7.7]",3920389,22,,,,,,,,,,,,,,,,,,,,,,,,1,Regular Play,Darlin Zidane Yongwa Ngameni,32190.0,Left Back,36,Cameroon,2722,['a21df3d1-093b-4497-82de-fd3e299e691d'],20,,,,,,,,,,,,,,,,,Cameroon,2722,00:22:20.433,Ball Receipt*,
,Incomplete,,,,,,,,,,,,,,,,,,,,,,,,,,,bd08de2e-324b-4336-b0e8-687ea9cdebf3,658,,"[37.8, 75.6]",3920389,22,,,,,,,,,,,,,,,,,,,,,,,,1,Regular Play,Antoine Conte,131849.0,Right Back,36,Cameroon,2722,['7f877fdd-1c62-4618-a943-783a2112951a'],22,,,,,,,,,,,,,,,,,Guinea,4892,00:22:22.588,Ball Receipt*,
,,,,,,,,,,,,,,,,,,,,,,,,,,,,c798ec04-307a-4a82-8de5-19627a3fe9eb,661,,"[61.0, 5.4]",3920389,22,,,,,,,,,,,,,,,,,,,,,,,,1,From Throw In,Olivier Michel Kemen,7355.0,Center Defensive Midfield,37,Cameroon,2722,['2ce86147-92cc-49a9-8e8d-d5c7d75381ee'],32,,,,,,,,,,,,,,,,,Cameroon,2722,00:22:32.695,Ball Receipt*,
,,,,,,,,,,,,,,,,,,,,,,,,,,,,bb217be1-051f-44c4-a856-aa54f427f47f,664,,"[56.3, 52.3]",3920389,22,,,,,,,,,,,,,,,,,,,,,,,,1,From Throw In,Christopher Wooh,74588.0,Right Center Back,37,Cameroon,2722,['02e7decf-f9de-4a88-add9-5b6434d996b3'],38,,,,,,,,,,,,,,,,,Cameroon,2722,00:22:38.778,Ball Receipt*,
,,,,,,,,,,,,,,,,,,,,,,,,,,,,788a9487-3473-4066-9bff-7cf6d9bb9f1f,667,,"[73.3, 73.5]",3920389,22,,,,,,,,,,,,,,,,,,,,,,,,1,From Throw In,Jean-Charles Castelletto,7426.0,Right Back,37,Cameroon,2722,['681222c8-dcb7-41fa-9b75-4773bb551c32'],41,,,,,,,,,,,,,,,,,Cameroon,2722,00:22:41.592,Ball Receipt*,
,,,,,,,,,,,,,,,,,,,,,,,,,,,,cbbe6d07-4020-4534-a13b-f2c978e3138a,670,,"[80.2, 60.5]",3920389,22,,,,,,,,,,,,,,,,,,,,,,,,1,From Throw In,Jules Olivier Ntcham,10530.0,Right Center Midfield,37,Cameroon,2722,['7c551c44-925a-4dab-9eab-7f2445308c52'],44,,,,,,,,,,,,,,,,,Cameroon,2722,00:22:44.277,Ball Receipt*,
,,,,,,,,,,,,,,,,,,,,,,,,,,,,1e58c977-097f-4845-8394-c036c3bb6d85,674,,"[52.8, 61.0]",3920389,22,,,,,,,,,,,,,,,,,,,,,,,,1,From Throw In,Christopher Wooh,74588.0,Right Center Back,37,Cameroon,2722,['c8882231-d378-4e43-a1a5-201a8f6f36c4'],48,,,,,,,,,,,,,,,,,Cameroon,2722,00:22:48.468,Ball Receipt*,
,,,,,,,,,,,,,,,,,,,,,,,,,,,,3ef67989-7879-4fd6-a77e-c3b462c362d5,677,,"[51.3, 38.0]",3920389,22,,,,,,,,,,,,,,,,,,,,,,,,1,From Throw In,Harold Moukoudi,7386.0,Left Center Back,37,Cameroon,2722,['ba78368e-926d-4a7f-8da0-35ab390ff26c'],50,,,,,,,,,,,,,,,,,Cameroon,2722,00:22:50.518,Ball Receipt*,
,,,,,,,,,,,,,,,,,,,,,,,,,,,,8fd43c6a-537e-4dbb-a501-002f7e1563d1,680,,"[61.3, 11.5]",3920389,22,,,,,,,,,,,,,,,,,,,,,,,,1,From Throw In,Darlin Zidane Yongwa Ngameni,32190.0,Left Back,37,Cameroon,2722,['254f8b5c-cd2f-4252-baf3-5192731560b1'],52,,,,,,,,,,,,,,,,,Cameroon,2722,00:22:52.865,Ball Receipt*,
,,,,,,,,,,,,,,,,,,,,,,,,,,,,c592be5a-082b-428d-89de-cc8f128329ff,683,,"[71.9, 2.5]",3920389,22,,,,,,,,,,,,,,,,,,,,,,,,1,From Throw In,Georges-Kévin Nkoudou Mbida,3639.0,Left Wing,37,Cameroon,2722,['f9a7830b-81a9-4020-83f0-fe527bc65569'],54,,,,,,,,,,,,,,,,,Cameroon,2722,00:22:54.973,Ball Receipt*,
,,,,,,,,,,,,,,,,,,,,,,,,,,,,78b3a6ae-daaa-4e49-b553-262b064f3551,687,,"[57.9, 9.6]",3920389,22,,,,,,,,,,,,,,,,,,,,,,,,1,From Throw In,Darlin Zidane Yongwa Ngameni,32190.0,Left Back,37,Cameroon,2722,['1f1495aa-eae7-47df-8209-6d3e4edab14a'],57,,,,,,,,,,,,,,,,,Cameroon,2722,00:22:57.250,Ball Receipt*,
,,,,,,,,,,,,,,,,,,,,,,,,,,,,5b43aa8a-ded9-4254-9a75-b7c5aa25b31d,690,,"[57.2, 23.1]",3920389,22,,,,,,,,,,,,,,,,,,,,,,,,1,From Throw In,Olivier Michel Kemen,7355.0,Center Defensive Midfield,37,Cameroon,2722,['49439a2f-fe9b-4c7c-aea3-fad6a4ec226d'],58,,,,,,,,,,,,,,,,,Cameroon,2722,00:22:58.755,Ball Receipt*,
,Incomplete,,,,,,,,,,,,,,,,,,,,,,,,,,,b17fda59-e1f7-4aa6-a86d-fbe5a5179a17,694,,"[85.4, 14.5]",3920389,23,,,,,,,,,,,,,,,,,,,,,,,,1,From Throw In,Georges-Kévin Nkoudou Mbida,3639.0,Left Wing,37,Cameroon,2722,['1dab809c-8cd6-4b51-906b-56c531e931b9'],3,,,,,,,,,,,,,,,,,Cameroon,2722,00:23:03.179,Ball Receipt*,
,,,,,,,,,,,,,,,,,,,,,,,,,,,,311543da-b23a-4372-b025-ba635e78bc2e,697,,"[48.8, 10.6]",3920389,23,,,,,,,,,,,,,,,,,,,,,,,,1,From Throw In,Harold Moukoudi,7386.0,Left Center Back,38,Cameroon,2722,['ed92ae91-83d7-496b-9c18-52df35173b0a'],10,,,,,,,,,,,,,,,,,Cameroon,2722,00:23:10.797,Ball Receipt*,
,,,,,,,,,,,,,,,,,,,,,,,,,,,,675ff7cf-ae7e-4d99-929e-48279884e175,699,,"[58.9, 6.0]",3920389,23,,,,,,,,,,,,,,,,,,,,,,,,1,From Throw In,Darlin Zidane Yongwa Ngameni,32190.0,Left Back,38,Cameroon,2722,['91fe4926-e279-4677-93b3-b2a5af0a5cbc'],12,,,,,,,,,,,,,,,,,Cameroon,2722,00:23:12.730,Ball Receipt*,
,,,,,,,,,,,,,,,,,,,,,,,,,,,,96ca8a46-63cf-4a1c-a577-cd57998e4497,703,,"[115.5, 13.2]",3920389,23,,,,,,,,,,,,,,,,,,,,,,,,1,From Throw In,Karl Brillant Toko Ekambi,3551.0,Center Forward,38,Cameroon,2722,"['f0bb6a82-3ae9-4010-a47e-fad11dce9d56', 'dd041690-f9c0-46af-b373-05f806897654']",18,,,,,,,,,,,,,,,,,Cameroon,2722,00:23:18.264,Ball Receipt*,True
,,,,,,,,,,,,,,,,,,,,,,,,,,,,b8c6c414-2998-4888-a16f-c3181ece1943,707,,"[69.4, 66.5]",3920389,23,,,,,,,,,,,,,,,,,,,,,,,,1,From Goal Kick,Morgan Guilavogui,47351.0,Right Wing,39,Guinea,4892,['be43d729-407a-43d9-ae2c-5f6271e14435'],58,,,,,,,,,,,,,,,,,Guinea,4892,00:23:58.954,Ball Receipt*,
,Incomplete,,,,,,,,,,,,,,,,,,,,,,,,,,,c8428ad3-9945-42a0-af00-a6b4ce193e28,710,,"[99.1, 58.0]",3920389,24,,,,,,,,,,,,,,,,,,,,,,,,1,From Goal Kick,Mohamed Bayo,8454.0,Center Forward,39,Guinea,4892,['ff88dba7-adee-46dc-b3ac-32adfb395f79'],2,,,,,,,,,,,,,,,,,Guinea,4892,00:24:02.914,Ball Receipt*,
,,,,,,,,,,,,,,,,,,,,,,,,,,,,57eb3a5d-9e15-44c1-9c0a-af20de669744,714,,"[15.8, 53.3]",3920389,24,,,,,,,,,,,,,,,,,,,,,,,,1,From Keeper,Christopher Wooh,74588.0,Right Center Back,40,Cameroon,2722,['6a68c6a1-eae5-414e-a846-f2419b53e31d'],11,,,,,,,,,,,,,,,,,Cameroon,2722,00:24:11.822,Ball Receipt*,
,,,,,,,,,,,,,,,,,,,,,,,,,,,,43f6b634-e427-446e-9f95-32cfab37f61c,717,,"[42.1, 21.9]",3920389,24,,,,,,,,,,,,,,,,,,,,,,,,1,From Keeper,André-Frank Zambo Anguissa,3141.0,Left Center Midfield,40,Cameroon,2722,['14d966c2-521d-4328-b3cb-f71a56f989cd'],16,,,,,,,,,,,,,,,,,Cameroon,2722,00:24:16.836,Ball Receipt*,
,,,,,,,,,,,,,,,,,,,,,,,,,,,,35157618-4ba9-497a-a191-d722519142ad,720,,"[61.8, 23.9]",3920389,24,,,,,,,,,,,,,,,,,,,,,,,,1,From Keeper,Georges-Kévin Nkoudou Mbida,3639.0,Left Wing,40,Cameroon,2722,['7d48fb4b-69af-44e3-90c7-1d51d7f262fb'],20,,,,,,,,,,,,,,,,,Cameroon,2722,00:24:20.615,Ball Receipt*,
,,,,,,,,,,,,,,,,,,,,,,,,,,,,4d58cb96-c13d-4efd-ab43-71c889498b6e,724,,"[60.4, 66.7]",3920389,24,,,,,,,,,,,,,,,,,,,,,,,,1,From Keeper,Jean-Charles Castelletto,7426.0,Right Back,40,Cameroon,2722,['5a610927-6289-4a64-bf1b-0e99928e1087'],25,,,,,,,,,,,,,,,,,Cameroon,2722,00:24:25.361,Ball Receipt*,
,,,,,,,,,,,,,,,,,,,,,,,,,,,,df580808-7587-4e14-a6da-d56fdddf8ee0,728,,"[75.3, 67.8]",3920389,24,,,,,,,,,,,,,,,,,,,,,,,,1,From Keeper,Frank Magri,189348.0,Right Wing,40,Cameroon,2722,"['93c4ab53-e798-4b20-abda-6bc8becffc11', '2da69ca4-e25e-4507-bf27-6f812b2cf323']",27,,,,,,,,,,,,,,,,,Cameroon,2722,00:24:27.098,Ball Receipt*,True
,,,,,,,,,,,,,,,,,,,,,,,,,,,,df03a08b-64f1-4321-b0fe-5b3b43888faa,734,,"[34.3, 17.5]",3920389,24,,,,,,,,,,,,,,,,,,,,,,,,1,Regular Play,Julian Jeanvier,7360.0,Left Center Back,41,Guinea,4892,['6191ca57-8cd3-4f56-ba20-e21746636e51'],30,,,,,,,,,,,,,,,,,Guinea,4892,00:24:30.906,Ball Receipt*,
,,,,,,,,,,,,,,,,,,,,,,,,,,,,80fa7cc3-a04f-437b-9111-f0eb756fa68e,736,,"[36.2, 22.4]",3920389,24,,,,,,,,,,,,,,,,,,,,,,,,1,Regular Play,Mory Konaté,35285.0,Right Defensive Midfield,41,Guinea,4892,['eebb542a-5050-469f-b712-ce2befb9ac2d'],31,,,,,,,,,,,,,,,,,Guinea,4892,00:24:31.634,Ball Receipt*,
,,,,,,,,,,,,,,,,,,,,,,,,,,,,a4224402-1493-4917-a47d-ebcea1bd834f,738,,"[31.3, 12.0]",3920389,24,,,,,,,,,,,,,,,,,,,,,,,,1,Regular Play,Julian Jeanvier,7360.0,Left Center Back,41,Guinea,4892,['5d0f1e76-42bd-4cf3-aa9e-2802e1e23bac'],32,,,,,,,,,,,,,,,,,Guinea,4892,00:24:32.466,Ball Receipt*,
,Incomplete,,,,,,,,,,,,,,,,,,,,,,,,,,,c79bbd2a-7e5b-4eac-a1fc-2a3d8ad04af5,741,,"[64.0, 10.3]",3920389,24,,,,,,,,,,,,,,,,,,,,,,,,1,Regular Play,Mohamed Bayo,8454.0,Center Forward,41,Guinea,4892,['edecdb56-e502-42bd-b1a9-4f5c231a6f19'],39,,,,,,,,,,,,,,,,,Guinea,4892,00:24:39.017,Ball Receipt*,
,,,,,,,,,,,,,,,,,,,,,,,,,,,,d69725df-839c-4998-9dca-cfbb37fda8cd,744,,"[23.8, 58.3]",3920389,24,,,,,,,,,,,,,,,,,,,,,,,,1,Regular Play,Joseph Fabrice Ondoa Ebogo,24670.0,Goalkeeper,42,Cameroon,2722,['bf0bf45b-7da6-456a-a595-a6a4e7678afa'],41,,,,,,,,,,,,,,,,,Cameroon,2722,00:24:41.298,Ball Receipt*,
,,,,,,,,,,,,,,,,,,,,,,,,,,,,5b23c8d1-11eb-4929-b8d0-f12e510d5787,746,,"[39.2, 56.5]",3920389,24,,,,,,,,,,,,,,,,,,,,,,,,1,Regular Play,Olivier Michel Kemen,7355.0,Center Defensive Midfield,42,Cameroon,2722,['16f3151d-178a-4c27-8935-1990fa55f31f'],43,,,,,,,,,,,,,,,,,Cameroon,2722,00:24:43.393,Ball Receipt*,
,,,,,,,,,,,,,,,,,,,,,,,,,,,,f47a8e21-51a8-41aa-a5b9-6296508703b9,749,,"[50.3, 17.9]",3920389,24,,,,,,,,,,,,,,,,,,,,,,,,1,Regular Play,Harold Moukoudi,7386.0,Left Center Back,42,Cameroon,2722,['91e63779-f35e-4c1b-946e-9ae718a6acd6'],51,,,,,,,,,,,,,,,,,Cameroon,2722,00:24:51.778,Ball Receipt*,
,,,,,,,,,,,,,,,,,,,,,,,,,,,,5515861e-3fab-4979-b4e2-dc09f47b5f16,752,,"[57.2, 53.6]",3920389,24,,,,,,,,,,,,,,,,,,,,,,,,1,Regular Play,Christopher Wooh,74588.0,Right Center Back,42,Cameroon,2722,['e3871269-2810-4f7c-98cf-bdd78ac39efc'],55,,,,,,,,,,,,,,,,,Cameroon,2722,00:24:55.901,Ball Receipt*,
,,,,,,,,,,,,,,,,,,,,,,,,,,,,4ae87aac-78a2-4c45-9e5c-9973836dea83,755,,"[80.0, 74.8]",3920389,24,,,,,,,,,,,,,,,,,,,,,,,,1,Regular Play,Frank Magri,189348.0,Right Wing,42,Cameroon,2722,['b8c8a331-d5f6-4bd7-b5ad-6777e785c2aa'],58,,,,,,,,,,,,,,,,,Cameroon,2722,00:24:58.602,Ball Receipt*,
,,,,,,,,,,,,,,,,,,,,,,,,,,,,f97bf123-44fd-4975-96c1-a7f81c089c48,759,,"[66.2, 46.8]",3920389,25,,,,,,,,,,,,,,,,,,,,,,,,1,Regular Play,Olivier Michel Kemen,7355.0,Center Defensive Midfield,42,Cameroon,2722,['ed81ec62-5b29-4b51-bf57-4e65b6b75ddb'],4,,,,,,,,,,,,,,,,,Cameroon,2722,00:25:04.674,Ball Receipt*,
,,,,,,,,,,,,,,,,,,,,,,,,,,,,36ccb9a4-f6f1-43fc-bb92-cde5af53798d,762,,"[80.2, 71.0]",3920389,25,,,,,,,,,,,,,,,,,,,,,,,,1,Regular Play,Jules Olivier Ntcham,10530.0,Right Center Midfield,42,Cameroon,2722,['a170f08f-d7f5-44e7-b589-1c6a7fef5da4'],9,,,,,,,,,,,,,,,,,Cameroon,2722,00:25:09.383,Ball Receipt*,
,,,,,,,,,,,,,,,,,,,,,,,,,,,,d68ba877-2a48-41c0-ad39-9abd68c31562,765,,"[62.2, 54.2]",3920389,25,,,,,,,,,,,,,,,,,,,,,,,,1,Regular Play,Christopher Wooh,74588.0,Right Center Back,42,Cameroon,2722,['fde419b8-a490-4828-9fa7-c9be0d747966'],14,,,,,,,,,,,,,,,,,Cameroon,2722,00:25:14.143,Ball Receipt*,
,,,,,,,,,,,,,,,,,,,,,,,,,,,,670bf50a-076b-4847-a800-6a30090270bf,768,,"[65.0, 25.0]",3920389,25,,,,,,,,,,,,,,,,,,,,,,,,1,Regular Play,Harold Moukoudi,7386.0,Left Center Back,42,Cameroon,2722,['d881b080-808b-49f2-bf72-e2b9734c07f3'],17,,,,,,,,,,,,,,,,,Cameroon,2722,00:25:17.117,Ball Receipt*,
,,,,,,,,,,,,,,,,,,,,,,,,,,,,961a3473-182e-48a8-8d03-f3971e3c47ee,771,,"[87.7, 4.1]",3920389,25,,,,,,,,,,,,,,,,,,,,,,,,1,Regular Play,Darlin Zidane Yongwa Ngameni,32190.0,Left Back,42,Cameroon,2722,['6cfdc540-a48a-4e36-b8bb-a86be21f7d76'],20,,,,,,,,,,,,,,,,,Cameroon,2722,00:25:20.155,Ball Receipt*,
,Incomplete,,,,,,,,,,,,,,,,,,,,,,,,,,,b6e05e7e-51cc-460c-bd15-9e50478022ca,774,,"[90.5, 11.5]",3920389,25,,,,,,,,,,,,,,,,,,,,,,,,1,Regular Play,Karl Brillant Toko Ekambi,3551.0,Center Forward,42,Cameroon,2722,['2b438864-bb93-4aab-901f-c6f5d11f237a'],22,,,,,,,,,,,,,,,,,Cameroon,2722,00:25:22.713,Ball Receipt*,
,,,,,,,,,,,,,,,,,,,,,,,,,,,,7ca0641c-0c4c-44b8-885a-ec2d1874ea74,778,,"[30.3, 61.6]",3920389,25,,,,,,,,,,,,,,,,,,,,,,,,1,Regular Play,Moriba Kourouma Kourouma,39073.0,Left Defensive Midfield,42,Cameroon,2722,['ffcaf8f6-72a3-4599-bf58-2df94a47a1fb'],25,,,,,,,,,,,,,,,,,Guinea,4892,00:25:25.072,Ball Receipt*,
,,,,,,,,,,,,,,,,,,,,,,,,,,,,17f3fa0a-09cc-4ed4-9139-1425648d5c5c,783,,"[87.7, 34.7]",3920389,25,,,,,,,,,,,,,,,,,,,,,,,,1,Regular Play,Jules Olivier Ntcham,10530.0,Right Center Midfield,42,Cameroon,2722,['ae2abaea-3779-43e5-b632-aec61713b7b8'],29,,,,,,,,,,,,,,,,,Cameroon,2722,00:25:29.103,Ball Receipt*,
,Incomplete,,,,,,,,,,,,,,,,,,,,,,,,,,,6a477cc2-9e7f-4b7d-b121-7970d41e5f31,787,,"[102.4, 50.8]",3920389,25,,,,,,,,,,,,,,,,,,,,,,,,1,Regular Play,Frank Magri,189348.0,Right Wing,42,Cameroon,2722,['fc76dda5-7012-4108-a268-59a07699dd2a'],32,,,,,,,,,,,,,,,,,Cameroon,2722,00:25:32.312,Ball Receipt*,
,,,,,,,,,,,,,,,,,,,,,,,,,,,,f1b4b56a-9e30-45bf-88c9-1287b4877e38,790,,"[4.5, 34.9]",3920389,25,,,,,,,,,,,,,,,,,,,,,,,,1,Regular Play,Ibrahim Kone,182573.0,Goalkeeper,42,Cameroon,2722,['ca076311-66a4-4f42-9f6d-dee0d907268f'],34,,,,,,,,,,,,,,,,,Guinea,4892,00:25:34.087,Ball Receipt*,
,Incomplete,,,,,,,,,,,,,,,,,,,,,,,,,,,ebe0a269-721a-4912-be82-bb9b80a5a89a,792,,"[52.6, 26.4]",3920389,25,,,,,,,,,,,,,,,,,,,,,,,,1,Regular Play,Mohamed Bayo,8454.0,Center Forward,42,Cameroon,2722,['7ea14dda-66d5-4399-a5dd-22e6a6548cd7'],37,,,,,,,,,,,,,,,,,Guinea,4892,00:25:37.600,Ball Receipt*,
,,,,,,,,,,,,,,,,,,,,,,,,,,,,c430cd0f-6640-4fc0-beda-5f55e320fdda,794,,"[66.2, 40.1]",3920389,25,,,,,,,,,,,,,,,,,,,,,,,,1,Regular Play,Olivier Michel Kemen,7355.0,Center Defensive Midfield,42,Cameroon,2722,['98cbc4e3-e33f-4bfa-a391-5920ab825418'],38,,,,,,,,,,,,,,,,,Cameroon,2722,00:25:38.709,Ball Receipt*,
,,,,,,,,,,,,,,,,,,,,,,,,,,,,f91248de-abf6-4e84-ac16-9d168e80729f,797,,"[45.5, 24.0]",3920389,25,,,,,,,,,,,,,,,,,,,,,,,,1,Regular Play,Harold Moukoudi,7386.0,Left Center Back,42,Cameroon,2722,['1f7438ad-9522-48a0-8004-4fc60cf2c00c'],42,,,,,,,,,,,,,,,,,Cameroon,2722,00:25:42.168,Ball Receipt*,
,,,,,,,,,,,,,,,,,,,,,,,,,,,,3accbb6b-86ed-419f-bede-eb04acb9892d,800,,"[47.1, 29.7]",3920389,25,,,,,,,,,,,,,,,,,,,,,,,,1,Regular Play,Olivier Michel Kemen,7355.0,Center Defensive Midfield,42,Cameroon,2722,['59c17904-fdc9-4372-ae75-0a7adea0456d'],45,,,,,,,,,,,,,,,,,Cameroon,2722,00:25:45.901,Ball Receipt*,
,,,,,,,,,,,,,,,,,,,,,,,,,,,,f09c40c4-8503-4743-82fb-f66ec32ed81b,804,,"[95.5, 50.6]",3920389,25,,,,,,,,,,,,,,,,,,,,,,,,1,Regular Play,Karl Brillant Toko Ekambi,3551.0,Center Forward,42,Cameroon,2722,"['9c7605d6-c0a0-4694-b0dd-abe7b11d137e', '1f656cae-3937-4fee-9855-1e22e7ebf8f6']",50,,,,,,,,,,,,,,,,,Cameroon,2722,00:25:50.859,Ball Receipt*,True
,,,,,,,,,,,,,,,,,,,,,,,,,,,,3907ee00-8e52-4904-921e-6f72a0a3bd2e,807,,"[109.4, 65.3]",3920389,25,,,,,,,,,,,,,,,,,,,,,,,,1,Regular Play,Frank Magri,189348.0,Right Wing,42,Cameroon,2722,['67abb244-8cb1-4429-a3a3-45cbf705d0df'],55,,,,,,,,,,,,,,,,,Cameroon,2722,00:25:55.147,Ball Receipt*,
,,,,,,,,,,,,,,,,,,,,,,,,,,,,7d6f6440-5a14-40cc-879c-3635cbddcd2e,809,,"[110.1, 11.1]",3920389,25,,,,,,,,,,,,,,,,,,,,,,,,1,Regular Play,Darlin Zidane Yongwa Ngameni,32190.0,Left Back,42,Cameroon,2722,['8999eed4-12cd-4d81-92d9-753efe9d832e'],58,,,,,,,,,,,,,,,,,Cameroon,2722,00:25:58.500,Ball Receipt*,
,Incomplete,,,,,,,,,,,,,,,,,,,,,,,,,,,d3831b40-31c0-4ede-8480-a091c270e585,812,,"[113.5, 32.6]",3920389,26,,,,,,,,,,,,,,,,,,,,,,,,1,Regular Play,Georges-Kévin Nkoudou Mbida,3639.0,Left Wing,42,Cameroon,2722,['97cef414-0023-49aa-be8c-1436604d19ad'],0,,,,,,,,,,,,,,,,,Cameroon,2722,00:26:00.228,Ball Receipt*,
,,,,,,,,,,,,,,,,,,,,,,,,,,,,c89f06d9-50c8-4b55-aeef-3375cd1f9553,820,,"[79.4, 1.8]",3920389,26,,,,,,,,,,,,,,,,,,,,,,,,1,From Throw In,André-Frank Zambo Anguissa,3141.0,Left Center Midfield,43,Cameroon,2722,['5fc11567-3203-418d-bcfd-37a158279011'],9,,,,,,,,,,,,,,,,,Cameroon,2722,00:26:09.417,Ball Receipt*,
,,,,,,,,,,,,,,,,,,,,,,,,,,,,7176427b-86f8-4856-940a-30330983d815,823,,"[61.9, 35.7]",3920389,26,,,,,,,,,,,,,,,,,,,,,,,,1,From Throw In,Harold Moukoudi,7386.0,Left Center Back,43,Cameroon,2722,['920bb967-1f4f-4390-b6c2-b5b44ba39aa3'],15,,,,,,,,,,,,,,,,,Cameroon,2722,00:26:15.330,Ball Receipt*,
,,,,,,,,,,,,,,,,,,,,,,,,,,,,26334b45-f7d6-4c2d-a11d-db87af2c7420,826,,"[61.8, 25.6]",3920389,26,,,,,,,,,,,,,,,,,,,,,,,,1,From Throw In,Olivier Michel Kemen,7355.0,Center Defensive Midfield,43,Cameroon,2722,['b228bd80-57e3-4335-9e41-efe3717cbb57'],18,,,,,,,,,,,,,,,,,Cameroon,2722,00:26:18.701,Ball Receipt*,
,,,,,,,,,,,,,,,,,,,,,,,,,,,,a52a1d96-bef7-42dd-8cca-d4308eb67ed0,829,,"[73.3, 10.4]",3920389,26,,,,,,,,,,,,,,,,,,,,,,,,1,From Throw In,André-Frank Zambo Anguissa,3141.0,Left Center Midfield,43,Cameroon,2722,['a782819e-aa78-4659-baaa-3214469231d5'],20,,,,,,,,,,,,,,,,,Cameroon,2722,00:26:20.779,Ball Receipt*,
,,,,,,,,,,,,,,,,,,,,,,,,,,,,5542b7e3-64a1-49b6-af7c-42b01e487605,832,,"[91.5, 1.1]",3920389,26,,,,,,,,,,,,,,,,,,,,,,,,1,From Throw In,Darlin Zidane Yongwa Ngameni,32190.0,Left Back,43,Cameroon,2722,['60d326d3-b95c-4156-a81d-72146f287f01'],23,,,,,,,,,,,,,,,,,Cameroon,2722,00:26:23.083,Ball Receipt*,
,,,,,,,,,,,,,,,,,,,,,,,,,,,,10e42c7a-7a94-49e0-9fb6-dafaa6ab4fc1,836,,"[88.7, 11.4]",3920389,26,,,,,,,,,,,,,,,,,,,,,,,,1,From Throw In,Jules Olivier Ntcham,10530.0,Right Center Midfield,43,Cameroon,2722,"['f5235f81-efe1-403f-92f0-1b4f547e1bc7', 'dc84413c-026d-462a-b17d-4d525629141b']",25,,,,,,,,,,,,,,,,,Cameroon,2722,00:26:25.400,Ball Receipt*,True
,,,,,,,,,,,,,,,,,,,,,,,,,,,,77786319-4647-4d1b-8761-4136d5d05269,838,,"[86.2, 3.5]",3920389,26,,,,,,,,,,,,,,,,,,,,,,,,1,From Throw In,Darlin Zidane Yongwa Ngameni,32190.0,Left Back,43,Cameroon,2722,['43ee0daa-8a6c-49e5-9ea3-0d6804f62378'],26,,,,,,,,,,,,,,,,,Cameroon,2722,00:26:26.546,Ball Receipt*,
,,,,,,,,,,,,,,,,,,,,,,,,,,,,59130b04-172c-4489-8c4f-5506c9b7fb37,842,,"[91.8, 1.6]",3920389,26,,,,,,,,,,,,,,,,,,,,,,,,1,From Throw In,Georges-Kévin Nkoudou Mbida,3639.0,Left Wing,43,Cameroon,2722,"['cc4aca3e-0789-444e-94fd-0d27de7dfeac', 'af3089b9-27fc-4f2e-8d6d-1ca10021a0ce']",27,,,,,,,,,,,,,,,,,Cameroon,2722,00:26:27.901,Ball Receipt*,True
,,,,,,,,,,,,,,,,,,,,,,,,,,,,9c7a798f-2647-4bd9-9526-1bba03bd76fb,845,,"[66.7, 10.2]",3920389,26,,,,,,,,,,,,,,,,,,,,,,,,1,From Throw In,Olivier Michel Kemen,7355.0,Center Defensive Midfield,43,Cameroon,2722,['522c1205-4153-4438-ab1e-c6bd852b42c0'],32,,,,,,,,,,,,,,,,,Cameroon,2722,00:26:32.973,Ball Receipt*,
,,,,,,,,,,,,,,,,,,,,,,,,,,,,172054fe-5eb8-4628-8e3a-46fa28910e22,848,,"[70.0, 60.6]",3920389,26,,,,,,,,,,,,,,,,,,,,,,,,1,From Throw In,Christopher Wooh,74588.0,Right Center Back,43,Cameroon,2722,['5ac5fcf7-9f05-4a67-a335-c86558f14d1e'],36,,,,,,,,,,,,,,,,,Cameroon,2722,00:26:36.915,Ball Receipt*,
,,,,,,,,,,,,,,,,,,,,,,,,,,,,7eb2ce4f-a223-433c-84f9-cd2e40e75f61,852,,"[103.3, 72.7]",3920389,26,,,,,,,,,,,,,,,,,,,,,,,,1,From Throw In,Jean-Charles Castelletto,7426.0,Right Back,43,Cameroon,2722,['e55d5b5c-a433-4609-9379-c812f9676681'],40,,,,,,,,,,,,,,,,,Cameroon,2722,00:26:40.635,Ball Receipt*,
,,,,,,,,,,,,,,,,,,,,,,,,,,,,927a9aaa-c89b-45f8-a85e-25ab1ed56acf,855,,"[86.8, 52.3]",3920389,26,,,,,,,,,,,,,,,,,,,,,,,,1,From Throw In,Jules Olivier Ntcham,10530.0,Right Center Midfield,43,Cameroon,2722,['f862935a-f5f1-46a8-86f4-5a5bffd6bd31'],44,,,,,,,,,,,,,,,,,Cameroon,2722,00:26:44.740,Ball Receipt*,
,,,,,,,,,,,,,,,,,,,,,,,,,,,,9d2c341e-4fe9-4c5a-aa08-e04f7002f2e5,857,,"[81.5, 63.8]",3920389,26,,,,,,,,,,,,,,,,,,,,,,,,1,From Throw In,Christopher Wooh,74588.0,Right Center Back,43,Cameroon,2722,['9d0575d8-4fa5-4292-97b2-968d393ada6b'],45,,,,,,,,,,,,,,,,,Cameroon,2722,00:26:45.580,Ball Receipt*,
,,,,,,,,,,,,,,,,,,,,,,,,,,,,4a78f161-985b-46b0-979f-eec39cd38af0,860,,"[68.5, 49.1]",3920389,26,,,,,,,,,,,,,,,,,,,,,,,,1,From Throw In,Harold Moukoudi,7386.0,Left Center Back,43,Cameroon,2722,['4b343f2b-4776-4da2-a247-27e41f48a8cb'],49,,,,,,,,,,,,,,,,,Cameroon,2722,00:26:49.071,Ball Receipt*,
,,,,,,,,,,,,,,,,,,,,,,,,,,,,5c5e58c1-8c68-4330-8fc3-c95cc866c0f3,863,,"[70.4, 30.5]",3920389,26,,,,,,,,,,,,,,,,,,,,,,,,1,From Throw In,Olivier Michel Kemen,7355.0,Center Defensive Midfield,43,Cameroon,2722,['45d5350c-c2a2-483f-ade6-7aa49b1f430d'],50,,,,,,,,,,,,,,,,,Cameroon,2722,00:26:50.986,Ball Receipt*,
,Incomplete,,,,,,,,,,,,,,,,,,,,,,,,,,,d0e6dd6c-e97d-4a69-bbb9-0f4434753d47,866,,"[104.1, 54.2]",3920389,26,,,,,,,,,,,,,,,,,,,,,,,,1,From Throw In,Jean-Charles Castelletto,7426.0,Right Back,43,Cameroon,2722,['e74e816f-226f-49ec-97f6-ae12a0a1534c'],56,,,,,,,,,,,,,,,,,Cameroon,2722,00:26:56.067,Ball Receipt*,
,Incomplete,,,,,,,,,,,,,,,,,,,,,,,,,,,3869587c-d65f-4869-a380-d07d1dd06ebc,870,,"[82.8, 48.6]",3920389,27,,,,,,,,,,,,,,,,,,,,,,,,1,From Throw In,Aguibou Camara,39559.0,Center Attacking Midfield,43,Cameroon,2722,['4a120c43-1164-41ef-ae11-96687af9afb0'],23,,,,,,,,,,,,,,,,,Guinea,4892,00:27:23.149,Ball Receipt*,
,,,,,,,,,,,,,,,,,,,,,,,,,,,,2fea4518-6657-42c6-8fbc-e679aba3efeb,873,,"[55.4, 33.2]",3920389,27,,,,,,,,,,,,,,,,,,,,,,,,1,From Throw In,André-Frank Zambo Anguissa,3141.0,Left Center Midfield,43,Cameroon,2722,"['d82cbc60-b657-43a1-aced-60e9050b1096', 'f9fbc0b6-230d-43eb-b3c8-49c84e70d2a0']",24,,,,,,,,,,,,,,,,,Cameroon,2722,00:27:24.707,Ball Receipt*,True
,,,,,,,,,,,,,,,,,,,,,,,,,,,,e18b5b46-5678-4c8b-9609-eb6de7d886e9,876,,"[47.9, 34.7]",3920389,27,,,,,,,,,,,,,,,,,,,,,,,,1,From Throw In,Olivier Michel Kemen,7355.0,Center Defensive Midfield,43,Cameroon,2722,['42524cf1-7fa7-4122-b541-21e8e1ae4617'],25,,,,,,,,,,,,,,,,,Cameroon,2722,00:27:25.739,Ball Receipt*,
,Incomplete,,,,,,,,,,,,,,,,,,,,,,,,,,,3559e6d3-8457-4499-9698-e0647c3b295e,878,,"[69.4, 33.2]",3920389,27,,,,,,,,,,,,,,,,,,,,,,,,1,From Throw In,Karl Brillant Toko Ekambi,3551.0,Center Forward,43,Cameroon,2722,['410dfe3a-6ce8-415d-8c0c-3c23f0ad1f7c'],27,,,,,,,,,,,,,,,,,Cameroon,2722,00:27:27.482,Ball Receipt*,
,,,,,,,,,,,,,,,,,,,,,,,,,,,,7088770f-e338-480e-840c-2e886ae63ef3,880,,"[18.8, 40.0]",3920389,27,,,,,,,,,,,,,,,,,,,,,,,,1,From Free Kick,Ibrahim Kone,182573.0,Goalkeeper,44,Guinea,4892,['853be6fa-0aa2-4ce9-9310-943521565e94'],36,,,,,,,,,,,,,,,,,Guinea,4892,00:27:36.474,Ball Receipt*,
,Incomplete,,,,,,,,,,,,,,,,,,,,,,,,,,,083fb441-9eb4-42e2-82c2-660f3c75947a,882,,"[67.9, 72.2]",3920389,27,,,,,,,,,,,,,,,,,,,,,,,,1,From Free Kick,Morgan Guilavogui,47351.0,Right Wing,44,Guinea,4892,['35e5d2cc-2833-4f83-baea-167b67622439'],50,,,,,,,,,,,,,,,,,Guinea,4892,00:27:50.253,Ball Receipt*,
,,,,,,,,,,,,,,,,,,,,,,,,,,,,c509f677-e01c-4f47-8d6b-8da261f35f8b,887,,"[58.7, 39.6]",3920389,28,,,,,,,,,,,,,,,,,,,,,,,,1,From Free Kick,Julian Jeanvier,7360.0,Left Center Back,45,Guinea,4892,['321eb7b0-69f7-4c82-aca3-31d65bde875f'],35,,,,,,,,,,,,,,,,,Guinea,4892,00:28:35.095,Ball Receipt*,
,,,,,,,,,,,,,,,,,,,,,,,,,,,,791668c7-4dbe-402c-94d0-fa08be07dd34,890,,"[51.2, 60.4]",3920389,28,,,,,,,,,,,,,,,,,,,,,,,,1,From Free Kick,Mouctar Diakhaby,4267.0,Right Center Back,45,Guinea,4892,['c54a4767-0796-4836-bc84-e18bf701d5bf'],39,,,,,,,,,,,,,,,,,Guinea,4892,00:28:39.469,Ball Receipt*,
,,,,,,,,,,,,,,,,,,,,,,,,,,,,2ae2c640-bbcb-4001-98fe-1579e56c7329,894,,"[98.5, 74.1]",3920389,28,,,,,,,,,,,,,,,,,,,,,,,,1,From Free Kick,Aguibou Camara,39559.0,Center Attacking Midfield,45,Guinea,4892,"['cb0c6f00-d157-4c16-a8e5-8aad011531ca', '31005412-8aa0-4c5a-9305-00b054e9e1ad']",43,,,,,,,,,,,,,,,,,Guinea,4892,00:28:43.274,Ball Receipt*,True
,,,,,,,,,,,,,,,,,,,,,,,,,,,,72a9c91f-5649-41c5-8a88-91a1772f97bb,901,,"[30.6, 16.5]",3920389,28,,,,,,,,,,,,,,,,,,,,,,,,1,Regular Play,Olivier Michel Kemen,7355.0,Center Defensive Midfield,46,Cameroon,2722,['df7aba25-f75a-4a41-b701-b5e57df612ad'],47,,,,,,,,,,,,,,,,,Cameroon,2722,00:28:47.287,Ball Receipt*,
,,,,,,,,,,,,,,,,,,,,,,,,,,,,aac1298d-e284-4107-aba4-89651c1fb9ab,904,,"[49.3, 8.5]",3920389,28,,,,,,,,,,,,,,,,,,,,,,,,1,Regular Play,André-Frank Zambo Anguissa,3141.0,Left Center Midfield,46,Cameroon,2722,['f951d5b8-e799-44f0-b7ec-2687ee998039'],49,,,,,,,,,,,,,,,,,Cameroon,2722,00:28:49.544,Ball Receipt*,
,,,,,,,,,,,,,,,,,,,,,,,,,,,,eb1e2bfb-ada4-47c9-8ee0-358bd3fe7c1e,908,,"[74.3, 2.1]",3920389,28,,,,,,,,,,,,,,,,,,,,,,,,1,Regular Play,Darlin Zidane Yongwa Ngameni,32190.0,Left Back,46,Cameroon,2722,['3ac69b72-c949-4b85-945e-eb0f1769b9b6'],52,,,,,,,,,,,,,,,,,Cameroon,2722,00:28:52.697,Ball Receipt*,
,Incomplete,,,,,,,,,,,,,,,,,,,,,,,,,,,af02b4a6-e5bd-4829-9952-b3fb672211f0,912,,"[97.3, 8.5]",3920389,28,,,,,,,,,,,,,,,,,,,,,,,,1,Regular Play,Georges-Kévin Nkoudou Mbida,3639.0,Left Wing,46,Cameroon,2722,['9e00d9b0-2d5a-435c-82d9-af5cd3b304e0'],54,,,,,,,,,,,,,,,,,Cameroon,2722,00:28:54.968,Ball Receipt*,
,Incomplete,,,,,,,,,,,,,,,,,,,,,,,,,,,660afc7d-31c1-45e5-9a8d-1635e3a2d114,917,,"[26.7, 78.1]",3920389,28,,,,,,,,,,,,,,,,,,,,,,,,1,Regular Play,Mohamed Bayo,8454.0,Center Forward,46,Cameroon,2722,['e6913767-210d-4baf-af20-b26df969238d'],59,,,,,,,,,,,,,,,,,Guinea,4892,00:28:59.611,Ball Receipt*,
,,,,,,,,,,,,,,,,,,,,,,,,,,,,9009a172-a5ae-4b28-a2d4-55c1c1bf41f9,919,,"[75.7, 6.7]",3920389,29,,,,,,,,,,,,,,,,,,,,,,,,1,From Throw In,Darlin Zidane Yongwa Ngameni,32190.0,Left Back,47,Cameroon,2722,['307b6f7c-aa67-47b5-9882-2954508114eb'],5,,,,,,,,,,,,,,,,,Cameroon,2722,00:29:05.556,Ball Receipt*,
,,,,,,,,,,,,,,,,,,,,,,,,,,,,2d96939b-3c2c-4aaa-bebc-fb3245688a13,922,,"[85.9, 3.5]",3920389,29,,,,,,,,,,,,,,,,,,,,,,,,1,From Throw In,André-Frank Zambo Anguissa,3141.0,Left Center Midfield,47,Cameroon,2722,['4cbde834-8f7b-47c3-94de-9d21cead760d'],10,,,,,,,,,,,,,,,,,Cameroon,2722,00:29:10.955,Ball Receipt*,
,,,,,,,,,,,,,,,,,,,,,,,,,,,,78232f70-03dc-4936-81b9-d4be44e5aca4,926,,"[99.5, 15.6]",3920389,29,,,,,,,,,,,,,,,,,,,,,,,,1,From Throw In,Georges-Kévin Nkoudou Mbida,3639.0,Left Wing,47,Cameroon,2722,"['ad1dacc1-087a-4c1b-89ab-a212226eb01c', '4393a609-32bc-4c7e-8c55-6982cc905551']",15,,,,,,,,,,,,,,,,,Cameroon,2722,00:29:15.255,Ball Receipt*,True
,,,,,,,,,,,,,,,,,,,,,,,,,,,,f5c2b90f-f0b8-41a4-b912-ccda9ebfbdf0,934,,"[32.1, 55.9]",3920389,29,,,,,,,,,,,,,,,,,,,,,,,,1,From Throw In,François Kamano,3405.0,Left Wing,47,Cameroon,2722,"['39025bbd-3743-4921-88e4-84c3edf84d85', 'f867fc41-f140-4fc1-9153-54025af5bc61']",20,,,,,,,,,,,,,,,,,Guinea,4892,00:29:20.742,Ball Receipt*,True
,Incomplete,,,,,,,,,,,,,,,,,,,,,,,,,,,948593e2-c426-4154-8879-c5a9a159ced5,940,,"[102.0, 40.5]",3920389,29,,,,,,,,,,,,,,,,,,,,,,,,1,From Throw In,Karl Brillant Toko Ekambi,3551.0,Center Forward,47,Cameroon,2722,['d32b0e43-9b09-4467-8ede-4cf71a1776b6'],24,,,,,,,,,,,,,,,,,Cameroon,2722,00:29:24.330,Ball Receipt*,
,,,,,,,,,,,,,,,,,,,,,,,,,,,,77440ac5-a6a7-4053-9be5-3c8ed6a15a46,945,,"[98.3, 63.5]",3920389,29,,,,,,,,,,,,,,,,,,,,,,,,1,From Throw In,Karl Brillant Toko Ekambi,3551.0,Center Forward,47,Cameroon,2722,['bdaf4fd9-41c2-40fa-aecf-352882fb4822'],29,,,,,,,,,,,,,,,,,Cameroon,2722,00:29:29.431,Ball Receipt*,
,Incomplete,,,,,,,,,,,,,,,,,,,,,,,,,,,97a90294-b308-4319-a3a4-9c10501bee0f,948,,"[88.3, 58.1]",3920389,29,,,,,,,,,,,,,,,,,,,,,,,,1,From Throw In,Jules Olivier Ntcham,10530.0,Right Center Midfield,47,Cameroon,2722,['008a9f7d-c5db-4ba7-b84b-acd899237220'],32,,,,,,,,,,,,,,,,,Cameroon,2722,00:29:32.742,Ball Receipt*,
,,,,,,,,,,,,,,,,,,,,,,,,,,,,a476d81f-0c7a-4d12-a042-f6d17450b141,955,,"[28.2, 13.9]",3920389,29,,,,,,,,,,,,,,,,,,,,,,,,1,Regular Play,Sekou Oumar Sylla,132711.0,Left Back,48,Guinea,4892,"['979b577e-33f0-43d5-b0ae-b2c39b00f939', 'f8d35de2-b208-4c94-aa3f-9600749e2e00']",36,,,,,,,,,,,,,,,,,Guinea,4892,00:29:36.579,Ball Receipt*,True
,,,,,,,,,,,,,,,,,,,,,,,,,,,,3a7c03d0-dffa-4aa5-8827-8de1195cef91,963,,"[55.4, 13.9]",3920389,29,,,,,,,,,,,,,,,,,,,,,,,,1,Regular Play,Sekou Oumar Sylla,132711.0,Left Back,48,Guinea,4892,['581fb9ac-7183-443d-8738-d043a055e301'],41,,,,,,,,,,,,,,,,,Guinea,4892,00:29:41.406,Ball Receipt*,
,,,,,,,,,,,,,,,,,,,,,,,,,,,,8fc02a20-6db3-4bb0-9826-bcc8a18cc96c,970,,"[23.5, 58.1]",3920389,32,,,,,,,,,,,,,,,,,,,,,,,,1,From Goal Kick,Christopher Wooh,74588.0,Right Center Back,49,Cameroon,2722,['07696cd0-b3b8-45cd-9b89-7b448d321c3a'],6,,,,,,,,,,,,,,,,,Cameroon,2722,00:32:06.192,Ball Receipt*,
,,,,,,,,,,,,,,,,,,,,,,,,,,,,d3baef01-44ab-4b45-be84-51d953aaa69c,972,,"[44.6, 42.5]",3920389,32,,,,,,,,,,,,,,,,,,,,,,,,1,From Goal Kick,Jules Olivier Ntcham,10530.0,Right Center Midfield,49,Cameroon,2722,['bf989df0-c92f-47bb-8d23-8e1ae754a0a4'],9,,,,,,,,,,,,,,,,,Cameroon,2722,00:32:09.124,Ball Receipt*,
,,,,,,,,,,,,,,,,,,,,,,,,,,,,2c40c2d0-cd3c-42f8-b6d5-3af5623e6897,975,,"[62.9, 52.0]",3920389,32,,,,,,,,,,,,,,,,,,,,,,,,1,From Goal Kick,Olivier Michel Kemen,7355.0,Center Defensive Midfield,49,Cameroon,2722,['c670b1dd-2254-481c-bd3e-8802c0605028'],13,,,,,,,,,,,,,,,,,Cameroon,2722,00:32:13.221,Ball Receipt*,
,,,,,,,,,,,,,,,,,,,,,,,,,,,,67906e24-5b8b-4c84-b46e-ea562130a54f,978,,"[48.4, 52.3]",3920389,32,,,,,,,,,,,,,,,,,,,,,,,,1,From Goal Kick,Christopher Wooh,74588.0,Right Center Back,49,Cameroon,2722,['b0035192-572f-4f1d-a1b0-4fbe874a5f8b'],14,,,,,,,,,,,,,,,,,Cameroon,2722,00:32:14.485,Ball Receipt*,
,,,,,,,,,,,,,,,,,,,,,,,,,,,,81edcf62-2172-4c13-b944-a8eed3a1a974,981,,"[74.3, 74.4]",3920389,32,,,,,,,,,,,,,,,,,,,,,,,,1,From Goal Kick,Jean-Charles Castelletto,7426.0,Right Back,49,Cameroon,2722,['f6fd764a-e650-4b46-b97b-dbec36c9bade'],17,,,,,,,,,,,,,,,,,Cameroon,2722,00:32:17.387,Ball Receipt*,
,,,,,,,,,,,,,,,,,,,,,,,,,,,,49fa4f87-401e-4ca0-8439-46f0d81999f0,984,,"[68.7, 56.2]",3920389,32,,,,,,,,,,,,,,,,,,,,,,,,1,From Goal Kick,Jules Olivier Ntcham,10530.0,Right Center Midfield,49,Cameroon,2722,['585e927d-d016-4d9c-84ab-3eec8120b02c'],20,,,,,,,,,,,,,,,,,Cameroon,2722,00:32:20.265,Ball Receipt*,
,,,,,,,,,,,,,,,,,,,,,,,,,,,,da65876f-0aee-433d-99dc-609dfb335d98,986,,"[56.1, 63.0]",3920389,32,,,,,,,,,,,,,,,,,,,,,,,,1,From Goal Kick,Christopher Wooh,74588.0,Right Center Back,49,Cameroon,2722,['2dc9baf3-d5cc-416a-9800-8316c8c3aa22'],22,,,,,,,,,,,,,,,,,Cameroon,2722,00:32:22.284,Ball Receipt*,
,,,,,,,,,,,,,,,,,,,,,,,,,,,,2754d46a-7635-475a-8c5f-7631ea52ed34,988,,"[61.9, 35.1]",3920389,32,,,,,,,,,,,,,,,,,,,,,,,,1,From Goal Kick,Harold Moukoudi,7386.0,Left Center Back,49,Cameroon,2722,['3c7a0fa0-da15-49d2-af3c-1ca24c853615'],25,,,,,,,,,,,,,,,,,Cameroon,2722,00:32:25.187,Ball Receipt*,
,,,,,,,,,,,,,,,,,,,,,,,,,,,,1b8d6060-389c-4238-a4a5-04525b62ba4e,991,,"[68.9, 22.9]",3920389,32,,,,,,,,,,,,,,,,,,,,,,,,1,From Goal Kick,André-Frank Zambo Anguissa,3141.0,Left Center Midfield,49,Cameroon,2722,['7898591c-0753-4cd4-b5ad-910cfca7bf86'],27,,,,,,,,,,,,,,,,,Cameroon,2722,00:32:27.497,Ball Receipt*,
,,,,,,,,,,,,,,,,,,,,,,,,,,,,84711b12-8f39-4473-98be-300dd5463a94,994,,"[85.2, 15.6]",3920389,32,,,,,,,,,,,,,,,,,,,,,,,,1,From Goal Kick,Georges-Kévin Nkoudou Mbida,3639.0,Left Wing,49,Cameroon,2722,['28b8b330-f244-4e30-a6e2-96ae8825c3e0'],30,,,,,,,,,,,,,,,,,Cameroon,2722,00:32:30.333,Ball Receipt*,
,Incomplete,,,,,,,,,,,,,,,,,,,,,,,,,,,29b5a3af-a190-4cd3-b7df-0d4c1e7213b4,998,,"[99.8, 33.5]",3920389,32,,,,,,,,,,,,,,,,,,,,,,,,1,From Goal Kick,Karl Brillant Toko Ekambi,3551.0,Center Forward,49,Cameroon,2722,['eb887f16-ebc0-493a-bd72-bde8c499d620'],31,,,,,,,,,,,,,,,,,Cameroon,2722,00:32:31.958,Ball Receipt*,
,,,,,,,,,,,,,,,,,,,,,,,,,,,,bdd43eb1-7d05-435c-b18e-9cfadd7d824c,1002,,"[37.8, 28.6]",3920389,32,,,,,,,,,,,,,,,,,,,,,,,,1,Regular Play,François Kamano,3405.0,Left Wing,50,Guinea,4892,['7614ae57-25b8-4da3-85e8-fd7266ad2584'],34,,,,,,,,,,,,,,,,,Guinea,4892,00:32:34.012,Ball Receipt*,
,,,,,,,,,,,,,,,,,,,,,,,,,,,,0675e12f-262a-4932-b0fe-3ef77397b0ca,1006,,"[56.8, 29.6]",3920389,32,,,,,,,,,,,,,,,,,,,,,,,,1,Regular Play,Morgan Guilavogui,47351.0,Right Wing,50,Guinea,4892,['f9642d04-29d4-457e-9682-8b10fb9ed43c'],39,,,,,,,,,,,,,,,,,Guinea,4892,00:32:39.174,Ball Receipt*,
,,,,,,,,,,,,,,,,,,,,,,,,,,,,3198b164-3b3e-4cb8-95f1-8c60bdccc1ef,1008,,"[45.8, 7.3]",3920389,32,,,,,,,,,,,,,,,,,,,,,,,,1,Regular Play,Sekou Oumar Sylla,132711.0,Left Back,50,Guinea,4892,['19895bca-cde5-419a-9d24-fe185915f497'],42,,,,,,,,,,,,,,,,,Guinea,4892,00:32:42.139,Ball Receipt*,
,,,,,,,,,,,,,,,,,,,,,,,,,,,,58557786-e17e-45a5-bdb1-fd84a746c16b,1011,,"[20.3, 20.0]",3920389,32,,,,,,,,,,,,,,,,,,,,,,,,1,Regular Play,Julian Jeanvier,7360.0,Left Center Back,50,Guinea,4892,['5fe42c28-069b-4ccf-aa2c-97bf4cb4e1a6'],46,,,,,,,,,,,,,,,,,Guinea,4892,00:32:46.468,Ball Receipt*,
,,,,,,,,,,,,,,,,,,,,,,,,,,,,1f3fab8f-5897-4e5d-9c98-6052610a9fc8,1013,,"[50.7, 5.7]",3920389,32,,,,,,,,,,,,,,,,,,,,,,,,1,Regular Play,Moriba Kourouma Kourouma,39073.0,Left Defensive Midfield,50,Guinea,4892,['74d236d2-4d3e-44f9-bd02-904493c03e06'],48,,,,,,,,,,,,,,,,,Guinea,4892,00:32:48.036,Ball Receipt*,
,,,,,,,,,,,,,,,,,,,,,,,,,,,,6bf4ff65-0c6d-4eac-a131-109a5ee020f1,1020,,"[44.8, 13.4]",3920389,33,,,,,,,,,,,,,,,,,,,,,,,,1,From Throw In,Moriba Kourouma Kourouma,39073.0,Left Defensive Midfield,51,Guinea,4892,['326ba67e-3b7a-40ef-b66a-9b3c549a0065'],8,,,,,,,,,,,,,,,,,Guinea,4892,00:33:08.106,Ball Receipt*,
,Incomplete,,,,,,,,,,,,,,,,,,,,,,,,,,,81081f73-da65-4610-b4d7-5e2f4ae28481,1026,,"[81.7, 19.6]",3920389,33,,,,,,,,,,,,,,,,,,,,,,,,1,From Free Kick,Mohamed Bayo,8454.0,Center Forward,52,Guinea,4892,['aaec94e8-288e-4cff-9e69-1ec5b03b254e'],29,,,,,,,,,,,,,,,,,Guinea,4892,00:33:29.056,Ball Receipt*,
,,,,,,,,,,,,,,,,,,,,,,,,,,,,98f63839-3001-474e-82a2-5429c68b7edf,1028,,"[52.2, 56.7]",3920389,33,,,,,,,,,,,,,,,,,,,,,,,,1,Regular Play,Jules Olivier Ntcham,10530.0,Right Center Midfield,53,Cameroon,2722,['0d4f41c0-9f7c-4afe-924d-95432f2794a5'],30,,,,,,,,,,,,,,,,,Cameroon,2722,00:33:30.426,Ball Receipt*,
,,,,,,,,,,,,,,,,,,,,,,,,,,,,73172992-fbc3-4d9b-8911-61ccf872c216,1031,,"[43.1, 34.1]",3920389,33,,,,,,,,,,,,,,,,,,,,,,,,1,Regular Play,Harold Moukoudi,7386.0,Left Center Back,53,Cameroon,2722,['a15247aa-8004-4432-a7dc-9be661f60528'],34,,,,,,,,,,,,,,,,,Cameroon,2722,00:33:34.304,Ball Receipt*,
,,,,,,,,,,,,,,,,,,,,,,,,,,,,2aa926c2-c9d4-4e34-a9bd-e424417c7167,1034,,"[52.2, 39.0]",3920389,33,,,,,,,,,,,,,,,,,,,,,,,,1,Regular Play,Jules Olivier Ntcham,10530.0,Right Center Midfield,53,Cameroon,2722,['29741434-8f05-4462-ba4d-9e20df7c5280'],36,,,,,,,,,,,,,,,,,Cameroon,2722,00:33:36.896,Ball Receipt*,
,,,,,,,,,,,,,,,,,,,,,,,,,,,,3bc0a70d-84f3-4ec1-9d0a-eea29dbbb111,1037,,"[45.5, 58.1]",3920389,33,,,,,,,,,,,,,,,,,,,,,,,,1,Regular Play,Christopher Wooh,74588.0,Right Center Back,53,Cameroon,2722,['d20570ff-f7af-4c70-b505-2cd5c403491c'],39,,,,,,,,,,,,,,,,,Cameroon,2722,00:33:39.057,Ball Receipt*,
,,,,,,,,,,,,,,,,,,,,,,,,,,,,bf6cb0db-80cb-4d6f-96e6-ae33d7745df6,1040,,"[54.7, 72.5]",3920389,33,,,,,,,,,,,,,,,,,,,,,,,,1,Regular Play,Jean-Charles Castelletto,7426.0,Right Back,53,Cameroon,2722,['26d1b35b-7fbd-40ab-947e-de2ab8df48c0'],41,,,,,,,,,,,,,,,,,Cameroon,2722,00:33:41.704,Ball Receipt*,
,,,,,,,,,,,,,,,,,,,,,,,,,,,,a6bd707a-5713-4f0f-b2d8-abf3a7f6092c,1043,,"[40.3, 58.1]",3920389,33,,,,,,,,,,,,,,,,,,,,,,,,1,Regular Play,Christopher Wooh,74588.0,Right Center Back,53,Cameroon,2722,['05bc35b2-de8a-49fc-b2f3-b52a8ca41037'],45,,,,,,,,,,,,,,,,,Cameroon,2722,00:33:45.074,Ball Receipt*,
,,,,,,,,,,,,,,,,,,,,,,,,,,,,9edef3df-0ac7-4a4f-831f-8e2be6603fe0,1046,,"[50.9, 27.9]",3920389,33,,,,,,,,,,,,,,,,,,,,,,,,1,Regular Play,Harold Moukoudi,7386.0,Left Center Back,53,Cameroon,2722,['094a91c8-1eb5-4860-ac34-a486e419a166'],48,,,,,,,,,,,,,,,,,Cameroon,2722,00:33:48.159,Ball Receipt*,
,,,,,,,,,,,,,,,,,,,,,,,,,,,,6804a27c-82ec-40a6-aca1-c7a7d93d7124,1049,,"[66.2, 70.6]",3920389,33,,,,,,,,,,,,,,,,,,,,,,,,1,Regular Play,Jean-Charles Castelletto,7426.0,Right Back,53,Cameroon,2722,['8ee495f5-9288-4f3b-b2c4-f9a30afea63c'],56,,,,,,,,,,,,,,,,,Cameroon,2722,00:33:56.882,Ball Receipt*,
,,,,,,,,,,,,,,,,,,,,,,,,,,,,932b62b9-1472-49c8-84a5-84b7f78b5203,1052,,"[47.1, 63.5]",3920389,33,,,,,,,,,,,,,,,,,,,,,,,,1,Regular Play,Christopher Wooh,74588.0,Right Center Back,53,Cameroon,2722,['767df017-c45c-46e9-aad3-47358a3688f9'],59,,,,,,,,,,,,,,,,,Cameroon,2722,00:33:59.213,Ball Receipt*,
,,,,,,,,,,,,,,,,,,,,,,,,,,,,41a4c91a-61a9-4d97-b931-eb8abf572cc5,1055,,"[73.9, 66.7]",3920389,34,,,,,,,,,,,,,,,,,,,,,,,,1,Regular Play,Olivier Michel Kemen,7355.0,Center Defensive Midfield,53,Cameroon,2722,['795bf7c7-f39e-4449-8026-28359be5bda3'],2,,,,,,,,,,,,,,,,,Cameroon,2722,00:34:02.989,Ball Receipt*,
,,,,,,,,,,,,,,,,,,,,,,,,,,,,9ed0c1c3-dce3-43dc-b275-addc2252c2a8,1058,,"[76.8, 75.3]",3920389,34,,,,,,,,,,,,,,,,,,,,,,,,1,Regular Play,Frank Magri,189348.0,Right Wing,53,Cameroon,2722,['29046cba-b812-4ddd-abdc-125823ed8e49'],4,,,,,,,,,,,,,,,,,Cameroon,2722,00:34:04.436,Ball Receipt*,
,,,,,,,,,,,,,,,,,,,,,,,,,,,,2d536c15-6eab-49a6-9521-8a2dd868c89b,1061,,"[67.5, 67.1]",3920389,34,,,,,,,,,,,,,,,,,,,,,,,,1,Regular Play,Jean-Charles Castelletto,7426.0,Right Back,53,Cameroon,2722,['cdea7db4-0075-49da-8b8e-9f88efd193f1'],6,,,,,,,,,,,,,,,,,Cameroon,2722,00:34:06.554,Ball Receipt*,
,,,,,,,,,,,,,,,,,,,,,,,,,,,,bd91231f-dfba-4c35-9750-6aabaa7b9c67,1064,,"[70.0, 60.1]",3920389,34,,,,,,,,,,,,,,,,,,,,,,,,1,Regular Play,André-Frank Zambo Anguissa,3141.0,Left Center Midfield,53,Cameroon,2722,['bdc1ae57-beff-49a2-8cc6-e958e708a452'],10,,,,,,,,,,,,,,,,,Cameroon,2722,00:34:10.261,Ball Receipt*,
,,,,,,,,,,,,,,,,,,,,,,,,,,,,d6d61b33-553d-434e-8e44-13cdcd459fea,1067,,"[55.2, 39.0]",3920389,34,,,,,,,,,,,,,,,,,,,,,,,,1,Regular Play,Harold Moukoudi,7386.0,Left Center Back,53,Cameroon,2722,['8821fd83-6875-4704-89f9-0a01a58c9677'],13,,,,,,,,,,,,,,,,,Cameroon,2722,00:34:13.350,Ball Receipt*,
,,,,,,,,,,,,,,,,,,,,,,,,,,,,df677bad-9fa2-4832-9e14-a3380cfe8074,1070,,"[67.9, 18.9]",3920389,34,,,,,,,,,,,,,,,,,,,,,,,,1,Regular Play,Jules Olivier Ntcham,10530.0,Right Center Midfield,53,Cameroon,2722,['f4e2e4e2-9cee-431f-84ad-060c66177b3d'],15,,,,,,,,,,,,,,,,,Cameroon,2722,00:34:15.387,Ball Receipt*,
,,,,,,,,,,,,,,,,,,,,,,,,,,,,8cc800a4-4840-4d44-a0e0-fc0a446d5d2e,1073,,"[85.8, 2.5]",3920389,34,,,,,,,,,,,,,,,,,,,,,,,,1,Regular Play,Darlin Zidane Yongwa Ngameni,32190.0,Left Back,53,Cameroon,2722,['9481d4b0-e17c-4cba-b0dd-d58f53c1f6fb'],18,,,,,,,,,,,,,,,,,Cameroon,2722,00:34:18.137,Ball Receipt*,
,,,,,,,,,,,,,,,,,,,,,,,,,,,,975d8cb1-70a8-4272-b11f-21e843ec529e,1079,,"[116.5, 33.4]",3920389,35,,,,,,,,,,,,,,,,,,,,,,,,1,From Free Kick,Karl Brillant Toko Ekambi,3551.0,Center Forward,54,Cameroon,2722,['4bd8a8fe-10bc-4876-850c-f06181e9ddc5'],19,,,,,,,,,,,,,,,,,Cameroon,2722,00:35:19.707,Ball Receipt*,
,,,,,,,,,,,,,,,,,,,,,,,,,,,,80921136-a1ec-45d5-ae4a-bef34a20dce4,1085,,"[21.7, 23.6]",3920389,35,,,,,,,,,,,,,,,,,,,,,,,,1,From Keeper,Julian Jeanvier,7360.0,Left Center Back,55,Guinea,4892,['571c1f06-0a45-477e-ab25-47723a39ccf8'],37,,,,,,,,,,,,,,,,,Guinea,4892,00:35:37.884,Ball Receipt*,
,,,,,,,,,,,,,,,,,,,,,,,,,,,,aa76ebcc-2c61-485f-9279-5e769af74edc,1087,,"[11.3, 28.5]",3920389,35,,,,,,,,,,,,,,,,,,,,,,,,1,From Keeper,Ibrahim Kone,182573.0,Goalkeeper,55,Guinea,4892,['88dd8504-4704-4ee4-b62a-1a67a931338f'],44,,,,,,,,,,,,,,,,,Guinea,4892,00:35:44.714,Ball Receipt*,
,,,,,,,,,,,,,,,,,,,,,,,,,,,,da7e51af-38e5-4d6f-a9a2-c814df47e887,1091,,"[50.1, 76.2]",3920389,35,,,,,,,,,,,,,,,,,,,,,,,,1,From Keeper,Antoine Conte,131849.0,Right Back,55,Guinea,4892,['e290a97e-0dc6-4d42-94d3-17775c1b3371'],51,,,,,,,,,,,,,,,,,Guinea,4892,00:35:51.684,Ball Receipt*,
,Incomplete,,,,,,,,,,,,,,,,,,,,,,,,,,,0ecd389e-0767-41a1-b7e1-c17b3acae939,1095,,"[55.9, 66.5]",3920389,35,,,,,,,,,,,,,,,,,,,,,,,,1,From Keeper,Mohamed Bayo,8454.0,Center Forward,55,Guinea,4892,['d497cba1-cb3b-4939-b242-cadf630f2fd6'],52,,,,,,,,,,,,,,,,,Guinea,4892,00:35:52.673,Ball Receipt*,
,,,,,,,,,,,,,,,,,,,,,,,,,,,,021822c1-5333-4c4c-bd0b-5b3b1b889f3b,1099,,"[56.9, 70.6]",3920389,35,,,,,,,,,,,,,,,,,,,,,,,,1,From Throw In,Aguibou Camara,39559.0,Center Attacking Midfield,56,Guinea,4892,['a49443ba-e9f3-4e43-a9d5-846228d92b6c'],58,,,,,,,,,,,,,,,,,Guinea,4892,00:35:58.415,Ball Receipt*,
,,,,,,,,,,,,,,,,,,,,,,,,,,,,59accb71-f7e3-488c-9728-ed4215790de9,1105,,"[43.6, 42.1]",3920389,36,,,,,,,,,,,,,,,,,,,,,,,,1,From Free Kick,Julian Jeanvier,7360.0,Left Center Back,57,Guinea,4892,['c1ea6b18-ba83-4d9b-bfd0-c977b1d2c5c0'],6,,,,,,,,,,,,,,,,,Guinea,4892,00:36:06.072,Ball Receipt*,
,Incomplete,,,,,,,,,,,,,,,,,,,,,,,,,,,003e4e90-06fc-4829-8b87-0e4a4573cba8,1108,,"[70.8, 29.3]",3920389,36,,,,,,,,,,,,,,,,,,,,,,,,1,From Free Kick,Mohamed Bayo,8454.0,Center Forward,57,Guinea,4892,['52cf791c-bda2-41cd-babb-2225353511ac'],8,,,,,,,,,,,,,,,,,Guinea,4892,00:36:08.383,Ball Receipt*,
,Incomplete,,,,,,,,,,,,,,,,,,,,,,,,,,,5ddbe033-edc1-4148-b90f-c9d36432a656,1114,,"[101.0, 34.4]",3920389,36,,,,,,,,,,,,,,,,,,,,,,,,1,From Free Kick,Frank Magri,189348.0,Right Wing,57,Guinea,4892,['4e732eac-8894-463d-b626-4c82a7e690be'],16,,,,,,,,,,,,,,,,,Cameroon,2722,00:36:16.367,Ball Receipt*,
,,,,,,,,,,,,,,,,,,,,,,,,,,,,9e2c0a1a-5753-495b-90b0-db7d35d61736,1118,,"[44.8, 55.5]",3920389,36,,,,,,,,,,,,,,,,,,,,,,,,1,From Free Kick,Aguibou Camara,39559.0,Center Attacking Midfield,57,Guinea,4892,['9f99889e-1f93-4960-98f4-24d6bc7aca73'],20,,,,,,,,,,,,,,,,,Guinea,4892,00:36:20.269,Ball Receipt*,
,,,,,,,,,,,,,,,,,,,,,,,,,,,,545785d3-2992-452e-9208-256ca79c0a80,1125,,"[86.8, 19.5]",3920389,36,,,,,,,,,,,,,,,,,,,,,,,,1,From Free Kick,Georges-Kévin Nkoudou Mbida,3639.0,Left Wing,57,Guinea,4892,['287ae709-e3c4-40dd-86a6-f4e33c7013bd'],25,,,,,,,,,,,,,,,,,Cameroon,2722,00:36:25.511,Ball Receipt*,
,,,,,,,,,,,,,,,,,,,,,,,,,,,,0e3b7be6-e9bf-4280-9031-0e2c46eb9495,1135,,"[47.8, 22.9]",3920389,36,,,,,,,,,,,,,,,,,,,,,,,,1,From Free Kick,Mory Konaté,35285.0,Right Defensive Midfield,57,Guinea,4892,['3df516a3-4784-4e27-a0df-a18a05d06e3b'],34,,,,,,,,,,,,,,,,,Guinea,4892,00:36:34.179,Ball Receipt*,
,Incomplete,,,,,,,,,,,,,,,,,,,,,,,,,,,957acbc3-99bd-44f5-baed-952b3c3ef4b2,1138,,"[80.3, 5.3]",3920389,36,,,,,,,,,,,,,,,,,,,,,,,,1,From Free Kick,François Kamano,3405.0,Left Wing,57,Guinea,4892,['50f9695f-c224-43ae-8db4-d18a4a2ee56f'],39,,,,,,,,,,,,,,,,,Guinea,4892,00:36:39.905,Ball Receipt*,
,,,,,,,,,,,,,,,,,,,,,,,,,,,,c1162099-cf69-4e52-a05e-469402c56087,1141,,"[26.9, 65.3]",3920389,36,,,,,,,,,,,,,,,,,,,,,,,,1,Regular Play,Jules Olivier Ntcham,10530.0,Right Center Midfield,58,Cameroon,2722,['eddf7fbd-f35a-4337-b263-33da0b4a5055'],46,,,,,,,,,,,,,,,,,Cameroon,2722,00:36:46.714,Ball Receipt*,
,,,,,,,,,,,,,,,,,,,,,,,,,,,,01aca637-c84c-490e-95ab-0a86bce5807f,1143,,"[87.9, 4.6]",3920389,36,,,,,,,,,,,,,,,,,,,,,,,,1,Regular Play,Georges-Kévin Nkoudou Mbida,3639.0,Left Wing,58,Cameroon,2722,['c5d18fde-dc79-4d8d-909c-eb2a76738049'],50,,,,,,,,,,,,,,,,,Cameroon,2722,00:36:50.677,Ball Receipt*,
,Incomplete,,,,,,,,,,,,,,,,,,,,,,,,,,,4c0093cd-1c19-44ed-92a2-a31645f69987,1146,,"[110.9, 36.1]",3920389,36,,,,,,,,,,,,,,,,,,,,,,,,1,Regular Play,Karl Brillant Toko Ekambi,3551.0,Center Forward,58,Cameroon,2722,['2e1d5bad-9801-41fc-af8f-525c1c8905b8'],58,,,,,,,,,,,,,,,,,Cameroon,2722,00:36:58.031,Ball Receipt*,
,,,,,,,,,,,,,,,,,,,,,,,,,,,,4552d459-de0b-4ffd-b198-c2a06f15a023,1149,,"[103.5, 21.1]",3920389,37,,,,,,,,,,,,,,,,,,,,,,,,1,From Corner,Jules Olivier Ntcham,10530.0,Right Center Midfield,59,Cameroon,2722,['af98b016-6190-4528-91a1-f79e0b540e5b'],41,,,,,,,,,,,,,,,,,Cameroon,2722,00:37:41.008,Ball Receipt*,
,Incomplete,,,,,,,,,,,,,,,,,,,,,,,,,,,48488396-6871-464f-870b-3f41487ddcc0,1157,,"[117.4, 47.0]",3920389,37,,,,,,,,,,,,,,,,,,,,,,,,1,From Corner,Frank Magri,189348.0,Right Wing,59,Cameroon,2722,['5816cf51-c146-4e48-8a33-1f2a936de013'],49,,,,,,,,,,,,,,,,,Cameroon,2722,00:37:49.916,Ball Receipt*,
,Incomplete,,,,,,,,,,,,,,,,,,,,,,,,,,,ca704c75-0041-4461-86b5-abdd6001349d,1159,,"[68.8, 66.9]",3920389,38,,,,,,,,,,,,,,,,,,,,,,,,1,From Goal Kick,Mohamed Bayo,8454.0,Center Forward,60,Guinea,4892,['a54a4504-3148-47ee-b926-f6d6d6347e89'],32,,,,,,,,,,,,,,,,,Guinea,4892,00:38:32.145,Ball Receipt*,
,Incomplete,,,,,,,,,,,,,,,,,,,,,,,,,,,9ed17136-4405-48d4-8342-d3ab2833e15a,1161,,"[56.4, 18.9]",3920389,38,,,,,,,,,,,,,,,,,,,,,,,,1,From Goal Kick,Olivier Michel Kemen,7355.0,Center Defensive Midfield,60,Guinea,4892,['f8cddf90-ac88-49a6-8881-0316c7c6ac51'],32,,,,,,,,,,,,,,,,,Cameroon,2722,00:38:32.265,Ball Receipt*,
,,,,,,,,,,,,,,,,,,,,,,,,,,,,eb7c33bb-5e0e-4352-b00d-045022ab9fa5,1164,,"[75.2, 69.9]",3920389,38,,,,,,,,,,,,,,,,,,,,,,,,1,From Goal Kick,Mohamed Bayo,8454.0,Center Forward,60,Guinea,4892,['28c1ee69-debf-4c2c-b191-359b009eb261'],34,,,,,,,,,,,,,,,,,Guinea,4892,00:38:34.974,Ball Receipt*,
,,,,,,,,,,,,,,,,,,,,,,,,,,,,939fb5ea-31de-4203-bc59-7919bcf57451,1166,,"[76.5, 67.7]",3920389,38,,,,,,,,,,,,,,,,,,,,,,,,1,From Goal Kick,Aguibou Camara,39559.0,Center Attacking Midfield,60,Guinea,4892,['b2550844-8837-49d3-b559-de3733013fe1'],35,,,,,,,,,,,,,,,,,Guinea,4892,00:38:35.707,Ball Receipt*,
,Incomplete,,,,,,,,,,,,,,,,,,,,,,,,,,,b42f17c6-02ec-4bd9-85db-db90fce1f5f9,1169,,"[83.0, 68.0]",3920389,38,,,,,,,,,,,,,,,,,,,,,,,,1,From Goal Kick,Morgan Guilavogui,47351.0,Right Wing,60,Guinea,4892,['f9e8f94f-ee6c-4d0d-84a8-28a2d6e1eb4b'],37,,,,,,,,,,,,,,,,,Guinea,4892,00:38:37.135,Ball Receipt*,
,,,,,,,,,,,,,,,,,,,,,,,,,,,,bc46b16c-818a-4384-8c91-7e121e665fcc,1172,,"[39.9, 14.0]",3920389,38,,,,,,,,,,,,,,,,,,,,,,,,1,Regular Play,Jules Olivier Ntcham,10530.0,Right Center Midfield,61,Cameroon,2722,['f81054ad-3146-45fa-b217-45c5511b0091'],38,,,,,,,,,,,,,,,,,Cameroon,2722,00:38:38.463,Ball Receipt*,
,Incomplete,,,,,,,,,,,,,,,,,,,,,,,,,,,a52d15fa-f7a6-460a-a5c7-807e9d92b0a1,1176,,"[42.3, 9.9]",3920389,38,,,,,,,,,,,,,,,,,,,,,,,,1,Regular Play,André-Frank Zambo Anguissa,3141.0,Left Center Midfield,61,Cameroon,2722,['2a97590d-b648-4320-b1b7-dafd39cce3e8'],39,,,,,,,,,,,,,,,,,Cameroon,2722,00:38:39.815,Ball Receipt*,
,,,,,,,,,,,,,,,,,,,,,,,,,,,,c0e87353-3cc1-4741-af54-0a3aa9585cc1,1181,,"[31.3, 6.6]",3920389,38,,,,,,,,,,,,,,,,,,,,,,,,1,Regular Play,Darlin Zidane Yongwa Ngameni,32190.0,Left Back,61,Cameroon,2722,['942bd9ec-04b4-4b89-a1b7-c79520d48e93'],42,,,,,,,,,,,,,,,,,Cameroon,2722,00:38:42.382,Ball Receipt*,
,Incomplete,,,,,,,,,,,,,,,,,,,,,,,,,,,0231cb0f-e391-46c6-84a7-a52595974468,1185,,"[70.0, 9.2]",3920389,38,,,,,,,,,,,,,,,,,,,,,,,,1,Regular Play,Karl Brillant Toko Ekambi,3551.0,Center Forward,61,Cameroon,2722,['ce133458-27a4-4319-8161-993f9f0bc7b7'],45,,,,,,,,,,,,,,,,,Cameroon,2722,00:38:45.621,Ball Receipt*,
,,,,,,,,,,,,,,,,,,,,,,,,,,,,599c8813-2e4e-4238-9ef5-bef6c77f3f7e,1189,,"[71.9, 26.5]",3920389,38,,,,,,,,,,,,,,,,,,,,,,,,1,Regular Play,Olivier Michel Kemen,7355.0,Center Defensive Midfield,61,Cameroon,2722,['fab6e7c7-8eda-46d5-9617-61b2fa5f5f83'],48,,,,,,,,,,,,,,,,,Cameroon,2722,00:38:48.169,Ball Receipt*,
,,,,,,,,,,,,,,,,,,,,,,,,,,,,5e15ea0b-2832-4adf-abc2-715f2682453b,1193,,"[104.9, 56.2]",3920389,38,,,,,,,,,,,,,,,,,,,,,,,,1,Regular Play,Frank Magri,189348.0,Right Wing,61,Cameroon,2722,['a3f3c364-245b-48a6-8c29-b994cbb21113'],52,,,,,,,,,,,,,,,,,Cameroon,2722,00:38:52.973,Ball Receipt*,
,,,,,,,,,,,,,,,,,,,,,,,,,,,,8073ddc4-8a61-45c7-b126-58147dcce3f8,1196,,"[118.4, 7.4]",3920389,38,,,,,,,,,,,,,,,,,,,,,,,,1,Regular Play,Georges-Kévin Nkoudou Mbida,3639.0,Left Wing,61,Cameroon,2722,['bff21a53-575f-4935-b742-12ec4d8b2a48'],57,,,,,,,,,,,,,,,,,Cameroon,2722,00:38:57.790,Ball Receipt*,
,,,,,,,,,,,,,,,,,,,,,,,,,,,,2fcd65f4-2314-4308-9ad9-3b78e8c8717a,1201,,"[15.2, 69.2]",3920389,41,,,,,,,,,,,,,,,,,,,,,,,,1,From Throw In,Morgan Guilavogui,47351.0,Right Wing,62,Guinea,4892,['19dbfc02-1ef3-4f2f-a1d0-534c6db5dac9'],2,,,,,,,,,,,,,,,,,Guinea,4892,00:41:02.365,Ball Receipt*,
,Incomplete,,,,,,,,,,,,,,,,,,,,,,,,,,,91d64622-5878-4472-8ccf-78fba33b2d9b,1203,,"[25.6, 69.2]",3920389,41,,,,,,,,,,,,,,,,,,,,,,,,1,From Throw In,Aguibou Camara,39559.0,Center Attacking Midfield,62,Guinea,4892,['6b60d1fb-d891-44cf-b474-3c3b81ebca98'],4,,,,,,,,,,,,,,,,,Guinea,4892,00:41:04.546,Ball Receipt*,
,,,,,,,,,,,,,,,,,,,,,,,,,,,,099b30bc-dcb1-4421-818a-ad86f877df1c,1208,,"[67.5, 30.5]",3920389,41,,,,,,,,,,,,,,,,,,,,,,,,1,Regular Play,Christopher Wooh,74588.0,Right Center Back,63,Cameroon,2722,['246382dd-9705-412e-bb18-16d3d9d2ec51'],6,,,,,,,,,,,,,,,,,Cameroon,2722,00:41:06.789,Ball Receipt*,
,,,,,,,,,,,,,,,,,,,,,,,,,,,,e828afc9-f510-4d92-bc83-8fa59616ad80,1212,,"[92.7, 54.8]",3920389,41,,,,,,,,,,,,,,,,,,,,,,,,1,Regular Play,Frank Magri,189348.0,Right Wing,63,Cameroon,2722,"['18f8df88-a837-4dde-9ee9-4115fe4001cf', '0f76167c-1490-46b4-bd62-f117460593dd']",12,,,,,,,,,,,,,,,,,Cameroon,2722,00:41:12.459,Ball Receipt*,True
,,,,,,,,,,,,,,,,,,,,,,,,,,,,bbe704f3-31fd-487a-afe4-3012b46a79e3,1215,,"[81.9, 69.8]",3920389,41,,,,,,,,,,,,,,,,,,,,,,,,1,Regular Play,Jean-Charles Castelletto,7426.0,Right Back,63,Cameroon,2722,['2e271485-8ffb-4cd0-84e2-567beaa2887f'],14,,,,,,,,,,,,,,,,,Cameroon,2722,00:41:14.346,Ball Receipt*,
,,,,,,,,,,,,,,,,,,,,,,,,,,,,9aadc8df-c0ff-4f52-b323-ba02626de442,1218,,"[94.4, 58.1]",3920389,41,,,,,,,,,,,,,,,,,,,,,,,,1,Regular Play,Olivier Michel Kemen,7355.0,Center Defensive Midfield,63,Cameroon,2722,['6b918873-fa8d-40b3-8cfc-96cb764ff623'],15,,,,,,,,,,,,,,,,,Cameroon,2722,00:41:15.958,Ball Receipt*,
,Incomplete,,,,,,,,,,,,,,,,,,,,,,,,,,,846f6a64-c0a0-4848-838c-f626b4b2d0a3,1221,,"[108.8, 31.2]",3920389,41,,,,,,,,,,,,,,,,,,,,,,,,1,Regular Play,Karl Brillant Toko Ekambi,3551.0,Center Forward,63,Cameroon,2722,['d68e724a-a3d8-4c13-afe9-4ca7bfeec3a8'],18,,,,,,,,,,,,,,,,,Cameroon,2722,00:41:18.327,Ball Receipt*,
,,,,,,,,,,,,,,,,,,,,,,,,,,,,786cc5fa-d1d5-445f-90aa-89b2696f7d23,1233,,"[47.8, 31.5]",3920389,41,,,,,,,,,,,,,,,,,,,,,,,,1,Regular Play,Moriba Kourouma Kourouma,39073.0,Left Defensive Midfield,64,Guinea,4892,['daf2c2be-50d9-4c35-bae0-533d7df65650'],27,,,,,,,,,,,,,,,,,Guinea,4892,00:41:27.736,Ball Receipt*,
,,,,,,,,,,,,,,,,,,,,,,,,,,,,f325958c-8a2d-4b15-a137-154d4a17d396,1239,,"[91.8, 4.4]",3920389,41,,,,,,,,,,,,,,,,,,,,,,,,1,From Free Kick,Sekou Oumar Sylla,132711.0,Left Back,65,Guinea,4892,['e7868fdd-9bb0-4e33-8d3e-83de2a6be079'],56,,,,,,,,,,,,,,,,,Guinea,4892,00:41:56.471,Ball Receipt*,
,Incomplete,,,,,,,,,,,,,,,,,,,,,,,,,,,64e6907e-4637-4ae5-9c39-4aa48bcaa3b5,1241,,"[104.9, 32.1]",3920389,42,,,,,,,,,,,,,,,,,,,,,,,,1,From Free Kick,Mohamed Bayo,8454.0,Center Forward,65,Guinea,4892,['aee214b5-6e9d-44e7-b270-a48d3068f8dd'],1,,,,,,,,,,,,,,,,,Guinea,4892,00:42:01.333,Ball Receipt*,
,Incomplete,,,,,,,,,,,,,,,,,,,,,,,,,,,702a4034-ec12-45a8-a279-8c1f2d727dc5,1245,,"[73.3, 13.6]",3920389,42,,,,,,,,,,,,,,,,,,,,,,,,1,Regular Play,Georges-Kévin Nkoudou Mbida,3639.0,Left Wing,66,Cameroon,2722,['fe623b42-26a9-4294-bf29-baad05b8f5d9'],6,,,,,,,,,,,,,,,,,Cameroon,2722,00:42:06.803,Ball Receipt*,
,,,,,,,,,,,,,,,,,,,,,,,,,,,,d722b990-7abc-4284-8c61-80acd3b0f7b4,1252,,"[104.0, 22.9]",3920389,42,,,,,,,,,,,,,,,,,,,,,,,,1,Regular Play,Georges-Kévin Nkoudou Mbida,3639.0,Left Wing,66,Cameroon,2722,['2f3a7172-479f-4d05-9eb9-1f70483cc2b0'],15,,,,,,,,,,,,,,,,,Cameroon,2722,00:42:15.720,Ball Receipt*,
,,,,,,,,,,,,,,,,,,,,,,,,,,,,f510f5ee-91dc-47c0-ab13-75e91d3b589f,1257,,"[63.1, 73.1]",3920389,42,,,,,,,,,,,,,,,,,,,,,,,,1,From Goal Kick,Morgan Guilavogui,47351.0,Right Wing,67,Guinea,4892,['110fd01d-fee8-4c58-8936-d63c6eaa480e'],53,,,,,,,,,,,,,,,,,Guinea,4892,00:42:53.960,Ball Receipt*,
,Incomplete,,,,,,,,,,,,,,,,,,,,,,,,,,,942ded2e-3343-4ed4-b082-20abdafa8d05,1260,,"[85.2, 73.1]",3920389,42,,,,,,,,,,,,,,,,,,,,,,,,1,From Goal Kick,Aguibou Camara,39559.0,Center Attacking Midfield,67,Guinea,4892,['9c1030bd-1c77-4032-8ab7-80036aa0d9ff'],56,,,,,,,,,,,,,,,,,Guinea,4892,00:42:56.947,Ball Receipt*,
,,,,,,,,,,,,,,,,,,,,,,,,,,,,f067ec6f-8fba-4afe-b3f5-d5113177b2d9,1262,,"[6.8, 20.0]",3920389,42,,,,,,,,,,,,,,,,,,,,,,,,1,Regular Play,Joseph Fabrice Ondoa Ebogo,24670.0,Goalkeeper,68,Cameroon,2722,['20b0a91d-1c7b-49c7-8133-8110f27534b9'],59,,,,,,,,,,,,,,,,,Cameroon,2722,00:42:59.080,Ball Receipt*,
,,,,,,,,,,,,,,,,,,,,,,,,,,,,7505e7c6-1068-44b9-871f-7805206a6f06,1266,,"[26.3, 15.4]",3920389,43,,,,,,,,,,,,,,,,,,,,,,,,1,Regular Play,Jules Olivier Ntcham,10530.0,Right Center Midfield,68,Cameroon,2722,['ad4db273-b0d0-4c57-a7b2-062992dde0de'],1,,,,,,,,,,,,,,,,,Cameroon,2722,00:43:01.161,Ball Receipt*,
,,,,,,,,,,,,,,,,,,,,,,,,,,,,1d3da7aa-6d95-4599-8b63-053a2e222916,1269,,"[16.1, 6.7]",3920389,43,,,,,,,,,,,,,,,,,,,,,,,,1,Regular Play,Harold Moukoudi,7386.0,Left Center Back,68,Cameroon,2722,['7fda717c-b207-4e3b-af35-646b62f5f8f5'],2,,,,,,,,,,,,,,,,,Cameroon,2722,00:43:02.654,Ball Receipt*,
,,,,,,,,,,,,,,,,,,,,,,,,,,,,33f0053f-9c4a-4427-b4c3-1fafe0b83155,1272,,"[9.5, 23.2]",3920389,43,,,,,,,,,,,,,,,,,,,,,,,,1,Regular Play,Joseph Fabrice Ondoa Ebogo,24670.0,Goalkeeper,68,Cameroon,2722,['24f170b1-8c6d-439d-ace9-507703530f82'],5,,,,,,,,,,,,,,,,,Cameroon,2722,00:43:05.710,Ball Receipt*,
,,,,,,,,,,,,,,,,,,,,,,,,,,,,b05c23bb-fcaa-4f13-9b64-0b3619da20f9,1275,,"[28.7, 20.0]",3920389,43,,,,,,,,,,,,,,,,,,,,,,,,1,Regular Play,Jules Olivier Ntcham,10530.0,Right Center Midfield,68,Cameroon,2722,['8efaf37b-d63e-4c00-88c8-e628602ab9d2'],11,,,,,,,,,,,,,,,,,Cameroon,2722,00:43:11.112,Ball Receipt*,
,,,,,,,,,,,,,,,,,,,,,,,,,,,,7c2fca09-9080-4080-957f-a21b83438d66,1278,,"[44.6, 7.7]",3920389,43,,,,,,,,,,,,,,,,,,,,,,,,1,Regular Play,Harold Moukoudi,7386.0,Left Center Back,68,Cameroon,2722,['f5df373f-66ec-4d80-ae80-df8f06d0a8b9'],17,,,,,,,,,,,,,,,,,Cameroon,2722,00:43:17.464,Ball Receipt*,
,,,,,,,,,,,,,,,,,,,,,,,,,,,,8c65cc3f-0a00-4f73-b5c0-9fd34ca917c4,1281,,"[45.5, 20.1]",3920389,43,,,,,,,,,,,,,,,,,,,,,,,,1,Regular Play,Jules Olivier Ntcham,10530.0,Right Center Midfield,68,Cameroon,2722,['5a258386-0d66-407a-a287-a1521b8ee2b9'],20,,,,,,,,,,,,,,,,,Cameroon,2722,00:43:20.923,Ball Receipt*,
,,,,,,,,,,,,,,,,,,,,,,,,,,,,1c5a2959-40f2-46dd-aad0-cb062892dbc3,1284,,"[89.5, 72.7]",3920389,43,,,,,,,,,,,,,,,,,,,,,,,,1,Regular Play,Frank Magri,189348.0,Right Wing,68,Cameroon,2722,['2db62ae7-7325-40a8-a16d-fec39dd1db00'],26,,,,,,,,,,,,,,,,,Cameroon,2722,00:43:26.024,Ball Receipt*,
,,,,,,,,,,,,,,,,,,,,,,,,,,,,7f05026b-14b3-405d-8b37-3a988326d62b,1288,,"[84.8, 61.0]",3920389,43,,,,,,,,,,,,,,,,,,,,,,,,1,Regular Play,Olivier Michel Kemen,7355.0,Center Defensive Midfield,68,Cameroon,2722,"['562bd053-ceca-4284-b981-b56c9ba63b4f', '9457ac60-b1b9-4733-adc6-6226b7e291a4']",28,,,,,,,,,,,,,,,,,Cameroon,2722,00:43:28.021,Ball Receipt*,True
,,,,,,,,,,,,,,,,,,,,,,,,,,,,75b2937c-3245-47aa-8ebb-491d4b8f5eb9,1290,,"[75.8, 59.1]",3920389,43,,,,,,,,,,,,,,,,,,,,,,,,1,Regular Play,Jean-Charles Castelletto,7426.0,Right Back,68,Cameroon,2722,['23ea44d0-475e-4606-8aea-817b314daef7'],28,,,,,,,,,,,,,,,,,Cameroon,2722,00:43:28.942,Ball Receipt*,
,Incomplete,,,,,,,,,,,,,,,,,,,,,,,,,,,72b38478-2419-47bb-bdab-db00e398a895,1293,,"[107.4, 55.6]",3920389,43,,,,,,,,,,,,,,,,,,,,,,,,1,Regular Play,Frank Magri,189348.0,Right Wing,68,Cameroon,2722,['d14652ac-e953-40d1-b09f-3be4aee56e0d'],31,,,,,,,,,,,,,,,,,Cameroon,2722,00:43:31.566,Ball Receipt*,
,Incomplete,,,,,,,,,,,,,,,,,,,,,,,,,,,74d1c5fa-63ba-424d-9c66-31a78fe6a1ab,1297,,"[70.8, 36.7]",3920389,43,,,,,,,,,,,,,,,,,,,,,,,,1,From Keeper,Mohamed Bayo,8454.0,Center Forward,69,Guinea,4892,['28501d0c-3cfc-4441-81bf-7ac25d8b9781'],51,,,,,,,,,,,,,,,,,Guinea,4892,00:43:51.370,Ball Receipt*,
,,,,,,,,,,,,,,,,,,,,,,,,,,,,656ab350-51bd-4258-8c39-a6a74db2bb92,1301,,"[69.4, 43.5]",3920389,44,,,,,,,,,,,,,,,,,,,,,,,,1,From Free Kick,Mory Konaté,35285.0,Right Defensive Midfield,70,Guinea,4892,['8749a215-cead-4fdb-99f3-143b3df61aad'],34,,,,,,,,,,,,,,,,,Guinea,4892,00:44:34.305,Ball Receipt*,
,,,,,,,,,,,,,,,,,,,,,,,,,,,,c88ac96c-4f8c-426a-bac7-194b621dabb4,1304,,"[55.8, 30.0]",3920389,44,,,,,,,,,,,,,,,,,,,,,,,,1,From Free Kick,Julian Jeanvier,7360.0,Left Center Back,70,Guinea,4892,['96e6bb91-e653-4203-b9ec-d0b378a19ae3'],36,,,,,,,,,,,,,,,,,Guinea,4892,00:44:36.063,Ball Receipt*,
,Incomplete,,,,,,,,,,,,,,,,,,,,,,,,,,,f0f1fe95-5823-4eb1-a713-144a189327f5,1307,,"[94.2, 72.4]",3920389,44,,,,,,,,,,,,,,,,,,,,,,,,1,From Free Kick,Mohamed Bayo,8454.0,Center Forward,70,Guinea,4892,['b7629d40-8536-4b6b-af41-836e9fd2eedc'],39,,,,,,,,,,,,,,,,,Guinea,4892,00:44:39.411,Ball Receipt*,
,,,,,,,,,,,,,,,,,,,,,,,,,,,,e8b4a2bb-42ad-474d-b2ba-32a04e3fee23,1309,,"[38.2, 14.5]",3920389,44,,,,,,,,,,,,,,,,,,,,,,,,1,Regular Play,Georges-Kévin Nkoudou Mbida,3639.0,Left Wing,71,Cameroon,2722,['fe6ebfde-2723-4597-bc38-3b896bbe964e'],41,,,,,,,,,,,,,,,,,Cameroon,2722,00:44:41.185,Ball Receipt*,
,,,,,,,,,,,,,,,,,,,,,,,,,,,,20bd6163-f17c-4bf0-9469-36102d5ef4dc,1313,,"[62.8, 56.7]",3920389,44,,,,,,,,,,,,,,,,,,,,,,,,1,Regular Play,Frank Magri,189348.0,Right Wing,71,Cameroon,2722,['a1a8385d-559c-46c8-adeb-ed89a0cb54e4'],46,,,,,,,,,,,,,,,,,Cameroon,2722,00:44:46.572,Ball Receipt*,
,,,,,,,,,,,,,,,,,,,,,,,,,,,,a979430a-8cd4-4371-943a-3b2cbc571098,1319,,"[73.5, 31.2]",3920389,48,,,,,,,,,,,,,,,,,,,,,,,,1,From Free Kick,Jules Olivier Ntcham,10530.0,Right Center Midfield,72,Cameroon,2722,['5433c9a3-44bf-4f82-a127-9c1b02a137bd'],58,,,,,,,,,,,,,,,,,Cameroon,2722,00:48:58.140,Ball Receipt*,
,,,,,,,,,,,,,,,,,,,,,,,,,,,,2dc94ee7-4d83-4038-8e98-faf340a38c80,1322,,"[87.9, 7.5]",3920389,49,,,,,,,,,,,,,,,,,,,,,,,,1,From Free Kick,Darlin Zidane Yongwa Ngameni,32190.0,Left Back,72,Cameroon,2722,['c48e781c-9fd1-4ee8-b3b7-dc12aa32bb5d'],0,,,,,,,,,,,,,,,,,Cameroon,2722,00:49:00.834,Ball Receipt*,
,Incomplete,,,,,,,,,,,,,,,,,,,,,,,,,,,605b122e-0b3b-44cb-90ed-f3ce4d436a0f,1328,,"[115.5, 42.0]",3920389,50,,,,,,,,,,,,,,,,,,,,,,,,1,From Free Kick,Christopher Wooh,74588.0,Right Center Back,73,Cameroon,2722,['6aad4540-271f-43b9-ac08-56d07874a5bf'],11,,,,,,,,,,,,,,,,,Cameroon,2722,00:50:11.241,Ball Receipt*,
,Incomplete,,,,,,,,,,,,,,,,,,,,,,,,,,,cf9a21b3-6b5e-4bfe-b17a-10f509131ec8,1332,,"[73.0, 13.1]",3920389,50,,,,,,,,,,,,,,,,,,,,,,,,1,From Keeper,Aguibou Camara,39559.0,Center Attacking Midfield,74,Guinea,4892,['6ea15843-f570-4681-a328-e04f328812ea'],38,,,,,,,,,,,,,,,,,Guinea,4892,00:50:38.145,Ball Receipt*,
,Incomplete,,,,,,,,,,,,,,,,,,,,,,,,,,,e8a4bb8d-06f5-4a83-ae03-267d3638e093,1335,,"[64.9, 73.7]",3920389,50,,,,,,,,,,,,,,,,,,,,,,,,1,From Keeper,Frank Magri,189348.0,Right Wing,74,Guinea,4892,['2191d30b-8f4a-4731-ab08-73fd3ed2d2e6'],41,,,,,,,,,,,,,,,,,Cameroon,2722,00:50:41.050,Ball Receipt*,
,,,,,,,,,,,,,,,,,,,,,,,,,,,,5b4d2775-2379-445a-ac54-9972c7bdca60,1346,,"[57.2, 39.3]",3920389,45,,,,,,,,,,,,,,,,,,,,,,,,2,From Kick Off,Moriba Kourouma Kourouma,39073.0,Right Defensive Midfield,76,Guinea,4892,['2bc3cd57-355f-4f01-b6cd-7f461e5c3b13'],1,,,,,,,,,,,,,,,,,Guinea,4892,00:00:01.243,Ball Receipt*,
,,,,,,,,,,,,,,,,,,,,,,,,,,,,6b881252-73d0-4be1-b82b-7f6864858113,1351,,"[77.8, 45.6]",3920389,45,,,,,,,,,,,,,,,,,,,,,,,,2,From Kick Off,Mohamed Bayo,8454.0,Center Forward,76,Guinea,4892,['3b92bea7-0550-499f-ad6c-22bbc3702eb6'],5,,,,,,,,,,,,,,,,,Guinea,4892,00:00:05.155,Ball Receipt*,
,,,,,,,,,,,,,,,,,,,,,,,,,,,,3091b8b7-e41e-41dc-b83a-9d58daef1a1a,1353,,"[76.1, 52.0]",3920389,45,,,,,,,,,,,,,,,,,,,,,,,,2,From Kick Off,Moriba Kourouma Kourouma,39073.0,Right Defensive Midfield,76,Guinea,4892,['27fdfa10-629e-4125-be10-e23049760790'],5,,,,,,,,,,,,,,,,,Guinea,4892,00:00:05.850,Ball Receipt*,
,Incomplete,,,,,,,,,,,,,,,,,,,,,,,,,,,f5995583-9aea-438d-99a5-33f2bb440254,1356,,"[109.5, 75.0]",3920389,45,,,,,,,,,,,,,,,,,,,,,,,,2,From Kick Off,Morgan Guilavogui,47351.0,Right Midfield,76,Guinea,4892,['9408e59c-9057-41ec-a26f-f9f2c00b1bd2'],10,,,,,,,,,,,,,,,,,Guinea,4892,00:00:10.023,Ball Receipt*,
,,,,,,,,,,,,,,,,,,,,,,,,,,,,a85ac4ce-9cd0-4071-be32-46deb7bbaaaf,1358,,"[7.8, 11.0]",3920389,45,,,,,,,,,,,,,,,,,,,,,,,,2,From Throw In,Harold Moukoudi,7386.0,Left Center Back,77,Cameroon,2722,['fcc33aa1-2518-4b5d-91c5-14bb522fd897'],17,,,,,,,,,,,,,,,,,Cameroon,2722,00:00:17.718,Ball Receipt*,
,,,,,,,,,,,,,,,,,,,,,,,,,,,,8b3e57fe-c8ce-4b41-ac9f-5a0bd9fbca32,1361,,"[9.0, 5.9]",3920389,45,,,,,,,,,,,,,,,,,,,,,,,,2,From Throw In,Darlin Zidane Yongwa Ngameni,32190.0,Left Back,77,Cameroon,2722,['170f091b-5c51-4681-a7f4-f9006123fd90'],20,,,,,,,,,,,,,,,,,Cameroon,2722,00:00:20.682,Ball Receipt*,
,,,,,,,,,,,,,,,,,,,,,,,,,,,,b8906429-4edc-4741-90f7-ccbbc0f47b11,1364,,"[5.0, 13.2]",3920389,45,,,,,,,,,,,,,,,,,,,,,,,,2,From Throw In,Harold Moukoudi,7386.0,Left Center Back,77,Cameroon,2722,['7800bf45-e7e4-4e2c-85cf-36caaa508456'],22,,,,,,,,,,,,,,,,,Cameroon,2722,00:00:22.698,Ball Receipt*,
,,,,,,,,,,,,,,,,,,,,,,,,,,,,aa35341a-c1ae-4686-8fd1-78daf176675a,1367,,"[14.8, 53.9]",3920389,45,,,,,,,,,,,,,,,,,,,,,,,,2,From Throw In,Christopher Wooh,74588.0,Right Center Back,77,Cameroon,2722,['27036025-adc8-45b8-a674-00ebf817ba5a'],25,,,,,,,,,,,,,,,,,Cameroon,2722,00:00:25.991,Ball Receipt*,
,,,,,,,,,,,,,,,,,,,,,,,,,,,,881cc782-2a4d-4281-a77e-e8b5ec0f919b,1370,,"[39.0, 58.1]",3920389,45,,,,,,,,,,,,,,,,,,,,,,,,2,From Throw In,Jules Olivier Ntcham,10530.0,Right Defensive Midfield,77,Cameroon,2722,['eb71f184-9c22-42d9-b2e6-9ed8701010b6'],30,,,,,,,,,,,,,,,,,Cameroon,2722,00:00:30.165,Ball Receipt*,
,,,,,,,,,,,,,,,,,,,,,,,,,,,,6f847d97-06c7-463d-ad34-d692c58b566f,1373,,"[42.1, 30.0]",3920389,45,,,,,,,,,,,,,,,,,,,,,,,,2,From Throw In,Harold Moukoudi,7386.0,Left Center Back,77,Cameroon,2722,['af264ee9-2790-4cb5-859c-f4b338e9f5bc'],34,,,,,,,,,,,,,,,,,Cameroon,2722,00:00:34.297,Ball Receipt*,
,,,,,,,,,,,,,,,,,,,,,,,,,,,,01d648dd-7704-439b-8680-293c676bdd2f,1376,,"[68.5, 4.9]",3920389,45,,,,,,,,,,,,,,,,,,,,,,,,2,From Throw In,Georges-Kévin Nkoudou Mbida,3639.0,Left Wing,77,Cameroon,2722,['283669c7-f02e-4bce-9837-a72d3919ff59'],38,,,,,,,,,,,,,,,,,Cameroon,2722,00:00:38.250,Ball Receipt*,
,,,,,,,,,,,,,,,,,,,,,,,,,,,,1c70e824-37dc-48ec-b248-824abf503e30,1380,,"[86.8, 20.7]",3920389,45,,,,,,,,,,,,,,,,,,,,,,,,2,From Throw In,André-Frank Zambo Anguissa,3141.0,Left Defensive Midfield,77,Cameroon,2722,['27f71ea6-3593-4ca8-904c-52737e013d24'],42,,,,,,,,,,,,,,,,,Cameroon,2722,00:00:42.706,Ball Receipt*,
,,,,,,,,,,,,,,,,,,,,,,,,,,,,b8dc21f0-c4de-4e6e-a7bc-bbec1f2321f2,1384,,"[114.7, 7.8]",3920389,45,,,,,,,,,,,,,,,,,,,,,,,,2,From Throw In,Georges-Kévin Nkoudou Mbida,3639.0,Left Wing,77,Cameroon,2722,"['722a9fac-579f-42df-9b4e-b506325bba99', '49408bbb-fbae-4a1e-aa72-a5ac919b9b06']",46,,,,,,,,,,,,,,,,,Cameroon,2722,00:00:46.353,Ball Receipt*,True
,Incomplete,,,,,,,,,,,,,,,,,,,,,,,,,,,1d1826cc-e348-4285-8a61-809dae3e7123,1389,,"[72.8, 56.1]",3920389,46,,,,,,,,,,,,,,,,,,,,,,,,2,From Goal Kick,Mohamed Bayo,8454.0,Center Forward,78,Guinea,4892,['fd283c6b-9e3c-404c-bb78-8441810c4698'],19,,,,,,,,,,,,,,,,,Guinea,4892,00:01:19.995,Ball Receipt*,
,Incomplete,,,,,,,,,,,,,,,,,,,,,,,,,,,de538baa-6b6a-4e00-82ee-91c5c7ba0f05,1391,,"[67.8, 24.6]",3920389,46,,,,,,,,,,,,,,,,,,,,,,,,2,From Goal Kick,Karl Brillant Toko Ekambi,3551.0,Center Forward,78,Guinea,4892,['40007d7f-cffb-4aaa-b881-5246104b9f66'],20,,,,,,,,,,,,,,,,,Cameroon,2722,00:01:20.792,Ball Receipt*,
,,,,,,,,,,,,,,,,,,,,,,,,,,,,68f1b8ff-7527-4cc0-ae18-4cb423bd8df5,1393,,"[37.9, 49.4]",3920389,46,,,,,,,,,,,,,,,,,,,,,,,,2,From Goal Kick,Julian Jeanvier,7360.0,Left Center Back,78,Guinea,4892,['49da033a-5ea1-4f3c-8833-7fd0d09b70a2'],23,,,,,,,,,,,,,,,,,Guinea,4892,00:01:23.086,Ball Receipt*,
,Incomplete,,,,,,,,,,,,,,,,,,,,,,,,,,,1bdf325b-7253-4f6a-a73e-8cb36628eb95,1396,,"[71.5, 60.3]",3920389,46,,,,,,,,,,,,,,,,,,,,,,,,2,From Goal Kick,Morgan Guilavogui,47351.0,Right Midfield,78,Guinea,4892,['5cd3666e-f02f-4086-acc2-701edd214787'],27,,,,,,,,,,,,,,,,,Guinea,4892,00:01:27.704,Ball Receipt*,
,Incomplete,,,,,,,,,,,,,,,,,,,,,,,,,,,1f3e7030-c90f-4479-a482-b0eb32fa9098,1402,,"[67.2, 7.6]",3920389,46,,,,,,,,,,,,,,,,,,,,,,,,2,Regular Play,Georges-Kévin Nkoudou Mbida,3639.0,Left Wing,79,Cameroon,2722,['9988841c-639b-46cd-a06f-05578db4d021'],30,,,,,,,,,,,,,,,,,Cameroon,2722,00:01:30.969,Ball Receipt*,
,,,,,,,,,,,,,,,,,,,,,,,,,,,,02adfe8a-13f5-4bfc-9ccd-287bed1bbe59,1406,,"[79.4, 60.6]",3920389,46,,,,,,,,,,,,,,,,,,,,,,,,2,From Free Kick,Jules Olivier Ntcham,10530.0,Right Defensive Midfield,80,Cameroon,2722,['9460dd7c-5544-442e-a9ac-3488617205d5'],47,,,,,,,,,,,,,,,,,Cameroon,2722,00:01:47.181,Ball Receipt*,
,,,,,,,,,,,,,,,,,,,,,,,,,,,,ec53cb23-5809-4c8a-9734-4a11ec0c4f99,1408,,"[93.3, 76.3]",3920389,46,,,,,,,,,,,,,,,,,,,,,,,,2,From Free Kick,Jean-Charles Castelletto,7426.0,Right Back,80,Cameroon,2722,['4e821283-4b6e-401e-a165-158f09e59fc4'],53,,,,,,,,,,,,,,,,,Cameroon,2722,00:01:53.585,Ball Receipt*,
,,,,,,,,,,,,,,,,,,,,,,,,,,,,af567483-8c89-4f24-a4ff-9145b691f41c,1412,,"[80.3, 79.8]",3920389,47,,,,,,,,,,,,,,,,,,,,,,,,2,From Free Kick,Jules Olivier Ntcham,10530.0,Right Defensive Midfield,80,Cameroon,2722,['b7817110-cd74-4f8b-a32a-5e69e8b15f52'],0,,,,,,,,,,,,,,,,,Cameroon,2722,00:02:00.881,Ball Receipt*,
,,,,,,,,,,,,,,,,,,,,,,,,,,,,163d2d35-bc39-4534-8b99-f18ba74ab015,1415,,"[79.5, 5.4]",3920389,47,,,,,,,,,,,,,,,,,,,,,,,,2,From Free Kick,Darlin Zidane Yongwa Ngameni,32190.0,Left Back,80,Cameroon,2722,['d894ccb3-a319-4aa6-b71b-dd7e08b0e64d'],6,,,,,,,,,,,,,,,,,Cameroon,2722,00:02:06.535,Ball Receipt*,
,,,,,,,,,,,,,,,,,,,,,,,,,,,,7d7cb5e0-b04d-4949-b69c-a681a5ff0b18,1418,,"[96.2, 24.0]",3920389,47,,,,,,,,,,,,,,,,,,,,,,,,2,From Free Kick,Karl Brillant Toko Ekambi,3551.0,Center Forward,80,Cameroon,2722,['1f6bcfee-1ffa-481c-a89b-b7b4d1bd2030'],11,,,,,,,,,,,,,,,,,Cameroon,2722,00:02:11.151,Ball Receipt*,
,,,,,,,,,,,,,,,,,,,,,,,,,,,,debccea0-98e4-41f2-a661-01fb1ba7f5d3,1423,,"[93.6, 5.2]",3920389,47,,,,,,,,,,,,,,,,,,,,,,,,2,From Free Kick,Georges-Kévin Nkoudou Mbida,3639.0,Left Wing,80,Cameroon,2722,['77e16fd8-0f01-4ada-8797-225019fffc59'],14,,,,,,,,,,,,,,,,,Cameroon,2722,00:02:14.441,Ball Receipt*,
,,,,,,,,,,,,,,,,,,,,,,,,,,,,01fdd634-1837-4f94-9b4d-af2eeea939be,1429,,"[78.9, 10.6]",3920389,47,,,,,,,,,,,,,,,,,,,,,,,,2,From Throw In,André-Frank Zambo Anguissa,3141.0,Left Defensive Midfield,81,Cameroon,2722,['d236900a-bad6-47ba-9e35-704e1f94146f'],24,,,,,,,,,,,,,,,,,Cameroon,2722,00:02:24.379,Ball Receipt*,
,,,,,,,,,,,,,,,,,,,,,,,,,,,,19985319-24eb-4020-b005-fdb7c0822db1,1431,,"[83.3, 37.0]",3920389,47,,,,,,,,,,,,,,,,,,,,,,,,2,From Throw In,Olivier Michel Kemen,7355.0,Center Attacking Midfield,81,Cameroon,2722,['1bb8c50e-cd9a-4a84-a8bf-1154b12442a1'],29,,,,,,,,,,,,,,,,,Cameroon,2722,00:02:29.473,Ball Receipt*,
,Incomplete,,,,,,,,,,,,,,,,,,,,,,,,,,,e02f8398-0ce8-4e3a-977b-3f4f1bf05171,1435,,"[81.5, 57.9]",3920389,47,,,,,,,,,,,,,,,,,,,,,,,,2,From Throw In,Jules Olivier Ntcham,10530.0,Right Defensive Midfield,81,Cameroon,2722,['da0b9dde-ddd5-4f52-babb-6cd0a8ef749f'],31,,,,,,,,,,,,,,,,,Cameroon,2722,00:02:31.224,Ball Receipt*,
,,,,,,,,,,,,,,,,,,,,,,,,,,,,b96e2d1e-b9fe-4748-b3e7-cca019747159,1437,,"[41.8, 33.1]",3920389,47,,,,,,,,,,,,,,,,,,,,,,,,2,Regular Play,Mohamed Bayo,8454.0,Center Forward,82,Guinea,4892,['2ab9af78-ea7b-4cb9-bbc7-c84f35b86fed'],32,,,,,,,,,,,,,,,,,Guinea,4892,00:02:32.272,Ball Receipt*,
,,,,,,,,,,,,,,,,,,,,,,,,,,,,5fcb6e99-9c58-4bbd-828f-90cb0fb60a6e,1440,,"[47.2, 22.8]",3920389,47,,,,,,,,,,,,,,,,,,,,,,,,2,Regular Play,Aguibou Camara,39559.0,Left Midfield,82,Guinea,4892,['83053ed8-6bd6-47db-a233-c773545da34b'],33,,,,,,,,,,,,,,,,,Guinea,4892,00:02:33.897,Ball Receipt*,
,,,,,,,,,,,,,,,,,,,,,,,,,,,,cb9fbeea-945d-4885-9726-393914fb2898,1443,,"[96.1, 57.8]",3920389,47,,,,,,,,,,,,,,,,,,,,,,,,2,Regular Play,Morgan Guilavogui,47351.0,Right Midfield,82,Guinea,4892,['c4e88548-5dd5-435d-ae9d-b7f392e0e822'],39,,,,,,,,,,,,,,,,,Guinea,4892,00:02:39.337,Ball Receipt*,
,Incomplete,,,,,,,,,,,,,,,,,,,,,,,,,,,0eee35cd-6ada-4ec2-82b1-08563d88fde7,1446,,"[110.1, 44.7]",3920389,47,,,,,,,,,,,,,,,,,,,,,,,,2,Regular Play,Mohamed Bayo,8454.0,Center Forward,82,Guinea,4892,['0bf19ff3-5101-45af-bfbc-de72bd40a118'],41,,,,,,,,,,,,,,,,,Guinea,4892,00:02:41.995,Ball Receipt*,
,,,,,,,,,,,,,,,,,,,,,,,,,,,,feb66b5d-cc29-47ed-8859-bf54da42d4dd,1451,,"[91.8, 56.6]",3920389,47,,,,,,,,,,,,,,,,,,,,,,,,2,Regular Play,Moriba Kourouma Kourouma,39073.0,Right Defensive Midfield,82,Guinea,4892,['749986f3-23ab-49af-b232-04083c857472'],45,,,,,,,,,,,,,,,,,Guinea,4892,00:02:45.150,Ball Receipt*,
,,,,,,,,,,,,,,,,,,,,,,,,,,,,3bce27d5-4841-4fb7-9a0b-d300f2623b57,1454,,"[77.5, 42.7]",3920389,47,,,,,,,,,,,,,,,,,,,,,,,,2,Regular Play,Mory Konaté,35285.0,Left Defensive Midfield,82,Guinea,4892,['2afcdb2b-c33a-4ecf-96b2-2991790e96e2'],49,,,,,,,,,,,,,,,,,Guinea,4892,00:02:49.258,Ball Receipt*,
,,,,,,,,,,,,,,,,,,,,,,,,,,,,783826e1-cb9f-4324-826e-9314dc0f13fb,1457,,"[70.9, 9.4]",3920389,47,,,,,,,,,,,,,,,,,,,,,,,,2,Regular Play,Sekou Oumar Sylla,132711.0,Left Back,82,Guinea,4892,['8d55de9a-90fa-4080-940d-96e9b4c807de'],52,,,,,,,,,,,,,,,,,Guinea,4892,00:02:52.147,Ball Receipt*,
,,,,,,,,,,,,,,,,,,,,,,,,,,,,f595d425-100c-4ba2-a3ef-09a7c77e6790,1460,,"[44.0, 13.6]",3920389,47,,,,,,,,,,,,,,,,,,,,,,,,2,Regular Play,Julian Jeanvier,7360.0,Left Center Back,82,Guinea,4892,['97a0ee32-b8cc-496c-8b3d-bf66c4766236'],55,,,,,,,,,,,,,,,,,Guinea,4892,00:02:55.227,Ball Receipt*,
,,,,,,,,,,,,,,,,,,,,,,,,,,,,08493ba9-08ad-4cee-a459-590160ac6373,1463,,"[12.2, 30.3]",3920389,47,,,,,,,,,,,,,,,,,,,,,,,,2,Regular Play,Ibrahim Kone,182573.0,Goalkeeper,82,Guinea,4892,['0bdd7726-ab3a-4c04-82bf-40726124c7a6'],58,,,,,,,,,,,,,,,,,Guinea,4892,00:02:58.812,Ball Receipt*,
,,,,,,,,,,,,,,,,,,,,,,,,,,,,5da6adfc-73b4-4099-b35a-741252881011,1466,,"[23.7, 12.7]",3920389,48,,,,,,,,,,,,,,,,,,,,,,,,2,Regular Play,Julian Jeanvier,7360.0,Left Center Back,82,Guinea,4892,['1e869ca6-9c69-41a9-80dd-fdfb76a36aa0'],1,,,,,,,,,,,,,,,,,Guinea,4892,00:03:01.074,Ball Receipt*,
,Incomplete,,,,,,,,,,,,,,,,,,,,,,,,,,,b3fa3ec6-19ba-49c1-9242-147978613977,1469,,"[72.0, 3.0]",3920389,48,,,,,,,,,,,,,,,,,,,,,,,,2,Regular Play,Aguibou Camara,39559.0,Left Midfield,82,Guinea,4892,['57cc7542-e72b-4d46-9336-d4c87a672f7a'],7,,,,,,,,,,,,,,,,,Guinea,4892,00:03:07.634,Ball Receipt*,
,,,,,,,,,,,,,,,,,,,,,,,,,,,,3ef3353d-5ab6-4b14-8f5f-22e3230a36fb,1471,,"[40.4, 66.0]",3920389,48,,,,,,,,,,,,,,,,,,,,,,,,2,From Throw In,Christopher Wooh,74588.0,Right Center Back,83,Cameroon,2722,['f1ddd142-a09e-4381-b519-ada6b4dccb19'],13,,,,,,,,,,,,,,,,,Cameroon,2722,00:03:13.179,Ball Receipt*,
,,,,,,,,,,,,,,,,,,,,,,,,,,,,11b81e88-4127-498a-bc40-4dff9bd1f7cc,1473,,"[40.8, 37.0]",3920389,48,,,,,,,,,,,,,,,,,,,,,,,,2,From Throw In,Harold Moukoudi,7386.0,Left Center Back,83,Cameroon,2722,['5cb37edc-77c8-4514-9dd1-4b6c01e9eda3'],15,,,,,,,,,,,,,,,,,Cameroon,2722,00:03:15.272,Ball Receipt*,
,,,,,,,,,,,,,,,,,,,,,,,,,,,,407c3af3-fabd-4c3f-b814-612dc28e1d62,1476,,"[52.0, 53.1]",3920389,48,,,,,,,,,,,,,,,,,,,,,,,,2,From Throw In,Christopher Wooh,74588.0,Right Center Back,83,Cameroon,2722,['bdbc928b-945f-4e5d-b5e0-e164b0cfaa30'],21,,,,,,,,,,,,,,,,,Cameroon,2722,00:03:21.672,Ball Receipt*,
,,,,,,,,,,,,,,,,,,,,,,,,,,,,8a62e1c4-37c8-4ea2-bab0-ae3923f6d63d,1479,,"[65.9, 57.0]",3920389,48,,,,,,,,,,,,,,,,,,,,,,,,2,From Throw In,Jules Olivier Ntcham,10530.0,Right Defensive Midfield,83,Cameroon,2722,['a1a09c73-2451-498a-b7bd-18ba8f713768'],23,,,,,,,,,,,,,,,,,Cameroon,2722,00:03:23.573,Ball Receipt*,
,,,,,,,,,,,,,,,,,,,,,,,,,,,,a96a72bf-33b2-4405-8c69-4c953ec144d4,1482,,"[70.8, 9.3]",3920389,48,,,,,,,,,,,,,,,,,,,,,,,,2,From Throw In,Darlin Zidane Yongwa Ngameni,32190.0,Left Back,83,Cameroon,2722,['8522a01d-89b5-4227-9792-344c583600ab'],30,,,,,,,,,,,,,,,,,Cameroon,2722,00:03:30.569,Ball Receipt*,
,,,,,,,,,,,,,,,,,,,,,,,,,,,,7e206654-8a8e-440f-9478-42d996e890b9,1486,,"[55.8, 21.0]",3920389,48,,,,,,,,,,,,,,,,,,,,,,,,2,From Throw In,Harold Moukoudi,7386.0,Left Center Back,83,Cameroon,2722,['16b0a33d-9768-4772-abd2-cd5394228c50'],35,,,,,,,,,,,,,,,,,Cameroon,2722,00:03:35.679,Ball Receipt*,
,,,,,,,,,,,,,,,,,,,,,,,,,,,,df540287-e484-4262-9f74-265fecbf70a8,1489,,"[71.4, 55.2]",3920389,48,,,,,,,,,,,,,,,,,,,,,,,,2,From Throw In,Jules Olivier Ntcham,10530.0,Right Defensive Midfield,83,Cameroon,2722,['b492e15d-fd51-4bfa-a732-53f2d82dd63c'],38,,,,,,,,,,,,,,,,,Cameroon,2722,00:03:38.172,Ball Receipt*,
,,,,,,,,,,,,,,,,,,,,,,,,,,,,18e34b84-7bf2-48fa-9ec5-9cdb693cdd8c,1492,,"[90.6, 77.1]",3920389,48,,,,,,,,,,,,,,,,,,,,,,,,2,From Throw In,Frank Magri,189348.0,Right Wing,83,Cameroon,2722,['31733b80-21e7-4cbc-bd0f-f486557c3ae9'],41,,,,,,,,,,,,,,,,,Cameroon,2722,00:03:41.795,Ball Receipt*,
,Incomplete,,,,,,,,,,,,,,,,,,,,,,,,,,,dc901f88-66f7-41eb-a221-92ce9bb62b18,1496,,"[112.9, 41.0]",3920389,48,,,,,,,,,,,,,,,,,,,,,,,,2,From Throw In,Jean-Charles Castelletto,7426.0,Right Back,83,Cameroon,2722,['df189c5f-ec4d-4db8-ad85-a121dd87cfb0'],46,,,,,,,,,,,,,,,,,Cameroon,2722,00:03:46.047,Ball Receipt*,
,,,,,,,,,,,,,,,,,,,,,,,,,,,,ecc6675f-d619-46e6-bd79-99487beaa0ad,1499,,"[108.4, 34.5]",3920389,49,,,,,,,,,,,,,,,,,,,,,,,,2,From Corner,Frank Magri,189348.0,Right Wing,84,Cameroon,2722,['7afd0598-51ca-4f16-9e56-5f962f675266'],15,,,,,,,,,,,,,,,,,Cameroon,2722,00:04:15.546,Ball Receipt*,
,Incomplete,,,,,,,,,,,,,,,,,,,,,,,,,,,7449084f-6d79-4d22-aca4-aa4bdecf0128,1505,,"[110.3, 47.6]",3920389,49,,,,,,,,,,,,,,,,,,,,,,,,2,From Corner,Jean-Charles Castelletto,7426.0,Right Back,84,Cameroon,2722,['3edf24d9-1ff9-4e10-b049-be5488025458'],20,,,,,,,,,,,,,,,,,Cameroon,2722,00:04:20.585,Ball Receipt*,
,,,,,,,,,,,,,,,,,,,,,,,,,,,,933c2b1c-96f2-4c74-838c-979d71eacc47,1517,,"[32.2, 46.3]",3920389,49,,,,,,,,,,,,,,,,,,,,,,,,2,From Corner,Aguibou Camara,39559.0,Left Midfield,84,Cameroon,2722,"['eea812db-65d1-434b-a3da-d359ebc280cf', '31137709-508e-4c72-a7e6-5947ece566f7']",24,,,,,,,,,,,,,,,,,Guinea,4892,00:04:24.743,Ball Receipt*,True
,Incomplete,,,,,,,,,,,,,,,,,,,,,,,,,,,607677b7-abc0-48e2-be32-5c4cc08672c3,1521,,"[65.0, 43.6]",3920389,49,,,,,,,,,,,,,,,,,,,,,,,,2,From Corner,Mohamed Bayo,8454.0,Center Forward,84,Cameroon,2722,['eef10907-016e-4813-b0e8-010a584d89a6'],27,,,,,,,,,,,,,,,,,Guinea,4892,00:04:27.909,Ball Receipt*,
,,,,,,,,,,,,,,,,,,,,,,,,,,,,302a14c4-9f9c-4446-a593-282b74f7756d,1523,,"[20.0, 38.7]",3920389,49,,,,,,,,,,,,,,,,,,,,,,,,2,From Corner,Joseph Fabrice Ondoa Ebogo,24670.0,Goalkeeper,84,Cameroon,2722,['73e80ab9-c1a3-4744-a034-847d54ea1a8d'],30,,,,,,,,,,,,,,,,,Cameroon,2722,00:04:30.007,Ball Receipt*,
,,,,,,,,,,,,,,,,,,,,,,,,,,,,546b3c8b-70d2-437e-b813-c0f3d258eb76,1526,,"[62.9, 73.7]",3920389,49,,,,,,,,,,,,,,,,,,,,,,,,2,From Corner,Jean-Charles Castelletto,7426.0,Right Back,84,Cameroon,2722,['7c258707-a9d0-4217-86c3-b18ede32e01b'],37,,,,,,,,,,,,,,,,,Cameroon,2722,00:04:37.753,Ball Receipt*,
,,,,,,,,,,,,,,,,,,,,,,,,,,,,5a2a5729-1762-4b25-bed9-d261b1aa0bb8,1529,,"[77.6, 69.0]",3920389,49,,,,,,,,,,,,,,,,,,,,,,,,2,From Corner,André-Frank Zambo Anguissa,3141.0,Left Defensive Midfield,84,Cameroon,2722,['3d80e709-f828-4fa9-aa1b-7ecabdaeac54'],44,,,,,,,,,,,,,,,,,Cameroon,2722,00:04:44.130,Ball Receipt*,
,,,,,,,,,,,,,,,,,,,,,,,,,,,,3f130abf-a208-4438-b2e8-c947ca0e0445,1532,,"[84.8, 76.8]",3920389,49,,,,,,,,,,,,,,,,,,,,,,,,2,From Corner,Jean-Charles Castelletto,7426.0,Right Back,84,Cameroon,2722,['d857c70c-07c2-43f8-87aa-55b3323189b7'],46,,,,,,,,,,,,,,,,,Cameroon,2722,00:04:46.456,Ball Receipt*,
,,,,,,,,,,,,,,,,,,,,,,,,,,,,2d446ec7-aace-467d-8460-ace4815ef854,1536,,"[73.4, 77.0]",3920389,49,,,,,,,,,,,,,,,,,,,,,,,,2,From Corner,Olivier Michel Kemen,7355.0,Center Attacking Midfield,84,Cameroon,2722,['4de839d9-b2cd-47ca-9a11-ce936bfdf0e3'],48,,,,,,,,,,,,,,,,,Cameroon,2722,00:04:48.280,Ball Receipt*,
,,,,,,,,,,,,,,,,,,,,,,,,,,,,7a62f99d-44e3-404c-9951-4933e13452ef,1539,,"[77.0, 27.0]",3920389,49,,,,,,,,,,,,,,,,,,,,,,,,2,From Corner,Jules Olivier Ntcham,10530.0,Right Defensive Midfield,84,Cameroon,2722,['33f1fb5a-9973-419d-8c90-1b8f74ac7943'],55,,,,,,,,,,,,,,,,,Cameroon,2722,00:04:55.814,Ball Receipt*,
,,,,,,,,,,,,,,,,,,,,,,,,,,,,3086005d-f59f-4de4-a7dc-c47f09bbdb90,1543,,"[104.7, 6.5]",3920389,50,,,,,,,,,,,,,,,,,,,,,,,,2,From Corner,Georges-Kévin Nkoudou Mbida,3639.0,Left Wing,84,Cameroon,2722,['7dc6afad-a698-47ee-ac28-d1914bc87f7d'],0,,,,,,,,,,,,,,,,,Cameroon,2722,00:05:00.364,Ball Receipt*,
,,,,,,,,,,,,,,,,,,,,,,,,,,,,58892147-6d98-42d9-8076-76bfd4b0badd,1546,,"[115.4, 45.1]",3920389,50,,,,,,,,,,,,,,,,,,,,,,,,2,From Corner,Frank Magri,189348.0,Right Wing,84,Cameroon,2722,['9f949ceb-b1fb-4e0a-b6da-5232e92a6468'],3,,,,,,,,,,,,,,,,,Cameroon,2722,00:05:03.838,Ball Receipt*,
,,,,,,,,,,,,,,,,,,,,,,,,,,,,125a7d7d-9a3c-444b-b6e1-c4f12e1038fe,1551,,"[43.1, 38.9]",3920389,51,,,,,,,,,,,,,,,,,,,,,,,,2,From Kick Off,Aguibou Camara,39559.0,Left Midfield,85,Guinea,4892,['7ee0b2f1-e74d-4087-92bb-0492c786cfd5'],25,,,,,,,,,,,,,,,,,Guinea,4892,00:06:25.916,Ball Receipt*,
,,,,,,,,,,,,,,,,,,,,,,,,,,,,38b06087-782e-4a7b-9259-59ba4ad154da,1555,,"[77.6, 23.1]",3920389,51,,,,,,,,,,,,,,,,,,,,,,,,2,Regular Play,Darlin Zidane Yongwa Ngameni,32190.0,Left Back,86,Cameroon,2722,['0176581c-c8e8-4670-b9ef-0ab33e60f3e7'],31,,,,,,,,,,,,,,,,,Cameroon,2722,00:06:31.308,Ball Receipt*,
,,,,,,,,,,,,,,,,,,,,,,,,,,,,65a6cc08-8fb2-44cb-b8d4-ef4b4dd15d10,1561,,"[110.6, 3.7]",3920389,51,,,,,,,,,,,,,,,,,,,,,,,,2,Regular Play,Georges-Kévin Nkoudou Mbida,3639.0,Left Wing,86,Cameroon,2722,"['c518fe68-1a6b-4c88-ac41-32c15167de39', 'ea40e962-180f-4b38-8192-c7a6fa837583']",38,,,,,,,,,,,,,,,,,Cameroon,2722,00:06:38.964,Ball Receipt*,True
,Incomplete,,,,,,,,,,,,,,,,,,,,,,,,,,,753317bc-194f-4083-9627-0066ca863eed,1566,,"[113.9, 34.6]",3920389,52,,,,,,,,,,,,,,,,,,,,,,,,2,From Free Kick,Karl Brillant Toko Ekambi,3551.0,Center Forward,87,Cameroon,2722,['921e4544-2559-4051-9651-7c0725cb6489'],25,,,,,,,,,,,,,,,,,Cameroon,2722,00:07:25.385,Ball Receipt*,
,,,,,,,,,,,,,,,,,,,,,,,,,,,,e9a4644a-3806-40a5-8460-1a1eab332c32,1570,,"[19.8, 42.4]",3920389,52,,,,,,,,,,,,,,,,,,,,,,,,2,From Free Kick,Antoine Conte,131849.0,Right Back,87,Cameroon,2722,['7fa4cf13-e931-4129-aadb-5f4eb28cd881'],29,,,,,,,,,,,,,,,,,Guinea,4892,00:07:29.419,Ball Receipt*,
,Incomplete,,,,,,,,,,,,,,,,,,,,,,,,,,,6e118632-19a3-42a1-8897-eec2bb813b22,1573,,"[57.5, 63.8]",3920389,52,,,,,,,,,,,,,,,,,,,,,,,,2,From Free Kick,Aguibou Camara,39559.0,Left Midfield,87,Cameroon,2722,['8a4dabfb-e780-42be-bb53-dc834e17e879'],36,,,,,,,,,,,,,,,,,Guinea,4892,00:07:36.415,Ball Receipt*,
,,,,,,,,,,,,,,,,,,,,,,,,,,,,9ea9931a-8571-4a7b-912f-532565412412,1575,,"[42.9, 22.7]",3920389,52,,,,,,,,,,,,,,,,,,,,,,,,2,From Throw In,Jules Olivier Ntcham,10530.0,Right Defensive Midfield,88,Cameroon,2722,['7a4f8018-1af0-402b-a030-b48eca80a46b'],42,,,,,,,,,,,,,,,,,Cameroon,2722,00:07:42.986,Ball Receipt*,
,,,,,,,,,,,,,,,,,,,,,,,,,,,,db267a30-34e0-4072-b6fa-466123c16b9e,1578,,"[49.8, 49.1]",3920389,52,,,,,,,,,,,,,,,,,,,,,,,,2,From Throw In,Christopher Wooh,74588.0,Right Center Back,88,Cameroon,2722,['36c91a94-d9dc-413d-b2f2-3574e57a43ed'],46,,,,,,,,,,,,,,,,,Cameroon,2722,00:07:46.430,Ball Receipt*,
,,,,,,,,,,,,,,,,,,,,,,,,,,,,3a39ddab-f4b2-4a3b-a334-72a235f3340b,1581,,"[57.0, 59.0]",3920389,52,,,,,,,,,,,,,,,,,,,,,,,,2,From Throw In,Olivier Michel Kemen,7355.0,Center Attacking Midfield,88,Cameroon,2722,['9856f799-5a82-457c-a2f5-8b7904b7d6d9'],48,,,,,,,,,,,,,,,,,Cameroon,2722,00:07:48.525,Ball Receipt*,
,,,,,,,,,,,,,,,,,,,,,,,,,,,,3045f21c-a409-4c8d-8029-69dc18615eb2,1584,,"[86.5, 76.5]",3920389,52,,,,,,,,,,,,,,,,,,,,,,,,2,From Throw In,Jean-Charles Castelletto,7426.0,Right Back,88,Cameroon,2722,['5f3b6717-4225-429c-a964-3761a6dec85d'],52,,,,,,,,,,,,,,,,,Cameroon,2722,00:07:52.372,Ball Receipt*,
,,,,,,,,,,,,,,,,,,,,,,,,,,,,d05a3ecd-6a7f-4c00-ba3a-b3c934355eab,1587,,"[86.1, 72.9]",3920389,52,,,,,,,,,,,,,,,,,,,,,,,,2,From Throw In,Karl Brillant Toko Ekambi,3551.0,Center Forward,88,Cameroon,2722,['6e4d038b-abc7-429a-8b71-0b2fb3fd9df4'],54,,,,,,,,,,,,,,,,,Cameroon,2722,00:07:54.671,Ball Receipt*,
,,,,,,,,,,,,,,,,,,,,,,,,,,,,24ccd0e9-0043-4764-9324-1a611e5b539e,1590,,"[97.2, 69.9]",3920389,52,,,,,,,,,,,,,,,,,,,,,,,,2,From Throw In,Frank Magri,189348.0,Right Wing,88,Cameroon,2722,['4678e91a-1921-4bc9-a23b-2a68dbfb29ee'],56,,,,,,,,,,,,,,,,,Cameroon,2722,00:07:56.627,Ball Receipt*,
,,,,,,,,,,,,,,,,,,,,,,,,,,,,4ae78bf8-4bb1-4f48-9d65-fc1085b74a11,1593,,"[91.9, 77.3]",3920389,52,,,,,,,,,,,,,,,,,,,,,,,,2,From Throw In,Jean-Charles Castelletto,7426.0,Right Back,88,Cameroon,2722,['70cda238-d107-485e-9e12-776212c8c29e'],57,,,,,,,,,,,,,,,,,Cameroon,2722,00:07:57.820,Ball Receipt*,
,,,,,,,,,,,,,,,,,,,,,,,,,,,,53824047-e6b1-4698-8d59-57ba88388c15,1596,,"[84.8, 74.9]",3920389,52,,,,,,,,,,,,,,,,,,,,,,,,2,From Throw In,Olivier Michel Kemen,7355.0,Center Attacking Midfield,88,Cameroon,2722,['82b6fc1f-d5dc-4e07-8fa4-dcdc8881b49e'],59,,,,,,,,,,,,,,,,,Cameroon,2722,00:07:59.084,Ball Receipt*,
,,,,,,,,,,,,,,,,,,,,,,,,,,,,8f9295b0-c2f6-4160-9c18-a1a20bb030a0,1599,,"[96.2, 67.4]",3920389,53,,,,,,,,,,,,,,,,,,,,,,,,2,From Throw In,André-Frank Zambo Anguissa,3141.0,Left Defensive Midfield,88,Cameroon,2722,['360b3cce-1dc4-4eda-9ce6-48020daf31d6'],1,,,,,,,,,,,,,,,,,Cameroon,2722,00:08:01.270,Ball Receipt*,
,,,,,,,,,,,,,,,,,,,,,,,,,,,,9098d175-f366-43f3-80c2-f9d7a675956b,1602,,"[98.6, 76.2]",3920389,53,,,,,,,,,,,,,,,,,,,,,,,,2,From Throw In,Jean-Charles Castelletto,7426.0,Right Back,88,Cameroon,2722,['74eb2c54-76a9-46ca-b4d7-c6d174225cfb'],2,,,,,,,,,,,,,,,,,Cameroon,2722,00:08:02.520,Ball Receipt*,
,Incomplete,,,,,,,,,,,,,,,,,,,,,,,,,,,c3ba1afb-7166-4f9b-b049-ce79a94f3e74,1605,,"[110.8, 44.5]",3920389,53,,,,,,,,,,,,,,,,,,,,,,,,2,From Throw In,Karl Brillant Toko Ekambi,3551.0,Center Forward,88,Cameroon,2722,['08429987-c4ad-45d4-ba48-df19c53fb3d7'],3,,,,,,,,,,,,,,,,,Cameroon,2722,00:08:03.934,Ball Receipt*,
,,,,,,,,,,,,,,,,,,,,,,,,,,,,d57ecc97-310b-4e19-af4b-9b9d7e67050c,1608,,"[96.4, 77.9]",3920389,53,,,,,,,,,,,,,,,,,,,,,,,,2,From Throw In,André-Frank Zambo Anguissa,3141.0,Left Defensive Midfield,89,Cameroon,2722,['0435a695-7dd0-404f-b74c-f960949e98c2'],8,,,,,,,,,,,,,,,,,Cameroon,2722,00:08:08.215,Ball Receipt*,
,,,,,,,,,,,,,,,,,,,,,,,,,,,,fdef79f2-3884-4734-a430-962f26683cd5,1611,,"[94.0, 67.1]",3920389,53,,,,,,,,,,,,,,,,,,,,,,,,2,From Throw In,Olivier Michel Kemen,7355.0,Center Attacking Midfield,89,Cameroon,2722,['8d6b99c2-040f-425d-bd56-48c6c953a1df'],11,,,,,,,,,,,,,,,,,Cameroon,2722,00:08:11.363,Ball Receipt*,
,,,,,,,,,,,,,,,,,,,,,,,,,,,,c9d2b465-45fe-4252-8cbb-9662578894b1,1614,,"[104.4, 75.6]",3920389,53,,,,,,,,,,,,,,,,,,,,,,,,2,From Throw In,Jean-Charles Castelletto,7426.0,Right Back,89,Cameroon,2722,['8be90b04-3b22-4aca-9079-6fcf9cd2ea51'],14,,,,,,,,,,,,,,,,,Cameroon,2722,00:08:14.449,Ball Receipt*,
,Incomplete,,,,,,,,,,,,,,,,,,,,,,,,,,,3c65c4b1-67c8-426f-9dab-4208bc752161,1617,,"[110.8, 47.7]",3920389,53,,,,,,,,,,,,,,,,,,,,,,,,2,From Throw In,Frank Magri,189348.0,Right Wing,89,Cameroon,2722,['e3123fcd-6392-43ba-9402-5fb5a83d9f65'],15,,,,,,,,,,,,,,,,,Cameroon,2722,00:08:15.605,Ball Receipt*,
,,,,,,,,,,,,,,,,,,,,,,,,,,,,8d2b4307-c4f4-41af-8b65-5ac5b3cb892f,1620,,"[104.4, 72.9]",3920389,53,,,,,,,,,,,,,,,,,,,,,,,,2,From Throw In,André-Frank Zambo Anguissa,3141.0,Left Defensive Midfield,90,Cameroon,2722,['dd191e79-36d8-4340-9325-cb8584d5659f'],19,,,,,,,,,,,,,,,,,Cameroon,2722,00:08:19.992,Ball Receipt*,
,,,,,,,,,,,,,,,,,,,,,,,,,,,,5f14d4bb-aa17-4f5a-a630-f4080ee82840,1624,,"[96.2, 77.7]",3920389,53,,,,,,,,,,,,,,,,,,,,,,,,2,From Throw In,Jean-Charles Castelletto,7426.0,Right Back,90,Cameroon,2722,['23b97a94-08c1-4705-9e2f-7bd3dd6acb8a'],21,,,,,,,,,,,,,,,,,Cameroon,2722,00:08:21.913,Ball Receipt*,
,,,,,,,,,,,,,,,,,,,,,,,,,,,,99cc264b-aa93-4e1c-adf8-8ba174405cff,1627,,"[80.3, 61.3]",3920389,53,,,,,,,,,,,,,,,,,,,,,,,,2,From Throw In,Christopher Wooh,74588.0,Right Center Back,90,Cameroon,2722,['8083b3c7-ab7b-4474-b1ba-1f815b18a270'],24,,,,,,,,,,,,,,,,,Cameroon,2722,00:08:24.179,Ball Receipt*,
,,,,,,,,,,,,,,,,,,,,,,,,,,,,50d73852-9904-4d5d-b9d6-4c3095f8db52,1630,,"[78.6, 48.8]",3920389,53,,,,,,,,,,,,,,,,,,,,,,,,2,From Throw In,Jules Olivier Ntcham,10530.0,Right Defensive Midfield,90,Cameroon,2722,['2feb8724-726d-4503-90f3-b83fb97b6b45'],26,,,,,,,,,,,,,,,,,Cameroon,2722,00:08:26.409,Ball Receipt*,
,,,,,,,,,,,,,,,,,,,,,,,,,,,,310269a6-283b-46a4-8956-1b55d3f88a0e,1633,,"[93.7, 4.0]",3920389,53,,,,,,,,,,,,,,,,,,,,,,,,2,From Throw In,Georges-Kévin Nkoudou Mbida,3639.0,Left Wing,90,Cameroon,2722,['fa08698f-f54b-43b2-9002-6ebb16e47290'],30,,,,,,,,,,,,,,,,,Cameroon,2722,00:08:30.717,Ball Receipt*,
,Incomplete,,,,,,,,,,,,,,,,,,,,,,,,,,,2582685a-14a6-4f8e-8c3c-1d33a6bdea2b,1636,,"[110.6, 54.9]",3920389,53,,,,,,,,,,,,,,,,,,,,,,,,2,From Throw In,André-Frank Zambo Anguissa,3141.0,Left Defensive Midfield,90,Cameroon,2722,['aedbeadf-9b7c-4290-8290-ec41acb0ef15'],35,,,,,,,,,,,,,,,,,Cameroon,2722,00:08:35.442,Ball Receipt*,
,,,,,,,,,,,,,,,,,,,,,,,,,,,,d7492203-b4e1-4034-a674-666fc8f514fe,1641,,"[68.9, 69.8]",3920389,53,,,,,,,,,,,,,,,,,,,,,,,,2,From Throw In,Olivier Michel Kemen,7355.0,Center Attacking Midfield,90,Cameroon,2722,['fc79ac87-f85d-4c43-86c2-0a8118c1710c'],42,,,,,,,,,,,,,,,,,Cameroon,2722,00:08:42.946,Ball Receipt*,
,,,,,,,,,,,,,,,,,,,,,,,,,,,,5d62e4f9-3cf5-480f-a9e0-f44301b43bfd,1645,,"[92.6, 55.4]",3920389,53,,,,,,,,,,,,,,,,,,,,,,,,2,From Throw In,Frank Magri,189348.0,Right Wing,90,Cameroon,2722,"['78a273ca-c254-42b4-b501-1857442081e2', '8092ad4d-2cd9-4e36-8e80-1bb5413f9173']",46,,,,,,,,,,,,,,,,,Cameroon,2722,00:08:46.469,Ball Receipt*,True
,Incomplete,,,,,,,,,,,,,,,,,,,,,,,,,,,9c6800fb-ebf3-403e-85b4-a61338a23c08,1653,,"[73.4, 58.6]",3920389,56,,,,,,,,,,,,,,,,,,,,,,,,2,From Goal Kick,Moriba Kourouma Kourouma,39073.0,Right Defensive Midfield,92,Guinea,4892,['56acc76c-d35f-47e8-852b-5c07415b0c6f'],14,,,,,,,,,,,,,,,,,Guinea,4892,00:11:14.920,Ball Receipt*,
,,,,,,,,,,,,,,,,,,,,,,,,,,,,6a4a529b-f0f3-4853-b459-62c94a2c1d51,1658,,"[64.4, 48.1]",3920389,56,,,,,,,,,,,,,,,,,,,,,,,,2,From Goal Kick,Frank Magri,189348.0,Right Wing,92,Guinea,4892,['1c2f77d3-7e4f-42b0-9d9b-a63b9d3f2a83'],18,,,,,,,,,,,,,,,,,Cameroon,2722,00:11:18.000,Ball Receipt*,
,,,,,,,,,,,,,,,,,,,,,,,,,,,,356fed88-25be-4f5c-99b7-b05b2032c09f,1664,,"[3.2, 30.3]",3920389,56,,,,,,,,,,,,,,,,,,,,,,,,2,From Goal Kick,Ibrahim Kone,182573.0,Goalkeeper,92,Guinea,4892,['3a2bc6d3-13d9-4494-a881-dd97b7688c57'],23,,,,,,,,,,,,,,,,,Guinea,4892,00:11:23.008,Ball Receipt*,
,Incomplete,,,,,,,,,,,,,,,,,,,,,,,,,,,073e672d-c992-4ba2-97f0-4a0ad7e444d8,1668,,"[38.7, 11.0]",3920389,56,,,,,,,,,,,,,,,,,,,,,,,,2,From Goal Kick,Sekou Oumar Sylla,132711.0,Left Back,92,Guinea,4892,['82803430-65a1-418f-910f-683276c6d924'],25,,,,,,,,,,,,,,,,,Guinea,4892,00:11:25.991,Ball Receipt*,
,Incomplete,,,,,,,,,,,,,,,,,,,,,,,,,,,dffd6693-6c49-4ea0-a508-e107b7e25014,1674,,"[27.2, 14.7]",3920389,56,,,,,,,,,,,,,,,,,,,,,,,,2,From Goal Kick,Sekou Oumar Sylla,132711.0,Left Back,92,Guinea,4892,['62de2e5e-13e2-4502-a867-98126f6be366'],28,,,,,,,,,,,,,,,,,Guinea,4892,00:11:28.096,Ball Receipt*,
,,,,,,,,,,,,,,,,,,,,,,,,,,,,f6b83ab9-5812-408f-b995-9752d4b57c19,1680,,"[26.5, 15.6]",3920389,56,,,,,,,,,,,,,,,,,,,,,,,,2,From Goal Kick,Julian Jeanvier,7360.0,Left Center Back,92,Guinea,4892,['7bb13033-7fdf-457a-9d81-5dd5a293b293'],31,,,,,,,,,,,,,,,,,Guinea,4892,00:11:31.081,Ball Receipt*,
,,,,,,,,,,,,,,,,,,,,,,,,,,,,16c426ca-4de5-44ee-978a-8d65e25eb9b5,1683,,"[37.6, 22.2]",3920389,56,,,,,,,,,,,,,,,,,,,,,,,,2,From Goal Kick,Moriba Kourouma Kourouma,39073.0,Right Defensive Midfield,92,Guinea,4892,['c3bb1145-6147-4bda-ab89-980b4c1957c1'],33,,,,,,,,,,,,,,,,,Guinea,4892,00:11:33.041,Ball Receipt*,
,,,,,,,,,,,,,,,,,,,,,,,,,,,,7a8a2888-8468-4931-a040-2b4316761a20,1690,,"[43.1, 22.2]",3920389,56,,,,,,,,,,,,,,,,,,,,,,,,2,From Free Kick,Julian Jeanvier,7360.0,Left Center Back,93,Guinea,4892,['bfd81d6f-dc99-4619-9c34-9d72893c1857'],57,,,,,,,,,,,,,,,,,Guinea,4892,00:11:57.017,Ball Receipt*,
,,,,,,,,,,,,,,,,,,,,,,,,,,,,d385e545-18bb-476e-a57e-dcb9393c4d2e,1694,,"[13.1, 32.4]",3920389,57,,,,,,,,,,,,,,,,,,,,,,,,2,From Free Kick,Ibrahim Kone,182573.0,Goalkeeper,93,Guinea,4892,"['1897d802-859f-4d18-86b6-5789ec3c9a8d', '069f57f4-55b1-489d-9e10-7cc7e3ca7352']",0,,,,,,,,,,,,,,,,,Guinea,4892,00:12:00.797,Ball Receipt*,True
,Incomplete,,,,,,,,,,,,,,,,,,,,,,,,,,,c465faa0-6647-4027-913d-4bf50740bb3c,1697,,"[53.9, 35.8]",3920389,57,,,,,,,,,,,,,,,,,,,,,,,,2,From Free Kick,Mohamed Bayo,8454.0,Center Forward,93,Guinea,4892,['6df80929-1138-475b-b1ae-d1dffa1821ac'],4,,,,,,,,,,,,,,,,,Guinea,4892,00:12:04.402,Ball Receipt*,
,,,,,,,,,,,,,,,,,,,,,,,,,,,,e4902e92-af5c-46fe-9a55-d1467cc4d485,1701,,"[65.8, 46.5]",3920389,57,,,,,,,,,,,,,,,,,,,,,,,,2,Regular Play,Jules Olivier Ntcham,10530.0,Right Defensive Midfield,94,Cameroon,2722,['076fadd7-1f48-4e52-87bc-f2e1318e677e'],6,,,,,,,,,,,,,,,,,Cameroon,2722,00:12:06.245,Ball Receipt*,
,,,,,,,,,,,,,,,,,,,,,,,,,,,,b52a7632-0dad-46cc-bf0b-2f7e15b0f5a5,1704,,"[95.1, 77.7]",3920389,57,,,,,,,,,,,,,,,,,,,,,,,,2,Regular Play,Jean-Charles Castelletto,7426.0,Right Back,94,Cameroon,2722,['646a0501-396f-4afc-ac95-4127444c34e5'],13,,,,,,,,,,,,,,,,,Cameroon,2722,00:12:13.328,Ball Receipt*,
,Incomplete,,,,,,,,,,,,,,,,,,,,,,,,,,,9ea18169-83f2-4d3b-8ae3-be58ce84b52d,1706,,"[100.8, 57.4]",3920389,57,,,,,,,,,,,,,,,,,,,,,,,,2,Regular Play,Karl Brillant Toko Ekambi,3551.0,Center Forward,94,Cameroon,2722,['4b6c2ef2-0cf8-47d0-8e84-87c6971af8ea'],13,,,,,,,,,,,,,,,,,Cameroon,2722,00:12:13.451,Ball Receipt*,
,Incomplete,,,,,,,,,,,,,,,,,,,,,,,,,,,b6d18504-372f-48f5-8feb-9bc241f3fadf,1709,,"[110.9, 40.9]",3920389,57,,,,,,,,,,,,,,,,,,,,,,,,2,From Corner,Harold Moukoudi,7386.0,Left Center Back,95,Cameroon,2722,['b1bf3889-92e8-4032-b1e7-b072c5cef877'],49,,,,,,,,,,,,,,,,,Cameroon,2722,00:12:49.582,Ball Receipt*,
,Incomplete,,,,,,,,,,,,,,,,,,,,,,,,,,,a2f411bc-1737-4e69-9287-26eebc49f3d2,1717,,"[74.2, 18.0]",3920389,60,,,,,,,,,,,,,,,,,,,,,,,,2,From Goal Kick,Mohamed Bayo,8454.0,Center Forward,96,Guinea,4892,['4a492d64-6551-4755-a5ec-a148f0efe381'],0,,,,,,,,,,,,,,,,,Guinea,4892,00:15:00.764,Ball Receipt*,
,Incomplete,,,,,,,,,,,,,,,,,,,,,,,,,,,0219f184-9b5b-46e1-a1bc-50a8227c8e3e,1719,,"[70.8, 57.9]",3920389,60,,,,,,,,,,,,,,,,,,,,,,,,2,From Goal Kick,Olivier Michel Kemen,7355.0,Center Attacking Midfield,96,Guinea,4892,['a850d1fb-d9aa-4631-8432-284a6e96d194'],3,,,,,,,,,,,,,,,,,Cameroon,2722,00:15:03.021,Ball Receipt*,
,Incomplete,,,,,,,,,,,,,,,,,,,,,,,,,,,269b9b91-f39c-4c4c-b24f-f35181fb41a4,1721,,"[75.3, 18.9]",3920389,60,,,,,,,,,,,,,,,,,,,,,,,,2,From Goal Kick,Mohamed Bayo,8454.0,Center Forward,96,Guinea,4892,['bf06ca0c-4ab2-4a68-841a-0694236b7ad2'],4,,,,,,,,,,,,,,,,,Guinea,4892,00:15:04.751,Ball Receipt*,
,,,,,,,,,,,,,,,,,,,,,,,,,,,,562fc3ce-aace-4d8b-81f9-3eb8240eddf6,1727,,"[45.0, 72.0]",3920389,60,,,,,,,,,,,,,,,,,,,,,,,,2,Regular Play,Jean-Charles Castelletto,7426.0,Right Back,97,Cameroon,2722,['141206ff-8d48-4e68-a353-48a29ce69bde'],7,,,,,,,,,,,,,,,,,Cameroon,2722,00:15:07.471,Ball Receipt*,
,,,,,,,,,,,,,,,,,,,,,,,,,,,,20dfe688-038f-40c2-970a-0a8cad622aff,1730,,"[52.6, 68.1]",3920389,60,,,,,,,,,,,,,,,,,,,,,,,,2,Regular Play,Olivier Michel Kemen,7355.0,Center Attacking Midfield,97,Cameroon,2722,['580b1b31-3011-4f39-aacb-a8ae313ec61b'],9,,,,,,,,,,,,,,,,,Cameroon,2722,00:15:09.058,Ball Receipt*,
,Incomplete,,,,,,,,,,,,,,,,,,,,,,,,,,,ad97324f-e299-4ef1-aeb6-ec94868a593b,1732,,"[74.8, 66.5]",3920389,60,,,,,,,,,,,,,,,,,,,,,,,,2,Regular Play,Karl Brillant Toko Ekambi,3551.0,Center Forward,97,Cameroon,2722,['7885d1d5-c455-400e-b760-b1c1e62a7e6e'],10,,,,,,,,,,,,,,,,,Cameroon,2722,00:15:10.335,Ball Receipt*,
,Incomplete,,,,,,,,,,,,,,,,,,,,,,,,,,,4cca2cf6-72bb-4b69-b5ac-beadda39b2e3,1737,,"[109.5, 35.9]",3920389,60,,,,,,,,,,,,,,,,,,,,,,,,2,Regular Play,Georges-Kévin Nkoudou Mbida,3639.0,Left Wing,97,Cameroon,2722,['6e020cbf-5dfd-4519-aa47-b4c69ee86763'],17,,,,,,,,,,,,,,,,,Cameroon,2722,00:15:17.727,Ball Receipt*,
,,,,,,,,,,,,,,,,,,,,,,,,,,,,96c27990-c9ca-4e6f-a606-2b990767089f,1740,,"[81.2, 19.1]",3920389,60,,,,,,,,,,,,,,,,,,,,,,,,2,From Throw In,André-Frank Zambo Anguissa,3141.0,Left Defensive Midfield,98,Cameroon,2722,['a9c92943-378b-4b0d-8e15-b442756bf847'],25,,,,,,,,,,,,,,,,,Cameroon,2722,00:15:25.129,Ball Receipt*,
,,,,,,,,,,,,,,,,,,,,,,,,,,,,b331863d-9a80-4a74-bc3f-6e6316a18558,1743,,"[93.9, 4.0]",3920389,60,,,,,,,,,,,,,,,,,,,,,,,,2,From Throw In,Georges-Kévin Nkoudou Mbida,3639.0,Left Wing,98,Cameroon,2722,['94c8fc10-1812-4d92-9a8a-595ba0d975c8'],29,,,,,,,,,,,,,,,,,Cameroon,2722,00:15:29.900,Ball Receipt*,
,,,,,,,,,,,,,,,,,,,,,,,,,,,,64cb21a7-3769-49c8-8722-529b15102ed2,1746,,"[78.1, 57.6]",3920389,60,,,,,,,,,,,,,,,,,,,,,,,,2,From Throw In,Jules Olivier Ntcham,10530.0,Right Defensive Midfield,98,Cameroon,2722,['70bab896-e967-4e54-a810-6d909414ed4d'],35,,,,,,,,,,,,,,,,,Cameroon,2722,00:15:35.894,Ball Receipt*,
,,,,,,,,,,,,,,,,,,,,,,,,,,,,11f7f537-c52f-4c2c-b5b4-5822faf6486f,1754,,"[32.6, 28.0]",3920389,60,,,,,,,,,,,,,,,,,,,,,,,,2,Regular Play,Mohamed Bayo,8454.0,Center Forward,99,Guinea,4892,"['f6c6fd3b-f9b0-4be0-b509-90cef9ff17c1', '380cd4db-e1d1-4079-965a-800086bc798f']",44,,,,,,,,,,,,,,,,,Guinea,4892,00:15:44.195,Ball Receipt*,True
,,,,,,,,,,,,,,,,,,,,,,,,,,,,a2c6d640-6606-4b45-b1b5-4990247c9f29,1757,,"[25.1, 27.0]",3920389,60,,,,,,,,,,,,,,,,,,,,,,,,2,Regular Play,Mory Konaté,35285.0,Left Defensive Midfield,99,Guinea,4892,['cbeb5edd-466b-4e59-b213-788f43f7edb4'],45,,,,,,,,,,,,,,,,,Guinea,4892,00:15:45.484,Ball Receipt*,
,Incomplete,,,,,,,,,,,,,,,,,,,,,,,,,,,9ec8d265-7c2a-4e7f-8813-d9d319116d02,1760,,"[52.9, 11.7]",3920389,60,,,,,,,,,,,,,,,,,,,,,,,,2,Regular Play,Facinet Conte,406457.0,Left Midfield,99,Guinea,4892,['1ed7977b-ba47-4d92-9fce-e8b01b78092d'],46,,,,,,,,,,,,,,,,,Guinea,4892,00:15:46.863,Ball Receipt*,
,,,,,,,,,,,,,,,,,,,,,,,,,,,,0c6fa6a8-58b7-4215-a738-4b9338db7f38,1764,,"[86.1, 74.3]",3920389,60,,,,,,,,,,,,,,,,,,,,,,,,2,Regular Play,Frank Magri,189348.0,Right Wing,100,Cameroon,2722,['b113832e-d801-42de-9c00-7aae594dac26'],50,,,,,,,,,,,,,,,,,Cameroon,2722,00:15:50.549,Ball Receipt*,
,,,,,,,,,,,,,,,,,,,,,,,,,,,,e3c5aa67-8bd7-4d5b-a7f8-19ca3800dde0,1776,,"[11.4, 3.3]",3920389,60,,,,,,,,,,,,,,,,,,,,,,,,2,Regular Play,Facinet Conte,406457.0,Left Midfield,101,Guinea,4892,"['b93d2a32-5f97-488d-b409-8d63c367614d', '2e063df7-4523-42d8-bef9-7459959dc6bc']",58,,,,,,,,,,,,,,,,,Guinea,4892,00:15:58.296,Ball Receipt*,True
,,,,,,,,,,,,,,,,,,,,,,,,,,,,3b39497c-4f1d-4f02-8038-bf8006ea64d5,1779,,"[3.2, 4.5]",3920389,60,,,,,,,,,,,,,,,,,,,,,,,,2,Regular Play,Sekou Oumar Sylla,132711.0,Left Back,101,Guinea,4892,['37758f7d-9ce0-4b8c-b415-03bd1a6dd0fb'],59,,,,,,,,,,,,,,,,,Guinea,4892,00:15:59.658,Ball Receipt*,
,,,,,,,,,,,,,,,,,,,,,,,,,,,,2f378f72-3eac-49f3-bcc8-74b709b0083a,1783,,"[35.0, 11.4]",3920389,61,,,,,,,,,,,,,,,,,,,,,,,,2,Regular Play,Mohamed Bayo,8454.0,Center Forward,101,Guinea,4892,"['a9f59f1c-54e4-4a3b-bdd9-36b0a84ba69b', '44289dfe-a67a-4fda-95cd-b37726340e0d']",2,,,,,,,,,,,,,,,,,Guinea,4892,00:16:02.019,Ball Receipt*,True
,,,,,,,,,,,,,,,,,,,,,,,,,,,,bc2764db-b9c2-4e02-8604-f5385f5e051e,1787,,"[40.4, 32.0]",3920389,61,,,,,,,,,,,,,,,,,,,,,,,,2,Regular Play,Moriba Kourouma Kourouma,39073.0,Right Defensive Midfield,101,Guinea,4892,"['b785fd32-aee9-4953-9211-4b81d3bcfc66', 'dec4cc99-c2fc-43e2-aad9-a554e781efc6']",4,,,,,,,,,,,,,,,,,Guinea,4892,00:16:04.824,Ball Receipt*,True
,,,,,,,,,,,,,,,,,,,,,,,,,,,,f632a593-d080-460b-aaec-1e8d613001e3,1790,,"[73.1, 57.8]",3920389,61,,,,,,,,,,,,,,,,,,,,,,,,2,Regular Play,Aguibou Camara,39559.0,Right Midfield,101,Guinea,4892,['5e114854-fed7-47a9-ae9a-1509a3645894'],4,,,,,,,,,,,,,,,,,Guinea,4892,00:16:04.915,Ball Receipt*,
,Incomplete,,,,,,,,,,,,,,,,,,,,,,,,,,,817fa8a8-005f-44ad-a4d2-3225e264f031,1797,,"[110.4, 38.9]",3920389,62,,,,,,,,,,,,,,,,,,,,,,,,2,From Free Kick,Julian Jeanvier,7360.0,Left Center Back,102,Guinea,4892,['db473f15-bdb9-4789-be5e-e71880e47a71'],31,,,,,,,,,,,,,,,,,Guinea,4892,00:17:31.127,Ball Receipt*,
,,,,,,,,,,,,,,,,,,,,,,,,,,,,da6eeb75-8611-4141-8527-7ce00db31f00,1805,,"[40.4, 35.1]",3920389,62,,,,,,,,,,,,,,,,,,,,,,,,2,Regular Play,Jules Olivier Ntcham,10530.0,Right Defensive Midfield,103,Cameroon,2722,"['978d0377-dbcb-4ee4-8642-168105c11fa0', '1f3fd804-f59e-46e0-8d14-99d65d929f7d', 'f449224d-f298-4c67-a840-9ae822634309']",35,,,,,,,,,,,,,,,,,Cameroon,2722,00:17:35.341,Ball Receipt*,True
,,,,,,,,,,,,,,,,,,,,,,,,,,,,d5f495b9-5efe-42c3-b4b1-ad1398cb6947,1813,,"[63.6, 39.3]",3920389,63,,,,,,,,,,,,,,,,,,,,,,,,2,From Free Kick,Jules Olivier Ntcham,10530.0,Right Defensive Midfield,104,Cameroon,2722,['ec671692-8087-4d8d-b706-19e0d3eadf82'],47,,,,,,,,,,,,,,,,,Cameroon,2722,00:18:47.395,Ball Receipt*,
,,,,,,,,,,,,,,,,,,,,,,,,,,,,a1be57c0-e15c-4530-ac62-3dea83c7e939,1816,,"[66.5, 22.6]",3920389,63,,,,,,,,,,,,,,,,,,,,,,,,2,From Free Kick,Darlin Zidane Yongwa Ngameni,32190.0,Left Back,104,Cameroon,2722,['d2aa1a67-5835-4da8-8f39-8f2526875ac2'],50,,,,,,,,,,,,,,,,,Cameroon,2722,00:18:50.402,Ball Receipt*,
,Incomplete,,,,,,,,,,,,,,,,,,,,,,,,,,,ba465914-470a-40c9-83db-9d3aa75639a4,1820,,"[110.0, 5.7]",3920389,63,,,,,,,,,,,,,,,,,,,,,,,,2,From Free Kick,Georges-Kévin Nkoudou Mbida,3639.0,Left Wing,104,Cameroon,2722,['6d2dd259-f2c4-40cd-9ab7-b82192054365'],59,,,,,,,,,,,,,,,,,Cameroon,2722,00:18:59.261,Ball Receipt*,
,Incomplete,,,,,,,,,,,,,,,,,,,,,,,,,,,228290f3-8aed-47d2-8a5e-e7c2925e2a22,1826,,"[74.8, 40.3]",3920389,64,,,,,,,,,,,,,,,,,,,,,,,,2,From Goal Kick,Facinet Conte,406457.0,Left Midfield,105,Guinea,4892,['9711f8cd-f7c1-4973-96b4-17add952bced'],43,,,,,,,,,,,,,,,,,Guinea,4892,00:19:43.500,Ball Receipt*,
,,,,,,,,,,,,,,,,,,,,,,,,,,,,03055670-fe03-4849-9ce5-e059cf0584e5,1828,,"[58.4, 38.4]",3920389,64,,,,,,,,,,,,,,,,,,,,,,,,2,Regular Play,Olivier Michel Kemen,7355.0,Center Attacking Midfield,106,Cameroon,2722,['d784fa6c-3b74-4cc6-9453-dc3e8371f6d4'],46,,,,,,,,,,,,,,,,,Cameroon,2722,00:19:46.167,Ball Receipt*,
,Incomplete,,,,,,,,,,,,,,,,,,,,,,,,,,,e5d78d7f-1e8e-4dc4-bf8b-d06bb1a056e8,1831,,"[57.0, 46.3]",3920389,64,,,,,,,,,,,,,,,,,,,,,,,,2,Regular Play,Karl Brillant Toko Ekambi,3551.0,Center Forward,106,Cameroon,2722,['9dbf3b0e-f072-4bc6-a88c-24ae3de0328d'],46,,,,,,,,,,,,,,,,,Cameroon,2722,00:19:46.254,Ball Receipt*,
,Incomplete,,,,,,,,,,,,,,,,,,,,,,,,,,,7ae97ded-2db9-4863-904a-a7bb57469f65,1835,,"[81.9, 58.7]",3920389,64,,,,,,,,,,,,,,,,,,,,,,,,2,Regular Play,Karl Brillant Toko Ekambi,3551.0,Center Forward,106,Cameroon,2722,['5026850c-41d4-43e3-80e2-c30a3be25a96'],49,,,,,,,,,,,,,,,,,Cameroon,2722,00:19:49.724,Ball Receipt*,
,,,,,,,,,,,,,,,,,,,,,,,,,,,,0288d93b-f79f-4dba-bef8-4c2e373bee74,1838,,"[37.5, 65.2]",3920389,65,,,,,,,,,,,,,,,,,,,,,,,,2,From Throw In,Christopher Wooh,74588.0,Right Center Back,107,Cameroon,2722,['43f3f5ea-e74a-4a9b-88ab-67c742760d77'],0,,,,,,,,,,,,,,,,,Cameroon,2722,00:20:00.083,Ball Receipt*,
,,,,,,,,,,,,,,,,,,,,,,,,,,,,09e59d67-3b32-436f-abb5-86119ae5ea5f,1840,,"[42.3, 23.7]",3920389,65,,,,,,,,,,,,,,,,,,,,,,,,2,From Throw In,Harold Moukoudi,7386.0,Left Center Back,107,Cameroon,2722,['f71367e5-89ec-406a-a06c-e023301db2fb'],5,,,,,,,,,,,,,,,,,Cameroon,2722,00:20:05.920,Ball Receipt*,
,,,,,,,,,,,,,,,,,,,,,,,,,,,,c96d7101-0cc6-4691-b1cf-310968787439,1843,,"[62.6, 3.7]",3920389,65,,,,,,,,,,,,,,,,,,,,,,,,2,From Throw In,Georges-Kévin Nkoudou Mbida,3639.0,Left Wing,107,Cameroon,2722,['7e24eed5-3b9b-4522-b8e9-7bebc4e5e08e'],8,,,,,,,,,,,,,,,,,Cameroon,2722,00:20:08.464,Ball Receipt*,
,Incomplete,,,,,,,,,,,,,,,,,,,,,,,,,,,569b42ac-2068-40a8-b03a-bffef2f8c3d5,1847,,"[87.6, 69.9]",3920389,65,,,,,,,,,,,,,,,,,,,,,,,,2,From Throw In,Mohamed Bayo,8454.0,Center Forward,108,Guinea,4892,['7d3a51a4-a5f7-4e9f-bece-a070470f8546'],28,,,,,,,,,,,,,,,,,Guinea,4892,00:20:28.372,Ball Receipt*,
,,,,,,,,,,,,,,,,,,,,,,,,,,,,1b8a267b-ce5b-4abb-a05b-fbf8b4fe88c8,1853,,"[49.4, 13.8]",3920389,65,,,,,,,,,,,,,,,,,,,,,,,,2,Regular Play,Olivier Michel Kemen,7355.0,Center Attacking Midfield,109,Cameroon,2722,"['3e275e7d-743e-4ddc-8e85-cc2958fa4030', 'f9715b07-02ef-44cf-a3a7-3666c756e04b']",34,,,,,,,,,,,,,,,,,Cameroon,2722,00:20:34.378,Ball Receipt*,True
,,,,,,,,,,,,,,,,,,,,,,,,,,,,fff06344-e262-4a39-94d1-aa08f713b442,1860,,"[31.1, 24.9]",3920389,65,,,,,,,,,,,,,,,,,,,,,,,,2,Regular Play,Christopher Wooh,74588.0,Right Center Back,109,Cameroon,2722,['f938b0e0-5b07-4c5a-9bfa-57b05356a1d2'],37,,,,,,,,,,,,,,,,,Cameroon,2722,00:20:37.006,Ball Receipt*,
,,,,,,,,,,,,,,,,,,,,,,,,,,,,6d355f5f-a924-4b19-9c10-18ace9cb20dc,1863,,"[37.5, 30.1]",3920389,65,,,,,,,,,,,,,,,,,,,,,,,,2,Regular Play,Jules Olivier Ntcham,10530.0,Right Defensive Midfield,109,Cameroon,2722,['4f26c4c3-cd0b-4fc0-8f89-2f9ea7922f89'],38,,,,,,,,,,,,,,,,,Cameroon,2722,00:20:38.503,Ball Receipt*,
,,,,,,,,,,,,,,,,,,,,,,,,,,,,83a28d5d-fa85-4e11-8014-30990cb95133,1866,,"[49.5, 16.8]",3920389,65,,,,,,,,,,,,,,,,,,,,,,,,2,Regular Play,André-Frank Zambo Anguissa,3141.0,Left Defensive Midfield,109,Cameroon,2722,['6c03181c-31ec-4c50-871b-66de4563c8f5'],43,,,,,,,,,,,,,,,,,Cameroon,2722,00:20:43.422,Ball Receipt*,
,,,,,,,,,,,,,,,,,,,,,,,,,,,,dab14889-2e42-4c3a-a27f-991303ff5eee,1870,,"[90.6, 25.6]",3920389,65,,,,,,,,,,,,,,,,,,,,,,,,2,Regular Play,Karl Brillant Toko Ekambi,3551.0,Center Forward,109,Cameroon,2722,['c05696f6-91e4-4fc5-a920-c86b5861247a'],51,,,,,,,,,,,,,,,,,Cameroon,2722,00:20:51.248,Ball Receipt*,
,,,,,,,,,,,,,,,,,,,,,,,,,,,,86b53577-ba5a-4601-a5b2-7eff3992b733,1873,,"[90.8, 76.2]",3920389,65,,,,,,,,,,,,,,,,,,,,,,,,2,Regular Play,Jean-Charles Castelletto,7426.0,Right Back,109,Cameroon,2722,['7cb2eb6a-a53f-4815-b99a-fc78a5fcf735'],55,,,,,,,,,,,,,,,,,Cameroon,2722,00:20:55.592,Ball Receipt*,
,Incomplete,,,,,,,,,,,,,,,,,,,,,,,,,,,db7504f9-3924-4f8b-a4d1-0aefee5cbbf4,1876,,"[110.9, 39.9]",3920389,65,,,,,,,,,,,,,,,,,,,,,,,,2,Regular Play,Karl Brillant Toko Ekambi,3551.0,Center Forward,109,Cameroon,2722,['26ee41e6-03d8-4b8e-a685-9ff764a1c516'],59,,,,,,,,,,,,,,,,,Cameroon,2722,00:20:59.952,Ball Receipt*,
,,,,,,,,,,,,,,,,,,,,,,,,,,,,dad317c5-fb0e-4f6b-84a7-a3b210a3f46d,1882,,"[86.7, 40.4]",3920389,66,,,,,,,,,,,,,,,,,,,,,,,,2,Regular Play,Jules Olivier Ntcham,10530.0,Right Defensive Midfield,109,Cameroon,2722,['466bf797-fac9-4337-a08c-7ac8cb837c70'],6,,,,,,,,,,,,,,,,,Cameroon,2722,00:21:06.807,Ball Receipt*,
,,,,,,,,,,,,,,,,,,,,,,,,,,,,c915b181-61cf-4f1a-aa4b-3df97dd371b6,1887,,"[64.0, 73.5]",3920389,66,,,,,,,,,,,,,,,,,,,,,,,,2,From Goal Kick,Moriba Kourouma Kourouma,39073.0,Right Defensive Midfield,110,Guinea,4892,['5c5ac707-630b-4e44-a7d8-ea5168aa3fac'],52,,,,,,,,,,,,,,,,,Guinea,4892,00:21:52.661,Ball Receipt*,
,Incomplete,,,,,,,,,,,,,,,,,,,,,,,,,,,800b4257-680a-4568-bfb4-c87b96909b6e,1889,,"[72.2, 76.3]",3920389,66,,,,,,,,,,,,,,,,,,,,,,,,2,From Goal Kick,Aguibou Camara,39559.0,Right Midfield,110,Guinea,4892,['334f66c5-9166-43f4-9a30-fe99fccd9b66'],53,,,,,,,,,,,,,,,,,Guinea,4892,00:21:53.820,Ball Receipt*,
,,,,,,,,,,,,,,,,,,,,,,,,,,,,ac5ed343-a9dc-4795-9954-d0d8dccb483e,1891,,"[29.8, 14.3]",3920389,67,,,,,,,,,,,,,,,,,,,,,,,,2,From Throw In,Harold Moukoudi,7386.0,Left Center Back,111,Cameroon,2722,['fa351b65-55e3-4295-a17c-d5d2c355e4fa'],1,,,,,,,,,,,,,,,,,Cameroon,2722,00:22:01.685,Ball Receipt*,
,,,,,,,,,,,,,,,,,,,,,,,,,,,,2700ca3b-7253-4670-94a6-0cafaa3fc981,1893,,"[39.2, 37.1]",3920389,67,,,,,,,,,,,,,,,,,,,,,,,,2,From Throw In,Jules Olivier Ntcham,10530.0,Right Defensive Midfield,111,Cameroon,2722,['cc03182d-9847-4ed7-8603-95633c28d2dd'],5,,,,,,,,,,,,,,,,,Cameroon,2722,00:22:05.351,Ball Receipt*,
,,,,,,,,,,,,,,,,,,,,,,,,,,,,899c7ab1-2825-4125-9fa2-f24ca0d665ae,1896,,"[62.5, 76.3]",3920389,67,,,,,,,,,,,,,,,,,,,,,,,,2,From Throw In,Jean-Charles Castelletto,7426.0,Right Back,111,Cameroon,2722,['d4e69b34-70af-4da1-ad11-16af50800bf4'],9,,,,,,,,,,,,,,,,,Cameroon,2722,00:22:09.057,Ball Receipt*,
,,,,,,,,,,,,,,,,,,,,,,,,,,,,d6e700cb-4424-41e2-98b6-0e171967e10f,1901,,"[45.4, 69.3]",3920389,67,,,,,,,,,,,,,,,,,,,,,,,,2,From Throw In,Christopher Wooh,74588.0,Right Center Back,111,Cameroon,2722,"['d871edd6-df9a-4d3b-9679-3c63befee033', 'fb1de1ff-e8a8-4b8e-be02-8b202354d3d2']",13,,,,,,,,,,,,,,,,,Cameroon,2722,00:22:13.914,Ball Receipt*,True
,Incomplete,,,,,,,,,,,,,,,,,,,,,,,,,,,9ab72f24-b351-48da-98bd-3fa5541c4ef6,1903,,"[64.0, 79.0]",3920389,67,,,,,,,,,,,,,,,,,,,,,,,,2,From Throw In,Jean-Charles Castelletto,7426.0,Right Back,111,Cameroon,2722,['5f57f146-7755-4930-993d-a88c403b3798'],14,,,,,,,,,,,,,,,,,Cameroon,2722,00:22:14.154,Ball Receipt*,
,,,,,,,,,,,,,,,,,,,,,,,,,,,,0acb1f02-93c7-420e-80ca-b793518ab04c,1907,,"[62.0, 6.3]",3920389,67,,,,,,,,,,,,,,,,,,,,,,,,2,From Throw In,Moriba Kourouma Kourouma,39073.0,Right Defensive Midfield,112,Guinea,4892,['9d0b0a2c-8908-48ca-9313-cb2872c3cff9'],38,,,,,,,,,,,,,,,,,Guinea,4892,00:22:38.813,Ball Receipt*,
,,,,,,,,,,,,,,,,,,,,,,,,,,,,737e627c-d876-4987-bcf5-298024f5de11,1911,,"[55.7, 1.9]",3920389,67,,,,,,,,,,,,,,,,,,,,,,,,2,From Throw In,Sekou Oumar Sylla,132711.0,Left Back,112,Guinea,4892,"['2f9dcf80-c9a2-4efd-a6f7-8847e5d79ef6', '798afce0-c525-409d-bbff-79719450570b']",39,,,,,,,,,,,,,,,,,Guinea,4892,00:22:39.622,Ball Receipt*,True
,,,,,,,,,,,,,,,,,,,,,,,,,,,,a29d857a-0847-47dc-85aa-e32b275430b8,1917,,"[65.9, 7.7]",3920389,67,,,,,,,,,,,,,,,,,,,,,,,,2,From Throw In,Moriba Kourouma Kourouma,39073.0,Right Defensive Midfield,113,Guinea,4892,"['43d7323f-eaf1-4c39-a967-102c711d1f6c', 'd1974da7-d271-4646-9e99-9c4b749e42de']",50,,,,,,,,,,,,,,,,,Guinea,4892,00:22:50.281,Ball Receipt*,True
,,,,,,,,,,,,,,,,,,,,,,,,,,,,917ddd7a-88e4-49f8-bef1-c3a941b8d401,1922,,"[52.3, 41.6]",3920389,67,,,,,,,,,,,,,,,,,,,,,,,,2,From Free Kick,Mouctar Diakhaby,4267.0,Right Center Back,114,Guinea,4892,['c9f623d8-0ddb-4714-987f-dd57e0103912'],59,,,,,,,,,,,,,,,,,Guinea,4892,00:22:59.734,Ball Receipt*,
,,,,,,,,,,,,,,,,,,,,,,,,,,,,b13b5f7d-ff48-4c64-a3e6-6f9b0ba7619c,1924,,"[63.6, 74.2]",3920389,68,,,,,,,,,,,,,,,,,,,,,,,,2,From Free Kick,Ibrahim Diakité,176683.0,Right Back,114,Guinea,4892,['1ba39fac-288c-4a85-a623-5d09a9d74636'],2,,,,,,,,,,,,,,,,,Guinea,4892,00:23:02.339,Ball Receipt*,
,,,,,,,,,,,,,,,,,,,,,,,,,,,,7d1278c8-ef3a-4808-b6ca-b1d7cd288d84,1928,,"[52.6, 39.9]",3920389,68,,,,,,,,,,,,,,,,,,,,,,,,2,From Free Kick,Mory Konaté,35285.0,Left Defensive Midfield,114,Guinea,4892,['9c1572fd-792e-4ae5-a841-621165aa6fb6'],6,,,,,,,,,,,,,,,,,Guinea,4892,00:23:06.993,Ball Receipt*,
,,,,,,,,,,,,,,,,,,,,,,,,,,,,cfe3de56-0a88-4b69-8c2a-372afa7e6c6e,1931,,"[37.2, 24.5]",3920389,68,,,,,,,,,,,,,,,,,,,,,,,,2,From Free Kick,Julian Jeanvier,7360.0,Left Center Back,114,Guinea,4892,['94ab941c-df9f-4e2b-880a-956f863a5355'],10,,,,,,,,,,,,,,,,,Guinea,4892,00:23:10.156,Ball Receipt*,
,,,,,,,,,,,,,,,,,,,,,,,,,,,,807342bc-6194-4972-b2f7-111700529294,1934,,"[9.2, 39.1]",3920389,68,,,,,,,,,,,,,,,,,,,,,,,,2,From Free Kick,Ibrahim Kone,182573.0,Goalkeeper,114,Guinea,4892,['ba7312ff-a8cf-4162-9e7c-7162f9b3ac12'],13,,,,,,,,,,,,,,,,,Guinea,4892,00:23:13.812,Ball Receipt*,
,,,,,,,,,,,,,,,,,,,,,,,,,,,,27643967-b9a8-49a2-a816-b5e86022d9c3,1937,,"[64.3, 72.8]",3920389,68,,,,,,,,,,,,,,,,,,,,,,,,2,From Free Kick,Moriba Kourouma Kourouma,39073.0,Right Defensive Midfield,114,Guinea,4892,['596d31b7-623b-4cb2-acfa-5688299aa046'],18,,,,,,,,,,,,,,,,,Guinea,4892,00:23:18.272,Ball Receipt*,
,,,,,,,,,,,,,,,,,,,,,,,,,,,,51571538-d59b-4b23-8a2a-f64138fd828b,1941,,"[43.2, 59.4]",3920389,68,,,,,,,,,,,,,,,,,,,,,,,,2,From Free Kick,Mouctar Diakhaby,4267.0,Right Center Back,114,Guinea,4892,"['ab1a0cfb-187e-4fba-9688-984e3e063c65', '0ece60ec-5ca3-4cc6-aafe-5b06224eda94']",20,,,,,,,,,,,,,,,,,Guinea,4892,00:23:20.526,Ball Receipt*,True
,Incomplete,,,,,,,,,,,,,,,,,,,,,,,,,,,abc50bb9-56d7-41e1-b3fd-84b93eb0f24b,1944,,"[70.9, 50.3]",3920389,68,,,,,,,,,,,,,,,,,,,,,,,,2,From Free Kick,Mohamed Bayo,8454.0,Center Forward,114,Guinea,4892,['a30d7844-b2be-440c-9cff-9781a79347e2'],22,,,,,,,,,,,,,,,,,Guinea,4892,00:23:22.319,Ball Receipt*,
,,,,,,,,,,,,,,,,,,,,,,,,,,,,dc4f64d3-d4a2-437f-8040-bd261fe127d7,1949,,"[94.0, 73.7]",3920389,68,,,,,,,,,,,,,,,,,,,,,,,,2,Regular Play,Frank Magri,189348.0,Right Wing,115,Cameroon,2722,['dd68f282-4fe5-424f-b8ed-7e8510ab5d37'],28,,,,,,,,,,,,,,,,,Cameroon,2722,00:23:28.000,Ball Receipt*,
,Incomplete,,,,,,,,,,,,,,,,,,,,,,,,,,,12d04e51-c6d9-4406-9a10-6ee9959f26bf,1952,,"[110.1, 47.4]",3920389,68,,,,,,,,,,,,,,,,,,,,,,,,2,Regular Play,Olivier Michel Kemen,7355.0,Center Attacking Midfield,115,Cameroon,2722,['f24d8165-7f0a-4c4c-8c12-155f27f6198c'],30,,,,,,,,,,,,,,,,,Cameroon,2722,00:23:30.432,Ball Receipt*,
,,,,,,,,,,,,,,,,,,,,,,,,,,,,2d94df84-dd9d-4459-9bdc-b0b0d55afeef,1955,,"[110.6, 33.8]",3920389,69,,,,,,,,,,,,,,,,,,,,,,,,2,From Corner,Jules Olivier Ntcham,10530.0,Right Defensive Midfield,116,Cameroon,2722,['67660484-6b23-47db-9e85-c6c8fb6113f3'],2,,,,,,,,,,,,,,,,,Cameroon,2722,00:24:02.670,Ball Receipt*,
,,,,,,,,,,,,,,,,,,,,,,,,,,,,c51e199e-52c0-4bd9-81e8-a304e1b8b98e,1958,,"[84.7, 22.9]",3920389,69,,,,,,,,,,,,,,,,,,,,,,,,2,From Corner,Darlin Zidane Yongwa Ngameni,32190.0,Left Back,116,Cameroon,2722,['05f26a9f-26dd-4b3d-a616-290bb154b8cc'],8,,,,,,,,,,,,,,,,,Cameroon,2722,00:24:08.725,Ball Receipt*,
,,,,,,,,,,,,,,,,,,,,,,,,,,,,ebabb9fa-9050-41d8-951d-2f7ea5d20dbd,1962,,"[68.1, 3.0]",3920389,69,,,,,,,,,,,,,,,,,,,,,,,,2,From Goal Kick,Facinet Conte,406457.0,Left Midfield,117,Guinea,4892,['5bc981c5-f8b4-4b55-be4e-e4152bd02d39'],55,,,,,,,,,,,,,,,,,Guinea,4892,00:24:55.630,Ball Receipt*,
,,,,,,,,,,,,,,,,,,,,,,,,,,,,2e5f0301-6652-4613-b8ad-503e75c72bb4,1967,,"[68.2, 0.6]",3920389,70,,,,,,,,,,,,,,,,,,,,,,,,2,From Throw In,Mohamed Bayo,8454.0,Center Forward,118,Guinea,4892,"['744fc3cf-97a0-444a-86ed-fa7b8c792fc0', '53046eb9-c3ad-43e8-9d38-a0db8702b943']",20,,,,,,,,,,,,,,,,,Guinea,4892,00:25:20.533,Ball Receipt*,True
,,,,,,,,,,,,,,,,,,,,,,,,,,,,b228392f-2522-4f30-a44d-00ac4cca6e82,1970,,"[62.2, 1.7]",3920389,70,,,,,,,,,,,,,,,,,,,,,,,,2,From Throw In,Sekou Oumar Sylla,132711.0,Left Back,118,Guinea,4892,['496a2361-2325-4301-bfee-458348d04aed'],22,,,,,,,,,,,,,,,,,Guinea,4892,00:25:22.098,Ball Receipt*,
,,,,,,,,,,,,,,,,,,,,,,,,,,,,d3777adc-b6aa-4f7b-b553-d2b750bcea0d,1974,,"[54.3, 17.2]",3920389,70,,,,,,,,,,,,,,,,,,,,,,,,2,From Throw In,Mory Konaté,35285.0,Left Defensive Midfield,118,Guinea,4892,['e3275f8e-6a92-4b8b-9e87-cfaf687d43d3'],24,,,,,,,,,,,,,,,,,Guinea,4892,00:25:24.415,Ball Receipt*,
,,,,,,,,,,,,,,,,,,,,,,,,,,,,a0d3bf1b-f71e-4965-bd21-85e6ef4348e0,1977,,"[42.6, 47.4]",3920389,70,,,,,,,,,,,,,,,,,,,,,,,,2,From Throw In,Mouctar Diakhaby,4267.0,Right Center Back,118,Guinea,4892,['d86d11b0-3a89-4dd2-8d38-eb62dac4909d'],27,,,,,,,,,,,,,,,,,Guinea,4892,00:25:27.103,Ball Receipt*,
,,,,,,,,,,,,,,,,,,,,,,,,,,,,9a10b388-dda7-48cd-8d49-288c2efb1b12,1980,,"[88.4, 74.1]",3920389,70,,,,,,,,,,,,,,,,,,,,,,,,2,From Throw In,Ibrahim Diakité,176683.0,Right Back,118,Guinea,4892,['239b983c-b025-4968-bdb2-2abd0141098b'],31,,,,,,,,,,,,,,,,,Guinea,4892,00:25:31.456,Ball Receipt*,
,Incomplete,,,,,,,,,,,,,,,,,,,,,,,,,,,750c8494-fcbd-4c5f-ae34-6863cf9ea7ab,1983,,"[93.1, 63.0]",3920389,70,,,,,,,,,,,,,,,,,,,,,,,,2,From Throw In,Aguibou Camara,39559.0,Right Midfield,118,Guinea,4892,['d1eeca74-e5ff-4763-aa14-9b254e93e7b3'],31,,,,,,,,,,,,,,,,,Guinea,4892,00:25:31.951,Ball Receipt*,
,,,,,,,,,,,,,,,,,,,,,,,,,,,,e2a04c83-04b3-48b2-a05f-31c9cbdae82e,1987,,"[112.9, 72.0]",3920389,70,,,,,,,,,,,,,,,,,,,,,,,,2,From Throw In,Mohamed Bayo,8454.0,Center Forward,119,Guinea,4892,['3807bb92-b6e7-4eed-8e6a-39ced09a2bd4'],49,,,,,,,,,,,,,,,,,Guinea,4892,00:25:49.248,Ball Receipt*,
,Incomplete,,,,,,,,,,,,,,,,,,,,,,,,,,,e4c4fb3d-9d8f-4c2b-ac26-76c72b968d63,1990,,"[106.4, 67.5]",3920389,70,,,,,,,,,,,,,,,,,,,,,,,,2,From Throw In,Aguibou Camara,39559.0,Right Midfield,119,Guinea,4892,['35048d0b-e700-4da6-acd7-60fecb5786fa'],51,,,,,,,,,,,,,,,,,Guinea,4892,00:25:51.092,Ball Receipt*,
,Incomplete,,,,,,,,,,,,,,,,,,,,,,,,,,,0c9fc3e0-6b84-4e09-bdc3-0b6103c52cc6,1995,,"[75.8, 38.4]",3920389,70,,,,,,,,,,,,,,,,,,,,,,,,2,From Throw In,Karl Brillant Toko Ekambi,3551.0,Center Forward,119,Guinea,4892,['6eb15dc9-05f1-4193-bcb0-f8c776abe8e2'],58,,,,,,,,,,,,,,,,,Cameroon,2722,00:25:58.105,Ball Receipt*,
,,,,,,,,,,,,,,,,,,,,,,,,,,,,9ef78ead-6941-434a-9b4b-fbb2966f5a1c,1997,,"[11.8, 35.6]",3920389,70,,,,,,,,,,,,,,,,,,,,,,,,2,From Throw In,Ibrahim Kone,182573.0,Goalkeeper,119,Guinea,4892,['894b3129-bfa6-4c11-840e-d2c29bd62f45'],59,,,,,,,,,,,,,,,,,Guinea,4892,00:25:59.976,Ball Receipt*,
,Incomplete,,,,,,,,,,,,,,,,,,,,,,,,,,,567a2e3b-0b00-4752-b498-5df3bf744c8e,2000,,"[82.0, 17.2]",3920389,71,,,,,,,,,,,,,,,,,,,,,,,,2,From Throw In,Facinet Conte,406457.0,Left Midfield,119,Guinea,4892,['c09abb9c-95d9-4b81-bf32-682b6c6ac816'],23,,,,,,,,,,,,,,,,,Guinea,4892,00:26:23.677,Ball Receipt*,
,Incomplete,,,,,,,,,,,,,,,,,,,,,,,,,,,8f8bb665-390e-44e7-b631-7d2e0f01e0b1,2002,,"[61.9, 44.6]",3920389,71,,,,,,,,,,,,,,,,,,,,,,,,2,From Throw In,André-Frank Zambo Anguissa,3141.0,Left Defensive Midfield,119,Guinea,4892,['035a9960-1d4e-4ea0-b7a0-f38dca5f2beb'],25,,,,,,,,,,,,,,,,,Cameroon,2722,00:26:25.571,Ball Receipt*,
,,,,,,,,,,,,,,,,,,,,,,,,,,,,cfcf5746-ad6b-485d-96f6-d276f28f7999,2004,,"[76.5, 49.2]",3920389,71,,,,,,,,,,,,,,,,,,,,,,,,2,From Throw In,Aguibou Camara,39559.0,Right Midfield,119,Guinea,4892,['104072b1-1790-4646-a17e-1b21e3f11500'],26,,,,,,,,,,,,,,,,,Guinea,4892,00:26:26.840,Ball Receipt*,
,,,,,,,,,,,,,,,,,,,,,,,,,,,,9d884401-6383-4cd5-8f43-59a03d314d4b,2007,,"[79.8, 43.5]",3920389,71,,,,,,,,,,,,,,,,,,,,,,,,2,From Throw In,Mohamed Bayo,8454.0,Center Forward,119,Guinea,4892,['042611d7-6fb4-4e59-b618-c42bf6d19237'],27,,,,,,,,,,,,,,,,,Guinea,4892,00:26:27.663,Ball Receipt*,
,Incomplete,,,,,,,,,,,,,,,,,,,,,,,,,,,51d02157-ad52-4819-850c-f3d311da2eef,2010,,"[89.5, 52.7]",3920389,71,,,,,,,,,,,,,,,,,,,,,,,,2,From Throw In,Aguibou Camara,39559.0,Right Midfield,119,Guinea,4892,['c64639e7-5bbe-4563-be5d-917d5411007a'],29,,,,,,,,,,,,,,,,,Guinea,4892,00:26:29.247,Ball Receipt*,
,Incomplete,,,,,,,,,,,,,,,,,,,,,,,,,,,f48f3b71-56d0-444e-9a06-76c0ba2a6b6e,2018,,"[90.4, 19.8]",3920389,71,,,,,,,,,,,,,,,,,,,,,,,,2,From Throw In,Olivier Michel Kemen,7355.0,Center Attacking Midfield,119,Guinea,4892,['3b484098-dfbf-465a-80fb-b65853b1b719'],41,,,,,,,,,,,,,,,,,Cameroon,2722,00:26:41.154,Ball Receipt*,
,,,,,,,,,,,,,,,,,,,,,,,,,,,,4edc0711-b872-4ec9-b06b-ccdfd5794a3d,2025,,"[94.4, 9.1]",3920389,74,,,,,,,,,,,,,,,,,,,,,,,,2,From Throw In,Karl Brillant Toko Ekambi,3551.0,Center Forward,120,Cameroon,2722,['a8c3a7b7-c958-4876-9701-398c2482277c'],32,,,,,,,,,,,,,,,,,Cameroon,2722,00:29:32.233,Ball Receipt*,
,Incomplete,,,,,,,,,,,,,,,,,,,,,,,,,,,ba72cd35-4399-4362-a43d-95e4bb79a1c7,2030,,"[81.2, 15.7]",3920389,74,,,,,,,,,,,,,,,,,,,,,,,,2,From Throw In,Mohamed Bayo,8454.0,Center Forward,120,Cameroon,2722,['8bba495d-542c-4c10-8975-f045a7c32af8'],57,,,,,,,,,,,,,,,,,Guinea,4892,00:29:57.487,Ball Receipt*,
,,,,,,,,,,,,,,,,,,,,,,,,,,,,dfcf3d8e-8214-4422-beca-9b6aaedfdd5f,2032,,"[45.3, 73.8]",3920389,74,,,,,,,,,,,,,,,,,,,,,,,,2,From Throw In,Junior Tchamadeu,62627.0,Right Wing,120,Cameroon,2722,['4f78b31d-bf77-4ac6-8bdf-6ee376f1a6ed'],59,,,,,,,,,,,,,,,,,Cameroon,2722,00:29:59.654,Ball Receipt*,
,,,,,,,,,,,,,,,,,,,,,,,,,,,,0efb5dbe-21e2-41fb-8c62-f247941c92d3,2036,,"[50.8, 68.6]",3920389,75,,,,,,,,,,,,,,,,,,,,,,,,2,From Throw In,Olivier Michel Kemen,7355.0,Center Attacking Midfield,120,Cameroon,2722,"['07969690-139f-41ca-b49f-bac665d82bf9', '6090a0e6-85b1-470e-bd6e-732fed73d015']",1,,,,,,,,,,,,,,,,,Cameroon,2722,00:30:01.192,Ball Receipt*,True
,Incomplete,,,,,,,,,,,,,,,,,,,,,,,,,,,65d81d0f-ee2d-485e-b887-5e4eeb09cbde,2040,,"[51.5, 78.4]",3920389,75,,,,,,,,,,,,,,,,,,,,,,,,2,From Throw In,Junior Tchamadeu,62627.0,Right Wing,120,Cameroon,2722,['26571d5d-7736-4410-b576-e2ff9198ccb3'],3,,,,,,,,,,,,,,,,,Cameroon,2722,00:30:03.476,Ball Receipt*,
,,,,,,,,,,,,,,,,,,,,,,,,,,,,21225ae2-4913-4285-842d-b8acbe5afe9a,2043,,"[62.3, 5.5]",3920389,75,,,,,,,,,,,,,,,,,,,,,,,,2,From Throw In,Moriba Kourouma Kourouma,39073.0,Right Defensive Midfield,121,Guinea,4892,"['1a55cf54-30a6-457b-a8c1-e10fa598cddb', '710e4a7f-3b34-43af-8c77-fc2cc0b34c86']",14,,,,,,,,,,,,,,,,,Guinea,4892,00:30:14.477,Ball Receipt*,True
,,,,,,,,,,,,,,,,,,,,,,,,,,,,76649702-1018-43ae-ab1e-2b3b3a22afa6,2049,,"[112.9, 11.1]",3920389,75,,,,,,,,,,,,,,,,,,,,,,,,2,From Throw In,Facinet Conte,406457.0,Left Midfield,121,Guinea,4892,['f98a678b-5fac-42bf-9356-55faf25ba114'],20,,,,,,,,,,,,,,,,,Guinea,4892,00:30:20.528,Ball Receipt*,
,,,,,,,,,,,,,,,,,,,,,,,,,,,,1059a788-ed64-411b-a59f-dcfe14598a93,2054,,"[98.7, 29.1]",3920389,75,,,,,,,,,,,,,,,,,,,,,,,,2,From Throw In,Moriba Kourouma Kourouma,39073.0,Right Defensive Midfield,121,Guinea,4892,"['7df3b8b2-a4df-48fe-9850-b78d2f3f84a5', '44513069-f334-447c-9588-023e71edd823']",25,,,,,,,,,,,,,,,,,Guinea,4892,00:30:25.197,Ball Receipt*,True
,Incomplete,,,,,,,,,,,,,,,,,,,,,,,,,,,ebb1f0f0-23e4-4272-941f-a824bc498dd0,2060,,"[42.5, 26.9]",3920389,75,,,,,,,,,,,,,,,,,,,,,,,,2,From Throw In,Jules Olivier Ntcham,10530.0,Right Defensive Midfield,121,Guinea,4892,['ea0cd6eb-20cd-42f8-b9fa-b2ad3530a123'],30,,,,,,,,,,,,,,,,,Cameroon,2722,00:30:30.456,Ball Receipt*,
,Incomplete,,,,,,,,,,,,,,,,,,,,,,,,,,,e14defda-1e5f-4782-8b93-1debd53fc9af,2067,,"[110.8, 72.1]",3920389,76,,,,,,,,,,,,,,,,,,,,,,,,2,From Free Kick,Mohamed Bayo,8454.0,Center Forward,122,Guinea,4892,['070ee6e4-0a1a-4940-ac11-061be999a980'],7,,,,,,,,,,,,,,,,,Guinea,4892,00:31:07.284,Ball Receipt*,
,,,,,,,,,,,,,,,,,,,,,,,,,,,,02a36915-d0c8-47c3-99b3-0d41f34d79b1,2069,,"[19.4, 56.7]",3920389,76,,,,,,,,,,,,,,,,,,,,,,,,2,From Goal Kick,Oumar Gonzalez,28444.0,Right Center Back,123,Cameroon,2722,['3495a4fa-07e4-4337-9cbf-a50c044dfcf4'],15,,,,,,,,,,,,,,,,,Cameroon,2722,00:31:15.356,Ball Receipt*,
,,,,,,,,,,,,,,,,,,,,,,,,,,,,13006c67-0e27-46d6-8b65-c33236987625,2071,,"[45.2, 51.2]",3920389,76,,,,,,,,,,,,,,,,,,,,,,,,2,From Goal Kick,Jules Olivier Ntcham,10530.0,Right Defensive Midfield,123,Cameroon,2722,['f371b1f5-a86e-4dc4-94ea-8ec989400d7f'],20,,,,,,,,,,,,,,,,,Cameroon,2722,00:31:20.243,Ball Receipt*,
,,,,,,,,,,,,,,,,,,,,,,,,,,,,6f7e8bd5-54b4-40e2-83ed-6929cee6e1d6,2074,,"[40.7, 37.7]",3920389,76,,,,,,,,,,,,,,,,,,,,,,,,2,From Goal Kick,Harold Moukoudi,7386.0,Left Center Back,123,Cameroon,2722,['dcdb1940-b769-467c-af98-d604ca88f850'],23,,,,,,,,,,,,,,,,,Cameroon,2722,00:31:23.122,Ball Receipt*,
,,,,,,,,,,,,,,,,,,,,,,,,,,,,03987397-182a-4598-8d1d-1a7cea46894e,2077,,"[51.4, 23.7]",3920389,76,,,,,,,,,,,,,,,,,,,,,,,,2,From Goal Kick,André-Frank Zambo Anguissa,3141.0,Left Defensive Midfield,123,Cameroon,2722,['b5a89b23-e680-4864-874f-3b834cfea38f'],24,,,,,,,,,,,,,,,,,Cameroon,2722,00:31:24.734,Ball Receipt*,
,,,,,,,,,,,,,,,,,,,,,,,,,,,,5a8802ed-5391-4990-a61f-48d750488d85,2080,,"[75.5, 2.8]",3920389,76,,,,,,,,,,,,,,,,,,,,,,,,2,From Goal Kick,Georges-Kévin Nkoudou Mbida,3639.0,Left Wing,123,Cameroon,2722,['14f284f5-f7c2-4c59-a139-c23341923ced'],28,,,,,,,,,,,,,,,,,Cameroon,2722,00:31:28.101,Ball Receipt*,
,,,,,,,,,,,,,,,,,,,,,,,,,,,,295dbb46-55dd-47dd-b645-eced9ff3da3f,2083,,"[87.8, 20.1]",3920389,76,,,,,,,,,,,,,,,,,,,,,,,,2,From Goal Kick,Karl Brillant Toko Ekambi,3551.0,Center Forward,123,Cameroon,2722,['79c4ffe2-3f24-48f6-8f99-61e3bf161bb0'],31,,,,,,,,,,,,,,,,,Cameroon,2722,00:31:31.021,Ball Receipt*,
,,,,,,,,,,,,,,,,,,,,,,,,,,,,d1bb7a9b-893f-4bd2-abb8-94b75e59a2b9,2085,,"[69.3, 16.7]",3920389,76,,,,,,,,,,,,,,,,,,,,,,,,2,From Goal Kick,André-Frank Zambo Anguissa,3141.0,Left Defensive Midfield,123,Cameroon,2722,['fae9f6d6-b764-4324-ba7c-0b29e7e23031'],32,,,,,,,,,,,,,,,,,Cameroon,2722,00:31:32.804,Ball Receipt*,
,,,,,,,,,,,,,,,,,,,,,,,,,,,,fa31cee8-9a63-410d-bcaf-914e880b89fe,2088,,"[67.9, 43.5]",3920389,76,,,,,,,,,,,,,,,,,,,,,,,,2,From Goal Kick,Jules Olivier Ntcham,10530.0,Right Defensive Midfield,123,Cameroon,2722,['5b1aabbd-d0ae-4654-8103-f60ca128e648'],35,,,,,,,,,,,,,,,,,Cameroon,2722,00:31:35.103,Ball Receipt*,
,,,,,,,,,,,,,,,,,,,,,,,,,,,,fea3124b-4988-4c90-b6ce-396264b27ba2,2091,,"[89.5, 76.7]",3920389,76,,,,,,,,,,,,,,,,,,,,,,,,2,From Goal Kick,Jean-Charles Castelletto,7426.0,Right Back,123,Cameroon,2722,['e0274977-3566-4914-b10c-07c167bad343'],37,,,,,,,,,,,,,,,,,Cameroon,2722,00:31:37.870,Ball Receipt*,
,,,,,,,,,,,,,,,,,,,,,,,,,,,,709b43d0-dc14-4f63-9ac9-fee0ef2daf1b,2094,,"[112.2, 39.3]",3920389,76,,,,,,,,,,,,,,,,,,,,,,,,2,From Goal Kick,Georges-Kévin Nkoudou Mbida,3639.0,Left Wing,123,Cameroon,2722,['accec2d0-4509-4530-a393-416d2c27e29b'],41,,,,,,,,,,,,,,,,,Cameroon,2722,00:31:41.042,Ball Receipt*,
,Incomplete,,,,,,,,,,,,,,,,,,,,,,,,,,,0cbbc3d2-854e-4e9b-84a3-a29d42b0ec38,2099,,"[74.8, 31.0]",3920389,77,,,,,,,,,,,,,,,,,,,,,,,,2,From Goal Kick,Mohamed Bayo,8454.0,Center Forward,124,Guinea,4892,['bfbfa5d7-6676-4882-8784-3e876b763a72'],18,,,,,,,,,,,,,,,,,Guinea,4892,00:32:18.551,Ball Receipt*,
,Incomplete,,,,,,,,,,,,,,,,,,,,,,,,,,,23fc6860-8813-4b93-bbd5-d27488296edc,2101,,"[62.8, 46.8]",3920389,77,,,,,,,,,,,,,,,,,,,,,,,,2,From Goal Kick,Olivier Michel Kemen,7355.0,Center Attacking Midfield,124,Guinea,4892,['110e42cc-1d7b-4c14-a19e-dfd4b0f2e36f'],20,,,,,,,,,,,,,,,,,Cameroon,2722,00:32:20.971,Ball Receipt*,
,Incomplete,,,,,,,,,,,,,,,,,,,,,,,,,,,f7ee5d70-4f8f-48dc-b7f7-9d87d8422b1e,2103,,"[81.2, 27.6]",3920389,77,,,,,,,,,,,,,,,,,,,,,,,,2,From Goal Kick,Mohamed Bayo,8454.0,Center Forward,124,Guinea,4892,['950a8a1f-5e27-43fd-be94-16df50bd5500'],24,,,,,,,,,,,,,,,,,Guinea,4892,00:32:24.468,Ball Receipt*,
,Incomplete,,,,,,,,,,,,,,,,,,,,,,,,,,,04de9c28-3176-4537-aae3-43ca9ce97026,2108,,"[52.6, 50.2]",3920389,77,,,,,,,,,,,,,,,,,,,,,,,,2,From Goal Kick,Olivier Michel Kemen,7355.0,Center Attacking Midfield,124,Guinea,4892,['d8c76af0-868f-49a4-8188-e3aaf9b8eab9'],28,,,,,,,,,,,,,,,,,Cameroon,2722,00:32:28.419,Ball Receipt*,
,,,,,,,,,,,,,,,,,,,,,,,,,,,,2d16444e-55d2-431c-8ed3-758a69b6b5db,2112,,"[56.1, 39.1]",3920389,77,,,,,,,,,,,,,,,,,,,,,,,,2,From Free Kick,Harold Moukoudi,7386.0,Left Center Back,125,Cameroon,2722,['c1e7303d-85ed-4a12-ac1a-8ba190be95bc'],49,,,,,,,,,,,,,,,,,Cameroon,2722,00:32:49.298,Ball Receipt*,
,,,,,,,,,,,,,,,,,,,,,,,,,,,,db7140d7-93c4-491b-913f-3fb134be8975,2114,,"[63.0, 26.9]",3920389,77,,,,,,,,,,,,,,,,,,,,,,,,2,From Free Kick,André-Frank Zambo Anguissa,3141.0,Left Defensive Midfield,125,Cameroon,2722,['68e48b9c-e15c-45f4-9e1d-58000ad45671'],50,,,,,,,,,,,,,,,,,Cameroon,2722,00:32:50.603,Ball Receipt*,
,,,,,,,,,,,,,,,,,,,,,,,,,,,,a056c61f-1cc5-4ca1-a685-f715c66b3a77,2117,,"[70.3, 54.3]",3920389,77,,,,,,,,,,,,,,,,,,,,,,,,2,From Free Kick,Jules Olivier Ntcham,10530.0,Right Defensive Midfield,125,Cameroon,2722,['959cf2a7-75cb-41bd-a71a-69e29b015fc4'],54,,,,,,,,,,,,,,,,,Cameroon,2722,00:32:54.642,Ball Receipt*,
,,,,,,,,,,,,,,,,,,,,,,,,,,,,76529c66-43a1-4f94-891d-77a7723275e6,2120,,"[101.4, 74.6]",3920389,77,,,,,,,,,,,,,,,,,,,,,,,,2,From Free Kick,Jean-Charles Castelletto,7426.0,Right Back,125,Cameroon,2722,['01fbb10c-d545-4a1b-a984-3a57ea445599'],58,,,,,,,,,,,,,,,,,Cameroon,2722,00:32:58.569,Ball Receipt*,
,Incomplete,,,,,,,,,,,,,,,,,,,,,,,,,,,74f54597-3c1a-45f7-ad21-1e15c9d7c0ac,2124,,"[113.1, 46.0]",3920389,78,,,,,,,,,,,,,,,,,,,,,,,,2,From Free Kick,Karl Brillant Toko Ekambi,3551.0,Center Forward,125,Cameroon,2722,['e0020938-eb60-439f-81ef-a8dc8f80f517'],0,,,,,,,,,,,,,,,,,Cameroon,2722,00:33:00.958,Ball Receipt*,
,,,,,,,,,,,,,,,,,,,,,,,,,,,,1c1c94d9-5b2d-4642-9173-309a8994cf1d,2131,,"[62.8, 56.5]",3920389,78,,,,,,,,,,,,,,,,,,,,,,,,2,From Free Kick,Harold Moukoudi,7386.0,Left Center Back,125,Cameroon,2722,['94cf5dde-c5e2-40e6-b2c5-9eacdd9bf957'],12,,,,,,,,,,,,,,,,,Cameroon,2722,00:33:12.202,Ball Receipt*,
,,,,,,,,,,,,,,,,,,,,,,,,,,,,199773ec-bdb0-4c61-a1d4-4a4a5410111c,2134,,"[69.0, 55.3]",3920389,78,,,,,,,,,,,,,,,,,,,,,,,,2,From Free Kick,Jules Olivier Ntcham,10530.0,Right Defensive Midfield,125,Cameroon,2722,['b9485512-cbc8-422d-bc7b-6c92b6c4d555'],13,,,,,,,,,,,,,,,,,Cameroon,2722,00:33:13.190,Ball Receipt*,
,,,,,,,,,,,,,,,,,,,,,,,,,,,,78a8860c-0560-42ff-bb95-6c117dc9c39e,2137,,"[78.3, 26.9]",3920389,78,,,,,,,,,,,,,,,,,,,,,,,,2,From Free Kick,André-Frank Zambo Anguissa,3141.0,Left Defensive Midfield,125,Cameroon,2722,['4dd801c2-19c6-4cfd-8563-6ee8ebdcccc6'],16,,,,,,,,,,,,,,,,,Cameroon,2722,00:33:16.447,Ball Receipt*,
,,,,,,,,,,,,,,,,,,,,,,,,,,,,3b698237-a0ab-4732-9a7f-019894c708c3,2140,,"[105.5, 8.8]",3920389,78,,,,,,,,,,,,,,,,,,,,,,,,2,From Free Kick,Georges-Kévin Nkoudou Mbida,3639.0,Left Wing,125,Cameroon,2722,['001ab15c-dd9b-4ba9-94dc-9d3be4e0e0ab'],19,,,,,,,,,,,,,,,,,Cameroon,2722,00:33:19.831,Ball Receipt*,
,Incomplete,,,,,,,,,,,,,,,,,,,,,,,,,,,4d819c0e-a012-443b-a2c9-f2a2b9b21458,2143,,"[115.6, 36.6]",3920389,78,,,,,,,,,,,,,,,,,,,,,,,,2,From Free Kick,Olivier Michel Kemen,7355.0,Center Attacking Midfield,125,Cameroon,2722,['67fc2024-0200-4ef5-9d8b-4ed01a435c57'],23,,,,,,,,,,,,,,,,,Cameroon,2722,00:33:23.321,Ball Receipt*,
,,,,,,,,,,,,,,,,,,,,,,,,,,,,51a2ae24-142f-4cce-9225-29f70e66f95b,2152,,"[81.1, 28.2]",3920389,79,,,,,,,,,,,,,,,,,,,,,,,,2,Other,Olivier Michel Kemen,7355.0,Center Attacking Midfield,127,Cameroon,2722,['c82b2841-5641-4ab0-bf8d-173b86ad6d38'],51,,,,,,,,,,,,,,,,,Cameroon,2722,00:34:51.187,Ball Receipt*,
,,,,,,,,,,,,,,,,,,,,,,,,,,,,26d7d1e3-71be-4147-a220-7b6a852d999e,2154,,"[75.1, 43.2]",3920389,79,,,,,,,,,,,,,,,,,,,,,,,,2,Other,Jules Olivier Ntcham,10530.0,Right Defensive Midfield,127,Cameroon,2722,['6cb6ae06-e696-44e9-95fe-63afd8ae56e7'],52,,,,,,,,,,,,,,,,,Cameroon,2722,00:34:52.534,Ball Receipt*,
,,,,,,,,,,,,,,,,,,,,,,,,,,,,8185752e-e3fa-446f-9bbd-b3c8c4c69fa1,2157,,"[93.2, 72.9]",3920389,79,,,,,,,,,,,,,,,,,,,,,,,,2,Other,Jean-Charles Castelletto,7426.0,Right Back,127,Cameroon,2722,['05fc9a8c-06eb-47ec-b818-d90094ac33b1'],56,,,,,,,,,,,,,,,,,Cameroon,2722,00:34:56.712,Ball Receipt*,
,Incomplete,,,,,,,,,,,,,,,,,,,,,,,,,,,d71b0c36-066c-4125-b607-86c1a301df36,2164,,"[110.5, 46.0]",3920389,80,,,,,,,,,,,,,,,,,,,,,,,,2,Other,Karl Brillant Toko Ekambi,3551.0,Center Forward,127,Cameroon,2722,['b2334e3a-acd4-475e-994f-54d5874f96f5'],0,,,,,,,,,,,,,,,,,Cameroon,2722,00:35:00.672,Ball Receipt*,
,,,,,,,,,,,,,,,,,,,,,,,,,,,,fd92b2d4-3950-4d54-a486-5c8b6c644bf3,2167,,"[82.9, 76.2]",3920389,80,,,,,,,,,,,,,,,,,,,,,,,,2,From Throw In,Oumar Gonzalez,28444.0,Right Center Back,128,Cameroon,2722,['672db464-959d-4661-9fdd-790b7f7b00c6'],17,,,,,,,,,,,,,,,,,Cameroon,2722,00:35:17.132,Ball Receipt*,
,,,,,,,,,,,,,,,,,,,,,,,,,,,,4d3ef7c7-cdde-48df-beb0-05455181019e,2169,,"[80.9, 62.5]",3920389,80,,,,,,,,,,,,,,,,,,,,,,,,2,From Throw In,Jules Olivier Ntcham,10530.0,Right Defensive Midfield,128,Cameroon,2722,['64844349-9da4-46a8-8b5e-04886ec34333'],17,,,,,,,,,,,,,,,,,Cameroon,2722,00:35:17.966,Ball Receipt*,
,,,,,,,,,,,,,,,,,,,,,,,,,,,,6c15d3e4-c3f5-4bd4-9566-36f6d35355e8,2172,,"[73.7, 44.6]",3920389,80,,,,,,,,,,,,,,,,,,,,,,,,2,From Throw In,Harold Moukoudi,7386.0,Left Center Back,128,Cameroon,2722,['3f249d9f-3fe6-4a7e-8ad6-2bb14ec06095'],21,,,,,,,,,,,,,,,,,Cameroon,2722,00:35:21.876,Ball Receipt*,
,,,,,,,,,,,,,,,,,,,,,,,,,,,,34063fe2-2cfd-42c4-a25e-070f544c77af,2175,,"[76.9, 32.0]",3920389,80,,,,,,,,,,,,,,,,,,,,,,,,2,From Throw In,André-Frank Zambo Anguissa,3141.0,Left Defensive Midfield,128,Cameroon,2722,['5b1171b1-ba7c-4e75-ad36-e9f0a2b8b0f9'],23,,,,,,,,,,,,,,,,,Cameroon,2722,00:35:23.635,Ball Receipt*,
,,,,,,,,,,,,,,,,,,,,,,,,,,,,8fb4002d-288b-42eb-b6a3-9281183d876e,2178,,"[86.7, 43.0]",3920389,80,,,,,,,,,,,,,,,,,,,,,,,,2,From Throw In,Jules Olivier Ntcham,10530.0,Right Defensive Midfield,128,Cameroon,2722,['33eccbaa-a601-47c3-b700-18eda2ad4a7c'],25,,,,,,,,,,,,,,,,,Cameroon,2722,00:35:25.368,Ball Receipt*,
,,,,,,,,,,,,,,,,,,,,,,,,,,,,75cc51d8-3a04-492a-bab0-9f0fa676ba7d,2181,,"[98.8, 72.8]",3920389,80,,,,,,,,,,,,,,,,,,,,,,,,2,From Throw In,Jean-Charles Castelletto,7426.0,Right Back,128,Cameroon,2722,['88245b89-f053-460a-b0f9-1edc986bdcc8'],28,,,,,,,,,,,,,,,,,Cameroon,2722,00:35:28.019,Ball Receipt*,
,Incomplete,,,,,,,,,,,,,,,,,,,,,,,,,,,dbcef696-fae1-43ca-8db8-d6045c1e349b,2184,,"[110.7, 47.4]",3920389,80,,,,,,,,,,,,,,,,,,,,,,,,2,From Throw In,Karl Brillant Toko Ekambi,3551.0,Center Forward,128,Cameroon,2722,['c53d33c8-6825-498f-a5a0-8895442f4165'],29,,,,,,,,,,,,,,,,,Cameroon,2722,00:35:29.483,Ball Receipt*,
,,,,,,,,,,,,,,,,,,,,,,,,,,,,abf17069-4e11-43fd-9929-be6770c38107,2187,,"[109.3, 32.9]",3920389,81,,,,,,,,,,,,,,,,,,,,,,,,2,From Corner,Oumar Gonzalez,28444.0,Right Center Back,129,Cameroon,2722,['380d2547-c248-4302-bb4c-a8d279b17542'],0,,,,,,,,,,,,,,,,,Cameroon,2722,00:36:00.619,Ball Receipt*,
,Incomplete,,,,,,,,,,,,,,,,,,,,,,,,,,,94e82fcc-dcb6-4d27-ab02-cb1f5c3baa01,2194,,"[45.4, 67.1]",3920389,81,,,,,,,,,,,,,,,,,,,,,,,,2,From Corner,Aguibou Camara,39559.0,Right Midfield,129,Cameroon,2722,['13d10ccd-f185-4371-88c8-8697b1a8fb81'],7,,,,,,,,,,,,,,,,,Guinea,4892,00:36:07.242,Ball Receipt*,
,,,,,,,,,,,,,,,,,,,,,,,,,,,,cc4e1ac5-a6d6-4638-9f34-f5a22ed792c5,2196,,"[53.8, 12.5]",3920389,81,,,,,,,,,,,,,,,,,,,,,,,,2,From Throw In,Jules Olivier Ntcham,10530.0,Right Defensive Midfield,130,Cameroon,2722,['6712fbb4-64d3-4572-8b6b-261726d06b11'],19,,,,,,,,,,,,,,,,,Cameroon,2722,00:36:19.582,Ball Receipt*,
,,,,,,,,,,,,,,,,,,,,,,,,,,,,408199f9-74e7-40ca-bbb8-d97fc774bf90,2199,,"[80.7, 3.9]",3920389,81,,,,,,,,,,,,,,,,,,,,,,,,2,From Throw In,Olivier Michel Kemen,7355.0,Center Attacking Midfield,130,Cameroon,2722,['052990f1-ff37-43eb-a2c4-207efb97113f'],25,,,,,,,,,,,,,,,,,Cameroon,2722,00:36:25.598,Ball Receipt*,
,,,,,,,,,,,,,,,,,,,,,,,,,,,,5b9f1dcc-b3f0-4734-a785-6b6ffaa0c9b9,2202,,"[74.7, 19.1]",3920389,81,,,,,,,,,,,,,,,,,,,,,,,,2,From Throw In,Jules Olivier Ntcham,10530.0,Right Defensive Midfield,130,Cameroon,2722,['faf54a20-9694-41ff-af0f-9b9613d39035'],28,,,,,,,,,,,,,,,,,Cameroon,2722,00:36:28.762,Ball Receipt*,
,,,,,,,,,,,,,,,,,,,,,,,,,,,,c23f6f3a-f41b-416e-b984-baf9a65d02cd,2205,,"[63.3, 27.9]",3920389,81,,,,,,,,,,,,,,,,,,,,,,,,2,From Throw In,Harold Moukoudi,7386.0,Left Center Back,130,Cameroon,2722,['dd335d9c-d471-4ecc-bd74-ac70582db3ff'],30,,,,,,,,,,,,,,,,,Cameroon,2722,00:36:30.872,Ball Receipt*,
,,,,,,,,,,,,,,,,,,,,,,,,,,,,438fb932-15f6-460e-bf99-21b6ac354714,2208,,"[64.3, 49.5]",3920389,81,,,,,,,,,,,,,,,,,,,,,,,,2,From Throw In,Oumar Gonzalez,28444.0,Right Center Back,130,Cameroon,2722,['d45c72eb-a45f-4d26-a11e-9e3d96a6485c'],32,,,,,,,,,,,,,,,,,Cameroon,2722,00:36:32.563,Ball Receipt*,
,,,,,,,,,,,,,,,,,,,,,,,,,,,,db59590c-7d4f-49f0-894b-f8d0c87d0836,2211,,"[84.7, 73.6]",3920389,81,,,,,,,,,,,,,,,,,,,,,,,,2,From Throw In,Junior Tchamadeu,62627.0,Right Wing,130,Cameroon,2722,['ab3ee3b3-972b-4aeb-8e76-5c38284b105f'],35,,,,,,,,,,,,,,,,,Cameroon,2722,00:36:35.596,Ball Receipt*,
,Incomplete,,,,,,,,,,,,,,,,,,,,,,,,,,,3abf04b7-5c07-477d-8555-32a409281f62,2214,,"[108.7, 44.9]",3920389,81,,,,,,,,,,,,,,,,,,,,,,,,2,From Throw In,Jean-Charles Castelletto,7426.0,Right Back,130,Cameroon,2722,['a544249a-01dd-4cf8-97ee-08bdf2d1b8cc'],39,,,,,,,,,,,,,,,,,Cameroon,2722,00:36:39.068,Ball Receipt*,
,,,,,,,,,,,,,,,,,,,,,,,,,,,,1f3a9a4f-7f3c-48a3-b969-ea6a17792987,2217,,"[85.3, 70.1]",3920389,81,,,,,,,,,,,,,,,,,,,,,,,,2,From Throw In,André-Frank Zambo Anguissa,3141.0,Left Defensive Midfield,131,Cameroon,2722,['1b311a21-fd61-4549-b18d-567e49a6ef0b'],46,,,,,,,,,,,,,,,,,Cameroon,2722,00:36:46.707,Ball Receipt*,
,,,,,,,,,,,,,,,,,,,,,,,,,,,,13253b81-cf32-43b7-8dbd-5ddeda5c2466,2219,,"[93.0, 58.6]",3920389,81,,,,,,,,,,,,,,,,,,,,,,,,2,From Throw In,Olivier Michel Kemen,7355.0,Center Attacking Midfield,131,Cameroon,2722,['05bc2a8f-053b-462c-b904-8025150a8f0d'],48,,,,,,,,,,,,,,,,,Cameroon,2722,00:36:48.640,Ball Receipt*,
,,,,,,,,,,,,,,,,,,,,,,,,,,,,4d2fdddc-19c8-46ef-9762-81806297f290,2221,,"[82.5, 63.9]",3920389,81,,,,,,,,,,,,,,,,,,,,,,,,2,From Throw In,André-Frank Zambo Anguissa,3141.0,Left Defensive Midfield,131,Cameroon,2722,['01852e79-13b1-4dc2-894e-4ecf57e19ce5'],50,,,,,,,,,,,,,,,,,Cameroon,2722,00:36:50.054,Ball Receipt*,
,,,,,,,,,,,,,,,,,,,,,,,,,,,,b9d11b69-424e-4f81-986a-42c70cd133e7,2224,,"[99.5, 76.0]",3920389,81,,,,,,,,,,,,,,,,,,,,,,,,2,From Throw In,Junior Tchamadeu,62627.0,Right Wing,131,Cameroon,2722,['f14247ff-90f4-499b-84ea-554ac9166e2c'],53,,,,,,,,,,,,,,,,,Cameroon,2722,00:36:53.727,Ball Receipt*,
,Incomplete,,,,,,,,,,,,,,,,,,,,,,,,,,,bdf8845e-66c0-4077-995f-4bc661e403a3,2227,,"[100.4, 21.0]",3920389,81,,,,,,,,,,,,,,,,,,,,,,,,2,From Throw In,Georges-Kévin Nkoudou Mbida,3639.0,Left Wing,131,Cameroon,2722,['2b57ed0e-aa14-46d8-b424-323d4f3ea0ba'],57,,,,,,,,,,,,,,,,,Cameroon,2722,00:36:57.842,Ball Receipt*,
,,,,,,,,,,,,,,,,,,,,,,,,,,,,6669a1b0-1ed6-4468-b993-fac5dfc9f255,2231,,"[68.9, 24.0]",3920389,82,,,,,,,,,,,,,,,,,,,,,,,,2,From Throw In,Mohamed Bayo,8454.0,Center Forward,131,Cameroon,2722,['e7117dad-d933-4571-9271-4e09545c0e22'],19,,,,,,,,,,,,,,,,,Guinea,4892,00:37:19.859,Ball Receipt*,
,Incomplete,,,,,,,,,,,,,,,,,,,,,,,,,,,b2b33ae8-10a7-4b63-b705-28f0650c50bb,2235,,"[80.6, 14.2]",3920389,82,,,,,,,,,,,,,,,,,,,,,,,,2,From Throw In,Facinet Conte,406457.0,Left Midfield,131,Cameroon,2722,['36fb73be-a409-47bb-9ae6-1e254e62b34d'],21,,,,,,,,,,,,,,,,,Guinea,4892,00:37:21.378,Ball Receipt*,
,,,,,,,,,,,,,,,,,,,,,,,,,,,,93c9dfdb-5017-43d3-911e-55df0cfb21a3,2238,,"[27.6, 40.5]",3920389,82,,,,,,,,,,,,,,,,,,,,,,,,2,From Throw In,Harold Moukoudi,7386.0,Left Center Back,131,Cameroon,2722,"['063f77cc-3c21-4ccd-8cfa-fca4e6e475c7', '0595d2b3-f50f-485f-bf6a-58faca73f4fe']",23,,,,,,,,,,,,,,,,,Cameroon,2722,00:37:23.256,Ball Receipt*,True
,,,,,,,,,,,,,,,,,,,,,,,,,,,,ef07f7d9-a810-415a-810e-9c726d4e6579,2242,,"[8.3, 44.6]",3920389,82,,,,,,,,,,,,,,,,,,,,,,,,2,From Throw In,Joseph Fabrice Ondoa Ebogo,24670.0,Goalkeeper,131,Cameroon,2722,"['cce8f069-e06f-4e1f-a7ec-bfe55c491ebe', '7ac16e4a-cd50-4f69-ae71-7f569889ba5d']",25,,,,,,,,,,,,,,,,,Cameroon,2722,00:37:25.540,Ball Receipt*,True
,,,,,,,,,,,,,,,,,,,,,,,,,,,,f2db94c2-c9cd-46f1-a125-53605de45dd5,2244,,"[16.3, 26.1]",3920389,82,,,,,,,,,,,,,,,,,,,,,,,,2,From Throw In,Harold Moukoudi,7386.0,Left Center Back,131,Cameroon,2722,['3b319be3-2610-42dd-98fb-8fbe99221b7c'],27,,,,,,,,,,,,,,,,,Cameroon,2722,00:37:27.136,Ball Receipt*,
,,,,,,,,,,,,,,,,,,,,,,,,,,,,dffe9e1b-17fc-460a-bc90-4b34420faee1,2247,,"[29.5, 32.1]",3920389,82,,,,,,,,,,,,,,,,,,,,,,,,2,From Throw In,Jules Olivier Ntcham,10530.0,Right Defensive Midfield,131,Cameroon,2722,['96a0bc7f-c354-4a13-b133-6bd5bbfbe510'],31,,,,,,,,,,,,,,,,,Cameroon,2722,00:37:31.278,Ball Receipt*,
,Incomplete,,,,,,,,,,,,,,,,,,,,,,,,,,,f20fc2b7-cb9d-4175-bae4-0613a91db522,2250,,"[85.7, 12.5]",3920389,82,,,,,,,,,,,,,,,,,,,,,,,,2,From Throw In,Karl Brillant Toko Ekambi,3551.0,Center Forward,131,Cameroon,2722,['ba050b08-f08d-485c-a0d1-c2611ca9d0b7'],38,,,,,,,,,,,,,,,,,Cameroon,2722,00:37:38.292,Ball Receipt*,
,,,,,,,,,,,,,,,,,,,,,,,,,,,,179dfd26-db38-4b42-870d-f7a1053a6d74,2252,,"[39.2, 68.9]",3920389,82,,,,,,,,,,,,,,,,,,,,,,,,2,From Throw In,Aguibou Camara,39559.0,Right Midfield,131,Cameroon,2722,['e14b6cee-b48f-4b4f-b50a-044f94603772'],39,,,,,,,,,,,,,,,,,Guinea,4892,00:37:39.339,Ball Receipt*,
,,,,,,,,,,,,,,,,,,,,,,,,,,,,6b77fbff-6b42-435a-ba62-326afa172122,2256,,"[46.3, 12.5]",3920389,82,,,,,,,,,,,,,,,,,,,,,,,,2,From Throw In,Harold Moukoudi,7386.0,Left Center Back,131,Cameroon,2722,['e8507023-7cc4-4c46-b48c-82d6402b162f'],43,,,,,,,,,,,,,,,,,Cameroon,2722,00:37:43.434,Ball Receipt*,
,,,,,,,,,,,,,,,,,,,,,,,,,,,,e1e3e459-63d6-4914-a841-3ce4386fedaa,2259,,"[57.0, 53.0]",3920389,82,,,,,,,,,,,,,,,,,,,,,,,,2,From Throw In,André-Frank Zambo Anguissa,3141.0,Left Defensive Midfield,131,Cameroon,2722,['18238d6d-6a77-423a-9d34-c8cfa7c77cdd'],47,,,,,,,,,,,,,,,,,Cameroon,2722,00:37:47.179,Ball Receipt*,
,,,,,,,,,,,,,,,,,,,,,,,,,,,,796a9429-d8d4-4b29-bed6-bc0ddb30c034,2262,,"[81.5, 78.0]",3920389,82,,,,,,,,,,,,,,,,,,,,,,,,2,From Throw In,Jean-Charles Castelletto,7426.0,Right Back,131,Cameroon,2722,['acb1e8b9-408a-4b31-be9d-f436231942ca'],50,,,,,,,,,,,,,,,,,Cameroon,2722,00:37:50.793,Ball Receipt*,
,,,,,,,,,,,,,,,,,,,,,,,,,,,,8e100999-e967-47cb-adda-5234bee12f50,2265,,"[81.4, 65.1]",3920389,82,,,,,,,,,,,,,,,,,,,,,,,,2,From Throw In,André-Frank Zambo Anguissa,3141.0,Left Defensive Midfield,131,Cameroon,2722,['96746233-6ef3-454e-801c-0e5b2e1c431f'],54,,,,,,,,,,,,,,,,,Cameroon,2722,00:37:54.178,Ball Receipt*,
,,,,,,,,,,,,,,,,,,,,,,,,,,,,c1b1849c-916a-4957-ad9f-98a0da78781a,2268,,"[105.2, 77.8]",3920389,82,,,,,,,,,,,,,,,,,,,,,,,,2,From Throw In,Jean-Charles Castelletto,7426.0,Right Back,131,Cameroon,2722,['97e87906-5d5c-4757-b4bd-2592feae8027'],57,,,,,,,,,,,,,,,,,Cameroon,2722,00:37:57.655,Ball Receipt*,
,,,,,,,,,,,,,,,,,,,,,,,,,,,,afa5956d-0c93-4afb-b0a0-bced6fc89eec,2273,,"[117.1, 69.1]",3920389,83,,,,,,,,,,,,,,,,,,,,,,,,2,From Throw In,Olivier Michel Kemen,7355.0,Center Attacking Midfield,131,Cameroon,2722,"['16861c9a-f163-437b-8c0e-e8e0aefcd72a', '328dc668-1bce-489d-9c20-60c7935a283a']",0,,,,,,,,,,,,,,,,,Cameroon,2722,00:38:00.830,Ball Receipt*,True
,,,,,,,,,,,,,,,,,,,,,,,,,,,,f8a2b142-66be-4c4a-b71b-f9a974f2cf5d,2276,,"[82.1, 62.3]",3920389,83,,,,,,,,,,,,,,,,,,,,,,,,2,From Throw In,Oumar Gonzalez,28444.0,Right Center Back,131,Cameroon,2722,['67e31b9c-d5aa-42a6-90da-00528d9e5cfb'],7,,,,,,,,,,,,,,,,,Cameroon,2722,00:38:07.776,Ball Receipt*,
,,,,,,,,,,,,,,,,,,,,,,,,,,,,a2620bd2-e414-42ce-bfd7-35a5b7d7ac48,2279,,"[93.0, 71.0]",3920389,83,,,,,,,,,,,,,,,,,,,,,,,,2,From Throw In,Olivier Michel Kemen,7355.0,Center Attacking Midfield,131,Cameroon,2722,['aed302b6-5205-49f5-b3da-0c39f1d06e73'],10,,,,,,,,,,,,,,,,,Cameroon,2722,00:38:10.554,Ball Receipt*,
,Incomplete,,,,,,,,,,,,,,,,,,,,,,,,,,,84908f65-5ba8-4116-a165-bd6cc3e6b977,2282,,"[111.5, 32.0]",3920389,83,,,,,,,,,,,,,,,,,,,,,,,,2,From Throw In,Georges-Kévin Nkoudou Mbida,3639.0,Left Wing,131,Cameroon,2722,['37bc78ff-dc03-452f-b4f3-e53cb3d93a43'],15,,,,,,,,,,,,,,,,,Cameroon,2722,00:38:15.075,Ball Receipt*,
,,,,,,,,,,,,,,,,,,,,,,,,,,,,d92d1979-87c7-4da4-bbe1-e4f0f0a2085a,2288,,"[74.9, 13.0]",3920389,83,,,,,,,,,,,,,,,,,,,,,,,,2,From Throw In,Jules Olivier Ntcham,10530.0,Right Defensive Midfield,131,Cameroon,2722,['37717045-4cbe-40e3-b27a-2004942984bf'],21,,,,,,,,,,,,,,,,,Cameroon,2722,00:38:21.374,Ball Receipt*,
,,,,,,,,,,,,,,,,,,,,,,,,,,,,3c97c745-bb63-4b5f-95ed-d296223b0e9b,2291,,"[75.3, 57.5]",3920389,83,,,,,,,,,,,,,,,,,,,,,,,,2,From Throw In,Oumar Gonzalez,28444.0,Right Center Back,131,Cameroon,2722,['983f0209-7e32-4233-a2e2-14be2c893d8a'],27,,,,,,,,,,,,,,,,,Cameroon,2722,00:38:27.184,Ball Receipt*,
,,,,,,,,,,,,,,,,,,,,,,,,,,,,592bf82f-f7d9-41f1-82bd-c429233e783f,2294,,"[105.1, 74.3]",3920389,83,,,,,,,,,,,,,,,,,,,,,,,,2,From Throw In,Jean-Charles Castelletto,7426.0,Right Back,131,Cameroon,2722,['2068675b-7b47-4464-a366-911ea626389b'],31,,,,,,,,,,,,,,,,,Cameroon,2722,00:38:31.141,Ball Receipt*,
,,,,,,,,,,,,,,,,,,,,,,,,,,,,f19deb8e-1a7a-4cde-abe9-c4969d653544,2297,,"[108.0, 34.8]",3920389,83,,,,,,,,,,,,,,,,,,,,,,,,2,From Throw In,Georges-Kévin Nkoudou Mbida,3639.0,Left Wing,131,Cameroon,2722,['c0c65eea-92c7-4373-903c-ca9088375e74'],33,,,,,,,,,,,,,,,,,Cameroon,2722,00:38:33.576,Ball Receipt*,
,,,,,,,,,,,,,,,,,,,,,,,,,,,,e95a93eb-8c15-4b0d-8b88-ac9a0c8bd2ff,2303,,"[101.0, 57.5]",3920389,83,,,,,,,,,,,,,,,,,,,,,,,,2,From Throw In,Olivier Michel Kemen,7355.0,Center Attacking Midfield,131,Cameroon,2722,['ecf91ac2-9538-4f7d-98a7-1fe80d433a70'],37,,,,,,,,,,,,,,,,,Cameroon,2722,00:38:37.294,Ball Receipt*,
,,,,,,,,,,,,,,,,,,,,,,,,,,,,95e02e55-245f-4259-8ede-a6d887f8ae80,2310,,"[71.6, 67.2]",3920389,84,,,,,,,,,,,,,,,,,,,,,,,,2,From Goal Kick,José Kanté Martínez,8012.0,Center Forward,132,Guinea,4892,['28c82379-346c-47f5-b677-b9925d16d671'],34,,,,,,,,,,,,,,,,,Guinea,4892,00:39:34.855,Ball Receipt*,
,,,,,,,,,,,,,,,,,,,,,,,,,,,,aa1168b7-fe05-4a75-9737-e21f84442141,2313,,"[78.4, 69.5]",3920389,84,,,,,,,,,,,,,,,,,,,,,,,,2,From Goal Kick,Aguibou Camara,39559.0,Right Midfield,132,Guinea,4892,['cf8b7f6e-4eae-4e5f-b01d-2b12ff6b33f4'],35,,,,,,,,,,,,,,,,,Guinea,4892,00:39:35.229,Ball Receipt*,
,,,,,,,,,,,,,,,,,,,,,,,,,,,,261c162c-62e8-4c0a-8028-cc057e18198a,2317,,"[21.2, 11.2]",3920389,84,,,,,,,,,,,,,,,,,,,,,,,,2,From Throw In,Harold Moukoudi,7386.0,Left Center Back,133,Cameroon,2722,['03d51804-b768-4ee9-8128-b4aedf825542'],43,,,,,,,,,,,,,,,,,Cameroon,2722,00:39:43.151,Ball Receipt*,
,,,,,,,,,,,,,,,,,,,,,,,,,,,,56642cef-35d7-4576-b805-057f6154099b,2319,,"[35.9, 42.2]",3920389,84,,,,,,,,,,,,,,,,,,,,,,,,2,From Throw In,Jules Olivier Ntcham,10530.0,Right Defensive Midfield,133,Cameroon,2722,['0cd2bead-4f6d-491b-aeaf-d97172b608df'],46,,,,,,,,,,,,,,,,,Cameroon,2722,00:39:46.878,Ball Receipt*,
,,,,,,,,,,,,,,,,,,,,,,,,,,,,e9f3937c-bdaa-412e-a977-d0fabdf66e2c,2322,,"[51.5, 59.5]",3920389,84,,,,,,,,,,,,,,,,,,,,,,,,2,From Throw In,Oumar Gonzalez,28444.0,Right Center Back,133,Cameroon,2722,['ebd85747-5052-496f-a457-13bd56f091db'],49,,,,,,,,,,,,,,,,,Cameroon,2722,00:39:49.782,Ball Receipt*,
,,,,,,,,,,,,,,,,,,,,,,,,,,,,fee080c3-5ff3-448e-9245-53bfce333bf5,2325,,"[81.5, 76.6]",3920389,84,,,,,,,,,,,,,,,,,,,,,,,,2,From Throw In,Junior Tchamadeu,62627.0,Right Midfield,133,Cameroon,2722,['d1ee5502-1a5a-4dba-8fca-a66d9a4c68be'],52,,,,,,,,,,,,,,,,,Cameroon,2722,00:39:52.963,Ball Receipt*,
,,,,,,,,,,,,,,,,,,,,,,,,,,,,3e40e709-05bd-44e8-a902-7d403440a159,2328,,"[87.6, 63.5]",3920389,84,,,,,,,,,,,,,,,,,,,,,,,,2,From Throw In,Karl Brillant Toko Ekambi,3551.0,Right Center Forward,133,Cameroon,2722,['822943a3-8a31-4c3f-83dc-bd26543910ac'],56,,,,,,,,,,,,,,,,,Cameroon,2722,00:39:56.621,Ball Receipt*,
,,,,,,,,,,,,,,,,,,,,,,,,,,,,0d3342d3-3511-4b56-9dfe-6ab74de8523b,2331,,"[69.5, 58.5]",3920389,85,,,,,,,,,,,,,,,,,,,,,,,,2,From Throw In,Oumar Gonzalez,28444.0,Right Center Back,133,Cameroon,2722,['73e08394-950b-4f4c-965f-b0778888ebc8'],1,,,,,,,,,,,,,,,,,Cameroon,2722,00:40:01.047,Ball Receipt*,
,,,,,,,,,,,,,,,,,,,,,,,,,,,,d5bcf70b-22ea-4c03-81b2-8500c354f5ad,2333,,"[73.9, 46.0]",3920389,85,,,,,,,,,,,,,,,,,,,,,,,,2,From Throw In,Jules Olivier Ntcham,10530.0,Right Defensive Midfield,133,Cameroon,2722,['618eaba5-016a-4c02-8575-0745a036893b'],1,,,,,,,,,,,,,,,,,Cameroon,2722,00:40:01.974,Ball Receipt*,
,,,,,,,,,,,,,,,,,,,,,,,,,,,,354ccbd9-6f2a-4774-8042-ea21c6a253ee,2336,,"[75.5, 26.9]",3920389,85,,,,,,,,,,,,,,,,,,,,,,,,2,From Throw In,André-Frank Zambo Anguissa,3141.0,Left Defensive Midfield,133,Cameroon,2722,['4a4c7443-f9ef-477f-8d09-bd720af056f6'],3,,,,,,,,,,,,,,,,,Cameroon,2722,00:40:03.817,Ball Receipt*,
,,,,,,,,,,,,,,,,,,,,,,,,,,,,44428fc9-fd26-4632-92da-907a08c200f7,2340,,"[93.6, 4.8]",3920389,85,,,,,,,,,,,,,,,,,,,,,,,,2,From Throw In,Georges-Kévin Nkoudou Mbida,3639.0,Left Midfield,133,Cameroon,2722,['3ddf5868-6067-4f6d-980a-64a91fe5042b'],8,,,,,,,,,,,,,,,,,Cameroon,2722,00:40:08.604,Ball Receipt*,
,,,,,,,,,,,,,,,,,,,,,,,,,,,,7c916ced-4d09-4cca-ad2b-056879e6d0f6,2343,,"[81.1, 32.1]",3920389,85,,,,,,,,,,,,,,,,,,,,,,,,2,From Throw In,Jules Olivier Ntcham,10530.0,Right Defensive Midfield,133,Cameroon,2722,['40ae4432-a4d8-4eef-bcff-b1edb1d8d839'],13,,,,,,,,,,,,,,,,,Cameroon,2722,00:40:13.624,Ball Receipt*,
,,,,,,,,,,,,,,,,,,,,,,,,,,,,c5f0a62d-dcfa-4675-818e-cd1a3f678c36,2346,,"[87.1, 56.9]",3920389,85,,,,,,,,,,,,,,,,,,,,,,,,2,From Throw In,Oumar Gonzalez,28444.0,Right Center Back,133,Cameroon,2722,['dff52dd6-a96d-4497-b5fe-f9b4d1f19002'],17,,,,,,,,,,,,,,,,,Cameroon,2722,00:40:17.275,Ball Receipt*,
,Incomplete,,,,,,,,,,,,,,,,,,,,,,,,,,,5bf5b1e4-51a1-4b6a-9ba6-14ec785ae9da,2349,,"[111.1, 76.7]",3920389,85,,,,,,,,,,,,,,,,,,,,,,,,2,From Throw In,Jean-Charles Castelletto,7426.0,Right Back,133,Cameroon,2722,['5d285c13-94b7-40b4-ab89-1be45890d558'],21,,,,,,,,,,,,,,,,,Cameroon,2722,00:40:21.069,Ball Receipt*,
,,,,,,,,,,,,,,,,,,,,,,,,,,,,ad33a87f-bc27-4ccf-aed2-86b4ee6b9c28,2351,,"[26.7, 15.2]",3920389,85,,,,,,,,,,,,,,,,,,,,,,,,2,From Throw In,Facinet Conte,406457.0,Left Midfield,134,Guinea,4892,['cd97642b-c1c4-49ad-917b-63d964a5f277'],44,,,,,,,,,,,,,,,,,Guinea,4892,00:40:44.555,Ball Receipt*,
,Incomplete,,,,,,,,,,,,,,,,,,,,,,,,,,,ceb1c868-a1bf-4a59-b83f-5923a6e0bf3c,2353,,"[108.3, 57.7]",3920389,85,,,,,,,,,,,,,,,,,,,,,,,,2,From Throw In,Faris Pemi Moumbagna,34293.0,Left Center Forward,134,Guinea,4892,['51545cfc-9e26-4bad-8286-eddab3a4e49a'],45,,,,,,,,,,,,,,,,,Cameroon,2722,00:40:45.219,Ball Receipt*,
,,,,,,,,,,,,,,,,,,,,,,,,,,,,4783b227-e88b-45e2-8fe8-ef4d3404312a,2356,,"[27.1, 14.6]",3920389,85,,,,,,,,,,,,,,,,,,,,,,,,2,From Throw In,José Kanté Martínez,8012.0,Center Forward,134,Guinea,4892,['22b169c4-a110-4949-9d05-25574f615a14'],49,,,,,,,,,,,,,,,,,Guinea,4892,00:40:49.576,Ball Receipt*,
,Incomplete,,,,,,,,,,,,,,,,,,,,,,,,,,,00085f1d-679c-439f-825b-24e341bf0710,2358,,"[48.4, 17.8]",3920389,85,,,,,,,,,,,,,,,,,,,,,,,,2,From Throw In,Facinet Conte,406457.0,Left Midfield,134,Guinea,4892,['edd7685b-f800-42b5-8d35-3311d0b3c6ba'],52,,,,,,,,,,,,,,,,,Guinea,4892,00:40:52.308,Ball Receipt*,
,,,,,,,,,,,,,,,,,,,,,,,,,,,,025c1dc6-8950-408f-bc0a-8b11e3d3b2eb,2370,,"[62.6, 48.4]",3920389,85,,,,,,,,,,,,,,,,,,,,,,,,2,Regular Play,Jules Olivier Ntcham,10530.0,Right Defensive Midfield,135,Cameroon,2722,['3438bb78-fb63-4a7c-8da7-b08f6a311136'],58,,,,,,,,,,,,,,,,,Cameroon,2722,00:40:58.788,Ball Receipt*,
,,,,,,,,,,,,,,,,,,,,,,,,,,,,7d7c0e01-e89e-4fa2-8580-ad4f4d952916,2373,,"[97.8, 4.8]",3920389,86,,,,,,,,,,,,,,,,,,,,,,,,2,Regular Play,Georges-Kévin Nkoudou Mbida,3639.0,Left Midfield,135,Cameroon,2722,['3a4c7c9e-8f34-4569-b597-1af9e43263d2'],5,,,,,,,,,,,,,,,,,Cameroon,2722,00:41:05.473,Ball Receipt*,
,,,,,,,,,,,,,,,,,,,,,,,,,,,,daf0b744-4fd7-4ab5-a233-0464e43f093c,2376,,"[105.1, 41.0]",3920389,86,,,,,,,,,,,,,,,,,,,,,,,,2,Regular Play,Junior Tchamadeu,62627.0,Right Midfield,135,Cameroon,2722,['967e00c4-a744-43a5-9c9b-5d5e113f2b92'],9,,,,,,,,,,,,,,,,,Cameroon,2722,00:41:09.215,Ball Receipt*,
,,,,,,,,,,,,,,,,,,,,,,,,,,,,df24198a-b8f8-4a8b-9383-83f4412d5589,2380,,"[32.0, 62.4]",3920389,86,,,,,,,,,,,,,,,,,,,,,,,,2,Regular Play,Moriba Kourouma Kourouma,39073.0,Right Defensive Midfield,135,Cameroon,2722,['208afc8c-a0bf-48df-bf11-bcc050adad37'],11,,,,,,,,,,,,,,,,,Guinea,4892,00:41:11.778,Ball Receipt*,
,Incomplete,,,,,,,,,,,,,,,,,,,,,,,,,,,989726bf-bd5f-44d6-92cd-506308a9cee5,2383,,"[87.4, 76.7]",3920389,86,,,,,,,,,,,,,,,,,,,,,,,,2,Regular Play,Aguibou Camara,39559.0,Right Midfield,135,Cameroon,2722,['abc88477-5e3f-40de-a623-776104b76541'],18,,,,,,,,,,,,,,,,,Guinea,4892,00:41:18.842,Ball Receipt*,
,,,,,,,,,,,,,,,,,,,,,,,,,,,,fc2deac8-ad0f-47a2-946c-128a211c6a27,2385,,"[29.5, 26.5]",3920389,86,,,,,,,,,,,,,,,,,,,,,,,,2,From Throw In,André-Frank Zambo Anguissa,3141.0,Left Defensive Midfield,136,Cameroon,2722,['006fe923-39f0-4567-8532-093c7c0ed8d6'],29,,,,,,,,,,,,,,,,,Cameroon,2722,00:41:29.203,Ball Receipt*,
,,,,,,,,,,,,,,,,,,,,,,,,,,,,cc039e74-0361-4bb5-82c5-c9bb31896fe8,2387,,"[39.0, 56.2]",3920389,86,,,,,,,,,,,,,,,,,,,,,,,,2,From Throw In,Oumar Gonzalez,28444.0,Right Center Back,136,Cameroon,2722,['f4bd2b21-3e1f-4d4e-9205-0f141a46e7c6'],35,,,,,,,,,,,,,,,,,Cameroon,2722,00:41:35.465,Ball Receipt*,
,,,,,,,,,,,,,,,,,,,,,,,,,,,,5ac54d7c-f523-4092-802e-fc4e6387cab7,2389,,"[64.3, 74.8]",3920389,86,,,,,,,,,,,,,,,,,,,,,,,,2,From Throw In,Jean-Charles Castelletto,7426.0,Right Back,136,Cameroon,2722,['4d9d12dc-7303-44d3-a344-00f61ae89a30'],39,,,,,,,,,,,,,,,,,Cameroon,2722,00:41:39.832,Ball Receipt*,
,,,,,,,,,,,,,,,,,,,,,,,,,,,,b02f86ca-be4a-4a1e-b8a5-655b91bbac9e,2392,,"[80.9, 75.7]",3920389,86,,,,,,,,,,,,,,,,,,,,,,,,2,From Throw In,Junior Tchamadeu,62627.0,Right Midfield,136,Cameroon,2722,['3d3361c1-5808-4d5d-968c-94845d7483ae'],44,,,,,,,,,,,,,,,,,Cameroon,2722,00:41:44.277,Ball Receipt*,
,,,,,,,,,,,,,,,,,,,,,,,,,,,,50f28c60-a988-42f5-832f-c782fec4fd1e,2394,,"[75.5, 74.8]",3920389,86,,,,,,,,,,,,,,,,,,,,,,,,2,From Throw In,Jean-Charles Castelletto,7426.0,Right Back,136,Cameroon,2722,['21fa705b-a318-44a1-b8aa-c923b3b8477b'],45,,,,,,,,,,,,,,,,,Cameroon,2722,00:41:45.105,Ball Receipt*,
,,,,,,,,,,,,,,,,,,,,,,,,,,,,08299981-22ee-4e7f-b6cd-2b27ea795df4,2397,,"[76.7, 69.3]",3920389,86,,,,,,,,,,,,,,,,,,,,,,,,2,From Throw In,Karl Brillant Toko Ekambi,3551.0,Right Center Forward,136,Cameroon,2722,['eaa7b4b4-0020-4285-8832-d04d41a2b7db'],46,,,,,,,,,,,,,,,,,Cameroon,2722,00:41:46.423,Ball Receipt*,
,,,,,,,,,,,,,,,,,,,,,,,,,,,,e1251e19-ccce-4c43-8c24-715fb63437fc,2401,,"[67.5, 34.9]",3920389,86,,,,,,,,,,,,,,,,,,,,,,,,2,From Throw In,Jules Olivier Ntcham,10530.0,Right Defensive Midfield,136,Cameroon,2722,['8676906e-24c1-4a71-b2b1-8895cdd0e6a9'],49,,,,,,,,,,,,,,,,,Cameroon,2722,00:41:49.321,Ball Receipt*,
,,,,,,,,,,,,,,,,,,,,,,,,,,,,ddd1e5ea-f7a4-4995-8f1e-c6d22b6f4ce1,2404,,"[93.0, 9.2]",3920389,86,,,,,,,,,,,,,,,,,,,,,,,,2,From Throw In,Darlin Zidane Yongwa Ngameni,32190.0,Left Back,136,Cameroon,2722,['d519a095-0336-430f-80cc-22f8f1cc2abc'],53,,,,,,,,,,,,,,,,,Cameroon,2722,00:41:53.117,Ball Receipt*,
,Incomplete,,,,,,,,,,,,,,,,,,,,,,,,,,,4b41304f-db74-4ed5-9bb4-85df4fbd1b11,2407,,"[112.1, 41.9]",3920389,86,,,,,,,,,,,,,,,,,,,,,,,,2,From Throw In,Faris Pemi Moumbagna,34293.0,Left Center Forward,136,Cameroon,2722,['1306197f-2156-4ff4-bdc5-5c1702b600ff'],56,,,,,,,,,,,,,,,,,Cameroon,2722,00:41:56.959,Ball Receipt*,
,,,,,,,,,,,,,,,,,,,,,,,,,,,,3fb44df8-b9f9-4c62-8fc9-91e375da0f21,2412,,"[116.3, 60.3]",3920389,87,,,,,,,,,,,,,,,,,,,,,,,,2,From Throw In,André-Frank Zambo Anguissa,3141.0,Left Defensive Midfield,136,Cameroon,2722,['a66fca56-8ec0-4ee0-b533-798a23ea6985'],4,,,,,,,,,,,,,,,,,Cameroon,2722,00:42:04.852,Ball Receipt*,
,,,,,,,,,,,,,,,,,,,,,,,,,,,,cfd3886c-a7c1-4f5d-93ab-adeaa6adcb6c,2416,,"[116.7, 58.3]",3920389,87,,,,,,,,,,,,,,,,,,,,,,,,2,From Throw In,Junior Tchamadeu,62627.0,Right Midfield,136,Cameroon,2722,"['86166214-5d05-45af-8d45-d023a00121c0', 'f3fca7be-eea2-4361-8ad3-004b398ddf86']",8,,,,,,,,,,,,,,,,,Cameroon,2722,00:42:08.944,Ball Receipt*,True
,,,,,,,,,,,,,,,,,,,,,,,,,,,,19eab881-da29-40b3-a2e5-cf53f8458ea3,2418,,"[108.9, 35.2]",3920389,87,,,,,,,,,,,,,,,,,,,,,,,,2,From Throw In,Karl Brillant Toko Ekambi,3551.0,Right Center Forward,136,Cameroon,2722,['7a2034cf-34fa-469a-93d1-75e973bffc5e'],9,,,,,,,,,,,,,,,,,Cameroon,2722,00:42:09.242,Ball Receipt*,
,,,,,,,,,,,,,,,,,,,,,,,,,,,,5a9d0a8c-f4df-4211-811c-a7df5d76ec96,2428,,"[37.3, 75.8]",3920389,88,,,,,,,,,,,,,,,,,,,,,,,,2,From Throw In,José Kanté Martínez,8012.0,Center Forward,139,Guinea,4892,"['f46f763b-9259-44cf-9e42-ffa022536194', '6adc8793-3d1c-4820-b9bd-c1a35429e3cf']",39,,,,,,,,,,,,,,,,,Guinea,4892,00:43:39.955,Ball Receipt*,True
,,,,,,,,,,,,,,,,,,,,,,,,,,,,227499a8-17e4-4e66-bf97-af13ef220e7f,2431,,"[33.7, 70.1]",3920389,88,,,,,,,,,,,,,,,,,,,,,,,,2,From Throw In,Moriba Kourouma Kourouma,39073.0,Right Defensive Midfield,139,Guinea,4892,['33642f22-c066-4bc6-a9a5-8272143ef401'],40,,,,,,,,,,,,,,,,,Guinea,4892,00:43:40.886,Ball Receipt*,
,Incomplete,,,,,,,,,,,,,,,,,,,,,,,,,,,f1e9618a-a4db-44d8-8178-afd71165710c,2434,,"[57.1, 66.7]",3920389,88,,,,,,,,,,,,,,,,,,,,,,,,2,From Throw In,Aguibou Camara,39559.0,Right Midfield,139,Guinea,4892,['e5ba6606-7bca-44f7-a831-c0d3f8933960'],42,,,,,,,,,,,,,,,,,Guinea,4892,00:43:42.566,Ball Receipt*,
,,,,,,,,,,,,,,,,,,,,,,,,,,,,4653b733-dac8-4cd3-9a47-fae45b13fa80,2437,,"[69.5, 18.5]",3920389,88,,,,,,,,,,,,,,,,,,,,,,,,2,Regular Play,André-Frank Zambo Anguissa,3141.0,Left Defensive Midfield,140,Cameroon,2722,['fcfb6a55-d8b9-4c6d-9089-bf444d81c2b5'],43,,,,,,,,,,,,,,,,,Cameroon,2722,00:43:43.749,Ball Receipt*,
,,,,,,,,,,,,,,,,,,,,,,,,,,,,f7dc3089-029e-45d6-86fa-ddca0bea5384,2439,,"[75.5, 14.3]",3920389,88,,,,,,,,,,,,,,,,,,,,,,,,2,Regular Play,Georges-Kévin Nkoudou Mbida,3639.0,Left Midfield,140,Cameroon,2722,['066b807d-480b-4406-b994-6d03007b6f7b'],45,,,,,,,,,,,,,,,,,Cameroon,2722,00:43:45.859,Ball Receipt*,
,Incomplete,,,,,,,,,,,,,,,,,,,,,,,,,,,2efb91ba-8f22-494e-a00e-cc9586de3798,2443,,"[52.3, 15.8]",3920389,88,,,,,,,,,,,,,,,,,,,,,,,,2,Regular Play,Harold Moukoudi,7386.0,Left Center Back,140,Cameroon,2722,['bf3a6b7c-eea3-42be-9bd6-f52d364682c1'],48,,,,,,,,,,,,,,,,,Cameroon,2722,00:43:48.599,Ball Receipt*,
,,,,,,,,,,,,,,,,,,,,,,,,,,,,92e00f2a-32ea-482a-a701-6836259e1bf5,2449,,"[68.7, 73.7]",3920389,88,,,,,,,,,,,,,,,,,,,,,,,,2,Regular Play,Aguibou Camara,39559.0,Right Midfield,140,Cameroon,2722,['a021bddd-753a-4671-a8eb-8e104fefbd2c'],52,,,,,,,,,,,,,,,,,Guinea,4892,00:43:52.952,Ball Receipt*,
,Incomplete,,,,,,,,,,,,,,,,,,,,,,,,,,,ba186469-d0b1-4095-9f7b-3ff82ffeb5b1,2452,,"[86.8, 73.5]",3920389,88,,,,,,,,,,,,,,,,,,,,,,,,2,Regular Play,José Kanté Martínez,8012.0,Center Forward,140,Cameroon,2722,['bb6a8389-db26-4acd-8e60-ef7423856274'],53,,,,,,,,,,,,,,,,,Guinea,4892,00:43:53.732,Ball Receipt*,
,Incomplete,,,,,,,,,,,,,,,,,,,,,,,,,,,cd9c0341-387c-4191-af3a-209dad393e3f,2457,,"[43.1, 3.2]",3920389,88,,,,,,,,,,,,,,,,,,,,,,,,2,Regular Play,Darlin Zidane Yongwa Ngameni,32190.0,Left Back,140,Cameroon,2722,['5dfdef40-4f14-4d92-9be5-ad9e7aba5e30'],54,,,,,,,,,,,,,,,,,Cameroon,2722,00:43:54.998,Ball Receipt*,
,,,,,,,,,,,,,,,,,,,,,,,,,,,,5b8de65b-100f-4f6e-a968-2201d84c6c90,2461,,"[11.4, 33.1]",3920389,89,,,,,,,,,,,,,,,,,,,,,,,,2,Regular Play,Joseph Fabrice Ondoa Ebogo,24670.0,Goalkeeper,141,Cameroon,2722,['6ec71e69-8e78-41ec-9251-424044de43ed'],3,,,,,,,,,,,,,,,,,Cameroon,2722,00:44:03.523,Ball Receipt*,
,,,,,,,,,,,,,,,,,,,,,,,,,,,,d42be530-db73-4fe1-9b28-2d8e1b4efea9,2464,,"[28.6, 63.7]",3920389,89,,,,,,,,,,,,,,,,,,,,,,,,2,Regular Play,Jean-Charles Castelletto,7426.0,Right Back,141,Cameroon,2722,['502191a5-e651-4a1d-83a2-78c1ea7aead6'],6,,,,,,,,,,,,,,,,,Cameroon,2722,00:44:06.928,Ball Receipt*,
,,,,,,,,,,,,,,,,,,,,,,,,,,,,4490d2c9-946b-4e92-9e49-4d4a0cecaa4d,2467,,"[49.0, 49.8]",3920389,89,,,,,,,,,,,,,,,,,,,,,,,,2,Regular Play,Jules Olivier Ntcham,10530.0,Right Defensive Midfield,141,Cameroon,2722,['c5485008-0a5b-4640-938f-bdb1ea6763f3'],9,,,,,,,,,,,,,,,,,Cameroon,2722,00:44:09.921,Ball Receipt*,
,,,,,,,,,,,,,,,,,,,,,,,,,,,,40c302e4-76d8-4086-ae4d-1cf673ac7589,2470,,"[57.4, 21.9]",3920389,89,,,,,,,,,,,,,,,,,,,,,,,,2,Regular Play,André-Frank Zambo Anguissa,3141.0,Left Defensive Midfield,141,Cameroon,2722,['d5bd1286-e784-4dd5-b39d-2692076854cc'],13,,,,,,,,,,,,,,,,,Cameroon,2722,00:44:13.239,Ball Receipt*,
,,,,,,,,,,,,,,,,,,,,,,,,,,,,9d9eeace-b0e2-4225-a9ac-cb2a2c3f77ca,2474,,"[81.5, 25.5]",3920389,89,,,,,,,,,,,,,,,,,,,,,,,,2,Regular Play,Georges-Kévin Nkoudou Mbida,3639.0,Left Midfield,141,Cameroon,2722,"['6c2130eb-f681-4873-a8d5-afea53c06c33', '9be2c422-f2a6-4ef8-9b7a-bb8512c05519']",16,,,,,,,,,,,,,,,,,Cameroon,2722,00:44:16.831,Ball Receipt*,True
,,,,,,,,,,,,,,,,,,,,,,,,,,,,2336f5a7-8fda-4b5f-9a50-e184df2c165a,2479,,"[108.0, 45.2]",3920389,89,,,,,,,,,,,,,,,,,,,,,,,,2,From Free Kick,Harold Moukoudi,7386.0,Left Center Back,142,Cameroon,2722,['75bb6a0f-654a-45f7-87b4-1934e20dfa34'],55,,,,,,,,,,,,,,,,,Cameroon,2722,00:44:55.808,Ball Receipt*,
,Incomplete,,,,,,,,,,,,,,,,,,,,,,,,,,,1af6cc6f-f553-40a2-8080-58e2506a933d,2482,,"[116.7, 43.0]",3920389,89,,,,,,,,,,,,,,,,,,,,,,,,2,From Free Kick,Faris Pemi Moumbagna,34293.0,Left Center Forward,142,Cameroon,2722,['70fd2646-96fd-45fa-9901-ba6aa3d0d943'],57,,,,,,,,,,,,,,,,,Cameroon,2722,00:44:57.556,Ball Receipt*,
,Incomplete,,,,,,,,,,,,,,,,,,,,,,,,,,,3d5027a5-123b-42fd-ae6b-665d0a25a78c,2486,,"[70.1, 15.6]",3920389,90,,,,,,,,,,,,,,,,,,,,,,,,2,From Keeper,José Kanté Martínez,8012.0,Center Forward,143,Guinea,4892,['2d8bdf4a-434f-44a4-a14c-52924cbcab69'],20,,,,,,,,,,,,,,,,,Guinea,4892,00:45:20.109,Ball Receipt*,
,,,,,,,,,,,,,,,,,,,,,,,,,,,,015b4cb7-608b-48aa-9311-94a844fab159,2490,,"[24.0, 63.5]",3920389,90,,,,,,,,,,,,,,,,,,,,,,,,2,Regular Play,Oumar Gonzalez,28444.0,Right Center Back,144,Cameroon,2722,['e998b09b-7288-4b3c-9ad8-ba1e28499fee'],21,,,,,,,,,,,,,,,,,Cameroon,2722,00:45:21.696,Ball Receipt*,
,,,,,,,,,,,,,,,,,,,,,,,,,,,,d309afda-569e-4844-82c6-55aa8da5f43e,2493,,"[39.3, 52.5]",3920389,90,,,,,,,,,,,,,,,,,,,,,,,,2,Regular Play,Jules Olivier Ntcham,10530.0,Right Defensive Midfield,144,Cameroon,2722,['0cf2a11a-9d65-4849-9d51-114e88590db3'],24,,,,,,,,,,,,,,,,,Cameroon,2722,00:45:24.145,Ball Receipt*,
,Incomplete,,,,,,,,,,,,,,,,,,,,,,,,,,,832243b1-8015-429c-8b02-03c92fb69503,2497,,"[88.1, 3.2]",3920389,90,,,,,,,,,,,,,,,,,,,,,,,,2,Regular Play,Darlin Zidane Yongwa Ngameni,32190.0,Left Back,144,Cameroon,2722,['6b16304a-b577-4587-85be-438914bfca43'],31,,,,,,,,,,,,,,,,,Cameroon,2722,00:45:31.127,Ball Receipt*,
,Incomplete,,,,,,,,,,,,,,,,,,,,,,,,,,,a9503e8e-3098-4e1d-ab9f-18b2959f2150,2499,,"[51.6, 70.9]",3920389,90,,,,,,,,,,,,,,,,,,,,,,,,2,From Throw In,José Kanté Martínez,8012.0,Center Forward,145,Guinea,4892,['4b35cbd0-478e-471e-8932-bca7e46bc838'],50,,,,,,,,,,,,,,,,,Guinea,4892,00:45:50.850,Ball Receipt*,
,,,,,,,,,,,,,,,,,,,,,,,,,,,,7744732e-f219-4426-a9df-d83039d206cb,2505,,"[83.8, 9.2]",3920389,90,,,,,,,,,,,,,,,,,,,,,,,,2,From Throw In,Karl Brillant Toko Ekambi,3551.0,Right Center Forward,145,Guinea,4892,"['0c780c00-151d-49da-8d0d-6de9583c5ec0', '7b333f1e-e160-45a5-a281-30e372719933']",53,,,,,,,,,,,,,,,,,Cameroon,2722,00:45:53.498,Ball Receipt*,True
,Incomplete,,,,,,,,,,,,,,,,,,,,,,,,,,,1c86861b-7df7-44a6-bfba-5acddc066f8c,2507,,"[88.8, 27.9]",3920389,90,,,,,,,,,,,,,,,,,,,,,,,,2,From Throw In,Faris Pemi Moumbagna,34293.0,Left Center Forward,145,Guinea,4892,['37f5ae47-e4b4-428a-a8b8-e4ae769e1d5f'],54,,,,,,,,,,,,,,,,,Cameroon,2722,00:45:54.616,Ball Receipt*,
,Incomplete,,,,,,,,,,,,,,,,,,,,,,,,,,,508c7552-cfde-4673-b209-283056136bd7,2512,,"[50.5, 52.8]",3920389,90,,,,,,,,,,,,,,,,,,,,,,,,2,From Throw In,Facinet Conte,406457.0,Left Midfield,145,Guinea,4892,['8d4c0232-22bf-41f9-989e-aefa2deb37d6'],55,,,,,,,,,,,,,,,,,Guinea,4892,00:45:55.722,Ball Receipt*,
,,,,,,,,,,,,,,,,,,,,,,,,,,,,a4a3a1b1-4e7b-46fe-a6a7-fac9aecaf4c7,2517,,"[93.2, 22.9]",3920389,91,,,,,,,,,,,,,,,,,,,,,,,,2,Regular Play,Karl Brillant Toko Ekambi,3551.0,Right Center Forward,146,Cameroon,2722,['9780ec51-2994-412e-b9ea-53005de93245'],0,,,,,,,,,,,,,,,,,Cameroon,2722,00:46:00.308,Ball Receipt*,
,,,,,,,,,,,,,,,,,,,,,,,,,,,,55d9e208-4092-4c6b-bf2f-c51c5c926df0,2522,,"[107.9, 24.7]",3920389,91,,,,,,,,,,,,,,,,,,,,,,,,2,Regular Play,Georges-Kévin Nkoudou Mbida,3639.0,Left Midfield,146,Cameroon,2722,"['03544dae-3471-4bc2-8af0-a43a28f84fb9', '6ad9e6ab-be51-417c-a165-3eed7c38717b']",3,,,,,,,,,,,,,,,,,Cameroon,2722,00:46:03.806,Ball Receipt*,True
,,,,,,,,,,,,,,,,,,,,,,,,,,,,22db437f-c159-40ea-a66e-2d1201312bee,2531,,"[28.3, 69.7]",3920389,91,,,,,,,,,,,,,,,,,,,,,,,,2,Regular Play,Aguibou Camara,39559.0,Right Midfield,146,Cameroon,2722,['56144686-dc3d-4dcf-810b-4b1336f5b827'],8,,,,,,,,,,,,,,,,,Guinea,4892,00:46:08.768,Ball Receipt*,
,Incomplete,,,,,,,,,,,,,,,,,,,,,,,,,,,a299b75b-10d2-4be7-8a3f-df4a9b2ef029,2536,,"[72.8, 65.2]",3920389,91,,,,,,,,,,,,,,,,,,,,,,,,2,Regular Play,Facinet Conte,406457.0,Left Midfield,146,Cameroon,2722,['f40e1a9a-af55-4968-8689-a347251b4ed8'],12,,,,,,,,,,,,,,,,,Guinea,4892,00:46:12.142,Ball Receipt*,
,,,,,,,,,,,,,,,,,,,,,,,,,,,,32c9c09d-67ee-4522-8513-8b2a37858c36,2540,,"[19.0, 27.5]",3920389,91,,,,,,,,,,,,,,,,,,,,,,,,2,Regular Play,Joseph Fabrice Ondoa Ebogo,24670.0,Goalkeeper,146,Cameroon,2722,['1d1a9fc0-df80-4e42-8102-28f20d393759'],15,,,,,,,,,,,,,,,,,Cameroon,2722,00:46:15.297,Ball Receipt*,
,,,,,,,,,,,,,,,,,,,,,,,,,,,,9c81a2f7-d225-4bdc-93c9-655529cb8538,2543,,"[64.7, 73.6]",3920389,91,,,,,,,,,,,,,,,,,,,,,,,,2,Regular Play,Jean-Charles Castelletto,7426.0,Right Back,146,Cameroon,2722,['d78901b9-31f3-465e-8cef-29c4e53c3975'],19,,,,,,,,,,,,,,,,,Cameroon,2722,00:46:19.943,Ball Receipt*,
,,,,,,,,,,,,,,,,,,,,,,,,,,,,65b40a9f-8888-4e3a-97bb-eacbed3821e9,2546,,"[87.6, 78.0]",3920389,91,,,,,,,,,,,,,,,,,,,,,,,,2,Regular Play,Junior Tchamadeu,62627.0,Right Midfield,146,Cameroon,2722,['7abf93bf-fd17-4397-80f0-b5d28fbc14ae'],23,,,,,,,,,,,,,,,,,Cameroon,2722,00:46:23.448,Ball Receipt*,
,,,,,,,,,,,,,,,,,,,,,,,,,,,,d301500b-fc19-4b39-81d9-1d4191f0ac7d,2549,,"[63.0, 63.5]",3920389,91,,,,,,,,,,,,,,,,,,,,,,,,2,Regular Play,Oumar Gonzalez,28444.0,Right Center Back,146,Cameroon,2722,['5ab27588-0043-400a-b53f-e995e53f6cb1'],28,,,,,,,,,,,,,,,,,Cameroon,2722,00:46:28.682,Ball Receipt*,
,,,,,,,,,,,,,,,,,,,,,,,,,,,,21573f50-a71a-4bf3-9c46-494468727109,2552,,"[68.1, 40.1]",3920389,91,,,,,,,,,,,,,,,,,,,,,,,,2,Regular Play,Jules Olivier Ntcham,10530.0,Right Defensive Midfield,146,Cameroon,2722,['f0b3206e-1de1-44ab-ad46-a6f4d94fdc9c'],30,,,,,,,,,,,,,,,,,Cameroon,2722,00:46:30.889,Ball Receipt*,
,,,,,,,,,,,,,,,,,,,,,,,,,,,,e93db010-da08-4636-85a3-bc81eeba3bad,2555,,"[81.8, 26.1]",3920389,91,,,,,,,,,,,,,,,,,,,,,,,,2,Regular Play,André-Frank Zambo Anguissa,3141.0,Left Defensive Midfield,146,Cameroon,2722,['ee59bd8f-680a-498b-a074-0554d5e59fc1'],33,,,,,,,,,,,,,,,,,Cameroon,2722,00:46:33.499,Ball Receipt*,
,,,,,,,,,,,,,,,,,,,,,,,,,,,,d2480c0e-425b-4887-ad50-34f015a4eb37,2559,,"[105.9, 25.4]",3920389,91,,,,,,,,,,,,,,,,,,,,,,,,2,Regular Play,Georges-Kévin Nkoudou Mbida,3639.0,Left Midfield,146,Cameroon,2722,"['35d2f0d5-dbf8-4d17-a038-2f867d9cd910', '804d88bb-edc8-44b3-a41b-282da40fc2ba']",37,,,,,,,,,,,,,,,,,Cameroon,2722,00:46:37.050,Ball Receipt*,True
,Incomplete,,,,,,,,,,,,,,,,,,,,,,,,,,,1712c6e7-c55d-4213-b521-88cc709c8e1e,2567,,"[82.2, 56.4]",3920389,92,,,,,,,,,,,,,,,,,,,,,,,,2,From Free Kick,José Kanté Martínez,8012.0,Center Forward,147,Guinea,4892,['f0cf697a-8412-472d-ae2e-6944f6c8cafb'],31,,,,,,,,,,,,,,,,,Guinea,4892,00:47:31.653,Ball Receipt*,
,,,,,,,,,,,,,,,,,,,,,,,,,,,,e679ea8d-d37a-4618-a6d3-2cbc8b337aa7,2569,,"[39.5, 15.8]",3920389,92,,,,,,,,,,,,,,,,,,,,,,,,2,From Free Kick,Jules Olivier Ntcham,10530.0,Right Defensive Midfield,147,Guinea,4892,['f86bed41-41fb-4c83-adbb-ad2f9427fb8a'],32,,,,,,,,,,,,,,,,,Cameroon,2722,00:47:32.302,Ball Receipt*,
,Incomplete,,,,,,,,,,,,,,,,,,,,,,,,,,,03eba395-030e-45ed-b522-697b0b18a9a3,2573,,"[98.7, 75.2]",3920389,92,,,,,,,,,,,,,,,,,,,,,,,,2,From Throw In,José Kanté Martínez,8012.0,Center Forward,148,Guinea,4892,['25da102a-ac4b-4f04-90a7-bd93b2fa2fce'],55,,,,,,,,,,,,,,,,,Guinea,4892,00:47:55.581,Ball Receipt*,
,,,,,,,,,,,,,,,,,,,,,,,,,,,,9c45a040-098c-4e10-9c3c-450c4c875890,2582,,"[87.3, 31.7]",3920389,93,,,,,,,,,,,,,,,,,,,,,,,,2,From Throw In,Sekou Oumar Sylla,132711.0,Left Back,148,Guinea,4892,"['503e54df-87cc-43c5-b96e-dd7b363bb1a6', '7256730c-452b-4d2e-95e7-bf2a371f57d3']",3,,,,,,,,,,,,,,,,,Guinea,4892,00:48:03.277,Ball Receipt*,True
,,,,,,,,,,,,,,,,,,,,,,,,,,,,c49b4a10-b5f4-4fc6-96cd-9b61f172018c,2586,,"[87.1, 48.0]",3920389,93,,,,,,,,,,,,,,,,,,,,,,,,2,From Throw In,Moriba Kourouma Kourouma,39073.0,Right Defensive Midfield,148,Guinea,4892,['fe9d4c0e-dec7-4e51-88b9-e5409c11a0d2'],8,,,,,,,,,,,,,,,,,Guinea,4892,00:48:08.690,Ball Receipt*,
,,,,,,,,,,,,,,,,,,,,,,,,,,,,22048a65-c4a7-4fcb-adb9-261b2e6b4554,2591,,"[14.6, 55.4]",3920389,93,,,,,,,,,,,,,,,,,,,,,,,,2,From Goal Kick,Oumar Gonzalez,28444.0,Right Center Back,149,Cameroon,2722,['b787caf6-5c31-45e5-b6ff-37d022585652'],29,,,,,,,,,,,,,,,,,Cameroon,2722,00:48:29.985,Ball Receipt*,
,,,,,,,,,,,,,,,,,,,,,,,,,,,,e1b0186b-7b6f-4289-8858-01c9ae67619a,2593,,"[76.7, 78.1]",3920389,93,,,,,,,,,,,,,,,,,,,,,,,,2,From Goal Kick,Jean-Charles Castelletto,7426.0,Right Back,149,Cameroon,2722,['d6c2d33c-4c7e-4376-8e14-539da07ca0e7'],34,,,,,,,,,,,,,,,,,Cameroon,2722,00:48:34.844,Ball Receipt*,
,,,,,,,,,,,,,,,,,,,,,,,,,,,,5fadb8ab-4a15-4358-898c-5f452793c76e,2597,,"[86.7, 78.1]",3920389,93,,,,,,,,,,,,,,,,,,,,,,,,2,From Goal Kick,Junior Tchamadeu,62627.0,Right Midfield,149,Cameroon,2722,"['b0987029-47d7-4691-877c-05a9b34641d2', '1e712a81-576f-47b2-97dd-1e729d73182e']",36,,,,,,,,,,,,,,,,,Cameroon,2722,00:48:36.075,Ball Receipt*,True
,,,,,,,,,,,,,,,,,,,,,,,,,,,,386ab29c-2893-4dd2-8181-910a7b4a909f,2600,,"[81.8, 64.5]",3920389,93,,,,,,,,,,,,,,,,,,,,,,,,2,From Goal Kick,André-Frank Zambo Anguissa,3141.0,Left Defensive Midfield,149,Cameroon,2722,['f5dad234-55b2-4bc6-870f-bed27d1969ac'],38,,,,,,,,,,,,,,,,,Cameroon,2722,00:48:38.520,Ball Receipt*,
,,,,,,,,,,,,,,,,,,,,,,,,,,,,735e1a3a-c09b-4aa4-955d-d47b9523d40a,2604,,"[81.4, 27.1]",3920389,93,,,,,,,,,,,,,,,,,,,,,,,,2,From Goal Kick,Jules Olivier Ntcham,10530.0,Right Defensive Midfield,149,Cameroon,2722,"['5a6666a1-fa8b-4c94-8eac-05e2280dae3a', '4de49e69-6b40-45ec-bbac-a089ce7c07f8']",41,,,,,,,,,,,,,,,,,Cameroon,2722,00:48:41.652,Ball Receipt*,True
,Incomplete,,,,,,,,,,,,,,,,,,,,,,,,,,,d01db117-ac09-4a1a-9041-21e8d78c109b,2609,,"[110.7, 45.2]",3920389,94,,,,,,,,,,,,,,,,,,,,,,,,2,From Free Kick,Faris Pemi Moumbagna,34293.0,Left Center Forward,150,Cameroon,2722,['5cd597cc-ada3-453d-adbe-7a208eb009e4'],32,,,,,,,,,,,,,,,,,Cameroon,2722,00:49:32.116,Ball Receipt*,
,,,,,,,,,,,,,,,,,,,,,,,,,,,,71ea7960-e3fc-44bf-9833-ac8c6bdfb916,2617,,"[69.3, 28.2]",3920389,94,,,,,,,,,,,,,,,,,,,,,,,,2,From Free Kick,Jules Olivier Ntcham,10530.0,Right Defensive Midfield,150,Cameroon,2722,['0b1085d8-6b85-4ee0-96f4-81a618a8784e'],39,,,,,,,,,,,,,,,,,Cameroon,2722,00:49:39.806,Ball Receipt*,
,,,,,,,,,,,,,,,,,,,,,,,,,,,,8b2ba1b2-7a60-46d7-8c5b-82f1a6ddc86c,2620,,"[93.0, 11.5]",3920389,94,,,,,,,,,,,,,,,,,,,,,,,,2,From Free Kick,Darlin Zidane Yongwa Ngameni,32190.0,Left Back,150,Cameroon,2722,['f6b7a97f-f968-41bd-9856-d208c016da59'],43,,,,,,,,,,,,,,,,,Cameroon,2722,00:49:43.499,Ball Receipt*,
,,,,,,,,,,,,,,,,,,,,,,,,,,,,3f9a44b2-ae08-4b75-8fb2-a46a07e34a74,2628,,"[87.6, 6.6]",3920389,95,,,,,,,,,,,,,,,,,,,,,,,,2,From Throw In,Harold Moukoudi,7386.0,Left Center Back,151,Cameroon,2722,['1b028ddc-986e-465f-b00e-df4293dc0f54'],27,,,,,,,,,,,,,,,,,Cameroon,2722,00:50:27.069,Ball Receipt*,
,,,,,,,,,,,,,,,,,,,,,,,,,,,,308b7e4c-dc52-472f-b400-4368079d1469,2631,,"[80.5, 20.9]",3920389,95,,,,,,,,,,,,,,,,,,,,,,,,2,From Throw In,Jules Olivier Ntcham,10530.0,Right Defensive Midfield,151,Cameroon,2722,['c735f17e-0582-43d8-b47d-e58f50cf2096'],29,,,,,,,,,,,,,,,,,Cameroon,2722,00:50:29.373,Ball Receipt*,
,,,,,,,,,,,,,,,,,,,,,,,,,,,,3c6f73a7-d226-466f-9d8e-55d828743e4a,2635,,"[75.1, 56.9]",3920389,95,,,,,,,,,,,,,,,,,,,,,,,,2,From Throw In,Oumar Gonzalez,28444.0,Right Center Back,151,Cameroon,2722,['b9c140f5-86c3-47eb-84c7-a9163bd3fb86'],32,,,,,,,,,,,,,,,,,Cameroon,2722,00:50:32.145,Ball Receipt*,
,,,,,,,,,,,,,,,,,,,,,,,,,,,,bf315ab6-e3d1-43bd-a8c7-44ab9f938ad9,2638,,"[81.5, 32.9]",3920389,95,,,,,,,,,,,,,,,,,,,,,,,,2,From Throw In,Jules Olivier Ntcham,10530.0,Right Defensive Midfield,151,Cameroon,2722,['d7ae66b2-37e9-4768-ba32-6a18868b36a3'],35,,,,,,,,,,,,,,,,,Cameroon,2722,00:50:35.904,Ball Receipt*,
,,,,,,,,,,,,,,,,,,,,,,,,,,,,ee3a911b-a96e-4375-a501-d7558e0eb639,2642,,"[93.0, 14.3]",3920389,95,,,,,,,,,,,,,,,,,,,,,,,,2,From Throw In,Georges-Kévin Nkoudou Mbida,3639.0,Left Midfield,151,Cameroon,2722,"['3c60dd54-1364-4dcb-8a15-64cda7a6734f', '122fb06d-202c-4efc-b818-ec937acab315']",38,,,,,,,,,,,,,,,,,Cameroon,2722,00:50:38.567,Ball Receipt*,True
,,,,,,,,,,,,,,,,,,,,,,,,,,,,6f4cc3ff-c4c0-4289-b6e6-1305612923c6,2645,,"[105.5, 37.7]",3920389,95,,,,,,,,,,,,,,,,,,,,,,,,2,From Throw In,André-Frank Zambo Anguissa,3141.0,Left Defensive Midfield,151,Cameroon,2722,['a10de01e-fdd2-46a5-b77d-e1d7bf5db4af'],40,,,,,,,,,,,,,,,,,Cameroon,2722,00:50:40.408,Ball Receipt*,
,Incomplete,,,,,,,,,,,,,,,,,,,,,,,,,,,f18d74e8-5614-46d9-80bf-c060ac20c894,2648,,"[116.7, 45.0]",3920389,95,,,,,,,,,,,,,,,,,,,,,,,,2,From Throw In,Faris Pemi Moumbagna,34293.0,Left Center Forward,151,Cameroon,2722,['860aeba4-4c80-4085-80ba-cf8966e12b17'],41,,,,,,,,,,,,,,,,,Cameroon,2722,00:50:41.652,Ball Receipt*,
,Incomplete,,,,,,,,,,,,,,,,,,,,,,,,,,,785468b8-907b-4028-aa6e-a040f7073a3b,2654,,"[58.9, 15.0]",3920389,95,,,,,,,,,,,,,,,,,,,,,,,,2,From Throw In,Facinet Conte,406457.0,Left Midfield,151,Cameroon,2722,['ec991e34-fcb6-4ac7-ae59-210546bae3ad'],48,,,,,,,,,,,,,,,,,Guinea,4892,00:50:48.793,Ball Receipt*,
,Incomplete,,,,,,,,,,,,,,,,,,,,,,,,,,,01fcdc47-2ac3-4b06-aecd-686875d79325,2657,,"[94.3, 3.4]",3920389,96,,,,,,,,,,,,,,,,,,,,,,,,2,From Throw In,Facinet Conte,406457.0,Left Midfield,152,Guinea,4892,['82485658-8f19-4a17-98e1-a4e1dd44a766'],21,,,,,,,,,,,,,,,,,Guinea,4892,00:51:21.487,Ball Receipt*,
,,,,,"[49.6, 34.6]",,,,,,,,,,,,1.056869,,,,,,,,,,,5bbda491-fe6a-48a0-abe4-d1f3c3127e0c,7,,"[49.1, 34.5]",3920389,0,,,,,,,,,,,,,,,,,,,,,,,,1,From Kick Off,Olivier Michel Kemen,7355.0,Center Defensive Midfield,2,Cameroon,2722,"['4ca27709-d3b2-4314-82a1-f00a1d74d29e', 'ddc1639f-4523-4b8f-8ce6-84b7ce15f280']",1,,,,,,,,,,,,,,,,,Cameroon,2722,00:00:01.251,Carry,
,,,,,"[43.0, 9.6]",,,,,,,,,,,,1.840058,,,,,,,,,,,9f76a435-fee8-4a23-8770-e2ca80876cc2,10,,"[39.3, 8.6]",3920389,0,,,,,,,,,,,,,,,,,,,,,,,,1,From Kick Off,Darlin Zidane Yongwa Ngameni,32190.0,Left Back,2,Cameroon,2722,"['f4ae6a3f-31cc-49db-ba84-b36965b9d7fc', '92057807-8c46-47c8-ac57-bdd43239ad56']",3,,,,,,,,,,,,,,,,,Cameroon,2722,00:00:03.815,Carry,
,,,,,"[25.4, 19.3]",,,,,,,,,,,,1.080034,,,,,,,,,,,a964fa42-a447-4387-ba46-eb465d3b0364,13,,"[29.0, 17.8]",3920389,0,,,,,,,,,,,,,,,,,,,,,,,,1,From Kick Off,Harold Moukoudi,7386.0,Left Center Back,2,Cameroon,2722,"['68a17643-d11a-4bfe-997d-f48b800a55fa', 'a849ae35-8d83-4e04-8150-ca90251a1bfb']",6,,,,,,,,,,,,,,,,,Cameroon,2722,00:00:06.834,Carry,
,,,,,"[37.4, 59.8]",,,,,,,,,,,,2.402035,,,,,,,,,,,1132372d-f1c6-45df-9e7d-b3ff025021ae,16,,"[31.2, 53.3]",3920389,0,,,,,,,,,,,,,,,,,,,,,,,,1,From Kick Off,Christopher Wooh,74588.0,Right Center Back,2,Cameroon,2722,"['f4ddd6f2-cf5d-46f9-99ab-1771c6ec6ed9', 'f6aedeea-7f22-41c8-a5b9-946ad9006dcc']",9,,,,,,,,,,,,,,,,,Cameroon,2722,00:00:09.462,Carry,
,,,,,"[44.4, 28.5]",,,,,,,,,,,,3.796295,,,,,,,,,,,e1ea0f07-7cfa-40f4-9586-b4c9c70d6491,19,,"[38.8, 29.9]",3920389,0,,,,,,,,,,,,,,,,,,,,,,,,1,From Kick Off,Harold Moukoudi,7386.0,Left Center Back,2,Cameroon,2722,"['b81a414b-7927-4bc7-b061-feb0ec8d588a', '9d6bdf3d-128d-4f12-a91f-1248745e1cc1']",13,,,,,,,,,,,,,,,,,Cameroon,2722,00:00:13.417,Carry,
,,,,,"[43.5, 58.8]",,,,,,,,,,,,0.782644,,,,,,,,,,,eafbc5b7-6900-4c7e-95f6-49ade5df41f2,22,,"[42.0, 57.7]",3920389,0,,,,,,,,,,,,,,,,,,,,,,,,1,From Kick Off,Christopher Wooh,74588.0,Right Center Back,2,Cameroon,2722,"['b41f526e-dddc-4efe-ab60-3d0a61c4282c', 'db570c27-73e9-417e-8ba9-472f7dcb830b']",18,,,,,,,,,,,,,,,,,Cameroon,2722,00:00:18.862,Carry,
,,,,,"[52.7, 72.8]",,,,,,,,,,,,1.154365,,,,,,,,,,,01911bc6-2585-4111-9465-54c374cbf052,25,,"[52.7, 72.8]",3920389,0,,,,,,,,,,,,,,,,,,,,,,,,1,From Kick Off,Jean-Charles Castelletto,7426.0,Right Back,2,Cameroon,2722,"['07d4fcf4-b91f-48f6-94ef-3bf45e745cf9', '55279247-a4c6-40a4-9e56-cf9e9cc8acf2']",21,,,,,,,,,,,,,,,,,Cameroon,2722,00:00:21.133,Carry,
,,,,,"[38.3, 57.7]",,,,,,,,,,,,1.357722,,,,,,,,,,,6c97d1b6-9940-4799-8509-58875d4c16fb,28,,"[36.2, 63.5]",3920389,0,,,,,,,,,,,,,,,,,,,,,,,,1,From Kick Off,Christopher Wooh,74588.0,Right Center Back,2,Cameroon,2722,"['8e7bd8d3-1cbd-477f-9e72-93fa0b99fd37', '1490ed3d-46db-482f-b8c1-456503ffa1c8']",23,,,,,,,,,,,,,,,,,Cameroon,2722,00:00:23.945,Carry,
,,,,,"[45.7, 22.7]",,,,,,,,,,,,1.146148,,,,,,,,,,,19177b98-7b12-46f9-bebb-7926ddca7637,31,,"[45.4, 25.8]",3920389,0,,,,,,,,,,,,,,,,,,,,,,,,1,From Kick Off,Harold Moukoudi,7386.0,Left Center Back,2,Cameroon,2722,"['e8891d38-e62a-4759-b157-62a9f28fbf99', 'a67ebfb5-c6c9-4804-88e0-cb4c60630042']",27,,,,,,,,,,,,,,,,,Cameroon,2722,00:00:27.243,Carry,
,,,,,"[63.6, 3.8]",,,,,,,,,,,,2.749405,,,,,,,,,,,ceda539a-5e72-43b7-93b7-9f45de71d4fd,34,,"[63.1, 3.2]",3920389,0,,,,,,,,,,,,,,,,,,,,,,,,1,From Kick Off,Georges-Kévin Nkoudou Mbida,3639.0,Left Wing,2,Cameroon,2722,"['dbd90819-7fd6-45cb-8f11-8f3ed113b3f1', '19a7f2d2-5798-440c-9b2a-f3ec65cf8c09', 'bb3ef85a-e870-4e25-a6f7-81c9b2935f11']",29,,,,,,,,,,,,,,,,,Cameroon,2722,00:00:29.767,Carry,True
,,,,,"[44.4, 16.6]",,,,,,,,,,,,1.215816,,,,,,,,,,,c4eeddbf-88eb-410a-ac0a-a414066d8837,38,,"[44.7, 13.5]",3920389,0,,,,,,,,,,,,,,,,,,,,,,,,1,From Kick Off,Harold Moukoudi,7386.0,Left Center Back,2,Cameroon,2722,"['fe715752-7873-4f6a-8cc4-caf38b8d34a4', '534135e6-5ba8-478c-97d1-79487150facc']",34,,,,,,,,,,,,,,,,,Cameroon,2722,00:00:34.781,Carry,
,,,,,"[44.4, 53.6]",,,,,,,,,,,,2.098795,,,,,,,,,,,68b60b2f-7dd9-45a5-b8ec-e444c35da3a2,41,,"[43.5, 51.2]",3920389,0,,,,,,,,,,,,,,,,,,,,,,,,1,From Kick Off,Christopher Wooh,74588.0,Right Center Back,2,Cameroon,2722,"['8182ab6f-0f6c-440f-a671-09453a76c6bc', '65c097ec-eac6-41ae-8472-dc39887a6d7d']",38,,,,,,,,,,,,,,,,,Cameroon,2722,00:00:38.147,Carry,
,,,,,"[45.9, 24.9]",,,,,,,,,,,,0.69612,,,,,,,,,,,59418fa7-ac22-4edf-960b-dd35efda7e40,44,,"[44.4, 27.0]",3920389,0,,,,,,,,,,,,,,,,,,,,,,,,1,From Kick Off,Harold Moukoudi,7386.0,Left Center Back,2,Cameroon,2722,"['130bd970-7916-4bef-ac79-1798e3fba88a', 'c0203d17-b963-4053-8103-95950b211eef', 'b11c6154-1765-409b-a5db-e880d6c20b41']",41,,,,,,,,,,,,,,,,,Cameroon,2722,00:00:41.971,Carry,True
,,,,,"[52.1, 3.3]",,,,,,,,,,,,0.997279,,,,,,,,,,,9c91075c-41db-4996-bfbc-70e0cb8c99c4,48,,"[52.9, 2.3]",3920389,0,,,,,,,,,,,,,,,,,,,,,,,,1,From Kick Off,Darlin Zidane Yongwa Ngameni,32190.0,Left Back,2,Cameroon,2722,"['26ebd2e1-7575-450e-a6c3-9d6c155075b5', 'fac1329b-4ecd-4777-9cbc-ab9f1bf17f35']",43,,,,,,,,,,,,,,,,,Cameroon,2722,00:00:43.937,Carry,
,,,,,"[3.9, 68.7]",,,,,,,,,,,,0.327171,,,,,,,,,,,4f4a55fd-141d-4e24-8710-077e268f42ee,53,,"[4.2, 69.2]",3920389,0,,,,,,,,,,,,,,,,,,,,,,,,1,Regular Play,Mouctar Diakhaby,4267.0,Right Center Back,3,Guinea,4892,"['f6bcddbe-f8c6-4ff7-9a35-dcbcc1cc0f9b', 'c54a4d55-7b3c-4d4f-8980-b4a9a2826883', '8fa5ede0-396e-4d36-8f8b-fe428eb51c7f']",49,,,,,,,,,,,,,,,,,Guinea,4892,00:00:49.515,Carry,True
,,,,,"[36.2, 7.8]",,,,,,,,,,,,0.708699,,,,,,,,,,,52fdd52b-cde3-427d-a428-9d5a3bc4b729,73,,"[29.2, 8.9]",3920389,2,,,,,,,,,,,,,,,,,,,,,,,,1,From Throw In,Olivier Michel Kemen,7355.0,Center Defensive Midfield,7,Guinea,4892,"['051ee308-b5c7-4160-b95b-5393b6de967a', '294637f5-3237-47f2-812f-cb1d4ce333eb', '7a874820-6b8d-4454-bbb1-2dc6a5e91e20']",1,,,,,,,,,,,,,,,,,Cameroon,2722,00:02:01.314,Carry,True
,,,,,"[83.9, 68.7]",,,,,,,,,,,,3.426059,,,,,,,,,,,a25ab421-4453-4e4d-845d-6bc952f8d9e1,79,,"[82.7, 68.7]",3920389,2,,,,,,,,,,,,,,,,,,,,,,,,1,From Throw In,Moriba Kourouma Kourouma,39073.0,Left Defensive Midfield,7,Guinea,4892,"['320ce0ce-82ca-4207-9d5f-3f289651608c', 'df0ec6ca-2e02-4102-9707-930680cf4984', '34232dd2-9243-4e70-b015-abf6a58f057b']",2,,,,,,,,,,,,,,,,,Guinea,4892,00:02:02.994,Carry,True
,,,,,"[96.9, 72.4]",,,,,,,,,,,,3.511907,,,,,,,,,,,7b16d325-6108-427a-84a5-d4bdfb871493,85,,"[89.7, 70.8]",3920389,2,,,,,,,,,,,,,,,,,,,,,,,,1,From Throw In,Aguibou Camara,39559.0,Center Attacking Midfield,7,Guinea,4892,"['6270da0b-f5bc-454b-8b5a-3e33adecc36e', '2cc70ec0-b613-4544-87a8-9898408e2e47', '4c48bd11-9711-4b2a-a147-24ae3a53c8cb']",7,,,,,,,,,,,,,,,,,Guinea,4892,00:02:07.533,Carry,True
,,,,,"[22.0, 13.9]",,,,,,,,,,,,1.592069,,,,,,,,,,,c6254312-869b-48c9-b5a9-112d6a3bcd26,91,,"[15.0, 11.4]",3920389,2,,,,,,,,,,,,,,,,,,,,,,,,1,From Throw In,Darlin Zidane Yongwa Ngameni,32190.0,Left Back,7,Guinea,4892,"['828f5def-76ee-4d04-bac7-81dc451654f6', 'e54f8801-24d8-4451-9b2b-324481904ea1']",12,,,,,,,,,,,,,,,,,Cameroon,2722,00:02:12.018,Carry,
,,,,,"[49.7, 31.0]",,,,,,,,,,,,1.450056,,,,,,,,,,,99f30b88-da19-4a59-9349-d444f0557f20,107,,"[52.3, 31.2]",3920389,2,,,,,,,,,,,,,,,,,,,,,,,,1,From Throw In,Sekou Oumar Sylla,132711.0,Left Back,9,Guinea,4892,"['1367c9aa-e00a-40af-86b6-8f138ea5b487', '637b0221-9584-45d4-8872-3aefca80b76c']",37,,,,,,,,,,,,,,,,,Guinea,4892,00:02:37.344,Carry,
,,,,,"[21.1, 39.7]",,,,,,,,,,,,0.584325,,,,,,,,,,,cba05b6d-7df7-4591-9754-9c95cf961664,110,,"[16.0, 39.7]",3920389,2,,,,,,,,,,,,,,,,,,,,,,,,1,From Throw In,Ibrahim Kone,182573.0,Goalkeeper,9,Guinea,4892,"['d7d27f97-42ca-4041-b857-d3430672e11e', '6168f007-456e-48bd-ba3e-89e40332f704', 'b4a9c1f3-59f4-4232-a988-e34703ceb61f']",41,,,,,,,,,,,,,,,,,Guinea,4892,00:02:41.757,Carry,True
,,,,,"[2.2, 57.9]",,,,,,,,,,,,2.005277,,,,,,,,,,,11ba9a42-59c7-4876-8a48-f3d7d21567d7,115,,"[21.0, 55.6]",3920389,2,,,,,,,,,,,,,,,,,,,,,,,,1,From Throw In,Jean-Charles Castelletto,7426.0,Right Back,9,Guinea,4892,"['921a4028-aa7e-4a09-a2b0-28b095d1ec86', '169d47cf-5ba6-4b22-aa16-917fcbe994f8', 'd22626e5-4f55-40a2-96ae-e6348c8e755f']",47,,,,,,,,,,,,,,,,,Cameroon,2722,00:02:47.551,Carry,True
,,,,,"[103.3, 7.4]",,,,,,,,,,,,0.645494,,,,,,,,,,,b11f24d8-be4b-434c-ac72-4abb26fd0529,128,,"[103.3, 6.6]",3920389,3,,,,,,,,,,,,,,,,,,,,,,,,1,From Throw In,Moriba Kourouma Kourouma,39073.0,Left Defensive Midfield,11,Guinea,4892,"['14424e46-bf89-4739-86b7-c6238400520e', 'c2fd03ea-cfc8-48e4-9053-33e8e422a10d', 'aaf5ac5e-51f8-4de7-818d-5836af4f08dc']",19,,,,,,,,,,,,,,,,,Guinea,4892,00:03:19.778,Carry,True
,,,,,"[111.5, 5.5]",,,,,,,,,,,,0.148206,,,,,,,,,,,e00a8760-9ec4-4f21-80fc-0ad92168a7b6,132,,"[111.5, 5.5]",3920389,3,,,,,,,,,,,,,,,,,,,,,,,,1,From Throw In,Sekou Oumar Sylla,132711.0,Left Back,11,Guinea,4892,"['477bab79-0707-4027-a6fc-0e9282bfa095', '2e438ee5-8bdc-4706-8faa-a3db03824ae2']",22,,,,,,,,,,,,,,,,,Guinea,4892,00:03:22.064,Carry,
,,,,,"[24.8, 56.6]",,,,,,,,,,,,0.600852,,,,,,,,,,,06b6523d-f6d0-481a-a5ad-6b4b29bdf037,142,,"[25.3, 61.0]",3920389,3,,,,,,,,,,,,,,,,,,,,,,,,1,From Free Kick,Christopher Wooh,74588.0,Right Center Back,12,Cameroon,2722,"['b9ced398-683b-4b55-866d-30fb2629ed80', 'de0b3a1e-b433-4f55-a88c-3596218cdef3']",54,,,,,,,,,,,,,,,,,Cameroon,2722,00:03:54.195,Carry,
,,,,,"[30.2, 22.9]",,,,,,,,,,,,1.081587,,,,,,,,,,,6f70e387-f075-48bc-8ce2-d147d7a3f4c0,145,,"[27.3, 30.4]",3920389,3,,,,,,,,,,,,,,,,,,,,,,,,1,From Free Kick,Harold Moukoudi,7386.0,Left Center Back,12,Cameroon,2722,"['d12f6696-66fc-4038-8e6a-fe72d43d3972', '27c15888-2969-477e-89a9-097be01d7d94']",56,,,,,,,,,,,,,,,,,Cameroon,2722,00:03:56.535,Carry,
,,,,,"[33.2, 7.7]",,,,,,,,,,,,1.85831,,,,,,,,,,,8fed26ab-d749-43d3-a386-663adae99f91,148,,"[39.9, 8.5]",3920389,3,,,,,,,,,,,,,,,,,,,,,,,,1,From Free Kick,Darlin Zidane Yongwa Ngameni,32190.0,Left Back,12,Cameroon,2722,"['dbb1817a-93c9-4776-b044-38b6e9671d4c', 'daf79a89-53d5-4968-a66b-3e9b9a6ea45a', '404b2515-bb8a-4f53-bb30-4264fb1dd277']",58,,,,,,,,,,,,,,,,,Cameroon,2722,00:03:58.958,Carry,True
,,,,,"[12.2, 21.0]",,,,,,,,,,,,0.633605,,,,,,,,,,,89da865e-2875-4ebb-ac01-4eef01697a04,152,,"[13.8, 20.4]",3920389,4,,,,,,,,,,,,,,,,,,,,,,,,1,From Free Kick,Harold Moukoudi,7386.0,Left Center Back,12,Cameroon,2722,"['ecc1103e-68d7-4151-9040-93bfbcc19ef3', '95eb2e63-4254-461d-9ac0-7fff96622b7d']",3,,,,,,,,,,,,,,,,,Cameroon,2722,00:04:03.061,Carry,
,,,,,"[9.7, 39.0]",,,,,,,,,,,,6.893856,,,,,,,,,,,e32cebe4-49ba-4372-83c6-0667320f8940,155,,"[6.2, 38.0]",3920389,4,,,,,,,,,,,,,,,,,,,,,,,,1,From Free Kick,Joseph Fabrice Ondoa Ebogo,24670.0,Goalkeeper,12,Cameroon,2722,"['554ffa2a-28de-4d98-b83c-9ae17179ae17', '9f4cde09-2c8d-4929-aca5-db030b87f529']",5,,,,,,,,,,,,,,,,,Cameroon,2722,00:04:05.295,Carry,
,,,,,"[14.8, 7.0]",,,,,,,,,,,,2.83735,,,,,,,,,,,5982c431-4e69-4843-92c6-cfb58efa0865,158,,"[12.6, 16.4]",3920389,4,,,,,,,,,,,,,,,,,,,,,,,,1,From Free Kick,Harold Moukoudi,7386.0,Left Center Back,12,Cameroon,2722,"['e0f592d5-707d-4eff-b620-8b2f8072f796', '0a767f14-24fa-4ada-bd84-6f88acc12aa3']",13,,,,,,,,,,,,,,,,,Cameroon,2722,00:04:13.824,Carry,
,,,,,"[50.4, 7.5]",,,,,,,,,,,,0.99856,,,,,,,,,,,d147bf99-801d-44b3-b974-8fafe9a1ccc4,161,,"[52.7, 7.0]",3920389,4,,,,,,,,,,,,,,,,,,,,,,,,1,From Free Kick,Georges-Kévin Nkoudou Mbida,3639.0,Left Wing,12,Cameroon,2722,"['fb688172-554b-4416-83a4-decef4649531', '013f569c-c1ab-48d9-8068-046ef65022af', '73439fea-51db-4d7e-8a1d-a09bf7a42cdd']",19,,,,,,,,,,,,,,,,,Cameroon,2722,00:04:19.421,Carry,True
,,,,,"[50.3, 68.7]",,,,,,,,,,,,3.116478,,,,,,,,,,,903efa78-3e35-4a5f-ba74-2967fd1e9ccd,169,,"[41.3, 68.3]",3920389,4,,,,,,,,,,,,,,,,,,,,,,,,1,From Free Kick,Christopher Wooh,74588.0,Right Center Back,13,Cameroon,2722,"['4be9dbf1-a28b-4638-bd5a-6f240e6894ed', '735e095e-f770-478e-8020-ee9cab0a8929']",46,,,,,,,,,,,,,,,,,Cameroon,2722,00:04:46.028,Carry,
,,,,,"[44.9, 52.3]",,,,,,,,,,,,1.674912,,,,,,,,,,,a9202fcc-3e4a-4bac-a56e-0c439ffb6569,172,,"[42.8, 57.3]",3920389,4,,,,,,,,,,,,,,,,,,,,,,,,1,From Free Kick,Olivier Michel Kemen,7355.0,Center Defensive Midfield,13,Cameroon,2722,"['bbbb29c3-5b35-43bd-8457-3b1231066155', '870ffbbd-9fd9-4b11-86e6-693e579bab2c']",50,,,,,,,,,,,,,,,,,Cameroon,2722,00:04:50.201,Carry,
,,,,,"[52.4, 6.7]",,,,,,,,,,,,1.329733,,,,,,,,,,,9e89b98b-57ee-4a52-a4f8-d971a16f7759,175,,"[50.9, 10.2]",3920389,4,,,,,,,,,,,,,,,,,,,,,,,,1,From Free Kick,Darlin Zidane Yongwa Ngameni,32190.0,Left Back,13,Cameroon,2722,"['1100d7be-318d-46ce-a0d1-bb5d25bf617b', '230a0244-4c1f-420b-90e7-8180041bd298']",53,,,,,,,,,,,,,,,,,Cameroon,2722,00:04:53.833,Carry,
,,,,,"[70.0, 2.0]",,,,,,,,,,,,0.388337,,,,,,,,,,,806c1e92-c843-482f-ac9f-98e04bd5a573,178,,"[69.4, 1.0]",3920389,4,,,,,,,,,,,,,,,,,,,,,,,,1,From Free Kick,Georges-Kévin Nkoudou Mbida,3639.0,Left Wing,13,Cameroon,2722,"['00bd4de7-c2ab-4ea1-b0bf-103c561a8bde', '6200fe07-7a40-4c2b-a9f6-db8d503407f6']",56,,,,,,,,,,,,,,,,,Cameroon,2722,00:04:56.502,Carry,
,,,,,"[67.2, 40.9]",,,,,,,,,,,,2.303066,,,,,,,,,,,40e8a705-b674-4c42-87e5-9e935e96456c,202,,"[50.7, 29.7]",3920389,7,,,,,,,,,,,,,,,,,,,,,,,,1,From Goal Kick,Jules Olivier Ntcham,10530.0,Right Center Midfield,17,Cameroon,2722,"['45733d67-8f69-43f5-91a6-c36914b3d0bc', '1d383040-0e7c-46ca-8e3e-5272370ee6d5', '2079fc22-234f-4bfe-a4d0-e04909b994f0']",13,,,,,,,,,,,,,,,,,Cameroon,2722,00:07:13.438,Carry,True
,,,,,"[93.4, 66.3]",,,,,,,,,,,,1.597566,,,,,,,,,,,1e57c625-ec43-4d1d-a206-f9868a2e9b07,206,,"[89.3, 66.0]",3920389,7,,,,,,,,,,,,,,,,,,,,,,,,1,From Goal Kick,Frank Magri,189348.0,Right Wing,17,Cameroon,2722,"['74614f3a-275a-4b0c-8ea2-f4bc1576eeae', '925bfa93-3cb6-4ba0-8f83-fd177120d114']",17,,,,,,,,,,,,,,,,,Cameroon,2722,00:07:17.874,Carry,
,,,,,"[14.2, 35.4]",,,,,,,,,,,,20.179325,,,,,,,,,,,0d0da209-2e20-4977-95de-4062d506a1ac,211,,"[4.1, 38.3]",3920389,7,,,,,,,,,,,,,,,,,,,,,,,,1,Regular Play,Ibrahim Kone,182573.0,Goalkeeper,18,Guinea,4892,"['05e9afd4-8eae-4c00-9f22-482ea1032366', 'f985f49a-02b4-4300-a483-b935e0d29886']",20,,,,,,,,,,,,,,,,,Guinea,4892,00:07:20.951,Carry,
,,,,,"[71.2, 69.9]",,,,,,,,,,,,0.059698,,,,,,,,,,,a8f97b1e-8aa8-4483-822d-d54253e4a00c,217,,"[69.7, 69.7]",3920389,7,,,,,,,,,,,,,,,,,,,,,,,,1,Regular Play,Aguibou Camara,39559.0,Center Attacking Midfield,18,Guinea,4892,"['8caa752c-95b7-46d3-9a41-dce80bbe3af0', 'a842fe55-5230-43e7-b514-da153a3a5cb4', '09a657b5-38e4-45d6-ada8-194586f89421']",45,,,,,,,,,,,,,,,,,Guinea,4892,00:07:45.387,Carry,True
,,,,,"[80.7, 60.9]",,,,,,,,,,,,1.916479,,,,,,,,,,,98cfc15e-3723-4157-8df6-86119a2b8b24,220,,"[67.4, 73.1]",3920389,7,,,,,,,,,,,,,,,,,,,,,,,,1,Regular Play,Morgan Guilavogui,47351.0,Right Wing,18,Guinea,4892,"['0e1addda-02f7-45d4-8999-6bba221c3943', '9eac494e-380c-4fe0-93d3-a2c45db8f011']",46,,,,,,,,,,,,,,,,,Guinea,4892,00:07:46.303,Carry,
,,,,,"[77.3, 43.9]",,,,,,,,,,,,0.78654,,,,,,,,,,,e800fee1-f66f-49ef-bb37-724fbcd8cd19,223,,"[73.7, 43.9]",3920389,7,,,,,,,,,,,,,,,,,,,,,,,,1,Regular Play,Mory Konaté,35285.0,Right Defensive Midfield,18,Guinea,4892,"['bed40d4a-f017-46ee-8d75-18ae95d42759', 'bbea3905-90b8-4315-92a2-5fc396d81f97']",50,,,,,,,,,,,,,,,,,Guinea,4892,00:07:50.296,Carry,
,,,,,"[83.0, 25.9]",,,,,,,,,,,,0.723169,,,,,,,,,,,f272a8a1-d8f1-4a8c-8d62-b41535bda2c9,226,,"[83.2, 22.9]",3920389,7,,,,,,,,,,,,,,,,,,,,,,,,1,Regular Play,Sekou Oumar Sylla,132711.0,Left Back,18,Guinea,4892,"['34681c6e-b40b-44ad-9f0d-957795a2a861', '714078c5-eb42-47da-88b6-77bdbb0f74a1']",52,,,,,,,,,,,,,,,,,Guinea,4892,00:07:52.201,Carry,
,,,,,"[118.6, 7.6]",,,,,,,,,,,,4.145514,,,,,,,,,,,431087e6-441e-42bb-a480-b4932b36455d,229,,"[92.3, 5.5]",3920389,7,,,,,,,,,,,,,,,,,,,,,,,,1,Regular Play,François Kamano,3405.0,Left Wing,18,Guinea,4892,"['af5bb084-62b2-4aa8-b784-704fcd4f5e56', '0d8ce2d0-ea29-4d3e-8b38-bfcb0a39fbf4']",54,,,,,,,,,,,,,,,,,Guinea,4892,00:07:54.571,Carry,
,,,,,"[10.7, 32.2]",,,,,,,,,,,,10.871402,,,,,,,,,,,a51ede0a-d0ad-4b76-b660-c171070da7e0,233,,"[2.3, 44.7]",3920389,8,,,,,,,,,,,,,,,,,,,,,,,,1,Regular Play,Joseph Fabrice Ondoa Ebogo,24670.0,Goalkeeper,19,Cameroon,2722,"['54a64925-787d-4632-933a-8e57c06cb979', 'd89c3580-a351-43c0-8a93-d7a0882ca3b5']",0,,,,,,,,,,,,,,,,,Cameroon,2722,00:08:00.533,Carry,
,,,,,"[14.8, 32.2]",,,,,,,,,,,,2.190374,,,,,,,,,,,8869517e-37c7-43a9-8552-727b8a34b514,236,,"[13.1, 24.0]",3920389,8,,,,,,,,,,,,,,,,,,,,,,,,1,Regular Play,Harold Moukoudi,7386.0,Left Center Back,19,Cameroon,2722,"['d82e4690-ab2f-472e-a1af-ee22c3bceaba', '9e70a122-147c-4f58-aefa-a9a0c484d727']",13,,,,,,,,,,,,,,,,,Cameroon,2722,00:08:13.100,Carry,
,,,,,"[15.8, 54.5]",,,,,,,,,,,,2.148212,,,,,,,,,,,b35b6f54-ed07-4d6e-90e6-0a4ed657e8ba,239,,"[13.3, 54.2]",3920389,8,,,,,,,,,,,,,,,,,,,,,,,,1,Regular Play,Christopher Wooh,74588.0,Right Center Back,19,Cameroon,2722,"['95678085-96aa-46c5-a18e-686bb9e73ffc', '1e9de0bc-1623-4a6f-92fc-2042085ad7e6']",16,,,,,,,,,,,,,,,,,Cameroon,2722,00:08:16.638,Carry,
,,,,,"[18.1, 30.4]",,,,,,,,,,,,1.931658,,,,,,,,,,,6507183a-46a3-4f18-b17f-0ef3ee25394a,242,,"[14.3, 30.7]",3920389,8,,,,,,,,,,,,,,,,,,,,,,,,1,Regular Play,Harold Moukoudi,7386.0,Left Center Back,19,Cameroon,2722,"['9773874e-4753-4070-9214-64f7b4e109a9', 'b246c674-5189-449a-9a28-051f86069965']",20,,,,,,,,,,,,,,,,,Cameroon,2722,00:08:20.401,Carry,
,,,,,"[26.9, 15.0]",,,,,,,,,,,,1.899354,,,,,,,,,,,07d3d95c-474b-494a-9174-d7e337a31f6a,245,,"[27.6, 13.2]",3920389,8,,,,,,,,,,,,,,,,,,,,,,,,1,Regular Play,André-Frank Zambo Anguissa,3141.0,Left Center Midfield,19,Cameroon,2722,"['c7991ffa-8d91-4b0f-b747-dcf68838e23b', 'a474c33a-b46c-4940-ba75-0d556a95d563']",24,,,,,,,,,,,,,,,,,Cameroon,2722,00:08:24.953,Carry,
,,,,,"[30.2, 32.2]",,,,,,,,,,,,4.474998,,,,,,,,,,,65b81fbf-23c3-4967-b694-3bd059bf9bf7,248,,"[19.7, 28.6]",3920389,8,,,,,,,,,,,,,,,,,,,,,,,,1,Regular Play,Harold Moukoudi,7386.0,Left Center Back,19,Cameroon,2722,"['1384ce45-7ecf-4df0-8438-ed7cd7bfb25e', 'db6e91f2-8c22-4801-aa45-12f86a19e460']",28,,,,,,,,,,,,,,,,,Cameroon,2722,00:08:28.443,Carry,
,,,,,"[60.8, 63.3]",,,,,,,,,,,,3.047478,,,,,,,,,,,f98a187f-b235-4482-a079-7e12802e425c,251,,"[37.1, 54.2]",3920389,8,,,,,,,,,,,,,,,,,,,,,,,,1,Regular Play,Christopher Wooh,74588.0,Right Center Back,19,Cameroon,2722,"['b1257418-06c3-49f3-bce4-f9e131adf960', 'e3e207ee-a5fb-4a83-ae14-43691cf953bc']",35,,,,,,,,,,,,,,,,,Cameroon,2722,00:08:35.300,Carry,
,,,,,"[72.3, 62.3]",,,,,,,,,,,,0.058999,,,,,,,,,,,b3339129-f8e2-4b08-8c72-a2c321887ff9,254,,"[72.3, 62.3]",3920389,8,,,,,,,,,,,,,,,,,,,,,,,,1,Regular Play,Frank Magri,189348.0,Right Wing,19,Cameroon,2722,"['a09ee1b1-69a3-441c-ad76-51df520c9e9a', '7c5ac973-1737-4f29-bc3b-68e1b1d8856b']",39,,,,,,,,,,,,,,,,,Cameroon,2722,00:08:39.071,Carry,
,,,,,"[49.4, 10.5]",,,,,,,,,,,,0.735545,,,,,,,,,,,e796c73a-0c26-4224-ae76-dc3d281d94ab,262,,"[48.7, 11.8]",3920389,8,,,,,,,,,,,,,,,,,,,,,,,,1,Regular Play,Sekou Oumar Sylla,132711.0,Left Back,19,Cameroon,2722,"['33580f7a-ba52-4098-aae9-68584a732be7', '346dc874-3bd5-44e2-b265-bfd22cfb40be']",41,,,,,,,,,,,,,,,,,Guinea,4892,00:08:41.378,Carry,
,,,,,"[88.4, 9.1]",,,,,,,,,,,,3.068069,,,,,,,,,,,cfc91d7d-cd02-4c39-b65a-43abd81cf986,265,,"[65.4, 8.0]",3920389,8,,,,,,,,,,,,,,,,,,,,,,,,1,Regular Play,François Kamano,3405.0,Left Wing,19,Cameroon,2722,"['8060dd7b-8df7-42c7-85cd-e697061b83b9', '20882ee6-3364-4f09-8668-13842b091644', 'cb3f35c2-028f-4c70-b6e3-c570f1aeda97']",43,,,,,,,,,,,,,,,,,Guinea,4892,00:08:43.497,Carry,True
,,,,,"[22.2, 65.3]",,,,,,,,,,,,2.76267,,,,,,,,,,,51c46494-4986-40c0-8959-67805028d1aa,270,,"[21.6, 63.0]",3920389,8,,,,,,,,,,,,,,,,,,,,,,,,1,Regular Play,Christopher Wooh,74588.0,Right Center Back,19,Cameroon,2722,"['300585e3-7278-40c7-8061-1dec43d9537a', '2d724ec4-2a92-45fb-86fe-a95adc164fbb', '5e1b457f-0c02-4b5e-bdd3-a806d6c73246']",48,,,,,,,,,,,,,,,,,Cameroon,2722,00:08:48.583,Carry,True
,,,,,"[41.1, 27.4]",,,,,,,,,,,,0.782302,,,,,,,,,,,b6fff25f-f7e7-47ac-98df-8afce1f583d8,275,,"[40.8, 26.4]",3920389,8,,,,,,,,,,,,,,,,,,,,,,,,1,Regular Play,Mouctar Diakhaby,4267.0,Right Center Back,20,Guinea,4892,"['08715720-bb8a-4854-833f-5ec51792d6ea', '4c71c8d0-3bc8-40d5-8dff-ff5cabaadf7c']",56,,,,,,,,,,,,,,,,,Guinea,4892,00:08:56.211,Carry,
,,,,,"[52.6, 39.2]",,,,,,,,,,,,0.861398,,,,,,,,,,,8c14a10a-1016-419b-b784-5633ee0aa297,278,,"[52.6, 40.5]",3920389,8,,,,,,,,,,,,,,,,,,,,,,,,1,Regular Play,Mory Konaté,35285.0,Right Defensive Midfield,20,Guinea,4892,"['b347ab2a-bda0-4891-b72d-ac2bfb43dd6b', 'b458cdb0-c4be-436a-b47b-bb3e7e180fa0']",58,,,,,,,,,,,,,,,,,Guinea,4892,00:08:58.113,Carry,
,,,,,"[71.3, 50.5]",,,,,,,,,,,,0.069266,,,,,,,,,,,300b4f23-73c0-41de-a93c-3700535efaa2,284,,"[69.8, 50.5]",3920389,9,,,,,,,,,,,,,,,,,,,,,,,,1,Regular Play,Aguibou Camara,39559.0,Center Attacking Midfield,20,Guinea,4892,"['eeedb0da-4f84-4879-b7a6-37c48fea7cca', 'cb51dc7f-3d9d-43c3-928d-6c3342b1d484']",0,,,,,,,,,,,,,,,,,Guinea,4892,00:09:00.827,Carry,
,,,,,"[76.9, 59.4]",,,,,,,,,,,,0.091766,,,,,,,,,,,49006208-1c17-4ebc-aa40-98d125f13994,287,,"[77.0, 59.0]",3920389,9,,,,,,,,,,,,,,,,,,,,,,,,1,Regular Play,Morgan Guilavogui,47351.0,Right Wing,20,Guinea,4892,"['c9651fcd-77b9-4639-a76e-283c827a0176', '755ad45c-4ad7-47cf-ab77-7e96cdf1cada']",2,,,,,,,,,,,,,,,,,Guinea,4892,00:09:02.468,Carry,
,,,,,"[44.6, 17.9]",,,,,,,,,,,,1.442134,,,,,,,,,,,724dc1e2-2d10-4b41-a567-5d384889d63b,290,,"[43.2, 20.7]",3920389,9,,,,,,,,,,,,,,,,,,,,,,,,1,Regular Play,Harold Moukoudi,7386.0,Left Center Back,20,Guinea,4892,"['289d5bc4-3a26-427b-a4ad-ab1a3922c013', '5d6e150e-c75a-47d3-8906-b6af5ac17f38']",2,,,,,,,,,,,,,,,,,Cameroon,2722,00:09:02.560,Carry,
,,,,,"[71.5, 76.5]",,,,,,,,,,,,1.850738,,,,,,,,,,,a6af3b20-667a-4965-9534-61dd209a0198,294,,"[58.3, 75.1]",3920389,9,,,,,,,,,,,,,,,,,,,,,,,,1,Regular Play,Antoine Conte,131849.0,Right Back,20,Guinea,4892,"['9816f4bc-8237-4b50-96fd-d9782050ba00', 'd92ae046-ea47-4c2a-a60f-a5fa18875901']",5,,,,,,,,,,,,,,,,,Guinea,4892,00:09:05.686,Carry,
,,,,,"[103.1, 56.2]",,,,,,,,,,,,0.773265,,,,,,,,,,,45140307-8a69-41cb-8d88-18fdd0d40ef8,297,,"[100.3, 58.7]",3920389,9,,,,,,,,,,,,,,,,,,,,,,,,1,Regular Play,Mohamed Bayo,8454.0,Center Forward,20,Guinea,4892,"['bb916854-f3a9-433d-8423-5fc6f9975abf', 'ac636a2c-39d0-4fc5-95bb-ab1237fbb740', 'ce6ab32f-09b0-4185-aea4-dbd582a0b91d']",9,,,,,,,,,,,,,,,,,Guinea,4892,00:09:09.086,Carry,True
,,,,,"[18.7, 42.2]",,,,,,,,,,,,1.970616,,,,,,,,,,,b0ad0fb2-2cb4-4fa7-954f-d37689852c94,307,,"[21.2, 38.0]",3920389,9,,,,,,,,,,,,,,,,,,,,,,,,1,Regular Play,Olivier Michel Kemen,7355.0,Center Defensive Midfield,20,Guinea,4892,"['1355621a-d05d-4ba4-8e1e-7f48923d7d3a', 'd47d1d78-79a8-4913-b7da-6f0bfd90a017', '3371cb66-c2ec-4f2d-aed7-61fbfc8c5c98']",14,,,,,,,,,,,,,,,,,Cameroon,2722,00:09:14.861,Carry,True
,,,,,"[50.9, 40.0]",,,,,,,,,,,,0.670985,,,,,,,,,,,43476ff3-c616-46a1-aa3d-24b847fb30e4,318,,"[51.3, 40.5]",3920389,11,,,,,,,,,,,,,,,,,,,,,,,,1,From Kick Off,Olivier Michel Kemen,7355.0,Center Defensive Midfield,21,Cameroon,2722,"['34e40c30-d2d9-4946-8bf8-e10be7e38acc', '43048342-15dd-478f-983c-cbfa919b39fd']",14,,,,,,,,,,,,,,,,,Cameroon,2722,00:11:14.626,Carry,
,,,,,"[46.1, 69.6]",,,,,,,,,,,,0.774193,,,,,,,,,,,d7fc6360-7521-4b0c-8f03-55938a819214,321,,"[44.9, 68.1]",3920389,11,,,,,,,,,,,,,,,,,,,,,,,,1,From Kick Off,Jean-Charles Castelletto,7426.0,Right Back,21,Cameroon,2722,"['73cc79c5-ba9d-4175-a28b-be41726996da', 'ea16e621-b217-4998-9c0d-3ca434bfaf14']",16,,,,,,,,,,,,,,,,,Cameroon,2722,00:11:16.946,Carry,
,,,,,"[57.0, 72.8]",,,,,,,,,,,,2.092532,,,,,,,,,,,0327c915-a709-4b82-8a08-17f98329a605,324,,"[64.7, 74.4]",3920389,11,,,,,,,,,,,,,,,,,,,,,,,,1,From Kick Off,Frank Magri,189348.0,Right Wing,21,Cameroon,2722,"['48a95f76-1e8b-4a23-a921-be5c1a3d8e74', '70c9a0d1-cf31-420e-913b-661fd85294b1']",18,,,,,,,,,,,,,,,,,Cameroon,2722,00:11:18.978,Carry,
,,,,,"[38.8, 69.2]",,,,,,,,,,,,0.531408,,,,,,,,,,,73edf114-5547-4548-92b5-25e92a20c915,327,,"[38.8, 72.5]",3920389,11,,,,,,,,,,,,,,,,,,,,,,,,1,From Kick Off,Jean-Charles Castelletto,7426.0,Right Back,21,Cameroon,2722,"['281d8a1a-22d0-4abe-aaf0-b16482d19ade', '059eb48e-523b-4fd4-b635-7882aa5768ed']",22,,,,,,,,,,,,,,,,,Cameroon,2722,00:11:22.781,Carry,
,,,,,"[27.3, 51.8]",,,,,,,,,,,,1.2611051,,,,,,,,,,,3a04110e-d4ba-40bc-823e-5659de58c7b1,330,,"[25.1, 54.5]",3920389,11,,,,,,,,,,,,,,,,,,,,,,,,1,From Kick Off,Christopher Wooh,74588.0,Right Center Back,21,Cameroon,2722,"['000238d9-2d31-4d71-b741-c4c5097c73ec', '5703c99e-df96-4fd4-891f-fa5c27320faa']",24,,,,,,,,,,,,,,,,,Cameroon,2722,00:11:24.913,Carry,
,,,,,"[29.8, 26.1]",,,,,,,,,,,,2.148417,,,,,,,,,,,5fe734b7-1abf-42ef-82bd-ec227954448b,333,,"[28.3, 25.0]",3920389,11,,,,,,,,,,,,,,,,,,,,,,,,1,From Kick Off,Harold Moukoudi,7386.0,Left Center Back,21,Cameroon,2722,"['c0fd0aab-0745-4e8c-b576-a8230e543824', '49549cf9-91c0-4b0c-9d50-f19e6dc7202d']",27,,,,,,,,,,,,,,,,,Cameroon,2722,00:11:27.884,Carry,
,,,,,"[38.1, 73.7]",,,,,,,,,,,,1.87068,,,,,,,,,,,33a359fc-0297-4b11-95a9-a6bfe87dfd55,336,,"[36.6, 71.0]",3920389,11,,,,,,,,,,,,,,,,,,,,,,,,1,From Kick Off,Jean-Charles Castelletto,7426.0,Right Back,21,Cameroon,2722,"['257b9b42-ae8f-4cbd-bd62-289fd5bfc39f', 'bb0b48dc-c541-415d-97ae-704f87ebc307']",32,,,,,,,,,,,,,,,,,Cameroon,2722,00:11:32.215,Carry,
,,,,,"[79.4, 77.5]",,,,,,,,,,,,2.839679,,,,,,,,,,,495d8f46-af87-41d6-994c-9f00f9d8b3ef,339,,"[51.4, 76.3]",3920389,11,,,,,,,,,,,,,,,,,,,,,,,,1,From Kick Off,Frank Magri,189348.0,Right Wing,21,Cameroon,2722,"['ffbee8fa-7aa6-4490-b8e3-71119c01c57d', '4322fc33-24fe-41e9-8da8-4bae377521db', 'f534bd06-89f4-4182-b7c7-e51f3ae41c97']",35,,,,,,,,,,,,,,,,,Cameroon,2722,00:11:35.536,Carry,True
,,,,,"[88.3, 64.5]",,,,,,,,,,,,0.016993001,,,,,,,,,,,7d98a6d7-cc13-4a6e-b09c-17b11512f0ab,344,,"[87.9, 64.2]",3920389,11,,,,,,,,,,,,,,,,,,,,,,,,1,From Kick Off,Jules Olivier Ntcham,10530.0,Right Center Midfield,21,Cameroon,2722,"['74a0bc5c-c870-4645-8672-d15bae6a2897', '1db1f3ac-42bc-44c4-81d4-3259d1b49cf8', 'ce3489c2-5c87-4a40-91f7-c453fae24de3']",39,,,,,,,,,,,,,,,,,Cameroon,2722,00:11:39.723,Carry,True
,,,,,"[77.0, 75.6]",,,,,,,,,,,,1.778958,,,,,,,,,,,d2ab7506-0cd0-4d3f-a0cc-8dc182bae07f,369,,"[70.8, 68.4]",3920389,13,,,,,,,,,,,,,,,,,,,,,,,,1,From Goal Kick,Morgan Guilavogui,47351.0,Right Wing,23,Guinea,4892,"['181ca446-8343-46fd-878d-fbf60afa5901', 'e0bc52f2-644a-4e07-a548-dc9e143e4bd3', 'bc3d98eb-4ac2-4d93-a578-573a6211496d']",14,,,,,,,,,,,,,,,,,Guinea,4892,00:13:14.531,Carry,True
,,,,,"[34.2, 11.1]",,,,,,,,,,,,0.184504,,,,,,,,,,,0fa919ec-84b0-4de9-b60c-c66728a9986e,375,,"[34.1, 12.1]",3920389,13,,,,,,,,,,,,,,,,,,,,,,,,1,Regular Play,Olivier Michel Kemen,7355.0,Center Defensive Midfield,24,Cameroon,2722,"['13de9f4b-d437-452f-920b-ed407a9bdb26', '42db468d-55a1-4329-91ec-31c90949ab19']",19,,,,,,,,,,,,,,,,,Cameroon,2722,00:13:19.104,Carry,
,,,,,"[32.7, 2.0]",,,,,,,,,,,,0.828527,,,,,,,,,,,2b3aecf9-67ce-4000-9f6a-bf7afacc6a2f,378,,"[33.2, 2.5]",3920389,13,,,,,,,,,,,,,,,,,,,,,,,,1,Regular Play,Darlin Zidane Yongwa Ngameni,32190.0,Left Back,24,Cameroon,2722,"['ed6bfc91-6fd4-4c16-9c47-61471471f677', '854c824b-80a3-4a0d-94ec-aa27b40fac86', '9cee04db-aca1-4471-b6a1-579b7bedfda8']",20,,,,,,,,,,,,,,,,,Cameroon,2722,00:13:20.009,Carry,True
,,,,,"[32.7, 8.4]",,,,,,,,,,,,2.45998,,,,,,,,,,,fa2e231d-40fe-4fb3-8fa0-f1e1498ebfd3,385,,"[31.7, 6.6]",3920389,13,,,,,,,,,,,,,,,,,,,,,,,,1,From Throw In,Harold Moukoudi,7386.0,Left Center Back,25,Cameroon,2722,"['f3eccdd8-e603-436a-86c1-6b57fa8700ec', '70d53cb6-5d1d-4b69-9190-a4f2189d3799']",31,,,,,,,,,,,,,,,,,Cameroon,2722,00:13:31.536,Carry,
,,,,,"[31.3, 41.1]",,,,,,,,,,,,1.031811,,,,,,,,,,,c6e7dc14-9f62-4945-83e8-d1063b2b577f,388,,"[27.8, 32.6]",3920389,13,,,,,,,,,,,,,,,,,,,,,,,,1,From Throw In,Christopher Wooh,74588.0,Right Center Back,25,Cameroon,2722,"['fa293496-8a76-4212-9739-938cb08fe803', 'a9782e1a-0f00-4ed5-9964-24e8635587cc']",36,,,,,,,,,,,,,,,,,Cameroon,2722,00:13:36.004,Carry,
,,,,,"[51.4, 67.3]",,,,,,,,,,,,4.755242,,,,,,,,,,,7621a083-bf48-444a-881d-8e79b58f1476,391,,"[38.8, 66.0]",3920389,13,,,,,,,,,,,,,,,,,,,,,,,,1,From Throw In,Jean-Charles Castelletto,7426.0,Right Back,25,Cameroon,2722,"['4861f61a-11a9-49b1-92fc-149a13d8f3c8', 'b94e6035-6972-4f8b-a108-f586ae9a5faf']",38,,,,,,,,,,,,,,,,,Cameroon,2722,00:13:38.703,Carry,
,,,,,"[49.3, 49.5]",,,,,,,,,,,,2.128498,,,,,,,,,,,b4b469e5-40c3-471e-b4ee-cf711a85c912,394,,"[42.7, 54.7]",3920389,13,,,,,,,,,,,,,,,,,,,,,,,,1,From Throw In,Christopher Wooh,74588.0,Right Center Back,25,Cameroon,2722,"['39ef63e7-4dc2-459e-9537-ec7566811a71', '88df6242-db98-494c-ad74-b23c3db12f7a']",45,,,,,,,,,,,,,,,,,Cameroon,2722,00:13:45.025,Carry,
,,,,,"[98.3, 5.0]",,,,,,,,,,,,0.195978,,,,,,,,,,,5535bf06-7dab-4d2d-8b54-3c3545d0cb81,403,,"[98.3, 5.4]",3920389,13,,,,,,,,,,,,,,,,,,,,,,,,1,From Throw In,Georges-Kévin Nkoudou Mbida,3639.0,Left Wing,25,Cameroon,2722,"['0bef504c-3853-46da-924d-2a324e1d324e', '0b8deabe-4d8e-4a9a-8cdc-9660bc0bd936', '78372f2b-f0c9-43d8-81ba-5d7119062acb']",53,,,,,,,,,,,,,,,,,Cameroon,2722,00:13:53.551,Carry,True
,,,,,"[81.9, 6.7]",,,,,,,,,,,,1.423403,,,,,,,,,,,f9ecdf4a-bd0e-4cda-a55d-06735008d933,406,,"[81.4, 6.4]",3920389,13,,,,,,,,,,,,,,,,,,,,,,,,1,From Throw In,Darlin Zidane Yongwa Ngameni,32190.0,Left Back,25,Cameroon,2722,"['77fd85ce-d06f-48b0-a45d-621045d6c9db', 'f0ef4ef4-36d1-4849-9031-3288b6a7f441']",54,,,,,,,,,,,,,,,,,Cameroon,2722,00:13:54.874,Carry,
,,,,,"[69.4, 27.5]",,,,,,,,,,,,2.087554,,,,,,,,,,,a2368343-7714-44cd-adf1-374a1343721d,409,,"[70.7, 24.0]",3920389,13,,,,,,,,,,,,,,,,,,,,,,,,1,From Throw In,Olivier Michel Kemen,7355.0,Center Defensive Midfield,25,Cameroon,2722,"['eb7e6ef1-e37c-4680-842b-f2959c82a7c2', 'f4d5d16d-37ed-4249-90b3-c138abd79704']",57,,,,,,,,,,,,,,,,,Cameroon,2722,00:13:57.513,Carry,
,,,,,"[78.3, 70.6]",,,,,,,,,,,,1.645974,,,,,,,,,,,8f000012-2a76-480d-b868-6902e5ca6ba0,412,,"[77.2, 65.2]",3920389,14,,,,,,,,,,,,,,,,,,,,,,,,1,From Throw In,Jean-Charles Castelletto,7426.0,Right Back,25,Cameroon,2722,"['3ecdbd94-f5c9-4bfd-8504-f9d0eb9a7683', '8675cc47-65e8-43d0-85bc-5c105e92da01']",2,,,,,,,,,,,,,,,,,Cameroon,2722,00:14:02.263,Carry,
,,,,,"[103.4, 70.1]",,,,,,,,,,,,2.416771,,,,,,,,,,,e739bf19-e779-4fff-a651-3d4763fe7f5a,415,,"[100.1, 69.6]",3920389,14,,,,,,,,,,,,,,,,,,,,,,,,1,From Throw In,Jules Olivier Ntcham,10530.0,Right Center Midfield,25,Cameroon,2722,"['bb62799d-1b24-43fd-b6a9-4e1ecd4a973d', 'c5aad60f-72ae-4d0c-a787-2350777ccf55']",5,,,,,,,,,,,,,,,,,Cameroon,2722,00:14:05.639,Carry,
,,,,,"[98.8, 26.6]",,,,,,,,,,,,1.111505,,,,,,,,,,,067a0ba3-6831-48b7-b2f6-e9d0ea82e12b,426,,"[96.5, 24.2]",3920389,14,,,,,,,,,,,,,,,,,,,,,,,,1,From Throw In,Darlin Zidane Yongwa Ngameni,32190.0,Left Back,25,Cameroon,2722,"['800d2bd7-1e39-47e9-990c-8af2a6fec46b', '30bf24ed-5f49-41fb-bf95-6653b8fd77fa', 'f2cb3058-dd91-4e72-ae3f-3cab15f9e7f4']",14,,,,,,,,,,,,,,,,,Cameroon,2722,00:14:14.486,Carry,True
,,,,,"[99.2, 22.1]",,,,,,,,,,,,0.770687,,,,,,,,,,,20f91caa-6144-4956-9efc-5b3d3885e634,433,,"[98.3, 23.1]",3920389,14,,,,,,,,,,,,,,,,,,,,,,,,1,From Throw In,Darlin Zidane Yongwa Ngameni,32190.0,Left Back,25,Cameroon,2722,"['84d26087-5aba-4c8b-b8ae-57fc6b321dd1', 'abe53198-b481-4f23-92fb-3641bd249b53', '0727f5c6-7952-40f3-9951-8393e161c3ab']",16,,,,,,,,,,,,,,,,,Cameroon,2722,00:14:16.652,Carry,True
,,,,,"[51.6, 60.0]",,,,,,,,,,,,4.649938,,,,,,,,,,,3e3f5d00-b3e9-49eb-9814-fe250e7db5b4,438,,"[33.9, 49.6]",3920389,14,,,,,,,,,,,,,,,,,,,,,,,,1,Regular Play,Aguibou Camara,39559.0,Center Attacking Midfield,26,Guinea,4892,"['149e5901-27bd-4b10-b9a7-3247ff7d026b', '97fbf33d-fd59-4c7f-a377-b16974dc90e6', '16e28571-e402-4e5f-a02f-40b392bdb44f']",19,,,,,,,,,,,,,,,,,Guinea,4892,00:14:19.577,Carry,True
,,,,,"[44.8, 73.4]",,,,,,,,,,,,0.860984,,,,,,,,,,,5e89dfef-5488-4109-be40-774ff01804f6,444,,"[46.4, 74.2]",3920389,14,,,,,,,,,,,,,,,,,,,,,,,,1,Regular Play,Morgan Guilavogui,47351.0,Right Wing,26,Guinea,4892,"['672e52ea-78d7-4ee4-9b59-fdc4da332e1f', '952817cc-c69e-4eda-ac34-22ee311d26dd']",27,,,,,,,,,,,,,,,,,Guinea,4892,00:14:27.522,Carry,
,,,,,"[13.2, 51.6]",,,,,,,,,,,,1.413989,,,,,,,,,,,51a4dee8-055d-415c-9bc3-8361511e203d,447,,"[13.2, 53.6]",3920389,14,,,,,,,,,,,,,,,,,,,,,,,,1,Regular Play,Ibrahim Kone,182573.0,Goalkeeper,26,Guinea,4892,"['be01097f-fd7c-4604-8c47-50f2c7ab4593', '5a056dc1-ea13-4bc7-b620-96b00571232b', 'f71607e6-3a34-4c6c-85a6-815e8d61ac17']",31,,,,,,,,,,,,,,,,,Guinea,4892,00:14:31.476,Carry,True
,,,,,"[70.7, 55.5]",,,,,,,,,,,,0.695089,,,,,,,,,,,f7051e57-ad7a-4f21-aa6b-8be904bcaa5d,453,,"[70.7, 53.3]",3920389,14,,,,,,,,,,,,,,,,,,,,,,,,1,Regular Play,Jules Olivier Ntcham,10530.0,Right Center Midfield,27,Cameroon,2722,"['8859f3a1-dce3-447f-9d84-d3b5895ddd7e', '7288e072-4876-46d7-a0a0-c2ecb6a7547e']",37,,,,,,,,,,,,,,,,,Cameroon,2722,00:14:37.650,Carry,
,,,,,"[82.5, 70.2]",,,,,,,,,,,,0.575243,,,,,,,,,,,b6cde0bd-8542-4fb8-9958-1bbe66914464,464,,"[80.0, 70.6]",3920389,14,,,,,,,,,,,,,,,,,,,,,,,,1,Regular Play,Jules Olivier Ntcham,10530.0,Right Center Midfield,27,Cameroon,2722,"['7b6743cf-e701-4a83-aefa-a9c7b103bff8', 'a7b80473-a3c2-4a19-b90e-8cc6305f7ffa', '9f86e726-5042-4743-a5f8-eecfb1ad45bc']",51,,,,,,,,,,,,,,,,,Cameroon,2722,00:14:51.447,Carry,True
,,,,,"[54.4, 9.1]",,,,,,,,,,,,3.142393,,,,,,,,,,,631eb769-c0e0-4c3f-934d-322d0dfdd197,475,,"[44.8, 8.5]",3920389,14,,,,,,,,,,,,,,,,,,,,,,,,1,Regular Play,François Kamano,3405.0,Left Wing,28,Guinea,4892,"['9a575f22-d4ea-4738-8e61-679c197f0541', '9701dedc-dd14-41e9-aa76-d6119347fc5e', '5a3d20f1-463f-4dd6-89d8-a6e0db0f2c57']",54,,,,,,,,,,,,,,,,,Guinea,4892,00:14:54.744,Carry,True
,,,,,"[114.6, 78.1]",,,,,,,,,,,,5.668564,,,,,,,,,,,4de8e06b-cce8-458a-ae14-c98a464add11,485,,"[95.7, 72.4]",3920389,15,,,,,,,,,,,,,,,,,,,,,,,,1,From Free Kick,Morgan Guilavogui,47351.0,Right Wing,29,Guinea,4892,"['135ed148-d8ef-454a-951c-2c2c2dc011b7', '83b6626d-e342-46cb-a2bc-9ea60038e42c', '31ca5971-935f-4ae7-be59-9d661e9d8bdf']",46,,,,,,,,,,,,,,,,,Guinea,4892,00:15:46.438,Carry,True
,,,,,"[98.5, 73.1]",,,,,,,,,,,,0.792825,,,,,,,,,,,19343ccf-6db7-42ed-bcc3-10f08ddb263b,489,,"[99.5, 76.6]",3920389,15,,,,,,,,,,,,,,,,,,,,,,,,1,From Free Kick,Antoine Conte,131849.0,Right Back,29,Guinea,4892,"['77d63b92-cc49-4a72-b22b-877588345c1d', '3fea3de2-8535-434a-8c71-c754391d060c']",53,,,,,,,,,,,,,,,,,Guinea,4892,00:15:53.732,Carry,
,,,,,"[88.0, 62.7]",,,,,,,,,,,,0.476365,,,,,,,,,,,46c9cd73-966a-4687-a880-35edc1e96542,492,,"[87.0, 67.0]",3920389,15,,,,,,,,,,,,,,,,,,,,,,,,1,From Free Kick,Mory Konaté,35285.0,Right Defensive Midfield,29,Guinea,4892,"['972bd0dc-e799-4329-8c59-dd95fb87de0e', '09f41644-1f8c-4cec-bc50-d383c49dda82']",56,,,,,,,,,,,,,,,,,Guinea,4892,00:15:56.027,Carry,
,,,,,"[56.7, 73.7]",,,,,,,,,,,,1.567184,,,,,,,,,,,55d60460-b0d2-430a-819c-e91f0839777b,504,,"[57.4, 75.3]",3920389,16,,,,,,,,,,,,,,,,,,,,,,,,1,From Throw In,Frank Magri,189348.0,Right Wing,30,Cameroon,2722,"['497e6801-ad41-493f-8ec2-364fbf25b2b6', '016b6a73-7778-497e-98dc-c9795e7ae3af']",16,,,,,,,,,,,,,,,,,Cameroon,2722,00:16:16.989,Carry,
,,,,,"[50.9, 56.5]",,,,,,,,,,,,0.876175,,,,,,,,,,,6aba94d0-a9a2-48de-a9ab-ac6fc56261d6,507,,"[51.3, 56.7]",3920389,16,,,,,,,,,,,,,,,,,,,,,,,,1,From Throw In,Olivier Michel Kemen,7355.0,Center Defensive Midfield,30,Cameroon,2722,"['c67d2b51-8e63-4e89-98ad-349b23152a5a', '2c0b773d-bf26-4135-8f56-2a6634939ff9']",19,,,,,,,,,,,,,,,,,Cameroon,2722,00:16:19.837,Carry,
,,,,,"[56.7, 25.1]",,,,,,,,,,,,3.899684,,,,,,,,,,,dbfca39d-91fd-4720-9b16-c2f7c097c38f,510,,"[40.2, 23.6]",3920389,16,,,,,,,,,,,,,,,,,,,,,,,,1,From Throw In,Harold Moukoudi,7386.0,Left Center Back,30,Cameroon,2722,"['8977ddcb-b6af-4e61-9f0a-654bb6644944', '1af9c90b-58dc-474b-b3b1-aad4127dc959']",22,,,,,,,,,,,,,,,,,Cameroon,2722,00:16:22.986,Carry,
,,,,,"[53.8, 39.1]",,,,,,,,,,,,2.844846,,,,,,,,,,,1ec4d520-192b-49d6-8f07-3bda7f4d3b44,513,,"[56.1, 40.0]",3920389,16,,,,,,,,,,,,,,,,,,,,,,,,1,From Throw In,Olivier Michel Kemen,7355.0,Center Defensive Midfield,30,Cameroon,2722,"['e338bb27-3f1f-4614-b651-15069b06c270', '8492e067-2cc6-4348-9a9c-43dfa6e3842c']",27,,,,,,,,,,,,,,,,,Cameroon,2722,00:16:27.837,Carry,
,,,,,"[57.0, 65.8]",,,,,,,,,,,,1.134178,,,,,,,,,,,89da71a9-5d25-40e1-a7f6-e99bec47015b,516,,"[53.2, 64.8]",3920389,16,,,,,,,,,,,,,,,,,,,,,,,,1,From Throw In,Christopher Wooh,74588.0,Right Center Back,30,Cameroon,2722,"['e6855bc0-b91f-41b4-87c7-50dfca4f7cc9', 'a188efa9-90bd-4ce4-adcf-6db9a43c36fc']",32,,,,,,,,,,,,,,,,,Cameroon,2722,00:16:32.315,Carry,
,,,,,"[53.4, 71.6]",,,,,,,,,,,,3.369691,,,,,,,,,,,0ce0a98f-7370-4255-9752-4f9006a4fbaf,519,,"[69.2, 73.8]",3920389,16,,,,,,,,,,,,,,,,,,,,,,,,1,From Throw In,Jean-Charles Castelletto,7426.0,Right Back,30,Cameroon,2722,"['652ee591-06cd-4c45-9b82-df79d5a0eb84', 'b49c5b54-458c-4af0-8f4b-02ffdeb480f3', '7d3f11e1-fc42-4316-aa85-eda9c097ab03']",34,,,,,,,,,,,,,,,,,Cameroon,2722,00:16:34.804,Carry,True
,,,,,"[36.9, 52.3]",,,,,,,,,,,,0.080493,,,,,,,,,,,6278e00f-65a7-4911-b1a1-ca9003543053,524,,"[39.4, 55.8]",3920389,16,,,,,,,,,,,,,,,,,,,,,,,,1,From Throw In,Christopher Wooh,74588.0,Right Center Back,30,Cameroon,2722,"['adbdcdab-177b-4b25-98bf-7d0eeb8b5379', 'e1c4870b-8317-4eeb-b9d4-c194c12684ac']",40,,,,,,,,,,,,,,,,,Cameroon,2722,00:16:40.728,Carry,
,,,,,"[50.7, 31.0]",,,,,,,,,,,,4.055843,,,,,,,,,,,751b0380-d88c-45df-bbc4-b4b8c484de51,527,,"[43.9, 19.7]",3920389,16,,,,,,,,,,,,,,,,,,,,,,,,1,From Throw In,Harold Moukoudi,7386.0,Left Center Back,30,Cameroon,2722,"['6c489315-45d0-4451-9918-50b6bed5c9e6', 'fa47782c-49ce-49da-bd13-0786fe2d556e']",42,,,,,,,,,,,,,,,,,Cameroon,2722,00:16:42.903,Carry,
,,,,,"[56.1, 15.0]",,,,,,,,,,,,0.52634,,,,,,,,,,,416604d3-63d1-4227-9982-5901f682148c,530,,"[55.2, 16.1]",3920389,16,,,,,,,,,,,,,,,,,,,,,,,,1,From Throw In,André-Frank Zambo Anguissa,3141.0,Left Center Midfield,30,Cameroon,2722,"['5730b9ea-7d0d-4a8a-a096-603d60ccc83f', '0903c3e7-c9b8-40ef-a6b4-f4023a77db9e']",48,,,,,,,,,,,,,,,,,Cameroon,2722,00:16:48.327,Carry,
,,,,,"[77.3, 2.1]",,,,,,,,,,,,0.784137,,,,,,,,,,,15773100-e32c-4d67-8dbb-901da27cb1b9,533,,"[77.3, 2.1]",3920389,16,,,,,,,,,,,,,,,,,,,,,,,,1,From Throw In,Darlin Zidane Yongwa Ngameni,32190.0,Left Back,30,Cameroon,2722,"['fd5dfc5a-0801-4914-aa60-643cfd444782', '3ab4db34-2eca-42fe-a62f-f37f533b7163']",50,,,,,,,,,,,,,,,,,Cameroon,2722,00:16:50.413,Carry,
,,,,,"[86.9, 14.5]",,,,,,,,,,,,0.938078,,,,,,,,,,,e6b70511-c206-4ced-ad8b-a617eda5517c,536,,"[87.9, 14.6]",3920389,16,,,,,,,,,,,,,,,,,,,,,,,,1,From Throw In,Georges-Kévin Nkoudou Mbida,3639.0,Left Wing,30,Cameroon,2722,"['c10d9edd-779e-43d7-97ed-282bbad413aa', 'ff44e833-b374-4ab6-8e34-3bdd249f4fc7', '287c3ac8-44fe-40aa-9bc6-df147172604e']",52,,,,,,,,,,,,,,,,,Cameroon,2722,00:16:52.274,Carry,True
,,,,,"[117.4, 71.6]",,,,,,,,,,,,0.859966,,,,,,,,,,,2758c31f-71c8-4001-b1c4-bf126c74a49d,550,,"[114.9, 70.9]",3920389,19,,,,,,,,,,,,,,,,,,,,,,,,1,From Goal Kick,Mohamed Bayo,8454.0,Center Forward,32,Guinea,4892,"['d6ca6675-d64e-49c2-a083-b78e71a06bcf', 'e4b766b8-a22a-4a92-b17f-56654e970ad2']",23,,,,,,,,,,,,,,,,,Guinea,4892,00:19:23.738,Carry,
,,,,,"[75.9, 51.1]",,,,,,,,,,,,1.67828,,,,,,,,,,,da520f0d-2aab-448f-a8c4-42af024d5f7a,557,,"[86.9, 52.6]",3920389,19,,,,,,,,,,,,,,,,,,,,,,,,1,From Goal Kick,Mory Konaté,35285.0,Right Defensive Midfield,32,Guinea,4892,"['4188782e-ca0a-4a73-827b-4633862838b1', '664a980d-362f-49a9-94da-64a147d29f9d']",29,,,,,,,,,,,,,,,,,Guinea,4892,00:19:29.918,Carry,
,,,,,"[53.4, 38.1]",,,,,,,,,,,,0.357381,,,,,,,,,,,0da0cf57-01df-406a-a3d7-eb0e5c1b13f7,560,,"[57.9, 36.9]",3920389,19,,,,,,,,,,,,,,,,,,,,,,,,1,From Goal Kick,Julian Jeanvier,7360.0,Left Center Back,32,Guinea,4892,"['70fffce4-1272-4e0f-935d-610e1b0e6d3b', '954c953c-f5ae-4df6-bf74-a133a48a5ee0']",33,,,,,,,,,,,,,,,,,Guinea,4892,00:19:33.809,Carry,
,,,,,"[16.6, 53.0]",,,,,,,,,,,,2.451187,,,,,,,,,,,3f752ea5-54fb-4420-89ca-7337a8b9ba9f,563,,"[15.7, 47.6]",3920389,19,,,,,,,,,,,,,,,,,,,,,,,,1,From Goal Kick,Ibrahim Kone,182573.0,Goalkeeper,32,Guinea,4892,"['aa9cb8ed-cf1c-47a3-add3-a2fd755afa77', 'ac044289-86e6-46fb-9b20-faba9005feb8', 'fa3a3820-3e57-492e-b6a5-51f7b70e036a']",37,,,,,,,,,,,,,,,,,Guinea,4892,00:19:37.183,Carry,True
,,,,,"[40.7, 67.3]",,,,,,,,,,,,1.217995,,,,,,,,,,,0f4f9cc3-bf6b-4042-aac3-a027822ccac6,574,,"[41.2, 66.0]",3920389,19,,,,,,,,,,,,,,,,,,,,,,,,1,Regular Play,Jean-Charles Castelletto,7426.0,Right Back,33,Cameroon,2722,"['aec83bee-7b7d-4f8e-ba6e-30fc1df9e147', 'd2ef2892-30a7-4aba-8d7f-3b10a1da41d1']",52,,,,,,,,,,,,,,,,,Cameroon,2722,00:19:52.173,Carry,
,,,,,"[57.2, 72.1]",,,,,,,,,,,,1.192703,,,,,,,,,,,834e9985-d205-46e6-812f-a91a9c39c16e,577,,"[62.8, 73.7]",3920389,19,,,,,,,,,,,,,,,,,,,,,,,,1,Regular Play,Frank Magri,189348.0,Right Wing,33,Cameroon,2722,"['7cce9140-9022-48f2-bb9a-eb4995741453', '90ca766d-b3e8-4075-be67-1a8375e6236a']",54,,,,,,,,,,,,,,,,,Cameroon,2722,00:19:54.679,Carry,
,,,,,"[46.4, 67.7]",,,,,,,,,,,,0.697829,,,,,,,,,,,c6c9686f-4d08-4b50-9145-911783cee28d,580,,"[43.9, 69.8]",3920389,19,,,,,,,,,,,,,,,,,,,,,,,,1,Regular Play,Jean-Charles Castelletto,7426.0,Right Back,33,Cameroon,2722,"['01cdaa25-d3a4-4352-bc6e-74b7d9b6d299', '0c7d7455-ddf7-454f-a916-dcd013ebd545']",57,,,,,,,,,,,,,,,,,Cameroon,2722,00:19:57.045,Carry,
,,,,,"[55.7, 42.0]",,,,,,,,,,,,3.50779,,,,,,,,,,,6e262020-8c78-41fe-b351-3f6492cf44b2,583,,"[49.7, 51.1]",3920389,19,,,,,,,,,,,,,,,,,,,,,,,,1,Regular Play,Olivier Michel Kemen,7355.0,Center Defensive Midfield,33,Cameroon,2722,"['74c64f90-eb28-46b5-8f05-89ef13198bbc', '6db28843-5d40-4bb8-8ac0-819a27ff1453']",58,,,,,,,,,,,,,,,,,Cameroon,2722,00:19:58.941,Carry,
,,,,,"[56.1, 17.9]",,,,,,,,,,,,1.370652,,,,,,,,,,,e6fe076b-1fcf-47d4-84f8-f0200cae5921,586,,"[54.7, 20.4]",3920389,20,,,,,,,,,,,,,,,,,,,,,,,,1,Regular Play,Harold Moukoudi,7386.0,Left Center Back,33,Cameroon,2722,"['cb15a6de-f1f5-437d-89ba-043aa556acb0', '9a65fb01-a216-433a-b8ab-405a1116ff39']",4,,,,,,,,,,,,,,,,,Cameroon,2722,00:20:04.448,Carry,
,,,,,"[69.9, 4.1]",,,,,,,,,,,,1.238967,,,,,,,,,,,74334ef7-5ad2-46db-9c7e-067c6eace0e0,589,,"[69.7, 3.5]",3920389,20,,,,,,,,,,,,,,,,,,,,,,,,1,Regular Play,Darlin Zidane Yongwa Ngameni,32190.0,Left Back,33,Cameroon,2722,"['b728b80d-4396-4649-900c-fab025a43f78', '67bb2812-0248-4af1-b10d-02b0348e2890']",7,,,,,,,,,,,,,,,,,Cameroon,2722,00:20:07.014,Carry,
,,,,,"[57.7, 20.1]",,,,,,,,,,,,3.909261,,,,,,,,,,,2c06c5d3-e591-4d97-8252-62ccd9426816,592,,"[72.8, 12.5]",3920389,20,,,,,,,,,,,,,,,,,,,,,,,,1,Regular Play,Georges-Kévin Nkoudou Mbida,3639.0,Left Wing,33,Cameroon,2722,"['1a6f1a1d-6262-42b5-80de-d2eb732dcb5b', 'b2c71b69-9b13-49b3-b005-c365f2cce7ae']",8,,,,,,,,,,,,,,,,,Cameroon,2722,00:20:08.926,Carry,
,,,,,"[63.1, 9.4]",,,,,,,,,,,,0.046206,,,,,,,,,,,274877e1-132b-4e71-aff9-f744217072e2,600,,"[64.0, 8.4]",3920389,20,,,,,,,,,,,,,,,,,,,,,,,,1,From Throw In,Sekou Oumar Sylla,132711.0,Left Back,34,Guinea,4892,"['264103dc-770c-42e7-850e-03edf347e8d6', '872c38d0-e056-4baf-bc4f-e172dfa76365', '887c1dac-4d1b-4a2c-b57c-a02023c30f0a']",37,,,,,,,,,,,,,,,,,Guinea,4892,00:20:37.014,Carry,True
,,,,,"[64.8, 10.5]",,,,,,,,,,,,2.459902,,,,,,,,,,,c10210a1-b91a-4668-b587-905a2453982d,610,,"[66.7, 8.9]",3920389,21,,,,,,,,,,,,,,,,,,,,,,,,1,From Free Kick,Moriba Kourouma Kourouma,39073.0,Left Defensive Midfield,35,Guinea,4892,"['3f93743d-6a7c-4069-9bb0-8f4fcd73feeb', '957bf04c-6308-47bb-a951-9185c2549c4e', 'de4b2022-febc-4f6f-bfd1-216177f56619']",26,,,,,,,,,,,,,,,,,Guinea,4892,00:21:26.424,Carry,True
,,,,,"[80.9, 11.3]",,,,,,,,,,,,0.896289,,,,,,,,,,,f174df01-8d4f-4125-b0df-50c1cb31d609,614,,"[81.7, 14.1]",3920389,21,,,,,,,,,,,,,,,,,,,,,,,,1,From Free Kick,François Kamano,3405.0,Left Wing,35,Guinea,4892,"['186dd418-ead3-4768-ad17-5eb800d4d7e6', '226f8c1c-875b-4436-a505-447eaba448bf']",29,,,,,,,,,,,,,,,,,Guinea,4892,00:21:29.980,Carry,
,,,,,"[15.1, 42.7]",,,,,,,,,,,,0.677377,,,,,,,,,,,c544d2fe-a8d9-4e30-86ea-a555ba5313ba,622,,"[14.3, 45.7]",3920389,21,,,,,,,,,,,,,,,,,,,,,,,,1,Regular Play,Joseph Fabrice Ondoa Ebogo,24670.0,Goalkeeper,36,Cameroon,2722,"['968e6b2e-8348-4e34-8012-9beaaa7ae537', 'f4b422f6-3eb0-43e1-b81d-eb0b72ed6e4c']",35,,,,,,,,,,,,,,,,,Cameroon,2722,00:21:35.674,Carry,
,,,,,"[54.3, 10.4]",,,,,,,,,,,,7.150558,,,,,,,,,,,eb31c009-b5b6-4612-b08c-115d6897f511,625,,"[33.2, 37.1]",3920389,21,,,,,,,,,,,,,,,,,,,,,,,,1,Regular Play,André-Frank Zambo Anguissa,3141.0,Left Center Midfield,36,Cameroon,2722,"['2918dae6-5fb7-413a-b434-3e65d596cdf5', 'f3e631b1-84b2-4f23-8ea7-443eef3f88d7', '93a8064f-7cf2-4d7d-8dc9-4b5b1045fef4']",37,,,,,,,,,,,,,,,,,Cameroon,2722,00:21:37.693,Carry,True
,,,,,"[25.1, 37.6]",,,,,,,,,,,,1.901642,,,,,,,,,,,74450ff4-95e4-4c75-b8a4-7aea761816bd,631,,"[23.1, 31.5]",3920389,21,,,,,,,,,,,,,,,,,,,,,,,,1,Regular Play,Joseph Fabrice Ondoa Ebogo,24670.0,Goalkeeper,36,Cameroon,2722,"['84ca2c5e-9554-43a9-8685-daf6d39c6e40', 'c91e6e14-95ae-4048-8c2e-bd32202e4f80']",48,,,,,,,,,,,,,,,,,Cameroon,2722,00:21:48.943,Carry,
,,,,,"[44.9, 58.5]",,,,,,,,,,,,2.549709,,,,,,,,,,,e1c76be6-0e66-4a3c-8231-36cfda109dba,634,,"[37.1, 55.2]",3920389,21,,,,,,,,,,,,,,,,,,,,,,,,1,Regular Play,Christopher Wooh,74588.0,Right Center Back,36,Cameroon,2722,"['c4961911-8222-48f4-8c72-884ab3551b93', 'daf5d1a6-aab8-42e6-932d-af9a751c3f83']",52,,,,,,,,,,,,,,,,,Cameroon,2722,00:21:52.094,Carry,
,,,,,"[40.2, 32.8]",,,,,,,,,,,,0.2117,,,,,,,,,,,8b8628ed-f9d0-4675-bf67-9f875df87d34,637,,"[40.2, 35.3]",3920389,21,,,,,,,,,,,,,,,,,,,,,,,,1,Regular Play,Harold Moukoudi,7386.0,Left Center Back,36,Cameroon,2722,"['69ee7bca-07dc-45d7-9d98-235d7b9c3884', '6c214974-9864-4e26-9390-0811d46233f2']",56,,,,,,,,,,,,,,,,,Cameroon,2722,00:21:56.328,Carry,
,,,,,"[56.3, 23.6]",,,,,,,,,,,,6.239075,,,,,,,,,,,946e8777-cb4e-4ba1-a8ad-d6621bf06273,640,,"[48.4, 17.0]",3920389,21,,,,,,,,,,,,,,,,,,,,,,,,1,Regular Play,Olivier Michel Kemen,7355.0,Center Defensive Midfield,36,Cameroon,2722,"['8d0b0c06-b5c8-4cf5-92b6-cc8bad126bfa', 'd5b75ee1-b507-4d1e-b689-dc417dfd8611']",58,,,,,,,,,,,,,,,,,Cameroon,2722,00:21:58.296,Carry,
,,,,,"[65.7, 18.2]",,,,,,,,,,,,0.551726,,,,,,,,,,,630d7612-5caf-42ad-81a0-aef24f94c076,645,,"[65.7, 20.7]",3920389,22,,,,,,,,,,,,,,,,,,,,,,,,1,Regular Play,Olivier Michel Kemen,7355.0,Center Defensive Midfield,36,Cameroon,2722,"['1363e309-6c3f-45ff-8330-78b8741553f2', '47d2c263-c940-4392-b594-ba8fa2a8760d']",6,,,,,,,,,,,,,,,,,Cameroon,2722,00:22:06.182,Carry,
,,,,,"[72.3, 6.0]",,,,,,,,,,,,2.100089,,,,,,,,,,,d7a9cf04-0b53-406e-96a9-2f05c76d2fd6,648,,"[72.3, 9.9]",3920389,22,,,,,,,,,,,,,,,,,,,,,,,,1,Regular Play,Jules Olivier Ntcham,10530.0,Right Center Midfield,36,Cameroon,2722,"['e85d547c-398a-450c-97f2-5637c8fe2a7e', 'c09dc2f7-6301-4a20-8f6d-22a319078056']",7,,,,,,,,,,,,,,,,,Cameroon,2722,00:22:07.939,Carry,
,,,,,"[53.2, 23.2]",,,,,,,,,,,,5.208067,,,,,,,,,,,d85acd02-628d-4aa9-8a08-c02ee45b4bb4,651,,"[61.4, 10.2]",3920389,22,,,,,,,,,,,,,,,,,,,,,,,,1,Regular Play,Olivier Michel Kemen,7355.0,Center Defensive Midfield,36,Cameroon,2722,"['dd828331-fbee-4235-b420-76ccf739539e', 'd45a4584-bb0c-4d86-bd7b-06631b3a0124']",11,,,,,,,,,,,,,,,,,Cameroon,2722,00:22:11.196,Carry,
,,,,,"[69.7, 4.1]",,,,,,,,,,,,1.775907,,,,,,,,,,,6473795f-6e52-44d6-ba80-5c20bce3e709,654,,"[65.8, 7.7]",3920389,22,,,,,,,,,,,,,,,,,,,,,,,,1,Regular Play,Jules Olivier Ntcham,10530.0,Right Center Midfield,36,Cameroon,2722,"['a21df3d1-093b-4497-82de-fd3e299e691d', 'fee78cf4-763f-4a68-b785-d1f06b0996fa']",17,,,,,,,,,,,,,,,,,Cameroon,2722,00:22:17.704,Carry,
,,,,,"[56.7, 9.9]",,,,,,,,,,,,3.439409,,,,,,,,,,,c9578386-1e79-439b-afd8-5315da20e04b,662,,"[61.0, 5.4]",3920389,22,,,,,,,,,,,,,,,,,,,,,,,,1,From Throw In,Olivier Michel Kemen,7355.0,Center Defensive Midfield,37,Cameroon,2722,"['02e7decf-f9de-4a88-add9-5b6434d996b3', 'c798ec04-307a-4a82-8de5-19627a3fe9eb']",32,,,,,,,,,,,,,,,,,Cameroon,2722,00:22:32.695,Carry,
,,,,,"[60.8, 55.5]",,,,,,,,,,,,1.285169,,,,,,,,,,,0a54a82f-8507-42bd-830a-d249b349b579,665,,"[56.3, 52.3]",3920389,22,,,,,,,,,,,,,,,,,,,,,,,,1,From Throw In,Christopher Wooh,74588.0,Right Center Back,37,Cameroon,2722,"['681222c8-dcb7-41fa-9b75-4773bb551c32', 'bb217be1-051f-44c4-a856-aa54f427f47f']",38,,,,,,,,,,,,,,,,,Cameroon,2722,00:22:38.778,Carry,
,,,,,"[74.4, 74.1]",,,,,,,,,,,,1.433698,,,,,,,,,,,89e66b91-7665-452e-9e72-8994f5252be8,668,,"[73.3, 73.5]",3920389,22,,,,,,,,,,,,,,,,,,,,,,,,1,From Throw In,Jean-Charles Castelletto,7426.0,Right Back,37,Cameroon,2722,"['7c551c44-925a-4dab-9eab-7f2445308c52', '788a9487-3473-4066-9bff-7cf6d9bb9f1f']",41,,,,,,,,,,,,,,,,,Cameroon,2722,00:22:41.592,Carry,
,,,,,"[69.4, 63.5]",,,,,,,,,,,,2.406344,,,,,,,,,,,7c06eba6-26fc-42da-a81c-eed2173bb355,671,,"[80.2, 60.5]",3920389,22,,,,,,,,,,,,,,,,,,,,,,,,1,From Throw In,Jules Olivier Ntcham,10530.0,Right Center Midfield,37,Cameroon,2722,"['766b5470-8d76-44a9-af92-ae3bf3d1d0d3', 'c8882231-d378-4e43-a1a5-201a8f6f36c4', 'cbbe6d07-4020-4534-a13b-f2c978e3138a']",44,,,,,,,,,,,,,,,,,Cameroon,2722,00:22:44.277,Carry,True
,,,,,"[51.4, 60.1]",,,,,,,,,,,,0.49986202,,,,,,,,,,,cd62052a-16a8-48f0-bb11-fb14a9b28322,675,,"[52.8, 61.0]",3920389,22,,,,,,,,,,,,,,,,,,,,,,,,1,From Throw In,Christopher Wooh,74588.0,Right Center Back,37,Cameroon,2722,"['ba78368e-926d-4a7f-8da0-35ab390ff26c', '1e58c977-097f-4845-8394-c036c3bb6d85']",48,,,,,,,,,,,,,,,,,Cameroon,2722,00:22:48.468,Carry,
,,,,,"[55.4, 37.1]",,,,,,,,,,,,0.938527,,,,,,,,,,,cdfcde37-7c2c-4385-8f78-be16544d4ecd,678,,"[51.3, 38.0]",3920389,22,,,,,,,,,,,,,,,,,,,,,,,,1,From Throw In,Harold Moukoudi,7386.0,Left Center Back,37,Cameroon,2722,"['254f8b5c-cd2f-4252-baf3-5192731560b1', '3ef67989-7879-4fd6-a77e-c3b462c362d5']",50,,,,,,,,,,,,,,,,,Cameroon,2722,00:22:50.518,Carry,
,,,,,"[63.8, 7.4]",,,,,,,,,,,,1.08623,,,,,,,,,,,711468d2-fe80-4a07-8813-c5653ff869d9,681,,"[61.3, 11.5]",3920389,22,,,,,,,,,,,,,,,,,,,,,,,,1,From Throw In,Darlin Zidane Yongwa Ngameni,32190.0,Left Back,37,Cameroon,2722,"['f9a7830b-81a9-4020-83f0-fe527bc65569', '8fd43c6a-537e-4dbb-a501-002f7e1563d1']",52,,,,,,,,,,,,,,,,,Cameroon,2722,00:22:52.865,Carry,
,,,,,"[68.2, 2.5]",,,,,,,,,,,,1.00402,,,,,,,,,,,912be7c4-45c5-470f-b86b-423d10081408,684,,"[71.9, 2.5]",3920389,22,,,,,,,,,,,,,,,,,,,,,,,,1,From Throw In,Georges-Kévin Nkoudou Mbida,3639.0,Left Wing,37,Cameroon,2722,"['729b4142-fb24-46ea-93ef-065b3b90c596', '1f1495aa-eae7-47df-8209-6d3e4edab14a', 'c592be5a-082b-428d-89de-cc8f128329ff']",54,,,,,,,,,,,,,,,,,Cameroon,2722,00:22:54.973,Carry,True
,,,,,"[58.2, 11.1]",,,,,,,,,,,,0.721202,,,,,,,,,,,5f78372f-d8a5-4026-b5d2-046d8774db43,688,,"[57.9, 9.6]",3920389,22,,,,,,,,,,,,,,,,,,,,,,,,1,From Throw In,Darlin Zidane Yongwa Ngameni,32190.0,Left Back,37,Cameroon,2722,"['49439a2f-fe9b-4c7c-aea3-fad6a4ec226d', '78b3a6ae-daaa-4e49-b553-262b064f3551']",57,,,,,,,,,,,,,,,,,Cameroon,2722,00:22:57.250,Carry,
,,,,,"[63.2, 11.1]",,,,,,,,,,,,2.379786,,,,,,,,,,,ed101cae-766e-4568-b0e1-10e726c39fcf,691,,"[57.2, 23.1]",3920389,22,,,,,,,,,,,,,,,,,,,,,,,,1,From Throw In,Olivier Michel Kemen,7355.0,Center Defensive Midfield,37,Cameroon,2722,"['06a6c4da-569c-41a7-915e-3f0288005d2d', '1dab809c-8cd6-4b51-906b-56c531e931b9', '5b43aa8a-ded9-4254-9a75-b7c5aa25b31d']",58,,,,,,,,,,,,,,,,,Cameroon,2722,00:22:58.755,Carry,True
,,,,,"[56.1, 7.0]",,,,,,,,,,,,1.357376,,,,,,,,,,,10cd1f65-304a-4bb9-b2d0-348a280fee8c,700,,"[58.9, 6.0]",3920389,23,,,,,,,,,,,,,,,,,,,,,,,,1,From Throw In,Darlin Zidane Yongwa Ngameni,32190.0,Left Back,38,Cameroon,2722,"['dd041690-f9c0-46af-b373-05f806897654', '675ff7cf-ae7e-4d99-929e-48279884e175']",12,,,,,,,,,,,,,,,,,Cameroon,2722,00:23:12.730,Carry,
,,,,,"[116.4, 10.2]",,,,,,,,,,,,0.598104,,,,,,,,,,,c7e470f3-6191-409e-bd9d-24643336c88d,704,,"[115.5, 13.2]",3920389,23,,,,,,,,,,,,,,,,,,,,,,,,1,From Throw In,Karl Brillant Toko Ekambi,3551.0,Center Forward,38,Cameroon,2722,"['f0bb6a82-3ae9-4010-a47e-fad11dce9d56', 'b0198ebb-5142-4576-b603-d008f698fb40', '96ca8a46-63cf-4a1c-a577-cd57998e4497']",18,,,,,,,,,,,,,,,,,Cameroon,2722,00:23:18.264,Carry,True
,,,,,"[14.8, 41.8]",,,,,,,,,,,,7.627761,,,,,,,,,,,848a4394-988b-4d04-8b74-c4c8078ed8ae,712,,"[15.2, 22.6]",3920389,24,,,,,,,,,,,,,,,,,,,,,,,,1,From Keeper,Joseph Fabrice Ondoa Ebogo,24670.0,Goalkeeper,40,Cameroon,2722,"['6a68c6a1-eae5-414e-a846-f2419b53e31d', 'dda9d5e4-2a02-47a7-8ad4-a36bb8402857']",2,,,,,,,,,,,,,,,,,Cameroon,2722,00:24:02.914,Carry,
,,,,,"[29.4, 51.8]",,,,,,,,,,,,3.25559,,,,,,,,,,,dbae3ea4-54d3-40b3-9f1a-ade34f9e9aef,715,,"[15.8, 53.3]",3920389,24,,,,,,,,,,,,,,,,,,,,,,,,1,From Keeper,Christopher Wooh,74588.0,Right Center Back,40,Cameroon,2722,"['14d966c2-521d-4328-b3cb-f71a56f989cd', '57eb3a5d-9e15-44c1-9c0a-af20de669744']",11,,,,,,,,,,,,,,,,,Cameroon,2722,00:24:11.822,Carry,
,,,,,"[50.4, 22.6]",,,,,,,,,,,,2.821425,,,,,,,,,,,44faf26b-d82e-40a7-9c4f-2992a48de324,718,,"[42.1, 21.9]",3920389,24,,,,,,,,,,,,,,,,,,,,,,,,1,From Keeper,André-Frank Zambo Anguissa,3141.0,Left Center Midfield,40,Cameroon,2722,"['7d48fb4b-69af-44e3-90c7-1d51d7f262fb', '43f6b634-e427-446e-9f95-32cfab37f61c']",16,,,,,,,,,,,,,,,,,Cameroon,2722,00:24:16.836,Carry,
,,,,,"[56.3, 32.8]",,,,,,,,,,,,2.2138,,,,,,,,,,,e98217ea-b6d1-4594-9fd3-49b8327dbe71,721,,"[61.8, 23.9]",3920389,24,,,,,,,,,,,,,,,,,,,,,,,,1,From Keeper,Georges-Kévin Nkoudou Mbida,3639.0,Left Wing,40,Cameroon,2722,"['c25df477-d8b7-4b9c-9907-865db618d159', '5a610927-6289-4a64-bf1b-0e99928e1087', '35157618-4ba9-497a-a191-d722519142ad']",20,,,,,,,,,,,,,,,,,Cameroon,2722,00:24:20.615,Carry,True
,,,,,"[62.8, 68.3]",,,,,,,,,,,,0.562714,,,,,,,,,,,1d2f578b-572a-46c9-92da-c5bb2d22d593,725,,"[60.4, 66.7]",3920389,24,,,,,,,,,,,,,,,,,,,,,,,,1,From Keeper,Jean-Charles Castelletto,7426.0,Right Back,40,Cameroon,2722,"['2da69ca4-e25e-4507-bf27-6f812b2cf323', '4d58cb96-c13d-4efd-ab43-71c889498b6e']",25,,,,,,,,,,,,,,,,,Cameroon,2722,00:24:25.361,Carry,
,,,,,"[75.3, 68.3]",,,,,,,,,,,,0.112501,,,,,,,,,,,6c6806ff-1e8d-49e7-8381-b2189279e61d,729,,"[75.3, 67.8]",3920389,24,,,,,,,,,,,,,,,,,,,,,,,,1,From Keeper,Frank Magri,189348.0,Right Wing,40,Cameroon,2722,"['93c4ab53-e798-4b20-abda-6bc8becffc11', '24af2bf9-62e1-4d1b-b7c6-ed4e29fd2aba', 'df580808-7587-4e14-a6da-d56fdddf8ee0']",27,,,,,,,,,,,,,,,,,Cameroon,2722,00:24:27.098,Carry,True
,,,,,"[33.9, 9.1]",,,,,,,,,,,,1.468883,,,,,,,,,,,71a6b73a-2ce0-4554-b257-a01b9ba467aa,739,,"[31.3, 12.0]",3920389,24,,,,,,,,,,,,,,,,,,,,,,,,1,Regular Play,Julian Jeanvier,7360.0,Left Center Back,41,Guinea,4892,"['edecdb56-e502-42bd-b1a9-4f5c231a6f19', 'a4224402-1493-4917-a47d-ebcea1bd834f']",32,,,,,,,,,,,,,,,,,Guinea,4892,00:24:32.466,Carry,
,,,,,"[52.2, 36.1]",,,,,,,,,,,,6.488753,,,,,,,,,,,135bc11a-289d-4458-ad89-02622a0f5192,747,,"[39.2, 56.5]",3920389,24,,,,,,,,,,,,,,,,,,,,,,,,1,Regular Play,Olivier Michel Kemen,7355.0,Center Defensive Midfield,42,Cameroon,2722,"['91e63779-f35e-4c1b-946e-9ae718a6acd6', '5b23c8d1-11eb-4929-b8d0-f12e510d5787']",43,,,,,,,,,,,,,,,,,Cameroon,2722,00:24:43.393,Carry,
,,,,,"[49.9, 19.2]",,,,,,,,,,,,1.556487,,,,,,,,,,,248340bf-fbd5-4e4d-8102-8f19bbc19ee0,750,,"[50.3, 17.9]",3920389,24,,,,,,,,,,,,,,,,,,,,,,,,1,Regular Play,Harold Moukoudi,7386.0,Left Center Back,42,Cameroon,2722,"['e3871269-2810-4f7c-98cf-bdd78ac39efc', 'f47a8e21-51a8-41aa-a5b9-6296508703b9']",51,,,,,,,,,,,,,,,,,Cameroon,2722,00:24:51.778,Carry,
,,,,,"[62.2, 58.1]",,,,,,,,,,,,1.611512,,,,,,,,,,,5c4b660e-a8f9-48b3-acbd-93b36851fa2c,753,,"[57.2, 53.6]",3920389,24,,,,,,,,,,,,,,,,,,,,,,,,1,Regular Play,Christopher Wooh,74588.0,Right Center Back,42,Cameroon,2722,"['b8c8a331-d5f6-4bd7-b5ad-6777e785c2aa', '5515861e-3fab-4979-b4e2-dc09f47b5f16']",55,,,,,,,,,,,,,,,,,Cameroon,2722,00:24:55.901,Carry,
,,,,,"[78.7, 63.1]",,,,,,,,,,,,4.462123,,,,,,,,,,,d211d493-304e-4e3a-9402-a527c1bf16a6,756,,"[80.0, 74.8]",3920389,24,,,,,,,,,,,,,,,,,,,,,,,,1,Regular Play,Frank Magri,189348.0,Right Wing,42,Cameroon,2722,"['018a1b78-8c9f-4737-bf73-0c3ecb84154a', 'ed81ec62-5b29-4b51-bf57-4e65b6b75ddb', '4ae87aac-78a2-4c45-9e5c-9973836dea83']",58,,,,,,,,,,,,,,,,,Cameroon,2722,00:24:58.602,Carry,True
,,,,,"[68.7, 51.1]",,,,,,,,,,,,3.586145,,,,,,,,,,,c262b200-a12f-4839-8886-b5ade5a1ce5b,760,,"[66.2, 46.8]",3920389,25,,,,,,,,,,,,,,,,,,,,,,,,1,Regular Play,Olivier Michel Kemen,7355.0,Center Defensive Midfield,42,Cameroon,2722,"['a170f08f-d7f5-44e7-b589-1c6a7fef5da4', 'f97bf123-44fd-4975-96c1-a7f81c089c48']",4,,,,,,,,,,,,,,,,,Cameroon,2722,00:25:04.674,Carry,
,,,,,"[80.0, 70.7]",,,,,,,,,,,,3.052129,,,,,,,,,,,3d59b59d-a520-49f0-be23-0babbab5f21f,763,,"[80.2, 71.0]",3920389,25,,,,,,,,,,,,,,,,,,,,,,,,1,Regular Play,Jules Olivier Ntcham,10530.0,Right Center Midfield,42,Cameroon,2722,"['fde419b8-a490-4828-9fa7-c9be0d747966', '36ccb9a4-f6f1-43fc-bb92-cde5af53798d']",9,,,,,,,,,,,,,,,,,Cameroon,2722,00:25:09.383,Carry,
,,,,,"[62.8, 54.2]",,,,,,,,,,,,0.974619,,,,,,,,,,,a2df3414-7e30-477c-89b0-c8cd40463b9e,766,,"[62.2, 54.2]",3920389,25,,,,,,,,,,,,,,,,,,,,,,,,1,Regular Play,Christopher Wooh,74588.0,Right Center Back,42,Cameroon,2722,"['d881b080-808b-49f2-bf72-e2b9734c07f3', 'd68ba877-2a48-41c0-ad39-9abd68c31562']",14,,,,,,,,,,,,,,,,,Cameroon,2722,00:25:14.143,Carry,
,,,,,"[68.2, 15.6]",,,,,,,,,,,,1.476693,,,,,,,,,,,5d2fafe6-3c68-4fd1-b232-274a331370b0,769,,"[65.0, 25.0]",3920389,25,,,,,,,,,,,,,,,,,,,,,,,,1,Regular Play,Harold Moukoudi,7386.0,Left Center Back,42,Cameroon,2722,"['6cfdc540-a48a-4e36-b8bb-a86be21f7d76', '670bf50a-076b-4847-a800-6a30090270bf']",17,,,,,,,,,,,,,,,,,Cameroon,2722,00:25:17.117,Carry,
,,,,,"[89.5, 1.1]",,,,,,,,,,,,1.995769,,,,,,,,,,,9f5c45b4-aa4f-4898-b12e-cc5049a488a9,772,,"[87.7, 4.1]",3920389,25,,,,,,,,,,,,,,,,,,,,,,,,1,Regular Play,Darlin Zidane Yongwa Ngameni,32190.0,Left Back,42,Cameroon,2722,"['2b438864-bb93-4aab-901f-c6f5d11f237a', '961a3473-182e-48a8-8d03-f3971e3c47ee']",20,,,,,,,,,,,,,,,,,Cameroon,2722,00:25:20.155,Carry,
,,,,,"[77.2, 19.0]",,,,,,,,,,,,0.984631,,,,,,,,,,,c015a33e-8b37-40e3-9472-fcfbba8345d1,781,,"[76.2, 19.0]",3920389,25,,,,,,,,,,,,,,,,,,,,,,,,1,Regular Play,Olivier Michel Kemen,7355.0,Center Defensive Midfield,42,Cameroon,2722,"['ae2abaea-3779-43e5-b632-aec61713b7b8', '30d3b1ad-f7aa-412b-90b2-424d8fd8289e']",26,,,,,,,,,,,,,,,,,Cameroon,2722,00:25:26.594,Carry,
,,,,,"[84.8, 33.5]",,,,,,,,,,,,0.401849,,,,,,,,,,,1f884d80-fd83-4781-abd1-f6fba6973e76,784,,"[87.7, 34.7]",3920389,25,,,,,,,,,,,,,,,,,,,,,,,,1,Regular Play,Jules Olivier Ntcham,10530.0,Right Center Midfield,42,Cameroon,2722,"['343975cf-dd84-4021-8098-3eaf40d56c2f', 'fc76dda5-7012-4108-a268-59a07699dd2a', '17f3fa0a-09cc-4ed4-9139-1425648d5c5c']",29,,,,,,,,,,,,,,,,,Cameroon,2722,00:25:29.103,Carry,True
,,,,,"[63.8, 40.2]",,,,,,,,,,,,0.860046,,,,,,,,,,,c660e648-c1fc-4f8d-b208-70fa2575a5a0,795,,"[66.2, 40.1]",3920389,25,,,,,,,,,,,,,,,,,,,,,,,,1,Regular Play,Olivier Michel Kemen,7355.0,Center Defensive Midfield,42,Cameroon,2722,"['1f7438ad-9522-48a0-8004-4fc60cf2c00c', 'c430cd0f-6640-4fc0-beda-5f55e320fdda']",38,,,,,,,,,,,,,,,,,Cameroon,2722,00:25:38.709,Carry,
,,,,,"[41.7, 19.7]",,,,,,,,,,,,2.27732,,,,,,,,,,,d3bec666-54fc-4c57-b59b-8a5c388fd127,798,,"[45.5, 24.0]",3920389,25,,,,,,,,,,,,,,,,,,,,,,,,1,Regular Play,Harold Moukoudi,7386.0,Left Center Back,42,Cameroon,2722,"['59c17904-fdc9-4372-ae75-0a7adea0456d', 'f91248de-abf6-4e84-ac16-9d168e80729f']",42,,,,,,,,,,,,,,,,,Cameroon,2722,00:25:42.168,Carry,
,,,,,"[49.6, 33.2]",,,,,,,,,,,,2.190659,,,,,,,,,,,e29f9ffc-49ce-4821-b91b-1052c21a3f3a,801,,"[47.1, 29.7]",3920389,25,,,,,,,,,,,,,,,,,,,,,,,,1,Regular Play,Olivier Michel Kemen,7355.0,Center Defensive Midfield,42,Cameroon,2722,"['1f656cae-3937-4fee-9855-1e22e7ebf8f6', '3accbb6b-86ed-419f-bede-eb04acb9892d']",45,,,,,,,,,,,,,,,,,Cameroon,2722,00:25:45.901,Carry,
,,,,,"[98.3, 52.3]",,,,,,,,,,,,2.592745,,,,,,,,,,,3c54dd79-3749-4320-90e1-f0e291060eb4,805,,"[95.5, 50.6]",3920389,25,,,,,,,,,,,,,,,,,,,,,,,,1,Regular Play,Karl Brillant Toko Ekambi,3551.0,Center Forward,42,Cameroon,2722,"['9c7605d6-c0a0-4694-b0dd-abe7b11d137e', '67abb244-8cb1-4429-a3a3-45cbf705d0df', 'f09c40c4-8503-4743-82fb-f66ec32ed81b']",50,,,,,,,,,,,,,,,,,Cameroon,2722,00:25:50.859,Carry,True
,,,,,"[115.5, 12.7]",,,,,,,,,,,,0.960846,,,,,,,,,,,797d4fb9-8aa3-4739-9997-c612ce56e7a9,810,,"[110.1, 11.1]",3920389,25,,,,,,,,,,,,,,,,,,,,,,,,1,Regular Play,Darlin Zidane Yongwa Ngameni,32190.0,Left Back,42,Cameroon,2722,"['97cef414-0023-49aa-be8c-1436604d19ad', '7d6f6440-5a14-40cc-879c-3635cbddcd2e']",58,,,,,,,,,,,,,,,,,Cameroon,2722,00:25:58.500,Carry,
,,,,,"[92.0, 14.2]",,,,,,,,,,,,0.76934,,,,,,,,,,,a5598075-4598-49d2-a0c3-bdc5af8920ac,815,,"[92.0, 13.1]",3920389,26,,,,,,,,,,,,,,,,,,,,,,,,1,Regular Play,André-Frank Zambo Anguissa,3141.0,Left Center Midfield,42,Cameroon,2722,"['0ab0a5e8-b435-47f0-964e-2a531b96b880', '6adb3712-3d06-4556-8b8f-8ad2a19058f2', '77754e3a-0a3a-4535-b3ab-c3a39fad8c1e']",1,,,,,,,,,,,,,,,,,Cameroon,2722,00:26:01.802,Carry,True
,,,,,"[72.5, 6.0]",,,,,,,,,,,,4.001741,,,,,,,,,,,d1be8ef8-413d-4e05-abde-1bd3a44304a5,821,,"[79.4, 1.8]",3920389,26,,,,,,,,,,,,,,,,,,,,,,,,1,From Throw In,André-Frank Zambo Anguissa,3141.0,Left Center Midfield,43,Cameroon,2722,"['920bb967-1f4f-4390-b6c2-b5b44ba39aa3', 'c89f06d9-50c8-4b55-aeef-3375cd1f9553']",9,,,,,,,,,,,,,,,,,Cameroon,2722,00:26:09.417,Carry,
,,,,,"[63.2, 40.1]",,,,,,,,,,,,2.144509,,,,,,,,,,,04e6fdc0-a24e-4371-9a03-c01e45146e1f,824,,"[61.9, 35.7]",3920389,26,,,,,,,,,,,,,,,,,,,,,,,,1,From Throw In,Harold Moukoudi,7386.0,Left Center Back,43,Cameroon,2722,"['b228bd80-57e3-4335-9e41-efe3717cbb57', '7176427b-86f8-4856-940a-30330983d815']",15,,,,,,,,,,,,,,,,,Cameroon,2722,00:26:15.330,Carry,
,,,,,"[64.7, 24.0]",,,,,,,,,,,,0.76421,,,,,,,,,,,3a014472-92fa-4adb-9845-0485c1d33c31,827,,"[61.8, 25.6]",3920389,26,,,,,,,,,,,,,,,,,,,,,,,,1,From Throw In,Olivier Michel Kemen,7355.0,Center Defensive Midfield,43,Cameroon,2722,"['a782819e-aa78-4659-baaa-3214469231d5', '26334b45-f7d6-4c2d-a11d-db87af2c7420']",18,,,,,,,,,,,,,,,,,Cameroon,2722,00:26:18.701,Carry,
,,,,,"[75.7, 5.4]",,,,,,,,,,,,1.193428,,,,,,,,,,,30f12042-9508-460a-83e6-34db0cef04cb,830,,"[73.3, 10.4]",3920389,26,,,,,,,,,,,,,,,,,,,,,,,,1,From Throw In,André-Frank Zambo Anguissa,3141.0,Left Center Midfield,43,Cameroon,2722,"['60d326d3-b95c-4156-a81d-72146f287f01', 'a52a1d96-bef7-42dd-8cca-d4308eb67ed0']",20,,,,,,,,,,,,,,,,,Cameroon,2722,00:26:20.779,Carry,
,,,,,"[91.9, 2.0]",,,,,,,,,,,,1.701301,,,,,,,,,,,46be439e-ec36-433a-8380-56998418784f,833,,"[91.5, 1.1]",3920389,26,,,,,,,,,,,,,,,,,,,,,,,,1,From Throw In,Darlin Zidane Yongwa Ngameni,32190.0,Left Back,43,Cameroon,2722,"['dc84413c-026d-462a-b17d-4d525629141b', '5542b7e3-64a1-49b6-af7c-42b01e487605']",23,,,,,,,,,,,,,,,,,Cameroon,2722,00:26:23.083,Carry,
,,,,,"[86.2, 3.5]",,,,,,,,,,,,0.90326,,,,,,,,,,,d624d99c-f28a-4425-9c77-6bf0967e08ce,839,,"[86.2, 3.5]",3920389,26,,,,,,,,,,,,,,,,,,,,,,,,1,From Throw In,Darlin Zidane Yongwa Ngameni,32190.0,Left Back,43,Cameroon,2722,"['af3089b9-27fc-4f2e-8d6d-1ca10021a0ce', '77786319-4647-4d1b-8761-4136d5d05269']",26,,,,,,,,,,,,,,,,,Cameroon,2722,00:26:26.546,Carry,
,,,,,"[70.4, 7.4]",,,,,,,,,,,,4.209577,,,,,,,,,,,68f951c9-099b-4d1a-affd-3b9b767921d9,843,,"[91.8, 1.6]",3920389,26,,,,,,,,,,,,,,,,,,,,,,,,1,From Throw In,Georges-Kévin Nkoudou Mbida,3639.0,Left Wing,43,Cameroon,2722,"['cc4aca3e-0789-444e-94fd-0d27de7dfeac', '522c1205-4153-4438-ab1e-c6bd852b42c0', '59130b04-172c-4489-8c4f-5506c9b7fb37']",27,,,,,,,,,,,,,,,,,Cameroon,2722,00:26:27.901,Carry,True
,,,,,"[67.5, 21.4]",,,,,,,,,,,,1.68524,,,,,,,,,,,52616232-4fd7-4086-8e68-4afcb5523815,846,,"[66.7, 10.2]",3920389,26,,,,,,,,,,,,,,,,,,,,,,,,1,From Throw In,Olivier Michel Kemen,7355.0,Center Defensive Midfield,43,Cameroon,2722,"['5ac5fcf7-9f05-4a67-a335-c86558f14d1e', '9c7a798f-2647-4bd9-9526-1bba03bd76fb']",32,,,,,,,,,,,,,,,,,Cameroon,2722,00:26:32.973,Carry,
,,,,,"[83.9, 65.8]",,,,,,,,,,,,2.433533,,,,,,,,,,,7ec69529-21bc-4fc2-9e2d-6afada8b6dd8,849,,"[70.0, 60.6]",3920389,26,,,,,,,,,,,,,,,,,,,,,,,,1,From Throw In,Christopher Wooh,74588.0,Right Center Back,43,Cameroon,2722,"['3b320bf4-b800-4636-aa2f-d5afd0fb4f66', 'e55d5b5c-a433-4609-9379-c812f9676681', '172054fe-5eb8-4628-8e3a-46fa28910e22']",36,,,,,,,,,,,,,,,,,Cameroon,2722,00:26:36.915,Carry,True
,,,,,"[102.0, 71.6]",,,,,,,,,,,,1.988325,,,,,,,,,,,a5493384-451b-4eba-91cf-8b9c6ba81eaa,853,,"[103.3, 72.7]",3920389,26,,,,,,,,,,,,,,,,,,,,,,,,1,From Throw In,Jean-Charles Castelletto,7426.0,Right Back,43,Cameroon,2722,"['f862935a-f5f1-46a8-86f4-5a5bffd6bd31', '7eb2ce4f-a223-433c-84f9-cd2e40e75f61']",40,,,,,,,,,,,,,,,,,Cameroon,2722,00:26:40.635,Carry,
,,,,,"[82.3, 63.5]",,,,,,,,,,,,1.132311,,,,,,,,,,,3497a75d-e56f-4eb0-89d9-66f0ba995ae8,858,,"[81.5, 63.8]",3920389,26,,,,,,,,,,,,,,,,,,,,,,,,1,From Throw In,Christopher Wooh,74588.0,Right Center Back,43,Cameroon,2722,"['4b343f2b-4776-4da2-a247-27e41f48a8cb', '9d2c341e-4fe9-4c5a-aa08-e04f7002f2e5']",45,,,,,,,,,,,,,,,,,Cameroon,2722,00:26:45.580,Carry,
,,,,,"[68.5, 49.1]",,,,,,,,,,,,0.530855,,,,,,,,,,,0e150de4-1f6f-460f-b236-ace1c514b3f4,861,,"[68.5, 49.1]",3920389,26,,,,,,,,,,,,,,,,,,,,,,,,1,From Throw In,Harold Moukoudi,7386.0,Left Center Back,43,Cameroon,2722,"['45d5350c-c2a2-483f-ade6-7aa49b1f430d', '4a78f161-985b-46b0-979f-eec39cd38af0']",49,,,,,,,,,,,,,,,,,Cameroon,2722,00:26:49.071,Carry,
,,,,,"[70.7, 28.5]",,,,,,,,,,,,2.352192,,,,,,,,,,,de89b683-3088-48fc-82a2-081a2d796591,864,,"[70.4, 30.5]",3920389,26,,,,,,,,,,,,,,,,,,,,,,,,1,From Throw In,Olivier Michel Kemen,7355.0,Center Defensive Midfield,43,Cameroon,2722,"['e74e816f-226f-49ec-97f6-ae12a0a1534c', '5c5e58c1-8c68-4330-8fc3-c95cc866c0f3']",50,,,,,,,,,,,,,,,,,Cameroon,2722,00:26:50.986,Carry,
,,,,,"[16.1, 31.1]",,,,,,,,,,,,23.538301,,,,,,,,,,,a89237e3-8742-440f-b706-c482e8549b0a,868,,"[4.1, 34.4]",3920389,26,,,,,,,,,,,,,,,,,,,,,,,,1,From Throw In,Ibrahim Kone,182573.0,Goalkeeper,43,Cameroon,2722,"['4a120c43-1164-41ef-ae11-96687af9afb0', 'eb98938f-14a7-4611-981e-7bf59788501a']",56,,,,,,,,,,,,,,,,,Guinea,4892,00:26:56.067,Carry,
,,,,,"[55.7, 33.5]",,,,,,,,,,,,0.058144,,,,,,,,,,,22cd9eda-f003-4832-ab22-0e83d4b156ca,874,,"[55.4, 33.2]",3920389,27,,,,,,,,,,,,,,,,,,,,,,,,1,From Throw In,André-Frank Zambo Anguissa,3141.0,Left Center Midfield,43,Cameroon,2722,"['d82cbc60-b657-43a1-aced-60e9050b1096', '42524cf1-7fa7-4122-b541-21e8e1ae4617', '2fea4518-6657-42c6-8fbc-e679aba3efeb']",24,,,,,,,,,,,,,,,,,Cameroon,2722,00:27:24.707,Carry,True
,,,,,"[58.3, 38.9]",,,,,,,,,,,,2.104713,,,,,,,,,,,e952ceab-f8a6-4b89-8c0d-fb148faba35c,888,,"[58.7, 39.6]",3920389,28,,,,,,,,,,,,,,,,,,,,,,,,1,From Free Kick,Julian Jeanvier,7360.0,Left Center Back,45,Guinea,4892,"['c54a4767-0796-4836-bc84-e18bf701d5bf', 'c509f677-e01c-4f47-8d6b-8da261f35f8b']",35,,,,,,,,,,,,,,,,,Guinea,4892,00:28:35.095,Carry,
,,,,,"[51.2, 60.4]",,,,,,,,,,,,1.36371,,,,,,,,,,,9e02abf7-a658-4fc2-b98c-92de04ec3424,891,,"[51.2, 60.4]",3920389,28,,,,,,,,,,,,,,,,,,,,,,,,1,From Free Kick,Mouctar Diakhaby,4267.0,Right Center Back,45,Guinea,4892,"['31005412-8aa0-4c5a-9305-00b054e9e1ad', '791668c7-4dbe-402c-94d0-fa08be07dd34']",39,,,,,,,,,,,,,,,,,Guinea,4892,00:28:39.469,Carry,
,,,,,"[16.9, 9.5]",,,,,,,,,,,,1.670637,,,,,,,,,,,09df9057-a1c6-4836-80de-521f2ecc5f47,898,,"[16.3, 9.6]",3920389,28,,,,,,,,,,,,,,,,,,,,,,,,1,Regular Play,Harold Moukoudi,7386.0,Left Center Back,46,Cameroon,2722,"['2d16cfb2-bcd3-4e2a-83df-7bc3a008d932', 'df7aba25-f75a-4a41-b701-b5e57df612ad', '78e888d7-6e14-48e6-8437-cdbb9c4781fd']",44,,,,,,,,,,,,,,,,,Cameroon,2722,00:28:44.713,Carry,True
,,,,,"[33.1, 17.0]",,,,,,,,,,,,1.044429,,,,,,,,,,,d3fc37c0-067c-44ee-9c9d-6de156c99dfd,902,,"[30.6, 16.5]",3920389,28,,,,,,,,,,,,,,,,,,,,,,,,1,Regular Play,Olivier Michel Kemen,7355.0,Center Defensive Midfield,46,Cameroon,2722,"['f951d5b8-e799-44f0-b7ec-2687ee998039', '72a9c91f-5649-41c5-8a88-91a1772f97bb']",47,,,,,,,,,,,,,,,,,Cameroon,2722,00:28:47.287,Carry,
,,,,,"[58.2, 7.0]",,,,,,,,,,,,1.783506,,,,,,,,,,,5ecd6f45-1198-4d57-9705-537cdd53adca,905,,"[49.3, 8.5]",3920389,28,,,,,,,,,,,,,,,,,,,,,,,,1,Regular Play,André-Frank Zambo Anguissa,3141.0,Left Center Midfield,46,Cameroon,2722,"['71cd95b5-b4d1-49d5-b43d-411bfa4bc6a4', '3ac69b72-c949-4b85-945e-eb0f1769b9b6', 'aac1298d-e284-4107-aba4-89651c1fb9ab']",49,,,,,,,,,,,,,,,,,Cameroon,2722,00:28:49.544,Carry,True
,,,,,"[74.4, 1.6]",,,,,,,,,,,,0.322456,,,,,,,,,,,6b0ba9df-06ba-4db3-81b5-e829423b6a64,909,,"[74.3, 2.1]",3920389,28,,,,,,,,,,,,,,,,,,,,,,,,1,Regular Play,Darlin Zidane Yongwa Ngameni,32190.0,Left Back,46,Cameroon,2722,"['2bd67596-8a7b-42a2-84fb-243796126949', '9e00d9b0-2d5a-435c-82d9-af5cd3b304e0', 'eb1e2bfb-ada4-47c9-8ee0-358bd3fe7c1e']",52,,,,,,,,,,,,,,,,,Cameroon,2722,00:28:52.697,Carry,True
,,,,,"[7.0, 77.0]",,,,,,,,,,,,3.786492,,,,,,,,,,,62b940eb-bcd9-489a-bfb3-503652820279,914,,"[19.3, 70.9]",3920389,28,,,,,,,,,,,,,,,,,,,,,,,,1,Regular Play,Mouctar Diakhaby,4267.0,Right Center Back,46,Cameroon,2722,"['c5546a56-82d0-4bdc-97e2-99ead7a4f97f', 'e6913767-210d-4baf-af20-b26df969238d', '9d627da9-1852-460f-a077-879de4f4ad09']",54,,,,,,,,,,,,,,,,,Guinea,4892,00:28:54.968,Carry,True
,,,,,"[85.9, 3.5]",,,,,,,,,,,,3.338838,,,,,,,,,,,4ce31c1a-6333-44fa-988d-dee512417a8d,923,,"[85.9, 3.5]",3920389,29,,,,,,,,,,,,,,,,,,,,,,,,1,From Throw In,André-Frank Zambo Anguissa,3141.0,Left Center Midfield,47,Cameroon,2722,"['4393a609-32bc-4c7e-8c55-6982cc905551', '2d96939b-3c2c-4aaa-bebc-fb3245688a13']",10,,,,,,,,,,,,,,,,,Cameroon,2722,00:29:10.955,Carry,
,,,,,"[100.4, 14.0]",,,,,,,,,,,,1.745636,,,,,,,,,,,34cbc208-d024-4958-9c9b-25c39714ba99,927,,"[99.5, 15.6]",3920389,29,,,,,,,,,,,,,,,,,,,,,,,,1,From Throw In,Georges-Kévin Nkoudou Mbida,3639.0,Left Wing,47,Cameroon,2722,"['ad1dacc1-087a-4c1b-89ab-a212226eb01c', '48e5b0e8-13bb-4419-9599-e19afd7fcaf2', '78232f70-03dc-4936-81b9-d4be44e5aca4']",15,,,,,,,,,,,,,,,,,Cameroon,2722,00:29:15.255,Carry,True
,,,,,"[21.7, 68.4]",,,,,,,,,,,,0.685483,,,,,,,,,,,d192af9d-6080-456c-bce9-4314696b763a,930,,"[21.8, 70.2]",3920389,29,,,,,,,,,,,,,,,,,,,,,,,,1,From Throw In,Morgan Guilavogui,47351.0,Right Wing,47,Cameroon,2722,"['efb52257-f7f1-4f62-a1d3-2704ad9535fe', 'f867fc41-f140-4fc1-9153-54025af5bc61', '6f0d61c1-8427-46c9-8b00-c52269882623']",18,,,,,,,,,,,,,,,,,Guinea,4892,00:29:18.440,Carry,True
,,,,,"[33.8, 57.0]",,,,,,,,,,,,1.2838,,,,,,,,,,,872df24f-e244-4f83-9099-5b345a01159f,935,,"[32.1, 55.9]",3920389,29,,,,,,,,,,,,,,,,,,,,,,,,1,From Throw In,François Kamano,3405.0,Left Wing,47,Cameroon,2722,"['39025bbd-3743-4921-88e4-84c3edf84d85', '21a181d8-0769-4b18-99fc-ebf17e05b3c9', 'f5c2b90f-f0b8-41a4-b912-ccda9ebfbdf0']",20,,,,,,,,,,,,,,,,,Guinea,4892,00:29:20.742,Carry,True
,,,,,"[95.4, 31.2]",,,,,,,,,,,,1.011401,,,,,,,,,,,8bbe9d90-3015-47e4-b56e-a9bf4c7926d3,938,,"[92.4, 23.6]",3920389,29,,,,,,,,,,,,,,,,,,,,,,,,1,From Throw In,Frank Magri,189348.0,Right Wing,47,Cameroon,2722,"['d32b0e43-9b09-4467-8ede-4cf71a1776b6', 'd1408af3-97b5-4662-88f8-e83fe61c73a7']",23,,,,,,,,,,,,,,,,,Cameroon,2722,00:29:23.037,Carry,
,,,,,"[87.9, 50.1]",,,,,,,,,,,,1.827314,,,,,,,,,,,21fd9857-6409-4e88-9512-c8f31390d4cf,943,,"[83.9, 50.1]",3920389,29,,,,,,,,,,,,,,,,,,,,,,,,1,From Throw In,Jean-Charles Castelletto,7426.0,Right Back,47,Cameroon,2722,"['bdaf4fd9-41c2-40fa-aecf-352882fb4822', '0605fa7f-85f4-41a0-a569-c8240478eb03']",26,,,,,,,,,,,,,,,,,Cameroon,2722,00:29:26.197,Carry,
,,,,,"[98.3, 68.1]",,,,,,,,,,,,3.154541,,,,,,,,,,,2006fab7-e796-4152-a6ac-5348f333ff84,946,,"[98.3, 63.5]",3920389,29,,,,,,,,,,,,,,,,,,,,,,,,1,From Throw In,Karl Brillant Toko Ekambi,3551.0,Center Forward,47,Cameroon,2722,"['008a9f7d-c5db-4ba7-b84b-acd899237220', '77440ac5-a6a7-4053-9be5-3c8ed6a15a46']",29,,,,,,,,,,,,,,,,,Cameroon,2722,00:29:29.431,Carry,
,,,,,"[26.3, 6.6]",,,,,,,,,,,,1.984066,,,,,,,,,,,1d5b78dc-93bc-451f-9fb2-a0860282cda5,952,,"[28.1, 8.5]",3920389,29,,,,,,,,,,,,,,,,,,,,,,,,1,Regular Play,François Kamano,3405.0,Left Wing,48,Guinea,4892,"['5a0dac1f-4701-4499-8ede-9af3ac5e8642', 'f8d35de2-b208-4c94-aa3f-9600749e2e00', '608e1834-28eb-4f5c-a6c0-48469a57015d']",34,,,,,,,,,,,,,,,,,Guinea,4892,00:29:34.246,Carry,True
,,,,,"[29.0, 16.3]",,,,,,,,,,,,0.163863,,,,,,,,,,,f43feaa5-5a3f-4e0f-aed1-30ad5fbad3fe,956,,"[28.2, 13.9]",3920389,29,,,,,,,,,,,,,,,,,,,,,,,,1,Regular Play,Sekou Oumar Sylla,132711.0,Left Back,48,Guinea,4892,"['979b577e-33f0-43d5-b0ae-b2c39b00f939', 'cdc97a57-90c9-480d-be88-d8136ebefb8d', 'a476d81f-0c7a-4d12-a042-f6d17450b141']",36,,,,,,,,,,,,,,,,,Guinea,4892,00:29:36.579,Carry,True
,,,,,"[31.4, 20.4]",,,,,,,,,,,,0.539705,,,,,,,,,,,45045410-2dbb-4f64-9714-b8dc65e96e5f,961,,"[31.4, 21.4]",3920389,29,,,,,,,,,,,,,,,,,,,,,,,,1,Regular Play,Moriba Kourouma Kourouma,39073.0,Left Defensive Midfield,48,Guinea,4892,"['581fb9ac-7183-443d-8738-d043a055e301', 'b6a473a5-0ca1-4fb7-9e13-ad72ccddc7b7']",38,,,,,,,,,,,,,,,,,Guinea,4892,00:29:38.669,Carry,
,,,,,"[76.8, 9.7]",,,,,,,,,,,,2.770704,,,,,,,,,,,34430f90-fe6e-4c08-b851-8a38ede54c37,964,,"[55.4, 13.9]",3920389,29,,,,,,,,,,,,,,,,,,,,,,,,1,Regular Play,Sekou Oumar Sylla,132711.0,Left Back,48,Guinea,4892,"['248c6239-c7c0-4157-9e96-4f7b3a3295d0', '4d0c47f0-98c1-41ff-97a0-eaa7ab42d673', '3a7c03d0-dffa-4aa5-8827-8de1195cef91']",41,,,,,,,,,,,,,,,,,Guinea,4892,00:29:41.406,Carry,True
,,,,,"[54.2, 39.1]",,,,,,,,,,,,3.099408,,,,,,,,,,,e4c23d4b-63e9-49b5-85ad-bcdf04bd2d8b,973,,"[44.6, 42.5]",3920389,32,,,,,,,,,,,,,,,,,,,,,,,,1,From Goal Kick,Jules Olivier Ntcham,10530.0,Right Center Midfield,49,Cameroon,2722,"['c670b1dd-2254-481c-bd3e-8802c0605028', 'd3baef01-44ab-4b45-be84-51d953aaa69c']",9,,,,,,,,,,,,,,,,,Cameroon,2722,00:32:09.124,Carry,
,,,,,"[63.2, 52.0]",,,,,,,,,,,,0.040621,,,,,,,,,,,9ea9c31a-b77c-435d-908a-f074537933ba,976,,"[62.9, 52.0]",3920389,32,,,,,,,,,,,,,,,,,,,,,,,,1,From Goal Kick,Olivier Michel Kemen,7355.0,Center Defensive Midfield,49,Cameroon,2722,"['b0035192-572f-4f1d-a1b0-4fbe874a5f8b', '2c40c2d0-cd3c-42f8-b6d5-3af5623e6897']",13,,,,,,,,,,,,,,,,,Cameroon,2722,00:32:13.221,Carry,
,,,,,"[49.9, 56.6]",,,,,,,,,,,,1.57179,,,,,,,,,,,63b0d84f-9905-4a56-b6b9-efa270a57346,979,,"[48.4, 52.3]",3920389,32,,,,,,,,,,,,,,,,,,,,,,,,1,From Goal Kick,Christopher Wooh,74588.0,Right Center Back,49,Cameroon,2722,"['f6fd764a-e650-4b46-b97b-dbec36c9bade', '67906e24-5b8b-4c84-b46e-ea562130a54f']",14,,,,,,,,,,,,,,,,,Cameroon,2722,00:32:14.485,Carry,
,,,,,"[72.3, 69.2]",,,,,,,,,,,,1.474139,,,,,,,,,,,5ec8eea2-ea67-40d2-a3fe-f7b1dba569c9,982,,"[74.3, 74.4]",3920389,32,,,,,,,,,,,,,,,,,,,,,,,,1,From Goal Kick,Jean-Charles Castelletto,7426.0,Right Back,49,Cameroon,2722,"['585e927d-d016-4d9c-84ab-3eec8120b02c', '81edcf62-2172-4c13-b944-a8eed3a1a974']",17,,,,,,,,,,,,,,,,,Cameroon,2722,00:32:17.387,Carry,
,,,,,"[61.9, 35.1]",,,,,,,,,,,,0.912922,,,,,,,,,,,0715c50a-5c0a-438b-aab3-69e374125581,989,,"[61.9, 35.1]",3920389,32,,,,,,,,,,,,,,,,,,,,,,,,1,From Goal Kick,Harold Moukoudi,7386.0,Left Center Back,49,Cameroon,2722,"['7898591c-0753-4cd4-b5ad-910cfca7bf86', '2754d46a-7635-475a-8c5f-7631ea52ed34']",25,,,,,,,,,,,,,,,,,Cameroon,2722,00:32:25.187,Carry,
,,,,,"[73.9, 14.2]",,,,,,,,,,,,1.784805,,,,,,,,,,,a13927ac-7b2f-4d6b-a7b0-99e7cb2f4f1a,992,,"[68.9, 22.9]",3920389,32,,,,,,,,,,,,,,,,,,,,,,,,1,From Goal Kick,André-Frank Zambo Anguissa,3141.0,Left Center Midfield,49,Cameroon,2722,"['28b8b330-f244-4e30-a6e2-96ae8825c3e0', '1b8d6060-389c-4238-a4a5-04525b62ba4e']",27,,,,,,,,,,,,,,,,,Cameroon,2722,00:32:27.497,Carry,
,,,,,"[85.2, 18.5]",,,,,,,,,,,,0.921939,,,,,,,,,,,bf862799-6b53-48cc-9521-8bded4d4ad6b,995,,"[85.2, 15.6]",3920389,32,,,,,,,,,,,,,,,,,,,,,,,,1,From Goal Kick,Georges-Kévin Nkoudou Mbida,3639.0,Left Wing,49,Cameroon,2722,"['336f124d-081f-45ef-8dd6-7827aa8c6c52', 'eb887f16-ebc0-493a-bd72-bde8c499d620', '84711b12-8f39-4473-98be-300dd5463a94']",30,,,,,,,,,,,,,,,,,Cameroon,2722,00:32:30.333,Carry,True
,,,,,"[21.3, 49.7]",,,,,,,,,,,,0.937941,,,,,,,,,,,80663e76-52e7-4e0d-9112-528c7f811101,1000,,"[22.8, 48.9]",3920389,32,,,,,,,,,,,,,,,,,,,,,,,,1,Regular Play,Mouctar Diakhaby,4267.0,Right Center Back,50,Guinea,4892,"['7614ae57-25b8-4da3-85e8-fd7266ad2584', '7a97a83f-2b8c-4709-91dd-d725174e485b']",31,,,,,,,,,,,,,,,,,Guinea,4892,00:32:31.958,Carry,
,,,,,"[59.3, 21.0]",,,,,,,,,,,,3.750552,,,,,,,,,,,76a97e0c-9fe6-4852-aade-71bba0b46f57,1003,,"[37.8, 28.6]",3920389,32,,,,,,,,,,,,,,,,,,,,,,,,1,Regular Play,François Kamano,3405.0,Left Wing,50,Guinea,4892,"['f9642d04-29d4-457e-9682-8b10fb9ed43c', 'bdd43eb1-7d05-435c-b18e-9cfadd7d824c']",34,,,,,,,,,,,,,,,,,Guinea,4892,00:32:34.012,Carry,
,,,,,"[38.6, 11.4]",,,,,,,,,,,,2.577176,,,,,,,,,,,2201e9a8-2f0d-44f8-b580-11cc7b9ef9de,1009,,"[45.8, 7.3]",3920389,32,,,,,,,,,,,,,,,,,,,,,,,,1,Regular Play,Sekou Oumar Sylla,132711.0,Left Back,50,Guinea,4892,"['5fe42c28-069b-4ccf-aa2c-97bf4cb4e1a6', '3198b164-3b3e-4cb8-95f1-8c60bdccc1ef']",42,,,,,,,,,,,,,,,,,Guinea,4892,00:32:42.139,Carry,
,,,,,"[50.4, 6.0]",,,,,,,,,,,,0.676991,,,,,,,,,,,7ce44233-74af-40fa-8b9e-def3b73e68e7,1014,,"[50.7, 5.7]",3920389,32,,,,,,,,,,,,,,,,,,,,,,,,1,Regular Play,Moriba Kourouma Kourouma,39073.0,Left Defensive Midfield,50,Guinea,4892,"['1b186030-3a47-44e3-931e-8337eb9f5d58', 'b320840a-42e9-426c-87bc-dbc29816c424', '1f3fab8f-5897-4e5d-9c98-6052610a9fc8']",48,,,,,,,,,,,,,,,,,Guinea,4892,00:32:48.036,Carry,True
,,,,,"[48.9, 16.1]",,,,,,,,,,,,1.303161,,,,,,,,,,,dce6ca02-152b-42bb-8e8a-b898f361cef3,1021,,"[44.8, 13.4]",3920389,33,,,,,,,,,,,,,,,,,,,,,,,,1,From Throw In,Moriba Kourouma Kourouma,39073.0,Left Defensive Midfield,51,Guinea,4892,"['1fcb85e6-5110-47d9-98ce-5c1c5fc53bd5', '261df0bd-7fac-4b32-a844-6b6e22f15e3c', '6bf4ff65-0c6d-4eac-a131-109a5ee020f1']",8,,,,,,,,,,,,,,,,,Guinea,4892,00:33:08.106,Carry,True
,,,,,"[50.4, 49.5]",,,,,,,,,,,,2.264733,,,,,,,,,,,46fd7bb6-62a8-4fa8-9290-e9d18f313a33,1029,,"[52.2, 56.7]",3920389,33,,,,,,,,,,,,,,,,,,,,,,,,1,Regular Play,Jules Olivier Ntcham,10530.0,Right Center Midfield,53,Cameroon,2722,"['a15247aa-8004-4432-a7dc-9be661f60528', '98f63839-3001-474e-82a2-5429c68b7edf']",30,,,,,,,,,,,,,,,,,Cameroon,2722,00:33:30.426,Carry,
,,,,,"[42.7, 36.6]",,,,,,,,,,,,1.666101,,,,,,,,,,,122d8964-6152-4248-b2a3-28243144dece,1032,,"[43.1, 34.1]",3920389,33,,,,,,,,,,,,,,,,,,,,,,,,1,Regular Play,Harold Moukoudi,7386.0,Left Center Back,53,Cameroon,2722,"['29741434-8f05-4462-ba4d-9e20df7c5280', '73172992-fbc3-4d9b-8911-61ccf872c216']",34,,,,,,,,,,,,,,,,,Cameroon,2722,00:33:34.304,Carry,
,,,,,"[52.2, 39.0]",,,,,,,,,,,,0.710864,,,,,,,,,,,835add79-5336-488c-b271-627f500cb928,1035,,"[52.2, 39.0]",3920389,33,,,,,,,,,,,,,,,,,,,,,,,,1,Regular Play,Jules Olivier Ntcham,10530.0,Right Center Midfield,53,Cameroon,2722,"['d20570ff-f7af-4c70-b505-2cd5c403491c', '2aa926c2-c9d4-4e34-a9bd-e424417c7167']",36,,,,,,,,,,,,,,,,,Cameroon,2722,00:33:36.896,Carry,
,,,,,"[52.2, 60.5]",,,,,,,,,,,,1.529956,,,,,,,,,,,12757f17-51d9-48ab-af04-b5e32892cfb7,1038,,"[45.5, 58.1]",3920389,33,,,,,,,,,,,,,,,,,,,,,,,,1,Regular Play,Christopher Wooh,74588.0,Right Center Back,53,Cameroon,2722,"['26d1b35b-7fbd-40ab-947e-de2ab8df48c0', '3bc0a70d-84f3-4ec1-9d0a-eea29dbbb111']",39,,,,,,,,,,,,,,,,,Cameroon,2722,00:33:39.057,Carry,
,,,,,"[50.9, 69.6]",,,,,,,,,,,,2.012623,,,,,,,,,,,4b890a9e-308a-4d48-a5a1-2cc65f1220bf,1041,,"[54.7, 72.5]",3920389,33,,,,,,,,,,,,,,,,,,,,,,,,1,Regular Play,Jean-Charles Castelletto,7426.0,Right Back,53,Cameroon,2722,"['05bc35b2-de8a-49fc-b2f3-b52a8ca41037', 'bf6cb0db-80cb-4d6f-96e6-ae33d7745df6']",41,,,,,,,,,,,,,,,,,Cameroon,2722,00:33:41.704,Carry,
,,,,,"[36.9, 54.5]",,,,,,,,,,,,0.759157,,,,,,,,,,,8075ed9f-7e57-49c2-a735-17b8333311cc,1044,,"[40.3, 58.1]",3920389,33,,,,,,,,,,,,,,,,,,,,,,,,1,Regular Play,Christopher Wooh,74588.0,Right Center Back,53,Cameroon,2722,"['094a91c8-1eb5-4860-ac34-a486e419a166', 'a6bd707a-5713-4f0f-b2d8-abf3a7f6092c']",45,,,,,,,,,,,,,,,,,Cameroon,2722,00:33:45.074,Carry,
,,,,,"[57.9, 40.5]",,,,,,,,,,,,6.827518,,,,,,,,,,,1c0876b1-5a5f-4873-b032-3102543aeac3,1047,,"[50.9, 27.9]",3920389,33,,,,,,,,,,,,,,,,,,,,,,,,1,Regular Play,Harold Moukoudi,7386.0,Left Center Back,53,Cameroon,2722,"['8ee495f5-9288-4f3b-b2c4-f9a30afea63c', '9edef3df-0ac7-4a4f-831f-8e2be6603fe0']",48,,,,,,,,,,,,,,,,,Cameroon,2722,00:33:48.159,Carry,
,,,,,"[63.9, 69.1]",,,,,,,,,,,,0.963784,,,,,,,,,,,87cfda01-fc4b-4184-97e9-1cf361dfffa8,1050,,"[66.2, 70.6]",3920389,33,,,,,,,,,,,,,,,,,,,,,,,,1,Regular Play,Jean-Charles Castelletto,7426.0,Right Back,53,Cameroon,2722,"['767df017-c45c-46e9-aad3-47358a3688f9', '6804a27c-82ec-40a6-aca1-c7a7d93d7124']",56,,,,,,,,,,,,,,,,,Cameroon,2722,00:33:56.882,Carry,
,,,,,"[48.9, 63.8]",,,,,,,,,,,,2.762243,,,,,,,,,,,88c4c7b7-51ea-4731-aa2e-20d230f3430a,1053,,"[47.1, 63.5]",3920389,33,,,,,,,,,,,,,,,,,,,,,,,,1,Regular Play,Christopher Wooh,74588.0,Right Center Back,53,Cameroon,2722,"['795bf7c7-f39e-4449-8026-28359be5bda3', '932b62b9-1472-49c8-84a5-84b7f78b5203']",59,,,,,,,,,,,,,,,,,Cameroon,2722,00:33:59.213,Carry,
,,,,,"[74.7, 66.7]",,,,,,,,,,,,0.860031,,,,,,,,,,,3410983b-5b50-4d5d-9792-6229545f2a82,1056,,"[73.9, 66.7]",3920389,34,,,,,,,,,,,,,,,,,,,,,,,,1,Regular Play,Olivier Michel Kemen,7355.0,Center Defensive Midfield,53,Cameroon,2722,"['29046cba-b812-4ddd-abdc-125823ed8e49', '41a4c91a-61a9-4d97-b931-eb8abf572cc5']",2,,,,,,,,,,,,,,,,,Cameroon,2722,00:34:02.989,Carry,
,,,,,"[76.4, 75.3]",,,,,,,,,,,,0.887225,,,,,,,,,,,8c729c04-5106-4553-9140-7be824252bf9,1059,,"[76.8, 75.3]",3920389,34,,,,,,,,,,,,,,,,,,,,,,,,1,Regular Play,Frank Magri,189348.0,Right Wing,53,Cameroon,2722,"['cdea7db4-0075-49da-8b8e-9f88efd193f1', '9ed0c1c3-dce3-43dc-b275-addc2252c2a8']",4,,,,,,,,,,,,,,,,,Cameroon,2722,00:34:04.436,Carry,
,,,,,"[67.5, 67.1]",,,,,,,,,,,,2.779407,,,,,,,,,,,885d9ff3-5789-4b69-ab38-23122101dc50,1062,,"[67.5, 67.1]",3920389,34,,,,,,,,,,,,,,,,,,,,,,,,1,Regular Play,Jean-Charles Castelletto,7426.0,Right Back,53,Cameroon,2722,"['bdc1ae57-beff-49a2-8cc6-e958e708a452', '2d536c15-6eab-49a6-9521-8a2dd868c89b']",6,,,,,,,,,,,,,,,,,Cameroon,2722,00:34:06.554,Carry,
,,,,,"[69.9, 60.1]",,,,,,,,,,,,1.055436,,,,,,,,,,,6766c52c-75f8-4e19-a131-44ed9c8059e0,1065,,"[70.0, 60.1]",3920389,34,,,,,,,,,,,,,,,,,,,,,,,,1,Regular Play,André-Frank Zambo Anguissa,3141.0,Left Center Midfield,53,Cameroon,2722,"['8821fd83-6875-4704-89f9-0a01a58c9677', 'bd91231f-dfba-4c35-9750-6aabaa7b9c67']",10,,,,,,,,,,,,,,,,,Cameroon,2722,00:34:10.261,Carry,
,,,,,"[57.4, 34.1]",,,,,,,,,,,,0.922504,,,,,,,,,,,35bac3ee-5265-455c-ae0f-771c0539789b,1068,,"[55.2, 39.0]",3920389,34,,,,,,,,,,,,,,,,,,,,,,,,1,Regular Play,Harold Moukoudi,7386.0,Left Center Back,53,Cameroon,2722,"['f4e2e4e2-9cee-431f-84ad-060c66177b3d', 'd6d61b33-553d-434e-8e44-13cdcd459fea']",13,,,,,,,,,,,,,,,,,Cameroon,2722,00:34:13.350,Carry,
,,,,,"[73.3, 13.6]",,,,,,,,,,,,1.427695,,,,,,,,,,,d39c09f8-f9b1-4209-ac41-646d960d7105,1071,,"[67.9, 18.9]",3920389,34,,,,,,,,,,,,,,,,,,,,,,,,1,Regular Play,Jules Olivier Ntcham,10530.0,Right Center Midfield,53,Cameroon,2722,"['9481d4b0-e17c-4cba-b0dd-d58f53c1f6fb', 'df677bad-9fa2-4832-9e14-a3380cfe8074']",15,,,,,,,,,,,,,,,,,Cameroon,2722,00:34:15.387,Carry,
,,,,,"[113.6, 9.5]",,,,,,,,,,,,4.354697,,,,,,,,,,,bc0cd12c-7ab8-405a-b5a3-5e381efbd664,1074,,"[85.8, 2.5]",3920389,34,,,,,,,,,,,,,,,,,,,,,,,,1,Regular Play,Darlin Zidane Yongwa Ngameni,32190.0,Left Back,53,Cameroon,2722,"['ac4bba40-049b-4e5f-b407-9dd9c851ebd4', '8cc800a4-4840-4d44-a0e0-fc0a446d5d2e', '1818a7ea-3d07-4559-9e5b-199494c9d9f9']",18,,,,,,,,,,,,,,,,,Cameroon,2722,00:34:18.137,Carry,True
,,,,,"[11.3, 28.6]",,,,,,,,,,,,4.375308,,,,,,,,,,,0513ca14-71ec-448f-ba0b-e7529cf03794,1088,,"[11.3, 28.5]",3920389,35,,,,,,,,,,,,,,,,,,,,,,,,1,From Keeper,Ibrahim Kone,182573.0,Goalkeeper,55,Guinea,4892,"['d02ebef3-cf7a-43eb-b7df-bd3c1b34e702', 'e290a97e-0dc6-4d42-94d3-17775c1b3371', 'aa76ebcc-2c61-485f-9279-5e769af74edc']",44,,,,,,,,,,,,,,,,,Guinea,4892,00:35:44.714,Carry,True
,,,,,"[50.1, 76.5]",,,,,,,,,,,,0.906333,,,,,,,,,,,ea1f38c4-aed3-43f4-bb46-1f984a7b0344,1092,,"[50.1, 76.2]",3920389,35,,,,,,,,,,,,,,,,,,,,,,,,1,From Keeper,Antoine Conte,131849.0,Right Back,55,Guinea,4892,"['2163623c-eac0-4db7-bdfc-86cbe1b6441d', 'd497cba1-cb3b-4939-b242-cadf630f2fd6', 'da7e51af-38e5-4d6f-a9a2-c814df47e887']",51,,,,,,,,,,,,,,,,,Guinea,4892,00:35:51.684,Carry,True
,,,,,"[61.0, 69.4]",,,,,,,,,,,,1.094615,,,,,,,,,,,54a2cfdc-4bd8-4d17-b24a-9cc838b174d5,1100,,"[56.9, 70.6]",3920389,35,,,,,,,,,,,,,,,,,,,,,,,,1,From Throw In,Aguibou Camara,39559.0,Center Attacking Midfield,56,Guinea,4892,"['668939c1-6c6f-44c7-b20e-c10d34770184', '17472057-8814-4dc3-8d46-ee6f8de77224', '021822c1-5333-4c4c-bd0b-5b3b1b889f3b']",58,,,,,,,,,,,,,,,,,Guinea,4892,00:35:58.415,Carry,True
,,,,,"[50.2, 30.4]",,,,,,,,,,,,2.119073,,,,,,,,,,,3dd1216a-f2ca-4e20-95ac-f092d5fb5af9,1106,,"[43.6, 42.1]",3920389,36,,,,,,,,,,,,,,,,,,,,,,,,1,From Free Kick,Julian Jeanvier,7360.0,Left Center Back,57,Guinea,4892,"['52cf791c-bda2-41cd-babb-2225353511ac', '59accb71-f7e3-488c-9728-ed4215790de9']",6,,,,,,,,,,,,,,,,,Guinea,4892,00:36:06.072,Carry,
,,,,,"[87.0, 56.5]",,,,,,,,,,,,4.603153,,,,,,,,,,,30544b6f-096c-4799-afa5-a80d16119da6,1111,,"[63.9, 59.7]",3920389,36,,,,,,,,,,,,,,,,,,,,,,,,1,From Free Kick,Olivier Michel Kemen,7355.0,Center Defensive Midfield,57,Guinea,4892,"['d792c231-90df-45b2-9ff1-9fff813d1828', '4e732eac-8894-463d-b626-4c82a7e690be', '530660e8-919d-459d-b69a-6f7417e7a196']",9,,,,,,,,,,,,,,,,,Cameroon,2722,00:36:09.937,Carry,True
,,,,,"[26.1, 52.5]",,,,,,,,,,,,2.966764,,,,,,,,,,,68ed10a6-81ab-4d98-a61a-0b3d5c6a4fd2,1116,,"[18.1, 42.1]",3920389,36,,,,,,,,,,,,,,,,,,,,,,,,1,From Free Kick,Mouctar Diakhaby,4267.0,Right Center Back,57,Guinea,4892,"['9f99889e-1f93-4960-98f4-24d6bc7aca73', 'ea57370f-33b3-45d8-930f-21b3f52f3206']",16,,,,,,,,,,,,,,,,,Guinea,4892,00:36:16.367,Carry,
,,,,,"[43.7, 57.0]",,,,,,,,,,,,2.197829,,,,,,,,,,,2832fec3-c34c-4fd1-a854-9f259541f783,1119,,"[44.8, 55.5]",3920389,36,,,,,,,,,,,,,,,,,,,,,,,,1,From Free Kick,Aguibou Camara,39559.0,Center Attacking Midfield,57,Guinea,4892,"['1da3e5eb-1ea3-4e5f-9fac-c42e5b78081d', '07ea9a5a-bae2-4272-849f-7ecda1c9f40f', '9e2c0a1a-5753-495b-90b0-db7d35d61736']",20,,,,,,,,,,,,,,,,,Guinea,4892,00:36:20.269,Carry,True
,,,,,"[81.2, 21.0]",,,,,,,,,,,,2.580008,,,,,,,,,,,54ce7757-297d-47f7-bfb4-ff2d8c612bd8,1123,,"[76.4, 23.1]",3920389,36,,,,,,,,,,,,,,,,,,,,,,,,1,From Free Kick,Darlin Zidane Yongwa Ngameni,32190.0,Left Back,57,Guinea,4892,"['287ae709-e3c4-40dd-86a6-f4e33c7013bd', 'ae3712bf-a70e-497a-836e-c75e4bf1d3c9']",22,,,,,,,,,,,,,,,,,Cameroon,2722,00:36:22.467,Carry,
,,,,,"[90.8, 18.2]",,,,,,,,,,,,2.179015,,,,,,,,,,,5cd17990-bba6-4121-84ec-b414be831f4c,1126,,"[86.8, 19.5]",3920389,36,,,,,,,,,,,,,,,,,,,,,,,,1,From Free Kick,Georges-Kévin Nkoudou Mbida,3639.0,Left Wing,57,Guinea,4892,"['18108497-6ca3-430f-a8a0-4d0ced9a834e', '6b942abd-a717-4b01-8df4-e68416ce07e4', '545785d3-2992-452e-9208-256ca79c0a80']",25,,,,,,,,,,,,,,,,,Cameroon,2722,00:36:25.511,Carry,True
,,,,,"[22.8, 46.9]",,,,,,,,,,,,2.062287,,,,,,,,,,,ea4e596a-5639-4ddf-a1cd-84618228b93f,1132,,"[20.3, 55.4]",3920389,36,,,,,,,,,,,,,,,,,,,,,,,,1,From Free Kick,Antoine Conte,131849.0,Right Back,57,Guinea,4892,"['604dfea7-2c59-4705-ae6a-f5306cd3695d', '3df516a3-4784-4e27-a0df-a18a05d06e3b', '8dab1b33-ac82-4287-b2ae-19e3370bc541']",28,,,,,,,,,,,,,,,,,Guinea,4892,00:36:28.377,Carry,True
,,,,,"[69.4, 22.9]",,,,,,,,,,,,2.242254,,,,,,,,,,,04957f46-478c-4b3f-bbc6-0b79ff099190,1136,,"[47.8, 22.9]",3920389,36,,,,,,,,,,,,,,,,,,,,,,,,1,From Free Kick,Mory Konaté,35285.0,Right Defensive Midfield,57,Guinea,4892,"['50f9695f-c224-43ae-8db4-d18a4a2ee56f', '0e3b7be6-e9bf-4280-9031-0e2c46eb9495']",34,,,,,,,,,,,,,,,,,Guinea,4892,00:36:34.179,Carry,
,,,,,"[100.2, 28.3]",,,,,,,,,,,,1.650863,,,,,,,,,,,db4b5b64-21dc-4658-b016-e3f17b6549d5,1150,,"[103.5, 21.1]",3920389,37,,,,,,,,,,,,,,,,,,,,,,,,1,From Corner,Jules Olivier Ntcham,10530.0,Right Center Midfield,59,Cameroon,2722,"['f7f10813-7fb0-44da-95fd-0a2d165b4a86', '4552d459-de0b-4ffd-b198-c2a06f15a023']",41,,,,,,,,,,,,,,,,,Cameroon,2722,00:37:41.008,Carry,
,,,,,"[106.3, 8.4]",,,,,,,,,,,,1.993122,,,,,,,,,,,70692a52-f1c8-4007-9ba3-6891b127f2f4,1155,,"[107.3, 9.5]",3920389,37,,,,,,,,,,,,,,,,,,,,,,,,1,From Corner,Georges-Kévin Nkoudou Mbida,3639.0,Left Wing,59,Cameroon,2722,"['5816cf51-c146-4e48-8a33-1f2a936de013', '460209dc-f14f-46fb-9b1f-b3309023cf28']",45,,,,,,,,,,,,,,,,,Cameroon,2722,00:37:45.774,Carry,
,,,,,"[76.5, 67.0]",,,,,,,,,,,,0.08,,,,,,,,,,,e0301c8a-656d-47c7-a467-44dcd67cf23b,1167,,"[76.5, 67.7]",3920389,38,,,,,,,,,,,,,,,,,,,,,,,,1,From Goal Kick,Aguibou Camara,39559.0,Center Attacking Midfield,60,Guinea,4892,"['f9e8f94f-ee6c-4d0d-84a8-28a2d6e1eb4b', '939fb5ea-31de-4203-bc59-7919bcf57451']",35,,,,,,,,,,,,,,,,,Guinea,4892,00:38:35.707,Carry,
,,,,,"[37.8, 9.5]",,,,,,,,,,,,0.514475,,,,,,,,,,,c1ab8d28-4fa4-4f9b-b5ee-27a7872dbb17,1179,,"[38.1, 11.4]",3920389,38,,,,,,,,,,,,,,,,,,,,,,,,1,Regular Play,Jules Olivier Ntcham,10530.0,Right Center Midfield,61,Cameroon,2722,"['942bd9ec-04b4-4b89-a1b7-c79520d48e93', '1509ea80-43ec-4375-ab6a-2721c9580fa0']",41,,,,,,,,,,,,,,,,,Cameroon,2722,00:38:41.025,Carry,
,,,,,"[29.2, 3.0]",,,,,,,,,,,,0.950197,,,,,,,,,,,5d1deea9-c6be-4fa2-9150-e9799042cae4,1182,,"[31.3, 6.6]",3920389,38,,,,,,,,,,,,,,,,,,,,,,,,1,Regular Play,Darlin Zidane Yongwa Ngameni,32190.0,Left Back,61,Cameroon,2722,"['16034754-0d7c-41e3-a2fc-3cd7305be5d3', 'ce133458-27a4-4319-8161-993f9f0bc7b7', 'c0e87353-3cc1-4741-af54-0a3aa9585cc1']",42,,,,,,,,,,,,,,,,,Cameroon,2722,00:38:42.382,Carry,True
,,,,,"[87.7, 40.9]",,,,,,,,,,,,3.008077,,,,,,,,,,,b42ff59c-2352-47fe-b2b3-c4378fdde3f4,1190,,"[71.9, 26.5]",3920389,38,,,,,,,,,,,,,,,,,,,,,,,,1,Regular Play,Olivier Michel Kemen,7355.0,Center Defensive Midfield,61,Cameroon,2722,"['222167af-e649-4f53-b965-59b29f470374', 'a3f3c364-245b-48a6-8c29-b994cbb21113', '599c8813-2e4e-4238-9ef5-bef6c77f3f7e']",48,,,,,,,,,,,,,,,,,Cameroon,2722,00:38:48.169,Carry,True
,,,,,"[106.9, 55.6]",,,,,,,,,,,,0.046946,,,,,,,,,,,cd7b2782-f038-471c-b88d-a854d7fe1281,1194,,"[104.9, 56.2]",3920389,38,,,,,,,,,,,,,,,,,,,,,,,,1,Regular Play,Frank Magri,189348.0,Right Wing,61,Cameroon,2722,"['bff21a53-575f-4935-b742-12ec4d8b2a48', '5e15ea0b-2832-4adf-abc2-715f2682453b']",52,,,,,,,,,,,,,,,,,Cameroon,2722,00:38:52.973,Carry,
,,,,,"[117.8, 6.0]",,,,,,,,,,,,0.139891,,,,,,,,,,,bdbf4a76-d50f-460d-9b58-3facf23f7817,1197,,"[118.4, 7.4]",3920389,38,,,,,,,,,,,,,,,,,,,,,,,,1,Regular Play,Georges-Kévin Nkoudou Mbida,3639.0,Left Wing,61,Cameroon,2722,"['b57ab119-9cbe-49b5-858e-a85f53df5724', '8073ddc4-8a61-45c7-b126-58147dcce3f8']",57,,,,,,,,,,,,,,,,,Cameroon,2722,00:38:57.790,Carry,
,,,,,"[85.8, 11.7]",,,,,,,,,,,,0.901194,,,,,,,,,,,61d7ec0d-0e00-4501-be4b-f70586384f57,1205,,"[87.9, 11.5]",3920389,41,,,,,,,,,,,,,,,,,,,,,,,,1,Regular Play,Jules Olivier Ntcham,10530.0,Right Center Midfield,63,Cameroon,2722,"['a2cfc31f-25f6-4ea3-b5d8-06f1c0d47194', '246382dd-9705-412e-bb18-16d3d9d2ec51', 'b6d15e72-6fda-461c-8563-4afe4b996dbf']",4,,,,,,,,,,,,,,,,,Cameroon,2722,00:41:04.546,Carry,True
,,,,,"[81.2, 55.5]",,,,,,,,,,,,4.958995,,,,,,,,,,,6cf7fda7-2674-4bf9-b286-70022d6e69de,1209,,"[67.5, 30.5]",3920389,41,,,,,,,,,,,,,,,,,,,,,,,,1,Regular Play,Christopher Wooh,74588.0,Right Center Back,63,Cameroon,2722,"['0f76167c-1490-46b4-bd62-f117460593dd', '099b30bc-dcb1-4421-818a-ad86f877df1c']",6,,,,,,,,,,,,,,,,,Cameroon,2722,00:41:06.789,Carry,
,,,,,"[91.1, 55.2]",,,,,,,,,,,,0.824785,,,,,,,,,,,ae05ae5c-becd-4ec9-a2ae-f3e6a3dd2f22,1213,,"[92.7, 54.8]",3920389,41,,,,,,,,,,,,,,,,,,,,,,,,1,Regular Play,Frank Magri,189348.0,Right Wing,63,Cameroon,2722,"['18f8df88-a837-4dde-9ee9-4115fe4001cf', '2e271485-8ffb-4cd0-84e2-567beaa2887f', 'e828afc9-f510-4d92-bc83-8fa59616ad80']",12,,,,,,,,,,,,,,,,,Cameroon,2722,00:41:12.459,Carry,True
,,,,,"[81.9, 70.6]",,,,,,,,,,,,0.754091,,,,,,,,,,,8060c1ba-cc06-4b94-87af-4c5fe43b8674,1216,,"[81.9, 69.8]",3920389,41,,,,,,,,,,,,,,,,,,,,,,,,1,Regular Play,Jean-Charles Castelletto,7426.0,Right Back,63,Cameroon,2722,"['6b918873-fa8d-40b3-8cfc-96cb764ff623', 'bbe704f3-31fd-487a-afe4-3012b46a79e3']",14,,,,,,,,,,,,,,,,,Cameroon,2722,00:41:14.346,Carry,
,,,,,"[97.3, 57.7]",,,,,,,,,,,,1.699002,,,,,,,,,,,ab0350e9-2ef7-467f-b25c-830ff875f14f,1219,,"[94.4, 58.1]",3920389,41,,,,,,,,,,,,,,,,,,,,,,,,1,Regular Play,Olivier Michel Kemen,7355.0,Center Defensive Midfield,63,Cameroon,2722,"['d68e724a-a3d8-4c13-afe9-4ca7bfeec3a8', '9aadc8df-c0ff-4f52-b323-ba02626de442']",15,,,,,,,,,,,,,,,,,Cameroon,2722,00:41:15.958,Carry,
,,,,,"[38.6, 54.1]",,,,,,,,,,,,2.029104,,,,,,,,,,,a693db4d-a970-46b4-be3b-782b5dca1fc6,1226,,"[34.2, 50.4]",3920389,41,,,,,,,,,,,,,,,,,,,,,,,,1,Regular Play,Aguibou Camara,39559.0,Center Attacking Midfield,64,Guinea,4892,"['79aac5b9-ebee-4d45-9920-fcc705c2de3e', '15adac76-6777-44b3-91c2-38db69810377', '267cc72b-9808-446d-8bd9-36d16b2639bf', '08f3da05-cf45-44f6-ba65-069b094cf12d']",21,,,,,,,,,,,,,,,,,Guinea,4892,00:41:21.534,Carry,True
,,,,,"[36.2, 52.6]",,,,,,,,,,,,2.65282,,,,,,,,,,,bfb8f940-2243-4e81-aa11-02a967d9f854,1230,,"[38.6, 54.1]",3920389,41,,,,,,,,,,,,,,,,,,,,,,,,1,Regular Play,Aguibou Camara,39559.0,Center Attacking Midfield,64,Guinea,4892,"['d7b6c044-b8f0-42cf-959d-39bad3231d9e', 'd741b11c-7a14-4a0b-96d6-aeebb96c6208', 'daf2c2be-50d9-4c35-bae0-533d7df65650', '267cc72b-9808-446d-8bd9-36d16b2639bf']",23,,,,,,,,,,,,,,,,,Guinea,4892,00:41:23.563,Carry,True
,,,,,"[57.2, 35.4]",,,,,,,,,,,,2.066913,,,,,,,,,,,3930a0f5-ff5e-4b64-8eac-5adc12a6484c,1234,,"[47.8, 31.5]",3920389,41,,,,,,,,,,,,,,,,,,,,,,,,1,Regular Play,Moriba Kourouma Kourouma,39073.0,Left Defensive Midfield,64,Guinea,4892,"['f88a0d28-251b-41d0-9af0-e996f144a4bd', '9d91e672-649d-4c92-9f68-54170b3dd66d', '786cc5fa-d1d5-445f-90aa-89b2696f7d23']",27,,,,,,,,,,,,,,,,,Guinea,4892,00:41:27.736,Carry,True
,,,,,"[15.2, 36.5]",,,,,,,,,,,,2.31476,,,,,,,,,,,2d0b6a01-2a68-410c-a5f8-a58c4b37d171,1243,,"[7.2, 40.0]",3920389,42,,,,,,,,,,,,,,,,,,,,,,,,1,Regular Play,Joseph Fabrice Ondoa Ebogo,24670.0,Goalkeeper,66,Cameroon,2722,"['fe623b42-26a9-4294-bf29-baad05b8f5d9', 'b6c01010-12a9-4a81-9041-debb2170a65e']",1,,,,,,,,,,,,,,,,,Cameroon,2722,00:42:01.333,Carry,
,,,,,"[81.4, 31.5]",,,,,,,,,,,,1.847676,,,,,,,,,,,50deab03-6957-4118-981a-5325aff59346,1250,,"[68.5, 28.5]",3920389,42,,,,,,,,,,,,,,,,,,,,,,,,1,Regular Play,André-Frank Zambo Anguissa,3141.0,Left Center Midfield,66,Cameroon,2722,"['2f3a7172-479f-4d05-9eb9-1f70483cc2b0', '671d4a8a-c3ec-4bf2-85ef-5a4b6fe9c4a1']",11,,,,,,,,,,,,,,,,,Cameroon,2722,00:42:11.465,Carry,
,,,,,"[105.9, 24.6]",,,,,,,,,,,,1.425932,,,,,,,,,,,001deeeb-d7d6-4a53-b291-1b83802de294,1253,,"[104.0, 22.9]",3920389,42,,,,,,,,,,,,,,,,,,,,,,,,1,Regular Play,Georges-Kévin Nkoudou Mbida,3639.0,Left Wing,66,Cameroon,2722,"['1b0e46d1-7df1-40f8-80be-780044c3b505', '939927f0-4cda-42d7-9699-d5b7d142ac5d', 'd722b990-7abc-4284-8c61-80acd3b0f7b4']",15,,,,,,,,,,,,,,,,,Cameroon,2722,00:42:15.720,Carry,True
,,,,,"[7.7, 22.9]",,,,,,,,,,,,1.247179,,,,,,,,,,,076abbc8-80da-469d-8e10-1d40c08277cc,1263,,"[6.8, 20.0]",3920389,42,,,,,,,,,,,,,,,,,,,,,,,,1,Regular Play,Joseph Fabrice Ondoa Ebogo,24670.0,Goalkeeper,68,Cameroon,2722,"['bdbfbb7d-b536-4241-b66a-7bf6e04e382e', 'ad4db273-b0d0-4c57-a7b2-062992dde0de', 'f067ec6f-8fba-4afe-b3f5-d5113177b2d9']",59,,,,,,,,,,,,,,,,,Cameroon,2722,00:42:59.080,Carry,True
,,,,,"[26.3, 15.4]",,,,,,,,,,,,0.14076,,,,,,,,,,,d480ad5c-5510-46fb-a54d-2719edd90c61,1267,,"[26.3, 15.4]",3920389,43,,,,,,,,,,,,,,,,,,,,,,,,1,Regular Play,Jules Olivier Ntcham,10530.0,Right Center Midfield,68,Cameroon,2722,"['7fda717c-b207-4e3b-af35-646b62f5f8f5', '7505e7c6-1068-44b9-871f-7805206a6f06']",1,,,,,,,,,,,,,,,,,Cameroon,2722,00:43:01.161,Carry,
,,,,,"[16.1, 6.7]",,,,,,,,,,,,1.668068,,,,,,,,,,,c39ead46-8ee2-42b7-b83e-0dad3d9df5a4,1270,,"[16.1, 6.7]",3920389,43,,,,,,,,,,,,,,,,,,,,,,,,1,Regular Play,Harold Moukoudi,7386.0,Left Center Back,68,Cameroon,2722,"['24f170b1-8c6d-439d-ace9-507703530f82', '1d3da7aa-6d95-4599-8b63-053a2e222916']",2,,,,,,,,,,,,,,,,,Cameroon,2722,00:43:02.654,Carry,
,,,,,"[19.7, 26.0]",,,,,,,,,,,,4.15191,,,,,,,,,,,4105a04c-72df-4d2d-9d56-52a93cc13635,1273,,"[9.5, 23.2]",3920389,43,,,,,,,,,,,,,,,,,,,,,,,,1,Regular Play,Joseph Fabrice Ondoa Ebogo,24670.0,Goalkeeper,68,Cameroon,2722,"['8efaf37b-d63e-4c00-88c8-e628602ab9d2', '33f0053f-9c4a-4427-b4c3-1fafe0b83155']",5,,,,,,,,,,,,,,,,,Cameroon,2722,00:43:05.710,Carry,
,,,,,"[40.3, 22.2]",,,,,,,,,,,,4.77136,,,,,,,,,,,2fc6678e-9026-4e5c-b3c6-1f5a448ac472,1276,,"[28.7, 20.0]",3920389,43,,,,,,,,,,,,,,,,,,,,,,,,1,Regular Play,Jules Olivier Ntcham,10530.0,Right Center Midfield,68,Cameroon,2722,"['f5df373f-66ec-4d80-ae80-df8f06d0a8b9', 'b05c23bb-fcaa-4f13-9b64-0b3619da20f9']",11,,,,,,,,,,,,,,,,,Cameroon,2722,00:43:11.112,Carry,
,,,,,"[47.1, 8.9]",,,,,,,,,,,,2.149292,,,,,,,,,,,e35f956b-9c20-4b7e-860d-4a2beeec9feb,1279,,"[44.6, 7.7]",3920389,43,,,,,,,,,,,,,,,,,,,,,,,,1,Regular Play,Harold Moukoudi,7386.0,Left Center Back,68,Cameroon,2722,"['5a258386-0d66-407a-a287-a1521b8ee2b9', '7c2fca09-9080-4080-957f-a21b83438d66']",17,,,,,,,,,,,,,,,,,Cameroon,2722,00:43:17.464,Carry,
,,,,,"[44.8, 21.9]",,,,,,,,,,,,1.270544,,,,,,,,,,,b8433095-f876-4c7a-a166-b892145a48c5,1282,,"[45.5, 20.1]",3920389,43,,,,,,,,,,,,,,,,,,,,,,,,1,Regular Play,Jules Olivier Ntcham,10530.0,Right Center Midfield,68,Cameroon,2722,"['2db62ae7-7325-40a8-a16d-fec39dd1db00', '8c65cc3f-0a00-4f73-b5c0-9fd34ca917c4']",20,,,,,,,,,,,,,,,,,Cameroon,2722,00:43:20.923,Carry,
,,,,,"[88.7, 74.6]",,,,,,,,,,,,0.63799,,,,,,,,,,,cef34423-a849-4b23-a5df-7287d1ba1a74,1285,,"[89.5, 72.7]",3920389,43,,,,,,,,,,,,,,,,,,,,,,,,1,Regular Play,Frank Magri,189348.0,Right Wing,68,Cameroon,2722,"['9457ac60-b1b9-4733-adc6-6226b7e291a4', '1c5a2959-40f2-46dd-aad0-cb062892dbc3']",26,,,,,,,,,,,,,,,,,Cameroon,2722,00:43:26.024,Carry,
,,,,,"[84.4, 56.7]",,,,,,,,,,,,0.063318,,,,,,,,,,,9621632c-708a-4cab-add2-ac732475e355,1291,,"[75.8, 59.1]",3920389,43,,,,,,,,,,,,,,,,,,,,,,,,1,Regular Play,Jean-Charles Castelletto,7426.0,Right Back,68,Cameroon,2722,"['d14652ac-e953-40d1-b09f-3be4aee56e0d', '75b2937c-3245-47aa-8ebb-491d4b8f5eb9']",28,,,,,,,,,,,,,,,,,Cameroon,2722,00:43:28.942,Carry,
,,,,,"[8.8, 23.9]",,,,,,,,,,,,17.308239,,,,,,,,,,,87d099b6-0ad9-48b8-ac68-5cce96c648a5,1295,,"[7.1, 25.6]",3920389,43,,,,,,,,,,,,,,,,,,,,,,,,1,From Keeper,Ibrahim Kone,182573.0,Goalkeeper,69,Guinea,4892,"['28501d0c-3cfc-4441-81bf-7ac25d8b9781', '57581f5a-17c5-4d46-badf-f6db2c2cc26d']",31,,,,,,,,,,,,,,,,,Guinea,4892,00:43:31.566,Carry,
,,,,,"[68.7, 42.9]",,,,,,,,,,,,0.08,,,,,,,,,,,88727a9f-c115-4510-a940-34ed143a94e1,1302,,"[69.4, 43.5]",3920389,44,,,,,,,,,,,,,,,,,,,,,,,,1,From Free Kick,Mory Konaté,35285.0,Right Defensive Midfield,70,Guinea,4892,"['96e6bb91-e653-4203-b9ec-d0b378a19ae3', '656ab350-51bd-4258-8c39-a6a74db2bb92']",34,,,,,,,,,,,,,,,,,Guinea,4892,00:44:34.305,Carry,
,,,,,"[54.4, 31.4]",,,,,,,,,,,,0.871873,,,,,,,,,,,5a462a71-6276-4094-8f29-90d2667114ba,1305,,"[55.8, 30.0]",3920389,44,,,,,,,,,,,,,,,,,,,,,,,,1,From Free Kick,Julian Jeanvier,7360.0,Left Center Back,70,Guinea,4892,"['b7629d40-8536-4b6b-af41-836e9fd2eedc', 'c88ac96c-4f8c-426a-bac7-194b621dabb4']",36,,,,,,,,,,,,,,,,,Guinea,4892,00:44:36.063,Carry,
,,,,,"[38.8, 23.2]",,,,,,,,,,,,3.605058,,,,,,,,,,,c3de6391-8a57-48ef-a84f-8e70b68b8401,1310,,"[38.2, 14.5]",3920389,44,,,,,,,,,,,,,,,,,,,,,,,,1,Regular Play,Georges-Kévin Nkoudou Mbida,3639.0,Left Wing,71,Cameroon,2722,"['4db39bf2-121c-43ae-b5f6-ed1a257f8726', 'a1a8385d-559c-46c8-adeb-ed89a0cb54e4', 'e8b4a2bb-42ad-474d-b2ba-32a04e3fee23']",41,,,,,,,,,,,,,,,,,Cameroon,2722,00:44:41.185,Carry,True
,,,,,"[65.3, 43.6]",,,,,,,,,,,,2.789079,,,,,,,,,,,06008590-420d-493b-90a1-46bc432d50ab,1314,,"[62.8, 56.7]",3920389,44,,,,,,,,,,,,,,,,,,,,,,,,1,Regular Play,Frank Magri,189348.0,Right Wing,71,Cameroon,2722,"['f3e05956-3d62-43c9-9686-8f06135dc52e', 'f319125c-f2dd-43b8-88d5-778269780295', '20bd6163-f17c-4bf0-9469-36102d5ef4dc']",46,,,,,,,,,,,,,,,,,Cameroon,2722,00:44:46.572,Carry,True
,,,,,"[76.5, 26.9]",,,,,,,,,,,,1.234115,,,,,,,,,,,7b0948e2-3fb6-4be5-a4f4-586631cc1a9e,1320,,"[73.5, 31.2]",3920389,48,,,,,,,,,,,,,,,,,,,,,,,,1,From Free Kick,Jules Olivier Ntcham,10530.0,Right Center Midfield,72,Cameroon,2722,"['c48e781c-9fd1-4ee8-b3b7-dc12aa32bb5d', 'a979430a-8cd4-4371-943a-3b2cbc571098']",58,,,,,,,,,,,,,,,,,Cameroon,2722,00:48:58.140,Carry,
,,,,,"[100.6, 7.8]",,,,,,,,,,,,2.429876,,,,,,,,,,,3a75c8a4-1866-4ee4-9412-462abc6a9798,1323,,"[87.9, 7.5]",3920389,49,,,,,,,,,,,,,,,,,,,,,,,,1,From Free Kick,Darlin Zidane Yongwa Ngameni,32190.0,Left Back,72,Cameroon,2722,"['7e8a42ff-8549-41e7-ac60-b49732cdf15f', '84a1af45-9dba-434b-8d4b-7b323eef9c89', '2dc94ee7-4d83-4038-8e98-faf340a38c80']",0,,,,,,,,,,,,,,,,,Cameroon,2722,00:49:00.834,Carry,True
,,,,,"[13.8, 33.5]",,,,,,,,,,,,23.689478,,,,,,,,,,,19ac08c4-64ba-4961-b5d8-5220e72baa94,1330,,"[2.7, 38.9]",3920389,50,,,,,,,,,,,,,,,,,,,,,,,,1,From Keeper,Ibrahim Kone,182573.0,Goalkeeper,74,Guinea,4892,"['6ea15843-f570-4681-a328-e04f328812ea', '4997bf6d-0c0c-4e2e-b61e-69a7950a562f']",11,,,,,,,,,,,,,,,,,Guinea,4892,00:50:11.241,Carry,
,,,,,"[64.5, 41.8]",,,,,,,,,,,,2.890907,,,,,,,,,,,19b7c083-b6de-49e1-99a8-8e5b95bfbce5,1347,,"[57.2, 39.3]",3920389,45,,,,,,,,,,,,,,,,,,,,,,,,2,From Kick Off,Moriba Kourouma Kourouma,39073.0,Right Defensive Midfield,76,Guinea,4892,"['9c8b7df3-9160-41b5-a5d6-2e6807c26696', '3b92bea7-0550-499f-ad6c-22bbc3702eb6', '5b4d2775-2379-445a-ac54-9972c7bdca60']",1,,,,,,,,,,,,,,,,,Guinea,4892,00:00:01.243,Carry,True
,,,,,"[76.1, 51.3]",,,,,,,,,,,,0.042266,,,,,,,,,,,a85b2c55-6398-4b9e-982f-0da66119364c,1354,,"[76.1, 52.0]",3920389,45,,,,,,,,,,,,,,,,,,,,,,,,2,From Kick Off,Moriba Kourouma Kourouma,39073.0,Right Defensive Midfield,76,Guinea,4892,"['9408e59c-9057-41ec-a26f-f9f2c00b1bd2', '3091b8b7-e41e-41dc-b83a-9d58daef1a1a']",5,,,,,,,,,,,,,,,,,Guinea,4892,00:00:05.850,Carry,
,,,,,"[4.0, 8.2]",,,,,,,,,,,,2.377406,,,,,,,,,,,85a8105e-1d50-49ea-b481-376c16f4903b,1359,,"[7.8, 11.0]",3920389,45,,,,,,,,,,,,,,,,,,,,,,,,2,From Throw In,Harold Moukoudi,7386.0,Left Center Back,77,Cameroon,2722,"['170f091b-5c51-4681-a7f4-f9006123fd90', 'a85ac4ce-9cd0-4071-be32-46deb7bbaaaf']",17,,,,,,,,,,,,,,,,,Cameroon,2722,00:00:17.718,Carry,
,,,,,"[8.2, 4.4]",,,,,,,,,,,,0.764179,,,,,,,,,,,a7fffac3-82c7-4d11-969c-ce8e4cccc9c0,1362,,"[9.0, 5.9]",3920389,45,,,,,,,,,,,,,,,,,,,,,,,,2,From Throw In,Darlin Zidane Yongwa Ngameni,32190.0,Left Back,77,Cameroon,2722,"['7800bf45-e7e4-4e2c-85cf-36caaa508456', '8b3e57fe-c8ce-4b41-ac9f-5a0bd9fbca32']",20,,,,,,,,,,,,,,,,,Cameroon,2722,00:00:20.682,Carry,
,,,,,"[5.6, 23.8]",,,,,,,,,,,,1.615671,,,,,,,,,,,9b6a87d5-045c-49e9-8bcb-81da3aac8628,1365,,"[5.0, 13.2]",3920389,45,,,,,,,,,,,,,,,,,,,,,,,,2,From Throw In,Harold Moukoudi,7386.0,Left Center Back,77,Cameroon,2722,"['27036025-adc8-45b8-a674-00ebf817ba5a', 'b8906429-4edc-4741-90f7-ccbbc0f47b11']",22,,,,,,,,,,,,,,,,,Cameroon,2722,00:00:22.698,Carry,
,,,,,"[30.9, 62.9]",,,,,,,,,,,,2.948701,,,,,,,,,,,e72f6be9-9126-4d88-b4f0-490a74abb603,1368,,"[14.8, 53.9]",3920389,45,,,,,,,,,,,,,,,,,,,,,,,,2,From Throw In,Christopher Wooh,74588.0,Right Center Back,77,Cameroon,2722,"['eb71f184-9c22-42d9-b2e6-9ed8701010b6', 'aa35341a-c1ae-4686-8fd1-78daf176675a']",25,,,,,,,,,,,,,,,,,Cameroon,2722,00:00:25.991,Carry,
,,,,,"[43.2, 53.8]",,,,,,,,,,,,2.31859,,,,,,,,,,,826e7f7b-9989-4423-966b-7dff2147ce82,1371,,"[39.0, 58.1]",3920389,45,,,,,,,,,,,,,,,,,,,,,,,,2,From Throw In,Jules Olivier Ntcham,10530.0,Right Defensive Midfield,77,Cameroon,2722,"['af264ee9-2790-4cb5-859c-f4b338e9f5bc', '881cc782-2a4d-4281-a77e-e8b5ec0f919b']",30,,,,,,,,,,,,,,,,,Cameroon,2722,00:00:30.165,Carry,
,,,,,"[55.6, 20.7]",,,,,,,,,,,,2.727173,,,,,,,,,,,35f9a323-e1d1-469e-b29f-bf0832ad8267,1374,,"[42.1, 30.0]",3920389,45,,,,,,,,,,,,,,,,,,,,,,,,2,From Throw In,Harold Moukoudi,7386.0,Left Center Back,77,Cameroon,2722,"['283669c7-f02e-4bce-9837-a72d3919ff59', '6f847d97-06c7-463d-ad34-d692c58b566f']",34,,,,,,,,,,,,,,,,,Cameroon,2722,00:00:34.297,Carry,
,,,,,"[78.7, 5.2]",,,,,,,,,,,,3.51143,,,,,,,,,,,1f7fd5a8-7f41-47d7-9ecb-7772346aa29a,1377,,"[68.5, 4.9]",3920389,45,,,,,,,,,,,,,,,,,,,,,,,,2,From Throw In,Georges-Kévin Nkoudou Mbida,3639.0,Left Wing,77,Cameroon,2722,"['27f71ea6-3593-4ca8-904c-52737e013d24', '01d648dd-7704-439b-8680-293c676bdd2f']",38,,,,,,,,,,,,,,,,,Cameroon,2722,00:00:38.250,Carry,
,,,,,"[88.0, 18.4]",,,,,,,,,,,,0.039999,,,,,,,,,,,0630fd65-3c88-4501-ac1f-edb127bed6a3,1381,,"[86.8, 20.7]",3920389,45,,,,,,,,,,,,,,,,,,,,,,,,2,From Throw In,André-Frank Zambo Anguissa,3141.0,Left Defensive Midfield,77,Cameroon,2722,"['49408bbb-fbae-4a1e-aa72-a5ac919b9b06', '1c70e824-37dc-48ec-b248-824abf503e30']",42,,,,,,,,,,,,,,,,,Cameroon,2722,00:00:42.706,Carry,
,,,,,"[115.6, 10.3]",,,,,,,,,,,,0.073769,,,,,,,,,,,97efc6d4-0769-4426-9fe8-bfe531b420c7,1385,,"[114.7, 7.8]",3920389,45,,,,,,,,,,,,,,,,,,,,,,,,2,From Throw In,Georges-Kévin Nkoudou Mbida,3639.0,Left Wing,77,Cameroon,2722,"['1cbf548a-e454-44f0-8e61-353867da09e9', '722a9fac-579f-42df-9b4e-b506325bba99', 'b40ec07a-3ca3-46d6-9fff-05202e8df4f1', 'b8dc21f0-c4de-4e6e-a7bc-bbec1f2321f2']",46,,,,,,,,,,,,,,,,,Cameroon,2722,00:00:46.353,Carry,True
,,,,,"[30.3, 72.0]",,,,,,,,,,,,2.759404,,,,,,,,,,,66f1b4c9-e31d-4193-aa16-5df2f83fcb77,1394,,"[37.9, 49.4]",3920389,46,,,,,,,,,,,,,,,,,,,,,,,,2,From Goal Kick,Julian Jeanvier,7360.0,Left Center Back,78,Guinea,4892,"['5cd3666e-f02f-4086-acc2-701edd214787', '68f1b8ff-7527-4cc0-ae18-4cb423bd8df5']",23,,,,,,,,,,,,,,,,,Guinea,4892,00:01:23.086,Carry,
,,,,,"[53.3, 4.3]",,,,,,,,,,,,1.716936,,,,,,,,,,,00da2aab-f417-4bb9-8c43-a31ac7280d05,1398,,"[55.3, 5.9]",3920389,46,,,,,,,,,,,,,,,,,,,,,,,,2,Regular Play,Darlin Zidane Yongwa Ngameni,32190.0,Left Back,79,Cameroon,2722,"['2b7a5af1-f9c1-4529-8958-6c8333f39c3f', '9988841c-639b-46cd-a06f-05578db4d021', '5b2daa18-6dc7-4bed-af0e-bbf507b7951b']",27,,,,,,,,,,,,,,,,,Cameroon,2722,00:01:27.704,Carry,True
,,,,,"[93.7, 79.1]",,,,,,,,,,,,4.84494,,,,,,,,,,,8d141138-49ef-4982-b05d-532733981012,1409,,"[93.3, 76.3]",3920389,46,,,,,,,,,,,,,,,,,,,,,,,,2,From Free Kick,Jean-Charles Castelletto,7426.0,Right Back,80,Cameroon,2722,"['107b8534-6a06-4f19-8e11-5dc56b8f255a', 'b7817110-cd74-4f8b-a32a-5e69e8b15f52', 'ec53cb23-5809-4c8a-9734-4a11ec0c4f99']",53,,,,,,,,,,,,,,,,,Cameroon,2722,00:01:53.585,Carry,True
,,,,,"[79.4, 75.2]",,,,,,,,,,,,2.606112,,,,,,,,,,,974f876d-109e-4676-964d-eb550474667d,1413,,"[80.3, 79.8]",3920389,47,,,,,,,,,,,,,,,,,,,,,,,,2,From Free Kick,Jules Olivier Ntcham,10530.0,Right Defensive Midfield,80,Cameroon,2722,"['d894ccb3-a319-4aa6-b71b-dd7e08b0e64d', 'af567483-8c89-4f24-a4ff-9145b691f41c']",0,,,,,,,,,,,,,,,,,Cameroon,2722,00:02:00.881,Carry,
,,,,,"[79.7, 8.5]",,,,,,,,,,,,2.830156,,,,,,,,,,,3e38301b-3c71-408f-b929-779f0bb2e233,1416,,"[79.5, 5.4]",3920389,47,,,,,,,,,,,,,,,,,,,,,,,,2,From Free Kick,Darlin Zidane Yongwa Ngameni,32190.0,Left Back,80,Cameroon,2722,"['1f6bcfee-1ffa-481c-a89b-b7b4d1bd2030', '163d2d35-bc39-4534-8b99-f18ba74ab015']",6,,,,,,,,,,,,,,,,,Cameroon,2722,00:02:06.535,Carry,
,,,,,"[94.4, 25.4]",,,,,,,,,,,,1.948925,,,,,,,,,,,afb0577d-3fe9-4870-b58a-a7aca6d5cfda,1419,,"[96.2, 24.0]",3920389,47,,,,,,,,,,,,,,,,,,,,,,,,2,From Free Kick,Karl Brillant Toko Ekambi,3551.0,Center Forward,80,Cameroon,2722,"['39d30222-2544-4b9f-a301-a051cec997ec', '77e16fd8-0f01-4ada-8797-225019fffc59', '7d7cb5e0-b04d-4949-b69c-a681a5ff0b18']",11,,,,,,,,,,,,,,,,,Cameroon,2722,00:02:11.151,Carry,True
,,,,,"[101.7, 9.9]",,,,,,,,,,,,3.61261,,,,,,,,,,,879975d9-6929-484e-bdb0-1144cdc398b2,1424,,"[93.6, 5.2]",3920389,47,,,,,,,,,,,,,,,,,,,,,,,,2,From Free Kick,Georges-Kévin Nkoudou Mbida,3639.0,Left Wing,80,Cameroon,2722,"['dd064c48-8ec4-4f8c-b065-298a9447e9eb', 'fbadb582-830f-4232-9261-77bf521c98ad', 'debccea0-98e4-41f2-a661-01fb1ba7f5d3']",14,,,,,,,,,,,,,,,,,Cameroon,2722,00:02:14.441,Carry,True
,,,,,"[83.3, 37.0]",,,,,,,,,,,,0.08,,,,,,,,,,,b2f4da0d-938b-46f0-b231-f77d9c5e82a1,1432,,"[83.3, 37.0]",3920389,47,,,,,,,,,,,,,,,,,,,,,,,,2,From Throw In,Olivier Michel Kemen,7355.0,Center Attacking Midfield,81,Cameroon,2722,"['da0b9dde-ddd5-4f52-babb-6cd0a8ef749f', '19985319-24eb-4020-b005-fdb7c0822db1']",29,,,,,,,,,,,,,,,,,Cameroon,2722,00:02:29.473,Carry,
,,,,,"[41.8, 33.1]",,,,,,,,,,,,0.039999,,,,,,,,,,,30f48cf2-8351-49ae-90d9-8e1705a78128,1438,,"[41.8, 33.1]",3920389,47,,,,,,,,,,,,,,,,,,,,,,,,2,Regular Play,Mohamed Bayo,8454.0,Center Forward,82,Guinea,4892,"['83053ed8-6bd6-47db-a233-c773545da34b', 'b96e2d1e-b9fe-4748-b3e7-cca019747159']",32,,,,,,,,,,,,,,,,,Guinea,4892,00:02:32.272,Carry,
,,,,,"[77.9, 42.2]",,,,,,,,,,,,3.779046,,,,,,,,,,,06139d68-b6b0-473a-8968-5c488ba855a2,1441,,"[47.2, 22.8]",3920389,47,,,,,,,,,,,,,,,,,,,,,,,,2,Regular Play,Aguibou Camara,39559.0,Left Midfield,82,Guinea,4892,"['c4e88548-5dd5-435d-ae9d-b7f392e0e822', '5fcb6e99-9c58-4bbd-828f-90cb0fb60a6e']",33,,,,,,,,,,,,,,,,,Guinea,4892,00:02:33.897,Carry,
,,,,,"[109.7, 58.0]",,,,,,,,,,,,2.512344,,,,,,,,,,,55acdb72-5a04-4ded-a670-82c623aca97d,1444,,"[96.1, 57.8]",3920389,47,,,,,,,,,,,,,,,,,,,,,,,,2,Regular Play,Morgan Guilavogui,47351.0,Right Midfield,82,Guinea,4892,"['0bf19ff3-5101-45af-bfbc-de72bd40a118', 'cb9fbeea-945d-4885-9726-393914fb2898']",39,,,,,,,,,,,,,,,,,Guinea,4892,00:02:39.337,Carry,
,,,,,"[109.0, 58.1]",,,,,,,,,,,,1.171501,,,,,,,,,,,e2bd4ad0-9e0d-492c-ae66-5dfad4675208,1449,,"[108.7, 58.1]",3920389,47,,,,,,,,,,,,,,,,,,,,,,,,2,Regular Play,Morgan Guilavogui,47351.0,Right Midfield,82,Guinea,4892,"['749986f3-23ab-49af-b232-04083c857472', '28f06492-e047-48e9-ac51-a04043639882']",42,,,,,,,,,,,,,,,,,Guinea,4892,00:02:42.590,Carry,
,,,,,"[86.8, 54.7]",,,,,,,,,,,,1.891375,,,,,,,,,,,4c5e0a33-b843-46e8-9bcd-465130617325,1452,,"[91.8, 56.6]",3920389,47,,,,,,,,,,,,,,,,,,,,,,,,2,Regular Play,Moriba Kourouma Kourouma,39073.0,Right Defensive Midfield,82,Guinea,4892,"['2afcdb2b-c33a-4ecf-96b2-2991790e96e2', 'feb66b5d-cc29-47ed-8859-bf54da42d4dd']",45,,,,,,,,,,,,,,,,,Guinea,4892,00:02:45.150,Carry,
,,,,,"[77.2, 24.5]",,,,,,,,,,,,1.026118,,,,,,,,,,,cb753dc2-107b-4747-bb28-6eace4f8008f,1455,,"[77.5, 42.7]",3920389,47,,,,,,,,,,,,,,,,,,,,,,,,2,Regular Play,Mory Konaté,35285.0,Left Defensive Midfield,82,Guinea,4892,"['8d55de9a-90fa-4080-940d-96e9b4c807de', '3bce27d5-4841-4fb7-9a0b-d300f2623b57']",49,,,,,,,,,,,,,,,,,Guinea,4892,00:02:49.258,Carry,
,,,,,"[69.8, 13.3]",,,,,,,,,,,,1.25357,,,,,,,,,,,c4486025-cb30-49a6-883b-3f0c665c4196,1458,,"[70.9, 9.4]",3920389,47,,,,,,,,,,,,,,,,,,,,,,,,2,Regular Play,Sekou Oumar Sylla,132711.0,Left Back,82,Guinea,4892,"['97a0ee32-b8cc-496c-8b3d-bf66c4766236', '783826e1-cb9f-4324-826e-9314dc0f13fb']",52,,,,,,,,,,,,,,,,,Guinea,4892,00:02:52.147,Carry,
,,,,,"[39.5, 14.9]",,,,,,,,,,,,1.541797,,,,,,,,,,,3ee7938c-7fc3-4187-a9d9-a3ed4891154c,1461,,"[44.0, 13.6]",3920389,47,,,,,,,,,,,,,,,,,,,,,,,,2,Regular Play,Julian Jeanvier,7360.0,Left Center Back,82,Guinea,4892,"['0bdd7726-ab3a-4c04-82bf-40726124c7a6', 'f595d425-100c-4ba2-a3ef-09a7c77e6790']",55,,,,,,,,,,,,,,,,,Guinea,4892,00:02:55.227,Carry,
,,,,,"[12.6, 32.4]",,,,,,,,,,,,1.061605,,,,,,,,,,,12406e0d-1221-429c-8d8c-2524b40e0379,1464,,"[12.2, 30.3]",3920389,47,,,,,,,,,,,,,,,,,,,,,,,,2,Regular Play,Ibrahim Kone,182573.0,Goalkeeper,82,Guinea,4892,"['1e869ca6-9c69-41a9-80dd-fdfb76a36aa0', '08493ba9-08ad-4cee-a459-590160ac6373']",58,,,,,,,,,,,,,,,,,Guinea,4892,00:02:58.812,Carry,
,,,,,"[32.6, 5.0]",,,,,,,,,,,,3.156512,,,,,,,,,,,cb671f90-a3e1-4b74-aa4e-566f43e198ea,1467,,"[23.7, 12.7]",3920389,48,,,,,,,,,,,,,,,,,,,,,,,,2,Regular Play,Julian Jeanvier,7360.0,Left Center Back,82,Guinea,4892,"['57cc7542-e72b-4d46-9336-d4c87a672f7a', '5da6adfc-73b4-4099-b35a-741252881011']",1,,,,,,,,,,,,,,,,,Guinea,4892,00:03:01.074,Carry,
,,,,,"[54.8, 34.0]",,,,,,,,,,,,5.279531,,,,,,,,,,,fe0cb4bf-97e7-4f7e-ac32-2095eae60621,1474,,"[40.8, 37.0]",3920389,48,,,,,,,,,,,,,,,,,,,,,,,,2,From Throw In,Harold Moukoudi,7386.0,Left Center Back,83,Cameroon,2722,"['bdbc928b-945f-4e5d-b5e0-e164b0cfaa30', '11b81e88-4127-498a-bc40-4dff9bd1f7cc']",15,,,,,,,,,,,,,,,,,Cameroon,2722,00:03:15.272,Carry,
,,,,,"[54.0, 54.8]",,,,,,,,,,,,0.949869,,,,,,,,,,,1f58e5aa-8e21-4d48-83f4-573c675e59c7,1477,,"[52.0, 53.1]",3920389,48,,,,,,,,,,,,,,,,,,,,,,,,2,From Throw In,Christopher Wooh,74588.0,Right Center Back,83,Cameroon,2722,"['a1a09c73-2451-498a-b7bd-18ba8f713768', '407c3af3-fabd-4c3f-b814-612dc28e1d62']",21,,,,,,,,,,,,,,,,,Cameroon,2722,00:03:21.672,Carry,
,,,,,"[66.5, 40.2]",,,,,,,,,,,,5.547246,,,,,,,,,,,96cd08f0-6b7f-46ca-8d3d-e3f2ebc272b5,1480,,"[65.9, 57.0]",3920389,48,,,,,,,,,,,,,,,,,,,,,,,,2,From Throw In,Jules Olivier Ntcham,10530.0,Right Defensive Midfield,83,Cameroon,2722,"['8522a01d-89b5-4227-9792-344c583600ab', '8a62e1c4-37c8-4ea2-bab0-ae3923f6d63d']",23,,,,,,,,,,,,,,,,,Cameroon,2722,00:03:23.573,Carry,
,,,,,"[74.2, 8.4]",,,,,,,,,,,,3.703517,,,,,,,,,,,e5517249-a840-4f94-adce-d7487a078a19,1483,,"[70.8, 9.3]",3920389,48,,,,,,,,,,,,,,,,,,,,,,,,2,From Throw In,Darlin Zidane Yongwa Ngameni,32190.0,Left Back,83,Cameroon,2722,"['73ceb5d0-eab4-4589-a78a-a7a9d8a3a18d', '16b0a33d-9768-4772-abd2-cd5394228c50', 'a96a72bf-33b2-4405-8c69-4c953ec144d4']",30,,,,,,,,,,,,,,,,,Cameroon,2722,00:03:30.569,Carry,True
,,,,,"[57.5, 25.4]",,,,,,,,,,,,0.87452,,,,,,,,,,,8a57913f-d3d1-4d6f-b60e-69c0dd7ca49f,1487,,"[55.8, 21.0]",3920389,48,,,,,,,,,,,,,,,,,,,,,,,,2,From Throw In,Harold Moukoudi,7386.0,Left Center Back,83,Cameroon,2722,"['b492e15d-fd51-4bfa-a732-53f2d82dd63c', '7e206654-8a8e-440f-9478-42d996e890b9']",35,,,,,,,,,,,,,,,,,Cameroon,2722,00:03:35.679,Carry,
,,,,,"[77.6, 62.9]",,,,,,,,,,,,1.95261,,,,,,,,,,,25a8fd28-b1cd-4e88-8702-dde20af6ed3a,1490,,"[71.4, 55.2]",3920389,48,,,,,,,,,,,,,,,,,,,,,,,,2,From Throw In,Jules Olivier Ntcham,10530.0,Right Defensive Midfield,83,Cameroon,2722,"['31733b80-21e7-4cbc-bd0f-f486557c3ae9', 'df540287-e484-4262-9f74-265fecbf70a8']",38,,,,,,,,,,,,,,,,,Cameroon,2722,00:03:38.172,Carry,
,,,,,"[115.1, 72.0]",,,,,,,,,,,,4.147547,,,,,,,,,,,cf54f5f2-3e76-494d-8611-77101ac1afd0,1493,,"[90.6, 77.1]",3920389,48,,,,,,,,,,,,,,,,,,,,,,,,2,From Throw In,Frank Magri,189348.0,Right Wing,83,Cameroon,2722,"['c59c0e1e-f227-43fe-8275-bda6b926421a', 'df189c5f-ec4d-4db8-ad85-a121dd87cfb0', '18e34b84-7bf2-48fa-9ec5-9cdb693cdd8c']",41,,,,,,,,,,,,,,,,,Cameroon,2722,00:03:41.795,Carry,True
,,,,,"[97.6, 27.3]",,,,,,,,,,,,1.320424,,,,,,,,,,,5bee9332-feb4-4bf8-949d-392396e3b2c1,1503,,"[97.0, 26.2]",3920389,49,,,,,,,,,,,,,,,,,,,,,,,,2,From Corner,Jules Olivier Ntcham,10530.0,Right Defensive Midfield,84,Cameroon,2722,"['3edf24d9-1ff9-4e10-b049-be5488025458', '87146623-9c47-44d8-bda7-74ed94a5a61b']",17,,,,,,,,,,,,,,,,,Cameroon,2722,00:04:17.602,Carry,
,,,,,"[29.5, 34.9]",,,,,,,,,,,,0.831827,,,,,,,,,,,8885dbda-9883-4c57-a47b-af1a66f64011,1509,,"[26.2, 36.0]",3920389,49,,,,,,,,,,,,,,,,,,,,,,,,2,From Corner,Mohamed Bayo,8454.0,Center Forward,84,Cameroon,2722,"['8fd183b1-d681-45ab-bb0e-6ebdeffd0139', 'c99549e9-da74-499c-9672-aa34a2cb3ebb']",21,,,,,,,,,,,,,,,,,Guinea,4892,00:04:21.896,Carry,
,,,,,"[35.4, 40.5]",,,,,,,,,,,,1.202415,,,,,,,,,,,06565520-76bf-4b0e-b848-5c0bc1f610aa,1513,,"[29.5, 34.9]",3920389,49,,,,,,,,,,,,,,,,,,,,,,,,2,From Corner,Mohamed Bayo,8454.0,Center Forward,84,Cameroon,2722,"['fd188a33-7761-4175-975e-b00bf06a1a84', '551228c5-a6cf-45d2-a2ae-a2885b543faf', '31137709-508e-4c72-a7e6-5947ece566f7', '8fd183b1-d681-45ab-bb0e-6ebdeffd0139']",22,,,,,,,,,,,,,,,,,Guinea,4892,00:04:22.728,Carry,True
,,,,,"[34.0, 47.0]",,,,,,,,,,,,0.122625,,,,,,,,,,,8d050646-415f-47de-b451-da6e9ea998a5,1518,,"[32.2, 46.3]",3920389,49,,,,,,,,,,,,,,,,,,,,,,,,2,From Corner,Aguibou Camara,39559.0,Left Midfield,84,Cameroon,2722,"['eea812db-65d1-434b-a3da-d359ebc280cf', 'eef10907-016e-4813-b0e8-010a584d89a6', '933c2b1c-96f2-4c74-838c-979d71eacc47']",24,,,,,,,,,,,,,,,,,Guinea,4892,00:04:24.743,Carry,True
,,,,,"[34.8, 64.5]",,,,,,,,,,,,5.544744,,,,,,,,,,,096b1d8b-c682-4deb-9eed-a41983ae22cd,1524,,"[20.0, 38.7]",3920389,49,,,,,,,,,,,,,,,,,,,,,,,,2,From Corner,Joseph Fabrice Ondoa Ebogo,24670.0,Goalkeeper,84,Cameroon,2722,"['7c258707-a9d0-4217-86c3-b18ede32e01b', '302a14c4-9f9c-4446-a593-282b74f7756d']",30,,,,,,,,,,,,,,,,,Cameroon,2722,00:04:30.007,Carry,
,,,,,"[79.5, 77.9]",,,,,,,,,,,,5.635119,,,,,,,,,,,60391cef-bbc0-406f-835f-825769466e3d,1527,,"[62.9, 73.7]",3920389,49,,,,,,,,,,,,,,,,,,,,,,,,2,From Corner,Jean-Charles Castelletto,7426.0,Right Back,84,Cameroon,2722,"['3d80e709-f828-4fa9-aa1b-7ecabdaeac54', '546b3c8b-70d2-437e-b813-c0f3d258eb76']",37,,,,,,,,,,,,,,,,,Cameroon,2722,00:04:37.753,Carry,
,,,,,"[77.6, 70.4]",,,,,,,,,,,,1.35361,,,,,,,,,,,f0a3f554-eab7-4697-abee-bf6c07079283,1530,,"[77.6, 69.0]",3920389,49,,,,,,,,,,,,,,,,,,,,,,,,2,From Corner,André-Frank Zambo Anguissa,3141.0,Left Defensive Midfield,84,Cameroon,2722,"['d857c70c-07c2-43f8-87aa-55b3323189b7', '5a2a5729-1762-4b25-bed9-d261b1aa0bb8']",44,,,,,,,,,,,,,,,,,Cameroon,2722,00:04:44.130,Carry,
,,,,,"[86.3, 78.9]",,,,,,,,,,,,1.086873,,,,,,,,,,,9638214b-fc84-4d4b-806b-92d192ca4099,1533,,"[84.8, 76.8]",3920389,49,,,,,,,,,,,,,,,,,,,,,,,,2,From Corner,Jean-Charles Castelletto,7426.0,Right Back,84,Cameroon,2722,"['4de839d9-b2cd-47ca-9a11-ce936bfdf0e3', '3f130abf-a208-4438-b2e8-c947ca0e0445', '5ccca7bc-3aa9-4526-b97b-dab9f28b7907']",46,,,,,,,,,,,,,,,,,Cameroon,2722,00:04:46.456,Carry,True
,,,,,"[76.9, 68.1]",,,,,,,,,,,,4.851624,,,,,,,,,,,ac03fdb6-3f11-4fb9-8003-c27c92566969,1537,,"[73.4, 77.0]",3920389,49,,,,,,,,,,,,,,,,,,,,,,,,2,From Corner,Olivier Michel Kemen,7355.0,Center Attacking Midfield,84,Cameroon,2722,"['33f1fb5a-9973-419d-8c90-1b8f74ac7943', '2d446ec7-aace-467d-8460-ace4815ef854']",48,,,,,,,,,,,,,,,,,Cameroon,2722,00:04:48.280,Carry,
,,,,,"[88.4, 24.3]",,,,,,,,,,,,2.590193,,,,,,,,,,,d21ca435-2ffb-40f5-b0d6-37f68d58f0ca,1540,,"[77.0, 27.0]",3920389,49,,,,,,,,,,,,,,,,,,,,,,,,2,From Corner,Jules Olivier Ntcham,10530.0,Right Defensive Midfield,84,Cameroon,2722,"['67d8f0fd-da08-4bd2-a063-3d8544d9e3e6', '7dc6afad-a698-47ee-ac28-d1914bc87f7d', '7a62f99d-44e3-404c-9951-4933e13452ef']",55,,,,,,,,,,,,,,,,,Cameroon,2722,00:04:55.814,Carry,True
,,,,,"[103.8, 7.9]",,,,,,,,,,,,1.786855,,,,,,,,,,,396dbc21-33aa-465c-a982-bb07ae5f774f,1544,,"[104.7, 6.5]",3920389,50,,,,,,,,,,,,,,,,,,,,,,,,2,From Corner,Georges-Kévin Nkoudou Mbida,3639.0,Left Wing,84,Cameroon,2722,"['9f949ceb-b1fb-4e0a-b6da-5232e92a6468', '3086005d-f59f-4de4-a7dc-c47f09bbdb90']",0,,,,,,,,,,,,,,,,,Cameroon,2722,00:05:00.364,Carry,
,,,,,"[109.4, 6.0]",,,,,,,,,,,,6.868487,,,,,,,,,,,7bd10b3f-042b-4a76-8ee3-d1bf7de0acdf,1556,,"[77.6, 23.1]",3920389,51,,,,,,,,,,,,,,,,,,,,,,,,2,Regular Play,Darlin Zidane Yongwa Ngameni,32190.0,Left Back,86,Cameroon,2722,"['1a80adba-dbee-4f2c-b6b8-37febde0fb62', 'ea40e962-180f-4b38-8192-c7a6fa837583', '38b06087-782e-4a7b-9259-59ba4ad154da']",31,,,,,,,,,,,,,,,,,Cameroon,2722,00:06:31.308,Carry,True
,,,,,"[111.5, 4.8]",,,,,,,,,,,,0.188003,,,,,,,,,,,d833dbf8-45be-4613-ad69-d4b42e90bc4a,1562,,"[110.6, 3.7]",3920389,51,,,,,,,,,,,,,,,,,,,,,,,,2,Regular Play,Georges-Kévin Nkoudou Mbida,3639.0,Left Wing,86,Cameroon,2722,"['2fec9d5f-a615-43a7-94c4-37b5e03ed9b1', 'c518fe68-1a6b-4c88-ac41-32c15167de39', 'd8b3a52c-d84b-449a-9de2-7b3e1d594e98', '65a6cc08-8fb2-44cb-b8d4-ef4b4dd15d10']",38,,,,,,,,,,,,,,,,,Cameroon,2722,00:06:38.964,Carry,True
,,,,,"[23.6, 44.4]",,,,,,,,,,,,1.305575,,,,,,,,,,,e4b1e773-cc72-456d-ad7c-eece601c3b08,1571,,"[19.8, 42.4]",3920389,52,,,,,,,,,,,,,,,,,,,,,,,,2,From Free Kick,Antoine Conte,131849.0,Right Back,87,Cameroon,2722,"['8a4dabfb-e780-42be-bb53-dc834e17e879', 'e9a4644a-3806-40a5-8460-1a1eab332c32']",29,,,,,,,,,,,,,,,,,Guinea,4892,00:07:29.419,Carry,
,,,,,"[41.5, 24.6]",,,,,,,,,,,,1.429198,,,,,,,,,,,ad16e32d-8389-4609-b6bb-8370d919982f,1576,,"[42.9, 22.7]",3920389,52,,,,,,,,,,,,,,,,,,,,,,,,2,From Throw In,Jules Olivier Ntcham,10530.0,Right Defensive Midfield,88,Cameroon,2722,"['36c91a94-d9dc-413d-b2f2-3574e57a43ed', '9ea9931a-8571-4a7b-912f-532565412412']",42,,,,,,,,,,,,,,,,,Cameroon,2722,00:07:42.986,Carry,
,,,,,"[50.6, 50.9]",,,,,,,,,,,,0.928867,,,,,,,,,,,24967648-a5f0-4fb9-8d51-32050f420c49,1579,,"[49.8, 49.1]",3920389,52,,,,,,,,,,,,,,,,,,,,,,,,2,From Throw In,Christopher Wooh,74588.0,Right Center Back,88,Cameroon,2722,"['9856f799-5a82-457c-a2f5-8b7904b7d6d9', 'db267a30-34e0-4072-b6fa-466123c16b9e']",46,,,,,,,,,,,,,,,,,Cameroon,2722,00:07:46.430,Carry,
,,,,,"[64.5, 64.5]",,,,,,,,,,,,2.09482,,,,,,,,,,,7120057b-3911-464e-9c97-fe78ad4c3195,1582,,"[57.0, 59.0]",3920389,52,,,,,,,,,,,,,,,,,,,,,,,,2,From Throw In,Olivier Michel Kemen,7355.0,Center Attacking Midfield,88,Cameroon,2722,"['5f3b6717-4225-429c-a964-3761a6dec85d', '3a39ddab-f4b2-4a3b-a334-72a235f3340b']",48,,,,,,,,,,,,,,,,,Cameroon,2722,00:07:48.525,Carry,
,,,,,"[92.6, 79.0]",,,,,,,,,,,,1.503691,,,,,,,,,,,43b2d041-b350-411a-a65c-ca749ee8365b,1585,,"[86.5, 76.5]",3920389,52,,,,,,,,,,,,,,,,,,,,,,,,2,From Throw In,Jean-Charles Castelletto,7426.0,Right Back,88,Cameroon,2722,"['6e4d038b-abc7-429a-8b71-0b2fb3fd9df4', '3045f21c-a409-4c8d-8029-69dc18615eb2']",52,,,,,,,,,,,,,,,,,Cameroon,2722,00:07:52.372,Carry,
,,,,,"[86.9, 72.4]",,,,,,,,,,,,1.145204,,,,,,,,,,,4ac96724-4699-41ba-a3f8-3309313bdf2e,1588,,"[86.1, 72.9]",3920389,52,,,,,,,,,,,,,,,,,,,,,,,,2,From Throw In,Karl Brillant Toko Ekambi,3551.0,Center Forward,88,Cameroon,2722,"['4678e91a-1921-4bc9-a23b-2a68dbfb29ee', 'd05a3ecd-6a7f-4c00-ba3a-b3c934355eab']",54,,,,,,,,,,,,,,,,,Cameroon,2722,00:07:54.671,Carry,
,,,,,"[97.2, 71.3]",,,,,,,,,,,,0.722324,,,,,,,,,,,1dfb8fdb-3bc4-45be-bca1-0ca2f1b1a408,1591,,"[97.2, 69.9]",3920389,52,,,,,,,,,,,,,,,,,,,,,,,,2,From Throw In,Frank Magri,189348.0,Right Wing,88,Cameroon,2722,"['70cda238-d107-485e-9e12-776212c8c29e', '24ccd0e9-0043-4764-9324-1a611e5b539e']",56,,,,,,,,,,,,,,,,,Cameroon,2722,00:07:56.627,Carry,
,,,,,"[91.9, 77.3]",,,,,,,,,,,,0.670552,,,,,,,,,,,157c563c-c145-4b06-9d9a-87fce25543a4,1594,,"[91.9, 77.3]",3920389,52,,,,,,,,,,,,,,,,,,,,,,,,2,From Throw In,Jean-Charles Castelletto,7426.0,Right Back,88,Cameroon,2722,"['82b6fc1f-d5dc-4e07-8fa4-dcdc8881b49e', '4ae78bf8-4bb1-4f48-9d65-fc1085b74a11']",57,,,,,,,,,,,,,,,,,Cameroon,2722,00:07:57.820,Carry,
,,,,,"[84.8, 75.1]",,,,,,,,,,,,1.444136,,,,,,,,,,,beee1f01-3656-48e5-913d-4c1279781b69,1597,,"[84.8, 74.9]",3920389,52,,,,,,,,,,,,,,,,,,,,,,,,2,From Throw In,Olivier Michel Kemen,7355.0,Center Attacking Midfield,88,Cameroon,2722,"['360b3cce-1dc4-4eda-9ce6-48020daf31d6', '53824047-e6b1-4698-8d59-57ba88388c15']",59,,,,,,,,,,,,,,,,,Cameroon,2722,00:07:59.084,Carry,
,,,,,"[95.9, 67.4]",,,,,,,,,,,,0.040000003,,,,,,,,,,,6f68de12-d1a6-4494-927f-315cae45a4ab,1600,,"[96.2, 67.4]",3920389,53,,,,,,,,,,,,,,,,,,,,,,,,2,From Throw In,André-Frank Zambo Anguissa,3141.0,Left Defensive Midfield,88,Cameroon,2722,"['74eb2c54-76a9-46ca-b4d7-c6d174225cfb', '8f9295b0-c2f6-4160-9c18-a1a20bb030a0']",1,,,,,,,,,,,,,,,,,Cameroon,2722,00:08:01.270,Carry,
,,,,,"[103.4, 78.5]",,,,,,,,,,,,1.10426,,,,,,,,,,,35213d2e-da47-42a1-83db-5a0e9b5f00a5,1603,,"[98.6, 76.2]",3920389,53,,,,,,,,,,,,,,,,,,,,,,,,2,From Throw In,Jean-Charles Castelletto,7426.0,Right Back,88,Cameroon,2722,"['08429987-c4ad-45d4-ba48-df19c53fb3d7', '9098d175-f366-43f3-80c2-f9d7a675956b']",2,,,,,,,,,,,,,,,,,Cameroon,2722,00:08:02.520,Carry,
,,,,,"[96.9, 76.8]",,,,,,,,,,,,2.416244,,,,,,,,,,,af7a0402-be21-4be8-b255-bfc001475224,1609,,"[96.4, 77.9]",3920389,53,,,,,,,,,,,,,,,,,,,,,,,,2,From Throw In,André-Frank Zambo Anguissa,3141.0,Left Defensive Midfield,89,Cameroon,2722,"['8d6b99c2-040f-425d-bd56-48c6c953a1df', 'd57ecc97-310b-4e19-af4b-9b9d7e67050c']",8,,,,,,,,,,,,,,,,,Cameroon,2722,00:08:08.215,Carry,
,,,,,"[95.0, 66.0]",,,,,,,,,,,,1.917868,,,,,,,,,,,79bf543b-1b3e-431d-9fa5-6e4e33cb3867,1612,,"[94.0, 67.1]",3920389,53,,,,,,,,,,,,,,,,,,,,,,,,2,From Throw In,Olivier Michel Kemen,7355.0,Center Attacking Midfield,89,Cameroon,2722,"['8be90b04-3b22-4aca-9079-6fcf9cd2ea51', 'fdef79f2-3884-4734-a430-962f26683cd5']",11,,,,,,,,,,,,,,,,,Cameroon,2722,00:08:11.363,Carry,
,,,,,"[105.0, 76.8]",,,,,,,,,,,,0.977422,,,,,,,,,,,baee28b3-7bbc-462b-b2b5-f9f1ffd3943e,1615,,"[104.4, 75.6]",3920389,53,,,,,,,,,,,,,,,,,,,,,,,,2,From Throw In,Jean-Charles Castelletto,7426.0,Right Back,89,Cameroon,2722,"['e3123fcd-6392-43ba-9402-5fb5a83d9f65', 'c9d2b465-45fe-4252-8cbb-9662578894b1']",14,,,,,,,,,,,,,,,,,Cameroon,2722,00:08:14.449,Carry,
,,,,,"[104.8, 75.7]",,,,,,,,,,,,1.052698,,,,,,,,,,,acecb4af-52ff-4e0f-ae0f-b1f58bb27429,1621,,"[104.4, 72.9]",3920389,53,,,,,,,,,,,,,,,,,,,,,,,,2,From Throw In,André-Frank Zambo Anguissa,3141.0,Left Defensive Midfield,90,Cameroon,2722,"['e0cbe529-dda2-4ad9-af64-a2f3c36f46f4', '23b97a94-08c1-4705-9e2f-7bd3dd6acb8a', '8d2b4307-c4f4-41af-8b65-5ac5b3cb892f']",19,,,,,,,,,,,,,,,,,Cameroon,2722,00:08:19.992,Carry,True
,,,,,"[95.9, 77.9]",,,,,,,,,,,,0.467862,,,,,,,,,,,b16804ad-7627-4ca8-9f26-71f308e3068b,1625,,"[96.2, 77.7]",3920389,53,,,,,,,,,,,,,,,,,,,,,,,,2,From Throw In,Jean-Charles Castelletto,7426.0,Right Back,90,Cameroon,2722,"['8083b3c7-ab7b-4474-b1ba-1f815b18a270', '5f14d4bb-aa17-4f5a-a630-f4080ee82840']",21,,,,,,,,,,,,,,,,,Cameroon,2722,00:08:21.913,Carry,
,,,,,"[79.2, 61.8]",,,,,,,,,,,,0.741485,,,,,,,,,,,9951cce6-7152-4129-af16-af04f7ec47db,1628,,"[80.3, 61.3]",3920389,53,,,,,,,,,,,,,,,,,,,,,,,,2,From Throw In,Christopher Wooh,74588.0,Right Center Back,90,Cameroon,2722,"['2feb8724-726d-4503-90f3-b83fb97b6b45', '99cc264b-aa93-4e1c-adf8-8ba174405cff']",24,,,,,,,,,,,,,,,,,Cameroon,2722,00:08:24.179,Carry,
,,,,,"[83.4, 39.1]",,,,,,,,,,,,2.468022,,,,,,,,,,,3e16f410-8aa9-4146-ac34-5cc49e552de7,1631,,"[78.6, 48.8]",3920389,53,,,,,,,,,,,,,,,,,,,,,,,,2,From Throw In,Jules Olivier Ntcham,10530.0,Right Defensive Midfield,90,Cameroon,2722,"['fa08698f-f54b-43b2-9002-6ebb16e47290', '50d73852-9904-4d5d-b9d6-4c3095f8db52']",26,,,,,,,,,,,,,,,,,Cameroon,2722,00:08:26.409,Carry,
,,,,,"[93.6, 7.6]",,,,,,,,,,,,2.814577,,,,,,,,,,,7dd5211b-3998-4464-b33e-68ad8c0cbed9,1634,,"[93.7, 4.0]",3920389,53,,,,,,,,,,,,,,,,,,,,,,,,2,From Throw In,Georges-Kévin Nkoudou Mbida,3639.0,Left Wing,90,Cameroon,2722,"['aedbeadf-9b7c-4290-8290-ec41acb0ef15', '310269a6-283b-46a4-8956-1b55d3f88a0e']",30,,,,,,,,,,,,,,,,,Cameroon,2722,00:08:30.717,Carry,
,,,,,"[56.5, 56.2]",,,,,,,,,,,,2.297899,,,,,,,,,,,b6c8eb1a-427d-4006-8c95-0e683daa3880,1639,,"[61.7, 54.6]",3920389,53,,,,,,,,,,,,,,,,,,,,,,,,2,From Throw In,Christopher Wooh,74588.0,Right Center Back,90,Cameroon,2722,"['fc79ac87-f85d-4c43-86c2-0a8118c1710c', 'fc3926ba-4877-49e0-95f1-e7c9ad94a504']",39,,,,,,,,,,,,,,,,,Cameroon,2722,00:08:39.598,Carry,
,,,,,"[74.7, 66.8]",,,,,,,,,,,,2.377139,,,,,,,,,,,462299dd-6199-4e85-ba50-c9f81d0ae7df,1642,,"[68.9, 69.8]",3920389,53,,,,,,,,,,,,,,,,,,,,,,,,2,From Throw In,Olivier Michel Kemen,7355.0,Center Attacking Midfield,90,Cameroon,2722,"['8092ad4d-2cd9-4e36-8e80-1bb5413f9173', 'd7492203-b4e1-4034-a674-666fc8f514fe']",42,,,,,,,,,,,,,,,,,Cameroon,2722,00:08:42.946,Carry,
,,,,,"[65.3, 48.5]",,,,,,,,,,,,0.23176,,,,,,,,,,,0ed0e22f-775c-474e-9e32-dec920f85f30,1659,,"[64.4, 48.1]",3920389,56,,,,,,,,,,,,,,,,,,,,,,,,2,From Goal Kick,Frank Magri,189348.0,Right Wing,92,Guinea,4892,"['6f70ffe1-a2af-496f-9f35-0f34003c485f', '6a4a529b-f0f3-4853-b459-62c94a2c1d51']",18,,,,,,,,,,,,,,,,,Cameroon,2722,00:11:18.000,Carry,
,,,,,"[9.2, 21.6]",,,,,,,,,,,,1.678452,,,,,,,,,,,3e1235b4-6399-4694-89fe-6dbdf0e64fdf,1665,,"[3.2, 30.3]",3920389,56,,,,,,,,,,,,,,,,,,,,,,,,2,From Goal Kick,Ibrahim Kone,182573.0,Goalkeeper,92,Guinea,4892,"['94e35e79-1d8b-4692-8a86-ecfc1075e4bf', '82803430-65a1-418f-910f-683276c6d924', '356fed88-25be-4f5c-99b7-b05b2032c09f']",23,,,,,,,,,,,,,,,,,Guinea,4892,00:11:23.008,Carry,True
,,,,,"[87.2, 66.5]",,,,,,,,,,,,1.136581,,,,,,,,,,,7689cf78-ac56-476f-8c64-573641b5085c,1670,,"[85.1, 67.4]",3920389,56,,,,,,,,,,,,,,,,,,,,,,,,2,From Goal Kick,Frank Magri,189348.0,Right Wing,92,Guinea,4892,"['8fb1488c-f18c-46b9-bc72-51944b9d4b5a', 'df3db446-869f-44dc-967d-9c317d909bfe', 'b86de546-4acc-4e1b-ad0b-e34502336e2f']",25,,,,,,,,,,,,,,,,,Cameroon,2722,00:11:25.991,Carry,True
,,,,,"[30.3, 16.7]",,,,,,,,,,,,0.675373,,,,,,,,,,,c617c554-f871-4ead-a7b5-2e12c5b97b60,1678,,"[30.3, 15.6]",3920389,56,,,,,,,,,,,,,,,,,,,,,,,,2,From Goal Kick,Sekou Oumar Sylla,132711.0,Left Back,92,Guinea,4892,"['c34a9cc5-61a8-41e9-837a-b3c2963ef613', '7bb13033-7fdf-457a-9d81-5dd5a293b293', 'b8b76c59-d50b-40f1-adda-0330b54e8895']",29,,,,,,,,,,,,,,,,,Guinea,4892,00:11:29.653,Carry,True
,,,,,"[27.8, 14.7]",,,,,,,,,,,,0.547875,,,,,,,,,,,e8d8eab5-7c34-4958-9c46-08e63634bfa5,1681,,"[26.5, 15.6]",3920389,56,,,,,,,,,,,,,,,,,,,,,,,,2,From Goal Kick,Julian Jeanvier,7360.0,Left Center Back,92,Guinea,4892,"['c3bb1145-6147-4bda-ab89-980b4c1957c1', 'f6b83ab9-5812-408f-b995-9752d4b57c19']",31,,,,,,,,,,,,,,,,,Guinea,4892,00:11:31.081,Carry,
,,,,,"[46.9, 29.4]",,,,,,,,,,,,1.594396,,,,,,,,,,,c5abd920-84f4-4471-b71b-faef0a1abb9e,1684,,"[37.6, 22.2]",3920389,56,,,,,,,,,,,,,,,,,,,,,,,,2,From Goal Kick,Moriba Kourouma Kourouma,39073.0,Right Defensive Midfield,92,Guinea,4892,"['b0a429e0-94b4-474f-a875-aeb33d85095e', '46741894-c45e-4f1f-b0d1-1deb66d45488', '16c426ca-4de5-44ee-978a-8d65e25eb9b5']",33,,,,,,,,,,,,,,,,,Guinea,4892,00:11:33.041,Carry,True
,,,,,"[12.0, 30.0]",,,,,,,,,,,,0.511883,,,,,,,,,,,79d7fc5a-ad36-497f-ab1b-7d36721724df,1695,,"[13.1, 32.4]",3920389,57,,,,,,,,,,,,,,,,,,,,,,,,2,From Free Kick,Ibrahim Kone,182573.0,Goalkeeper,93,Guinea,4892,"['1897d802-859f-4d18-86b6-5789ec3c9a8d', '6df80929-1138-475b-b1ae-d1dffa1821ac', 'd385e545-18bb-476e-a57e-dcb9393c4d2e']",0,,,,,,,,,,,,,,,,,Guinea,4892,00:12:00.797,Carry,True
,,,,,"[55.8, 41.8]",,,,,,,,,,,,1.035953,,,,,,,,,,,f0a0d2f6-67cc-49eb-9cda-97353498b001,1699,,"[53.7, 42.0]",3920389,57,,,,,,,,,,,,,,,,,,,,,,,,2,Regular Play,Harold Moukoudi,7386.0,Left Center Back,94,Cameroon,2722,"['076fadd7-1f48-4e52-87bc-f2e1318e677e', 'bb318dfb-f126-4d69-98ed-c3fe5a92f9ac']",4,,,,,,,,,,,,,,,,,Cameroon,2722,00:12:04.402,Carry,
,,,,,"[78.6, 64.1]",,,,,,,,,,,,4.765636,,,,,,,,,,,7fd15f84-b6ee-4d53-ad8e-2a61fa8cb159,1702,,"[65.8, 46.5]",3920389,57,,,,,,,,,,,,,,,,,,,,,,,,2,Regular Play,Jules Olivier Ntcham,10530.0,Right Defensive Midfield,94,Cameroon,2722,"['646a0501-396f-4afc-ac95-4127444c34e5', 'e4902e92-af5c-46fe-9a55-d1467cc4d485']",6,,,,,,,,,,,,,,,,,Cameroon,2722,00:12:06.245,Carry,
,,,,,"[45.0, 72.0]",,,,,,,,,,,,0.04,,,,,,,,,,,eee5ef66-ffbd-4b99-a410-176d4a658b79,1728,,"[45.0, 72.0]",3920389,60,,,,,,,,,,,,,,,,,,,,,,,,2,Regular Play,Jean-Charles Castelletto,7426.0,Right Back,97,Cameroon,2722,"['580b1b31-3011-4f39-aacb-a8ae313ec61b', '562fc3ce-aace-4d8b-81f9-3eb8240eddf6']",7,,,,,,,,,,,,,,,,,Cameroon,2722,00:15:07.471,Carry,
,,,,,"[91.7, 64.1]",,,,,,,,,,,,4.465227,,,,,,,,,,,26815725-c794-4702-a36e-9b5e9a066fbb,1735,,"[73.6, 65.7]",3920389,60,,,,,,,,,,,,,,,,,,,,,,,,2,Regular Play,Karl Brillant Toko Ekambi,3551.0,Center Forward,97,Cameroon,2722,"['6e020cbf-5dfd-4519-aa47-b4c69ee86763', 'efd31150-5a5f-49e1-983d-fe2218fd5ef8']",11,,,,,,,,,,,,,,,,,Cameroon,2722,00:15:11.913,Carry,
,,,,,"[80.3, 19.6]",,,,,,,,,,,,3.624396,,,,,,,,,,,2b47d676-bcaa-447d-9269-9e75694cd8a2,1741,,"[81.2, 19.1]",3920389,60,,,,,,,,,,,,,,,,,,,,,,,,2,From Throw In,André-Frank Zambo Anguissa,3141.0,Left Defensive Midfield,98,Cameroon,2722,"['94c8fc10-1812-4d92-9a8a-595ba0d975c8', '96c27990-c9ca-4e6f-a606-2b990767089f']",25,,,,,,,,,,,,,,,,,Cameroon,2722,00:15:25.129,Carry,
,,,,,"[92.9, 7.0]",,,,,,,,,,,,4.145232,,,,,,,,,,,1f3c6050-12ed-497f-acb1-266086beeb3e,1744,,"[93.9, 4.0]",3920389,60,,,,,,,,,,,,,,,,,,,,,,,,2,From Throw In,Georges-Kévin Nkoudou Mbida,3639.0,Left Wing,98,Cameroon,2722,"['70bab896-e967-4e54-a810-6d909414ed4d', 'b331863d-9a80-4a74-bc3f-6e6316a18558']",29,,,,,,,,,,,,,,,,,Cameroon,2722,00:15:29.900,Carry,
,,,,,"[88.2, 49.1]",,,,,,,,,,,,4.232736,,,,,,,,,,,3b5f2a83-dfdd-4c07-8f42-57daf3ead3ac,1747,,"[78.1, 57.6]",3920389,60,,,,,,,,,,,,,,,,,,,,,,,,2,From Throw In,Jules Olivier Ntcham,10530.0,Right Defensive Midfield,98,Cameroon,2722,"['fa05288f-fcab-4516-a11c-be44e01788ca', '64cb21a7-3769-49c8-8722-529b15102ed2']",35,,,,,,,,,,,,,,,,,Cameroon,2722,00:15:35.894,Carry,
,,,,,"[33.2, 28.0]",,,,,,,,,,,,0.013263,,,,,,,,,,,9a26f00e-cd3a-4243-86da-5c4ba9356670,1755,,"[32.6, 28.0]",3920389,60,,,,,,,,,,,,,,,,,,,,,,,,2,Regular Play,Mohamed Bayo,8454.0,Center Forward,99,Guinea,4892,"['f6c6fd3b-f9b0-4be0-b509-90cef9ff17c1', 'cbeb5edd-466b-4e59-b213-788f43f7edb4', '11f7f537-c52f-4c2c-b5b4-5822faf6486f']",44,,,,,,,,,,,,,,,,,Guinea,4892,00:15:44.195,Carry,True
,,,,,"[25.4, 24.4]",,,,,,,,,,,,0.08,,,,,,,,,,,d1cfb52f-b9eb-4a93-ad4a-4274f3315cb3,1758,,"[25.1, 27.0]",3920389,60,,,,,,,,,,,,,,,,,,,,,,,,2,Regular Play,Mory Konaté,35285.0,Left Defensive Midfield,99,Guinea,4892,"['1ed7977b-ba47-4d92-9fce-e8b01b78092d', 'a2c6d640-6606-4b45-b1b5-4990247c9f29']",45,,,,,,,,,,,,,,,,,Guinea,4892,00:15:45.484,Carry,
,,,,,"[73.6, 67.1]",,,,,,,,,,,,2.453216,,,,,,,,,,,bb1d7b6d-a066-4ffc-a405-a7ecda9baa55,1762,,"[76.4, 66.6]",3920389,60,,,,,,,,,,,,,,,,,,,,,,,,2,Regular Play,Jean-Charles Castelletto,7426.0,Right Back,100,Cameroon,2722,"['b113832e-d801-42de-9c00-7aae594dac26', '0e8a5745-97ac-4128-a942-dbe263cb63d2']",46,,,,,,,,,,,,,,,,,Cameroon,2722,00:15:46.863,Carry,
,,,,,"[105.8, 71.3]",,,,,,,,,,,,4.086929,,,,,,,,,,,0f414b64-fb73-4d91-bd83-7f424ed95aae,1765,,"[86.1, 74.3]",3920389,60,,,,,,,,,,,,,,,,,,,,,,,,2,Regular Play,Frank Magri,189348.0,Right Wing,100,Cameroon,2722,"['10d1e3de-3530-4061-8ada-672c452f8f1f', '574df586-d6a5-4e08-b191-675b5dbe5cea', '0c6fa6a8-58b7-4215-a738-4b9338db7f38']",50,,,,,,,,,,,,,,,,,Cameroon,2722,00:15:50.549,Carry,True
,,,,,"[109.0, 69.6]",,,,,,,,,,,,0.71487,,,,,,,,,,,cbb6711f-b69f-47e7-aea3-a34fee29093a,1769,,"[105.8, 71.3]",3920389,60,,,,,,,,,,,,,,,,,,,,,,,,2,Regular Play,Frank Magri,189348.0,Right Wing,100,Cameroon,2722,"['36e3219e-c069-4b6e-b59b-bdb2de884238', 'c56ca694-f54d-4ced-bced-0edc958b76bf', '0a21614f-d590-4b3c-8742-ebb1dc3536d6', '574df586-d6a5-4e08-b191-675b5dbe5cea']",54,,,,,,,,,,,,,,,,,Cameroon,2722,00:15:54.636,Carry,True
,,,,,"[5.9, 6.1]",,,,,,,,,,,,1.916405,,,,,,,,,,,d2279e68-87e8-4e06-a6ac-1f0b1a6cc450,1773,,"[11.1, 10.5]",3920389,60,,,,,,,,,,,,,,,,,,,,,,,,2,Regular Play,Sekou Oumar Sylla,132711.0,Left Back,101,Guinea,4892,"['2e063df7-4523-42d8-bef9-7459959dc6bc', 'fe2ee56c-b23a-485a-a7e5-644594259cde']",55,,,,,,,,,,,,,,,,,Guinea,4892,00:15:55.350,Carry,
,,,,,"[12.0, 2.8]",,,,,,,,,,,,0.508033,,,,,,,,,,,045e2e53-b134-4839-9eb5-f61b528db86f,1777,,"[11.4, 3.3]",3920389,60,,,,,,,,,,,,,,,,,,,,,,,,2,Regular Play,Facinet Conte,406457.0,Left Midfield,101,Guinea,4892,"['b93d2a32-5f97-488d-b409-8d63c367614d', '37758f7d-9ce0-4b8c-b415-03bd1a6dd0fb', 'e3c5aa67-8bd7-4d5b-a7f8-19ca3800dde0']",58,,,,,,,,,,,,,,,,,Guinea,4892,00:15:58.296,Carry,True
,,,,,"[3.2, 4.5]",,,,,,,,,,,,0.426155,,,,,,,,,,,5c3bb58a-0eef-41a8-887f-17487b55c00c,1780,,"[3.2, 4.5]",3920389,60,,,,,,,,,,,,,,,,,,,,,,,,2,Regular Play,Sekou Oumar Sylla,132711.0,Left Back,101,Guinea,4892,"['44289dfe-a67a-4fda-95cd-b37726340e0d', '3b39497c-4f1d-4f02-8038-bf8006ea64d5']",59,,,,,,,,,,,,,,,,,Guinea,4892,00:15:59.658,Carry,
,,,,,"[32.6, 13.6]",,,,,,,,,,,,1.113768,,,,,,,,,,,17242143-c2b1-4004-998b-eff9e3c993c2,1784,,"[35.0, 11.4]",3920389,61,,,,,,,,,,,,,,,,,,,,,,,,2,Regular Play,Mohamed Bayo,8454.0,Center Forward,101,Guinea,4892,"['a9f59f1c-54e4-4a3b-bdd9-36b0a84ba69b', 'dec4cc99-c2fc-43e2-aad9-a554e781efc6', '2f378f72-3eac-49f3-bcc8-74b709b0083a']",2,,,,,,,,,,,,,,,,,Guinea,4892,00:16:02.019,Carry,True
,,,,,"[39.8, 31.7]",,,,,,,,,,,,0.022924,,,,,,,,,,,df79e717-6b3b-4214-87f8-7408870ba66d,1788,,"[40.4, 32.0]",3920389,61,,,,,,,,,,,,,,,,,,,,,,,,2,Regular Play,Moriba Kourouma Kourouma,39073.0,Right Defensive Midfield,101,Guinea,4892,"['b785fd32-aee9-4953-9211-4b81d3bcfc66', '5e114854-fed7-47a9-ae9a-1509a3645894', 'bc2764db-b9c2-4e02-8604-f5385f5e051e']",4,,,,,,,,,,,,,,,,,Guinea,4892,00:16:04.824,Carry,True
,,,,,"[79.3, 54.0]",,,,,,,,,,,,4.820728,,,,,,,,,,,b692ebf1-a710-4e60-a99f-1f0bc3533e3a,1791,,"[73.1, 57.8]",3920389,61,,,,,,,,,,,,,,,,,,,,,,,,2,Regular Play,Aguibou Camara,39559.0,Right Midfield,101,Guinea,4892,"['6ee7b7aa-c61e-478b-93cd-1a8eb9cfbc38', 'b69d5e1a-d572-46cb-9431-92256d3e30a2', 'f632a593-d080-460b-aaec-1e8d613001e3']",4,,,,,,,,,,,,,,,,,Guinea,4892,00:16:04.915,Carry,True
,,,,,"[32.6, 28.7]",,,,,,,,,,,,0.783099,,,,,,,,,,,fa952d6b-aab6-4569-aafd-4c1614134fc7,1800,,"[32.9, 26.8]",3920389,62,,,,,,,,,,,,,,,,,,,,,,,,2,Regular Play,Georges-Kévin Nkoudou Mbida,3639.0,Left Wing,103,Cameroon,2722,"['83e702f4-3513-4f4d-98ec-22249e7a44aa', 'f449224d-f298-4c67-a840-9ae822634309', 'd6de9656-97e4-4204-902f-65c309624b22']",33,,,,,,,,,,,,,,,,,Cameroon,2722,00:17:33.170,Carry,True
,,,,,"[41.4, 35.4]",,,,,,,,,,,,0.108385,,,,,,,,,,,21d3ab31-d634-466d-b713-87228312af13,1806,,"[40.4, 35.1]",3920389,62,,,,,,,,,,,,,,,,,,,,,,,,2,Regular Play,Jules Olivier Ntcham,10530.0,Right Defensive Midfield,103,Cameroon,2722,"['480005e6-54b6-406b-b8ee-202cb96398ab', '978d0377-dbcb-4ee4-8642-168105c11fa0', '1f3fd804-f59e-46e0-8d14-99d65d929f7d', '1713a483-b292-46f5-a76a-c9bf5a717bc0', 'da6eeb75-8611-4141-8527-7ce00db31f00']",35,,,,,,,,,,,,,,,,,Cameroon,2722,00:17:35.341,Carry,True
,,,,,"[45.6, 35.3]",,,,,,,,,,,,0.730014,,,,,,,,,,,34757ef7-da53-4322-afd2-94b787e37cc8,1809,,"[41.4, 35.4]",3920389,62,,,,,,,,,,,,,,,,,,,,,,,,2,Regular Play,Jules Olivier Ntcham,10530.0,Right Defensive Midfield,103,Cameroon,2722,"['52cf1f35-cfdd-4f58-89a4-dca3da719b10', '480005e6-54b6-406b-b8ee-202cb96398ab', '5fcb12ba-3ee4-4514-be27-e1002ec0c246', '1713a483-b292-46f5-a76a-c9bf5a717bc0']",35,,,,,,,,,,,,,,,,,Cameroon,2722,00:17:35.450,Carry,True
,,,,,"[64.5, 37.7]",,,,,,,,,,,,1.435592,,,,,,,,,,,ee5597a8-33f9-4b57-920e-f5c7f9eec0ee,1814,,"[63.6, 39.3]",3920389,63,,,,,,,,,,,,,,,,,,,,,,,,2,From Free Kick,Jules Olivier Ntcham,10530.0,Right Defensive Midfield,104,Cameroon,2722,"['d2aa1a67-5835-4da8-8f39-8f2526875ac2', 'd5f495b9-5efe-42c3-b4b1-ad1398cb6947']",47,,,,,,,,,,,,,,,,,Cameroon,2722,00:18:47.395,Carry,
,,,,,"[80.0, 9.0]",,,,,,,,,,,,5.934236,,,,,,,,,,,0bcfbe78-ccd9-4610-8582-544169144899,1817,,"[66.5, 22.6]",3920389,63,,,,,,,,,,,,,,,,,,,,,,,,2,From Free Kick,Darlin Zidane Yongwa Ngameni,32190.0,Left Back,104,Cameroon,2722,"['6d2dd259-f2c4-40cd-9ab7-b82192054365', 'a1be57c0-e15c-4530-ac62-3dea83c7e939']",50,,,,,,,,,,,,,,,,,Cameroon,2722,00:18:50.402,Carry,
,,,,,"[2.9, 75.3]",,,,,,,,,,,,1.382827,,,,,,,,,,,da61544c-0717-4c9b-bfb2-4a829fd351bf,1822,,"[5.3, 76.3]",3920389,63,,,,,,,,,,,,,,,,,,,,,,,,2,From Free Kick,Ibrahim Diakité,176683.0,Right Back,104,Cameroon,2722,"['44b7a5d4-017f-46da-9d05-839a9cf501fb', 'f20b2f96-a315-4426-85a5-8f4cd9b7f8a9', 'd07b62ab-5cb3-45c7-b87d-84490699011b']",59,,,,,,,,,,,,,,,,,Guinea,4892,00:18:59.261,Carry,True
,,,,,"[49.8, 19.1]",,,,,,,,,,,,1.484866,,,,,,,,,,,fd2c1056-33cb-49b5-963e-1e6ad73df766,1841,,"[42.3, 23.7]",3920389,65,,,,,,,,,,,,,,,,,,,,,,,,2,From Throw In,Harold Moukoudi,7386.0,Left Center Back,107,Cameroon,2722,"['7e24eed5-3b9b-4522-b8e9-7bebc4e5e08e', '09e59d67-3b32-436f-abb5-86119ae5ea5f']",5,,,,,,,,,,,,,,,,,Cameroon,2722,00:20:05.920,Carry,
,,,,,"[63.1, 3.8]",,,,,,,,,,,,0.039999,,,,,,,,,,,75890106-daaa-42b1-969d-962e316e81ea,1844,,"[62.6, 3.7]",3920389,65,,,,,,,,,,,,,,,,,,,,,,,,2,From Throw In,Georges-Kévin Nkoudou Mbida,3639.0,Left Wing,107,Cameroon,2722,"['a3fca2f8-eb06-4ef6-b5bc-0c10a2c4d3f6', 'c96d7101-0cc6-4691-b1cf-310968787439']",8,,,,,,,,,,,,,,,,,Cameroon,2722,00:20:08.464,Carry,
,,,,,"[48.3, 15.2]",,,,,,,,,,,,0.617057,,,,,,,,,,,2ccedca9-1962-4285-960a-0a2d17fccfd5,1854,,"[49.4, 13.8]",3920389,65,,,,,,,,,,,,,,,,,,,,,,,,2,Regular Play,Olivier Michel Kemen,7355.0,Center Attacking Midfield,109,Cameroon,2722,"['22e9bb81-2df3-48dc-b736-bfbacdd23b79', '3e275e7d-743e-4ddc-8e85-cc2958fa4030', '93313b9d-f8c1-46ad-9f0f-78b2f1b47eac', '1b8a267b-ce5b-4abb-a05b-fbf8b4fe88c8']",34,,,,,,,,,,,,,,,,,Cameroon,2722,00:20:34.378,Carry,True
,,,,,"[43.7, 14.8]",,,,,,,,,,,,0.92568,,,,,,,,,,,fbb20a28-9c77-43e2-8c8e-4ad06a7929a5,1857,,"[48.3, 15.2]",3920389,65,,,,,,,,,,,,,,,,,,,,,,,,2,Regular Play,Olivier Michel Kemen,7355.0,Center Attacking Midfield,109,Cameroon,2722,"['d9e63dda-bce7-49d0-aee6-02d86d1e8f24', '22e9bb81-2df3-48dc-b736-bfbacdd23b79', '3e275e7d-743e-4ddc-8e85-cc2958fa4030', 'f938b0e0-5b07-4c5a-9bfa-57b05356a1d2', '93313b9d-f8c1-46ad-9f0f-78b2f1b47eac']",34,,,,,,,,,,,,,,,,,Cameroon,2722,00:20:34.995,Carry,True
,,,,,"[32.6, 26.6]",,,,,,,,,,,,0.043418,,,,,,,,,,,1e6d0aee-0049-4abb-8cb6-ee4ba4be91f3,1861,,"[31.1, 24.9]",3920389,65,,,,,,,,,,,,,,,,,,,,,,,,2,Regular Play,Christopher Wooh,74588.0,Right Center Back,109,Cameroon,2722,"['4f26c4c3-cd0b-4fc0-8f89-2f9ea7922f89', 'fff06344-e262-4a39-94d1-aa08f713b442']",37,,,,,,,,,,,,,,,,,Cameroon,2722,00:20:37.006,Carry,
,,,,,"[44.8, 33.4]",,,,,,,,,,,,3.605752,,,,,,,,,,,ea20fc37-01cd-4ccd-ac9a-58ba769888f1,1864,,"[37.5, 30.1]",3920389,65,,,,,,,,,,,,,,,,,,,,,,,,2,Regular Play,Jules Olivier Ntcham,10530.0,Right Defensive Midfield,109,Cameroon,2722,"['6c03181c-31ec-4c50-871b-66de4563c8f5', '6d355f5f-a924-4b19-9c10-18ace9cb20dc']",38,,,,,,,,,,,,,,,,,Cameroon,2722,00:20:38.503,Carry,
,,,,,"[79.4, 20.4]",,,,,,,,,,,,6.907647,,,,,,,,,,,be159e63-0fdb-4002-9039-2bb2b38abf45,1867,,"[49.5, 16.8]",3920389,65,,,,,,,,,,,,,,,,,,,,,,,,2,Regular Play,André-Frank Zambo Anguissa,3141.0,Left Defensive Midfield,109,Cameroon,2722,"['36b148aa-b4a7-4021-9317-dcb9bd20998a', 'c05696f6-91e4-4fc5-a920-c86b5861247a', '83a28d5d-fa85-4e11-8014-30990cb95133']",43,,,,,,,,,,,,,,,,,Cameroon,2722,00:20:43.422,Carry,True
,,,,,"[89.8, 26.6]",,,,,,,,,,,,1.512017,,,,,,,,,,,6c5411b4-a166-4fa5-8b3a-63b58f651e85,1871,,"[90.6, 25.6]",3920389,65,,,,,,,,,,,,,,,,,,,,,,,,2,Regular Play,Karl Brillant Toko Ekambi,3551.0,Center Forward,109,Cameroon,2722,"['7cb2eb6a-a53f-4815-b99a-fc78a5fcf735', 'dab14889-2e42-4c3a-a27f-991303ff5eee']",51,,,,,,,,,,,,,,,,,Cameroon,2722,00:20:51.248,Carry,
,,,,,"[94.5, 74.5]",,,,,,,,,,,,2.512077,,,,,,,,,,,48920f58-3ad6-449e-a82c-f42d8d08cb9b,1874,,"[90.8, 76.2]",3920389,65,,,,,,,,,,,,,,,,,,,,,,,,2,Regular Play,Jean-Charles Castelletto,7426.0,Right Back,109,Cameroon,2722,"['26ee41e6-03d8-4b8e-a685-9ff764a1c516', '86b53577-ba5a-4601-a5b2-7eff3992b733']",55,,,,,,,,,,,,,,,,,Cameroon,2722,00:20:55.592,Carry,
,,,,,"[95.8, 27.0]",,,,,,,,,,,,4.048184,,,,,,,,,,,2a8bd41b-0aba-427f-8f74-065e8a38ab4c,1880,,"[105.6, 24.9]",3920389,66,,,,,,,,,,,,,,,,,,,,,,,,2,Regular Play,Georges-Kévin Nkoudou Mbida,3639.0,Left Wing,109,Cameroon,2722,"['466bf797-fac9-4337-a08c-7ac8cb837c70', '6a529e70-ba04-46db-9c1d-fe47b0ff1308']",1,,,,,,,,,,,,,,,,,Cameroon,2722,00:21:01.976,Carry,
,,,,,"[89.1, 41.4]",,,,,,,,,,,,1.395379,,,,,,,,,,,0c34dd11-a2c1-4c9f-9fce-5d4ed9281eaf,1883,,"[86.7, 40.4]",3920389,66,,,,,,,,,,,,,,,,,,,,,,,,2,Regular Play,Jules Olivier Ntcham,10530.0,Right Defensive Midfield,109,Cameroon,2722,"['b9ee8f47-13ba-4e53-aa7d-dbfd51c40dab', 'dad317c5-fb0e-4f6b-84a7-a3b210a3f46d']",6,,,,,,,,,,,,,,,,,Cameroon,2722,00:21:06.807,Carry,
,,,,,"[41.5, 54.1]",,,,,,,,,,,,2.165322,,,,,,,,,,,1f5f642d-1b12-4a7d-a612-70c64daad570,1894,,"[39.2, 37.1]",3920389,67,,,,,,,,,,,,,,,,,,,,,,,,2,From Throw In,Jules Olivier Ntcham,10530.0,Right Defensive Midfield,111,Cameroon,2722,"['d4e69b34-70af-4da1-ad11-16af50800bf4', '2700ca3b-7253-4670-94a6-0cafaa3fc981']",5,,,,,,,,,,,,,,,,,Cameroon,2722,00:22:05.351,Carry,
,,,,,"[63.7, 77.7]",,,,,,,,,,,,2.371747,,,,,,,,,,,6eeddb9f-99f1-4693-9c89-af43f79c9c33,1897,,"[62.5, 76.3]",3920389,67,,,,,,,,,,,,,,,,,,,,,,,,2,From Throw In,Jean-Charles Castelletto,7426.0,Right Back,111,Cameroon,2722,"['571553fe-b7c3-4b2d-8e89-c5ef64598c39', 'fb1de1ff-e8a8-4b8e-be02-8b202354d3d2', '899c7ab1-2825-4125-9fa2-f24ca0d665ae']",9,,,,,,,,,,,,,,,,,Cameroon,2722,00:22:09.057,Carry,True
,,,,,"[62.2, 5.5]",,,,,,,,,,,,0.09627,,,,,,,,,,,365b155a-40e7-42d2-8d4c-ee94ff19084e,1908,,"[62.0, 6.3]",3920389,67,,,,,,,,,,,,,,,,,,,,,,,,2,From Throw In,Moriba Kourouma Kourouma,39073.0,Right Defensive Midfield,112,Guinea,4892,"['798afce0-c525-409d-bbff-79719450570b', '0acb1f02-93c7-420e-80ca-b793518ab04c']",38,,,,,,,,,,,,,,,,,Guinea,4892,00:22:38.813,Carry,
,,,,,"[57.5, 1.7]",,,,,,,,,,,,0.169836,,,,,,,,,,,82b72caf-5932-4a98-ae9b-d4c601e1c598,1912,,"[55.7, 1.9]",3920389,67,,,,,,,,,,,,,,,,,,,,,,,,2,From Throw In,Sekou Oumar Sylla,132711.0,Left Back,112,Guinea,4892,"['2f9dcf80-c9a2-4efd-a6f7-8847e5d79ef6', 'fa59e7cb-5aa3-4796-a486-61233ab0a4ee', '737e627c-d876-4987-bcf5-298024f5de11']",39,,,,,,,,,,,,,,,,,Guinea,4892,00:22:39.622,Carry,True
,,,,,"[66.1, 7.2]",,,,,,,,,,,,0.357256,,,,,,,,,,,b185565d-343b-43d4-aed7-e78182433d8e,1918,,"[65.9, 7.7]",3920389,67,,,,,,,,,,,,,,,,,,,,,,,,2,From Throw In,Moriba Kourouma Kourouma,39073.0,Right Defensive Midfield,113,Guinea,4892,"['8ec17548-5fd1-4165-b352-658889eb7f63', '43d7323f-eaf1-4c39-a967-102c711d1f6c', '20b44f17-0648-44d0-9e42-abbb67ff5138', 'a29d857a-0847-47dc-85aa-e32b275430b8']",50,,,,,,,,,,,,,,,,,Guinea,4892,00:22:50.281,Carry,True
,,,,,"[62.8, 65.2]",,,,,,,,,,,,3.358423,,,,,,,,,,,1a43d73f-dda3-446d-82a7-d6780368c81b,1925,,"[63.6, 74.2]",3920389,68,,,,,,,,,,,,,,,,,,,,,,,,2,From Free Kick,Ibrahim Diakité,176683.0,Right Back,114,Guinea,4892,"['edab8d8c-9147-41c0-8232-7b7aa185bc4a', '9c1572fd-792e-4ae5-a841-621165aa6fb6', 'b13b5f7d-ff48-4c64-a3e6-6f9b0ba7619c']",2,,,,,,,,,,,,,,,,,Guinea,4892,00:23:02.339,Carry,True
,,,,,"[53.1, 39.1]",,,,,,,,,,,,1.521864,,,,,,,,,,,1bffa0f8-de43-4ac2-877e-5fdcd2a6f57c,1929,,"[52.6, 39.9]",3920389,68,,,,,,,,,,,,,,,,,,,,,,,,2,From Free Kick,Mory Konaté,35285.0,Left Defensive Midfield,114,Guinea,4892,"['94ab941c-df9f-4e2b-880a-956f863a5355', '7d1278c8-ef3a-4808-b6ca-b1d7cd288d84']",6,,,,,,,,,,,,,,,,,Guinea,4892,00:23:06.993,Carry,
,,,,,"[35.3, 27.4]",,,,,,,,,,,,1.985037,,,,,,,,,,,900208c5-f1f5-4b09-98ca-daa17de83c2e,1932,,"[37.2, 24.5]",3920389,68,,,,,,,,,,,,,,,,,,,,,,,,2,From Free Kick,Julian Jeanvier,7360.0,Left Center Back,114,Guinea,4892,"['ba7312ff-a8cf-4162-9e7c-7162f9b3ac12', 'cfe3de56-0a88-4b69-8c2a-372afa7e6c6e']",10,,,,,,,,,,,,,,,,,Guinea,4892,00:23:10.156,Carry,
,,,,,"[8.6, 40.2]",,,,,,,,,,,,1.923712,,,,,,,,,,,45d84fd7-1fe4-42ad-b5b3-9e14188f1bd2,1935,,"[9.2, 39.1]",3920389,68,,,,,,,,,,,,,,,,,,,,,,,,2,From Free Kick,Ibrahim Kone,182573.0,Goalkeeper,114,Guinea,4892,"['596d31b7-623b-4cb2-acfa-5688299aa046', '807342bc-6194-4972-b2f7-111700529294']",13,,,,,,,,,,,,,,,,,Guinea,4892,00:23:13.812,Carry,
,,,,,"[42.5, 59.1]",,,,,,,,,,,,0.090418,,,,,,,,,,,eebe9b1f-c8a1-4f1c-8239-9e967a225639,1942,,"[43.2, 59.4]",3920389,68,,,,,,,,,,,,,,,,,,,,,,,,2,From Free Kick,Mouctar Diakhaby,4267.0,Right Center Back,114,Guinea,4892,"['ab1a0cfb-187e-4fba-9688-984e3e063c65', 'a30d7844-b2be-440c-9cff-9781a79347e2', '51571538-d59b-4b23-8a2a-f64138fd828b']",20,,,,,,,,,,,,,,,,,Guinea,4892,00:23:20.526,Carry,True
,,,,,"[78.3, 54.0]",,,,,,,,,,,,4.042666,,,,,,,,,,,4ac43550-d33f-49fa-b0f9-a4df5333297c,1946,,"[45.6, 34.0]",3920389,68,,,,,,,,,,,,,,,,,,,,,,,,2,Regular Play,Christopher Wooh,74588.0,Right Center Back,115,Cameroon,2722,"['cc6814ed-43cb-462c-a96d-7494879763a7', 'dd68f282-4fe5-424f-b8ed-7e8510ab5d37', '57a45247-7343-4fd5-834a-a1adcfb1335c']",22,,,,,,,,,,,,,,,,,Cameroon,2722,00:23:22.319,Carry,True
,,,,,"[100.3, 73.1]",,,,,,,,,,,,1.565495,,,,,,,,,,,313446bd-7eef-48c5-abfa-b1c9f42b7360,1950,,"[94.0, 73.7]",3920389,68,,,,,,,,,,,,,,,,,,,,,,,,2,Regular Play,Frank Magri,189348.0,Right Wing,115,Cameroon,2722,"['f24d8165-7f0a-4c4c-8c12-155f27f6198c', 'dc4f64d3-d4a2-437f-8040-bd261fe127d7']",28,,,,,,,,,,,,,,,,,Cameroon,2722,00:23:28.000,Carry,
,,,,,"[97.9, 9.9]",,,,,,,,,,,,4.633172,,,,,,,,,,,5f10e27f-dd38-43db-b23d-d5f5c1864ffe,1956,,"[110.6, 33.8]",3920389,69,,,,,,,,,,,,,,,,,,,,,,,,2,From Corner,Jules Olivier Ntcham,10530.0,Right Defensive Midfield,116,Cameroon,2722,"['05f26a9f-26dd-4b3d-a616-290bb154b8cc', '2d94df84-dd9d-4459-9bdc-b0b0d55afeef']",2,,,,,,,,,,,,,,,,,Cameroon,2722,00:24:02.670,Carry,
,,,,,"[85.3, 23.4]",,,,,,,,,,,,1.906486,,,,,,,,,,,2c55a5af-4652-4190-8e9a-97aed2dbaafb,1959,,"[84.7, 22.9]",3920389,69,,,,,,,,,,,,,,,,,,,,,,,,2,From Corner,Darlin Zidane Yongwa Ngameni,32190.0,Left Back,116,Cameroon,2722,"['c1696b4a-f8e2-49f9-bb6d-8e1524cfabf3', 'c51e199e-52c0-4bd9-81e8-a304e1b8b98e']",8,,,,,,,,,,,,,,,,,Cameroon,2722,00:24:08.725,Carry,
,,,,,"[69.5, 1.6]",,,,,,,,,,,,0.552712,,,,,,,,,,,22344e53-7f37-46c7-a6d2-9dc13ef75bc8,1968,,"[68.2, 0.6]",3920389,70,,,,,,,,,,,,,,,,,,,,,,,,2,From Throw In,Mohamed Bayo,8454.0,Center Forward,118,Guinea,4892,"['744fc3cf-97a0-444a-86ed-fa7b8c792fc0', '496a2361-2325-4301-bfee-458348d04aed', '2e5f0301-6652-4613-b8ad-503e75c72bb4']",20,,,,,,,,,,,,,,,,,Guinea,4892,00:25:20.533,Carry,True
,,,,,"[62.3, 5.0]",,,,,,,,,,,,1.05963,,,,,,,,,,,acb4f93d-9e36-4e8f-af0d-39d4b1e59dbd,1971,,"[62.2, 1.7]",3920389,70,,,,,,,,,,,,,,,,,,,,,,,,2,From Throw In,Sekou Oumar Sylla,132711.0,Left Back,118,Guinea,4892,"['58573d37-5e15-4a75-b8c0-fa9c636f5dbf', 'e3275f8e-6a92-4b8b-9e87-cfaf687d43d3', 'b228392f-2522-4f30-a44d-00ac4cca6e82']",22,,,,,,,,,,,,,,,,,Guinea,4892,00:25:22.098,Carry,True
,,,,,"[53.6, 21.6]",,,,,,,,,,,,1.05137,,,,,,,,,,,771c2183-d808-477d-be07-395ba2289816,1975,,"[54.3, 17.2]",3920389,70,,,,,,,,,,,,,,,,,,,,,,,,2,From Throw In,Mory Konaté,35285.0,Left Defensive Midfield,118,Guinea,4892,"['d86d11b0-3a89-4dd2-8d38-eb62dac4909d', 'd3777adc-b6aa-4f7b-b553-d2b750bcea0d']",24,,,,,,,,,,,,,,,,,Guinea,4892,00:25:24.415,Carry,
,,,,,"[48.2, 53.3]",,,,,,,,,,,,1.55508,,,,,,,,,,,89048f31-7f2b-4304-9f84-a318eb3058ef,1978,,"[42.6, 47.4]",3920389,70,,,,,,,,,,,,,,,,,,,,,,,,2,From Throw In,Mouctar Diakhaby,4267.0,Right Center Back,118,Guinea,4892,"['239b983c-b025-4968-bdb2-2abd0141098b', 'a0d3bf1b-f71e-4965-bd21-85e6ef4348e0']",27,,,,,,,,,,,,,,,,,Guinea,4892,00:25:27.103,Carry,
,,,,,"[88.4, 74.1]",,,,,,,,,,,,0.319722,,,,,,,,,,,6ca095a9-24e3-48a4-81ba-28895d817642,1981,,"[88.4, 74.1]",3920389,70,,,,,,,,,,,,,,,,,,,,,,,,2,From Throw In,Ibrahim Diakité,176683.0,Right Back,118,Guinea,4892,"['d1eeca74-e5ff-4763-aa14-9b254e93e7b3', '9a10b388-dda7-48cd-8d49-288c2efb1b12']",31,,,,,,,,,,,,,,,,,Guinea,4892,00:25:31.456,Carry,
,,,,,"[112.5, 70.3]",,,,,,,,,,,,0.119999,,,,,,,,,,,fe5f73a1-4de8-4036-97a8-126afdbdf062,1988,,"[112.9, 72.0]",3920389,70,,,,,,,,,,,,,,,,,,,,,,,,2,From Throw In,Mohamed Bayo,8454.0,Center Forward,119,Guinea,4892,"['35048d0b-e700-4da6-acd7-60fecb5786fa', 'e2a04c83-04b3-48b2-a05f-31c9cbdae82e']",49,,,,,,,,,,,,,,,,,Guinea,4892,00:25:49.248,Carry,
,,,,,"[12.0, 30.2]",,,,,,,,,,,,1.695494,,,,,,,,,,,50a03e0a-3e94-4a53-87d9-1e6243f73e30,1992,,"[11.7, 23.7]",3920389,70,,,,,,,,,,,,,,,,,,,,,,,,2,From Throw In,Jules Olivier Ntcham,10530.0,Right Defensive Midfield,119,Guinea,4892,"['ba7b8b1b-cff9-47ff-a870-34aa0d0e4f95', '6eb15dc9-05f1-4193-bcb0-f8c776abe8e2', '4b9221ec-4b2b-4bf0-8f05-5dce4ed67105']",51,,,,,,,,,,,,,,,,,Cameroon,2722,00:25:51.092,Carry,True
,,,,,"[13.4, 33.3]",,,,,,,,,,,,19.71649,,,,,,,,,,,db05a42c-7b20-4f2f-ad15-cb1a5daad634,1998,,"[11.8, 35.6]",3920389,70,,,,,,,,,,,,,,,,,,,,,,,,2,From Throw In,Ibrahim Kone,182573.0,Goalkeeper,119,Guinea,4892,"['c09abb9c-95d9-4b81-bf32-682b6c6ac816', '9ef78ead-6941-434a-9b4b-fbb2966f5a1c']",59,,,,,,,,,,,,,,,,,Guinea,4892,00:25:59.976,Carry,
,,,,,"[76.1, 50.8]",,,,,,,,,,,,0.144821,,,,,,,,,,,ce8a8512-c0b4-4a8b-8222-ed5ae46dec46,2005,,"[76.5, 49.2]",3920389,71,,,,,,,,,,,,,,,,,,,,,,,,2,From Throw In,Aguibou Camara,39559.0,Right Midfield,119,Guinea,4892,"['042611d7-6fb4-4e59-b618-c42bf6d19237', 'cfcf5746-ad6b-485d-96f6-d276f28f7999']",26,,,,,,,,,,,,,,,,,Guinea,4892,00:26:26.840,Carry,
,,,,,"[81.8, 43.5]",,,,,,,,,,,,0.040000003,,,,,,,,,,,50eb9886-d03d-4468-bb99-ef4d2a40ba3b,2008,,"[79.8, 43.5]",3920389,71,,,,,,,,,,,,,,,,,,,,,,,,2,From Throw In,Mohamed Bayo,8454.0,Center Forward,119,Guinea,4892,"['c64639e7-5bbe-4563-be5d-917d5411007a', '9d884401-6383-4cd5-8f43-59a03d314d4b']",27,,,,,,,,,,,,,,,,,Guinea,4892,00:26:27.663,Carry,
,,,,,"[23.4, 11.6]",,,,,,,,,,,,3.09042,,,,,,,,,,,cc7b819f-a301-4a7b-9570-6cba6a1db1b3,2012,,"[28.3, 25.2]",3920389,71,,,,,,,,,,,,,,,,,,,,,,,,2,From Throw In,Darlin Zidane Yongwa Ngameni,32190.0,Left Back,119,Guinea,4892,"['1531cee8-d983-41c1-83b7-ce5c78ecd453', '9e761d83-6ea4-4540-a0bb-431db54d9a2c', 'fab2cb5f-2737-481d-98e9-7170eb3ec94a']",29,,,,,,,,,,,,,,,,,Cameroon,2722,00:26:29.247,Carry,True
,,,,,"[47.3, 7.3]",,,,,,,,,,,,3.745247,,,,,,,,,,,76a0d710-5719-4887-87aa-542c4f328bcd,2016,,"[23.4, 11.6]",3920389,71,,,,,,,,,,,,,,,,,,,,,,,,2,From Throw In,Darlin Zidane Yongwa Ngameni,32190.0,Left Back,119,Guinea,4892,"['5269bbdb-2e7c-4b5a-ab62-7dc1a6119700', '3b484098-dfbf-465a-80fb-b65853b1b719', '9e761d83-6ea4-4540-a0bb-431db54d9a2c']",32,,,,,,,,,,,,,,,,,Cameroon,2722,00:26:32.338,Carry,True
,,,,,"[14.6, 39.6]",,,,,,,,,,,,17.487612,,,,,,,,,,,b108a402-cacf-4b9a-91fc-a8ef0fe284da,2028,,"[3.4, 44.3]",3920389,74,,,,,,,,,,,,,,,,,,,,,,,,2,From Throw In,Ibrahim Kone,182573.0,Goalkeeper,120,Cameroon,2722,"['8bba495d-542c-4c10-8975-f045a7c32af8', '6a2309c4-b944-4843-a97d-6487787efe8b']",36,,,,,,,,,,,,,,,,,Guinea,4892,00:29:36.297,Carry,
,,,,,"[51.2, 74.3]",,,,,,,,,,,,0.880006,,,,,,,,,,,955ac89f-21f0-4c8d-af98-04124268dd06,2037,,"[50.8, 68.6]",3920389,75,,,,,,,,,,,,,,,,,,,,,,,,2,From Throw In,Olivier Michel Kemen,7355.0,Center Attacking Midfield,120,Cameroon,2722,"['d0ca8390-a0c3-4891-a9e9-6a86b1ddfff0', '07969690-139f-41ca-b49f-bac665d82bf9', '26571d5d-7736-4410-b576-e2ff9198ccb3', '0efb5dbe-21e2-41fb-8c62-f247941c92d3']",1,,,,,,,,,,,,,,,,,Cameroon,2722,00:30:01.192,Carry,True
,,,,,"[67.9, 2.8]",,,,,,,,,,,,1.371395,,,,,,,,,,,e2cc59cd-c498-4004-9f70-6156bc4f4617,2044,,"[62.3, 5.5]",3920389,75,,,,,,,,,,,,,,,,,,,,,,,,2,From Throw In,Moriba Kourouma Kourouma,39073.0,Right Defensive Midfield,121,Guinea,4892,"['5147a1c4-5a46-4701-a455-6f2def670565', '1a55cf54-30a6-457b-a8c1-e10fa598cddb', 'b6852695-e970-4b1b-acfe-80a76d3ce8da', '21225ae2-4913-4285-842d-b8acbe5afe9a']",14,,,,,,,,,,,,,,,,,Guinea,4892,00:30:14.477,Carry,True
,,,,,"[68.9, 2.1]",,,,,,,,,,,,0.765883,,,,,,,,,,,d9dce90a-6943-4815-a394-01da761c93c1,2047,,"[67.9, 2.8]",3920389,75,,,,,,,,,,,,,,,,,,,,,,,,2,From Throw In,Moriba Kourouma Kourouma,39073.0,Right Defensive Midfield,121,Guinea,4892,"['5147a1c4-5a46-4701-a455-6f2def670565', 'f98a678b-5fac-42bf-9356-55faf25ba114', 'b6852695-e970-4b1b-acfe-80a76d3ce8da']",15,,,,,,,,,,,,,,,,,Guinea,4892,00:30:15.848,Carry,True
,,,,,"[105.4, 17.1]",,,,,,,,,,,,3.406815,,,,,,,,,,,3cf53cdb-218b-4b3b-be50-87a5591bea02,2050,,"[112.9, 11.1]",3920389,75,,,,,,,,,,,,,,,,,,,,,,,,2,From Throw In,Facinet Conte,406457.0,Left Midfield,121,Guinea,4892,"['fd60f1f5-b1db-4361-a26d-d6790d5c8b25', '44513069-f334-447c-9588-023e71edd823', '76649702-1018-43ae-ab1e-2b3b3a22afa6']",20,,,,,,,,,,,,,,,,,Guinea,4892,00:30:20.528,Carry,True
,,,,,"[99.7, 38.6]",,,,,,,,,,,,1.053049,,,,,,,,,,,79d3e534-6001-414b-a5ad-2af605b79c9a,2055,,"[98.7, 29.1]",3920389,75,,,,,,,,,,,,,,,,,,,,,,,,2,From Throw In,Moriba Kourouma Kourouma,39073.0,Right Defensive Midfield,121,Guinea,4892,"['698f80a2-0eda-4073-afc6-ba51b71009f6', '7df3b8b2-a4df-48fe-9850-b78d2f3f84a5', '0e2f65ed-8867-4941-94dd-2c7eb8ff2aa8', '1059a788-ed64-411b-a59f-dcfe14598a93']",25,,,,,,,,,,,,,,,,,Guinea,4892,00:30:25.197,Carry,True
,,,,,"[63.1, 68.6]",,,,,,,,,,,,3.717876,,,,,,,,,,,54dbe7e7-b7c9-436d-89d5-949538fc3e51,2062,,"[75.8, 55.8]",3920389,75,,,,,,,,,,,,,,,,,,,,,,,,2,From Throw In,Ibrahim Diakité,176683.0,Right Back,121,Guinea,4892,"['e4610f53-1eea-4347-805a-223cd2944e53', 'a10dc925-bcf6-4ae6-be1c-30dffd611fea', '5f345c9d-c77f-4454-9804-6b5eded92798']",30,,,,,,,,,,,,,,,,,Guinea,4892,00:30:30.456,Carry,True
,,,,,"[50.0, 49.2]",,,,,,,,,,,,1.673165,,,,,,,,,,,637b152c-f09f-4e59-9fe4-a0ca68cbf4c8,2072,,"[45.2, 51.2]",3920389,76,,,,,,,,,,,,,,,,,,,,,,,,2,From Goal Kick,Jules Olivier Ntcham,10530.0,Right Defensive Midfield,123,Cameroon,2722,"['dcdb1940-b769-467c-af98-d604ca88f850', '13006c67-0e27-46d6-8b65-c33236987625']",20,,,,,,,,,,,,,,,,,Cameroon,2722,00:31:20.243,Carry,
,,,,,"[40.7, 37.7]",,,,,,,,,,,,0.176784,,,,,,,,,,,fe18343e-b9a5-4b05-a093-913f8f7f30b4,2075,,"[40.7, 37.7]",3920389,76,,,,,,,,,,,,,,,,,,,,,,,,2,From Goal Kick,Harold Moukoudi,7386.0,Left Center Back,123,Cameroon,2722,"['b5a89b23-e680-4864-874f-3b834cfea38f', '6f7e8bd5-54b4-40e2-83ed-6929cee6e1d6']",23,,,,,,,,,,,,,,,,,Cameroon,2722,00:31:23.122,Carry,
,,,,,"[56.8, 20.9]",,,,,,,,,,,,1.730663,,,,,,,,,,,0c84d247-f340-4ffa-b52a-73d20114e6a4,2078,,"[51.4, 23.7]",3920389,76,,,,,,,,,,,,,,,,,,,,,,,,2,From Goal Kick,André-Frank Zambo Anguissa,3141.0,Left Defensive Midfield,123,Cameroon,2722,"['14f284f5-f7c2-4c59-a139-c23341923ced', '03987397-182a-4598-8d1d-1a7cea46894e']",24,,,,,,,,,,,,,,,,,Cameroon,2722,00:31:24.734,Carry,
,,,,,"[81.4, 5.3]",,,,,,,,,,,,1.930863,,,,,,,,,,,0befb418-c03b-4875-9fbe-d66b3e93d478,2081,,"[75.5, 2.8]",3920389,76,,,,,,,,,,,,,,,,,,,,,,,,2,From Goal Kick,Georges-Kévin Nkoudou Mbida,3639.0,Left Wing,123,Cameroon,2722,"['79c4ffe2-3f24-48f6-8f99-61e3bf161bb0', '5a8802ed-5391-4990-a61f-48d750488d85']",28,,,,,,,,,,,,,,,,,Cameroon,2722,00:31:28.101,Carry,
,,,,,"[69.3, 16.7]",,,,,,,,,,,,0.274015,,,,,,,,,,,7d663de7-192c-4cf8-ba0d-21438657bdb1,2086,,"[69.3, 16.7]",3920389,76,,,,,,,,,,,,,,,,,,,,,,,,2,From Goal Kick,André-Frank Zambo Anguissa,3141.0,Left Defensive Midfield,123,Cameroon,2722,"['5b1aabbd-d0ae-4654-8103-f60ca128e648', 'd1bb7a9b-893f-4bd2-abb8-94b75e59a2b9']",32,,,,,,,,,,,,,,,,,Cameroon,2722,00:31:32.804,Carry,
,,,,,"[75.1, 52.9]",,,,,,,,,,,,1.184055,,,,,,,,,,,a1f981e2-5c30-4a68-9432-c035ae84e427,2089,,"[67.9, 43.5]",3920389,76,,,,,,,,,,,,,,,,,,,,,,,,2,From Goal Kick,Jules Olivier Ntcham,10530.0,Right Defensive Midfield,123,Cameroon,2722,"['e0274977-3566-4914-b10c-07c167bad343', 'fa31cee8-9a63-410d-bcaf-914e880b89fe']",35,,,,,,,,,,,,,,,,,Cameroon,2722,00:31:35.103,Carry,
,,,,,"[92.9, 76.0]",,,,,,,,,,,,1.213167,,,,,,,,,,,c9b4390d-0332-48b1-932f-01b62143c305,2092,,"[89.5, 76.7]",3920389,76,,,,,,,,,,,,,,,,,,,,,,,,2,From Goal Kick,Jean-Charles Castelletto,7426.0,Right Back,123,Cameroon,2722,"['accec2d0-4509-4530-a393-416d2c27e29b', 'fea3124b-4988-4c90-b6ce-396264b27ba2']",37,,,,,,,,,,,,,,,,,Cameroon,2722,00:31:37.870,Carry,
,,,,,"[68.6, 27.1]",,,,,,,,,,,,2.751397,,,,,,,,,,,151444f9-e59a-4b28-b8aa-286541281a90,2115,,"[63.0, 26.9]",3920389,77,,,,,,,,,,,,,,,,,,,,,,,,2,From Free Kick,André-Frank Zambo Anguissa,3141.0,Left Defensive Midfield,125,Cameroon,2722,"['959cf2a7-75cb-41bd-a71a-69e29b015fc4', 'db7140d7-93c4-491b-913f-3fb134be8975']",50,,,,,,,,,,,,,,,,,Cameroon,2722,00:32:50.603,Carry,
,,,,,"[80.7, 56.5]",,,,,,,,,,,,1.911162,,,,,,,,,,,a2781efb-f90c-406b-8a79-e828082f714d,2118,,"[70.3, 54.3]",3920389,77,,,,,,,,,,,,,,,,,,,,,,,,2,From Free Kick,Jules Olivier Ntcham,10530.0,Right Defensive Midfield,125,Cameroon,2722,"['01fbb10c-d545-4a1b-a984-3a57ea445599', 'a056c61f-1cc5-4ca1-a685-f715c66b3a77']",54,,,,,,,,,,,,,,,,,Cameroon,2722,00:32:54.642,Carry,
,,,,,"[109.3, 72.4]",,,,,,,,,,,,1.344429,,,,,,,,,,,78767526-d6d7-47bb-8610-88ba9c066da2,2121,,"[101.4, 74.6]",3920389,77,,,,,,,,,,,,,,,,,,,,,,,,2,From Free Kick,Jean-Charles Castelletto,7426.0,Right Back,125,Cameroon,2722,"['653bb4e0-dc67-44c7-9c3b-d893a538daa9', 'e0020938-eb60-439f-81ef-a8dc8f80f517', '76529c66-43a1-4f94-891d-77a7723275e6']",58,,,,,,,,,,,,,,,,,Cameroon,2722,00:32:58.569,Carry,True
,,,,,"[62.8, 71.8]",,,,,,,,,,,,3.32042,,,,,,,,,,,917dcfa6-dc2a-41b4-bc99-98e8a0b887e0,2129,,"[80.9, 77.8]",3920389,78,,,,,,,,,,,,,,,,,,,,,,,,2,From Free Kick,Oumar Gonzalez,28444.0,Right Center Back,125,Cameroon,2722,"['dee62202-2dac-4a26-b87b-ee9a3108e775', '94cf5dde-c5e2-40e6-b2c5-9eacdd9bf957', 'f900a36b-df09-4b7a-b99c-cc5be47ef8de']",7,,,,,,,,,,,,,,,,,Cameroon,2722,00:33:07.754,Carry,True
,,,,,"[62.8, 56.5]",,,,,,,,,,,,0.040000003,,,,,,,,,,,501a9348-28ed-42cc-9908-ce422e13f3e2,2132,,"[62.8, 56.5]",3920389,78,,,,,,,,,,,,,,,,,,,,,,,,2,From Free Kick,Harold Moukoudi,7386.0,Left Center Back,125,Cameroon,2722,"['b9485512-cbc8-422d-bc7b-6c92b6c4d555', '1c1c94d9-5b2d-4642-9173-309a8994cf1d']",12,,,,,,,,,,,,,,,,,Cameroon,2722,00:33:12.202,Carry,
,,,,,"[75.5, 57.2]",,,,,,,,,,,,1.695108,,,,,,,,,,,9a1cd886-216d-4118-b8d0-f2f51a75dbb6,2135,,"[69.0, 55.3]",3920389,78,,,,,,,,,,,,,,,,,,,,,,,,2,From Free Kick,Jules Olivier Ntcham,10530.0,Right Defensive Midfield,125,Cameroon,2722,"['4dd801c2-19c6-4cfd-8563-6ee8ebdcccc6', '199773ec-bdb0-4c61-a1d4-4a4a5410111c']",13,,,,,,,,,,,,,,,,,Cameroon,2722,00:33:13.190,Carry,
,,,,,"[87.4, 18.2]",,,,,,,,,,,,1.462816,,,,,,,,,,,24242d96-7eb2-49b2-bd2d-e95465e47bcc,2138,,"[78.3, 26.9]",3920389,78,,,,,,,,,,,,,,,,,,,,,,,,2,From Free Kick,André-Frank Zambo Anguissa,3141.0,Left Defensive Midfield,125,Cameroon,2722,"['001ab15c-dd9b-4ba9-94dc-9d3be4e0e0ab', '78a8860c-0560-42ff-bb95-6c117dc9c39e']",16,,,,,,,,,,,,,,,,,Cameroon,2722,00:33:16.447,Carry,
,,,,,"[105.2, 9.2]",,,,,,,,,,,,2.233625,,,,,,,,,,,cd8f8064-c1b4-44f6-ab5a-3bd40c7816c4,2141,,"[105.5, 8.8]",3920389,78,,,,,,,,,,,,,,,,,,,,,,,,2,From Free Kick,Georges-Kévin Nkoudou Mbida,3639.0,Left Wing,125,Cameroon,2722,"['67fc2024-0200-4ef5-9d8b-4ed01a435c57', '3b698237-a0ab-4732-9a7f-019894c708c3']",19,,,,,,,,,,,,,,,,,Cameroon,2722,00:33:19.831,Carry,
,,,,,"[81.1, 11.6]",,,,,,,,,,,,5.785536,,,,,,,,,,,3e777ae2-037c-4e11-b45f-477b5e7c2044,2150,,"[63.3, 10.2]",3920389,79,,,,,,,,,,,,,,,,,,,,,,,,2,Other,André-Frank Zambo Anguissa,3141.0,Left Defensive Midfield,127,Cameroon,2722,"['c82b2841-5641-4ab0-bf8d-173b86ad6d38', '545888e7-3275-4627-a114-8660d9d16f77']",43,,,,,,,,,,,,,,,,,Cameroon,2722,00:34:43.307,Carry,
,,,,,"[83.5, 54.0]",,,,,,,,,,,,2.782072,,,,,,,,,,,9c71ce6e-600a-4f36-b849-3667eedfa91d,2155,,"[75.1, 43.2]",3920389,79,,,,,,,,,,,,,,,,,,,,,,,,2,Other,Jules Olivier Ntcham,10530.0,Right Defensive Midfield,127,Cameroon,2722,"['05fc9a8c-06eb-47ec-b818-d90094ac33b1', '26d7d1e3-71be-4147-a220-7b6a852d999e']",52,,,,,,,,,,,,,,,,,Cameroon,2722,00:34:52.534,Carry,
,,,,,"[98.6, 74.2]",,,,,,,,,,,,1.603167,,,,,,,,,,,b3c47654-20f4-4a40-8678-457a88419945,2158,,"[93.2, 72.9]",3920389,79,,,,,,,,,,,,,,,,,,,,,,,,2,Other,Jean-Charles Castelletto,7426.0,Right Back,127,Cameroon,2722,"['bd359d25-d97a-45ef-b8a6-fcde4146858a', '63a2d107-f718-4a86-8eb7-6b65a10acfda', '8185752e-e3fa-446f-9bbd-b3c8c4c69fa1']",56,,,,,,,,,,,,,,,,,Cameroon,2722,00:34:56.712,Carry,True
,,,,,"[99.2, 69.0]",,,,,,,,,,,,1.575252,,,,,,,,,,,f9f40bc4-33c0-4d38-9937-11e0be60ef75,2161,,"[98.6, 74.2]",3920389,79,,,,,,,,,,,,,,,,,,,,,,,,2,Other,Jean-Charles Castelletto,7426.0,Right Back,127,Cameroon,2722,"['b79f2908-d5ae-49c0-96bd-1f8e9c6ea484', 'bd359d25-d97a-45ef-b8a6-fcde4146858a', 'b2334e3a-acd4-475e-994f-54d5874f96f5', '63a2d107-f718-4a86-8eb7-6b65a10acfda']",58,,,,,,,,,,,,,,,,,Cameroon,2722,00:34:58.315,Carry,True
,,,,,"[86.0, 58.3]",,,,,,,,,,,,2.327317,,,,,,,,,,,34682341-367f-4aa9-b961-85f1932b9c1a,2170,,"[80.9, 62.5]",3920389,80,,,,,,,,,,,,,,,,,,,,,,,,2,From Throw In,Jules Olivier Ntcham,10530.0,Right Defensive Midfield,128,Cameroon,2722,"['3f249d9f-3fe6-4a7e-8ad6-2bb14ec06095', '4d3ef7c7-cdde-48df-beb0-05455181019e']",17,,,,,,,,,,,,,,,,,Cameroon,2722,00:35:17.966,Carry,
,,,,,"[73.3, 40.0]",,,,,,,,,,,,1.018192,,,,,,,,,,,dbe5881c-81be-4bc2-a45c-89f56b915eb6,2173,,"[73.7, 44.6]",3920389,80,,,,,,,,,,,,,,,,,,,,,,,,2,From Throw In,Harold Moukoudi,7386.0,Left Center Back,128,Cameroon,2722,"['5b1171b1-ba7c-4e75-ad36-e9f0a2b8b0f9', '6c15d3e4-c3f5-4bd4-9566-36f6d35355e8']",21,,,,,,,,,,,,,,,,,Cameroon,2722,00:35:21.876,Carry,
,,,,,"[79.5, 28.7]",,,,,,,,,,,,0.66436,,,,,,,,,,,49b5ba2f-7cc5-4bff-b7c0-dea6285aa642,2176,,"[76.9, 32.0]",3920389,80,,,,,,,,,,,,,,,,,,,,,,,,2,From Throw In,André-Frank Zambo Anguissa,3141.0,Left Defensive Midfield,128,Cameroon,2722,"['33eccbaa-a601-47c3-b700-18eda2ad4a7c', '34063fe2-2cfd-42c4-a25e-070f544c77af']",23,,,,,,,,,,,,,,,,,Cameroon,2722,00:35:23.635,Carry,
,,,,,"[87.1, 48.2]",,,,,,,,,,,,1.275509,,,,,,,,,,,6d5a00fb-f386-4614-8870-3a173657d14c,2179,,"[86.7, 43.0]",3920389,80,,,,,,,,,,,,,,,,,,,,,,,,2,From Throw In,Jules Olivier Ntcham,10530.0,Right Defensive Midfield,128,Cameroon,2722,"['88245b89-f053-460a-b0f9-1edc986bdcc8', '8fb4002d-288b-42eb-b6a3-9281183d876e']",25,,,,,,,,,,,,,,,,,Cameroon,2722,00:35:25.368,Carry,
,,,,,"[104.1, 71.1]",,,,,,,,,,,,1.348764,,,,,,,,,,,24633c50-16d6-4d87-9b79-794ffe481a69,2182,,"[98.8, 72.8]",3920389,80,,,,,,,,,,,,,,,,,,,,,,,,2,From Throw In,Jean-Charles Castelletto,7426.0,Right Back,128,Cameroon,2722,"['c53d33c8-6825-498f-a5a0-8895442f4165', '75cc51d8-3a04-492a-bab0-9f0fa676ba7d']",28,,,,,,,,,,,,,,,,,Cameroon,2722,00:35:28.019,Carry,
,,,,,"[21.3, 60.2]",,,,,,,,,,,,2.137249,,,,,,,,,,,c43dc194-d863-4476-851d-ca7900d0c6ca,2191,,"[11.0, 50.2]",3920389,81,,,,,,,,,,,,,,,,,,,,,,,,2,From Corner,Moriba Kourouma Kourouma,39073.0,Right Defensive Midfield,129,Cameroon,2722,"['2c19cb55-1bdc-42e7-bc10-75b8ea2af5c8', '13d10ccd-f185-4371-88c8-8697b1a8fb81', 'ecd060fe-8fd7-446c-82d0-c90f1b3fe4d4']",2,,,,,,,,,,,,,,,,,Guinea,4892,00:36:02.111,Carry,True
,,,,,"[66.8, 20.3]",,,,,,,,,,,,4.560409,,,,,,,,,,,dd6ad82f-4864-40fd-bcdd-bfe6a5d8b54b,2197,,"[53.8, 12.5]",3920389,81,,,,,,,,,,,,,,,,,,,,,,,,2,From Throw In,Jules Olivier Ntcham,10530.0,Right Defensive Midfield,130,Cameroon,2722,"['052990f1-ff37-43eb-a2c4-207efb97113f', 'cc4e1ac5-a6d6-4638-9f34-f5a22ed792c5']",19,,,,,,,,,,,,,,,,,Cameroon,2722,00:36:19.582,Carry,
,,,,,"[80.9, 5.6]",,,,,,,,,,,,1.660445,,,,,,,,,,,94707a17-41db-4829-955b-ea6b64284c49,2200,,"[80.7, 3.9]",3920389,81,,,,,,,,,,,,,,,,,,,,,,,,2,From Throw In,Olivier Michel Kemen,7355.0,Center Attacking Midfield,130,Cameroon,2722,"['faf54a20-9694-41ff-af0f-9b9613d39035', '408199f9-74e7-40ca-bbb8-d97fc774bf90']",25,,,,,,,,,,,,,,,,,Cameroon,2722,00:36:25.598,Carry,
,,,,,"[74.7, 19.1]",,,,,,,,,,,,0.878164,,,,,,,,,,,123bb26f-6320-40d3-9487-e5ec34db55e8,2203,,"[74.7, 19.1]",3920389,81,,,,,,,,,,,,,,,,,,,,,,,,2,From Throw In,Jules Olivier Ntcham,10530.0,Right Defensive Midfield,130,Cameroon,2722,"['dd335d9c-d471-4ecc-bd74-ac70582db3ff', '5b9f1dcc-b3f0-4734-a785-6b6ffaa0c9b9']",28,,,,,,,,,,,,,,,,,Cameroon,2722,00:36:28.762,Carry,
,,,,,"[63.3, 27.9]",,,,,,,,,,,,0.19448,,,,,,,,,,,d39da4b1-7dc7-4d15-9f6a-d9c72ef47ce2,2206,,"[63.3, 27.9]",3920389,81,,,,,,,,,,,,,,,,,,,,,,,,2,From Throw In,Harold Moukoudi,7386.0,Left Center Back,130,Cameroon,2722,"['d45c72eb-a45f-4d26-a11e-9e3d96a6485c', 'c23f6f3a-f41b-416e-b984-baf9a65d02cd']",30,,,,,,,,,,,,,,,,,Cameroon,2722,00:36:30.872,Carry,
,,,,,"[64.3, 56.7]",,,,,,,,,,,,1.381239,,,,,,,,,,,de3b4077-3550-44f8-9182-aa4c247ee023,2209,,"[64.3, 49.5]",3920389,81,,,,,,,,,,,,,,,,,,,,,,,,2,From Throw In,Oumar Gonzalez,28444.0,Right Center Back,130,Cameroon,2722,"['ab3ee3b3-972b-4aeb-8e76-5c38284b105f', '438fb932-15f6-460e-bf99-21b6ac354714']",32,,,,,,,,,,,,,,,,,Cameroon,2722,00:36:32.563,Carry,
,,,,,"[88.4, 74.3]",,,,,,,,,,,,2.393943,,,,,,,,,,,b85fbe69-9dc4-4f12-ae91-cde5210b2c9a,2212,,"[84.7, 73.6]",3920389,81,,,,,,,,,,,,,,,,,,,,,,,,2,From Throw In,Junior Tchamadeu,62627.0,Right Wing,130,Cameroon,2722,"['a544249a-01dd-4cf8-97ee-08bdf2d1b8cc', 'db59590c-7d4f-49f0-894b-f8d0c87d0836']",35,,,,,,,,,,,,,,,,,Cameroon,2722,00:36:35.596,Carry,
,,,,,"[86.7, 63.4]",,,,,,,,,,,,2.659824,,,,,,,,,,,f76ec9e1-8ed8-490c-9f00-768c095683f7,2222,,"[82.5, 63.9]",3920389,81,,,,,,,,,,,,,,,,,,,,,,,,2,From Throw In,André-Frank Zambo Anguissa,3141.0,Left Defensive Midfield,131,Cameroon,2722,"['f14247ff-90f4-499b-84ea-554ac9166e2c', '4d2fdddc-19c8-46ef-9762-81806297f290']",50,,,,,,,,,,,,,,,,,Cameroon,2722,00:36:50.054,Carry,
,,,,,"[97.2, 72.8]",,,,,,,,,,,,1.753316,,,,,,,,,,,0b961f35-86b2-4347-8df6-2b22d2e9682b,2225,,"[99.5, 76.0]",3920389,81,,,,,,,,,,,,,,,,,,,,,,,,2,From Throw In,Junior Tchamadeu,62627.0,Right Wing,131,Cameroon,2722,"['2b57ed0e-aa14-46d8-b424-323d4f3ea0ba', 'b9d11b69-424e-4f81-986a-42c70cd133e7']",53,,,,,,,,,,,,,,,,,Cameroon,2722,00:36:53.727,Carry,
,,,,,"[15.9, 46.7]",,,,,,,,,,,,19.713879,,,,,,,,,,,726a8bcd-a774-4c76-8b6a-be19976f8bbf,2229,,"[2.8, 41.4]",3920389,81,,,,,,,,,,,,,,,,,,,,,,,,2,From Throw In,Ibrahim Kone,182573.0,Goalkeeper,131,Cameroon,2722,"['e7117dad-d933-4571-9271-4e09545c0e22', 'd6ecbccc-0a22-42b3-ab6d-60bd1f132922']",57,,,,,,,,,,,,,,,,,Guinea,4892,00:36:57.842,Carry,
,,,,,"[68.9, 23.9]",,,,,,,,,,,,0.04,,,,,,,,,,,10d6e58f-9d15-473a-81ab-ff7e50fcc941,2232,,"[68.9, 24.0]",3920389,82,,,,,,,,,,,,,,,,,,,,,,,,2,From Throw In,Mohamed Bayo,8454.0,Center Forward,131,Cameroon,2722,"['36fb73be-a409-47bb-9ae6-1e254e62b34d', '6669a1b0-1ed6-4468-b993-fac5dfc9f255']",19,,,,,,,,,,,,,,,,,Guinea,4892,00:37:19.859,Carry,
,,,,,"[27.1, 39.8]",,,,,,,,,,,,0.426835,,,,,,,,,,,456f30fc-3371-463c-aa7b-6854889443ab,2239,,"[27.6, 40.5]",3920389,82,,,,,,,,,,,,,,,,,,,,,,,,2,From Throw In,Harold Moukoudi,7386.0,Left Center Back,131,Cameroon,2722,"['063f77cc-3c21-4ccd-8cfa-fca4e6e475c7', '7ac16e4a-cd50-4f69-ae71-7f569889ba5d', '93c9dfdb-5017-43d3-911e-55df0cfb21a3']",23,,,,,,,,,,,,,,,,,Cameroon,2722,00:37:23.256,Carry,True
,,,,,"[22.2, 23.7]",,,,,,,,,,,,3.132054,,,,,,,,,,,a174222b-b967-4895-9030-f9956b1744d8,2245,,"[16.3, 26.1]",3920389,82,,,,,,,,,,,,,,,,,,,,,,,,2,From Throw In,Harold Moukoudi,7386.0,Left Center Back,131,Cameroon,2722,"['96a0bc7f-c354-4a13-b133-6bd5bbfbe510', 'f2db94c2-c9cd-46f1-a125-53605de45dd5']",27,,,,,,,,,,,,,,,,,Cameroon,2722,00:37:27.136,Carry,
,,,,,"[39.5, 33.9]",,,,,,,,,,,,3.712983,,,,,,,,,,,fbfefe3d-983c-4ec8-8394-fbc2d5a2f3aa,2248,,"[29.5, 32.1]",3920389,82,,,,,,,,,,,,,,,,,,,,,,,,2,From Throw In,Jules Olivier Ntcham,10530.0,Right Defensive Midfield,131,Cameroon,2722,"['ba050b08-f08d-485c-a0d1-c2611ca9d0b7', 'dffe9e1b-17fc-460a-bc90-4b34420faee1']",31,,,,,,,,,,,,,,,,,Cameroon,2722,00:37:31.278,Carry,
,,,,,"[46.3, 13.4]",,,,,,,,,,,,1.058307,,,,,,,,,,,99899aa8-7713-45e4-b0f4-1bc88e846c86,2257,,"[46.3, 12.5]",3920389,82,,,,,,,,,,,,,,,,,,,,,,,,2,From Throw In,Harold Moukoudi,7386.0,Left Center Back,131,Cameroon,2722,"['18238d6d-6a77-423a-9d34-c8cfa7c77cdd', '6b77fbff-6b42-435a-ba62-326afa172122']",43,,,,,,,,,,,,,,,,,Cameroon,2722,00:37:43.434,Carry,
,,,,,"[63.8, 59.1]",,,,,,,,,,,,2.194295,,,,,,,,,,,fd08bb5c-a505-40f0-8faa-39715845ac3e,2260,,"[57.0, 53.0]",3920389,82,,,,,,,,,,,,,,,,,,,,,,,,2,From Throw In,André-Frank Zambo Anguissa,3141.0,Left Defensive Midfield,131,Cameroon,2722,"['acb1e8b9-408a-4b31-be9d-f436231942ca', 'e1e3e459-63d6-4914-a841-3ce4386fedaa']",47,,,,,,,,,,,,,,,,,Cameroon,2722,00:37:47.179,Carry,
,,,,,"[93.7, 77.0]",,,,,,,,,,,,2.149742,,,,,,,,,,,132eb6a9-410c-4fab-850c-7a6d01dfc476,2263,,"[81.5, 78.0]",3920389,82,,,,,,,,,,,,,,,,,,,,,,,,2,From Throw In,Jean-Charles Castelletto,7426.0,Right Back,131,Cameroon,2722,"['96746233-6ef3-454e-801c-0e5b2e1c431f', '796a9429-d8d4-4b29-bed6-bc0ddb30c034']",50,,,,,,,,,,,,,,,,,Cameroon,2722,00:37:50.793,Carry,
,,,,,"[86.6, 65.3]",,,,,,,,,,,,1.542471,,,,,,,,,,,3acebde6-0e77-41eb-a839-da8059b101b6,2266,,"[81.4, 65.1]",3920389,82,,,,,,,,,,,,,,,,,,,,,,,,2,From Throw In,André-Frank Zambo Anguissa,3141.0,Left Defensive Midfield,131,Cameroon,2722,"['97e87906-5d5c-4757-b4bd-2592feae8027', '8e100999-e967-47cb-adda-5234bee12f50']",54,,,,,,,,,,,,,,,,,Cameroon,2722,00:37:54.178,Carry,
,,,,,"[107.5, 75.7]",,,,,,,,,,,,0.91051203,,,,,,,,,,,414579cc-bc9f-43f9-aac9-b2ded9e18886,2269,,"[105.2, 77.8]",3920389,82,,,,,,,,,,,,,,,,,,,,,,,,2,From Throw In,Jean-Charles Castelletto,7426.0,Right Back,131,Cameroon,2722,"['fb5b6607-474a-4093-96dd-64b829df1051', '328dc668-1bce-489d-9c20-60c7935a283a', 'c1b1849c-916a-4957-ad9f-98a0da78781a']",57,,,,,,,,,,,,,,,,,Cameroon,2722,00:37:57.655,Carry,True
,,,,,"[105.1, 78.8]",,,,,,,,,,,,4.059357,,,,,,,,,,,ee35d7de-ef25-43c9-b7de-f0670f0d5cf4,2274,,"[117.1, 69.1]",3920389,83,,,,,,,,,,,,,,,,,,,,,,,,2,From Throw In,Olivier Michel Kemen,7355.0,Center Attacking Midfield,131,Cameroon,2722,"['16861c9a-f163-437b-8c0e-e8e0aefcd72a', '67e31b9c-d5aa-42a6-90da-00528d9e5cfb', 'afa5956d-0c93-4afb-b0a0-bced6fc89eec']",0,,,,,,,,,,,,,,,,,Cameroon,2722,00:38:00.830,Carry,True
,,,,,"[81.5, 62.3]",,,,,,,,,,,,1.784684,,,,,,,,,,,77d431d6-d0ce-44ac-88a3-746cc30fbe5e,2277,,"[82.1, 62.3]",3920389,83,,,,,,,,,,,,,,,,,,,,,,,,2,From Throw In,Oumar Gonzalez,28444.0,Right Center Back,131,Cameroon,2722,"['aed302b6-5205-49f5-b3da-0c39f1d06e73', 'f8a2b142-66be-4c4a-b71b-f9a974f2cf5d']",7,,,,,,,,,,,,,,,,,Cameroon,2722,00:38:07.776,Carry,
,,,,,"[99.0, 71.4]",,,,,,,,,,,,1.768275,,,,,,,,,,,8591e5ef-6138-4d1d-8784-63e5dbc07054,2280,,"[93.0, 71.0]",3920389,83,,,,,,,,,,,,,,,,,,,,,,,,2,From Throw In,Olivier Michel Kemen,7355.0,Center Attacking Midfield,131,Cameroon,2722,"['37bc78ff-dc03-452f-b4f3-e53cb3d93a43', 'a2620bd2-e414-42ce-bfd7-35a5b7d7ac48']",10,,,,,,,,,,,,,,,,,Cameroon,2722,00:38:10.554,Carry,
,,,,,"[102.7, 10.2]",,,,,,,,,,,,2.761573,,,,,,,,,,,562fcbce-90ba-4d4d-bd5a-69f26eada7d8,2285,,"[111.5, 15.4]",3920389,83,,,,,,,,,,,,,,,,,,,,,,,,2,From Throw In,Darlin Zidane Yongwa Ngameni,32190.0,Left Back,131,Cameroon,2722,"['09aef45d-a0e9-4b74-86b1-5ecb607d0b02', '37717045-4cbe-40e3-b27a-2004942984bf', 'e5789b9d-6408-457b-ae12-5df294617b3a']",16,,,,,,,,,,,,,,,,,Cameroon,2722,00:38:16.637,Carry,True
,,,,,"[74.7, 15.4]",,,,,,,,,,,,3.782846,,,,,,,,,,,31e7b1e3-e1e9-48af-9bc0-fdb7daf92610,2289,,"[74.9, 13.0]",3920389,83,,,,,,,,,,,,,,,,,,,,,,,,2,From Throw In,Jules Olivier Ntcham,10530.0,Right Defensive Midfield,131,Cameroon,2722,"['983f0209-7e32-4233-a2e2-14be2c893d8a', 'd92d1979-87c7-4da4-bbe1-e4f0f0a2085a']",21,,,,,,,,,,,,,,,,,Cameroon,2722,00:38:21.374,Carry,
,,,,,"[83.2, 58.5]",,,,,,,,,,,,2.024653,,,,,,,,,,,25aff060-f693-4d4a-8df9-186c01c989da,2292,,"[75.3, 57.5]",3920389,83,,,,,,,,,,,,,,,,,,,,,,,,2,From Throw In,Oumar Gonzalez,28444.0,Right Center Back,131,Cameroon,2722,"['2068675b-7b47-4464-a366-911ea626389b', '3c97c745-bb63-4b5f-95ed-d296223b0e9b']",27,,,,,,,,,,,,,,,,,Cameroon,2722,00:38:27.184,Carry,
,,,,,"[110.1, 74.3]",,,,,,,,,,,,0.706408,,,,,,,,,,,10053356-df9e-4cb2-9ed9-0cc0fd9029fb,2295,,"[105.1, 74.3]",3920389,83,,,,,,,,,,,,,,,,,,,,,,,,2,From Throw In,Jean-Charles Castelletto,7426.0,Right Back,131,Cameroon,2722,"['c0c65eea-92c7-4373-903c-ca9088375e74', '592bf82f-f7d9-41f1-82bd-c429233e783f']",31,,,,,,,,,,,,,,,,,Cameroon,2722,00:38:31.141,Carry,
,,,,,"[102.4, 44.6]",,,,,,,,,,,,0.818912,,,,,,,,,,,0aa6a71a-0833-4977-8d4b-c737e221a955,2301,,"[104.7, 44.6]",3920389,83,,,,,,,,,,,,,,,,,,,,,,,,2,From Throw In,Karl Brillant Toko Ekambi,3551.0,Center Forward,131,Cameroon,2722,"['ecf91ac2-9538-4f7d-98a7-1fe80d433a70', '59d1265c-6c21-44e0-8f90-26d00950b890']",35,,,,,,,,,,,,,,,,,Cameroon,2722,00:38:35.201,Carry,
,,,,,"[78.4, 69.5]",,,,,,,,,,,,0.136155,,,,,,,,,,,46d62978-b118-476d-b0c3-433be53997da,2314,,"[78.4, 69.5]",3920389,84,,,,,,,,,,,,,,,,,,,,,,,,2,From Goal Kick,Aguibou Camara,39559.0,Right Midfield,132,Guinea,4892,"['6579d6fa-b51f-4e0e-8de4-aaa588cd6c4f', 'aa1168b7-fe05-4a75-9737-e21f84442141']",35,,,,,,,,,,,,,,,,,Guinea,4892,00:39:35.229,Carry,
,,,,,"[38.3, 41.0]",,,,,,,,,,,,1.438441,,,,,,,,,,,834f5fdc-9f22-429d-bed1-36b1e6595e17,2320,,"[35.9, 42.2]",3920389,84,,,,,,,,,,,,,,,,,,,,,,,,2,From Throw In,Jules Olivier Ntcham,10530.0,Right Defensive Midfield,133,Cameroon,2722,"['ebd85747-5052-496f-a457-13bd56f091db', '56642cef-35d7-4576-b805-057f6154099b']",46,,,,,,,,,,,,,,,,,Cameroon,2722,00:39:46.878,Carry,
,,,,,"[57.8, 61.1]",,,,,,,,,,,,1.243926,,,,,,,,,,,ef9dbd0c-3b27-4780-9ffc-423b8d51b6a7,2323,,"[51.5, 59.5]",3920389,84,,,,,,,,,,,,,,,,,,,,,,,,2,From Throw In,Oumar Gonzalez,28444.0,Right Center Back,133,Cameroon,2722,"['d1ee5502-1a5a-4dba-8fca-a66d9a4c68be', 'e9f3937c-bdaa-412e-a977-d0fabdf66e2c']",49,,,,,,,,,,,,,,,,,Cameroon,2722,00:39:49.782,Carry,
,,,,,"[86.7, 77.4]",,,,,,,,,,,,2.818999,,,,,,,,,,,48d2d678-4f42-41e1-920f-e96b577775be,2326,,"[81.5, 76.6]",3920389,84,,,,,,,,,,,,,,,,,,,,,,,,2,From Throw In,Junior Tchamadeu,62627.0,Right Midfield,133,Cameroon,2722,"['822943a3-8a31-4c3f-83dc-bd26543910ac', 'fee080c3-5ff3-448e-9245-53bfce333bf5']",52,,,,,,,,,,,,,,,,,Cameroon,2722,00:39:52.963,Carry,
,,,,,"[81.4, 62.1]",,,,,,,,,,,,2.575072,,,,,,,,,,,6940ee84-edea-4e62-89e9-7aa586b42f07,2329,,"[87.6, 63.5]",3920389,84,,,,,,,,,,,,,,,,,,,,,,,,2,From Throw In,Karl Brillant Toko Ekambi,3551.0,Right Center Forward,133,Cameroon,2722,"['73e08394-950b-4f4c-965f-b0778888ebc8', '3e40e709-05bd-44e8-a902-7d403440a159']",56,,,,,,,,,,,,,,,,,Cameroon,2722,00:39:56.621,Carry,
,,,,,"[73.9, 44.6]",,,,,,,,,,,,0.981028,,,,,,,,,,,278561ad-d3b3-4b7f-82a4-5f6268344efe,2334,,"[73.9, 46.0]",3920389,85,,,,,,,,,,,,,,,,,,,,,,,,2,From Throw In,Jules Olivier Ntcham,10530.0,Right Defensive Midfield,133,Cameroon,2722,"['4a4c7443-f9ef-477f-8d09-bd720af056f6', 'd5bcf70b-22ea-4c03-81b2-8500c354f5ad']",1,,,,,,,,,,,,,,,,,Cameroon,2722,00:40:01.974,Carry,
,,,,,"[80.9, 21.7]",,,,,,,,,,,,2.89875,,,,,,,,,,,60964478-da95-48c2-99d8-9dd217646c27,2337,,"[75.5, 26.9]",3920389,85,,,,,,,,,,,,,,,,,,,,,,,,2,From Throw In,André-Frank Zambo Anguissa,3141.0,Left Defensive Midfield,133,Cameroon,2722,"['1c41f369-a129-42ec-a480-0dfbe22e1bf8', '3ddf5868-6067-4f6d-980a-64a91fe5042b', '354ccbd9-6f2a-4774-8042-ea21c6a253ee']",3,,,,,,,,,,,,,,,,,Cameroon,2722,00:40:03.817,Carry,True
,,,,,"[87.8, 7.4]",,,,,,,,,,,,3.230239,,,,,,,,,,,311c50a5-f79c-4514-b4f0-70f5285f07be,2341,,"[93.6, 4.8]",3920389,85,,,,,,,,,,,,,,,,,,,,,,,,2,From Throw In,Georges-Kévin Nkoudou Mbida,3639.0,Left Midfield,133,Cameroon,2722,"['40ae4432-a4d8-4eef-bcff-b1edb1d8d839', '44428fc9-fd26-4632-92da-907a08c200f7']",8,,,,,,,,,,,,,,,,,Cameroon,2722,00:40:08.604,Carry,
,,,,,"[87.0, 39.4]",,,,,,,,,,,,2.238386,,,,,,,,,,,15cf818e-2603-411a-8f9a-88a48e05eaf0,2344,,"[81.1, 32.1]",3920389,85,,,,,,,,,,,,,,,,,,,,,,,,2,From Throw In,Jules Olivier Ntcham,10530.0,Right Defensive Midfield,133,Cameroon,2722,"['dff52dd6-a96d-4497-b5fe-f9b4d1f19002', '7c916ced-4d09-4cca-ad2b-056879e6d0f6']",13,,,,,,,,,,,,,,,,,Cameroon,2722,00:40:13.624,Carry,
,,,,,"[93.2, 58.5]",,,,,,,,,,,,1.132722,,,,,,,,,,,9ce7f563-0657-40da-9114-f9db9201a16c,2347,,"[87.1, 56.9]",3920389,85,,,,,,,,,,,,,,,,,,,,,,,,2,From Throw In,Oumar Gonzalez,28444.0,Right Center Back,133,Cameroon,2722,"['5d285c13-94b7-40b4-ab89-1be45890d558', 'c5f0a62d-dcfa-4675-818e-cd1a3f678c36']",17,,,,,,,,,,,,,,,,,Cameroon,2722,00:40:17.275,Carry,
,,,,,"[69.6, 72.8]",,,,,,,,,,,,2.102237,,,,,,,,,,,9ec5b6c6-b5f6-45e3-a4d7-b212b24fa9c9,2360,,"[64.8, 62.1]",3920389,85,,,,,,,,,,,,,,,,,,,,,,,,2,Regular Play,Harold Moukoudi,7386.0,Left Center Back,135,Cameroon,2722,"['7ac61576-0b35-4c58-b2ac-0e7ffdf3408f', 'bf0a09ae-f773-481c-9e79-59b9f5fd591d', 'd840b582-de61-4a33-8b74-8199799413fd']",52,,,,,,,,,,,,,,,,,Cameroon,2722,00:40:52.308,Carry,True
,,,,,"[71.3, 70.0]",,,,,,,,,,,,1.130846,,,,,,,,,,,b61c7c84-5e67-4def-af84-867020fa6634,2364,,"[69.6, 72.8]",3920389,85,,,,,,,,,,,,,,,,,,,,,,,,2,Regular Play,Harold Moukoudi,7386.0,Left Center Back,135,Cameroon,2722,"['2558c55a-64eb-4e17-8655-30d3411137c0', 'c6c547b3-98ef-4bce-836b-89d51ca2492a', '316a28f9-7435-4937-a74d-71434af7387b', 'bf0a09ae-f773-481c-9e79-59b9f5fd591d']",54,,,,,,,,,,,,,,,,,Cameroon,2722,00:40:54.410,Carry,True
,,,,,"[68.6, 67.9]",,,,,,,,,,,,1.591696,,,,,,,,,,,88c8a772-f5e6-4f2c-9195-0245959077a1,2368,,"[71.3, 70.0]",3920389,85,,,,,,,,,,,,,,,,,,,,,,,,2,Regular Play,Harold Moukoudi,7386.0,Left Center Back,135,Cameroon,2722,"['c4b4185f-2439-4554-ae36-99024b596e45', '3438bb78-fb63-4a7c-8da7-b08f6a311136', '316a28f9-7435-4937-a74d-71434af7387b']",55,,,,,,,,,,,,,,,,,Cameroon,2722,00:40:55.541,Carry,True
,,,,,"[81.4, 26.8]",,,,,,,,,,,,4.957992,,,,,,,,,,,17f65463-a2e3-4d0c-b395-a80b51691466,2371,,"[62.6, 48.4]",3920389,85,,,,,,,,,,,,,,,,,,,,,,,,2,Regular Play,Jules Olivier Ntcham,10530.0,Right Defensive Midfield,135,Cameroon,2722,"['3a4c7c9e-8f34-4569-b597-1af9e43263d2', '025c1dc6-8950-408f-bc0a-8b11e3d3b2eb']",58,,,,,,,,,,,,,,,,,Cameroon,2722,00:40:58.788,Carry,
,,,,,"[93.0, 6.6]",,,,,,,,,,,,2.298895,,,,,,,,,,,9e84e77e-b0b3-4d7e-bdd5-f54414aa17fc,2374,,"[97.8, 4.8]",3920389,86,,,,,,,,,,,,,,,,,,,,,,,,2,Regular Play,Georges-Kévin Nkoudou Mbida,3639.0,Left Midfield,135,Cameroon,2722,"['967e00c4-a744-43a5-9c9b-5d5e113f2b92', '7d7c0e01-e89e-4fa2-8580-ad4f4d952916']",5,,,,,,,,,,,,,,,,,Cameroon,2722,00:41:05.473,Carry,
,,,,,"[39.6, 64.1]",,,,,,,,,,,,2.408438,,,,,,,,,,,dbeea780-8b45-4d45-8025-837bdcd6fdfe,2381,,"[32.0, 62.4]",3920389,86,,,,,,,,,,,,,,,,,,,,,,,,2,Regular Play,Moriba Kourouma Kourouma,39073.0,Right Defensive Midfield,135,Cameroon,2722,"['abc88477-5e3f-40de-a623-776104b76541', 'df24198a-b8f8-4a8b-9383-83f4412d5589']",11,,,,,,,,,,,,,,,,,Guinea,4892,00:41:11.778,Carry,
,,,,,"[73.1, 74.2]",,,,,,,,,,,,3.69213,,,,,,,,,,,9e043bb3-2a47-4209-b60d-da14c342f38a,2390,,"[64.3, 74.8]",3920389,86,,,,,,,,,,,,,,,,,,,,,,,,2,From Throw In,Jean-Charles Castelletto,7426.0,Right Back,136,Cameroon,2722,"['3d3361c1-5808-4d5d-968c-94845d7483ae', '5ac54d7c-f523-4092-802e-fc4e6387cab7']",39,,,,,,,,,,,,,,,,,Cameroon,2722,00:41:39.832,Carry,
,,,,,"[75.5, 74.8]",,,,,,,,,,,,0.645284,,,,,,,,,,,b6fb2843-c8ee-4975-a7ee-5d0070702467,2395,,"[75.5, 74.8]",3920389,86,,,,,,,,,,,,,,,,,,,,,,,,2,From Throw In,Jean-Charles Castelletto,7426.0,Right Back,136,Cameroon,2722,"['eaa7b4b4-0020-4285-8832-d04d41a2b7db', '50f28c60-a988-42f5-832f-c782fec4fd1e']",45,,,,,,,,,,,,,,,,,Cameroon,2722,00:41:45.105,Carry,
,,,,,"[81.1, 63.0]",,,,,,,,,,,,1.314924,,,,,,,,,,,fdaa3c2d-035a-4119-b36e-fa55506f55f6,2398,,"[76.7, 69.3]",3920389,86,,,,,,,,,,,,,,,,,,,,,,,,2,From Throw In,Karl Brillant Toko Ekambi,3551.0,Right Center Forward,136,Cameroon,2722,"['cd783407-9da6-4a0c-a6ea-e1baa6506301', '8676906e-24c1-4a71-b2b1-8895cdd0e6a9', '08299981-22ee-4e7f-b6cd-2b27ea795df4']",46,,,,,,,,,,,,,,,,,Cameroon,2722,00:41:46.423,Carry,True
,,,,,"[79.5, 23.9]",,,,,,,,,,,,2.044693,,,,,,,,,,,1fb9a036-a268-4aaf-9b50-933bfc863107,2402,,"[67.5, 34.9]",3920389,86,,,,,,,,,,,,,,,,,,,,,,,,2,From Throw In,Jules Olivier Ntcham,10530.0,Right Defensive Midfield,136,Cameroon,2722,"['d519a095-0336-430f-80cc-22f8f1cc2abc', 'e1251e19-ccce-4c43-8c24-715fb63437fc']",49,,,,,,,,,,,,,,,,,Cameroon,2722,00:41:49.321,Carry,
,,,,,"[99.0, 7.2]",,,,,,,,,,,,1.502878,,,,,,,,,,,07b4d224-475d-45fb-a4d6-58d27042714b,2405,,"[93.0, 9.2]",3920389,86,,,,,,,,,,,,,,,,,,,,,,,,2,From Throw In,Darlin Zidane Yongwa Ngameni,32190.0,Left Back,136,Cameroon,2722,"['1306197f-2156-4ff4-bdc5-5c1702b600ff', 'ddd1e5ea-f7a4-4995-8f1e-c6d22b6f4ce1']",53,,,,,,,,,,,,,,,,,Cameroon,2722,00:41:53.117,Carry,
,,,,,"[99.0, 75.3]",,,,,,,,,,,,1.792095,,,,,,,,,,,bf1754b6-c960-4487-b21f-d9aedf7c1d85,2410,,"[98.8, 76.4]",3920389,87,,,,,,,,,,,,,,,,,,,,,,,,2,From Throw In,Jean-Charles Castelletto,7426.0,Right Back,136,Cameroon,2722,"['a66fca56-8ec0-4ee0-b533-798a23ea6985', '9fd49057-145f-48de-aa0d-b4a91d35e2bb']",0,,,,,,,,,,,,,,,,,Cameroon,2722,00:42:00.460,Carry,
,,,,,"[111.5, 67.3]",,,,,,,,,,,,2.700753,,,,,,,,,,,917a322a-f1f3-4ab4-a173-2ea2d4de5f83,2413,,"[116.3, 60.3]",3920389,87,,,,,,,,,,,,,,,,,,,,,,,,2,From Throw In,André-Frank Zambo Anguissa,3141.0,Left Defensive Midfield,136,Cameroon,2722,"['f3fca7be-eea2-4361-8ad3-004b398ddf86', '3fb44df8-b9f9-4c62-8fc9-91e375da0f21']",4,,,,,,,,,,,,,,,,,Cameroon,2722,00:42:04.852,Carry,
,,,,,"[106.6, 40.8]",,,,,,,,,,,,2.813117,,,,,,,,,,,718f2851-5c6f-410f-8e4f-3e52220d4bf2,2419,,"[108.9, 35.2]",3920389,87,,,,,,,,,,,,,,,,,,,,,,,,2,From Throw In,Karl Brillant Toko Ekambi,3551.0,Right Center Forward,136,Cameroon,2722,"['474b38e7-a849-4003-98d6-bd7ecf0a5d3b', 'f015a371-404e-4a56-a634-0b38e91e8567', '19eab881-da29-40b3-a2e5-cf53f8458ea3']",9,,,,,,,,,,,,,,,,,Cameroon,2722,00:42:09.242,Carry,True
,,,,,"[36.9, 75.3]",,,,,,,,,,,,0.12067,,,,,,,,,,,9e47f118-a8f9-49dc-ae89-96f71e1e3a31,2429,,"[37.3, 75.8]",3920389,88,,,,,,,,,,,,,,,,,,,,,,,,2,From Throw In,José Kanté Martínez,8012.0,Center Forward,139,Guinea,4892,"['f46f763b-9259-44cf-9e42-ffa022536194', '33642f22-c066-4bc6-a9a5-8272143ef401', '5a9d0a8c-f4df-4211-811c-a7df5d76ec96']",39,,,,,,,,,,,,,,,,,Guinea,4892,00:43:39.955,Carry,True
,,,,,"[33.7, 70.1]",,,,,,,,,,,,0.04,,,,,,,,,,,47dc5247-63b8-4519-93df-fda163648236,2432,,"[33.7, 70.1]",3920389,88,,,,,,,,,,,,,,,,,,,,,,,,2,From Throw In,Moriba Kourouma Kourouma,39073.0,Right Defensive Midfield,139,Guinea,4892,"['e5ba6606-7bca-44f7-a831-c0d3f8933960', '227499a8-17e4-4e66-bf97-af13ef220e7f']",40,,,,,,,,,,,,,,,,,Guinea,4892,00:43:40.886,Carry,
,,,,,"[69.5, 8.8]",,,,,,,,,,,,1.575889,,,,,,,,,,,5c44796e-2eb0-4ca3-8fc1-15c267c11cc6,2440,,"[75.5, 14.3]",3920389,88,,,,,,,,,,,,,,,,,,,,,,,,2,Regular Play,Georges-Kévin Nkoudou Mbida,3639.0,Left Midfield,140,Cameroon,2722,"['e90d380b-993b-48a7-91bd-b3e4763a3ac7', 'bf3a6b7c-eea3-42be-9bd6-f52d364682c1', 'f7dc3089-029e-45d6-86fa-ddca0bea5384']",45,,,,,,,,,,,,,,,,,Cameroon,2722,00:43:45.859,Carry,True
,,,,,"[68.9, 65.2]",,,,,,,,,,,,3.195233,,,,,,,,,,,879afb6e-a0b8-486f-b065-8af183aa16bf,2445,,"[62.3, 65.2]",3920389,88,,,,,,,,,,,,,,,,,,,,,,,,2,Regular Play,Moriba Kourouma Kourouma,39073.0,Right Defensive Midfield,140,Cameroon,2722,"['f5142fce-a003-4a57-885f-fd6521989103', 'a021bddd-753a-4671-a8eb-8e104fefbd2c', '49c0ebf9-a1cc-46c3-8e1e-a363a8f58681']",48,,,,,,,,,,,,,,,,,Guinea,4892,00:43:48.599,Carry,True
,,,,,"[69.2, 74.5]",,,,,,,,,,,,0.727163,,,,,,,,,,,b7304d9d-2b35-4fbb-9a50-c00180112199,2450,,"[68.7, 73.7]",3920389,88,,,,,,,,,,,,,,,,,,,,,,,,2,Regular Play,Aguibou Camara,39559.0,Right Midfield,140,Cameroon,2722,"['bb6a8389-db26-4acd-8e60-ef7423856274', '92e00f2a-32ea-482a-a701-6836259e1bf5']",52,,,,,,,,,,,,,,,,,Guinea,4892,00:43:52.952,Carry,
,,,,,"[35.1, 3.8]",,,,,,,,,,,,1.043856,,,,,,,,,,,12dea675-86ff-423e-8f85-bd77e25c890e,2454,,"[38.7, 6.4]",3920389,88,,,,,,,,,,,,,,,,,,,,,,,,2,Regular Play,André-Frank Zambo Anguissa,3141.0,Left Defensive Midfield,140,Cameroon,2722,"['7dc5fbd3-455d-4d87-ba96-b2eb5822e55a', '5dfdef40-4f14-4d92-9be5-ad9e7aba5e30', '2ffa9ec7-08bf-425d-a3d4-e0311b66f6ef']",53,,,,,,,,,,,,,,,,,Cameroon,2722,00:43:53.732,Carry,True
,,,,,"[36.5, 64.4]",,,,,,,,,,,,1.860575,,,,,,,,,,,3245732e-12b4-4af7-b768-09233d0fd933,2465,,"[28.6, 63.7]",3920389,89,,,,,,,,,,,,,,,,,,,,,,,,2,Regular Play,Jean-Charles Castelletto,7426.0,Right Back,141,Cameroon,2722,"['c5485008-0a5b-4640-938f-bdb1ea6763f3', 'd42be530-db73-4fe1-9b28-2d8e1b4efea9']",6,,,,,,,,,,,,,,,,,Cameroon,2722,00:44:06.928,Carry,
,,,,,"[56.6, 45.0]",,,,,,,,,,,,2.172637,,,,,,,,,,,94903c77-965f-4552-8285-5ca7c5d579af,2468,,"[49.0, 49.8]",3920389,89,,,,,,,,,,,,,,,,,,,,,,,,2,Regular Play,Jules Olivier Ntcham,10530.0,Right Defensive Midfield,141,Cameroon,2722,"['d5bd1286-e784-4dd5-b39d-2692076854cc', '4490d2c9-946b-4e92-9e49-4d4a0cecaa4d']",9,,,,,,,,,,,,,,,,,Cameroon,2722,00:44:09.921,Carry,
,,,,,"[63.3, 22.7]",,,,,,,,,,,,2.520636,,,,,,,,,,,e1951217-000a-491d-b591-59443bb550e4,2471,,"[57.4, 21.9]",3920389,89,,,,,,,,,,,,,,,,,,,,,,,,2,Regular Play,André-Frank Zambo Anguissa,3141.0,Left Defensive Midfield,141,Cameroon,2722,"['9be2c422-f2a6-4ef8-9b7a-bb8512c05519', '40c302e4-76d8-4086-ae4d-1cf673ac7589']",13,,,,,,,,,,,,,,,,,Cameroon,2722,00:44:13.239,Carry,
,,,,,"[80.9, 25.5]",,,,,,,,,,,,1.119313,,,,,,,,,,,194b6d77-bbde-45d2-b967-37c4c6455810,2475,,"[81.5, 25.5]",3920389,89,,,,,,,,,,,,,,,,,,,,,,,,2,Regular Play,Georges-Kévin Nkoudou Mbida,3639.0,Left Midfield,141,Cameroon,2722,"['d1f4f5b9-3433-4939-bcf1-6b26c4ac745e', '6c2130eb-f681-4873-a8d5-afea53c06c33', '3cd1de34-5907-4bd0-80f8-fed4e446cb5f', '9d9eeace-b0e2-4225-a9ac-cb2a2c3f77ca']",16,,,,,,,,,,,,,,,,,Cameroon,2722,00:44:16.831,Carry,True
,,,,,"[16.0, 37.7]",,,,,,,,,,,,15.885155,,,,,,,,,,,26702536-9bcc-4273-a003-ea22b25bf572,2484,,"[3.1, 38.6]",3920389,89,,,,,,,,,,,,,,,,,,,,,,,,2,From Keeper,Ibrahim Kone,182573.0,Goalkeeper,143,Guinea,4892,"['2d8bdf4a-434f-44a4-a14c-52924cbcab69', 'c0568620-4123-41cb-8005-29c219c1d509']",57,,,,,,,,,,,,,,,,,Guinea,4892,00:44:57.556,Carry,
,,,,,"[24.2, 75.0]",,,,,,,,,,,,0.08,,,,,,,,,,,73de35f5-b84d-4d76-9613-46118af6ff1c,2488,,"[25.3, 74.6]",3920389,90,,,,,,,,,,,,,,,,,,,,,,,,2,Regular Play,Jean-Charles Castelletto,7426.0,Right Back,144,Cameroon,2722,"['e998b09b-7288-4b3c-9ad8-ba1e28499fee', 'a9fbf5f3-aed3-473a-8344-23f10dfcff25']",20,,,,,,,,,,,,,,,,,Cameroon,2722,00:45:20.109,Carry,
,,,,,"[29.6, 63.0]",,,,,,,,,,,,1.305237,,,,,,,,,,,6acbe534-538a-427a-a556-955ac8ab0569,2491,,"[24.0, 63.5]",3920389,90,,,,,,,,,,,,,,,,,,,,,,,,2,Regular Play,Oumar Gonzalez,28444.0,Right Center Back,144,Cameroon,2722,"['0cf2a11a-9d65-4849-9d51-114e88590db3', '015b4cb7-608b-48aa-9311-94a844fab159']",21,,,,,,,,,,,,,,,,,Cameroon,2722,00:45:21.696,Carry,
,,,,,"[58.6, 28.7]",,,,,,,,,,,,4.695535,,,,,,,,,,,98887147-5a99-4655-9583-d27f1d6b064f,2494,,"[39.3, 52.5]",3920389,90,,,,,,,,,,,,,,,,,,,,,,,,2,Regular Play,Jules Olivier Ntcham,10530.0,Right Defensive Midfield,144,Cameroon,2722,"['0cdcbb69-3cce-4699-9871-3240ffb44407', '6b16304a-b577-4587-85be-438914bfca43', 'd309afda-569e-4844-82c6-55aa8da5f43e']",24,,,,,,,,,,,,,,,,,Cameroon,2722,00:45:24.145,Carry,True
,,,,,"[74.7, 7.4]",,,,,,,,,,,,2.079904,,,,,,,,,,,c3ac8734-83e1-4c0b-b398-a2d8b13a4a4a,2501,,"[70.4, 8.0]",3920389,90,,,,,,,,,,,,,,,,,,,,,,,,2,From Throw In,Darlin Zidane Yongwa Ngameni,32190.0,Left Back,145,Guinea,4892,"['1d7f96da-8502-46d9-9ed4-f6cb2ead2bf3', '7b333f1e-e160-45a5-a281-30e372719933', 'dbcc2a0d-6de1-43ea-9bb5-e34b3a2b0c5e']",50,,,,,,,,,,,,,,,,,Cameroon,2722,00:45:50.850,Carry,True
,,,,,"[39.4, 57.2]",,,,,,,,,,,,0.989926,,,,,,,,,,,1704f543-6d74-46d9-a473-26b5ec8984e9,2509,,"[39.2, 57.8]",3920389,90,,,,,,,,,,,,,,,,,,,,,,,,2,From Throw In,Mory Konaté,35285.0,Left Defensive Midfield,145,Guinea,4892,"['cd96850f-e9ec-40a8-a43d-c7d6574a707b', '8d4c0232-22bf-41f9-989e-aefa2deb37d6', '07e033e4-3fc4-44cc-adf8-72f0c466b3bd']",54,,,,,,,,,,,,,,,,,Guinea,4892,00:45:54.616,Carry,True
,,,,,"[82.1, 9.2]",,,,,,,,,,,,2.10747,,,,,,,,,,,85440fc8-33a8-4a7a-b699-f08c74cbff5a,2515,,"[80.5, 5.2]",3920389,90,,,,,,,,,,,,,,,,,,,,,,,,2,Regular Play,Georges-Kévin Nkoudou Mbida,3639.0,Left Midfield,146,Cameroon,2722,"['9780ec51-2994-412e-b9ea-53005de93245', 'cb5eb7f3-53c3-4516-ba0f-0a9536033409']",57,,,,,,,,,,,,,,,,,Cameroon,2722,00:45:57.501,Carry,
,,,,,"[111.0, 14.0]",,,,,,,,,,,,2.588252,,,,,,,,,,,a61c800e-aff6-4cdf-bddf-54b2acb8cc25,2518,,"[93.2, 22.9]",3920389,91,,,,,,,,,,,,,,,,,,,,,,,,2,Regular Play,Karl Brillant Toko Ekambi,3551.0,Right Center Forward,146,Cameroon,2722,"['05ec1932-a8ca-4870-b099-d490799ae4a1', '6ad9e6ab-be51-417c-a165-3eed7c38717b', 'a4a3a1b1-4e7b-46fe-a6a7-fac9aecaf4c7']",0,,,,,,,,,,,,,,,,,Cameroon,2722,00:46:00.308,Carry,True
,,,,,"[112.7, 26.8]",,,,,,,,,,,,1.004666,,,,,,,,,,,099a20db-4215-499c-a32b-139c5206b0af,2523,,"[107.9, 24.7]",3920389,91,,,,,,,,,,,,,,,,,,,,,,,,2,Regular Play,Georges-Kévin Nkoudou Mbida,3639.0,Left Midfield,146,Cameroon,2722,"['c1f1b6fe-e1cf-498a-9d49-8d13ee1bcd17', '03544dae-3471-4bc2-8af0-a43a28f84fb9', '50332cab-c1f0-453d-a042-a69a85b1bd3e', '55d9e208-4092-4c6b-bf2f-c51c5c926df0']",3,,,,,,,,,,,,,,,,,Cameroon,2722,00:46:03.806,Carry,True
,,,,,"[13.0, 53.0]",,,,,,,,,,,,0.778558,,,,,,,,,,,9eb33228-872f-4f1d-8b5c-3a517248cef3,2529,,"[13.0, 53.0]",3920389,91,,,,,,,,,,,,,,,,,,,,,,,,2,Regular Play,Moriba Kourouma Kourouma,39073.0,Right Defensive Midfield,146,Cameroon,2722,"['56144686-dc3d-4dcf-810b-4b1336f5b827', '7fd59e87-6461-4d9a-95b7-e92adb369d04']",6,,,,,,,,,,,,,,,,,Guinea,4892,00:46:06.328,Carry,
,,,,,"[35.2, 71.3]",,,,,,,,,,,,1.313047,,,,,,,,,,,43c0c9f3-afd6-4b81-9256-2b78bffeda85,2532,,"[28.3, 69.7]",3920389,91,,,,,,,,,,,,,,,,,,,,,,,,2,Regular Play,Aguibou Camara,39559.0,Right Midfield,146,Cameroon,2722,"['77d309c0-645b-4918-8385-48c35f323ce2', 'f40e1a9a-af55-4968-8689-a347251b4ed8', '22db437f-c159-40ea-a66e-2d1201312bee']",8,,,,,,,,,,,,,,,,,Guinea,4892,00:46:08.768,Carry,True
,,,,,"[39.0, 13.6]",,,,,,,,,,,,1.006237,,,,,,,,,,,c819e52f-2314-498c-bbf4-04f4b391b0aa,2538,,"[44.3, 14.6]",3920389,91,,,,,,,,,,,,,,,,,,,,,,,,2,Regular Play,Harold Moukoudi,7386.0,Left Center Back,146,Cameroon,2722,"['18f1050b-9e80-473b-8e7d-df262aa2e40b', '1d1a9fc0-df80-4e42-8102-28f20d393759', '7c13ef22-f03e-4cb7-810f-db81bd11702c']",12,,,,,,,,,,,,,,,,,Cameroon,2722,00:46:12.142,Carry,True
,,,,,"[27.1, 34.5]",,,,,,,,,,,,2.00257,,,,,,,,,,,b2fc0fee-6b0b-42aa-abda-67b132f32175,2541,,"[19.0, 27.5]",3920389,91,,,,,,,,,,,,,,,,,,,,,,,,2,Regular Play,Joseph Fabrice Ondoa Ebogo,24670.0,Goalkeeper,146,Cameroon,2722,"['d78901b9-31f3-465e-8cef-29c4e53c3975', '32c9c09d-67ee-4522-8513-8b2a37858c36']",15,,,,,,,,,,,,,,,,,Cameroon,2722,00:46:15.297,Carry,
,,,,,"[75.5, 72.8]",,,,,,,,,,,,2.530364,,,,,,,,,,,39a6ce67-51b1-4dcd-8c4d-4f84b879fc58,2544,,"[64.7, 73.6]",3920389,91,,,,,,,,,,,,,,,,,,,,,,,,2,Regular Play,Jean-Charles Castelletto,7426.0,Right Back,146,Cameroon,2722,"['7abf93bf-fd17-4397-80f0-b5d28fbc14ae', '9c81a2f7-d225-4bdc-93c9-655529cb8538']",19,,,,,,,,,,,,,,,,,Cameroon,2722,00:46:19.943,Carry,
,,,,,"[75.1, 69.7]",,,,,,,,,,,,3.584179,,,,,,,,,,,eb0e3b5f-5efc-4ac2-879a-3dbf37bcfb92,2547,,"[87.6, 78.0]",3920389,91,,,,,,,,,,,,,,,,,,,,,,,,2,Regular Play,Junior Tchamadeu,62627.0,Right Midfield,146,Cameroon,2722,"['5ab27588-0043-400a-b53f-e995e53f6cb1', '65b40a9f-8888-4e3a-97bb-eacbed3821e9']",23,,,,,,,,,,,,,,,,,Cameroon,2722,00:46:23.448,Carry,
,,,,,"[63.7, 62.5]",,,,,,,,,,,,1.063439,,,,,,,,,,,4f7e6bed-1f18-461c-aed1-562777f2366b,2550,,"[63.0, 63.5]",3920389,91,,,,,,,,,,,,,,,,,,,,,,,,2,Regular Play,Oumar Gonzalez,28444.0,Right Center Back,146,Cameroon,2722,"['f0b3206e-1de1-44ab-ad46-a6f4d94fdc9c', 'd301500b-fc19-4b39-81d9-1d4191f0ac7d']",28,,,,,,,,,,,,,,,,,Cameroon,2722,00:46:28.682,Carry,
,,,,,"[71.8, 34.8]",,,,,,,,,,,,1.49038,,,,,,,,,,,8e44b114-15d3-4a16-bf35-86b55dadd29c,2553,,"[68.1, 40.1]",3920389,91,,,,,,,,,,,,,,,,,,,,,,,,2,Regular Play,Jules Olivier Ntcham,10530.0,Right Defensive Midfield,146,Cameroon,2722,"['ee59bd8f-680a-498b-a074-0554d5e59fc1', '21573f50-a71a-4bf3-9c46-494468727109']",30,,,,,,,,,,,,,,,,,Cameroon,2722,00:46:30.889,Carry,
,,,,,"[93.6, 22.4]",,,,,,,,,,,,2.570901,,,,,,,,,,,ad0c49fd-017f-45e2-9c68-49dc7fed0ac8,2556,,"[81.8, 26.1]",3920389,91,,,,,,,,,,,,,,,,,,,,,,,,2,Regular Play,André-Frank Zambo Anguissa,3141.0,Left Defensive Midfield,146,Cameroon,2722,"['804d88bb-edc8-44b3-a41b-282da40fc2ba', 'e93db010-da08-4636-85a3-bc81eeba3bad']",33,,,,,,,,,,,,,,,,,Cameroon,2722,00:46:33.499,Carry,
,,,,,"[108.7, 25.4]",,,,,,,,,,,,0.223639,,,,,,,,,,,a6d21662-a280-44fe-b7be-5ddce28fdccf,2560,,"[105.9, 25.4]",3920389,91,,,,,,,,,,,,,,,,,,,,,,,,2,Regular Play,Georges-Kévin Nkoudou Mbida,3639.0,Left Midfield,146,Cameroon,2722,"['35d2f0d5-dbf8-4d17-a038-2f867d9cd910', 'd240a08d-6a13-480a-bc49-2975e87ebf39', 'd2480c0e-425b-4887-ad50-34f015a4eb37']",37,,,,,,,,,,,,,,,,,Cameroon,2722,00:46:37.050,Carry,True
,,,,,"[3.9, 55.4]",,,,,,,,,,,,0.759636,,,,,,,,,,,2f3089b9-bc1d-4541-b420-4d389aad181d,2563,,"[8.4, 54.6]",3920389,91,,,,,,,,,,,,,,,,,,,,,,,,2,Regular Play,Ibrahim Diakité,176683.0,Right Back,146,Cameroon,2722,"['82c15bfb-3645-4bcb-9eec-7d0b27875967', '48dd96ac-b679-42bc-94ca-de65f1381e1e', 'a684b20b-a97f-423a-bf87-7669c24dcf5f']",38,,,,,,,,,,,,,,,,,Guinea,4892,00:46:38.667,Carry,True
,,,,,"[39.5, 15.8]",,,,,,,,,,,,0.004747,,,,,,,,,,,c38eca40-240e-423c-9fe4-882db4197807,2570,,"[39.5, 15.8]",3920389,92,,,,,,,,,,,,,,,,,,,,,,,,2,From Free Kick,Jules Olivier Ntcham,10530.0,Right Defensive Midfield,147,Guinea,4892,"['c3c2fb12-56b7-4a83-b1b4-03b31e2ff073', 'e679ea8d-d37a-4618-a6d3-2cbc8b337aa7']",32,,,,,,,,,,,,,,,,,Cameroon,2722,00:47:32.302,Carry,
,,,,,"[86.8, 55.8]",,,,,,,,,,,,1.176982,,,,,,,,,,,acd306ee-e24a-4159-bcd4-68a9f86ef3c6,2578,,"[93.4, 53.9]",3920389,92,,,,,,,,,,,,,,,,,,,,,,,,2,From Throw In,José Kanté Martínez,8012.0,Center Forward,148,Guinea,4892,"['dd2eb745-4fc7-4a41-b4f9-718cd0f54d06', '7256730c-452b-4d2e-95e7-bf2a371f57d3', '23125838-dd84-4395-9133-ff2f3f167330']",59,,,,,,,,,,,,,,,,,Guinea,4892,00:47:59.881,Carry,True
,,,,,"[92.7, 26.4]",,,,,,,,,,,,4.609541,,,,,,,,,,,826bc173-fec1-481e-b99f-6d9b2616a1e6,2583,,"[87.3, 31.7]",3920389,93,,,,,,,,,,,,,,,,,,,,,,,,2,From Throw In,Sekou Oumar Sylla,132711.0,Left Back,148,Guinea,4892,"['fc963a56-631e-4871-ad85-224e6a9de40e', '503e54df-87cc-43c5-b96e-dd7b363bb1a6', 'fe9d4c0e-dec7-4e51-88b9-e5409c11a0d2', '9c45a040-098c-4e10-9c3c-450c4c875890']",3,,,,,,,,,,,,,,,,,Guinea,4892,00:48:03.277,Carry,True
,,,,,"[90.1, 47.7]",,,,,,,,,,,,1.882839,,,,,,,,,,,9beb8ff5-7667-4a9a-91fc-e62520b11e06,2587,,"[87.1, 48.0]",3920389,93,,,,,,,,,,,,,,,,,,,,,,,,2,From Throw In,Moriba Kourouma Kourouma,39073.0,Right Defensive Midfield,148,Guinea,4892,"['2e49fe52-e238-4601-a23b-0b078c8589a2', 'c49b4a10-b5f4-4fc6-96cd-9b61f172018c']",8,,,,,,,,,,,,,,,,,Guinea,4892,00:48:08.690,Carry,
,,,,,"[76.7, 78.1]",,,,,,,,,,,,0.040000003,,,,,,,,,,,70bb6528-7696-428d-b025-a9b80df20f1b,2594,,"[76.7, 78.1]",3920389,93,,,,,,,,,,,,,,,,,,,,,,,,2,From Goal Kick,Jean-Charles Castelletto,7426.0,Right Back,149,Cameroon,2722,"['1e712a81-576f-47b2-97dd-1e729d73182e', 'e1b0186b-7b6f-4289-8858-01c9ae67619a']",34,,,,,,,,,,,,,,,,,Cameroon,2722,00:48:34.844,Carry,
,,,,,"[82.9, 77.0]",,,,,,,,,,,,0.659749,,,,,,,,,,,e56f0fea-cb0f-45eb-907e-986a51ca8198,2598,,"[86.7, 78.1]",3920389,93,,,,,,,,,,,,,,,,,,,,,,,,2,From Goal Kick,Junior Tchamadeu,62627.0,Right Midfield,149,Cameroon,2722,"['b0987029-47d7-4691-877c-05a9b34641d2', 'f5dad234-55b2-4bc6-870f-bed27d1969ac', '5fadb8ab-4a15-4358-898c-5f452793c76e']",36,,,,,,,,,,,,,,,,,Cameroon,2722,00:48:36.075,Carry,True
,,,,,"[81.8, 63.9]",,,,,,,,,,,,1.160047,,,,,,,,,,,57e328e6-a736-419d-92e5-50a0ef3f1ed6,2601,,"[81.8, 64.5]",3920389,93,,,,,,,,,,,,,,,,,,,,,,,,2,From Goal Kick,André-Frank Zambo Anguissa,3141.0,Left Defensive Midfield,149,Cameroon,2722,"['4de49e69-6b40-45ec-bbac-a089ce7c07f8', '386ab29c-2893-4dd2-8181-910a7b4a909f']",38,,,,,,,,,,,,,,,,,Cameroon,2722,00:48:38.520,Carry,
,,,,,"[81.8, 26.8]",,,,,,,,,,,,0.274776,,,,,,,,,,,db05febc-5d15-42fd-8bfa-bbee9d8cff71,2605,,"[81.4, 27.1]",3920389,93,,,,,,,,,,,,,,,,,,,,,,,,2,From Goal Kick,Jules Olivier Ntcham,10530.0,Right Defensive Midfield,149,Cameroon,2722,"['38310767-68ae-4404-b500-5678bbc474c1', '5a6666a1-fa8b-4c94-8eac-05e2280dae3a', 'faba3784-8a4b-4296-b9c6-5e8f1b95ae2c', '735e1a3a-c09b-4aa4-955d-d47b9523d40a']",41,,,,,,,,,,,,,,,,,Cameroon,2722,00:48:41.652,Carry,True
,,,,,"[74.5, 14.9]",,,,,,,,,,,,1.436378,,,,,,,,,,,e01ccb0e-1b33-45e7-a91d-d73210835ab0,2615,,"[74.9, 14.9]",3920389,94,,,,,,,,,,,,,,,,,,,,,,,,2,From Free Kick,Georges-Kévin Nkoudou Mbida,3639.0,Left Midfield,150,Cameroon,2722,"['0b1085d8-6b85-4ee0-96f4-81a618a8784e', 'a2b4c6ff-e364-40c1-b9a8-61a7430935af']",37,,,,,,,,,,,,,,,,,Cameroon,2722,00:49:37.256,Carry,
,,,,,"[73.9, 28.7]",,,,,,,,,,,,1.838183,,,,,,,,,,,f796c1ec-1709-4e52-824e-bb9d985126d1,2618,,"[69.3, 28.2]",3920389,94,,,,,,,,,,,,,,,,,,,,,,,,2,From Free Kick,Jules Olivier Ntcham,10530.0,Right Defensive Midfield,150,Cameroon,2722,"['f6b7a97f-f968-41bd-9856-d208c016da59', '71ea7960-e3fc-44bf-9833-ac8c6bdfb916']",39,,,,,,,,,,,,,,,,,Cameroon,2722,00:49:39.806,Carry,
,,,,,"[104.7, 6.4]",,,,,,,,,,,,5.771662,,,,,,,,,,,4b162f24-3ff4-4594-afa4-8d24558920b4,2621,,"[93.0, 11.5]",3920389,94,,,,,,,,,,,,,,,,,,,,,,,,2,From Free Kick,Darlin Zidane Yongwa Ngameni,32190.0,Left Back,150,Cameroon,2722,"['223a58c4-8a8a-4639-8e44-e0ba4b6b5179', 'ee5d8721-039b-4309-95b5-180b3925e6b5', '8b2ba1b2-7a60-46d7-8c5b-82f1a6ddc86c']",43,,,,,,,,,,,,,,,,,Cameroon,2722,00:49:43.499,Carry,True
,,,,,"[85.2, 8.0]",,,,,,,,,,,,1.446881,,,,,,,,,,,a395a9f9-cd1e-4805-a338-bf69fb018351,2629,,"[87.6, 6.6]",3920389,95,,,,,,,,,,,,,,,,,,,,,,,,2,From Throw In,Harold Moukoudi,7386.0,Left Center Back,151,Cameroon,2722,"['c735f17e-0582-43d8-b47d-e58f50cf2096', '3f9a44b2-ae08-4b75-8fb2-a46a07e34a74']",27,,,,,,,,,,,,,,,,,Cameroon,2722,00:50:27.069,Carry,
,,,,,"[74.7, 22.3]",,,,,,,,,,,,1.344538,,,,,,,,,,,8133f934-abeb-4d7b-afab-819db0603000,2632,,"[80.5, 20.9]",3920389,95,,,,,,,,,,,,,,,,,,,,,,,,2,From Throw In,Jules Olivier Ntcham,10530.0,Right Defensive Midfield,151,Cameroon,2722,"['a6cb33ee-8ecd-4777-990e-aa2a09b927d6', 'b9c140f5-86c3-47eb-84c7-a9163bd3fb86', '308b7e4c-dc52-472f-b400-4368079d1469']",29,,,,,,,,,,,,,,,,,Cameroon,2722,00:50:29.373,Carry,True
,,,,,"[80.7, 56.5]",,,,,,,,,,,,2.767238,,,,,,,,,,,d96ddfd1-6bc5-4d82-a0a3-dca136efc4f2,2636,,"[75.1, 56.9]",3920389,95,,,,,,,,,,,,,,,,,,,,,,,,2,From Throw In,Oumar Gonzalez,28444.0,Right Center Back,151,Cameroon,2722,"['d7ae66b2-37e9-4768-ba32-6a18868b36a3', '3c6f73a7-d226-466f-9d8e-55d828743e4a']",32,,,,,,,,,,,,,,,,,Cameroon,2722,00:50:32.145,Carry,
,,,,,"[83.8, 30.6]",,,,,,,,,,,,1.414709,,,,,,,,,,,c1517488-9604-4984-b6ca-712439de5944,2639,,"[81.5, 32.9]",3920389,95,,,,,,,,,,,,,,,,,,,,,,,,2,From Throw In,Jules Olivier Ntcham,10530.0,Right Defensive Midfield,151,Cameroon,2722,"['122fb06d-202c-4efc-b818-ec937acab315', 'bf315ab6-e3d1-43bd-a8c7-44ab9f938ad9']",35,,,,,,,,,,,,,,,,,Cameroon,2722,00:50:35.904,Carry,
,,,,,"[93.4, 14.3]",,,,,,,,,,,,0.599486,,,,,,,,,,,4670c884-3fde-4bb2-92ce-e8b0bbb7e077,2643,,"[93.0, 14.3]",3920389,95,,,,,,,,,,,,,,,,,,,,,,,,2,From Throw In,Georges-Kévin Nkoudou Mbida,3639.0,Left Midfield,151,Cameroon,2722,"['3c60dd54-1364-4dcb-8a15-64cda7a6734f', 'a10de01e-fdd2-46a5-b77d-e1d7bf5db4af', 'ee3a911b-a96e-4375-a501-d7558e0eb639']",38,,,,,,,,,,,,,,,,,Cameroon,2722,00:50:38.567,Carry,True
,,,,,"[39.4, 6.3]",,,,,,,,,,,,3.301852,,,,,,,,,,,420e89f6-573c-4296-880c-559537ec9927,2652,,"[21.9, 23.0]",3920389,95,,,,,,,,,,,,,,,,,,,,,,,,2,From Throw In,Issiaga Sylla,4352.0,Left Defensive Midfield,151,Cameroon,2722,"['ec991e34-fcb6-4ac7-ae59-210546bae3ad', '9bb9a93c-883e-4669-a936-dde8c372fb8a']",45,,,,,,,,,,,,,,,,,Guinea,4892,00:50:45.072,Carry,
,,,,,,,,,,,,,,,,,0.328475,,,,,,,,,,,dbd90819-7fd6-45cb-8f11-8f3ed113b3f1,35,,"[52.9, 75.9]",3920389,0,,,,,,,,,,,,,,,,,,,,,,,,1,From Kick Off,Morgan Guilavogui,47351.0,Right Wing,2,Cameroon,2722,"['19a7f2d2-5798-440c-9b2a-f3ec65cf8c09', 'ceda539a-5e72-43b7-93b7-9f45de71d4fd']",32,,,,,,,,,,,,,,,,,Guinea,4892,00:00:32.465,Pressure,
,,,,,,,,,,,,,,,,,0.32939,,,,,,,,,,,130bd970-7916-4bef-ac79-1798e3fba88a,45,,"[70.5, 53.8]",3920389,0,,,,,,,,,,,,,,,,,,,,,,,,1,From Kick Off,Aguibou Camara,39559.0,Center Attacking Midfield,2,Cameroon,2722,['59418fa7-ac22-4edf-960b-dd35efda7e40'],42,,,,,,,,,,,,,,,,,Guinea,4892,00:00:42.268,Pressure,
,,,,,,,,,,,,,,,,,0.834231,,,,,,,,,,,f6bcddbe-f8c6-4ff7-9a35-dcbcc1cc0f9b,50,,"[113.6, 11.4]",3920389,0,,,,,,,,,,,,,,,,,,,,,,,,1,From Kick Off,André-Frank Zambo Anguissa,3141.0,Left Center Midfield,2,Cameroon,2722,"['8fa5ede0-396e-4d36-8f8b-fe428eb51c7f', '4f4a55fd-141d-4e24-8710-077e268f42ee']",48,,,,,,,,,,,,,,,,,Cameroon,2722,00:00:48.939,Pressure,
,,,,,,,,,,,,,,,,,0.187803,,,,,,,,,,,e015314f-088c-445e-8ef9-037a50961d2e,63,,"[75.3, 74.8]",3920389,1,,,,,,,,,,,,,,,,,,,,,,,,1,Regular Play,Aguibou Camara,39559.0,Center Attacking Midfield,6,Guinea,4892,['d7f20c1e-157b-47d2-8d84-493c1f6aadf7'],41,,,,,,,,,,,,,,,,,Guinea,4892,00:01:41.616,Pressure,
,,,,,,,,,,,,,,,,,0.581469,,,,,,,,,,,b80defba-cd79-44bd-bf2e-4633089eeb75,70,,"[28.6, 8.3]",3920389,2,,,,,,,,,,,,,,,,,,,,,,,,1,From Throw In,Harold Moukoudi,7386.0,Left Center Back,7,Guinea,4892,,0,,,,,,,,,,,,,,,,,Cameroon,2722,00:02:00.041,Pressure,
,,,,,,,,,,,True,,,,,,0.612509,,,,,,,,,,,051ee308-b5c7-4160-b95b-5393b6de967a,74,,"[81.8, 68.7]",3920389,2,,,,,,,,,,,,,,,,,,,,,,,,1,From Throw In,Moriba Kourouma Kourouma,39073.0,Left Defensive Midfield,7,Guinea,4892,['52fdd52b-cde3-427d-a428-9d5a3bc4b729'],1,,,,,,,,,,,,,,,,,Guinea,4892,00:02:01.410,Pressure,
,,,,,,,,,,,,,,,,,1.674333,,,,,,,,,,,45ce8313-eecf-467a-89f5-7acb4ce12085,81,,"[40.3, 12.9]",3920389,2,,,,,,,,,,,,,,,,,,,,,,,,1,From Throw In,André-Frank Zambo Anguissa,3141.0,Left Center Midfield,7,Guinea,4892,,4,,,,,,,,,,,,,,,,,Cameroon,2722,00:02:04.722,Pressure,
,,,,,,,,,,,,,,,,,0.85394,,,,,,,,,,,2edd6216-9bc5-433b-9663-31c62c185213,82,,"[38.3, 13.5]",3920389,2,,,,,,,,,,,,,,,,,,,,,,,,1,From Throw In,Olivier Michel Kemen,7355.0,Center Defensive Midfield,7,Guinea,4892,['df0ec6ca-2e02-4102-9707-930680cf4984'],5,,,,,,,,,,,,,,,,,Cameroon,2722,00:02:05.984,Pressure,
,,,,,,,,,,,,,,,,,1.123128,,,,,,,,,,,6270da0b-f5bc-454b-8b5a-3e33adecc36e,86,,"[32.1, 10.3]",3920389,2,,,,,,,,,,,,,,,,,,,,,,,,1,From Throw In,Olivier Michel Kemen,7355.0,Center Defensive Midfield,7,Guinea,4892,['7b16d325-6108-427a-84a5-d4bdfb871493'],7,,,,,,,,,,,,,,,,,Cameroon,2722,00:02:07.587,Pressure,
,,,,,,,,,,,,,,,,,0.842923,,,,,,,,,,,ed695407-ceca-469d-b98c-d54752562fee,87,,"[24.8, 8.3]",3920389,2,,,,,,,,,,,,,,,,,,,,,,,,1,From Throw In,Olivier Michel Kemen,7355.0,Center Defensive Midfield,7,Guinea,4892,,10,,,,,,,,,,,,,,,,,Cameroon,2722,00:02:10.136,Pressure,
,,,,,,,,,,,,,,,,,0.587526,,,,,,,,,,,d7d27f97-42ca-4041-b857-d3430672e11e,111,,"[95.9, 32.4]",3920389,2,,,,,,,,,,,,,,,,,,,,,,,,1,From Throw In,Karl Brillant Toko Ekambi,3551.0,Center Forward,9,Guinea,4892,"['6168f007-456e-48bd-ba3e-89e40332f704', 'cba05b6d-7df7-4591-9754-9c95cf961664']",41,,,,,,,,,,,,,,,,,Cameroon,2722,00:02:41.891,Pressure,
,,,,,,,,,,,True,,,,,,0.381631,,,,,,,,,,,921a4028-aa7e-4a09-a2b0-28b095d1ec86,116,,"[112.7, 22.8]",3920389,2,,,,,,,,,,,,,,,,,,,,,,,,1,From Throw In,Mohamed Bayo,8454.0,Center Forward,9,Guinea,4892,['11ba9a42-59c7-4876-8a48-f3d7d21567d7'],49,,,,,,,,,,,,,,,,,Guinea,4892,00:02:49.165,Pressure,
,,,,,,,,,,,,,,,,,1.063029,,,,,,,,,,,71aea101-295b-424c-aa1b-5f1e5dd91d30,121,,"[15.4, 74.4]",3920389,3,,,,,,,,,,,,,,,,,,,,,,,,1,From Throw In,Jules Olivier Ntcham,10530.0,Right Center Midfield,10,Guinea,4892,,7,,,,,,,,,,,,,,,,,Cameroon,2722,00:03:07.705,Pressure,
,,,,,,,,,,,,,,,,,0.617517,,,,,,,,,,,aba78aa8-aca1-4bfb-8bd1-1d652dd733ed,122,,"[9.1, 72.5]",3920389,3,,,,,,,,,,,,,,,,,,,,,,,,1,From Throw In,Frank Magri,189348.0,Right Wing,10,Guinea,4892,"['66a09386-3c42-481a-b300-977c6ebf8800', 'd0f3b1fd-381a-4685-b1af-61dc71c5f362']",8,,,,,,,,,,,,,,,,,Cameroon,2722,00:03:08.501,Pressure,
,,,,,,,,,,,,,,,,,0.32224,,,,,,,,,,,14424e46-bf89-4739-86b7-c6238400520e,129,,"[14.8, 71.2]",3920389,3,,,,,,,,,,,,,,,,,,,,,,,,1,From Throw In,Frank Magri,189348.0,Right Wing,11,Guinea,4892,"['b11f24d8-be4b-434c-ac72-4abb26fd0529', 'c2fd03ea-cfc8-48e4-9053-33e8e422a10d']",20,,,,,,,,,,,,,,,,,Cameroon,2722,00:03:20.255,Pressure,
,,,,,,,,,,,,,,,,,1.300153,,,,,,,,,,,dbb1817a-93c9-4776-b044-38b6e9671d4c,149,,"[76.2, 71.6]",3920389,3,,,,,,,,,,,,,,,,,,,,,,,,1,From Free Kick,Morgan Guilavogui,47351.0,Right Wing,12,Cameroon,2722,"['daf79a89-53d5-4968-a66b-3e9b9a6ea45a', '8fed26ab-d749-43d3-a386-663adae99f91']",59,,,,,,,,,,,,,,,,,Guinea,4892,00:03:59.587,Pressure,
,,,,,,,,,,,,,,,,,0.506798,,,,,,,,,,,fb688172-554b-4416-83a4-decef4649531,162,,"[64.9, 72.4]",3920389,4,,,,,,,,,,,,,,,,,,,,,,,,1,From Free Kick,Antoine Conte,131849.0,Right Back,12,Cameroon,2722,['d147bf99-801d-44b3-b974-8fafe9a1ccc4'],19,,,,,,,,,,,,,,,,,Guinea,4892,00:04:19.689,Pressure,
,,,,,,,,,,,,,,,,,0.316922,,,,,,,,,,,1a5f74cc-6d19-4a51-a587-e888c049d613,187,,"[101.4, 76.0]",3920389,5,,,,,,,,,,,,,,,,,,,,,,,,1,From Throw In,Morgan Guilavogui,47351.0,Right Wing,15,Cameroon,2722,,25,,,,,,,,,,,,,,,,,Guinea,4892,00:05:25.672,Pressure,
,,,,,,,,,,,,,,,,,0.462302,,,,,,,,,,,45733d67-8f69-43f5-91a6-c36914b3d0bc,203,,"[55.4, 41.9]",3920389,7,,,,,,,,,,,,,,,,,,,,,,,,1,From Goal Kick,Mory Konaté,35285.0,Right Defensive Midfield,17,Cameroon,2722,"['40e8a705-b674-4c42-87e5-9e935e96456c', '1d383040-0e7c-46ca-8e3e-5272370ee6d5']",15,,,,,,,,,,,,,,,,,Guinea,4892,00:07:15.398,Pressure,
,,,,,,,,,,,,,,,,,0.44976,,,,,,,,,,,8caa752c-95b7-46d3-9a41-dce80bbe3af0,215,,"[46.1, 11.1]",3920389,7,,,,,,,,,,,,,,,,,,,,,,,,1,Regular Play,Harold Moukoudi,7386.0,Left Center Back,18,Guinea,4892,"['09a657b5-38e4-45d6-ada8-194586f89421', 'a842fe55-5230-43e7-b514-da153a3a5cb4', 'a8f97b1e-8aa8-4483-822d-d54253e4a00c']",45,,,,,,,,,,,,,,,,,Cameroon,2722,00:07:45.097,Pressure,
,,,,,,,,,,,True,,,,,,0.448492,,,,,,,,,,,8060dd7b-8df7-42c7-85cd-e697061b83b9,266,,"[34.9, 71.0]",3920389,8,,,,,,,,,,,,,,,,,,,,,,,,1,Regular Play,Jean-Charles Castelletto,7426.0,Right Back,19,Cameroon,2722,['cfc91d7d-cd02-4c39-b65a-43abd81cf986'],46,,,,,,,,,,,,,,,,,Cameroon,2722,00:08:46.117,Pressure,
,,,,,,,,,,,,,,,,,0.664838,,,,,,,,,,,300585e3-7278-40c7-8061-1dec43d9537a,271,,"[98.5, 23.9]",3920389,8,,,,,,,,,,,,,,,,,,,,,,,,1,Regular Play,Mohamed Bayo,8454.0,Center Forward,19,Cameroon,2722,['51c46494-4986-40c0-8959-67805028d1aa'],50,,,,,,,,,,,,,,,,,Guinea,4892,00:08:50.677,Pressure,
,,,,,,,,,,,True,,,,,,0.195058,,,,,,,,,,,e68ea284-f225-4216-a5c9-f3578f9b721f,280,,"[52.7, 25.0]",3920389,8,,,,,,,,,,,,,,,,,,,,,,,,1,Regular Play,Darlin Zidane Yongwa Ngameni,32190.0,Left Back,20,Guinea,4892,"['9a48bafa-cbb0-4580-8b5e-973d787a7c17', '4c169ea4-6f80-4a81-aeae-800df8c4b8d8']",59,,,,,,,,,,,,,,,,,Cameroon,2722,00:08:59.793,Pressure,
,,,,,,,,,,,,,,,,,0.628338,,,,,,,,,,,bb916854-f3a9-433d-8423-5fc6f9975abf,298,,"[19.8, 23.9]",3920389,9,,,,,,,,,,,,,,,,,,,,,,,,1,Regular Play,Christopher Wooh,74588.0,Right Center Back,20,Guinea,4892,"['ac636a2c-39d0-4fc5-95bb-ab1237fbb740', '45140307-8a69-41cb-8d88-18fdd0d40ef8']",9,,,,,,,,,,,,,,,,,Cameroon,2722,00:09:09.233,Pressure,
,,,,,,,,,,,,,,,,,0.21221,,,,,,,,,,,dc41926a-7906-47f7-badc-f4cb719d02a0,301,,"[11.4, 31.3]",3920389,9,,,,,,,,,,,,,,,,,,,,,,,,1,Regular Play,Christopher Wooh,74588.0,Right Center Back,20,Guinea,4892,"['7db8baa3-001d-4864-b2e3-7dd65742f049', '3b4284bc-0f79-404d-8e09-9bb5a64fce7a']",12,,,,,,,,,,,,,,,,,Cameroon,2722,00:09:12.562,Pressure,
,,,,,,,,,,,True,,,,,,0.603933,,,,,,,,,,,1355621a-d05d-4ba4-8e1e-7f48923d7d3a,308,,"[98.9, 40.1]",3920389,9,,,,,,,,,,,,,,,,,,,,,,,,1,Regular Play,Mory Konaté,35285.0,Right Defensive Midfield,20,Guinea,4892,"['d47d1d78-79a8-4913-b7da-6f0bfd90a017', '89143c87-4fe2-4093-940c-7bc76a30b354', 'b0ad0fb2-2cb4-4fa7-954f-d37689852c94']",16,,,,,,,,,,,,,,,,,Guinea,4892,00:09:16.352,Pressure,
,,,,,,,,,,,True,,,,,,0.466838,,,,,,,,,,,76fc2701-9315-4eb0-9857-b388b17c68e1,309,,"[102.2, 39.6]",3920389,9,,,,,,,,,,,,,,,,,,,,,,,,1,Regular Play,Aguibou Camara,39559.0,Center Attacking Midfield,20,Guinea,4892,"['89143c87-4fe2-4093-940c-7bc76a30b354', 'd47d1d78-79a8-4913-b7da-6f0bfd90a017']",16,,,,,,,,,,,,,,,,,Guinea,4892,00:09:16.636,Pressure,
,,,,,,,,,,,,,,,,,0.204749,,,,,,,,,,,b0a99cf7-186e-494e-b504-b8f649941bac,312,,"[5.7, 33.6]",3920389,9,,,,,,,,,,,,,,,,,,,,,,,,1,Regular Play,Joseph Fabrice Ondoa Ebogo,24670.0,Goalkeeper,20,Guinea,4892,"['6ad8fa25-7b0e-4d87-a4ac-119d975f4515', '12d0c976-c6ca-424f-a131-50562b5653c1']",18,,,,,,,,,,,,,,,,,Cameroon,2722,00:09:18.536,Pressure,
,,,,,,,,,,,,,,,,,1.756882,,,,,,,,,,,4322fc33-24fe-41e9-8da8-4bae377521db,340,,"[57.3, 5.7]",3920389,11,,,,,,,,,,,,,,,,,,,,,,,,1,From Kick Off,François Kamano,3405.0,Left Wing,21,Cameroon,2722,"['495d8f46-af87-41d6-994c-9f00f9d8b3ef', 'f534bd06-89f4-4182-b7c7-e51f3ae41c97']",36,,,,,,,,,,,,,,,,,Guinea,4892,00:11:36.719,Pressure,
,,,,,,,,,,,,,,,,,0.278939,,,,,,,,,,,d1423dda-ab8e-48d4-93a4-136f5b094c0b,342,,"[31.1, 14.3]",3920389,11,,,,,,,,,,,,,,,,,,,,,,,,1,From Kick Off,Julian Jeanvier,7360.0,Left Center Back,21,Cameroon,2722,,39,,,,,,,,,,,,,,,,,Guinea,4892,00:11:39.219,Pressure,
,,,,,,,,,,,,,,,,,0.462339,,,,,,,,,,,181ca446-8343-46fd-878d-fbf60afa5901,370,,"[44.6, 8.6]",3920389,13,,,,,,,,,,,,,,,,,,,,,,,,1,From Goal Kick,André-Frank Zambo Anguissa,3141.0,Left Center Midfield,23,Guinea,4892,"['e0bc52f2-644a-4e07-a548-dc9e143e4bd3', 'd2ab7506-0cd0-4d3f-a0cc-8dc182bae07f']",16,,,,,,,,,,,,,,,,,Cameroon,2722,00:13:16.154,Pressure,
,,,,,,,,,,,True,,,,,,0.343488,,,,,,,,,,,ed6bfc91-6fd4-4c16-9c47-61471471f677,379,,"[85.2, 76.2]",3920389,13,,,,,,,,,,,,,,,,,,,,,,,,1,Regular Play,Morgan Guilavogui,47351.0,Right Wing,24,Cameroon,2722,"['2b3aecf9-67ce-4000-9f6a-bf7afacc6a2f', 'f51087ee-fbe8-4e58-a72c-be2e8ad5a5f7', '854c824b-80a3-4a0d-94ec-aa27b40fac86']",20,,,,,,,,,,,,,,,,,Guinea,4892,00:13:20.701,Pressure,
,,,,,,,,,,,,,,,,,0.324592,,,,,,,,,,,674b36ab-83e3-4aa9-b3e4-0e00fa0ba185,398,,"[33.3, 72.4]",3920389,13,,,,,,,,,,,,,,,,,,,,,,,,1,From Throw In,Morgan Guilavogui,47351.0,Right Wing,25,Cameroon,2722,['99f1fc52-31a2-4ebd-9019-02b1a8dec667'],52,,,,,,,,,,,,,,,,,Guinea,4892,00:13:52.371,Pressure,
,,,,,,,,,,,,,,,,,0.191595,,,,,,,,,,,0bef504c-3853-46da-924d-2a324e1d324e,401,,"[19.1, 73.1]",3920389,13,,,,,,,,,,,,,,,,,,,,,,,,1,From Throw In,Antoine Conte,131849.0,Right Back,25,Cameroon,2722,"['78372f2b-f0c9-43d8-81ba-5d7119062acb', '5535bf06-7dab-4d2d-8b54-3c3545d0cb81']",53,,,,,,,,,,,,,,,,,Guinea,4892,00:13:53.526,Pressure,
,,,,,,,,,,,,,,,,,0.312727,,,,,,,,,,,36773d37-67b1-46f5-9b44-5c531db05703,421,,"[28.6, 54.5]",3920389,14,,,,,,,,,,,,,,,,,,,,,,,,1,From Throw In,Morgan Guilavogui,47351.0,Right Wing,25,Cameroon,2722,['f1382d14-a206-4085-aa01-1f2339de2df6'],12,,,,,,,,,,,,,,,,,Guinea,4892,00:14:12.402,Pressure,
,,,,,,,,,,,,,,,,,0.58988,,,,,,,,,,,800d2bd7-1e39-47e9-990c-8af2a6fec46b,427,,"[22.8, 60.9]",3920389,14,,,,,,,,,,,,,,,,,,,,,,,,1,From Throw In,Morgan Guilavogui,47351.0,Right Wing,25,Cameroon,2722,"['30bf24ed-5f49-41fb-bf95-6653b8fd77fa', '067a0ba3-6831-48b7-b2f6-e9d0ea82e12b']",15,,,,,,,,,,,,,,,,,Guinea,4892,00:14:15.140,Pressure,
,,,,,,,,,,,,,,,,,1.071283,,,,,,,,,,,84d26087-5aba-4c8b-b8ae-57fc6b321dd1,431,,"[19.3, 57.0]",3920389,14,,,,,,,,,,,,,,,,,,,,,,,,1,From Throw In,Morgan Guilavogui,47351.0,Right Wing,25,Cameroon,2722,"['0727f5c6-7952-40f3-9951-8393e161c3ab', '20f91caa-6144-4956-9efc-5b3d3885e634']",16,,,,,,,,,,,,,,,,,Guinea,4892,00:14:16.351,Pressure,
,,,,,,,,,,,,,,,,,0.727182,,,,,,,,,,,149e5901-27bd-4b10-b9a7-3247ff7d026b,439,,"[68.2, 24.6]",3920389,14,,,,,,,,,,,,,,,,,,,,,,,,1,Regular Play,Olivier Michel Kemen,7355.0,Center Defensive Midfield,26,Guinea,4892,['3e3f5d00-b3e9-49eb-9814-fe250e7db5b4'],23,,,,,,,,,,,,,,,,,Cameroon,2722,00:14:23.257,Pressure,
,,,,,,,,,,,,,,,,,0.974699,,,,,,,,,,,be01097f-fd7c-4604-8c47-50f2c7ab4593,448,,"[97.6, 23.9]",3920389,14,,,,,,,,,,,,,,,,,,,,,,,,1,Regular Play,Karl Brillant Toko Ekambi,3551.0,Center Forward,26,Guinea,4892,['51a4dee8-055d-415c-9bc3-8361511e203d'],31,,,,,,,,,,,,,,,,,Cameroon,2722,00:14:31.913,Pressure,
,,,,,,,,,,,,,,,,,0.377656,,,,,,,,,,,f33f3d81-9ac4-4691-8cb3-5b890e395a52,458,,"[108.0, 76.3]",3920389,14,,,,,,,,,,,,,,,,,,,,,,,,1,Regular Play,Frank Magri,189348.0,Right Wing,27,Cameroon,2722,['92639470-8035-49a9-a93f-76ecbff3c5b2'],46,,,,,,,,,,,,,,,,,Cameroon,2722,00:14:46.579,Pressure,
,,,,,,,,,,,,,,,,,0.328488,,,,,,,,,,,7b6743cf-e701-4a83-aefa-a9c7b103bff8,465,,"[44.4, 8.5]",3920389,14,,,,,,,,,,,,,,,,,,,,,,,,1,Regular Play,François Kamano,3405.0,Left Wing,27,Cameroon,2722,"['a7b80473-a3c2-4a19-b90e-8cc6305f7ffa', 'b6cde0bd-8542-4fb8-9958-1bbe66914464']",51,,,,,,,,,,,,,,,,,Guinea,4892,00:14:51.862,Pressure,
,,,,,,,,,,,,,,,,,0.192305,,,,,,,,,,,fd97d5a3-9311-4c82-b1ff-f3869d6a818d,467,,"[38.9, 21.6]",3920389,14,,,,,,,,,,,,,,,,,,,,,,,,1,Regular Play,Mory Konaté,35285.0,Right Defensive Midfield,27,Cameroon,2722,,52,,,,,,,,,,,,,,,,,Guinea,4892,00:14:52.390,Pressure,
,,,,,,,,,,,True,,,,,,0.835527,,,,,,,,,,,9a575f22-d4ea-4738-8e61-679c197f0541,476,,"[74.8, 67.3]",3920389,14,,,,,,,,,,,,,,,,,,,,,,,,1,Regular Play,André-Frank Zambo Anguissa,3141.0,Left Center Midfield,28,Guinea,4892,['631eb769-c0e0-4c3f-934d-322d0dfdd197'],56,,,,,,,,,,,,,,,,,Cameroon,2722,00:14:56.190,Pressure,
,,,,,,,,,,,,,,,,,5.171577,,,,,,,,,,,135ed148-d8ef-454a-951c-2c2c2dc011b7,486,,"[14.5, 12.1]",3920389,15,,,,,,,,,,,,,,,,,,,,,,,,1,From Free Kick,Darlin Zidane Yongwa Ngameni,32190.0,Left Back,29,Guinea,4892,"['83b6626d-e342-46cb-a2bc-9ea60038e42c', '4de8e06b-cce8-458a-ae14-c98a464add11']",47,,,,,,,,,,,,,,,,,Cameroon,2722,00:15:47.078,Pressure,
,,,,,,,,,,,,,,,,,1.110508,,,,,,,,,,,652ee591-06cd-4c45-9b82-df79d5a0eb84,520,,"[47.3, 7.6]",3920389,16,,,,,,,,,,,,,,,,,,,,,,,,1,From Throw In,François Kamano,3405.0,Left Wing,30,Cameroon,2722,['0ce0a98f-7370-4255-9752-4f9006a4fbaf'],35,,,,,,,,,,,,,,,,,Guinea,4892,00:16:35.170,Pressure,
,,,,,,,,,,,,,,,,,0.198832,,,,,,,,,,,3f803c01-bba1-421e-8e2d-11bb267ac308,521,,"[65.9, 8.9]",3920389,16,,,,,,,,,,,,,,,,,,,,,,,,1,From Throw In,Aguibou Camara,39559.0,Center Attacking Midfield,30,Cameroon,2722,['b49c5b54-458c-4af0-8f4b-02ffdeb480f3'],38,,,,,,,,,,,,,,,,,Guinea,4892,00:16:38.041,Pressure,
,,,,,,,,,,,,,,,,,0.904194,,,,,,,,,,,c10d9edd-779e-43d7-97ed-282bbad413aa,537,,"[34.7, 63.7]",3920389,16,,,,,,,,,,,,,,,,,,,,,,,,1,From Throw In,Mory Konaté,35285.0,Right Defensive Midfield,30,Cameroon,2722,"['e6b70511-c206-4ced-ad8b-a617eda5517c', 'ff44e833-b374-4ab6-8e34-3bdd249f4fc7']",52,,,,,,,,,,,,,,,,,Guinea,4892,00:16:52.388,Pressure,
,,,,,,,,,,,,,,,,,0.839099,,,,,,,,,,,aa9cb8ed-cf1c-47a3-add3-a2fd755afa77,564,,"[94.9, 32.2]",3920389,19,,,,,,,,,,,,,,,,,,,,,,,,1,From Goal Kick,Karl Brillant Toko Ekambi,3551.0,Center Forward,32,Guinea,4892,['3f752ea5-54fb-4420-89ca-7337a8b9ba9f'],38,,,,,,,,,,,,,,,,,Cameroon,2722,00:19:38.638,Pressure,
,,,,,,,,,,,,,,,,,0.204745,,,,,,,,,,,e3a0aab7-b6c7-4a5e-9b66-3f0d741e8169,596,,"[62.8, 69.2]",3920389,20,,,,,,,,,,,,,,,,,,,,,,,,1,From Throw In,Jules Olivier Ntcham,10530.0,Right Center Midfield,34,Guinea,4892,,35,,,,,,,,,,,,,,,,,Cameroon,2722,00:20:35.665,Pressure,
,,,,,,,,,,,,,,,,,0.196642,,,,,,,,,,,264103dc-770c-42e7-850e-03edf347e8d6,601,,"[52.7, 72.5]",3920389,20,,,,,,,,,,,,,,,,,,,,,,,,1,From Throw In,Frank Magri,189348.0,Right Wing,34,Guinea,4892,"['274877e1-132b-4e71-aff9-f744217072e2', '872c38d0-e056-4baf-bc4f-e172dfa76365']",37,,,,,,,,,,,,,,,,,Cameroon,2722,00:20:37.016,Pressure,
,,,,,,,,,,,,,,,,,0.690308,,,,,,,,,,,3f93743d-6a7c-4069-9bb0-8f4fcd73feeb,611,,"[51.4, 73.7]",3920389,21,,,,,,,,,,,,,,,,,,,,,,,,1,From Free Kick,Jules Olivier Ntcham,10530.0,Right Center Midfield,35,Guinea,4892,"['c10210a1-b91a-4668-b587-905a2453982d', '957bf04c-6308-47bb-a951-9185c2549c4e']",28,,,,,,,,,,,,,,,,,Cameroon,2722,00:21:28.277,Pressure,
,,,,,,,,,,,,,,,,,0.712637,,,,,,,,,,,59a7b373-02bb-4efb-8a27-05321efe4f2f,616,,"[32.4, 62.2]",3920389,21,,,,,,,,,,,,,,,,,,,,,,,,1,From Free Kick,Christopher Wooh,74588.0,Right Center Back,35,Guinea,4892,"['6f09f5f7-4266-44cc-9d6f-3b8644761609', '6681f71a-5b20-4131-9cbb-f42dcc01036e']",31,,,,,,,,,,,,,,,,,Cameroon,2722,00:21:31.123,Pressure,
,,,,,,,,,,,,,,,,,0.468722,,,,,,,,,,,2918dae6-5fb7-413a-b434-3e65d596cdf5,626,,"[65.4, 64.9]",3920389,21,,,,,,,,,,,,,,,,,,,,,,,,1,Regular Play,Aguibou Camara,39559.0,Center Attacking Midfield,36,Cameroon,2722,['eb31c009-b5b6-4612-b08c-115d6897f511'],42,,,,,,,,,,,,,,,,,Guinea,4892,00:21:42.889,Pressure,
,,,,,,,,,,,,,,,,,0.451661,,,,,,,,,,,941362cb-9936-4f81-98d9-8ee0f056d168,659,,"[34.3, 78.3]",3920389,22,,,,,,,,,,,,,,,,,,,,,,,,1,Regular Play,Antoine Conte,131849.0,Right Back,36,Cameroon,2722,,22,,,,,,,,,,,,,,,,,Guinea,4892,00:22:22.870,Pressure,
,,,,,,,,,,,,,,,,,1.96992,,,,,,,,,,,766b5470-8d76-44a9-af92-ae3bf3d1d0d3,672,,"[39.9, 17.1]",3920389,22,,,,,,,,,,,,,,,,,,,,,,,,1,From Throw In,Moriba Kourouma Kourouma,39073.0,Left Defensive Midfield,37,Cameroon,2722,"['c8882231-d378-4e43-a1a5-201a8f6f36c4', '7c06eba6-26fc-42da-a81c-eed2173bb355']",44,,,,,,,,,,,,,,,,,Guinea,4892,00:22:44.930,Pressure,
,,,,,,,,,,,,,,,,,0.450604,,,,,,,,,,,729b4142-fb24-46ea-93ef-065b3b90c596,685,,"[45.4, 77.6]",3920389,22,,,,,,,,,,,,,,,,,,,,,,,,1,From Throw In,Antoine Conte,131849.0,Right Back,37,Cameroon,2722,['912be7c4-45c5-470f-b86b-423d10081408'],55,,,,,,,,,,,,,,,,,Guinea,4892,00:22:55.216,Pressure,
,,,,,,,,,,,,,,,,,1.36161,,,,,,,,,,,06a6c4da-569c-41a7-915e-3f0288005d2d,692,,"[62.9, 55.1]",3920389,22,,,,,,,,,,,,,,,,,,,,,,,,1,From Throw In,Aguibou Camara,39559.0,Center Attacking Midfield,37,Cameroon,2722,"['1dab809c-8cd6-4b51-906b-56c531e931b9', 'ed101cae-766e-4568-b0e1-10e726c39fcf']",59,,,,,,,,,,,,,,,,,Guinea,4892,00:22:59.818,Pressure,
,,,,,,,,,,,,,,,,,1.989198,,,,,,,,,,,f0bb6a82-3ae9-4010-a47e-fad11dce9d56,702,,"[5.1, 64.7]",3920389,23,,,,,,,,,,,,,,,,,,,,,,,,1,From Throw In,Julian Jeanvier,7360.0,Left Center Back,38,Cameroon,2722,"['c7e470f3-6191-409e-bd9d-24643336c88d', 'b0198ebb-5142-4576-b603-d008f698fb40', '96ca8a46-63cf-4a1c-a577-cd57998e4497']",18,,,,,,,,,,,,,,,,,Guinea,4892,00:23:18.089,Pressure,
,,,,,,,,,,,,,,,,,0.834935,,,,,,,,,,,aec5edeb-a1c7-43f4-b2b3-5972dd5af9ce,709,,"[95.7, 57.5]",3920389,24,,,,,,,,,,,,,,,,,,,,,,,,1,From Goal Kick,Aguibou Camara,39559.0,Center Attacking Midfield,39,Guinea,4892,,2,,,,,,,,,,,,,,,,,Guinea,4892,00:24:02.011,Pressure,
,,,,,,,,,,,,,,,,,0.506497,,,,,,,,,,,c25df477-d8b7-4b9c-9907-865db618d159,722,,"[57.3, 54.5]",3920389,24,,,,,,,,,,,,,,,,,,,,,,,,1,From Keeper,Moriba Kourouma Kourouma,39073.0,Left Defensive Midfield,40,Cameroon,2722,['e98217ea-b6d1-4594-9fd3-49b8327dbe71'],20,,,,,,,,,,,,,,,,,Guinea,4892,00:24:20.841,Pressure,
,,,,,,,,,,,,,,,,,0.175713,,,,,,,,,,,93c4ab53-e798-4b20-abda-6bc8becffc11,727,,"[42.9, 11.8]",3920389,24,,,,,,,,,,,,,,,,,,,,,,,,1,From Keeper,Sekou Oumar Sylla,132711.0,Left Back,40,Cameroon,2722,"['df580808-7587-4e14-a6da-d56fdddf8ee0', '6c6806ff-1e8d-49e7-8381-b2189279e61d']",27,,,,,,,,,,,,,,,,,Guinea,4892,00:24:27.035,Pressure,
,,,,,,,,,,,True,,,,,,0.189563,,,,,,,,,,,88a48602-141e-4bdb-a33c-d2348d0b8c72,732,,"[78.0, 61.3]",3920389,24,,,,,,,,,,,,,,,,,,,,,,,,1,Regular Play,Jules Olivier Ntcham,10530.0,Right Center Midfield,41,Guinea,4892,['6191ca57-8cd3-4f56-ba20-e21746636e51'],28,,,,,,,,,,,,,,,,,Cameroon,2722,00:24:28.889,Pressure,
,,,,,,,,,,,,,,,,,0.314664,,,,,,,,,,,018a1b78-8c9f-4737-bf73-0c3ecb84154a,757,,"[38.2, 14.3]",3920389,25,,,,,,,,,,,,,,,,,,,,,,,,1,Regular Play,François Kamano,3405.0,Left Wing,42,Cameroon,2722,"['d211d493-304e-4e3a-9402-a527c1bf16a6', 'ed81ec62-5b29-4b51-bf57-4e65b6b75ddb']",2,,,,,,,,,,,,,,,,,Guinea,4892,00:25:02.919,Pressure,
,,,,,,,,,,,,,,,,,0.206261,,,,,,,,,,,4f9e5ecf-59ed-4cab-aa5e-7cc7e10f58f2,776,,"[97.4, 13.6]",3920389,25,,,,,,,,,,,,,,,,,,,,,,,,1,Regular Play,Darlin Zidane Yongwa Ngameni,32190.0,Left Back,42,Cameroon,2722,,24,,,,,,,,,,,,,,,,,Cameroon,2722,00:25:24.058,Pressure,
,,,,,,,,,,,,,,,,,0.280069,,,,,,,,,,,343975cf-dd84-4021-8098-3eaf40d56c2f,785,,"[32.4, 42.1]",3920389,25,,,,,,,,,,,,,,,,,,,,,,,,1,Regular Play,François Kamano,3405.0,Left Wing,42,Cameroon,2722,"['1f884d80-fd83-4781-abd1-f6fba6973e76', 'fc76dda5-7012-4108-a268-59a07699dd2a']",29,,,,,,,,,,,,,,,,,Guinea,4892,00:25:29.502,Pressure,
,,,,,,,,,,,True,,,,,,0.711118,,,,,,,,,,,1b01a404-3c78-433b-82de-75565f5e7953,789,,"[109.9, 49.5]",3920389,25,,,,,,,,,,,,,,,,,,,,,,,,1,Regular Play,Frank Magri,189348.0,Right Wing,42,Cameroon,2722,,33,,,,,,,,,,,,,,,,,Cameroon,2722,00:25:33.262,Pressure,
,,,,,,,,,,,,,,,,,0.180718,,,,,,,,,,,9c7605d6-c0a0-4694-b0dd-abe7b11d137e,803,,"[24.7, 27.8]",3920389,25,,,,,,,,,,,,,,,,,,,,,,,,1,Regular Play,Julian Jeanvier,7360.0,Left Center Back,42,Cameroon,2722,"['3c54dd79-3749-4320-90e1-f0e291060eb4', 'f09c40c4-8503-4743-82fb-f66ec32ed81b']",50,,,,,,,,,,,,,,,,,Guinea,4892,00:25:50.767,Pressure,
,,,,,,,,,,,,,,,,,0.331502,,,,,,,,,,,0ab0a5e8-b435-47f0-964e-2a531b96b880,816,,"[26.5, 64.1]",3920389,26,,,,,,,,,,,,,,,,,,,,,,,,1,Regular Play,Moriba Kourouma Kourouma,39073.0,Left Defensive Midfield,42,Cameroon,2722,"['a5598075-4598-49d2-a0c3-bdc5af8920ac', '6adb3712-3d06-4556-8b8f-8ad2a19058f2']",2,,,,,,,,,,,,,,,,,Guinea,4892,00:26:02.240,Pressure,
,,,,,,,,,,,,,,,,,0.313334,,,,,,,,,,,f5235f81-efe1-403f-92f0-1b4f547e1bc7,835,,"[30.3, 66.1]",3920389,26,,,,,,,,,,,,,,,,,,,,,,,,1,From Throw In,Mory Konaté,35285.0,Right Defensive Midfield,43,Cameroon,2722,"['10e42c7a-7a94-49e0-9fb6-dafaa6ab4fc1', '43ee0daa-8a6c-49e5-9ea3-0d6804f62378']",25,,,,,,,,,,,,,,,,,Guinea,4892,00:26:25.342,Pressure,
,,,,,,,,,,,,,,,,,0.264815,,,,,,,,,,,cc4aca3e-0789-444e-94fd-0d27de7dfeac,841,,"[26.3, 77.1]",3920389,26,,,,,,,,,,,,,,,,,,,,,,,,1,From Throw In,Antoine Conte,131849.0,Right Back,43,Cameroon,2722,"['59130b04-172c-4489-8c4f-5506c9b7fb37', '68f951c9-099b-4d1a-affd-3b9b767921d9']",27,,,,,,,,,,,,,,,,,Guinea,4892,00:26:27.824,Pressure,
,,,,,,,,,,,,,,,,,0.455168,,,,,,,,,,,3b320bf4-b800-4636-aa2f-d5afd0fb4f66,850,,"[40.7, 20.4]",3920389,26,,,,,,,,,,,,,,,,,,,,,,,,1,From Throw In,Mohamed Bayo,8454.0,Center Forward,43,Cameroon,2722,['7ec69529-21bc-4fc2-9e2d-6afada8b6dd8'],38,,,,,,,,,,,,,,,,,Guinea,4892,00:26:38.853,Pressure,
,,,,,,,,,,,,,,,,,0.315107,,,,,,,,,,,d82cbc60-b657-43a1-aced-60e9050b1096,872,,"[62.2, 45.5]",3920389,27,,,,,,,,,,,,,,,,,,,,,,,,1,From Throw In,Mory Konaté,35285.0,Right Defensive Midfield,43,Cameroon,2722,"['42524cf1-7fa7-4122-b541-21e8e1ae4617', '2fea4518-6657-42c6-8fbc-e679aba3efeb', '22cd9eda-f003-4832-ab22-0e83d4b156ca']",24,,,,,,,,,,,,,,,,,Guinea,4892,00:27:24.622,Pressure,
,,,,,,,,,,,,,,,,,0.576157,,,,,,,,,,,cb0c6f00-d157-4c16-a8e5-8aad011531ca,893,,"[20.6, 7.4]",3920389,28,,,,,,,,,,,,,,,,,,,,,,,,1,From Free Kick,Harold Moukoudi,7386.0,Left Center Back,45,Guinea,4892,"['2ae2c640-bbcb-4001-98fe-1579e56c7329', 'f0b9d6e6-a65b-4483-a27a-a14f29b783eb']",43,,,,,,,,,,,,,,,,,Cameroon,2722,00:28:43.016,Pressure,
,,,,,,,,,,,True,,,,,,0.432168,,,,,,,,,,,2d16cfb2-bcd3-4e2a-83df-7bc3a008d932,899,,"[102.9, 74.7]",3920389,28,,,,,,,,,,,,,,,,,,,,,,,,1,Regular Play,Aguibou Camara,39559.0,Center Attacking Midfield,46,Cameroon,2722,['09df9057-a1c6-4836-80de-521f2ecc5f47'],45,,,,,,,,,,,,,,,,,Guinea,4892,00:28:45.853,Pressure,
,,,,,,,,,,,,,,,,,0.472862,,,,,,,,,,,71cd95b5-b4d1-49d5-b43d-411bfa4bc6a4,906,,"[69.2, 74.5]",3920389,28,,,,,,,,,,,,,,,,,,,,,,,,1,Regular Play,Morgan Guilavogui,47351.0,Right Wing,46,Cameroon,2722,['5ecd6f45-1198-4d57-9705-537cdd53adca'],50,,,,,,,,,,,,,,,,,Guinea,4892,00:28:50.769,Pressure,
,,,,,,,,,,,,,,,,,0.316986,,,,,,,,,,,2bd67596-8a7b-42a2-84fb-243796126949,910,,"[48.2, 78.3]",3920389,28,,,,,,,,,,,,,,,,,,,,,,,,1,Regular Play,Morgan Guilavogui,47351.0,Right Wing,46,Cameroon,2722,['6b0ba9df-06ba-4db3-81b5-e829423b6a64'],52,,,,,,,,,,,,,,,,,Guinea,4892,00:28:52.698,Pressure,
,,,,,,,,,,,True,,,,,,2.97853,,,,,,,,,,,c5546a56-82d0-4bdc-97e2-99ead7a4f97f,915,,"[104.1, 10.4]",3920389,28,,,,,,,,,,,,,,,,,,,,,,,,1,Regular Play,Georges-Kévin Nkoudou Mbida,3639.0,Left Wing,46,Cameroon,2722,['62b940eb-bcd9-489a-bfb3-503652820279'],55,,,,,,,,,,,,,,,,,Cameroon,2722,00:28:55.729,Pressure,
,,,,,,,,,,,,,,,,,0.578115,,,,,,,,,,,48ea11d4-f5b8-4dfb-a32d-f582012df2e7,920,,"[35.7, 69.5]",3920389,29,,,,,,,,,,,,,,,,,,,,,,,,1,From Throw In,Aguibou Camara,39559.0,Center Attacking Midfield,47,Cameroon,2722,['4cbde834-8f7b-47c3-94de-9d21cead760d'],9,,,,,,,,,,,,,,,,,Guinea,4892,00:29:09.116,Pressure,
,,,,,,,,,,,,,,,,,2.137411,,,,,,,,,,,ad1dacc1-087a-4c1b-89ab-a212226eb01c,925,,"[18.1, 64.0]",3920389,29,,,,,,,,,,,,,,,,,,,,,,,,1,From Throw In,Antoine Conte,131849.0,Right Back,47,Cameroon,2722,"['78232f70-03dc-4936-81b9-d4be44e5aca4', '48e5b0e8-13bb-4419-9599-e19afd7fcaf2', '34cbc208-d024-4958-9c9b-25c39714ba99']",15,,,,,,,,,,,,,,,,,Guinea,4892,00:29:15.197,Pressure,
,,,,,,,,,,,True,,,,,,0.559706,,,,,,,,,,,efb52257-f7f1-4f62-a1d3-2704ad9535fe,931,,"[98.4, 7.4]",3920389,29,,,,,,,,,,,,,,,,,,,,,,,,1,From Throw In,Darlin Zidane Yongwa Ngameni,32190.0,Left Back,47,Cameroon,2722,"['f867fc41-f140-4fc1-9153-54025af5bc61', 'd192af9d-6080-456c-bce9-4314696b763a']",18,,,,,,,,,,,,,,,,,Cameroon,2722,00:29:18.749,Pressure,
,,,,,,,,,,,True,,,,,,2.528385,,,,,,,,,,,39025bbd-3743-4921-88e4-84c3edf84d85,933,,"[90.8, 26.7]",3920389,29,,,,,,,,,,,,,,,,,,,,,,,,1,From Throw In,Frank Magri,189348.0,Right Wing,47,Cameroon,2722,"['f5c2b90f-f0b8-41a4-b912-ccda9ebfbdf0', '21a181d8-0769-4b18-99fc-ebf17e05b3c9', '872df24f-e244-4f83-9099-5b345a01159f']",20,,,,,,,,,,,,,,,,,Cameroon,2722,00:29:20.509,Pressure,
,,,,,,,,,,,,,,,,,1.352068,,,,,,,,,,,5a0dac1f-4701-4499-8ede-9af3ac5e8642,950,,"[94.0, 73.1]",3920389,29,,,,,,,,,,,,,,,,,,,,,,,,1,From Throw In,Karl Brillant Toko Ekambi,3551.0,Center Forward,47,Cameroon,2722,"['608e1834-28eb-4f5c-a6c0-48469a57015d', '1d5b78dc-93bc-451f-9fb2-a0860282cda5']",33,,,,,,,,,,,,,,,,,Cameroon,2722,00:29:33.893,Pressure,
,,,,,,,,,,,True,,,,,,0.330425,,,,,,,,,,,979b577e-33f0-43d5-b0ae-b2c39b00f939,954,,"[91.9, 69.6]",3920389,29,,,,,,,,,,,,,,,,,,,,,,,,1,Regular Play,Karl Brillant Toko Ekambi,3551.0,Center Forward,48,Guinea,4892,"['f43feaa5-5a3f-4e0f-aed1-30ad5fbad3fe', 'a476d81f-0c7a-4d12-a042-f6d17450b141']",36,,,,,,,,,,,,,,,,,Cameroon,2722,00:29:36.398,Pressure,
,,,,,,,,,,,,,,,,,0.445175,,,,,,,,,,,248c6239-c7c0-4157-9e96-4f7b3a3295d0,965,,"[44.8, 67.3]",3920389,29,,,,,,,,,,,,,,,,,,,,,,,,1,Regular Play,Olivier Michel Kemen,7355.0,Center Defensive Midfield,48,Guinea,4892,['34430f90-fe6e-4c08-b851-8a38ede54c37'],43,,,,,,,,,,,,,,,,,Cameroon,2722,00:29:43.706,Pressure,
,,,,,,,,,,,,,,,,,0.326617,,,,,,,,,,,336f124d-081f-45ef-8dd6-7827aa8c6c52,996,,"[31.4, 63.6]",3920389,32,,,,,,,,,,,,,,,,,,,,,,,,1,From Goal Kick,Antoine Conte,131849.0,Right Back,49,Cameroon,2722,['bf862799-6b53-48cc-9521-8bded4d4ad6b'],30,,,,,,,,,,,,,,,,,Guinea,4892,00:32:30.850,Pressure,
,,,,,,,,,,,,,,,,,0.466278,,,,,,,,,,,a2768e4c-b69e-449b-813a-a962d13c194e,1005,,"[62.8, 46.1]",3920389,32,,,,,,,,,,,,,,,,,,,,,,,,1,Regular Play,André-Frank Zambo Anguissa,3141.0,Left Center Midfield,50,Guinea,4892,,38,,,,,,,,,,,,,,,,,Cameroon,2722,00:32:38.685,Pressure,
,,,,,,,,,,,,,,,,,0.654783,,,,,,,,,,,1b186030-3a47-44e3-931e-8337eb9f5d58,1015,,"[67.5, 70.6]",3920389,32,,,,,,,,,,,,,,,,,,,,,,,,1,Regular Play,Olivier Michel Kemen,7355.0,Center Defensive Midfield,50,Guinea,4892,['7ce44233-74af-40fa-8b9e-def3b73e68e7'],48,,,,,,,,,,,,,,,,,Cameroon,2722,00:32:48.058,Pressure,
,,,,,,,,,,,,,,,,,0.553491,,,,,,,,,,,7ae3f4a7-d802-41a1-9211-57d37aba0535,1019,,"[74.7, 68.8]",3920389,33,,,,,,,,,,,,,,,,,,,,,,,,1,From Throw In,Olivier Michel Kemen,7355.0,Center Defensive Midfield,51,Guinea,4892,,6,,,,,,,,,,,,,,,,,Cameroon,2722,00:33:06.955,Pressure,
,,,,,,,,,,,,,,,,,1.82755,,,,,,,,,,,1fcb85e6-5110-47d9-98ce-5c1c5fc53bd5,1022,,"[77.2, 63.1]",3920389,33,,,,,,,,,,,,,,,,,,,,,,,,1,From Throw In,André-Frank Zambo Anguissa,3141.0,Left Center Midfield,51,Guinea,4892,"['dce6ca02-152b-42bb-8e8a-b898f361cef3', '261df0bd-7fac-4b32-a844-6b6e22f15e3c']",8,,,,,,,,,,,,,,,,,Cameroon,2722,00:33:08.493,Pressure,
,,,,,,,,,,,,,,,,,0.773719,,,,,,,,,,,1818a7ea-3d07-4559-9e5b-199494c9d9f9,1075,,"[10.2, 70.2]",3920389,34,,,,,,,,,,,,,,,,,,,,,,,,1,Regular Play,Morgan Guilavogui,47351.0,Right Wing,53,Cameroon,2722,"['ac4bba40-049b-4e5f-b407-9dd9c851ebd4', 'bc0cd12c-7ab8-405a-b5a3-5e381efbd664']",21,,,,,,,,,,,,,,,,,Guinea,4892,00:34:21.892,Pressure,
,,,,,,,,,,,,,,,,,0.972249,,,,,,,,,,,d02ebef3-cf7a-43eb-b7df-bd3c1b34e702,1089,,"[104.4, 37.5]",3920389,35,,,,,,,,,,,,,,,,,,,,,,,,1,From Keeper,Georges-Kévin Nkoudou Mbida,3639.0,Left Wing,55,Guinea,4892,"['e290a97e-0dc6-4d42-94d3-17775c1b3371', '0513ca14-71ec-448f-ba0b-e7529cf03794']",48,,,,,,,,,,,,,,,,,Cameroon,2722,00:35:48.272,Pressure,
,,,,,,,,,,,,,,,,,0.763504,,,,,,,,,,,2163623c-eac0-4db7-bdfc-86cbe1b6441d,1093,,"[70.4, 7.5]",3920389,35,,,,,,,,,,,,,,,,,,,,,,,,1,From Keeper,Georges-Kévin Nkoudou Mbida,3639.0,Left Wing,55,Guinea,4892,"['d497cba1-cb3b-4939-b242-cadf630f2fd6', 'ea1f38c4-aed3-43f4-bb46-1f984a7b0344']",51,,,,,,,,,,,,,,,,,Cameroon,2722,00:35:51.879,Pressure,
,,,,,,,,,,,,,,,,,0.578557,,,,,,,,,,,9628f3ff-88cb-47a5-994a-b95003ebd8dc,1097,,"[52.2, 75.6]",3920389,35,,,,,,,,,,,,,,,,,,,,,,,,1,From Keeper,Antoine Conte,131849.0,Right Back,55,Guinea,4892,,53,,,,,,,,,,,,,,,,,Guinea,4892,00:35:53.304,Pressure,
,,,,,,,,,,,,,,,,,0.970177,,,,,,,,,,,668939c1-6c6f-44c7-b20e-c10d34770184,1101,,"[62.8, 12.4]",3920389,35,,,,,,,,,,,,,,,,,,,,,,,,1,From Throw In,Jules Olivier Ntcham,10530.0,Right Center Midfield,56,Guinea,4892,"['17472057-8814-4dc3-8d46-ee6f8de77224', '54a2cfdc-4bd8-4d17-b24a-9cc838b174d5']",58,,,,,,,,,,,,,,,,,Cameroon,2722,00:35:58.711,Pressure,
,,,,,,,,,,,True,,,,,,0.429869,,,,,,,,,,,d792c231-90df-45b2-9ff1-9fff813d1828,1112,,"[40.4, 18.8]",3920389,36,,,,,,,,,,,,,,,,,,,,,,,,1,From Free Kick,François Kamano,3405.0,Left Wing,57,Guinea,4892,['30544b6f-096c-4799-afa5-a80d16119da6'],12,,,,,,,,,,,,,,,,,Guinea,4892,00:36:12.646,Pressure,
,,,,,,,,,,,,,,,,,1.900548,,,,,,,,,,,1da3e5eb-1ea3-4e5f-9fac-c42e5b78081d,1120,,"[72.5, 23.9]",3920389,36,,,,,,,,,,,,,,,,,,,,,,,,1,From Free Kick,Darlin Zidane Yongwa Ngameni,32190.0,Left Back,57,Guinea,4892,"['07ea9a5a-bae2-4272-849f-7ecda1c9f40f', '2832fec3-c34c-4fd1-a854-9f259541f783']",20,,,,,,,,,,,,,,,,,Cameroon,2722,00:36:20.566,Pressure,
,,,,,,,,,,,True,,,,,,0.461651,,,,,,,,,,,18108497-6ca3-430f-a8a0-4d0ced9a834e,1127,,"[35.1, 60.0]",3920389,36,,,,,,,,,,,,,,,,,,,,,,,,1,From Free Kick,Moriba Kourouma Kourouma,39073.0,Left Defensive Midfield,57,Guinea,4892,['5cd17990-bba6-4121-84ec-b414be831f4c'],25,,,,,,,,,,,,,,,,,Guinea,4892,00:36:25.799,Pressure,
,,,,,,,,,,,True,,,,,,0.347082,,,,,,,,,,,2db2acba-5365-4fb4-a05c-bdd854c2dc21,1128,,"[30.3, 57.5]",3920389,36,,,,,,,,,,,,,,,,,,,,,,,,1,From Free Kick,Aguibou Camara,39559.0,Center Attacking Midfield,57,Guinea,4892,['6b942abd-a717-4b01-8df4-e68416ce07e4'],27,,,,,,,,,,,,,,,,,Guinea,4892,00:36:27.343,Pressure,
,,,,,,,,,,,,,,,,,0.863282,,,,,,,,,,,604dfea7-2c59-4705-ae6a-f5306cd3695d,1133,,"[102.3, 24.7]",3920389,36,,,,,,,,,,,,,,,,,,,,,,,,1,From Free Kick,André-Frank Zambo Anguissa,3141.0,Left Center Midfield,57,Guinea,4892,['ea4e596a-5639-4ddf-a1cd-84618228b93f'],28,,,,,,,,,,,,,,,,,Cameroon,2722,00:36:28.935,Pressure,
,,,,,,,,,,,,,,,,,1.531475,,,,,,,,,,,f8286d69-26f1-4cca-b6f8-9f655c3665d4,1144,,"[11.8, 64.1]",3920389,36,,,,,,,,,,,,,,,,,,,,,,,,1,Regular Play,Mouctar Diakhaby,4267.0,Right Center Back,58,Cameroon,2722,['2e1d5bad-9801-41fc-af8f-525c1c8905b8'],55,,,,,,,,,,,,,,,,,Guinea,4892,00:36:55.975,Pressure,
,,,,,,,,,,,True,,,,,,0.609269,,,,,,,,,,,bb1abcb9-7357-48fa-9288-efa5db753e76,1175,,"[41.7, 9.6]",3920389,38,,,,,,,,,,,,,,,,,,,,,,,,1,Regular Play,André-Frank Zambo Anguissa,3141.0,Left Center Midfield,61,Cameroon,2722,['30f642fd-f38d-48ec-8f6b-2fe689a02744'],39,,,,,,,,,,,,,,,,,Cameroon,2722,00:38:39.732,Pressure,
,,,,,,,,,,,,,,,,,0.3288,,,,,,,,,,,16034754-0d7c-41e3-a2fc-3cd7305be5d3,1183,,"[86.9, 71.6]",3920389,38,,,,,,,,,,,,,,,,,,,,,,,,1,Regular Play,Morgan Guilavogui,47351.0,Right Wing,61,Cameroon,2722,"['5d1deea9-c6be-4fa2-9150-e9799042cae4', 'ce133458-27a4-4319-8161-993f9f0bc7b7']",43,,,,,,,,,,,,,,,,,Guinea,4892,00:38:43.201,Pressure,
,,,,,,,,,,,,,,,,,3.005664,,,,,,,,,,,222167af-e649-4f53-b965-59b29f470374,1191,,"[45.8, 51.6]",3920389,38,,,,,,,,,,,,,,,,,,,,,,,,1,Regular Play,Moriba Kourouma Kourouma,39073.0,Left Defensive Midfield,61,Cameroon,2722,"['a3f3c364-245b-48a6-8c29-b994cbb21113', 'b42ff59c-2352-47fe-b2b3-c4378fdde3f4']",48,,,,,,,,,,,,,,,,,Guinea,4892,00:38:48.673,Pressure,
,,,,,,,,,,,True,,,,,,0.483199,,,,,,,,,,,a2cfc31f-25f6-4ea3-b5d8-06f1c0d47194,1206,,"[29.6, 68.0]",3920389,41,,,,,,,,,,,,,,,,,,,,,,,,1,Regular Play,Aguibou Camara,39559.0,Center Attacking Midfield,63,Cameroon,2722,['61d7ec0d-0e00-4501-be4b-f70586384f57'],4,,,,,,,,,,,,,,,,,Guinea,4892,00:41:04.868,Pressure,
,,,,,,,,,,,,,,,,,0.73919,,,,,,,,,,,18f8df88-a837-4dde-9ee9-4115fe4001cf,1211,,"[24.7, 24.9]",3920389,41,,,,,,,,,,,,,,,,,,,,,,,,1,Regular Play,Sekou Oumar Sylla,132711.0,Left Back,63,Cameroon,2722,"['e828afc9-f510-4d92-bc83-8fa59616ad80', 'ae05ae5c-becd-4ec9-a2ae-f3e6a3dd2f22']",12,,,,,,,,,,,,,,,,,Guinea,4892,00:41:12.311,Pressure,
,,,,,,,,,,,,,,,,,1.064482,,,,,,,,,,,15adac76-6777-44b3-91c2-38db69810377,1224,,"[85.8, 35.1]",3920389,41,,,,,,,,,,,,,,,,,,,,,,,,1,Regular Play,Jules Olivier Ntcham,10530.0,Right Center Midfield,63,Cameroon,2722,"['a693db4d-a970-46b4-be3b-782b5dca1fc6', '08f3da05-cf45-44f6-ba65-069b094cf12d']",21,,,,,,,,,,,,,,,,,Cameroon,2722,00:41:21.341,Pressure,
,,,,,,,,,,,True,,,,,,0.587206,,,,,,,,,,,79aac5b9-ebee-4d45-9920-fcc705c2de3e,1227,,"[85.0, 26.5]",3920389,41,,,,,,,,,,,,,,,,,,,,,,,,1,Regular Play,André-Frank Zambo Anguissa,3141.0,Left Center Midfield,64,Guinea,4892,['a693db4d-a970-46b4-be3b-782b5dca1fc6'],22,,,,,,,,,,,,,,,,,Cameroon,2722,00:41:22.918,Pressure,
,,,,,,,,,,,True,,,,,,1.432385,,,,,,,,,,,d7b6c044-b8f0-42cf-959d-39bad3231d9e,1231,,"[79.0, 26.0]",3920389,41,,,,,,,,,,,,,,,,,,,,,,,,1,Regular Play,André-Frank Zambo Anguissa,3141.0,Left Center Midfield,64,Guinea,4892,"['bfb8f940-2243-4e81-aa11-02a967d9f854', 'daf2c2be-50d9-4c35-bae0-533d7df65650']",24,,,,,,,,,,,,,,,,,Cameroon,2722,00:41:24.871,Pressure,
,,,,,,,,,,,,,,,,,0.579592,,,,,,,,,,,f88a0d28-251b-41d0-9af0-e996f144a4bd,1235,,"[62.2, 45.2]",3920389,41,,,,,,,,,,,,,,,,,,,,,,,,1,Regular Play,Christopher Wooh,74588.0,Right Center Back,64,Guinea,4892,['3930a0f5-ff5e-4b64-8eac-5adc12a6484c'],29,,,,,,,,,,,,,,,,,Cameroon,2722,00:41:29.082,Pressure,
,,,,,,,,,,,,,,,,,0.931864,,,,,,,,,,,419d587c-4358-4b71-aa88-40cb0681fc62,1259,,"[86.4, 72.6]",3920389,42,,,,,,,,,,,,,,,,,,,,,,,,1,From Goal Kick,Aguibou Camara,39559.0,Center Attacking Midfield,67,Guinea,4892,,55,,,,,,,,,,,,,,,,,Guinea,4892,00:42:55.919,Pressure,
,,,,,,,,,,,True,,,,,,0.57237,,,,,,,,,,,bdbfbb7d-b536-4241-b66a-7bf6e04e382e,1264,,"[104.7, 66.5]",3920389,42,,,,,,,,,,,,,,,,,,,,,,,,1,Regular Play,Aguibou Camara,39559.0,Center Attacking Midfield,68,Cameroon,2722,['076abbc8-80da-469d-8e10-1d40c08277cc'],59,,,,,,,,,,,,,,,,,Guinea,4892,00:42:59.698,Pressure,
,,,,,,,,,,,,,,,,,0.159999,,,,,,,,,,,562bd053-ceca-4284-b981-b56c9ba63b4f,1287,,"[35.7, 20.9]",3920389,43,,,,,,,,,,,,,,,,,,,,,,,,1,Regular Play,Julian Jeanvier,7360.0,Left Center Back,68,Cameroon,2722,"['7f05026b-14b3-405d-8b37-3a988326d62b', '23ea44d0-475e-4606-8aea-817b314daef7']",27,,,,,,,,,,,,,,,,,Guinea,4892,00:43:27.875,Pressure,
,,,,,,,,,,,True,,,,,,1.129598,,,,,,,,,,,4db39bf2-121c-43ae-b5f6-ed1a257f8726,1311,,"[80.3, 67.6]",3920389,44,,,,,,,,,,,,,,,,,,,,,,,,1,Regular Play,Antoine Conte,131849.0,Right Back,71,Cameroon,2722,['c3de6391-8a57-48ef-a84f-8e70b68b8401'],41,,,,,,,,,,,,,,,,,Guinea,4892,00:44:41.586,Pressure,
,,,,,,,,,,,,,,,,,1.692108,,,,,,,,,,,f3e05956-3d62-43c9-9686-8f06135dc52e,1315,,"[59.8, 22.9]",3920389,44,,,,,,,,,,,,,,,,,,,,,,,,1,Regular Play,François Kamano,3405.0,Left Wing,71,Cameroon,2722,['06008590-420d-493b-90a1-46bc432d50ab'],47,,,,,,,,,,,,,,,,,Guinea,4892,00:44:47.374,Pressure,
,,,,,,,,,,,,,,,,,0.385126,,,,,,,,,,,7e8a42ff-8549-41e7-ac60-b49732cdf15f,1324,,"[21.8, 69.0]",3920389,49,,,,,,,,,,,,,,,,,,,,,,,,1,From Free Kick,Mory Konaté,35285.0,Right Defensive Midfield,72,Cameroon,2722,['3a75c8a4-1866-4ee4-9412-462abc6a9798'],2,,,,,,,,,,,,,,,,,Guinea,4892,00:49:02.806,Pressure,
,,,,,,,,,,,,,,,,,1.352151,,,,,,,,,,,ec8a6a7c-83a5-4e98-9661-9357a541c0b8,1334,,"[66.7, 73.7]",3920389,50,,,,,,,,,,,,,,,,,,,,,,,,1,From Keeper,Frank Magri,189348.0,Right Wing,74,Guinea,4892,['9a5cafb7-2f4e-4851-9412-f7233098133b'],40,,,,,,,,,,,,,,,,,Cameroon,2722,00:50:40.250,Pressure,
,,,,,,,,,,,,,,,,,1.180147,,,,,,,,,,,9c8b7df3-9160-41b5-a5d6-2e6807c26696,1348,,"[56.3, 40.6]",3920389,45,,,,,,,,,,,,,,,,,,,,,,,,2,From Kick Off,Olivier Michel Kemen,7355.0,Center Attacking Midfield,76,Guinea,4892,"['3b92bea7-0550-499f-ad6c-22bbc3702eb6', '19b7c083-b6de-49e1-99a8-8e5b95bfbce5']",3,,,,,,,,,,,,,,,,,Cameroon,2722,00:00:03.049,Pressure,
,,,,,,,,,,,,,,,,,0.349306,,,,,,,,,,,02470127-0e0c-4d81-92b9-535fa32fdbbe,1350,,"[40.9, 34.5]",3920389,45,,,,,,,,,,,,,,,,,,,,,,,,2,From Kick Off,Harold Moukoudi,7386.0,Left Center Back,76,Guinea,4892,,4,,,,,,,,,,,,,,,,,Cameroon,2722,00:00:04.764,Pressure,
,,,,,,,,,,,,,,,,,0.540158,,,,,,,,,,,8a6cb63e-8a17-4efc-a16a-75f8a679e5a2,1379,,"[35.4, 58.4]",3920389,45,,,,,,,,,,,,,,,,,,,,,,,,2,From Throw In,Mory Konaté,35285.0,Left Defensive Midfield,77,Cameroon,2722,,42,,,,,,,,,,,,,,,,,Guinea,4892,00:00:42.158,Pressure,
,,,,,,,,,,,,,,,,,0.718534,,,,,,,,,,,722a9fac-579f-42df-9b4e-b506325bba99,1383,,"[9.5, 69.1]",3920389,45,,,,,,,,,,,,,,,,,,,,,,,,2,From Throw In,Antoine Conte,131849.0,Right Back,77,Cameroon,2722,"['97efc6d4-0769-4426-9fe8-bfe531b420c7', 'b8dc21f0-c4de-4e6e-a7bc-bbec1f2321f2']",45,,,,,,,,,,,,,,,,,Guinea,4892,00:00:45.679,Pressure,
,,,,,,,,,,,True,,,,,,0.680505,,,,,,,,,,,2b7a5af1-f9c1-4529-8958-6c8333f39c3f,1399,,"[68.9, 71.4]",3920389,46,,,,,,,,,,,,,,,,,,,,,,,,2,Regular Play,Morgan Guilavogui,47351.0,Right Midfield,79,Cameroon,2722,"['00da2aab-f417-4bb9-8c43-a31ac7280d05', '9988841c-639b-46cd-a06f-05578db4d021']",28,,,,,,,,,,,,,,,,,Guinea,4892,00:01:28.798,Pressure,
,,,,,,,,,,,True,,,,,,0.438735,,,,,,,,,,,95c3779f-9f36-46e5-bc2a-385c75b5b491,1400,,"[63.4, 74.4]",3920389,46,,,,,,,,,,,,,,,,,,,,,,,,2,Regular Play,Mohamed Bayo,8454.0,Center Forward,79,Cameroon,2722,['9988841c-639b-46cd-a06f-05578db4d021'],29,,,,,,,,,,,,,,,,,Guinea,4892,00:01:29.002,Pressure,
,,,,,,,,,,,,,,,,,2.614682,,,,,,,,,,,107b8534-6a06-4f19-8e11-5dc56b8f255a,1410,,"[21.2, 3.0]",3920389,46,,,,,,,,,,,,,,,,,,,,,,,,2,From Free Kick,Aguibou Camara,39559.0,Left Midfield,80,Cameroon,2722,"['8d141138-49ef-4982-b05d-532733981012', 'b7817110-cd74-4f8b-a32a-5e69e8b15f52']",55,,,,,,,,,,,,,,,,,Guinea,4892,00:01:55.817,Pressure,
,,,,,,,,,,,,,,,,,0.805304,,,,,,,,,,,39d30222-2544-4b9f-a301-a051cec997ec,1420,,"[21.7, 53.1]",3920389,47,,,,,,,,,,,,,,,,,,,,,,,,2,From Free Kick,Mouctar Diakhaby,4267.0,Right Center Back,80,Cameroon,2722,['afb0577d-3fe9-4870-b58a-a7aca6d5cfda'],11,,,,,,,,,,,,,,,,,Guinea,4892,00:02:11.528,Pressure,
,,,,,,,,,,,,,,,,,0.381407,,,,,,,,,,,a72880ef-ea46-4e1c-adf0-db6380d50a44,1421,,"[25.4, 56.7]",3920389,47,,,,,,,,,,,,,,,,,,,,,,,,2,From Free Kick,Morgan Guilavogui,47351.0,Right Midfield,80,Cameroon,2722,,12,,,,,,,,,,,,,,,,,Guinea,4892,00:02:12.686,Pressure,
,,,,,,,,,,,,,,,,,0.4808,,,,,,,,,,,dd064c48-8ec4-4f8c-b065-298a9447e9eb,1425,,"[19.7, 69.9]",3920389,47,,,,,,,,,,,,,,,,,,,,,,,,2,From Free Kick,Morgan Guilavogui,47351.0,Right Midfield,80,Cameroon,2722,"['879975d9-6929-484e-bdb0-1144cdc398b2', 'fbadb582-830f-4232-9261-77bf521c98ad']",17,,,,,,,,,,,,,,,,,Guinea,4892,00:02:17.573,Pressure,
,,,,,,,,,,,,,,,,,0.440597,,,,,,,,,,,950675fa-682f-45ed-83d9-0aabc1cd1b1f,1434,,"[81.2, 54.8]",3920389,47,,,,,,,,,,,,,,,,,,,,,,,,2,From Throw In,Jules Olivier Ntcham,10530.0,Right Defensive Midfield,81,Cameroon,2722,,30,,,,,,,,,,,,,,,,,Cameroon,2722,00:02:30.770,Pressure,
,,,,,,,,,,,,,,,,,0.524784,,,,,,,,,,,73ceb5d0-eab4-4589-a78a-a7a9d8a3a18d,1484,,"[43.2, 73.8]",3920389,48,,,,,,,,,,,,,,,,,,,,,,,,2,From Throw In,Morgan Guilavogui,47351.0,Right Midfield,83,Cameroon,2722,"['e5517249-a840-4f94-adce-d7487a078a19', '16b0a33d-9768-4772-abd2-cd5394228c50']",33,,,,,,,,,,,,,,,,,Guinea,4892,00:03:33.770,Pressure,
,,,,,,,,,,,,,,,,,1.099804,,,,,,,,,,,c59c0e1e-f227-43fe-8275-bda6b926421a,1494,,"[17.9, 4.4]",3920389,48,,,,,,,,,,,,,,,,,,,,,,,,2,From Throw In,Aguibou Camara,39559.0,Left Midfield,83,Cameroon,2722,"['cf54f5f2-3e76-494d-8611-77101ac1afd0', 'df189c5f-ec4d-4db8-ad85-a121dd87cfb0']",44,,,,,,,,,,,,,,,,,Guinea,4892,00:03:44.880,Pressure,
,,,,,,,,,,,True,,,,,,0.611148,,,,,,,,,,,fd188a33-7761-4175-975e-b00bf06a1a84,1514,,"[88.6, 41.2]",3920389,49,,,,,,,,,,,,,,,,,,,,,,,,2,From Corner,Olivier Michel Kemen,7355.0,Center Attacking Midfield,84,Cameroon,2722,['06565520-76bf-4b0e-b848-5c0bc1f610aa'],23,,,,,,,,,,,,,,,,,Cameroon,2722,00:04:23.220,Pressure,
,,,,,,,,,,,True,,,,,,0.390011,,,,,,,,,,,eea812db-65d1-434b-a3da-d359ebc280cf,1516,,"[85.3, 36.0]",3920389,49,,,,,,,,,,,,,,,,,,,,,,,,2,From Corner,Olivier Michel Kemen,7355.0,Center Attacking Midfield,84,Cameroon,2722,"['933c2b1c-96f2-4c74-838c-979d71eacc47', '8d050646-415f-47de-b451-da6e9ea998a5']",24,,,,,,,,,,,,,,,,,Cameroon,2722,00:04:24.438,Pressure,
,,,,,,,,,,,,,,,,,0.958956,,,,,,,,,,,7f77382b-6ab2-4643-8077-39479b21fb2a,1520,,"[64.8, 44.4]",3920389,49,,,,,,,,,,,,,,,,,,,,,,,,2,From Corner,Mohamed Bayo,8454.0,Center Forward,84,Cameroon,2722,['73e80ab9-c1a3-4744-a034-847d54ea1a8d'],26,,,,,,,,,,,,,,,,,Guinea,4892,00:04:26.965,Pressure,
,,,,,,,,,,,,,,,,,0.696663,,,,,,,,,,,5ccca7bc-3aa9-4526-b97b-dab9f28b7907,1534,,"[33.2, 1.9]",3920389,49,,,,,,,,,,,,,,,,,,,,,,,,2,From Corner,Aguibou Camara,39559.0,Left Midfield,84,Cameroon,2722,['9638214b-fc84-4d4b-806b-92d192ca4099'],46,,,,,,,,,,,,,,,,,Guinea,4892,00:04:46.738,Pressure,
,,,,,,,,,,,,,,,,,0.590182,,,,,,,,,,,67d8f0fd-da08-4bd2-a063-3d8544d9e3e6,1541,,"[31.5, 49.2]",3920389,49,,,,,,,,,,,,,,,,,,,,,,,,2,From Corner,Moriba Kourouma Kourouma,39073.0,Right Defensive Midfield,84,Cameroon,2722,"['7dc6afad-a698-47ee-ac28-d1914bc87f7d', 'd21ca435-2ffb-40f5-b0d6-37f68d58f0ca']",57,,,,,,,,,,,,,,,,,Guinea,4892,00:04:57.858,Pressure,
,,,,,,,,,,,,,,,,,1.022601,,,,,,,,,,,1a80adba-dbee-4f2c-b6b8-37febde0fb62,1557,,"[28.9, 65.2]",3920389,51,,,,,,,,,,,,,,,,,,,,,,,,2,Regular Play,Antoine Conte,131849.0,Right Back,86,Cameroon,2722,['7bd10b3f-042b-4a76-8ee3-d1bf7de0acdf'],32,,,,,,,,,,,,,,,,,Guinea,4892,00:06:32.913,Pressure,
,,,,,,,,,,,,,,,,,3.097411,,,,,,,,,,,1ba73f89-b390-40a6-8cc6-85d3734df53c,1558,,"[13.4, 70.3]",3920389,51,,,,,,,,,,,,,,,,,,,,,,,,2,Regular Play,Moriba Kourouma Kourouma,39073.0,Right Defensive Midfield,86,Cameroon,2722,,35,,,,,,,,,,,,,,,,,Guinea,4892,00:06:35.077,Pressure,
,,,,,,,,,,,,,,,,,0.400962,,,,,,,,,,,c518fe68-1a6b-4c88-ac41-32c15167de39,1560,,"[11.8, 75.8]",3920389,51,,,,,,,,,,,,,,,,,,,,,,,,2,Regular Play,Antoine Conte,131849.0,Right Back,86,Cameroon,2722,"['65a6cc08-8fb2-44cb-b8d4-ef4b4dd15d10', 'd833dbf8-45be-4613-ad69-d4b42e90bc4a']",38,,,,,,,,,,,,,,,,,Guinea,4892,00:06:38.620,Pressure,
,,,,,,,,,,,,,,,,,0.816952,,,,,,,,,,,e0cbe529-dda2-4ad9-af64-a2f3c36f46f4,1622,,"[12.8, 5.6]",3920389,53,,,,,,,,,,,,,,,,,,,,,,,,2,From Throw In,Aguibou Camara,39559.0,Left Midfield,90,Cameroon,2722,"['23b97a94-08c1-4705-9e2f-7bd3dd6acb8a', 'acecb4af-52ff-4e0f-ae0f-b1f58bb27429']",20,,,,,,,,,,,,,,,,,Guinea,4892,00:08:20.281,Pressure,
,,,,,,,,,,,,,,,,,0.280599,,,,,,,,,,,78a273ca-c254-42b4-b501-1857442081e2,1644,,"[25.0, 26.4]",3920389,53,,,,,,,,,,,,,,,,,,,,,,,,2,From Throw In,Julian Jeanvier,7360.0,Left Center Back,90,Cameroon,2722,"['c6029671-1c2a-4884-bf23-76b2f2ace0e2', '5d62e4f9-3cf5-480f-a9e0-f44301b43bfd']",46,,,,,,,,,,,,,,,,,Guinea,4892,00:08:46.248,Pressure,
,,,,,,,,,,,,,,,,,0.534234,,,,,,,,,,,30ba664a-04fe-4a7e-8510-2a0241b2502a,1656,,"[74.2, 54.7]",3920389,56,,,,,,,,,,,,,,,,,,,,,,,,2,From Goal Kick,Moriba Kourouma Kourouma,39073.0,Right Defensive Midfield,92,Guinea,4892,,16,,,,,,,,,,,,,,,,,Guinea,4892,00:11:16.148,Pressure,
,,,,,,,,,,,,,,,,,0.646884,,,,,,,,,,,94e35e79-1d8b-4692-8a86-ecfc1075e4bf,1666,,"[108.7, 55.4]",3920389,56,,,,,,,,,,,,,,,,,,,,,,,,2,From Goal Kick,Karl Brillant Toko Ekambi,3551.0,Center Forward,92,Guinea,4892,['3e1235b4-6399-4694-89fe-6dbdf0e64fdf'],24,,,,,,,,,,,,,,,,,Cameroon,2722,00:11:24.024,Pressure,
,,,,,,,,,,,True,,,,,,1.204546,,,,,,,,,,,8fb1488c-f18c-46b9-bc72-51944b9d4b5a,1671,,"[38.9, 11.7]",3920389,56,,,,,,,,,,,,,,,,,,,,,,,,2,From Goal Kick,Sekou Oumar Sylla,132711.0,Left Back,92,Guinea,4892,"['df3db446-869f-44dc-967d-9c317d909bfe', '7689cf78-ac56-476f-8c64-573641b5085c']",26,,,,,,,,,,,,,,,,,Guinea,4892,00:11:26.217,Pressure,
,,,,,,,,,,,,,,,,,1.219612,,,,,,,,,,,c34a9cc5-61a8-41e9-837a-b3c2963ef613,1676,,"[87.9, 65.1]",3920389,56,,,,,,,,,,,,,,,,,,,,,,,,2,From Goal Kick,Frank Magri,189348.0,Right Wing,92,Guinea,4892,"['b8b76c59-d50b-40f1-adda-0330b54e8895', 'c617c554-f871-4ead-a7b5-2e12c5b97b60', '7bb13033-7fdf-457a-9d81-5dd5a293b293']",29,,,,,,,,,,,,,,,,,Cameroon,2722,00:11:29.115,Pressure,
,,,,,,,,,,,,,,,,,0.811884,,,,,,,,,,,b0a429e0-94b4-474f-a875-aeb33d85095e,1685,,"[81.5, 59.6]",3920389,56,,,,,,,,,,,,,,,,,,,,,,,,2,From Goal Kick,André-Frank Zambo Anguissa,3141.0,Left Defensive Midfield,92,Guinea,4892,['c5abd920-84f4-4471-b71b-faef0a1abb9e'],33,,,,,,,,,,,,,,,,,Cameroon,2722,00:11:33.275,Pressure,
,,,,,,,,,,,,,,,,,0.52426,,,,,,,,,,,ccd6c602-d29f-476d-b3c6-4f4788689315,1691,,"[76.1, 60.7]",3920389,56,,,,,,,,,,,,,,,,,,,,,,,,2,From Free Kick,Olivier Michel Kemen,7355.0,Center Attacking Midfield,93,Guinea,4892,,57,,,,,,,,,,,,,,,,,Cameroon,2722,00:11:57.499,Pressure,
,,,,,,,,,,,,,,,,,0.490889,,,,,,,,,,,1897d802-859f-4d18-86b6-5789ec3c9a8d,1693,,"[98.9, 55.2]",3920389,57,,,,,,,,,,,,,,,,,,,,,,,,2,From Free Kick,Olivier Michel Kemen,7355.0,Center Attacking Midfield,93,Guinea,4892,"['d385e545-18bb-476e-a57e-dcb9393c4d2e', '79d7fc5a-ad36-497f-ab1b-7d36721724df']",0,,,,,,,,,,,,,,,,,Cameroon,2722,00:12:00.781,Pressure,
,,,,,,,,,,,,,,,,,0.470757,,,,,,,,,,,80e695bc-4e9c-49a9-9a32-aa70c30293d5,1725,,"[73.4, 16.6]",3920389,60,,,,,,,,,,,,,,,,,,,,,,,,2,From Goal Kick,Moriba Kourouma Kourouma,39073.0,Right Defensive Midfield,96,Guinea,4892,['141206ff-8d48-4e68-a353-48a29ce69bde'],6,,,,,,,,,,,,,,,,,Guinea,4892,00:15:06.403,Pressure,
,,,,,,,,,,,True,,,,,,0.429514,,,,,,,,,,,f6c6fd3b-f9b0-4be0-b509-90cef9ff17c1,1753,,"[88.4, 52.1]",3920389,60,,,,,,,,,,,,,,,,,,,,,,,,2,Regular Play,Frank Magri,189348.0,Right Wing,99,Guinea,4892,"['9a26f00e-cd3a-4243-86da-5c4ba9356670', 'cbeb5edd-466b-4e59-b213-788f43f7edb4', '11f7f537-c52f-4c2c-b5b4-5822faf6486f']",43,,,,,,,,,,,,,,,,,Cameroon,2722,00:15:43.843,Pressure,
,,,,,,,,,,,,,,,,,0.62249,,,,,,,,,,,10d1e3de-3530-4061-8ada-672c452f8f1f,1766,,"[19.7, 8.5]",3920389,60,,,,,,,,,,,,,,,,,,,,,,,,2,Regular Play,Facinet Conte,406457.0,Left Midfield,100,Cameroon,2722,['0f414b64-fb73-4d91-bd83-7f424ed95aae'],53,,,,,,,,,,,,,,,,,Guinea,4892,00:15:53.450,Pressure,
,,,,,,,,,,,,,,,,,0.54702,,,,,,,,,,,36e3219e-c069-4b6e-b59b-bdb2de884238,1770,,"[12.0, 11.0]",3920389,60,,,,,,,,,,,,,,,,,,,,,,,,2,Regular Play,Sekou Oumar Sylla,132711.0,Left Back,100,Cameroon,2722,['cbb6711f-b69f-47e7-aea3-a34fee29093a'],54,,,,,,,,,,,,,,,,,Guinea,4892,00:15:54.803,Pressure,
,,,,,,,,,,,True,,,,,,0.659425,,,,,,,,,,,b93d2a32-5f97-488d-b409-8d63c367614d,1775,,"[108.9, 75.9]",3920389,60,,,,,,,,,,,,,,,,,,,,,,,,2,Regular Play,Frank Magri,189348.0,Right Wing,101,Guinea,4892,"['e3c5aa67-8bd7-4d5b-a7f8-19ca3800dde0', '045e2e53-b134-4839-9eb5-f61b528db86f']",58,,,,,,,,,,,,,,,,,Cameroon,2722,00:15:58.102,Pressure,
,,,,,,,,,,,,,,,,,1.619976,,,,,,,,,,,a9f59f1c-54e4-4a3b-bdd9-36b0a84ba69b,1782,,"[82.0, 69.0]",3920389,61,,,,,,,,,,,,,,,,,,,,,,,,2,Regular Play,Christopher Wooh,74588.0,Right Center Back,101,Guinea,4892,"['17242143-c2b1-4004-998b-eff9e3c993c2', '2f378f72-3eac-49f3-bcc8-74b709b0083a']",1,,,,,,,,,,,,,,,,,Cameroon,2722,00:16:01.482,Pressure,
,,,,,,,,,,,,,,,,,0.356008,,,,,,,,,,,b785fd32-aee9-4953-9211-4b81d3bcfc66,1786,,"[78.3, 43.2]",3920389,61,,,,,,,,,,,,,,,,,,,,,,,,2,Regular Play,Darlin Zidane Yongwa Ngameni,32190.0,Left Back,101,Guinea,4892,"['df79e717-6b3b-4214-87f8-7408870ba66d', 'bc2764db-b9c2-4e02-8604-f5385f5e051e']",4,,,,,,,,,,,,,,,,,Cameroon,2722,00:16:04.469,Pressure,
,,,,,,,,,,,,,,,,,0.456849,,,,,,,,,,,2ef7a13a-43a3-4651-880c-f5034d8672ca,1793,,"[45.9, 29.8]",3920389,61,,,,,,,,,,,,,,,,,,,,,,,,2,Regular Play,Harold Moukoudi,7386.0,Left Center Back,101,Guinea,4892,,8,,,,,,,,,,,,,,,,,Cameroon,2722,00:16:08.496,Pressure,
,,,,,,,,,,,True,,,,,,0.50926,,,,,,,,,,,83e702f4-3513-4f4d-98ec-22249e7a44aa,1801,,"[91.8, 51.3]",3920389,62,,,,,,,,,,,,,,,,,,,,,,,,2,Regular Play,Aguibou Camara,39559.0,Right Midfield,103,Cameroon,2722,"['f449224d-f298-4c67-a840-9ae822634309', 'fa952d6b-aab6-4569-aafd-4c1614134fc7']",33,,,,,,,,,,,,,,,,,Guinea,4892,00:17:33.567,Pressure,
,,,,,,,,,,,True,,,,,,0.487216,,,,,,,,,,,1f3fd804-f59e-46e0-8d14-99d65d929f7d,1803,,"[81.4, 43.6]",3920389,62,,,,,,,,,,,,,,,,,,,,,,,,2,Regular Play,Mouctar Diakhaby,4267.0,Right Center Back,103,Cameroon,2722,"['da6eeb75-8611-4141-8527-7ce00db31f00', '21d3ab31-d634-466d-b713-87228312af13']",34,,,,,,,,,,,,,,,,,Guinea,4892,00:17:34.908,Pressure,
,,,,,,,,,,,True,,,,,,0.325691,,,,,,,,,,,978d0377-dbcb-4ee4-8642-168105c11fa0,1804,,"[78.7, 48.3]",3920389,62,,,,,,,,,,,,,,,,,,,,,,,,2,Regular Play,Moriba Kourouma Kourouma,39073.0,Right Defensive Midfield,103,Cameroon,2722,"['21d3ab31-d634-466d-b713-87228312af13', 'da6eeb75-8611-4141-8527-7ce00db31f00']",35,,,,,,,,,,,,,,,,,Guinea,4892,00:17:35.050,Pressure,
,,,,,,,,,,,,,,,,,1.629171,,,,,,,,,,,44b7a5d4-017f-46da-9d05-839a9cf501fb,1819,,"[110.8, 4.6]",3920389,63,,,,,,,,,,,,,,,,,,,,,,,,2,From Free Kick,Georges-Kévin Nkoudou Mbida,3639.0,Left Wing,104,Cameroon,2722,"['f20b2f96-a315-4426-85a5-8f4cd9b7f8a9', 'd07b62ab-5cb3-45c7-b87d-84490699011b', 'da61544c-0717-4c9b-bfb2-4a829fd351bf']",59,,,,,,,,,,,,,,,,,Cameroon,2722,00:18:59.015,Pressure,
,,,,,,,,,,,,,,,,,0.674249,,,,,,,,,,,747d441f-6def-4d99-85ea-97b5f6631665,1834,,"[80.9, 61.2]",3920389,64,,,,,,,,,,,,,,,,,,,,,,,,2,Regular Play,Karl Brillant Toko Ekambi,3551.0,Center Forward,106,Cameroon,2722,['66c7ef7f-3e42-41ae-98b7-5fe3a53583fe'],49,,,,,,,,,,,,,,,,,Cameroon,2722,00:19:49.089,Pressure,
,,,,,,,,,,,,,,,,,0.503382,,,,,,,,,,,af580b0a-136e-4aea-9ea4-d9fdafe35c8a,1850,,"[80.4, 72.8]",3920389,65,,,,,,,,,,,,,,,,,,,,,,,,2,From Throw In,Moriba Kourouma Kourouma,39073.0,Right Defensive Midfield,108,Guinea,4892,['f9715b07-02ef-44cf-a3a7-3666c756e04b'],31,,,,,,,,,,,,,,,,,Guinea,4892,00:20:31.830,Pressure,
,,,,,,,,,,,True,,,,,,1.496201,,,,,,,,,,,3e275e7d-743e-4ddc-8e85-cc2958fa4030,1852,,"[67.3, 67.5]",3920389,65,,,,,,,,,,,,,,,,,,,,,,,,2,Regular Play,Mory Konaté,35285.0,Left Defensive Midfield,109,Cameroon,2722,"['93313b9d-f8c1-46ad-9f0f-78b2f1b47eac', 'fbb20a28-9c77-43e2-8c8e-4ad06a7929a5', '2ccedca9-1962-4285-960a-0a2d17fccfd5', '1b8a267b-ce5b-4abb-a05b-fbf8b4fe88c8']",33,,,,,,,,,,,,,,,,,Guinea,4892,00:20:33.731,Pressure,
,,,,,,,,,,,True,,,,,,0.353159,,,,,,,,,,,d9e63dda-bce7-49d0-aee6-02d86d1e8f24,1858,,"[76.5, 68.5]",3920389,65,,,,,,,,,,,,,,,,,,,,,,,,2,Regular Play,Aguibou Camara,39559.0,Right Midfield,109,Cameroon,2722,"['f938b0e0-5b07-4c5a-9bfa-57b05356a1d2', 'fbb20a28-9c77-43e2-8c8e-4ad06a7929a5']",35,,,,,,,,,,,,,,,,,Guinea,4892,00:20:35.609,Pressure,
,,,,,,,,,,,,,,,,,0.677543,,,,,,,,,,,36b148aa-b4a7-4021-9317-dcb9bd20998a,1868,,"[43.9, 55.2]",3920389,65,,,,,,,,,,,,,,,,,,,,,,,,2,Regular Play,Mohamed Bayo,8454.0,Center Forward,109,Cameroon,2722,"['c05696f6-91e4-4fc5-a920-c86b5861247a', 'be159e63-0fdb-4002-9039-2bb2b38abf45']",49,,,,,,,,,,,,,,,,,Guinea,4892,00:20:49.718,Pressure,
,,,,,,,,,,,,,,,,,0.624191,,,,,,,,,,,571553fe-b7c3-4b2d-8e89-c5ef64598c39,1898,,"[54.3, 3.8]",3920389,67,,,,,,,,,,,,,,,,,,,,,,,,2,From Throw In,Facinet Conte,406457.0,Left Midfield,111,Cameroon,2722,['6eeddb9f-99f1-4693-9c89-af43f79c9c33'],10,,,,,,,,,,,,,,,,,Guinea,4892,00:22:10.765,Pressure,
,,,,,,,,,,,,,,,,,0.473805,,,,,,,,,,,d871edd6-df9a-4d3b-9679-3c63befee033,1900,,"[71.4, 7.5]",3920389,67,,,,,,,,,,,,,,,,,,,,,,,,2,From Throw In,Facinet Conte,406457.0,Left Midfield,111,Cameroon,2722,"['d6e700cb-4424-41e2-98b6-0e171967e10f', '5f57f146-7755-4930-993d-a88c403b3798']",13,,,,,,,,,,,,,,,,,Guinea,4892,00:22:13.504,Pressure,
,,,,,,,,,,,,,,,,,0.467581,,,,,,,,,,,4805a6e7-e9f3-4cf2-bd04-49ea8bb8b39b,1906,,"[55.9, 72.6]",3920389,67,,,,,,,,,,,,,,,,,,,,,,,,2,From Throw In,André-Frank Zambo Anguissa,3141.0,Left Defensive Midfield,112,Guinea,4892,,38,,,,,,,,,,,,,,,,,Cameroon,2722,00:22:38.260,Pressure,
,,,,,,,,,,,,,,,,,0.354852,,,,,,,,,,,2f9dcf80-c9a2-4efd-a6f7-8847e5d79ef6,1910,,"[63.1, 76.5]",3920389,67,,,,,,,,,,,,,,,,,,,,,,,,2,From Throw In,André-Frank Zambo Anguissa,3141.0,Left Defensive Midfield,112,Guinea,4892,"['82b72caf-5932-4a98-ae9b-d4c601e1c598', '737e627c-d876-4987-bcf5-298024f5de11']",39,,,,,,,,,,,,,,,,,Cameroon,2722,00:22:39.437,Pressure,
,,,,,,,,,,,,,,,,,0.457283,,,,,,,,,,,43d7323f-eaf1-4c39-a967-102c711d1f6c,1916,,"[53.4, 72.0]",3920389,67,,,,,,,,,,,,,,,,,,,,,,,,2,From Throw In,André-Frank Zambo Anguissa,3141.0,Left Defensive Midfield,113,Guinea,4892,"['a29d857a-0847-47dc-85aa-e32b275430b8', 'b185565d-343b-43d4-aed7-e78182433d8e']",50,,,,,,,,,,,,,,,,,Cameroon,2722,00:22:50.009,Pressure,
,,,,,,,,,,,,,,,,,1.572969,,,,,,,,,,,edab8d8c-9147-41c0-8232-7b7aa185bc4a,1926,,"[53.7, 5.7]",3920389,68,,,,,,,,,,,,,,,,,,,,,,,,2,From Free Kick,Georges-Kévin Nkoudou Mbida,3639.0,Left Wing,114,Guinea,4892,['1a43d73f-dda3-446d-82a7-d6780368c81b'],3,,,,,,,,,,,,,,,,,Cameroon,2722,00:23:03.820,Pressure,
,,,,,,,,,,,,,,,,,0.408681,,,,,,,,,,,ab1a0cfb-187e-4fba-9688-984e3e063c65,1940,,"[79.2, 19.6]",3920389,68,,,,,,,,,,,,,,,,,,,,,,,,2,From Free Kick,Karl Brillant Toko Ekambi,3551.0,Center Forward,114,Guinea,4892,"['eebe9b1f-c8a1-4f1c-8239-9e967a225639', '51571538-d59b-4b23-8a2a-f64138fd828b']",20,,,,,,,,,,,,,,,,,Cameroon,2722,00:23:20.136,Pressure,
,,,,,,,,,,,True,,,,,,0.890302,,,,,,,,,,,cc6814ed-43cb-462c-a96d-7494879763a7,1947,,"[67.3, 42.7]",3920389,68,,,,,,,,,,,,,,,,,,,,,,,,2,Regular Play,Mohamed Bayo,8454.0,Center Forward,115,Cameroon,2722,['4ac43550-d33f-49fa-b0f9-a4df5333297c'],22,,,,,,,,,,,,,,,,,Guinea,4892,00:23:22.907,Pressure,
,,,,,,,,,,,,,,,,,0.784426,,,,,,,,,,,744fc3cf-97a0-444a-86ed-fa7b8c792fc0,1966,,"[49.8, 78.8]",3920389,70,,,,,,,,,,,,,,,,,,,,,,,,2,From Throw In,Frank Magri,189348.0,Right Wing,118,Guinea,4892,"['2e5f0301-6652-4613-b8ad-503e75c72bb4', '22344e53-7f37-46c7-a6d2-9dc13ef75bc8']",20,,,,,,,,,,,,,,,,,Cameroon,2722,00:25:20.262,Pressure,
,,,,,,,,,,,,,,,,,0.769302,,,,,,,,,,,58573d37-5e15-4a75-b8c0-fa9c636f5dbf,1972,,"[53.9, 77.0]",3920389,70,,,,,,,,,,,,,,,,,,,,,,,,2,From Throw In,Frank Magri,189348.0,Right Wing,118,Guinea,4892,['acb4f93d-9e36-4e8f-af0d-39d4b1e59dbd'],22,,,,,,,,,,,,,,,,,Cameroon,2722,00:25:22.380,Pressure,
,,,,,,,,,,,,,,,,,0.588272,,,,,,,,,,,e7d59680-f3d9-496b-956f-d661d15c1a4f,1986,,"[8.7, 10.9]",3920389,70,,,,,,,,,,,,,,,,,,,,,,,,2,From Throw In,Harold Moukoudi,7386.0,Left Center Back,119,Guinea,4892,,48,,,,,,,,,,,,,,,,,Cameroon,2722,00:25:48.599,Pressure,
,,,,,,,,,,,True,,,,,,0.676887,,,,,,,,,,,ba7b8b1b-cff9-47ff-a870-34aa0d0e4f95,1993,,"[107.8, 54.1]",3920389,70,,,,,,,,,,,,,,,,,,,,,,,,2,From Throw In,Aguibou Camara,39559.0,Right Midfield,119,Guinea,4892,"['50a03e0a-3e94-4a53-87d9-1e6243f73e30', '6eb15dc9-05f1-4193-bcb0-f8c776abe8e2']",52,,,,,,,,,,,,,,,,,Guinea,4892,00:25:52.161,Pressure,
,,,,,,,,,,,True,,,,,,0.80456,,,,,,,,,,,1531cee8-d983-41c1-83b7-ce5c78ecd453,2013,,"[95.6, 62.5]",3920389,71,,,,,,,,,,,,,,,,,,,,,,,,2,From Throw In,Mohamed Bayo,8454.0,Center Forward,119,Guinea,4892,['cc7b819f-a301-4a7b-9570-6cba6a1db1b3'],31,,,,,,,,,,,,,,,,,Guinea,4892,00:26:31.445,Pressure,
,,,,,,,,,,,,,,,,,1.138518,,,,,,,,,,,07969690-139f-41ca-b49f-bac665d82bf9,2035,,"[68.2, 12.4]",3920389,75,,,,,,,,,,,,,,,,,,,,,,,,2,From Throw In,Mory Konaté,35285.0,Left Defensive Midfield,120,Cameroon,2722,"['955ac89f-21f0-4c8d-af98-04124268dd06', '0efb5dbe-21e2-41fb-8c62-f247941c92d3']",0,,,,,,,,,,,,,,,,,Guinea,4892,00:30:00.679,Pressure,
,,,,,,,,,,,,,,,,,0.31374,,,,,,,,,,,d0ca8390-a0c3-4891-a9e9-6a86b1ddfff0,2038,,"[68.9, 5.8]",3920389,75,,,,,,,,,,,,,,,,,,,,,,,,2,From Throw In,Sekou Oumar Sylla,132711.0,Left Back,120,Cameroon,2722,['955ac89f-21f0-4c8d-af98-04124268dd06'],1,,,,,,,,,,,,,,,,,Guinea,4892,00:30:01.723,Pressure,
,,,,,,,,,,,,,,,,,0.389173,,,,,,,,,,,1a55cf54-30a6-457b-a8c1-e10fa598cddb,2042,,"[57.0, 72.4]",3920389,75,,,,,,,,,,,,,,,,,,,,,,,,2,From Throw In,André-Frank Zambo Anguissa,3141.0,Left Defensive Midfield,121,Guinea,4892,"['e2cc59cd-c498-4004-9f70-6156bc4f4617', '21225ae2-4913-4285-842d-b8acbe5afe9a']",14,,,,,,,,,,,,,,,,,Cameroon,2722,00:30:14.103,Pressure,
,,,,,,,,,,,,,,,,,1.669607,,,,,,,,,,,fd60f1f5-b1db-4361-a26d-d6790d5c8b25,2051,,"[7.3, 64.9]",3920389,75,,,,,,,,,,,,,,,,,,,,,,,,2,From Throw In,Oumar Gonzalez,28444.0,Right Center Back,121,Guinea,4892,['3cf53cdb-218b-4b3b-be50-87a5591bea02'],21,,,,,,,,,,,,,,,,,Cameroon,2722,00:30:21.912,Pressure,
,,,,,,,,,,,,,,,,,1.211282,,,,,,,,,,,7df3b8b2-a4df-48fe-9850-b78d2f3f84a5,2053,,"[21.2, 53.9]",3920389,75,,,,,,,,,,,,,,,,,,,,,,,,2,From Throw In,Junior Tchamadeu,62627.0,Right Wing,121,Guinea,4892,"['79d3e534-6001-414b-a5ad-2af605b79c9a', '1059a788-ed64-411b-a59f-dcfe14598a93']",24,,,,,,,,,,,,,,,,,Cameroon,2722,00:30:24.749,Pressure,
,,,,,,,,,,,,,,,,,0.369644,,,,,,,,,,,698f80a2-0eda-4073-afc6-ba51b71009f6,2056,,"[19.1, 44.0]",3920389,75,,,,,,,,,,,,,,,,,,,,,,,,2,From Throw In,Jules Olivier Ntcham,10530.0,Right Defensive Midfield,121,Guinea,4892,['79d3e534-6001-414b-a5ad-2af605b79c9a'],25,,,,,,,,,,,,,,,,,Cameroon,2722,00:30:25.880,Pressure,
,,,,,,,,,,,,,,,,,2.686852,,,,,,,,,,,e4610f53-1eea-4347-805a-223cd2944e53,2063,,"[58.8, 15.0]",3920389,75,,,,,,,,,,,,,,,,,,,,,,,,2,From Throw In,Olivier Michel Kemen,7355.0,Center Attacking Midfield,121,Guinea,4892,"['54dbe7e7-b7c9-436d-89d5-949538fc3e51', 'a10dc925-bcf6-4ae6-be1c-30dffd611fea']",32,,,,,,,,,,,,,,,,,Cameroon,2722,00:30:32.482,Pressure,
,,,,,,,,,,,,,,,,,0.284966,,,,,,,,,,,653bb4e0-dc67-44c7-9c3b-d893a538daa9,2122,,"[13.2, 7.9]",3920389,77,,,,,,,,,,,,,,,,,,,,,,,,2,From Free Kick,Facinet Conte,406457.0,Left Midfield,125,Cameroon,2722,"['78767526-d6d7-47bb-8610-88ba9c066da2', 'e0020938-eb60-439f-81ef-a8dc8f80f517']",59,,,,,,,,,,,,,,,,,Guinea,4892,00:32:59.681,Pressure,
,,,,,,,,,,,,,,,,,1.003446,,,,,,,,,,,dee62202-2dac-4a26-b87b-ee9a3108e775,2127,,"[35.4, 3.1]",3920389,78,,,,,,,,,,,,,,,,,,,,,,,,2,From Free Kick,Mohamed Bayo,8454.0,Center Forward,125,Cameroon,2722,"['917dcfa6-dc2a-41b4-bc99-98e8a0b887e0', 'f900a36b-df09-4b7a-b99c-cc5be47ef8de']",6,,,,,,,,,,,,,,,,,Guinea,4892,00:33:06.843,Pressure,
,,,,,,,,,,,,,,,,,0.640003,,,,,,,,,,,b79f2908-d5ae-49c0-96bd-1f8e9c6ea484,2162,,"[18.4, 5.3]",3920389,79,,,,,,,,,,,,,,,,,,,,,,,,2,Other,Facinet Conte,406457.0,Left Midfield,127,Cameroon,2722,"['f9f40bc4-33c0-4d38-9937-11e0be60ef75', 'b2334e3a-acd4-475e-994f-54d5874f96f5']",59,,,,,,,,,,,,,,,,,Guinea,4892,00:34:59.340,Pressure,
,,,,,,,,,,,True,,,,,,1.070317,,,,,,,,,,,2c19cb55-1bdc-42e7-bc10-75b8ea2af5c8,2192,,"[106.5, 30.3]",3920389,81,,,,,,,,,,,,,,,,,,,,,,,,2,From Corner,Oumar Gonzalez,28444.0,Right Center Back,129,Cameroon,2722,['c43dc194-d863-4476-851d-ca7900d0c6ca'],3,,,,,,,,,,,,,,,,,Cameroon,2722,00:36:03.151,Pressure,
,,,,,,,,,,,,,,,,,0.559475,,,,,,,,,,,32fa859e-6f1c-4992-a761-7ab2354ab4fa,2234,,"[80.6, 13.2]",3920389,82,,,,,,,,,,,,,,,,,,,,,,,,2,From Throw In,Facinet Conte,406457.0,Left Midfield,131,Cameroon,2722,['0595d2b3-f50f-485f-bf6a-58faca73f4fe'],20,,,,,,,,,,,,,,,,,Guinea,4892,00:37:20.984,Pressure,
,,,,,,,,,,,,,,,,,0.823624,,,,,,,,,,,063f77cc-3c21-4ccd-8cfa-fca4e6e475c7,2237,,"[88.5, 28.9]",3920389,82,,,,,,,,,,,,,,,,,,,,,,,,2,From Throw In,Facinet Conte,406457.0,Left Midfield,131,Cameroon,2722,"['93c9dfdb-5017-43d3-911e-55df0cfb21a3', '456f30fc-3371-463c-aa7b-6854889443ab', '7ac16e4a-cd50-4f69-ae71-7f569889ba5d']",23,,,,,,,,,,,,,,,,,Guinea,4892,00:37:23.034,Pressure,
,,,,,,,,,,,,,,,,,0.679622,,,,,,,,,,,cce8f069-e06f-4e1f-a7ec-bfe55c491ebe,2241,,"[103.1, 40.1]",3920389,82,,,,,,,,,,,,,,,,,,,,,,,,2,From Throw In,Facinet Conte,406457.0,Left Midfield,131,Cameroon,2722,"['3b319be3-2610-42dd-98fb-8fbe99221b7c', 'ef07f7d9-a810-415a-810e-9c726d4e6579']",24,,,,,,,,,,,,,,,,,Guinea,4892,00:37:24.964,Pressure,
,,,,,,,,,,,,,,,,,0.981674,,,,,,,,,,,add98bac-fd82-4189-8935-3b459b82ed27,2254,,"[41.0, 69.7]",3920389,82,,,,,,,,,,,,,,,,,,,,,,,,2,From Throw In,Aguibou Camara,39559.0,Right Midfield,131,Cameroon,2722,,39,,,,,,,,,,,,,,,,,Guinea,4892,00:37:39.901,Pressure,
,,,,,,,,,,,,,,,,,0.614518,,,,,,,,,,,fb5b6607-474a-4093-96dd-64b829df1051,2270,,"[16.0, 4.5]",3920389,82,,,,,,,,,,,,,,,,,,,,,,,,2,From Throw In,Facinet Conte,406457.0,Left Midfield,131,Cameroon,2722,"['414579cc-bc9f-43f9-aac9-b2ded9e18886', '328dc668-1bce-489d-9c20-60c7935a283a']",58,,,,,,,,,,,,,,,,,Guinea,4892,00:37:58.022,Pressure,
,,,,,,,,,,,,,,,,,0.817114,,,,,,,,,,,16861c9a-f163-437b-8c0e-e8e0aefcd72a,2272,,"[4.8, 13.6]",3920389,83,,,,,,,,,,,,,,,,,,,,,,,,2,From Throw In,Mory Konaté,35285.0,Left Defensive Midfield,131,Cameroon,2722,"['ee35d7de-ef25-43c9-b7de-f0670f0d5cf4', 'afa5956d-0c93-4afb-b0a0-bced6fc89eec']",0,,,,,,,,,,,,,,,,,Guinea,4892,00:38:00.139,Pressure,
,,,,,,,,,,,,,,,,,1.935314,,,,,,,,,,,09aef45d-a0e9-4b74-86b1-5ecb607d0b02,2286,,"[9.4, 63.3]",3920389,83,,,,,,,,,,,,,,,,,,,,,,,,2,From Throw In,Aguibou Camara,39559.0,Right Midfield,131,Cameroon,2722,['562fcbce-90ba-4d4d-bd5a-69f26eada7d8'],17,,,,,,,,,,,,,,,,,Guinea,4892,00:38:17.457,Pressure,
,,,,,,,,,,,,,,,,,0.629619,,,,,,,,,,,1c41f369-a129-42ec-a480-0dfbe22e1bf8,2338,,"[40.0, 51.2]",3920389,85,,,,,,,,,,,,,,,,,,,,,,,,2,From Throw In,José Kanté Martínez,8012.0,Center Forward,133,Cameroon,2722,['60964478-da95-48c2-99d8-9dd217646c27'],6,,,,,,,,,,,,,,,,,Guinea,4892,00:40:06.079,Pressure,
,,,,,,,,,,,True,,,,,,0.539103,,,,,,,,,,,7ac61576-0b35-4c58-b2ac-0e7ffdf3408f,2361,,"[47.6, 7.3]",3920389,85,,,,,,,,,,,,,,,,,,,,,,,,2,Regular Play,José Kanté Martínez,8012.0,Center Forward,135,Cameroon,2722,['9ec5b6c6-b5f6-45e3-a4d7-b212b24fa9c9'],53,,,,,,,,,,,,,,,,,Guinea,4892,00:40:53.775,Pressure,
,,,,,,,,,,,True,,,,,,0.297219,,,,,,,,,,,2558c55a-64eb-4e17-8655-30d3411137c0,2365,,"[50.6, 10.1]",3920389,85,,,,,,,,,,,,,,,,,,,,,,,,2,Regular Play,Facinet Conte,406457.0,Left Midfield,135,Cameroon,2722,['b61c7c84-5e67-4def-af84-867020fa6634'],55,,,,,,,,,,,,,,,,,Guinea,4892,00:40:55.027,Pressure,
,,,,,,,,,,,,,,,,,0.631294,,,,,,,,,,,4c3ec7a8-2fc7-4851-b75c-325e15cb898f,2378,,"[104.8, 40.8]",3920389,86,,,,,,,,,,,,,,,,,,,,,,,,2,Regular Play,Junior Tchamadeu,62627.0,Right Midfield,135,Cameroon,2722,,10,,,,,,,,,,,,,,,,,Cameroon,2722,00:41:10.230,Pressure,
,,,,,,,,,,,,,,,,,0.750939,,,,,,,,,,,cd783407-9da6-4a0c-a6ea-e1baa6506301,2399,,"[45.4, 16.7]",3920389,86,,,,,,,,,,,,,,,,,,,,,,,,2,From Throw In,José Kanté Martínez,8012.0,Center Forward,136,Cameroon,2722,"['8676906e-24c1-4a71-b2b1-8895cdd0e6a9', 'fdaa3c2d-035a-4119-b36e-fa55506f55f6']",47,,,,,,,,,,,,,,,,,Guinea,4892,00:41:47.136,Pressure,
,,,,,,,,,,,,,,,,,0.456455,,,,,,,,,,,86166214-5d05-45af-8d45-d023a00121c0,2415,,"[7.4, 22.6]",3920389,87,,,,,,,,,,,,,,,,,,,,,,,,2,From Throw In,Sekou Oumar Sylla,132711.0,Left Back,136,Cameroon,2722,"['7a2034cf-34fa-469a-93d1-75e973bffc5e', 'cfd3886c-a7c1-4f5d-93ab-adeaa6adcb6c']",8,,,,,,,,,,,,,,,,,Guinea,4892,00:42:08.507,Pressure,
,,,,,,,,,,,,,,,,,1.484783,,,,,,,,,,,78cd2254-922c-40f1-acae-6d4a19c75c07,2421,,"[9.0, 42.5]",3920389,87,,,,,,,,,,,,,,,,,,,,,,,,2,From Throw In,Ibrahim Diakité,176683.0,Right Back,136,Cameroon,2722,['f015a371-404e-4a56-a634-0b38e91e8567'],10,,,,,,,,,,,,,,,,,Guinea,4892,00:42:10.659,Pressure,
,,,,,,,,,,,,,,,,,0.658473,,,,,,,,,,,f46f763b-9259-44cf-9e42-ffa022536194,2427,,"[80.1, 6.4]",3920389,88,,,,,,,,,,,,,,,,,,,,,,,,2,From Throw In,Harold Moukoudi,7386.0,Left Center Back,139,Guinea,4892,"['5a9d0a8c-f4df-4211-811c-a7df5d76ec96', '9e47f118-a8f9-49dc-ae89-96f71e1e3a31']",39,,,,,,,,,,,,,,,,,Cameroon,2722,00:43:39.322,Pressure,
,,,,,,,,,,,True,,,,,,0.366993,,,,,,,,,,,73eeb741-9824-49b3-ab79-b8d36d84c6bd,2436,,"[48.8, 61.6]",3920389,88,,,,,,,,,,,,,,,,,,,,,,,,2,Regular Play,Moriba Kourouma Kourouma,39073.0,Right Defensive Midfield,140,Cameroon,2722,,43,,,,,,,,,,,,,,,,,Guinea,4892,00:43:43.364,Pressure,
,,,,,,,,,,,True,,,,,,1.407011,,,,,,,,,,,e90d380b-993b-48a7-91bd-b3e4763a3ac7,2441,,"[40.0, 67.2]",3920389,88,,,,,,,,,,,,,,,,,,,,,,,,2,Regular Play,Ibrahim Diakité,176683.0,Right Back,140,Cameroon,2722,['5c44796e-2eb0-4ca3-8fc1-15c267c11cc6'],45,,,,,,,,,,,,,,,,,Guinea,4892,00:43:45.902,Pressure,
,,,,,,,,,,,True,,,,,,0.569495,,,,,,,,,,,f5142fce-a003-4a57-885f-fd6521989103,2446,,"[55.6, 11.1]",3920389,88,,,,,,,,,,,,,,,,,,,,,,,,2,Regular Play,Georges-Kévin Nkoudou Mbida,3639.0,Left Midfield,140,Cameroon,2722,['879afb6e-a0b8-486f-b065-8af183aa16bf'],50,,,,,,,,,,,,,,,,,Cameroon,2722,00:43:50.332,Pressure,
,,,,,,,,,,,True,,,,,,0.401379,,,,,,,,,,,78fb28f8-c062-4e37-9f17-5fbcdc7e27be,2448,,"[54.6, 8.6]",3920389,88,,,,,,,,,,,,,,,,,,,,,,,,2,Regular Play,Darlin Zidane Yongwa Ngameni,32190.0,Left Back,140,Cameroon,2722,,52,,,,,,,,,,,,,,,,,Cameroon,2722,00:43:52.447,Pressure,
,,,,,,,,,,,,,,,,,0.57576,,,,,,,,,,,7dc5fbd3-455d-4d87-ba96-b2eb5822e55a,2455,,"[86.8, 73.5]",3920389,88,,,,,,,,,,,,,,,,,,,,,,,,2,Regular Play,José Kanté Martínez,8012.0,Center Forward,140,Cameroon,2722,['12dea675-86ff-423e-8f85-bd77e25c890e'],54,,,,,,,,,,,,,,,,,Guinea,4892,00:43:54.114,Pressure,
,,,,,,,,,,,,,,,,,0.926667,,,,,,,,,,,769a2919-1397-43ae-8610-c41234a9f859,2462,,"[105.4, 50.0]",3920389,89,,,,,,,,,,,,,,,,,,,,,,,,2,Regular Play,José Kanté Martínez,8012.0,Center Forward,141,Cameroon,2722,['502191a5-e651-4a1d-83a2-78c1ea7aead6'],4,,,,,,,,,,,,,,,,,Guinea,4892,00:44:04.030,Pressure,
,,,,,,,,,,,,,,,,,0.988464,,,,,,,,,,,6c2130eb-f681-4873-a8d5-afea53c06c33,2473,,"[34.9, 53.9]",3920389,89,,,,,,,,,,,,,,,,,,,,,,,,2,Regular Play,Ibrahim Diakité,176683.0,Right Back,141,Cameroon,2722,"['194b6d77-bbde-45d2-b967-37c4c6455810', '9d9eeace-b0e2-4225-a9ac-cb2a2c3f77ca']",16,,,,,,,,,,,,,,,,,Guinea,4892,00:44:16.633,Pressure,
,,,,,,,,,,,,,,,,,0.686073,,,,,,,,,,,0cdcbb69-3cce-4699-9871-3240ffb44407,2495,,"[63.5, 42.8]",3920389,90,,,,,,,,,,,,,,,,,,,,,,,,2,Regular Play,José Kanté Martínez,8012.0,Center Forward,144,Cameroon,2722,"['98887147-5a99-4655-9583-d27f1d6b064f', '6b16304a-b577-4587-85be-438914bfca43']",28,,,,,,,,,,,,,,,,,Guinea,4892,00:45:28.191,Pressure,
,,,,,,,,,,,True,,,,,,0.590867,,,,,,,,,,,1d7f96da-8502-46d9-9ed4-f6cb2ead2bf3,2502,,"[50.5, 72.1]",3920389,90,,,,,,,,,,,,,,,,,,,,,,,,2,From Throw In,Aguibou Camara,39559.0,Right Midfield,145,Guinea,4892,"['c3ac8734-83e1-4c0b-b398-a2d8b13a4a4a', '7b333f1e-e160-45a5-a281-30e372719933']",52,,,,,,,,,,,,,,,,,Guinea,4892,00:45:52.341,Pressure,
,,,,,,,,,,,True,,,,,,0.319931,,,,,,,,,,,0c780c00-151d-49da-8d0d-6de9583c5ec0,2504,,"[31.6, 69.5]",3920389,90,,,,,,,,,,,,,,,,,,,,,,,,2,From Throw In,Mouctar Diakhaby,4267.0,Right Center Back,145,Guinea,4892,"['7744732e-f219-4426-a9df-d83039d206cb', '37f5ae47-e4b4-428a-a8b8-e4ae769e1d5f']",53,,,,,,,,,,,,,,,,,Guinea,4892,00:45:53.203,Pressure,
,,,,,,,,,,,,,,,,,0.508836,,,,,,,,,,,cd96850f-e9ec-40a8-a43d-c7d6574a707b,2510,,"[74.9, 23.1]",3920389,90,,,,,,,,,,,,,,,,,,,,,,,,2,From Throw In,André-Frank Zambo Anguissa,3141.0,Left Defensive Midfield,145,Guinea,4892,"['1704f543-6d74-46d9-a473-26b5ec8984e9', '8d4c0232-22bf-41f9-989e-aefa2deb37d6']",55,,,,,,,,,,,,,,,,,Cameroon,2722,00:45:55.213,Pressure,
,,,,,,,,,,,True,,,,,,0.839808,,,,,,,,,,,05ec1932-a8ca-4870-b099-d490799ae4a1,2519,,"[21.6, 67.9]",3920389,91,,,,,,,,,,,,,,,,,,,,,,,,2,Regular Play,Ibrahim Diakité,176683.0,Right Back,146,Cameroon,2722,['a61c800e-aff6-4cdf-bddf-54b2acb8cc25'],1,,,,,,,,,,,,,,,,,Guinea,4892,00:46:01.335,Pressure,
,,,,,,,,,,,,,,,,,0.470066,,,,,,,,,,,03544dae-3471-4bc2-8af0-a43a28f84fb9,2521,,"[11.0, 57.2]",3920389,91,,,,,,,,,,,,,,,,,,,,,,,,2,Regular Play,Ibrahim Diakité,176683.0,Right Back,146,Cameroon,2722,"['55d9e208-4092-4c6b-bf2f-c51c5c926df0', '099a20db-4215-499c-a32b-139c5206b0af']",3,,,,,,,,,,,,,,,,,Guinea,4892,00:46:03.683,Pressure,
,,,,,,,,,,,,,,,,,0.324868,,,,,,,,,,,c1f1b6fe-e1cf-498a-9d49-8d13ee1bcd17,2524,,"[9.8, 50.8]",3920389,91,,,,,,,,,,,,,,,,,,,,,,,,2,Regular Play,Mory Konaté,35285.0,Left Defensive Midfield,146,Cameroon,2722,"['50332cab-c1f0-453d-a042-a69a85b1bd3e', '099a20db-4215-499c-a32b-139c5206b0af']",4,,,,,,,,,,,,,,,,,Guinea,4892,00:46:04.589,Pressure,
,,,,,,,,,,,True,,,,,,0.866711,,,,,,,,,,,77d309c0-645b-4918-8385-48c35f323ce2,2533,,"[93.4, 12.5]",3920389,91,,,,,,,,,,,,,,,,,,,,,,,,2,Regular Play,Darlin Zidane Yongwa Ngameni,32190.0,Left Back,146,Cameroon,2722,['43c0c9f3-afd6-4b81-9256-2b78bffeda85'],9,,,,,,,,,,,,,,,,,Cameroon,2722,00:46:09.157,Pressure,
,,,,,,,,,,,,,,,,,0.468803,,,,,,,,,,,18f1050b-9e80-473b-8e7d-df262aa2e40b,2535,,"[74.6, 63.3]",3920389,91,,,,,,,,,,,,,,,,,,,,,,,,2,Regular Play,Facinet Conte,406457.0,Left Midfield,146,Cameroon,2722,"['c819e52f-2314-498c-bbf4-04f4b391b0aa', '7c13ef22-f03e-4cb7-810f-db81bd11702c']",11,,,,,,,,,,,,,,,,,Guinea,4892,00:46:11.835,Pressure,
,,,,,,,,,,,,,,,,,0.874106,,,,,,,,,,,35d2f0d5-dbf8-4d17-a038-2f867d9cd910,2558,,"[13.2, 52.8]",3920389,91,,,,,,,,,,,,,,,,,,,,,,,,2,Regular Play,Ibrahim Diakité,176683.0,Right Back,146,Cameroon,2722,"['d240a08d-6a13-480a-bc49-2975e87ebf39', 'a6d21662-a280-44fe-b7be-5ddce28fdccf', 'd2480c0e-425b-4887-ad50-34f015a4eb37']",36,,,,,,,,,,,,,,,,,Guinea,4892,00:46:36.810,Pressure,
,,,,,,,,,,,,,,,,,0.375352,,,,,,,,,,,5d6e09e1-5228-4bc1-9d2f-f8ca41b146be,2576,,"[22.8, 23.7]",3920389,92,,,,,,,,,,,,,,,,,,,,,,,,2,From Throw In,Harold Moukoudi,7386.0,Left Center Back,148,Guinea,4892,,59,,,,,,,,,,,,,,,,,Cameroon,2722,00:47:59.382,Pressure,
,,,,,,,,,,,,,,,,,0.638173,,,,,,,,,,,dd2eb745-4fc7-4a41-b4f9-718cd0f54d06,2579,,"[28.8, 26.5]",3920389,93,,,,,,,,,,,,,,,,,,,,,,,,2,From Throw In,Jules Olivier Ntcham,10530.0,Right Defensive Midfield,148,Guinea,4892,"['acd306ee-e24a-4159-bcd4-68a9f86ef3c6', '7256730c-452b-4d2e-95e7-bf2a371f57d3']",0,,,,,,,,,,,,,,,,,Cameroon,2722,00:48:00.515,Pressure,
,,,,,,,,,,,,,,,,,0.726126,,,,,,,,,,,503e54df-87cc-43c5-b96e-dd7b363bb1a6,2581,,"[35.5, 42.6]",3920389,93,,,,,,,,,,,,,,,,,,,,,,,,2,From Throw In,Junior Tchamadeu,62627.0,Right Midfield,148,Guinea,4892,"['826bc173-fec1-481e-b99f-6d9b2616a1e6', '9c45a040-098c-4e10-9c3c-450c4c875890']",2,,,,,,,,,,,,,,,,,Cameroon,2722,00:48:02.575,Pressure,
,,,,,,,,,,,,,,,,,0.732973,,,,,,,,,,,fc963a56-631e-4871-ad85-224e6a9de40e,2584,,"[26.7, 55.8]",3920389,93,,,,,,,,,,,,,,,,,,,,,,,,2,From Throw In,Junior Tchamadeu,62627.0,Right Midfield,148,Guinea,4892,"['fe9d4c0e-dec7-4e51-88b9-e5409c11a0d2', '826bc173-fec1-481e-b99f-6d9b2616a1e6']",7,,,,,,,,,,,,,,,,,Cameroon,2722,00:48:07.162,Pressure,
,,,,,,,,,,,,,,,,,0.486133,,,,,,,,,,,b0987029-47d7-4691-877c-05a9b34641d2,2596,,"[31.3, 2.1]",3920389,93,,,,,,,,,,,,,,,,,,,,,,,,2,From Goal Kick,Sekou Oumar Sylla,132711.0,Left Back,149,Cameroon,2722,"['e56f0fea-cb0f-45eb-907e-986a51ca8198', '5fadb8ab-4a15-4358-898c-5f452793c76e']",35,,,,,,,,,,,,,,,,,Guinea,4892,00:48:35.956,Pressure,
,,,,,,,,,,,,,,,,,0.4843,,,,,,,,,,,5a6666a1-fa8b-4c94-8eac-05e2280dae3a,2603,,"[34.5, 55.4]",3920389,93,,,,,,,,,,,,,,,,,,,,,,,,2,From Goal Kick,Aguibou Camara,39559.0,Right Midfield,149,Cameroon,2722,"['db05febc-5d15-42fd-8bfa-bbee9d8cff71', '735e1a3a-c09b-4aa4-955d-d47b9523d40a']",41,,,,,,,,,,,,,,,,,Guinea,4892,00:48:41.347,Pressure,
,,,,,,,,,,,,,,,,,0.451221,,,,,,,,,,,857a2448-440a-47a1-9542-44a0c2e95568,2612,,"[99.5, 23.7]",3920389,94,,,,,,,,,,,,,,,,,,,,,,,,2,From Free Kick,Darlin Zidane Yongwa Ngameni,32190.0,Left Back,150,Cameroon,2722,,33,,,,,,,,,,,,,,,,,Cameroon,2722,00:49:33.892,Pressure,
,,,,,,,,,,,,,,,,,0.742253,,,,,,,,,,,223a58c4-8a8a-4639-8e44-e0ba4b6b5179,2622,,"[16.8, 69.9]",3920389,94,,,,,,,,,,,,,,,,,,,,,,,,2,From Free Kick,Ibrahim Diakité,176683.0,Right Back,150,Cameroon,2722,['4b162f24-3ff4-4594-afa4-8d24558920b4'],46,,,,,,,,,,,,,,,,,Guinea,4892,00:49:46.612,Pressure,
,,,,,,,,,,,,,,,,,1.632961,,,,,,,,,,,9e872001-9b22-4bf2-a5f5-e6ecb25996b3,2623,,"[19.8, 70.4]",3920389,94,,,,,,,,,,,,,,,,,,,,,,,,2,From Free Kick,Aguibou Camara,39559.0,Right Midfield,150,Cameroon,2722,,47,,,,,,,,,,,,,,,,,Guinea,4892,00:49:47.469,Pressure,
,,,,,,,,,,,,,,,,,0.640343,,,,,,,,,,,a6cb33ee-8ecd-4777-990e-aa2a09b927d6,2633,,"[38.6, 56.4]",3920389,95,,,,,,,,,,,,,,,,,,,,,,,,2,From Throw In,José Kanté Martínez,8012.0,Center Forward,151,Cameroon,2722,"['b9c140f5-86c3-47eb-84c7-a9163bd3fb86', '8133f934-abeb-4d7b-afab-819db0603000']",30,,,,,,,,,,,,,,,,,Guinea,4892,00:50:30.093,Pressure,
,,,,,,,,,,,,,,,,,0.776776,,,,,,,,,,,3c60dd54-1364-4dcb-8a15-64cda7a6734f,2641,,"[24.7, 63.3]",3920389,95,,,,,,,,,,,,,,,,,,,,,,,,2,From Throw In,Aguibou Camara,39559.0,Right Midfield,151,Cameroon,2722,"['ee3a911b-a96e-4375-a501-d7558e0eb639', 'a10de01e-fdd2-46a5-b77d-e1d7bf5db4af', '4670c884-3fde-4bb2-92ce-e8b0bbb7e077']",38,,,,,,,,,,,,,,,,,Guinea,4892,00:50:38.476,Pressure,
,,,,,,,,,,,,,,,,,0.0,,,,,,,,,,,8fa5ede0-396e-4d36-8f8b-fe428eb51c7f,52,,"[4.2, 69.2]",3920389,0,,,,,,,,,,,,,,,,,,,,,,,,1,Regular Play,Mouctar Diakhaby,4267.0,Right Center Back,3,Guinea,4892,"['26ebd2e1-7575-450e-a6c3-9d6c155075b5', 'f6bcddbe-f8c6-4ff7-9a35-dcbcc1cc0f9b']",49,,,,,,,,,,,,,,,,,Guinea,4892,00:00:49.515,Ball Recovery,True
,,,,,,,,,,,,,,,,,0.0,,,,,,,,,,,7a874820-6b8d-4454-bbb1-2dc6a5e91e20,72,,"[29.2, 8.9]",3920389,2,,,,,,,,,,,,,,,,,,,,,,,,1,From Throw In,Olivier Michel Kemen,7355.0,Center Defensive Midfield,7,Guinea,4892,['eb5a7383-4508-4ece-8f84-3410fca9e2bd'],1,,,,,,,,,,,,,,,,,Cameroon,2722,00:02:01.314,Ball Recovery,
,,,,,,,,,,,,,,,,,0.0,,,,,,,,,,,e54f8801-24d8-4451-9b2b-324481904ea1,90,,"[15.0, 11.4]",3920389,2,,,,,,,,,,,,,,,,,,,,,,,,1,From Throw In,Darlin Zidane Yongwa Ngameni,32190.0,Left Back,7,Guinea,4892,,12,,,,,,,,,,,,,,,,,Cameroon,2722,00:02:12.018,Ball Recovery,
,,,,,,,,,,,,,,,,,0.0,,,,,,,,,,,d22626e5-4f55-40a2-96ae-e6348c8e755f,114,,"[21.0, 55.6]",3920389,2,,,,,,,,,,,,,,,,,,,,,,,,1,From Throw In,Jean-Charles Castelletto,7426.0,Right Back,9,Guinea,4892,['6168f007-456e-48bd-ba3e-89e40332f704'],47,,,,,,,,,,,,,,,,,Cameroon,2722,00:02:47.551,Ball Recovery,
,,,,,,,,,,,,,,,,,0.0,,,,,,,,,,,f985f49a-02b4-4300-a483-b935e0d29886,210,,"[4.1, 38.3]",3920389,7,,,,,,,,,,,,,,,,,,,,,,,,1,Regular Play,Ibrahim Kone,182573.0,Goalkeeper,18,Guinea,4892,,20,,,,,,,,,,,,,,,,,Guinea,4892,00:07:20.951,Ball Recovery,
,,,,,,,,,,,,,,,,,0.0,,,,,,,,,,,d89c3580-a351-43c0-8a93-d7a0882ca3b5,232,,"[2.3, 44.7]",3920389,8,,,,,,,,,,,,,,,,,,,,,,,,1,Regular Play,Joseph Fabrice Ondoa Ebogo,24670.0,Goalkeeper,19,Cameroon,2722,['af5bb084-62b2-4aa8-b784-704fcd4f5e56'],0,,,,,,,,,,,,,,,,,Cameroon,2722,00:08:00.533,Ball Recovery,
,,,,,,,,,,,,,,,,,0.0,,,,,,,,,,,346dc874-3bd5-44e2-b265-bfd22cfb40be,261,,"[48.7, 11.8]",3920389,8,,,,,,,,,,,,,,,,,,,,,,,,1,Regular Play,Sekou Oumar Sylla,132711.0,Left Back,19,Cameroon,2722,,41,,,,,,,,,,,,,,,,,Guinea,4892,00:08:41.378,Ball Recovery,
,,,,,,,,,,,,,,,,,0.0,,,,,,,,,,,5e1b457f-0c02-4b5e-bdd3-a806d6c73246,269,,"[21.6, 63.0]",3920389,8,,,,,,,,,,,,,,,,,,,,,,,,1,Regular Play,Christopher Wooh,74588.0,Right Center Back,19,Cameroon,2722,,48,,,,,,,,,,,,,,,,,Cameroon,2722,00:08:48.583,Ball Recovery,
,,,,,,,,,,,,,,,,,0.0,,,,,,,,,,,4c71c8d0-3bc8-40d5-8dff-ff5cabaadf7c,274,,"[40.8, 26.4]",3920389,8,,,,,,,,,,,,,,,,,,,,,,,,1,Regular Play,Mouctar Diakhaby,4267.0,Right Center Back,20,Guinea,4892,['2d724ec4-2a92-45fb-86fe-a95adc164fbb'],56,,,,,,,,,,,,,,,,,Guinea,4892,00:08:56.211,Ball Recovery,
,,,,,,,,,,,,,,,,,0.0,,,,,,,,,,,7db8baa3-001d-4864-b2e3-7dd65742f049,302,,"[107.0, 49.7]",3920389,9,,,,,,,,,,,,,,,,,,,,,,,,1,Regular Play,Moriba Kourouma Kourouma,39073.0,Left Defensive Midfield,20,Guinea,4892,['dc41926a-7906-47f7-badc-f4cb719d02a0'],12,,,,,,,,,,,,,,,,,Guinea,4892,00:09:12.643,Ball Recovery,True
,,,,,,,,,,,,,,,,,0.0,,,,,,,,,,,3371cb66-c2ec-4f2d-aed7-61fbfc8c5c98,306,,"[21.2, 38.0]",3920389,9,,,,,,,,,,,,,,,,,,,,,,,,1,Regular Play,Olivier Michel Kemen,7355.0,Center Defensive Midfield,20,Guinea,4892,,14,,,,,,,,,,,,,,,,,Cameroon,2722,00:09:14.861,Ball Recovery,
,,,,,,,,,,,,,,,,,0.0,,,,,,,,,,,6ad8fa25-7b0e-4d87-a4ac-119d975f4515,313,,"[110.8, 48.2]",3920389,9,,,,,,,,,,,,,,,,,,,,,,,,1,Regular Play,Mohamed Bayo,8454.0,Center Forward,20,Guinea,4892,['b0a99cf7-186e-494e-b504-b8f649941bac'],18,,,,,,,,,,,,,,,,,Guinea,4892,00:09:18.576,Ball Recovery,True
,,,,,,,,,,,,,,,,,0.0,,,,,,,,,,,bc3d98eb-4ac2-4d93-a578-573a6211496d,368,,"[70.8, 68.4]",3920389,13,,,,,,,,,,,,,,,,,,,,,,,,1,From Goal Kick,Morgan Guilavogui,47351.0,Right Wing,23,Guinea,4892,['b264a3e6-ded4-4ceb-8b06-551d2159478a'],14,,,,,,,,,,,,,,,,,Guinea,4892,00:13:14.531,Ball Recovery,
,,,,,,,,,,,,,,,,,0.0,,,,,,,,,,,0727f5c6-7952-40f3-9951-8393e161c3ab,432,,"[98.3, 23.1]",3920389,14,,,,,,,,,,,,,,,,,,,,,,,,1,From Throw In,Darlin Zidane Yongwa Ngameni,32190.0,Left Back,25,Cameroon,2722,['84d26087-5aba-4c8b-b8ae-57fc6b321dd1'],16,,,,,,,,,,,,,,,,,Cameroon,2722,00:14:16.652,Ball Recovery,True
,,,,,,,,,,,,,,,,,0.0,,,,,,,,,,,5a3d20f1-463f-4dd6-89d8-a6e0db0f2c57,474,,"[44.8, 8.5]",3920389,14,,,,,,,,,,,,,,,,,,,,,,,,1,Regular Play,François Kamano,3405.0,Left Wing,28,Guinea,4892,,54,,,,,,,,,,,,,,,,,Guinea,4892,00:14:54.744,Ball Recovery,
,,,,,,,,,,,,,,,,,0.0,,,,,,,,,,,664a980d-362f-49a9-94da-64a147d29f9d,556,,"[86.9, 52.6]",3920389,19,,,,,,,,,,,,,,,,,,,,,,,,1,From Goal Kick,Mory Konaté,35285.0,Right Defensive Midfield,32,Guinea,4892,['8a9e24ae-397c-4a3d-84d1-5e15236c6656'],29,,,,,,,,,,,,,,,,,Guinea,4892,00:19:29.918,Ball Recovery,
,,,,,,,,,,,,,,,,,0.0,,,,,,,,,,,33e0a121-217c-4ee9-92f7-ab7c6eafdf43,569,,"[14.8, 37.6]",3920389,19,,,,,,,,,,,,,,,,,,,,,,,,1,Regular Play,Joseph Fabrice Ondoa Ebogo,24670.0,Goalkeeper,33,Cameroon,2722,,45,,,,,,,,,,,,,,,,,Cameroon,2722,00:19:45.782,Ball Recovery,
,,,,,,,,,,,,,,,,,0.0,,,,,,,,,,,d9f19938-d61d-4292-b7e1-9deff2776905,742,,"[24.8, 71.2]",3920389,24,,,,,,,,,,,,,,,,,,,,,,,,1,Regular Play,Christopher Wooh,74588.0,Right Center Back,42,Cameroon,2722,['edecdb56-e502-42bd-b1a9-4f5c231a6f19'],39,,,,,,,,,,,,,,,,,Cameroon,2722,00:24:39.017,Ball Recovery,
,,,,,,,,,,,,,,,,,0.0,,,,,,,,,,,30d3b1ad-f7aa-412b-90b2-424d8fd8289e,780,,"[76.2, 19.0]",3920389,25,,,,,,,,,,,,,,,,,,,,,,,,1,Regular Play,Olivier Michel Kemen,7355.0,Center Defensive Midfield,42,Cameroon,2722,,26,,,,,,,,,,,,,,,,,Cameroon,2722,00:25:26.594,Ball Recovery,
,,,,,,,,,,,,,,,,,0.0,,,,,,,,,,,77754e3a-0a3a-4535-b3ab-c3a39fad8c1e,814,,"[92.0, 13.1]",3920389,26,,,,,,,,,,,,,,,,,,,,,,,,1,Regular Play,André-Frank Zambo Anguissa,3141.0,Left Center Midfield,42,Cameroon,2722,,1,,,,,,,,,,,,,,,,,Cameroon,2722,00:26:01.802,Ball Recovery,
,,,,,,,,,,,,,,,,,0.0,,,,,,,,,,,eb98938f-14a7-4611-981e-7bf59788501a,867,,"[4.1, 34.4]",3920389,26,,,,,,,,,,,,,,,,,,,,,,,,1,From Throw In,Ibrahim Kone,182573.0,Goalkeeper,43,Cameroon,2722,['e74e816f-226f-49ec-97f6-ae12a0a1534c'],56,,,,,,,,,,,,,,,,,Guinea,4892,00:26:56.067,Ball Recovery,
,,,,,,,,,,,,,,,,,0.0,,,,,,,,,,,78e888d7-6e14-48e6-8437-cdbb9c4781fd,897,,"[16.3, 9.6]",3920389,28,,,,,,,,,,,,,,,,,,,,,,,,1,Regular Play,Harold Moukoudi,7386.0,Left Center Back,46,Cameroon,2722,,44,,,,,,,,,,,,,,,,,Cameroon,2722,00:28:44.713,Ball Recovery,
,,,,,,,,,,,,,,,,,0.0,,,,,,,,,,,9d627da9-1852-460f-a077-879de4f4ad09,913,,"[19.3, 70.9]",3920389,28,,,,,,,,,,,,,,,,,,,,,,,,1,Regular Play,Mouctar Diakhaby,4267.0,Right Center Back,46,Cameroon,2722,['9e00d9b0-2d5a-435c-82d9-af5cd3b304e0'],54,,,,,,,,,,,,,,,,,Guinea,4892,00:28:54.968,Ball Recovery,
,,,,,,,,,,,,,,,,,0.0,,,,,,,,,,,6f0d61c1-8427-46c9-8b00-c52269882623,929,,"[21.8, 70.2]",3920389,29,,,,,,,,,,,,,,,,,,,,,,,,1,From Throw In,Morgan Guilavogui,47351.0,Right Wing,47,Cameroon,2722,,18,,,,,,,,,,,,,,,,,Guinea,4892,00:29:18.440,Ball Recovery,
,,,,,,,,,,,,,,,,,0.0,,,,,,,,,,,d1408af3-97b5-4662-88f8-e83fe61c73a7,937,,"[92.4, 23.6]",3920389,29,,,,,,,,,,,,,,,,,,,,,,,,1,From Throw In,Frank Magri,189348.0,Right Wing,47,Cameroon,2722,,23,,,,,,,,,,,,,,,,,Cameroon,2722,00:29:23.037,Ball Recovery,
,,,,,,,,,,,,,,,,,0.0,,,,,,,,,,,0605fa7f-85f4-41a0-a569-c8240478eb03,942,,"[83.9, 50.1]",3920389,29,,,,,,,,,,,,,,,,,,,,,,,,1,From Throw In,Jean-Charles Castelletto,7426.0,Right Back,47,Cameroon,2722,,26,,,,,,,,,,,,,,,,,Cameroon,2722,00:29:26.197,Ball Recovery,
,,,,,,,,,,,,,,,,,0.0,,,,,,,,,,,608e1834-28eb-4f5c-a6c0-48469a57015d,951,,"[28.1, 8.5]",3920389,29,,,,,,,,,,,,,,,,,,,,,,,,1,Regular Play,François Kamano,3405.0,Left Wing,48,Guinea,4892,['5a0dac1f-4701-4499-8ede-9af3ac5e8642'],34,,,,,,,,,,,,,,,,,Guinea,4892,00:29:34.246,Ball Recovery,True
,,,,,,,,,,,,,,,,,0.0,,,,,,,,,,,b6a473a5-0ca1-4fb7-9e13-ad72ccddc7b7,960,,"[31.4, 21.4]",3920389,29,,,,,,,,,,,,,,,,,,,,,,,,1,Regular Play,Moriba Kourouma Kourouma,39073.0,Left Defensive Midfield,48,Guinea,4892,,38,,,,,,,,,,,,,,,,,Guinea,4892,00:29:38.669,Ball Recovery,
,,,,,,,,,,,,,,,,,0.0,,,,,,,,,,,7a97a83f-2b8c-4709-91dd-d725174e485b,999,,"[22.8, 48.9]",3920389,32,,,,,,,,,,,,,,,,,,,,,,,,1,Regular Play,Mouctar Diakhaby,4267.0,Right Center Back,50,Guinea,4892,['eb887f16-ebc0-493a-bd72-bde8c499d620'],31,,,,,,,,,,,,,,,,,Guinea,4892,00:32:31.958,Ball Recovery,
,,,,,,,,,,,,,,,,,0.0,,,,,,,,,,,530660e8-919d-459d-b69a-6f7417e7a196,1110,,"[63.9, 59.7]",3920389,36,,,,,,,,,,,,,,,,,,,,,,,,1,From Free Kick,Olivier Michel Kemen,7355.0,Center Defensive Midfield,57,Guinea,4892,,9,,,,,,,,,,,,,,,,,Cameroon,2722,00:36:09.937,Ball Recovery,
,,,,,,,,,,,,,,,,,0.0,,,,,,,,,,,8dab1b33-ac82-4287-b2ae-19e3370bc541,1131,,"[20.3, 55.4]",3920389,36,,,,,,,,,,,,,,,,,,,,,,,,1,From Free Kick,Antoine Conte,131849.0,Right Back,57,Guinea,4892,,28,,,,,,,,,,,,,,,,,Guinea,4892,00:36:28.377,Ball Recovery,
,,,,,,,,,,,,,,,,,0.0,,,,,,,,,,,bdcbb020-89cd-4e12-a2e2-82195e961d9a,1139,,"[28.4, 76.3]",3920389,36,,,,,,,,,,,,,,,,,,,,,,,,1,Regular Play,Jean-Charles Castelletto,7426.0,Right Back,58,Cameroon,2722,['50f9695f-c224-43ae-8db4-d18a4a2ee56f'],39,,,,,,,,,,,,,,,,,Cameroon,2722,00:36:39.905,Ball Recovery,
,,,,,,,,,,,,,,,,,0.0,,,,,,,,,,,460209dc-f14f-46fb-9b1f-b3309023cf28,1154,,"[107.3, 9.5]",3920389,37,,,,,,,,,,,,,,,,,,,,,,,,1,From Corner,Georges-Kévin Nkoudou Mbida,3639.0,Left Wing,59,Cameroon,2722,,45,,,,,,,,,,,,,,,,,Cameroon,2722,00:37:45.774,Ball Recovery,
,,True,,,,,,,,,,,,,,,0.0,,,,,,,,,,,30f642fd-f38d-48ec-8f6b-2fe689a02744,1177,,"[79.2, 70.5]",3920389,38,,,,,,,,,,,,,,,,,,,,,,,,1,Regular Play,Aguibou Camara,39559.0,Center Attacking Midfield,61,Cameroon,2722,"['2a97590d-b648-4320-b1b7-dafd39cce3e8', 'bb1abcb9-7357-48fa-9288-efa5db753e76']",39,,,,,,,,,,,,,,,,,Guinea,4892,00:38:39.815,Ball Recovery,True
,,,,,,,,,,,,,,,,,0.0,,,,,,,,,,,b6d15e72-6fda-461c-8563-4afe4b996dbf,1204,,"[87.9, 11.5]",3920389,41,,,,,,,,,,,,,,,,,,,,,,,,1,Regular Play,Jules Olivier Ntcham,10530.0,Right Center Midfield,63,Cameroon,2722,['6b60d1fb-d891-44cf-b474-3c3b81ebca98'],4,,,,,,,,,,,,,,,,,Cameroon,2722,00:41:04.546,Ball Recovery,
,,,,,,,,,,,,,,,,,0.0,,,,,,,,,,,08f3da05-cf45-44f6-ba65-069b094cf12d,1225,,"[34.2, 50.4]",3920389,41,,,,,,,,,,,,,,,,,,,,,,,,1,Regular Play,Aguibou Camara,39559.0,Center Attacking Midfield,64,Guinea,4892,['15adac76-6777-44b3-91c2-38db69810377'],21,,,,,,,,,,,,,,,,,Guinea,4892,00:41:21.534,Ball Recovery,True
,,,,,,,,,,,,,,,,,0.0,,,,,,,,,,,b6c01010-12a9-4a81-9041-debb2170a65e,1242,,"[7.2, 40.0]",3920389,42,,,,,,,,,,,,,,,,,,,,,,,,1,Regular Play,Joseph Fabrice Ondoa Ebogo,24670.0,Goalkeeper,66,Cameroon,2722,['aee214b5-6e9d-44e7-b270-a48d3068f8dd'],1,,,,,,,,,,,,,,,,,Cameroon,2722,00:42:01.333,Ball Recovery,
,,,,,,,,,,,,,,,,,0.0,,,,,,,,,,,671d4a8a-c3ec-4bf2-85ef-5a4b6fe9c4a1,1249,,"[68.5, 28.5]",3920389,42,,,,,,,,,,,,,,,,,,,,,,,,1,Regular Play,André-Frank Zambo Anguissa,3141.0,Left Center Midfield,66,Cameroon,2722,,11,,,,,,,,,,,,,,,,,Cameroon,2722,00:42:11.465,Ball Recovery,
,,,,,,,,,,,,,,,,,0.0,,,,,,,,,,,5b2daa18-6dc7-4bed-af0e-bbf507b7951b,1397,,"[55.3, 5.9]",3920389,46,,,,,,,,,,,,,,,,,,,,,,,,2,Regular Play,Darlin Zidane Yongwa Ngameni,32190.0,Left Back,79,Cameroon,2722,['5cd3666e-f02f-4086-acc2-701edd214787'],27,,,,,,,,,,,,,,,,,Cameroon,2722,00:01:27.704,Ball Recovery,
,,,,,,,,,,,,,,,,,0.0,,,,,,,,,,,28f06492-e047-48e9-ac51-a04043639882,1448,,"[108.7, 58.1]",3920389,47,,,,,,,,,,,,,,,,,,,,,,,,2,Regular Play,Morgan Guilavogui,47351.0,Right Midfield,82,Guinea,4892,,42,,,,,,,,,,,,,,,,,Guinea,4892,00:02:42.590,Ball Recovery,
,,,,,,,,,,,,,,,,,0.0,,,,,,,,,,,87146623-9c47-44d8-bda7-74ed94a5a61b,1502,,"[97.0, 26.2]",3920389,49,,,,,,,,,,,,,,,,,,,,,,,,2,From Corner,Jules Olivier Ntcham,10530.0,Right Defensive Midfield,84,Cameroon,2722,,17,,,,,,,,,,,,,,,,,Cameroon,2722,00:04:17.602,Ball Recovery,
,,,,,,,,,,,,,,,,,0.0,,,,,,,,,,,c99549e9-da74-499c-9672-aa34a2cb3ebb,1508,,"[26.2, 36.0]",3920389,49,,,,,,,,,,,,,,,,,,,,,,,,2,From Corner,Mohamed Bayo,8454.0,Center Forward,84,Cameroon,2722,,21,,,,,,,,,,,,,,,,,Guinea,4892,00:04:21.896,Ball Recovery,
,,True,,,,,,,,,,,,,,,0.0,,,,,,,,,,,79c19de9-4729-4258-8557-b67640c7975e,1510,,"[93.1, 44.1]",3920389,49,,,,,,,,,,,,,,,,,,,,,,,,2,From Corner,Olivier Michel Kemen,7355.0,Center Attacking Midfield,84,Cameroon,2722,,22,,,,,,,,,,,,,,,,,Cameroon,2722,00:04:22.138,Ball Recovery,
,,,,,,,,,,,,,,,,,0.0,,,,,,,,,,,9871b84d-b71c-4266-a4b6-a533537ac3e1,1553,,"[53.1, 27.3]",3920389,51,,True,,,,,,,,,,,,,,,,,,,,,,2,Regular Play,André-Frank Zambo Anguissa,3141.0,Left Defensive Midfield,86,Cameroon,2722,,27,,,,,,,,,,,,,,,,,Cameroon,2722,00:06:27.857,Ball Recovery,
,,,,,,,,,,,,,,,,,0.0,,,,,,,,,,,fc3926ba-4877-49e0-95f1-e7c9ad94a504,1638,,"[61.7, 54.6]",3920389,53,,,,,,,,,,,,,,,,,,,,,,,,2,From Throw In,Christopher Wooh,74588.0,Right Center Back,90,Cameroon,2722,,39,,,,,,,,,,,,,,,,,Cameroon,2722,00:08:39.598,Ball Recovery,
,,,,,,,,,,,,,,,,,0.0,,,,,,,,,,,b86de546-4acc-4e1b-ad0b-e34502336e2f,1669,,"[85.1, 67.4]",3920389,56,,,,,,,,,,,,,,,,,,,,,,,,2,From Goal Kick,Frank Magri,189348.0,Right Wing,92,Guinea,4892,['82803430-65a1-418f-910f-683276c6d924'],25,,,,,,,,,,,,,,,,,Cameroon,2722,00:11:25.991,Ball Recovery,
,,,,,,,,,,,,,,,,,0.0,,,,,,,,,,,b8b76c59-d50b-40f1-adda-0330b54e8895,1677,,"[30.3, 15.6]",3920389,56,,,,,,,,,,,,,,,,,,,,,,,,2,From Goal Kick,Sekou Oumar Sylla,132711.0,Left Back,92,Guinea,4892,['c34a9cc5-61a8-41e9-837a-b3c2963ef613'],29,,,,,,,,,,,,,,,,,Guinea,4892,00:11:29.653,Ball Recovery,True
,,,,,,,,,,,,,,,,,0.0,,,,,,,,,,,bb318dfb-f126-4d69-98ed-c3fe5a92f9ac,1698,,"[53.7, 42.0]",3920389,57,,,,,,,,,,,,,,,,,,,,,,,,2,Regular Play,Harold Moukoudi,7386.0,Left Center Back,94,Cameroon,2722,['6df80929-1138-475b-b1ae-d1dffa1821ac'],4,,,,,,,,,,,,,,,,,Cameroon,2722,00:12:04.402,Ball Recovery,
,,,,,,,,,,,,,,,,,0.0,,,,,,,,,,,9a51a00f-1497-4548-bf4e-c21cfae018ac,1712,,"[99.0, 54.1]",3920389,57,,,,,,,,,,,,,,,,,,,,,,,,2,From Corner,Olivier Michel Kemen,7355.0,Center Attacking Midfield,95,Cameroon,2722,,50,,,,,,,,,,,,,,,,,Cameroon,2722,00:12:50.997,Ball Recovery,
,,True,,,,,,,,,,,,,,,0.0,,,,,,,,,,,cfb0fd19-e1e8-40ff-a89b-adda91e02192,1733,,"[41.8, 14.7]",3920389,60,,,,,,,,,,,,,,,,,,,,,,,,2,Regular Play,Julian Jeanvier,7360.0,Left Center Back,97,Cameroon,2722,['7885d1d5-c455-400e-b760-b1c1e62a7e6e'],10,,,,,,,,,,,,,,,,,Guinea,4892,00:15:10.335,Ball Recovery,
,,,,,,,,,,,,,,,,,0.0,,,,,,,,,,,efd31150-5a5f-49e1-983d-fe2218fd5ef8,1734,,"[73.6, 65.7]",3920389,60,,,,,,,,,,,,,,,,,,,,,,,,2,Regular Play,Karl Brillant Toko Ekambi,3551.0,Center Forward,97,Cameroon,2722,,11,,,,,,,,,,,,,,,,,Cameroon,2722,00:15:11.913,Ball Recovery,
,,,,,,,,,,,,,,,,,0.0,,,,,,,,,,,d6de9656-97e4-4204-902f-65c309624b22,1799,,"[32.9, 26.8]",3920389,62,,,,,,,,,,,,,,,,,,,,,,,,2,Regular Play,Georges-Kévin Nkoudou Mbida,3639.0,Left Wing,103,Cameroon,2722,,33,,,,,,,,,,,,,,,,,Cameroon,2722,00:17:33.170,Ball Recovery,
,,,,,,,,,,,,,,,,,0.0,,,,,,,,,,,6a529e70-ba04-46db-9c1d-fe47b0ff1308,1879,,"[105.6, 24.9]",3920389,66,,,,,,,,,,,,,,,,,,,,,,,,2,Regular Play,Georges-Kévin Nkoudou Mbida,3639.0,Left Wing,109,Cameroon,2722,,1,,,,,,,,,,,,,,,,,Cameroon,2722,00:21:01.976,Ball Recovery,
,,,,,,,,,,,,,,,,,0.0,,,,,,,,,,,57a45247-7343-4fd5-834a-a1adcfb1335c,1945,,"[45.6, 34.0]",3920389,68,,,,,,,,,,,,,,,,,,,,,,,,2,Regular Play,Christopher Wooh,74588.0,Right Center Back,115,Cameroon,2722,['a30d7844-b2be-440c-9cff-9781a79347e2'],22,,,,,,,,,,,,,,,,,Cameroon,2722,00:23:22.319,Ball Recovery,
,,,,,,,,,,,,,,,,,0.0,,,,,,,,,,,4b9221ec-4b2b-4bf0-8f05-5dce4ed67105,1991,,"[11.7, 23.7]",3920389,70,,,,,,,,,,,,,,,,,,,,,,,,2,From Throw In,Jules Olivier Ntcham,10530.0,Right Defensive Midfield,119,Guinea,4892,['35048d0b-e700-4da6-acd7-60fecb5786fa'],51,,,,,,,,,,,,,,,,,Cameroon,2722,00:25:51.092,Ball Recovery,
,,,,,,,,,,,,,,,,,0.0,,,,,,,,,,,06420a4e-fe2b-402e-b640-582e4789a5ae,2019,,"[5.0, 57.2]",3920389,71,,,,,,,,,,,,,,,,,,,,,,,,2,From Throw In,Ibrahim Kone,182573.0,Goalkeeper,119,Guinea,4892,['3b484098-dfbf-465a-80fb-b65853b1b719'],41,,,,,,,,,,,,,,,,,Guinea,4892,00:26:41.154,Ball Recovery,
,,,,,,,,,,,,,,,,,0.0,,,,,,,,,,,6a2309c4-b944-4843-a97d-6487787efe8b,2027,,"[3.4, 44.3]",3920389,74,,,,,,,,,,,,,,,,,,,,,,,,2,From Throw In,Ibrahim Kone,182573.0,Goalkeeper,120,Cameroon,2722,,36,,,,,,,,,,,,,,,,,Guinea,4892,00:29:36.297,Ball Recovery,
,,,,,,,,,,,,,,,,,0.0,,,,,,,,,,,5f345c9d-c77f-4454-9804-6b5eded92798,2061,,"[75.8, 55.8]",3920389,75,,,,,,,,,,,,,,,,,,,,,,,,2,From Throw In,Ibrahim Diakité,176683.0,Right Back,121,Guinea,4892,['ea0cd6eb-20cd-42f8-b9fa-b2ad3530a123'],30,,,,,,,,,,,,,,,,,Guinea,4892,00:30:30.456,Ball Recovery,
,,,,,,,,,,,,,,,,,0.0,,,,,,,,,,,f900a36b-df09-4b7a-b99c-cc5be47ef8de,2128,,"[80.9, 77.8]",3920389,78,,,,,,,,,,,,,,,,,,,,,,,,2,From Free Kick,Oumar Gonzalez,28444.0,Right Center Back,125,Cameroon,2722,['dee62202-2dac-4a26-b87b-ee9a3108e775'],7,,,,,,,,,,,,,,,,,Cameroon,2722,00:33:07.754,Ball Recovery,True
,,,,,,,,,,,,,,,,,0.0,,,,,,,,,,,545888e7-3275-4627-a114-8660d9d16f77,2149,,"[63.3, 10.2]",3920389,79,,,,,,,,,,,,,,,,,,,,,,,,2,Other,André-Frank Zambo Anguissa,3141.0,Left Defensive Midfield,127,Cameroon,2722,,43,,,,,,,,,,,,,,,,,Cameroon,2722,00:34:43.307,Ball Recovery,
,,,,,,,,,,,,,,,,,0.0,,,,,,,,,,,ecd060fe-8fd7-446c-82d0-c90f1b3fe4d4,2190,,"[11.0, 50.2]",3920389,81,,,,,,,,,,,,,,,,,,,,,,,,2,From Corner,Moriba Kourouma Kourouma,39073.0,Right Defensive Midfield,129,Cameroon,2722,,2,,,,,,,,,,,,,,,,,Guinea,4892,00:36:02.111,Ball Recovery,
,,,,,,,,,,,,,,,,,0.0,,,,,,,,,,,d6ecbccc-0a22-42b3-ab6d-60bd1f132922,2228,,"[2.8, 41.4]",3920389,81,,,,,,,,,,,,,,,,,,,,,,,,2,From Throw In,Ibrahim Kone,182573.0,Goalkeeper,131,Cameroon,2722,['2b57ed0e-aa14-46d8-b424-323d4f3ea0ba'],57,,,,,,,,,,,,,,,,,Guinea,4892,00:36:57.842,Ball Recovery,
,,,,,,,,,,,,,,,,,0.0,,,,,,,,,,,e5789b9d-6408-457b-ae12-5df294617b3a,2284,,"[111.5, 15.4]",3920389,83,,,,,,,,,,,,,,,,,,,,,,,,2,From Throw In,Darlin Zidane Yongwa Ngameni,32190.0,Left Back,131,Cameroon,2722,,16,,,,,,,,,,,,,,,,,Cameroon,2722,00:38:16.637,Ball Recovery,
,,,,,,,,,,,,,,,,,0.0,,,,,,,,,,,59d1265c-6c21-44e0-8f90-26d00950b890,2300,,"[104.7, 44.6]",3920389,83,,,,,,,,,,,,,,,,,,,,,,,,2,From Throw In,Karl Brillant Toko Ekambi,3551.0,Center Forward,131,Cameroon,2722,,35,,,,,,,,,,,,,,,,,Cameroon,2722,00:38:35.201,Ball Recovery,
,,,,,,,,,,,,,,,,,0.0,,,,,,,,,,,d840b582-de61-4a33-8b74-8199799413fd,2359,,"[64.8, 62.1]",3920389,85,,,,,,,,,,,,,,,,,,,,,,,,2,Regular Play,Harold Moukoudi,7386.0,Left Center Back,135,Cameroon,2722,['edd7685b-f800-42b5-8d35-3311d0b3c6ba'],52,,,,,,,,,,,,,,,,,Cameroon,2722,00:40:52.308,Ball Recovery,
,,,,,,,,,,,,,,,,,0.0,,,,,,,,,,,9fd49057-145f-48de-aa0d-b4a91d35e2bb,2409,,"[98.8, 76.4]",3920389,87,,,,,,,,,,,,,,,,,,,,,,,,2,From Throw In,Jean-Charles Castelletto,7426.0,Right Back,136,Cameroon,2722,,0,,,,,,,,,,,,,,,,,Cameroon,2722,00:42:00.460,Ball Recovery,
,,,,,,,,,,,,,,,,,0.0,,,,,,,,,,,e854a854-e042-42b9-bfe6-d51b23a0cd3f,2459,,"[9.5, 1.5]",3920389,89,,True,,,,,,,,,,,,,,,,,,,,,,2,Regular Play,Oumar Gonzalez,28444.0,Right Center Back,141,Cameroon,2722,,0,,,,,,,,,,,,,,,,,Cameroon,2722,00:44:00.006,Ball Recovery,
,,,,,,,,,,,,,,,,,0.0,,,,,,,,,,,a9fbf5f3-aed3-473a-8344-23f10dfcff25,2487,,"[25.3, 74.6]",3920389,90,,,,,,,,,,,,,,,,,,,,,,,,2,Regular Play,Jean-Charles Castelletto,7426.0,Right Back,144,Cameroon,2722,['2d8bdf4a-434f-44a4-a14c-52924cbcab69'],20,,,,,,,,,,,,,,,,,Cameroon,2722,00:45:20.109,Ball Recovery,
,,,,,,,,,,,,,,,,,0.0,,,,,,,,,,,dbcc2a0d-6de1-43ea-9bb5-e34b3a2b0c5e,2500,,"[70.4, 8.0]",3920389,90,,,,,,,,,,,,,,,,,,,,,,,,2,From Throw In,Darlin Zidane Yongwa Ngameni,32190.0,Left Back,145,Guinea,4892,['4b35cbd0-478e-471e-8932-bca7e46bc838'],50,,,,,,,,,,,,,,,,,Cameroon,2722,00:45:50.850,Ball Recovery,
,,,,,,,,,,,,,,,,,0.0,,,,,,,,,,,07e033e4-3fc4-44cc-adf8-72f0c466b3bd,2508,,"[39.2, 57.8]",3920389,90,,,,,,,,,,,,,,,,,,,,,,,,2,From Throw In,Mory Konaté,35285.0,Left Defensive Midfield,145,Guinea,4892,['37f5ae47-e4b4-428a-a8b8-e4ae769e1d5f'],54,,,,,,,,,,,,,,,,,Guinea,4892,00:45:54.616,Ball Recovery,
,,,,,,,,,,,,,,,,,0.0,,,,,,,,,,,cb5eb7f3-53c3-4516-ba0f-0a9536033409,2514,,"[80.5, 5.2]",3920389,90,,,,,,,,,,,,,,,,,,,,,,,,2,Regular Play,Georges-Kévin Nkoudou Mbida,3639.0,Left Midfield,146,Cameroon,2722,,57,,,,,,,,,,,,,,,,,Cameroon,2722,00:45:57.501,Ball Recovery,
,,,,,,,,,,,,,,,,,0.0,,,,,,,,,,,7fd59e87-6461-4d9a-95b7-e92adb369d04,2528,,"[13.0, 53.0]",3920389,91,,,,,,,,,,,,,,,,,,,,,,,,2,Regular Play,Moriba Kourouma Kourouma,39073.0,Right Defensive Midfield,146,Cameroon,2722,,6,,,,,,,,,,,,,,,,,Guinea,4892,00:46:06.328,Ball Recovery,
,,,,,,,,,,,,,,,,,0.0,,,,,,,,,,,7c13ef22-f03e-4cb7-810f-db81bd11702c,2537,,"[44.3, 14.6]",3920389,91,,,,,,,,,,,,,,,,,,,,,,,,2,Regular Play,Harold Moukoudi,7386.0,Left Center Back,146,Cameroon,2722,"['18f1050b-9e80-473b-8e7d-df262aa2e40b', 'f40e1a9a-af55-4968-8689-a347251b4ed8']",12,,,,,,,,,,,,,,,,,Cameroon,2722,00:46:12.142,Ball Recovery,True
,,,,,,,,,,,,,,,,,0.0,,,,,,,,,,,a684b20b-a97f-423a-bf87-7669c24dcf5f,2562,,"[8.4, 54.6]",3920389,91,,,,,,,,,,,,,,,,,,,,,,,,2,Regular Play,Ibrahim Diakité,176683.0,Right Back,146,Cameroon,2722,,38,,,,,,,,,,,,,,,,,Guinea,4892,00:46:38.667,Ball Recovery,
,,True,,,,,,,,,,,,,,,0.0,,,,,,,,,,,daf608a0-6a41-4689-b161-5f655b7be01b,2575,,"[86.0, 54.0]",3920389,92,,,,,,,,,,,,,,,,,,,,,,,,2,From Throw In,Moriba Kourouma Kourouma,39073.0,Right Defensive Midfield,148,Guinea,4892,,58,,,,,,,,,,,,,,,,,Guinea,4892,00:47:58.430,Ball Recovery,
,,,,,,,,,,,,,,,,,0.0,,,,,,,,,,,23125838-dd84-4395-9133-ff2f3f167330,2577,,"[93.4, 53.9]",3920389,92,,,,,,,,,,,,,,,,,,,,,,,,2,From Throw In,José Kanté Martínez,8012.0,Center Forward,148,Guinea,4892,,59,,,,,,,,,,,,,,,,,Guinea,4892,00:47:59.881,Ball Recovery,
,,,,,,,,,,,,,,,,,0.0,,,,,,,,,,,a2b4c6ff-e364-40c1-b9a8-61a7430935af,2614,,"[74.9, 14.9]",3920389,94,,,,,,,,,,,,,,,,,,,,,,,,2,From Free Kick,Georges-Kévin Nkoudou Mbida,3639.0,Left Midfield,150,Cameroon,2722,,37,,,,,,,,,,,,,,,,,Cameroon,2722,00:49:37.256,Ball Recovery,
,,True,,,,,,,,,,,,,,,0.0,,,,,,,,,,,35cdf97f-bd14-463d-9a5a-63f37d014bba,2650,,"[13.2, 29.1]",3920389,95,,,,,,,,,,,,,,,,,,,,,,,,2,From Throw In,Facinet Conte,406457.0,Left Midfield,151,Cameroon,2722,,43,,,,,,,,,,,,,,,,,Guinea,4892,00:50:43.372,Ball Recovery,
,,,,,,,,,,,,,,,,,0.0,,,,,,,,,,,9bb9a93c-883e-4669-a936-dde8c372fb8a,2651,,"[21.9, 23.0]",3920389,95,,,,,,,,,,,,,,,,,,,,,,,,2,From Throw In,Issiaga Sylla,4352.0,Left Defensive Midfield,151,Cameroon,2722,,45,,,,,,,,,,,,,,,,,Guinea,4892,00:50:45.072,Ball Recovery,
,,,,,,,,,,,,,,,,,0.0,,,,,,,,,,,c54a4d55-7b3c-4d4f-8980-b4a9a2826883,54,,"[3.9, 68.7]",3920389,0,,,,,,,,,,,,,,,,,,,,,,,,1,Regular Play,Mouctar Diakhaby,4267.0,Right Center Back,3,Guinea,4892,['c5692079-ffc0-4534-b9c9-ffae8113777d'],49,,,,,,,,,,,,,,,,,Guinea,4892,00:00:49.842,Dispossessed,True
,,,,,,,,,,,,,,,,,0.0,,,,,,,,,,,294637f5-3237-47f2-812f-cb1d4ce333eb,75,,"[36.2, 7.8]",3920389,2,,,,,,,,,,,,,,,,,,,,,,,,1,From Throw In,Olivier Michel Kemen,7355.0,Center Defensive Midfield,7,Guinea,4892,['2665b11a-cd38-4277-96ca-6cf4ddc0cd80'],2,,,,,,,,,,,,,,,,,Cameroon,2722,00:02:02.022,Dispossessed,True
,,,,,,,,,,,,,,,,,0.0,,,,,,,,,,,20882ee6-3364-4f09-8668-13842b091644,267,,"[88.4, 9.1]",3920389,8,,,,,,,,,,,,,,,,,,,,,,,,1,Regular Play,François Kamano,3405.0,Left Wing,19,Cameroon,2722,['79fe87d2-605b-4777-82c9-8d6b0e57c91f'],46,,,,,,,,,,,,,,,,,Guinea,4892,00:08:46.565,Dispossessed,True
,,,,,,,,,,,,,,,,,0.0,,,,,,,,,,,c9651fcd-77b9-4639-a76e-283c827a0176,288,,"[76.9, 59.4]",3920389,9,,,,,,,,,,,,,,,,,,,,,,,,1,Regular Play,Morgan Guilavogui,47351.0,Right Wing,20,Guinea,4892,['5d6e150e-c75a-47d3-8906-b6af5ac17f38'],2,,,,,,,,,,,,,,,,,Guinea,4892,00:09:02.560,Dispossessed,True
,,,,,,,,,,,,,,,,,0.0,,,,,,,,,,,abe53198-b481-4f23-92fb-3641bd249b53,434,,"[99.2, 22.1]",3920389,14,,,,,,,,,,,,,,,,,,,,,,,,1,From Throw In,Darlin Zidane Yongwa Ngameni,32190.0,Left Back,25,Cameroon,2722,['ee8c7a3e-2f7b-480f-bbef-c49134f13310'],17,,,,,,,,,,,,,,,,,Cameroon,2722,00:14:17.422,Dispossessed,True
,,,,,,,,,,,,,,,,,0.0,,,,,,,,,,,6adb3712-3d06-4556-8b8f-8ad2a19058f2,817,,"[92.0, 14.2]",3920389,26,,,,,,,,,,,,,,,,,,,,,,,,1,Regular Play,André-Frank Zambo Anguissa,3141.0,Left Center Midfield,42,Cameroon,2722,"['4b2bfc18-8190-45f3-a366-8d4d0612c741', '0ab0a5e8-b435-47f0-964e-2a531b96b880']",2,,,,,,,,,,,,,,,,,Cameroon,2722,00:26:02.571,Dispossessed,True
,,,,,,,,,,,,,,,,,0.0,,,,,,,,,,,07ea9a5a-bae2-4272-849f-7ecda1c9f40f,1121,,"[43.7, 57.0]",3920389,36,,,,,,,,,,,,,,,,,,,,,,,,1,From Free Kick,Aguibou Camara,39559.0,Center Attacking Midfield,57,Guinea,4892,"['1da3e5eb-1ea3-4e5f-9fac-c42e5b78081d', 'ae3712bf-a70e-497a-836e-c75e4bf1d3c9']",22,,,,,,,,,,,,,,,,,Guinea,4892,00:36:22.467,Dispossessed,True
,,,,,,,,,,,,,,,,,0.0,,,,,,,,,,,6b942abd-a717-4b01-8df4-e68416ce07e4,1129,,"[90.8, 18.2]",3920389,36,,,,,,,,,,,,,,,,,,,,,,,,1,From Free Kick,Georges-Kévin Nkoudou Mbida,3639.0,Left Wing,57,Guinea,4892,"['64d6d00f-eb1e-44cb-b78b-3cdd8de78ce7', '2db2acba-5365-4fb4-a05c-bdd854c2dc21']",27,,,,,,,,,,,,,,,,,Cameroon,2722,00:36:27.690,Dispossessed,True
,,,,,,,,,,,,,,,,,0.0,,,,,,,,,,,f20b2f96-a315-4426-85a5-8f4cd9b7f8a9,1823,,"[2.9, 75.3]",3920389,64,,,,,,,,,,,,,,,,,,,,,,,,2,From Free Kick,Ibrahim Diakité,176683.0,Right Back,104,Cameroon,2722,"['a9331f36-4ac9-47db-9181-79b86b1f8cbe', '44b7a5d4-017f-46da-9d05-839a9cf501fb']",0,,,,,,,,,,,,,,,,,Guinea,4892,00:19:00.644,Dispossessed,True
,,,,,,,,,,,,,,,,,0.0,,,,,,,,,,,fa59e7cb-5aa3-4796-a486-61233ab0a4ee,1913,,"[57.5, 1.7]",3920389,67,,,,,,,,,,,,,,,,,,,,,,,,2,From Throw In,Sekou Oumar Sylla,132711.0,Left Back,112,Guinea,4892,['21f1b132-5b2e-43a8-a133-1c05b1482803'],39,,,,,,,,,,,,,,,,,Guinea,4892,00:22:39.792,Dispossessed,True
,,,,,,,,,,,,,,,,,0.0,,,,,,,,,,,0e2f65ed-8867-4941-94dd-2c7eb8ff2aa8,2057,,"[99.7, 38.6]",3920389,75,,,,,,,,,,,,,,,,,,,,,,,,2,From Throw In,Moriba Kourouma Kourouma,39073.0,Right Defensive Midfield,121,Guinea,4892,['5c4978ef-9d3f-461e-892a-5d3ac1774a2a'],26,,,,,,,,,,,,,,,,,Guinea,4892,00:30:26.250,Dispossessed,True
,,,,,,,,,,,True,,,,Lost Out,Tackle,0.0,,,,,,,,,,,c5692079-ffc0-4534-b9c9-ffae8113777d,55,,"[116.2, 11.4]",3920389,0,,,,,,,,,,,,,,,,,,,,,,,,1,Regular Play,André-Frank Zambo Anguissa,3141.0,Left Center Midfield,3,Guinea,4892,['c54a4d55-7b3c-4d4f-8980-b4a9a2826883'],49,,,,,,,,,,,,,,,,,Cameroon,2722,00:00:49.842,Duel,True
,,,,,,,,,,,True,,,,Success In Play,Tackle,0.0,,,,,,,,,,,2665b11a-cd38-4277-96ca-6cf4ddc0cd80,76,,"[83.9, 72.3]",3920389,2,,,,,,,,,,,,,,,,,,,,,,,,1,From Throw In,Moriba Kourouma Kourouma,39073.0,Left Defensive Midfield,7,Guinea,4892,['294637f5-3237-47f2-812f-cb1d4ce333eb'],2,,,,,,,,,,,,,,,,,Guinea,4892,00:02:02.022,Duel,True
,,,,,,,,,,,,,,,Success In Play,Tackle,0.0,,,,,,,,,,,b22dd908-2902-432f-96f8-f505855fa8a8,89,,"[23.2, 7.7]",3920389,2,,,,,,,,,,,,,,,,,,,,,,,,1,From Throw In,Olivier Michel Kemen,7355.0,Center Defensive Midfield,7,Guinea,4892,['2cc70ec0-b613-4544-87a8-9898408e2e47'],11,,,,,,,,,,,,,,,,,Cameroon,2722,00:02:11.045,Duel,True
,,,,,,,,,,,,,,,,Aerial Lost,0.0,,,,,,,,,,,cfbe1b2a-fa44-46c0-b8e9-4763e0d72737,193,,"[11.1, 36.3]",3920389,6,,,,,,,,,,,,,,,,,,,,,,,,1,From Free Kick,Harold Moukoudi,7386.0,Left Center Back,16,Guinea,4892,['c5f4a330-aeb5-47d7-b13b-f79d9a784346'],44,,,,,,,,,,,,,,,,,Cameroon,2722,00:06:44.490,Duel,True
,,,,,,,,,,,True,,,,Success In Play,Tackle,0.0,,,,,,,,,,,79fe87d2-605b-4777-82c9-8d6b0e57c91f,268,,"[31.7, 71.0]",3920389,8,,,,,,,,,,,,,,,,,,,,,,,,1,Regular Play,Jean-Charles Castelletto,7426.0,Right Back,19,Cameroon,2722,['20882ee6-3364-4f09-8668-13842b091644'],46,,,,,,,,,,,,,,,,,Cameroon,2722,00:08:46.565,Duel,True
,,,,,,,,,,,,,,,Won,Tackle,0.0,,,,,,,,,,,5d6e150e-c75a-47d3-8906-b6af5ac17f38,289,,"[43.2, 20.7]",3920389,9,,,,,,,,,,,,,,,,,,,,,,,,1,Regular Play,Harold Moukoudi,7386.0,Left Center Back,20,Guinea,4892,['c9651fcd-77b9-4639-a76e-283c827a0176'],2,,,,,,,,,,,,,,,,,Cameroon,2722,00:09:02.560,Duel,True
,,,,,,,,,,,,,,,,Aerial Lost,0.0,,,,,,,,,,,d1f82956-1f7c-4b0f-817b-9640e98ee97a,355,,"[51.4, 8.5]",3920389,13,,,,,,,,,,,,,,,,,,,,,,,,1,From Goal Kick,Darlin Zidane Yongwa Ngameni,32190.0,Left Back,23,Guinea,4892,['5d169d38-f6dd-4c79-b79c-7d06e646af4d'],5,,,,,,,,,,,,,,,,,Cameroon,2722,00:13:05.202,Duel,True
,,,,,,,,,,,True,,,,,Aerial Lost,0.0,,,,,,,,,,,6b513136-b58f-44a7-b316-6df25441b4cc,360,,"[50.4, 67.0]",3920389,13,,,,,,,,,,,,,,,,,,,,,,,,1,From Goal Kick,Mouctar Diakhaby,4267.0,Right Center Back,23,Guinea,4892,['2e74b6e7-5c2d-461b-87e9-ed9fe76d4b8a'],8,,,,,,,,,,,,,,,,,Guinea,4892,00:13:08.642,Duel,True
,,,,,,,,,,,True,,,,,Aerial Lost,0.0,,,,,,,,,,,fb069731-9803-4bea-bc71-aa1dddeef91e,365,,"[80.2, 57.5]",3920389,13,,,,,,,,,,,,,,,,,,,,,,,,1,From Goal Kick,Mohamed Bayo,8454.0,Center Forward,23,Guinea,4892,['b264a3e6-ded4-4ceb-8b06-551d2159478a'],13,,,,,,,,,,,,,,,,,Guinea,4892,00:13:13.251,Duel,True
,,,,,,,,,,,True,,,,Success In Play,Tackle,0.0,,,,,,,,,,,ee8c7a3e-2f7b-480f-bbef-c49134f13310,435,,"[20.9, 58.0]",3920389,14,,,,,,,,,,,,,,,,,,,,,,,,1,Regular Play,Morgan Guilavogui,47351.0,Right Wing,26,Guinea,4892,['abe53198-b481-4f23-92fb-3641bd249b53'],17,,,,,,,,,,,,,,,,,Guinea,4892,00:14:17.422,Duel,True
,,,,,,,,,,,True,,,,,Aerial Lost,0.0,,,,,,,,,,,b6bc385e-bfc6-42a5-97c4-28799edc4fed,456,,"[45.3, 11.0]",3920389,14,,,,,,,,,,,,,,,,,,,,,,,,1,Regular Play,Sekou Oumar Sylla,132711.0,Left Back,27,Cameroon,2722,['b3fd7b78-16c1-472d-9b5e-21b3c558a764'],41,,,,,,,,,,,,,,,,,Guinea,4892,00:14:41.057,Duel,True
,,,,,,,,,,,,,,,,Aerial Lost,0.0,,,,,,,,,,,fdcd299c-de2c-47d6-ae02-9cc3c3e1479d,545,,"[46.4, 15.0]",3920389,19,,,,,,,,,,,,,,,,,,,,,,,,1,From Goal Kick,Darlin Zidane Yongwa Ngameni,32190.0,Left Back,32,Guinea,4892,['2140dec0-179f-41ed-894a-02b051935a48'],18,,,,,,,,,,,,,,,,,Cameroon,2722,00:19:18.563,Duel,True
,,,,,,,,,,,,,,,,Aerial Lost,0.0,,,,,,,,,,,e32f3ab1-05bf-4472-8133-575ebefb6cf6,567,,"[36.9, 17.9]",3920389,19,,,,,,,,,,,,,,,,,,,,,,,,1,From Goal Kick,Harold Moukoudi,7386.0,Left Center Back,32,Guinea,4892,['2ecc9be5-6ee1-4be2-b789-e0c65cd50eea'],43,,,,,,,,,,,,,,,,,Cameroon,2722,00:19:43.194,Duel,True
,,,,,,,,,,,True,,,,Success In Play,Tackle,0.0,,,,,,,,,,,d130c72b-b12b-4c83-8be0-d0ea97e2fd30,731,,"[44.8, 11.8]",3920389,24,,,,,,,,,,,,,,,,,,,,,,,,1,Regular Play,Sekou Oumar Sylla,132711.0,Left Back,41,Guinea,4892,['24af2bf9-62e1-4d1b-b7c6-ed4e29fd2aba'],27,,,,,,,,,,,,,,,,,Guinea,4892,00:24:27.210,Duel,True
,,,,,,,,,,,,,,,Lost Out,Tackle,0.0,,,,,,,,,,,4b2bfc18-8190-45f3-a366-8d4d0612c741,818,,"[28.1, 65.9]",3920389,26,,,,,,,,,,,,,,,,,,,,,,,,1,Regular Play,Moriba Kourouma Kourouma,39073.0,Left Defensive Midfield,42,Cameroon,2722,['6adb3712-3d06-4556-8b8f-8ad2a19058f2'],2,,,,,,,,,,,,,,,,,Guinea,4892,00:26:02.571,Duel,True
,,,,,,,,,,,,,,,,Aerial Lost,0.0,,,,,,,,,,,890203d0-8c9a-4997-9028-6523de47575e,895,,"[21.0, 4.5]",3920389,28,,,,,,,,,,,,,,,,,,,,,,,,1,From Free Kick,Harold Moukoudi,7386.0,Left Center Back,45,Guinea,4892,['f0b9d6e6-a65b-4483-a27a-a14f29b783eb'],43,,,,,,,,,,,,,,,,,Cameroon,2722,00:28:43.274,Duel,True
,,,,,,,,,,,,,,,Lost Out,Tackle,0.0,,,,,,,,,,,7b3525e3-fbeb-48a2-8180-c03a2fecfb68,1017,,"[69.7, 74.1]",3920389,32,,,,,,,,,,,,,,,,,,,,,,,,1,Regular Play,Olivier Michel Kemen,7355.0,Center Defensive Midfield,50,Guinea,4892,['b320840a-42e9-426c-87bc-dbc29816c424'],48,,,,,,,,,,,,,,,,,Cameroon,2722,00:32:48.713,Duel,True
,,,,,,,,,,,,,,,Won,Tackle,0.0,,,,,,,,,,,ae3712bf-a70e-497a-836e-c75e4bf1d3c9,1122,,"[76.4, 23.1]",3920389,36,,,,,,,,,,,,,,,,,,,,,,,,1,From Free Kick,Darlin Zidane Yongwa Ngameni,32190.0,Left Back,57,Guinea,4892,['07ea9a5a-bae2-4272-849f-7ecda1c9f40f'],22,,,,,,,,,,,,,,,,,Cameroon,2722,00:36:22.467,Duel,True
,,,,,,,,,,,True,,,,Success In Play,Tackle,0.0,,,,,,,,,,,64d6d00f-eb1e-44cb-b78b-3cdd8de78ce7,1130,,"[29.3, 61.9]",3920389,36,,,,,,,,,,,,,,,,,,,,,,,,1,From Free Kick,Aguibou Camara,39559.0,Center Attacking Midfield,57,Guinea,4892,['6b942abd-a717-4b01-8df4-e68416ce07e4'],27,,,,,,,,,,,,,,,,,Guinea,4892,00:36:27.690,Duel,True
,,,,,,,,,,,,,,,,Aerial Lost,0.0,,,,,,,,,,,66b8391f-6647-4f74-aa37-cef78a895d7b,1170,,"[83.9, 68.0]",3920389,38,,,,,,,,,,,,,,,,,,,,,,,,1,From Goal Kick,Morgan Guilavogui,47351.0,Right Wing,60,Guinea,4892,['f81054ad-3146-45fa-b217-45c5511b0091'],37,,,,,,,,,,,,,,,,,Guinea,4892,00:38:37.135,Duel,True
,,,,,,,,,,,True,,,,,Aerial Lost,0.0,,,,,,,,,,,9ad1d031-28c5-4a6c-83a0-f5e82f2e159d,1173,,"[80.2, 66.1]",3920389,38,,,,,,,,,,,,,,,,,,,,,,,,1,Regular Play,Aguibou Camara,39559.0,Center Attacking Midfield,61,Cameroon,2722,['2a97590d-b648-4320-b1b7-dafd39cce3e8'],38,,,,,,,,,,,,,,,,,Guinea,4892,00:38:38.495,Duel,True
,,,,,,,,,,,,,,,,Aerial Lost,0.0,,,,,,,,,,,2c43c676-7b9c-44e8-a6a3-eac403d01519,1187,,"[43.3, 62.2]",3920389,38,,,,,,,,,,,,,,,,,,,,,,,,1,Regular Play,Mouctar Diakhaby,4267.0,Right Center Back,61,Cameroon,2722,['fab6e7c7-8eda-46d5-9617-61b2fa5f5f83'],47,,,,,,,,,,,,,,,,,Guinea,4892,00:38:47.324,Duel,True
,,,,,,,,,,,,,,,Lost Out,Tackle,0.0,,,,,,,,,,,3b1b47a8-4aac-4cf1-9207-69f4e4a10fbb,1427,,"[18.4, 70.2]",3920389,47,,,,,,,,,,,,,,,,,,,,,,,,2,From Free Kick,Morgan Guilavogui,47351.0,Right Midfield,80,Cameroon,2722,['fbadb582-830f-4232-9261-77bf521c98ad'],18,,,,,,,,,,,,,,,,,Guinea,4892,00:02:18.054,Duel,True
,,,,,,,,,,,,,,,,Aerial Lost,0.0,,,,,,,,,,,46e6ebfa-9211-4d33-aef6-df745d25d85a,1506,,"[110.6, 48.1]",3920389,49,,,,,,,,,,,,,,,,,,,,,,,,2,From Corner,Jean-Charles Castelletto,7426.0,Right Back,84,Cameroon,2722,['de371507-fe72-493d-8d46-f4ad6c282c9a'],20,,,,,,,,,,,,,,,,,Cameroon,2722,00:04:20.585,Duel,True
,,,,,,,,,,,,,,,,Aerial Lost,0.0,,,,,,,,,,,55795a1d-aa43-43ef-958b-924ab65fb608,1547,,"[4.7, 35.0]",3920389,50,,,,,,,,,,,,,,,,,,,,,,,,2,From Corner,Sekou Oumar Sylla,132711.0,Left Back,84,Cameroon,2722,['0d2bdea1-eaa4-45be-bcae-8d77a5a10259'],3,,,,,,,,,,,,,,,,,Guinea,4892,00:05:03.843,Duel,True
,,,,,,,,,,,,,,,,Aerial Lost,0.0,,,,,,,,,,,7024b5b6-cbbb-4b9d-814c-11baf95246cd,1567,,"[114.0, 34.1]",3920389,52,,,,,,,,,,,,,,,,,,,,,,,,2,From Free Kick,Karl Brillant Toko Ekambi,3551.0,Center Forward,87,Cameroon,2722,['a99bd511-d9c8-49e3-9298-2f00ea41208c'],25,,,,,,,,,,,,,,,,,Cameroon,2722,00:07:25.385,Duel,True
,,,,,,,,,,,,,,,,Aerial Lost,0.0,,,,,,,,,,,d00fc22e-c561-48e4-8068-a7d4cd03ea6f,1710,,"[112.0, 39.8]",3920389,57,,,,,,,,,,,,,,,,,,,,,,,,2,From Corner,Harold Moukoudi,7386.0,Left Center Back,95,Cameroon,2722,['86295d6e-40f2-48d1-a702-2045877f0b03'],49,,,,,,,,,,,,,,,,,Cameroon,2722,00:12:49.582,Duel,True
,,,,,,,,,,,,,,,,Aerial Lost,0.0,,,,,,,,,,,c575248b-47ad-42c3-af77-20f885267dae,1722,,"[74.5, 16.6]",3920389,60,,,,,,,,,,,,,,,,,,,,,,,,2,From Goal Kick,Mohamed Bayo,8454.0,Center Forward,96,Guinea,4892,['aed8b84e-1fd4-490a-b2b9-57567c3d301f'],4,,,,,,,,,,,,,,,,,Guinea,4892,00:15:04.751,Duel,True
,,,,,,,,,,,True,,,,Won,Tackle,0.0,,,,,,,,,,,fe2ee56c-b23a-485a-a7e5-644594259cde,1772,,"[11.1, 10.5]",3920389,60,,,,,,,,,,,,,,,,,,,,,,,,2,Regular Play,Sekou Oumar Sylla,132711.0,Left Back,101,Guinea,4892,['0a21614f-d590-4b3c-8742-ebb1dc3536d6'],55,,,,,,,,,,,,,,,,,Guinea,4892,00:15:55.350,Duel,True
,,,,,,,,,,,True,,,,Lost Out,Tackle,0.0,,,,,,,,,,,a9331f36-4ac9-47db-9181-79b86b1f8cbe,1824,,"[117.2, 4.8]",3920389,64,,,,,,,,,,,,,,,,,,,,,,,,2,From Free Kick,Georges-Kévin Nkoudou Mbida,3639.0,Left Wing,104,Cameroon,2722,['f20b2f96-a315-4426-85a5-8f4cd9b7f8a9'],0,,,,,,,,,,,,,,,,,Cameroon,2722,00:19:00.644,Duel,True
,,,,,,,,,,,True,,,,,Aerial Lost,0.0,,,,,,,,,,,e6470676-aa8c-41c4-84e5-e374943b5e39,1829,,"[62.9, 42.0]",3920389,64,,,,,,,,,,,,,,,,,,,,,,,,2,Regular Play,Mory Konaté,35285.0,Left Defensive Midfield,106,Cameroon,2722,['9dbf3b0e-f072-4bc6-a88c-24ae3de0328d'],46,,,,,,,,,,,,,,,,,Guinea,4892,00:19:46.167,Duel,True
,,,,,,,,,,,,,,,,Aerial Lost,0.0,,,,,,,,,,,2c294408-7d91-4eb7-95e8-f324b17385b7,1877,,"[111.2, 41.3]",3920389,65,,,,,,,,,,,,,,,,,,,,,,,,2,Regular Play,Karl Brillant Toko Ekambi,3551.0,Center Forward,109,Cameroon,2722,['f5177315-cffd-4da0-b9b2-20870dee8a84'],59,,,,,,,,,,,,,,,,,Cameroon,2722,00:20:59.952,Duel,True
,,,,,,,,,,,,,,,Lost Out,Tackle,0.0,,,,,,,,,,,21f1b132-5b2e-43a8-a133-1c05b1482803,1914,,"[62.6, 78.4]",3920389,67,,,,,,,,,,,,,,,,,,,,,,,,2,From Throw In,André-Frank Zambo Anguissa,3141.0,Left Defensive Midfield,112,Guinea,4892,['fa59e7cb-5aa3-4796-a486-61233ab0a4ee'],39,,,,,,,,,,,,,,,,,Cameroon,2722,00:22:39.792,Duel,True
,,,,,,,,,,,,,,,,Aerial Lost,0.0,,,,,,,,,,,2570850f-72bc-4c6b-8212-8741c595d453,1938,,"[55.1, 6.3]",3920389,68,,,,,,,,,,,,,,,,,,,,,,,,2,From Free Kick,Darlin Zidane Yongwa Ngameni,32190.0,Left Back,114,Guinea,4892,['0ece60ec-5ca3-4cc6-aafe-5b06224eda94'],18,,,,,,,,,,,,,,,,,Cameroon,2722,00:23:18.287,Duel,True
,,,,,,,,,,,,,,,Lost Out,Tackle,0.0,,,,,,,,,,,edf8a7f1-7f79-439f-8fa1-cd33893d29b9,1964,,"[47.0, 74.6]",3920389,69,,,,,,,,,,,,,,,,,,,,,,,,2,From Goal Kick,Jean-Charles Castelletto,7426.0,Right Back,117,Guinea,4892,['889500ad-b5a8-4e85-846c-1543d7ba5c8e'],59,,,,,,,,,,,,,,,,,Cameroon,2722,00:24:59.602,Duel,True
,,,,,,,,,,,,,,,,Aerial Lost,0.0,,,,,,,,,,,5dacd6d6-ba87-460e-9bca-613498dedf47,2033,,"[74.8, 6.3]",3920389,74,,,,,,,,,,,,,,,,,,,,,,,,2,From Throw In,Sekou Oumar Sylla,132711.0,Left Back,120,Cameroon,2722,['6090a0e6-85b1-470e-bd6e-732fed73d015'],59,,,,,,,,,,,,,,,,,Guinea,4892,00:29:59.654,Duel,True
,,,,,,,,,,,,,,,Success In Play,Tackle,0.0,,,,,,,,,,,5c4978ef-9d3f-461e-892a-5d3ac1774a2a,2058,,"[20.4, 41.5]",3920389,75,,,,,,,,,,,,,,,,,,,,,,,,2,From Throw In,Jules Olivier Ntcham,10530.0,Right Defensive Midfield,121,Guinea,4892,['0e2f65ed-8867-4941-94dd-2c7eb8ff2aa8'],26,,,,,,,,,,,,,,,,,Cameroon,2722,00:30:26.250,Duel,True
,,,,,,,,,,,,,,,,Aerial Lost,0.0,,,,,,,,,,,d80a8f21-6704-4657-877f-17081e9c0088,2095,,"[7.9, 40.8]",3920389,76,,,,,,,,,,,,,,,,,,,,,,,,2,From Goal Kick,Ibrahim Diakité,176683.0,Right Back,123,Cameroon,2722,['a76e98ff-9c8c-4938-8bb1-04e3db0c4b8b'],41,,,,,,,,,,,,,,,,,Guinea,4892,00:31:41.042,Duel,True
,,,,,,,,,,,,,,,,Aerial Lost,0.0,,,,,,,,,,,6418b349-044f-4be1-a826-c0367e8638ff,2104,,"[80.8, 28.2]",3920389,77,,,,,,,,,,,,,,,,,,,,,,,,2,From Goal Kick,Mohamed Bayo,8454.0,Center Forward,124,Guinea,4892,['0789a6ae-22dd-4060-ba56-48ee75822277'],24,,,,,,,,,,,,,,,,,Guinea,4892,00:32:24.468,Duel,True
,,,,,,,,,,,,,,,,Aerial Lost,0.0,,,,,,,,,,,8ecd6067-768f-4ff8-8abb-0f3403e2732e,2106,,"[75.3, 29.6]",3920389,77,,,,,,,,,,,,,,,,,,,,,,,,2,From Goal Kick,Moriba Kourouma Kourouma,39073.0,Right Defensive Midfield,124,Guinea,4892,['d8c76af0-868f-49a4-8188-e3aaf9b8eab9'],26,,,,,,,,,,,,,,,,,Guinea,4892,00:32:26.824,Duel,True
,,,,,,,,,,,,,,,,Aerial Lost,0.0,,,,,,,,,,,cc86b812-8d79-4951-a714-8a8d221e6d0e,2311,,"[48.5, 12.9]",3920389,84,,,,,,,,,,,,,,,,,,,,,,,,2,From Goal Kick,Harold Moukoudi,7386.0,Left Center Back,132,Guinea,4892,['cf8b7f6e-4eae-4e5f-b01d-2b12ff6b33f4'],34,,,,,,,,,,,,,,,,,Cameroon,2722,00:39:34.855,Duel,True
,,,,,,,,,,,,,,,,Aerial Lost,0.0,,,,,,,,,,,24c7acd4-4ba8-496e-87a6-b202c1ec09c7,2480,,"[12.1, 34.9]",3920389,89,,,,,,,,,,,,,,,,,,,,,,,,2,From Free Kick,Julian Jeanvier,7360.0,Left Center Back,142,Cameroon,2722,['70fd2646-96fd-45fa-9901-ba6aa3d0d943'],55,,,,,,,,,,,,,,,,,Guinea,4892,00:44:55.808,Duel,True
,,,,,,,,,,,,,,,,Aerial Lost,0.0,,,,,,,,,,,4fa31474-cde9-45bd-8d10-9fdc9c6c20a1,2610,,"[111.9, 45.2]",3920389,94,,,,,,,,,,,,,,,,,,,,,,,,2,From Free Kick,Faris Pemi Moumbagna,34293.0,Left Center Forward,150,Cameroon,2722,['414b5b68-3b8d-4a60-a2fd-acdd8ff87d62'],32,,,,,,,,,,,,,,,,,Cameroon,2722,00:49:32.116,Duel,True
,,,,,,,,,,,,,,,Lost Out,Tackle,0.0,,,,,,,,,,,464e7537-ce90-4f25-aa56-9ef2411f6fa8,2625,,"[15.4, 73.7]",3920389,94,,,,,,,,,,,,,,,,,,,,,,,,2,From Free Kick,Aguibou Camara,39559.0,Right Midfield,150,Cameroon,2722,['ee5d8721-039b-4309-95b5-180b3925e6b5'],49,,,,,,,,,,,,,,,,,Guinea,4892,00:49:49.271,Duel,True
,,,,,,,,,,,,,,,,Aerial Lost,0.0,,,,,,,,,,,d4dacc96-61c4-4c3d-b248-51b9b0078ad9,2646,,"[14.6, 42.4]",3920389,95,,,,,,,,,,,,,,,,,,,,,,,,2,From Throw In,Mouctar Diakhaby,4267.0,Right Center Back,151,Cameroon,2722,['860aeba4-4c80-4085-80ba-cf8966e12b17'],40,,,,,,,,,,,,,,,,,Guinea,4892,00:50:40.408,Duel,True
,,,,,,,,,,,,,,,,Aerial Lost,0.0,,,,,,,,,,,b915d6f8-4804-4a89-a031-e5431cf3419b,2659,,"[39.5, 75.3]",3920389,96,,,,,,,,,,,,,,,,,,,,,,,,2,From Throw In,André-Frank Zambo Anguissa,3141.0,Left Defensive Midfield,152,Guinea,4892,['b2b7ddcd-6148-4eba-afac-1453ecdedade'],23,,,,,,,,,,,,,,,,,Cameroon,2722,00:51:23.987,Duel,True
,,,,,,,,,,,,,,,,Aerial Lost,0.0,,,,,,,,,,,389bbde9-9064-40c4-87f1-7380b2eefe48,2661,,"[26.8, 78.4]",3920389,96,,,,,,,,,,,,,,,,,,,,,,,,2,From Throw In,Jean-Charles Castelletto,7426.0,Right Back,152,Guinea,4892,['d039bcc1-4289-492a-9d28-ff345e5302e5'],26,,,,,,,,,,,,,,,,,Cameroon,2722,00:51:26.106,Duel,True
,,,True,,,,,,,,,,,,,,0.0,,,,,,,,,,,320ce0ce-82ca-4207-9d5f-3f289651608c,80,,"[36.5, 10.5]",3920389,2,,,,,,,,,,,,,,,,,,,,,,,,1,From Throw In,Olivier Michel Kemen,7355.0,Center Defensive Midfield,7,Guinea,4892,['a25ab421-4453-4e4d-845d-6bc952f8d9e1'],2,,,,,,,,,,,,,,,,,Cameroon,2722,00:02:02.994,Block,
,,,,,,,,,,,,,,,,,0.0,,,,,,,,,,,dc33b5a4-9786-4277-9dd2-b5d49242dcd7,125,,"[9.1, 75.0]",3920389,3,,,True,,,,,,,,,,,,,,,,,,,,,1,From Throw In,Frank Magri,189348.0,Right Wing,10,Guinea,4892,['d0f3b1fd-381a-4685-b1af-61dc71c5f362'],9,,,,,,,,,,,,,,,,,Cameroon,2722,00:03:09.071,Block,
,,,,,,,,,,,,,,,,,0.0,,,,,,,,,,,94d58443-e577-4982-8eed-eebd84264a6e,209,,"[16.1, 22.5]",3920389,7,,,,,,,,,,,,,,,,,,,,,,,,1,From Goal Kick,Sekou Oumar Sylla,132711.0,Left Back,17,Cameroon,2722,['74614f3a-275a-4b0c-8ea2-f4bc1576eeae'],19,,,,,,,,,,,,,,,,,Guinea,4892,00:07:19.662,Block,
,,,,,,,,,,,,,,,,,0.0,,,,,,,,,,,17442369-f777-4478-90d1-ec5eb759b6e1,257,,"[47.3, 12.3]",3920389,8,,,,,,,,,,,,,,,,,,,,,,,,1,Regular Play,Sekou Oumar Sylla,132711.0,Left Back,19,Cameroon,2722,['a09ee1b1-69a3-441c-ad76-51df520c9e9a'],39,,,,,,,,,,,,,,,,,Guinea,4892,00:08:39.313,Block,
,,,,,,,,,,,,,,,,,0.0,,,,,,,,,,,bf44fa2c-5f74-40eb-8b35-42b030574ecd,260,,"[66.2, 59.7]",3920389,8,,,,,,,,,,,,,,,,,,,,,,,,1,Regular Play,Jules Olivier Ntcham,10530.0,Right Center Midfield,19,Cameroon,2722,['05fcef37-c011-493a-af0c-556bf63ade9f'],40,,,,,,,,,,,,,,,,,Cameroon,2722,00:08:40.685,Block,
,,,,,,,,,,,,,,,,,0.0,,,,,,,,,,,4918c8e1-8a89-441a-9b99-7dc68eb86a75,304,,"[13.1, 33.8]",3920389,9,,,,,,,,,,,,,,,,,,,,,,,,1,Regular Play,Christopher Wooh,74588.0,Right Center Back,20,Guinea,4892,['3b4284bc-0f79-404d-8e09-9bb5a64fce7a'],12,,,,,,,,,,,,,,,,,Cameroon,2722,00:09:12.816,Block,
,,,,,,,,,,,True,,,,,,0.0,,,,,,,,,,,d14e5854-2073-401e-8eb7-b950b3083775,382,,"[85.5, 77.4]",3920389,13,,,True,,,,,,,,,,,,,,,,,,,,,1,Regular Play,Morgan Guilavogui,47351.0,Right Wing,24,Cameroon,2722,['854c824b-80a3-4a0d-94ec-aa27b40fac86'],21,,,,,,,,,,,,,,,,,Guinea,4892,00:13:21.044,Block,
,,,,,,,,,,,,,,,,,0.0,,,,,,,,,,,4d9ec017-4eef-48fb-bcf6-3426b183c279,429,,"[20.7, 53.2]",3920389,14,,,,,,,,,,,,,,,,,,,,,,,,1,From Throw In,Morgan Guilavogui,47351.0,Right Wing,25,Cameroon,2722,['30bf24ed-5f49-41fb-bf95-6653b8fd77fa'],15,,,,,,,,,,,,,,,,,Guinea,4892,00:14:15.730,Block,
,,,,,,,,,,,,,,,,,0.0,,,,,,,,,,,459617d7-1d8f-43dd-bffd-1cf590037708,461,,"[108.8, 75.6]",3920389,14,,,,,,,,,,,,,,,,,,,,,,,,1,Regular Play,Frank Magri,189348.0,Right Wing,27,Cameroon,2722,['92639470-8035-49a9-a93f-76ecbff3c5b2'],47,,,,,,,,,,,,,,,,,Cameroon,2722,00:14:47.000,Block,
,,,,,,,,,,,,,,,,,0.0,,,,,,,,,,,4168f7a0-0356-471a-852f-dcb8bdb01dc1,473,,"[53.4, 11.8]",3920389,14,,,,,,,,,,,,,,,,,,,,,,,,1,Regular Play,Mohamed Bayo,8454.0,Center Forward,27,Cameroon,2722,['b2e42797-1b2a-4bf9-8c14-648c00f8dd1f'],54,,,,,,,,,,,,,,,,,Guinea,4892,00:14:54.162,Block,
,,,,,,,,,,,,,,,,,0.0,,,,,,,,,,,19c038b2-8b60-4f18-8d4f-59edf2776c8a,949,,"[24.2, 16.3]",3920389,29,,,,,,,,,,,,,,,,,,,,,,,,1,From Throw In,François Kamano,3405.0,Left Wing,47,Cameroon,2722,['008a9f7d-c5db-4ba7-b84b-acd899237220'],32,,,,,,,,,,,,,,,,,Guinea,4892,00:29:32.742,Block,
,,,,,,,,,,,,,,,,,0.0,,,,,,,,,,,e092bd15-9eb8-456b-a687-eb5b25582626,1081,,"[3.0, 45.9]",3920389,35,,,,,,,,,,,,,,,,,,,,,,,,1,From Free Kick,Mouctar Diakhaby,4267.0,Right Center Back,54,Cameroon,2722,['c1ad64ab-5781-496f-963f-2b51f2232c69'],19,,,,,,,,,,,,,,,,,Guinea,4892,00:35:19.749,Block,
,,,,,,,,,,,,,,,,,0.0,,,,,,,,,,,35122745-a827-403e-a77c-f31971ddc9ec,1096,,"[69.2, 5.9]",3920389,35,,,True,,,,,,,,,,,,,,,,,,,,,1,From Keeper,Georges-Kévin Nkoudou Mbida,3639.0,Left Wing,55,Guinea,4892,['d497cba1-cb3b-4939-b242-cadf630f2fd6'],52,,,,,,,,,,,,,,,,,Cameroon,2722,00:35:52.673,Block,
,,,,,,,,,,,,,,,,,0.0,,,,,,,,,,,3679e7fb-1842-4fe9-a458-e89ef3c75638,1109,,"[63.8, 50.1]",3920389,36,,,,,,,,,,,,,,,,,,,,,,,,1,From Free Kick,Olivier Michel Kemen,7355.0,Center Defensive Midfield,57,Guinea,4892,['52cf791c-bda2-41cd-babb-2225353511ac'],8,,,,,,,,,,,,,,,,,Cameroon,2722,00:36:08.383,Block,
,,,,,,,,,,,,,,,,,0.0,,,,,,,,,,,26b22da8-66d0-4cde-ae5f-bef2db8bd8a5,1152,,"[7.9, 44.9]",3920389,37,,,,,,,,,,,,,,,,,,,,,,,,1,From Corner,Mouctar Diakhaby,4267.0,Right Center Back,59,Cameroon,2722,['f7f10813-7fb0-44da-95fd-0a2d165b4a86'],43,,,,,,,,,,,,,,,,,Guinea,4892,00:37:43.184,Block,
,,,,,,,,,,,,,,,,,0.0,,,,,,,,,,,43a6ff62-ee00-4b21-a111-f7aab6d879f4,1162,,"[68.4, 66.2]",3920389,38,,,,,,,,,,,,,,,,,,,,,,,,1,From Goal Kick,Mohamed Bayo,8454.0,Center Forward,60,Guinea,4892,['f8cddf90-ac88-49a6-8881-0316c7c6ac51'],32,,,,,,,,,,,,,,,,,Guinea,4892,00:38:32.265,Block,
,,,,,,,,,,,,,,,,,0.0,,,,,,,,,,,640e4cda-3790-446d-8f2e-5d8dbe59fa3b,1447,,"[10.1, 25.4]",3920389,47,,,,,,,,,,,,,,,,,,,,,,,,2,Regular Play,Harold Moukoudi,7386.0,Left Center Back,82,Guinea,4892,['0bf19ff3-5101-45af-bfbc-de72bd40a118'],41,,,,,,,,,,,,,,,,,Cameroon,2722,00:02:41.995,Block,
,,,,,,,,,,,,,,,,,0.0,,,,,,,,,,,beedcf7b-5436-40a8-afad-01230a0adbf3,1497,,"[3.6, 12.7]",3920389,48,,,True,,,,,,,,,,,,,,,,,,,,,2,From Throw In,Aguibou Camara,39559.0,Left Midfield,83,Cameroon,2722,['df189c5f-ec4d-4db8-ad85-a121dd87cfb0'],46,,,,,,,,,,,,,,,,,Guinea,4892,00:03:46.047,Block,
,,,,,,,,,,,,,,,,,0.0,,,,,,,,,,,75c34b65-c9c0-48f2-8c17-5b85ff896578,1606,,"[15.4, 5.5]",3920389,53,,,True,,,,,,,,,,,,,,,,,,,,,2,From Throw In,Aguibou Camara,39559.0,Left Midfield,88,Cameroon,2722,['08429987-c4ad-45d4-ba48-df19c53fb3d7'],3,,,,,,,,,,,,,,,,,Guinea,4892,00:08:03.934,Block,
,,,,,,,,,,,,,,,,,0.0,,,,,,,,,,,9f517922-84c6-416a-9cf3-f011d8607794,1618,,"[13.1, 8.1]",3920389,53,,,True,,,,,,,,,,,,,,,,,,,,,2,From Throw In,Aguibou Camara,39559.0,Left Midfield,89,Cameroon,2722,['e3123fcd-6392-43ba-9402-5fb5a83d9f65'],15,,,,,,,,,,,,,,,,,Guinea,4892,00:08:15.605,Block,
,,,,,,,,,,,,,,,,,0.0,,,,,,,,,,,62071562-5549-4279-8851-5db82fbf410c,1655,,"[73.7, 57.8]",3920389,56,,,,,,,,,,,,,,,,,,,,,,,,2,From Goal Kick,Moriba Kourouma Kourouma,39073.0,Right Defensive Midfield,92,Guinea,4892,,15,,,,,,,,,,,,,,,,,Guinea,4892,00:11:15.163,Block,
,,,,,,,,,,,,,,,,,0.0,,,,,,,,,,,21825895-9838-4e4e-abd1-125b5994526f,1675,,"[87.8, 65.7]",3920389,56,,,,,,,,,,,,,,,,,,,,,,,,2,From Goal Kick,Frank Magri,189348.0,Right Wing,92,Guinea,4892,['62de2e5e-13e2-4502-a867-98126f6be366'],28,,,,,,,,,,,,,,,,,Cameroon,2722,00:11:28.096,Block,
,,,,,,,,,,,,,,,,,0.0,,,,,,,,,,,5c1b6ccf-2e08-4a8d-93d7-23d9ba5f0dee,1707,,"[20.3, 7.0]",3920389,57,,,True,,,,,,,,,,,,,,,,,,,,,2,Regular Play,Sekou Oumar Sylla,132711.0,Left Back,94,Cameroon,2722,['4b6c2ef2-0cf8-47d0-8e84-87c6971af8ea'],13,,,,,,,,,,,,,,,,,Guinea,4892,00:12:13.451,Block,
,,,,,,,,,,,,,,,,,0.0,,,,,,,,,,,1e71ea66-1441-4c69-8b0e-78ba615fbf97,1724,,"[75.3, 17.4]",3920389,60,,,,,,,,,,,,,,,,,,,,,,,,2,From Goal Kick,Mohamed Bayo,8454.0,Center Forward,96,Guinea,4892,,5,,,,,,,,,,,,,,,,,Guinea,4892,00:15:05.011,Block,
,,,,,,,,,,,,,,,,,0.0,,,,,,,,,,,2f6df8ef-cbb0-434b-8301-fc8e3f16111e,1749,,"[16.9, 37.1]",3920389,60,,,,,,,,,,,,,,,,,,,,,,,,2,From Throw In,Mouctar Diakhaby,4267.0,Right Center Back,98,Cameroon,2722,['fa05288f-fcab-4516-a11c-be44e01788ca'],40,,,,,,,,,,,,,,,,,Guinea,4892,00:15:40.593,Block,
,,,,True,,,,,,,,,,,,,0.0,,,,,,,,,,,d96c909f-c064-4e3f-af98-236351f5c027,1750,,"[104.0, 45.1]",3920389,60,,,,,,,,,,,,,,,,,,,,,,,,2,From Throw In,Karl Brillant Toko Ekambi,3551.0,Center Forward,98,Cameroon,2722,,40,,,,,,,,,,,,,,,,,Cameroon,2722,00:15:40.610,Block,
,,,True,,,,,,,,,,,,,,0.0,,,,,,,,,,,6ee7b7aa-c61e-478b-93cd-1a8eb9cfbc38,1792,,"[79.2, 43.5]",3920389,61,,,,,,,,,,,,,,,,,,,,,,,,2,Regular Play,Darlin Zidane Yongwa Ngameni,32190.0,Left Back,101,Guinea,4892,['b692ebf1-a710-4e60-a99f-1f0bc3533e3a'],4,,,,,,,,,,,,,,,,,Cameroon,2722,00:16:04.915,Block,
,,,,,,,,,,,True,,,,,,0.0,,,,,,,,,,,220c6d7f-8000-4ce8-abf2-d1b10906f138,1832,,"[62.0, 40.2]",3920389,64,,,,,,,,,,,,,,,,,,,,,,,,2,Regular Play,Mory Konaté,35285.0,Left Defensive Midfield,106,Cameroon,2722,['9dbf3b0e-f072-4bc6-a88c-24ae3de0328d'],46,,,,,,,,,,,,,,,,,Guinea,4892,00:19:46.254,Block,
,,,,,,,,,,,,,,,,,0.0,,,,,,,,,,,07847037-6b50-4c00-8300-1ad5cdebf97d,1904,,"[72.5, 10.0]",3920389,67,,,True,,,,,,,,,,,,,,,,,,,,,2,From Throw In,Facinet Conte,406457.0,Left Midfield,111,Cameroon,2722,['5f57f146-7755-4930-993d-a88c403b3798'],14,,,,,,,,,,,,,,,,,Guinea,4892,00:22:14.154,Block,
,,,,,,,,,,,,,,,,,0.0,,,,,,,,,,,3c30847a-685d-4271-9240-104a7e589718,1984,,"[27.2, 7.3]",3920389,70,,,True,,,,,,,,,,,,,,,,,,,,,2,From Throw In,Darlin Zidane Yongwa Ngameni,32190.0,Left Back,118,Guinea,4892,['d1eeca74-e5ff-4763-aa14-9b254e93e7b3'],31,,,,,,,,,,,,,,,,,Cameroon,2722,00:25:31.951,Block,
,,,,,,,,,,,,,,,,,0.0,,,,,,,,,,,022745fa-5731-42ec-b587-c613a7e9cfc9,2126,,"[86.0, 75.7]",3920389,78,,,,,,,,,,,,,,,,,,,,,,,,2,From Free Kick,Oumar Gonzalez,28444.0,Right Center Back,125,Cameroon,2722,,4,,,,,,,,,,,,,,,,,Cameroon,2722,00:33:04.983,Block,
,,,,,,,,,,,,,,,,,0.0,,,,,,,,,,,249ea218-e56b-4a5f-8f71-8fe84b1c7d9e,2185,,"[14.9, 13.2]",3920389,80,,,True,,,,,,,,,,,,,,,,,,,,,2,From Throw In,Facinet Conte,406457.0,Left Midfield,128,Cameroon,2722,['c53d33c8-6825-498f-a5a0-8895442f4165'],29,,,,,,,,,,,,,,,,,Guinea,4892,00:35:29.483,Block,
,,,,,,,,,,,,,,,,,0.0,,,,,,,,,,,afe63cd0-de19-4779-9d5c-7e83191f1c84,2189,,"[10.8, 46.2]",3920389,81,,,,,,,,,,,,,,,,,,,,,,,,2,From Corner,Aguibou Camara,39559.0,Right Midfield,129,Cameroon,2722,,0,,,,,,,,,,,,,,,,,Guinea,4892,00:36:00.995,Block,
,,,,,,,,,,,,,,,,,0.0,,,,,,,,,,,474b38e7-a849-4003-98d6-bd7ecf0a5d3b,2420,,"[3.8, 23.9]",3920389,87,,,,,,,,,,,,,,,,,,,,,,,,2,From Throw In,Sekou Oumar Sylla,132711.0,Left Back,136,Cameroon,2722,['718f2851-5c6f-410f-8e4f-3e52220d4bf2'],9,,,,,,,,,,,,,,,,,Guinea,4892,00:42:09.242,Block,
,,,,,,,,,,,,,,,,,0.0,,,,,,,,,,,0259d174-b721-489b-8ea0-b745ca08fd7b,2458,,"[81.4, 77.2]",3920389,88,,,,,,,,,,,,,,,,,,,,,,,,2,Regular Play,Aguibou Camara,39559.0,Right Midfield,140,Cameroon,2722,['5dfdef40-4f14-4d92-9be5-ad9e7aba5e30'],54,,,,,,,,,,,,,,,,,Guinea,4892,00:43:54.998,Block,
,,,,,,,,,,,,,,,,,0.0,,,,,,,,,,,9f0b658c-7295-4e99-ac87-e36deff497c6,2513,,"[76.7, 22.9]",3920389,90,,,,,,,,,,,,,,,,,,,,,,,,2,From Throw In,André-Frank Zambo Anguissa,3141.0,Left Defensive Midfield,145,Guinea,4892,['8d4c0232-22bf-41f9-989e-aefa2deb37d6'],55,,,,,,,,,,,,,,,,,Cameroon,2722,00:45:55.722,Block,
,,,,,,,,,,,,,,,,,0.0,,,,,,,,,,,901def44-217d-4db6-9f12-5671963af7df,2526,,"[6.5, 51.7]",3920389,91,,,,,,,,,,,,,,,,,,,,,,,,2,Regular Play,Mory Konaté,35285.0,Left Defensive Midfield,146,Cameroon,2722,['50332cab-c1f0-453d-a042-a69a85b1bd3e'],4,,,,,,,,,,,,,,,,,Guinea,4892,00:46:04.959,Block,
,,,,,,,,,,,True,,,,,,0.0,,,,,,,,,,,06c4821a-5034-43ac-8523-0254bc4a772a,2655,,"[64.7, 74.8]",3920389,95,,,True,,,,,,,,,,,,,,,,,,,,,2,From Throw In,Jean-Charles Castelletto,7426.0,Right Back,151,Cameroon,2722,['ec991e34-fcb6-4ac7-ae59-210546bae3ad'],48,,,,,,,,,,,,,,,,,Cameroon,2722,00:50:48.793,Block,
,,,,,,,,,,,,,Incomplete,,,,0.0,,,,,,,,,,,2cc70ec0-b613-4544-87a8-9898408e2e47,88,,"[96.9, 72.4]",3920389,2,,,,,,,,,,,,,,,,,,,,,,,,1,From Throw In,Aguibou Camara,39559.0,Center Attacking Midfield,7,Guinea,4892,['b22dd908-2902-432f-96f8-f505855fa8a8'],11,,,,,,,,,,,,,,,,,Guinea,4892,00:02:11.045,Dribble,True
,,,,,,,,,,,,True,Incomplete,,,,0.0,,,,,,,,,,,24af2bf9-62e1-4d1b-b7c6-ed4e29fd2aba,730,,"[75.3, 68.3]",3920389,24,,,,,,,,,,,,,,,,,,,,,,,,1,From Keeper,Frank Magri,189348.0,Right Wing,40,Cameroon,2722,['d130c72b-b12b-4c83-8be0-d0ea97e2fd30'],27,,,,,,,,,,,,,,,,,Cameroon,2722,00:24:27.210,Dribble,True
,,,,,,,,,,,,,Incomplete,,,,0.0,,,,,,,,,,,b320840a-42e9-426c-87bc-dbc29816c424,1016,,"[50.4, 6.0]",3920389,32,,,,,,,,,,,,,,,,,,,,,,,,1,Regular Play,Moriba Kourouma Kourouma,39073.0,Left Defensive Midfield,50,Guinea,4892,['7b3525e3-fbeb-48a2-8180-c03a2fecfb68'],48,,,,,,,,,,,,,,,,,Guinea,4892,00:32:48.713,Dribble,True
,,,,,,,,,,,,,Complete,,,,0.0,,,,,,,,,,,267cc72b-9808-446d-8bd9-36d16b2639bf,1229,,"[38.6, 54.1]",3920389,41,,,,,,,,,,,,,,,,,,,,,,,,1,Regular Play,Aguibou Camara,39559.0,Center Attacking Midfield,64,Guinea,4892,['d741b11c-7a14-4a0b-96d6-aeebb96c6208'],23,,,,,,,,,,,,,,,,,Guinea,4892,00:41:23.563,Dribble,True
,,,,,,,,,,,,,Incomplete,True,,,0.0,,,,,,,,,,,939927f0-4cda-42d7-9699-d5b7d142ac5d,1255,,"[105.9, 24.6]",3920389,42,,,True,,,,,,,,,,,,,,,,,,,,,1,Regular Play,Georges-Kévin Nkoudou Mbida,3639.0,Left Wing,66,Cameroon,2722,['1b0e46d1-7df1-40f8-80be-780044c3b505'],17,,,,,,,,,,,,,,,,,Cameroon,2722,00:42:17.146,Dribble,True
,,,,,,,,,,,,,Incomplete,True,,,0.0,,,,,,,,,,,b40ec07a-3ca3-46d6-9fff-05202e8df4f1,1387,,"[115.6, 10.3]",3920389,45,,,True,,,,,,,,,,,,,,,,,,,,,2,From Throw In,Georges-Kévin Nkoudou Mbida,3639.0,Left Wing,77,Cameroon,2722,['1cbf548a-e454-44f0-8e61-353867da09e9'],46,,,,,,,,,,,,,,,,,Cameroon,2722,00:00:46.427,Dribble,True
,,,,,,,,,,,,,Incomplete,,,,0.0,,,,,,,,,,,fbadb582-830f-4232-9261-77bf521c98ad,1426,,"[101.7, 9.9]",3920389,47,,,,,,,,,,,,,,,,,,,,,,,,2,From Free Kick,Georges-Kévin Nkoudou Mbida,3639.0,Left Wing,80,Cameroon,2722,"['3b1b47a8-4aac-4cf1-9207-69f4e4a10fbb', 'dd064c48-8ec4-4f8c-b065-298a9447e9eb']",18,,,,,,,,,,,,,,,,,Cameroon,2722,00:02:18.054,Dribble,True
,,,,,,,,,,,,,Complete,,,,0.0,,,,,,,,,,,8fd183b1-d681-45ab-bb0e-6ebdeffd0139,1512,,"[29.5, 34.9]",3920389,49,,,,,,,,,,,,,,,,,,,,,,,,2,From Corner,Mohamed Bayo,8454.0,Center Forward,84,Cameroon,2722,['551228c5-a6cf-45d2-a2ae-a2885b543faf'],22,,,,,,,,,,,,,,,,,Guinea,4892,00:04:22.728,Dribble,True
,,,,,,,,,,,,,Complete,,,,0.0,,,,,,,,,,,574df586-d6a5-4e08-b191-675b5dbe5cea,1768,,"[105.8, 71.3]",3920389,60,,,,,,,,,,,,,,,,,,,,,,,,2,Regular Play,Frank Magri,189348.0,Right Wing,100,Cameroon,2722,['c56ca694-f54d-4ced-bced-0edc958b76bf'],54,,,,,,,,,,,,,,,,,Cameroon,2722,00:15:54.636,Dribble,True
,,,,,,,,,,,,,Incomplete,,,,0.0,,,,,,,,,,,0a21614f-d590-4b3c-8742-ebb1dc3536d6,1771,,"[109.0, 69.6]",3920389,60,,,,,,,,,,,,,,,,,,,,,,,,2,Regular Play,Frank Magri,189348.0,Right Wing,100,Cameroon,2722,['fe2ee56c-b23a-485a-a7e5-644594259cde'],55,,,,,,,,,,,,,,,,,Cameroon,2722,00:15:55.350,Dribble,True
,,,,,,,,,,,,,Complete,,,,0.0,,,,,,,,,,,1713a483-b292-46f5-a76a-c9bf5a717bc0,1808,,"[41.4, 35.4]",3920389,62,,,,,,,,,,,,,,,,,,,,,,,,2,Regular Play,Jules Olivier Ntcham,10530.0,Right Defensive Midfield,103,Cameroon,2722,['480005e6-54b6-406b-b8ee-202cb96398ab'],35,,,,,,,,,,,,,,,,,Cameroon,2722,00:17:35.450,Dribble,True
,,,,,,,,,,,,,Incomplete,,,,0.0,,,,,,,,,,,889500ad-b5a8-4e85-846c-1543d7ba5c8e,1963,,"[73.1, 5.5]",3920389,69,,,,,,,,,,,,,,,,,,,,,,,,2,From Goal Kick,Facinet Conte,406457.0,Left Midfield,117,Guinea,4892,['edf8a7f1-7f79-439f-8fa1-cd33893d29b9'],59,,,,,,,,,,,,,,,,,Guinea,4892,00:24:59.602,Dribble,True
,,,,,,,,,,,,,Complete,,,,0.0,,,,,,,,,,,9e761d83-6ea4-4540-a0bb-431db54d9a2c,2015,,"[23.4, 11.6]",3920389,71,,,,,,,,,,,,,,,,,,,,,,,,2,From Throw In,Darlin Zidane Yongwa Ngameni,32190.0,Left Back,119,Guinea,4892,['5269bbdb-2e7c-4b5a-ab62-7dc1a6119700'],32,,,,,,,,,,,,,,,,,Cameroon,2722,00:26:32.338,Dribble,True
,,,,,,,,,,,,,Complete,,,,0.0,,,,,,,,,,,b6852695-e970-4b1b-acfe-80a76d3ce8da,2046,,"[67.9, 2.8]",3920389,75,,,,,,,,,,,,,,,,,,,,,,,,2,From Throw In,Moriba Kourouma Kourouma,39073.0,Right Defensive Midfield,121,Guinea,4892,['5147a1c4-5a46-4701-a455-6f2def670565'],15,,,,,,,,,,,,,,,,,Guinea,4892,00:30:15.848,Dribble,True
,,,,,,,,,,,,,Complete,,,,0.0,,,,,,,,,,,63a2d107-f718-4a86-8eb7-6b65a10acfda,2160,,"[98.6, 74.2]",3920389,79,,,,,,,,,,,,,,,,,,,,,,,,2,Other,Jean-Charles Castelletto,7426.0,Right Back,127,Cameroon,2722,['bd359d25-d97a-45ef-b8a6-fcde4146858a'],58,,,,,,,,,,,,,,,,,Cameroon,2722,00:34:58.315,Dribble,True
,,,,,,,,,,,,,Complete,,,,0.0,,,,,,,,,,,bf0a09ae-f773-481c-9e79-59b9f5fd591d,2363,,"[69.6, 72.8]",3920389,85,,,,,,,,,,,,,,,,,,,,,,,,2,Regular Play,Harold Moukoudi,7386.0,Left Center Back,135,Cameroon,2722,['c6c547b3-98ef-4bce-836b-89d51ca2492a'],54,,,,,,,,,,,,,,,,,Cameroon,2722,00:40:54.410,Dribble,True
,,,,,,,,,,,,,Complete,,,,0.0,,,,,,,,,,,316a28f9-7435-4937-a74d-71434af7387b,2367,,"[71.3, 70.0]",3920389,85,,,,,,,,,,,,,,,,,,,,,,,,2,Regular Play,Harold Moukoudi,7386.0,Left Center Back,135,Cameroon,2722,['c4b4185f-2439-4554-ae36-99024b596e45'],55,,,,,,,,,,,,,,,,,Cameroon,2722,00:40:55.541,Dribble,True
,,,,,,,,,,,,,Incomplete,,,,0.0,,,,,,,,,,,ee5d8721-039b-4309-95b5-180b3925e6b5,2624,,"[104.7, 6.4]",3920389,94,,,,,,,,,,,,,,,,,,,,,,,,2,From Free Kick,Darlin Zidane Yongwa Ngameni,32190.0,Left Back,150,Cameroon,2722,['464e7537-ce90-4f25-aa56-9ef2411f6fa8'],49,,,,,,,,,,,,,,,,,Cameroon,2722,00:49:49.271,Dribble,True
,,,,,,,Right Foot,,,True,,,,,,,0.0,,,,,,,,,,,3f448405-b355-4a60-9844-85ae72f52e34,98,,"[41.4, 9.3]",3920389,2,,True,True,,,,,,,,,,,,,,,,,,,,,1,From Throw In,André-Frank Zambo Anguissa,3141.0,Left Center Midfield,8,Guinea,4892,['233faf50-b3c9-427e-9ace-e379195697c8'],25,,,,,,,,,,,,,,,,,Cameroon,2722,00:02:25.034,Clearance,True
,,,,,,,Head,True,,,,,,,,,0.0,,,,,,,,,,,68347050-2f03-4999-bd68-c0aa995cab07,135,,"[8.3, 52.3]",3920389,3,,,,,,,,,,,,,,,,,,,,,,,,1,From Throw In,Christopher Wooh,74588.0,Right Center Back,11,Guinea,4892,['477bab79-0707-4027-a6fc-0e9282bfa095'],23,,,,,,,,,,,,,,,,,Cameroon,2722,00:03:23.048,Clearance,True
,,,,,,,Right Foot,,,True,,,,,,,0.0,,,,,,,,,,,2c99c99a-2f04-4ce7-91f0-18cf3dbd6bf3,420,,"[14.2, 29.6]",3920389,14,,,,,,,,,,,,,,,,,,,,,,,,1,From Throw In,Julian Jeanvier,7360.0,Left Center Back,25,Cameroon,2722,['ffe1c412-7d39-410f-ac16-b5b6a8223e82'],9,,,,,,,,,,,,,,,,,Guinea,4892,00:14:09.806,Clearance,True
,,,,,,,Head,True,,,,,,,,,0.0,,,,,,,,,,,b9ce4c82-20c8-4747-a4fb-2564b9b8596f,553,,"[4.7, 32.2]",3920389,19,,,,,,,,,,,,,,,,,,,,,,,,1,From Goal Kick,Christopher Wooh,74588.0,Right Center Back,32,Guinea,4892,['d6ca6675-d64e-49c2-a083-b78e71a06bcf'],25,,,,,,,,,,,,,,,,,Cameroon,2722,00:19:25.449,Clearance,True
,,,,,,,Right Foot,,,True,,,,,,,0.0,,,,,,,,,,,59c3b20a-6bef-4b57-af43-df4c5f7602de,695,,"[28.1, 64.1]",3920389,23,,,True,,,,,,,,,,,,,,,,,,,,,1,From Throw In,Mouctar Diakhaby,4267.0,Right Center Back,37,Cameroon,2722,['1dab809c-8cd6-4b51-906b-56c531e931b9'],3,,,,,,,,,,,,,,,,,Guinea,4892,00:23:03.179,Clearance,True
,,,,,,,Left Foot,,True,,,,,,,,0.0,,,,,,,,,,,203dc6d9-a36b-4dd8-a716-363f967f7d33,813,,"[6.6, 52.1]",3920389,26,,,,,,,,,,,,,,,,,,,,,,,,1,Regular Play,Antoine Conte,131849.0,Right Back,42,Cameroon,2722,['97cef414-0023-49aa-be8c-1436604d19ad'],0,,,,,,,,,,,,,,,,,Guinea,4892,00:26:00.228,Clearance,True
,,,,,,,Head,True,,,,,,,,,0.0,,,,,,,,,,,28383e8a-a5af-4552-aa5e-665ebfc88ed9,1186,,"[47.2, 68.6]",3920389,38,,,,,,,,,,,,,,,,,,,,,,,,1,Regular Play,Mouctar Diakhaby,4267.0,Right Center Back,61,Cameroon,2722,['ce133458-27a4-4319-8161-993f9f0bc7b7'],45,,,,,,,,,,,,,,,,,Guinea,4892,00:38:45.621,Clearance,True
,,,,,,,Head,True,,,,,,,,,0.0,,,,,,,,,,,a4ccbb16-ce5d-4d05-9956-13995ceae6ea,1222,,"[11.7, 33.1]",3920389,41,,,,,,,,,,,,,,,,,,,,,,,,1,Regular Play,Julian Jeanvier,7360.0,Left Center Back,63,Cameroon,2722,['d68e724a-a3d8-4c13-afe9-4ca7bfeec3a8'],18,,,,,,,,,,,,,,,,,Guinea,4892,00:41:18.327,Clearance,True
,,,,,,,Head,True,,,,,,,,,0.0,,,,,,,,,,,94c21830-39cb-4ce9-b822-1451b7987c50,1223,,"[13.6, 38.6]",3920389,41,,,,,,,,,,,,,,,,,,,,,,,,1,Regular Play,Mory Konaté,35285.0,Right Defensive Midfield,63,Cameroon,2722,,18,,,,,,,,,,,,,,,,,Guinea,4892,00:41:18.699,Clearance,True
,,,,,,,Head,True,,,,,,,,,0.0,,,,,,,,,,,1cb883e7-8e76-4b6d-b173-4cdba8b1b13e,1246,,"[36.8, 58.0]",3920389,42,,,,,,,,,,,,,,,,,,,,,,,,1,Regular Play,Mouctar Diakhaby,4267.0,Right Center Back,66,Cameroon,2722,['fe623b42-26a9-4294-bf29-baad05b8f5d9'],6,,,,,,,,,,,,,,,,,Guinea,4892,00:42:06.803,Clearance,True
,,,,,,,Head,True,,,,,,,,,0.0,,,,,,,,,,,10f620aa-58ec-4f21-8da4-16c6833a5ac7,1500,,"[9.2, 33.8]",3920389,49,,,,,,,,,,,,,,,,,,,,,,,,2,From Corner,Julian Jeanvier,7360.0,Left Center Back,84,Cameroon,2722,,15,,,,,,,,,,,,,,,,,Guinea,4892,00:04:15.546,Clearance,True
,,,,,,True,Head,True,,,,,,,,,0.0,,,,,,,,,,,de371507-fe72-493d-8d46-f4ad6c282c9a,1507,,"[9.5, 32.0]",3920389,49,,,,,,,,,,,,,,,,,,,,,,,,2,From Corner,Mouctar Diakhaby,4267.0,Right Center Back,84,Cameroon,2722,"['46e6ebfa-9211-4d33-aef6-df745d25d85a', '3edf24d9-1ff9-4e10-b049-be5488025458']",20,,,,,,,,,,,,,,,,,Guinea,4892,00:04:20.585,Clearance,True
,,,,,,True,Head,True,,,,,,,,,0.0,,,,,,,,,,,a99bd511-d9c8-49e3-9298-2f00ea41208c,1568,,"[6.1, 46.0]",3920389,52,,,,,,,,,,,,,,,,,,,,,,,,2,From Free Kick,Mouctar Diakhaby,4267.0,Right Center Back,87,Cameroon,2722,"['921e4544-2559-4051-9651-7c0725cb6489', '7024b5b6-cbbb-4b9d-814c-11baf95246cd']",25,,,,,,,,,,,,,,,,,Guinea,4892,00:07:25.385,Clearance,True
,,,,,,,Right Foot,,,True,,,,,,,0.0,,,,,,,,,,,e6dea958-ea5b-4915-ae65-bac456c23a88,1637,,"[13.2, 31.1]",3920389,53,,,,,,,,,,,,,,,,,,,,,,,,2,From Throw In,Aguibou Camara,39559.0,Left Midfield,90,Cameroon,2722,['aedbeadf-9b7c-4290-8290-ec41acb0ef15'],35,,,,,,,,,,,,,,,,,Guinea,4892,00:08:35.442,Clearance,True
,,,,,,,Head,True,,,,,,,,,0.0,,,,,,,,,,,f1f2b219-b87e-4fbc-8836-029c01c16b0b,1654,,"[44.2, 21.6]",3920389,56,,,,,,,,,,,,,,,,,,,,,,,,2,From Goal Kick,André-Frank Zambo Anguissa,3141.0,Left Defensive Midfield,92,Guinea,4892,['56acc76c-d35f-47e8-852b-5c07415b0c6f'],14,,,,,,,,,,,,,,,,,Cameroon,2722,00:11:14.920,Clearance,True
,,,,,,True,Head,True,,,,,,,,,0.0,,,,,,,,,,,86295d6e-40f2-48d1-a702-2045877f0b03,1711,,"[8.1, 40.3]",3920389,57,,,,,,,,,,,,,,,,,,,,,,,,2,From Corner,Julian Jeanvier,7360.0,Left Center Back,95,Cameroon,2722,"['d00fc22e-c561-48e4-8068-a7d4cd03ea6f', 'b1bf3889-92e8-4032-b1e7-b072c5cef877']",49,,,,,,,,,,,,,,,,,Guinea,4892,00:12:49.582,Clearance,True
,,,,,,True,Head,True,,,,,,,,,0.0,,,,,,,,,,,aed8b84e-1fd4-490a-b2b9-57567c3d301f,1723,,"[45.6, 63.5]",3920389,60,,,,,,,,,,,,,,,,,,,,,,,,2,From Goal Kick,Jules Olivier Ntcham,10530.0,Right Defensive Midfield,96,Guinea,4892,"['bf06ca0c-4ab2-4a68-841a-0694236b7ad2', 'c575248b-47ad-42c3-af77-20f885267dae']",4,,,,,,,,,,,,,,,,,Cameroon,2722,00:15:04.751,Clearance,True
,,,,,,,Right Foot,,,True,,,,,,,0.0,,,,,,,,,,,69c62b9e-0cec-46a1-8c08-836344b080b1,1738,,"[11.1, 43.5]",3920389,60,,,True,,,,,,,,,,,,,,,,,,,,,2,Regular Play,Ibrahim Diakité,176683.0,Right Back,97,Cameroon,2722,['6e020cbf-5dfd-4519-aa47-b4c69ee86763'],17,,,,,,,,,,,,,,,,,Guinea,4892,00:15:17.727,Clearance,True
,,,,,,,Left Foot,,True,,,,,,,,0.0,,,,,,,,,,,66c7ef7f-3e42-41ae-98b7-5fe3a53583fe,1836,,"[35.4, 22.2]",3920389,64,,,True,,,,,,,,,,,,,,,,,,,,,2,Regular Play,Julian Jeanvier,7360.0,Left Center Back,106,Cameroon,2722,"['747d441f-6def-4d99-85ea-97b5f6631665', '5026850c-41d4-43e3-80e2-c30a3be25a96']",49,,,,,,,,,,,,,,,,,Guinea,4892,00:19:49.724,Clearance,True
,,,,,,,Left Foot,,True,,,,,,,,0.0,,,,,,,,,,,e82a80ac-1527-4d8e-9c2f-ed588e1ce8c9,1848,,"[37.6, 3.8]",3920389,65,,,,,,,,,,,,,,,,,,,,,,,,2,From Throw In,Darlin Zidane Yongwa Ngameni,32190.0,Left Back,108,Guinea,4892,['7d3a51a4-a5f7-4e9f-bece-a070470f8546'],28,,,,,,,,,,,,,,,,,Cameroon,2722,00:20:28.372,Clearance,True
,,,,,,,Head,True,,,,,,,,,0.0,,,,,,,,,,,2648dd9f-242b-4503-b583-29c723bf40cd,1849,,"[32.5, 3.7]",3920389,65,,,,,,,,,,,,,,,,,,,,,,,,2,From Throw In,Darlin Zidane Yongwa Ngameni,32190.0,Left Back,108,Guinea,4892,,30,,,,,,,,,,,,,,,,,Cameroon,2722,00:20:30.964,Clearance,True
,,,,,,True,Head,True,,,,,,,,,0.0,,,,,,,,,,,f5177315-cffd-4da0-b9b2-20870dee8a84,1878,,"[8.9, 38.8]",3920389,65,,,,,,,,,,,,,,,,,,,,,,,,2,Regular Play,Mouctar Diakhaby,4267.0,Right Center Back,109,Cameroon,2722,"['26ee41e6-03d8-4b8e-a685-9ff764a1c516', '2c294408-7d91-4eb7-95e8-f324b17385b7']",59,,,,,,,,,,,,,,,,,Guinea,4892,00:20:59.952,Clearance,True
,,,,,,,Right Foot,,,True,,,,,,,0.0,,,,,,,,,,,048e759b-5694-4a97-a492-a1ce8ae479fb,1953,,"[10.0, 34.5]",3920389,68,,,True,,,,,,,,,,,,,,,,,,,,,2,Regular Play,Julian Jeanvier,7360.0,Left Center Back,115,Cameroon,2722,['f24d8165-7f0a-4c4c-8c12-155f27f6198c'],30,,,,,,,,,,,,,,,,,Guinea,4892,00:23:30.432,Clearance,True
,,,,,,True,Head,True,,,,,,,,,0.0,,,,,,,,,,,0789a6ae-22dd-4060-ba56-48ee75822277,2105,,"[39.3, 51.9]",3920389,77,,,,,,,,,,,,,,,,,,,,,,,,2,From Goal Kick,Oumar Gonzalez,28444.0,Right Center Back,124,Guinea,4892,"['950a8a1f-5e27-43fd-be94-16df50bd5500', '6418b349-044f-4be1-a826-c0367e8638ff']",24,,,,,,,,,,,,,,,,,Cameroon,2722,00:32:24.468,Clearance,True
,,,,,,,Right Foot,,,True,,,,,,,0.0,,,,,,,,,,,b6a88081-9c26-40fe-a5e4-1d54c5f483dc,2125,,"[4.5, 32.7]",3920389,78,,,,,,,,,,,,,,,,,,,,,,,,2,From Free Kick,Julian Jeanvier,7360.0,Left Center Back,125,Cameroon,2722,['e0020938-eb60-439f-81ef-a8dc8f80f517'],0,,,,,,,,,,,,,,,,,Guinea,4892,00:33:00.958,Clearance,True
,,,,,,,Right Foot,,,True,,,,,,,0.0,,,,,,,,,,,7e16bd82-9cba-488e-84f0-c438c3dfcae8,2144,,"[4.5, 46.2]",3920389,78,,,,,,,,,,,,,,,,,,,,,,,,2,From Free Kick,Mouctar Diakhaby,4267.0,Right Center Back,125,Cameroon,2722,['67fc2024-0200-4ef5-9d8b-4ed01a435c57'],23,,,,,,,,,,,,,,,,,Guinea,4892,00:33:23.321,Clearance,True
,,,,,,,Right Foot,,,True,,,,,,,0.0,,,,,,,,,,,9ad6a6aa-e491-48fe-abdb-de6bbd1eb6f9,2165,,"[10.0, 30.6]",3920389,80,,,True,,,,,,,,,,,,,,,,,,,,,2,Other,Julian Jeanvier,7360.0,Left Center Back,127,Cameroon,2722,['b2334e3a-acd4-475e-994f-54d5874f96f5'],0,,,,,,,,,,,,,,,,,Guinea,4892,00:35:00.672,Clearance,True
,,,,,,,Left Foot,,True,,,,,,,,0.0,,,,,,,,,,,582238d5-418e-4fba-87f4-19f59eb51bda,2215,,"[15.4, 31.9]",3920389,81,,,True,,,,,,,,,,,,,,,,,,,,,2,From Throw In,Mory Konaté,35285.0,Left Defensive Midfield,130,Cameroon,2722,['a544249a-01dd-4cf8-97ee-08bdf2d1b8cc'],39,,,,,,,,,,,,,,,,,Guinea,4892,00:36:39.068,Clearance,True
,,,,,,,Head,True,,,,,,,,,0.0,,,,,,,,,,,20c2f789-8f0c-4f64-a5ef-780236f06785,2283,,"[9.0, 55.0]",3920389,83,,,,,,,,,,,,,,,,,,,,,,,,2,From Throw In,Aguibou Camara,39559.0,Right Midfield,131,Cameroon,2722,['37bc78ff-dc03-452f-b4f3-e53cb3d93a43'],15,,,,,,,,,,,,,,,,,Guinea,4892,00:38:15.075,Clearance,True
,,,,,,,Left Foot,,True,,,,,,,,0.0,,,,,,,,,,,61490229-4ecf-4308-935c-0278b6850861,2408,,"[8.6, 31.4]",3920389,86,,,,,,,,,,,,,,,,,,,,,,,,2,From Throw In,Sekou Oumar Sylla,132711.0,Left Back,136,Cameroon,2722,['1306197f-2156-4ff4-bdc5-5c1702b600ff'],56,,,,,,,,,,,,,,,,,Guinea,4892,00:41:56.959,Clearance,True
,,,,,,,Left Foot,,True,,,,,,,,0.0,,,,,,,,,,,1d25e890-bf98-4638-a4b2-44de5ef2d102,2425,,"[81.5, 7.2]",3920389,88,,True,True,,,,,,,,,,,,,,,,,,,,,2,From Keeper,Darlin Zidane Yongwa Ngameni,32190.0,Left Back,138,Guinea,4892,['b9ad2058-bf37-4d0d-b962-30f080ae1c62'],18,,,,,,,,,,,,,,,,,Cameroon,2722,00:43:18.571,Clearance,True
,,,,,,,Left Foot,,True,,,,,,,,0.0,,,,,,,,,,,7ad0168c-28fb-4b1e-8d52-5e180076830b,2574,,"[27.1, 4.8]",3920389,92,,,,,,,,,,,,,,,,,,,,,,,,2,From Throw In,Darlin Zidane Yongwa Ngameni,32190.0,Left Back,148,Guinea,4892,['25da102a-ac4b-4f04-90a7-bd93b2fa2fce'],55,,,,,,,,,,,,,,,,,Cameroon,2722,00:47:55.581,Clearance,True
,,,,,,True,Head,True,,,,,,,,,0.0,,,,,,,,,,,414b5b68-3b8d-4a60-a2fd-acdd8ff87d62,2611,,"[8.2, 34.9]",3920389,94,,,,,,,,,,,,,,,,,,,,,,,,2,From Free Kick,Mory Konaté,35285.0,Left Defensive Midfield,150,Cameroon,2722,"['5cd597cc-ada3-453d-adbe-7a208eb009e4', '4fa31474-cde9-45bd-8d10-9fdc9c6c20a1']",32,,,,,,,,,,,,,,,,,Guinea,4892,00:49:32.116,Clearance,True
,,,,,,,Right Foot,,,True,,,,,,,0.0,,,,,,,,,,,f952a829-23d7-49d7-8092-9ec12abb9aaa,2613,,"[15.4, 56.2]",3920389,94,,,,,,,,,,,,,,,,,,,,,,,,2,From Free Kick,Ibrahim Diakité,176683.0,Right Back,150,Cameroon,2722,,34,,,,,,,,,,,,,,,,,Guinea,4892,00:49:34.409,Clearance,True
,,,,,,,Head,True,,,,,,,,,0.0,,,,,,,,,,,cb18d8ee-9cee-4ca3-b60c-c944fce3b889,2649,,"[3.1, 38.7]",3920389,95,,,,,,,,,,,,,,,,,,,,,,,,2,From Throw In,Sekou Oumar Sylla,132711.0,Left Back,151,Cameroon,2722,['860aeba4-4c80-4085-80ba-cf8966e12b17'],41,,,,,,,,,,,,,,,,,Guinea,4892,00:50:41.652,Clearance,True
,,,,,,,Head,True,,,,,,,,,0.0,,,,,,,,,,,84562890-4d3c-452e-a8bc-a0425a26960c,2658,,"[23.7, 76.0]",3920389,96,,,,,,,,,,,,,,,,,,,,,,,,2,From Throw In,Oumar Gonzalez,28444.0,Right Center Back,152,Guinea,4892,['82485658-8f19-4a17-98e1-a4e1dd44a766'],21,,,,,,,,,,,,,,,,,Cameroon,2722,00:51:21.487,Clearance,True
,,,,,,True,Head,True,,,,,,,,,0.0,,,,,,,,,,,b2b7ddcd-6148-4eba-afac-1453ecdedade,2660,,"[80.6, 4.8]",3920389,96,,,,,,,,,,,,,,,,,,,,,,,,2,From Throw In,Issiaga Sylla,4352.0,Left Defensive Midfield,152,Guinea,4892,['b915d6f8-4804-4a89-a031-e5431cf3419b'],23,,,,,,,,,,,,,,,,,Guinea,4892,00:51:23.987,Clearance,True
,,,,,,True,Head,True,,,,,,,,,0.0,,,,,,,,,,,d039bcc1-4289-492a-9d28-ff345e5302e5,2662,,"[93.3, 1.7]",3920389,96,,,True,,,,,,,,,,,,,,,,,,,,,2,From Throw In,Facinet Conte,406457.0,Left Midfield,152,Guinea,4892,['389bbde9-9064-40c4-87f1-7380b2eefe48'],26,,,,,,,,,,,,,,,,,Guinea,4892,00:51:26.106,Clearance,True
,,,,,,,,,,,,,,,,,0.0,,,,,,,,,,,29f3f142-e2f3-466d-a9a2-948766cd6f2b,136,,"[107.9, 7.0]",3920389,3,,,,,,,,,,,,,,,,,,,,,,,,1,From Throw In,Sekou Oumar Sylla,132711.0,Left Back,11,Guinea,4892,['190e880f-a532-41c2-bc78-68d0cc5f0d6b'],25,,,,,,,,,,,,,,,,,Guinea,4892,00:03:25.704,Foul Committed,
,,,,,,,,,,,,,,,,,0.0,,,,,,,,,,,8f6a7f05-1e57-4999-90aa-2b38c3c11cb8,163,,"[69.7, 72.6]",3920389,4,,,,,,,,,,,,,,,,,,,,,,,,1,From Free Kick,Antoine Conte,131849.0,Right Back,12,Cameroon,2722,['013f569c-c1ab-48d9-8068-046ef65022af'],20,,,,,,,,,,,,,,,,,Guinea,4892,00:04:20.420,Foul Committed,
,,,,,,,,,,,,,,,,,0.0,,,,,,,,,,,afc3a772-823b-4a88-b2f9-55373629ddc9,189,,"[10.4, 0.8]",3920389,5,,,,,,,,,,,,,,,,,,,,,,,,1,From Throw In,Darlin Zidane Yongwa Ngameni,32190.0,Left Back,15,Cameroon,2722,['01fb1f07-f592-4a92-80a3-eac9b587c5f7'],27,,,,,,,,,,,,,,,,,Cameroon,2722,00:05:27.242,Foul Committed,
,,,,,,,,,,,,,,,,,0.0,,,,,,,,,,,74a0bc5c-c870-4645-8672-d15bae6a2897,345,,"[31.8, 15.6]",3920389,11,,,,,,,,,,,,,,,,,,,,,,,,1,From Kick Off,Julian Jeanvier,7360.0,Left Center Back,21,Cameroon,2722,"['7d98a6d7-cc13-4a6e-b09c-17b11512f0ab', '1db1f3ac-42bc-44c4-81d4-3259d1b49cf8']",39,,,,,,,,,,,,,,,,,Guinea,4892,00:11:39.740,Foul Committed,
,,,,,,,,,,,True,,,,,,0.0,,,,,,,,,,,89cae511-4a3e-4865-8917-80aa417fe332,481,,"[63.8, 70.7]",3920389,14,,,,,,,,,,,,,,,,,,,,,,,,1,Regular Play,Jean-Charles Castelletto,7426.0,Right Back,28,Guinea,4892,['a029c26c-7c6d-4711-a7de-d5734f85e5a7'],58,,,,,,,,,,,,,,,,,Cameroon,2722,00:14:58.939,Foul Committed,
,,,,,,,,,,,,,,,,,0.0,,,,,,,,,,,e29b58ba-a1ae-4571-b5fe-782f17723926,538,,"[33.2, 65.6]",3920389,16,,,,,,,,,,,,,,,,,,,,,,,,1,From Throw In,Mory Konaté,35285.0,Right Defensive Midfield,30,Cameroon,2722,['ff44e833-b374-4ab6-8e34-3bdd249f4fc7'],53,,,,,,,,,,,,,,,,,Guinea,4892,00:16:53.212,Foul Committed,
,,,,,,,,,,,,,,,,,0.0,,Yellow Card,,,,,,,,,56fe6b4e-4816-4b21-b3e1-e869e4aa022b,604,,"[55.2, 70.1]",3920389,20,,,,,,,,,,,,,,,,,,,,,,,,1,From Throw In,Frank Magri,189348.0,Right Wing,34,Guinea,4892,['df4bcd97-ad22-4c2a-8b37-c07b8398e0d0'],37,,,,,,,,,,,,,,,,,Cameroon,2722,00:20:37.783,Foul Committed,
,,,,,,,,,,,,,,,,,0.0,,,,,,,,,,,8f9ea1d9-810f-4b54-8018-3434f22a6e94,883,,"[51.7, 7.9]",3920389,27,,,,,,,,,,,,,,,,,,,,,,,,1,From Free Kick,Darlin Zidane Yongwa Ngameni,32190.0,Left Back,44,Guinea,4892,['33a9e1fe-c1af-4659-b2f0-c4f7d497744a'],50,,,,,,,,,,,,,,,,,Cameroon,2722,00:27:50.253,Foul Committed,
,,,,,,,,,,,,,,,,,0.0,,,,,,,,,,,b43d5287-aa7c-422c-b197-943f291a8ec1,1023,,"[71.2, 64.0]",3920389,33,,,,,,,,,,,,,,,,,,,,,,,,1,From Throw In,André-Frank Zambo Anguissa,3141.0,Left Center Midfield,51,Guinea,4892,['261df0bd-7fac-4b32-a844-6b6e22f15e3c'],9,,,,,,,,,,,,,,,,,Cameroon,2722,00:33:09.409,Foul Committed,
,,,,,,,,,,,,,,,,,0.0,,,,,,,,,,,4e41be38-e89b-462d-b689-3884c91c3e0d,1076,,"[6.5, 70.6]",3920389,34,,,,,,,,,,,,,,,,,,,,,,,,1,Regular Play,Morgan Guilavogui,47351.0,Right Wing,53,Cameroon,2722,['ac4bba40-049b-4e5f-b407-9dd9c851ebd4'],22,,,,,,,,,,,,,,,,,Guinea,4892,00:34:22.491,Foul Committed,
,,,,,,,,,,,,,,,,,0.0,,,,,,,,,,,c6dc70eb-5943-4fdd-abe0-5a3fae4f4765,1102,,"[59.1, 10.7]",3920389,35,,,,,,,,,,,,,,,,,,,,,,,,1,From Throw In,Jules Olivier Ntcham,10530.0,Right Center Midfield,56,Guinea,4892,['17472057-8814-4dc3-8d46-ee6f8de77224'],59,,,,,,,,,,,,,,,,,Cameroon,2722,00:35:59.509,Foul Committed,
,,,,,,,,,,,,,,,,,0.0,,,,,,,,,,,e6a7cd22-f5d2-4923-a8ed-ca62e79b1474,1236,,"[62.9, 44.7]",3920389,41,,,,,,,,,,,,,,,,,,,,,,,,1,Regular Play,Christopher Wooh,74588.0,Right Center Back,64,Guinea,4892,['9d91e672-649d-4c92-9f68-54170b3dd66d'],29,,,,,,,,,,,,,,,,,Cameroon,2722,00:41:29.803,Foul Committed,
,,,,,,,,,,,,,,,,,0.0,,,,,,,,,,,955177e0-8556-4f45-9d48-475cf84be7bc,1298,,"[49.3, 43.4]",3920389,43,,,,,,,,,,,,,,,,,,,,,,,,1,From Keeper,Harold Moukoudi,7386.0,Left Center Back,69,Guinea,4892,['165706b4-de1c-4cb0-99fb-ea418f12b2ae'],51,,,,,,,,,,,,,,,,,Cameroon,2722,00:43:51.389,Foul Committed,
,,,,,,,,,,,,,,,,,0.0,,Red Card,,,,,,,,,0cc06701-9e68-4cae-bb9b-c24bb686a656,1316,,"[54.8, 36.5]",3920389,44,,,,,,,,,,,,,,,,,,,,,,,,1,Regular Play,François Kamano,3405.0,Left Wing,71,Cameroon,2722,['f319125c-f2dd-43b8-88d5-778269780295'],49,,,,,,,,,,,,,,,,,Guinea,4892,00:44:49.361,Foul Committed,
,,,,,,,,,,,,,,,,,0.0,,,,,,,,,,,bcb0354d-18df-427c-b264-0deb71760d14,1325,,"[19.5, 72.3]",3920389,49,,,,,,,,,,,,,,,,,,,,,,,,1,From Free Kick,Mory Konaté,35285.0,Right Defensive Midfield,72,Cameroon,2722,['84a1af45-9dba-434b-8d4b-7b323eef9c89'],3,,,,,,,,,,,,,,,,,Guinea,4892,00:49:03.264,Foul Committed,
,,,,,,,,,,,,,,,,,0.0,,,,,,,,,,,09d55dd5-6c1e-4d42-bc68-e95d038659c8,1336,,"[64.5, 76.8]",3920389,50,,,,,,,,,,,,,,,,,,,,,,,,1,From Keeper,Frank Magri,189348.0,Right Wing,74,Guinea,4892,['9a5cafb7-2f4e-4851-9412-f7233098133b'],41,,,,,,,,,,,,,,,,,Cameroon,2722,00:50:41.256,Foul Committed,
,,,,,,,,,,,True,,,,,,0.0,,,,,,,,,,,3364c360-0aba-442e-87fc-ad40bc7f9064,1403,,"[51.7, 74.5]",3920389,46,,,,,,,,,,,,,,,,,,,,,,,,2,Regular Play,Antoine Conte,131849.0,Right Back,79,Cameroon,2722,['557405cf-2e47-42f2-ac9d-76700f6350f4'],30,,,,,,,,,,,,,,,,,Guinea,4892,00:01:30.969,Foul Committed,
,,,,,,,,,,,,,,,,,0.0,,,,,,,,,,,2fec9d5f-a615-43a7-94c4-37b5e03ed9b1,1563,,"[8.6, 75.3]",3920389,51,,,,,,,,,,,,,,,,,,,,,,,,2,Regular Play,Antoine Conte,131849.0,Right Back,86,Cameroon,2722,"['d8b3a52c-d84b-449a-9de2-7b3e1d594e98', 'd833dbf8-45be-4613-ad69-d4b42e90bc4a']",39,,,,,,,,,,,,,,,,,Guinea,4892,00:06:39.152,Foul Committed,
,,,,,,,,,,,,,,,,,0.0,,,,,,,,,,,f94abff8-7c38-42be-bf87-4d61de67eb91,1646,,"[25.6, 25.2]",3920389,53,,,,,,,,,,,,,,,,,,,,,,,,2,From Throw In,Julian Jeanvier,7360.0,Left Center Back,90,Cameroon,2722,['c6029671-1c2a-4884-bf23-76b2f2ace0e2'],46,,,,,,,,,,,,,,,,,Guinea,4892,00:08:46.469,Foul Committed,
,,,,,,,,,,,,,,,,,0.0,,,,,,,,,,,59d16863-5305-4cd9-b6d6-c575fb918933,1686,,"[73.2, 50.7]",3920389,56,,,,,,,,,,,,,,,,,,,,,,,,2,From Goal Kick,André-Frank Zambo Anguissa,3141.0,Left Defensive Midfield,92,Guinea,4892,['46741894-c45e-4f1f-b0d1-1deb66d45488'],34,,,,,,,,,,,,,,,,,Cameroon,2722,00:11:34.635,Foul Committed,
,,,,,,,,,,,,,,,,,0.0,,Yellow Card,,,,,,,,,b73dab02-32bd-4146-855c-89457701d60c,1794,,"[40.8, 26.1]",3920389,61,,,,,,,,,,,,,,,,,,,,,,,,2,Regular Play,Harold Moukoudi,7386.0,Left Center Back,101,Guinea,4892,['b69d5e1a-d572-46cb-9431-92256d3e30a2'],9,,,,,,,,,,,,,,,,,Cameroon,2722,00:16:09.736,Foul Committed,
,,,,,,,,,,,True,,,,,,0.0,,Yellow Card,,,,,,,,,52cf1f35-cfdd-4f58-89a4-dca3da719b10,1810,,"[74.5, 44.8]",3920389,62,,,,,,,,,,,,,,,,,,,,,,,,2,Regular Play,Mouctar Diakhaby,4267.0,Right Center Back,103,Cameroon,2722,"['5fcb12ba-3ee4-4514-be27-e1002ec0c246', '34757ef7-da53-4322-afd2-94b787e37cc8']",36,,,,,,,,,,,,,,,,,Guinea,4892,00:17:36.180,Foul Committed,
,,,,,,,,,,,True,,,,,,0.0,True,,,,,,,,,,22e9bb81-2df3-48dc-b736-bfbacdd23b79,1855,,"[71.8, 64.9]",3920389,65,,,,,,,,,,,,,,,,,,,,,,,,2,Regular Play,Mory Konaté,35285.0,Left Defensive Midfield,109,Cameroon,2722,"['fbb20a28-9c77-43e2-8c8e-4ad06a7929a5', '2ccedca9-1962-4285-960a-0a2d17fccfd5', '93313b9d-f8c1-46ad-9f0f-78b2f1b47eac']",34,,,,,,,,,,,,,,,,,Guinea,4892,00:20:34.995,Foul Committed,
,,,,,,,,,,,,,,,,,0.0,,,,,,,,,,,8ec17548-5fd1-4165-b352-658889eb7f63,1919,,"[54.0, 72.9]",3920389,67,,,,,,,,,,,,,,,,,,,,,,,,2,From Throw In,André-Frank Zambo Anguissa,3141.0,Left Defensive Midfield,113,Guinea,4892,"['20b44f17-0648-44d0-9e42-abbb67ff5138', 'b185565d-343b-43d4-aed7-e78182433d8e']",50,,,,,,,,,,,,,,,,,Cameroon,2722,00:22:50.639,Foul Committed,
,,,,,,,,,,,,,,,,,0.0,,,,,,,,,,,1a0ddca6-8111-4c3e-8a0c-8b30af5e1185,2064,,"[57.0, 11.5]",3920389,75,,,,,,,,,,,,,,,,,,,,,,,,2,From Throw In,Olivier Michel Kemen,7355.0,Center Attacking Midfield,121,Guinea,4892,['a10dc925-bcf6-4ae6-be1c-30dffd611fea'],34,,,,,,,,,,,,,,,,,Cameroon,2722,00:30:34.174,Foul Committed,
,,,,,,,,,,,,,,,,,0.0,,,,,,,,,,,5e317044-5454-4fc8-81db-86233802dc7d,2109,,"[67.5, 29.9]",3920389,77,,,,,,,,,,,,,,,,,,,,,,,,2,From Goal Kick,Mory Konaté,35285.0,Left Defensive Midfield,124,Guinea,4892,['20730d44-d2dc-4ee6-a700-71c96ce82605'],28,,,,,,,,,,,,,,,,,Guinea,4892,00:32:28.419,Foul Committed,
,,,,,,,,,,,,,,,,,0.0,,,,,,,,,,,d1f4f5b9-3433-4939-bcf1-6b26c4ac745e,2476,,"[39.2, 54.6]",3920389,89,,,,,,,,,,,,,,,,,,,,,,,,2,Regular Play,Ibrahim Diakité,176683.0,Right Back,141,Cameroon,2722,"['194b6d77-bbde-45d2-b967-37c4c6455810', '3cd1de34-5907-4bd0-80f8-fed4e446cb5f']",17,,,,,,,,,,,,,,,,,Guinea,4892,00:44:17.951,Foul Committed,
,,,,,,,,,,,True,,,,,,0.0,,,,,,,,,,,82c15bfb-3645-4bcb-9eec-7d0b27875967,2564,,"[116.2, 24.7]",3920389,91,,,,,,,,,,,,,,,,,,,,,,,,2,Regular Play,Georges-Kévin Nkoudou Mbida,3639.0,Left Midfield,146,Cameroon,2722,"['2f3089b9-bc1d-4541-b420-4d389aad181d', '48dd96ac-b679-42bc-94ca-de65f1381e1e']",39,,,,,,,,,,,,,,,,,Cameroon,2722,00:46:39.426,Foul Committed,
,,,,,,,,,,,,,,,,,0.0,,,,,,,,,,,38310767-68ae-4404-b500-5678bbc474c1,2606,,"[38.3, 53.3]",3920389,93,,,,,,,,,,,,,,,,,,,,,,,,2,From Goal Kick,Aguibou Camara,39559.0,Right Midfield,149,Cameroon,2722,"['db05febc-5d15-42fd-8bfa-bbee9d8cff71', 'faba3784-8a4b-4296-b9c6-5e8f1b95ae2c']",41,,,,,,,,,,,,,,,,,Guinea,4892,00:48:41.927,Foul Committed,
,,,,,,,,,,,,,,,,,0.0,,,,True,,,,,,,190e880f-a532-41c2-bc78-68d0cc5f0d6b,137,,"[12.2, 73.1]",3920389,3,,,,,,,,,,,,,,,,,,,,,,,,1,From Throw In,Frank Magri,189348.0,Right Wing,11,Guinea,4892,['29f3f142-e2f3-466d-a9a2-948766cd6f2b'],25,,,,,,,,,,,,,,,,,Cameroon,2722,00:03:25.704,Foul Won,True
,,,,,,,,,,,,,,,,,0.0,,,,,,,,,,,013f569c-c1ab-48d9-8068-046ef65022af,164,,"[50.4, 7.5]",3920389,4,,,,,,,,,,,,,,,,,,,,,,,,1,From Free Kick,Georges-Kévin Nkoudou Mbida,3639.0,Left Wing,12,Cameroon,2722,['8f6a7f05-1e57-4999-90aa-2b38c3c11cb8'],20,,,,,,,,,,,,,,,,,Cameroon,2722,00:04:20.420,Foul Won,True
,,,,,,,,,,,,,,,,,0.0,,,,True,,,,,,,01fb1f07-f592-4a92-80a3-eac9b587c5f7,190,,"[109.7, 79.3]",3920389,5,,,,,,,,,,,,,,,,,,,,,,,,1,From Throw In,Morgan Guilavogui,47351.0,Right Wing,15,Cameroon,2722,"['afc3a772-823b-4a88-b2f9-55373629ddc9', '2bcbb533-9291-442d-b14a-27cfce113b95']",27,,,,,,,,,,,,,,,,,Guinea,4892,00:05:27.242,Foul Won,True
,,,,,,,,,,,,,,,,,0.0,,,,,,,,,,,1db1f3ac-42bc-44c4-81d4-3259d1b49cf8,346,,"[88.3, 64.5]",3920389,11,,,,,,,,,,,,,,,,,,,,,,,,1,From Kick Off,Jules Olivier Ntcham,10530.0,Right Center Midfield,21,Cameroon,2722,['74a0bc5c-c870-4645-8672-d15bae6a2897'],39,,,,,,,,,,,,,,,,,Cameroon,2722,00:11:39.740,Foul Won,True
,,,,,,,,,,,,,,,,,0.0,,,,True,,,,,,,a029c26c-7c6d-4711-a7de-d5734f85e5a7,482,,"[56.3, 9.4]",3920389,14,,,,,,,,,,,,,,,,,,,,,,,,1,Regular Play,François Kamano,3405.0,Left Wing,28,Guinea,4892,['89cae511-4a3e-4865-8917-80aa417fe332'],58,,,,,,,,,,,,,,,,,Guinea,4892,00:14:58.939,Foul Won,True
,,,,,,,,,,,,,,,,,0.0,,,,,,,,,,,ff44e833-b374-4ab6-8e34-3bdd249f4fc7,539,,"[86.9, 14.5]",3920389,16,,,,,,,,,,,,,,,,,,,,,,,,1,From Throw In,Georges-Kévin Nkoudou Mbida,3639.0,Left Wing,30,Cameroon,2722,"['c10d9edd-779e-43d7-97ed-282bbad413aa', 'e29b58ba-a1ae-4571-b5fe-782f17723926']",53,,,,,,,,,,,,,,,,,Cameroon,2722,00:16:53.212,Foul Won,True
,,,,,,,,,,,,,,,,,0.0,,,,True,,,,,,,df4bcd97-ad22-4c2a-8b37-c07b8398e0d0,605,,"[64.9, 10.0]",3920389,20,,,,,,,,,,,,,,,,,,,,,,,,1,From Throw In,Sekou Oumar Sylla,132711.0,Left Back,34,Guinea,4892,['56fe6b4e-4816-4b21-b3e1-e869e4aa022b'],37,,,,,,,,,,,,,,,,,Guinea,4892,00:20:37.783,Foul Won,True
,,,,,,,,,,,,,,,,,0.0,,,,True,,,,,,,33a9e1fe-c1af-4659-b2f0-c4f7d497744a,884,,"[68.4, 72.2]",3920389,27,,,,,,,,,,,,,,,,,,,,,,,,1,From Free Kick,Morgan Guilavogui,47351.0,Right Wing,44,Guinea,4892,['8f9ea1d9-810f-4b54-8018-3434f22a6e94'],50,,,,,,,,,,,,,,,,,Guinea,4892,00:27:50.253,Foul Won,True
,,,,,,,,,,,,,,,,,0.0,,,,,,,,,,,261df0bd-7fac-4b32-a844-6b6e22f15e3c,1024,,"[48.9, 16.1]",3920389,33,,,,,,,,,,,,,,,,,,,,,,,,1,From Throw In,Moriba Kourouma Kourouma,39073.0,Left Defensive Midfield,51,Guinea,4892,"['b43d5287-aa7c-422c-b197-943f291a8ec1', '1fcb85e6-5110-47d9-98ce-5c1c5fc53bd5']",9,,,,,,,,,,,,,,,,,Guinea,4892,00:33:09.409,Foul Won,True
,,,,,,,,,,,,,,,,,0.0,,,,,,,,,,,ac4bba40-049b-4e5f-b407-9dd9c851ebd4,1077,,"[113.6, 9.5]",3920389,34,,,,,,,,,,,,,,,,,,,,,,,,1,Regular Play,Georges-Kévin Nkoudou Mbida,3639.0,Left Wing,53,Cameroon,2722,"['1818a7ea-3d07-4559-9e5b-199494c9d9f9', '4e41be38-e89b-462d-b689-3884c91c3e0d']",22,,,,,,,,,,,,,,,,,Cameroon,2722,00:34:22.491,Foul Won,True
,,,,,,,,,,,,,,,,,0.0,,,,,,,,,,,17472057-8814-4dc3-8d46-ee6f8de77224,1103,,"[61.0, 69.4]",3920389,35,,,,,,,,,,,,,,,,,,,,,,,,1,From Throw In,Aguibou Camara,39559.0,Center Attacking Midfield,56,Guinea,4892,"['668939c1-6c6f-44c7-b20e-c10d34770184', 'c6dc70eb-5943-4fdd-abe0-5a3fae4f4765']",59,,,,,,,,,,,,,,,,,Guinea,4892,00:35:59.509,Foul Won,True
,,,,,,,,,,,,,,,,,0.0,,,,,,,,,,,9d91e672-649d-4c92-9f68-54170b3dd66d,1237,,"[57.2, 35.4]",3920389,41,,,,,,,,,,,,,,,,,,,,,,,,1,Regular Play,Moriba Kourouma Kourouma,39073.0,Left Defensive Midfield,64,Guinea,4892,['e6a7cd22-f5d2-4923-a8ed-ca62e79b1474'],29,,,,,,,,,,,,,,,,,Guinea,4892,00:41:29.803,Foul Won,True
,,,,,,,,,,,,,,,,,0.0,,,,True,,,,,,,165706b4-de1c-4cb0-99fb-ea418f12b2ae,1299,,"[70.8, 36.7]",3920389,43,,,,,,,,,,,,,,,,,,,,,,,,1,From Keeper,Mohamed Bayo,8454.0,Center Forward,69,Guinea,4892,['955177e0-8556-4f45-9d48-475cf84be7bc'],51,,,,,,,,,,,,,,,,,Guinea,4892,00:43:51.389,Foul Won,True
,,,,,,,,,,,,,,,,,0.0,,,,,,,,,,,f319125c-f2dd-43b8-88d5-778269780295,1317,,"[65.3, 43.6]",3920389,44,,,,,,,,,,,,,,,,,,,,,,,,1,Regular Play,Frank Magri,189348.0,Right Wing,71,Cameroon,2722,['0cc06701-9e68-4cae-bb9b-c24bb686a656'],49,,,,,,,,,,,,,,,,,Cameroon,2722,00:44:49.361,Foul Won,True
,,,,,,,,,,,,,,,,,0.0,,,,,,,,,,,84a1af45-9dba-434b-8d4b-7b323eef9c89,1326,,"[100.6, 7.8]",3920389,49,,,,,,,,,,,,,,,,,,,,,,,,1,From Free Kick,Darlin Zidane Yongwa Ngameni,32190.0,Left Back,72,Cameroon,2722,['bcb0354d-18df-427c-b264-0deb71760d14'],3,,,,,,,,,,,,,,,,,Cameroon,2722,00:49:03.264,Foul Won,True
,,,,,,,,,,,,,,,,,0.0,,,,True,,,,,,,9a5cafb7-2f4e-4851-9412-f7233098133b,1337,,"[55.6, 3.3]",3920389,50,,,,,,,,,,,,,,,,,,,,,,,,1,From Keeper,Sekou Oumar Sylla,132711.0,Left Back,74,Guinea,4892,"['09d55dd5-6c1e-4d42-bc68-e95d038659c8', 'ec8a6a7c-83a5-4e98-9661-9357a541c0b8']",41,,,,,,,,,,,,,,,,,Guinea,4892,00:50:41.256,Foul Won,True
,,,,,,,,,,,,,,,,,0.0,,,,True,,,,,,,557405cf-2e47-42f2-ac9d-76700f6350f4,1404,,"[68.4, 5.6]",3920389,46,,,,,,,,,,,,,,,,,,,,,,,,2,Regular Play,Georges-Kévin Nkoudou Mbida,3639.0,Left Wing,79,Cameroon,2722,['3364c360-0aba-442e-87fc-ad40bc7f9064'],30,,,,,,,,,,,,,,,,,Cameroon,2722,00:01:30.969,Foul Won,True
,,,,,,,,,,,,,,,,,0.0,,,,,,,,,,,d8b3a52c-d84b-449a-9de2-7b3e1d594e98,1564,,"[111.5, 4.8]",3920389,51,,,,,,,,,,,,,,,,,,,,,,,,2,Regular Play,Georges-Kévin Nkoudou Mbida,3639.0,Left Wing,86,Cameroon,2722,['2fec9d5f-a615-43a7-94c4-37b5e03ed9b1'],39,,,,,,,,,,,,,,,,,Cameroon,2722,00:06:39.152,Foul Won,True
,,,,,,,,,,,,,,,,,0.0,,,,,,,,,,,c6029671-1c2a-4884-bf23-76b2f2ace0e2,1647,,"[94.5, 54.9]",3920389,53,,,,,,,,,,,,,,,,,,,,,,,,2,From Throw In,Frank Magri,189348.0,Right Wing,90,Cameroon,2722,"['f94abff8-7c38-42be-bf87-4d61de67eb91', '78a273ca-c254-42b4-b501-1857442081e2']",46,,,,,,,,,,,,,,,,,Cameroon,2722,00:08:46.469,Foul Won,True
,,,,,,,,,,,,,,,,,0.0,,,,,,,,,,,46741894-c45e-4f1f-b0d1-1deb66d45488,1687,,"[46.9, 29.4]",3920389,56,,,,,,,,,,,,,,,,,,,,,,,,2,From Goal Kick,Moriba Kourouma Kourouma,39073.0,Right Defensive Midfield,92,Guinea,4892,['59d16863-5305-4cd9-b6d6-c575fb918933'],34,,,,,,,,,,,,,,,,,Guinea,4892,00:11:34.635,Foul Won,True
,,,,,,,,,,,,,,,,,0.0,,,,,,,,,,,b69d5e1a-d572-46cb-9431-92256d3e30a2,1795,,"[79.3, 54.0]",3920389,61,,,,,,,,,,,,,,,,,,,,,,,,2,Regular Play,Aguibou Camara,39559.0,Right Midfield,101,Guinea,4892,['b73dab02-32bd-4146-855c-89457701d60c'],9,,,,,,,,,,,,,,,,,Guinea,4892,00:16:09.736,Foul Won,True
,,,,,,,,,,,,,,,,,0.0,,,,,,,,,,,5fcb12ba-3ee4-4514-be27-e1002ec0c246,1811,,"[45.6, 35.3]",3920389,62,,,,,,,,,,,,,,,,,,,,,,,,2,Regular Play,Jules Olivier Ntcham,10530.0,Right Defensive Midfield,103,Cameroon,2722,['52cf1f35-cfdd-4f58-89a4-dca3da719b10'],36,,,,,,,,,,,,,,,,,Cameroon,2722,00:17:36.180,Foul Won,True
,,,,,,,,,,,,,,,,,0.0,,,True,,,,,,,,93313b9d-f8c1-46ad-9f0f-78b2f1b47eac,1856,,"[48.3, 15.2]",3920389,65,,,,,,,,,,,,,,,,,,,,,,,,2,Regular Play,Olivier Michel Kemen,7355.0,Center Attacking Midfield,109,Cameroon,2722,"['3e275e7d-743e-4ddc-8e85-cc2958fa4030', '22e9bb81-2df3-48dc-b736-bfbacdd23b79']",34,,,,,,,,,,,,,,,,,Cameroon,2722,00:20:34.995,Foul Won,True
,,,,,,,,,,,,,,,,,0.0,,,,,,,,,,,20b44f17-0648-44d0-9e42-abbb67ff5138,1920,,"[66.1, 7.2]",3920389,67,,,,,,,,,,,,,,,,,,,,,,,,2,From Throw In,Moriba Kourouma Kourouma,39073.0,Right Defensive Midfield,113,Guinea,4892,['8ec17548-5fd1-4165-b352-658889eb7f63'],50,,,,,,,,,,,,,,,,,Guinea,4892,00:22:50.639,Foul Won,True
,,,,,,,,,,,,,,,,,0.0,,,,,,,,,,,a10dc925-bcf6-4ae6-be1c-30dffd611fea,2065,,"[63.1, 68.6]",3920389,75,,,,,,,,,,,,,,,,,,,,,,,,2,From Throw In,Ibrahim Diakité,176683.0,Right Back,121,Guinea,4892,"['e4610f53-1eea-4347-805a-223cd2944e53', '1a0ddca6-8111-4c3e-8a0c-8b30af5e1185']",34,,,,,,,,,,,,,,,,,Guinea,4892,00:30:34.174,Foul Won,True
,,,,,,,,,,,,,,,,,0.0,,,,True,,,,,,,20730d44-d2dc-4ee6-a700-71c96ce82605,2110,,"[52.6, 50.2]",3920389,77,,,,,,,,,,,,,,,,,,,,,,,,2,From Goal Kick,Olivier Michel Kemen,7355.0,Center Attacking Midfield,124,Guinea,4892,['5e317044-5454-4fc8-81db-86233802dc7d'],28,,,,,,,,,,,,,,,,,Cameroon,2722,00:32:28.419,Foul Won,True
,,,,,,,,,,,,,,,,,0.0,,,,,,,,,,,3cd1de34-5907-4bd0-80f8-fed4e446cb5f,2477,,"[80.9, 25.5]",3920389,89,,,,,,,,,,,,,,,,,,,,,,,,2,Regular Play,Georges-Kévin Nkoudou Mbida,3639.0,Left Midfield,141,Cameroon,2722,['d1f4f5b9-3433-4939-bcf1-6b26c4ac745e'],17,,,,,,,,,,,,,,,,,Cameroon,2722,00:44:17.951,Foul Won,True
,,,,,,,,,,,,,,,,,0.0,,,,,,,,,,,48dd96ac-b679-42bc-94ca-de65f1381e1e,2565,,"[3.9, 55.4]",3920389,91,,,,,,,,,,,,,,,,,,,,,,,,2,Regular Play,Ibrahim Diakité,176683.0,Right Back,146,Cameroon,2722,['82c15bfb-3645-4bcb-9eec-7d0b27875967'],39,,,,,,,,,,,,,,,,,Guinea,4892,00:46:39.426,Foul Won,True
,,,,,,,,,,,,,,,,,0.0,,,,,,,,,,,faba3784-8a4b-4296-b9c6-5e8f1b95ae2c,2607,,"[81.8, 26.8]",3920389,93,,,,,,,,,,,,,,,,,,,,,,,,2,From Goal Kick,Jules Olivier Ntcham,10530.0,Right Defensive Midfield,149,Cameroon,2722,['38310767-68ae-4404-b500-5678bbc474c1'],41,,,,,,,,,,,,,,,,,Cameroon,2722,00:48:41.927,Foul Won,True
,,,,,,,,,,,,,,,,,0.0,,,,,,,,,,,00bd4de7-c2ab-4ea1-b0bf-103c561a8bde,179,,"[70.0, 2.0]",3920389,4,,,True,,,,,,,,,,,,,,,,,,,,,1,From Free Kick,Georges-Kévin Nkoudou Mbida,3639.0,Left Wing,13,Cameroon,2722,,56,,,,,,,,,,,,,,,,,Cameroon,2722,00:04:56.891,Miscontrol,
,,,,,,,,,,,,,,,,,0.0,,,,,,,,,,,d47d1d78-79a8-4913-b7da-6f0bfd90a017,310,,"[18.7, 42.2]",3920389,9,,,,,,,,,,,,,,,,,,,,,,,,1,Regular Play,Olivier Michel Kemen,7355.0,Center Defensive Midfield,20,Guinea,4892,"['76fc2701-9315-4eb0-9857-b388b17c68e1', '1355621a-d05d-4ba4-8e1e-7f48923d7d3a']",16,,,,,,,,,,,,,,,,,Cameroon,2722,00:09:16.831,Miscontrol,True
,,,,,,,,,,,,,,,,,0.0,,,,,,,,,,,b3fd7b78-16c1-472d-9b5e-21b3c558a764,457,,"[74.8, 69.1]",3920389,14,True,,,,,,,,,,,,,,,,,,,,,,,1,Regular Play,Frank Magri,189348.0,Right Wing,27,Cameroon,2722,['b6bc385e-bfc6-42a5-97c4-28799edc4fed'],41,,,,,,,,,,,,,,,,,Cameroon,2722,00:14:41.057,Miscontrol,True
,,,,,,,,,,,,,,,,,0.0,,,,,,,,,,,2ecc9be5-6ee1-4be2-b789-e0c65cd50eea,568,,"[83.2, 62.2]",3920389,19,True,,,,,,,,,,,,,,,,,,,,,,,1,From Goal Kick,Aguibou Camara,39559.0,Center Attacking Midfield,32,Guinea,4892,['e32f3ab1-05bf-4472-8133-575ebefb6cf6'],43,,,,,,,,,,,,,,,,,Guinea,4892,00:19:43.194,Miscontrol,True
,,,,,,,,,,,,,,,,,0.0,,,,,,,,,,,b0198ebb-5142-4576-b603-d008f698fb40,705,,"[116.4, 10.2]",3920389,23,,,True,,,,,,,,,,,,,,,,,,,,,1,From Throw In,Karl Brillant Toko Ekambi,3551.0,Center Forward,38,Cameroon,2722,['f0bb6a82-3ae9-4010-a47e-fad11dce9d56'],18,,,,,,,,,,,,,,,,,Cameroon,2722,00:23:18.862,Miscontrol,True
,,,,,,,,,,,,,,,,,0.0,,,,,,,,,,,942a438c-70c2-4468-82a8-a49041fca7d2,779,,"[30.3, 61.6]",3920389,25,,,,,,,,,,,,,,,,,,,,,,,,1,Regular Play,Moriba Kourouma Kourouma,39073.0,Left Defensive Midfield,42,Cameroon,2722,,25,,,,,,,,,,,,,,,,,Guinea,4892,00:25:25.072,Miscontrol,
,,,,,,,,,,,,,,,,,0.0,,,,,,,,,,,f0b9d6e6-a65b-4483-a27a-a14f29b783eb,896,,"[99.1, 75.6]",3920389,28,True,,,,,,,,,,,,,,,,,,,,,,,1,From Free Kick,Aguibou Camara,39559.0,Center Attacking Midfield,45,Guinea,4892,"['890203d0-8c9a-4997-9028-6523de47575e', 'cb0c6f00-d157-4c16-a8e5-8aad011531ca']",43,,,,,,,,,,,,,,,,,Guinea,4892,00:28:43.274,Miscontrol,True
,,,,,,,,,,,,,,,,,0.0,,,,,,,,,,,48e5b0e8-13bb-4419-9599-e19afd7fcaf2,928,,"[100.4, 14.0]",3920389,29,,,,,,,,,,,,,,,,,,,,,,,,1,From Throw In,Georges-Kévin Nkoudou Mbida,3639.0,Left Wing,47,Cameroon,2722,['ad1dacc1-087a-4c1b-89ab-a212226eb01c'],17,,,,,,,,,,,,,,,,,Cameroon,2722,00:29:17.000,Miscontrol,True
,,,,,,,,,,,,,,,,,0.0,,,,,,,,,,,21a181d8-0769-4b18-99fc-ebf17e05b3c9,936,,"[33.8, 57.0]",3920389,29,,,,,,,,,,,,,,,,,,,,,,,,1,From Throw In,François Kamano,3405.0,Left Wing,47,Cameroon,2722,['39025bbd-3743-4921-88e4-84c3edf84d85'],22,,,,,,,,,,,,,,,,,Guinea,4892,00:29:22.025,Miscontrol,True
,,,,,,,,,,,,,,,,,0.0,,,,,,,,,,,cdc97a57-90c9-480d-be88-d8136ebefb8d,957,,"[29.0, 16.3]",3920389,29,,,,,,,,,,,,,,,,,,,,,,,,1,Regular Play,Sekou Oumar Sylla,132711.0,Left Back,48,Guinea,4892,,36,,,,,,,,,,,,,,,,,Guinea,4892,00:29:36.743,Miscontrol,
,,,,,,,,,,,,,,,,,0.0,,,,,,,,,,,b57ab119-9cbe-49b5-858e-a85f53df5724,1198,,"[117.8, 6.0]",3920389,38,,,True,,,,,,,,,,,,,,,,,,,,,1,Regular Play,Georges-Kévin Nkoudou Mbida,3639.0,Left Wing,61,Cameroon,2722,,57,,,,,,,,,,,,,,,,,Cameroon,2722,00:38:57.930,Miscontrol,
,,,,,,,,,,,,,,,,,0.0,,,,,,,,,,,d80ae88c-13ec-4fab-af37-ac90ad55a5bb,1501,,"[108.4, 34.5]",3920389,49,,,,,,,,,,,,,,,,,,,,,,,,2,From Corner,Frank Magri,189348.0,Right Wing,84,Cameroon,2722,,15,,,,,,,,,,,,,,,,,Cameroon,2722,00:04:15.952,Miscontrol,
,,,,,,,,,,,,,,,,,0.0,,,,,,,,,,,560aa38c-aac8-4772-8f79-2ec2679db01a,1552,,"[42.8, 38.9]",3920389,51,,True,,,,,,,,,,,,,,,,,,,,,,2,From Kick Off,Aguibou Camara,39559.0,Left Midfield,85,Guinea,4892,,26,,,,,,,,,,,,,,,,,Guinea,4892,00:06:26.060,Miscontrol,
,,,,,,,,,,,,,,,,,0.0,,,,,,,,,,,6f70ffe1-a2af-496f-9f35-0f34003c485f,1660,,"[65.3, 48.5]",3920389,56,,,,,,,,,,,,,,,,,,,,,,,,2,From Goal Kick,Frank Magri,189348.0,Right Wing,92,Guinea,4892,,18,,,,,,,,,,,,,,,,,Cameroon,2722,00:11:18.232,Miscontrol,
,,,,,,,,,,,,,,,,,0.0,,,,,,,,,,,df3db446-869f-44dc-967d-9c317d909bfe,1672,,"[87.2, 66.5]",3920389,56,,,,,,,,,,,,,,,,,,,,,,,,2,From Goal Kick,Frank Magri,189348.0,Right Wing,92,Guinea,4892,['8fb1488c-f18c-46b9-bc72-51944b9d4b5a'],27,,,,,,,,,,,,,,,,,Cameroon,2722,00:11:27.128,Miscontrol,True
,,,,,,,,,,,,,,,,,0.0,,,,,,,,,,,a3fca2f8-eb06-4ef6-b5bc-0c10a2c4d3f6,1845,,"[63.1, 3.8]",3920389,65,,,True,,,,,,,,,,,,,,,,,,,,,2,From Throw In,Georges-Kévin Nkoudou Mbida,3639.0,Left Wing,107,Cameroon,2722,,8,,,,,,,,,,,,,,,,,Cameroon,2722,00:20:08.504,Miscontrol,
,,,,,,,,,,,,,,,,,0.0,,,,,,,,,,,a5622f1e-fa2b-4e37-9875-419ab057a7a2,2188,,"[109.3, 32.9]",3920389,81,,,,,,,,,,,,,,,,,,,,,,,,2,From Corner,Oumar Gonzalez,28444.0,Right Center Back,129,Cameroon,2722,,0,,,,,,,,,,,,,,,,,Cameroon,2722,00:36:00.619,Miscontrol,
,,,,,,,,,,,,,,,,,0.0,,,,,,,,,,,4f8d4491-9dbc-4982-99ad-180bd800c016,2253,,"[39.2, 68.9]",3920389,82,,,,,,,,,,,,,,,,,,,,,,,,2,From Throw In,Aguibou Camara,39559.0,Right Midfield,131,Cameroon,2722,,39,,,,,,,,,,,,,,,,,Guinea,4892,00:37:39.339,Miscontrol,
,,,,,,,,,,,,,,,,,0.0,,,,,,,,,,,95e61e3a-e4e6-4024-9bb8-c31f96d5f962,2298,,"[108.0, 34.8]",3920389,83,,,,,,,,,,,,,,,,,,,,,,,,2,From Throw In,Georges-Kévin Nkoudou Mbida,3639.0,Left Wing,131,Cameroon,2722,,33,,,,,,,,,,,,,,,,,Cameroon,2722,00:38:33.576,Miscontrol,
,,,,,,,,,,,,,,,,,0.0,,,,,,,,,,,6579d6fa-b51f-4e0e-8de4-aaa588cd6c4f,2315,,"[78.4, 69.5]",3920389,84,,,True,,,,,,,,,,,,,,,,,,,,,2,From Goal Kick,Aguibou Camara,39559.0,Right Midfield,132,Guinea,4892,,35,,,,,,,,,,,,,,,,,Guinea,4892,00:39:35.365,Miscontrol,
,,,,,,,,,,,,,,,,,0.0,,,,,,,,,,,b020a1dc-dd28-4586-a29b-837398937563,2354,,"[27.1, 16.2]",3920389,85,,True,,,,,,,,,,,,,,,,,,,,,,2,From Throw In,Facinet Conte,406457.0,Left Midfield,134,Guinea,4892,,45,,,,,,,,,,,,,,,,,Guinea,4892,00:40:45.219,Miscontrol,
,,,,,,,,,,,,,,,,,0.0,,,,,,,,,,,01d24e7b-cf1d-4693-a3c9-69da0ceac568,2377,,"[104.8, 40.8]",3920389,86,,,,,,,,,,,,,,,,,,,,,,,,2,Regular Play,Junior Tchamadeu,62627.0,Right Midfield,135,Cameroon,2722,,9,,,,,,,,,,,,,,,,,Cameroon,2722,00:41:09.215,Miscontrol,
,,,,,,,,,,,,,,,,,0.0,,,,,,,,,,,d240a08d-6a13-480a-bc49-2975e87ebf39,2561,,"[108.7, 25.4]",3920389,91,,,,,,,,,,,,,,,,,,,,,,,,2,Regular Play,Georges-Kévin Nkoudou Mbida,3639.0,Left Midfield,146,Cameroon,2722,['35d2f0d5-dbf8-4d17-a038-2f867d9cd910'],37,,,,,,,,,,,,,,,,,Cameroon,2722,00:46:37.273,Miscontrol,True
,,,,,,,,,,,,,,,,,0.0,,,,,,,,,,,c3c2fb12-56b7-4a83-b1b4-03b31e2ff073,2571,,"[39.5, 15.8]",3920389,92,,,True,,,,,,,,,,,,,,,,,,,,,2,From Free Kick,Jules Olivier Ntcham,10530.0,Right Defensive Midfield,147,Guinea,4892,,32,,,,,,,,,,,,,,,,,Cameroon,2722,00:47:32.307,Miscontrol,
,,,,,,,,,,,,,,,,,0.652154,,,,,,,,,,,c5f4a330-aeb5-47d7-b13b-f79d9a784346,194,,"[109.0, 43.8]",3920389,6,,,,,,,,,,,,,,,,,,,,,,,,1,From Free Kick,Mouctar Diakhaby,4267.0,Right Center Back,16,Guinea,4892,"['1b3a955f-fff1-4bb6-b68d-2436eee702e7', 'cfbe1b2a-fa44-46c0-b8e9-4763e0d72737']",44,True,Head,"[120.0, 37.4, 4.7]",,"[{'location': [118.6, 41.3], 'player': {'id': 24670, 'name': 'Joseph Fabrice Ondoa Ebogo'}, 'position': {'id': 1, 'name': 'Goalkeeper'}, 'teammate': False}, {'location': [111.1, 66.0], 'player': {'id': 32190, 'name': 'Darlin Zidane Yongwa Ngameni'}, 'position': {'id': 6, 'name': 'Left Back'}, 'teammate': False}, {'location': [103.1, 39.6], 'player': {'id': 3639, 'name': 'Georges-Kévin Nkoudou Mbida'}, 'position': {'id': 21, 'name': 'Left Wing'}, 'teammate': False}, {'location': [111.0, 49.5], 'player': {'id': 74588, 'name': 'Christopher Wooh'}, 'position': {'id': 3, 'name': 'Right Center Back'}, 'teammate': False}, {'location': [110.3, 46.5], 'player': {'id': 3141, 'name': 'André-Frank Zambo Anguissa'}, 'position': {'id': 15, 'name': 'Left Center Midfield'}, 'teammate': False}, {'location': [107.2, 37.3], 'player': {'id': 189348, 'name': 'Frank Magri'}, 'position': {'id': 17, 'name': 'Right Wing'}, 'teammate': False}, {'location': [109.5, 43.4], 'player': {'id': 7386, 'name': 'Harold Moukoudi'}, 'position': {'id': 5, 'name': 'Left Center Back'}, 'teammate': False}, {'location': [108.5, 35.3], 'player': {'id': 7426, 'name': 'Jean-Charles Castelletto'}, 'position': {'id': 2, 'name': 'Right Back'}, 'teammate': False}, {'location': [111.6, 36.9], 'player': {'id': 7355, 'name': 'Olivier Michel Kemen'}, 'position': {'id': 10, 'name': 'Center Defensive Midfield'}, 'teammate': False}, {'location': [113.4, 33.6], 'player': {'id': 10530, 'name': 'Jules Olivier Ntcham'}, 'position': {'id': 13, 'name': 'Right Center Midfield'}, 'teammate': False}, {'location': [96.1, 37.4], 'player': {'id': 39559, 'name': 'Aguibou Camara'}, 'position': {'id': 19, 'name': 'Center Attacking Midfield'}, 'teammate': True}, {'location': [110.1, 50.4], 'player': {'id': 35285, 'name': 'Mory Konaté'}, 'position': {'id': 9, 'name': 'Right Defensive Midfield'}, 'teammate': True}, {'location': [106.4, 37.6], 'player': {'id': 47351, 'name': 'Morgan Guilavogui'}, 'position': {'id': 17, 'name': 'Right Wing'}, 'teammate': True}, {'location': [105.4, 35.1], 'player': {'id': 8454, 'name': 'Mohamed Bayo'}, 'position': {'id': 23, 'name': 'Center Forward'}, 'teammate': True}, {'location': [110.6, 37.2], 'player': {'id': 7360, 'name': 'Julian Jeanvier'}, 'position': {'id': 5, 'name': 'Left Center Back'}, 'teammate': True}, {'location': [115.0, 33.0], 'player': {'id': 3405, 'name': 'François Kamano'}, 'position': {'id': 21, 'name': 'Left Wing'}, 'teammate': True}]",eb3d874d-0b24-4d65-b193-b7fa730f4820,,Off T,0.052604772,Normal,Open Play,,,,,,Guinea,4892,00:06:44.490,Shot,True
,,,,,,,,,,,,,,,,,0.348488,,,,,,,,,,,ac636a2c-39d0-4fc5-95bb-ab1237fbb740,299,,"[103.1, 56.2]",3920389,9,,,,,,,,,,,,,,,,,,,,,,,,1,Regular Play,Mohamed Bayo,8454.0,Center Forward,20,Guinea,4892,"['bb916854-f3a9-433d-8423-5fc6f9975abf', '072e58f8-f9b3-4d83-8ae4-565d8e221179']",9,,Right Foot,"[112.7, 48.4, 0.6]",,"[{'location': [85.1, 23.9], 'player': {'id': 3405, 'name': 'François Kamano'}, 'position': {'id': 21, 'name': 'Left Wing'}, 'teammate': True}, {'location': [91.0, 61.0], 'player': {'id': 7386, 'name': 'Harold Moukoudi'}, 'position': {'id': 5, 'name': 'Left Center Back'}, 'teammate': False}, {'location': [95.3, 33.5], 'player': {'id': 7426, 'name': 'Jean-Charles Castelletto'}, 'position': {'id': 2, 'name': 'Right Back'}, 'teammate': False}, {'location': [103.3, 54.8], 'player': {'id': 74588, 'name': 'Christopher Wooh'}, 'position': {'id': 3, 'name': 'Right Center Back'}, 'teammate': False}, {'location': [113.3, 48.4], 'player': {'id': 24670, 'name': 'Joseph Fabrice Ondoa Ebogo'}, 'position': {'id': 1, 'name': 'Goalkeeper'}, 'teammate': False}]",9816f4bc-8237-4b50-96fd-d9782050ba00,,Saved,0.060276568,Normal,Open Play,,,,,,Guinea,4892,00:09:09.860,Shot,True
,,,,,,,,,,,,,,,,,0.076742,,,,,,,,,,,3b4284bc-0f79-404d-8e09-9bb5a64fce7a,303,,"[106.3, 46.5]",3920389,9,,,,,,,,,,,,,,,,,,,,,,,,1,Regular Play,Moriba Kourouma Kourouma,39073.0,Left Defensive Midfield,20,Guinea,4892,"['1c26f8c9-01f9-496d-9d6e-2b99d94cd917', '4918c8e1-8a89-441a-9b99-7dc68eb86a75', 'dc41926a-7906-47f7-badc-f4cb719d02a0']",12,,Right Foot,"[107.0, 46.3]",True,"[{'location': [106.7, 59.2], 'player': {'id': 8454, 'name': 'Mohamed Bayo'}, 'position': {'id': 23, 'name': 'Center Forward'}, 'teammate': True}, {'location': [93.4, 26.3], 'player': {'id': 3405, 'name': 'François Kamano'}, 'position': {'id': 21, 'name': 'Left Wing'}, 'teammate': True}, {'location': [108.4, 44.0], 'player': {'id': 7426, 'name': 'Jean-Charles Castelletto'}, 'position': {'id': 2, 'name': 'Right Back'}, 'teammate': False}, {'location': [113.8, 44.7], 'player': {'id': 24670, 'name': 'Joseph Fabrice Ondoa Ebogo'}, 'position': {'id': 1, 'name': 'Goalkeeper'}, 'teammate': False}, {'location': [107.5, 46.6], 'player': {'id': 74588, 'name': 'Christopher Wooh'}, 'position': {'id': 3, 'name': 'Right Center Back'}, 'teammate': False}]",,,Blocked,0.16318297,Normal,Open Play,,,,,,Guinea,4892,00:09:12.739,Shot,True
,,,,,,,,,,,,,,,,,0.72388,,,,,,,,,,,12d0c976-c6ca-424f-a131-50562b5653c1,314,,"[111.2, 48.5]",3920389,9,,,,,,,,,,,,,,,,,,,,,,,,1,Regular Play,Mohamed Bayo,8454.0,Center Forward,20,Guinea,4892,"['b0a99cf7-186e-494e-b504-b8f649941bac', 'aab646b7-086a-484f-8399-cc385ed2b537']",18,,Right Foot,"[120.0, 37.2, 0.2]",True,"[{'location': [104.5, 45.6], 'player': {'id': 74588, 'name': 'Christopher Wooh'}, 'position': {'id': 3, 'name': 'Right Center Back'}, 'teammate': False}, {'location': [100.6, 37.2], 'player': {'id': 7355, 'name': 'Olivier Michel Kemen'}, 'position': {'id': 10, 'name': 'Center Defensive Midfield'}, 'teammate': False}, {'location': [97.9, 41.1], 'player': {'id': 10530, 'name': 'Jules Olivier Ntcham'}, 'position': {'id': 13, 'name': 'Right Center Midfield'}, 'teammate': False}, {'location': [105.8, 47.8], 'player': {'id': 7386, 'name': 'Harold Moukoudi'}, 'position': {'id': 5, 'name': 'Left Center Back'}, 'teammate': False}, {'location': [113.9, 45.4], 'player': {'id': 24670, 'name': 'Joseph Fabrice Ondoa Ebogo'}, 'position': {'id': 1, 'name': 'Goalkeeper'}, 'teammate': False}, {'location': [113.3, 40.1], 'player': {'id': 7426, 'name': 'Jean-Charles Castelletto'}, 'position': {'id': 2, 'name': 'Right Back'}, 'teammate': False}, {'location': [108.5, 38.6], 'player': {'id': 39559, 'name': 'Aguibou Camara'}, 'position': {'id': 19, 'name': 'Center Attacking Midfield'}, 'teammate': True}, {'location': [108.5, 41.6], 'player': {'id': 39073, 'name': 'Moriba Kourouma Kourouma'}, 'position': {'id': 11, 'name': 'Left Defensive Midfield'}, 'teammate': True}, {'location': [94.8, 30.6], 'player': {'id': 3405, 'name': 'François Kamano'}, 'position': {'id': 21, 'name': 'Left Wing'}, 'teammate': True}, {'location': [105.8, 34.5], 'player': {'id': 35285, 'name': 'Mory Konaté'}, 'position': {'id': 9, 'name': 'Right Defensive Midfield'}, 'teammate': True}]",,,Goal,0.40905967,Normal,Open Play,,,,,,Guinea,4892,00:09:18.728,Shot,True
,,,,,,,,,,,,,,,,,0.426894,,,,,,,,,,,6ce47aa9-b0c8-4901-b3f7-c911cb4837bf,349,,"[115.0, 34.0]",3920389,12,,,,,,,,,,,,,,,,,,,,,,,,1,From Free Kick,André-Frank Zambo Anguissa,3141.0,Left Center Midfield,22,Cameroon,2722,['bb785836-13fd-4ebc-a139-96320b045f02'],31,,Head,"[120.0, 35.4, 1.5]",,"[{'location': [118.9, 40.8], 'player': {'id': 182573, 'name': 'Ibrahim Kone'}, 'position': {'id': 1, 'name': 'Goalkeeper'}, 'teammate': False}, {'location': [113.8, 33.1], 'player': {'id': 7426, 'name': 'Jean-Charles Castelletto'}, 'position': {'id': 2, 'name': 'Right Back'}, 'teammate': True}, {'location': [108.7, 32.5], 'player': {'id': 10530, 'name': 'Jules Olivier Ntcham'}, 'position': {'id': 13, 'name': 'Right Center Midfield'}, 'teammate': True}, {'location': [109.9, 38.0], 'player': {'id': 7386, 'name': 'Harold Moukoudi'}, 'position': {'id': 5, 'name': 'Left Center Back'}, 'teammate': True}, {'location': [108.6, 41.7], 'player': {'id': 3551, 'name': 'Karl Brillant Toko Ekambi'}, 'position': {'id': 23, 'name': 'Center Forward'}, 'teammate': True}, {'location': [107.5, 44.5], 'player': {'id': 189348, 'name': 'Frank Magri'}, 'position': {'id': 17, 'name': 'Right Wing'}, 'teammate': True}, {'location': [101.1, 37.2], 'player': {'id': 39073, 'name': 'Moriba Kourouma Kourouma'}, 'position': {'id': 11, 'name': 'Left Defensive Midfield'}, 'teammate': False}, {'location': [101.6, 44.9], 'player': {'id': 3405, 'name': 'François Kamano'}, 'position': {'id': 21, 'name': 'Left Wing'}, 'teammate': False}, {'location': [113.4, 31.8], 'player': {'id': 131849, 'name': 'Antoine Conte'}, 'position': {'id': 2, 'name': 'Right Back'}, 'teammate': False}, {'location': [111.2, 34.8], 'player': {'id': 47351, 'name': 'Morgan Guilavogui'}, 'position': {'id': 17, 'name': 'Right Wing'}, 'teammate': False}, {'location': [114.1, 35.2], 'player': {'id': 35285, 'name': 'Mory Konaté'}, 'position': {'id': 9, 'name': 'Right Defensive Midfield'}, 'teammate': False}, {'location': [111.4, 39.4], 'player': {'id': 4267, 'name': 'Mouctar Diakhaby'}, 'position': {'id': 3, 'name': 'Right Center Back'}, 'teammate': False}, {'location': [113.4, 37.3], 'player': {'id': 7360, 'name': 'Julian Jeanvier'}, 'position': {'id': 5, 'name': 'Left Center Back'}, 'teammate': False}, {'location': [110.7, 44.8], 'player': {'id': 132711, 'name': 'Sekou Oumar Sylla'}, 'position': {'id': 6, 'name': 'Left Back'}, 'teammate': False}, {'location': [108.6, 44.0], 'player': {'id': 8454, 'name': 'Mohamed Bayo'}, 'position': {'id': 23, 'name': 'Center Forward'}, 'teammate': False}, {'location': [96.6, 57.3], 'player': {'id': 39559, 'name': 'Aguibou Camara'}, 'position': {'id': 19, 'name': 'Center Attacking Midfield'}, 'teammate': False}]",f7c991de-7ee9-4abe-9f8f-22e590a01ce2,True,Off T,0.20195088,Normal,Open Play,,,,,,Cameroon,2722,00:12:31.342,Shot,
,,,,,,,,,,,,,,,,,0.132639,,,,,,,,,,,30bf24ed-5f49-41fb-bf95-6653b8fd77fa,428,,"[98.8, 26.6]",3920389,14,,,,,,,,,,,,,,,,,,,,,,,,1,From Throw In,Darlin Zidane Yongwa Ngameni,32190.0,Left Back,25,Cameroon,2722,"['4d9ec017-4eef-48fb-bcf6-3426b183c279', '800d2bd7-1e39-47e9-990c-8af2a6fec46b', '940fc9b6-9a13-494f-a97a-b080a6bdb7d4']",15,,Left Foot,"[99.4, 26.9]",,"[{'location': [107.2, 35.7], 'player': {'id': 7360, 'name': 'Julian Jeanvier'}, 'position': {'id': 5, 'name': 'Left Center Back'}, 'teammate': False}, {'location': [104.4, 29.8], 'player': {'id': 4267, 'name': 'Mouctar Diakhaby'}, 'position': {'id': 3, 'name': 'Right Center Back'}, 'teammate': False}, {'location': [104.4, 24.3], 'player': {'id': 131849, 'name': 'Antoine Conte'}, 'position': {'id': 2, 'name': 'Right Back'}, 'teammate': False}, {'location': [96.3, 41.7], 'player': {'id': 39073, 'name': 'Moriba Kourouma Kourouma'}, 'position': {'id': 11, 'name': 'Left Defensive Midfield'}, 'teammate': False}, {'location': [100.3, 29.4], 'player': {'id': 35285, 'name': 'Mory Konaté'}, 'position': {'id': 9, 'name': 'Right Defensive Midfield'}, 'teammate': False}, {'location': [99.4, 26.0], 'player': {'id': 47351, 'name': 'Morgan Guilavogui'}, 'position': {'id': 17, 'name': 'Right Wing'}, 'teammate': False}, {'location': [91.0, 34.1], 'player': {'id': 39559, 'name': 'Aguibou Camara'}, 'position': {'id': 19, 'name': 'Center Attacking Midfield'}, 'teammate': False}, {'location': [117.3, 37.5], 'player': {'id': 182573, 'name': 'Ibrahim Kone'}, 'position': {'id': 1, 'name': 'Goalkeeper'}, 'teammate': False}, {'location': [104.8, 45.1], 'player': {'id': 132711, 'name': 'Sekou Oumar Sylla'}, 'position': {'id': 6, 'name': 'Left Back'}, 'teammate': False}, {'location': [94.7, 52.1], 'player': {'id': 3405, 'name': 'François Kamano'}, 'position': {'id': 21, 'name': 'Left Wing'}, 'teammate': False}, {'location': [86.9, 57.5], 'player': {'id': 8454, 'name': 'Mohamed Bayo'}, 'position': {'id': 23, 'name': 'Center Forward'}, 'teammate': False}, {'location': [86.9, 51.6], 'player': {'id': 7426, 'name': 'Jean-Charles Castelletto'}, 'position': {'id': 2, 'name': 'Right Back'}, 'teammate': True}, {'location': [103.2, 17.8], 'player': {'id': 3639, 'name': 'Georges-Kévin Nkoudou Mbida'}, 'position': {'id': 21, 'name': 'Left Wing'}, 'teammate': True}, {'location': [103.6, 28.8], 'player': {'id': 3141, 'name': 'André-Frank Zambo Anguissa'}, 'position': {'id': 15, 'name': 'Left Center Midfield'}, 'teammate': True}, {'location': [106.6, 35.0], 'player': {'id': 3551, 'name': 'Karl Brillant Toko Ekambi'}, 'position': {'id': 23, 'name': 'Center Forward'}, 'teammate': True}, {'location': [104.2, 45.7], 'player': {'id': 189348, 'name': 'Frank Magri'}, 'position': {'id': 17, 'name': 'Right Wing'}, 'teammate': True}, {'location': [99.9, 60.4], 'player': {'id': 10530, 'name': 'Jules Olivier Ntcham'}, 'position': {'id': 13, 'name': 'Right Center Midfield'}, 'teammate': True}]",24f143a5-7907-4c22-93cb-37598fb64bfc,,Blocked,0.029375948,Normal,Open Play,,,,,,Cameroon,2722,00:14:15.598,Shot,True
,,,,,,,,,,,,,,,,,2.348198,,,,,,,,,,,4d0c47f0-98c1-41ff-97a0-eaa7ab42d673,966,,"[76.8, 9.7]",3920389,29,,,,,,,,,,,,,,,,,,,,,,,,1,Regular Play,Sekou Oumar Sylla,132711.0,Left Back,48,Guinea,4892,['753c0a74-b722-4ae1-9dd0-b58cb3ba98ef'],44,,Left Foot,"[120.0, 40.3, 4.5]",,"[{'location': [113.3, 38.2], 'player': {'id': 24670, 'name': 'Joseph Fabrice Ondoa Ebogo'}, 'position': {'id': 1, 'name': 'Goalkeeper'}, 'teammate': False}, {'location': [68.8, 10.9], 'player': {'id': 10530, 'name': 'Jules Olivier Ntcham'}, 'position': {'id': 13, 'name': 'Right Center Midfield'}, 'teammate': False}, {'location': [73.9, 46.4], 'player': {'id': 32190, 'name': 'Darlin Zidane Yongwa Ngameni'}, 'position': {'id': 6, 'name': 'Left Back'}, 'teammate': False}, {'location': [86.7, 39.0], 'player': {'id': 7386, 'name': 'Harold Moukoudi'}, 'position': {'id': 5, 'name': 'Left Center Back'}, 'teammate': False}, {'location': [85.5, 18.8], 'player': {'id': 74588, 'name': 'Christopher Wooh'}, 'position': {'id': 3, 'name': 'Right Center Back'}, 'teammate': False}, {'location': [77.0, 11.2], 'player': {'id': 7355, 'name': 'Olivier Michel Kemen'}, 'position': {'id': 10, 'name': 'Center Defensive Midfield'}, 'teammate': False}, {'location': [70.7, 6.1], 'player': {'id': 7426, 'name': 'Jean-Charles Castelletto'}, 'position': {'id': 2, 'name': 'Right Back'}, 'teammate': False}, {'location': [83.3, 43.7], 'player': {'id': 8454, 'name': 'Mohamed Bayo'}, 'position': {'id': 23, 'name': 'Center Forward'}, 'teammate': True}, {'location': [69.7, 37.2], 'player': {'id': 39559, 'name': 'Aguibou Camara'}, 'position': {'id': 19, 'name': 'Center Attacking Midfield'}, 'teammate': True}]",581fb9ac-7183-443d-8738-d043a055e301,,Off T,0.0035412074,Lob,Open Play,,,,,,Guinea,4892,00:29:44.177,Shot,
,,,,,,,,,,,,,,,,,0.042681,,,,,,,,,,,c1ad64ab-5781-496f-963f-2b51f2232c69,1080,,"[116.5, 33.4]",3920389,35,,,,,,,,,,,,,,,,,,,,,,,,1,From Free Kick,Karl Brillant Toko Ekambi,3551.0,Center Forward,54,Cameroon,2722,"['e092bd15-9eb8-456b-a687-eb5b25582626', '2865575b-f841-45dd-b525-9b7da662cab3']",19,,Right Foot,"[117.1, 34.2]",True,"[{'location': [117.3, 34.5], 'player': {'id': 4267, 'name': 'Mouctar Diakhaby'}, 'position': {'id': 3, 'name': 'Right Center Back'}, 'teammate': False}, {'location': [114.5, 38.6], 'player': {'id': 7386, 'name': 'Harold Moukoudi'}, 'position': {'id': 5, 'name': 'Left Center Back'}, 'teammate': True}, {'location': [114.5, 41.3], 'player': {'id': 74588, 'name': 'Christopher Wooh'}, 'position': {'id': 3, 'name': 'Right Center Back'}, 'teammate': True}, {'location': [115.6, 30.2], 'player': {'id': 7426, 'name': 'Jean-Charles Castelletto'}, 'position': {'id': 2, 'name': 'Right Back'}, 'teammate': True}, {'location': [109.0, 41.4], 'player': {'id': 189348, 'name': 'Frank Magri'}, 'position': {'id': 17, 'name': 'Right Wing'}, 'teammate': True}, {'location': [118.4, 10.4], 'player': {'id': 3639, 'name': 'Georges-Kévin Nkoudou Mbida'}, 'position': {'id': 21, 'name': 'Left Wing'}, 'teammate': True}, {'location': [94.2, 44.6], 'player': {'id': 7355, 'name': 'Olivier Michel Kemen'}, 'position': {'id': 10, 'name': 'Center Defensive Midfield'}, 'teammate': True}, {'location': [118.6, 16.5], 'player': {'id': 39559, 'name': 'Aguibou Camara'}, 'position': {'id': 19, 'name': 'Center Attacking Midfield'}, 'teammate': False}, {'location': [110.5, 30.4], 'player': {'id': 3405, 'name': 'François Kamano'}, 'position': {'id': 21, 'name': 'Left Wing'}, 'teammate': False}, {'location': [114.6, 34.1], 'player': {'id': 8454, 'name': 'Mohamed Bayo'}, 'position': {'id': 23, 'name': 'Center Forward'}, 'teammate': False}, {'location': [112.6, 39.5], 'player': {'id': 47351, 'name': 'Morgan Guilavogui'}, 'position': {'id': 17, 'name': 'Right Wing'}, 'teammate': False}, {'location': [115.6, 38.2], 'player': {'id': 7360, 'name': 'Julian Jeanvier'}, 'position': {'id': 5, 'name': 'Left Center Back'}, 'teammate': False}, {'location': [118.7, 36.2], 'player': {'id': 132711, 'name': 'Sekou Oumar Sylla'}, 'position': {'id': 6, 'name': 'Left Back'}, 'teammate': False}, {'location': [115.5, 41.1], 'player': {'id': 35285, 'name': 'Mory Konaté'}, 'position': {'id': 9, 'name': 'Right Defensive Midfield'}, 'teammate': False}, {'location': [113.5, 43.4], 'player': {'id': 39073, 'name': 'Moriba Kourouma Kourouma'}, 'position': {'id': 11, 'name': 'Left Defensive Midfield'}, 'teammate': False}, {'location': [118.6, 39.9], 'player': {'id': 182573, 'name': 'Ibrahim Kone'}, 'position': {'id': 1, 'name': 'Goalkeeper'}, 'teammate': False}, {'location': [115.4, 43.8], 'player': {'id': 131849, 'name': 'Antoine Conte'}, 'position': {'id': 2, 'name': 'Right Back'}, 'teammate': False}, {'location': [116.4, 44.4], 'player': {'id': 3141, 'name': 'André-Frank Zambo Anguissa'}, 'position': {'id': 15, 'name': 'Left Center Midfield'}, 'teammate': True}]",4bd8a8fe-10bc-4876-850c-f06181e9ddc5,,Blocked,0.069739304,Volley,Open Play,,,,,,Cameroon,2722,00:35:19.707,Shot,
,,,,,,,,,,,,,,,,,0.52519,,,,,,,,,,,f7f10813-7fb0-44da-95fd-0a2d165b4a86,1151,,"[100.2, 28.3]",3920389,37,,,,,,,,,,,,,,,,,,,,,,,,1,From Corner,Jules Olivier Ntcham,10530.0,Right Center Midfield,59,Cameroon,2722,"['26b22da8-66d0-4cde-ae5f-bef2db8bd8a5', '94bea8f1-3d33-4c25-90dc-44590e246e90']",42,,Right Foot,"[112.2, 35.2]",,"[{'location': [107.3, 9.7], 'player': {'id': 3639, 'name': 'Georges-Kévin Nkoudou Mbida'}, 'position': {'id': 21, 'name': 'Left Wing'}, 'teammate': True}, {'location': [112.1, 34.0], 'player': {'id': 3551, 'name': 'Karl Brillant Toko Ekambi'}, 'position': {'id': 23, 'name': 'Center Forward'}, 'teammate': True}, {'location': [110.9, 35.5], 'player': {'id': 7426, 'name': 'Jean-Charles Castelletto'}, 'position': {'id': 2, 'name': 'Right Back'}, 'teammate': True}, {'location': [109.6, 40.8], 'player': {'id': 7386, 'name': 'Harold Moukoudi'}, 'position': {'id': 5, 'name': 'Left Center Back'}, 'teammate': True}, {'location': [111.8, 43.4], 'player': {'id': 74588, 'name': 'Christopher Wooh'}, 'position': {'id': 3, 'name': 'Right Center Back'}, 'teammate': True}, {'location': [107.4, 19.4], 'player': {'id': 35285, 'name': 'Mory Konaté'}, 'position': {'id': 9, 'name': 'Right Defensive Midfield'}, 'teammate': False}, {'location': [105.2, 33.6], 'player': {'id': 8454, 'name': 'Mohamed Bayo'}, 'position': {'id': 23, 'name': 'Center Forward'}, 'teammate': False}, {'location': [102.5, 27.4], 'player': {'id': 3405, 'name': 'François Kamano'}, 'position': {'id': 21, 'name': 'Left Wing'}, 'teammate': False}, {'location': [102.4, 39.6], 'player': {'id': 39559, 'name': 'Aguibou Camara'}, 'position': {'id': 19, 'name': 'Center Attacking Midfield'}, 'teammate': False}, {'location': [107.7, 39.8], 'player': {'id': 47351, 'name': 'Morgan Guilavogui'}, 'position': {'id': 17, 'name': 'Right Wing'}, 'teammate': False}, {'location': [112.8, 35.5], 'player': {'id': 4267, 'name': 'Mouctar Diakhaby'}, 'position': {'id': 3, 'name': 'Right Center Back'}, 'teammate': False}, {'location': [112.2, 39.8], 'player': {'id': 7360, 'name': 'Julian Jeanvier'}, 'position': {'id': 5, 'name': 'Left Center Back'}, 'teammate': False}, {'location': [109.9, 41.4], 'player': {'id': 39073, 'name': 'Moriba Kourouma Kourouma'}, 'position': {'id': 11, 'name': 'Left Defensive Midfield'}, 'teammate': False}, {'location': [118.7, 38.7], 'player': {'id': 182573, 'name': 'Ibrahim Kone'}, 'position': {'id': 1, 'name': 'Goalkeeper'}, 'teammate': False}, {'location': [113.3, 41.4], 'player': {'id': 132711, 'name': 'Sekou Oumar Sylla'}, 'position': {'id': 6, 'name': 'Left Back'}, 'teammate': False}, {'location': [112.1, 44.1], 'player': {'id': 131849, 'name': 'Antoine Conte'}, 'position': {'id': 2, 'name': 'Right Back'}, 'teammate': False}, {'location': [111.3, 40.7], 'player': {'id': 3141, 'name': 'André-Frank Zambo Anguissa'}, 'position': {'id': 15, 'name': 'Left Center Midfield'}, 'teammate': True}, {'location': [110.5, 46.1], 'player': {'id': 189348, 'name': 'Frank Magri'}, 'position': {'id': 17, 'name': 'Right Wing'}, 'teammate': True}, {'location': [95.9, 40.4], 'player': {'id': 7355, 'name': 'Olivier Michel Kemen'}, 'position': {'id': 10, 'name': 'Center Defensive Midfield'}, 'teammate': True}]",af98b016-6190-4528-91a1-f79e0b540e5b,,Blocked,0.043660697,Normal,Open Play,,,,,,Cameroon,2722,00:37:42.659,Shot,
,,,,,,,,,,,,,,,,,1.065384,,,,,,,,,,,0d2bdea1-eaa4-45be-bcae-8d77a5a10259,1548,,"[115.4, 45.1]",3920389,50,,,,,,,,,,,,,,,,,,,,,,,,2,From Corner,Frank Magri,189348.0,Right Wing,84,Cameroon,2722,"['55795a1d-aa43-43ef-958b-924ab65fb608', '2758db36-a35c-4965-943e-a43b6c53e85a']",3,True,Head,"[120.0, 39.5, 2.4]",,"[{'location': [104.7, 36.0], 'player': {'id': 35285, 'name': 'Mory Konaté'}, 'position': {'id': 11, 'name': 'Left Defensive Midfield'}, 'teammate': False}, {'location': [103.6, 15.5], 'player': {'id': 47351, 'name': 'Morgan Guilavogui'}, 'position': {'id': 12, 'name': 'Right Midfield'}, 'teammate': False}, {'location': [100.0, 25.9], 'player': {'id': 39073, 'name': 'Moriba Kourouma Kourouma'}, 'position': {'id': 9, 'name': 'Right Defensive Midfield'}, 'teammate': False}, {'location': [113.5, 43.1], 'player': {'id': 7360, 'name': 'Julian Jeanvier'}, 'position': {'id': 5, 'name': 'Left Center Back'}, 'teammate': False}, {'location': [112.8, 35.9], 'player': {'id': 4267, 'name': 'Mouctar Diakhaby'}, 'position': {'id': 3, 'name': 'Right Center Back'}, 'teammate': False}, {'location': [107.5, 23.6], 'player': {'id': 131849, 'name': 'Antoine Conte'}, 'position': {'id': 2, 'name': 'Right Back'}, 'teammate': False}, {'location': [119.1, 43.0], 'player': {'id': 182573, 'name': 'Ibrahim Kone'}, 'position': {'id': 1, 'name': 'Goalkeeper'}, 'teammate': False}, {'location': [104.2, 22.0], 'player': {'id': 32190, 'name': 'Darlin Zidane Yongwa Ngameni'}, 'position': {'id': 6, 'name': 'Left Back'}, 'teammate': True}, {'location': [93.2, 24.9], 'player': {'id': 10530, 'name': 'Jules Olivier Ntcham'}, 'position': {'id': 9, 'name': 'Right Defensive Midfield'}, 'teammate': True}, {'location': [103.4, 42.8], 'player': {'id': 3141, 'name': 'André-Frank Zambo Anguissa'}, 'position': {'id': 11, 'name': 'Left Defensive Midfield'}, 'teammate': True}, {'location': [112.3, 34.4], 'player': {'id': 3551, 'name': 'Karl Brillant Toko Ekambi'}, 'position': {'id': 23, 'name': 'Center Forward'}, 'teammate': True}, {'location': [115.8, 44.8], 'player': {'id': 132711, 'name': 'Sekou Oumar Sylla'}, 'position': {'id': 6, 'name': 'Left Back'}, 'teammate': False}]",9f949ceb-b1fb-4e0a-b6da-5232e92a6468,,Goal,0.12483427,Normal,Open Play,,,,,,Cameroon,2722,00:05:03.843,Shot,True
,,,,,,,,,,,,,,,,,1.632435,,,,,,,,,,,ac9fc1b2-983b-4c51-9a3c-94e5a89a2810,1648,,"[90.4, 50.1]",3920389,55,,,,,,,,,,,,,,,,,,,,,,,,2,From Free Kick,Georges-Kévin Nkoudou Mbida,3639.0,Left Wing,91,Cameroon,2722,['825f44f4-5c89-44de-8e38-a7a793878027'],16,,Right Foot,"[120.0, 48.9, 6.7]",,"[{'location': [99.6, 50.9], 'player': {'id': 4267, 'name': 'Mouctar Diakhaby'}, 'position': {'id': 3, 'name': 'Right Center Back'}, 'teammate': False}, {'location': [99.6, 50.0], 'player': {'id': 8454, 'name': 'Mohamed Bayo'}, 'position': {'id': 23, 'name': 'Center Forward'}, 'teammate': False}, {'location': [99.7, 51.7], 'player': {'id': 35285, 'name': 'Mory Konaté'}, 'position': {'id': 11, 'name': 'Left Defensive Midfield'}, 'teammate': False}, {'location': [102.5, 53.8], 'player': {'id': 39559, 'name': 'Aguibou Camara'}, 'position': {'id': 16, 'name': 'Left Midfield'}, 'teammate': False}, {'location': [102.6, 42.2], 'player': {'id': 47351, 'name': 'Morgan Guilavogui'}, 'position': {'id': 12, 'name': 'Right Midfield'}, 'teammate': False}, {'location': [103.1, 33.1], 'player': {'id': 131849, 'name': 'Antoine Conte'}, 'position': {'id': 2, 'name': 'Right Back'}, 'teammate': False}, {'location': [102.5, 36.1], 'player': {'id': 39073, 'name': 'Moriba Kourouma Kourouma'}, 'position': {'id': 9, 'name': 'Right Defensive Midfield'}, 'teammate': False}, {'location': [103.3, 35.6], 'player': {'id': 7360, 'name': 'Julian Jeanvier'}, 'position': {'id': 5, 'name': 'Left Center Back'}, 'teammate': False}, {'location': [102.7, 39.7], 'player': {'id': 132711, 'name': 'Sekou Oumar Sylla'}, 'position': {'id': 6, 'name': 'Left Back'}, 'teammate': False}, {'location': [118.6, 39.9], 'player': {'id': 182573, 'name': 'Ibrahim Kone'}, 'position': {'id': 1, 'name': 'Goalkeeper'}, 'teammate': False}, {'location': [101.6, 58.3], 'player': {'id': 7426, 'name': 'Jean-Charles Castelletto'}, 'position': {'id': 2, 'name': 'Right Back'}, 'teammate': True}, {'location': [92.1, 44.2], 'player': {'id': 7355, 'name': 'Olivier Michel Kemen'}, 'position': {'id': 19, 'name': 'Center Attacking Midfield'}, 'teammate': True}, {'location': [91.3, 38.7], 'player': {'id': 10530, 'name': 'Jules Olivier Ntcham'}, 'position': {'id': 9, 'name': 'Right Defensive Midfield'}, 'teammate': True}, {'location': [100.9, 37.4], 'player': {'id': 74588, 'name': 'Christopher Wooh'}, 'position': {'id': 3, 'name': 'Right Center Back'}, 'teammate': True}, {'location': [102.8, 29.0], 'player': {'id': 189348, 'name': 'Frank Magri'}, 'position': {'id': 17, 'name': 'Right Wing'}, 'teammate': True}, {'location': [102.3, 32.9], 'player': {'id': 7386, 'name': 'Harold Moukoudi'}, 'position': {'id': 5, 'name': 'Left Center Back'}, 'teammate': True}, {'location': [101.2, 35.0], 'player': {'id': 3141, 'name': 'André-Frank Zambo Anguissa'}, 'position': {'id': 11, 'name': 'Left Defensive Midfield'}, 'teammate': True}, {'location': [100.4, 42.1], 'player': {'id': 3551, 'name': 'Karl Brillant Toko Ekambi'}, 'position': {'id': 23, 'name': 'Center Forward'}, 'teammate': True}]",,,Off T,0.03037623,Normal,Free Kick,,,,,,Cameroon,2722,00:10:16.367,Shot,
,,,,,,,,,,,,,,,,,1.21421,,,,,,,,,,,ece73a7b-7abd-4666-98ca-d55d7cfb2118,1713,,"[98.1, 50.6]",3920389,57,,,,,,,,,,,,,,,,,,,,,,,,2,From Corner,Olivier Michel Kemen,7355.0,Center Attacking Midfield,95,Cameroon,2722,['3bc6d58c-8512-4bd6-bd37-04decfabb9e7'],51,,Right Foot,"[120.0, 33.8, 0.2]",True,"[{'location': [117.8, 45.8], 'player': {'id': 132711, 'name': 'Sekou Oumar Sylla'}, 'position': {'id': 6, 'name': 'Left Back'}, 'teammate': False}, {'location': [113.2, 42.5], 'player': {'id': 35285, 'name': 'Mory Konaté'}, 'position': {'id': 11, 'name': 'Left Defensive Midfield'}, 'teammate': False}, {'location': [111.5, 39.6], 'player': {'id': 39073, 'name': 'Moriba Kourouma Kourouma'}, 'position': {'id': 9, 'name': 'Right Defensive Midfield'}, 'teammate': False}, {'location': [113.7, 34.1], 'player': {'id': 176683, 'name': 'Ibrahim Diakité'}, 'position': {'id': 2, 'name': 'Right Back'}, 'teammate': False}, {'location': [119.2, 41.5], 'player': {'id': 182573, 'name': 'Ibrahim Kone'}, 'position': {'id': 1, 'name': 'Goalkeeper'}, 'teammate': False}, {'location': [105.8, 48.6], 'player': {'id': 8454, 'name': 'Mohamed Bayo'}, 'position': {'id': 23, 'name': 'Center Forward'}, 'teammate': False}, {'location': [114.0, 47.6], 'player': {'id': 3551, 'name': 'Karl Brillant Toko Ekambi'}, 'position': {'id': 23, 'name': 'Center Forward'}, 'teammate': True}, {'location': [108.7, 65.7], 'player': {'id': 3639, 'name': 'Georges-Kévin Nkoudou Mbida'}, 'position': {'id': 21, 'name': 'Left Wing'}, 'teammate': True}, {'location': [109.4, 46.2], 'player': {'id': 7426, 'name': 'Jean-Charles Castelletto'}, 'position': {'id': 2, 'name': 'Right Back'}, 'teammate': True}, {'location': [108.6, 35.2], 'player': {'id': 189348, 'name': 'Frank Magri'}, 'position': {'id': 17, 'name': 'Right Wing'}, 'teammate': True}, {'location': [115.1, 32.9], 'player': {'id': 3141, 'name': 'André-Frank Zambo Anguissa'}, 'position': {'id': 11, 'name': 'Left Defensive Midfield'}, 'teammate': True}, {'location': [108.6, 40.7], 'player': {'id': 74588, 'name': 'Christopher Wooh'}, 'position': {'id': 3, 'name': 'Right Center Back'}, 'teammate': True}, {'location': [109.7, 41.9], 'player': {'id': 7386, 'name': 'Harold Moukoudi'}, 'position': {'id': 5, 'name': 'Left Center Back'}, 'teammate': True}, {'location': [96.9, 31.4], 'player': {'id': 10530, 'name': 'Jules Olivier Ntcham'}, 'position': {'id': 9, 'name': 'Right Defensive Midfield'}, 'teammate': True}, {'location': [111.2, 38.7], 'player': {'id': 406457, 'name': 'Facinet Conte'}, 'position': {'id': 16, 'name': 'Left Midfield'}, 'teammate': False}, {'location': [112.0, 40.8], 'player': {'id': 7360, 'name': 'Julian Jeanvier'}, 'position': {'id': 5, 'name': 'Left Center Back'}, 'teammate': False}, {'location': [111.7, 45.0], 'player': {'id': 4267, 'name': 'Mouctar Diakhaby'}, 'position': {'id': 3, 'name': 'Right Center Back'}, 'teammate': False}, {'location': [105.9, 33.2], 'player': {'id': 39559, 'name': 'Aguibou Camara'}, 'position': {'id': 12, 'name': 'Right Midfield'}, 'teammate': False}]",,,Off T,0.022163007,Half Volley,Open Play,,,,,,Cameroon,2722,00:12:51.156,Shot,
,,,,,,,,,,,,,,,,,0.466003,,,,,,,,,,,fa05288f-fcab-4516-a11c-be44e01788ca,1748,,"[88.2, 49.1]",3920389,60,,,,,,,,,,,,,,,,,,,,,,,,2,From Throw In,Jules Olivier Ntcham,10530.0,Right Defensive Midfield,98,Cameroon,2722,"['2f6df8ef-cbb0-434b-8301-fc8e3f16111e', '3b86d7cf-5489-4770-8635-d5f68fc45b7b']",40,,Right Foot,"[103.2, 43.0]",,"[{'location': [92.6, 52.3], 'player': {'id': 406457, 'name': 'Facinet Conte'}, 'position': {'id': 16, 'name': 'Left Midfield'}, 'teammate': False}, {'location': [115.6, 41.2], 'player': {'id': 182573, 'name': 'Ibrahim Kone'}, 'position': {'id': 1, 'name': 'Goalkeeper'}, 'teammate': False}, {'location': [88.0, 43.4], 'player': {'id': 8454, 'name': 'Mohamed Bayo'}, 'position': {'id': 23, 'name': 'Center Forward'}, 'teammate': False}, {'location': [102.6, 48.8], 'player': {'id': 132711, 'name': 'Sekou Oumar Sylla'}, 'position': {'id': 6, 'name': 'Left Back'}, 'teammate': False}, {'location': [101.9, 47.0], 'player': {'id': 7360, 'name': 'Julian Jeanvier'}, 'position': {'id': 5, 'name': 'Left Center Back'}, 'teammate': False}, {'location': [103.1, 42.0], 'player': {'id': 4267, 'name': 'Mouctar Diakhaby'}, 'position': {'id': 3, 'name': 'Right Center Back'}, 'teammate': False}, {'location': [94.6, 34.8], 'player': {'id': 39073, 'name': 'Moriba Kourouma Kourouma'}, 'position': {'id': 9, 'name': 'Right Defensive Midfield'}, 'teammate': False}, {'location': [97.2, 43.4], 'player': {'id': 35285, 'name': 'Mory Konaté'}, 'position': {'id': 11, 'name': 'Left Defensive Midfield'}, 'teammate': False}, {'location': [97.7, 23.1], 'player': {'id': 39559, 'name': 'Aguibou Camara'}, 'position': {'id': 12, 'name': 'Right Midfield'}, 'teammate': False}, {'location': [103.5, 32.7], 'player': {'id': 176683, 'name': 'Ibrahim Diakité'}, 'position': {'id': 2, 'name': 'Right Back'}, 'teammate': False}, {'location': [98.9, 70.9], 'player': {'id': 7426, 'name': 'Jean-Charles Castelletto'}, 'position': {'id': 2, 'name': 'Right Back'}, 'teammate': True}, {'location': [103.8, 48.3], 'player': {'id': 189348, 'name': 'Frank Magri'}, 'position': {'id': 17, 'name': 'Right Wing'}, 'teammate': True}, {'location': [101.8, 41.2], 'player': {'id': 3551, 'name': 'Karl Brillant Toko Ekambi'}, 'position': {'id': 23, 'name': 'Center Forward'}, 'teammate': True}, {'location': [104.1, 31.7], 'player': {'id': 3639, 'name': 'Georges-Kévin Nkoudou Mbida'}, 'position': {'id': 21, 'name': 'Left Wing'}, 'teammate': True}, {'location': [97.8, 10.4], 'player': {'id': 32190, 'name': 'Darlin Zidane Yongwa Ngameni'}, 'position': {'id': 6, 'name': 'Left Back'}, 'teammate': True}, {'location': [97.1, 28.2], 'player': {'id': 7355, 'name': 'Olivier Michel Kemen'}, 'position': {'id': 19, 'name': 'Center Attacking Midfield'}, 'teammate': True}, {'location': [83.0, 21.7], 'player': {'id': 3141, 'name': 'André-Frank Zambo Anguissa'}, 'position': {'id': 11, 'name': 'Left Defensive Midfield'}, 'teammate': True}]",70bab896-e967-4e54-a810-6d909414ed4d,,Blocked,0.020503905,Normal,Open Play,,,,,,Cameroon,2722,00:15:40.127,Shot,
,,,,,,,,,,,,,,,,,1.191787,,,,,,,,,,,b9ee8f47-13ba-4e53-aa7d-dbfd51c40dab,1884,,"[89.1, 41.4]",3920389,66,,,,,,,,,,,,,,,,,,,,,,,,2,Regular Play,Jules Olivier Ntcham,10530.0,Right Defensive Midfield,109,Cameroon,2722,['b1d54e25-14e9-450b-ab65-1609775ba7a3'],8,,Right Foot,"[120.0, 37.4, 6.7]",,"[{'location': [117.3, 39.4], 'player': {'id': 182573, 'name': 'Ibrahim Kone'}, 'position': {'id': 1, 'name': 'Goalkeeper'}, 'teammate': False}, {'location': [94.7, 43.2], 'player': {'id': 39073, 'name': 'Moriba Kourouma Kourouma'}, 'position': {'id': 9, 'name': 'Right Defensive Midfield'}, 'teammate': False}, {'location': [101.8, 51.1], 'player': {'id': 406457, 'name': 'Facinet Conte'}, 'position': {'id': 16, 'name': 'Left Midfield'}, 'teammate': False}, {'location': [98.9, 36.8], 'player': {'id': 35285, 'name': 'Mory Konaté'}, 'position': {'id': 11, 'name': 'Left Defensive Midfield'}, 'teammate': False}, {'location': [91.5, 28.1], 'player': {'id': 8454, 'name': 'Mohamed Bayo'}, 'position': {'id': 23, 'name': 'Center Forward'}, 'teammate': False}, {'location': [106.4, 47.7], 'player': {'id': 132711, 'name': 'Sekou Oumar Sylla'}, 'position': {'id': 6, 'name': 'Left Back'}, 'teammate': False}, {'location': [98.1, 29.0], 'player': {'id': 39559, 'name': 'Aguibou Camara'}, 'position': {'id': 12, 'name': 'Right Midfield'}, 'teammate': False}, {'location': [105.2, 43.1], 'player': {'id': 7360, 'name': 'Julian Jeanvier'}, 'position': {'id': 5, 'name': 'Left Center Back'}, 'teammate': False}, {'location': [105.7, 37.7], 'player': {'id': 4267, 'name': 'Mouctar Diakhaby'}, 'position': {'id': 3, 'name': 'Right Center Back'}, 'teammate': False}, {'location': [104.5, 25.9], 'player': {'id': 176683, 'name': 'Ibrahim Diakité'}, 'position': {'id': 2, 'name': 'Right Back'}, 'teammate': False}, {'location': [100.7, 66.6], 'player': {'id': 7426, 'name': 'Jean-Charles Castelletto'}, 'position': {'id': 2, 'name': 'Right Back'}, 'teammate': True}, {'location': [107.3, 52.6], 'player': {'id': 189348, 'name': 'Frank Magri'}, 'position': {'id': 17, 'name': 'Right Wing'}, 'teammate': True}, {'location': [105.2, 38.4], 'player': {'id': 3551, 'name': 'Karl Brillant Toko Ekambi'}, 'position': {'id': 23, 'name': 'Center Forward'}, 'teammate': True}, {'location': [102.9, 38.4], 'player': {'id': 7355, 'name': 'Olivier Michel Kemen'}, 'position': {'id': 19, 'name': 'Center Attacking Midfield'}, 'teammate': True}, {'location': [99.1, 46.3], 'player': {'id': 3141, 'name': 'André-Frank Zambo Anguissa'}, 'position': {'id': 11, 'name': 'Left Defensive Midfield'}, 'teammate': True}, {'location': [102.6, 11.0], 'player': {'id': 32190, 'name': 'Darlin Zidane Yongwa Ngameni'}, 'position': {'id': 6, 'name': 'Left Back'}, 'teammate': True}, {'location': [97.2, 29.7], 'player': {'id': 3639, 'name': 'Georges-Kévin Nkoudou Mbida'}, 'position': {'id': 21, 'name': 'Left Wing'}, 'teammate': True}, {'location': [84.1, 28.8], 'player': {'id': 7386, 'name': 'Harold Moukoudi'}, 'position': {'id': 5, 'name': 'Left Center Back'}, 'teammate': True}]",466bf797-fac9-4337-a08c-7ac8cb837c70,,Off T,0.02261023,Normal,Open Play,,,,,,Cameroon,2722,00:21:08.202,Shot,
,,,,,,,,,,,,,,,,,1.307076,,,,,,,,,,,a76e98ff-9c8c-4938-8bb1-04e3db0c4b8b,2096,,"[112.2, 39.3]",3920389,76,,,,,,,,,,,,,,,,,,,,,,,,2,From Goal Kick,Georges-Kévin Nkoudou Mbida,3639.0,Left Wing,123,Cameroon,2722,"['b7599074-02de-49c1-9173-7a899d0fb115', 'd80a8f21-6704-4657-877f-17081e9c0088']",41,True,Head,"[120.0, 30.5, 1.1]",,"[{'location': [118.9, 40.8], 'player': {'id': 182573, 'name': 'Ibrahim Kone'}, 'position': {'id': 1, 'name': 'Goalkeeper'}, 'teammate': False}, {'location': [90.3, 28.3], 'player': {'id': 32190, 'name': 'Darlin Zidane Yongwa Ngameni'}, 'position': {'id': 6, 'name': 'Left Back'}, 'teammate': True}, {'location': [104.7, 63.5], 'player': {'id': 7426, 'name': 'Jean-Charles Castelletto'}, 'position': {'id': 2, 'name': 'Right Back'}, 'teammate': True}, {'location': [96.0, 33.6], 'player': {'id': 3141, 'name': 'André-Frank Zambo Anguissa'}, 'position': {'id': 11, 'name': 'Left Defensive Midfield'}, 'teammate': True}, {'location': [111.3, 48.8], 'player': {'id': 7355, 'name': 'Olivier Michel Kemen'}, 'position': {'id': 19, 'name': 'Center Attacking Midfield'}, 'teammate': True}, {'location': [110.8, 44.4], 'player': {'id': 3551, 'name': 'Karl Brillant Toko Ekambi'}, 'position': {'id': 23, 'name': 'Center Forward'}, 'teammate': True}, {'location': [106.9, 61.7], 'player': {'id': 132711, 'name': 'Sekou Oumar Sylla'}, 'position': {'id': 6, 'name': 'Left Back'}, 'teammate': False}, {'location': [98.2, 39.7], 'player': {'id': 39073, 'name': 'Moriba Kourouma Kourouma'}, 'position': {'id': 9, 'name': 'Right Defensive Midfield'}, 'teammate': False}, {'location': [105.3, 47.1], 'player': {'id': 35285, 'name': 'Mory Konaté'}, 'position': {'id': 11, 'name': 'Left Defensive Midfield'}, 'teammate': False}, {'location': [100.3, 27.7], 'player': {'id': 39559, 'name': 'Aguibou Camara'}, 'position': {'id': 12, 'name': 'Right Midfield'}, 'teammate': False}, {'location': [113.1, 47.0], 'player': {'id': 7360, 'name': 'Julian Jeanvier'}, 'position': {'id': 5, 'name': 'Left Center Back'}, 'teammate': False}, {'location': [112.0, 43.4], 'player': {'id': 4267, 'name': 'Mouctar Diakhaby'}, 'position': {'id': 3, 'name': 'Right Center Back'}, 'teammate': False}, {'location': [112.9, 38.9], 'player': {'id': 176683, 'name': 'Ibrahim Diakité'}, 'position': {'id': 2, 'name': 'Right Back'}, 'teammate': False}]",accec2d0-4509-4530-a393-416d2c27e29b,,Off T,0.13111301,Normal,Open Play,,,,,,Cameroon,2722,00:31:41.042,Shot,True
,,,,,,,,,,,,,,,,,1.041981,,,,,,,,,,,1e2f74b8-d2fe-4238-9691-0cc4a6c1ea40,2304,,"[101.0, 57.5]",3920389,83,,,,,,,,,,,,,,,,,,,,,,,,2,From Throw In,Olivier Michel Kemen,7355.0,Center Attacking Midfield,131,Cameroon,2722,['0a58c9f9-48c2-4822-ad6e-3cdc31982ab1'],37,,Right Foot,"[120.0, 43.1, 6.7]",True,"[{'location': [118.2, 42.6], 'player': {'id': 182573, 'name': 'Ibrahim Kone'}, 'position': {'id': 1, 'name': 'Goalkeeper'}, 'teammate': False}, {'location': [106.4, 60.8], 'player': {'id': 406457, 'name': 'Facinet Conte'}, 'position': {'id': 16, 'name': 'Left Midfield'}, 'teammate': False}, {'location': [109.9, 54.0], 'player': {'id': 132711, 'name': 'Sekou Oumar Sylla'}, 'position': {'id': 6, 'name': 'Left Back'}, 'teammate': False}, {'location': [109.8, 49.4], 'player': {'id': 7360, 'name': 'Julian Jeanvier'}, 'position': {'id': 5, 'name': 'Left Center Back'}, 'teammate': False}, {'location': [99.2, 41.5], 'player': {'id': 39073, 'name': 'Moriba Kourouma Kourouma'}, 'position': {'id': 9, 'name': 'Right Defensive Midfield'}, 'teammate': False}, {'location': [104.4, 49.7], 'player': {'id': 35285, 'name': 'Mory Konaté'}, 'position': {'id': 11, 'name': 'Left Defensive Midfield'}, 'teammate': False}, {'location': [108.9, 43.5], 'player': {'id': 4267, 'name': 'Mouctar Diakhaby'}, 'position': {'id': 3, 'name': 'Right Center Back'}, 'teammate': False}, {'location': [108.7, 39.3], 'player': {'id': 176683, 'name': 'Ibrahim Diakité'}, 'position': {'id': 2, 'name': 'Right Back'}, 'teammate': False}, {'location': [106.3, 29.0], 'player': {'id': 39559, 'name': 'Aguibou Camara'}, 'position': {'id': 12, 'name': 'Right Midfield'}, 'teammate': False}, {'location': [89.4, 32.0], 'player': {'id': 10530, 'name': 'Jules Olivier Ntcham'}, 'position': {'id': 9, 'name': 'Right Defensive Midfield'}, 'teammate': True}, {'location': [108.1, 78.2], 'player': {'id': 7426, 'name': 'Jean-Charles Castelletto'}, 'position': {'id': 2, 'name': 'Right Back'}, 'teammate': True}, {'location': [100.1, 49.4], 'player': {'id': 3551, 'name': 'Karl Brillant Toko Ekambi'}, 'position': {'id': 23, 'name': 'Center Forward'}, 'teammate': True}, {'location': [96.7, 38.6], 'player': {'id': 3141, 'name': 'André-Frank Zambo Anguissa'}, 'position': {'id': 11, 'name': 'Left Defensive Midfield'}, 'teammate': True}, {'location': [108.6, 55.6], 'player': {'id': 62627, 'name': 'Junior Tchamadeu'}, 'position': {'id': 17, 'name': 'Right Wing'}, 'teammate': True}, {'location': [108.0, 41.1], 'player': {'id': 3639, 'name': 'Georges-Kévin Nkoudou Mbida'}, 'position': {'id': 21, 'name': 'Left Wing'}, 'teammate': True}, {'location': [101.2, 20.1], 'player': {'id': 32190, 'name': 'Darlin Zidane Yongwa Ngameni'}, 'position': {'id': 6, 'name': 'Left Back'}, 'teammate': True}]",ecf91ac2-9538-4f7d-98a7-1fe80d433a70,,Off T,0.026856292,Normal,Open Play,,,,,,Cameroon,2722,00:38:37.294,Shot,
,,,,,,,,,,,,,,,,,0.657882,,,,,,,,,,,f015a371-404e-4a56-a634-0b38e91e8567,2422,,"[106.6, 40.8]",3920389,87,,,,,,,,,,,,,,,,,,,,,,,,2,From Throw In,Karl Brillant Toko Ekambi,3551.0,Right Center Forward,136,Cameroon,2722,"['bdc713e4-faab-4f70-b24b-0b2c9f67ed88', '78cd2254-922c-40f1-acae-6d4a19c75c07']",12,,Right Foot,"[118.4, 39.9, 1.0]",,"[{'location': [110.0, 61.0], 'player': {'id': 406457, 'name': 'Facinet Conte'}, 'position': {'id': 16, 'name': 'Left Midfield'}, 'teammate': False}, {'location': [112.5, 54.3], 'player': {'id': 7360, 'name': 'Julian Jeanvier'}, 'position': {'id': 5, 'name': 'Left Center Back'}, 'teammate': False}, {'location': [118.9, 56.1], 'player': {'id': 132711, 'name': 'Sekou Oumar Sylla'}, 'position': {'id': 6, 'name': 'Left Back'}, 'teammate': False}, {'location': [104.2, 38.5], 'player': {'id': 39073, 'name': 'Moriba Kourouma Kourouma'}, 'position': {'id': 9, 'name': 'Right Defensive Midfield'}, 'teammate': False}, {'location': [107.5, 39.7], 'player': {'id': 176683, 'name': 'Ibrahim Diakité'}, 'position': {'id': 2, 'name': 'Right Back'}, 'teammate': False}, {'location': [104.4, 30.2], 'player': {'id': 39559, 'name': 'Aguibou Camara'}, 'position': {'id': 12, 'name': 'Right Midfield'}, 'teammate': False}, {'location': [111.5, 41.1], 'player': {'id': 4267, 'name': 'Mouctar Diakhaby'}, 'position': {'id': 3, 'name': 'Right Center Back'}, 'teammate': False}, {'location': [116.0, 44.1], 'player': {'id': 35285, 'name': 'Mory Konaté'}, 'position': {'id': 11, 'name': 'Left Defensive Midfield'}, 'teammate': False}, {'location': [118.6, 40.6], 'player': {'id': 182573, 'name': 'Ibrahim Kone'}, 'position': {'id': 1, 'name': 'Goalkeeper'}, 'teammate': False}, {'location': [113.7, 54.7], 'player': {'id': 7426, 'name': 'Jean-Charles Castelletto'}, 'position': {'id': 2, 'name': 'Right Back'}, 'teammate': True}, {'location': [119.6, 57.6], 'player': {'id': 62627, 'name': 'Junior Tchamadeu'}, 'position': {'id': 12, 'name': 'Right Midfield'}, 'teammate': True}, {'location': [94.1, 34.1], 'player': {'id': 10530, 'name': 'Jules Olivier Ntcham'}, 'position': {'id': 9, 'name': 'Right Defensive Midfield'}, 'teammate': True}, {'location': [100.3, 41.6], 'player': {'id': 3639, 'name': 'Georges-Kévin Nkoudou Mbida'}, 'position': {'id': 16, 'name': 'Left Midfield'}, 'teammate': True}, {'location': [108.4, 46.3], 'player': {'id': 34293, 'name': 'Faris Pemi Moumbagna'}, 'position': {'id': 24, 'name': 'Left Center Forward'}, 'teammate': True}, {'location': [109.6, 57.6], 'player': {'id': 3141, 'name': 'André-Frank Zambo Anguissa'}, 'position': {'id': 11, 'name': 'Left Defensive Midfield'}, 'teammate': True}, {'location': [102.1, 25.9], 'player': {'id': 32190, 'name': 'Darlin Zidane Yongwa Ngameni'}, 'position': {'id': 6, 'name': 'Left Back'}, 'teammate': True}]",,,Saved,0.11550224,Normal,Open Play,,,,,,Cameroon,2722,00:42:12.055,Shot,True
,,,,,,,,,,,,,,,,,0.147962,,,,,,,,,,,50332cab-c1f0-453d-a042-a69a85b1bd3e,2525,,"[112.7, 26.8]",3920389,91,,,,,,,,,,,,,,,,,,,,,,,,2,Regular Play,Georges-Kévin Nkoudou Mbida,3639.0,Left Midfield,146,Cameroon,2722,"['901def44-217d-4db6-9f12-5671963af7df', 'c1f1b6fe-e1cf-498a-9d49-8d13ee1bcd17', '00e59a06-5ed0-4d4c-8e0c-b4b467278b65']",4,,Left Foot,"[113.6, 28.4]",,"[{'location': [89.0, 21.8], 'player': {'id': 8012, 'name': 'José Kanté Martínez'}, 'position': {'id': 23, 'name': 'Center Forward'}, 'teammate': False}, {'location': [113.3, 37.0], 'player': {'id': 132711, 'name': 'Sekou Oumar Sylla'}, 'position': {'id': 6, 'name': 'Left Back'}, 'teammate': False}, {'location': [114.5, 22.3], 'player': {'id': 4267, 'name': 'Mouctar Diakhaby'}, 'position': {'id': 3, 'name': 'Right Center Back'}, 'teammate': False}, {'location': [104.9, 26.6], 'player': {'id': 39073, 'name': 'Moriba Kourouma Kourouma'}, 'position': {'id': 9, 'name': 'Right Defensive Midfield'}, 'teammate': False}, {'location': [99.6, 11.2], 'player': {'id': 39559, 'name': 'Aguibou Camara'}, 'position': {'id': 12, 'name': 'Right Midfield'}, 'teammate': False}, {'location': [110.5, 26.8], 'player': {'id': 176683, 'name': 'Ibrahim Diakité'}, 'position': {'id': 2, 'name': 'Right Back'}, 'teammate': False}, {'location': [112.7, 28.5], 'player': {'id': 35285, 'name': 'Mory Konaté'}, 'position': {'id': 11, 'name': 'Left Defensive Midfield'}, 'teammate': False}, {'location': [113.9, 29.1], 'player': {'id': 7360, 'name': 'Julian Jeanvier'}, 'position': {'id': 5, 'name': 'Left Center Back'}, 'teammate': False}, {'location': [118.4, 35.8], 'player': {'id': 182573, 'name': 'Ibrahim Kone'}, 'position': {'id': 1, 'name': 'Goalkeeper'}, 'teammate': False}, {'location': [101.2, 44.7], 'player': {'id': 62627, 'name': 'Junior Tchamadeu'}, 'position': {'id': 12, 'name': 'Right Midfield'}, 'teammate': True}, {'location': [109.7, 38.0], 'player': {'id': 34293, 'name': 'Faris Pemi Moumbagna'}, 'position': {'id': 24, 'name': 'Left Center Forward'}, 'teammate': True}, {'location': [115.2, 15.7], 'player': {'id': 3551, 'name': 'Karl Brillant Toko Ekambi'}, 'position': {'id': 22, 'name': 'Right Center Forward'}, 'teammate': True}, {'location': [110.5, 8.8], 'player': {'id': 32190, 'name': 'Darlin Zidane Yongwa Ngameni'}, 'position': {'id': 6, 'name': 'Left Back'}, 'teammate': True}]",6ad9e6ab-be51-417c-a165-3eed7c38717b,,Blocked,0.040487587,Normal,Open Play,,,,,,Cameroon,2722,00:46:04.811,Shot,True
,,,,,,,,,,,,,,,,,1.403247,,,,,,,,,,,2e49fe52-e238-4601-a23b-0b078c8589a2,2588,,"[90.1, 47.7]",3920389,93,,,,,,,,,,,,,,,,,,,,,,,,2,From Throw In,Moriba Kourouma Kourouma,39073.0,Right Defensive Midfield,148,Guinea,4892,['db7acf01-26f2-4c56-b1eb-bdc5af75c423'],10,,Right Foot,"[120.0, 31.4, 0.2]",,"[{'location': [103.2, 53.0], 'player': {'id': 32190, 'name': 'Darlin Zidane Yongwa Ngameni'}, 'position': {'id': 6, 'name': 'Left Back'}, 'teammate': False}, {'location': [103.2, 38.8], 'player': {'id': 28444, 'name': 'Oumar Gonzalez'}, 'position': {'id': 3, 'name': 'Right Center Back'}, 'teammate': False}, {'location': [103.1, 31.3], 'player': {'id': 7426, 'name': 'Jean-Charles Castelletto'}, 'position': {'id': 2, 'name': 'Right Back'}, 'teammate': False}, {'location': [95.4, 47.8], 'player': {'id': 7386, 'name': 'Harold Moukoudi'}, 'position': {'id': 5, 'name': 'Left Center Back'}, 'teammate': False}, {'location': [88.8, 61.3], 'player': {'id': 3639, 'name': 'Georges-Kévin Nkoudou Mbida'}, 'position': {'id': 16, 'name': 'Left Midfield'}, 'teammate': False}, {'location': [94.1, 45.0], 'player': {'id': 10530, 'name': 'Jules Olivier Ntcham'}, 'position': {'id': 9, 'name': 'Right Defensive Midfield'}, 'teammate': False}, {'location': [94.5, 32.5], 'player': {'id': 62627, 'name': 'Junior Tchamadeu'}, 'position': {'id': 12, 'name': 'Right Midfield'}, 'teammate': False}, {'location': [118.3, 41.1], 'player': {'id': 24670, 'name': 'Joseph Fabrice Ondoa Ebogo'}, 'position': {'id': 1, 'name': 'Goalkeeper'}, 'teammate': False}, {'location': [93.6, 19.8], 'player': {'id': 8012, 'name': 'José Kanté Martínez'}, 'position': {'id': 23, 'name': 'Center Forward'}, 'teammate': True}, {'location': [90.8, 30.3], 'player': {'id': 132711, 'name': 'Sekou Oumar Sylla'}, 'position': {'id': 6, 'name': 'Left Back'}, 'teammate': True}, {'location': [100.6, 59.3], 'player': {'id': 39559, 'name': 'Aguibou Camara'}, 'position': {'id': 12, 'name': 'Right Midfield'}, 'teammate': True}, {'location': [93.7, 62.0], 'player': {'id': 176683, 'name': 'Ibrahim Diakité'}, 'position': {'id': 2, 'name': 'Right Back'}, 'teammate': True}, {'location': [105.0, 33.8], 'player': {'id': 406457, 'name': 'Facinet Conte'}, 'position': {'id': 16, 'name': 'Left Midfield'}, 'teammate': True}]",fe9d4c0e-dec7-4e51-88b9-e5409c11a0d2,,Off T,0.021554492,Normal,Open Play,,,,,,Guinea,4892,00:48:10.573,Shot,
,,,,,,,,,,,,,,,,,0.0,,,,,,"[1.5, 38.8]",,Set,,Shot Faced,1b3a955f-fff1-4bb6-b68d-2436eee702e7,195,,"[1.5, 38.8]",3920389,6,,,,,,,,,,,,,,,,,,,,,,,,1,From Free Kick,Joseph Fabrice Ondoa Ebogo,24670.0,Goalkeeper,16,Guinea,4892,['c5f4a330-aeb5-47d7-b13b-f79d9a784346'],45,,,,,,,,,,,,,,,,,Cameroon,2722,00:06:45.142,Goal Keeper,
,,,,,,,,,,,,,,,,,0.0,,,,,Both Hands,,In Play Danger,Set,Standing,Shot Saved,072e58f8-f9b3-4d83-8ae4-565d8e221179,300,,"[6.8, 31.7]",3920389,9,,,,,,,,,,,,,,,,,,,,,,,,1,Regular Play,Joseph Fabrice Ondoa Ebogo,24670.0,Goalkeeper,20,Guinea,4892,['ac636a2c-39d0-4fc5-95bb-ab1237fbb740'],10,,,,,,,,,,,,,,,,,Cameroon,2722,00:09:10.208,Goal Keeper,
,,,,,,,,,,,,,,,,,0.0,,,,,,"[6.3, 35.4]",,Set,,Shot Faced,1c26f8c9-01f9-496d-9d6e-2b99d94cd917,305,,"[6.3, 35.4]",3920389,9,,,,,,,,,,,,,,,,,,,,,,,,1,Regular Play,Joseph Fabrice Ondoa Ebogo,24670.0,Goalkeeper,20,Guinea,4892,['3b4284bc-0f79-404d-8e09-9bb5a64fce7a'],12,,,,,,,,,,,,,,,,,Cameroon,2722,00:09:12.936,Goal Keeper,
,,,,,,,,,,,,,,,,,0.0,,,,,,,No Touch,Set,Standing,Goal Conceded,aab646b7-086a-484f-8399-cc385ed2b537,315,,"[6.2, 34.7]",3920389,9,,,,,,,,,,,,,,,,,,,,,,,,1,Regular Play,Joseph Fabrice Ondoa Ebogo,24670.0,Goalkeeper,20,Guinea,4892,['12d0c976-c6ca-424f-a131-50562b5653c1'],19,,,,,,,,,,,,,,,,,Cameroon,2722,00:09:19.452,Goal Keeper,
,,,,,,,,,,,,,,,,,0.0,,,,,,"[1.2, 39.3]",,Set,,Shot Faced,bb785836-13fd-4ebc-a139-96320b045f02,350,,"[1.2, 39.3]",3920389,12,,,,,,,,,,,,,,,,,,,,,,,,1,From Free Kick,Ibrahim Kone,182573.0,Goalkeeper,22,Cameroon,2722,['6ce47aa9-b0c8-4901-b3f7-c911cb4837bf'],31,,,,,,,,,,,,,,,,,Guinea,4892,00:12:31.768,Goal Keeper,
,,,,,,,,,,,,,,,,,0.0,,,,,,"[2.8, 42.6]",,Set,,Shot Faced,940fc9b6-9a13-494f-a97a-b080a6bdb7d4,430,,"[2.8, 42.6]",3920389,14,,,,,,,,,,,,,,,,,,,,,,,,1,From Throw In,Ibrahim Kone,182573.0,Goalkeeper,25,Cameroon,2722,['30bf24ed-5f49-41fb-bf95-6653b8fd77fa'],15,,,,,,,,,,,,,,,,,Guinea,4892,00:14:15.850,Goal Keeper,
,,,,,,,,,,,,,,,,,0.0,,,,,,,Claim,,,Keeper Sweeper,dda9d5e4-2a02-47a7-8ad4-a36bb8402857,711,,"[15.2, 22.6]",3920389,24,,,,,,,,,,,,,,,,,,,,,,,,1,From Keeper,Joseph Fabrice Ondoa Ebogo,24670.0,Goalkeeper,40,Cameroon,2722,['ff88dba7-adee-46dc-b3ac-32adfb395f79'],2,,,,,,,,,,,,,,,,,Cameroon,2722,00:24:02.914,Goal Keeper,
,,,,,,,,,,,,,,,,,0.0,,,,,,"[6.8, 41.9]",,Moving,,Shot Faced,753c0a74-b722-4ae1-9dd0-b58cb3ba98ef,967,,"[6.8, 41.9]",3920389,29,,,,,,,,,,,,,,,,,,,,,,,,1,Regular Play,Joseph Fabrice Ondoa Ebogo,24670.0,Goalkeeper,48,Guinea,4892,['4d0c47f0-98c1-41ff-97a0-eaa7ab42d673'],46,,,,,,,,,,,,,,,,,Cameroon,2722,00:29:46.525,Goal Keeper,
,,,,,,,,,,,,,,,,,0.0,,,,,,"[1.5, 40.2]",,Set,,Shot Faced,2865575b-f841-45dd-b525-9b7da662cab3,1082,,"[1.5, 40.2]",3920389,35,,,,,,,,,,,,,,,,,,,,,,,,1,From Free Kick,Ibrahim Kone,182573.0,Goalkeeper,54,Cameroon,2722,['c1ad64ab-5781-496f-963f-2b51f2232c69'],20,,,,,,,,,,,,,,,,,Guinea,4892,00:35:20.149,Goal Keeper,
,,,,,,,,,,,,,,,,,0.0,,,,,,,Success,,,Collected,de55b783-e324-4977-a5a6-8c57a9869e94,1083,,"[2.7, 42.5]",3920389,35,,,,,,,,,,,,,,,,,,,,,,,,1,From Keeper,Ibrahim Kone,182573.0,Goalkeeper,55,Guinea,4892,,21,,,,,,,,,,,,,,,,,Guinea,4892,00:35:21.302,Goal Keeper,
,,,,,,,,,,,,,,,,,0.0,,,,,,"[1.4, 41.4]",,Set,,Shot Faced,94bea8f1-3d33-4c25-90dc-44590e246e90,1153,,"[1.4, 41.4]",3920389,37,,,,,,,,,,,,,,,,,,,,,,,,1,From Corner,Ibrahim Kone,182573.0,Goalkeeper,59,Cameroon,2722,['f7f10813-7fb0-44da-95fd-0a2d165b4a86'],43,,,,,,,,,,,,,,,,,Guinea,4892,00:37:43.379,Goal Keeper,
,,,,,,,,,,,,,,,,,0.0,,,,,,,Claim,,,Keeper Sweeper,57581f5a-17c5-4d46-badf-f6db2c2cc26d,1294,,"[7.1, 25.6]",3920389,43,,,,,,,,,,,,,,,,,,,,,,,,1,From Keeper,Ibrahim Kone,182573.0,Goalkeeper,69,Guinea,4892,['d14652ac-e953-40d1-b09f-3be4aee56e0d'],31,,,,,,,,,,,,,,,,,Guinea,4892,00:43:31.566,Goal Keeper,
,,,,,,,,,,,,,,,,,0.0,,,,,,,Success,,,Collected,4997bf6d-0c0c-4e2e-b61e-69a7950a562f,1329,,"[2.7, 38.9]",3920389,50,,,,,,,,,,,,,,,,,,,,,,,,1,From Keeper,Ibrahim Kone,182573.0,Goalkeeper,74,Guinea,4892,['6aad4540-271f-43b9-ac08-56d07874a5bf'],11,,,,,,,,,,,,,,,,,Guinea,4892,00:50:11.241,Goal Keeper,
,,,,,,,,,,,,,,,,,0.0,,,,,,,No Touch,Set,Standing,Goal Conceded,2758db36-a35c-4965-943e-a43b6c53e85a,1549,,"[1.0, 37.1]",3920389,50,,,,,,,,,,,,,,,,,,,,,,,,2,From Corner,Ibrahim Kone,182573.0,Goalkeeper,84,Cameroon,2722,['0d2bdea1-eaa4-45be-bcae-8d77a5a10259'],4,,,,,,,,,,,,,,,,,Guinea,4892,00:05:04.908,Goal Keeper,
,,,,,,,,,,,,,,,,,0.0,,,,,,"[1.5, 40.2]",,Set,,Shot Faced,825f44f4-5c89-44de-8e38-a7a793878027,1649,,"[1.5, 40.2]",3920389,55,,,,,,,,,,,,,,,,,,,,,,,,2,From Free Kick,Ibrahim Kone,182573.0,Goalkeeper,91,Cameroon,2722,['ac9fc1b2-983b-4c51-9a3c-94e5a89a2810'],17,,,,,,,,,,,,,,,,,Guinea,4892,00:10:17.999,Goal Keeper,
,,,,,,,,,,,,,,,,,0.0,,,,,,"[0.9, 38.6]",,Set,,Shot Faced,3bc6d58c-8512-4bd6-bd37-04decfabb9e7,1714,,"[0.9, 38.6]",3920389,57,,,,,,,,,,,,,,,,,,,,,,,,2,From Corner,Ibrahim Kone,182573.0,Goalkeeper,95,Cameroon,2722,['ece73a7b-7abd-4666-98ca-d55d7cfb2118'],52,,,,,,,,,,,,,,,,,Guinea,4892,00:12:52.371,Goal Keeper,
,,,,,,,,,,,,,,,,,0.0,,,,,,"[4.5, 38.9]",,Set,,Shot Faced,3b86d7cf-5489-4770-8635-d5f68fc45b7b,1751,,"[4.5, 38.9]",3920389,60,,,,,,,,,,,,,,,,,,,,,,,,2,From Throw In,Ibrahim Kone,182573.0,Goalkeeper,98,Cameroon,2722,['fa05288f-fcab-4516-a11c-be44e01788ca'],40,,,,,,,,,,,,,,,,,Guinea,4892,00:15:40.772,Goal Keeper,
,,,,,,,,,,,,,,,,,0.0,,,,,,,In Play Safe,,,Punch,14443bff-6918-4934-8094-86041d42b53d,1798,,"[7.2, 42.9]",3920389,62,,,,,,,,,,,,,,,,,,,,,,,,2,From Free Kick,Joseph Fabrice Ondoa Ebogo,24670.0,Goalkeeper,102,Guinea,4892,['db473f15-bdb9-4789-be5e-e71880e47a71'],31,,,,,,,,,,,,,,,,,Cameroon,2722,00:17:31.127,Goal Keeper,
,,,,,,,,,,,,,,,,,0.0,,,,,,"[2.8, 40.7]",,Set,,Shot Faced,b1d54e25-14e9-450b-ab65-1609775ba7a3,1885,,"[2.8, 40.7]",3920389,66,,,,,,,,,,,,,,,,,,,,,,,,2,Regular Play,Ibrahim Kone,182573.0,Goalkeeper,109,Cameroon,2722,['b9ee8f47-13ba-4e53-aa7d-dbfd51c40dab'],9,,,,,,,,,,,,,,,,,Guinea,4892,00:21:09.394,Goal Keeper,
,,,,,,,,,,,,,,,,,0.0,,,,,,"[1.2, 39.3]",,Set,,Shot Faced,b7599074-02de-49c1-9173-7a899d0fb115,2097,,"[1.2, 39.3]",3920389,76,,,,,,,,,,,,,,,,,,,,,,,,2,From Goal Kick,Ibrahim Kone,182573.0,Goalkeeper,123,Cameroon,2722,['a76e98ff-9c8c-4938-8bb1-04e3db0c4b8b'],42,,,,,,,,,,,,,,,,,Guinea,4892,00:31:42.349,Goal Keeper,
,,,,,,,,,,,,,,,,,0.0,,,,,,"[1.9, 37.5]",,Set,,Shot Faced,0a58c9f9-48c2-4822-ad6e-3cdc31982ab1,2305,,"[1.9, 37.5]",3920389,83,,,,,,,,,,,,,,,,,,,,,,,,2,From Throw In,Ibrahim Kone,182573.0,Goalkeeper,131,Cameroon,2722,['1e2f74b8-d2fe-4238-9691-0cc4a6c1ea40'],38,,,,,,,,,,,,,,,,,Guinea,4892,00:38:38.336,Goal Keeper,
,,,,,,,,,,,,,,,,,0.0,,,,,Both Hands,,Saved Twice,Set,Standing,Shot Saved,bdc713e4-faab-4f70-b24b-0b2c9f67ed88,2423,,"[1.5, 39.5]",3920389,87,,,,,,,,,,,,,,,,,,,,,,,,2,Regular Play,Ibrahim Kone,182573.0,Goalkeeper,137,Guinea,4892,['f015a371-404e-4a56-a634-0b38e91e8567'],12,,,,,,,,,,,,,,,,,Guinea,4892,00:42:12.713,Goal Keeper,
,,,,,,,,,,,,,,,,,0.0,,,,,,,Success,,,Collected,c0568620-4123-41cb-8005-29c219c1d509,2483,,"[3.1, 38.6]",3920389,89,,,,,,,,,,,,,,,,,,,,,,,,2,From Keeper,Ibrahim Kone,182573.0,Goalkeeper,143,Guinea,4892,['70fd2646-96fd-45fa-9901-ba6aa3d0d943'],57,,,,,,,,,,,,,,,,,Guinea,4892,00:44:57.556,Goal Keeper,
,,,,,,,,,,,,,,,,,0.0,,,,,,"[1.7, 44.3]",,Set,,Shot Faced,00e59a06-5ed0-4d4c-8e0c-b4b467278b65,2527,,"[1.7, 44.3]",3920389,91,,,,,,,,,,,,,,,,,,,,,,,,2,Regular Play,Ibrahim Kone,182573.0,Goalkeeper,146,Cameroon,2722,['50332cab-c1f0-453d-a042-a69a85b1bd3e'],5,,,,,,,,,,,,,,,,,Guinea,4892,00:46:05.121,Goal Keeper,
,,,,,,,,,,,,,,,,,0.0,,,,,,"[1.8, 39.0]",,Set,,Shot Faced,db7acf01-26f2-4c56-b1eb-bdc5af75c423,2589,,"[1.8, 39.0]",3920389,93,,,,,,,,,,,,,,,,,,,,,,,,2,From Throw In,Joseph Fabrice Ondoa Ebogo,24670.0,Goalkeeper,148,Guinea,4892,['2e49fe52-e238-4601-a23b-0b078c8589a2'],11,,,,,,,,,,,,,,,,,Cameroon,2722,00:48:11.977,Goal Keeper,
,,,,,,,,,,,True,,,,,,0.0,,,,,,,,,,,d92ae046-ea47-4c2a-a60f-a5fa18875901,293,Won,"[58.3, 75.1]",3920389,9,,,,,,,,,,,,,,,,,,,,,,,,1,Regular Play,Antoine Conte,131849.0,Right Back,20,Guinea,4892,['289d5bc4-3a26-427b-a4ad-ab1a3922c013'],5,,,,,,,,,,,,,,,,,Guinea,4892,00:09:05.686,Interception,
,,,,,,,,,,,,,,,,,0.0,,,,,,,,,,,b40c4080-31a3-4d6a-9c2f-a163b5beabf9,775,Success In Play,"[29.6, 71.7]",3920389,25,,,,,,,,,,,,,,,,,,,,,,,,1,Regular Play,Aguibou Camara,39559.0,Center Attacking Midfield,42,Cameroon,2722,['2b438864-bb93-4aab-901f-c6f5d11f237a'],22,,,,,,,,,,,,,,,,,Guinea,4892,00:25:22.713,Interception,
,,,,,,,,,,,,,,,,,0.0,,,,,,,,,,,54b38c4e-5318-4da0-9bcd-d493ef0ba833,941,Lost In Play,"[21.8, 45.4]",3920389,29,,,,,,,,,,,,,,,,,,,,,,,,1,From Throw In,Julian Jeanvier,7360.0,Left Center Back,47,Cameroon,2722,['d32b0e43-9b09-4467-8ede-4cf71a1776b6'],24,,,,,,,,,,,,,,,,,Guinea,4892,00:29:24.330,Interception,
,,,,,,,,,,,,,,,,,0.0,,,,,,,,,,,ea57370f-33b3-45d8-930f-21b3f52f3206,1115,Won,"[18.1, 42.1]",3920389,36,,,,,,,,,,,,,,,,,,,,,,,,1,From Free Kick,Mouctar Diakhaby,4267.0,Right Center Back,57,Guinea,4892,['4e732eac-8894-463d-b626-4c82a7e690be'],16,,,,,,,,,,,,,,,,,Guinea,4892,00:36:16.367,Interception,
,,,,,,,,,,,,,,,,,0.0,,,,,,,,,,,5d2732e3-5b4b-4abf-92d1-e77e1588c587,1147,Lost Out,"[8.5, 46.5]",3920389,36,,,,,,,,,,,,,,,,,,,,,,,,1,Regular Play,Julian Jeanvier,7360.0,Left Center Back,58,Cameroon,2722,['2e1d5bad-9801-41fc-af8f-525c1c8905b8'],58,,,,,,,,,,,,,,,,,Guinea,4892,00:36:58.031,Interception,
,,,,,,,,,,,,,,,,,0.0,,,,,,,,,,,1509ea80-43ec-4375-ab6a-2721c9580fa0,1178,Won,"[38.1, 11.4]",3920389,38,,,,,,,,,,,,,,,,,,,,,,,,1,Regular Play,Jules Olivier Ntcham,10530.0,Right Center Midfield,61,Cameroon,2722,,41,,,,,,,,,,,,,,,,,Cameroon,2722,00:38:41.025,Interception,
,,,,,,,,,,,True,,,,,,0.0,,,,,,,,,,,0e8a5745-97ac-4128-a942-dbe263cb63d2,1761,Won,"[76.4, 66.6]",3920389,60,,,,,,,,,,,,,,,,,,,,,,,,2,Regular Play,Jean-Charles Castelletto,7426.0,Right Back,100,Cameroon,2722,['1ed7977b-ba47-4d92-9fce-e8b01b78092d'],46,,,,,,,,,,,,,,,,,Cameroon,2722,00:15:46.863,Interception,
,,,,,,,,,,,,,,,,,0.0,,,,,,,,,,,d07b62ab-5cb3-45c7-b87d-84490699011b,1821,Won,"[5.3, 76.3]",3920389,63,,,,,,,,,,,,,,,,,,,,,,,,2,From Free Kick,Ibrahim Diakité,176683.0,Right Back,104,Cameroon,2722,"['44b7a5d4-017f-46da-9d05-839a9cf501fb', '6d2dd259-f2c4-40cd-9ab7-b82192054365']",59,,,,,,,,,,,,,,,,,Guinea,4892,00:18:59.261,Interception,True
,,,,,,,,,,,,,,,,,0.0,,,,,,,,,,,fab2cb5f-2737-481d-98e9-7170eb3ec94a,2011,Won,"[28.3, 25.2]",3920389,71,,,,,,,,,,,,,,,,,,,,,,,,2,From Throw In,Darlin Zidane Yongwa Ngameni,32190.0,Left Back,119,Guinea,4892,['c64639e7-5bbe-4563-be5d-917d5411007a'],29,,,,,,,,,,,,,,,,,Cameroon,2722,00:26:29.247,Interception,
,,,,,,,,,,,,,,,,,0.0,,,,,,,,,,,c8ed07a8-469b-4051-b0ef-15d302e91464,2299,Lost In Play,"[11.4, 45.9]",3920389,83,,,,,,,,,,,,,,,,,,,,,,,,2,From Throw In,Ibrahim Diakité,176683.0,Right Back,131,Cameroon,2722,,33,,,,,,,,,,,,,,,,,Guinea,4892,00:38:33.591,Interception,
,,,,,,,,,,,,,,,,,0.0,,,,,,,,,,,49c0ebf9-a1cc-46c3-8e1e-a363a8f58681,2444,Won,"[62.3, 65.2]",3920389,88,,,,,,,,,,,,,,,,,,,,,,,,2,Regular Play,Moriba Kourouma Kourouma,39073.0,Right Defensive Midfield,140,Cameroon,2722,['bf3a6b7c-eea3-42be-9bd6-f52d364682c1'],48,,,,,,,,,,,,,,,,,Guinea,4892,00:43:48.599,Interception,
,,,,,,,,,,,True,,,,,,0.0,,,,,,,,,,,2ffa9ec7-08bf-425d-a3d4-e0311b66f6ef,2453,Won,"[38.7, 6.4]",3920389,88,,,,,,,,,,,,,,,,,,,,,,,,2,Regular Play,André-Frank Zambo Anguissa,3141.0,Left Defensive Midfield,140,Cameroon,2722,['bb6a8389-db26-4acd-8e60-ef7423856274'],53,,,,,,,,,,,,,,,,,Cameroon,2722,00:43:53.732,Interception,
,,,,,,,,,,,,,,,,,0.0,,,,,,,,,,,89143c87-4fe2-4093-940c-7bc76a30b354,311,,"[19.6, 40.7]",3920389,9,,,,,,,,,,,,,,,,,,,,,,,,1,Regular Play,Olivier Michel Kemen,7355.0,Center Defensive Midfield,20,Guinea,4892,"['1355621a-d05d-4ba4-8e1e-7f48923d7d3a', '76fc2701-9315-4eb0-9857-b388b17c68e1']",16,,,,,,,,,,,,,,,,,Cameroon,2722,00:09:16.956,Error,True
,,,,,,,,,,,,,,,,,0.0,,,,,,,,,,,931c854a-5093-4cb5-ba0b-6e5d3a93c6b8,498,,,3920389,16,,,,,,,,,,,,,,,,,,,,,,,,1,From Throw In,Morgan Guilavogui,47351.0,Right Wing,30,Cameroon,2722,,8,,,,,,,,,,,,,,,,,Guinea,4892,00:16:08.789,Injury Stoppage,
,,,,,,,,,,,,,,,,,0.0,,,,,,,,,,,c7b441fe-3a33-424b-8288-b690382a47ec,540,,,3920389,17,,,,,,,,,,,,,,,,,,,,,,,,1,From Throw In,Aguibou Camara,39559.0,Center Attacking Midfield,30,Cameroon,2722,,9,,,,,,,,,,,,,,,,,Guinea,4892,00:17:09.192,Injury Stoppage,
,,,,,,,,,,,,,,,,,0.0,,,,,,,,,,,d701178f-7804-45ff-a10b-47a620e093d5,885,,,3920389,27,,,,,,,,,,,,,,,,,,,,,,,,1,From Free Kick,Morgan Guilavogui,47351.0,Right Wing,44,Guinea,4892,,57,,,,,,,,,,,,,,,,,Guinea,4892,00:27:57.453,Injury Stoppage,
,,,,,,,,,,,,,,,,,0.0,,,,,,,,,,,875db341-696a-4fc1-8b31-5562b82b5a5f,968,,,3920389,30,,,,,,,,,,,,,,,,,,,,,,,,1,Regular Play,Ibrahim Kone,182573.0,Goalkeeper,48,Guinea,4892,,23,,,,,,,,,,,,,,,,,Guinea,4892,00:30:23.839,Injury Stoppage,
,,,,,,,,,,,,,,,,,0.0,,,,,,,,,,,d07f3970-8320-4568-89b6-56ecb0f3ecb3,1199,,,3920389,39,,,,,,,,,,,,,,,,,,,,,,,,1,Regular Play,Mouctar Diakhaby,4267.0,Right Center Back,61,Cameroon,2722,,54,,,,,,,,,,,,,,,,,Guinea,4892,00:39:54.120,Injury Stoppage,
,,,,,,,,,,,,,,,,,0.0,,,,,,,,,,,cef68c65-f8ef-4f7b-b124-2ad7d917dded,1715,,,3920389,58,,,,,,,,,,,,,,,,,,,,,,,,2,From Corner,Julian Jeanvier,7360.0,Left Center Back,95,Cameroon,2722,,31,,,,,,,,,,,,,,,,,Guinea,4892,00:13:31.843,Injury Stoppage,
,,,,,,,,,,,,,,,,,0.0,,,,,,,,,,,45b7876e-086b-4eaf-b39a-fd8baf4f2153,2021,,,3920389,72,,,,,,,,,,,,,,,,,,,,,,,,2,From Throw In,Christopher Wooh,74588.0,Right Center Back,119,Guinea,4892,,3,,,,,,,,,,,,,,,,,Cameroon,2722,00:27:03.479,Injury Stoppage,
,,,,,,,,,,,,,,,,,0.0,,,,,,,,,,,b9fe9f89-3bf2-43b0-a58d-12431d5823da,2145,,,3920389,78,,,,,,,,,,,,,,,,,,,,,,,,2,From Free Kick,Joseph Fabrice Ondoa Ebogo,24670.0,Goalkeeper,125,Cameroon,2722,,26,,,,,,,,,,,,,,,,,Cameroon,2722,00:33:26.618,Injury Stoppage,
,,,,,,,,,,,,,,,,,0.0,,,,,,,,,,,7499d86e-b8c5-488b-a093-7e877974eb26,2146,,,3920389,78,,,,,,,,,,,,,,,,,,,,,,,,2,From Free Kick,Facinet Conte,406457.0,Left Midfield,125,Cameroon,2722,,31,,,,,,,,,,,,,,,,,Guinea,4892,00:33:31.738,Injury Stoppage,
"{'outcome': {'id': 1, 'name': 'Lost'}}",,,,,,,,,,,,,,,,,0.0,,,,,,,,,,,d3fbf3a9-632b-4473-bd34-632ed625f101,958,,"[32.8, 16.0]",3920389,29,,,,,,,,,,,,,,,,,,,,,,,,1,Regular Play,Sekou Oumar Sylla,132711.0,Left Back,48,Guinea,4892,['9946c3f6-19de-46e6-8c22-68ffd4b0ff3c'],37,,,,,,,,,,,,,,,,,Guinea,4892,00:29:37.628,50/50,True
"{'outcome': {'id': 2, 'name': 'Success To Opposition'}}",,,,,,,,,,,True,,,,,,0.0,,,,,,,,,,,9946c3f6-19de-46e6-8c22-68ffd4b0ff3c,959,,"[87.3, 64.1]",3920389,29,,,,,,,,,,,,,,,,,,,,,,,,1,Regular Play,Jules Olivier Ntcham,10530.0,Right Center Midfield,48,Guinea,4892,['d3fbf3a9-632b-4473-bd34-632ed625f101'],37,,,,,,,,,,,,,,,,,Cameroon,2722,00:29:37.628,50/50,True
"{'outcome': {'id': 2, 'name': 'Success To Opposition'}}",,,,,,,,,,,,,,,,,0.0,,,,,,,,,,,22c4ba28-1f51-4fa3-81ae-65153810f298,1247,,"[46.6, 61.2]",3920389,42,,,,,,,,,,,,,,,,,,,,,,,,1,Regular Play,Mory Konaté,35285.0,Right Defensive Midfield,66,Cameroon,2722,['3ed0bff7-1cf4-4b21-862e-604276e9074c'],9,,,,,,,,,,,,,,,,,Guinea,4892,00:42:09.641,50/50,True
"{'outcome': {'id': 1, 'name': 'Lost'}}",,,,,,,,,,,,,,,,,0.0,,,,,,,,,,,3ed0bff7-1cf4-4b21-862e-604276e9074c,1248,,"[73.5, 18.9]",3920389,42,,,,,,,,,,,,,,,,,,,,,,,,1,Regular Play,Karl Brillant Toko Ekambi,3551.0,Center Forward,66,Cameroon,2722,['22c4ba28-1f51-4fa3-81ae-65153810f298'],9,,,,,,,,,,,,,,,,,Cameroon,2722,00:42:09.641,50/50,True
"{'outcome': {'id': 1, 'name': 'Lost'}}",,,,,,,,,,,,,,,,,0.0,,,,,,,,,,,816c89db-1340-45bf-aa14-4452ea4678fd,1661,,"[68.6, 52.4]",3920389,56,,,,,,,,,,,,,,,,,,,,,,,,2,From Goal Kick,Frank Magri,189348.0,Right Wing,92,Guinea,4892,['1299e349-b79f-46de-8a5e-dcad77e4caa2'],19,,,,,,,,,,,,,,,,,Cameroon,2722,00:11:19.139,50/50,True
"{'outcome': {'id': 3, 'name': 'Success To Team'}}",,,,,,,,,,,True,,,,,,0.0,,,,,,,,,,,1299e349-b79f-46de-8a5e-dcad77e4caa2,1662,,"[51.5, 27.7]",3920389,56,,,,,,,,,,,,,,,,,,,,,,,,2,From Goal Kick,Sekou Oumar Sylla,132711.0,Left Back,92,Guinea,4892,['816c89db-1340-45bf-aa14-4452ea4678fd'],19,,,,,,,,,,,,,,,,,Guinea,4892,00:11:19.139,50/50,True
,,,,,,,,,,,True,,,,,,0.0,,,,,,,,,,,d741b11c-7a14-4a0b-96d6-aeebb96c6208,1228,,"[81.5, 26.0]",3920389,41,,,,,,,,,,,,,,,,,,,,,,,,1,Regular Play,André-Frank Zambo Anguissa,3141.0,Left Center Midfield,64,Guinea,4892,"['bfb8f940-2243-4e81-aa11-02a967d9f854', '267cc72b-9808-446d-8bd9-36d16b2639bf']",23,,,,,,,,,,,,,,,,,Cameroon,2722,00:41:23.563,Dribbled Past,
,,,,,,,,,,,,,,,,,0.0,,,,,,,,,,,1b0e46d1-7df1-40f8-80be-780044c3b505,1254,,"[14.2, 55.5]",3920389,42,,,,,,,,,,,,,,,,,,,,,,,,1,Regular Play,Antoine Conte,131849.0,Right Back,66,Cameroon,2722,"['939927f0-4cda-42d7-9699-d5b7d142ac5d', '001deeeb-d7d6-4a53-b291-1b83802de294']",17,,,,,,,,,,,,,,,,,Guinea,4892,00:42:17.146,Dribbled Past,
,,,,,,,,,,,,,,,,,0.0,,,,,,,,,,,1cbf548a-e454-44f0-8e61-353867da09e9,1386,,"[4.5, 69.8]",3920389,45,,,,,,,,,,,,,,,,,,,,,,,,2,From Throw In,Antoine Conte,131849.0,Right Back,77,Cameroon,2722,"['b40ec07a-3ca3-46d6-9fff-05202e8df4f1', '97efc6d4-0769-4426-9fe8-bfe531b420c7']",46,,,,,,,,,,,,,,,,,Guinea,4892,00:00:46.427,Dribbled Past,
,,,,,,,,,,,True,,,,,,0.0,,,,,,,,,,,551228c5-a6cf-45d2-a2ae-a2885b543faf,1511,,"[90.6, 45.2]",3920389,49,,,,,,,,,,,,,,,,,,,,,,,,2,From Corner,Olivier Michel Kemen,7355.0,Center Attacking Midfield,84,Cameroon,2722,"['8fd183b1-d681-45ab-bb0e-6ebdeffd0139', '06565520-76bf-4b0e-b848-5c0bc1f610aa']",22,,,,,,,,,,,,,,,,,Cameroon,2722,00:04:22.728,Dribbled Past,
,,,,,,,,,,,,,,,,,0.0,,,,,,,,,,,c56ca694-f54d-4ced-bced-0edc958b76bf,1767,,"[14.3, 8.8]",3920389,60,,,,,,,,,,,,,,,,,,,,,,,,2,Regular Play,Facinet Conte,406457.0,Left Midfield,100,Cameroon,2722,"['cbb6711f-b69f-47e7-aea3-a34fee29093a', '574df586-d6a5-4e08-b191-675b5dbe5cea']",54,,,,,,,,,,,,,,,,,Guinea,4892,00:15:54.636,Dribbled Past,
,,,,,,,,,,,True,,,,,,0.0,,,,,,,,,,,480005e6-54b6-406b-b8ee-202cb96398ab,1807,,"[78.7, 44.7]",3920389,62,,,,,,,,,,,,,,,,,,,,,,,,2,Regular Play,Moriba Kourouma Kourouma,39073.0,Right Defensive Midfield,103,Cameroon,2722,"['34757ef7-da53-4322-afd2-94b787e37cc8', '1713a483-b292-46f5-a76a-c9bf5a717bc0', '21d3ab31-d634-466d-b713-87228312af13']",35,,,,,,,,,,,,,,,,,Guinea,4892,00:17:35.450,Dribbled Past,
,,,,,,,,,,,True,,,,,,0.0,,,,,,,,,,,5269bbdb-2e7c-4b5a-ab62-7dc1a6119700,2014,,"[96.7, 68.5]",3920389,71,,,,,,,,,,,,,,,,,,,,,,,,2,From Throw In,Mohamed Bayo,8454.0,Center Forward,119,Guinea,4892,"['76a0d710-5719-4887-87aa-542c4f328bcd', '9e761d83-6ea4-4540-a0bb-431db54d9a2c']",32,,,,,,,,,,,,,,,,,Guinea,4892,00:26:32.338,Dribbled Past,
,,,,,,,,,,,,,,,,,0.0,,,,,,,,,,,5147a1c4-5a46-4701-a455-6f2def670565,2045,,"[52.2, 77.3]",3920389,75,,,,,,,,,,,,,,,,,,,,,,,,2,From Throw In,Junior Tchamadeu,62627.0,Right Wing,121,Guinea,4892,"['e2cc59cd-c498-4004-9f70-6156bc4f4617', 'd9dce90a-6943-4815-a394-01da761c93c1', 'b6852695-e970-4b1b-acfe-80a76d3ce8da']",15,,,,,,,,,,,,,,,,,Cameroon,2722,00:30:15.848,Dribbled Past,
,,,,,,,,,,,,,,,,,0.0,,,,,,,,,,,bd359d25-d97a-45ef-b8a6-fcde4146858a,2159,,"[21.5, 5.9]",3920389,79,,,,,,,,,,,,,,,,,,,,,,,,2,Other,Facinet Conte,406457.0,Left Midfield,127,Cameroon,2722,"['63a2d107-f718-4a86-8eb7-6b65a10acfda', 'b3c47654-20f4-4a40-8678-457a88419945', 'f9f40bc4-33c0-4d38-9937-11e0be60ef75']",58,,,,,,,,,,,,,,,,,Guinea,4892,00:34:58.315,Dribbled Past,
,,,,,,,,,,,True,,,,,,0.0,,,,,,,,,,,c6c547b3-98ef-4bce-836b-89d51ca2492a,2362,,"[50.5, 7.3]",3920389,85,,,,,,,,,,,,,,,,,,,,,,,,2,Regular Play,José Kanté Martínez,8012.0,Center Forward,135,Cameroon,2722,"['bf0a09ae-f773-481c-9e79-59b9f5fd591d', 'b61c7c84-5e67-4def-af84-867020fa6634']",54,,,,,,,,,,,,,,,,,Guinea,4892,00:40:54.410,Dribbled Past,
,,,,,,,,,,,True,,,,,,0.0,,,,,,,,,,,c4b4185f-2439-4554-ae36-99024b596e45,2366,,"[48.8, 10.1]",3920389,85,,,,,,,,,,,,,,,,,,,,,,,,2,Regular Play,Facinet Conte,406457.0,Left Midfield,135,Cameroon,2722,"['316a28f9-7435-4937-a74d-71434af7387b', '88c8a772-f5e6-4f2c-9195-0245959077a1']",55,,,,,,,,,,,,,,,,,Guinea,4892,00:40:55.541,Dribbled Past,
,,,,,,,,,,,,,,,,,0.0,,,,,,,,,,,eafbcc1d-6d4f-45f5-9a0e-2a7430ed8942,1339,,,3920389,51,,,,,,,,,,,,,,,,,,,,,,,,1,From Free Kick,,,,75,Guinea,4892,['ba1ece7b-0aa2-44b9-9b45-01fe84af3e48'],15,,,,,,,,,,,,,,,,,Cameroon,2722,00:51:15.159,Half End,
,,,,,,,,,,,,,,,,,0.0,,,,,,,,,,,ba1ece7b-0aa2-44b9-9b45-01fe84af3e48,1340,,,3920389,51,,,,,,,,,,,,,,,,,,,,,,,,1,From Free Kick,,,,75,Guinea,4892,['eafbcc1d-6d4f-45f5-9a0e-2a7430ed8942'],15,,,,,,,,,,,,,,,,,Guinea,4892,00:51:15.159,Half End,
,,,,,,,,,,,,,,,,,0.0,,,,,,,,,,,b5ff8762-95d9-4700-9f95-981066c84549,2664,,,3920389,96,,,,,,,,,,,,,,,,,,,,,,,,2,From Throw In,,,,153,Cameroon,2722,['7f6065fe-07e6-4ed6-a0a6-d14ae4e14d55'],32,,,,,,,,,,,,,,,,,Guinea,4892,00:51:32.828,Half End,
,,,,,,,,,,,,,,,,,0.0,,,,,,,,,,,7f6065fe-07e6-4ed6-a0a6-d14ae4e14d55,2665,,,3920389,96,,,,,,,,,,,,,,,,,,,,,,,,2,From Throw In,,,,153,Cameroon,2722,['b5ff8762-95d9-4700-9f95-981066c84549'],32,,,,,,,,,,,,,,,,,Cameroon,2722,00:51:32.828,Half End,
,,,,,,,,,,,,,,,,,0.0,,,,,,,,,,,17feafef-1bc5-4aa1-a4e9-3aaf27980a74,1343,,,3920389,45,,,,,,,,,,,,,,,,,,,,,,,,2,From Free Kick,,,,75,Guinea,4892,,0,,,,,,,,,,,,,,,,"{'formation': 4231, 'lineup': [{'player': {'id': 24670, 'name': 'Joseph Fabrice Ondoa Ebogo'}, 'position': {'id': 1, 'name': 'Goalkeeper'}, 'jersey_number': 1}, {'player': {'id': 7426, 'name': 'Jean-Charles Castelletto'}, 'position': {'id': 2, 'name': 'Right Back'}, 'jersey_number': 21}, {'player': {'id': 74588, 'name': 'Christopher Wooh'}, 'position': {'id': 3, 'name': 'Right Center Back'}, 'jersey_number': 4}, {'player': {'id': 7386, 'name': 'Harold Moukoudi'}, 'position': {'id': 5, 'name': 'Left Center Back'}, 'jersey_number': 2}, {'player': {'id': 32190, 'name': 'Darlin Zidane Yongwa Ngameni'}, 'position': {'id': 6, 'name': 'Left Back'}, 'jersey_number': 18}, {'player': {'id': 10530, 'name': 'Jules Olivier Ntcham'}, 'position': {'id': 9, 'name': 'Right Defensive Midfield'}, 'jersey_number': 22}, {'player': {'id': 3141, 'name': 'André-Frank Zambo Anguissa'}, 'position': {'id': 11, 'name': 'Left Defensive Midfield'}, 'jersey_number': 8}, {'player': {'id': 189348, 'name': 'Frank Magri'}, 'position': {'id': 17, 'name': 'Right Wing'}, 'jersey_number': 9}, {'player': {'id': 7355, 'name': 'Olivier Michel Kemen'}, 'position': {'id': 19, 'name': 'Center Attacking Midfield'}, 'jersey_number': 6}, {'player': {'id': 3639, 'name': 'Georges-Kévin Nkoudou Mbida'}, 'position': {'id': 21, 'name': 'Left Wing'}, 'jersey_number': 11}, {'player': {'id': 3551, 'name': 'Karl Brillant Toko Ekambi'}, 'position': {'id': 23, 'name': 'Center Forward'}, 'jersey_number': 12}]}",Cameroon,2722,00:00:00.000,Tactical Shift,
,,,,,,,,,,,,,,,,,0.0,,,,,,,,,,,4deb99f8-76d0-47c9-94ec-47b4f2414855,1344,,,3920389,45,,,,,,,,,,,,,,,,,,,,,,,,2,From Free Kick,,,,75,Guinea,4892,,0,,,,,,,,,,,,,,,,"{'formation': 4411, 'lineup': [{'player': {'id': 182573, 'name': 'Ibrahim Kone'}, 'position': {'id': 1, 'name': 'Goalkeeper'}, 'jersey_number': 22}, {'player': {'id': 131849, 'name': 'Antoine Conte'}, 'position': {'id': 2, 'name': 'Right Back'}, 'jersey_number': 2}, {'player': {'id': 4267, 'name': 'Mouctar Diakhaby'}, 'position': {'id': 3, 'name': 'Right Center Back'}, 'jersey_number': 5}, {'player': {'id': 7360, 'name': 'Julian Jeanvier'}, 'position': {'id': 5, 'name': 'Left Center Back'}, 'jersey_number': 17}, {'player': {'id': 132711, 'name': 'Sekou Oumar Sylla'}, 'position': {'id': 6, 'name': 'Left Back'}, 'jersey_number': 21}, {'player': {'id': 39073, 'name': 'Moriba Kourouma Kourouma'}, 'position': {'id': 9, 'name': 'Right Defensive Midfield'}, 'jersey_number': 10}, {'player': {'id': 35285, 'name': 'Mory Konaté'}, 'position': {'id': 11, 'name': 'Left Defensive Midfield'}, 'jersey_number': 20}, {'player': {'id': 47351, 'name': 'Morgan Guilavogui'}, 'position': {'id': 12, 'name': 'Right Midfield'}, 'jersey_number': 7}, {'player': {'id': 39559, 'name': 'Aguibou Camara'}, 'position': {'id': 16, 'name': 'Left Midfield'}, 'jersey_number': 18}, {'player': {'id': 3405, 'name': 'François Kamano'}, 'position': {'id': 19, 'name': 'Center Attacking Midfield'}, 'jersey_number': 19}, {'player': {'id': 8454, 'name': 'Mohamed Bayo'}, 'position': {'id': 23, 'name': 'Center Forward'}, 'jersey_number': 11}]}",Guinea,4892,00:00:00.000,Tactical Shift,
,,,,,,,,,,,,,,,,,0.0,,,,,,,,,,,27dfb34c-708c-4ae8-8dc4-09e82dad1c52,1688,,,3920389,56,,,,,,,,,,,,,,,,,,,,,,,,2,From Goal Kick,,,,92,Guinea,4892,,54,,,,,,,,,,,,,,,,"{'formation': 4411, 'lineup': [{'player': {'id': 182573, 'name': 'Ibrahim Kone'}, 'position': {'id': 1, 'name': 'Goalkeeper'}, 'jersey_number': 22}, {'player': {'id': 176683, 'name': 'Ibrahim Diakité'}, 'position': {'id': 2, 'name': 'Right Back'}, 'jersey_number': 12}, {'player': {'id': 4267, 'name': 'Mouctar Diakhaby'}, 'position': {'id': 3, 'name': 'Right Center Back'}, 'jersey_number': 5}, {'player': {'id': 7360, 'name': 'Julian Jeanvier'}, 'position': {'id': 5, 'name': 'Left Center Back'}, 'jersey_number': 17}, {'player': {'id': 132711, 'name': 'Sekou Oumar Sylla'}, 'position': {'id': 6, 'name': 'Left Back'}, 'jersey_number': 21}, {'player': {'id': 39073, 'name': 'Moriba Kourouma Kourouma'}, 'position': {'id': 9, 'name': 'Right Defensive Midfield'}, 'jersey_number': 10}, {'player': {'id': 35285, 'name': 'Mory Konaté'}, 'position': {'id': 11, 'name': 'Left Defensive Midfield'}, 'jersey_number': 20}, {'player': {'id': 39559, 'name': 'Aguibou Camara'}, 'position': {'id': 12, 'name': 'Right Midfield'}, 'jersey_number': 18}, {'player': {'id': 406457, 'name': 'Facinet Conte'}, 'position': {'id': 16, 'name': 'Left Midfield'}, 'jersey_number': 25}, {'player': {'id': 3405, 'name': 'François Kamano'}, 'position': {'id': 19, 'name': 'Center Attacking Midfield'}, 'jersey_number': 19}, {'player': {'id': 8454, 'name': 'Mohamed Bayo'}, 'position': {'id': 23, 'name': 'Center Forward'}, 'jersey_number': 11}]}",Guinea,4892,00:11:54.657,Tactical Shift,
,,,,,,,,,,,,,,,,,0.0,,,,,,,,,,,3bc0dbf2-61db-4c31-b4fd-e0e48b241fed,2309,,,3920389,84,,,,,,,,,,,,,,,,,,,,,,,,2,From Goal Kick,,,,132,Guinea,4892,,32,,,,,,,,,,,,,,,,"{'formation': 442, 'lineup': [{'player': {'id': 24670, 'name': 'Joseph Fabrice Ondoa Ebogo'}, 'position': {'id': 1, 'name': 'Goalkeeper'}, 'jersey_number': 1}, {'player': {'id': 7426, 'name': 'Jean-Charles Castelletto'}, 'position': {'id': 2, 'name': 'Right Back'}, 'jersey_number': 21}, {'player': {'id': 28444, 'name': 'Oumar Gonzalez'}, 'position': {'id': 3, 'name': 'Right Center Back'}, 'jersey_number': 15}, {'player': {'id': 7386, 'name': 'Harold Moukoudi'}, 'position': {'id': 5, 'name': 'Left Center Back'}, 'jersey_number': 2}, {'player': {'id': 32190, 'name': 'Darlin Zidane Yongwa Ngameni'}, 'position': {'id': 6, 'name': 'Left Back'}, 'jersey_number': 18}, {'player': {'id': 10530, 'name': 'Jules Olivier Ntcham'}, 'position': {'id': 9, 'name': 'Right Defensive Midfield'}, 'jersey_number': 22}, {'player': {'id': 3141, 'name': 'André-Frank Zambo Anguissa'}, 'position': {'id': 11, 'name': 'Left Defensive Midfield'}, 'jersey_number': 8}, {'player': {'id': 62627, 'name': 'Junior Tchamadeu'}, 'position': {'id': 12, 'name': 'Right Midfield'}, 'jersey_number': 14}, {'player': {'id': 3639, 'name': 'Georges-Kévin Nkoudou Mbida'}, 'position': {'id': 16, 'name': 'Left Midfield'}, 'jersey_number': 11}, {'player': {'id': 3551, 'name': 'Karl Brillant Toko Ekambi'}, 'position': {'id': 22, 'name': 'Right Center Forward'}, 'jersey_number': 12}, {'player': {'id': 34293, 'name': 'Faris Pemi Moumbagna'}, 'position': {'id': 24, 'name': 'Left Center Forward'}, 'jersey_number': 19}]}",Cameroon,2722,00:39:32.180,Tactical Shift,
,,,,,,,,,,,,,,,,,0.0,,,,,,,,,,,b6b611b5-e759-488c-9bbc-56bbe3113ca7,1650,,,3920389,55,,,,,,,,,,,,,,,,,,,,,,,,2,From Free Kick,Morgan Guilavogui,47351.0,Right Midfield,91,Cameroon,2722,,48,,,,,,,,,,,,Tactical,103.0,Facinet Conte,406457.0,,Guinea,4892,00:10:48.823,Substitution,
,,,,,,,,,,,,,,,,,0.0,,,,,,,,,,,5c75c397-cf3b-4d1b-b0fc-c04bd1003fc9,1651,,,3920389,55,,,,,,,,,,,,,,,,,,,,,,,,2,From Free Kick,Antoine Conte,131849.0,Right Back,91,Cameroon,2722,,49,,,,,,,,,,,,Tactical,103.0,Ibrahim Diakité,176683.0,,Guinea,4892,00:10:49.429,Substitution,
,,,,,,,,,,,,,,,,,0.0,,,,,,,,,,,ffebaba7-9820-42d6-8ee7-e037c1ec7965,2022,,,3920389,74,,,,,,,,,,,,,,,,,,,,,,,,2,From Throw In,Christopher Wooh,74588.0,Right Center Back,119,Guinea,4892,,4,,,,,,,,,,,,Injury,102.0,Oumar Gonzalez,28444.0,,Cameroon,2722,00:29:04.082,Substitution,
,,,,,,,,,,,,,,,,,0.0,,,,,,,,,,,0fd0ddc4-668e-4fcf-85a2-5e11b1b10eaf,2023,,,3920389,74,,,,,,,,,,,,,,,,,,,,,,,,2,From Throw In,Frank Magri,189348.0,Right Wing,119,Guinea,4892,,22,,,,,,,,,,,,Tactical,103.0,Junior Tchamadeu,62627.0,,Cameroon,2722,00:29:22.086,Substitution,
,,,,,,,,,,,,,,,,,0.0,,,,,,,,,,,3f607e5d-430b-40fb-81eb-756038bf6acf,2306,,,3920389,84,,,,,,,,,,,,,,,,,,,,,,,,2,From Throw In,Olivier Michel Kemen,7355.0,Center Attacking Midfield,131,Cameroon,2722,,6,,,,,,,,,,,,Tactical,103.0,Faris Pemi Moumbagna,34293.0,,Cameroon,2722,00:39:06.433,Substitution,
,,,,,,,,,,,,,,,,,0.0,,,,,,,,,,,40097bc0-8945-4eb4-bc31-8354ab0a0312,2307,,,3920389,84,,,,,,,,,,,,,,,,,,,,,,,,2,From Throw In,Mohamed Bayo,8454.0,Center Forward,131,Cameroon,2722,,9,,,,,,,,,,,,Tactical,103.0,José Kanté Martínez,8012.0,,Guinea,4892,00:39:09.895,Substitution,
,,,,,,,,,,,,,,,,,0.0,,,,,,,,,,,a7a0a41a-ecac-4b26-83f5-849d3eb825b1,2626,,,3920389,95,,,,,,,,,,,,,,,,,,,,,,,,2,From Free Kick,Mory Konaté,35285.0,Left Defensive Midfield,150,Cameroon,2722,,0,,,,,,,,,,,,Tactical,103.0,Issiaga Sylla,4352.0,,Guinea,4892,00:50:00.586,Substitution,
,,,,,,,,,,,,,,,,,0.0,,,,,,,,,,,9e89684f-4f05-4b75-be2e-15ecb1def6c0,2147,,"[51.1, 65.7]",3920389,79,,,,,,,,,,,,,,,,,,,,,,,,2,Other,,,,126,Guinea,4892,,40,,,,,,,,,,,,,,,,,Guinea,4892,00:34:40.590,Referee Ball-Drop,
,,,,,,,,,,,,,,,,,0.0,,,,,,,,,,,b91eafb1-f3e2-4843-8fb6-a96aac10f57b,2148,,"[69.0, 14.4]",3920389,79,,,,,,,,,,,,,,,,,,,,,,,,2,Other,,,,127,Cameroon,2722,,40,,,,,,,,,,,,,,,,,Cameroon,2722,00:34:40.964,Referee Ball-Drop,
