50_50,bad_behaviour_card,ball_receipt_outcome,ball_recovery_recovery_failure,block_deflection,carry_end_location,clearance_aerial_won,clearance_body_part,clearance_head,clearance_left_foot,clearance_other,clearance_right_foot,counterpress,dribble_outcome,dribble_overrun,duel_outcome,duel_type,duration,foul_committed_card,foul_committed_offensive,foul_committed_penalty,foul_committed_type,foul_won_defensive,foul_won_penalty,goalkeeper_body_part,goalkeeper_end_location,goalkeeper_outcome,goalkeeper_position,goalkeeper_technique,goalkeeper_type,id,index,interception_outcome,location,match_id,minute,miscontrol_aerial_won,off_camera,out,pass_aerial_won,pass_angle,pass_assisted_shot_id,pass_body_part,pass_cross,pass_cut_back,pass_end_location,pass_goal_assist,pass_height,pass_inswinging,pass_length,pass_no_touch,pass_outcome,pass_outswinging,pass_recipient,pass_recipient_id,pass_shot_assist,pass_switch,pass_technique,pass_through_ball,pass_type,period,play_pattern,player,player_id,position,possession,possession_team,possession_team_id,related_events,second,shot_aerial_won,shot_body_part,shot_deflected,shot_end_location,shot_first_time,shot_freeze_frame,shot_key_pass_id,shot_one_on_one,shot_open_goal,shot_outcome,shot_statsbomb_xg,shot_technique,shot_type,substitution_outcome,substitution_outcome_id,substitution_replacement,substitution_replacement_id,tactics,team,team_id,timestamp,type,under_pressure
,,,,,,,,,,,,,,,,,0.0,,,,,,,,,,,,,2e6e666a-7512-44bf-9978-f023be189151,1,,,3920402,0,,,,,,,,,,,,,,,,,,,,,,,,,1,Regular Play,,,,1,Algeria,4898,,0,,,,,,,,,,,,,,,,,,"{'formation': 4231, 'lineup': [{'player': {'id': 41381, 'name': 'Anthony Louis Mandréa'}, 'position': {'id': 1, 'name': 'Goalkeeper'}, 'jersey_number': 16}, {'player': {'id': 10040, 'name': 'Youcef Atal'}, 'position': {'id': 2, 'name': 'Right Back'}, 'jersey_number': 20}, {'player': {'id': 6648, 'name': 'Aïssa Mandi'}, 'position': {'id': 3, 'name': 'Right Center Back'}, 'jersey_number': 2}, {'player': {'id': 3191, 'name': 'Ramy Bensebaini'}, 'position': {'id': 5, 'name': 'Left Center Back'}, 'jersey_number': 21}, {'player': {'id': 12111, 'name': 'Rayan Aït Nouri'}, 'position': {'id': 6, 'name': 'Left Back'}, 'jersey_number': 15}, {'player': {'id': 8520, 'name': 'Nabil Bentaleb'}, 'position': {'id': 9, 'name': 'Right Defensive Midfield'}, 'jersey_number': 19}, {'player': {'id': 38345, 'name': 'Ramiz Larbi Zerrouki'}, 'position': {'id': 11, 'name': 'Left Defensive Midfield'}, 'jersey_number': 6}, {'player': {'id': 3814, 'name': 'Riyad Mahrez'}, 'position': {'id': 17, 'name': 'Right Wing'}, 'jersey_number': 7}, {'player': {'id': 18724, 'name': 'Sofiane Feghouli'}, 'position': {'id': 19, 'name': 'Center Attacking Midfield'}, 'jersey_number': 10}, {'player': {'id': 103464, 'name': 'Mohamed Youcef Belaïli'}, 'position': {'id': 21, 'name': 'Left Wing'}, 'jersey_number': 8}, {'player': {'id': 103465, 'name': 'Baghdad Bounedjah'}, 'position': {'id': 23, 'name': 'Center Forward'}, 'jersey_number': 9}]}",Algeria,4898,00:00:00.000,Starting XI,
,,,,,,,,,,,,,,,,,0.0,,,,,,,,,,,,,2b34f673-b0ce-4a87-9024-a28bfe0166c8,2,,,3920402,0,,,,,,,,,,,,,,,,,,,,,,,,,1,Regular Play,,,,1,Algeria,4898,,0,,,,,,,,,,,,,,,,,,"{'formation': 4231, 'lineup': [{'player': {'id': 4388, 'name': 'Kouakou Herve Koffi'}, 'position': {'id': 1, 'name': 'Goalkeeper'}, 'jersey_number': 16}, {'player': {'id': 99280, 'name': 'Adamo Nagalo'}, 'position': {'id': 2, 'name': 'Right Back'}, 'jersey_number': 4}, {'player': {'id': 102800, 'name': 'Issoufou Dayo'}, 'position': {'id': 3, 'name': 'Right Center Back'}, 'jersey_number': 14}, {'player': {'id': 30606, 'name': 'Edmond Fayçal Tapsoba'}, 'position': {'id': 5, 'name': 'Left Center Back'}, 'jersey_number': 12}, {'player': {'id': 3035, 'name': 'Steeve Yago'}, 'position': {'id': 6, 'name': 'Left Back'}, 'jersey_number': 25}, {'player': {'id': 24411, 'name': 'Adama Guira'}, 'position': {'id': 9, 'name': 'Right Defensive Midfield'}, 'jersey_number': 24}, {'player': {'id': 23999, 'name': 'Ibrahim Blati Touré'}, 'position': {'id': 11, 'name': 'Left Defensive Midfield'}, 'jersey_number': 22}, {'player': {'id': 35471, 'name': 'Issa Kabore'}, 'position': {'id': 17, 'name': 'Right Wing'}, 'jersey_number': 9}, {'player': {'id': 45466, 'name': 'Gustavo Fabrice Sangaré'}, 'position': {'id': 19, 'name': 'Center Attacking Midfield'}, 'jersey_number': 20}, {'player': {'id': 43705, 'name': 'Abdoul Fessal Tapsoba'}, 'position': {'id': 21, 'name': 'Left Wing'}, 'jersey_number': 15}, {'player': {'id': 43920, 'name': 'Mohamed Konaté'}, 'position': {'id': 23, 'name': 'Center Forward'}, 'jersey_number': 13}]}",Burkina Faso,4921,00:00:00.000,Starting XI,
,,,,,,,,,,,,,,,,,0.0,,,,,,,,,,,,,3bfa5b96-8794-409d-a578-0f9df56be4de,3,,,3920402,0,,,,,,,,,,,,,,,,,,,,,,,,,1,Regular Play,,,,1,Algeria,4898,['efea471a-bdd2-4008-ae82-c278ddec7fd5'],0,,,,,,,,,,,,,,,,,,,Algeria,4898,00:00:00.000,Half Start,
,,,,,,,,,,,,,,,,,0.0,,,,,,,,,,,,,efea471a-bdd2-4008-ae82-c278ddec7fd5,4,,,3920402,0,,,,,,,,,,,,,,,,,,,,,,,,,1,Regular Play,,,,1,Algeria,4898,['3bfa5b96-8794-409d-a578-0f9df56be4de'],0,,,,,,,,,,,,,,,,,,,Burkina Faso,4921,00:00:00.000,Half Start,
,,,,,,,,,,,,,,,,,0.0,,,,,,,,,,,,,47f9ba70-9d71-42f0-97fa-b3653228231e,1443,,,3920402,45,,,,,,,,,,,,,,,,,,,,,,,,,2,Regular Play,,,,69,Burkina Faso,4921,['adefd12d-15bb-4d03-ba9e-c82686a8c188'],0,,,,,,,,,,,,,,,,,,,Algeria,4898,00:00:00.000,Half Start,
,,,,,,,,,,,,,,,,,0.0,,,,,,,,,,,,,adefd12d-15bb-4d03-ba9e-c82686a8c188,1444,,,3920402,45,,,,,,,,,,,,,,,,,,,,,,,,,2,Regular Play,,,,69,Burkina Faso,4921,['47f9ba70-9d71-42f0-97fa-b3653228231e'],0,,,,,,,,,,,,,,,,,,,Burkina Faso,4921,00:00:00.000,Half Start,
,,,,,,,,,,,,,,,,,0.588887,,,,,,,,,,,,,c1df0233-286d-42c8-863c-64025135e378,5,,"[61.0, 40.1]",3920402,0,,,,,3.0172377,,Right Foot,,,"[60.2, 40.2]",,Ground Pass,,0.8062258,,,,Riyad Mahrez,3814.0,,,,,Kick Off,1,From Kick Off,Baghdad Bounedjah,103465.0,Center Forward,2,Algeria,4898,['65100a14-d043-435f-b22a-3e76e7455f13'],0,,,,,,,,,,,,,,,,,,,Algeria,4898,00:00:00.532,Pass,
,,,,,,,,,,,,,,,,,1.109931,,,,,,,,,,,,,5aa29c38-f995-46d2-9110-351898537e41,8,,"[58.6, 40.0]",3920402,0,,,,,-2.0581548,,Left Foot,,,"[53.3, 30.0]",,Ground Pass,,11.317685,,,,Ramiz Larbi Zerrouki,38345.0,,,,,,1,From Kick Off,Riyad Mahrez,3814.0,Right Wing,2,Algeria,4898,['8ffad173-defa-4e8c-bf21-774b76d7f461'],3,,,,,,,,,,,,,,,,,,,Algeria,4898,00:00:03.199,Pass,
,,,,,,,,,,,,,,,,,1.587734,,,,,,,,,,,,,66efcfd7-adb0-4ad9-b942-7832aca8eb7d,11,,"[53.9, 26.7]",3920402,0,,,,,-1.9916685,,Right Foot,,,"[44.5, 5.7]",,Ground Pass,,23.007824,,,,Rayan Aït Nouri,12111.0,,,,,,1,From Kick Off,Ramiz Larbi Zerrouki,38345.0,Left Defensive Midfield,2,Algeria,4898,['cc30dbcd-aca3-44b0-a368-c7709e52dca5'],4,,,,,,,,,,,,,,,,,,,Algeria,4898,00:00:04.527,Pass,
,,,,,,,,,,,,,,,,,1.761287,,,,,,,,,,,,,8ab1dc2e-41c1-4dcd-ac1a-68e1b543764d,14,,"[44.9, 8.2]",3920402,0,,,,,2.0722744,,Left Foot,,,"[34.1, 27.9]",,Ground Pass,,22.466196,,,,Ramy Bensebaini,3191.0,,,,,,1,From Kick Off,Rayan Aït Nouri,12111.0,Left Back,2,Algeria,4898,['55bee163-0289-4fde-abf1-54693d2fa27e'],6,,,,,,,,,,,,,,,,,,,Algeria,4898,00:00:06.542,Pass,
,,,,,,,,,,,,,,,,,1.078277,,,,,,,,,,,,,e54df885-cd76-4732-a40d-12d91eb5c993,17,,"[33.9, 34.2]",3920402,0,,,,,1.6500999,,Left Foot,,,"[32.7, 49.3]",,Ground Pass,,15.147607,,,,Aïssa Mandi,6648.0,,,,,,1,From Kick Off,Ramy Bensebaini,3191.0,Left Center Back,2,Algeria,4898,['4b2d195f-9f9f-47d6-b3ba-b2a33145dca4'],9,,,,,,,,,,,,,,,,,,,Algeria,4898,00:00:09.104,Pass,
,,,,,,,,,,,,,,,,,1.87859,,,,,,,,,,,,,6b0833df-d25a-4b65-9e72-fb3a072a7239,20,,"[34.1, 49.5]",3920402,0,,,,,-1.4099181,,Right Foot,,,"[37.8, 26.7]",,Ground Pass,,23.098269,,,,Ramy Bensebaini,3191.0,,,,,,1,From Kick Off,Aïssa Mandi,6648.0,Right Center Back,2,Algeria,4898,['3aad0d34-f67f-46c8-ad0f-4b197621f08a'],12,,,,,,,,,,,,,,,,,,,Algeria,4898,00:00:12.196,Pass,
,,,,,,,,,,,,,,,,,2.271529,,,,,,,,,,,,,705d5fb9-6cb9-424b-9abd-34dbdfe73411,23,,"[50.8, 22.1]",3920402,0,,,,,1.8175172,,Left Foot,,,"[44.0, 49.1]",,Ground Pass,,27.843132,,,,Aïssa Mandi,6648.0,,,,,,1,From Kick Off,Ramy Bensebaini,3191.0,Left Center Back,2,Algeria,4898,['c64860de-67f1-4fc7-b337-944127578d0e'],16,,,,,,,,,,,,,,,,,,,Algeria,4898,00:00:16.992,Pass,
,,,,,,,,,,,,,,,,,4.520038,,,,,,,,,,,,,3ed713c6-5a74-4506-903d-05354aa7ec8f,26,,"[45.5, 49.1]",3920402,0,,,,,-0.31408015,,Right Foot,,,"[120.0, 24.9]",,High Pass,,78.331924,,Out,,Mohamed Youcef Belaïli,103464.0,,,,,,1,From Kick Off,Aïssa Mandi,6648.0,Right Center Back,2,Algeria,4898,['2df4877f-05f5-4f1b-841a-e16b11919052'],19,,,,,,,,,,,,,,,,,,,Algeria,4898,00:00:19.998,Pass,
,,,,,,,,,,,,,,,,,0.978835,,,,,,,,,,,,,b334abbe-7275-48ff-b088-7a485d11c934,28,,"[5.3, 38.2]",3920402,0,,True,,,-1.2097647,,Right Foot,,,"[18.1, 4.3]",,Ground Pass,,36.23603,,,,Edmond Fayçal Tapsoba,30606.0,,,,,Goal Kick,1,From Goal Kick,Kouakou Herve Koffi,4388.0,Goalkeeper,3,Burkina Faso,4921,['cc4a0650-fcd8-4da7-9d70-a9ab3e764714'],45,,,,,,,,,,,,,,,,,,,Burkina Faso,4921,00:00:45.756,Pass,
,,,,,,,,,,,,,,,,,2.0,,,,,,,,,,,,,778c0abe-b455-4421-8045-2bd5e61d8e29,30,,"[22.4, 3.1]",3920402,0,,True,,,2.1100795,,Right Foot,,,"[6.9, 29.0]",,Ground Pass,,30.183771,,,,Kouakou Herve Koffi,4388.0,,,,,,1,From Goal Kick,Edmond Fayçal Tapsoba,30606.0,Left Center Back,3,Burkina Faso,4921,['92565100-c56b-4a7d-8691-298e6dced77f'],48,,,,,,,,,,,,,,,,,,,Burkina Faso,4921,00:00:48.707,Pass,
,,,,,,,,,,,,,,,,,3.081881,,,,,,,,,,,,,201f0579-7040-4a78-844e-bcadb3ec1cb1,32,,"[28.7, 43.9]",3920402,0,,,,,0.43699637,,Right Foot,,,"[88.0, 71.6]",,High Pass,,65.45059,,Incomplete,,Issa Kabore,35471.0,,,,,,1,From Goal Kick,Kouakou Herve Koffi,4388.0,Goalkeeper,3,Burkina Faso,4921,"['dd5cfcbb-fb5b-47f0-b632-430393151922', '88dcb356-e8bf-4b2b-bf9e-73287fc74baf']",57,,,,,,,,,,,,,,,,,,,Burkina Faso,4921,00:00:57.079,Pass,
,,,,,,,,,,,,,,,,,1.610184,,,,,,,,,,,,,88dcb356-e8bf-4b2b-bf9e-73287fc74baf,34,,"[32.1, 8.5]",3920402,1,,,,True,0.09966865,,,,,"[44.1, 9.7]",,Low Pass,,12.059851,,Incomplete,,Ramiz Larbi Zerrouki,38345.0,,,,,Recovery,1,From Goal Kick,Rayan Aït Nouri,12111.0,Left Back,3,Burkina Faso,4921,"['201f0579-7040-4a78-844e-bcadb3ec1cb1', 'fc825567-0f70-4de0-adfe-133e5fca7848', '31d53efa-ca2f-4f99-8b80-1b555d69cfc8', '2637b0d4-cc22-4d7e-8324-59cb2e7c8eab']",0,,,,,,,,,,,,,,,,,,,Algeria,4898,00:01:00.160,Pass,True
,,,,,,,,,,,,,,,,,0.579878,,,,,,,,,,,,,c7d6d49f-f98b-41af-a25e-0563df2150bd,40,,"[76.6, 70.0]",3920402,1,,,,,-2.9980092,,Left Foot,,,"[68.3, 68.8]",,Ground Pass,,8.386298,,,,Adama Guira,24411.0,,,,,,1,From Goal Kick,Gustavo Fabrice Sangaré,45466.0,Center Attacking Midfield,3,Burkina Faso,4921,"['422be7d4-cf0e-4b37-a79f-a48a3dde123b', 'b4d3a1f0-957e-4f7e-8230-2eb8eb76bd83']",2,,,,,,,,,,,,,,,,,,,Burkina Faso,4921,00:01:02.174,Pass,True
,,,,,,,,,,,,,,,,,0.951311,,,,,,,,,,,,,c0a26021-6c07-453a-81ac-4e1e295b95c2,43,,"[69.6, 68.1]",3920402,1,,,,,0.7732037,,Right Foot,,,"[77.9, 76.2]",,Ground Pass,,11.597413,,,,Issa Kabore,35471.0,,,,,,1,From Goal Kick,Adama Guira,24411.0,Right Defensive Midfield,3,Burkina Faso,4921,['0b5d4636-043a-4c99-a0d5-20d02ba57f73'],3,,,,,,,,,,,,,,,,,,,Burkina Faso,4921,00:01:03.288,Pass,
,,,,,,,,,,,,,,,,,0.587062,,,,,,,,,,,,,97c6df71-c324-4ca5-a8cb-5bbe06c5762a,47,,"[74.0, 72.1]",3920402,1,,,,,-2.2167544,,Left Foot,,,"[69.1, 65.6]",,Ground Pass,,8.140024,,,,Adama Guira,24411.0,,,,,,1,From Goal Kick,Issa Kabore,35471.0,Right Wing,3,Burkina Faso,4921,"['f60557c3-c4a9-4d53-80b1-3765cec847fe', 'e5f7a70b-4307-4f5c-99bc-6b20a30597dc']",5,,,,,,,,,,,,,,,,,,,Burkina Faso,4921,00:01:05.710,Pass,True
,,,,,,,,,,,,,,,,,0.799999,,,,,,,,,,,,,456e4460-a7c9-4680-82e7-0c6808640251,51,,"[68.7, 65.6]",3920402,1,,,,,2.729623,,Right Foot,,,"[56.8, 70.8]",,Ground Pass,,12.986531,,,,Adamo Nagalo,99280.0,,,,,,1,From Goal Kick,Adama Guira,24411.0,Right Defensive Midfield,3,Burkina Faso,4921,"['ce30540e-8b1c-4e60-aea4-4a0758454ca3', 'aab5c10f-9b0c-42d7-aa14-02aaaf2ff0a7']",6,,,,,,,,,,,,,,,,,,,Burkina Faso,4921,00:01:06.842,Pass,True
,,,,,,,,,,,,,,,,,2.163939,,,,,,,,,,,,,3196b784-4790-4a87-a7ba-f520e7c48270,54,,"[55.0, 63.8]",3920402,1,,,,,-2.1431508,,Right Foot,,,"[45.4, 48.9]",,Ground Pass,,17.724842,,,,Issoufou Dayo,102800.0,,,,,,1,From Goal Kick,Adamo Nagalo,99280.0,Right Back,3,Burkina Faso,4921,['5e868a72-aead-4401-83e7-0548b1a4b4be'],8,,,,,,,,,,,,,,,,,,,Burkina Faso,4921,00:01:08.097,Pass,
,,,,,,,,,,,,,,,,,2.986678,,,,,,,,,,,,,eaf527c3-f3ca-4b6f-aebb-6cd8846727b5,57,,"[46.9, 45.4]",3920402,1,,,,,-0.87022406,,Right Foot,,,"[85.1, 0.1]",,High Pass,,59.256477,,Out,,Steeve Yago,3035.0,,True,,,,1,From Goal Kick,Issoufou Dayo,102800.0,Right Center Back,3,Burkina Faso,4921,['d1e40a11-8449-40f7-a077-54a3807bc54b'],11,,,,,,,,,,,,,,,,,,,Burkina Faso,4921,00:01:11.995,Pass,
,,,,,,,,,,,,,,,,,0.974565,,,,,,,,,,,,,03de7371-fc5c-4661-9df4-154576dafc41,59,,"[41.1, 80.0]",3920402,1,,,,,-2.9648838,,,,,"[32.7, 78.5]",,Low Pass,,8.532878,,,,Aïssa Mandi,6648.0,,,,,Throw-in,1,From Throw In,Youcef Atal,10040.0,Right Back,4,Algeria,4898,['f047b721-e4fd-4939-ab80-a6fff13b66a8'],36,,,,,,,,,,,,,,,,,,,Algeria,4898,00:01:36.601,Pass,
,,,,,,,,,,,,,,,,,1.154958,,,,,,,,,,,,,ccf91729-a30f-425a-ac81-d41565d3940a,62,,"[32.3, 78.9]",3920402,1,,,,,-0.066568166,,Right Foot,,,"[38.3, 78.5]",,Ground Pass,,6.0133185,,,,Youcef Atal,10040.0,,,,,,1,From Throw In,Aïssa Mandi,6648.0,Right Center Back,4,Algeria,4898,['e01da7f9-abc1-4cf2-bff1-6a04934d9154'],37,,,,,,,,,,,,,,,,,,,Algeria,4898,00:01:37.763,Pass,
,,,,,,,,,,,,,,,,,0.322847,,,,,,,,,,,,,d48a7533-b607-44ea-8138-4c22c3fe696d,66,,"[41.9, 79.1]",3920402,1,,,,,0.0,,Right Foot,,,"[49.9, 79.1]",,Low Pass,,8.0,,Incomplete,,Riyad Mahrez,3814.0,,,,,,1,From Throw In,Youcef Atal,10040.0,Right Back,4,Algeria,4898,"['a87feee6-abd5-4cc5-93de-555dad5014db', 'e061a378-f6ea-4616-8b57-dd655f0bd119']",39,,,,,,,,,,,,,,,,,,,Algeria,4898,00:01:39.827,Pass,
,,,,,,,,,,,,,,,,,1.599999,,,,,,,,,,,,,6bd192f0-dfb7-4435-bf09-35e42f9fdee8,72,,"[37.1, 66.5]",3920402,1,,,,,-2.292899,,Left Foot,,,"[23.8, 51.4]",,Ground Pass,,20.122128,,,,Ramy Bensebaini,3191.0,,,,,,1,From Throw In,Nabil Bentaleb,8520.0,Right Defensive Midfield,4,Algeria,4898,['db20de30-67ef-47c4-bb85-93d0f1f9ccfd'],42,,,,,,,,,,,,,,,,,,,Algeria,4898,00:01:42.459,Pass,
,,,,,,,,,,,,,,,,,1.421999,,,,,,,,,,,,,de57ae02-e181-48f8-a8bb-d9fad66413e3,75,,"[24.5, 47.3]",3920402,1,,,,,-1.3027171,,Left Foot,,,"[33.4, 14.9]",,Ground Pass,,33.600147,,,,Rayan Aït Nouri,12111.0,,,,,,1,From Throw In,Ramy Bensebaini,3191.0,Left Center Back,4,Algeria,4898,['0dee2c5c-0cac-4835-a967-4310ea3056ee'],45,,,,,,,,,,,,,,,,,,,Algeria,4898,00:01:45.144,Pass,
,,,,,,,,,,,,,,,,,1.56265,,,,,,,,,,,,,4980b9e5-4b16-4ff7-9a04-f2260bf929ae,78,,"[31.1, 23.5]",3920402,1,,,,,2.3874342,,Left Foot,,,"[21.2, 32.8]",,Ground Pass,,13.583077,,,,Ramy Bensebaini,3191.0,,,,,,1,From Throw In,Rayan Aït Nouri,12111.0,Left Back,4,Algeria,4898,['81a1b7f9-38e5-4a08-ba70-361a373924ce'],47,,,,,,,,,,,,,,,,,,,Algeria,4898,00:01:47.846,Pass,
,,,,,,,,,,,,,,,,,3.255936,,,,,,,,,,,,,550f9d08-d06b-4904-9fc9-f386082c78b5,81,,"[29.0, 34.3]",3920402,1,,,,,0.6808305,,Left Foot,,,"[84.8, 79.5]",,High Pass,,71.81003,,,,Riyad Mahrez,3814.0,,True,,,,1,From Throw In,Ramy Bensebaini,3191.0,Left Center Back,4,Algeria,4898,['f1e1799e-d17a-401a-8224-6b9aaddb0718'],51,,,,,,,,,,,,,,,,,,,Algeria,4898,00:01:51.370,Pass,
,,,,,,,,,,,,,,,,,1.298316,,,,,,,,,,,,,39fdc3b8-580a-4f18-99e5-3ee51ce2702b,90,,"[32.8, 10.9]",3920402,1,,,,,0.86459726,,Left Foot,,,"[38.6, 17.7]",,Low Pass,,8.937561,,,,Ibrahim Blati Touré,23999.0,,,,,Recovery,1,From Throw In,Abdoul Fessal Tapsoba,43705.0,Left Wing,4,Algeria,4898,"['aab59f75-f2d9-4e40-8314-ab96d544beaf', '9da87e32-15f8-44e0-abae-a88381f3a8af']",59,,,,,,,,,,,,,,,,,,,Burkina Faso,4921,00:01:59.770,Pass,True
,,,,,,,,,,,,,,,,,0.587611,,,,,,,,,,,,,cdbdf213-3b62-4f1a-ace7-cc053604fcc6,105,,"[38.8, 23.3]",3920402,2,,True,,,0.53505474,,Right Foot,,,"[66.3, 39.6]",,Ground Pass,,31.967796,,,,Adama Guira,24411.0,,,,,Free Kick,1,From Free Kick,Edmond Fayçal Tapsoba,30606.0,Left Center Back,6,Burkina Faso,4921,['72cb82bb-0f20-4087-bdf3-61bb94520efb'],29,,,,,,,,,,,,,,,,,,,Burkina Faso,4921,00:02:29.728,Pass,
,,,,,,,,,,,,,,,,,2.204836,,,,,,,,,,,,,4c2c3298-7eda-4144-b803-26b67e8d1d98,107,,"[68.0, 45.2]",3920402,2,,,,,0.92101675,,Left Foot,,,"[89.2, 73.1]",,Ground Pass,,35.04069,,,,Issa Kabore,35471.0,,,,,,1,From Free Kick,Adama Guira,24411.0,Right Defensive Midfield,6,Burkina Faso,4921,['f54207ee-8a1c-4703-a9b3-3236fd20f013'],31,,,,,,,,,,,,,,,,,,,Burkina Faso,4921,00:02:31.868,Pass,
,,,,,,,,,,,,,,,,,0.029726,,,,,,,,,,,,,a0153754-8442-4b19-a1af-477091b07b01,111,,"[114.4, 72.1]",3920402,2,,,,,-2.0607536,,Right Foot,,,"[113.6, 70.6]",,Ground Pass,,1.7,,Incomplete,,Mohamed Konaté,43920.0,,,,,,1,From Free Kick,Issa Kabore,35471.0,Right Wing,6,Burkina Faso,4921,"['8fcce50e-079d-49ed-abd8-812b506d3a64', '2419cf3b-b869-43b9-9c27-b9ad19565fca']",39,,,,,,,,,,,,,,,,,,,Burkina Faso,4921,00:02:39.053,Pass,
,,,,,,,,,,,,,,,,,0.583611,,,,,,,,,,,,,eaf9dc87-879b-4f6a-b62f-4a565c859fa2,122,,"[15.6, 6.6]",3920402,2,,,,,1.5707964,,Right Foot,,,"[15.6, 14.4]",,Ground Pass,,7.8,,,,Ramiz Larbi Zerrouki,38345.0,,,,,,1,Regular Play,Mohamed Youcef Belaïli,103464.0,Left Wing,7,Algeria,4898,['936039a9-cc64-44e1-a944-c595c4b69f81'],45,,,,,,,,,,,,,,,,,,,Algeria,4898,00:02:45.184,Pass,
,,,,,,,,,,,,,,,,,1.260844,,,,,,,,,,,,,e25c1249-5e4f-4e0f-885c-25f5c375f92f,125,,"[14.7, 15.1]",3920402,2,,,,,-0.589661,,Right Foot,,,"[28.6, 5.8]",,Ground Pass,,16.724234,,,,Mohamed Youcef Belaïli,103464.0,,,,,,1,Regular Play,Ramiz Larbi Zerrouki,38345.0,Left Defensive Midfield,7,Algeria,4898,['824e8df7-4d30-4f51-b8dd-b479c7115d4a'],47,,,,,,,,,,,,,,,,,,,Algeria,4898,00:02:47.643,Pass,
,,,,,,,,,,,,,,,,,1.6,,,,,,,,,,,,,ae06f653-4a2a-4048-b2f5-61e85767b8cc,128,,"[30.6, 20.8]",3920402,2,,,,,2.5362802,,Right Foot,,,"[8.2, 36.3]",,Ground Pass,,27.23986,,,,Ramy Bensebaini,3191.0,,,,,,1,Regular Play,Mohamed Youcef Belaïli,103464.0,Left Wing,7,Algeria,4898,['c59cd288-3af8-4932-85a7-ec4bfaa7a6f7'],54,,,,,,,,,,,,,,,,,,,Algeria,4898,00:02:54.189,Pass,
,,,,,,,,,,,,,,,,,2.258686,,,,,,,,,,,,,d1545564-374c-4605-9d07-31395a0545a9,131,,"[9.4, 37.4]",3920402,2,,,,,1.761171,,Left Foot,,,"[5.7, 56.6]",,Ground Pass,,19.55326,,,,Anthony Louis Mandréa,41381.0,,,,,,1,Regular Play,Ramy Bensebaini,3191.0,Left Center Back,7,Algeria,4898,['e65a5931-4b88-4d48-a17b-4f8f38626cfa'],56,,,,,,,,,,,,,,,,,,,Algeria,4898,00:02:56.517,Pass,
,,,,,,,,,,,,,,,,,1.917814,,,,,,,,,,,,,6374ed12-57e9-402e-b8b4-f4c7b42595f0,134,,"[5.9, 57.2]",3920402,3,,,,,-1.4261445,,Right Foot,,,"[9.6, 31.8]",,Ground Pass,,25.668074,,,,Ramy Bensebaini,3191.0,,,,,,1,Regular Play,Anthony Louis Mandréa,41381.0,Goalkeeper,7,Algeria,4898,['61a3a3d0-eb1a-4d34-9ffc-e26717cc9ced'],0,,,,,,,,,,,,,,,,,,,Algeria,4898,00:03:00.824,Pass,
,,,,,,,,,,,,,,,,,0.956395,,,,,,,,,,,,,d5a7f438-946b-4031-a62e-4294c0d82157,137,,"[15.6, 31.4]",3920402,3,,,,,0.7853982,,Left Foot,,,"[26.3, 42.1]",,Ground Pass,,15.132085,,,,Nabil Bentaleb,8520.0,,,,,,1,Regular Play,Ramy Bensebaini,3191.0,Left Center Back,7,Algeria,4898,['5a5ee6f5-d864-4d7e-a32b-69606c6e4cff'],4,,,,,,,,,,,,,,,,,,,Algeria,4898,00:03:04.544,Pass,
,,,,,,,,,,,,,,,,,1.73874,,,,,,,,,,,,,db68733b-52f3-4426-8757-1d298f9cbb63,140,,"[26.0, 40.2]",3920402,3,,,,,-1.5319809,,Left Foot,,,"[26.8, 19.6]",,Ground Pass,,20.615528,,,,Ramy Bensebaini,3191.0,,,,,,1,Regular Play,Nabil Bentaleb,8520.0,Right Defensive Midfield,7,Algeria,4898,['a9942042-24d3-4217-a3c2-ea05e5306129'],7,,,,,,,,,,,,,,,,,,,Algeria,4898,00:03:07.901,Pass,
,,,,,,,,,,,,,,,,,1.76443,,,,,,,,,,,,,ee1e1587-7834-4774-a59f-199b02bef173,143,,"[33.8, 16.1]",3920402,3,,,,,2.2974386,,Left Foot,,,"[22.6, 28.7]",,Ground Pass,,16.858232,,,,Nabil Bentaleb,8520.0,,,,,,1,Regular Play,Ramy Bensebaini,3191.0,Left Center Back,7,Algeria,4898,['31e426b3-add1-463e-adfb-46c7b85b0d92'],12,,,,,,,,,,,,,,,,,,,Algeria,4898,00:03:12.577,Pass,
,,,,,,,,,,,,,,,,,1.377634,,,,,,,,,,,,,2db6a503-e571-483a-8532-bdb7f1a338e5,146,,"[23.4, 27.9]",3920402,3,,,,,-1.0750897,,Right Foot,,,"[30.7, 14.4]",,Ground Pass,,15.347313,,,,Ramy Bensebaini,3191.0,,,,,,1,Regular Play,Nabil Bentaleb,8520.0,Right Defensive Midfield,7,Algeria,4898,['c6ffdfdf-e0e6-4666-a2cd-de72cf2edd56'],14,,,,,,,,,,,,,,,,,,,Algeria,4898,00:03:14.573,Pass,
,,,,,,,,,,,,,,,,,2.20171,,,,,,,,,,,,,4cae4e48-135b-4648-a666-17574f8f5121,149,,"[45.4, 4.5]",3920402,3,,,,,0.12380795,,Left Foot,,,"[90.4, 10.1]",,High Pass,,45.347107,,,,Baghdad Bounedjah,103465.0,,,,,,1,Regular Play,Ramy Bensebaini,3191.0,Left Center Back,7,Algeria,4898,['90233b43-6bb4-4462-9a98-aeab2d209e2a'],21,,,,,,,,,,,,,,,,,,,Algeria,4898,00:03:21.085,Pass,
,,,,,,,,,,,,,,,,,1.560935,,,,,,,,,,,,,578ca9ab-d77b-4194-9b4d-ea1d3e445f3f,158,,"[21.0, 75.9]",3920402,3,,,,,-1.943784,,Right Foot,,,"[16.5, 64.4]",,Ground Pass,,12.349089,,,,Adamo Nagalo,99280.0,,,,,,1,Regular Play,Issoufou Dayo,102800.0,Right Center Back,8,Burkina Faso,4921,['237c5bd0-1932-4dfb-a3b1-04753c588020'],27,,,,,,,,,,,,,,,,,,,Burkina Faso,4921,00:03:27.758,Pass,
,,,,,,,,,,,,,,,,,1.93209,,,,,,,,,,,,,88b21ab9-a707-4d58-bef9-0b74e929a0c8,162,,"[18.0, 59.2]",3920402,3,,,,,-1.3460852,,Right Foot,,,"[23.6, 34.7]",,Ground Pass,,25.131853,,,,Edmond Fayçal Tapsoba,30606.0,,,,,,1,Regular Play,Adamo Nagalo,99280.0,Right Back,8,Burkina Faso,4921,['a9b2a0fb-aa49-4d01-acf7-46fc06fced30'],30,,,,,,,,,,,,,,,,,,,Burkina Faso,4921,00:03:30.338,Pass,
,,,,,,,,,,,,,,,,,0.397258,,,,,,,,,,,,,1506c396-1e93-42a0-9879-462ac3257dac,166,,"[64.1, 20.8]",3920402,3,,,,,0.75736815,,Right Foot,,,"[69.6, 26.0]",,Ground Pass,,7.569016,,Incomplete,,Gustavo Fabrice Sangaré,45466.0,,,,,,1,Regular Play,Edmond Fayçal Tapsoba,30606.0,Left Center Back,8,Burkina Faso,4921,"['7d2b08b0-5ed1-4997-b740-8979a873cd2b', '49199608-9145-4593-9a3d-0b6914b12752', 'bd0ed8d2-a816-4325-babb-fd84e9070287']",38,,,,,,,,,,,,,,,,,,,Burkina Faso,4921,00:03:38.731,Pass,True
,,,,,,,,,,,,,,,,,1.236868,,,,,,,,,,,,,c57d16fe-6939-419a-bc27-ce76c736d284,169,,"[56.7, 56.2]",3920402,3,,,,,1.9363986,,Left Foot,,,"[51.8, 69.0]",,Ground Pass,,13.705838,,,,Riyad Mahrez,3814.0,,,,,Recovery,1,Regular Play,Nabil Bentaleb,8520.0,Right Defensive Midfield,8,Burkina Faso,4921,['f4c9084a-9c1f-49e0-97f8-b1dcdcf70bcf'],40,,,,,,,,,,,,,,,,,,,Algeria,4898,00:03:40.224,Pass,
,,,,,,,,,,,,,,,,,0.961804,,,,,,,,,,,,,3aa4406c-0f57-4a60-80dd-89b932588d91,176,,"[52.0, 0.1]",3920402,3,,,,,3.0072713,,,,,"[40.9, 1.6]",,Low Pass,,11.200892,,,,Edmond Fayçal Tapsoba,30606.0,,,,,Throw-in,1,From Throw In,Steeve Yago,3035.0,Left Back,9,Burkina Faso,4921,['ac7e240b-29b3-415a-9e73-77db3f9d5cbd'],48,,,,,,,,,,,,,,,,,,,Burkina Faso,4921,00:03:48.391,Pass,
,,,,,,,,,,,,,,,,,3.369855,,,,,,,,,,,,,f743f0c7-9b8a-49ea-9980-d3640832942d,179,,"[53.3, 12.6]",3920402,3,,,,,0.52267903,,Right Foot,,,"[111.1, 45.9]",,High Pass,,66.7063,,Incomplete,,Issa Kabore,35471.0,,,Through Ball,True,,1,From Throw In,Edmond Fayçal Tapsoba,30606.0,Left Center Back,9,Burkina Faso,4921,"['2c844404-1af4-4028-b046-b2e6d23c8b35', 'da77da99-64b6-426e-9311-4d4d5ddc4767']",55,,,,,,,,,,,,,,,,,,,Burkina Faso,4921,00:03:55.898,Pass,
,,,,,,,,,,,,,,,,,4.247597,,,,,,,,,,,,,1161f053-2e06-4942-ad8c-ed7c33bb718d,182,,"[10.8, 32.0]",3920402,4,,True,,,0.1671018,,Keeper Arm,,,"[19.1, 33.4]",,Ground Pass,,8.417244,,,,Aïssa Mandi,6648.0,,,,,,1,From Keeper,Anthony Louis Mandréa,41381.0,Goalkeeper,10,Algeria,4898,['ce1eef11-01ba-4c9e-989f-b15e9299d57e'],2,,,,,,,,,,,,,,,,,,,Algeria,4898,00:04:02.047,Pass,
,,,,,,,,,,,,,,,,,1.2,,,,,,,,,,,,,946119df-f073-4bba-9720-2d0aaba95deb,184,,"[16.9, 45.9]",3920402,4,,,,,-0.8924789,,Right Foot,,,"[30.6, 28.9]",,Ground Pass,,21.833231,,,,Ramiz Larbi Zerrouki,38345.0,,,,,,1,From Keeper,Aïssa Mandi,6648.0,Right Center Back,10,Algeria,4898,['518daceb-f875-407d-afe3-c42300e5d206'],7,,,,,,,,,,,,,,,,,,,Algeria,4898,00:04:07.128,Pass,
,,,,,,,,,,,,,,,,,1.051764,,,,,,,,,,,,,df5bb248-f44b-417c-8d9a-311b53458c54,187,,"[29.2, 29.5]",3920402,4,,,,,2.826105,,Right Foot,,,"[14.8, 34.2]",,Ground Pass,,15.147607,,,,Ramy Bensebaini,3191.0,,,,,,1,From Keeper,Ramiz Larbi Zerrouki,38345.0,Left Defensive Midfield,10,Algeria,4898,['6434223f-e3e9-45f2-83dd-933e06d8c93f'],9,,,,,,,,,,,,,,,,,,,Algeria,4898,00:04:09.266,Pass,
,,,,,,,,,,,,,,,,,2.108444,,,,,,,,,,,,,8c38e916-6429-490a-a4e5-b805df110a0c,191,,"[15.2, 34.2]",3920402,4,,,,,0.92483824,,Left Foot,,,"[29.9, 53.7]",,Ground Pass,,24.420074,,,,Nabil Bentaleb,8520.0,,,,,,1,From Keeper,Ramy Bensebaini,3191.0,Left Center Back,10,Algeria,4898,['d8658a5b-2951-47f3-bfef-61d206fdab4c'],11,,,,,,,,,,,,,,,,,,,Algeria,4898,00:04:11.696,Pass,
,,,,,,,,,,,,,,,,,1.792751,,,,,,,,,,,,,eb1ed61d-19a3-42e2-9d63-d8e8ac21fbc3,194,,"[26.0, 53.7]",3920402,4,,,,,1.2042996,,Left Foot,,,"[29.8, 63.6]",,Ground Pass,,10.604244,,,,Aïssa Mandi,6648.0,,,,,,1,From Keeper,Nabil Bentaleb,8520.0,Right Defensive Midfield,10,Algeria,4898,['385ad4fe-9ef8-41f7-8e8b-e9dc7a2e512d'],16,,,,,,,,,,,,,,,,,,,Algeria,4898,00:04:16.642,Pass,
,,,,,,,,,,,,,,,,,1.599993,,,,,,,,,,,,,0c7af6ed-d498-48bb-b932-d5a05b8c736d,197,,"[31.5, 64.8]",3920402,4,,,,,-1.8719548,,Right Foot,,,"[27.4, 51.6]",,Ground Pass,,13.822083,,,,Nabil Bentaleb,8520.0,,,,,,1,From Keeper,Aïssa Mandi,6648.0,Right Center Back,10,Algeria,4898,['a48f6fe0-4cd1-4c70-a589-b1a84be63fea'],19,,,,,,,,,,,,,,,,,,,Algeria,4898,00:04:19.635,Pass,
,,,,,,,,,,,,,,,,,0.906232,,,,,,,,,,,,,6352895a-4fe4-4561-b5d7-c6c1dee2c993,200,,"[35.1, 44.6]",3920402,4,,,,,-1.5339708,,Left Foot,,,"[35.8, 25.6]",,Ground Pass,,19.01289,,,,Ramy Bensebaini,3191.0,,,,,,1,From Keeper,Nabil Bentaleb,8520.0,Right Defensive Midfield,10,Algeria,4898,['8fe74285-7fe7-44c9-b4ac-4224a7509ee8'],23,,,,,,,,,,,,,,,,,,,Algeria,4898,00:04:23.421,Pass,
,,,,,,,,,,,,,,,,,0.868511,,,,,,,,,,,,,3f4da209-2b58-4b4d-99f9-8d44ab6826cc,203,,"[40.2, 25.6]",3920402,4,,,,,1.0703555,,Left Foot,,,"[47.2, 38.4]",,Ground Pass,,14.589037,,,,Nabil Bentaleb,8520.0,,,,,,1,From Keeper,Ramy Bensebaini,3191.0,Left Center Back,10,Algeria,4898,['7d2424e7-47ee-4267-a4c3-5411445eb758'],27,,,,,,,,,,,,,,,,,,,Algeria,4898,00:04:27.742,Pass,
,,,,,,,,,,,,,,,,,1.349931,,,,,,,,,,,,,ce117669-849a-4bea-aa1f-6f82609871e2,206,,"[47.2, 36.8]",3920402,4,,,,,-0.42961058,,Left Foot,,,"[69.9, 26.4]",,Ground Pass,,24.96898,,,,Mohamed Youcef Belaïli,103464.0,,,,,,1,From Keeper,Nabil Bentaleb,8520.0,Right Defensive Midfield,10,Algeria,4898,['4edd635b-2a4c-4576-8ce3-4a3d64a4bc1f'],29,,,,,,,,,,,,,,,,,,,Algeria,4898,00:04:29.864,Pass,
,,,,,,,,,,,,,,,,,1.390961,,,,,,,,,,,,,7b544db2-66df-4ac7-ab49-d41c996719e2,210,,"[79.6, 40.5]",3920402,4,,,,,1.4364002,,Right Foot,,,"[84.4, 76.0]",,Ground Pass,,35.823036,,,,Riyad Mahrez,3814.0,,,,,,1,From Keeper,Mohamed Youcef Belaïli,103464.0,Left Wing,10,Algeria,4898,['978d1083-e289-48f4-8ecc-fc6af64aad5a'],33,,,,,,,,,,,,,,,,,,,Algeria,4898,00:04:33.757,Pass,
,,,,,,,,,,,,,,,,,2.919883,,,,,,,,,,,,,96aa5bba-240b-4cd4-871c-df4357499647,213,,"[90.2, 74.0]",3920402,4,,,,,-0.3086067,,Left Foot,,,"[120.0, 64.5]",,Ground Pass,,31.277628,,Out,,Youcef Atal,10040.0,,,,,,1,From Keeper,Riyad Mahrez,3814.0,Right Wing,10,Algeria,4898,['971cf774-440e-468d-9089-00df8d6e4327'],36,,,,,,,,,,,,,,,,,,,Algeria,4898,00:04:36.963,Pass,
,,,,,,,,,,,,,,,,,1.129917,,,,,,,,,,,,,7e6b15b4-9f2d-4777-b090-1aa273fe1720,215,,"[3.9, 35.7]",3920402,4,,True,,,-1.0097713,,Right Foot,,,"[13.2, 20.9]",,Ground Pass,,17.479416,,,,Edmond Fayçal Tapsoba,30606.0,,,,,Goal Kick,1,From Goal Kick,Kouakou Herve Koffi,4388.0,Goalkeeper,11,Burkina Faso,4921,['af1816b5-9107-4a02-8404-01ba70273464'],58,,,,,,,,,,,,,,,,,,,Burkina Faso,4921,00:04:58.282,Pass,
,,,,,,,,,,,,,,,,,2.063209,,,,,,,,,,,,,d173c13d-af4f-4685-a984-41dd9df89aaa,217,,"[15.3, 22.3]",3920402,5,,,,,-0.9093964,,Right Foot,,,"[30.4, 2.9]",,Ground Pass,,24.583939,,,,Steeve Yago,3035.0,,,,,,1,From Goal Kick,Edmond Fayçal Tapsoba,30606.0,Left Center Back,11,Burkina Faso,4921,['d7f2371e-b13b-4b14-8fb2-1b773c15f7a5'],7,,,,,,,,,,,,,,,,,,,Burkina Faso,4921,00:05:07.608,Pass,
,,,,,,,,,,,,,,,,,2.58228,,,,,,,,,,,,,8bb4d38c-8d5f-4642-9f6c-2d58ea681253,220,,"[38.8, 3.1]",3920402,5,,,,,2.1378984,,Right Foot,,,"[16.7, 37.8]",,Ground Pass,,41.140003,,,,Kouakou Herve Koffi,4388.0,,,,,,1,From Goal Kick,Steeve Yago,3035.0,Left Back,11,Burkina Faso,4921,['b775ee90-3e48-4d5f-ba67-aa61c739b083'],14,,,,,,,,,,,,,,,,,,,Burkina Faso,4921,00:05:14.194,Pass,
,,,,,,,,,,,,,,,,,1.366844,,,,,,,,,,,,,59aa58b5-5e6a-4742-98c1-1137c515bdec,223,,"[16.7, 39.2]",3920402,5,,,,,1.1737169,,Left Foot,,,"[21.9, 51.6]",,Ground Pass,,13.446189,,,,Adamo Nagalo,99280.0,,,,,,1,From Goal Kick,Kouakou Herve Koffi,4388.0,Goalkeeper,11,Burkina Faso,4921,['23b2053c-edd1-4a60-b2c2-bff53ca59561'],17,,,,,,,,,,,,,,,,,,,Burkina Faso,4921,00:05:17.782,Pass,
,,,,,,,,,,,,,,,,,2.301912,,,,,,,,,,,,,a667f082-9378-4c88-b344-a2d8d6bd043c,226,,"[31.6, 51.6]",3920402,5,,,,,-1.3247435,,Right Foot,,,"[42.6, 7.8]",,Ground Pass,,45.16016,,,,Issoufou Dayo,102800.0,,True,,,,1,From Goal Kick,Adamo Nagalo,99280.0,Right Back,11,Burkina Faso,4921,['a152950d-7333-4bfb-abfd-e4d3abcb3317'],23,,,,,,,,,,,,,,,,,,,Burkina Faso,4921,00:05:23.629,Pass,
,,,,,,,,,,,,,,,,,1.194391,,,,,,,,,,,,,0811004e-979b-4ba0-9a01-45130939216e,229,,"[52.9, 11.8]",3920402,5,,,,,0.7460484,,Right Foot,,,"[72.7, 30.1]",,High Pass,,26.96164,,,,Gustavo Fabrice Sangaré,45466.0,,,,,,1,From Goal Kick,Issoufou Dayo,102800.0,Right Center Back,11,Burkina Faso,4921,['18cb3cbd-c5ce-455e-ac46-5b4fd5a01684'],30,,,,,,,,,,,,,,,,,,,Burkina Faso,4921,00:05:30.154,Pass,
,,,,,,,,,,,,,,,,,2.292413,,,,,,,,,,,,,ea63d1eb-d17c-42f1-b416-8dc16db8c216,236,,"[65.7, 40.7]",3920402,5,,,,,0.95909834,,Right Foot,,,"[89.9, 75.2]",,Ground Pass,,42.14131,,,,Issa Kabore,35471.0,,,,,,1,From Goal Kick,Adama Guira,24411.0,Right Defensive Midfield,11,Burkina Faso,4921,['edd4ffd5-af56-4796-8a3f-0990d0e85a2d'],34,,,,,,,,,,,,,,,,,,,Burkina Faso,4921,00:05:34.997,Pass,
,,,,,,,,,,,,,,,,,0.682798,,,,,,,,,,,,,97397ab8-2863-459a-88a5-8e5fe0e03c1f,239,,"[95.2, 73.5]",3920402,5,,,,,-1.3341392,,Right Foot,,,"[99.3, 56.5]",,Ground Pass,,17.487425,,,,Gustavo Fabrice Sangaré,45466.0,,,,,,1,From Goal Kick,Issa Kabore,35471.0,Right Wing,11,Burkina Faso,4921,['ecba2301-d90c-47e4-abb2-0cff400df129'],39,,,,,,,,,,,,,,,,,,,Burkina Faso,4921,00:05:39.733,Pass,
,,,,,,,,,,,,,,,,,1.629811,,,,,,,,,,,,,174b68dd-1363-4efb-872c-f295a0372c7c,241,,"[99.3, 56.5]",3920402,5,,,,,-2.834703,,Left Foot,,,"[85.1, 52.0]",,Ground Pass,,14.895972,,,,Adama Guira,24411.0,,,,,,1,From Goal Kick,Gustavo Fabrice Sangaré,45466.0,Center Attacking Midfield,11,Burkina Faso,4921,['c72f35f0-3b3a-4fe2-aa57-902756ed47d0'],40,,,,,,,,,,,,,,,,,,,Burkina Faso,4921,00:05:40.415,Pass,
,,,,,,,,,,,,,,,,,2.295137,,,,,,,,,,,,,443d03d6-1cb0-44a5-b051-7864ffae6871,244,,"[88.4, 52.8]",3920402,5,,,,,-0.75762755,76f629f8-50c9-4a28-a350-7daee90c231c,Right Foot,,,"[110.6, 31.8]",,High Pass,,30.558796,,,,Abdoul Fessal Tapsoba,43705.0,True,,,,,1,From Goal Kick,Adama Guira,24411.0,Right Defensive Midfield,11,Burkina Faso,4921,['00bff6fd-c72c-43b6-99ad-5807c5ff0d50'],42,,,,,,,,,,,,,,,,,,,Burkina Faso,4921,00:05:42.909,Pass,
,,,,,,,,,,,,,,,,,1.839582,,,,,,,,,,,,,5f0f1ca9-953e-44e8-a11e-f9988eb3f745,249,,"[6.9, 36.3]",3920402,5,,True,,,-1.1189129,,Keeper Arm,,,"[15.2, 19.2]",,Ground Pass,,19.007893,,,,Nabil Bentaleb,8520.0,,,,,,1,From Keeper,Anthony Louis Mandréa,41381.0,Goalkeeper,13,Algeria,4898,['64a7b1e0-314a-4152-855d-2e6998191219'],48,,,,,,,,,,,,,,,,,,,Algeria,4898,00:05:48.932,Pass,
,,,,,,,,,,,,,,,,,1.130184,,,,,,,,,,,,,522e5f94-2053-4a1a-830c-6c124f63f690,251,,"[22.2, 39.0]",3920402,5,,,,,-1.2551807,,Left Foot,,,"[27.0, 24.3]",,Ground Pass,,15.463829,,,,Ramiz Larbi Zerrouki,38345.0,,,,,,1,From Keeper,Nabil Bentaleb,8520.0,Right Defensive Midfield,13,Algeria,4898,['f2253311-68b2-4e07-828a-1ad65480a604'],51,,,,,,,,,,,,,,,,,,,Algeria,4898,00:05:51.695,Pass,
,,,,,,,,,,,,,,,,,1.701559,,,,,,,,,,,,,ebfc975d-6411-418c-b131-2dd14f8722fe,254,,"[28.2, 23.5]",3920402,5,,,,,-2.235571,,Right Foot,,,"[19.5, 12.4]",,Ground Pass,,14.103191,,,,Rayan Aït Nouri,12111.0,,,,,,1,From Keeper,Ramiz Larbi Zerrouki,38345.0,Left Defensive Midfield,13,Algeria,4898,['4099172c-97fe-45c1-9443-572a34e4f60b'],53,,,,,,,,,,,,,,,,,,,Algeria,4898,00:05:53.051,Pass,
,,,,,,,,,,,,,,,,,1.788601,,,,,,,,,,,,,5b66d05e-6ef0-48b2-a07c-d14b3764be9f,258,,"[20.7, 10.1]",3920402,5,,,,,2.3561945,,Left Foot,,,"[4.4, 26.4]",,Ground Pass,,23.051682,,,,Ramy Bensebaini,3191.0,,,,,,1,From Keeper,Rayan Aït Nouri,12111.0,Left Back,13,Algeria,4898,['03ade277-c925-48d7-ad1c-7a763a31c62f'],56,,,,,,,,,,,,,,,,,,,Algeria,4898,00:05:56.129,Pass,
,,,,,,,,,,,,,,,,,1.248913,,,,,,,,,,,,,d8eb0ea9-b7fb-45c3-a370-684de1cca17f,261,,"[4.4, 28.3]",3920402,5,,,,,1.2679114,,Left Foot,,,"[10.4, 47.5]",,Ground Pass,,20.115665,,,,Aïssa Mandi,6648.0,,,,,,1,From Keeper,Ramy Bensebaini,3191.0,Left Center Back,13,Algeria,4898,['cc8218b2-d624-49b6-9894-b75f91c880c5'],59,,,,,,,,,,,,,,,,,,,Algeria,4898,00:05:59.047,Pass,
,,,,,,,,,,,,,,,,,1.199998,,,,,,,,,,,,,581e8ec2-9a2a-4ece-a1df-ad16758463b7,264,,"[17.9, 51.0]",3920402,6,,,,,-1.5611348,,Right Foot,,,"[18.1, 30.3]",,Ground Pass,,20.700966,,,,Ramy Bensebaini,3191.0,,,,,,1,From Keeper,Aïssa Mandi,6648.0,Right Center Back,13,Algeria,4898,['32823388-7f6c-489c-a207-d1a17598aa93'],8,,,,,,,,,,,,,,,,,,,Algeria,4898,00:06:08.599,Pass,
,,,,,,,,,,,,,,,,,2.062128,,,,,,,,,,,,,23232352-17cb-445e-a7cd-c17eff76d3f5,267,,"[18.1, 30.0]",3920402,6,,,,,-0.92493486,,Left Foot,,,"[33.4, 9.7]",,Ground Pass,,25.42007,,,,Nabil Bentaleb,8520.0,,,,,,1,From Keeper,Ramy Bensebaini,3191.0,Left Center Back,13,Algeria,4898,['2c2c35bf-8adf-449b-a171-c215c1c17009'],10,,,,,,,,,,,,,,,,,,,Algeria,4898,00:06:10.529,Pass,
,,,,,,,,,,,,,,,,,1.095309,,,,,,,,,,,,,15d76684-2164-42ed-9588-19546da3938b,270,,"[39.8, 8.5]",3920402,6,,,,,0.21803483,,Left Foot,,,"[56.5, 12.2]",,Ground Pass,,17.10497,,,,Mohamed Youcef Belaïli,103464.0,,,,,,1,From Keeper,Nabil Bentaleb,8520.0,Right Defensive Midfield,13,Algeria,4898,['675a4139-5a22-409a-ac6b-54499773f868'],13,,,,,,,,,,,,,,,,,,,Algeria,4898,00:06:13.591,Pass,
,,,,,,,,,,,,,,,,,0.958761,,,,,,,,,,,,,5761aafe-a9d6-4166-ba70-064113217dd0,272,,"[57.7, 12.0]",3920402,6,,,,,-2.803037,,Right Foot,,,"[43.5, 7.0]",,Ground Pass,,15.054567,,,,Nabil Bentaleb,8520.0,,,,,,1,From Keeper,Mohamed Youcef Belaïli,103464.0,Left Wing,13,Algeria,4898,['df5f44dc-55a4-4610-b7ad-cc5cad06c261'],14,,,,,,,,,,,,,,,,,,,Algeria,4898,00:06:14.687,Pass,
,,,,,,,,,,,,,,,,,1.216456,,,,,,,,,,,,,f389c1f8-5e01-49ae-96ed-f950a89c251e,275,,"[42.7, 7.7]",3920402,6,,,,,1.5434059,,Left Foot,,,"[43.1, 22.3]",,Ground Pass,,14.605478,,,,Ramiz Larbi Zerrouki,38345.0,,,,,,1,From Keeper,Nabil Bentaleb,8520.0,Right Defensive Midfield,13,Algeria,4898,['076200f7-3521-4cb1-a213-69fd68d81ff7'],16,,,,,,,,,,,,,,,,,,,Algeria,4898,00:06:16.454,Pass,
,,,,,,,,,,,,,,,,,1.336641,,,,,,,,,,,,,985a38e6-a2d0-4feb-946a-4977925e897f,278,,"[41.9, 23.9]",3920402,6,,,,,3.070845,,Right Foot,,,"[29.2, 24.8]",,Ground Pass,,12.73185,,,,Ramy Bensebaini,3191.0,,,,,,1,From Keeper,Ramiz Larbi Zerrouki,38345.0,Left Defensive Midfield,13,Algeria,4898,['79612e3a-8f0b-490a-ac57-1a25bbe8bc5b'],17,,,,,,,,,,,,,,,,,,,Algeria,4898,00:06:17.672,Pass,
,,,,,,,,,,,,,,,,,1.69889,,,,,,,,,,,,,5d13903c-5b04-4b64-a791-3d77993c1632,281,,"[28.6, 30.0]",3920402,6,,,,,1.2891278,,Left Foot,,,"[35.4, 53.5]",,Ground Pass,,24.464056,,,,Aïssa Mandi,6648.0,,,,,,1,From Keeper,Ramy Bensebaini,3191.0,Left Center Back,13,Algeria,4898,['ec115370-547b-44f1-b022-473924761388'],19,,,,,,,,,,,,,,,,,,,Algeria,4898,00:06:19.895,Pass,
,,,,,,,,,,,,,,,,,1.221862,,,,,,,,,,,,,e838bcdd-5b83-4f5d-861e-0e2ec3846a2d,284,,"[40.8, 57.2]",3920402,6,,,,,-1.8593837,,Right Foot,,,"[35.1, 38.0]",,Ground Pass,,20.02823,,,,Ramy Bensebaini,3191.0,,,,,,1,From Keeper,Aïssa Mandi,6648.0,Right Center Back,13,Algeria,4898,['1ad22065-d924-4dcf-b848-1272bc41d882'],24,,,,,,,,,,,,,,,,,,,Algeria,4898,00:06:24.393,Pass,
,,,,,,,,,,,,,,,,,1.624692,,,,,,,,,,,,,80c5e029-0d12-4498-af60-3b1fe534be62,287,,"[36.6, 37.6]",3920402,6,,,,,-0.95054686,,Left Foot,,,"[49.1, 20.1]",,Ground Pass,,21.505814,,,,Nabil Bentaleb,8520.0,,,,,,1,From Keeper,Ramy Bensebaini,3191.0,Left Center Back,13,Algeria,4898,['2d43ec2d-7c32-4177-8eed-409164c2f444'],26,,,,,,,,,,,,,,,,,,,Algeria,4898,00:06:26.625,Pass,
,,,,,,,,,,,,,,,,,0.591743,,,,,,,,,,,,,1105ee45-e0f7-48ef-9adc-8a18b7ba6d22,290,,"[54.5, 17.1]",3920402,6,,,,,0.043450896,,Left Foot,,,"[63.7, 17.5]",,Ground Pass,,9.208692,,,,Mohamed Youcef Belaïli,103464.0,,,,,,1,From Keeper,Nabil Bentaleb,8520.0,Right Defensive Midfield,13,Algeria,4898,['e85f6a9e-c0af-4732-9297-b4f60ab8c517'],29,,,,,,,,,,,,,,,,,,,Algeria,4898,00:06:29.627,Pass,
,,,,,,,,,,,,,,,,,1.051532,,,,,,,,,,,,,4c4211c4-67f7-4623-bb79-6917e6b4f269,292,,"[62.7, 17.6]",3920402,6,,,,,2.183513,,Right Foot,,,"[55.6, 27.7]",,Ground Pass,,12.345849,,,,Ramiz Larbi Zerrouki,38345.0,,,,,,1,From Keeper,Mohamed Youcef Belaïli,103464.0,Left Wing,13,Algeria,4898,['eab00837-5914-4e4e-a2bd-7ea3b205b25a'],30,,,,,,,,,,,,,,,,,,,Algeria,4898,00:06:30.219,Pass,
,,,,,,,,,,,,,,,,,0.985497,,,,,,,,,,,,,679acfd4-d73a-4cfe-bf71-afb796e1fcb2,294,,"[55.6, 27.7]",3920402,6,,,,,-1.253078,,Right Foot,,,"[60.5, 12.8]",,Ground Pass,,15.685024,,,,Mohamed Youcef Belaïli,103464.0,,,,,,1,From Keeper,Ramiz Larbi Zerrouki,38345.0,Left Defensive Midfield,13,Algeria,4898,['5bfbe789-2309-44cf-8d25-7f16e44ad51e'],31,,,,,,,,,,,,,,,,,,,Algeria,4898,00:06:31.270,Pass,
,,,,,,,,,,,,,,,,,0.890251,,,,,,,,,,,,,3fe524eb-85e8-4633-b833-847749ba27b3,297,,"[61.2, 11.6]",3920402,6,,,,,-0.9491364,,Right Foot,,,"[66.0, 4.9]",,Ground Pass,,8.241966,,,,Rayan Aït Nouri,12111.0,,,,,,1,From Keeper,Mohamed Youcef Belaïli,103464.0,Left Wing,13,Algeria,4898,['e39eae40-a386-4da0-a801-0a6eda516e04'],35,,,,,,,,,,,,,,,,,,,Algeria,4898,00:06:35.107,Pass,
,,,,,,,,,,,,,,,,,0.828874,,,,,,,,,,,,,5fef8866-efa5-4fb9-9457-e5c771595c54,300,,"[65.5, 4.9]",3920402,6,,,,,2.1327178,,Left Foot,,,"[62.1, 10.3]",,Ground Pass,,6.3812222,,,,Mohamed Youcef Belaïli,103464.0,,,,,,1,From Keeper,Rayan Aït Nouri,12111.0,Left Back,13,Algeria,4898,['4eed6c18-7618-4d73-90bb-1c99ef983228'],36,,,,,,,,,,,,,,,,,,,Algeria,4898,00:06:36.525,Pass,
,,,,,,,,,,,,,,,,,0.729228,,,,,,,,,,,,,57dc8e67-33b7-413c-baf4-60345117985c,303,,"[62.1, 10.1]",3920402,6,,,,,1.237552,,Right Foot,,,"[64.8, 17.9]",,Ground Pass,,8.25409,,,,Ramiz Larbi Zerrouki,38345.0,,,,,,1,From Keeper,Mohamed Youcef Belaïli,103464.0,Left Wing,13,Algeria,4898,['2f7d34cd-fa6f-4879-b1cf-25e003a5670e'],38,,,,,,,,,,,,,,,,,,,Algeria,4898,00:06:38.068,Pass,
,,,,,,,,,,,,,,,,,2.012342,,,,,,,,,,,,,e2955734-ac03-400d-816e-c3e8753c9ad3,306,,"[64.4, 17.3]",3920402,6,,,,,2.5213432,,Right Foot,,,"[44.1, 31.8]",,Ground Pass,,24.946743,,,,Ramy Bensebaini,3191.0,,,,,,1,From Keeper,Ramiz Larbi Zerrouki,38345.0,Left Defensive Midfield,13,Algeria,4898,"['ce250408-b171-4d03-bf97-5bb11bbf3705', 'c7f3954c-555c-4f5c-b075-2a5d5a63f81f']",38,,,,,,,,,,,,,,,,,,,Algeria,4898,00:06:38.797,Pass,True
,,,,,,,,,,,,,,,,,1.382612,,,,,,,,,,,,,0fdc0e68-3090-4e9c-a9ce-ffbfd1c7638b,308,,"[43.9, 32.2]",3920402,6,,,,,0.47501075,,Left Foot,,,"[54.4, 37.6]",,Ground Pass,,11.807201,,,,Nabil Bentaleb,8520.0,,,,,,1,From Keeper,Ramy Bensebaini,3191.0,Left Center Back,13,Algeria,4898,['24aaf26f-267f-49c5-97b7-0cf837d3c2e0'],40,,,,,,,,,,,,,,,,,,,Algeria,4898,00:06:40.810,Pass,
,,,,,,,,,,,,,,,,,1.992251,,,,,,,,,,,,,226642ea-e146-4541-955c-621edd3212b3,311,,"[53.8, 41.9]",3920402,6,,,,,1.1028569,,Left Foot,,,"[72.6, 79.1]",,Ground Pass,,41.68069,,,,Youcef Atal,10040.0,,,,,,1,From Keeper,Nabil Bentaleb,8520.0,Right Defensive Midfield,13,Algeria,4898,['18e8b59c-91b9-4ede-8d51-6e6e32345711'],43,,,,,,,,,,,,,,,,,,,Algeria,4898,00:06:43.188,Pass,
,,,,,,,,,,,,,,,,,1.457422,,,,,,,,,,,,,7787d29a-d892-46c5-bb61-d2bd28400550,317,,"[91.2, 80.0]",3920402,6,,,,,-2.9328156,,,,,"[79.4, 77.5]",,Low Pass,,12.061924,,,,Riyad Mahrez,3814.0,,,,,Throw-in,1,From Throw In,Youcef Atal,10040.0,Right Back,14,Algeria,4898,['180d199d-a791-4aac-bdbc-00eff4890b21'],56,,,,,,,,,,,,,,,,,,,Algeria,4898,00:06:56.088,Pass,
,,,,,,,,,,,,,,,,,1.752206,,,,,,,,,,,,,b6f4f23c-399d-40d3-a621-8e26613f8e4b,320,,"[74.1, 70.0]",3920402,7,,,,,-1.5197458,,Left Foot,,,"[75.5, 42.6]",,Ground Pass,,27.435743,,,,Mohamed Youcef Belaïli,103464.0,,,,,,1,From Throw In,Riyad Mahrez,3814.0,Right Wing,14,Algeria,4898,['96ccb5ed-6417-478f-a14c-f5bc4f1a0ff4'],0,,,,,,,,,,,,,,,,,,,Algeria,4898,00:07:00.554,Pass,
,,,,,,,,,,,,,,,,,2.759747,,,,,,,,,,,,,34b704f2-25a7-4ca9-96ee-1b33e91ec576,323,,"[78.6, 44.8]",3920402,7,,,,,0.10110337,,Right Foot,,,"[120.0, 49.0]",,High Pass,,41.6125,,Out,,Sofiane Feghouli,18724.0,,,Through Ball,True,,1,From Throw In,Mohamed Youcef Belaïli,103464.0,Left Wing,14,Algeria,4898,['72588fa4-9e1a-43fb-9978-015c73c23b5f'],3,,,,,,,,,,,,,,,,,,,Algeria,4898,00:07:03.397,Pass,
,,,,,,,,,,,,,,,,,0.054635,,,,,,,,,,,,,bc99fe98-ccd1-47f2-95a2-bdfb741f3890,325,,"[4.1, 37.1]",3920402,7,,True,,,-0.8876049,,Right Foot,,,"[11.1, 28.5]",,Ground Pass,,11.088733,,,,Edmond Fayçal Tapsoba,30606.0,,,,,Goal Kick,1,From Goal Kick,Kouakou Herve Koffi,4388.0,Goalkeeper,15,Burkina Faso,4921,['4bf960ff-38af-423b-80f0-5dc47d2bcb06'],48,,,,,,,,,,,,,,,,,,,Burkina Faso,4921,00:07:48.887,Pass,
,,,,,,,,,,,,,,,,,1.744913,,,,,,,,,,,,,f1a9481c-095e-467d-99b0-3c043580d3cc,327,,"[11.1, 28.5]",3920402,7,,True,,,1.6744696,,Right Foot,,,"[9.3, 45.8]",,Ground Pass,,17.393389,,,,Adamo Nagalo,99280.0,,,,,,1,From Goal Kick,Edmond Fayçal Tapsoba,30606.0,Left Center Back,15,Burkina Faso,4921,['844a6185-5d43-4f0c-8780-6a6d7e2d679a'],48,,,,,,,,,,,,,,,,,,,Burkina Faso,4921,00:07:48.993,Pass,
,,,,,,,,,,,,,,,,,1.151616,,,,,,,,,,,,,519ef0ef-4468-425a-b3ff-44a88773850a,329,,"[9.1, 45.8]",3920402,7,,,,,-0.7853982,,Right Foot,,,"[21.9, 33.0]",,Ground Pass,,18.101934,,,,Issoufou Dayo,102800.0,,,,,,1,From Goal Kick,Adamo Nagalo,99280.0,Right Back,15,Burkina Faso,4921,['7f40c6f9-b368-4399-85bd-1b152d1e73b4'],50,,,,,,,,,,,,,,,,,,,Burkina Faso,4921,00:07:50.738,Pass,
,,,,,,,,,,,,,,,,,0.702544,,,,,,,,,,,,,ab461a29-7890-48e7-a41a-18b535f3e87b,332,,"[21.9, 33.0]",3920402,7,,,,,0.8178777,,Right Foot,,,"[35.3, 47.3]",,Ground Pass,,19.597193,,,,Adama Guira,24411.0,,,,,,1,From Goal Kick,Issoufou Dayo,102800.0,Right Center Back,15,Burkina Faso,4921,['781f1ae1-0bb4-4e02-b5a5-33c0f308e4d0'],51,,,,,,,,,,,,,,,,,,,Burkina Faso,4921,00:07:51.906,Pass,
,,,,,,,,,,,,,,,,,4.350008,,,,,,,,,,,,,42646745-5eb2-4fa9-8fc9-27439cbf5906,335,,"[37.3, 47.9]",3920402,7,,,,,-0.7032787,,Right Foot,,,"[89.9, 3.3]",,High Pass,,68.96318,,,,Abdoul Fessal Tapsoba,43705.0,,True,,,,1,From Goal Kick,Adama Guira,24411.0,Right Defensive Midfield,15,Burkina Faso,4921,['69800e7d-e265-4791-9c64-dbb9f512edb2'],54,,,,,,,,,,,,,,,,,,,Burkina Faso,4921,00:07:54.272,Pass,
,,,,,,,,,,,,,,,,,1.044148,,,,,,,,,,,,,e28ed1fa-2ff8-44e9-854c-80f1c2b4c619,344,,"[19.1, 68.7]",3920402,8,,True,,,-1.8908316,,Right Foot,,,"[13.3, 51.2]",,Ground Pass,,18.436106,,,,Nabil Bentaleb,8520.0,,,,,Free Kick,1,From Free Kick,Aïssa Mandi,6648.0,Right Center Back,17,Algeria,4898,['324e451a-37a8-4054-9999-c89c5ec5610a'],33,,,,,,,,,,,,,,,,,,,Algeria,4898,00:08:33.639,Pass,
,,,,,,,,,,,,,,,,,1.331626,,,,,,,,,,,,,086ce5f9-cfa4-4f90-a4f2-5aeb9f9c73b1,346,,"[32.8, 47.3]",3920402,8,,True,,,2.4177282,,Left Foot,,,"[21.6, 57.2]",,Low Pass,,14.948244,,,,Aïssa Mandi,6648.0,,,,,,1,From Free Kick,Nabil Bentaleb,8520.0,Right Defensive Midfield,17,Algeria,4898,['28f788de-e148-4b4b-b0fc-6fbac04e404b'],34,,,,,,,,,,,,,,,,,,,Algeria,4898,00:08:34.734,Pass,
,,,,,,,,,,,,,,,,,1.934899,,,,,,,,,,,,,20768805-17f4-4bf2-ab43-446071b44a06,348,,"[23.2, 59.6]",3920402,8,,,,,-1.4530996,,Right Foot,,,"[26.7, 30.0]",,Ground Pass,,29.806208,,,,Ramy Bensebaini,3191.0,,,,,,1,From Free Kick,Aïssa Mandi,6648.0,Right Center Back,17,Algeria,4898,['567ac098-9845-4d8b-a503-2f6b531a27d1'],37,,,,,,,,,,,,,,,,,,,Algeria,4898,00:08:37.778,Pass,
,,,,,,,,,,,,,,,,,1.400961,,,,,,,,,,,,,cc1f6f21-25d7-42e5-bb68-713c5b69bb8b,351,,"[26.8, 28.7]",3920402,8,,,,,-0.45727828,,Left Foot,,,"[39.4, 22.5]",,Ground Pass,,14.042791,,,,Ramiz Larbi Zerrouki,38345.0,,,,,,1,From Free Kick,Ramy Bensebaini,3191.0,Left Center Back,17,Algeria,4898,['ef445b9a-525c-4a42-93a7-8d09bf1ac1fd'],40,,,,,,,,,,,,,,,,,,,Algeria,4898,00:08:40.443,Pass,
,,,,,,,,,,,,,,,,,0.980277,,,,,,,,,,,,,fbd16337-0e01-4705-aafe-b6593d366756,354,,"[47.6, 23.6]",3920402,8,,,,,-0.75837773,,Right Foot,,,"[59.0, 12.8]",,Ground Pass,,15.703503,,,,Mohamed Youcef Belaïli,103464.0,,,,,,1,From Free Kick,Ramiz Larbi Zerrouki,38345.0,Left Defensive Midfield,17,Algeria,4898,['d748ed7b-0b59-408b-a1f8-4c4ee0055781'],43,,,,,,,,,,,,,,,,,,,Algeria,4898,00:08:43.377,Pass,
,,,,,,,,,,,,,,,,,0.818305,,,,,,,,,,,,,59694d56-65c1-4feb-91f8-d72ffc8d6fb5,357,,"[58.8, 12.8]",3920402,8,,,,,2.7554152,,Left Foot,,,"[49.7, 16.5]",,Ground Pass,,9.8234415,,,,Ramiz Larbi Zerrouki,38345.0,,,,,,1,From Free Kick,Mohamed Youcef Belaïli,103464.0,Left Wing,17,Algeria,4898,['19aee2b9-03bd-4c32-a8f5-ccae1a910720'],44,,,,,,,,,,,,,,,,,,,Algeria,4898,00:08:44.533,Pass,
,,,,,,,,,,,,,,,,,2.188258,,,,,,,,,,,,,d775141f-17cf-43be-b404-5442d37b54e1,360,,"[50.1, 18.8]",3920402,8,,,,,1.7810566,,Right Foot,,,"[43.1, 51.6]",,Ground Pass,,33.538635,,,,Aïssa Mandi,6648.0,,,,,,1,From Free Kick,Ramiz Larbi Zerrouki,38345.0,Left Defensive Midfield,17,Algeria,4898,['f2d6e600-b936-4420-a496-ad4533df5442'],47,,,,,,,,,,,,,,,,,,,Algeria,4898,00:08:47.399,Pass,
,,,,,,,,,,,,,,,,,1.26039,,,,,,,,,,,,,6e1b88ae-acda-4bf1-b13b-92c312fc66e8,363,,"[42.7, 53.5]",3920402,8,,,,,0.029117981,,Right Foot,,,"[63.3, 54.1]",,Ground Pass,,20.608736,,,,Riyad Mahrez,3814.0,,,,,,1,From Free Kick,Aïssa Mandi,6648.0,Right Center Back,17,Algeria,4898,['3e4eda23-1ece-4596-a58b-c7aba7ff1237'],51,,,,,,,,,,,,,,,,,,,Algeria,4898,00:08:51.297,Pass,
,,,,,,,,,,,,,,,,,1.806668,,,,,,,,,,,,,0716f017-9eaf-464d-9bf2-6ccbec0bc102,367,,"[62.7, 46.3]",3920402,8,,,,,-1.445823,,Left Foot,,,"[65.2, 26.4]",,Ground Pass,,20.056421,,,,Ramiz Larbi Zerrouki,38345.0,,,,,,1,From Free Kick,Riyad Mahrez,3814.0,Right Wing,17,Algeria,4898,['a98b79c9-81f9-4a76-83f3-dd8e9fdc6fa9'],54,,,,,,,,,,,,,,,,,,,Algeria,4898,00:08:54.745,Pass,
,,,,,,,,,,,,,,,,,1.599999,,,,,,,,,,,,,f4302d94-6d4e-4a54-b3f9-597f7b235539,369,,"[64.7, 24.7]",3920402,8,,,,,-1.0865861,,Right Foot,,,"[72.8, 9.3]",,Ground Pass,,17.400288,,,,Rayan Aït Nouri,12111.0,,,,,,1,From Free Kick,Ramiz Larbi Zerrouki,38345.0,Left Defensive Midfield,17,Algeria,4898,['79811857-61e0-4c34-b295-59ffd8880094'],56,,,,,,,,,,,,,,,,,,,Algeria,4898,00:08:56.551,Pass,
,,,,,,,,,,,,,,,,,1.492693,,,,,,,,,,,,,f77cd15e-5d24-4e3a-a71b-3bd5f0eba76d,372,,"[71.8, 9.3]",3920402,8,,,,,-0.32348365,,Left Foot,,,"[89.1, 3.5]",,Ground Pass,,18.24637,,,,Mohamed Youcef Belaïli,103464.0,,,,,,1,From Free Kick,Rayan Aït Nouri,12111.0,Left Back,17,Algeria,4898,['97c019c7-3e9f-47bb-9270-d0e3ced7573a'],58,,,,,,,,,,,,,,,,,,,Algeria,4898,00:08:58.803,Pass,
,,,,,,,,,,,,,,,,,0.840423,,,,,,,,,,,,,39c8ff42-7a72-4863-a11d-c1ffc459fac5,376,,"[86.7, 4.9]",3920402,9,,,,,3.0212972,,Right Foot,,,"[77.6, 6.0]",,Ground Pass,,9.166243,,,,Rayan Aït Nouri,12111.0,,,,,,1,From Free Kick,Mohamed Youcef Belaïli,103464.0,Left Wing,17,Algeria,4898,"['aa4d45d4-d056-41ff-909d-ab185a4433bc', 'a7467af7-33c4-494f-b615-b7f0469bfb36']",1,,,,,,,,,,,,,,,,,,,Algeria,4898,00:09:01.112,Pass,True
,,,,,,,,,,,,,,,,,1.305898,,,,,,,,,,,,,7af00227-a8f5-4e5a-ad8e-1a39b474f748,379,,"[71.8, 8.8]",3920402,9,,,,,-2.7509856,,Left Foot,,,"[63.3, 5.3]",,Ground Pass,,9.192389,,,,Ramiz Larbi Zerrouki,38345.0,,,,,,1,From Free Kick,Rayan Aït Nouri,12111.0,Left Back,17,Algeria,4898,['63fd2901-c189-42e4-be92-32bead79b1fb'],3,,,,,,,,,,,,,,,,,,,Algeria,4898,00:09:03.904,Pass,
,,,,,,,,,,,,,,,,,1.810672,,,,,,,,,,,,,c59b0041-fc74-4bcc-b192-712c1495a0a9,382,,"[61.3, 11.3]",3920402,9,,,,,2.3001475,,Right Foot,,,"[47.0, 27.3]",,Ground Pass,,21.45903,,,,Ramy Bensebaini,3191.0,,,,,,1,From Free Kick,Ramiz Larbi Zerrouki,38345.0,Left Defensive Midfield,17,Algeria,4898,['4184ceb9-7af7-47a8-bca1-14ef03efe7eb'],6,,,,,,,,,,,,,,,,,,,Algeria,4898,00:09:06.161,Pass,
,,,,,,,,,,,,,,,,,1.612054,,,,,,,,,,,,,c9359081-b1cf-4a3b-8dd4-5ce3c4807f0f,385,,"[48.4, 31.0]",3920402,9,,,,,1.4820471,,Left Foot,,,"[50.5, 54.6]",,Ground Pass,,23.693249,,,,Aïssa Mandi,6648.0,,,,,,1,From Free Kick,Ramy Bensebaini,3191.0,Left Center Back,17,Algeria,4898,['46b35bb9-24ef-4f58-bb1d-1009b46edfaf'],7,,,,,,,,,,,,,,,,,,,Algeria,4898,00:09:07.979,Pass,
,,,,,,,,,,,,,,,,,0.724315,,,,,,,,,,,,,0c3c9db5-08e8-41c1-91a9-762139d76f2e,388,,"[50.7, 56.0]",3920402,9,,,,,-1.1511455,,Right Foot,,,"[56.5, 43.0]",,Ground Pass,,14.2351675,,,,Nabil Bentaleb,8520.0,,,,,,1,From Free Kick,Aïssa Mandi,6648.0,Right Center Back,17,Algeria,4898,['f5b386f5-af4e-44ba-a383-12b2cc0ef567'],11,,,,,,,,,,,,,,,,,,,Algeria,4898,00:09:11.154,Pass,
,,,,,,,,,,,,,,,,,1.222884,,,,,,,,,,,,,ed5cb560-e60a-4e23-a85d-1c8aae6d9a71,391,,"[54.2, 42.1]",3920402,9,,,,,-1.45,,Left Foot,,,"[56.3, 24.8]",,Ground Pass,,17.42699,,,,Ramiz Larbi Zerrouki,38345.0,,,,,,1,From Free Kick,Nabil Bentaleb,8520.0,Right Defensive Midfield,17,Algeria,4898,['eaf8ac6d-6286-4197-8708-87af10ae220b'],13,,,,,,,,,,,,,,,,,,,Algeria,4898,00:09:13.274,Pass,
,,,,,,,,,,,,,,,,,1.120313,,,,,,,,,,,,,9aeebc4d-a7b8-4c8b-a705-5aa2caeddac6,394,,"[56.1, 26.2]",3920402,9,,,,,1.762298,,Left Foot,,,"[54.2, 36.0]",,Ground Pass,,9.982485,,,,Nabil Bentaleb,8520.0,,,,,,1,From Free Kick,Ramiz Larbi Zerrouki,38345.0,Left Defensive Midfield,17,Algeria,4898,['b93801db-3ece-4543-bdce-26b7e8769a03'],17,,,,,,,,,,,,,,,,,,,Algeria,4898,00:09:17.832,Pass,
,,,,,,,,,,,,,,,,,1.328025,,,,,,,,,,,,,bcb7252e-ad51-4c97-af1a-d9fecdaffe7f,396,,"[54.2, 36.0]",3920402,9,,,,,-2.819842,,Left Foot,,,"[41.0, 31.6]",,Ground Pass,,13.9140215,,,,Ramy Bensebaini,3191.0,,,,,,1,From Free Kick,Nabil Bentaleb,8520.0,Right Defensive Midfield,17,Algeria,4898,['04844237-858a-42b9-a06b-b5b051e880e4'],18,,,,,,,,,,,,,,,,,,,Algeria,4898,00:09:18.953,Pass,
,,,,,,,,,,,,,,,,,1.420604,,,,,,,,,,,,,86fd9f3c-1486-41f7-82ed-5265fe080913,399,,"[49.3, 27.9]",3920402,9,,,,,0.119699925,,Left Foot,,,"[78.4, 31.4]",,High Pass,,29.309725,,,,Sofiane Feghouli,18724.0,,,,,,1,From Free Kick,Ramy Bensebaini,3191.0,Left Center Back,17,Algeria,4898,['ff6c7959-1cd4-4430-83ec-21cb3457baef'],25,,,,,,,,,,,,,,,,,,,Algeria,4898,00:09:25.994,Pass,
,,,,,,,,,,,,,,,,,0.649824,,,,,,,,,,,,,973dee7e-34b2-4e7b-9ee2-f724a16ce403,405,,"[80.6, 35.1]",3920402,9,,True,,,3.0399039,,Left Foot,,,"[75.7, 35.6]",,Ground Pass,,4.925444,,,,Nabil Bentaleb,8520.0,,,,,Free Kick,1,From Free Kick,Riyad Mahrez,3814.0,Right Wing,18,Algeria,4898,['bceaf75d-fb55-43d8-84a5-a87467fe324b'],56,,,,,,,,,,,,,,,,,,,Algeria,4898,00:09:56.721,Pass,
,,,,,,,,,,,,,,,,,1.405106,,,,,,,,,,,,,41ddc6d7-2b5e-4d5b-8229-3fc365f1f50e,407,,"[75.5, 36.8]",3920402,9,,,,,2.4897234,,Left Foot,,,"[64.1, 45.5]",,Ground Pass,,14.340502,,,,Aïssa Mandi,6648.0,,,,,,1,From Free Kick,Nabil Bentaleb,8520.0,Right Defensive Midfield,18,Algeria,4898,['0280ae83-70b0-4865-adf0-05120e667cc6'],57,,,,,,,,,,,,,,,,,,,Algeria,4898,00:09:57.881,Pass,
,,,,,,,,,,,,,,,,,1.684451,,,,,,,,,,,,,f204ec77-5e89-4925-a228-cea9429dcb3a,410,,"[65.2, 44.2]",3920402,10,,,,,-1.7975951,,Right Foot,,,"[61.3, 27.3]",,Ground Pass,,17.344164,,,,Ramy Bensebaini,3191.0,,,,,,1,From Free Kick,Aïssa Mandi,6648.0,Right Center Back,18,Algeria,4898,['b545b946-1568-4fdf-a673-950af5b0ab77'],0,,,,,,,,,,,,,,,,,,,Algeria,4898,00:10:00.042,Pass,
,,,,,,,,,,,,,,,,,1.527505,,,,,,,,,,,,,663bb607-9d34-4040-8a52-410d0539a68e,413,,"[60.9, 26.8]",3920402,10,,,,,-0.90975314,,Left Foot,,,"[76.3, 7.0]",,Ground Pass,,25.083858,,,,Ramiz Larbi Zerrouki,38345.0,,,,,,1,From Free Kick,Ramy Bensebaini,3191.0,Left Center Back,18,Algeria,4898,['bf10c44c-744c-402a-a716-d99cb46a3598'],2,,,,,,,,,,,,,,,,,,,Algeria,4898,00:10:02.307,Pass,
,,,,,,,,,,,,,,,,,1.314009,,,,,,,,,,,,,cd2c576a-4c89-49e9-8fe9-3adc3ec3c351,416,,"[79.9, 8.9]",3920402,10,,,,,1.6927685,,Right Foot,,,"[78.0, 24.4]",,Ground Pass,,15.616017,,,,Nabil Bentaleb,8520.0,,,,,,1,From Free Kick,Ramiz Larbi Zerrouki,38345.0,Left Defensive Midfield,18,Algeria,4898,['c39b8fbb-5769-4d7f-8b99-007bd797c154'],6,,,,,,,,,,,,,,,,,,,Algeria,4898,00:10:06.430,Pass,
,,,,,,,,,,,,,,,,,0.588234,,,,,,,,,,,,,50b67b7c-3566-4ef4-ad5e-bae8b6cba74f,420,,"[79.6, 25.6]",3920402,10,,,,,1.2793396,,Left Foot,,,"[83.5, 38.6]",,Ground Pass,,13.572398,,,,Riyad Mahrez,3814.0,,,,,,1,From Free Kick,Nabil Bentaleb,8520.0,Right Defensive Midfield,18,Algeria,4898,['d4940054-bf7f-4bf4-94e5-6306688a7baf'],8,,,,,,,,,,,,,,,,,,,Algeria,4898,00:10:08.358,Pass,
,,,,,,,,,,,,,,,,,0.59149,,,,,,,,,,,,,d3cd9ce0-93b0-41df-b97f-d0297aeba660,426,,"[88.3, 34.7]",3920402,10,,True,,,-1.2490457,,Right Foot,,,"[97.2, 8.0]",,Ground Pass,,28.144272,,,,Mohamed Youcef Belaïli,103464.0,,,,,Free Kick,1,From Free Kick,Ramiz Larbi Zerrouki,38345.0,Left Defensive Midfield,19,Algeria,4898,['74a0e39f-7955-4e5e-a5f1-9f63eb597626'],16,,,,,,,,,,,,,,,,,,,Algeria,4898,00:10:16.334,Pass,
,,,,,,,,,,,,,,,,,0.848791,,,,,,,,,,,,,36b7b643-b31c-48f1-8629-3bcecdbc7f3c,428,,"[97.0, 15.9]",3920402,10,,True,,,0.056016102,,Right Foot,,,"[107.7, 16.5]",,Ground Pass,,10.716809,,,,Rayan Aït Nouri,12111.0,,,,,,1,From Free Kick,Mohamed Youcef Belaïli,103464.0,Left Wing,19,Algeria,4898,['780f969a-a4de-4887-b4e2-cd27bf7b3876'],17,,,,,,,,,,,,,,,,,,,Algeria,4898,00:10:17.886,Pass,
,,,,,,,,,,,,,,,,,0.553592,,,,,,,,,,,,,2ad5d954-b62e-495c-b240-e8848b5f4276,430,,"[112.4, 17.3]",3920402,10,,,,,1.6244361,,Left Foot,True,,"[111.6, 32.2]",,Ground Pass,,14.921461,,Incomplete,,Sofiane Feghouli,18724.0,,,,,,1,From Free Kick,Rayan Aït Nouri,12111.0,Left Back,19,Algeria,4898,"['a7c2e450-2233-43f9-9c46-f846da233c51', 'db670c2a-5fb0-4450-83e5-22fc42547763']",19,,,,,,,,,,,,,,,,,,,Algeria,4898,00:10:19.628,Pass,
,,,,,,,,,,,,,,,,,1.278175,,,,,,,,,,,,,6202a599-e817-40b5-8d01-4444fec3453a,435,,"[15.7, 40.3]",3920402,10,,,,,-1.1071488,,Keeper Arm,,,"[24.8, 22.1]",,Ground Pass,,20.348219,,,,Edmond Fayçal Tapsoba,30606.0,,,,,,1,From Free Kick,Kouakou Herve Koffi,4388.0,Goalkeeper,19,Algeria,4898,['64df1eb6-ee92-40ea-877f-75a45769e23a'],24,,,,,,,,,,,,,,,,,,,Burkina Faso,4921,00:10:24.091,Pass,
,,,,,,,,,,,,,,,,,3.361953,,,,,,,,,,,,,5a2555fe-0118-4066-b63b-0ec2bc0da62b,438,,"[39.0, 10.3]",3920402,10,,,,,-0.21820854,,Right Foot,,,"[85.0, 0.1]",,Low Pass,,47.117302,,Out,,Abdoul Fessal Tapsoba,43705.0,,,,,,1,From Free Kick,Edmond Fayçal Tapsoba,30606.0,Left Center Back,19,Algeria,4898,['125b6b84-a456-4dda-bcc2-83828f6cb8f6'],27,,,,,,,,,,,,,,,,,,,Burkina Faso,4921,00:10:27.655,Pass,
,,,,,,,,,,,,,,,,,1.161346,,,,,,,,,,,,,01a82c12-2204-4692-a123-ea6bda55b115,440,,"[34.8, 80.0]",3920402,10,,True,,,-2.031077,,,,,"[23.0, 56.2]",,High Pass,,26.564638,,,,Ramy Bensebaini,3191.0,,,,,Throw-in,1,From Throw In,Youcef Atal,10040.0,Right Back,20,Algeria,4898,['912dc353-1545-421a-9bea-e791257629c8'],50,,,,,,,,,,,,,,,,,,,Algeria,4898,00:10:50.750,Pass,
,,,,,,,,,,,,,,,,,1.01353,,,,,,,,,,,,,aa7a19cf-c8ae-4a8a-abd0-dd4c1f4f02f3,442,,"[17.2, 28.9]",3920402,10,,True,,,0.124354996,,Left Foot,,,"[32.4, 30.8]",,Ground Pass,,15.31829,,,,Ramiz Larbi Zerrouki,38345.0,,,,,,1,From Throw In,Ramy Bensebaini,3191.0,Left Center Back,20,Algeria,4898,['92c3b39d-c718-4026-bcdd-eb57be7445fc'],52,,,,,,,,,,,,,,,,,,,Algeria,4898,00:10:52.512,Pass,
,,,,,,,,,,,,,,,,,0.833219,,,,,,,,,,,,,05b321ac-7d3c-475a-a05e-af52c985b729,444,,"[32.7, 31.2]",3920402,10,,,,,-3.0713956,,Right Foot,,,"[19.9, 30.3]",,Ground Pass,,12.831601,,,,Ramy Bensebaini,3191.0,,,,,,1,From Throw In,Ramiz Larbi Zerrouki,38345.0,Left Defensive Midfield,20,Algeria,4898,['e8415abf-8f93-47a7-a5fe-9a9802de94d4'],53,,,,,,,,,,,,,,,,,,,Algeria,4898,00:10:53.605,Pass,
,,,,,,,,,,,,,,,,,2.083856,,,,,,,,,,,,,92e90245-a447-45da-9dfe-865285353d4c,447,,"[21.2, 31.0]",3920402,10,,,,,1.4493498,,Left Foot,,,"[24.3, 56.4]",,Ground Pass,,25.588474,,,,Aïssa Mandi,6648.0,,,,,,1,From Throw In,Ramy Bensebaini,3191.0,Left Center Back,20,Algeria,4898,['8eec3afd-ac69-49c5-bd8e-a4af6921931b'],55,,,,,,,,,,,,,,,,,,,Algeria,4898,00:10:55.432,Pass,
,,,,,,,,,,,,,,,,,2.008646,,,,,,,,,,,,,d1018627-1131-41ad-8577-70c05d88d4d0,450,,"[46.4, 64.4]",3920402,11,,,,,0.90975314,,Left Foot,,,"[56.9, 77.9]",,Ground Pass,,17.10263,,,,Youcef Atal,10040.0,,,,,,1,From Throw In,Aïssa Mandi,6648.0,Right Center Back,20,Algeria,4898,['1731fcf7-986d-400b-8c7b-343c18ea6721'],2,,,,,,,,,,,,,,,,,,,Algeria,4898,00:11:02.202,Pass,
,,,,,,,,,,,,,,,,,3.090011,,,,,,,,,,,,,09bbcf65-2f0f-4610-ba16-0639a220daf4,453,,"[66.2, 76.6]",3920402,11,,,,,-1.0557235,e846886a-5ace-45e4-b68f-de59c471283e,Right Foot,,,"[102.2, 13.0]",,High Pass,,73.08187,,,,Mohamed Youcef Belaïli,103464.0,True,True,,,,1,From Throw In,Youcef Atal,10040.0,Right Back,20,Algeria,4898,['20aa855d-fd32-499b-9665-8572c54d52ee'],6,,,,,,,,,,,,,,,,,,,Algeria,4898,00:11:06.124,Pass,
,,,,,,,,,,,,,,,,,1.565057,,,,,,,,,,,,,32c563e8-ec4c-4e29-a2bb-aa985a0df2fd,460,,"[22.9, 2.9]",3920402,11,,,,,2.2878082,,Right Foot,,,"[16.1, 10.7]",,Ground Pass,,10.347947,,,,Edmond Fayçal Tapsoba,30606.0,,,,,,1,Regular Play,Steeve Yago,3035.0,Left Back,21,Burkina Faso,4921,['4b2eee8b-82af-450c-bac9-e5aabf1558d4'],25,,,,,,,,,,,,,,,,,,,Burkina Faso,4921,00:11:25.447,Pass,
,,,,,,,,,,,,,,,,,2.571654,,,,,,,,,,,,,8fd72bd1-660c-483f-a7c4-5dba79f1873e,463,,"[13.0, 9.3]",3920402,11,,,,,1.9592793,,Right Foot,,,"[3.3, 33.0]",,Ground Pass,,25.608202,,,,Kouakou Herve Koffi,4388.0,,,,,,1,Regular Play,Edmond Fayçal Tapsoba,30606.0,Left Center Back,21,Burkina Faso,4921,['e4428f06-9318-49f1-906c-af2be5d0438b'],28,,,,,,,,,,,,,,,,,,,Burkina Faso,4921,00:11:28.049,Pass,
,,,,,,,,,,,,,,,,,1.875859,,,,,,,,,,,,,de83f26a-0696-408a-8b7b-e702c0148b8f,467,,"[3.1, 38.0]",3920402,11,,,,,0.19021864,,Right Foot,,,"[19.2, 41.1]",,Ground Pass,,16.395731,,,,Issoufou Dayo,102800.0,,,,,,1,Regular Play,Kouakou Herve Koffi,4388.0,Goalkeeper,21,Burkina Faso,4921,"['b28dfb5d-d7f1-461e-bcad-5e7c26636b54', 'a0a3640d-3619-4673-b0a6-5de7aa8739be']",31,,,,,,,,,,,,,,,,,,,Burkina Faso,4921,00:11:31.362,Pass,True
,,,,,,,,,,,,,,,,,1.463079,,,,,,,,,,,,,ed6fd869-5e4d-4084-ab53-6330439d6d7d,471,,"[24.7, 33.4]",3920402,11,,,,,-2.0747151,,Right Foot,,,"[18.8, 22.7]",,Ground Pass,,12.218838,,,,Edmond Fayçal Tapsoba,30606.0,,,,,,1,Regular Play,Issoufou Dayo,102800.0,Right Center Back,21,Burkina Faso,4921,"['5e150a91-f4a9-4022-8144-a84017390004', 'd884b288-2cb7-4edd-867f-0f6d9c5b9919']",35,,,,,,,,,,,,,,,,,,,Burkina Faso,4921,00:11:35.767,Pass,True
,,,,,,,,,,,,,,,,,1.390098,,,,,,,,,,,,,d82ef388-5dda-4c38-819e-4a3b8935f7ee,474,,"[37.8, 25.5]",3920402,11,,,,,2.0137215,,Right Foot,,,"[30.4, 41.1]",,Ground Pass,,17.266151,,,,Issoufou Dayo,102800.0,,,,,,1,Regular Play,Edmond Fayçal Tapsoba,30606.0,Left Center Back,21,Burkina Faso,4921,['094819d6-85f8-4a0f-bd1b-850971ae03dc'],53,,,,,,,,,,,,,,,,,,,Burkina Faso,4921,00:11:53.125,Pass,
,,,,,,,,,,,,,,,,,1.999999,,,,,,,,,,,,,b57838ab-30b1-4670-ac1a-194c9a7a6dc7,477,,"[29.1, 41.1]",3920402,11,,,,,-3.0486932,,Right Foot,,,"[13.0, 39.6]",,Ground Pass,,16.169725,,,,Kouakou Herve Koffi,4388.0,,,,,,1,Regular Play,Issoufou Dayo,102800.0,Right Center Back,21,Burkina Faso,4921,['d0d18440-f5de-40b4-87e1-f4f0e1bc7f15'],55,,,,,,,,,,,,,,,,,,,Burkina Faso,4921,00:11:55.715,Pass,
,,,,,,,,,,,,,,,,,4.808651,,,,,,,,,,,,,3b122e39-b215-4177-94af-b451647d43a4,481,,"[4.5, 38.2]",3920402,12,,,,,0.95032,,Right Foot,,,"[34.3, 79.9]",,High Pass,,51.253586,,Out,,,,,True,,,,1,Regular Play,Kouakou Herve Koffi,4388.0,Goalkeeper,21,Burkina Faso,4921,['6d1c5132-5649-4ba7-a948-e3575ffc3acd'],0,,,,,,,,,,,,,,,,,,,Burkina Faso,4921,00:12:00.129,Pass,True
,,,,,,,,,,,,,,,,,1.206504,,,,,,,,,,,,,9fc8572e-3e83-4e14-89b9-5bc8597d1687,482,,"[84.8, 0.1]",3920402,12,,True,,,0.56828684,,,,,"[93.1, 5.4]",,Low Pass,,9.847842,,,,Mohamed Youcef Belaïli,103464.0,,,,,Throw-in,1,From Throw In,Rayan Aït Nouri,12111.0,Left Back,22,Algeria,4898,['ba899efc-3a91-4270-8c54-05713b5d233a'],6,,,,,,,,,,,,,,,,,,,Algeria,4898,00:12:06.107,Pass,
,,,,,,,,,,,,,,,,,1.231687,,,,,,,,,,,,,678e32ac-ced3-4072-8e70-432e2a901d96,484,,"[93.1, 5.4]",3920402,12,,,,,3.0460758,,Right Foot,,,"[76.4, 7.0]",,Low Pass,,16.776472,,,,Ramiz Larbi Zerrouki,38345.0,,,,,,1,From Throw In,Mohamed Youcef Belaïli,103464.0,Left Wing,22,Algeria,4898,['3cc7311d-9e0b-4c5a-a1c7-139c57056c6f'],7,,,,,,,,,,,,,,,,,,,Algeria,4898,00:12:07.414,Pass,
,,,,,,,,,,,,,,,,,1.083164,,,,,,,,,,,,,aaf7100c-55d9-46df-bade-0c44fbb429da,487,,"[76.3, 7.0]",3920402,12,,,,,-0.52807444,,Right Foot,,,"[82.3, 3.5]",,Ground Pass,,6.946222,,,,Rayan Aït Nouri,12111.0,,,,,,1,From Throw In,Ramiz Larbi Zerrouki,38345.0,Left Defensive Midfield,22,Algeria,4898,['47906b41-7711-4e79-8481-73cfbe9be726'],8,,,,,,,,,,,,,,,,,,,Algeria,4898,00:12:08.826,Pass,
,,,,,,,,,,,,,,,,,1.235736,,,,,,,,,,,,,e35b019c-0c86-465e-8e1d-dd8da50c7366,491,,"[80.7, 3.5]",3920402,12,,,,,-0.27094686,,Left Foot,,,"[89.7, 1.0]",,Ground Pass,,9.340771,,Out,,Mohamed Youcef Belaïli,103464.0,,,,,,1,From Throw In,Rayan Aït Nouri,12111.0,Left Back,22,Algeria,4898,['3ef3024a-0390-4176-8b3d-50b5c074733a'],11,,,,,,,,,,,,,,,,,,,Algeria,4898,00:12:11.045,Pass,
,,,,,,,,,,,,,,,,,7.756663,,,,,,,,,,,,,8d85f137-9465-49d4-9878-e5fe31eae645,493,,"[29.7, 80.0]",3920402,12,,True,,,-0.69165665,,,,,"[36.1, 74.7]",,High Pass,,8.309633,,Incomplete,,,,,,,,Throw-in,1,From Throw In,Steeve Yago,3035.0,Left Back,23,Burkina Faso,4921,['766fa309-fe4a-43d3-a364-6d2c674e71f9'],35,,,,,,,,,,,,,,,,,,,Burkina Faso,4921,00:12:35.482,Pass,
,,,,,,,,,,,,,,,,,1.26167,,,,,,,,,,,,,9dbe7056-005e-494f-b423-80d72387c9d2,495,,"[63.3, 3.9]",3920402,12,,,,,1.9060099,,Left Foot,,,"[54.8, 28.3]",,Ground Pass,,25.83815,,,,Aïssa Mandi,6648.0,,,,,,1,Regular Play,Ramy Bensebaini,3191.0,Left Center Back,24,Algeria,4898,['e20c942b-87ff-401b-bdc4-79755510c275'],44,,,,,,,,,,,,,,,,,,,Algeria,4898,00:12:44.558,Pass,
,,,,,,,,,,,,,,,,,0.742414,,,,,,,,,,,,,225ce50a-6ba0-4dd0-945e-69f0bd5ec5a2,498,,"[53.0, 29.1]",3920402,12,,,,,0.999137,,Right Foot,,,"[63.1, 44.8]",,Ground Pass,,18.668154,,,,Nabil Bentaleb,8520.0,,,,,,1,Regular Play,Aïssa Mandi,6648.0,Right Center Back,24,Algeria,4898,['c3e680d4-18ee-4ec6-b7f3-b15c5eb09e42'],47,,,,,,,,,,,,,,,,,,,Algeria,4898,00:12:47.510,Pass,
,,,,,,,,,,,,,,,,,1.312836,,,,,,,,,,,,,2ecff8eb-9e4e-49e5-b51f-f2860368aa3f,501,,"[62.5, 45.1]",3920402,12,,,,,1.9163519,,Right Foot,,,"[57.1, 60.1]",,Ground Pass,,15.942396,,,,Youcef Atal,10040.0,,,,,,1,Regular Play,Nabil Bentaleb,8520.0,Right Defensive Midfield,24,Algeria,4898,['386f3d4c-a78b-4c3c-96f7-6e6590506b66'],48,,,,,,,,,,,,,,,,,,,Algeria,4898,00:12:48.961,Pass,
,,,,,,,,,,,,,,,,,1.645948,,,,,,,,,,,,,62813171-a0ea-433d-93c6-fa68de15fdf9,505,,"[56.3, 59.6]",3920402,12,,,,,-1.8388013,,Right Foot,,,"[51.0, 40.3]",,Ground Pass,,20.014494,,,,Aïssa Mandi,6648.0,,,,,,1,Regular Play,Youcef Atal,10040.0,Right Back,24,Algeria,4898,['6ad317df-3be0-41f0-9529-4a47fc9eb6aa'],52,,,,,,,,,,,,,,,,,,,Algeria,4898,00:12:52.286,Pass,
,,,,,,,,,,,,,,,,,1.853874,,,,,,,,,,,,,fa60fd48-6802-4034-9079-56ee77928342,508,,"[52.4, 40.5]",3920402,12,,,,,-1.049926,,Right Foot,,,"[70.3, 9.3]",,Ground Pass,,35.970127,,,,Ramiz Larbi Zerrouki,38345.0,,,,,,1,Regular Play,Aïssa Mandi,6648.0,Right Center Back,24,Algeria,4898,['ce32b000-ba66-4557-9e11-8979381ce5c4'],54,,,,,,,,,,,,,,,,,,,Algeria,4898,00:12:54.924,Pass,
,,,,,,,,,,,,,,,,,0.710064,,,,,,,,,,,,,1b379ce8-2e91-4de6-b697-2d00c25f3895,511,,"[71.2, 14.1]",3920402,12,,,,,1.1801893,,Right Foot,,,"[76.1, 26.0]",,Ground Pass,,12.869344,,,,Sofiane Feghouli,18724.0,,,,,,1,Regular Play,Ramiz Larbi Zerrouki,38345.0,Left Defensive Midfield,24,Algeria,4898,['ae296759-691f-4fa0-88e9-869fcbb3de9a'],59,,,,,,,,,,,,,,,,,,,Algeria,4898,00:12:59.655,Pass,
,,,,,,,,,,,,,,,,,1.373475,,,,,,,,,,,,,2917a2dd-eadd-4eef-b8ab-226b2cb62ef7,514,,"[64.3, 23.9]",3920402,13,,,,,1.9242823,,Right Foot,,,"[57.4, 42.6]",,Ground Pass,,19.932386,,,,Aïssa Mandi,6648.0,,,,,,1,Regular Play,Sofiane Feghouli,18724.0,Center Attacking Midfield,24,Algeria,4898,['1f119272-cbdc-42cf-8d65-7915616c053e'],3,,,,,,,,,,,,,,,,,,,Algeria,4898,00:13:03.391,Pass,
,,,,,,,,,,,,,,,,,1.604341,,,,,,,,,,,,,4c9f78eb-1ff9-46a7-a655-12fd1b40376e,517,,"[60.9, 44.4]",3920402,13,,,,,-1.7141364,,Right Foot,,,"[58.1, 25.0]",,Ground Pass,,19.60102,,,,Ramy Bensebaini,3191.0,,,,,,1,Regular Play,Aïssa Mandi,6648.0,Right Center Back,24,Algeria,4898,['4a7da98b-ddd7-402b-9c62-bb52bac2bacc'],6,,,,,,,,,,,,,,,,,,,Algeria,4898,00:13:06.553,Pass,
,,,,,,,,,,,,,,,,,0.864843,,,,,,,,,,,,,d9fb3f8b-7695-4751-aee3-17b18cfd759c,520,,"[61.6, 21.5]",3920402,13,,,,,-0.43702668,,Left Foot,,,"[75.3, 15.1]",,Ground Pass,,15.121178,,,,Ramiz Larbi Zerrouki,38345.0,,,,,,1,Regular Play,Ramy Bensebaini,3191.0,Left Center Back,24,Algeria,4898,['59def2c9-8fa9-4983-9d31-9a688d582017'],9,,,,,,,,,,,,,,,,,,,Algeria,4898,00:13:09.948,Pass,
,,,,,,,,,,,,,,,,,0.856874,,,,,,,,,,,,,113a79cc-34a7-4653-9275-e157c00de800,524,,"[70.8, 10.5]",3920402,13,,,,,-1.7853892,,Right Foot,,,"[69.1, 2.7]",,Ground Pass,,7.983107,,,,Rayan Aït Nouri,12111.0,,,,,,1,Regular Play,Ramiz Larbi Zerrouki,38345.0,Left Defensive Midfield,24,Algeria,4898,"['4bcb9ee8-65b5-47e8-87af-1c662c3114d4', 'fa50bb42-e8c7-45e1-8fd5-888a144e1116']",12,,,,,,,,,,,,,,,,,,,Algeria,4898,00:13:12.458,Pass,True
,,,,,,,,,,,,,,,,,2.440197,,,,,,,,,,,,,87fc2c33-2fce-436f-aa2f-4e1e518a7bcc,531,,"[63.1, 9.3]",3920402,13,,True,,,0.37439123,,Left Foot,,,"[116.8, 30.4]",,High Pass,,57.69662,,Incomplete,,Baghdad Bounedjah,103465.0,,,,,Free Kick,1,From Free Kick,Ramy Bensebaini,3191.0,Left Center Back,25,Algeria,4898,"['ccf44a0e-3de6-41d5-b014-d46962579867', '918ed8a0-18fa-4407-8635-98f9cba439b2']",32,,,,,,,,,,,,,,,,,,,Algeria,4898,00:13:32.209,Pass,
,,,,,,,,,,,,,,,,,1.747856,,,,,,,,,,,,,e2660339-0033-4203-9ce6-1de680af27d4,535,,"[120.0, 0.1]",3920402,14,,,,,1.6637676,,Right Foot,,,"[116.0, 43.0]",,High Pass,True,43.086075,,Incomplete,,Baghdad Bounedjah,103465.0,,True,Inswinging,,Corner,1,From Corner,Mohamed Youcef Belaïli,103464.0,Left Wing,26,Algeria,4898,"['1d32c80c-93e7-47c4-9109-eb38746cb027', 'eaf1b2d5-bb3f-48bd-a65c-73303d2f663a']",8,,,,,,,,,,,,,,,,,,,Algeria,4898,00:14:08.028,Pass,
,,,,,,,,,,,,,,,,,1.620029,,,,,,,,,,,,,768e05ee-9619-4ea7-9cf5-005638730455,539,,"[14.4, 29.1]",3920402,14,,,,,-1.0836873,,Keeper Arm,,,"[26.0, 7.2]",,Ground Pass,,24.782454,,,,Edmond Fayçal Tapsoba,30606.0,,,,,,1,From Keeper,Kouakou Herve Koffi,4388.0,Goalkeeper,27,Burkina Faso,4921,['b9ed6ef6-9651-484c-9271-5c81f3640452'],23,,,,,,,,,,,,,,,,,,,Burkina Faso,4921,00:14:23.782,Pass,
,,,,,,,,,,,,,,,,,1.322825,,,,,,,,,,,,,6dcbde12-4ddb-47c1-b0ae-e617322b196f,542,,"[51.2, 5.4]",3920402,14,,,,,0.48132253,,Right Foot,,,"[66.9, 13.6]",,Ground Pass,,17.712425,,,,Abdoul Fessal Tapsoba,43705.0,,,,,,1,From Keeper,Edmond Fayçal Tapsoba,30606.0,Left Center Back,27,Burkina Faso,4921,['4003f28d-23f0-4c57-afda-6db33c97d146'],30,,,,,,,,,,,,,,,,,,,Burkina Faso,4921,00:14:30.066,Pass,
,,,,,,,,,,,,,,,,,0.712047,,,,,,,,,,,,,a3acbb32-abd4-4c52-bd1d-fa46e1a57133,554,,"[81.2, 5.3]",3920402,14,,,,,0.5640837,,Left Foot,,,"[86.1, 8.4]",,Low Pass,,5.7982755,,,,Abdoul Fessal Tapsoba,43705.0,,,,,,1,From Keeper,Gustavo Fabrice Sangaré,45466.0,Center Attacking Midfield,27,Burkina Faso,4921,"['a9d5141b-c1e3-4efa-b58a-a16fc5a10c00', 'bdf3e3e4-399e-428f-8b3f-6faef6025528', 'c117f4b6-3aa3-480b-bffa-372da17fa500']",40,,,,,,,,,,,,,,,,,,,Burkina Faso,4921,00:14:40.653,Pass,True
,,,,,,,,,,,,,,,,,4.038452,,,,,,,,,,,,,dad5570d-43ce-4397-9fae-b960d22c5110,560,,"[21.2, 64.0]",3920402,14,,,,,0.12970254,,Right Foot,,,"[74.1, 70.9]",,High Pass,,53.348103,,Incomplete,,Baghdad Bounedjah,103465.0,,,,,Recovery,1,From Keeper,Aïssa Mandi,6648.0,Right Center Back,27,Burkina Faso,4921,"['cbaec07c-355b-40aa-8989-ef88d12e6df6', 'a6bbbdc9-027e-4073-a686-7f0b4765bde6']",45,,,,,,,,,,,,,,,,,,,Algeria,4898,00:14:45.218,Pass,
,,,,,,,,,,,,,,,,,2.152209,,,,,,,,,,,,,c8b123b9-7e66-4686-be43-b2eaae3e37bd,564,,"[38.4, 11.3]",3920402,14,,,,,1.934286,,Right Foot,,,"[28.7, 36.8]",,Ground Pass,,27.282595,,,,Kouakou Herve Koffi,4388.0,,,,,,1,From Keeper,Issoufou Dayo,102800.0,Right Center Back,27,Burkina Faso,4921,['93494e38-037d-4014-815f-b5d352090da7'],50,,,,,,,,,,,,,,,,,,,Burkina Faso,4921,00:14:50.626,Pass,
,,,,,,,,,,,,,,,,,1.633113,,,,,,,,,,,,,e727cbd5-c075-4aa5-9645-9e2c388bac95,567,,"[29.3, 36.4]",3920402,14,,,,,-1.235348,,Right Foot,,,"[33.1, 25.5]",,Ground Pass,,11.543396,,,,Issoufou Dayo,102800.0,,,,,,1,From Keeper,Kouakou Herve Koffi,4388.0,Goalkeeper,27,Burkina Faso,4921,['8cc1ee4b-d132-4a80-8ddf-7b30410e454d'],53,,,,,,,,,,,,,,,,,,,Burkina Faso,4921,00:14:53.025,Pass,
,,,,,,,,,,,,,,,,,1.745708,,,,,,,,,,,,,f677bf96-eba6-4ab2-a90d-cf713b980656,570,,"[34.3, 23.9]",3920402,14,,,,,-0.984376,,Right Foot,,,"[44.0, 9.3]",,Ground Pass,,17.528547,,,,Edmond Fayçal Tapsoba,30606.0,,,,,,1,From Keeper,Issoufou Dayo,102800.0,Right Center Back,27,Burkina Faso,4921,['d50ff6f5-0eb0-49a4-b4d7-7a258814ae84'],55,,,,,,,,,,,,,,,,,,,Burkina Faso,4921,00:14:55.876,Pass,
,,,,,,,,,,,,,,,,,1.376296,,,,,,,,,,,,,19e4f99f-8ba9-48f4-84b9-18599638bcfd,573,,"[62.3, 15.3]",3920402,15,,,,,1.7230736,,Right Foot,,,"[59.2, 35.5]",,Ground Pass,,20.436487,,,,Adama Guira,24411.0,,,,,,1,From Keeper,Edmond Fayçal Tapsoba,30606.0,Left Center Back,27,Burkina Faso,4921,['7e7b674f-f766-43ca-9393-7089c526258e'],6,,,,,,,,,,,,,,,,,,,Burkina Faso,4921,00:15:06.590,Pass,
,,,,,,,,,,,,,,,,,1.06582,,,,,,,,,,,,,e7ceaebd-e71a-4f9f-a4a4-ee3111b9ce2c,576,,"[62.3, 36.1]",3920402,15,,,,,-0.025635408,,Right Foot,,,"[85.7, 35.5]",,Ground Pass,,23.407692,,Incomplete,,Issa Kabore,35471.0,,,,,,1,From Keeper,Adama Guira,24411.0,Right Defensive Midfield,27,Burkina Faso,4921,"['317cf816-d890-446b-9152-f4e2ab6a6a3e', '34b8c36a-ee33-4b6b-80ff-1dd9e7231074']",9,,,,,,,,,,,,,,,,,,,Burkina Faso,4921,00:15:09.372,Pass,
,,,,,,,,,,,,,,,,,0.581995,,,,,,,,,,,,,bf16e4fb-38cf-4268-8c2f-f5d1f4f42629,586,,"[15.7, 23.7]",3920402,15,,,,,-0.66404617,,Right Foot,,,"[18.0, 21.9]",,Ground Pass,,2.9206164,,,,Issoufou Dayo,102800.0,,,,,,1,From Keeper,Kouakou Herve Koffi,4388.0,Goalkeeper,27,Burkina Faso,4921,['d9ca4955-cd9c-4946-a763-b9a7dce2bef8'],21,,,,,,,,,,,,,,,,,,,Burkina Faso,4921,00:15:21.368,Pass,
,,,,,,,,,,,,,,,,,1.56,,,,,,,,,,,,,17280355-990d-4d31-a313-e90f62b8f35b,589,,"[18.4, 22.5]",3920402,15,,,,,-0.6086893,,Right Foot,,,"[28.3, 15.6]",,Ground Pass,,12.067311,,,,Edmond Fayçal Tapsoba,30606.0,,,,,,1,From Keeper,Issoufou Dayo,102800.0,Right Center Back,27,Burkina Faso,4921,['e5a1a8ef-dba6-4ce3-8d1e-5987a3051f8c'],24,,,,,,,,,,,,,,,,,,,Burkina Faso,4921,00:15:24.350,Pass,
,,,,,,,,,,,,,,,,,1.762642,,,,,,,,,,,,,713345d3-25a5-4ffd-a525-7a390ab9757e,592,,"[47.9, 17.9]",3920402,15,,,,,2.3426206,,Left Foot,,,"[37.0, 29.1]",,Ground Pass,,15.6285,,,,Issoufou Dayo,102800.0,,,,,,1,From Keeper,Edmond Fayçal Tapsoba,30606.0,Left Center Back,27,Burkina Faso,4921,['5a21115b-2820-4f80-9622-1d3c7e6252a0'],43,,,,,,,,,,,,,,,,,,,Burkina Faso,4921,00:15:43.376,Pass,
,,,,,,,,,,,,,,,,,3.414689,,,,,,,,,,,,,05391a04-3ada-47c9-bb29-b33b51035abe,595,,"[45.8, 42.3]",3920402,15,,,,,0.28846422,,Right Foot,,,"[104.1, 59.6]",,High Pass,,60.812664,,Incomplete,,Mohamed Konaté,43920.0,,,,,,1,From Keeper,Issoufou Dayo,102800.0,Right Center Back,27,Burkina Faso,4921,"['c043a763-ec58-4c91-9427-fcb4370395b4', '7638bd72-71b4-43fd-8f0f-faee7541f2f0']",49,,,,,,,,,,,,,,,,,,,Burkina Faso,4921,00:15:49.792,Pass,
,,,,,,,,,,,,,,,,,1.810432,,,,,,,,,,,,,c043a763-ec58-4c91-9427-fcb4370395b4,598,,"[16.0, 20.5]",3920402,15,,,,,-1.2357723,,Left Foot,,,"[20.7, 7.0]",,Low Pass,,14.294754,,,,Rayan Aït Nouri,12111.0,,,,,Recovery,1,Regular Play,Ramy Bensebaini,3191.0,Left Center Back,28,Algeria,4898,"['b3a98a1e-e585-4594-a438-5083ea282f6e', '05391a04-3ada-47c9-bb29-b33b51035abe', '67954644-2ab4-4e62-83f0-834e0ed2f238']",53,,,,,,,,,,,,,,,,,,,Algeria,4898,00:15:53.207,Pass,True
,,,,,,,,,,,,,,,,,1.221341,,,,,,,,,,,,,13e26510-5106-4ba8-816a-d0c13258034a,601,,"[20.8, 7.6]",3920402,15,,,,,1.4362754,,Left Foot,,,"[22.6, 20.9]",,Ground Pass,,13.421252,,,,Ramiz Larbi Zerrouki,38345.0,,,,,,1,Regular Play,Rayan Aït Nouri,12111.0,Left Back,28,Algeria,4898,['56ab17e8-577f-4766-a1d0-6315e5443956'],56,,,,,,,,,,,,,,,,,,,Algeria,4898,00:15:56.617,Pass,
,,,,,,,,,,,,,,,,,0.855058,,,,,,,,,,,,,b28b93e9-dfdf-4ecf-bd08-fb4aaed92f08,604,,"[18.5, 16.1]",3920402,15,,,,,-1.5707964,,Left Foot,,,"[18.5, 5.4]",,Ground Pass,,10.7,,,,Rayan Aït Nouri,12111.0,,,,,,1,Regular Play,Ramiz Larbi Zerrouki,38345.0,Left Defensive Midfield,28,Algeria,4898,['b6eada89-170b-4799-87eb-f8aa40a26043'],58,,,,,,,,,,,,,,,,,,,Algeria,4898,00:15:58.532,Pass,
,,,,,,,,,,,,,,,,,3.690289,,,,,,,,,,,,,fd8e3fb6-2d4b-4c04-b6a7-879afc4d6aaf,607,,"[18.5, 5.8]",3920402,15,,,,,0.05175554,,Right Foot,,,"[62.9, 8.1]",,High Pass,,44.459534,,Unknown,,Mohamed Youcef Belaïli,103464.0,,,,,,1,Regular Play,Rayan Aït Nouri,12111.0,Left Back,28,Algeria,4898,['5a26a432-ba5d-4096-97b3-41808d109a7c'],59,,,,,,,,,,,,,,,,,,,Algeria,4898,00:15:59.479,Pass,
,,,,,,,,,,,,,,,,,0.435314,,,,,,,,,,,,,76730d0f-e90e-45d6-a8ac-0057c97a7f33,612,,"[63.7, 8.8]",3920402,17,,True,,,0.0,,Right Foot,,,"[87.5, 8.8]",,Ground Pass,,23.8,,,,Mohamed Youcef Belaïli,103464.0,,,,,Free Kick,1,From Free Kick,Nabil Bentaleb,8520.0,Right Defensive Midfield,29,Algeria,4898,['6044d4ab-725a-4eee-b7ef-ae8f83f651a8'],54,,,,,,,,,,,,,,,,,,,Algeria,4898,00:17:54.037,Pass,
,,,,,,,,,,,,,,,,,0.508497,,,,,,,,,,,,,33fa3a7c-9e59-4c5e-9d49-b77a529258c6,616,,"[105.7, 14.1]",3920402,17,,,,,1.586668,,Right Foot,,,"[105.6, 20.4]",,Ground Pass,,6.3007936,,,,Baghdad Bounedjah,103465.0,,,,,,1,From Free Kick,Mohamed Youcef Belaïli,103464.0,Left Wing,29,Algeria,4898,"['ae2c3add-676f-4772-bc5d-5f5a08b39a65', '2fe6f03f-6e36-4d22-84b8-9f013ee59784']",57,,,,,,,,,,,,,,,,,,,Algeria,4898,00:17:57.056,Pass,True
,,,,,,,,,,,,,,,,,0.83771,,,,,,,,,,,,,f6ae3cbd-0e28-4654-bb6b-aaa89477cef3,620,,"[105.2, 20.8]",3920402,17,,,,,0.44707453,,Right Foot,,,"[112.5, 24.3]",,Ground Pass,,8.095678,,,,Mohamed Youcef Belaïli,103464.0,,,,,,1,From Free Kick,Baghdad Bounedjah,103465.0,Center Forward,29,Algeria,4898,['11b1e8f3-aadb-4919-8fb8-9336e7eccb13'],58,,,,,,,,,,,,,,,,,,,Algeria,4898,00:17:58.065,Pass,
,,,,,,,,,,,,,,,,,1.403083,,,,,,,,,,,,,453f176c-354a-4ed4-89d4-ff8cccc7a179,629,,"[45.6, 15.3]",3920402,18,,,,,-1.2734312,,Left Foot,,,"[49.4, 2.9]",,Ground Pass,,12.969194,,,,Steeve Yago,3035.0,,,,,,1,From Free Kick,Gustavo Fabrice Sangaré,45466.0,Center Attacking Midfield,29,Algeria,4898,['ef434da8-1ef5-4fa6-bdfe-bea41e63294e'],5,,,,,,,,,,,,,,,,,,,Burkina Faso,4921,00:18:05.588,Pass,
,,,,,,,,,,,,,,,,,0.484047,,,,,,,,,,,,,b44a9589-08d8-40d3-a9eb-508ee90d7985,632,,"[57.6, 2.4]",3920402,18,,,,,1.0918827,,Left Foot,,,"[60.3, 7.6]",,Ground Pass,,5.859181,,Incomplete,,Gustavo Fabrice Sangaré,45466.0,,,,,,1,From Free Kick,Steeve Yago,3035.0,Left Back,29,Algeria,4898,"['323cc27a-32a9-44a1-85f4-7d16f4f49733', 'a5d73dff-96f6-4833-92a6-edd6e1743e54']",8,,,,,,,,,,,,,,,,,,,Burkina Faso,4921,00:18:08.490,Pass,
,,,,,,,,,,,,,,,,,0.95891,,,,,,,,,,,,,fa8d2a66-d9f2-49a2-a874-d2821ece6dfa,637,,"[50.7, 72.1]",3920402,18,,,,,3.0475314,,Left Foot,,,"[40.1, 73.1]",,Ground Pass,,10.647065,,,,Youcef Atal,10040.0,,,,,,1,From Free Kick,Riyad Mahrez,3814.0,Right Wing,29,Algeria,4898,"['63e42d63-b243-47b1-8ea9-d48e86351740', '90fed7b2-fcc0-46a7-b4f1-8489972343ed']",10,,,,,,,,,,,,,,,,,,,Algeria,4898,00:18:10.990,Pass,True
,,,,,,,,,,,,,,,,,0.82023,,,,,,,,,,,,,276acb22-eef8-4625-9590-f15531f4b979,642,,"[48.2, 75.4]",3920402,18,,,,,0.6055447,,Right Foot,,,"[52.1, 78.1]",,Ground Pass,,4.7434163,,,,Nabil Bentaleb,8520.0,,,,,,1,From Free Kick,Youcef Atal,10040.0,Right Back,29,Algeria,4898,['bd01dc95-5515-4550-9431-a735bd8a5961'],14,,,,,,,,,,,,,,,,,,,Algeria,4898,00:18:14.009,Pass,
,,,,,,,,,,,,,,,,,2.455643,,,,,,,,,,,,,18067996-aa5a-4ca0-80ec-6eb66a8e6c3e,647,,"[53.6, 76.8]",3920402,18,,,,,-2.0344439,,Left Foot,,,"[36.9, 43.4]",,Ground Pass,,37.342335,,,,Ramy Bensebaini,3191.0,,,,,,1,From Free Kick,Nabil Bentaleb,8520.0,Right Defensive Midfield,29,Algeria,4898,"['9eff45e8-0021-4b89-bbda-8b6251ce4379', 'ccffb300-c112-406c-851c-ecd111b2db06']",17,,,,,,,,,,,,,,,,,,,Algeria,4898,00:18:17.829,Pass,True
,,,,,,,,,,,,,,,,,4.632018,,,,,,,,,,,,,a2090d76-93f3-4ea7-898f-8a83b15a7cbb,650,,"[47.4, 39.8]",3920402,18,,,,,0.51543057,,Left Foot,,,"[111.3, 76.0]",,High Pass,,73.441475,,,,Youcef Atal,10040.0,,,,,,1,From Free Kick,Ramy Bensebaini,3191.0,Left Center Back,29,Algeria,4898,['5f82e051-2014-4c80-a078-ff7a78bd293a'],22,,,,,,,,,,,,,,,,,,,Algeria,4898,00:18:22.494,Pass,
,,,,,,,,,,,,,,,,,1.597401,,,,,,,,,,,,,961416b6-452f-41de-9a29-1920193ea1d2,659,,"[6.0, 35.7]",3920402,18,,True,,,-1.2070537,,Right Foot,,,"[12.7, 18.1]",,Ground Pass,,18.832153,,,,Edmond Fayçal Tapsoba,30606.0,,,,,Goal Kick,1,From Goal Kick,Kouakou Herve Koffi,4388.0,Goalkeeper,30,Burkina Faso,4921,['1216680e-ee94-4278-929f-5aa65759119f'],55,,,,,,,,,,,,,,,,,,,Burkina Faso,4921,00:18:55.447,Pass,
,,,,,,,,,,,,,,,,,1.889853,,,,,,,,,,,,,f224d6a5-2a12-49ac-8f2d-d1103f5a0752,661,,"[22.5, 15.7]",3920402,19,,,,,1.8167933,,Right Foot,,,"[16.7, 38.8]",,Ground Pass,,23.81701,,,,Kouakou Herve Koffi,4388.0,,,,,,1,From Goal Kick,Edmond Fayçal Tapsoba,30606.0,Left Center Back,30,Burkina Faso,4921,['f7754374-e252-4ae3-998b-c92b05892604'],14,,,,,,,,,,,,,,,,,,,Burkina Faso,4921,00:19:14.971,Pass,
,,,,,,,,,,,,,,,,,3.901051,,,,,,,,,,,,,8b3adf76-b32f-4c09-aa48-c79dba864195,665,,"[17.6, 40.7]",3920402,19,,,,,0.4895098,,Right Foot,,,"[75.6, 71.6]",,High Pass,,65.71765,,Incomplete,,Issa Kabore,35471.0,,,,,,1,From Goal Kick,Kouakou Herve Koffi,4388.0,Goalkeeper,30,Burkina Faso,4921,"['d53ae94d-e44f-4396-8f49-ca0b01e430bd', '903b42ee-f6f5-4ce6-999a-f56a3c0f8441', 'd88a99a7-77a0-47b6-b19c-358cdb5a5eb0']",18,,,,,,,,,,,,,,,,,,,Burkina Faso,4921,00:19:18.465,Pass,True
,,,,,,,,,,,,,,,,,0.726222,,,,,,,,,,,,,d88a99a7-77a0-47b6-b19c-358cdb5a5eb0,668,,"[44.5, 8.5]",3920402,19,,,,,1.9732958,,Left Foot,,,"[35.9, 28.7]",,Low Pass,,21.954498,,,,Ramy Bensebaini,3191.0,,,,,Recovery,1,Regular Play,Rayan Aït Nouri,12111.0,Left Back,31,Algeria,4898,"['7b442094-f5f6-4a0e-927f-9ddace992d06', '5bf14203-1fab-4e0b-b9c1-6732f0f98ab3', '8b3adf76-b32f-4c09-aa48-c79dba864195']",22,,,,,,,,,,,,,,,,,,,Algeria,4898,00:19:22.366,Pass,True
,,,,,,,,,,,,,,,,,2.518589,,,,,,,,,,,,,1d468d17-4946-4d8e-8636-6cbedc977af7,672,,"[38.3, 28.7]",3920402,19,,,,,2.921099,,Left Foot,,,"[15.1, 33.9]",,Ground Pass,,23.775618,,,,Anthony Louis Mandréa,41381.0,,,,,,1,Regular Play,Ramy Bensebaini,3191.0,Left Center Back,31,Algeria,4898,"['4e6d0578-8eb8-4ac1-b920-3f23dbd3ed2c', 'c6518a2e-072f-40e3-ba02-3da04c36fae9']",26,,,,,,,,,,,,,,,,,,,Algeria,4898,00:19:26.412,Pass,True
,,,,,,,,,,,,,,,,,0.917943,,,,,,,,,,,,,2e74386b-2854-4323-b2df-56338b3dce71,675,,"[15.6, 36.3]",3920402,19,,,,,0.87360406,,Left Foot,,,"[29.0, 52.3]",,Ground Pass,,20.870073,,,,Aïssa Mandi,6648.0,,,,,,1,Regular Play,Anthony Louis Mandréa,41381.0,Goalkeeper,31,Algeria,4898,['859cd28e-9af5-4582-8df5-784406ede5a8'],29,,,,,,,,,,,,,,,,,,,Algeria,4898,00:19:29.530,Pass,
,,,,,,,,,,,,,,,,,1.575729,,,,,,,,,,,,,a953da0a-1516-431d-b25c-5fd1b60e55f3,678,,"[31.5, 53.5]",3920402,19,,,,,1.1493771,,Left Foot,,,"[39.3, 70.9]",,Ground Pass,,19.068298,,,,Youcef Atal,10040.0,,,,,,1,Regular Play,Aïssa Mandi,6648.0,Right Center Back,31,Algeria,4898,['7d3d4a9e-2d46-4e5c-995b-836d41187f6e'],32,,,,,,,,,,,,,,,,,,,Algeria,4898,00:19:32.254,Pass,
,,,,,,,,,,,,,,,,,0.680338,,,,,,,,,,,,,e3f2a58e-97db-4ac7-b445-907a6f532331,681,,"[43.5, 73.5]",3920402,19,,,,,-2.6035485,,Right Foot,,,"[37.3, 69.8]",,Ground Pass,,7.220111,,,,Aïssa Mandi,6648.0,,,,,,1,Regular Play,Youcef Atal,10040.0,Right Back,31,Algeria,4898,['7da41a86-9496-46d3-ba08-38ff3fe4ed6a'],36,,,,,,,,,,,,,,,,,,,Algeria,4898,00:19:36.649,Pass,
,,,,,,,,,,,,,,,,,2.189717,,,,,,,,,,,,,cdb2c8e7-533a-4d29-a3a9-99297c78ef36,684,,"[37.9, 65.9]",3920402,19,,,,,-1.666711,,Right Foot,,,"[34.6, 31.6]",,Ground Pass,,34.45838,,,,Ramy Bensebaini,3191.0,,,,,,1,Regular Play,Aïssa Mandi,6648.0,Right Center Back,31,Algeria,4898,['1367e5a5-3b16-453e-ba7a-c4bf41de503c'],38,,,,,,,,,,,,,,,,,,,Algeria,4898,00:19:38.805,Pass,
,,,,,,,,,,,,,,,,,1.370171,,,,,,,,,,,,,b99847f9-9300-43dc-9e07-b540c6db82a2,687,,"[43.3, 26.8]",3920402,19,,,,,-0.42470628,,Left Foot,,,"[59.0, 19.7]",,Ground Pass,,17.230787,,,,Mohamed Youcef Belaïli,103464.0,,,,,,1,Regular Play,Ramy Bensebaini,3191.0,Left Center Back,31,Algeria,4898,['6469db3a-1a28-49e1-9ee0-a839dcfab03c'],43,,,,,,,,,,,,,,,,,,,Algeria,4898,00:19:43.503,Pass,
,,,,,,,,,,,,,,,,,1.707521,,,,,,,,,,,,,d317c355-6e05-4329-a37b-a3ed8e2e335b,690,,"[56.9, 20.5]",3920402,19,,,,,2.6835947,,Right Foot,,,"[42.7, 27.5]",,Ground Pass,,15.831614,,,,Ramy Bensebaini,3191.0,,,,,,1,Regular Play,Mohamed Youcef Belaïli,103464.0,Left Wing,31,Algeria,4898,['b5189896-389d-4735-ad21-70d061acb3a4'],45,,,,,,,,,,,,,,,,,,,Algeria,4898,00:19:45.673,Pass,
,,,,,,,,,,,,,,,,,2.102637,,,,,,,,,,,,,dd412b7e-b008-4c1f-afb1-15896ba77e95,692,,"[43.1, 29.1]",3920402,19,,,,,1.5535567,,Left Foot,,,"[43.5, 52.3]",,Ground Pass,,23.203447,,,,Aïssa Mandi,6648.0,,,,,,1,Regular Play,Ramy Bensebaini,3191.0,Left Center Back,31,Algeria,4898,['8d99c65a-74c0-4a1d-a054-14a325e28dc3'],47,,,,,,,,,,,,,,,,,,,Algeria,4898,00:19:47.381,Pass,
,,,,,,,,,,,,,,,,,1.516848,,,,,,,,,,,,,89550f67-f103-4b34-a5a8-239033ac1344,695,,"[44.9, 52.2]",3920402,19,,,,,-0.5897164,,Right Foot,,,"[71.8, 34.2]",,Ground Pass,,32.366802,,,,Sofiane Feghouli,18724.0,,,,,,1,Regular Play,Aïssa Mandi,6648.0,Right Center Back,31,Algeria,4898,['bac8dfcc-1287-4c05-8ac0-2edcb25f24f1'],50,,,,,,,,,,,,,,,,,,,Algeria,4898,00:19:50.861,Pass,
,,,,,,,,,,,,,,,,,1.599999,,,,,,,,,,,,,2b4c64dd-0a97-4a8f-8d59-1dfd292e894a,698,,"[70.7, 35.1]",3920402,19,,,,,-2.3357892,,Right Foot,,,"[56.3, 20.1]",,Ground Pass,,20.793268,,,,Ramiz Larbi Zerrouki,38345.0,,,,,,1,Regular Play,Sofiane Feghouli,18724.0,Center Attacking Midfield,31,Algeria,4898,['7d766284-6c10-4a8e-8c96-2caa0b005460'],52,,,,,,,,,,,,,,,,,,,Algeria,4898,00:19:52.526,Pass,
,,,,,,,,,,,,,,,,,0.864311,,,,,,,,,,,,,aad01eee-dd0d-4474-8a0f-e878d1edd7f7,701,,"[57.8, 18.3]",3920402,19,,,,,-0.7328151,,Left Foot,,,"[64.8, 12.0]",,Ground Pass,,9.417537,,,,Mohamed Youcef Belaïli,103464.0,,,,,,1,Regular Play,Ramiz Larbi Zerrouki,38345.0,Left Defensive Midfield,31,Algeria,4898,['6ae3f7c4-30b3-4384-a439-c78ef4399a56'],54,,,,,,,,,,,,,,,,,,,Algeria,4898,00:19:54.126,Pass,
,,,,,,,,,,,,,,,,,0.961797,,,,,,,,,,,,,4cfc944c-6afc-49a9-9227-6df9fdcb0539,704,,"[89.7, 16.9]",3920402,19,,,,,1.0142708,,Right Foot,True,,"[103.2, 38.6]",,High Pass,,25.556604,,,,Baghdad Bounedjah,103465.0,,,,,,1,Regular Play,Mohamed Youcef Belaïli,103464.0,Left Wing,31,Algeria,4898,['32e9c45f-ac39-49a9-a76c-e0b8fcbe8a95'],58,,,,,,,,,,,,,,,,,,,Algeria,4898,00:19:58.749,Pass,
,,,,,,,,,,,,,,,,,5.804562,,,,,,,,,,,,,d2d8a93c-4370-4247-ba81-e5b7083da6d3,706,,"[103.8, 38.6]",3920402,19,,,,True,1.4299263,,,,,"[109.6, 79.5]",,High Pass,,41.3092,,Incomplete,,Riyad Mahrez,3814.0,,True,,,,1,Regular Play,Baghdad Bounedjah,103465.0,Center Forward,31,Algeria,4898,"['663fb2ef-561e-4e60-9e5f-e2e23873e63c', 'afab7f40-3fc5-4ee5-b2a6-13b363876f06', '4cddbf3b-28dc-4500-82d1-aef607040535']",59,,,,,,,,,,,,,,,,,,,Algeria,4898,00:19:59.740,Pass,True
,,,,,,,,,,,,,,,,,1.202548,,,,,,,,,,,,,2374fae6-f876-40ab-a87e-a6dc69df546d,711,,"[9.9, 1.4]",3920402,20,,,,,1.6686966,,Right Foot,,,"[8.8, 12.6]",,Ground Pass,,11.253888,,,,Edmond Fayçal Tapsoba,30606.0,,,,,,1,Regular Play,Steeve Yago,3035.0,Left Back,32,Burkina Faso,4921,['1a7e9e76-619c-4217-a40e-f65376734c1e'],6,,,,,,,,,,,,,,,,,,,Burkina Faso,4921,00:20:06.613,Pass,
,,,,,,,,,,,,,,,,,2.206548,,,,,,,,,,,,,c707c8a1-6804-4ebd-842c-c973892be2ca,714,,"[9.1, 12.8]",3920402,20,,,,,1.7807698,,Right Foot,,,"[3.9, 37.2]",,Ground Pass,,24.947947,,,,Kouakou Herve Koffi,4388.0,,,,,,1,Regular Play,Edmond Fayçal Tapsoba,30606.0,Left Center Back,32,Burkina Faso,4921,['57b3bd6c-b387-467b-af91-512988b7f9c7'],9,,,,,,,,,,,,,,,,,,,Burkina Faso,4921,00:20:09.429,Pass,
,,,,,,,,,,,,,,,,,1.75175,,,,,,,,,,,,,2002959a-fd8a-4d21-98e0-b81320aca8ad,717,,"[6.8, 39.9]",3920402,20,,,,,-0.05371173,,Right Foot,,,"[34.7, 38.4]",,Ground Pass,,27.940294,,Incomplete,,Issoufou Dayo,102800.0,,,,,,1,Regular Play,Kouakou Herve Koffi,4388.0,Goalkeeper,32,Burkina Faso,4921,"['8669468a-eb23-4bf4-903b-ad8e7addc8a9', 'dd5337a1-ce26-45db-8df8-e0f113fd5f57']",12,,,,,,,,,,,,,,,,,,,Burkina Faso,4921,00:20:12.192,Pass,
,,,,,,,,,,,,,,,,,0.999857,,,,,,,,,,,,,4286e023-f6fd-49c4-bb13-a78a0c05afc1,721,,"[92.7, 30.7]",3920402,20,,,,,0.98692596,,Left Foot,,,"[100.1, 41.9]",,Ground Pass,,13.42386,,,,Baghdad Bounedjah,103465.0,,,,,,1,Regular Play,Ramiz Larbi Zerrouki,38345.0,Left Defensive Midfield,32,Burkina Faso,4921,['6f54e83c-a67b-46d7-9248-db6afb47fe7a'],15,,,,,,,,,,,,,,,,,,,Algeria,4898,00:20:15.764,Pass,
,,,,,,,,,,,,,,,,,1.001221,,,,,,,,,,,,,2eeeb9e9-feec-41f7-89bb-ccdbfa06c3d4,723,,"[99.9, 42.1]",3920402,20,,,,,-0.22679885,,Left Foot,,,"[106.4, 40.6]",,Ground Pass,,6.670832,,Incomplete,,Mohamed Youcef Belaïli,103464.0,,,,,,1,Regular Play,Baghdad Bounedjah,103465.0,Center Forward,32,Burkina Faso,4921,"['ef00c635-a1e3-4f0a-90c4-4bef4aa77ee3', 'cfb168c2-0c63-447e-9d81-1455dada789a']",16,,,,,,,,,,,,,,,,,,,Algeria,4898,00:20:16.763,Pass,
,,,,,,,,,,,,,,,,,1.746926,,,,,,,,,,,,,1eeaf8ff-c177-4799-9c59-ea751dba5c1e,727,,"[8.1, 43.8]",3920402,20,,True,,,1.332304,,Keeper Arm,,,"[13.4, 65.6]",,Ground Pass,,22.435017,,,,Adamo Nagalo,99280.0,,,,,,1,Regular Play,Kouakou Herve Koffi,4388.0,Goalkeeper,32,Burkina Faso,4921,['8b830e36-0f68-4964-a196-9999d6745c0c'],35,,,,,,,,,,,,,,,,,,,Burkina Faso,4921,00:20:35.134,Pass,
,,,,,,,,,,,,,,,,,0.837817,,,,,,,,,,,,,ab6893aa-04c9-478b-bef3-1989933a22e4,729,,"[5.8, 75.5]",3920402,20,,,,,-0.80309546,,Right Foot,,,"[16.9, 64.0]",,Ground Pass,,15.983116,,,,Ibrahim Blati Touré,23999.0,,,,,,1,Regular Play,Adamo Nagalo,99280.0,Right Back,32,Burkina Faso,4921,['85a2635b-4c9e-49ec-8084-fb616a6244be'],37,,,,,,,,,,,,,,,,,,,Burkina Faso,4921,00:20:37.207,Pass,
,,,,,,,,,,,,,,,,,1.187358,,,,,,,,,,,,,2ef807fc-75cd-4dde-90f3-766c8d6f1ecb,732,,"[23.6, 63.0]",3920402,20,,,,,-0.09743485,,Right Foot,,,"[50.2, 60.4]",,Ground Pass,,26.726765,,Unknown,,Mohamed Konaté,43920.0,,,,,,1,Regular Play,Ibrahim Blati Touré,23999.0,Left Defensive Midfield,32,Burkina Faso,4921,['421a07ad-6f55-4f0d-9c17-0b585bc8feeb'],39,,,,,,,,,,,,,,,,,,,Burkina Faso,4921,00:20:39.660,Pass,
,,,,,,,,,,,,,,,,,0.538948,,,,,,,,,,,,,9e981312-94b6-470b-b15a-0d5e738e567b,737,,"[50.6, 59.7]",3920402,20,,True,,,0.44951427,,Right Foot,,,"[62.0, 65.2]",,Ground Pass,,12.657409,,,,Gustavo Fabrice Sangaré,45466.0,,,,,Free Kick,1,From Free Kick,Adamo Nagalo,99280.0,Right Back,33,Burkina Faso,4921,['f4530f19-f7d1-41e3-978f-58db28e57422'],53,,,,,,,,,,,,,,,,,,,Burkina Faso,4921,00:20:53.159,Pass,
,,,,,,,,,,,,,,,,,1.2,,,,,,,,,,,,,56b21724-6420-40c7-b4ef-7accbf35cd56,739,,"[71.9, 68.3]",3920402,20,,,,,0.6273082,,Left Foot,,,"[83.9, 77.0]",,Ground Pass,,14.821943,,,,Issa Kabore,35471.0,,,,,,1,From Free Kick,Gustavo Fabrice Sangaré,45466.0,Center Attacking Midfield,33,Burkina Faso,4921,['13c91385-318f-467c-be33-03259564b99b'],55,,,,,,,,,,,,,,,,,,,Burkina Faso,4921,00:20:55.352,Pass,
,,,,,,,,,,,,,,,,,1.777927,,,,,,,,,,,,,fa18b9f1-b3ec-4242-813e-64768b214562,745,,"[86.1, 72.9]",3920402,22,,,,,-0.9336865,,Right Foot,True,,"[110.3, 40.2]",,High Pass,,40.680832,,Incomplete,,Abdoul Fessal Tapsoba,43705.0,,,,,Free Kick,1,From Free Kick,Issa Kabore,35471.0,Right Wing,34,Burkina Faso,4921,"['b54cdcde-aea0-448c-8781-289b7c84e8e0', 'f9750517-ae0b-40d8-bc38-512206c82484']",6,,,,,,,,,,,,,,,,,,,Burkina Faso,4921,00:22:06.741,Pass,
,,,,,,,,,,,,,,,,,1.682451,,,,,,,,,,,,,bb94662a-79c4-4784-9994-0be57d36c3c0,748,,"[102.2, 34.3]",3920402,22,,,,,0.42066336,,Head,,,"[113.6, 39.4]",,High Pass,,12.488795,,Incomplete,,Mohamed Konaté,43920.0,,,,,Recovery,1,From Free Kick,Adama Guira,24411.0,Right Defensive Midfield,34,Burkina Faso,4921,"['4a5585ad-9716-486b-ab0a-2d3760669b94', '6b5dc159-c4a5-4437-91c4-edc977e5874e']",10,,,,,,,,,,,,,,,,,,,Burkina Faso,4921,00:22:10.564,Pass,
,,,,,,,,,,,,,,,,,1.623856,,,,,,,,,,,,,5ebc561d-2b19-4a97-b111-f887d5196529,753,,"[50.6, 22.5]",3920402,22,,,,,1.1341692,,Right Foot,,,"[57.6, 37.5]",,Ground Pass,,16.552946,,,,Ibrahim Blati Touré,23999.0,,,,,,1,Regular Play,Edmond Fayçal Tapsoba,30606.0,Left Center Back,35,Burkina Faso,4921,['fe996f67-e001-4de0-9f7c-9324d80d29e7'],20,,,,,,,,,,,,,,,,,,,Burkina Faso,4921,00:22:20.063,Pass,
,,,,,,,,,,,,,,,,,1.295714,,,,,,,,,,,,,3d4888cd-935e-4e33-93cf-1294e899cb1b,756,,"[57.2, 51.2]",3920402,22,,,,,1.5541312,,Left Foot,,,"[57.4, 63.2]",,Ground Pass,,12.001667,,,,Gustavo Fabrice Sangaré,45466.0,,,,,,1,Regular Play,Ibrahim Blati Touré,23999.0,Left Defensive Midfield,35,Burkina Faso,4921,['d29d6697-46c7-48b2-986c-5be5cce7c538'],25,,,,,,,,,,,,,,,,,,,Burkina Faso,4921,00:22:25.063,Pass,
,,,,,,,,,,,,,,,,,2.258629,,,,,,,,,,,,,83e3d46b-2c75-45ff-8513-96f6ce65ec15,763,,"[54.9, 27.5]",3920402,25,,,,,0.01754206,,Left Foot,,,"[100.5, 28.3]",,High Pass,,45.607018,,Incomplete,,Baghdad Bounedjah,103465.0,,,,,Free Kick,1,From Free Kick,Ramy Bensebaini,3191.0,Left Center Back,36,Algeria,4898,"['e73697c2-c7be-4aca-8404-3679d44e3b92', 'd1f67c2b-457b-4672-a7d9-37ed14a3b3e9']",0,,,,,,,,,,,,,,,,,,,Algeria,4898,00:25:00.861,Pass,
,,,,,,,,,,,,,,,,,0.435466,,,,,,,,,,,,,1400dd18-cb89-4567-97ad-55bd473e1980,770,,"[5.8, 38.2]",3920402,25,,True,,,1.1019675,,Right Foot,,,"[9.7, 45.9]",,High Pass,,8.631338,,,,Ibrahim Blati Touré,23999.0,,,,,Goal Kick,1,From Goal Kick,Kouakou Herve Koffi,4388.0,Goalkeeper,37,Burkina Faso,4921,['2c0692c7-c860-4674-8a64-c3fbbd5636c5'],45,,,,,,,,,,,,,,,,,,,Burkina Faso,4921,00:25:45.098,Pass,
,,,,,,,,,,,,,,,,,0.68704,,,,,,,,,,,,,2ee28075-ebe9-4efa-885b-15f9d40f83d7,779,,"[53.6, 24.8]",3920402,25,,,,,-0.47951928,,Head,,,"[63.6, 19.6]",,Low Pass,,11.271202,,,,Steeve Yago,3035.0,,,,,Recovery,1,From Goal Kick,Edmond Fayçal Tapsoba,30606.0,Left Center Back,37,Burkina Faso,4921,"['f35eed15-5715-482b-981c-8ee4a3360631', 'a90d65da-b87f-4d08-bfaf-520943aabcb1']",52,,,,,,,,,,,,,,,,,,,Burkina Faso,4921,00:25:52.729,Pass,True
,,,,,,,,,,,,,,,,,1.473215,,,,,,,,,,,,,5ffdaffb-c6bc-41aa-9bfe-6094a0f331d8,785,,"[47.9, 0.1]",3920402,26,,,,,2.471621,,,,,"[40.2, 6.2]",,Low Pass,,9.8234415,,,,Edmond Fayçal Tapsoba,30606.0,,,,,Throw-in,1,From Throw In,Steeve Yago,3035.0,Left Back,38,Burkina Faso,4921,['c1a5dd2d-d85c-4ab8-bfac-9666a0f89235'],0,,,,,,,,,,,,,,,,,,,Burkina Faso,4921,00:26:00.113,Pass,
,,,,,,,,,,,,,,,,,4.08535,,,,,,,,,,,,,da5dc6a0-0cb6-4980-9851-4842acc2e204,788,,"[47.5, 10.3]",3920402,26,,,,,0.008414948,,Right Foot,,,"[118.8, 10.9]",,High Pass,,71.30252,,,,Abdoul Fessal Tapsoba,43705.0,,,,,,1,From Throw In,Edmond Fayçal Tapsoba,30606.0,Left Center Back,38,Burkina Faso,4921,['8e58307a-8107-477c-ae63-5ba76e2701f3'],6,,,,,,,,,,,,,,,,,,,Burkina Faso,4921,00:26:06.251,Pass,
,,,,,,,,,,,,,,,,,5.930312,,,,,,,,,,,,,1347150a-b699-4d84-8348-49f1fc3de622,790,,"[119.1, 11.3]",3920402,26,,,,,1.7073678,,Left Foot,True,,"[109.7, 79.7]",,High Pass,,69.042885,,Out,,Mohamed Konaté,43920.0,,True,,,,1,From Throw In,Abdoul Fessal Tapsoba,43705.0,Left Wing,38,Burkina Faso,4921,['0317d024-22ad-44e0-913d-76006b4fa724'],10,,,,,,,,,,,,,,,,,,,Burkina Faso,4921,00:26:10.336,Pass,
,,,,,,,,,,,,,,,,,0.69127,,,,,,,,,,,,,e014de6b-19f0-437f-8b0e-e4064fc3034d,792,,"[20.8, 0.1]",3920402,26,,,,,1.4318376,,,,,"[22.8, 14.4]",,Low Pass,,14.439183,,,,Nabil Bentaleb,8520.0,,,,,Throw-in,1,From Throw In,Rayan Aït Nouri,12111.0,Left Back,39,Algeria,4898,['4e58f9e9-6ed9-4e33-9e6a-0ee902bc4c87'],29,,,,,,,,,,,,,,,,,,,Algeria,4898,00:26:29.982,Pass,
,,,,,,,,,,,,,,,,,1.23569,,,,,,,,,,,,,436db048-6090-4336-be18-a6d02ddf34a5,795,,"[22.4, 14.4]",3920402,26,,,,,-0.26547202,,Left Foot,,,"[44.1, 8.5]",,High Pass,,22.487774,,,,Mohamed Youcef Belaïli,103464.0,,,,,,1,From Throw In,Nabil Bentaleb,8520.0,Right Defensive Midfield,39,Algeria,4898,['8d24cec0-0ca4-47cf-adba-fac2f718b1a5'],30,,,,,,,,,,,,,,,,,,,Algeria,4898,00:26:30.750,Pass,
,,,,,,,,,,,,,,,,,2.936652,,,,,,,,,,,,,7f3fe4e8-96db-4323-8fc8-0bc6bf71fe69,800,,"[62.7, 73.7]",3920402,26,,,,,-1.5883384,,Right Foot,,,"[61.9, 28.1]",,Ground Pass,,45.607018,,,,Edmond Fayçal Tapsoba,30606.0,,True,,,,1,Regular Play,Adamo Nagalo,99280.0,Right Back,40,Burkina Faso,4921,['1068ae49-cb4b-41b0-b02c-62a4adfd3043'],35,,,,,,,,,,,,,,,,,,,Burkina Faso,4921,00:26:35.008,Pass,
,,,,,,,,,,,,,,,,,1.817349,,,,,,,,,,,,,8add7183-50c2-44f8-bb62-b1c6bab4671d,803,,"[61.9, 27.6]",3920402,26,,,,,-0.7284257,,Right Foot,,,"[75.8, 15.2]",,Ground Pass,,18.62713,,,,Abdoul Fessal Tapsoba,43705.0,,,,,,1,Regular Play,Edmond Fayçal Tapsoba,30606.0,Left Center Back,40,Burkina Faso,4921,['7648c8e3-e2d8-4238-b3ed-9b714fb1cf15'],38,,,,,,,,,,,,,,,,,,,Burkina Faso,4921,00:26:38.128,Pass,
,,,,,,,,,,,,,,,,,1.803884,,,,,,,,,,,,,8489db9d-82be-4b8a-bab8-f1d967275fe3,805,,"[75.2, 14.9]",3920402,26,,,,,-2.23941,,Right Foot,,,"[67.3, 4.9]",,Ground Pass,,12.744019,,,,Steeve Yago,3035.0,,,,,,1,Regular Play,Abdoul Fessal Tapsoba,43705.0,Left Wing,40,Burkina Faso,4921,['a8e21000-e776-4ddd-b886-87fc46451887'],39,,,,,,,,,,,,,,,,,,,Burkina Faso,4921,00:26:39.945,Pass,
,,,,,,,,,,,,,,,,,0.577715,,,,,,,,,,,,,12e2d61f-96a1-480b-acf8-147fcb57636a,808,,"[66.5, 5.4]",3920402,26,,,,,1.4845908,,Right Foot,,,"[67.9, 21.6]",,Ground Pass,,16.260382,,,,Ibrahim Blati Touré,23999.0,,,,,,1,Regular Play,Steeve Yago,3035.0,Left Back,40,Burkina Faso,4921,['beeafaa5-e061-43ef-8ec2-f0b3ca6ff2e7'],43,,,,,,,,,,,,,,,,,,,Burkina Faso,4921,00:26:43.024,Pass,
,,,,,,,,,,,,,,,,,0.985009,,,,,,,,,,,,,e10c7dfc-8bfe-4402-9e26-b773f04a25c0,812,,"[70.4, 20.2]",3920402,26,,,,,-1.6907846,,Right Foot,,,"[68.7, 6.1]",,Ground Pass,,14.202112,,,,Steeve Yago,3035.0,,,,,,1,Regular Play,Ibrahim Blati Touré,23999.0,Left Defensive Midfield,40,Burkina Faso,4921,"['1e813756-f220-4dde-83e5-060cc4628b92', 'd629cf5f-6970-4173-8d6f-6014f44aa982']",46,,,,,,,,,,,,,,,,,,,Burkina Faso,4921,00:26:46.173,Pass,True
,,,,,,,,,,,,,,,,,1.243722,,,,,,,,,,,,,7c94aa1f-81b5-497a-9760-67a611f07130,815,,"[68.7, 6.1]",3920402,26,,,,,2.4297457,,Right Foot,,,"[58.5, 14.9]",,Ground Pass,,13.471452,,,,Edmond Fayçal Tapsoba,30606.0,,,,,,1,Regular Play,Steeve Yago,3035.0,Left Back,40,Burkina Faso,4921,['84415ae4-b68d-4cb7-9fa8-4e7981eabbdf'],47,,,,,,,,,,,,,,,,,,,Burkina Faso,4921,00:26:47.330,Pass,
,,,,,,,,,,,,,,,,,2.239081,,,,,,,,,,,,,6ee3895e-c560-4e33-9e60-13c66fa0f7b3,818,,"[62.8, 24.8]",3920402,26,,,,,1.5206293,,Left Foot,,,"[64.0, 48.7]",,Ground Pass,,23.930107,,,,Gustavo Fabrice Sangaré,45466.0,,,,,,1,Regular Play,Edmond Fayçal Tapsoba,30606.0,Left Center Back,40,Burkina Faso,4921,['12dff827-ccff-44af-a143-46ab7bef79f4'],53,,,,,,,,,,,,,,,,,,,Burkina Faso,4921,00:26:53.040,Pass,
,,,,,,,,,,,,,,,,,0.827925,,,,,,,,,,,,,46be9f00-ea47-4d4f-9653-aa8407253388,821,,"[82.8, 51.6]",3920402,26,,,,,0.25981438,,Left Foot,,,"[90.7, 53.7]",,Ground Pass,,8.17435,,,,Mohamed Konaté,43920.0,,,,,,1,Regular Play,Gustavo Fabrice Sangaré,45466.0,Center Attacking Midfield,40,Burkina Faso,4921,['432c061f-5f48-4148-b0d3-858e2d772429'],59,,,,,,,,,,,,,,,,,,,Burkina Faso,4921,00:26:59.168,Pass,
,,,,,,,,,,,,,,,,,0.493545,,,,,,,,,,,,,6b60db66-8db0-4279-99d0-a6ac416f4c06,825,,"[90.3, 53.5]",3920402,27,,,,,-1.8778421,,Left Foot,,,"[89.0, 49.4]",,Ground Pass,,4.3011627,,Incomplete,,Gustavo Fabrice Sangaré,45466.0,,,,,,1,Regular Play,Mohamed Konaté,43920.0,Center Forward,40,Burkina Faso,4921,"['417870a8-c648-4c46-ba16-ad4a2af06e28', 'd1aa37cf-9a79-4b51-93ac-eacb9b2586fc', '09eade35-3e41-4833-8d55-69bee9df212d']",0,,,,,,,,,,,,,,,,,,,Burkina Faso,4921,00:27:00.010,Pass,True
,,,,,,,,,,,,,,,,,0.328876,,,,,,,,,,,,,9753507f-9e0a-4578-90fd-33b3c21d8c43,830,,"[89.9, 51.0]",3920402,27,,,,,-0.94200003,,Right Foot,,,"[92.3, 47.7]",,Ground Pass,,4.080441,,,,Gustavo Fabrice Sangaré,45466.0,,,,,,1,Regular Play,Mohamed Konaté,43920.0,Center Forward,40,Burkina Faso,4921,['384a04df-b8bc-444e-9a28-a5fb8dadf789'],2,,,,,,,,,,,,,,,,,,,Burkina Faso,4921,00:27:02.657,Pass,
,,,,,,,,,,,,,,,,,1.549107,,,,,,,,,,,,,0876f0e8-4861-40bf-92a3-c2e790770e62,834,,"[92.5, 47.3]",3920402,27,,,,,0.25412476,,Left Foot,,,"[100.2, 49.3]",,Ground Pass,,7.955501,,Incomplete,,Mohamed Konaté,43920.0,,,,,,1,Regular Play,Gustavo Fabrice Sangaré,45466.0,Center Attacking Midfield,40,Burkina Faso,4921,"['b1a839c3-b2ab-4356-a222-d3afc4860a7d', 'aa1d99c6-0327-4f12-9be4-0abad7257398', 'fec1e47e-6d54-4101-93b5-c82f15b53285']",3,,,,,,,,,,,,,,,,,,,Burkina Faso,4921,00:27:03.035,Pass,True
,,,,,,,,,,,,,,,,,0.591865,,,,,,,,,,,,,b1a839c3-b2ab-4356-a222-d3afc4860a7d,836,,"[19.9, 30.8]",3920402,27,,,,,-1.9336196,,Right Foot,,,"[15.8, 20.0]",,Ground Pass,,11.552056,,,,Rayan Aït Nouri,12111.0,,,,,Recovery,1,Regular Play,Aïssa Mandi,6648.0,Right Center Back,40,Burkina Faso,4921,"['0876f0e8-4861-40bf-92a3-c2e790770e62', '0968a8f9-e175-45fb-925c-d3d9c153292e']",4,,,,,,,,,,,,,,,,,,,Algeria,4898,00:27:04.584,Pass,
,,,,,,,,,,,,,,,,,4.74175,,,,,,,,,,,,,18791c7d-21df-44d6-b6a7-b3bcd23383d8,840,,"[13.3, 15.9]",3920402,27,,,,,0.4498467,,Left Foot,,,"[77.5, 46.9]",,High Pass,,71.29263,,Incomplete,,Riyad Mahrez,3814.0,,,,,,1,Regular Play,Rayan Aït Nouri,12111.0,Left Back,40,Burkina Faso,4921,"['b69af24a-0a94-4334-9def-28782e64cb5e', '31c9d15c-c9fa-4500-adcd-0cb3aacbad7f', '9315897d-6a42-4b3e-b5ee-ae6eedb78d62']",7,,,,,,,,,,,,,,,,,,,Algeria,4898,00:27:07.520,Pass,True
,,,,,,,,,,,,,,,,,4.316986,,,,,,,,,,,,,882ef1dc-139e-44c5-9769-0121e660854b,844,,"[58.4, 27.0]",3920402,27,,,,,-0.23271874,,Right Foot,,,"[120.0, 12.4]",,High Pass,,63.306557,,Out,,Abdoul Fessal Tapsoba,43705.0,,,,,,1,Regular Play,Edmond Fayçal Tapsoba,30606.0,Left Center Back,40,Burkina Faso,4921,['235058d1-ef2f-4171-828a-b348921bc540'],21,,,,,,,,,,,,,,,,,,,Burkina Faso,4921,00:27:21.940,Pass,
,,,,,,,,,,,,,,,,,0.357217,,,,,,,,,,,,,a8a99f0d-30c3-4518-b3fb-033549ac2f6a,846,,"[6.8, 45.1]",3920402,27,,True,,,-1.0390723,,Right Foot,,,"[16.8, 28.1]",,Ground Pass,,19.723083,,,,Aïssa Mandi,6648.0,,,,,Goal Kick,1,From Goal Kick,Anthony Louis Mandréa,41381.0,Goalkeeper,41,Algeria,4898,['f870dc06-b1bb-4b31-9d7f-4bf23fb079c1'],50,,,,,,,,,,,,,,,,,,,Algeria,4898,00:27:50.568,Pass,
,,,,,,,,,,,,,,,,,1.6,,,,,,,,,,,,,e144ec8c-c024-444d-a786-ad37c988732f,848,,"[43.7, 47.9]",3920402,27,,,,,-1.61126,,Right Foot,,,"[42.7, 23.2]",,Ground Pass,,24.720234,,,,Ramy Bensebaini,3191.0,,,,,,1,From Goal Kick,Aïssa Mandi,6648.0,Right Center Back,41,Algeria,4898,['159d1461-6c22-4992-8ea4-1b1c758adb40'],51,,,,,,,,,,,,,,,,,,,Algeria,4898,00:27:51.240,Pass,
,,,,,,,,,,,,,,,,,2.103508,,,,,,,,,,,,,5f6c1559-3331-4521-874c-bb77592a14d1,851,,"[48.9, 20.8]",3920402,27,,,,,-0.07762151,,Left Foot,,,"[93.9, 17.3]",,High Pass,,45.135906,,Incomplete,,Mohamed Youcef Belaïli,103464.0,,,,,,1,From Goal Kick,Ramy Bensebaini,3191.0,Left Center Back,41,Algeria,4898,"['dad76696-165e-47ef-85f4-92ffb4960b73', '9b5ebdb5-5f14-4384-b67e-5b0076bdcca6']",54,,,,,,,,,,,,,,,,,,,Algeria,4898,00:27:54.479,Pass,
,,,,,,,,,,,,,,,,,1.663194,,,,,,,,,,,,,9b5ebdb5-5f14-4384-b67e-5b0076bdcca6,853,,"[26.2, 62.8]",3920402,27,,,,,0.12914729,,Head,,,"[33.9, 63.8]",,High Pass,,7.7646637,,Incomplete,,Adama Guira,24411.0,,,,,Recovery,1,From Goal Kick,Adamo Nagalo,99280.0,Right Back,41,Algeria,4898,"['219d469f-672d-4a48-a9ef-1e74eb0c4b8e', '213f3630-a916-49fe-afce-c658e6254767', '5f6c1559-3331-4521-874c-bb77592a14d1']",56,,,,,,,,,,,,,,,,,,,Burkina Faso,4921,00:27:56.583,Pass,
,,,,,,,,,,,,,,,,,0.97114,,,,,,,,,,,,,213f3630-a916-49fe-afce-c658e6254767,856,,"[86.2, 16.3]",3920402,27,,,,True,-0.7505864,,,,,"[96.6, 6.6]",,Low Pass,,14.221462,,,,Mohamed Youcef Belaïli,103464.0,,,,,Recovery,1,From Goal Kick,Ramiz Larbi Zerrouki,38345.0,Left Defensive Midfield,41,Algeria,4898,"['4fdd26ff-d21b-4a72-84b4-6532752bbf2b', '8164edf3-2ad9-4eb0-b3b0-14d34ee35b45', '9b5ebdb5-5f14-4384-b67e-5b0076bdcca6']",58,,,,,,,,,,,,,,,,,,,Algeria,4898,00:27:58.246,Pass,True
,,,,,,,,,,,,,,,,,1.294011,,,,,,,,,,,,,747f42e3-3e3e-4f60-8c2d-457263ae6b6d,860,,"[93.1, 8.4]",3920402,27,,,,,1.6539376,,Right Foot,,,"[92.2, 19.2]",,Ground Pass,,10.837435,,,,Sofiane Feghouli,18724.0,,,,,,1,From Goal Kick,Mohamed Youcef Belaïli,103464.0,Left Wing,41,Algeria,4898,"['b4f132d3-5b12-471d-83d0-2c268f2f399f', 'ca51ee97-93bf-4086-8c93-25a733c47603']",59,,,,,,,,,,,,,,,,,,,Algeria,4898,00:27:59.957,Pass,True
,,,,,,,,,,,,,,,,,1.588275,,,,,,,,,,,,,a0c26de7-450c-4b1d-aba9-19d8f967c411,864,,"[19.4, 65.2]",3920402,28,,,,,-1.9705775,,Left Foot,,,"[13.4, 51.0]",,Ground Pass,,15.415577,,,,Issoufou Dayo,102800.0,,,,,Recovery,1,From Goal Kick,Adamo Nagalo,99280.0,Right Back,41,Algeria,4898,['7e3bfad9-d20d-42d8-9edb-33629e5ae6fc'],1,,,,,,,,,,,,,,,,,,,Burkina Faso,4921,00:28:01.786,Pass,
,,,,,,,,,,,,,,,,,2.502019,,,,,,,,,,,,,9974cea5-15f7-4b74-a525-81b58627d297,867,,"[14.6, 53.0]",3920402,28,,,,,0.2792082,,Right Foot,,,"[58.2, 65.5]",,High Pass,,45.356476,,Incomplete,,Mohamed Konaté,43920.0,,,,,,1,From Goal Kick,Issoufou Dayo,102800.0,Right Center Back,41,Algeria,4898,"['455627d4-8e35-4645-aba0-21a6362fdc85', 'bb721b9d-501d-45f8-b142-b30f4ad49d79']",3,,,,,,,,,,,,,,,,,,,Burkina Faso,4921,00:28:03.435,Pass,
,,,,,,,,,,,,,,,,,1.848949,,,,,,,,,,,,,36d0357e-3079-4950-a1e1-8207680e6ba5,872,,"[39.8, 62.6]",3920402,28,,,,True,0.44117948,,,,,"[50.6, 67.7]",,High Pass,,11.943618,,Incomplete,,Abdoul Fessal Tapsoba,43705.0,,,,,Recovery,1,From Goal Kick,Adama Guira,24411.0,Right Defensive Midfield,41,Algeria,4898,"['7fce9011-3773-40c2-b8b1-f9d1aefd30b0', 'c94d7998-b6f3-499a-a8d2-c6894925b70d', '20b9b0f1-7436-4e77-87d0-1d7bc816ea8a']",8,,,,,,,,,,,,,,,,,,,Burkina Faso,4921,00:28:08.666,Pass,True
,,,,,,,,,,,,,,,,,1.615098,,,,,,,,,,,,,c94d7998-b6f3-499a-a8d2-c6894925b70d,874,,"[69.5, 12.4]",3920402,28,,,,True,0.028361188,,,,,"[83.6, 12.8]",,High Pass,,14.105673,,Incomplete,,Baghdad Bounedjah,103465.0,,,,,Recovery,1,From Goal Kick,Nabil Bentaleb,8520.0,Right Defensive Midfield,41,Algeria,4898,"['36d0357e-3079-4950-a1e1-8207680e6ba5', '8d4aa21c-532e-4365-9de7-5cac88490c8c', '33f9653c-2f7c-4fd8-8559-81b3d8c0a3d1', '0ec23aaf-36d1-4ed6-bd9f-879522358417']",10,,,,,,,,,,,,,,,,,,,Algeria,4898,00:28:10.515,Pass,True
,,,,,,,,,,,,,,,,,0.525691,,,,,,,,,,,,,8d4aa21c-532e-4365-9de7-5cac88490c8c,877,,"[36.5, 67.3]",3920402,28,,,,,-2.0863454,,Right Foot,,,"[33.1, 61.3]",,Low Pass,,6.8963757,,Incomplete,,Ibrahim Blati Touré,23999.0,,,,,Recovery,1,From Goal Kick,Adamo Nagalo,99280.0,Right Back,41,Algeria,4898,"['8c4b8b46-8116-4b40-9320-338694eae702', 'a1de2865-1ab9-4757-a373-727c00091e99', 'c94d7998-b6f3-499a-a8d2-c6894925b70d']",12,,,,,,,,,,,,,,,,,,,Burkina Faso,4921,00:28:12.130,Pass,
,,,,,,,,,,,,,,,,,1.43125,,,,,,,,,,,,,3371ed84-e6f3-4d24-9ac3-8ed9af7c0bca,882,,"[85.8, 20.9]",3920402,28,,,,,-0.65437025,,Right Foot,,,"[93.1, 15.3]",,Ground Pass,,9.200543,,,,Rayan Aït Nouri,12111.0,,,,,,1,From Goal Kick,Sofiane Feghouli,18724.0,Center Attacking Midfield,41,Algeria,4898,"['e97f2836-5496-4fa3-8587-edc892fb17a8', '3ed57f68-7317-45f6-85c4-781a60a86135']",13,,,,,,,,,,,,,,,,,,,Algeria,4898,00:28:13.385,Pass,True
,,,,,,,,,,,,,,,,,1.11494,,,,,,,,,,,,,06f60b5f-3462-49f3-bedb-cc62a0507873,885,,"[112.4, 22.5]",3920402,28,,,,,3.024484,,Left Foot,,,"[109.0, 22.9]",,Ground Pass,,3.4234486,,,,Mohamed Youcef Belaïli,103464.0,,,,,,1,From Goal Kick,Rayan Aït Nouri,12111.0,Left Back,41,Algeria,4898,['cf1962de-7e6a-48c6-a848-f59a66ef8a71'],17,,,,,,,,,,,,,,,,,,,Algeria,4898,00:28:17.000,Pass,
,,,,,,,,,,,,,,,,,1.652623,,,,,,,,,,,,,e4b3aeea-bb86-47e9-903a-9a48ac426c16,888,,"[108.6, 24.7]",3920402,28,,,,,-0.061867844,,Right Foot,,,"[119.9, 24.0]",,Ground Pass,,11.321661,,,,Rayan Aït Nouri,12111.0,,,,,,1,From Goal Kick,Mohamed Youcef Belaïli,103464.0,Left Wing,41,Algeria,4898,['1b9746a0-d6f2-4d72-b588-2c13e9d6b734'],19,,,,,,,,,,,,,,,,,,,Algeria,4898,00:28:19.251,Pass,
,,,,,,,,,,,,,,,,,2.208973,,,,,,,,,,,,,d0fdaecf-29f3-41ee-b86b-e31491c710d3,890,,"[119.7, 24.0]",3920402,28,,,,,2.2009053,,Left Foot,True,True,"[106.5, 42.1]",,Ground Pass,,22.402008,,Incomplete,,Baghdad Bounedjah,103465.0,,,,,,1,From Goal Kick,Rayan Aït Nouri,12111.0,Left Back,41,Algeria,4898,"['636d8f1b-916a-429e-88e7-3374b4810bc1', '3c4e7834-b5df-4636-aa24-cb4ce7a0da84']",20,,,,,,,,,,,,,,,,,,,Algeria,4898,00:28:20.904,Pass,
,,,,,,,,,,,,,,,,,1.649948,,,,,,,,,,,,,0cacc11d-f9c6-4c65-a2aa-19c3c0675d1f,894,,"[21.1, 22.9]",3920402,28,,,,,-0.39381805,,Left Foot,,,"[43.0, 13.8]",,Ground Pass,,23.715395,,,,Abdoul Fessal Tapsoba,43705.0,,,,,,1,From Goal Kick,Steeve Yago,3035.0,Left Back,41,Algeria,4898,['26525979-2d88-4117-8571-20cc48d420a5'],25,,,,,,,,,,,,,,,,,,,Burkina Faso,4921,00:28:25.113,Pass,
,,,,,,,,,,,,,,,,,2.949722,,,,,,,,,,,,,4378ac58-25ea-4a29-9929-25e402416719,898,,"[107.8, 6.8]",3920402,28,,,,,1.3267862,,Left Foot,True,,"[119.9, 55.4]",,High Pass,,50.08363,,Out,,Mohamed Konaté,43920.0,,True,,,,1,From Goal Kick,Abdoul Fessal Tapsoba,43705.0,Left Wing,41,Algeria,4898,['bab5aebf-a561-4e06-8bb0-bd9ab43e3f9e'],34,,,,,,,,,,,,,,,,,,,Burkina Faso,4921,00:28:34.943,Pass,
,,,,,,,,,,,,,,,,,1.805465,,,,,,,,,,,,,81261ea1-baf3-460e-872c-b7e701aac6a9,900,,"[5.8, 40.2]",3920402,29,,,,,0.6576923,,Right Foot,,,"[20.3, 51.4]",,Ground Pass,,18.321844,,,,Aïssa Mandi,6648.0,,,,,Goal Kick,1,From Goal Kick,Anthony Louis Mandréa,41381.0,Goalkeeper,42,Algeria,4898,['03397b8a-33c1-421e-94c6-95d65cf9590c'],28,,,,,,,,,,,,,,,,,,,Algeria,4898,00:29:28.045,Pass,
,,,,,,,,,,,,,,,,,1.6,,,,,,,,,,,,,82788ee5-2bd7-451a-bd02-70cde7b1d904,903,,"[38.7, 51.0]",3920402,29,,,,,-1.6466959,,Right Foot,,,"[36.7, 24.7]",,Ground Pass,,26.375937,,,,Ramy Bensebaini,3191.0,,,,,,1,From Goal Kick,Aïssa Mandi,6648.0,Right Center Back,42,Algeria,4898,['da549c91-b585-4ca1-b252-eb6aa479d0ef'],36,,,,,,,,,,,,,,,,,,,Algeria,4898,00:29:36.964,Pass,
,,,,,,,,,,,,,,,,,1.756118,,,,,,,,,,,,,eb63d036-d795-4c94-8be8-affaf107b098,906,,"[38.7, 24.8]",3920402,29,,,,,1.514465,,Left Foot,,,"[40.2, 51.4]",,Ground Pass,,26.64226,,,,Aïssa Mandi,6648.0,,,,,,1,From Goal Kick,Ramy Bensebaini,3191.0,Left Center Back,42,Algeria,4898,['f919e011-5d82-4017-9b5d-931c314947bb'],41,,,,,,,,,,,,,,,,,,,Algeria,4898,00:29:41.004,Pass,
,,,,,,,,,,,,,,,,,3.425596,,,,,,,,,,,,,92052ecb-87d6-48fa-a47a-b7197eb43477,909,,"[50.5, 53.5]",3920402,29,,,,,-0.7154488,,Right Foot,,,"[100.9, 9.7]",,High Pass,,66.77275,,,,Mohamed Youcef Belaïli,103464.0,,True,,,,1,From Goal Kick,Aïssa Mandi,6648.0,Right Center Back,42,Algeria,4898,['f665d354-006c-42cf-aeb5-6a50f694ba73'],45,,,,,,,,,,,,,,,,,,,Algeria,4898,00:29:45.964,Pass,
,,,,,,,,,,,,,,,,,1.069541,,,,,,,,,,,,,1e234857-5687-4e3e-89f8-37c445fd21b5,912,,"[106.4, 14.1]",3920402,29,,,,,1.4429828,,Right Foot,True,,"[109.6, 39.0]",,High Pass,,25.10478,,Incomplete,,Baghdad Bounedjah,103465.0,,,,,,1,From Goal Kick,Mohamed Youcef Belaïli,103464.0,Left Wing,42,Algeria,4898,"['38ec5de1-ba46-4024-9e67-f22536bd23bb', '917cf873-f5e0-4067-87d0-8195c2441f58']",51,,,,,,,,,,,,,,,,,,,Algeria,4898,00:29:51.012,Pass,
,,,,,,,,,,,,,,,,,0.610423,,,,,,,,,,,,,f2fc9258-d69e-47e6-90f7-c6c32411b553,918,,"[92.2, 3.7]",3920402,29,,,,,1.5607966,,Left Foot,,,"[92.3, 13.7]",,Ground Pass,,10.0005,,,,Mohamed Youcef Belaïli,103464.0,,,,,,1,From Goal Kick,Rayan Aït Nouri,12111.0,Left Back,42,Algeria,4898,['d09e7587-7084-466c-b96f-f0be59fc4875'],56,,,,,,,,,,,,,,,,,,,Algeria,4898,00:29:56.463,Pass,
,,,,,,,,,,,,,,,,,3.344917,,,,,,,,,,,,,00561a67-7398-41e1-ae92-cfa423b13afa,921,,"[91.9, 15.9]",3920402,29,,,,,1.1013893,,Right Foot,True,,"[120.0, 71.3]",,High Pass,,62.119,,Out,,Riyad Mahrez,3814.0,,True,,,,1,From Goal Kick,Mohamed Youcef Belaïli,103464.0,Left Wing,42,Algeria,4898,['87582dfd-b10d-45bd-84a5-6ec8294d278a'],59,,,,,,,,,,,,,,,,,,,Algeria,4898,00:29:59.298,Pass,
,,,,,,,,,,,,,,,,,3.726493,,,,,,,,,,,,,06378579-7649-473b-a77f-741e9f676847,923,,"[6.0, 36.7]",3920402,30,,,,,-0.44665208,,Right Foot,,,"[77.2, 2.6]",,High Pass,,78.9446,,,,Abdoul Fessal Tapsoba,43705.0,,,,,Goal Kick,1,From Goal Kick,Kouakou Herve Koffi,4388.0,Goalkeeper,43,Burkina Faso,4921,['3a19d875-0716-4863-bd69-255400051b25'],28,,,,,,,,,,,,,,,,,,,Burkina Faso,4921,00:30:28.913,Pass,
,,,,,,,,,,,,,,,,,1.380033,,,,,,,,,,,,,04108572-ebe4-4db0-82bf-9570a03b6efe,925,,"[77.2, 2.6]",3920402,30,,,,True,0.17103963,,,,,"[88.2, 4.5]",,High Pass,,11.162885,,Incomplete,,Mohamed Konaté,43920.0,,,,,,1,From Goal Kick,Abdoul Fessal Tapsoba,43705.0,Left Wing,43,Burkina Faso,4921,"['05a91749-b245-4b3c-809d-1c75d850b19e', 'eb12670a-9e98-4d80-a190-7bb7ab5c0a0a', '36b6f407-90ec-451b-902f-33f12ba20d94']",32,,,,,,,,,,,,,,,,,,,Burkina Faso,4921,00:30:32.689,Pass,True
,,,,,,,,,,,,,,,,,1.800642,,,,,,,,,,,,,05a91749-b245-4b3c-809d-1c75d850b19e,928,,"[31.9, 75.6]",3920402,30,,,,,-0.21501487,,Head,,,"[40.6, 73.7]",,High Pass,,8.905055,,,,Nabil Bentaleb,8520.0,,,,,Recovery,1,From Counter,Aïssa Mandi,6648.0,Right Center Back,44,Algeria,4898,"['04108572-ebe4-4db0-82bf-9570a03b6efe', '9686e5a9-6365-4a6f-b048-f069d2c24de3']",34,,,,,,,,,,,,,,,,,,,Algeria,4898,00:30:34.069,Pass,
,,,,,,,,,,,,,,,,,0.126729,,,,,,,,,,,,,f944e8d1-000d-4f64-9831-1c79f0648a29,931,,"[40.8, 74.0]",3920402,30,,,,True,-0.08550529,,,,,"[44.3, 73.7]",,Low Pass,,3.5128336,,,,Riyad Mahrez,3814.0,,,,,,1,From Counter,Nabil Bentaleb,8520.0,Right Defensive Midfield,44,Algeria,4898,"['0f702373-55b6-4e29-a2e3-e73496e9b083', 'b0b71f9c-b356-4168-baaf-aac036ec9b87']",36,,,,,,,,,,,,,,,,,,,Algeria,4898,00:30:36.196,Pass,True
,,,,,,,,,,,,,,,,,0.847226,,,,,,,,,,,,,72636f38-a572-43c0-850b-f15ea5dad10e,934,,"[44.9, 73.5]",3920402,30,,,,,-0.9224643,,Left Foot,,,"[52.4, 63.6]",,Low Pass,,12.420145,,,,Baghdad Bounedjah,103465.0,,,,,,1,From Counter,Riyad Mahrez,3814.0,Right Wing,44,Algeria,4898,['092ca0dd-e227-4ff8-ba33-e03f27a02b8e'],36,,,,,,,,,,,,,,,,,,,Algeria,4898,00:30:36.530,Pass,
,,,,,,,,,,,,,,,,,2.297712,,,,,,,,,,,,,87f92b76-21ab-4b3a-896a-dc8c899cbd13,938,,"[51.8, 64.0]",3920402,30,,,,,0.42045248,,Right Foot,,,"[72.6, 73.3]",,Low Pass,,22.784424,,Incomplete,,Sofiane Feghouli,18724.0,,,,,,1,From Counter,Baghdad Bounedjah,103465.0,Center Forward,44,Algeria,4898,"['8a815cb7-67dd-4bad-b47b-365f85e64a52', '67870655-fea7-45c9-934e-45aef04d2329']",38,,,,,,,,,,,,,,,,,,,Algeria,4898,00:30:38.074,Pass,
,,,,,,,,,,,,,,,,,2.14447,,,,,,,,,,,,,04132d3f-66f3-44a5-9ae7-8f9c1cafe422,943,,"[34.7, 4.3]",3920402,30,,,,,1.8440412,,Right Foot,,,"[30.3, 20.0]",,Ground Pass,,16.304907,,,,Issoufou Dayo,102800.0,,,,,,1,Regular Play,Edmond Fayçal Tapsoba,30606.0,Left Center Back,45,Burkina Faso,4921,"['674953e2-018e-4d18-a894-d2b2eb36733f', '34baa5d1-0e94-4851-8fc4-f3ee320f38ba']",42,,,,,,,,,,,,,,,,,,,Burkina Faso,4921,00:30:42.423,Pass,True
,,,,,,,,,,,,,,,,,1.6,,,,,,,,,,,,,fdd499c4-63d8-424d-b9fa-0a5e5aa6e6ca,946,,"[30.8, 20.5]",3920402,30,,,,,1.2573444,,Left Foot,,,"[35.5, 35.0]",,Ground Pass,,15.242703,,,,Adamo Nagalo,99280.0,,,,,,1,Regular Play,Issoufou Dayo,102800.0,Right Center Back,45,Burkina Faso,4921,['ea6be0cd-28e1-483a-8332-17051c5ee7b5'],45,,,,,,,,,,,,,,,,,,,Burkina Faso,4921,00:30:45.199,Pass,
,,,,,,,,,,,,,,,,,1.419162,,,,,,,,,,,,,14d0a927-4539-4a03-a443-c30ab7e8e972,949,,"[46.5, 41.3]",3920402,30,,,,,0.8249256,,Right Foot,,,"[55.0, 50.5]",,Ground Pass,,12.525574,,,,Adama Guira,24411.0,,,,,,1,Regular Play,Adamo Nagalo,99280.0,Right Back,45,Burkina Faso,4921,['883bc765-fe33-4b4d-86ed-1ac162f2bf2a'],54,,,,,,,,,,,,,,,,,,,Burkina Faso,4921,00:30:54.308,Pass,
,,,,,,,,,,,,,,,,,1.244535,,,,,,,,,,,,,7b6fb8e6-4291-4d51-9f28-cebc6e45f187,952,,"[54.5, 34.2]",3920402,31,,,,,1.7823086,,Right Foot,,,"[51.0, 50.5]",,Ground Pass,,16.671532,,,,Adamo Nagalo,99280.0,,,,,,1,Regular Play,Adama Guira,24411.0,Right Defensive Midfield,45,Burkina Faso,4921,['b429a679-f875-4ac0-84b7-539db46152b5'],4,,,,,,,,,,,,,,,,,,,Burkina Faso,4921,00:31:04.263,Pass,
,,,,,,,,,,,,,,,,,2.126465,,,,,,,,,,,,,8e78471f-866b-400f-8b27-3e4c15422021,955,,"[54.1, 51.0]",3920402,31,,,,,-1.8670747,,Right Foot,,,"[48.3, 32.0]",,Ground Pass,,19.865547,,,,Issoufou Dayo,102800.0,,,,,,1,Regular Play,Adamo Nagalo,99280.0,Right Back,45,Burkina Faso,4921,['eba8290f-5ccd-4a41-bee0-7155118e2ae6'],9,,,,,,,,,,,,,,,,,,,Burkina Faso,4921,00:31:09.782,Pass,
,,,,,,,,,,,,,,,,,1.599999,,,,,,,,,,,,,05e9807d-e350-46c3-9327-aeee3e9e0a41,958,,"[50.8, 31.8]",3920402,31,,,,,-1.0787011,,Right Foot,,,"[56.0, 22.1]",,Ground Pass,,11.005907,,,,Edmond Fayçal Tapsoba,30606.0,,,,,,1,Regular Play,Issoufou Dayo,102800.0,Right Center Back,45,Burkina Faso,4921,['bab3c757-8423-4c1e-93be-c0be6a38f5f2'],12,,,,,,,,,,,,,,,,,,,Burkina Faso,4921,00:31:12.709,Pass,
,,,,,,,,,,,,,,,,,2.622096,,,,,,,,,,,,,de87a011-2fcb-4cd4-b5fa-033d573c2d84,961,,"[55.8, 27.8]",3920402,31,,,,,1.4564327,,Right Foot,,,"[59.2, 57.4]",,Ground Pass,,29.79463,,,,Adamo Nagalo,99280.0,,,,,,1,Regular Play,Edmond Fayçal Tapsoba,30606.0,Left Center Back,45,Burkina Faso,4921,['6a46c6f2-3794-49ad-aa6a-8b0f339a9210'],19,,,,,,,,,,,,,,,,,,,Burkina Faso,4921,00:31:19.847,Pass,
,,,,,,,,,,,,,,,,,0.103424,,,,,,,,,,,,,8a1a4691-f8a7-4d69-bc36-0a865e28ccb0,964,,"[61.1, 58.6]",3920402,31,,,,,-0.9907935,,Right Foot,,,"[63.0, 55.7]",,Low Pass,,3.4669871,,Incomplete,,Abdoul Fessal Tapsoba,43705.0,,,,,,1,Regular Play,Adamo Nagalo,99280.0,Right Back,45,Burkina Faso,4921,"['8a4ad794-7862-45f2-b86e-295f9fca5443', 'ebe5091d-2788-4c76-8efc-99c2a336827f']",23,,,,,,,,,,,,,,,,,,,Burkina Faso,4921,00:31:23.974,Pass,
,,,,,,,,,,,,,,,,,2.370488,,,,,,,,,,,,,583a709d-6dd2-464d-855e-0ddad67c4300,976,,"[82.2, 45.6]",3920402,32,,,,,-0.59132046,,Right Foot,,,"[116.9, 22.3]",,High Pass,,41.79689,,,,Issoufou Dayo,102800.0,,,,,Free Kick,1,From Free Kick,Issa Kabore,35471.0,Right Wing,46,Burkina Faso,4921,['0e1b8603-5bc9-446d-89c7-5dd223783bb9'],25,,,,,,,,,,,,,,,,,,,Burkina Faso,4921,00:32:25.027,Pass,
,,,,,,,,,,,,,,,,,1.814906,,,,,,,,,,,,,5a23b961-6ed1-4e13-a04a-1689bab4f852,979,,"[116.7, 21.9]",3920402,32,,,,True,2.0567243,,,True,,"[109.2, 36.1]",,High Pass,,16.058954,,Incomplete,,Abdoul Fessal Tapsoba,43705.0,,,,,,1,From Free Kick,Issoufou Dayo,102800.0,Right Center Back,46,Burkina Faso,4921,"['e0459a73-48e3-4a59-88ac-dee905380f00', '8b76da68-b218-49da-bd55-85f78395184a', '78e746e2-1beb-4713-b148-d33870afaf1e']",27,,,,,,,,,,,,,,,,,,,Burkina Faso,4921,00:32:27.398,Pass,True
,,,,,,,,,,,,,,,,,5.960444,,,,,,,,,,,,,6d53f591-6e62-46e3-a78c-bfa7081f6d85,982,,"[79.7, 21.7]",3920402,32,,,,,1.3241843,,Right Foot,,,"[94.2, 79.3]",,High Pass,,59.397053,,Out,,,,,True,,,Recovery,1,From Free Kick,Ibrahim Blati Touré,23999.0,Left Defensive Midfield,46,Burkina Faso,4921,,32,,,,,,,,,,,,,,,,,,,Burkina Faso,4921,00:32:32.685,Pass,
,,,,,,,,,,,,,,,,,0.701987,,,,,,,,,,,,,5c231882-2022-47ad-af14-af5b1ee96090,983,,"[33.4, 0.1]",3920402,32,,,,,0.40187064,,,,,"[41.4, 3.5]",,Low Pass,,8.692526,,,,Mohamed Youcef Belaïli,103464.0,,,,,Throw-in,1,From Throw In,Rayan Aït Nouri,12111.0,Left Back,47,Algeria,4898,['e67008d4-3090-44ef-b021-894c484f74d4'],56,,,,,,,,,,,,,,,,,,,Algeria,4898,00:32:56.812,Pass,
,,,,,,,,,,,,,,,,,2.19806,,,,,,,,,,,,,8bd559a3-6e53-42b9-9c0b-6b69ef235262,986,,"[41.1, 4.2]",3920402,32,,,,,1.5581787,,Right Foot,,,"[41.5, 35.9]",,Low Pass,,31.702524,,,,Sofiane Feghouli,18724.0,,,,,,1,From Throw In,Mohamed Youcef Belaïli,103464.0,Left Wing,47,Algeria,4898,"['bc136c9f-3eb5-41cc-ab0a-8bbd7184ad50', '120cf85f-6c72-4514-b8ba-9112d1976a49']",57,,,,,,,,,,,,,,,,,,,Algeria,4898,00:32:57.514,Pass,True
,,,,,,,,,,,,,,,,,1.667088,,,,,,,,,,,,,ab2ae6ba-b0c8-466a-95f6-c160ef93adda,990,,"[41.5, 36.4]",3920402,32,,,,,2.1576085,,Right Foot,,,"[28.6, 55.8]",,Ground Pass,,23.297424,,,,Youcef Atal,10040.0,,,,,,1,From Throw In,Sofiane Feghouli,18724.0,Center Attacking Midfield,47,Algeria,4898,"['a6024af4-f80e-4f13-af84-972728011250', 'c501c83a-8093-4b98-9eb8-81ac0fe2fe67']",59,,,,,,,,,,,,,,,,,,,Algeria,4898,00:32:59.795,Pass,True
,,,,,,,,,,,,,,,,,1.449383,,,,,,,,,,,,,a8d366b8-af88-4371-86dd-60f9670a1bef,993,,"[33.0, 59.6]",3920402,33,,,,,0.87090343,,Right Foot,,,"[45.8, 74.8]",,Ground Pass,,19.871588,,,,Riyad Mahrez,3814.0,,,,,,1,From Throw In,Youcef Atal,10040.0,Right Back,47,Algeria,4898,['ea3d1d72-faa3-49b3-951b-ccb3fe256e0e'],2,,,,,,,,,,,,,,,,,,,Algeria,4898,00:33:02.676,Pass,
,,,,,,,,,,,,,,,,,0.7075,,,,,,,,,,,,,49d372ab-2370-4bdd-b7d5-3761121791cf,997,,"[41.9, 75.8]",3920402,33,,,,,-2.55359,,Left Foot,,,"[33.8, 70.4]",,Ground Pass,,9.734988,,,,Youcef Atal,10040.0,,,,,,1,From Throw In,Riyad Mahrez,3814.0,Right Wing,47,Algeria,4898,"['cc239e76-b8ba-44cf-8141-796a6d4c47ba', '4d94661a-cd19-4541-bbfa-a274f4f1a06a']",4,,,,,,,,,,,,,,,,,,,Algeria,4898,00:33:04.598,Pass,True
,,,,,,,,,,,,,,,,,2.399999,,,,,,,,,,,,,fb152457-58e4-40a6-a24d-9440a0c5bc64,1000,,"[33.2, 70.9]",3920402,33,,,,,-1.5566463,,Right Foot,,,"[33.8, 28.5]",,Ground Pass,,42.404243,,,,Ramy Bensebaini,3191.0,,True,,,,1,From Throw In,Youcef Atal,10040.0,Right Back,47,Algeria,4898,['711b6852-8161-4fe8-b57e-24e363351a55'],7,,,,,,,,,,,,,,,,,,,Algeria,4898,00:33:07.706,Pass,
,,,,,,,,,,,,,,,,,1.039451,,,,,,,,,,,,,8e4438f7-2101-44c1-ae1e-a2680a100922,1004,,"[60.9, 14.9]",3920402,33,,,,,-1.0327522,,Left Foot,,,"[68.3, 2.5]",,Ground Pass,,14.440222,,,,Rayan Aït Nouri,12111.0,,,,,,1,From Throw In,Ramy Bensebaini,3191.0,Left Center Back,47,Algeria,4898,"['156a1e72-eeba-4247-bf0d-89e00f1f8d85', 'c12290cb-f4a5-449a-8399-ac12f8e60335']",16,,,,,,,,,,,,,,,,,,,Algeria,4898,00:33:16.797,Pass,True
,,,,,,,,,,,,,,,,,0.842377,,,,,,,,,,,,,bf09da60-5711-4638-8800-3d45c5ef6516,1007,,"[68.1, 2.7]",3920402,33,,,,,1.2608099,,Left Foot,,,"[72.2, 15.5]",,Ground Pass,,13.44061,,,,Ramiz Larbi Zerrouki,38345.0,,,,,,1,From Throw In,Rayan Aït Nouri,12111.0,Left Back,47,Algeria,4898,['e1784eb0-f3a8-4116-a36c-46817d3aebcc'],18,,,,,,,,,,,,,,,,,,,Algeria,4898,00:33:18.996,Pass,
,,,,,,,,,,,,,,,,,0.831041,,,,,,,,,,,,,b4094250-a22f-40b6-8938-7316268bb3ab,1011,,"[73.2, 15.1]",3920402,33,,,,,-0.17559217,,Left Foot,,,"[79.4, 14.0]",,Ground Pass,,6.2968245,,,,Mohamed Youcef Belaïli,103464.0,,,,,,1,From Throw In,Ramiz Larbi Zerrouki,38345.0,Left Defensive Midfield,47,Algeria,4898,"['dab9445e-7137-470f-bfb1-f5b694325633', '243f8e87-29eb-40dc-9494-c572093c5128']",20,,,,,,,,,,,,,,,,,,,Algeria,4898,00:33:20.324,Pass,True
,,,,,,,,,,,,,,,,,0.670754,,,,,,,,,,,,,90b0f647-ad7d-47c6-89cd-d99a6d5f0280,1015,,"[79.8, 14.4]",3920402,33,,,,,-1.6278771,,Left Foot,,,"[79.2, 3.9]",,Ground Pass,,10.517129,,,,Ramiz Larbi Zerrouki,38345.0,,,,,,1,From Throw In,Mohamed Youcef Belaïli,103464.0,Left Wing,47,Algeria,4898,"['d666df40-b2b4-4f23-94d4-5a2e339f4914', '52542cb2-8d3c-4e6d-8479-df7f26b1c848']",21,,,,,,,,,,,,,,,,,,,Algeria,4898,00:33:21.996,Pass,True
,,,,,,,,,,,,,,,,,1.032668,,,,,,,,,,,,,5b19aa84-6df7-4f9f-a84f-0209773fdc26,1017,,"[79.2, 3.9]",3920402,33,,,,,0.93485445,,Left Foot,,,"[90.2, 18.8]",,Ground Pass,,18.520529,,,,Rayan Aït Nouri,12111.0,,,,,,1,From Throw In,Ramiz Larbi Zerrouki,38345.0,Left Defensive Midfield,47,Algeria,4898,['d1e19583-b452-450d-8f67-0a0d63a78ed0'],22,,,,,,,,,,,,,,,,,,,Algeria,4898,00:33:22.667,Pass,
,,,,,,,,,,,,,,,,,0.779697,,,,,,,,,,,,,6b5c53c4-59f5-434c-b75b-ac453a326d2e,1021,,"[89.3, 24.7]",3920402,33,,,,,1.1930296,,Right Foot,,,"[91.8, 31.0]",,Ground Pass,,6.7779055,,,,Baghdad Bounedjah,103465.0,,,,,,1,From Throw In,Rayan Aït Nouri,12111.0,Left Back,47,Algeria,4898,"['0fd07c73-7815-4fff-bba3-1cf031444d36', '2a52179d-3329-4f5c-9dbf-945369d9698d']",24,,,,,,,,,,,,,,,,,,,Algeria,4898,00:33:24.414,Pass,True
,,,,,,,,,,,,,,,,,2.086835,,,,,,,,,,,,,d975afec-ee08-4237-994f-bd7c2a44d5d3,1023,,"[91.8, 31.0]",3920402,33,,,,,-0.53710824,,Left Foot,,,"[109.6, 20.4]",,Low Pass,,20.717142,,Incomplete,,Rayan Aït Nouri,12111.0,,,,,,1,From Throw In,Baghdad Bounedjah,103465.0,Center Forward,47,Algeria,4898,"['c5181c40-b9b6-48ef-8389-28b10c6c651f', '9df0d7ac-b9ba-4e4c-9fa1-4759d68fc248']",25,,,,,,,,,,,,,,,,,,,Algeria,4898,00:33:25.194,Pass,
,,,,,,,,,,,,,,,,,3.630599,,,,,,,,,,,,,e72212d4-e1ba-4c76-a6cd-ee9bbcb1a514,1033,,"[8.3, 74.2]",3920402,35,,,,,-0.3932794,,Right Foot,,,"[83.5, 43.0]",,High Pass,,81.415474,,Incomplete,,Mohamed Konaté,43920.0,,,,,Free Kick,1,From Free Kick,Kouakou Herve Koffi,4388.0,Goalkeeper,48,Burkina Faso,4921,"['7369c57d-9dc3-499a-977d-9cbdd339bfd2', '93a00f0b-a6f2-4ef1-ad09-4a74c2495aaf']",41,,,,,,,,,,,,,,,,,,,Burkina Faso,4921,00:35:41.683,Pass,
,,,,,,,,,,,,,,,,,1.548262,,,,,,,,,,,,,cb62340e-7179-4694-9d9f-b4269e31ea39,1040,,"[28.0, 9.7]",3920402,36,,,,,0.92891335,,Left Foot,,,"[35.4, 19.6]",,Ground Pass,,12.360016,,,,Nabil Bentaleb,8520.0,,,,,Free Kick,1,From Free Kick,Ramy Bensebaini,3191.0,Left Center Back,49,Algeria,4898,['127e3bf8-227f-4dcd-a5cc-f782dafcbc8f'],7,,,,,,,,,,,,,,,,,,,Algeria,4898,00:36:07.369,Pass,
,,,,,,,,,,,,,,,,,2.509711,,,,,,,,,,,,,270d2d4d-097e-489d-ba37-ba903b8df608,1043,,"[35.0, 21.3]",3920402,36,,,,,2.6914806,,Left Foot,,,"[11.2, 32.8]",,Ground Pass,,26.432745,,,,Anthony Louis Mandréa,41381.0,,,,,,1,From Free Kick,Nabil Bentaleb,8520.0,Right Defensive Midfield,49,Algeria,4898,['891d35c8-9768-4034-a490-7af2d259279b'],9,,,,,,,,,,,,,,,,,,,Algeria,4898,00:36:09.232,Pass,
,,,,,,,,,,,,,,,,,2.0,,,,,,,,,,,,,6272f2c1-1e51-48f2-9e35-5511f529330f,1045,,"[11.5, 35.3]",3920402,36,,,,,1.0067126,,Right Foot,,,"[20.8, 50.0]",,Ground Pass,,17.394827,,,,Aïssa Mandi,6648.0,,,,,,1,From Free Kick,Anthony Louis Mandréa,41381.0,Goalkeeper,49,Algeria,4898,['f3107128-c396-44b4-b536-2ed37d48f4a8'],11,,,,,,,,,,,,,,,,,,,Algeria,4898,00:36:11.742,Pass,
,,,,,,,,,,,,,,,,,2.781611,,,,,,,,,,,,,c5b3de8c-503a-4f9f-9656-975638e63737,1048,,"[37.7, 68.0]",3920402,36,,,,,0.328053,,Right Foot,,,"[66.2, 77.7]",,Ground Pass,,30.105482,,,,Youcef Atal,10040.0,,,,,,1,From Free Kick,Aïssa Mandi,6648.0,Right Center Back,49,Algeria,4898,['ba2f776c-6853-4e6e-ab00-e51ec36de786'],17,,,,,,,,,,,,,,,,,,,Algeria,4898,00:36:17.955,Pass,
,,,,,,,,,,,,,,,,,2.289712,,,,,,,,,,,,,ea11c1c9-895b-4870-b1bb-606251398e1d,1052,,"[66.0, 78.5]",3920402,36,,,,,-2.304389,,Right Foot,,,"[46.8, 57.2]",,Ground Pass,,28.676296,,,,Aïssa Mandi,6648.0,,,,,,1,From Free Kick,Youcef Atal,10040.0,Right Back,49,Algeria,4898,"['f0d7db08-0c92-4585-b38a-75b7b8fff207', '145462c0-3e87-4f0d-aa3a-558858f37478']",23,,,,,,,,,,,,,,,,,,,Algeria,4898,00:36:23.297,Pass,True
,,,,,,,,,,,,,,,,,1.870555,,,,,,,,,,,,,e27791ae-f3fd-4065-a10a-8a8a808bddfc,1055,,"[47.0, 57.6]",3920402,36,,,,,-1.0576535,,Right Foot,,,"[61.2, 32.4]",,Ground Pass,,28.92542,,,,Nabil Bentaleb,8520.0,,,,,,1,From Free Kick,Aïssa Mandi,6648.0,Right Center Back,49,Algeria,4898,['5b1bac62-6aca-4289-b5e0-373e0b622fcf'],25,,,,,,,,,,,,,,,,,,,Algeria,4898,00:36:25.963,Pass,
,,,,,,,,,,,,,,,,,1.198274,,,,,,,,,,,,,ee5c5cb2-bbc1-4cc4-963e-85a2b36a9593,1059,,"[61.6, 33.1]",3920402,36,,,,,1.4994888,,Left Foot,,,"[62.7, 48.5]",,Ground Pass,,15.439236,,,,Riyad Mahrez,3814.0,,,,,,1,From Free Kick,Nabil Bentaleb,8520.0,Right Defensive Midfield,49,Algeria,4898,['de234273-52c3-4e4d-9964-d99ad3010ca1'],31,,,,,,,,,,,,,,,,,,,Algeria,4898,00:36:31.698,Pass,
,,,,,,,,,,,,,,,,,1.007517,,,,,,,,,,,,,d34e4e30-2d91-494f-911e-c9081633641e,1063,,"[61.7, 49.7]",3920402,36,,,,,3.0273383,,Left Foot,,,"[55.6, 50.4]",,Ground Pass,,6.140033,,,,Aïssa Mandi,6648.0,,,,,,1,From Free Kick,Riyad Mahrez,3814.0,Right Wing,49,Algeria,4898,"['2ad15c00-50eb-4b17-99aa-3f5023a310c1', 'fa269982-e35d-4509-88e0-5e9a16f50f99']",34,,,,,,,,,,,,,,,,,,,Algeria,4898,00:36:34.100,Pass,True
,,,,,,,,,,,,,,,,,2.458254,,,,,,,,,,,,,34d37a7f-eb24-4e0d-b605-94ce6f5afa39,1066,,"[54.9, 51.2]",3920402,36,,,,,0.9036957,,Right Foot,,,"[76.4, 78.5]",,Ground Pass,,34.749676,,,,Youcef Atal,10040.0,,,,,,1,From Free Kick,Aïssa Mandi,6648.0,Right Center Back,49,Algeria,4898,['4aa0bd12-4ddb-4d00-850b-c59edee9a8d5'],35,,,,,,,,,,,,,,,,,,,Algeria,4898,00:36:35.152,Pass,
,,,,,,,,,,,,,,,,,1.640015,,,,,,,,,,,,,d760cd5a-c6da-49c5-8969-56d2849817fb,1069,,"[82.8, 78.5]",3920402,36,,,,,-0.47089386,,Right Foot,,,"[99.3, 70.1]",,Ground Pass,,18.51513,,,,Baghdad Bounedjah,103465.0,,,,,,1,From Free Kick,Youcef Atal,10040.0,Right Back,49,Algeria,4898,['8f21f705-c2aa-45f5-83e1-88b53e1a5319'],38,,,,,,,,,,,,,,,,,,,Algeria,4898,00:36:38.850,Pass,
,,,,,,,,,,,,,,,,,0.822443,,,,,,,,,,,,,ed2e3ba1-d72f-4b14-9a06-e8d49682dfa4,1074,,"[21.4, 8.5]",3920402,36,,True,,,0.10451291,,Right Foot,,,"[35.7, 10.0]",,Ground Pass,,14.378456,,,,Ibrahim Blati Touré,23999.0,,,,,Free Kick,1,From Free Kick,Abdoul Fessal Tapsoba,43705.0,Left Wing,50,Burkina Faso,4921,['a8daf398-5214-475d-8567-8360a29d9b31'],46,,,,,,,,,,,,,,,,,,,Burkina Faso,4921,00:36:46.074,Pass,
,,,,,,,,,,,,,,,,,2.028326,,,,,,,,,,,,,e2c35c9f-21ea-42dd-84c6-01ba760a49bc,1076,,"[62.0, 12.1]",3920402,36,,,,,-0.5197218,,Right Foot,,,"[80.7, 1.4]",,Ground Pass,,21.544836,,,,Abdoul Fessal Tapsoba,43705.0,,,,,,1,From Free Kick,Ibrahim Blati Touré,23999.0,Left Defensive Midfield,50,Burkina Faso,4921,['57cb8b09-9c28-45d0-a7b2-3e08b1f3e104'],50,,,,,,,,,,,,,,,,,,,Burkina Faso,4921,00:36:50.289,Pass,
,,,,,,,,,,,,,,,,,0.879214,,,,,,,,,,,,,c48b9f37-fb0a-4a6d-8f57-3407d6ea57cd,1079,,"[86.7, 2.2]",3920402,36,,,,,2.896614,,Right Foot,,,"[80.7, 3.7]",,Ground Pass,,6.1846585,,,,Ibrahim Blati Touré,23999.0,,,,,,1,From Free Kick,Abdoul Fessal Tapsoba,43705.0,Left Wing,50,Burkina Faso,4921,['ea3effb6-8898-4d5c-8bbd-5471e6490bb4'],54,,,,,,,,,,,,,,,,,,,Burkina Faso,4921,00:36:54.795,Pass,
,,,,,,,,,,,,,,,,,1.38491,,,,,,,,,,,,,4038eaeb-7e50-49c0-822b-bf58e982f156,1086,,"[69.8, 22.7]",3920402,37,,,,,1.9890207,,Right Foot,,,"[63.4, 37.1]",,Ground Pass,,15.758172,,,,Gustavo Fabrice Sangaré,45466.0,,,,,,1,From Free Kick,Ibrahim Blati Touré,23999.0,Left Defensive Midfield,50,Burkina Faso,4921,['b4c65b4d-abe2-4d9a-a172-59d8c940bf3c'],2,,,,,,,,,,,,,,,,,,,Burkina Faso,4921,00:37:02.156,Pass,
,,,,,,,,,,,,,,,,,1.456469,,,,,,,,,,,,,e69a09ec-e837-4e3b-9e31-72300088507b,1089,,"[63.4, 40.7]",3920402,37,,,,,2.0005586,,Left Foot,,,"[56.8, 55.1]",,Ground Pass,,15.840454,,,,Adamo Nagalo,99280.0,,,,,,1,From Free Kick,Gustavo Fabrice Sangaré,45466.0,Center Attacking Midfield,50,Burkina Faso,4921,['ce6fb9c9-e820-4278-bba3-81fa28c7111f'],5,,,,,,,,,,,,,,,,,,,Burkina Faso,4921,00:37:05.140,Pass,
,,,,,,,,,,,,,,,,,2.107706,,,,,,,,,,,,,a20dbf9d-4379-4076-ac94-9f1b77a93b65,1092,,"[56.4, 54.9]",3920402,37,,,,,-2.238261,,Right Foot,,,"[47.1, 43.1]",,Ground Pass,,15.024314,,,,Issoufou Dayo,102800.0,,,,,,1,From Free Kick,Adamo Nagalo,99280.0,Right Back,50,Burkina Faso,4921,['c6963e6e-759a-4df9-8cf9-b89e8d1a1fdf'],9,,,,,,,,,,,,,,,,,,,Burkina Faso,4921,00:37:09.784,Pass,
,,,,,,,,,,,,,,,,,1.261727,,,,,,,,,,,,,7814d895-3c80-41a9-b2a6-caa6c66ae079,1095,,"[47.9, 42.3]",3920402,37,,,,,0.0,,Right Foot,,,"[61.3, 42.3]",,Ground Pass,,13.4,,,,Ibrahim Blati Touré,23999.0,,,,,,1,From Free Kick,Issoufou Dayo,102800.0,Right Center Back,50,Burkina Faso,4921,['96f97476-76dd-4891-b729-95a6b761dba7'],13,,,,,,,,,,,,,,,,,,,Burkina Faso,4921,00:37:13.092,Pass,
,,,,,,,,,,,,,,,,,1.228976,,,,,,,,,,,,,711b2ec7-6abc-4999-acd7-bba0059ab1f3,1098,,"[55.7, 45.8]",3920402,37,,,,,1.2442149,,Right Foot,,,"[57.8, 52.0]",,Ground Pass,,6.545991,,,,Gustavo Fabrice Sangaré,45466.0,,,,,,1,From Free Kick,Ibrahim Blati Touré,23999.0,Left Defensive Midfield,50,Burkina Faso,4921,['25962da8-8bc4-44be-8239-67051e5430ae'],17,,,,,,,,,,,,,,,,,,,Burkina Faso,4921,00:37:17.154,Pass,
,,,,,,,,,,,,,,,,,1.657235,,,,,,,,,,,,,972ef22b-4acf-451e-9c26-ac1373c0b162,1102,,"[53.7, 45.2]",3920402,37,,,,,-1.8382524,,Left Foot,,,"[46.0, 17.1]",,Ground Pass,,29.13589,,,,Edmond Fayçal Tapsoba,30606.0,,,,,,1,From Free Kick,Gustavo Fabrice Sangaré,45466.0,Center Attacking Midfield,50,Burkina Faso,4921,['f2b2b533-06d0-4f07-8460-8b2628991532'],19,,,,,,,,,,,,,,,,,,,Burkina Faso,4921,00:37:19.630,Pass,
,,,,,,,,,,,,,,,,,1.097091,,,,,,,,,,,,,e86d7949-1558-429b-8416-80abacb07d5c,1106,,"[45.2, 16.7]",3920402,37,,,,,0.87926906,,Right Foot,,,"[63.0, 38.2]",,Ground Pass,,27.912184,,,,Ibrahim Blati Touré,23999.0,,,,,,1,From Free Kick,Edmond Fayçal Tapsoba,30606.0,Left Center Back,50,Burkina Faso,4921,"['149f676c-04b2-4bfb-8e76-0263ecfe3e99', '1f987b3a-df5b-4003-8e06-af93b16235a1']",21,,,,,,,,,,,,,,,,,,,Burkina Faso,4921,00:37:21.984,Pass,True
,,,,,,,,,,,,,,,,,0.818991,,,,,,,,,,,,,7fb0ae85-2310-4756-afea-f0a21ca7d75f,1110,,"[58.2, 33.2]",3920402,37,,,,,1.856351,,Right Foot,,,"[55.0, 44.1]",,Ground Pass,,11.360018,,,,Gustavo Fabrice Sangaré,45466.0,,,,,,1,From Free Kick,Ibrahim Blati Touré,23999.0,Left Defensive Midfield,50,Burkina Faso,4921,"['b5237b54-13b1-4d02-824c-1771bf4cf2d4', 'df7d5657-c384-4c99-87dc-cda1294406bf']",24,,,,,,,,,,,,,,,,,,,Burkina Faso,4921,00:37:24.315,Pass,True
,,,,,,,,,,,,,,,,,2.033757,,,,,,,,,,,,,2468d23c-8e1a-4529-9b83-9b50e43e51ff,1113,,"[55.0, 45.0]",3920402,37,,,,,1.149764,,Left Foot,,,"[68.3, 74.7]",,Ground Pass,,32.541973,,,,Issa Kabore,35471.0,,,,,,1,From Free Kick,Gustavo Fabrice Sangaré,45466.0,Center Attacking Midfield,50,Burkina Faso,4921,['91020494-dd32-4aee-8680-681b03088879'],25,,,,,,,,,,,,,,,,,,,Burkina Faso,4921,00:37:25.839,Pass,
,,,,,,,,,,,,,,,,,0.993912,,,,,,,,,,,,,9f6a37cf-ee17-42be-99d1-06d6d9e8b008,1116,,"[71.2, 76.4]",3920402,37,,,,,-1.5435922,,Right Foot,,,"[71.6, 61.7]",,Ground Pass,,14.705441,,,,Gustavo Fabrice Sangaré,45466.0,,,,,,1,From Free Kick,Issa Kabore,35471.0,Right Wing,50,Burkina Faso,4921,['34e62065-5270-4d86-8234-cb8a20df4aad'],28,,,,,,,,,,,,,,,,,,,Burkina Faso,4921,00:37:28.761,Pass,
,,,,,,,,,,,,,,,,,0.684546,,,,,,,,,,,,,98dff63e-cb71-44a2-96a4-0fa08859629e,1124,,"[62.3, 80.0]",3920402,38,,True,,,-1.9250557,,,,,"[59.6, 72.7]",,Low Pass,,7.7833157,,,,Ibrahim Blati Touré,23999.0,,,,,Throw-in,1,From Throw In,Issa Kabore,35471.0,Right Wing,51,Burkina Faso,4921,['7f554750-0b94-4d4e-a3b7-4948ecd9e8e9'],13,,,,,,,,,,,,,,,,,,,Burkina Faso,4921,00:38:13.878,Pass,
,,,,,,,,,,,,,,,,,0.712307,,,,,,,,,,,,,105c0aee-e388-4e33-8544-95be336a4f30,1126,,"[59.7, 72.4]",3920402,38,,,,,1.2047398,,Left Foot,,,"[62.0, 78.4]",,Low Pass,,6.4257298,,,,Issa Kabore,35471.0,,,,,,1,From Throw In,Ibrahim Blati Touré,23999.0,Left Defensive Midfield,51,Burkina Faso,4921,['0e739144-201c-471b-8cdf-baee6f8fd0b8'],14,,,,,,,,,,,,,,,,,,,Burkina Faso,4921,00:38:14.563,Pass,
,,,,,,,,,,,,,,,,,0.829853,,,,,,,,,,,,,6ba74032-3709-41d1-b602-174bbc3a9e8c,1129,,"[62.0, 78.4]",3920402,38,,,,,-2.5907352,,Left Foot,,,"[55.0, 74.1]",,High Pass,,8.21523,,,,Adamo Nagalo,99280.0,,,,,,1,From Throw In,Issa Kabore,35471.0,Right Wing,51,Burkina Faso,4921,['69e4bdd2-c680-4cfa-93a4-e4ff83594028'],15,,,,,,,,,,,,,,,,,,,Burkina Faso,4921,00:38:15.288,Pass,
,,,,,,,,,,,,,,,,,0.677741,,,,,,,,,,,,,7f0a1d27-fbee-4706-b9bf-5291aeca5071,1131,,"[55.0, 74.1]",3920402,38,,,,,-0.52639234,,Head,,,"[62.4, 69.8]",,Low Pass,,8.558621,,,,Ibrahim Blati Touré,23999.0,,,,,,1,From Throw In,Adamo Nagalo,99280.0,Right Back,51,Burkina Faso,4921,['553557fe-8c99-43ed-95df-b2e0dc102365'],16,,,,,,,,,,,,,,,,,,,Burkina Faso,4921,00:38:16.118,Pass,
,,,,,,,,,,,,,,,,,2.015624,,,,,,,,,,,,,f7893863-310e-4141-a3bd-ac58aea83447,1134,,"[62.4, 69.8]",3920402,38,,,,,-3.006422,,Right Foot,,,"[37.4, 66.4]",,Ground Pass,,25.23014,,,,Issoufou Dayo,102800.0,,,,,,1,From Throw In,Ibrahim Blati Touré,23999.0,Left Defensive Midfield,51,Burkina Faso,4921,['1cc7f99e-d0f4-42d7-bd76-eeb827a7ce8d'],17,,,,,,,,,,,,,,,,,,,Burkina Faso,4921,00:38:17.781,Pass,
,,,,,,,,,,,,,,,,,2.167323,,,,,,,,,,,,,566bd587-7bf8-4320-abee-34199033505d,1137,,"[37.8, 60.7]",3920402,38,,,,,-1.4167241,,Right Foot,,,"[41.9, 34.3]",,Ground Pass,,26.716475,,,,Edmond Fayçal Tapsoba,30606.0,,,,,,1,From Throw In,Issoufou Dayo,102800.0,Right Center Back,51,Burkina Faso,4921,['291b677c-b6d8-4b9f-87d5-5d8f65a6a97c'],20,,,,,,,,,,,,,,,,,,,Burkina Faso,4921,00:38:20.196,Pass,
,,,,,,,,,,,,,,,,,1.913417,,,,,,,,,,,,,66ce5be7-712d-4d68-bfd0-cbe3102d0cfe,1141,,"[76.6, 6.2]",3920402,38,,,,,0.18296984,,Left Foot,,,"[102.0, 10.9]",,Ground Pass,,25.831182,,Pass Offside,,Abdoul Fessal Tapsoba,43705.0,,,,,,1,From Throw In,Edmond Fayçal Tapsoba,30606.0,Left Center Back,51,Burkina Faso,4921,"['6727f68a-4537-43ef-8f9b-03efc95373f5', 'cf596e24-ae3c-4743-a7d2-271f99d27e8b']",33,,,,,,,,,,,,,,,,,,,Burkina Faso,4921,00:38:33.137,Pass,True
,,,,,,,,,,,,,,,,,0.498836,,,,,,,,,,,,,3ba47873-cde0-44d5-9b90-f284bd95fcdd,1143,,"[8.4, 38.4]",3920402,39,,True,,,-1.1610384,,Right Foot,,,"[12.7, 28.5]",,Ground Pass,,10.793516,,,,Ramy Bensebaini,3191.0,,,,,Free Kick,1,From Free Kick,Nabil Bentaleb,8520.0,Right Defensive Midfield,52,Algeria,4898,['51c332ac-b121-46b2-aa10-11ddb9c7a845'],16,,,,,,,,,,,,,,,,,,,Algeria,4898,00:39:16.032,Pass,
,,,,,,,,,,,,,,,,,5.138468,,,,,,,,,,,,,2ae5c967-6352-4ad4-88e3-9c44ecc85b54,1145,,"[14.4, 28.1]",3920402,39,,True,,,-0.11858167,,Left Foot,,,"[116.8, 15.9]",,High Pass,,103.1242,,Incomplete,,Baghdad Bounedjah,103465.0,,,,,,1,From Free Kick,Ramy Bensebaini,3191.0,Left Center Back,52,Algeria,4898,"['e3fc3e7e-400e-4ba0-84fa-ecdba63ab4d6', '4b57c5f4-95cc-4ca4-a3a3-5002c9ae1042']",19,,,,,,,,,,,,,,,,,,,Algeria,4898,00:39:19.134,Pass,
,,,,,,,,,,,,,,,,,2.0,,,,,,,,,,,,,b8f42ff1-f5ae-43ce-8a3b-6f300eff7344,1149,,"[7.2, 53.7]",3920402,39,,,,,-1.0125896,,Right Foot,,,"[21.5, 30.8]",,Ground Pass,,26.998148,,,,Edmond Fayçal Tapsoba,30606.0,,,,,,1,Regular Play,Kouakou Herve Koffi,4388.0,Goalkeeper,53,Burkina Faso,4921,['a0c2904e-0579-4f45-9548-07cfc2be0bf6'],26,,,,,,,,,,,,,,,,,,,Burkina Faso,4921,00:39:26.632,Pass,
,,,,,,,,,,,,,,,,,0.906942,,,,,,,,,,,,,d1aebc18-c9ba-493a-8aa9-1ae404cb6483,1152,,"[55.0, 9.3]",3920402,39,,,,,0.99172205,,Right Foot,,,"[60.1, 17.1]",,Ground Pass,,9.319335,,,,Gustavo Fabrice Sangaré,45466.0,,,,,,1,Regular Play,Edmond Fayçal Tapsoba,30606.0,Left Center Back,53,Burkina Faso,4921,['07f8fdd1-0d2f-493e-934d-155d2c41ba83'],38,,,,,,,,,,,,,,,,,,,Burkina Faso,4921,00:39:38.232,Pass,
,,,,,,,,,,,,,,,,,1.2,,,,,,,,,,,,,77044f52-69b7-4448-962b-79cf2810058f,1154,,"[60.5, 16.3]",3920402,39,,,,,3.0248082,,Left Foot,,,"[42.6, 18.4]",,Ground Pass,,18.022764,,,,Ibrahim Blati Touré,23999.0,,,,,,1,Regular Play,Gustavo Fabrice Sangaré,45466.0,Center Attacking Midfield,53,Burkina Faso,4921,['4b242476-126b-43cf-addc-d533c9d33f7e'],39,,,,,,,,,,,,,,,,,,,Burkina Faso,4921,00:39:39.139,Pass,
,,,,,,,,,,,,,,,,,1.746037,,,,,,,,,,,,,c0301ba6-dad7-4869-b694-ee0110279ff0,1158,,"[36.1, 19.8]",3920402,39,,,,,1.5996345,,Right Foot,,,"[35.5, 40.6]",,Ground Pass,,20.808653,,,,Issoufou Dayo,102800.0,,,,,,1,Regular Play,Ibrahim Blati Touré,23999.0,Left Defensive Midfield,53,Burkina Faso,4921,"['495682b9-076e-4ef6-845c-dad91df08377', '1adf8514-32c3-47a1-b68d-483785803846']",41,,,,,,,,,,,,,,,,,,,Burkina Faso,4921,00:39:41.539,Pass,True
,,,,,,,,,,,,,,,,,3.497894,,,,,,,,,,,,,73a6624f-2281-4075-bbfe-d55db9fa1d28,1161,,"[48.1, 47.0]",3920402,39,,,,,-0.5319821,,Right Foot,,,"[98.9, 17.1]",,High Pass,,58.946163,,Incomplete,,Abdoul Fessal Tapsoba,43705.0,,,,,,1,Regular Play,Issoufou Dayo,102800.0,Right Center Back,53,Burkina Faso,4921,"['b1112795-0af4-43a2-9329-a611eef77616', 'fe5876a8-1a64-4fc0-b772-36dd83988a63']",46,,,,,,,,,,,,,,,,,,,Burkina Faso,4921,00:39:46.134,Pass,
,,,,,,,,,,,,,,,,,1.646377,,,,,,,,,,,,,fe5876a8-1a64-4fc0-b772-36dd83988a63,1163,,"[21.2, 63.0]",3920402,39,,,,,-0.8069002,,Head,,,"[30.3, 53.5]",,High Pass,,13.155227,,,,Nabil Bentaleb,8520.0,,,,,Recovery,1,Regular Play,Youcef Atal,10040.0,Right Back,54,Algeria,4898,"['decca729-19c1-453d-9b62-f3e3307fdc6c', '73a6624f-2281-4075-bbfe-d55db9fa1d28']",49,,,,,,,,,,,,,,,,,,,Algeria,4898,00:39:49.632,Pass,
,,,,,,,,,,,,,,,,,1.431784,,,,,,,,,,,,,e7ac5190-00b7-4df1-a434-14d482543209,1167,,"[26.3, 53.5]",3920402,39,,,,,-1.854371,,Left Foot,,,"[21.2, 36.0]",,Ground Pass,,18.228,,,,Ramy Bensebaini,3191.0,,,,,,1,Regular Play,Nabil Bentaleb,8520.0,Right Defensive Midfield,54,Algeria,4898,"['afe6b50d-9ee8-4512-a9e0-713295f030a3', '57da10d8-d044-4d9d-92b9-27b9a1f092b2']",52,,,,,,,,,,,,,,,,,,,Algeria,4898,00:39:52.315,Pass,True
,,,,,,,,,,,,,,,,,4.509758,,,,,,,,,,,,,970ad63d-0cb7-45d6-9260-545a127a00ee,1171,,"[21.6, 30.0]",3920402,39,,,,,-0.27740824,,Left Foot,,,"[95.7, 8.9]",,High Pass,,77.04557,,Incomplete,,,,,,,,,1,Regular Play,Ramy Bensebaini,3191.0,Left Center Back,54,Algeria,4898,['51c130da-2d29-43b6-a89d-9078d785d7a9'],55,,,,,,,,,,,,,,,,,,,Algeria,4898,00:39:55.386,Pass,
,,,,,,,,,,,,,,,,,1.283152,,,,,,,,,,,,,a6422916-655a-4538-ba13-35598df6db59,1177,,"[85.9, 0.1]",3920402,40,,,,,0.7853982,,,,,"[99.0, 13.2]",,Low Pass,,18.526197,,,,Baghdad Bounedjah,103465.0,,,,,Throw-in,1,From Throw In,Mohamed Youcef Belaïli,103464.0,Left Wing,55,Algeria,4898,['835287b8-b6f1-458c-a2a8-80112c654ec7'],6,,,,,,,,,,,,,,,,,,,Algeria,4898,00:40:06.848,Pass,
,,,,,,,,,,,,,,,,,1.112466,,,,,,,,,,,,,33bc8966-c311-475d-a2af-ab0644065047,1183,,"[23.1, 62.2]",3920402,40,,,,,-0.9729126,,Right Foot,,,"[31.0, 50.6]",,Ground Pass,,14.0346,,,,Ibrahim Blati Touré,23999.0,,,,,,1,Regular Play,Ismahila Ouédraogo,106681.0,Right Defensive Midfield,56,Burkina Faso,4921,['4bca59ad-e159-4829-8236-799ac879886b'],10,,,,,,,,,,,,,,,,,,,Burkina Faso,4921,00:40:10.438,Pass,
,,,,,,,,,,,,,,,,,1.112815,,,,,,,,,,,,,f3ffb14e-5fdb-4808-982d-5da4ff0f4010,1186,,"[75.8, 51.6]",3920402,40,,,,,1.33275,,Right Foot,,,"[79.1, 65.2]",,Ground Pass,,13.994642,,,,Ismahila Ouédraogo,106681.0,,,,,,1,Regular Play,Ibrahim Blati Touré,23999.0,Left Defensive Midfield,56,Burkina Faso,4921,['bc472121-4ff9-4a83-8cb0-2817237a1755'],21,,,,,,,,,,,,,,,,,,,Burkina Faso,4921,00:40:21.683,Pass,
,,,,,,,,,,,,,,,,,1.6,,,,,,,,,,,,,3b4fc469-e82b-4cc4-93e7-4796973bca44,1189,,"[86.3, 68.8]",3920402,40,,,,,0.63438284,,Right Foot,,,"[96.9, 76.6]",,Ground Pass,,13.160547,,,,Issa Kabore,35471.0,,,,,,1,Regular Play,Ismahila Ouédraogo,106681.0,Right Defensive Midfield,56,Burkina Faso,4921,['29fff804-cc5c-42f8-a23a-d5713b62d290'],25,,,,,,,,,,,,,,,,,,,Burkina Faso,4921,00:40:25.502,Pass,
,,,,,,,,,,,,,,,,,0.970965,,,,,,,,,,,,,4be9bb89-3353-443f-9fb1-f81941b19ae5,1192,,"[94.8, 76.6]",3920402,40,,,,,-2.1815224,,Right Foot,,,"[89.9, 69.6]",,Ground Pass,,8.544589,,,,Gustavo Fabrice Sangaré,45466.0,,,,,,1,Regular Play,Issa Kabore,35471.0,Right Wing,56,Burkina Faso,4921,['9e91ee2c-8eb3-4cf4-8ca6-2e1b6444a387'],28,,,,,,,,,,,,,,,,,,,Burkina Faso,4921,00:40:28.124,Pass,
,,,,,,,,,,,,,,,,,0.712162,,,,,,,,,,,,,7687b06c-1e3d-4b00-8d67-94dbc11d2af6,1195,,"[90.3, 69.8]",3920402,40,,,,,1.9357095,,Left Foot,,,"[86.9, 78.7]",,Ground Pass,,9.527329,,,,Issa Kabore,35471.0,,,,,,1,Regular Play,Gustavo Fabrice Sangaré,45466.0,Center Attacking Midfield,56,Burkina Faso,4921,"['bceb3f14-f9cf-459b-85ab-a55073b282aa', '1335cfa2-c78a-4a67-97ba-7c9e2bc4e26e']",29,,,,,,,,,,,,,,,,,,,Burkina Faso,4921,00:40:29.095,Pass,True
,,,,,,,,,,,,,,,,,1.94041,,,,,,,,,,,,,4187da5f-e3d4-4bb2-b806-41abb7965b9a,1198,,"[83.2, 47.5]",3920402,40,,,,,-0.2127584,,Right Foot,,,"[111.9, 41.3]",,Low Pass,,29.362051,,Incomplete,,Mohamed Konaté,43920.0,,,Through Ball,True,,1,Regular Play,Issa Kabore,35471.0,Right Wing,56,Burkina Faso,4921,"['a2799712-81e0-4afc-9d2f-c2dd7568932f', '43a8dbba-5ff8-4801-b838-a7ccf02bc700']",34,,,,,,,,,,,,,,,,,,,Burkina Faso,4921,00:40:34.090,Pass,
,,,,,,,,,,,,,,,,,0.842876,,,,,,,,,,,,,a5af50be-f2dc-4cfc-9992-a5fdb627ecd0,1201,,"[12.9, 37.0]",3920402,40,,True,,,-1.04131,,Keeper Arm,,,"[23.2, 19.4]",,Ground Pass,,20.3924,,,,Ramy Bensebaini,3191.0,,,,,,1,Regular Play,Anthony Louis Mandréa,41381.0,Goalkeeper,57,Algeria,4898,['5259f3cf-533b-44f8-9682-4211a2d6d7d5'],51,,,,,,,,,,,,,,,,,,,Algeria,4898,00:40:51.033,Pass,
,,,,,,,,,,,,,,,,,1.841288,,,,,,,,,,,,,c6757b96-ce71-44fc-a7e4-5bffb808c2cf,1203,,"[23.9, 20.0]",3920402,40,,,,,-0.81649923,,Left Foot,,,"[34.8, 8.4]",,Ground Pass,,15.917601,,,,Rayan Aït Nouri,12111.0,,,,,,1,Regular Play,Ramy Bensebaini,3191.0,Left Center Back,57,Algeria,4898,['a58aae92-f979-49fd-a1a3-df04a9ea3c1b'],52,,,,,,,,,,,,,,,,,,,Algeria,4898,00:40:52.306,Pass,
,,,,,,,,,,,,,,,,,1.94008,,,,,,,,,,,,,abdb3fe2-a785-4ca0-823a-72e342d44b89,1206,,"[41.4, 14.4]",3920402,40,,,,,1.8667836,,Left Foot,,,"[30.3, 50.8]",,Low Pass,,38.05483,,,,Aïssa Mandi,6648.0,,,,,,1,Regular Play,Rayan Aït Nouri,12111.0,Left Back,57,Algeria,4898,['ab9c0f21-03ac-4fa4-8084-f1378bda5d79'],57,,,,,,,,,,,,,,,,,,,Algeria,4898,00:40:57.986,Pass,
,,,,,,,,,,,,,,,,,1.2,,,,,,,,,,,,,272415ea-546e-4541-ac20-dfb333f952a2,1209,,"[33.8, 54.9]",3920402,41,,,,,0.53324014,,Left Foot,,,"[48.2, 63.4]",,Ground Pass,,16.721542,,,,Sofiane Feghouli,18724.0,,,,,,1,Regular Play,Aïssa Mandi,6648.0,Right Center Back,57,Algeria,4898,['3282b8c4-cae8-455c-b148-c00f8b98e856'],1,,,,,,,,,,,,,,,,,,,Algeria,4898,00:41:01.340,Pass,
,,,,,,,,,,,,,,,,,1.599999,,,,,,,,,,,,,3a5dd851-980c-44e0-8af7-582e5f619602,1212,,"[51.4, 70.5]",3920402,41,,,,,0.3999043,,Right Foot,,,"[70.8, 78.7]",,Ground Pass,,21.061813,,,,Youcef Atal,10040.0,,,,,,1,Regular Play,Sofiane Feghouli,18724.0,Center Attacking Midfield,57,Algeria,4898,['77033693-c290-4279-be7e-8732f48c5e0a'],3,,,,,,,,,,,,,,,,,,,Algeria,4898,00:41:03.823,Pass,
,,,,,,,,,,,,,,,,,1.344864,,,,,,,,,,,,,29108b1f-7452-489f-ab28-31972bbc6d44,1216,,"[69.5, 79.1]",3920402,41,,,,,-2.4407382,,Right Foot,,,"[63.1, 73.7]",,Ground Pass,,8.373769,,,,Sofiane Feghouli,18724.0,,,,,,1,Regular Play,Youcef Atal,10040.0,Right Back,57,Algeria,4898,"['34ca5c52-628e-441e-914f-f723e34d7536', 'b74f2710-2c43-47d7-a918-c18705ebcb09']",6,,,,,,,,,,,,,,,,,,,Algeria,4898,00:41:06.918,Pass,True
,,,,,,,,,,,,,,,,,1.075806,,,,,,,,,,,,,3576fed7-35ee-42ec-ae80-fa2ae9f9d59c,1219,,"[65.2, 73.7]",3920402,41,,,,,-1.9903843,,Right Foot,,,"[56.1, 53.3]",,Ground Pass,,22.337637,,,,Nabil Bentaleb,8520.0,,,,,,1,Regular Play,Sofiane Feghouli,18724.0,Center Attacking Midfield,57,Algeria,4898,['81920f6a-6e6a-4865-9467-0bb580222865'],10,,,,,,,,,,,,,,,,,,,Algeria,4898,00:41:10.663,Pass,
,,,,,,,,,,,,,,,,,1.2,,,,,,,,,,,,,cf69db14-254e-498b-a176-e9ef06a6be0d,1223,,"[58.6, 58.2]",3920402,41,,,,,2.8110447,,Left Foot,,,"[48.4, 61.7]",,Ground Pass,,10.783784,,,,Aïssa Mandi,6648.0,,,,,,1,Regular Play,Nabil Bentaleb,8520.0,Right Defensive Midfield,57,Algeria,4898,"['807e17dc-2897-4794-abfd-773a16fe5b6e', '5d6cea00-96d7-42b2-8caf-495511a0179a']",13,,,,,,,,,,,,,,,,,,,Algeria,4898,00:41:13.394,Pass,True
,,,,,,,,,,,,,,,,,1.6,,,,,,,,,,,,,8bbc2ad9-ba90-4221-a55d-db8fce32ec7c,1226,,"[47.0, 55.4]",3920402,41,,,,,-1.5828804,,Right Foot,,,"[46.6, 22.3]",,Ground Pass,,33.102417,,,,Ramy Bensebaini,3191.0,,,,,,1,Regular Play,Aïssa Mandi,6648.0,Right Center Back,57,Algeria,4898,['308c046d-3d8f-4221-b882-bc5ebba9be6f'],15,,,,,,,,,,,,,,,,,,,Algeria,4898,00:41:15.439,Pass,
,,,,,,,,,,,,,,,,,1.776484,,,,,,,,,,,,,3c921a25-165d-4aa3-9ac3-e7fc4d051f87,1229,,"[47.4, 21.7]",3920402,41,,,,,-0.7918916,,Left Foot,,,"[62.7, 6.2]",,Ground Pass,,21.779348,,,,Rayan Aït Nouri,12111.0,,,,,,1,Regular Play,Ramy Bensebaini,3191.0,Left Center Back,57,Algeria,4898,['c0ea1e38-c364-48e4-8056-38a7a429e6cf'],20,,,,,,,,,,,,,,,,,,,Algeria,4898,00:41:20.028,Pass,
,,,,,,,,,,,,,,,,,1.285751,,,,,,,,,,,,,5c4b5785-763e-4738-bdb0-409352411c51,1232,,"[63.1, 6.4]",3920402,41,,,,,1.551191,,Left Foot,,,"[63.5, 26.8]",,Ground Pass,,20.403921,,,,Ramiz Larbi Zerrouki,38345.0,,,,,,1,Regular Play,Rayan Aït Nouri,12111.0,Left Back,57,Algeria,4898,['d592b56f-605d-4ac6-9589-34f0f4b86d8f'],22,,,,,,,,,,,,,,,,,,,Algeria,4898,00:41:22.637,Pass,
,,,,,,,,,,,,,,,,,0.848817,,,,,,,,,,,,,6525b51c-d3b6-4e5e-8772-809882134c48,1236,,"[55.3, 26.0]",3920402,41,,,,,-2.8809903,,Right Foot,,,"[49.3, 24.4]",,Ground Pass,,6.20967,,,,Nabil Bentaleb,8520.0,,,,,,1,Regular Play,Ramiz Larbi Zerrouki,38345.0,Left Defensive Midfield,57,Algeria,4898,['67749047-5155-4c27-adc2-065867bb1cf0'],27,,,,,,,,,,,,,,,,,,,Algeria,4898,00:41:27.768,Pass,
,,,,,,,,,,,,,,,,,1.677429,,,,,,,,,,,,,e3faf0d4-1b0d-4856-a311-1035d5ff5d7e,1239,,"[48.9, 24.0]",3920402,41,,,,,-1.9303907,,Left Foot,,,"[43.9, 10.7]",,Ground Pass,,14.2088,,,,Ramy Bensebaini,3191.0,,,,,,1,Regular Play,Nabil Bentaleb,8520.0,Right Defensive Midfield,57,Algeria,4898,['18e3d8c2-8ea1-4eef-aa2a-ae0ee4fa8a3d'],28,,,,,,,,,,,,,,,,,,,Algeria,4898,00:41:28.679,Pass,
,,,,,,,,,,,,,,,,,2.193818,,,,,,,,,,,,,db375aaf-f513-47f5-b77c-2bdd85d71b10,1242,,"[48.5, 20.0]",3920402,41,,,,,1.7421755,,Right Foot,,,"[43.1, 51.2]",,Ground Pass,,31.66386,,,,Aïssa Mandi,6648.0,,,,,,1,Regular Play,Ramy Bensebaini,3191.0,Left Center Back,57,Algeria,4898,['9a73bdf3-28af-4c6b-ab41-73183ff51cb2'],35,,,,,,,,,,,,,,,,,,,Algeria,4898,00:41:35.704,Pass,
,,,,,,,,,,,,,,,,,1.547014,,,,,,,,,,,,,9d653829-5ddc-470f-99cc-fcd28e317b18,1245,,"[42.7, 51.2]",3920402,41,,,,,-0.9009855,,Right Foot,,,"[54.5, 36.3]",,Ground Pass,,19.006578,,,,Ramiz Larbi Zerrouki,38345.0,,,,,,1,Regular Play,Aïssa Mandi,6648.0,Right Center Back,57,Algeria,4898,['a4ac5207-8864-487d-80f0-86f62c3fdd17'],38,,,,,,,,,,,,,,,,,,,Algeria,4898,00:41:38.698,Pass,
,,,,,,,,,,,,,,,,,1.865247,,,,,,,,,,,,,aece2902-7f3f-4d5c-9beb-393cd918e0f8,1248,,"[54.9, 36.6]",3920402,41,,,,,-1.2743429,,Right Foot,,,"[63.3, 9.1]",,Ground Pass,,28.754305,,,,Nabil Bentaleb,8520.0,,,,,,1,Regular Play,Ramiz Larbi Zerrouki,38345.0,Left Defensive Midfield,57,Algeria,4898,['84bbb5af-75b2-4373-8785-d8656923421d'],40,,,,,,,,,,,,,,,,,,,Algeria,4898,00:41:40.916,Pass,
,,,,,,,,,,,,,,,,,0.811674,,,,,,,,,,,,,c14af6fe-863c-46a0-857e-3e1f24d49945,1251,,"[75.3, 9.7]",3920402,41,,,,,0.21755412,,Left Foot,,,"[84.8, 11.8]",,Ground Pass,,9.729337,,,,Mohamed Youcef Belaïli,103464.0,,,,,,1,Regular Play,Nabil Bentaleb,8520.0,Right Defensive Midfield,57,Algeria,4898,['3c700233-91d8-4ae8-8012-c65907b3437e'],45,,,,,,,,,,,,,,,,,,,Algeria,4898,00:41:45.211,Pass,
,,,,,,,,,,,,,,,,,0.880608,,,,,,,,,,,,,744bf394-50c6-4a05-aa5d-2b1bec357ecc,1254,,"[83.8, 12.0]",3920402,41,,,,,-1.487655,,Right Foot,,,"[84.6, 2.4]",,Ground Pass,,9.633276,,,,Rayan Aït Nouri,12111.0,,,,,,1,Regular Play,Mohamed Youcef Belaïli,103464.0,Left Wing,57,Algeria,4898,"['13d71742-0eba-4acd-bcd7-406afca01da7', '5dbd2f1e-14c4-4cd8-8e17-66879b27c84c']",46,,,,,,,,,,,,,,,,,,,Algeria,4898,00:41:46.023,Pass,True
,,,,,,,,,,,,,,,,,1.654076,,,,,,,,,,,,,d36c1a4f-6d67-469b-a1ae-b66074979ec1,1257,,"[84.6, 2.5]",3920402,41,,,,,2.7505445,,Left Foot,,,"[73.2, 7.2]",,Ground Pass,,12.330855,,,,Mohamed Youcef Belaïli,103464.0,,,,,,1,Regular Play,Rayan Aït Nouri,12111.0,Left Back,57,Algeria,4898,['2caf15d0-7e94-4cf9-b40c-575cd783dd16'],47,,,,,,,,,,,,,,,,,,,Algeria,4898,00:41:47.574,Pass,
,,,,,,,,,,,,,,,,,2.252888,,,,,,,,,,,,,be8dac51-7103-4e26-a1e4-9ec20880aee8,1260,,"[70.3, 9.5]",3920402,41,,,,,1.9051816,,Right Foot,,,"[58.8, 42.6]",,Ground Pass,,35.040833,,,,Aïssa Mandi,6648.0,,,,,,1,Regular Play,Mohamed Youcef Belaïli,103464.0,Left Wing,57,Algeria,4898,['64907abe-94b4-43e5-b01c-9ac9a465df3d'],50,,,,,,,,,,,,,,,,,,,Algeria,4898,00:41:50.019,Pass,
,,,,,,,,,,,,,,,,,0.981256,,,,,,,,,,,,,10dc171a-6c62-4b82-bc41-d180708aee06,1262,,"[58.4, 43.8]",3920402,41,,,,,1.04473,,Right Foot,,,"[65.6, 56.2]",,Ground Pass,,14.338758,,,,Sofiane Feghouli,18724.0,,,,,,1,Regular Play,Aïssa Mandi,6648.0,Right Center Back,57,Algeria,4898,['8efb7498-3c60-400e-b1d1-09b9b679875d'],52,,,,,,,,,,,,,,,,,,,Algeria,4898,00:41:52.272,Pass,
,,,,,,,,,,,,,,,,,1.633388,,,,,,,,,,,,,cfe71a80-d533-4a08-b5e8-ed29c72db08b,1265,,"[71.8, 70.5]",3920402,41,,,,,0.6407837,,Left Foot,,,"[83.6, 79.3]",,Ground Pass,,14.720055,,,,Youcef Atal,10040.0,,,,,,1,Regular Play,Sofiane Feghouli,18724.0,Center Attacking Midfield,57,Algeria,4898,['6cfdc59e-2590-4045-82be-22fab167dd02'],54,,,,,,,,,,,,,,,,,,,Algeria,4898,00:41:54.800,Pass,
,,,,,,,,,,,,,,,,,3.065039,,,,,,,,,,,,,cfa3e986-d829-40b6-9c49-70c15b001949,1270,,"[6.0, 37.5]",3920402,42,,,,,-0.23109066,,Right Foot,,,"[72.3, 21.9]",,High Pass,,68.11057,,Incomplete,,Ibrahim Blati Touré,23999.0,,,,,Goal Kick,1,From Goal Kick,Kouakou Herve Koffi,4388.0,Goalkeeper,58,Burkina Faso,4921,"['a1ae3b86-cf80-4786-b190-486254621ca7', '4b32018b-12fd-4bf5-884c-6ba0369a0b36']",38,,,,,,,,,,,,,,,,,,,Burkina Faso,4921,00:42:38.443,Pass,
,,,,,,,,,,,,,,,,,0.824484,,,,,,,,,,,,,a1ae3b86-cf80-4786-b190-486254621ca7,1272,,"[47.8, 58.2]",3920402,42,,,,,-0.04164258,,Head,,,"[57.4, 57.8]",,Low Pass,,9.60833,,Incomplete,,Baghdad Bounedjah,103465.0,,,,,Recovery,1,From Goal Kick,Ramiz Larbi Zerrouki,38345.0,Left Defensive Midfield,58,Burkina Faso,4921,"['cfa3e986-d829-40b6-9c49-70c15b001949', '46ed9cb3-8e67-4267-a9f5-d32d9993af7d', '410165e7-5f19-4a2a-a78b-e39b09dd4bb9']",41,,,,,,,,,,,,,,,,,,,Algeria,4898,00:42:41.508,Pass,
,,,,,,,,,,,,,,,,,1.27172,,,,,,,,,,,,,70f361ca-b5ab-4786-9c3c-c745fd3bca9c,1277,,"[62.3, 30.3]",3920402,42,,,,,0.85528415,,Right Foot,,,"[71.6, 41.0]",,Ground Pass,,14.176742,,,,Issa Kabore,35471.0,,,,,,1,From Goal Kick,Ibrahim Blati Touré,23999.0,Left Defensive Midfield,58,Burkina Faso,4921,"['29e70c56-a622-46d6-a30a-1237aea42501', '76630a66-2ce5-451f-9334-de837e6fec74']",44,,,,,,,,,,,,,,,,,,,Burkina Faso,4921,00:42:44.277,Pass,True
,,,,,,,,,,,,,,,,,0.488783,,,,,,,,,,,,,a3aa8d45-5210-45c3-ac03-b4201d2aafa0,1281,,"[72.3, 42.5]",3920402,42,,,,,-0.47783107,,Right Foot,,,"[77.9, 39.6]",,Low Pass,,6.306346,,,,Gustavo Fabrice Sangaré,45466.0,,,,,,1,From Goal Kick,Issa Kabore,35471.0,Right Wing,58,Burkina Faso,4921,['a3614f60-0735-4fc9-bc29-c3a6f122f192'],45,,,,,,,,,,,,,,,,,,,Burkina Faso,4921,00:42:45.956,Pass,
,,,,,,,,,,,,,,,,,1.3,,,,,,,,,,,,,f3013a02-808a-4c21-a9ea-27bcf18d4d3a,1284,,"[77.8, 44.0]",3920402,42,,,,,-0.17021193,,Left Foot,,,"[90.6, 41.8]",,Low Pass,,12.987686,,,,Mohamed Konaté,43920.0,,,,,,1,From Goal Kick,Gustavo Fabrice Sangaré,45466.0,Center Attacking Midfield,58,Burkina Faso,4921,['e3564cf3-b9fd-42ef-9a63-99929682ff3e'],46,,,,,,,,,,,,,,,,,,,Burkina Faso,4921,00:42:46.741,Pass,
,,,,,,,,,,,,,,,,,0.708202,,,,,,,,,,,,,d6d36c9e-11a2-47e5-b0ca-d406e575ae24,1289,,"[22.8, 48.3]",3920402,42,,,,,0.3784274,,Right Foot,,,"[31.1, 51.6]",,Ground Pass,,8.931965,,,,Nabil Bentaleb,8520.0,,,,,Recovery,1,Regular Play,Aïssa Mandi,6648.0,Right Center Back,59,Algeria,4898,['8d525eab-a6be-400d-9fbb-7c0af204cea7'],50,,,,,,,,,,,,,,,,,,,Algeria,4898,00:42:50.293,Pass,
,,,,,,,,,,,,,,,,,1.385419,,,,,,,,,,,,,092ee83b-78b6-4785-8c91-7a7ac5c4f112,1293,,"[41.0, 35.1]",3920402,42,,,,,-1.1509802,,Left Foot,,,"[51.4, 11.8]",,Ground Pass,,25.515682,,,,Rayan Aït Nouri,12111.0,,,,,,1,Regular Play,Nabil Bentaleb,8520.0,Right Defensive Midfield,59,Algeria,4898,"['e25856c1-380f-4df6-91d8-1150b1a78b00', '52643d98-bc86-4b76-b4fb-fa16ab9975eb']",56,,,,,,,,,,,,,,,,,,,Algeria,4898,00:42:56.141,Pass,True
,,,,,,,,,,,,,,,,,2.305268,,,,,,,,,,,,,1da7c764-5b18-4300-b3ef-a0f813f954e8,1296,,"[54.9, 9.9]",3920402,42,,,,,-0.31546134,,Left Foot,,,"[78.8, 2.1]",,Ground Pass,,25.140604,,,,Mohamed Youcef Belaïli,103464.0,,,,,,1,Regular Play,Rayan Aït Nouri,12111.0,Left Back,59,Algeria,4898,['3dc9e124-2fbf-4414-b596-889ff2dbc278'],58,,,,,,,,,,,,,,,,,,,Algeria,4898,00:42:58.785,Pass,
,,,,,,,,,,,,,,,,,2.41497,,,,,,,,,,,,,927e6ba7-b7bb-40bf-b2d2-f2c3e5cef765,1299,,"[83.1, 19.2]",3920402,43,,,,,1.7580304,,Right Foot,,,"[73.4, 70.4]",,High Pass,,52.11075,,,,Riyad Mahrez,3814.0,,True,,,,1,Regular Play,Mohamed Youcef Belaïli,103464.0,Left Wing,59,Algeria,4898,['564f0b8d-7334-474a-8aa5-64091c059cdd'],5,,,,,,,,,,,,,,,,,,,Algeria,4898,00:43:05.258,Pass,
,,,,,,,,,,,,,,,,,1.390418,,,,,,,,,,,,,3ab5b5f8-ee0e-4f61-9fc5-afc1572ceee2,1302,,"[86.3, 56.6]",3920402,43,,,,,-1.7556534,,Left Foot,,,"[81.7, 32.0]",,Ground Pass,,25.026386,,,,Nabil Bentaleb,8520.0,,,,,,1,Regular Play,Riyad Mahrez,3814.0,Right Wing,59,Algeria,4898,['116d115a-821c-4dc9-8029-1d75b1bca21c'],13,,,,,,,,,,,,,,,,,,,Algeria,4898,00:43:13.901,Pass,
,,,,,,,,,,,,,,,,,1.852418,,,,,,,,,,,,,2dac0a95-57e5-4082-b929-48b035c649ce,1305,,"[85.9, 30.8]",3920402,43,,,,,0.6894371,,Left Foot,,,"[106.4, 47.7]",,High Pass,,26.568026,,Incomplete,,Sofiane Feghouli,18724.0,,,,,,1,Regular Play,Nabil Bentaleb,8520.0,Right Defensive Midfield,59,Algeria,4898,"['854d7d69-d295-4c59-b6a8-71555bb6d3ce', '642589c3-bc21-4ff8-a890-7cb14a288ba3']",16,,,,,,,,,,,,,,,,,,,Algeria,4898,00:43:16.328,Pass,
,,,,,,,,,,,,,,,,,1.188724,,,,,,,,,,,,,380dd2a0-1fe0-4474-8657-5f6a3253074e,1308,,"[13.4, 26.4]",3920402,43,,,,,0.36520144,,Right Foot,,,"[27.0, 31.6]",,Ground Pass,,14.56022,,Incomplete,,Ibrahim Blati Touré,23999.0,,,,,Recovery,1,Regular Play,Steeve Yago,3035.0,Left Back,59,Algeria,4898,"['79a81b39-a8f5-4179-ba75-fc4073e5ebfa', '1c4dac48-184e-4186-ae44-e4a7fed94636']",18,,,,,,,,,,,,,,,,,,,Burkina Faso,4921,00:43:18.645,Pass,
,,,,,,,,,,,,,,,,,0.285285,,,,,,,,,,,,,8b862a3e-0043-4ddd-b58e-38de76942147,1317,,"[100.3, 55.4]",3920402,43,,,,,-1.2587543,,Right Foot,,,"[101.3, 52.3]",,Ground Pass,,3.2572994,,Incomplete,,Riyad Mahrez,3814.0,,,,,,1,Regular Play,Ramiz Larbi Zerrouki,38345.0,Left Defensive Midfield,59,Algeria,4898,"['7815b7e1-6127-44e2-9ed2-b32951e778a3', 'dd13ccb1-3b25-4390-a663-56ed74890b87']",21,,,,,,,,,,,,,,,,,,,Algeria,4898,00:43:21.914,Pass,
,,,,,,,,,,,,,,,,,0.575627,,,,,,,,,,,,,282be318-50e6-4944-8d70-516e2e3a417e,1328,,"[6.0, 44.1]",3920402,44,,True,,,-0.51415515,,Right Foot,,,"[83.9, 0.1]",,High Pass,,89.46737,,Out,,,,,True,,,Goal Kick,1,From Goal Kick,Kouakou Herve Koffi,4388.0,Goalkeeper,60,Burkina Faso,4921,,21,,,,,,,,,,,,,,,,,,,Burkina Faso,4921,00:44:21.399,Pass,
,,,,,,,,,,,,,,,,,0.964184,,,,,,,,,,,,,f767a5fb-ac4f-414b-bbec-55e939dd8b6a,1329,,"[33.8, 80.0]",3920402,44,,,,,-2.987648,,,,,"[28.0, 79.1]",,Low Pass,,5.8694124,,,,Aïssa Mandi,6648.0,,,,,Throw-in,1,From Throw In,Youcef Atal,10040.0,Right Back,61,Algeria,4898,['eb697ce4-cc72-4f4a-9c6e-0b2c9c3b840a'],24,,,,,,,,,,,,,,,,,,,Algeria,4898,00:44:24.018,Pass,
,,,,,,,,,,,,,,,,,0.722496,,,,,,,,,,,,,19446b2f-40c7-4542-8497-986afe23bae7,1332,,"[27.4, 79.3]",3920402,44,,,,,-0.049342632,,Right Foot,,,"[35.5, 78.9]",,Low Pass,,8.109871,,,,Youcef Atal,10040.0,,,,,,1,From Throw In,Aïssa Mandi,6648.0,Right Center Back,61,Algeria,4898,"['090a5783-890c-467f-98e3-2bb414bf9b72', '817ec072-0a5f-4402-88ec-168c63f97e6b']",24,,,,,,,,,,,,,,,,,,,Algeria,4898,00:44:24.982,Pass,True
,,,,,,,,,,,,,,,,,2.4,,,,,,,,,,,,,be14e455-03b0-41e0-ba98-0111315a3f85,1338,,"[41.4, 78.9]",3920402,44,,,,,-1.9393314,,Right Foot,,,"[31.9, 54.3]",,Ground Pass,,26.370628,,,,Ramy Bensebaini,3191.0,,,,,Free Kick,1,From Free Kick,Youcef Atal,10040.0,Right Back,62,Algeria,4898,['c87128e1-557c-49b4-a301-af70867cbc31'],32,,,,,,,,,,,,,,,,,,,Algeria,4898,00:44:32.270,Pass,
,,,,,,,,,,,,,,,,,2.324644,,,,,,,,,,,,,a725842b-d140-47b2-83dd-608778244a84,1341,,"[34.6, 53.3]",3920402,44,,,,,-1.0366774,,Left Foot,,,"[54.0, 20.5]",,Ground Pass,,38.107742,,,,Rayan Aït Nouri,12111.0,,,,,,1,From Free Kick,Ramy Bensebaini,3191.0,Left Center Back,62,Algeria,4898,['9b01ff62-81c0-4f19-a427-d09e9e7b40ad'],35,,,,,,,,,,,,,,,,,,,Algeria,4898,00:44:35.715,Pass,
,,,,,,,,,,,,,,,,,1.934709,,,,,,,,,,,,,1bbf5640-b584-4506-bceb-97d16a567172,1344,,"[54.9, 21.5]",3920402,44,,,,,2.3956006,,Left Foot,,,"[40.4, 34.9]",,Ground Pass,,19.743607,,,,Ramy Bensebaini,3191.0,,,,,,1,From Free Kick,Rayan Aït Nouri,12111.0,Left Back,62,Algeria,4898,['775d2ab2-994e-43f3-a0cf-2ec4cb9426be'],40,,,,,,,,,,,,,,,,,,,Algeria,4898,00:44:40.066,Pass,
,,,,,,,,,,,,,,,,,1.779891,,,,,,,,,,,,,8262b7fe-8f0b-42a0-8de6-a61be116abb3,1347,,"[41.5, 35.6]",3920402,44,,,,,1.5467046,,Left Foot,,,"[41.9, 52.2]",,Ground Pass,,16.604818,,,,Aïssa Mandi,6648.0,,,,,,1,From Free Kick,Ramy Bensebaini,3191.0,Left Center Back,62,Algeria,4898,['0e5e73f3-cb4d-4410-bac4-9512441bf358'],43,,,,,,,,,,,,,,,,,,,Algeria,4898,00:44:43.136,Pass,
,,,,,,,,,,,,,,,,,1.933722,,,,,,,,,,,,,2bd1879e-bef9-4d7f-90d3-a0ff5b673adb,1350,,"[41.9, 52.2]",3920402,44,,,,,-1.2545102,,Right Foot,,,"[50.9, 24.7]",,Ground Pass,,28.935272,,,,Ramiz Larbi Zerrouki,38345.0,,,,,,1,From Free Kick,Aïssa Mandi,6648.0,Right Center Back,62,Algeria,4898,['b2a4322b-248f-4c17-aa53-206c6277fab0'],45,,,,,,,,,,,,,,,,,,,Algeria,4898,00:44:45.098,Pass,
,,,,,,,,,,,,,,,,,1.798923,,,,,,,,,,,,,8caa65b7-c102-4516-9753-e24c64b651b0,1352,,"[51.0, 25.0]",3920402,44,,,,,-3.0229473,,Left Foot,,,"[35.9, 23.2]",,Ground Pass,,15.206906,,,,Ramy Bensebaini,3191.0,,,,,,1,From Free Kick,Ramiz Larbi Zerrouki,38345.0,Left Defensive Midfield,62,Algeria,4898,['3eb7f271-e935-494f-a04a-1391861074ba'],47,,,,,,,,,,,,,,,,,,,Algeria,4898,00:44:47.031,Pass,
,,,,,,,,,,,,,,,,,1.815863,,,,,,,,,,,,,4a673866-459c-47ca-9cb2-c9e349b2dd72,1355,,"[45.7, 22.1]",3920402,44,,,,,-0.9224643,,Right Foot,,,"[58.2, 5.6]",,Ground Pass,,20.700241,,,,Rayan Aït Nouri,12111.0,,,,,,1,From Free Kick,Ramy Bensebaini,3191.0,Left Center Back,62,Algeria,4898,['6b1e0ab0-4738-4775-bbd7-2353f27883d4'],52,,,,,,,,,,,,,,,,,,,Algeria,4898,00:44:52.955,Pass,
,,,,,,,,,,,,,,,,,1.657711,,,,,,,,,,,,,4df59787-cde0-432b-9f67-abd80fec421d,1358,,"[58.2, 4.9]",3920402,44,,,,,2.3966038,,Left Foot,,,"[38.9, 22.7]",,Ground Pass,,26.255095,,,,Ramy Bensebaini,3191.0,,,,,,1,From Free Kick,Rayan Aït Nouri,12111.0,Left Back,62,Algeria,4898,['8dc44a81-e4fb-4fdd-8304-a5b60a34628b'],55,,,,,,,,,,,,,,,,,,,Algeria,4898,00:44:55.570,Pass,
,,,,,,,,,,,,,,,,,0.873954,,,,,,,,,,,,,90600649-1d2a-4867-a28b-1d7b915758b1,1361,,"[56.7, 15.5]",3920402,45,,,,,-1.1428478,,Left Foot,,,"[61.9, 4.1]",,Ground Pass,,12.529964,,,,Rayan Aït Nouri,12111.0,,,,,,1,From Free Kick,Ramy Bensebaini,3191.0,Left Center Back,62,Algeria,4898,['81838a89-2a84-47f3-af1f-bb2c9fb7d9a8'],4,,,,,,,,,,,,,,,,,,,Algeria,4898,00:45:04.419,Pass,
,,,,,,,,,,,,,,,,,1.361989,,,,,,,,,,,,,d813f2f1-abbd-46c7-9712-55771bc4a6d0,1364,,"[57.7, 3.1]",3920402,45,,,,,2.7088404,,Left Foot,,,"[39.3, 11.6]",,Ground Pass,,20.268448,,,,Ramy Bensebaini,3191.0,,,,,,1,From Free Kick,Rayan Aït Nouri,12111.0,Left Back,62,Algeria,4898,['d5647939-346c-45e8-9f71-3d9e564a9d08'],6,,,,,,,,,,,,,,,,,,,Algeria,4898,00:45:06.557,Pass,
,,,,,,,,,,,,,,,,,2.840287,,,,,,,,,,,,,4b7c4b87-22c3-4bfc-ba51-2ec0a26b5842,1367,,"[33.4, 20.1]",3920402,45,,True,,,1.4233592,,Left Foot,,,"[37.9, 50.4]",,Ground Pass,,30.632336,,,,Aïssa Mandi,6648.0,,,,,,1,From Free Kick,Ramy Bensebaini,3191.0,Left Center Back,62,Algeria,4898,['c4b7202c-5afd-4bb2-8a23-d078c669cbec'],9,,,,,,,,,,,,,,,,,,,Algeria,4898,00:45:09.177,Pass,
,,,,,,,,,,,,,,,,,2.639358,,,,,,,,,,,,,267ffa61-8684-4cb0-a275-3bcf7bbba499,1369,,"[47.6, 54.9]",3920402,45,,,,,-1.1167709,,Right Foot,,,"[74.1, 0.6]",,High Pass,,60.421352,,Out,,Ramiz Larbi Zerrouki,38345.0,,True,,,,1,From Free Kick,Aïssa Mandi,6648.0,Right Center Back,62,Algeria,4898,['bd585af9-53a3-470a-aa7e-27823f857b82'],13,,,,,,,,,,,,,,,,,,,Algeria,4898,00:45:13.410,Pass,
,,,,,,,,,,,,,,,,,2.002563,,,,,,,,,,,,,f57837ea-5334-45d4-aeb5-6c483bef7a23,1371,,"[58.0, 80.0]",3920402,45,,,,,-0.18015589,,,,,"[87.1, 74.7]",,High Pass,,29.578709,,Unknown,,Mohamed Konaté,43920.0,,,,,Throw-in,1,From Throw In,Issa Kabore,35471.0,Right Wing,63,Burkina Faso,4921,['94dc99dd-de8c-4808-981b-fa64f115604a'],41,,,,,,,,,,,,,,,,,,,Burkina Faso,4921,00:45:41.836,Pass,
,,,,,,,,,,,,,,,,,2.298012,,,,,,,,,,,,,531701c7-8b09-4ead-8e6c-c8349e158020,1375,,"[30.6, 17.5]",3920402,45,,,,,1.469693,,Left Foot,,,"[33.4, 45.1]",,Ground Pass,,27.741665,,,,Aïssa Mandi,6648.0,,,,,Free Kick,1,From Free Kick,Nabil Bentaleb,8520.0,Right Defensive Midfield,64,Algeria,4898,['03c6e4da-ca0d-4362-b898-30a960bb5d26'],56,,,,,,,,,,,,,,,,,,,Algeria,4898,00:45:56.177,Pass,
,,,,,,,,,,,,,,,,,3.223472,,,,,,,,,,,,,bb572908-5863-4440-81f6-788f7fa8ec02,1378,,"[43.5, 46.5]",3920402,46,,,,,-0.73673195,,Right Foot,,,"[94.1, 0.6]",,High Pass,,68.31669,,Out,,Mohamed Youcef Belaïli,103464.0,,True,,,,1,From Free Kick,Aïssa Mandi,6648.0,Right Center Back,64,Algeria,4898,['9c23d2a4-b05f-46a2-9670-cfc6826e57b3'],1,,,,,,,,,,,,,,,,,,,Algeria,4898,00:46:01.545,Pass,
,,,,,,,,,,,,,,,,,2.004581,,,,,,,,,,,,,3302e769-798d-468a-8ca6-53c422575db5,1380,,"[31.8, 80.0]",3920402,46,,,,,-0.1314687,,,,,"[56.0, 76.8]",,High Pass,,24.410654,,Incomplete,,Mohamed Konaté,43920.0,,,,,Throw-in,1,From Throw In,Issa Kabore,35471.0,Right Wing,65,Burkina Faso,4921,"['2222b05b-34bc-49d6-bf7e-12fad2c04c14', 'e2f685aa-5276-4896-83ae-70ee6ad093a6']",23,,,,,,,,,,,,,,,,,,,Burkina Faso,4921,00:46:23.269,Pass,
,,,,,,,,,,,,,,,,,1.906162,,,,,,,,,,,,,1ec1111c-1202-4266-8ba6-f3bbdebfdde2,1383,,"[78.6, 80.0]",3920402,46,,,,,-0.18668933,,,,,"[96.6, 76.6]",,High Pass,,18.318296,,Incomplete,,Issoufou Dayo,102800.0,,,,,Throw-in,1,From Throw In,Issa Kabore,35471.0,Right Wing,66,Burkina Faso,4921,"['31303a50-f06e-4fc2-967f-a37144d4452e', '5b996a3d-b79b-42e6-97c9-edcc55911556']",52,,,,,,,,,,,,,,,,,,,Burkina Faso,4921,00:46:52.444,Pass,
,,,,,,,,,,,,,,,,,0.825999,,,,,,,,,,,,,31303a50-f06e-4fc2-967f-a37144d4452e,1385,,"[23.5, 3.5]",3920402,46,,,,,0.0,,Left Foot,,,"[30.3, 3.5]",,Low Pass,,6.8,,,,Mohamed Youcef Belaïli,103464.0,,,,,Interception,1,From Throw In,Rayan Aït Nouri,12111.0,Left Back,66,Burkina Faso,4921,"['d08abd15-7ff1-4e27-ac88-7747f31c2c7c', '1ec1111c-1202-4266-8ba6-f3bbdebfdde2']",54,,,,,,,,,,,,,,,,,,,Algeria,4898,00:46:54.350,Pass,
,,,,,,,,,,,,,,,,,3.142328,,,,,,,,,,,,,f859a661-caa8-486d-ba6c-41def82ac749,1388,,"[30.6, 5.4]",3920402,46,,,,,1.0391685,,Right Foot,,,"[57.3, 50.8]",,High Pass,,52.66925,,Incomplete,,Baghdad Bounedjah,103465.0,,True,,,,1,From Throw In,Mohamed Youcef Belaïli,103464.0,Left Wing,66,Burkina Faso,4921,"['3b90d65d-8e98-496f-994f-c32665ddf535', '78e0db49-18e2-422b-9391-f274796ce12e']",56,,,,,,,,,,,,,,,,,,,Algeria,4898,00:46:56.037,Pass,
,,,,,,,,,,,,,,,,,2.560841,,,,,,,,,,,,,d5053c6a-1338-4c55-923a-2556d38b2fa0,1392,,"[64.4, 19.1]",3920402,47,,,,,-0.67075163,,Left Foot,,,"[82.8, 4.5]",,Ground Pass,,23.48872,,,,Abdoul Fessal Tapsoba,43705.0,,,,,,1,From Throw In,Steeve Yago,3035.0,Left Back,66,Burkina Faso,4921,['56925514-7967-44b8-9d78-14b4babb8f8d'],1,,,,,,,,,,,,,,,,,,,Burkina Faso,4921,00:47:01.062,Pass,
,,,,,,,,,,,,,,,,,1.684765,,,,,,,,,,,,,8651eca8-6eab-4258-84fe-2a48455487b3,1396,,"[79.7, 16.5]",3920402,47,,,,,0.67677015,dc503d52-aed2-454b-94a2-f3a09a76c867,Right Foot,,,"[109.7, 40.6]",True,High Pass,,38.481293,,,,Mohamed Konaté,43920.0,,,Through Ball,True,,1,From Throw In,Abdoul Fessal Tapsoba,43705.0,Left Wing,66,Burkina Faso,4921,['b566f83e-2d67-43e6-b647-8ad4399279e5'],5,,,,,,,,,,,,,,,,,,,Burkina Faso,4921,00:47:05.757,Pass,
,,,,,,,,,,,,,,,,,0.598796,,,,,,,,,,,,,76525543-3a00-4516-915d-68d79d0ba331,1400,,"[61.0, 40.1]",3920402,49,,True,,,-3.0956,,Right Foot,,,"[37.1, 39.0]",,Ground Pass,,23.9253,,,,Nabil Bentaleb,8520.0,,,,,Kick Off,1,From Kick Off,Baghdad Bounedjah,103465.0,Center Forward,67,Algeria,4898,['21a8acb6-053e-46a2-83a7-f7ec70003994'],54,,,,,,,,,,,,,,,,,,,Algeria,4898,00:49:54.118,Pass,
,,,,,,,,,,,,,,,,,0.680201,,,,,,,,,,,,,f911a557-6c2f-4b21-8ecc-0501691be644,1402,,"[56.0, 75.2]",3920402,50,,True,,,0.27024975,,Left Foot,,,"[70.8, 79.3]",,Ground Pass,,15.357409,,,,Riyad Mahrez,3814.0,,,,,,1,From Kick Off,Nabil Bentaleb,8520.0,Right Defensive Midfield,67,Algeria,4898,['79d3deee-82b9-432c-80e9-ab2359888051'],0,,,,,,,,,,,,,,,,,,,Algeria,4898,00:50:00.411,Pass,
,,,,,,,,,,,,,,,,,1.527605,,,,,,,,,,,,,6c49bf30-15ed-4dc0-afef-f61f486bb2fc,1404,,"[74.3, 78.1]",3920402,50,,,,,-2.209528,,Left Foot,,,"[66.8, 68.0]",,Ground Pass,,12.580143,,,,Youcef Atal,10040.0,,,,,,1,From Kick Off,Riyad Mahrez,3814.0,Right Wing,67,Algeria,4898,['c45ca23a-920c-42ae-ae33-317142310619'],4,,,,,,,,,,,,,,,,,,,Algeria,4898,00:50:04.506,Pass,
,,,,,,,,,,,,,,,,,1.149547,,,,,,,,,,,,,a0389585-17fb-4fd8-9d95-a67670504807,1407,,"[62.5, 64.4]",3920402,50,,,,,-2.0119758,,Right Foot,,,"[55.7, 50.0]",,Ground Pass,,15.924824,,,,Nabil Bentaleb,8520.0,,,,,,1,From Kick Off,Youcef Atal,10040.0,Right Back,67,Algeria,4898,['1c21f7cd-c860-4405-9c4a-ec3ecf402455'],6,,,,,,,,,,,,,,,,,,,Algeria,4898,00:50:06.859,Pass,
,,,,,,,,,,,,,,,,,1.609723,,,,,,,,,,,,,0bdaed5c-14e0-4e58-91cf-497ec941cdc2,1409,,"[55.7, 50.8]",3920402,50,,,,,2.0899425,,Left Foot,,,"[50.1, 60.6]",,Ground Pass,,11.287161,,,,Aïssa Mandi,6648.0,,,,,,1,From Kick Off,Nabil Bentaleb,8520.0,Right Defensive Midfield,67,Algeria,4898,['392f55c7-ee2f-4735-a342-a72bbd5684e1'],8,,,,,,,,,,,,,,,,,,,Algeria,4898,00:50:08.008,Pass,
,,,,,,,,,,,,,,,,,2.492801,,,,,,,,,,,,,efc8d359-a57e-4166-b189-03c34b27a515,1412,,"[50.9, 58.9]",3920402,50,,,,,-1.6133238,,Right Foot,,,"[49.3, 21.3]",,High Pass,,37.634026,,,,Ramy Bensebaini,3191.0,,,,,,1,From Kick Off,Aïssa Mandi,6648.0,Right Center Back,67,Algeria,4898,['5cc3c6fd-e4de-484b-91b1-92cac534b3c1'],10,,,,,,,,,,,,,,,,,,,Algeria,4898,00:50:10.351,Pass,
,,,,,,,,,,,,,,,,,0.912456,,,,,,,,,,,,,3e534348-4845-4b65-949c-45ecc2c2439d,1415,,"[74.5, 11.0]",3920402,50,,,,,0.16871054,,Left Foot,,,"[92.7, 14.1]",,Ground Pass,,18.462124,,,,Mohamed Youcef Belaïli,103464.0,,,,,,1,From Kick Off,Ramy Bensebaini,3191.0,Left Center Back,67,Algeria,4898,['9bdc9833-eb61-46f2-8e2f-15be54c46310'],18,,,,,,,,,,,,,,,,,,,Algeria,4898,00:50:18.019,Pass,
,,,,,,,,,,,,,,,,,1.404283,,,,,,,,,,,,,de2519d1-e53c-4698-8ea9-3e22abd83ccc,1417,,"[92.7, 14.1]",3920402,50,,,,,1.2394767,,Right Foot,,,"[97.0, 26.6]",,High Pass,,13.218925,,Incomplete,,Sofiane Feghouli,18724.0,,,,,,1,From Kick Off,Mohamed Youcef Belaïli,103464.0,Left Wing,67,Algeria,4898,"['41a7bf68-7dce-4cd7-b970-b91f2b0a54b4', '67201658-0865-422c-9abb-b1f3ea76f7a8']",18,,,,,,,,,,,,,,,,,,,Algeria,4898,00:50:18.932,Pass,
,,,,,,,,,,,,,,,,,1.696194,,,,,,,,,,,,,67201658-0865-422c-9abb-b1f3ea76f7a8,1419,,"[23.1, 53.5]",3920402,50,,,,,3.1230762,,Right Foot,,,"[12.3, 53.7]",,Low Pass,,10.801851,,,,Issoufou Dayo,102800.0,,,,,Recovery,1,From Kick Off,Ibrahim Blati Touré,23999.0,Left Defensive Midfield,67,Algeria,4898,"['de2519d1-e53c-4698-8ea9-3e22abd83ccc', '0d7184bb-9215-4b1b-bc30-a4e2d597ddcb']",20,,,,,,,,,,,,,,,,,,,Burkina Faso,4921,00:50:20.336,Pass,
,,,,,,,,,,,,,,,,,2.568791,,,,,,,,,,,,,1b43b648-2805-4deb-a1b8-47b9e8d000e7,1422,,"[11.5, 54.7]",3920402,50,,,,,2.1020699,,Right Foot,,,"[0.1, 74.1]",,High Pass,,22.501556,,Out,,,,,,,,,1,From Kick Off,Issoufou Dayo,102800.0,Right Center Back,67,Algeria,4898,['eb83d1e0-ff43-42e5-85ab-5dc1fefab9d2'],22,,,,,,,,,,,,,,,,,,,Burkina Faso,4921,00:50:22.032,Pass,True
,,,,,,,,,,,,,,,,,0.86089,,,,,,,,,,,,,5a03e265-74c4-4773-a92e-8eb4885163e4,1423,,"[120.0, 0.1]",3920402,50,,True,,,2.757775,,Right Foot,,,"[104.4, 6.4]",,Ground Pass,,16.82409,,,,Rayan Aït Nouri,12111.0,,,,,Corner,1,From Corner,Mohamed Youcef Belaïli,103464.0,Left Wing,68,Algeria,4898,['bc5bd856-78a8-4fe8-8e77-3c16e76e64e1'],38,,,,,,,,,,,,,,,,,,,Algeria,4898,00:50:38.702,Pass,
,,,,,,,,,,,,,,,,,2.718973,,,,,,,,,,,,,14b4725b-4396-4c33-b1d8-afd6d61250c2,1425,,"[104.0, 10.1]",3920402,50,,,,,1.9098136,,Left Foot,,,"[90.6, 48.1]",,Ground Pass,,40.293423,,,,Riyad Mahrez,3814.0,,,,,,1,From Corner,Rayan Aït Nouri,12111.0,Left Back,68,Algeria,4898,['8d5aab3a-e407-4f32-b006-9ca64abf0683'],40,,,,,,,,,,,,,,,,,,,Algeria,4898,00:50:40.623,Pass,
,,,,,,,,,,,,,,,,,1.807166,,,,,,,,,,,,,e6fa0641-04b2-4e38-9f75-c4cd3fd2c7fc,1428,,"[91.2, 46.5]",3920402,50,,,,,-1.1381866,,Left Foot,,,"[105.7, 15.1]",,High Pass,,34.58627,,,,Rayan Aït Nouri,12111.0,,,,,,1,From Corner,Riyad Mahrez,3814.0,Right Wing,68,Algeria,4898,['0b7b6d14-f307-48aa-a0c1-33e89b15eb79'],44,,,,,,,,,,,,,,,,,,,Algeria,4898,00:50:44.780,Pass,
,,,,,,,,,,,,,,,,,1.577278,,,,,,,,,,,,,2229e838-2a41-4e1b-895e-6f9d09db9ec5,1432,,"[120.0, 16.1]",3920402,50,,,,,2.3926747,,Left Foot,,,"[112.9, 22.7]",,Low Pass,,9.693812,,Incomplete,,Mohamed Youcef Belaïli,103464.0,,,,,,1,From Corner,Rayan Aït Nouri,12111.0,Left Back,68,Algeria,4898,"['b019d964-68a8-4c9e-bfc7-b59e209e8613', 'cea95e32-fe89-4683-a6be-04caa4fd00b2', '3a22c43a-379b-4e6c-937c-f5a93c135d27']",49,,,,,,,,,,,,,,,,,,,Algeria,4898,00:50:49.995,Pass,True
,,,,,,,,,,,,,,,,,2.908068,,,,,,,,,,,,,3a22c43a-379b-4e6c-937c-f5a93c135d27,1435,,"[7.2, 57.4]",3920402,50,,,,,0.8512056,,Right Foot,,,"[23.5, 76.0]",,Low Pass,,24.731558,,,,Mohamed Konaté,43920.0,,,,,Recovery,1,Regular Play,Issa Kabore,35471.0,Right Wing,69,Burkina Faso,4921,"['2229e838-2a41-4e1b-895e-6f9d09db9ec5', '17f9933f-2a34-41ef-ba84-1df50f79fc3f', '4ad038a7-2a34-40ef-92c5-4303d52803a8']",51,,,,,,,,,,,,,,,,,,,Burkina Faso,4921,00:50:51.573,Pass,True
,,,,,,,,,,,,,,,,,2.494025,,,,,,,,,,,,,ad2f6504-e0b9-4e86-b5ef-f5eb564252e6,1438,,"[33.5, 76.0]",3920402,50,,,,,-0.14989689,,Right Foot,,,"[77.2, 69.4]",,High Pass,,44.195587,,Incomplete,,Issa Kabore,35471.0,,,,,,1,Regular Play,Mohamed Konaté,43920.0,Center Forward,69,Burkina Faso,4921,"['ff445a5f-7b04-4df1-a080-8fbda765bc03', '9c5507ab-5c83-4cce-9222-3047213e89c5']",57,,,,,,,,,,,,,,,,,,,Burkina Faso,4921,00:50:57.129,Pass,
,,,,,,,,,,,,,,,,,1.628524,,,,,,,,,,,,,da3bb03e-d902-4067-8330-e7f46f852043,1446,,"[61.0, 40.1]",3920402,45,,,,,-2.6833897,,Right Foot,,,"[38.9, 29.2]",,Ground Pass,,24.641834,,,,Edmond Fayçal Tapsoba,30606.0,,,,,Kick Off,2,From Kick Off,Ibrahim Blati Touré,23999.0,Left Defensive Midfield,70,Burkina Faso,4921,['450eb27f-dd51-49b0-88e8-2a17210a6adb'],0,,,,,,,,,,,,,,,,,,,Burkina Faso,4921,00:00:00.411,Pass,
,,,,,,,,,,,,,,,,,3.309785,,,,,,,,,,,,,5d52179f-b006-4f3d-940d-726a77226c65,1450,,"[39.8, 30.4]",3920402,45,,,,,0.92230356,,Right Foot,,,"[76.1, 78.3]",,High Pass,,60.10075,,,,Issa Kabore,35471.0,,True,,,,2,From Kick Off,Edmond Fayçal Tapsoba,30606.0,Left Center Back,70,Burkina Faso,4921,['539583b2-d86f-4297-b589-3cf2f4426f68'],3,,,,,,,,,,,,,,,,,,,Burkina Faso,4921,00:00:03.159,Pass,
,,,,,,,,,,,,,,,,,0.445171,,,,,,,,,,,,,9abee1f7-a778-4668-a233-bd95c483e4d5,1464,,"[20.6, 41.0]",3920402,45,,,,,1.1710153,,Left Foot,,,"[23.6, 48.1]",,Ground Pass,,7.7077885,,,,Riyad Mahrez,3814.0,,,,,Recovery,2,Regular Play,Nabil Bentaleb,8520.0,Right Defensive Midfield,71,Algeria,4898,['b5bf2e38-a9a5-4af3-9df7-0803eebefcf8'],16,,,,,,,,,,,,,,,,,,,Algeria,4898,00:00:16.601,Pass,
,,,,,,,,,,,,,,,,,1.334718,,,,,,,,,,,,,b274a355-f551-4e89-86d9-731146b7b40a,1469,,"[34.9, 27.6]",3920402,45,,,,,1.7902796,,Left Foot,,,"[32.0, 40.6]",,Ground Pass,,13.319534,,,,Nabil Bentaleb,8520.0,,,,,,2,Regular Play,Riyad Mahrez,3814.0,Right Wing,71,Algeria,4898,['bb56633d-e5ff-4656-aca8-584def0c151f'],23,,,,,,,,,,,,,,,,,,,Algeria,4898,00:00:23.317,Pass,
,,,,,,,,,,,,,,,,,1.797274,,,,,,,,,,,,,7972d0b6-4697-49c2-adb1-bb926617891c,1472,,"[32.4, 42.1]",3920402,45,,,,,1.1663618,,Left Foot,,,"[43.7, 68.5]",,Ground Pass,,28.71672,,,,Youcef Atal,10040.0,,,,,,2,Regular Play,Nabil Bentaleb,8520.0,Right Defensive Midfield,71,Algeria,4898,['7a683af1-6f35-4592-95a5-0107bbbbad35'],25,,,,,,,,,,,,,,,,,,,Algeria,4898,00:00:25.094,Pass,
,,,,,,,,,,,,,,,,,2.384272,,,,,,,,,,,,,c228362a-5762-4e51-a626-607701dbb9a0,1475,,"[56.0, 77.7]",3920402,45,,,,,-0.15536426,,Right Foot,,,"[97.5, 71.2]",,High Pass,,42.00595,,Incomplete,,Mohamed El Amine Amoura,141358.0,,,,,,2,Regular Play,Youcef Atal,10040.0,Right Back,71,Algeria,4898,"['9d815f9c-6147-4e5d-b828-d9d9f9d3fbfd', 'f76aa616-c11d-4c96-9d64-c63d5f35c6bc']",29,,,,,,,,,,,,,,,,,,,Algeria,4898,00:00:29.532,Pass,
,,,,,,,,,,,,,,,,,1.87062,,,,,,,,,,,,,9cf998b6-7a6c-40a9-a605-8ccab207b812,1483,,"[109.2, 72.1]",3920402,46,,,,,-1.3674324,,Left Foot,True,,"[116.5, 36.7]",,High Pass,,36.144848,,Incomplete,,Baghdad Bounedjah,103465.0,,,,,Free Kick,2,From Free Kick,Riyad Mahrez,3814.0,Right Wing,72,Algeria,4898,"['cb74bc7c-c172-4b8d-96f1-5eafc2ea68f6', 'b51aaec0-5be6-4624-9b08-94f3fef39d48']",58,,,,,,,,,,,,,,,,,,,Algeria,4898,00:01:58.617,Pass,
,,,,,,,,,,,,,,,,,3.125787,,,,,,,,,,,,,c8dbdc36-1694-4830-937e-f88632577063,1487,,"[4.4, 42.6]",3920402,47,,,,,-0.9311156,,Keeper Arm,,,"[16.9, 25.8]",,Ground Pass,,20.940153,,,,Edmond Fayçal Tapsoba,30606.0,,,,,,2,Regular Play,Kouakou Herve Koffi,4388.0,Goalkeeper,73,Burkina Faso,4921,['f1a9a365-7a3c-45ca-92cc-84beb13c2c9e'],7,,,,,,,,,,,,,,,,,,,Burkina Faso,4921,00:02:07.904,Pass,
,,,,,,,,,,,,,,,,,1.128261,,,,,,,,,,,,,aa8b7f51-1591-4323-9375-9911c0352ffd,1490,,"[26.3, 25.2]",3920402,47,,,,,0.89296263,,Left Foot,,,"[35.8, 37.0]",,Ground Pass,,15.148928,,,,Ismahila Ouédraogo,106681.0,,,,,,2,Regular Play,Edmond Fayçal Tapsoba,30606.0,Left Center Back,73,Burkina Faso,4921,['1bb3ef3a-19e7-4648-8755-d33833266a77'],13,,,,,,,,,,,,,,,,,,,Burkina Faso,4921,00:02:13.192,Pass,
,,,,,,,,,,,,,,,,,2.972583,,,,,,,,,,,,,ce8427f7-4534-4754-aaf3-33e9cf64f387,1493,,"[35.9, 36.4]",3920402,47,,,,,-2.7395554,,Right Foot,,,"[10.5, 25.6]",,Ground Pass,,27.600725,,,,Edmond Fayçal Tapsoba,30606.0,,,,,,2,Regular Play,Ismahila Ouédraogo,106681.0,Center Defensive Midfield,73,Burkina Faso,4921,"['4fc9a3b0-4c58-4142-a882-19ce2f82ff6e', '171eeefa-f454-4c6a-8651-1a3c35942f5d']",14,,,,,,,,,,,,,,,,,,,Burkina Faso,4921,00:02:14.320,Pass,True
,,,,,,,,,,,,,,,,,1.818154,,,,,,,,,,,,,c244e320-428b-4a22-9a5d-c893414f0672,1496,,"[5.3, 26.4]",3920402,47,,,,,1.9069344,,Right Foot,,,"[2.4, 34.7]",,Ground Pass,,8.792042,,,,Kouakou Herve Koffi,4388.0,,,,,,2,Regular Play,Edmond Fayçal Tapsoba,30606.0,Left Center Back,73,Burkina Faso,4921,['71f32901-26cf-4f49-9535-7ba6b6e39f1f'],18,,,,,,,,,,,,,,,,,,,Burkina Faso,4921,00:02:18.015,Pass,
,,,,,,,,,,,,,,,,,1.568431,,,,,,,,,,,,,c2cad29a-42de-46ed-a3d0-3bbe05033a09,1500,,"[2.6, 35.3]",3920402,47,,,,,-1.4253657,,Right Foot,,,"[5.5, 15.5]",,High Pass,,20.011248,,,,Edmond Fayçal Tapsoba,30606.0,,,,,,2,Regular Play,Kouakou Herve Koffi,4388.0,Goalkeeper,73,Burkina Faso,4921,"['cd879ee7-f102-4d74-83be-13598f357c90', '186a295e-e33a-4607-ad72-6fc290423cbd']",19,,,,,,,,,,,,,,,,,,,Burkina Faso,4921,00:02:19.920,Pass,True
,,,,,,,,,,,,,,,,,0.678638,,,,,,,,,,,,,0dac6cb5-fd02-48de-a1d7-8ea8cd5c7462,1507,,"[13.6, 20.9]",3920402,47,,True,,,0.0,,Right Foot,,,"[77.8, 20.9]",,High Pass,,64.2,,Incomplete,,,,,,,,Free Kick,2,From Free Kick,Kouakou Herve Koffi,4388.0,Goalkeeper,74,Burkina Faso,4921,['9ada4ed8-0666-4266-b611-bd9fb350a2b3'],54,,,,,,,,,,,,,,,,,,,Burkina Faso,4921,00:02:54.671,Pass,
,,,,,,,,,,,,,,,,,2.242218,,,,,,,,,,,,,9ada4ed8-0666-4266-b611-bd9fb350a2b3,1508,,"[42.3, 59.2]",3920402,47,,True,,,0.007407272,,Head,,,"[55.8, 59.3]",,High Pass,,13.50037,,,,Baghdad Bounedjah,103465.0,,,,,Recovery,2,Regular Play,Rayan Aït Nouri,12111.0,Left Back,75,Algeria,4898,"['0dac6cb5-fd02-48de-a1d7-8ea8cd5c7462', '84e1603b-2c5c-41c9-8c7c-e82ab068780b']",55,,,,,,,,,,,,,,,,,,,Algeria,4898,00:02:55.349,Pass,
,,,,,,,,,,,,,,,,,0.218454,,,,,,,,,,,,,0322c2bd-77f2-4f85-a30c-3d629b67f1c4,1512,,"[63.6, 60.4]",3920402,47,,,,True,-0.4636476,,,,,"[65.2, 59.6]",,Low Pass,,1.7888544,,Incomplete,,Mohamed El Amine Amoura,141358.0,,,,,,2,Regular Play,Baghdad Bounedjah,103465.0,Center Forward,75,Algeria,4898,"['a4b0183d-0e93-4948-8e97-6201586dd48d', '5b8536c5-dea8-407e-a0ca-df6520e3b738', '25ad1e20-527a-4604-811e-26ee1cdfd046']",57,,,,,,,,,,,,,,,,,,,Algeria,4898,00:02:57.592,Pass,True
,,,,,,,,,,,,,,,,,1.942641,,,,,,,,,,,,,3d53ddf3-bbfa-426a-9ba3-707db51180bf,1517,,"[86.9, 57.6]",3920402,48,,,,,-1.0412067,,Right Foot,,,"[103.7, 28.9]",,Ground Pass,,33.255527,,Incomplete,,Mohamed Youcef Belaïli,103464.0,,,,,,2,Regular Play,Mohamed El Amine Amoura,141358.0,Center Attacking Midfield,75,Algeria,4898,"['0b31fb37-812a-4bb8-b867-acfdc93a2bbc', '02bc93a1-2cb2-441e-b594-9be28e597fde']",1,,,,,,,,,,,,,,,,,,,Algeria,4898,00:03:01.009,Pass,
,,,,,,,,,,,,,,,,,1.307817,,,,,,,,,,,,,8a109e7a-84f9-4e8e-9367-169b74c7411f,1520,,"[108.9, 0.1]",3920402,48,,,,,2.619501,,,,,"[101.6, 4.3]",,Low Pass,,8.421995,,Incomplete,,Rayan Aït Nouri,12111.0,,,,,Throw-in,2,From Throw In,Mohamed Youcef Belaïli,103464.0,Left Wing,76,Algeria,4898,"['ed164907-389e-4977-991f-6d4b4b7ec84d', 'd754d3f7-520a-45bb-a5b4-8b1c08d39eba']",9,,,,,,,,,,,,,,,,,,,Algeria,4898,00:03:09.666,Pass,
,,,,,,,,,,,,,,,,,1.699339,,,,,,,,,,,,,b5e88f14-aa40-4973-b188-e578d8bbc213,1525,,"[56.0, 62.8]",3920402,48,,,,,0.40648922,,Left Foot,,,"[86.2, 75.8]",,Ground Pass,,32.879173,,,,Issa Kabore,35471.0,,,,,,2,From Counter,Gustavo Fabrice Sangaré,45466.0,Right Center Midfield,77,Burkina Faso,4921,['402f8614-831d-4922-a0f1-dab480085a33'],17,,,,,,,,,,,,,,,,,,,Burkina Faso,4921,00:03:17.150,Pass,
,,,,,,,,,,,,,,,,,0.791942,,,,,,,,,,,,,e22caecc-16b5-4e40-9823-0dcc971b6992,1528,,"[115.8, 59.9]",3920402,48,,,,,-1.9513026,a998158a-4afd-41f9-9caf-d1b771da3738,Right Foot,True,True,"[110.4, 46.4]",,Ground Pass,,14.539945,,,,Mohamed Konaté,43920.0,True,,,,,2,From Counter,Issa Kabore,35471.0,Right Midfield,77,Burkina Faso,4921,['b6254aab-1fa1-4d49-b0ac-7b83e580edb4'],22,,,,,,,,,,,,,,,,,,,Burkina Faso,4921,00:03:22.597,Pass,
,,,,,,,,,,,,,,,,,0.96075,,,,,,,,,,,,,68423166-2d67-44cb-b9a0-9cf48497977f,1536,,"[115.1, 2.0]",3920402,48,,,,,2.9509537,,Left Foot,,,"[109.4, 3.1]",,Ground Pass,,5.80517,,Incomplete,,Ibrahim Blati Touré,23999.0,,,,,,2,Regular Play,Abdoul Fessal Tapsoba,43705.0,Left Midfield,77,Burkina Faso,4921,"['ec1ae444-6b8e-4c5d-bba1-db4e4bd0aea8', 'b3731b6c-e080-4dab-9d1a-e55e6d3b9b74']",30,,,,,,,,,,,,,,,,,,,Burkina Faso,4921,00:03:30.011,Pass,
,,,,,,,,,,,,,,,,,1.13861,,,,,,,,,,,,,eebc8d44-5212-4910-8561-f2d9d99e22b9,1543,,"[106.5, 11.8]",3920402,48,,,,,1.1441689,,Right Foot,,,"[111.0, 21.7]",,Ground Pass,,10.874742,,,,Abdoul Fessal Tapsoba,43705.0,,,,,,2,Regular Play,Ibrahim Blati Touré,23999.0,Left Center Midfield,77,Burkina Faso,4921,"['2d8f8129-05ab-4f1a-b98e-356384ce539b', 'dc43901d-adf6-4912-99d7-811f64c43e68']",33,,,,,,,,,,,,,,,,,,,Burkina Faso,4921,00:03:33.375,Pass,True
,,,,,,,,,,,,,,,,,0.710651,,,,,,,,,,,,,db16224c-5dfe-44f7-abce-c7f855f09f5a,1545,,"[111.2, 21.5]",3920402,48,,,,,2.5887513,1ec16a31-55b7-4dae-a99d-d15a38fa3d8f,Right Foot,,,"[106.5, 24.4]",,Ground Pass,,5.5226803,,,,Ibrahim Blati Touré,23999.0,True,,,,,2,Regular Play,Abdoul Fessal Tapsoba,43705.0,Left Midfield,77,Burkina Faso,4921,['7e0471d5-b4a2-4191-9245-be6a78fae6b7'],34,,,,,,,,,,,,,,,,,,,Burkina Faso,4921,00:03:34.514,Pass,
,,,,,,,,,,,,,,,,,0.576505,,,,,,,,,,,,,2305d968-7d4b-47ea-950a-4f53ade9b706,1551,,"[6.0, 43.7]",3920402,49,,True,,,1.0754851,,Right Foot,,,"[10.7, 52.4]",,Ground Pass,,9.888377,,,,Ramy Bensebaini,3191.0,,,,,Goal Kick,2,From Goal Kick,Anthony Louis Mandréa,41381.0,Goalkeeper,78,Algeria,4898,['6524fac4-e970-442f-9a6a-b31d593e6efd'],7,,,,,,,,,,,,,,,,,,,Algeria,4898,00:04:07.468,Pass,
,,,,,,,,,,,,,,,,,0.461536,,,,,,,,,,,,,8f622452-b990-4de0-a9d2-7b9d2ca48905,1553,,"[42.9, 20.5]",3920402,49,,True,,,0.84055686,,Left Foot,,,"[50.6, 29.1]",,Ground Pass,,11.543396,,,,Nabil Bentaleb,8520.0,,,,,,2,From Goal Kick,Ramy Bensebaini,3191.0,Left Center Back,78,Algeria,4898,['ff1edae7-06d2-4147-994b-0cd7ffdb317b'],8,,,,,,,,,,,,,,,,,,,Algeria,4898,00:04:08.554,Pass,
,,,,,,,,,,,,,,,,,3.078435,,,,,,,,,,,,,161a420f-4081-4d74-9853-4c05999eb270,1555,,"[50.6, 28.3]",3920402,49,,,,,-0.7026606,,Left Foot,,,"[83.9, 0.1]",,Ground Pass,,43.636337,,Out,,Mohamed El Amine Amoura,141358.0,,,,,,2,From Goal Kick,Nabil Bentaleb,8520.0,Right Defensive Midfield,78,Algeria,4898,['8d1f8235-7cc2-415f-bd2d-0cbb183483ca'],9,,,,,,,,,,,,,,,,,,,Algeria,4898,00:04:09.807,Pass,
,,,,,,,,,,,,,,,,,1.021692,,,,,,,,,,,,,58c8a0ec-df8b-47b0-a699-fb13cd81b070,1557,,"[36.7, 80.0]",3920402,49,,,,,-0.15449661,,,,,"[48.9, 78.1]",,Low Pass,,12.347064,,,,Gustavo Fabrice Sangaré,45466.0,,,,,Throw-in,2,From Throw In,Issa Kabore,35471.0,Right Midfield,79,Burkina Faso,4921,['550ac898-7292-46bf-86f2-40e0e3f9cd86'],32,,,,,,,,,,,,,,,,,,,Burkina Faso,4921,00:04:32.070,Pass,
,,,,,,,,,,,,,,,,,0.896623,,,,,,,,,,,,,bafb6582-89d4-4fa5-bebb-5e0d90940da9,1565,,"[72.3, 11.3]",3920402,49,,,,,0.46109658,,Right Foot,,,"[88.0, 19.1]",,Low Pass,,17.53083,,,,Baghdad Bounedjah,103465.0,,,,,,2,Regular Play,Mohamed Youcef Belaïli,103464.0,Left Wing,80,Algeria,4898,['598f04bd-f589-4e15-811c-a5bbddd92f3f'],36,,,,,,,,,,,,,,,,,,,Algeria,4898,00:04:36.744,Pass,
,,,,,,,,,,,,,,,,,0.577221,,,,,,,,,,,,,44677a78-762a-496a-a5bb-771835ab9693,1581,,"[61.0, 40.1]",3920402,51,,True,,,-3.0118902,,Right Foot,,,"[44.9, 38.0]",,Ground Pass,,16.23638,,,,Ismahila Ouédraogo,106681.0,,,,,Kick Off,2,From Kick Off,Mohamed Konaté,43920.0,Center Forward,82,Burkina Faso,4921,['faaaa43f-2b29-4c6a-b630-49a0f252459f'],28,,,,,,,,,,,,,,,,,,,Burkina Faso,4921,00:06:28.198,Pass,
,,,,,,,,,,,,,,,,,1.105254,,,,,,,,,,,,,5a31bd09-9a26-4b32-87f2-45372c3398b9,1583,,"[45.3, 38.4]",3920402,51,,True,,,0.599659,,Right Foot,,,"[100.3, 76.0]",,High Pass,,66.62402,,Incomplete,,Gustavo Fabrice Sangaré,45466.0,,,,,,2,From Kick Off,Ismahila Ouédraogo,106681.0,Center Defensive Midfield,82,Burkina Faso,4921,"['18ff585a-f14f-49d8-bfeb-5e7aaddf6081', 'a25410b3-2ef6-426a-8f97-1f250c3442c7']",31,,,,,,,,,,,,,,,,,,,Burkina Faso,4921,00:06:31.175,Pass,
,,,,,,,,,,,,,,,,,1.227593,,,,,,,,,,,,,c6bf41c7-a8f1-46dd-a7e2-c29ad665dd35,1590,,"[16.9, 2.6]",3920402,51,,True,,,2.370582,,Left Foot,,,"[2.8, 16.3]",,Ground Pass,,19.659603,,,,Anthony Louis Mandréa,41381.0,,,,,Free Kick,2,From Free Kick,Ramy Bensebaini,3191.0,Left Center Back,84,Algeria,4898,['7df25812-aa3c-4506-84c8-dcd06d3c525a'],48,,,,,,,,,,,,,,,,,,,Algeria,4898,00:06:48.099,Pass,
,,,,,,,,,,,,,,,,,2.894394,,,,,,,,,,,,,062dba6a-7bfd-4461-9038-442b82d17052,1592,,"[10.7, 29.9]",3920402,51,,True,,,-0.71825415,,Right Foot,,,"[35.3, 8.4]",,Ground Pass,,32.67124,,,,Ramy Bensebaini,3191.0,,,,,,2,From Free Kick,Anthony Louis Mandréa,41381.0,Goalkeeper,84,Algeria,4898,['74c72e6b-fb7a-4989-bad2-8e5a648491a0'],53,,,,,,,,,,,,,,,,,,,Algeria,4898,00:06:53.303,Pass,
,,,,,,,,,,,,,,,,,0.810048,,,,,,,,,,,,,d7faaf3c-0bd8-430a-bf39-bc6974cb1945,1594,,"[44.8, 7.8]",3920402,51,,,,,-1.1197267,,Left Foot,,,"[47.9, 1.4]",,Ground Pass,,7.1112585,,,,Ramiz Larbi Zerrouki,38345.0,,,,,,2,From Free Kick,Ramy Bensebaini,3191.0,Left Center Back,84,Algeria,4898,['79cf08b1-9320-40c3-8b74-5ed4800ca2e5'],58,,,,,,,,,,,,,,,,,,,Algeria,4898,00:06:58.621,Pass,
,,,,,,,,,,,,,,,,,0.869981,,,,,,,,,,,,,2e9b9352-d2d7-461f-b3de-317476508e7b,1597,,"[49.4, 2.2]",3920402,52,,,,,-0.015871683,,Right Foot,,,"[62.0, 2.0]",,Ground Pass,,12.601587,,,,Mohamed Youcef Belaïli,103464.0,,,,,,2,From Free Kick,Ramiz Larbi Zerrouki,38345.0,Left Defensive Midfield,84,Algeria,4898,['aae3d9e5-bf0e-484e-b06e-99e94be94a7d'],0,,,,,,,,,,,,,,,,,,,Algeria,4898,00:07:00.512,Pass,
,,,,,,,,,,,,,,,,,2.897254,,,,,,,,,,,,,1d7999dc-d537-43d2-995f-220e3eb97f3b,1600,,"[70.0, 1.2]",3920402,52,,,,,0.04154088,,Right Foot,,,"[110.9, 2.9]",,High Pass,,40.935314,,,,Mohamed El Amine Amoura,141358.0,,,,,,2,From Free Kick,Mohamed Youcef Belaïli,103464.0,Left Wing,84,Algeria,4898,['8f2990b7-d154-4435-ae71-5674ec9e364a'],3,,,,,,,,,,,,,,,,,,,Algeria,4898,00:07:03.030,Pass,
,,,,,,,,,,,,,,,,,1.193454,,,,,,,,,,,,,7c684879-76dc-44af-9945-5f031e980571,1603,,"[108.3, 15.9]",3920402,52,,,,,1.1783192,,Right Foot,True,,"[117.2, 37.4]",,High Pass,,23.269293,,Incomplete,,Baghdad Bounedjah,103465.0,,,,,,2,From Free Kick,Mohamed El Amine Amoura,141358.0,Center Attacking Midfield,84,Algeria,4898,"['465ff9c9-b752-4874-87e4-4edfc98cb4f1', '15af1580-0b36-4c24-9507-67319454b568']",8,,,,,,,,,,,,,,,,,,,Algeria,4898,00:07:08.891,Pass,
,,,,,,,,,,,,,,,,,1.683627,,,,,,,,,,,,,6bd100ac-0fb2-4fd6-a3fc-54a496320c8c,1609,,"[7.0, 36.7]",3920402,52,,True,,,-0.11224301,,Right Foot,,,"[76.2, 28.9]",,High Pass,,69.63821,,Incomplete,,Mohamed Konaté,43920.0,,,,,Goal Kick,2,From Goal Kick,Kouakou Herve Koffi,4388.0,Goalkeeper,85,Burkina Faso,4921,"['005d2b78-bbff-45b0-979a-ae939d44f6c6', '5737425b-3cf3-4177-adf1-5fb854218843']",41,,,,,,,,,,,,,,,,,,,Burkina Faso,4921,00:07:41.650,Pass,
,,,,,,,,,,,,,,,,,0.982288,,,,,,,,,,,,,005d2b78-bbff-45b0-979a-ae939d44f6c6,1612,,"[43.9, 51.2]",3920402,52,,,,True,-0.67673695,,,,,"[50.0, 46.3]",,Low Pass,,7.8243213,,,,Ramiz Larbi Zerrouki,38345.0,,,,,Recovery,2,Regular Play,Aïssa Mandi,6648.0,Right Center Back,86,Algeria,4898,"['06dcfd60-0777-4176-8430-68bf30ebf7de', '6bd100ac-0fb2-4fd6-a3fc-54a496320c8c', 'cf0104ff-1e3e-4e47-89d6-c8207aa8d87c']",43,,,,,,,,,,,,,,,,,,,Algeria,4898,00:07:43.334,Pass,True
,,,,,,,,,,,,,,,,,0.950121,,,,,,,,,,,,,54f9ca89-0455-4052-9940-671fe97c5520,1615,,"[50.4, 46.3]",3920402,52,,,,True,1.6001996,,,,,"[50.2, 53.1]",,Low Pass,,6.8029404,,,,Nabil Bentaleb,8520.0,,,,,,2,Regular Play,Ramiz Larbi Zerrouki,38345.0,Left Defensive Midfield,86,Algeria,4898,"['b86afb87-e658-4279-9c75-032f445b763f', 'e070d64b-60d5-4e3c-a067-290befd16aed']",44,,,,,,,,,,,,,,,,,,,Algeria,4898,00:07:44.354,Pass,True
,,,,,,,,,,,,,,,,,1.431126,,,,,,,,,,,,,cf4ecebc-b653-4da2-a60e-67aee39c3d34,1618,,"[50.6, 52.6]",3920402,52,,,,,-2.4454305,,Left Foot,,,"[29.9, 35.3]",,High Pass,,26.977398,,,,Ramy Bensebaini,3191.0,,,,,,2,Regular Play,Nabil Bentaleb,8520.0,Right Defensive Midfield,86,Algeria,4898,['767e5a05-2a43-4fcf-91ee-bc74870dddbe'],45,,,,,,,,,,,,,,,,,,,Algeria,4898,00:07:45.389,Pass,
,,,,,,,,,,,,,,,,,1.294821,,,,,,,,,,,,,0fdc677a-aae7-40d4-adbd-b1d2c5e9d16f,1622,,"[24.3, 26.2]",3920402,52,,,,,-0.8649401,,Left Foot,,,"[37.0, 11.3]",,Low Pass,,19.578049,,Incomplete,,Rayan Aït Nouri,12111.0,,,,,,2,Regular Play,Ramy Bensebaini,3191.0,Left Center Back,86,Algeria,4898,"['ed0bfefb-1d86-4d8f-a8a0-f14dbcee3f8f', 'b3e9054a-998e-41b5-a939-b3d9b9001a40', '6325553b-fc67-4a80-99db-41a6ebb4e86e']",48,,,,,,,,,,,,,,,,,,,Algeria,4898,00:07:48.016,Pass,True
,,,,,,,,,,,,,,,,,0.937775,,,,,,,,,,,,,922f8d0e-dc7a-489e-98ba-e3c5b9d75682,1630,,"[108.2, 72.1]",3920402,55,,,,,-1.2605395,,Left Foot,True,,"[116.6, 45.9]",,High Pass,,27.513634,,Incomplete,,Abdoul Fessal Tapsoba,43705.0,,,,,Free Kick,2,From Free Kick,Gustavo Fabrice Sangaré,45466.0,Right Center Midfield,88,Burkina Faso,4921,"['72e3d21c-4dc0-433b-acff-28d7877dc839', 'fe0166e4-b0e5-4258-b3f4-a07596bb6695']",18,,,,,,,,,,,,,,,,,,,Burkina Faso,4921,00:10:18.670,Pass,
,,,,,,,,,,,,,,,,,1.661565,,,,,,,,,,,,,0232bbc4-35b0-45da-81ea-f5e4fd974a21,1633,,"[120.0, 80.0]",3920402,55,,,,,-1.9116225,,Right Foot,,,"[106.7, 42.5]",,High Pass,,39.788692,,Incomplete,True,Ismahila Ouédraogo,106681.0,,,Outswinging,,Corner,2,From Corner,Issa Kabore,35471.0,Right Midfield,89,Burkina Faso,4921,"['75c04a94-adfa-4207-8f42-80fadb979b9f', '79c0c093-d992-4726-8924-393f7f1815ef']",54,,,,,,,,,,,,,,,,,,,Burkina Faso,4921,00:10:54.567,Pass,
,,,,,,,,,,,,,,,,,1.889548,,,,,,,,,,,,,0a94bbb9-2c87-4e2e-b7f7-aeccae2e46a1,1639,,"[93.1, 59.7]",3920402,55,,,,,1.5916266,,Right Foot,,,"[92.7, 78.9]",,Ground Pass,,19.204166,,,,Gustavo Fabrice Sangaré,45466.0,,,,,,2,From Corner,Edmond Fayçal Tapsoba,30606.0,Left Center Back,89,Burkina Faso,4921,"['c5c36a0d-240d-4a9d-9751-f6a5cf10d5cd', '955884ad-6c20-4b76-986b-bc0fc76fc807']",59,,,,,,,,,,,,,,,,,,,Burkina Faso,4921,00:10:59.035,Pass,True
,,,,,,,,,,,,,,,,,1.608945,,,,,,,,,,,,,6a0ee261-1363-4af7-9888-ce61abad4d89,1642,,"[91.6, 78.5]",3920402,56,,,,,-1.097984,,Left Foot,True,,"[111.6, 39.4]",,High Pass,,43.91822,,Incomplete,,Issa Kabore,35471.0,,,,,,2,From Corner,Gustavo Fabrice Sangaré,45466.0,Right Center Midfield,89,Burkina Faso,4921,"['644504f4-b10e-4dab-9974-10659d5cf1d8', '9203123b-4dbf-401c-99c8-a5cf30c3352d']",2,,,,,,,,,,,,,,,,,,,Burkina Faso,4921,00:11:02.577,Pass,
,,,,,,,,,,,,,,,,,0.577726,,,,,,,,,,,,,777f1edc-7793-4111-9a9b-97e37e8a1e75,1647,,"[93.7, 80.0]",3920402,56,,,,,-2.4037776,,,,,"[90.4, 77.0]",,Low Pass,,4.4598207,,,,Ibrahim Blati Touré,23999.0,,,,,Throw-in,2,From Throw In,Issa Kabore,35471.0,Right Midfield,90,Burkina Faso,4921,['4215cad3-939f-4b70-84bb-de87404a2c11'],13,,,,,,,,,,,,,,,,,,,Burkina Faso,4921,00:11:13.888,Pass,
,,,,,,,,,,,,,,,,,0.443208,,,,,,,,,,,,,f4e6d9d6-f99b-4ee6-be46-b99de56cfebc,1651,,"[90.6, 78.1]",3920402,56,,,,,0.17593962,,Right Foot,,,"[95.1, 78.9]",,Low Pass,,4.570558,,,,Issa Kabore,35471.0,,,,,,2,From Throw In,Ibrahim Blati Touré,23999.0,Left Center Midfield,90,Burkina Faso,4921,"['d08d3e8d-d846-4271-a1cc-e7c7d5233c50', 'e7680fbf-975d-4e38-a11b-ac01a9760085']",15,,,,,,,,,,,,,,,,,,,Burkina Faso,4921,00:11:15.365,Pass,True
,,,,,,,,,,,,,,,,,0.124117,,,,,,,,,,,,,a37af25b-baea-4b21-8eb0-7beae9107a83,1655,,"[97.8, 79.1]",3920402,56,,,,,-2.55359,,Right Foot,,,"[96.6, 78.3]",,Ground Pass,,1.4422206,,Incomplete,,,,,,,,,2,From Throw In,Issa Kabore,35471.0,Right Midfield,90,Burkina Faso,4921,['3e802039-51ce-4cf5-888b-f565a0976c17'],16,,,,,,,,,,,,,,,,,,,Burkina Faso,4921,00:11:16.964,Pass,
,,,,,,,,,,,,,,,,,2.461517,,,,,,,,,,,,,ec1906f1-d074-455f-af55-60cf228c9f13,1657,,"[105.3, 80.0]",3920402,56,,,,,-1.2711941,,,,,"[111.2, 60.9]",,High Pass,,19.990498,,,,Mohamed Konaté,43920.0,,,,,Throw-in,2,From Throw In,Issa Kabore,35471.0,Right Midfield,91,Burkina Faso,4921,['a80f0305-9ad3-4092-9142-14ffcec3251a'],22,,,,,,,,,,,,,,,,,,,Burkina Faso,4921,00:11:22.784,Pass,
,,,,,,,,,,,,,,,,,0.694735,,,,,,,,,,,,,9249564e-f549-44ea-a752-e4bf7bce3cf1,1665,,"[6.0, 42.3]",3920402,56,,True,,,0.61466295,,Right Foot,,,"[11.1, 45.9]",,Ground Pass,,6.2425957,,,,Aïssa Mandi,6648.0,,,,,Goal Kick,2,From Goal Kick,Anthony Louis Mandréa,41381.0,Goalkeeper,92,Algeria,4898,['19b94f10-bc5a-44bb-b1f2-eff82112786c'],37,,,,,,,,,,,,,,,,,,,Algeria,4898,00:11:37.140,Pass,
,,,,,,,,,,,,,,,,,1.718663,,,,,,,,,,,,,8edef503-2f4e-40b5-9fd6-c63d5d56bf10,1667,,"[41.9, 47.9]",3920402,56,,,,,-1.3304979,,Right Foot,,,"[49.3, 17.7]",,Ground Pass,,31.093409,,,,Ramiz Larbi Zerrouki,38345.0,,,,,,2,From Goal Kick,Aïssa Mandi,6648.0,Right Center Back,92,Algeria,4898,['9d5b54b9-3545-47d7-9192-12a8219ff2f9'],45,,,,,,,,,,,,,,,,,,,Algeria,4898,00:11:45.869,Pass,
,,,,,,,,,,,,,,,,,2.142841,,,,,,,,,,,,,a0ae1255-b502-4a28-b40e-6f58ddbf785e,1670,,"[50.8, 14.2]",3920402,56,,,,,-0.4636476,,Right Foot,,,"[76.4, 1.4]",,Ground Pass,,28.62167,,,,Mohamed Youcef Belaïli,103464.0,,,,,,2,From Goal Kick,Ramiz Larbi Zerrouki,38345.0,Left Defensive Midfield,92,Algeria,4898,['ac62bc8c-59d9-4c4a-9157-2999897a8e7c'],48,,,,,,,,,,,,,,,,,,,Algeria,4898,00:11:48.544,Pass,
,,,,,,,,,,,,,,,,,1.2,,,,,,,,,,,,,bf01eacf-03bb-4de3-9dd9-d709b84d45ec,1674,,"[70.4, 3.1]",3920402,56,,,,,2.6125622,,Right Foot,,,"[57.4, 10.7]",,Ground Pass,,15.058553,,,,Ramiz Larbi Zerrouki,38345.0,,,,,,2,From Goal Kick,Mohamed Youcef Belaïli,103464.0,Left Wing,92,Algeria,4898,"['fa28f874-19c3-4b82-931e-9693c7251214', 'b9ea04cc-e03f-41c3-9b02-f6eb7c303f47']",52,,,,,,,,,,,,,,,,,,,Algeria,4898,00:11:52.995,Pass,True
,,,,,,,,,,,,,,,,,0.725925,,,,,,,,,,,,,5fe85b9e-bb6a-4de2-93b9-ac2e2e13ab35,1677,,"[58.2, 8.9]",3920402,56,,,,,-0.56149364,,Right Foot,,,"[64.4, 5.0]",,Ground Pass,,7.324616,,,,Mohamed Youcef Belaïli,103464.0,,,,,,2,From Goal Kick,Ramiz Larbi Zerrouki,38345.0,Left Defensive Midfield,92,Algeria,4898,['aa9ffa4b-4a57-4462-8ff2-514218d87f3e'],54,,,,,,,,,,,,,,,,,,,Algeria,4898,00:11:54.595,Pass,
,,,,,,,,,,,,,,,,,1.887609,,,,,,,,,,,,,2dcdcafc-1be7-402f-b7ba-007dd596ce8e,1680,,"[70.0, 6.2]",3920402,56,,,,,-0.055498507,c650c7b3-219d-4fc8-896c-6cd01a5b393f,Right Foot,,,"[100.6, 4.5]",,Ground Pass,,30.647186,,,,Mohamed El Amine Amoura,141358.0,True,,,,,2,From Goal Kick,Mohamed Youcef Belaïli,103464.0,Left Wing,92,Algeria,4898,['dd42b524-9a5b-4ae1-b750-ae0b2cee7733'],56,,,,,,,,,,,,,,,,,,,Algeria,4898,00:11:56.726,Pass,
,,,,,,,,,,,,,,,,,0.763887,,,,,,,,,,,,,ff93e44a-f063-422c-9ac1-ceec29849c14,1687,,"[15.1, 52.0]",3920402,57,,,,,1.5707964,,Right Foot,,,"[15.1, 59.9]",,Ground Pass,,7.9,,,,Issa Kabore,35471.0,,,,,Recovery,2,From Goal Kick,Issoufou Dayo,102800.0,Right Center Back,92,Algeria,4898,['1cd696ca-9503-4dee-8fce-db67fa1d18a7'],5,,,,,,,,,,,,,,,,,,,Burkina Faso,4921,00:12:05.169,Pass,
,,,,,,,,,,,,,,,,,4.772971,,,,,,,,,,,,,c5dc0fb0-7d7d-464b-9400-2d1966b26c8e,1699,,"[113.6, 7.6]",3920402,57,,,,,1.6866277,,Left Foot,True,,"[106.2, 71.2]",,High Pass,,64.02905,,,,Riyad Mahrez,3814.0,,True,,,,2,From Goal Kick,Mohamed Youcef Belaïli,103464.0,Left Wing,92,Algeria,4898,['7103c42a-9d20-456a-a904-da29eb663538'],17,,,,,,,,,,,,,,,,,,,Algeria,4898,00:12:17.568,Pass,
,,,,,,,,,,,,,,,,,2.180596,,,,,,,,,,,,,f6f289f8-7912-4274-8b1d-485deadda4a3,1703,,"[106.2, 72.0]",3920402,57,,,,,-3.0738997,,Left Foot,,,"[82.6, 70.4]",,Ground Pass,,23.654175,,,,Youcef Atal,10040.0,,,,,,2,From Goal Kick,Riyad Mahrez,3814.0,Right Wing,92,Algeria,4898,['0932288a-cb93-42ab-ad46-979bd769591c'],22,,,,,,,,,,,,,,,,,,,Algeria,4898,00:12:22.410,Pass,
,,,,,,,,,,,,,,,,,1.753834,,,,,,,,,,,,,4abfa80a-6861-4d14-890d-72235eaac972,1706,,"[79.3, 68.5]",3920402,57,,,,,-2.0299897,,Right Foot,,,"[70.4, 50.5]",,Ground Pass,,20.08009,,,,Aïssa Mandi,6648.0,,,,,,2,From Goal Kick,Youcef Atal,10040.0,Right Back,92,Algeria,4898,['6e7025ed-b3cd-49d3-ac4d-edb65278d06c'],25,,,,,,,,,,,,,,,,,,,Algeria,4898,00:12:25.390,Pass,
,,,,,,,,,,,,,,,,,1.029765,,,,,,,,,,,,,61896044-8e77-43d3-affb-4b712d46e581,1709,,"[72.1, 49.7]",3920402,57,,,,,-1.3167388,,Right Foot,,,"[76.8, 31.6]",,Ground Pass,,18.700268,,,,Ramy Bensebaini,3191.0,,,,,,2,From Goal Kick,Aïssa Mandi,6648.0,Right Center Back,92,Algeria,4898,['eafee320-8aca-4acc-a67b-a6f2f7824b2d'],27,,,,,,,,,,,,,,,,,,,Algeria,4898,00:12:27.569,Pass,
,,,,,,,,,,,,,,,,,1.118311,,,,,,,,,,,,,314e029c-263d-42e4-9cef-9651124a698b,1712,,"[77.5, 27.9]",3920402,57,,,,,-1.6860725,,Left Foot,,,"[76.4, 18.4]",,Ground Pass,,9.563472,,,,Ramiz Larbi Zerrouki,38345.0,,,,,,2,From Goal Kick,Ramy Bensebaini,3191.0,Left Center Back,92,Algeria,4898,['6be7c58b-8ec3-4535-81b0-aa2ff1a34b96'],29,,,,,,,,,,,,,,,,,,,Algeria,4898,00:12:29.995,Pass,
,,,,,,,,,,,,,,,,,1.567162,,,,,,,,,,,,,4df5817e-0512-454f-a6b1-b865b0153bd6,1715,,"[77.8, 15.9]",3920402,57,,,,,2.302193,,Right Foot,,,"[67.3, 27.6]",,Ground Pass,,15.720687,,,,Ramy Bensebaini,3191.0,,,,,,2,From Goal Kick,Ramiz Larbi Zerrouki,38345.0,Left Defensive Midfield,92,Algeria,4898,['e514abfd-b873-4996-ae48-3b44778f9161'],32,,,,,,,,,,,,,,,,,,,Algeria,4898,00:12:32.905,Pass,
,,,,,,,,,,,,,,,,,1.257685,,,,,,,,,,,,,70bebcb8-a8e9-4d78-bbc0-030d36e00daa,1718,,"[70.2, 28.5]",3920402,57,,,,,1.5615374,,Left Foot,,,"[70.4, 50.1]",,Ground Pass,,21.600925,,,,Aïssa Mandi,6648.0,,,,,,2,From Goal Kick,Ramy Bensebaini,3191.0,Left Center Back,92,Algeria,4898,['0273e3af-ea2f-4424-b46d-75cb674ca200'],36,,,,,,,,,,,,,,,,,,,Algeria,4898,00:12:36.512,Pass,
,,,,,,,,,,,,,,,,,1.796891,,,,,,,,,,,,,c2575641-0384-4801-8004-ef86870a1ec8,1721,,"[71.2, 51.8]",3920402,57,,,,,0.7721246,,Right Foot,,,"[94.1, 74.1]",,Low Pass,,31.964043,,,,Riyad Mahrez,3814.0,,,,,,2,From Goal Kick,Aïssa Mandi,6648.0,Right Center Back,92,Algeria,4898,['44ec7341-b420-42ca-8767-14b65c38dcae'],39,,,,,,,,,,,,,,,,,,,Algeria,4898,00:12:39.057,Pass,
,,,,,,,,,,,,,,,,,0.857984,,,,,,,,,,,,,4ed2f35d-3d00-4441-8090-0cb715a65ab3,1724,,"[91.5, 58.8]",3920402,57,,,,,-1.7368822,,Left Foot,,,"[88.6, 41.5]",,Ground Pass,,17.54138,,,,Nabil Bentaleb,8520.0,,,,,,2,From Goal Kick,Riyad Mahrez,3814.0,Right Wing,92,Algeria,4898,['13350715-003c-434e-a313-3c7d46af2c72'],44,,,,,,,,,,,,,,,,,,,Algeria,4898,00:12:44.428,Pass,
,,,,,,,,,,,,,,,,,1.103864,,,,,,,,,,,,,7bc8f462-40b1-4155-9fd6-24aba9808d05,1728,,"[89.0, 40.7]",3920402,57,,,,,-1.7385594,,Left Foot,,,"[86.9, 28.3]",,Ground Pass,,12.576566,,,,Ramiz Larbi Zerrouki,38345.0,,,,,,2,From Goal Kick,Nabil Bentaleb,8520.0,Right Defensive Midfield,92,Algeria,4898,"['e9ec4ad6-df46-4c0e-8106-f632c0e7fda5', '32918d7f-3e69-476c-a9d9-2774a30cb918']",46,,,,,,,,,,,,,,,,,,,Algeria,4898,00:12:46.170,Pass,True
,,,,,,,,,,,,,,,,,0.935756,,,,,,,,,,,,,6308dc63-1356-414a-91bd-38cb0070ec55,1731,,"[86.9, 28.1]",3920402,57,,,,,-1.8007008,,Right Foot,,,"[84.7, 18.7]",,Ground Pass,,9.654015,,,,Rayan Aït Nouri,12111.0,,,,,,2,From Goal Kick,Ramiz Larbi Zerrouki,38345.0,Left Defensive Midfield,92,Algeria,4898,['38e70648-b73c-45cb-a92d-5c080275fc59'],48,,,,,,,,,,,,,,,,,,,Algeria,4898,00:12:48.702,Pass,
,,,,,,,,,,,,,,,,,1.64156,,,,,,,,,,,,,d2255dd8-12d2-4d36-9f3d-f8cd17c6d191,1734,,"[89.0, 16.7]",3920402,57,,,,,-0.5926974,,Left Foot,,,"[103.7, 6.8]",,Ground Pass,,17.722866,,,,Mohamed Youcef Belaïli,103464.0,,,,,,2,From Goal Kick,Rayan Aït Nouri,12111.0,Left Back,92,Algeria,4898,['b3f1a7e2-7aa4-4816-868a-fb1381462cf2'],50,,,,,,,,,,,,,,,,,,,Algeria,4898,00:12:50.225,Pass,
,,,,,,,,,,,,,,,,,1.815779,,,,,,,,,,,,,6c996b35-6e52-44fb-ac26-e3d5bfb31746,1738,,"[107.2, 10.5]",3920402,57,,,,,1.3141903,d10b6179-9d71-4faa-a9e1-3ee57302e451,Right Foot,True,,"[116.2, 44.8]",,High Pass,,35.461105,,,,Mohamed El Amine Amoura,141358.0,True,,,,,2,From Goal Kick,Mohamed Youcef Belaïli,103464.0,Left Wing,92,Algeria,4898,"['94fb74a1-4191-4bf4-889f-1e95239f433d', 'dcdf942e-374e-4e72-af2b-dbc0e214de1c']",55,,,,,,,,,,,,,,,,,,,Algeria,4898,00:12:55.698,Pass,True
,,,,,,,,,,,,,,,,,3.556949,,,,,,,,,,,,,ede2cefc-02aa-4c24-9357-46682d2dd569,1743,,"[7.0, 40.5]",3920402,59,,True,,,-0.12769203,,Right Foot,,,"[62.3, 33.4]",,Ground Pass,,55.753925,,,,Ibrahim Blati Touré,23999.0,,,,,Goal Kick,2,From Goal Kick,Kouakou Herve Koffi,4388.0,Goalkeeper,93,Burkina Faso,4921,['6e47aa97-b239-4b8a-8577-af75990ddd8a'],50,,,,,,,,,,,,,,,,,,,Burkina Faso,4921,00:14:50.623,Pass,
,,,,,,,,,,,,,,,,,1.370168,,,,,,,,,,,,,277f06d5-a834-47cb-bbf4-d2e7dd049eb2,1745,,"[62.1, 38.8]",3920402,59,,,,,1.323115,,Right Foot,,,"[64.3, 47.5]",,Ground Pass,,8.973851,,,,Gustavo Fabrice Sangaré,45466.0,,,,,,2,From Goal Kick,Ibrahim Blati Touré,23999.0,Left Center Midfield,93,Burkina Faso,4921,['2bbc3a6d-72e0-4900-b899-adcd0e8d66ee'],55,,,,,,,,,,,,,,,,,,,Burkina Faso,4921,00:14:55.186,Pass,
,,,,,,,,,,,,,,,,,0.634749,,,,,,,,,,,,,ed8285fd-3ad1-440b-8685-96597c56e562,1747,,"[62.3, 47.9]",3920402,59,,,,,-2.1683528,,Left Foot,,,"[57.4, 40.7]",,Ground Pass,,8.70919,,,,Ibrahim Blati Touré,23999.0,,,,,,2,From Goal Kick,Gustavo Fabrice Sangaré,45466.0,Right Center Midfield,93,Burkina Faso,4921,['32b1494e-f0b9-4dab-a6b5-a79230ee4bd6'],56,,,,,,,,,,,,,,,,,,,Burkina Faso,4921,00:14:56.556,Pass,
,,,,,,,,,,,,,,,,,3.61062,,,,,,,,,,,,,df74ea75-f518-4637-b708-e015f0d48f6b,1751,,"[59.4, 41.1]",3920402,60,,,,,0.61830914,,Right Foot,,,"[113.1, 79.3]",,High Pass,,65.90091,,,,Issa Kabore,35471.0,,,,,,2,From Goal Kick,Ibrahim Blati Touré,23999.0,Left Center Midfield,93,Burkina Faso,4921,['b059fbf6-678f-4b9c-85d9-2c37284480f3'],1,,,,,,,,,,,,,,,,,,,Burkina Faso,4921,00:15:01.154,Pass,
,,,,,,,,,,,,,,,,,1.502668,,,,,,,,,,,,,1ad1db8f-2d67-495d-b02b-fcf814bba919,1762,,"[118.5, 65.7]",3920402,60,,,,,-1.6627868,,Right Foot,True,,"[116.0, 38.6]",,High Pass,,27.215069,,Incomplete,,Abdoul Fessal Tapsoba,43705.0,,,,,,2,From Goal Kick,Issa Kabore,35471.0,Right Midfield,93,Burkina Faso,4921,"['611c62fd-2902-479b-931a-ea28605ce294', '34430c8f-ce82-4f9c-928a-d0c1399f85ad']",12,,,,,,,,,,,,,,,,,,,Burkina Faso,4921,00:15:12.382,Pass,
,,,,,,,,,,,,,,,,,2.082522,,,,,,,,,,,,,03efe99f-0e19-4c62-ba18-8e5a33ba9744,1767,,"[4.9, 43.7]",3920402,60,,True,,,0.8784619,,Right Foot,,,"[28.7, 72.4]",,Ground Pass,,37.284447,,,,Youcef Atal,10040.0,,,,,Free Kick,2,From Free Kick,Anthony Louis Mandréa,41381.0,Goalkeeper,94,Algeria,4898,['e32413ce-bbf7-47e5-8a40-5572d1e70f97'],24,,,,,,,,,,,,,,,,,,,Algeria,4898,00:15:24.291,Pass,
,,,,,,,,,,,,,,,,,1.736829,,,,,,,,,,,,,54cb2a0e-8e7e-406e-8885-566cd2a517d8,1769,,"[33.9, 75.6]",3920402,60,,,,,-0.42085484,,Right Foot,,,"[79.7, 55.1]",,Low Pass,,50.17858,,Incomplete,,Riyad Mahrez,3814.0,,,,,,2,From Free Kick,Youcef Atal,10040.0,Right Back,94,Algeria,4898,"['4c19efe8-68ee-4104-9b44-f2b9f29d43fc', '155a888c-1a77-4507-88d5-7fdb08babe08']",27,,,,,,,,,,,,,,,,,,,Algeria,4898,00:15:27.739,Pass,
,,,,,,,,,,,,,,,,,0.915091,,,,,,,,,,,,,a5906be8-2415-4e81-b780-ed7226222159,1777,,"[46.8, 25.0]",3920402,60,,,,,-0.77229846,,Right Foot,,,"[58.4, 13.7]",,Ground Pass,,16.194136,,,,Steeve Yago,3035.0,,,,,,2,Regular Play,Edmond Fayçal Tapsoba,30606.0,Left Center Back,95,Burkina Faso,4921,['debd4c09-6e07-431d-bff6-0702874cdf77'],32,,,,,,,,,,,,,,,,,,,Burkina Faso,4921,00:15:32.104,Pass,
,,,,,,,,,,,,,,,,,0.977056,,,,,,,,,,,,,a1918144-fea5-4a56-9d8e-e38ac8cf757b,1780,,"[58.8, 12.4]",3920402,60,,,,,-0.7140907,,Right Foot,,,"[69.3, 3.3]",,Ground Pass,,13.894604,,,,Ibrahim Blati Touré,23999.0,,,,,,2,Regular Play,Steeve Yago,3035.0,Left Back,95,Burkina Faso,4921,['52b579be-234e-4aa8-b93f-90fba79206ea'],34,,,,,,,,,,,,,,,,,,,Burkina Faso,4921,00:15:34.239,Pass,
,,,,,,,,,,,,,,,,,1.687622,,,,,,,,,,,,,b6c92d69-6bd5-461f-8fdd-b90353c070ee,1783,,"[69.1, 7.2]",3920402,60,,,,,0.9675071,,Right Foot,,,"[86.6, 32.6]",,High Pass,,30.844934,,,,Mohamed Konaté,43920.0,,,,,,2,Regular Play,Ibrahim Blati Touré,23999.0,Left Center Midfield,95,Burkina Faso,4921,['9f003646-04ca-4ec2-92a4-748a4c731ce4'],36,,,,,,,,,,,,,,,,,,,Burkina Faso,4921,00:15:36.872,Pass,
,,,,,,,,,,,,,,,,,0.712746,,,,,,,,,,,,,00558b1c-fa47-4399-a7f1-cd69b221eccc,1787,,"[81.1, 34.9]",3920402,60,,,,,-2.876083,,Right Foot,,,"[69.7, 31.8]",,Ground Pass,,11.813974,,,,Ismahila Ouédraogo,106681.0,,,,,,2,Regular Play,Mohamed Konaté,43920.0,Center Forward,95,Burkina Faso,4921,['fa72d3a2-74da-4db5-bd0a-47d8ebb3b009'],39,,,,,,,,,,,,,,,,,,,Burkina Faso,4921,00:15:39.988,Pass,
,,,,,,,,,,,,,,,,,1.636963,,,,,,,,,,,,,d316e57d-d5db-4b3a-871d-5b0c311ad82d,1793,,"[70.8, 27.1]",3920402,60,,,,,3.041924,,Right Foot,,,"[52.8, 28.9]",,Ground Pass,,18.089777,,,,Edmond Fayçal Tapsoba,30606.0,,,,,Recovery,2,Regular Play,Ibrahim Blati Touré,23999.0,Left Center Midfield,95,Burkina Faso,4921,['e67376ec-bb3f-43ec-8f85-75723c2eef66'],42,,,,,,,,,,,,,,,,,,,Burkina Faso,4921,00:15:42.737,Pass,
,,,,,,,,,,,,,,,,,1.6,,,,,,,,,,,,,0be16e9c-16f5-4154-a924-a16bf6a4bbf6,1796,,"[56.1, 41.5]",3920402,60,,,,,1.5742928,,Right Foot,,,"[56.0, 70.1]",,Ground Pass,,28.600174,,,,Adamo Nagalo,99280.0,,,,,,2,Regular Play,Edmond Fayçal Tapsoba,30606.0,Left Center Back,95,Burkina Faso,4921,['e3ef2dbe-5403-43c0-ba75-d72d858797e3'],49,,,,,,,,,,,,,,,,,,,Burkina Faso,4921,00:15:49.436,Pass,
,,,,,,,,,,,,,,,,,1.480565,,,,,,,,,,,,,3393e2f0-472f-42ae-a86f-f30dce5945e8,1799,,"[55.3, 70.4]",3920402,60,,,,,-0.17359054,,Right Foot,,,"[76.4, 66.7]",,Ground Pass,,21.421951,,Unknown,,Issa Kabore,35471.0,,,,,,2,Regular Play,Adamo Nagalo,99280.0,Right Back,95,Burkina Faso,4921,['15fce804-b175-488c-8437-e968e95f52ae'],52,,,,,,,,,,,,,,,,,,,Burkina Faso,4921,00:15:52.869,Pass,
,,,,,,,,,,,,,,,,,0.580202,,,,,,,,,,,,,1809a229-36d6-4423-bbfc-fa946388cc7e,1804,,"[44.4, 13.8]",3920402,61,,True,,,0.7515128,,Right Foot,,,"[56.6, 25.2]",,Ground Pass,,16.697306,,,,Ramy Bensebaini,3191.0,,,,,Free Kick,2,From Free Kick,Aïssa Mandi,6648.0,Right Center Back,96,Algeria,4898,['4f5e62c6-c996-43e1-b195-27be15412f67'],54,,,,,,,,,,,,,,,,,,,Algeria,4898,00:16:54.241,Pass,
,,,,,,,,,,,,,,,,,1.384636,,,,,,,,,,,,,f46475c2-bfc4-4845-a906-e26890c867d5,1806,,"[60.1, 19.8]",3920402,61,,,,,-1.0473243,,Right Foot,,,"[68.7, 4.9]",,Ground Pass,,17.20378,,,,Rayan Aït Nouri,12111.0,,,,,,2,From Free Kick,Ramy Bensebaini,3191.0,Left Center Back,96,Algeria,4898,['dce38882-72e9-44a5-847a-7e44f748fad2'],55,,,,,,,,,,,,,,,,,,,Algeria,4898,00:16:55.549,Pass,
,,,,,,,,,,,,,,,,,0.658531,,,,,,,,,,,,,f1f5c5cf-24ce-41e3-9724-1485f48a6468,1809,,"[80.8, 20.4]",3920402,62,,,,,2.0074234,,Left Foot,,,"[75.2, 32.4]",,Ground Pass,,13.242356,,,,Nabil Bentaleb,8520.0,,,,,,2,From Free Kick,Rayan Aït Nouri,12111.0,Left Back,96,Algeria,4898,['58a79c63-0d8b-4ac3-9b20-2eadf508a419'],0,,,,,,,,,,,,,,,,,,,Algeria,4898,00:17:00.028,Pass,
,,,,,,,,,,,,,,,,,2.563497,,,,,,,,,,,,,0b7c1276-0db3-40ae-abb2-cea95d15c575,1812,,"[75.2, 32.2]",3920402,62,,,,,2.0868304,,Left Foot,,,"[63.4, 53.0]",,Ground Pass,,23.914013,,,,Aïssa Mandi,6648.0,,,,,,2,From Free Kick,Nabil Bentaleb,8520.0,Right Defensive Midfield,96,Algeria,4898,['7e09448f-aff2-454e-8739-5901db2f74af'],1,,,,,,,,,,,,,,,,,,,Algeria,4898,00:17:01.290,Pass,
,,,,,,,,,,,,,,,,,1.387433,,,,,,,,,,,,,a9c10bbd-c501-45a8-b191-0fb90c13e265,1814,,"[63.6, 54.7]",3920402,62,,,,,1.2635375,,Right Foot,,,"[70.2, 75.5]",,Ground Pass,,21.822008,,,,Youcef Atal,10040.0,,,,,,2,From Free Kick,Aïssa Mandi,6648.0,Right Center Back,96,Algeria,4898,['bd795d1c-5528-45ce-a206-04c7a61fb0b3'],3,,,,,,,,,,,,,,,,,,,Algeria,4898,00:17:03.853,Pass,
,,,,,,,,,,,,,,,,,1.50261,,,,,,,,,,,,,fd2caea8-4d31-40ba-b632-66c80c867439,1817,,"[71.2, 75.9]",3920402,62,,,,,-0.14676319,,Right Foot,,,"[94.2, 72.5]",,High Pass,,23.249947,,Incomplete,,Mohamed El Amine Amoura,141358.0,,,,,,2,From Free Kick,Youcef Atal,10040.0,Right Back,96,Algeria,4898,"['cc9ef23e-4fb3-4c3a-af81-1444fc8c8099', 'baedb33a-2a21-4ec9-a06f-365df9f7329c']",6,,,,,,,,,,,,,,,,,,,Algeria,4898,00:17:06.212,Pass,
,,,,,,,,,,,,,,,,,1.152243,,,,,,,,,,,,,cf0167ae-5226-4809-b78d-2d3bff27e698,1824,,"[27.0, 2.7]",3920402,62,,True,,,1.9720252,,Right Foot,,,"[22.8, 12.6]",,Ground Pass,,10.754069,,,,Edmond Fayçal Tapsoba,30606.0,,,,,Free Kick,2,From Free Kick,Steeve Yago,3035.0,Left Back,98,Burkina Faso,4921,['75630401-a23e-41c3-a914-a9a7d4c10d02'],20,,,,,,,,,,,,,,,,,,,Burkina Faso,4921,00:17:20.180,Pass,
,,,,,,,,,,,,,,,,,2.261872,,,,,,,,,,,,,487c9f37-802d-48a8-b8a2-695d03830aed,1826,,"[30.9, 27.0]",3920402,62,,,,,1.8093055,,Left Foot,,,"[24.7, 52.5]",,Ground Pass,,26.242905,,,,Issoufou Dayo,102800.0,,,,,,2,From Free Kick,Edmond Fayçal Tapsoba,30606.0,Left Center Back,98,Burkina Faso,4921,['06b32bdd-4cf8-4c65-9fce-6a44656e1b47'],29,,,,,,,,,,,,,,,,,,,Burkina Faso,4921,00:17:29.663,Pass,
,,,,,,,,,,,,,,,,,2.101375,,,,,,,,,,,,,89ca643f-d36d-4b51-8edd-ba07c3f700f2,1829,,"[24.9, 58.9]",3920402,62,,,,,0.2344431,,Right Foot,,,"[76.4, 71.2]",,High Pass,,52.948467,,Incomplete,,Issa Kabore,35471.0,,,,,,2,From Free Kick,Issoufou Dayo,102800.0,Right Center Back,98,Burkina Faso,4921,"['02eebfab-6bf8-4e2b-894b-45b11ca5eb6f', '1c508173-34ac-4213-b74e-f82494ffc02e']",33,,,,,,,,,,,,,,,,,,,Burkina Faso,4921,00:17:33.698,Pass,
,,,,,,,,,,,,,,,,,1.787565,,,,,,,,,,,,,02eebfab-6bf8-4e2b-894b-45b11ca5eb6f,1831,,"[43.7, 8.9]",3920402,62,,,,,-0.055704392,,Head,,,"[70.6, 7.4]",,High Pass,,26.94179,,,,Mohamed Youcef Belaïli,103464.0,,,,,Recovery,2,From Free Kick,Rayan Aït Nouri,12111.0,Left Back,98,Burkina Faso,4921,"['67744d73-94e8-4f79-8329-334c9252eb33', '89ca643f-d36d-4b51-8edd-ba07c3f700f2']",35,,,,,,,,,,,,,,,,,,,Algeria,4898,00:17:35.799,Pass,
,,,,,,,,,,,,,,,,,2.790073,,,,,,,,,,,,,7ceb499c-be81-4246-8987-9e1e7b5bae23,1835,,"[68.7, 17.7]",3920402,62,,,,,0.24387369,,Right Foot,,,"[111.3, 28.3]",,High Pass,,43.898975,,Incomplete,,Mohamed El Amine Amoura,141358.0,,,Through Ball,True,,2,From Free Kick,Mohamed Youcef Belaïli,103464.0,Left Wing,98,Burkina Faso,4921,"['3bca3ed8-79c8-4597-9b02-216217d9e5c0', 'd99d4179-4f1e-4996-a1ce-e64c01dd4653']",39,,,,,,,,,,,,,,,,,,,Algeria,4898,00:17:39.382,Pass,
,,,,,,,,,,,,,,,,,3.37033,,,,,,,,,,,,,ca5cae03-6cf2-4ebc-8ab3-3d6ef0ce7fc7,1838,,"[11.5, 48.3]",3920402,62,,True,,,-1.080076,,Keeper Arm,,,"[22.4, 27.9]",,Ground Pass,,23.12942,,,,Edmond Fayçal Tapsoba,30606.0,,,,,,2,From Keeper,Kouakou Herve Koffi,4388.0,Goalkeeper,99,Burkina Faso,4921,['0b1a87f5-7bc6-4203-a090-a414b88e44e5'],44,,,,,,,,,,,,,,,,,,,Burkina Faso,4921,00:17:44.757,Pass,
,,,,,,,,,,,,,,,,,0.770394,,,,,,,,,,,,,9cf931d1-aade-4a66-b5aa-5e692b9cd079,1844,,"[51.0, 6.4]",3920402,63,,True,,,0.3296244,,Right Foot,,,"[54.8, 7.7]",,Ground Pass,,4.016217,,,,Ibrahim Blati Touré,23999.0,,,,,Free Kick,2,From Free Kick,Ismahila Ouédraogo,106681.0,Center Defensive Midfield,100,Burkina Faso,4921,['08058616-0c9f-42e2-96a7-4eb2c6ce7d83'],24,,,,,,,,,,,,,,,,,,,Burkina Faso,4921,00:18:24.928,Pass,
,,,,,,,,,,,,,,,,,0.717551,,,,,,,,,,,,,82a58bdc-c00a-458c-8b58-f15f217c1e7a,1850,,"[47.3, 40.7]",3920402,63,,,,,1.3013237,,Right Foot,,,"[50.2, 51.2]",,Ground Pass,,10.893117,,,,Nabil Bentaleb,8520.0,,,,,Recovery,2,Regular Play,Ramiz Larbi Zerrouki,38345.0,Left Defensive Midfield,101,Algeria,4898,['18767bea-d05f-4dc7-84c7-af092e9929fb'],30,,,,,,,,,,,,,,,,,,,Algeria,4898,00:18:30.249,Pass,
,,,,,,,,,,,,,,,,,2.044837,,,,,,,,,,,,,631a8fc9-7fc3-4642-892b-53fc0fc7dc99,1853,,"[58.0, 50.9]",3920402,63,,,,,-1.2190621,7d10e4a9-9ab3-4527-a983-a8a8e253bbda,Left Foot,,,"[72.9, 10.3]",,Low Pass,,43.247776,,,,Mohamed Youcef Belaïli,103464.0,True,True,,,,2,Regular Play,Nabil Bentaleb,8520.0,Right Defensive Midfield,101,Algeria,4898,['0b08d5d3-2114-4c97-86da-3acb949d8b62'],34,,,,,,,,,,,,,,,,,,,Algeria,4898,00:18:34.567,Pass,
,,,,,,,,,,,,,,,,,1.74601,,,,,,,,,,,,,cad9ab84-2410-4443-ba8b-8aab67daf125,1863,,"[10.9, 58.9]",3920402,63,,,,,0.22860585,,Keeper Arm,,,"[31.1, 63.6]",,Ground Pass,,20.739576,,,,Gustavo Fabrice Sangaré,45466.0,,,,,,2,Regular Play,Kouakou Herve Koffi,4388.0,Goalkeeper,102,Burkina Faso,4921,['c35c3a05-866f-47d0-8143-9b9479bbb3f4'],47,,,,,,,,,,,,,,,,,,,Burkina Faso,4921,00:18:47.023,Pass,
,,,,,,,,,,,,,,,,,1.265518,,,,,,,,,,,,,da2c9e26-b18a-4a91-85eb-dee169e2c704,1866,,"[54.5, 68.7]",3920402,63,,,,,-0.16725394,,Left Foot,,,"[69.9, 66.1]",,Ground Pass,,15.617938,,,,Bertrand Isidore Traoré,2956.0,,,,,,2,Regular Play,Gustavo Fabrice Sangaré,45466.0,Right Center Midfield,102,Burkina Faso,4921,['7b05e4bf-4314-4550-9ff0-f2f05cdeabb8'],52,,,,,,,,,,,,,,,,,,,Burkina Faso,4921,00:18:52.682,Pass,
,,,,,,,,,,,,,,,,,1.351575,,,,,,,,,,,,,bfad3f29-972f-4db0-a380-3baad5d1f0e2,1870,,"[57.7, 78.9]",3920402,63,,,,,-2.791812,,Left Foot,,,"[41.8, 73.1]",,Ground Pass,,16.924833,,,,Adamo Nagalo,99280.0,,,,,,2,Regular Play,Bertrand Isidore Traoré,2956.0,Center Forward,102,Burkina Faso,4921,"['a86dd587-579c-41dd-8c40-e926d9d3e7cf', '1c6ff2b6-7b75-44ac-9d89-adc032ae84e8']",57,,,,,,,,,,,,,,,,,,,Burkina Faso,4921,00:18:57.112,Pass,True
,,,,,,,,,,,,,,,,,1.139901,,,,,,,,,,,,,de263a1b-e2f4-4a19-bc61-d1efd151f36b,1873,,"[45.3, 75.8]",3920402,63,,,,,-1.2042996,,Right Foot,,,"[49.1, 65.9]",,Ground Pass,,10.604244,,,,Ibrahim Blati Touré,23999.0,,,,,,2,Regular Play,Adamo Nagalo,99280.0,Right Back,102,Burkina Faso,4921,['d2c7077d-195e-4aa0-8505-c48a7f36664c'],59,,,,,,,,,,,,,,,,,,,Burkina Faso,4921,00:18:59.703,Pass,
,,,,,,,,,,,,,,,,,0.628416,,,,,,,,,,,,,a760bf67-5104-4d93-a943-7c419fc5cd20,1876,,"[48.5, 66.3]",3920402,64,,,,,2.1341126,,Right Foot,,,"[43.7, 73.9]",,Ground Pass,,8.988882,,,,Adamo Nagalo,99280.0,,,,,,2,Regular Play,Ibrahim Blati Touré,23999.0,Left Center Midfield,102,Burkina Faso,4921,['145086b3-a3bc-4e33-b0d1-517d23fa1197'],0,,,,,,,,,,,,,,,,,,,Burkina Faso,4921,00:19:00.981,Pass,
,,,,,,,,,,,,,,,,,1.774912,,,,,,,,,,,,,cc034c1f-ca21-4a6f-a605-f4593c0e6376,1879,,"[43.1, 74.7]",3920402,64,,,,,-2.4063454,,Right Foot,,,"[29.5, 62.4]",,Ground Pass,,18.33712,,,,Issoufou Dayo,102800.0,,,,,,2,Regular Play,Adamo Nagalo,99280.0,Right Back,102,Burkina Faso,4921,['3540a99e-8b4e-4f29-af01-7f1701df311f'],1,,,,,,,,,,,,,,,,,,,Burkina Faso,4921,00:19:01.689,Pass,
,,,,,,,,,,,,,,,,,1.654913,,,,,,,,,,,,,eeead2dc-c0e7-47c6-8ed2-344a94f499e8,1882,,"[30.6, 53.1]",3920402,64,,,,,-1.0821906,,Right Foot,,,"[44.9, 26.2]",,Ground Pass,,30.464733,,,,Edmond Fayçal Tapsoba,30606.0,,,,,,2,Regular Play,Issoufou Dayo,102800.0,Right Center Back,102,Burkina Faso,4921,['079ef074-a563-4979-b9d5-822b5a41e36c'],5,,,,,,,,,,,,,,,,,,,Burkina Faso,4921,00:19:05.260,Pass,
,,,,,,,,,,,,,,,,,1.461755,,,,,,,,,,,,,914d70c0-78cc-4941-935e-ef3f767d50b7,1885,,"[51.8, 28.7]",3920402,64,,,,,1.3510013,,Right Foot,,,"[56.0, 47.5]",,Ground Pass,,19.263437,,,,Ibrahim Blati Touré,23999.0,,,,,,2,Regular Play,Edmond Fayçal Tapsoba,30606.0,Left Center Back,102,Burkina Faso,4921,['80af2d51-56a3-40fc-8d23-056b8d042f1e'],11,,,,,,,,,,,,,,,,,,,Burkina Faso,4921,00:19:11.768,Pass,
,,,,,,,,,,,,,,,,,1.270567,,,,,,,,,,,,,0cc3daf7-ddc7-400f-a3c2-17ec76c4d681,1888,,"[55.6, 48.3]",3920402,64,,,,,0.16703369,,Right Foot,,,"[72.8, 51.2]",,Ground Pass,,17.442764,,,,Bertrand Isidore Traoré,2956.0,,,,,,2,Regular Play,Ibrahim Blati Touré,23999.0,Left Center Midfield,102,Burkina Faso,4921,['8ac7183c-be3d-4ac1-a5ea-8792567183f4'],14,,,,,,,,,,,,,,,,,,,Burkina Faso,4921,00:19:14.631,Pass,
,,,,,,,,,,,,,,,,,0.648644,,,,,,,,,,,,,a0e48582-5bbd-44c7-9585-574a09582ef5,1891,,"[71.2, 53.5]",3920402,64,,,,,2.6523097,,Left Foot,,,"[63.5, 57.6]",,Ground Pass,,8.723532,,,,Gustavo Fabrice Sangaré,45466.0,,,,,,2,Regular Play,Bertrand Isidore Traoré,2956.0,Center Forward,102,Burkina Faso,4921,['3d5a5db8-59d4-4fd3-9c6c-a87b97dbca63'],16,,,,,,,,,,,,,,,,,,,Burkina Faso,4921,00:19:16.626,Pass,
,,,,,,,,,,,,,,,,,2.732349,,,,,,,,,,,,,64b1e86d-670b-4a18-bbf2-f01242681cc2,1894,,"[64.1, 58.9]",3920402,64,,,,,0.66514784,,Left Foot,,,"[91.0, 80.0]",,Ground Pass,,34.18801,,Out,,Issa Kabore,35471.0,,,,,,2,Regular Play,Gustavo Fabrice Sangaré,45466.0,Right Center Midfield,102,Burkina Faso,4921,['e1aae671-5329-4133-badd-0cd511512ad3'],17,,,,,,,,,,,,,,,,,,,Burkina Faso,4921,00:19:17.781,Pass,
,,,,,,,,,,,,,,,,,1.022019,,,,,,,,,,,,,a1457c72-2aa8-4b18-b7fe-368bed38731d,1896,,"[27.4, 0.1]",3920402,64,,True,,,0.7853982,,,,,"[31.0, 3.7]",,Low Pass,,5.091169,,,,Nabil Bentaleb,8520.0,,,,,Throw-in,2,From Throw In,Rayan Aït Nouri,12111.0,Left Back,103,Algeria,4898,['b8963506-550a-4d26-b066-18e9a834a271'],27,,,,,,,,,,,,,,,,,,,Algeria,4898,00:19:27.821,Pass,
,,,,,,,,,,,,,,,,,1.058218,,,,,,,,,,,,,1780cc2d-bd94-4fa5-a566-a957bed402aa,1898,,"[29.9, 2.9]",3920402,64,,,,,-2.7509856,,Left Foot,,,"[28.2, 2.2]",,Ground Pass,,1.8384776,,Incomplete,,Rayan Aït Nouri,12111.0,,,,,,2,From Throw In,Nabil Bentaleb,8520.0,Right Defensive Midfield,103,Algeria,4898,"['98db4266-fd95-4a0e-a735-7071aca0d201', 'a6f64e56-2ac7-4d4f-82ea-07f6fe3cec56']",29,,,,,,,,,,,,,,,,,,,Algeria,4898,00:19:29.494,Pass,
,,,,,,,,,,,,True,,,,,0.686762,,,,,,,,,,,,,a6f64e56-2ac7-4d4f-82ea-07f6fe3cec56,1901,,"[91.9, 77.9]",3920402,64,,,,,-3.0896912,,Left Foot,,,"[84.2, 77.5]",,Ground Pass,,7.7103825,,,,Issa Kabore,35471.0,,,,,Interception,2,Regular Play,Bertrand Isidore Traoré,2956.0,Center Forward,104,Burkina Faso,4921,"['1780cc2d-bd94-4fa5-a566-a957bed402aa', '15aaf9fa-87f3-4bd3-b4a1-72d14bb77db8']",30,,,,,,,,,,,,,,,,,,,Burkina Faso,4921,00:19:30.553,Pass,
,,,,,,,,,,,,,,,,,0.889296,,,,,,,,,,,,,193f3731-3b32-4dec-a87e-5d8381fac51d,1904,,"[84.8, 76.4]",3920402,64,,,,,-2.108383,,Right Foot,,,"[81.7, 71.2]",,Ground Pass,,6.0539246,,,,Gustavo Fabrice Sangaré,45466.0,,,,,,2,Regular Play,Issa Kabore,35471.0,Right Midfield,104,Burkina Faso,4921,['a3f16f53-714a-40ef-a661-dbefb148cec1'],32,,,,,,,,,,,,,,,,,,,Burkina Faso,4921,00:19:32.529,Pass,
,,,,,,,,,,,,,,,,,0.921375,,,,,,,,,,,,,7cacf87b-e0c2-410f-af43-7a434b242b42,1907,,"[81.1, 66.9]",3920402,64,,,,,-0.97217196,,Left Foot,,,"[91.4, 51.8]",,Ground Pass,,18.278402,,,,Ibrahim Blati Touré,23999.0,,,,,,2,Regular Play,Gustavo Fabrice Sangaré,45466.0,Right Center Midfield,104,Burkina Faso,4921,['57b66625-b50e-4ab3-8ac9-30a88d5f96f9'],33,,,,,,,,,,,,,,,,,,,Burkina Faso,4921,00:19:33.992,Pass,
,,,,,,,,,,,,,,,,,0.418466,,,,,,,,,,,,,aa618b80-c99d-4a8a-9003-9eace9cdf62f,1910,,"[91.2, 52.0]",3920402,64,,,,,-0.28605145,,Right Foot,,,"[98.0, 50.0]",,Ground Pass,,7.088018,,Incomplete,,Abdoul Fessal Tapsoba,43705.0,,,,,,2,Regular Play,Ibrahim Blati Touré,23999.0,Left Center Midfield,104,Burkina Faso,4921,"['8b19c3d9-4ac5-462c-9532-ff3331a0bcf1', 'c90c762c-69d0-4249-9fa8-85f7ed7b2bfd']",35,,,,,,,,,,,,,,,,,,,Burkina Faso,4921,00:19:35.662,Pass,
,,,,,,,,,,,,,,,,,4.729613,,,,,,,,,,,,,8c0d3117-0873-4cf9-acd6-46be1b82006c,1914,,"[23.2, 32.8]",3920402,64,,,,,0.75786275,,Right Foot,,,"[71.7, 78.7]",,High Pass,,66.77619,,,,Riyad Mahrez,3814.0,,True,,,,2,Regular Play,Ramy Bensebaini,3191.0,Left Center Back,104,Burkina Faso,4921,['8d8a0a58-a445-4fc4-ba6f-edbb09ebf356'],37,,,,,,,,,,,,,,,,,,,Algeria,4898,00:19:37.229,Pass,
,,,,,,,,,,,,,,,,,2.010298,,,,,,,,,,,,,a0436129-df84-46e4-bc1b-54fed7750ee2,1918,,"[38.5, 0.1]",3920402,64,,,,,1.8842237,,,,,"[30.3, 25.4]",,Low Pass,,26.595676,,,,Issoufou Dayo,102800.0,,,,,Throw-in,2,From Throw In,Edmond Fayçal Tapsoba,30606.0,Left Center Back,105,Burkina Faso,4921,['07ae20fd-a35e-44d5-8c98-554b65fa750d'],46,,,,,,,,,,,,,,,,,,,Burkina Faso,4921,00:19:46.934,Pass,
,,,,,,,,,,,,,,,,,2.4,,,,,,,,,,,,,b31f7a68-014b-41c8-9f9f-b50e33ea08b7,1921,,"[29.4, 28.7]",3920402,64,,,,,1.4314833,,Right Foot,,,"[33.2, 55.8]",,Ground Pass,,27.365124,,,,Adamo Nagalo,99280.0,,,,,,2,From Throw In,Issoufou Dayo,102800.0,Right Center Back,105,Burkina Faso,4921,['7069fef4-348b-4202-9793-b7d1450001ba'],50,,,,,,,,,,,,,,,,,,,Burkina Faso,4921,00:19:50.944,Pass,
,,,,,,,,,,,,,,,,,1.250144,,,,,,,,,,,,,988c1fbd-dc11-4758-88cb-46e6ff6f8027,1924,,"[34.2, 57.0]",3920402,64,,,,,-0.025151927,,Right Foot,,,"[50.1, 56.6]",,Ground Pass,,15.90503,,,,Gustavo Fabrice Sangaré,45466.0,,,,,,2,From Throw In,Adamo Nagalo,99280.0,Right Back,105,Burkina Faso,4921,['0304d7b7-52df-4ad7-ad8a-3414602a906b'],54,,,,,,,,,,,,,,,,,,,Burkina Faso,4921,00:19:54.388,Pass,
,,,,,,,,,,,,,,,,,1.235423,,,,,,,,,,,,,91ab9421-df58-4a18-bba4-9fceeab98444,1927,,"[47.0, 52.7]",3920402,64,,,,,-1.7633493,,Left Foot,,,"[43.9, 36.8]",,Ground Pass,,16.199383,,,,Ismahila Ouédraogo,106681.0,,,,,,2,From Throw In,Gustavo Fabrice Sangaré,45466.0,Right Center Midfield,105,Burkina Faso,4921,['c7c230d0-5638-47cc-96a1-209f87cf317d'],57,,,,,,,,,,,,,,,,,,,Burkina Faso,4921,00:19:57.403,Pass,
,,,,,,,,,,,,,,,,,2.051056,,,,,,,,,,,,,103409f6-d5cf-4a0e-b486-f866d764e0fd,1930,,"[52.2, 39.8]",3920402,65,,,,,-1.6842773,,Right Foot,,,"[49.1, 12.6]",,Ground Pass,,27.376085,,,,Edmond Fayçal Tapsoba,30606.0,,,,,,2,From Throw In,Ismahila Ouédraogo,106681.0,Center Defensive Midfield,105,Burkina Faso,4921,['5c920519-002f-46fc-9c34-88e6e1b36d4c'],1,,,,,,,,,,,,,,,,,,,Burkina Faso,4921,00:20:01.528,Pass,
,,,,,,,,,,,,,,,,,3.118704,,,,,,,,,,,,,73341f17-93b8-45c0-acd6-8da5e4fbe3b3,1933,,"[53.4, 22.7]",3920402,65,,,,,0.5705625,,Right Foot,,,"[105.6, 56.2]",,High Pass,,62.024914,,,,Issa Kabore,35471.0,,,,,,2,From Throw In,Edmond Fayçal Tapsoba,30606.0,Left Center Back,105,Burkina Faso,4921,['feb13071-50ac-489a-9712-c74931399c3b'],10,,,,,,,,,,,,,,,,,,,Burkina Faso,4921,00:20:10.714,Pass,
,,,,,,,,,,,,,,,,,4.668475,,,,,,,,,,,,,0a6ab6d2-d132-4466-8a5c-5d739c44eacc,1942,,"[60.0, 40.0]",3920402,71,,True,,,3.0332108,,Right Foot,,,"[40.7, 42.1]",,Ground Pass,,19.413912,,,,Ramy Bensebaini,3191.0,,,,,Kick Off,2,From Kick Off,Mohamed El Amine Amoura,141358.0,Center Attacking Midfield,107,Algeria,4898,['61e6e63f-a4a3-4def-a2e3-25af8c4c0c78'],57,,,,,,,,,,,,,,,,,,,Algeria,4898,00:26:57.701,Pass,
,,,,,,,,,,,,,,,,,1.188642,,,,,,,,,,,,,9b2741b3-ce4a-44b5-ba8f-34142f62ce6c,1944,,"[46.9, 20.0]",3920402,72,,,,,1.4084741,,Left Foot,,,"[51.6, 48.7]",,Ground Pass,,29.082296,,,,Aïssa Mandi,6648.0,,,,,,2,From Kick Off,Ramy Bensebaini,3191.0,Left Center Back,107,Algeria,4898,['3fb6653b-1374-4955-b013-8e50352e5211'],2,,,,,,,,,,,,,,,,,,,Algeria,4898,00:27:02.554,Pass,
,,,,,,,,,,,,,,,,,1.666039,,,,,,,,,,,,,748f46ee-32a8-4b09-ae92-96ef1ea430d3,1947,,"[54.6, 48.7]",3920402,72,,,,,-1.6398354,,Right Foot,,,"[53.3, 29.9]",,Ground Pass,,18.844893,,,,Ramy Bensebaini,3191.0,,,,,,2,From Kick Off,Aïssa Mandi,6648.0,Right Center Back,107,Algeria,4898,['bb8a9be6-f883-41f4-aed4-08606f511c3f'],5,,,,,,,,,,,,,,,,,,,Algeria,4898,00:27:05.127,Pass,
,,,,,,,,,,,,,,,,,0.914574,,,,,,,,,,,,,1aa58785-219a-4cca-880f-94eeb1181cb1,1950,,"[56.6, 27.6]",3920402,72,,,,,-1.1550423,,Left Foot,,,"[64.9, 8.8]",,Ground Pass,,20.550669,,,,Mohamed Youcef Belaïli,103464.0,,,,,,2,From Kick Off,Ramy Bensebaini,3191.0,Left Center Back,107,Algeria,4898,['acd97d77-a0e2-4d3e-ab8a-74cd34ce7246'],8,,,,,,,,,,,,,,,,,,,Algeria,4898,00:27:08.810,Pass,
,,,,,,,,,,,,,,,,,1.083854,,,,,,,,,,,,,3e666feb-17ad-4a56-905d-d72654022c7e,1954,,"[63.0, 11.1]",3920402,72,,,,,2.2178435,,Right Foot,,,"[49.4, 29.1]",,Ground Pass,,22.560143,,,,Ramy Bensebaini,3191.0,,,,,,2,From Kick Off,Mohamed Youcef Belaïli,103464.0,Left Wing,107,Algeria,4898,"['33a84fc8-4940-48eb-b996-2d01cd61f093', 'dc893d7b-b282-4e74-9e4e-1d8108bc122b']",10,,,,,,,,,,,,,,,,,,,Algeria,4898,00:27:10.850,Pass,True
,,,,,,,,,,,,,,,,,1.333744,,,,,,,,,,,,,bcf8b589-5632-4a9c-8acb-0e0c1a0669bc,1957,,"[48.6, 32.2]",3920402,72,,,,,1.4964654,,Right Foot,,,"[50.0, 51.0]",,Ground Pass,,18.852057,,,,Aïssa Mandi,6648.0,,,,,,2,From Kick Off,Ramy Bensebaini,3191.0,Left Center Back,107,Algeria,4898,['f56715fd-38f5-46aa-973a-056a18f9120e'],13,,,,,,,,,,,,,,,,,,,Algeria,4898,00:27:13.120,Pass,
,,,,,,,,,,,,,,,,,2.399999,,,,,,,,,,,,,8c32c6fc-6d7a-42fb-9408-bd18e1f3590a,1959,,"[49.7, 51.4]",3920402,72,,,,,-2.6405146,,Right Foot,,,"[21.4, 35.9]",,Ground Pass,,32.2667,,,,Anthony Louis Mandréa,41381.0,,,,,,2,From Kick Off,Aïssa Mandi,6648.0,Right Center Back,107,Algeria,4898,['6f8a13d9-2cc7-43f1-9648-d72a817a5560'],14,,,,,,,,,,,,,,,,,,,Algeria,4898,00:27:14.454,Pass,
,,,,,,,,,,,,,,,,,1.495159,,,,,,,,,,,,,63498355-ffd4-47eb-8b1a-99ac70984ddf,1962,,"[21.7, 36.3]",3920402,72,,,,,-0.90975314,,Right Foot,,,"[37.8, 15.6]",,Ground Pass,,26.224035,,,,Ramiz Larbi Zerrouki,38345.0,,,,,,2,From Kick Off,Anthony Louis Mandréa,41381.0,Goalkeeper,107,Algeria,4898,['75761f44-97a0-4900-a746-c4867d9e0a1b'],17,,,,,,,,,,,,,,,,,,,Algeria,4898,00:27:17.788,Pass,
,,,,,,,,,,,,,,,,,2.18096,,,,,,,,,,,,,539db18c-3b95-4935-880b-e60887b688eb,1965,,"[49.4, 10.1]",3920402,72,,,,,1.6389964,,Right Foot,,,"[46.9, 46.7]",,Ground Pass,,36.685284,,,,Aïssa Mandi,6648.0,,,,,,2,From Kick Off,Ramiz Larbi Zerrouki,38345.0,Left Defensive Midfield,107,Algeria,4898,['879b0202-72b7-439f-882f-68ee0c43538e'],22,,,,,,,,,,,,,,,,,,,Algeria,4898,00:27:22.176,Pass,
,,,,,,,,,,,,,,,,,1.281378,,,,,,,,,,,,,0014303e-aadf-4f6b-b4ad-0aae822de169,1969,,"[49.3, 48.5]",3920402,72,,,,,-0.9742323,,Right Foot,,,"[58.4, 35.1]",,Ground Pass,,16.19784,,,,Nabil Bentaleb,8520.0,,,,,,2,From Kick Off,Aïssa Mandi,6648.0,Right Center Back,107,Algeria,4898,['4434a5f8-ff9f-4aba-97e5-d98d05fd88b7'],25,,,,,,,,,,,,,,,,,,,Algeria,4898,00:27:25.891,Pass,
,,,,,,,,,,,,,,,,,1.397415,,,,,,,,,,,,,9ed93d81-1ed4-4193-b0bd-ec874e199a4c,1972,,"[55.4, 33.6]",3920402,72,,,,,-1.0322287,,Left Foot,,,"[64.9, 17.7]",,Ground Pass,,18.52188,,,,Ramiz Larbi Zerrouki,38345.0,,,,,,2,From Kick Off,Nabil Bentaleb,8520.0,Right Defensive Midfield,107,Algeria,4898,['8ac0f050-8864-4957-be82-35cdcd2dd5b1'],27,,,,,,,,,,,,,,,,,,,Algeria,4898,00:27:27.973,Pass,
,,,,,,,,,,,,,,,,,1.390503,,,,,,,,,,,,,f2b118d0-5f10-4cc9-88d0-f0987911f86b,1975,,"[67.1, 15.3]",3920402,72,,,,,-0.41279328,,Right Foot,,,"[80.8, 9.3]",,Ground Pass,,14.956269,,,,Mohamed Youcef Belaïli,103464.0,,,,,,2,From Kick Off,Ramiz Larbi Zerrouki,38345.0,Left Defensive Midfield,107,Algeria,4898,['ad935555-c415-4f7b-b384-afacac4e7922'],30,,,,,,,,,,,,,,,,,,,Algeria,4898,00:27:30.439,Pass,
,,,,,,,,,,,,,,,,,0.907176,,,,,,,,,,,,,398d0f70-1afe-497b-9984-c71784e86117,1979,,"[77.4, 11.1]",3920402,72,,,,,-2.9265778,,Left Foot,,,"[68.7, 9.2]",,Ground Pass,,8.905055,,,,Ramiz Larbi Zerrouki,38345.0,,,,,,2,From Kick Off,Mohamed Youcef Belaïli,103464.0,Left Wing,107,Algeria,4898,"['c5b7757b-8967-408a-8808-4961c5d57e9f', '9022759d-3a65-4e05-93e8-508f1f4bcd3f']",32,,,,,,,,,,,,,,,,,,,Algeria,4898,00:27:32.751,Pass,True
,,,,,,,,,,,,,,,,,3.252804,,,,,,,,,,,,,3a62b5f9-24ec-43ea-98eb-33b1d4cce1c7,1982,,"[67.9, 12.1]",3920402,72,,,,,1.0151789,,Right Foot,,,"[105.4, 72.5]",,High Pass,,71.094376,,,,Riyad Mahrez,3814.0,,True,,,,2,From Kick Off,Ramiz Larbi Zerrouki,38345.0,Left Defensive Midfield,107,Algeria,4898,['0f6804bf-6266-4f8f-b597-de53f1f579e3'],35,,,,,,,,,,,,,,,,,,,Algeria,4898,00:27:35.098,Pass,
,,,,,,,,,,,,,,,,,1.118675,,,,,,,,,,,,,75eaa96f-4287-4a2c-aaf7-8564eca77fba,1986,,"[111.1, 77.2]",3920402,72,,,,,2.908779,,Left Foot,,,"[101.4, 79.5]",,Ground Pass,,9.968952,,Out,,Baghdad Bounedjah,103465.0,,,,,,2,From Kick Off,Riyad Mahrez,3814.0,Right Wing,107,Algeria,4898,"['08b07786-49af-4aec-b89e-2c4c7edb15b9', '70e48d12-5a28-4109-8c12-03f696b9da72']",39,,,,,,,,,,,,,,,,,,,Algeria,4898,00:27:39.562,Pass,True
,,,,,,,,,,,,,,,,,1.376843,,,,,,,,,,,,,aa29371a-1a51-43e3-acd5-1c5a8278d3dc,1990,,"[15.2, 0.1]",3920402,73,,True,,,1.854435,,,,,"[8.0, 24.8]",,Low Pass,,25.728,,Incomplete,,,,,,,,Throw-in,2,From Throw In,Steeve Yago,3035.0,Left Back,108,Burkina Faso,4921,['b1099415-f44d-4778-84c2-3b5865d20c4a'],29,,,,,,,,,,,,,,,,,,,Burkina Faso,4921,00:28:29.466,Pass,
,,,,,,,,,,,,,,,,,4.041371,,,,,,,,,,,,,978455ae-4a20-449c-8158-b2a6bed6c765,1994,,"[16.9, 44.2]",3920402,73,,,,,-0.5274275,,Drop Kick,,,"[84.2, 5.0]",,High Pass,,77.88408,,,,Abdoul Fessal Tapsoba,43705.0,,,,,,2,Regular Play,Kouakou Herve Koffi,4388.0,Goalkeeper,109,Burkina Faso,4921,['9e3986a4-8ec2-4c9c-bbe5-6816697057ab'],44,,,,,,,,,,,,,,,,,,,Burkina Faso,4921,00:28:44.126,Pass,
,,,,,,,,,,,,,,,,,2.052125,,,,,,,,,,,,,61f08ffb-a6ac-4bc4-93ad-df6cacd5415e,1997,,"[83.1, 5.6]",3920402,73,,,,True,1.1191963,,,,,"[91.2, 22.3]",,High Pass,,18.56071,,Incomplete,,Bertrand Isidore Traoré,2956.0,,,,,,2,Regular Play,Abdoul Fessal Tapsoba,43705.0,Left Midfield,109,Burkina Faso,4921,"['1c62f459-d6f8-4277-be34-b44066dd5ef5', 'e47c5ba9-4312-40fc-a2f4-12f4916aa101', 'ae4039c0-ad77-44d5-b808-66b8924fa875']",48,,,,,,,,,,,,,,,,,,,Burkina Faso,4921,00:28:48.167,Pass,True
,,,,,,,,,,,,,,,,,1.4,,,,,,,,,,,,,ae4039c0-ad77-44d5-b808-66b8924fa875,2000,,"[28.9, 57.8]",3920402,73,,,,True,-0.6007138,,,,,"[34.3, 54.1]",,High Pass,,6.545991,,,,Nabil Bentaleb,8520.0,,,,,Recovery,2,Regular Play,Aïssa Mandi,6648.0,Right Center Back,110,Algeria,4898,"['61f08ffb-a6ac-4bc4-93ad-df6cacd5415e', 'ac36ca2a-03b6-4bf7-a743-5e4be03c2d2b', '6d5ccd67-1bf8-4fbd-bb0b-3901fd2156bc']",50,,,,,,,,,,,,,,,,,,,Algeria,4898,00:28:50.219,Pass,True
,,,,,,,,,,,,,,,,,1.365258,,,,,,,,,,,,,6d64aa6a-0f32-44e4-abe7-4cd7fee82d39,2003,,"[31.8, 50.5]",3920402,73,,,,,-2.4033697,,Left Foot,,,"[19.6, 39.4]",,Ground Pass,,16.493938,,,,Ramy Bensebaini,3191.0,,,,,,2,Regular Play,Nabil Bentaleb,8520.0,Right Defensive Midfield,110,Algeria,4898,['cba65d9f-c23b-4581-a93b-cdf5fdebb63a'],52,,,,,,,,,,,,,,,,,,,Algeria,4898,00:28:52.168,Pass,
,,,,,,,,,,,,,,,,,1.344569,,,,,,,,,,,,,eeca90f4-fb64-41dc-b815-7991442d2285,2006,,"[24.0, 31.5]",3920402,73,,,,,1.4944423,,Left Foot,,,"[25.4, 49.8]",,Ground Pass,,18.353474,,,,Aïssa Mandi,6648.0,,,,,,2,Regular Play,Ramy Bensebaini,3191.0,Left Center Back,110,Algeria,4898,['bf10c960-2ea3-4de4-bdd6-f34c37fae7ee'],56,,,,,,,,,,,,,,,,,,,Algeria,4898,00:28:56.043,Pass,
,,,,,,,,,,,,,,,,,1.444258,,,,,,,,,,,,,3bb09ed6-b114-41d3-99b4-e30cbbe94289,2009,,"[34.9, 46.3]",3920402,74,,,,,-0.548807,,Right Foot,,,"[50.6, 36.7]",,Ground Pass,,18.402445,,,,Fares Chaïbi,217047.0,,,,,,2,Regular Play,Aïssa Mandi,6648.0,Right Center Back,110,Algeria,4898,['ca17c71d-2fdf-4f4d-9d83-396a8c9be259'],3,,,,,,,,,,,,,,,,,,,Algeria,4898,00:29:03.049,Pass,
,,,,,,,,,,,,,,,,,1.038603,,,,,,,,,,,,,1c061550-7352-4336-8cac-217b54d2048b,2012,,"[50.6, 35.9]",3920402,74,,,,,2.5848813,,Right Foot,,,"[36.3, 44.8]",,Ground Pass,,16.843397,,,,Aïssa Mandi,6648.0,,,,,,2,Regular Play,Fares Chaïbi,217047.0,Center Attacking Midfield,110,Algeria,4898,"['883a0f57-d53b-46c8-8552-ca37108841c1', 'ad0c683f-ca57-4a73-b737-819fcc6d3b69']",4,,,,,,,,,,,,,,,,,,,Algeria,4898,00:29:04.494,Pass,True
,,,,,,,,,,,,,,,,,1.580559,,,,,,,,,,,,,8139ceec-2816-417c-9cbd-11c54a2a7bfa,2015,,"[39.8, 52.8]",3920402,74,,,,,1.4529243,,Right Foot,,,"[42.5, 75.6]",,Ground Pass,,22.959312,,,,Youcef Atal,10040.0,,,,,,2,Regular Play,Aïssa Mandi,6648.0,Right Center Back,110,Algeria,4898,['750cf9cd-17bb-42e8-9f1b-4a8215b3c233'],8,,,,,,,,,,,,,,,,,,,Algeria,4898,00:29:08.083,Pass,
,,,,,,,,,,,,,,,,,2.722707,,,,,,,,,,,,,7df10f58-02f9-4c75-9240-2b4df954a9e9,2018,,"[40.3, 70.6]",3920402,74,,,,,-2.1730838,,Right Foot,,,"[18.3, 38.6]",,Ground Pass,,38.832977,,,,Anthony Louis Mandréa,41381.0,,,,,,2,Regular Play,Youcef Atal,10040.0,Right Back,110,Algeria,4898,['c6ee6cc3-8808-49a9-83e7-2895fb51ea9a'],12,,,,,,,,,,,,,,,,,,,Algeria,4898,00:29:12.132,Pass,
,,,,,,,,,,,,,,,,,2.800955,,,,,,,,,,,,,e344567d-8f26-4385-8df7-39c6d0db810c,2021,,"[18.3, 38.6]",3920402,74,,,,,-0.9738334,,Left Foot,,,"[35.7, 13.0]",,Ground Pass,,30.953514,,,,Ramy Bensebaini,3191.0,,,,,,2,Regular Play,Anthony Louis Mandréa,41381.0,Goalkeeper,110,Algeria,4898,['0c3d03ea-1f4d-4c4e-9f40-f3ea292422ba'],15,,,,,,,,,,,,,,,,,,,Algeria,4898,00:29:15.035,Pass,
,,,,,,,,,,,,,,,,,1.64757,,,,,,,,,,,,,80ab4f87-aa21-4fb3-be3b-3fff8cc7dde6,2024,,"[45.0, 12.8]",3920402,74,,,,,1.468008,,Left Foot,,,"[48.6, 47.7]",,Ground Pass,,35.085182,,,,Aïssa Mandi,6648.0,,,,,,2,Regular Play,Ramy Bensebaini,3191.0,Left Center Back,110,Algeria,4898,['dc9eb4f2-4080-45c0-9e87-ed43413cc200'],21,,,,,,,,,,,,,,,,,,,Algeria,4898,00:29:21.836,Pass,
,,,,,,,,,,,,,,,,,3.043083,,,,,,,,,,,,,56192781-860e-41be-b219-a09f7d42c79a,2027,,"[59.6, 43.7]",3920402,74,,,,,-0.7191752,,Right Foot,,,"[100.6, 7.8]",,High Pass,,54.495964,,Incomplete,,Mohamed El Amine Amoura,141358.0,,,,,,2,Regular Play,Aïssa Mandi,6648.0,Right Center Back,110,Algeria,4898,"['751bf804-247e-48c7-af56-ae1401f6c663', '497eb95a-c123-40d8-bb5d-3a0a72d5eab3']",26,,,,,,,,,,,,,,,,,,,Algeria,4898,00:29:26.609,Pass,
,,,,,,,,,,,,,,,,,0.598021,,,,,,,,,,,,,d7736fab-9555-4e42-ad69-f27c9ceebcff,2030,,"[76.2, 21.6]",3920402,74,,,,,1.8568478,,Head,,,"[73.7, 30.1]",,Low Pass,,8.860023,,,,Nabil Bentaleb,8520.0,,,,,Recovery,2,Regular Play,Rayan Aït Nouri,12111.0,Left Back,110,Algeria,4898,['6f24f780-6616-4b45-826d-18651463da3b'],32,,,,,,,,,,,,,,,,,,,Algeria,4898,00:29:32.407,Pass,
,,,,,,,,,,,,,,,,,0.743827,,,,,,,,,,,,,1dfe775c-552c-48c0-8757-fa59403aed18,2033,,"[72.9, 28.7]",3920402,74,,,,,-0.54184604,,Left Foot,,,"[83.2, 22.5]",,Low Pass,,12.022063,,,,Rayan Aït Nouri,12111.0,,,,,,2,Regular Play,Nabil Bentaleb,8520.0,Right Defensive Midfield,110,Algeria,4898,['f98717e4-cd95-4f5b-96d2-88ecc8bd5c8f'],33,,,,,,,,,,,,,,,,,,,Algeria,4898,00:29:33.563,Pass,
,,,,,,,,,,,,,,,,,1.599999,,,,,,,,,,,,,d033ab6c-630f-479e-bbc6-5ad9bbaf502e,2036,,"[87.3, 20.0]",3920402,74,,,,,-0.79446137,,Left Foot,,,"[103.7, 3.3]",,Ground Pass,,23.406197,,,,Mohamed El Amine Amoura,141358.0,,,,,,2,Regular Play,Rayan Aït Nouri,12111.0,Left Back,110,Algeria,4898,['25b6d6f7-baf4-4c31-9d0b-60f5be6a5e45'],35,,,,,,,,,,,,,,,,,,,Algeria,4898,00:29:35.507,Pass,
,,,,,,,,,,,,,,,,,1.485704,,,,,,,,,,,,,342120fb-ba56-4e1d-8a02-06276bf31f92,2041,,"[15.6, 63.2]",3920402,74,,,,,1.1626472,,Left Foot,,,"[20.4, 74.3]",,Ground Pass,,12.093387,,,,Adamo Nagalo,99280.0,,,,,Recovery,2,Regular Play,Ismahila Ouédraogo,106681.0,Center Defensive Midfield,110,Algeria,4898,['edd8811b-9551-4322-991d-10fd774ae681'],40,,,,,,,,,,,,,,,,,,,Burkina Faso,4921,00:29:40.550,Pass,
,,,,,,,,,,,,,,,,,0.714403,,,,,,,,,,,,,9c1fc9b2-ec16-4160-ab50-9830354f1fb0,2048,,"[89.4, 0.1]",3920402,76,,,,,0.32511756,,,,,"[98.3, 3.1]",,Low Pass,,9.392018,,,,Mohamed El Amine Amoura,141358.0,,,,,Throw-in,2,From Throw In,Rayan Aït Nouri,12111.0,Left Back,111,Algeria,4898,['8749c7a1-658c-493f-8bb7-554ccf0a731a'],31,,,,,,,,,,,,,,,,,,,Algeria,4898,00:31:31.766,Pass,
,,,,,,,,,,,,,,,,,0.835639,,,,,,,,,,,,,1b11bee4-d49f-4561-90f6-f49fabe43c1b,2052,,"[97.1, 2.2]",3920402,76,,,,,-2.9504082,,Right Foot,,,"[90.9, 1.0]",,Low Pass,,6.3150616,,,,Rayan Aït Nouri,12111.0,,,,,,2,From Throw In,Mohamed El Amine Amoura,141358.0,Left Wing,111,Algeria,4898,"['5fb186e0-511f-49b1-b3ad-0c14333cb126', 'f46ab3ed-7b56-4fd2-8044-400deb10d5a4']",32,,,,,,,,,,,,,,,,,,,Algeria,4898,00:31:32.580,Pass,True
,,,,,,,,,,,,,,,,,1.199999,,,,,,,,,,,,,3e3ba91a-eb70-41b8-b485-7232f5c5f9c9,2055,,"[90.6, 1.2]",3920402,76,,,,,2.8746796,,Left Foot,,,"[77.8, 4.7]",,Ground Pass,,13.269891,,,,Ramiz Larbi Zerrouki,38345.0,,,,,,2,From Throw In,Rayan Aït Nouri,12111.0,Left Back,111,Algeria,4898,['2b45f8a6-7edb-432f-a76f-c1bdf16933e8'],35,,,,,,,,,,,,,,,,,,,Algeria,4898,00:31:35.981,Pass,
,,,,,,,,,,,,,,,,,1.12145,,,,,,,,,,,,,61d2cd49-ae96-4c75-a1f6-5592f028d04e,2058,,"[73.3, 7.8]",3920402,76,,,,,1.6547735,,Right Foot,,,"[70.8, 37.5]",,Ground Pass,,29.805033,,,,Nabil Bentaleb,8520.0,,,,,,2,From Throw In,Ramiz Larbi Zerrouki,38345.0,Left Defensive Midfield,111,Algeria,4898,['1d5829ae-5aa5-4e0e-97f8-431f892e597c'],38,,,,,,,,,,,,,,,,,,,Algeria,4898,00:31:38.280,Pass,
,,,,,,,,,,,,,,,,,1.155483,,,,,,,,,,,,,cbbf770c-2b62-4ef6-8606-5d71d25e4619,2061,,"[67.7, 37.6]",3920402,76,,,,,1.3937231,,Right Foot,,,"[69.4, 47.1]",,Ground Pass,,9.650907,,,,Aïssa Mandi,6648.0,,,,,,2,From Throw In,Nabil Bentaleb,8520.0,Right Defensive Midfield,111,Algeria,4898,['63133fa9-4c57-4e7c-b91b-c815c2905d45'],40,,,,,,,,,,,,,,,,,,,Algeria,4898,00:31:40.234,Pass,
,,,,,,,,,,,,,,,,,1.204592,,,,,,,,,,,,,46427c41-12c6-4cba-9997-d921025cb635,2064,,"[70.6, 47.7]",3920402,76,,,,,-1.8730688,,Right Foot,,,"[67.7, 38.4]",,Ground Pass,,9.741663,,,,Nabil Bentaleb,8520.0,,,,,,2,From Throw In,Aïssa Mandi,6648.0,Right Center Back,111,Algeria,4898,['703277d4-1e69-4170-a33b-66bdc1153451'],41,,,,,,,,,,,,,,,,,,,Algeria,4898,00:31:41.393,Pass,
,,,,,,,,,,,,,,,,,1.300574,,,,,,,,,,,,,f012c7d1-e5fe-47d1-ae6f-d6928849ea7e,2067,,"[70.4, 37.6]",3920402,76,,,,,1.4787495,,Left Foot,,,"[71.6, 50.6]",,Ground Pass,,13.055267,,,,Aïssa Mandi,6648.0,,,,,,2,From Throw In,Nabil Bentaleb,8520.0,Right Defensive Midfield,111,Algeria,4898,['25f87a58-5d84-4505-ab9a-4000857b3fc6'],44,,,,,,,,,,,,,,,,,,,Algeria,4898,00:31:44.804,Pass,
,,,,,,,,,,,,,,,,,1.642666,,,,,,,,,,,,,ec5423cb-59fb-4a10-978a-98837fe186ea,2070,,"[73.5, 55.3]",3920402,76,,,,,0.7181423,,Right Foot,,,"[94.1, 73.3]",,Ground Pass,,27.356169,,,,Youcef Atal,10040.0,,,,,,2,From Throw In,Aïssa Mandi,6648.0,Right Center Back,111,Algeria,4898,['cfdffd42-15b5-4d01-b5e0-4548c4904397'],47,,,,,,,,,,,,,,,,,,,Algeria,4898,00:31:47.305,Pass,
,,,,,,,,,,,,,,,,,1.521181,,,,,,,,,,,,,2b7f2b52-673e-426b-b546-d3d7595ee10f,2073,,"[91.5, 64.6]",3920402,76,,,,,-1.9300814,,Right Foot,,,"[83.5, 43.3]",,Ground Pass,,22.752802,,,,Nabil Bentaleb,8520.0,,,,,,2,From Throw In,Youcef Atal,10040.0,Right Back,111,Algeria,4898,['02d73493-7e48-496c-9a0c-9139aa1172ff'],51,,,,,,,,,,,,,,,,,,,Algeria,4898,00:31:51.901,Pass,
,,,,,,,,,,,,,,,,,2.429892,,,,,,,,,,,,,5706732d-3262-409e-8bc4-076ac557b700,2081,,"[42.2, 59.7]",3920402,76,,,,,1.6408569,,Left Foot,,,"[41.0, 76.8]",,Ground Pass,,17.142054,,,,Issa Kabore,35471.0,,,,,,2,Regular Play,Gustavo Fabrice Sangaré,45466.0,Right Center Midfield,112,Burkina Faso,4921,['03f80fb4-6c0e-42d3-af2d-a23e3c6b15bc'],56,,,,,,,,,,,,,,,,,,,Burkina Faso,4921,00:31:56.573,Pass,
,,,,,,,,,,,,,,,,,0.831804,,,,,,,,,,,,,605b63a3-8e8e-4707-9f61-0bb7eb6881d5,2086,,"[43.3, 80.0]",3920402,77,,,,,-0.27246314,,,,,"[50.1, 78.1]",,Low Pass,,7.0604534,,,,Gustavo Fabrice Sangaré,45466.0,,,,,Throw-in,2,From Throw In,Issa Kabore,35471.0,Right Midfield,113,Burkina Faso,4921,['fdfdff02-6120-4c50-ad5c-e71b0b55be2a'],21,,,,,,,,,,,,,,,,,,,Burkina Faso,4921,00:32:21.292,Pass,
,,,,,,,,,,,,,,,,,1.254732,,,,,,,,,,,,,26ead82d-a877-43bb-8451-53cb63bb359c,2089,,"[49.3, 77.9]",3920402,77,,,,,-3.021484,,Left Foot,,,"[43.5, 77.2]",,High Pass,,5.8420887,,Incomplete,,Issa Kabore,35471.0,,,,,,2,From Throw In,Gustavo Fabrice Sangaré,45466.0,Right Center Midfield,113,Burkina Faso,4921,"['27a027e4-cad2-46a6-88f5-1dc7ecb502f3', '71720ce6-88a3-4d7b-a32a-bdea9e0d0996']",22,,,,,,,,,,,,,,,,,,,Burkina Faso,4921,00:32:22.145,Pass,
,,,,,,,,,,,,,,,,,0.611969,,,,,,,,,,,,,23dc9b9b-f388-4ac1-b4d4-7217c5109da6,2095,,"[80.3, 5.7]",3920402,77,,,,,-0.56784403,,Left Foot,,,"[86.1, 2.0]",,Ground Pass,,6.87968,,,,Mohamed El Amine Amoura,141358.0,,,,,,2,Regular Play,Rayan Aït Nouri,12111.0,Left Back,114,Algeria,4898,['72e310c1-f6af-4a77-b3cb-dc7547bb1242'],26,,,,,,,,,,,,,,,,,,,Algeria,4898,00:32:26.090,Pass,
,,,,,,,,,,,,,,,,,1.935073,,,,,,,,,,,,,1262092b-76bf-4dba-a5ba-47545e20e3db,2101,,"[96.2, 0.1]",3920402,77,,,,,2.9696949,,,,,"[81.8, 2.6]",,Low Pass,,14.615403,,,,Ramiz Larbi Zerrouki,38345.0,,,,,Throw-in,2,From Throw In,Mohamed El Amine Amoura,141358.0,Left Wing,115,Algeria,4898,['5222bb64-e20a-4555-a494-ca56fe728e87'],33,,,,,,,,,,,,,,,,,,,Algeria,4898,00:32:33.128,Pass,
,,,,,,,,,,,,,,,,,2.0,,,,,,,,,,,,,d4619be4-96f4-4614-86e6-b43ab2e9594d,2104,,"[77.9, 2.2]",3920402,77,,,,,2.8764896,,Right Foot,,,"[55.8, 8.2]",,Ground Pass,,22.9,,,,Ramy Bensebaini,3191.0,,,,,,2,From Throw In,Ramiz Larbi Zerrouki,38345.0,Left Defensive Midfield,115,Algeria,4898,['8b818268-7663-465e-b4cb-513f319add55'],35,,,,,,,,,,,,,,,,,,,Algeria,4898,00:32:35.356,Pass,
,,,,,,,,,,,,,,,,,1.940013,,,,,,,,,,,,,d1118749-e905-4dc9-94ee-8fc9e10a25b6,2107,,"[58.4, 11.7]",3920402,77,,,,,1.2783874,,Left Foot,,,"[67.1, 40.6]",,Ground Pass,,30.18112,,,,Aïssa Mandi,6648.0,,,,,,2,From Throw In,Ramy Bensebaini,3191.0,Left Center Back,115,Algeria,4898,['76cf0773-e7c2-4089-9f42-3f635c09e348'],37,,,,,,,,,,,,,,,,,,,Algeria,4898,00:32:37.640,Pass,
,,,,,,,,,,,,,,,,,2.63883,,,,,,,,,,,,,3af6a8c4-c2cd-41b7-8aa9-db0d64c2f8de,2110,,"[67.3, 43.5]",3920402,77,,,,,-1.6542144,,Right Foot,,,"[64.8, 13.6]",,Ground Pass,,30.004333,,,,Ramiz Larbi Zerrouki,38345.0,,,,,,2,From Throw In,Aïssa Mandi,6648.0,Right Center Back,115,Algeria,4898,['9e35dd0d-55e9-4d73-9d73-90b175921cd5'],40,,,,,,,,,,,,,,,,,,,Algeria,4898,00:32:40.573,Pass,
,,,,,,,,,,,,,,,,,2.035662,,,,,,,,,,,,,1f5708cb-fb08-4c14-9f4c-7b2a71eba51d,2113,,"[81.1, 9.7]",3920402,77,,,,,1.6410617,,Right Foot,,,"[78.7, 43.8]",,Ground Pass,,34.184353,,,,Aïssa Mandi,6648.0,,,,,,2,From Throw In,Ramiz Larbi Zerrouki,38345.0,Left Defensive Midfield,115,Algeria,4898,['90eae192-83d3-471f-879a-3192ed3d631a'],48,,,,,,,,,,,,,,,,,,,Algeria,4898,00:32:48.412,Pass,
,,,,,,,,,,,,,,,,,1.380164,,,,,,,,,,,,,44ac5db0-59ff-470a-b535-7d55751e9ca3,2116,,"[79.5, 47.1]",3920402,77,,,,,0.86666673,,Right Foot,,,"[99.8, 71.0]",,Ground Pass,,31.357615,,,,Youcef Atal,10040.0,,,,,,2,From Throw In,Aïssa Mandi,6648.0,Right Center Back,115,Algeria,4898,['02ca33a6-284a-4f32-a9b6-8a3f97079c76'],52,,,,,,,,,,,,,,,,,,,Algeria,4898,00:32:52.127,Pass,
,,,,,,,,,,,,,,,,,2.363904,,,,,,,,,,,,,36019c53-c5b9-44e5-8214-d212fc129457,2119,,"[101.0, 68.7]",3920402,77,,,,,-0.34729245,,Right Foot,,,"[117.3, 62.8]",,Ground Pass,,17.334936,,,,Adam Ounas,10448.0,,,,,,2,From Throw In,Youcef Atal,10040.0,Right Back,115,Algeria,4898,['9fdc35d2-513f-4975-a965-f7092ecdfd57'],55,,,,,,,,,,,,,,,,,,,Algeria,4898,00:32:55.027,Pass,
,,,,,,,,,,,,,,,,,2.228276,,,,,,,,,,,,,1907995f-2c23-4814-9ab5-b59d9b53e8f6,2125,,"[120.0, 80.0]",3920402,78,,,,,-1.7677702,,Right Foot,,,"[110.9, 34.4]",,High Pass,,46.499138,,,True,Aïssa Mandi,6648.0,,True,Outswinging,,Corner,2,From Corner,Fares Chaïbi,217047.0,Center Attacking Midfield,116,Algeria,4898,['d107bb4e-cbf0-41a2-bdaa-70e42d3db391'],23,,,,,,,,,,,,,,,,,,,Algeria,4898,00:33:23.148,Pass,
,,,,,,,,,,,,,,,,,2.101976,,,,,,,,,,,,,6ad9e66b-971d-4b4b-9c69-09747ff06cea,2131,,"[50.6, 49.1]",3920402,78,,,,,-1.205049,,Right Foot,,,"[57.8, 30.3]",,Ground Pass,,20.131567,,,,Ramiz Larbi Zerrouki,38345.0,,,,,,2,Regular Play,Youcef Atal,10040.0,Right Back,117,Algeria,4898,['036989a2-172d-4923-9269-f46fc92ce70d'],33,,,,,,,,,,,,,,,,,,,Algeria,4898,00:33:33.973,Pass,
,,,,,,,,,,,,,,,,,1.475954,,,,,,,,,,,,,68595eac-8fe5-4bb4-aff6-60c1340f3af3,2134,,"[71.9, 17.9]",3920402,78,,,,,-0.98132527,,Right Foot,,,"[82.4, 2.2]",,Ground Pass,,18.887562,,,,Rayan Aït Nouri,12111.0,,,,,,2,Regular Play,Ramiz Larbi Zerrouki,38345.0,Left Defensive Midfield,117,Algeria,4898,['2ef1595e-420f-41d8-a905-c4e1a19d4ceb'],39,,,,,,,,,,,,,,,,,,,Algeria,4898,00:33:39.502,Pass,
,,,,,,,,,,,,,,,,,1.221956,,,,,,,,,,,,,3275f00f-38d8-4be5-849e-7f4cfebd9c63,2137,,"[85.5, 2.4]",3920402,78,,,,,0.031836372,,Left Foot,,,"[101.2, 2.9]",,Ground Pass,,15.70796,,,,Mohamed El Amine Amoura,141358.0,,,,,,2,Regular Play,Rayan Aït Nouri,12111.0,Left Back,117,Algeria,4898,['d90e75c9-d782-4aa2-898c-568ebab182e2'],41,,,,,,,,,,,,,,,,,,,Algeria,4898,00:33:41.957,Pass,
,,,,,,,,,,,,,,,,,1.151963,,,,,,,,,,,,,f00a87e7-3f2b-47f4-a882-65318bb9336d,2140,,"[103.6, 9.3]",3920402,78,,,,,1.2433962,bf028a14-07e3-4e70-9864-cc9914aa1008,Right Foot,True,,"[112.6, 35.8]",,High Pass,,27.986605,,,,Baghdad Bounedjah,103465.0,True,,,,,2,Regular Play,Mohamed El Amine Amoura,141358.0,Left Wing,117,Algeria,4898,['5fe0fa03-23c7-4419-8a56-873ff7c9ff8b'],45,,,,,,,,,,,,,,,,,,,Algeria,4898,00:33:45.666,Pass,
,,,,,,,,,,,,,,,,,3.71531,,,,,,,,,,,,,933e4750-c6e6-4b75-87b4-1b7dae74f2b5,2146,,"[7.0, 35.3]",3920402,80,,,,,-0.11563668,,Right Foot,,,"[81.9, 26.6]",,High Pass,,75.40358,,Incomplete,,Bertrand Isidore Traoré,2956.0,,,,,Goal Kick,2,From Goal Kick,Kouakou Herve Koffi,4388.0,Goalkeeper,118,Burkina Faso,4921,"['67ae7633-8b3b-4ec1-8206-b69486926007', '211d7f58-8e7c-4f22-a63f-07cde829f08a']",23,,,,,,,,,,,,,,,,,,,Burkina Faso,4921,00:35:23.609,Pass,
,,,,,,,,,,,,,,,,,2.125419,,,,,,,,,,,,,e0e79cb2-bf9d-430e-a585-af9111bb125c,2152,,"[21.7, 25.5]",3920402,80,,,,,2.4561837,,Left Foot,,,"[4.7, 39.4]",,Ground Pass,,21.95928,,,,Anthony Louis Mandréa,41381.0,,,,,Recovery,2,Regular Play,Rayan Aït Nouri,12111.0,Left Back,119,Algeria,4898,['c8112717-960a-4038-8f01-64de50864065'],30,,,,,,,,,,,,,,,,,,,Algeria,4898,00:35:30.664,Pass,
,,,,,,,,,,,,,,,,,1.981565,,,,,,,,,,,,,5e0daa19-6a36-4cd3-8988-4890d3362fd4,2156,,"[3.5, 38.0]",3920402,80,,,,,-0.90586466,,Right Foot,,,"[20.2, 16.7]",,Ground Pass,,27.066216,,,,Rayan Aït Nouri,12111.0,,,,,,2,Regular Play,Anthony Louis Mandréa,41381.0,Goalkeeper,119,Algeria,4898,"['39b57633-a75c-4131-90bc-8abe7fb55187', '87a6ce96-4c1d-47b2-90b3-45a2847605aa']",32,,,,,,,,,,,,,,,,,,,Algeria,4898,00:35:32.806,Pass,True
,,,,,,,,,,,,,,,,,0.990822,,,,,,,,,,,,,416a7dfa-8847-4f7e-89a4-165a0daa9ed9,2159,,"[20.6, 17.1]",3920402,80,,,,,0.71654165,,Right Foot,,,"[26.8, 22.5]",,Ground Pass,,8.221922,,,,Fares Chaïbi,217047.0,,,,,,2,Regular Play,Rayan Aït Nouri,12111.0,Left Back,119,Algeria,4898,['03e4cc1a-f848-4ee8-b289-7c10cbd681f3'],35,,,,,,,,,,,,,,,,,,,Algeria,4898,00:35:35.886,Pass,
,,,,,,,,,,,,,,,,,2.173441,,,,,,,,,,,,,caccea0c-fda8-4c29-83b6-f63f405d312d,2162,,"[44.8, 23.5]",3920402,80,,,,,1.7599953,,Right Foot,,,"[40.3, 47.0]",,Ground Pass,,23.926971,,,,Aïssa Mandi,6648.0,,,,,,2,Regular Play,Fares Chaïbi,217047.0,Left Defensive Midfield,119,Algeria,4898,['cf5d4af6-d350-47f2-b297-50bdeaa4f475'],41,,,,,,,,,,,,,,,,,,,Algeria,4898,00:35:41.757,Pass,
,,,,,,,,,,,,,,,,,1.323066,,,,,,,,,,,,,3a3cee5c-854b-4c42-a0b3-5ab91b3e6c73,2165,,"[42.3, 48.1]",3920402,80,,,,,0.25615138,,Right Foot,,,"[54.9, 51.4]",,Ground Pass,,13.024976,,,,Ramiz Larbi Zerrouki,38345.0,,,,,,2,Regular Play,Aïssa Mandi,6648.0,Right Center Back,119,Algeria,4898,['b989ae1b-e31d-4206-89ba-e7d1bea12dec'],45,,,,,,,,,,,,,,,,,,,Algeria,4898,00:35:45.045,Pass,
,,,,,,,,,,,,,,,,,2.185541,,,,,,,,,,,,,505c17e7-1778-4673-916e-9fefc1a2db57,2168,,"[76.8, 66.4]",3920402,80,,,,,-1.6689646,,Right Foot,,,"[72.9, 26.8]",,Ground Pass,,39.79158,,,,Fares Chaïbi,217047.0,,,,,,2,Regular Play,Ramiz Larbi Zerrouki,38345.0,Right Defensive Midfield,119,Algeria,4898,['5998d273-3e56-41ec-8ff0-de0d03e83bea'],51,,,,,,,,,,,,,,,,,,,Algeria,4898,00:35:51.342,Pass,
,,,,,,,,,,,,,,,,,0.811194,,,,,,,,,,,,,1c8d656e-0f47-46d5-9df5-1421b413cd40,2171,,"[72.3, 23.7]",3920402,80,,,,,-1.4016951,,Right Foot,,,"[74.4, 11.4]",,Ground Pass,,12.477981,,,,Rayan Aït Nouri,12111.0,,,,,,2,Regular Play,Fares Chaïbi,217047.0,Left Defensive Midfield,119,Algeria,4898,['a5598d64-8b5d-4b9d-8262-6bc731e6619b'],53,,,,,,,,,,,,,,,,,,,Algeria,4898,00:35:53.796,Pass,
,,,,,,,,,,,,,,,,,0.909117,,,,,,,,,,,,,ecf7c199-beb0-4daf-b483-4cac18a00d62,2174,,"[81.8, 10.0]",3920402,80,,,,,1.9036165,,Left Foot,,,"[79.0, 18.1]",,Ground Pass,,8.570297,,,,Fares Chaïbi,217047.0,,,,,,2,Regular Play,Rayan Aït Nouri,12111.0,Left Back,119,Algeria,4898,['f2aecb01-64c5-4e52-8a80-7390a2ca7e4a'],57,,,,,,,,,,,,,,,,,,,Algeria,4898,00:35:57.897,Pass,
,,,,,,,,,,,,,,,,,2.103443,,,,,,,,,,,,,b072a7fb-932f-47d4-8865-7b07a42f4988,2177,,"[86.1, 22.3]",3920402,81,,,,,0.67474097,,Right Foot,,,"[118.1, 47.9]",,High Pass,,40.979996,,,,Baghdad Bounedjah,103465.0,,,Through Ball,True,,2,Regular Play,Fares Chaïbi,217047.0,Left Defensive Midfield,119,Algeria,4898,['f9de00af-cff0-4959-8da8-c92f12dde0ed'],0,,,,,,,,,,,,,,,,,,,Algeria,4898,00:36:00.575,Pass,
,,,,,,,,,,,,,,,,,0.589414,,,,,,,,,,,,,63be2ee0-5503-4087-b2d2-83df18899a7f,2181,,"[6.4, 38.2]",3920402,81,,True,,,-1.1659045,,Right Foot,,,"[12.7, 23.5]",,Ground Pass,,15.993123,,,,Steeve Yago,3035.0,,,,,Goal Kick,2,From Goal Kick,Kouakou Herve Koffi,4388.0,Goalkeeper,120,Burkina Faso,4921,['7f5cd73c-1ee4-4d2f-a39b-72cf60712226'],30,,,,,,,,,,,,,,,,,,,Burkina Faso,4921,00:36:30.466,Pass,
,,,,,,,,,,,,,,,,,1.515032,,,,,,,,,,,,,542f71f8-c65e-46e3-b13b-5e4d2526c8fa,2183,,"[39.7, 16.1]",3920402,81,,True,,,-1.8299836,,Left Foot,,,"[36.2, 2.9]",,Ground Pass,,13.656135,,,,Abdoul Fessal Tapsoba,43705.0,,,,,,2,From Goal Kick,Steeve Yago,3035.0,Left Back,120,Burkina Faso,4921,['f2ca4a67-0808-4e02-9490-b5229686a63b'],33,,,,,,,,,,,,,,,,,,,Burkina Faso,4921,00:36:33.355,Pass,
,,,,,,,,,,,,,,,,,0.276121,,,,,,,,,,,,,10a3f20d-e437-4bb6-8fdb-123c4db02d54,2186,,"[20.3, 7.2]",3920402,81,,,,,-0.33473682,,Left Foot,,,"[22.6, 6.4]",,Ground Pass,,2.4351592,,Incomplete,,Ismahila Ouédraogo,106681.0,,,,,,2,From Goal Kick,Abdoul Fessal Tapsoba,43705.0,Left Midfield,120,Burkina Faso,4921,"['663c388d-2be9-40c7-9ac8-796c00a81b9e', '205bdd02-cbc3-45c6-b908-7ee66f40301e', 'e88bf3ec-a283-4cf7-96d7-cb9fe6bc30f1']",38,,,,,,,,,,,,,,,,,,,Burkina Faso,4921,00:36:38.708,Pass,True
,,,,,,,,,,,,,,,,,0.451928,,,,,,,,,,,,,e6fca6e9-e88e-4b78-82c4-3bbcbb7c8d25,2189,,"[97.3, 77.0]",3920402,81,,,,,-2.8349164,,Right Foot,,,"[91.3, 75.1]",,Ground Pass,,6.293648,,,,Adam Ounas,10448.0,,,,,Recovery,2,Regular Play,Islam Slimani,3811.0,Right Center Forward,121,Algeria,4898,['13a08299-6937-41a6-ac1d-de01006e043e'],40,,,,,,,,,,,,,,,,,,,Algeria,4898,00:36:40.280,Pass,
,,,,,,,,,,,,,,,,,2.188007,,,,,,,,,,,,,70d24c76-0e63-4e43-8e9e-0c1c909a35a6,2196,,"[104.1, 80.0]",3920402,81,,,,,-2.7928216,,,,,"[83.2, 72.4]",,Low Pass,,22.23893,,,,Ramiz Larbi Zerrouki,38345.0,,,,,Throw-in,2,From Throw In,Adam Ounas,10448.0,Right Midfield,122,Algeria,4898,['d057a863-ef96-44a5-8871-3c4ffed80424'],47,,,,,,,,,,,,,,,,,,,Algeria,4898,00:36:47.218,Pass,
,,,,,,,,,,,,,,,,,1.6,,,,,,,,,,,,,116cada8-c135-4575-8d16-c8169a2fa86a,2200,,"[82.6, 63.8]",3920402,81,,,,,3.0976648,,Right Foot,,,"[64.4, 64.6]",,Ground Pass,,18.217573,,,,Aïssa Mandi,6648.0,,,,,,2,From Throw In,Ramiz Larbi Zerrouki,38345.0,Right Defensive Midfield,122,Algeria,4898,"['7ee1cb9e-3ba6-446a-a767-2025c961f891', '620b63f2-6cec-4aee-9c18-aee87bd56c22']",50,,,,,,,,,,,,,,,,,,,Algeria,4898,00:36:50.802,Pass,True
,,,,,,,,,,,,,,,,,1.405884,,,,,,,,,,,,,e6d3096f-50c3-4fb3-a31e-2f39d92f4217,2203,,"[65.3, 56.6]",3920402,81,,,,,-1.9235023,,Right Foot,,,"[59.3, 40.3]",,Ground Pass,,17.369226,,,,Ramy Bensebaini,3191.0,,,,,,2,From Throw In,Aïssa Mandi,6648.0,Right Center Back,122,Algeria,4898,['8386a77d-440f-483a-beae-f04b60bf2e70'],53,,,,,,,,,,,,,,,,,,,Algeria,4898,00:36:53.296,Pass,
,,,,,,,,,,,,,,,,,1.924897,,,,,,,,,,,,,856f4a21-13a2-4b7c-af7b-9c67b58f0839,2206,,"[62.3, 34.3]",3920402,81,,,,,-0.9478202,,Left Foot,,,"[82.2, 6.6]",,Ground Pass,,34.107185,,,,Rayan Aït Nouri,12111.0,,,,,,2,From Throw In,Ramy Bensebaini,3191.0,Left Center Back,122,Algeria,4898,['b772df44-4115-4f11-95b8-3e8f926de42f'],56,,,,,,,,,,,,,,,,,,,Algeria,4898,00:36:56.216,Pass,
,,,,,,,,,,,,,,,,,1.555477,,,,,,,,,,,,,15bc2a62-70fb-4644-ab66-eb34bf2fcf50,2209,,"[87.3, 7.8]",3920402,82,,,,,-0.5216183,,Left Foot,,,"[96.0, 2.8]",,Ground Pass,,10.034441,,,,Mohamed El Amine Amoura,141358.0,,,,,,2,From Throw In,Rayan Aït Nouri,12111.0,Left Back,122,Algeria,4898,['c3cfaad4-2640-4da6-a78a-8453491bc78c'],0,,,,,,,,,,,,,,,,,,,Algeria,4898,00:37:00.334,Pass,
,,,,,,,,,,,,,,,,,1.195628,,,,,,,,,,,,,b81068e7-ce0f-466f-b9ed-c8edb5b9fd35,2212,,"[94.2, 3.7]",3920402,82,,,,,1.1178008,,Right Foot,True,,"[108.9, 33.9]",,High Pass,,33.587646,,Incomplete,,Baghdad Bounedjah,103465.0,,,,,,2,From Throw In,Mohamed El Amine Amoura,141358.0,Left Midfield,122,Algeria,4898,"['0e293347-7961-43e9-a5af-d7c9d499f434', '7d14d267-edee-4a84-8fa0-c12b79b581c8']",3,,,,,,,,,,,,,,,,,,,Algeria,4898,00:37:03.209,Pass,
,,,,,,,,,,,,,,,,,3.562355,,,,,,,,,,,,,3c732263-904b-45d7-9128-ef6fbf2a69d0,2222,,"[39.3, 52.7]",3920402,83,,,,,-0.5698093,,Right Foot,,,"[102.2, 12.4]",,High Pass,,74.70274,,,,Cédric Badolo,44307.0,,True,,,Free Kick,2,From Free Kick,Kouakou Herve Koffi,4388.0,Goalkeeper,124,Burkina Faso,4921,['20a8b703-b112-4f22-99d6-7e47246638c9'],45,,,,,,,,,,,,,,,,,,,Burkina Faso,4921,00:38:45.065,Pass,
,,,,,,,,,,,,,,,,,0.948456,,,,,,,,,,,,,cd185c50-8a9f-4621-9a48-6ab166e501f7,2226,,"[103.0, 12.8]",3920402,83,,,,,1.8898659,,Head,,,"[99.3, 24.0]",,Low Pass,,11.795338,,Incomplete,,Bertrand Isidore Traoré,2956.0,,,,,,2,From Free Kick,Cédric Badolo,44307.0,Left Midfield,124,Burkina Faso,4921,"['d0aa1708-0a9c-4397-95e6-4d2e2deb178e', '500da96b-3b25-4a5a-9e72-3a5be5b361b8']",48,,,,,,,,,,,,,,,,,,,Burkina Faso,4921,00:38:48.756,Pass,
,,,,,,,,,,,,,,,,,1.495413,,,,,,,,,,,,,c4ee1f0d-b926-40b1-9912-dcd440cce874,2233,,"[13.4, 56.5]",3920402,84,,,,,-1.9144013,,Right Foot,,,"[9.5, 45.6]",,Ground Pass,,11.576701,,,,Anthony Louis Mandréa,41381.0,,,,,Free Kick,2,From Free Kick,Aïssa Mandi,6648.0,Right Center Back,126,Algeria,4898,['d8803d77-ff30-41b8-9d05-97821ef180a2'],0,,,,,,,,,,,,,,,,,,,Algeria,4898,00:39:00.004,Pass,
,,,,,,,,,,,,,,,,,1.2,,,,,,,,,,,,,24ec5103-b30f-4989-9254-1ad622c92426,2236,,"[8.9, 44.5]",3920402,84,,,,,-1.3639224,,Right Foot,,,"[12.3, 28.3]",,Ground Pass,,16.552946,,,,Ramy Bensebaini,3191.0,,,,,,2,From Free Kick,Anthony Louis Mandréa,41381.0,Goalkeeper,126,Algeria,4898,['cf371d1e-d837-43f5-9326-56db869becfe'],2,,,,,,,,,,,,,,,,,,,Algeria,4898,00:39:02.507,Pass,
,,,,,,,,,,,,,,,,,2.0,,,,,,,,,,,,,9a0de389-2572-47c3-a156-0e31344aebeb,2239,,"[17.5, 27.9]",3920402,84,,,,,1.2790154,,Left Foot,,,"[26.0, 56.2]",,Ground Pass,,29.548943,,,,Aïssa Mandi,6648.0,,,,,,2,From Free Kick,Ramy Bensebaini,3191.0,Left Center Back,126,Algeria,4898,['19c6c390-486b-4d68-8d5b-6dfb8b4faf6c'],6,,,,,,,,,,,,,,,,,,,Algeria,4898,00:39:06.181,Pass,
,,,,,,,,,,,,,,,,,1.382359,,,,,,,,,,,,,eb0e860d-ca90-45cf-8a2a-3f5dfd454ce1,2242,,"[33.9, 63.4]",3920402,84,,,,,0.7813166,,Right Foot,,,"[46.2, 75.6]",,Ground Pass,,17.32426,,,,Youcef Atal,10040.0,,,,,,2,From Free Kick,Aïssa Mandi,6648.0,Right Center Back,126,Algeria,4898,['ad0ac700-1797-44d4-bdc7-e67a8e7dc29b'],9,,,,,,,,,,,,,,,,,,,Algeria,4898,00:39:09.891,Pass,
,,,,,,,,,,,,,,,,,1.057857,,,,,,,,,,,,,57761349-7dc8-4627-948f-d1f23b05be54,2245,,"[47.7, 75.6]",3920402,84,,,,,-2.6328628,,Right Foot,,,"[37.3, 69.8]",,Ground Pass,,11.907981,,,,Aïssa Mandi,6648.0,,,,,,2,From Free Kick,Youcef Atal,10040.0,Right Back,126,Algeria,4898,['fbbd1f41-0c35-4295-8842-24e3b7167ee4'],12,,,,,,,,,,,,,,,,,,,Algeria,4898,00:39:12.711,Pass,
,,,,,,,,,,,,,,,,,0.21657,,,,,,,,,,,,,fc287af3-fbd5-41cd-94d4-5497098f620c,2249,,"[40.2, 77.6]",3920402,84,,,,,-0.08314123,,Right Foot,,,"[42.6, 77.4]",,Low Pass,,2.408319,,Incomplete,,Ramiz Larbi Zerrouki,38345.0,,,,,,2,From Free Kick,Aïssa Mandi,6648.0,Right Center Back,126,Algeria,4898,"['67398659-2b13-4ed8-ae9c-dbca1a52225f', '23b185dc-982d-4630-bbee-71d1f1bfba89']",16,,,,,,,,,,,,,,,,,,,Algeria,4898,00:39:16.717,Pass,
,,,,,,,,,,,,,,,,,0.577646,,,,,,,,,,,,,0d352d0b-f649-4980-bdf8-0f8a5e22bdea,2252,,"[44.0, 80.0]",3920402,84,,,,,-2.7128146,,,,,"[37.0, 76.8]",,Low Pass,,7.6967525,,,,Aïssa Mandi,6648.0,,,,,Throw-in,2,From Throw In,Youcef Atal,10040.0,Right Back,127,Algeria,4898,['6e97f8bc-0fe7-49db-935e-b4620642ec1d'],29,,,,,,,,,,,,,,,,,,,Algeria,4898,00:39:29.718,Pass,
,,,,,,,,,,,,,,,,,0.837927,,,,,,,,,,,,,8c477ff5-845f-416a-9217-ab22df66abfc,2254,,"[37.3, 76.8]",3920402,84,,,,,0.13255154,,Right Foot,,,"[43.3, 77.6]",,Low Pass,,6.053098,,,,Youcef Atal,10040.0,,,,,,2,From Throw In,Aïssa Mandi,6648.0,Right Center Back,127,Algeria,4898,['38e9ff5b-eb8a-4aa3-a9df-e352054ee146'],30,,,,,,,,,,,,,,,,,,,Algeria,4898,00:39:30.295,Pass,
,,,,,,,,,,,,,,,,,1.278206,,,,,,,,,,,,,3867c653-3532-4ffa-88ff-4623922f525f,2257,,"[46.0, 77.2]",3920402,84,,,,,-2.9694018,,Right Foot,,,"[34.5, 75.2]",,High Pass,,11.672618,,,,Aïssa Mandi,6648.0,,,,,,2,From Throw In,Youcef Atal,10040.0,Right Back,127,Algeria,4898,['e7564911-b24b-43f8-ab2a-a81d439a3201'],31,,,,,,,,,,,,,,,,,,,Algeria,4898,00:39:31.682,Pass,
,,,,,,,,,,,,,,,,,2.591639,,,,,,,,,,,,,65933c18-c891-4d66-9997-d4779e2f686b,2260,,"[34.3, 75.2]",3920402,84,,,,,-2.1913872,,Right Foot,,,"[14.5, 47.5]",,Low Pass,,34.048935,,,,Anthony Louis Mandréa,41381.0,,,,,,2,From Throw In,Aïssa Mandi,6648.0,Right Center Back,127,Algeria,4898,['fa6d57a8-c032-4cc2-a47c-7b253c13e09b'],33,,,,,,,,,,,,,,,,,,,Algeria,4898,00:39:33.002,Pass,
,,,,,,,,,,,,,,,,,2.135521,,,,,,,,,,,,,c4244539-34d3-417f-9dfb-0e813317e477,2263,,"[15.3, 43.7]",3920402,84,,,,,-0.7280593,,Right Foot,,,"[32.8, 28.1]",,Ground Pass,,23.443762,,,,Ramy Bensebaini,3191.0,,,,,,2,From Throw In,Anthony Louis Mandréa,41381.0,Goalkeeper,127,Algeria,4898,['9bd7b17d-262b-4eaf-820d-fb83291e6014'],36,,,,,,,,,,,,,,,,,,,Algeria,4898,00:39:36.856,Pass,
,,,,,,,,,,,,,,,,,1.438298,,,,,,,,,,,,,e57bf30e-3f8b-4be3-b4d6-e99ed2b1fca9,2266,,"[35.1, 26.0]",3920402,84,,,,,-0.8447344,,Left Foot,,,"[44.6, 15.3]",,Ground Pass,,14.308739,,,,Fares Chaïbi,217047.0,,,,,,2,From Throw In,Ramy Bensebaini,3191.0,Left Center Back,127,Algeria,4898,['c57dbe7d-04bc-4e59-a3ce-d76e3d6f30b4'],39,,,,,,,,,,,,,,,,,,,Algeria,4898,00:39:39.429,Pass,
,,,,,,,,,,,,,,,,,1.339147,,,,,,,,,,,,,c99bff11-2333-4dad-be96-bff225f9d1ff,2269,,"[53.9, 20.0]",3920402,84,,,,,2.0536723,,Right Foot,,,"[48.5, 30.3]",,Ground Pass,,11.6297035,,,,Ramy Bensebaini,3191.0,,,,,,2,From Throw In,Fares Chaïbi,217047.0,Left Defensive Midfield,127,Algeria,4898,['198bc2a2-8413-42d8-bed7-994f1c7ea19b'],43,,,,,,,,,,,,,,,,,,,Algeria,4898,00:39:43.701,Pass,
,,,,,,,,,,,,,,,,,1.354683,,,,,,,,,,,,,d79e20b6-210c-432a-8d0d-4d91582c255b,2272,,"[48.9, 30.4]",3920402,84,,,,,-0.79086256,,Left Foot,,,"[58.0, 21.2]",,Ground Pass,,12.940248,,,,Fares Chaïbi,217047.0,,,,,,2,From Throw In,Ramy Bensebaini,3191.0,Left Center Back,127,Algeria,4898,['e8288eb4-d0ca-4df0-818f-5c58cf7c352e'],46,,,,,,,,,,,,,,,,,,,Algeria,4898,00:39:46.240,Pass,
,,,,,,,,,,,,,,,,,1.21129,,,,,,,,,,,,,9ac1132a-1bfd-45e5-b75f-24dc342a0f30,2276,,"[56.4, 18.7]",3920402,84,,,,,2.191861,,Right Foot,,,"[48.1, 30.3]",,Ground Pass,,14.26359,,,,Ramy Bensebaini,3191.0,,,,,,2,From Throw In,Fares Chaïbi,217047.0,Left Defensive Midfield,127,Algeria,4898,['f8981f24-a5b5-4198-b709-60c553652d4f'],48,,,,,,,,,,,,,,,,,,,Algeria,4898,00:39:48.058,Pass,
,,,,,,,,,,,,,,,,,1.96,,,,,,,,,,,,,d81b1f3f-45a9-4a13-b345-76f28137514c,2279,,"[52.9, 35.7]",3920402,84,,,,,1.3334221,,Left Foot,,,"[57.4, 54.3]",,Ground Pass,,19.136614,,,,Aïssa Mandi,6648.0,,,,,,2,From Throw In,Ramy Bensebaini,3191.0,Left Center Back,127,Algeria,4898,['c19478d1-196d-41ff-b395-7b0391e1372d'],50,,,,,,,,,,,,,,,,,,,Algeria,4898,00:39:50.996,Pass,
,,,,,,,,,,,,,,,,,1.533425,,,,,,,,,,,,,df62f6b8-b656-4e75-ba26-884fdbea6c9f,2282,,"[64.1, 52.2]",3920402,84,,,,,-1.3664596,,Right Foot,,,"[72.7, 10.7]",,High Pass,,42.381718,,,,Fares Chaïbi,217047.0,,True,,,,2,From Throw In,Aïssa Mandi,6648.0,Right Center Back,127,Algeria,4898,['b6ebfd72-8829-4e34-a4f7-fa7577cd716d'],54,,,,,,,,,,,,,,,,,,,Algeria,4898,00:39:54.329,Pass,
,,,,,,,,,,,,,,,,,0.710107,,,,,,,,,,,,,172c43db-5b80-46a4-99f9-6e1065e6378a,2286,,"[36.6, 62.8]",3920402,84,,,,,-1.1025616,,Right Foot,,,"[41.0, 54.1]",,Low Pass,,9.749359,,,,Dramane Salou,408160.0,,,,,Recovery,2,From Counter,Issa Kabore,35471.0,Right Midfield,128,Burkina Faso,4921,['a58397ce-e636-4544-adcf-4e572478b7c1'],57,,,,,,,,,,,,,,,,,,,Burkina Faso,4921,00:39:57.726,Pass,
,,,,,,,,,,,,,,,,,1.49169,,,,,,,,,,,,,add3b59c-2c95-4bef-b2c5-d6db66238db0,2289,,"[42.7, 54.5]",3920402,84,,,,,0.29849893,,Right Foot,,,"[55.7, 58.5]",,Low Pass,,13.601471,,,,Issa Kabore,35471.0,,,,,,2,From Counter,Dramane Salou,408160.0,Right Center Midfield,128,Burkina Faso,4921,['41edafa9-8681-4618-ab68-e4def1afb6f3'],59,,,,,,,,,,,,,,,,,,,Burkina Faso,4921,00:39:59.057,Pass,
,,,,,,,,,,,,,,,,,0.99509,,,,,,,,,,,,,e0ea79f3-3556-419b-877f-c44a710e6cdb,2297,,"[76.4, 5.4]",3920402,85,,,,,-0.268703,,Right Foot,,,"[90.2, 1.6]",,Ground Pass,,14.31363,,,,Mohamed El Amine Amoura,141358.0,,,,,,2,Regular Play,Fares Chaïbi,217047.0,Left Defensive Midfield,129,Algeria,4898,['720b0a21-5cac-4bd8-b845-93c5f1cc5408'],7,,,,,,,,,,,,,,,,,,,Algeria,4898,00:40:07.276,Pass,
,,,,,,,,,,,,,,,,,1.014259,,,,,,,,,,,,,591a5018-898a-4fbf-9d25-960a1ad5fa2c,2300,,"[89.2, 2.8]",3920402,85,,,,,2.2142975,,Right Foot,,,"[81.4, 13.2]",,Ground Pass,,13.0,,,,Rayan Aït Nouri,12111.0,,,,,,2,Regular Play,Mohamed El Amine Amoura,141358.0,Left Midfield,129,Algeria,4898,['635ed53d-7e49-4f06-8ea0-c1c960ee01e0'],9,,,,,,,,,,,,,,,,,,,Algeria,4898,00:40:09.924,Pass,
,,,,,,,,,,,,,,,,,1.240716,,,,,,,,,,,,,23fa4042-1855-40b2-9cc9-d30e1647cc38,2303,,"[89.9, 14.8]",3920402,85,,,,,-0.2829769,,Left Foot,,,"[104.0, 10.7]",,Ground Pass,,14.684005,,,,Fares Chaïbi,217047.0,,,,,,2,Regular Play,Rayan Aït Nouri,12111.0,Left Back,129,Algeria,4898,['d655661d-2090-4d80-8fac-7ccf691b0a30'],12,,,,,,,,,,,,,,,,,,,Algeria,4898,00:40:12.728,Pass,
,,,,,,,,,,,,,,,,,1.942461,,,,,,,,,,,,,32d37492-d945-429d-8abf-04a22d6776c0,2306,,"[103.6, 12.8]",3920402,85,,,,,1.321359,1822cabe-eb12-4854-84c0-431663517476,Right Foot,True,,"[113.0, 49.7]",,High Pass,,38.078472,,,,Islam Slimani,3811.0,True,,,,,2,Regular Play,Fares Chaïbi,217047.0,Left Defensive Midfield,129,Algeria,4898,['b651aa15-9e10-41be-9046-77233401fe04'],16,,,,,,,,,,,,,,,,,,,Algeria,4898,00:40:16.565,Pass,
,,,,,,,,,,,,,,,,,1.01971,,,,,,,,,,,,,eb4d8cc4-0e5c-4d7d-b581-601eb7953f96,2312,,"[17.2, 40.7]",3920402,85,,True,,,0.6651754,,Drop Kick,,,"[67.3, 80.0]",,High Pass,,63.674957,,Out,,,,,,,,,2,Regular Play,Kouakou Herve Koffi,4388.0,Goalkeeper,129,Algeria,4898,,50,,,,,,,,,,,,,,,,,,,Burkina Faso,4921,00:40:50.861,Pass,
,,,,,,,,,,,,,,,,,1.68169,,,,,,,,,,,,,48f88cd5-49c7-4986-944e-cbe1034cafcc,2313,,"[48.6, 0.1]",3920402,85,,,,,2.9576492,,,,,"[31.4, 3.3]",,Low Pass,,17.495142,,,,Fares Chaïbi,217047.0,,,,,Throw-in,2,From Throw In,Rayan Aït Nouri,12111.0,Left Back,130,Algeria,4898,['0a522baf-1316-402d-af1c-52b39e0d4d40'],52,,,,,,,,,,,,,,,,,,,Algeria,4898,00:40:52.254,Pass,
,,,,,,,,,,,,,,,,,2.0,,,,,,,,,,,,,c0b77748-3d99-4652-8aef-7052e559f34c,2316,,"[27.5, 3.3]",3920402,85,,,,,2.325435,,Right Foot,,,"[14.9, 16.7]",,Ground Pass,,18.393476,,,,Ramy Bensebaini,3191.0,,,,,,2,From Throw In,Fares Chaïbi,217047.0,Left Defensive Midfield,130,Algeria,4898,['4a1d05da-c3b2-484e-8d94-8c6f3436c07c'],54,,,,,,,,,,,,,,,,,,,Algeria,4898,00:40:54.599,Pass,
,,,,,,,,,,,,,,,,,2.203105,,,,,,,,,,,,,62ffdd18-760f-4a50-95a5-85c1f1719ff6,2319,,"[19.0, 20.4]",3920402,85,,,,,1.2448704,,Left Foot,,,"[28.7, 49.1]",,Ground Pass,,30.294884,,,,Aïssa Mandi,6648.0,,,,,,2,From Throw In,Ramy Bensebaini,3191.0,Left Center Back,130,Algeria,4898,['ca119011-9a5a-47f5-a123-6f16f57618bb'],56,,,,,,,,,,,,,,,,,,,Algeria,4898,00:40:56.875,Pass,
,,,,,,,,,,,,,,,,,2.213898,,,,,,,,,,,,,cff80e83-5b38-4759-9565-c05ce3fdd1ef,2322,,"[33.4, 52.2]",3920402,86,,,,,0.7767777,,Right Foot,,,"[56.8, 75.2]",,Ground Pass,,32.810974,,,,Youcef Atal,10040.0,,,,,,2,From Throw In,Aïssa Mandi,6648.0,Right Center Back,130,Algeria,4898,['ac41b215-8c82-4e02-ae11-7a21355c0d81'],0,,,,,,,,,,,,,,,,,,,Algeria,4898,00:41:00.810,Pass,
,,,,,,,,,,,,,,,,,2.809843,,,,,,,,,,,,,25f60450-7151-4718-b57a-7a2cbfa37460,2325,,"[58.0, 75.2]",3920402,86,,,,,-0.31813174,,Right Foot,,,"[107.8, 58.8]",,High Pass,,52.43091,,,,Adam Ounas,10448.0,,,,,,2,From Throw In,Youcef Atal,10040.0,Right Back,130,Algeria,4898,['c0eeb33b-571f-46e3-9f13-66afbd1c9f75'],3,,,,,,,,,,,,,,,,,,,Algeria,4898,00:41:03.871,Pass,
,,,,,,,,,,,,,,,,,0.077131,,,,,,,,,,,,,e19f450a-4e30-4261-84fc-43adbb702bc9,2331,,"[22.6, 11.3]",3920402,86,,True,,,0.33745608,,Right Foot,,,"[34.0, 15.3]",,Ground Pass,,12.08139,,Incomplete,,Bertrand Isidore Traoré,2956.0,,,,,,2,Regular Play,Steeve Yago,3035.0,Left Back,131,Burkina Faso,4921,"['43a88cd2-84cd-45cd-9944-7f7fd77d8959', 'ef778b7d-9ef2-4a92-8603-68ec1ac085ee']",13,,,,,,,,,,,,,,,,,,,Burkina Faso,4921,00:41:13.784,Pass,
,,,,,,,,,,,,,,,,,3.017046,,,,,,,,,,,,,b2c14e89-7b11-4231-8ae0-d601a6cb144b,2336,,"[45.0, 0.1]",3920402,86,,True,,,0.06915362,,,,,"[91.2, 3.3]",,High Pass,,46.310688,,,,Cédric Badolo,44307.0,,,,,Throw-in,2,From Throw In,Steeve Yago,3035.0,Left Back,132,Burkina Faso,4921,['50ad67d1-7b65-4bcd-8e4a-ac13012cd60e'],31,,,,,,,,,,,,,,,,,,,Burkina Faso,4921,00:41:31.096,Pass,
,,,,,,,,,,,,,,,,,1.035466,,,,,,,,,,,,,9358fc68-5ee6-4be1-8570-ed13598b928a,2339,,"[92.2, 3.3]",3920402,86,,,,,2.4028895,b81eaa59-c758-4bb5-ae29-fc1073dcfaea,Right Foot,,,"[86.6, 8.4]",,Ground Pass,,7.574299,,,,Bertrand Isidore Traoré,2956.0,True,,,,,2,From Throw In,Cédric Badolo,44307.0,Left Midfield,132,Burkina Faso,4921,"['8f52ef87-ea68-43b4-8581-1384a35e7eed', '0f435f09-9387-4d4d-97c8-ce6361525a21']",36,,,,,,,,,,,,,,,,,,,Burkina Faso,4921,00:41:36.370,Pass,True
,,,,,,,,,,,,,,,,,0.450494,,,,,,,,,,,,,e234b1fc-120c-4b66-be02-a4181ad7a930,2344,,"[6.0, 36.4]",3920402,86,,True,,,-0.6961418,,Right Foot,,,"[20.0, 24.7]",,Ground Pass,,18.245274,,,,Ramy Bensebaini,3191.0,,,,,Goal Kick,2,From Goal Kick,Anthony Louis Mandréa,41381.0,Goalkeeper,133,Algeria,4898,['786efea6-4ade-4d37-98a4-07485670fc92'],51,,,,,,,,,,,,,,,,,,,Algeria,4898,00:41:51.852,Pass,
,,,,,,,,,,,,,,,,,1.066145,,,,,,,,,,,,,de2b2e55-9de7-46c9-8780-147ec3d630e0,2346,,"[21.1, 31.8]",3920402,86,,,,,-0.261326,,Left Foot,,,"[29.7, 29.5]",,Ground Pass,,8.902246,,,,Fares Chaïbi,217047.0,,,,,,2,From Goal Kick,Ramy Bensebaini,3191.0,Left Center Back,133,Algeria,4898,['7c97907d-a7fe-4bc3-b3f7-645ceb5fe80b'],54,,,,,,,,,,,,,,,,,,,Algeria,4898,00:41:54.308,Pass,
,,,,,,,,,,,,,,,,,3.173771,,,,,,,,,,,,,bdc02a60-e093-4ed5-902e-4e9df2d1000e,2349,,"[40.2, 18.1]",3920402,86,,,,,-0.09915025,,Right Foot,,,"[97.5, 12.4]",,High Pass,,57.58281,,,,Mohamed El Amine Amoura,141358.0,,,,,,2,From Goal Kick,Fares Chaïbi,217047.0,Left Defensive Midfield,133,Algeria,4898,['e381a6e9-0b90-434d-99cb-4cf67f9c6452'],59,,,,,,,,,,,,,,,,,,,Algeria,4898,00:41:59.357,Pass,
,,,,,,,,,,,,,,,,,0.452479,,,,,,,,,,,,,6a31cc4d-786b-493d-a62e-d98eb5996495,2353,,"[118.8, 28.1]",3920402,87,,,,,1.7752175,,Right Foot,True,,"[117.1, 36.3]",,High Pass,,8.374366,,Incomplete,,Baghdad Bounedjah,103465.0,,,,,,2,From Goal Kick,Mohamed El Amine Amoura,141358.0,Left Midfield,133,Algeria,4898,"['cbaa0aa3-29f8-443c-8ec5-9d2bb0adcdbf', 'aa3e9209-44bd-4673-bbbc-1197fcca1a42', '40b663d5-8466-4dc6-a700-eb573bc9e55a']",6,,,,,,,,,,,,,,,,,,,Algeria,4898,00:42:06.423,Pass,True
,,,,,,,,,,,,,,,,,1.200591,,,,,,,,,,,,,31b6252e-e1b9-4a83-ba53-69eba7d6664c,2358,,"[99.7, 72.7]",3920402,87,,,,,-1.2189796,,Left Foot,True,,"[111.3, 41.1]",,High Pass,,33.661846,,Incomplete,,Islam Slimani,3811.0,,,,,,2,From Goal Kick,Adam Ounas,10448.0,Right Midfield,133,Algeria,4898,"['2ec889d6-05f4-4e6f-8f05-adb38367e1c0', 'f897619b-a1e4-487a-8913-9041a3030471']",13,,,,,,,,,,,,,,,,,,,Algeria,4898,00:42:13.808,Pass,
,,,,,,,,,,,,,,,,,3.102982,,,,,,,,,,,,,e245cfa8-b6ec-4f66-9a2b-e8fe7c5bb67c,2363,,"[23.2, 34.7]",3920402,87,,,,,-0.04290993,,Right Foot,,,"[95.4, 31.6]",,High Pass,,72.26652,,,,Bertrand Isidore Traoré,2956.0,,,,,Free Kick,2,From Free Kick,Issoufou Dayo,102800.0,Right Center Back,134,Burkina Faso,4921,['8ef8270e-6119-4411-ba94-7d27ccad7e54'],53,,,,,,,,,,,,,,,,,,,Burkina Faso,4921,00:42:53.050,Pass,
,,,,,,,,,,,,,,,,,1.375228,,,,,,,,,,,,,68b2ac7c-6fe0-4bfe-b2d6-02065688884a,2368,,"[24.0, 54.9]",3920402,87,,,,True,-1.119532,,,,,"[30.3, 41.9]",,High Pass,,14.446107,,,,Fares Chaïbi,217047.0,,,,,Recovery,2,From Free Kick,Youcef Atal,10040.0,Right Back,134,Burkina Faso,4921,"['8ea99e50-5f1a-49d7-ad5a-12e95e1942f6', 'd65d2915-c61e-4c98-a777-b58e339a8632']",58,,,,,,,,,,,,,,,,,,,Algeria,4898,00:42:58.203,Pass,True
,,,,,,,,,,,,,,,,,1.998694,,,,,,,,,,,,,3f1b0a23-d423-4a2b-94cf-d40333e3b494,2374,,"[83.5, 39.9]",3920402,88,,,,,-0.03844259,,Right Foot,,,"[112.1, 38.8]",,Ground Pass,,28.621145,,Incomplete,,Bertrand Isidore Traoré,2956.0,,,,,,2,From Free Kick,Ibrahim Blati Touré,23999.0,Left Center Midfield,134,Burkina Faso,4921,"['5e084807-e529-42fa-b672-8157ea5fe348', '75af6511-ea62-40d1-a763-c51fc8f279fb']",1,,,,,,,,,,,,,,,,,,,Burkina Faso,4921,00:43:01.983,Pass,
,,,,,,,,,,,,,,,,,2.4929,,,,,,,,,,,,,c0cf106a-f99f-4fef-9ea7-302c199f7e24,2378,,"[14.8, 38.8]",3920402,88,,,,,-0.9136216,,Keeper Arm,,,"[42.5, 2.9]",,High Pass,,45.34424,,,,Islam Slimani,3811.0,,,,,,2,Regular Play,Anthony Louis Mandréa,41381.0,Goalkeeper,135,Algeria,4898,['7adfe032-abfe-4324-b22f-59e41c0a29ca'],5,,,,,,,,,,,,,,,,,,,Algeria,4898,00:43:05.681,Pass,
,,,,,,,,,,,,,,,,,1.126261,,,,,,,,,,,,,b7f1b18d-b108-4032-81ea-1679afd6e364,2381,,"[55.7, 2.6]",3920402,88,,,,,-0.13706617,,Right Foot,,,"[70.2, 0.6]",,Ground Pass,,14.637281,,,,Mohamed El Amine Amoura,141358.0,,,,,,2,Regular Play,Islam Slimani,3811.0,Right Center Forward,135,Algeria,4898,['f25d8275-ead7-4ea3-8f69-b05b15efc083'],10,,,,,,,,,,,,,,,,,,,Algeria,4898,00:43:10.210,Pass,
,,,,,,,,,,,,,,,,,0.74563,,,,,,,,,,,,,4743097a-b8ce-49cc-9999-82db51f8fc4c,2388,,"[87.4, 25.8]",3920402,88,,,,,1.3665422,,Right Foot,,,"[90.3, 39.8]",,Ground Pass,,14.297202,,,,Baghdad Bounedjah,103465.0,,,,,,2,Regular Play,Mohamed El Amine Amoura,141358.0,Left Midfield,135,Algeria,4898,['033b221f-6433-4236-89de-e659cf14812f'],18,,,,,,,,,,,,,,,,,,,Algeria,4898,00:43:18.893,Pass,
,,,,,,,,,,,,,,,,,1.786375,,,,,,,,,,,,,d848eec1-02d4-4ff8-90a8-269d165c651e,2391,,"[89.4, 45.2]",3920402,88,,,,,1.2018368,,Right Foot,,,"[98.1, 67.7]",,Ground Pass,,24.123432,,,,Adam Ounas,10448.0,,,,,,2,Regular Play,Baghdad Bounedjah,103465.0,Left Center Forward,135,Algeria,4898,['b7d25468-3282-47f5-b627-5aa002e47ec2'],20,,,,,,,,,,,,,,,,,,,Algeria,4898,00:43:20.462,Pass,
,,,,,,,,,,,,,,,,,1.16082,,,,,,,,,,,,,5d6b89a5-ad96-4492-935b-194eb13d39a6,2395,,"[99.3, 61.3]",3920402,88,,,,,-1.0582013,,Left Foot,,,"[112.3, 38.2]",,High Pass,,26.506792,,Incomplete,,Rayan Aït Nouri,12111.0,,,,,,2,Regular Play,Adam Ounas,10448.0,Right Midfield,135,Algeria,4898,"['7f2fd217-2cf4-404f-8a12-418b480471ef', '2db0319c-ba7a-4aa2-8365-18ac7edcdb63']",25,,,,,,,,,,,,,,,,,,,Algeria,4898,00:43:25.491,Pass,
,,,,,,,,,,,,,,,,,1.022895,,,,,,,,,,,,,d4e5895c-3589-4a03-82b4-b6866ffdf3f6,2398,,"[29.8, 55.8]",3920402,88,,,,,-0.48387605,,Right Foot,,,"[43.5, 48.6]",,Ground Pass,,15.476757,,,,Bertrand Isidore Traoré,2956.0,,,,,Recovery,2,From Counter,Issa Kabore,35471.0,Right Midfield,136,Burkina Faso,4921,['899ee5e1-2497-469a-b7b0-1b99a0e3ae6e'],29,,,,,,,,,,,,,,,,,,,Burkina Faso,4921,00:43:29.557,Pass,
,,,,,,,,,,,,,,,,,0.103109,,,,,,,,,,,,,861c24b7-00c3-431b-94d1-9d222b9bad37,2402,,"[42.3, 48.9]",3920402,88,,,,,0.32175055,,Right Foot,,,"[43.5, 49.3]",,Ground Pass,,1.264911,,Incomplete,,Issa Kabore,35471.0,,,,,,2,From Counter,Bertrand Isidore Traoré,2956.0,Center Forward,136,Burkina Faso,4921,"['9aceff3e-0340-4cd6-bf0e-be50692ae090', 'e3f85df3-74b9-43e7-9517-6ff739d4314a', '3c3b1f84-cdff-4cb6-9b6f-68ed50ac3d55']",30,,,,,,,,,,,,,,,,,,,Burkina Faso,4921,00:43:30.748,Pass,True
,,,,,,,,,,,,,,,,,2.926176,,,,,,,,,,,,,c11d0b1b-74e1-4fa0-b38c-eea7cb65a778,2407,,"[56.1, 41.7]",3920402,88,,,,,0.43407044,,Right Foot,,,"[90.4, 57.6]",,Ground Pass,,37.806084,,,,Issa Kabore,35471.0,,,,,,2,From Counter,Ibrahim Blati Touré,23999.0,Left Center Midfield,136,Burkina Faso,4921,['13de7612-4f94-4363-a307-65cea16bc03c'],33,,,,,,,,,,,,,,,,,,,Burkina Faso,4921,00:43:33.210,Pass,
,,,,,,,,,,,,,,,,,0.870871,,,,,,,,,,,,,88f6ad32-78ef-4d61-93a3-476e7211149f,2414,,"[15.1, 30.1]",3920402,88,,True,,,-0.5238159,,Right Foot,,,"[63.4, 2.2]",,Ground Pass,,55.77903,,,,Mohamed El Amine Amoura,141358.0,,,,,,2,Regular Play,Anthony Louis Mandréa,41381.0,Goalkeeper,137,Algeria,4898,['1c0283e3-cde3-4687-b04c-96b66b298e77'],46,,,,,,,,,,,,,,,,,,,Algeria,4898,00:43:46.034,Pass,
,,,,,,,,,,,,,,,,,0.725371,,,,,,,,,,,,,ec44a5f2-235d-4cfd-8b28-bfa0c25c9f03,2416,,"[71.0, 2.4]",3920402,88,,,,,1.827313,,Right Foot,,,"[69.4, 8.5]",,Ground Pass,,6.306346,,,,Fares Chaïbi,217047.0,,,,,,2,Regular Play,Mohamed El Amine Amoura,141358.0,Left Midfield,137,Algeria,4898,['358af839-9b63-4bba-922b-fb68623b5c5c'],48,,,,,,,,,,,,,,,,,,,Algeria,4898,00:43:48.276,Pass,
,,,,,,,,,,,,,,,,,2.865367,,,,,,,,,,,,,71375cbe-67fe-4698-88aa-01852c0d3c83,2420,,"[70.0, 7.0]",3920402,88,,,,,0.37029168,,Right Foot,,,"[102.2, 19.5]",,High Pass,,34.541134,,Incomplete,,Mohamed El Amine Amoura,141358.0,,,,,,2,Regular Play,Fares Chaïbi,217047.0,Left Defensive Midfield,137,Algeria,4898,"['97010ceb-65ba-44fb-85f4-8f0e07c2ab5c', '073941aa-a367-4e87-b45b-e2e11ba2be4d', 'f73c4d48-836c-405e-bc37-c118f357e780']",49,,,,,,,,,,,,,,,,,,,Algeria,4898,00:43:49.917,Pass,True
,,,,,,,,,,,,,,,,,0.452052,,,,,,,,,,,,,7dfe5f27-f284-4819-bc89-440d0b9be9d4,2426,,"[21.6, 64.0]",3920402,88,,,,,-0.67474097,,Right Foot,,,"[31.1, 56.4]",,Ground Pass,,12.165936,,,,Ismahila Ouédraogo,106681.0,,,,,,2,Regular Play,Yacouba Nasser Djiga,136948.0,Right Back,138,Burkina Faso,4921,"['4d47b810-d749-4564-99c0-53fd1e41bece', '4be85bce-4313-41e3-a578-a206455ebddf']",54,,,,,,,,,,,,,,,,,,,Burkina Faso,4921,00:43:54.976,Pass,True
,,,,,,,,,,,,,,,,,2.171552,,,,,,,,,,,,,f3b3c703-7acd-4d53-9e7c-e8b293b08233,2429,,"[29.0, 57.0]",3920402,88,,,,,-2.000196,,Right Foot,,,"[20.3, 38.0]",,Ground Pass,,20.89713,,,,Edmond Fayçal Tapsoba,30606.0,,,,,,2,Regular Play,Ismahila Ouédraogo,106681.0,Center Defensive Midfield,138,Burkina Faso,4921,['c057ea47-c78c-403a-a594-f88be922641f'],56,,,,,,,,,,,,,,,,,,,Burkina Faso,4921,00:43:56.928,Pass,
,,,,,,,,,,,,,,,,,2.0,,,,,,,,,,,,,043aa334-e672-4b9d-bff8-9cab685fc28f,2433,,"[19.5, 37.8]",3920402,89,,,,,0.8994312,,Right Foot,,,"[45.4, 70.4]",,Ground Pass,,41.63616,,,,Dramane Salou,408160.0,,,,,,2,Regular Play,Edmond Fayçal Tapsoba,30606.0,Left Center Back,138,Burkina Faso,4921,"['287b1e56-e128-40af-a2af-cb4cecad9371', '7034295a-3272-49bc-950c-ecec49fca201']",0,,,,,,,,,,,,,,,,,,,Burkina Faso,4921,00:44:00.699,Pass,True
,,,,,,,,,,,,,,,,,1.780935,,,,,,,,,,,,,d27685ba-fca7-4bfe-a5c2-f24e98cba29d,2436,,"[66.9, 58.0]",3920402,89,,,,,0.78876513,,Right Foot,,,"[81.7, 72.9]",,Ground Pass,,21.00119,,,,Bertrand Isidore Traoré,2956.0,,,,,,2,Regular Play,Dramane Salou,408160.0,Right Center Midfield,138,Burkina Faso,4921,['a230eab0-26fb-41c4-a401-137d123bad87'],6,,,,,,,,,,,,,,,,,,,Burkina Faso,4921,00:44:06.813,Pass,
,,,,,,,,,,,,,,,,,0.725487,,,,,,,,,,,,,8fd88dc3-57ab-4794-b9a8-49a288906ac8,2440,,"[95.8, 59.2]",3920402,89,,,,,-1.8024127,,Left Foot,,,"[93.3, 48.6]",,Ground Pass,,10.890821,,,,Dramane Salou,408160.0,,,,,,2,Regular Play,Bertrand Isidore Traoré,2956.0,Center Forward,138,Burkina Faso,4921,['0ce6f599-e113-4578-ad33-30dea90b59cf'],15,,,,,,,,,,,,,,,,,,,Burkina Faso,4921,00:44:15.523,Pass,
,,,,,,,,,,,,,,,,,1.375444,,,,,,,,,,,,,4a8d8ebf-a93e-45eb-8b5f-c6216af86e86,2444,,"[91.0, 52.3]",3920402,89,,,,,1.297137,,Right Foot,,,"[97.4, 75.1]",,Ground Pass,,23.681215,,,,Issa Kabore,35471.0,,,,,,2,Regular Play,Dramane Salou,408160.0,Right Center Midfield,138,Burkina Faso,4921,"['83c01a64-001a-49e8-8158-1e41782ff4b7', 'd0280359-da65-432d-ace0-bce6189de790']",17,,,,,,,,,,,,,,,,,,,Burkina Faso,4921,00:44:17.035,Pass,True
,,,,,,,,,,,,,,,,,0.22451,,,,,,,,,,,,,d2b311ad-215a-47af-b25e-5739c3608232,2448,,"[120.0, 68.0]",3920402,89,,,,,-1.5707964,,Right Foot,,,"[120.0, 57.8]",,Low Pass,,10.2,,Out,,Cédric Badolo,44307.0,,,,,,2,Regular Play,Issa Kabore,35471.0,Right Midfield,138,Burkina Faso,4921,['02f5eeac-214b-4451-8c65-de503ee62653'],23,,,,,,,,,,,,,,,,,,,Burkina Faso,4921,00:44:23.497,Pass,
,,,,,,,,,,,,,,,,,0.577607,,,,,,,,,,,,,8cf1c175-c3bd-4ded-9f5e-57513c16c13b,2450,,"[6.0, 39.9]",3920402,89,,True,,,-0.47173056,,Right Foot,,,"[40.5, 22.3]",,Ground Pass,,38.72996,,,,Ramy Bensebaini,3191.0,,,,,Goal Kick,2,From Goal Kick,Anthony Louis Mandréa,41381.0,Goalkeeper,139,Algeria,4898,['fa8127c4-b6de-4064-83c3-461b1645d8d4'],59,,,,,,,,,,,,,,,,,,,Algeria,4898,00:44:59.805,Pass,
,,,,,,,,,,,,,,,,,1.79931,,,,,,,,,,,,,23c5f5dd-2c1d-4bdc-afe3-d0ff2c079ff7,2452,,"[40.7, 25.1]",3920402,90,,,,,1.2403933,,Left Foot,,,"[49.0, 49.3]",,Ground Pass,,25.583784,,,,Aïssa Mandi,6648.0,,,,,,2,From Goal Kick,Ramy Bensebaini,3191.0,Left Center Back,139,Algeria,4898,['897364fc-2bba-4680-b098-407d6a614fa1'],6,,,,,,,,,,,,,,,,,,,Algeria,4898,00:45:06.221,Pass,
,,,,,,,,,,,,,,,,,2.0,,,,,,,,,,,,,70342ed7-d009-40b1-91d3-eba8ea7d57c9,2455,,"[55.4, 51.8]",3920402,90,,,,,0.9525,,Right Foot,,,"[69.2, 71.2]",,Ground Pass,,23.807562,,,,Adam Ounas,10448.0,,,,,,2,From Goal Kick,Aïssa Mandi,6648.0,Right Center Back,139,Algeria,4898,['edf7ece1-9831-47b5-826d-e0fb1517fa06'],10,,,,,,,,,,,,,,,,,,,Algeria,4898,00:45:10.420,Pass,
,,,,,,,,,,,,,,,,,1.58498,,,,,,,,,,,,,a288adaf-b1c0-4783-a02b-c787657a6c5f,2458,,"[68.4, 56.1]",3920402,90,,,,,-2.285491,,Right Foot,,,"[52.0, 37.2]",,Ground Pass,,25.02339,,,,Ramy Bensebaini,3191.0,,,,,,2,From Goal Kick,Adam Ounas,10448.0,Right Midfield,139,Algeria,4898,['87f88dd4-4e9b-4a9c-82f0-ee4fe8061922'],14,,,,,,,,,,,,,,,,,,,Algeria,4898,00:45:14.737,Pass,
,,,,,,,,,,,,,,,,,0.998661,,,,,,,,,,,,,64c729a1-1b73-4e95-8c21-8efe4d82975a,2461,,"[54.1, 34.3]",3920402,90,,,,,-0.79730237,,Left Foot,,,"[62.4, 25.8]",,Ground Pass,,11.880236,,,,Fares Chaïbi,217047.0,,,,,,2,From Goal Kick,Ramy Bensebaini,3191.0,Left Center Back,139,Algeria,4898,['7cebb6e7-785f-4396-b714-6879a8e63086'],18,,,,,,,,,,,,,,,,,,,Algeria,4898,00:45:18.811,Pass,
,,,,,,,,,,,,,,,,,1.154322,,,,,,,,,,,,,0035d88e-02fd-4b5f-bc1d-f4f1b08dcf55,2464,,"[62.4, 26.4]",3920402,90,,,,,0.83253306,,Right Foot,,,"[72.5, 37.5]",,Ground Pass,,15.007332,,,,Adam Ounas,10448.0,,,,,,2,From Goal Kick,Fares Chaïbi,217047.0,Left Defensive Midfield,139,Algeria,4898,['253affdf-f5ea-4cca-9749-6c76bf702212'],20,,,,,,,,,,,,,,,,,,,Algeria,4898,00:45:20.790,Pass,
,,,,,,,,,,,,,,,,,3.275383,,,,,,,,,,,,,27e1c36f-c332-4e03-b9d8-7d6f748f520d,2468,,"[73.5, 36.7]",3920402,90,,,,,2.351565,,Right Foot,,,"[52.0, 58.4]",,Low Pass,,30.54734,,,,Aïssa Mandi,6648.0,,,,,,2,From Goal Kick,Adam Ounas,10448.0,Right Midfield,139,Algeria,4898,"['5872cdbf-34a9-4d9a-9bf4-106334e17af8', '7b1b4128-026a-4bdd-a4c6-24c410c7b5d9']",22,,,,,,,,,,,,,,,,,,,Algeria,4898,00:45:22.156,Pass,True
,,,,,,,,,,,,,,,,,1.280374,,,,,,,,,,,,,38a50d74-43e9-4957-a567-01136ef9f947,2471,,"[55.4, 58.2]",3920402,90,,,,,0.9624713,,Left Foot,,,"[63.2, 69.4]",,Ground Pass,,13.648443,,,,Fares Chaïbi,217047.0,,,,,,2,From Goal Kick,Aïssa Mandi,6648.0,Right Center Back,139,Algeria,4898,['e0b06255-c6b5-4bea-a80b-c777be68c627'],27,,,,,,,,,,,,,,,,,,,Algeria,4898,00:45:27.606,Pass,
,,,,,,,,,,,,,,,,,2.401871,,,,,,,,,,,,,5e9f7546-1902-47bd-aa67-7d8de3984be0,2474,,"[71.6, 65.0]",3920402,90,,,,,-0.5594087,,Right Foot,,,"[116.0, 37.2]",,High Pass,,52.385113,,Incomplete,,Islam Slimani,3811.0,,,,,,2,From Goal Kick,Fares Chaïbi,217047.0,Left Defensive Midfield,139,Algeria,4898,"['23860670-ac77-476d-a464-f5a39874048c', '2a45b661-23cf-4cde-a2c0-c9e6cd6d783e']",31,,,,,,,,,,,,,,,,,,,Algeria,4898,00:45:31.197,Pass,
,,,,,,,,,,,,,,,,,5.114167,,,,,,,,,,,,,38b6047c-fe9b-4ccc-a362-178f673433df,2478,,"[17.3, 36.6]",3920402,90,,,,,-0.34696394,,Drop Kick,,,"[75.1, 15.7]",,High Pass,,61.46259,,Unknown,,Bertrand Isidore Traoré,2956.0,,,,,,2,From Goal Kick,Kouakou Herve Koffi,4388.0,Goalkeeper,139,Algeria,4898,['e5a2c32e-715c-4494-a606-af51817868c1'],53,,,,,,,,,,,,,,,,,,,Burkina Faso,4921,00:45:53.170,Pass,
,,,,,,,,,,,,,,,,,1.2,,,,,,,,,,,,,bef09105-6c97-41b0-8c02-01a3ba10a79c,2482,,"[47.9, 64.6]",3920402,91,,,,,-1.3981148,,Right Foot,,,"[52.4, 38.8]",,Ground Pass,,26.1895,,,,Ramiz Larbi Zerrouki,38345.0,,,,,Free Kick,2,From Free Kick,Aïssa Mandi,6648.0,Right Center Back,140,Algeria,4898,['702fec62-14a5-4fc0-ac74-5a28649dc980'],5,,,,,,,,,,,,,,,,,,,Algeria,4898,00:46:05.430,Pass,
,,,,,,,,,,,,,,,,,2.4,,,,,,,,,,,,,06139ea0-fcd1-41c0-b06b-3d38243fbe30,2485,,"[56.2, 36.7]",3920402,91,,,,,1.2173104,,Right Foot,,,"[70.0, 74.1]",,Ground Pass,,39.864773,,,,Youcef Atal,10040.0,,,,,,2,From Free Kick,Ramiz Larbi Zerrouki,38345.0,Right Defensive Midfield,140,Algeria,4898,['58d41bc2-d217-4a06-b8ae-2cea31df597d'],10,,,,,,,,,,,,,,,,,,,Algeria,4898,00:46:10.230,Pass,
,,,,,,,,,,,,,,,,,2.054215,,,,,,,,,,,,,24e06ced-1f35-4451-9e7c-b7dfaf44956a,2488,,"[71.3, 74.8]",3920402,91,,,,,-0.34939328,,Right Foot,,,"[110.0, 60.7]",,High Pass,,41.18859,,Incomplete,,Islam Slimani,3811.0,,,,,,2,From Free Kick,Youcef Atal,10040.0,Right Back,140,Algeria,4898,"['588302f2-8532-470d-90e8-830346d3834b', '9d0eb86b-20c9-48c5-8117-8a034136b2d6']",13,,,,,,,,,,,,,,,,,,,Algeria,4898,00:46:13.599,Pass,
,,,,,,,,,,,,,,,,,5.48904,,,,,,,,,,,,,728fc67b-8357-4dbb-a70b-24ca81ad6721,2492,,"[6.9, 4.5]",3920402,91,,,,,0.4833387,,Right Foot,,,"[61.2, 33.0]",,High Pass,,61.32487,,Incomplete,,Bertrand Isidore Traoré,2956.0,,,,,,2,From Free Kick,Edmond Fayçal Tapsoba,30606.0,Left Center Back,140,Algeria,4898,"['effa11b1-1b16-4e0b-a533-ced042c8c2a2', '01a249c5-1ad6-4aa5-b0b2-ee076ce5bbe6']",18,,,,,,,,,,,,,,,,,,,Burkina Faso,4921,00:46:18.266,Pass,
,,,,,,,,,,,,,,,,,1.242334,,,,,,,,,,,,,613ce091-177d-4e69-a87f-ce040e85f069,2496,,"[67.1, 38.4]",3920402,91,,,,,-1.2706251,,Left Foot,,,"[71.0, 25.8]",,Ground Pass,,13.189769,,,,Ramiz Larbi Zerrouki,38345.0,,,,,,2,From Free Kick,Ramy Bensebaini,3191.0,Left Center Back,140,Algeria,4898,['03ab360e-230a-4aa3-8413-5241edf53ab7'],26,,,,,,,,,,,,,,,,,,,Algeria,4898,00:46:26.888,Pass,
,,,,,,,,,,,,,,,,,1.809954,,,,,,,,,,,,,007f8c69-7b87-471c-bb4f-c53789555cec,2499,,"[72.3, 21.3]",3920402,91,,,,,-0.81880474,,Right Foot,,,"[91.1, 1.2]",,Ground Pass,,27.521809,,,,Mohamed El Amine Amoura,141358.0,,,,,,2,From Free Kick,Ramiz Larbi Zerrouki,38345.0,Right Defensive Midfield,140,Algeria,4898,['f050054c-269c-4992-b350-0f8a1e817784'],29,,,,,,,,,,,,,,,,,,,Algeria,4898,00:46:29.127,Pass,
,,,,,,,,,,,,,,,,,1.254345,,,,,,,,,,,,,e3d7ad69-c1a2-45a6-9c2e-10314c96339e,2507,,"[7.0, 37.6]",3920402,93,,True,,,-0.42938793,,Right Foot,,,"[80.6, 3.9]",,High Pass,,80.94844,,Incomplete,,Cédric Badolo,44307.0,,,,,Goal Kick,2,From Goal Kick,Kouakou Herve Koffi,4388.0,Goalkeeper,142,Burkina Faso,4921,"['58292d0f-720e-412b-8ec5-d29e2df3b3dd', '573c4ec3-c509-4ebd-a960-affc6ad7c1e6']",32,,,,,,,,,,,,,,,,,,,Burkina Faso,4921,00:48:32.387,Pass,
,,,,,,,,,,,,,,,,,2.688914,,,,,,,,,,,,,19dc627f-99f5-4edd-ad75-9de653bdd200,2511,,"[64.7, 29.2]",3920402,93,,,,,0.6896915,,Head,,,"[78.4, 40.5]",,High Pass,,17.758942,,Incomplete,,Cédric Badolo,44307.0,,,,,Recovery,2,From Goal Kick,Ismahila Ouédraogo,106681.0,Center Defensive Midfield,142,Burkina Faso,4921,"['588329e8-ec43-43e3-b7bd-31fb96e57435', '06eb9435-7909-4ed5-aff4-f4067f30795a']",35,,,,,,,,,,,,,,,,,,,Burkina Faso,4921,00:48:35.376,Pass,
,,,,,,,,,,,,,,,,,1.36602,,,,,,,,,,,,,e9692254-5d4a-476e-ae78-ef5519357654,2515,,"[42.9, 29.9]",3920402,93,,,,,-1.983796,,Right Foot,,,"[35.1, 12.1]",,Ground Pass,,19.43399,,,,Rayan Aït Nouri,12111.0,,,,,,2,Regular Play,Fares Chaïbi,217047.0,Left Defensive Midfield,143,Algeria,4898,['96958b4e-6b64-4662-9056-82de54e8d0b5'],38,,,,,,,,,,,,,,,,,,,Algeria,4898,00:48:38.761,Pass,
,,,,,,,,,,,,,,,,,0.418142,,,,,,,,,,,,,e80bc571-82c5-4ac4-b610-4308c05e69f5,2518,,"[46.3, 7.6]",3920402,93,,,,,0.962107,,Left Foot,,,"[48.6, 10.9]",,Ground Pass,,4.022437,,,,Fares Chaïbi,217047.0,,,,,,2,Regular Play,Rayan Aït Nouri,12111.0,Left Back,143,Algeria,4898,['4a5782e3-3ac0-4e1c-8511-67b38bb08d01'],42,,,,,,,,,,,,,,,,,,,Algeria,4898,00:48:42.960,Pass,
,,,,,,,,,,,,,,,,,4.444703,,,,,,,,,,,,,3d895fb7-bcf6-4cb2-8b3e-9e5afbcdd74d,2521,,"[56.4, 14.8]",3920402,93,,,,,-0.02635304,,Right Foot,,,"[117.1, 13.2]",,High Pass,,60.721085,,Incomplete,,Mohamed El Amine Amoura,141358.0,,,,,,2,Regular Play,Fares Chaïbi,217047.0,Left Defensive Midfield,143,Algeria,4898,"['55cf0983-f074-434d-8644-0e70494569d6', '9248e2a4-a28b-46d5-8255-2d5320041367']",45,,,,,,,,,,,,,,,,,,,Algeria,4898,00:48:45.956,Pass,
,,,,,,,,,,,,,,,,,1.57159,,,,,,,,,,,,,94b99d06-0d21-43ba-bc10-8c56e46f5eec,2524,,"[120.0, 0.1]",3920402,94,,,,,1.769575,ce0c3888-cb6d-42dc-ab6d-6cb7c5bcbbbc,Left Foot,,,"[111.6, 41.8]",True,High Pass,,42.537632,,,True,Baghdad Bounedjah,103465.0,,True,Outswinging,,Corner,2,From Corner,Adam Ounas,10448.0,Right Midfield,144,Algeria,4898,['2bbc8cef-7232-486a-8a56-726a4bf4f79c'],21,,,,,,,,,,,,,,,,,,,Algeria,4898,00:49:21.534,Pass,
,,,,,,,,,,,,,,,,,2.916152,,,,,,,,,,,,,5be910e1-a126-4094-bb53-ac95f9131a54,2531,,"[61.0, 40.1]",3920402,95,,True,,,2.5985513,,Right Foot,,,"[33.0, 57.0]",,Ground Pass,,32.70489,,,,Ismahila Ouédraogo,106681.0,,,,,Kick Off,2,From Kick Off,Issa Kabore,35471.0,Right Midfield,146,Burkina Faso,4921,['ab93616a-2dd8-43c3-be5b-79564574c37e'],36,,,,,,,,,,,,,,,,,,,Burkina Faso,4921,00:50:36.964,Pass,
,,,,,,,,,,,,,,,,,5.357769,,,,,,,,,,,,,e73c90af-76c6-41f3-b80e-6d8a6c93dce4,2533,,"[34.2, 56.8]",3920402,95,,True,,,0.19037461,,Right Foot,,,"[111.0, 71.6]",,High Pass,,78.21304,,Incomplete,,Bertrand Isidore Traoré,2956.0,,,,,,2,From Kick Off,Ismahila Ouédraogo,106681.0,Center Defensive Midfield,146,Burkina Faso,4921,"['16ff66a0-7d76-4065-97a8-c524d90dbc7a', '08f75489-8023-4376-a077-fc43d9006fc0']",39,,,,,,,,,,,,,,,,,,,Burkina Faso,4921,00:50:39.880,Pass,
,,,,,,,,,,,,,,,,,1.674502,,,,,,,,,,,,,b5aec8ac-9736-4ede-ac75-413825f8f9db,2537,,"[98.2, 80.0]",3920402,95,,,,,-0.7057193,,,,,"[112.4, 67.9]",,Low Pass,,18.656097,,Incomplete,,Bertrand Isidore Traoré,2956.0,,,,,Throw-in,2,From Throw In,Yacouba Nasser Djiga,136948.0,Right Back,147,Burkina Faso,4921,"['4c79d8fb-f8b1-4254-a944-b29150a4d134', '513ab5a2-00b8-4663-b497-86ec45949440']",58,,,,,,,,,,,,,,,,,,,Burkina Faso,4921,00:50:58.330,Pass,
,,,,,,,,,,,,,,,,,0.579045,,,,,,,,,,,,,4c79d8fb-f8b1-4254-a944-b29150a4d134,2539,,"[7.7, 12.2]",3920402,96,,,,,-0.9014389,,Left Foot,,,"[14.9, 3.1]",,Ground Pass,,11.603879,,,,Fares Chaïbi,217047.0,,,,,Interception,2,Regular Play,Ramy Bensebaini,3191.0,Left Center Back,148,Algeria,4898,"['9628a2e2-685f-4967-a0b8-d79efa55e2e2', 'b5aec8ac-9736-4ede-ac75-413825f8f9db']",0,,,,,,,,,,,,,,,,,,,Algeria,4898,00:51:00.005,Pass,
,,,,,,,,,,,,,,,,,0.406875,,,,,,,,,,,,,d1c07fd8-1789-4345-844c-35b8840be66c,2542,,"[14.0, 3.7]",3920402,96,,,,,1.8622531,,No Touch,,,"[13.7, 4.7]",,Ground Pass,,1.0440307,True,,,Ramy Bensebaini,3191.0,,,,,,2,Regular Play,Fares Chaïbi,217047.0,Left Defensive Midfield,148,Algeria,4898,['36112aa7-5f94-41af-98ab-28f69a884b5a'],1,,,,,,,,,,,,,,,,,,,Algeria,4898,00:51:01.386,Pass,
,,,,,,,,,,,,,,,,,2.639354,,,,,,,,,,,,,1386f35f-9bad-4ea8-a4ec-8f42b7a387e0,2545,,"[14.9, 1.2]",3920402,96,,,,,0.15808997,,Left Foot,,,"[63.2, 8.9]",,High Pass,,48.909916,,Incomplete,,Islam Slimani,3811.0,,,,,,2,Regular Play,Ramy Bensebaini,3191.0,Left Center Back,148,Algeria,4898,"['eaff988b-8431-4e16-a1cf-b0b1b3502131', '59811232-902b-48c0-ba7e-4f5eb061ee42']",3,,,,,,,,,,,,,,,,,,,Algeria,4898,00:51:03.292,Pass,
,,,,,,,,,,,,,,,,,1.50584,,,,,,,,,,,,,eaff988b-8431-4e16-a1cf-b0b1b3502131,2547,,"[56.9, 71.2]",3920402,96,,,,,0.17593962,,Head,,,"[79.4, 75.2]",,High Pass,,22.852789,,,,Dramane Salou,408160.0,,,,,Recovery,2,Regular Play,Issoufou Dayo,102800.0,Right Center Back,149,Burkina Faso,4921,"['1386f35f-9bad-4ea8-a4ec-8f42b7a387e0', 'f0ae67dc-cc43-47ce-92ac-5c52575aa8f1']",5,,,,,,,,,,,,,,,,,,,Burkina Faso,4921,00:51:05.932,Pass,
,,,,,,,,,,,,,,,,,1.886524,,,,,,,,,,,,,fb6d6b7d-91ad-4122-9ff0-990a7d5d12d7,2551,,"[77.8, 77.0]",3920402,96,,,,,-1.9442935,,Right Foot,,,"[72.0, 62.2]",,Low Pass,,15.895911,,,,Ismahila Ouédraogo,106681.0,,,,,,2,Regular Play,Dramane Salou,408160.0,Right Center Midfield,149,Burkina Faso,4921,"['d18f46dc-a26c-4bb9-8f25-38fdd4015934', '4bdd885e-5747-44ef-b951-36b4c411bd28']",8,,,,,,,,,,,,,,,,,,,Burkina Faso,4921,00:51:08.176,Pass,True
,,,,,,,,,,,,,,,,,1.817753,,,,,,,,,,,,,e3fa9bbe-64bc-432d-8610-85c2a7782375,2554,,"[71.8, 61.7]",3920402,96,,,,True,0.4277349,,,,,"[78.6, 64.8]",,High Pass,,7.4732857,,Incomplete,,Ibrahim Blati Touré,23999.0,,,,,,2,Regular Play,Ismahila Ouédraogo,106681.0,Center Defensive Midfield,149,Burkina Faso,4921,"['475c8b68-8f94-4bcf-aa8a-43deb7cb276e', '9b3e78ac-d807-47fb-b292-139dc3282bdf', 'a1ff5fc0-9f0e-4a5c-a848-59ab26b683d7']",10,,,,,,,,,,,,,,,,,,,Burkina Faso,4921,00:51:10.063,Pass,True
,,,,,,,,,,,,,,,,,0.631352,,,,,,,,,,,,,475c8b68-8f94-4bcf-aa8a-43deb7cb276e,2556,,"[41.5, 15.3]",3920402,96,,,,,0.36473483,,Right Foot,,,"[58.0, 21.6]",,High Pass,,17.661823,,,,Islam Slimani,3811.0,,,,,Recovery,2,Regular Play,Baghdad Bounedjah,103465.0,Left Center Forward,150,Algeria,4898,"['e3fa9bbe-64bc-432d-8610-85c2a7782375', '2d21a93f-d8d8-43df-bb09-1686afb60a4a']",11,,,,,,,,,,,,,,,,,,,Algeria,4898,00:51:11.880,Pass,
,,,,,,,,,,,,,,,,,2.064065,,,,,,,,,,,,,899c8528-69c0-4aee-a074-e20476514d9b,2559,,"[58.0, 21.6]",3920402,96,,,,,-1.7149507,,Other,,,"[56.2, 9.2]",,Low Pass,,12.529964,,,,Fares Chaïbi,217047.0,,,,,,2,Regular Play,Islam Slimani,3811.0,Right Center Forward,150,Algeria,4898,['3a576c6b-2749-4266-bd7c-1dad2a1a7051'],12,,,,,,,,,,,,,,,,,,,Algeria,4898,00:51:12.808,Pass,
,,,,,,,,,,,,,,,,,0.062244,,,,,,,,,,,,,791f5a1d-d0be-4e99-82d7-4bc74b08b149,2563,,"[56.4, 6.6]",3920402,96,,,,,1.19029,,Right Foot,,,"[56.8, 7.6]",,Ground Pass,,1.0770329,,Incomplete,,Islam Slimani,3811.0,,,,,,2,Regular Play,Fares Chaïbi,217047.0,Left Defensive Midfield,150,Algeria,4898,"['adcdb590-4247-4713-800b-1615dc85a1bf', 'd369660d-42c7-4c20-87c1-a9e4be212963', '6ba49202-2246-4c1d-b771-8a448427d4b6']",15,,,,,,,,,,,,,,,,,,,Algeria,4898,00:51:15.080,Pass,True
,,,,,,,,,,,,,,,,,1.945456,,,,,,,,,,,,,d0f0237d-913f-4de2-a688-7396d9ed9013,2568,,"[70.8, 2.0]",3920402,96,,,,,0.5890955,,Right Foot,,,"[91.9, 16.1]",,Ground Pass,,25.377548,,Incomplete,,Islam Slimani,3811.0,,,,,,2,Regular Play,Mohamed El Amine Amoura,141358.0,Left Midfield,150,Algeria,4898,"['6f1bf48f-629a-4b4e-af29-7f42bd6c308f', '0e6a853b-127d-4559-ad60-cf2836dc8702']",17,,,,,,,,,,,,,,,,,,,Algeria,4898,00:51:17.614,Pass,
,,,,,,,,,,,,,,,,,1.232554,,,,,,,,,,,,,6f1bf48f-629a-4b4e-af29-7f42bd6c308f,2570,,"[28.2, 64.0]",3920402,96,,,,,-0.47646743,,Right Foot,,,"[40.6, 57.6]",,Ground Pass,,13.954211,,Incomplete,,Cédric Badolo,44307.0,,,,,Recovery,2,Regular Play,Issoufou Dayo,102800.0,Right Center Back,150,Algeria,4898,"['6eca1732-44c6-44a4-9c2a-6b1d76b21f20', 'c287101e-b6c7-4d6e-ab58-b92dafa7ecee', 'd0f0237d-913f-4de2-a688-7396d9ed9013']",19,,,,,,,,,,,,,,,,,,,Burkina Faso,4921,00:51:19.559,Pass,
,,,,,,,,,,,,,,,,,0.973267,,,,,,,,,,,,,c287101e-b6c7-4d6e-ab58-b92dafa7ecee,2572,,"[79.5, 22.5]",3920402,96,,,,,-0.07457409,,Right Foot,,,"[96.9, 21.2]",,Ground Pass,,17.448496,,Pass Offside,,Islam Slimani,3811.0,,,,,Recovery,2,Regular Play,Baghdad Bounedjah,103465.0,Left Center Forward,150,Algeria,4898,"['6f1bf48f-629a-4b4e-af29-7f42bd6c308f', '359acea0-dc20-462f-b963-04238f535266']",20,,,,,,,,,,,,,,,,,,,Algeria,4898,00:51:20.792,Pass,
,,,,,,,,,,,,,,,,,2.594733,,,,,,,,,,,,,01003fee-0901-4032-9e46-995bbb845bf5,2574,,"[19.9, 57.4]",3920402,97,,,,,0.30604503,,Right Foot,,,"[77.5, 75.6]",,High Pass,,60.40695,,Incomplete,,Issa Kabore,35471.0,,,,,Free Kick,2,From Free Kick,Kouakou Herve Koffi,4388.0,Goalkeeper,151,Burkina Faso,4921,"['2dedea3e-bc63-4db0-985b-6a142f09da8b', '294427a6-0089-464b-b107-5b09a65a1c01']",11,,,,,,,,,,,,,,,,,,,Burkina Faso,4921,00:52:11.235,Pass,
,,,,,,,,,,,,,,,,,2.016527,,,,,,,,,,,,,c60e9989-b5ee-47d9-8b8f-9825bdc2b563,2578,,"[72.9, 7.2]",3920402,97,,,,,-0.20216879,,Left Foot,,,"[89.0, 3.9]",,Ground Pass,,16.43472,,,,Mohamed El Amine Amoura,141358.0,,,,,,2,From Free Kick,Rayan Aït Nouri,12111.0,Left Back,151,Burkina Faso,4921,['a3309327-a8d6-4e42-9742-2f91260ab1b4'],17,,,,,,,,,,,,,,,,,,,Algeria,4898,00:52:17.717,Pass,
,,,,,,,,,,,,,,,,,0.852331,,,,,,,,,,,,,e48070e0-1714-41bd-9728-8910d51b742c,2586,,"[37.7, 61.0]",3920402,97,,,,,-0.4048918,,Left Foot,,,"[51.7, 55.0]",,Ground Pass,,15.231546,,,,Bertrand Isidore Traoré,2956.0,,,,,,2,From Free Kick,Issa Kabore,35471.0,Right Midfield,151,Burkina Faso,4921,['8677e371-be1d-4080-b23c-9c4e23984491'],23,,,,,,,,,,,,,,,,,,,Burkina Faso,4921,00:52:23.180,Pass,
,,,,,,,,,,,,,,,,,1.246942,,,,,,,,,,,,,1ef2d000-1412-4eff-9615-4977cc717c1d,2590,,"[49.7, 52.9]",3920402,97,,,,,-2.2278712,,Right Foot,,,"[44.3, 45.9]",,Ground Pass,,8.840815,,,,Ibrahim Blati Touré,23999.0,,,,,,2,From Free Kick,Bertrand Isidore Traoré,2956.0,Center Forward,151,Burkina Faso,4921,"['8976611b-8da0-4321-8789-3fae558e59aa', '5cf1349a-492d-46ff-9832-b4a199c1f1ce']",24,,,,,,,,,,,,,,,,,,,Burkina Faso,4921,00:52:24.128,Pass,True
,,,,,,,,,,,,,,,,,1.6,,,,,,,,,,,,,23e4ce61-bfa7-4aae-b162-f24aef039633,2596,,"[70.6, 28.3]",3920402,98,,True,,,1.2205596,,Right Foot,,,"[78.6, 50.2]",,Ground Pass,,23.315445,,,,Youcef Atal,10040.0,,,,,Free Kick,2,From Free Kick,Fares Chaïbi,217047.0,Left Defensive Midfield,152,Algeria,4898,['db25d8e5-d7f1-45a3-a958-82993b53beac'],1,,,,,,,,,,,,,,,,,,,Algeria,4898,00:53:01.021,Pass,
,,,,,,,,,,,,,,,,,0.983502,,,,,,,,,,,,,b9c7f562-7cc4-4f22-9580-49886082f07f,2598,,"[79.3, 50.5]",3920402,98,,,,,-1.2435514,,Right Foot,,,"[83.0, 39.6]",,Ground Pass,,11.510864,,,,Ramiz Larbi Zerrouki,38345.0,,,,,,2,From Free Kick,Youcef Atal,10040.0,Right Back,152,Algeria,4898,['74241ff0-b7c6-43f1-9556-d4bf2829fde2'],3,,,,,,,,,,,,,,,,,,,Algeria,4898,00:53:03.213,Pass,
,,,,,,,,,,,,,,,,,2.449247,,,,,,,,,,,,,19acdb48-5715-4c37-bcb7-1a461582dfe5,2601,,"[59.3, 40.7]",3920402,98,,,,,-3.059425,,Left Foot,,,"[33.8, 38.6]",,Ground Pass,,25.586325,,,,Anthony Louis Mandréa,41381.0,,,,,,2,From Free Kick,Ramiz Larbi Zerrouki,38345.0,Right Defensive Midfield,152,Algeria,4898,['aa2c5a60-6a6c-4b3e-a504-e530b7eac4e5'],8,,,,,,,,,,,,,,,,,,,Algeria,4898,00:53:08.802,Pass,
,,,,,,,,,,,,,,,,,3.614704,,,,,,,,,,,,,bd6363f1-0895-4a0e-ad61-a0dd6365c967,2604,,"[34.3, 38.6]",3920402,98,,,,,-0.26537693,,Right Foot,,,"[102.0, 20.2]",,High Pass,,70.1559,,Incomplete,,Islam Slimani,3811.0,,,,,,2,From Free Kick,Anthony Louis Mandréa,41381.0,Goalkeeper,152,Algeria,4898,"['befa2d91-789c-4d71-bc44-3b2e9a4b6c4c', '87708c2e-7eec-4d25-be19-bfc2bec4e594']",14,,,,,,,,,,,,,,,,,,,Algeria,4898,00:53:14.734,Pass,
,,,,,,,,,,,,,,,,,1.231631,,,,,,,,,,,,,62d20b2a-f0b3-41c1-a364-c87ba42f7dcd,2608,,"[82.6, 21.3]",3920402,98,,,,,1.3948567,,Head,,,"[84.2, 30.3]",,High Pass,,9.141116,,,,Baghdad Bounedjah,103465.0,,,,,Recovery,2,From Free Kick,Rayan Aït Nouri,12111.0,Left Back,152,Algeria,4898,['cab5eedc-9787-40ee-b087-5ca09e1fe914'],20,,,,,,,,,,,,,,,,,,,Algeria,4898,00:53:20.415,Pass,
,,,,,,,,,,,,,,,,,1.233345,,,,,,,,,,,,,f5198008-c981-470b-93d2-18c4f991b975,2610,,"[84.2, 30.3]",3920402,98,,,,,-1.9327551,,Head,,,"[80.3, 20.0]",,High Pass,,11.013628,,,,Fares Chaïbi,217047.0,,,,,,2,From Free Kick,Baghdad Bounedjah,103465.0,Left Center Forward,152,Algeria,4898,['5e10e5a2-2b79-4bef-94df-2e6ab4aaea75'],21,,,,,,,,,,,,,,,,,,,Algeria,4898,00:53:21.718,Pass,
,,,,,,,,,,,,,,,,,1.779675,,,,,,,,,,,,,10eddc00-75ef-42c3-b290-ac558b0ccc2a,2613,,"[81.1, 18.7]",3920402,98,,,,,-0.67474097,,Right Foot,,,"[100.6, 3.1]",,Ground Pass,,24.972185,,,,Mohamed El Amine Amoura,141358.0,,,,,,2,From Free Kick,Fares Chaïbi,217047.0,Left Defensive Midfield,152,Algeria,4898,['4427e2e9-cba9-4f36-abf7-6a33cc045153'],24,,,,,,,,,,,,,,,,,,,Algeria,4898,00:53:24.988,Pass,
,,,,,,,,,,,,,,,,,1.201336,,,,,,,,,,,,,e8b8848c-58b8-4a12-a51a-a04a26e31296,2616,,"[99.7, 5.7]",3920402,98,,,,,1.2194561,,Right Foot,True,,"[110.0, 33.8]",,High Pass,,29.928247,,Incomplete,,Islam Slimani,3811.0,,,,,,2,From Free Kick,Mohamed El Amine Amoura,141358.0,Left Midfield,152,Algeria,4898,"['817dcdd1-0469-4b64-8247-0f6c1fd75875', 'f5269e1c-e8f7-41b5-91dd-8cfc26e3a697']",28,,,,,,,,,,,,,,,,,,,Algeria,4898,00:53:28.422,Pass,
,,,,,,,,,,,,,,,,,1.62661,,,,,,,,,,,,,21d381e2-0753-4e7d-9d37-fb40169afac1,2621,,"[89.0, 50.2]",3920402,98,,,,,-1.237552,,Right Foot,,,"[101.6, 13.8]",,High Pass,,38.519085,,,,Mohamed El Amine Amoura,141358.0,,,,,,2,From Free Kick,Youcef Atal,10040.0,Right Back,152,Algeria,4898,['8bc75dc7-da16-4601-a876-ebe98c985f16'],34,,,,,,,,,,,,,,,,,,,Algeria,4898,00:53:34.044,Pass,
,,,,,,,,,,,,,,,,,3.422598,,,,,,,,,,,,,873747c4-f6e8-4cf8-9ea6-0a49c7d5e6e0,2625,,"[102.2, 15.2]",3920402,98,,,,,0.095751494,,Right Foot,,,"[119.9, 16.9]",,High Pass,,17.78145,,Out,,Islam Slimani,3811.0,,,,,,2,From Free Kick,Mohamed El Amine Amoura,141358.0,Left Midfield,152,Algeria,4898,['1812c893-fbe4-49fd-83ea-c45500b66330'],35,,,,,,,,,,,,,,,,,,,Algeria,4898,00:53:35.867,Pass,
,,,,,,,,,,,,,,,,,1.572468,,,,,,,,,,,,,1a72db12-d8a7-4bec-8175-a04aaf230f60,2627,,"[7.0, 35.3]",3920402,99,,,,,-0.5207083,,Right Foot,,,"[62.1, 3.7]",,High Pass,,63.518265,,Unknown,,Cédric Badolo,44307.0,,,,,Goal Kick,2,From Goal Kick,Kouakou Herve Koffi,4388.0,Goalkeeper,153,Burkina Faso,4921,,2,,,,,,,,,,,,,,,,,,,Burkina Faso,4921,00:54:02.748,Pass,
,,,,,,,,,,,,,,,,,,,,,,,,,,,,,,65100a14-d043-435f-b22a-3e76e7455f13,6,,"[60.2, 40.2]",3920402,0,,,,,,,,,,,,,,,,,,,,,,,,,1,From Kick Off,Riyad Mahrez,3814.0,Right Wing,2,Algeria,4898,['c1df0233-286d-42c8-863c-64025135e378'],1,,,,,,,,,,,,,,,,,,,Algeria,4898,00:00:01.121,Ball Receipt*,
,,,,,,,,,,,,,,,,,,,,,,,,,,,,,,8ffad173-defa-4e8c-bf21-774b76d7f461,9,,"[53.3, 30.0]",3920402,0,,,,,,,,,,,,,,,,,,,,,,,,,1,From Kick Off,Ramiz Larbi Zerrouki,38345.0,Left Defensive Midfield,2,Algeria,4898,['5aa29c38-f995-46d2-9110-351898537e41'],4,,,,,,,,,,,,,,,,,,,Algeria,4898,00:00:04.309,Ball Receipt*,
,,,,,,,,,,,,,,,,,,,,,,,,,,,,,,cc30dbcd-aca3-44b0-a368-c7709e52dca5,12,,"[44.5, 5.7]",3920402,0,,,,,,,,,,,,,,,,,,,,,,,,,1,From Kick Off,Rayan Aït Nouri,12111.0,Left Back,2,Algeria,4898,['66efcfd7-adb0-4ad9-b942-7832aca8eb7d'],6,,,,,,,,,,,,,,,,,,,Algeria,4898,00:00:06.115,Ball Receipt*,
,,,,,,,,,,,,,,,,,,,,,,,,,,,,,,55bee163-0289-4fde-abf1-54693d2fa27e,15,,"[34.1, 27.9]",3920402,0,,,,,,,,,,,,,,,,,,,,,,,,,1,From Kick Off,Ramy Bensebaini,3191.0,Left Center Back,2,Algeria,4898,['8ab1dc2e-41c1-4dcd-ac1a-68e1b543764d'],8,,,,,,,,,,,,,,,,,,,Algeria,4898,00:00:08.304,Ball Receipt*,
,,,,,,,,,,,,,,,,,,,,,,,,,,,,,,4b2d195f-9f9f-47d6-b3ba-b2a33145dca4,18,,"[32.7, 49.3]",3920402,0,,,,,,,,,,,,,,,,,,,,,,,,,1,From Kick Off,Aïssa Mandi,6648.0,Right Center Back,2,Algeria,4898,['e54df885-cd76-4732-a40d-12d91eb5c993'],10,,,,,,,,,,,,,,,,,,,Algeria,4898,00:00:10.182,Ball Receipt*,
,,,,,,,,,,,,,,,,,,,,,,,,,,,,,,3aad0d34-f67f-46c8-ad0f-4b197621f08a,21,,"[37.8, 26.7]",3920402,0,,,,,,,,,,,,,,,,,,,,,,,,,1,From Kick Off,Ramy Bensebaini,3191.0,Left Center Back,2,Algeria,4898,['6b0833df-d25a-4b65-9e72-fb3a072a7239'],14,,,,,,,,,,,,,,,,,,,Algeria,4898,00:00:14.075,Ball Receipt*,
,,,,,,,,,,,,,,,,,,,,,,,,,,,,,,c64860de-67f1-4fc7-b337-944127578d0e,24,,"[44.0, 49.1]",3920402,0,,,,,,,,,,,,,,,,,,,,,,,,,1,From Kick Off,Aïssa Mandi,6648.0,Right Center Back,2,Algeria,4898,['705d5fb9-6cb9-424b-9abd-34dbdfe73411'],19,,,,,,,,,,,,,,,,,,,Algeria,4898,00:00:19.264,Ball Receipt*,
,,Incomplete,,,,,,,,,,,,,,,,,,,,,,,,,,,,2df4877f-05f5-4f1b-841a-e16b11919052,27,,"[109.3, 25.7]",3920402,0,,,,,,,,,,,,,,,,,,,,,,,,,1,From Kick Off,Mohamed Youcef Belaïli,103464.0,Left Wing,2,Algeria,4898,['3ed713c6-5a74-4506-903d-05354aa7ec8f'],24,,,,,,,,,,,,,,,,,,,Algeria,4898,00:00:24.518,Ball Receipt*,
,,,,,,,,,,,,,,,,,,,,,,,,,,,,,,cc4a0650-fcd8-4da7-9d70-a9ab3e764714,29,,"[18.1, 4.3]",3920402,0,,,,,,,,,,,,,,,,,,,,,,,,,1,From Goal Kick,Edmond Fayçal Tapsoba,30606.0,Left Center Back,3,Burkina Faso,4921,['b334abbe-7275-48ff-b088-7a485d11c934'],46,,,,,,,,,,,,,,,,,,,Burkina Faso,4921,00:00:46.735,Ball Receipt*,
,,,,,,,,,,,,,,,,,,,,,,,,,,,,,,92565100-c56b-4a7d-8691-298e6dced77f,31,,"[6.9, 29.0]",3920402,0,,,,,,,,,,,,,,,,,,,,,,,,,1,From Goal Kick,Kouakou Herve Koffi,4388.0,Goalkeeper,3,Burkina Faso,4921,['778c0abe-b455-4421-8045-2bd5e61d8e29'],50,,,,,,,,,,,,,,,,,,,Burkina Faso,4921,00:00:50.707,Ball Receipt*,
,,Incomplete,,,,,,,,,,,,,,,,,,,,,,,,,,,,dd5cfcbb-fb5b-47f0-b632-430393151922,33,,"[87.7, 72.0]",3920402,1,,,,,,,,,,,,,,,,,,,,,,,,,1,From Goal Kick,Issa Kabore,35471.0,Right Wing,3,Burkina Faso,4921,['201f0579-7040-4a78-844e-bcadb3ec1cb1'],0,,,,,,,,,,,,,,,,,,,Burkina Faso,4921,00:01:00.160,Ball Receipt*,
,,Incomplete,,,,,,,,,,,,,,,,,,,,,,,,,,,,2637b0d4-cc22-4d7e-8324-59cb2e7c8eab,36,,"[41.1, 10.1]",3920402,1,,,,,,,,,,,,,,,,,,,,,,,,,1,From Goal Kick,Ramiz Larbi Zerrouki,38345.0,Left Defensive Midfield,3,Burkina Faso,4921,['88dcb356-e8bf-4b2b-bf9e-73287fc74baf'],1,,,,,,,,,,,,,,,,,,,Algeria,4898,00:01:01.771,Ball Receipt*,
,,,,,,,,,,,,,,,,,,,,,,,,,,,,,,b4d3a1f0-957e-4f7e-8230-2eb8eb76bd83,41,,"[68.3, 68.8]",3920402,1,,,,,,,,,,,,,,,,,,,,,,,,,1,From Goal Kick,Adama Guira,24411.0,Right Defensive Midfield,3,Burkina Faso,4921,['c7d6d49f-f98b-41af-a25e-0563df2150bd'],2,,,,,,,,,,,,,,,,,,,Burkina Faso,4921,00:01:02.754,Ball Receipt*,
,,,,,,,,,,,,,,,,,,,,,,,,,,,,,,0b5d4636-043a-4c99-a0d5-20d02ba57f73,45,,"[77.9, 76.2]",3920402,1,,,,,,,,,,,,,,,,,,,,,,,,,1,From Goal Kick,Issa Kabore,35471.0,Right Wing,3,Burkina Faso,4921,"['e5f7a70b-4307-4f5c-99bc-6b20a30597dc', 'c0a26021-6c07-453a-81ac-4e1e295b95c2']",4,,,,,,,,,,,,,,,,,,,Burkina Faso,4921,00:01:04.240,Ball Receipt*,True
,,,,,,,,,,,,,,,,,,,,,,,,,,,,,,f60557c3-c4a9-4d53-80b1-3765cec847fe,48,,"[69.1, 65.6]",3920402,1,,,,,,,,,,,,,,,,,,,,,,,,,1,From Goal Kick,Adama Guira,24411.0,Right Defensive Midfield,3,Burkina Faso,4921,['97c6df71-c324-4ca5-a8cb-5bbe06c5762a'],6,,,,,,,,,,,,,,,,,,,Burkina Faso,4921,00:01:06.297,Ball Receipt*,
,,,,,,,,,,,,,,,,,,,,,,,,,,,,,,aab5c10f-9b0c-42d7-aa14-02aaaf2ff0a7,52,,"[56.8, 70.8]",3920402,1,,,,,,,,,,,,,,,,,,,,,,,,,1,From Goal Kick,Adamo Nagalo,99280.0,Right Back,3,Burkina Faso,4921,['456e4460-a7c9-4680-82e7-0c6808640251'],7,,,,,,,,,,,,,,,,,,,Burkina Faso,4921,00:01:07.642,Ball Receipt*,
,,,,,,,,,,,,,,,,,,,,,,,,,,,,,,5e868a72-aead-4401-83e7-0548b1a4b4be,55,,"[45.4, 48.9]",3920402,1,,,,,,,,,,,,,,,,,,,,,,,,,1,From Goal Kick,Issoufou Dayo,102800.0,Right Center Back,3,Burkina Faso,4921,['3196b784-4790-4a87-a7ba-f520e7c48270'],10,,,,,,,,,,,,,,,,,,,Burkina Faso,4921,00:01:10.261,Ball Receipt*,
,,Incomplete,,,,,,,,,,,,,,,,,,,,,,,,,,,,d1e40a11-8449-40f7-a077-54a3807bc54b,58,,"[86.5, 7.2]",3920402,1,,,,,,,,,,,,,,,,,,,,,,,,,1,From Goal Kick,Steeve Yago,3035.0,Left Back,3,Burkina Faso,4921,['eaf527c3-f3ca-4b6f-aebb-6cd8846727b5'],14,,,,,,,,,,,,,,,,,,,Burkina Faso,4921,00:01:14.981,Ball Receipt*,
,,,,,,,,,,,,,,,,,,,,,,,,,,,,,,f047b721-e4fd-4939-ab80-a6fff13b66a8,60,,"[32.7, 78.5]",3920402,1,,,,,,,,,,,,,,,,,,,,,,,,,1,From Throw In,Aïssa Mandi,6648.0,Right Center Back,4,Algeria,4898,['03de7371-fc5c-4661-9df4-154576dafc41'],37,,,,,,,,,,,,,,,,,,,Algeria,4898,00:01:37.576,Ball Receipt*,
,,,,,,,,,,,,,,,,,,,,,,,,,,,,,,e01da7f9-abc1-4cf2-bff1-6a04934d9154,63,,"[38.3, 78.5]",3920402,1,,,,,,,,,,,,,,,,,,,,,,,,,1,From Throw In,Youcef Atal,10040.0,Right Back,4,Algeria,4898,['ccf91729-a30f-425a-ac81-d41565d3940a'],38,,,,,,,,,,,,,,,,,,,Algeria,4898,00:01:38.918,Ball Receipt*,
,,Incomplete,,,,,,,,,,,,,,,,,,,,,,,,,,,,e061a378-f6ea-4616-8b57-dd655f0bd119,67,,"[58.8, 77.0]",3920402,1,,,,,,,,,,,,,,,,,,,,,,,,,1,From Throw In,Riyad Mahrez,3814.0,Right Wing,4,Algeria,4898,['d48a7533-b607-44ea-8138-4c22c3fe696d'],40,,,,,,,,,,,,,,,,,,,Algeria,4898,00:01:40.150,Ball Receipt*,
,,,,,,,,,,,,,,,,,,,,,,,,,,,,,,db20de30-67ef-47c4-bb85-93d0f1f9ccfd,73,,"[23.8, 51.4]",3920402,1,,,,,,,,,,,,,,,,,,,,,,,,,1,From Throw In,Ramy Bensebaini,3191.0,Left Center Back,4,Algeria,4898,['6bd192f0-dfb7-4435-bf09-35e42f9fdee8'],44,,,,,,,,,,,,,,,,,,,Algeria,4898,00:01:44.059,Ball Receipt*,
,,,,,,,,,,,,,,,,,,,,,,,,,,,,,,0dee2c5c-0cac-4835-a967-4310ea3056ee,76,,"[33.4, 14.9]",3920402,1,,,,,,,,,,,,,,,,,,,,,,,,,1,From Throw In,Rayan Aït Nouri,12111.0,Left Back,4,Algeria,4898,['de57ae02-e181-48f8-a8bb-d9fad66413e3'],46,,,,,,,,,,,,,,,,,,,Algeria,4898,00:01:46.566,Ball Receipt*,
,,,,,,,,,,,,,,,,,,,,,,,,,,,,,,81a1b7f9-38e5-4a08-ba70-361a373924ce,79,,"[21.2, 32.8]",3920402,1,,,,,,,,,,,,,,,,,,,,,,,,,1,From Throw In,Ramy Bensebaini,3191.0,Left Center Back,4,Algeria,4898,['4980b9e5-4b16-4ff7-9a04-f2260bf929ae'],49,,,,,,,,,,,,,,,,,,,Algeria,4898,00:01:49.408,Ball Receipt*,
,,,,,,,,,,,,,,,,,,,,,,,,,,,,,,f1e1799e-d17a-401a-8224-6b9aaddb0718,82,,"[84.8, 79.5]",3920402,1,,,,,,,,,,,,,,,,,,,,,,,,,1,From Throw In,Riyad Mahrez,3814.0,Right Wing,4,Algeria,4898,['550f9d08-d06b-4904-9fc9-f386082c78b5'],54,,,,,,,,,,,,,,,,,,,Algeria,4898,00:01:54.626,Ball Receipt*,
,,,,,,,,,,,,,,,,,,,,,,,,,,,,,,9da87e32-15f8-44e0-abae-a88381f3a8af,91,,"[38.6, 17.7]",3920402,2,,,,,,,,,,,,,,,,,,,,,,,,,1,From Throw In,Ibrahim Blati Touré,23999.0,Left Defensive Midfield,4,Algeria,4898,['39fdc3b8-580a-4f18-99e5-3ee51ce2702b'],1,,,,,,,,,,,,,,,,,,,Burkina Faso,4921,00:02:01.068,Ball Receipt*,
,,,,,,,,,,,,,,,,,,,,,,,,,,,,,,72cb82bb-0f20-4087-bdf3-61bb94520efb,106,,"[66.3, 39.6]",3920402,2,,,,,,,,,,,,,,,,,,,,,,,,,1,From Free Kick,Adama Guira,24411.0,Right Defensive Midfield,6,Burkina Faso,4921,['cdbdf213-3b62-4f1a-ace7-cc053604fcc6'],30,,,,,,,,,,,,,,,,,,,Burkina Faso,4921,00:02:30.315,Ball Receipt*,
,,,,,,,,,,,,,,,,,,,,,,,,,,,,,,f54207ee-8a1c-4703-a9b3-3236fd20f013,108,,"[89.2, 73.1]",3920402,2,,,,,,,,,,,,,,,,,,,,,,,,,1,From Free Kick,Issa Kabore,35471.0,Right Wing,6,Burkina Faso,4921,['4c2c3298-7eda-4144-b803-26b67e8d1d98'],34,,,,,,,,,,,,,,,,,,,Burkina Faso,4921,00:02:34.073,Ball Receipt*,
,,Incomplete,,,,,,,,,,,,,,,,,,,,,,,,,,,,8fcce50e-079d-49ed-abd8-812b506d3a64,112,,"[111.1, 44.5]",3920402,2,,,,,,,,,,,,,,,,,,,,,,,,,1,From Free Kick,Mohamed Konaté,43920.0,Center Forward,6,Burkina Faso,4921,['a0153754-8442-4b19-a1af-477091b07b01'],39,,,,,,,,,,,,,,,,,,,Burkina Faso,4921,00:02:39.082,Ball Receipt*,
,,,,,,,,,,,,,,,,,,,,,,,,,,,,,,936039a9-cc64-44e1-a944-c595c4b69f81,123,,"[15.6, 14.4]",3920402,2,,,,,,,,,,,,,,,,,,,,,,,,,1,Regular Play,Ramiz Larbi Zerrouki,38345.0,Left Defensive Midfield,7,Algeria,4898,['eaf9dc87-879b-4f6a-b62f-4a565c859fa2'],45,,,,,,,,,,,,,,,,,,,Algeria,4898,00:02:45.767,Ball Receipt*,
,,,,,,,,,,,,,,,,,,,,,,,,,,,,,,824e8df7-4d30-4f51-b8dd-b479c7115d4a,126,,"[28.6, 5.8]",3920402,2,,,,,,,,,,,,,,,,,,,,,,,,,1,Regular Play,Mohamed Youcef Belaïli,103464.0,Left Wing,7,Algeria,4898,['e25c1249-5e4f-4e0f-885c-25f5c375f92f'],48,,,,,,,,,,,,,,,,,,,Algeria,4898,00:02:48.904,Ball Receipt*,
,,,,,,,,,,,,,,,,,,,,,,,,,,,,,,c59cd288-3af8-4932-85a7-ec4bfaa7a6f7,129,,"[8.2, 36.3]",3920402,2,,,,,,,,,,,,,,,,,,,,,,,,,1,Regular Play,Ramy Bensebaini,3191.0,Left Center Back,7,Algeria,4898,['ae06f653-4a2a-4048-b2f5-61e85767b8cc'],55,,,,,,,,,,,,,,,,,,,Algeria,4898,00:02:55.789,Ball Receipt*,
,,,,,,,,,,,,,,,,,,,,,,,,,,,,,,e65a5931-4b88-4d48-a17b-4f8f38626cfa,132,,"[5.7, 56.6]",3920402,2,,,,,,,,,,,,,,,,,,,,,,,,,1,Regular Play,Anthony Louis Mandréa,41381.0,Goalkeeper,7,Algeria,4898,['d1545564-374c-4605-9d07-31395a0545a9'],58,,,,,,,,,,,,,,,,,,,Algeria,4898,00:02:58.775,Ball Receipt*,
,,,,,,,,,,,,,,,,,,,,,,,,,,,,,,61a3a3d0-eb1a-4d34-9ffc-e26717cc9ced,135,,"[9.6, 31.8]",3920402,3,,,,,,,,,,,,,,,,,,,,,,,,,1,Regular Play,Ramy Bensebaini,3191.0,Left Center Back,7,Algeria,4898,['6374ed12-57e9-402e-b8b4-f4c7b42595f0'],2,,,,,,,,,,,,,,,,,,,Algeria,4898,00:03:02.741,Ball Receipt*,
,,,,,,,,,,,,,,,,,,,,,,,,,,,,,,5a5ee6f5-d864-4d7e-a32b-69606c6e4cff,138,,"[26.3, 42.1]",3920402,3,,,,,,,,,,,,,,,,,,,,,,,,,1,Regular Play,Nabil Bentaleb,8520.0,Right Defensive Midfield,7,Algeria,4898,['d5a7f438-946b-4031-a62e-4294c0d82157'],5,,,,,,,,,,,,,,,,,,,Algeria,4898,00:03:05.501,Ball Receipt*,
,,,,,,,,,,,,,,,,,,,,,,,,,,,,,,a9942042-24d3-4217-a3c2-ea05e5306129,141,,"[26.8, 19.6]",3920402,3,,,,,,,,,,,,,,,,,,,,,,,,,1,Regular Play,Ramy Bensebaini,3191.0,Left Center Back,7,Algeria,4898,['db68733b-52f3-4426-8757-1d298f9cbb63'],9,,,,,,,,,,,,,,,,,,,Algeria,4898,00:03:09.639,Ball Receipt*,
,,,,,,,,,,,,,,,,,,,,,,,,,,,,,,31e426b3-add1-463e-adfb-46c7b85b0d92,144,,"[22.6, 28.7]",3920402,3,,,,,,,,,,,,,,,,,,,,,,,,,1,Regular Play,Nabil Bentaleb,8520.0,Right Defensive Midfield,7,Algeria,4898,['ee1e1587-7834-4774-a59f-199b02bef173'],14,,,,,,,,,,,,,,,,,,,Algeria,4898,00:03:14.341,Ball Receipt*,
,,,,,,,,,,,,,,,,,,,,,,,,,,,,,,c6ffdfdf-e0e6-4666-a2cd-de72cf2edd56,147,,"[30.7, 14.4]",3920402,3,,,,,,,,,,,,,,,,,,,,,,,,,1,Regular Play,Ramy Bensebaini,3191.0,Left Center Back,7,Algeria,4898,['2db6a503-e571-483a-8532-bdb7f1a338e5'],15,,,,,,,,,,,,,,,,,,,Algeria,4898,00:03:15.950,Ball Receipt*,
,,,,,,,,,,,,,,,,,,,,,,,,,,,,,,90233b43-6bb4-4462-9a98-aeab2d209e2a,150,,"[90.4, 10.1]",3920402,3,,,,,,,,,,,,,,,,,,,,,,,,,1,Regular Play,Baghdad Bounedjah,103465.0,Center Forward,7,Algeria,4898,['4cae4e48-135b-4648-a666-17574f8f5121'],23,,,,,,,,,,,,,,,,,,,Algeria,4898,00:03:23.286,Ball Receipt*,
,,,,,,,,,,,,,,,,,,,,,,,,,,,,,,237c5bd0-1932-4dfb-a3b1-04753c588020,160,,"[16.5, 64.4]",3920402,3,,,,,,,,,,,,,,,,,,,,,,,,,1,Regular Play,Adamo Nagalo,99280.0,Right Back,8,Burkina Faso,4921,['578ca9ab-d77b-4194-9b4d-ea1d3e445f3f'],29,,,,,,,,,,,,,,,,,,,Burkina Faso,4921,00:03:29.319,Ball Receipt*,
,,,,,,,,,,,,,,,,,,,,,,,,,,,,,,a9b2a0fb-aa49-4d01-acf7-46fc06fced30,163,,"[23.6, 34.7]",3920402,3,,,,,,,,,,,,,,,,,,,,,,,,,1,Regular Play,Edmond Fayçal Tapsoba,30606.0,Left Center Back,8,Burkina Faso,4921,['88b21ab9-a707-4d58-bef9-0b74e929a0c8'],32,,,,,,,,,,,,,,,,,,,Burkina Faso,4921,00:03:32.270,Ball Receipt*,
,,Incomplete,,,,,,,,,,,,,,,,,,,,,,,,,,,,7d2b08b0-5ed1-4997-b740-8979a873cd2b,167,,"[73.9, 36.3]",3920402,3,,,,,,,,,,,,,,,,,,,,,,,,,1,Regular Play,Gustavo Fabrice Sangaré,45466.0,Center Attacking Midfield,8,Burkina Faso,4921,['1506c396-1e93-42a0-9879-462ac3257dac'],39,,,,,,,,,,,,,,,,,,,Burkina Faso,4921,00:03:39.128,Ball Receipt*,
,,,,,,,,,,,,,,,,,,,,,,,,,,,,,,f4c9084a-9c1f-49e0-97f8-b1dcdcf70bcf,171,,"[51.8, 69.0]",3920402,3,,,,,,,,,,,,,,,,,,,,,,,,,1,Regular Play,Riyad Mahrez,3814.0,Right Wing,8,Burkina Faso,4921,['c57d16fe-6939-419a-bc27-ce76c736d284'],41,,,,,,,,,,,,,,,,,,,Algeria,4898,00:03:41.461,Ball Receipt*,
,,,,,,,,,,,,,,,,,,,,,,,,,,,,,,ac7e240b-29b3-415a-9e73-77db3f9d5cbd,177,,"[40.9, 1.6]",3920402,3,,,,,,,,,,,,,,,,,,,,,,,,,1,From Throw In,Edmond Fayçal Tapsoba,30606.0,Left Center Back,9,Burkina Faso,4921,['3aa4406c-0f57-4a60-80dd-89b932588d91'],49,,,,,,,,,,,,,,,,,,,Burkina Faso,4921,00:03:49.353,Ball Receipt*,
,,Incomplete,,,,,,,,,,,,,,,,,,,,,,,,,,,,da77da99-64b6-426e-9311-4d4d5ddc4767,180,,"[107.0, 42.9]",3920402,3,,,,,,,,,,,,,,,,,,,,,,,,,1,From Throw In,Issa Kabore,35471.0,Right Wing,9,Burkina Faso,4921,['f743f0c7-9b8a-49ea-9980-d3640832942d'],59,,,,,,,,,,,,,,,,,,,Burkina Faso,4921,00:03:59.268,Ball Receipt*,
,,,,,,,,,,,,,,,,,,,,,,,,,,,,,,ce1eef11-01ba-4c9e-989f-b15e9299d57e,183,,"[19.1, 33.4]",3920402,4,,,,,,,,,,,,,,,,,,,,,,,,,1,From Keeper,Aïssa Mandi,6648.0,Right Center Back,10,Algeria,4898,['1161f053-2e06-4942-ad8c-ed7c33bb718d'],6,,,,,,,,,,,,,,,,,,,Algeria,4898,00:04:06.294,Ball Receipt*,
,,,,,,,,,,,,,,,,,,,,,,,,,,,,,,518daceb-f875-407d-afe3-c42300e5d206,185,,"[30.6, 28.9]",3920402,4,,,,,,,,,,,,,,,,,,,,,,,,,1,From Keeper,Ramiz Larbi Zerrouki,38345.0,Left Defensive Midfield,10,Algeria,4898,['946119df-f073-4bba-9720-2d0aaba95deb'],8,,,,,,,,,,,,,,,,,,,Algeria,4898,00:04:08.328,Ball Receipt*,
,,,,,,,,,,,,,,,,,,,,,,,,,,,,,,6434223f-e3e9-45f2-83dd-933e06d8c93f,189,,"[14.8, 34.2]",3920402,4,,,,,,,,,,,,,,,,,,,,,,,,,1,From Keeper,Ramy Bensebaini,3191.0,Left Center Back,10,Algeria,4898,['df5bb248-f44b-417c-8d9a-311b53458c54'],10,,,,,,,,,,,,,,,,,,,Algeria,4898,00:04:10.318,Ball Receipt*,
,,,,,,,,,,,,,,,,,,,,,,,,,,,,,,d8658a5b-2951-47f3-bfef-61d206fdab4c,192,,"[29.9, 53.7]",3920402,4,,,,,,,,,,,,,,,,,,,,,,,,,1,From Keeper,Nabil Bentaleb,8520.0,Right Defensive Midfield,10,Algeria,4898,['8c38e916-6429-490a-a4e5-b805df110a0c'],13,,,,,,,,,,,,,,,,,,,Algeria,4898,00:04:13.805,Ball Receipt*,
,,,,,,,,,,,,,,,,,,,,,,,,,,,,,,385ad4fe-9ef8-41f7-8e8b-e9dc7a2e512d,195,,"[29.8, 63.6]",3920402,4,,,,,,,,,,,,,,,,,,,,,,,,,1,From Keeper,Aïssa Mandi,6648.0,Right Center Back,10,Algeria,4898,['eb1ed61d-19a3-42e2-9d63-d8e8ac21fbc3'],18,,,,,,,,,,,,,,,,,,,Algeria,4898,00:04:18.435,Ball Receipt*,
,,,,,,,,,,,,,,,,,,,,,,,,,,,,,,a48f6fe0-4cd1-4c70-a589-b1a84be63fea,198,,"[27.4, 51.6]",3920402,4,,,,,,,,,,,,,,,,,,,,,,,,,1,From Keeper,Nabil Bentaleb,8520.0,Right Defensive Midfield,10,Algeria,4898,['0c7af6ed-d498-48bb-b932-d5a05b8c736d'],21,,,,,,,,,,,,,,,,,,,Algeria,4898,00:04:21.235,Ball Receipt*,
,,,,,,,,,,,,,,,,,,,,,,,,,,,,,,8fe74285-7fe7-44c9-b4ac-4224a7509ee8,201,,"[35.8, 25.6]",3920402,4,,,,,,,,,,,,,,,,,,,,,,,,,1,From Keeper,Ramy Bensebaini,3191.0,Left Center Back,10,Algeria,4898,['6352895a-4fe4-4561-b5d7-c6c1dee2c993'],24,,,,,,,,,,,,,,,,,,,Algeria,4898,00:04:24.327,Ball Receipt*,
,,,,,,,,,,,,,,,,,,,,,,,,,,,,,,7d2424e7-47ee-4267-a4c3-5411445eb758,204,,"[47.2, 38.4]",3920402,4,,,,,,,,,,,,,,,,,,,,,,,,,1,From Keeper,Nabil Bentaleb,8520.0,Right Defensive Midfield,10,Algeria,4898,['3f4da209-2b58-4b4d-99f9-8d44ab6826cc'],28,,,,,,,,,,,,,,,,,,,Algeria,4898,00:04:28.610,Ball Receipt*,
,,,,,,,,,,,,,,,,,,,,,,,,,,,,,,4edd635b-2a4c-4576-8ce3-4a3d64a4bc1f,207,,"[69.9, 26.4]",3920402,4,,,,,,,,,,,,,,,,,,,,,,,,,1,From Keeper,Mohamed Youcef Belaïli,103464.0,Left Wing,10,Algeria,4898,['ce117669-849a-4bea-aa1f-6f82609871e2'],31,,,,,,,,,,,,,,,,,,,Algeria,4898,00:04:31.214,Ball Receipt*,
,,,,,,,,,,,,,,,,,,,,,,,,,,,,,,978d1083-e289-48f4-8ecc-fc6af64aad5a,211,,"[84.4, 76.0]",3920402,4,,,,,,,,,,,,,,,,,,,,,,,,,1,From Keeper,Riyad Mahrez,3814.0,Right Wing,10,Algeria,4898,['7b544db2-66df-4ac7-ab49-d41c996719e2'],35,,,,,,,,,,,,,,,,,,,Algeria,4898,00:04:35.148,Ball Receipt*,
,,Incomplete,,,,,,,,,,,,,,,,,,,,,,,,,,,,971cf774-440e-468d-9089-00df8d6e4327,214,,"[113.1, 68.4]",3920402,4,,,,,,,,,,,,,,,,,,,,,,,,,1,From Keeper,Youcef Atal,10040.0,Right Back,10,Algeria,4898,['96aa5bba-240b-4cd4-871c-df4357499647'],39,,,,,,,,,,,,,,,,,,,Algeria,4898,00:04:39.882,Ball Receipt*,
,,,,,,,,,,,,,,,,,,,,,,,,,,,,,,af1816b5-9107-4a02-8404-01ba70273464,216,,"[13.2, 20.9]",3920402,4,,,,,,,,,,,,,,,,,,,,,,,,,1,From Goal Kick,Edmond Fayçal Tapsoba,30606.0,Left Center Back,11,Burkina Faso,4921,['7e6b15b4-9f2d-4777-b090-1aa273fe1720'],59,,,,,,,,,,,,,,,,,,,Burkina Faso,4921,00:04:59.411,Ball Receipt*,
,,,,,,,,,,,,,,,,,,,,,,,,,,,,,,d7f2371e-b13b-4b14-8fb2-1b773c15f7a5,218,,"[30.4, 2.9]",3920402,5,,,,,,,,,,,,,,,,,,,,,,,,,1,From Goal Kick,Steeve Yago,3035.0,Left Back,11,Burkina Faso,4921,['d173c13d-af4f-4685-a984-41dd9df89aaa'],9,,,,,,,,,,,,,,,,,,,Burkina Faso,4921,00:05:09.672,Ball Receipt*,
,,,,,,,,,,,,,,,,,,,,,,,,,,,,,,b775ee90-3e48-4d5f-ba67-aa61c739b083,221,,"[16.7, 37.8]",3920402,5,,,,,,,,,,,,,,,,,,,,,,,,,1,From Goal Kick,Kouakou Herve Koffi,4388.0,Goalkeeper,11,Burkina Faso,4921,['8bb4d38c-8d5f-4642-9f6c-2d58ea681253'],16,,,,,,,,,,,,,,,,,,,Burkina Faso,4921,00:05:16.777,Ball Receipt*,
,,,,,,,,,,,,,,,,,,,,,,,,,,,,,,23b2053c-edd1-4a60-b2c2-bff53ca59561,224,,"[21.9, 51.6]",3920402,5,,,,,,,,,,,,,,,,,,,,,,,,,1,From Goal Kick,Adamo Nagalo,99280.0,Right Back,11,Burkina Faso,4921,['59aa58b5-5e6a-4742-98c1-1137c515bdec'],19,,,,,,,,,,,,,,,,,,,Burkina Faso,4921,00:05:19.149,Ball Receipt*,
,,,,,,,,,,,,,,,,,,,,,,,,,,,,,,a152950d-7333-4bfb-abfd-e4d3abcb3317,227,,"[42.6, 7.8]",3920402,5,,,,,,,,,,,,,,,,,,,,,,,,,1,From Goal Kick,Issoufou Dayo,102800.0,Right Center Back,11,Burkina Faso,4921,['a667f082-9378-4c88-b344-a2d8d6bd043c'],25,,,,,,,,,,,,,,,,,,,Burkina Faso,4921,00:05:25.931,Ball Receipt*,
,,,,,,,,,,,,,,,,,,,,,,,,,,,,,,18cb3cbd-c5ce-455e-ac46-5b4fd5a01684,230,,"[72.7, 30.1]",3920402,5,,,,,,,,,,,,,,,,,,,,,,,,,1,From Goal Kick,Gustavo Fabrice Sangaré,45466.0,Center Attacking Midfield,11,Burkina Faso,4921,['0811004e-979b-4ba0-9a01-45130939216e'],31,,,,,,,,,,,,,,,,,,,Burkina Faso,4921,00:05:31.348,Ball Receipt*,
,,,,,,,,,,,,,,,,,,,,,,,,,,,,,,edd4ffd5-af56-4796-8a3f-0990d0e85a2d,237,,"[89.9, 75.2]",3920402,5,,,,,,,,,,,,,,,,,,,,,,,,,1,From Goal Kick,Issa Kabore,35471.0,Right Wing,11,Burkina Faso,4921,['ea63d1eb-d17c-42f1-b416-8dc16db8c216'],37,,,,,,,,,,,,,,,,,,,Burkina Faso,4921,00:05:37.290,Ball Receipt*,
,,,,,,,,,,,,,,,,,,,,,,,,,,,,,,ecba2301-d90c-47e4-abb2-0cff400df129,240,,"[99.3, 56.5]",3920402,5,,,,,,,,,,,,,,,,,,,,,,,,,1,From Goal Kick,Gustavo Fabrice Sangaré,45466.0,Center Attacking Midfield,11,Burkina Faso,4921,['97397ab8-2863-459a-88a5-8e5fe0e03c1f'],40,,,,,,,,,,,,,,,,,,,Burkina Faso,4921,00:05:40.415,Ball Receipt*,
,,,,,,,,,,,,,,,,,,,,,,,,,,,,,,c72f35f0-3b3a-4fe2-aa57-902756ed47d0,242,,"[85.1, 52.0]",3920402,5,,,,,,,,,,,,,,,,,,,,,,,,,1,From Goal Kick,Adama Guira,24411.0,Right Defensive Midfield,11,Burkina Faso,4921,['174b68dd-1363-4efb-872c-f295a0372c7c'],42,,,,,,,,,,,,,,,,,,,Burkina Faso,4921,00:05:42.045,Ball Receipt*,
,,,,,,,,,,,,,,,,,,,,,,,,,,,,,,00bff6fd-c72c-43b6-99ad-5807c5ff0d50,245,,"[110.6, 31.8]",3920402,5,,,,,,,,,,,,,,,,,,,,,,,,,1,From Goal Kick,Abdoul Fessal Tapsoba,43705.0,Left Wing,11,Burkina Faso,4921,['443d03d6-1cb0-44a5-b051-7864ffae6871'],45,,,,,,,,,,,,,,,,,,,Burkina Faso,4921,00:05:45.204,Ball Receipt*,
,,,,,,,,,,,,,,,,,,,,,,,,,,,,,,64a7b1e0-314a-4152-855d-2e6998191219,250,,"[15.2, 19.2]",3920402,5,,,,,,,,,,,,,,,,,,,,,,,,,1,From Keeper,Nabil Bentaleb,8520.0,Right Defensive Midfield,13,Algeria,4898,['5f0f1ca9-953e-44e8-a11e-f9988eb3f745'],50,,,,,,,,,,,,,,,,,,,Algeria,4898,00:05:50.772,Ball Receipt*,
,,,,,,,,,,,,,,,,,,,,,,,,,,,,,,f2253311-68b2-4e07-828a-1ad65480a604,252,,"[27.0, 24.3]",3920402,5,,,,,,,,,,,,,,,,,,,,,,,,,1,From Keeper,Ramiz Larbi Zerrouki,38345.0,Left Defensive Midfield,13,Algeria,4898,['522e5f94-2053-4a1a-830c-6c124f63f690'],52,,,,,,,,,,,,,,,,,,,Algeria,4898,00:05:52.825,Ball Receipt*,
,,,,,,,,,,,,,,,,,,,,,,,,,,,,,,4099172c-97fe-45c1-9443-572a34e4f60b,256,,"[19.5, 12.4]",3920402,5,,,,,,,,,,,,,,,,,,,,,,,,,1,From Keeper,Rayan Aït Nouri,12111.0,Left Back,13,Algeria,4898,['ebfc975d-6411-418c-b131-2dd14f8722fe'],54,,,,,,,,,,,,,,,,,,,Algeria,4898,00:05:54.753,Ball Receipt*,
,,,,,,,,,,,,,,,,,,,,,,,,,,,,,,03ade277-c925-48d7-ad1c-7a763a31c62f,259,,"[4.4, 26.4]",3920402,5,,,,,,,,,,,,,,,,,,,,,,,,,1,From Keeper,Ramy Bensebaini,3191.0,Left Center Back,13,Algeria,4898,['5b66d05e-6ef0-48b2-a07c-d14b3764be9f'],57,,,,,,,,,,,,,,,,,,,Algeria,4898,00:05:57.917,Ball Receipt*,
,,,,,,,,,,,,,,,,,,,,,,,,,,,,,,cc8218b2-d624-49b6-9894-b75f91c880c5,262,,"[10.4, 47.5]",3920402,6,,,,,,,,,,,,,,,,,,,,,,,,,1,From Keeper,Aïssa Mandi,6648.0,Right Center Back,13,Algeria,4898,['d8eb0ea9-b7fb-45c3-a370-684de1cca17f'],0,,,,,,,,,,,,,,,,,,,Algeria,4898,00:06:00.296,Ball Receipt*,
,,,,,,,,,,,,,,,,,,,,,,,,,,,,,,32823388-7f6c-489c-a207-d1a17598aa93,265,,"[18.1, 30.3]",3920402,6,,,,,,,,,,,,,,,,,,,,,,,,,1,From Keeper,Ramy Bensebaini,3191.0,Left Center Back,13,Algeria,4898,['581e8ec2-9a2a-4ece-a1df-ad16758463b7'],9,,,,,,,,,,,,,,,,,,,Algeria,4898,00:06:09.799,Ball Receipt*,
,,,,,,,,,,,,,,,,,,,,,,,,,,,,,,2c2c35bf-8adf-449b-a171-c215c1c17009,268,,"[33.4, 9.7]",3920402,6,,,,,,,,,,,,,,,,,,,,,,,,,1,From Keeper,Nabil Bentaleb,8520.0,Right Defensive Midfield,13,Algeria,4898,['23232352-17cb-445e-a7cd-c17eff76d3f5'],12,,,,,,,,,,,,,,,,,,,Algeria,4898,00:06:12.591,Ball Receipt*,
,,,,,,,,,,,,,,,,,,,,,,,,,,,,,,675a4139-5a22-409a-ac6b-54499773f868,271,,"[56.5, 12.2]",3920402,6,,,,,,,,,,,,,,,,,,,,,,,,,1,From Keeper,Mohamed Youcef Belaïli,103464.0,Left Wing,13,Algeria,4898,['15d76684-2164-42ed-9588-19546da3938b'],14,,,,,,,,,,,,,,,,,,,Algeria,4898,00:06:14.686,Ball Receipt*,
,,,,,,,,,,,,,,,,,,,,,,,,,,,,,,df5f44dc-55a4-4610-b7ad-cc5cad06c261,273,,"[43.5, 7.0]",3920402,6,,,,,,,,,,,,,,,,,,,,,,,,,1,From Keeper,Nabil Bentaleb,8520.0,Right Defensive Midfield,13,Algeria,4898,['5761aafe-a9d6-4166-ba70-064113217dd0'],15,,,,,,,,,,,,,,,,,,,Algeria,4898,00:06:15.645,Ball Receipt*,
,,,,,,,,,,,,,,,,,,,,,,,,,,,,,,076200f7-3521-4cb1-a213-69fd68d81ff7,276,,"[43.1, 22.3]",3920402,6,,,,,,,,,,,,,,,,,,,,,,,,,1,From Keeper,Ramiz Larbi Zerrouki,38345.0,Left Defensive Midfield,13,Algeria,4898,['f389c1f8-5e01-49ae-96ed-f950a89c251e'],17,,,,,,,,,,,,,,,,,,,Algeria,4898,00:06:17.671,Ball Receipt*,
,,,,,,,,,,,,,,,,,,,,,,,,,,,,,,79612e3a-8f0b-490a-ac57-1a25bbe8bc5b,279,,"[29.2, 24.8]",3920402,6,,,,,,,,,,,,,,,,,,,,,,,,,1,From Keeper,Ramy Bensebaini,3191.0,Left Center Back,13,Algeria,4898,['985a38e6-a2d0-4feb-946a-4977925e897f'],19,,,,,,,,,,,,,,,,,,,Algeria,4898,00:06:19.009,Ball Receipt*,
,,,,,,,,,,,,,,,,,,,,,,,,,,,,,,ec115370-547b-44f1-b022-473924761388,282,,"[35.4, 53.5]",3920402,6,,,,,,,,,,,,,,,,,,,,,,,,,1,From Keeper,Aïssa Mandi,6648.0,Right Center Back,13,Algeria,4898,['5d13903c-5b04-4b64-a791-3d77993c1632'],21,,,,,,,,,,,,,,,,,,,Algeria,4898,00:06:21.593,Ball Receipt*,
,,,,,,,,,,,,,,,,,,,,,,,,,,,,,,1ad22065-d924-4dcf-b848-1272bc41d882,285,,"[35.1, 38.0]",3920402,6,,,,,,,,,,,,,,,,,,,,,,,,,1,From Keeper,Ramy Bensebaini,3191.0,Left Center Back,13,Algeria,4898,['e838bcdd-5b83-4f5d-861e-0e2ec3846a2d'],25,,,,,,,,,,,,,,,,,,,Algeria,4898,00:06:25.615,Ball Receipt*,
,,,,,,,,,,,,,,,,,,,,,,,,,,,,,,2d43ec2d-7c32-4177-8eed-409164c2f444,288,,"[49.1, 20.1]",3920402,6,,,,,,,,,,,,,,,,,,,,,,,,,1,From Keeper,Nabil Bentaleb,8520.0,Right Defensive Midfield,13,Algeria,4898,['80c5e029-0d12-4498-af60-3b1fe534be62'],28,,,,,,,,,,,,,,,,,,,Algeria,4898,00:06:28.250,Ball Receipt*,
,,,,,,,,,,,,,,,,,,,,,,,,,,,,,,e85f6a9e-c0af-4732-9297-b4f60ab8c517,291,,"[63.7, 17.5]",3920402,6,,,,,,,,,,,,,,,,,,,,,,,,,1,From Keeper,Mohamed Youcef Belaïli,103464.0,Left Wing,13,Algeria,4898,['1105ee45-e0f7-48ef-9adc-8a18b7ba6d22'],30,,,,,,,,,,,,,,,,,,,Algeria,4898,00:06:30.219,Ball Receipt*,
,,,,,,,,,,,,,,,,,,,,,,,,,,,,,,eab00837-5914-4e4e-a2bd-7ea3b205b25a,293,,"[55.6, 27.7]",3920402,6,,,,,,,,,,,,,,,,,,,,,,,,,1,From Keeper,Ramiz Larbi Zerrouki,38345.0,Left Defensive Midfield,13,Algeria,4898,['4c4211c4-67f7-4623-bb79-6917e6b4f269'],31,,,,,,,,,,,,,,,,,,,Algeria,4898,00:06:31.270,Ball Receipt*,
,,,,,,,,,,,,,,,,,,,,,,,,,,,,,,5bfbe789-2309-44cf-8d25-7f16e44ad51e,295,,"[60.5, 12.8]",3920402,6,,,,,,,,,,,,,,,,,,,,,,,,,1,From Keeper,Mohamed Youcef Belaïli,103464.0,Left Wing,13,Algeria,4898,['679acfd4-d73a-4cfe-bf71-afb796e1fcb2'],32,,,,,,,,,,,,,,,,,,,Algeria,4898,00:06:32.256,Ball Receipt*,
,,,,,,,,,,,,,,,,,,,,,,,,,,,,,,e39eae40-a386-4da0-a801-0a6eda516e04,298,,"[66.0, 4.9]",3920402,6,,,,,,,,,,,,,,,,,,,,,,,,,1,From Keeper,Rayan Aït Nouri,12111.0,Left Back,13,Algeria,4898,['3fe524eb-85e8-4633-b833-847749ba27b3'],35,,,,,,,,,,,,,,,,,,,Algeria,4898,00:06:35.997,Ball Receipt*,
,,,,,,,,,,,,,,,,,,,,,,,,,,,,,,4eed6c18-7618-4d73-90bb-1c99ef983228,301,,"[62.1, 10.3]",3920402,6,,,,,,,,,,,,,,,,,,,,,,,,,1,From Keeper,Mohamed Youcef Belaïli,103464.0,Left Wing,13,Algeria,4898,['5fef8866-efa5-4fb9-9457-e5c771595c54'],37,,,,,,,,,,,,,,,,,,,Algeria,4898,00:06:37.353,Ball Receipt*,
,,,,,,,,,,,,,,,,,,,,,,,,,,,,,,2f7d34cd-fa6f-4879-b1cf-25e003a5670e,305,,"[64.8, 17.9]",3920402,6,,,,,,,,,,,,,,,,,,,,,,,,,1,From Keeper,Ramiz Larbi Zerrouki,38345.0,Left Defensive Midfield,13,Algeria,4898,"['ce250408-b171-4d03-bf97-5bb11bbf3705', '57dc8e67-33b7-413c-baf4-60345117985c']",38,,,,,,,,,,,,,,,,,,,Algeria,4898,00:06:38.797,Ball Receipt*,True
,,,,,,,,,,,,,,,,,,,,,,,,,,,,,,c7f3954c-555c-4f5c-b075-2a5d5a63f81f,307,,"[44.1, 31.8]",3920402,6,,,,,,,,,,,,,,,,,,,,,,,,,1,From Keeper,Ramy Bensebaini,3191.0,Left Center Back,13,Algeria,4898,['e2955734-ac03-400d-816e-c3e8753c9ad3'],40,,,,,,,,,,,,,,,,,,,Algeria,4898,00:06:40.810,Ball Receipt*,
,,,,,,,,,,,,,,,,,,,,,,,,,,,,,,24aaf26f-267f-49c5-97b7-0cf837d3c2e0,309,,"[54.4, 37.6]",3920402,6,,,,,,,,,,,,,,,,,,,,,,,,,1,From Keeper,Nabil Bentaleb,8520.0,Right Defensive Midfield,13,Algeria,4898,['0fdc0e68-3090-4e9c-a9ce-ffbfd1c7638b'],42,,,,,,,,,,,,,,,,,,,Algeria,4898,00:06:42.192,Ball Receipt*,
,,,,,,,,,,,,,,,,,,,,,,,,,,,,,,18e8b59c-91b9-4ede-8d51-6e6e32345711,312,,"[72.6, 79.1]",3920402,6,,,,,,,,,,,,,,,,,,,,,,,,,1,From Keeper,Youcef Atal,10040.0,Right Back,13,Algeria,4898,['226642ea-e146-4541-955c-621edd3212b3'],45,,,,,,,,,,,,,,,,,,,Algeria,4898,00:06:45.181,Ball Receipt*,
,,,,,,,,,,,,,,,,,,,,,,,,,,,,,,180d199d-a791-4aac-bdbc-00eff4890b21,318,,"[79.4, 77.5]",3920402,6,,,,,,,,,,,,,,,,,,,,,,,,,1,From Throw In,Riyad Mahrez,3814.0,Right Wing,14,Algeria,4898,['7787d29a-d892-46c5-bb61-d2bd28400550'],57,,,,,,,,,,,,,,,,,,,Algeria,4898,00:06:57.545,Ball Receipt*,
,,,,,,,,,,,,,,,,,,,,,,,,,,,,,,96ccb5ed-6417-478f-a14c-f5bc4f1a0ff4,321,,"[75.5, 42.6]",3920402,7,,,,,,,,,,,,,,,,,,,,,,,,,1,From Throw In,Mohamed Youcef Belaïli,103464.0,Left Wing,14,Algeria,4898,['b6f4f23c-399d-40d3-a621-8e26613f8e4b'],2,,,,,,,,,,,,,,,,,,,Algeria,4898,00:07:02.306,Ball Receipt*,
,,Incomplete,,,,,,,,,,,,,,,,,,,,,,,,,,,,72588fa4-9e1a-43fb-9978-015c73c23b5f,324,,"[119.1, 50.6]",3920402,7,,,,,,,,,,,,,,,,,,,,,,,,,1,From Throw In,Sofiane Feghouli,18724.0,Center Attacking Midfield,14,Algeria,4898,['34b704f2-25a7-4ca9-96ee-1b33e91ec576'],6,,,,,,,,,,,,,,,,,,,Algeria,4898,00:07:06.156,Ball Receipt*,
,,,,,,,,,,,,,,,,,,,,,,,,,,,,,,4bf960ff-38af-423b-80f0-5dc47d2bcb06,326,,"[11.1, 28.5]",3920402,7,,,,,,,,,,,,,,,,,,,,,,,,,1,From Goal Kick,Edmond Fayçal Tapsoba,30606.0,Left Center Back,15,Burkina Faso,4921,['bc99fe98-ccd1-47f2-95a2-bdfb741f3890'],48,,,,,,,,,,,,,,,,,,,Burkina Faso,4921,00:07:48.941,Ball Receipt*,
,,,,,,,,,,,,,,,,,,,,,,,,,,,,,,844a6185-5d43-4f0c-8780-6a6d7e2d679a,328,,"[9.3, 45.8]",3920402,7,,,,,,,,,,,,,,,,,,,,,,,,,1,From Goal Kick,Adamo Nagalo,99280.0,Right Back,15,Burkina Faso,4921,['f1a9481c-095e-467d-99b0-3c043580d3cc'],50,,,,,,,,,,,,,,,,,,,Burkina Faso,4921,00:07:50.738,Ball Receipt*,
,,,,,,,,,,,,,,,,,,,,,,,,,,,,,,7f40c6f9-b368-4399-85bd-1b152d1e73b4,330,,"[21.9, 33.0]",3920402,7,,,,,,,,,,,,,,,,,,,,,,,,,1,From Goal Kick,Issoufou Dayo,102800.0,Right Center Back,15,Burkina Faso,4921,['519ef0ef-4468-425a-b3ff-44a88773850a'],51,,,,,,,,,,,,,,,,,,,Burkina Faso,4921,00:07:51.890,Ball Receipt*,
,,,,,,,,,,,,,,,,,,,,,,,,,,,,,,781f1ae1-0bb4-4e02-b5a5-33c0f308e4d0,333,,"[35.3, 47.3]",3920402,7,,,,,,,,,,,,,,,,,,,,,,,,,1,From Goal Kick,Adama Guira,24411.0,Right Defensive Midfield,15,Burkina Faso,4921,['ab461a29-7890-48e7-a41a-18b535f3e87b'],52,,,,,,,,,,,,,,,,,,,Burkina Faso,4921,00:07:52.609,Ball Receipt*,
,,,,,,,,,,,,,,,,,,,,,,,,,,,,,,69800e7d-e265-4791-9c64-dbb9f512edb2,336,,"[89.9, 3.3]",3920402,7,,,,,,,,,,,,,,,,,,,,,,,,,1,From Goal Kick,Abdoul Fessal Tapsoba,43705.0,Left Wing,15,Burkina Faso,4921,['42646745-5eb2-4fa9-8fc9-27439cbf5906'],58,,,,,,,,,,,,,,,,,,,Burkina Faso,4921,00:07:58.622,Ball Receipt*,
,,,,,,,,,,,,,,,,,,,,,,,,,,,,,,324e451a-37a8-4054-9999-c89c5ec5610a,345,,"[13.3, 51.2]",3920402,8,,,,,,,,,,,,,,,,,,,,,,,,,1,From Free Kick,Nabil Bentaleb,8520.0,Right Defensive Midfield,17,Algeria,4898,['e28ed1fa-2ff8-44e9-854c-80f1c2b4c619'],34,,,,,,,,,,,,,,,,,,,Algeria,4898,00:08:34.683,Ball Receipt*,
,,,,,,,,,,,,,,,,,,,,,,,,,,,,,,28f788de-e148-4b4b-b0fc-6fbac04e404b,347,,"[21.6, 57.2]",3920402,8,,,,,,,,,,,,,,,,,,,,,,,,,1,From Free Kick,Aïssa Mandi,6648.0,Right Center Back,17,Algeria,4898,['086ce5f9-cfa4-4f90-a4f2-5aeb9f9c73b1'],36,,,,,,,,,,,,,,,,,,,Algeria,4898,00:08:36.066,Ball Receipt*,
,,,,,,,,,,,,,,,,,,,,,,,,,,,,,,567ac098-9845-4d8b-a503-2f6b531a27d1,349,,"[26.7, 30.0]",3920402,8,,,,,,,,,,,,,,,,,,,,,,,,,1,From Free Kick,Ramy Bensebaini,3191.0,Left Center Back,17,Algeria,4898,['20768805-17f4-4bf2-ab43-446071b44a06'],39,,,,,,,,,,,,,,,,,,,Algeria,4898,00:08:39.713,Ball Receipt*,
,,,,,,,,,,,,,,,,,,,,,,,,,,,,,,ef445b9a-525c-4a42-93a7-8d09bf1ac1fd,352,,"[39.4, 22.5]",3920402,8,,,,,,,,,,,,,,,,,,,,,,,,,1,From Free Kick,Ramiz Larbi Zerrouki,38345.0,Left Defensive Midfield,17,Algeria,4898,['cc1f6f21-25d7-42e5-bb68-713c5b69bb8b'],41,,,,,,,,,,,,,,,,,,,Algeria,4898,00:08:41.844,Ball Receipt*,
,,,,,,,,,,,,,,,,,,,,,,,,,,,,,,d748ed7b-0b59-408b-a1f8-4c4ee0055781,355,,"[59.0, 12.8]",3920402,8,,,,,,,,,,,,,,,,,,,,,,,,,1,From Free Kick,Mohamed Youcef Belaïli,103464.0,Left Wing,17,Algeria,4898,['fbd16337-0e01-4705-aafe-b6593d366756'],44,,,,,,,,,,,,,,,,,,,Algeria,4898,00:08:44.357,Ball Receipt*,
,,,,,,,,,,,,,,,,,,,,,,,,,,,,,,19aee2b9-03bd-4c32-a8f5-ccae1a910720,358,,"[49.7, 16.5]",3920402,8,,,,,,,,,,,,,,,,,,,,,,,,,1,From Free Kick,Ramiz Larbi Zerrouki,38345.0,Left Defensive Midfield,17,Algeria,4898,['59694d56-65c1-4feb-91f8-d72ffc8d6fb5'],45,,,,,,,,,,,,,,,,,,,Algeria,4898,00:08:45.352,Ball Receipt*,
,,,,,,,,,,,,,,,,,,,,,,,,,,,,,,f2d6e600-b936-4420-a496-ad4533df5442,361,,"[43.1, 51.6]",3920402,8,,,,,,,,,,,,,,,,,,,,,,,,,1,From Free Kick,Aïssa Mandi,6648.0,Right Center Back,17,Algeria,4898,['d775141f-17cf-43be-b404-5442d37b54e1'],49,,,,,,,,,,,,,,,,,,,Algeria,4898,00:08:49.588,Ball Receipt*,
,,,,,,,,,,,,,,,,,,,,,,,,,,,,,,3e4eda23-1ece-4596-a58b-c7aba7ff1237,365,,"[63.3, 54.1]",3920402,8,,,,,,,,,,,,,,,,,,,,,,,,,1,From Free Kick,Riyad Mahrez,3814.0,Right Wing,17,Algeria,4898,['6e1b88ae-acda-4bf1-b13b-92c312fc66e8'],52,,,,,,,,,,,,,,,,,,,Algeria,4898,00:08:52.557,Ball Receipt*,
,,,,,,,,,,,,,,,,,,,,,,,,,,,,,,a98b79c9-81f9-4a76-83f3-dd8e9fdc6fa9,368,,"[65.2, 26.4]",3920402,8,,,,,,,,,,,,,,,,,,,,,,,,,1,From Free Kick,Ramiz Larbi Zerrouki,38345.0,Left Defensive Midfield,17,Algeria,4898,['0716f017-9eaf-464d-9bf2-6ccbec0bc102'],56,,,,,,,,,,,,,,,,,,,Algeria,4898,00:08:56.551,Ball Receipt*,
,,,,,,,,,,,,,,,,,,,,,,,,,,,,,,79811857-61e0-4c34-b295-59ffd8880094,370,,"[72.8, 9.3]",3920402,8,,,,,,,,,,,,,,,,,,,,,,,,,1,From Free Kick,Rayan Aït Nouri,12111.0,Left Back,17,Algeria,4898,['f4302d94-6d4e-4a54-b3f9-597f7b235539'],58,,,,,,,,,,,,,,,,,,,Algeria,4898,00:08:58.151,Ball Receipt*,
,,,,,,,,,,,,,,,,,,,,,,,,,,,,,,97c019c7-3e9f-47bb-9270-d0e3ced7573a,373,,"[89.1, 3.5]",3920402,9,,,,,,,,,,,,,,,,,,,,,,,,,1,From Free Kick,Mohamed Youcef Belaïli,103464.0,Left Wing,17,Algeria,4898,['f77cd15e-5d24-4e3a-a71b-3bd5f0eba76d'],0,,,,,,,,,,,,,,,,,,,Algeria,4898,00:09:00.296,Ball Receipt*,
,,,,,,,,,,,,,,,,,,,,,,,,,,,,,,aa4d45d4-d056-41ff-909d-ab185a4433bc,377,,"[77.6, 6.0]",3920402,9,,,,,,,,,,,,,,,,,,,,,,,,,1,From Free Kick,Rayan Aït Nouri,12111.0,Left Back,17,Algeria,4898,['39c8ff42-7a72-4863-a11d-c1ffc459fac5'],1,,,,,,,,,,,,,,,,,,,Algeria,4898,00:09:01.952,Ball Receipt*,
,,,,,,,,,,,,,,,,,,,,,,,,,,,,,,63fd2901-c189-42e4-be92-32bead79b1fb,380,,"[63.3, 5.3]",3920402,9,,,,,,,,,,,,,,,,,,,,,,,,,1,From Free Kick,Ramiz Larbi Zerrouki,38345.0,Left Defensive Midfield,17,Algeria,4898,['7af00227-a8f5-4e5a-ad8e-1a39b474f748'],5,,,,,,,,,,,,,,,,,,,Algeria,4898,00:09:05.210,Ball Receipt*,
,,,,,,,,,,,,,,,,,,,,,,,,,,,,,,4184ceb9-7af7-47a8-bca1-14ef03efe7eb,383,,"[47.0, 27.3]",3920402,9,,,,,,,,,,,,,,,,,,,,,,,,,1,From Free Kick,Ramy Bensebaini,3191.0,Left Center Back,17,Algeria,4898,['c59b0041-fc74-4bcc-b192-712c1495a0a9'],7,,,,,,,,,,,,,,,,,,,Algeria,4898,00:09:07.971,Ball Receipt*,
,,,,,,,,,,,,,,,,,,,,,,,,,,,,,,46b35bb9-24ef-4f58-bb1d-1009b46edfaf,386,,"[50.5, 54.6]",3920402,9,,,,,,,,,,,,,,,,,,,,,,,,,1,From Free Kick,Aïssa Mandi,6648.0,Right Center Back,17,Algeria,4898,['c9359081-b1cf-4a3b-8dd4-5ce3c4807f0f'],9,,,,,,,,,,,,,,,,,,,Algeria,4898,00:09:09.591,Ball Receipt*,
,,,,,,,,,,,,,,,,,,,,,,,,,,,,,,f5b386f5-af4e-44ba-a383-12b2cc0ef567,389,,"[56.5, 43.0]",3920402,9,,,,,,,,,,,,,,,,,,,,,,,,,1,From Free Kick,Nabil Bentaleb,8520.0,Right Defensive Midfield,17,Algeria,4898,['0c3c9db5-08e8-41c1-91a9-762139d76f2e'],11,,,,,,,,,,,,,,,,,,,Algeria,4898,00:09:11.878,Ball Receipt*,
,,,,,,,,,,,,,,,,,,,,,,,,,,,,,,eaf8ac6d-6286-4197-8708-87af10ae220b,392,,"[56.3, 24.8]",3920402,9,,,,,,,,,,,,,,,,,,,,,,,,,1,From Free Kick,Ramiz Larbi Zerrouki,38345.0,Left Defensive Midfield,17,Algeria,4898,['ed5cb560-e60a-4e23-a85d-1c8aae6d9a71'],14,,,,,,,,,,,,,,,,,,,Algeria,4898,00:09:14.497,Ball Receipt*,
,,,,,,,,,,,,,,,,,,,,,,,,,,,,,,b93801db-3ece-4543-bdce-26b7e8769a03,395,,"[54.2, 36.0]",3920402,9,,,,,,,,,,,,,,,,,,,,,,,,,1,From Free Kick,Nabil Bentaleb,8520.0,Right Defensive Midfield,17,Algeria,4898,['9aeebc4d-a7b8-4c8b-a705-5aa2caeddac6'],18,,,,,,,,,,,,,,,,,,,Algeria,4898,00:09:18.953,Ball Receipt*,
,,,,,,,,,,,,,,,,,,,,,,,,,,,,,,04844237-858a-42b9-a06b-b5b051e880e4,397,,"[41.0, 31.6]",3920402,9,,,,,,,,,,,,,,,,,,,,,,,,,1,From Free Kick,Ramy Bensebaini,3191.0,Left Center Back,17,Algeria,4898,['bcb7252e-ad51-4c97-af1a-d9fecdaffe7f'],20,,,,,,,,,,,,,,,,,,,Algeria,4898,00:09:20.281,Ball Receipt*,
,,,,,,,,,,,,,,,,,,,,,,,,,,,,,,ff6c7959-1cd4-4430-83ec-21cb3457baef,400,,"[78.4, 31.4]",3920402,9,,,,,,,,,,,,,,,,,,,,,,,,,1,From Free Kick,Sofiane Feghouli,18724.0,Center Attacking Midfield,17,Algeria,4898,['86fd9f3c-1486-41f7-82ed-5265fe080913'],27,,,,,,,,,,,,,,,,,,,Algeria,4898,00:09:27.414,Ball Receipt*,
,,,,,,,,,,,,,,,,,,,,,,,,,,,,,,bceaf75d-fb55-43d8-84a5-a87467fe324b,406,,"[75.7, 35.6]",3920402,9,,,,,,,,,,,,,,,,,,,,,,,,,1,From Free Kick,Nabil Bentaleb,8520.0,Right Defensive Midfield,18,Algeria,4898,['973dee7e-34b2-4e7b-9ee2-f724a16ce403'],57,,,,,,,,,,,,,,,,,,,Algeria,4898,00:09:57.371,Ball Receipt*,
,,,,,,,,,,,,,,,,,,,,,,,,,,,,,,0280ae83-70b0-4865-adf0-05120e667cc6,408,,"[64.1, 45.5]",3920402,9,,,,,,,,,,,,,,,,,,,,,,,,,1,From Free Kick,Aïssa Mandi,6648.0,Right Center Back,18,Algeria,4898,['41ddc6d7-2b5e-4d5b-8229-3fc365f1f50e'],59,,,,,,,,,,,,,,,,,,,Algeria,4898,00:09:59.286,Ball Receipt*,
,,,,,,,,,,,,,,,,,,,,,,,,,,,,,,b545b946-1568-4fdf-a673-950af5b0ab77,411,,"[61.3, 27.3]",3920402,10,,,,,,,,,,,,,,,,,,,,,,,,,1,From Free Kick,Ramy Bensebaini,3191.0,Left Center Back,18,Algeria,4898,['f204ec77-5e89-4925-a228-cea9429dcb3a'],1,,,,,,,,,,,,,,,,,,,Algeria,4898,00:10:01.726,Ball Receipt*,
,,,,,,,,,,,,,,,,,,,,,,,,,,,,,,bf10c44c-744c-402a-a716-d99cb46a3598,414,,"[76.3, 7.0]",3920402,10,,,,,,,,,,,,,,,,,,,,,,,,,1,From Free Kick,Ramiz Larbi Zerrouki,38345.0,Left Defensive Midfield,18,Algeria,4898,['663bb607-9d34-4040-8a52-410d0539a68e'],3,,,,,,,,,,,,,,,,,,,Algeria,4898,00:10:03.835,Ball Receipt*,
,,,,,,,,,,,,,,,,,,,,,,,,,,,,,,c39b8fbb-5769-4d7f-8b99-007bd797c154,417,,"[78.0, 24.4]",3920402,10,,,,,,,,,,,,,,,,,,,,,,,,,1,From Free Kick,Nabil Bentaleb,8520.0,Right Defensive Midfield,18,Algeria,4898,['cd2c576a-4c89-49e9-8fe9-3adc3ec3c351'],7,,,,,,,,,,,,,,,,,,,Algeria,4898,00:10:07.744,Ball Receipt*,
,,,,,,,,,,,,,,,,,,,,,,,,,,,,,,d4940054-bf7f-4bf4-94e5-6306688a7baf,421,,"[83.5, 38.6]",3920402,10,,,,,,,,,,,,,,,,,,,,,,,,,1,From Free Kick,Riyad Mahrez,3814.0,Right Wing,18,Algeria,4898,['50b67b7c-3566-4ef4-ad5e-bae8b6cba74f'],8,,,,,,,,,,,,,,,,,,,Algeria,4898,00:10:08.946,Ball Receipt*,
,,,,,,,,,,,,,,,,,,,,,,,,,,,,,,74a0e39f-7955-4e5e-a5f1-9f63eb597626,427,,"[97.2, 8.0]",3920402,10,,,,,,,,,,,,,,,,,,,,,,,,,1,From Free Kick,Mohamed Youcef Belaïli,103464.0,Left Wing,19,Algeria,4898,['d3cd9ce0-93b0-41df-b97f-d0297aeba660'],16,,,,,,,,,,,,,,,,,,,Algeria,4898,00:10:16.925,Ball Receipt*,
,,,,,,,,,,,,,,,,,,,,,,,,,,,,,,780f969a-a4de-4887-b4e2-cd27bf7b3876,429,,"[107.7, 16.5]",3920402,10,,,,,,,,,,,,,,,,,,,,,,,,,1,From Free Kick,Rayan Aït Nouri,12111.0,Left Back,19,Algeria,4898,['36b7b643-b31c-48f1-8629-3bcecdbc7f3c'],18,,,,,,,,,,,,,,,,,,,Algeria,4898,00:10:18.735,Ball Receipt*,
,,Incomplete,,,,,,,,,,,,,,,,,,,,,,,,,,,,db670c2a-5fb0-4450-83e5-22fc42547763,431,,"[110.2, 34.3]",3920402,10,,,,,,,,,,,,,,,,,,,,,,,,,1,From Free Kick,Sofiane Feghouli,18724.0,Center Attacking Midfield,19,Algeria,4898,['2ad5d954-b62e-495c-b240-e8848b5f4276'],20,,,,,,,,,,,,,,,,,,,Algeria,4898,00:10:20.182,Ball Receipt*,
,,,,,,,,,,,,,,,,,,,,,,,,,,,,,,64df1eb6-ee92-40ea-877f-75a45769e23a,436,,"[24.8, 22.1]",3920402,10,,,,,,,,,,,,,,,,,,,,,,,,,1,From Free Kick,Edmond Fayçal Tapsoba,30606.0,Left Center Back,19,Algeria,4898,['6202a599-e817-40b5-8d01-4444fec3453a'],25,,,,,,,,,,,,,,,,,,,Burkina Faso,4921,00:10:25.369,Ball Receipt*,
,,Incomplete,,,,,,,,,,,,,,,,,,,,,,,,,,,,125b6b84-a456-4dda-bcc2-83828f6cb8f6,439,,"[84.3, 0.2]",3920402,10,,,,,,,,,,,,,,,,,,,,,,,,,1,From Free Kick,Abdoul Fessal Tapsoba,43705.0,Left Wing,19,Algeria,4898,['5a2555fe-0118-4066-b63b-0ec2bc0da62b'],31,,,,,,,,,,,,,,,,,,,Burkina Faso,4921,00:10:31.017,Ball Receipt*,
,,,,,,,,,,,,,,,,,,,,,,,,,,,,,,912dc353-1545-421a-9bea-e791257629c8,441,,"[23.0, 56.2]",3920402,10,,,,,,,,,,,,,,,,,,,,,,,,,1,From Throw In,Ramy Bensebaini,3191.0,Left Center Back,20,Algeria,4898,['01a82c12-2204-4692-a123-ea6bda55b115'],51,,,,,,,,,,,,,,,,,,,Algeria,4898,00:10:51.911,Ball Receipt*,
,,,,,,,,,,,,,,,,,,,,,,,,,,,,,,92c3b39d-c718-4026-bcdd-eb57be7445fc,443,,"[32.4, 30.8]",3920402,10,,,,,,,,,,,,,,,,,,,,,,,,,1,From Throw In,Ramiz Larbi Zerrouki,38345.0,Left Defensive Midfield,20,Algeria,4898,['aa7a19cf-c8ae-4a8a-abd0-dd4c1f4f02f3'],53,,,,,,,,,,,,,,,,,,,Algeria,4898,00:10:53.526,Ball Receipt*,
,,,,,,,,,,,,,,,,,,,,,,,,,,,,,,e8415abf-8f93-47a7-a5fe-9a9802de94d4,445,,"[19.9, 30.3]",3920402,10,,,,,,,,,,,,,,,,,,,,,,,,,1,From Throw In,Ramy Bensebaini,3191.0,Left Center Back,20,Algeria,4898,['05b321ac-7d3c-475a-a05e-af52c985b729'],54,,,,,,,,,,,,,,,,,,,Algeria,4898,00:10:54.438,Ball Receipt*,
,,,,,,,,,,,,,,,,,,,,,,,,,,,,,,8eec3afd-ac69-49c5-bd8e-a4af6921931b,448,,"[24.3, 56.4]",3920402,10,,,,,,,,,,,,,,,,,,,,,,,,,1,From Throw In,Aïssa Mandi,6648.0,Right Center Back,20,Algeria,4898,['92e90245-a447-45da-9dfe-865285353d4c'],57,,,,,,,,,,,,,,,,,,,Algeria,4898,00:10:57.516,Ball Receipt*,
,,,,,,,,,,,,,,,,,,,,,,,,,,,,,,1731fcf7-986d-400b-8c7b-343c18ea6721,451,,"[56.9, 77.9]",3920402,11,,,,,,,,,,,,,,,,,,,,,,,,,1,From Throw In,Youcef Atal,10040.0,Right Back,20,Algeria,4898,['d1018627-1131-41ad-8577-70c05d88d4d0'],4,,,,,,,,,,,,,,,,,,,Algeria,4898,00:11:04.211,Ball Receipt*,
,,,,,,,,,,,,,,,,,,,,,,,,,,,,,,20aa855d-fd32-499b-9665-8572c54d52ee,454,,"[102.2, 13.0]",3920402,11,,,,,,,,,,,,,,,,,,,,,,,,,1,From Throw In,Mohamed Youcef Belaïli,103464.0,Left Wing,20,Algeria,4898,['09bbcf65-2f0f-4610-ba16-0639a220daf4'],9,,,,,,,,,,,,,,,,,,,Algeria,4898,00:11:09.214,Ball Receipt*,
,,,,,,,,,,,,,,,,,,,,,,,,,,,,,,4b2eee8b-82af-450c-bac9-e5aabf1558d4,461,,"[16.1, 10.7]",3920402,11,,,,,,,,,,,,,,,,,,,,,,,,,1,Regular Play,Edmond Fayçal Tapsoba,30606.0,Left Center Back,21,Burkina Faso,4921,['32c563e8-ec4c-4e29-a2bb-aa985a0df2fd'],27,,,,,,,,,,,,,,,,,,,Burkina Faso,4921,00:11:27.012,Ball Receipt*,
,,,,,,,,,,,,,,,,,,,,,,,,,,,,,,e4428f06-9318-49f1-906c-af2be5d0438b,464,,"[3.3, 33.0]",3920402,11,,,,,,,,,,,,,,,,,,,,,,,,,1,Regular Play,Kouakou Herve Koffi,4388.0,Goalkeeper,21,Burkina Faso,4921,['8fd72bd1-660c-483f-a7c4-5dba79f1873e'],30,,,,,,,,,,,,,,,,,,,Burkina Faso,4921,00:11:30.620,Ball Receipt*,
,,,,,,,,,,,,,,,,,,,,,,,,,,,,,,a0a3640d-3619-4673-b0a6-5de7aa8739be,468,,"[19.2, 41.1]",3920402,11,,,,,,,,,,,,,,,,,,,,,,,,,1,Regular Play,Issoufou Dayo,102800.0,Right Center Back,21,Burkina Faso,4921,['de83f26a-0696-408a-8b7b-e702c0148b8f'],33,,,,,,,,,,,,,,,,,,,Burkina Faso,4921,00:11:33.238,Ball Receipt*,
,,,,,,,,,,,,,,,,,,,,,,,,,,,,,,5e150a91-f4a9-4022-8144-a84017390004,472,,"[18.8, 22.7]",3920402,11,,,,,,,,,,,,,,,,,,,,,,,,,1,Regular Play,Edmond Fayçal Tapsoba,30606.0,Left Center Back,21,Burkina Faso,4921,['ed6fd869-5e4d-4084-ab53-6330439d6d7d'],37,,,,,,,,,,,,,,,,,,,Burkina Faso,4921,00:11:37.230,Ball Receipt*,
,,,,,,,,,,,,,,,,,,,,,,,,,,,,,,094819d6-85f8-4a0f-bd1b-850971ae03dc,475,,"[30.4, 41.1]",3920402,11,,,,,,,,,,,,,,,,,,,,,,,,,1,Regular Play,Issoufou Dayo,102800.0,Right Center Back,21,Burkina Faso,4921,['d82ef388-5dda-4c38-819e-4a3b8935f7ee'],54,,,,,,,,,,,,,,,,,,,Burkina Faso,4921,00:11:54.515,Ball Receipt*,
,,,,,,,,,,,,,,,,,,,,,,,,,,,,,,d0d18440-f5de-40b4-87e1-f4f0e1bc7f15,478,,"[13.0, 39.6]",3920402,11,,,,,,,,,,,,,,,,,,,,,,,,,1,Regular Play,Kouakou Herve Koffi,4388.0,Goalkeeper,21,Burkina Faso,4921,['b57838ab-30b1-4670-ac1a-194c9a7a6dc7'],57,,,,,,,,,,,,,,,,,,,Burkina Faso,4921,00:11:57.715,Ball Receipt*,
,,,,,,,,,,,,,,,,,,,,,,,,,,,,,,ba899efc-3a91-4270-8c54-05713b5d233a,483,,"[93.1, 5.4]",3920402,12,,,,,,,,,,,,,,,,,,,,,,,,,1,From Throw In,Mohamed Youcef Belaïli,103464.0,Left Wing,22,Algeria,4898,['9fc8572e-3e83-4e14-89b9-5bc8597d1687'],7,,,,,,,,,,,,,,,,,,,Algeria,4898,00:12:07.314,Ball Receipt*,
,,,,,,,,,,,,,,,,,,,,,,,,,,,,,,3cc7311d-9e0b-4c5a-a1c7-139c57056c6f,485,,"[76.4, 7.0]",3920402,12,,,,,,,,,,,,,,,,,,,,,,,,,1,From Throw In,Ramiz Larbi Zerrouki,38345.0,Left Defensive Midfield,22,Algeria,4898,['678e32ac-ced3-4072-8e70-432e2a901d96'],8,,,,,,,,,,,,,,,,,,,Algeria,4898,00:12:08.646,Ball Receipt*,
,,,,,,,,,,,,,,,,,,,,,,,,,,,,,,47906b41-7711-4e79-8481-73cfbe9be726,488,,"[82.3, 3.5]",3920402,12,,,,,,,,,,,,,,,,,,,,,,,,,1,From Throw In,Rayan Aït Nouri,12111.0,Left Back,22,Algeria,4898,['aaf7100c-55d9-46df-bade-0c44fbb429da'],9,,,,,,,,,,,,,,,,,,,Algeria,4898,00:12:09.909,Ball Receipt*,
,,Incomplete,,,,,,,,,,,,,,,,,,,,,,,,,,,,3ef3024a-0390-4176-8b3d-50b5c074733a,492,,"[91.4, 1.0]",3920402,12,,,,,,,,,,,,,,,,,,,,,,,,,1,From Throw In,Mohamed Youcef Belaïli,103464.0,Left Wing,22,Algeria,4898,['e35b019c-0c86-465e-8e1d-dd8da50c7366'],12,,,,,,,,,,,,,,,,,,,Algeria,4898,00:12:12.281,Ball Receipt*,
,,,,,,,,,,,,,,,,,,,,,,,,,,,,,,e20c942b-87ff-401b-bdc4-79755510c275,496,,"[54.8, 28.3]",3920402,12,,,,,,,,,,,,,,,,,,,,,,,,,1,Regular Play,Aïssa Mandi,6648.0,Right Center Back,24,Algeria,4898,['9dbe7056-005e-494f-b423-80d72387c9d2'],45,,,,,,,,,,,,,,,,,,,Algeria,4898,00:12:45.820,Ball Receipt*,
,,,,,,,,,,,,,,,,,,,,,,,,,,,,,,c3e680d4-18ee-4ec6-b7f3-b15c5eb09e42,499,,"[63.1, 44.8]",3920402,12,,,,,,,,,,,,,,,,,,,,,,,,,1,Regular Play,Nabil Bentaleb,8520.0,Right Defensive Midfield,24,Algeria,4898,['225ce50a-6ba0-4dd0-945e-69f0bd5ec5a2'],48,,,,,,,,,,,,,,,,,,,Algeria,4898,00:12:48.253,Ball Receipt*,
,,,,,,,,,,,,,,,,,,,,,,,,,,,,,,386f3d4c-a78b-4c3c-96f7-6e6590506b66,503,,"[57.1, 60.1]",3920402,12,,,,,,,,,,,,,,,,,,,,,,,,,1,Regular Play,Youcef Atal,10040.0,Right Back,24,Algeria,4898,['2ecff8eb-9e4e-49e5-b51f-f2860368aa3f'],50,,,,,,,,,,,,,,,,,,,Algeria,4898,00:12:50.274,Ball Receipt*,
,,,,,,,,,,,,,,,,,,,,,,,,,,,,,,6ad317df-3be0-41f0-9529-4a47fc9eb6aa,506,,"[51.0, 40.3]",3920402,12,,,,,,,,,,,,,,,,,,,,,,,,,1,Regular Play,Aïssa Mandi,6648.0,Right Center Back,24,Algeria,4898,['62813171-a0ea-433d-93c6-fa68de15fdf9'],53,,,,,,,,,,,,,,,,,,,Algeria,4898,00:12:53.932,Ball Receipt*,
,,,,,,,,,,,,,,,,,,,,,,,,,,,,,,ce32b000-ba66-4557-9e11-8979381ce5c4,509,,"[70.3, 9.3]",3920402,12,,,,,,,,,,,,,,,,,,,,,,,,,1,Regular Play,Ramiz Larbi Zerrouki,38345.0,Left Defensive Midfield,24,Algeria,4898,['fa60fd48-6802-4034-9079-56ee77928342'],56,,,,,,,,,,,,,,,,,,,Algeria,4898,00:12:56.778,Ball Receipt*,
,,,,,,,,,,,,,,,,,,,,,,,,,,,,,,ae296759-691f-4fa0-88e9-869fcbb3de9a,512,,"[76.1, 26.0]",3920402,13,,,,,,,,,,,,,,,,,,,,,,,,,1,Regular Play,Sofiane Feghouli,18724.0,Center Attacking Midfield,24,Algeria,4898,['1b379ce8-2e91-4de6-b697-2d00c25f3895'],0,,,,,,,,,,,,,,,,,,,Algeria,4898,00:13:00.365,Ball Receipt*,
,,,,,,,,,,,,,,,,,,,,,,,,,,,,,,1f119272-cbdc-42cf-8d65-7915616c053e,515,,"[57.4, 42.6]",3920402,13,,,,,,,,,,,,,,,,,,,,,,,,,1,Regular Play,Aïssa Mandi,6648.0,Right Center Back,24,Algeria,4898,['2917a2dd-eadd-4eef-b8ab-226b2cb62ef7'],4,,,,,,,,,,,,,,,,,,,Algeria,4898,00:13:04.764,Ball Receipt*,
,,,,,,,,,,,,,,,,,,,,,,,,,,,,,,4a7da98b-ddd7-402b-9c62-bb52bac2bacc,518,,"[58.1, 25.0]",3920402,13,,,,,,,,,,,,,,,,,,,,,,,,,1,Regular Play,Ramy Bensebaini,3191.0,Left Center Back,24,Algeria,4898,['4c9f78eb-1ff9-46a7-a655-12fd1b40376e'],8,,,,,,,,,,,,,,,,,,,Algeria,4898,00:13:08.157,Ball Receipt*,
,,,,,,,,,,,,,,,,,,,,,,,,,,,,,,59def2c9-8fa9-4983-9d31-9a688d582017,521,,"[75.3, 15.1]",3920402,13,,,,,,,,,,,,,,,,,,,,,,,,,1,Regular Play,Ramiz Larbi Zerrouki,38345.0,Left Defensive Midfield,24,Algeria,4898,['d9fb3f8b-7695-4751-aee3-17b18cfd759c'],10,,,,,,,,,,,,,,,,,,,Algeria,4898,00:13:10.813,Ball Receipt*,
,,,,,,,,,,,,,,,,,,,,,,,,,,,,,,fa50bb42-e8c7-45e1-8fd5-888a144e1116,525,,"[69.1, 2.7]",3920402,13,,,,,,,,,,,,,,,,,,,,,,,,,1,Regular Play,Rayan Aït Nouri,12111.0,Left Back,24,Algeria,4898,['113a79cc-34a7-4653-9275-e157c00de800'],13,,,,,,,,,,,,,,,,,,,Algeria,4898,00:13:13.315,Ball Receipt*,
,,Incomplete,,,,,,,,,,,,,,,,,,,,,,,,,,,,ccf44a0e-3de6-41d5-b014-d46962579867,533,,"[114.8, 25.6]",3920402,13,,,,,,,,,,,,,,,,,,,,,,,,,1,From Free Kick,Baghdad Bounedjah,103465.0,Center Forward,25,Algeria,4898,['87fc2c33-2fce-436f-aa2f-4e1e518a7bcc'],34,,,,,,,,,,,,,,,,,,,Algeria,4898,00:13:34.649,Ball Receipt*,
,,Incomplete,,,,,,,,,,,,,,,,,,,,,,,,,,,,1d32c80c-93e7-47c4-9109-eb38746cb027,536,,"[110.8, 43.3]",3920402,14,,,,,,,,,,,,,,,,,,,,,,,,,1,From Corner,Baghdad Bounedjah,103465.0,Center Forward,26,Algeria,4898,['e2660339-0033-4203-9ce6-1de680af27d4'],9,,,,,,,,,,,,,,,,,,,Algeria,4898,00:14:09.775,Ball Receipt*,
,,,,,,,,,,,,,,,,,,,,,,,,,,,,,,b9ed6ef6-9651-484c-9271-5c81f3640452,540,,"[26.0, 7.2]",3920402,14,,,,,,,,,,,,,,,,,,,,,,,,,1,From Keeper,Edmond Fayçal Tapsoba,30606.0,Left Center Back,27,Burkina Faso,4921,['768e05ee-9619-4ea7-9cf5-005638730455'],25,,,,,,,,,,,,,,,,,,,Burkina Faso,4921,00:14:25.402,Ball Receipt*,
,,,,,,,,,,,,,,,,,,,,,,,,,,,,,,4003f28d-23f0-4c57-afda-6db33c97d146,543,,"[66.9, 13.6]",3920402,14,,,,,,,,,,,,,,,,,,,,,,,,,1,From Keeper,Abdoul Fessal Tapsoba,43705.0,Left Wing,27,Burkina Faso,4921,['6dcbde12-4ddb-47c1-b0ae-e617322b196f'],31,,,,,,,,,,,,,,,,,,,Burkina Faso,4921,00:14:31.389,Ball Receipt*,
,,,,,,,,,,,,,,,,,,,,,,,,,,,,,,a9d5141b-c1e3-4efa-b58a-a16fc5a10c00,555,,"[86.1, 8.4]",3920402,14,,,,,,,,,,,,,,,,,,,,,,,,,1,From Keeper,Abdoul Fessal Tapsoba,43705.0,Left Wing,27,Burkina Faso,4921,['a3acbb32-abd4-4c52-bd1d-fa46e1a57133'],41,,,,,,,,,,,,,,,,,,,Burkina Faso,4921,00:14:41.365,Ball Receipt*,
,,Incomplete,,,,,,,,,,,,,,,,,,,,,,,,,,,,a6bbbdc9-027e-4073-a686-7f0b4765bde6,561,,"[67.7, 69.8]",3920402,14,,,,,,,,,,,,,,,,,,,,,,,,,1,From Keeper,Baghdad Bounedjah,103465.0,Center Forward,27,Burkina Faso,4921,['dad5570d-43ce-4397-9fae-b960d22c5110'],49,,,,,,,,,,,,,,,,,,,Algeria,4898,00:14:49.256,Ball Receipt*,
,,,,,,,,,,,,,,,,,,,,,,,,,,,,,,93494e38-037d-4014-815f-b5d352090da7,565,,"[28.7, 36.8]",3920402,14,,,,,,,,,,,,,,,,,,,,,,,,,1,From Keeper,Kouakou Herve Koffi,4388.0,Goalkeeper,27,Burkina Faso,4921,['c8b123b9-7e66-4686-be43-b2eaae3e37bd'],52,,,,,,,,,,,,,,,,,,,Burkina Faso,4921,00:14:52.778,Ball Receipt*,
,,,,,,,,,,,,,,,,,,,,,,,,,,,,,,8cc1ee4b-d132-4a80-8ddf-7b30410e454d,568,,"[33.1, 25.5]",3920402,14,,,,,,,,,,,,,,,,,,,,,,,,,1,From Keeper,Issoufou Dayo,102800.0,Right Center Back,27,Burkina Faso,4921,['e727cbd5-c075-4aa5-9645-9e2c388bac95'],54,,,,,,,,,,,,,,,,,,,Burkina Faso,4921,00:14:54.658,Ball Receipt*,
,,,,,,,,,,,,,,,,,,,,,,,,,,,,,,d50ff6f5-0eb0-49a4-b4d7-7a258814ae84,571,,"[44.0, 9.3]",3920402,14,,,,,,,,,,,,,,,,,,,,,,,,,1,From Keeper,Edmond Fayçal Tapsoba,30606.0,Left Center Back,27,Burkina Faso,4921,['f677bf96-eba6-4ab2-a90d-cf713b980656'],57,,,,,,,,,,,,,,,,,,,Burkina Faso,4921,00:14:57.621,Ball Receipt*,
,,,,,,,,,,,,,,,,,,,,,,,,,,,,,,7e7b674f-f766-43ca-9393-7089c526258e,574,,"[59.2, 35.5]",3920402,15,,,,,,,,,,,,,,,,,,,,,,,,,1,From Keeper,Adama Guira,24411.0,Right Defensive Midfield,27,Burkina Faso,4921,['19e4f99f-8ba9-48f4-84b9-18599638bcfd'],7,,,,,,,,,,,,,,,,,,,Burkina Faso,4921,00:15:07.966,Ball Receipt*,
,,Incomplete,,,,,,,,,,,,,,,,,,,,,,,,,,,,317cf816-d890-446b-9152-f4e2ab6a6a3e,577,,"[86.9, 35.5]",3920402,15,,,,,,,,,,,,,,,,,,,,,,,,,1,From Keeper,Issa Kabore,35471.0,Right Wing,27,Burkina Faso,4921,['e7ceaebd-e71a-4f9f-a4a4-ee3111b9ce2c'],10,,,,,,,,,,,,,,,,,,,Burkina Faso,4921,00:15:10.438,Ball Receipt*,
,,,,,,,,,,,,,,,,,,,,,,,,,,,,,,d9ca4955-cd9c-4946-a763-b9a7dce2bef8,587,,"[18.0, 21.9]",3920402,15,,,,,,,,,,,,,,,,,,,,,,,,,1,From Keeper,Issoufou Dayo,102800.0,Right Center Back,27,Burkina Faso,4921,['bf16e4fb-38cf-4268-8c2f-f5d1f4f42629'],21,,,,,,,,,,,,,,,,,,,Burkina Faso,4921,00:15:21.950,Ball Receipt*,
,,,,,,,,,,,,,,,,,,,,,,,,,,,,,,e5a1a8ef-dba6-4ce3-8d1e-5987a3051f8c,590,,"[28.3, 15.6]",3920402,15,,,,,,,,,,,,,,,,,,,,,,,,,1,From Keeper,Edmond Fayçal Tapsoba,30606.0,Left Center Back,27,Burkina Faso,4921,['17280355-990d-4d31-a313-e90f62b8f35b'],25,,,,,,,,,,,,,,,,,,,Burkina Faso,4921,00:15:25.910,Ball Receipt*,
,,,,,,,,,,,,,,,,,,,,,,,,,,,,,,5a21115b-2820-4f80-9622-1d3c7e6252a0,593,,"[37.0, 29.1]",3920402,15,,,,,,,,,,,,,,,,,,,,,,,,,1,From Keeper,Issoufou Dayo,102800.0,Right Center Back,27,Burkina Faso,4921,['713345d3-25a5-4ffd-a525-7a390ab9757e'],45,,,,,,,,,,,,,,,,,,,Burkina Faso,4921,00:15:45.138,Ball Receipt*,
,,Incomplete,,,,,,,,,,,,,,,,,,,,,,,,,,,,7638bd72-71b4-43fd-8f0f-faee7541f2f0,597,,"[103.2, 59.6]",3920402,15,,,,,,,,,,,,,,,,,,,,,,,,,1,From Keeper,Mohamed Konaté,43920.0,Center Forward,27,Burkina Faso,4921,['05391a04-3ada-47c9-bb29-b33b51035abe'],53,,,,,,,,,,,,,,,,,,,Burkina Faso,4921,00:15:53.207,Ball Receipt*,
,,,,,,,,,,,,,,,,,,,,,,,,,,,,,,67954644-2ab4-4e62-83f0-834e0ed2f238,599,,"[20.7, 7.0]",3920402,15,,,,,,,,,,,,,,,,,,,,,,,,,1,Regular Play,Rayan Aït Nouri,12111.0,Left Back,28,Algeria,4898,['c043a763-ec58-4c91-9427-fcb4370395b4'],55,,,,,,,,,,,,,,,,,,,Algeria,4898,00:15:55.017,Ball Receipt*,
,,,,,,,,,,,,,,,,,,,,,,,,,,,,,,56ab17e8-577f-4766-a1d0-6315e5443956,602,,"[22.6, 20.9]",3920402,15,,,,,,,,,,,,,,,,,,,,,,,,,1,Regular Play,Ramiz Larbi Zerrouki,38345.0,Left Defensive Midfield,28,Algeria,4898,['13e26510-5106-4ba8-816a-d0c13258034a'],57,,,,,,,,,,,,,,,,,,,Algeria,4898,00:15:57.839,Ball Receipt*,
,,,,,,,,,,,,,,,,,,,,,,,,,,,,,,b6eada89-170b-4799-87eb-f8aa40a26043,605,,"[18.5, 5.4]",3920402,15,,,,,,,,,,,,,,,,,,,,,,,,,1,Regular Play,Rayan Aït Nouri,12111.0,Left Back,28,Algeria,4898,['b28b93e9-dfdf-4ecf-bd08-fb4aaed92f08'],59,,,,,,,,,,,,,,,,,,,Algeria,4898,00:15:59.387,Ball Receipt*,
,,Incomplete,,,,,,,,,,,,,,,,,,,,,,,,,,,,5a26a432-ba5d-4096-97b3-41808d109a7c,608,,"[63.7, 6.6]",3920402,16,,,,,,,,,,,,,,,,,,,,,,,,,1,Regular Play,Mohamed Youcef Belaïli,103464.0,Left Wing,28,Algeria,4898,['fd8e3fb6-2d4b-4c04-b6a7-879afc4d6aaf'],3,,,,,,,,,,,,,,,,,,,Algeria,4898,00:16:03.169,Ball Receipt*,
,,,,,,,,,,,,,,,,,,,,,,,,,,,,,,6044d4ab-725a-4eee-b7ef-ae8f83f651a8,613,,"[87.5, 8.8]",3920402,17,,,,,,,,,,,,,,,,,,,,,,,,,1,From Free Kick,Mohamed Youcef Belaïli,103464.0,Left Wing,29,Algeria,4898,['76730d0f-e90e-45d6-a8ac-0057c97a7f33'],54,,,,,,,,,,,,,,,,,,,Algeria,4898,00:17:54.472,Ball Receipt*,
,,,,,,,,,,,,,,,,,,,,,,,,,,,,,,ae2c3add-676f-4772-bc5d-5f5a08b39a65,617,,"[105.6, 20.4]",3920402,17,,,,,,,,,,,,,,,,,,,,,,,,,1,From Free Kick,Baghdad Bounedjah,103465.0,Center Forward,29,Algeria,4898,['33fa3a7c-9e59-4c5e-9d49-b77a529258c6'],57,,,,,,,,,,,,,,,,,,,Algeria,4898,00:17:57.564,Ball Receipt*,
,,,,,,,,,,,,,,,,,,,,,,,,,,,,,,11b1e8f3-aadb-4919-8fb8-9336e7eccb13,621,,"[112.5, 24.3]",3920402,17,,,,,,,,,,,,,,,,,,,,,,,,,1,From Free Kick,Mohamed Youcef Belaïli,103464.0,Left Wing,29,Algeria,4898,['f6ae3cbd-0e28-4654-bb6b-aaa89477cef3'],58,,,,,,,,,,,,,,,,,,,Algeria,4898,00:17:58.902,Ball Receipt*,
,,,,,,,,,,,,,,,,,,,,,,,,,,,,,,ef434da8-1ef5-4fa6-bdfe-bea41e63294e,630,,"[49.4, 2.9]",3920402,18,,,,,,,,,,,,,,,,,,,,,,,,,1,From Free Kick,Steeve Yago,3035.0,Left Back,29,Algeria,4898,['453f176c-354a-4ed4-89d4-ff8cccc7a179'],6,,,,,,,,,,,,,,,,,,,Burkina Faso,4921,00:18:06.991,Ball Receipt*,
,,Incomplete,,,,,,,,,,,,,,,,,,,,,,,,,,,,a5d73dff-96f6-4833-92a6-edd6e1743e54,633,,"[64.1, 20.2]",3920402,18,,,,,,,,,,,,,,,,,,,,,,,,,1,From Free Kick,Gustavo Fabrice Sangaré,45466.0,Center Attacking Midfield,29,Algeria,4898,['b44a9589-08d8-40d3-a9eb-508ee90d7985'],8,,,,,,,,,,,,,,,,,,,Burkina Faso,4921,00:18:08.974,Ball Receipt*,
,,,,,,,,,,,,,,,,,,,,,,,,,,,,,,90fed7b2-fcc0-46a7-b4f1-8489972343ed,639,,"[40.1, 73.1]",3920402,18,,,,,,,,,,,,,,,,,,,,,,,,,1,From Free Kick,Youcef Atal,10040.0,Right Back,29,Algeria,4898,['fa8d2a66-d9f2-49a2-a874-d2821ece6dfa'],11,,,,,,,,,,,,,,,,,,,Algeria,4898,00:18:11.949,Ball Receipt*,
,,,,,,,,,,,,,,,,,,,,,,,,,,,,,,bd01dc95-5515-4550-9431-a735bd8a5961,643,,"[52.1, 78.1]",3920402,18,,,,,,,,,,,,,,,,,,,,,,,,,1,From Free Kick,Nabil Bentaleb,8520.0,Right Defensive Midfield,29,Algeria,4898,['276acb22-eef8-4625-9590-f15531f4b979'],14,,,,,,,,,,,,,,,,,,,Algeria,4898,00:18:14.829,Ball Receipt*,
,,,,,,,,,,,,,,,,,,,,,,,,,,,,,,9eff45e8-0021-4b89-bbda-8b6251ce4379,648,,"[36.9, 43.4]",3920402,18,,,,,,,,,,,,,,,,,,,,,,,,,1,From Free Kick,Ramy Bensebaini,3191.0,Left Center Back,29,Algeria,4898,['18067996-aa5a-4ca0-80ec-6eb66a8e6c3e'],20,,,,,,,,,,,,,,,,,,,Algeria,4898,00:18:20.285,Ball Receipt*,
,,,,,,,,,,,,,,,,,,,,,,,,,,,,,,5f82e051-2014-4c80-a078-ff7a78bd293a,651,,"[111.3, 76.0]",3920402,18,,,,,,,,,,,,,,,,,,,,,,,,,1,From Free Kick,Youcef Atal,10040.0,Right Back,29,Algeria,4898,['a2090d76-93f3-4ea7-898f-8a83b15a7cbb'],27,,,,,,,,,,,,,,,,,,,Algeria,4898,00:18:27.126,Ball Receipt*,
,,,,,,,,,,,,,,,,,,,,,,,,,,,,,,1216680e-ee94-4278-929f-5aa65759119f,660,,"[12.7, 18.1]",3920402,18,,,,,,,,,,,,,,,,,,,,,,,,,1,From Goal Kick,Edmond Fayçal Tapsoba,30606.0,Left Center Back,30,Burkina Faso,4921,['961416b6-452f-41de-9a29-1920193ea1d2'],57,,,,,,,,,,,,,,,,,,,Burkina Faso,4921,00:18:57.044,Ball Receipt*,
,,,,,,,,,,,,,,,,,,,,,,,,,,,,,,f7754374-e252-4ae3-998b-c92b05892604,662,,"[16.7, 38.8]",3920402,19,,,,,,,,,,,,,,,,,,,,,,,,,1,From Goal Kick,Kouakou Herve Koffi,4388.0,Goalkeeper,30,Burkina Faso,4921,['f224d6a5-2a12-49ac-8f2d-d1103f5a0752'],16,,,,,,,,,,,,,,,,,,,Burkina Faso,4921,00:19:16.861,Ball Receipt*,
,,Incomplete,,,,,,,,,,,,,,,,,,,,,,,,,,,,903b42ee-f6f5-4ce6-999a-f56a3c0f8441,667,,"[70.4, 64.8]",3920402,19,,,,,,,,,,,,,,,,,,,,,,,,,1,From Goal Kick,Issa Kabore,35471.0,Right Wing,30,Burkina Faso,4921,['8b3adf76-b32f-4c09-aa48-c79dba864195'],22,,,,,,,,,,,,,,,,,,,Burkina Faso,4921,00:19:22.366,Ball Receipt*,
,,,,,,,,,,,,,,,,,,,,,,,,,,,,,,5bf14203-1fab-4e0b-b9c1-6732f0f98ab3,669,,"[35.9, 28.7]",3920402,19,,,,,,,,,,,,,,,,,,,,,,,,,1,Regular Play,Ramy Bensebaini,3191.0,Left Center Back,31,Algeria,4898,['d88a99a7-77a0-47b6-b19c-358cdb5a5eb0'],23,,,,,,,,,,,,,,,,,,,Algeria,4898,00:19:23.092,Ball Receipt*,
,,,,,,,,,,,,,,,,,,,,,,,,,,,,,,4e6d0578-8eb8-4ac1-b920-3f23dbd3ed2c,673,,"[15.1, 33.9]",3920402,19,,,,,,,,,,,,,,,,,,,,,,,,,1,Regular Play,Anthony Louis Mandréa,41381.0,Goalkeeper,31,Algeria,4898,['1d468d17-4946-4d8e-8636-6cbedc977af7'],28,,,,,,,,,,,,,,,,,,,Algeria,4898,00:19:28.930,Ball Receipt*,
,,,,,,,,,,,,,,,,,,,,,,,,,,,,,,859cd28e-9af5-4582-8df5-784406ede5a8,676,,"[29.0, 52.3]",3920402,19,,,,,,,,,,,,,,,,,,,,,,,,,1,Regular Play,Aïssa Mandi,6648.0,Right Center Back,31,Algeria,4898,['2e74386b-2854-4323-b2df-56338b3dce71'],30,,,,,,,,,,,,,,,,,,,Algeria,4898,00:19:30.448,Ball Receipt*,
,,,,,,,,,,,,,,,,,,,,,,,,,,,,,,7d3d4a9e-2d46-4e5c-995b-836d41187f6e,679,,"[39.3, 70.9]",3920402,19,,,,,,,,,,,,,,,,,,,,,,,,,1,Regular Play,Youcef Atal,10040.0,Right Back,31,Algeria,4898,['a953da0a-1516-431d-b25c-5fd1b60e55f3'],33,,,,,,,,,,,,,,,,,,,Algeria,4898,00:19:33.830,Ball Receipt*,
,,,,,,,,,,,,,,,,,,,,,,,,,,,,,,7da41a86-9496-46d3-ba08-38ff3fe4ed6a,682,,"[37.3, 69.8]",3920402,19,,,,,,,,,,,,,,,,,,,,,,,,,1,Regular Play,Aïssa Mandi,6648.0,Right Center Back,31,Algeria,4898,['e3f2a58e-97db-4ac7-b445-907a6f532331'],37,,,,,,,,,,,,,,,,,,,Algeria,4898,00:19:37.329,Ball Receipt*,
,,,,,,,,,,,,,,,,,,,,,,,,,,,,,,1367e5a5-3b16-453e-ba7a-c4bf41de503c,685,,"[34.6, 31.6]",3920402,19,,,,,,,,,,,,,,,,,,,,,,,,,1,Regular Play,Ramy Bensebaini,3191.0,Left Center Back,31,Algeria,4898,['cdb2c8e7-533a-4d29-a3a9-99297c78ef36'],40,,,,,,,,,,,,,,,,,,,Algeria,4898,00:19:40.995,Ball Receipt*,
,,,,,,,,,,,,,,,,,,,,,,,,,,,,,,6469db3a-1a28-49e1-9ee0-a839dcfab03c,688,,"[59.0, 19.7]",3920402,19,,,,,,,,,,,,,,,,,,,,,,,,,1,Regular Play,Mohamed Youcef Belaïli,103464.0,Left Wing,31,Algeria,4898,['b99847f9-9300-43dc-9e07-b540c6db82a2'],44,,,,,,,,,,,,,,,,,,,Algeria,4898,00:19:44.873,Ball Receipt*,
,,,,,,,,,,,,,,,,,,,,,,,,,,,,,,b5189896-389d-4735-ad21-70d061acb3a4,691,,"[42.7, 27.5]",3920402,19,,,,,,,,,,,,,,,,,,,,,,,,,1,Regular Play,Ramy Bensebaini,3191.0,Left Center Back,31,Algeria,4898,['d317c355-6e05-4329-a37b-a3ed8e2e335b'],47,,,,,,,,,,,,,,,,,,,Algeria,4898,00:19:47.381,Ball Receipt*,
,,,,,,,,,,,,,,,,,,,,,,,,,,,,,,8d99c65a-74c0-4a1d-a054-14a325e28dc3,693,,"[43.5, 52.3]",3920402,19,,,,,,,,,,,,,,,,,,,,,,,,,1,Regular Play,Aïssa Mandi,6648.0,Right Center Back,31,Algeria,4898,['dd412b7e-b008-4c1f-afb1-15896ba77e95'],49,,,,,,,,,,,,,,,,,,,Algeria,4898,00:19:49.484,Ball Receipt*,
,,,,,,,,,,,,,,,,,,,,,,,,,,,,,,bac8dfcc-1287-4c05-8ac0-2edcb25f24f1,696,,"[71.8, 34.2]",3920402,19,,,,,,,,,,,,,,,,,,,,,,,,,1,Regular Play,Sofiane Feghouli,18724.0,Center Attacking Midfield,31,Algeria,4898,['89550f67-f103-4b34-a5a8-239033ac1344'],52,,,,,,,,,,,,,,,,,,,Algeria,4898,00:19:52.378,Ball Receipt*,
,,,,,,,,,,,,,,,,,,,,,,,,,,,,,,7d766284-6c10-4a8e-8c96-2caa0b005460,700,,"[56.3, 20.1]",3920402,19,,,,,,,,,,,,,,,,,,,,,,,,,1,Regular Play,Ramiz Larbi Zerrouki,38345.0,Left Defensive Midfield,31,Algeria,4898,['2b4c64dd-0a97-4a8f-8d59-1dfd292e894a'],54,,,,,,,,,,,,,,,,,,,Algeria,4898,00:19:54.126,Ball Receipt*,
,,,,,,,,,,,,,,,,,,,,,,,,,,,,,,6ae3f7c4-30b3-4384-a439-c78ef4399a56,702,,"[64.8, 12.0]",3920402,19,,,,,,,,,,,,,,,,,,,,,,,,,1,Regular Play,Mohamed Youcef Belaïli,103464.0,Left Wing,31,Algeria,4898,['aad01eee-dd0d-4474-8a0f-e878d1edd7f7'],54,,,,,,,,,,,,,,,,,,,Algeria,4898,00:19:54.990,Ball Receipt*,
,,,,,,,,,,,,,,,,,,,,,,,,,,,,,,32e9c45f-ac39-49a9-a76c-e0b8fcbe8a95,705,,"[103.2, 38.6]",3920402,19,,,,,,,,,,,,,,,,,,,,,,,,,1,Regular Play,Baghdad Bounedjah,103465.0,Center Forward,31,Algeria,4898,['4cfc944c-6afc-49a9-9227-6df9fdcb0539'],59,,,,,,,,,,,,,,,,,,,Algeria,4898,00:19:59.710,Ball Receipt*,
,,Incomplete,,,,,,,,,,,,,,,,,,,,,,,,,,,,663fb2ef-561e-4e60-9e5f-e2e23873e63c,708,,"[99.5, 63.2]",3920402,20,,,,,,,,,,,,,,,,,,,,,,,,,1,Regular Play,Riyad Mahrez,3814.0,Right Wing,31,Algeria,4898,['d2d8a93c-4370-4247-ba81-e5b7083da6d3'],5,,,,,,,,,,,,,,,,,,,Algeria,4898,00:20:05.545,Ball Receipt*,
,,,,,,,,,,,,,,,,,,,,,,,,,,,,,,1a7e9e76-619c-4217-a40e-f65376734c1e,712,,"[8.8, 12.6]",3920402,20,,,,,,,,,,,,,,,,,,,,,,,,,1,Regular Play,Edmond Fayçal Tapsoba,30606.0,Left Center Back,32,Burkina Faso,4921,['2374fae6-f876-40ab-a87e-a6dc69df546d'],7,,,,,,,,,,,,,,,,,,,Burkina Faso,4921,00:20:07.815,Ball Receipt*,
,,,,,,,,,,,,,,,,,,,,,,,,,,,,,,57b3bd6c-b387-467b-af91-512988b7f9c7,715,,"[3.9, 37.2]",3920402,20,,,,,,,,,,,,,,,,,,,,,,,,,1,Regular Play,Kouakou Herve Koffi,4388.0,Goalkeeper,32,Burkina Faso,4921,['c707c8a1-6804-4ebd-842c-c973892be2ca'],11,,,,,,,,,,,,,,,,,,,Burkina Faso,4921,00:20:11.636,Ball Receipt*,
,,Incomplete,,,,,,,,,,,,,,,,,,,,,,,,,,,,8669468a-eb23-4bf4-903b-ad8e7addc8a9,718,,"[36.1, 32.0]",3920402,20,,,,,,,,,,,,,,,,,,,,,,,,,1,Regular Play,Issoufou Dayo,102800.0,Right Center Back,32,Burkina Faso,4921,['2002959a-fd8a-4d21-98e0-b81320aca8ad'],13,,,,,,,,,,,,,,,,,,,Burkina Faso,4921,00:20:13.944,Ball Receipt*,
,,,,,,,,,,,,,,,,,,,,,,,,,,,,,,6f54e83c-a67b-46d7-9248-db6afb47fe7a,722,,"[100.1, 41.9]",3920402,20,,,,,,,,,,,,,,,,,,,,,,,,,1,Regular Play,Baghdad Bounedjah,103465.0,Center Forward,32,Burkina Faso,4921,['4286e023-f6fd-49c4-bb13-a78a0c05afc1'],16,,,,,,,,,,,,,,,,,,,Algeria,4898,00:20:16.763,Ball Receipt*,
,,Incomplete,,,,,,,,,,,,,,,,,,,,,,,,,,,,ef00c635-a1e3-4f0a-90c4-4bef4aa77ee3,724,,"[107.8, 39.1]",3920402,20,,,,,,,,,,,,,,,,,,,,,,,,,1,Regular Play,Mohamed Youcef Belaïli,103464.0,Left Wing,32,Burkina Faso,4921,['2eeeb9e9-feec-41f7-89bb-ccdbfa06c3d4'],17,,,,,,,,,,,,,,,,,,,Algeria,4898,00:20:17.765,Ball Receipt*,
,,,,,,,,,,,,,,,,,,,,,,,,,,,,,,8b830e36-0f68-4964-a196-9999d6745c0c,728,,"[13.4, 65.6]",3920402,20,,,,,,,,,,,,,,,,,,,,,,,,,1,Regular Play,Adamo Nagalo,99280.0,Right Back,32,Burkina Faso,4921,['1eeaf8ff-c177-4799-9c59-ea751dba5c1e'],36,,,,,,,,,,,,,,,,,,,Burkina Faso,4921,00:20:36.881,Ball Receipt*,
,,,,,,,,,,,,,,,,,,,,,,,,,,,,,,85a2635b-4c9e-49ec-8084-fb616a6244be,730,,"[16.9, 64.0]",3920402,20,,,,,,,,,,,,,,,,,,,,,,,,,1,Regular Play,Ibrahim Blati Touré,23999.0,Left Defensive Midfield,32,Burkina Faso,4921,['ab6893aa-04c9-478b-bef3-1989933a22e4'],38,,,,,,,,,,,,,,,,,,,Burkina Faso,4921,00:20:38.045,Ball Receipt*,
,,Incomplete,,,,,,,,,,,,,,,,,,,,,,,,,,,,421a07ad-6f55-4f0d-9c17-0b585bc8feeb,734,,"[51.0, 60.0]",3920402,20,,,,,,,,,,,,,,,,,,,,,,,,,1,Regular Play,Mohamed Konaté,43920.0,Center Forward,32,Burkina Faso,4921,"['602c5ac1-8d33-49eb-bb74-e7c3d713dd15', '2ef807fc-75cd-4dde-90f3-766c8d6f1ecb']",40,,,,,,,,,,,,,,,,,,,Burkina Faso,4921,00:20:40.848,Ball Receipt*,True
,,,,,,,,,,,,,,,,,,,,,,,,,,,,,,f4530f19-f7d1-41e3-978f-58db28e57422,738,,"[62.0, 65.2]",3920402,20,,,,,,,,,,,,,,,,,,,,,,,,,1,From Free Kick,Gustavo Fabrice Sangaré,45466.0,Center Attacking Midfield,33,Burkina Faso,4921,['9e981312-94b6-470b-b15a-0d5e738e567b'],53,,,,,,,,,,,,,,,,,,,Burkina Faso,4921,00:20:53.698,Ball Receipt*,
,,,,,,,,,,,,,,,,,,,,,,,,,,,,,,13c91385-318f-467c-be33-03259564b99b,740,,"[83.9, 77.0]",3920402,20,,,,,,,,,,,,,,,,,,,,,,,,,1,From Free Kick,Issa Kabore,35471.0,Right Wing,33,Burkina Faso,4921,['56b21724-6420-40c7-b4ef-7accbf35cd56'],56,,,,,,,,,,,,,,,,,,,Burkina Faso,4921,00:20:56.552,Ball Receipt*,
,,Incomplete,,,,,,,,,,,,,,,,,,,,,,,,,,,,b54cdcde-aea0-448c-8781-289b7c84e8e0,746,,"[109.7, 37.8]",3920402,22,,,,,,,,,,,,,,,,,,,,,,,,,1,From Free Kick,Abdoul Fessal Tapsoba,43705.0,Left Wing,34,Burkina Faso,4921,['fa18b9f1-b3ec-4242-813e-64768b214562'],8,,,,,,,,,,,,,,,,,,,Burkina Faso,4921,00:22:08.519,Ball Receipt*,
,,Incomplete,,,,,,,,,,,,,,,,,,,,,,,,,,,,6b5dc159-c4a5-4437-91c4-edc977e5874e,749,,"[114.2, 38.8]",3920402,22,,,,,,,,,,,,,,,,,,,,,,,,,1,From Free Kick,Mohamed Konaté,43920.0,Center Forward,34,Burkina Faso,4921,['bb94662a-79c4-4784-9994-0be57d36c3c0'],12,,,,,,,,,,,,,,,,,,,Burkina Faso,4921,00:22:12.247,Ball Receipt*,
,,,,,,,,,,,,,,,,,,,,,,,,,,,,,,fe996f67-e001-4de0-9f7c-9324d80d29e7,754,,"[57.6, 37.5]",3920402,22,,,,,,,,,,,,,,,,,,,,,,,,,1,Regular Play,Ibrahim Blati Touré,23999.0,Left Defensive Midfield,35,Burkina Faso,4921,['5ebc561d-2b19-4a97-b111-f887d5196529'],21,,,,,,,,,,,,,,,,,,,Burkina Faso,4921,00:22:21.687,Ball Receipt*,
,,,,,,,,,,,,,,,,,,,,,,,,,,,,,,d29d6697-46c7-48b2-986c-5be5cce7c538,757,,"[57.4, 63.2]",3920402,22,,,,,,,,,,,,,,,,,,,,,,,,,1,Regular Play,Gustavo Fabrice Sangaré,45466.0,Center Attacking Midfield,35,Burkina Faso,4921,['3d4888cd-935e-4e33-93cf-1294e899cb1b'],26,,,,,,,,,,,,,,,,,,,Burkina Faso,4921,00:22:26.359,Ball Receipt*,
,,Incomplete,,,,,,,,,,,,,,,,,,,,,,,,,,,,d1f67c2b-457b-4672-a7d9-37ed14a3b3e9,764,,"[103.6, 26.6]",3920402,25,,,,,,,,,,,,,,,,,,,,,,,,,1,From Free Kick,Baghdad Bounedjah,103465.0,Center Forward,36,Algeria,4898,['83e3d46b-2c75-45ff-8513-96f6ce65ec15'],3,,,,,,,,,,,,,,,,,,,Algeria,4898,00:25:03.120,Ball Receipt*,
,,,,,,,,,,,,,,,,,,,,,,,,,,,,,,2c0692c7-c860-4674-8a64-c3fbbd5636c5,771,,"[9.7, 45.9]",3920402,25,,,,,,,,,,,,,,,,,,,,,,,,,1,From Goal Kick,Ibrahim Blati Touré,23999.0,Left Defensive Midfield,37,Burkina Faso,4921,['1400dd18-cb89-4567-97ad-55bd473e1980'],45,,,,,,,,,,,,,,,,,,,Burkina Faso,4921,00:25:45.533,Ball Receipt*,
,,,,,,,,,,,,,,,,,,,,,,,,,,,,,,f35eed15-5715-482b-981c-8ee4a3360631,780,,"[63.6, 19.6]",3920402,25,,,,,,,,,,,,,,,,,,,,,,,,,1,From Goal Kick,Steeve Yago,3035.0,Left Back,37,Burkina Faso,4921,['2ee28075-ebe9-4efa-885b-15f9d40f83d7'],53,,,,,,,,,,,,,,,,,,,Burkina Faso,4921,00:25:53.416,Ball Receipt*,
,,,,,,,,,,,,,,,,,,,,,,,,,,,,,,c1a5dd2d-d85c-4ab8-bfac-9666a0f89235,786,,"[40.2, 6.2]",3920402,26,,,,,,,,,,,,,,,,,,,,,,,,,1,From Throw In,Edmond Fayçal Tapsoba,30606.0,Left Center Back,38,Burkina Faso,4921,['5ffdaffb-c6bc-41aa-9bfe-6094a0f331d8'],1,,,,,,,,,,,,,,,,,,,Burkina Faso,4921,00:26:01.586,Ball Receipt*,
,,,,,,,,,,,,,,,,,,,,,,,,,,,,,,8e58307a-8107-477c-ae63-5ba76e2701f3,789,,"[118.8, 10.9]",3920402,26,,,,,,,,,,,,,,,,,,,,,,,,,1,From Throw In,Abdoul Fessal Tapsoba,43705.0,Left Wing,38,Burkina Faso,4921,['da5dc6a0-0cb6-4980-9851-4842acc2e204'],10,,,,,,,,,,,,,,,,,,,Burkina Faso,4921,00:26:10.336,Ball Receipt*,
,,Incomplete,,,,,,,,,,,,,,,,,,,,,,,,,,,,0317d024-22ad-44e0-913d-76006b4fa724,791,,"[105.7, 78.0]",3920402,26,,,,,,,,,,,,,,,,,,,,,,,,,1,From Throw In,Mohamed Konaté,43920.0,Center Forward,38,Burkina Faso,4921,['1347150a-b699-4d84-8348-49f1fc3de622'],16,,,,,,,,,,,,,,,,,,,Burkina Faso,4921,00:26:16.267,Ball Receipt*,
,,,,,,,,,,,,,,,,,,,,,,,,,,,,,,4e58f9e9-6ed9-4e33-9e6a-0ee902bc4c87,793,,"[22.8, 14.4]",3920402,26,,,,,,,,,,,,,,,,,,,,,,,,,1,From Throw In,Nabil Bentaleb,8520.0,Right Defensive Midfield,39,Algeria,4898,['e014de6b-19f0-437f-8b0e-e4064fc3034d'],30,,,,,,,,,,,,,,,,,,,Algeria,4898,00:26:30.673,Ball Receipt*,
,,,,,,,,,,,,,,,,,,,,,,,,,,,,,,8d24cec0-0ca4-47cf-adba-fac2f718b1a5,796,,"[44.1, 8.5]",3920402,26,,,,,,,,,,,,,,,,,,,,,,,,,1,From Throw In,Mohamed Youcef Belaïli,103464.0,Left Wing,39,Algeria,4898,['436db048-6090-4336-be18-a6d02ddf34a5'],31,,,,,,,,,,,,,,,,,,,Algeria,4898,00:26:31.986,Ball Receipt*,
,,,,,,,,,,,,,,,,,,,,,,,,,,,,,,1068ae49-cb4b-41b0-b02c-62a4adfd3043,801,,"[61.9, 28.1]",3920402,26,,,,,,,,,,,,,,,,,,,,,,,,,1,Regular Play,Edmond Fayçal Tapsoba,30606.0,Left Center Back,40,Burkina Faso,4921,['7f3fe4e8-96db-4323-8fc8-0bc6bf71fe69'],37,,,,,,,,,,,,,,,,,,,Burkina Faso,4921,00:26:37.945,Ball Receipt*,
,,,,,,,,,,,,,,,,,,,,,,,,,,,,,,7648c8e3-e2d8-4238-b3ed-9b714fb1cf15,804,,"[75.8, 15.2]",3920402,26,,,,,,,,,,,,,,,,,,,,,,,,,1,Regular Play,Abdoul Fessal Tapsoba,43705.0,Left Wing,40,Burkina Faso,4921,['8add7183-50c2-44f8-bb62-b1c6bab4671d'],39,,,,,,,,,,,,,,,,,,,Burkina Faso,4921,00:26:39.945,Ball Receipt*,
,,,,,,,,,,,,,,,,,,,,,,,,,,,,,,a8e21000-e776-4ddd-b886-87fc46451887,806,,"[67.3, 4.9]",3920402,26,,,,,,,,,,,,,,,,,,,,,,,,,1,Regular Play,Steeve Yago,3035.0,Left Back,40,Burkina Faso,4921,['8489db9d-82be-4b8a-bab8-f1d967275fe3'],41,,,,,,,,,,,,,,,,,,,Burkina Faso,4921,00:26:41.749,Ball Receipt*,
,,,,,,,,,,,,,,,,,,,,,,,,,,,,,,beeafaa5-e061-43ef-8ec2-f0b3ca6ff2e7,809,,"[67.9, 21.6]",3920402,26,,,,,,,,,,,,,,,,,,,,,,,,,1,Regular Play,Ibrahim Blati Touré,23999.0,Left Defensive Midfield,40,Burkina Faso,4921,['12e2d61f-96a1-480b-acf8-147fcb57636a'],43,,,,,,,,,,,,,,,,,,,Burkina Faso,4921,00:26:43.601,Ball Receipt*,
,,,,,,,,,,,,,,,,,,,,,,,,,,,,,,d629cf5f-6970-4173-8d6f-6014f44aa982,813,,"[68.7, 6.1]",3920402,26,,,,,,,,,,,,,,,,,,,,,,,,,1,Regular Play,Steeve Yago,3035.0,Left Back,40,Burkina Faso,4921,['e10c7dfc-8bfe-4402-9e26-b773f04a25c0'],47,,,,,,,,,,,,,,,,,,,Burkina Faso,4921,00:26:47.158,Ball Receipt*,
,,,,,,,,,,,,,,,,,,,,,,,,,,,,,,84415ae4-b68d-4cb7-9fa8-4e7981eabbdf,816,,"[58.5, 14.9]",3920402,26,,,,,,,,,,,,,,,,,,,,,,,,,1,Regular Play,Edmond Fayçal Tapsoba,30606.0,Left Center Back,40,Burkina Faso,4921,['7c94aa1f-81b5-497a-9760-67a611f07130'],48,,,,,,,,,,,,,,,,,,,Burkina Faso,4921,00:26:48.573,Ball Receipt*,
,,,,,,,,,,,,,,,,,,,,,,,,,,,,,,12dff827-ccff-44af-a143-46ab7bef79f4,819,,"[64.0, 48.7]",3920402,26,,,,,,,,,,,,,,,,,,,,,,,,,1,Regular Play,Gustavo Fabrice Sangaré,45466.0,Center Attacking Midfield,40,Burkina Faso,4921,['6ee3895e-c560-4e33-9e60-13c66fa0f7b3'],55,,,,,,,,,,,,,,,,,,,Burkina Faso,4921,00:26:55.279,Ball Receipt*,
,,,,,,,,,,,,,,,,,,,,,,,,,,,,,,432c061f-5f48-4148-b0d3-858e2d772429,823,,"[90.7, 53.7]",3920402,26,,,,,,,,,,,,,,,,,,,,,,,,,1,Regular Play,Mohamed Konaté,43920.0,Center Forward,40,Burkina Faso,4921,"['d1aa37cf-9a79-4b51-93ac-eacb9b2586fc', '46be9f00-ea47-4d4f-9653-aa8407253388']",59,,,,,,,,,,,,,,,,,,,Burkina Faso,4921,00:26:59.996,Ball Receipt*,True
,,Incomplete,,,,,,,,,,,,,,,,,,,,,,,,,,,,09eade35-3e41-4833-8d55-69bee9df212d,826,,"[89.0, 47.7]",3920402,27,,,,,,,,,,,,,,,,,,,,,,,,,1,Regular Play,Gustavo Fabrice Sangaré,45466.0,Center Attacking Midfield,40,Burkina Faso,4921,['6b60db66-8db0-4279-99d0-a6ac416f4c06'],0,,,,,,,,,,,,,,,,,,,Burkina Faso,4921,00:27:00.503,Ball Receipt*,
,,,,,,,,,,,,,,,,,,,,,,,,,,,,,,384a04df-b8bc-444e-9a28-a5fb8dadf789,832,,"[92.3, 47.7]",3920402,27,,,,,,,,,,,,,,,,,,,,,,,,,1,Regular Play,Gustavo Fabrice Sangaré,45466.0,Center Attacking Midfield,40,Burkina Faso,4921,"['aa1d99c6-0327-4f12-9be4-0abad7257398', '9753507f-9e0a-4578-90fd-33b3c21d8c43']",2,,,,,,,,,,,,,,,,,,,Burkina Faso,4921,00:27:02.986,Ball Receipt*,True
,,Incomplete,,,,,,,,,,,,,,,,,,,,,,,,,,,,fec1e47e-6d54-4101-93b5-c82f15b53285,835,,"[97.7, 50.9]",3920402,27,,,,,,,,,,,,,,,,,,,,,,,,,1,Regular Play,Mohamed Konaté,43920.0,Center Forward,40,Burkina Faso,4921,['0876f0e8-4861-40bf-92a3-c2e790770e62'],4,,,,,,,,,,,,,,,,,,,Burkina Faso,4921,00:27:04.584,Ball Receipt*,
,,,,,,,,,,,,,,,,,,,,,,,,,,,,,,0968a8f9-e175-45fb-925c-d3d9c153292e,837,,"[15.8, 20.0]",3920402,27,,,,,,,,,,,,,,,,,,,,,,,,,1,Regular Play,Rayan Aït Nouri,12111.0,Left Back,40,Burkina Faso,4921,['b1a839c3-b2ab-4356-a222-d3afc4860a7d'],5,,,,,,,,,,,,,,,,,,,Algeria,4898,00:27:05.176,Ball Receipt*,
,,Incomplete,,,,,,,,,,,,,,,,,,,,,,,,,,,,9315897d-6a42-4b3e-b5ee-ae6eedb78d62,841,,"[61.7, 35.3]",3920402,27,,,,,,,,,,,,,,,,,,,,,,,,,1,Regular Play,Riyad Mahrez,3814.0,Right Wing,40,Burkina Faso,4921,['18791c7d-21df-44d6-b6a7-b3bcd23383d8'],12,,,,,,,,,,,,,,,,,,,Algeria,4898,00:27:12.262,Ball Receipt*,
,,Incomplete,,,,,,,,,,,,,,,,,,,,,,,,,,,,235058d1-ef2f-4171-828a-b348921bc540,845,,"[102.0, 20.0]",3920402,27,,,,,,,,,,,,,,,,,,,,,,,,,1,Regular Play,Abdoul Fessal Tapsoba,43705.0,Left Wing,40,Burkina Faso,4921,['882ef1dc-139e-44c5-9769-0121e660854b'],26,,,,,,,,,,,,,,,,,,,Burkina Faso,4921,00:27:26.257,Ball Receipt*,
,,,,,,,,,,,,,,,,,,,,,,,,,,,,,,f870dc06-b1bb-4b31-9d7f-4bf23fb079c1,847,,"[16.8, 28.1]",3920402,27,,,,,,,,,,,,,,,,,,,,,,,,,1,From Goal Kick,Aïssa Mandi,6648.0,Right Center Back,41,Algeria,4898,['a8a99f0d-30c3-4518-b3fb-033549ac2f6a'],50,,,,,,,,,,,,,,,,,,,Algeria,4898,00:27:50.926,Ball Receipt*,
,,,,,,,,,,,,,,,,,,,,,,,,,,,,,,159d1461-6c22-4992-8ea4-1b1c758adb40,849,,"[42.7, 23.2]",3920402,27,,,,,,,,,,,,,,,,,,,,,,,,,1,From Goal Kick,Ramy Bensebaini,3191.0,Left Center Back,41,Algeria,4898,['e144ec8c-c024-444d-a786-ad37c988732f'],52,,,,,,,,,,,,,,,,,,,Algeria,4898,00:27:52.840,Ball Receipt*,
,,Incomplete,,,,,,,,,,,,,,,,,,,,,,,,,,,,dad76696-165e-47ef-85f4-92ffb4960b73,852,,"[98.2, 14.1]",3920402,27,,,,,,,,,,,,,,,,,,,,,,,,,1,From Goal Kick,Mohamed Youcef Belaïli,103464.0,Left Wing,41,Algeria,4898,['5f6c1559-3331-4521-874c-bb77592a14d1'],56,,,,,,,,,,,,,,,,,,,Algeria,4898,00:27:56.583,Ball Receipt*,
,,Incomplete,,,,,,,,,,,,,,,,,,,,,,,,,,,,219d469f-672d-4a48-a9ef-1e74eb0c4b8e,854,,"[34.2, 63.6]",3920402,27,,,,,,,,,,,,,,,,,,,,,,,,,1,From Goal Kick,Adama Guira,24411.0,Right Defensive Midfield,41,Algeria,4898,['9b5ebdb5-5f14-4384-b67e-5b0076bdcca6'],58,,,,,,,,,,,,,,,,,,,Burkina Faso,4921,00:27:58.246,Ball Receipt*,
,,,,,,,,,,,,,,,,,,,,,,,,,,,,,,8164edf3-2ad9-4eb0-b3b0-14d34ee35b45,857,,"[96.6, 6.6]",3920402,27,,,,,,,,,,,,,,,,,,,,,,,,,1,From Goal Kick,Mohamed Youcef Belaïli,103464.0,Left Wing,41,Algeria,4898,['213f3630-a916-49fe-afce-c658e6254767'],59,,,,,,,,,,,,,,,,,,,Algeria,4898,00:27:59.217,Ball Receipt*,
,,,,,,,,,,,,,,,,,,,,,,,,,,,,,,ca51ee97-93bf-4086-8c93-25a733c47603,862,,"[92.2, 19.2]",3920402,28,,,,,,,,,,,,,,,,,,,,,,,,,1,From Goal Kick,Sofiane Feghouli,18724.0,Center Attacking Midfield,41,Algeria,4898,['747f42e3-3e3e-4f60-8c2d-457263ae6b6d'],1,,,,,,,,,,,,,,,,,,,Algeria,4898,00:28:01.251,Ball Receipt*,
,,,,,,,,,,,,,,,,,,,,,,,,,,,,,,7e3bfad9-d20d-42d8-9edb-33629e5ae6fc,865,,"[13.4, 51.0]",3920402,28,,,,,,,,,,,,,,,,,,,,,,,,,1,From Goal Kick,Issoufou Dayo,102800.0,Right Center Back,41,Algeria,4898,['a0c26de7-450c-4b1d-aba9-19d8f967c411'],3,,,,,,,,,,,,,,,,,,,Burkina Faso,4921,00:28:03.374,Ball Receipt*,
,,Incomplete,,,,,,,,,,,,,,,,,,,,,,,,,,,,455627d4-8e35-4645-aba0-21a6362fdc85,868,,"[57.2, 63.9]",3920402,28,,,,,,,,,,,,,,,,,,,,,,,,,1,From Goal Kick,Mohamed Konaté,43920.0,Center Forward,41,Algeria,4898,['9974cea5-15f7-4b74-a525-81b58627d297'],5,,,,,,,,,,,,,,,,,,,Burkina Faso,4921,00:28:05.937,Ball Receipt*,
,,Incomplete,,,,,,,,,,,,,,,,,,,,,,,,,,,,7fce9011-3773-40c2-b8b1-f9d1aefd30b0,873,,"[50.4, 67.7]",3920402,28,,,,,,,,,,,,,,,,,,,,,,,,,1,From Goal Kick,Abdoul Fessal Tapsoba,43705.0,Left Wing,41,Algeria,4898,['36d0357e-3079-4950-a1e1-8207680e6ba5'],10,,,,,,,,,,,,,,,,,,,Burkina Faso,4921,00:28:10.515,Ball Receipt*,
,,Incomplete,,,,,,,,,,,,,,,,,,,,,,,,,,,,33f9653c-2f7c-4fd8-8559-81b3d8c0a3d1,876,,"[81.7, 8.1]",3920402,28,,,,,,,,,,,,,,,,,,,,,,,,,1,From Goal Kick,Baghdad Bounedjah,103465.0,Center Forward,41,Algeria,4898,['c94d7998-b6f3-499a-a8d2-c6894925b70d'],12,,,,,,,,,,,,,,,,,,,Algeria,4898,00:28:12.130,Ball Receipt*,
,,Incomplete,,,,,,,,,,,,,,,,,,,,,,,,,,,,a1de2865-1ab9-4757-a373-727c00091e99,878,,"[26.0, 56.1]",3920402,28,,,,,,,,,,,,,,,,,,,,,,,,,1,From Goal Kick,Ibrahim Blati Touré,23999.0,Left Defensive Midfield,41,Algeria,4898,['8d4aa21c-532e-4365-9de7-5cac88490c8c'],12,,,,,,,,,,,,,,,,,,,Burkina Faso,4921,00:28:12.655,Ball Receipt*,
,,,,,,,,,,,,,,,,,,,,,,,,,,,,,,3ed57f68-7317-45f6-85c4-781a60a86135,883,,"[93.1, 15.3]",3920402,28,,,,,,,,,,,,,,,,,,,,,,,,,1,From Goal Kick,Rayan Aït Nouri,12111.0,Left Back,41,Algeria,4898,['3371ed84-e6f3-4d24-9ac3-8ed9af7c0bca'],14,,,,,,,,,,,,,,,,,,,Algeria,4898,00:28:14.817,Ball Receipt*,
,,,,,,,,,,,,,,,,,,,,,,,,,,,,,,cf1962de-7e6a-48c6-a848-f59a66ef8a71,886,,"[109.0, 22.9]",3920402,28,,,,,,,,,,,,,,,,,,,,,,,,,1,From Goal Kick,Mohamed Youcef Belaïli,103464.0,Left Wing,41,Algeria,4898,['06f60b5f-3462-49f3-bedb-cc62a0507873'],18,,,,,,,,,,,,,,,,,,,Algeria,4898,00:28:18.115,Ball Receipt*,
,,,,,,,,,,,,,,,,,,,,,,,,,,,,,,1b9746a0-d6f2-4d72-b588-2c13e9d6b734,889,,"[119.9, 24.0]",3920402,28,,,,,,,,,,,,,,,,,,,,,,,,,1,From Goal Kick,Rayan Aït Nouri,12111.0,Left Back,41,Algeria,4898,['e4b3aeea-bb86-47e9-903a-9a48ac426c16'],20,,,,,,,,,,,,,,,,,,,Algeria,4898,00:28:20.904,Ball Receipt*,
,,Incomplete,,,,,,,,,,,,,,,,,,,,,,,,,,,,636d8f1b-916a-429e-88e7-3374b4810bc1,891,,"[112.5, 39.1]",3920402,28,,,,,,,,,,,,,,,,,,,,,,,,,1,From Goal Kick,Baghdad Bounedjah,103465.0,Center Forward,41,Algeria,4898,['d0fdaecf-29f3-41ee-b86b-e31491c710d3'],23,,,,,,,,,,,,,,,,,,,Algeria,4898,00:28:23.113,Ball Receipt*,
,,,,,,,,,,,,,,,,,,,,,,,,,,,,,,26525979-2d88-4117-8571-20cc48d420a5,896,,"[43.0, 13.8]",3920402,28,,,,,,,,,,,,,,,,,,,,,,,,,1,From Goal Kick,Abdoul Fessal Tapsoba,43705.0,Left Wing,41,Algeria,4898,"['110e5108-42be-4053-a350-4f72f410febc', '0cacc11d-f9c6-4c65-a2aa-19c3c0675d1f']",26,,,,,,,,,,,,,,,,,,,Burkina Faso,4921,00:28:26.763,Ball Receipt*,True
,,Incomplete,,,,,,,,,,,,,,,,,,,,,,,,,,,,bab5aebf-a561-4e06-8bb0-bd9ab43e3f9e,899,,"[112.7, 36.4]",3920402,28,,,,,,,,,,,,,,,,,,,,,,,,,1,From Goal Kick,Mohamed Konaté,43920.0,Center Forward,41,Algeria,4898,['4378ac58-25ea-4a29-9929-25e402416719'],37,,,,,,,,,,,,,,,,,,,Burkina Faso,4921,00:28:37.892,Ball Receipt*,
,,,,,,,,,,,,,,,,,,,,,,,,,,,,,,03397b8a-33c1-421e-94c6-95d65cf9590c,901,,"[20.3, 51.4]",3920402,29,,,,,,,,,,,,,,,,,,,,,,,,,1,From Goal Kick,Aïssa Mandi,6648.0,Right Center Back,42,Algeria,4898,['81261ea1-baf3-460e-872c-b7e701aac6a9'],29,,,,,,,,,,,,,,,,,,,Algeria,4898,00:29:29.850,Ball Receipt*,
,,,,,,,,,,,,,,,,,,,,,,,,,,,,,,da549c91-b585-4ca1-b252-eb6aa479d0ef,904,,"[36.7, 24.7]",3920402,29,,,,,,,,,,,,,,,,,,,,,,,,,1,From Goal Kick,Ramy Bensebaini,3191.0,Left Center Back,42,Algeria,4898,['82788ee5-2bd7-451a-bd02-70cde7b1d904'],38,,,,,,,,,,,,,,,,,,,Algeria,4898,00:29:38.564,Ball Receipt*,
,,,,,,,,,,,,,,,,,,,,,,,,,,,,,,f919e011-5d82-4017-9b5d-931c314947bb,907,,"[40.2, 51.4]",3920402,29,,,,,,,,,,,,,,,,,,,,,,,,,1,From Goal Kick,Aïssa Mandi,6648.0,Right Center Back,42,Algeria,4898,['eb63d036-d795-4c94-8be8-affaf107b098'],42,,,,,,,,,,,,,,,,,,,Algeria,4898,00:29:42.760,Ball Receipt*,
,,,,,,,,,,,,,,,,,,,,,,,,,,,,,,f665d354-006c-42cf-aeb5-6a50f694ba73,910,,"[100.9, 9.7]",3920402,29,,,,,,,,,,,,,,,,,,,,,,,,,1,From Goal Kick,Mohamed Youcef Belaïli,103464.0,Left Wing,42,Algeria,4898,['92052ecb-87d6-48fa-a47a-b7197eb43477'],49,,,,,,,,,,,,,,,,,,,Algeria,4898,00:29:49.389,Ball Receipt*,
,,Incomplete,,,,,,,,,,,,,,,,,,,,,,,,,,,,917cf873-f5e0-4067-87d0-8195c2441f58,913,,"[110.0, 39.8]",3920402,29,,,,,,,,,,,,,,,,,,,,,,,,,1,From Goal Kick,Baghdad Bounedjah,103465.0,Center Forward,42,Algeria,4898,['1e234857-5687-4e3e-89f8-37c445fd21b5'],52,,,,,,,,,,,,,,,,,,,Algeria,4898,00:29:52.082,Ball Receipt*,
,,,,,,,,,,,,,,,,,,,,,,,,,,,,,,d09e7587-7084-466c-b96f-f0be59fc4875,919,,"[92.3, 13.7]",3920402,29,,,,,,,,,,,,,,,,,,,,,,,,,1,From Goal Kick,Mohamed Youcef Belaïli,103464.0,Left Wing,42,Algeria,4898,['f2fc9258-d69e-47e6-90f7-c6c32411b553'],57,,,,,,,,,,,,,,,,,,,Algeria,4898,00:29:57.073,Ball Receipt*,
,,Incomplete,,,,,,,,,,,,,,,,,,,,,,,,,,,,87582dfd-b10d-45bd-84a5-6ec8294d278a,922,,"[114.7, 60.9]",3920402,30,,,,,,,,,,,,,,,,,,,,,,,,,1,From Goal Kick,Riyad Mahrez,3814.0,Right Wing,42,Algeria,4898,['00561a67-7398-41e1-ae92-cfa423b13afa'],2,,,,,,,,,,,,,,,,,,,Algeria,4898,00:30:02.643,Ball Receipt*,
,,,,,,,,,,,,,,,,,,,,,,,,,,,,,,3a19d875-0716-4863-bd69-255400051b25,924,,"[77.2, 2.6]",3920402,30,,,,,,,,,,,,,,,,,,,,,,,,,1,From Goal Kick,Abdoul Fessal Tapsoba,43705.0,Left Wing,43,Burkina Faso,4921,['06378579-7649-473b-a77f-741e9f676847'],32,,,,,,,,,,,,,,,,,,,Burkina Faso,4921,00:30:32.640,Ball Receipt*,
,,Incomplete,,,,,,,,,,,,,,,,,,,,,,,,,,,,eb12670a-9e98-4d80-a190-7bb7ab5c0a0a,927,,"[85.0, 2.9]",3920402,30,,,,,,,,,,,,,,,,,,,,,,,,,1,From Goal Kick,Mohamed Konaté,43920.0,Center Forward,43,Burkina Faso,4921,['04108572-ebe4-4db0-82bf-9570a03b6efe'],34,,,,,,,,,,,,,,,,,,,Burkina Faso,4921,00:30:34.069,Ball Receipt*,
,,,,,,,,,,,,,,,,,,,,,,,,,,,,,,9686e5a9-6365-4a6f-b048-f069d2c24de3,929,,"[40.6, 73.7]",3920402,30,,,,,,,,,,,,,,,,,,,,,,,,,1,From Counter,Nabil Bentaleb,8520.0,Right Defensive Midfield,44,Algeria,4898,['05a91749-b245-4b3c-809d-1c75d850b19e'],35,,,,,,,,,,,,,,,,,,,Algeria,4898,00:30:35.870,Ball Receipt*,
,,,,,,,,,,,,,,,,,,,,,,,,,,,,,,b0b71f9c-b356-4168-baaf-aac036ec9b87,932,,"[44.3, 73.7]",3920402,30,,,,,,,,,,,,,,,,,,,,,,,,,1,From Counter,Riyad Mahrez,3814.0,Right Wing,44,Algeria,4898,['f944e8d1-000d-4f64-9831-1c79f0648a29'],36,,,,,,,,,,,,,,,,,,,Algeria,4898,00:30:36.323,Ball Receipt*,
,,,,,,,,,,,,,,,,,,,,,,,,,,,,,,092ca0dd-e227-4ff8-ba33-e03f27a02b8e,935,,"[52.4, 63.6]",3920402,30,,,,,,,,,,,,,,,,,,,,,,,,,1,From Counter,Baghdad Bounedjah,103465.0,Center Forward,44,Algeria,4898,['72636f38-a572-43c0-850b-f15ea5dad10e'],37,,,,,,,,,,,,,,,,,,,Algeria,4898,00:30:37.377,Ball Receipt*,
,,Incomplete,,,,,,,,,,,,,,,,,,,,,,,,,,,,8a815cb7-67dd-4bad-b47b-365f85e64a52,939,,"[68.1, 72.5]",3920402,30,,,,,,,,,,,,,,,,,,,,,,,,,1,Regular Play,Sofiane Feghouli,18724.0,Center Attacking Midfield,44,Algeria,4898,['87f92b76-21ab-4b3a-896a-dc8c899cbd13'],40,,,,,,,,,,,,,,,,,,,Algeria,4898,00:30:40.372,Ball Receipt*,
,,,,,,,,,,,,,,,,,,,,,,,,,,,,,,34baa5d1-0e94-4851-8fc4-f3ee320f38ba,944,,"[30.3, 20.0]",3920402,30,,,,,,,,,,,,,,,,,,,,,,,,,1,Regular Play,Issoufou Dayo,102800.0,Right Center Back,45,Burkina Faso,4921,['04132d3f-66f3-44a5-9ae7-8f9c1cafe422'],44,,,,,,,,,,,,,,,,,,,Burkina Faso,4921,00:30:44.568,Ball Receipt*,
,,,,,,,,,,,,,,,,,,,,,,,,,,,,,,ea6be0cd-28e1-483a-8332-17051c5ee7b5,947,,"[35.5, 35.0]",3920402,30,,,,,,,,,,,,,,,,,,,,,,,,,1,Regular Play,Adamo Nagalo,99280.0,Right Back,45,Burkina Faso,4921,['fdd499c4-63d8-424d-b9fa-0a5e5aa6e6ca'],46,,,,,,,,,,,,,,,,,,,Burkina Faso,4921,00:30:46.799,Ball Receipt*,
,,,,,,,,,,,,,,,,,,,,,,,,,,,,,,883bc765-fe33-4b4d-86ed-1ac162f2bf2a,950,,"[55.0, 50.5]",3920402,30,,,,,,,,,,,,,,,,,,,,,,,,,1,Regular Play,Adama Guira,24411.0,Right Defensive Midfield,45,Burkina Faso,4921,['14d0a927-4539-4a03-a443-c30ab7e8e972'],55,,,,,,,,,,,,,,,,,,,Burkina Faso,4921,00:30:55.727,Ball Receipt*,
,,,,,,,,,,,,,,,,,,,,,,,,,,,,,,b429a679-f875-4ac0-84b7-539db46152b5,953,,"[51.0, 50.5]",3920402,31,,,,,,,,,,,,,,,,,,,,,,,,,1,Regular Play,Adamo Nagalo,99280.0,Right Back,45,Burkina Faso,4921,['7b6fb8e6-4291-4d51-9f28-cebc6e45f187'],5,,,,,,,,,,,,,,,,,,,Burkina Faso,4921,00:31:05.507,Ball Receipt*,
,,,,,,,,,,,,,,,,,,,,,,,,,,,,,,eba8290f-5ccd-4a41-bee0-7155118e2ae6,956,,"[48.3, 32.0]",3920402,31,,,,,,,,,,,,,,,,,,,,,,,,,1,Regular Play,Issoufou Dayo,102800.0,Right Center Back,45,Burkina Faso,4921,['8e78471f-866b-400f-8b27-3e4c15422021'],11,,,,,,,,,,,,,,,,,,,Burkina Faso,4921,00:31:11.909,Ball Receipt*,
,,,,,,,,,,,,,,,,,,,,,,,,,,,,,,bab3c757-8423-4c1e-93be-c0be6a38f5f2,959,,"[56.0, 22.1]",3920402,31,,,,,,,,,,,,,,,,,,,,,,,,,1,Regular Play,Edmond Fayçal Tapsoba,30606.0,Left Center Back,45,Burkina Faso,4921,['05e9807d-e350-46c3-9327-aeee3e9e0a41'],14,,,,,,,,,,,,,,,,,,,Burkina Faso,4921,00:31:14.309,Ball Receipt*,
,,,,,,,,,,,,,,,,,,,,,,,,,,,,,,6a46c6f2-3794-49ad-aa6a-8b0f339a9210,962,,"[59.2, 57.4]",3920402,31,,,,,,,,,,,,,,,,,,,,,,,,,1,Regular Play,Adamo Nagalo,99280.0,Right Back,45,Burkina Faso,4921,['de87a011-2fcb-4cd4-b5fa-033d573c2d84'],22,,,,,,,,,,,,,,,,,,,Burkina Faso,4921,00:31:22.469,Ball Receipt*,
,,Incomplete,,,,,,,,,,,,,,,,,,,,,,,,,,,,ebe5091d-2788-4c76-8efc-99c2a336827f,965,,"[72.9, 44.5]",3920402,31,,,,,,,,,,,,,,,,,,,,,,,,,1,Regular Play,Abdoul Fessal Tapsoba,43705.0,Left Wing,45,Burkina Faso,4921,['8a1a4691-f8a7-4d69-bc36-0a865e28ccb0'],24,,,,,,,,,,,,,,,,,,,Burkina Faso,4921,00:31:24.077,Ball Receipt*,
,,,,,,,,,,,,,,,,,,,,,,,,,,,,,,0e1b8603-5bc9-446d-89c7-5dd223783bb9,977,,"[116.9, 22.3]",3920402,32,,,,,,,,,,,,,,,,,,,,,,,,,1,From Free Kick,Issoufou Dayo,102800.0,Right Center Back,46,Burkina Faso,4921,['583a709d-6dd2-464d-855e-0ddad67c4300'],27,,,,,,,,,,,,,,,,,,,Burkina Faso,4921,00:32:27.398,Ball Receipt*,
,,Incomplete,,,,,,,,,,,,,,,,,,,,,,,,,,,,e0459a73-48e3-4a59-88ac-dee905380f00,980,,"[108.9, 38.6]",3920402,32,,,,,,,,,,,,,,,,,,,,,,,,,1,From Free Kick,Abdoul Fessal Tapsoba,43705.0,Left Wing,46,Burkina Faso,4921,['5a23b961-6ed1-4e13-a04a-1689bab4f852'],29,,,,,,,,,,,,,,,,,,,Burkina Faso,4921,00:32:29.212,Ball Receipt*,
,,,,,,,,,,,,,,,,,,,,,,,,,,,,,,e67008d4-3090-44ef-b021-894c484f74d4,985,,"[41.4, 3.5]",3920402,32,,,,,,,,,,,,,,,,,,,,,,,,,1,From Throw In,Mohamed Youcef Belaïli,103464.0,Left Wing,47,Algeria,4898,"['bc136c9f-3eb5-41cc-ab0a-8bbd7184ad50', '5c231882-2022-47ad-af14-af5b1ee96090']",57,,,,,,,,,,,,,,,,,,,Algeria,4898,00:32:57.514,Ball Receipt*,True
,,,,,,,,,,,,,,,,,,,,,,,,,,,,,,120cf85f-6c72-4514-b8ba-9112d1976a49,987,,"[41.5, 35.9]",3920402,32,,,,,,,,,,,,,,,,,,,,,,,,,1,From Throw In,Sofiane Feghouli,18724.0,Center Attacking Midfield,47,Algeria,4898,['8bd559a3-6e53-42b9-9c0b-6b69ef235262'],59,,,,,,,,,,,,,,,,,,,Algeria,4898,00:32:59.712,Ball Receipt*,
,,,,,,,,,,,,,,,,,,,,,,,,,,,,,,c501c83a-8093-4b98-9eb8-81ac0fe2fe67,991,,"[28.6, 55.8]",3920402,33,,,,,,,,,,,,,,,,,,,,,,,,,1,From Throw In,Youcef Atal,10040.0,Right Back,47,Algeria,4898,['ab2ae6ba-b0c8-466a-95f6-c160ef93adda'],1,,,,,,,,,,,,,,,,,,,Algeria,4898,00:33:01.462,Ball Receipt*,
,,,,,,,,,,,,,,,,,,,,,,,,,,,,,,ea3d1d72-faa3-49b3-951b-ccb3fe256e0e,994,,"[45.8, 74.8]",3920402,33,,,,,,,,,,,,,,,,,,,,,,,,,1,From Throw In,Riyad Mahrez,3814.0,Right Wing,47,Algeria,4898,['a8d366b8-af88-4371-86dd-60f9670a1bef'],4,,,,,,,,,,,,,,,,,,,Algeria,4898,00:33:04.126,Ball Receipt*,
,,,,,,,,,,,,,,,,,,,,,,,,,,,,,,cc239e76-b8ba-44cf-8141-796a6d4c47ba,998,,"[33.8, 70.4]",3920402,33,,,,,,,,,,,,,,,,,,,,,,,,,1,From Throw In,Youcef Atal,10040.0,Right Back,47,Algeria,4898,['49d372ab-2370-4bdd-b7d5-3761121791cf'],5,,,,,,,,,,,,,,,,,,,Algeria,4898,00:33:05.306,Ball Receipt*,
,,,,,,,,,,,,,,,,,,,,,,,,,,,,,,711b6852-8161-4fe8-b57e-24e363351a55,1001,,"[33.8, 28.5]",3920402,33,,,,,,,,,,,,,,,,,,,,,,,,,1,From Throw In,Ramy Bensebaini,3191.0,Left Center Back,47,Algeria,4898,['fb152457-58e4-40a6-a24d-9440a0c5bc64'],10,,,,,,,,,,,,,,,,,,,Algeria,4898,00:33:10.106,Ball Receipt*,
,,,,,,,,,,,,,,,,,,,,,,,,,,,,,,156a1e72-eeba-4247-bf0d-89e00f1f8d85,1005,,"[68.3, 2.5]",3920402,33,,,,,,,,,,,,,,,,,,,,,,,,,1,From Throw In,Rayan Aït Nouri,12111.0,Left Back,47,Algeria,4898,['8e4438f7-2101-44c1-ae1e-a2680a100922'],17,,,,,,,,,,,,,,,,,,,Algeria,4898,00:33:17.836,Ball Receipt*,
,,,,,,,,,,,,,,,,,,,,,,,,,,,,,,e1784eb0-f3a8-4116-a36c-46817d3aebcc,1008,,"[72.2, 15.5]",3920402,33,,,,,,,,,,,,,,,,,,,,,,,,,1,From Throw In,Ramiz Larbi Zerrouki,38345.0,Left Defensive Midfield,47,Algeria,4898,['bf09da60-5711-4638-8800-3d45c5ef6516'],19,,,,,,,,,,,,,,,,,,,Algeria,4898,00:33:19.838,Ball Receipt*,
,,,,,,,,,,,,,,,,,,,,,,,,,,,,,,dab9445e-7137-470f-bfb1-f5b694325633,1013,,"[79.4, 14.0]",3920402,33,,,,,,,,,,,,,,,,,,,,,,,,,1,From Throw In,Mohamed Youcef Belaïli,103464.0,Left Wing,47,Algeria,4898,"['d666df40-b2b4-4f23-94d4-5a2e339f4914', 'b4094250-a22f-40b6-8938-7316268bb3ab']",21,,,,,,,,,,,,,,,,,,,Algeria,4898,00:33:21.155,Ball Receipt*,True
,,,,,,,,,,,,,,,,,,,,,,,,,,,,,,52542cb2-8d3c-4e6d-8479-df7f26b1c848,1016,,"[79.2, 3.9]",3920402,33,,,,,,,,,,,,,,,,,,,,,,,,,1,From Throw In,Ramiz Larbi Zerrouki,38345.0,Left Defensive Midfield,47,Algeria,4898,['90b0f647-ad7d-47c6-89cd-d99a6d5f0280'],22,,,,,,,,,,,,,,,,,,,Algeria,4898,00:33:22.667,Ball Receipt*,
,,,,,,,,,,,,,,,,,,,,,,,,,,,,,,d1e19583-b452-450d-8f67-0a0d63a78ed0,1018,,"[90.2, 18.8]",3920402,33,,,,,,,,,,,,,,,,,,,,,,,,,1,From Throw In,Rayan Aït Nouri,12111.0,Left Back,47,Algeria,4898,['5b19aa84-6df7-4f9f-a84f-0209773fdc26'],23,,,,,,,,,,,,,,,,,,,Algeria,4898,00:33:23.700,Ball Receipt*,
,,,,,,,,,,,,,,,,,,,,,,,,,,,,,,2a52179d-3329-4f5c-9dbf-945369d9698d,1022,,"[91.8, 31.0]",3920402,33,,,,,,,,,,,,,,,,,,,,,,,,,1,From Throw In,Baghdad Bounedjah,103465.0,Center Forward,47,Algeria,4898,['6b5c53c4-59f5-434c-b75b-ac453a326d2e'],25,,,,,,,,,,,,,,,,,,,Algeria,4898,00:33:25.194,Ball Receipt*,
,,Incomplete,,,,,,,,,,,,,,,,,,,,,,,,,,,,9df0d7ac-b9ba-4e4c-9fa1-4759d68fc248,1024,,"[107.4, 22.7]",3920402,33,,,,,,,,,,,,,,,,,,,,,,,,,1,From Throw In,Rayan Aït Nouri,12111.0,Left Back,47,Algeria,4898,['d975afec-ee08-4237-994f-bd7c2a44d5d3'],27,,,,,,,,,,,,,,,,,,,Algeria,4898,00:33:27.280,Ball Receipt*,
,,Incomplete,,,,,,,,,,,,,,,,,,,,,,,,,,,,7369c57d-9dc3-499a-977d-9cbdd339bfd2,1034,,"[79.4, 49.0]",3920402,35,,,,,,,,,,,,,,,,,,,,,,,,,1,From Free Kick,Mohamed Konaté,43920.0,Center Forward,48,Burkina Faso,4921,['e72212d4-e1ba-4c76-a6cd-ee9bbcb1a514'],45,,,,,,,,,,,,,,,,,,,Burkina Faso,4921,00:35:45.314,Ball Receipt*,
,,,,,,,,,,,,,,,,,,,,,,,,,,,,,,127e3bf8-227f-4dcd-a5cc-f782dafcbc8f,1041,,"[35.4, 19.6]",3920402,36,,,,,,,,,,,,,,,,,,,,,,,,,1,From Free Kick,Nabil Bentaleb,8520.0,Right Defensive Midfield,49,Algeria,4898,['cb62340e-7179-4694-9d9f-b4269e31ea39'],8,,,,,,,,,,,,,,,,,,,Algeria,4898,00:36:08.917,Ball Receipt*,
,,,,,,,,,,,,,,,,,,,,,,,,,,,,,,891d35c8-9768-4034-a490-7af2d259279b,1044,,"[11.2, 32.8]",3920402,36,,,,,,,,,,,,,,,,,,,,,,,,,1,From Free Kick,Anthony Louis Mandréa,41381.0,Goalkeeper,49,Algeria,4898,['270d2d4d-097e-489d-ba37-ba903b8df608'],11,,,,,,,,,,,,,,,,,,,Algeria,4898,00:36:11.742,Ball Receipt*,
,,,,,,,,,,,,,,,,,,,,,,,,,,,,,,f3107128-c396-44b4-b536-2ed37d48f4a8,1046,,"[20.8, 50.0]",3920402,36,,,,,,,,,,,,,,,,,,,,,,,,,1,From Free Kick,Aïssa Mandi,6648.0,Right Center Back,49,Algeria,4898,['6272f2c1-1e51-48f2-9e35-5511f529330f'],13,,,,,,,,,,,,,,,,,,,Algeria,4898,00:36:13.742,Ball Receipt*,
,,,,,,,,,,,,,,,,,,,,,,,,,,,,,,ba2f776c-6853-4e6e-ab00-e51ec36de786,1049,,"[66.2, 77.7]",3920402,36,,,,,,,,,,,,,,,,,,,,,,,,,1,From Free Kick,Youcef Atal,10040.0,Right Back,49,Algeria,4898,['c5b3de8c-503a-4f9f-9656-975638e63737'],20,,,,,,,,,,,,,,,,,,,Algeria,4898,00:36:20.737,Ball Receipt*,
,,,,,,,,,,,,,,,,,,,,,,,,,,,,,,f0d7db08-0c92-4585-b38a-75b7b8fff207,1053,,"[46.8, 57.2]",3920402,36,,,,,,,,,,,,,,,,,,,,,,,,,1,From Free Kick,Aïssa Mandi,6648.0,Right Center Back,49,Algeria,4898,['ea11c1c9-895b-4870-b1bb-606251398e1d'],25,,,,,,,,,,,,,,,,,,,Algeria,4898,00:36:25.587,Ball Receipt*,
,,,,,,,,,,,,,,,,,,,,,,,,,,,,,,5b1bac62-6aca-4289-b5e0-373e0b622fcf,1056,,"[61.2, 32.4]",3920402,36,,,,,,,,,,,,,,,,,,,,,,,,,1,From Free Kick,Nabil Bentaleb,8520.0,Right Defensive Midfield,49,Algeria,4898,['e27791ae-f3fd-4065-a10a-8a8a808bddfc'],27,,,,,,,,,,,,,,,,,,,Algeria,4898,00:36:27.833,Ball Receipt*,
,,,,,,,,,,,,,,,,,,,,,,,,,,,,,,de234273-52c3-4e4d-9964-d99ad3010ca1,1060,,"[62.7, 48.5]",3920402,36,,,,,,,,,,,,,,,,,,,,,,,,,1,From Free Kick,Riyad Mahrez,3814.0,Right Wing,49,Algeria,4898,['ee5c5cb2-bbc1-4cc4-963e-85a2b36a9593'],32,,,,,,,,,,,,,,,,,,,Algeria,4898,00:36:32.897,Ball Receipt*,
,,,,,,,,,,,,,,,,,,,,,,,,,,,,,,fa269982-e35d-4509-88e0-5e9a16f50f99,1064,,"[55.6, 50.4]",3920402,36,,,,,,,,,,,,,,,,,,,,,,,,,1,From Free Kick,Aïssa Mandi,6648.0,Right Center Back,49,Algeria,4898,['d34e4e30-2d91-494f-911e-c9081633641e'],35,,,,,,,,,,,,,,,,,,,Algeria,4898,00:36:35.107,Ball Receipt*,
,,,,,,,,,,,,,,,,,,,,,,,,,,,,,,4aa0bd12-4ddb-4d00-850b-c59edee9a8d5,1067,,"[76.4, 78.5]",3920402,36,,,,,,,,,,,,,,,,,,,,,,,,,1,From Free Kick,Youcef Atal,10040.0,Right Back,49,Algeria,4898,['34d37a7f-eb24-4e0d-b605-94ce6f5afa39'],37,,,,,,,,,,,,,,,,,,,Algeria,4898,00:36:37.610,Ball Receipt*,
,,,,,,,,,,,,,,,,,,,,,,,,,,,,,,8f21f705-c2aa-45f5-83e1-88b53e1a5319,1070,,"[99.3, 70.1]",3920402,36,,,,,,,,,,,,,,,,,,,,,,,,,1,From Free Kick,Baghdad Bounedjah,103465.0,Center Forward,49,Algeria,4898,['d760cd5a-c6da-49c5-8969-56d2849817fb'],40,,,,,,,,,,,,,,,,,,,Algeria,4898,00:36:40.490,Ball Receipt*,
,,,,,,,,,,,,,,,,,,,,,,,,,,,,,,a8daf398-5214-475d-8567-8360a29d9b31,1075,,"[35.7, 10.0]",3920402,36,,,,,,,,,,,,,,,,,,,,,,,,,1,From Free Kick,Ibrahim Blati Touré,23999.0,Left Defensive Midfield,50,Burkina Faso,4921,['ed2e3ba1-d72f-4b14-9a06-e8d49682dfa4'],46,,,,,,,,,,,,,,,,,,,Burkina Faso,4921,00:36:46.897,Ball Receipt*,
,,,,,,,,,,,,,,,,,,,,,,,,,,,,,,57cb8b09-9c28-45d0-a7b2-3e08b1f3e104,1077,,"[80.7, 1.4]",3920402,36,,,,,,,,,,,,,,,,,,,,,,,,,1,From Free Kick,Abdoul Fessal Tapsoba,43705.0,Left Wing,50,Burkina Faso,4921,['e2c35c9f-21ea-42dd-84c6-01ba760a49bc'],52,,,,,,,,,,,,,,,,,,,Burkina Faso,4921,00:36:52.317,Ball Receipt*,
,,,,,,,,,,,,,,,,,,,,,,,,,,,,,,ea3effb6-8898-4d5c-8bbd-5471e6490bb4,1080,,"[80.7, 3.7]",3920402,36,,,,,,,,,,,,,,,,,,,,,,,,,1,From Free Kick,Ibrahim Blati Touré,23999.0,Left Defensive Midfield,50,Burkina Faso,4921,['c48b9f37-fb0a-4a6d-8f57-3407d6ea57cd'],55,,,,,,,,,,,,,,,,,,,Burkina Faso,4921,00:36:55.674,Ball Receipt*,
,,,,,,,,,,,,,,,,,,,,,,,,,,,,,,b4c65b4d-abe2-4d9a-a172-59d8c940bf3c,1087,,"[63.4, 37.1]",3920402,37,,,,,,,,,,,,,,,,,,,,,,,,,1,From Free Kick,Gustavo Fabrice Sangaré,45466.0,Center Attacking Midfield,50,Burkina Faso,4921,['4038eaeb-7e50-49c0-822b-bf58e982f156'],3,,,,,,,,,,,,,,,,,,,Burkina Faso,4921,00:37:03.540,Ball Receipt*,
,,,,,,,,,,,,,,,,,,,,,,,,,,,,,,ce6fb9c9-e820-4278-bba3-81fa28c7111f,1090,,"[56.8, 55.1]",3920402,37,,,,,,,,,,,,,,,,,,,,,,,,,1,From Free Kick,Adamo Nagalo,99280.0,Right Back,50,Burkina Faso,4921,['e69a09ec-e837-4e3b-9e31-72300088507b'],6,,,,,,,,,,,,,,,,,,,Burkina Faso,4921,00:37:06.597,Ball Receipt*,
,,,,,,,,,,,,,,,,,,,,,,,,,,,,,,c6963e6e-759a-4df9-8cf9-b89e8d1a1fdf,1093,,"[47.1, 43.1]",3920402,37,,,,,,,,,,,,,,,,,,,,,,,,,1,From Free Kick,Issoufou Dayo,102800.0,Right Center Back,50,Burkina Faso,4921,['a20dbf9d-4379-4076-ac94-9f1b77a93b65'],11,,,,,,,,,,,,,,,,,,,Burkina Faso,4921,00:37:11.892,Ball Receipt*,
,,,,,,,,,,,,,,,,,,,,,,,,,,,,,,96f97476-76dd-4891-b729-95a6b761dba7,1096,,"[61.3, 42.3]",3920402,37,,,,,,,,,,,,,,,,,,,,,,,,,1,From Free Kick,Ibrahim Blati Touré,23999.0,Left Defensive Midfield,50,Burkina Faso,4921,['7814d895-3c80-41a9-b2a6-caa6c66ae079'],14,,,,,,,,,,,,,,,,,,,Burkina Faso,4921,00:37:14.354,Ball Receipt*,
,,,,,,,,,,,,,,,,,,,,,,,,,,,,,,25962da8-8bc4-44be-8239-67051e5430ae,1099,,"[57.8, 52.0]",3920402,37,,,,,,,,,,,,,,,,,,,,,,,,,1,From Free Kick,Gustavo Fabrice Sangaré,45466.0,Center Attacking Midfield,50,Burkina Faso,4921,['711b2ec7-6abc-4999-acd7-bba0059ab1f3'],18,,,,,,,,,,,,,,,,,,,Burkina Faso,4921,00:37:18.383,Ball Receipt*,
,,,,,,,,,,,,,,,,,,,,,,,,,,,,,,f2b2b533-06d0-4f07-8460-8b2628991532,1103,,"[46.0, 17.1]",3920402,37,,,,,,,,,,,,,,,,,,,,,,,,,1,From Free Kick,Edmond Fayçal Tapsoba,30606.0,Left Center Back,50,Burkina Faso,4921,['972ef22b-4acf-451e-9c26-ac1373c0b162'],21,,,,,,,,,,,,,,,,,,,Burkina Faso,4921,00:37:21.287,Ball Receipt*,
,,,,,,,,,,,,,,,,,,,,,,,,,,,,,,149f676c-04b2-4bfb-8e76-0263ecfe3e99,1107,,"[63.0, 38.2]",3920402,37,,,,,,,,,,,,,,,,,,,,,,,,,1,From Free Kick,Ibrahim Blati Touré,23999.0,Left Defensive Midfield,50,Burkina Faso,4921,['e86d7949-1558-429b-8416-80abacb07d5c'],23,,,,,,,,,,,,,,,,,,,Burkina Faso,4921,00:37:23.081,Ball Receipt*,
,,,,,,,,,,,,,,,,,,,,,,,,,,,,,,df7d5657-c384-4c99-87dc-cda1294406bf,1111,,"[55.0, 44.1]",3920402,37,,,,,,,,,,,,,,,,,,,,,,,,,1,From Free Kick,Gustavo Fabrice Sangaré,45466.0,Center Attacking Midfield,50,Burkina Faso,4921,['7fb0ae85-2310-4756-afea-f0a21ca7d75f'],25,,,,,,,,,,,,,,,,,,,Burkina Faso,4921,00:37:25.134,Ball Receipt*,
,,,,,,,,,,,,,,,,,,,,,,,,,,,,,,91020494-dd32-4aee-8680-681b03088879,1114,,"[68.3, 74.7]",3920402,37,,,,,,,,,,,,,,,,,,,,,,,,,1,From Free Kick,Issa Kabore,35471.0,Right Wing,50,Burkina Faso,4921,['2468d23c-8e1a-4529-9b83-9b50e43e51ff'],27,,,,,,,,,,,,,,,,,,,Burkina Faso,4921,00:37:27.873,Ball Receipt*,
,,,,,,,,,,,,,,,,,,,,,,,,,,,,,,34e62065-5270-4d86-8234-cb8a20df4aad,1118,,"[71.6, 61.7]",3920402,37,,,,,,,,,,,,,,,,,,,,,,,,,1,From Free Kick,Gustavo Fabrice Sangaré,45466.0,Center Attacking Midfield,50,Burkina Faso,4921,"['467c7a87-8625-47b0-833a-696e529b4c2b', '9f6a37cf-ee17-42be-99d1-06d6d9e8b008']",29,,,,,,,,,,,,,,,,,,,Burkina Faso,4921,00:37:29.755,Ball Receipt*,True
,,,,,,,,,,,,,,,,,,,,,,,,,,,,,,7f554750-0b94-4d4e-a3b7-4948ecd9e8e9,1125,,"[59.6, 72.7]",3920402,38,,,,,,,,,,,,,,,,,,,,,,,,,1,From Throw In,Ibrahim Blati Touré,23999.0,Left Defensive Midfield,51,Burkina Faso,4921,['98dff63e-cb71-44a2-96a4-0fa08859629e'],14,,,,,,,,,,,,,,,,,,,Burkina Faso,4921,00:38:14.563,Ball Receipt*,
,,,,,,,,,,,,,,,,,,,,,,,,,,,,,,0e739144-201c-471b-8cdf-baee6f8fd0b8,1127,,"[62.0, 78.4]",3920402,38,,,,,,,,,,,,,,,,,,,,,,,,,1,From Throw In,Issa Kabore,35471.0,Right Wing,51,Burkina Faso,4921,['105c0aee-e388-4e33-8544-95be336a4f30'],15,,,,,,,,,,,,,,,,,,,Burkina Faso,4921,00:38:15.275,Ball Receipt*,
,,,,,,,,,,,,,,,,,,,,,,,,,,,,,,69e4bdd2-c680-4cfa-93a4-e4ff83594028,1130,,"[55.0, 74.1]",3920402,38,,,,,,,,,,,,,,,,,,,,,,,,,1,From Throw In,Adamo Nagalo,99280.0,Right Back,51,Burkina Faso,4921,['6ba74032-3709-41d1-b602-174bbc3a9e8c'],16,,,,,,,,,,,,,,,,,,,Burkina Faso,4921,00:38:16.118,Ball Receipt*,
,,,,,,,,,,,,,,,,,,,,,,,,,,,,,,553557fe-8c99-43ed-95df-b2e0dc102365,1132,,"[62.4, 69.8]",3920402,38,,,,,,,,,,,,,,,,,,,,,,,,,1,From Throw In,Ibrahim Blati Touré,23999.0,Left Defensive Midfield,51,Burkina Faso,4921,['7f0a1d27-fbee-4706-b9bf-5291aeca5071'],16,,,,,,,,,,,,,,,,,,,Burkina Faso,4921,00:38:16.796,Ball Receipt*,
,,,,,,,,,,,,,,,,,,,,,,,,,,,,,,1cc7f99e-d0f4-42d7-bd76-eeb827a7ce8d,1135,,"[37.4, 66.4]",3920402,38,,,,,,,,,,,,,,,,,,,,,,,,,1,From Throw In,Issoufou Dayo,102800.0,Right Center Back,51,Burkina Faso,4921,['f7893863-310e-4141-a3bd-ac58aea83447'],19,,,,,,,,,,,,,,,,,,,Burkina Faso,4921,00:38:19.796,Ball Receipt*,
,,,,,,,,,,,,,,,,,,,,,,,,,,,,,,291b677c-b6d8-4b9f-87d5-5d8f65a6a97c,1138,,"[41.9, 34.3]",3920402,38,,,,,,,,,,,,,,,,,,,,,,,,,1,From Throw In,Edmond Fayçal Tapsoba,30606.0,Left Center Back,51,Burkina Faso,4921,['566bd587-7bf8-4320-abee-34199033505d'],22,,,,,,,,,,,,,,,,,,,Burkina Faso,4921,00:38:22.364,Ball Receipt*,
,,Incomplete,,,,,,,,,,,,,,,,,,,,,,,,,,,,6727f68a-4537-43ef-8f9b-03efc95373f5,1142,,"[102.0, 10.9]",3920402,38,,,,,,,,,,,,,,,,,,,,,,,,,1,From Throw In,Abdoul Fessal Tapsoba,43705.0,Left Wing,51,Burkina Faso,4921,['66ce5be7-712d-4d68-bfd0-cbe3102d0cfe'],35,,,,,,,,,,,,,,,,,,,Burkina Faso,4921,00:38:35.051,Ball Receipt*,
,,,,,,,,,,,,,,,,,,,,,,,,,,,,,,51c332ac-b121-46b2-aa10-11ddb9c7a845,1144,,"[12.7, 28.5]",3920402,39,,,,,,,,,,,,,,,,,,,,,,,,,1,From Free Kick,Ramy Bensebaini,3191.0,Left Center Back,52,Algeria,4898,['3ba47873-cde0-44d5-9b90-f284bd95fcdd'],16,,,,,,,,,,,,,,,,,,,Algeria,4898,00:39:16.531,Ball Receipt*,
,,Incomplete,,,,,,,,,,,,,,,,,,,,,,,,,,,,4b57c5f4-95cc-4ca4-a3a3-5002c9ae1042,1146,,"[96.5, 33.4]",3920402,39,,,,,,,,,,,,,,,,,,,,,,,,,1,From Free Kick,Baghdad Bounedjah,103465.0,Center Forward,52,Algeria,4898,['2ae5c967-6352-4ad4-88e3-9c44ecc85b54'],24,,,,,,,,,,,,,,,,,,,Algeria,4898,00:39:24.272,Ball Receipt*,
,,,,,,,,,,,,,,,,,,,,,,,,,,,,,,a0c2904e-0579-4f45-9548-07cfc2be0bf6,1150,,"[21.5, 30.8]",3920402,39,,,,,,,,,,,,,,,,,,,,,,,,,1,Regular Play,Edmond Fayçal Tapsoba,30606.0,Left Center Back,53,Burkina Faso,4921,['b8f42ff1-f5ae-43ce-8a3b-6f300eff7344'],28,,,,,,,,,,,,,,,,,,,Burkina Faso,4921,00:39:28.632,Ball Receipt*,
,,,,,,,,,,,,,,,,,,,,,,,,,,,,,,07f8fdd1-0d2f-493e-934d-155d2c41ba83,1153,,"[60.1, 17.1]",3920402,39,,,,,,,,,,,,,,,,,,,,,,,,,1,Regular Play,Gustavo Fabrice Sangaré,45466.0,Center Attacking Midfield,53,Burkina Faso,4921,['d1aebc18-c9ba-493a-8aa9-1ae404cb6483'],39,,,,,,,,,,,,,,,,,,,Burkina Faso,4921,00:39:39.139,Ball Receipt*,
,,,,,,,,,,,,,,,,,,,,,,,,,,,,,,4b242476-126b-43cf-addc-d533c9d33f7e,1155,,"[42.6, 18.4]",3920402,39,,,,,,,,,,,,,,,,,,,,,,,,,1,Regular Play,Ibrahim Blati Touré,23999.0,Left Defensive Midfield,53,Burkina Faso,4921,['77044f52-69b7-4448-962b-79cf2810058f'],40,,,,,,,,,,,,,,,,,,,Burkina Faso,4921,00:39:40.339,Ball Receipt*,
,,,,,,,,,,,,,,,,,,,,,,,,,,,,,,495682b9-076e-4ef6-845c-dad91df08377,1159,,"[35.5, 40.6]",3920402,39,,,,,,,,,,,,,,,,,,,,,,,,,1,Regular Play,Issoufou Dayo,102800.0,Right Center Back,53,Burkina Faso,4921,['c0301ba6-dad7-4869-b694-ee0110279ff0'],43,,,,,,,,,,,,,,,,,,,Burkina Faso,4921,00:39:43.285,Ball Receipt*,
,,Incomplete,,,,,,,,,,,,,,,,,,,,,,,,,,,,b1112795-0af4-43a2-9329-a611eef77616,1162,,"[98.9, 12.2]",3920402,39,,,,,,,,,,,,,,,,,,,,,,,,,1,Regular Play,Abdoul Fessal Tapsoba,43705.0,Left Wing,53,Burkina Faso,4921,['73a6624f-2281-4075-bbfe-d55db9fa1d28'],49,,,,,,,,,,,,,,,,,,,Burkina Faso,4921,00:39:49.632,Ball Receipt*,
,,,,,,,,,,,,,,,,,,,,,,,,,,,,,,decca729-19c1-453d-9b62-f3e3307fdc6c,1164,,"[30.3, 53.5]",3920402,39,,,,,,,,,,,,,,,,,,,,,,,,,1,Regular Play,Nabil Bentaleb,8520.0,Right Defensive Midfield,54,Algeria,4898,['fe5876a8-1a64-4fc0-b772-36dd83988a63'],51,,,,,,,,,,,,,,,,,,,Algeria,4898,00:39:51.279,Ball Receipt*,
,,,,,,,,,,,,,,,,,,,,,,,,,,,,,,57da10d8-d044-4d9d-92b9-27b9a1f092b2,1168,,"[21.2, 36.0]",3920402,39,,,,,,,,,,,,,,,,,,,,,,,,,1,Regular Play,Ramy Bensebaini,3191.0,Left Center Back,54,Algeria,4898,['e7ac5190-00b7-4df1-a434-14d482543209'],53,,,,,,,,,,,,,,,,,,,Algeria,4898,00:39:53.746,Ball Receipt*,
,,,,,,,,,,,,,,,,,,,,,,,,,,,,,,835287b8-b6f1-458c-a2a8-80112c654ec7,1178,,"[99.0, 13.2]",3920402,40,,,,,,,,,,,,,,,,,,,,,,,,,1,From Throw In,Baghdad Bounedjah,103465.0,Center Forward,55,Algeria,4898,['a6422916-655a-4538-ba13-35598df6db59'],8,,,,,,,,,,,,,,,,,,,Algeria,4898,00:40:08.132,Ball Receipt*,
,,,,,,,,,,,,,,,,,,,,,,,,,,,,,,4bca59ad-e159-4829-8236-799ac879886b,1184,,"[31.0, 50.6]",3920402,40,,,,,,,,,,,,,,,,,,,,,,,,,1,Regular Play,Ibrahim Blati Touré,23999.0,Left Defensive Midfield,56,Burkina Faso,4921,['33bc8966-c311-475d-a2af-ab0644065047'],11,,,,,,,,,,,,,,,,,,,Burkina Faso,4921,00:40:11.550,Ball Receipt*,
,,,,,,,,,,,,,,,,,,,,,,,,,,,,,,bc472121-4ff9-4a83-8cb0-2817237a1755,1187,,"[79.1, 65.2]",3920402,40,,,,,,,,,,,,,,,,,,,,,,,,,1,Regular Play,Ismahila Ouédraogo,106681.0,Right Defensive Midfield,56,Burkina Faso,4921,['f3ffb14e-5fdb-4808-982d-5da4ff0f4010'],22,,,,,,,,,,,,,,,,,,,Burkina Faso,4921,00:40:22.796,Ball Receipt*,
,,,,,,,,,,,,,,,,,,,,,,,,,,,,,,29fff804-cc5c-42f8-a23a-d5713b62d290,1190,,"[96.9, 76.6]",3920402,40,,,,,,,,,,,,,,,,,,,,,,,,,1,Regular Play,Issa Kabore,35471.0,Right Wing,56,Burkina Faso,4921,['3b4fc469-e82b-4cc4-93e7-4796973bca44'],27,,,,,,,,,,,,,,,,,,,Burkina Faso,4921,00:40:27.102,Ball Receipt*,
,,,,,,,,,,,,,,,,,,,,,,,,,,,,,,9e91ee2c-8eb3-4cf4-8ca6-2e1b6444a387,1194,,"[89.9, 69.6]",3920402,40,,,,,,,,,,,,,,,,,,,,,,,,,1,Regular Play,Gustavo Fabrice Sangaré,45466.0,Center Attacking Midfield,56,Burkina Faso,4921,"['bceb3f14-f9cf-459b-85ab-a55073b282aa', '4be9bb89-3353-443f-9fb1-f81941b19ae5']",29,,,,,,,,,,,,,,,,,,,Burkina Faso,4921,00:40:29.095,Ball Receipt*,True
,,,,,,,,,,,,,,,,,,,,,,,,,,,,,,1335cfa2-c78a-4a67-97ba-7c9e2bc4e26e,1196,,"[86.9, 78.7]",3920402,40,,,,,,,,,,,,,,,,,,,,,,,,,1,Regular Play,Issa Kabore,35471.0,Right Wing,56,Burkina Faso,4921,['7687b06c-1e3d-4b00-8d67-94dbc11d2af6'],29,,,,,,,,,,,,,,,,,,,Burkina Faso,4921,00:40:29.807,Ball Receipt*,
,,Incomplete,,,,,,,,,,,,,,,,,,,,,,,,,,,,a2799712-81e0-4afc-9d2f-c2dd7568932f,1199,,"[104.7, 41.0]",3920402,40,,,,,,,,,,,,,,,,,,,,,,,,,1,Regular Play,Mohamed Konaté,43920.0,Center Forward,56,Burkina Faso,4921,['4187da5f-e3d4-4bb2-b806-41abb7965b9a'],36,,,,,,,,,,,,,,,,,,,Burkina Faso,4921,00:40:36.031,Ball Receipt*,
,,,,,,,,,,,,,,,,,,,,,,,,,,,,,,5259f3cf-533b-44f8-9682-4211a2d6d7d5,1202,,"[23.2, 19.4]",3920402,40,,,,,,,,,,,,,,,,,,,,,,,,,1,Regular Play,Ramy Bensebaini,3191.0,Left Center Back,57,Algeria,4898,['a5af50be-f2dc-4cfc-9992-a5fdb627ecd0'],51,,,,,,,,,,,,,,,,,,,Algeria,4898,00:40:51.876,Ball Receipt*,
,,,,,,,,,,,,,,,,,,,,,,,,,,,,,,a58aae92-f979-49fd-a1a3-df04a9ea3c1b,1204,,"[34.8, 8.4]",3920402,40,,,,,,,,,,,,,,,,,,,,,,,,,1,Regular Play,Rayan Aït Nouri,12111.0,Left Back,57,Algeria,4898,['c6757b96-ce71-44fc-a7e4-5bffb808c2cf'],54,,,,,,,,,,,,,,,,,,,Algeria,4898,00:40:54.148,Ball Receipt*,
,,,,,,,,,,,,,,,,,,,,,,,,,,,,,,ab9c0f21-03ac-4fa4-8084-f1378bda5d79,1207,,"[30.3, 50.8]",3920402,40,,,,,,,,,,,,,,,,,,,,,,,,,1,Regular Play,Aïssa Mandi,6648.0,Right Center Back,57,Algeria,4898,['abdb3fe2-a785-4ca0-823a-72e342d44b89'],59,,,,,,,,,,,,,,,,,,,Algeria,4898,00:40:59.926,Ball Receipt*,
,,,,,,,,,,,,,,,,,,,,,,,,,,,,,,3282b8c4-cae8-455c-b148-c00f8b98e856,1210,,"[48.2, 63.4]",3920402,41,,,,,,,,,,,,,,,,,,,,,,,,,1,Regular Play,Sofiane Feghouli,18724.0,Center Attacking Midfield,57,Algeria,4898,['272415ea-546e-4541-ac20-dfb333f952a2'],2,,,,,,,,,,,,,,,,,,,Algeria,4898,00:41:02.540,Ball Receipt*,
,,,,,,,,,,,,,,,,,,,,,,,,,,,,,,77033693-c290-4279-be7e-8732f48c5e0a,1213,,"[70.8, 78.7]",3920402,41,,,,,,,,,,,,,,,,,,,,,,,,,1,Regular Play,Youcef Atal,10040.0,Right Back,57,Algeria,4898,['3a5dd851-980c-44e0-8af7-582e5f619602'],5,,,,,,,,,,,,,,,,,,,Algeria,4898,00:41:05.423,Ball Receipt*,
,,,,,,,,,,,,,,,,,,,,,,,,,,,,,,b74f2710-2c43-47d7-a918-c18705ebcb09,1217,,"[63.1, 73.7]",3920402,41,,,,,,,,,,,,,,,,,,,,,,,,,1,Regular Play,Sofiane Feghouli,18724.0,Center Attacking Midfield,57,Algeria,4898,['29108b1f-7452-489f-ab28-31972bbc6d44'],8,,,,,,,,,,,,,,,,,,,Algeria,4898,00:41:08.263,Ball Receipt*,
,,,,,,,,,,,,,,,,,,,,,,,,,,,,,,81920f6a-6e6a-4865-9467-0bb580222865,1220,,"[56.1, 53.3]",3920402,41,,,,,,,,,,,,,,,,,,,,,,,,,1,Regular Play,Nabil Bentaleb,8520.0,Right Defensive Midfield,57,Algeria,4898,['3576fed7-35ee-42ec-ae80-fa2ae9f9d59c'],11,,,,,,,,,,,,,,,,,,,Algeria,4898,00:41:11.738,Ball Receipt*,
,,,,,,,,,,,,,,,,,,,,,,,,,,,,,,807e17dc-2897-4794-abfd-773a16fe5b6e,1224,,"[48.4, 61.7]",3920402,41,,,,,,,,,,,,,,,,,,,,,,,,,1,Regular Play,Aïssa Mandi,6648.0,Right Center Back,57,Algeria,4898,['cf69db14-254e-498b-a176-e9ef06a6be0d'],14,,,,,,,,,,,,,,,,,,,Algeria,4898,00:41:14.594,Ball Receipt*,
,,,,,,,,,,,,,,,,,,,,,,,,,,,,,,308c046d-3d8f-4221-b882-bc5ebba9be6f,1227,,"[46.6, 22.3]",3920402,41,,,,,,,,,,,,,,,,,,,,,,,,,1,Regular Play,Ramy Bensebaini,3191.0,Left Center Back,57,Algeria,4898,['8bbc2ad9-ba90-4221-a55d-db8fce32ec7c'],17,,,,,,,,,,,,,,,,,,,Algeria,4898,00:41:17.039,Ball Receipt*,
,,,,,,,,,,,,,,,,,,,,,,,,,,,,,,c0ea1e38-c364-48e4-8056-38a7a429e6cf,1230,,"[62.7, 6.2]",3920402,41,,,,,,,,,,,,,,,,,,,,,,,,,1,Regular Play,Rayan Aït Nouri,12111.0,Left Back,57,Algeria,4898,['3c921a25-165d-4aa3-9ac3-e7fc4d051f87'],21,,,,,,,,,,,,,,,,,,,Algeria,4898,00:41:21.804,Ball Receipt*,
,,,,,,,,,,,,,,,,,,,,,,,,,,,,,,d592b56f-605d-4ac6-9589-34f0f4b86d8f,1233,,"[63.5, 26.8]",3920402,41,,,,,,,,,,,,,,,,,,,,,,,,,1,Regular Play,Ramiz Larbi Zerrouki,38345.0,Left Defensive Midfield,57,Algeria,4898,['5c4b5785-763e-4738-bdb0-409352411c51'],23,,,,,,,,,,,,,,,,,,,Algeria,4898,00:41:23.923,Ball Receipt*,
,,,,,,,,,,,,,,,,,,,,,,,,,,,,,,67749047-5155-4c27-adc2-065867bb1cf0,1237,,"[49.3, 24.4]",3920402,41,,,,,,,,,,,,,,,,,,,,,,,,,1,Regular Play,Nabil Bentaleb,8520.0,Right Defensive Midfield,57,Algeria,4898,['6525b51c-d3b6-4e5e-8772-809882134c48'],28,,,,,,,,,,,,,,,,,,,Algeria,4898,00:41:28.616,Ball Receipt*,
,,,,,,,,,,,,,,,,,,,,,,,,,,,,,,18e3d8c2-8ea1-4eef-aa2a-ae0ee4fa8a3d,1240,,"[43.9, 10.7]",3920402,41,,,,,,,,,,,,,,,,,,,,,,,,,1,Regular Play,Ramy Bensebaini,3191.0,Left Center Back,57,Algeria,4898,['e3faf0d4-1b0d-4856-a311-1035d5ff5d7e'],30,,,,,,,,,,,,,,,,,,,Algeria,4898,00:41:30.356,Ball Receipt*,
,,,,,,,,,,,,,,,,,,,,,,,,,,,,,,9a73bdf3-28af-4c6b-ab41-73183ff51cb2,1243,,"[43.1, 51.2]",3920402,41,,,,,,,,,,,,,,,,,,,,,,,,,1,Regular Play,Aïssa Mandi,6648.0,Right Center Back,57,Algeria,4898,['db375aaf-f513-47f5-b77c-2bdd85d71b10'],37,,,,,,,,,,,,,,,,,,,Algeria,4898,00:41:37.898,Ball Receipt*,
,,,,,,,,,,,,,,,,,,,,,,,,,,,,,,a4ac5207-8864-487d-80f0-86f62c3fdd17,1246,,"[54.5, 36.3]",3920402,41,,,,,,,,,,,,,,,,,,,,,,,,,1,Regular Play,Ramiz Larbi Zerrouki,38345.0,Left Defensive Midfield,57,Algeria,4898,['9d653829-5ddc-470f-99cc-fcd28e317b18'],40,,,,,,,,,,,,,,,,,,,Algeria,4898,00:41:40.245,Ball Receipt*,
,,,,,,,,,,,,,,,,,,,,,,,,,,,,,,84bbb5af-75b2-4373-8785-d8656923421d,1249,,"[63.3, 9.1]",3920402,41,,,,,,,,,,,,,,,,,,,,,,,,,1,Regular Play,Nabil Bentaleb,8520.0,Right Defensive Midfield,57,Algeria,4898,['aece2902-7f3f-4d5c-9beb-393cd918e0f8'],42,,,,,,,,,,,,,,,,,,,Algeria,4898,00:41:42.781,Ball Receipt*,
,,,,,,,,,,,,,,,,,,,,,,,,,,,,,,3c700233-91d8-4ae8-8012-c65907b3437e,1253,,"[84.8, 11.8]",3920402,41,,,,,,,,,,,,,,,,,,,,,,,,,1,Regular Play,Mohamed Youcef Belaïli,103464.0,Left Wing,57,Algeria,4898,"['5dbd2f1e-14c4-4cd8-8e17-66879b27c84c', 'c14af6fe-863c-46a0-857e-3e1f24d49945']",46,,,,,,,,,,,,,,,,,,,Algeria,4898,00:41:46.023,Ball Receipt*,True
,,,,,,,,,,,,,,,,,,,,,,,,,,,,,,13d71742-0eba-4acd-bcd7-406afca01da7,1255,,"[84.6, 2.4]",3920402,41,,,,,,,,,,,,,,,,,,,,,,,,,1,Regular Play,Rayan Aït Nouri,12111.0,Left Back,57,Algeria,4898,['744bf394-50c6-4a05-aa5d-2b1bec357ecc'],46,,,,,,,,,,,,,,,,,,,Algeria,4898,00:41:46.904,Ball Receipt*,
,,,,,,,,,,,,,,,,,,,,,,,,,,,,,,2caf15d0-7e94-4cf9-b40c-575cd783dd16,1258,,"[73.2, 7.2]",3920402,41,,,,,,,,,,,,,,,,,,,,,,,,,1,Regular Play,Mohamed Youcef Belaïli,103464.0,Left Wing,57,Algeria,4898,['d36c1a4f-6d67-469b-a1ae-b66074979ec1'],49,,,,,,,,,,,,,,,,,,,Algeria,4898,00:41:49.228,Ball Receipt*,
,,,,,,,,,,,,,,,,,,,,,,,,,,,,,,64907abe-94b4-43e5-b01c-9ac9a465df3d,1261,,"[58.8, 42.6]",3920402,41,,,,,,,,,,,,,,,,,,,,,,,,,1,Regular Play,Aïssa Mandi,6648.0,Right Center Back,57,Algeria,4898,['be8dac51-7103-4e26-a1e4-9ec20880aee8'],52,,,,,,,,,,,,,,,,,,,Algeria,4898,00:41:52.272,Ball Receipt*,
,,,,,,,,,,,,,,,,,,,,,,,,,,,,,,8efb7498-3c60-400e-b1d1-09b9b679875d,1263,,"[65.6, 56.2]",3920402,41,,,,,,,,,,,,,,,,,,,,,,,,,1,Regular Play,Sofiane Feghouli,18724.0,Center Attacking Midfield,57,Algeria,4898,['10dc171a-6c62-4b82-bc41-d180708aee06'],53,,,,,,,,,,,,,,,,,,,Algeria,4898,00:41:53.253,Ball Receipt*,
,,,,,,,,,,,,,,,,,,,,,,,,,,,,,,6cfdc59e-2590-4045-82be-22fab167dd02,1266,,"[83.6, 79.3]",3920402,41,,,,,,,,,,,,,,,,,,,,,,,,,1,Regular Play,Youcef Atal,10040.0,Right Back,57,Algeria,4898,['cfe71a80-d533-4a08-b5e8-ed29c72db08b'],56,,,,,,,,,,,,,,,,,,,Algeria,4898,00:41:56.433,Ball Receipt*,
,,Incomplete,,,,,,,,,,,,,,,,,,,,,,,,,,,,4b32018b-12fd-4bf5-884c-6ba0369a0b36,1271,,"[70.0, 19.6]",3920402,42,,,,,,,,,,,,,,,,,,,,,,,,,1,From Goal Kick,Ibrahim Blati Touré,23999.0,Left Defensive Midfield,58,Burkina Faso,4921,['cfa3e986-d829-40b6-9c49-70c15b001949'],41,,,,,,,,,,,,,,,,,,,Burkina Faso,4921,00:42:41.508,Ball Receipt*,
,,Incomplete,,,,,,,,,,,,,,,,,,,,,,,,,,,,410165e7-5f19-4a2a-a78b-e39b09dd4bb9,1273,,"[62.5, 56.2]",3920402,42,,,,,,,,,,,,,,,,,,,,,,,,,1,From Goal Kick,Baghdad Bounedjah,103465.0,Center Forward,58,Burkina Faso,4921,['a1ae3b86-cf80-4786-b190-486254621ca7'],42,,,,,,,,,,,,,,,,,,,Algeria,4898,00:42:42.332,Ball Receipt*,
,,,,,,,,,,,,,,,,,,,,,,,,,,,,,,29e70c56-a622-46d6-a30a-1237aea42501,1278,,"[71.6, 41.0]",3920402,42,,,,,,,,,,,,,,,,,,,,,,,,,1,From Goal Kick,Issa Kabore,35471.0,Right Wing,58,Burkina Faso,4921,['70f361ca-b5ab-4786-9c3c-c745fd3bca9c'],45,,,,,,,,,,,,,,,,,,,Burkina Faso,4921,00:42:45.549,Ball Receipt*,
,,,,,,,,,,,,,,,,,,,,,,,,,,,,,,a3614f60-0735-4fc9-bc29-c3a6f122f192,1282,,"[77.9, 39.6]",3920402,42,,,,,,,,,,,,,,,,,,,,,,,,,1,From Goal Kick,Gustavo Fabrice Sangaré,45466.0,Center Attacking Midfield,58,Burkina Faso,4921,['a3aa8d45-5210-45c3-ac03-b4201d2aafa0'],46,,,,,,,,,,,,,,,,,,,Burkina Faso,4921,00:42:46.444,Ball Receipt*,
,,,,,,,,,,,,,,,,,,,,,,,,,,,,,,e3564cf3-b9fd-42ef-9a63-99929682ff3e,1286,,"[90.6, 41.8]",3920402,42,,,,,,,,,,,,,,,,,,,,,,,,,1,From Goal Kick,Mohamed Konaté,43920.0,Center Forward,58,Burkina Faso,4921,"['0ef40e22-a102-4140-8dbe-f01f73fef8f5', 'f3013a02-808a-4c21-a9ea-27bcf18d4d3a']",47,,,,,,,,,,,,,,,,,,,Burkina Faso,4921,00:42:47.964,Ball Receipt*,True
,,,,,,,,,,,,,,,,,,,,,,,,,,,,,,8d525eab-a6be-400d-9fbb-7c0af204cea7,1290,,"[31.1, 51.6]",3920402,42,,,,,,,,,,,,,,,,,,,,,,,,,1,Regular Play,Nabil Bentaleb,8520.0,Right Defensive Midfield,59,Algeria,4898,['d6d36c9e-11a2-47e5-b0ca-d406e575ae24'],51,,,,,,,,,,,,,,,,,,,Algeria,4898,00:42:51.001,Ball Receipt*,
,,,,,,,,,,,,,,,,,,,,,,,,,,,,,,52643d98-bc86-4b76-b4fb-fa16ab9975eb,1294,,"[51.4, 11.8]",3920402,42,,,,,,,,,,,,,,,,,,,,,,,,,1,Regular Play,Rayan Aït Nouri,12111.0,Left Back,59,Algeria,4898,['092ee83b-78b6-4785-8c91-7a7ac5c4f112'],57,,,,,,,,,,,,,,,,,,,Algeria,4898,00:42:57.527,Ball Receipt*,
,,,,,,,,,,,,,,,,,,,,,,,,,,,,,,3dc9e124-2fbf-4414-b596-889ff2dbc278,1297,,"[78.8, 2.1]",3920402,43,,,,,,,,,,,,,,,,,,,,,,,,,1,Regular Play,Mohamed Youcef Belaïli,103464.0,Left Wing,59,Algeria,4898,['1da7c764-5b18-4300-b3ef-a0f813f954e8'],1,,,,,,,,,,,,,,,,,,,Algeria,4898,00:43:01.090,Ball Receipt*,
,,,,,,,,,,,,,,,,,,,,,,,,,,,,,,564f0b8d-7334-474a-8aa5-64091c059cdd,1300,,"[73.4, 70.4]",3920402,43,,,,,,,,,,,,,,,,,,,,,,,,,1,Regular Play,Riyad Mahrez,3814.0,Right Wing,59,Algeria,4898,['927e6ba7-b7bb-40bf-b2d2-f2c3e5cef765'],7,,,,,,,,,,,,,,,,,,,Algeria,4898,00:43:07.673,Ball Receipt*,
,,,,,,,,,,,,,,,,,,,,,,,,,,,,,,116d115a-821c-4dc9-8029-1d75b1bca21c,1303,,"[81.7, 32.0]",3920402,43,,,,,,,,,,,,,,,,,,,,,,,,,1,Regular Play,Nabil Bentaleb,8520.0,Right Defensive Midfield,59,Algeria,4898,['3ab5b5f8-ee0e-4f61-9fc5-afc1572ceee2'],15,,,,,,,,,,,,,,,,,,,Algeria,4898,00:43:15.292,Ball Receipt*,
,,Incomplete,,,,,,,,,,,,,,,,,,,,,,,,,,,,642589c3-bc21-4ff8-a890-7cb14a288ba3,1306,,"[108.6, 51.6]",3920402,43,,,,,,,,,,,,,,,,,,,,,,,,,1,Regular Play,Sofiane Feghouli,18724.0,Center Attacking Midfield,59,Algeria,4898,['2dac0a95-57e5-4082-b929-48b035c649ce'],18,,,,,,,,,,,,,,,,,,,Algeria,4898,00:43:18.180,Ball Receipt*,
,,Incomplete,,,,,,,,,,,,,,,,,,,,,,,,,,,,79a81b39-a8f5-4179-ba75-fc4073e5ebfa,1309,,"[27.8, 30.7]",3920402,43,,,,,,,,,,,,,,,,,,,,,,,,,1,Regular Play,Ibrahim Blati Touré,23999.0,Left Defensive Midfield,59,Algeria,4898,['380dd2a0-1fe0-4474-8657-5f6a3253074e'],19,,,,,,,,,,,,,,,,,,,Burkina Faso,4921,00:43:19.834,Ball Receipt*,
,,Incomplete,,,,,,,,,,,,,,,,,,,,,,,,,,,,7815b7e1-6127-44e2-9ed2-b32951e778a3,1318,,"[101.3, 51.0]",3920402,43,,,,,,,,,,,,,,,,,,,,,,,,,1,Regular Play,Riyad Mahrez,3814.0,Right Wing,59,Algeria,4898,['8b862a3e-0043-4ddd-b58e-38de76942147'],22,,,,,,,,,,,,,,,,,,,Algeria,4898,00:43:22.199,Ball Receipt*,
,,,,,,,,,,,,,,,,,,,,,,,,,,,,,,eb697ce4-cc72-4f4a-9c6e-0b2c9c3b840a,1331,,"[28.0, 79.1]",3920402,44,,,,,,,,,,,,,,,,,,,,,,,,,1,From Throw In,Aïssa Mandi,6648.0,Right Center Back,61,Algeria,4898,"['817ec072-0a5f-4402-88ec-168c63f97e6b', 'f767a5fb-ac4f-414b-bbec-55e939dd8b6a']",24,,,,,,,,,,,,,,,,,,,Algeria,4898,00:44:24.982,Ball Receipt*,True
,,,,,,,,,,,,,,,,,,,,,,,,,,,,,,090a5783-890c-467f-98e3-2bb414bf9b72,1333,,"[35.5, 78.9]",3920402,44,,,,,,,,,,,,,,,,,,,,,,,,,1,From Throw In,Youcef Atal,10040.0,Right Back,61,Algeria,4898,['19446b2f-40c7-4542-8497-986afe23bae7'],25,,,,,,,,,,,,,,,,,,,Algeria,4898,00:44:25.704,Ball Receipt*,
,,,,,,,,,,,,,,,,,,,,,,,,,,,,,,c87128e1-557c-49b4-a301-af70867cbc31,1339,,"[31.9, 54.3]",3920402,44,,,,,,,,,,,,,,,,,,,,,,,,,1,From Free Kick,Ramy Bensebaini,3191.0,Left Center Back,62,Algeria,4898,['be14e455-03b0-41e0-ba98-0111315a3f85'],34,,,,,,,,,,,,,,,,,,,Algeria,4898,00:44:34.670,Ball Receipt*,
,,,,,,,,,,,,,,,,,,,,,,,,,,,,,,9b01ff62-81c0-4f19-a427-d09e9e7b40ad,1342,,"[54.0, 20.5]",3920402,44,,,,,,,,,,,,,,,,,,,,,,,,,1,From Free Kick,Rayan Aït Nouri,12111.0,Left Back,62,Algeria,4898,['a725842b-d140-47b2-83dd-608778244a84'],38,,,,,,,,,,,,,,,,,,,Algeria,4898,00:44:38.040,Ball Receipt*,
,,,,,,,,,,,,,,,,,,,,,,,,,,,,,,775d2ab2-994e-43f3-a0cf-2ec4cb9426be,1345,,"[40.4, 34.9]",3920402,44,,,,,,,,,,,,,,,,,,,,,,,,,1,From Free Kick,Ramy Bensebaini,3191.0,Left Center Back,62,Algeria,4898,['1bbf5640-b584-4506-bceb-97d16a567172'],42,,,,,,,,,,,,,,,,,,,Algeria,4898,00:44:42.001,Ball Receipt*,
,,,,,,,,,,,,,,,,,,,,,,,,,,,,,,0e5e73f3-cb4d-4410-bac4-9512441bf358,1348,,"[41.9, 52.2]",3920402,44,,,,,,,,,,,,,,,,,,,,,,,,,1,From Free Kick,Aïssa Mandi,6648.0,Right Center Back,62,Algeria,4898,['8262b7fe-8f0b-42a0-8de6-a61be116abb3'],44,,,,,,,,,,,,,,,,,,,Algeria,4898,00:44:44.916,Ball Receipt*,
,,,,,,,,,,,,,,,,,,,,,,,,,,,,,,b2a4322b-248f-4c17-aa53-206c6277fab0,1351,,"[50.9, 24.7]",3920402,44,,,,,,,,,,,,,,,,,,,,,,,,,1,From Free Kick,Ramiz Larbi Zerrouki,38345.0,Left Defensive Midfield,62,Algeria,4898,['2bd1879e-bef9-4d7f-90d3-a0ff5b673adb'],47,,,,,,,,,,,,,,,,,,,Algeria,4898,00:44:47.031,Ball Receipt*,
,,,,,,,,,,,,,,,,,,,,,,,,,,,,,,3eb7f271-e935-494f-a04a-1391861074ba,1353,,"[35.9, 23.2]",3920402,44,,,,,,,,,,,,,,,,,,,,,,,,,1,From Free Kick,Ramy Bensebaini,3191.0,Left Center Back,62,Algeria,4898,['8caa65b7-c102-4516-9753-e24c64b651b0'],48,,,,,,,,,,,,,,,,,,,Algeria,4898,00:44:48.830,Ball Receipt*,
,,,,,,,,,,,,,,,,,,,,,,,,,,,,,,6b1e0ab0-4738-4775-bbd7-2353f27883d4,1356,,"[58.2, 5.6]",3920402,44,,,,,,,,,,,,,,,,,,,,,,,,,1,From Free Kick,Rayan Aït Nouri,12111.0,Left Back,62,Algeria,4898,['4a673866-459c-47ca-9cb2-c9e349b2dd72'],54,,,,,,,,,,,,,,,,,,,Algeria,4898,00:44:54.770,Ball Receipt*,
,,,,,,,,,,,,,,,,,,,,,,,,,,,,,,8dc44a81-e4fb-4fdd-8304-a5b60a34628b,1359,,"[38.9, 22.7]",3920402,44,,,,,,,,,,,,,,,,,,,,,,,,,1,From Free Kick,Ramy Bensebaini,3191.0,Left Center Back,62,Algeria,4898,['4df59787-cde0-432b-9f67-abd80fec421d'],57,,,,,,,,,,,,,,,,,,,Algeria,4898,00:44:57.228,Ball Receipt*,
,,,,,,,,,,,,,,,,,,,,,,,,,,,,,,81838a89-2a84-47f3-af1f-bb2c9fb7d9a8,1362,,"[61.9, 4.1]",3920402,45,,,,,,,,,,,,,,,,,,,,,,,,,1,From Free Kick,Rayan Aït Nouri,12111.0,Left Back,62,Algeria,4898,['90600649-1d2a-4867-a28b-1d7b915758b1'],5,,,,,,,,,,,,,,,,,,,Algeria,4898,00:45:05.293,Ball Receipt*,
,,,,,,,,,,,,,,,,,,,,,,,,,,,,,,d5647939-346c-45e8-9f71-3d9e564a9d08,1366,,"[39.3, 11.6]",3920402,45,,,,,,,,,,,,,,,,,,,,,,,,,1,From Free Kick,Ramy Bensebaini,3191.0,Left Center Back,62,Algeria,4898,['d813f2f1-abbd-46c7-9712-55771bc4a6d0'],7,,,,,,,,,,,,,,,,,,,Algeria,4898,00:45:07.919,Ball Receipt*,
,,,,,,,,,,,,,,,,,,,,,,,,,,,,,,c4b7202c-5afd-4bb2-8a23-d078c669cbec,1368,,"[37.9, 50.4]",3920402,45,,,,,,,,,,,,,,,,,,,,,,,,,1,From Free Kick,Aïssa Mandi,6648.0,Right Center Back,62,Algeria,4898,['4b7c4b87-22c3-4bfc-ba51-2ec0a26b5842'],12,,,,,,,,,,,,,,,,,,,Algeria,4898,00:45:12.018,Ball Receipt*,
,,Incomplete,,,,,,,,,,,,,,,,,,,,,,,,,,,,bd585af9-53a3-470a-aa7e-27823f857b82,1370,,"[83.5, 3.9]",3920402,45,,,,,,,,,,,,,,,,,,,,,,,,,1,From Free Kick,Ramiz Larbi Zerrouki,38345.0,Left Defensive Midfield,62,Algeria,4898,['267ffa61-8684-4cb0-a275-3bcf7bbba499'],16,,,,,,,,,,,,,,,,,,,Algeria,4898,00:45:16.050,Ball Receipt*,
,,Incomplete,,,,,,,,,,,,,,,,,,,,,,,,,,,,94dc99dd-de8c-4808-981b-fa64f115604a,1372,,"[85.9, 74.7]",3920402,45,,,,,,,,,,,,,,,,,,,,,,,,,1,From Throw In,Mohamed Konaté,43920.0,Center Forward,63,Burkina Faso,4921,['f57837ea-5334-45d4-aeb5-6c483bef7a23'],43,,,,,,,,,,,,,,,,,,,Burkina Faso,4921,00:45:43.839,Ball Receipt*,
,,,,,,,,,,,,,,,,,,,,,,,,,,,,,,03c6e4da-ca0d-4362-b898-30a960bb5d26,1376,,"[33.4, 45.1]",3920402,45,,,,,,,,,,,,,,,,,,,,,,,,,1,From Free Kick,Aïssa Mandi,6648.0,Right Center Back,64,Algeria,4898,['531701c7-8b09-4ead-8e6c-c8349e158020'],58,,,,,,,,,,,,,,,,,,,Algeria,4898,00:45:58.475,Ball Receipt*,
,,Incomplete,,,,,,,,,,,,,,,,,,,,,,,,,,,,9c23d2a4-b05f-46a2-9670-cfc6826e57b3,1379,,"[94.5, 1.0]",3920402,46,,,,,,,,,,,,,,,,,,,,,,,,,1,From Free Kick,Mohamed Youcef Belaïli,103464.0,Left Wing,64,Algeria,4898,['bb572908-5863-4440-81f6-788f7fa8ec02'],4,,,,,,,,,,,,,,,,,,,Algeria,4898,00:46:04.769,Ball Receipt*,
,,Incomplete,,,,,,,,,,,,,,,,,,,,,,,,,,,,e2f685aa-5276-4896-83ae-70ee6ad093a6,1381,,"[56.4, 76.8]",3920402,46,,,,,,,,,,,,,,,,,,,,,,,,,1,From Throw In,Mohamed Konaté,43920.0,Center Forward,65,Burkina Faso,4921,['3302e769-798d-468a-8ca6-53c422575db5'],25,,,,,,,,,,,,,,,,,,,Burkina Faso,4921,00:46:25.273,Ball Receipt*,
,,Incomplete,,,,,,,,,,,,,,,,,,,,,,,,,,,,5b996a3d-b79b-42e6-97c9-edcc55911556,1384,,"[97.5, 76.0]",3920402,46,,,,,,,,,,,,,,,,,,,,,,,,,1,From Throw In,Issoufou Dayo,102800.0,Right Center Back,66,Burkina Faso,4921,['1ec1111c-1202-4266-8ba6-f3bbdebfdde2'],54,,,,,,,,,,,,,,,,,,,Burkina Faso,4921,00:46:54.350,Ball Receipt*,
,,,,,,,,,,,,,,,,,,,,,,,,,,,,,,d08abd15-7ff1-4e27-ac88-7747f31c2c7c,1386,,"[30.3, 3.5]",3920402,46,,,,,,,,,,,,,,,,,,,,,,,,,1,From Throw In,Mohamed Youcef Belaïli,103464.0,Left Wing,66,Burkina Faso,4921,['31303a50-f06e-4fc2-967f-a37144d4452e'],55,,,,,,,,,,,,,,,,,,,Algeria,4898,00:46:55.176,Ball Receipt*,
,,Incomplete,,,,,,,,,,,,,,,,,,,,,,,,,,,,78e0db49-18e2-422b-9391-f274796ce12e,1389,,"[45.8, 38.0]",3920402,46,,,,,,,,,,,,,,,,,,,,,,,,,1,From Throw In,Baghdad Bounedjah,103465.0,Center Forward,66,Burkina Faso,4921,['f859a661-caa8-486d-ba6c-41def82ac749'],59,,,,,,,,,,,,,,,,,,,Algeria,4898,00:46:59.180,Ball Receipt*,
,,,,,,,,,,,,,,,,,,,,,,,,,,,,,,56925514-7967-44b8-9d78-14b4babb8f8d,1394,,"[82.8, 4.5]",3920402,47,,,,,,,,,,,,,,,,,,,,,,,,,1,From Throw In,Abdoul Fessal Tapsoba,43705.0,Left Wing,66,Burkina Faso,4921,"['dc669912-fa9c-4401-af55-d918f92543f3', 'd5053c6a-1338-4c55-923a-2556d38b2fa0']",3,,,,,,,,,,,,,,,,,,,Burkina Faso,4921,00:47:03.623,Ball Receipt*,True
,,,,,,,,,,,,,,,,,,,,,,,,,,,,,,b566f83e-2d67-43e6-b647-8ad4399279e5,1397,,"[109.7, 40.6]",3920402,47,,,,,,,,,,,,,,,,,,,,,,,,,1,From Throw In,Mohamed Konaté,43920.0,Center Forward,66,Burkina Faso,4921,['8651eca8-6eab-4258-84fe-2a48455487b3'],7,,,,,,,,,,,,,,,,,,,Burkina Faso,4921,00:47:07.442,Ball Receipt*,
,,,,,,,,,,,,,,,,,,,,,,,,,,,,,,21a8acb6-053e-46a2-83a7-f7ec70003994,1401,,"[37.1, 39.0]",3920402,49,,,,,,,,,,,,,,,,,,,,,,,,,1,From Kick Off,Nabil Bentaleb,8520.0,Right Defensive Midfield,67,Algeria,4898,['76525543-3a00-4516-915d-68d79d0ba331'],54,,,,,,,,,,,,,,,,,,,Algeria,4898,00:49:54.717,Ball Receipt*,
,,,,,,,,,,,,,,,,,,,,,,,,,,,,,,79d3deee-82b9-432c-80e9-ab2359888051,1403,,"[70.8, 79.3]",3920402,50,,,,,,,,,,,,,,,,,,,,,,,,,1,From Kick Off,Riyad Mahrez,3814.0,Right Wing,67,Algeria,4898,['f911a557-6c2f-4b21-8ecc-0501691be644'],1,,,,,,,,,,,,,,,,,,,Algeria,4898,00:50:01.092,Ball Receipt*,
,,,,,,,,,,,,,,,,,,,,,,,,,,,,,,c45ca23a-920c-42ae-ae33-317142310619,1405,,"[66.8, 68.0]",3920402,50,,,,,,,,,,,,,,,,,,,,,,,,,1,From Kick Off,Youcef Atal,10040.0,Right Back,67,Algeria,4898,['6c49bf30-15ed-4dc0-afef-f61f486bb2fc'],6,,,,,,,,,,,,,,,,,,,Algeria,4898,00:50:06.034,Ball Receipt*,
,,,,,,,,,,,,,,,,,,,,,,,,,,,,,,1c21f7cd-c860-4405-9c4a-ec3ecf402455,1408,,"[55.7, 50.0]",3920402,50,,,,,,,,,,,,,,,,,,,,,,,,,1,From Kick Off,Nabil Bentaleb,8520.0,Right Defensive Midfield,67,Algeria,4898,['a0389585-17fb-4fd8-9d95-a67670504807'],8,,,,,,,,,,,,,,,,,,,Algeria,4898,00:50:08.008,Ball Receipt*,
,,,,,,,,,,,,,,,,,,,,,,,,,,,,,,392f55c7-ee2f-4735-a342-a72bbd5684e1,1410,,"[50.1, 60.6]",3920402,50,,,,,,,,,,,,,,,,,,,,,,,,,1,From Kick Off,Aïssa Mandi,6648.0,Right Center Back,67,Algeria,4898,['0bdaed5c-14e0-4e58-91cf-497ec941cdc2'],9,,,,,,,,,,,,,,,,,,,Algeria,4898,00:50:09.618,Ball Receipt*,
,,,,,,,,,,,,,,,,,,,,,,,,,,,,,,5cc3c6fd-e4de-484b-91b1-92cac534b3c1,1413,,"[49.3, 21.3]",3920402,50,,,,,,,,,,,,,,,,,,,,,,,,,1,From Kick Off,Ramy Bensebaini,3191.0,Left Center Back,67,Algeria,4898,['efc8d359-a57e-4166-b189-03c34b27a515'],12,,,,,,,,,,,,,,,,,,,Algeria,4898,00:50:12.843,Ball Receipt*,
,,,,,,,,,,,,,,,,,,,,,,,,,,,,,,9bdc9833-eb61-46f2-8e2f-15be54c46310,1416,,"[92.7, 14.1]",3920402,50,,,,,,,,,,,,,,,,,,,,,,,,,1,From Kick Off,Mohamed Youcef Belaïli,103464.0,Left Wing,67,Algeria,4898,['3e534348-4845-4b65-949c-45ecc2c2439d'],18,,,,,,,,,,,,,,,,,,,Algeria,4898,00:50:18.932,Ball Receipt*,
,,Incomplete,,,,,,,,,,,,,,,,,,,,,,,,,,,,41a7bf68-7dce-4cd7-b970-b91f2b0a54b4,1418,,"[97.6, 24.0]",3920402,50,,,,,,,,,,,,,,,,,,,,,,,,,1,From Kick Off,Sofiane Feghouli,18724.0,Center Attacking Midfield,67,Algeria,4898,['de2519d1-e53c-4698-8ea9-3e22abd83ccc'],20,,,,,,,,,,,,,,,,,,,Algeria,4898,00:50:20.336,Ball Receipt*,
,,,,,,,,,,,,,,,,,,,,,,,,,,,,,,0d7184bb-9215-4b1b-bc30-a4e2d597ddcb,1421,,"[12.3, 53.7]",3920402,50,,,,,,,,,,,,,,,,,,,,,,,,,1,From Kick Off,Issoufou Dayo,102800.0,Right Center Back,67,Algeria,4898,"['eb83d1e0-ff43-42e5-85ab-5dc1fefab9d2', '67201658-0865-422c-9abb-b1f3ea76f7a8']",22,,,,,,,,,,,,,,,,,,,Burkina Faso,4921,00:50:22.032,Ball Receipt*,True
,,,,,,,,,,,,,,,,,,,,,,,,,,,,,,bc5bd856-78a8-4fe8-8e77-3c16e76e64e1,1424,,"[104.4, 6.4]",3920402,50,,,,,,,,,,,,,,,,,,,,,,,,,1,From Corner,Rayan Aït Nouri,12111.0,Left Back,68,Algeria,4898,['5a03e265-74c4-4773-a92e-8eb4885163e4'],39,,,,,,,,,,,,,,,,,,,Algeria,4898,00:50:39.563,Ball Receipt*,
,,,,,,,,,,,,,,,,,,,,,,,,,,,,,,8d5aab3a-e407-4f32-b006-9ca64abf0683,1426,,"[90.6, 48.1]",3920402,50,,,,,,,,,,,,,,,,,,,,,,,,,1,From Corner,Riyad Mahrez,3814.0,Right Wing,68,Algeria,4898,['14b4725b-4396-4c33-b1d8-afd6d61250c2'],43,,,,,,,,,,,,,,,,,,,Algeria,4898,00:50:43.342,Ball Receipt*,
,,,,,,,,,,,,,,,,,,,,,,,,,,,,,,0b7b6d14-f307-48aa-a0c1-33e89b15eb79,1429,,"[105.7, 15.1]",3920402,50,,,,,,,,,,,,,,,,,,,,,,,,,1,From Corner,Rayan Aït Nouri,12111.0,Left Back,68,Algeria,4898,['e6fa0641-04b2-4e38-9f75-c4cd3fd2c7fc'],46,,,,,,,,,,,,,,,,,,,Algeria,4898,00:50:46.587,Ball Receipt*,
,,Incomplete,,,,,,,,,,,,,,,,,,,,,,,,,,,,b019d964-68a8-4c9e-bfc7-b59e209e8613,1434,,"[108.8, 20.9]",3920402,50,,,,,,,,,,,,,,,,,,,,,,,,,1,From Corner,Mohamed Youcef Belaïli,103464.0,Left Wing,68,Algeria,4898,['2229e838-2a41-4e1b-895e-6f9d09db9ec5'],51,,,,,,,,,,,,,,,,,,,Algeria,4898,00:50:51.573,Ball Receipt*,
,,,,,,,,,,,,,,,,,,,,,,,,,,,,,,17f9933f-2a34-41ef-ba84-1df50f79fc3f,1436,,"[23.5, 76.0]",3920402,50,,,,,,,,,,,,,,,,,,,,,,,,,1,Regular Play,Mohamed Konaté,43920.0,Center Forward,69,Burkina Faso,4921,['3a22c43a-379b-4e6c-937c-f5a93c135d27'],54,,,,,,,,,,,,,,,,,,,Burkina Faso,4921,00:50:54.481,Ball Receipt*,
,,Incomplete,,,,,,,,,,,,,,,,,,,,,,,,,,,,ff445a5f-7b04-4df1-a080-8fbda765bc03,1439,,"[75.2, 72.1]",3920402,50,,,,,,,,,,,,,,,,,,,,,,,,,1,Regular Play,Issa Kabore,35471.0,Right Wing,69,Burkina Faso,4921,['ad2f6504-e0b9-4e86-b5ef-f5eb564252e6'],59,,,,,,,,,,,,,,,,,,,Burkina Faso,4921,00:50:59.623,Ball Receipt*,
,,,,,,,,,,,,,,,,,,,,,,,,,,,,,,450eb27f-dd51-49b0-88e8-2a17210a6adb,1448,,"[38.9, 29.2]",3920402,45,,,,,,,,,,,,,,,,,,,,,,,,,2,From Kick Off,Edmond Fayçal Tapsoba,30606.0,Left Center Back,70,Burkina Faso,4921,['da3bb03e-d902-4067-8330-e7f46f852043'],2,,,,,,,,,,,,,,,,,,,Burkina Faso,4921,00:00:02.040,Ball Receipt*,
,,,,,,,,,,,,,,,,,,,,,,,,,,,,,,539583b2-d86f-4297-b589-3cf2f4426f68,1451,,"[76.1, 78.3]",3920402,45,,,,,,,,,,,,,,,,,,,,,,,,,2,From Kick Off,Issa Kabore,35471.0,Right Midfield,70,Burkina Faso,4921,['5d52179f-b006-4f3d-940d-726a77226c65'],6,,,,,,,,,,,,,,,,,,,Burkina Faso,4921,00:00:06.469,Ball Receipt*,
,,,,,,,,,,,,,,,,,,,,,,,,,,,,,,b5bf2e38-a9a5-4af3-9df7-0803eebefcf8,1465,,"[23.6, 48.1]",3920402,45,,,,,,,,,,,,,,,,,,,,,,,,,2,Regular Play,Riyad Mahrez,3814.0,Right Wing,71,Algeria,4898,['9abee1f7-a778-4668-a233-bd95c483e4d5'],17,,,,,,,,,,,,,,,,,,,Algeria,4898,00:00:17.047,Ball Receipt*,
,,,,,,,,,,,,,,,,,,,,,,,,,,,,,,bb56633d-e5ff-4656-aca8-584def0c151f,1470,,"[32.0, 40.6]",3920402,45,,,,,,,,,,,,,,,,,,,,,,,,,2,Regular Play,Nabil Bentaleb,8520.0,Right Defensive Midfield,71,Algeria,4898,['b274a355-f551-4e89-86d9-731146b7b40a'],24,,,,,,,,,,,,,,,,,,,Algeria,4898,00:00:24.652,Ball Receipt*,
,,,,,,,,,,,,,,,,,,,,,,,,,,,,,,7a683af1-6f35-4592-95a5-0107bbbbad35,1473,,"[43.7, 68.5]",3920402,45,,,,,,,,,,,,,,,,,,,,,,,,,2,Regular Play,Youcef Atal,10040.0,Right Back,71,Algeria,4898,['7972d0b6-4697-49c2-adb1-bb926617891c'],26,,,,,,,,,,,,,,,,,,,Algeria,4898,00:00:26.891,Ball Receipt*,
,,Incomplete,,,,,,,,,,,,,,,,,,,,,,,,,,,,9d815f9c-6147-4e5d-b828-d9d9f9d3fbfd,1476,,"[98.7, 72.5]",3920402,45,,,,,,,,,,,,,,,,,,,,,,,,,2,Regular Play,Mohamed El Amine Amoura,141358.0,Center Attacking Midfield,71,Algeria,4898,['c228362a-5762-4e51-a626-607701dbb9a0'],31,,,,,,,,,,,,,,,,,,,Algeria,4898,00:00:31.917,Ball Receipt*,
,,Incomplete,,,,,,,,,,,,,,,,,,,,,,,,,,,,cb74bc7c-c172-4b8d-96f1-5eafc2ea68f6,1484,,"[113.6, 39.9]",3920402,47,,,,,,,,,,,,,,,,,,,,,,,,,2,From Free Kick,Baghdad Bounedjah,103465.0,Center Forward,72,Algeria,4898,['9cf998b6-7a6c-40a9-a605-8ccab207b812'],0,,,,,,,,,,,,,,,,,,,Algeria,4898,00:02:00.488,Ball Receipt*,
,,,,,,,,,,,,,,,,,,,,,,,,,,,,,,f1a9a365-7a3c-45ca-92cc-84beb13c2c9e,1488,,"[16.9, 25.8]",3920402,47,,,,,,,,,,,,,,,,,,,,,,,,,2,Regular Play,Edmond Fayçal Tapsoba,30606.0,Left Center Back,73,Burkina Faso,4921,['c8dbdc36-1694-4830-937e-f88632577063'],11,,,,,,,,,,,,,,,,,,,Burkina Faso,4921,00:02:11.030,Ball Receipt*,
,,,,,,,,,,,,,,,,,,,,,,,,,,,,,,1bb3ef3a-19e7-4648-8755-d33833266a77,1492,,"[35.8, 37.0]",3920402,47,,,,,,,,,,,,,,,,,,,,,,,,,2,Regular Play,Ismahila Ouédraogo,106681.0,Center Defensive Midfield,73,Burkina Faso,4921,"['171eeefa-f454-4c6a-8651-1a3c35942f5d', 'aa8b7f51-1591-4323-9375-9911c0352ffd']",14,,,,,,,,,,,,,,,,,,,Burkina Faso,4921,00:02:14.320,Ball Receipt*,True
,,,,,,,,,,,,,,,,,,,,,,,,,,,,,,4fc9a3b0-4c58-4142-a882-19ce2f82ff6e,1494,,"[10.5, 25.6]",3920402,47,,,,,,,,,,,,,,,,,,,,,,,,,2,Regular Play,Edmond Fayçal Tapsoba,30606.0,Left Center Back,73,Burkina Faso,4921,['ce8427f7-4534-4754-aaf3-33e9cf64f387'],17,,,,,,,,,,,,,,,,,,,Burkina Faso,4921,00:02:17.293,Ball Receipt*,
,,,,,,,,,,,,,,,,,,,,,,,,,,,,,,71f32901-26cf-4f49-9535-7ba6b6e39f1f,1498,,"[2.4, 34.7]",3920402,47,,,,,,,,,,,,,,,,,,,,,,,,,2,Regular Play,Kouakou Herve Koffi,4388.0,Goalkeeper,73,Burkina Faso,4921,"['186a295e-e33a-4607-ad72-6fc290423cbd', 'c244e320-428b-4a22-9a5d-c893414f0672']",19,,,,,,,,,,,,,,,,,,,Burkina Faso,4921,00:02:19.834,Ball Receipt*,True
,,,,,,,,,,,,,,,,,,,,,,,,,,,,,,cd879ee7-f102-4d74-83be-13598f357c90,1501,,"[5.5, 15.5]",3920402,47,,,,,,,,,,,,,,,,,,,,,,,,,2,Regular Play,Edmond Fayçal Tapsoba,30606.0,Left Center Back,73,Burkina Faso,4921,['c2cad29a-42de-46ed-a3d0-3bbe05033a09'],21,,,,,,,,,,,,,,,,,,,Burkina Faso,4921,00:02:21.489,Ball Receipt*,
,,,,,,,,,,,,,,,,,,,,,,,,,,,,,,84e1603b-2c5c-41c9-8c7c-e82ab068780b,1509,,"[55.8, 59.3]",3920402,47,,,,,,,,,,,,,,,,,,,,,,,,,2,Regular Play,Baghdad Bounedjah,103465.0,Center Forward,75,Algeria,4898,['9ada4ed8-0666-4266-b611-bd9fb350a2b3'],56,,,,,,,,,,,,,,,,,,,Algeria,4898,00:02:56.454,Ball Receipt*,
,,Incomplete,,,,,,,,,,,,,,,,,,,,,,,,,,,,a4b0183d-0e93-4948-8e97-6201586dd48d,1513,,"[64.1, 57.0]",3920402,47,,,,,,,,,,,,,,,,,,,,,,,,,2,Regular Play,Mohamed El Amine Amoura,141358.0,Center Attacking Midfield,75,Algeria,4898,['0322c2bd-77f2-4f85-a30c-3d629b67f1c4'],57,,,,,,,,,,,,,,,,,,,Algeria,4898,00:02:57.810,Ball Receipt*,
,,Incomplete,,,,,,,,,,,,,,,,,,,,,,,,,,,,02bc93a1-2cb2-441e-b594-9be28e597fde,1518,,"[98.1, 22.3]",3920402,48,,,,,,,,,,,,,,,,,,,,,,,,,2,Regular Play,Mohamed Youcef Belaïli,103464.0,Left Wing,75,Algeria,4898,['3d53ddf3-bbfa-426a-9ba3-707db51180bf'],2,,,,,,,,,,,,,,,,,,,Algeria,4898,00:03:02.952,Ball Receipt*,
,,Incomplete,,,,,,,,,,,,,,,,,,,,,,,,,,,,d754d3f7-520a-45bb-a5b4-8b1c08d39eba,1521,,"[101.2, 4.5]",3920402,48,,,,,,,,,,,,,,,,,,,,,,,,,2,From Throw In,Rayan Aït Nouri,12111.0,Left Back,76,Algeria,4898,['8a109e7a-84f9-4e8e-9367-169b74c7411f'],10,,,,,,,,,,,,,,,,,,,Algeria,4898,00:03:10.974,Ball Receipt*,
,,,,,,,,,,,,,,,,,,,,,,,,,,,,,,402f8614-831d-4922-a0f1-dab480085a33,1526,,"[86.2, 75.8]",3920402,48,,,,,,,,,,,,,,,,,,,,,,,,,2,From Counter,Issa Kabore,35471.0,Right Midfield,77,Burkina Faso,4921,['b5e88f14-aa40-4973-b188-e578d8bbc213'],18,,,,,,,,,,,,,,,,,,,Burkina Faso,4921,00:03:18.849,Ball Receipt*,
,,,,,,,,,,,,,,,,,,,,,,,,,,,,,,b6254aab-1fa1-4d49-b0ac-7b83e580edb4,1529,,"[110.4, 46.4]",3920402,48,,,,,,,,,,,,,,,,,,,,,,,,,2,From Counter,Mohamed Konaté,43920.0,Center Forward,77,Burkina Faso,4921,['e22caecc-16b5-4e40-9823-0dcc971b6992'],23,,,,,,,,,,,,,,,,,,,Burkina Faso,4921,00:03:23.302,Ball Receipt*,
,,Incomplete,,,,,,,,,,,,,,,,,,,,,,,,,,,,b3731b6c-e080-4dab-9d1a-e55e6d3b9b74,1537,,"[108.6, 3.5]",3920402,48,,,,,,,,,,,,,,,,,,,,,,,,,2,Regular Play,Ibrahim Blati Touré,23999.0,Left Center Midfield,77,Burkina Faso,4921,['68423166-2d67-44cb-b9a0-9cf48497977f'],30,,,,,,,,,,,,,,,,,,,Burkina Faso,4921,00:03:30.972,Ball Receipt*,
,,,,,,,,,,,,,,,,,,,,,,,,,,,,,,2d8f8129-05ab-4f1a-b98e-356384ce539b,1544,,"[111.0, 21.7]",3920402,48,,,,,,,,,,,,,,,,,,,,,,,,,2,Regular Play,Abdoul Fessal Tapsoba,43705.0,Left Midfield,77,Burkina Faso,4921,['eebc8d44-5212-4910-8561-f2d9d99e22b9'],34,,,,,,,,,,,,,,,,,,,Burkina Faso,4921,00:03:34.514,Ball Receipt*,
,,,,,,,,,,,,,,,,,,,,,,,,,,,,,,7e0471d5-b4a2-4191-9245-be6a78fae6b7,1547,,"[106.5, 24.4]",3920402,48,,,,,,,,,,,,,,,,,,,,,,,,,2,Regular Play,Ibrahim Blati Touré,23999.0,Left Center Midfield,77,Burkina Faso,4921,"['3ab00f3f-15f5-4ce9-92a8-ded81abe17fb', 'db16224c-5dfe-44f7-abce-c7f855f09f5a']",35,,,,,,,,,,,,,,,,,,,Burkina Faso,4921,00:03:35.224,Ball Receipt*,True
,,,,,,,,,,,,,,,,,,,,,,,,,,,,,,6524fac4-e970-442f-9a6a-b31d593e6efd,1552,,"[10.7, 52.4]",3920402,49,,,,,,,,,,,,,,,,,,,,,,,,,2,From Goal Kick,Ramy Bensebaini,3191.0,Left Center Back,78,Algeria,4898,['2305d968-7d4b-47ea-950a-4f53ade9b706'],8,,,,,,,,,,,,,,,,,,,Algeria,4898,00:04:08.044,Ball Receipt*,
,,,,,,,,,,,,,,,,,,,,,,,,,,,,,,ff1edae7-06d2-4147-994b-0cd7ffdb317b,1554,,"[50.6, 29.1]",3920402,49,,,,,,,,,,,,,,,,,,,,,,,,,2,From Goal Kick,Nabil Bentaleb,8520.0,Right Defensive Midfield,78,Algeria,4898,['8f622452-b990-4de0-a9d2-7b9d2ca48905'],9,,,,,,,,,,,,,,,,,,,Algeria,4898,00:04:09.016,Ball Receipt*,
,,Incomplete,,,,,,,,,,,,,,,,,,,,,,,,,,,,8d1f8235-7cc2-415f-bd2d-0cbb183483ca,1556,,"[60.3, 1.6]",3920402,49,,,,,,,,,,,,,,,,,,,,,,,,,2,From Goal Kick,Mohamed El Amine Amoura,141358.0,Center Attacking Midfield,78,Algeria,4898,['161a420f-4081-4d74-9853-4c05999eb270'],12,,,,,,,,,,,,,,,,,,,Algeria,4898,00:04:12.885,Ball Receipt*,
,,,,,,,,,,,,,,,,,,,,,,,,,,,,,,550ac898-7292-46bf-86f2-40e0e3f9cd86,1559,,"[48.9, 78.1]",3920402,49,,,,,,,,,,,,,,,,,,,,,,,,,2,From Throw In,Gustavo Fabrice Sangaré,45466.0,Right Center Midfield,79,Burkina Faso,4921,"['5648dc90-18f3-4240-96ab-8da18fb5790f', '58c8a0ec-df8b-47b0-a699-fb13cd81b070']",33,,,,,,,,,,,,,,,,,,,Burkina Faso,4921,00:04:33.092,Ball Receipt*,True
,,,,,,,,,,,,,,,,,,,,,,,,,,,,,,598f04bd-f589-4e15-811c-a5bbddd92f3f,1567,,"[88.0, 19.1]",3920402,49,,,,,,,,,,,,,,,,,,,,,,,,,2,Regular Play,Baghdad Bounedjah,103465.0,Center Forward,80,Algeria,4898,"['fd391f34-8d86-4355-81a6-6762761db0ff', 'bafb6582-89d4-4fa5-bebb-5e0d90940da9']",37,,,,,,,,,,,,,,,,,,,Algeria,4898,00:04:37.640,Ball Receipt*,True
,,,,,,,,,,,,,,,,,,,,,,,,,,,,,,faaaa43f-2b29-4c6a-b630-49a0f252459f,1582,,"[44.9, 38.0]",3920402,51,,,,,,,,,,,,,,,,,,,,,,,,,2,From Kick Off,Ismahila Ouédraogo,106681.0,Center Defensive Midfield,82,Burkina Faso,4921,['44677a78-762a-496a-a5bb-771835ab9693'],28,,,,,,,,,,,,,,,,,,,Burkina Faso,4921,00:06:28.775,Ball Receipt*,
,,Incomplete,,,,,,,,,,,,,,,,,,,,,,,,,,,,a25410b3-2ef6-426a-8f97-1f250c3442c7,1584,,"[99.5, 75.2]",3920402,51,,,,,,,,,,,,,,,,,,,,,,,,,2,From Kick Off,Gustavo Fabrice Sangaré,45466.0,Right Center Midfield,82,Burkina Faso,4921,['5a31bd09-9a26-4b32-87f2-45372c3398b9'],32,,,,,,,,,,,,,,,,,,,Burkina Faso,4921,00:06:32.280,Ball Receipt*,
,,,,,,,,,,,,,,,,,,,,,,,,,,,,,,7df25812-aa3c-4506-84c8-dcd06d3c525a,1591,,"[2.8, 16.3]",3920402,51,,,,,,,,,,,,,,,,,,,,,,,,,2,From Free Kick,Anthony Louis Mandréa,41381.0,Goalkeeper,84,Algeria,4898,['c6bf41c7-a8f1-46dd-a7e2-c29ad665dd35'],49,,,,,,,,,,,,,,,,,,,Algeria,4898,00:06:49.326,Ball Receipt*,
,,,,,,,,,,,,,,,,,,,,,,,,,,,,,,74c72e6b-fb7a-4989-bad2-8e5a648491a0,1593,,"[35.3, 8.4]",3920402,51,,,,,,,,,,,,,,,,,,,,,,,,,2,From Free Kick,Ramy Bensebaini,3191.0,Left Center Back,84,Algeria,4898,['062dba6a-7bfd-4461-9038-442b82d17052'],56,,,,,,,,,,,,,,,,,,,Algeria,4898,00:06:56.198,Ball Receipt*,
,,,,,,,,,,,,,,,,,,,,,,,,,,,,,,79cf08b1-9320-40c3-8b74-5ed4800ca2e5,1595,,"[47.9, 1.4]",3920402,51,,,,,,,,,,,,,,,,,,,,,,,,,2,From Free Kick,Ramiz Larbi Zerrouki,38345.0,Left Defensive Midfield,84,Algeria,4898,['d7faaf3c-0bd8-430a-bf39-bc6974cb1945'],59,,,,,,,,,,,,,,,,,,,Algeria,4898,00:06:59.431,Ball Receipt*,
,,,,,,,,,,,,,,,,,,,,,,,,,,,,,,aae3d9e5-bf0e-484e-b06e-99e94be94a7d,1598,,"[62.0, 2.0]",3920402,52,,,,,,,,,,,,,,,,,,,,,,,,,2,From Free Kick,Mohamed Youcef Belaïli,103464.0,Left Wing,84,Algeria,4898,['2e9b9352-d2d7-461f-b3de-317476508e7b'],1,,,,,,,,,,,,,,,,,,,Algeria,4898,00:07:01.382,Ball Receipt*,
,,,,,,,,,,,,,,,,,,,,,,,,,,,,,,8f2990b7-d154-4435-ae71-5674ec9e364a,1601,,"[110.9, 2.9]",3920402,52,,,,,,,,,,,,,,,,,,,,,,,,,2,From Free Kick,Mohamed El Amine Amoura,141358.0,Center Attacking Midfield,84,Algeria,4898,['1d7999dc-d537-43d2-995f-220e3eb97f3b'],5,,,,,,,,,,,,,,,,,,,Algeria,4898,00:07:05.928,Ball Receipt*,
,,Incomplete,,,,,,,,,,,,,,,,,,,,,,,,,,,,465ff9c9-b752-4874-87e4-4edfc98cb4f1,1604,,"[115.7, 45.0]",3920402,52,,,,,,,,,,,,,,,,,,,,,,,,,2,From Free Kick,Baghdad Bounedjah,103465.0,Center Forward,84,Algeria,4898,['7c684879-76dc-44af-9945-5f031e980571'],10,,,,,,,,,,,,,,,,,,,Algeria,4898,00:07:10.085,Ball Receipt*,
,,Incomplete,,,,,,,,,,,,,,,,,,,,,,,,,,,,5737425b-3cf3-4177-adf1-5fb854218843,1610,,"[77.9, 28.4]",3920402,52,,,,,,,,,,,,,,,,,,,,,,,,,2,From Goal Kick,Mohamed Konaté,43920.0,Center Forward,85,Burkina Faso,4921,['6bd100ac-0fb2-4fd6-a3fc-54a496320c8c'],43,,,,,,,,,,,,,,,,,,,Burkina Faso,4921,00:07:43.334,Ball Receipt*,
,,,,,,,,,,,,,,,,,,,,,,,,,,,,,,cf0104ff-1e3e-4e47-89d6-c8207aa8d87c,1613,,"[50.0, 46.3]",3920402,52,,,,,,,,,,,,,,,,,,,,,,,,,2,Regular Play,Ramiz Larbi Zerrouki,38345.0,Left Defensive Midfield,86,Algeria,4898,['005d2b78-bbff-45b0-979a-ae939d44f6c6'],44,,,,,,,,,,,,,,,,,,,Algeria,4898,00:07:44.316,Ball Receipt*,
,,,,,,,,,,,,,,,,,,,,,,,,,,,,,,b86afb87-e658-4279-9c75-032f445b763f,1616,,"[50.2, 53.1]",3920402,52,,,,,,,,,,,,,,,,,,,,,,,,,2,Regular Play,Nabil Bentaleb,8520.0,Right Defensive Midfield,86,Algeria,4898,['54f9ca89-0455-4052-9940-671fe97c5520'],45,,,,,,,,,,,,,,,,,,,Algeria,4898,00:07:45.304,Ball Receipt*,
,,,,,,,,,,,,,,,,,,,,,,,,,,,,,,767e5a05-2a43-4fcf-91ee-bc74870dddbe,1619,,"[29.9, 35.3]",3920402,52,,,,,,,,,,,,,,,,,,,,,,,,,2,Regular Play,Ramy Bensebaini,3191.0,Left Center Back,86,Algeria,4898,['cf4ecebc-b653-4da2-a60e-67aee39c3d34'],46,,,,,,,,,,,,,,,,,,,Algeria,4898,00:07:46.820,Ball Receipt*,
,,Incomplete,,,,,,,,,,,,,,,,,,,,,,,,,,,,b3e9054a-998e-41b5-a939-b3d9b9001a40,1623,,"[33.8, 8.4]",3920402,52,,,,,,,,,,,,,,,,,,,,,,,,,2,Regular Play,Rayan Aït Nouri,12111.0,Left Back,86,Algeria,4898,['0fdc677a-aae7-40d4-adbd-b1d2c5e9d16f'],49,,,,,,,,,,,,,,,,,,,Algeria,4898,00:07:49.311,Ball Receipt*,
,,Incomplete,,,,,,,,,,,,,,,,,,,,,,,,,,,,72e3d21c-4dc0-433b-acff-28d7877dc839,1631,,"[116.8, 45.0]",3920402,55,,,,,,,,,,,,,,,,,,,,,,,,,2,From Free Kick,Abdoul Fessal Tapsoba,43705.0,Left Midfield,88,Burkina Faso,4921,['922f8d0e-dc7a-489e-98ba-e3c5b9d75682'],19,,,,,,,,,,,,,,,,,,,Burkina Faso,4921,00:10:19.607,Ball Receipt*,
,,Incomplete,,,,,,,,,,,,,,,,,,,,,,,,,,,,79c0c093-d992-4726-8924-393f7f1815ef,1634,,"[108.8, 42.5]",3920402,55,,,,,,,,,,,,,,,,,,,,,,,,,2,From Corner,Ismahila Ouédraogo,106681.0,Center Defensive Midfield,89,Burkina Faso,4921,['0232bbc4-35b0-45da-81ea-f5e4fd974a21'],56,,,,,,,,,,,,,,,,,,,Burkina Faso,4921,00:10:56.229,Ball Receipt*,
,,,,,,,,,,,,,,,,,,,,,,,,,,,,,,c5c36a0d-240d-4a9d-9751-f6a5cf10d5cd,1640,,"[92.7, 78.9]",3920402,56,,,,,,,,,,,,,,,,,,,,,,,,,2,From Corner,Gustavo Fabrice Sangaré,45466.0,Right Center Midfield,89,Burkina Faso,4921,['0a94bbb9-2c87-4e2e-b7f7-aeccae2e46a1'],0,,,,,,,,,,,,,,,,,,,Burkina Faso,4921,00:11:00.925,Ball Receipt*,
,,Incomplete,,,,,,,,,,,,,,,,,,,,,,,,,,,,9203123b-4dbf-401c-99c8-a5cf30c3352d,1643,,"[112.0, 36.8]",3920402,56,,,,,,,,,,,,,,,,,,,,,,,,,2,From Corner,Issa Kabore,35471.0,Right Midfield,89,Burkina Faso,4921,['6a0ee261-1363-4af7-9888-ce61abad4d89'],4,,,,,,,,,,,,,,,,,,,Burkina Faso,4921,00:11:04.186,Ball Receipt*,
,,,,,,,,,,,,,,,,,,,,,,,,,,,,,,4215cad3-939f-4b70-84bb-de87404a2c11,1648,,"[90.4, 77.0]",3920402,56,,,,,,,,,,,,,,,,,,,,,,,,,2,From Throw In,Ibrahim Blati Touré,23999.0,Left Center Midfield,90,Burkina Faso,4921,['777f1edc-7793-4111-9a9b-97e37e8a1e75'],14,,,,,,,,,,,,,,,,,,,Burkina Faso,4921,00:11:14.465,Ball Receipt*,
,,,,,,,,,,,,,,,,,,,,,,,,,,,,,,e7680fbf-975d-4e38-a11b-ac01a9760085,1652,,"[95.1, 78.9]",3920402,56,,,,,,,,,,,,,,,,,,,,,,,,,2,From Throw In,Issa Kabore,35471.0,Right Midfield,90,Burkina Faso,4921,['f4e6d9d6-f99b-4ee6-be46-b99de56cfebc'],15,,,,,,,,,,,,,,,,,,,Burkina Faso,4921,00:11:15.808,Ball Receipt*,
,,,,,,,,,,,,,,,,,,,,,,,,,,,,,,a80f0305-9ad3-4092-9142-14ffcec3251a,1660,,"[111.2, 60.9]",3920402,56,,,,,,,,,,,,,,,,,,,,,,,,,2,From Throw In,Mohamed Konaté,43920.0,Center Forward,91,Burkina Faso,4921,"['a7163028-a8ba-441c-87c9-b1d8026c8ddb', 'ec1906f1-d074-455f-af55-60cf228c9f13']",25,,,,,,,,,,,,,,,,,,,Burkina Faso,4921,00:11:25.245,Ball Receipt*,True
,,,,,,,,,,,,,,,,,,,,,,,,,,,,,,19b94f10-bc5a-44bb-b1f2-eff82112786c,1666,,"[11.1, 45.9]",3920402,56,,,,,,,,,,,,,,,,,,,,,,,,,2,From Goal Kick,Aïssa Mandi,6648.0,Right Center Back,92,Algeria,4898,['9249564e-f549-44ea-a752-e4bf7bce3cf1'],37,,,,,,,,,,,,,,,,,,,Algeria,4898,00:11:37.835,Ball Receipt*,
,,,,,,,,,,,,,,,,,,,,,,,,,,,,,,9d5b54b9-3545-47d7-9192-12a8219ff2f9,1668,,"[49.3, 17.7]",3920402,56,,,,,,,,,,,,,,,,,,,,,,,,,2,From Goal Kick,Ramiz Larbi Zerrouki,38345.0,Left Defensive Midfield,92,Algeria,4898,['8edef503-2f4e-40b5-9fd6-c63d5d56bf10'],47,,,,,,,,,,,,,,,,,,,Algeria,4898,00:11:47.588,Ball Receipt*,
,,,,,,,,,,,,,,,,,,,,,,,,,,,,,,ac62bc8c-59d9-4c4a-9157-2999897a8e7c,1671,,"[76.4, 1.4]",3920402,56,,,,,,,,,,,,,,,,,,,,,,,,,2,From Goal Kick,Mohamed Youcef Belaïli,103464.0,Left Wing,92,Algeria,4898,['a0ae1255-b502-4a28-b40e-6f58ddbf785e'],50,,,,,,,,,,,,,,,,,,,Algeria,4898,00:11:50.687,Ball Receipt*,
,,,,,,,,,,,,,,,,,,,,,,,,,,,,,,b9ea04cc-e03f-41c3-9b02-f6eb7c303f47,1675,,"[57.4, 10.7]",3920402,56,,,,,,,,,,,,,,,,,,,,,,,,,2,From Goal Kick,Ramiz Larbi Zerrouki,38345.0,Left Defensive Midfield,92,Algeria,4898,['bf01eacf-03bb-4de3-9dd9-d709b84d45ec'],54,,,,,,,,,,,,,,,,,,,Algeria,4898,00:11:54.195,Ball Receipt*,
,,,,,,,,,,,,,,,,,,,,,,,,,,,,,,aa9ffa4b-4a57-4462-8ff2-514218d87f3e,1678,,"[64.4, 5.0]",3920402,56,,,,,,,,,,,,,,,,,,,,,,,,,2,From Goal Kick,Mohamed Youcef Belaïli,103464.0,Left Wing,92,Algeria,4898,['5fe85b9e-bb6a-4de2-93b9-ac2e2e13ab35'],55,,,,,,,,,,,,,,,,,,,Algeria,4898,00:11:55.321,Ball Receipt*,
,,,,,,,,,,,,,,,,,,,,,,,,,,,,,,dd42b524-9a5b-4ae1-b750-ae0b2cee7733,1681,,"[100.6, 4.5]",3920402,56,,,,,,,,,,,,,,,,,,,,,,,,,2,From Goal Kick,Mohamed El Amine Amoura,141358.0,Center Attacking Midfield,92,Algeria,4898,['2dcdcafc-1be7-402f-b7ba-007dd596ce8e'],58,,,,,,,,,,,,,,,,,,,Algeria,4898,00:11:58.613,Ball Receipt*,
,,,,,,,,,,,,,,,,,,,,,,,,,,,,,,1cd696ca-9503-4dee-8fce-db67fa1d18a7,1688,,"[15.1, 59.9]",3920402,57,,,,,,,,,,,,,,,,,,,,,,,,,2,From Goal Kick,Issa Kabore,35471.0,Right Midfield,92,Algeria,4898,['ff93e44a-f063-422c-9ac1-ceec29849c14'],5,,,,,,,,,,,,,,,,,,,Burkina Faso,4921,00:12:05.932,Ball Receipt*,
,,,,,,,,,,,,,,,,,,,,,,,,,,,,,,7103c42a-9d20-456a-a904-da29eb663538,1701,,"[106.2, 71.2]",3920402,57,,,,,,,,,,,,,,,,,,,,,,,,,2,From Goal Kick,Riyad Mahrez,3814.0,Right Wing,92,Algeria,4898,"['546a8f6a-fc6e-44ae-b401-be281a935ad3', 'c5dc0fb0-7d7d-464b-9400-2d1966b26c8e']",22,,,,,,,,,,,,,,,,,,,Algeria,4898,00:12:22.341,Ball Receipt*,True
,,,,,,,,,,,,,,,,,,,,,,,,,,,,,,0932288a-cb93-42ab-ad46-979bd769591c,1704,,"[82.6, 70.4]",3920402,57,,,,,,,,,,,,,,,,,,,,,,,,,2,From Goal Kick,Youcef Atal,10040.0,Right Back,92,Algeria,4898,['f6f289f8-7912-4274-8b1d-485deadda4a3'],24,,,,,,,,,,,,,,,,,,,Algeria,4898,00:12:24.590,Ball Receipt*,
,,,,,,,,,,,,,,,,,,,,,,,,,,,,,,6e7025ed-b3cd-49d3-ac4d-edb65278d06c,1707,,"[70.4, 50.5]",3920402,57,,,,,,,,,,,,,,,,,,,,,,,,,2,From Goal Kick,Aïssa Mandi,6648.0,Right Center Back,92,Algeria,4898,['4abfa80a-6861-4d14-890d-72235eaac972'],27,,,,,,,,,,,,,,,,,,,Algeria,4898,00:12:27.144,Ball Receipt*,
,,,,,,,,,,,,,,,,,,,,,,,,,,,,,,eafee320-8aca-4acc-a67b-a6f2f7824b2d,1710,,"[76.8, 31.6]",3920402,57,,,,,,,,,,,,,,,,,,,,,,,,,2,From Goal Kick,Ramy Bensebaini,3191.0,Left Center Back,92,Algeria,4898,['61896044-8e77-43d3-affb-4b712d46e581'],28,,,,,,,,,,,,,,,,,,,Algeria,4898,00:12:28.599,Ball Receipt*,
,,,,,,,,,,,,,,,,,,,,,,,,,,,,,,6be7c58b-8ec3-4535-81b0-aa2ff1a34b96,1713,,"[76.4, 18.4]",3920402,57,,,,,,,,,,,,,,,,,,,,,,,,,2,From Goal Kick,Ramiz Larbi Zerrouki,38345.0,Left Defensive Midfield,92,Algeria,4898,['314e029c-263d-42e4-9cef-9651124a698b'],31,,,,,,,,,,,,,,,,,,,Algeria,4898,00:12:31.114,Ball Receipt*,
,,,,,,,,,,,,,,,,,,,,,,,,,,,,,,e514abfd-b873-4996-ae48-3b44778f9161,1716,,"[67.3, 27.6]",3920402,57,,,,,,,,,,,,,,,,,,,,,,,,,2,From Goal Kick,Ramy Bensebaini,3191.0,Left Center Back,92,Algeria,4898,['4df5817e-0512-454f-a6b1-b865b0153bd6'],34,,,,,,,,,,,,,,,,,,,Algeria,4898,00:12:34.472,Ball Receipt*,
,,,,,,,,,,,,,,,,,,,,,,,,,,,,,,0273e3af-ea2f-4424-b46d-75cb674ca200,1719,,"[70.4, 50.1]",3920402,57,,,,,,,,,,,,,,,,,,,,,,,,,2,From Goal Kick,Aïssa Mandi,6648.0,Right Center Back,92,Algeria,4898,['70bebcb8-a8e9-4d78-bbc0-030d36e00daa'],37,,,,,,,,,,,,,,,,,,,Algeria,4898,00:12:37.770,Ball Receipt*,
,,,,,,,,,,,,,,,,,,,,,,,,,,,,,,44ec7341-b420-42ca-8767-14b65c38dcae,1722,,"[94.1, 74.1]",3920402,57,,,,,,,,,,,,,,,,,,,,,,,,,2,From Goal Kick,Riyad Mahrez,3814.0,Right Wing,92,Algeria,4898,['c2575641-0384-4801-8004-ef86870a1ec8'],40,,,,,,,,,,,,,,,,,,,Algeria,4898,00:12:40.854,Ball Receipt*,
,,,,,,,,,,,,,,,,,,,,,,,,,,,,,,13350715-003c-434e-a313-3c7d46af2c72,1725,,"[88.6, 41.5]",3920402,57,,,,,,,,,,,,,,,,,,,,,,,,,2,From Goal Kick,Nabil Bentaleb,8520.0,Right Defensive Midfield,92,Algeria,4898,['4ed2f35d-3d00-4441-8090-0cb715a65ab3'],45,,,,,,,,,,,,,,,,,,,Algeria,4898,00:12:45.286,Ball Receipt*,
,,,,,,,,,,,,,,,,,,,,,,,,,,,,,,e9ec4ad6-df46-4c0e-8106-f632c0e7fda5,1729,,"[86.9, 28.3]",3920402,57,,,,,,,,,,,,,,,,,,,,,,,,,2,From Goal Kick,Ramiz Larbi Zerrouki,38345.0,Left Defensive Midfield,92,Algeria,4898,['7bc8f462-40b1-4155-9fd6-24aba9808d05'],47,,,,,,,,,,,,,,,,,,,Algeria,4898,00:12:47.274,Ball Receipt*,
,,,,,,,,,,,,,,,,,,,,,,,,,,,,,,38e70648-b73c-45cb-a92d-5c080275fc59,1732,,"[84.7, 18.7]",3920402,57,,,,,,,,,,,,,,,,,,,,,,,,,2,From Goal Kick,Rayan Aït Nouri,12111.0,Left Back,92,Algeria,4898,['6308dc63-1356-414a-91bd-38cb0070ec55'],49,,,,,,,,,,,,,,,,,,,Algeria,4898,00:12:49.637,Ball Receipt*,
,,,,,,,,,,,,,,,,,,,,,,,,,,,,,,b3f1a7e2-7aa4-4816-868a-fb1381462cf2,1735,,"[103.7, 6.8]",3920402,57,,,,,,,,,,,,,,,,,,,,,,,,,2,From Goal Kick,Mohamed Youcef Belaïli,103464.0,Left Wing,92,Algeria,4898,['d2255dd8-12d2-4d36-9f3d-f8cd17c6d191'],51,,,,,,,,,,,,,,,,,,,Algeria,4898,00:12:51.866,Ball Receipt*,
,,,,,,,,,,,,,,,,,,,,,,,,,,,,,,dcdf942e-374e-4e72-af2b-dbc0e214de1c,1739,,"[116.2, 44.8]",3920402,57,,,,,,,,,,,,,,,,,,,,,,,,,2,From Goal Kick,Mohamed El Amine Amoura,141358.0,Center Attacking Midfield,92,Algeria,4898,['6c996b35-6e52-44fb-ac26-e3d5bfb31746'],57,,,,,,,,,,,,,,,,,,,Algeria,4898,00:12:57.514,Ball Receipt*,
,,,,,,,,,,,,,,,,,,,,,,,,,,,,,,6e47aa97-b239-4b8a-8577-af75990ddd8a,1744,,"[62.3, 33.4]",3920402,59,,,,,,,,,,,,,,,,,,,,,,,,,2,From Goal Kick,Ibrahim Blati Touré,23999.0,Left Center Midfield,93,Burkina Faso,4921,['ede2cefc-02aa-4c24-9357-46682d2dd569'],54,,,,,,,,,,,,,,,,,,,Burkina Faso,4921,00:14:54.180,Ball Receipt*,
,,,,,,,,,,,,,,,,,,,,,,,,,,,,,,2bbc3a6d-72e0-4900-b899-adcd0e8d66ee,1746,,"[64.3, 47.5]",3920402,59,,,,,,,,,,,,,,,,,,,,,,,,,2,From Goal Kick,Gustavo Fabrice Sangaré,45466.0,Right Center Midfield,93,Burkina Faso,4921,['277f06d5-a834-47cb-bbf4-d2e7dd049eb2'],56,,,,,,,,,,,,,,,,,,,Burkina Faso,4921,00:14:56.556,Ball Receipt*,
,,,,,,,,,,,,,,,,,,,,,,,,,,,,,,32b1494e-f0b9-4dab-a6b5-a79230ee4bd6,1748,,"[57.4, 40.7]",3920402,59,,,,,,,,,,,,,,,,,,,,,,,,,2,From Goal Kick,Ibrahim Blati Touré,23999.0,Left Center Midfield,93,Burkina Faso,4921,['ed8285fd-3ad1-440b-8685-96597c56e562'],57,,,,,,,,,,,,,,,,,,,Burkina Faso,4921,00:14:57.191,Ball Receipt*,
,,,,,,,,,,,,,,,,,,,,,,,,,,,,,,b059fbf6-678f-4b9c-85d9-2c37284480f3,1752,,"[113.1, 79.3]",3920402,60,,,,,,,,,,,,,,,,,,,,,,,,,2,From Goal Kick,Issa Kabore,35471.0,Right Midfield,93,Burkina Faso,4921,['df74ea75-f518-4637-b708-e015f0d48f6b'],4,,,,,,,,,,,,,,,,,,,Burkina Faso,4921,00:15:04.765,Ball Receipt*,
,,Incomplete,,,,,,,,,,,,,,,,,,,,,,,,,,,,34430c8f-ce82-4f9c-928a-d0c1399f85ad,1763,,"[115.1, 37.2]",3920402,60,,,,,,,,,,,,,,,,,,,,,,,,,2,From Goal Kick,Abdoul Fessal Tapsoba,43705.0,Left Midfield,93,Burkina Faso,4921,['1ad1db8f-2d67-495d-b02b-fcf814bba919'],13,,,,,,,,,,,,,,,,,,,Burkina Faso,4921,00:15:13.885,Ball Receipt*,
,,,,,,,,,,,,,,,,,,,,,,,,,,,,,,e32413ce-bbf7-47e5-8a40-5572d1e70f97,1768,,"[28.7, 72.4]",3920402,60,,,,,,,,,,,,,,,,,,,,,,,,,2,From Free Kick,Youcef Atal,10040.0,Right Back,94,Algeria,4898,['03efe99f-0e19-4c62-ba18-8e5a33ba9744'],26,,,,,,,,,,,,,,,,,,,Algeria,4898,00:15:26.374,Ball Receipt*,
,,Incomplete,,,,,,,,,,,,,,,,,,,,,,,,,,,,4c19efe8-68ee-4104-9b44-f2b9f29d43fc,1770,,"[77.5, 51.8]",3920402,60,,,,,,,,,,,,,,,,,,,,,,,,,2,From Free Kick,Riyad Mahrez,3814.0,Right Wing,94,Algeria,4898,['54cb2a0e-8e7e-406e-8885-566cd2a517d8'],29,,,,,,,,,,,,,,,,,,,Algeria,4898,00:15:29.476,Ball Receipt*,
,,,,,,,,,,,,,,,,,,,,,,,,,,,,,,debd4c09-6e07-431d-bff6-0702874cdf77,1778,,"[58.4, 13.7]",3920402,60,,,,,,,,,,,,,,,,,,,,,,,,,2,Regular Play,Steeve Yago,3035.0,Left Back,95,Burkina Faso,4921,['a5906be8-2415-4e81-b780-ed7226222159'],33,,,,,,,,,,,,,,,,,,,Burkina Faso,4921,00:15:33.019,Ball Receipt*,
,,,,,,,,,,,,,,,,,,,,,,,,,,,,,,52b579be-234e-4aa8-b93f-90fba79206ea,1781,,"[69.3, 3.3]",3920402,60,,,,,,,,,,,,,,,,,,,,,,,,,2,Regular Play,Ibrahim Blati Touré,23999.0,Left Center Midfield,95,Burkina Faso,4921,['a1918144-fea5-4a56-9d8e-e38ac8cf757b'],35,,,,,,,,,,,,,,,,,,,Burkina Faso,4921,00:15:35.216,Ball Receipt*,
,,,,,,,,,,,,,,,,,,,,,,,,,,,,,,9f003646-04ca-4ec2-92a4-748a4c731ce4,1785,,"[86.6, 32.6]",3920402,60,,,,,,,,,,,,,,,,,,,,,,,,,2,Regular Play,Mohamed Konaté,43920.0,Center Forward,95,Burkina Faso,4921,"['445a6717-a026-4051-9a66-e0e6ebb71b8d', 'b6c92d69-6bd5-461f-8fdd-b90353c070ee']",38,,,,,,,,,,,,,,,,,,,Burkina Faso,4921,00:15:38.559,Ball Receipt*,True
,,,,,,,,,,,,,,,,,,,,,,,,,,,,,,fa72d3a2-74da-4db5-bd0a-47d8ebb3b009,1788,,"[69.7, 31.8]",3920402,60,,,,,,,,,,,,,,,,,,,,,,,,,2,Regular Play,Ismahila Ouédraogo,106681.0,Center Defensive Midfield,95,Burkina Faso,4921,['00558b1c-fa47-4399-a7f1-cd69b221eccc'],40,,,,,,,,,,,,,,,,,,,Burkina Faso,4921,00:15:40.701,Ball Receipt*,
,,,,,,,,,,,,,,,,,,,,,,,,,,,,,,e67376ec-bb3f-43ec-8f85-75723c2eef66,1794,,"[52.8, 28.9]",3920402,60,,,,,,,,,,,,,,,,,,,,,,,,,2,Regular Play,Edmond Fayçal Tapsoba,30606.0,Left Center Back,95,Burkina Faso,4921,['d316e57d-d5db-4b3a-871d-5b0c311ad82d'],44,,,,,,,,,,,,,,,,,,,Burkina Faso,4921,00:15:44.374,Ball Receipt*,
,,,,,,,,,,,,,,,,,,,,,,,,,,,,,,e3ef2dbe-5403-43c0-ba75-d72d858797e3,1797,,"[56.0, 70.1]",3920402,60,,,,,,,,,,,,,,,,,,,,,,,,,2,Regular Play,Adamo Nagalo,99280.0,Right Back,95,Burkina Faso,4921,['0be16e9c-16f5-4154-a924-a16bf6a4bbf6'],51,,,,,,,,,,,,,,,,,,,Burkina Faso,4921,00:15:51.036,Ball Receipt*,
,,Incomplete,,,,,,,,,,,,,,,,,,,,,,,,,,,,15fce804-b175-488c-8437-e968e95f52ae,1800,,"[77.8, 66.7]",3920402,60,,,,,,,,,,,,,,,,,,,,,,,,,2,Regular Play,Issa Kabore,35471.0,Right Midfield,95,Burkina Faso,4921,['3393e2f0-472f-42ae-a86f-f30dce5945e8'],54,,,,,,,,,,,,,,,,,,,Burkina Faso,4921,00:15:54.350,Ball Receipt*,
,,,,,,,,,,,,,,,,,,,,,,,,,,,,,,4f5e62c6-c996-43e1-b195-27be15412f67,1805,,"[56.6, 25.2]",3920402,61,,,,,,,,,,,,,,,,,,,,,,,,,2,From Free Kick,Ramy Bensebaini,3191.0,Left Center Back,96,Algeria,4898,['1809a229-36d6-4423-bbfc-fa946388cc7e'],54,,,,,,,,,,,,,,,,,,,Algeria,4898,00:16:54.821,Ball Receipt*,
,,,,,,,,,,,,,,,,,,,,,,,,,,,,,,dce38882-72e9-44a5-847a-7e44f748fad2,1807,,"[68.7, 4.9]",3920402,61,,,,,,,,,,,,,,,,,,,,,,,,,2,From Free Kick,Rayan Aït Nouri,12111.0,Left Back,96,Algeria,4898,['f46475c2-bfc4-4845-a906-e26890c867d5'],56,,,,,,,,,,,,,,,,,,,Algeria,4898,00:16:56.934,Ball Receipt*,
,,,,,,,,,,,,,,,,,,,,,,,,,,,,,,58a79c63-0d8b-4ac3-9b20-2eadf508a419,1810,,"[75.2, 32.4]",3920402,62,,,,,,,,,,,,,,,,,,,,,,,,,2,From Free Kick,Nabil Bentaleb,8520.0,Right Defensive Midfield,96,Algeria,4898,['f1f5c5cf-24ce-41e3-9724-1485f48a6468'],0,,,,,,,,,,,,,,,,,,,Algeria,4898,00:17:00.687,Ball Receipt*,
,,,,,,,,,,,,,,,,,,,,,,,,,,,,,,7e09448f-aff2-454e-8739-5901db2f74af,1813,,"[63.4, 53.0]",3920402,62,,,,,,,,,,,,,,,,,,,,,,,,,2,From Free Kick,Aïssa Mandi,6648.0,Right Center Back,96,Algeria,4898,['0b7c1276-0db3-40ae-abb2-cea95d15c575'],3,,,,,,,,,,,,,,,,,,,Algeria,4898,00:17:03.853,Ball Receipt*,
,,,,,,,,,,,,,,,,,,,,,,,,,,,,,,bd795d1c-5528-45ce-a206-04c7a61fb0b3,1815,,"[70.2, 75.5]",3920402,62,,,,,,,,,,,,,,,,,,,,,,,,,2,From Free Kick,Youcef Atal,10040.0,Right Back,96,Algeria,4898,['a9c10bbd-c501-45a8-b191-0fb90c13e265'],5,,,,,,,,,,,,,,,,,,,Algeria,4898,00:17:05.241,Ball Receipt*,
,,Incomplete,,,,,,,,,,,,,,,,,,,,,,,,,,,,cc9ef23e-4fb3-4c3a-af81-1444fc8c8099,1818,,"[97.1, 69.6]",3920402,62,,,,,,,,,,,,,,,,,,,,,,,,,2,From Free Kick,Mohamed El Amine Amoura,141358.0,Center Attacking Midfield,96,Algeria,4898,['fd2caea8-4d31-40ba-b632-66c80c867439'],7,,,,,,,,,,,,,,,,,,,Algeria,4898,00:17:07.715,Ball Receipt*,
,,,,,,,,,,,,,,,,,,,,,,,,,,,,,,75630401-a23e-41c3-a914-a9a7d4c10d02,1825,,"[22.8, 12.6]",3920402,62,,,,,,,,,,,,,,,,,,,,,,,,,2,From Free Kick,Edmond Fayçal Tapsoba,30606.0,Left Center Back,98,Burkina Faso,4921,['cf0167ae-5226-4809-b78d-2d3bff27e698'],21,,,,,,,,,,,,,,,,,,,Burkina Faso,4921,00:17:21.332,Ball Receipt*,
,,,,,,,,,,,,,,,,,,,,,,,,,,,,,,06b32bdd-4cf8-4c65-9fce-6a44656e1b47,1827,,"[24.7, 52.5]",3920402,62,,,,,,,,,,,,,,,,,,,,,,,,,2,From Free Kick,Issoufou Dayo,102800.0,Right Center Back,98,Burkina Faso,4921,['487c9f37-802d-48a8-b8a2-695d03830aed'],31,,,,,,,,,,,,,,,,,,,Burkina Faso,4921,00:17:31.924,Ball Receipt*,
,,Incomplete,,,,,,,,,,,,,,,,,,,,,,,,,,,,1c508173-34ac-4213-b74e-f82494ffc02e,1830,,"[79.4, 77.3]",3920402,62,,,,,,,,,,,,,,,,,,,,,,,,,2,From Free Kick,Issa Kabore,35471.0,Right Midfield,98,Burkina Faso,4921,['89ca643f-d36d-4b51-8edd-ba07c3f700f2'],35,,,,,,,,,,,,,,,,,,,Burkina Faso,4921,00:17:35.799,Ball Receipt*,
,,,,,,,,,,,,,,,,,,,,,,,,,,,,,,67744d73-94e8-4f79-8329-334c9252eb33,1832,,"[70.6, 7.4]",3920402,62,,,,,,,,,,,,,,,,,,,,,,,,,2,From Free Kick,Mohamed Youcef Belaïli,103464.0,Left Wing,98,Burkina Faso,4921,['02eebfab-6bf8-4e2b-894b-45b11ca5eb6f'],37,,,,,,,,,,,,,,,,,,,Algeria,4898,00:17:37.587,Ball Receipt*,
,,Incomplete,,,,,,,,,,,,,,,,,,,,,,,,,,,,3bca3ed8-79c8-4597-9b02-216217d9e5c0,1836,,"[108.9, 28.1]",3920402,62,,,,,,,,,,,,,,,,,,,,,,,,,2,From Free Kick,Mohamed El Amine Amoura,141358.0,Center Attacking Midfield,98,Burkina Faso,4921,['7ceb499c-be81-4246-8987-9e1e7b5bae23'],42,,,,,,,,,,,,,,,,,,,Algeria,4898,00:17:42.172,Ball Receipt*,
,,,,,,,,,,,,,,,,,,,,,,,,,,,,,,0b1a87f5-7bc6-4203-a090-a414b88e44e5,1839,,"[22.4, 27.9]",3920402,62,,,,,,,,,,,,,,,,,,,,,,,,,2,From Keeper,Edmond Fayçal Tapsoba,30606.0,Left Center Back,99,Burkina Faso,4921,['ca5cae03-6cf2-4ebc-8ab3-3d6ef0ce7fc7'],48,,,,,,,,,,,,,,,,,,,Burkina Faso,4921,00:17:48.127,Ball Receipt*,
,,,,,,,,,,,,,,,,,,,,,,,,,,,,,,08058616-0c9f-42e2-96a7-4eb2c6ce7d83,1845,,"[54.8, 7.7]",3920402,63,,,,,,,,,,,,,,,,,,,,,,,,,2,From Free Kick,Ibrahim Blati Touré,23999.0,Left Center Midfield,100,Burkina Faso,4921,['9cf931d1-aade-4a66-b5aa-5e692b9cd079'],25,,,,,,,,,,,,,,,,,,,Burkina Faso,4921,00:18:25.698,Ball Receipt*,
,,,,,,,,,,,,,,,,,,,,,,,,,,,,,,18767bea-d05f-4dc7-84c7-af092e9929fb,1851,,"[50.2, 51.2]",3920402,63,,,,,,,,,,,,,,,,,,,,,,,,,2,Regular Play,Nabil Bentaleb,8520.0,Right Defensive Midfield,101,Algeria,4898,['82a58bdc-c00a-458c-8b58-f15f217c1e7a'],30,,,,,,,,,,,,,,,,,,,Algeria,4898,00:18:30.967,Ball Receipt*,
,,,,,,,,,,,,,,,,,,,,,,,,,,,,,,0b08d5d3-2114-4c97-86da-3acb949d8b62,1854,,"[72.9, 10.3]",3920402,63,,,,,,,,,,,,,,,,,,,,,,,,,2,Regular Play,Mohamed Youcef Belaïli,103464.0,Left Wing,101,Algeria,4898,['631a8fc9-7fc3-4642-892b-53fc0fc7dc99'],36,,,,,,,,,,,,,,,,,,,Algeria,4898,00:18:36.611,Ball Receipt*,
,,,,,,,,,,,,,,,,,,,,,,,,,,,,,,c35c3a05-866f-47d0-8143-9b9479bbb3f4,1864,,"[31.1, 63.6]",3920402,63,,,,,,,,,,,,,,,,,,,,,,,,,2,Regular Play,Gustavo Fabrice Sangaré,45466.0,Right Center Midfield,102,Burkina Faso,4921,['cad9ab84-2410-4443-ba8b-8aab67daf125'],48,,,,,,,,,,,,,,,,,,,Burkina Faso,4921,00:18:48.769,Ball Receipt*,
,,,,,,,,,,,,,,,,,,,,,,,,,,,,,,7b05e4bf-4314-4550-9ff0-f2f05cdeabb8,1868,,"[69.9, 66.1]",3920402,63,,,,,,,,,,,,,,,,,,,,,,,,,2,Regular Play,Bertrand Isidore Traoré,2956.0,Center Forward,102,Burkina Faso,4921,"['a86dd587-579c-41dd-8c40-e926d9d3e7cf', 'da2c9e26-b18a-4a91-85eb-dee169e2c704']",53,,,,,,,,,,,,,,,,,,,Burkina Faso,4921,00:18:53.948,Ball Receipt*,True
,,,,,,,,,,,,,,,,,,,,,,,,,,,,,,1c6ff2b6-7b75-44ac-9d89-adc032ae84e8,1871,,"[41.8, 73.1]",3920402,63,,,,,,,,,,,,,,,,,,,,,,,,,2,Regular Play,Adamo Nagalo,99280.0,Right Back,102,Burkina Faso,4921,['bfad3f29-972f-4db0-a380-3baad5d1f0e2'],58,,,,,,,,,,,,,,,,,,,Burkina Faso,4921,00:18:58.464,Ball Receipt*,
,,,,,,,,,,,,,,,,,,,,,,,,,,,,,,d2c7077d-195e-4aa0-8505-c48a7f36664c,1874,,"[49.1, 65.9]",3920402,64,,,,,,,,,,,,,,,,,,,,,,,,,2,Regular Play,Ibrahim Blati Touré,23999.0,Left Center Midfield,102,Burkina Faso,4921,['de263a1b-e2f4-4a19-bc61-d1efd151f36b'],0,,,,,,,,,,,,,,,,,,,Burkina Faso,4921,00:19:00.843,Ball Receipt*,
,,,,,,,,,,,,,,,,,,,,,,,,,,,,,,145086b3-a3bc-4e33-b0d1-517d23fa1197,1877,,"[43.7, 73.9]",3920402,64,,,,,,,,,,,,,,,,,,,,,,,,,2,Regular Play,Adamo Nagalo,99280.0,Right Back,102,Burkina Faso,4921,['a760bf67-5104-4d93-a943-7c419fc5cd20'],1,,,,,,,,,,,,,,,,,,,Burkina Faso,4921,00:19:01.609,Ball Receipt*,
,,,,,,,,,,,,,,,,,,,,,,,,,,,,,,3540a99e-8b4e-4f29-af01-7f1701df311f,1880,,"[29.5, 62.4]",3920402,64,,,,,,,,,,,,,,,,,,,,,,,,,2,Regular Play,Issoufou Dayo,102800.0,Right Center Back,102,Burkina Faso,4921,['cc034c1f-ca21-4a6f-a605-f4593c0e6376'],3,,,,,,,,,,,,,,,,,,,Burkina Faso,4921,00:19:03.464,Ball Receipt*,
,,,,,,,,,,,,,,,,,,,,,,,,,,,,,,079ef074-a563-4979-b9d5-822b5a41e36c,1883,,"[44.9, 26.2]",3920402,64,,,,,,,,,,,,,,,,,,,,,,,,,2,Regular Play,Edmond Fayçal Tapsoba,30606.0,Left Center Back,102,Burkina Faso,4921,['eeead2dc-c0e7-47c6-8ed2-344a94f499e8'],6,,,,,,,,,,,,,,,,,,,Burkina Faso,4921,00:19:06.915,Ball Receipt*,
,,,,,,,,,,,,,,,,,,,,,,,,,,,,,,80af2d51-56a3-40fc-8d23-056b8d042f1e,1886,,"[56.0, 47.5]",3920402,64,,,,,,,,,,,,,,,,,,,,,,,,,2,Regular Play,Ibrahim Blati Touré,23999.0,Left Center Midfield,102,Burkina Faso,4921,['914d70c0-78cc-4941-935e-ef3f767d50b7'],13,,,,,,,,,,,,,,,,,,,Burkina Faso,4921,00:19:13.230,Ball Receipt*,
,,,,,,,,,,,,,,,,,,,,,,,,,,,,,,8ac7183c-be3d-4ac1-a5ea-8792567183f4,1889,,"[72.8, 51.2]",3920402,64,,,,,,,,,,,,,,,,,,,,,,,,,2,Regular Play,Bertrand Isidore Traoré,2956.0,Center Forward,102,Burkina Faso,4921,['0cc3daf7-ddc7-400f-a3c2-17ec76c4d681'],15,,,,,,,,,,,,,,,,,,,Burkina Faso,4921,00:19:15.902,Ball Receipt*,
,,,,,,,,,,,,,,,,,,,,,,,,,,,,,,3d5a5db8-59d4-4fd3-9c6c-a87b97dbca63,1892,,"[63.5, 57.6]",3920402,64,,,,,,,,,,,,,,,,,,,,,,,,,2,Regular Play,Gustavo Fabrice Sangaré,45466.0,Right Center Midfield,102,Burkina Faso,4921,['a0e48582-5bbd-44c7-9585-574a09582ef5'],17,,,,,,,,,,,,,,,,,,,Burkina Faso,4921,00:19:17.275,Ball Receipt*,
,,Incomplete,,,,,,,,,,,,,,,,,,,,,,,,,,,,e1aae671-5329-4133-badd-0cd511512ad3,1895,,"[85.0, 78.5]",3920402,64,,,,,,,,,,,,,,,,,,,,,,,,,2,Regular Play,Issa Kabore,35471.0,Right Midfield,102,Burkina Faso,4921,['64b1e86d-670b-4a18-bbf2-f01242681cc2'],20,,,,,,,,,,,,,,,,,,,Burkina Faso,4921,00:19:20.513,Ball Receipt*,
,,,,,,,,,,,,,,,,,,,,,,,,,,,,,,b8963506-550a-4d26-b066-18e9a834a271,1897,,"[31.0, 3.7]",3920402,64,,,,,,,,,,,,,,,,,,,,,,,,,2,From Throw In,Nabil Bentaleb,8520.0,Right Defensive Midfield,103,Algeria,4898,['a1457c72-2aa8-4b18-b7fe-368bed38731d'],28,,,,,,,,,,,,,,,,,,,Algeria,4898,00:19:28.843,Ball Receipt*,
,,Incomplete,,,,,,,,,,,,,,,,,,,,,,,,,,,,98db4266-fd95-4a0e-a735-7071aca0d201,1900,,"[26.2, 1.2]",3920402,64,,,,,,,,,,,,,,,,,,,,,,,,,2,From Throw In,Rayan Aït Nouri,12111.0,Left Back,103,Algeria,4898,['1780cc2d-bd94-4fa5-a566-a957bed402aa'],30,,,,,,,,,,,,,,,,,,,Algeria,4898,00:19:30.553,Ball Receipt*,
,,,,,,,,,,,,,,,,,,,,,,,,,,,,,,15aaf9fa-87f3-4bd3-b4a1-72d14bb77db8,1902,,"[84.2, 77.5]",3920402,64,,,,,,,,,,,,,,,,,,,,,,,,,2,Regular Play,Issa Kabore,35471.0,Right Midfield,104,Burkina Faso,4921,['a6f64e56-2ac7-4d4f-82ea-07f6fe3cec56'],31,,,,,,,,,,,,,,,,,,,Burkina Faso,4921,00:19:31.239,Ball Receipt*,
,,,,,,,,,,,,,,,,,,,,,,,,,,,,,,a3f16f53-714a-40ef-a661-dbefb148cec1,1905,,"[81.7, 71.2]",3920402,64,,,,,,,,,,,,,,,,,,,,,,,,,2,Regular Play,Gustavo Fabrice Sangaré,45466.0,Right Center Midfield,104,Burkina Faso,4921,['193f3731-3b32-4dec-a87e-5d8381fac51d'],33,,,,,,,,,,,,,,,,,,,Burkina Faso,4921,00:19:33.418,Ball Receipt*,
,,,,,,,,,,,,,,,,,,,,,,,,,,,,,,57b66625-b50e-4ab3-8ac9-30a88d5f96f9,1908,,"[91.4, 51.8]",3920402,64,,,,,,,,,,,,,,,,,,,,,,,,,2,Regular Play,Ibrahim Blati Touré,23999.0,Left Center Midfield,104,Burkina Faso,4921,['7cacf87b-e0c2-410f-af43-7a434b242b42'],34,,,,,,,,,,,,,,,,,,,Burkina Faso,4921,00:19:34.914,Ball Receipt*,
,,Incomplete,,,,,,,,,,,,,,,,,,,,,,,,,,,,c90c762c-69d0-4249-9fa8-85f7ed7b2bfd,1911,,"[100.3, 44.0]",3920402,64,,,,,,,,,,,,,,,,,,,,,,,,,2,Regular Play,Abdoul Fessal Tapsoba,43705.0,Left Midfield,104,Burkina Faso,4921,['aa618b80-c99d-4a8a-9003-9eace9cdf62f'],36,,,,,,,,,,,,,,,,,,,Burkina Faso,4921,00:19:36.081,Ball Receipt*,
,,,,,,,,,,,,,,,,,,,,,,,,,,,,,,8d8a0a58-a445-4fc4-ba6f-edbb09ebf356,1916,,"[71.7, 78.7]",3920402,64,,,,,,,,,,,,,,,,,,,,,,,,,2,Regular Play,Riyad Mahrez,3814.0,Right Wing,104,Burkina Faso,4921,"['722700dd-893b-4531-8065-63751118cce5', '8c0d3117-0873-4cf9-acd6-46be1b82006c']",41,,,,,,,,,,,,,,,,,,,Algeria,4898,00:19:41.959,Ball Receipt*,True
,,,,,,,,,,,,,,,,,,,,,,,,,,,,,,07ae20fd-a35e-44d5-8c98-554b65fa750d,1919,,"[30.3, 25.4]",3920402,64,,,,,,,,,,,,,,,,,,,,,,,,,2,From Throw In,Issoufou Dayo,102800.0,Right Center Back,105,Burkina Faso,4921,['a0436129-df84-46e4-bc1b-54fed7750ee2'],48,,,,,,,,,,,,,,,,,,,Burkina Faso,4921,00:19:48.944,Ball Receipt*,
,,,,,,,,,,,,,,,,,,,,,,,,,,,,,,7069fef4-348b-4202-9793-b7d1450001ba,1922,,"[33.2, 55.8]",3920402,64,,,,,,,,,,,,,,,,,,,,,,,,,2,From Throw In,Adamo Nagalo,99280.0,Right Back,105,Burkina Faso,4921,['b31f7a68-014b-41c8-9f9f-b50e33ea08b7'],53,,,,,,,,,,,,,,,,,,,Burkina Faso,4921,00:19:53.344,Ball Receipt*,
,,,,,,,,,,,,,,,,,,,,,,,,,,,,,,0304d7b7-52df-4ad7-ad8a-3414602a906b,1925,,"[50.1, 56.6]",3920402,64,,,,,,,,,,,,,,,,,,,,,,,,,2,From Throw In,Gustavo Fabrice Sangaré,45466.0,Right Center Midfield,105,Burkina Faso,4921,['988c1fbd-dc11-4758-88cb-46e6ff6f8027'],55,,,,,,,,,,,,,,,,,,,Burkina Faso,4921,00:19:55.638,Ball Receipt*,
,,,,,,,,,,,,,,,,,,,,,,,,,,,,,,c7c230d0-5638-47cc-96a1-209f87cf317d,1928,,"[43.9, 36.8]",3920402,64,,,,,,,,,,,,,,,,,,,,,,,,,2,From Throw In,Ismahila Ouédraogo,106681.0,Center Defensive Midfield,105,Burkina Faso,4921,['91ab9421-df58-4a18-bba4-9fceeab98444'],58,,,,,,,,,,,,,,,,,,,Burkina Faso,4921,00:19:58.638,Ball Receipt*,
,,,,,,,,,,,,,,,,,,,,,,,,,,,,,,5c920519-002f-46fc-9c34-88e6e1b36d4c,1931,,"[49.1, 12.6]",3920402,65,,,,,,,,,,,,,,,,,,,,,,,,,2,From Throw In,Edmond Fayçal Tapsoba,30606.0,Left Center Back,105,Burkina Faso,4921,['103409f6-d5cf-4a0e-b486-f866d764e0fd'],3,,,,,,,,,,,,,,,,,,,Burkina Faso,4921,00:20:03.579,Ball Receipt*,
,,,,,,,,,,,,,,,,,,,,,,,,,,,,,,feb13071-50ac-489a-9712-c74931399c3b,1934,,"[105.6, 56.2]",3920402,65,,,,,,,,,,,,,,,,,,,,,,,,,2,From Throw In,Issa Kabore,35471.0,Right Midfield,105,Burkina Faso,4921,['73341f17-93b8-45c0-acd6-8da5e4fbe3b3'],13,,,,,,,,,,,,,,,,,,,Burkina Faso,4921,00:20:13.833,Ball Receipt*,
,,,,,,,,,,,,,,,,,,,,,,,,,,,,,,61e6e63f-a4a3-4def-a2e3-25af8c4c0c78,1943,,"[40.7, 42.1]",3920402,72,,,,,,,,,,,,,,,,,,,,,,,,,2,From Kick Off,Ramy Bensebaini,3191.0,Left Center Back,107,Algeria,4898,['0a6ab6d2-d132-4466-8a5c-5d739c44eacc'],2,,,,,,,,,,,,,,,,,,,Algeria,4898,00:27:02.369,Ball Receipt*,
,,,,,,,,,,,,,,,,,,,,,,,,,,,,,,3fb6653b-1374-4955-b013-8e50352e5211,1945,,"[51.6, 48.7]",3920402,72,,,,,,,,,,,,,,,,,,,,,,,,,2,From Kick Off,Aïssa Mandi,6648.0,Right Center Back,107,Algeria,4898,['9b2741b3-ce4a-44b5-ba8f-34142f62ce6c'],3,,,,,,,,,,,,,,,,,,,Algeria,4898,00:27:03.743,Ball Receipt*,
,,,,,,,,,,,,,,,,,,,,,,,,,,,,,,bb8a9be6-f883-41f4-aed4-08606f511c3f,1948,,"[53.3, 29.9]",3920402,72,,,,,,,,,,,,,,,,,,,,,,,,,2,From Kick Off,Ramy Bensebaini,3191.0,Left Center Back,107,Algeria,4898,['748f46ee-32a8-4b09-ae92-96ef1ea430d3'],6,,,,,,,,,,,,,,,,,,,Algeria,4898,00:27:06.793,Ball Receipt*,
,,,,,,,,,,,,,,,,,,,,,,,,,,,,,,acd97d77-a0e2-4d3e-ab8a-74cd34ce7246,1951,,"[64.9, 8.8]",3920402,72,,,,,,,,,,,,,,,,,,,,,,,,,2,From Kick Off,Mohamed Youcef Belaïli,103464.0,Left Wing,107,Algeria,4898,['1aa58785-219a-4cca-880f-94eeb1181cb1'],9,,,,,,,,,,,,,,,,,,,Algeria,4898,00:27:09.725,Ball Receipt*,
,,,,,,,,,,,,,,,,,,,,,,,,,,,,,,33a84fc8-4940-48eb-b996-2d01cd61f093,1955,,"[49.4, 29.1]",3920402,72,,,,,,,,,,,,,,,,,,,,,,,,,2,From Kick Off,Ramy Bensebaini,3191.0,Left Center Back,107,Algeria,4898,['3e666feb-17ad-4a56-905d-d72654022c7e'],11,,,,,,,,,,,,,,,,,,,Algeria,4898,00:27:11.934,Ball Receipt*,
,,,,,,,,,,,,,,,,,,,,,,,,,,,,,,f56715fd-38f5-46aa-973a-056a18f9120e,1958,,"[50.0, 51.0]",3920402,72,,,,,,,,,,,,,,,,,,,,,,,,,2,From Kick Off,Aïssa Mandi,6648.0,Right Center Back,107,Algeria,4898,['bcf8b589-5632-4a9c-8acb-0e0c1a0669bc'],14,,,,,,,,,,,,,,,,,,,Algeria,4898,00:27:14.454,Ball Receipt*,
,,,,,,,,,,,,,,,,,,,,,,,,,,,,,,6f8a13d9-2cc7-43f1-9648-d72a817a5560,1960,,"[21.4, 35.9]",3920402,72,,,,,,,,,,,,,,,,,,,,,,,,,2,From Kick Off,Anthony Louis Mandréa,41381.0,Goalkeeper,107,Algeria,4898,['8c32c6fc-6d7a-42fb-9408-bd18e1f3590a'],16,,,,,,,,,,,,,,,,,,,Algeria,4898,00:27:16.854,Ball Receipt*,
,,,,,,,,,,,,,,,,,,,,,,,,,,,,,,75761f44-97a0-4900-a746-c4867d9e0a1b,1963,,"[37.8, 15.6]",3920402,72,,,,,,,,,,,,,,,,,,,,,,,,,2,From Kick Off,Ramiz Larbi Zerrouki,38345.0,Left Defensive Midfield,107,Algeria,4898,['63498355-ffd4-47eb-8b1a-99ac70984ddf'],19,,,,,,,,,,,,,,,,,,,Algeria,4898,00:27:19.283,Ball Receipt*,
,,,,,,,,,,,,,,,,,,,,,,,,,,,,,,879b0202-72b7-439f-882f-68ee0c43538e,1967,,"[46.9, 46.7]",3920402,72,,,,,,,,,,,,,,,,,,,,,,,,,2,From Kick Off,Aïssa Mandi,6648.0,Right Center Back,107,Algeria,4898,['539db18c-3b95-4935-880b-e60887b688eb'],24,,,,,,,,,,,,,,,,,,,Algeria,4898,00:27:24.357,Ball Receipt*,
,,,,,,,,,,,,,,,,,,,,,,,,,,,,,,4434a5f8-ff9f-4aba-97e5-d98d05fd88b7,1970,,"[58.4, 35.1]",3920402,72,,,,,,,,,,,,,,,,,,,,,,,,,2,From Kick Off,Nabil Bentaleb,8520.0,Right Defensive Midfield,107,Algeria,4898,['0014303e-aadf-4f6b-b4ad-0aae822de169'],27,,,,,,,,,,,,,,,,,,,Algeria,4898,00:27:27.173,Ball Receipt*,
,,,,,,,,,,,,,,,,,,,,,,,,,,,,,,8ac0f050-8864-4957-be82-35cdcd2dd5b1,1973,,"[64.9, 17.7]",3920402,72,,,,,,,,,,,,,,,,,,,,,,,,,2,From Kick Off,Ramiz Larbi Zerrouki,38345.0,Left Defensive Midfield,107,Algeria,4898,['9ed93d81-1ed4-4193-b0bd-ec874e199a4c'],29,,,,,,,,,,,,,,,,,,,Algeria,4898,00:27:29.370,Ball Receipt*,
,,,,,,,,,,,,,,,,,,,,,,,,,,,,,,ad935555-c415-4f7b-b384-afacac4e7922,1976,,"[80.8, 9.3]",3920402,72,,,,,,,,,,,,,,,,,,,,,,,,,2,From Kick Off,Mohamed Youcef Belaïli,103464.0,Left Wing,107,Algeria,4898,['f2b118d0-5f10-4cc9-88d0-f0987911f86b'],31,,,,,,,,,,,,,,,,,,,Algeria,4898,00:27:31.830,Ball Receipt*,
,,,,,,,,,,,,,,,,,,,,,,,,,,,,,,c5b7757b-8967-408a-8808-4961c5d57e9f,1980,,"[68.7, 9.2]",3920402,72,,,,,,,,,,,,,,,,,,,,,,,,,2,From Kick Off,Ramiz Larbi Zerrouki,38345.0,Left Defensive Midfield,107,Algeria,4898,['398d0f70-1afe-497b-9984-c71784e86117'],33,,,,,,,,,,,,,,,,,,,Algeria,4898,00:27:33.658,Ball Receipt*,
,,,,,,,,,,,,,,,,,,,,,,,,,,,,,,0f6804bf-6266-4f8f-b597-de53f1f579e3,1983,,"[105.4, 72.5]",3920402,72,,,,,,,,,,,,,,,,,,,,,,,,,2,From Kick Off,Riyad Mahrez,3814.0,Right Wing,107,Algeria,4898,['3a62b5f9-24ec-43ea-98eb-33b1d4cce1c7'],38,,,,,,,,,,,,,,,,,,,Algeria,4898,00:27:38.351,Ball Receipt*,
,,Incomplete,,,,,,,,,,,,,,,,,,,,,,,,,,,,70e48d12-5a28-4109-8c12-03f696b9da72,1987,,"[96.0, 78.0]",3920402,72,,,,,,,,,,,,,,,,,,,,,,,,,2,From Kick Off,Baghdad Bounedjah,103465.0,Center Forward,107,Algeria,4898,['75eaa96f-4287-4a2c-aaf7-8564eca77fba'],40,,,,,,,,,,,,,,,,,,,Algeria,4898,00:27:40.681,Ball Receipt*,
,,,,,,,,,,,,,,,,,,,,,,,,,,,,,,9e3986a4-8ec2-4c9c-bbe5-6816697057ab,1995,,"[84.2, 5.0]",3920402,73,,,,,,,,,,,,,,,,,,,,,,,,,2,Regular Play,Abdoul Fessal Tapsoba,43705.0,Left Midfield,109,Burkina Faso,4921,['978455ae-4a20-449c-8158-b2a6bed6c765'],48,,,,,,,,,,,,,,,,,,,Burkina Faso,4921,00:28:48.167,Ball Receipt*,
,,Incomplete,,,,,,,,,,,,,,,,,,,,,,,,,,,,1c62f459-d6f8-4277-be34-b44066dd5ef5,1998,,"[90.8, 21.9]",3920402,73,,,,,,,,,,,,,,,,,,,,,,,,,2,Regular Play,Bertrand Isidore Traoré,2956.0,Center Forward,109,Burkina Faso,4921,['61f08ffb-a6ac-4bc4-93ad-df6cacd5415e'],50,,,,,,,,,,,,,,,,,,,Burkina Faso,4921,00:28:50.219,Ball Receipt*,
,,,,,,,,,,,,,,,,,,,,,,,,,,,,,,6d5ccd67-1bf8-4fbd-bb0b-3901fd2156bc,2001,,"[34.3, 54.1]",3920402,73,,,,,,,,,,,,,,,,,,,,,,,,,2,Regular Play,Nabil Bentaleb,8520.0,Right Defensive Midfield,110,Algeria,4898,['ae4039c0-ad77-44d5-b808-66b8924fa875'],51,,,,,,,,,,,,,,,,,,,Algeria,4898,00:28:51.619,Ball Receipt*,
,,,,,,,,,,,,,,,,,,,,,,,,,,,,,,cba65d9f-c23b-4581-a93b-cdf5fdebb63a,2004,,"[19.6, 39.4]",3920402,73,,,,,,,,,,,,,,,,,,,,,,,,,2,Regular Play,Ramy Bensebaini,3191.0,Left Center Back,110,Algeria,4898,['6d64aa6a-0f32-44e4-abe7-4cd7fee82d39'],53,,,,,,,,,,,,,,,,,,,Algeria,4898,00:28:53.533,Ball Receipt*,
,,,,,,,,,,,,,,,,,,,,,,,,,,,,,,bf10c960-2ea3-4de4-bdd6-f34c37fae7ee,2007,,"[25.4, 49.8]",3920402,73,,,,,,,,,,,,,,,,,,,,,,,,,2,Regular Play,Aïssa Mandi,6648.0,Right Center Back,110,Algeria,4898,['eeca90f4-fb64-41dc-b815-7991442d2285'],57,,,,,,,,,,,,,,,,,,,Algeria,4898,00:28:57.388,Ball Receipt*,
,,,,,,,,,,,,,,,,,,,,,,,,,,,,,,ca17c71d-2fdf-4f4d-9d83-396a8c9be259,2011,,"[50.6, 36.7]",3920402,74,,,,,,,,,,,,,,,,,,,,,,,,,2,Regular Play,Fares Chaïbi,217047.0,Center Attacking Midfield,110,Algeria,4898,"['ad0c683f-ca57-4a73-b737-819fcc6d3b69', '3bb09ed6-b114-41d3-99b4-e30cbbe94289']",4,,,,,,,,,,,,,,,,,,,Algeria,4898,00:29:04.493,Ball Receipt*,True
,,,,,,,,,,,,,,,,,,,,,,,,,,,,,,883a0f57-d53b-46c8-8552-ca37108841c1,2013,,"[36.3, 44.8]",3920402,74,,,,,,,,,,,,,,,,,,,,,,,,,2,Regular Play,Aïssa Mandi,6648.0,Right Center Back,110,Algeria,4898,['1c061550-7352-4336-8cac-217b54d2048b'],5,,,,,,,,,,,,,,,,,,,Algeria,4898,00:29:05.532,Ball Receipt*,
,,,,,,,,,,,,,,,,,,,,,,,,,,,,,,750cf9cd-17bb-42e8-9f1b-4a8215b3c233,2016,,"[42.5, 75.6]",3920402,74,,,,,,,,,,,,,,,,,,,,,,,,,2,Regular Play,Youcef Atal,10040.0,Right Back,110,Algeria,4898,['8139ceec-2816-417c-9cbd-11c54a2a7bfa'],9,,,,,,,,,,,,,,,,,,,Algeria,4898,00:29:09.664,Ball Receipt*,
,,,,,,,,,,,,,,,,,,,,,,,,,,,,,,c6ee6cc3-8808-49a9-83e7-2895fb51ea9a,2019,,"[18.3, 38.6]",3920402,74,,,,,,,,,,,,,,,,,,,,,,,,,2,Regular Play,Anthony Louis Mandréa,41381.0,Goalkeeper,110,Algeria,4898,['7df10f58-02f9-4c75-9240-2b4df954a9e9'],14,,,,,,,,,,,,,,,,,,,Algeria,4898,00:29:14.855,Ball Receipt*,
,,,,,,,,,,,,,,,,,,,,,,,,,,,,,,0c3d03ea-1f4d-4c4e-9f40-f3ea292422ba,2022,,"[35.7, 13.0]",3920402,74,,,,,,,,,,,,,,,,,,,,,,,,,2,Regular Play,Ramy Bensebaini,3191.0,Left Center Back,110,Algeria,4898,['e344567d-8f26-4385-8df7-39c6d0db810c'],17,,,,,,,,,,,,,,,,,,,Algeria,4898,00:29:17.836,Ball Receipt*,
,,,,,,,,,,,,,,,,,,,,,,,,,,,,,,dc9eb4f2-4080-45c0-9e87-ed43413cc200,2025,,"[48.6, 47.7]",3920402,74,,,,,,,,,,,,,,,,,,,,,,,,,2,Regular Play,Aïssa Mandi,6648.0,Right Center Back,110,Algeria,4898,['80ab4f87-aa21-4fb3-be3b-3fff8cc7dde6'],23,,,,,,,,,,,,,,,,,,,Algeria,4898,00:29:23.484,Ball Receipt*,
,,Incomplete,,,,,,,,,,,,,,,,,,,,,,,,,,,,497eb95a-c123-40d8-bb5d-3a0a72d5eab3,2028,,"[101.8, 4.5]",3920402,74,,,,,,,,,,,,,,,,,,,,,,,,,2,Regular Play,Mohamed El Amine Amoura,141358.0,Left Wing,110,Algeria,4898,['56192781-860e-41be-b219-a09f7d42c79a'],29,,,,,,,,,,,,,,,,,,,Algeria,4898,00:29:29.652,Ball Receipt*,
,,,,,,,,,,,,,,,,,,,,,,,,,,,,,,6f24f780-6616-4b45-826d-18651463da3b,2031,,"[73.7, 30.1]",3920402,74,,,,,,,,,,,,,,,,,,,,,,,,,2,Regular Play,Nabil Bentaleb,8520.0,Right Defensive Midfield,110,Algeria,4898,['d7736fab-9555-4e42-ad69-f27c9ceebcff'],33,,,,,,,,,,,,,,,,,,,Algeria,4898,00:29:33.005,Ball Receipt*,
,,,,,,,,,,,,,,,,,,,,,,,,,,,,,,f98717e4-cd95-4f5b-96d2-88ecc8bd5c8f,2034,,"[83.2, 22.5]",3920402,74,,,,,,,,,,,,,,,,,,,,,,,,,2,Regular Play,Rayan Aït Nouri,12111.0,Left Back,110,Algeria,4898,['1dfe775c-552c-48c0-8757-fa59403aed18'],34,,,,,,,,,,,,,,,,,,,Algeria,4898,00:29:34.307,Ball Receipt*,
,,,,,,,,,,,,,,,,,,,,,,,,,,,,,,25b6d6f7-baf4-4c31-9d0b-60f5be6a5e45,2037,,"[103.7, 3.3]",3920402,74,,,,,,,,,,,,,,,,,,,,,,,,,2,Regular Play,Mohamed El Amine Amoura,141358.0,Left Wing,110,Algeria,4898,['d033ab6c-630f-479e-bbc6-5ad9bbaf502e'],37,,,,,,,,,,,,,,,,,,,Algeria,4898,00:29:37.107,Ball Receipt*,
,,,,,,,,,,,,,,,,,,,,,,,,,,,,,,edd8811b-9551-4322-991d-10fd774ae681,2044,,"[20.4, 74.3]",3920402,74,,,,,,,,,,,,,,,,,,,,,,,,,2,Regular Play,Adamo Nagalo,99280.0,Right Back,110,Algeria,4898,['342120fb-ba56-4e1d-8a02-06276bf31f92'],41,,,,,,,,,,,,,,,,,,,Burkina Faso,4921,00:29:41.966,Ball Receipt*,
,,,,,,,,,,,,,,,,,,,,,,,,,,,,,,8749c7a1-658c-493f-8bb7-554ccf0a731a,2049,,"[98.3, 3.1]",3920402,76,,,,,,,,,,,,,,,,,,,,,,,,,2,From Throw In,Mohamed El Amine Amoura,141358.0,Left Wing,111,Algeria,4898,['9c1fc9b2-ec16-4160-ab50-9830354f1fb0'],32,,,,,,,,,,,,,,,,,,,Algeria,4898,00:31:32.481,Ball Receipt*,
,,,,,,,,,,,,,,,,,,,,,,,,,,,,,,f46ab3ed-7b56-4fd2-8044-400deb10d5a4,2053,,"[90.9, 1.0]",3920402,76,,,,,,,,,,,,,,,,,,,,,,,,,2,From Throw In,Rayan Aït Nouri,12111.0,Left Back,111,Algeria,4898,['1b11bee4-d49f-4561-90f6-f49fabe43c1b'],33,,,,,,,,,,,,,,,,,,,Algeria,4898,00:31:33.416,Ball Receipt*,
,,,,,,,,,,,,,,,,,,,,,,,,,,,,,,2b45f8a6-7edb-432f-a76f-c1bdf16933e8,2056,,"[77.8, 4.7]",3920402,76,,,,,,,,,,,,,,,,,,,,,,,,,2,From Throw In,Ramiz Larbi Zerrouki,38345.0,Left Defensive Midfield,111,Algeria,4898,['3e3ba91a-eb70-41b8-b485-7232f5c5f9c9'],37,,,,,,,,,,,,,,,,,,,Algeria,4898,00:31:37.181,Ball Receipt*,
,,,,,,,,,,,,,,,,,,,,,,,,,,,,,,1d5829ae-5aa5-4e0e-97f8-431f892e597c,2059,,"[70.8, 37.5]",3920402,76,,,,,,,,,,,,,,,,,,,,,,,,,2,From Throw In,Nabil Bentaleb,8520.0,Right Defensive Midfield,111,Algeria,4898,['61d2cd49-ae96-4c75-a1f6-5592f028d04e'],39,,,,,,,,,,,,,,,,,,,Algeria,4898,00:31:39.401,Ball Receipt*,
,,,,,,,,,,,,,,,,,,,,,,,,,,,,,,63133fa9-4c57-4e7c-b91b-c815c2905d45,2062,,"[69.4, 47.1]",3920402,76,,,,,,,,,,,,,,,,,,,,,,,,,2,From Throw In,Aïssa Mandi,6648.0,Right Center Back,111,Algeria,4898,['cbbf770c-2b62-4ef6-8606-5d71d25e4619'],41,,,,,,,,,,,,,,,,,,,Algeria,4898,00:31:41.390,Ball Receipt*,
,,,,,,,,,,,,,,,,,,,,,,,,,,,,,,703277d4-1e69-4170-a33b-66bdc1153451,2065,,"[67.7, 38.4]",3920402,76,,,,,,,,,,,,,,,,,,,,,,,,,2,From Throw In,Nabil Bentaleb,8520.0,Right Defensive Midfield,111,Algeria,4898,['46427c41-12c6-4cba-9997-d921025cb635'],42,,,,,,,,,,,,,,,,,,,Algeria,4898,00:31:42.597,Ball Receipt*,
,,,,,,,,,,,,,,,,,,,,,,,,,,,,,,25f87a58-5d84-4505-ab9a-4000857b3fc6,2068,,"[71.6, 50.6]",3920402,76,,,,,,,,,,,,,,,,,,,,,,,,,2,From Throw In,Aïssa Mandi,6648.0,Right Center Back,111,Algeria,4898,['f012c7d1-e5fe-47d1-ae6f-d6928849ea7e'],46,,,,,,,,,,,,,,,,,,,Algeria,4898,00:31:46.105,Ball Receipt*,
,,,,,,,,,,,,,,,,,,,,,,,,,,,,,,cfdffd42-15b5-4d01-b5e0-4548c4904397,2071,,"[94.1, 73.3]",3920402,76,,,,,,,,,,,,,,,,,,,,,,,,,2,From Throw In,Youcef Atal,10040.0,Right Back,111,Algeria,4898,['ec5423cb-59fb-4a10-978a-98837fe186ea'],48,,,,,,,,,,,,,,,,,,,Algeria,4898,00:31:48.947,Ball Receipt*,
,,,,,,,,,,,,,,,,,,,,,,,,,,,,,,02d73493-7e48-496c-9a0c-9139aa1172ff,2074,,"[83.5, 43.3]",3920402,76,,,,,,,,,,,,,,,,,,,,,,,,,2,From Throw In,Nabil Bentaleb,8520.0,Right Defensive Midfield,111,Algeria,4898,['2b7f2b52-673e-426b-b546-d3d7595ee10f'],53,,,,,,,,,,,,,,,,,,,Algeria,4898,00:31:53.422,Ball Receipt*,
,,,,,,,,,,,,,,,,,,,,,,,,,,,,,,03f80fb4-6c0e-42d3-af2d-a23e3c6b15bc,2082,,"[41.0, 76.8]",3920402,76,,,,,,,,,,,,,,,,,,,,,,,,,2,Regular Play,Issa Kabore,35471.0,Right Midfield,112,Burkina Faso,4921,['5706732d-3262-409e-8bc4-076ac557b700'],59,,,,,,,,,,,,,,,,,,,Burkina Faso,4921,00:31:59.003,Ball Receipt*,
,,,,,,,,,,,,,,,,,,,,,,,,,,,,,,fdfdff02-6120-4c50-ad5c-e71b0b55be2a,2087,,"[50.1, 78.1]",3920402,77,,,,,,,,,,,,,,,,,,,,,,,,,2,From Throw In,Gustavo Fabrice Sangaré,45466.0,Right Center Midfield,113,Burkina Faso,4921,['605b63a3-8e8e-4707-9f61-0bb7eb6881d5'],22,,,,,,,,,,,,,,,,,,,Burkina Faso,4921,00:32:22.124,Ball Receipt*,
,,Incomplete,,,,,,,,,,,,,,,,,,,,,,,,,,,,71720ce6-88a3-4d7b-a32a-bdea9e0d0996,2091,,"[42.7, 77.5]",3920402,77,,,,,,,,,,,,,,,,,,,,,,,,,2,From Throw In,Issa Kabore,35471.0,Right Midfield,113,Burkina Faso,4921,['26ead82d-a877-43bb-8451-53cb63bb359c'],23,,,,,,,,,,,,,,,,,,,Burkina Faso,4921,00:32:23.400,Ball Receipt*,
,,,,,,,,,,,,,,,,,,,,,,,,,,,,,,72e310c1-f6af-4a77-b3cb-dc7547bb1242,2096,,"[86.1, 2.0]",3920402,77,,,,,,,,,,,,,,,,,,,,,,,,,2,Regular Play,Mohamed El Amine Amoura,141358.0,Left Wing,114,Algeria,4898,['23dc9b9b-f388-4ac1-b4d4-7217c5109da6'],26,,,,,,,,,,,,,,,,,,,Algeria,4898,00:32:26.702,Ball Receipt*,
,,,,,,,,,,,,,,,,,,,,,,,,,,,,,,5222bb64-e20a-4555-a494-ca56fe728e87,2102,,"[81.8, 2.6]",3920402,77,,,,,,,,,,,,,,,,,,,,,,,,,2,From Throw In,Ramiz Larbi Zerrouki,38345.0,Left Defensive Midfield,115,Algeria,4898,['1262092b-76bf-4dba-a5ba-47545e20e3db'],35,,,,,,,,,,,,,,,,,,,Algeria,4898,00:32:35.063,Ball Receipt*,
,,,,,,,,,,,,,,,,,,,,,,,,,,,,,,8b818268-7663-465e-b4cb-513f319add55,2105,,"[55.8, 8.2]",3920402,77,,,,,,,,,,,,,,,,,,,,,,,,,2,From Throw In,Ramy Bensebaini,3191.0,Left Center Back,115,Algeria,4898,['d4619be4-96f4-4614-86e6-b43ab2e9594d'],37,,,,,,,,,,,,,,,,,,,Algeria,4898,00:32:37.356,Ball Receipt*,
,,,,,,,,,,,,,,,,,,,,,,,,,,,,,,76cf0773-e7c2-4089-9f42-3f635c09e348,2108,,"[67.1, 40.6]",3920402,77,,,,,,,,,,,,,,,,,,,,,,,,,2,From Throw In,Aïssa Mandi,6648.0,Right Center Back,115,Algeria,4898,['d1118749-e905-4dc9-94ee-8fc9e10a25b6'],39,,,,,,,,,,,,,,,,,,,Algeria,4898,00:32:39.580,Ball Receipt*,
,,,,,,,,,,,,,,,,,,,,,,,,,,,,,,9e35dd0d-55e9-4d73-9d73-90b175921cd5,2111,,"[64.8, 13.6]",3920402,77,,,,,,,,,,,,,,,,,,,,,,,,,2,From Throw In,Ramiz Larbi Zerrouki,38345.0,Left Defensive Midfield,115,Algeria,4898,['3af6a8c4-c2cd-41b7-8aa9-db0d64c2f8de'],43,,,,,,,,,,,,,,,,,,,Algeria,4898,00:32:43.212,Ball Receipt*,
,,,,,,,,,,,,,,,,,,,,,,,,,,,,,,90eae192-83d3-471f-879a-3192ed3d631a,2114,,"[78.7, 43.8]",3920402,77,,,,,,,,,,,,,,,,,,,,,,,,,2,From Throw In,Aïssa Mandi,6648.0,Right Center Back,115,Algeria,4898,['1f5708cb-fb08-4c14-9f4c-7b2a71eba51d'],50,,,,,,,,,,,,,,,,,,,Algeria,4898,00:32:50.447,Ball Receipt*,
,,,,,,,,,,,,,,,,,,,,,,,,,,,,,,02ca33a6-284a-4f32-a9b6-8a3f97079c76,2117,,"[99.8, 71.0]",3920402,77,,,,,,,,,,,,,,,,,,,,,,,,,2,From Throw In,Youcef Atal,10040.0,Right Back,115,Algeria,4898,['44ac5db0-59ff-470a-b535-7d55751e9ca3'],53,,,,,,,,,,,,,,,,,,,Algeria,4898,00:32:53.507,Ball Receipt*,
,,,,,,,,,,,,,,,,,,,,,,,,,,,,,,9fdc35d2-513f-4975-a965-f7092ecdfd57,2120,,"[117.3, 62.8]",3920402,77,,,,,,,,,,,,,,,,,,,,,,,,,2,From Throw In,Adam Ounas,10448.0,Right Wing,115,Algeria,4898,['36019c53-c5b9-44e5-8214-d212fc129457'],57,,,,,,,,,,,,,,,,,,,Algeria,4898,00:32:57.391,Ball Receipt*,
,,,,,,,,,,,,,,,,,,,,,,,,,,,,,,d107bb4e-cbf0-41a2-bdaa-70e42d3db391,2126,,"[110.9, 34.4]",3920402,78,,,,,,,,,,,,,,,,,,,,,,,,,2,From Corner,Aïssa Mandi,6648.0,Right Center Back,116,Algeria,4898,['1907995f-2c23-4814-9ab5-b59d9b53e8f6'],25,,,,,,,,,,,,,,,,,,,Algeria,4898,00:33:25.377,Ball Receipt*,
,,,,,,,,,,,,,,,,,,,,,,,,,,,,,,036989a2-172d-4923-9269-f46fc92ce70d,2132,,"[57.8, 30.3]",3920402,78,,,,,,,,,,,,,,,,,,,,,,,,,2,Regular Play,Ramiz Larbi Zerrouki,38345.0,Left Defensive Midfield,117,Algeria,4898,['6ad9e66b-971d-4b4b-9c69-09747ff06cea'],36,,,,,,,,,,,,,,,,,,,Algeria,4898,00:33:36.075,Ball Receipt*,
,,,,,,,,,,,,,,,,,,,,,,,,,,,,,,2ef1595e-420f-41d8-a905-c4e1a19d4ceb,2135,,"[82.4, 2.2]",3920402,78,,,,,,,,,,,,,,,,,,,,,,,,,2,Regular Play,Rayan Aït Nouri,12111.0,Left Back,117,Algeria,4898,['68595eac-8fe5-4bb4-aff6-60c1340f3af3'],40,,,,,,,,,,,,,,,,,,,Algeria,4898,00:33:40.978,Ball Receipt*,
,,,,,,,,,,,,,,,,,,,,,,,,,,,,,,d90e75c9-d782-4aa2-898c-568ebab182e2,2138,,"[101.2, 2.9]",3920402,78,,,,,,,,,,,,,,,,,,,,,,,,,2,Regular Play,Mohamed El Amine Amoura,141358.0,Left Wing,117,Algeria,4898,['3275f00f-38d8-4be5-849e-7f4cfebd9c63'],43,,,,,,,,,,,,,,,,,,,Algeria,4898,00:33:43.179,Ball Receipt*,
,,,,,,,,,,,,,,,,,,,,,,,,,,,,,,5fe0fa03-23c7-4419-8a56-873ff7c9ff8b,2141,,"[112.6, 35.8]",3920402,78,,,,,,,,,,,,,,,,,,,,,,,,,2,Regular Play,Baghdad Bounedjah,103465.0,Center Forward,117,Algeria,4898,['f00a87e7-3f2b-47f4-a882-65318bb9336d'],46,,,,,,,,,,,,,,,,,,,Algeria,4898,00:33:46.818,Ball Receipt*,
,,Incomplete,,,,,,,,,,,,,,,,,,,,,,,,,,,,211d7f58-8e7c-4f22-a63f-07cde829f08a,2149,,"[81.7, 27.5]",3920402,80,,,,,,,,,,,,,,,,,,,,,,,,,2,From Goal Kick,Bertrand Isidore Traoré,2956.0,Center Forward,118,Burkina Faso,4921,['933e4750-c6e6-4b75-87b4-1b7dae74f2b5'],27,,,,,,,,,,,,,,,,,,,Burkina Faso,4921,00:35:27.325,Ball Receipt*,
,,,,,,,,,,,,,,,,,,,,,,,,,,,,,,c8112717-960a-4038-8f01-64de50864065,2154,,"[4.7, 39.4]",3920402,80,,,,,,,,,,,,,,,,,,,,,,,,,2,Regular Play,Anthony Louis Mandréa,41381.0,Goalkeeper,119,Algeria,4898,"['87a6ce96-4c1d-47b2-90b3-45a2847605aa', 'e0e79cb2-bf9d-430e-a585-af9111bb125c']",32,,,,,,,,,,,,,,,,,,,Algeria,4898,00:35:32.790,Ball Receipt*,True
,,,,,,,,,,,,,,,,,,,,,,,,,,,,,,39b57633-a75c-4131-90bc-8abe7fb55187,2157,,"[20.2, 16.7]",3920402,80,,,,,,,,,,,,,,,,,,,,,,,,,2,Regular Play,Rayan Aït Nouri,12111.0,Left Back,119,Algeria,4898,['5e0daa19-6a36-4cd3-8988-4890d3362fd4'],34,,,,,,,,,,,,,,,,,,,Algeria,4898,00:35:34.788,Ball Receipt*,
,,,,,,,,,,,,,,,,,,,,,,,,,,,,,,03e4cc1a-f848-4ee8-b289-7c10cbd681f3,2160,,"[26.8, 22.5]",3920402,80,,,,,,,,,,,,,,,,,,,,,,,,,2,Regular Play,Fares Chaïbi,217047.0,Left Defensive Midfield,119,Algeria,4898,['416a7dfa-8847-4f7e-89a4-165a0daa9ed9'],36,,,,,,,,,,,,,,,,,,,Algeria,4898,00:35:36.877,Ball Receipt*,
,,,,,,,,,,,,,,,,,,,,,,,,,,,,,,cf5d4af6-d350-47f2-b297-50bdeaa4f475,2163,,"[40.3, 47.0]",3920402,80,,,,,,,,,,,,,,,,,,,,,,,,,2,Regular Play,Aïssa Mandi,6648.0,Right Center Back,119,Algeria,4898,['caccea0c-fda8-4c29-83b6-f63f405d312d'],43,,,,,,,,,,,,,,,,,,,Algeria,4898,00:35:43.930,Ball Receipt*,
,,,,,,,,,,,,,,,,,,,,,,,,,,,,,,b989ae1b-e31d-4206-89ba-e7d1bea12dec,2166,,"[54.9, 51.4]",3920402,80,,,,,,,,,,,,,,,,,,,,,,,,,2,Regular Play,Ramiz Larbi Zerrouki,38345.0,Right Defensive Midfield,119,Algeria,4898,['3a3cee5c-854b-4c42-a0b3-5ab91b3e6c73'],46,,,,,,,,,,,,,,,,,,,Algeria,4898,00:35:46.369,Ball Receipt*,
,,,,,,,,,,,,,,,,,,,,,,,,,,,,,,5998d273-3e56-41ec-8ff0-de0d03e83bea,2169,,"[72.9, 26.8]",3920402,80,,,,,,,,,,,,,,,,,,,,,,,,,2,Regular Play,Fares Chaïbi,217047.0,Left Defensive Midfield,119,Algeria,4898,['505c17e7-1778-4673-916e-9fefc1a2db57'],53,,,,,,,,,,,,,,,,,,,Algeria,4898,00:35:53.528,Ball Receipt*,
,,,,,,,,,,,,,,,,,,,,,,,,,,,,,,a5598d64-8b5d-4b9d-8262-6bc731e6619b,2172,,"[74.4, 11.4]",3920402,80,,,,,,,,,,,,,,,,,,,,,,,,,2,Regular Play,Rayan Aït Nouri,12111.0,Left Back,119,Algeria,4898,['1c8d656e-0f47-46d5-9df5-1421b413cd40'],54,,,,,,,,,,,,,,,,,,,Algeria,4898,00:35:54.608,Ball Receipt*,
,,,,,,,,,,,,,,,,,,,,,,,,,,,,,,f2aecb01-64c5-4e52-8a80-7390a2ca7e4a,2175,,"[79.0, 18.1]",3920402,80,,,,,,,,,,,,,,,,,,,,,,,,,2,Regular Play,Fares Chaïbi,217047.0,Left Defensive Midfield,119,Algeria,4898,['ecf7c199-beb0-4daf-b483-4cac18a00d62'],58,,,,,,,,,,,,,,,,,,,Algeria,4898,00:35:58.806,Ball Receipt*,
,,,,,,,,,,,,,,,,,,,,,,,,,,,,,,f9de00af-cff0-4959-8da8-c92f12dde0ed,2178,,"[118.1, 47.9]",3920402,81,,,,,,,,,,,,,,,,,,,,,,,,,2,Regular Play,Baghdad Bounedjah,103465.0,Left Center Forward,119,Algeria,4898,['b072a7fb-932f-47d4-8865-7b07a42f4988'],2,,,,,,,,,,,,,,,,,,,Algeria,4898,00:36:02.678,Ball Receipt*,
,,,,,,,,,,,,,,,,,,,,,,,,,,,,,,7f5cd73c-1ee4-4d2f-a39b-72cf60712226,2182,,"[12.7, 23.5]",3920402,81,,,,,,,,,,,,,,,,,,,,,,,,,2,From Goal Kick,Steeve Yago,3035.0,Left Back,120,Burkina Faso,4921,['63be2ee0-5503-4087-b2d2-83df18899a7f'],31,,,,,,,,,,,,,,,,,,,Burkina Faso,4921,00:36:31.055,Ball Receipt*,
,,,,,,,,,,,,,,,,,,,,,,,,,,,,,,f2ca4a67-0808-4e02-9490-b5229686a63b,2184,,"[36.2, 2.9]",3920402,81,,,,,,,,,,,,,,,,,,,,,,,,,2,From Goal Kick,Abdoul Fessal Tapsoba,43705.0,Left Midfield,120,Burkina Faso,4921,['542f71f8-c65e-46e3-b13b-5e4d2526c8fa'],34,,,,,,,,,,,,,,,,,,,Burkina Faso,4921,00:36:34.871,Ball Receipt*,
,,Incomplete,,,,,,,,,,,,,,,,,,,,,,,,,,,,663c388d-2be9-40c7-9ac8-796c00a81b9e,2187,,"[40.8, 7.7]",3920402,81,,,,,,,,,,,,,,,,,,,,,,,,,2,From Goal Kick,Ismahila Ouédraogo,106681.0,Center Defensive Midfield,120,Burkina Faso,4921,['10a3f20d-e437-4bb6-8fdb-123c4db02d54'],38,,,,,,,,,,,,,,,,,,,Burkina Faso,4921,00:36:38.984,Ball Receipt*,
,,,,,,,,,,,,,,,,,,,,,,,,,,,,,,13a08299-6937-41a6-ac1d-de01006e043e,2190,,"[91.3, 75.1]",3920402,81,,,,,,,,,,,,,,,,,,,,,,,,,2,Regular Play,Adam Ounas,10448.0,Right Midfield,121,Algeria,4898,['e6fca6e9-e88e-4b78-82c4-3bbcbb7c8d25'],40,,,,,,,,,,,,,,,,,,,Algeria,4898,00:36:40.732,Ball Receipt*,
,,,,,,,,,,,,,,,,,,,,,,,,,,,,,,d057a863-ef96-44a5-8871-3c4ffed80424,2197,,"[83.2, 72.4]",3920402,81,,,,,,,,,,,,,,,,,,,,,,,,,2,From Throw In,Ramiz Larbi Zerrouki,38345.0,Right Defensive Midfield,122,Algeria,4898,['70d24c76-0e63-4e43-8e9e-0c1c909a35a6'],49,,,,,,,,,,,,,,,,,,,Algeria,4898,00:36:49.406,Ball Receipt*,
,,,,,,,,,,,,,,,,,,,,,,,,,,,,,,620b63f2-6cec-4aee-9c18-aee87bd56c22,2201,,"[64.4, 64.6]",3920402,81,,,,,,,,,,,,,,,,,,,,,,,,,2,From Throw In,Aïssa Mandi,6648.0,Right Center Back,122,Algeria,4898,['116cada8-c135-4575-8d16-c8169a2fa86a'],52,,,,,,,,,,,,,,,,,,,Algeria,4898,00:36:52.402,Ball Receipt*,
,,,,,,,,,,,,,,,,,,,,,,,,,,,,,,8386a77d-440f-483a-beae-f04b60bf2e70,2204,,"[59.3, 40.3]",3920402,81,,,,,,,,,,,,,,,,,,,,,,,,,2,From Throw In,Ramy Bensebaini,3191.0,Left Center Back,122,Algeria,4898,['e6d3096f-50c3-4fb3-a31e-2f39d92f4217'],54,,,,,,,,,,,,,,,,,,,Algeria,4898,00:36:54.702,Ball Receipt*,
,,,,,,,,,,,,,,,,,,,,,,,,,,,,,,b772df44-4115-4f11-95b8-3e8f926de42f,2207,,"[82.2, 6.6]",3920402,81,,,,,,,,,,,,,,,,,,,,,,,,,2,From Throw In,Rayan Aït Nouri,12111.0,Left Back,122,Algeria,4898,['856f4a21-13a2-4b7c-af7b-9c67b58f0839'],58,,,,,,,,,,,,,,,,,,,Algeria,4898,00:36:58.141,Ball Receipt*,
,,,,,,,,,,,,,,,,,,,,,,,,,,,,,,c3cfaad4-2640-4da6-a78a-8453491bc78c,2210,,"[96.0, 2.8]",3920402,82,,,,,,,,,,,,,,,,,,,,,,,,,2,From Throw In,Mohamed El Amine Amoura,141358.0,Left Midfield,122,Algeria,4898,['15bc2a62-70fb-4644-ab66-eb34bf2fcf50'],1,,,,,,,,,,,,,,,,,,,Algeria,4898,00:37:01.889,Ball Receipt*,
,,Incomplete,,,,,,,,,,,,,,,,,,,,,,,,,,,,7d14d267-edee-4a84-8fa0-c12b79b581c8,2213,,"[107.8, 36.3]",3920402,82,,,,,,,,,,,,,,,,,,,,,,,,,2,From Throw In,Baghdad Bounedjah,103465.0,Left Center Forward,122,Algeria,4898,['b81068e7-ce0f-466f-b9ed-c8edb5b9fd35'],4,,,,,,,,,,,,,,,,,,,Algeria,4898,00:37:04.405,Ball Receipt*,
,,,,,,,,,,,,,,,,,,,,,,,,,,,,,,20a8b703-b112-4f22-99d6-7e47246638c9,2225,,"[102.2, 12.4]",3920402,83,,,,,,,,,,,,,,,,,,,,,,,,,2,From Free Kick,Cédric Badolo,44307.0,Left Midfield,124,Burkina Faso,4921,['3c732263-904b-45d7-9128-ef6fbf2a69d0'],48,,,,,,,,,,,,,,,,,,,Burkina Faso,4921,00:38:48.627,Ball Receipt*,
,,Incomplete,,,,,,,,,,,,,,,,,,,,,,,,,,,,d0aa1708-0a9c-4397-95e6-4d2e2deb178e,2227,,"[91.4, 21.5]",3920402,83,,,,,,,,,,,,,,,,,,,,,,,,,2,From Free Kick,Bertrand Isidore Traoré,2956.0,Center Forward,124,Burkina Faso,4921,['cd185c50-8a9f-4621-9a48-6ab166e501f7'],49,,,,,,,,,,,,,,,,,,,Burkina Faso,4921,00:38:49.705,Ball Receipt*,
,,,,,,,,,,,,,,,,,,,,,,,,,,,,,,d8803d77-ff30-41b8-9d05-97821ef180a2,2234,,"[9.5, 45.6]",3920402,84,,,,,,,,,,,,,,,,,,,,,,,,,2,From Free Kick,Anthony Louis Mandréa,41381.0,Goalkeeper,126,Algeria,4898,['c4ee1f0d-b926-40b1-9912-dcd440cce874'],1,,,,,,,,,,,,,,,,,,,Algeria,4898,00:39:01.500,Ball Receipt*,
,,,,,,,,,,,,,,,,,,,,,,,,,,,,,,cf371d1e-d837-43f5-9326-56db869becfe,2237,,"[12.3, 28.3]",3920402,84,,,,,,,,,,,,,,,,,,,,,,,,,2,From Free Kick,Ramy Bensebaini,3191.0,Left Center Back,126,Algeria,4898,['24ec5103-b30f-4989-9254-1ad622c92426'],3,,,,,,,,,,,,,,,,,,,Algeria,4898,00:39:03.707,Ball Receipt*,
,,,,,,,,,,,,,,,,,,,,,,,,,,,,,,19c6c390-486b-4d68-8d5b-6dfb8b4faf6c,2240,,"[26.0, 56.2]",3920402,84,,,,,,,,,,,,,,,,,,,,,,,,,2,From Free Kick,Aïssa Mandi,6648.0,Right Center Back,126,Algeria,4898,['9a0de389-2572-47c3-a156-0e31344aebeb'],8,,,,,,,,,,,,,,,,,,,Algeria,4898,00:39:08.181,Ball Receipt*,
,,,,,,,,,,,,,,,,,,,,,,,,,,,,,,ad0ac700-1797-44d4-bdc7-e67a8e7dc29b,2243,,"[46.2, 75.6]",3920402,84,,,,,,,,,,,,,,,,,,,,,,,,,2,From Free Kick,Youcef Atal,10040.0,Right Back,126,Algeria,4898,['eb0e860d-ca90-45cf-8a2a-3f5dfd454ce1'],11,,,,,,,,,,,,,,,,,,,Algeria,4898,00:39:11.273,Ball Receipt*,
,,,,,,,,,,,,,,,,,,,,,,,,,,,,,,fbbd1f41-0c35-4295-8842-24e3b7167ee4,2246,,"[37.3, 69.8]",3920402,84,,,,,,,,,,,,,,,,,,,,,,,,,2,From Free Kick,Aïssa Mandi,6648.0,Right Center Back,126,Algeria,4898,['57761349-7dc8-4627-948f-d1f23b05be54'],13,,,,,,,,,,,,,,,,,,,Algeria,4898,00:39:13.769,Ball Receipt*,
,,Incomplete,,,,,,,,,,,,,,,,,,,,,,,,,,,,23b185dc-982d-4630-bbee-71d1f1bfba89,2250,,"[54.5, 76.0]",3920402,84,,,,,,,,,,,,,,,,,,,,,,,,,2,From Free Kick,Ramiz Larbi Zerrouki,38345.0,Right Defensive Midfield,126,Algeria,4898,['fc287af3-fbd5-41cd-94d4-5497098f620c'],16,,,,,,,,,,,,,,,,,,,Algeria,4898,00:39:16.933,Ball Receipt*,
,,,,,,,,,,,,,,,,,,,,,,,,,,,,,,6e97f8bc-0fe7-49db-935e-b4620642ec1d,2253,,"[37.0, 76.8]",3920402,84,,,,,,,,,,,,,,,,,,,,,,,,,2,From Throw In,Aïssa Mandi,6648.0,Right Center Back,127,Algeria,4898,['0d352d0b-f649-4980-bdf8-0f8a5e22bdea'],30,,,,,,,,,,,,,,,,,,,Algeria,4898,00:39:30.295,Ball Receipt*,
,,,,,,,,,,,,,,,,,,,,,,,,,,,,,,38e9ff5b-eb8a-4aa3-a9df-e352054ee146,2255,,"[43.3, 77.6]",3920402,84,,,,,,,,,,,,,,,,,,,,,,,,,2,From Throw In,Youcef Atal,10040.0,Right Back,127,Algeria,4898,['8c477ff5-845f-416a-9217-ab22df66abfc'],31,,,,,,,,,,,,,,,,,,,Algeria,4898,00:39:31.133,Ball Receipt*,
,,,,,,,,,,,,,,,,,,,,,,,,,,,,,,e7564911-b24b-43f8-ab2a-a81d439a3201,2258,,"[34.5, 75.2]",3920402,84,,,,,,,,,,,,,,,,,,,,,,,,,2,From Throw In,Aïssa Mandi,6648.0,Right Center Back,127,Algeria,4898,['3867c653-3532-4ffa-88ff-4623922f525f'],32,,,,,,,,,,,,,,,,,,,Algeria,4898,00:39:32.960,Ball Receipt*,
,,,,,,,,,,,,,,,,,,,,,,,,,,,,,,fa6d57a8-c032-4cc2-a47c-7b253c13e09b,2261,,"[14.5, 47.5]",3920402,84,,,,,,,,,,,,,,,,,,,,,,,,,2,From Throw In,Anthony Louis Mandréa,41381.0,Goalkeeper,127,Algeria,4898,['65933c18-c891-4d66-9997-d4779e2f686b'],35,,,,,,,,,,,,,,,,,,,Algeria,4898,00:39:35.593,Ball Receipt*,
,,,,,,,,,,,,,,,,,,,,,,,,,,,,,,9bd7b17d-262b-4eaf-820d-fb83291e6014,2264,,"[32.8, 28.1]",3920402,84,,,,,,,,,,,,,,,,,,,,,,,,,2,From Throw In,Ramy Bensebaini,3191.0,Left Center Back,127,Algeria,4898,['c4244539-34d3-417f-9dfb-0e813317e477'],38,,,,,,,,,,,,,,,,,,,Algeria,4898,00:39:38.992,Ball Receipt*,
,,,,,,,,,,,,,,,,,,,,,,,,,,,,,,c57dbe7d-04bc-4e59-a3ce-d76e3d6f30b4,2267,,"[44.6, 15.3]",3920402,84,,,,,,,,,,,,,,,,,,,,,,,,,2,From Throw In,Fares Chaïbi,217047.0,Left Defensive Midfield,127,Algeria,4898,['e57bf30e-3f8b-4be3-b4d6-e99ed2b1fca9'],40,,,,,,,,,,,,,,,,,,,Algeria,4898,00:39:40.867,Ball Receipt*,
,,,,,,,,,,,,,,,,,,,,,,,,,,,,,,198bc2a2-8413-42d8-bed7-994f1c7ea19b,2270,,"[48.5, 30.3]",3920402,84,,,,,,,,,,,,,,,,,,,,,,,,,2,From Throw In,Ramy Bensebaini,3191.0,Left Center Back,127,Algeria,4898,['c99bff11-2333-4dad-be96-bff225f9d1ff'],45,,,,,,,,,,,,,,,,,,,Algeria,4898,00:39:45.040,Ball Receipt*,
,,,,,,,,,,,,,,,,,,,,,,,,,,,,,,e8288eb4-d0ca-4df0-818f-5c58cf7c352e,2274,,"[58.0, 21.2]",3920402,84,,,,,,,,,,,,,,,,,,,,,,,,,2,From Throw In,Fares Chaïbi,217047.0,Left Defensive Midfield,127,Algeria,4898,"['049cd49d-4b3b-41c3-be10-51133ab85bcc', 'd79e20b6-210c-432a-8d0d-4d91582c255b']",47,,,,,,,,,,,,,,,,,,,Algeria,4898,00:39:47.595,Ball Receipt*,True
,,,,,,,,,,,,,,,,,,,,,,,,,,,,,,f8981f24-a5b5-4198-b709-60c553652d4f,2277,,"[48.1, 30.3]",3920402,84,,,,,,,,,,,,,,,,,,,,,,,,,2,From Throw In,Ramy Bensebaini,3191.0,Left Center Back,127,Algeria,4898,['9ac1132a-1bfd-45e5-b75f-24dc342a0f30'],49,,,,,,,,,,,,,,,,,,,Algeria,4898,00:39:49.269,Ball Receipt*,
,,,,,,,,,,,,,,,,,,,,,,,,,,,,,,c19478d1-196d-41ff-b395-7b0391e1372d,2280,,"[57.4, 54.3]",3920402,84,,,,,,,,,,,,,,,,,,,,,,,,,2,From Throw In,Aïssa Mandi,6648.0,Right Center Back,127,Algeria,4898,['d81b1f3f-45a9-4a13-b345-76f28137514c'],52,,,,,,,,,,,,,,,,,,,Algeria,4898,00:39:52.956,Ball Receipt*,
,,,,,,,,,,,,,,,,,,,,,,,,,,,,,,b6ebfd72-8829-4e34-a4f7-fa7577cd716d,2283,,"[72.7, 10.7]",3920402,84,,,,,,,,,,,,,,,,,,,,,,,,,2,From Throw In,Fares Chaïbi,217047.0,Left Defensive Midfield,127,Algeria,4898,['df62f6b8-b656-4e75-ba26-884fdbea6c9f'],55,,,,,,,,,,,,,,,,,,,Algeria,4898,00:39:55.862,Ball Receipt*,
,,,,,,,,,,,,,,,,,,,,,,,,,,,,,,a58397ce-e636-4544-adcf-4e572478b7c1,2287,,"[41.0, 54.1]",3920402,84,,,,,,,,,,,,,,,,,,,,,,,,,2,From Counter,Dramane Salou,408160.0,Right Center Midfield,128,Burkina Faso,4921,['172c43db-5b80-46a4-99f9-6e1065e6378a'],58,,,,,,,,,,,,,,,,,,,Burkina Faso,4921,00:39:58.436,Ball Receipt*,
,,,,,,,,,,,,,,,,,,,,,,,,,,,,,,41edafa9-8681-4618-ab68-e4def1afb6f3,2290,,"[55.7, 58.5]",3920402,85,,,,,,,,,,,,,,,,,,,,,,,,,2,From Counter,Issa Kabore,35471.0,Right Midfield,128,Burkina Faso,4921,['add3b59c-2c95-4bef-b2c5-d6db66238db0'],0,,,,,,,,,,,,,,,,,,,Burkina Faso,4921,00:40:00.549,Ball Receipt*,
,,,,,,,,,,,,,,,,,,,,,,,,,,,,,,720b0a21-5cac-4bd8-b845-93c5f1cc5408,2298,,"[90.2, 1.6]",3920402,85,,,,,,,,,,,,,,,,,,,,,,,,,2,Regular Play,Mohamed El Amine Amoura,141358.0,Left Midfield,129,Algeria,4898,['e0ea79f3-3556-419b-877f-c44a710e6cdb'],8,,,,,,,,,,,,,,,,,,,Algeria,4898,00:40:08.271,Ball Receipt*,
,,,,,,,,,,,,,,,,,,,,,,,,,,,,,,635ed53d-7e49-4f06-8ea0-c1c960ee01e0,2301,,"[81.4, 13.2]",3920402,85,,,,,,,,,,,,,,,,,,,,,,,,,2,Regular Play,Rayan Aït Nouri,12111.0,Left Back,129,Algeria,4898,['591a5018-898a-4fbf-9d25-960a1ad5fa2c'],10,,,,,,,,,,,,,,,,,,,Algeria,4898,00:40:10.938,Ball Receipt*,
,,,,,,,,,,,,,,,,,,,,,,,,,,,,,,d655661d-2090-4d80-8fac-7ccf691b0a30,2304,,"[104.0, 10.7]",3920402,85,,,,,,,,,,,,,,,,,,,,,,,,,2,Regular Play,Fares Chaïbi,217047.0,Left Defensive Midfield,129,Algeria,4898,['23fa4042-1855-40b2-9cc9-d30e1647cc38'],13,,,,,,,,,,,,,,,,,,,Algeria,4898,00:40:13.969,Ball Receipt*,
,,,,,,,,,,,,,,,,,,,,,,,,,,,,,,b651aa15-9e10-41be-9046-77233401fe04,2307,,"[113.0, 49.7]",3920402,85,,,,,,,,,,,,,,,,,,,,,,,,,2,Regular Play,Islam Slimani,3811.0,Right Center Forward,129,Algeria,4898,['32d37492-d945-429d-8abf-04a22d6776c0'],18,,,,,,,,,,,,,,,,,,,Algeria,4898,00:40:18.492,Ball Receipt*,
,,,,,,,,,,,,,,,,,,,,,,,,,,,,,,0a522baf-1316-402d-af1c-52b39e0d4d40,2314,,"[31.4, 3.3]",3920402,85,,,,,,,,,,,,,,,,,,,,,,,,,2,From Throw In,Fares Chaïbi,217047.0,Left Defensive Midfield,130,Algeria,4898,['48f88cd5-49c7-4986-944e-cbe1034cafcc'],53,,,,,,,,,,,,,,,,,,,Algeria,4898,00:40:53.936,Ball Receipt*,
,,,,,,,,,,,,,,,,,,,,,,,,,,,,,,4a1d05da-c3b2-484e-8d94-8c6f3436c07c,2317,,"[14.9, 16.7]",3920402,85,,,,,,,,,,,,,,,,,,,,,,,,,2,From Throw In,Ramy Bensebaini,3191.0,Left Center Back,130,Algeria,4898,['c0b77748-3d99-4652-8aef-7052e559f34c'],56,,,,,,,,,,,,,,,,,,,Algeria,4898,00:40:56.599,Ball Receipt*,
,,,,,,,,,,,,,,,,,,,,,,,,,,,,,,ca119011-9a5a-47f5-a123-6f16f57618bb,2320,,"[28.7, 49.1]",3920402,85,,,,,,,,,,,,,,,,,,,,,,,,,2,From Throw In,Aïssa Mandi,6648.0,Right Center Back,130,Algeria,4898,['62ffdd18-760f-4a50-95a5-85c1f1719ff6'],59,,,,,,,,,,,,,,,,,,,Algeria,4898,00:40:59.078,Ball Receipt*,
,,,,,,,,,,,,,,,,,,,,,,,,,,,,,,ac41b215-8c82-4e02-ae11-7a21355c0d81,2323,,"[56.8, 75.2]",3920402,86,,,,,,,,,,,,,,,,,,,,,,,,,2,From Throw In,Youcef Atal,10040.0,Right Back,130,Algeria,4898,['cff80e83-5b38-4759-9565-c05ce3fdd1ef'],3,,,,,,,,,,,,,,,,,,,Algeria,4898,00:41:03.024,Ball Receipt*,
,,,,,,,,,,,,,,,,,,,,,,,,,,,,,,c0eeb33b-571f-46e3-9f13-66afbd1c9f75,2326,,"[107.8, 58.8]",3920402,86,,,,,,,,,,,,,,,,,,,,,,,,,2,From Throw In,Adam Ounas,10448.0,Right Midfield,130,Algeria,4898,['25f60450-7151-4718-b57a-7a2cbfa37460'],6,,,,,,,,,,,,,,,,,,,Algeria,4898,00:41:06.681,Ball Receipt*,
,,Incomplete,,,,,,,,,,,,,,,,,,,,,,,,,,,,ef778b7d-9ef2-4a92-8603-68ec1ac085ee,2332,,"[35.4, 17.1]",3920402,86,,,,,,,,,,,,,,,,,,,,,,,,,2,Regular Play,Bertrand Isidore Traoré,2956.0,Center Forward,131,Burkina Faso,4921,['e19f450a-4e30-4261-84fc-43adbb702bc9'],13,,,,,,,,,,,,,,,,,,,Burkina Faso,4921,00:41:13.861,Ball Receipt*,
,,,,,,,,,,,,,,,,,,,,,,,,,,,,,,50ad67d1-7b65-4bcd-8e4a-ac13012cd60e,2337,,"[91.2, 3.3]",3920402,86,,,,,,,,,,,,,,,,,,,,,,,,,2,From Throw In,Cédric Badolo,44307.0,Left Midfield,132,Burkina Faso,4921,['b2c14e89-7b11-4231-8ae0-d601a6cb144b'],34,,,,,,,,,,,,,,,,,,,Burkina Faso,4921,00:41:34.113,Ball Receipt*,
,,,,,,,,,,,,,,,,,,,,,,,,,,,,,,8f52ef87-ea68-43b4-8581-1384a35e7eed,2340,,"[86.6, 8.4]",3920402,86,,,,,,,,,,,,,,,,,,,,,,,,,2,From Throw In,Bertrand Isidore Traoré,2956.0,Center Forward,132,Burkina Faso,4921,['9358fc68-5ee6-4be1-8570-ed13598b928a'],37,,,,,,,,,,,,,,,,,,,Burkina Faso,4921,00:41:37.405,Ball Receipt*,
,,,,,,,,,,,,,,,,,,,,,,,,,,,,,,786efea6-4ade-4d37-98a4-07485670fc92,2345,,"[20.0, 24.7]",3920402,86,,,,,,,,,,,,,,,,,,,,,,,,,2,From Goal Kick,Ramy Bensebaini,3191.0,Left Center Back,133,Algeria,4898,['e234b1fc-120c-4b66-be02-a4181ad7a930'],52,,,,,,,,,,,,,,,,,,,Algeria,4898,00:41:52.302,Ball Receipt*,
,,,,,,,,,,,,,,,,,,,,,,,,,,,,,,7c97907d-a7fe-4bc3-b3f7-645ceb5fe80b,2347,,"[29.7, 29.5]",3920402,86,,,,,,,,,,,,,,,,,,,,,,,,,2,From Goal Kick,Fares Chaïbi,217047.0,Left Defensive Midfield,133,Algeria,4898,['de2b2e55-9de7-46c9-8780-147ec3d630e0'],55,,,,,,,,,,,,,,,,,,,Algeria,4898,00:41:55.374,Ball Receipt*,
,,,,,,,,,,,,,,,,,,,,,,,,,,,,,,e381a6e9-0b90-434d-99cb-4cf67f9c6452,2350,,"[97.5, 12.4]",3920402,87,,,,,,,,,,,,,,,,,,,,,,,,,2,From Goal Kick,Mohamed El Amine Amoura,141358.0,Left Midfield,133,Algeria,4898,['bdc02a60-e093-4ed5-902e-4e9df2d1000e'],2,,,,,,,,,,,,,,,,,,,Algeria,4898,00:42:02.531,Ball Receipt*,
,,Incomplete,,,,,,,,,,,,,,,,,,,,,,,,,,,,40b663d5-8466-4dc6-a700-eb573bc9e55a,2354,,"[116.3, 42.9]",3920402,87,,,,,,,,,,,,,,,,,,,,,,,,,2,From Goal Kick,Baghdad Bounedjah,103465.0,Left Center Forward,133,Algeria,4898,['6a31cc4d-786b-493d-a62e-d98eb5996495'],6,,,,,,,,,,,,,,,,,,,Algeria,4898,00:42:06.875,Ball Receipt*,
,,Incomplete,,,,,,,,,,,,,,,,,,,,,,,,,,,,2ec889d6-05f4-4e6f-8f05-adb38367e1c0,2359,,"[110.3, 38.6]",3920402,87,,,,,,,,,,,,,,,,,,,,,,,,,2,From Goal Kick,Islam Slimani,3811.0,Right Center Forward,133,Algeria,4898,['31b6252e-e1b9-4a83-ba53-69eba7d6664c'],15,,,,,,,,,,,,,,,,,,,Algeria,4898,00:42:15.008,Ball Receipt*,
,,,,,,,,,,,,,,,,,,,,,,,,,,,,,,8ef8270e-6119-4411-ba94-7d27ccad7e54,2365,,"[95.4, 31.6]",3920402,87,,,,,,,,,,,,,,,,,,,,,,,,,2,From Free Kick,Bertrand Isidore Traoré,2956.0,Center Forward,134,Burkina Faso,4921,"['9bf2f526-3497-4f83-b420-8a44ceaecb6e', 'e245cfa8-b6ec-4f66-9a2b-e8fe7c5bb67c']",56,,,,,,,,,,,,,,,,,,,Burkina Faso,4921,00:42:56.153,Ball Receipt*,True
,,,,,,,,,,,,,,,,,,,,,,,,,,,,,,d65d2915-c61e-4c98-a777-b58e339a8632,2369,,"[30.3, 41.9]",3920402,87,,,,,,,,,,,,,,,,,,,,,,,,,2,From Free Kick,Fares Chaïbi,217047.0,Left Defensive Midfield,134,Burkina Faso,4921,['68b2ac7c-6fe0-4bfe-b2d6-02065688884a'],59,,,,,,,,,,,,,,,,,,,Algeria,4898,00:42:59.579,Ball Receipt*,
,,Incomplete,,,,,,,,,,,,,,,,,,,,,,,,,,,,75af6511-ea62-40d1-a763-c51fc8f279fb,2375,,"[106.1, 41.5]",3920402,88,,,,,,,,,,,,,,,,,,,,,,,,,2,From Free Kick,Bertrand Isidore Traoré,2956.0,Center Forward,134,Burkina Faso,4921,['3f1b0a23-d423-4a2b-94cf-d40333e3b494'],3,,,,,,,,,,,,,,,,,,,Burkina Faso,4921,00:43:03.981,Ball Receipt*,
,,,,,,,,,,,,,,,,,,,,,,,,,,,,,,7adfe032-abfe-4324-b22f-59e41c0a29ca,2379,,"[42.5, 2.9]",3920402,88,,,,,,,,,,,,,,,,,,,,,,,,,2,Regular Play,Islam Slimani,3811.0,Right Center Forward,135,Algeria,4898,['c0cf106a-f99f-4fef-9ea7-302c199f7e24'],8,,,,,,,,,,,,,,,,,,,Algeria,4898,00:43:08.174,Ball Receipt*,
,,,,,,,,,,,,,,,,,,,,,,,,,,,,,,f25d8275-ead7-4ea3-8f69-b05b15efc083,2382,,"[70.2, 0.6]",3920402,88,,,,,,,,,,,,,,,,,,,,,,,,,2,Regular Play,Mohamed El Amine Amoura,141358.0,Left Midfield,135,Algeria,4898,['b7f1b18d-b108-4032-81ea-1679afd6e364'],11,,,,,,,,,,,,,,,,,,,Algeria,4898,00:43:11.336,Ball Receipt*,
,,,,,,,,,,,,,,,,,,,,,,,,,,,,,,033b221f-6433-4236-89de-e659cf14812f,2389,,"[90.3, 39.8]",3920402,88,,,,,,,,,,,,,,,,,,,,,,,,,2,Regular Play,Baghdad Bounedjah,103465.0,Left Center Forward,135,Algeria,4898,['4743097a-b8ce-49cc-9999-82db51f8fc4c'],19,,,,,,,,,,,,,,,,,,,Algeria,4898,00:43:19.639,Ball Receipt*,
,,,,,,,,,,,,,,,,,,,,,,,,,,,,,,b7d25468-3282-47f5-b627-5aa002e47ec2,2393,,"[98.1, 67.7]",3920402,88,,,,,,,,,,,,,,,,,,,,,,,,,2,Regular Play,Adam Ounas,10448.0,Right Midfield,135,Algeria,4898,['d848eec1-02d4-4ff8-90a8-269d165c651e'],22,,,,,,,,,,,,,,,,,,,Algeria,4898,00:43:22.248,Ball Receipt*,
,,Incomplete,,,,,,,,,,,,,,,,,,,,,,,,,,,,7f2fd217-2cf4-404f-8a12-418b480471ef,2396,,"[115.6, 34.3]",3920402,88,,,,,,,,,,,,,,,,,,,,,,,,,2,Regular Play,Rayan Aït Nouri,12111.0,Left Back,135,Algeria,4898,['5d6b89a5-ad96-4492-935b-194eb13d39a6'],26,,,,,,,,,,,,,,,,,,,Algeria,4898,00:43:26.651,Ball Receipt*,
,,,,,,,,,,,,,,,,,,,,,,,,,,,,,,899ee5e1-2497-469a-b7b0-1b99a0e3ae6e,2400,,"[43.5, 48.6]",3920402,88,,,,,,,,,,,,,,,,,,,,,,,,,2,From Counter,Bertrand Isidore Traoré,2956.0,Center Forward,136,Burkina Faso,4921,"['9aceff3e-0340-4cd6-bf0e-be50692ae090', 'd4e5895c-3589-4a03-82b4-b6866ffdf3f6']",30,,,,,,,,,,,,,,,,,,,Burkina Faso,4921,00:43:30.579,Ball Receipt*,True
,,Incomplete,,,,,,,,,,,,,,,,,,,,,,,,,,,,3c3b1f84-cdff-4cb6-9b6f-68ed50ac3d55,2403,,"[39.0, 60.5]",3920402,88,,,,,,,,,,,,,,,,,,,,,,,,,2,From Counter,Issa Kabore,35471.0,Right Midfield,136,Burkina Faso,4921,"['9aceff3e-0340-4cd6-bf0e-be50692ae090', '861c24b7-00c3-431b-94d1-9d222b9bad37']",30,,,,,,,,,,,,,,,,,,,Burkina Faso,4921,00:43:30.851,Ball Receipt*,True
,,,,,,,,,,,,,,,,,,,,,,,,,,,,,,13de7612-4f94-4363-a307-65cea16bc03c,2408,,"[90.4, 57.6]",3920402,88,,,,,,,,,,,,,,,,,,,,,,,,,2,From Counter,Issa Kabore,35471.0,Right Midfield,136,Burkina Faso,4921,['c11d0b1b-74e1-4fa0-b38c-eea7cb65a778'],36,,,,,,,,,,,,,,,,,,,Burkina Faso,4921,00:43:36.136,Ball Receipt*,
,,,,,,,,,,,,,,,,,,,,,,,,,,,,,,1c0283e3-cde3-4687-b04c-96b66b298e77,2415,,"[63.4, 2.2]",3920402,88,,,,,,,,,,,,,,,,,,,,,,,,,2,Regular Play,Mohamed El Amine Amoura,141358.0,Left Midfield,137,Algeria,4898,['88f6ad32-78ef-4d61-93a3-476e7211149f'],46,,,,,,,,,,,,,,,,,,,Algeria,4898,00:43:46.905,Ball Receipt*,
,,,,,,,,,,,,,,,,,,,,,,,,,,,,,,358af839-9b63-4bba-922b-fb68623b5c5c,2417,,"[69.4, 8.5]",3920402,88,,,,,,,,,,,,,,,,,,,,,,,,,2,Regular Play,Fares Chaïbi,217047.0,Left Defensive Midfield,137,Algeria,4898,['ec44a5f2-235d-4cfd-8b28-bfa0c25c9f03'],49,,,,,,,,,,,,,,,,,,,Algeria,4898,00:43:49.001,Ball Receipt*,
,,Incomplete,,,,,,,,,,,,,,,,,,,,,,,,,,,,073941aa-a367-4e87-b45b-e2e11ba2be4d,2422,,"[100.2, 18.3]",3920402,88,,,,,,,,,,,,,,,,,,,,,,,,,2,Regular Play,Mohamed El Amine Amoura,141358.0,Left Midfield,137,Algeria,4898,['71375cbe-67fe-4698-88aa-01852c0d3c83'],52,,,,,,,,,,,,,,,,,,,Algeria,4898,00:43:52.782,Ball Receipt*,
,,,,,,,,,,,,,,,,,,,,,,,,,,,,,,4d47b810-d749-4564-99c0-53fd1e41bece,2427,,"[31.1, 56.4]",3920402,88,,,,,,,,,,,,,,,,,,,,,,,,,2,Regular Play,Ismahila Ouédraogo,106681.0,Center Defensive Midfield,138,Burkina Faso,4921,['7dfe5f27-f284-4819-bc89-440d0b9be9d4'],55,,,,,,,,,,,,,,,,,,,Burkina Faso,4921,00:43:55.429,Ball Receipt*,
,,,,,,,,,,,,,,,,,,,,,,,,,,,,,,c057ea47-c78c-403a-a594-f88be922641f,2430,,"[20.3, 38.0]",3920402,88,,,,,,,,,,,,,,,,,,,,,,,,,2,Regular Play,Edmond Fayçal Tapsoba,30606.0,Left Center Back,138,Burkina Faso,4921,['f3b3c703-7acd-4d53-9e7c-e8b293b08233'],59,,,,,,,,,,,,,,,,,,,Burkina Faso,4921,00:43:59.099,Ball Receipt*,
,,,,,,,,,,,,,,,,,,,,,,,,,,,,,,287b1e56-e128-40af-a2af-cb4cecad9371,2434,,"[45.4, 70.4]",3920402,89,,,,,,,,,,,,,,,,,,,,,,,,,2,Regular Play,Dramane Salou,408160.0,Right Center Midfield,138,Burkina Faso,4921,['043aa334-e672-4b9d-bff8-9cab685fc28f'],2,,,,,,,,,,,,,,,,,,,Burkina Faso,4921,00:44:02.699,Ball Receipt*,
,,,,,,,,,,,,,,,,,,,,,,,,,,,,,,a230eab0-26fb-41c4-a401-137d123bad87,2438,,"[81.7, 72.9]",3920402,89,,,,,,,,,,,,,,,,,,,,,,,,,2,Regular Play,Bertrand Isidore Traoré,2956.0,Center Forward,138,Burkina Faso,4921,"['457611bd-95bb-439a-870a-34663f4f9aca', 'd27685ba-fca7-4bfe-a5c2-f24e98cba29d']",8,,,,,,,,,,,,,,,,,,,Burkina Faso,4921,00:44:08.594,Ball Receipt*,True
,,,,,,,,,,,,,,,,,,,,,,,,,,,,,,0ce6f599-e113-4578-ad33-30dea90b59cf,2442,,"[93.3, 48.6]",3920402,89,,,,,,,,,,,,,,,,,,,,,,,,,2,Regular Play,Dramane Salou,408160.0,Right Center Midfield,138,Burkina Faso,4921,"['d0280359-da65-432d-ace0-bce6189de790', '8fd88dc3-57ab-4794-b9a8-49a288906ac8']",16,,,,,,,,,,,,,,,,,,,Burkina Faso,4921,00:44:16.248,Ball Receipt*,True
,,,,,,,,,,,,,,,,,,,,,,,,,,,,,,83c01a64-001a-49e8-8158-1e41782ff4b7,2445,,"[97.4, 75.1]",3920402,89,,,,,,,,,,,,,,,,,,,,,,,,,2,Regular Play,Issa Kabore,35471.0,Right Midfield,138,Burkina Faso,4921,['4a8d8ebf-a93e-45eb-8b5f-c6216af86e86'],18,,,,,,,,,,,,,,,,,,,Burkina Faso,4921,00:44:18.410,Ball Receipt*,
,,Incomplete,,,,,,,,,,,,,,,,,,,,,,,,,,,,02f5eeac-214b-4451-8c65-de503ee62653,2449,,"[118.1, 47.1]",3920402,89,,,,,,,,,,,,,,,,,,,,,,,,,2,Regular Play,Cédric Badolo,44307.0,Left Midfield,138,Burkina Faso,4921,['d2b311ad-215a-47af-b25e-5739c3608232'],23,,,,,,,,,,,,,,,,,,,Burkina Faso,4921,00:44:23.721,Ball Receipt*,
,,,,,,,,,,,,,,,,,,,,,,,,,,,,,,fa8127c4-b6de-4064-83c3-461b1645d8d4,2451,,"[40.5, 22.3]",3920402,90,,,,,,,,,,,,,,,,,,,,,,,,,2,From Goal Kick,Ramy Bensebaini,3191.0,Left Center Back,139,Algeria,4898,['8cf1c175-c3bd-4ded-9f5e-57513c16c13b'],0,,,,,,,,,,,,,,,,,,,Algeria,4898,00:45:00.383,Ball Receipt*,
,,,,,,,,,,,,,,,,,,,,,,,,,,,,,,897364fc-2bba-4680-b098-407d6a614fa1,2453,,"[49.0, 49.3]",3920402,90,,,,,,,,,,,,,,,,,,,,,,,,,2,From Goal Kick,Aïssa Mandi,6648.0,Right Center Back,139,Algeria,4898,['23c5f5dd-2c1d-4bdc-afe3-d0ff2c079ff7'],8,,,,,,,,,,,,,,,,,,,Algeria,4898,00:45:08.020,Ball Receipt*,
,,,,,,,,,,,,,,,,,,,,,,,,,,,,,,edf7ece1-9831-47b5-826d-e0fb1517fa06,2456,,"[69.2, 71.2]",3920402,90,,,,,,,,,,,,,,,,,,,,,,,,,2,From Goal Kick,Adam Ounas,10448.0,Right Midfield,139,Algeria,4898,['70342ed7-d009-40b1-91d3-eba8ea7d57c9'],12,,,,,,,,,,,,,,,,,,,Algeria,4898,00:45:12.420,Ball Receipt*,
,,,,,,,,,,,,,,,,,,,,,,,,,,,,,,87f88dd4-4e9b-4a9c-82f0-ee4fe8061922,2459,,"[52.0, 37.2]",3920402,90,,,,,,,,,,,,,,,,,,,,,,,,,2,From Goal Kick,Ramy Bensebaini,3191.0,Left Center Back,139,Algeria,4898,['a288adaf-b1c0-4783-a02b-c787657a6c5f'],16,,,,,,,,,,,,,,,,,,,Algeria,4898,00:45:16.322,Ball Receipt*,
,,,,,,,,,,,,,,,,,,,,,,,,,,,,,,7cebb6e7-785f-4396-b714-6879a8e63086,2462,,"[62.4, 25.8]",3920402,90,,,,,,,,,,,,,,,,,,,,,,,,,2,From Goal Kick,Fares Chaïbi,217047.0,Left Defensive Midfield,139,Algeria,4898,['64c729a1-1b73-4e95-8c21-8efe4d82975a'],19,,,,,,,,,,,,,,,,,,,Algeria,4898,00:45:19.809,Ball Receipt*,
,,,,,,,,,,,,,,,,,,,,,,,,,,,,,,253affdf-f5ea-4cca-9749-6c76bf702212,2465,,"[72.5, 37.5]",3920402,90,,,,,,,,,,,,,,,,,,,,,,,,,2,From Goal Kick,Adam Ounas,10448.0,Right Midfield,139,Algeria,4898,['0035d88e-02fd-4b5f-bc1d-f4f1b08dcf55'],21,,,,,,,,,,,,,,,,,,,Algeria,4898,00:45:21.944,Ball Receipt*,
,,,,,,,,,,,,,,,,,,,,,,,,,,,,,,5872cdbf-34a9-4d9a-9bf4-106334e17af8,2469,,"[52.0, 58.4]",3920402,90,,,,,,,,,,,,,,,,,,,,,,,,,2,From Goal Kick,Aïssa Mandi,6648.0,Right Center Back,139,Algeria,4898,['27e1c36f-c332-4e03-b9d8-7d6f748f520d'],25,,,,,,,,,,,,,,,,,,,Algeria,4898,00:45:25.431,Ball Receipt*,
,,,,,,,,,,,,,,,,,,,,,,,,,,,,,,e0b06255-c6b5-4bea-a80b-c777be68c627,2472,,"[63.2, 69.4]",3920402,90,,,,,,,,,,,,,,,,,,,,,,,,,2,From Goal Kick,Fares Chaïbi,217047.0,Left Defensive Midfield,139,Algeria,4898,['38a50d74-43e9-4957-a567-01136ef9f947'],28,,,,,,,,,,,,,,,,,,,Algeria,4898,00:45:28.886,Ball Receipt*,
,,Incomplete,,,,,,,,,,,,,,,,,,,,,,,,,,,,2a45b661-23cf-4cde-a2c0-c9e6cd6d783e,2475,,"[104.3, 43.5]",3920402,90,,,,,,,,,,,,,,,,,,,,,,,,,2,From Goal Kick,Islam Slimani,3811.0,Right Center Forward,139,Algeria,4898,['5e9f7546-1902-47bd-aa67-7d8de3984be0'],33,,,,,,,,,,,,,,,,,,,Algeria,4898,00:45:33.599,Ball Receipt*,
,,Incomplete,,,,,,,,,,,,,,,,,,,,,,,,,,,,e5a2c32e-715c-4494-a606-af51817868c1,2479,,"[76.1, 15.3]",3920402,90,,,,,,,,,,,,,,,,,,,,,,,,,2,From Goal Kick,Bertrand Isidore Traoré,2956.0,Center Forward,139,Algeria,4898,['38b6047c-fe9b-4ccc-a362-178f673433df'],58,,,,,,,,,,,,,,,,,,,Burkina Faso,4921,00:45:58.280,Ball Receipt*,
,,,,,,,,,,,,,,,,,,,,,,,,,,,,,,702fec62-14a5-4fc0-ac74-5a28649dc980,2483,,"[52.4, 38.8]",3920402,91,,,,,,,,,,,,,,,,,,,,,,,,,2,From Free Kick,Ramiz Larbi Zerrouki,38345.0,Right Defensive Midfield,140,Algeria,4898,['bef09105-6c97-41b0-8c02-01a3ba10a79c'],6,,,,,,,,,,,,,,,,,,,Algeria,4898,00:46:06.630,Ball Receipt*,
,,,,,,,,,,,,,,,,,,,,,,,,,,,,,,58d41bc2-d217-4a06-b8ae-2cea31df597d,2486,,"[70.0, 74.1]",3920402,91,,,,,,,,,,,,,,,,,,,,,,,,,2,From Free Kick,Youcef Atal,10040.0,Right Back,140,Algeria,4898,['06139ea0-fcd1-41c0-b06b-3d38243fbe30'],12,,,,,,,,,,,,,,,,,,,Algeria,4898,00:46:12.630,Ball Receipt*,
,,Incomplete,,,,,,,,,,,,,,,,,,,,,,,,,,,,9d0eb86b-20c9-48c5-8117-8a034136b2d6,2489,,"[108.4, 60.5]",3920402,91,,,,,,,,,,,,,,,,,,,,,,,,,2,From Free Kick,Islam Slimani,3811.0,Right Center Forward,140,Algeria,4898,['24e06ced-1f35-4451-9e7c-b7dfaf44956a'],15,,,,,,,,,,,,,,,,,,,Algeria,4898,00:46:15.653,Ball Receipt*,
,,Incomplete,,,,,,,,,,,,,,,,,,,,,,,,,,,,effa11b1-1b16-4e0b-a533-ced042c8c2a2,2493,,"[54.8, 31.8]",3920402,91,,,,,,,,,,,,,,,,,,,,,,,,,2,From Free Kick,Bertrand Isidore Traoré,2956.0,Center Forward,140,Algeria,4898,['728fc67b-8357-4dbb-a70b-24ca81ad6721'],23,,,,,,,,,,,,,,,,,,,Burkina Faso,4921,00:46:23.755,Ball Receipt*,
,,,,,,,,,,,,,,,,,,,,,,,,,,,,,,03ab360e-230a-4aa3-8413-5241edf53ab7,2497,,"[71.0, 25.8]",3920402,91,,,,,,,,,,,,,,,,,,,,,,,,,2,From Free Kick,Ramiz Larbi Zerrouki,38345.0,Right Defensive Midfield,140,Algeria,4898,['613ce091-177d-4e69-a87f-ce040e85f069'],28,,,,,,,,,,,,,,,,,,,Algeria,4898,00:46:28.130,Ball Receipt*,
,,,,,,,,,,,,,,,,,,,,,,,,,,,,,,f050054c-269c-4992-b350-0f8a1e817784,2500,,"[91.1, 1.2]",3920402,91,,,,,,,,,,,,,,,,,,,,,,,,,2,From Free Kick,Mohamed El Amine Amoura,141358.0,Left Midfield,140,Algeria,4898,['007f8c69-7b87-471c-bb4f-c53789555cec'],30,,,,,,,,,,,,,,,,,,,Algeria,4898,00:46:30.937,Ball Receipt*,
,,Incomplete,,,,,,,,,,,,,,,,,,,,,,,,,,,,573c4ec3-c509-4ebd-a960-affc6ad7c1e6,2508,,"[81.5, 4.2]",3920402,93,,,,,,,,,,,,,,,,,,,,,,,,,2,From Goal Kick,Cédric Badolo,44307.0,Left Midfield,142,Burkina Faso,4921,['e3d7ad69-c1a2-45a6-9c2e-10314c96339e'],33,,,,,,,,,,,,,,,,,,,Burkina Faso,4921,00:48:33.641,Ball Receipt*,
,,Incomplete,,,,,,,,,,,,,,,,,,,,,,,,,,,,588329e8-ec43-43e3-b7bd-31fb96e57435,2512,,"[73.6, 24.4]",3920402,93,,,,,,,,,,,,,,,,,,,,,,,,,2,From Goal Kick,Cédric Badolo,44307.0,Left Midfield,142,Burkina Faso,4921,['19dc627f-99f5-4edd-ad75-9de653bdd200'],38,,,,,,,,,,,,,,,,,,,Burkina Faso,4921,00:48:38.065,Ball Receipt*,
,,,,,,,,,,,,,,,,,,,,,,,,,,,,,,96958b4e-6b64-4662-9056-82de54e8d0b5,2516,,"[35.1, 12.1]",3920402,93,,,,,,,,,,,,,,,,,,,,,,,,,2,Regular Play,Rayan Aït Nouri,12111.0,Left Back,143,Algeria,4898,['e9692254-5d4a-476e-ae78-ef5519357654'],40,,,,,,,,,,,,,,,,,,,Algeria,4898,00:48:40.127,Ball Receipt*,
,,,,,,,,,,,,,,,,,,,,,,,,,,,,,,4a5782e3-3ac0-4e1c-8511-67b38bb08d01,2519,,"[48.6, 10.9]",3920402,93,,,,,,,,,,,,,,,,,,,,,,,,,2,Regular Play,Fares Chaïbi,217047.0,Left Defensive Midfield,143,Algeria,4898,['e80bc571-82c5-4ac4-b610-4308c05e69f5'],43,,,,,,,,,,,,,,,,,,,Algeria,4898,00:48:43.378,Ball Receipt*,
,,Incomplete,,,,,,,,,,,,,,,,,,,,,,,,,,,,55cf0983-f074-434d-8644-0e70494569d6,2522,,"[116.3, 12.2]",3920402,93,,,,,,,,,,,,,,,,,,,,,,,,,2,Regular Play,Mohamed El Amine Amoura,141358.0,Left Midfield,143,Algeria,4898,['3d895fb7-bcf6-4cb2-8b3e-9e5afbcdd74d'],50,,,,,,,,,,,,,,,,,,,Algeria,4898,00:48:50.401,Ball Receipt*,
,,,,,,,,,,,,,,,,,,,,,,,,,,,,,,2bbc8cef-7232-486a-8a56-726a4bf4f79c,2525,,"[111.6, 41.8]",3920402,94,,,,,,,,,,,,,,,,,,,,,,,,,2,From Corner,Baghdad Bounedjah,103465.0,Left Center Forward,144,Algeria,4898,['94b99d06-0d21-43ba-bc10-8c56e46f5eec'],23,,,,,,,,,,,,,,,,,,,Algeria,4898,00:49:23.105,Ball Receipt*,
,,,,,,,,,,,,,,,,,,,,,,,,,,,,,,ab93616a-2dd8-43c3-be5b-79564574c37e,2532,,"[33.0, 57.0]",3920402,95,,,,,,,,,,,,,,,,,,,,,,,,,2,From Kick Off,Ismahila Ouédraogo,106681.0,Center Defensive Midfield,146,Burkina Faso,4921,['5be910e1-a126-4094-bb53-ac95f9131a54'],39,,,,,,,,,,,,,,,,,,,Burkina Faso,4921,00:50:39.880,Ball Receipt*,
,,Incomplete,,,,,,,,,,,,,,,,,,,,,,,,,,,,08f75489-8023-4376-a077-fc43d9006fc0,2535,,"[107.7, 70.5]",3920402,95,,,,,,,,,,,,,,,,,,,,,,,,,2,From Kick Off,Bertrand Isidore Traoré,2956.0,Center Forward,146,Burkina Faso,4921,['e73c90af-76c6-41f3-b80e-6d8a6c93dce4'],45,,,,,,,,,,,,,,,,,,,Burkina Faso,4921,00:50:45.238,Ball Receipt*,
,,Incomplete,,,,,,,,,,,,,,,,,,,,,,,,,,,,513ab5a2-00b8-4663-b497-86ec45949440,2538,,"[113.1, 66.9]",3920402,96,,,,,,,,,,,,,,,,,,,,,,,,,2,From Throw In,Bertrand Isidore Traoré,2956.0,Center Forward,147,Burkina Faso,4921,['b5aec8ac-9736-4ede-ac75-413825f8f9db'],0,,,,,,,,,,,,,,,,,,,Burkina Faso,4921,00:51:00.005,Ball Receipt*,
,,,,,,,,,,,,,,,,,,,,,,,,,,,,,,9628a2e2-685f-4967-a0b8-d79efa55e2e2,2540,,"[14.9, 3.1]",3920402,96,,,,,,,,,,,,,,,,,,,,,,,,,2,Regular Play,Fares Chaïbi,217047.0,Left Defensive Midfield,148,Algeria,4898,['4c79d8fb-f8b1-4254-a944-b29150a4d134'],0,,,,,,,,,,,,,,,,,,,Algeria,4898,00:51:00.584,Ball Receipt*,
,,,,,,,,,,,,,,,,,,,,,,,,,,,,,,36112aa7-5f94-41af-98ab-28f69a884b5a,2543,,"[13.7, 4.7]",3920402,96,,,,,,,,,,,,,,,,,,,,,,,,,2,Regular Play,Ramy Bensebaini,3191.0,Left Center Back,148,Algeria,4898,['d1c07fd8-1789-4345-844c-35b8840be66c'],1,,,,,,,,,,,,,,,,,,,Algeria,4898,00:51:01.793,Ball Receipt*,
,,Incomplete,,,,,,,,,,,,,,,,,,,,,,,,,,,,59811232-902b-48c0-ba7e-4f5eb061ee42,2546,,"[60.7, 9.2]",3920402,96,,,,,,,,,,,,,,,,,,,,,,,,,2,Regular Play,Islam Slimani,3811.0,Right Center Forward,148,Algeria,4898,['1386f35f-9bad-4ea8-a4ec-8f42b7a387e0'],5,,,,,,,,,,,,,,,,,,,Algeria,4898,00:51:05.932,Ball Receipt*,
,,,,,,,,,,,,,,,,,,,,,,,,,,,,,,f0ae67dc-cc43-47ce-92ac-5c52575aa8f1,2548,,"[79.4, 75.2]",3920402,96,,,,,,,,,,,,,,,,,,,,,,,,,2,Regular Play,Dramane Salou,408160.0,Right Center Midfield,149,Burkina Faso,4921,['eaff988b-8431-4e16-a1cf-b0b1b3502131'],7,,,,,,,,,,,,,,,,,,,Burkina Faso,4921,00:51:07.438,Ball Receipt*,
,,,,,,,,,,,,,,,,,,,,,,,,,,,,,,d18f46dc-a26c-4bb9-8f25-38fdd4015934,2552,,"[72.0, 62.2]",3920402,96,,,,,,,,,,,,,,,,,,,,,,,,,2,Regular Play,Ismahila Ouédraogo,106681.0,Center Defensive Midfield,149,Burkina Faso,4921,['fb6d6b7d-91ad-4122-9ff0-990a7d5d12d7'],10,,,,,,,,,,,,,,,,,,,Burkina Faso,4921,00:51:10.063,Ball Receipt*,
,,Incomplete,,,,,,,,,,,,,,,,,,,,,,,,,,,,a1ff5fc0-9f0e-4a5c-a848-59ab26b683d7,2555,,"[77.2, 70.0]",3920402,96,,,,,,,,,,,,,,,,,,,,,,,,,2,Regular Play,Ibrahim Blati Touré,23999.0,Left Center Midfield,149,Burkina Faso,4921,['e3fa9bbe-64bc-432d-8610-85c2a7782375'],11,,,,,,,,,,,,,,,,,,,Burkina Faso,4921,00:51:11.880,Ball Receipt*,
,,,,,,,,,,,,,,,,,,,,,,,,,,,,,,2d21a93f-d8d8-43df-bb09-1686afb60a4a,2557,,"[58.0, 21.6]",3920402,96,,,,,,,,,,,,,,,,,,,,,,,,,2,Regular Play,Islam Slimani,3811.0,Right Center Forward,150,Algeria,4898,['475c8b68-8f94-4bcf-aa8a-43deb7cb276e'],12,,,,,,,,,,,,,,,,,,,Algeria,4898,00:51:12.512,Ball Receipt*,
,,,,,,,,,,,,,,,,,,,,,,,,,,,,,,3a576c6b-2749-4266-bd7c-1dad2a1a7051,2560,,"[56.2, 9.2]",3920402,96,,,,,,,,,,,,,,,,,,,,,,,,,2,Regular Play,Fares Chaïbi,217047.0,Left Defensive Midfield,150,Algeria,4898,['899c8528-69c0-4aee-a074-e20476514d9b'],14,,,,,,,,,,,,,,,,,,,Algeria,4898,00:51:14.872,Ball Receipt*,
,,Incomplete,,,,,,,,,,,,,,,,,,,,,,,,,,,,6ba49202-2246-4c1d-b771-8a448427d4b6,2564,,"[63.8, 13.8]",3920402,96,,,,,,,,,,,,,,,,,,,,,,,,,2,Regular Play,Islam Slimani,3811.0,Right Center Forward,150,Algeria,4898,"['d369660d-42c7-4c20-87c1-a9e4be212963', '791f5a1d-d0be-4e99-82d7-4bc74b08b149']",15,,,,,,,,,,,,,,,,,,,Algeria,4898,00:51:15.142,Ball Receipt*,True
,,Incomplete,,,,,,,,,,,,,,,,,,,,,,,,,,,,0e6a853b-127d-4559-ad60-cf2836dc8702,2569,,"[89.2, 14.4]",3920402,96,,,,,,,,,,,,,,,,,,,,,,,,,2,Regular Play,Islam Slimani,3811.0,Right Center Forward,150,Algeria,4898,['d0f0237d-913f-4de2-a688-7396d9ed9013'],19,,,,,,,,,,,,,,,,,,,Algeria,4898,00:51:19.559,Ball Receipt*,
,,Incomplete,,,,,,,,,,,,,,,,,,,,,,,,,,,,6eca1732-44c6-44a4-9c2a-6b1d76b21f20,2571,,"[39.0, 61.8]",3920402,96,,,,,,,,,,,,,,,,,,,,,,,,,2,Regular Play,Cédric Badolo,44307.0,Left Midfield,150,Algeria,4898,['6f1bf48f-629a-4b4e-af29-7f42bd6c308f'],20,,,,,,,,,,,,,,,,,,,Burkina Faso,4921,00:51:20.792,Ball Receipt*,
,,Incomplete,,,,,,,,,,,,,,,,,,,,,,,,,,,,359acea0-dc20-462f-b963-04238f535266,2573,,"[96.9, 21.2]",3920402,96,,,,,,,,,,,,,,,,,,,,,,,,,2,Regular Play,Islam Slimani,3811.0,Right Center Forward,150,Algeria,4898,['c287101e-b6c7-4d6e-ab58-b92dafa7ecee'],21,,,,,,,,,,,,,,,,,,,Algeria,4898,00:51:21.765,Ball Receipt*,
,,Incomplete,,,,,,,,,,,,,,,,,,,,,,,,,,,,294427a6-0089-464b-b107-5b09a65a1c01,2575,,"[77.8, 74.4]",3920402,97,,,,,,,,,,,,,,,,,,,,,,,,,2,From Free Kick,Issa Kabore,35471.0,Right Midfield,151,Burkina Faso,4921,['01003fee-0901-4032-9e46-995bbb845bf5'],13,,,,,,,,,,,,,,,,,,,Burkina Faso,4921,00:52:13.830,Ball Receipt*,
,,,,,,,,,,,,,,,,,,,,,,,,,,,,,,a3309327-a8d6-4e42-9742-2f91260ab1b4,2580,,"[89.0, 3.9]",3920402,97,,,,,,,,,,,,,,,,,,,,,,,,,2,From Free Kick,Mohamed El Amine Amoura,141358.0,Left Midfield,151,Burkina Faso,4921,['c60e9989-b5ee-47d9-8b8f-9825bdc2b563'],19,,,,,,,,,,,,,,,,,,,Algeria,4898,00:52:19.734,Ball Receipt*,
,,,,,,,,,,,,,,,,,,,,,,,,,,,,,,8677e371-be1d-4080-b23c-9c4e23984491,2588,,"[51.7, 55.0]",3920402,97,,,,,,,,,,,,,,,,,,,,,,,,,2,From Free Kick,Bertrand Isidore Traoré,2956.0,Center Forward,151,Burkina Faso,4921,"['5cf1349a-492d-46ff-9832-b4a199c1f1ce', 'e48070e0-1714-41bd-9728-8910d51b742c']",24,,,,,,,,,,,,,,,,,,,Burkina Faso,4921,00:52:24.033,Ball Receipt*,True
,,,,,,,,,,,,,,,,,,,,,,,,,,,,,,8976611b-8da0-4321-8789-3fae558e59aa,2591,,"[44.3, 45.9]",3920402,97,,,,,,,,,,,,,,,,,,,,,,,,,2,From Free Kick,Ibrahim Blati Touré,23999.0,Left Center Midfield,151,Burkina Faso,4921,['1ef2d000-1412-4eff-9615-4977cc717c1d'],25,,,,,,,,,,,,,,,,,,,Burkina Faso,4921,00:52:25.375,Ball Receipt*,
,,,,,,,,,,,,,,,,,,,,,,,,,,,,,,db25d8e5-d7f1-45a3-a958-82993b53beac,2597,,"[78.6, 50.2]",3920402,98,,,,,,,,,,,,,,,,,,,,,,,,,2,From Free Kick,Youcef Atal,10040.0,Right Back,152,Algeria,4898,['23e4ce61-bfa7-4aae-b162-f24aef039633'],2,,,,,,,,,,,,,,,,,,,Algeria,4898,00:53:02.621,Ball Receipt*,
,,,,,,,,,,,,,,,,,,,,,,,,,,,,,,74241ff0-b7c6-43f1-9556-d4bf2829fde2,2599,,"[83.0, 39.6]",3920402,98,,,,,,,,,,,,,,,,,,,,,,,,,2,From Free Kick,Ramiz Larbi Zerrouki,38345.0,Right Defensive Midfield,152,Algeria,4898,['b9c7f562-7cc4-4f22-9580-49886082f07f'],4,,,,,,,,,,,,,,,,,,,Algeria,4898,00:53:04.197,Ball Receipt*,
,,,,,,,,,,,,,,,,,,,,,,,,,,,,,,aa2c5a60-6a6c-4b3e-a504-e530b7eac4e5,2602,,"[33.8, 38.6]",3920402,98,,,,,,,,,,,,,,,,,,,,,,,,,2,From Free Kick,Anthony Louis Mandréa,41381.0,Goalkeeper,152,Algeria,4898,['19acdb48-5715-4c37-bcb7-1a461582dfe5'],11,,,,,,,,,,,,,,,,,,,Algeria,4898,00:53:11.251,Ball Receipt*,
,,Incomplete,,,,,,,,,,,,,,,,,,,,,,,,,,,,87708c2e-7eec-4d25-be19-bfc2bec4e594,2605,,"[101.4, 20.0]",3920402,98,,,,,,,,,,,,,,,,,,,,,,,,,2,From Free Kick,Islam Slimani,3811.0,Right Center Forward,152,Algeria,4898,['bd6363f1-0895-4a0e-ad61-a0dd6365c967'],18,,,,,,,,,,,,,,,,,,,Algeria,4898,00:53:18.348,Ball Receipt*,
,,,,,,,,,,,,,,,,,,,,,,,,,,,,,,cab5eedc-9787-40ee-b087-5ca09e1fe914,2609,,"[84.2, 30.3]",3920402,98,,,,,,,,,,,,,,,,,,,,,,,,,2,From Free Kick,Baghdad Bounedjah,103465.0,Left Center Forward,152,Algeria,4898,['62d20b2a-f0b3-41c1-a364-c87ba42f7dcd'],21,,,,,,,,,,,,,,,,,,,Algeria,4898,00:53:21.646,Ball Receipt*,
,,,,,,,,,,,,,,,,,,,,,,,,,,,,,,5e10e5a2-2b79-4bef-94df-2e6ab4aaea75,2611,,"[80.3, 20.0]",3920402,98,,,,,,,,,,,,,,,,,,,,,,,,,2,From Free Kick,Fares Chaïbi,217047.0,Left Defensive Midfield,152,Algeria,4898,['f5198008-c981-470b-93d2-18c4f991b975'],22,,,,,,,,,,,,,,,,,,,Algeria,4898,00:53:22.952,Ball Receipt*,
,,,,,,,,,,,,,,,,,,,,,,,,,,,,,,4427e2e9-cba9-4f36-abf7-6a33cc045153,2614,,"[100.6, 3.1]",3920402,98,,,,,,,,,,,,,,,,,,,,,,,,,2,From Free Kick,Mohamed El Amine Amoura,141358.0,Left Midfield,152,Algeria,4898,['10eddc00-75ef-42c3-b290-ac558b0ccc2a'],26,,,,,,,,,,,,,,,,,,,Algeria,4898,00:53:26.768,Ball Receipt*,
,,Incomplete,,,,,,,,,,,,,,,,,,,,,,,,,,,,f5269e1c-e8f7-41b5-91dd-8cfc26e3a697,2617,,"[111.3, 38.8]",3920402,98,,,,,,,,,,,,,,,,,,,,,,,,,2,From Free Kick,Islam Slimani,3811.0,Right Center Forward,152,Algeria,4898,['e8b8848c-58b8-4a12-a51a-a04a26e31296'],29,,,,,,,,,,,,,,,,,,,Algeria,4898,00:53:29.623,Ball Receipt*,
,,,,,,,,,,,,,,,,,,,,,,,,,,,,,,8bc75dc7-da16-4601-a876-ebe98c985f16,2623,,"[101.6, 13.8]",3920402,98,,,,,,,,,,,,,,,,,,,,,,,,,2,From Free Kick,Mohamed El Amine Amoura,141358.0,Left Midfield,152,Algeria,4898,['21d381e2-0753-4e7d-9d37-fb40169afac1'],35,,,,,,,,,,,,,,,,,,,Algeria,4898,00:53:35.671,Ball Receipt*,
,,Incomplete,,,,,,,,,,,,,,,,,,,,,,,,,,,,1812c893-fbe4-49fd-83ea-c45500b66330,2626,,"[104.5, 33.9]",3920402,98,,,,,,,,,,,,,,,,,,,,,,,,,2,From Free Kick,Islam Slimani,3811.0,Right Center Forward,152,Algeria,4898,['873747c4-f6e8-4cf8-9ea6-0a49c7d5e6e0'],39,,,,,,,,,,,,,,,,,,,Algeria,4898,00:53:39.290,Ball Receipt*,
,,,,,"[58.6, 40.0]",,,,,,,,,,,,2.077862,,,,,,,,,,,,,56a30524-d1bb-4684-b0d5-0bbfb17cb3c5,7,,"[60.2, 40.2]",3920402,0,,,,,,,,,,,,,,,,,,,,,,,,,1,From Kick Off,Riyad Mahrez,3814.0,Right Wing,2,Algeria,4898,"['5aa29c38-f995-46d2-9110-351898537e41', '65100a14-d043-435f-b22a-3e76e7455f13']",1,,,,,,,,,,,,,,,,,,,Algeria,4898,00:00:01.121,Carry,
,,,,,"[53.9, 26.7]",,,,,,,,,,,,0.218285,,,,,,,,,,,,,063ba472-32e2-4abf-b6aa-17b7c6e6fc33,10,,"[53.3, 30.0]",3920402,0,,,,,,,,,,,,,,,,,,,,,,,,,1,From Kick Off,Ramiz Larbi Zerrouki,38345.0,Left Defensive Midfield,2,Algeria,4898,"['66efcfd7-adb0-4ad9-b942-7832aca8eb7d', '8ffad173-defa-4e8c-bf21-774b76d7f461']",4,,,,,,,,,,,,,,,,,,,Algeria,4898,00:00:04.309,Carry,
,,,,,"[44.9, 8.2]",,,,,,,,,,,,0.427319,,,,,,,,,,,,,3e1fa45c-9569-4be2-bd6b-50249ca1f65f,13,,"[44.5, 5.7]",3920402,0,,,,,,,,,,,,,,,,,,,,,,,,,1,From Kick Off,Rayan Aït Nouri,12111.0,Left Back,2,Algeria,4898,"['8ab1dc2e-41c1-4dcd-ac1a-68e1b543764d', 'cc30dbcd-aca3-44b0-a368-c7709e52dca5']",6,,,,,,,,,,,,,,,,,,,Algeria,4898,00:00:06.115,Carry,
,,,,,"[33.9, 34.2]",,,,,,,,,,,,0.799999,,,,,,,,,,,,,dd081f4c-27d0-4ea6-bf2d-882001ea0187,16,,"[34.1, 27.9]",3920402,0,,,,,,,,,,,,,,,,,,,,,,,,,1,From Kick Off,Ramy Bensebaini,3191.0,Left Center Back,2,Algeria,4898,"['e54df885-cd76-4732-a40d-12d91eb5c993', '55bee163-0289-4fde-abf1-54693d2fa27e']",8,,,,,,,,,,,,,,,,,,,Algeria,4898,00:00:08.304,Carry,
,,,,,"[34.1, 49.5]",,,,,,,,,,,,2.014408,,,,,,,,,,,,,2cbe8795-f673-4df0-b8f5-99a722695670,19,,"[32.7, 49.3]",3920402,0,,,,,,,,,,,,,,,,,,,,,,,,,1,From Kick Off,Aïssa Mandi,6648.0,Right Center Back,2,Algeria,4898,"['6b0833df-d25a-4b65-9e72-fb3a072a7239', '4b2d195f-9f9f-47d6-b3ba-b2a33145dca4']",10,,,,,,,,,,,,,,,,,,,Algeria,4898,00:00:10.182,Carry,
,,,,,"[50.8, 22.1]",,,,,,,,,,,,2.91725,,,,,,,,,,,,,eb7dba4d-ef71-4515-92c4-87e151e7c0b3,22,,"[37.8, 26.7]",3920402,0,,,,,,,,,,,,,,,,,,,,,,,,,1,From Kick Off,Ramy Bensebaini,3191.0,Left Center Back,2,Algeria,4898,"['705d5fb9-6cb9-424b-9abd-34dbdfe73411', '3aad0d34-f67f-46c8-ad0f-4b197621f08a']",14,,,,,,,,,,,,,,,,,,,Algeria,4898,00:00:14.075,Carry,
,,,,,"[45.5, 49.1]",,,,,,,,,,,,0.733821,,,,,,,,,,,,,6a350476-44f2-481d-8fc0-eb6ccac38d2e,25,,"[44.0, 49.1]",3920402,0,,,,,,,,,,,,,,,,,,,,,,,,,1,From Kick Off,Aïssa Mandi,6648.0,Right Center Back,2,Algeria,4898,"['3ed713c6-5a74-4506-903d-05354aa7ec8f', 'c64860de-67f1-4fc7-b337-944127578d0e']",19,,,,,,,,,,,,,,,,,,,Algeria,4898,00:00:19.264,Carry,
,,,,,"[76.6, 70.0]",,,,,,,,,,,,0.403287,,,,,,,,,,,,,ce461abd-e815-4628-bfcd-8038378d2d00,38,,"[76.0, 70.4]",3920402,1,,,,,,,,,,,,,,,,,,,,,,,,,1,From Goal Kick,Gustavo Fabrice Sangaré,45466.0,Center Attacking Midfield,3,Burkina Faso,4921,"['422be7d4-cf0e-4b37-a79f-a48a3dde123b', 'c7d6d49f-f98b-41af-a25e-0563df2150bd', 'fc825567-0f70-4de0-adfe-133e5fca7848']",1,,,,,,,,,,,,,,,,,,,Burkina Faso,4921,00:01:01.771,Carry,True
,,,,,"[69.6, 68.1]",,,,,,,,,,,,0.534621,,,,,,,,,,,,,446ceed5-04d2-41eb-981e-63911eab607f,42,,"[68.3, 68.8]",3920402,1,,,,,,,,,,,,,,,,,,,,,,,,,1,From Goal Kick,Adama Guira,24411.0,Right Defensive Midfield,3,Burkina Faso,4921,"['c0a26021-6c07-453a-81ac-4e1e295b95c2', 'b4d3a1f0-957e-4f7e-8230-2eb8eb76bd83']",2,,,,,,,,,,,,,,,,,,,Burkina Faso,4921,00:01:02.754,Carry,
,,,,,"[74.0, 72.1]",,,,,,,,,,,,1.470028,,,,,,,,,,,,,9b6dd330-0837-4520-b527-8effa39e4d3a,46,,"[77.9, 76.2]",3920402,1,,,,,,,,,,,,,,,,,,,,,,,,,1,From Goal Kick,Issa Kabore,35471.0,Right Wing,3,Burkina Faso,4921,"['e5f7a70b-4307-4f5c-99bc-6b20a30597dc', '97c6df71-c324-4ca5-a8cb-5bbe06c5762a', '0b5d4636-043a-4c99-a0d5-20d02ba57f73']",4,,,,,,,,,,,,,,,,,,,Burkina Faso,4921,00:01:04.240,Carry,True
,,,,,"[68.7, 65.6]",,,,,,,,,,,,0.545567,,,,,,,,,,,,,808bc7f3-b9f7-455f-8d09-eaf5a98ca7da,49,,"[69.1, 65.6]",3920402,1,,,,,,,,,,,,,,,,,,,,,,,,,1,From Goal Kick,Adama Guira,24411.0,Right Defensive Midfield,3,Burkina Faso,4921,"['ce30540e-8b1c-4e60-aea4-4a0758454ca3', '456e4460-a7c9-4680-82e7-0c6808640251', 'f60557c3-c4a9-4d53-80b1-3765cec847fe']",6,,,,,,,,,,,,,,,,,,,Burkina Faso,4921,00:01:06.297,Carry,True
,,,,,"[55.0, 63.8]",,,,,,,,,,,,0.454796,,,,,,,,,,,,,31cd5b07-3d93-4f93-98b6-b8c5e66e8575,53,,"[56.8, 70.8]",3920402,1,,,,,,,,,,,,,,,,,,,,,,,,,1,From Goal Kick,Adamo Nagalo,99280.0,Right Back,3,Burkina Faso,4921,"['3196b784-4790-4a87-a7ba-f520e7c48270', 'aab5c10f-9b0c-42d7-aa14-02aaaf2ff0a7']",7,,,,,,,,,,,,,,,,,,,Burkina Faso,4921,00:01:07.642,Carry,
,,,,,"[46.9, 45.4]",,,,,,,,,,,,1.73348,,,,,,,,,,,,,519a39a0-b70f-40bb-8803-1cf59919a86e,56,,"[45.4, 48.9]",3920402,1,,,,,,,,,,,,,,,,,,,,,,,,,1,From Goal Kick,Issoufou Dayo,102800.0,Right Center Back,3,Burkina Faso,4921,"['eaf527c3-f3ca-4b6f-aebb-6cd8846727b5', '5e868a72-aead-4401-83e7-0548b1a4b4be']",10,,,,,,,,,,,,,,,,,,,Burkina Faso,4921,00:01:10.261,Carry,
,,,,,"[32.3, 78.9]",,,,,,,,,,,,0.187129,,,,,,,,,,,,,b5a778fe-ae2c-4098-adf0-a632a2661aaf,61,,"[32.7, 78.5]",3920402,1,,,,,,,,,,,,,,,,,,,,,,,,,1,From Throw In,Aïssa Mandi,6648.0,Right Center Back,4,Algeria,4898,"['ccf91729-a30f-425a-ac81-d41565d3940a', 'f047b721-e4fd-4939-ab80-a6fff13b66a8']",37,,,,,,,,,,,,,,,,,,,Algeria,4898,00:01:37.576,Carry,
,,,,,"[41.9, 79.1]",,,,,,,,,,,,0.909629,,,,,,,,,,,,,6dfcbaa7-c09d-48d9-a0f7-ca5a6a6ebf01,64,,"[38.3, 78.5]",3920402,1,,,,,,,,,,,,,,,,,,,,,,,,,1,From Throw In,Youcef Atal,10040.0,Right Back,4,Algeria,4898,"['2409ec46-bf14-49c1-8f41-8d8ea6e4fb0e', 'd48a7533-b607-44ea-8138-4c22c3fe696d', 'e01da7f9-abc1-4cf2-bff1-6a04934d9154']",38,,,,,,,,,,,,,,,,,,,Algeria,4898,00:01:38.918,Carry,True
,,,,,"[37.1, 66.5]",,,,,,,,,,,,0.844186,,,,,,,,,,,,,5f2018c2-e83f-497b-84c2-29da75e9f591,70,,"[41.1, 69.6]",3920402,1,,,,,,,,,,,,,,,,,,,,,,,,,1,From Throw In,Nabil Bentaleb,8520.0,Right Defensive Midfield,4,Algeria,4898,"['25841b6b-41fa-445c-97d0-70af8e335537', '6bd192f0-dfb7-4435-bf09-35e42f9fdee8', '1d7df6ac-a2b5-45c0-9600-689c03e98a6c']",41,,,,,,,,,,,,,,,,,,,Algeria,4898,00:01:41.615,Carry,True
,,,,,"[24.5, 47.3]",,,,,,,,,,,,1.084182,,,,,,,,,,,,,b0d9a056-8c35-40e9-906a-0250588ed0ab,74,,"[23.8, 51.4]",3920402,1,,,,,,,,,,,,,,,,,,,,,,,,,1,From Throw In,Ramy Bensebaini,3191.0,Left Center Back,4,Algeria,4898,"['de57ae02-e181-48f8-a8bb-d9fad66413e3', 'db20de30-67ef-47c4-bb85-93d0f1f9ccfd']",44,,,,,,,,,,,,,,,,,,,Algeria,4898,00:01:44.059,Carry,
,,,,,"[31.1, 23.5]",,,,,,,,,,,,1.279943,,,,,,,,,,,,,ea9aed08-d527-4a39-be43-94cdbd703e92,77,,"[33.4, 14.9]",3920402,1,,,,,,,,,,,,,,,,,,,,,,,,,1,From Throw In,Rayan Aït Nouri,12111.0,Left Back,4,Algeria,4898,"['4980b9e5-4b16-4ff7-9a04-f2260bf929ae', '0dee2c5c-0cac-4835-a967-4310ea3056ee']",46,,,,,,,,,,,,,,,,,,,Algeria,4898,00:01:46.566,Carry,
,,,,,"[29.0, 34.3]",,,,,,,,,,,,1.961986,,,,,,,,,,,,,8cd1603d-03dd-4946-8889-288c005a7896,80,,"[21.2, 32.8]",3920402,1,,,,,,,,,,,,,,,,,,,,,,,,,1,From Throw In,Ramy Bensebaini,3191.0,Left Center Back,4,Algeria,4898,"['550f9d08-d06b-4904-9fc9-f386082c78b5', '81a1b7f9-38e5-4a08-ba70-361a373924ce']",49,,,,,,,,,,,,,,,,,,,Algeria,4898,00:01:49.408,Carry,
,,,,,"[87.9, 71.6]",,,,,,,,,,,,3.270899,,,,,,,,,,,,,30225c17-5213-4360-9b31-9e33491a5d73,83,,"[84.8, 79.5]",3920402,1,,,,,,,,,,,,,,,,,,,,,,,,,1,From Throw In,Riyad Mahrez,3814.0,Right Wing,4,Algeria,4898,"['ce1b8827-853d-4405-bf06-ba87020d797b', '68400833-e742-48e4-991f-84e89b43d068', 'f1e1799e-d17a-401a-8224-6b9aaddb0718']",54,,,,,,,,,,,,,,,,,,,Algeria,4898,00:01:54.626,Carry,True
,,,,,"[39.9, 19.2]",,,,,,,,,,,,1.210184,,,,,,,,,,,,,d6acfcf3-2078-4de4-9b82-e02296819ae2,92,,"[38.6, 17.7]",3920402,2,,,,,,,,,,,,,,,,,,,,,,,,,1,From Throw In,Ibrahim Blati Touré,23999.0,Left Defensive Midfield,4,Algeria,4898,"['e79d0525-e569-42bc-9d1c-7d731c679966', '432509d4-35a9-4b56-bd61-a35b432c1346', '9da87e32-15f8-44e0-abae-a88381f3a8af']",1,,,,,,,,,,,,,,,,,,,Burkina Faso,4921,00:02:01.068,Carry,True
,,,,,"[81.7, 56.4]",,,,,,,,,,,,0.488189,,,,,,,,,,,,,19ffefdc-eb43-4e1c-9c63-c8d90593bb88,97,,"[82.7, 58.0]",3920402,2,,,,,,,,,,,,,,,,,,,,,,,,,1,From Throw In,Sofiane Feghouli,18724.0,Center Attacking Midfield,4,Algeria,4898,"['f84be87f-5392-4b27-95f9-650d3cf61db4', 'b50c8bbd-f276-4999-896d-a3014d998db0', '482d7d4a-04d4-4cda-83e0-6dd8878b4c72']",3,,,,,,,,,,,,,,,,,,,Algeria,4898,00:02:03.207,Carry,True
,,,,,"[37.5, 24.5]",,,,,,,,,,,,2.192288,,,,,,,,,,,,,6390fa22-9d04-448e-84c5-65e1bf110b27,101,,"[38.4, 23.7]",3920402,2,,,,,,,,,,,,,,,,,,,,,,,,,1,Regular Play,Adama Guira,24411.0,Right Defensive Midfield,5,Burkina Faso,4921,"['f3a6fb8f-6454-4e61-9920-6a195e155d0c', 'b6233dd2-0e16-48ed-b33f-532762777b39', '90c76f4e-ecf9-4c67-8c60-f9ecac7d6e7d']",3,,,,,,,,,,,,,,,,,,,Burkina Faso,4921,00:02:03.695,Carry,True
,,,,,"[114.4, 72.1]",,,,,,,,,,,,4.979505,,,,,,,,,,,,,0a6ae41a-12e3-40ab-b6e0-a644fb3dd6f6,109,,"[89.2, 73.1]",3920402,2,,,,,,,,,,,,,,,,,,,,,,,,,1,From Free Kick,Issa Kabore,35471.0,Right Wing,6,Burkina Faso,4921,"['4ea3af9b-cae7-47c7-b358-64ba1d42681a', 'a0153754-8442-4b19-a1af-477091b07b01', 'f54207ee-8a1c-4703-a9b3-3236fd20f013']",34,,,,,,,,,,,,,,,,,,,Burkina Faso,4921,00:02:34.073,Carry,True
,,,,,"[114.2, 67.5]",,,,,,,,,,,,1.627178,,,,,,,,,,,,,496a0713-d99f-4cdf-8de6-74c81d4fb809,116,,"[113.4, 72.0]",3920402,2,,,,,,,,,,,,,,,,,,,,,,,,,1,From Free Kick,Issa Kabore,35471.0,Right Wing,6,Burkina Faso,4921,"['7a48c1fb-3b6f-4950-960d-bdf3785c495a', 'bf093bba-4999-4c32-a696-0be68f676597', '209bc146-4b80-4486-b99b-271eeda391e0', 'da9d326a-c799-4a41-a66e-3de7b9405f4e']",41,,,,,,,,,,,,,,,,,,,Burkina Faso,4921,00:02:41.341,Carry,True
,,,,,"[15.6, 6.6]",,,,,,,,,,,,2.215146,,,,,,,,,,,,,2bdf5140-a3d6-427c-b0c5-f107cf93972b,121,,"[5.9, 12.6]",3920402,2,,,,,,,,,,,,,,,,,,,,,,,,,1,Regular Play,Mohamed Youcef Belaïli,103464.0,Left Wing,7,Algeria,4898,"['eaf9dc87-879b-4f6a-b62f-4a565c859fa2', 'af621b8a-7d70-45ee-8114-bdb05da68ec3']",42,,,,,,,,,,,,,,,,,,,Algeria,4898,00:02:42.969,Carry,
,,,,,"[14.7, 15.1]",,,,,,,,,,,,1.876119,,,,,,,,,,,,,a2489ff8-cdfe-46f9-bd4c-b8e100642031,124,,"[15.6, 14.4]",3920402,2,,,,,,,,,,,,,,,,,,,,,,,,,1,Regular Play,Ramiz Larbi Zerrouki,38345.0,Left Defensive Midfield,7,Algeria,4898,"['e25c1249-5e4f-4e0f-885c-25f5c375f92f', '936039a9-cc64-44e1-a944-c595c4b69f81']",45,,,,,,,,,,,,,,,,,,,Algeria,4898,00:02:45.767,Carry,
,,,,,"[30.6, 20.8]",,,,,,,,,,,,5.284611,,,,,,,,,,,,,d3fcd79c-0962-49ac-9094-0efe1d3da143,127,,"[28.6, 5.8]",3920402,2,,,,,,,,,,,,,,,,,,,,,,,,,1,Regular Play,Mohamed Youcef Belaïli,103464.0,Left Wing,7,Algeria,4898,"['ae06f653-4a2a-4048-b2f5-61e85767b8cc', '824e8df7-4d30-4f51-b8dd-b479c7115d4a']",48,,,,,,,,,,,,,,,,,,,Algeria,4898,00:02:48.904,Carry,
,,,,,"[9.4, 37.4]",,,,,,,,,,,,0.727816,,,,,,,,,,,,,05630399-9601-41e5-8b09-e5ad97734fd9,130,,"[8.2, 36.3]",3920402,2,,,,,,,,,,,,,,,,,,,,,,,,,1,Regular Play,Ramy Bensebaini,3191.0,Left Center Back,7,Algeria,4898,"['d1545564-374c-4605-9d07-31395a0545a9', 'c59cd288-3af8-4932-85a7-ec4bfaa7a6f7']",55,,,,,,,,,,,,,,,,,,,Algeria,4898,00:02:55.789,Carry,
,,,,,"[5.9, 57.2]",,,,,,,,,,,,2.048237,,,,,,,,,,,,,c6a532c9-e377-4893-a41d-6acb8b24bef1,133,,"[5.7, 56.6]",3920402,2,,,,,,,,,,,,,,,,,,,,,,,,,1,Regular Play,Anthony Louis Mandréa,41381.0,Goalkeeper,7,Algeria,4898,"['6374ed12-57e9-402e-b8b4-f4c7b42595f0', 'e65a5931-4b88-4d48-a17b-4f8f38626cfa']",58,,,,,,,,,,,,,,,,,,,Algeria,4898,00:02:58.775,Carry,
,,,,,"[15.6, 31.4]",,,,,,,,,,,,1.8029,,,,,,,,,,,,,02021a75-e1f6-4c5e-99f2-2d7c53f5de24,136,,"[9.6, 31.8]",3920402,3,,,,,,,,,,,,,,,,,,,,,,,,,1,Regular Play,Ramy Bensebaini,3191.0,Left Center Back,7,Algeria,4898,"['d5a7f438-946b-4031-a62e-4294c0d82157', '61a3a3d0-eb1a-4d34-9ffc-e26717cc9ced']",2,,,,,,,,,,,,,,,,,,,Algeria,4898,00:03:02.741,Carry,
,,,,,"[26.0, 40.2]",,,,,,,,,,,,2.399998,,,,,,,,,,,,,0b5441e3-9cdb-4721-97be-702dd8a43d8d,139,,"[26.3, 42.1]",3920402,3,,,,,,,,,,,,,,,,,,,,,,,,,1,Regular Play,Nabil Bentaleb,8520.0,Right Defensive Midfield,7,Algeria,4898,"['db68733b-52f3-4426-8757-1d298f9cbb63', '5a5ee6f5-d864-4d7e-a32b-69606c6e4cff']",5,,,,,,,,,,,,,,,,,,,Algeria,4898,00:03:05.501,Carry,
,,,,,"[33.8, 16.1]",,,,,,,,,,,,2.937428,,,,,,,,,,,,,d6a9ce29-63cb-4199-abd2-56486001e7b9,142,,"[26.8, 19.6]",3920402,3,,,,,,,,,,,,,,,,,,,,,,,,,1,Regular Play,Ramy Bensebaini,3191.0,Left Center Back,7,Algeria,4898,"['ee1e1587-7834-4774-a59f-199b02bef173', 'a9942042-24d3-4217-a3c2-ea05e5306129']",9,,,,,,,,,,,,,,,,,,,Algeria,4898,00:03:09.639,Carry,
,,,,,"[23.4, 27.9]",,,,,,,,,,,,0.231517,,,,,,,,,,,,,9a0c35f0-1493-45d8-907d-a922bde6bb0a,145,,"[22.6, 28.7]",3920402,3,,,,,,,,,,,,,,,,,,,,,,,,,1,Regular Play,Nabil Bentaleb,8520.0,Right Defensive Midfield,7,Algeria,4898,"['2db6a503-e571-483a-8532-bdb7f1a338e5', '31e426b3-add1-463e-adfb-46c7b85b0d92']",14,,,,,,,,,,,,,,,,,,,Algeria,4898,00:03:14.341,Carry,
,,,,,"[45.4, 4.5]",,,,,,,,,,,,5.134222,,,,,,,,,,,,,c025d669-639c-4579-9751-c89e4f95678d,148,,"[30.7, 14.4]",3920402,3,,,,,,,,,,,,,,,,,,,,,,,,,1,Regular Play,Ramy Bensebaini,3191.0,Left Center Back,7,Algeria,4898,"['4cae4e48-135b-4648-a666-17574f8f5121', 'c6ffdfdf-e0e6-4666-a2cd-de72cf2edd56']",15,,,,,,,,,,,,,,,,,,,Algeria,4898,00:03:15.950,Carry,
,,,,,"[90.2, 7.2]",,,,,,,,,,,,1.430963,,,,,,,,,,,,,86761402-a554-4cc6-8897-d56bf07b83bb,151,,"[90.4, 10.1]",3920402,3,,,,,,,,,,,,,,,,,,,,,,,,,1,Regular Play,Baghdad Bounedjah,103465.0,Center Forward,7,Algeria,4898,"['6f19e252-25d6-4af9-8994-da9d640c2d7d', '319ed848-7972-4c0c-9b8b-35bd8f833b6b', '90233b43-6bb4-4462-9a98-aeab2d209e2a']",23,,,,,,,,,,,,,,,,,,,Algeria,4898,00:03:23.286,Carry,True
,,,,,"[21.0, 75.9]",,,,,,,,,,,,0.861175,,,,,,,,,,,,,d0762de0-cc46-418c-8264-e1fc37f97fe9,157,,"[20.8, 77.6]",3920402,3,,,,,,,,,,,,,,,,,,,,,,,,,1,Regular Play,Issoufou Dayo,102800.0,Right Center Back,8,Burkina Faso,4921,"['578ca9ab-d77b-4194-9b4d-ea1d3e445f3f', '67cecd60-2090-4ea3-83be-eb108cc50ebb']",26,,,,,,,,,,,,,,,,,,,Burkina Faso,4921,00:03:26.897,Carry,
,,,,,"[18.0, 59.2]",,,,,,,,,,,,1.019147,,,,,,,,,,,,,e70f79cc-0a55-46f9-800e-dfb4d69f891d,161,,"[16.5, 64.4]",3920402,3,,,,,,,,,,,,,,,,,,,,,,,,,1,Regular Play,Adamo Nagalo,99280.0,Right Back,8,Burkina Faso,4921,"['88b21ab9-a707-4d58-bef9-0b74e929a0c8', '237c5bd0-1932-4dfb-a3b1-04753c588020']",29,,,,,,,,,,,,,,,,,,,Burkina Faso,4921,00:03:29.319,Carry,
,,,,,"[64.1, 20.8]",,,,,,,,,,,,6.460602,,,,,,,,,,,,,9e8f9461-c07b-4d06-9220-cba7c3df115f,164,,"[23.6, 34.7]",3920402,3,,,,,,,,,,,,,,,,,,,,,,,,,1,Regular Play,Edmond Fayçal Tapsoba,30606.0,Left Center Back,8,Burkina Faso,4921,"['49199608-9145-4593-9a3d-0b6914b12752', '1506c396-1e93-42a0-9879-462ac3257dac', 'a9b2a0fb-aa49-4d01-acf7-46fc06fced30']",32,,,,,,,,,,,,,,,,,,,Burkina Faso,4921,00:03:32.270,Carry,True
,,,,,"[54.8, 70.8]",,,,,,,,,,,,0.540089,,,,,,,,,,,,,124175b3-1460-4b10-b5cd-0ba0f1a18693,172,,"[51.8, 69.0]",3920402,3,,,,,,,,,,,,,,,,,,,,,,,,,1,Regular Play,Riyad Mahrez,3814.0,Right Wing,8,Burkina Faso,4921,"['14fff89c-51a7-476d-8e92-3d17b2be8317', '0e88f38a-33d3-4409-9a1f-30206ad28bd0', 'f4c9084a-9c1f-49e0-97f8-b1dcdcf70bcf']",41,,,,,,,,,,,,,,,,,,,Algeria,4898,00:03:41.461,Carry,True
,,,,,"[53.3, 12.6]",,,,,,,,,,,,6.54485,,,,,,,,,,,,,749e371e-eaca-4246-ba87-cc2a39a606f6,178,,"[40.9, 1.6]",3920402,3,,,,,,,,,,,,,,,,,,,,,,,,,1,From Throw In,Edmond Fayçal Tapsoba,30606.0,Left Center Back,9,Burkina Faso,4921,"['f743f0c7-9b8a-49ea-9980-d3640832942d', 'ac7e240b-29b3-415a-9e73-77db3f9d5cbd']",49,,,,,,,,,,,,,,,,,,,Burkina Faso,4921,00:03:49.353,Carry,
,,,,,"[29.2, 29.5]",,,,,,,,,,,,0.938222,,,,,,,,,,,,,69b6fe4b-1ca5-4425-8605-1a23950a93a7,186,,"[30.6, 28.9]",3920402,4,,,,,,,,,,,,,,,,,,,,,,,,,1,From Keeper,Ramiz Larbi Zerrouki,38345.0,Left Defensive Midfield,10,Algeria,4898,"['df5bb248-f44b-417c-8d9a-311b53458c54', '518daceb-f875-407d-afe3-c42300e5d206']",8,,,,,,,,,,,,,,,,,,,Algeria,4898,00:04:08.328,Carry,
,,,,,"[15.2, 34.2]",,,,,,,,,,,,1.378255,,,,,,,,,,,,,e1400154-ea0c-4097-a8c6-2b4844730bae,190,,"[14.8, 34.2]",3920402,4,,,,,,,,,,,,,,,,,,,,,,,,,1,From Keeper,Ramy Bensebaini,3191.0,Left Center Back,10,Algeria,4898,"['8c38e916-6429-490a-a4e5-b805df110a0c', '6434223f-e3e9-45f2-83dd-933e06d8c93f']",10,,,,,,,,,,,,,,,,,,,Algeria,4898,00:04:10.318,Carry,
,,,,,"[26.0, 53.7]",,,,,,,,,,,,2.837725,,,,,,,,,,,,,fd5615a5-476e-498d-9a2b-8cc8be79f928,193,,"[29.9, 53.7]",3920402,4,,,,,,,,,,,,,,,,,,,,,,,,,1,From Keeper,Nabil Bentaleb,8520.0,Right Defensive Midfield,10,Algeria,4898,"['eb1ed61d-19a3-42e2-9d63-d8e8ac21fbc3', 'd8658a5b-2951-47f3-bfef-61d206fdab4c']",13,,,,,,,,,,,,,,,,,,,Algeria,4898,00:04:13.805,Carry,
,,,,,"[31.5, 64.8]",,,,,,,,,,,,1.199995,,,,,,,,,,,,,26b99a9b-8210-44d4-bfc4-aa49ccbc5117,196,,"[29.8, 63.6]",3920402,4,,,,,,,,,,,,,,,,,,,,,,,,,1,From Keeper,Aïssa Mandi,6648.0,Right Center Back,10,Algeria,4898,"['0c7af6ed-d498-48bb-b932-d5a05b8c736d', '385ad4fe-9ef8-41f7-8e8b-e9dc7a2e512d']",18,,,,,,,,,,,,,,,,,,,Algeria,4898,00:04:18.435,Carry,
,,,,,"[35.1, 44.6]",,,,,,,,,,,,2.185382,,,,,,,,,,,,,0d095f1a-f74a-415b-b07b-5244a92b2fe1,199,,"[27.4, 51.6]",3920402,4,,,,,,,,,,,,,,,,,,,,,,,,,1,From Keeper,Nabil Bentaleb,8520.0,Right Defensive Midfield,10,Algeria,4898,"['6352895a-4fe4-4561-b5d7-c6c1dee2c993', 'a48f6fe0-4cd1-4c70-a589-b1a84be63fea']",21,,,,,,,,,,,,,,,,,,,Algeria,4898,00:04:21.235,Carry,
,,,,,"[40.2, 25.6]",,,,,,,,,,,,3.415001,,,,,,,,,,,,,e214e6a2-1a55-4fd5-8011-59aaf300be66,202,,"[35.8, 25.6]",3920402,4,,,,,,,,,,,,,,,,,,,,,,,,,1,From Keeper,Ramy Bensebaini,3191.0,Left Center Back,10,Algeria,4898,"['3f4da209-2b58-4b4d-99f9-8d44ab6826cc', '8fe74285-7fe7-44c9-b4ac-4224a7509ee8']",24,,,,,,,,,,,,,,,,,,,Algeria,4898,00:04:24.327,Carry,
,,,,,"[47.2, 36.8]",,,,,,,,,,,,1.25347,,,,,,,,,,,,,97aa3c42-645d-4db0-8fbb-009d127e7e92,205,,"[47.2, 38.4]",3920402,4,,,,,,,,,,,,,,,,,,,,,,,,,1,From Keeper,Nabil Bentaleb,8520.0,Right Defensive Midfield,10,Algeria,4898,"['ce117669-849a-4bea-aa1f-6f82609871e2', '7d2424e7-47ee-4267-a4c3-5411445eb758']",28,,,,,,,,,,,,,,,,,,,Algeria,4898,00:04:28.610,Carry,
,,,,,"[79.6, 40.5]",,,,,,,,,,,,2.543243,,,,,,,,,,,,,cc31c5b2-dd95-4028-a644-6b8af1fa038e,208,,"[69.9, 26.4]",3920402,4,,,,,,,,,,,,,,,,,,,,,,,,,1,From Keeper,Mohamed Youcef Belaïli,103464.0,Left Wing,10,Algeria,4898,"['b24b4a1a-8d47-4373-bef1-dcb2f56337e5', '7b544db2-66df-4ac7-ab49-d41c996719e2', '4edd635b-2a4c-4576-8ce3-4a3d64a4bc1f']",31,,,,,,,,,,,,,,,,,,,Algeria,4898,00:04:31.214,Carry,True
,,,,,"[90.2, 74.0]",,,,,,,,,,,,1.814625,,,,,,,,,,,,,b54866c5-3537-4a0f-ab20-8193efde314f,212,,"[84.4, 76.0]",3920402,4,,,,,,,,,,,,,,,,,,,,,,,,,1,From Keeper,Riyad Mahrez,3814.0,Right Wing,10,Algeria,4898,"['96aa5bba-240b-4cd4-871c-df4357499647', '978d1083-e289-48f4-8ecc-fc6af64aad5a']",35,,,,,,,,,,,,,,,,,,,Algeria,4898,00:04:35.148,Carry,
,,,,,"[38.8, 3.1]",,,,,,,,,,,,4.522884,,,,,,,,,,,,,811cd660-6cef-43e8-8d91-73ddb2f8d532,219,,"[30.4, 2.9]",3920402,5,,,,,,,,,,,,,,,,,,,,,,,,,1,From Goal Kick,Steeve Yago,3035.0,Left Back,11,Burkina Faso,4921,"['8bb4d38c-8d5f-4642-9f6c-2d58ea681253', 'd7f2371e-b13b-4b14-8fb2-1b773c15f7a5']",9,,,,,,,,,,,,,,,,,,,Burkina Faso,4921,00:05:09.672,Carry,
,,,,,"[16.7, 39.2]",,,,,,,,,,,,1.005571,,,,,,,,,,,,,431d65d3-9c8a-4a11-8b8c-1bae2563e2d0,222,,"[16.7, 37.8]",3920402,5,,,,,,,,,,,,,,,,,,,,,,,,,1,From Goal Kick,Kouakou Herve Koffi,4388.0,Goalkeeper,11,Burkina Faso,4921,"['59aa58b5-5e6a-4742-98c1-1137c515bdec', 'b775ee90-3e48-4d5f-ba67-aa61c739b083']",16,,,,,,,,,,,,,,,,,,,Burkina Faso,4921,00:05:16.777,Carry,
,,,,,"[31.6, 51.6]",,,,,,,,,,,,4.479937,,,,,,,,,,,,,55624fe4-5d3f-4e64-930b-d7e3ec033924,225,,"[21.9, 51.6]",3920402,5,,,,,,,,,,,,,,,,,,,,,,,,,1,From Goal Kick,Adamo Nagalo,99280.0,Right Back,11,Burkina Faso,4921,"['a667f082-9378-4c88-b344-a2d8d6bd043c', '23b2053c-edd1-4a60-b2c2-bff53ca59561']",19,,,,,,,,,,,,,,,,,,,Burkina Faso,4921,00:05:19.149,Carry,
,,,,,"[52.9, 11.8]",,,,,,,,,,,,4.22265,,,,,,,,,,,,,343ebeb5-de42-4251-8bd8-24587fcc386a,228,,"[42.6, 7.8]",3920402,5,,,,,,,,,,,,,,,,,,,,,,,,,1,From Goal Kick,Issoufou Dayo,102800.0,Right Center Back,11,Burkina Faso,4921,"['0811004e-979b-4ba0-9a01-45130939216e', 'a152950d-7333-4bfb-abfd-e4d3abcb3317']",25,,,,,,,,,,,,,,,,,,,Burkina Faso,4921,00:05:25.931,Carry,
,,,,,"[71.7, 30.4]",,,,,,,,,,,,0.258676,,,,,,,,,,,,,8c4d8595-9f6d-4ebc-b42a-4cee61dc508d,231,,"[72.7, 30.1]",3920402,5,,,,,,,,,,,,,,,,,,,,,,,,,1,From Goal Kick,Gustavo Fabrice Sangaré,45466.0,Center Attacking Midfield,11,Burkina Faso,4921,"['9e2721fd-56d5-4580-b153-b1d9ea93f329', '18cb3cbd-c5ce-455e-ac46-5b4fd5a01684']",31,,,,,,,,,,,,,,,,,,,Burkina Faso,4921,00:05:31.348,Carry,
,,,,,"[65.7, 40.7]",,,,,,,,,,,,1.12744,,,,,,,,,,,,,5dae6382-4c05-4e98-8f87-857a466bdf89,235,,"[64.4, 35.7]",3920402,5,,,,,,,,,,,,,,,,,,,,,,,,,1,From Goal Kick,Adama Guira,24411.0,Right Defensive Midfield,11,Burkina Faso,4921,"['ea63d1eb-d17c-42f1-b416-8dc16db8c216', '6850b369-adce-4f2a-9a0b-d91639a6e961']",33,,,,,,,,,,,,,,,,,,,Burkina Faso,4921,00:05:33.870,Carry,
,,,,,"[95.2, 73.5]",,,,,,,,,,,,2.442879,,,,,,,,,,,,,98509042-539e-4844-bc46-0bb6fe19a2b4,238,,"[89.9, 75.2]",3920402,5,,,,,,,,,,,,,,,,,,,,,,,,,1,From Goal Kick,Issa Kabore,35471.0,Right Wing,11,Burkina Faso,4921,"['97397ab8-2863-459a-88a5-8e5fe0e03c1f', 'edd4ffd5-af56-4796-8a3f-0990d0e85a2d']",37,,,,,,,,,,,,,,,,,,,Burkina Faso,4921,00:05:37.290,Carry,
,,,,,"[88.4, 52.8]",,,,,,,,,,,,0.863755,,,,,,,,,,,,,a873c67a-bd7c-4a7c-9cab-2b54bcf09d95,243,,"[85.1, 52.0]",3920402,5,,,,,,,,,,,,,,,,,,,,,,,,,1,From Goal Kick,Adama Guira,24411.0,Right Defensive Midfield,11,Burkina Faso,4921,"['443d03d6-1cb0-44a5-b051-7864ffae6871', 'c72f35f0-3b3a-4fe2-aa57-902756ed47d0']",42,,,,,,,,,,,,,,,,,,,Burkina Faso,4921,00:05:42.045,Carry,
,,,,,"[28.2, 23.5]",,,,,,,,,,,,0.225624,,,,,,,,,,,,,ae7fc041-eaa3-479d-a253-1adc37f5ca79,253,,"[27.0, 24.3]",3920402,5,,,,,,,,,,,,,,,,,,,,,,,,,1,From Keeper,Ramiz Larbi Zerrouki,38345.0,Left Defensive Midfield,13,Algeria,4898,"['ebfc975d-6411-418c-b131-2dd14f8722fe', 'f2253311-68b2-4e07-828a-1ad65480a604']",52,,,,,,,,,,,,,,,,,,,Algeria,4898,00:05:52.825,Carry,
,,,,,"[20.7, 10.1]",,,,,,,,,,,,1.37609,,,,,,,,,,,,,5fd96808-99cc-4d6f-b2a6-361cf89c781b,257,,"[19.5, 12.4]",3920402,5,,,,,,,,,,,,,,,,,,,,,,,,,1,From Keeper,Rayan Aït Nouri,12111.0,Left Back,13,Algeria,4898,"['5b66d05e-6ef0-48b2-a07c-d14b3764be9f', '4099172c-97fe-45c1-9443-572a34e4f60b']",54,,,,,,,,,,,,,,,,,,,Algeria,4898,00:05:54.753,Carry,
,,,,,"[4.4, 28.3]",,,,,,,,,,,,1.129844,,,,,,,,,,,,,a41d197d-f77b-4c1b-82da-0e498b8f16f7,260,,"[4.4, 26.4]",3920402,5,,,,,,,,,,,,,,,,,,,,,,,,,1,From Keeper,Ramy Bensebaini,3191.0,Left Center Back,13,Algeria,4898,"['d8eb0ea9-b7fb-45c3-a370-684de1cca17f', '03ade277-c925-48d7-ad1c-7a763a31c62f']",57,,,,,,,,,,,,,,,,,,,Algeria,4898,00:05:57.917,Carry,
,,,,,"[17.9, 51.0]",,,,,,,,,,,,8.302705,,,,,,,,,,,,,acc2a996-d4ef-4d03-bce3-48e567612b3a,263,,"[10.4, 47.5]",3920402,6,,,,,,,,,,,,,,,,,,,,,,,,,1,From Keeper,Aïssa Mandi,6648.0,Right Center Back,13,Algeria,4898,"['581e8ec2-9a2a-4ece-a1df-ad16758463b7', 'cc8218b2-d624-49b6-9894-b75f91c880c5']",0,,,,,,,,,,,,,,,,,,,Algeria,4898,00:06:00.296,Carry,
,,,,,"[18.1, 30.0]",,,,,,,,,,,,0.729902,,,,,,,,,,,,,da34fd70-82ec-425f-a4e5-df52bc88fe48,266,,"[18.1, 30.3]",3920402,6,,,,,,,,,,,,,,,,,,,,,,,,,1,From Keeper,Ramy Bensebaini,3191.0,Left Center Back,13,Algeria,4898,"['23232352-17cb-445e-a7cd-c17eff76d3f5', '32823388-7f6c-489c-a207-d1a17598aa93']",9,,,,,,,,,,,,,,,,,,,Algeria,4898,00:06:09.799,Carry,
,,,,,"[39.8, 8.5]",,,,,,,,,,,,0.999919,,,,,,,,,,,,,54f37c9a-977c-4236-a25d-d9f990c840c0,269,,"[33.4, 9.7]",3920402,6,,,,,,,,,,,,,,,,,,,,,,,,,1,From Keeper,Nabil Bentaleb,8520.0,Right Defensive Midfield,13,Algeria,4898,"['15d76684-2164-42ed-9588-19546da3938b', '2c2c35bf-8adf-449b-a171-c215c1c17009']",12,,,,,,,,,,,,,,,,,,,Algeria,4898,00:06:12.591,Carry,
,,,,,"[42.7, 7.7]",,,,,,,,,,,,0.808724,,,,,,,,,,,,,62f49a1b-f1e1-4e1a-946a-d90f3eb21447,274,,"[43.5, 7.0]",3920402,6,,,,,,,,,,,,,,,,,,,,,,,,,1,From Keeper,Nabil Bentaleb,8520.0,Right Defensive Midfield,13,Algeria,4898,"['f389c1f8-5e01-49ae-96ed-f950a89c251e', 'df5f44dc-55a4-4610-b7ad-cc5cad06c261']",15,,,,,,,,,,,,,,,,,,,Algeria,4898,00:06:15.645,Carry,
,,,,,"[41.9, 23.9]",,,,,,,,,,,,0.001354001,,,,,,,,,,,,,a550a59b-029e-4a3d-8659-bd53f031c2b8,277,,"[43.1, 22.3]",3920402,6,,,,,,,,,,,,,,,,,,,,,,,,,1,From Keeper,Ramiz Larbi Zerrouki,38345.0,Left Defensive Midfield,13,Algeria,4898,"['985a38e6-a2d0-4feb-946a-4977925e897f', '076200f7-3521-4cb1-a213-69fd68d81ff7']",17,,,,,,,,,,,,,,,,,,,Algeria,4898,00:06:17.671,Carry,
,,,,,"[28.6, 30.0]",,,,,,,,,,,,0.885921,,,,,,,,,,,,,ec202001-d0fb-422c-9c50-3769e3dbdc1c,280,,"[29.2, 24.8]",3920402,6,,,,,,,,,,,,,,,,,,,,,,,,,1,From Keeper,Ramy Bensebaini,3191.0,Left Center Back,13,Algeria,4898,"['5d13903c-5b04-4b64-a791-3d77993c1632', '79612e3a-8f0b-490a-ac57-1a25bbe8bc5b']",19,,,,,,,,,,,,,,,,,,,Algeria,4898,00:06:19.009,Carry,
,,,,,"[40.8, 57.2]",,,,,,,,,,,,2.799996,,,,,,,,,,,,,aa78896a-7e4d-44f0-9ef0-e4d94de4fab6,283,,"[35.4, 53.5]",3920402,6,,,,,,,,,,,,,,,,,,,,,,,,,1,From Keeper,Aïssa Mandi,6648.0,Right Center Back,13,Algeria,4898,"['e838bcdd-5b83-4f5d-861e-0e2ec3846a2d', 'ec115370-547b-44f1-b022-473924761388']",21,,,,,,,,,,,,,,,,,,,Algeria,4898,00:06:21.593,Carry,
,,,,,"[36.6, 37.6]",,,,,,,,,,,,1.009521,,,,,,,,,,,,,7dd7fce0-7c94-42b0-b9f1-c49f13e09dbd,286,,"[35.1, 38.0]",3920402,6,,,,,,,,,,,,,,,,,,,,,,,,,1,From Keeper,Ramy Bensebaini,3191.0,Left Center Back,13,Algeria,4898,"['80c5e029-0d12-4498-af60-3b1fe534be62', '1ad22065-d924-4dcf-b848-1272bc41d882']",25,,,,,,,,,,,,,,,,,,,Algeria,4898,00:06:25.615,Carry,
,,,,,"[54.5, 17.1]",,,,,,,,,,,,1.377248,,,,,,,,,,,,,35ddfa97-4c96-499f-952a-a0cae66efd21,289,,"[49.1, 20.1]",3920402,6,,,,,,,,,,,,,,,,,,,,,,,,,1,From Keeper,Nabil Bentaleb,8520.0,Right Defensive Midfield,13,Algeria,4898,"['1105ee45-e0f7-48ef-9adc-8a18b7ba6d22', '2d43ec2d-7c32-4177-8eed-409164c2f444']",28,,,,,,,,,,,,,,,,,,,Algeria,4898,00:06:28.250,Carry,
,,,,,"[61.2, 11.6]",,,,,,,,,,,,2.850981,,,,,,,,,,,,,7526ffc5-f81c-49bf-8db9-aa8ee4a2e774,296,,"[60.5, 12.8]",3920402,6,,,,,,,,,,,,,,,,,,,,,,,,,1,From Keeper,Mohamed Youcef Belaïli,103464.0,Left Wing,13,Algeria,4898,"['3fe524eb-85e8-4633-b833-847749ba27b3', '5bfbe789-2309-44cf-8d25-7f16e44ad51e']",32,,,,,,,,,,,,,,,,,,,Algeria,4898,00:06:32.256,Carry,
,,,,,"[65.5, 4.9]",,,,,,,,,,,,0.527736,,,,,,,,,,,,,01d74829-a195-41f7-8b90-fb8fb24fc60e,299,,"[66.0, 4.9]",3920402,6,,,,,,,,,,,,,,,,,,,,,,,,,1,From Keeper,Rayan Aït Nouri,12111.0,Left Back,13,Algeria,4898,"['5fef8866-efa5-4fb9-9457-e5c771595c54', 'e39eae40-a386-4da0-a801-0a6eda516e04']",35,,,,,,,,,,,,,,,,,,,Algeria,4898,00:06:35.997,Carry,
,,,,,"[62.1, 10.1]",,,,,,,,,,,,0.714599,,,,,,,,,,,,,40685a82-bdcb-4935-97aa-373dde838907,302,,"[62.1, 10.3]",3920402,6,,,,,,,,,,,,,,,,,,,,,,,,,1,From Keeper,Mohamed Youcef Belaïli,103464.0,Left Wing,13,Algeria,4898,"['57dc8e67-33b7-413c-baf4-60345117985c', '4eed6c18-7618-4d73-90bb-1c99ef983228']",37,,,,,,,,,,,,,,,,,,,Algeria,4898,00:06:37.353,Carry,
,,,,,"[53.8, 41.9]",,,,,,,,,,,,0.996117,,,,,,,,,,,,,a17ca7e1-3463-405b-b059-8a16e2ad2bf2,310,,"[54.4, 37.6]",3920402,6,,,,,,,,,,,,,,,,,,,,,,,,,1,From Keeper,Nabil Bentaleb,8520.0,Right Defensive Midfield,13,Algeria,4898,"['226642ea-e146-4541-955c-621edd3212b3', '24aaf26f-267f-49c5-97b7-0cf837d3c2e0']",42,,,,,,,,,,,,,,,,,,,Algeria,4898,00:06:42.192,Carry,
,,,,,"[94.1, 75.4]",,,,,,,,,,,,3.972863,,,,,,,,,,,,,341b3c18-dc1f-472a-8bfb-45706e341241,313,,"[72.6, 79.1]",3920402,6,,,,,,,,,,,,,,,,,,,,,,,,,1,From Keeper,Youcef Atal,10040.0,Right Back,13,Algeria,4898,"['c0b8aeda-cbe9-4e3a-b192-effa954e77d3', '6509155e-9032-4523-9f7f-80923bc3c74a', '18e8b59c-91b9-4ede-8d51-6e6e32345711']",45,,,,,,,,,,,,,,,,,,,Algeria,4898,00:06:45.181,Carry,True
,,,,,"[74.1, 70.0]",,,,,,,,,,,,3.008591,,,,,,,,,,,,,2c6ae31e-ae30-426b-a165-a7448efd9785,319,,"[79.4, 77.5]",3920402,6,,,,,,,,,,,,,,,,,,,,,,,,,1,From Throw In,Riyad Mahrez,3814.0,Right Wing,14,Algeria,4898,"['b6f4f23c-399d-40d3-a621-8e26613f8e4b', '180d199d-a791-4aac-bdbc-00eff4890b21']",57,,,,,,,,,,,,,,,,,,,Algeria,4898,00:06:57.545,Carry,
,,,,,"[78.6, 44.8]",,,,,,,,,,,,1.090988,,,,,,,,,,,,,bb0673b5-3e3e-4270-90fe-cda2107a7ca2,322,,"[75.5, 42.6]",3920402,7,,,,,,,,,,,,,,,,,,,,,,,,,1,From Throw In,Mohamed Youcef Belaïli,103464.0,Left Wing,14,Algeria,4898,"['34b704f2-25a7-4ca9-96ee-1b33e91ec576', '96ccb5ed-6417-478f-a14c-f5bc4f1a0ff4']",2,,,,,,,,,,,,,,,,,,,Algeria,4898,00:07:02.306,Carry,
,,,,,"[21.9, 33.0]",,,,,,,,,,,,0.016151002,,,,,,,,,,,,,46ae7243-e20a-458f-9fbc-22dd0ca59a42,331,,"[21.9, 33.0]",3920402,7,,,,,,,,,,,,,,,,,,,,,,,,,1,From Goal Kick,Issoufou Dayo,102800.0,Right Center Back,15,Burkina Faso,4921,"['ab461a29-7890-48e7-a41a-18b535f3e87b', '7f40c6f9-b368-4399-85bd-1b152d1e73b4']",51,,,,,,,,,,,,,,,,,,,Burkina Faso,4921,00:07:51.890,Carry,
,,,,,"[37.3, 47.9]",,,,,,,,,,,,1.663563,,,,,,,,,,,,,19a1bdb1-a77a-4000-994a-3ac61e280333,334,,"[35.3, 47.3]",3920402,7,,,,,,,,,,,,,,,,,,,,,,,,,1,From Goal Kick,Adama Guira,24411.0,Right Defensive Midfield,15,Burkina Faso,4921,"['42646745-5eb2-4fa9-8fc9-27439cbf5906', '781f1ae1-0bb4-4e02-b5a5-33c0f308e4d0']",52,,,,,,,,,,,,,,,,,,,Burkina Faso,4921,00:07:52.609,Carry,
,,,,,"[93.7, 6.6]",,,,,,,,,,,,0.107395,,,,,,,,,,,,,87e8fbb8-2a34-4a86-8754-3fca36bec7e7,337,,"[89.9, 3.3]",3920402,7,,,,,,,,,,,,,,,,,,,,,,,,,1,From Goal Kick,Abdoul Fessal Tapsoba,43705.0,Left Wing,15,Burkina Faso,4921,"['158e030d-e5c9-4392-87ad-2d71a1cbd6eb', '69800e7d-e265-4791-9c64-dbb9f512edb2']",58,,,,,,,,,,,,,,,,,,,Burkina Faso,4921,00:07:58.622,Carry,
,,,,,"[16.5, 68.6]",,,,,,,,,,,,1.200532,,,,,,,,,,,,,9c37a6c1-15a0-4296-a0a3-363d1722ad07,341,,"[21.0, 70.4]",3920402,7,,,,,,,,,,,,,,,,,,,,,,,,,1,Regular Play,Youcef Atal,10040.0,Right Back,16,Algeria,4898,"['af9ad5f1-7819-4da4-ac8a-3b77f19e024b', '7fbc1e5b-83e4-47fb-9562-b1f3bcf96c20', '4dd541dd-a7d2-4e41-a880-27753cab4120', '3949730a-52de-4862-baf7-e5e882596c8c']",59,,,,,,,,,,,,,,,,,,,Algeria,4898,00:07:59.947,Carry,True
,,,,,"[26.8, 28.7]",,,,,,,,,,,,0.729816,,,,,,,,,,,,,d1fbd878-a9b4-4ad2-8833-54d3b714708d,350,,"[26.7, 30.0]",3920402,8,,,,,,,,,,,,,,,,,,,,,,,,,1,From Free Kick,Ramy Bensebaini,3191.0,Left Center Back,17,Algeria,4898,"['cc1f6f21-25d7-42e5-bb68-713c5b69bb8b', '567ac098-9845-4d8b-a503-2f6b531a27d1']",39,,,,,,,,,,,,,,,,,,,Algeria,4898,00:08:39.713,Carry,
,,,,,"[47.6, 23.6]",,,,,,,,,,,,1.532562,,,,,,,,,,,,,30f17abf-4142-4cb0-8d02-0ee5c88b1659,353,,"[39.4, 22.5]",3920402,8,,,,,,,,,,,,,,,,,,,,,,,,,1,From Free Kick,Ramiz Larbi Zerrouki,38345.0,Left Defensive Midfield,17,Algeria,4898,"['fbd16337-0e01-4705-aafe-b6593d366756', 'ef445b9a-525c-4a42-93a7-8d09bf1ac1fd']",41,,,,,,,,,,,,,,,,,,,Algeria,4898,00:08:41.844,Carry,
,,,,,"[58.8, 12.8]",,,,,,,,,,,,0.176419,,,,,,,,,,,,,29e900ba-909c-4435-8cce-1c9f61d0fde9,356,,"[59.0, 12.8]",3920402,8,,,,,,,,,,,,,,,,,,,,,,,,,1,From Free Kick,Mohamed Youcef Belaïli,103464.0,Left Wing,17,Algeria,4898,"['59694d56-65c1-4feb-91f8-d72ffc8d6fb5', 'd748ed7b-0b59-408b-a1f8-4c4ee0055781']",44,,,,,,,,,,,,,,,,,,,Algeria,4898,00:08:44.357,Carry,
,,,,,"[50.1, 18.8]",,,,,,,,,,,,2.047546,,,,,,,,,,,,,454d518e-cba0-4ee2-a9a2-4aa7402dc68d,359,,"[49.7, 16.5]",3920402,8,,,,,,,,,,,,,,,,,,,,,,,,,1,From Free Kick,Ramiz Larbi Zerrouki,38345.0,Left Defensive Midfield,17,Algeria,4898,"['d775141f-17cf-43be-b404-5442d37b54e1', '19aee2b9-03bd-4c32-a8f5-ccae1a910720']",45,,,,,,,,,,,,,,,,,,,Algeria,4898,00:08:45.352,Carry,
,,,,,"[42.7, 53.5]",,,,,,,,,,,,1.7094,,,,,,,,,,,,,cbf0f69e-2dbd-4d03-8cad-6dde3e2ee070,362,,"[43.1, 51.6]",3920402,8,,,,,,,,,,,,,,,,,,,,,,,,,1,From Free Kick,Aïssa Mandi,6648.0,Right Center Back,17,Algeria,4898,"['6e1b88ae-acda-4bf1-b13b-92c312fc66e8', 'f2d6e600-b936-4420-a496-ad4533df5442']",49,,,,,,,,,,,,,,,,,,,Algeria,4898,00:08:49.588,Carry,
,,,,,"[62.7, 46.3]",,,,,,,,,,,,2.187345,,,,,,,,,,,,,d8ac2272-43ea-4ea1-a0c7-ec365bf9053f,366,,"[63.3, 54.1]",3920402,8,,,,,,,,,,,,,,,,,,,,,,,,,1,From Free Kick,Riyad Mahrez,3814.0,Right Wing,17,Algeria,4898,"['0716f017-9eaf-464d-9bf2-6ccbec0bc102', '3e4eda23-1ece-4596-a58b-c7aba7ff1237']",52,,,,,,,,,,,,,,,,,,,Algeria,4898,00:08:52.557,Carry,
,,,,,"[71.8, 9.3]",,,,,,,,,,,,0.652053,,,,,,,,,,,,,302a8f3e-a472-40ae-bd53-30248129a168,371,,"[72.8, 9.3]",3920402,8,,,,,,,,,,,,,,,,,,,,,,,,,1,From Free Kick,Rayan Aït Nouri,12111.0,Left Back,17,Algeria,4898,"['f77cd15e-5d24-4e3a-a71b-3bd5f0eba76d', '79811857-61e0-4c34-b295-59ffd8880094']",58,,,,,,,,,,,,,,,,,,,Algeria,4898,00:08:58.151,Carry,
,,,,,"[86.7, 4.9]",,,,,,,,,,,,0.815859,,,,,,,,,,,,,a862f470-f70c-4fde-b83d-9a5393714d64,374,,"[89.1, 3.5]",3920402,9,,,,,,,,,,,,,,,,,,,,,,,,,1,From Free Kick,Mohamed Youcef Belaïli,103464.0,Left Wing,17,Algeria,4898,"['a7467af7-33c4-494f-b615-b7f0469bfb36', '39c8ff42-7a72-4863-a11d-c1ffc459fac5', '97c019c7-3e9f-47bb-9270-d0e3ced7573a']",0,,,,,,,,,,,,,,,,,,,Algeria,4898,00:09:00.296,Carry,True
,,,,,"[71.8, 8.8]",,,,,,,,,,,,1.952028,,,,,,,,,,,,,bd9fa634-6b9f-426e-b999-ba48e4d66c24,378,,"[77.6, 6.0]",3920402,9,,,,,,,,,,,,,,,,,,,,,,,,,1,From Free Kick,Rayan Aït Nouri,12111.0,Left Back,17,Algeria,4898,"['7af00227-a8f5-4e5a-ad8e-1a39b474f748', 'aa4d45d4-d056-41ff-909d-ab185a4433bc']",1,,,,,,,,,,,,,,,,,,,Algeria,4898,00:09:01.952,Carry,
,,,,,"[61.3, 11.3]",,,,,,,,,,,,0.950403,,,,,,,,,,,,,ffb3f1ac-464f-4b1d-a8a9-7e242b3b1db5,381,,"[63.3, 5.3]",3920402,9,,,,,,,,,,,,,,,,,,,,,,,,,1,From Free Kick,Ramiz Larbi Zerrouki,38345.0,Left Defensive Midfield,17,Algeria,4898,"['c59b0041-fc74-4bcc-b192-712c1495a0a9', '63fd2901-c189-42e4-be92-32bead79b1fb']",5,,,,,,,,,,,,,,,,,,,Algeria,4898,00:09:05.210,Carry,
,,,,,"[48.4, 31.0]",,,,,,,,,,,,0.007257,,,,,,,,,,,,,99f2376c-9540-4244-a794-079c479f6729,384,,"[47.0, 27.3]",3920402,9,,,,,,,,,,,,,,,,,,,,,,,,,1,From Free Kick,Ramy Bensebaini,3191.0,Left Center Back,17,Algeria,4898,"['c9359081-b1cf-4a3b-8dd4-5ce3c4807f0f', '4184ceb9-7af7-47a8-bca1-14ef03efe7eb']",7,,,,,,,,,,,,,,,,,,,Algeria,4898,00:09:07.971,Carry,
,,,,,"[50.7, 56.0]",,,,,,,,,,,,1.563007,,,,,,,,,,,,,139be306-f322-4699-90b7-eb89a078e269,387,,"[50.5, 54.6]",3920402,9,,,,,,,,,,,,,,,,,,,,,,,,,1,From Free Kick,Aïssa Mandi,6648.0,Right Center Back,17,Algeria,4898,"['0c3c9db5-08e8-41c1-91a9-762139d76f2e', '46b35bb9-24ef-4f58-bb1d-1009b46edfaf']",9,,,,,,,,,,,,,,,,,,,Algeria,4898,00:09:09.591,Carry,
,,,,,"[54.2, 42.1]",,,,,,,,,,,,1.395956,,,,,,,,,,,,,7b734753-c5da-4039-8c55-b827fe681510,390,,"[56.5, 43.0]",3920402,9,,,,,,,,,,,,,,,,,,,,,,,,,1,From Free Kick,Nabil Bentaleb,8520.0,Right Defensive Midfield,17,Algeria,4898,"['ed5cb560-e60a-4e23-a85d-1c8aae6d9a71', 'f5b386f5-af4e-44ba-a383-12b2cc0ef567']",11,,,,,,,,,,,,,,,,,,,Algeria,4898,00:09:11.878,Carry,
,,,,,"[56.1, 26.2]",,,,,,,,,,,,3.335422,,,,,,,,,,,,,f33240aa-49e5-4979-8c7f-1fd24921535d,393,,"[56.3, 24.8]",3920402,9,,,,,,,,,,,,,,,,,,,,,,,,,1,From Free Kick,Ramiz Larbi Zerrouki,38345.0,Left Defensive Midfield,17,Algeria,4898,"['9aeebc4d-a7b8-4c8b-a705-5aa2caeddac6', 'eaf8ac6d-6286-4197-8708-87af10ae220b']",14,,,,,,,,,,,,,,,,,,,Algeria,4898,00:09:14.497,Carry,
,,,,,"[49.3, 27.9]",,,,,,,,,,,,5.712948,,,,,,,,,,,,,c76ac5b5-1072-4830-9bf9-0686f010ef66,398,,"[41.0, 31.6]",3920402,9,,,,,,,,,,,,,,,,,,,,,,,,,1,From Free Kick,Ramy Bensebaini,3191.0,Left Center Back,17,Algeria,4898,"['86fd9f3c-1486-41f7-82ed-5265fe080913', '04844237-858a-42b9-a06b-b5b051e880e4']",20,,,,,,,,,,,,,,,,,,,Algeria,4898,00:09:20.281,Carry,
,,,,,"[76.4, 29.0]",,,,,,,,,,,,1.041028,,,,,,,,,,,,,a061171f-6b65-4e52-91d7-d455595054b5,401,,"[78.4, 31.4]",3920402,9,,,,,,,,,,,,,,,,,,,,,,,,,1,From Free Kick,Sofiane Feghouli,18724.0,Center Attacking Midfield,17,Algeria,4898,"['d6b9cede-0f27-4340-a864-57af616d4871', '008b1e7d-b647-48c6-9dc9-40429143ab29', 'ff6c7959-1cd4-4430-83ec-21cb3457baef']",27,,,,,,,,,,,,,,,,,,,Algeria,4898,00:09:27.414,Carry,True
,,,,,"[65.2, 44.2]",,,,,,,,,,,,0.755757,,,,,,,,,,,,,c75ea2e0-5caa-4031-b5db-ac7e050c1a06,409,,"[64.1, 45.5]",3920402,9,,,,,,,,,,,,,,,,,,,,,,,,,1,From Free Kick,Aïssa Mandi,6648.0,Right Center Back,18,Algeria,4898,"['f204ec77-5e89-4925-a228-cea9429dcb3a', '0280ae83-70b0-4865-adf0-05120e667cc6']",59,,,,,,,,,,,,,,,,,,,Algeria,4898,00:09:59.286,Carry,
,,,,,"[60.9, 26.8]",,,,,,,,,,,,0.581073,,,,,,,,,,,,,228d18cb-ecef-43ad-8e9f-b9ff7ade98e3,412,,"[61.3, 27.3]",3920402,10,,,,,,,,,,,,,,,,,,,,,,,,,1,From Free Kick,Ramy Bensebaini,3191.0,Left Center Back,18,Algeria,4898,"['663bb607-9d34-4040-8a52-410d0539a68e', 'b545b946-1568-4fdf-a673-950af5b0ab77']",1,,,,,,,,,,,,,,,,,,,Algeria,4898,00:10:01.726,Carry,
,,,,,"[79.9, 8.9]",,,,,,,,,,,,2.59545,,,,,,,,,,,,,f80a53cc-088c-4f92-b7a3-5429f2f23203,415,,"[76.3, 7.0]",3920402,10,,,,,,,,,,,,,,,,,,,,,,,,,1,From Free Kick,Ramiz Larbi Zerrouki,38345.0,Left Defensive Midfield,18,Algeria,4898,"['cd2c576a-4c89-49e9-8fe9-3adc3ec3c351', 'bf10c44c-744c-402a-a716-d99cb46a3598']",3,,,,,,,,,,,,,,,,,,,Algeria,4898,00:10:03.835,Carry,
,,,,,"[79.6, 25.6]",,,,,,,,,,,,0.613868,,,,,,,,,,,,,e3fa7da4-0a36-439d-9504-c1770b420e33,418,,"[78.0, 24.4]",3920402,10,,,,,,,,,,,,,,,,,,,,,,,,,1,From Free Kick,Nabil Bentaleb,8520.0,Right Defensive Midfield,18,Algeria,4898,"['0a7aa043-075d-46ef-9270-fadae706793a', '50b67b7c-3566-4ef4-ad5e-bae8b6cba74f', 'c39b8fbb-5769-4d7f-8b99-007bd797c154']",7,,,,,,,,,,,,,,,,,,,Algeria,4898,00:10:07.744,Carry,True
,,,,,"[87.7, 33.8]",,,,,,,,,,,,2.253319,,,,,,,,,,,,,058912dd-c0e7-4e39-a56e-e6a101241707,422,,"[83.5, 38.6]",3920402,10,,,,,,,,,,,,,,,,,,,,,,,,,1,From Free Kick,Riyad Mahrez,3814.0,Right Wing,18,Algeria,4898,"['2db4a1a2-ec94-4a3a-a216-e2c6638c9f52', '67ceedeb-1509-4620-9690-a3a1856f1dcf', 'd4940054-bf7f-4bf4-94e5-6306688a7baf']",8,,,,,,,,,,,,,,,,,,,Algeria,4898,00:10:08.946,Carry,True
,,,,,"[15.7, 40.3]",,,,,,,,,,,,2.728575,,,,,,,,,,,,,692258aa-e1e8-43ec-94a6-a2477f659044,434,,"[3.5, 39.2]",3920402,10,,,,,,,,,,,,,,,,,,,,,,,,,1,From Free Kick,Kouakou Herve Koffi,4388.0,Goalkeeper,19,Algeria,4898,"['6202a599-e817-40b5-8d01-4444fec3453a', '2fb80f0a-b0c3-4779-86cb-f0e13de34fc7']",21,,,,,,,,,,,,,,,,,,,Burkina Faso,4921,00:10:21.362,Carry,
,,,,,"[39.0, 10.3]",,,,,,,,,,,,2.286359,,,,,,,,,,,,,98c4851f-b04e-4f9c-a4d5-ab5423080762,437,,"[24.8, 22.1]",3920402,10,,,,,,,,,,,,,,,,,,,,,,,,,1,From Free Kick,Edmond Fayçal Tapsoba,30606.0,Left Center Back,19,Algeria,4898,"['5a2555fe-0118-4066-b63b-0ec2bc0da62b', '64df1eb6-ee92-40ea-877f-75a45769e23a']",25,,,,,,,,,,,,,,,,,,,Burkina Faso,4921,00:10:25.369,Carry,
,,,,,"[21.2, 31.0]",,,,,,,,,,,,0.993398,,,,,,,,,,,,,6b98ebe9-5340-4a4e-862e-677383c8f65c,446,,"[19.9, 30.3]",3920402,10,,,,,,,,,,,,,,,,,,,,,,,,,1,From Throw In,Ramy Bensebaini,3191.0,Left Center Back,20,Algeria,4898,"['92e90245-a447-45da-9dfe-865285353d4c', 'e8415abf-8f93-47a7-a5fe-9a9802de94d4']",54,,,,,,,,,,,,,,,,,,,Algeria,4898,00:10:54.438,Carry,
,,,,,"[46.4, 64.4]",,,,,,,,,,,,4.686836,,,,,,,,,,,,,2426086a-d6cb-4ba4-b926-2d8b09f198e3,449,,"[24.3, 56.4]",3920402,10,,,,,,,,,,,,,,,,,,,,,,,,,1,From Throw In,Aïssa Mandi,6648.0,Right Center Back,20,Algeria,4898,"['d1018627-1131-41ad-8577-70c05d88d4d0', '8eec3afd-ac69-49c5-bd8e-a4af6921931b']",57,,,,,,,,,,,,,,,,,,,Algeria,4898,00:10:57.516,Carry,
,,,,,"[66.2, 76.6]",,,,,,,,,,,,1.913246,,,,,,,,,,,,,26723ea3-4088-4015-b5f1-b0168ea96d99,452,,"[56.9, 77.9]",3920402,11,,,,,,,,,,,,,,,,,,,,,,,,,1,From Throw In,Youcef Atal,10040.0,Right Back,20,Algeria,4898,"['09bbcf65-2f0f-4610-ba16-0639a220daf4', '1731fcf7-986d-400b-8c7b-343c18ea6721']",4,,,,,,,,,,,,,,,,,,,Algeria,4898,00:11:04.211,Carry,
,,,,,"[107.8, 18.8]",,,,,,,,,,,,4.091039,,,,,,,,,,,,,6b2c20ab-e269-4558-a56a-55045d8e23ec,455,,"[102.2, 13.0]",3920402,11,,,,,,,,,,,,,,,,,,,,,,,,,1,From Throw In,Mohamed Youcef Belaïli,103464.0,Left Wing,20,Algeria,4898,"['e846886a-5ace-45e4-b68f-de59c471283e', '20aa855d-fd32-499b-9665-8572c54d52ee']",9,,,,,,,,,,,,,,,,,,,Algeria,4898,00:11:09.214,Carry,
,,,,,"[22.9, 2.9]",,,,,,,,,,,,7.70259,,,,,,,,,,,,,9a7456f6-353b-40d8-ae73-2440b2a81b40,459,,"[3.1, 8.0]",3920402,11,,,,,,,,,,,,,,,,,,,,,,,,,1,Regular Play,Steeve Yago,3035.0,Left Back,21,Burkina Faso,4921,"['32c563e8-ec4c-4e29-a2bb-aa985a0df2fd', '81068169-7211-4dd4-9a9f-1671708e8a06']",17,,,,,,,,,,,,,,,,,,,Burkina Faso,4921,00:11:17.745,Carry,
,,,,,"[13.0, 9.3]",,,,,,,,,,,,1.03632,,,,,,,,,,,,,1889f4a9-63bb-44ee-af99-373730aaddbd,462,,"[16.1, 10.7]",3920402,11,,,,,,,,,,,,,,,,,,,,,,,,,1,Regular Play,Edmond Fayçal Tapsoba,30606.0,Left Center Back,21,Burkina Faso,4921,"['8fd72bd1-660c-483f-a7c4-5dba79f1873e', '4b2eee8b-82af-450c-bac9-e5aabf1558d4']",27,,,,,,,,,,,,,,,,,,,Burkina Faso,4921,00:11:27.012,Carry,
,,,,,"[3.1, 38.0]",,,,,,,,,,,,0.742093,,,,,,,,,,,,,8e41e68a-c779-40f9-904d-be4e62a3f01e,465,,"[3.3, 33.0]",3920402,11,,,,,,,,,,,,,,,,,,,,,,,,,1,Regular Play,Kouakou Herve Koffi,4388.0,Goalkeeper,21,Burkina Faso,4921,"['b28dfb5d-d7f1-461e-bcad-5e7c26636b54', 'de83f26a-0696-408a-8b7b-e702c0148b8f', 'e4428f06-9318-49f1-906c-af2be5d0438b']",30,,,,,,,,,,,,,,,,,,,Burkina Faso,4921,00:11:30.620,Carry,True
,,,,,"[24.7, 33.4]",,,,,,,,,,,,2.52833,,,,,,,,,,,,,ac8065a3-36ea-4d4b-98e9-3e5189aaa7ea,469,,"[19.2, 41.1]",3920402,11,,,,,,,,,,,,,,,,,,,,,,,,,1,Regular Play,Issoufou Dayo,102800.0,Right Center Back,21,Burkina Faso,4921,"['d884b288-2cb7-4edd-867f-0f6d9c5b9919', 'ed6fd869-5e4d-4084-ab53-6330439d6d7d', 'a0a3640d-3619-4673-b0a6-5de7aa8739be']",33,,,,,,,,,,,,,,,,,,,Burkina Faso,4921,00:11:33.238,Carry,True
,,,,,"[37.8, 25.5]",,,,,,,,,,,,15.895593,,,,,,,,,,,,,cd10af57-b50d-4dad-afdc-311fd1aaa86c,473,,"[18.8, 22.7]",3920402,11,,,,,,,,,,,,,,,,,,,,,,,,,1,Regular Play,Edmond Fayçal Tapsoba,30606.0,Left Center Back,21,Burkina Faso,4921,"['d82ef388-5dda-4c38-819e-4a3b8935f7ee', '5e150a91-f4a9-4022-8144-a84017390004']",37,,,,,,,,,,,,,,,,,,,Burkina Faso,4921,00:11:37.230,Carry,
,,,,,"[29.1, 41.1]",,,,,,,,,,,,1.199999,,,,,,,,,,,,,a9b4d472-2c58-47d7-abbc-865da5334dd8,476,,"[30.4, 41.1]",3920402,11,,,,,,,,,,,,,,,,,,,,,,,,,1,Regular Play,Issoufou Dayo,102800.0,Right Center Back,21,Burkina Faso,4921,"['b57838ab-30b1-4670-ac1a-194c9a7a6dc7', '094819d6-85f8-4a0f-bd1b-850971ae03dc']",54,,,,,,,,,,,,,,,,,,,Burkina Faso,4921,00:11:54.515,Carry,
,,,,,"[4.5, 38.2]",,,,,,,,,,,,2.413487,,,,,,,,,,,,,53a90ffb-3a44-42a5-acf1-cbf221987676,479,,"[13.0, 39.6]",3920402,11,,,,,,,,,,,,,,,,,,,,,,,,,1,Regular Play,Kouakou Herve Koffi,4388.0,Goalkeeper,21,Burkina Faso,4921,"['6d1c5132-5649-4ba7-a948-e3575ffc3acd', '3b122e39-b215-4177-94af-b451647d43a4', 'd0d18440-f5de-40b4-87e1-f4f0e1bc7f15']",57,,,,,,,,,,,,,,,,,,,Burkina Faso,4921,00:11:57.715,Carry,True
,,,,,"[76.3, 7.0]",,,,,,,,,,,,0.180249,,,,,,,,,,,,,779a1b91-735e-45c4-aa14-d0be5f767152,486,,"[76.4, 7.0]",3920402,12,,,,,,,,,,,,,,,,,,,,,,,,,1,From Throw In,Ramiz Larbi Zerrouki,38345.0,Left Defensive Midfield,22,Algeria,4898,"['aaf7100c-55d9-46df-bade-0c44fbb429da', '3cc7311d-9e0b-4c5a-a1c7-139c57056c6f']",8,,,,,,,,,,,,,,,,,,,Algeria,4898,00:12:08.646,Carry,
,,,,,"[80.7, 3.5]",,,,,,,,,,,,1.135717,,,,,,,,,,,,,2c79584b-d7e2-4e9b-a26d-befe9cfd27b6,489,,"[82.3, 3.5]",3920402,12,,,,,,,,,,,,,,,,,,,,,,,,,1,From Throw In,Rayan Aït Nouri,12111.0,Left Back,22,Algeria,4898,"['adc5cc0f-cab6-46dc-bfb2-a83ee05bc23f', 'e35b019c-0c86-465e-8e1d-dd8da50c7366', '47906b41-7711-4e79-8481-73cfbe9be726']",9,,,,,,,,,,,,,,,,,,,Algeria,4898,00:12:09.909,Carry,True
,,,,,"[53.0, 29.1]",,,,,,,,,,,,1.690096,,,,,,,,,,,,,80da6c55-bd07-4b22-9a35-6b38168b2fed,497,,"[54.8, 28.3]",3920402,12,,,,,,,,,,,,,,,,,,,,,,,,,1,Regular Play,Aïssa Mandi,6648.0,Right Center Back,24,Algeria,4898,"['225ce50a-6ba0-4dd0-945e-69f0bd5ec5a2', 'e20c942b-87ff-401b-bdc4-79755510c275']",45,,,,,,,,,,,,,,,,,,,Algeria,4898,00:12:45.820,Carry,
,,,,,"[62.5, 45.1]",,,,,,,,,,,,0.708787,,,,,,,,,,,,,09eeef56-7e37-49a9-a7a2-6a09267405cb,500,,"[63.1, 44.8]",3920402,12,,,,,,,,,,,,,,,,,,,,,,,,,1,Regular Play,Nabil Bentaleb,8520.0,Right Defensive Midfield,24,Algeria,4898,"['2ecff8eb-9e4e-49e5-b51f-f2860368aa3f', 'c3e680d4-18ee-4ec6-b7f3-b15c5eb09e42']",48,,,,,,,,,,,,,,,,,,,Algeria,4898,00:12:48.253,Carry,
,,,,,"[56.3, 59.6]",,,,,,,,,,,,2.01201,,,,,,,,,,,,,b70d9f6e-0bbf-4208-bad2-edd678607c5c,504,,"[57.1, 60.1]",3920402,12,,,,,,,,,,,,,,,,,,,,,,,,,1,Regular Play,Youcef Atal,10040.0,Right Back,24,Algeria,4898,"['62813171-a0ea-433d-93c6-fa68de15fdf9', '386f3d4c-a78b-4c3c-96f7-6e6590506b66']",50,,,,,,,,,,,,,,,,,,,Algeria,4898,00:12:50.274,Carry,
,,,,,"[52.4, 40.5]",,,,,,,,,,,,0.991873,,,,,,,,,,,,,987c289e-cde0-4d5c-8e41-d87bd5d820b4,507,,"[51.0, 40.3]",3920402,12,,,,,,,,,,,,,,,,,,,,,,,,,1,Regular Play,Aïssa Mandi,6648.0,Right Center Back,24,Algeria,4898,"['fa60fd48-6802-4034-9079-56ee77928342', '6ad317df-3be0-41f0-9529-4a47fc9eb6aa']",53,,,,,,,,,,,,,,,,,,,Algeria,4898,00:12:53.932,Carry,
,,,,,"[71.2, 14.1]",,,,,,,,,,,,2.877293,,,,,,,,,,,,,c9889e91-c5f9-4dab-ba78-fde429260dfa,510,,"[70.3, 9.3]",3920402,12,,,,,,,,,,,,,,,,,,,,,,,,,1,Regular Play,Ramiz Larbi Zerrouki,38345.0,Left Defensive Midfield,24,Algeria,4898,"['1b379ce8-2e91-4de6-b697-2d00c25f3895', 'ce32b000-ba66-4557-9e11-8979381ce5c4']",56,,,,,,,,,,,,,,,,,,,Algeria,4898,00:12:56.778,Carry,
,,,,,"[64.3, 23.9]",,,,,,,,,,,,3.025304,,,,,,,,,,,,,52dbe10e-7385-4c83-8156-0679a3574f37,513,,"[76.1, 26.0]",3920402,13,,,,,,,,,,,,,,,,,,,,,,,,,1,Regular Play,Sofiane Feghouli,18724.0,Center Attacking Midfield,24,Algeria,4898,"['2917a2dd-eadd-4eef-b8ab-226b2cb62ef7', 'ae296759-691f-4fa0-88e9-869fcbb3de9a']",0,,,,,,,,,,,,,,,,,,,Algeria,4898,00:13:00.365,Carry,
,,,,,"[60.9, 44.4]",,,,,,,,,,,,1.788961,,,,,,,,,,,,,38735b15-78b9-48e6-be62-ef71c2f92c29,516,,"[57.4, 42.6]",3920402,13,,,,,,,,,,,,,,,,,,,,,,,,,1,Regular Play,Aïssa Mandi,6648.0,Right Center Back,24,Algeria,4898,"['4c9f78eb-1ff9-46a7-a655-12fd1b40376e', '1f119272-cbdc-42cf-8d65-7915616c053e']",4,,,,,,,,,,,,,,,,,,,Algeria,4898,00:13:04.764,Carry,
,,,,,"[61.6, 21.5]",,,,,,,,,,,,1.791131,,,,,,,,,,,,,472627ef-7a13-4dce-80ac-20d0335b20de,519,,"[58.1, 25.0]",3920402,13,,,,,,,,,,,,,,,,,,,,,,,,,1,Regular Play,Ramy Bensebaini,3191.0,Left Center Back,24,Algeria,4898,"['d9fb3f8b-7695-4751-aee3-17b18cfd759c', '4a7da98b-ddd7-402b-9c62-bb52bac2bacc']",8,,,,,,,,,,,,,,,,,,,Algeria,4898,00:13:08.157,Carry,
,,,,,"[70.8, 10.5]",,,,,,,,,,,,1.644823,,,,,,,,,,,,,68676675-be3e-4172-9b8f-be73f5ef4de7,522,,"[75.3, 15.1]",3920402,13,,,,,,,,,,,,,,,,,,,,,,,,,1,Regular Play,Ramiz Larbi Zerrouki,38345.0,Left Defensive Midfield,24,Algeria,4898,"['4bcb9ee8-65b5-47e8-87af-1c662c3114d4', '113a79cc-34a7-4653-9275-e157c00de800', '59def2c9-8fa9-4983-9d31-9a688d582017']",10,,,,,,,,,,,,,,,,,,,Algeria,4898,00:13:10.813,Carry,True
,,,,,"[63.3, 10.1]",,,,,,,,,,,,3.31323,,,,,,,,,,,,,ff858cd7-320b-435f-b73d-ed54a1c01639,526,,"[69.1, 2.7]",3920402,13,,,,,,,,,,,,,,,,,,,,,,,,,1,Regular Play,Rayan Aït Nouri,12111.0,Left Back,24,Algeria,4898,"['8add1826-3817-4348-afc0-9e5f45e478af', 'd8ccf9d3-6834-4cfe-ae90-570e73f798ee', 'fa50bb42-e8c7-45e1-8fd5-888a144e1116']",13,,,,,,,,,,,,,,,,,,,Algeria,4898,00:13:13.315,Carry,True
,,,,,"[14.4, 29.1]",,,,,,,,,,,,14.006853,,,,,,,,,,,,,53785be7-9f76-4d44-ade8-bdc73ba252f9,538,,"[4.1, 37.1]",3920402,14,,,,,,,,,,,,,,,,,,,,,,,,,1,From Keeper,Kouakou Herve Koffi,4388.0,Goalkeeper,27,Burkina Faso,4921,"['768e05ee-9619-4ea7-9cf5-005638730455', 'eaf1b2d5-bb3f-48bd-a65c-73303d2f663a']",9,,,,,,,,,,,,,,,,,,,Burkina Faso,4921,00:14:09.775,Carry,
,,,,,"[51.2, 5.4]",,,,,,,,,,,,4.663611,,,,,,,,,,,,,8cb8f8db-ebfb-41e2-ad49-1f1fe4b8f30e,541,,"[26.0, 7.2]",3920402,14,,,,,,,,,,,,,,,,,,,,,,,,,1,From Keeper,Edmond Fayçal Tapsoba,30606.0,Left Center Back,27,Burkina Faso,4921,"['6dcbde12-4ddb-47c1-b0ae-e617322b196f', 'b9ed6ef6-9651-484c-9271-5c81f3640452']",25,,,,,,,,,,,,,,,,,,,Burkina Faso,4921,00:14:25.402,Carry,
,,,,,"[81.8, 5.8]",,,,,,,,,,,,3.218443,,,,,,,,,,,,,d0b97178-70b1-4e06-a681-7845771ceb93,544,,"[66.9, 13.6]",3920402,14,,,,,,,,,,,,,,,,,,,,,,,,,1,From Keeper,Abdoul Fessal Tapsoba,43705.0,Left Wing,27,Burkina Faso,4921,"['2cc975d8-80d2-4625-ab11-48e24b333f13', '9738318b-8512-4530-b394-2b08862ae8e2', '4003f28d-23f0-4c57-afda-6db33c97d146']",31,,,,,,,,,,,,,,,,,,,Burkina Faso,4921,00:14:31.389,Carry,True
,,,,,"[81.2, 5.3]",,,,,,,,,,,,4.580641,,,,,,,,,,,,,31346b4f-03af-4ae4-b8d4-d2885e1261c5,550,,"[82.8, 7.0]",3920402,14,,,,,,,,,,,,,,,,,,,,,,,,,1,From Keeper,Gustavo Fabrice Sangaré,45466.0,Center Attacking Midfield,27,Burkina Faso,4921,"['c678bf48-feac-4070-b735-c696601766f5', '3e03218b-2bfd-4406-a7e3-9aa20800f72a', 'a3acbb32-abd4-4c52-bd1d-fa46e1a57133', '5ca0051c-2d04-4a58-8c53-dd13a68db061']",36,,,,,,,,,,,,,,,,,,,Burkina Faso,4921,00:14:36.072,Carry,True
,,,,,"[92.5, 11.1]",,,,,,,,,,,,1.917126,,,,,,,,,,,,,6971d8cc-9b71-4b14-bb69-9e98d2d184d2,556,,"[86.1, 8.4]",3920402,14,,,,,,,,,,,,,,,,,,,,,,,,,1,From Keeper,Abdoul Fessal Tapsoba,43705.0,Left Wing,27,Burkina Faso,4921,"['8566062b-963c-4d81-b5b7-d20b4d53fa62', 'de7440d6-5e14-4971-8173-3c8d76079448', 'a9d5141b-c1e3-4efa-b58a-a16fc5a10c00']",41,,,,,,,,,,,,,,,,,,,Burkina Faso,4921,00:14:41.365,Carry,True
,,,,,"[38.4, 11.3]",,,,,,,,,,,,1.369477,,,,,,,,,,,,,9c46ed3a-42c0-4a28-b98a-7e37a2cbe95d,563,,"[46.0, 9.2]",3920402,14,,,,,,,,,,,,,,,,,,,,,,,,,1,From Keeper,Issoufou Dayo,102800.0,Right Center Back,27,Burkina Faso,4921,"['c8b123b9-7e66-4686-be43-b2eaae3e37bd', 'cbaec07c-355b-40aa-8989-ef88d12e6df6']",49,,,,,,,,,,,,,,,,,,,Burkina Faso,4921,00:14:49.256,Carry,
,,,,,"[29.3, 36.4]",,,,,,,,,,,,0.246739,,,,,,,,,,,,,ce0968aa-6cf6-4af4-9428-f07c0ddb8ce1,566,,"[28.7, 36.8]",3920402,14,,,,,,,,,,,,,,,,,,,,,,,,,1,From Keeper,Kouakou Herve Koffi,4388.0,Goalkeeper,27,Burkina Faso,4921,"['e727cbd5-c075-4aa5-9645-9e2c388bac95', '93494e38-037d-4014-815f-b5d352090da7']",52,,,,,,,,,,,,,,,,,,,Burkina Faso,4921,00:14:52.778,Carry,
,,,,,"[34.3, 23.9]",,,,,,,,,,,,1.217629,,,,,,,,,,,,,ecf960f6-c145-48d2-82fa-bd6f9a08867d,569,,"[33.1, 25.5]",3920402,14,,,,,,,,,,,,,,,,,,,,,,,,,1,From Keeper,Issoufou Dayo,102800.0,Right Center Back,27,Burkina Faso,4921,"['f677bf96-eba6-4ab2-a90d-cf713b980656', '8cc1ee4b-d132-4a80-8ddf-7b30410e454d']",54,,,,,,,,,,,,,,,,,,,Burkina Faso,4921,00:14:54.658,Carry,
,,,,,"[62.3, 15.3]",,,,,,,,,,,,8.968339,,,,,,,,,,,,,16a99bfd-4aa9-45a3-b706-7c3993a16c0e,572,,"[44.0, 9.3]",3920402,14,,,,,,,,,,,,,,,,,,,,,,,,,1,From Keeper,Edmond Fayçal Tapsoba,30606.0,Left Center Back,27,Burkina Faso,4921,"['19e4f99f-8ba9-48f4-84b9-18599638bcfd', 'd50ff6f5-0eb0-49a4-b4d7-7a258814ae84']",57,,,,,,,,,,,,,,,,,,,Burkina Faso,4921,00:14:57.621,Carry,
,,,,,"[62.3, 36.1]",,,,,,,,,,,,1.406591,,,,,,,,,,,,,5dc7832d-7636-44de-9f2e-07bd89d09a07,575,,"[59.2, 35.5]",3920402,15,,,,,,,,,,,,,,,,,,,,,,,,,1,From Keeper,Adama Guira,24411.0,Right Defensive Midfield,27,Burkina Faso,4921,"['e7ceaebd-e71a-4f9f-a4a4-ee3111b9ce2c', '7e7b674f-f766-43ca-9393-7089c526258e']",7,,,,,,,,,,,,,,,,,,,Burkina Faso,4921,00:15:07.966,Carry,
,,,,,"[67.3, 58.2]",,,,,,,,,,,,2.836004,,,,,,,,,,,,,fefa3d0f-4a0f-44ff-8bbb-590323f09522,580,,"[44.3, 71.6]",3920402,15,,,,,,,,,,,,,,,,,,,,,,,,,1,From Keeper,Riyad Mahrez,3814.0,Right Wing,27,Burkina Faso,4921,"['7a102d53-43c7-4ed1-ae57-ff327c05beb8', '743b3d5d-f9aa-4c64-bc44-49f21f142b53', 'cd3790ac-98e9-4cce-ad9a-fdb4f4dc40d0']",12,,,,,,,,,,,,,,,,,,,Algeria,4898,00:15:12.554,Carry,True
,,,,,"[15.7, 23.7]",,,,,,,,,,,,1.380646,,,,,,,,,,,,,6a115714-804e-479d-b87c-4a4d825901a3,585,,"[15.7, 23.1]",3920402,15,,,,,,,,,,,,,,,,,,,,,,,,,1,From Keeper,Kouakou Herve Koffi,4388.0,Goalkeeper,27,Burkina Faso,4921,"['bf16e4fb-38cf-4268-8c2f-f5d1f4f42629', '45394096-1941-44a4-b48b-19bed73857a7']",19,,,,,,,,,,,,,,,,,,,Burkina Faso,4921,00:15:19.987,Carry,
,,,,,"[18.4, 22.5]",,,,,,,,,,,,2.399998,,,,,,,,,,,,,2824cf90-0611-431e-8102-cdfc7a63e2a1,588,,"[18.0, 21.9]",3920402,15,,,,,,,,,,,,,,,,,,,,,,,,,1,From Keeper,Issoufou Dayo,102800.0,Right Center Back,27,Burkina Faso,4921,"['17280355-990d-4d31-a313-e90f62b8f35b', 'd9ca4955-cd9c-4946-a763-b9a7dce2bef8']",21,,,,,,,,,,,,,,,,,,,Burkina Faso,4921,00:15:21.950,Carry,
,,,,,"[47.9, 17.9]",,,,,,,,,,,,17.466093,,,,,,,,,,,,,57fbcfa3-9f78-4f78-9e87-2c919a46b56f,591,,"[28.3, 15.6]",3920402,15,,,,,,,,,,,,,,,,,,,,,,,,,1,From Keeper,Edmond Fayçal Tapsoba,30606.0,Left Center Back,27,Burkina Faso,4921,"['713345d3-25a5-4ffd-a525-7a390ab9757e', 'e5a1a8ef-dba6-4ce3-8d1e-5987a3051f8c']",25,,,,,,,,,,,,,,,,,,,Burkina Faso,4921,00:15:25.910,Carry,
,,,,,"[45.8, 42.3]",,,,,,,,,,,,4.653607,,,,,,,,,,,,,429fcd29-ce4b-43c6-af1f-93de0f46dfd1,594,,"[37.0, 29.1]",3920402,15,,,,,,,,,,,,,,,,,,,,,,,,,1,From Keeper,Issoufou Dayo,102800.0,Right Center Back,27,Burkina Faso,4921,"['05391a04-3ada-47c9-bb29-b33b51035abe', '5a21115b-2820-4f80-9622-1d3c7e6252a0']",45,,,,,,,,,,,,,,,,,,,Burkina Faso,4921,00:15:45.138,Carry,
,,,,,"[20.8, 7.6]",,,,,,,,,,,,1.599999,,,,,,,,,,,,,58797b32-bc03-48e3-a8da-c2449ab7f76c,600,,"[20.7, 7.0]",3920402,15,,,,,,,,,,,,,,,,,,,,,,,,,1,Regular Play,Rayan Aït Nouri,12111.0,Left Back,28,Algeria,4898,"['13e26510-5106-4ba8-816a-d0c13258034a', '67954644-2ab4-4e62-83f0-834e0ed2f238']",55,,,,,,,,,,,,,,,,,,,Algeria,4898,00:15:55.017,Carry,
,,,,,"[18.5, 16.1]",,,,,,,,,,,,0.69302,,,,,,,,,,,,,b712725e-94a7-40c1-aa6d-da104303d2fc,603,,"[22.6, 20.9]",3920402,15,,,,,,,,,,,,,,,,,,,,,,,,,1,Regular Play,Ramiz Larbi Zerrouki,38345.0,Left Defensive Midfield,28,Algeria,4898,"['b28b93e9-dfdf-4ecf-bd08-fb4aaed92f08', '56ab17e8-577f-4766-a1d0-6315e5443956']",57,,,,,,,,,,,,,,,,,,,Algeria,4898,00:15:57.839,Carry,
,,,,,"[18.5, 5.8]",,,,,,,,,,,,0.092183,,,,,,,,,,,,,d5399fa6-cabd-407c-bfe5-d61cdd0d430e,606,,"[18.5, 5.4]",3920402,15,,,,,,,,,,,,,,,,,,,,,,,,,1,Regular Play,Rayan Aït Nouri,12111.0,Left Back,28,Algeria,4898,"['fd8e3fb6-2d4b-4c04-b6a7-879afc4d6aaf', 'b6eada89-170b-4799-87eb-f8aa40a26043']",59,,,,,,,,,,,,,,,,,,,Algeria,4898,00:15:59.387,Carry,
,,,,,"[105.2, 20.8]",,,,,,,,,,,,0.500592,,,,,,,,,,,,,ebe15b6d-68ce-4964-984e-c729b2639fcf,618,,"[105.6, 20.4]",3920402,17,,,,,,,,,,,,,,,,,,,,,,,,,1,From Free Kick,Baghdad Bounedjah,103465.0,Center Forward,29,Algeria,4898,"['f2475bfc-89be-4d29-8cb8-f2b6f392a7eb', 'f6ae3cbd-0e28-4654-bb6b-aaa89477cef3', 'ae2c3add-676f-4772-bc5d-5f5a08b39a65']",57,,,,,,,,,,,,,,,,,,,Algeria,4898,00:17:57.564,Carry,True
,,,,,"[110.8, 29.6]",,,,,,,,,,,,0.920833,,,,,,,,,,,,,f0732fde-e68d-4d2c-aa78-df02789985d8,622,,"[112.5, 24.3]",3920402,17,,,,,,,,,,,,,,,,,,,,,,,,,1,From Free Kick,Mohamed Youcef Belaïli,103464.0,Left Wing,29,Algeria,4898,"['c3bdc3f8-b430-4a80-ac91-31b267b1c8f1', '638d2283-a8f5-415f-b006-5e570e0e5d31', '11b1e8f3-aadb-4919-8fb8-9336e7eccb13']",58,,,,,,,,,,,,,,,,,,,Algeria,4898,00:17:58.902,Carry,True
,,,,,"[45.6, 15.3]",,,,,,,,,,,,3.51311,,,,,,,,,,,,,95f4963b-22aa-4f3a-91e4-6a94438cb42c,628,,"[25.6, 44.2]",3920402,18,,,,,,,,,,,,,,,,,,,,,,,,,1,From Free Kick,Gustavo Fabrice Sangaré,45466.0,Center Attacking Midfield,29,Algeria,4898,"['453f176c-354a-4ed4-89d4-ff8cccc7a179', '305e9865-83b3-42f1-9dc2-c652a43ce375']",2,,,,,,,,,,,,,,,,,,,Burkina Faso,4921,00:18:02.075,Carry,
,,,,,"[57.6, 2.4]",,,,,,,,,,,,1.498592,,,,,,,,,,,,,8c203073-ac79-4279-b84d-53cb9cea2f8b,631,,"[49.4, 2.9]",3920402,18,,,,,,,,,,,,,,,,,,,,,,,,,1,From Free Kick,Steeve Yago,3035.0,Left Back,29,Algeria,4898,"['b44a9589-08d8-40d3-a9eb-508ee90d7985', 'ef434da8-1ef5-4fa6-bdfe-bea41e63294e']",6,,,,,,,,,,,,,,,,,,,Burkina Faso,4921,00:18:06.991,Carry,
,,,,,"[50.7, 72.1]",,,,,,,,,,,,2.016526,,,,,,,,,,,,,0f54d667-0e29-4b52-a1ec-2a6d55ecaad0,635,,"[59.8, 72.5]",3920402,18,,,,,,,,,,,,,,,,,,,,,,,,,1,From Free Kick,Riyad Mahrez,3814.0,Right Wing,29,Algeria,4898,"['63e42d63-b243-47b1-8ea9-d48e86351740', 'fa8d2a66-d9f2-49a2-a874-d2821ece6dfa', '323cc27a-32a9-44a1-85f4-7d16f4f49733']",8,,,,,,,,,,,,,,,,,,,Algeria,4898,00:18:08.974,Carry,True
,,,,,"[48.2, 75.4]",,,,,,,,,,,,2.059533,,,,,,,,,,,,,ba04e3cc-8ea9-49c9-88e8-650ca728d1e9,640,,"[40.1, 73.1]",3920402,18,,,,,,,,,,,,,,,,,,,,,,,,,1,From Free Kick,Youcef Atal,10040.0,Right Back,29,Algeria,4898,"['ebf47ceb-ed44-4042-8036-18a6d122f415', '276acb22-eef8-4625-9590-f15531f4b979', '90fed7b2-fcc0-46a7-b4f1-8489972343ed']",11,,,,,,,,,,,,,,,,,,,Algeria,4898,00:18:11.949,Carry,True
,,,,,"[53.6, 76.8]",,,,,,,,,,,,3.000653,,,,,,,,,,,,,923d066f-a0f9-43c5-bd1d-467a61e76aed,644,,"[52.1, 78.1]",3920402,18,,,,,,,,,,,,,,,,,,,,,,,,,1,From Free Kick,Nabil Bentaleb,8520.0,Right Defensive Midfield,29,Algeria,4898,"['d1f81b90-6b0a-48c5-866c-b760adfa352f', '18067996-aa5a-4ca0-80ec-6eb66a8e6c3e', 'bd01dc95-5515-4550-9431-a735bd8a5961']",14,,,,,,,,,,,,,,,,,,,Algeria,4898,00:18:14.829,Carry,True
,,,,,"[47.4, 39.8]",,,,,,,,,,,,2.208463,,,,,,,,,,,,,4d4c5ac8-8534-4cc6-b091-eec07817eabd,649,,"[36.9, 43.4]",3920402,18,,,,,,,,,,,,,,,,,,,,,,,,,1,From Free Kick,Ramy Bensebaini,3191.0,Left Center Back,29,Algeria,4898,"['a2090d76-93f3-4ea7-898f-8a83b15a7cbb', '9eff45e8-0021-4b89-bbda-8b6251ce4379']",20,,,,,,,,,,,,,,,,,,,Algeria,4898,00:18:20.285,Carry,
,,,,,"[110.6, 76.0]",,,,,,,,,,,,1.028313,,,,,,,,,,,,,69849a4a-87ec-40d8-a114-eedfacf6bd6b,652,,"[111.3, 76.0]",3920402,18,,,,,,,,,,,,,,,,,,,,,,,,,1,From Free Kick,Youcef Atal,10040.0,Right Back,29,Algeria,4898,"['701ffecb-b420-4280-bc62-ab4f857c7a45', '005541c0-047d-4dc2-9d54-efcc769b60b0', '5f82e051-2014-4c80-a078-ff7a78bd293a']",27,,,,,,,,,,,,,,,,,,,Algeria,4898,00:18:27.126,Carry,True
,,,,,"[116.4, 76.4]",,,,,,,,,,,,2.437401,,,,,,,,,,,,,472c2d32-c680-4c42-8480-45d5127c5ca6,657,,"[112.1, 77.3]",3920402,18,,,,,,,,,,,,,,,,,,,,,,,,,1,From Free Kick,Youcef Atal,10040.0,Right Back,29,Algeria,4898,"['22d82026-34cd-4a68-afd8-9196b82a3049', 'ae93088a-9676-4261-adf2-49006db68587']",29,,,,,,,,,,,,,,,,,,,Algeria,4898,00:18:29.611,Carry,
,,,,,"[17.6, 40.7]",,,,,,,,,,,,1.604148,,,,,,,,,,,,,11e3c4c7-fd0c-4ae3-88e4-6d41dbee078c,663,,"[16.7, 38.8]",3920402,19,,,,,,,,,,,,,,,,,,,,,,,,,1,From Goal Kick,Kouakou Herve Koffi,4388.0,Goalkeeper,30,Burkina Faso,4921,"['d53ae94d-e44f-4396-8f49-ca0b01e430bd', '8b3adf76-b32f-4c09-aa48-c79dba864195', 'f7754374-e252-4ae3-998b-c92b05892604']",16,,,,,,,,,,,,,,,,,,,Burkina Faso,4921,00:19:16.861,Carry,True
,,,,,"[38.3, 28.7]",,,,,,,,,,,,3.319353,,,,,,,,,,,,,275a738b-be71-46db-88ed-a843f83913dc,670,,"[35.9, 28.7]",3920402,19,,,,,,,,,,,,,,,,,,,,,,,,,1,Regular Play,Ramy Bensebaini,3191.0,Left Center Back,31,Algeria,4898,"['c6518a2e-072f-40e3-ba02-3da04c36fae9', '1d468d17-4946-4d8e-8636-6cbedc977af7', '5bf14203-1fab-4e0b-b9c1-6732f0f98ab3']",23,,,,,,,,,,,,,,,,,,,Algeria,4898,00:19:23.092,Carry,True
,,,,,"[15.6, 36.3]",,,,,,,,,,,,0.599506,,,,,,,,,,,,,be179302-43c9-485b-9e1b-6ba2c00ba926,674,,"[15.1, 33.9]",3920402,19,,,,,,,,,,,,,,,,,,,,,,,,,1,Regular Play,Anthony Louis Mandréa,41381.0,Goalkeeper,31,Algeria,4898,"['2e74386b-2854-4323-b2df-56338b3dce71', '4e6d0578-8eb8-4ac1-b920-3f23dbd3ed2c']",28,,,,,,,,,,,,,,,,,,,Algeria,4898,00:19:28.930,Carry,
,,,,,"[31.5, 53.5]",,,,,,,,,,,,1.806334,,,,,,,,,,,,,b6c50ee6-e95a-498c-8577-60a0962270f2,677,,"[29.0, 52.3]",3920402,19,,,,,,,,,,,,,,,,,,,,,,,,,1,Regular Play,Aïssa Mandi,6648.0,Right Center Back,31,Algeria,4898,"['a953da0a-1516-431d-b25c-5fd1b60e55f3', '859cd28e-9af5-4582-8df5-784406ede5a8']",30,,,,,,,,,,,,,,,,,,,Algeria,4898,00:19:30.448,Carry,
,,,,,"[43.5, 73.5]",,,,,,,,,,,,2.818803,,,,,,,,,,,,,e7dedd07-860d-4928-a9a5-d17dcee2c8ee,680,,"[39.3, 70.9]",3920402,19,,,,,,,,,,,,,,,,,,,,,,,,,1,Regular Play,Youcef Atal,10040.0,Right Back,31,Algeria,4898,"['e3f2a58e-97db-4ac7-b445-907a6f532331', '7d3d4a9e-2d46-4e5c-995b-836d41187f6e']",33,,,,,,,,,,,,,,,,,,,Algeria,4898,00:19:33.830,Carry,
,,,,,"[37.9, 65.9]",,,,,,,,,,,,1.476413,,,,,,,,,,,,,013ae9d8-5ec6-4bad-b164-b8ed5a54697b,683,,"[37.3, 69.8]",3920402,19,,,,,,,,,,,,,,,,,,,,,,,,,1,Regular Play,Aïssa Mandi,6648.0,Right Center Back,31,Algeria,4898,"['cdb2c8e7-533a-4d29-a3a9-99297c78ef36', '7da41a86-9496-46d3-ba08-38ff3fe4ed6a']",37,,,,,,,,,,,,,,,,,,,Algeria,4898,00:19:37.329,Carry,
,,,,,"[43.3, 26.8]",,,,,,,,,,,,2.508194,,,,,,,,,,,,,ecad1015-9472-430f-abe4-9f7c02232fae,686,,"[34.6, 31.6]",3920402,19,,,,,,,,,,,,,,,,,,,,,,,,,1,Regular Play,Ramy Bensebaini,3191.0,Left Center Back,31,Algeria,4898,"['b99847f9-9300-43dc-9e07-b540c6db82a2', '1367e5a5-3b16-453e-ba7a-c4bf41de503c']",40,,,,,,,,,,,,,,,,,,,Algeria,4898,00:19:40.995,Carry,
,,,,,"[56.9, 20.5]",,,,,,,,,,,,0.799998,,,,,,,,,,,,,d4ef9d62-e55d-4e32-90c7-217e5c101e18,689,,"[59.0, 19.7]",3920402,19,,,,,,,,,,,,,,,,,,,,,,,,,1,Regular Play,Mohamed Youcef Belaïli,103464.0,Left Wing,31,Algeria,4898,"['d317c355-6e05-4329-a37b-a3ed8e2e335b', '6469db3a-1a28-49e1-9ee0-a839dcfab03c']",44,,,,,,,,,,,,,,,,,,,Algeria,4898,00:19:44.873,Carry,
,,,,,"[44.9, 52.2]",,,,,,,,,,,,1.377864,,,,,,,,,,,,,a727711d-008f-45eb-8b03-330e4ed48bbc,694,,"[43.5, 52.3]",3920402,19,,,,,,,,,,,,,,,,,,,,,,,,,1,Regular Play,Aïssa Mandi,6648.0,Right Center Back,31,Algeria,4898,"['89550f67-f103-4b34-a5a8-239033ac1344', '8d99c65a-74c0-4a1d-a054-14a325e28dc3']",49,,,,,,,,,,,,,,,,,,,Algeria,4898,00:19:49.484,Carry,
,,,,,"[70.7, 35.1]",,,,,,,,,,,,0.147649,,,,,,,,,,,,,7da0817e-7c9c-4716-8a30-c16a319ca93f,697,,"[71.8, 34.2]",3920402,19,,,,,,,,,,,,,,,,,,,,,,,,,1,Regular Play,Sofiane Feghouli,18724.0,Center Attacking Midfield,31,Algeria,4898,"['2b4c64dd-0a97-4a8f-8d59-1dfd292e894a', 'bac8dfcc-1287-4c05-8ac0-2edcb25f24f1']",52,,,,,,,,,,,,,,,,,,,Algeria,4898,00:19:52.378,Carry,
,,,,,"[89.7, 16.9]",,,,,,,,,,,,3.758385,,,,,,,,,,,,,b427e836-f611-4310-a062-c7cec7be38de,703,,"[64.8, 12.0]",3920402,19,,,,,,,,,,,,,,,,,,,,,,,,,1,Regular Play,Mohamed Youcef Belaïli,103464.0,Left Wing,31,Algeria,4898,"['4cfc944c-6afc-49a9-9227-6df9fdcb0539', '6ae3f7c4-30b3-4384-a439-c78ef4399a56']",54,,,,,,,,,,,,,,,,,,,Algeria,4898,00:19:54.990,Carry,
,,,,,"[9.9, 1.4]",,,,,,,,,,,,1.068354,,,,,,,,,,,,,733d92ca-45aa-4e3e-aa40-a702555d8394,710,,"[10.5, 0.6]",3920402,20,,,,,,,,,,,,,,,,,,,,,,,,,1,Regular Play,Steeve Yago,3035.0,Left Back,32,Burkina Faso,4921,"['2374fae6-f876-40ab-a87e-a6dc69df546d', 'afab7f40-3fc5-4ee5-b2a6-13b363876f06']",5,,,,,,,,,,,,,,,,,,,Burkina Faso,4921,00:20:05.545,Carry,
,,,,,"[9.1, 12.8]",,,,,,,,,,,,1.613678,,,,,,,,,,,,,3a9f5c88-6f3d-4509-afab-9a3b7e581b9a,713,,"[8.8, 12.6]",3920402,20,,,,,,,,,,,,,,,,,,,,,,,,,1,Regular Play,Edmond Fayçal Tapsoba,30606.0,Left Center Back,32,Burkina Faso,4921,"['c707c8a1-6804-4ebd-842c-c973892be2ca', '1a7e9e76-619c-4217-a40e-f65376734c1e']",7,,,,,,,,,,,,,,,,,,,Burkina Faso,4921,00:20:07.815,Carry,
,,,,,"[6.8, 39.9]",,,,,,,,,,,,0.556292,,,,,,,,,,,,,d66f564f-c847-4118-9c17-90ff17c9ba0d,716,,"[3.9, 37.2]",3920402,20,,,,,,,,,,,,,,,,,,,,,,,,,1,Regular Play,Kouakou Herve Koffi,4388.0,Goalkeeper,32,Burkina Faso,4921,"['2002959a-fd8a-4d21-98e0-b81320aca8ad', '57b3bd6c-b387-467b-af91-512988b7f9c7']",11,,,,,,,,,,,,,,,,,,,Burkina Faso,4921,00:20:11.636,Carry,
,,,,,"[92.7, 30.7]",,,,,,,,,,,,1.819858,,,,,,,,,,,,,b9b559a8-ce47-4292-bd1b-3336c88ec0c2,720,,"[85.4, 41.7]",3920402,20,,,,,,,,,,,,,,,,,,,,,,,,,1,Regular Play,Ramiz Larbi Zerrouki,38345.0,Left Defensive Midfield,32,Burkina Faso,4921,"['4286e023-f6fd-49c4-bb13-a78a0c05afc1', 'dd5337a1-ce26-45db-8df8-e0f113fd5f57']",13,,,,,,,,,,,,,,,,,,,Algeria,4898,00:20:13.944,Carry,
,,,,,"[23.6, 63.0]",,,,,,,,,,,,1.615929,,,,,,,,,,,,,6dfc1aad-3839-4aaf-a09c-e0a5c0a67678,731,,"[16.9, 64.0]",3920402,20,,,,,,,,,,,,,,,,,,,,,,,,,1,Regular Play,Ibrahim Blati Touré,23999.0,Left Defensive Midfield,32,Burkina Faso,4921,"['2ef807fc-75cd-4dde-90f3-766c8d6f1ecb', '85a2635b-4c9e-49ec-8084-fb616a6244be']",38,,,,,,,,,,,,,,,,,,,Burkina Faso,4921,00:20:38.045,Carry,
,,,,,"[86.5, 73.5]",,,,,,,,,,,,1.366819,,,,,,,,,,,,,a2ed2f23-d150-443c-84e5-e94912007026,741,,"[83.9, 77.0]",3920402,20,,,,,,,,,,,,,,,,,,,,,,,,,1,From Free Kick,Issa Kabore,35471.0,Right Wing,33,Burkina Faso,4921,"['480e2883-3f38-4271-a032-0a90ed961552', '4722d5be-5551-456c-9f13-f9ccf2d1897c', '13c91385-318f-467c-be33-03259564b99b']",56,,,,,,,,,,,,,,,,,,,Burkina Faso,4921,00:20:56.552,Carry,True
,,,,,"[57.2, 51.2]",,,,,,,,,,,,3.375625,,,,,,,,,,,,,4d98581b-c508-4acd-9c3a-6e0ad382d718,755,,"[57.6, 37.5]",3920402,22,,,,,,,,,,,,,,,,,,,,,,,,,1,Regular Play,Ibrahim Blati Touré,23999.0,Left Defensive Midfield,35,Burkina Faso,4921,"['3d4888cd-935e-4e33-93cf-1294e899cb1b', 'fe996f67-e001-4de0-9f7c-9324d80d29e7']",21,,,,,,,,,,,,,,,,,,,Burkina Faso,4921,00:22:21.687,Carry,
,,,,,"[68.5, 51.1]",,,,,,,,,,,,4.729558,,,,,,,,,,,,,0e651719-2ef8-414a-99f8-9257c09dd655,758,,"[57.4, 63.2]",3920402,22,,,,,,,,,,,,,,,,,,,,,,,,,1,Regular Play,Gustavo Fabrice Sangaré,45466.0,Center Attacking Midfield,35,Burkina Faso,4921,"['50cce591-ae59-4388-b7b2-27210decf0ea', 'b52f3991-d0e4-4a2d-8998-930ffbd9852d', 'd29d6697-46c7-48b2-986c-5be5cce7c538']",26,,,,,,,,,,,,,,,,,,,Burkina Faso,4921,00:22:26.359,Carry,True
,,,,,"[104.1, 40.6]",,,,,,,,,,,,1.312636,,,,,,,,,,,,,d758ca68-aac0-43f0-b903-cf81834b0ef9,767,,"[108.1, 37.4]",3920402,25,,,,,,,,,,,,,,,,,,,,,,,,,1,From Free Kick,Baghdad Bounedjah,103465.0,Center Forward,36,Algeria,4898,"['90317cb5-337a-4661-a883-d206d8718f5e', 'bcf233eb-2e8d-415f-9e4b-48f3777e01a8']",5,,,,,,,,,,,,,,,,,,,Algeria,4898,00:25:05.285,Carry,
,,,,,"[63.2, 10.0]",,,,,,,,,,,,0.560285,,,,,,,,,,,,,f4fc5efd-0a6a-4c55-823c-eb9478a2af71,781,,"[63.6, 19.6]",3920402,25,,,,,,,,,,,,,,,,,,,,,,,,,1,From Goal Kick,Steeve Yago,3035.0,Left Back,37,Burkina Faso,4921,"['cdc40716-55d6-433f-99b2-1298c0a4fe01', '55291e01-5960-4e16-9723-94158e1df9b1', 'f35eed15-5715-482b-981c-8ee4a3360631']",53,,,,,,,,,,,,,,,,,,,Burkina Faso,4921,00:25:53.416,Carry,True
,,,,,"[47.5, 10.3]",,,,,,,,,,,,4.665023,,,,,,,,,,,,,4b081896-4d2b-4f06-879a-d9556b8f5bff,787,,"[40.2, 6.2]",3920402,26,,,,,,,,,,,,,,,,,,,,,,,,,1,From Throw In,Edmond Fayçal Tapsoba,30606.0,Left Center Back,38,Burkina Faso,4921,"['da5dc6a0-0cb6-4980-9851-4842acc2e204', 'c1a5dd2d-d85c-4ab8-bfac-9666a0f89235']",1,,,,,,,,,,,,,,,,,,,Burkina Faso,4921,00:26:01.586,Carry,
,,,,,"[22.4, 14.4]",,,,,,,,,,,,0.077122,,,,,,,,,,,,,ea507102-430a-4916-b271-b713ff8fe048,794,,"[22.8, 14.4]",3920402,26,,,,,,,,,,,,,,,,,,,,,,,,,1,From Throw In,Nabil Bentaleb,8520.0,Right Defensive Midfield,39,Algeria,4898,"['436db048-6090-4336-be18-a6d02ddf34a5', '4e58f9e9-6ed9-4e33-9e6a-0ee902bc4c87']",30,,,,,,,,,,,,,,,,,,,Algeria,4898,00:26:30.673,Carry,
,,,,,"[62.7, 73.7]",,,,,,,,,,,,1.529175,,,,,,,,,,,,,fc435468-2809-4ccf-8b5b-7f3e2d5e0355,799,,"[62.3, 73.9]",3920402,26,,,,,,,,,,,,,,,,,,,,,,,,,1,Regular Play,Adamo Nagalo,99280.0,Right Back,40,Burkina Faso,4921,"['7f3fe4e8-96db-4323-8fc8-0bc6bf71fe69', '9334c5f2-f38d-4700-81ad-25028c0ff4e4']",33,,,,,,,,,,,,,,,,,,,Burkina Faso,4921,00:26:33.479,Carry,
,,,,,"[61.9, 27.6]",,,,,,,,,,,,0.182994,,,,,,,,,,,,,d6fc7ea9-ee8f-4fd8-bc0f-c40c1cf0a707,802,,"[61.9, 28.1]",3920402,26,,,,,,,,,,,,,,,,,,,,,,,,,1,Regular Play,Edmond Fayçal Tapsoba,30606.0,Left Center Back,40,Burkina Faso,4921,"['8add7183-50c2-44f8-bb62-b1c6bab4671d', '1068ae49-cb4b-41b0-b02c-62a4adfd3043']",37,,,,,,,,,,,,,,,,,,,Burkina Faso,4921,00:26:37.945,Carry,
,,,,,"[66.5, 5.4]",,,,,,,,,,,,1.274715,,,,,,,,,,,,,f0d9dd66-a1aa-42f4-9a7c-ca4111bebebd,807,,"[67.3, 4.9]",3920402,26,,,,,,,,,,,,,,,,,,,,,,,,,1,Regular Play,Steeve Yago,3035.0,Left Back,40,Burkina Faso,4921,"['12e2d61f-96a1-480b-acf8-147fcb57636a', 'a8e21000-e776-4ddd-b886-87fc46451887']",41,,,,,,,,,,,,,,,,,,,Burkina Faso,4921,00:26:41.749,Carry,
,,,,,"[70.4, 20.2]",,,,,,,,,,,,2.571272,,,,,,,,,,,,,976f1df0-2791-464d-96b3-3f76c6f2b33c,810,,"[67.9, 21.6]",3920402,26,,,,,,,,,,,,,,,,,,,,,,,,,1,Regular Play,Ibrahim Blati Touré,23999.0,Left Defensive Midfield,40,Burkina Faso,4921,"['1e813756-f220-4dde-83e5-060cc4628b92', 'e10c7dfc-8bfe-4402-9e26-b773f04a25c0', 'beeafaa5-e061-43ef-8ec2-f0b3ca6ff2e7']",43,,,,,,,,,,,,,,,,,,,Burkina Faso,4921,00:26:43.601,Carry,True
,,,,,"[68.7, 6.1]",,,,,,,,,,,,0.171965,,,,,,,,,,,,,71622e78-83f4-4d0b-8ac0-1946b96732ea,814,,"[68.7, 6.1]",3920402,26,,,,,,,,,,,,,,,,,,,,,,,,,1,Regular Play,Steeve Yago,3035.0,Left Back,40,Burkina Faso,4921,"['7c94aa1f-81b5-497a-9760-67a611f07130', 'd629cf5f-6970-4173-8d6f-6014f44aa982']",47,,,,,,,,,,,,,,,,,,,Burkina Faso,4921,00:26:47.158,Carry,
,,,,,"[62.8, 24.8]",,,,,,,,,,,,4.466312,,,,,,,,,,,,,85f3efa7-43d4-40f4-93e1-9660eda1f1a2,817,,"[58.5, 14.9]",3920402,26,,,,,,,,,,,,,,,,,,,,,,,,,1,Regular Play,Edmond Fayçal Tapsoba,30606.0,Left Center Back,40,Burkina Faso,4921,"['6ee3895e-c560-4e33-9e60-13c66fa0f7b3', '84415ae4-b68d-4cb7-9fa8-4e7981eabbdf']",48,,,,,,,,,,,,,,,,,,,Burkina Faso,4921,00:26:48.573,Carry,
,,,,,"[82.8, 51.6]",,,,,,,,,,,,3.889566,,,,,,,,,,,,,86a506f3-f679-4f2d-81f8-bcad118ad535,820,,"[64.0, 48.7]",3920402,26,,,,,,,,,,,,,,,,,,,,,,,,,1,Regular Play,Gustavo Fabrice Sangaré,45466.0,Center Attacking Midfield,40,Burkina Faso,4921,"['46be9f00-ea47-4d4f-9653-aa8407253388', '12dff827-ccff-44af-a143-46ab7bef79f4']",55,,,,,,,,,,,,,,,,,,,Burkina Faso,4921,00:26:55.279,Carry,
,,,,,"[90.3, 53.5]",,,,,,,,,,,,0.013678,,,,,,,,,,,,,d24d1a16-3a50-4174-bc36-3ff547396110,824,,"[90.7, 53.7]",3920402,26,,,,,,,,,,,,,,,,,,,,,,,,,1,Regular Play,Mohamed Konaté,43920.0,Center Forward,40,Burkina Faso,4921,"['d1aa37cf-9a79-4b51-93ac-eacb9b2586fc', '6b60db66-8db0-4279-99d0-a6ac416f4c06', '432c061f-5f48-4148-b0d3-858e2d772429']",59,,,,,,,,,,,,,,,,,,,Burkina Faso,4921,00:26:59.996,Carry,True
,,,,,"[89.9, 51.0]",,,,,,,,,,,,1.001826,,,,,,,,,,,,,f258c87e-b63a-41e2-90fd-03f5ee7472dc,829,,"[88.6, 51.8]",3920402,27,,,,,,,,,,,,,,,,,,,,,,,,,1,Regular Play,Mohamed Konaté,43920.0,Center Forward,40,Burkina Faso,4921,"['9753507f-9e0a-4578-90fd-33b3c21d8c43', 'aa2c87cf-2579-4e78-9d91-ea44b7eaad2f']",1,,,,,,,,,,,,,,,,,,,Burkina Faso,4921,00:27:01.655,Carry,
,,,,,"[92.5, 47.3]",,,,,,,,,,,,0.049545,,,,,,,,,,,,,92fac1a1-86b5-4590-8d62-0982c4abfb98,833,,"[92.3, 47.7]",3920402,27,,,,,,,,,,,,,,,,,,,,,,,,,1,Regular Play,Gustavo Fabrice Sangaré,45466.0,Center Attacking Midfield,40,Burkina Faso,4921,"['aa1d99c6-0327-4f12-9be4-0abad7257398', '0876f0e8-4861-40bf-92a3-c2e790770e62', '384a04df-b8bc-444e-9a28-a5fb8dadf789']",2,,,,,,,,,,,,,,,,,,,Burkina Faso,4921,00:27:02.986,Carry,True
,,,,,"[13.3, 15.9]",,,,,,,,,,,,2.344264,,,,,,,,,,,,,cf7aafdc-e8ae-48df-adda-2ca67efc4e31,838,,"[15.8, 20.0]",3920402,27,,,,,,,,,,,,,,,,,,,,,,,,,1,Regular Play,Rayan Aït Nouri,12111.0,Left Back,40,Burkina Faso,4921,"['31c9d15c-c9fa-4500-adcd-0cb3aacbad7f', '18791c7d-21df-44d6-b6a7-b3bcd23383d8', '0968a8f9-e175-45fb-925c-d3d9c153292e']",5,,,,,,,,,,,,,,,,,,,Algeria,4898,00:27:05.176,Carry,True
,,,,,"[58.4, 27.0]",,,,,,,,,,,,9.677427,,,,,,,,,,,,,9a2874a5-3f79-4125-9857-8757935c3f77,843,,"[42.6, 33.2]",3920402,27,,,,,,,,,,,,,,,,,,,,,,,,,1,Regular Play,Edmond Fayçal Tapsoba,30606.0,Left Center Back,40,Burkina Faso,4921,"['882ef1dc-139e-44c5-9769-0121e660854b', 'b69af24a-0a94-4334-9def-28782e64cb5e']",12,,,,,,,,,,,,,,,,,,,Burkina Faso,4921,00:27:12.262,Carry,
,,,,,"[48.9, 20.8]",,,,,,,,,,,,1.639392,,,,,,,,,,,,,e5e983cd-56bb-4214-99a9-19e889cdf148,850,,"[42.7, 23.2]",3920402,27,,,,,,,,,,,,,,,,,,,,,,,,,1,From Goal Kick,Ramy Bensebaini,3191.0,Left Center Back,41,Algeria,4898,"['5f6c1559-3331-4521-874c-bb77592a14d1', '159d1461-6c22-4992-8ea4-1b1c758adb40']",52,,,,,,,,,,,,,,,,,,,Algeria,4898,00:27:52.840,Carry,
,,,,,"[93.1, 8.4]",,,,,,,,,,,,0.739838,,,,,,,,,,,,,62de5e4e-9f85-44dc-8f93-b5efb3cc859e,858,,"[96.6, 6.6]",3920402,27,,,,,,,,,,,,,,,,,,,,,,,,,1,From Goal Kick,Mohamed Youcef Belaïli,103464.0,Left Wing,41,Algeria,4898,"['b4f132d3-5b12-471d-83d0-2c268f2f399f', '747f42e3-3e3e-4f60-8c2d-457263ae6b6d', '8164edf3-2ad9-4eb0-b3b0-14d34ee35b45']",59,,,,,,,,,,,,,,,,,,,Algeria,4898,00:27:59.217,Carry,True
,,,,,"[14.6, 53.0]",,,,,,,,,,,,0.060997,,,,,,,,,,,,,5ab21d05-f09e-4e8e-8684-f465a3c24874,866,,"[13.4, 51.0]",3920402,28,,,,,,,,,,,,,,,,,,,,,,,,,1,From Goal Kick,Issoufou Dayo,102800.0,Right Center Back,41,Algeria,4898,"['9974cea5-15f7-4b74-a525-81b58627d297', '7e3bfad9-d20d-42d8-9edb-33629e5ae6fc']",3,,,,,,,,,,,,,,,,,,,Burkina Faso,4921,00:28:03.374,Carry,
,,,,,"[85.8, 20.9]",,,,,,,,,,,,0.729903,,,,,,,,,,,,,126c1f9d-2ccf-4181-8566-2e4111182664,880,,"[87.0, 18.8]",3920402,28,,,,,,,,,,,,,,,,,,,,,,,,,1,From Goal Kick,Sofiane Feghouli,18724.0,Center Attacking Midfield,41,Algeria,4898,"['e97f2836-5496-4fa3-8587-edc892fb17a8', '3371ed84-e6f3-4d24-9ac3-8ed9af7c0bca', '8c4b8b46-8116-4b40-9320-338694eae702']",12,,,,,,,,,,,,,,,,,,,Algeria,4898,00:28:12.655,Carry,True
,,,,,"[112.4, 22.5]",,,,,,,,,,,,2.183183,,,,,,,,,,,,,11c862c7-6a97-4ab3-bf48-96adf0f4214f,884,,"[93.1, 15.3]",3920402,28,,,,,,,,,,,,,,,,,,,,,,,,,1,From Goal Kick,Rayan Aït Nouri,12111.0,Left Back,41,Algeria,4898,"['06f60b5f-3462-49f3-bedb-cc62a0507873', '3ed57f68-7317-45f6-85c4-781a60a86135']",14,,,,,,,,,,,,,,,,,,,Algeria,4898,00:28:14.817,Carry,
,,,,,"[108.6, 24.7]",,,,,,,,,,,,1.136523,,,,,,,,,,,,,a9151fcf-d964-440c-a2d8-3ba010128ed3,887,,"[109.0, 22.9]",3920402,28,,,,,,,,,,,,,,,,,,,,,,,,,1,From Goal Kick,Mohamed Youcef Belaïli,103464.0,Left Wing,41,Algeria,4898,"['e4b3aeea-bb86-47e9-903a-9a48ac426c16', 'cf1962de-7e6a-48c6-a848-f59a66ef8a71']",18,,,,,,,,,,,,,,,,,,,Algeria,4898,00:28:18.115,Carry,
,,,,,"[21.1, 22.9]",,,,,,,,,,,,2.0,,,,,,,,,,,,,60059ea7-bdca-49c7-8077-fa3e769780fd,893,,"[13.6, 38.0]",3920402,28,,,,,,,,,,,,,,,,,,,,,,,,,1,From Goal Kick,Steeve Yago,3035.0,Left Back,41,Algeria,4898,"['0cacc11d-f9c6-4c65-a2aa-19c3c0675d1f', '3c4e7834-b5df-4636-aa24-cb4ce7a0da84']",23,,,,,,,,,,,,,,,,,,,Burkina Faso,4921,00:28:23.113,Carry,
,,,,,"[107.8, 6.8]",,,,,,,,,,,,8.17978,,,,,,,,,,,,,a0233503-98ce-46d7-abd6-32054c04352e,897,,"[43.0, 13.8]",3920402,28,,,,,,,,,,,,,,,,,,,,,,,,,1,From Goal Kick,Abdoul Fessal Tapsoba,43705.0,Left Wing,41,Algeria,4898,"['110e5108-42be-4053-a350-4f72f410febc', '4378ac58-25ea-4a29-9929-25e402416719', '26525979-2d88-4117-8571-20cc48d420a5']",26,,,,,,,,,,,,,,,,,,,Burkina Faso,4921,00:28:26.763,Carry,True
,,,,,"[38.7, 51.0]",,,,,,,,,,,,7.113566,,,,,,,,,,,,,46dc43f1-eb6c-45cc-a51c-b63a60755417,902,,"[20.3, 51.4]",3920402,29,,,,,,,,,,,,,,,,,,,,,,,,,1,From Goal Kick,Aïssa Mandi,6648.0,Right Center Back,42,Algeria,4898,"['82788ee5-2bd7-451a-bd02-70cde7b1d904', '03397b8a-33c1-421e-94c6-95d65cf9590c']",29,,,,,,,,,,,,,,,,,,,Algeria,4898,00:29:29.850,Carry,
,,,,,"[38.7, 24.8]",,,,,,,,,,,,2.439998,,,,,,,,,,,,,10a27cf8-ce70-4acb-ac16-2e8ac2329f61,905,,"[36.7, 24.7]",3920402,29,,,,,,,,,,,,,,,,,,,,,,,,,1,From Goal Kick,Ramy Bensebaini,3191.0,Left Center Back,42,Algeria,4898,"['eb63d036-d795-4c94-8be8-affaf107b098', 'da549c91-b585-4ca1-b252-eb6aa479d0ef']",38,,,,,,,,,,,,,,,,,,,Algeria,4898,00:29:38.564,Carry,
,,,,,"[50.5, 53.5]",,,,,,,,,,,,3.203771,,,,,,,,,,,,,d1a6a405-d622-4a89-a1f8-56ef19498b88,908,,"[40.2, 51.4]",3920402,29,,,,,,,,,,,,,,,,,,,,,,,,,1,From Goal Kick,Aïssa Mandi,6648.0,Right Center Back,42,Algeria,4898,"['92052ecb-87d6-48fa-a47a-b7197eb43477', 'f919e011-5d82-4017-9b5d-931c314947bb']",42,,,,,,,,,,,,,,,,,,,Algeria,4898,00:29:42.760,Carry,
,,,,,"[106.4, 14.1]",,,,,,,,,,,,1.623071,,,,,,,,,,,,,1b6a0411-8688-43d1-8688-12c5636e3d17,911,,"[100.9, 9.7]",3920402,29,,,,,,,,,,,,,,,,,,,,,,,,,1,From Goal Kick,Mohamed Youcef Belaïli,103464.0,Left Wing,42,Algeria,4898,"['1e234857-5687-4e3e-89f8-37c445fd21b5', 'f665d354-006c-42cf-aeb5-6a50f694ba73']",49,,,,,,,,,,,,,,,,,,,Algeria,4898,00:29:49.389,Carry,
,,,,,"[92.2, 3.7]",,,,,,,,,,,,1.199999,,,,,,,,,,,,,972b46bc-cf1b-47fc-baab-69947b18c8cd,917,,"[92.3, 2.7]",3920402,29,,,,,,,,,,,,,,,,,,,,,,,,,1,From Goal Kick,Rayan Aït Nouri,12111.0,Left Back,42,Algeria,4898,"['f2fc9258-d69e-47e6-90f7-c6c32411b553', '981c411f-c639-4ee5-bac7-6eb0fad3d593']",55,,,,,,,,,,,,,,,,,,,Algeria,4898,00:29:55.263,Carry,
,,,,,"[91.9, 15.9]",,,,,,,,,,,,2.225155,,,,,,,,,,,,,e16f5ecb-2bfd-4b42-b5dd-c2de2b5a43f5,920,,"[92.3, 13.7]",3920402,29,,,,,,,,,,,,,,,,,,,,,,,,,1,From Goal Kick,Mohamed Youcef Belaïli,103464.0,Left Wing,42,Algeria,4898,"['00561a67-7398-41e1-ae92-cfa423b13afa', 'd09e7587-7084-466c-b96f-f0be59fc4875']",57,,,,,,,,,,,,,,,,,,,Algeria,4898,00:29:57.073,Carry,
,,,,,"[44.9, 73.5]",,,,,,,,,,,,0.207274,,,,,,,,,,,,,f33233f3-2090-409b-9d0d-37ed8912f3b4,933,,"[44.3, 73.7]",3920402,30,,,,,,,,,,,,,,,,,,,,,,,,,1,From Counter,Riyad Mahrez,3814.0,Right Wing,44,Algeria,4898,"['72636f38-a572-43c0-850b-f15ea5dad10e', 'b0b71f9c-b356-4168-baaf-aac036ec9b87']",36,,,,,,,,,,,,,,,,,,,Algeria,4898,00:30:36.323,Carry,
,,,,,"[51.8, 64.0]",,,,,,,,,,,,0.697043,,,,,,,,,,,,,792eb50b-0814-42e2-ac99-d91d43d98612,936,,"[52.4, 63.6]",3920402,30,,,,,,,,,,,,,,,,,,,,,,,,,1,From Counter,Baghdad Bounedjah,103465.0,Center Forward,44,Algeria,4898,"['16e8ec4d-2218-4818-8a21-f02a6646154f', '87f92b76-21ab-4b3a-896a-dc8c899cbd13', '092ca0dd-e227-4ff8-ba33-e03f27a02b8e']",37,,,,,,,,,,,,,,,,,,,Algeria,4898,00:30:37.377,Carry,True
,,,,,"[34.7, 4.3]",,,,,,,,,,,,2.051676,,,,,,,,,,,,,a2c498f3-d813-4c92-95cd-e63022698554,941,,"[47.5, 6.8]",3920402,30,,,,,,,,,,,,,,,,,,,,,,,,,1,Regular Play,Edmond Fayçal Tapsoba,30606.0,Left Center Back,45,Burkina Faso,4921,"['674953e2-018e-4d18-a894-d2b2eb36733f', '04132d3f-66f3-44a5-9ae7-8f9c1cafe422', '67870655-fea7-45c9-934e-45aef04d2329']",40,,,,,,,,,,,,,,,,,,,Burkina Faso,4921,00:30:40.372,Carry,True
,,,,,"[30.8, 20.5]",,,,,,,,,,,,0.63104403,,,,,,,,,,,,,816d1635-c95e-4791-8a28-55e4f7028285,945,,"[30.3, 20.0]",3920402,30,,,,,,,,,,,,,,,,,,,,,,,,,1,Regular Play,Issoufou Dayo,102800.0,Right Center Back,45,Burkina Faso,4921,"['fdd499c4-63d8-424d-b9fa-0a5e5aa6e6ca', '34baa5d1-0e94-4851-8fc4-f3ee320f38ba']",44,,,,,,,,,,,,,,,,,,,Burkina Faso,4921,00:30:44.568,Carry,
,,,,,"[46.5, 41.3]",,,,,,,,,,,,7.509002,,,,,,,,,,,,,29ba522c-cb29-47ba-b4c1-f8b1d9fd44b8,948,,"[35.5, 35.0]",3920402,30,,,,,,,,,,,,,,,,,,,,,,,,,1,Regular Play,Adamo Nagalo,99280.0,Right Back,45,Burkina Faso,4921,"['14d0a927-4539-4a03-a443-c30ab7e8e972', 'ea6be0cd-28e1-483a-8332-17051c5ee7b5']",46,,,,,,,,,,,,,,,,,,,Burkina Faso,4921,00:30:46.799,Carry,
,,,,,"[54.5, 34.2]",,,,,,,,,,,,8.535673,,,,,,,,,,,,,350e44dd-f01b-4c69-bf48-2f7de7e32b21,951,,"[55.0, 50.5]",3920402,30,,,,,,,,,,,,,,,,,,,,,,,,,1,Regular Play,Adama Guira,24411.0,Right Defensive Midfield,45,Burkina Faso,4921,"['7b6fb8e6-4291-4d51-9f28-cebc6e45f187', '883bc765-fe33-4b4d-86ed-1ac162f2bf2a']",55,,,,,,,,,,,,,,,,,,,Burkina Faso,4921,00:30:55.727,Carry,
,,,,,"[54.1, 51.0]",,,,,,,,,,,,4.274913,,,,,,,,,,,,,32d8932d-c312-4a9c-bc5b-f583ef0724d5,954,,"[51.0, 50.5]",3920402,31,,,,,,,,,,,,,,,,,,,,,,,,,1,Regular Play,Adamo Nagalo,99280.0,Right Back,45,Burkina Faso,4921,"['8e78471f-866b-400f-8b27-3e4c15422021', 'b429a679-f875-4ac0-84b7-539db46152b5']",5,,,,,,,,,,,,,,,,,,,Burkina Faso,4921,00:31:05.507,Carry,
,,,,,"[50.8, 31.8]",,,,,,,,,,,,0.799998,,,,,,,,,,,,,f02782a8-82e2-4e85-a62e-fcdc7e7e9cc6,957,,"[48.3, 32.0]",3920402,31,,,,,,,,,,,,,,,,,,,,,,,,,1,Regular Play,Issoufou Dayo,102800.0,Right Center Back,45,Burkina Faso,4921,"['05e9807d-e350-46c3-9327-aeee3e9e0a41', 'eba8290f-5ccd-4a41-bee0-7155118e2ae6']",11,,,,,,,,,,,,,,,,,,,Burkina Faso,4921,00:31:11.909,Carry,
,,,,,"[55.8, 27.8]",,,,,,,,,,,,5.537869,,,,,,,,,,,,,44785bc3-56c7-483f-828a-7f5c8f5b8fa5,960,,"[56.0, 22.1]",3920402,31,,,,,,,,,,,,,,,,,,,,,,,,,1,Regular Play,Edmond Fayçal Tapsoba,30606.0,Left Center Back,45,Burkina Faso,4921,"['de87a011-2fcb-4cd4-b5fa-033d573c2d84', 'bab3c757-8423-4c1e-93be-c0be6a38f5f2']",14,,,,,,,,,,,,,,,,,,,Burkina Faso,4921,00:31:14.309,Carry,
,,,,,"[61.1, 58.6]",,,,,,,,,,,,1.505141,,,,,,,,,,,,,7e71e57e-7e61-4a0b-bd51-c9c95bb5a63b,963,,"[59.2, 57.4]",3920402,31,,,,,,,,,,,,,,,,,,,,,,,,,1,Regular Play,Adamo Nagalo,99280.0,Right Back,45,Burkina Faso,4921,"['8a1a4691-f8a7-4d69-bc36-0a865e28ccb0', '6a46c6f2-3794-49ad-aa6a-8b0f339a9210']",22,,,,,,,,,,,,,,,,,,,Burkina Faso,4921,00:31:22.469,Carry,
,,,,,"[79.5, 45.2]",,,,,,,,,,,,5.943898,,,,,,,,,,,,,6fd98d00-3a5f-4e91-a347-1622e1adff01,970,,"[71.0, 56.3]",3920402,31,,,,,,,,,,,,,,,,,,,,,,,,,1,Regular Play,Ibrahim Blati Touré,23999.0,Left Defensive Midfield,45,Burkina Faso,4921,"['136e3506-2a39-4dd4-afe4-8334b24967dc', 'd295f376-b223-4538-bd78-24aa1ffa9c24', '61a83721-ad40-47a0-9cf0-0dbc4efcef28', '43281ad1-6276-427f-94de-8ac9f4e93ea1']",26,,,,,,,,,,,,,,,,,,,Burkina Faso,4921,00:31:26.400,Carry,True
,,,,,"[41.5, 36.4]",,,,,,,,,,,,0.082833,,,,,,,,,,,,,3c9599f3-68c9-47c5-b891-a37de5ad4c22,988,,"[41.5, 35.9]",3920402,32,,,,,,,,,,,,,,,,,,,,,,,,,1,From Throw In,Sofiane Feghouli,18724.0,Center Attacking Midfield,47,Algeria,4898,"['a6024af4-f80e-4f13-af84-972728011250', 'ab2ae6ba-b0c8-466a-95f6-c160ef93adda', '120cf85f-6c72-4514-b8ba-9112d1976a49']",59,,,,,,,,,,,,,,,,,,,Algeria,4898,00:32:59.712,Carry,True
,,,,,"[33.0, 59.6]",,,,,,,,,,,,1.2142121,,,,,,,,,,,,,2b2f54a7-199e-4132-9873-ba9000da3c64,992,,"[28.6, 55.8]",3920402,33,,,,,,,,,,,,,,,,,,,,,,,,,1,From Throw In,Youcef Atal,10040.0,Right Back,47,Algeria,4898,"['a8d366b8-af88-4371-86dd-60f9670a1bef', 'c501c83a-8093-4b98-9eb8-81ac0fe2fe67']",1,,,,,,,,,,,,,,,,,,,Algeria,4898,00:33:01.462,Carry,
,,,,,"[41.9, 75.8]",,,,,,,,,,,,0.472902,,,,,,,,,,,,,c53f5558-a1dd-455d-8b1e-a4c948cdcaa8,995,,"[45.8, 74.8]",3920402,33,,,,,,,,,,,,,,,,,,,,,,,,,1,From Throw In,Riyad Mahrez,3814.0,Right Wing,47,Algeria,4898,"['4d94661a-cd19-4541-bbfa-a274f4f1a06a', '49d372ab-2370-4bdd-b7d5-3761121791cf', 'ea3d1d72-faa3-49b3-951b-ccb3fe256e0e']",4,,,,,,,,,,,,,,,,,,,Algeria,4898,00:33:04.126,Carry,True
,,,,,"[33.2, 70.9]",,,,,,,,,,,,2.399999,,,,,,,,,,,,,a21d27ed-a680-4b01-bdd9-8860e0558928,999,,"[33.8, 70.4]",3920402,33,,,,,,,,,,,,,,,,,,,,,,,,,1,From Throw In,Youcef Atal,10040.0,Right Back,47,Algeria,4898,"['fb152457-58e4-40a6-a24d-9440a0c5bc64', 'cc239e76-b8ba-44cf-8141-796a6d4c47ba']",5,,,,,,,,,,,,,,,,,,,Algeria,4898,00:33:05.306,Carry,
,,,,,"[60.9, 14.9]",,,,,,,,,,,,6.690671,,,,,,,,,,,,,338e1b5e-9da7-4056-9dcc-df1854737948,1002,,"[33.8, 28.5]",3920402,33,,,,,,,,,,,,,,,,,,,,,,,,,1,From Throw In,Ramy Bensebaini,3191.0,Left Center Back,47,Algeria,4898,"['c12290cb-f4a5-449a-8399-ac12f8e60335', '8e4438f7-2101-44c1-ae1e-a2680a100922', '711b6852-8161-4fe8-b57e-24e363351a55']",10,,,,,,,,,,,,,,,,,,,Algeria,4898,00:33:10.106,Carry,True
,,,,,"[68.1, 2.7]",,,,,,,,,,,,1.16,,,,,,,,,,,,,972ff028-140e-4ea4-a1fb-82d714661506,1006,,"[68.3, 2.5]",3920402,33,,,,,,,,,,,,,,,,,,,,,,,,,1,From Throw In,Rayan Aït Nouri,12111.0,Left Back,47,Algeria,4898,"['bf09da60-5711-4638-8800-3d45c5ef6516', '156a1e72-eeba-4247-bf0d-89e00f1f8d85']",17,,,,,,,,,,,,,,,,,,,Algeria,4898,00:33:17.836,Carry,
,,,,,"[73.2, 15.1]",,,,,,,,,,,,0.4857,,,,,,,,,,,,,9d7276be-1442-477d-b472-98edb41efcda,1009,,"[72.2, 15.5]",3920402,33,,,,,,,,,,,,,,,,,,,,,,,,,1,From Throw In,Ramiz Larbi Zerrouki,38345.0,Left Defensive Midfield,47,Algeria,4898,"['243f8e87-29eb-40dc-9494-c572093c5128', 'b4094250-a22f-40b6-8938-7316268bb3ab', 'e1784eb0-f3a8-4116-a36c-46817d3aebcc']",19,,,,,,,,,,,,,,,,,,,Algeria,4898,00:33:19.838,Carry,True
,,,,,"[79.8, 14.4]",,,,,,,,,,,,0.841053,,,,,,,,,,,,,db220bed-a409-4757-a34f-c565e4caed70,1014,,"[79.4, 14.0]",3920402,33,,,,,,,,,,,,,,,,,,,,,,,,,1,From Throw In,Mohamed Youcef Belaïli,103464.0,Left Wing,47,Algeria,4898,"['d666df40-b2b4-4f23-94d4-5a2e339f4914', '90b0f647-ad7d-47c6-89cd-d99a6d5f0280', 'dab9445e-7137-470f-bfb1-f5b694325633']",21,,,,,,,,,,,,,,,,,,,Algeria,4898,00:33:21.155,Carry,True
,,,,,"[89.3, 24.7]",,,,,,,,,,,,0.714315,,,,,,,,,,,,,e88c5943-d3fb-46b4-8721-a4b8e396b55e,1019,,"[90.2, 18.8]",3920402,33,,,,,,,,,,,,,,,,,,,,,,,,,1,From Throw In,Rayan Aït Nouri,12111.0,Left Back,47,Algeria,4898,"['0fd07c73-7815-4fff-bba3-1cf031444d36', '6b5c53c4-59f5-434c-b75b-ac453a326d2e', 'd1e19583-b452-450d-8f67-0a0d63a78ed0']",23,,,,,,,,,,,,,,,,,,,Algeria,4898,00:33:23.700,Carry,True
,,,,,"[3.3, 71.0]",,,,,,,,,,,,2.920925,,,,,,,,,,,,,6070ff23-ca01-4ea0-aa68-6bf5e5262bf7,1026,,"[10.5, 59.7]",3920402,33,,,,,,,,,,,,,,,,,,,,,,,,,1,From Throw In,Adamo Nagalo,99280.0,Right Back,47,Algeria,4898,"['fb837573-b70f-44c9-abb9-92c6b6572ec8', '639390c6-8c18-43da-bc44-77f558111606', 'c5181c40-b9b6-48ef-8389-28b10c6c651f']",27,,,,,,,,,,,,,,,,,,,Burkina Faso,4921,00:33:27.280,Carry,True
,,,,,"[35.0, 21.3]",,,,,,,,,,,,0.314672,,,,,,,,,,,,,dbb7cbb1-e99a-42bd-aba2-bedaca2b312c,1042,,"[35.4, 19.6]",3920402,36,,,,,,,,,,,,,,,,,,,,,,,,,1,From Free Kick,Nabil Bentaleb,8520.0,Right Defensive Midfield,49,Algeria,4898,"['270d2d4d-097e-489d-ba37-ba903b8df608', '127e3bf8-227f-4dcd-a5cc-f782dafcbc8f']",8,,,,,,,,,,,,,,,,,,,Algeria,4898,00:36:08.917,Carry,
,,,,,"[37.7, 68.0]",,,,,,,,,,,,4.213378,,,,,,,,,,,,,b58e589c-97c6-435b-b78e-cd4fa7b79549,1047,,"[20.8, 50.0]",3920402,36,,,,,,,,,,,,,,,,,,,,,,,,,1,From Free Kick,Aïssa Mandi,6648.0,Right Center Back,49,Algeria,4898,"['c5b3de8c-503a-4f9f-9656-975638e63737', 'f3107128-c396-44b4-b536-2ed37d48f4a8']",13,,,,,,,,,,,,,,,,,,,Algeria,4898,00:36:13.742,Carry,
,,,,,"[66.0, 78.5]",,,,,,,,,,,,2.560371,,,,,,,,,,,,,4e7f8b36-c8ed-4b03-a994-229d01c5d7f7,1050,,"[66.2, 77.7]",3920402,36,,,,,,,,,,,,,,,,,,,,,,,,,1,From Free Kick,Youcef Atal,10040.0,Right Back,49,Algeria,4898,"['145462c0-3e87-4f0d-aa3a-558858f37478', 'ea11c1c9-895b-4870-b1bb-606251398e1d', 'ba2f776c-6853-4e6e-ab00-e51ec36de786']",20,,,,,,,,,,,,,,,,,,,Algeria,4898,00:36:20.737,Carry,True
,,,,,"[47.0, 57.6]",,,,,,,,,,,,0.376136,,,,,,,,,,,,,5bec9549-d857-472e-993a-b25e265b5e47,1054,,"[46.8, 57.2]",3920402,36,,,,,,,,,,,,,,,,,,,,,,,,,1,From Free Kick,Aïssa Mandi,6648.0,Right Center Back,49,Algeria,4898,"['e27791ae-f3fd-4065-a10a-8a8a808bddfc', 'f0d7db08-0c92-4585-b38a-75b7b8fff207']",25,,,,,,,,,,,,,,,,,,,Algeria,4898,00:36:25.587,Carry,
,,,,,"[61.6, 33.1]",,,,,,,,,,,,3.865072,,,,,,,,,,,,,94b377c1-3ac3-4892-9c06-440954f75a6f,1057,,"[61.2, 32.4]",3920402,36,,,,,,,,,,,,,,,,,,,,,,,,,1,From Free Kick,Nabil Bentaleb,8520.0,Right Defensive Midfield,49,Algeria,4898,"['1cf7d94e-047c-4aaf-8b28-933d853f2555', 'ee5c5cb2-bbc1-4cc4-963e-85a2b36a9593', '5b1bac62-6aca-4289-b5e0-373e0b622fcf']",27,,,,,,,,,,,,,,,,,,,Algeria,4898,00:36:27.833,Carry,True
,,,,,"[61.7, 49.7]",,,,,,,,,,,,1.203184,,,,,,,,,,,,,ee2e1031-eecf-4b57-b30d-15d4752c2e00,1061,,"[62.7, 48.5]",3920402,36,,,,,,,,,,,,,,,,,,,,,,,,,1,From Free Kick,Riyad Mahrez,3814.0,Right Wing,49,Algeria,4898,"['2ad15c00-50eb-4b17-99aa-3f5023a310c1', 'd34e4e30-2d91-494f-911e-c9081633641e', 'de234273-52c3-4e4d-9964-d99ad3010ca1']",32,,,,,,,,,,,,,,,,,,,Algeria,4898,00:36:32.897,Carry,True
,,,,,"[54.9, 51.2]",,,,,,,,,,,,0.04416,,,,,,,,,,,,,3627d329-c63f-4afe-83af-bdcaffda3037,1065,,"[55.6, 50.4]",3920402,36,,,,,,,,,,,,,,,,,,,,,,,,,1,From Free Kick,Aïssa Mandi,6648.0,Right Center Back,49,Algeria,4898,"['34d37a7f-eb24-4e0d-b605-94ce6f5afa39', 'fa269982-e35d-4509-88e0-5e9a16f50f99']",35,,,,,,,,,,,,,,,,,,,Algeria,4898,00:36:35.107,Carry,
,,,,,"[82.8, 78.5]",,,,,,,,,,,,1.239741,,,,,,,,,,,,,fed2f837-5549-4b0b-89ab-955deca5ba3b,1068,,"[76.4, 78.5]",3920402,36,,,,,,,,,,,,,,,,,,,,,,,,,1,From Free Kick,Youcef Atal,10040.0,Right Back,49,Algeria,4898,"['d760cd5a-c6da-49c5-8969-56d2849817fb', '4aa0bd12-4ddb-4d00-850b-c59edee9a8d5']",37,,,,,,,,,,,,,,,,,,,Algeria,4898,00:36:37.610,Carry,
,,,,,"[99.5, 71.3]",,,,,,,,,,,,1.625885,,,,,,,,,,,,,3fbe5495-44ba-49a3-9554-ca883ab1cf62,1071,,"[99.3, 70.1]",3920402,36,,,,,,,,,,,,,,,,,,,,,,,,,1,From Free Kick,Baghdad Bounedjah,103465.0,Center Forward,49,Algeria,4898,"['5ec1d35c-43ca-4f73-a568-2f5a4a92fe2e', '293fd4b8-e478-4ed9-8424-c208ff517662', '8f21f705-c2aa-45f5-83e1-88b53e1a5319']",40,,,,,,,,,,,,,,,,,,,Algeria,4898,00:36:40.490,Carry,True
,,,,,"[86.7, 2.2]",,,,,,,,,,,,2.477642,,,,,,,,,,,,,59e27a75-701d-4a2c-adc5-740b454446a4,1078,,"[80.7, 1.4]",3920402,36,,,,,,,,,,,,,,,,,,,,,,,,,1,From Free Kick,Abdoul Fessal Tapsoba,43705.0,Left Wing,50,Burkina Faso,4921,"['c48b9f37-fb0a-4a6d-8f57-3407d6ea57cd', '57cb8b09-9c28-45d0-a7b2-3e08b1f3e104']",52,,,,,,,,,,,,,,,,,,,Burkina Faso,4921,00:36:52.317,Carry,
,,,,,"[79.7, 3.3]",,,,,,,,,,,,2.518093,,,,,,,,,,,,,c4ca24bd-a1df-47c7-bd11-980a888c4600,1081,,"[80.7, 3.7]",3920402,36,,,,,,,,,,,,,,,,,,,,,,,,,1,From Free Kick,Ibrahim Blati Touré,23999.0,Left Defensive Midfield,50,Burkina Faso,4921,"['7e816291-1c37-4dca-8d62-2568e4c417eb', 'f2b293c4-ffbc-4899-8926-c0e77a3b58ec', 'ea3effb6-8898-4d5c-8bbd-5471e6490bb4']",55,,,,,,,,,,,,,,,,,,,Burkina Faso,4921,00:36:55.674,Carry,True
,,,,,"[69.8, 22.7]",,,,,,,,,,,,3.963755,,,,,,,,,,,,,36aaee9b-b49f-46c2-bd32-ccc80e9f397d,1085,,"[79.7, 3.3]",3920402,36,,,,,,,,,,,,,,,,,,,,,,,,,1,From Free Kick,Ibrahim Blati Touré,23999.0,Left Defensive Midfield,50,Burkina Faso,4921,"['7497d8f5-8a5f-4350-bd10-c552ab3bda6f', '4038eaeb-7e50-49c0-822b-bf58e982f156', 'f2b293c4-ffbc-4899-8926-c0e77a3b58ec']",58,,,,,,,,,,,,,,,,,,,Burkina Faso,4921,00:36:58.192,Carry,True
,,,,,"[63.4, 40.7]",,,,,,,,,,,,1.6,,,,,,,,,,,,,9a6cae3f-31b0-4add-abe4-70ddfc05db23,1088,,"[63.4, 37.1]",3920402,37,,,,,,,,,,,,,,,,,,,,,,,,,1,From Free Kick,Gustavo Fabrice Sangaré,45466.0,Center Attacking Midfield,50,Burkina Faso,4921,"['e69a09ec-e837-4e3b-9e31-72300088507b', 'b4c65b4d-abe2-4d9a-a172-59d8c940bf3c']",3,,,,,,,,,,,,,,,,,,,Burkina Faso,4921,00:37:03.540,Carry,
,,,,,"[56.4, 54.9]",,,,,,,,,,,,3.187534,,,,,,,,,,,,,88ff7281-3773-49fd-9ba6-9b355d7331fa,1091,,"[56.8, 55.1]",3920402,37,,,,,,,,,,,,,,,,,,,,,,,,,1,From Free Kick,Adamo Nagalo,99280.0,Right Back,50,Burkina Faso,4921,"['a20dbf9d-4379-4076-ac94-9f1b77a93b65', 'ce6fb9c9-e820-4278-bba3-81fa28c7111f']",6,,,,,,,,,,,,,,,,,,,Burkina Faso,4921,00:37:06.597,Carry,
,,,,,"[47.9, 42.3]",,,,,,,,,,,,1.2,,,,,,,,,,,,,85d4a75e-a258-460e-9a12-e75277110710,1094,,"[47.1, 43.1]",3920402,37,,,,,,,,,,,,,,,,,,,,,,,,,1,From Free Kick,Issoufou Dayo,102800.0,Right Center Back,50,Burkina Faso,4921,"['7814d895-3c80-41a9-b2a6-caa6c66ae079', 'c6963e6e-759a-4df9-8cf9-b89e8d1a1fdf']",11,,,,,,,,,,,,,,,,,,,Burkina Faso,4921,00:37:11.892,Carry,
,,,,,"[55.7, 45.8]",,,,,,,,,,,,2.799999,,,,,,,,,,,,,a844c3e4-982d-49b6-b428-a7cbb5457267,1097,,"[61.3, 42.3]",3920402,37,,,,,,,,,,,,,,,,,,,,,,,,,1,From Free Kick,Ibrahim Blati Touré,23999.0,Left Defensive Midfield,50,Burkina Faso,4921,"['711b2ec7-6abc-4999-acd7-bba0059ab1f3', '96f97476-76dd-4891-b729-95a6b761dba7']",14,,,,,,,,,,,,,,,,,,,Burkina Faso,4921,00:37:14.354,Carry,
,,,,,"[53.7, 45.2]",,,,,,,,,,,,1.246959,,,,,,,,,,,,,cc128bac-1394-4acf-b4e8-25998779e0ab,1100,,"[57.8, 52.0]",3920402,37,,,,,,,,,,,,,,,,,,,,,,,,,1,From Free Kick,Gustavo Fabrice Sangaré,45466.0,Center Attacking Midfield,50,Burkina Faso,4921,"['39459e23-18b5-47af-a769-ecb2d6889369', '972ef22b-4acf-451e-9c26-ac1373c0b162', '25962da8-8bc4-44be-8239-67051e5430ae']",18,,,,,,,,,,,,,,,,,,,Burkina Faso,4921,00:37:18.383,Carry,True
,,,,,"[45.2, 16.7]",,,,,,,,,,,,0.697247,,,,,,,,,,,,,5d4cf551-8565-4a47-92da-d7e492300388,1104,,"[46.0, 17.1]",3920402,37,,,,,,,,,,,,,,,,,,,,,,,,,1,From Free Kick,Edmond Fayçal Tapsoba,30606.0,Left Center Back,50,Burkina Faso,4921,"['1f987b3a-df5b-4003-8e06-af93b16235a1', 'e86d7949-1558-429b-8416-80abacb07d5c', 'f2b2b533-06d0-4f07-8460-8b2628991532']",21,,,,,,,,,,,,,,,,,,,Burkina Faso,4921,00:37:21.287,Carry,True
,,,,,"[58.2, 33.2]",,,,,,,,,,,,1.233251,,,,,,,,,,,,,71c4270d-9082-4585-a520-ab4a99fb751c,1108,,"[63.0, 38.2]",3920402,37,,,,,,,,,,,,,,,,,,,,,,,,,1,From Free Kick,Ibrahim Blati Touré,23999.0,Left Defensive Midfield,50,Burkina Faso,4921,"['b5237b54-13b1-4d02-824c-1771bf4cf2d4', '7fb0ae85-2310-4756-afea-f0a21ca7d75f', '149f676c-04b2-4bfb-8e76-0263ecfe3e99']",23,,,,,,,,,,,,,,,,,,,Burkina Faso,4921,00:37:23.081,Carry,True
,,,,,"[55.0, 45.0]",,,,,,,,,,,,0.705413,,,,,,,,,,,,,e70b9663-107b-400b-9f87-f2be79de6c86,1112,,"[55.0, 44.1]",3920402,37,,,,,,,,,,,,,,,,,,,,,,,,,1,From Free Kick,Gustavo Fabrice Sangaré,45466.0,Center Attacking Midfield,50,Burkina Faso,4921,"['2468d23c-8e1a-4529-9b83-9b50e43e51ff', 'df7d5657-c384-4c99-87dc-cda1294406bf']",25,,,,,,,,,,,,,,,,,,,Burkina Faso,4921,00:37:25.134,Carry,
,,,,,"[71.2, 76.4]",,,,,,,,,,,,0.888124,,,,,,,,,,,,,f60df7ee-6bf9-4caf-968f-342c16981fd7,1115,,"[68.3, 74.7]",3920402,37,,,,,,,,,,,,,,,,,,,,,,,,,1,From Free Kick,Issa Kabore,35471.0,Right Wing,50,Burkina Faso,4921,"['9f6a37cf-ee17-42be-99d1-06d6d9e8b008', '91020494-dd32-4aee-8680-681b03088879']",27,,,,,,,,,,,,,,,,,,,Burkina Faso,4921,00:37:27.873,Carry,
,,,,,"[72.5, 61.1]",,,,,,,,,,,,0.382057,,,,,,,,,,,,,95634557-a36d-4c62-9fb5-c2f184a38068,1119,,"[71.6, 61.7]",3920402,37,,,,,,,,,,,,,,,,,,,,,,,,,1,From Free Kick,Gustavo Fabrice Sangaré,45466.0,Center Attacking Midfield,50,Burkina Faso,4921,"['467c7a87-8625-47b0-833a-696e529b4c2b', '31478f30-8057-4b14-bdf0-1cf12ec86fdd', '34e62065-5270-4d86-8234-cb8a20df4aad']",29,,,,,,,,,,,,,,,,,,,Burkina Faso,4921,00:37:29.755,Carry,True
,,,,,"[62.0, 78.4]",,,,,,,,,,,,0.013235,,,,,,,,,,,,,324d98b9-cff0-4bbc-a817-23a1fa5af3b7,1128,,"[62.0, 78.4]",3920402,38,,,,,,,,,,,,,,,,,,,,,,,,,1,From Throw In,Issa Kabore,35471.0,Right Wing,51,Burkina Faso,4921,"['6ba74032-3709-41d1-b602-174bbc3a9e8c', '0e739144-201c-471b-8cdf-baee6f8fd0b8']",15,,,,,,,,,,,,,,,,,,,Burkina Faso,4921,00:38:15.275,Carry,
,,,,,"[62.4, 69.8]",,,,,,,,,,,,0.984665,,,,,,,,,,,,,167c0ac1-2fc9-4c0e-801d-44985beb2913,1133,,"[62.4, 69.8]",3920402,38,,,,,,,,,,,,,,,,,,,,,,,,,1,From Throw In,Ibrahim Blati Touré,23999.0,Left Defensive Midfield,51,Burkina Faso,4921,"['f7893863-310e-4141-a3bd-ac58aea83447', '553557fe-8c99-43ed-95df-b2e0dc102365']",16,,,,,,,,,,,,,,,,,,,Burkina Faso,4921,00:38:16.796,Carry,
,,,,,"[37.8, 60.7]",,,,,,,,,,,,0.4,,,,,,,,,,,,,8f5f6ea8-9061-4fd4-9883-b435b390d633,1136,,"[37.4, 66.4]",3920402,38,,,,,,,,,,,,,,,,,,,,,,,,,1,From Throw In,Issoufou Dayo,102800.0,Right Center Back,51,Burkina Faso,4921,"['566bd587-7bf8-4320-abee-34199033505d', '1cc7f99e-d0f4-42d7-bd76-eeb827a7ce8d']",19,,,,,,,,,,,,,,,,,,,Burkina Faso,4921,00:38:19.796,Carry,
,,,,,"[76.6, 6.2]",,,,,,,,,,,,10.773808,,,,,,,,,,,,,2c8df343-bc8b-465f-a1ae-941390ddc763,1139,,"[41.9, 34.3]",3920402,38,,,,,,,,,,,,,,,,,,,,,,,,,1,From Throw In,Edmond Fayçal Tapsoba,30606.0,Left Center Back,51,Burkina Faso,4921,"['cf596e24-ae3c-4743-a7d2-271f99d27e8b', '66ce5be7-712d-4d68-bfd0-cbe3102d0cfe', '291b677c-b6d8-4b9f-87d5-5d8f65a6a97c']",22,,,,,,,,,,,,,,,,,,,Burkina Faso,4921,00:38:22.364,Carry,True
,,,,,"[7.2, 53.7]",,,,,,,,,,,,2.359999,,,,,,,,,,,,,13144725-b571-4fc4-a247-d0e735364d6e,1148,,"[3.3, 64.2]",3920402,39,,,,,,,,,,,,,,,,,,,,,,,,,1,Regular Play,Kouakou Herve Koffi,4388.0,Goalkeeper,53,Burkina Faso,4921,"['b8f42ff1-f5ae-43ce-8a3b-6f300eff7344', 'e3fc3e7e-400e-4ba0-84fa-ecdba63ab4d6']",24,,,,,,,,,,,,,,,,,,,Burkina Faso,4921,00:39:24.272,Carry,
,,,,,"[55.0, 9.3]",,,,,,,,,,,,9.6,,,,,,,,,,,,,43b3b37e-9ca3-4a37-8eb6-e07ce32fbf43,1151,,"[21.5, 30.8]",3920402,39,,,,,,,,,,,,,,,,,,,,,,,,,1,Regular Play,Edmond Fayçal Tapsoba,30606.0,Left Center Back,53,Burkina Faso,4921,"['d1aebc18-c9ba-493a-8aa9-1ae404cb6483', 'a0c2904e-0579-4f45-9548-07cfc2be0bf6']",28,,,,,,,,,,,,,,,,,,,Burkina Faso,4921,00:39:28.632,Carry,
,,,,,"[36.1, 19.8]",,,,,,,,,,,,1.199999,,,,,,,,,,,,,13f05eec-0931-4ee0-8035-ca992eba597a,1156,,"[42.6, 18.4]",3920402,39,,,,,,,,,,,,,,,,,,,,,,,,,1,Regular Play,Ibrahim Blati Touré,23999.0,Left Defensive Midfield,53,Burkina Faso,4921,"['1adf8514-32c3-47a1-b68d-483785803846', 'c0301ba6-dad7-4869-b694-ee0110279ff0', '4b242476-126b-43cf-addc-d533c9d33f7e']",40,,,,,,,,,,,,,,,,,,,Burkina Faso,4921,00:39:40.339,Carry,True
,,,,,"[48.1, 47.0]",,,,,,,,,,,,2.848853,,,,,,,,,,,,,e5abd413-2637-4f9d-8485-fadabb7131b7,1160,,"[35.5, 40.6]",3920402,39,,,,,,,,,,,,,,,,,,,,,,,,,1,Regular Play,Issoufou Dayo,102800.0,Right Center Back,53,Burkina Faso,4921,"['73a6624f-2281-4075-bbfe-d55db9fa1d28', '495682b9-076e-4ef6-845c-dad91df08377']",43,,,,,,,,,,,,,,,,,,,Burkina Faso,4921,00:39:43.285,Carry,
,,,,,"[26.3, 53.5]",,,,,,,,,,,,1.036102,,,,,,,,,,,,,2c2fcb4c-5699-45f3-86d1-17af27f9e6ec,1165,,"[30.3, 53.5]",3920402,39,,,,,,,,,,,,,,,,,,,,,,,,,1,Regular Play,Nabil Bentaleb,8520.0,Right Defensive Midfield,54,Algeria,4898,"['afe6b50d-9ee8-4512-a9e0-713295f030a3', 'e7ac5190-00b7-4df1-a434-14d482543209', 'decca729-19c1-453d-9b62-f3e3307fdc6c']",51,,,,,,,,,,,,,,,,,,,Algeria,4898,00:39:51.279,Carry,True
,,,,,"[21.6, 30.0]",,,,,,,,,,,,1.639749,,,,,,,,,,,,,57adb645-6367-4308-bbd6-5a6745d8b172,1169,,"[21.2, 36.0]",3920402,39,,,,,,,,,,,,,,,,,,,,,,,,,1,Regular Play,Ramy Bensebaini,3191.0,Left Center Back,54,Algeria,4898,"['07fd76d4-9c7c-4e71-b6b6-39653b4fcc46', '970ad63d-0cb7-45d6-9260-545a127a00ee', '57da10d8-d044-4d9d-92b9-27b9a1f092b2']",53,,,,,,,,,,,,,,,,,,,Algeria,4898,00:39:53.746,Carry,True
,,,,,"[33.8, 76.4]",,,,,,,,,,,,3.512772,,,,,,,,,,,,,d8f1875b-8ceb-42d5-b3b5-5a9acde892e1,1174,,"[24.4, 71.2]",3920402,39,,,,,,,,,,,,,,,,,,,,,,,,,1,Regular Play,Adamo Nagalo,99280.0,Right Back,54,Algeria,4898,"['095f0e50-807a-4464-98d2-3c10b5f26b0d', '1eb4c129-8df9-42eb-bd39-527e4adadfc3', '51c130da-2d29-43b6-a89d-9078d785d7a9']",59,,,,,,,,,,,,,,,,,,,Burkina Faso,4921,00:39:59.896,Carry,True
,,,,,"[98.7, 14.5]",,,,,,,,,,,,0.419274,,,,,,,,,,,,,c6d23c7f-58eb-4848-a208-45c24a237ffc,1179,,"[99.0, 13.2]",3920402,40,,,,,,,,,,,,,,,,,,,,,,,,,1,From Throw In,Baghdad Bounedjah,103465.0,Center Forward,55,Algeria,4898,"['9c191317-1b79-4c64-b3d7-70a91229fadb', '835287b8-b6f1-458c-a2a8-80112c654ec7']",8,,,,,,,,,,,,,,,,,,,Algeria,4898,00:40:08.132,Carry,
,,,,,"[23.1, 62.2]",,,,,,,,,,,,0.468338,,,,,,,,,,,,,d2465e77-a5a0-45e8-a4a9-141d2b394481,1182,,"[22.9, 62.1]",3920402,40,,,,,,,,,,,,,,,,,,,,,,,,,1,Regular Play,Ismahila Ouédraogo,106681.0,Right Defensive Midfield,56,Burkina Faso,4921,"['33bc8966-c311-475d-a2af-ab0644065047', '4679e42f-29f1-4ad2-bad9-3a151af866da']",9,,,,,,,,,,,,,,,,,,,Burkina Faso,4921,00:40:09.969,Carry,
,,,,,"[75.8, 51.6]",,,,,,,,,,,,10.132806,,,,,,,,,,,,,9d4f41a1-c2ec-43a9-a7db-3ae367cf9d1b,1185,,"[31.0, 50.6]",3920402,40,,,,,,,,,,,,,,,,,,,,,,,,,1,Regular Play,Ibrahim Blati Touré,23999.0,Left Defensive Midfield,56,Burkina Faso,4921,"['f3ffb14e-5fdb-4808-982d-5da4ff0f4010', '4bca59ad-e159-4829-8236-799ac879886b']",11,,,,,,,,,,,,,,,,,,,Burkina Faso,4921,00:40:11.550,Carry,
,,,,,"[86.3, 68.8]",,,,,,,,,,,,2.706449,,,,,,,,,,,,,ea963c24-bed3-4843-97bb-12fbb5f1a377,1188,,"[79.1, 65.2]",3920402,40,,,,,,,,,,,,,,,,,,,,,,,,,1,Regular Play,Ismahila Ouédraogo,106681.0,Right Defensive Midfield,56,Burkina Faso,4921,"['3b4fc469-e82b-4cc4-93e7-4796973bca44', 'bc472121-4ff9-4a83-8cb0-2817237a1755']",22,,,,,,,,,,,,,,,,,,,Burkina Faso,4921,00:40:22.796,Carry,
,,,,,"[94.8, 76.6]",,,,,,,,,,,,1.021657,,,,,,,,,,,,,696ecace-de9b-4bfe-bd57-00ae14440c54,1191,,"[96.9, 76.6]",3920402,40,,,,,,,,,,,,,,,,,,,,,,,,,1,Regular Play,Issa Kabore,35471.0,Right Wing,56,Burkina Faso,4921,"['4be9bb89-3353-443f-9fb1-f81941b19ae5', '29fff804-cc5c-42f8-a23a-d5713b62d290']",27,,,,,,,,,,,,,,,,,,,Burkina Faso,4921,00:40:27.102,Carry,
,,,,,"[83.2, 47.5]",,,,,,,,,,,,4.283048,,,,,,,,,,,,,70d96e77-119a-4e15-b216-6bf7c3a88401,1197,,"[86.9, 78.7]",3920402,40,,,,,,,,,,,,,,,,,,,,,,,,,1,Regular Play,Issa Kabore,35471.0,Right Wing,56,Burkina Faso,4921,"['4187da5f-e3d4-4bb2-b806-41abb7965b9a', '1335cfa2-c78a-4a67-97ba-7c9e2bc4e26e']",29,,,,,,,,,,,,,,,,,,,Burkina Faso,4921,00:40:29.807,Carry,
,,,,,"[41.4, 14.4]",,,,,,,,,,,,3.838433,,,,,,,,,,,,,cf66ab44-8a8f-408a-81b1-0487e3a32e48,1205,,"[34.8, 8.4]",3920402,40,,,,,,,,,,,,,,,,,,,,,,,,,1,Regular Play,Rayan Aït Nouri,12111.0,Left Back,57,Algeria,4898,"['abdb3fe2-a785-4ca0-823a-72e342d44b89', 'a58aae92-f979-49fd-a1a3-df04a9ea3c1b']",54,,,,,,,,,,,,,,,,,,,Algeria,4898,00:40:54.148,Carry,
,,,,,"[33.8, 54.9]",,,,,,,,,,,,1.414071,,,,,,,,,,,,,26f60c9b-5b8f-448f-960d-f190e479dc0a,1208,,"[30.3, 50.8]",3920402,40,,,,,,,,,,,,,,,,,,,,,,,,,1,Regular Play,Aïssa Mandi,6648.0,Right Center Back,57,Algeria,4898,"['272415ea-546e-4541-ac20-dfb333f952a2', 'ab9c0f21-03ac-4fa4-8084-f1378bda5d79']",59,,,,,,,,,,,,,,,,,,,Algeria,4898,00:40:59.926,Carry,
,,,,,"[51.4, 70.5]",,,,,,,,,,,,1.283345,,,,,,,,,,,,,e87c4991-9d1f-42ac-815c-57a162001bb8,1211,,"[48.2, 63.4]",3920402,41,,,,,,,,,,,,,,,,,,,,,,,,,1,Regular Play,Sofiane Feghouli,18724.0,Center Attacking Midfield,57,Algeria,4898,"['3a5dd851-980c-44e0-8af7-582e5f619602', '3282b8c4-cae8-455c-b148-c00f8b98e856']",2,,,,,,,,,,,,,,,,,,,Algeria,4898,00:41:02.540,Carry,
,,,,,"[69.5, 79.1]",,,,,,,,,,,,1.494234,,,,,,,,,,,,,9be7c782-0070-45c2-a1fe-471cf9146f76,1214,,"[70.8, 78.7]",3920402,41,,,,,,,,,,,,,,,,,,,,,,,,,1,Regular Play,Youcef Atal,10040.0,Right Back,57,Algeria,4898,"['34ca5c52-628e-441e-914f-f723e34d7536', '29108b1f-7452-489f-ab28-31972bbc6d44', '77033693-c290-4279-be7e-8732f48c5e0a']",5,,,,,,,,,,,,,,,,,,,Algeria,4898,00:41:05.423,Carry,True
,,,,,"[65.2, 73.7]",,,,,,,,,,,,2.4,,,,,,,,,,,,,4fd30b11-c9cd-43ee-baaa-effdcee64eb7,1218,,"[63.1, 73.7]",3920402,41,,,,,,,,,,,,,,,,,,,,,,,,,1,Regular Play,Sofiane Feghouli,18724.0,Center Attacking Midfield,57,Algeria,4898,"['3576fed7-35ee-42ec-ae80-fa2ae9f9d59c', 'b74f2710-2c43-47d7-a918-c18705ebcb09']",8,,,,,,,,,,,,,,,,,,,Algeria,4898,00:41:08.263,Carry,
,,,,,"[58.6, 58.2]",,,,,,,,,,,,1.65564,,,,,,,,,,,,,ded211ec-4efc-4b76-82ca-fc6164ccfcd2,1221,,"[56.1, 53.3]",3920402,41,,,,,,,,,,,,,,,,,,,,,,,,,1,Regular Play,Nabil Bentaleb,8520.0,Right Defensive Midfield,57,Algeria,4898,"['5d6cea00-96d7-42b2-8caf-495511a0179a', 'cf69db14-254e-498b-a176-e9ef06a6be0d', '81920f6a-6e6a-4865-9467-0bb580222865']",11,,,,,,,,,,,,,,,,,,,Algeria,4898,00:41:11.738,Carry,True
,,,,,"[47.0, 55.4]",,,,,,,,,,,,0.845087,,,,,,,,,,,,,d3b10634-1cc0-4c88-b170-7b826ea561ed,1225,,"[48.4, 61.7]",3920402,41,,,,,,,,,,,,,,,,,,,,,,,,,1,Regular Play,Aïssa Mandi,6648.0,Right Center Back,57,Algeria,4898,"['8bbc2ad9-ba90-4221-a55d-db8fce32ec7c', '807e17dc-2897-4794-abfd-773a16fe5b6e']",14,,,,,,,,,,,,,,,,,,,Algeria,4898,00:41:14.594,Carry,
,,,,,"[47.4, 21.7]",,,,,,,,,,,,2.988418,,,,,,,,,,,,,2777aba2-ac51-436b-a09e-b7e386a3a744,1228,,"[46.6, 22.3]",3920402,41,,,,,,,,,,,,,,,,,,,,,,,,,1,Regular Play,Ramy Bensebaini,3191.0,Left Center Back,57,Algeria,4898,"['3c921a25-165d-4aa3-9ac3-e7fc4d051f87', '308c046d-3d8f-4221-b882-bc5ebba9be6f']",17,,,,,,,,,,,,,,,,,,,Algeria,4898,00:41:17.039,Carry,
,,,,,"[63.1, 6.4]",,,,,,,,,,,,0.83297,,,,,,,,,,,,,75874916-4350-4720-8f44-0224d7dbe4c3,1231,,"[62.7, 6.2]",3920402,41,,,,,,,,,,,,,,,,,,,,,,,,,1,Regular Play,Rayan Aït Nouri,12111.0,Left Back,57,Algeria,4898,"['5c4b5785-763e-4738-bdb0-409352411c51', 'c0ea1e38-c364-48e4-8056-38a7a429e6cf']",21,,,,,,,,,,,,,,,,,,,Algeria,4898,00:41:21.804,Carry,
,,,,,"[55.3, 26.0]",,,,,,,,,,,,3.844802,,,,,,,,,,,,,f8f12ed4-5f8c-4352-aeb4-09398d5c7cbf,1234,,"[63.5, 26.8]",3920402,41,,,,,,,,,,,,,,,,,,,,,,,,,1,Regular Play,Ramiz Larbi Zerrouki,38345.0,Left Defensive Midfield,57,Algeria,4898,"['8965e336-a218-41c8-8996-3449ece962a5', '6525b51c-d3b6-4e5e-8772-809882134c48', 'd592b56f-605d-4ac6-9589-34f0f4b86d8f']",23,,,,,,,,,,,,,,,,,,,Algeria,4898,00:41:23.923,Carry,True
,,,,,"[48.9, 24.0]",,,,,,,,,,,,0.062383,,,,,,,,,,,,,9293c771-a9de-4a56-bed4-86b88bf1633c,1238,,"[49.3, 24.4]",3920402,41,,,,,,,,,,,,,,,,,,,,,,,,,1,Regular Play,Nabil Bentaleb,8520.0,Right Defensive Midfield,57,Algeria,4898,"['e3faf0d4-1b0d-4856-a311-1035d5ff5d7e', '67749047-5155-4c27-adc2-065867bb1cf0']",28,,,,,,,,,,,,,,,,,,,Algeria,4898,00:41:28.616,Carry,
,,,,,"[48.5, 20.0]",,,,,,,,,,,,5.348287,,,,,,,,,,,,,c319cfaf-63d2-423b-908b-afb4e5af8025,1241,,"[43.9, 10.7]",3920402,41,,,,,,,,,,,,,,,,,,,,,,,,,1,Regular Play,Ramy Bensebaini,3191.0,Left Center Back,57,Algeria,4898,"['db375aaf-f513-47f5-b77c-2bdd85d71b10', '18e3d8c2-8ea1-4eef-aa2a-ae0ee4fa8a3d']",30,,,,,,,,,,,,,,,,,,,Algeria,4898,00:41:30.356,Carry,
,,,,,"[42.7, 51.2]",,,,,,,,,,,,0.799999,,,,,,,,,,,,,93a107a8-3d60-4b38-81fe-2666f735f9c8,1244,,"[43.1, 51.2]",3920402,41,,,,,,,,,,,,,,,,,,,,,,,,,1,Regular Play,Aïssa Mandi,6648.0,Right Center Back,57,Algeria,4898,"['9d653829-5ddc-470f-99cc-fcd28e317b18', '9a73bdf3-28af-4c6b-ab41-73183ff51cb2']",37,,,,,,,,,,,,,,,,,,,Algeria,4898,00:41:37.898,Carry,
,,,,,"[54.9, 36.6]",,,,,,,,,,,,0.670958,,,,,,,,,,,,,3527b2d0-f24b-45ad-8c2b-a11f91d3ea43,1247,,"[54.5, 36.3]",3920402,41,,,,,,,,,,,,,,,,,,,,,,,,,1,Regular Play,Ramiz Larbi Zerrouki,38345.0,Left Defensive Midfield,57,Algeria,4898,"['aece2902-7f3f-4d5c-9beb-393cd918e0f8', 'a4ac5207-8864-487d-80f0-86f62c3fdd17']",40,,,,,,,,,,,,,,,,,,,Algeria,4898,00:41:40.245,Carry,
,,,,,"[75.3, 9.7]",,,,,,,,,,,,2.429942,,,,,,,,,,,,,f4cdf18d-e6ce-4fcb-a537-36d1fec11949,1250,,"[63.3, 9.1]",3920402,41,,,,,,,,,,,,,,,,,,,,,,,,,1,Regular Play,Nabil Bentaleb,8520.0,Right Defensive Midfield,57,Algeria,4898,"['c14af6fe-863c-46a0-857e-3e1f24d49945', '84bbb5af-75b2-4373-8785-d8656923421d']",42,,,,,,,,,,,,,,,,,,,Algeria,4898,00:41:42.781,Carry,
,,,,,"[84.6, 2.5]",,,,,,,,,,,,0.670541,,,,,,,,,,,,,8569db67-06bd-4886-a5f1-181566dd6bd2,1256,,"[84.6, 2.4]",3920402,41,,,,,,,,,,,,,,,,,,,,,,,,,1,Regular Play,Rayan Aït Nouri,12111.0,Left Back,57,Algeria,4898,"['d36c1a4f-6d67-469b-a1ae-b66074979ec1', '13d71742-0eba-4acd-bcd7-406afca01da7']",46,,,,,,,,,,,,,,,,,,,Algeria,4898,00:41:46.904,Carry,
,,,,,"[70.3, 9.5]",,,,,,,,,,,,0.790335,,,,,,,,,,,,,78899c28-7691-4501-a64b-c83d4190ec26,1259,,"[73.2, 7.2]",3920402,41,,,,,,,,,,,,,,,,,,,,,,,,,1,Regular Play,Mohamed Youcef Belaïli,103464.0,Left Wing,57,Algeria,4898,"['be8dac51-7103-4e26-a1e4-9ec20880aee8', '2caf15d0-7e94-4cf9-b40c-575cd783dd16']",49,,,,,,,,,,,,,,,,,,,Algeria,4898,00:41:49.228,Carry,
,,,,,"[71.8, 70.5]",,,,,,,,,,,,1.546756,,,,,,,,,,,,,d1dcf680-8607-434b-aa38-4f8c297a1188,1264,,"[65.6, 56.2]",3920402,41,,,,,,,,,,,,,,,,,,,,,,,,,1,Regular Play,Sofiane Feghouli,18724.0,Center Attacking Midfield,57,Algeria,4898,"['cfe71a80-d533-4a08-b5e8-ed29c72db08b', '8efb7498-3c60-400e-b1d1-09b9b679875d']",53,,,,,,,,,,,,,,,,,,,Algeria,4898,00:41:53.253,Carry,
,,,,,"[106.1, 75.2]",,,,,,,,,,,,5.232422,,,,,,,,,,,,,ba9614ef-2a34-4a4a-adf9-b62616975ae1,1267,,"[83.6, 79.3]",3920402,41,,,,,,,,,,,,,,,,,,,,,,,,,1,Regular Play,Youcef Atal,10040.0,Right Back,57,Algeria,4898,"['e9d8c917-f84a-4b0d-a482-a8d9c22fc3bd', '124fc954-29cd-4d7c-8186-c3de52dcbe5d', '6cfdc59e-2590-4045-82be-22fab167dd02']",56,,,,,,,,,,,,,,,,,,,Algeria,4898,00:41:56.433,Carry,True
,,,,,"[62.3, 30.3]",,,,,,,,,,,,1.944916,,,,,,,,,,,,,5e0a61b8-1100-45de-9370-f65f235e1f6a,1275,,"[62.7, 22.3]",3920402,42,,,,,,,,,,,,,,,,,,,,,,,,,1,From Goal Kick,Ibrahim Blati Touré,23999.0,Left Defensive Midfield,58,Burkina Faso,4921,"['76630a66-2ce5-451f-9334-de837e6fec74', '70f361ca-b5ab-4786-9c3c-c745fd3bca9c', '46ed9cb3-8e67-4267-a9f5-d32d9993af7d']",42,,,,,,,,,,,,,,,,,,,Burkina Faso,4921,00:42:42.332,Carry,True
,,,,,"[72.3, 42.5]",,,,,,,,,,,,0.40698,,,,,,,,,,,,,56db935e-7b54-4c0e-af15-ca61566a4815,1279,,"[71.6, 41.0]",3920402,42,,,,,,,,,,,,,,,,,,,,,,,,,1,From Goal Kick,Issa Kabore,35471.0,Right Wing,58,Burkina Faso,4921,"['283f087a-aade-40ae-8b16-f360451f4832', 'a3aa8d45-5210-45c3-ac03-b4201d2aafa0', '29e70c56-a622-46d6-a30a-1237aea42501']",45,,,,,,,,,,,,,,,,,,,Burkina Faso,4921,00:42:45.549,Carry,True
,,,,,"[77.8, 44.0]",,,,,,,,,,,,0.296719,,,,,,,,,,,,,109ea38b-311f-477a-bd13-d2a654b4018a,1283,,"[77.9, 39.6]",3920402,42,,,,,,,,,,,,,,,,,,,,,,,,,1,From Goal Kick,Gustavo Fabrice Sangaré,45466.0,Center Attacking Midfield,58,Burkina Faso,4921,"['f3013a02-808a-4c21-a9ea-27bcf18d4d3a', 'a3614f60-0735-4fc9-bc29-c3a6f122f192']",46,,,,,,,,,,,,,,,,,,,Burkina Faso,4921,00:42:46.444,Carry,
,,,,,"[41.0, 35.1]",,,,,,,,,,,,5.140457,,,,,,,,,,,,,afc6eba5-0310-4cec-aa2d-0322065f30a9,1291,,"[31.1, 51.6]",3920402,42,,,,,,,,,,,,,,,,,,,,,,,,,1,Regular Play,Nabil Bentaleb,8520.0,Right Defensive Midfield,59,Algeria,4898,"['e25856c1-380f-4df6-91d8-1150b1a78b00', '092ee83b-78b6-4785-8c91-7a7ac5c4f112', '8d525eab-a6be-400d-9fbb-7c0af204cea7']",51,,,,,,,,,,,,,,,,,,,Algeria,4898,00:42:51.001,Carry,True
,,,,,"[54.9, 9.9]",,,,,,,,,,,,1.258482,,,,,,,,,,,,,cdd5e4e8-94d4-45de-97c0-b96bc94eef2e,1295,,"[51.4, 11.8]",3920402,42,,,,,,,,,,,,,,,,,,,,,,,,,1,Regular Play,Rayan Aït Nouri,12111.0,Left Back,59,Algeria,4898,"['1da7c764-5b18-4300-b3ef-a0f813f954e8', '52643d98-bc86-4b76-b4fb-fa16ab9975eb']",57,,,,,,,,,,,,,,,,,,,Algeria,4898,00:42:57.527,Carry,
,,,,,"[83.1, 19.2]",,,,,,,,,,,,4.167348,,,,,,,,,,,,,60234df1-235f-4980-9e5b-530ac69a9a95,1298,,"[78.8, 2.1]",3920402,43,,,,,,,,,,,,,,,,,,,,,,,,,1,Regular Play,Mohamed Youcef Belaïli,103464.0,Left Wing,59,Algeria,4898,"['927e6ba7-b7bb-40bf-b2d2-f2c3e5cef765', '3dc9e124-2fbf-4414-b596-889ff2dbc278']",1,,,,,,,,,,,,,,,,,,,Algeria,4898,00:43:01.090,Carry,
,,,,,"[86.3, 56.6]",,,,,,,,,,,,6.228355,,,,,,,,,,,,,d3ac6e8a-145f-43d8-87f0-fd6fbf391dd3,1301,,"[73.4, 70.4]",3920402,43,,,,,,,,,,,,,,,,,,,,,,,,,1,Regular Play,Riyad Mahrez,3814.0,Right Wing,59,Algeria,4898,"['3ab5b5f8-ee0e-4f61-9fc5-afc1572ceee2', '564f0b8d-7334-474a-8aa5-64091c059cdd']",7,,,,,,,,,,,,,,,,,,,Algeria,4898,00:43:07.673,Carry,
,,,,,"[85.9, 30.8]",,,,,,,,,,,,1.036243,,,,,,,,,,,,,35c26ec2-f617-4f98-a367-04831f174d16,1304,,"[81.7, 32.0]",3920402,43,,,,,,,,,,,,,,,,,,,,,,,,,1,Regular Play,Nabil Bentaleb,8520.0,Right Defensive Midfield,59,Algeria,4898,"['2dac0a95-57e5-4082-b929-48b035c649ce', '116d115a-821c-4dc9-8029-1d75b1bca21c']",15,,,,,,,,,,,,,,,,,,,Algeria,4898,00:43:15.292,Carry,
,,,,,"[21.7, 25.1]",,,,,,,,,,,,0.295959,,,,,,,,,,,,,5739734b-d21e-4183-9fc9-3545165f9b9b,1313,,"[23.2, 25.8]",3920402,43,,,,,,,,,,,,,,,,,,,,,,,,,1,Regular Play,Edmond Fayçal Tapsoba,30606.0,Left Center Back,59,Algeria,4898,"['335d5c8a-1475-40e1-9dfc-1d73a0d548b4', '73cffd6b-40a7-47ab-82a8-61ba072a21b6', '306a097e-9a02-427f-9e13-15dd4d480baf']",20,,,,,,,,,,,,,,,,,,,Burkina Faso,4921,00:43:20.928,Carry,True
,,,,,"[100.3, 55.4]",,,,,,,,,,,,0.689555,,,,,,,,,,,,,3e022be9-076a-4258-bc0c-76ed35ae95a5,1316,,"[98.4, 55.0]",3920402,43,,,,,,,,,,,,,,,,,,,,,,,,,1,Regular Play,Ramiz Larbi Zerrouki,38345.0,Left Defensive Midfield,59,Algeria,4898,"['8b862a3e-0043-4ddd-b58e-38de76942147', '02731e67-98a4-4bc0-8567-560ebda8a4ee']",21,,,,,,,,,,,,,,,,,,,Algeria,4898,00:43:21.224,Carry,
,,,,,"[100.3, 37.3]",,,,,,,,,,,,0.91887,,,,,,,,,,,,,3d2687fb-5cda-4fff-93e3-314bc4b6b42b,1325,,"[99.9, 36.6]",3920402,43,,,,,,,,,,,,,,,,,,,,,,,,,1,Regular Play,Mohamed Youcef Belaïli,103464.0,Left Wing,59,Algeria,4898,"['a1bbebe6-bfab-41b2-a7e2-cdf6df2abac4', '41fe3f23-d62f-4f2a-820d-886eb3f2aec3']",27,,,,,,,,,,,,,,,,,,,Algeria,4898,00:43:27.455,Carry,
,,,,,"[37.3, 79.1]",,,,,,,,,,,,1.699895,,,,,,,,,,,,,66d5919f-509f-4ccd-a92e-9c9fd4e44427,1334,,"[35.5, 78.9]",3920402,44,,,,,,,,,,,,,,,,,,,,,,,,,1,From Throw In,Youcef Atal,10040.0,Right Back,61,Algeria,4898,"['c1333c19-4ec1-45cb-99b9-c784abaada77', '7b648ac7-c7d2-4314-a68c-d8d0097ff5a6', '090a5783-890c-467f-98e3-2bb414bf9b72']",25,,,,,,,,,,,,,,,,,,,Algeria,4898,00:44:25.704,Carry,True
,,,,,"[34.6, 53.3]",,,,,,,,,,,,1.044798,,,,,,,,,,,,,312443ec-d5e2-4ed6-8797-a4c3939d96ff,1340,,"[31.9, 54.3]",3920402,44,,,,,,,,,,,,,,,,,,,,,,,,,1,From Free Kick,Ramy Bensebaini,3191.0,Left Center Back,62,Algeria,4898,"['a725842b-d140-47b2-83dd-608778244a84', 'c87128e1-557c-49b4-a301-af70867cbc31']",34,,,,,,,,,,,,,,,,,,,Algeria,4898,00:44:34.670,Carry,
,,,,,"[54.9, 21.5]",,,,,,,,,,,,2.026497,,,,,,,,,,,,,ac77a44a-b20f-49cc-ae2e-65b4f1654fca,1343,,"[54.0, 20.5]",3920402,44,,,,,,,,,,,,,,,,,,,,,,,,,1,From Free Kick,Rayan Aït Nouri,12111.0,Left Back,62,Algeria,4898,"['1bbf5640-b584-4506-bceb-97d16a567172', '9b01ff62-81c0-4f19-a427-d09e9e7b40ad']",38,,,,,,,,,,,,,,,,,,,Algeria,4898,00:44:38.040,Carry,
,,,,,"[41.5, 35.6]",,,,,,,,,,,,1.134833,,,,,,,,,,,,,6f0ef7f7-c0f1-4402-89e3-abb170604d3d,1346,,"[40.4, 34.9]",3920402,44,,,,,,,,,,,,,,,,,,,,,,,,,1,From Free Kick,Ramy Bensebaini,3191.0,Left Center Back,62,Algeria,4898,"['8262b7fe-8f0b-42a0-8de6-a61be116abb3', '775d2ab2-994e-43f3-a0cf-2ec4cb9426be']",42,,,,,,,,,,,,,,,,,,,Algeria,4898,00:44:42.001,Carry,
,,,,,"[41.9, 52.2]",,,,,,,,,,,,0.182202,,,,,,,,,,,,,8594f296-76fd-4d58-acad-05b935965769,1349,,"[41.9, 52.2]",3920402,44,,,,,,,,,,,,,,,,,,,,,,,,,1,From Free Kick,Aïssa Mandi,6648.0,Right Center Back,62,Algeria,4898,"['2bd1879e-bef9-4d7f-90d3-a0ff5b673adb', '0e5e73f3-cb4d-4410-bac4-9512441bf358']",44,,,,,,,,,,,,,,,,,,,Algeria,4898,00:44:44.916,Carry,
,,,,,"[45.7, 22.1]",,,,,,,,,,,,4.124092,,,,,,,,,,,,,9441349b-88cc-40aa-aaad-fd7824f9d2be,1354,,"[35.9, 23.2]",3920402,44,,,,,,,,,,,,,,,,,,,,,,,,,1,From Free Kick,Ramy Bensebaini,3191.0,Left Center Back,62,Algeria,4898,"['4a673866-459c-47ca-9cb2-c9e349b2dd72', '3eb7f271-e935-494f-a04a-1391861074ba']",48,,,,,,,,,,,,,,,,,,,Algeria,4898,00:44:48.830,Carry,
,,,,,"[58.2, 4.9]",,,,,,,,,,,,0.8,,,,,,,,,,,,,cbf15996-9228-4319-a9c2-02a546bb0dd9,1357,,"[58.2, 5.6]",3920402,44,,,,,,,,,,,,,,,,,,,,,,,,,1,From Free Kick,Rayan Aït Nouri,12111.0,Left Back,62,Algeria,4898,"['4df59787-cde0-432b-9f67-abd80fec421d', '6b1e0ab0-4738-4775-bbd7-2353f27883d4']",54,,,,,,,,,,,,,,,,,,,Algeria,4898,00:44:54.770,Carry,
,,,,,"[56.7, 15.5]",,,,,,,,,,,,7.19073,,,,,,,,,,,,,49c5b613-3a4b-4b7f-b442-d40484d1bd05,1360,,"[38.9, 22.7]",3920402,44,,,,,,,,,,,,,,,,,,,,,,,,,1,From Free Kick,Ramy Bensebaini,3191.0,Left Center Back,62,Algeria,4898,"['90600649-1d2a-4867-a28b-1d7b915758b1', '8dc44a81-e4fb-4fdd-8304-a5b60a34628b']",57,,,,,,,,,,,,,,,,,,,Algeria,4898,00:44:57.228,Carry,
,,,,,"[57.7, 3.1]",,,,,,,,,,,,1.264038,,,,,,,,,,,,,fba530f9-1b96-4b55-8879-10a660f75213,1363,,"[61.9, 4.1]",3920402,45,,,,,,,,,,,,,,,,,,,,,,,,,1,From Free Kick,Rayan Aït Nouri,12111.0,Left Back,62,Algeria,4898,"['d813f2f1-abbd-46c7-9712-55771bc4a6d0', '81838a89-2a84-47f3-af1f-bb2c9fb7d9a8']",5,,,,,,,,,,,,,,,,,,,Algeria,4898,00:45:05.293,Carry,
,,,,,"[43.5, 46.5]",,,,,,,,,,,,3.070095,,,,,,,,,,,,,7e112530-e17e-4932-9548-cb4a9e62363c,1377,,"[33.4, 45.1]",3920402,45,,,,,,,,,,,,,,,,,,,,,,,,,1,From Free Kick,Aïssa Mandi,6648.0,Right Center Back,64,Algeria,4898,"['bb572908-5863-4440-81f6-788f7fa8ec02', '03c6e4da-ca0d-4362-b898-30a960bb5d26']",58,,,,,,,,,,,,,,,,,,,Algeria,4898,00:45:58.475,Carry,
,,,,,"[30.6, 5.4]",,,,,,,,,,,,0.860837,,,,,,,,,,,,,55b189a2-090c-41f0-be15-055a46226575,1387,,"[30.3, 3.5]",3920402,46,,,,,,,,,,,,,,,,,,,,,,,,,1,From Throw In,Mohamed Youcef Belaïli,103464.0,Left Wing,66,Burkina Faso,4921,"['f859a661-caa8-486d-ba6c-41def82ac749', 'd08abd15-7ff1-4e27-ac88-7747f31c2c7c']",55,,,,,,,,,,,,,,,,,,,Algeria,4898,00:46:55.176,Carry,
,,,,,"[64.4, 19.1]",,,,,,,,,,,,1.882023,,,,,,,,,,,,,50879b6f-b678-4e4d-8413-70bc2b0a7713,1391,,"[62.8, 29.3]",3920402,46,,,,,,,,,,,,,,,,,,,,,,,,,1,From Throw In,Steeve Yago,3035.0,Left Back,66,Burkina Faso,4921,"['d5053c6a-1338-4c55-923a-2556d38b2fa0', '3b90d65d-8e98-496f-994f-c32665ddf535']",59,,,,,,,,,,,,,,,,,,,Burkina Faso,4921,00:46:59.180,Carry,
,,,,,"[79.7, 16.5]",,,,,,,,,,,,2.134878,,,,,,,,,,,,,744986e5-025d-4862-ad32-9fc83c22332c,1395,,"[82.8, 4.5]",3920402,47,,,,,,,,,,,,,,,,,,,,,,,,,1,From Throw In,Abdoul Fessal Tapsoba,43705.0,Left Wing,66,Burkina Faso,4921,"['dc669912-fa9c-4401-af55-d918f92543f3', '8651eca8-6eab-4258-84fe-2a48455487b3', '56925514-7967-44b8-9d78-14b4babb8f8d']",3,,,,,,,,,,,,,,,,,,,Burkina Faso,4921,00:47:03.623,Carry,True
,,,,,"[62.5, 64.4]",,,,,,,,,,,,0.824723,,,,,,,,,,,,,dfba090b-df29-4078-83bf-882e2fe6db93,1406,,"[66.8, 68.0]",3920402,50,,,,,,,,,,,,,,,,,,,,,,,,,1,From Kick Off,Youcef Atal,10040.0,Right Back,67,Algeria,4898,"['a0389585-17fb-4fd8-9d95-a67670504807', 'c45ca23a-920c-42ae-ae33-317142310619']",6,,,,,,,,,,,,,,,,,,,Algeria,4898,00:50:06.034,Carry,
,,,,,"[50.9, 58.9]",,,,,,,,,,,,0.732629,,,,,,,,,,,,,66b31c7a-a914-4a8d-883b-7eb906e07d14,1411,,"[50.1, 60.6]",3920402,50,,,,,,,,,,,,,,,,,,,,,,,,,1,From Kick Off,Aïssa Mandi,6648.0,Right Center Back,67,Algeria,4898,"['efc8d359-a57e-4166-b189-03c34b27a515', '392f55c7-ee2f-4735-a342-a72bbd5684e1']",9,,,,,,,,,,,,,,,,,,,Algeria,4898,00:50:09.618,Carry,
,,,,,"[74.5, 11.0]",,,,,,,,,,,,5.175785,,,,,,,,,,,,,f463535a-6395-4ad8-a5ed-adaed41c422e,1414,,"[49.3, 21.3]",3920402,50,,,,,,,,,,,,,,,,,,,,,,,,,1,From Kick Off,Ramy Bensebaini,3191.0,Left Center Back,67,Algeria,4898,"['3e534348-4845-4b65-949c-45ecc2c2439d', '5cc3c6fd-e4de-484b-91b1-92cac534b3c1']",12,,,,,,,,,,,,,,,,,,,Algeria,4898,00:50:12.843,Carry,
,,,,,"[91.2, 46.5]",,,,,,,,,,,,1.437929,,,,,,,,,,,,,3b536740-b02c-4382-9899-883a61615bf9,1427,,"[90.6, 48.1]",3920402,50,,,,,,,,,,,,,,,,,,,,,,,,,1,From Corner,Riyad Mahrez,3814.0,Right Wing,68,Algeria,4898,"['e6fa0641-04b2-4e38-9f75-c4cd3fd2c7fc', '8d5aab3a-e407-4f32-b006-9ca64abf0683']",43,,,,,,,,,,,,,,,,,,,Algeria,4898,00:50:43.342,Carry,
,,,,,"[120.0, 16.1]",,,,,,,,,,,,3.40822,,,,,,,,,,,,,4b553738-43e7-425e-98d1-e8b5514eec61,1430,,"[105.7, 15.1]",3920402,50,,,,,,,,,,,,,,,,,,,,,,,,,1,From Corner,Rayan Aït Nouri,12111.0,Left Back,68,Algeria,4898,"['cea95e32-fe89-4683-a6be-04caa4fd00b2', '2229e838-2a41-4e1b-895e-6f9d09db9ec5', '0b7b6d14-f307-48aa-a0c1-33e89b15eb79']",46,,,,,,,,,,,,,,,,,,,Algeria,4898,00:50:46.587,Carry,True
,,,,,"[33.5, 76.0]",,,,,,,,,,,,2.648502,,,,,,,,,,,,,33448e07-ac84-41d9-82f5-591f37a557f2,1437,,"[23.5, 76.0]",3920402,50,,,,,,,,,,,,,,,,,,,,,,,,,1,Regular Play,Mohamed Konaté,43920.0,Center Forward,69,Burkina Faso,4921,"['ad2f6504-e0b9-4e86-b5ef-f5eb564252e6', '17f9933f-2a34-41ef-ba84-1df50f79fc3f']",54,,,,,,,,,,,,,,,,,,,Burkina Faso,4921,00:50:54.481,Carry,
,,,,,"[39.8, 30.4]",,,,,,,,,,,,1.119376,,,,,,,,,,,,,768683a7-e3de-405a-bca7-198c76a3b64b,1449,,"[38.9, 29.2]",3920402,45,,,,,,,,,,,,,,,,,,,,,,,,,2,From Kick Off,Edmond Fayçal Tapsoba,30606.0,Left Center Back,70,Burkina Faso,4921,"['5d52179f-b006-4f3d-940d-726a77226c65', '450eb27f-dd51-49b0-88e8-2a17210a6adb']",2,,,,,,,,,,,,,,,,,,,Burkina Faso,4921,00:00:02.040,Carry,
,,,,,"[85.4, 77.3]",,,,,,,,,,,,2.986523,,,,,,,,,,,,,3e9804b9-d1b9-4f60-b76f-5735e122d9d7,1452,,"[76.1, 78.3]",3920402,45,,,,,,,,,,,,,,,,,,,,,,,,,2,From Kick Off,Issa Kabore,35471.0,Right Midfield,70,Burkina Faso,4921,"['6c598e62-5791-4e3c-9f0d-a7ce74560cf9', '34c5bdf4-1626-47c1-82f1-25bcbc9b7199', '539583b2-d86f-4297-b589-3cf2f4426f68']",6,,,,,,,,,,,,,,,,,,,Burkina Faso,4921,00:00:06.469,Carry,True
,,,,,"[101.9, 48.1]",,,,,,,,,,,,4.375093,,,,,,,,,,,,,8a56467c-bd57-49e9-b5dd-e304d7f08b4c,1457,,"[94.9, 65.2]",3920402,45,,,,,,,,,,,,,,,,,,,,,,,,,2,From Kick Off,Mohamed Konaté,43920.0,Center Forward,70,Burkina Faso,4921,"['153b2bcb-47c1-4717-ac7f-d2a6dedc60c9', 'b51b6235-c876-4735-9b8d-195212190c3b', 'e16589d2-1eb6-495e-87ac-219bfda3981d']",10,,,,,,,,,,,,,,,,,,,Burkina Faso,4921,00:00:10.460,Carry,True
,,,,,"[34.9, 27.6]",,,,,,,,,,,,6.270361,,,,,,,,,,,,,783ba45c-e801-49d4-97b6-5c69974f5410,1466,,"[23.6, 48.1]",3920402,45,,,,,,,,,,,,,,,,,,,,,,,,,2,Regular Play,Riyad Mahrez,3814.0,Right Wing,71,Algeria,4898,"['279def27-1bcd-4746-9d6b-f991b255bec0', 'b274a355-f551-4e89-86d9-731146b7b40a', 'b5bf2e38-a9a5-4af3-9df7-0803eebefcf8']",17,,,,,,,,,,,,,,,,,,,Algeria,4898,00:00:17.047,Carry,True
,,,,,"[32.4, 42.1]",,,,,,,,,,,,0.442258,,,,,,,,,,,,,b2a35676-4ad3-4835-b747-5b33da240fed,1471,,"[32.0, 40.6]",3920402,45,,,,,,,,,,,,,,,,,,,,,,,,,2,Regular Play,Nabil Bentaleb,8520.0,Right Defensive Midfield,71,Algeria,4898,"['7972d0b6-4697-49c2-adb1-bb926617891c', 'bb56633d-e5ff-4656-aca8-584def0c151f']",24,,,,,,,,,,,,,,,,,,,Algeria,4898,00:00:24.652,Carry,
,,,,,"[56.0, 77.7]",,,,,,,,,,,,2.641206,,,,,,,,,,,,,402ccf48-3436-498d-b296-beb0a0dce6ab,1474,,"[43.7, 68.5]",3920402,45,,,,,,,,,,,,,,,,,,,,,,,,,2,Regular Play,Youcef Atal,10040.0,Right Back,71,Algeria,4898,"['c228362a-5762-4e51-a626-607701dbb9a0', '7a683af1-6f35-4592-95a5-0107bbbbad35']",26,,,,,,,,,,,,,,,,,,,Algeria,4898,00:00:26.891,Carry,
,,,,,"[108.6, 73.9]",,,,,,,,,,,,1.697857,,,,,,,,,,,,,338eb00f-1b0d-43b9-aadc-d1b2d1e0f27b,1479,,"[102.6, 71.2]",3920402,45,,,,,,,,,,,,,,,,,,,,,,,,,2,Regular Play,Mohamed El Amine Amoura,141358.0,Center Attacking Midfield,71,Algeria,4898,"['530f4c03-f945-4c4d-afd5-f617d10872b8', '9e3fbd51-f825-4da9-ac6b-2f09e127933c', 'f29d7bdc-af36-4867-a948-38038786daaa']",33,,,,,,,,,,,,,,,,,,,Algeria,4898,00:00:33.357,Carry,True
,,,,,"[4.4, 42.6]",,,,,,,,,,,,7.416824,,,,,,,,,,,,,82abacd4-6a37-4798-be77-150a754cfb29,1486,,"[3.6, 43.4]",3920402,47,,,,,,,,,,,,,,,,,,,,,,,,,2,Regular Play,Kouakou Herve Koffi,4388.0,Goalkeeper,73,Burkina Faso,4921,"['c8dbdc36-1694-4830-937e-f88632577063', 'b51aaec0-5be6-4624-9b08-94f3fef39d48']",0,,,,,,,,,,,,,,,,,,,Burkina Faso,4921,00:02:00.488,Carry,
,,,,,"[26.3, 25.2]",,,,,,,,,,,,2.161638,,,,,,,,,,,,,44733d34-ea7d-4e4a-9799-fe4f4b014d85,1489,,"[16.9, 25.8]",3920402,47,,,,,,,,,,,,,,,,,,,,,,,,,2,Regular Play,Edmond Fayçal Tapsoba,30606.0,Left Center Back,73,Burkina Faso,4921,"['aa8b7f51-1591-4323-9375-9911c0352ffd', 'f1a9a365-7a3c-45ca-92cc-84beb13c2c9e']",11,,,,,,,,,,,,,,,,,,,Burkina Faso,4921,00:02:11.030,Carry,
,,,,,"[5.3, 26.4]",,,,,,,,,,,,0.722725,,,,,,,,,,,,,8ce096ec-d41b-44eb-a8d7-65072d5959f0,1495,,"[10.5, 25.6]",3920402,47,,,,,,,,,,,,,,,,,,,,,,,,,2,Regular Play,Edmond Fayçal Tapsoba,30606.0,Left Center Back,73,Burkina Faso,4921,"['c244e320-428b-4a22-9a5d-c893414f0672', '4fc9a3b0-4c58-4142-a882-19ce2f82ff6e']",17,,,,,,,,,,,,,,,,,,,Burkina Faso,4921,00:02:17.293,Carry,
,,,,,"[2.6, 35.3]",,,,,,,,,,,,0.086538,,,,,,,,,,,,,fc1f2f72-4e06-4e94-bf75-3cbd9e4b90e6,1499,,"[2.4, 34.7]",3920402,47,,,,,,,,,,,,,,,,,,,,,,,,,2,Regular Play,Kouakou Herve Koffi,4388.0,Goalkeeper,73,Burkina Faso,4921,"['186a295e-e33a-4607-ad72-6fc290423cbd', 'c2cad29a-42de-46ed-a3d0-3bbe05033a09', '71f32901-26cf-4f49-9535-7ba6b6e39f1f']",19,,,,,,,,,,,,,,,,,,,Burkina Faso,4921,00:02:19.834,Carry,True
,,,,,"[13.1, 19.0]",,,,,,,,,,,,4.206049,,,,,,,,,,,,,074ee09b-4f3c-4e05-b9be-4a7e61d30eb8,1502,,"[5.5, 15.5]",3920402,47,,,,,,,,,,,,,,,,,,,,,,,,,2,Regular Play,Edmond Fayçal Tapsoba,30606.0,Left Center Back,73,Burkina Faso,4921,"['bb1d0ceb-95f0-4b12-9bb0-7fd3c2d78bcd', 'ffc26aa3-eb7f-4134-b942-770551bf5222', 'cd879ee7-f102-4d74-83be-13598f357c90']",21,,,,,,,,,,,,,,,,,,,Burkina Faso,4921,00:02:21.489,Carry,True
,,,,,"[86.9, 57.6]",,,,,,,,,,,,2.23349,,,,,,,,,,,,,13e17622-20a0-4da7-a66d-92ab6717f9d7,1516,,"[71.9, 59.2]",3920402,47,,,,,,,,,,,,,,,,,,,,,,,,,2,Regular Play,Mohamed El Amine Amoura,141358.0,Center Attacking Midfield,75,Algeria,4898,"['3d53ddf3-bbfa-426a-9ba3-707db51180bf', 'af635434-8200-4705-a8df-292a58581381']",58,,,,,,,,,,,,,,,,,,,Algeria,4898,00:02:58.776,Carry,
,,,,,"[56.0, 62.8]",,,,,,,,,,,,4.97621,,,,,,,,,,,,,c2a7876f-10ca-41dd-a7ad-8c28ee0d775d,1524,,"[29.4, 73.5]",3920402,48,,,,,,,,,,,,,,,,,,,,,,,,,2,From Counter,Gustavo Fabrice Sangaré,45466.0,Right Center Midfield,77,Burkina Faso,4921,"['b5e88f14-aa40-4973-b188-e578d8bbc213', '15fea9c2-a7b4-4a10-86bd-aef42c523f10']",12,,,,,,,,,,,,,,,,,,,Burkina Faso,4921,00:03:12.174,Carry,
,,,,,"[115.8, 59.9]",,,,,,,,,,,,3.747843,,,,,,,,,,,,,853c07aa-abfc-411f-9def-f6ed79c78c95,1527,,"[86.2, 75.8]",3920402,48,,,,,,,,,,,,,,,,,,,,,,,,,2,From Counter,Issa Kabore,35471.0,Right Midfield,77,Burkina Faso,4921,"['e22caecc-16b5-4e40-9823-0dcc971b6992', '402f8614-831d-4922-a0f1-dab480085a33']",18,,,,,,,,,,,,,,,,,,,Burkina Faso,4921,00:03:18.849,Carry,
,,,,,"[115.1, 2.0]",,,,,,,,,,,,0.68136,,,,,,,,,,,,,6be56a6f-7d5e-4887-b823-f3ddbdb67dfc,1535,,"[115.6, 1.7]",3920402,48,,,,,,,,,,,,,,,,,,,,,,,,,2,Regular Play,Abdoul Fessal Tapsoba,43705.0,Left Midfield,77,Burkina Faso,4921,"['68423166-2d67-44cb-b9a0-9cf48497977f', '5c678142-3b93-4870-9dbf-ba33208520aa']",29,,,,,,,,,,,,,,,,,,,Burkina Faso,4921,00:03:29.329,Carry,
,,,,,"[106.5, 11.8]",,,,,,,,,,,,1.572538,,,,,,,,,,,,,2088b94e-07de-47dd-8cfe-6b230fd56a14,1540,,"[109.2, 3.7]",3920402,48,,,,,,,,,,,,,,,,,,,,,,,,,2,Regular Play,Ibrahim Blati Touré,23999.0,Left Center Midfield,77,Burkina Faso,4921,"['a3e0bfd8-6d01-40fd-82f0-5beff8876929', 'eebc8d44-5212-4910-8561-f2d9d99e22b9', '4dc57143-fe0d-4233-b0c6-d3689d958231']",31,,,,,,,,,,,,,,,,,,,Burkina Faso,4921,00:03:31.802,Carry,True
,,,,,"[105.1, 30.3]",,,,,,,,,,,,1.295257,,,,,,,,,,,,,3324b5ef-32ef-4542-bc76-33a5a9014da0,1548,,"[106.5, 24.4]",3920402,48,,,,,,,,,,,,,,,,,,,,,,,,,2,Regular Play,Ibrahim Blati Touré,23999.0,Left Center Midfield,77,Burkina Faso,4921,"['3ab00f3f-15f5-4ce9-92a8-ded81abe17fb', '1ec16a31-55b7-4dae-a99d-d15a38fa3d8f', '7e0471d5-b4a2-4191-9245-be6a78fae6b7']",35,,,,,,,,,,,,,,,,,,,Burkina Faso,4921,00:03:35.224,Carry,True
,,,,,"[48.5, 77.5]",,,,,,,,,,,,1.344258,,,,,,,,,,,,,7dd1fddf-4f1f-4b89-bcad-af18154fd068,1560,,"[48.9, 78.1]",3920402,49,,,,,,,,,,,,,,,,,,,,,,,,,2,From Throw In,Gustavo Fabrice Sangaré,45466.0,Right Center Midfield,79,Burkina Faso,4921,"['5648dc90-18f3-4240-96ab-8da18fb5790f', '6a0d88ac-40ed-4ee7-9f81-2753a1a59b62', '550ac898-7292-46bf-86f2-40e0e3f9cd86']",33,,,,,,,,,,,,,,,,,,,Burkina Faso,4921,00:04:33.092,Carry,True
,,,,,"[72.3, 11.3]",,,,,,,,,,,,1.494924,,,,,,,,,,,,,44056dfe-f39f-4639-b2c8-e8d0bd3f9cf2,1563,,"[72.7, 6.2]",3920402,49,,,,,,,,,,,,,,,,,,,,,,,,,2,Regular Play,Mohamed Youcef Belaïli,103464.0,Left Wing,80,Algeria,4898,"['cfa6c650-a1a4-456a-a483-42ad5e976df6', 'bafb6582-89d4-4fa5-bebb-5e0d90940da9', 'ad8e4c69-c415-46fe-820f-8c5e40a5ee74']",35,,,,,,,,,,,,,,,,,,,Algeria,4898,00:04:35.249,Carry,True
,,,,,"[87.3, 23.9]",,,,,,,,,,,,0.814697,,,,,,,,,,,,,d2904b76-3ddc-4bf7-81e5-0b03aea1960c,1568,,"[88.0, 19.1]",3920402,49,,,,,,,,,,,,,,,,,,,,,,,,,2,Regular Play,Baghdad Bounedjah,103465.0,Center Forward,80,Algeria,4898,"['a9ec6d40-4987-4727-bedf-b59d92f638c0', 'fd391f34-8d86-4355-81a6-6762761db0ff', '1baaf46a-c651-439d-97f6-e4b3cf457687', '598f04bd-f589-4e15-811c-a5bbddd92f3f']",37,,,,,,,,,,,,,,,,,,,Algeria,4898,00:04:37.640,Carry,True
,,,,,"[17.1, 3.1]",,,,,,,,,,,,1.96345,,,,,,,,,,,,,9b04db77-24a9-41b3-ab7c-d8fc7305fa1f,1586,,"[19.8, 4.1]",3920402,51,,,,,,,,,,,,,,,,,,,,,,,,,2,Regular Play,Ramy Bensebaini,3191.0,Left Center Back,83,Algeria,4898,"['9f9baf9b-5a17-4366-a45d-6b6dd49baca4', '5ca0bddc-855b-4f9a-9560-31a9c12a6f50', '18ff585a-f14f-49d8-bfeb-5e7aaddf6081']",32,,,,,,,,,,,,,,,,,,,Algeria,4898,00:06:32.280,Carry,True
,,,,,"[49.4, 2.2]",,,,,,,,,,,,1.08087,,,,,,,,,,,,,7b99bc98-4136-4878-be2e-6a0d3f18a8c7,1596,,"[47.9, 1.4]",3920402,51,,,,,,,,,,,,,,,,,,,,,,,,,2,From Free Kick,Ramiz Larbi Zerrouki,38345.0,Left Defensive Midfield,84,Algeria,4898,"['2e9b9352-d2d7-461f-b3de-317476508e7b', '79cf08b1-9320-40c3-8b74-5ed4800ca2e5']",59,,,,,,,,,,,,,,,,,,,Algeria,4898,00:06:59.431,Carry,
,,,,,"[70.0, 1.2]",,,,,,,,,,,,1.648847,,,,,,,,,,,,,c477c839-e754-4b00-9582-ecc68664da38,1599,,"[62.0, 2.0]",3920402,52,,,,,,,,,,,,,,,,,,,,,,,,,2,From Free Kick,Mohamed Youcef Belaïli,103464.0,Left Wing,84,Algeria,4898,"['1d7999dc-d537-43d2-995f-220e3eb97f3b', 'aae3d9e5-bf0e-484e-b06e-99e94be94a7d']",1,,,,,,,,,,,,,,,,,,,Algeria,4898,00:07:01.382,Carry,
,,,,,"[108.3, 15.9]",,,,,,,,,,,,2.963645,,,,,,,,,,,,,b8d67491-8ed0-43d8-bdaf-0e41f87383ff,1602,,"[110.9, 2.9]",3920402,52,,,,,,,,,,,,,,,,,,,,,,,,,2,From Free Kick,Mohamed El Amine Amoura,141358.0,Center Attacking Midfield,84,Algeria,4898,"['7c684879-76dc-44af-9945-5f031e980571', '8f2990b7-d154-4435-ae71-5674ec9e364a']",5,,,,,,,,,,,,,,,,,,,Algeria,4898,00:07:05.928,Carry,
,,,,,"[50.6, 52.6]",,,,,,,,,,,,0.084892,,,,,,,,,,,,,459e8645-61d7-4860-be4c-281b2a8ee11a,1617,,"[50.2, 53.1]",3920402,52,,,,,,,,,,,,,,,,,,,,,,,,,2,Regular Play,Nabil Bentaleb,8520.0,Right Defensive Midfield,86,Algeria,4898,"['cf4ecebc-b653-4da2-a60e-67aee39c3d34', 'b86afb87-e658-4279-9c75-032f445b763f']",45,,,,,,,,,,,,,,,,,,,Algeria,4898,00:07:45.304,Carry,
,,,,,"[24.3, 26.2]",,,,,,,,,,,,1.196496,,,,,,,,,,,,,213a764f-98c0-42d0-859e-b64f96e28742,1620,,"[29.9, 35.3]",3920402,52,,,,,,,,,,,,,,,,,,,,,,,,,2,Regular Play,Ramy Bensebaini,3191.0,Left Center Back,86,Algeria,4898,"['ed0bfefb-1d86-4d8f-a8a0-f14dbcee3f8f', '0fdc677a-aae7-40d4-adbd-b1d2c5e9d16f', '767e5a05-2a43-4fcf-91ee-bc74870dddbe']",46,,,,,,,,,,,,,,,,,,,Algeria,4898,00:07:46.820,Carry,True
,,,,,"[105.2, 75.1]",,,,,,,,,,,,2.396635,,,,,,,,,,,,,63866b33-fc49-489c-bd04-1d5847db3c11,1625,,"[83.1, 68.8]",3920402,52,,,,,,,,,,,,,,,,,,,,,,,,,2,Regular Play,Issa Kabore,35471.0,Right Midfield,87,Burkina Faso,4921,"['435cbaa1-0124-4a48-8d93-8c2671e0ca85', '74998e79-381d-4090-9ee2-2ab73fc64c9c', '6325553b-fc67-4a80-99db-41a6ebb4e86e']",49,,,,,,,,,,,,,,,,,,,Burkina Faso,4921,00:07:49.311,Carry,True
,,,,,"[93.1, 59.7]",,,,,,,,,,,,0.697217,,,,,,,,,,,,,3211d613-09e1-4023-a40b-db91e6ee95e1,1638,,"[94.1, 53.9]",3920402,55,,,,,,,,,,,,,,,,,,,,,,,,,2,From Corner,Edmond Fayçal Tapsoba,30606.0,Left Center Back,89,Burkina Faso,4921,"['955884ad-6c20-4b76-986b-bc0fc76fc807', '0a94bbb9-2c87-4e2e-b7f7-aeccae2e46a1', 'f72ff1bb-f670-48e4-820c-d26c5231c78f']",58,,,,,,,,,,,,,,,,,,,Burkina Faso,4921,00:10:58.338,Carry,True
,,,,,"[91.6, 78.5]",,,,,,,,,,,,1.652531,,,,,,,,,,,,,fe4437aa-1c1a-453e-b480-175588052b24,1641,,"[92.7, 78.9]",3920402,56,,,,,,,,,,,,,,,,,,,,,,,,,2,From Corner,Gustavo Fabrice Sangaré,45466.0,Right Center Midfield,89,Burkina Faso,4921,"['6a0ee261-1363-4af7-9888-ce61abad4d89', 'c5c36a0d-240d-4a9d-9751-f6a5cf10d5cd']",0,,,,,,,,,,,,,,,,,,,Burkina Faso,4921,00:11:00.925,Carry,
,,,,,"[90.6, 78.1]",,,,,,,,,,,,0.899833,,,,,,,,,,,,,4bbe7761-5b71-48a1-80bc-33b7e7bf6550,1649,,"[90.4, 77.0]",3920402,56,,,,,,,,,,,,,,,,,,,,,,,,,2,From Throw In,Ibrahim Blati Touré,23999.0,Left Center Midfield,90,Burkina Faso,4921,"['d08d3e8d-d846-4271-a1cc-e7c7d5233c50', 'f4e6d9d6-f99b-4ee6-be46-b99de56cfebc', '4215cad3-939f-4b70-84bb-de87404a2c11']",14,,,,,,,,,,,,,,,,,,,Burkina Faso,4921,00:11:14.465,Carry,True
,,,,,"[97.8, 79.1]",,,,,,,,,,,,1.15514,,,,,,,,,,,,,a474888b-38f0-40a6-8116-63d9f5343ca5,1653,,"[95.1, 78.9]",3920402,56,,,,,,,,,,,,,,,,,,,,,,,,,2,From Throw In,Issa Kabore,35471.0,Right Midfield,90,Burkina Faso,4921,"['54f98994-7642-4c2e-90c1-bae1a21bd5df', 'a37af25b-baea-4b21-8eb0-7beae9107a83', 'e7680fbf-975d-4e38-a11b-ac01a9760085']",15,,,,,,,,,,,,,,,,,,,Burkina Faso,4921,00:11:15.808,Carry,True
,,,,,"[117.7, 63.8]",,,,,,,,,,,,2.224681,,,,,,,,,,,,,10e58111-899e-480f-bc75-5f5e3a53232d,1661,,"[111.2, 60.9]",3920402,56,,,,,,,,,,,,,,,,,,,,,,,,,2,From Throw In,Mohamed Konaté,43920.0,Center Forward,91,Burkina Faso,4921,"['68c5fc95-388d-4b88-87db-d4920b5827a2', 'a7163028-a8ba-441c-87c9-b1d8026c8ddb', 'de69125b-b300-459e-976a-5690f2f3159c', 'a80f0305-9ad3-4092-9142-14ffcec3251a']",25,,,,,,,,,,,,,,,,,,,Burkina Faso,4921,00:11:25.245,Carry,True
,,,,,"[50.8, 14.2]",,,,,,,,,,,,0.956273,,,,,,,,,,,,,004a26e3-eada-46a3-9c8d-98e08a09311b,1669,,"[49.3, 17.7]",3920402,56,,,,,,,,,,,,,,,,,,,,,,,,,2,From Goal Kick,Ramiz Larbi Zerrouki,38345.0,Left Defensive Midfield,92,Algeria,4898,"['a0ae1255-b502-4a28-b40e-6f58ddbf785e', '9d5b54b9-3545-47d7-9192-12a8219ff2f9']",47,,,,,,,,,,,,,,,,,,,Algeria,4898,00:11:47.588,Carry,
,,,,,"[70.4, 3.1]",,,,,,,,,,,,2.30813,,,,,,,,,,,,,81d72c0c-361e-4d82-9a27-3822bb406f2c,1672,,"[76.4, 1.4]",3920402,56,,,,,,,,,,,,,,,,,,,,,,,,,2,From Goal Kick,Mohamed Youcef Belaïli,103464.0,Left Wing,92,Algeria,4898,"['fa28f874-19c3-4b82-931e-9693c7251214', 'bf01eacf-03bb-4de3-9dd9-d709b84d45ec', 'ac62bc8c-59d9-4c4a-9157-2999897a8e7c']",50,,,,,,,,,,,,,,,,,,,Algeria,4898,00:11:50.687,Carry,True
,,,,,"[58.2, 8.9]",,,,,,,,,,,,0.399999,,,,,,,,,,,,,7d1c44da-fe98-43cc-93fb-1b1a10237560,1676,,"[57.4, 10.7]",3920402,56,,,,,,,,,,,,,,,,,,,,,,,,,2,From Goal Kick,Ramiz Larbi Zerrouki,38345.0,Left Defensive Midfield,92,Algeria,4898,"['5fe85b9e-bb6a-4de2-93b9-ac2e2e13ab35', 'b9ea04cc-e03f-41c3-9b02-f6eb7c303f47']",54,,,,,,,,,,,,,,,,,,,Algeria,4898,00:11:54.195,Carry,
,,,,,"[70.0, 6.2]",,,,,,,,,,,,1.404401,,,,,,,,,,,,,88c92193-335f-4655-ba1b-4da29fc3f0bd,1679,,"[64.4, 5.0]",3920402,56,,,,,,,,,,,,,,,,,,,,,,,,,2,From Goal Kick,Mohamed Youcef Belaïli,103464.0,Left Wing,92,Algeria,4898,"['2dcdcafc-1be7-402f-b7ba-007dd596ce8e', 'aa9ffa4b-4a57-4462-8ff2-514218d87f3e']",55,,,,,,,,,,,,,,,,,,,Algeria,4898,00:11:55.321,Carry,
,,,,,"[104.7, 24.8]",,,,,,,,,,,,5.115496,,,,,,,,,,,,,a2e96b50-5cbe-45be-85a9-ad1a346ce735,1682,,"[100.6, 4.5]",3920402,56,,,,,,,,,,,,,,,,,,,,,,,,,2,From Goal Kick,Mohamed El Amine Amoura,141358.0,Center Attacking Midfield,92,Algeria,4898,"['e42d0daf-884f-4f36-bd89-51e5ccbf7753', 'c650c7b3-219d-4fc8-896c-6cd01a5b393f', 'dd42b524-9a5b-4ae1-b750-ae0b2cee7733']",58,,,,,,,,,,,,,,,,,,,Algeria,4898,00:11:58.613,Carry,True
,,,,,"[15.6, 60.6]",,,,,,,,,,,,0.566294,,,,,,,,,,,,,0838b268-9427-423c-b953-c0f548404b8f,1689,,"[15.1, 59.9]",3920402,57,,,,,,,,,,,,,,,,,,,,,,,,,2,From Goal Kick,Issa Kabore,35471.0,Right Midfield,92,Algeria,4898,"['8defb897-0fa9-4d94-acba-442a79d677e8', '1cd696ca-9503-4dee-8fce-db67fa1d18a7']",5,,,,,,,,,,,,,,,,,,,Burkina Faso,4921,00:12:05.932,Carry,
,,,,,"[101.0, 3.3]",,,,,,,,,,,,4.276493,,,,,,,,,,,,,01c57488-ec3c-49ca-a9a6-bad3d10338f6,1693,,"[108.0, 1.4]",3920402,57,,,,,,,,,,,,,,,,,,,,,,,,,2,From Goal Kick,Rayan Aït Nouri,12111.0,Left Back,92,Algeria,4898,"['287dfd4a-e9b0-4bab-b165-e6a1d21a8d29', 'a47532a7-7c08-482a-b9b7-f803d8e67e0e', '8c5078eb-3b4f-4c09-bdb5-e52e3c7bbe2e']",8,,,,,,,,,,,,,,,,,,,Algeria,4898,00:12:08.620,Carry,True
,,,,,"[113.6, 7.6]",,,,,,,,,,,,3.702736,,,,,,,,,,,,,d9e79fd9-ae69-4e28-8fe3-c3f504ae13b3,1697,,"[99.1, 9.6]",3920402,57,,,,,,,,,,,,,,,,,,,,,,,,,2,From Goal Kick,Mohamed Youcef Belaïli,103464.0,Left Wing,92,Algeria,4898,"['616893bb-bb9a-4131-a02c-51b7162dfd09', 'c5dc0fb0-7d7d-464b-9400-2d1966b26c8e', '61de54bf-bd05-4df1-9d85-e7dff4d867e3']",13,,,,,,,,,,,,,,,,,,,Algeria,4898,00:12:13.865,Carry,True
,,,,,"[106.2, 72.0]",,,,,,,,,,,,0.068881,,,,,,,,,,,,,9a0108cf-d537-4bca-9eda-bd72ac87b862,1702,,"[106.2, 71.2]",3920402,57,,,,,,,,,,,,,,,,,,,,,,,,,2,From Goal Kick,Riyad Mahrez,3814.0,Right Wing,92,Algeria,4898,"['546a8f6a-fc6e-44ae-b401-be281a935ad3', 'f6f289f8-7912-4274-8b1d-485deadda4a3', '7103c42a-9d20-456a-a904-da29eb663538']",22,,,,,,,,,,,,,,,,,,,Algeria,4898,00:12:22.341,Carry,True
,,,,,"[79.3, 68.5]",,,,,,,,,,,,0.799999,,,,,,,,,,,,,9b5ec5a9-29bc-4115-acb0-dacdd4baee9e,1705,,"[82.6, 70.4]",3920402,57,,,,,,,,,,,,,,,,,,,,,,,,,2,From Goal Kick,Youcef Atal,10040.0,Right Back,92,Algeria,4898,"['4abfa80a-6861-4d14-890d-72235eaac972', '0932288a-cb93-42ab-ad46-979bd769591c']",24,,,,,,,,,,,,,,,,,,,Algeria,4898,00:12:24.590,Carry,
,,,,,"[72.1, 49.7]",,,,,,,,,,,,0.424691,,,,,,,,,,,,,01031d3e-59f5-42a4-aaea-973a03f1704e,1708,,"[70.4, 50.5]",3920402,57,,,,,,,,,,,,,,,,,,,,,,,,,2,From Goal Kick,Aïssa Mandi,6648.0,Right Center Back,92,Algeria,4898,"['61896044-8e77-43d3-affb-4b712d46e581', '6e7025ed-b3cd-49d3-ac4d-edb65278d06c']",27,,,,,,,,,,,,,,,,,,,Algeria,4898,00:12:27.144,Carry,
,,,,,"[77.5, 27.9]",,,,,,,,,,,,1.396718,,,,,,,,,,,,,d9d7d820-7bc8-4125-a380-2bd50a3f355e,1711,,"[76.8, 31.6]",3920402,57,,,,,,,,,,,,,,,,,,,,,,,,,2,From Goal Kick,Ramy Bensebaini,3191.0,Left Center Back,92,Algeria,4898,"['314e029c-263d-42e4-9cef-9651124a698b', 'eafee320-8aca-4acc-a67b-a6f2f7824b2d']",28,,,,,,,,,,,,,,,,,,,Algeria,4898,00:12:28.599,Carry,
,,,,,"[77.8, 15.9]",,,,,,,,,,,,1.791502,,,,,,,,,,,,,d8ee0cd3-beff-4f26-883f-96ec8bcff6ee,1714,,"[76.4, 18.4]",3920402,57,,,,,,,,,,,,,,,,,,,,,,,,,2,From Goal Kick,Ramiz Larbi Zerrouki,38345.0,Left Defensive Midfield,92,Algeria,4898,"['4df5817e-0512-454f-a6b1-b865b0153bd6', '6be7c58b-8ec3-4535-81b0-aa2ff1a34b96']",31,,,,,,,,,,,,,,,,,,,Algeria,4898,00:12:31.114,Carry,
,,,,,"[70.2, 28.5]",,,,,,,,,,,,2.039998,,,,,,,,,,,,,38a12748-4aae-4b6e-a12a-bb3ab5b23887,1717,,"[67.3, 27.6]",3920402,57,,,,,,,,,,,,,,,,,,,,,,,,,2,From Goal Kick,Ramy Bensebaini,3191.0,Left Center Back,92,Algeria,4898,"['70bebcb8-a8e9-4d78-bbc0-030d36e00daa', 'e514abfd-b873-4996-ae48-3b44778f9161']",34,,,,,,,,,,,,,,,,,,,Algeria,4898,00:12:34.472,Carry,
,,,,,"[71.2, 51.8]",,,,,,,,,,,,1.287461,,,,,,,,,,,,,06f74c67-c79b-46be-97cb-83e31a43813c,1720,,"[70.4, 50.1]",3920402,57,,,,,,,,,,,,,,,,,,,,,,,,,2,From Goal Kick,Aïssa Mandi,6648.0,Right Center Back,92,Algeria,4898,"['c2575641-0384-4801-8004-ef86870a1ec8', '0273e3af-ea2f-4424-b46d-75cb674ca200']",37,,,,,,,,,,,,,,,,,,,Algeria,4898,00:12:37.770,Carry,
,,,,,"[91.5, 58.8]",,,,,,,,,,,,3.574184,,,,,,,,,,,,,a8c89e52-39e6-448f-8371-d8259f043e48,1723,,"[94.1, 74.1]",3920402,57,,,,,,,,,,,,,,,,,,,,,,,,,2,From Goal Kick,Riyad Mahrez,3814.0,Right Wing,92,Algeria,4898,"['4ed2f35d-3d00-4441-8090-0cb715a65ab3', '44ec7341-b420-42ca-8767-14b65c38dcae']",40,,,,,,,,,,,,,,,,,,,Algeria,4898,00:12:40.854,Carry,
,,,,,"[89.0, 40.7]",,,,,,,,,,,,0.883298,,,,,,,,,,,,,7e5812b8-d036-4b16-875d-0d033494eb7e,1726,,"[88.6, 41.5]",3920402,57,,,,,,,,,,,,,,,,,,,,,,,,,2,From Goal Kick,Nabil Bentaleb,8520.0,Right Defensive Midfield,92,Algeria,4898,"['32918d7f-3e69-476c-a9d9-2774a30cb918', '7bc8f462-40b1-4155-9fd6-24aba9808d05', '13350715-003c-434e-a313-3c7d46af2c72']",45,,,,,,,,,,,,,,,,,,,Algeria,4898,00:12:45.286,Carry,True
,,,,,"[86.9, 28.1]",,,,,,,,,,,,1.428126,,,,,,,,,,,,,ab6e9496-b57c-4532-9134-0037eac4d7e4,1730,,"[86.9, 28.3]",3920402,57,,,,,,,,,,,,,,,,,,,,,,,,,2,From Goal Kick,Ramiz Larbi Zerrouki,38345.0,Left Defensive Midfield,92,Algeria,4898,"['6308dc63-1356-414a-91bd-38cb0070ec55', 'e9ec4ad6-df46-4c0e-8106-f632c0e7fda5']",47,,,,,,,,,,,,,,,,,,,Algeria,4898,00:12:47.274,Carry,
,,,,,"[89.0, 16.7]",,,,,,,,,,,,0.58739,,,,,,,,,,,,,b5a58eda-6e55-43f5-9c65-8732f4a24f86,1733,,"[84.7, 18.7]",3920402,57,,,,,,,,,,,,,,,,,,,,,,,,,2,From Goal Kick,Rayan Aït Nouri,12111.0,Left Back,92,Algeria,4898,"['d2255dd8-12d2-4d36-9f3d-f8cd17c6d191', '38e70648-b73c-45cb-a92d-5c080275fc59']",49,,,,,,,,,,,,,,,,,,,Algeria,4898,00:12:49.637,Carry,
,,,,,"[107.2, 10.5]",,,,,,,,,,,,3.832001,,,,,,,,,,,,,1d89b20d-3f3f-4a2f-ae55-ef2e3746ea78,1736,,"[103.7, 6.8]",3920402,57,,,,,,,,,,,,,,,,,,,,,,,,,2,From Goal Kick,Mohamed Youcef Belaïli,103464.0,Left Wing,92,Algeria,4898,"['94fb74a1-4191-4bf4-889f-1e95239f433d', '6c996b35-6e52-44fb-ac26-e3d5bfb31746', 'b3f1a7e2-7aa4-4816-868a-fb1381462cf2']",51,,,,,,,,,,,,,,,,,,,Algeria,4898,00:12:51.866,Carry,True
,,,,,"[59.4, 41.1]",,,,,,,,,,,,3.962855,,,,,,,,,,,,,1fcdbebd-4726-4761-8f0f-e297463f3df7,1749,,"[57.4, 40.7]",3920402,59,,,,,,,,,,,,,,,,,,,,,,,,,2,From Goal Kick,Ibrahim Blati Touré,23999.0,Left Center Midfield,93,Burkina Faso,4921,"['df74ea75-f518-4637-b708-e015f0d48f6b', '32b1494e-f0b9-4dab-a6b5-a79230ee4bd6']",57,,,,,,,,,,,,,,,,,,,Burkina Faso,4921,00:14:57.191,Carry,
,,,,,"[117.3, 67.3]",,,,,,,,,,,,4.789661,,,,,,,,,,,,,8dddecb5-d7be-4a08-8826-9b44fd3df074,1753,,"[113.1, 79.3]",3920402,60,,,,,,,,,,,,,,,,,,,,,,,,,2,From Goal Kick,Issa Kabore,35471.0,Right Midfield,93,Burkina Faso,4921,"['36b2a430-3e34-4dd5-b4a6-d928fd647769', 'b059fbf6-678f-4b9c-85d9-2c37284480f3']",4,,,,,,,,,,,,,,,,,,,Burkina Faso,4921,00:15:04.765,Carry,
,,,,,"[2.0, 10.5]",,,,,,,,,,,,1.177449,,,,,,,,,,,,,378a3c74-5ad8-4eda-903d-74024b1e4cc1,1756,,"[2.8, 12.8]",3920402,60,,,,,,,,,,,,,,,,,,,,,,,,,2,From Goal Kick,Rayan Aït Nouri,12111.0,Left Back,93,Burkina Faso,4921,"['f946786a-6b7a-4742-8c34-8b8bd3c043f6', 'ac6c1248-59ac-45ca-87d2-51fd3cf87121', '9dfbd291-bed8-4345-b086-f48185570bab']",9,,,,,,,,,,,,,,,,,,,Algeria,4898,00:15:09.554,Carry,True
,,,,,"[118.5, 65.7]",,,,,,,,,,,,1.650711,,,,,,,,,,,,,a5b0a3da-b83d-43bb-9f30-01114dcd4c4c,1760,,"[118.1, 69.6]",3920402,60,,,,,,,,,,,,,,,,,,,,,,,,,2,From Goal Kick,Issa Kabore,35471.0,Right Midfield,93,Burkina Faso,4921,"['4e846d5f-353b-434d-b479-1fe36e415501', '1ad1db8f-2d67-495d-b02b-fcf814bba919', 'f4ad41a1-de52-45ef-b991-e1d5b5410d46']",10,,,,,,,,,,,,,,,,,,,Burkina Faso,4921,00:15:10.732,Carry,True
,,,,,"[45.8, 24.4]",,,,,,,,,,,,2.123079,,,,,,,,,,,,,19c1d2b2-04d5-422b-8a9d-5bb1b9b4b9df,1772,,"[40.4, 25.0]",3920402,60,,,,,,,,,,,,,,,,,,,,,,,,,2,Regular Play,Edmond Fayçal Tapsoba,30606.0,Left Center Back,95,Burkina Faso,4921,"['d07b1e36-07ae-4583-96dd-72609fa9debd', 'd5aad2d6-15eb-4118-9a31-f303a7ded131', '155a888c-1a77-4507-88d5-7fdb08babe08']",29,,,,,,,,,,,,,,,,,,,Burkina Faso,4921,00:15:29.476,Carry,True
,,,,,"[46.8, 25.0]",,,,,,,,,,,,0.505032,,,,,,,,,,,,,5240e505-faed-448c-b283-e6c9967041b0,1776,,"[45.8, 24.4]",3920402,60,,,,,,,,,,,,,,,,,,,,,,,,,2,Regular Play,Edmond Fayçal Tapsoba,30606.0,Left Center Back,95,Burkina Faso,4921,"['4118a9c2-499f-44d8-be18-d915870b5a3c', 'a5906be8-2415-4e81-b780-ed7226222159', 'd5aad2d6-15eb-4118-9a31-f303a7ded131']",31,,,,,,,,,,,,,,,,,,,Burkina Faso,4921,00:15:31.599,Carry,True
,,,,,"[58.8, 12.4]",,,,,,,,,,,,1.219523,,,,,,,,,,,,,a11539e6-68a5-4df9-a0f9-6b0471d5dc6b,1779,,"[58.4, 13.7]",3920402,60,,,,,,,,,,,,,,,,,,,,,,,,,2,Regular Play,Steeve Yago,3035.0,Left Back,95,Burkina Faso,4921,"['a1918144-fea5-4a56-9d8e-e38ac8cf757b', 'debd4c09-6e07-431d-bff6-0702874cdf77']",33,,,,,,,,,,,,,,,,,,,Burkina Faso,4921,00:15:33.019,Carry,
,,,,,"[69.1, 7.2]",,,,,,,,,,,,1.65573,,,,,,,,,,,,,f1cb1d85-561b-4bbd-95a1-bd227cbe787a,1782,,"[69.3, 3.3]",3920402,60,,,,,,,,,,,,,,,,,,,,,,,,,2,Regular Play,Ibrahim Blati Touré,23999.0,Left Center Midfield,95,Burkina Faso,4921,"['b6c92d69-6bd5-461f-8fdd-b90353c070ee', '52b579be-234e-4aa8-b93f-90fba79206ea']",35,,,,,,,,,,,,,,,,,,,Burkina Faso,4921,00:15:35.216,Carry,
,,,,,"[81.1, 34.9]",,,,,,,,,,,,1.428945,,,,,,,,,,,,,2497ce08-0fc9-4830-90d3-d5bc431d10e6,1786,,"[86.6, 32.6]",3920402,60,,,,,,,,,,,,,,,,,,,,,,,,,2,Regular Play,Mohamed Konaté,43920.0,Center Forward,95,Burkina Faso,4921,"['445a6717-a026-4051-9a66-e0e6ebb71b8d', '00558b1c-fa47-4399-a7f1-cd69b221eccc', '9f003646-04ca-4ec2-92a4-748a4c731ce4']",38,,,,,,,,,,,,,,,,,,,Burkina Faso,4921,00:15:38.559,Carry,True
,,,,,"[69.1, 30.4]",,,,,,,,,,,,0.81618,,,,,,,,,,,,,276c1536-1434-442b-a071-bbdf5d1289b1,1789,,"[69.7, 31.8]",3920402,60,,,,,,,,,,,,,,,,,,,,,,,,,2,Regular Play,Ismahila Ouédraogo,106681.0,Center Defensive Midfield,95,Burkina Faso,4921,"['d76f3092-ec8a-46a7-9e64-dcd4cf4957c0', '2c76ebc8-4de7-4a26-8cb7-9ed8b948371e', 'fa72d3a2-74da-4db5-bd0a-47d8ebb3b009']",40,,,,,,,,,,,,,,,,,,,Burkina Faso,4921,00:15:40.701,Carry,True
,,,,,"[56.1, 41.5]",,,,,,,,,,,,5.062387,,,,,,,,,,,,,5cf6fe15-2367-4025-a857-82594b0e1593,1795,,"[52.8, 28.9]",3920402,60,,,,,,,,,,,,,,,,,,,,,,,,,2,Regular Play,Edmond Fayçal Tapsoba,30606.0,Left Center Back,95,Burkina Faso,4921,"['0be16e9c-16f5-4154-a924-a16bf6a4bbf6', 'e67376ec-bb3f-43ec-8f85-75723c2eef66']",44,,,,,,,,,,,,,,,,,,,Burkina Faso,4921,00:15:44.374,Carry,
,,,,,"[55.3, 70.4]",,,,,,,,,,,,1.832583,,,,,,,,,,,,,1f7cec46-17e2-4e7e-92f0-9ef4314346cc,1798,,"[56.0, 70.1]",3920402,60,,,,,,,,,,,,,,,,,,,,,,,,,2,Regular Play,Adamo Nagalo,99280.0,Right Back,95,Burkina Faso,4921,"['3393e2f0-472f-42ae-a86f-f30dce5945e8', 'e3ef2dbe-5403-43c0-ba75-d72d858797e3']",51,,,,,,,,,,,,,,,,,,,Burkina Faso,4921,00:15:51.036,Carry,
,,,,,"[80.8, 20.4]",,,,,,,,,,,,3.094189,,,,,,,,,,,,,d60666da-9f23-44ef-90b1-593fc7079f00,1808,,"[68.7, 4.9]",3920402,61,,,,,,,,,,,,,,,,,,,,,,,,,2,From Free Kick,Rayan Aït Nouri,12111.0,Left Back,96,Algeria,4898,"['f1f5c5cf-24ce-41e3-9724-1485f48a6468', 'dce38882-72e9-44a5-847a-7e44f748fad2']",56,,,,,,,,,,,,,,,,,,,Algeria,4898,00:16:56.934,Carry,
,,,,,"[75.2, 32.2]",,,,,,,,,,,,0.603236,,,,,,,,,,,,,51521ad9-78c1-44f0-9506-6daebcde53a0,1811,,"[75.2, 32.4]",3920402,62,,,,,,,,,,,,,,,,,,,,,,,,,2,From Free Kick,Nabil Bentaleb,8520.0,Right Defensive Midfield,96,Algeria,4898,"['0b7c1276-0db3-40ae-abb2-cea95d15c575', '58a79c63-0d8b-4ac3-9b20-2eadf508a419']",0,,,,,,,,,,,,,,,,,,,Algeria,4898,00:17:00.687,Carry,
,,,,,"[71.2, 75.9]",,,,,,,,,,,,0.971716,,,,,,,,,,,,,daf0dc67-883f-4d3c-ba2b-e12a5690b7a1,1816,,"[70.2, 75.5]",3920402,62,,,,,,,,,,,,,,,,,,,,,,,,,2,From Free Kick,Youcef Atal,10040.0,Right Back,96,Algeria,4898,"['fd2caea8-4d31-40ba-b632-66c80c867439', 'bd795d1c-5528-45ce-a206-04c7a61fb0b3']",5,,,,,,,,,,,,,,,,,,,Algeria,4898,00:17:05.241,Carry,
,,,,,"[26.3, 2.9]",,,,,,,,,,,,1.344755,,,,,,,,,,,,,574e3f1b-536b-4bcc-8086-200a4cceaed7,1820,,"[25.9, 7.6]",3920402,62,,,,,,,,,,,,,,,,,,,,,,,,,2,Regular Play,Steeve Yago,3035.0,Left Back,97,Burkina Faso,4921,"['31ae5aac-6b96-4fa6-be9a-5e4cd41ba6c0', 'ea059458-b562-498b-9682-dd69c96dca57', 'baedb33a-2a21-4ec9-a06f-365df9f7329c']",7,,,,,,,,,,,,,,,,,,,Burkina Faso,4921,00:17:07.715,Carry,True
,,,,,"[24.9, 58.9]",,,,,,,,,,,,1.773183,,,,,,,,,,,,,335d5802-92d0-4575-bbbc-e685e4382641,1828,,"[24.7, 52.5]",3920402,62,,,,,,,,,,,,,,,,,,,,,,,,,2,From Free Kick,Issoufou Dayo,102800.0,Right Center Back,98,Burkina Faso,4921,"['89ca643f-d36d-4b51-8edd-ba07c3f700f2', '06b32bdd-4cf8-4c65-9fce-6a44656e1b47']",31,,,,,,,,,,,,,,,,,,,Burkina Faso,4921,00:17:31.924,Carry,
,,,,,"[68.7, 17.7]",,,,,,,,,,,,1.795732,,,,,,,,,,,,,ca80c6bd-1709-4ea9-b315-0c48a809b489,1833,,"[70.6, 7.4]",3920402,62,,,,,,,,,,,,,,,,,,,,,,,,,2,From Free Kick,Mohamed Youcef Belaïli,103464.0,Left Wing,98,Burkina Faso,4921,"['84e162b8-cbf7-4936-8ae2-5893278347f5', '7ceb499c-be81-4246-8987-9e1e7b5bae23', '67744d73-94e8-4f79-8329-334c9252eb33']",37,,,,,,,,,,,,,,,,,,,Algeria,4898,00:17:37.587,Carry,True
,,,,,"[58.0, 50.9]",,,,,,,,,,,,3.599998,,,,,,,,,,,,,257713e5-e3d9-4172-b612-5a6e1f3d7bc1,1852,,"[50.2, 51.2]",3920402,63,,,,,,,,,,,,,,,,,,,,,,,,,2,Regular Play,Nabil Bentaleb,8520.0,Right Defensive Midfield,101,Algeria,4898,"['631a8fc9-7fc3-4642-892b-53fc0fc7dc99', '18767bea-d05f-4dc7-84c7-af092e9929fb']",30,,,,,,,,,,,,,,,,,,,Algeria,4898,00:18:30.967,Carry,
,,,,,"[105.2, 29.1]",,,,,,,,,,,,4.680019,,,,,,,,,,,,,7db49230-bf87-4a59-9873-945052107229,1855,,"[72.9, 10.3]",3920402,63,,,,,,,,,,,,,,,,,,,,,,,,,2,Regular Play,Mohamed Youcef Belaïli,103464.0,Left Wing,101,Algeria,4898,"['3301348e-eeb6-4091-b807-c9b5ee3551a8', '7d10e4a9-9ab3-4527-a983-a8a8e253bbda', '0b08d5d3-2114-4c97-86da-3acb949d8b62']",36,,,,,,,,,,,,,,,,,,,Algeria,4898,00:18:36.611,Carry,True
,,,,,"[10.9, 58.9]",,,,,,,,,,,,2.873107,,,,,,,,,,,,,98bffcbd-bf83-478f-9af4-4e2a74f330f4,1862,,"[4.4, 57.8]",3920402,63,,,,,,,,,,,,,,,,,,,,,,,,,2,Regular Play,Kouakou Herve Koffi,4388.0,Goalkeeper,102,Burkina Faso,4921,"['cad9ab84-2410-4443-ba8b-8aab67daf125', 'bf31eb0a-080a-4387-b933-6a032b1a0c14']",44,,,,,,,,,,,,,,,,,,,Burkina Faso,4921,00:18:44.150,Carry,
,,,,,"[54.5, 68.7]",,,,,,,,,,,,3.91327,,,,,,,,,,,,,a0268479-ff00-452e-8767-0b1085b80e5e,1865,,"[31.1, 63.6]",3920402,63,,,,,,,,,,,,,,,,,,,,,,,,,2,Regular Play,Gustavo Fabrice Sangaré,45466.0,Right Center Midfield,102,Burkina Faso,4921,"['da2c9e26-b18a-4a91-85eb-dee169e2c704', 'c35c3a05-866f-47d0-8143-9b9479bbb3f4']",48,,,,,,,,,,,,,,,,,,,Burkina Faso,4921,00:18:48.769,Carry,
,,,,,"[57.7, 78.9]",,,,,,,,,,,,3.164409,,,,,,,,,,,,,2c12a3ca-6ac1-44b4-a982-762f048e4ac0,1869,,"[69.9, 66.1]",3920402,63,,,,,,,,,,,,,,,,,,,,,,,,,2,Regular Play,Bertrand Isidore Traoré,2956.0,Center Forward,102,Burkina Faso,4921,"['a86dd587-579c-41dd-8c40-e926d9d3e7cf', 'bfad3f29-972f-4db0-a380-3baad5d1f0e2', '7b05e4bf-4314-4550-9ff0-f2f05cdeabb8']",53,,,,,,,,,,,,,,,,,,,Burkina Faso,4921,00:18:53.948,Carry,True
,,,,,"[45.3, 75.8]",,,,,,,,,,,,1.239816,,,,,,,,,,,,,e6f09ec5-0b99-4a98-beb5-929b1046bdeb,1872,,"[41.8, 73.1]",3920402,63,,,,,,,,,,,,,,,,,,,,,,,,,2,Regular Play,Adamo Nagalo,99280.0,Right Back,102,Burkina Faso,4921,"['de263a1b-e2f4-4a19-bc61-d1efd151f36b', '1c6ff2b6-7b75-44ac-9d89-adc032ae84e8']",58,,,,,,,,,,,,,,,,,,,Burkina Faso,4921,00:18:58.464,Carry,
,,,,,"[48.5, 66.3]",,,,,,,,,,,,0.137771,,,,,,,,,,,,,48729b45-4ecb-488d-baea-387601022d96,1875,,"[49.1, 65.9]",3920402,64,,,,,,,,,,,,,,,,,,,,,,,,,2,Regular Play,Ibrahim Blati Touré,23999.0,Left Center Midfield,102,Burkina Faso,4921,"['a760bf67-5104-4d93-a943-7c419fc5cd20', 'd2c7077d-195e-4aa0-8505-c48a7f36664c']",0,,,,,,,,,,,,,,,,,,,Burkina Faso,4921,00:19:00.843,Carry,
,,,,,"[43.1, 74.7]",,,,,,,,,,,,0.080067,,,,,,,,,,,,,6455938c-d44a-49e4-a092-61fd09937c09,1878,,"[43.7, 73.9]",3920402,64,,,,,,,,,,,,,,,,,,,,,,,,,2,Regular Play,Adamo Nagalo,99280.0,Right Back,102,Burkina Faso,4921,"['cc034c1f-ca21-4a6f-a605-f4593c0e6376', '145086b3-a3bc-4e33-b0d1-517d23fa1197']",1,,,,,,,,,,,,,,,,,,,Burkina Faso,4921,00:19:01.609,Carry,
,,,,,"[30.6, 53.1]",,,,,,,,,,,,1.79522,,,,,,,,,,,,,decba1c4-913e-4c3e-99df-263aa06fcc84,1881,,"[29.5, 62.4]",3920402,64,,,,,,,,,,,,,,,,,,,,,,,,,2,Regular Play,Issoufou Dayo,102800.0,Right Center Back,102,Burkina Faso,4921,"['eeead2dc-c0e7-47c6-8ed2-344a94f499e8', '3540a99e-8b4e-4f29-af01-7f1701df311f']",3,,,,,,,,,,,,,,,,,,,Burkina Faso,4921,00:19:03.464,Carry,
,,,,,"[51.8, 28.7]",,,,,,,,,,,,4.853621,,,,,,,,,,,,,8ef39aae-ba66-452b-a3fb-810d4ad86c4f,1884,,"[44.9, 26.2]",3920402,64,,,,,,,,,,,,,,,,,,,,,,,,,2,Regular Play,Edmond Fayçal Tapsoba,30606.0,Left Center Back,102,Burkina Faso,4921,"['914d70c0-78cc-4941-935e-ef3f767d50b7', '079ef074-a563-4979-b9d5-822b5a41e36c']",6,,,,,,,,,,,,,,,,,,,Burkina Faso,4921,00:19:06.915,Carry,
,,,,,"[55.6, 48.3]",,,,,,,,,,,,1.401063,,,,,,,,,,,,,d5de9f03-b188-48a8-b19e-1b3e9d481055,1887,,"[56.0, 47.5]",3920402,64,,,,,,,,,,,,,,,,,,,,,,,,,2,Regular Play,Ibrahim Blati Touré,23999.0,Left Center Midfield,102,Burkina Faso,4921,"['0cc3daf7-ddc7-400f-a3c2-17ec76c4d681', '80af2d51-56a3-40fc-8d23-056b8d042f1e']",13,,,,,,,,,,,,,,,,,,,Burkina Faso,4921,00:19:13.230,Carry,
,,,,,"[71.2, 53.5]",,,,,,,,,,,,0.724313,,,,,,,,,,,,,1e535d85-1d5b-415d-a8e9-33911b8cbd65,1890,,"[72.8, 51.2]",3920402,64,,,,,,,,,,,,,,,,,,,,,,,,,2,Regular Play,Bertrand Isidore Traoré,2956.0,Center Forward,102,Burkina Faso,4921,"['a0e48582-5bbd-44c7-9585-574a09582ef5', '8ac7183c-be3d-4ac1-a5ea-8792567183f4']",15,,,,,,,,,,,,,,,,,,,Burkina Faso,4921,00:19:15.902,Carry,
,,,,,"[64.1, 58.9]",,,,,,,,,,,,0.506174,,,,,,,,,,,,,6503951b-c6a1-4e21-bbd3-0c2366eaa41d,1893,,"[63.5, 57.6]",3920402,64,,,,,,,,,,,,,,,,,,,,,,,,,2,Regular Play,Gustavo Fabrice Sangaré,45466.0,Right Center Midfield,102,Burkina Faso,4921,"['64b1e86d-670b-4a18-bbf2-f01242681cc2', '3d5a5db8-59d4-4fd3-9c6c-a87b97dbca63']",17,,,,,,,,,,,,,,,,,,,Burkina Faso,4921,00:19:17.275,Carry,
,,,,,"[84.8, 76.4]",,,,,,,,,,,,1.289401,,,,,,,,,,,,,951c09e1-12f0-4c82-ba19-91dc7e095552,1903,,"[84.2, 77.5]",3920402,64,,,,,,,,,,,,,,,,,,,,,,,,,2,Regular Play,Issa Kabore,35471.0,Right Midfield,104,Burkina Faso,4921,"['193f3731-3b32-4dec-a87e-5d8381fac51d', '15aaf9fa-87f3-4bd3-b4a1-72d14bb77db8']",31,,,,,,,,,,,,,,,,,,,Burkina Faso,4921,00:19:31.239,Carry,
,,,,,"[81.1, 66.9]",,,,,,,,,,,,0.574154,,,,,,,,,,,,,2d8a9733-3a20-46a3-bb24-f5c3ce583d2f,1906,,"[81.7, 71.2]",3920402,64,,,,,,,,,,,,,,,,,,,,,,,,,2,Regular Play,Gustavo Fabrice Sangaré,45466.0,Right Center Midfield,104,Burkina Faso,4921,"['7cacf87b-e0c2-410f-af43-7a434b242b42', 'a3f16f53-714a-40ef-a661-dbefb148cec1']",33,,,,,,,,,,,,,,,,,,,Burkina Faso,4921,00:19:33.418,Carry,
,,,,,"[91.2, 52.0]",,,,,,,,,,,,0.748335,,,,,,,,,,,,,d9f74489-0cd8-4d98-bf0d-3fc72ba84719,1909,,"[91.4, 51.8]",3920402,64,,,,,,,,,,,,,,,,,,,,,,,,,2,Regular Play,Ibrahim Blati Touré,23999.0,Left Center Midfield,104,Burkina Faso,4921,"['aa618b80-c99d-4a8a-9003-9eace9cdf62f', '57b66625-b50e-4ab3-8ac9-30a88d5f96f9']",34,,,,,,,,,,,,,,,,,,,Burkina Faso,4921,00:19:34.914,Carry,
,,,,,"[23.2, 32.8]",,,,,,,,,,,,1.148599,,,,,,,,,,,,,712c2baf-c3d7-4360-a93a-73d666f124e7,1913,,"[22.1, 30.1]",3920402,64,,,,,,,,,,,,,,,,,,,,,,,,,2,Regular Play,Ramy Bensebaini,3191.0,Left Center Back,104,Burkina Faso,4921,"['8c0d3117-0873-4cf9-acd6-46be1b82006c', '8b19c3d9-4ac5-462c-9532-ff3331a0bcf1']",36,,,,,,,,,,,,,,,,,,,Algeria,4898,00:19:36.081,Carry,
,,,,,"[29.4, 28.7]",,,,,,,,,,,,2.0,,,,,,,,,,,,,3cbab608-db78-4c9f-b371-dcf067963ada,1920,,"[30.3, 25.4]",3920402,64,,,,,,,,,,,,,,,,,,,,,,,,,2,From Throw In,Issoufou Dayo,102800.0,Right Center Back,105,Burkina Faso,4921,"['b31f7a68-014b-41c8-9f9f-b50e33ea08b7', '07ae20fd-a35e-44d5-8c98-554b65fa750d']",48,,,,,,,,,,,,,,,,,,,Burkina Faso,4921,00:19:48.944,Carry,
,,,,,"[34.2, 57.0]",,,,,,,,,,,,1.044368,,,,,,,,,,,,,1c0f8919-4e8a-49f2-a4da-d6474b0bcc27,1923,,"[33.2, 55.8]",3920402,64,,,,,,,,,,,,,,,,,,,,,,,,,2,From Throw In,Adamo Nagalo,99280.0,Right Back,105,Burkina Faso,4921,"['988c1fbd-dc11-4758-88cb-46e6ff6f8027', '7069fef4-348b-4202-9793-b7d1450001ba']",53,,,,,,,,,,,,,,,,,,,Burkina Faso,4921,00:19:53.344,Carry,
,,,,,"[47.0, 52.7]",,,,,,,,,,,,1.764067,,,,,,,,,,,,,256a95b0-5255-41c5-9e54-6be0bad4dda4,1926,,"[50.1, 56.6]",3920402,64,,,,,,,,,,,,,,,,,,,,,,,,,2,From Throw In,Gustavo Fabrice Sangaré,45466.0,Right Center Midfield,105,Burkina Faso,4921,"['91ab9421-df58-4a18-bba4-9fceeab98444', '0304d7b7-52df-4ad7-ad8a-3414602a906b']",55,,,,,,,,,,,,,,,,,,,Burkina Faso,4921,00:19:55.638,Carry,
,,,,,"[52.2, 39.8]",,,,,,,,,,,,2.889985,,,,,,,,,,,,,5f4f5b43-a38f-4498-bbb0-0718a223101c,1929,,"[43.9, 36.8]",3920402,64,,,,,,,,,,,,,,,,,,,,,,,,,2,From Throw In,Ismahila Ouédraogo,106681.0,Center Defensive Midfield,105,Burkina Faso,4921,"['103409f6-d5cf-4a0e-b486-f866d764e0fd', 'c7c230d0-5638-47cc-96a1-209f87cf317d']",58,,,,,,,,,,,,,,,,,,,Burkina Faso,4921,00:19:58.638,Carry,
,,,,,"[53.4, 22.7]",,,,,,,,,,,,7.134983,,,,,,,,,,,,,31c970ee-082b-4ee0-9680-398751df190e,1932,,"[49.1, 12.6]",3920402,65,,,,,,,,,,,,,,,,,,,,,,,,,2,From Throw In,Edmond Fayçal Tapsoba,30606.0,Left Center Back,105,Burkina Faso,4921,"['73341f17-93b8-45c0-acd6-8da5e4fbe3b3', '5c920519-002f-46fc-9c34-88e6e1b36d4c']",3,,,,,,,,,,,,,,,,,,,Burkina Faso,4921,00:20:03.579,Carry,
,,,,,"[108.2, 58.0]",,,,,,,,,,,,0.774092,,,,,,,,,,,,,c75eff76-4d8f-467d-85e0-7bda1e03e1bf,1935,,"[105.6, 56.2]",3920402,65,,,,,,,,,,,,,,,,,,,,,,,,,2,From Throw In,Issa Kabore,35471.0,Right Midfield,105,Burkina Faso,4921,"['eceb6433-bf1b-4bf0-8a97-e79007778d7e', 'f949c211-5750-44a2-b7b0-bd7cd0095f6e', 'feb13071-50ac-489a-9712-c74931399c3b']",13,,,,,,,,,,,,,,,,,,,Burkina Faso,4921,00:20:13.833,Carry,True
,,,,,"[54.6, 48.7]",,,,,,,,,,,,1.383603,,,,,,,,,,,,,0edc6d49-4859-42c1-b196-29ad486929ce,1946,,"[51.6, 48.7]",3920402,72,,,,,,,,,,,,,,,,,,,,,,,,,2,From Kick Off,Aïssa Mandi,6648.0,Right Center Back,107,Algeria,4898,"['748f46ee-32a8-4b09-ae92-96ef1ea430d3', '3fb6653b-1374-4955-b013-8e50352e5211']",3,,,,,,,,,,,,,,,,,,,Algeria,4898,00:27:03.743,Carry,
,,,,,"[56.6, 27.6]",,,,,,,,,,,,2.017835,,,,,,,,,,,,,7cf0bdd4-135a-4b88-bed5-33979dff81ad,1949,,"[53.3, 29.9]",3920402,72,,,,,,,,,,,,,,,,,,,,,,,,,2,From Kick Off,Ramy Bensebaini,3191.0,Left Center Back,107,Algeria,4898,"['1aa58785-219a-4cca-880f-94eeb1181cb1', 'bb8a9be6-f883-41f4-aed4-08606f511c3f']",6,,,,,,,,,,,,,,,,,,,Algeria,4898,00:27:06.793,Carry,
,,,,,"[63.0, 11.1]",,,,,,,,,,,,1.125074,,,,,,,,,,,,,af8b493f-7f76-4839-afa2-cc5d18627b69,1952,,"[64.9, 8.8]",3920402,72,,,,,,,,,,,,,,,,,,,,,,,,,2,From Kick Off,Mohamed Youcef Belaïli,103464.0,Left Wing,107,Algeria,4898,"['dc893d7b-b282-4e74-9e4e-1d8108bc122b', '3e666feb-17ad-4a56-905d-d72654022c7e', 'acd97d77-a0e2-4d3e-ab8a-74cd34ce7246']",9,,,,,,,,,,,,,,,,,,,Algeria,4898,00:27:09.725,Carry,True
,,,,,"[48.6, 32.2]",,,,,,,,,,,,1.185921,,,,,,,,,,,,,82aecd51-2ad5-4be3-8ab3-d6129a65df11,1956,,"[49.4, 29.1]",3920402,72,,,,,,,,,,,,,,,,,,,,,,,,,2,From Kick Off,Ramy Bensebaini,3191.0,Left Center Back,107,Algeria,4898,"['bcf8b589-5632-4a9c-8acb-0e0c1a0669bc', '33a84fc8-4940-48eb-b996-2d01cd61f093']",11,,,,,,,,,,,,,,,,,,,Algeria,4898,00:27:11.934,Carry,
,,,,,"[21.7, 36.3]",,,,,,,,,,,,0.934153,,,,,,,,,,,,,8a735ced-e255-4be3-80ac-6121011a0f09,1961,,"[21.4, 35.9]",3920402,72,,,,,,,,,,,,,,,,,,,,,,,,,2,From Kick Off,Anthony Louis Mandréa,41381.0,Goalkeeper,107,Algeria,4898,"['63498355-ffd4-47eb-8b1a-99ac70984ddf', '6f8a13d9-2cc7-43f1-9648-d72a817a5560']",16,,,,,,,,,,,,,,,,,,,Algeria,4898,00:27:16.854,Carry,
,,,,,"[49.4, 10.1]",,,,,,,,,,,,2.893359,,,,,,,,,,,,,a55bfaca-f5db-4500-9c1b-5a7276c1bc83,1964,,"[37.8, 15.6]",3920402,72,,,,,,,,,,,,,,,,,,,,,,,,,2,From Kick Off,Ramiz Larbi Zerrouki,38345.0,Left Defensive Midfield,107,Algeria,4898,"['539db18c-3b95-4935-880b-e60887b688eb', '75761f44-97a0-4900-a746-c4867d9e0a1b']",19,,,,,,,,,,,,,,,,,,,Algeria,4898,00:27:19.283,Carry,
,,,,,"[49.3, 48.5]",,,,,,,,,,,,1.53416,,,,,,,,,,,,,18b43c9f-2e2e-411e-8da6-4f9e2a83e837,1968,,"[46.9, 46.7]",3920402,72,,,,,,,,,,,,,,,,,,,,,,,,,2,From Kick Off,Aïssa Mandi,6648.0,Right Center Back,107,Algeria,4898,"['0014303e-aadf-4f6b-b4ad-0aae822de169', '879b0202-72b7-439f-882f-68ee0c43538e']",24,,,,,,,,,,,,,,,,,,,Algeria,4898,00:27:24.357,Carry,
,,,,,"[55.4, 33.6]",,,,,,,,,,,,0.799998,,,,,,,,,,,,,9b434ad7-4cd7-4110-b236-617de9c7ce8f,1971,,"[58.4, 35.1]",3920402,72,,,,,,,,,,,,,,,,,,,,,,,,,2,From Kick Off,Nabil Bentaleb,8520.0,Right Defensive Midfield,107,Algeria,4898,"['9ed93d81-1ed4-4193-b0bd-ec874e199a4c', '4434a5f8-ff9f-4aba-97e5-d98d05fd88b7']",27,,,,,,,,,,,,,,,,,,,Algeria,4898,00:27:27.173,Carry,
,,,,,"[67.1, 15.3]",,,,,,,,,,,,1.069238,,,,,,,,,,,,,12fbf88a-6ab9-4267-a2cc-9b4d2b0637fa,1974,,"[64.9, 17.7]",3920402,72,,,,,,,,,,,,,,,,,,,,,,,,,2,From Kick Off,Ramiz Larbi Zerrouki,38345.0,Left Defensive Midfield,107,Algeria,4898,"['f2b118d0-5f10-4cc9-88d0-f0987911f86b', '8ac0f050-8864-4957-be82-35cdcd2dd5b1']",29,,,,,,,,,,,,,,,,,,,Algeria,4898,00:27:29.370,Carry,
,,,,,"[77.4, 11.1]",,,,,,,,,,,,0.921174,,,,,,,,,,,,,b9f611c3-641e-4a1b-8b7b-68dd933ba732,1977,,"[80.8, 9.3]",3920402,72,,,,,,,,,,,,,,,,,,,,,,,,,2,From Kick Off,Mohamed Youcef Belaïli,103464.0,Left Wing,107,Algeria,4898,"['9022759d-3a65-4e05-93e8-508f1f4bcd3f', '398d0f70-1afe-497b-9984-c71784e86117', 'ad935555-c415-4f7b-b384-afacac4e7922']",31,,,,,,,,,,,,,,,,,,,Algeria,4898,00:27:31.830,Carry,True
,,,,,"[67.9, 12.1]",,,,,,,,,,,,1.439483,,,,,,,,,,,,,6e120bd5-e0ca-473f-b04d-b556963bcb85,1981,,"[68.7, 9.2]",3920402,72,,,,,,,,,,,,,,,,,,,,,,,,,2,From Kick Off,Ramiz Larbi Zerrouki,38345.0,Left Defensive Midfield,107,Algeria,4898,"['3a62b5f9-24ec-43ea-98eb-33b1d4cce1c7', 'c5b7757b-8967-408a-8808-4961c5d57e9f']",33,,,,,,,,,,,,,,,,,,,Algeria,4898,00:27:33.658,Carry,
,,,,,"[111.1, 77.2]",,,,,,,,,,,,1.211827,,,,,,,,,,,,,5414d438-c31a-434a-9043-6ebd6d7e4209,1984,,"[105.4, 72.5]",3920402,72,,,,,,,,,,,,,,,,,,,,,,,,,2,From Kick Off,Riyad Mahrez,3814.0,Right Wing,107,Algeria,4898,"['75eaa96f-4287-4a2c-aaf7-8564eca77fba', '0f6804bf-6266-4f8f-b597-de53f1f579e3', '08b07786-49af-4aec-b89e-2c4c7edb15b9']",38,,,,,,,,,,,,,,,,,,,Algeria,4898,00:27:38.351,Carry,True
,,,,,"[31.8, 50.5]",,,,,,,,,,,,0.548253,,,,,,,,,,,,,516e1ff7-9072-4227-a408-9c210e98196c,2002,,"[34.3, 54.1]",3920402,73,,,,,,,,,,,,,,,,,,,,,,,,,2,Regular Play,Nabil Bentaleb,8520.0,Right Defensive Midfield,110,Algeria,4898,"['6d64aa6a-0f32-44e4-abe7-4cd7fee82d39', '6d5ccd67-1bf8-4fbd-bb0b-3901fd2156bc']",51,,,,,,,,,,,,,,,,,,,Algeria,4898,00:28:51.619,Carry,
,,,,,"[24.0, 31.5]",,,,,,,,,,,,2.510609,,,,,,,,,,,,,7ca16702-a875-4bb2-88d5-8148cae645fe,2005,,"[19.6, 39.4]",3920402,73,,,,,,,,,,,,,,,,,,,,,,,,,2,Regular Play,Ramy Bensebaini,3191.0,Left Center Back,110,Algeria,4898,"['eeca90f4-fb64-41dc-b815-7991442d2285', 'cba65d9f-c23b-4581-a93b-cdf5fdebb63a']",53,,,,,,,,,,,,,,,,,,,Algeria,4898,00:28:53.533,Carry,
,,,,,"[34.9, 46.3]",,,,,,,,,,,,5.660501,,,,,,,,,,,,,54ce3da3-cd32-4b9b-9a8b-0dc72e40f23d,2008,,"[25.4, 49.8]",3920402,73,,,,,,,,,,,,,,,,,,,,,,,,,2,Regular Play,Aïssa Mandi,6648.0,Right Center Back,110,Algeria,4898,"['3bb09ed6-b114-41d3-99b4-e30cbbe94289', 'bf10c960-2ea3-4de4-bdd6-f34c37fae7ee']",57,,,,,,,,,,,,,,,,,,,Algeria,4898,00:28:57.388,Carry,
,,,,,"[39.8, 52.8]",,,,,,,,,,,,2.550861,,,,,,,,,,,,,befd1906-bcbe-45dc-bd83-e06655e90cb8,2014,,"[36.3, 44.8]",3920402,74,,,,,,,,,,,,,,,,,,,,,,,,,2,Regular Play,Aïssa Mandi,6648.0,Right Center Back,110,Algeria,4898,"['8139ceec-2816-417c-9cbd-11c54a2a7bfa', '883a0f57-d53b-46c8-8552-ca37108841c1']",5,,,,,,,,,,,,,,,,,,,Algeria,4898,00:29:05.532,Carry,
,,,,,"[40.3, 70.6]",,,,,,,,,,,,2.468128,,,,,,,,,,,,,412ff112-1d9c-4793-a8dc-019f30385d58,2017,,"[42.5, 75.6]",3920402,74,,,,,,,,,,,,,,,,,,,,,,,,,2,Regular Play,Youcef Atal,10040.0,Right Back,110,Algeria,4898,"['7df10f58-02f9-4c75-9240-2b4df954a9e9', '750cf9cd-17bb-42e8-9f1b-4a8215b3c233']",9,,,,,,,,,,,,,,,,,,,Algeria,4898,00:29:09.664,Carry,
,,,,,"[18.3, 38.6]",,,,,,,,,,,,0.180858,,,,,,,,,,,,,92dc974f-0771-4268-b2dd-fc7ba1100649,2020,,"[18.3, 38.6]",3920402,74,,,,,,,,,,,,,,,,,,,,,,,,,2,Regular Play,Anthony Louis Mandréa,41381.0,Goalkeeper,110,Algeria,4898,"['e344567d-8f26-4385-8df7-39c6d0db810c', 'c6ee6cc3-8808-49a9-83e7-2895fb51ea9a']",14,,,,,,,,,,,,,,,,,,,Algeria,4898,00:29:14.855,Carry,
,,,,,"[45.0, 12.8]",,,,,,,,,,,,3.999999,,,,,,,,,,,,,cdac0c0b-abb1-490b-b2cb-119239ef542f,2023,,"[35.7, 13.0]",3920402,74,,,,,,,,,,,,,,,,,,,,,,,,,2,Regular Play,Ramy Bensebaini,3191.0,Left Center Back,110,Algeria,4898,"['80ab4f87-aa21-4fb3-be3b-3fff8cc7dde6', '0c3d03ea-1f4d-4c4e-9f40-f3ea292422ba']",17,,,,,,,,,,,,,,,,,,,Algeria,4898,00:29:17.836,Carry,
,,,,,"[59.6, 43.7]",,,,,,,,,,,,3.125096,,,,,,,,,,,,,2bf02695-1993-42eb-80ff-8a8fcea31f11,2026,,"[48.6, 47.7]",3920402,74,,,,,,,,,,,,,,,,,,,,,,,,,2,Regular Play,Aïssa Mandi,6648.0,Right Center Back,110,Algeria,4898,"['56192781-860e-41be-b219-a09f7d42c79a', 'dc9eb4f2-4080-45c0-9e87-ed43413cc200']",23,,,,,,,,,,,,,,,,,,,Algeria,4898,00:29:23.484,Carry,
,,,,,"[72.9, 28.7]",,,,,,,,,,,,0.5576,,,,,,,,,,,,,ec01b513-ecff-4c72-bd42-2162662fde36,2032,,"[73.7, 30.1]",3920402,74,,,,,,,,,,,,,,,,,,,,,,,,,2,Regular Play,Nabil Bentaleb,8520.0,Right Defensive Midfield,110,Algeria,4898,"['1dfe775c-552c-48c0-8757-fa59403aed18', '6f24f780-6616-4b45-826d-18651463da3b']",33,,,,,,,,,,,,,,,,,,,Algeria,4898,00:29:33.005,Carry,
,,,,,"[87.3, 20.0]",,,,,,,,,,,,1.2,,,,,,,,,,,,,02b4cd2b-c6ac-42c1-9b75-86f64d3e4923,2035,,"[83.2, 22.5]",3920402,74,,,,,,,,,,,,,,,,,,,,,,,,,2,Regular Play,Rayan Aït Nouri,12111.0,Left Back,110,Algeria,4898,"['d033ab6c-630f-479e-bbc6-5ad9bbaf502e', 'f98717e4-cd95-4f5b-96d2-88ecc8bd5c8f']",34,,,,,,,,,,,,,,,,,,,Algeria,4898,00:29:34.307,Carry,
,,,,,"[104.9, 4.7]",,,,,,,,,,,,2.377895,,,,,,,,,,,,,e0ef9859-dcf2-4291-a13a-289cef6cf1d2,2038,,"[103.7, 3.3]",3920402,74,,,,,,,,,,,,,,,,,,,,,,,,,2,Regular Play,Mohamed El Amine Amoura,141358.0,Left Wing,110,Algeria,4898,"['aea0398d-1102-4c21-b530-747bae04078e', '25b6d6f7-baf4-4c31-9d0b-60f5be6a5e45']",37,,,,,,,,,,,,,,,,,,,Algeria,4898,00:29:37.107,Carry,
,,,,,"[97.1, 2.2]",,,,,,,,,,,,0.099441,,,,,,,,,,,,,0782f542-b5b8-465c-ad34-30d4698fa31c,2050,,"[98.3, 3.1]",3920402,76,,,,,,,,,,,,,,,,,,,,,,,,,2,From Throw In,Mohamed El Amine Amoura,141358.0,Left Wing,111,Algeria,4898,"['5fb186e0-511f-49b1-b3ad-0c14333cb126', '1b11bee4-d49f-4561-90f6-f49fabe43c1b', '8749c7a1-658c-493f-8bb7-554ccf0a731a']",32,,,,,,,,,,,,,,,,,,,Algeria,4898,00:31:32.481,Carry,True
,,,,,"[90.6, 1.2]",,,,,,,,,,,,2.565586,,,,,,,,,,,,,2dcfbe8c-8305-4305-9b6d-854d36a18ac9,2054,,"[90.9, 1.0]",3920402,76,,,,,,,,,,,,,,,,,,,,,,,,,2,From Throw In,Rayan Aït Nouri,12111.0,Left Back,111,Algeria,4898,"['3e3ba91a-eb70-41b8-b485-7232f5c5f9c9', 'f46ab3ed-7b56-4fd2-8044-400deb10d5a4']",33,,,,,,,,,,,,,,,,,,,Algeria,4898,00:31:33.416,Carry,
,,,,,"[73.3, 7.8]",,,,,,,,,,,,1.098494,,,,,,,,,,,,,ab5ee573-75eb-424e-812a-e7d14f7d480e,2057,,"[77.8, 4.7]",3920402,76,,,,,,,,,,,,,,,,,,,,,,,,,2,From Throw In,Ramiz Larbi Zerrouki,38345.0,Left Defensive Midfield,111,Algeria,4898,"['61d2cd49-ae96-4c75-a1f6-5592f028d04e', '2b45f8a6-7edb-432f-a76f-c1bdf16933e8']",37,,,,,,,,,,,,,,,,,,,Algeria,4898,00:31:37.181,Carry,
,,,,,"[67.7, 37.6]",,,,,,,,,,,,0.832945,,,,,,,,,,,,,eafa1903-61e9-4d28-bde3-a6155a0d1700,2060,,"[70.8, 37.5]",3920402,76,,,,,,,,,,,,,,,,,,,,,,,,,2,From Throw In,Nabil Bentaleb,8520.0,Right Defensive Midfield,111,Algeria,4898,"['cbbf770c-2b62-4ef6-8606-5d71d25e4619', '1d5829ae-5aa5-4e0e-97f8-431f892e597c']",39,,,,,,,,,,,,,,,,,,,Algeria,4898,00:31:39.401,Carry,
,,,,,"[70.6, 47.7]",,,,,,,,,,,,0.003053,,,,,,,,,,,,,903a6327-42af-4e2f-b0ea-77f30f64c39d,2063,,"[69.4, 47.1]",3920402,76,,,,,,,,,,,,,,,,,,,,,,,,,2,From Throw In,Aïssa Mandi,6648.0,Right Center Back,111,Algeria,4898,"['46427c41-12c6-4cba-9997-d921025cb635', '63133fa9-4c57-4e7c-b91b-c815c2905d45']",41,,,,,,,,,,,,,,,,,,,Algeria,4898,00:31:41.390,Carry,
,,,,,"[70.4, 37.6]",,,,,,,,,,,,2.206894,,,,,,,,,,,,,43ea1d0f-9fbe-473a-ae7b-5554625e70d0,2066,,"[67.7, 38.4]",3920402,76,,,,,,,,,,,,,,,,,,,,,,,,,2,From Throw In,Nabil Bentaleb,8520.0,Right Defensive Midfield,111,Algeria,4898,"['f012c7d1-e5fe-47d1-ae6f-d6928849ea7e', '703277d4-1e69-4170-a33b-66bdc1153451']",42,,,,,,,,,,,,,,,,,,,Algeria,4898,00:31:42.597,Carry,
,,,,,"[73.5, 55.3]",,,,,,,,,,,,1.199999,,,,,,,,,,,,,887c4c89-ea64-4637-9295-3d2d58aa06a0,2069,,"[71.6, 50.6]",3920402,76,,,,,,,,,,,,,,,,,,,,,,,,,2,From Throw In,Aïssa Mandi,6648.0,Right Center Back,111,Algeria,4898,"['ec5423cb-59fb-4a10-978a-98837fe186ea', '25f87a58-5d84-4505-ab9a-4000857b3fc6']",46,,,,,,,,,,,,,,,,,,,Algeria,4898,00:31:46.105,Carry,
,,,,,"[91.5, 64.6]",,,,,,,,,,,,2.953583,,,,,,,,,,,,,3eff9e69-b6dd-4ccc-b786-2900eed52ee1,2072,,"[94.1, 73.3]",3920402,76,,,,,,,,,,,,,,,,,,,,,,,,,2,From Throw In,Youcef Atal,10040.0,Right Back,111,Algeria,4898,"['2b7f2b52-673e-426b-b546-d3d7595ee10f', 'cfdffd42-15b5-4d01-b5e0-4548c4904397']",48,,,,,,,,,,,,,,,,,,,Algeria,4898,00:31:48.947,Carry,
,,,,,"[83.8, 37.1]",,,,,,,,,,,,0.468555,,,,,,,,,,,,,d552c24c-3144-46fb-909f-7d8d7d04cac5,2075,,"[83.5, 43.3]",3920402,76,,,,,,,,,,,,,,,,,,,,,,,,,2,From Throw In,Nabil Bentaleb,8520.0,Right Defensive Midfield,111,Algeria,4898,"['3afbd889-e8cb-4579-9c53-b5cbe50b4243', '02d73493-7e48-496c-9a0c-9139aa1172ff']",53,,,,,,,,,,,,,,,,,,,Algeria,4898,00:31:53.422,Carry,
,,,,,"[42.2, 59.7]",,,,,,,,,,,,1.559027,,,,,,,,,,,,,443310a4-fa5f-4b5a-b208-e644a85f4e01,2079,,"[36.3, 47.9]",3920402,76,,,,,,,,,,,,,,,,,,,,,,,,,2,Regular Play,Gustavo Fabrice Sangaré,45466.0,Right Center Midfield,112,Burkina Faso,4921,"['ef315d8b-b23b-4513-84a3-3c7e5202383b', '0f4bb1ba-a693-4b20-8c82-ca0cd7b01a30', '5706732d-3262-409e-8bc4-076ac557b700', '2fc85df0-6398-494f-aaca-c16a51d6846f']",55,,,,,,,,,,,,,,,,,,,Burkina Faso,4921,00:31:55.014,Carry,True
,,,,,"[43.1, 76.4]",,,,,,,,,,,,0.248286,,,,,,,,,,,,,d70b6ef1-b750-42f1-873f-6ee3eb7bfe63,2083,,"[41.0, 76.8]",3920402,76,,,,,,,,,,,,,,,,,,,,,,,,,2,Regular Play,Issa Kabore,35471.0,Right Midfield,112,Burkina Faso,4921,"['bf87fd97-69e7-4f62-b769-f2b8c78555ab', '03f80fb4-6c0e-42d3-af2d-a23e3c6b15bc']",59,,,,,,,,,,,,,,,,,,,Burkina Faso,4921,00:31:59.003,Carry,
,,,,,"[49.3, 77.9]",,,,,,,,,,,,0.020631,,,,,,,,,,,,,99bfaa8d-4ed2-4c14-95d8-24ee9cf01f0f,2088,,"[50.1, 78.1]",3920402,77,,,,,,,,,,,,,,,,,,,,,,,,,2,From Throw In,Gustavo Fabrice Sangaré,45466.0,Right Center Midfield,113,Burkina Faso,4921,"['26ead82d-a877-43bb-8451-53cb63bb359c', 'fdfdff02-6120-4c50-ad5c-e71b0b55be2a']",22,,,,,,,,,,,,,,,,,,,Burkina Faso,4921,00:32:22.124,Carry,
,,,,,"[80.3, 5.7]",,,,,,,,,,,,2.690069,,,,,,,,,,,,,a4b18e76-d4a6-4eda-8e7a-bad534c8c378,2093,,"[76.6, 2.9]",3920402,77,,,,,,,,,,,,,,,,,,,,,,,,,2,Regular Play,Rayan Aït Nouri,12111.0,Left Back,114,Algeria,4898,"['a1b3f5ab-adf3-4acc-bd4d-6a4ba078bde0', '23dc9b9b-f388-4ac1-b4d4-7217c5109da6', '27a027e4-cad2-46a6-88f5-1dc7ecb502f3']",23,,,,,,,,,,,,,,,,,,,Algeria,4898,00:32:23.400,Carry,True
,,,,,"[91.7, 2.0]",,,,,,,,,,,,0.860053,,,,,,,,,,,,,a50be5c3-5cb1-4497-9e2f-fb9d9e677a54,2097,,"[86.1, 2.0]",3920402,77,,,,,,,,,,,,,,,,,,,,,,,,,2,Regular Play,Mohamed El Amine Amoura,141358.0,Left Wing,114,Algeria,4898,"['98c7188a-9543-47c7-b6c5-caba9a60329a', '8e17aebe-1e24-458d-8b3c-cc11e21ddc24', '72e310c1-f6af-4a77-b3cb-dc7547bb1242']",26,,,,,,,,,,,,,,,,,,,Algeria,4898,00:32:26.702,Carry,True
,,,,,"[77.9, 2.2]",,,,,,,,,,,,0.293215,,,,,,,,,,,,,a1f66a9d-6b07-4778-8809-b9f79e234b08,2103,,"[81.8, 2.6]",3920402,77,,,,,,,,,,,,,,,,,,,,,,,,,2,From Throw In,Ramiz Larbi Zerrouki,38345.0,Left Defensive Midfield,115,Algeria,4898,"['d4619be4-96f4-4614-86e6-b43ab2e9594d', '5222bb64-e20a-4555-a494-ca56fe728e87']",35,,,,,,,,,,,,,,,,,,,Algeria,4898,00:32:35.063,Carry,
,,,,,"[58.4, 11.7]",,,,,,,,,,,,0.283688,,,,,,,,,,,,,1d1061ff-e8b8-4bc0-9e95-03886ec3a878,2106,,"[55.8, 8.2]",3920402,77,,,,,,,,,,,,,,,,,,,,,,,,,2,From Throw In,Ramy Bensebaini,3191.0,Left Center Back,115,Algeria,4898,"['d1118749-e905-4dc9-94ee-8fc9e10a25b6', '8b818268-7663-465e-b4cb-513f319add55']",37,,,,,,,,,,,,,,,,,,,Algeria,4898,00:32:37.356,Carry,
,,,,,"[67.3, 43.5]",,,,,,,,,,,,0.992725,,,,,,,,,,,,,03c65b2d-03a9-46c5-b495-5b485d7526f7,2109,,"[67.1, 40.6]",3920402,77,,,,,,,,,,,,,,,,,,,,,,,,,2,From Throw In,Aïssa Mandi,6648.0,Right Center Back,115,Algeria,4898,"['3af6a8c4-c2cd-41b7-8aa9-db0d64c2f8de', '76cf0773-e7c2-4089-9f42-3f635c09e348']",39,,,,,,,,,,,,,,,,,,,Algeria,4898,00:32:39.580,Carry,
,,,,,"[81.1, 9.7]",,,,,,,,,,,,5.199999,,,,,,,,,,,,,077b3c9b-74f8-48bb-8140-e99162e0f3f5,2112,,"[64.8, 13.6]",3920402,77,,,,,,,,,,,,,,,,,,,,,,,,,2,From Throw In,Ramiz Larbi Zerrouki,38345.0,Left Defensive Midfield,115,Algeria,4898,"['1f5708cb-fb08-4c14-9f4c-7b2a71eba51d', '9e35dd0d-55e9-4d73-9d73-90b175921cd5']",43,,,,,,,,,,,,,,,,,,,Algeria,4898,00:32:43.212,Carry,
,,,,,"[79.5, 47.1]",,,,,,,,,,,,1.679426,,,,,,,,,,,,,143daca5-1ef2-4461-9696-074a467efd52,2115,,"[78.7, 43.8]",3920402,77,,,,,,,,,,,,,,,,,,,,,,,,,2,From Throw In,Aïssa Mandi,6648.0,Right Center Back,115,Algeria,4898,"['44ac5db0-59ff-470a-b535-7d55751e9ca3', '90eae192-83d3-471f-879a-3192ed3d631a']",50,,,,,,,,,,,,,,,,,,,Algeria,4898,00:32:50.447,Carry,
,,,,,"[101.0, 68.7]",,,,,,,,,,,,1.52061,,,,,,,,,,,,,757dd128-1502-4037-a22d-8a8ad23ee2b2,2118,,"[99.8, 71.0]",3920402,77,,,,,,,,,,,,,,,,,,,,,,,,,2,From Throw In,Youcef Atal,10040.0,Right Back,115,Algeria,4898,"['36019c53-c5b9-44e5-8214-d212fc129457', '02ca33a6-284a-4f32-a9b6-8a3f97079c76']",53,,,,,,,,,,,,,,,,,,,Algeria,4898,00:32:53.507,Carry,
,,,,,"[118.8, 67.3]",,,,,,,,,,,,1.052817,,,,,,,,,,,,,780dc956-75ce-4d81-b1d9-64fbf8da5b53,2121,,"[117.3, 62.8]",3920402,77,,,,,,,,,,,,,,,,,,,,,,,,,2,From Throw In,Adam Ounas,10448.0,Right Wing,115,Algeria,4898,"['7f9ca4c4-5fd8-4012-8ca2-22e62ff3c3ec', '99050eac-6f62-4039-af85-1ee43a47bad7', '9fdc35d2-513f-4975-a965-f7092ecdfd57']",57,,,,,,,,,,,,,,,,,,,Algeria,4898,00:32:57.391,Carry,True
,,,,,"[71.9, 17.9]",,,,,,,,,,,,3.427074,,,,,,,,,,,,,14e985ec-74a4-4477-a257-22e9589636de,2133,,"[57.8, 30.3]",3920402,78,,,,,,,,,,,,,,,,,,,,,,,,,2,Regular Play,Ramiz Larbi Zerrouki,38345.0,Left Defensive Midfield,117,Algeria,4898,"['68595eac-8fe5-4bb4-aff6-60c1340f3af3', '036989a2-172d-4923-9269-f46fc92ce70d']",36,,,,,,,,,,,,,,,,,,,Algeria,4898,00:33:36.075,Carry,
,,,,,"[85.5, 2.4]",,,,,,,,,,,,0.979496,,,,,,,,,,,,,e33447d8-1a6e-46de-8cfe-567c0e8138d1,2136,,"[82.4, 2.2]",3920402,78,,,,,,,,,,,,,,,,,,,,,,,,,2,Regular Play,Rayan Aït Nouri,12111.0,Left Back,117,Algeria,4898,"['3275f00f-38d8-4be5-849e-7f4cfebd9c63', '2ef1595e-420f-41d8-a905-c4e1a19d4ceb']",40,,,,,,,,,,,,,,,,,,,Algeria,4898,00:33:40.978,Carry,
,,,,,"[103.6, 9.3]",,,,,,,,,,,,2.486435,,,,,,,,,,,,,842c5606-803f-4166-b5fa-086b8a8850e6,2139,,"[101.2, 2.9]",3920402,78,,,,,,,,,,,,,,,,,,,,,,,,,2,Regular Play,Mohamed El Amine Amoura,141358.0,Left Wing,117,Algeria,4898,"['f00a87e7-3f2b-47f4-a882-65318bb9336d', 'd90e75c9-d782-4aa2-898c-568ebab182e2']",43,,,,,,,,,,,,,,,,,,,Algeria,4898,00:33:43.179,Carry,
,,,,,"[3.5, 38.0]",,,,,,,,,,,,0.016445002,,,,,,,,,,,,,4dc40df6-98a8-4bec-8995-c8d582a00724,2155,,"[4.7, 39.4]",3920402,80,,,,,,,,,,,,,,,,,,,,,,,,,2,Regular Play,Anthony Louis Mandréa,41381.0,Goalkeeper,119,Algeria,4898,"['87a6ce96-4c1d-47b2-90b3-45a2847605aa', '5e0daa19-6a36-4cd3-8988-4890d3362fd4', 'c8112717-960a-4038-8f01-64de50864065']",32,,,,,,,,,,,,,,,,,,,Algeria,4898,00:35:32.790,Carry,True
,,,,,"[20.6, 17.1]",,,,,,,,,,,,1.098088,,,,,,,,,,,,,873a95e4-5654-4f42-b3cd-01950b57bf02,2158,,"[20.2, 16.7]",3920402,80,,,,,,,,,,,,,,,,,,,,,,,,,2,Regular Play,Rayan Aït Nouri,12111.0,Left Back,119,Algeria,4898,"['416a7dfa-8847-4f7e-89a4-165a0daa9ed9', '39b57633-a75c-4131-90bc-8abe7fb55187']",34,,,,,,,,,,,,,,,,,,,Algeria,4898,00:35:34.788,Carry,
,,,,,"[44.8, 23.5]",,,,,,,,,,,,4.880087,,,,,,,,,,,,,2eec5a32-5aab-4035-9ab5-b9dffb36248e,2161,,"[26.8, 22.5]",3920402,80,,,,,,,,,,,,,,,,,,,,,,,,,2,Regular Play,Fares Chaïbi,217047.0,Left Defensive Midfield,119,Algeria,4898,"['caccea0c-fda8-4c29-83b6-f63f405d312d', '03e4cc1a-f848-4ee8-b289-7c10cbd681f3']",36,,,,,,,,,,,,,,,,,,,Algeria,4898,00:35:36.877,Carry,
,,,,,"[42.3, 48.1]",,,,,,,,,,,,1.115153,,,,,,,,,,,,,5f0e104e-85ff-4d33-b3dd-e86f4469d7f4,2164,,"[40.3, 47.0]",3920402,80,,,,,,,,,,,,,,,,,,,,,,,,,2,Regular Play,Aïssa Mandi,6648.0,Right Center Back,119,Algeria,4898,"['3a3cee5c-854b-4c42-a0b3-5ab91b3e6c73', 'cf5d4af6-d350-47f2-b297-50bdeaa4f475']",43,,,,,,,,,,,,,,,,,,,Algeria,4898,00:35:43.930,Carry,
,,,,,"[76.8, 66.4]",,,,,,,,,,,,4.973463,,,,,,,,,,,,,14ca15f8-b09a-489e-a68a-6fd48f1c4466,2167,,"[54.9, 51.4]",3920402,80,,,,,,,,,,,,,,,,,,,,,,,,,2,Regular Play,Ramiz Larbi Zerrouki,38345.0,Right Defensive Midfield,119,Algeria,4898,"['505c17e7-1778-4673-916e-9fefc1a2db57', 'b989ae1b-e31d-4206-89ba-e7d1bea12dec']",46,,,,,,,,,,,,,,,,,,,Algeria,4898,00:35:46.369,Carry,
,,,,,"[72.3, 23.7]",,,,,,,,,,,,0.268876,,,,,,,,,,,,,83b2a9d6-68f6-4d64-a703-012ace47a5dd,2170,,"[72.9, 26.8]",3920402,80,,,,,,,,,,,,,,,,,,,,,,,,,2,Regular Play,Fares Chaïbi,217047.0,Left Defensive Midfield,119,Algeria,4898,"['1c8d656e-0f47-46d5-9df5-1421b413cd40', '5998d273-3e56-41ec-8ff0-de0d03e83bea']",53,,,,,,,,,,,,,,,,,,,Algeria,4898,00:35:53.528,Carry,
,,,,,"[81.8, 10.0]",,,,,,,,,,,,3.289271,,,,,,,,,,,,,f1b1c19b-e92c-4513-8a4d-f2541323f5c4,2173,,"[74.4, 11.4]",3920402,80,,,,,,,,,,,,,,,,,,,,,,,,,2,Regular Play,Rayan Aït Nouri,12111.0,Left Back,119,Algeria,4898,"['ecf7c199-beb0-4daf-b483-4cac18a00d62', 'a5598d64-8b5d-4b9d-8262-6bc731e6619b']",54,,,,,,,,,,,,,,,,,,,Algeria,4898,00:35:54.608,Carry,
,,,,,"[86.1, 22.3]",,,,,,,,,,,,1.769014,,,,,,,,,,,,,50fd86d7-26f5-4464-b0ad-1c7cbc94d695,2176,,"[79.0, 18.1]",3920402,80,,,,,,,,,,,,,,,,,,,,,,,,,2,Regular Play,Fares Chaïbi,217047.0,Left Defensive Midfield,119,Algeria,4898,"['b072a7fb-932f-47d4-8865-7b07a42f4988', 'f2aecb01-64c5-4e52-8a80-7390a2ca7e4a']",58,,,,,,,,,,,,,,,,,,,Algeria,4898,00:35:58.806,Carry,
,,,,,"[118.1, 47.9]",,,,,,,,,,,,0.045231,,,,,,,,,,,,,b8b549ba-c1d2-490e-8397-248df8690916,2179,,"[118.1, 47.9]",3920402,81,,,,,,,,,,,,,,,,,,,,,,,,,2,Regular Play,Baghdad Bounedjah,103465.0,Left Center Forward,119,Algeria,4898,"['0b652b20-4b1b-4be2-b3ec-ae10a09ab72b', 'f9de00af-cff0-4959-8da8-c92f12dde0ed']",2,,,,,,,,,,,,,,,,,,,Algeria,4898,00:36:02.678,Carry,
,,,,,"[100.6, 77.0]",,,,,,,,,,,,1.479259,,,,,,,,,,,,,ced2e67c-dca7-4f1a-86ee-f4a3118b8f6e,2191,,"[91.3, 75.1]",3920402,81,,,,,,,,,,,,,,,,,,,,,,,,,2,Regular Play,Adam Ounas,10448.0,Right Midfield,121,Algeria,4898,"['a5c71fcc-9016-4cb0-88fb-31d197079f89', 'e90b599a-522e-4861-b8a0-2971894998f4', '13a08299-6937-41a6-ac1d-de01006e043e']",40,,,,,,,,,,,,,,,,,,,Algeria,4898,00:36:40.732,Carry,True
,,,,,"[82.6, 63.8]",,,,,,,,,,,,1.396162,,,,,,,,,,,,,3bd0561c-df9c-499b-8532-df0b40d2dfc2,2198,,"[83.2, 72.4]",3920402,81,,,,,,,,,,,,,,,,,,,,,,,,,2,From Throw In,Ramiz Larbi Zerrouki,38345.0,Right Defensive Midfield,122,Algeria,4898,"['7ee1cb9e-3ba6-446a-a767-2025c961f891', '116cada8-c135-4575-8d16-c8169a2fa86a', 'd057a863-ef96-44a5-8871-3c4ffed80424']",49,,,,,,,,,,,,,,,,,,,Algeria,4898,00:36:49.406,Carry,True
,,,,,"[65.3, 56.6]",,,,,,,,,,,,0.893269,,,,,,,,,,,,,a43cba19-055d-452c-ab67-d6f4d92054f2,2202,,"[64.4, 64.6]",3920402,81,,,,,,,,,,,,,,,,,,,,,,,,,2,From Throw In,Aïssa Mandi,6648.0,Right Center Back,122,Algeria,4898,"['e6d3096f-50c3-4fb3-a31e-2f39d92f4217', '620b63f2-6cec-4aee-9c18-aee87bd56c22']",52,,,,,,,,,,,,,,,,,,,Algeria,4898,00:36:52.402,Carry,
,,,,,"[62.3, 34.3]",,,,,,,,,,,,1.514157,,,,,,,,,,,,,2baa4c4d-0794-4838-9c6e-6fe3f9b67cd1,2205,,"[59.3, 40.3]",3920402,81,,,,,,,,,,,,,,,,,,,,,,,,,2,From Throw In,Ramy Bensebaini,3191.0,Left Center Back,122,Algeria,4898,"['856f4a21-13a2-4b7c-af7b-9c67b58f0839', '8386a77d-440f-483a-beae-f04b60bf2e70']",54,,,,,,,,,,,,,,,,,,,Algeria,4898,00:36:54.702,Carry,
,,,,,"[87.3, 7.8]",,,,,,,,,,,,2.193381,,,,,,,,,,,,,c1a98442-c30a-44d5-bd3c-adb28bcbb7fe,2208,,"[82.2, 6.6]",3920402,81,,,,,,,,,,,,,,,,,,,,,,,,,2,From Throw In,Rayan Aït Nouri,12111.0,Left Back,122,Algeria,4898,"['15bc2a62-70fb-4644-ab66-eb34bf2fcf50', 'b772df44-4115-4f11-95b8-3e8f926de42f']",58,,,,,,,,,,,,,,,,,,,Algeria,4898,00:36:58.141,Carry,
,,,,,"[94.2, 3.7]",,,,,,,,,,,,1.319882,,,,,,,,,,,,,b2456ff8-8444-4df3-bc37-aba3b10ac293,2211,,"[96.0, 2.8]",3920402,82,,,,,,,,,,,,,,,,,,,,,,,,,2,From Throw In,Mohamed El Amine Amoura,141358.0,Left Midfield,122,Algeria,4898,"['b81068e7-ce0f-466f-b9ed-c8edb5b9fd35', 'c3cfaad4-2640-4da6-a78a-8453491bc78c']",1,,,,,,,,,,,,,,,,,,,Algeria,4898,00:37:01.889,Carry,
,,,,,"[39.8, 53.1]",,,,,,,,,,,,1.316645,,,,,,,,,,,,,30f4e1b1-5e04-44bb-9902-2c8efcca2984,2216,,"[38.1, 57.6]",3920402,82,,,,,,,,,,,,,,,,,,,,,,,,,2,Regular Play,Bertrand Isidore Traoré,2956.0,Center Forward,123,Burkina Faso,4921,"['54e8dfcd-7309-4b6d-9805-7cb7fa5cd5b6', 'a1d62249-6e14-4dd4-b6b4-a2383dbb7fdc', 'c51e27ab-d4a7-4979-942c-3c6ee51a6f93']",5,,,,,,,,,,,,,,,,,,,Burkina Faso,4921,00:37:05.976,Carry,True
,,,,,"[21.2, 61.1]",,,,,,,,,,,,2.435863,,,,,,,,,,,,,eadee2c1-410d-40ef-909d-41ab84cd5802,2229,,"[20.8, 56.1]",3920402,83,,,,,,,,,,,,,,,,,,,,,,,,,2,Regular Play,Ramiz Larbi Zerrouki,38345.0,Right Defensive Midfield,125,Algeria,4898,"['6143ce11-93ee-4d3a-889e-45695eff015a', '830be05c-d072-45f2-8222-90700a0f116a', '500da96b-3b25-4a5a-9e72-3a5be5b361b8']",49,,,,,,,,,,,,,,,,,,,Algeria,4898,00:38:49.705,Carry,True
,,,,,"[8.9, 44.5]",,,,,,,,,,,,1.007202,,,,,,,,,,,,,b7283fef-485f-4277-a1f5-2cfca81c12fd,2235,,"[9.5, 45.6]",3920402,84,,,,,,,,,,,,,,,,,,,,,,,,,2,From Free Kick,Anthony Louis Mandréa,41381.0,Goalkeeper,126,Algeria,4898,"['24ec5103-b30f-4989-9254-1ad622c92426', 'd8803d77-ff30-41b8-9d05-97821ef180a2']",1,,,,,,,,,,,,,,,,,,,Algeria,4898,00:39:01.500,Carry,
,,,,,"[17.5, 27.9]",,,,,,,,,,,,2.474319,,,,,,,,,,,,,6c29782a-b4b0-4a1b-87be-a9c8cbd6e736,2238,,"[12.3, 28.3]",3920402,84,,,,,,,,,,,,,,,,,,,,,,,,,2,From Free Kick,Ramy Bensebaini,3191.0,Left Center Back,126,Algeria,4898,"['9a0de389-2572-47c3-a156-0e31344aebeb', 'cf371d1e-d837-43f5-9326-56db869becfe']",3,,,,,,,,,,,,,,,,,,,Algeria,4898,00:39:03.707,Carry,
,,,,,"[33.9, 63.4]",,,,,,,,,,,,1.709178,,,,,,,,,,,,,8d4b5642-6201-41a0-b734-74a5ea2c7f6c,2241,,"[26.0, 56.2]",3920402,84,,,,,,,,,,,,,,,,,,,,,,,,,2,From Free Kick,Aïssa Mandi,6648.0,Right Center Back,126,Algeria,4898,"['eb0e860d-ca90-45cf-8a2a-3f5dfd454ce1', '19c6c390-486b-4d68-8d5b-6dfb8b4faf6c']",8,,,,,,,,,,,,,,,,,,,Algeria,4898,00:39:08.181,Carry,
,,,,,"[47.7, 75.6]",,,,,,,,,,,,1.438425,,,,,,,,,,,,,66edaedc-a183-4b2c-b8cc-523397f1a46f,2244,,"[46.2, 75.6]",3920402,84,,,,,,,,,,,,,,,,,,,,,,,,,2,From Free Kick,Youcef Atal,10040.0,Right Back,126,Algeria,4898,"['57761349-7dc8-4627-948f-d1f23b05be54', 'ad0ac700-1797-44d4-bdc7-e67a8e7dc29b']",11,,,,,,,,,,,,,,,,,,,Algeria,4898,00:39:11.273,Carry,
,,,,,"[40.2, 77.6]",,,,,,,,,,,,2.947615,,,,,,,,,,,,,7ab7cb24-b793-4d36-9090-85d98d9782cb,2247,,"[37.3, 69.8]",3920402,84,,,,,,,,,,,,,,,,,,,,,,,,,2,From Free Kick,Aïssa Mandi,6648.0,Right Center Back,126,Algeria,4898,"['62cce885-e43e-4de6-832b-9056934077e8', 'fc287af3-fbd5-41cd-94d4-5497098f620c', 'fbbd1f41-0c35-4295-8842-24e3b7167ee4']",13,,,,,,,,,,,,,,,,,,,Algeria,4898,00:39:13.769,Carry,True
,,,,,"[46.0, 77.2]",,,,,,,,,,,,0.548592,,,,,,,,,,,,,4f29c705-58d5-44ba-a592-e90dc43a9ee2,2256,,"[43.3, 77.6]",3920402,84,,,,,,,,,,,,,,,,,,,,,,,,,2,From Throw In,Youcef Atal,10040.0,Right Back,127,Algeria,4898,"['3867c653-3532-4ffa-88ff-4623922f525f', '38e9ff5b-eb8a-4aa3-a9df-e352054ee146']",31,,,,,,,,,,,,,,,,,,,Algeria,4898,00:39:31.133,Carry,
,,,,,"[34.3, 75.2]",,,,,,,,,,,,0.041736,,,,,,,,,,,,,17d8a3d3-10c5-429f-b8f1-8c134d50185f,2259,,"[34.5, 75.2]",3920402,84,,,,,,,,,,,,,,,,,,,,,,,,,2,From Throw In,Aïssa Mandi,6648.0,Right Center Back,127,Algeria,4898,"['65933c18-c891-4d66-9997-d4779e2f686b', 'e7564911-b24b-43f8-ab2a-a81d439a3201']",32,,,,,,,,,,,,,,,,,,,Algeria,4898,00:39:32.960,Carry,
,,,,,"[15.3, 43.7]",,,,,,,,,,,,1.262836,,,,,,,,,,,,,6e7ce2ad-2a9b-4788-a615-57b783282e5d,2262,,"[14.5, 47.5]",3920402,84,,,,,,,,,,,,,,,,,,,,,,,,,2,From Throw In,Anthony Louis Mandréa,41381.0,Goalkeeper,127,Algeria,4898,"['c4244539-34d3-417f-9dfb-0e813317e477', 'fa6d57a8-c032-4cc2-a47c-7b253c13e09b']",35,,,,,,,,,,,,,,,,,,,Algeria,4898,00:39:35.593,Carry,
,,,,,"[35.1, 26.0]",,,,,,,,,,,,0.437188,,,,,,,,,,,,,7c0f9ae2-32ea-4138-bd2f-2556592b48df,2265,,"[32.8, 28.1]",3920402,84,,,,,,,,,,,,,,,,,,,,,,,,,2,From Throw In,Ramy Bensebaini,3191.0,Left Center Back,127,Algeria,4898,"['e57bf30e-3f8b-4be3-b4d6-e99ed2b1fca9', '9bd7b17d-262b-4eaf-820d-fb83291e6014']",38,,,,,,,,,,,,,,,,,,,Algeria,4898,00:39:38.992,Carry,
,,,,,"[53.9, 20.0]",,,,,,,,,,,,2.833988,,,,,,,,,,,,,f3e0199e-8703-460e-8d5f-c5d5aca9bc07,2268,,"[44.6, 15.3]",3920402,84,,,,,,,,,,,,,,,,,,,,,,,,,2,From Throw In,Fares Chaïbi,217047.0,Left Defensive Midfield,127,Algeria,4898,"['c99bff11-2333-4dad-be96-bff225f9d1ff', 'c57dbe7d-04bc-4e59-a3ce-d76e3d6f30b4']",40,,,,,,,,,,,,,,,,,,,Algeria,4898,00:39:40.867,Carry,
,,,,,"[48.9, 30.4]",,,,,,,,,,,,1.2,,,,,,,,,,,,,8734c286-c5d1-4c5a-8a05-ba4c6ce4f00e,2271,,"[48.5, 30.3]",3920402,84,,,,,,,,,,,,,,,,,,,,,,,,,2,From Throw In,Ramy Bensebaini,3191.0,Left Center Back,127,Algeria,4898,"['d79e20b6-210c-432a-8d0d-4d91582c255b', '198bc2a2-8413-42d8-bed7-994f1c7ea19b']",45,,,,,,,,,,,,,,,,,,,Algeria,4898,00:39:45.040,Carry,
,,,,,"[56.4, 18.7]",,,,,,,,,,,,0.463109,,,,,,,,,,,,,008308b8-01f8-45e7-bef8-5d4df8019c2d,2275,,"[58.0, 21.2]",3920402,84,,,,,,,,,,,,,,,,,,,,,,,,,2,From Throw In,Fares Chaïbi,217047.0,Left Defensive Midfield,127,Algeria,4898,"['049cd49d-4b3b-41c3-be10-51133ab85bcc', '9ac1132a-1bfd-45e5-b75f-24dc342a0f30', 'e8288eb4-d0ca-4df0-818f-5c58cf7c352e']",47,,,,,,,,,,,,,,,,,,,Algeria,4898,00:39:47.595,Carry,True
,,,,,"[52.9, 35.7]",,,,,,,,,,,,1.726964,,,,,,,,,,,,,44806e59-aef6-431a-ba87-0013da6d3bc1,2278,,"[48.1, 30.3]",3920402,84,,,,,,,,,,,,,,,,,,,,,,,,,2,From Throw In,Ramy Bensebaini,3191.0,Left Center Back,127,Algeria,4898,"['d81b1f3f-45a9-4a13-b345-76f28137514c', 'f8981f24-a5b5-4198-b709-60c553652d4f']",49,,,,,,,,,,,,,,,,,,,Algeria,4898,00:39:49.269,Carry,
,,,,,"[64.1, 52.2]",,,,,,,,,,,,1.372544,,,,,,,,,,,,,569b5789-8d9a-43d6-9762-d683140225bc,2281,,"[57.4, 54.3]",3920402,84,,,,,,,,,,,,,,,,,,,,,,,,,2,From Throw In,Aïssa Mandi,6648.0,Right Center Back,127,Algeria,4898,"['df62f6b8-b656-4e75-ba26-884fdbea6c9f', 'c19478d1-196d-41ff-b395-7b0391e1372d']",52,,,,,,,,,,,,,,,,,,,Algeria,4898,00:39:52.956,Carry,
,,,,,"[72.1, 9.6]",,,,,,,,,,,,0.198582,,,,,,,,,,,,,30535440-24f6-4409-921e-03f4f3b04a5d,2284,,"[72.7, 10.7]",3920402,84,,,,,,,,,,,,,,,,,,,,,,,,,2,From Throw In,Fares Chaïbi,217047.0,Left Defensive Midfield,127,Algeria,4898,"['c49b4677-0c6d-4ffb-acdc-5e087920f659', 'b6ebfd72-8829-4e34-a4f7-fa7577cd716d']",55,,,,,,,,,,,,,,,,,,,Algeria,4898,00:39:55.862,Carry,
,,,,,"[42.7, 54.5]",,,,,,,,,,,,0.621358,,,,,,,,,,,,,f9cc742d-86b5-4166-991d-a4c4b1096987,2288,,"[41.0, 54.1]",3920402,84,,,,,,,,,,,,,,,,,,,,,,,,,2,From Counter,Dramane Salou,408160.0,Right Center Midfield,128,Burkina Faso,4921,"['add3b59c-2c95-4bef-b2c5-d6db66238db0', 'a58397ce-e636-4544-adcf-4e572478b7c1']",58,,,,,,,,,,,,,,,,,,,Burkina Faso,4921,00:39:58.436,Carry,
,,,,,"[58.2, 59.2]",,,,,,,,,,,,0.825679,,,,,,,,,,,,,7927a96a-f3ea-46ae-a4de-7cac750cf66e,2291,,"[55.7, 58.5]",3920402,85,,,,,,,,,,,,,,,,,,,,,,,,,2,From Counter,Issa Kabore,35471.0,Right Midfield,128,Burkina Faso,4921,"['52937215-0d00-42fb-829a-1472029bbf56', '0192e15a-b93d-46f1-b010-8a497d935bde', '41edafa9-8681-4618-ab68-e4def1afb6f3']",0,,,,,,,,,,,,,,,,,,,Burkina Faso,4921,00:40:00.549,Carry,True
,,,,,"[76.4, 5.4]",,,,,,,,,,,,4.639638,,,,,,,,,,,,,2802a0a5-8386-4f9a-8471-134b40cfa977,2296,,"[56.0, 12.6]",3920402,85,,,,,,,,,,,,,,,,,,,,,,,,,2,Regular Play,Fares Chaïbi,217047.0,Left Defensive Midfield,129,Algeria,4898,"['e0ea79f3-3556-419b-877f-c44a710e6cdb', '89370e21-2996-4229-88d8-1042d4052bd6']",2,,,,,,,,,,,,,,,,,,,Algeria,4898,00:40:02.636,Carry,
,,,,,"[89.2, 2.8]",,,,,,,,,,,,1.652704,,,,,,,,,,,,,129e3eda-7857-413a-98a6-e12c19ed3310,2299,,"[90.2, 1.6]",3920402,85,,,,,,,,,,,,,,,,,,,,,,,,,2,Regular Play,Mohamed El Amine Amoura,141358.0,Left Midfield,129,Algeria,4898,"['591a5018-898a-4fbf-9d25-960a1ad5fa2c', '720b0a21-5cac-4bd8-b845-93c5f1cc5408']",8,,,,,,,,,,,,,,,,,,,Algeria,4898,00:40:08.271,Carry,
,,,,,"[89.9, 14.8]",,,,,,,,,,,,1.790262,,,,,,,,,,,,,069a4842-e2bf-496e-8d82-f33ac0a5d776,2302,,"[81.4, 13.2]",3920402,85,,,,,,,,,,,,,,,,,,,,,,,,,2,Regular Play,Rayan Aït Nouri,12111.0,Left Back,129,Algeria,4898,"['23fa4042-1855-40b2-9cc9-d30e1647cc38', '635ed53d-7e49-4f06-8ea0-c1c960ee01e0']",10,,,,,,,,,,,,,,,,,,,Algeria,4898,00:40:10.938,Carry,
,,,,,"[103.6, 12.8]",,,,,,,,,,,,2.595789,,,,,,,,,,,,,113ab05e-2bf6-4f82-bef7-f4a03f509bf4,2305,,"[104.0, 10.7]",3920402,85,,,,,,,,,,,,,,,,,,,,,,,,,2,Regular Play,Fares Chaïbi,217047.0,Left Defensive Midfield,129,Algeria,4898,"['32d37492-d945-429d-8abf-04a22d6776c0', 'd655661d-2090-4d80-8fac-7ccf691b0a30']",13,,,,,,,,,,,,,,,,,,,Algeria,4898,00:40:13.969,Carry,
,,,,,"[27.5, 3.3]",,,,,,,,,,,,0.662979,,,,,,,,,,,,,efbeba19-efcb-4efd-9ddf-fce149544996,2315,,"[31.4, 3.3]",3920402,85,,,,,,,,,,,,,,,,,,,,,,,,,2,From Throw In,Fares Chaïbi,217047.0,Left Defensive Midfield,130,Algeria,4898,"['c0b77748-3d99-4652-8aef-7052e559f34c', '0a522baf-1316-402d-af1c-52b39e0d4d40']",53,,,,,,,,,,,,,,,,,,,Algeria,4898,00:40:53.936,Carry,
,,,,,"[19.0, 20.4]",,,,,,,,,,,,0.276262,,,,,,,,,,,,,fd7bf00e-81d4-41c8-8cfb-91e80a870182,2318,,"[14.9, 16.7]",3920402,85,,,,,,,,,,,,,,,,,,,,,,,,,2,From Throw In,Ramy Bensebaini,3191.0,Left Center Back,130,Algeria,4898,"['62ffdd18-760f-4a50-95a5-85c1f1719ff6', '4a1d05da-c3b2-484e-8d94-8c6f3436c07c']",56,,,,,,,,,,,,,,,,,,,Algeria,4898,00:40:56.599,Carry,
,,,,,"[33.4, 52.2]",,,,,,,,,,,,1.732178,,,,,,,,,,,,,8589f10a-c6d5-4b38-a19d-b72748b89a24,2321,,"[28.7, 49.1]",3920402,85,,,,,,,,,,,,,,,,,,,,,,,,,2,From Throw In,Aïssa Mandi,6648.0,Right Center Back,130,Algeria,4898,"['cff80e83-5b38-4759-9565-c05ce3fdd1ef', 'ca119011-9a5a-47f5-a123-6f16f57618bb']",59,,,,,,,,,,,,,,,,,,,Algeria,4898,00:40:59.078,Carry,
,,,,,"[58.0, 75.2]",,,,,,,,,,,,0.846503,,,,,,,,,,,,,43180430-e4eb-4b73-ae33-1b23eafb1613,2324,,"[56.8, 75.2]",3920402,86,,,,,,,,,,,,,,,,,,,,,,,,,2,From Throw In,Youcef Atal,10040.0,Right Back,130,Algeria,4898,"['25f60450-7151-4718-b57a-7a2cbfa37460', 'ac41b215-8c82-4e02-ae11-7a21355c0d81']",3,,,,,,,,,,,,,,,,,,,Algeria,4898,00:41:03.024,Carry,
,,,,,"[109.3, 58.2]",,,,,,,,,,,,1.556539,,,,,,,,,,,,,b36c651b-6f5f-4066-a72b-6503361cc37c,2327,,"[107.8, 58.8]",3920402,86,,,,,,,,,,,,,,,,,,,,,,,,,2,From Throw In,Adam Ounas,10448.0,Right Midfield,130,Algeria,4898,"['1ea38aa9-0d3d-4a7f-a662-19839bf310aa', '4c0e35ad-561d-4d9b-bfd8-cf2b740907b4', 'c0eeb33b-571f-46e3-9f13-66afbd1c9f75']",6,,,,,,,,,,,,,,,,,,,Algeria,4898,00:41:06.681,Carry,True
,,,,,"[111.9, 23.7]",,,,,,,,,,,,4.926734,,,,,,,,,,,,,181a2e5d-b841-467e-83da-3dcad2d0907e,2341,,"[86.6, 8.4]",3920402,86,,,,,,,,,,,,,,,,,,,,,,,,,2,From Throw In,Bertrand Isidore Traoré,2956.0,Center Forward,132,Burkina Faso,4921,"['b81eaa59-c758-4bb5-ae29-fc1073dcfaea', '8f52ef87-ea68-43b4-8581-1384a35e7eed']",37,,,,,,,,,,,,,,,,,,,Burkina Faso,4921,00:41:37.405,Carry,
,,,,,"[40.2, 18.1]",,,,,,,,,,,,3.983524,,,,,,,,,,,,,79544888-4adc-4344-92ed-5aa8170b8a91,2348,,"[29.7, 29.5]",3920402,86,,,,,,,,,,,,,,,,,,,,,,,,,2,From Goal Kick,Fares Chaïbi,217047.0,Left Defensive Midfield,133,Algeria,4898,"['bdc02a60-e093-4ed5-902e-4e9df2d1000e', '7c97907d-a7fe-4bc3-b3f7-645ceb5fe80b']",55,,,,,,,,,,,,,,,,,,,Algeria,4898,00:41:55.374,Carry,
,,,,,"[118.8, 28.1]",,,,,,,,,,,,3.891803,,,,,,,,,,,,,1a265c85-34df-46b4-a21b-872ce8a20c4f,2351,,"[97.5, 12.4]",3920402,87,,,,,,,,,,,,,,,,,,,,,,,,,2,From Goal Kick,Mohamed El Amine Amoura,141358.0,Left Midfield,133,Algeria,4898,"['aa3e9209-44bd-4673-bbbc-1197fcca1a42', '6a31cc4d-786b-493d-a62e-d98eb5996495', 'e381a6e9-0b90-434d-99cb-4cf67f9c6452']",2,,,,,,,,,,,,,,,,,,,Algeria,4898,00:42:02.531,Carry,True
,,,,,"[99.7, 72.7]",,,,,,,,,,,,3.116663,,,,,,,,,,,,,cbbf239d-15b7-4b5f-8b78-a83464fc6fb5,2357,,"[101.0, 74.5]",3920402,87,,,,,,,,,,,,,,,,,,,,,,,,,2,From Goal Kick,Adam Ounas,10448.0,Right Midfield,133,Algeria,4898,"['31b6252e-e1b9-4a83-ba53-69eba7d6664c', '806a3974-0088-4f8c-b819-60801ebb7dbd']",10,,,,,,,,,,,,,,,,,,,Algeria,4898,00:42:10.691,Carry,
,,,,,"[29.9, 42.1]",,,,,,,,,,,,0.014767001,,,,,,,,,,,,,f989acb9-f34c-4ac3-837a-4e92f18e31f4,2370,,"[30.3, 41.9]",3920402,87,,,,,,,,,,,,,,,,,,,,,,,,,2,From Free Kick,Fares Chaïbi,217047.0,Left Defensive Midfield,134,Burkina Faso,4921,"['fcf8a0ac-672c-4dc9-a5f1-89d03d528df3', 'd65d2915-c61e-4c98-a777-b58e339a8632']",59,,,,,,,,,,,,,,,,,,,Algeria,4898,00:42:59.579,Carry,
,,,,,"[83.5, 39.9]",,,,,,,,,,,,0.545242,,,,,,,,,,,,,cc4b365a-7a17-42ba-9ec0-c1ab0f2c77d1,2373,,"[83.2, 39.1]",3920402,88,,,,,,,,,,,,,,,,,,,,,,,,,2,From Free Kick,Ibrahim Blati Touré,23999.0,Left Center Midfield,134,Burkina Faso,4921,"['3f1b0a23-d423-4a2b-94cf-d40333e3b494', '59a16b2b-7177-4e6a-a701-109bb3828c20']",1,,,,,,,,,,,,,,,,,,,Burkina Faso,4921,00:43:01.437,Carry,
,,,,,"[14.8, 38.8]",,,,,,,,,,,,1.699456,,,,,,,,,,,,,e05710c2-0e5a-417d-91d1-ea0678897f45,2377,,"[8.0, 41.3]",3920402,88,,,,,,,,,,,,,,,,,,,,,,,,,2,Regular Play,Anthony Louis Mandréa,41381.0,Goalkeeper,135,Algeria,4898,"['c0cf106a-f99f-4fef-9ea7-302c199f7e24', '5e084807-e529-42fa-b672-8157ea5fe348']",3,,,,,,,,,,,,,,,,,,,Algeria,4898,00:43:03.981,Carry,
,,,,,"[55.7, 2.6]",,,,,,,,,,,,2.036166,,,,,,,,,,,,,b36e294f-46a4-49aa-91f4-549696f30c05,2380,,"[42.5, 2.9]",3920402,88,,,,,,,,,,,,,,,,,,,,,,,,,2,Regular Play,Islam Slimani,3811.0,Right Center Forward,135,Algeria,4898,"['b7f1b18d-b108-4032-81ea-1679afd6e364', '7adfe032-abfe-4324-b22f-59e41c0a29ca']",8,,,,,,,,,,,,,,,,,,,Algeria,4898,00:43:08.174,Carry,
,,,,,"[77.5, 1.6]",,,,,,,,,,,,2.709457,,,,,,,,,,,,,4eb166fd-1142-48b9-a0f1-e4a03be8c365,2383,,"[70.2, 0.6]",3920402,88,,,,,,,,,,,,,,,,,,,,,,,,,2,Regular Play,Mohamed El Amine Amoura,141358.0,Left Midfield,135,Algeria,4898,"['878372ae-c4cd-46f4-8425-adaaff9efe47', '6c037365-af6a-4e89-9176-1c14e57d2ad9', 'f25d8275-ead7-4ea3-8f69-b05b15efc083']",11,,,,,,,,,,,,,,,,,,,Algeria,4898,00:43:11.336,Carry,True
,,,,,"[87.4, 25.8]",,,,,,,,,,,,4.847527,,,,,,,,,,,,,f89770ea-c8d9-45e9-bdfa-1266f1ca26a8,2386,,"[77.5, 1.6]",3920402,88,,,,,,,,,,,,,,,,,,,,,,,,,2,Regular Play,Mohamed El Amine Amoura,141358.0,Left Midfield,135,Algeria,4898,"['5a8a1234-002e-455e-b2b0-60d96b4406f7', '878372ae-c4cd-46f4-8425-adaaff9efe47', '4743097a-b8ce-49cc-9999-82db51f8fc4c', '6c037365-af6a-4e89-9176-1c14e57d2ad9']",14,,,,,,,,,,,,,,,,,,,Algeria,4898,00:43:14.046,Carry,True
,,,,,"[89.4, 45.2]",,,,,,,,,,,,0.823069,,,,,,,,,,,,,3f34b478-1cb7-4a6d-94ab-43340b8478f1,2390,,"[90.3, 39.8]",3920402,88,,,,,,,,,,,,,,,,,,,,,,,,,2,Regular Play,Baghdad Bounedjah,103465.0,Left Center Forward,135,Algeria,4898,"['d848eec1-02d4-4ff8-90a8-269d165c651e', '033b221f-6433-4236-89de-e659cf14812f']",19,,,,,,,,,,,,,,,,,,,Algeria,4898,00:43:19.639,Carry,
,,,,,"[99.3, 61.3]",,,,,,,,,,,,3.242311,,,,,,,,,,,,,e6c930bb-3a34-4254-b107-65a1ec64f28a,2394,,"[98.1, 67.7]",3920402,88,,,,,,,,,,,,,,,,,,,,,,,,,2,Regular Play,Adam Ounas,10448.0,Right Midfield,135,Algeria,4898,"['5d6b89a5-ad96-4492-935b-194eb13d39a6', 'b7d25468-3282-47f5-b627-5aa002e47ec2']",22,,,,,,,,,,,,,,,,,,,Algeria,4898,00:43:22.248,Carry,
,,,,,"[42.3, 48.9]",,,,,,,,,,,,0.168219,,,,,,,,,,,,,22abaae8-e129-40f7-9531-f7fa428d7724,2401,,"[43.5, 48.6]",3920402,88,,,,,,,,,,,,,,,,,,,,,,,,,2,From Counter,Bertrand Isidore Traoré,2956.0,Center Forward,136,Burkina Faso,4921,"['9aceff3e-0340-4cd6-bf0e-be50692ae090', '861c24b7-00c3-431b-94d1-9d222b9bad37', '899ee5e1-2497-469a-b7b0-1b99a0e3ae6e']",30,,,,,,,,,,,,,,,,,,,Burkina Faso,4921,00:43:30.579,Carry,True
,,,,,"[56.1, 41.7]",,,,,,,,,,,,0.828024,,,,,,,,,,,,,d59e4c78-d0b1-4dfa-9479-9c159bd0e28f,2406,,"[49.1, 41.3]",3920402,88,,,,,,,,,,,,,,,,,,,,,,,,,2,From Counter,Ibrahim Blati Touré,23999.0,Left Center Midfield,136,Burkina Faso,4921,"['c11d0b1b-74e1-4fa0-b38c-eea7cb65a778', '256d492c-dc1a-4bab-aa95-21e941d4f98c']",32,,,,,,,,,,,,,,,,,,,Burkina Faso,4921,00:43:32.382,Carry,
,,,,,"[99.9, 46.3]",,,,,,,,,,,,1.455417,,,,,,,,,,,,,c23da27f-2651-4831-9dfb-c26b83f10fb6,2409,,"[90.4, 57.6]",3920402,88,,,,,,,,,,,,,,,,,,,,,,,,,2,From Counter,Issa Kabore,35471.0,Right Midfield,136,Burkina Faso,4921,"['ee5a0a69-a5a2-4add-bfc8-f9aa797c70ce', '0b4aa812-cbd5-4ca0-87e5-0669f09d6ef3', '13de7612-4f94-4363-a307-65cea16bc03c']",36,,,,,,,,,,,,,,,,,,,Burkina Faso,4921,00:43:36.136,Carry,True
,,,,,"[70.0, 7.0]",,,,,,,,,,,,0.915149,,,,,,,,,,,,,b24d1951-cb44-42ac-ab3b-45ddcc54462d,2418,,"[69.4, 8.5]",3920402,88,,,,,,,,,,,,,,,,,,,,,,,,,2,Regular Play,Fares Chaïbi,217047.0,Left Defensive Midfield,137,Algeria,4898,"['97010ceb-65ba-44fb-85f4-8f0e07c2ab5c', '71375cbe-67fe-4698-88aa-01852c0d3c83', '358af839-9b63-4bba-922b-fb68623b5c5c']",49,,,,,,,,,,,,,,,,,,,Algeria,4898,00:43:49.001,Carry,True
,,,,,"[21.6, 64.0]",,,,,,,,,,,,2.194552,,,,,,,,,,,,,97dd5baf-89da-4e64-9892-90c45b0b003a,2424,,"[17.9, 60.6]",3920402,88,,,,,,,,,,,,,,,,,,,,,,,,,2,Regular Play,Yacouba Nasser Djiga,136948.0,Right Back,138,Burkina Faso,4921,"['4be85bce-4313-41e3-a578-a206455ebddf', 'be5a19b0-71bc-4fe0-916e-ce86b010b1d2', '7dfe5f27-f284-4819-bc89-440d0b9be9d4', 'f73c4d48-836c-405e-bc37-c118f357e780']",52,,,,,,,,,,,,,,,,,,,Burkina Faso,4921,00:43:52.782,Carry,True
,,,,,"[29.0, 57.0]",,,,,,,,,,,,1.499135,,,,,,,,,,,,,9baf7de1-3ea3-40ea-95ca-f54e929e3da7,2428,,"[31.1, 56.4]",3920402,88,,,,,,,,,,,,,,,,,,,,,,,,,2,Regular Play,Ismahila Ouédraogo,106681.0,Center Defensive Midfield,138,Burkina Faso,4921,"['f3b3c703-7acd-4d53-9e7c-e8b293b08233', '4d47b810-d749-4564-99c0-53fd1e41bece']",55,,,,,,,,,,,,,,,,,,,Burkina Faso,4921,00:43:55.429,Carry,
,,,,,"[19.5, 37.8]",,,,,,,,,,,,1.599999,,,,,,,,,,,,,8d571eef-66a7-421b-b25a-2f12ef3e7ffb,2431,,"[20.3, 38.0]",3920402,88,,,,,,,,,,,,,,,,,,,,,,,,,2,Regular Play,Edmond Fayçal Tapsoba,30606.0,Left Center Back,138,Burkina Faso,4921,"['7034295a-3272-49bc-950c-ecec49fca201', '043aa334-e672-4b9d-bff8-9cab685fc28f', 'c057ea47-c78c-403a-a594-f88be922641f']",59,,,,,,,,,,,,,,,,,,,Burkina Faso,4921,00:43:59.099,Carry,True
,,,,,"[66.9, 58.0]",,,,,,,,,,,,4.113524,,,,,,,,,,,,,9cd0d418-6341-470c-b389-34ca48223cde,2435,,"[45.4, 70.4]",3920402,89,,,,,,,,,,,,,,,,,,,,,,,,,2,Regular Play,Dramane Salou,408160.0,Right Center Midfield,138,Burkina Faso,4921,"['d27685ba-fca7-4bfe-a5c2-f24e98cba29d', '287b1e56-e128-40af-a2af-cb4cecad9371']",2,,,,,,,,,,,,,,,,,,,Burkina Faso,4921,00:44:02.699,Carry,
,,,,,"[95.8, 59.2]",,,,,,,,,,,,6.929059,,,,,,,,,,,,,4be204e8-5dcb-4502-96c1-4ea4958ecc3a,2439,,"[81.7, 72.9]",3920402,89,,,,,,,,,,,,,,,,,,,,,,,,,2,Regular Play,Bertrand Isidore Traoré,2956.0,Center Forward,138,Burkina Faso,4921,"['457611bd-95bb-439a-870a-34663f4f9aca', '8fd88dc3-57ab-4794-b9a8-49a288906ac8', 'a230eab0-26fb-41c4-a401-137d123bad87']",8,,,,,,,,,,,,,,,,,,,Burkina Faso,4921,00:44:08.594,Carry,True
,,,,,"[91.0, 52.3]",,,,,,,,,,,,0.786377,,,,,,,,,,,,,6da265a5-6f6a-48cf-9284-ac86012d1a7c,2443,,"[93.3, 48.6]",3920402,89,,,,,,,,,,,,,,,,,,,,,,,,,2,Regular Play,Dramane Salou,408160.0,Right Center Midfield,138,Burkina Faso,4921,"['d0280359-da65-432d-ace0-bce6189de790', '4a8d8ebf-a93e-45eb-8b5f-c6216af86e86', '0ce6f599-e113-4578-ad33-30dea90b59cf']",16,,,,,,,,,,,,,,,,,,,Burkina Faso,4921,00:44:16.248,Carry,True
,,,,,"[120.0, 68.0]",,,,,,,,,,,,5.086687,,,,,,,,,,,,,c3c4cb39-30a6-4b89-a3c2-777c6ba4d4b3,2446,,"[97.4, 75.1]",3920402,89,,,,,,,,,,,,,,,,,,,,,,,,,2,Regular Play,Issa Kabore,35471.0,Right Midfield,138,Burkina Faso,4921,"['7f4e2fde-20cf-4bc5-9893-ab5128c6b3fd', 'd2b311ad-215a-47af-b25e-5739c3608232', '83c01a64-001a-49e8-8158-1e41782ff4b7']",18,,,,,,,,,,,,,,,,,,,Burkina Faso,4921,00:44:18.410,Carry,True
,,,,,"[55.4, 51.8]",,,,,,,,,,,,2.4,,,,,,,,,,,,,69ddfa06-55b3-4653-b00d-f806b228bf7f,2454,,"[49.0, 49.3]",3920402,90,,,,,,,,,,,,,,,,,,,,,,,,,2,From Goal Kick,Aïssa Mandi,6648.0,Right Center Back,139,Algeria,4898,"['70342ed7-d009-40b1-91d3-eba8ea7d57c9', '897364fc-2bba-4680-b098-407d6a614fa1']",8,,,,,,,,,,,,,,,,,,,Algeria,4898,00:45:08.020,Carry,
,,,,,"[68.4, 56.1]",,,,,,,,,,,,2.316808,,,,,,,,,,,,,534a3775-6d7c-4bc7-ac7d-af4b0a2c754e,2457,,"[69.2, 71.2]",3920402,90,,,,,,,,,,,,,,,,,,,,,,,,,2,From Goal Kick,Adam Ounas,10448.0,Right Midfield,139,Algeria,4898,"['a288adaf-b1c0-4783-a02b-c787657a6c5f', 'edf7ece1-9831-47b5-826d-e0fb1517fa06']",12,,,,,,,,,,,,,,,,,,,Algeria,4898,00:45:12.420,Carry,
,,,,,"[54.1, 34.3]",,,,,,,,,,,,2.489077,,,,,,,,,,,,,4f188f2c-8fe0-41e0-86ce-6bb8a02c93f4,2460,,"[52.0, 37.2]",3920402,90,,,,,,,,,,,,,,,,,,,,,,,,,2,From Goal Kick,Ramy Bensebaini,3191.0,Left Center Back,139,Algeria,4898,"['64c729a1-1b73-4e95-8c21-8efe4d82975a', '87f88dd4-4e9b-4a9c-82f0-ee4fe8061922']",16,,,,,,,,,,,,,,,,,,,Algeria,4898,00:45:16.322,Carry,
,,,,,"[62.4, 26.4]",,,,,,,,,,,,0.98022,,,,,,,,,,,,,d636c0ee-0843-4b6b-b205-620ac98b067d,2463,,"[62.4, 25.8]",3920402,90,,,,,,,,,,,,,,,,,,,,,,,,,2,From Goal Kick,Fares Chaïbi,217047.0,Left Defensive Midfield,139,Algeria,4898,"['0035d88e-02fd-4b5f-bc1d-f4f1b08dcf55', '7cebb6e7-785f-4396-b714-6879a8e63086']",19,,,,,,,,,,,,,,,,,,,Algeria,4898,00:45:19.809,Carry,
,,,,,"[73.5, 36.7]",,,,,,,,,,,,0.2117,,,,,,,,,,,,,37ff0054-e048-44a5-a7e4-6c7e37a15b11,2466,,"[72.5, 37.5]",3920402,90,,,,,,,,,,,,,,,,,,,,,,,,,2,From Goal Kick,Adam Ounas,10448.0,Right Midfield,139,Algeria,4898,"['7b1b4128-026a-4bdd-a4c6-24c410c7b5d9', '27e1c36f-c332-4e03-b9d8-7d6f748f520d', '253affdf-f5ea-4cca-9749-6c76bf702212']",21,,,,,,,,,,,,,,,,,,,Algeria,4898,00:45:21.944,Carry,True
,,,,,"[55.4, 58.2]",,,,,,,,,,,,2.174547,,,,,,,,,,,,,10159256-624f-4700-98e4-f233087bfe52,2470,,"[52.0, 58.4]",3920402,90,,,,,,,,,,,,,,,,,,,,,,,,,2,From Goal Kick,Aïssa Mandi,6648.0,Right Center Back,139,Algeria,4898,"['38a50d74-43e9-4957-a567-01136ef9f947', '5872cdbf-34a9-4d9a-9bf4-106334e17af8']",25,,,,,,,,,,,,,,,,,,,Algeria,4898,00:45:25.431,Carry,
,,,,,"[71.6, 65.0]",,,,,,,,,,,,2.311516,,,,,,,,,,,,,9305f74b-c559-42af-961e-f405c9beadac,2473,,"[63.2, 69.4]",3920402,90,,,,,,,,,,,,,,,,,,,,,,,,,2,From Goal Kick,Fares Chaïbi,217047.0,Left Defensive Midfield,139,Algeria,4898,"['5e9f7546-1902-47bd-aa67-7d8de3984be0', 'e0b06255-c6b5-4bea-a80b-c777be68c627']",28,,,,,,,,,,,,,,,,,,,Algeria,4898,00:45:28.886,Carry,
,,,,,"[17.3, 36.6]",,,,,,,,,,,,19.570213,,,,,,,,,,,,,39658c8d-83e6-4d1b-9929-1cbf8a49a770,2477,,"[4.1, 42.9]",3920402,90,,,,,,,,,,,,,,,,,,,,,,,,,2,From Goal Kick,Kouakou Herve Koffi,4388.0,Goalkeeper,139,Algeria,4898,"['38b6047c-fe9b-4ccc-a362-178f673433df', '23860670-ac77-476d-a464-f5a39874048c']",33,,,,,,,,,,,,,,,,,,,Burkina Faso,4921,00:45:33.599,Carry,
,,,,,"[56.2, 36.7]",,,,,,,,,,,,3.599999,,,,,,,,,,,,,27559df0-e5ec-409a-9ee8-df6ca4b62b54,2484,,"[52.4, 38.8]",3920402,91,,,,,,,,,,,,,,,,,,,,,,,,,2,From Free Kick,Ramiz Larbi Zerrouki,38345.0,Right Defensive Midfield,140,Algeria,4898,"['06139ea0-fcd1-41c0-b06b-3d38243fbe30', '702fec62-14a5-4fc0-ac74-5a28649dc980']",6,,,,,,,,,,,,,,,,,,,Algeria,4898,00:46:06.630,Carry,
,,,,,"[71.3, 74.8]",,,,,,,,,,,,0.969455,,,,,,,,,,,,,3bd4fd71-f340-4c2d-8b6e-3d309a974142,2487,,"[70.0, 74.1]",3920402,91,,,,,,,,,,,,,,,,,,,,,,,,,2,From Free Kick,Youcef Atal,10040.0,Right Back,140,Algeria,4898,"['24e06ced-1f35-4451-9e7c-b7dfaf44956a', '58d41bc2-d217-4a06-b8ae-2cea31df597d']",12,,,,,,,,,,,,,,,,,,,Algeria,4898,00:46:12.630,Carry,
,,,,,"[6.9, 4.5]",,,,,,,,,,,,2.612415,,,,,,,,,,,,,21547ca2-2742-4569-8d89-e95243587222,2491,,"[10.1, 19.4]",3920402,91,,,,,,,,,,,,,,,,,,,,,,,,,2,From Free Kick,Edmond Fayçal Tapsoba,30606.0,Left Center Back,140,Algeria,4898,"['728fc67b-8357-4dbb-a70b-24ca81ad6721', '588302f2-8532-470d-90e8-830346d3834b']",15,,,,,,,,,,,,,,,,,,,Burkina Faso,4921,00:46:15.653,Carry,
,,,,,"[67.1, 38.4]",,,,,,,,,,,,3.132647,,,,,,,,,,,,,2d1b4738-8205-477c-bfb5-baa010d674b6,2495,,"[58.9, 47.1]",3920402,91,,,,,,,,,,,,,,,,,,,,,,,,,2,From Free Kick,Ramy Bensebaini,3191.0,Left Center Back,140,Algeria,4898,"['613ce091-177d-4e69-a87f-ce040e85f069', '01a249c5-1ad6-4aa5-b0b2-ee076ce5bbe6']",23,,,,,,,,,,,,,,,,,,,Algeria,4898,00:46:23.755,Carry,
,,,,,"[72.3, 21.3]",,,,,,,,,,,,0.996665,,,,,,,,,,,,,f3af6601-acb8-47fa-a616-d89ad0d06c8e,2498,,"[71.0, 25.8]",3920402,91,,,,,,,,,,,,,,,,,,,,,,,,,2,From Free Kick,Ramiz Larbi Zerrouki,38345.0,Right Defensive Midfield,140,Algeria,4898,"['007f8c69-7b87-471c-bb4f-c53789555cec', '03ab360e-230a-4aa3-8413-5241edf53ab7']",28,,,,,,,,,,,,,,,,,,,Algeria,4898,00:46:28.130,Carry,
,,,,,"[114.4, 9.6]",,,,,,,,,,,,4.832684,,,,,,,,,,,,,7223f4f0-bbad-4c7a-96d5-3df5e9f0cf57,2501,,"[91.1, 1.2]",3920402,91,,,,,,,,,,,,,,,,,,,,,,,,,2,From Free Kick,Mohamed El Amine Amoura,141358.0,Left Midfield,140,Algeria,4898,"['df8ae824-680e-43f7-bef9-47b145193f5f', '2a0d4348-9077-4927-b019-26f5874fe750', 'f050054c-269c-4992-b350-0f8a1e817784']",30,,,,,,,,,,,,,,,,,,,Algeria,4898,00:46:30.937,Carry,True
,,,,,"[42.9, 29.9]",,,,,,,,,,,,0.695712,,,,,,,,,,,,,d7834b71-d189-47bb-9b39-a67e3208f0b0,2514,,"[41.7, 39.6]",3920402,93,,,,,,,,,,,,,,,,,,,,,,,,,2,Regular Play,Fares Chaïbi,217047.0,Left Defensive Midfield,143,Algeria,4898,"['e9692254-5d4a-476e-ae78-ef5519357654', '06eb9435-7909-4ed5-aff4-f4067f30795a']",38,,,,,,,,,,,,,,,,,,,Algeria,4898,00:48:38.065,Carry,
,,,,,"[46.3, 7.6]",,,,,,,,,,,,2.832904,,,,,,,,,,,,,a6064bdc-8ad0-41d6-ac62-9edaa14e6933,2517,,"[35.1, 12.1]",3920402,93,,,,,,,,,,,,,,,,,,,,,,,,,2,Regular Play,Rayan Aït Nouri,12111.0,Left Back,143,Algeria,4898,"['e80bc571-82c5-4ac4-b610-4308c05e69f5', '96958b4e-6b64-4662-9056-82de54e8d0b5']",40,,,,,,,,,,,,,,,,,,,Algeria,4898,00:48:40.127,Carry,
,,,,,"[56.4, 14.8]",,,,,,,,,,,,2.5784,,,,,,,,,,,,,1e2af9d0-6a28-408c-b87f-c008aff4d95a,2520,,"[48.6, 10.9]",3920402,93,,,,,,,,,,,,,,,,,,,,,,,,,2,Regular Play,Fares Chaïbi,217047.0,Left Defensive Midfield,143,Algeria,4898,"['3d895fb7-bcf6-4cb2-8b3e-9e5afbcdd74d', '4a5782e3-3ac0-4e1c-8511-67b38bb08d01']",43,,,,,,,,,,,,,,,,,,,Algeria,4898,00:48:43.378,Carry,
,,,,,"[14.0, 3.7]",,,,,,,,,,,,0.802451,,,,,,,,,,,,,34c1e7a6-ed20-4c26-b255-54b59c2f19a7,2541,,"[14.9, 3.1]",3920402,96,,,,,,,,,,,,,,,,,,,,,,,,,2,Regular Play,Fares Chaïbi,217047.0,Left Defensive Midfield,148,Algeria,4898,"['d1c07fd8-1789-4345-844c-35b8840be66c', '9628a2e2-685f-4967-a0b8-d79efa55e2e2']",0,,,,,,,,,,,,,,,,,,,Algeria,4898,00:51:00.584,Carry,
,,,,,"[14.9, 1.2]",,,,,,,,,,,,1.49926,,,,,,,,,,,,,994a18ec-1bf8-45cd-9fc2-c2be49ccdc4f,2544,,"[13.7, 4.7]",3920402,96,,,,,,,,,,,,,,,,,,,,,,,,,2,Regular Play,Ramy Bensebaini,3191.0,Left Center Back,148,Algeria,4898,"['1386f35f-9bad-4ea8-a4ec-8f42b7a387e0', '36112aa7-5f94-41af-98ab-28f69a884b5a']",1,,,,,,,,,,,,,,,,,,,Algeria,4898,00:51:01.793,Carry,
,,,,,"[77.8, 77.0]",,,,,,,,,,,,0.738542,,,,,,,,,,,,,a6b1412b-edda-4708-8181-5ba8e6531299,2549,,"[79.4, 75.2]",3920402,96,,,,,,,,,,,,,,,,,,,,,,,,,2,Regular Play,Dramane Salou,408160.0,Right Center Midfield,149,Burkina Faso,4921,"['4bdd885e-5747-44ef-b951-36b4c411bd28', 'fb6d6b7d-91ad-4122-9ff0-990a7d5d12d7', 'f0ae67dc-cc43-47ce-92ac-5c52575aa8f1']",7,,,,,,,,,,,,,,,,,,,Burkina Faso,4921,00:51:07.438,Carry,True
,,,,,"[58.0, 21.6]",,,,,,,,,,,,0.296203,,,,,,,,,,,,,55774915-19a9-4e4c-bfb4-4ea308c21201,2558,,"[58.0, 21.6]",3920402,96,,,,,,,,,,,,,,,,,,,,,,,,,2,Regular Play,Islam Slimani,3811.0,Right Center Forward,150,Algeria,4898,"['899c8528-69c0-4aee-a074-e20476514d9b', '2d21a93f-d8d8-43df-bb09-1686afb60a4a']",12,,,,,,,,,,,,,,,,,,,Algeria,4898,00:51:12.512,Carry,
,,,,,"[56.4, 6.6]",,,,,,,,,,,,0.208263,,,,,,,,,,,,,418fd04d-aed9-4389-987a-37192e8e1daf,2561,,"[56.2, 9.2]",3920402,96,,,,,,,,,,,,,,,,,,,,,,,,,2,Regular Play,Fares Chaïbi,217047.0,Left Defensive Midfield,150,Algeria,4898,"['d369660d-42c7-4c20-87c1-a9e4be212963', '791f5a1d-d0be-4e99-82d7-4bc74b08b149', '3a576c6b-2749-4266-bd7c-1dad2a1a7051']",14,,,,,,,,,,,,,,,,,,,Algeria,4898,00:51:14.872,Carry,True
,,,,,"[70.8, 2.0]",,,,,,,,,,,,0.558755,,,,,,,,,,,,,f9155f54-1844-4346-979a-010025e10caf,2567,,"[71.2, 1.4]",3920402,96,,,,,,,,,,,,,,,,,,,,,,,,,2,Regular Play,Mohamed El Amine Amoura,141358.0,Left Midfield,150,Algeria,4898,"['d0f0237d-913f-4de2-a688-7396d9ed9013', 'dd7af5e3-887e-4ad8-a857-71e01c81d79b']",17,,,,,,,,,,,,,,,,,,,Algeria,4898,00:51:17.055,Carry,
,,,,,"[72.9, 7.2]",,,,,,,,,,,,3.88687,,,,,,,,,,,,,aeaaf44b-3be4-4a75-ad52-a78f398d4f43,2577,,"[42.6, 4.5]",3920402,97,,,,,,,,,,,,,,,,,,,,,,,,,2,From Free Kick,Rayan Aït Nouri,12111.0,Left Back,151,Burkina Faso,4921,"['c60e9989-b5ee-47d9-8b8f-9825bdc2b563', '2dedea3e-bc63-4db0-985b-6a142f09da8b']",13,,,,,,,,,,,,,,,,,,,Algeria,4898,00:52:13.830,Carry,
,,,,,"[84.3, 11.3]",,,,,,,,,,,,1.939828,,,,,,,,,,,,,2752a791-5565-48d5-8734-415b7147aa21,2581,,"[89.0, 3.9]",3920402,97,,,,,,,,,,,,,,,,,,,,,,,,,2,From Free Kick,Mohamed El Amine Amoura,141358.0,Left Midfield,151,Burkina Faso,4921,"['1184f0b9-5e82-4b0a-b80f-7d42e17c404c', 'e6f3eee6-ac66-498f-a7a5-46795b28a3db', 'a3309327-a8d6-4e42-9742-2f91260ab1b4']",19,,,,,,,,,,,,,,,,,,,Algeria,4898,00:52:19.734,Carry,True
,,,,,"[37.7, 61.0]",,,,,,,,,,,,1.506897,,,,,,,,,,,,,e127c226-c5de-43bb-9067-418f75b6aed4,2585,,"[35.8, 68.8]",3920402,97,,,,,,,,,,,,,,,,,,,,,,,,,2,From Free Kick,Issa Kabore,35471.0,Right Midfield,151,Burkina Faso,4921,"['e48070e0-1714-41bd-9728-8910d51b742c', 'ae0e5f6c-9c96-49f7-b58e-1b1da952250f']",21,,,,,,,,,,,,,,,,,,,Burkina Faso,4921,00:52:21.673,Carry,
,,,,,"[49.7, 52.9]",,,,,,,,,,,,0.095667,,,,,,,,,,,,,f9de2fa1-b711-4bed-945e-c750359c13a8,2589,,"[51.7, 55.0]",3920402,97,,,,,,,,,,,,,,,,,,,,,,,,,2,From Free Kick,Bertrand Isidore Traoré,2956.0,Center Forward,151,Burkina Faso,4921,"['5cf1349a-492d-46ff-9832-b4a199c1f1ce', '1ef2d000-1412-4eff-9615-4977cc717c1d', '8677e371-be1d-4080-b23c-9c4e23984491']",24,,,,,,,,,,,,,,,,,,,Burkina Faso,4921,00:52:24.033,Carry,True
,,,,,"[49.7, 51.8]",,,,,,,,,,,,2.026348,,,,,,,,,,,,,284c3050-644c-4776-ba67-baa8ffecb2b7,2592,,"[44.3, 45.9]",3920402,97,,,,,,,,,,,,,,,,,,,,,,,,,2,From Free Kick,Ibrahim Blati Touré,23999.0,Left Center Midfield,151,Burkina Faso,4921,"['11a32d5e-a9d9-4089-a9da-4e58db1dc192', '4d5910c2-f281-4fdc-83cb-3811d5ca3cfc', '8976611b-8da0-4321-8789-3fae558e59aa']",25,,,,,,,,,,,,,,,,,,,Burkina Faso,4921,00:52:25.375,Carry,True
,,,,,"[59.3, 40.7]",,,,,,,,,,,,4.604932,,,,,,,,,,,,,33422a3d-04d3-4d5a-8d48-ac8f5599f23f,2600,,"[83.0, 39.6]",3920402,98,,,,,,,,,,,,,,,,,,,,,,,,,2,From Free Kick,Ramiz Larbi Zerrouki,38345.0,Right Defensive Midfield,152,Algeria,4898,"['19acdb48-5715-4c37-bcb7-1a461582dfe5', '74241ff0-b7c6-43f1-9556-d4bf2829fde2']",4,,,,,,,,,,,,,,,,,,,Algeria,4898,00:53:04.197,Carry,
,,,,,"[34.3, 38.6]",,,,,,,,,,,,3.48256,,,,,,,,,,,,,87c46480-d6b9-4e18-9789-5359e220d1e8,2603,,"[33.8, 38.6]",3920402,98,,,,,,,,,,,,,,,,,,,,,,,,,2,From Free Kick,Anthony Louis Mandréa,41381.0,Goalkeeper,152,Algeria,4898,"['bd6363f1-0895-4a0e-ad61-a0dd6365c967', 'aa2c5a60-6a6c-4b3e-a504-e530b7eac4e5']",11,,,,,,,,,,,,,,,,,,,Algeria,4898,00:53:11.251,Carry,
,,,,,"[81.1, 18.7]",,,,,,,,,,,,2.036152,,,,,,,,,,,,,80ec778e-07dd-4578-8c0f-747a9589208b,2612,,"[80.3, 20.0]",3920402,98,,,,,,,,,,,,,,,,,,,,,,,,,2,From Free Kick,Fares Chaïbi,217047.0,Left Defensive Midfield,152,Algeria,4898,"['10eddc00-75ef-42c3-b290-ac558b0ccc2a', '5e10e5a2-2b79-4bef-94df-2e6ab4aaea75']",22,,,,,,,,,,,,,,,,,,,Algeria,4898,00:53:22.952,Carry,
,,,,,"[99.7, 5.7]",,,,,,,,,,,,1.653968,,,,,,,,,,,,,63076128-e121-4e24-a1fd-9d9e974e9517,2615,,"[100.6, 3.1]",3920402,98,,,,,,,,,,,,,,,,,,,,,,,,,2,From Free Kick,Mohamed El Amine Amoura,141358.0,Left Midfield,152,Algeria,4898,"['e8b8848c-58b8-4a12-a51a-a04a26e31296', '4427e2e9-cba9-4f36-abf7-6a33cc045153']",26,,,,,,,,,,,,,,,,,,,Algeria,4898,00:53:26.768,Carry,
,,,,,"[89.0, 50.2]",,,,,,,,,,,,1.986034,,,,,,,,,,,,,2a8cb6d5-3b62-451b-97ba-afa45d474ab5,2620,,"[85.9, 54.9]",3920402,98,,,,,,,,,,,,,,,,,,,,,,,,,2,From Free Kick,Youcef Atal,10040.0,Right Back,152,Algeria,4898,"['21d381e2-0753-4e7d-9d37-fb40169afac1', '204dfb25-d239-4a91-9c1e-39272ef3c146']",32,,,,,,,,,,,,,,,,,,,Algeria,4898,00:53:32.058,Carry,
,,,,,"[102.2, 15.2]",,,,,,,,,,,,0.196734,,,,,,,,,,,,,1e3110e6-3814-4790-8b19-b4110ea7ac54,2624,,"[101.6, 13.8]",3920402,98,,,,,,,,,,,,,,,,,,,,,,,,,2,From Free Kick,Mohamed El Amine Amoura,141358.0,Left Midfield,152,Algeria,4898,"['873747c4-f6e8-4cf8-9ea6-0a49c7d5e6e0', '8bc75dc7-da16-4601-a876-ebe98c985f16']",35,,,,,,,,,,,,,,,,,,,Algeria,4898,00:53:35.671,Carry,
,,,,,,,,,,,,,,,,Aerial Lost,0.0,,,,,,,,,,,,,31d53efa-ca2f-4f99-8b80-1b555d69cfc8,35,,"[88.0, 71.6]",3920402,1,,,,,,,,,,,,,,,,,,,,,,,,,1,From Goal Kick,Issa Kabore,35471.0,Right Wing,3,Burkina Faso,4921,['88dcb356-e8bf-4b2b-bf9e-73287fc74baf'],0,,,,,,,,,,,,,,,,,,,Burkina Faso,4921,00:01:00.160,Duel,True
,,,,,,,,,,,,,,,Success In Play,Tackle,0.0,,,,,,,,,,,,,8342a7ce-1cf1-4332-8277-88ae0bb4da15,87,,"[32.2, 8.5]",3920402,1,,,,,,,,,,,,,,,,,,,,,,,,,1,From Throw In,Abdoul Fessal Tapsoba,43705.0,Left Wing,4,Algeria,4898,['68400833-e742-48e4-991f-84e89b43d068'],57,,,,,,,,,,,,,,,,,,,Burkina Faso,4921,00:01:57.897,Duel,True
,,,,,,,,,,,,True,,,Success In Play,Tackle,0.0,,,,,,,,,,,,,9e49a4dc-d60a-4fd8-a8f5-0ce2a38def25,95,,"[80.2, 60.9]",3920402,2,,,,,,,,,,,,,,,,,,,,,,,,,1,From Throw In,Riyad Mahrez,3814.0,Right Wing,4,Algeria,4898,['432509d4-35a9-4b56-bd61-a35b432c1346'],2,,,,,,,,,,,,,,,,,,,Algeria,4898,00:02:02.279,Duel,True
,,,,,,,,,,,,True,,,Won,Tackle,0.0,,,,,,,,,,,,,90c76f4e-ecf9-4c67-8c60-f9ecac7d6e7d,100,,"[38.4, 23.7]",3920402,2,,,,,,,,,,,,,,,,,,,,,,,,,1,Regular Play,Adama Guira,24411.0,Right Defensive Midfield,5,Burkina Faso,4921,['b50c8bbd-f276-4999-896d-a3014d998db0'],3,,,,,,,,,,,,,,,,,,,Burkina Faso,4921,00:02:03.695,Duel,True
,,,,,,,,,,,,True,,,Won,Tackle,0.0,,,,,,,,,,,,,af621b8a-7d70-45ee-8114-bdb05da68ec3,120,,"[5.9, 12.6]",3920402,2,,,,,,,,,,,,,,,,,,,,,,,,,1,Regular Play,Mohamed Youcef Belaïli,103464.0,Left Wing,7,Algeria,4898,['209bc146-4b80-4486-b99b-271eeda391e0'],42,,,,,,,,,,,,,,,,,,,Algeria,4898,00:02:42.969,Duel,True
,,,,,,,,,,,,True,,,Success In Play,Tackle,0.0,,,,,,,,,,,,,24306919-923a-42a1-88e7-8f55ea108ccf,155,,"[29.9, 72.9]",3920402,3,,,,,,,,,,,,,,,,,,,,,,,,,1,Regular Play,Adamo Nagalo,99280.0,Right Back,8,Burkina Faso,4921,['319ed848-7972-4c0c-9b8b-35bd8f833b6b'],24,,,,,,,,,,,,,,,,,,,Burkina Faso,4921,00:03:24.717,Duel,True
,,,,,,,,,,,,,,,,Aerial Lost,0.0,,,,,,,,,,,,,8d7138a9-f277-4832-aab7-b79aa068d97b,246,,"[9.5, 48.3]",3920402,5,,,,,,,,,,,,,,,,,,,,,,,,,1,From Goal Kick,Aïssa Mandi,6648.0,Right Center Back,11,Burkina Faso,4921,['76f629f8-50c9-4a28-a350-7daee90c231c'],45,,,,,,,,,,,,,,,,,,,Algeria,4898,00:05:45.209,Duel,True
,,,,,,,,,,,,,,,Lost Out,Tackle,0.0,,,,,,,,,,,,,60bb199b-fbb4-4936-9903-e0288514233d,316,,"[26.0, 4.7]",3920402,6,,,,,,,,,,,,,,,,,,,,,,,,,1,From Keeper,Steeve Yago,3035.0,Left Back,13,Algeria,4898,['6509155e-9032-4523-9f7f-80923bc3c74a'],49,,,,,,,,,,,,,,,,,,,Burkina Faso,4921,00:06:49.153,Duel,True
,,,,,,,,,,,,,,,Lost In Play,Tackle,0.0,,,,,,,,,,,,,3f06c8ca-22b0-4da1-9eea-7561c583c497,547,,"[38.3, 74.3]",3920402,14,,,,,,,,,,,,,,,,,,,,,,,,,1,From Keeper,Youcef Atal,10040.0,Right Back,27,Burkina Faso,4921,['9738318b-8512-4530-b394-2b08862ae8e2'],34,,,,,,,,,,,,,,,,,,,Algeria,4898,00:14:34.607,Duel,True
,,,,,,,,,,,,,,,Success In Play,Tackle,0.0,,,,,,,,,,,,,3f86957a-b085-4bc2-9af7-1c78981bc212,559,,"[27.6, 69.0]",3920402,14,,,,,,,,,,,,,,,,,,,,,,,,,1,From Keeper,Youcef Atal,10040.0,Right Back,27,Burkina Faso,4921,['de7440d6-5e14-4971-8173-3c8d76079448'],43,,,,,,,,,,,,,,,,,,,Algeria,4898,00:14:43.282,Duel,True
,,,,,,,,,,,,True,,,Success In Play,Tackle,0.0,,,,,,,,,,,,,60f9653e-f998-47f9-9b77-a8f212a06c63,583,,"[52.8, 21.9]",3920402,15,,,,,,,,,,,,,,,,,,,,,,,,,1,From Keeper,Ibrahim Blati Touré,23999.0,Left Defensive Midfield,27,Burkina Faso,4921,['743b3d5d-f9aa-4c64-bc44-49f21f142b53'],15,,,,,,,,,,,,,,,,,,,Burkina Faso,4921,00:15:15.390,Duel,True
,,,,,,,,,,,,,,,Success In Play,Tackle,0.0,,,,,,,,,,,,,50ece68f-9092-4d62-8008-fca3936e8532,625,,"[9.3, 50.5]",3920402,17,,,,,,,,,,,,,,,,,,,,,,,,,1,From Free Kick,Adamo Nagalo,99280.0,Right Back,29,Algeria,4898,['638d2283-a8f5-415f-b006-5e570e0e5d31'],59,,,,,,,,,,,,,,,,,,,Burkina Faso,4921,00:17:59.823,Duel,True
,,,,,,,,,,,,,,,Lost In Play,Tackle,0.0,,,,,,,,,,,,,ad5b1f6b-2ae7-46c1-a2dd-e56b8f2019f4,655,,"[9.5, 4.1]",3920402,18,,,,,,,,,,,,,,,,,,,,,,,,,1,From Free Kick,Steeve Yago,3035.0,Left Back,29,Algeria,4898,['005541c0-047d-4dc2-9d54-efcc769b60b0'],28,,,,,,,,,,,,,,,,,,,Burkina Faso,4921,00:18:28.154,Duel,True
,,,,,,,,,,,,,,,,Aerial Lost,0.0,,,,,,,,,,,,,4cddbf3b-28dc-4500-82d1-aef607040535,707,,"[16.3, 41.5]",3920402,19,,,,,,,,,,,,,,,,,,,,,,,,,1,Regular Play,Edmond Fayçal Tapsoba,30606.0,Left Center Back,31,Algeria,4898,['d2d8a93c-4370-4247-ba81-e5b7083da6d3'],59,,,,,,,,,,,,,,,,,,,Burkina Faso,4921,00:19:59.740,Duel,True
,,,,,,,,,,,,,,,Lost Out,Tackle,0.0,,,,,,,,,,,,,655e9622-43bc-49c7-8577-98059998fc39,784,,"[56.9, 70.1]",3920402,25,,,,,,,,,,,,,,,,,,,,,,,,,1,From Goal Kick,Riyad Mahrez,3814.0,Right Wing,37,Burkina Faso,4921,['55291e01-5960-4e16-9723-94158e1df9b1'],53,,,,,,,,,,,,,,,,,,,Algeria,4898,00:25:53.976,Duel,True
,,,,,,,,,,,,,,,,Aerial Lost,0.0,,,,,,,,,,,,,4fdd26ff-d21b-4a72-84b4-6532752bbf2b,855,,"[33.9, 63.8]",3920402,27,,,,,,,,,,,,,,,,,,,,,,,,,1,From Goal Kick,Adama Guira,24411.0,Right Defensive Midfield,41,Algeria,4898,['213f3630-a916-49fe-afce-c658e6254767'],58,,,,,,,,,,,,,,,,,,,Burkina Faso,4921,00:27:58.246,Duel,True
,,,,,,,,,,,,,,,,Aerial Lost,0.0,,,,,,,,,,,,,bc489382-7503-42cb-9ed1-75da19a25625,869,,"[58.2, 65.5]",3920402,28,,,,,,,,,,,,,,,,,,,,,,,,,1,From Goal Kick,Mohamed Konaté,43920.0,Center Forward,41,Algeria,4898,['bb721b9d-501d-45f8-b142-b30f4ad49d79'],5,,,,,,,,,,,,,,,,,,,Burkina Faso,4921,00:28:05.937,Duel,True
,,,,,,,,,,,,,,,,Aerial Lost,0.0,,,,,,,,,,,,,20b9b0f1-7436-4e77-87d0-1d7bc816ea8a,871,,"[80.3, 17.5]",3920402,28,,,,,,,,,,,,,,,,,,,,,,,,,1,From Goal Kick,Rayan Aït Nouri,12111.0,Left Back,41,Algeria,4898,['36d0357e-3079-4950-a1e1-8207680e6ba5'],8,,,,,,,,,,,,,,,,,,,Algeria,4898,00:28:08.666,Duel,True
,,,,,,,,,,,,,,,,Aerial Lost,0.0,,,,,,,,,,,,,0ec23aaf-36d1-4ed6-bd9f-879522358417,875,,"[50.6, 67.7]",3920402,28,,,,,,,,,,,,,,,,,,,,,,,,,1,From Goal Kick,Gustavo Fabrice Sangaré,45466.0,Center Attacking Midfield,41,Algeria,4898,['c94d7998-b6f3-499a-a8d2-c6894925b70d'],10,,,,,,,,,,,,,,,,,,,Burkina Faso,4921,00:28:10.515,Duel,True
,,,,,,,,,,,,,,,,Aerial Lost,0.0,,,,,,,,,,,,,23dd4a5c-6d50-4a41-bfd9-50cc5559e875,914,,"[109.6, 39.0]",3920402,29,,,,,,,,,,,,,,,,,,,,,,,,,1,From Goal Kick,Baghdad Bounedjah,103465.0,Center Forward,42,Algeria,4898,['38ec5de1-ba46-4024-9e67-f22536bd23bb'],52,,,,,,,,,,,,,,,,,,,Algeria,4898,00:29:52.082,Duel,True
,,,,,,,,,,,,,,,,Aerial Lost,0.0,,,,,,,,,,,,,36b6f407-90ec-451b-902f-33f12ba20d94,926,,"[42.9, 77.5]",3920402,30,,,,,,,,,,,,,,,,,,,,,,,,,1,From Goal Kick,Youcef Atal,10040.0,Right Back,43,Burkina Faso,4921,['04108572-ebe4-4db0-82bf-9570a03b6efe'],32,,,,,,,,,,,,,,,,,,,Algeria,4898,00:30:32.689,Duel,True
,,,,,,,,,,,,True,,,,Aerial Lost,0.0,,,,,,,,,,,,,0f702373-55b6-4e29-a2e3-e73496e9b083,930,,"[79.3, 6.1]",3920402,30,,,,,,,,,,,,,,,,,,,,,,,,,1,From Counter,Abdoul Fessal Tapsoba,43705.0,Left Wing,44,Algeria,4898,['f944e8d1-000d-4f64-9831-1c79f0648a29'],36,,,,,,,,,,,,,,,,,,,Burkina Faso,4921,00:30:36.196,Duel,True
,,,,,,,,,,,,,,,,Aerial Lost,0.0,,,,,,,,,,,,,8b76da68-b218-49da-bd55-85f78395184a,978,,"[3.4, 58.2]",3920402,32,,,,,,,,,,,,,,,,,,,,,,,,,1,From Free Kick,Nabil Bentaleb,8520.0,Right Defensive Midfield,46,Burkina Faso,4921,['5a23b961-6ed1-4e13-a04a-1689bab4f852'],27,,,,,,,,,,,,,,,,,,,Algeria,4898,00:32:27.398,Duel,True
,,,,,,,,,,,,,,,Lost Out,Tackle,0.0,,,,,,,,,,,,,8cf8eb9b-1fc2-43a9-b321-d9f998d1b3c3,1121,,"[47.6, 19.0]",3920402,37,,,,,,,,,,,,,,,,,,,,,,,,,1,From Free Kick,Ramiz Larbi Zerrouki,38345.0,Left Defensive Midfield,50,Burkina Faso,4921,['31478f30-8057-4b14-bdf0-1cf12ec86fdd'],30,,,,,,,,,,,,,,,,,,,Algeria,4898,00:37:30.137,Duel,True
,,,,,,,,,,,,True,,,Success Out,Tackle,0.0,,,,,,,,,,,,,0a6975d0-9087-4ced-977a-cf81e95d4a18,1176,,"[86.3, 3.7]",3920402,40,,,,,,,,,,,,,,,,,,,,,,,,,1,Regular Play,Mohamed Youcef Belaïli,103464.0,Left Wing,54,Algeria,4898,['1eb4c129-8df9-42eb-bd39-527e4adadfc3'],3,,,,,,,,,,,,,,,,,,,Algeria,4898,00:40:03.409,Duel,True
,,,,,,,,,,,,True,,,Success In Play,Tackle,0.0,,,,,,,,,,,,,c3882ca7-ebd7-4c6a-9705-dc21fceb7c8b,1288,,"[30.0, 38.2]",3920402,42,,,,,,,,,,,,,,,,,,,,,,,,,1,Regular Play,Ramy Bensebaini,3191.0,Left Center Back,59,Algeria,4898,['4c946caf-4406-4c9a-b36f-89100c91f0c0'],47,,,,,,,,,,,,,,,,,,,Algeria,4898,00:42:47.964,Duel,True
,,,,,,,,,,,,True,,,Won,Tackle,0.0,,,,,,,,,,,,,02731e67-98a4-4bc0-8567-560ebda8a4ee,1315,,"[98.4, 55.0]",3920402,43,,,,,,,,,,,,,,,,,,,,,,,,,1,Regular Play,Ramiz Larbi Zerrouki,38345.0,Left Defensive Midfield,59,Algeria,4898,['73cffd6b-40a7-47ab-82a8-61ba072a21b6'],21,,,,,,,,,,,,,,,,,,,Algeria,4898,00:43:21.224,Duel,True
,,,,,,,,,,,,,,,Lost In Play,Tackle,0.0,,,,,,,,,,,,,3e27eaff-4610-43bc-911d-4b0899d20cec,1455,,"[34.7, 2.8]",3920402,45,,,,,,,,,,,,,,,,,,,,,,,,,2,From Kick Off,Rayan Aït Nouri,12111.0,Left Back,70,Burkina Faso,4921,['34c5bdf4-1626-47c1-82f1-25bcbc9b7199'],9,,,,,,,,,,,,,,,,,,,Algeria,4898,00:00:09.455,Duel,True
,,,,,,,,,,,,,,,,Aerial Lost,0.0,,,,,,,,,,,,,25ad1e20-527a-4604-811e-26ee1cdfd046,1511,,"[56.5, 19.7]",3920402,47,,,,,,,,,,,,,,,,,,,,,,,,,2,Regular Play,Edmond Fayçal Tapsoba,30606.0,Left Center Back,75,Algeria,4898,['0322c2bd-77f2-4f85-a30c-3d629b67f1c4'],57,,,,,,,,,,,,,,,,,,,Burkina Faso,4921,00:02:57.592,Duel,True
,,,,,,,,,,,,,,,,Aerial Lost,0.0,,,,,,,,,,,,,06dcfd60-0777-4176-8430-68bf30ebf7de,1611,,"[76.2, 28.9]",3920402,52,,,,,,,,,,,,,,,,,,,,,,,,,2,From Goal Kick,Mohamed Konaté,43920.0,Center Forward,85,Burkina Faso,4921,['005d2b78-bbff-45b0-979a-ae939d44f6c6'],43,,,,,,,,,,,,,,,,,,,Burkina Faso,4921,00:07:43.334,Duel,True
,,,,,,,,,,,,True,,,,Aerial Lost,0.0,,,,,,,,,,,,,e070d64b-60d5-4e3c-a067-290befd16aed,1614,,"[69.7, 33.8]",3920402,52,,,,,,,,,,,,,,,,,,,,,,,,,2,Regular Play,Gustavo Fabrice Sangaré,45466.0,Right Center Midfield,86,Algeria,4898,['54f9ca89-0455-4052-9940-671fe97c5520'],44,,,,,,,,,,,,,,,,,,,Burkina Faso,4921,00:07:44.354,Duel,True
,,,,,,,,,,,,,,,Success Out,Tackle,0.0,,,,,,,,,,,,,59ed4256-dc52-4fe2-86db-9b7b4e22732c,1664,,"[2.4, 16.3]",3920402,56,,,,,,,,,,,,,,,,,,,,,,,,,2,From Throw In,Baghdad Bounedjah,103465.0,Center Forward,91,Burkina Faso,4921,['de69125b-b300-459e-976a-5690f2f3159c'],27,,,,,,,,,,,,,,,,,,,Algeria,4898,00:11:27.470,Duel,True
,,,,,,,,,,,,,,,Lost In Play,Tackle,0.0,,,,,,,,,,,,,73b806cf-839a-484f-8624-d83d6e3233ca,1695,,"[19.1, 76.8]",3920402,57,,,,,,,,,,,,,,,,,,,,,,,,,2,From Goal Kick,Issa Kabore,35471.0,Right Midfield,92,Algeria,4898,['a47532a7-7c08-482a-b9b7-f803d8e67e0e'],12,,,,,,,,,,,,,,,,,,,Burkina Faso,4921,00:12:12.897,Duel,True
,,,,,,,,,,,,,,,Won,Tackle,0.0,,,,,,,,,,,,,9dfbd291-bed8-4345-b086-f48185570bab,1755,,"[2.8, 12.8]",3920402,60,,,,,,,,,,,,,,,,,,,,,,,,,2,From Goal Kick,Rayan Aït Nouri,12111.0,Left Back,93,Burkina Faso,4921,['36b2a430-3e34-4dd5-b4a6-d928fd647769'],9,,,,,,,,,,,,,,,,,,,Algeria,4898,00:15:09.554,Duel,True
,,,,,,,,,,,,True,,,Won,Tackle,0.0,,,,,,,,,,,,,f4ad41a1-de52-45ef-b991-e1d5b5410d46,1759,,"[118.1, 69.6]",3920402,60,,,,,,,,,,,,,,,,,,,,,,,,,2,From Goal Kick,Issa Kabore,35471.0,Right Midfield,93,Burkina Faso,4921,['ac6c1248-59ac-45ca-87d2-51fd3cf87121'],10,,,,,,,,,,,,,,,,,,,Burkina Faso,4921,00:15:10.732,Duel,True
,,,,,,,,,,,,,,,Lost In Play,Tackle,0.0,,,,,,,,,,,,,b4502347-bea2-4fd4-aa64-fbeb7accd772,1792,,"[51.0, 49.7]",3920402,60,,,,,,,,,,,,,,,,,,,,,,,,,2,Regular Play,Mohamed El Amine Amoura,141358.0,Center Attacking Midfield,95,Burkina Faso,4921,['2c76ebc8-4de7-4a26-8cb7-9ed8b948371e'],41,,,,,,,,,,,,,,,,,,,Algeria,4898,00:15:41.517,Duel,True
,,,,,,,,,,,,True,,,Success In Play,Tackle,0.0,,,,,,,,,,,,,bc509560-d8b0-4d56-904f-bd9b3b01a787,1849,,"[54.5, 39.6]",3920402,63,,,,,,,,,,,,,,,,,,,,,,,,,2,Regular Play,Mohamed El Amine Amoura,141358.0,Center Attacking Midfield,101,Algeria,4898,['72754c5d-05f9-46cd-bd7b-ab2087234ea1'],28,,,,,,,,,,,,,,,,,,,Algeria,4898,00:18:28.214,Duel,True
,,,,,,,,,,,,,,,,Aerial Lost,0.0,,,,,,,,,,,,,e47c5ba9-4312-40fc-a2f4-12f4916aa101,1996,,"[37.0, 74.5]",3920402,73,,,,,,,,,,,,,,,,,,,,,,,,,2,Regular Play,Youcef Atal,10040.0,Right Back,109,Burkina Faso,4921,['61f08ffb-a6ac-4bc4-93ad-df6cacd5415e'],48,,,,,,,,,,,,,,,,,,,Algeria,4898,00:28:48.167,Duel,True
,,,,,,,,,,,,,,,,Aerial Lost,0.0,,,,,,,,,,,,,ac36ca2a-03b6-4bf7-a743-5e4be03c2d2b,1999,,"[91.2, 22.3]",3920402,73,,,,,,,,,,,,,,,,,,,,,,,,,2,Regular Play,Bertrand Isidore Traoré,2956.0,Center Forward,109,Burkina Faso,4921,['ae4039c0-ad77-44d5-b808-66b8924fa875'],50,,,,,,,,,,,,,,,,,,,Burkina Faso,4921,00:28:50.219,Duel,True
,,,,,,,,,,,,,,,Success In Play,Tackle,0.0,,,,,,,,,,,,,85b61fe8-cea4-4d6c-ba4c-cf4208302dc8,2040,,"[15.2, 75.4]",3920402,74,,,,,,,,,,,,,,,,,,,,,,,,,2,Regular Play,Adamo Nagalo,99280.0,Right Back,110,Algeria,4898,['aea0398d-1102-4c21-b530-747bae04078e'],39,,,,,,,,,,,,,,,,,,,Burkina Faso,4921,00:29:39.485,Duel,True
,,,,,,,,,,,,True,,,Lost Out,Tackle,0.0,,,,,,,,,,,,,5cbe2cde-0382-4c22-a57c-1b7943e929cd,2085,,"[77.0, 3.7]",3920402,76,,,,,,,,,,,,,,,,,,,,,,,,,2,Regular Play,Nabil Bentaleb,8520.0,Right Defensive Midfield,112,Burkina Faso,4921,['bf87fd97-69e7-4f62-b769-f2b8c78555ab'],59,,,,,,,,,,,,,,,,,,,Algeria,4898,00:31:59.251,Duel,True
,,,,,,,,,,,,True,,,Lost Out,Tackle,0.0,,,,,,,,,,,,,d669b945-06ac-4668-a53c-bd2b6b982746,2100,,"[28.4, 78.1]",3920402,77,,,,,,,,,,,,,,,,,,,,,,,,,2,Regular Play,Adamo Nagalo,99280.0,Right Back,114,Algeria,4898,['8e17aebe-1e24-458d-8b3c-cc11e21ddc24'],27,,,,,,,,,,,,,,,,,,,Burkina Faso,4921,00:32:27.562,Duel,True
,,,,,,,,,,,,,,,Lost Out,Tackle,0.0,,,,,,,,,,,,,3fddc584-0694-40ef-a853-941f518fcd35,2124,,"[1.3, 12.8]",3920402,77,,,,,,,,,,,,,,,,,,,,,,,,,2,From Throw In,Steeve Yago,3035.0,Left Back,115,Algeria,4898,['99050eac-6f62-4039-af85-1ee43a47bad7'],58,,,,,,,,,,,,,,,,,,,Burkina Faso,4921,00:32:58.444,Duel,True
,,,,,,,,,,,,,,,,Aerial Lost,0.0,,,,,,,,,,,,,9cea81b7-3277-4a8b-971e-dc6791bfdf56,2127,,"[9.2, 45.7]",3920402,78,,,,,,,,,,,,,,,,,,,,,,,,,2,From Corner,Bertrand Isidore Traoré,2956.0,Center Forward,116,Algeria,4898,['4ba499dc-177e-46a2-994e-ac78b9a9f5c7'],25,,,,,,,,,,,,,,,,,,,Burkina Faso,4921,00:33:25.417,Duel,True
,,,,,,,,,,,,,,,,Aerial Lost,0.0,,,,,,,,,,,,,415e7d32-4e70-476e-b17f-33bcfa0bb671,2142,,"[7.5, 44.3]",3920402,78,,,,,,,,,,,,,,,,,,,,,,,,,2,Regular Play,Edmond Fayçal Tapsoba,30606.0,Left Center Back,117,Algeria,4898,['bf028a14-07e3-4e70-9864-cc9914aa1008'],46,,,,,,,,,,,,,,,,,,,Burkina Faso,4921,00:33:46.848,Duel,True
,,,,,,,,,,,,,,,,Aerial Lost,0.0,,,,,,,,,,,,,c4d861fa-065b-46ea-9f08-5c604c976ccf,2150,,"[81.9, 26.6]",3920402,80,,,,,,,,,,,,,,,,,,,,,,,,,2,From Goal Kick,Bertrand Isidore Traoré,2956.0,Center Forward,118,Burkina Faso,4921,['67ae7633-8b3b-4ec1-8206-b69486926007'],27,,,,,,,,,,,,,,,,,,,Burkina Faso,4921,00:35:27.325,Duel,True
,,,,,,,,,,,,True,,,Lost Out,Tackle,0.0,,,,,,,,,,,,,3b4df4b7-f139-453d-b9de-85b2daa2cdc0,2195,,"[19.5, 3.1]",3920402,81,,,,,,,,,,,,,,,,,,,,,,,,,2,Regular Play,Abdoul Fessal Tapsoba,43705.0,Left Midfield,121,Algeria,4898,['e90b599a-522e-4861-b8a0-2971894998f4'],42,,,,,,,,,,,,,,,,,,,Burkina Faso,4921,00:36:42.211,Duel,True
,,,,,,,,,,,,True,,,Success In Play,Tackle,0.0,,,,,,,,,,,,,001dc6da-66a9-43b0-aefd-5f8d3fb62424,2294,,"[61.9, 20.9]",3920402,85,,,,,,,,,,,,,,,,,,,,,,,,,2,Regular Play,Rayan Aït Nouri,12111.0,Left Back,129,Algeria,4898,['0192e15a-b93d-46f1-b010-8a497d935bde'],1,,,,,,,,,,,,,,,,,,,Algeria,4898,00:40:01.375,Duel,True
,,,,,,,,,,,,True,,,Won,Tackle,0.0,,,,,,,,,,,,,79bd508d-b79b-45c2-804e-b00d62856c01,2330,,"[10.8, 21.9]",3920402,86,,,,,,,,,,,,,,,,,,,,,,,,,2,Regular Play,Steeve Yago,3035.0,Left Back,131,Burkina Faso,4921,['4c0e35ad-561d-4d9b-bfd8-cf2b740907b4'],8,,,,,,,,,,,,,,,,,,,Burkina Faso,4921,00:41:08.237,Duel,True
,,,,,,,,,,,,,,,,Aerial Lost,0.0,,,,,,,,,,,,,8ea99e50-5f1a-49d7-ad5a-12e95e1942f6,2367,,"[96.1, 25.2]",3920402,87,,,,,,,,,,,,,,,,,,,,,,,,,2,From Free Kick,Bertrand Isidore Traoré,2956.0,Center Forward,134,Burkina Faso,4921,['68b2ac7c-6fe0-4bfe-b2d6-02065688884a'],58,,,,,,,,,,,,,,,,,,,Burkina Faso,4921,00:42:58.203,Duel,True
,,,,,,,,,,,,True,,,Success In Play,Tackle,0.0,,,,,,,,,,,,,f6260dba-b719-4009-9745-c8557e67b790,2412,,"[20.2, 33.8]",3920402,88,,,,,,,,,,,,,,,,,,,,,,,,,2,Regular Play,Rayan Aït Nouri,12111.0,Left Back,137,Algeria,4898,['0b4aa812-cbd5-4ca0-87e5-0669f09d6ef3'],37,,,,,,,,,,,,,,,,,,,Algeria,4898,00:43:37.591,Duel,True
,,,,,,,,,,,,,,,,Aerial Lost,0.0,,,,,,,,,,,,,ee38e45e-3f9e-46bc-953d-31ecf3148058,2509,,"[80.6, 3.9]",3920402,93,,,,,,,,,,,,,,,,,,,,,,,,,2,From Goal Kick,Cédric Badolo,44307.0,Left Midfield,142,Burkina Faso,4921,['58292d0f-720e-412b-8ec5-d29e2df3b3dd'],33,,,,,,,,,,,,,,,,,,,Burkina Faso,4921,00:48:33.641,Duel,True
,,,,,,,,,,,,,,,,Aerial Lost,0.0,,,,,,,,,,,,,8a7cee50-586e-47cc-a678-29401f9febe8,2526,,"[8.5, 38.3]",3920402,94,,,,,,,,,,,,,,,,,,,,,,,,,2,From Corner,Steeve Yago,3035.0,Left Back,144,Algeria,4898,['ce0c3888-cb6d-42dc-ab6d-6cb7c5bcbbbc'],23,,,,,,,,,,,,,,,,,,,Burkina Faso,4921,00:49:23.132,Duel,True
,,,,,,,,,,,,True,,,,Aerial Lost,0.0,,,,,,,,,,,,,9b3e78ac-d807-47fb-b292-139dc3282bdf,2553,,"[48.3, 18.4]",3920402,96,,,,,,,,,,,,,,,,,,,,,,,,,2,Regular Play,Ramiz Larbi Zerrouki,38345.0,Right Defensive Midfield,149,Burkina Faso,4921,['e3fa9bbe-64bc-432d-8610-85c2a7782375'],10,,,,,,,,,,,,,,,,,,,Algeria,4898,00:51:10.063,Duel,True
,,,,,,,,,,,,True,,,Won,Tackle,0.0,,,,,,,,,,,,,ae0e5f6c-9c96-49f7-b58e-1b1da952250f,2584,,"[35.8, 68.8]",3920402,97,,,,,,,,,,,,,,,,,,,,,,,,,2,From Free Kick,Issa Kabore,35471.0,Right Midfield,151,Burkina Faso,4921,['e6f3eee6-ac66-498f-a7a5-46795b28a3db'],21,,,,,,,,,,,,,,,,,,,Burkina Faso,4921,00:52:21.673,Duel,True
,,,,,,,,,,,,,,,,Aerial Lost,0.0,,,,,,,,,,,,,39ef7c0d-22aa-474d-af34-de00a9cd8cbb,2606,,"[102.0, 20.2]",3920402,98,,,,,,,,,,,,,,,,,,,,,,,,,2,From Free Kick,Islam Slimani,3811.0,Right Center Forward,152,Algeria,4898,['befa2d91-789c-4d71-bc44-3b2e9a4b6c4c'],18,,,,,,,,,,,,,,,,,,,Algeria,4898,00:53:18.348,Duel,True
,,,,,,,,,,,,,,,,,0.0,,,,,,,,,,,,,fc825567-0f70-4de0-adfe-133e5fca7848,37,,"[76.0, 70.4]",3920402,1,,,,,,,,,,,,,,,,,,,,,,,,,1,From Goal Kick,Gustavo Fabrice Sangaré,45466.0,Center Attacking Midfield,3,Burkina Faso,4921,['88dcb356-e8bf-4b2b-bf9e-73287fc74baf'],1,,,,,,,,,,,,,,,,,,,Burkina Faso,4921,00:01:01.771,Ball Recovery,
,,,,,,,,,,,,,,,,,0.0,,,,,,,,,,,,,1d7df6ac-a2b5-45c0-9600-689c03e98a6c,69,,"[41.1, 69.6]",3920402,1,,,,,,,,,,,,,,,,,,,,,,,,,1,From Throw In,Nabil Bentaleb,8520.0,Right Defensive Midfield,4,Algeria,4898,,41,,,,,,,,,,,,,,,,,,,Algeria,4898,00:01:41.615,Ball Recovery,
,,,True,,,,,,,,,,,,,,0.0,,,,,,,,,,,,,5a8d8285-0039-4ea9-8977-b924a8e56752,88,,"[32.4, 7.0]",3920402,1,,,,,,,,,,,,,,,,,,,,,,,,,1,From Throw In,Steeve Yago,3035.0,Left Back,4,Algeria,4898,,58,,,,,,,,,,,,,,,,,,,Burkina Faso,4921,00:01:58.011,Ball Recovery,
,,,,,,,,,,,,,,,,,0.0,,,,,,,,,,,,,482d7d4a-04d4-4cda-83e0-6dd8878b4c72,96,,"[82.7, 58.0]",3920402,2,,,,,,,,,,,,,,,,,,,,,,,,,1,From Throw In,Sofiane Feghouli,18724.0,Center Attacking Midfield,4,Algeria,4898,,3,,,,,,,,,,,,,,,,,,,Algeria,4898,00:02:03.207,Ball Recovery,
,,,,,,,,,,,,,,,,,0.0,,,,,,,,,,,,,67cecd60-2090-4ea3-83be-eb108cc50ebb,156,,"[20.8, 77.6]",3920402,3,,,,,,,,,,,,,,,,,,,,,,,,,1,Regular Play,Issoufou Dayo,102800.0,Right Center Back,8,Burkina Faso,4921,,26,,,,,,,,,,,,,,,,,,,Burkina Faso,4921,00:03:26.897,Ball Recovery,
,,,,,,,,,,,,,,,,,0.0,,,,,,,,,,,,,6850b369-adce-4f2a-9a0b-d91639a6e961,234,,"[64.4, 35.7]",3920402,5,,,,,,,,,,,,,,,,,,,,,,,,,1,From Goal Kick,Adama Guira,24411.0,Right Defensive Midfield,11,Burkina Faso,4921,,33,,,,,,,,,,,,,,,,,,,Burkina Faso,4921,00:05:33.870,Ball Recovery,
,,,,,,,,,,,,,,,,,0.0,,,,,,,,,,,,,3949730a-52de-4862-baf7-e5e882596c8c,340,,"[21.0, 70.4]",3920402,7,,,,,,,,,,,,,,,,,,,,,,,,,1,Regular Play,Youcef Atal,10040.0,Right Back,16,Algeria,4898,['7fbc1e5b-83e4-47fb-9562-b1f3bcf96c20'],59,,,,,,,,,,,,,,,,,,,Algeria,4898,00:07:59.947,Ball Recovery,True
,,,,,,,,,,,,,,,,,0.0,,,,,,,,,,,,,2fb80f0a-b0c3-4779-86cb-f0e13de34fc7,433,,"[3.5, 39.2]",3920402,10,,,,,,,,,,,,,,,,,,,,,,,,,1,From Free Kick,Kouakou Herve Koffi,4388.0,Goalkeeper,19,Algeria,4898,,21,,,,,,,,,,,,,,,,,,,Burkina Faso,4921,00:10:21.362,Ball Recovery,
,,,,,,,,,,,,,,,,,0.0,,,,,,,,,,,,,81068169-7211-4dd4-9a9f-1671708e8a06,458,,"[3.1, 8.0]",3920402,11,,,,,,,,,,,,,,,,,,,,,,,,,1,Regular Play,Steeve Yago,3035.0,Left Back,21,Burkina Faso,4921,,17,,,,,,,,,,,,,,,,,,,Burkina Faso,4921,00:11:17.745,Ball Recovery,
,,,,,,,,,,,,,,,,,0.0,,,,,,,,,,,,,766fa309-fe4a-43d3-a364-6d2c674e71f9,494,,"[84.0, 5.4]",3920402,12,,True,,,,,,,,,,,,,,,,,,,,,,,1,Regular Play,Ramy Bensebaini,3191.0,Left Center Back,24,Algeria,4898,['8d85f137-9465-49d4-9878-e5fe31eae645'],43,,,,,,,,,,,,,,,,,,,Algeria,4898,00:12:43.239,Ball Recovery,
,,,,,,,,,,,,,,,,,0.0,,,,,,,,,,,,,5ca0051c-2d04-4a58-8c53-dd13a68db061,549,,"[82.8, 7.0]",3920402,14,,,,,,,,,,,,,,,,,,,,,,,,,1,From Keeper,Gustavo Fabrice Sangaré,45466.0,Center Attacking Midfield,27,Burkina Faso,4921,['3e03218b-2bfd-4406-a7e3-9aa20800f72a'],36,,,,,,,,,,,,,,,,,,,Burkina Faso,4921,00:14:36.072,Ball Recovery,True
,,,,,,,,,,,,,,,,,0.0,,,,,,,,,,,,,cbaec07c-355b-40aa-8989-ef88d12e6df6,562,,"[46.0, 9.2]",3920402,14,,,,,,,,,,,,,,,,,,,,,,,,,1,From Keeper,Issoufou Dayo,102800.0,Right Center Back,27,Burkina Faso,4921,['dad5570d-43ce-4397-9fae-b960d22c5110'],49,,,,,,,,,,,,,,,,,,,Burkina Faso,4921,00:14:49.256,Ball Recovery,
,,,,,,,,,,,,,,,,,0.0,,,,,,,,,,,,,cd3790ac-98e9-4cce-ad9a-fdb4f4dc40d0,579,,"[44.3, 71.6]",3920402,15,,,,,,,,,,,,,,,,,,,,,,,,,1,From Keeper,Riyad Mahrez,3814.0,Right Wing,27,Burkina Faso,4921,,12,,,,,,,,,,,,,,,,,,,Algeria,4898,00:15:12.554,Ball Recovery,
,,,,,,,,,,,,,,,,,0.0,,,,,,,,,,,,,45394096-1941-44a4-b48b-19bed73857a7,584,,"[15.7, 23.1]",3920402,15,,,,,,,,,,,,,,,,,,,,,,,,,1,From Keeper,Kouakou Herve Koffi,4388.0,Goalkeeper,27,Burkina Faso,4921,,19,,,,,,,,,,,,,,,,,,,Burkina Faso,4921,00:15:19.987,Ball Recovery,
,,,,,,,,,,,,,,,,,0.0,,,,,,,,,,,,,305e9865-83b3-42f1-9dc2-c652a43ce375,627,,"[25.6, 44.2]",3920402,18,,,,,,,,,,,,,,,,,,,,,,,,,1,From Free Kick,Gustavo Fabrice Sangaré,45466.0,Center Attacking Midfield,29,Algeria,4898,,2,,,,,,,,,,,,,,,,,,,Burkina Faso,4921,00:18:02.075,Ball Recovery,
,,,,,,,,,,,,,,,,,0.0,,,,,,,,,,,,,323cc27a-32a9-44a1-85f4-7d16f4f49733,634,,"[59.8, 72.5]",3920402,18,,,,,,,,,,,,,,,,,,,,,,,,,1,From Free Kick,Riyad Mahrez,3814.0,Right Wing,29,Algeria,4898,['b44a9589-08d8-40d3-a9eb-508ee90d7985'],8,,,,,,,,,,,,,,,,,,,Algeria,4898,00:18:08.974,Ball Recovery,
,,,,,,,,,,,,,,,,,0.0,,,,,,,,,,,,,ae93088a-9676-4261-adf2-49006db68587,656,,"[112.1, 77.3]",3920402,18,,,,,,,,,,,,,,,,,,,,,,,,,1,From Free Kick,Youcef Atal,10040.0,Right Back,29,Algeria,4898,,29,,,,,,,,,,,,,,,,,,,Algeria,4898,00:18:29.611,Ball Recovery,
,,,,,,,,,,,,,,,,,0.0,,,,,,,,,,,,,afab7f40-3fc5-4ee5-b2a6-13b363876f06,709,,"[10.5, 0.6]",3920402,20,,,,,,,,,,,,,,,,,,,,,,,,,1,Regular Play,Steeve Yago,3035.0,Left Back,32,Burkina Faso,4921,['d2d8a93c-4370-4247-ba81-e5b7083da6d3'],5,,,,,,,,,,,,,,,,,,,Burkina Faso,4921,00:20:05.545,Ball Recovery,
,,,,,,,,,,,,,,,,,0.0,,,,,,,,,,,,,dd5337a1-ce26-45db-8df8-e0f113fd5f57,719,,"[85.4, 41.7]",3920402,20,,,,,,,,,,,,,,,,,,,,,,,,,1,Regular Play,Ramiz Larbi Zerrouki,38345.0,Left Defensive Midfield,32,Burkina Faso,4921,['2002959a-fd8a-4d21-98e0-b81320aca8ad'],13,,,,,,,,,,,,,,,,,,,Algeria,4898,00:20:13.944,Ball Recovery,
,,,,,,,,,,,,,,,,,0.0,,,,,,,,,,,,,704a5002-d60f-4203-a347-884f65775d10,726,,"[4.1, 40.7]",3920402,20,,,,,,,,,,,,,,,,,,,,,,,,,1,Regular Play,Kouakou Herve Koffi,4388.0,Goalkeeper,32,Burkina Faso,4921,,18,,,,,,,,,,,,,,,,,,,Burkina Faso,4921,00:20:18.600,Ball Recovery,
,,,,,,,,,,,,,,,,,0.0,,,,,,,,,,,,,6f730670-5018-4411-ab85-acffa36b7996,752,,"[44.0, 16.7]",3920402,22,,True,,,,,,,,,,,,,,,,,,,,,,,1,Regular Play,Edmond Fayçal Tapsoba,30606.0,Left Center Back,35,Burkina Faso,4921,,17,,,,,,,,,,,,,,,,,,,Burkina Faso,4921,00:22:17.295,Ball Recovery,
,,,,,,,,,,,,,,,,,0.0,,,,,,,,,,,,,bcf233eb-2e8d-415f-9e4b-48f3777e01a8,766,,"[108.1, 37.4]",3920402,25,,,,,,,,,,,,,,,,,,,,,,,,,1,From Free Kick,Baghdad Bounedjah,103465.0,Center Forward,36,Algeria,4898,,5,,,,,,,,,,,,,,,,,,,Algeria,4898,00:25:05.285,Ball Recovery,
,,,,,,,,,,,,,,,,,0.0,,,,,,,,,,,,,9334c5f2-f38d-4700-81ad-25028c0ff4e4,798,,"[62.3, 73.9]",3920402,26,,,,,,,,,,,,,,,,,,,,,,,,,1,Regular Play,Adamo Nagalo,99280.0,Right Back,40,Burkina Faso,4921,,33,,,,,,,,,,,,,,,,,,,Burkina Faso,4921,00:26:33.479,Ball Recovery,
,,,,,,,,,,,,,,,,,0.0,,,,,,,,,,,,,aa2c87cf-2579-4e78-9d91-ea44b7eaad2f,828,,"[88.6, 51.8]",3920402,27,,,,,,,,,,,,,,,,,,,,,,,,,1,Regular Play,Mohamed Konaté,43920.0,Center Forward,40,Burkina Faso,4921,,1,,,,,,,,,,,,,,,,,,,Burkina Faso,4921,00:27:01.655,Ball Recovery,
,,,,,,,,,,,,,,,,,0.0,,,,,,,,,,,,,b69af24a-0a94-4334-9def-28782e64cb5e,842,,"[42.6, 33.2]",3920402,27,,,,,,,,,,,,,,,,,,,,,,,,,1,Regular Play,Edmond Fayçal Tapsoba,30606.0,Left Center Back,40,Burkina Faso,4921,['18791c7d-21df-44d6-b6a7-b3bcd23383d8'],12,,,,,,,,,,,,,,,,,,,Burkina Faso,4921,00:27:12.262,Ball Recovery,
,,,,,,,,,,,,,,,,,0.0,,,,,,,,,,,,,8c4b8b46-8116-4b40-9320-338694eae702,879,,"[87.0, 18.8]",3920402,28,,,,,,,,,,,,,,,,,,,,,,,,,1,From Goal Kick,Sofiane Feghouli,18724.0,Center Attacking Midfield,41,Algeria,4898,['8d4aa21c-532e-4365-9de7-5cac88490c8c'],12,,,,,,,,,,,,,,,,,,,Algeria,4898,00:28:12.655,Ball Recovery,
,,,,,,,,,,,,,,,,,0.0,,,,,,,,,,,,,3c4e7834-b5df-4636-aa24-cb4ce7a0da84,892,,"[13.6, 38.0]",3920402,28,,,,,,,,,,,,,,,,,,,,,,,,,1,From Goal Kick,Steeve Yago,3035.0,Left Back,41,Algeria,4898,['d0fdaecf-29f3-41ee-b86b-e31491c710d3'],23,,,,,,,,,,,,,,,,,,,Burkina Faso,4921,00:28:23.113,Ball Recovery,
,,,,,,,,,,,,,,,,,0.0,,,,,,,,,,,,,981c411f-c639-4ee5-bac7-6eb0fad3d593,916,,"[92.3, 2.7]",3920402,29,,,,,,,,,,,,,,,,,,,,,,,,,1,From Goal Kick,Rayan Aït Nouri,12111.0,Left Back,42,Algeria,4898,,55,,,,,,,,,,,,,,,,,,,Algeria,4898,00:29:55.263,Ball Recovery,
,,,,,,,,,,,,,,,,,0.0,,,,,,,,,,,,,67870655-fea7-45c9-934e-45aef04d2329,940,,"[47.5, 6.8]",3920402,30,,,,,,,,,,,,,,,,,,,,,,,,,1,Regular Play,Edmond Fayçal Tapsoba,30606.0,Left Center Back,45,Burkina Faso,4921,['87f92b76-21ab-4b3a-896a-dc8c899cbd13'],40,,,,,,,,,,,,,,,,,,,Burkina Faso,4921,00:30:40.372,Ball Recovery,
,,,True,,,,,,,,,,,,,,0.0,,,,,,,,,,,,,b5cc9e3e-d3a9-4de6-a597-6b68b332319a,967,,"[71.9, 51.4]",3920402,31,,,,,,,,,,,,,,,,,,,,,,,,,1,Regular Play,Ibrahim Blati Touré,23999.0,Left Defensive Midfield,45,Burkina Faso,4921,,25,,,,,,,,,,,,,,,,,,,Burkina Faso,4921,00:31:25.858,Ball Recovery,
,,,,,,,,,,,,,,,,,0.0,,,,,,,,,,,,,c5181c40-b9b6-48ef-8389-28b10c6c651f,1025,,"[10.5, 59.7]",3920402,33,,,,,,,,,,,,,,,,,,,,,,,,,1,From Throw In,Adamo Nagalo,99280.0,Right Back,47,Algeria,4898,['d975afec-ee08-4237-994f-bd7c2a44d5d3'],27,,,,,,,,,,,,,,,,,,,Burkina Faso,4921,00:33:27.280,Ball Recovery,
,,,True,,,,,,,,,,,,,,0.0,,,,,,,,,,,,,47fa847e-2b3f-40b2-8a26-75c1c8ab4423,1036,,"[78.2, 72.1]",3920402,35,,,,,,,,,,,,,,,,,,,,,,,,,1,From Free Kick,Issa Kabore,35471.0,Right Wing,48,Burkina Faso,4921,,46,,,,,,,,,,,,,,,,,,,Burkina Faso,4921,00:35:46.738,Ball Recovery,
,,,,,,,,,,,,,,,,,0.0,,,,,,,,,,,,,e3fc3e7e-400e-4ba0-84fa-ecdba63ab4d6,1147,,"[3.3, 64.2]",3920402,39,,,,,,,,,,,,,,,,,,,,,,,,,1,Regular Play,Kouakou Herve Koffi,4388.0,Goalkeeper,53,Burkina Faso,4921,['2ae5c967-6352-4ad4-88e3-9c44ecc85b54'],24,,,,,,,,,,,,,,,,,,,Burkina Faso,4921,00:39:24.272,Ball Recovery,
,,,,,,,,,,,,,,,,,0.0,,,,,,,,,,,,,51c130da-2d29-43b6-a89d-9078d785d7a9,1173,,"[24.4, 71.2]",3920402,39,,,,,,,,,,,,,,,,,,,,,,,,,1,Regular Play,Adamo Nagalo,99280.0,Right Back,54,Algeria,4898,"['095f0e50-807a-4464-98d2-3c10b5f26b0d', '970ad63d-0cb7-45d6-9260-545a127a00ee']",59,,,,,,,,,,,,,,,,,,,Burkina Faso,4921,00:39:59.896,Ball Recovery,True
,,,,,,,,,,,,,,,,,0.0,,,,,,,,,,,,,4679e42f-29f1-4ad2-bad9-3a151af866da,1181,,"[22.9, 62.1]",3920402,40,,,,,,,,,,,,,,,,,,,,,,,,,1,Regular Play,Ismahila Ouédraogo,106681.0,Right Defensive Midfield,56,Burkina Faso,4921,,9,,,,,,,,,,,,,,,,,,,Burkina Faso,4921,00:40:09.969,Ball Recovery,
,,,,,,,,,,,,,,,,,0.0,,,,,,,,,,,,,43a8dbba-5ff8-4801-b838-a7ccf02bc700,1200,,"[8.2, 38.8]",3920402,40,,,,,,,,,,,,,,,,,,,,,,,,,1,Regular Play,Anthony Louis Mandréa,41381.0,Goalkeeper,57,Algeria,4898,['4187da5f-e3d4-4bb2-b806-41abb7965b9a'],36,,,,,,,,,,,,,,,,,,,Algeria,4898,00:40:36.031,Ball Recovery,
,,,,,,,,,,,,,,,,,0.0,,,,,,,,,,,,,46ed9cb3-8e67-4267-a9f5-d32d9993af7d,1274,,"[62.7, 22.3]",3920402,42,,,,,,,,,,,,,,,,,,,,,,,,,1,From Goal Kick,Ibrahim Blati Touré,23999.0,Left Defensive Midfield,58,Burkina Faso,4921,['a1ae3b86-cf80-4786-b190-486254621ca7'],42,,,,,,,,,,,,,,,,,,,Burkina Faso,4921,00:42:42.332,Ball Recovery,
,,,,,,,,,,,,,,,,,0.0,,,,,,,,,,,,,306a097e-9a02-427f-9e13-15dd4d480baf,1312,,"[23.2, 25.8]",3920402,43,,,,,,,,,,,,,,,,,,,,,,,,,1,Regular Play,Edmond Fayçal Tapsoba,30606.0,Left Center Back,59,Algeria,4898,['335d5c8a-1475-40e1-9dfc-1d73a0d548b4'],20,,,,,,,,,,,,,,,,,,,Burkina Faso,4921,00:43:20.928,Ball Recovery,True
,,,,,,,,,,,,,,,,,0.0,,,,,,,,,,,,,1b58442f-35ea-48d8-835a-2a4eda6b23be,1321,,"[109.8, 57.2]",3920402,43,,,,,,,,,,,,,,,,,,,,,,,,,1,Regular Play,Sofiane Feghouli,18724.0,Center Attacking Midfield,59,Algeria,4898,['3ffdf323-2420-4ce9-b6e1-8a0cfdfb6bf3'],24,,,,,,,,,,,,,,,,,,,Algeria,4898,00:43:24.130,Ball Recovery,True
,,,,,,,,,,,,,,,,,0.0,,,,,,,,,,,,,41fe3f23-d62f-4f2a-820d-886eb3f2aec3,1324,,"[99.9, 36.6]",3920402,43,,,,,,,,,,,,,,,,,,,,,,,,,1,Regular Play,Mohamed Youcef Belaïli,103464.0,Left Wing,59,Algeria,4898,,27,,,,,,,,,,,,,,,,,,,Algeria,4898,00:43:27.455,Ball Recovery,
,,,,,,,,,,,,,,,,,0.0,,,,,,,,,,,,,3b90d65d-8e98-496f-994f-c32665ddf535,1390,,"[62.8, 29.3]",3920402,46,,,,,,,,,,,,,,,,,,,,,,,,,1,From Throw In,Steeve Yago,3035.0,Left Back,66,Burkina Faso,4921,['f859a661-caa8-486d-ba6c-41def82ac749'],59,,,,,,,,,,,,,,,,,,,Burkina Faso,4921,00:46:59.180,Ball Recovery,
,,,,,,,,,,,,,,,,,0.0,,,,,,,,,,,,,e16589d2-1eb6-495e-87ac-219bfda3981d,1456,,"[94.9, 65.2]",3920402,45,,,,,,,,,,,,,,,,,,,,,,,,,2,From Kick Off,Mohamed Konaté,43920.0,Center Forward,70,Burkina Faso,4921,,10,,,,,,,,,,,,,,,,,,,Burkina Faso,4921,00:00:10.460,Ball Recovery,
,,,,,,,,,,,,,,,,,0.0,,,,,,,,,,,,,f29d7bdc-af36-4867-a948-38038786daaa,1478,,"[102.6, 71.2]",3920402,45,,,,,,,,,,,,,,,,,,,,,,,,,2,Regular Play,Mohamed El Amine Amoura,141358.0,Center Attacking Midfield,71,Algeria,4898,,33,,,,,,,,,,,,,,,,,,,Algeria,4898,00:00:33.357,Ball Recovery,
,,,,,,,,,,,,,,,,,0.0,,,,,,,,,,,,,b51aaec0-5be6-4624-9b08-94f3fef39d48,1485,,"[3.6, 43.4]",3920402,47,,,,,,,,,,,,,,,,,,,,,,,,,2,Regular Play,Kouakou Herve Koffi,4388.0,Goalkeeper,73,Burkina Faso,4921,['9cf998b6-7a6c-40a9-a605-8ccab207b812'],0,,,,,,,,,,,,,,,,,,,Burkina Faso,4921,00:02:00.488,Ball Recovery,
,,,True,,,,,,,,,,,,,,0.0,,,,,,,,,,,,,864263c8-af0c-4d05-92e4-09cc80b65707,1510,,"[64.1, 20.9]",3920402,47,,,,,,,,,,,,,,,,,,,,,,,,,2,Regular Play,Ismahila Ouédraogo,106681.0,Center Defensive Midfield,75,Algeria,4898,,56,,,,,,,,,,,,,,,,,,,Burkina Faso,4921,00:02:56.454,Ball Recovery,
,,,,,,,,,,,,,,,,,0.0,,,,,,,,,,,,,af635434-8200-4705-a8df-292a58581381,1515,,"[71.9, 59.2]",3920402,47,,,,,,,,,,,,,,,,,,,,,,,,,2,Regular Play,Mohamed El Amine Amoura,141358.0,Center Attacking Midfield,75,Algeria,4898,,58,,,,,,,,,,,,,,,,,,,Algeria,4898,00:02:58.776,Ball Recovery,
,,,,,,,,,,,,,,,,,0.0,,,,,,,,,,,,,15fea9c2-a7b4-4a10-86bd-aef42c523f10,1523,,"[29.4, 73.5]",3920402,48,,,,,,,,,,,,,,,,,,,,,,,,,2,From Counter,Gustavo Fabrice Sangaré,45466.0,Right Center Midfield,77,Burkina Faso,4921,,12,,,,,,,,,,,,,,,,,,,Burkina Faso,4921,00:03:12.174,Ball Recovery,
,,,,,,,,,,,,,,,,,0.0,,,,,,,,,,,,,5c678142-3b93-4870-9dbf-ba33208520aa,1534,,"[115.6, 1.7]",3920402,48,,,,,,,,,,,,,,,,,,,,,,,,,2,Regular Play,Abdoul Fessal Tapsoba,43705.0,Left Midfield,77,Burkina Faso,4921,,29,,,,,,,,,,,,,,,,,,,Burkina Faso,4921,00:03:29.329,Ball Recovery,
,,,,,,,,,,,,,,,,,0.0,,,,,,,,,,,,,4dc57143-fe0d-4233-b0c6-d3689d958231,1539,,"[109.2, 3.7]",3920402,48,,,,,,,,,,,,,,,,,,,,,,,,,2,Regular Play,Ibrahim Blati Touré,23999.0,Left Center Midfield,77,Burkina Faso,4921,,31,,,,,,,,,,,,,,,,,,,Burkina Faso,4921,00:03:31.802,Ball Recovery,
,,,,,,,,,,,,,,,,,0.0,,,,,,,,,,,,,ad8e4c69-c415-46fe-820f-8c5e40a5ee74,1562,,"[72.7, 6.2]",3920402,49,,,,,,,,,,,,,,,,,,,,,,,,,2,Regular Play,Mohamed Youcef Belaïli,103464.0,Left Wing,80,Algeria,4898,,35,,,,,,,,,,,,,,,,,,,Algeria,4898,00:04:35.249,Ball Recovery,
,,,,,,,,,,,,,,,,,0.0,,,,,,,,,,,,,b1f3715c-085b-4819-b0d8-b8ee8e6b24d8,1574,,"[110.9, 31.2]",3920402,50,,,,,,,,,,,,,,,,,,,,,,,,,2,From Free Kick,Nabil Bentaleb,8520.0,Right Defensive Midfield,81,Algeria,4898,,23,,,,,,,,,,,,,,,,,,,Algeria,4898,00:05:23.374,Ball Recovery,
,,,,,,,,,,,,,,,,,0.0,,,,,,,,,,,,,41f21ab9-1942-4aeb-a340-bbcb55469eca,1578,,"[117.5, 37.6]",3920402,50,,,,,,,,,,,,,,,,,,,,,,,,,2,From Free Kick,Baghdad Bounedjah,103465.0,Center Forward,81,Algeria,4898,,24,,,,,,,,,,,,,,,,,,,Algeria,4898,00:05:24.878,Ball Recovery,
,,,,,,,,,,,,,,,,,0.0,,,,,,,,,,,,,18ff585a-f14f-49d8-bfeb-5e7aaddf6081,1585,,"[19.8, 4.1]",3920402,51,,,,,,,,,,,,,,,,,,,,,,,,,2,Regular Play,Ramy Bensebaini,3191.0,Left Center Back,83,Algeria,4898,['5a31bd09-9a26-4b32-87f2-45372c3398b9'],32,,,,,,,,,,,,,,,,,,,Algeria,4898,00:06:32.280,Ball Recovery,
,,,,,,,,,,,,,,,,,0.0,,,,,,,,,,,,,15f4a25c-5f27-4bfd-9d6d-7acec18e0a7f,1606,,"[117.5, 46.0]",3920402,52,,,,,,,,,,,,,,,,,,,,,,,,,2,From Free Kick,Baghdad Bounedjah,103465.0,Center Forward,84,Algeria,4898,,10,,,,,,,,,,,,,,,,,,,Algeria,4898,00:07:10.362,Ball Recovery,
,,,,,,,,,,,,,,,,,0.0,,,,,,,,,,,,,6325553b-fc67-4a80-99db-41a6ebb4e86e,1624,,"[83.1, 68.8]",3920402,52,,,,,,,,,,,,,,,,,,,,,,,,,2,Regular Play,Issa Kabore,35471.0,Right Midfield,87,Burkina Faso,4921,['0fdc677a-aae7-40d4-adbd-b1d2c5e9d16f'],49,,,,,,,,,,,,,,,,,,,Burkina Faso,4921,00:07:49.311,Ball Recovery,
,,,True,,,,,,,,,,,,,,0.0,,,,,,,,,,,,,75c04a94-adfa-4207-8f42-80fadb979b9f,1635,,"[13.4, 37.6]",3920402,55,,,,,,,,,,,,,,,,,,,,,,,,,2,From Corner,Mohamed El Amine Amoura,141358.0,Center Attacking Midfield,89,Burkina Faso,4921,['0232bbc4-35b0-45da-81ea-f5e4fd974a21'],56,,,,,,,,,,,,,,,,,,,Algeria,4898,00:10:56.229,Ball Recovery,
,,,,,,,,,,,,,,,,,0.0,,,,,,,,,,,,,f72ff1bb-f670-48e4-820c-d26c5231c78f,1637,,"[94.1, 53.9]",3920402,55,,,,,,,,,,,,,,,,,,,,,,,,,2,From Corner,Edmond Fayçal Tapsoba,30606.0,Left Center Back,89,Burkina Faso,4921,['955884ad-6c20-4b76-986b-bc0fc76fc807'],58,,,,,,,,,,,,,,,,,,,Burkina Faso,4921,00:10:58.338,Ball Recovery,True
,,,,,,,,,,,,,,,,,0.0,,,,,,,,,,,,,8c5078eb-3b4f-4c09-bdb5-e52e3c7bbe2e,1692,,"[108.0, 1.4]",3920402,57,,,,,,,,,,,,,,,,,,,,,,,,,2,From Goal Kick,Rayan Aït Nouri,12111.0,Left Back,92,Algeria,4898,['287dfd4a-e9b0-4bab-b165-e6a1d21a8d29'],8,,,,,,,,,,,,,,,,,,,Algeria,4898,00:12:08.620,Ball Recovery,True
,,,,,,,,,,,,,,,,,0.0,,,,,,,,,,,,,61de54bf-bd05-4df1-9d85-e7dff4d867e3,1696,,"[99.1, 9.6]",3920402,57,,,,,,,,,,,,,,,,,,,,,,,,,2,From Goal Kick,Mohamed Youcef Belaïli,103464.0,Left Wing,92,Algeria,4898,,13,,,,,,,,,,,,,,,,,,,Algeria,4898,00:12:13.865,Ball Recovery,
,,,,,,,,,,,,,,,,,0.0,,,,,,,,,,,,,155a888c-1a77-4507-88d5-7fdb08babe08,1771,,"[40.4, 25.0]",3920402,60,,,,,,,,,,,,,,,,,,,,,,,,,2,Regular Play,Edmond Fayçal Tapsoba,30606.0,Left Center Back,95,Burkina Faso,4921,['54cb2a0e-8e7e-406e-8885-566cd2a517d8'],29,,,,,,,,,,,,,,,,,,,Burkina Faso,4921,00:15:29.476,Ball Recovery,
,,,,,,,,,,,,,,,,,0.0,,,,,,,,,,,,,baedb33a-2a21-4ec9-a06f-365df9f7329c,1819,,"[25.9, 7.6]",3920402,62,,,,,,,,,,,,,,,,,,,,,,,,,2,Regular Play,Steeve Yago,3035.0,Left Back,97,Burkina Faso,4921,['fd2caea8-4d31-40ba-b632-66c80c867439'],7,,,,,,,,,,,,,,,,,,,Burkina Faso,4921,00:17:07.715,Ball Recovery,
,,,,,,,,,,,,,,,,,0.0,,,,,,,,,,,,,bf31eb0a-080a-4387-b933-6a032b1a0c14,1861,,"[4.4, 57.8]",3920402,63,,,,,,,,,,,,,,,,,,,,,,,,,2,Regular Play,Kouakou Herve Koffi,4388.0,Goalkeeper,102,Burkina Faso,4921,,44,,,,,,,,,,,,,,,,,,,Burkina Faso,4921,00:18:44.150,Ball Recovery,
,,,True,,,,,,,,,,,,,,0.0,,,,,,,,,,,,,b1099415-f44d-4778-84c2-3b5865d20c4a,1991,,"[112.1, 55.3]",3920402,73,,True,,,,,,,,,,,,,,,,,,,,,,,2,From Throw In,Baghdad Bounedjah,103465.0,Center Forward,108,Burkina Faso,4921,['aa29371a-1a51-43e3-acd5-1c5a8278d3dc'],30,,,,,,,,,,,,,,,,,,,Algeria,4898,00:28:30.842,Ball Recovery,
,,,,,,,,,,,,,,,,,0.0,,,,,,,,,,,,,ba2e947a-37a2-430b-a90f-bbc7494c5c2b,1992,,"[8.4, 30.8]",3920402,73,,True,,,,,,,,,,,,,,,,,,,,,,,2,Regular Play,Kouakou Herve Koffi,4388.0,Goalkeeper,109,Burkina Faso,4921,,31,,,,,,,,,,,,,,,,,,,Burkina Faso,4921,00:28:31.987,Ball Recovery,
,,,,,,,,,,,,,,,,,0.0,,,,,,,,,,,,,2fc85df0-6398-494f-aaca-c16a51d6846f,2078,,"[36.3, 47.9]",3920402,76,,,,,,,,,,,,,,,,,,,,,,,,,2,Regular Play,Gustavo Fabrice Sangaré,45466.0,Right Center Midfield,112,Burkina Faso,4921,['0f4bb1ba-a693-4b20-8c82-ca0cd7b01a30'],55,,,,,,,,,,,,,,,,,,,Burkina Faso,4921,00:31:55.014,Ball Recovery,True
,,,,,,,,,,,,,,,,,0.0,,,,,,,,,,,,,2c702fb3-0d51-459b-b3e8-eab0b83fec04,2130,,"[50.8, 50.5]",3920402,78,,True,,,,,,,,,,,,,,,,,,,,,,,2,Regular Play,Youcef Atal,10040.0,Right Back,117,Algeria,4898,,33,,,,,,,,,,,,,,,,,,,Algeria,4898,00:33:33.021,Ball Recovery,
,,,,,,,,,,,,,,,,,0.0,,,,,,,,,,,,,c51e27ab-d4a7-4979-942c-3c6ee51a6f93,2215,,"[38.1, 57.6]",3920402,82,,,,,,,,,,,,,,,,,,,,,,,,,2,Regular Play,Bertrand Isidore Traoré,2956.0,Center Forward,123,Burkina Faso,4921,,5,,,,,,,,,,,,,,,,,,,Burkina Faso,4921,00:37:05.976,Ball Recovery,
,,,,,,,,,,,,,,,,,0.0,,,,,,,,,,,,,500da96b-3b25-4a5a-9e72-3a5be5b361b8,2228,,"[20.8, 56.1]",3920402,83,,,,,,,,,,,,,,,,,,,,,,,,,2,Regular Play,Ramiz Larbi Zerrouki,38345.0,Right Defensive Midfield,125,Algeria,4898,['cd185c50-8a9f-4621-9a48-6ab166e501f7'],49,,,,,,,,,,,,,,,,,,,Algeria,4898,00:38:49.705,Ball Recovery,
,,,,,,,,,,,,,,,,,0.0,,,,,,,,,,,,,89370e21-2996-4229-88d8-1042d4052bd6,2295,,"[56.0, 12.6]",3920402,85,,,,,,,,,,,,,,,,,,,,,,,,,2,Regular Play,Fares Chaïbi,217047.0,Left Defensive Midfield,129,Algeria,4898,,2,,,,,,,,,,,,,,,,,,,Algeria,4898,00:40:02.636,Ball Recovery,
,,,,,,,,,,,,,,,,,0.0,,,,,,,,,,,,,699b7198-3832-485e-9240-088328a5f31d,2311,,"[2.0, 34.9]",3920402,85,,,,,,,,,,,,,,,,,,,,,,,,,2,Regular Play,Kouakou Herve Koffi,4388.0,Goalkeeper,129,Algeria,4898,,20,,,,,,,,,,,,,,,,,,,Burkina Faso,4921,00:40:20.073,Ball Recovery,
,,,,,,,,,,,,,,,,,0.0,,,,,,,,,,,,,806a3974-0088-4f8c-b819-60801ebb7dbd,2356,,"[101.0, 74.5]",3920402,87,,,,,,,,,,,,,,,,,,,,,,,,,2,From Goal Kick,Adam Ounas,10448.0,Right Midfield,133,Algeria,4898,,10,,,,,,,,,,,,,,,,,,,Algeria,4898,00:42:10.691,Ball Recovery,
,,,,,,,,,,,,,,,,,0.0,,,,,,,,,,,,,59a16b2b-7177-4e6a-a701-109bb3828c20,2372,,"[83.2, 39.1]",3920402,88,,,,,,,,,,,,,,,,,,,,,,,,,2,From Free Kick,Ibrahim Blati Touré,23999.0,Left Center Midfield,134,Burkina Faso,4921,,1,,,,,,,,,,,,,,,,,,,Burkina Faso,4921,00:43:01.437,Ball Recovery,
,,,,,,,,,,,,,,,,,0.0,,,,,,,,,,,,,5e084807-e529-42fa-b672-8157ea5fe348,2376,,"[8.0, 41.3]",3920402,88,,,,,,,,,,,,,,,,,,,,,,,,,2,Regular Play,Anthony Louis Mandréa,41381.0,Goalkeeper,135,Algeria,4898,['3f1b0a23-d423-4a2b-94cf-d40333e3b494'],3,,,,,,,,,,,,,,,,,,,Algeria,4898,00:43:03.981,Ball Recovery,
,,,,,,,,,,,,,,,,,0.0,,,,,,,,,,,,,256d492c-dc1a-4bab-aa95-21e941d4f98c,2405,,"[49.1, 41.3]",3920402,88,,,,,,,,,,,,,,,,,,,,,,,,,2,From Counter,Ibrahim Blati Touré,23999.0,Left Center Midfield,136,Burkina Faso,4921,,32,,,,,,,,,,,,,,,,,,,Burkina Faso,4921,00:43:32.382,Ball Recovery,
,,,,,,,,,,,,,,,,,0.0,,,,,,,,,,,,,00c55021-d0bd-48a4-96bf-abea2f6ad71c,2413,,"[7.4, 34.6]",3920402,88,,,,,,,,,,,,,,,,,,,,,,,,,2,Regular Play,Anthony Louis Mandréa,41381.0,Goalkeeper,137,Algeria,4898,,38,,,,,,,,,,,,,,,,,,,Algeria,4898,00:43:38.818,Ball Recovery,
,,,,,,,,,,,,,,,,,0.0,,,,,,,,,,,,,f73c4d48-836c-405e-bc37-c118f357e780,2423,,"[17.9, 60.6]",3920402,88,,,,,,,,,,,,,,,,,,,,,,,,,2,Regular Play,Yacouba Nasser Djiga,136948.0,Right Back,138,Burkina Faso,4921,"['71375cbe-67fe-4698-88aa-01852c0d3c83', 'be5a19b0-71bc-4fe0-916e-ce86b010b1d2']",52,,,,,,,,,,,,,,,,,,,Burkina Faso,4921,00:43:52.782,Ball Recovery,True
,,,,,,,,,,,,,,,,,0.0,,,,,,,,,,,,,23860670-ac77-476d-a464-f5a39874048c,2476,,"[4.1, 42.9]",3920402,90,,,,,,,,,,,,,,,,,,,,,,,,,2,From Goal Kick,Kouakou Herve Koffi,4388.0,Goalkeeper,139,Algeria,4898,['5e9f7546-1902-47bd-aa67-7d8de3984be0'],33,,,,,,,,,,,,,,,,,,,Burkina Faso,4921,00:45:33.599,Ball Recovery,
,,,,,,,,,,,,,,,,,0.0,,,,,,,,,,,,,588302f2-8532-470d-90e8-830346d3834b,2490,,"[10.1, 19.4]",3920402,91,,,,,,,,,,,,,,,,,,,,,,,,,2,From Free Kick,Edmond Fayçal Tapsoba,30606.0,Left Center Back,140,Algeria,4898,['24e06ced-1f35-4451-9e7c-b7dfaf44956a'],15,,,,,,,,,,,,,,,,,,,Burkina Faso,4921,00:46:15.653,Ball Recovery,
,,,,,,,,,,,,,,,,,0.0,,,,,,,,,,,,,01a249c5-1ad6-4aa5-b0b2-ee076ce5bbe6,2494,,"[58.9, 47.1]",3920402,91,,,,,,,,,,,,,,,,,,,,,,,,,2,From Free Kick,Ramy Bensebaini,3191.0,Left Center Back,140,Algeria,4898,['728fc67b-8357-4dbb-a70b-24ca81ad6721'],23,,,,,,,,,,,,,,,,,,,Algeria,4898,00:46:23.755,Ball Recovery,
,,,,,,,,,,,,,,,,,0.0,,,,,,,,,,,,,06eb9435-7909-4ed5-aff4-f4067f30795a,2513,,"[41.7, 39.6]",3920402,93,,,,,,,,,,,,,,,,,,,,,,,,,2,Regular Play,Fares Chaïbi,217047.0,Left Defensive Midfield,143,Algeria,4898,['19dc627f-99f5-4edd-ad75-9de653bdd200'],38,,,,,,,,,,,,,,,,,,,Algeria,4898,00:48:38.065,Ball Recovery,
,,,,,,,,,,,,,,,,,0.0,,,,,,,,,,,,,dd7af5e3-887e-4ad8-a857-71e01c81d79b,2566,,"[71.2, 1.4]",3920402,96,,,,,,,,,,,,,,,,,,,,,,,,,2,Regular Play,Mohamed El Amine Amoura,141358.0,Left Midfield,150,Algeria,4898,,17,,,,,,,,,,,,,,,,,,,Algeria,4898,00:51:17.055,Ball Recovery,
,,,,,,,,,,,,,,,,,0.0,,,,,,,,,,,,,2dedea3e-bc63-4db0-985b-6a142f09da8b,2576,,"[42.6, 4.5]",3920402,97,,,,,,,,,,,,,,,,,,,,,,,,,2,From Free Kick,Rayan Aït Nouri,12111.0,Left Back,151,Burkina Faso,4921,['01003fee-0901-4032-9e46-995bbb845bf5'],13,,,,,,,,,,,,,,,,,,,Algeria,4898,00:52:13.830,Ball Recovery,
,,,,,,,,,,,,,,,,,0.0,,,,,,,,,,,,,204dfb25-d239-4a91-9c1e-39272ef3c146,2619,,"[85.9, 54.9]",3920402,98,,,,,,,,,,,,,,,,,,,,,,,,,2,From Free Kick,Youcef Atal,10040.0,Right Back,152,Algeria,4898,,32,,,,,,,,,,,,,,,,,,,Algeria,4898,00:53:32.058,Ball Recovery,
,,,,,,,,,,,,,,,,,0.381884,,,,,,,,,,,,,422be7d4-cf0e-4b37-a79f-a48a3dde123b,39,,"[41.9, 10.1]",3920402,1,,,,,,,,,,,,,,,,,,,,,,,,,1,From Goal Kick,Nabil Bentaleb,8520.0,Right Defensive Midfield,3,Burkina Faso,4921,"['ce461abd-e815-4628-bfcd-8038378d2d00', 'c7d6d49f-f98b-41af-a25e-0563df2150bd']",1,,,,,,,,,,,,,,,,,,,Algeria,4898,00:01:01.933,Pressure,
,,,,,,,,,,,,,,,,,1.940765,,,,,,,,,,,,,e5f7a70b-4307-4f5c-99bc-6b20a30597dc,44,,"[41.0, 4.5]",3920402,1,,,,,,,,,,,,,,,,,,,,,,,,,1,From Goal Kick,Rayan Aït Nouri,12111.0,Left Back,3,Burkina Faso,4921,"['9b6dd330-0837-4520-b527-8effa39e4d3a', '97c6df71-c324-4ca5-a8cb-5bbe06c5762a', '0b5d4636-043a-4c99-a0d5-20d02ba57f73']",3,,,,,,,,,,,,,,,,,,,Algeria,4898,00:01:03.950,Pressure,
,,,,,,,,,,,,,,,,,0.491605,,,,,,,,,,,,,ce30540e-8b1c-4e60-aea4-4a0758454ca3,50,,"[53.0, 15.7]",3920402,1,,,,,,,,,,,,,,,,,,,,,,,,,1,From Goal Kick,Baghdad Bounedjah,103465.0,Center Forward,3,Burkina Faso,4921,"['808bc7f3-b9f7-455f-8d09-eaf5a98ca7da', '456e4460-a7c9-4680-82e7-0c6808640251']",6,,,,,,,,,,,,,,,,,,,Algeria,4898,00:01:06.546,Pressure,
,,,,,,,,,,,,,,,,,0.791318,,,,,,,,,,,,,2409ec46-bf14-49c1-8f41-8d8ea6e4fb0e,65,,"[80.7, 2.2]",3920402,1,,,,,,,,,,,,,,,,,,,,,,,,,1,From Throw In,Mohamed Konaté,43920.0,Center Forward,4,Algeria,4898,['6dfcbaa7-c09d-48d9-a0f7-ca5a6a6ebf01'],38,,,,,,,,,,,,,,,,,,,Burkina Faso,4921,00:01:38.977,Pressure,
,,,,,,,,,,,,,,,,,0.204883,,,,,,,,,,,,,25841b6b-41fa-445c-97d0-70af8e335537,71,,"[77.5, 10.9]",3920402,1,,,,,,,,,,,,,,,,,,,,,,,,,1,From Throw In,Ibrahim Blati Touré,23999.0,Left Defensive Midfield,4,Algeria,4898,['5f2018c2-e83f-497b-84c2-29da75e9f591'],42,,,,,,,,,,,,,,,,,,,Burkina Faso,4921,00:01:42.220,Pressure,
,,,,,,,,,,,,,,,,,1.54815,,,,,,,,,,,,,ce1b8827-853d-4405-bf06-ba87020d797b,84,,"[27.8, 9.6]",3920402,1,,,,,,,,,,,,,,,,,,,,,,,,,1,From Throw In,Steeve Yago,3035.0,Left Back,4,Algeria,4898,"['30225c17-5213-4360-9b31-9e33491a5d73', '68400833-e742-48e4-991f-84e89b43d068']",56,,,,,,,,,,,,,,,,,,,Burkina Faso,4921,00:01:56.448,Pressure,
,,,,,,,,,,,,,,,,,0.046218,,,,,,,,,,,,,81cce3fc-46d3-4911-a86e-9a8fa9b76ab8,85,,"[33.8, 9.3]",3920402,1,,,,,,,,,,,,,,,,,,,,,,,,,1,From Throw In,Abdoul Fessal Tapsoba,43705.0,Left Wing,4,Algeria,4898,,57,,,,,,,,,,,,,,,,,,,Burkina Faso,4921,00:01:57.851,Pressure,
,,,,,,,,,,,,,,,,,0.328225,,,,,,,,,,,,,aab59f75-f2d9-4e40-8314-ab96d544beaf,89,,"[85.9, 70.5]",3920402,1,,,,,,,,,,,,,,,,,,,,,,,,,1,From Throw In,Riyad Mahrez,3814.0,Right Wing,4,Algeria,4898,['39fdc3b8-580a-4f18-99e5-3ee51ce2702b'],59,,,,,,,,,,,,,,,,,,,Algeria,4898,00:01:59.522,Pressure,
,,,,,,,,,,,,True,,,,,0.429423,,,,,,,,,,,,,e79d0525-e569-42bc-9d1c-7d731c679966,93,,"[79.0, 60.6]",3920402,2,,,,,,,,,,,,,,,,,,,,,,,,,1,From Throw In,Riyad Mahrez,3814.0,Right Wing,4,Algeria,4898,['d6acfcf3-2078-4de4-9b82-e02296819ae2'],1,,,,,,,,,,,,,,,,,,,Algeria,4898,00:02:01.849,Pressure,
,,,,,,,,,,,,,,,,,0.318552,,,,,,,,,,,,,f84be87f-5392-4b27-95f9-650d3cf61db4,98,,"[37.0, 23.7]",3920402,2,,,,,,,,,,,,,,,,,,,,,,,,,1,From Throw In,Adama Guira,24411.0,Right Defensive Midfield,4,Algeria,4898,"['b50c8bbd-f276-4999-896d-a3014d998db0', '19ffefdc-eb43-4e1c-9c63-c8d90593bb88']",3,,,,,,,,,,,,,,,,,,,Burkina Faso,4921,00:02:03.377,Pressure,
,,,,,,,,,,,,True,,,,,0.575729,,,,,,,,,,,,,f3a6fb8f-6454-4e61-9920-6a195e155d0c,102,,"[82.8, 57.0]",3920402,2,,,,,,,,,,,,,,,,,,,,,,,,,1,Regular Play,Baghdad Bounedjah,103465.0,Center Forward,5,Burkina Faso,4921,['6390fa22-9d04-448e-84c5-65e1bf110b27'],5,,,,,,,,,,,,,,,,,,,Algeria,4898,00:02:05.136,Pressure,
,,,,,,,,,,,,,,,,,1.076597,,,,,,,,,,,,,4ea3af9b-cae7-47c7-b358-64ba1d42681a,110,,"[11.7, 12.4]",3920402,2,,,,,,,,,,,,,,,,,,,,,,,,,1,From Free Kick,Rayan Aït Nouri,12111.0,Left Back,6,Burkina Faso,4921,['0a6ae41a-12e3-40ab-b6e0-a644fb3dd6f6'],37,,,,,,,,,,,,,,,,,,,Algeria,4898,00:02:37.946,Pressure,
,,,,,,,,,,,,,,,,,0.454839,,,,,,,,,,,,,7a48c1fb-3b6f-4950-960d-bdf3785c495a,117,,"[7.1, 9.1]",3920402,2,,,,,,,,,,,,,,,,,,,,,,,,,1,From Free Kick,Rayan Aït Nouri,12111.0,Left Back,6,Burkina Faso,4921,['496a0713-d99f-4cdf-8de6-74c81d4fb809'],42,,,,,,,,,,,,,,,,,,,Algeria,4898,00:02:42.319,Pressure,
,,,,,,,,,,,,,,,,,0.580057,,,,,,,,,,,,,ef40f804-d174-4326-a8cf-e2f6d9346484,118,,"[7.1, 10.3]",3920402,2,,,,,,,,,,,,,,,,,,,,,,,,,1,From Free Kick,Mohamed Youcef Belaïli,103464.0,Left Wing,6,Burkina Faso,4921,,42,,,,,,,,,,,,,,,,,,,Algeria,4898,00:02:42.388,Pressure,
,,,,,,,,,,,,,,,,,1.255572,,,,,,,,,,,,,6f19e252-25d6-4af9-8994-da9d640c2d7d,152,,"[27.9, 69.4]",3920402,3,,,,,,,,,,,,,,,,,,,,,,,,,1,Regular Play,Issoufou Dayo,102800.0,Right Center Back,7,Algeria,4898,['86761402-a554-4cc6-8897-d56bf07b83bb'],23,,,,,,,,,,,,,,,,,,,Burkina Faso,4921,00:03:23.390,Pressure,
,,,,,,,,,,,,,,,,,0.43722,,,,,,,,,,,,,1446b615-fa54-4304-96db-db72cc1d79db,153,,"[31.0, 72.7]",3920402,3,,,,,,,,,,,,,,,,,,,,,,,,,1,Regular Play,Adamo Nagalo,99280.0,Right Back,7,Algeria,4898,,24,,,,,,,,,,,,,,,,,,,Burkina Faso,4921,00:03:24.280,Pressure,
,,,,,,,,,,,,True,,,,,0.326306,,,,,,,,,,,,,1426817f-f51a-43f9-8023-532e46d2982a,159,,"[96.5, 3.9]",3920402,3,,,,,,,,,,,,,,,,,,,,,,,,,1,Regular Play,Mohamed Youcef Belaïli,103464.0,Left Wing,8,Burkina Faso,4921,,27,,,,,,,,,,,,,,,,,,,Algeria,4898,00:03:27.796,Pressure,
,,,,,,,,,,,,,,,,,0.330618,,,,,,,,,,,,,49199608-9145-4593-9a3d-0b6914b12752,165,,"[57.4, 58.5]",3920402,3,,,,,,,,,,,,,,,,,,,,,,,,,1,Regular Play,Sofiane Feghouli,18724.0,Center Attacking Midfield,8,Burkina Faso,4921,"['9e8f9461-c07b-4d06-9220-cba7c3df115f', '1506c396-1e93-42a0-9879-462ac3257dac']",38,,,,,,,,,,,,,,,,,,,Algeria,4898,00:03:38.526,Pressure,
,,,,,,,,,,,,True,,,,,0.063496,,,,,,,,,,,,,096c3b1c-2183-41b9-aa4a-756551cb82fc,170,,"[62.4, 23.5]",3920402,3,,,,,,,,,,,,,,,,,,,,,,,,,1,Regular Play,Edmond Fayçal Tapsoba,30606.0,Left Center Back,8,Burkina Faso,4921,,40,,,,,,,,,,,,,,,,,,,Burkina Faso,4921,00:03:40.338,Pressure,
,,,,,,,,,,,,True,,,,,0.485975,,,,,,,,,,,,,14fff89c-51a7-476d-8e92-3d17b2be8317,173,,"[65.7, 7.6]",3920402,3,,,,,,,,,,,,,,,,,,,,,,,,,1,Regular Play,Ibrahim Blati Touré,23999.0,Left Defensive Midfield,8,Burkina Faso,4921,"['0e88f38a-33d3-4409-9a1f-30206ad28bd0', '124175b3-1460-4b10-b5cd-0ba0f1a18693']",41,,,,,,,,,,,,,,,,,,,Burkina Faso,4921,00:03:41.956,Pressure,
,,,,,,,,,,,,True,,,,,0.073422,,,,,,,,,,,,,261e94a2-44c4-4de5-b5ee-43fb1ce1e431,175,,"[64.0, 8.2]",3920402,3,,,,,,,,,,,,,,,,,,,,,,,,,1,Regular Play,Steeve Yago,3035.0,Left Back,8,Burkina Faso,4921,,42,,,,,,,,,,,,,,,,,,,Burkina Faso,4921,00:03:42.073,Pressure,
,,,,,,,,,,,,,,,,,0.326474,,,,,,,,,,,,,944e1c05-3290-45c2-bdcc-61c126f59ac1,188,,"[89.0, 49.3]",3920402,4,,,,,,,,,,,,,,,,,,,,,,,,,1,From Keeper,Adama Guira,24411.0,Right Defensive Midfield,10,Algeria,4898,,9,,,,,,,,,,,,,,,,,,,Burkina Faso,4921,00:04:09.318,Pressure,
,,,,,,,,,,,,,,,,,0.585211,,,,,,,,,,,,,b24b4a1a-8d47-4373-bef1-dcb2f56337e5,209,,"[49.7, 51.6]",3920402,4,,,,,,,,,,,,,,,,,,,,,,,,,1,From Keeper,Adama Guira,24411.0,Right Defensive Midfield,10,Algeria,4898,['cc31c5b2-dd95-4028-a644-6b8af1fa038e'],31,,,,,,,,,,,,,,,,,,,Burkina Faso,4921,00:04:31.465,Pressure,
,,,,,,,,,,,,,,,,,0.191259,,,,,,,,,,,,,3eba1763-cdd6-4d04-ba1a-ea5f787bb68e,255,,"[90.7, 56.6]",3920402,5,,,,,,,,,,,,,,,,,,,,,,,,,1,From Keeper,Gustavo Fabrice Sangaré,45466.0,Center Attacking Midfield,13,Algeria,4898,,53,,,,,,,,,,,,,,,,,,,Burkina Faso,4921,00:05:53.405,Pressure,
,,,,,,,,,,,,,,,,,0.195804,,,,,,,,,,,,,ce250408-b171-4d03-bf97-5bb11bbf3705,304,,"[55.3, 62.2]",3920402,6,,,,,,,,,,,,,,,,,,,,,,,,,1,From Keeper,Gustavo Fabrice Sangaré,45466.0,Center Attacking Midfield,13,Algeria,4898,"['2f7d34cd-fa6f-4879-b1cf-25e003a5670e', 'e2955734-ac03-400d-816e-c3e8753c9ad3']",38,,,,,,,,,,,,,,,,,,,Burkina Faso,4921,00:06:38.761,Pressure,
,,,,,,,,,,,,,,,,,0.500373,,,,,,,,,,,,,c0b8aeda-cbe9-4e3a-b192-effa954e77d3,314,,"[34.5, 2.2]",3920402,6,,,,,,,,,,,,,,,,,,,,,,,,,1,From Keeper,Abdoul Fessal Tapsoba,43705.0,Left Wing,13,Algeria,4898,['341b3c18-dc1f-472a-8bfb-45706e341241'],47,,,,,,,,,,,,,,,,,,,Burkina Faso,4921,00:06:47.624,Pressure,
,,,,,,,,,,,,,,,,,0.971443,,,,,,,,,,,,,7fbc1e5b-83e4-47fb-9562-b1f3bcf96c20,339,,"[95.0, 7.8]",3920402,7,,,,,,,,,,,,,,,,,,,,,,,,,1,From Goal Kick,Abdoul Fessal Tapsoba,43705.0,Left Wing,15,Burkina Faso,4921,"['9c37a6c1-15a0-4296-a0a3-363d1722ad07', '3949730a-52de-4862-baf7-e5e882596c8c']",59,,,,,,,,,,,,,,,,,,,Burkina Faso,4921,00:07:59.780,Pressure,
,,,,,,,,,,,,,,,,,0.192681,,,,,,,,,,,,,8b2715d3-2be0-48fd-9bb5-6c7e8fb9df2b,364,,"[74.3, 27.6]",3920402,8,,,,,,,,,,,,,,,,,,,,,,,,,1,From Free Kick,Mohamed Konaté,43920.0,Center Forward,17,Algeria,4898,,51,,,,,,,,,,,,,,,,,,,Burkina Faso,4921,00:08:51.398,Pressure,
,,,,,,,,,,,,,,,,,0.432671,,,,,,,,,,,,,a7467af7-33c4-494f-b615-b7f0469bfb36,375,,"[29.5, 76.6]",3920402,9,,,,,,,,,,,,,,,,,,,,,,,,,1,From Free Kick,Adamo Nagalo,99280.0,Right Back,17,Algeria,4898,"['39c8ff42-7a72-4863-a11d-c1ffc459fac5', 'a862f470-f70c-4fde-b83d-9a5393714d64']",0,,,,,,,,,,,,,,,,,,,Burkina Faso,4921,00:09:00.989,Pressure,
,,,,,,,,,,,,,,,,,0.735817,,,,,,,,,,,,,d6b9cede-0f27-4340-a864-57af616d4871,402,,"[40.3, 48.7]",3920402,9,,,,,,,,,,,,,,,,,,,,,,,,,1,From Free Kick,Adama Guira,24411.0,Right Defensive Midfield,17,Algeria,4898,['a061171f-6b65-4e52-91d7-d455595054b5'],27,,,,,,,,,,,,,,,,,,,Burkina Faso,4921,00:09:27.588,Pressure,
,,,,,,,,,,,,,,,,,0.181578,,,,,,,,,,,,,0a7aa043-075d-46ef-9270-fadae706793a,419,,"[43.3, 54.7]",3920402,10,,,,,,,,,,,,,,,,,,,,,,,,,1,From Free Kick,Mohamed Konaté,43920.0,Center Forward,18,Algeria,4898,['e3fa7da4-0a36-439d-9504-c1770b420e33'],8,,,,,,,,,,,,,,,,,,,Burkina Faso,4921,00:10:08.091,Pressure,
,,,,,,,,,,,,,,,,,0.483047,,,,,,,,,,,,,2db4a1a2-ec94-4a3a-a216-e2c6638c9f52,423,,"[30.0, 41.7]",3920402,10,,,,,,,,,,,,,,,,,,,,,,,,,1,From Free Kick,Ibrahim Blati Touré,23999.0,Left Defensive Midfield,18,Algeria,4898,['058912dd-c0e7-4e39-a56e-e6a101241707'],10,,,,,,,,,,,,,,,,,,,Burkina Faso,4921,00:10:10.694,Pressure,
,,,,,,,,,,,,,,,,,0.628566,,,,,,,,,,,,,b28dfb5d-d7f1-461e-bcad-5e7c26636b54,466,,"[115.1, 45.5]",3920402,11,,,,,,,,,,,,,,,,,,,,,,,,,1,Regular Play,Baghdad Bounedjah,103465.0,Center Forward,21,Burkina Faso,4921,"['de83f26a-0696-408a-8b7b-e702c0148b8f', '8e41e68a-c779-40f9-904d-be4e62a3f01e']",31,,,,,,,,,,,,,,,,,,,Algeria,4898,00:11:31.159,Pressure,
,,,,,,,,,,,,,,,,,1.408957,,,,,,,,,,,,,d884b288-2cb7-4edd-867f-0f6d9c5b9919,470,,"[100.1, 40.5]",3920402,11,,,,,,,,,,,,,,,,,,,,,,,,,1,Regular Play,Baghdad Bounedjah,103465.0,Center Forward,21,Burkina Faso,4921,"['ac8065a3-36ea-4d4b-98e9-3e5189aaa7ea', 'ed6fd869-5e4d-4084-ab53-6330439d6d7d']",34,,,,,,,,,,,,,,,,,,,Algeria,4898,00:11:34.404,Pressure,
,,,,,,,,,,,,,,,,,0.447172,,,,,,,,,,,,,6d1c5132-5649-4ba7-a948-e3575ffc3acd,480,,"[112.0, 40.5]",3920402,11,,,,,,,,,,,,,,,,,,,,,,,,,1,Regular Play,Baghdad Bounedjah,103465.0,Center Forward,21,Burkina Faso,4921,"['53a90ffb-3a44-42a5-acf1-cbf221987676', '3b122e39-b215-4177-94af-b451647d43a4']",59,,,,,,,,,,,,,,,,,,,Algeria,4898,00:11:59.963,Pressure,
,,,,,,,,,,,,,,,,,0.887456,,,,,,,,,,,,,adc5cc0f-cab6-46dc-bfb2-a83ee05bc23f,490,,"[40.3, 74.8]",3920402,12,,,,,,,,,,,,,,,,,,,,,,,,,1,From Throw In,Mohamed Konaté,43920.0,Center Forward,22,Algeria,4898,['2c79584b-d7e2-4e9b-a26d-befe9cfd27b6'],10,,,,,,,,,,,,,,,,,,,Burkina Faso,4921,00:12:10.100,Pressure,
,,,,,,,,,,,,,,,,,0.057901,,,,,,,,,,,,,7e6bec22-325f-4193-ac11-73b3029e097c,502,,"[56.8, 35.5]",3920402,12,,,,,,,,,,,,,,,,,,,,,,,,,1,Regular Play,Mohamed Konaté,43920.0,Center Forward,24,Algeria,4898,,49,,,,,,,,,,,,,,,,,,,Burkina Faso,4921,00:12:49.035,Pressure,
,,,,,,,,,,,,,,,,,0.293168,,,,,,,,,,,,,4bcb9ee8-65b5-47e8-87af-1c662c3114d4,523,,"[46.9, 66.5]",3920402,13,,,,,,,,,,,,,,,,,,,,,,,,,1,Regular Play,Adama Guira,24411.0,Right Defensive Midfield,24,Algeria,4898,"['68676675-be3e-4172-9b8f-be73f5ef4de7', '113a79cc-34a7-4653-9275-e157c00de800']",12,,,,,,,,,,,,,,,,,,,Burkina Faso,4921,00:13:12.335,Pressure,
,,,,,,,,,,,,,,,,,2.425041,,,,,,,,,,,,,8add1826-3817-4348-afc0-9e5f45e478af,527,,"[51.0, 76.6]",3920402,13,,,,,,,,,,,,,,,,,,,,,,,,,1,Regular Play,Issa Kabore,35471.0,Right Wing,24,Algeria,4898,['ff858cd7-320b-435f-b73d-ed54a1c01639'],14,,,,,,,,,,,,,,,,,,,Burkina Faso,4921,00:13:14.194,Pressure,
,,,,,,,,,,,,,,,,,0.547675,,,,,,,,,,,,,aee8514e-bd43-4f64-809d-ae3937cdae9c,528,,"[56.8, 69.4]",3920402,13,,,,,,,,,,,,,,,,,,,,,,,,,1,Regular Play,Adama Guira,24411.0,Right Defensive Midfield,24,Algeria,4898,['d8ccf9d3-6834-4cfe-ae90-570e73f798ee'],16,,,,,,,,,,,,,,,,,,,Burkina Faso,4921,00:13:16.245,Pressure,
,,,,,,,,,,,,,,,,,0.334255,,,,,,,,,,,,,6f7495dc-c9cb-4b2a-876a-7a8fbdc3e2f4,532,,"[116.4, 27.1]",3920402,13,,,,,,,,,,,,,,,,,,,,,,,,,1,From Free Kick,Baghdad Bounedjah,103465.0,Center Forward,25,Algeria,4898,['918ed8a0-18fa-4407-8635-98f9cba439b2'],34,,,,,,,,,,,,,,,,,,,Algeria,4898,00:13:34.356,Pressure,
,,,,,,,,,,,,,,,,,1.971994,,,,,,,,,,,,,2cc975d8-80d2-4625-ab11-48e24b333f13,545,,"[49.3, 72.7]",3920402,14,,,,,,,,,,,,,,,,,,,,,,,,,1,From Keeper,Nabil Bentaleb,8520.0,Right Defensive Midfield,27,Burkina Faso,4921,['d0b97178-70b1-4e06-a681-7845771ceb93'],32,,,,,,,,,,,,,,,,,,,Algeria,4898,00:14:32.605,Pressure,
,,,,,,,,,,,,,,,,,0.389139,,,,,,,,,,,,,3e03218b-2bfd-4406-a7e3-9aa20800f72a,548,,"[35.9, 72.3]",3920402,14,,,,,,,,,,,,,,,,,,,,,,,,,1,From Keeper,Ramiz Larbi Zerrouki,38345.0,Left Defensive Midfield,27,Burkina Faso,4921,"['31346b4f-03af-4ae4-b8d4-d2885e1261c5', '5ca0051c-2d04-4a58-8c53-dd13a68db061']",35,,,,,,,,,,,,,,,,,,,Algeria,4898,00:14:35.698,Pressure,
,,,,,,,,,,,,,,,,,0.662634,,,,,,,,,,,,,c678bf48-feac-4070-b735-c696601766f5,551,,"[35.8, 77.3]",3920402,14,,,,,,,,,,,,,,,,,,,,,,,,,1,From Keeper,Youcef Atal,10040.0,Right Back,27,Burkina Faso,4921,['31346b4f-03af-4ae4-b8d4-d2885e1261c5'],36,,,,,,,,,,,,,,,,,,,Algeria,4898,00:14:36.468,Pressure,
,,,,,,,,,,,,,,,,,1.840681,,,,,,,,,,,,,c117f4b6-3aa3-480b-bffa-372da17fa500,552,,"[38.3, 77.2]",3920402,14,,,,,,,,,,,,,,,,,,,,,,,,,1,From Keeper,Riyad Mahrez,3814.0,Right Wing,27,Burkina Faso,4921,['a3acbb32-abd4-4c52-bd1d-fa46e1a57133'],38,,,,,,,,,,,,,,,,,,,Algeria,4898,00:14:38.900,Pressure,
,,,,,,,,,,,,,,,,,0.531072,,,,,,,,,,,,,bdf3e3e4-399e-428f-8b3f-6faef6025528,553,,"[38.3, 76.0]",3920402,14,,,,,,,,,,,,,,,,,,,,,,,,,1,From Keeper,Ramiz Larbi Zerrouki,38345.0,Left Defensive Midfield,27,Burkina Faso,4921,['a3acbb32-abd4-4c52-bd1d-fa46e1a57133'],40,,,,,,,,,,,,,,,,,,,Algeria,4898,00:14:40.347,Pressure,
,,,,,,,,,,,,,,,,,1.298054,,,,,,,,,,,,,8566062b-963c-4d81-b5b7-d20b4d53fa62,557,,"[31.3, 72.1]",3920402,14,,,,,,,,,,,,,,,,,,,,,,,,,1,From Keeper,Youcef Atal,10040.0,Right Back,27,Burkina Faso,4921,"['de7440d6-5e14-4971-8173-3c8d76079448', '6971d8cc-9b71-4b14-bb69-9e98d2d184d2']",41,,,,,,,,,,,,,,,,,,,Algeria,4898,00:14:41.984,Pressure,
,,,,,,,,,,,,True,,,,,0.300173,,,,,,,,,,,,,7a102d53-43c7-4ed1-ae57-ff327c05beb8,581,,"[54.6, 21.9]",3920402,15,,,,,,,,,,,,,,,,,,,,,,,,,1,From Keeper,Ibrahim Blati Touré,23999.0,Left Defensive Midfield,27,Burkina Faso,4921,"['743b3d5d-f9aa-4c64-bc44-49f21f142b53', 'fefa3d0f-4a0f-44ff-8bbb-590323f09522']",15,,,,,,,,,,,,,,,,,,,Burkina Faso,4921,00:15:15.089,Pressure,
,,,,,,,,,,,,,,,,,0.380041,,,,,,,,,,,,,b3a98a1e-e585-4594-a438-5083ea282f6e,596,,"[103.6, 60.5]",3920402,15,,,,,,,,,,,,,,,,,,,,,,,,,1,From Keeper,Mohamed Konaté,43920.0,Center Forward,27,Burkina Faso,4921,['c043a763-ec58-4c91-9427-fcb4370395b4'],52,,,,,,,,,,,,,,,,,,,Burkina Faso,4921,00:15:52.947,Pressure,
,,,,,,,,,,,,,,,,,0.625306,,,,,,,,,,,,,ac3d07e6-ea88-497e-84f8-b6913e9c2dd1,614,,"[14.8, 67.1]",3920402,17,,,,,,,,,,,,,,,,,,,,,,,,,1,From Free Kick,Adamo Nagalo,99280.0,Right Back,29,Algeria,4898,,55,,,,,,,,,,,,,,,,,,,Burkina Faso,4921,00:17:55.988,Pressure,
,,,,,,,,,,,,,,,,,0.41009,,,,,,,,,,,,,2fe6f03f-6e36-4d22-84b8-9f013ee59784,615,,"[15.9, 66.7]",3920402,17,,,,,,,,,,,,,,,,,,,,,,,,,1,From Free Kick,Issa Kabore,35471.0,Right Wing,29,Algeria,4898,['33fa3a7c-9e59-4c5e-9d49-b77a529258c6'],56,,,,,,,,,,,,,,,,,,,Burkina Faso,4921,00:17:56.730,Pressure,
,,,,,,,,,,,,,,,,,0.158514,,,,,,,,,,,,,f2475bfc-89be-4d29-8cb8-f2b6f392a7eb,619,,"[15.9, 60.0]",3920402,17,,,,,,,,,,,,,,,,,,,,,,,,,1,From Free Kick,Adama Guira,24411.0,Right Defensive Midfield,29,Algeria,4898,['ebe15b6d-68ce-4964-984e-c729b2639fcf'],57,,,,,,,,,,,,,,,,,,,Burkina Faso,4921,00:17:57.870,Pressure,
,,,,,,,,,,,,,,,,,0.298441,,,,,,,,,,,,,c3bdc3f8-b430-4a80-ac91-31b267b1c8f1,623,,"[7.7, 51.8]",3920402,17,,,,,,,,,,,,,,,,,,,,,,,,,1,From Free Kick,Adamo Nagalo,99280.0,Right Back,29,Algeria,4898,['f0732fde-e68d-4d2c-aa78-df02789985d8'],59,,,,,,,,,,,,,,,,,,,Burkina Faso,4921,00:17:59.314,Pressure,
,,,,,,,,,,,,,,,,,1.710833,,,,,,,,,,,,,63e42d63-b243-47b1-8ea9-d48e86351740,636,,"[62.8, 6.1]",3920402,18,,,,,,,,,,,,,,,,,,,,,,,,,1,From Free Kick,Steeve Yago,3035.0,Left Back,29,Algeria,4898,"['fa8d2a66-d9f2-49a2-a874-d2821ece6dfa', '0f54d667-0e29-4b52-a1ec-2a6d55ecaad0']",9,,,,,,,,,,,,,,,,,,,Burkina Faso,4921,00:18:09.369,Pressure,
,,,,,,,,,,,,,,,,,0.143446,,,,,,,,,,,,,23bb7aaa-8e5e-4f71-90d2-ee8d6db2607d,638,,"[68.7, 8.0]",3920402,18,,,,,,,,,,,,,,,,,,,,,,,,,1,From Free Kick,Gustavo Fabrice Sangaré,45466.0,Center Attacking Midfield,29,Algeria,4898,,11,,,,,,,,,,,,,,,,,,,Burkina Faso,4921,00:18:11.104,Pressure,
,,,,,,,,,,,,,,,,,0.887568,,,,,,,,,,,,,ebf47ceb-ed44-4042-8036-18a6d122f415,641,,"[77.5, 6.1]",3920402,18,,,,,,,,,,,,,,,,,,,,,,,,,1,From Free Kick,Mohamed Konaté,43920.0,Center Forward,29,Algeria,4898,['ba04e3cc-8ea9-49c9-88e8-650ca728d1e9'],12,,,,,,,,,,,,,,,,,,,Burkina Faso,4921,00:18:12.903,Pressure,
,,,,,,,,,,,,,,,,,0.98999,,,,,,,,,,,,,d1f81b90-6b0a-48c5-866c-b760adfa352f,645,,"[65.7, 1.8]",3920402,18,,,,,,,,,,,,,,,,,,,,,,,,,1,From Free Kick,Abdoul Fessal Tapsoba,43705.0,Left Wing,29,Algeria,4898,['923d066f-a0f9-43c5-bd1d-467a61e76aed'],15,,,,,,,,,,,,,,,,,,,Burkina Faso,4921,00:18:15.536,Pressure,
,,,,,,,,,,,,,,,,,0.859166,,,,,,,,,,,,,ccffb300-c112-406c-851c-ecd111b2db06,646,,"[63.2, 4.5]",3920402,18,,,,,,,,,,,,,,,,,,,,,,,,,1,From Free Kick,Ibrahim Blati Touré,23999.0,Left Defensive Midfield,29,Algeria,4898,['18067996-aa5a-4ca0-80ec-6eb66a8e6c3e'],17,,,,,,,,,,,,,,,,,,,Burkina Faso,4921,00:18:17.138,Pressure,
,,,,,,,,,,,,,,,,,0.48168,,,,,,,,,,,,,701ffecb-b420-4280-bc62-ab4f857c7a45,653,,"[9.9, 3.7]",3920402,18,,,,,,,,,,,,,,,,,,,,,,,,,1,From Free Kick,Steeve Yago,3035.0,Left Back,29,Algeria,4898,"['69849a4a-87ec-40d8-a114-eedfacf6bd6b', '005541c0-047d-4dc2-9d54-efcc769b60b0']",27,,,,,,,,,,,,,,,,,,,Burkina Faso,4921,00:18:27.672,Pressure,
,,,,,,,,,,,,,,,,,0.22487,,,,,,,,,,,,,d53ae94d-e44f-4396-8f49-ca0b01e430bd,664,,"[101.3, 42.5]",3920402,19,,,,,,,,,,,,,,,,,,,,,,,,,1,From Goal Kick,Baghdad Bounedjah,103465.0,Center Forward,30,Burkina Faso,4921,"['11e3c4c7-fd0c-4ae3-88e4-6d41dbee078c', '8b3adf76-b32f-4c09-aa48-c79dba864195']",18,,,,,,,,,,,,,,,,,,,Algeria,4898,00:19:18.332,Pressure,
,,,,,,,,,,,,,,,,,0.15847,,,,,,,,,,,,,7b442094-f5f6-4a0e-927f-9ddace992d06,666,,"[74.3, 70.2]",3920402,19,,,,,,,,,,,,,,,,,,,,,,,,,1,From Goal Kick,Gustavo Fabrice Sangaré,45466.0,Center Attacking Midfield,30,Burkina Faso,4921,['d88a99a7-77a0-47b6-b19c-358cdb5a5eb0'],22,,,,,,,,,,,,,,,,,,,Burkina Faso,4921,00:19:22.339,Pressure,
,,,,,,,,,,,,True,,,,,0.280618,,,,,,,,,,,,,c6518a2e-072f-40e3-ba02-3da04c36fae9,671,,"[79.3, 47.9]",3920402,19,,,,,,,,,,,,,,,,,,,,,,,,,1,Regular Play,Mohamed Konaté,43920.0,Center Forward,31,Algeria,4898,"['1d468d17-4946-4d8e-8636-6cbedc977af7', '275a738b-be71-46db-88ed-a843f83913dc']",26,,,,,,,,,,,,,,,,,,,Burkina Faso,4921,00:19:26.406,Pressure,
,,,,,,,,,,,,,,,,,0.015375,,,,,,,,,,,,,8d3da04c-9422-4153-beef-ba4633d2bb55,699,,"[49.3, 47.1]",3920402,19,,,,,,,,,,,,,,,,,,,,,,,,,1,Regular Play,Adama Guira,24411.0,Right Defensive Midfield,31,Algeria,4898,,52,,,,,,,,,,,,,,,,,,,Burkina Faso,4921,00:19:52.527,Pressure,
,,,,,,,,,,,,,,,,,0.343387,,,,,,,,,,,,,602c5ac1-8d33-49eb-bb74-e7c3d713dd15,733,,"[67.7, 20.5]",3920402,20,,,,,,,,,,,,,,,,,,,,,,,,,1,Regular Play,Ramy Bensebaini,3191.0,Left Center Back,32,Burkina Faso,4921,['421a07ad-6f55-4f0d-9c17-0b585bc8feeb'],40,,,,,,,,,,,,,,,,,,,Algeria,4898,00:20:40.669,Pressure,
,,,,,,,,,,,,,,,,,0.525759,,,,,,,,,,,,,480e2883-3f38-4271-a032-0a90ed961552,742,,"[32.8, 7.0]",3920402,20,,,,,,,,,,,,,,,,,,,,,,,,,1,From Free Kick,Rayan Aït Nouri,12111.0,Left Back,33,Burkina Faso,4921,"['4722d5be-5551-456c-9f13-f9ccf2d1897c', 'a2ed2f23-d150-443c-84e5-e94912007026']",57,,,,,,,,,,,,,,,,,,,Algeria,4898,00:20:57.487,Pressure,
,,,,,,,,,,,,,,,,,1.732348,,,,,,,,,,,,,50cce591-ae59-4388-b7b2-27210decf0ea,759,,"[59.2, 24.7]",3920402,22,,,,,,,,,,,,,,,,,,,,,,,,,1,Regular Play,Mohamed Youcef Belaïli,103464.0,Left Wing,35,Burkina Faso,4921,['0e651719-2ef8-414a-99f8-9257c09dd655'],29,,,,,,,,,,,,,,,,,,,Algeria,4898,00:22:29.063,Pressure,
,,,,,,,,,,,,,,,,,1.10833,,,,,,,,,,,,,7f9e3ec7-91d3-4806-87ee-e983798c5703,772,,"[43.1, 42.1]",3920402,25,,,,,,,,,,,,,,,,,,,,,,,,,1,From Goal Kick,Baghdad Bounedjah,103465.0,Center Forward,37,Burkina Faso,4921,,46,,,,,,,,,,,,,,,,,,,Algeria,4898,00:25:46.402,Pressure,
,,,,,,,,,,,,,,,,,0.357706,,,,,,,,,,,,,ea84dc7c-9eda-43b6-aa34-dd0128ff8772,773,,"[33.8, 38.8]",3920402,25,,,,,,,,,,,,,,,,,,,,,,,,,1,From Goal Kick,Ramy Bensebaini,3191.0,Left Center Back,37,Burkina Faso,4921,['4e3b151b-0936-45cf-9a1e-42691b7279a6'],47,,,,,,,,,,,,,,,,,,,Algeria,4898,00:25:47.414,Pressure,
,,,,,,,,,,,,,,,,,0.178129,,,,,,,,,,,,,fd9d154d-fea4-4b90-90f0-c33efd5ca737,776,,"[97.1, 49.3]",3920402,25,,,,,,,,,,,,,,,,,,,,,,,,,1,From Goal Kick,Ibrahim Blati Touré,23999.0,Left Defensive Midfield,37,Burkina Faso,4921,['1de15b01-a6d7-4c12-b955-5570b952afad'],49,,,,,,,,,,,,,,,,,,,Burkina Faso,4921,00:25:49.194,Pressure,
,,,,,,,,,,,,,,,,,0.184267,,,,,,,,,,,,,a90d65da-b87f-4d08-bfaf-520943aabcb1,778,,"[64.4, 54.3]",3920402,25,,,,,,,,,,,,,,,,,,,,,,,,,1,From Goal Kick,Sofiane Feghouli,18724.0,Center Attacking Midfield,37,Burkina Faso,4921,['2ee28075-ebe9-4efa-885b-15f9d40f83d7'],52,,,,,,,,,,,,,,,,,,,Algeria,4898,00:25:52.631,Pressure,
,,,,,,,,,,,,,,,,,0.245329,,,,,,,,,,,,,cdc40716-55d6-433f-99b2-1298c0a4fe01,782,,"[55.7, 68.7]",3920402,25,,,,,,,,,,,,,,,,,,,,,,,,,1,From Goal Kick,Riyad Mahrez,3814.0,Right Wing,37,Burkina Faso,4921,"['55291e01-5960-4e16-9723-94158e1df9b1', 'f4fc5efd-0a6a-4c55-823c-eb9478a2af71']",53,,,,,,,,,,,,,,,,,,,Algeria,4898,00:25:53.731,Pressure,
,,,,,,,,,,,,,,,,,0.774998,,,,,,,,,,,,,1e813756-f220-4dde-83e5-060cc4628b92,811,,"[49.7, 59.2]",3920402,26,,,,,,,,,,,,,,,,,,,,,,,,,1,Regular Play,Sofiane Feghouli,18724.0,Center Attacking Midfield,40,Burkina Faso,4921,"['976f1df0-2791-464d-96b3-3f76c6f2b33c', 'e10c7dfc-8bfe-4402-9e26-b773f04a25c0']",45,,,,,,,,,,,,,,,,,,,Algeria,4898,00:26:45.586,Pressure,
,,,,,,,,,,,,,,,,,0.179136,,,,,,,,,,,,,d1aa37cf-9a79-4b51-93ac-eacb9b2586fc,822,,"[27.4, 26.2]",3920402,26,,,,,,,,,,,,,,,,,,,,,,,,,1,Regular Play,Ramy Bensebaini,3191.0,Left Center Back,40,Burkina Faso,4921,"['6b60db66-8db0-4279-99d0-a6ac416f4c06', 'd24d1a16-3a50-4174-bc36-3ff547396110', '432c061f-5f48-4148-b0d3-858e2d772429']",59,,,,,,,,,,,,,,,,,,,Algeria,4898,00:26:59.864,Pressure,
,,,,,,,,,,,,,,,,,0.190183,,,,,,,,,,,,,aa1d99c6-0327-4f12-9be4-0abad7257398,831,,"[29.5, 32.6]",3920402,27,,,,,,,,,,,,,,,,,,,,,,,,,1,Regular Play,Nabil Bentaleb,8520.0,Right Defensive Midfield,40,Burkina Faso,4921,"['384a04df-b8bc-444e-9a28-a5fb8dadf789', '92fac1a1-86b5-4590-8d62-0982c4abfb98', '0876f0e8-4861-40bf-92a3-c2e790770e62']",2,,,,,,,,,,,,,,,,,,,Algeria,4898,00:27:02.956,Pressure,
,,,,,,,,,,,,True,,,,,0.302323,,,,,,,,,,,,,31c9d15c-c9fa-4500-adcd-0cb3aacbad7f,839,,"[104.1, 62.8]",3920402,27,,,,,,,,,,,,,,,,,,,,,,,,,1,Regular Play,Gustavo Fabrice Sangaré,45466.0,Center Attacking Midfield,40,Burkina Faso,4921,"['18791c7d-21df-44d6-b6a7-b3bcd23383d8', 'cf7aafdc-e8ae-48df-adda-2ca67efc4e31']",7,,,,,,,,,,,,,,,,,,,Burkina Faso,4921,00:27:07.354,Pressure,
,,,,,,,,,,,,,,,,,0.315756,,,,,,,,,,,,,b4f132d3-5b12-471d-83d0-2c268f2f399f,859,,"[22.9, 72.1]",3920402,27,,,,,,,,,,,,,,,,,,,,,,,,,1,From Goal Kick,Adamo Nagalo,99280.0,Right Back,41,Algeria,4898,"['62de5e4e-9f85-44dc-8f93-b5efb3cc859e', '747f42e3-3e3e-4f60-8c2d-457263ae6b6d']",59,,,,,,,,,,,,,,,,,,,Burkina Faso,4921,00:27:59.699,Pressure,
,,,,,,,,,,,,,,,,,0.044323,,,,,,,,,,,,,a627d120-6a26-4807-9b64-63fcbb544d03,861,,"[29.1, 60.0]",3920402,28,,,,,,,,,,,,,,,,,,,,,,,,,1,From Goal Kick,Ibrahim Blati Touré,23999.0,Left Defensive Midfield,41,Algeria,4898,,1,,,,,,,,,,,,,,,,,,,Burkina Faso,4921,00:28:01.184,Pressure,
,,,,,,,,,,,,,,,,,0.195599,,,,,,,,,,,,,e97f2836-5496-4fa3-8587-edc892fb17a8,881,,"[35.1, 61.3]",3920402,28,,,,,,,,,,,,,,,,,,,,,,,,,1,From Goal Kick,Adamo Nagalo,99280.0,Right Back,41,Algeria,4898,"['126c1f9d-2ccf-4181-8566-2e4111182664', '3371ed84-e6f3-4d24-9ac3-8ed9af7c0bca']",13,,,,,,,,,,,,,,,,,,,Burkina Faso,4921,00:28:13.332,Pressure,
,,,,,,,,,,,,True,,,,,1.153717,,,,,,,,,,,,,110e5108-42be-4053-a350-4f72f410febc,895,,"[76.1, 65.7]",3920402,28,,,,,,,,,,,,,,,,,,,,,,,,,1,From Goal Kick,Youcef Atal,10040.0,Right Back,41,Algeria,4898,"['a0233503-98ce-46d7-abd6-32054c04352e', '26525979-2d88-4117-8571-20cc48d420a5']",26,,,,,,,,,,,,,,,,,,,Algeria,4898,00:28:26.551,Pressure,
,,,,,,,,,,,,True,,,,,0.350037,,,,,,,,,,,,,16e8ec4d-2218-4818-8a21-f02a6646154f,937,,"[65.9, 16.9]",3920402,30,,,,,,,,,,,,,,,,,,,,,,,,,1,From Counter,Adama Guira,24411.0,Right Defensive Midfield,44,Algeria,4898,['792eb50b-0814-42e2-ac99-d91d43d98612'],37,,,,,,,,,,,,,,,,,,,Burkina Faso,4921,00:30:37.672,Pressure,
,,,,,,,,,,,,True,,,,,1.57345,,,,,,,,,,,,,674953e2-018e-4d18-a894-d2b2eb36733f,942,,"[77.6, 76.0]",3920402,30,,,,,,,,,,,,,,,,,,,,,,,,,1,Regular Play,Sofiane Feghouli,18724.0,Center Attacking Midfield,45,Burkina Faso,4921,"['a2c498f3-d813-4c92-95cd-e63022698554', '04132d3f-66f3-44a5-9ae7-8f9c1cafe422']",41,,,,,,,,,,,,,,,,,,,Algeria,4898,00:30:41.108,Pressure,
,,,,,,,,,,,,,,,,,0.626983,,,,,,,,,,,,,136e3506-2a39-4dd4-afe4-8334b24967dc,971,,"[49.1, 26.2]",3920402,31,,,,,,,,,,,,,,,,,,,,,,,,,1,Regular Play,Mohamed Youcef Belaïli,103464.0,Left Wing,45,Burkina Faso,4921,['6fd98d00-3a5f-4e91-a347-1622e1adff01'],27,,,,,,,,,,,,,,,,,,,Algeria,4898,00:31:27.846,Pressure,
,,,,,,,,,,,,,,,,,1.308423,,,,,,,,,,,,,d145b434-621e-47d1-b9c8-6567e546e6f1,972,,"[44.5, 25.2]",3920402,31,,,,,,,,,,,,,,,,,,,,,,,,,1,Regular Play,Baghdad Bounedjah,103465.0,Center Forward,45,Burkina Faso,4921,,28,,,,,,,,,,,,,,,,,,,Algeria,4898,00:31:28.789,Pressure,
,,,,,,,,,,,,,,,,,0.776029,,,,,,,,,,,,,2700c13f-4171-4d50-af86-2e56297f36ef,973,,"[42.6, 36.3]",3920402,31,,,,,,,,,,,,,,,,,,,,,,,,,1,Regular Play,Sofiane Feghouli,18724.0,Center Attacking Midfield,45,Burkina Faso,4921,['61a83721-ad40-47a0-9cf0-0dbc4efcef28'],31,,,,,,,,,,,,,,,,,,,Algeria,4898,00:31:31.579,Pressure,
,,,,,,,,,,,,,,,,,0.165256,,,,,,,,,,,,,bc136c9f-3eb5-41cc-ab0a-8bbd7184ad50,984,,"[77.0, 76.2]",3920402,32,,,,,,,,,,,,,,,,,,,,,,,,,1,From Throw In,Adama Guira,24411.0,Right Defensive Midfield,47,Algeria,4898,"['8bd559a3-6e53-42b9-9c0b-6b69ef235262', 'e67008d4-3090-44ef-b021-894c484f74d4']",57,,,,,,,,,,,,,,,,,,,Burkina Faso,4921,00:32:57.510,Pressure,
,,,,,,,,,,,,,,,,,0.173132,,,,,,,,,,,,,a6024af4-f80e-4f13-af84-972728011250,989,,"[76.4, 42.5]",3920402,32,,,,,,,,,,,,,,,,,,,,,,,,,1,From Throw In,Abdoul Fessal Tapsoba,43705.0,Left Wing,47,Algeria,4898,"['ab2ae6ba-b0c8-466a-95f6-c160ef93adda', '3c9599f3-68c9-47c5-b891-a37de5ad4c22']",59,,,,,,,,,,,,,,,,,,,Burkina Faso,4921,00:32:59.732,Pressure,
,,,,,,,,,,,,,,,,,0.312241,,,,,,,,,,,,,4d94661a-cd19-4541-bbfa-a274f4f1a06a,996,,"[75.4, 5.0]",3920402,33,,,,,,,,,,,,,,,,,,,,,,,,,1,From Throw In,Steeve Yago,3035.0,Left Back,47,Algeria,4898,"['c53f5558-a1dd-455d-8b1e-a4c948cdcaa8', '49d372ab-2370-4bdd-b7d5-3761121791cf']",4,,,,,,,,,,,,,,,,,,,Burkina Faso,4921,00:33:04.293,Pressure,
,,,,,,,,,,,,,,,,,0.166977,,,,,,,,,,,,,c12290cb-f4a5-449a-8399-ac12f8e60335,1003,,"[58.0, 63.6]",3920402,33,,,,,,,,,,,,,,,,,,,,,,,,,1,From Throw In,Mohamed Konaté,43920.0,Center Forward,47,Algeria,4898,"['338e1b5e-9da7-4056-9dcc-df1854737948', '8e4438f7-2101-44c1-ae1e-a2680a100922']",16,,,,,,,,,,,,,,,,,,,Burkina Faso,4921,00:33:16.780,Pressure,
,,,,,,,,,,,,,,,,,0.389132,,,,,,,,,,,,,243f8e87-29eb-40dc-9494-c572093c5128,1010,,"[49.7, 63.0]",3920402,33,,,,,,,,,,,,,,,,,,,,,,,,,1,From Throw In,Gustavo Fabrice Sangaré,45466.0,Center Attacking Midfield,47,Algeria,4898,"['9d7276be-1442-477d-b472-98edb41efcda', 'b4094250-a22f-40b6-8938-7316268bb3ab']",20,,,,,,,,,,,,,,,,,,,Burkina Faso,4921,00:33:20.130,Pressure,
,,,,,,,,,,,,,,,,,0.884106,,,,,,,,,,,,,d666df40-b2b4-4f23-94d4-5a2e339f4914,1012,,"[38.8, 65.3]",3920402,33,,,,,,,,,,,,,,,,,,,,,,,,,1,From Throw In,Adamo Nagalo,99280.0,Right Back,47,Algeria,4898,"['db220bed-a409-4757-a34f-c565e4caed70', 'dab9445e-7137-470f-bfb1-f5b694325633', '90b0f647-ad7d-47c6-89cd-d99a6d5f0280']",21,,,,,,,,,,,,,,,,,,,Burkina Faso,4921,00:33:21.139,Pressure,
,,,,,,,,,,,,,,,,,0.551791,,,,,,,,,,,,,0fd07c73-7815-4fff-bba3-1cf031444d36,1020,,"[29.3, 57.2]",3920402,33,,,,,,,,,,,,,,,,,,,,,,,,,1,From Throw In,Issa Kabore,35471.0,Right Wing,47,Algeria,4898,"['6b5c53c4-59f5-434c-b75b-ac453a326d2e', 'e88c5943-d3fb-46b4-8721-a4b8e396b55e']",24,,,,,,,,,,,,,,,,,,,Burkina Faso,4921,00:33:24.284,Pressure,
,,,,,,,,,,,,True,,,,,2.656922,,,,,,,,,,,,,fb837573-b70f-44c9-abb9-92c6b6572ec8,1027,,"[112.4, 19.6]",3920402,33,,,,,,,,,,,,,,,,,,,,,,,,,1,From Throw In,Rayan Aït Nouri,12111.0,Left Back,47,Algeria,4898,"['639390c6-8c18-43da-bc44-77f558111606', '6070ff23-ca01-4ea0-aa68-6bf5e5262bf7']",27,,,,,,,,,,,,,,,,,,,Algeria,4898,00:33:27.675,Pressure,
,,,,,,,,,,,,,,,,,0.563545,,,,,,,,,,,,,a6992ab7-cbe2-4d27-9528-a90a07c0fbb7,1037,,"[88.0, 73.9]",3920402,35,,,,,,,,,,,,,,,,,,,,,,,,,1,From Free Kick,Issa Kabore,35471.0,Right Wing,48,Burkina Faso,4921,['9a4d1d23-8a20-4900-8c91-bf91435aa54c'],48,,,,,,,,,,,,,,,,,,,Burkina Faso,4921,00:35:48.298,Pressure,
,,,,,,,,,,,,,,,,,0.552509,,,,,,,,,,,,,145462c0-3e87-4f0d-aa3a-558858f37478,1051,,"[50.2, 3.1]",3920402,36,,,,,,,,,,,,,,,,,,,,,,,,,1,From Free Kick,Steeve Yago,3035.0,Left Back,49,Algeria,4898,"['4e7f8b36-c8ed-4b03-a994-229d01c5d7f7', 'ea11c1c9-895b-4870-b1bb-606251398e1d']",23,,,,,,,,,,,,,,,,,,,Burkina Faso,4921,00:36:23.146,Pressure,
,,,,,,,,,,,,,,,,,0.456756,,,,,,,,,,,,,1cf7d94e-047c-4aaf-8b28-933d853f2555,1058,,"[56.2, 50.2]",3920402,36,,,,,,,,,,,,,,,,,,,,,,,,,1,From Free Kick,Mohamed Konaté,43920.0,Center Forward,49,Algeria,4898,['94b377c1-3ac3-4892-9c06-440954f75a6f'],29,,,,,,,,,,,,,,,,,,,Burkina Faso,4921,00:36:29.502,Pressure,
,,,,,,,,,,,,,,,,,0.429993,,,,,,,,,,,,,2ad15c00-50eb-4b17-99aa-3f5023a310c1,1062,,"[56.4, 30.8]",3920402,36,,,,,,,,,,,,,,,,,,,,,,,,,1,From Free Kick,Abdoul Fessal Tapsoba,43705.0,Left Wing,49,Algeria,4898,"['ee2e1031-eecf-4b57-b30d-15d4752c2e00', 'd34e4e30-2d91-494f-911e-c9081633641e']",33,,,,,,,,,,,,,,,,,,,Burkina Faso,4921,00:36:33.697,Pressure,
,,,,,,,,,,,,,,,,,0.47838,,,,,,,,,,,,,5ec1d35c-43ca-4f73-a568-2f5a4a92fe2e,1072,,"[19.2, 10.0]",3920402,36,,,,,,,,,,,,,,,,,,,,,,,,,1,From Free Kick,Edmond Fayçal Tapsoba,30606.0,Left Center Back,49,Algeria,4898,['3fbe5495-44ba-49a3-9554-ca883ab1cf62'],40,,,,,,,,,,,,,,,,,,,Burkina Faso,4921,00:36:40.495,Pressure,
,,,,,,,,,,,,,,,,,0.471452,,,,,,,,,,,,,7e816291-1c37-4dca-8d62-2568e4c417eb,1082,,"[40.8, 74.8]",3920402,36,,,,,,,,,,,,,,,,,,,,,,,,,1,From Free Kick,Riyad Mahrez,3814.0,Right Wing,50,Burkina Faso,4921,['c4ca24bd-a1df-47c7-bd11-980a888c4600'],57,,,,,,,,,,,,,,,,,,,Algeria,4898,00:36:57.702,Pressure,
,,,,,,,,,,,,,,,,,0.874312,,,,,,,,,,,,,39459e23-18b5-47af-a769-ecb2d6889369,1101,,"[62.5, 28.7]",3920402,37,,,,,,,,,,,,,,,,,,,,,,,,,1,From Free Kick,Ramiz Larbi Zerrouki,38345.0,Left Defensive Midfield,50,Burkina Faso,4921,['cc128bac-1394-4acf-b4e8-25998779e0ab'],18,,,,,,,,,,,,,,,,,,,Algeria,4898,00:37:18.410,Pressure,
,,,,,,,,,,,,,,,,,0.43851,,,,,,,,,,,,,1f987b3a-df5b-4003-8e06-af93b16235a1,1105,,"[73.0, 62.4]",3920402,37,,,,,,,,,,,,,,,,,,,,,,,,,1,From Free Kick,Baghdad Bounedjah,103465.0,Center Forward,50,Burkina Faso,4921,"['5d4cf551-8565-4a47-92da-d7e492300388', 'e86d7949-1558-429b-8416-80abacb07d5c']",21,,,,,,,,,,,,,,,,,,,Algeria,4898,00:37:21.616,Pressure,
,,,,,,,,,,,,,,,,,1.209433,,,,,,,,,,,,,b5237b54-13b1-4d02-824c-1771bf4cf2d4,1109,,"[56.3, 44.4]",3920402,37,,,,,,,,,,,,,,,,,,,,,,,,,1,From Free Kick,Nabil Bentaleb,8520.0,Right Defensive Midfield,50,Burkina Faso,4921,"['71c4270d-9082-4585-a520-ab4a99fb751c', '7fb0ae85-2310-4756-afea-f0a21ca7d75f']",23,,,,,,,,,,,,,,,,,,,Algeria,4898,00:37:23.174,Pressure,
,,,,,,,,,,,,,,,,,0.494312,,,,,,,,,,,,,467c7a87-8625-47b0-833a-696e529b4c2b,1117,,"[47.4, 19.6]",3920402,37,,,,,,,,,,,,,,,,,,,,,,,,,1,From Free Kick,Ramiz Larbi Zerrouki,38345.0,Left Defensive Midfield,50,Burkina Faso,4921,"['34e62065-5270-4d86-8234-cb8a20df4aad', '31478f30-8057-4b14-bdf0-1cf12ec86fdd', '95634557-a36d-4c62-9fb5-c2f184a38068']",29,,,,,,,,,,,,,,,,,,,Algeria,4898,00:37:29.741,Pressure,
,,,,,,,,,,,,,,,,,1.736985,,,,,,,,,,,,,cf596e24-ae3c-4743-a7d2-271f99d27e8b,1140,,"[52.4, 63.8]",3920402,38,,,,,,,,,,,,,,,,,,,,,,,,,1,From Throw In,Baghdad Bounedjah,103465.0,Center Forward,51,Burkina Faso,4921,"['2c8df343-bc8b-465f-a1ae-941390ddc763', '66ce5be7-712d-4d68-bfd0-cbe3102d0cfe']",31,,,,,,,,,,,,,,,,,,,Algeria,4898,00:38:31.597,Pressure,
,,,,,,,,,,,,,,,,,0.422222,,,,,,,,,,,,,1adf8514-32c3-47a1-b68d-483785803846,1157,,"[81.0, 61.0]",3920402,39,,,,,,,,,,,,,,,,,,,,,,,,,1,Regular Play,Baghdad Bounedjah,103465.0,Center Forward,53,Burkina Faso,4921,"['13f05eec-0931-4ee0-8035-ca992eba597a', 'c0301ba6-dad7-4869-b694-ee0110279ff0']",41,,,,,,,,,,,,,,,,,,,Algeria,4898,00:39:41.402,Pressure,
,,,,,,,,,,,,True,,,,,0.40977,,,,,,,,,,,,,afe6b50d-9ee8-4512-a9e0-713295f030a3,1166,,"[92.5, 23.5]",3920402,39,,,,,,,,,,,,,,,,,,,,,,,,,1,Regular Play,Gustavo Fabrice Sangaré,45466.0,Center Attacking Midfield,54,Algeria,4898,"['e7ac5190-00b7-4df1-a434-14d482543209', '2c2fcb4c-5699-45f3-86d1-17af27f9e6ec']",52,,,,,,,,,,,,,,,,,,,Burkina Faso,4921,00:39:52.166,Pressure,
,,,,,,,,,,,,,,,,,0.564993,,,,,,,,,,,,,07fd76d4-9c7c-4e71-b6b6-39653b4fcc46,1170,,"[98.5, 44.8]",3920402,39,,,,,,,,,,,,,,,,,,,,,,,,,1,Regular Play,Mohamed Konaté,43920.0,Center Forward,54,Algeria,4898,['57adb645-6367-4308-bbd6-5a6745d8b172'],54,,,,,,,,,,,,,,,,,,,Burkina Faso,4921,00:39:54.780,Pressure,
,,,,,,,,,,,,,,,,,3.928875,,,,,,,,,,,,,095f0e50-807a-4464-98d2-3c10b5f26b0d,1172,,"[92.3, 9.1]",3920402,39,,,,,,,,,,,,,,,,,,,,,,,,,1,Regular Play,Mohamed Youcef Belaïli,103464.0,Left Wing,54,Algeria,4898,"['d8f1875b-8ceb-42d5-b3b5-5a9acde892e1', '51c130da-2d29-43b6-a89d-9078d785d7a9']",59,,,,,,,,,,,,,,,,,,,Algeria,4898,00:39:59.480,Pressure,
,,,,,,,,,,,,,,,,,0.326215,,,,,,,,,,,,,bceb3f14-f9cf-459b-85ab-a55073b282aa,1193,,"[29.0, 11.8]",3920402,40,,,,,,,,,,,,,,,,,,,,,,,,,1,Regular Play,Ramiz Larbi Zerrouki,38345.0,Left Defensive Midfield,56,Burkina Faso,4921,"['9e91ee2c-8eb3-4cf4-8ca6-2e1b6444a387', '7687b06c-1e3d-4b00-8d67-94dbc11d2af6']",28,,,,,,,,,,,,,,,,,,,Algeria,4898,00:40:28.822,Pressure,
,,,,,,,,,,,,,,,,,0.307883,,,,,,,,,,,,,34ca5c52-628e-441e-914f-f723e34d7536,1215,,"[48.3, 1.8]",3920402,41,,,,,,,,,,,,,,,,,,,,,,,,,1,Regular Play,Steeve Yago,3035.0,Left Back,57,Algeria,4898,"['9be7c782-0070-45c2-a1fe-471cf9146f76', '29108b1f-7452-489f-ab28-31972bbc6d44']",6,,,,,,,,,,,,,,,,,,,Burkina Faso,4921,00:41:06.855,Pressure,
,,,,,,,,,,,,,,,,,0.312571,,,,,,,,,,,,,5d6cea00-96d7-42b2-8caf-495511a0179a,1222,,"[63.8, 24.4]",3920402,41,,,,,,,,,,,,,,,,,,,,,,,,,1,Regular Play,Mohamed Konaté,43920.0,Center Forward,57,Algeria,4898,"['cf69db14-254e-498b-a176-e9ef06a6be0d', 'ded211ec-4efc-4b76-82ca-fc6164ccfcd2']",13,,,,,,,,,,,,,,,,,,,Burkina Faso,4921,00:41:13.246,Pressure,
,,,,,,,,,,,,,,,,,0.309876,,,,,,,,,,,,,8965e336-a218-41c8-8996-3449ece962a5,1235,,"[61.5, 54.9]",3920402,41,,,,,,,,,,,,,,,,,,,,,,,,,1,Regular Play,Gustavo Fabrice Sangaré,45466.0,Center Attacking Midfield,57,Algeria,4898,['f8f12ed4-5f8c-4352-aeb4-09398d5c7cbf'],27,,,,,,,,,,,,,,,,,,,Burkina Faso,4921,00:41:27.386,Pressure,
,,,,,,,,,,,,,,,,,0.315001,,,,,,,,,,,,,5dbd2f1e-14c4-4cd8-8e17-66879b27c84c,1252,,"[35.3, 67.1]",3920402,41,,,,,,,,,,,,,,,,,,,,,,,,,1,Regular Play,Ismahila Ouédraogo,106681.0,Right Defensive Midfield,57,Algeria,4898,"['3c700233-91d8-4ae8-8012-c65907b3437e', '744bf394-50c6-4a05-aa5d-2b1bec357ecc']",45,,,,,,,,,,,,,,,,,,,Burkina Faso,4921,00:41:45.874,Pressure,
,,,,,,,,,,,,,,,,,1.397917,,,,,,,,,,,,,e9d8c917-f84a-4b0d-a482-a8d9c22fc3bd,1268,,"[18.7, 1.8]",3920402,42,,,,,,,,,,,,,,,,,,,,,,,,,1,Regular Play,Steeve Yago,3035.0,Left Back,57,Algeria,4898,['ba9614ef-2a34-4a4a-adf9-b62616975ae1'],0,,,,,,,,,,,,,,,,,,,Burkina Faso,4921,00:42:00.082,Pressure,
,,,,,,,,,,,,,,,,,0.604282,,,,,,,,,,,,,76630a66-2ce5-451f-9334-de837e6fec74,1276,,"[56.0, 50.4]",3920402,42,,,,,,,,,,,,,,,,,,,,,,,,,1,From Goal Kick,Sofiane Feghouli,18724.0,Center Attacking Midfield,58,Burkina Faso,4921,"['5e0a61b8-1100-45de-9370-f65f235e1f6a', '70f361ca-b5ab-4786-9c3c-c745fd3bca9c']",44,,,,,,,,,,,,,,,,,,,Algeria,4898,00:42:44.011,Pressure,
,,,,,,,,,,,,,,,,,0.128574,,,,,,,,,,,,,283f087a-aade-40ae-8b16-f360451f4832,1280,,"[45.4, 36.3]",3920402,42,,,,,,,,,,,,,,,,,,,,,,,,,1,From Goal Kick,Rayan Aït Nouri,12111.0,Left Back,58,Burkina Faso,4921,['56db935e-7b54-4c0e-af15-ca61566a4815'],45,,,,,,,,,,,,,,,,,,,Algeria,4898,00:42:45.800,Pressure,
,,,,,,,,,,,,,,,,,0.4,,,,,,,,,,,,,0ef40e22-a102-4140-8dbe-f01f73fef8f5,1285,,"[32.8, 33.8]",3920402,42,,,,,,,,,,,,,,,,,,,,,,,,,1,From Goal Kick,Ramy Bensebaini,3191.0,Left Center Back,58,Burkina Faso,4921,"['4c946caf-4406-4c9a-b36f-89100c91f0c0', 'e3564cf3-b9fd-42ef-9a63-99929682ff3e']",47,,,,,,,,,,,,,,,,,,,Algeria,4898,00:42:47.656,Pressure,
,,,,,,,,,,,,True,,,,,3.982339,,,,,,,,,,,,,e25856c1-380f-4df6-91d8-1150b1a78b00,1292,,"[86.1, 28.9]",3920402,42,,,,,,,,,,,,,,,,,,,,,,,,,1,Regular Play,Abdoul Fessal Tapsoba,43705.0,Left Wing,59,Algeria,4898,"['092ee83b-78b6-4785-8c91-7a7ac5c4f112', 'afc6eba5-0310-4cec-aa2d-0322065f30a9']",52,,,,,,,,,,,,,,,,,,,Burkina Faso,4921,00:42:52.388,Pressure,
,,,,,,,,,,,,,,,,,0.33058,,,,,,,,,,,,,335d5c8a-1475-40e1-9dfc-1d73a0d548b4,1311,,"[96.2, 53.9]",3920402,43,,,,,,,,,,,,,,,,,,,,,,,,,1,Regular Play,Ramiz Larbi Zerrouki,38345.0,Left Defensive Midfield,59,Algeria,4898,"['5739734b-d21e-4183-9fc9-3545165f9b9b', '306a097e-9a02-427f-9e13-15dd4d480baf']",20,,,,,,,,,,,,,,,,,,,Algeria,4898,00:43:20.894,Pressure,
,,,,,,,,,,,,,,,,,0.243388,,,,,,,,,,,,,3ffdf323-2420-4ce9-b6e1-8a0cfdfb6bf3,1320,,"[10.7, 24.7]",3920402,43,,,,,,,,,,,,,,,,,,,,,,,,,1,Regular Play,Steeve Yago,3035.0,Left Back,59,Algeria,4898,['1b58442f-35ea-48d8-835a-2a4eda6b23be'],23,,,,,,,,,,,,,,,,,,,Burkina Faso,4921,00:43:23.961,Pressure,
,,,,,,,,,,,,,,,,,0.286406,,,,,,,,,,,,,817ec072-0a5f-4402-88ec-168c63f97e6b,1330,,"[93.1, 2.6]",3920402,44,,,,,,,,,,,,,,,,,,,,,,,,,1,From Throw In,Mohamed Konaté,43920.0,Center Forward,61,Algeria,4898,"['19446b2f-40c7-4542-8497-986afe23bae7', 'eb697ce4-cc72-4f4a-9c6e-0b2c9c3b840a']",24,,,,,,,,,,,,,,,,,,,Burkina Faso,4921,00:44:24.839,Pressure,
,,,,,,,,,,,,,,,,,0.961489,,,,,,,,,,,,,c1333c19-4ec1-45cb-99b9-c784abaada77,1335,,"[85.3, 1.2]",3920402,44,,,,,,,,,,,,,,,,,,,,,,,,,1,From Throw In,Mohamed Konaté,43920.0,Center Forward,61,Algeria,4898,['66d5919f-509f-4ccd-a92e-9c9fd4e44427'],26,,,,,,,,,,,,,,,,,,,Burkina Faso,4921,00:44:26.146,Pressure,
,,,,,,,,,,,,,,,,,0.15672,,,,,,,,,,,,,cfb11e38-8bae-4f24-a691-92f719942413,1365,,"[61.7, 76.6]",3920402,45,,,,,,,,,,,,,,,,,,,,,,,,,1,From Free Kick,Issa Kabore,35471.0,Right Wing,62,Algeria,4898,,6,,,,,,,,,,,,,,,,,,,Burkina Faso,4921,00:45:06.627,Pressure,
,,,,,,,,,,,,,,,,,1.054287,,,,,,,,,,,,,dc669912-fa9c-4401-af55-d918f92543f3,1393,,"[35.1, 75.6]",3920402,47,,,,,,,,,,,,,,,,,,,,,,,,,1,From Throw In,Youcef Atal,10040.0,Right Back,66,Burkina Faso,4921,"['56925514-7967-44b8-9d78-14b4babb8f8d', '744986e5-025d-4862-ad32-9fc83c22332c']",2,,,,,,,,,,,,,,,,,,,Algeria,4898,00:47:02.952,Pressure,
,,,,,,,,,,,,True,,,,,0.187853,,,,,,,,,,,,,eb83d1e0-ff43-42e5-85ab-5dc1fefab9d2,1420,,"[106.1, 24.3]",3920402,50,,,,,,,,,,,,,,,,,,,,,,,,,1,From Kick Off,Sofiane Feghouli,18724.0,Center Attacking Midfield,67,Algeria,4898,"['1b43b648-2805-4deb-a1b8-47b9e8d000e7', '0d7184bb-9215-4b1b-bc30-a4e2d597ddcb']",21,,,,,,,,,,,,,,,,,,,Algeria,4898,00:50:21.951,Pressure,
,,,,,,,,,,,,,,,,,1.675111,,,,,,,,,,,,,cea95e32-fe89-4683-a6be-04caa4fd00b2,1431,,"[4.7, 65.0]",3920402,50,,,,,,,,,,,,,,,,,,,,,,,,,1,From Corner,Gustavo Fabrice Sangaré,45466.0,Center Attacking Midfield,68,Algeria,4898,"['4b553738-43e7-425e-98d1-e8b5514eec61', '2229e838-2a41-4e1b-895e-6f9d09db9ec5']",48,,,,,,,,,,,,,,,,,,,Burkina Faso,4921,00:50:48.402,Pressure,
,,,,,,,,,,,,,,,,,0.395302,,,,,,,,,,,,,4ad038a7-2a34-40ef-92c5-4303d52803a8,1433,,"[109.8, 21.7]",3920402,50,,,,,,,,,,,,,,,,,,,,,,,,,1,From Corner,Mohamed Youcef Belaïli,103464.0,Left Wing,68,Algeria,4898,['3a22c43a-379b-4e6c-937c-f5a93c135d27'],51,,,,,,,,,,,,,,,,,,,Algeria,4898,00:50:51.305,Pressure,
,,,,,,,,,,,,,,,,,2.0899,,,,,,,,,,,,,6c598e62-5791-4e3c-9f0d-a7ce74560cf9,1453,,"[42.3, 2.4]",3920402,45,,,,,,,,,,,,,,,,,,,,,,,,,2,From Kick Off,Rayan Aït Nouri,12111.0,Left Back,70,Burkina Faso,4921,['3e9804b9-d1b9-4f60-b76f-5735e122d9d7'],7,,,,,,,,,,,,,,,,,,,Algeria,4898,00:00:07.216,Pressure,
,,,,,,,,,,,,,,,,,1.117189,,,,,,,,,,,,,153b2bcb-47c1-4717-ac7f-d2a6dedc60c9,1458,,"[21.0, 19.1]",3920402,45,,,,,,,,,,,,,,,,,,,,,,,,,2,From Kick Off,Rayan Aït Nouri,12111.0,Left Back,70,Burkina Faso,4921,['8a56467c-bd57-49e9-b5dd-e304d7f08b4c'],12,,,,,,,,,,,,,,,,,,,Algeria,4898,00:00:12.384,Pressure,
,,,,,,,,,,,,,,,,,0.35092,,,,,,,,,,,,,88416ef3-095e-4fd5-af71-b368f9a7db23,1459,,"[16.9, 23.7]",3920402,45,,,,,,,,,,,,,,,,,,,,,,,,,2,From Kick Off,Ramy Bensebaini,3191.0,Left Center Back,70,Burkina Faso,4921,,13,,,,,,,,,,,,,,,,,,,Algeria,4898,00:00:13.585,Pressure,
,,,,,,,,,,,,,,,,,0.421186,,,,,,,,,,,,,5a07986b-5fbf-4ece-bd50-a55b0a821652,1460,,"[19.2, 26.2]",3920402,45,,,,,,,,,,,,,,,,,,,,,,,,,2,From Kick Off,Nabil Bentaleb,8520.0,Right Defensive Midfield,70,Burkina Faso,4921,['b51b6235-c876-4735-9b8d-195212190c3b'],14,,,,,,,,,,,,,,,,,,,Algeria,4898,00:00:14.436,Pressure,
,,,,,,,,,,,,True,,,,,0.585433,,,,,,,,,,,,,279def27-1bcd-4746-9d6b-f991b255bec0,1467,,"[91.9, 35.3]",3920402,45,,,,,,,,,,,,,,,,,,,,,,,,,2,Regular Play,Abdoul Fessal Tapsoba,43705.0,Left Midfield,71,Algeria,4898,['783ba45c-e801-49d4-97b6-5c69974f5410'],18,,,,,,,,,,,,,,,,,,,Burkina Faso,4921,00:00:18.327,Pressure,
,,,,,,,,,,,,True,,,,,0.741357,,,,,,,,,,,,,20e3bc42-9575-4a19-9add-dc873a1e2b90,1468,,"[90.6, 46.5]",3920402,45,,,,,,,,,,,,,,,,,,,,,,,,,2,Regular Play,Gustavo Fabrice Sangaré,45466.0,Right Center Midfield,71,Algeria,4898,,19,,,,,,,,,,,,,,,,,,,Burkina Faso,4921,00:00:19.821,Pressure,
,,,,,,,,,,,,,,,,,1.392923,,,,,,,,,,,,,530f4c03-f945-4c4d-afd5-f617d10872b8,1480,,"[17.3, 9.3]",3920402,45,,,,,,,,,,,,,,,,,,,,,,,,,2,Regular Play,Steeve Yago,3035.0,Left Back,71,Algeria,4898,['338eb00f-1b0d-43b9-aadc-d1b2d1e0f27b'],33,,,,,,,,,,,,,,,,,,,Burkina Faso,4921,00:00:33.438,Pressure,
,,,,,,,,,,,,,,,,,0.684676,,,,,,,,,,,,,171eeefa-f454-4c6a-8651-1a3c35942f5d,1491,,"[85.1, 42.3]",3920402,47,,,,,,,,,,,,,,,,,,,,,,,,,2,Regular Play,Mohamed El Amine Amoura,141358.0,Center Attacking Midfield,73,Burkina Faso,4921,"['1bb3ef3a-19e7-4648-8755-d33833266a77', 'ce8427f7-4534-4754-aaf3-33e9cf64f387']",13,,,,,,,,,,,,,,,,,,,Algeria,4898,00:02:13.733,Pressure,
,,,,,,,,,,,,,,,,,0.435437,,,,,,,,,,,,,186a295e-e33a-4607-ad72-6fc290423cbd,1497,,"[116.3, 48.9]",3920402,47,,,,,,,,,,,,,,,,,,,,,,,,,2,Regular Play,Baghdad Bounedjah,103465.0,Center Forward,73,Burkina Faso,4921,"['71f32901-26cf-4f49-9535-7ba6b6e39f1f', 'fc1f2f72-4e06-4e94-bf75-3cbd9e4b90e6', 'c2cad29a-42de-46ed-a3d0-3bbe05033a09']",19,,,,,,,,,,,,,,,,,,,Algeria,4898,00:02:19.803,Pressure,
,,,,,,,,,,,,,,,,,1.59745,,,,,,,,,,,,,bb1d0ceb-95f0-4b12-9bb0-7fd3c2d78bcd,1503,,"[109.3, 65.0]",3920402,47,,,,,,,,,,,,,,,,,,,,,,,,,2,Regular Play,Mohamed El Amine Amoura,141358.0,Center Attacking Midfield,73,Burkina Faso,4921,['074ee09b-4f3c-4e05-b9be-4a7e61d30eb8'],22,,,,,,,,,,,,,,,,,,,Algeria,4898,00:02:22.181,Pressure,
,,,,,,,,,,,,,,,,,0.971848,,,,,,,,,,,,,91213069-2f13-4e52-86a0-573c5bf13e62,1504,,"[106.8, 63.8]",3920402,47,,,,,,,,,,,,,,,,,,,,,,,,,2,Regular Play,Mohamed El Amine Amoura,141358.0,Center Attacking Midfield,73,Burkina Faso,4921,,24,,,,,,,,,,,,,,,,,,,Algeria,4898,00:02:24.406,Pressure,
,,,,,,,,,,,,,,,,,0.726258,,,,,,,,,,,,,a3e0bfd8-6d01-40fd-82f0-5beff8876929,1541,,"[11.5, 74.5]",3920402,48,,,,,,,,,,,,,,,,,,,,,,,,,2,Regular Play,Riyad Mahrez,3814.0,Right Wing,77,Burkina Faso,4921,['2088b94e-07de-47dd-8cfe-6b230fd56a14'],31,,,,,,,,,,,,,,,,,,,Algeria,4898,00:03:31.970,Pressure,
,,,,,,,,,,,,,,,,,0.57495,,,,,,,,,,,,,dc43901d-adf6-4912-99d7-811f64c43e68,1542,,"[11.3, 68.7]",3920402,48,,,,,,,,,,,,,,,,,,,,,,,,,2,Regular Play,Youcef Atal,10040.0,Right Back,77,Burkina Faso,4921,['eebc8d44-5212-4910-8561-f2d9d99e22b9'],33,,,,,,,,,,,,,,,,,,,Algeria,4898,00:03:33.217,Pressure,
,,,,,,,,,,,,,,,,,1.461075,,,,,,,,,,,,,3ab00f3f-15f5-4ce9-92a8-ded81abe17fb,1546,,"[12.7, 55.1]",3920402,48,,,,,,,,,,,,,,,,,,,,,,,,,2,Regular Play,Youcef Atal,10040.0,Right Back,77,Burkina Faso,4921,"['7e0471d5-b4a2-4191-9245-be6a78fae6b7', '3324b5ef-32ef-4542-bc76-33a5a9014da0']",34,,,,,,,,,,,,,,,,,,,Algeria,4898,00:03:34.901,Pressure,
,,,,,,,,,,,,,,,,,1.662106,,,,,,,,,,,,,5648dc90-18f3-4240-96ab-8da18fb5790f,1558,,"[69.8, 2.2]",3920402,49,,,,,,,,,,,,,,,,,,,,,,,,,2,From Throw In,Rayan Aït Nouri,12111.0,Left Back,79,Burkina Faso,4921,"['7dd1fddf-4f1f-4b89-bcad-af18154fd068', '6a0d88ac-40ed-4ee7-9f81-2753a1a59b62', '550ac898-7292-46bf-86f2-40e0e3f9cd86']",32,,,,,,,,,,,,,,,,,,,Algeria,4898,00:04:32.805,Pressure,
,,,,,,,,,,,,True,,,,,0.774412,,,,,,,,,,,,,cfa6c650-a1a4-456a-a483-42ad5e976df6,1564,,"[45.0, 70.9]",3920402,49,,,,,,,,,,,,,,,,,,,,,,,,,2,Regular Play,Ismahila Ouédraogo,106681.0,Center Defensive Midfield,80,Algeria,4898,['44056dfe-f39f-4639-b2c8-e8d0bd3f9cf2'],35,,,,,,,,,,,,,,,,,,,Burkina Faso,4921,00:04:35.888,Pressure,
,,,,,,,,,,,,True,,,,,0.54355,,,,,,,,,,,,,fd391f34-8d86-4355-81a6-6762761db0ff,1566,,"[30.7, 59.3]",3920402,49,,,,,,,,,,,,,,,,,,,,,,,,,2,Regular Play,Issoufou Dayo,102800.0,Right Center Back,80,Algeria,4898,"['598f04bd-f589-4e15-811c-a5bbddd92f3f', 'd2904b76-3ddc-4bf7-81e5-0b03aea1960c']",37,,,,,,,,,,,,,,,,,,,Burkina Faso,4921,00:04:37.534,Pressure,
,,,,,,,,,,,,True,,,,,1.455399,,,,,,,,,,,,,9f9baf9b-5a17-4366-a45d-6b6dd49baca4,1587,,"[99.7, 76.8]",3920402,51,,,,,,,,,,,,,,,,,,,,,,,,,2,Regular Play,Gustavo Fabrice Sangaré,45466.0,Right Center Midfield,83,Algeria,4898,"['5ca0bddc-855b-4f9a-9560-31a9c12a6f50', '9b04db77-24a9-41b3-ab7c-d8fc7305fa1f']",32,,,,,,,,,,,,,,,,,,,Burkina Faso,4921,00:06:32.824,Pressure,
,,,,,,,,,,,,True,,,,,0.468645,,,,,,,,,,,,,ed0bfefb-1d86-4d8f-a8a0-f14dbcee3f8f,1621,,"[92.3, 48.9]",3920402,52,,,,,,,,,,,,,,,,,,,,,,,,,2,Regular Play,Mohamed Konaté,43920.0,Center Forward,86,Algeria,4898,"['213a764f-98c0-42d0-859e-b64f96e28742', '0fdc677a-aae7-40d4-adbd-b1d2c5e9d16f']",47,,,,,,,,,,,,,,,,,,,Burkina Faso,4921,00:07:47.771,Pressure,
,,,,,,,,,,,,True,,,,,0.324342,,,,,,,,,,,,,435cbaa1-0124-4a48-8d93-8c2671e0ca85,1626,,"[15.7, 6.4]",3920402,52,,,,,,,,,,,,,,,,,,,,,,,,,2,Regular Play,Ramy Bensebaini,3191.0,Left Center Back,87,Burkina Faso,4921,"['74998e79-381d-4090-9ee2-2ab73fc64c9c', '63866b33-fc49-489c-bd04-1d5847db3c11']",51,,,,,,,,,,,,,,,,,,,Algeria,4898,00:07:51.423,Pressure,
,,,,,,,,,,,,,,,,,1.332095,,,,,,,,,,,,,955884ad-6c20-4b76-986b-bc0fc76fc807,1636,,"[22.7, 32.0]",3920402,55,,,,,,,,,,,,,,,,,,,,,,,,,2,From Corner,Mohamed El Amine Amoura,141358.0,Center Attacking Midfield,89,Burkina Faso,4921,"['0a94bbb9-2c87-4e2e-b7f7-aeccae2e46a1', '3211d613-09e1-4023-a40b-db91e6ee95e1', 'f72ff1bb-f670-48e4-820c-d26c5231c78f']",57,,,,,,,,,,,,,,,,,,,Algeria,4898,00:10:57.809,Pressure,
,,,,,,,,,,,,,,,,,0.177624,,,,,,,,,,,,,c345595e-d197-4edf-acc6-e649cde52f96,1645,,"[97.8, 70.5]",3920402,56,,,,,,,,,,,,,,,,,,,,,,,,,2,From Corner,Ismahila Ouédraogo,106681.0,Center Defensive Midfield,89,Burkina Faso,4921,['d6404f2e-6084-4571-8cda-5c91914c6a83'],6,,,,,,,,,,,,,,,,,,,Burkina Faso,4921,00:11:06.140,Pressure,
,,,,,,,,,,,,,,,,,0.197305,,,,,,,,,,,,,d08d3e8d-d846-4271-a1cc-e7c7d5233c50,1650,,"[31.4, 2.4]",3920402,56,,,,,,,,,,,,,,,,,,,,,,,,,2,From Throw In,Mohamed Youcef Belaïli,103464.0,Left Wing,90,Burkina Faso,4921,"['f4e6d9d6-f99b-4ee6-be46-b99de56cfebc', '4bbe7761-5b71-48a1-80bc-33b7e7bf6550']",15,,,,,,,,,,,,,,,,,,,Algeria,4898,00:11:15.292,Pressure,
,,,,,,,,,,,,,,,,,0.557048,,,,,,,,,,,,,54f98994-7642-4c2e-90c1-bae1a21bd5df,1654,,"[23.1, 2.2]",3920402,56,,,,,,,,,,,,,,,,,,,,,,,,,2,From Throw In,Baghdad Bounedjah,103465.0,Center Forward,90,Burkina Faso,4921,['a474888b-38f0-40a6-8116-63d9f5343ca5'],16,,,,,,,,,,,,,,,,,,,Algeria,4898,00:11:16.406,Pressure,
,,,,,,,,,,,,,,,,,1.040405,,,,,,,,,,,,,71805698-c8d9-47b1-8172-fb265d4a01c2,1658,,"[8.8, 20.4]",3920402,56,,,,,,,,,,,,,,,,,,,,,,,,,2,From Throw In,Ramy Bensebaini,3191.0,Left Center Back,91,Burkina Faso,4921,,24,,,,,,,,,,,,,,,,,,,Algeria,4898,00:11:24.060,Pressure,
,,,,,,,,,,,,,,,,,2.098678,,,,,,,,,,,,,a7163028-a8ba-441c-87c9-b1d8026c8ddb,1659,,"[8.1, 15.6]",3920402,56,,,,,,,,,,,,,,,,,,,,,,,,,2,From Throw In,Rayan Aït Nouri,12111.0,Left Back,91,Burkina Faso,4921,"['10e58111-899e-480f-bc75-5f5e3a53232d', 'a80f0305-9ad3-4092-9142-14ffcec3251a']",25,,,,,,,,,,,,,,,,,,,Algeria,4898,00:11:25.213,Pressure,
,,,,,,,,,,,,,,,,,1.302906,,,,,,,,,,,,,68c5fc95-388d-4b88-87db-d4920b5827a2,1662,,"[2.5, 16.1]",3920402,56,,,,,,,,,,,,,,,,,,,,,,,,,2,From Throw In,Baghdad Bounedjah,103465.0,Center Forward,91,Burkina Faso,4921,"['de69125b-b300-459e-976a-5690f2f3159c', '10e58111-899e-480f-bc75-5f5e3a53232d']",26,,,,,,,,,,,,,,,,,,,Algeria,4898,00:11:26.167,Pressure,
,,,,,,,,,,,,,,,,,1.18918,,,,,,,,,,,,,fa28f874-19c3-4b82-931e-9693c7251214,1673,,"[43.7, 77.3]",3920402,56,,,,,,,,,,,,,,,,,,,,,,,,,2,From Goal Kick,Adamo Nagalo,99280.0,Right Back,92,Algeria,4898,"['bf01eacf-03bb-4de3-9dd9-d709b84d45ec', '81d72c0c-361e-4d82-9a27-3822bb406f2c']",51,,,,,,,,,,,,,,,,,,,Burkina Faso,4921,00:11:51.849,Pressure,
,,,,,,,,,,,,,,,,,0.566741,,,,,,,,,,,,,e42d0daf-884f-4f36-bd89-51e5ccbf7753,1683,,"[9.4, 64.2]",3920402,57,,,,,,,,,,,,,,,,,,,,,,,,,2,From Goal Kick,Issoufou Dayo,102800.0,Right Center Back,92,Algeria,4898,['a2e96b50-5cbe-45be-85a9-ad1a346ce735'],2,,,,,,,,,,,,,,,,,,,Burkina Faso,4921,00:12:02.058,Pressure,
,,,,,,,,,,,,,,,,,5.077898,,,,,,,,,,,,,287dfd4a-e9b0-4bab-b165-e6a1d21a8d29,1691,,"[11.7, 73.1]",3920402,57,,,,,,,,,,,,,,,,,,,,,,,,,2,From Goal Kick,Issa Kabore,35471.0,Right Midfield,92,Algeria,4898,"['8c5078eb-3b4f-4c09-bdb5-e52e3c7bbe2e', '01c57488-ec3c-49ca-a9a6-bad3d10338f6']",7,,,,,,,,,,,,,,,,,,,Burkina Faso,4921,00:12:07.633,Pressure,
,,,,,,,,,,,,,,,,,2.026208,,,,,,,,,,,,,616893bb-bb9a-4131-a02c-51b7162dfd09,1698,,"[22.4, 71.2]",3920402,57,,,,,,,,,,,,,,,,,,,,,,,,,2,From Goal Kick,Gustavo Fabrice Sangaré,45466.0,Right Center Midfield,92,Algeria,4898,['d9e79fd9-ae69-4e28-8fe3-c3f504ae13b3'],14,,,,,,,,,,,,,,,,,,,Burkina Faso,4921,00:12:14.397,Pressure,
,,,,,,,,,,,,,,,,,0.184595,,,,,,,,,,,,,546a8f6a-fc6e-44ae-b401-be281a935ad3,1700,,"[12.7, 11.6]",3920402,57,,,,,,,,,,,,,,,,,,,,,,,,,2,From Goal Kick,Steeve Yago,3035.0,Left Back,92,Algeria,4898,"['9a0108cf-d537-4bca-9eda-bd72ac87b862', '7103c42a-9d20-456a-a904-da29eb663538']",22,,,,,,,,,,,,,,,,,,,Burkina Faso,4921,00:12:22.215,Pressure,
,,,,,,,,,,,,,,,,,0.302851,,,,,,,,,,,,,32918d7f-3e69-476c-a9d9-2774a30cb918,1727,,"[30.3, 40.2]",3920402,57,,,,,,,,,,,,,,,,,,,,,,,,,2,From Goal Kick,Gustavo Fabrice Sangaré,45466.0,Right Center Midfield,92,Algeria,4898,"['7bc8f462-40b1-4155-9fd6-24aba9808d05', '7e5812b8-d036-4b16-875d-0d033494eb7e']",46,,,,,,,,,,,,,,,,,,,Burkina Faso,4921,00:12:46.047,Pressure,
,,,,,,,,,,,,,,,,,0.73827,,,,,,,,,,,,,94fb74a1-4191-4bf4-889f-1e95239f433d,1737,,"[9.6, 70.1]",3920402,57,,,,,,,,,,,,,,,,,,,,,,,,,2,From Goal Kick,Adamo Nagalo,99280.0,Right Back,92,Algeria,4898,"['6c996b35-6e52-44fb-ac26-e3d5bfb31746', '1d89b20d-3f3f-4a2f-ae55-ef2e3746ea78']",55,,,,,,,,,,,,,,,,,,,Burkina Faso,4921,00:12:55.011,Pressure,
,,,,,,,,,,,,True,,,,,0.278082,,,,,,,,,,,,,f946786a-6b7a-4742-8c34-8b8bd3c043f6,1757,,"[117.2, 69.4]",3920402,60,,,,,,,,,,,,,,,,,,,,,,,,,2,From Goal Kick,Issa Kabore,35471.0,Right Midfield,93,Burkina Faso,4921,['378a3c74-5ad8-4eda-903d-74024b1e4cc1'],10,,,,,,,,,,,,,,,,,,,Burkina Faso,4921,00:15:10.454,Pressure,
,,,,,,,,,,,,,,,,,0.402104,,,,,,,,,,,,,4e846d5f-353b-434d-b479-1fe36e415501,1761,,"[3.5, 14.5]",3920402,60,,,,,,,,,,,,,,,,,,,,,,,,,2,From Goal Kick,Mohamed Youcef Belaïli,103464.0,Left Wing,93,Burkina Faso,4921,['a5b0a3da-b83d-43bb-9f30-01114dcd4c4c'],11,,,,,,,,,,,,,,,,,,,Algeria,4898,00:15:11.929,Pressure,
,,,,,,,,,,,,True,,,,,0.274949,,,,,,,,,,,,,d07b1e36-07ae-4583-96dd-72609fa9debd,1773,,"[73.1, 55.4]",3920402,60,,,,,,,,,,,,,,,,,,,,,,,,,2,Regular Play,Mohamed El Amine Amoura,141358.0,Center Attacking Midfield,95,Burkina Faso,4921,['19c1d2b2-04d5-422b-8a9d-5bb1b9b4b9df'],31,,,,,,,,,,,,,,,,,,,Algeria,4898,00:15:31.017,Pressure,
,,,,,,,,,,,,,,,,,0.437804,,,,,,,,,,,,,445a6717-a026-4051-9a66-e0e6ebb71b8d,1784,,"[31.2, 47.7]",3920402,60,,,,,,,,,,,,,,,,,,,,,,,,,2,Regular Play,Aïssa Mandi,6648.0,Right Center Back,95,Burkina Faso,4921,"['2497ce08-0fc9-4830-90d3-d5bc431d10e6', '9f003646-04ca-4ec2-92a4-748a4c731ce4']",38,,,,,,,,,,,,,,,,,,,Algeria,4898,00:15:38.288,Pressure,
,,,,,,,,,,,,,,,,,0.090862,,,,,,,,,,,,,d76f3092-ec8a-46a7-9e64-dcd4cf4957c0,1790,,"[52.8, 49.4]",3920402,60,,,,,,,,,,,,,,,,,,,,,,,,,2,Regular Play,Mohamed El Amine Amoura,141358.0,Center Attacking Midfield,95,Burkina Faso,4921,"['2c76ebc8-4de7-4a26-8cb7-9ed8b948371e', '276c1536-1434-442b-a071-bbdf5d1289b1']",41,,,,,,,,,,,,,,,,,,,Algeria,4898,00:15:41.426,Pressure,
,,,,,,,,,,,,True,,,,,1.160194,,,,,,,,,,,,,31ae5aac-6b96-4fa6-be9a-5e4cd41ba6c0,1821,,"[94.6, 73.7]",3920402,62,,,,,,,,,,,,,,,,,,,,,,,,,2,Regular Play,Mohamed El Amine Amoura,141358.0,Center Attacking Midfield,97,Burkina Faso,4921,"['ea059458-b562-498b-9682-dd69c96dca57', '574e3f1b-536b-4bcc-8086-200a4cceaed7']",7,,,,,,,,,,,,,,,,,,,Algeria,4898,00:17:07.936,Pressure,
,,,,,,,,,,,,True,,,,,0.632957,,,,,,,,,,,,,84e162b8-cbf7-4936-8ae2-5893278347f5,1834,,"[50.3, 66.5]",3920402,62,,,,,,,,,,,,,,,,,,,,,,,,,2,From Free Kick,Gustavo Fabrice Sangaré,45466.0,Right Center Midfield,98,Burkina Faso,4921,['ca80c6bd-1709-4ea9-b315-0c48a809b489'],38,,,,,,,,,,,,,,,,,,,Burkina Faso,4921,00:17:38.505,Pressure,
,,,,,,,,,,,,,,,,,2.302883,,,,,,,,,,,,,245a1461-4474-4d85-9f96-954ae139f5cf,1840,,"[75.6, 69.4]",3920402,62,,,,,,,,,,,,,,,,,,,,,,,,,2,From Keeper,Baghdad Bounedjah,103465.0,Center Forward,99,Burkina Faso,4921,['d277de51-867d-47bc-8532-c6baa5ecacb8'],50,,,,,,,,,,,,,,,,,,,Algeria,4898,00:17:50.586,Pressure,
,,,,,,,,,,,,,,,,,0.627131,,,,,,,,,,,,,c1ff9622-019e-4be5-8f4f-43116d178615,1846,,"[50.4, 46.3]",3920402,63,,,,,,,,,,,,,,,,,,,,,,,,,2,From Free Kick,Baghdad Bounedjah,103465.0,Center Forward,100,Burkina Faso,4921,,26,,,,,,,,,,,,,,,,,,,Algeria,4898,00:18:26.024,Pressure,
,,,,,,,,,,,,,,,,,0.392571,,,,,,,,,,,,,7bac2620-0aa8-49a3-9d3c-a30652043e3a,1847,,"[55.4, 40.7]",3920402,63,,,,,,,,,,,,,,,,,,,,,,,,,2,From Free Kick,Mohamed El Amine Amoura,141358.0,Center Attacking Midfield,100,Burkina Faso,4921,['72754c5d-05f9-46cd-bd7b-ab2087234ea1'],27,,,,,,,,,,,,,,,,,,,Algeria,4898,00:18:27.821,Pressure,
,,,,,,,,,,,,,,,,,0.700693,,,,,,,,,,,,,3301348e-eeb6-4091-b807-c9b5ee3551a8,1856,,"[21.0, 60.1]",3920402,63,,,,,,,,,,,,,,,,,,,,,,,,,2,Regular Play,Gustavo Fabrice Sangaré,45466.0,Right Center Midfield,101,Algeria,4898,['7db49230-bf87-4a59-9873-945052107229'],39,,,,,,,,,,,,,,,,,,,Burkina Faso,4921,00:18:39.771,Pressure,
,,,,,,,,,,,,,,,,,0.322571,,,,,,,,,,,,,7adbf146-8b59-4d64-b4bf-5ae8dc3a6416,1857,,"[13.3, 50.0]",3920402,63,,,,,,,,,,,,,,,,,,,,,,,,,2,Regular Play,Ibrahim Blati Touré,23999.0,Left Center Midfield,101,Algeria,4898,['7d10e4a9-9ab3-4527-a983-a8a8e253bbda'],41,,,,,,,,,,,,,,,,,,,Burkina Faso,4921,00:18:41.082,Pressure,
,,,,,,,,,,,,,,,,,3.440816,,,,,,,,,,,,,a86dd587-579c-41dd-8c40-e926d9d3e7cf,1867,,"[49.3, 14.0]",3920402,63,,,,,,,,,,,,,,,,,,,,,,,,,2,Regular Play,Ramy Bensebaini,3191.0,Left Center Back,102,Burkina Faso,4921,"['7b05e4bf-4314-4550-9ff0-f2f05cdeabb8', '2c12a3ca-6ac1-44b4-a982-762f048e4ac0', 'bfad3f29-972f-4db0-a380-3baad5d1f0e2']",53,,,,,,,,,,,,,,,,,,,Algeria,4898,00:18:53.789,Pressure,
,,,,,,,,,,,,,,,,,0.057034,,,,,,,,,,,,,aad48f6c-5a12-4ef5-8ad7-470c4e1b08aa,1899,,"[25.6, 1.6]",3920402,64,,,,,,,,,,,,,,,,,,,,,,,,,2,From Throw In,Rayan Aït Nouri,12111.0,Left Back,103,Algeria,4898,,30,,,,,,,,,,,,,,,,,,,Algeria,4898,00:19:30.444,Pressure,
,,,,,,,,,,,,,,,,,0.33167,,,,,,,,,,,,,722700dd-893b-4531-8065-63751118cce5,1915,,"[48.0, 2.9]",3920402,64,,,,,,,,,,,,,,,,,,,,,,,,,2,Regular Play,Edmond Fayçal Tapsoba,30606.0,Left Center Back,104,Burkina Faso,4921,"['8d8a0a58-a445-4fc4-ba6f-edbb09ebf356', '6ab9845b-4ee6-4db2-a41e-2f9dddb338bc']",41,,,,,,,,,,,,,,,,,,,Burkina Faso,4921,00:19:41.765,Pressure,
,,,,,,,,,,,,,,,,,0.197098,,,,,,,,,,,,,eceb6433-bf1b-4bf0-8a97-e79007778d7e,1936,,"[12.8, 22.7]",3920402,65,,,,,,,,,,,,,,,,,,,,,,,,,2,From Throw In,Rayan Aït Nouri,12111.0,Left Back,105,Burkina Faso,4921,"['c75eff76-4d8f-467d-85e0-7bda1e03e1bf', 'f949c211-5750-44a2-b7b0-bd7cd0095f6e']",14,,,,,,,,,,,,,,,,,,,Algeria,4898,00:20:14.488,Pressure,
,,,,,,,,,,,,,,,,,0.329967,,,,,,,,,,,,,dc893d7b-b282-4e74-9e4e-1d8108bc122b,1953,,"[56.1, 68.7]",3920402,72,,,,,,,,,,,,,,,,,,,,,,,,,2,From Kick Off,Gustavo Fabrice Sangaré,45466.0,Right Center Midfield,107,Algeria,4898,"['3e666feb-17ad-4a56-905d-d72654022c7e', 'af8b493f-7f76-4839-afa2-cc5d18627b69']",10,,,,,,,,,,,,,,,,,,,Burkina Faso,4921,00:27:10.690,Pressure,
,,,,,,,,,,,,,,,,,0.336078,,,,,,,,,,,,,f9239a4d-5f3c-4dfa-88b0-9428ea5a1c13,1966,,"[69.7, 68.8]",3920402,72,,,,,,,,,,,,,,,,,,,,,,,,,2,From Kick Off,Gustavo Fabrice Sangaré,45466.0,Right Center Midfield,107,Algeria,4898,,22,,,,,,,,,,,,,,,,,,,Burkina Faso,4921,00:27:22.183,Pressure,
,,,,,,,,,,,,,,,,,0.334162,,,,,,,,,,,,,9022759d-3a65-4e05-93e8-508f1f4bcd3f,1978,,"[40.1, 69.0]",3920402,72,,,,,,,,,,,,,,,,,,,,,,,,,2,From Kick Off,Adamo Nagalo,99280.0,Right Back,107,Algeria,4898,"['b9f611c3-641e-4a1b-8b7b-68dd933ba732', '398d0f70-1afe-497b-9984-c71784e86117']",32,,,,,,,,,,,,,,,,,,,Burkina Faso,4921,00:27:32.555,Pressure,
,,,,,,,,,,,,,,,,,0.210919,,,,,,,,,,,,,08b07786-49af-4aec-b89e-2c4c7edb15b9,1985,,"[10.8, 4.9]",3920402,72,,,,,,,,,,,,,,,,,,,,,,,,,2,From Kick Off,Steeve Yago,3035.0,Left Back,107,Algeria,4898,"['5414d438-c31a-434a-9043-6ebd6d7e4209', '75eaa96f-4287-4a2c-aaf7-8564eca77fba']",39,,,,,,,,,,,,,,,,,,,Burkina Faso,4921,00:27:39.470,Pressure,
,,,,,,,,,,,,,,,,,0.072028,,,,,,,,,,,,,ad0c683f-ca57-4a73-b737-819fcc6d3b69,2010,,"[67.7, 42.5]",3920402,74,,,,,,,,,,,,,,,,,,,,,,,,,2,Regular Play,Ismahila Ouédraogo,106681.0,Center Defensive Midfield,110,Algeria,4898,"['1c061550-7352-4336-8cac-217b54d2048b', 'ca17c71d-2fdf-4f4d-9d83-396a8c9be259']",4,,,,,,,,,,,,,,,,,,,Burkina Faso,4921,00:29:04.469,Pressure,
,,,,,,,,,,,,True,,,,,0.200429,,,,,,,,,,,,,ed5ea268-21e4-4b10-9d4b-f51508cf266e,2042,,"[102.2, 17.3]",3920402,74,,,,,,,,,,,,,,,,,,,,,,,,,2,Regular Play,Rayan Aït Nouri,12111.0,Left Back,110,Algeria,4898,,40,,,,,,,,,,,,,,,,,,,Algeria,4898,00:29:40.609,Pressure,
,,,,,,,,,,,,True,,,,,0.19132,,,,,,,,,,,,,59981051-7418-406e-83e3-90f43fef4d31,2043,,"[102.0, 6.8]",3920402,74,,,,,,,,,,,,,,,,,,,,,,,,,2,Regular Play,Mohamed El Amine Amoura,141358.0,Left Wing,110,Algeria,4898,,41,,,,,,,,,,,,,,,,,,,Algeria,4898,00:29:41.613,Pressure,
,,,,,,,,,,,,,,,,,0.313841,,,,,,,,,,,,,5fb186e0-511f-49b1-b3ad-0c14333cb126,2051,,"[20.3, 76.6]",3920402,76,,,,,,,,,,,,,,,,,,,,,,,,,2,From Throw In,Issa Kabore,35471.0,Right Midfield,111,Algeria,4898,"['0782f542-b5b8-465c-ad34-30d4698fa31c', '1b11bee4-d49f-4561-90f6-f49fabe43c1b']",32,,,,,,,,,,,,,,,,,,,Burkina Faso,4921,00:31:32.537,Pressure,
,,,,,,,,,,,,,,,,,1.240621,,,,,,,,,,,,,0f4bb1ba-a693-4b20-8c82-ca0cd7b01a30,2077,,"[83.8, 34.2]",3920402,76,,,,,,,,,,,,,,,,,,,,,,,,,2,From Throw In,Nabil Bentaleb,8520.0,Right Defensive Midfield,111,Algeria,4898,"['2fc85df0-6398-494f-aaca-c16a51d6846f', '443310a4-fa5f-4b5a-b208-e644a85f4e01']",54,,,,,,,,,,,,,,,,,,,Algeria,4898,00:31:54.868,Pressure,
,,,,,,,,,,,,True,,,,,0.190773,,,,,,,,,,,,,ef315d8b-b23b-4513-84a3-3c7e5202383b,2080,,"[79.5, 20.5]",3920402,76,,,,,,,,,,,,,,,,,,,,,,,,,2,Regular Play,Rayan Aït Nouri,12111.0,Left Back,112,Burkina Faso,4921,['443310a4-fa5f-4b5a-b208-e644a85f4e01'],56,,,,,,,,,,,,,,,,,,,Algeria,4898,00:31:56.189,Pressure,
,,,,,,,,,,,,,,,,,0.123538,,,,,,,,,,,,,e1a9cac5-ef59-4f57-aab7-a2c7411d2c7c,2090,,"[69.4, 1.2]",3920402,77,,,,,,,,,,,,,,,,,,,,,,,,,2,From Throw In,Rayan Aït Nouri,12111.0,Left Back,113,Burkina Faso,4921,,22,,,,,,,,,,,,,,,,,,,Algeria,4898,00:32:22.211,Pressure,
,,,,,,,,,,,,True,,,,,0.581037,,,,,,,,,,,,,a1b3f5ab-adf3-4acc-bd4d-6a4ba078bde0,2094,,"[43.3, 76.0]",3920402,77,,,,,,,,,,,,,,,,,,,,,,,,,2,Regular Play,Issa Kabore,35471.0,Right Midfield,114,Algeria,4898,['a4b18e76-d4a6-4eda-8e7a-bad534c8c378'],23,,,,,,,,,,,,,,,,,,,Burkina Faso,4921,00:32:23.572,Pressure,
,,,,,,,,,,,,True,,,,,0.328863,,,,,,,,,,,,,98c7188a-9543-47c7-b6c5-caba9a60329a,2098,,"[28.4, 77.5]",3920402,77,,,,,,,,,,,,,,,,,,,,,,,,,2,Regular Play,Adamo Nagalo,99280.0,Right Back,114,Algeria,4898,['a50be5c3-5cb1-4497-9e2f-fb9d9e677a54'],27,,,,,,,,,,,,,,,,,,,Burkina Faso,4921,00:32:27.116,Pressure,
,,,,,,,,,,,,,,,,,0.816677,,,,,,,,,,,,,7f9ca4c4-5fd8-4012-8ca2-22e62ff3c3ec,2122,,"[4.0, 14.1]",3920402,77,,,,,,,,,,,,,,,,,,,,,,,,,2,From Throw In,Steeve Yago,3035.0,Left Back,115,Algeria,4898,['780dc956-75ce-4d81-b1d9-64fbf8da5b53'],57,,,,,,,,,,,,,,,,,,,Burkina Faso,4921,00:32:57.627,Pressure,
,,,,,,,,,,,,True,,,,,0.363763,,,,,,,,,,,,,87a6ce96-4c1d-47b2-90b3-45a2847605aa,2153,,"[110.8, 45.1]",3920402,80,,,,,,,,,,,,,,,,,,,,,,,,,2,Regular Play,Abdoul Fessal Tapsoba,43705.0,Left Midfield,119,Algeria,4898,"['4dc40df6-98a8-4bec-8995-c8d582a00724', 'c8112717-960a-4038-8f01-64de50864065', '5e0daa19-6a36-4cd3-8988-4890d3362fd4']",32,,,,,,,,,,,,,,,,,,,Burkina Faso,4921,00:35:32.733,Pressure,
,,,,,,,,,,,,,,,,,1.55403,,,,,,,,,,,,,205bdd02-cbc3-45c6-b908-7ee66f40301e,2185,,"[92.3, 68.7]",3920402,81,,,,,,,,,,,,,,,,,,,,,,,,,2,From Goal Kick,Islam Slimani,3811.0,Right Center Forward,120,Burkina Faso,4921,['10a3f20d-e437-4bb6-8fdb-123c4db02d54'],37,,,,,,,,,,,,,,,,,,,Algeria,4898,00:36:37.229,Pressure,
,,,,,,,,,,,,True,,,,,0.707337,,,,,,,,,,,,,a5c71fcc-9016-4cb0-88fb-31d197079f89,2192,,"[25.3, 5.4]",3920402,81,,,,,,,,,,,,,,,,,,,,,,,,,2,Regular Play,Steeve Yago,3035.0,Left Back,121,Algeria,4898,['ced2e67c-dca7-4f1a-86ee-f4a3118b8f6e'],41,,,,,,,,,,,,,,,,,,,Burkina Faso,4921,00:36:41.415,Pressure,
,,,,,,,,,,,,True,,,,,0.316947,,,,,,,,,,,,,dafeb9c5-614d-41d7-8682-94b633b8748c,2193,,"[21.8, 3.7]",3920402,81,,,,,,,,,,,,,,,,,,,,,,,,,2,Regular Play,Abdoul Fessal Tapsoba,43705.0,Left Midfield,121,Algeria,4898,,41,,,,,,,,,,,,,,,,,,,Burkina Faso,4921,00:36:41.894,Pressure,
,,,,,,,,,,,,,,,,,1.471993,,,,,,,,,,,,,7ee1cb9e-3ba6-446a-a767-2025c961f891,2199,,"[36.2, 11.8]",3920402,81,,,,,,,,,,,,,,,,,,,,,,,,,2,From Throw In,Ibrahim Blati Touré,23999.0,Left Center Midfield,122,Algeria,4898,"['3bd0561c-df9c-499b-8532-df0b40d2dfc2', '116cada8-c135-4575-8d16-c8169a2fa86a']",49,,,,,,,,,,,,,,,,,,,Burkina Faso,4921,00:36:49.460,Pressure,
,,,,,,,,,,,,True,,,,,0.650763,,,,,,,,,,,,,54e8dfcd-7309-4b6d-9805-7cb7fa5cd5b6,2217,,"[82.4, 24.1]",3920402,82,,,,,,,,,,,,,,,,,,,,,,,,,2,Regular Play,Rayan Aït Nouri,12111.0,Left Back,123,Burkina Faso,4921,['30f4e1b1-5e04-44bb-9902-2c8efcca2984'],6,,,,,,,,,,,,,,,,,,,Algeria,4898,00:37:06.618,Pressure,
,,,,,,,,,,,,True,,,,,1.845028,,,,,,,,,,,,,6143ce11-93ee-4d3a-889e-45695eff015a,2230,,"[103.2, 15.9]",3920402,83,,,,,,,,,,,,,,,,,,,,,,,,,2,Regular Play,Cédric Badolo,44307.0,Left Midfield,125,Algeria,4898,"['eadee2c1-410d-40ef-909d-41ab84cd5802', '830be05c-d072-45f2-8222-90700a0f116a']",51,,,,,,,,,,,,,,,,,,,Burkina Faso,4921,00:38:51.274,Pressure,
,,,,,,,,,,,,,,,,,1.68817,,,,,,,,,,,,,62cce885-e43e-4de6-832b-9056934077e8,2248,,"[81.7, 11.0]",3920402,84,,,,,,,,,,,,,,,,,,,,,,,,,2,From Free Kick,Bertrand Isidore Traoré,2956.0,Center Forward,126,Algeria,4898,['7ab7cb24-b793-4d36-9090-85d98d9782cb'],14,,,,,,,,,,,,,,,,,,,Burkina Faso,4921,00:39:14.137,Pressure,
,,,,,,,,,,,,,,,,,0.451048,,,,,,,,,,,,,049cd49d-4b3b-41c3-be10-51133ab85bcc,2273,,"[58.8, 60.6]",3920402,84,,,,,,,,,,,,,,,,,,,,,,,,,2,From Throw In,Dramane Salou,408160.0,Right Center Midfield,127,Algeria,4898,"['e8288eb4-d0ca-4df0-818f-5c58cf7c352e', '008308b8-01f8-45e7-bef8-5d4df8019c2d']",47,,,,,,,,,,,,,,,,,,,Burkina Faso,4921,00:39:47.586,Pressure,
,,,,,,,,,,,,True,,,,,0.479321,,,,,,,,,,,,,52937215-0d00-42fb-829a-1472029bbf56,2292,,"[62.7, 21.3]",3920402,85,,,,,,,,,,,,,,,,,,,,,,,,,2,From Counter,Rayan Aït Nouri,12111.0,Left Back,128,Burkina Faso,4921,['7927a96a-f3ea-46ae-a4de-7cac750cf66e'],0,,,,,,,,,,,,,,,,,,,Algeria,4898,00:40:00.590,Pressure,
,,,,,,,,,,,,,,,,,0.840104,,,,,,,,,,,,,1ea38aa9-0d3d-4a7f-a662-19839bf310aa,2328,,"[9.2, 21.1]",3920402,86,,,,,,,,,,,,,,,,,,,,,,,,,2,From Throw In,Steeve Yago,3035.0,Left Back,130,Algeria,4898,"['4c0e35ad-561d-4d9b-bfd8-cf2b740907b4', 'b36c651b-6f5f-4066-a72b-6503361cc37c']",7,,,,,,,,,,,,,,,,,,,Burkina Faso,4921,00:41:07.397,Pressure,
,,,,,,,,,,,,,,,,,0.5771,,,,,,,,,,,,,7f718d62-8aa2-4b08-b648-5122a464731c,2335,,"[78.7, 76.0]",3920402,86,,,,,,,,,,,,,,,,,,,,,,,,,2,Regular Play,Ramiz Larbi Zerrouki,38345.0,Right Defensive Midfield,131,Burkina Faso,4921,,15,,,,,,,,,,,,,,,,,,,Algeria,4898,00:41:15.602,Pressure,
,,,,,,,,,,,,,,,,,0.272286,,,,,,,,,,,,,0f435f09-9387-4d4d-97c8-ce6361525a21,2338,,"[26.6, 76.4]",3920402,86,,,,,,,,,,,,,,,,,,,,,,,,,2,From Throw In,Youcef Atal,10040.0,Right Back,132,Burkina Faso,4921,['9358fc68-5ee6-4be1-8570-ed13598b928a'],36,,,,,,,,,,,,,,,,,,,Algeria,4898,00:41:36.230,Pressure,
,,,,,,,,,,,,,,,,,0.382634,,,,,,,,,,,,,aa3e9209-44bd-4673-bbbc-1197fcca1a42,2352,,"[2.8, 51.8]",3920402,87,,,,,,,,,,,,,,,,,,,,,,,,,2,From Goal Kick,Issoufou Dayo,102800.0,Right Center Back,133,Algeria,4898,"['1a265c85-34df-46b4-a21b-872ce8a20c4f', '6a31cc4d-786b-493d-a62e-d98eb5996495']",6,,,,,,,,,,,,,,,,,,,Burkina Faso,4921,00:42:06.278,Pressure,
,,,,,,,,,,,,,,,,,0.368822,,,,,,,,,,,,,9bf2f526-3497-4f83-b420-8a44ceaecb6e,2364,,"[24.0, 47.5]",3920402,87,,,,,,,,,,,,,,,,,,,,,,,,,2,From Free Kick,Aïssa Mandi,6648.0,Right Center Back,134,Burkina Faso,4921,"['8ef8270e-6119-4411-ba94-7d27ccad7e54', '61964b5f-774d-41e2-83e4-b8efda72ef6c']",55,,,,,,,,,,,,,,,,,,,Algeria,4898,00:42:55.850,Pressure,
,,,,,,,,,,,,,,,,,0.779082,,,,,,,,,,,,,5a8a1234-002e-455e-b2b0-60d96b4406f7,2387,,"[41.8, 64.9]",3920402,88,,,,,,,,,,,,,,,,,,,,,,,,,2,Regular Play,Ibrahim Blati Touré,23999.0,Left Center Midfield,135,Algeria,4898,['f89770ea-c8d9-45e9-bdfa-1266f1ca26a8'],17,,,,,,,,,,,,,,,,,,,Burkina Faso,4921,00:43:17.264,Pressure,
,,,,,,,,,,,,,,,,,0.125066,,,,,,,,,,,,,b85e76f0-e109-415b-b51c-50c25aab58a7,2392,,"[30.6, 36.0]",3920402,88,,,,,,,,,,,,,,,,,,,,,,,,,2,Regular Play,Cédric Badolo,44307.0,Left Midfield,135,Algeria,4898,,20,,,,,,,,,,,,,,,,,,,Burkina Faso,4921,00:43:20.493,Pressure,
,,,,,,,,,,,,True,,,,,0.352139,,,,,,,,,,,,,9aceff3e-0340-4cd6-bf0e-be50692ae090,2399,,"[76.4, 31.1]",3920402,88,,,,,,,,,,,,,,,,,,,,,,,,,2,From Counter,Ramy Bensebaini,3191.0,Left Center Back,136,Burkina Faso,4921,"['899ee5e1-2497-469a-b7b0-1b99a0e3ae6e', '22abaae8-e129-40f7-9531-f7fa428d7724', '861c24b7-00c3-431b-94d1-9d222b9bad37', '3c3b1f84-cdff-4cb6-9b6f-68ed50ac3d55']",30,,,,,,,,,,,,,,,,,,,Algeria,4898,00:43:30.499,Pressure,
,,,,,,,,,,,,,,,,,0.813071,,,,,,,,,,,,,ee5a0a69-a5a2-4add-bfc8-f9aa797c70ce,2410,,"[23.5, 27.2]",3920402,88,,,,,,,,,,,,,,,,,,,,,,,,,2,From Counter,Rayan Aït Nouri,12111.0,Left Back,136,Burkina Faso,4921,"['c23da27f-2651-4831-9dfb-c26b83f10fb6', '0b4aa812-cbd5-4ca0-87e5-0669f09d6ef3']",36,,,,,,,,,,,,,,,,,,,Algeria,4898,00:43:36.778,Pressure,
,,,,,,,,,,,,,,,,,0.17545,,,,,,,,,,,,,97010ceb-65ba-44fb-85f4-8f0e07c2ab5c,2419,,"[49.1, 71.7]",3920402,88,,,,,,,,,,,,,,,,,,,,,,,,,2,Regular Play,Ismahila Ouédraogo,106681.0,Center Defensive Midfield,137,Algeria,4898,"['71375cbe-67fe-4698-88aa-01852c0d3c83', 'b24d1951-cb44-42ac-ab3b-45ddcc54462d']",49,,,,,,,,,,,,,,,,,,,Burkina Faso,4921,00:43:49.750,Pressure,
,,,,,,,,,,,,,,,,,0.327289,,,,,,,,,,,,,be5a19b0-71bc-4fe0-916e-ce86b010b1d2,2421,,"[98.9, 17.5]",3920402,88,,,,,,,,,,,,,,,,,,,,,,,,,2,Regular Play,Mohamed El Amine Amoura,141358.0,Left Midfield,137,Algeria,4898,"['f73c4d48-836c-405e-bc37-c118f357e780', '97dd5baf-89da-4e64-9892-90c45b0b003a']",52,,,,,,,,,,,,,,,,,,,Algeria,4898,00:43:52.545,Pressure,
,,,,,,,,,,,,True,,,,,0.123404,,,,,,,,,,,,,4be85bce-4313-41e3-a578-a206455ebddf,2425,,"[97.5, 17.3]",3920402,88,,,,,,,,,,,,,,,,,,,,,,,,,2,Regular Play,Islam Slimani,3811.0,Right Center Forward,138,Burkina Faso,4921,"['97dd5baf-89da-4e64-9892-90c45b0b003a', '7dfe5f27-f284-4819-bc89-440d0b9be9d4']",54,,,,,,,,,,,,,,,,,,,Algeria,4898,00:43:54.930,Pressure,
,,,,,,,,,,,,,,,,,0.317328,,,,,,,,,,,,,7034295a-3272-49bc-950c-ecec49fca201,2432,,"[97.9, 44.2]",3920402,89,,,,,,,,,,,,,,,,,,,,,,,,,2,Regular Play,Baghdad Bounedjah,103465.0,Left Center Forward,138,Burkina Faso,4921,"['8d571eef-66a7-421b-b25a-2f12ef3e7ffb', '043aa334-e672-4b9d-bff8-9cab685fc28f']",0,,,,,,,,,,,,,,,,,,,Algeria,4898,00:44:00.572,Pressure,
,,,,,,,,,,,,,,,,,4.480963,,,,,,,,,,,,,457611bd-95bb-439a-870a-34663f4f9aca,2437,,"[38.2, 8.0]",3920402,89,,,,,,,,,,,,,,,,,,,,,,,,,2,Regular Play,Ramy Bensebaini,3191.0,Left Center Back,138,Burkina Faso,4921,"['4be204e8-5dcb-4502-96c1-4ea4958ecc3a', 'a230eab0-26fb-41c4-a401-137d123bad87']",8,,,,,,,,,,,,,,,,,,,Algeria,4898,00:44:08.423,Pressure,
,,,,,,,,,,,,,,,,,1.186516,,,,,,,,,,,,,d0280359-da65-432d-ace0-bce6189de790,2441,,"[25.6, 31.6]",3920402,89,,,,,,,,,,,,,,,,,,,,,,,,,2,Regular Play,Aïssa Mandi,6648.0,Right Center Back,138,Burkina Faso,4921,"['6da265a5-6f6a-48cf-9284-ac86012d1a7c', '0ce6f599-e113-4578-ad33-30dea90b59cf', '4a8d8ebf-a93e-45eb-8b5f-c6216af86e86']",15,,,,,,,,,,,,,,,,,,,Algeria,4898,00:44:15.952,Pressure,
,,,,,,,,,,,,,,,,,1.292328,,,,,,,,,,,,,7f4e2fde-20cf-4bc5-9893-ab5128c6b3fd,2447,,"[14.8, 5.8]",3920402,89,,,,,,,,,,,,,,,,,,,,,,,,,2,Regular Play,Fares Chaïbi,217047.0,Left Defensive Midfield,138,Burkina Faso,4921,['c3c4cb39-30a6-4b89-a3c2-777c6ba4d4b3'],21,,,,,,,,,,,,,,,,,,,Algeria,4898,00:44:21.232,Pressure,
,,,,,,,,,,,,,,,,,0.062726,,,,,,,,,,,,,7b1b4128-026a-4bdd-a4c6-24c410c7b5d9,2467,,"[44.3, 44.6]",3920402,90,,,,,,,,,,,,,,,,,,,,,,,,,2,From Goal Kick,Ibrahim Blati Touré,23999.0,Left Center Midfield,139,Algeria,4898,"['37ff0054-e048-44a5-a7e4-6c7e37a15b11', '27e1c36f-c332-4e03-b9d8-7d6f748f520d']",22,,,,,,,,,,,,,,,,,,,Burkina Faso,4921,00:45:22.117,Pressure,
,,,,,,,,,,,,,,,,,0.327561,,,,,,,,,,,,,df8ae824-680e-43f7-bef9-47b145193f5f,2502,,"[7.8, 71.3]",3920402,91,,,,,,,,,,,,,,,,,,,,,,,,,2,From Free Kick,Yacouba Nasser Djiga,136948.0,Right Back,140,Algeria,4898,['7223f4f0-bbad-4c7a-96d5-3df5e9f0cf57'],35,,,,,,,,,,,,,,,,,,,Burkina Faso,4921,00:46:35.236,Pressure,
,,,,,,,,,,,,,,,,,0.329195,,,,,,,,,,,,,079e2626-0a8b-4431-9fe3-98b57e3931e6,2534,,"[107.8, 71.2]",3920402,95,,,,,,,,,,,,,,,,,,,,,,,,,2,From Kick Off,Issa Kabore,35471.0,Right Midfield,146,Burkina Faso,4921,['16ff66a0-7d76-4065-97a8-c524d90dbc7a'],45,,,,,,,,,,,,,,,,,,,Burkina Faso,4921,00:50:45.236,Pressure,
,,,,,,,,,,,,True,,,,,0.32051,,,,,,,,,,,,,4bdd885e-5747-44ef-b951-36b4c411bd28,2550,,"[39.9, 3.9]",3920402,96,,,,,,,,,,,,,,,,,,,,,,,,,2,Regular Play,Fares Chaïbi,217047.0,Left Defensive Midfield,149,Burkina Faso,4921,"['fb6d6b7d-91ad-4122-9ff0-990a7d5d12d7', 'a6b1412b-edda-4708-8181-5ba8e6531299']",7,,,,,,,,,,,,,,,,,,,Algeria,4898,00:51:07.972,Pressure,
,,,,,,,,,,,,True,,,,,0.188,,,,,,,,,,,,,d369660d-42c7-4c20-87c1-a9e4be212963,2562,,"[64.1, 71.2]",3920402,96,,,,,,,,,,,,,,,,,,,,,,,,,2,Regular Play,Ismahila Ouédraogo,106681.0,Center Defensive Midfield,150,Algeria,4898,"['791f5a1d-d0be-4e99-82d7-4bc74b08b149', '6ba49202-2246-4c1d-b771-8a448427d4b6', '418fd04d-aed9-4389-987a-37192e8e1daf']",14,,,,,,,,,,,,,,,,,,,Burkina Faso,4921,00:51:14.954,Pressure,
,,,,,,,,,,,,True,,,,,0.312726,,,,,,,,,,,,,d3fba8cc-f605-488c-b0e1-1bddc94f7277,2579,,"[45.7, 72.3]",3920402,97,,,,,,,,,,,,,,,,,,,,,,,,,2,From Free Kick,Ismahila Ouédraogo,106681.0,Center Defensive Midfield,151,Burkina Faso,4921,,17,,,,,,,,,,,,,,,,,,,Burkina Faso,4921,00:52:17.817,Pressure,
,,,,,,,,,,,,True,,,,,0.440764,,,,,,,,,,,,,1184f0b9-5e82-4b0a-b80f-7d42e17c404c,2582,,"[35.8, 70.0]",3920402,97,,,,,,,,,,,,,,,,,,,,,,,,,2,From Free Kick,Issa Kabore,35471.0,Right Midfield,151,Burkina Faso,4921,['2752a791-5565-48d5-8734-415b7147aa21'],21,,,,,,,,,,,,,,,,,,,Burkina Faso,4921,00:52:21.233,Pressure,
,,,,,,,,,,,,,,,,,0.545699,,,,,,,,,,,,,5cf1349a-492d-46ff-9832-b4a199c1f1ce,2587,,"[67.5, 24.4]",3920402,97,,,,,,,,,,,,,,,,,,,,,,,,,2,From Free Kick,Ramy Bensebaini,3191.0,Left Center Back,151,Burkina Faso,4921,"['1ef2d000-1412-4eff-9615-4977cc717c1d', 'f9de2fa1-b711-4bed-945e-c750359c13a8', '8677e371-be1d-4080-b23c-9c4e23984491']",23,,,,,,,,,,,,,,,,,,,Algeria,4898,00:52:23.953,Pressure,
,,,,,,,,,,,,,,,,,0.575238,,,,,,,,,,,,,11a32d5e-a9d9-4089-a9da-4e58db1dc192,2593,,"[69.2, 31.5]",3920402,97,,,,,,,,,,,,,,,,,,,,,,,,,2,From Free Kick,Ramy Bensebaini,3191.0,Left Center Back,151,Burkina Faso,4921,['284c3050-644c-4776-ba67-baa8ffecb2b7'],26,,,,,,,,,,,,,,,,,,,Algeria,4898,00:52:26.826,Pressure,
,,,,,,,,,,,,,,,,,0.06336,,,,,,,,,,,,,867745ab-3969-432f-8b27-515e49bbca28,2622,,"[30.3, 28.7]",3920402,98,,,,,,,,,,,,,,,,,,,,,,,,,2,From Free Kick,Dramane Salou,408160.0,Right Center Midfield,152,Algeria,4898,,34,,,,,,,,,,,,,,,,,,,Burkina Faso,4921,00:53:34.048,Pressure,
,,,,,,,,,,,,,,,,,0.0,,,,,,,,,,,,,a87feee6-abd5-4cc5-93de-555dad5014db,68,,"[70.2, 1.0]",3920402,1,,,,,,,,,,,,,,,,,,,,,,,,,1,From Throw In,Abdoul Fessal Tapsoba,43705.0,Left Wing,4,Algeria,4898,['d48a7533-b607-44ea-8138-4c22c3fe696d'],40,,,,,,,,,,,,,,,,,,,Burkina Faso,4921,00:01:40.150,Block,
,,,,,,,,,,,,,,,,,0.0,,,,,,,,,,,,,2419cf3b-b869-43b9-9c27-b9ad19565fca,113,,"[6.5, 9.5]",3920402,2,,,,,,,,,,,,,,,,,,,,,,,,,1,From Free Kick,Rayan Aït Nouri,12111.0,Left Back,6,Burkina Faso,4921,['a0153754-8442-4b19-a1af-477091b07b01'],39,,,,,,,,,,,,,,,,,,,Algeria,4898,00:02:39.082,Block,
,,,,,,,,,,,,,,,,,0.0,,,,,,,,,,,,,bd0ed8d2-a816-4325-babb-fd84e9070287,168,,"[50.5, 54.1]",3920402,3,,,,,,,,,,,,,,,,,,,,,,,,,1,Regular Play,Nabil Bentaleb,8520.0,Right Defensive Midfield,8,Burkina Faso,4921,['1506c396-1e93-42a0-9879-462ac3257dac'],39,,,,,,,,,,,,,,,,,,,Algeria,4898,00:03:39.128,Block,
,,,,,,,,,,,,,,,,,0.0,,,,,,,,,,,,,abe696fc-3472-4200-8f14-6c07e2ac90cb,233,,"[49.9, 50.2]",3920402,5,,,,,,,,,,,,,,,,,,,,,,,,,1,From Goal Kick,Ramiz Larbi Zerrouki,38345.0,Left Defensive Midfield,11,Burkina Faso,4921,,31,,,,,,,,,,,,,,,,,,,Algeria,4898,00:05:31.970,Block,
,,,,,,,,,,,,,,,,,0.0,,,,,,,,,,,,,8a4ad794-7862-45f2-b86e-295f9fca5443,966,,"[57.1, 24.4]",3920402,31,,,,,,,,,,,,,,,,,,,,,,,,,1,Regular Play,Baghdad Bounedjah,103465.0,Center Forward,45,Burkina Faso,4921,['8a1a4691-f8a7-4d69-bc36-0a865e28ccb0'],24,,,,,,,,,,,,,,,,,,,Algeria,4898,00:31:24.077,Block,
,,,,,,,,,,,,,,,,,0.0,,,,,,,,,,,,,944f872b-cbdf-4cb6-a3e0-c38acc9b5509,1462,,"[15.8, 33.1]",3920402,45,,,,,,,,,,,,,,,,,,,,,,,,,2,From Kick Off,Aïssa Mandi,6648.0,Right Center Back,70,Burkina Faso,4921,['b51b6235-c876-4735-9b8d-195212190c3b'],15,,,,,,,,,,,,,,,,,,,Algeria,4898,00:00:15.097,Block,
,,,,,,,,,,,,,,,,,0.0,,,,,,,,,,,,,5b8536c5-dea8-407e-a0ca-df6520e3b738,1514,,"[54.9, 20.5]",3920402,47,,,,,,,,,,,,,,,,,,,,,,,,,2,Regular Play,Edmond Fayçal Tapsoba,30606.0,Left Center Back,75,Algeria,4898,['0322c2bd-77f2-4f85-a30c-3d629b67f1c4'],57,,,,,,,,,,,,,,,,,,,Burkina Faso,4921,00:02:57.810,Block,
,,,,,,,,,,,,,,,,,0.0,,,,,,,,,,,,,99a9fe2e-68e2-4e86-8035-ca232f9ae3e1,1533,,"[111.7, 22.1]",3920402,48,,,,,,,,,,,,,,,,,,,,,,,,,2,Regular Play,Abdoul Fessal Tapsoba,43705.0,Left Midfield,77,Burkina Faso,4921,,25,,,,,,,,,,,,,,,,,,,Burkina Faso,4921,00:03:25.964,Block,
,,,,,,,,,,,,,,,,,0.0,,,,,,,,,,,,,af49887b-f67c-4c02-a8d5-11e3ee346273,1572,,"[22.0, 48.0]",3920402,50,,,,,,,,,,,,,,,,,,,,,,,,,2,From Free Kick,Gustavo Fabrice Sangaré,45466.0,Right Center Midfield,81,Algeria,4898,['7ad035fc-34f5-493c-b947-e8cced8653b7'],22,,,,,,,,,,,,,,,,,,,Burkina Faso,4921,00:05:22.076,Block,
,,,,,,,,,,,,,,,,,0.0,,,,,,,,,,,,,9e607eb9-52dc-486b-8419-74401376da5b,1577,,"[116.9, 39.4]",3920402,50,,,,,,,,,,,,,,,,,,,,,,,,,2,From Free Kick,Baghdad Bounedjah,103465.0,Center Forward,81,Algeria,4898,,24,,,,,,,,,,,,,,,,,,,Algeria,4898,00:05:24.530,Block,
,,,,,,,,,,,,,,,,,0.0,,,,,,,,,,,,,3e802039-51ce-4cf5-888b-f565a0976c17,1656,,"[23.5, 1.8]",3920402,56,,,True,,,,,,,,,,,,,,,,,,,,,,2,From Throw In,Baghdad Bounedjah,103465.0,Center Forward,90,Burkina Faso,4921,['a37af25b-baea-4b21-8eb0-7beae9107a83'],17,,,,,,,,,,,,,,,,,,,Algeria,4898,00:11:17.088,Block,
,,,,,,,,,,,,,,,,,0.0,,,,,,,,,,,,,c540ccd0-d025-4309-a833-d7038e290497,1685,,"[14.1, 54.0]",3920402,57,,,,,,,,,,,,,,,,,,,,,,,,,2,From Goal Kick,Issoufou Dayo,102800.0,Right Center Back,92,Algeria,4898,['c650c7b3-219d-4fc8-896c-6cd01a5b393f'],3,,,,,,,,,,,,,,,,,,,Burkina Faso,4921,00:12:03.851,Block,
,,,,,,,,,,,,,,,,,0.0,,,,,,,,,,,,,eed6e68a-2642-403d-9a28-6f0c99ba4f9a,1859,,"[13.6, 50.1]",3920402,63,,,,,,,,,,,,,,,,,,,,,,,,,2,Regular Play,Ibrahim Blati Touré,23999.0,Left Center Midfield,101,Algeria,4898,['7d10e4a9-9ab3-4527-a983-a8a8e253bbda'],41,,,,,,,,,,,,,,,,,,,Burkina Faso,4921,00:18:41.505,Block,
,,,,,,,,,,,,,,,,,0.0,,,,,,,,,,,,,e88bf3ec-a283-4cf7-96d7-cb9fe6bc30f1,2188,,"[97.5, 73.7]",3920402,81,,,,,,,,,,,,,,,,,,,,,,,,,2,From Goal Kick,Islam Slimani,3811.0,Right Center Forward,120,Burkina Faso,4921,['10a3f20d-e437-4bb6-8fdb-123c4db02d54'],38,,,,,,,,,,,,,,,,,,,Algeria,4898,00:36:38.984,Block,
,,,,,,,,,,,,,,,,,0.0,,,,,,,,,,,,,67398659-2b13-4ed8-ae9c-dbca1a52225f,2251,,"[77.5, 2.7]",3920402,84,,,True,,,,,,,,,,,,,,,,,,,,,,2,From Free Kick,Cédric Badolo,44307.0,Left Midfield,126,Algeria,4898,['fc287af3-fbd5-41cd-94d4-5497098f620c'],16,,,,,,,,,,,,,,,,,,,Burkina Faso,4921,00:39:16.933,Block,
,,,,,,,,,,,,,,,,,0.0,,,,,,,,,,,,,d3c468bd-08cb-48ba-99eb-5939328d0a85,2309,,"[6.6, 31.2]",3920402,85,,,,,,,,,,,,,,,,,,,,,,,,,2,Regular Play,Steeve Yago,3035.0,Left Back,129,Algeria,4898,['1822cabe-eb12-4854-84c0-431663517476'],18,,,,,,,,,,,,,,,,,,,Burkina Faso,4921,00:40:18.597,Block,
,,,,,,,,,,,,True,,,,,0.0,,,,,,,,,,,,,e3f85df3-74b9-43e7-9517-6ff739d4314a,2404,,"[76.6, 30.8]",3920402,88,,,,,,,,,,,,,,,,,,,,,,,,,2,From Counter,Ramy Bensebaini,3191.0,Left Center Back,136,Burkina Faso,4921,['861c24b7-00c3-431b-94d1-9d222b9bad37'],30,,,,,,,,,,,,,,,,,,,Algeria,4898,00:43:30.851,Block,
,,,,True,,,,,,,,True,,,,,0.0,,,,,,,,,,,,,7bcfa93c-d8a8-4890-85d2-b18dabb49f95,2528,,"[0.5, 41.7]",3920402,94,,,,,,,,,,,,,,,,,,,,,,,,,2,Regular Play,Issa Kabore,35471.0,Right Midfield,145,Burkina Faso,4921,['ce0c3888-cb6d-42dc-ab6d-6cb7c5bcbbbc'],23,,,,,,,,,,,,,,,,,,,Burkina Faso,4921,00:49:23.666,Block,
,,,,,,,,,,,,True,,,,,0.0,,,,,,,,,,,,,adcdb590-4247-4713-800b-1615dc85a1bf,2565,,"[63.3, 72.5]",3920402,96,,,,,,,,,,,,,,,,,,,,,,,,,2,Regular Play,Ismahila Ouédraogo,106681.0,Center Defensive Midfield,150,Algeria,4898,['791f5a1d-d0be-4e99-82d7-4bc74b08b149'],15,,,,,,,,,,,,,,,,,,,Burkina Faso,4921,00:51:15.142,Block,
,,,,,,,,,,,,,Incomplete,,,,0.0,,,,,,,,,,,,,68400833-e742-48e4-991f-84e89b43d068,86,,"[87.9, 71.6]",3920402,1,,,,,,,,,,,,,,,,,,,,,,,,,1,From Throw In,Riyad Mahrez,3814.0,Right Wing,4,Algeria,4898,"['ce1b8827-853d-4405-bf06-ba87020d797b', '8342a7ce-1cf1-4332-8277-88ae0bb4da15']",57,,,,,,,,,,,,,,,,,,,Algeria,4898,00:01:57.897,Dribble,True
,,,,,,,,,,,,,Incomplete,,,,0.0,,,,,,,,,,,,,6509155e-9032-4523-9f7f-80923bc3c74a,315,,"[94.1, 75.4]",3920402,6,,,,,,,,,,,,,,,,,,,,,,,,,1,From Keeper,Youcef Atal,10040.0,Right Back,13,Algeria,4898,['60bb199b-fbb4-4936-9903-e0288514233d'],49,,,,,,,,,,,,,,,,,,,Algeria,4898,00:06:49.153,Dribble,True
,,,,,,,,,,,,,Incomplete,,,,0.0,,,,,,,,,,,,,9738318b-8512-4530-b394-2b08862ae8e2,546,,"[81.8, 5.8]",3920402,14,,,,,,,,,,,,,,,,,,,,,,,,,1,From Keeper,Abdoul Fessal Tapsoba,43705.0,Left Wing,27,Burkina Faso,4921,['3f06c8ca-22b0-4da1-9eea-7561c583c497'],34,,,,,,,,,,,,,,,,,,,Burkina Faso,4921,00:14:34.607,Dribble,True
,,,,,,,,,,,,,Incomplete,,,,0.0,,,,,,,,,,,,,de7440d6-5e14-4971-8173-3c8d76079448,558,,"[92.5, 11.1]",3920402,14,,,,,,,,,,,,,,,,,,,,,,,,,1,From Keeper,Abdoul Fessal Tapsoba,43705.0,Left Wing,27,Burkina Faso,4921,"['8566062b-963c-4d81-b5b7-d20b4d53fa62', '3f86957a-b085-4bc2-9af7-1c78981bc212']",43,,,,,,,,,,,,,,,,,,,Burkina Faso,4921,00:14:43.282,Dribble,True
,,,,,,,,,,,,,Incomplete,True,,,0.0,,,,,,,,,,,,,4e3b151b-0936-45cf-9a1e-42691b7279a6,775,,"[85.1, 41.9]",3920402,25,,,,,,,,,,,,,,,,,,,,,,,,,1,From Goal Kick,Ibrahim Blati Touré,23999.0,Left Defensive Midfield,37,Burkina Faso,4921,"['7a520302-d384-4c93-a810-a1c107bc5dd0', 'ea84dc7c-9eda-43b6-aa34-dd0128ff8772']",47,,,,,,,,,,,,,,,,,,,Burkina Faso,4921,00:25:47.729,Dribble,True
,,,,,,,,,,,,,Complete,,,,0.0,,,,,,,,,,,,,f2b293c4-ffbc-4899-8926-c0e77a3b58ec,1084,,"[79.7, 3.3]",3920402,36,,,,,,,,,,,,,,,,,,,,,,,,,1,From Free Kick,Ibrahim Blati Touré,23999.0,Left Defensive Midfield,50,Burkina Faso,4921,['7497d8f5-8a5f-4350-bd10-c552ab3bda6f'],58,,,,,,,,,,,,,,,,,,,Burkina Faso,4921,00:36:58.192,Dribble,True
,,,,,,,,,,,,,Incomplete,,,,0.0,,,,,,,,,,,,,73cffd6b-40a7-47ab-82a8-61ba072a21b6,1314,,"[21.7, 25.1]",3920402,43,,,,,,,,,,,,,,,,,,,,,,,,,1,Regular Play,Edmond Fayçal Tapsoba,30606.0,Left Center Back,59,Algeria,4898,['02731e67-98a4-4bc0-8567-560ebda8a4ee'],21,,,,,,,,,,,,,,,,,,,Burkina Faso,4921,00:43:21.224,Dribble,True
,,,,,,,,,,,,,Incomplete,,,,0.0,,,,,,,,,,,,,a47532a7-7c08-482a-b9b7-f803d8e67e0e,1694,,"[101.0, 3.3]",3920402,57,,,,,,,,,,,,,,,,,,,,,,,,,2,From Goal Kick,Rayan Aït Nouri,12111.0,Left Back,92,Algeria,4898,['73b806cf-839a-484f-8624-d83d6e3233ca'],12,,,,,,,,,,,,,,,,,,,Algeria,4898,00:12:12.897,Dribble,True
,,,,,,,,,,,,,Incomplete,,,,0.0,,,,,,,,,,,,,36b2a430-3e34-4dd5-b4a6-d928fd647769,1754,,"[117.3, 67.3]",3920402,60,,,,,,,,,,,,,,,,,,,,,,,,,2,From Goal Kick,Issa Kabore,35471.0,Right Midfield,93,Burkina Faso,4921,['9dfbd291-bed8-4345-b086-f48185570bab'],9,,,,,,,,,,,,,,,,,,,Burkina Faso,4921,00:15:09.554,Dribble,True
,,,,,,,,,,,,,Complete,,,,0.0,,,,,,,,,,,,,d5aad2d6-15eb-4118-9a31-f303a7ded131,1775,,"[45.8, 24.4]",3920402,60,,,,,,,,,,,,,,,,,,,,,,,,,2,Regular Play,Edmond Fayçal Tapsoba,30606.0,Left Center Back,95,Burkina Faso,4921,['4118a9c2-499f-44d8-be18-d915870b5a3c'],31,,,,,,,,,,,,,,,,,,,Burkina Faso,4921,00:15:31.599,Dribble,True
,,,,,,,,,,,,,Incomplete,,,,0.0,,,,,,,,,,,,,aea0398d-1102-4c21-b530-747bae04078e,2039,,"[104.9, 4.7]",3920402,74,,,,,,,,,,,,,,,,,,,,,,,,,2,Regular Play,Mohamed El Amine Amoura,141358.0,Left Wing,110,Algeria,4898,['85b61fe8-cea4-4d6c-ba4c-cf4208302dc8'],39,,,,,,,,,,,,,,,,,,,Algeria,4898,00:29:39.485,Dribble,True
,,,,,,,,,,,,,Incomplete,,,,0.0,,,,,,,,,,,,,bf87fd97-69e7-4f62-b769-f2b8c78555ab,2084,,"[43.1, 76.4]",3920402,76,,,,,,,,,,,,,,,,,,,,,,,,,2,Regular Play,Issa Kabore,35471.0,Right Midfield,112,Burkina Faso,4921,['5cbe2cde-0382-4c22-a57c-1b7943e929cd'],59,,,,,,,,,,,,,,,,,,,Burkina Faso,4921,00:31:59.251,Dribble,True
,,,,,,,,,,,,,Incomplete,,,,0.0,,,,,,,,,,,,,8e17aebe-1e24-458d-8b3c-cc11e21ddc24,2099,,"[91.7, 2.0]",3920402,77,,,,,,,,,,,,,,,,,,,,,,,,,2,Regular Play,Mohamed El Amine Amoura,141358.0,Left Wing,114,Algeria,4898,['d669b945-06ac-4668-a53c-bd2b6b982746'],27,,,,,,,,,,,,,,,,,,,Algeria,4898,00:32:27.562,Dribble,True
,,,,,,,,,,,,,Incomplete,,,,0.0,,,,,,,,,,,,,e90b599a-522e-4861-b8a0-2971894998f4,2194,,"[100.6, 77.0]",3920402,81,,,,,,,,,,,,,,,,,,,,,,,,,2,Regular Play,Adam Ounas,10448.0,Right Midfield,121,Algeria,4898,['3b4df4b7-f139-453d-b9de-85b2daa2cdc0'],42,,,,,,,,,,,,,,,,,,,Algeria,4898,00:36:42.211,Dribble,True
,,,,,,,,,,,,,Complete,,,,0.0,,,,,,,,,,,,,6c037365-af6a-4e89-9176-1c14e57d2ad9,2385,,"[77.5, 1.6]",3920402,88,,,,,,,,,,,,,,,,,,,,,,,,,2,Regular Play,Mohamed El Amine Amoura,141358.0,Left Midfield,135,Algeria,4898,['878372ae-c4cd-46f4-8425-adaaff9efe47'],14,,,,,,,,,,,,,,,,,,,Algeria,4898,00:43:14.046,Dribble,True
,,,,,,,,,,,,,,,,,0.0,,,,,,,,,,,,,432509d4-35a9-4b56-bd61-a35b432c1346,94,,"[39.9, 19.2]",3920402,2,,,,,,,,,,,,,,,,,,,,,,,,,1,From Throw In,Ibrahim Blati Touré,23999.0,Left Defensive Midfield,4,Algeria,4898,['9e49a4dc-d60a-4fd8-a8f5-0ce2a38def25'],2,,,,,,,,,,,,,,,,,,,Burkina Faso,4921,00:02:02.279,Dispossessed,True
,,,,,,,,,,,,,,,,,0.0,,,,,,,,,,,,,b50c8bbd-f276-4999-896d-a3014d998db0,99,,"[81.7, 56.4]",3920402,2,,,,,,,,,,,,,,,,,,,,,,,,,1,From Throw In,Sofiane Feghouli,18724.0,Center Attacking Midfield,4,Algeria,4898,"['90c76f4e-ecf9-4c67-8c60-f9ecac7d6e7d', 'f84be87f-5392-4b27-95f9-650d3cf61db4']",3,,,,,,,,,,,,,,,,,,,Algeria,4898,00:02:03.695,Dispossessed,True
,,,,,,,,,,,,,,,,,0.0,,,,,,,,,,,,,209bc146-4b80-4486-b99b-271eeda391e0,119,,"[114.2, 67.5]",3920402,2,,,,,,,,,,,,,,,,,,,,,,,,,1,From Free Kick,Issa Kabore,35471.0,Right Wing,6,Burkina Faso,4921,['af621b8a-7d70-45ee-8114-bdb05da68ec3'],42,,,,,,,,,,,,,,,,,,,Burkina Faso,4921,00:02:42.969,Dispossessed,True
,,,,,,,,,,,,,,,,,0.0,,,,,,,,,,,,,319ed848-7972-4c0c-9b8b-35bd8f833b6b,154,,"[90.2, 7.2]",3920402,3,,,,,,,,,,,,,,,,,,,,,,,,,1,Regular Play,Baghdad Bounedjah,103465.0,Center Forward,7,Algeria,4898,['24306919-923a-42a1-88e7-8f55ea108ccf'],24,,,,,,,,,,,,,,,,,,,Algeria,4898,00:03:24.717,Dispossessed,True
,,,,,,,,,,,,,,,,,0.0,,,,,,,,,,,,,743b3d5d-f9aa-4c64-bc44-49f21f142b53,582,,"[67.3, 58.2]",3920402,15,,,,,,,,,,,,,,,,,,,,,,,,,1,From Keeper,Riyad Mahrez,3814.0,Right Wing,27,Burkina Faso,4921,"['60f9653e-f998-47f9-9b77-a8f212a06c63', '7a102d53-43c7-4ed1-ae57-ff327c05beb8']",15,,,,,,,,,,,,,,,,,,,Algeria,4898,00:15:15.390,Dispossessed,True
,,,,,,,,,,,,,,,,,0.0,,,,,,,,,,,,,638d2283-a8f5-415f-b006-5e570e0e5d31,624,,"[110.8, 29.6]",3920402,17,,,,,,,,,,,,,,,,,,,,,,,,,1,From Free Kick,Mohamed Youcef Belaïli,103464.0,Left Wing,29,Algeria,4898,['50ece68f-9092-4d62-8008-fca3936e8532'],59,,,,,,,,,,,,,,,,,,,Algeria,4898,00:17:59.823,Dispossessed,True
,,,,,,,,,,,,,,,,,0.0,,,,,,,,,,,,,005541c0-047d-4dc2-9d54-efcc769b60b0,654,,"[110.6, 76.0]",3920402,18,,,,,,,,,,,,,,,,,,,,,,,,,1,From Free Kick,Youcef Atal,10040.0,Right Back,29,Algeria,4898,"['701ffecb-b420-4280-bc62-ab4f857c7a45', 'ad5b1f6b-2ae7-46c1-a2dd-e56b8f2019f4']",28,,,,,,,,,,,,,,,,,,,Algeria,4898,00:18:28.154,Dispossessed,True
,,,,,,,,,,,,,,,,,0.0,,,,,,,,,,,,,55291e01-5960-4e16-9723-94158e1df9b1,783,,"[63.2, 10.0]",3920402,25,,,,,,,,,,,,,,,,,,,,,,,,,1,From Goal Kick,Steeve Yago,3035.0,Left Back,37,Burkina Faso,4921,"['cdc40716-55d6-433f-99b2-1298c0a4fe01', '655e9622-43bc-49c7-8577-98059998fc39']",53,,,,,,,,,,,,,,,,,,,Burkina Faso,4921,00:25:53.976,Dispossessed,True
,,,,,,,,,,,,,,,,,0.098511,,,,,,,,,,,,,31478f30-8057-4b14-bdf0-1cf12ec86fdd,1120,,"[72.5, 61.1]",3920402,37,,,,,,,,,,,,,,,,,,,,,,,,,1,From Free Kick,Gustavo Fabrice Sangaré,45466.0,Center Attacking Midfield,50,Burkina Faso,4921,"['467c7a87-8625-47b0-833a-696e529b4c2b', '8cf8eb9b-1fc2-43a9-b321-d9f998d1b3c3']",30,,,,,,,,,,,,,,,,,,,Burkina Faso,4921,00:37:30.137,Dispossessed,True
,,,,,,,,,,,,,,,,,0.0,,,,,,,,,,,,,1eb4c129-8df9-42eb-bd39-527e4adadfc3,1175,,"[33.8, 76.4]",3920402,40,,,,,,,,,,,,,,,,,,,,,,,,,1,Regular Play,Adamo Nagalo,99280.0,Right Back,54,Algeria,4898,['0a6975d0-9087-4ced-977a-cf81e95d4a18'],3,,,,,,,,,,,,,,,,,,,Burkina Faso,4921,00:40:03.409,Dispossessed,True
,,,,,,,,,,,,,,,,,0.0,,,,,,,,,,,,,4c946caf-4406-4c9a-b36f-89100c91f0c0,1287,,"[90.1, 41.9]",3920402,42,,,,,,,,,,,,,,,,,,,,,,,,,1,From Goal Kick,Mohamed Konaté,43920.0,Center Forward,58,Burkina Faso,4921,"['c3882ca7-ebd7-4c6a-9705-dc21fceb7c8b', '0ef40e22-a102-4140-8dbe-f01f73fef8f5']",47,,,,,,,,,,,,,,,,,,,Burkina Faso,4921,00:42:47.964,Dispossessed,True
,,,,,,,,,,,,,,,,,0.893867,,,,,,,,,,,,,34c5bdf4-1626-47c1-82f1-25bcbc9b7199,1454,,"[85.4, 77.3]",3920402,45,,,,,,,,,,,,,,,,,,,,,,,,,2,From Kick Off,Issa Kabore,35471.0,Right Midfield,70,Burkina Faso,4921,['3e27eaff-4610-43bc-911d-4b0899d20cec'],9,,,,,,,,,,,,,,,,,,,Burkina Faso,4921,00:00:09.455,Dispossessed,True
,,,,,,,,,,,,,,,,,0.0,,,,,,,,,,,,,de69125b-b300-459e-976a-5690f2f3159c,1663,,"[117.7, 63.8]",3920402,56,,,,,,,,,,,,,,,,,,,,,,,,,2,From Throw In,Mohamed Konaté,43920.0,Center Forward,91,Burkina Faso,4921,"['59ed4256-dc52-4fe2-86db-9b7b4e22732c', '68c5fc95-388d-4b88-87db-d4920b5827a2']",27,,,,,,,,,,,,,,,,,,,Burkina Faso,4921,00:11:27.470,Dispossessed,True
,,,,,,,,,,,,,,,,,0.0,,,,,,,,,,,,,ac6c1248-59ac-45ca-87d2-51fd3cf87121,1758,,"[2.0, 10.5]",3920402,60,,,,,,,,,,,,,,,,,,,,,,,,,2,From Goal Kick,Rayan Aït Nouri,12111.0,Left Back,93,Burkina Faso,4921,['f4ad41a1-de52-45ef-b991-e1d5b5410d46'],10,,,,,,,,,,,,,,,,,,,Algeria,4898,00:15:10.732,Dispossessed,True
,,,,,,,,,,,,,,,,,0.0,,,,,,,,,,,,,2c76ebc8-4de7-4a26-8cb7-9ed8b948371e,1791,,"[69.1, 30.4]",3920402,60,,,,,,,,,,,,,,,,,,,,,,,,,2,Regular Play,Ismahila Ouédraogo,106681.0,Center Defensive Midfield,95,Burkina Faso,4921,"['b4502347-bea2-4fd4-aa64-fbeb7accd772', 'd76f3092-ec8a-46a7-9e64-dcd4cf4957c0']",41,,,,,,,,,,,,,,,,,,,Burkina Faso,4921,00:15:41.517,Dispossessed,True
,,,,,,,,,,,,,,,,,0.0,,,,,,,,,,,,,72754c5d-05f9-46cd-bd7b-ab2087234ea1,1848,,"[65.6, 40.5]",3920402,63,,,,,,,,,,,,,,,,,,,,,,,,,2,From Free Kick,Ibrahim Blati Touré,23999.0,Left Center Midfield,100,Burkina Faso,4921,"['bc509560-d8b0-4d56-904f-bd9b3b01a787', '7bac2620-0aa8-49a3-9d3c-a30652043e3a']",28,,,,,,,,,,,,,,,,,,,Burkina Faso,4921,00:18:28.214,Dispossessed,True
,,,,,,,,,,,,,,,,,0.0,,,,,,,,,,,,,99050eac-6f62-4039-af85-1ee43a47bad7,2123,,"[118.8, 67.3]",3920402,77,,,,,,,,,,,,,,,,,,,,,,,,,2,From Throw In,Adam Ounas,10448.0,Right Wing,115,Algeria,4898,['3fddc584-0694-40ef-a853-941f518fcd35'],58,,,,,,,,,,,,,,,,,,,Algeria,4898,00:32:58.444,Dispossessed,True
,,,,,,,,,,,,,,,,,0.0,,,,,,,,,,,,,0192e15a-b93d-46f1-b010-8a497d935bde,2293,,"[58.2, 59.2]",3920402,85,,,,,,,,,,,,,,,,,,,,,,,,,2,From Counter,Issa Kabore,35471.0,Right Midfield,128,Burkina Faso,4921,['001dc6da-66a9-43b0-aefd-5f8d3fb62424'],1,,,,,,,,,,,,,,,,,,,Burkina Faso,4921,00:40:01.375,Dispossessed,True
,,,,,,,,,,,,,,,,,0.0,,,,,,,,,,,,,4c0e35ad-561d-4d9b-bfd8-cf2b740907b4,2329,,"[109.3, 58.2]",3920402,86,,,,,,,,,,,,,,,,,,,,,,,,,2,From Throw In,Adam Ounas,10448.0,Right Midfield,130,Algeria,4898,"['79bd508d-b79b-45c2-804e-b00d62856c01', '1ea38aa9-0d3d-4a7f-a662-19839bf310aa']",8,,,,,,,,,,,,,,,,,,,Algeria,4898,00:41:08.237,Dispossessed,True
,,,,,,,,,,,,,,,,,0.0,,,,,,,,,,,,,0b4aa812-cbd5-4ca0-87e5-0669f09d6ef3,2411,,"[99.9, 46.3]",3920402,88,,,,,,,,,,,,,,,,,,,,,,,,,2,From Counter,Issa Kabore,35471.0,Right Midfield,136,Burkina Faso,4921,"['ee5a0a69-a5a2-4add-bfc8-f9aa797c70ce', 'f6260dba-b719-4009-9745-c8557e67b790']",37,,,,,,,,,,,,,,,,,,,Burkina Faso,4921,00:43:37.591,Dispossessed,True
,,,,,,,,,,,,,,,,,0.0,,,,,,,,,,,,,e6f3eee6-ac66-498f-a7a5-46795b28a3db,2583,,"[84.3, 11.3]",3920402,97,,,,,,,,,,,,,,,,,,,,,,,,,2,From Free Kick,Mohamed El Amine Amoura,141358.0,Left Midfield,151,Burkina Faso,4921,['ae0e5f6c-9c96-49f7-b58e-1b1da952250f'],21,,,,,,,,,,,,,,,,,,,Algeria,4898,00:52:21.673,Dispossessed,True
,,,,,,,,,,,,True,,,,,0.0,,,,,,,,,,,,,903cdb3f-a36d-41db-8388-04bc3cdf3b45,103,,"[82.6, 55.6]",3920402,2,,,,,,,,,,,,,,,,,,,,,,,,,1,Regular Play,Baghdad Bounedjah,103465.0,Center Forward,5,Burkina Faso,4921,['b6233dd2-0e16-48ed-b33f-532762777b39'],5,,,,,,,,,,,,,,,,,,,Algeria,4898,00:02:05.888,Foul Committed,
,,,,,,,,,,,,True,,,,,0.0,,,,,,,,,,,,,af9ad5f1-7819-4da4-ac8a-3b77f19e024b,342,,"[103.6, 11.5]",3920402,8,,,,,,,,,,,,,,,,,,,,,,,,,1,Regular Play,Abdoul Fessal Tapsoba,43705.0,Left Wing,16,Algeria,4898,"['9c37a6c1-15a0-4296-a0a3-363d1722ad07', '4dd541dd-a7d2-4e41-a880-27753cab4120']",1,,,,,,,,,,,,,,,,,,,Burkina Faso,4921,00:08:01.147,Foul Committed,
,,,,,,,,,,,,,,,,,0.0,,,,,,,,,,,,,469a0ccb-9d72-4ed0-bd04-57b6eb5c16ee,403,,"[43.7, 51.1]",3920402,9,,,,,,,,,,,,,,,,,,,,,,,,,1,From Free Kick,Abdoul Fessal Tapsoba,43705.0,Left Wing,17,Algeria,4898,['008b1e7d-b647-48c6-9dc9-40429143ab29'],28,,,,,,,,,,,,,,,,,,,Burkina Faso,4921,00:09:28.455,Foul Committed,
,,,,,,,,,,,,,,,,,0.0,,,,,,,,,,,,,42ac80e9-b503-4228-934f-58c67bb8df9d,424,,"[32.4, 46.3]",3920402,10,,,,,,,,,,,,,,,,,,,,,,,,,1,From Free Kick,Ibrahim Blati Touré,23999.0,Left Defensive Midfield,18,Algeria,4898,['67ceedeb-1509-4620-9690-a3a1856f1dcf'],11,,,,,,,,,,,,,,,,,,,Burkina Faso,4921,00:10:11.200,Foul Committed,
,,,,,,,,,,,,,,,,,0.0,,,,,,,,,,,,,d80c3980-587b-404e-9d40-66aed998ceac,529,,"[56.8, 70.0]",3920402,13,,,,,,,,,,,,,,,,,,,,,,,,,1,Regular Play,Issa Kabore,35471.0,Right Wing,24,Algeria,4898,['d8ccf9d3-6834-4cfe-ae90-570e73f798ee'],16,,,,,,,,,,,,,,,,,,,Burkina Faso,4921,00:13:16.628,Foul Committed,
,,,,,,,,,,,,,,,,,0.0,Yellow Card,,,Dangerous Play,,,,,,,,,8b06503f-f886-4bd1-83b1-7da695ea458b,609,,"[56.3, 69.2]",3920402,16,,,,,,,,,,,,,,,,,,,,,,,,,1,Regular Play,Adamo Nagalo,99280.0,Right Back,28,Algeria,4898,['abf4d8ad-bd3a-4181-b1c3-448fc9aba867'],3,,,,,,,,,,,,,,,,,,,Burkina Faso,4921,00:16:03.496,Foul Committed,
,,,,,,,,,,,,,,,,,0.0,,,,,,,,,,,,,a04359b5-ea29-41e7-a109-7d8777460103,735,,"[69.5, 20.4]",3920402,20,,,,,,,,,,,,,,,,,,,,,,,,,1,Regular Play,Ramy Bensebaini,3191.0,Left Center Back,32,Burkina Faso,4921,['a8225956-8ae2-4fb4-9762-a0288476f0e9'],41,,,,,,,,,,,,,,,,,,,Algeria,4898,00:20:41.027,Foul Committed,
,,,,,,,,,,,,,,,,,0.0,,,,,,,,,,,,,34173162-60a3-41f7-a5cf-c9e8ea94e1e3,743,,"[33.6, 6.6]",3920402,20,,,,,,,,,,,,,,,,,,,,,,,,,1,From Free Kick,Rayan Aït Nouri,12111.0,Left Back,33,Burkina Faso,4921,['4722d5be-5551-456c-9f13-f9ccf2d1897c'],57,,,,,,,,,,,,,,,,,,,Algeria,4898,00:20:57.919,Foul Committed,
,,,,,,,,,,,,,,,,,0.0,Yellow Card,True,,,,,,,,,,,b52f3991-d0e4-4a2d-8998-930ffbd9852d,760,,"[68.5, 51.1]",3920402,22,,,,,,,,,,,,,,,,,,,,,,,,,1,Regular Play,Gustavo Fabrice Sangaré,45466.0,Center Attacking Midfield,35,Burkina Faso,4921,['c04c513b-5c1a-43d8-a107-6a329d0cbf54'],31,,,,,,,,,,,,,,,,,,,Burkina Faso,4921,00:22:31.088,Foul Committed,
,,,,,,,,,,,,,,,,,0.0,,,,,,,,,,,,,f78616ff-eb87-4d4e-8895-ffd0b1aabaee,974,,"[40.6, 34.9]",3920402,31,,,,,,,,,,,,,,,,,,,,,,,,,1,Regular Play,Sofiane Feghouli,18724.0,Center Attacking Midfield,45,Burkina Faso,4921,['61a83721-ad40-47a0-9cf0-0dbc4efcef28'],32,,,,,,,,,,,,,,,,,,,Algeria,4898,00:31:32.344,Foul Committed,
,,,,,,,,,,,,True,,,,,0.0,,,,,,,,,,,,,f31ea7d9-d5fd-4b12-b26b-de688c06b162,1028,,"[116.8, 9.1]",3920402,33,,,,,,,,,,,,,,,,,,,,,,,,,1,From Throw In,Rayan Aït Nouri,12111.0,Left Back,47,Algeria,4898,['639390c6-8c18-43da-bc44-77f558111606'],30,,,,,,,,,,,,,,,,,,,Algeria,4898,00:33:30.201,Foul Committed,
,,,,,,,,,,,,,,,,,0.0,,,,,,,,,,,,,1ffe26be-e012-4785-9475-9f7e6fac55f8,1038,,"[89.4, 73.3]",3920402,35,,,,,,,,,,,,,,,,,,,,,,,,,1,From Free Kick,Issa Kabore,35471.0,Right Wing,48,Burkina Faso,4921,['9a4d1d23-8a20-4900-8c91-bf91435aa54c'],48,,,,,,,,,,,,,,,,,,,Burkina Faso,4921,00:35:48.822,Foul Committed,
,,,,,,,,,,,,,,,,,0.0,,True,,Handball,,,,,,,,,293fd4b8-e478-4ed9-8424-c208ff517662,1073,,"[99.5, 71.3]",3920402,36,,,,,,,,,,,,,,,,,,,,,,,,,1,From Free Kick,Baghdad Bounedjah,103465.0,Center Forward,49,Algeria,4898,,42,,,,,,,,,,,,,,,,,,,Algeria,4898,00:36:42.115,Foul Committed,
,,,,,,,,,,,,,,,,,0.0,,,,,,,,,,,,,8736b693-7b1e-4c2a-a09a-5a039b1dbfc8,1336,,"[82.8, 1.0]",3920402,44,,,,,,,,,,,,,,,,,,,,,,,,,1,From Throw In,Mohamed Konaté,43920.0,Center Forward,61,Algeria,4898,['7b648ac7-c7d2-4314-a68c-d8d0097ff5a6'],27,,,,,,,,,,,,,,,,,,,Burkina Faso,4921,00:44:27.404,Foul Committed,
,,,,,,,,,,,,,,,,,0.0,,,,,,,,,,,,,a01db0a0-ba06-48f9-a448-cac5a832c0f5,1373,,"[89.0, 74.3]",3920402,45,,,,,,,,,,,,,,,,,,,,,,,,,1,From Throw In,Mohamed Konaté,43920.0,Center Forward,63,Burkina Faso,4921,['880a70a4-3192-4c86-b212-91bc482e0645'],44,,,,,,,,,,,,,,,,,,,Burkina Faso,4921,00:45:44.399,Foul Committed,
,,,,,,,,,,,,,,,,,0.0,,,,,,,,,,,,,e5da0399-d42b-4295-a896-bdfaa6709561,1481,,"[11.5, 6.2]",3920402,45,,,,,,,,,,,,,,,,,,,,,,,,,2,Regular Play,Steeve Yago,3035.0,Left Back,71,Algeria,4898,['9e3fbd51-f825-4da9-ac6b-2f09e127933c'],35,,,,,,,,,,,,,,,,,,,Burkina Faso,4921,00:00:35.055,Foul Committed,
,,,,,,,,,,,,,,,,,0.0,,,,,,,,,,,,,48efdc11-e729-424a-81dd-ac30d75a7939,1505,,"[107.0, 61.1]",3920402,47,,,,,,,,,,,,,,,,,,,,,,,,,2,Regular Play,Mohamed El Amine Amoura,141358.0,Center Attacking Midfield,73,Burkina Faso,4921,['ffc26aa3-eb7f-4134-b942-770551bf5222'],25,,,,,,,,,,,,,,,,,,,Algeria,4898,00:02:25.695,Foul Committed,
,,,,,,,,,,,,True,,,,,0.0,,,,,,,,,,,,,a9ec6d40-4987-4727-bedf-b59d92f638c0,1569,,"[32.8, 56.2]",3920402,49,,,,,,,,,,,,,,,,,,,,,,,,,2,Regular Play,Issoufou Dayo,102800.0,Right Center Back,80,Algeria,4898,"['1baaf46a-c651-439d-97f6-e4b3cf457687', 'd2904b76-3ddc-4bf7-81e5-0b03aea1960c']",38,,,,,,,,,,,,,,,,,,,Burkina Faso,4921,00:04:38.455,Foul Committed,
,,,,,,,,,,,,True,,,,,0.0,,,,,,,,,,,,,30886b3d-0cd7-4421-8953-257324cf4f5d,1588,,"[103.0, 77.0]",3920402,51,,,,,,,,,,,,,,,,,,,,,,,,,2,Regular Play,Gustavo Fabrice Sangaré,45466.0,Right Center Midfield,83,Algeria,4898,['5ca0bddc-855b-4f9a-9560-31a9c12a6f50'],34,,,,,,,,,,,,,,,,,,,Burkina Faso,4921,00:06:34.243,Foul Committed,
,,,,,,,,,,,,True,,,,,0.0,Yellow Card,,,,,,,,,,,,79b12a19-0539-4559-9e20-86713ac4c585,1627,,"[14.9, 5.0]",3920402,52,,,,,,,,,,,,,,,,,,,,,,,,,2,Regular Play,Ramy Bensebaini,3191.0,Left Center Back,87,Burkina Faso,4921,['74998e79-381d-4090-9ee2-2ab73fc64c9c'],51,,,,,,,,,,,,,,,,,,,Algeria,4898,00:07:51.708,Foul Committed,
,,,,,,,,,,,,,,,,,0.0,,,,,,,,,,,,,9ac0212e-9e23-487c-8458-b977f65fc0a2,1765,,"[119.3, 37.4]",3920402,60,,,,,,,,,,,,,,,,,,,,,,,,,2,From Goal Kick,Abdoul Fessal Tapsoba,43705.0,Left Midfield,93,Burkina Faso,4921,['63e464f1-3076-4c62-8965-6c266e0bfb74'],16,,,,,,,,,,,,,,,,,,,Burkina Faso,4921,00:15:16.111,Foul Committed,
,,,,,,,,,,,,,,,,,0.0,Yellow Card,,,,,,,,,,,,c76c26cd-c4b2-4656-b30d-9ea6f4722557,1801,,"[76.6, 64.1]",3920402,60,,,,,,,,,,,,,,,,,,,,,,,,,2,Regular Play,Mohamed Konaté,43920.0,Center Forward,95,Burkina Faso,4921,['c1543ad7-1684-404b-b280-701c80b9f6ed'],54,,,,,,,,,,,,,,,,,,,Burkina Faso,4921,00:15:54.433,Foul Committed,
,,,,,,,,,,,,True,,,,,0.0,,,,,,,,,,,,,c15ec94d-3402-4256-afd7-9d3d36bf52d9,1822,,"[93.8, 77.2]",3920402,62,,,,,,,,,,,,,,,,,,,,,,,,,2,Regular Play,Mohamed El Amine Amoura,141358.0,Center Attacking Midfield,97,Burkina Faso,4921,['ea059458-b562-498b-9682-dd69c96dca57'],9,,,,,,,,,,,,,,,,,,,Algeria,4898,00:17:09.060,Foul Committed,
,,,,,,,,,,,,,,,,,0.0,,,,,,,,,,,,,3af2476f-dec9-455c-a025-8d6faafb68be,1841,,"[68.7, 73.7]",3920402,62,,,,,,,,,,,,,,,,,,,,,,,,,2,From Keeper,Baghdad Bounedjah,103465.0,Center Forward,99,Burkina Faso,4921,['d277de51-867d-47bc-8532-c6baa5ecacb8'],52,,,,,,,,,,,,,,,,,,,Algeria,4898,00:17:52.710,Foul Committed,
,,,,,,,,,,,,,,,,,0.0,,,True,,,,,,,,,,8a5474e5-b156-4293-bc2d-fbdde067f390,1937,,"[11.9, 22.1]",3920402,65,,,,,,,,,,,,,,,,,,,,,,,,,2,From Throw In,Rayan Aït Nouri,12111.0,Left Back,105,Burkina Faso,4921,['f949c211-5750-44a2-b7b0-bd7cd0095f6e'],14,,,,,,,,,,,,,,,,,,,Algeria,4898,00:20:14.607,Foul Committed,
,,,,,,,,,,,,True,,,,,0.0,,,,,,,,,,,,,80624e4f-94e1-4377-b96b-1e3eb785f07b,2218,,"[80.3, 27.0]",3920402,82,,,,,,,,,,,,,,,,,,,,,,,,,2,Regular Play,Rayan Aït Nouri,12111.0,Left Back,123,Burkina Faso,4921,['a1d62249-6e14-4dd4-b6b4-a2383dbb7fdc'],7,,,,,,,,,,,,,,,,,,,Algeria,4898,00:37:07.292,Foul Committed,
,,,,,,,,,,,,True,,,,,0.0,,,,,,,,,,,,,c095bd98-9fd3-4b0c-b89f-4dee5f7116d6,2231,,"[98.9, 19.0]",3920402,83,,,,,,,,,,,,,,,,,,,,,,,,,2,Regular Play,Cédric Badolo,44307.0,Left Midfield,125,Algeria,4898,['830be05c-d072-45f2-8222-90700a0f116a'],52,,,,,,,,,,,,,,,,,,,Burkina Faso,4921,00:38:52.141,Foul Committed,
,,,,,,,,,,,,,,,,,0.0,,,,,,,,,,,,,f8dc0281-fa8e-4972-a04c-efc35961cfb8,2361,,"[98.2, 47.2]",3920402,87,,,,,,,,,,,,,,,,,,,,,,,,,2,From Goal Kick,Ramiz Larbi Zerrouki,38345.0,Right Defensive Midfield,133,Algeria,4898,['341c360d-f36c-4e49-84d5-55faad5041fa'],17,,,,,,,,,,,,,,,,,,,Algeria,4898,00:42:17.043,Foul Committed,
,,,,,,,,,,,,,,,,,0.0,,,,,,,,,,,,,0d465690-59fa-423a-896a-4d44b6e2380d,2480,,"[75.7, 15.5]",3920402,90,,,,,,,,,,,,,,,,,,,,,,,,,2,From Goal Kick,Bertrand Isidore Traoré,2956.0,Center Forward,139,Algeria,4898,['774f8230-cf54-4903-af61-02cf1ccb3f99'],58,,,,,,,,,,,,,,,,,,,Burkina Faso,4921,00:45:58.280,Foul Committed,
,,,,,,,,,,,,,,,,,0.0,Yellow Card,,,,,,,,,,,,9bbf8780-0205-420e-8096-587d9475ec79,2503,,"[5.7, 70.5]",3920402,91,,,,,,,,,,,,,,,,,,,,,,,,,2,From Free Kick,Yacouba Nasser Djiga,136948.0,Right Back,140,Algeria,4898,['2a0d4348-9077-4927-b019-26f5874fe750'],35,,,,,,,,,,,,,,,,,,,Burkina Faso,4921,00:46:35.769,Foul Committed,
,,,,,,,,,,,,,,,,,0.0,Yellow Card,True,,,,,,,,,,,4d5910c2-f281-4fdc-83cb-3811d5ca3cfc,2594,,"[49.7, 51.8]",3920402,97,,,,,,,,,,,,,,,,,,,,,,,,,2,From Free Kick,Ibrahim Blati Touré,23999.0,Left Center Midfield,151,Burkina Faso,4921,['6a66acd5-9792-40cb-92f0-b77b5c3373c7'],27,,,,,,,,,,,,,,,,,,,Burkina Faso,4921,00:52:27.402,Foul Committed,
,,,,,,,,,,,,,,,,,0.0,,,,,,,,,,,,,b6233dd2-0e16-48ed-b33f-532762777b39,104,,"[37.5, 24.5]",3920402,2,,,,,,,,,,,,,,,,,,,,,,,,,1,Regular Play,Adama Guira,24411.0,Right Defensive Midfield,5,Burkina Faso,4921,['903cdb3f-a36d-41db-8388-04bc3cdf3b45'],5,,,,,,,,,,,,,,,,,,,Burkina Faso,4921,00:02:05.888,Foul Won,True
,,,,,,,,,,,,,,,,,0.0,,,,,,,,,,,,,4dd541dd-a7d2-4e41-a880-27753cab4120,343,,"[16.5, 68.6]",3920402,8,,,,,,,,,,,,,,,,,,,,,,,,,1,Regular Play,Youcef Atal,10040.0,Right Back,16,Algeria,4898,['af9ad5f1-7819-4da4-ac8a-3b77f19e024b'],1,,,,,,,,,,,,,,,,,,,Algeria,4898,00:08:01.147,Foul Won,True
,,,,,,,,,,,,,,,,,0.0,,,,,,,,,,,,,008b1e7d-b647-48c6-9dc9-40429143ab29,404,,"[76.4, 29.0]",3920402,9,,,,,,,,,,,,,,,,,,,,,,,,,1,From Free Kick,Sofiane Feghouli,18724.0,Center Attacking Midfield,17,Algeria,4898,['469a0ccb-9d72-4ed0-bd04-57b6eb5c16ee'],28,,,,,,,,,,,,,,,,,,,Algeria,4898,00:09:28.455,Foul Won,True
,,,,,,,,,,,,,,,,,0.0,,,,,,,,,,,,,67ceedeb-1509-4620-9690-a3a1856f1dcf,425,,"[87.7, 33.8]",3920402,10,,,,,,,,,,,,,,,,,,,,,,,,,1,From Free Kick,Riyad Mahrez,3814.0,Right Wing,18,Algeria,4898,['42ac80e9-b503-4228-934f-58c67bb8df9d'],11,,,,,,,,,,,,,,,,,,,Algeria,4898,00:10:11.200,Foul Won,True
,,,,,,,,,,,,,,,,,0.0,,,,,,,,,,,,,d8ccf9d3-6834-4cfe-ae90-570e73f798ee,530,,"[63.3, 10.1]",3920402,13,,,,,,,,,,,,,,,,,,,,,,,,,1,Regular Play,Rayan Aït Nouri,12111.0,Left Back,24,Algeria,4898,"['d80c3980-587b-404e-9d40-66aed998ceac', 'aee8514e-bd43-4f64-809d-ae3937cdae9c']",16,,,,,,,,,,,,,,,,,,,Algeria,4898,00:13:16.628,Foul Won,True
,,,,,,,,,,,,,,,,,0.0,,,,,True,,,,,,,,abf4d8ad-bd3a-4181-b1c3-448fc9aba867,610,,"[63.8, 10.9]",3920402,16,,,,,,,,,,,,,,,,,,,,,,,,,1,Regular Play,Mohamed Youcef Belaïli,103464.0,Left Wing,28,Algeria,4898,['8b06503f-f886-4bd1-83b1-7da695ea458b'],3,,,,,,,,,,,,,,,,,,,Algeria,4898,00:16:03.496,Foul Won,True
,,,,,,,,,,,,,,,,,0.0,,,,,True,,,,,,,,a8225956-8ae2-4fb4-9762-a0288476f0e9,736,,"[50.6, 59.7]",3920402,20,,,,,,,,,,,,,,,,,,,,,,,,,1,Regular Play,Mohamed Konaté,43920.0,Center Forward,32,Burkina Faso,4921,['a04359b5-ea29-41e7-a109-7d8777460103'],41,,,,,,,,,,,,,,,,,,,Burkina Faso,4921,00:20:41.027,Foul Won,True
,,,,,,,,,,,,,,,,,0.0,,,,,,,,,,,,,4722d5be-5551-456c-9f13-f9ccf2d1897c,744,,"[86.5, 73.5]",3920402,20,,,,,,,,,,,,,,,,,,,,,,,,,1,From Free Kick,Issa Kabore,35471.0,Right Wing,33,Burkina Faso,4921,"['34173162-60a3-41f7-a5cf-c9e8ea94e1e3', '480e2883-3f38-4271-a032-0a90ed961552']",57,,,,,,,,,,,,,,,,,,,Burkina Faso,4921,00:20:57.919,Foul Won,True
,,,,,,,,,,,,,,,,,0.0,,,,,True,,,,,,,,c04c513b-5c1a-43d8-a107-6a329d0cbf54,761,,"[51.6, 29.0]",3920402,22,,,,,,,,,,,,,,,,,,,,,,,,,1,Regular Play,Mohamed Youcef Belaïli,103464.0,Left Wing,35,Burkina Faso,4921,['b52f3991-d0e4-4a2d-8998-930ffbd9852d'],31,,,,,,,,,,,,,,,,,,,Algeria,4898,00:22:31.088,Foul Won,
,,,,,,,,,,,,,,,,,0.0,,,,,,,,,,,,,61a83721-ad40-47a0-9cf0-0dbc4efcef28,975,,"[79.5, 45.2]",3920402,31,,,,,,,,,,,,,,,,,,,,,,,,,1,Regular Play,Ibrahim Blati Touré,23999.0,Left Defensive Midfield,45,Burkina Faso,4921,"['f78616ff-eb87-4d4e-8895-ffd0b1aabaee', '2700c13f-4171-4d50-af86-2e56297f36ef']",32,,,,,,,,,,,,,,,,,,,Burkina Faso,4921,00:31:32.344,Foul Won,True
,,,,,,,,,,,,,,,,,0.0,,,,,,,,,,,,,639390c6-8c18-43da-bc44-77f558111606,1029,,"[3.3, 71.0]",3920402,33,,,,,,,,,,,,,,,,,,,,,,,,,1,From Throw In,Adamo Nagalo,99280.0,Right Back,47,Algeria,4898,"['f31ea7d9-d5fd-4b12-b26b-de688c06b162', 'fb837573-b70f-44c9-abb9-92c6b6572ec8']",30,,,,,,,,,,,,,,,,,,,Burkina Faso,4921,00:33:30.201,Foul Won,True
,,,,,,,,,,,,,,,,,0.0,,,,,True,,,,,,,,9a4d1d23-8a20-4900-8c91-bf91435aa54c,1039,,"[30.7, 6.8]",3920402,35,,,,,,,,,,,,,,,,,,,,,,,,,1,From Free Kick,Rayan Aït Nouri,12111.0,Left Back,48,Burkina Faso,4921,"['a6992ab7-cbe2-4d27-9528-a90a07c0fbb7', '1ffe26be-e012-4785-9475-9f7e6fac55f8']",48,,,,,,,,,,,,,,,,,,,Algeria,4898,00:35:48.822,Foul Won,True
,,,,,,,,,,,,,,,,,0.0,,,,,,,,,,,,,7b648ac7-c7d2-4314-a68c-d8d0097ff5a6,1337,,"[37.3, 79.1]",3920402,44,,,,,,,,,,,,,,,,,,,,,,,,,1,From Throw In,Youcef Atal,10040.0,Right Back,61,Algeria,4898,['8736b693-7b1e-4c2a-a09a-5a039b1dbfc8'],27,,,,,,,,,,,,,,,,,,,Algeria,4898,00:44:27.404,Foul Won,True
,,,,,,,,,,,,,,,,,0.0,,,,,True,,,,,,,,880a70a4-3192-4c86-b212-91bc482e0645,1374,,"[31.1, 5.8]",3920402,45,,,,,,,,,,,,,,,,,,,,,,,,,1,From Throw In,Ramy Bensebaini,3191.0,Left Center Back,63,Burkina Faso,4921,['a01db0a0-ba06-48f9-a448-cac5a832c0f5'],44,,,,,,,,,,,,,,,,,,,Algeria,4898,00:45:44.399,Foul Won,True
,,,,,,,,,,,,,,,,,0.0,,,,,,,,,,,,,9e3fbd51-f825-4da9-ac6b-2f09e127933c,1482,,"[108.6, 73.9]",3920402,45,,,,,,,,,,,,,,,,,,,,,,,,,2,Regular Play,Mohamed El Amine Amoura,141358.0,Center Attacking Midfield,71,Algeria,4898,['e5da0399-d42b-4295-a896-bdfaa6709561'],35,,,,,,,,,,,,,,,,,,,Algeria,4898,00:00:35.055,Foul Won,True
,,,,,,,,,,,,,,,,,0.0,,,,,,,,,,,,,ffc26aa3-eb7f-4134-b942-770551bf5222,1506,,"[13.1, 19.0]",3920402,47,,,,,,,,,,,,,,,,,,,,,,,,,2,Regular Play,Edmond Fayçal Tapsoba,30606.0,Left Center Back,73,Burkina Faso,4921,['48efdc11-e729-424a-81dd-ac30d75a7939'],25,,,,,,,,,,,,,,,,,,,Burkina Faso,4921,00:02:25.695,Foul Won,True
,,,,,,,,,,,,,,,,,0.0,,,,,,,,,,,,,1baaf46a-c651-439d-97f6-e4b3cf457687,1570,,"[87.3, 23.9]",3920402,49,,,,,,,,,,,,,,,,,,,,,,,,,2,Regular Play,Baghdad Bounedjah,103465.0,Center Forward,80,Algeria,4898,['a9ec6d40-4987-4727-bedf-b59d92f638c0'],38,,,,,,,,,,,,,,,,,,,Algeria,4898,00:04:38.455,Foul Won,True
,,,,,,,,,,,,,,,,,0.0,,,,,,,,,,,,,5ca0bddc-855b-4f9a-9560-31a9c12a6f50,1589,,"[17.1, 3.1]",3920402,51,,,,,,,,,,,,,,,,,,,,,,,,,2,Regular Play,Ramy Bensebaini,3191.0,Left Center Back,83,Algeria,4898,"['30886b3d-0cd7-4421-8953-257324cf4f5d', '9f9baf9b-5a17-4366-a45d-6b6dd49baca4']",34,,,,,,,,,,,,,,,,,,,Algeria,4898,00:06:34.243,Foul Won,True
,,,,,,,,,,,,,,,,,0.0,,,,,,,,,,,,,74998e79-381d-4090-9ee2-2ab73fc64c9c,1628,,"[105.2, 75.1]",3920402,52,,,,,,,,,,,,,,,,,,,,,,,,,2,Regular Play,Issa Kabore,35471.0,Right Midfield,87,Burkina Faso,4921,"['435cbaa1-0124-4a48-8d93-8c2671e0ca85', '79b12a19-0539-4559-9e20-86713ac4c585']",51,,,,,,,,,,,,,,,,,,,Burkina Faso,4921,00:07:51.708,Foul Won,True
,,,,,,,,,,,,,,,,,0.0,,,,,True,,,,,,,,63e464f1-3076-4c62-8965-6c266e0bfb74,1766,,"[0.8, 42.7]",3920402,60,,,,,,,,,,,,,,,,,,,,,,,,,2,From Goal Kick,Anthony Louis Mandréa,41381.0,Goalkeeper,93,Burkina Faso,4921,['9ac0212e-9e23-487c-8458-b977f65fc0a2'],16,,,,,,,,,,,,,,,,,,,Algeria,4898,00:15:16.111,Foul Won,True
,,,,,,,,,,,,,,,,,0.0,,,,,True,,,,,,,,c1543ad7-1684-404b-b280-701c80b9f6ed,1802,,"[43.5, 16.0]",3920402,60,,,,,,,,,,,,,,,,,,,,,,,,,2,Regular Play,Ramy Bensebaini,3191.0,Left Center Back,95,Burkina Faso,4921,['c76c26cd-c4b2-4656-b30d-9ea6f4722557'],54,,,,,,,,,,,,,,,,,,,Algeria,4898,00:15:54.433,Foul Won,True
,,,,,,,,,,,,,,,,,0.0,,,,,,,,,,,,,ea059458-b562-498b-9682-dd69c96dca57,1823,,"[26.3, 2.9]",3920402,62,,,,,,,,,,,,,,,,,,,,,,,,,2,Regular Play,Steeve Yago,3035.0,Left Back,97,Burkina Faso,4921,"['31ae5aac-6b96-4fa6-be9a-5e4cd41ba6c0', 'c15ec94d-3402-4256-afd7-9d3d36bf52d9']",9,,,,,,,,,,,,,,,,,,,Burkina Faso,4921,00:17:09.060,Foul Won,True
,,,,,,,,,,,,,,,,,0.0,,,,,,,,,,,,,d277de51-867d-47bc-8532-c6baa5ecacb8,1842,,"[51.4, 6.4]",3920402,62,,,,,,,,,,,,,,,,,,,,,,,,,2,From Keeper,Edmond Fayçal Tapsoba,30606.0,Left Center Back,99,Burkina Faso,4921,"['245a1461-4474-4d85-9f96-954ae139f5cf', '3af2476f-dec9-455c-a025-8d6faafb68be']",52,,,,,,,,,,,,,,,,,,,Burkina Faso,4921,00:17:52.710,Foul Won,True
,,,,,,,,,,,,,,,,,0.0,,,,,,True,,,,,,,f949c211-5750-44a2-b7b0-bd7cd0095f6e,1938,,"[108.2, 58.0]",3920402,65,,,,,,,,,,,,,,,,,,,,,,,,,2,From Throw In,Issa Kabore,35471.0,Right Midfield,105,Burkina Faso,4921,"['eceb6433-bf1b-4bf0-8a97-e79007778d7e', '8a5474e5-b156-4293-bc2d-fbdde067f390']",14,,,,,,,,,,,,,,,,,,,Burkina Faso,4921,00:20:14.607,Foul Won,True
,,,,,,,,,,,,,,,,,0.0,,,,,,,,,,,,,a1d62249-6e14-4dd4-b6b4-a2383dbb7fdc,2219,,"[39.8, 53.1]",3920402,82,,,,,,,,,,,,,,,,,,,,,,,,,2,Regular Play,Bertrand Isidore Traoré,2956.0,Center Forward,123,Burkina Faso,4921,['80624e4f-94e1-4377-b96b-1e3eb785f07b'],7,,,,,,,,,,,,,,,,,,,Burkina Faso,4921,00:37:07.292,Foul Won,True
,,,,,,,,,,,,,,,,,0.0,,,,,,,,,,,,,830be05c-d072-45f2-8222-90700a0f116a,2232,,"[21.2, 61.1]",3920402,83,,,,,,,,,,,,,,,,,,,,,,,,,2,Regular Play,Ramiz Larbi Zerrouki,38345.0,Right Defensive Midfield,125,Algeria,4898,"['6143ce11-93ee-4d3a-889e-45695eff015a', 'c095bd98-9fd3-4b0c-b89f-4dee5f7116d6']",52,,,,,,,,,,,,,,,,,,,Algeria,4898,00:38:52.141,Foul Won,True
,,,,,,,,,,,,,,,,,0.0,,,,,True,,,,,,,,341c360d-f36c-4e49-84d5-55faad5041fa,2362,,"[21.9, 32.9]",3920402,87,,,,,,,,,,,,,,,,,,,,,,,,,2,From Goal Kick,Dramane Salou,408160.0,Right Center Midfield,133,Algeria,4898,['f8dc0281-fa8e-4972-a04c-efc35961cfb8'],17,,,,,,,,,,,,,,,,,,,Burkina Faso,4921,00:42:17.043,Foul Won,True
,,,,,,,,,,,,,,,,,0.0,,,,,True,,,,,,,,774f8230-cf54-4903-af61-02cf1ccb3f99,2481,,"[44.4, 64.6]",3920402,90,,,,,,,,,,,,,,,,,,,,,,,,,2,From Goal Kick,Aïssa Mandi,6648.0,Right Center Back,139,Algeria,4898,['0d465690-59fa-423a-896a-4d44b6e2380d'],58,,,,,,,,,,,,,,,,,,,Algeria,4898,00:45:58.280,Foul Won,True
,,,,,,,,,,,,,,,,,0.0,,,,,,,,,,,,,2a0d4348-9077-4927-b019-26f5874fe750,2504,,"[114.4, 9.6]",3920402,91,,,,,,,,,,,,,,,,,,,,,,,,,2,From Free Kick,Mohamed El Amine Amoura,141358.0,Left Midfield,140,Algeria,4898,['9bbf8780-0205-420e-8096-587d9475ec79'],35,,,,,,,,,,,,,,,,,,,Algeria,4898,00:46:35.769,Foul Won,True
,,,,,,,,,,,,,,,,,0.0,,,,,True,,,,,,,,6a66acd5-9792-40cb-92f0-b77b5c3373c7,2595,,"[70.4, 28.3]",3920402,97,,,,,,,,,,,,,,,,,,,,,,,,,2,From Free Kick,Ramy Bensebaini,3191.0,Left Center Back,151,Burkina Faso,4921,['4d5910c2-f281-4fdc-83cb-3811d5ca3cfc'],27,,,,,,,,,,,,,,,,,,,Algeria,4898,00:52:27.402,Foul Won,
"{'outcome': {'id': 1, 'name': 'Lost'}}",,,,,,,,,,,,,,,,,0.0,,,,,,,,,,,,,bf093bba-4999-4c32-a696-0be68f676597,114,,"[6.7, 8.1]",3920402,2,,,,,,,,,,,,,,,,,,,,,,,,,1,From Free Kick,Rayan Aït Nouri,12111.0,Left Back,6,Burkina Faso,4921,"['da9d326a-c799-4a41-a66e-3de7b9405f4e', '496a0713-d99f-4cdf-8de6-74c81d4fb809']",41,,,,,,,,,,,,,,,,,,,Algeria,4898,00:02:41.341,50/50,True
"{'outcome': {'id': 4, 'name': 'Won'}}",,,,,,,,,,,,,,,,,0.0,,,,,,,,,,,,,da9d326a-c799-4a41-a66e-3de7b9405f4e,115,,"[113.4, 72.0]",3920402,2,,,,,,,,,,,,,,,,,,,,,,,,,1,From Free Kick,Issa Kabore,35471.0,Right Wing,6,Burkina Faso,4921,['bf093bba-4999-4c32-a696-0be68f676597'],41,,,,,,,,,,,,,,,,,,,Burkina Faso,4921,00:02:41.341,50/50,True
"{'outcome': {'id': 1, 'name': 'Lost'}}",,,,,,,,,,,,,,,,,0.0,,,,,,,,,,,,,d295f376-b223-4538-bd78-24aa1ffa9c24,968,,"[49.1, 23.8]",3920402,31,,,,,,,,,,,,,,,,,,,,,,,,,1,Regular Play,Mohamed Youcef Belaïli,103464.0,Left Wing,45,Burkina Faso,4921,"['6fd98d00-3a5f-4e91-a347-1622e1adff01', '43281ad1-6276-427f-94de-8ac9f4e93ea1']",26,,,,,,,,,,,,,,,,,,,Algeria,4898,00:31:26.400,50/50,True
"{'outcome': {'id': 4, 'name': 'Won'}}",,,,,,,,,,,,,,,,,0.0,,,,,,,,,,,,,43281ad1-6276-427f-94de-8ac9f4e93ea1,969,,"[71.0, 56.3]",3920402,31,,,,,,,,,,,,,,,,,,,,,,,,,1,Regular Play,Ibrahim Blati Touré,23999.0,Left Defensive Midfield,45,Burkina Faso,4921,['d295f376-b223-4538-bd78-24aa1ffa9c24'],26,,,,,,,,,,,,,,,,,,,Burkina Faso,4921,00:31:26.400,50/50,True
,,,,,,,,,,,,,,,,,0.0,,,,,,,,,,,,,0e88f38a-33d3-4409-9a1f-30206ad28bd0,174,,"[54.8, 70.8]",3920402,3,,,True,,,,,,,,,,,,,,,,,,,,,,1,Regular Play,Riyad Mahrez,3814.0,Right Wing,8,Burkina Faso,4921,['14fff89c-51a7-476d-8e92-3d17b2be8317'],42,,,,,,,,,,,,,,,,,,,Algeria,4898,00:03:42.001,Miscontrol,True
,,,,,,,,,,,,,,,,,0.0,,,,,,,,,,,,,9e2721fd-56d5-4580-b153-b1d9ea93f329,232,,"[71.7, 30.4]",3920402,5,,,,,,,,,,,,,,,,,,,,,,,,,1,From Goal Kick,Gustavo Fabrice Sangaré,45466.0,Center Attacking Midfield,11,Burkina Faso,4921,,31,,,,,,,,,,,,,,,,,,,Burkina Faso,4921,00:05:31.607,Miscontrol,
,,,,,,,,,,,,,,,,,0.0,,,,,,,,,,,,,158e030d-e5c9-4392-87ad-2d71a1cbd6eb,338,,"[93.7, 6.6]",3920402,7,,,,,,,,,,,,,,,,,,,,,,,,,1,From Goal Kick,Abdoul Fessal Tapsoba,43705.0,Left Wing,15,Burkina Faso,4921,,58,,,,,,,,,,,,,,,,,,,Burkina Faso,4921,00:07:58.729,Miscontrol,
,,,,,,,,,,,,,,,,,0.0,,,,,,,,,,,,,22d82026-34cd-4a68-afd8-9196b82a3049,658,,"[116.4, 76.4]",3920402,18,,,True,,,,,,,,,,,,,,,,,,,,,,1,From Free Kick,Youcef Atal,10040.0,Right Back,29,Algeria,4898,,32,,,,,,,,,,,,,,,,,,,Algeria,4898,00:18:32.048,Miscontrol,
,,,,,,,,,,,,,,,,,0.0,,,,,,,,,,,,,c4199bfc-db21-46ce-939b-d01eba4160bd,797,,"[44.1, 8.5]",3920402,26,,,,,,,,,,,,,,,,,,,,,,,,,1,From Throw In,Mohamed Youcef Belaïli,103464.0,Left Wing,39,Algeria,4898,,31,,,,,,,,,,,,,,,,,,,Algeria,4898,00:26:31.986,Miscontrol,
,,,,,,,,,,,,,,,,,0.0,,,,,,,,,,,,,49de408d-8115-461f-ad26-c3f32939718e,863,,"[93.1, 19.2]",3920402,28,,,,,,,,,,,,,,,,,,,,,,,,,1,From Goal Kick,Sofiane Feghouli,18724.0,Center Attacking Midfield,41,Algeria,4898,,1,,,,,,,,,,,,,,,,,,,Algeria,4898,00:28:01.251,Miscontrol,
,,,,,,,,,,,,,,,,,0.0,,,,,,,,,,,,,9c191317-1b79-4c64-b3d7-70a91229fadb,1180,,"[98.7, 14.5]",3920402,40,,,,,,,,,,,,,,,,,,,,,,,,,1,From Throw In,Baghdad Bounedjah,103465.0,Center Forward,55,Algeria,4898,,8,,,,,,,,,,,,,,,,,,,Algeria,4898,00:40:08.551,Miscontrol,
,,,,,,,,,,,,,,,,,0.0,,,,,,,,,,,,,124fc954-29cd-4d7c-8186-c3de52dcbe5d,1269,,"[106.1, 75.2]",3920402,42,,,True,,,,,,,,,,,,,,,,,,,,,,1,Regular Play,Youcef Atal,10040.0,Right Back,57,Algeria,4898,,1,,,,,,,,,,,,,,,,,,,Algeria,4898,00:42:01.665,Miscontrol,
,,,,,,,,,,,,,,,,,0.0,,,,,,,,,,,,,6a0d88ac-40ed-4ee7-9f81-2753a1a59b62,1561,,"[48.5, 77.5]",3920402,49,,,,,,,,,,,,,,,,,,,,,,,,,2,From Throw In,Gustavo Fabrice Sangaré,45466.0,Right Center Midfield,79,Burkina Faso,4921,['5648dc90-18f3-4240-96ab-8da18fb5790f'],34,,,,,,,,,,,,,,,,,,,Burkina Faso,4921,00:04:34.436,Miscontrol,True
,,,,,,,,,,,,,,,,,0.0,,,,,,,,,,,,,8defb897-0fa9-4d94-acba-442a79d677e8,1690,,"[15.6, 60.6]",3920402,57,,,,,,,,,,,,,,,,,,,,,,,,,2,From Goal Kick,Issa Kabore,35471.0,Right Midfield,92,Algeria,4898,,6,,,,,,,,,,,,,,,,,,,Burkina Faso,4921,00:12:06.499,Miscontrol,
,,,,,,,,,,,,,,,,,0.0,,,,,,,,,,,,,6ab9845b-4ee6-4db2-a41e-2f9dddb338bc,1917,,"[71.7, 78.5]",3920402,64,,,True,,,,,,,,,,,,,,,,,,,,,,2,Regular Play,Riyad Mahrez,3814.0,Right Wing,104,Burkina Faso,4921,['722700dd-893b-4531-8065-63751118cce5'],41,,,,,,,,,,,,,,,,,,,Algeria,4898,00:19:41.959,Miscontrol,True
,,,,,,,,,,,,,,,,,0.0,,,,,,,,,,,,,520a3f28-78a3-4b23-8d45-c43f853dfaf5,2045,,"[19.5, 74.0]",3920402,74,,,True,,,,,,,,,,,,,,,,,,,,,,2,Regular Play,Adamo Nagalo,99280.0,Right Back,110,Algeria,4898,,41,,,,,,,,,,,,,,,,,,,Burkina Faso,4921,00:29:41.966,Miscontrol,
,,,,,,,,,,,,,,,,,0.0,,,,,,,,,,,,,3afbd889-e8cb-4579-9c53-b5cbe50b4243,2076,,"[83.8, 37.1]",3920402,76,,,,,,,,,,,,,,,,,,,,,,,,,2,From Throw In,Nabil Bentaleb,8520.0,Right Defensive Midfield,111,Algeria,4898,,53,,,,,,,,,,,,,,,,,,,Algeria,4898,00:31:53.891,Miscontrol,
,,,,,,,,,,,,,,,,,0.0,,,,,,,,,,,,,4ba499dc-177e-46a2-994e-ac78b9a9f5c7,2128,,"[110.9, 34.4]",3920402,78,True,,,,,,,,,,,,,,,,,,,,,,,,2,From Corner,Aïssa Mandi,6648.0,Right Center Back,116,Algeria,4898,['9cea81b7-3277-4a8b-971e-dc6791bfdf56'],25,,,,,,,,,,,,,,,,,,,Algeria,4898,00:33:25.417,Miscontrol,True
,,,,,,,,,,,,,,,,,0.0,,,,,,,,,,,,,0b652b20-4b1b-4be2-b3ec-ae10a09ab72b,2180,,"[118.1, 47.9]",3920402,81,,,True,,,,,,,,,,,,,,,,,,,,,,2,Regular Play,Baghdad Bounedjah,103465.0,Left Center Forward,119,Algeria,4898,,2,,,,,,,,,,,,,,,,,,,Algeria,4898,00:36:02.724,Miscontrol,
,,,,,,,,,,,,,,,,,0.0,,,,,,,,,,,,,c49b4677-0c6d-4ffb-acdc-5e087920f659,2285,,"[72.1, 9.6]",3920402,84,,,,,,,,,,,,,,,,,,,,,,,,,2,From Throw In,Fares Chaïbi,217047.0,Left Defensive Midfield,127,Algeria,4898,,56,,,,,,,,,,,,,,,,,,,Algeria,4898,00:39:56.061,Miscontrol,
,,,,,,,,,,,,,,,,,0.0,,,,,,,,,,,,,61964b5f-774d-41e2-83e4-b8efda72ef6c,2366,,"[94.9, 31.6]",3920402,87,,,,,,,,,,,,,,,,,,,,,,,,,2,From Free Kick,Bertrand Isidore Traoré,2956.0,Center Forward,134,Burkina Faso,4921,['9bf2f526-3497-4f83-b420-8a44ceaecb6e'],56,,,,,,,,,,,,,,,,,,,Burkina Faso,4921,00:42:56.153,Miscontrol,True
,,,,,,,,,,,,,,,,,0.0,,,,,,,,,,,,,fcf8a0ac-672c-4dc9-a5f1-89d03d528df3,2371,,"[29.9, 42.1]",3920402,87,,,,,,,,,,,,,,,,,,,,,,,,,2,From Free Kick,Fares Chaïbi,217047.0,Left Defensive Midfield,134,Burkina Faso,4921,,59,,,,,,,,,,,,,,,,,,,Algeria,4898,00:42:59.593,Miscontrol,
,,,,,,,,,,,,,,,,,0.0,,,,,,,,,Claim,,,Keeper Sweeper,2c844404-1af4-4028-b046-b2e6d23c8b35,181,,"[9.0, 34.2]",3920402,3,,,,,,,,,,,,,,,,,,,,,,,,,1,From Keeper,Anthony Louis Mandréa,41381.0,Goalkeeper,10,Algeria,4898,['f743f0c7-9b8a-49ea-9980-d3640832942d'],59,,,,,,,,,,,,,,,,,,,Algeria,4898,00:03:59.268,Goal Keeper,
,,,,,,,,,,,,,,,,,0.0,,,,,,,Both Hands,,Success,Set,Standing,Shot Saved,17a2906f-1c8c-4a48-94b1-6542b304663f,248,,"[2.1, 43.0]",3920402,5,,,,,,,,,,,,,,,,,,,,,,,,,1,Regular Play,Anthony Louis Mandréa,41381.0,Goalkeeper,12,Algeria,4898,['76f629f8-50c9-4a28-a350-7daee90c231c'],46,,,,,,,,,,,,,,,,,,,Algeria,4898,00:05:46.018,Goal Keeper,
,,,,,,,,,,,,,,,,,0.0,,,,,,,Left Hand,,In Play Safe,Set,Diving,Shot Saved,920dc174-878b-49de-b72b-7b0781ae69a9,457,,"[1.6, 42.8]",3920402,11,,,,,,,,,,,,,,,,,,,,,,,,,1,From Throw In,Kouakou Herve Koffi,4388.0,Goalkeeper,20,Algeria,4898,['e846886a-5ace-45e4-b68f-de59c471283e'],14,,,,,,,,,,,,,,,,,,,Burkina Faso,4921,00:11:14.064,Goal Keeper,
,,,,,,,,,,,,,,,,,0.0,,,,,,,,,Success,,,Collected,eaf1b2d5-bb3f-48bd-a65c-73303d2f663a,537,,"[4.1, 37.1]",3920402,14,,,,,,,,,,,,,,,,,,,,,,,,,1,From Keeper,Kouakou Herve Koffi,4388.0,Goalkeeper,27,Burkina Faso,4921,['e2660339-0033-4203-9ce6-1de680af27d4'],9,,,,,,,,,,,,,,,,,,,Burkina Faso,4921,00:14:09.775,Goal Keeper,
,,,,,,,,,,,,,,,,,0.0,,,,,,,,"[9.4, 40.0]",,Set,,Shot Faced,f0719148-28e0-4773-9173-ddce9a79ece4,769,,"[9.4, 40.0]",3920402,25,,,,,,,,,,,,,,,,,,,,,,,,,1,From Free Kick,Kouakou Herve Koffi,4388.0,Goalkeeper,36,Algeria,4898,['90317cb5-337a-4661-a883-d206d8718f5e'],7,,,,,,,,,,,,,,,,,,,Burkina Faso,4921,00:25:07.716,Goal Keeper,
,,,,,,,,,,,,,,,,,0.0,,,,,,,Both Hands,,In Play Safe,Set,Standing,Shot Saved,d82a8cf3-d1f8-441f-b787-8f3176789dbb,1323,,"[2.5, 36.4]",3920402,43,,,,,,,,,,,,,,,,,,,,,,,,,1,Regular Play,Kouakou Herve Koffi,4388.0,Goalkeeper,59,Algeria,4898,['185d877b-de2b-4db0-a3f1-f76f9458a1c0'],24,,,,,,,,,,,,,,,,,,,Burkina Faso,4921,00:43:24.926,Goal Keeper,
,,,,,,,,,,,,,,,,,0.0,,,,,,,,"[2.3, 40.4]",,Set,,Shot Faced,ce430ca8-abc6-4ff9-947a-3c23790e42e4,1327,,"[2.3, 40.4]",3920402,43,,,,,,,,,,,,,,,,,,,,,,,,,1,Regular Play,Kouakou Herve Koffi,4388.0,Goalkeeper,59,Algeria,4898,['a1bbebe6-bfab-41b2-a7e2-cdf6df2abac4'],29,,,,,,,,,,,,,,,,,,,Burkina Faso,4921,00:43:29.883,Goal Keeper,
,,,,,,,,,,,,,,,,,0.0,,,,,,,,,No Touch,Set,Standing,Goal Conceded,47cc78c8-26a8-47da-9eac-47fcd9b202b1,1399,,"[5.0, 39.2]",3920402,47,,,,,,,,,,,,,,,,,,,,,,,,,1,From Throw In,Anthony Louis Mandréa,41381.0,Goalkeeper,66,Burkina Faso,4921,['dc503d52-aed2-454b-94a2-f3a09a76c867'],8,,,,,,,,,,,,,,,,,,,Algeria,4898,00:47:08.126,Goal Keeper,
,,,,,,,,,,,,,,,,,0.0,,,,,,,,"[4.6, 38.5]",,Set,,Shot Faced,da6fc908-5f20-471b-999f-9b9fefdbcb81,1463,,"[4.6, 38.5]",3920402,45,,,,,,,,,,,,,,,,,,,,,,,,,2,From Kick Off,Anthony Louis Mandréa,41381.0,Goalkeeper,70,Burkina Faso,4921,['b51b6235-c876-4735-9b8d-195212190c3b'],15,,,,,,,,,,,,,,,,,,,Algeria,4898,00:00:15.280,Goal Keeper,
,,,,,,,,,,,,,,,,,0.0,,,,,,,,"[2.2, 36.0]",,Moving,,Shot Faced,27cbebeb-75d6-442d-b552-04d657bc1483,1531,,"[2.2, 36.0]",3920402,48,,,,,,,,,,,,,,,,,,,,,,,,,2,Regular Play,Anthony Louis Mandréa,41381.0,Goalkeeper,77,Burkina Faso,4921,['a998158a-4afd-41f9-9caf-d1b771da3738'],23,,,,,,,,,,,,,,,,,,,Algeria,4898,00:03:23.398,Goal Keeper,
,,,,,,,,,,,,,,,,,0.0,,,,,,,,"[3.7, 42.9]",,Set,,Shot Faced,6a518c4c-051d-4bbf-a3e5-efe36fec1408,1550,,"[3.7, 42.9]",3920402,48,,,,,,,,,,,,,,,,,,,,,,,,,2,Regular Play,Anthony Louis Mandréa,41381.0,Goalkeeper,77,Burkina Faso,4921,['1ec16a31-55b7-4dae-a99d-d15a38fa3d8f'],37,,,,,,,,,,,,,,,,,,,Algeria,4898,00:03:37.362,Goal Keeper,
,,,,,,,,,,,,,,,,,0.0,,,,,,,,"[1.2, 40.1]",,Set,,Shot Faced,c74dc818-5f52-42bb-abb9-0c83bbe398f4,1573,,"[1.2, 40.1]",3920402,50,,,,,,,,,,,,,,,,,,,,,,,,,2,From Free Kick,Kouakou Herve Koffi,4388.0,Goalkeeper,81,Algeria,4898,['7ad035fc-34f5-493c-b947-e8cced8653b7'],22,,,,,,,,,,,,,,,,,,,Burkina Faso,4921,00:05:22.284,Goal Keeper,
,,,,,,,,,,,,,,,,,0.0,,,,,,,Left Hand,,In Play Danger,Set,Diving,Shot Saved,9b10d392-fa74-492c-806b-e2dcea8b18ce,1576,,"[2.0, 42.7]",3920402,50,,,,,,,,,,,,,,,,,,,,,,,,,2,From Free Kick,Kouakou Herve Koffi,4388.0,Goalkeeper,81,Algeria,4898,['252cfb75-74e0-42ff-9f8f-1050ef3d8ef7'],24,,,,,,,,,,,,,,,,,,,Burkina Faso,4921,00:05:24.454,Goal Keeper,
,,,,,,,,,,,,,,,,,0.0,,,,,,,,,No Touch,Prone,Standing,Goal Conceded,244fe635-0bb3-4488-b8d7-1131bb5b99c2,1580,,"[2.3, 41.4]",3920402,50,,,,,,,,,,,,,,,,,,,,,,,,,2,From Free Kick,Kouakou Herve Koffi,4388.0,Goalkeeper,81,Algeria,4898,['9e17b4af-47f8-49f1-99fd-a17119087688'],25,,,,,,,,,,,,,,,,,,,Burkina Faso,4921,00:05:25.510,Goal Keeper,
,,,,,,,,,,,,,,,,,0.0,,,,,,,,,In Play Danger,,,Punch,15af1580-0b36-4c24-9507-67319454b568,1605,,"[2.9, 42.7]",3920402,52,,,,,,,,,,,,,,,,,,,,,,,,,2,From Free Kick,Kouakou Herve Koffi,4388.0,Goalkeeper,84,Algeria,4898,['7c684879-76dc-44af-9945-5f031e980571'],10,,,,,,,,,,,,,,,,,,,Burkina Faso,4921,00:07:10.085,Goal Keeper,
,,,,,,,,,,,,,,,,,0.0,,,,,,,,"[5.3, 39.9]",,Moving,,Shot Faced,7a4c83a8-db8f-4807-b1e7-2b2d2819962b,1608,,"[5.3, 39.9]",3920402,52,,,,,,,,,,,,,,,,,,,,,,,,,2,From Free Kick,Kouakou Herve Koffi,4388.0,Goalkeeper,84,Algeria,4898,['a041c546-f68c-4641-b291-ce2aa9162bad'],10,,,,,,,,,,,,,,,,,,,Burkina Faso,4921,00:07:10.848,Goal Keeper,
,,,,,,,,,,,,,,,,,0.0,,,,,,,,"[2.4, 43.3]",,Set,,Shot Faced,61cf3a77-2063-4af0-885c-c1ab0aaa6c1e,1686,,"[2.4, 43.3]",3920402,57,,,,,,,,,,,,,,,,,,,,,,,,,2,From Goal Kick,Kouakou Herve Koffi,4388.0,Goalkeeper,92,Algeria,4898,['c650c7b3-219d-4fc8-896c-6cd01a5b393f'],4,,,,,,,,,,,,,,,,,,,Burkina Faso,4921,00:12:04.178,Goal Keeper,
,,,,,,,,,,,,,,,,,0.0,,,,,,,,"[2.4, 37.1]",,Moving,,Shot Faced,26d61c61-c1c6-4408-816c-b69a7648a977,1741,,"[2.4, 37.1]",3920402,57,,,,,,,,,,,,,,,,,,,,,,,,,2,From Goal Kick,Kouakou Herve Koffi,4388.0,Goalkeeper,92,Algeria,4898,['d10b6179-9d71-4faa-a9e1-3ee57302e451'],57,,,,,,,,,,,,,,,,,,,Burkina Faso,4921,00:12:57.819,Goal Keeper,
,,,,,,,,,,,,,,,,,0.0,,,,,,,,,Claim,,,Keeper Sweeper,d99d4179-4f1e-4996-a1ce-e64c01dd4653,1837,,"[8.8, 51.8]",3920402,62,,,,,,,,,,,,,,,,,,,,,,,,,2,From Keeper,Kouakou Herve Koffi,4388.0,Goalkeeper,99,Burkina Faso,4921,['7ceb499c-be81-4246-8987-9e1e7b5bae23'],42,,,,,,,,,,,,,,,,,,,Burkina Faso,4921,00:17:42.172,Goal Keeper,
,,,,,,,,,,,,,,,,,0.0,,,,,,,,"[3.1, 42.2]",,Set,,Shot Faced,79bd1c37-6894-4624-986d-786f473f0595,1860,,"[3.1, 42.2]",3920402,63,,,,,,,,,,,,,,,,,,,,,,,,,2,Regular Play,Kouakou Herve Koffi,4388.0,Goalkeeper,101,Algeria,4898,['7d10e4a9-9ab3-4527-a983-a8a8e253bbda'],41,,,,,,,,,,,,,,,,,,,Burkina Faso,4921,00:18:41.637,Goal Keeper,
,,,,,,,,,,,,,,,,,0.0,,,,,,,,,No Touch,Set,Diving,Penalty Conceded,e9f4a0cf-c171-45ea-a5c0-f5fe199c20cc,1941,,"[1.0, 40.0]",3920402,70,,,,,,,,,,,,,,,,,,,,,,,,,2,Other,Anthony Louis Mandréa,41381.0,Goalkeeper,106,Burkina Faso,4921,['a897f422-9c60-42d7-930c-01646a7ca24c'],42,,,,,,,,,,,,,,,,,,,Algeria,4898,00:25:42.791,Goal Keeper,
,,,,,,,,,,,,,,,,,0.0,,,,,,,,"[3.1, 42.2]",,Set,,Shot Faced,b3acecae-a453-40a1-af7a-636121d8fb22,2144,,"[3.1, 42.2]",3920402,78,,,,,,,,,,,,,,,,,,,,,,,,,2,Regular Play,Kouakou Herve Koffi,4388.0,Goalkeeper,117,Algeria,4898,['bf028a14-07e3-4e70-9864-cc9914aa1008'],47,,,,,,,,,,,,,,,,,,,Burkina Faso,4921,00:33:47.524,Goal Keeper,
,,,,,,,,,,,,,,,,,0.0,,,,,,,,"[1.1, 38.8]",,Set,,Shot Faced,5716d359-6deb-4daa-942f-f93ceb984031,2310,,"[1.1, 38.8]",3920402,85,,,,,,,,,,,,,,,,,,,,,,,,,2,Regular Play,Kouakou Herve Koffi,4388.0,Goalkeeper,129,Algeria,4898,['1822cabe-eb12-4854-84c0-431663517476'],18,,,,,,,,,,,,,,,,,,,Burkina Faso,4921,00:40:18.645,Goal Keeper,
,,,,,,,,,,,,,,,,,0.0,,,,,,,,"[2.7, 44.3]",,Set,,Shot Faced,3168919c-3624-4601-afe0-a068b1a84ae9,2343,,"[2.7, 44.3]",3920402,86,,,,,,,,,,,,,,,,,,,,,,,,,2,From Throw In,Anthony Louis Mandréa,41381.0,Goalkeeper,132,Burkina Faso,4921,['b81eaa59-c758-4bb5-ae29-fc1073dcfaea'],42,,,,,,,,,,,,,,,,,,,Algeria,4898,00:41:42.995,Goal Keeper,
,,,,,,,,,,,,,,,,,0.0,,,,,,,,,In Play Safe,,,Punch,cbaa0aa3-29f8-443c-8ec5-9d2bb0adcdbf,2355,,"[3.0, 43.8]",3920402,87,,,,,,,,,,,,,,,,,,,,,,,,,2,From Goal Kick,Kouakou Herve Koffi,4388.0,Goalkeeper,133,Algeria,4898,['6a31cc4d-786b-493d-a62e-d98eb5996495'],6,,,,,,,,,,,,,,,,,,,Burkina Faso,4921,00:42:06.875,Goal Keeper,
,,,,,,,,,,,,,,,,,0.0,,,,,,,,"[0.7, 42.0]",,Set,,Shot Faced,7b762da3-0a66-478b-8ec8-83fdff8a8433,2506,,"[0.7, 42.0]",3920402,93,,,,,,,,,,,,,,,,,,,,,,,,,2,From Free Kick,Kouakou Herve Koffi,4388.0,Goalkeeper,141,Algeria,4898,['8ed09527-f735-4df3-9879-5af5504c94f1'],3,,,,,,,,,,,,,,,,,,,Burkina Faso,4921,00:48:03.889,Goal Keeper,
,,,,,,,,,,,,,,,,,0.0,,,,,,,,,No Touch,Set,Standing,Goal Conceded,98d78c70-eb85-4443-ba6e-f2c92babfb78,2529,,"[0.9, 40.0]",3920402,94,,,,,,,,,,,,,,,,,,,,,,,,,2,Regular Play,Kouakou Herve Koffi,4388.0,Goalkeeper,145,Burkina Faso,4921,['ce0c3888-cb6d-42dc-ab6d-6cb7c5bcbbbc'],23,,,,,,,,,,,,,,,,,,,Burkina Faso,4921,00:49:23.934,Goal Keeper,
,,,,,,,,,,,,,,,,,0.808839,,,,,,,,,,,,,76f629f8-50c9-4a28-a350-7daee90c231c,247,,"[110.6, 31.8]",3920402,5,,,,,,,,,,,,,,,,,,,,,,,,,1,From Goal Kick,Abdoul Fessal Tapsoba,43705.0,Left Wing,11,Burkina Faso,4921,"['8d7138a9-f277-4832-aab7-b79aa068d97b', '17a2906f-1c8c-4a48-94b1-6542b304663f']",45,True,Head,,"[117.7, 36.9, 1.2]",,"[{'location': [103.2, 69.1], 'player': {'id': 35471, 'name': 'Issa Kabore'}, 'position': {'id': 17, 'name': 'Right Wing'}, 'teammate': True}, {'location': [92.6, 62.4], 'player': {'id': 24411, 'name': 'Adama Guira'}, 'position': {'id': 9, 'name': 'Right Defensive Midfield'}, 'teammate': True}, {'location': [104.4, 22.8], 'player': {'id': 3035, 'name': 'Steeve Yago'}, 'position': {'id': 6, 'name': 'Left Back'}, 'teammate': True}, {'location': [90.2, 58.9], 'player': {'id': 103464, 'name': 'Mohamed Youcef Belaïli'}, 'position': {'id': 21, 'name': 'Left Wing'}, 'teammate': False}, {'location': [97.8, 57.2], 'player': {'id': 38345, 'name': 'Ramiz Larbi Zerrouki'}, 'position': {'id': 11, 'name': 'Left Defensive Midfield'}, 'teammate': False}, {'location': [102.9, 40.5], 'player': {'id': 8520, 'name': 'Nabil Bentaleb'}, 'position': {'id': 9, 'name': 'Right Defensive Midfield'}, 'teammate': False}, {'location': [110.7, 32.7], 'player': {'id': 10040, 'name': 'Youcef Atal'}, 'position': {'id': 2, 'name': 'Right Back'}, 'teammate': False}, {'location': [110.6, 26.7], 'player': {'id': 3814, 'name': 'Riyad Mahrez'}, 'position': {'id': 17, 'name': 'Right Wing'}, 'teammate': False}, {'location': [118.0, 37.1], 'player': {'id': 41381, 'name': 'Anthony Louis Mandréa'}, 'position': {'id': 1, 'name': 'Goalkeeper'}, 'teammate': False}, {'location': [101.6, 58.8], 'player': {'id': 12111, 'name': 'Rayan Aït Nouri'}, 'position': {'id': 6, 'name': 'Left Back'}, 'teammate': False}, {'location': [109.8, 35.5], 'player': {'id': 3191, 'name': 'Ramy Bensebaini'}, 'position': {'id': 5, 'name': 'Left Center Back'}, 'teammate': False}, {'location': [109.4, 39.3], 'player': {'id': 6648, 'name': 'Aïssa Mandi'}, 'position': {'id': 3, 'name': 'Right Center Back'}, 'teammate': False}, {'location': [108.7, 40.9], 'player': {'id': 43920, 'name': 'Mohamed Konaté'}, 'position': {'id': 23, 'name': 'Center Forward'}, 'teammate': True}]",443d03d6-1cb0-44a5-b051-7864ffae6871,,,Saved,0.047726218,Normal,Open Play,,,,,,Burkina Faso,4921,00:05:45.209,Shot,True
,,,,,,,,,,,,,,,,,0.758594,,,,,,,,,,,,,e846886a-5ace-45e4-b68f-de59c471283e,456,,"[107.8, 18.8]",3920402,11,,,,,,,,,,,,,,,,,,,,,,,,,1,From Throw In,Mohamed Youcef Belaïli,103464.0,Left Wing,20,Algeria,4898,['920dc174-878b-49de-b72b-7b0781ae69a9'],13,,Right Foot,,"[117.7, 39.0, 1.2]",,"[{'location': [102.4, 26.2], 'player': {'id': 35471, 'name': 'Issa Kabore'}, 'position': {'id': 17, 'name': 'Right Wing'}, 'teammate': False}, {'location': [111.5, 33.6], 'player': {'id': 102800, 'name': 'Issoufou Dayo'}, 'position': {'id': 3, 'name': 'Right Center Back'}, 'teammate': False}, {'location': [106.9, 23.7], 'player': {'id': 24411, 'name': 'Adama Guira'}, 'position': {'id': 9, 'name': 'Right Defensive Midfield'}, 'teammate': False}, {'location': [110.3, 21.4], 'player': {'id': 99280, 'name': 'Adamo Nagalo'}, 'position': {'id': 2, 'name': 'Right Back'}, 'teammate': False}, {'location': [118.5, 37.3], 'player': {'id': 4388, 'name': 'Kouakou Herve Koffi'}, 'position': {'id': 1, 'name': 'Goalkeeper'}, 'teammate': False}, {'location': [108.8, 44.9], 'player': {'id': 30606, 'name': 'Edmond Fayçal Tapsoba'}, 'position': {'id': 5, 'name': 'Left Center Back'}, 'teammate': False}, {'location': [102.0, 41.1], 'player': {'id': 3814, 'name': 'Riyad Mahrez'}, 'position': {'id': 17, 'name': 'Right Wing'}, 'teammate': True}, {'location': [107.9, 43.5], 'player': {'id': 103465, 'name': 'Baghdad Bounedjah'}, 'position': {'id': 23, 'name': 'Center Forward'}, 'teammate': True}]",09bbcf65-2f0f-4610-ba16-0639a220daf4,,,Saved,0.007646605,Normal,Open Play,,,,,,Algeria,4898,00:11:13.305,Shot,
,,,,,,,,,,,,,,,,,1.118605,,,,,,,,,,,,,90317cb5-337a-4661-a883-d206d8718f5e,768,,"[104.1, 40.6]",3920402,25,,,,,,,,,,,,,,,,,,,,,,,,,1,From Free Kick,Baghdad Bounedjah,103465.0,Center Forward,36,Algeria,4898,['f0719148-28e0-4773-9173-ddce9a79ece4'],6,,Right Foot,,"[120.0, 44.8, 0.2]",,"[{'location': [110.7, 40.1], 'player': {'id': 4388, 'name': 'Kouakou Herve Koffi'}, 'position': {'id': 1, 'name': 'Goalkeeper'}, 'teammate': False}, {'location': [101.1, 51.5], 'player': {'id': 3035, 'name': 'Steeve Yago'}, 'position': {'id': 6, 'name': 'Left Back'}, 'teammate': False}, {'location': [102.7, 40.7], 'player': {'id': 23999, 'name': 'Ibrahim Blati Touré'}, 'position': {'id': 11, 'name': 'Left Defensive Midfield'}, 'teammate': False}, {'location': [101.4, 30.2], 'player': {'id': 24411, 'name': 'Adama Guira'}, 'position': {'id': 9, 'name': 'Right Defensive Midfield'}, 'teammate': False}, {'location': [108.8, 40.8], 'player': {'id': 30606, 'name': 'Edmond Fayçal Tapsoba'}, 'position': {'id': 5, 'name': 'Left Center Back'}, 'teammate': False}, {'location': [109.3, 33.8], 'player': {'id': 102800, 'name': 'Issoufou Dayo'}, 'position': {'id': 3, 'name': 'Right Center Back'}, 'teammate': False}, {'location': [114.8, 37.3], 'player': {'id': 99280, 'name': 'Adamo Nagalo'}, 'position': {'id': 2, 'name': 'Right Back'}, 'teammate': False}, {'location': [103.2, 37.2], 'player': {'id': 18724, 'name': 'Sofiane Feghouli'}, 'position': {'id': 19, 'name': 'Center Attacking Midfield'}, 'teammate': True}, {'location': [100.3, 15.7], 'player': {'id': 103464, 'name': 'Mohamed Youcef Belaïli'}, 'position': {'id': 21, 'name': 'Left Wing'}, 'teammate': True}, {'location': [97.5, 30.0], 'player': {'id': 38345, 'name': 'Ramiz Larbi Zerrouki'}, 'position': {'id': 11, 'name': 'Left Defensive Midfield'}, 'teammate': True}]",,,,Off T,0.15468572,Normal,Open Play,,,,,,Algeria,4898,00:25:06.598,Shot,
,,,,,,,,,,,,,,,,,0.665895,,,,,,,,,,,,,185d877b-de2b-4db0-a3f1-f76f9458a1c0,1322,,"[109.6, 55.6]",3920402,43,,,,,,,,,,,,,,,,,,,,,,,,,1,Regular Play,Sofiane Feghouli,18724.0,Center Attacking Midfield,59,Algeria,4898,['d82a8cf3-d1f8-441f-b787-8f3176789dbb'],24,,Right Foot,,"[117.3, 44.2, 2.0]",True,"[{'location': [99.4, 51.1], 'player': {'id': 30606, 'name': 'Edmond Fayçal Tapsoba'}, 'position': {'id': 5, 'name': 'Left Center Back'}, 'teammate': False}, {'location': [92.2, 20.9], 'player': {'id': 35471, 'name': 'Issa Kabore'}, 'position': {'id': 17, 'name': 'Right Wing'}, 'teammate': False}, {'location': [106.7, 53.0], 'player': {'id': 23999, 'name': 'Ibrahim Blati Touré'}, 'position': {'id': 11, 'name': 'Left Defensive Midfield'}, 'teammate': False}, {'location': [109.9, 54.3], 'player': {'id': 3035, 'name': 'Steeve Yago'}, 'position': {'id': 6, 'name': 'Left Back'}, 'teammate': False}, {'location': [105.4, 43.2], 'player': {'id': 106681, 'name': 'Ismahila Ouédraogo'}, 'position': {'id': 9, 'name': 'Right Defensive Midfield'}, 'teammate': False}, {'location': [110.0, 43.5], 'player': {'id': 102800, 'name': 'Issoufou Dayo'}, 'position': {'id': 3, 'name': 'Right Center Back'}, 'teammate': False}, {'location': [109.6, 37.5], 'player': {'id': 99280, 'name': 'Adamo Nagalo'}, 'position': {'id': 2, 'name': 'Right Back'}, 'teammate': False}, {'location': [117.6, 43.7], 'player': {'id': 4388, 'name': 'Kouakou Herve Koffi'}, 'position': {'id': 1, 'name': 'Goalkeeper'}, 'teammate': False}, {'location': [105.6, 28.7], 'player': {'id': 103464, 'name': 'Mohamed Youcef Belaïli'}, 'position': {'id': 21, 'name': 'Left Wing'}, 'teammate': True}, {'location': [101.1, 47.7], 'player': {'id': 3814, 'name': 'Riyad Mahrez'}, 'position': {'id': 17, 'name': 'Right Wing'}, 'teammate': True}, {'location': [101.1, 53.4], 'player': {'id': 38345, 'name': 'Ramiz Larbi Zerrouki'}, 'position': {'id': 11, 'name': 'Left Defensive Midfield'}, 'teammate': True}, {'location': [108.2, 36.5], 'player': {'id': 103465, 'name': 'Baghdad Bounedjah'}, 'position': {'id': 23, 'name': 'Center Forward'}, 'teammate': True}]",,,,Saved,0.044563506,Normal,Open Play,,,,,,Algeria,4898,00:43:24.260,Shot,
,,,,,,,,,,,,,,,,,1.508277,,,,,,,,,,,,,a1bbebe6-bfab-41b2-a7e2-cdf6df2abac4,1326,,"[100.3, 37.3]",3920402,43,,,,,,,,,,,,,,,,,,,,,,,,,1,Regular Play,Mohamed Youcef Belaïli,103464.0,Left Wing,59,Algeria,4898,['ce430ca8-abc6-4ff9-947a-3c23790e42e4'],28,,Right Foot,,"[120.0, 50.7, 4.2]",,"[{'location': [117.8, 39.7], 'player': {'id': 4388, 'name': 'Kouakou Herve Koffi'}, 'position': {'id': 1, 'name': 'Goalkeeper'}, 'teammate': False}, {'location': [100.8, 43.9], 'player': {'id': 43705, 'name': 'Abdoul Fessal Tapsoba'}, 'position': {'id': 21, 'name': 'Left Wing'}, 'teammate': False}, {'location': [102.5, 41.7], 'player': {'id': 45466, 'name': 'Gustavo Fabrice Sangaré'}, 'position': {'id': 19, 'name': 'Center Attacking Midfield'}, 'teammate': False}, {'location': [102.2, 37.6], 'player': {'id': 106681, 'name': 'Ismahila Ouédraogo'}, 'position': {'id': 9, 'name': 'Right Defensive Midfield'}, 'teammate': False}, {'location': [106.1, 45.6], 'player': {'id': 30606, 'name': 'Edmond Fayçal Tapsoba'}, 'position': {'id': 5, 'name': 'Left Center Back'}, 'teammate': False}, {'location': [110.8, 54.0], 'player': {'id': 3035, 'name': 'Steeve Yago'}, 'position': {'id': 6, 'name': 'Left Back'}, 'teammate': False}, {'location': [101.7, 28.5], 'player': {'id': 35471, 'name': 'Issa Kabore'}, 'position': {'id': 17, 'name': 'Right Wing'}, 'teammate': False}, {'location': [109.4, 46.2], 'player': {'id': 23999, 'name': 'Ibrahim Blati Touré'}, 'position': {'id': 11, 'name': 'Left Defensive Midfield'}, 'teammate': False}, {'location': [111.9, 40.6], 'player': {'id': 102800, 'name': 'Issoufou Dayo'}, 'position': {'id': 3, 'name': 'Right Center Back'}, 'teammate': False}, {'location': [110.6, 36.8], 'player': {'id': 99280, 'name': 'Adamo Nagalo'}, 'position': {'id': 2, 'name': 'Right Back'}, 'teammate': False}, {'location': [101.4, 44.8], 'player': {'id': 3814, 'name': 'Riyad Mahrez'}, 'position': {'id': 17, 'name': 'Right Wing'}, 'teammate': True}, {'location': [111.7, 59.4], 'player': {'id': 18724, 'name': 'Sofiane Feghouli'}, 'position': {'id': 19, 'name': 'Center Attacking Midfield'}, 'teammate': True}, {'location': [109.7, 31.8], 'player': {'id': 103465, 'name': 'Baghdad Bounedjah'}, 'position': {'id': 23, 'name': 'Center Forward'}, 'teammate': True}, {'location': [89.6, 24.7], 'player': {'id': 12111, 'name': 'Rayan Aït Nouri'}, 'position': {'id': 6, 'name': 'Left Back'}, 'teammate': True}, {'location': [100.3, 53.8], 'player': {'id': 38345, 'name': 'Ramiz Larbi Zerrouki'}, 'position': {'id': 11, 'name': 'Left Defensive Midfield'}, 'teammate': True}]",,,,Off T,0.033516027,Normal,Open Play,,,,,,Algeria,4898,00:43:28.374,Shot,
,,,,,,,,,,,,,,,,,0.641155,,,,,,,,,,,,,dc503d52-aed2-454b-94a2-f3a09a76c867,1398,,"[109.7, 40.6]",3920402,47,,,,,,,,,,,,,,,,,,,,,,,,,1,From Throw In,Mohamed Konaté,43920.0,Center Forward,66,Burkina Faso,4921,['47cc78c8-26a8-47da-9eac-47fcd9b202b1'],7,,Head,,"[120.0, 41.4, 2.0]",,"[{'location': [98.7, 64.3], 'player': {'id': 35471, 'name': 'Issa Kabore'}, 'position': {'id': 17, 'name': 'Right Wing'}, 'teammate': True}, {'location': [100.4, 18.5], 'player': {'id': 45466, 'name': 'Gustavo Fabrice Sangaré'}, 'position': {'id': 19, 'name': 'Center Attacking Midfield'}, 'teammate': True}, {'location': [106.0, 45.6], 'player': {'id': 12111, 'name': 'Rayan Aït Nouri'}, 'position': {'id': 6, 'name': 'Left Back'}, 'teammate': False}, {'location': [106.1, 40.5], 'player': {'id': 3191, 'name': 'Ramy Bensebaini'}, 'position': {'id': 5, 'name': 'Left Center Back'}, 'teammate': False}, {'location': [102.2, 32.3], 'player': {'id': 6648, 'name': 'Aïssa Mandi'}, 'position': {'id': 3, 'name': 'Right Center Back'}, 'teammate': False}, {'location': [90.1, 62.1], 'player': {'id': 103464, 'name': 'Mohamed Youcef Belaïli'}, 'position': {'id': 21, 'name': 'Left Wing'}, 'teammate': False}, {'location': [115.1, 40.9], 'player': {'id': 41381, 'name': 'Anthony Louis Mandréa'}, 'position': {'id': 1, 'name': 'Goalkeeper'}, 'teammate': False}]",8651eca8-6eab-4258-84fe-2a48455487b3,True,,Goal,0.13008621,Normal,Open Play,,,,,,Burkina Faso,4921,00:47:07.485,Shot,
,,,,,,,,,,,,,,,,,0.262597,,,,,,,,,,,,,b51b6235-c876-4735-9b8d-195212190c3b,1461,,"[101.9, 48.1]",3920402,45,,,,,,,,,,,,,,,,,,,,,,,,,2,From Kick Off,Mohamed Konaté,43920.0,Center Forward,70,Burkina Faso,4921,"['944f872b-cbdf-4cb6-a3e0-c38acc9b5509', '5a07986b-5fbf-4ece-bd50-a55b0a821652', 'da6fc908-5f20-471b-999f-9b9fefdbcb81']",14,,Left Foot,,"[104.3, 47.0]",,"[{'location': [95.7, 50.8], 'player': {'id': 23999, 'name': 'Ibrahim Blati Touré'}, 'position': {'id': 15, 'name': 'Left Center Midfield'}, 'teammate': True}, {'location': [101.4, 49.6], 'player': {'id': 8520, 'name': 'Nabil Bentaleb'}, 'position': {'id': 9, 'name': 'Right Defensive Midfield'}, 'teammate': False}, {'location': [105.2, 56.8], 'player': {'id': 38345, 'name': 'Ramiz Larbi Zerrouki'}, 'position': {'id': 11, 'name': 'Left Defensive Midfield'}, 'teammate': False}, {'location': [103.7, 50.1], 'player': {'id': 3191, 'name': 'Ramy Bensebaini'}, 'position': {'id': 5, 'name': 'Left Center Back'}, 'teammate': False}, {'location': [105.0, 51.8], 'player': {'id': 12111, 'name': 'Rayan Aït Nouri'}, 'position': {'id': 6, 'name': 'Left Back'}, 'teammate': False}, {'location': [104.5, 47.0], 'player': {'id': 6648, 'name': 'Aïssa Mandi'}, 'position': {'id': 3, 'name': 'Right Center Back'}, 'teammate': False}, {'location': [105.0, 38.7], 'player': {'id': 10040, 'name': 'Youcef Atal'}, 'position': {'id': 2, 'name': 'Right Back'}, 'teammate': False}, {'location': [115.5, 41.6], 'player': {'id': 41381, 'name': 'Anthony Louis Mandréa'}, 'position': {'id': 1, 'name': 'Goalkeeper'}, 'teammate': False}, {'location': [106.0, 69.7], 'player': {'id': 35471, 'name': 'Issa Kabore'}, 'position': {'id': 12, 'name': 'Right Midfield'}, 'teammate': True}, {'location': [100.3, 30.3], 'player': {'id': 43705, 'name': 'Abdoul Fessal Tapsoba'}, 'position': {'id': 16, 'name': 'Left Midfield'}, 'teammate': True}]",,,,Blocked,0.061071094,Normal,Open Play,,,,,,Burkina Faso,4921,00:00:14.835,Shot,True
,,,,,,,,,,,,,,,,,0.096426,,,,,,,,,,,,,a998158a-4afd-41f9-9caf-d1b771da3738,1530,,"[110.4, 46.4]",3920402,48,,,,,,,,,,,,,,,,,,,,,,,,,2,From Counter,Mohamed Konaté,43920.0,Center Forward,77,Burkina Faso,4921,['27cbebeb-75d6-442d-b552-04d657bc1483'],23,,Right Foot,,"[110.7, 42.3]",True,"[{'location': [95.9, 27.3], 'player': {'id': 43705, 'name': 'Abdoul Fessal Tapsoba'}, 'position': {'id': 16, 'name': 'Left Midfield'}, 'teammate': True}, {'location': [111.9, 44.5], 'player': {'id': 6648, 'name': 'Aïssa Mandi'}, 'position': {'id': 3, 'name': 'Right Center Back'}, 'teammate': False}, {'location': [117.8, 56.9], 'player': {'id': 3191, 'name': 'Ramy Bensebaini'}, 'position': {'id': 5, 'name': 'Left Center Back'}, 'teammate': False}, {'location': [116.7, 56.1], 'player': {'id': 38345, 'name': 'Ramiz Larbi Zerrouki'}, 'position': {'id': 11, 'name': 'Left Defensive Midfield'}, 'teammate': False}, {'location': [119.0, 58.4], 'player': {'id': 35471, 'name': 'Issa Kabore'}, 'position': {'id': 12, 'name': 'Right Midfield'}, 'teammate': True}, {'location': [109.7, 34.7], 'player': {'id': 10040, 'name': 'Youcef Atal'}, 'position': {'id': 2, 'name': 'Right Back'}, 'teammate': False}, {'location': [117.9, 44.1], 'player': {'id': 41381, 'name': 'Anthony Louis Mandréa'}, 'position': {'id': 1, 'name': 'Goalkeeper'}, 'teammate': False}]",e22caecc-16b5-4e40-9823-0dcc971b6992,,,Wayward,0.15374121,Normal,Open Play,,,,,,Burkina Faso,4921,00:03:23.302,Shot,
,,,,,,,,,,,,,,,,,0.842835,,,,,,,,,,,,,1ec16a31-55b7-4dae-a99d-d15a38fa3d8f,1549,,"[105.1, 30.3]",3920402,48,,,,,,,,,,,,,,,,,,,,,,,,,2,Regular Play,Ibrahim Blati Touré,23999.0,Left Center Midfield,77,Burkina Faso,4921,['6a518c4c-051d-4bbf-a3e5-efe36fec1408'],36,,Right Foot,,"[120.0, 40.3, 4.7]",,"[{'location': [116.4, 37.2], 'player': {'id': 41381, 'name': 'Anthony Louis Mandréa'}, 'position': {'id': 1, 'name': 'Goalkeeper'}, 'teammate': False}, {'location': [109.3, 43.2], 'player': {'id': 12111, 'name': 'Rayan Aït Nouri'}, 'position': {'id': 6, 'name': 'Left Back'}, 'teammate': False}, {'location': [105.4, 32.7], 'player': {'id': 38345, 'name': 'Ramiz Larbi Zerrouki'}, 'position': {'id': 11, 'name': 'Left Defensive Midfield'}, 'teammate': False}, {'location': [106.2, 29.9], 'player': {'id': 10040, 'name': 'Youcef Atal'}, 'position': {'id': 2, 'name': 'Right Back'}, 'teammate': False}, {'location': [108.2, 32.3], 'player': {'id': 6648, 'name': 'Aïssa Mandi'}, 'position': {'id': 3, 'name': 'Right Center Back'}, 'teammate': False}, {'location': [112.5, 38.2], 'player': {'id': 3191, 'name': 'Ramy Bensebaini'}, 'position': {'id': 5, 'name': 'Left Center Back'}, 'teammate': False}, {'location': [107.1, 23.9], 'player': {'id': 141358, 'name': 'Mohamed El Amine Amoura'}, 'position': {'id': 19, 'name': 'Center Attacking Midfield'}, 'teammate': False}, {'location': [110.7, 25.1], 'player': {'id': 8520, 'name': 'Nabil Bentaleb'}, 'position': {'id': 9, 'name': 'Right Defensive Midfield'}, 'teammate': False}, {'location': [108.2, 15.1], 'player': {'id': 3814, 'name': 'Riyad Mahrez'}, 'position': {'id': 17, 'name': 'Right Wing'}, 'teammate': False}, {'location': [112.6, 22.5], 'player': {'id': 3035, 'name': 'Steeve Yago'}, 'position': {'id': 6, 'name': 'Left Back'}, 'teammate': True}, {'location': [95.6, 21.7], 'player': {'id': 45466, 'name': 'Gustavo Fabrice Sangaré'}, 'position': {'id': 13, 'name': 'Right Center Midfield'}, 'teammate': True}, {'location': [111.9, 52.6], 'player': {'id': 35471, 'name': 'Issa Kabore'}, 'position': {'id': 12, 'name': 'Right Midfield'}, 'teammate': True}, {'location': [109.3, 41.4], 'player': {'id': 43920, 'name': 'Mohamed Konaté'}, 'position': {'id': 23, 'name': 'Center Forward'}, 'teammate': True}]",db16224c-5dfe-44f7-abce-c7f855f09f5a,,,Off T,0.06465714,Normal,Open Play,,,,,,Burkina Faso,4921,00:03:36.520,Shot,
,,,,,,,,,,,,,,,,,0.275865,,,,,,,,,,,,,7ad035fc-34f5-493c-b947-e8cced8653b7,1571,,"[89.6, 30.2]",3920402,50,,,,,,,,,,,,,,,,,,,,,,,,,2,From Free Kick,Mohamed Youcef Belaïli,103464.0,Left Wing,81,Algeria,4898,"['c74dc818-5f52-42bb-abb9-0c83bbe398f4', 'af49887b-f67c-4c02-a8d5-11e3ee346273']",21,,Right Foot,,"[98.1, 32.1]",,"[{'location': [106.2, 37.9], 'player': {'id': 43920, 'name': 'Mohamed Konaté'}, 'position': {'id': 23, 'name': 'Center Forward'}, 'teammate': False}, {'location': [107.9, 42.2], 'player': {'id': 99280, 'name': 'Adamo Nagalo'}, 'position': {'id': 2, 'name': 'Right Back'}, 'teammate': False}, {'location': [106.1, 41.4], 'player': {'id': 6648, 'name': 'Aïssa Mandi'}, 'position': {'id': 3, 'name': 'Right Center Back'}, 'teammate': True}, {'location': [108.6, 45.3], 'player': {'id': 102800, 'name': 'Issoufou Dayo'}, 'position': {'id': 3, 'name': 'Right Center Back'}, 'teammate': False}, {'location': [107.7, 46.4], 'player': {'id': 30606, 'name': 'Edmond Fayçal Tapsoba'}, 'position': {'id': 5, 'name': 'Left Center Back'}, 'teammate': False}, {'location': [118.9, 40.0], 'player': {'id': 4388, 'name': 'Kouakou Herve Koffi'}, 'position': {'id': 1, 'name': 'Goalkeeper'}, 'teammate': False}, {'location': [108.1, 44.2], 'player': {'id': 103465, 'name': 'Baghdad Bounedjah'}, 'position': {'id': 23, 'name': 'Center Forward'}, 'teammate': True}, {'location': [104.5, 38.5], 'player': {'id': 8520, 'name': 'Nabil Bentaleb'}, 'position': {'id': 9, 'name': 'Right Defensive Midfield'}, 'teammate': True}, {'location': [95.7, 40.8], 'player': {'id': 38345, 'name': 'Ramiz Larbi Zerrouki'}, 'position': {'id': 11, 'name': 'Left Defensive Midfield'}, 'teammate': True}, {'location': [102.7, 41.8], 'player': {'id': 23999, 'name': 'Ibrahim Blati Touré'}, 'position': {'id': 15, 'name': 'Left Center Midfield'}, 'teammate': False}, {'location': [108.1, 50.5], 'player': {'id': 3191, 'name': 'Ramy Bensebaini'}, 'position': {'id': 5, 'name': 'Left Center Back'}, 'teammate': True}, {'location': [104.3, 59.8], 'player': {'id': 141358, 'name': 'Mohamed El Amine Amoura'}, 'position': {'id': 19, 'name': 'Center Attacking Midfield'}, 'teammate': True}, {'location': [106.6, 58.2], 'player': {'id': 43705, 'name': 'Abdoul Fessal Tapsoba'}, 'position': {'id': 16, 'name': 'Left Midfield'}, 'teammate': False}, {'location': [107.7, 49.3], 'player': {'id': 3035, 'name': 'Steeve Yago'}, 'position': {'id': 6, 'name': 'Left Back'}, 'teammate': False}, {'location': [99.0, 31.0], 'player': {'id': 35471, 'name': 'Issa Kabore'}, 'position': {'id': 12, 'name': 'Right Midfield'}, 'teammate': False}, {'location': [98.6, 32.0], 'player': {'id': 45466, 'name': 'Gustavo Fabrice Sangaré'}, 'position': {'id': 13, 'name': 'Right Center Midfield'}, 'teammate': False}, {'location': [98.3, 33.0], 'player': {'id': 106681, 'name': 'Ismahila Ouédraogo'}, 'position': {'id': 10, 'name': 'Center Defensive Midfield'}, 'teammate': False}]",,,,Blocked,0.024723258,Normal,Free Kick,,,,,,Algeria,4898,00:05:21.800,Shot,
,,,,,,,,,,,,,,,,,0.703182,,,,,,,,,,,,,252cfb75-74e0-42ff-9f8f-1050ef3d8ef7,1575,,"[110.4, 33.7]",3920402,50,,,,,,,,,,,,,,,,,,,,,,,,,2,From Free Kick,Nabil Bentaleb,8520.0,Right Defensive Midfield,81,Algeria,4898,['9b10d392-fa74-492c-806b-e2dcea8b18ce'],23,,Left Foot,,"[117.5, 38.8, 0.7]",True,"[{'location': [110.3, 48.9], 'player': {'id': 3191, 'name': 'Ramy Bensebaini'}, 'position': {'id': 5, 'name': 'Left Center Back'}, 'teammate': True}, {'location': [103.1, 57.7], 'player': {'id': 141358, 'name': 'Mohamed El Amine Amoura'}, 'position': {'id': 19, 'name': 'Center Attacking Midfield'}, 'teammate': True}, {'location': [114.9, 40.2], 'player': {'id': 103465, 'name': 'Baghdad Bounedjah'}, 'position': {'id': 23, 'name': 'Center Forward'}, 'teammate': True}, {'location': [118.1, 37.4], 'player': {'id': 4388, 'name': 'Kouakou Herve Koffi'}, 'position': {'id': 1, 'name': 'Goalkeeper'}, 'teammate': False}, {'location': [116.5, 41.1], 'player': {'id': 102800, 'name': 'Issoufou Dayo'}, 'position': {'id': 3, 'name': 'Right Center Back'}, 'teammate': False}, {'location': [115.5, 42.9], 'player': {'id': 30606, 'name': 'Edmond Fayçal Tapsoba'}, 'position': {'id': 5, 'name': 'Left Center Back'}, 'teammate': False}, {'location': [115.0, 45.0], 'player': {'id': 3035, 'name': 'Steeve Yago'}, 'position': {'id': 6, 'name': 'Left Back'}, 'teammate': False}, {'location': [110.3, 52.7], 'player': {'id': 43705, 'name': 'Abdoul Fessal Tapsoba'}, 'position': {'id': 16, 'name': 'Left Midfield'}, 'teammate': False}, {'location': [114.5, 36.1], 'player': {'id': 99280, 'name': 'Adamo Nagalo'}, 'position': {'id': 2, 'name': 'Right Back'}, 'teammate': False}, {'location': [113.3, 36.1], 'player': {'id': 6648, 'name': 'Aïssa Mandi'}, 'position': {'id': 3, 'name': 'Right Center Back'}, 'teammate': True}, {'location': [102.8, 32.2], 'player': {'id': 106681, 'name': 'Ismahila Ouédraogo'}, 'position': {'id': 10, 'name': 'Center Defensive Midfield'}, 'teammate': False}, {'location': [104.7, 42.0], 'player': {'id': 23999, 'name': 'Ibrahim Blati Touré'}, 'position': {'id': 15, 'name': 'Left Center Midfield'}, 'teammate': False}, {'location': [109.9, 34.9], 'player': {'id': 43920, 'name': 'Mohamed Konaté'}, 'position': {'id': 23, 'name': 'Center Forward'}, 'teammate': False}]",,,,Saved,0.107717924,Half Volley,Open Play,,,,,,Algeria,4898,00:05:23.751,Shot,
,,,,,,,,,,,,,,,,,0.335719,,,,,,,,,,,,,9e17b4af-47f8-49f1-99fd-a17119087688,1579,,"[117.8, 37.2]",3920402,50,,,,,,,,,,,,,,,,,,,,,,,,,2,From Free Kick,Baghdad Bounedjah,103465.0,Center Forward,81,Algeria,4898,['244fe635-0bb3-4488-b8d7-1131bb5b99c2'],25,,Right Foot,,"[120.0, 37.2, 0.2]",True,"[{'location': [117.8, 38.7], 'player': {'id': 4388, 'name': 'Kouakou Herve Koffi'}, 'position': {'id': 1, 'name': 'Goalkeeper'}, 'teammate': False}, {'location': [120.0, 42.7], 'player': {'id': 30606, 'name': 'Edmond Fayçal Tapsoba'}, 'position': {'id': 5, 'name': 'Left Center Back'}, 'teammate': False}, {'location': [120.0, 40.0], 'player': {'id': 102800, 'name': 'Issoufou Dayo'}, 'position': {'id': 3, 'name': 'Right Center Back'}, 'teammate': False}, {'location': [115.3, 43.3], 'player': {'id': 3035, 'name': 'Steeve Yago'}, 'position': {'id': 6, 'name': 'Left Back'}, 'teammate': False}, {'location': [111.6, 51.8], 'player': {'id': 43705, 'name': 'Abdoul Fessal Tapsoba'}, 'position': {'id': 16, 'name': 'Left Midfield'}, 'teammate': False}, {'location': [116.8, 33.3], 'player': {'id': 99280, 'name': 'Adamo Nagalo'}, 'position': {'id': 2, 'name': 'Right Back'}, 'teammate': False}, {'location': [115.2, 30.4], 'player': {'id': 43920, 'name': 'Mohamed Konaté'}, 'position': {'id': 23, 'name': 'Center Forward'}, 'teammate': False}, {'location': [106.1, 40.8], 'player': {'id': 23999, 'name': 'Ibrahim Blati Touré'}, 'position': {'id': 15, 'name': 'Left Center Midfield'}, 'teammate': False}, {'location': [106.3, 34.7], 'player': {'id': 106681, 'name': 'Ismahila Ouédraogo'}, 'position': {'id': 10, 'name': 'Center Defensive Midfield'}, 'teammate': False}, {'location': [113.8, 36.6], 'player': {'id': 6648, 'name': 'Aïssa Mandi'}, 'position': {'id': 3, 'name': 'Right Center Back'}, 'teammate': True}, {'location': [109.3, 31.2], 'player': {'id': 8520, 'name': 'Nabil Bentaleb'}, 'position': {'id': 9, 'name': 'Right Defensive Midfield'}, 'teammate': True}, {'location': [103.2, 55.4], 'player': {'id': 141358, 'name': 'Mohamed El Amine Amoura'}, 'position': {'id': 19, 'name': 'Center Attacking Midfield'}, 'teammate': True}, {'location': [109.2, 48.6], 'player': {'id': 3191, 'name': 'Ramy Bensebaini'}, 'position': {'id': 5, 'name': 'Left Center Back'}, 'teammate': True}]",,,True,Goal,0.72228235,Normal,Open Play,,,,,,Algeria,4898,00:05:25.174,Shot,
,,,,,,,,,,,,,,,,,0.385493,,,,,,,,,,,,,a041c546-f68c-4641-b291-ce2aa9162bad,1607,,"[117.4, 45.7]",3920402,52,,,,,,,,,,,,,,,,,,,,,,,,,2,From Free Kick,Baghdad Bounedjah,103465.0,Center Forward,84,Algeria,4898,['7a4c83a8-db8f-4807-b1e7-2b2d2819962b'],10,,Head,,"[120.0, 45.1, 1.2]",,"[{'location': [114.7, 22.8], 'player': {'id': 99280, 'name': 'Adamo Nagalo'}, 'position': {'id': 2, 'name': 'Right Back'}, 'teammate': False}, {'location': [110.6, 32.4], 'player': {'id': 102800, 'name': 'Issoufou Dayo'}, 'position': {'id': 3, 'name': 'Right Center Back'}, 'teammate': False}, {'location': [109.2, 29.1], 'player': {'id': 106681, 'name': 'Ismahila Ouédraogo'}, 'position': {'id': 10, 'name': 'Center Defensive Midfield'}, 'teammate': False}, {'location': [114.8, 40.2], 'player': {'id': 4388, 'name': 'Kouakou Herve Koffi'}, 'position': {'id': 1, 'name': 'Goalkeeper'}, 'teammate': False}, {'location': [107.3, 48.4], 'player': {'id': 3035, 'name': 'Steeve Yago'}, 'position': {'id': 6, 'name': 'Left Back'}, 'teammate': False}, {'location': [117.5, 44.2], 'player': {'id': 30606, 'name': 'Edmond Fayçal Tapsoba'}, 'position': {'id': 5, 'name': 'Left Center Back'}, 'teammate': False}, {'location': [103.1, 50.4], 'player': {'id': 3814, 'name': 'Riyad Mahrez'}, 'position': {'id': 17, 'name': 'Right Wing'}, 'teammate': True}]",,,,Off T,0.27330598,Normal,Open Play,,,,,,Algeria,4898,00:07:10.462,Shot,
,,,,,,,,,,,,,,,,,0.122758,,,,,,,,,,,,,c650c7b3-219d-4fc8-896c-6cd01a5b393f,1684,,"[104.7, 24.8]",3920402,57,,,,,,,,,,,,,,,,,,,,,,,,,2,From Goal Kick,Mohamed El Amine Amoura,141358.0,Center Attacking Midfield,92,Algeria,4898,"['61cf3a77-2063-4af0-885c-c1ab0aaa6c1e', 'c540ccd0-d025-4309-a833-d7038e290497']",3,,Right Foot,,"[106.0, 26.1]",,"[{'location': [117.7, 36.8], 'player': {'id': 4388, 'name': 'Kouakou Herve Koffi'}, 'position': {'id': 1, 'name': 'Goalkeeper'}, 'teammate': False}, {'location': [110.7, 44.5], 'player': {'id': 3035, 'name': 'Steeve Yago'}, 'position': {'id': 6, 'name': 'Left Back'}, 'teammate': False}, {'location': [110.1, 40.9], 'player': {'id': 30606, 'name': 'Edmond Fayçal Tapsoba'}, 'position': {'id': 5, 'name': 'Left Center Back'}, 'teammate': False}, {'location': [109.4, 34.1], 'player': {'id': 23999, 'name': 'Ibrahim Blati Touré'}, 'position': {'id': 15, 'name': 'Left Center Midfield'}, 'teammate': False}, {'location': [109.5, 30.2], 'player': {'id': 99280, 'name': 'Adamo Nagalo'}, 'position': {'id': 2, 'name': 'Right Back'}, 'teammate': False}, {'location': [109.7, 28.6], 'player': {'id': 106681, 'name': 'Ismahila Ouédraogo'}, 'position': {'id': 10, 'name': 'Center Defensive Midfield'}, 'teammate': False}, {'location': [106.5, 25.2], 'player': {'id': 102800, 'name': 'Issoufou Dayo'}, 'position': {'id': 3, 'name': 'Right Center Back'}, 'teammate': False}, {'location': [103.4, 20.3], 'player': {'id': 35471, 'name': 'Issa Kabore'}, 'position': {'id': 12, 'name': 'Right Midfield'}, 'teammate': False}, {'location': [111.9, 45.7], 'player': {'id': 3814, 'name': 'Riyad Mahrez'}, 'position': {'id': 17, 'name': 'Right Wing'}, 'teammate': True}, {'location': [111.8, 31.3], 'player': {'id': 103464, 'name': 'Mohamed Youcef Belaïli'}, 'position': {'id': 21, 'name': 'Left Wing'}, 'teammate': True}, {'location': [106.2, 42.0], 'player': {'id': 103465, 'name': 'Baghdad Bounedjah'}, 'position': {'id': 23, 'name': 'Center Forward'}, 'teammate': True}]",2dcdcafc-1be7-402f-b7ba-007dd596ce8e,,,Blocked,0.036462285,Normal,Open Play,,,,,,Algeria,4898,00:12:03.729,Shot,
,,,,,,,,,,,,,,,,,0.305035,,,,,,,,,,,,,d10b6179-9d71-4faa-a9e1-3ee57302e451,1740,,"[116.2, 44.8]",3920402,57,,,,,,,,,,,,,,,,,,,,,,,,,2,From Goal Kick,Mohamed El Amine Amoura,141358.0,Center Attacking Midfield,92,Algeria,4898,['26d61c61-c1c6-4408-816c-b69a7648a977'],57,,Head,,"[120.0, 40.8, 4.8]",,"[{'location': [106.4, 36.3], 'player': {'id': 23999, 'name': 'Ibrahim Blati Touré'}, 'position': {'id': 15, 'name': 'Left Center Midfield'}, 'teammate': False}, {'location': [111.3, 34.8], 'player': {'id': 102800, 'name': 'Issoufou Dayo'}, 'position': {'id': 3, 'name': 'Right Center Back'}, 'teammate': False}, {'location': [111.2, 36.5], 'player': {'id': 103465, 'name': 'Baghdad Bounedjah'}, 'position': {'id': 23, 'name': 'Center Forward'}, 'teammate': True}, {'location': [111.9, 37.7], 'player': {'id': 30606, 'name': 'Edmond Fayçal Tapsoba'}, 'position': {'id': 5, 'name': 'Left Center Back'}, 'teammate': False}, {'location': [117.7, 43.0], 'player': {'id': 4388, 'name': 'Kouakou Herve Koffi'}, 'position': {'id': 1, 'name': 'Goalkeeper'}, 'teammate': False}, {'location': [115.8, 46.1], 'player': {'id': 3035, 'name': 'Steeve Yago'}, 'position': {'id': 6, 'name': 'Left Back'}, 'teammate': False}]",6c996b35-6e52-44fb-ac26-e3d5bfb31746,True,,Off T,0.26400384,Normal,Open Play,,,,,,Algeria,4898,00:12:57.514,Shot,
,,,,,,,,,,,,,,,,,0.213504,,,,,,,,,,,,,7d10e4a9-9ab3-4527-a983-a8a8e253bbda,1858,,"[105.2, 29.1]",3920402,63,,,,,,,,,,,,,,,,,,,,,,,,,2,Regular Play,Mohamed Youcef Belaïli,103464.0,Left Wing,101,Algeria,4898,"['79bd1c37-6894-4624-986d-786f473f0595', 'eed6e68a-2642-403d-9a28-6f0c99ba4f9a', '7adbf146-8b59-4d64-b4bf-5ae8dc3a6416']",41,,Right Foot,,"[106.5, 30.0]",,"[{'location': [117.0, 37.9], 'player': {'id': 4388, 'name': 'Kouakou Herve Koffi'}, 'position': {'id': 1, 'name': 'Goalkeeper'}, 'teammate': False}, {'location': [102.5, 54.4], 'player': {'id': 3814, 'name': 'Riyad Mahrez'}, 'position': {'id': 17, 'name': 'Right Wing'}, 'teammate': True}, {'location': [102.1, 47.3], 'player': {'id': 103465, 'name': 'Baghdad Bounedjah'}, 'position': {'id': 23, 'name': 'Center Forward'}, 'teammate': True}, {'location': [103.8, 35.2], 'player': {'id': 141358, 'name': 'Mohamed El Amine Amoura'}, 'position': {'id': 19, 'name': 'Center Attacking Midfield'}, 'teammate': True}, {'location': [103.9, 23.4], 'player': {'id': 45466, 'name': 'Gustavo Fabrice Sangaré'}, 'position': {'id': 13, 'name': 'Right Center Midfield'}, 'teammate': False}, {'location': [107.2, 25.5], 'player': {'id': 99280, 'name': 'Adamo Nagalo'}, 'position': {'id': 2, 'name': 'Right Back'}, 'teammate': False}, {'location': [103.4, 36.5], 'player': {'id': 106681, 'name': 'Ismahila Ouédraogo'}, 'position': {'id': 10, 'name': 'Center Defensive Midfield'}, 'teammate': False}, {'location': [106.2, 49.5], 'player': {'id': 3035, 'name': 'Steeve Yago'}, 'position': {'id': 6, 'name': 'Left Back'}, 'teammate': False}, {'location': [108.5, 39.8], 'player': {'id': 30606, 'name': 'Edmond Fayçal Tapsoba'}, 'position': {'id': 5, 'name': 'Left Center Back'}, 'teammate': False}, {'location': [108.1, 34.4], 'player': {'id': 102800, 'name': 'Issoufou Dayo'}, 'position': {'id': 3, 'name': 'Right Center Back'}, 'teammate': False}, {'location': [106.6, 30.1], 'player': {'id': 23999, 'name': 'Ibrahim Blati Touré'}, 'position': {'id': 15, 'name': 'Left Center Midfield'}, 'teammate': False}]",631a8fc9-7fc3-4642-892b-53fc0fc7dc99,,,Blocked,0.04725152,Normal,Open Play,,,,,,Algeria,4898,00:18:41.291,Shot,True
,,,,,,,,,,,,,,,,,0.571721,,,,,,,,,,,,,a897f422-9c60-42d7-930c-01646a7ca24c,1940,,"[108.1, 40.1]",3920402,70,,,,,,,,,,,,,,,,,,,,,,,,,2,Other,Bertrand Isidore Traoré,2956.0,Center Forward,106,Burkina Faso,4921,['e9f4a0cf-c171-45ea-a5c0-f5fe199c20cc'],42,,Left Foot,,"[120.0, 41.0, 0.7]",,,,,,Goal,0.7835,Normal,Penalty,,,,,,Burkina Faso,4921,00:25:42.219,Shot,
,,,,,,,,,,,,,,,,,0.676398,,,,,,,,,,,,,bf028a14-07e3-4e70-9864-cc9914aa1008,2143,,"[112.6, 35.8]",3920402,78,,,,,,,,,,,,,,,,,,,,,,,,,2,Regular Play,Baghdad Bounedjah,103465.0,Center Forward,117,Algeria,4898,"['b3acecae-a453-40a1-af7a-636121d8fb22', '415e7d32-4e70-476e-b17f-33bcfa0bb671']",46,True,Head,,"[120.0, 35.6, 4.0]",,"[{'location': [101.5, 19.3], 'player': {'id': 35471, 'name': 'Issa Kabore'}, 'position': {'id': 12, 'name': 'Right Midfield'}, 'teammate': False}, {'location': [100.0, 37.0], 'player': {'id': 45466, 'name': 'Gustavo Fabrice Sangaré'}, 'position': {'id': 13, 'name': 'Right Center Midfield'}, 'teammate': False}, {'location': [97.3, 48.6], 'player': {'id': 43705, 'name': 'Abdoul Fessal Tapsoba'}, 'position': {'id': 16, 'name': 'Left Midfield'}, 'teammate': False}, {'location': [104.2, 16.3], 'player': {'id': 99280, 'name': 'Adamo Nagalo'}, 'position': {'id': 2, 'name': 'Right Back'}, 'teammate': False}, {'location': [107.1, 24.1], 'player': {'id': 106681, 'name': 'Ismahila Ouédraogo'}, 'position': {'id': 10, 'name': 'Center Defensive Midfield'}, 'teammate': False}, {'location': [111.7, 28.5], 'player': {'id': 102800, 'name': 'Issoufou Dayo'}, 'position': {'id': 3, 'name': 'Right Center Back'}, 'teammate': False}, {'location': [117.0, 37.9], 'player': {'id': 4388, 'name': 'Kouakou Herve Koffi'}, 'position': {'id': 1, 'name': 'Goalkeeper'}, 'teammate': False}, {'location': [111.9, 42.6], 'player': {'id': 3035, 'name': 'Steeve Yago'}, 'position': {'id': 6, 'name': 'Left Back'}, 'teammate': False}, {'location': [112.7, 36.8], 'player': {'id': 30606, 'name': 'Edmond Fayçal Tapsoba'}, 'position': {'id': 5, 'name': 'Left Center Back'}, 'teammate': False}, {'location': [102.3, 25.3], 'player': {'id': 141358, 'name': 'Mohamed El Amine Amoura'}, 'position': {'id': 21, 'name': 'Left Wing'}, 'teammate': True}, {'location': [111.7, 40.8], 'player': {'id': 217047, 'name': 'Fares Chaïbi'}, 'position': {'id': 19, 'name': 'Center Attacking Midfield'}, 'teammate': True}, {'location': [103.5, 57.7], 'player': {'id': 10448, 'name': 'Adam Ounas'}, 'position': {'id': 17, 'name': 'Right Wing'}, 'teammate': True}]",f00a87e7-3f2b-47f4-a882-65318bb9336d,,,Off T,0.11427515,Normal,Open Play,,,,,,Algeria,4898,00:33:46.848,Shot,True
,,,,,,,,,,,,,,,,,0.10505,,,,,,,,,,,,,1822cabe-eb12-4854-84c0-431663517476,2308,,"[113.0, 49.7]",3920402,85,,,,,,,,,,,,,,,,,,,,,,,,,2,Regular Play,Islam Slimani,3811.0,Right Center Forward,129,Algeria,4898,"['d3c468bd-08cb-48ba-99eb-5939328d0a85', '5716d359-6deb-4daa-942f-f93ceb984031']",18,,Head,,"[113.5, 48.9]",,"[{'location': [104.4, 19.2], 'player': {'id': 136948, 'name': 'Yacouba Nasser Djiga'}, 'position': {'id': 2, 'name': 'Right Back'}, 'teammate': False}, {'location': [102.1, 29.6], 'player': {'id': 408160, 'name': 'Dramane Salou'}, 'position': {'id': 13, 'name': 'Right Center Midfield'}, 'teammate': False}, {'location': [105.2, 23.9], 'player': {'id': 106681, 'name': 'Ismahila Ouédraogo'}, 'position': {'id': 10, 'name': 'Center Defensive Midfield'}, 'teammate': False}, {'location': [113.1, 48.8], 'player': {'id': 3035, 'name': 'Steeve Yago'}, 'position': {'id': 6, 'name': 'Left Back'}, 'teammate': False}, {'location': [111.7, 39.8], 'player': {'id': 30606, 'name': 'Edmond Fayçal Tapsoba'}, 'position': {'id': 5, 'name': 'Left Center Back'}, 'teammate': False}, {'location': [112.2, 36.2], 'player': {'id': 102800, 'name': 'Issoufou Dayo'}, 'position': {'id': 3, 'name': 'Right Center Back'}, 'teammate': False}, {'location': [105.0, 37.2], 'player': {'id': 35471, 'name': 'Issa Kabore'}, 'position': {'id': 12, 'name': 'Right Midfield'}, 'teammate': False}, {'location': [105.2, 30.5], 'player': {'id': 23999, 'name': 'Ibrahim Blati Touré'}, 'position': {'id': 15, 'name': 'Left Center Midfield'}, 'teammate': False}, {'location': [119.0, 41.3], 'player': {'id': 4388, 'name': 'Kouakou Herve Koffi'}, 'position': {'id': 1, 'name': 'Goalkeeper'}, 'teammate': False}, {'location': [107.3, 26.8], 'player': {'id': 12111, 'name': 'Rayan Aït Nouri'}, 'position': {'id': 6, 'name': 'Left Back'}, 'teammate': True}, {'location': [108.7, 34.2], 'player': {'id': 141358, 'name': 'Mohamed El Amine Amoura'}, 'position': {'id': 16, 'name': 'Left Midfield'}, 'teammate': True}, {'location': [111.3, 38.5], 'player': {'id': 103465, 'name': 'Baghdad Bounedjah'}, 'position': {'id': 24, 'name': 'Left Center Forward'}, 'teammate': True}, {'location': [105.2, 54.8], 'player': {'id': 10040, 'name': 'Youcef Atal'}, 'position': {'id': 2, 'name': 'Right Back'}, 'teammate': True}]",32d37492-d945-429d-8abf-04a22d6776c0,,,Blocked,0.06753679,Normal,Open Play,,,,,,Algeria,4898,00:40:18.492,Shot,
,,,,,,,,,,,,,,,,,0.662889,,,,,,,,,,,,,b81eaa59-c758-4bb5-ae29-fc1073dcfaea,2342,,"[111.9, 23.7]",3920402,86,,,,,,,,,,,,,,,,,,,,,,,,,2,From Throw In,Bertrand Isidore Traoré,2956.0,Center Forward,132,Burkina Faso,4921,['3168919c-3624-4601-afe0-a068b1a84ae9'],42,,Left Foot,,"[120.0, 35.3, 2.3]",,"[{'location': [117.4, 35.8], 'player': {'id': 41381, 'name': 'Anthony Louis Mandréa'}, 'position': {'id': 1, 'name': 'Goalkeeper'}, 'teammate': False}, {'location': [101.7, 28.7], 'player': {'id': 217047, 'name': 'Fares Chaïbi'}, 'position': {'id': 11, 'name': 'Left Defensive Midfield'}, 'teammate': False}, {'location': [109.6, 38.4], 'player': {'id': 12111, 'name': 'Rayan Aït Nouri'}, 'position': {'id': 6, 'name': 'Left Back'}, 'teammate': False}, {'location': [108.9, 34.8], 'player': {'id': 3191, 'name': 'Ramy Bensebaini'}, 'position': {'id': 5, 'name': 'Left Center Back'}, 'teammate': False}, {'location': [111.4, 26.2], 'player': {'id': 6648, 'name': 'Aïssa Mandi'}, 'position': {'id': 3, 'name': 'Right Center Back'}, 'teammate': False}, {'location': [106.1, 23.8], 'player': {'id': 10040, 'name': 'Youcef Atal'}, 'position': {'id': 2, 'name': 'Right Back'}, 'teammate': False}, {'location': [111.0, 38.1], 'player': {'id': 35471, 'name': 'Issa Kabore'}, 'position': {'id': 12, 'name': 'Right Midfield'}, 'teammate': True}, {'location': [102.6, 11.0], 'player': {'id': 44307, 'name': 'Cédric Badolo'}, 'position': {'id': 16, 'name': 'Left Midfield'}, 'teammate': True}]",9358fc68-5ee6-4be1-8570-ed13598b928a,True,,Off T,0.018210432,Normal,Open Play,,,,,,Burkina Faso,4921,00:41:42.332,Shot,
,,,,,,,,,,,,,,,,,1.020176,,,,,,,,,,,,,8ed09527-f735-4df3-9879-5af5504c94f1,2505,,"[115.3, 14.8]",3920402,93,,,,,,,,,,,,,,,,,,,,,,,,,2,From Free Kick,Fares Chaïbi,217047.0,Left Defensive Midfield,141,Algeria,4898,['7b762da3-0a66-478b-8ec8-83fdff8a8433'],2,,Right Foot,,"[120.0, 40.0, 4.5]",,"[{'location': [117.1, 43.0], 'player': {'id': 38345, 'name': 'Ramiz Larbi Zerrouki'}, 'position': {'id': 9, 'name': 'Right Defensive Midfield'}, 'teammate': True}, {'location': [105.9, 32.7], 'player': {'id': 408160, 'name': 'Dramane Salou'}, 'position': {'id': 13, 'name': 'Right Center Midfield'}, 'teammate': False}, {'location': [116.6, 36.7], 'player': {'id': 102800, 'name': 'Issoufou Dayo'}, 'position': {'id': 3, 'name': 'Right Center Back'}, 'teammate': False}, {'location': [117.8, 35.7], 'player': {'id': 136948, 'name': 'Yacouba Nasser Djiga'}, 'position': {'id': 2, 'name': 'Right Back'}, 'teammate': False}, {'location': [114.5, 37.3], 'player': {'id': 106681, 'name': 'Ismahila Ouédraogo'}, 'position': {'id': 10, 'name': 'Center Defensive Midfield'}, 'teammate': False}, {'location': [116.9, 31.5], 'player': {'id': 2956, 'name': 'Bertrand Isidore Traoré'}, 'position': {'id': 23, 'name': 'Center Forward'}, 'teammate': False}, {'location': [116.9, 39.2], 'player': {'id': 30606, 'name': 'Edmond Fayçal Tapsoba'}, 'position': {'id': 5, 'name': 'Left Center Back'}, 'teammate': False}, {'location': [118.0, 42.6], 'player': {'id': 3035, 'name': 'Steeve Yago'}, 'position': {'id': 6, 'name': 'Left Back'}, 'teammate': False}, {'location': [119.4, 38.1], 'player': {'id': 4388, 'name': 'Kouakou Herve Koffi'}, 'position': {'id': 1, 'name': 'Goalkeeper'}, 'teammate': False}, {'location': [115.4, 48.6], 'player': {'id': 44307, 'name': 'Cédric Badolo'}, 'position': {'id': 16, 'name': 'Left Midfield'}, 'teammate': False}, {'location': [109.3, 43.3], 'player': {'id': 23999, 'name': 'Ibrahim Blati Touré'}, 'position': {'id': 15, 'name': 'Left Center Midfield'}, 'teammate': False}, {'location': [116.7, 24.0], 'player': {'id': 35471, 'name': 'Issa Kabore'}, 'position': {'id': 12, 'name': 'Right Midfield'}, 'teammate': False}, {'location': [94.2, 46.0], 'player': {'id': 10040, 'name': 'Youcef Atal'}, 'position': {'id': 2, 'name': 'Right Back'}, 'teammate': True}, {'location': [117.1, 34.3], 'player': {'id': 3191, 'name': 'Ramy Bensebaini'}, 'position': {'id': 5, 'name': 'Left Center Back'}, 'teammate': True}, {'location': [115.4, 35.6], 'player': {'id': 6648, 'name': 'Aïssa Mandi'}, 'position': {'id': 3, 'name': 'Right Center Back'}, 'teammate': True}, {'location': [116.2, 40.5], 'player': {'id': 103465, 'name': 'Baghdad Bounedjah'}, 'position': {'id': 24, 'name': 'Left Center Forward'}, 'teammate': True}, {'location': [116.2, 43.8], 'player': {'id': 3811, 'name': 'Islam Slimani'}, 'position': {'id': 22, 'name': 'Right Center Forward'}, 'teammate': True}, {'location': [114.1, 52.8], 'player': {'id': 141358, 'name': 'Mohamed El Amine Amoura'}, 'position': {'id': 16, 'name': 'Left Midfield'}, 'teammate': True}, {'location': [102.4, 51.3], 'player': {'id': 10448, 'name': 'Adam Ounas'}, 'position': {'id': 12, 'name': 'Right Midfield'}, 'teammate': True}]",,,,Off T,0.007660776,Normal,Free Kick,,,,,,Algeria,4898,00:48:02.868,Shot,
,,,,,,,,,,,,,,,,,0.533979,,,,,,,,,,,,,ce0c3888-cb6d-42dc-ab6d-6cb7c5bcbbbc,2527,,"[111.6, 41.8]",3920402,94,,,,,,,,,,,,,,,,,,,,,,,,,2,From Corner,Baghdad Bounedjah,103465.0,Left Center Forward,144,Algeria,4898,"['7bcfa93c-d8a8-4890-85d2-b18dabb49f95', '98d78c70-eb85-4443-ba6e-f2c92babfb78', '8a7cee50-586e-47cc-a678-29401f9febe8']",23,True,Head,True,"[120.0, 38.5, 2.0]",,"[{'location': [115.6, 34.7], 'player': {'id': 136948, 'name': 'Yacouba Nasser Djiga'}, 'position': {'id': 2, 'name': 'Right Back'}, 'teammate': False}, {'location': [112.5, 45.8], 'player': {'id': 44307, 'name': 'Cédric Badolo'}, 'position': {'id': 16, 'name': 'Left Midfield'}, 'teammate': False}, {'location': [114.3, 39.8], 'player': {'id': 30606, 'name': 'Edmond Fayçal Tapsoba'}, 'position': {'id': 5, 'name': 'Left Center Back'}, 'teammate': False}, {'location': [111.6, 40.9], 'player': {'id': 3035, 'name': 'Steeve Yago'}, 'position': {'id': 6, 'name': 'Left Back'}, 'teammate': False}, {'location': [114.7, 35.9], 'player': {'id': 102800, 'name': 'Issoufou Dayo'}, 'position': {'id': 3, 'name': 'Right Center Back'}, 'teammate': False}, {'location': [115.1, 30.6], 'player': {'id': 2956, 'name': 'Bertrand Isidore Traoré'}, 'position': {'id': 23, 'name': 'Center Forward'}, 'teammate': False}, {'location': [110.0, 42.6], 'player': {'id': 106681, 'name': 'Ismahila Ouédraogo'}, 'position': {'id': 10, 'name': 'Center Defensive Midfield'}, 'teammate': False}, {'location': [107.9, 41.2], 'player': {'id': 23999, 'name': 'Ibrahim Blati Touré'}, 'position': {'id': 15, 'name': 'Left Center Midfield'}, 'teammate': False}, {'location': [115.1, 37.4], 'player': {'id': 38345, 'name': 'Ramiz Larbi Zerrouki'}, 'position': {'id': 9, 'name': 'Right Defensive Midfield'}, 'teammate': True}, {'location': [113.9, 32.8], 'player': {'id': 217047, 'name': 'Fares Chaïbi'}, 'position': {'id': 11, 'name': 'Left Defensive Midfield'}, 'teammate': True}, {'location': [111.4, 37.4], 'player': {'id': 3811, 'name': 'Islam Slimani'}, 'position': {'id': 22, 'name': 'Right Center Forward'}, 'teammate': True}, {'location': [107.8, 43.3], 'player': {'id': 141358, 'name': 'Mohamed El Amine Amoura'}, 'position': {'id': 16, 'name': 'Left Midfield'}, 'teammate': True}, {'location': [111.0, 44.2], 'player': {'id': 3191, 'name': 'Ramy Bensebaini'}, 'position': {'id': 5, 'name': 'Left Center Back'}, 'teammate': True}, {'location': [114.5, 47.6], 'player': {'id': 6648, 'name': 'Aïssa Mandi'}, 'position': {'id': 3, 'name': 'Right Center Back'}, 'teammate': True}, {'location': [119.2, 40.1], 'player': {'id': 4388, 'name': 'Kouakou Herve Koffi'}, 'position': {'id': 1, 'name': 'Goalkeeper'}, 'teammate': False}, {'location': [119.6, 37.9], 'player': {'id': 35471, 'name': 'Issa Kabore'}, 'position': {'id': 12, 'name': 'Right Midfield'}, 'teammate': False}]",94b99d06-0d21-43ba-bc10-8c56e46f5eec,,,Goal,0.09241424,Normal,Open Play,,,,,,Algeria,4898,00:49:23.132,Shot,True
,,,,,,,Right Foot,,,,True,,,,,,0.0,,,,,,,,,,,,,a7c2e450-2233-43f9-9c46-f846da233c51,432,,"[8.5, 47.9]",3920402,10,,,,,,,,,,,,,,,,,,,,,,,,,1,From Free Kick,Issoufou Dayo,102800.0,Right Center Back,19,Algeria,4898,['2ad5d954-b62e-495c-b240-e8848b5f4276'],20,,,,,,,,,,,,,,,,,,,Burkina Faso,4921,00:10:20.182,Clearance,True
,,,,,,,Right Foot,,,,True,,,,,,0.0,,,,,,,,,,,,,918ed8a0-18fa-4407-8635-98f9cba439b2,534,,"[3.3, 49.7]",3920402,13,,,True,,,,,,,,,,,,,,,,,,,,,,1,From Free Kick,Issoufou Dayo,102800.0,Right Center Back,25,Algeria,4898,"['87fc2c33-2fce-436f-aa2f-4e1e518a7bcc', '6f7495dc-c9cb-4b2a-876a-7a8fbdc3e2f4']",34,,,,,,,,,,,,,,,,,,,Burkina Faso,4921,00:13:34.649,Clearance,True
,,,,,,,Right Foot,,,,True,,,,,,0.0,,,,,,,,,,,,,e4a524d0-2785-4278-a92a-c7619ad715ca,626,,"[7.7, 49.3]",3920402,18,,,,,,,,,,,,,,,,,,,,,,,,,1,From Free Kick,Issoufou Dayo,102800.0,Right Center Back,29,Algeria,4898,,0,,,,,,,,,,,,,,,,,,,Burkina Faso,4921,00:18:00.116,Clearance,True
,,,,,,,Head,True,,,,,,,,,0.0,,,,,,,,,,,,,f9750517-ae0b-40d8-bc38-512206c82484,747,,"[9.8, 39.9]",3920402,22,,,,,,,,,,,,,,,,,,,,,,,,,1,From Free Kick,Aïssa Mandi,6648.0,Right Center Back,34,Burkina Faso,4921,['fa18b9f1-b3ec-4242-813e-64768b214562'],8,,,,,,,,,,,,,,,,,,,Algeria,4898,00:22:08.519,Clearance,True
,,,,,,,Head,True,,,,,,,,,0.0,,,,,,,,,,,,,4a5585ad-9716-486b-ab0a-2d3760669b94,750,,"[6.5, 40.7]",3920402,22,,,,,,,,,,,,,,,,,,,,,,,,,1,From Free Kick,Youcef Atal,10040.0,Right Back,34,Burkina Faso,4921,['bb94662a-79c4-4784-9994-0be57d36c3c0'],12,,,,,,,,,,,,,,,,,,,Algeria,4898,00:22:12.247,Clearance,True
,,,,,,,Right Foot,,,,True,,,,,,0.0,,,,,,,,,,,,,67d68a67-9ae8-43b5-91f4-0445ad41be2f,751,,"[10.8, 39.0]",3920402,22,,,,,,,,,,,,,,,,,,,,,,,,,1,From Free Kick,Baghdad Bounedjah,103465.0,Center Forward,34,Burkina Faso,4921,,13,,,,,,,,,,,,,,,,,,,Algeria,4898,00:22:13.115,Clearance,True
,,,,,,,Right Foot,,,,True,,,,,,3.423056,,,,,,,,,,,,,1de15b01-a6d7-4c12-b955-5570b952afad,777,,"[21.8, 28.3]",3920402,25,,,,,,,,,,,,,,,,,,,,,,,,,1,From Goal Kick,Rayan Aït Nouri,12111.0,Left Back,37,Burkina Faso,4921,['fd9d154d-fea4-4b90-90f0-c33efd5ca737'],49,,,,,,,,,,,,,,,,,,,Algeria,4898,00:25:49.306,Clearance,True
,,,,,,True,Head,True,,,,,,,,,0.0,,,,,,,,,,,,,bb721b9d-501d-45f8-b142-b30f4ad49d79,870,,"[61.9, 14.6]",3920402,28,,,,,,,,,,,,,,,,,,,,,,,,,1,From Goal Kick,Ramy Bensebaini,3191.0,Left Center Back,41,Algeria,4898,"['9974cea5-15f7-4b74-a525-81b58627d297', 'bc489382-7503-42cb-9ed1-75da19a25625']",5,,,,,,,,,,,,,,,,,,,Algeria,4898,00:28:05.937,Clearance,True
,,,,,,True,Head,True,,,,,,,,,0.0,,,,,,,,,,,,,38ec5de1-ba46-4024-9e67-f22536bd23bb,915,,"[10.5, 41.1]",3920402,29,,,,,,,,,,,,,,,,,,,,,,,,,1,From Goal Kick,Edmond Fayçal Tapsoba,30606.0,Left Center Back,42,Algeria,4898,"['23dd4a5c-6d50-4a41-bfd9-50cc5559e875', '1e234857-5687-4e3e-89f8-37c445fd21b5']",52,,,,,,,,,,,,,,,,,,,Burkina Faso,4921,00:29:52.082,Clearance,True
,,,,,,,Right Foot,,,,True,,,,,,0.0,,,,,,,,,,,,,78e746e2-1beb-4713-b148-d33870afaf1e,981,,"[10.9, 44.0]",3920402,32,,,,,,,,,,,,,,,,,,,,,,,,,1,From Free Kick,Baghdad Bounedjah,103465.0,Center Forward,46,Burkina Faso,4921,['5a23b961-6ed1-4e13-a04a-1689bab4f852'],29,,,,,,,,,,,,,,,,,,,Algeria,4898,00:32:29.212,Clearance,True
,,,,,,,Head,True,,,,,,,,,1.42454,,,,,,,,,,,,,93a00f0b-a6f2-4ef1-ad09-4a74c2495aaf,1035,,"[35.4, 37.0]",3920402,35,,,,,,,,,,,,,,,,,,,,,,,,,1,From Free Kick,Aïssa Mandi,6648.0,Right Center Back,48,Burkina Faso,4921,['e72212d4-e1ba-4c76-a6cd-ee9bbcb1a514'],45,,,,,,,,,,,,,,,,,,,Algeria,4898,00:35:45.314,Clearance,True
,,,,,,,Right Foot,,,,True,,,,,,0.0,,,,,,,,,,,,,9c5507ab-5c83-4cce-9222-3047213e89c5,1440,,"[42.9, 10.7]",3920402,50,,,True,,,,,,,,,,,,,,,,,,,,,,1,Regular Play,Ramiz Larbi Zerrouki,38345.0,Left Defensive Midfield,69,Burkina Faso,4921,['ad2f6504-e0b9-4e86-b5ef-f5eb564252e6'],59,,,,,,,,,,,,,,,,,,,Algeria,4898,00:50:59.623,Clearance,True
,,,,,,,Right Foot,,,,True,,,,,,0.0,,,,,,,,,,,,,0b31fb37-812a-4bb8-b867-acfdc93a2bbc,1519,,"[16.4, 51.2]",3920402,48,,,True,,,,,,,,,,,,,,,,,,,,,,2,Regular Play,Adamo Nagalo,99280.0,Right Back,75,Algeria,4898,['3d53ddf3-bbfa-426a-9ba3-707db51180bf'],2,,,,,,,,,,,,,,,,,,,Burkina Faso,4921,00:03:02.952,Clearance,True
,,,,,,,Right Foot,,,,True,,,,,,0.0,,,,,,,,,,,,,fd286c07-6dad-48a9-b6d2-d1191599a201,1532,,"[7.4, 56.9]",3920402,48,,,,,,,,,,,,,,,,,,,,,,,,,2,Regular Play,Youcef Atal,10040.0,Right Back,77,Burkina Faso,4921,,25,,,,,,,,,,,,,,,,,,,Algeria,4898,00:03:25.748,Clearance,True
,,,,,,,Head,True,,,,,,,,,0.0,,,,,,,,,,,,,fe0166e4-b0e5-4258-b3f4-a07596bb6695,1632,,"[3.5, 34.2]",3920402,55,,,True,,,,,,,,,,,,,,,,,,,,,,2,From Free Kick,Youcef Atal,10040.0,Right Back,88,Burkina Faso,4921,['922f8d0e-dc7a-489e-98ba-e3c5b9d75682'],19,,,,,,,,,,,,,,,,,,,Algeria,4898,00:10:19.607,Clearance,True
,,,,,,,Head,True,,,,,,,,,0.0,,,,,,,,,,,,,644504f4-b10e-4dab-9974-10659d5cf1d8,1644,,"[8.5, 40.7]",3920402,56,,,,,,,,,,,,,,,,,,,,,,,,,2,From Corner,Aïssa Mandi,6648.0,Right Center Back,89,Burkina Faso,4921,['6a0ee261-1363-4af7-9888-ce61abad4d89'],4,,,,,,,,,,,,,,,,,,,Algeria,4898,00:11:04.186,Clearance,True
,,,,,,,Left Foot,,True,,,,,,,,0.0,,,,,,,,,,,,,d6404f2e-6084-4571-8cda-5c91914c6a83,1646,,"[20.4, 8.8]",3920402,56,,,True,,,,,,,,,,,,,,,,,,,,,,2,From Corner,Ramiz Larbi Zerrouki,38345.0,Left Defensive Midfield,89,Burkina Faso,4921,['c345595e-d197-4edf-acc6-e649cde52f96'],6,,,,,,,,,,,,,,,,,,,Algeria,4898,00:11:06.191,Clearance,True
,,,,,,,Head,True,,,,,,,,,0.0,,,,,,,,,,,,,611c62fd-2902-479b-931a-ea28605ce294,1764,,"[4.1, 41.5]",3920402,60,,,,,,,,,,,,,,,,,,,,,,,,,2,From Goal Kick,Youcef Atal,10040.0,Right Back,93,Burkina Faso,4921,['1ad1db8f-2d67-495d-b02b-fcf814bba919'],13,,,,,,,,,,,,,,,,,,,Algeria,4898,00:15:13.885,Clearance,True
,,,,,,,Right Foot,,,,True,,,,,,0.0,,,,,,,,,,,,,19e65c81-74aa-46ae-888f-526fb9354b92,2129,,"[15.2, 38.6]",3920402,78,,,,,,,,,,,,,,,,,,,,,,,,,2,From Corner,Ibrahim Blati Touré,23999.0,Left Center Midfield,116,Algeria,4898,,26,,,,,,,,,,,,,,,,,,,Burkina Faso,4921,00:33:26.695,Clearance,True
,,,,,,True,Head,True,,,,,,,,,0.0,,,,,,,,,,,,,67ae7633-8b3b-4ec1-8206-b69486926007,2151,,"[38.2, 53.5]",3920402,80,,,,,,,,,,,,,,,,,,,,,,,,,2,From Goal Kick,Ramy Bensebaini,3191.0,Left Center Back,118,Burkina Faso,4921,"['933e4750-c6e6-4b75-87b4-1b7dae74f2b5', 'c4d861fa-065b-46ea-9f08-5c604c976ccf']",27,,,,,,,,,,,,,,,,,,,Algeria,4898,00:35:27.325,Clearance,True
,,,,,,,Head,True,,,,,,,,,0.0,,,,,,,,,,,,,0e293347-7961-43e9-a5af-d7c9d499f434,2214,,"[11.2, 46.2]",3920402,82,,,,,,,,,,,,,,,,,,,,,,,,,2,From Throw In,Issoufou Dayo,102800.0,Right Center Back,122,Algeria,4898,['b81068e7-ce0f-466f-b9ed-c8edb5b9fd35'],4,,,,,,,,,,,,,,,,,,,Burkina Faso,4921,00:37:04.405,Clearance,True
,,,,,,,Other,,,True,,,,,,,0.0,,,,,,,,,,,,,f897619b-a1e4-487a-8913-9041a3030471,2360,,"[8.8, 39.0]",3920402,87,,,,,,,,,,,,,,,,,,,,,,,,,2,From Goal Kick,Issoufou Dayo,102800.0,Right Center Back,133,Algeria,4898,['31b6252e-e1b9-4a83-ba53-69eba7d6664c'],15,,,,,,,,,,,,,,,,,,,Burkina Faso,4921,00:42:15.008,Clearance,True
,,,,,,,Head,True,,,,,,,,,0.0,,,,,,,,,,,,,2db0319c-ba7a-4aa2-8365-18ac7edcdb63,2397,,"[7.8, 41.9]",3920402,88,,,,,,,,,,,,,,,,,,,,,,,,,2,Regular Play,Yacouba Nasser Djiga,136948.0,Right Back,135,Algeria,4898,['5d6b89a5-ad96-4492-935b-194eb13d39a6'],26,,,,,,,,,,,,,,,,,,,Burkina Faso,4921,00:43:26.651,Clearance,True
,,,,,,True,Head,True,,,,,,,,,0.0,,,,,,,,,,,,,58292d0f-720e-412b-8ec5-d29e2df3b3dd,2510,,"[39.5, 76.2]",3920402,93,,,,,,,,,,,,,,,,,,,,,,,,,2,From Goal Kick,Youcef Atal,10040.0,Right Back,142,Burkina Faso,4921,"['e3d7ad69-c1a2-45a6-9c2e-10314c96339e', 'ee38e45e-3f9e-46bc-953d-31ecf3148058']",33,,,,,,,,,,,,,,,,,,,Algeria,4898,00:48:33.641,Clearance,True
,,,,,,,Right Foot,,,,True,,,,,,0.0,,,,,,,,,,,,,9248e2a4-a28b-46d5-8255-2d5320041367,2523,,"[3.0, 66.9]",3920402,93,,,True,,,,,,,,,,,,,,,,,,,,,,2,Regular Play,Yacouba Nasser Djiga,136948.0,Right Back,143,Algeria,4898,['3d895fb7-bcf6-4cb2-8b3e-9e5afbcdd74d'],50,,,,,,,,,,,,,,,,,,,Burkina Faso,4921,00:48:50.401,Clearance,True
,,,,,,,Left Foot,,True,,,,,,,,0.0,,,,,,,,,,,,,16ff66a0-7d76-4065-97a8-c524d90dbc7a,2536,,"[9.1, 8.5]",3920402,95,,,True,,,,,,,,,,,,,,,,,,,,,,2,From Kick Off,Rayan Aït Nouri,12111.0,Left Back,146,Burkina Faso,4921,"['e73c90af-76c6-41f3-b80e-6d8a6c93dce4', '079e2626-0a8b-4431-9fe3-98b57e3931e6']",45,,,,,,,,,,,,,,,,,,,Algeria,4898,00:50:45.238,Clearance,True
,,,,,,True,Head,True,,,,,,,,,0.0,,,,,,,,,,,,,befa2d91-789c-4d71-bc44-3b2e9a4b6c4c,2607,,"[18.1, 59.9]",3920402,98,,,,,,,,,,,,,,,,,,,,,,,,,2,From Free Kick,Yacouba Nasser Djiga,136948.0,Right Back,152,Algeria,4898,"['bd6363f1-0895-4a0e-ad61-a0dd6365c967', '39ef7c0d-22aa-474d-af34-de00a9cd8cbb']",18,,,,,,,,,,,,,,,,,,,Burkina Faso,4921,00:53:18.348,Clearance,True
,,,,,,,Head,True,,,,,,,,,0.0,,,,,,,,,,,,,817dcdd1-0469-4b64-8247-0f6c1fd75875,2618,,"[10.1, 46.3]",3920402,98,,,,,,,,,,,,,,,,,,,,,,,,,2,From Free Kick,Issoufou Dayo,102800.0,Right Center Back,152,Algeria,4898,['e8b8848c-58b8-4a12-a51a-a04a26e31296'],29,,,,,,,,,,,,,,,,,,,Burkina Faso,4921,00:53:29.623,Clearance,True
,,,,,,,,,,,,,,,,,0.0,,,,,,,,,,,,,34b8c36a-ee33-4b6b-80ff-1dd9e7231074,578,Success In Play,"[34.4, 44.6]",3920402,15,,,,,,,,,,,,,,,,,,,,,,,,,1,From Keeper,Ramy Bensebaini,3191.0,Left Center Back,27,Burkina Faso,4921,['e7ceaebd-e71a-4f9f-a4a4-ee3111b9ce2c'],10,,,,,,,,,,,,,,,,,,,Algeria,4898,00:15:10.438,Interception,
,,,,,,,,,,,,True,,,,,0.0,,,,,,,,,,,,,cfb168c2-0c63-447e-9d81-1455dada789a,725,Success In Play,"[13.7, 39.5]",3920402,20,,,,,,,,,,,,,,,,,,,,,,,,,1,Regular Play,Edmond Fayçal Tapsoba,30606.0,Left Center Back,32,Burkina Faso,4921,['2eeeb9e9-feec-41f7-89bb-ccdbfa06c3d4'],17,,,,,,,,,,,,,,,,,,,Burkina Faso,4921,00:20:17.765,Interception,
,,,,,,,,,,,,,,,,,0.0,,,,,,,,,,,,,e73697c2-c7be-4aca-8404-3679d44e3b92,765,Lost In Play,"[19.6, 51.8]",3920402,25,,,,,,,,,,,,,,,,,,,,,,,,,1,From Free Kick,Issoufou Dayo,102800.0,Right Center Back,36,Algeria,4898,['83e3d46b-2c75-45ff-8513-96f6ce65ec15'],3,,,,,,,,,,,,,,,,,,,Burkina Faso,4921,00:25:03.120,Interception,
,,,,,,,,,,,,,,,,,0.0,,,,,,,,,,,,,417870a8-c648-4c46-ba16-ad4a2af06e28,827,Lost In Play,"[31.1, 30.7]",3920402,27,,,,,,,,,,,,,,,,,,,,,,,,,1,Regular Play,Ramiz Larbi Zerrouki,38345.0,Left Defensive Midfield,40,Burkina Faso,4921,['6b60db66-8db0-4279-99d0-a6ac416f4c06'],0,,,,,,,,,,,,,,,,,,,Algeria,4898,00:27:00.503,Interception,
,,,,,,,,,,,,,,,,,0.0,,,,,,,,,,,,,854d7d69-d295-4c59-b6a8-71555bb6d3ce,1307,Success In Play,"[13.7, 32.4]",3920402,43,,,,,,,,,,,,,,,,,,,,,,,,,1,Regular Play,Edmond Fayçal Tapsoba,30606.0,Left Center Back,59,Algeria,4898,['2dac0a95-57e5-4082-b929-48b035c649ce'],18,,,,,,,,,,,,,,,,,,,Burkina Faso,4921,00:43:18.180,Interception,
,,,,,,,,,,,,,,,,,0.0,,,,,,,,,,,,,1c4dac48-184e-4186-ae44-e4a7fed94636,1310,Lost In Play,"[93.1, 48.5]",3920402,43,,,,,,,,,,,,,,,,,,,,,,,,,1,Regular Play,Ramiz Larbi Zerrouki,38345.0,Left Defensive Midfield,59,Algeria,4898,['380dd2a0-1fe0-4474-8657-5f6a3253074e'],19,,,,,,,,,,,,,,,,,,,Algeria,4898,00:43:19.834,Interception,
,,,,,,,,,,,,,,,,,0.0,,,,,,,,,,,,,dd13ccb1-3b25-4390-a663-56ed74890b87,1319,Lost In Play,"[18.8, 27.8]",3920402,43,,,,,,,,,,,,,,,,,,,,,,,,,1,Regular Play,Ibrahim Blati Touré,23999.0,Left Defensive Midfield,59,Algeria,4898,['8b862a3e-0043-4ddd-b58e-38de76942147'],22,,,,,,,,,,,,,,,,,,,Burkina Faso,4921,00:43:22.199,Interception,
,,,,,,,,,,,,,,,,,0.0,,,,,,,,,,,,,2222b05b-34bc-49d6-bf7e-12fad2c04c14,1382,Lost Out,"[64.1, 3.3]",3920402,46,,,,,,,,,,,,,,,,,,,,,,,,,1,From Throw In,Nabil Bentaleb,8520.0,Right Defensive Midfield,65,Burkina Faso,4921,['3302e769-798d-468a-8ca6-53c422575db5'],25,,,,,,,,,,,,,,,,,,,Algeria,4898,00:46:25.273,Interception,
,,,,,,,,,,,,,,,,,0.0,,,,,,,,,,,,,f76aa616-c11d-4c96-9d64-c63d5f35c6bc,1477,Lost In Play,"[22.6, 8.9]",3920402,45,,,,,,,,,,,,,,,,,,,,,,,,,2,Regular Play,Steeve Yago,3035.0,Left Back,71,Algeria,4898,['c228362a-5762-4e51-a626-607701dbb9a0'],31,,,,,,,,,,,,,,,,,,,Burkina Faso,4921,00:00:31.917,Interception,
,,,,,,,,,,,,,,,,,0.0,,,,,,,,,,,,,ed164907-389e-4977-991f-6d4b4b7ec84d,1522,Success In Play,"[18.5, 75.8]",3920402,48,,,,,,,,,,,,,,,,,,,,,,,,,2,From Throw In,Issa Kabore,35471.0,Right Midfield,76,Algeria,4898,['8a109e7a-84f9-4e8e-9367-169b74c7411f'],10,,,,,,,,,,,,,,,,,,,Burkina Faso,4921,00:03:10.974,Interception,
,,,,,,,,,,,,,,,,,0.0,,,,,,,,,,,,,ec1ae444-6b8e-4c5d-bba1-db4e4bd0aea8,1538,Lost In Play,"[10.7, 77.0]",3920402,48,,,,,,,,,,,,,,,,,,,,,,,,,2,Regular Play,Riyad Mahrez,3814.0,Right Wing,77,Burkina Faso,4921,['68423166-2d67-44cb-b9a0-9cf48497977f'],30,,,,,,,,,,,,,,,,,,,Algeria,4898,00:03:30.972,Interception,
,,,,,,,,,,,,,,,,,0.0,,,,,,,,,,,,,8b19c3d9-4ac5-462c-9532-ff3331a0bcf1,1912,Won,"[22.1, 30.1]",3920402,64,,,,,,,,,,,,,,,,,,,,,,,,,2,Regular Play,Ramy Bensebaini,3191.0,Left Center Back,104,Burkina Faso,4921,['aa618b80-c99d-4a8a-9003-9eace9cdf62f'],36,,,,,,,,,,,,,,,,,,,Algeria,4898,00:19:36.081,Interception,
,,,,,,,,,,,,,,,,,0.0,,,,,,,,,,,,,751bf804-247e-48c7-af56-ae1401f6c663,2029,Lost In Play,"[19.5, 72.3]",3920402,74,,,,,,,,,,,,,,,,,,,,,,,,,2,Regular Play,Adamo Nagalo,99280.0,Right Back,110,Algeria,4898,['56192781-860e-41be-b219-a09f7d42c79a'],29,,,,,,,,,,,,,,,,,,,Burkina Faso,4921,00:29:29.652,Interception,
,,,,,,,,,,,,True,,,,,0.0,,,,,,,,,,,,,27a027e4-cad2-46a6-88f5-1dc7ecb502f3,2092,Won,"[76.6, 2.9]",3920402,77,,,,,,,,,,,,,,,,,,,,,,,,,2,Regular Play,Rayan Aït Nouri,12111.0,Left Back,114,Algeria,4898,['26ead82d-a877-43bb-8451-53cb63bb359c'],23,,,,,,,,,,,,,,,,,,,Algeria,4898,00:32:23.400,Interception,
,,,,,,,,,,,,,,,,,0.0,,,,,,,,,,,,,43a88cd2-84cd-45cd-9944-7f7fd77d8959,2333,Lost Out,"[86.1, 64.8]",3920402,86,,,,,,,,,,,,,,,,,,,,,,,,,2,Regular Play,Ramiz Larbi Zerrouki,38345.0,Right Defensive Midfield,131,Burkina Faso,4921,['e19f450a-4e30-4261-84fc-43adbb702bc9'],13,,,,,,,,,,,,,,,,,,,Algeria,4898,00:41:13.861,Interception,
,,,,,,,,,,,,,,,,,0.0,,,,,,,,,,,,,c5d1f4a8-23fb-4283-a75f-0077e43d6abb,611,,,3920402,16,,,,,,,,,,,,,,,,,,,,,,,,,1,Regular Play,Mohamed Youcef Belaïli,103464.0,Left Wing,28,Algeria,4898,,7,,,,,,,,,,,,,,,,,,,Algeria,4898,00:16:07.699,Injury Stoppage,
,,,,,,,,,,,,,,,,,0.0,,,,,,,,,,,,,b4ff520c-cd13-4c6a-abc1-0ce890fd4c5c,762,,,3920402,23,,,,,,,,,,,,,,,,,,,,,,,,,1,Regular Play,Nabil Bentaleb,8520.0,Right Defensive Midfield,35,Burkina Faso,4921,,37,,,,,,,,,,,,,,,,,,,Algeria,4898,00:23:37.189,Injury Stoppage,
,,,,,,,,,,,,,,,,,0.0,,,,,,,,,,,,,55b48645-dbc2-4615-b3e1-885139551a89,1030,,,3920402,33,,,,,,,,,,,,,,,,,,,,,,,,,1,From Throw In,Adama Guira,24411.0,Right Defensive Midfield,47,Algeria,4898,,57,,,,,,,,,,,,,,,,,,,Burkina Faso,4921,00:33:57.578,Injury Stoppage,
,,,,,,,,,,,,,,,,,0.0,,,,,,,,,,,,,281d1835-2694-4961-9f7a-4e663a38d2e5,1031,,,3920402,33,,,,,,,,,,,,,,,,,,,,,,,,,1,From Throw In,Nabil Bentaleb,8520.0,Right Defensive Midfield,47,Algeria,4898,,59,,,,,,,,,,,,,,,,,,,Algeria,4898,00:33:59.900,Injury Stoppage,
,,,,,,,,,,,,,,,,,0.0,,,,,,,,,,,,,365f6a26-0498-4007-a151-b6e907d8b408,1629,,,3920402,53,,,,,,,,,,,,,,,,,,,,,,,,,2,Regular Play,Kouakou Herve Koffi,4388.0,Goalkeeper,87,Burkina Faso,4921,,45,,,,,,,,,,,,,,,,,,,Burkina Faso,4921,00:08:45.279,Injury Stoppage,
,,,,,,,,,,,,,,,,,0.0,,,,,,,,,,,,,6ca4c3de-08d4-4394-80e5-863b81a4d162,1803,,,3920402,61,,,,,,,,,,,,,,,,,,,,,,,,,2,Regular Play,Ramy Bensebaini,3191.0,Left Center Back,95,Burkina Faso,4921,,24,,,,,,,,,,,,,,,,,,,Algeria,4898,00:16:24.522,Injury Stoppage,
,,,,,,,,,,,,,,,,,0.0,,,,,,,,,,,,,547fc780-0c02-41de-8b8e-71ea5c7d4bf0,1939,,,3920402,65,,,,,,,,,,,,,,,,,,,,,,,,,2,From Throw In,Rayan Aït Nouri,12111.0,Left Back,105,Burkina Faso,4921,,27,,,,,,,,,,,,,,,,,,,Algeria,4898,00:20:27.580,Injury Stoppage,
,,,,,,,,,,,,,,,,,0.0,,,,,,,,,,,,,3c0111c1-eaee-45e4-a20a-fb491929cfd1,2046,,,3920402,75,,,,,,,,,,,,,,,,,,,,,,,,,2,Regular Play,Aïssa Mandi,6648.0,Right Center Back,110,Algeria,4898,,28,,,,,,,,,,,,,,,,,,,Algeria,4898,00:30:28.161,Injury Stoppage,
,,,,,,,,,,,,,,,,,0.0,,,,,,,,,,,,,72b5c127-a4bd-4886-90ea-c2c9ee39b641,2047,,,3920402,75,,,,,,,,,,,,,,,,,,,,,,,,,2,Regular Play,Ibrahim Blati Touré,23999.0,Left Center Midfield,110,Algeria,4898,,37,,,,,,,,,,,,,,,,,,,Burkina Faso,4921,00:30:37.978,Injury Stoppage,
,,,,,,,,,,,,,,,,,0.0,,,,,,,,,,,,,7a520302-d384-4c93-a810-a1c107bc5dd0,774,,"[35.0, 38.2]",3920402,25,,,,,,,,,,,,,,,,,,,,,,,,,1,From Goal Kick,Ramy Bensebaini,3191.0,Left Center Back,37,Burkina Faso,4921,['4e3b151b-0936-45cf-9a1e-42691b7279a6'],47,,,,,,,,,,,,,,,,,,,Algeria,4898,00:25:47.729,Dribbled Past,
,,,,,,,,,,,,,,,,,0.0,,,,,,,,,,,,,7497d8f5-8a5f-4350-bd10-c552ab3bda6f,1083,,"[40.4, 76.8]",3920402,36,,,,,,,,,,,,,,,,,,,,,,,,,1,From Free Kick,Riyad Mahrez,3814.0,Right Wing,50,Burkina Faso,4921,"['f2b293c4-ffbc-4899-8926-c0e77a3b58ec', '36aaee9b-b49f-46c2-bd32-ccc80e9f397d']",58,,,,,,,,,,,,,,,,,,,Algeria,4898,00:36:58.192,Dribbled Past,
,,,,,,,,,,,,True,,,,,0.0,,,,,,,,,,,,,4118a9c2-499f-44d8-be18-d915870b5a3c,1774,,"[74.3, 55.7]",3920402,60,,,,,,,,,,,,,,,,,,,,,,,,,2,Regular Play,Mohamed El Amine Amoura,141358.0,Center Attacking Midfield,95,Burkina Faso,4921,"['5240e505-faed-448c-b283-e6c9967041b0', 'd5aad2d6-15eb-4118-9a31-f303a7ded131']",31,,,,,,,,,,,,,,,,,,,Algeria,4898,00:15:31.599,Dribbled Past,
,,,,,,,,,,,,,,,,,0.0,,,,,,,,,,,,,878372ae-c4cd-46f4-8425-adaaff9efe47,2384,,"[42.6, 78.5]",3920402,88,,,,,,,,,,,,,,,,,,,,,,,,,2,Regular Play,Dramane Salou,408160.0,Right Center Midfield,135,Algeria,4898,"['6c037365-af6a-4e89-9176-1c14e57d2ad9', 'f89770ea-c8d9-45e9-bdfa-1266f1ca26a8', '4eb166fd-1142-48b9-a0f1-e4a03be8c365']",14,,,,,,,,,,,,,,,,,,,Burkina Faso,4921,00:43:14.046,Dribbled Past,
,,,,,,,,,,,,,,,,,0.0,,,,,,,,,,,,,6f3ede59-274d-475f-9a18-7ca4d2050ba6,1032,,,3920402,35,,,,,,,,,,,,,,,,,,,,,,,,,1,From Throw In,Adama Guira,24411.0,Right Defensive Midfield,47,Algeria,4898,['e73f69e8-9c3a-4e0f-88e5-8aa1a7e81c13'],35,,,,,,,,,,,,,,,,,,,Burkina Faso,4921,00:35:35.740,Player Off,
,,,,,,,,,,,,,,,,,0.0,,,,,,,,,,,,,17624b3a-6d19-493f-ac6b-c895820935f2,1742,,,3920402,59,,,,,,,,,,,,,,,,,,,,,,,,,2,From Goal Kick,Mohamed El Amine Amoura,141358.0,Center Attacking Midfield,92,Algeria,4898,['933cec81-21fb-4d4b-9b44-36f285704409'],49,,,,,,,,,,,,,,,,,,,Algeria,4898,00:14:49.212,Player Off,
,,,,,,,,,,,,,,,,,0.0,,,,,,,,,,,,,7b8073e7-b7b9-4db3-bb85-e105fd86fe31,2145,,,3920402,79,,,,,,,,,,,,,,,,,,,,,,,,,2,Regular Play,Adamo Nagalo,99280.0,Right Back,117,Algeria,4898,['830e0288-791e-477c-ab56-85225bade873'],52,,,,,,,,,,,,,,,,,,,Burkina Faso,4921,00:34:52.318,Player Off,
,,,,,,,,,,,,,,,,,0.0,,,,,,,,,,,,,e73f69e8-9c3a-4e0f-88e5-8aa1a7e81c13,1122,,,3920402,38,,,,,,,,,,,,,,,,,,,,,,,,,1,From Free Kick,Adama Guira,24411.0,Right Defensive Midfield,50,Burkina Faso,4921,['6f3ede59-274d-475f-9a18-7ca4d2050ba6'],1,,,,,,,,,,,,,,,,,,,Burkina Faso,4921,00:38:01.659,Player On,
,,,,,,,,,,,,,,,,,0.0,,,,,,,,,,,,,933cec81-21fb-4d4b-9b44-36f285704409,1750,,,3920402,59,,,,,,,,,,,,,,,,,,,,,,,,,2,From Goal Kick,Mohamed El Amine Amoura,141358.0,Center Attacking Midfield,93,Burkina Faso,4921,['17624b3a-6d19-493f-ac6b-c895820935f2'],58,,,,,,,,,,,,,,,,,,,Algeria,4898,00:14:58.992,Player On,
,,,,,,,,,,,,,,,,,0.0,,,,,,,,,,,,,830e0288-791e-477c-ab56-85225bade873,2220,,,3920402,82,,,,,,,,,,,,,,,,,,,,,,,,,2,Regular Play,Adamo Nagalo,99280.0,Right Back,123,Burkina Faso,4921,['7b8073e7-b7b9-4db3-bb85-e105fd86fe31'],32,,,,,,,,,,,,,,,,,,,Burkina Faso,4921,00:37:32.330,Player On,
,,,,,,,,,,,,,,,,,0.0,,,,,,,,,,,,,f5f5c6fc-ab3a-45dd-85a3-961677fd8773,1123,,,3920402,38,,,,,,,,,,,,,,,,,,,,,,,,,1,From Free Kick,Adama Guira,24411.0,Right Defensive Midfield,50,Burkina Faso,4921,,2,,,,,,,,,,,,,,Injury,102.0,Ismahila Ouédraogo,106681.0,,Burkina Faso,4921,00:38:02.143,Substitution,
,,,,,,,,,,,,,,,,,0.0,,,,,,,,,,,,,cf987753-0360-4e19-a46b-74409b6ea312,1445,,,3920402,45,,,,,,,,,,,,,,,,,,,,,,,,,2,Regular Play,Sofiane Feghouli,18724.0,Center Attacking Midfield,69,Burkina Faso,4921,,0,,,,,,,,,,,,,,Tactical,103.0,Mohamed El Amine Amoura,141358.0,,Algeria,4898,00:00:00.000,Substitution,
,,,,,,,,,,,,,,,,,0.0,,,,,,,,,,,,,0b2f134a-ea4d-46f4-9586-b7aba36b3c7d,1843,,,3920402,63,,,,,,,,,,,,,,,,,,,,,,,,,2,From Keeper,Mohamed Konaté,43920.0,Center Forward,99,Burkina Faso,4921,,12,,,,,,,,,,,,,,Tactical,103.0,Bertrand Isidore Traoré,2956.0,,Burkina Faso,4921,00:18:12.564,Substitution,
,,,,,,,,,,,,,,,,,0.0,,,,,,,,,,,,,4dadd979-bbf3-4b64-a1c6-a53b5bc81fc9,1988,,,3920402,73,,,,,,,,,,,,,,,,,,,,,,,,,2,From Kick Off,Riyad Mahrez,3814.0,Right Wing,107,Algeria,4898,,7,,,,,,,,,,,,,,Tactical,103.0,Adam Ounas,10448.0,,Algeria,4898,00:28:07.994,Substitution,
,,,,,,,,,,,,,,,,,0.0,,,,,,,,,,,,,3c332fe8-acf8-4c84-9de7-61764c619c17,1989,,,3920402,73,,,,,,,,,,,,,,,,,,,,,,,,,2,From Kick Off,Mohamed Youcef Belaïli,103464.0,Left Wing,107,Algeria,4898,,18,,,,,,,,,,,,,,Tactical,103.0,Fares Chaïbi,217047.0,,Algeria,4898,00:28:18.100,Substitution,
,,,,,,,,,,,,,,,,,0.0,,,,,,,,,,,,,5590e518-0dbf-4b12-85f5-5429bf31b6bc,2147,,,3920402,80,,,,,,,,,,,,,,,,,,,,,,,,,2,From Goal Kick,Nabil Bentaleb,8520.0,Right Defensive Midfield,118,Burkina Faso,4921,,23,,,,,,,,,,,,,,Tactical,103.0,Islam Slimani,3811.0,,Algeria,4898,00:35:23.636,Substitution,
,,,,,,,,,,,,,,,,,0.0,,,,,,,,,,,,,18eb2286-7149-49d6-b1f0-ced425fd69dc,2221,,,3920402,83,,,,,,,,,,,,,,,,,,,,,,,,,2,Regular Play,Abdoul Fessal Tapsoba,43705.0,Left Midfield,123,Burkina Faso,4921,,6,,,,,,,,,,,,,,Tactical,103.0,Cédric Badolo,44307.0,,Burkina Faso,4921,00:38:06.892,Substitution,
,,,,,,,,,,,,,,,,,0.0,,,,,,,,,,,,,940e1304-6d17-46be-8684-99864f68e477,2223,,,3920402,83,,,,,,,,,,,,,,,,,,,,,,,,,2,From Free Kick,Adamo Nagalo,99280.0,Right Back,124,Burkina Faso,4921,,45,,,,,,,,,,,,,,Injury,102.0,Yacouba Nasser Djiga,136948.0,,Burkina Faso,4921,00:38:45.163,Substitution,
,,,,,,,,,,,,,,,,,0.0,,,,,,,,,,,,,8e43255f-ef73-4c4c-9b64-648ec4027aba,2224,,,3920402,83,,,,,,,,,,,,,,,,,,,,,,,,,2,From Free Kick,Gustavo Fabrice Sangaré,45466.0,Right Center Midfield,124,Burkina Faso,4921,,45,,,,,,,,,,,,,,Tactical,103.0,Dramane Salou,408160.0,,Burkina Faso,4921,00:38:45.496,Substitution,
,,,,,,,,,,,,,,,,,0.0,,,,,,,,,,,,,43190936-1e1b-466a-8591-a91d93790170,1441,,,3920402,51,,,,,,,,,,,,,,,,,,,,,,,,,1,Regular Play,,,,69,Burkina Faso,4921,['8233bca8-74b7-4144-882a-20533bdc72e6'],10,,,,,,,,,,,,,,,,,,,Algeria,4898,00:51:10.761,Half End,
,,,,,,,,,,,,,,,,,0.0,,,,,,,,,,,,,8233bca8-74b7-4144-882a-20533bdc72e6,1442,,,3920402,51,,,,,,,,,,,,,,,,,,,,,,,,,1,Regular Play,,,,69,Burkina Faso,4921,['43190936-1e1b-466a-8591-a91d93790170'],10,,,,,,,,,,,,,,,,,,,Burkina Faso,4921,00:51:10.761,Half End,
,,,,,,,,,,,,,,,,,0.0,,,,,,,,,,,,,900f99aa-958d-4d81-8cc9-028f8b4a4857,2628,,,3920402,99,,,,,,,,,,,,,,,,,,,,,,,,,2,From Goal Kick,,,,153,Burkina Faso,4921,['e0259c26-a2c8-49b8-adb3-d3aa70d7c8a6'],4,,,,,,,,,,,,,,,,,,,Burkina Faso,4921,00:54:04.899,Half End,
,,,,,,,,,,,,,,,,,0.0,,,,,,,,,,,,,e0259c26-a2c8-49b8-adb3-d3aa70d7c8a6,2629,,,3920402,99,,,,,,,,,,,,,,,,,,,,,,,,,2,From Goal Kick,,,,153,Burkina Faso,4921,['900f99aa-958d-4d81-8cc9-028f8b4a4857'],4,,,,,,,,,,,,,,,,,,,Algeria,4898,00:54:04.899,Half End,
,,,,,,,,,,,,,,,,,0.0,,,,,,,,,,,,,6ba1f839-e0ad-439e-95ce-a38050aa22f4,1447,,,3920402,45,,,,,,,,,,,,,,,,,,,,,,,,,2,From Kick Off,,,,70,Burkina Faso,4921,,1,,,,,,,,,,,,,,,,,,"{'formation': 4141, 'lineup': [{'player': {'id': 4388, 'name': 'Kouakou Herve Koffi'}, 'position': {'id': 1, 'name': 'Goalkeeper'}, 'jersey_number': 16}, {'player': {'id': 99280, 'name': 'Adamo Nagalo'}, 'position': {'id': 2, 'name': 'Right Back'}, 'jersey_number': 4}, {'player': {'id': 102800, 'name': 'Issoufou Dayo'}, 'position': {'id': 3, 'name': 'Right Center Back'}, 'jersey_number': 14}, {'player': {'id': 30606, 'name': 'Edmond Fayçal Tapsoba'}, 'position': {'id': 5, 'name': 'Left Center Back'}, 'jersey_number': 12}, {'player': {'id': 3035, 'name': 'Steeve Yago'}, 'position': {'id': 6, 'name': 'Left Back'}, 'jersey_number': 25}, {'player': {'id': 106681, 'name': 'Ismahila Ouédraogo'}, 'position': {'id': 10, 'name': 'Center Defensive Midfield'}, 'jersey_number': 18}, {'player': {'id': 35471, 'name': 'Issa Kabore'}, 'position': {'id': 12, 'name': 'Right Midfield'}, 'jersey_number': 9}, {'player': {'id': 45466, 'name': 'Gustavo Fabrice Sangaré'}, 'position': {'id': 13, 'name': 'Right Center Midfield'}, 'jersey_number': 20}, {'player': {'id': 23999, 'name': 'Ibrahim Blati Touré'}, 'position': {'id': 15, 'name': 'Left Center Midfield'}, 'jersey_number': 22}, {'player': {'id': 43705, 'name': 'Abdoul Fessal Tapsoba'}, 'position': {'id': 16, 'name': 'Left Midfield'}, 'jersey_number': 15}, {'player': {'id': 43920, 'name': 'Mohamed Konaté'}, 'position': {'id': 23, 'name': 'Center Forward'}, 'jersey_number': 13}]}",Burkina Faso,4921,00:00:01.066,Tactical Shift,
,,,,,,,,,,,,,,,,,0.0,,,,,,,,,,,,,8943582a-64e0-4b4b-a733-d2e1a9df68d3,1993,,,3920402,73,,,,,,,,,,,,,,,,,,,,,,,,,2,Regular Play,,,,109,Burkina Faso,4921,,34,,,,,,,,,,,,,,,,,,"{'formation': 4231, 'lineup': [{'player': {'id': 41381, 'name': 'Anthony Louis Mandréa'}, 'position': {'id': 1, 'name': 'Goalkeeper'}, 'jersey_number': 16}, {'player': {'id': 10040, 'name': 'Youcef Atal'}, 'position': {'id': 2, 'name': 'Right Back'}, 'jersey_number': 20}, {'player': {'id': 6648, 'name': 'Aïssa Mandi'}, 'position': {'id': 3, 'name': 'Right Center Back'}, 'jersey_number': 2}, {'player': {'id': 3191, 'name': 'Ramy Bensebaini'}, 'position': {'id': 5, 'name': 'Left Center Back'}, 'jersey_number': 21}, {'player': {'id': 12111, 'name': 'Rayan Aït Nouri'}, 'position': {'id': 6, 'name': 'Left Back'}, 'jersey_number': 15}, {'player': {'id': 8520, 'name': 'Nabil Bentaleb'}, 'position': {'id': 9, 'name': 'Right Defensive Midfield'}, 'jersey_number': 19}, {'player': {'id': 38345, 'name': 'Ramiz Larbi Zerrouki'}, 'position': {'id': 11, 'name': 'Left Defensive Midfield'}, 'jersey_number': 6}, {'player': {'id': 10448, 'name': 'Adam Ounas'}, 'position': {'id': 17, 'name': 'Right Wing'}, 'jersey_number': 12}, {'player': {'id': 217047, 'name': 'Fares Chaïbi'}, 'position': {'id': 19, 'name': 'Center Attacking Midfield'}, 'jersey_number': 17}, {'player': {'id': 141358, 'name': 'Mohamed El Amine Amoura'}, 'position': {'id': 21, 'name': 'Left Wing'}, 'jersey_number': 18}, {'player': {'id': 103465, 'name': 'Baghdad Bounedjah'}, 'position': {'id': 23, 'name': 'Center Forward'}, 'jersey_number': 9}]}",Algeria,4898,00:28:34.433,Tactical Shift,
,,,,,,,,,,,,,,,,,0.0,,,,,,,,,,,,,2656910e-3a19-4850-9036-5d34042ac0e0,2148,,,3920402,80,,,,,,,,,,,,,,,,,,,,,,,,,2,From Goal Kick,,,,118,Burkina Faso,4921,,26,,,,,,,,,,,,,,,,,,"{'formation': 442, 'lineup': [{'player': {'id': 41381, 'name': 'Anthony Louis Mandréa'}, 'position': {'id': 1, 'name': 'Goalkeeper'}, 'jersey_number': 16}, {'player': {'id': 10040, 'name': 'Youcef Atal'}, 'position': {'id': 2, 'name': 'Right Back'}, 'jersey_number': 20}, {'player': {'id': 6648, 'name': 'Aïssa Mandi'}, 'position': {'id': 3, 'name': 'Right Center Back'}, 'jersey_number': 2}, {'player': {'id': 3191, 'name': 'Ramy Bensebaini'}, 'position': {'id': 5, 'name': 'Left Center Back'}, 'jersey_number': 21}, {'player': {'id': 12111, 'name': 'Rayan Aït Nouri'}, 'position': {'id': 6, 'name': 'Left Back'}, 'jersey_number': 15}, {'player': {'id': 38345, 'name': 'Ramiz Larbi Zerrouki'}, 'position': {'id': 9, 'name': 'Right Defensive Midfield'}, 'jersey_number': 6}, {'player': {'id': 217047, 'name': 'Fares Chaïbi'}, 'position': {'id': 11, 'name': 'Left Defensive Midfield'}, 'jersey_number': 17}, {'player': {'id': 10448, 'name': 'Adam Ounas'}, 'position': {'id': 12, 'name': 'Right Midfield'}, 'jersey_number': 12}, {'player': {'id': 141358, 'name': 'Mohamed El Amine Amoura'}, 'position': {'id': 16, 'name': 'Left Midfield'}, 'jersey_number': 18}, {'player': {'id': 3811, 'name': 'Islam Slimani'}, 'position': {'id': 22, 'name': 'Right Center Forward'}, 'jersey_number': 13}, {'player': {'id': 103465, 'name': 'Baghdad Bounedjah'}, 'position': {'id': 24, 'name': 'Left Center Forward'}, 'jersey_number': 9}]}",Algeria,4898,00:35:26.434,Tactical Shift,
,,,,,,,,,,,,,,,,,0.0,,,,,,,,,,,,,f78329c6-f0c2-4de7-a200-f12420e92004,2334,,"[41.5, 2.5]",3920402,86,,,,,,,,,,,,,,,,,,,,,,,,,2,Regular Play,Ibrahim Blati Touré,23999.0,Left Center Midfield,131,Burkina Faso,4921,,15,,,,,,,,,,,,,,,,,,,Burkina Faso,4921,00:41:15.579,Shield,
,Yellow Card,,,,,,,,,,,,,,,,0.0,,,,,,,,,,,,,7cc2310c-904c-4046-90ec-f54aaa27f6e9,2530,,,3920402,94,,True,,,,,,,,,,,,,,,,,,,,,,,2,Regular Play,Baghdad Bounedjah,103465.0,Left Center Forward,145,Burkina Faso,4921,,48,,,,,,,,,,,,,,,,,,,Algeria,4898,00:49:48.039,Bad Behaviour,
