50_50,bad_behaviour_card,ball_receipt_outcome,ball_recovery_recovery_failure,block_offensive,carry_end_location,clearance_aerial_won,clearance_body_part,clearance_head,clearance_left_foot,clearance_right_foot,counterpress,dribble_no_touch,dribble_nutmeg,dribble_outcome,duel_outcome,duel_type,duration,foul_committed_advantage,foul_committed_card,foul_committed_offensive,foul_committed_penalty,foul_committed_type,foul_won_advantage,foul_won_defensive,foul_won_penalty,goalkeeper_body_part,goalkeeper_end_location,goalkeeper_outcome,goalkeeper_position,goalkeeper_technique,goalkeeper_type,id,index,interception_outcome,location,match_id,minute,off_camera,out,pass_aerial_won,pass_angle,pass_assisted_shot_id,pass_body_part,pass_cross,pass_cut_back,pass_deflected,pass_end_location,pass_goal_assist,pass_height,pass_inswinging,pass_length,pass_miscommunication,pass_outcome,pass_outswinging,pass_recipient,pass_recipient_id,pass_shot_assist,pass_switch,pass_technique,pass_through_ball,pass_type,period,play_pattern,player,player_id,position,possession,possession_team,possession_team_id,related_events,second,shot_aerial_won,shot_body_part,shot_end_location,shot_first_time,shot_freeze_frame,shot_key_pass_id,shot_outcome,shot_statsbomb_xg,shot_technique,shot_type,substitution_outcome,substitution_outcome_id,substitution_replacement,substitution_replacement_id,tactics,team,team_id,timestamp,type,under_pressure
,,,,,,,,,,,,,,,,,0.0,,,,,,,,,,,,,,,a3a95088-3475-46ca-b3d7-7d8fb5f811d3,1,,,3920410,0,,,,,,,,,,,,,,,,,,,,,,,,,1,Regular Play,,,,1,Mozambique,4978,,0,,,,,,,,,,,,,,,"{'formation': 4231, 'lineup': [{'player': {'id': 161718, 'name': 'Ivane Carminio Francisco Urrubal'}, 'position': {'id': 1, 'name': 'Goalkeeper'}, 'jersey_number': 22}, {'player': {'id': 417067, 'name': 'Infren David da Conceição Matola'}, 'position': {'id': 2, 'name': 'Right Back'}, 'jersey_number': 2}, {'player': {'id': 3250, 'name': 'Edson André Sitoe'}, 'position': {'id': 3, 'name': 'Right Center Back'}, 'jersey_number': 17}, {'player': {'id': 10848, 'name': 'Reinildo Isnard Mandava'}, 'position': {'id': 5, 'name': 'Left Center Back'}, 'jersey_number': 15}, {'player': {'id': 106070, 'name': 'Bruno Alberto Langa'}, 'position': {'id': 6, 'name': 'Left Back'}, 'jersey_number': 5}, {'player': {'id': 23706, 'name': 'Alfons Amade'}, 'position': {'id': 9, 'name': 'Right Defensive Midfield'}, 'jersey_number': 16}, {'player': {'id': 129475, 'name': 'Feliciano João Jone'}, 'position': {'id': 11, 'name': 'Left Defensive Midfield'}, 'jersey_number': 4}, {'player': {'id': 127300, 'name': 'Geny Cipriano Catamo'}, 'position': {'id': 17, 'name': 'Right Wing'}, 'jersey_number': 20}, {'player': {'id': 29482, 'name': 'Ricardo Martins Guimarães'}, 'position': {'id': 19, 'name': 'Center Attacking Midfield'}, 'jersey_number': 21}, {'player': {'id': 10865, 'name': 'Witiness Chimoio João Quembo'}, 'position': {'id': 21, 'name': 'Left Wing'}, 'jersey_number': 19}, {'player': {'id': 106082, 'name': 'Pachoio Lau Há King'}, 'position': {'id': 23, 'name': 'Center Forward'}, 'jersey_number': 9}]}",Mozambique,4978,00:00:00.000,Starting XI,
,,,,,,,,,,,,,,,,,0.0,,,,,,,,,,,,,,,a1ab4ae4-9d9e-4e30-84bf-e4506532f93f,2,,,3920410,0,,,,,,,,,,,,,,,,,,,,,,,,,1,Regular Play,,,,1,Mozambique,4978,,0,,,,,,,,,,,,,,,"{'formation': 4231, 'lineup': [{'player': {'id': 68757, 'name': 'Richard Ofori Antwi'}, 'position': {'id': 1, 'name': 'Goalkeeper'}, 'jersey_number': 1}, {'player': {'id': 12259, 'name': 'Denis Odoi'}, 'position': {'id': 2, 'name': 'Right Back'}, 'jersey_number': 3}, {'player': {'id': 2989, 'name': 'Alexander Djiku'}, 'position': {'id': 3, 'name': 'Right Center Back'}, 'jersey_number': 23}, {'player': {'id': 30519, 'name': 'Mohamed Salisu'}, 'position': {'id': 5, 'name': 'Left Center Back'}, 'jersey_number': 6}, {'player': {'id': 23615, 'name': 'Gideon Mensah'}, 'position': {'id': 6, 'name': 'Left Back'}, 'jersey_number': 14}, {'player': {'id': 30693, 'name': 'Majeed Ashimeru'}, 'position': {'id': 9, 'name': 'Right Defensive Midfield'}, 'jersey_number': 8}, {'player': {'id': 31029, 'name': 'Salis Abdul Samed'}, 'position': {'id': 11, 'name': 'Left Defensive Midfield'}, 'jersey_number': 21}, {'player': {'id': 16546, 'name': 'Joseph Paintsil'}, 'position': {'id': 17, 'name': 'Right Wing'}, 'jersey_number': 13}, {'player': {'id': 17033, 'name': 'Mohammed Kudus'}, 'position': {'id': 19, 'name': 'Center Attacking Midfield'}, 'jersey_number': 20}, {'player': {'id': 3450, 'name': 'Jordan Ayew'}, 'position': {'id': 21, 'name': 'Left Wing'}, 'jersey_number': 9}, {'player': {'id': 9286, 'name': 'Antoine Semenyo'}, 'position': {'id': 23, 'name': 'Center Forward'}, 'jersey_number': 25}]}",Ghana,4885,00:00:00.000,Starting XI,
,,,,,,,,,,,,,,,,,0.0,,,,,,,,,,,,,,,b1d968fe-fbba-48d6-8084-5c9531da144c,3,,,3920410,0,,,,,,,,,,,,,,,,,,,,,,,,,1,Regular Play,,,,1,Mozambique,4978,['5140f6ca-86a2-4dce-83c9-daaef2330259'],0,,,,,,,,,,,,,,,,Mozambique,4978,00:00:00.000,Half Start,
,,,,,,,,,,,,,,,,,0.0,,,,,,,,,,,,,,,5140f6ca-86a2-4dce-83c9-daaef2330259,4,,,3920410,0,,,,,,,,,,,,,,,,,,,,,,,,,1,Regular Play,,,,1,Mozambique,4978,['b1d968fe-fbba-48d6-8084-5c9531da144c'],0,,,,,,,,,,,,,,,,Ghana,4885,00:00:00.000,Half Start,
,,,,,,,,,,,,,,,,,0.0,,,,,,,,,,,,,,,85b6c08e-5619-4614-9e30-cf88d2e7b95d,1465,,,3920410,45,,,,,,,,,,,,,,,,,,,,,,,,,2,Regular Play,,,,81,Ghana,4885,['43a97ffe-c8d1-4fbe-8203-7ddd5f39d4c8'],0,,,,,,,,,,,,,,,,Mozambique,4978,00:00:00.000,Half Start,
,,,,,,,,,,,,,,,,,0.0,,,,,,,,,,,,,,,43a97ffe-c8d1-4fbe-8203-7ddd5f39d4c8,1466,,,3920410,45,,,,,,,,,,,,,,,,,,,,,,,,,2,Regular Play,,,,81,Ghana,4885,['85b6c08e-5619-4614-9e30-cf88d2e7b95d'],0,,,,,,,,,,,,,,,,Ghana,4885,00:00:00.000,Half Start,
,,,,,,,,,,,,,,,,,1.599999,,,,,,,,,,,,,,,728deec3-ad8e-485e-b4ff-e61b737b6c42,5,,"[60.0, 40.0]",3920410,0,,,,-3.1047995,,Right Foot,,,,"[43.7, 39.4]",,Ground Pass,,16.311039,,,,Alfons Amade,23706.0,,,,,Kick Off,1,From Kick Off,Ricardo Martins Guimarães,29482.0,Center Attacking Midfield,2,Mozambique,4978,['64943b91-b852-4e6b-afc4-af0f628dc949'],1,,,,,,,,,,,,,,,,Mozambique,4978,00:00:01.079,Pass,
,,,,,,,,,,,,,,,,,1.239999,,,,,,,,,,,,,,,09794d59-d7c3-4b1b-b14b-0cfa2f8f02f7,8,,"[43.0, 40.7]",3920410,0,,,,2.6512847,,Left Foot,,,,"[28.2, 48.6]",,Ground Pass,,16.776472,,,,Edson André Sitoe,3250.0,,,,,,1,From Kick Off,Alfons Amade,23706.0,Right Defensive Midfield,2,Mozambique,4978,['1c917d98-2e47-47b4-b12e-b9f15bae4b2e'],3,,,,,,,,,,,,,,,,Mozambique,4978,00:00:03.319,Pass,
,,,,,,,,,,,,,,,,,0.879996,,,,,,,,,,,,,,,7a577276-1c5d-4222-b75d-6111c2e55d57,12,,"[27.2, 54.4]",3920410,0,,,,1.0116458,,Right Foot,,,,"[37.4, 70.7]",,Ground Pass,,19.228365,,,,Infren David da Conceição Matola,417067.0,,,,,,1,From Kick Off,Edson André Sitoe,3250.0,Right Center Back,2,Mozambique,4978,"['8bb5de0a-6d2d-4f1b-aae6-ec99d146f72d', 'edcf39a8-30d9-4795-b945-ab42b930b629']",6,,,,,,,,,,,,,,,,Mozambique,4978,00:00:06.039,Pass,True
,,,,,,,,,,,,,,,,,1.239969,,,,,,,,,,,,,,,12f81944-a1dd-44c6-bfb4-68d3a2cc9e78,15,,"[39.1, 71.6]",3920410,0,,,,0.46606892,,Right Foot,,,,"[55.6, 79.9]",,Ground Pass,,18.469976,,Out,,Geny Cipriano Catamo,127300.0,,,,,,1,From Kick Off,Infren David da Conceição Matola,417067.0,Right Back,2,Mozambique,4978,['b6348a2e-5967-45fd-9690-7ecb42b7420c'],8,,,,,,,,,,,,,,,,Mozambique,4978,00:00:08.079,Pass,
,,,,,,,,,,,,,,,,,1.105139,,,,,,,,,,,,,,,d20498ed-a5f2-4526-9559-2f734b3f81d4,17,,"[64.2, 0.1]",3920410,0,,,,0.2203036,,,,,,"[90.1, 5.9]",,High Pass,,26.541477,,,,Antoine Semenyo,9286.0,,,,,Throw-in,1,From Throw In,Gideon Mensah,23615.0,Left Back,3,Ghana,4885,['8184adf2-7bb6-4eb2-b8d0-46f02a38e7a4'],14,,,,,,,,,,,,,,,,Ghana,4885,00:00:14.950,Pass,
,,,,,,,,,,,,,,,,,2.052008,,,,,,,,,,,,,,,f967f83d-441d-4875-95ee-86909ed0aa86,19,,"[90.1, 6.1]",3920410,0,,,,1.5042281,,Head,,,,"[91.2, 22.6]",,High Pass,,16.536627,,Incomplete,,Mohammed Kudus,17033.0,,,,,,1,From Throw In,Antoine Semenyo,9286.0,Center Forward,3,Ghana,4885,"['4233196e-c9fc-4705-8408-c20d2ad4a281', '32de2139-8cf1-4c3c-ac29-e78a11b70da7']",16,,,,,,,,,,,,,,,,Ghana,4885,00:00:16.055,Pass,
,,,,,,,,,,,,,,,,,0.540057,,,,,,,,,,,,,,,a6c424d6-1417-42c8-aade-f71ea3da9734,27,,"[88.2, 20.7]",3920410,0,,,,0.7123576,0cecb954-7ee5-4c5b-994a-f803f47b1041,Right Foot,,,,"[99.2, 30.2]",,Ground Pass,,14.534442,,,,Antoine Semenyo,9286.0,True,,,,,1,From Throw In,Jordan Ayew,3450.0,Left Wing,3,Ghana,4885,['ac9761bd-3984-4f86-8fb9-36a7519175c4'],22,,,,,,,,,,,,,,,,Ghana,4885,00:00:22.896,Pass,
,,,,,,,,,,,,,,,,,1.183178,,,,,,,,,,,,,,,a3358370-63fc-4254-951c-90e020e13308,33,,"[120.0, 80.0]",3920410,1,,,,-1.7533063,,Right Foot,,,,"[114.5, 50.2]",,High Pass,,30.3033,,Incomplete,True,Gideon Mensah,23615.0,,,Outswinging,,Corner,1,From Corner,Jordan Ayew,3450.0,Left Wing,4,Ghana,4885,"['e5bc1f2f-d5b7-4c8b-b058-a8fcfe217589', 'f83dba24-a8de-4d20-b1a0-a19cd66a9fa5']",28,,,,,,,,,,,,,,,,Ghana,4885,00:01:28.735,Pass,
,,,,,,,,,,,,,,,,,0.832913,,,,,,,,,,,,,,,a12979bd-5efd-4822-84b5-6bf4530b5d9d,39,,"[92.5, 67.2]",3920410,1,,,,-0.9034902,,Right Foot,,,,"[105.5, 50.7]",,Low Pass,,21.00595,,Incomplete,,Antoine Semenyo,9286.0,,,,,,1,From Corner,Majeed Ashimeru,30693.0,Right Defensive Midfield,4,Ghana,4885,"['31430dd5-9251-4d29-9126-4c8fdad86239', 'b8779227-5739-47b3-b812-eee680346a68']",32,,,,,,,,,,,,,,,,Ghana,4885,00:01:32.992,Pass,
,,,,,,,,,,,,,,,,,2.319278,,,,,,,,,,,,,,,64dd41ab-7058-4894-86a4-3a9bb56705a1,44,,"[95.3, 7.6]",3920410,1,,,,1.2345761,,Right Foot,True,,,"[109.0, 46.8]",,High Pass,,41.52505,,Incomplete,,Antoine Semenyo,9286.0,,,,,,1,From Corner,Mohammed Kudus,17033.0,Center Attacking Midfield,4,Ghana,4885,"['29a74fe7-3f43-4eee-a43c-2e3c27adc49f', '2568a674-604c-4c66-a3e3-7d79b55ad1d6']",40,,,,,,,,,,,,,,,,Ghana,4885,00:01:40.429,Pass,
,,,,,,,,,,,,,,,,,1.962344,,,,,,,,,,,,,,,1aa1ad8a-2383-47fb-ba53-4ba53c73824d,49,,"[7.2, 36.6]",3920410,1,True,,,-0.84048396,,Keeper Arm,,,,"[38.9, 1.2]",,High Pass,,47.518944,,,,Witiness Chimoio João Quembo,10865.0,,,,,,1,From Corner,Ivane Carminio Francisco Urrubal,161718.0,Goalkeeper,4,Ghana,4885,['386dc820-e7c9-4ec4-ba98-1aee24449c69'],47,,,,,,,,,,,,,,,,Mozambique,4978,00:01:47.878,Pass,
,,,,,,,,,,,,,,,,,1.576179,,,,,,,,,,,,,,,60fc6ebe-8b54-46ef-9da6-9e5ce10e80c3,52,,"[80.8, 80.0]",3920410,2,,,,-3.00111,,,,,,"[61.0, 77.2]",,Low Pass,,19.997,,,,Alexander Djiku,2989.0,,,,,Throw-in,1,From Throw In,Denis Odoi,12259.0,Right Back,5,Ghana,4885,['a71465bb-7614-4060-bf22-ab16d7aa8a2f'],26,,,,,,,,,,,,,,,,Ghana,4885,00:02:26.384,Pass,
,,,,,,,,,,,,,,,,,2.070704,,,,,,,,,,,,,,,0b68be36-76d2-4720-9c46-dc6207f5b0e2,55,,"[57.3, 75.7]",3920410,2,,,,-1.9166123,,Right Foot,,,,"[47.5, 48.5]",,Ground Pass,,28.911589,,,,Mohamed Salisu,30519.0,,,,,,1,From Throw In,Alexander Djiku,2989.0,Right Center Back,5,Ghana,4885,['80e3fea9-47cc-4a0f-a078-94a9b8593bf1'],28,,,,,,,,,,,,,,,,Ghana,4885,00:02:28.698,Pass,
,,,,,,,,,,,,,,,,,2.22528,,,,,,,,,,,,,,,aa54c579-333a-4ab3-b688-31dc2a2a08cf,59,,"[42.9, 44.1]",3920410,2,,,,-2.9028983,,Right Foot,,,,"[12.9, 36.8]",,Ground Pass,,30.875395,,,,Richard Ofori Antwi,68757.0,,,,,,1,From Throw In,Mohamed Salisu,30519.0,Left Center Back,5,Ghana,4885,"['57e66a94-73f1-41ef-96ca-9688161f5186', '3bffd007-6353-4c56-a274-4762d3260aa4']",32,,,,,,,,,,,,,,,,Ghana,4885,00:02:32.675,Pass,True
,,,,,,,,,,,,,,,,,2.417619,,,,,,,,,,,,,,,d4bf88b0-31ce-4d82-8574-66215c1f0370,62,,"[12.9, 37.2]",3920410,2,,,,0.46643117,,Right Foot,,,,"[70.3, 66.1]",,High Pass,,64.26484,,Incomplete,,Joseph Paintsil,16546.0,,,,,,1,From Throw In,Richard Ofori Antwi,68757.0,Goalkeeper,5,Ghana,4885,"['9e7b0fa9-d977-4102-a512-a7714906bb55', '178681f7-e0ab-418a-b238-e64d62291c96']",36,,,,,,,,,,,,,,,,Ghana,4885,00:02:36.127,Pass,
,,,,,,,,,,,,,,,,,0.019198,,,,,,,,,,,,,,,9e7b0fa9-d977-4102-a512-a7714906bb55,65,,"[49.8, 14.0]",3920410,2,,,True,0.348771,,,,,,"[50.9, 14.4]",,High Pass,,1.17047,,Incomplete,,Feliciano João Jone,129475.0,,,,,Recovery,1,From Throw In,Bruno Alberto Langa,106070.0,Left Back,5,Ghana,4885,"['d4bf88b0-31ce-4d82-8574-66215c1f0370', 'd672b694-379d-488d-86a4-2124979217ec', '0c3937df-5027-4302-a021-6c2d4903c78c', '1cc734bc-2015-4681-9735-7e36c02814fc']",38,,,,,,,,,,,,,,,,Mozambique,4978,00:02:38.545,Pass,True
,,,,,,,,,,,,,,,,,1.399996,,,,,,,,,,,,,,,f6771bc0-7634-4726-a175-2dce84d6ba94,71,,"[55.4, 32.3]",3920410,2,,,,-2.3988516,,Right Foot,,,,"[38.3, 16.6]",,Ground Pass,,23.21422,,,,Bruno Alberto Langa,106070.0,,,,,,1,From Throw In,Infren David da Conceição Matola,417067.0,Right Back,5,Ghana,4885,['c57f4e7e-bf36-419b-89d8-142faee0f638'],42,,,,,,,,,,,,,,,,Mozambique,4978,00:02:42.649,Pass,
,,,,,,,,,,,,,,,,,0.921942,,,,,,,,,,,,,,,01f86528-2741-4c8a-a05c-105e880df494,74,,"[41.7, 31.6]",3920410,2,,,,0.038941342,,Left Foot,,,,"[64.8, 32.5]",,Ground Pass,,23.117525,,Incomplete,,Pachoio Lau Há King,106082.0,,,,,,1,From Throw In,Bruno Alberto Langa,106070.0,Left Back,5,Ghana,4885,"['6184e04f-344c-4c75-859e-93de5e4aefa3', 'ee3312ae-e30c-4e9c-87cd-aaa0da4d73dd']",48,,,,,,,,,,,,,,,,Mozambique,4978,00:02:48.769,Pass,
,,,,,,,,,,,,,,,,,1.36733,,,,,,,,,,,,,,,3b73a4c5-747b-48c8-9c9b-99160002a354,79,,"[57.3, 40.4]",3920410,2,,,,-2.2018757,,Right Foot,,,,"[44.0, 22.2]",,Ground Pass,,22.541739,,,,Gideon Mensah,23615.0,,,,,,1,From Throw In,Salis Abdul Samed,31029.0,Left Defensive Midfield,5,Ghana,4885,"['7c7975d3-0cbe-495d-903b-3eec5d5f0c66', '5aa7b8dd-0eb3-4b03-9425-d1c1a727eb25']",52,,,,,,,,,,,,,,,,Ghana,4885,00:02:52.658,Pass,True
,,,,,,,,,,,,,,,,,1.10044,,,,,,,,,,,,,,,609388e4-fa32-4ecb-ab82-a2b7e0be6dd6,82,,"[44.0, 20.7]",3920410,2,,,,-0.9871605,,Left Foot,,,,"[54.5, 4.8]",,Ground Pass,,19.054132,,,,Jordan Ayew,3450.0,,,,,,1,From Throw In,Gideon Mensah,23615.0,Left Back,5,Ghana,4885,['04621acb-48c7-42ad-8084-63336ceef73d'],57,,,,,,,,,,,,,,,,Ghana,4885,00:02:57.483,Pass,
,,,,,,,,,,,,,,,,,1.26134,,,,,,,,,,,,,,,95a25738-538b-4f23-ab5f-0b45179142a6,90,,"[57.5, 12.4]",3920410,3,True,,,1.9148362,,Right Foot,,,,"[50.8, 31.1]",,Ground Pass,,19.864038,,,,Majeed Ashimeru,30693.0,,,,,Free Kick,1,From Free Kick,Salis Abdul Samed,31029.0,Left Defensive Midfield,6,Ghana,4885,['93274938-7fee-4bb5-be83-6c80c156f5b3'],10,,,,,,,,,,,,,,,,Ghana,4885,00:03:10.400,Pass,
,,,,,,,,,,,,,,,,,1.142447,,,,,,,,,,,,,,,df4cf865-95e5-432e-944c-07d209a1c36f,92,,"[50.8, 31.1]",3920410,3,,,,0.58052146,,Right Foot,,,,"[60.1, 37.2]",,Ground Pass,,11.12205,,,,Mohammed Kudus,17033.0,,,,,,1,From Free Kick,Majeed Ashimeru,30693.0,Right Defensive Midfield,6,Ghana,4885,['5277ddd6-3eb4-4a13-b4e3-4ed5b621ee11'],11,,,,,,,,,,,,,,,,Ghana,4885,00:03:11.851,Pass,
,,,,,,,,,,,,,,,,,1.790054,,,,,,,,,,,,,,,fddd78e0-65bc-4e8f-b79a-c4c53c7f08a7,95,,"[63.8, 38.5]",3920410,3,,,,2.2175548,,Left Foot,,,,"[49.0, 58.1]",,Ground Pass,,24.560131,,,,Alexander Djiku,2989.0,,,,,,1,From Free Kick,Mohammed Kudus,17033.0,Center Attacking Midfield,6,Ghana,4885,['faadea96-e7e8-4690-8529-53e5c9978116'],13,,,,,,,,,,,,,,,,Ghana,4885,00:03:13.357,Pass,
,,,,,,,,,,,,,,,,,1.318362,,,,,,,,,,,,,,,4aa1234b-5450-4c1c-81a3-d571f52552f4,98,,"[49.5, 58.1]",3920410,3,,,,1.2216136,,Left Foot,,,,"[56.6, 77.6]",,Ground Pass,,20.75235,,,,Denis Odoi,12259.0,,,,,,1,From Free Kick,Alexander Djiku,2989.0,Right Center Back,6,Ghana,4885,['0d0d683e-9c09-45cb-96d7-1679561888bc'],16,,,,,,,,,,,,,,,,Ghana,4885,00:03:16.310,Pass,
,,,,,,,,,,,,,,,,,1.362027,,,,,,,,,,,,,,,b6b99678-c808-4ac7-ba43-9881f96c5572,101,,"[59.2, 77.6]",3920410,3,,,,-0.7853982,,Right Foot,,,,"[64.2, 72.6]",,Ground Pass,,7.071068,,,,Majeed Ashimeru,30693.0,,,,,,1,From Free Kick,Denis Odoi,12259.0,Right Back,6,Ghana,4885,['99f06bd7-d182-43b7-8e14-dc03652846f0'],19,,,,,,,,,,,,,,,,Ghana,4885,00:03:19.739,Pass,
,,,,,,,,,,,,,,,,,0.943611,,,,,,,,,,,,,,,44ae9498-00fb-4163-8888-a95eb9a58b1c,103,,"[64.2, 72.4]",3920410,3,,,,-0.8665592,,Right Foot,,,,"[73.8, 61.1]",,Ground Pass,,14.827339,,,,Mohammed Kudus,17033.0,,,,,,1,From Free Kick,Majeed Ashimeru,30693.0,Right Defensive Midfield,6,Ghana,4885,['54083cb3-16bb-43da-80cb-11c1d95a3c68'],21,,,,,,,,,,,,,,,,Ghana,4885,00:03:21.101,Pass,
,,,,,,,,,,,,,,,,,0.783438,,,,,,,,,,,,,,,2c62dce0-6620-4e97-b7b7-989b0f1fbabd,105,,"[73.8, 61.1]",3920410,3,,,,-1.9696,,Left Foot,,,,"[67.1, 45.2]",,Ground Pass,,17.253984,,,,Salis Abdul Samed,31029.0,,,,,,1,From Free Kick,Mohammed Kudus,17033.0,Center Attacking Midfield,6,Ghana,4885,['577dd167-d4a1-43f1-9a79-ab36d68a6745'],22,,,,,,,,,,,,,,,,Ghana,4885,00:03:22.045,Pass,
,,,,,,,,,,,,,,,,,1.356862,,,,,,,,,,,,,,,8f3f452c-96e2-4846-9e3a-90a5436a03b6,112,,"[65.4, 57.7]",3920410,3,,,,0.7374001,,Left Foot,,,,"[77.4, 68.6]",,Ground Pass,,16.211416,,Incomplete,,Infren David da Conceição Matola,417067.0,,,,,,1,From Free Kick,Geny Cipriano Catamo,127300.0,Right Wing,6,Ghana,4885,"['f0757aaf-29f0-42fa-ae6e-11ed5c3ccfc5', 'a1328a1d-2d3c-43c0-ac59-d0c3c834f400']",29,,,,,,,,,,,,,,,,Mozambique,4978,00:03:29.071,Pass,
,,,,,,,,,,,,,,,,,2.88297,,,,,,,,,,,,,,,a1328a1d-2d3c-43c0-ac59-d0c3c834f400,114,,"[42.7, 11.5]",3920410,3,,,,-0.032775145,,Left Foot,,,,"[67.1, 10.7]",,Low Pass,,24.41311,,,,Jordan Ayew,3450.0,,,,,Interception,1,From Free Kick,Gideon Mensah,23615.0,Left Back,6,Ghana,4885,"['23fa79b4-5d57-45fb-9a0c-6a170eae81b7', '8f3f452c-96e2-4846-9e3a-90a5436a03b6']",30,,,,,,,,,,,,,,,,Ghana,4885,00:03:30.428,Pass,
,,,,,,,,,,,,,,,,,0.599997,,,,,,,,,,,,,,,59fbbae0-b8fb-4ffd-9359-b8ace73ee57e,120,,"[20.9, 49.9]",3920410,3,,,,0.8449304,,Right Foot,,,,"[28.0, 57.9]",,Ground Pass,,10.696261,,,,Infren David da Conceição Matola,417067.0,,,,,,1,Regular Play,Feliciano João Jone,129475.0,Left Defensive Midfield,7,Mozambique,4978,['7d53b67c-05db-4eb0-9337-d8261e1d6513'],41,,,,,,,,,,,,,,,,Mozambique,4978,00:03:41.153,Pass,
,,,,,,,,,,,,,,,,,1.56,,,,,,,,,,,,,,,3c6a63e7-8ba8-422d-9c80-488e12f70fb6,123,,"[28.0, 57.9]",3920410,3,,,,1.6061798,,Right Foot,,,,"[27.6, 69.2]",,Ground Pass,,11.307077,,,,Geny Cipriano Catamo,127300.0,,,,,,1,Regular Play,Infren David da Conceição Matola,417067.0,Right Back,7,Mozambique,4978,['897f518f-72d8-4940-b169-88dd35466bc4'],42,,,,,,,,,,,,,,,,Mozambique,4978,00:03:42.313,Pass,
,,,,,,,,,,,,,,,,,1.798478,,,,,,,,,,,,,,,af2437e0-04df-4d90-bc9e-1f8937a7daa9,127,,"[56.5, 72.0]",3920410,3,,,,-0.043890715,,Left Foot,,,,"[86.1, 70.7]",,Ground Pass,,29.628534,,Incomplete,,Pachoio Lau Há King,106082.0,,,,,,1,Regular Play,Geny Cipriano Catamo,127300.0,Right Wing,7,Mozambique,4978,"['a76c63c4-543a-4fe5-b1ea-c1e9a41e02a1', '9dda6e83-e10d-44e1-bf35-4cc40a1dcf80', 'ea461415-9560-4812-b749-2f0bf17ee48c']",48,,,,,,,,,,,,,,,,Mozambique,4978,00:03:48.593,Pass,True
,,,,,,,,,,,,,,,,,2.78094,,,,,,,,,,,,,,,059a8721-7f8f-4898-8713-78424352378b,132,,"[32.5, 6.1]",3920410,3,,,,0.053778324,,Left Foot,,,,"[80.8, 8.7]",,High Pass,,48.36993,,Incomplete,,Jordan Ayew,3450.0,,,,,,1,Regular Play,Mohamed Salisu,30519.0,Left Center Back,7,Mozambique,4978,"['ed99351d-6bb4-43c4-ac8e-c9c43e742245', '0f82227b-bda1-49a6-a63f-a700df9074f9']",52,,,,,,,,,,,,,,,,Ghana,4885,00:03:52.209,Pass,
,,,,,,,,,,,,,,,,,2.799999,,,,,,,,,,,,,,,70937714-b653-455d-a2a3-3eefec0b445a,136,,"[36.3, 71.4]",3920410,3,,,,-2.3989036,,Right Foot,,,,"[11.9, 49.0]",,Ground Pass,,33.122803,,,,Ivane Carminio Francisco Urrubal,161718.0,,,,,,1,Regular Play,Edson André Sitoe,3250.0,Right Center Back,7,Mozambique,4978,['2144c290-4349-4948-87b5-1e53ecf33b90'],57,,,,,,,,,,,,,,,,Mozambique,4978,00:03:57.477,Pass,
,,,,,,,,,,,,,,,,,2.479992,,,,,,,,,,,,,,,29098ea6-b656-4a6d-93ab-77569b253353,139,,"[10.4, 45.7]",3920410,4,,,,0.9798027,,Left Foot,,,,"[25.9, 68.8]",,Ground Pass,,27.818338,,,,Edson André Sitoe,3250.0,,,,,,1,Regular Play,Ivane Carminio Francisco Urrubal,161718.0,Goalkeeper,7,Mozambique,4978,['d0286854-b26c-48b5-bb98-3f8a7094e20a'],1,,,,,,,,,,,,,,,,Mozambique,4978,00:04:01.248,Pass,
,,,,,,,,,,,,,,,,,1.719995,,,,,,,,,,,,,,,d7ffff02-5944-42d5-92b3-27f8faeb77b1,142,,"[26.7, 69.2]",3920410,4,,,,0.18793958,,Left Foot,,,,"[43.0, 72.3]",,Ground Pass,,16.592167,,,,Feliciano João Jone,129475.0,,,,,,1,Regular Play,Edson André Sitoe,3250.0,Right Center Back,7,Mozambique,4978,['0bdce667-b1c9-4a2a-b0cc-c7e235c9f07b'],5,,,,,,,,,,,,,,,,Mozambique,4978,00:04:05.888,Pass,
,,,,,,,,,,,,,,,,,1.759996,,,,,,,,,,,,,,,bba327d7-8f23-4559-9ed5-283ca7194510,145,,"[41.3, 70.3]",3920410,4,,,,-2.8169603,,Right Foot,,,,"[30.9, 66.8]",,Ground Pass,,10.973149,,,,Edson André Sitoe,3250.0,,,,,,1,Regular Play,Feliciano João Jone,129475.0,Left Defensive Midfield,7,Mozambique,4978,['5f4c4c00-0098-4275-82ae-4f96f6ccc17b'],8,,,,,,,,,,,,,,,,Mozambique,4978,00:04:08.408,Pass,
,,,,,,,,,,,,,,,,,2.039998,,,,,,,,,,,,,,,7479832d-ec89-44bb-be33-e5db4ae96a9d,148,,"[30.9, 66.8]",3920410,4,,,,-1.7715932,,Right Foot,,,,"[21.7, 21.6]",,Ground Pass,,46.12678,,,,Reinildo Isnard Mandava,10848.0,,True,,,,1,Regular Play,Edson André Sitoe,3250.0,Right Center Back,7,Mozambique,4978,['9b00eee9-c1f5-4934-8b54-0dede69f81f9'],11,,,,,,,,,,,,,,,,Mozambique,4978,00:04:11.208,Pass,
,,,,,,,,,,,,,,,,,2.399991,,,,,,,,,,,,,,,ad1a59f5-41d2-4f99-8c60-0c39296cde2d,155,,"[26.7, 22.0]",3920410,4,,,,1.615811,,Left Foot,,,,"[25.2, 55.3]",,Ground Pass,,33.333767,,,,Edson André Sitoe,3250.0,,,,,,1,Regular Play,Reinildo Isnard Mandava,10848.0,Left Center Back,7,Mozambique,4978,['209bda6f-1c42-422b-9769-9cd5c96438a4'],16,,,,,,,,,,,,,,,,Mozambique,4978,00:04:16.648,Pass,
,,,,,,,,,,,,,,,,,1.199995,,,,,,,,,,,,,,,d0a77e70-0fcf-4da2-bccf-c307c0a20ea2,158,,"[30.0, 58.6]",3920410,4,,,,0.60298276,,Right Foot,,,,"[42.2, 67.0]",,Ground Pass,,14.812158,,,,Feliciano João Jone,129475.0,,,,,,1,Regular Play,Edson André Sitoe,3250.0,Right Center Back,7,Mozambique,4978,['cde6d418-3817-415a-82df-8e571e650629'],20,,,,,,,,,,,,,,,,Mozambique,4978,00:04:20.848,Pass,
,,,,,,,,,,,,,,,,,1.239995,,,,,,,,,,,,,,,3518972c-0c57-4519-941d-dbb039d327cf,161,,"[46.3, 74.2]",3920410,4,,,,-1.2329181,,Right Foot,,,,"[50.2, 63.1]",,Ground Pass,,11.7652025,,,,Alfons Amade,23706.0,,,,,,1,Regular Play,Feliciano João Jone,129475.0,Left Defensive Midfield,7,Mozambique,4978,['92721d8b-03e3-41ea-b690-aa3919d4fc99'],23,,,,,,,,,,,,,,,,Mozambique,4978,00:04:23.328,Pass,
,,,,,,,,,,,,,,,,,0.919998,,,,,,,,,,,,,,,384e353e-84d5-4363-8e12-b9a469af803d,164,,"[50.6, 65.7]",3920410,4,,,,2.4668517,,Left Foot,,,,"[45.6, 69.7]",,Ground Pass,,6.4031243,,,,Feliciano João Jone,129475.0,,,,,,1,Regular Play,Alfons Amade,23706.0,Right Defensive Midfield,7,Mozambique,4978,['71e293e4-2791-4683-9e5a-615dfcbf42c0'],25,,,,,,,,,,,,,,,,Mozambique,4978,00:04:25.928,Pass,
,,,,,,,,,,,,,,,,,1.839964,,,,,,,,,,,,,,,67b287e4-b19f-460a-aaec-bc85ec968683,167,,"[45.6, 69.2]",3920410,4,,,,-1.7331684,,Right Foot,,,,"[38.9, 28.3]",,Ground Pass,,41.445145,,,,Reinildo Isnard Mandava,10848.0,,True,,,,1,Regular Play,Feliciano João Jone,129475.0,Left Defensive Midfield,7,Mozambique,4978,['dea73c6f-2857-4f5a-96b9-ffc25704801c'],27,,,,,,,,,,,,,,,,Mozambique,4978,00:04:27.783,Pass,
,,,,,,,,,,,,,,,,,1.199996,,,,,,,,,,,,,,,a879c93a-9de7-44f8-ac14-71c88d7f438e,170,,"[49.8, 18.6]",3920410,4,,,,-0.07428168,,Left Foot,,,,"[71.3, 17.0]",,Ground Pass,,21.559452,,,,Ricardo Martins Guimarães,29482.0,,,,,,1,Regular Play,Reinildo Isnard Mandava,10848.0,Left Center Back,7,Mozambique,4978,['fb35bea6-2ecb-40a9-96b4-351736f60963'],34,,,,,,,,,,,,,,,,Mozambique,4978,00:04:34.023,Pass,
,,,,,,,,,,,,,,,,,1.413798,,,,,,,,,,,,,,,fb8a0ec5-0c4b-4307-815b-4acdd66aad95,181,,"[55.6, 9.0]",3920410,5,,,,2.2565258,,Left Foot,,,,"[43.9, 23.3]",,Ground Pass,,18.47647,,,,Reinildo Isnard Mandava,10848.0,,,,,Free Kick,1,From Free Kick,Bruno Alberto Langa,106070.0,Left Back,8,Mozambique,4978,['b4926624-3032-46df-8080-9da099d01161'],29,,,,,,,,,,,,,,,,Mozambique,4978,00:05:29.746,Pass,
,,,,,,,,,,,,,,,,,1.879998,,,,,,,,,,,,,,,ee30d9ff-56c1-407e-9b28-0f44a3efc1cc,184,,"[43.9, 23.3]",3920410,5,,,,1.6490675,,Left Foot,,,,"[41.1, 59.0]",,Ground Pass,,35.809635,,,,Edson André Sitoe,3250.0,,,,,,1,From Free Kick,Reinildo Isnard Mandava,10848.0,Left Center Back,8,Mozambique,4978,['59fb1921-ef9c-4a49-b8cd-3faa464debab'],32,,,,,,,,,,,,,,,,Mozambique,4978,00:05:32.160,Pass,
,,,,,,,,,,,,,,,,,3.159996,,,,,,,,,,,,,,,bc45e58a-b9b1-4105-8257-fe5a32158fb5,187,,"[43.0, 58.6]",3920410,5,,,,-2.552739,,Right Foot,,,,"[15.9, 40.5]",,Ground Pass,,32.58865,,,,Ivane Carminio Francisco Urrubal,161718.0,,,,,,1,From Free Kick,Edson André Sitoe,3250.0,Right Center Back,8,Mozambique,4978,['4fc9c2ce-48c5-4d8d-9958-5d3dba8a6af4'],39,,,,,,,,,,,,,,,,Mozambique,4978,00:05:39.640,Pass,
,,,,,,,,,,,,,,,,,2.554484,,,,,,,,,,,,,,,1be46311-4f07-4561-83ea-3f02f58d76be,190,,"[18.9, 40.5]",3920410,5,,,,-0.06355067,,Right Foot,,,,"[73.9, 37.0]",,High Pass,,55.11125,,Incomplete,,Pachoio Lau Há King,106082.0,,,,,,1,From Free Kick,Ivane Carminio Francisco Urrubal,161718.0,Goalkeeper,8,Mozambique,4978,"['87c966b6-f051-4e96-8615-24fddb86872d', '76ee554e-5bc5-453e-b8f3-5e49ee0b2d46']",47,,,,,,,,,,,,,,,,Mozambique,4978,00:05:47.840,Pass,
,,,,,,,,,,,,,,,,,1.276365,,,,,,,,,,,,,,,76ee554e-5bc5-453e-b8f3-5e49ee0b2d46,192,,"[46.2, 43.1]",3920410,5,,,,0.3941626,,Head,,,,"[57.5, 47.8]",,Low Pass,,12.238464,,,,Majeed Ashimeru,30693.0,,,,,Recovery,1,Regular Play,Alexander Djiku,2989.0,Right Center Back,9,Ghana,4885,"['1be46311-4f07-4561-83ea-3f02f58d76be', 'd6412a66-4954-4a03-8bb2-deafac28296f']",50,,,,,,,,,,,,,,,,Ghana,4885,00:05:50.394,Pass,
,,,,,,,,,,,,,,,,,0.767211,,,,,,,,,,,,,,,9a3efc73-2724-4118-9fff-ae97d52f57a0,197,,"[49.0, 55.0]",3920410,5,,,,1.7963976,,Right Foot,,,,"[46.2, 67.2]",,Ground Pass,,12.517188,,,,Denis Odoi,12259.0,,,,,,1,Regular Play,Majeed Ashimeru,30693.0,Right Defensive Midfield,9,Ghana,4885,"['6964d5a2-3fda-4853-953c-5696299eb535', 'f3e0dd39-f1a5-4c14-a5d7-43e8e9227898', 'e93c9499-b04c-47f5-a69d-fdaa3ba81876']",53,,,,,,,,,,,,,,,,Ghana,4885,00:05:53.807,Pass,True
,,,,,,,,,,,,,,,,,3.848478,,,,,,,,,,,,,,,789bc1f3-2c98-4be9-9992-9118d2441aff,200,,"[46.6, 74.8]",3920410,5,,,,-0.15536426,,Right Foot,,,,"[96.4, 67.0]",,High Pass,,50.407143,,Incomplete,,Joseph Paintsil,16546.0,,,,,,1,Regular Play,Denis Odoi,12259.0,Right Back,9,Ghana,4885,"['f290e4fc-a8a2-4871-a2b0-2ee7311e1bf9', '75c7c46a-7f72-4d37-bf54-aaf8c733f698']",56,,,,,,,,,,,,,,,,Ghana,4885,00:05:56.384,Pass,
,,,,,,,,,,,,,,,,,0.313505,,,,,,,,,,,,,,,6d6372b1-febf-4f09-8037-e131e20a1271,205,,"[112.1, 72.4]",3920410,6,,,,-1.6220335,,Right Foot,,,,"[111.9, 68.5]",,Ground Pass,,3.905125,,Incomplete,,Antoine Semenyo,9286.0,,,,,Recovery,1,Regular Play,Joseph Paintsil,16546.0,Right Wing,10,Mozambique,4978,"['6190f277-a478-4087-b0a9-398b7891ad49', '003cff84-3fdd-4370-a66f-a26ca6129008']",4,,,,,,,,,,,,,,,,Ghana,4885,00:06:04.158,Pass,
,,,,,,,,,,,,,,,,,0.076715,,,,,,,,,,,,,,,0b1049d5-1bce-4e14-8674-e218ba871789,215,,"[3.9, 4.2]",3920410,6,,,,0.0,,Left Foot,,,,"[6.3, 4.2]",,High Pass,,2.4,,Incomplete,,,,,,,,,1,Regular Play,Reinildo Isnard Mandava,10848.0,Left Center Back,10,Mozambique,4978,"['2c47ce24-1dc6-4c4e-a58c-f1f70404e42e', '10351e04-41ef-4cff-b210-3c269b471961']",11,,,,,,,,,,,,,,,,Mozambique,4978,00:06:11.229,Pass,True
,,,,,,,,,,,,,,,,,4.255087,,,,,,,,,,,,,,,d62101ab-ff9c-4fba-b7fd-a9fb218e86e6,217,,"[9.3, 0.1]",3920410,6,,,,0.85545874,,,,,,"[14.6, 6.2]",,Low Pass,,8.080841,,,,Alfons Amade,23706.0,,,,,Throw-in,1,From Throw In,Bruno Alberto Langa,106070.0,Left Back,11,Mozambique,4978,['c4a8467a-2ab7-4c9f-a8c6-ea84ea8b7555'],28,,,,,,,,,,,,,,,,Mozambique,4978,00:06:28.228,Pass,
,,,,,,,,,,,,,,,,,1.759995,,,,,,,,,,,,,,,c4deeb6e-61fd-4dee-88d6-8b6656916812,221,,"[41.7, 7.9]",3920410,6,,,,2.5702553,,Right Foot,,,,"[10.9, 27.7]",,Ground Pass,,36.6153,,,,Edson André Sitoe,3250.0,,,,,,1,From Throw In,Alfons Amade,23706.0,Right Defensive Midfield,11,Mozambique,4978,"['45b91ae9-32f3-4107-99cd-c4032883d843', 'e7a4d3a5-d581-4306-b3dc-1c295409f4c1']",33,,,,,,,,,,,,,,,,Mozambique,4978,00:06:33.723,Pass,True
,,,,,,,,,,,,,,,,,2.359998,,,,,,,,,,,,,,,ae1af85d-dafa-413f-b052-af4b924a4d65,224,,"[12.8, 27.7]",3920410,6,,,,0.96355337,,Right Foot,,,,"[38.3, 64.4]",,Ground Pass,,44.689373,,,,Infren David da Conceição Matola,417067.0,,,,,,1,From Throw In,Edson André Sitoe,3250.0,Right Center Back,11,Mozambique,4978,['cea748e3-66fd-4592-b320-a0fa808f0f47'],36,,,,,,,,,,,,,,,,Mozambique,4978,00:06:36.403,Pass,
,,,,,,,,,,,,,,,,,1.440076,,,,,,,,,,,,,,,fef62511-669e-4875-88e7-8074fb53b3b7,231,,"[69.2, 13.3]",3920410,6,,,,0.050415955,,Right Foot,,,,"[91.0, 14.4]",,Ground Pass,,21.827734,,,,Mohammed Kudus,17033.0,,,,,,1,Regular Play,Jordan Ayew,3450.0,Left Wing,12,Ghana,4885,['dff327a0-4bdb-4592-936c-e8f5964891f2'],43,,,,,,,,,,,,,,,,Ghana,4885,00:06:43.031,Pass,
,,,,,,,,,,,,,,,,,0.909514,,,,,,,,,,,,,,,dc6bcc37-2e3c-451f-973a-f4e3d33a83de,234,,"[91.0, 14.4]",3920410,6,,,,2.9361973,,Left Foot,,,,"[83.8, 15.9]",,Ground Pass,,7.3545904,,,,Majeed Ashimeru,30693.0,,,,,,1,Regular Play,Mohammed Kudus,17033.0,Center Attacking Midfield,12,Ghana,4885,['58267842-6f05-4d6d-8a64-2138e23599c0'],46,,,,,,,,,,,,,,,,Ghana,4885,00:06:46.602,Pass,
,,,,,,,,,,,,,,,,,0.616868,,,,,,,,,,,,,,,b7c0147c-b295-48b0-bfc8-32c41f3c3cae,236,,"[83.8, 15.9]",3920410,6,,,,-1.1629283,,Right Foot,,,,"[87.3, 7.8]",,Ground Pass,,8.823832,,,,Mohammed Kudus,17033.0,,,,,,1,Regular Play,Majeed Ashimeru,30693.0,Right Defensive Midfield,12,Ghana,4885,['4b565af0-eeed-411a-afcf-e387117daa11'],47,,,,,,,,,,,,,,,,Ghana,4885,00:06:47.512,Pass,
,,,,,,,,,,,,,,,,,0.805465,,,,,,,,,,,,,,,432dea78-c086-4a21-8b1c-b6782a710cdc,240,,"[87.5, 10.9]",3920410,6,,,,-0.6337927,,Left Foot,,,,"[95.8, 4.8]",,Ground Pass,,10.300486,,,,Jordan Ayew,3450.0,,,,,,1,Regular Play,Mohammed Kudus,17033.0,Center Attacking Midfield,12,Ghana,4885,"['0af30841-3624-4ce2-8b71-bd3814ba047f', 'f6d26e50-0282-455a-9b54-fe10342aa7af']",50,,,,,,,,,,,,,,,,Ghana,4885,00:06:50.043,Pass,True
,,,,,,,,,,,,,,,,,0.59829,,,,,,,,,,,,,,,a84eb4b5-3793-4f2b-90f0-d7df1163876f,243,,"[95.5, 5.0]",3920410,6,,,,1.8025131,,Right Foot,,,,"[93.4, 13.9]",,Ground Pass,,9.144397,,,,Mohammed Kudus,17033.0,,,,,,1,Regular Play,Jordan Ayew,3450.0,Left Wing,12,Ghana,4885,['96fb982c-2e85-4130-8a47-e3557a99c6eb'],51,,,,,,,,,,,,,,,,Ghana,4885,00:06:51.791,Pass,
,,,,,,,,,,,,,,,,,0.881076,,,,,,,,,,,,,,,b22ce57f-ef8d-4d27-a0e5-307e227d6ffc,246,,"[93.4, 13.9]",3920410,6,,,,-1.3127891,,Left Foot,,,,"[95.3, 6.7]",,Ground Pass,,7.4464755,,,,Jordan Ayew,3450.0,,,,,,1,Regular Play,Mohammed Kudus,17033.0,Center Attacking Midfield,12,Ghana,4885,"['a329abd5-aba9-4779-b3d1-c5c4fd0317e0', 'b8a3f905-3eb5-460c-8dfe-e8e5a52e4eba']",52,,,,,,,,,,,,,,,,Ghana,4885,00:06:52.390,Pass,True
,,,,,,,,,,,,,,,,,1.768326,,,,,,,,,,,,,,,657aa846-0676-4d1c-ac4e-cfd8043542b6,249,,"[95.3, 7.0]",3920410,6,,,,0.0,,Right Foot,,,,"[110.3, 7.0]",,Ground Pass,,15.0,,,,Mohammed Kudus,17033.0,,,,,,1,Regular Play,Jordan Ayew,3450.0,Left Wing,12,Ghana,4885,['b026b15b-80ad-45ac-b8e2-8573603187da'],55,,,,,,,,,,,,,,,,Ghana,4885,00:06:55.767,Pass,
,,,,,,,,,,,,,,,,,1.955061,,,,,,,,,,,,,,,fb9620ef-01c4-4a96-ac45-86d6c34d0279,255,,"[116.6, 21.3]",3920410,7,,,,1.9740778,,Left Foot,True,,,"[103.8, 51.3]",,High Pass,,32.61656,,Incomplete,,Antoine Semenyo,9286.0,,,,,,1,Regular Play,Mohammed Kudus,17033.0,Center Attacking Midfield,12,Ghana,4885,"['1aca01b9-4164-4d7d-b1b4-569c45d2b6b3', 'a6e2afad-b083-4edc-850e-35e7d9e3a4a4']",0,,,,,,,,,,,,,,,,Ghana,4885,00:07:00.479,Pass,
,,,,,,,,,,,,,,,,,1.439995,,,,,,,,,,,,,,,a6e2afad-b083-4edc-850e-35e7d9e3a4a4,257,,"[16.3, 28.8]",3920410,7,,,,1.1542836,,Right Foot,,,,"[25.9, 50.5]",,Low Pass,,23.728674,,,,Ricardo Martins Guimarães,29482.0,,,,,Recovery,1,Regular Play,Witiness Chimoio João Quembo,10865.0,Left Wing,13,Mozambique,4978,"['16f19737-8af5-4b09-804a-076009e993d2', 'fb9620ef-01c4-4a96-ac45-86d6c34d0279']",2,,,,,,,,,,,,,,,,Mozambique,4978,00:07:02.434,Pass,
,,,,,,,,,,,,,,,,,0.799997,,,,,,,,,,,,,,,bef66e1a-7ba7-496b-8b1e-f728ffa31f2c,261,,"[25.9, 50.5]",3920410,7,,,,-2.2631307,,Right Foot,,,,"[19.1, 42.3]",,Ground Pass,,10.652699,,,,Alfons Amade,23706.0,,,,,,1,Regular Play,Ricardo Martins Guimarães,29482.0,Center Attacking Midfield,13,Mozambique,4978,"['0cc2f22b-88bd-42cf-98cb-fc77c5a6890d', '07345e16-f6df-4022-8700-e24dffd1003b']",3,,,,,,,,,,,,,,,,Mozambique,4978,00:07:03.994,Pass,True
,,,,,,,,,,,,,,,,,1.39999,,,,,,,,,,,,,,,9eb0ffde-6a75-4e20-ba24-173203b191e8,265,,"[55.2, 65.1]",3920410,7,,,,0.10876448,,Right Foot,,,,"[72.6, 67.0]",,Ground Pass,,17.503428,,,,Pachoio Lau Há King,106082.0,,,,,,1,Regular Play,Alfons Amade,23706.0,Right Defensive Midfield,13,Mozambique,4978,"['9fab5913-9f37-451b-9be8-686f22f95576', 'cee50828-3765-40de-9dd8-52e33d9c559e']",10,,,,,,,,,,,,,,,,Mozambique,4978,00:07:10.557,Pass,True
,,,,,,,,,,,,,,,,,3.679995,,,,,,,,,,,,,,,b66bc4ee-fba2-4845-ab3a-7fb6f708c52f,270,,"[72.6, 67.0]",3920410,7,True,,,-2.0880837,,Right Foot,,,,"[69.3, 61.2]",,Ground Pass,,6.6730804,,,,Alfons Amade,23706.0,,,,,Free Kick,1,From Free Kick,Infren David da Conceição Matola,417067.0,Right Back,14,Mozambique,4978,['17b62322-9d1e-4a13-870f-d4450c0f6372'],34,,,,,,,,,,,,,,,,Mozambique,4978,00:07:34.597,Pass,
,,,,,,,,,,,,,,,,,1.759997,,,,,,,,,,,,,,,b85655fb-eddd-42f6-b0d2-d20615e5a446,272,,"[69.8, 61.2]",3920410,7,,,,-3.0620065,,Right Foot,,,,"[53.5, 59.9]",,Ground Pass,,16.351759,,,,Edson André Sitoe,3250.0,,,,,,1,From Free Kick,Alfons Amade,23706.0,Right Defensive Midfield,14,Mozambique,4978,['fa614019-4f41-4640-80e7-1681d79ba0b7'],40,,,,,,,,,,,,,,,,Mozambique,4978,00:07:40.164,Pass,
,,,,,,,,,,,,,,,,,1.239998,,,,,,,,,,,,,,,a8d17fb4-6917-44fd-87b8-389d2ebfc5fc,275,,"[53.5, 59.9]",3920410,7,,,,-1.6192658,,Right Foot,,,,"[52.2, 33.1]",,Ground Pass,,26.83151,,,,Reinildo Isnard Mandava,10848.0,,,,,,1,From Free Kick,Edson André Sitoe,3250.0,Right Center Back,14,Mozambique,4978,['9ce27a16-c1ba-4fdb-8a54-42efd37fe4ce'],42,,,,,,,,,,,,,,,,Mozambique,4978,00:07:42.564,Pass,
,,,,,,,,,,,,,,,,,2.239992,,,,,,,,,,,,,,,e32e5e14-8efe-4e4f-8cf9-368fda4140ff,278,,"[50.6, 28.8]",3920410,7,,,,-1.0390723,,Left Foot,,,,"[65.6, 3.3]",,Ground Pass,,29.584625,,,,Bruno Alberto Langa,106070.0,,,,,,1,From Free Kick,Reinildo Isnard Mandava,10848.0,Left Center Back,14,Mozambique,4978,['3abdcd48-802f-4d64-8172-6e487201c071'],45,,,,,,,,,,,,,,,,Mozambique,4978,00:07:45.119,Pass,
,,,,,,,,,,,,,,,,,4.544883,,,,,,,,,,,,,,,38386727-06c9-457d-8b8d-b6e00475b0bf,284,,"[66.1, 3.6]",3920410,8,True,,,1.2752407,,Left Foot,,,,"[87.2, 72.9]",,High Pass,,72.44101,,,,Geny Cipriano Catamo,127300.0,,True,,,Free Kick,1,From Free Kick,Bruno Alberto Langa,106070.0,Left Back,15,Mozambique,4978,['f66b0793-24e9-4b0e-9a90-c3bf22d0f382'],11,,,,,,,,,,,,,,,,Mozambique,4978,00:08:11.319,Pass,
,,,,,,,,,,,,,,,,,1.702934,,,,,,,,,,,,,,,c0f72f37-6cde-433d-b259-1e8e510313d5,291,,"[41.0, 5.0]",3920410,8,,,,0.3864375,,Left Foot,,,,"[55.5, 10.9]",,Ground Pass,,15.654392,,,,Mohammed Kudus,17033.0,,,,,,1,From Free Kick,Gideon Mensah,23615.0,Left Back,15,Mozambique,4978,"['d61194d9-d5a1-4ab7-8527-712048c8e996', '16cb1189-4c41-4765-9d4b-55f313b5eb4b']",18,,,,,,,,,,,,,,,,Ghana,4885,00:08:18.787,Pass,True
,,,,,,,,,,,,,,,,,1.159999,,,,,,,,,,,,,,,fa12c56b-09e8-4418-8592-fab40d354905,297,,"[47.6, 68.6]",3920410,8,,,,0.5355573,,Right Foot,,,,"[56.7, 74.0]",,Ground Pass,,10.581588,,,,Geny Cipriano Catamo,127300.0,,,,,Recovery,1,From Free Kick,Edson André Sitoe,3250.0,Right Center Back,15,Mozambique,4978,['d7d900bc-c7fc-4432-9bd8-15f93f284ef0'],23,,,,,,,,,,,,,,,,Mozambique,4978,00:08:23.369,Pass,
,,,,,,,,,,,,,,,,,1.079997,,,,,,,,,,,,,,,1331ecc5-6523-4fc8-86fb-77610bc13e68,300,,"[56.5, 74.0]",3920410,8,,,,-2.7965906,,Left Foot,,,,"[43.7, 69.4]",,Ground Pass,,13.601471,,,,Edson André Sitoe,3250.0,,,,,,1,From Free Kick,Geny Cipriano Catamo,127300.0,Right Wing,15,Mozambique,4978,['70f48eeb-9179-4366-9327-58af270a9516'],26,,,,,,,,,,,,,,,,Mozambique,4978,00:08:26.689,Pass,
,,,,,,,,,,,,,,,,,2.319992,,,,,,,,,,,,,,,d64bdef5-e45a-41e0-b9e7-f0ebd46db438,303,,"[43.7, 69.4]",3920410,8,,,,-1.8128194,,Right Foot,,,,"[31.9, 21.6]",,Ground Pass,,49.234947,,,,Reinildo Isnard Mandava,10848.0,,True,,,,1,From Free Kick,Edson André Sitoe,3250.0,Right Center Back,15,Mozambique,4978,['e3a02ceb-fad9-4ac0-b0c8-d329cfa096ff'],30,,,,,,,,,,,,,,,,Mozambique,4978,00:08:30.185,Pass,
,,,,,,,,,,,,,,,,,1.199995,,,,,,,,,,,,,,,2280dd0d-fa64-4c47-8882-a6d2ddc38627,306,,"[33.9, 19.6]",3920410,8,,,,0.35144478,,Left Foot,,,,"[45.9, 24.0]",,Ground Pass,,12.781237,,,,Feliciano João Jone,129475.0,,,,,,1,From Free Kick,Reinildo Isnard Mandava,10848.0,Left Center Back,15,Mozambique,4978,['8dcd77a1-46c2-4671-98ad-287ff9e1c3a7'],33,,,,,,,,,,,,,,,,Mozambique,4978,00:08:33.345,Pass,
,,,,,,,,,,,,,,,,,1.639995,,,,,,,,,,,,,,,82e5a765-40d0-40fc-b903-03a0c922b376,309,,"[41.9, 26.6]",3920410,8,,,,1.6339725,,Right Foot,,,,"[39.3, 67.7]",,Ground Pass,,41.182156,,,,Edson André Sitoe,3250.0,,True,,,,1,From Free Kick,Feliciano João Jone,129475.0,Left Defensive Midfield,15,Mozambique,4978,['3fe23c00-590d-405a-8e48-fe16cc9fafcf'],36,,,,,,,,,,,,,,,,Mozambique,4978,00:08:36.905,Pass,
,,,,,,,,,,,,,,,,,3.906252,,,,,,,,,,,,,,,afb384d4-bf85-4922-9165-e875c37eda54,312,,"[41.3, 67.5]",3920410,8,,,,-0.25798777,,Right Foot,,,,"[108.0, 49.9]",,High Pass,,68.98297,,,,Pachoio Lau Há King,106082.0,,,,,,1,From Free Kick,Edson André Sitoe,3250.0,Right Center Back,15,Mozambique,4978,['9e4009a2-6ce1-48d5-a796-1c072b08b7bd'],40,,,,,,,,,,,,,,,,Mozambique,4978,00:08:40.225,Pass,
,,,,,,,,,,,,,,,,,2.007178,,,,,,,,,,,,,,,8c1c145e-5119-4c8c-b87a-bd9bd2831ebe,320,,"[6.7, 35.9]",3920410,9,,,,-0.49719205,,Right Foot,,,,"[65.3, 4.1]",,High Pass,,66.67233,,,,Jordan Ayew,3450.0,,,,,Goal Kick,1,From Goal Kick,Richard Ofori Antwi,68757.0,Goalkeeper,16,Ghana,4885,['8966aff8-ba71-41d3-ae2d-ce86e2e8884b'],22,,,,,,,,,,,,,,,,Ghana,4885,00:09:22.575,Pass,
,,,,,,,,,,,,,,,,,1.983786,,,,,,,,,,,,,,,123a6ce9-25c6-4779-8f19-0c16b2fdcb08,324,,"[56.5, 75.7]",3920410,9,,,,-0.39707944,,Right Foot,,,,"[90.6, 61.4]",,High Pass,,36.97702,,Incomplete,,Pachoio Lau Há King,106082.0,,,,,Free Kick,1,From Free Kick,Edson André Sitoe,3250.0,Right Center Back,17,Mozambique,4978,"['51def8fb-c38a-4d83-89a1-71fb2565b304', 'ffac524d-ac89-4052-ab5d-4446d07af39a']",48,,,,,,,,,,,,,,,,Mozambique,4978,00:09:48.133,Pass,
,,,,,,,,,,,,,,,,,3.079996,,,,,,,,,,,,,,,04b91cc5-7e62-4aec-9ddc-73fd5609bfad,328,,"[62.6, 59.7]",3920410,9,,,True,0.93847686,,,,,,"[77.4, 79.9]",,High Pass,,25.041565,,Out,,Geny Cipriano Catamo,127300.0,,,,,Recovery,1,From Free Kick,Feliciano João Jone,129475.0,Left Defensive Midfield,17,Mozambique,4978,"['72430036-428f-454f-8680-153903edcf12', '67175a8f-c125-477b-ae9a-cdd1fdcbcbd1']",53,,,,,,,,,,,,,,,,Mozambique,4978,00:09:53.269,Pass,True
,,,,,,,,,,,,,,,,,2.074109,,,,,,,,,,,,,,,197a3e69-b667-4b1a-8062-962b13732cb7,330,,"[52.5, 0.1]",3920410,10,,,,0.3396413,,,,,,"[82.5, 10.7]",,High Pass,,31.817606,,Incomplete,,Antoine Semenyo,9286.0,,,,,Throw-in,1,From Throw In,Gideon Mensah,23615.0,Left Back,18,Ghana,4885,"['c3b70c8f-bbf4-467b-91ff-8b59dabb6ae8', 'b7da2e09-0451-44e0-aa96-42ce3f03af4c']",5,,,,,,,,,,,,,,,,Ghana,4885,00:10:05.676,Pass,
,,,,,,,,,,,,,,,,,1.839976,,,,,,,,,,,,,,,b7da2e09-0451-44e0-aa96-42ce3f03af4c,332,,"[37.6, 69.4]",3920410,10,,,,0.104457125,,Head,,,,"[50.0, 70.7]",,High Pass,,12.467959,,,,Ricardo Martins Guimarães,29482.0,,,,,Recovery,1,From Throw In,Feliciano João Jone,129475.0,Left Defensive Midfield,18,Ghana,4885,"['197a3e69-b667-4b1a-8062-962b13732cb7', '52219fb6-0214-464c-a1b9-ecf3291f4b5c']",7,,,,,,,,,,,,,,,,Mozambique,4978,00:10:07.750,Pass,
,,,,,,,,,,,,,,,,,1.032591,,,,,,,,,,,,,,,00e64744-1790-458a-a266-05a3966edc17,341,,"[89.2, 0.1]",3920410,10,,,,0.45262876,,,,,,"[103.8, 7.2]",,Low Pass,,16.234838,,,,Antoine Semenyo,9286.0,,,,,Throw-in,1,From Throw In,Gideon Mensah,23615.0,Left Back,19,Ghana,4885,['1dc06138-b467-4afd-b792-a90a5abf0f38'],27,,,,,,,,,,,,,,,,Ghana,4885,00:10:27.580,Pass,
,,,,,,,,,,,,,,,,,8.531268,,,,,,,,,,,,,,,5ea59c16-3942-4767-96eb-4b1b558dc499,346,,"[15.4, 80.0]",3920410,10,True,,,-0.3389746,,,,,,"[48.3, 68.4]",,High Pass,,34.885098,,Incomplete,,Geny Cipriano Catamo,127300.0,,,,,Throw-in,1,From Throw In,Infren David da Conceição Matola,417067.0,Right Back,20,Mozambique,4978,"['601d6851-cf24-4d8c-a363-f5593bf351f0', '15c8086c-a043-4f0f-bda9-c8dd074d4717']",41,,,,,,,,,,,,,,,,Mozambique,4978,00:10:41.590,Pass,
,,,,,,,,,,,,,,,,,2.192038,,,,,,,,,,,,,,,c23f3907-22b2-42a9-a8c9-1b32efedb29d,349,,"[43.5, 80.0]",3920410,11,,,,-0.17801188,,,,,,"[67.4, 75.7]",,High Pass,,24.28374,,Incomplete,,Pachoio Lau Há King,106082.0,,,,,Throw-in,1,From Throw In,Infren David da Conceição Matola,417067.0,Right Back,21,Mozambique,4978,"['2ef29d0d-ce21-4c9a-9dab-8ce65d75ffb0', 'a827c832-c8a4-4616-999b-0ca1abd410d1']",0,,,,,,,,,,,,,,,,Mozambique,4978,00:11:00.987,Pass,
,,,,,,,,,,,,,,,,,3.499805,,,,,,,,,,,,,,,bf685161-38ca-4d22-88cf-3e316f3b814c,354,,"[33.5, 80.0]",3920410,11,,,,-1.8288035,,,,,,"[25.9, 51.2]",,High Pass,,29.785902,,,,Edson André Sitoe,3250.0,,,,,Throw-in,1,From Throw In,Infren David da Conceição Matola,417067.0,Right Back,22,Mozambique,4978,['09901cff-00fd-42d6-9e89-6b5f28b8ce82'],11,,,,,,,,,,,,,,,,Mozambique,4978,00:11:11.907,Pass,
,,,,,,,,,,,,,,,,,0.959999,,,,,,,,,,,,,,,d66b0947-eb52-492d-87c7-2725ff5ef63a,358,,"[21.9, 43.8]",3920410,11,,,,0.83663535,,Left Foot,,,,"[29.3, 52.0]",,Ground Pass,,11.045361,,,,Feliciano João Jone,129475.0,,,,,,1,From Throw In,Edson André Sitoe,3250.0,Right Center Back,22,Mozambique,4978,"['cd019e45-7924-4bbb-a2be-3bce12109a6f', 'a2bb0162-682c-44cb-a69d-07014a1c2538']",16,,,,,,,,,,,,,,,,Mozambique,4978,00:11:16.806,Pass,True
,,,,,,,,,,,,,,,,,2.199996,,,,,,,,,,,,,,,fe1981e1-680e-43b3-ac22-7d4f9923b532,365,,"[31.1, 47.9]",3920410,11,,,,-1.9291565,,Right Foot,,,,"[21.1, 21.2]",,Ground Pass,,28.511227,,,,Edson André Sitoe,3250.0,,,,,,1,From Throw In,Feliciano João Jone,129475.0,Left Defensive Midfield,22,Mozambique,4978,['3779de30-12a4-48d7-9dc7-18dc8bc2a8a1'],21,,,,,,,,,,,,,,,,Mozambique,4978,00:11:21.401,Pass,
,,,,,,,,,,,,,,,,,2.199988,,,,,,,,,,,,,,,0fd1d9df-714a-4e0b-b469-0fda54ba018d,368,,"[21.1, 20.7]",3920410,11,,,,-0.50199515,,Left Foot,,,,"[52.8, 3.3]",,Low Pass,,36.16144,,,,Bruno Alberto Langa,106070.0,,,,,,1,From Throw In,Edson André Sitoe,3250.0,Right Center Back,22,Mozambique,4978,['00b8c0b2-4750-4820-b04c-c1dc60f3c8c1'],23,,,,,,,,,,,,,,,,Mozambique,4978,00:11:23.720,Pass,
,,,,,,,,,,,,,,,,,0.497323,,,,,,,,,,,,,,,1ff92026-bb01-41f9-b8ab-8426f2643bf2,372,,"[67.4, 11.2]",3920410,11,,,,0.46760017,,Left Foot,,,,"[87.6, 21.4]",,Low Pass,,22.629185,,Incomplete,,Ricardo Martins Guimarães,29482.0,,,,,,1,From Throw In,Bruno Alberto Langa,106070.0,Left Back,22,Mozambique,4978,"['92bab883-3554-4135-87f2-1b366a89164a', '3152e35f-835d-4bf0-bb4c-bfd0e4194ea7']",28,,,,,,,,,,,,,,,,Mozambique,4978,00:11:28.877,Pass,
,,,,,,,,,,,,,,,,,0.091689,,,,,,,,,,,,,,,913459d2-346d-4c02-b18f-d2c5a2afa152,375,,"[83.0, 22.9]",3920410,11,,,,0.49642277,,Left Foot,,,,"[85.4, 24.2]",,Low Pass,,2.7294688,,Incomplete,,Witiness Chimoio João Quembo,10865.0,,,,,Recovery,1,From Throw In,Bruno Alberto Langa,106070.0,Left Back,22,Mozambique,4978,"['03146263-1e6b-4951-89f4-41a6b6e75246', '919e680e-5e68-446d-bd28-98d29f6885c4']",30,,,,,,,,,,,,,,,,Mozambique,4978,00:11:30.245,Pass,
,,,,,,,,,,,,,,,,,2.667446,,,,,,,,,,,,,,,d1c141ff-7fe8-416c-9080-8d91034ec5e9,382,,"[47.3, 45.0]",3920410,11,,,,1.2071277,,Right Foot,,,,"[57.5, 71.8]",,Ground Pass,,28.675425,,,,Joseph Paintsil,16546.0,,,,,Recovery,1,Regular Play,Jordan Ayew,3450.0,Left Wing,23,Ghana,4885,['87f5f874-a14c-4269-87c6-8db16ddb784b'],35,,,,,,,,,,,,,,,,Ghana,4885,00:11:35.409,Pass,
,,,,,,,,,,,,,,,,,1.268356,,,,,,,,,,,,,,,eaa301e9-33b8-434f-937a-dccad0692246,387,,"[80.8, 69.6]",3920410,11,,,,-1.5491781,,Right Foot,,,,"[81.2, 51.1]",,Ground Pass,,18.504324,,,,Mohammed Kudus,17033.0,,,,,,1,Regular Play,Joseph Paintsil,16546.0,Right Wing,23,Ghana,4885,"['85797679-dc3d-4c2d-bd16-caa935d287fb', '7ff2590c-1baf-49e4-8244-166dd3769ff5']",42,,,,,,,,,,,,,,,,Ghana,4885,00:11:42.549,Pass,True
,,,,,,,,,,,,,,,,,2.729972,,,,,,,,,,,,,,,98b4a2e8-7d10-4f1e-bad6-516c93515429,390,,"[79.2, 47.2]",3920410,11,,,,-1.236566,,Left Foot,,,,"[92.5, 8.9]",,High Pass,,40.543556,,,,Gideon Mensah,23615.0,,,,,,1,Regular Play,Mohammed Kudus,17033.0,Center Attacking Midfield,23,Ghana,4885,['2c0f071e-73ff-4ffa-b65a-df611d7a566e'],45,,,,,,,,,,,,,,,,Ghana,4885,00:11:45.354,Pass,
,,,,,,,,,,,,,,,,,1.349228,,,,,,,,,,,,,,,d14dfc25-530e-4bb6-8279-c2be5fb8664c,393,,"[91.2, 10.9]",3920410,11,,,,2.4020338,,Left Foot,,,,"[85.5, 16.1]",,Ground Pass,,7.7155685,,,,Salis Abdul Samed,31029.0,,,,,,1,Regular Play,Gideon Mensah,23615.0,Left Back,23,Ghana,4885,['0d9fd9a0-bb4c-45dc-8f54-2504c928d1cf'],49,,,,,,,,,,,,,,,,Ghana,4885,00:11:49.550,Pass,
,,,,,,,,,,,,,,,,,1.630206,,,,,,,,,,,,,,,3333fa11-5906-4032-ada9-73ebff4662be,397,,"[86.4, 15.0]",3920410,11,,,,2.6990147,,Right Foot,,,,"[65.3, 25.0]",,Ground Pass,,23.349731,,,,Mohamed Salisu,30519.0,,,,,,1,Regular Play,Salis Abdul Samed,31029.0,Left Defensive Midfield,23,Ghana,4885,"['41d5cdff-85d2-4876-9049-a0e0564111df', 'b7b44a97-4a65-4300-b293-646283b9458f']",52,,,,,,,,,,,,,,,,Ghana,4885,00:11:52.679,Pass,True
,,,,,,,,,,,,,,,,,1.416327,,,,,,,,,,,,,,,874a1685-2911-4d8a-b86f-d7c9191e94b0,400,,"[67.1, 28.9]",3920410,11,,,,1.5707964,,Left Foot,,,,"[67.1, 42.4]",,Ground Pass,,13.5,,,,Majeed Ashimeru,30693.0,,,,,,1,Regular Play,Mohamed Salisu,30519.0,Left Center Back,23,Ghana,4885,['6ffcacd5-873f-4b6a-b9c8-81f7c5750a58'],55,,,,,,,,,,,,,,,,Ghana,4885,00:11:55.322,Pass,
,,,,,,,,,,,,,,,,,1.107956,,,,,,,,,,,,,,,a5e40c98-6138-4ba4-a053-7ecf51cca75c,403,,"[72.7, 23.5]",3920410,11,,,,-2.5055172,,Right Foot,,,,"[66.2, 18.7]",,Ground Pass,,8.080223,,,,Salis Abdul Samed,31029.0,,,,,,1,Regular Play,Majeed Ashimeru,30693.0,Right Defensive Midfield,23,Ghana,4885,['28578039-b918-4e81-b125-db4ec2c69ce9'],59,,,,,,,,,,,,,,,,Ghana,4885,00:11:59.840,Pass,
,,,,,,,,,,,,,,,,,1.871669,,,,,,,,,,,,,,,d33070df-5abc-4e29-9a58-4d072d42512e,406,,"[66.2, 18.7]",3920410,12,,,,2.61282,,Right Foot,,,,"[57.3, 23.9]",,Ground Pass,,10.307764,,,,Mohamed Salisu,30519.0,,,,,,1,Regular Play,Salis Abdul Samed,31029.0,Left Defensive Midfield,23,Ghana,4885,['45423e1f-5764-4a9a-971b-0995e1386956'],1,,,,,,,,,,,,,,,,Ghana,4885,00:12:01.306,Pass,
,,,,,,,,,,,,,,,,,1.372615,,,,,,,,,,,,,,,3690c5dd-2fcf-4c8f-9f24-62f89d4a6745,409,,"[57.3, 23.9]",3920410,12,,,,-0.778356,,Left Foot,,,,"[71.6, 9.8]",,Ground Pass,,20.08233,,,,Gideon Mensah,23615.0,,,,,,1,Regular Play,Mohamed Salisu,30519.0,Left Center Back,23,Ghana,4885,['13ebb06b-8d33-45ed-8896-1c9687abcf8a'],4,,,,,,,,,,,,,,,,Ghana,4885,00:12:04.085,Pass,
,,,,,,,,,,,,,,,,,2.236556,,,,,,,,,,,,,,,4b71c3b9-3d76-4008-ab0a-af0725e258dc,412,,"[74.7, 6.7]",3920410,12,,,,-0.020902878,,Left Foot,,,,"[103.4, 6.1]",,Ground Pass,,28.70627,,,,Joseph Paintsil,16546.0,,,,,,1,Regular Play,Gideon Mensah,23615.0,Left Back,23,Ghana,4885,['0e5becee-2c34-4440-aad1-fef54d4c2328'],6,,,,,,,,,,,,,,,,Ghana,4885,00:12:06.339,Pass,
,,,,,,,,,,,,,,,,,4.039997,,,,,,,,,,,,,,,1b31e3f9-3ae9-4f79-8141-2a6927df658b,423,,"[60.0, 40.0]",3920410,15,,,,-3.0841846,,Right Foot,,,,"[42.6, 39.0]",,Ground Pass,,17.428713,,,,Alfons Amade,23706.0,,,,,Kick Off,1,From Kick Off,Ricardo Martins Guimarães,29482.0,Center Attacking Midfield,25,Mozambique,4978,['7ce49219-ca52-4e59-9420-55c6b942bd7b'],26,,,,,,,,,,,,,,,,Mozambique,4978,00:15:26.341,Pass,
,,,,,,,,,,,,,,,,,11.604651,,,,,,,,,,,,,,,44d8672d-845a-471b-a536-ab126b4485a9,426,,"[42.6, 39.0]",3920410,15,,,,0.15264933,,Left Foot,,,,"[107.6, 49.0]",,High Pass,,65.76473,,Incomplete,,Pachoio Lau Há King,106082.0,,,,,,1,From Kick Off,Alfons Amade,23706.0,Right Defensive Midfield,25,Mozambique,4978,"['2b0884ca-38b4-410a-8c21-c5d95f4d8085', '5c4e23ff-97f0-4404-96d0-fe6617b14182']",42,,,,,,,,,,,,,,,,Mozambique,4978,00:15:42.501,Pass,
,,,,,,,,,,,,,,,,,2.55698,,,,,,,,,,,,,,,5709ff1d-e186-4198-9e3c-2ada76a386bf,430,,"[13.6, 31.1]",3920410,16,,,,-0.1864869,,Drop Kick,,,,"[82.5, 18.1]",,High Pass,,70.11569,,,,Antoine Semenyo,9286.0,,,,,,1,From Kick Off,Richard Ofori Antwi,68757.0,Goalkeeper,25,Mozambique,4978,['0006264c-f607-4d58-a5c7-bf712cf49d10'],5,,,,,,,,,,,,,,,,Ghana,4885,00:16:05.723,Pass,
,,,,,,,,,,,,,,,,,1.490026,,,,,,,,,,,,,,,d0bb89b6-4e7f-4c81-a48a-acc64e156ba0,432,,"[83.0, 17.9]",3920410,16,,,True,3.0082424,,,,,,"[74.8, 19.0]",,Low Pass,,8.273452,,Incomplete,,Jordan Ayew,3450.0,,,,,,1,From Kick Off,Antoine Semenyo,9286.0,Center Forward,25,Mozambique,4978,"['8b7bf2e5-977e-4f48-ad78-3803bd28da5c', '1661e7b7-6943-4a83-8cad-3e85488c2e74', '5614f3e0-3699-4ac8-83a5-dee299baef17']",8,,,,,,,,,,,,,,,,Ghana,4885,00:16:08.280,Pass,True
,,,,,,,,,,,,,,,,,0.959998,,,,,,,,,,,,,,,8b7bf2e5-977e-4f48-ad78-3803bd28da5c,435,,"[45.3, 61.1]",3920410,16,,,,0.94487154,,Right Foot,,,,"[51.3, 69.4]",,Low Pass,,10.241582,,Unknown,,,,,,,,Recovery,1,From Kick Off,Feliciano João Jone,129475.0,Left Defensive Midfield,25,Mozambique,4978,['d0bb89b6-4e7f-4c81-a48a-acc64e156ba0'],9,,,,,,,,,,,,,,,,Mozambique,4978,00:16:09.770,Pass,
,,,,,,,,,,,,,,,,,1.719997,,,,,,,,,,,,,,,5d6b6f45-c3cc-4fef-bfbc-eae6b820613f,439,,"[50.2, 71.2]",3920410,16,,,,-1.4909663,,Right Foot,,,,"[53.0, 36.2]",,Ground Pass,,35.11182,,,,Reinildo Isnard Mandava,10848.0,,,,,Free Kick,1,From Free Kick,Edson André Sitoe,3250.0,Right Center Back,26,Mozambique,4978,['72e74a62-a883-4f83-8c45-7737719b1c55'],53,,,,,,,,,,,,,,,,Mozambique,4978,00:16:53.579,Pass,
,,,,,,,,,,,,,,,,,1.68,,,,,,,,,,,,,,,b2f28c8d-9a8a-463e-a7aa-a9e0f0ed3f3c,442,,"[52.6, 32.5]",3920410,16,,,,-1.0991808,,Left Foot,,,,"[62.8, 12.5]",,Ground Pass,,22.450834,,,,Bruno Alberto Langa,106070.0,,,,,,1,From Free Kick,Reinildo Isnard Mandava,10848.0,Left Center Back,26,Mozambique,4978,['0dc8a25a-3be8-4ad2-9deb-d7a72d2976ab'],56,,,,,,,,,,,,,,,,Mozambique,4978,00:16:56.339,Pass,
,,,,,,,,,,,,,,,,,1.279999,,,,,,,,,,,,,,,cbe758f3-180d-40de-a2b7-ac47e2005a05,445,,"[60.6, 6.8]",3920410,16,,,,1.9686707,,Right Foot,,,,"[51.9, 27.5]",,Ground Pass,,22.453953,,,,Reinildo Isnard Mandava,10848.0,,,,,,1,From Free Kick,Bruno Alberto Langa,106070.0,Left Back,26,Mozambique,4978,['2b3042de-d092-4251-8873-dc55e248fe85'],59,,,,,,,,,,,,,,,,Mozambique,4978,00:16:59.659,Pass,
,,,,,,,,,,,,,,,,,2.079995,,,,,,,,,,,,,,,6d6e6af4-22c8-40d6-b124-88cd4ac37511,448,,"[51.7, 27.0]",3920410,17,,,,1.7654431,,Left Foot,,,,"[44.8, 62.0]",,Ground Pass,,35.67366,,,,Edson André Sitoe,3250.0,,,,,,1,From Free Kick,Reinildo Isnard Mandava,10848.0,Left Center Back,26,Mozambique,4978,['2ec546e0-237a-454a-90ff-6a2797c74ad1'],1,,,,,,,,,,,,,,,,Mozambique,4978,00:17:01.659,Pass,
,,,,,,,,,,,,,,,,,1.999996,,,,,,,,,,,,,,,bbc54160-37c3-4f94-bba8-bb8654e129ec,452,,"[41.7, 61.2]",3920410,17,,,,-1.5988501,,Right Foot,,,,"[40.6, 22.0]",,Ground Pass,,39.21543,,,,Reinildo Isnard Mandava,10848.0,,,,,,1,From Free Kick,Edson André Sitoe,3250.0,Right Center Back,26,Mozambique,4978,"['08444178-7006-422f-87e1-5e58c925c06e', 'bb1980f7-c3ff-4717-bda4-679822d2289c']",4,,,,,,,,,,,,,,,,Mozambique,4978,00:17:04.579,Pass,True
,,,,,,,,,,,,,,,,,2.759996,,,,,,,,,,,,,,,5af310e0-b04c-4097-8d3a-4da512240608,455,,"[38.5, 22.3]",3920410,17,,,,2.4399312,,Left Foot,,,,"[15.9, 41.4]",,Ground Pass,,29.590033,,,,Ivane Carminio Francisco Urrubal,161718.0,,,,,,1,From Free Kick,Reinildo Isnard Mandava,10848.0,Left Center Back,26,Mozambique,4978,['1fdcc363-4c05-4f62-9bb8-9550773e1a84'],8,,,,,,,,,,,,,,,,Mozambique,4978,00:17:08.059,Pass,
,,,,,,,,,,,,,,,,,1.559998,,,,,,,,,,,,,,,573730a2-38ff-43bb-8465-69531d680a1d,458,,"[16.3, 41.4]",3920410,17,,,,1.2207514,,Right Foot,,,,"[20.9, 54.0]",,Ground Pass,,13.413426,,,,Edson André Sitoe,3250.0,,,,,,1,From Free Kick,Ivane Carminio Francisco Urrubal,161718.0,Goalkeeper,26,Mozambique,4978,['ce027b3e-7a11-4664-9e0c-799dc8670d9d'],11,,,,,,,,,,,,,,,,Mozambique,4978,00:17:11.739,Pass,
,,,,,,,,,,,,,,,,,1.719993,,,,,,,,,,,,,,,f6a3e6a5-347b-4dd3-b6a4-2ac1b7302cf7,461,,"[23.7, 54.4]",3920410,17,,,,-1.4453586,,Right Foot,,,,"[28.0, 20.3]",,Ground Pass,,34.370045,,,,Reinildo Isnard Mandava,10848.0,,,,,,1,From Free Kick,Edson André Sitoe,3250.0,Right Center Back,26,Mozambique,4978,['624bee02-239f-419c-abc3-92f9d45d2352'],15,,,,,,,,,,,,,,,,Mozambique,4978,00:17:15.739,Pass,
,,,,,,,,,,,,,,,,,2.279976,,,,,,,,,,,,,,,7f16d969-4620-4496-8d57-4a0b00ba04f0,464,,"[27.6, 18.8]",3920410,17,,,,0.053924944,,Left Foot,,,,"[62.8, 20.7]",,High Pass,,35.25124,,,,Ricardo Martins Guimarães,29482.0,,,,,,1,From Free Kick,Reinildo Isnard Mandava,10848.0,Left Center Back,26,Mozambique,4978,['1aaab49b-6121-433c-bf1b-01121e724a94'],19,,,,,,,,,,,,,,,,Mozambique,4978,00:17:19.859,Pass,
,,,,,,,,,,,,,,,,,0.959985,,,,,,,,,,,,,,,4512099d-b02e-4b57-9573-e837047d30a6,470,,"[62.8, 20.5]",3920410,17,True,,,-1.0172628,,Right Foot,,,,"[68.3, 11.6]",,Ground Pass,,10.462314,,,,Bruno Alberto Langa,106070.0,,,,,Free Kick,1,From Free Kick,Ricardo Martins Guimarães,29482.0,Center Attacking Midfield,27,Mozambique,4978,['fb07eb59-8b4c-45cc-a75c-ab0d569eb8be'],27,,,,,,,,,,,,,,,,Mozambique,4978,00:17:27.659,Pass,
,,,,,,,,,,,,,,,,,2.759997,,,,,,,,,,,,,,,8c086d3d-3652-4e2e-8118-6820339ffa70,472,,"[65.6, 3.3]",3920410,17,,,,1.6046816,,Left Foot,,,,"[65.2, 15.1]",,Ground Pass,,11.806778,,,,Ricardo Martins Guimarães,29482.0,,,,,,1,From Free Kick,Bruno Alberto Langa,106070.0,Left Back,27,Mozambique,4978,['0c7522db-123e-4504-9422-8a784c94a07b'],29,,,,,,,,,,,,,,,,Mozambique,4978,00:17:29.307,Pass,
,,,,,,,,,,,,,,,,,1.239998,,,,,,,,,,,,,,,e5f62030-6dfc-4cbe-8ba5-675c1622be7c,475,,"[63.7, 15.3]",3920410,17,,,,-1.7681919,,Right Foot,,,,"[61.7, 5.3]",,Ground Pass,,10.198039,,,,Feliciano João Jone,129475.0,,,,,,1,From Free Kick,Ricardo Martins Guimarães,29482.0,Center Attacking Midfield,27,Mozambique,4978,['cd2dc737-3f90-48b1-a086-59256d2653c4'],32,,,,,,,,,,,,,,,,Mozambique,4978,00:17:32.587,Pass,
,,,,,,,,,,,,,,,,,3.616628,,,,,,,,,,,,,,,1726a580-3eb0-4436-8190-051b960d506f,478,,"[60.6, 4.2]",3920410,17,,,,0.33532438,,Right Foot,,,,"[120.0, 24.9]",,High Pass,,62.903496,,Out,,Pachoio Lau Há King,106082.0,,,,,,1,From Free Kick,Feliciano João Jone,129475.0,Left Defensive Midfield,27,Mozambique,4978,['ba6d1869-ab39-495f-bb85-ce4f21897250'],35,,,,,,,,,,,,,,,,Mozambique,4978,00:17:35.987,Pass,
,,,,,,,,,,,,,,,,,2.145698,,,,,,,,,,,,,,,bd33caf4-7416-4c2f-9996-b6b99db2e5b0,480,,"[6.7, 43.5]",3920410,18,,,,-0.080229424,,Right Foot,,,,"[66.4, 38.7]",,High Pass,,59.892654,,,,Majeed Ashimeru,30693.0,,,,,Goal Kick,1,From Goal Kick,Richard Ofori Antwi,68757.0,Goalkeeper,28,Ghana,4885,['a6140a90-4126-45b4-a154-18b57b305e44'],15,,,,,,,,,,,,,,,,Ghana,4885,00:18:15.835,Pass,
,,,,,,,,,,,,,,,,,1.657988,,,,,,,,,,,,,,,88f050cd-9b4e-4a1e-be64-ff1dc2f088d8,482,,"[66.4, 38.7]",3920410,18,,,,-0.39305803,,Head,,,,"[91.0, 28.5]",,High Pass,,26.63081,,Incomplete,,Alexander Djiku,2989.0,,,,,,1,From Goal Kick,Majeed Ashimeru,30693.0,Right Defensive Midfield,28,Ghana,4885,"['2a501399-a489-46ba-aa01-9829bb71f4f2', '7d9a9709-96d7-42e3-89b7-ba1640ae4295']",17,,,,,,,,,,,,,,,,Ghana,4885,00:18:17.981,Pass,
,,,,,,,,,,,,,,,,,3.279994,,,,,,,,,,,,,,,2a501399-a489-46ba-aa01-9829bb71f4f2,484,,"[29.1, 51.6]",3920410,18,,,,2.4521947,,Head,,,,"[21.7, 57.7]",,High Pass,,9.590099,,,,Edson André Sitoe,3250.0,,,,,Recovery,1,From Goal Kick,Reinildo Isnard Mandava,10848.0,Left Center Back,28,Ghana,4885,"['ea686c59-d8c8-40ee-9507-e0b9ea430aac', '88f050cd-9b4e-4a1e-be64-ff1dc2f088d8']",19,,,,,,,,,,,,,,,,Mozambique,4978,00:18:19.639,Pass,
,,,,,,,,,,,,,,,,,2.764786,,,,,,,,,,,,,,,5aa69d01-d729-4b07-8083-c8da33cc594c,487,,"[21.7, 57.7]",3920410,18,,,,0.9207522,,Right Foot,,,,"[32.8, 72.3]",,High Pass,,18.340393,,Incomplete,,Infren David da Conceição Matola,417067.0,,,,,,1,From Goal Kick,Edson André Sitoe,3250.0,Right Center Back,28,Ghana,4885,"['525262db-4ea9-474c-8634-e206e7bf5f79', '13ab4f27-6c64-4fdd-b7b6-14a0da64dcac']",23,,,,,,,,,,,,,,,,Mozambique,4978,00:18:23.119,Pass,
,,,,,,,,,,,,,,,,,1.857185,,,,,,,,,,,,,,,eb4e8a3a-2a6b-4ef3-af71-fd192116167a,491,,"[91.0, 0.1]",3920410,18,,,,0.66390646,,,,,,"[110.3, 15.2]",,Low Pass,,24.505102,,Unknown,,Antoine Semenyo,9286.0,,,,,Throw-in,1,From Throw In,Gideon Mensah,23615.0,Left Back,29,Ghana,4885,['bab2e6b1-9859-4ecb-ab6b-efb6bb8868f2'],42,,,,,,,,,,,,,,,,Ghana,4885,00:18:42.234,Pass,
,,,,,,,,,,,,,,,,,1.774558,,,,,,,,,,,,,,,5972ae7a-675b-4397-946d-70a0c4cd37ac,496,,"[9.8, 64.4]",3920410,19,,,,-0.35004488,,Right Foot,,,,"[53.9, 48.3]",,High Pass,,46.94699,,Incomplete,,Ricardo Martins Guimarães,29482.0,,,,,Free Kick,1,From Free Kick,Edson André Sitoe,3250.0,Right Center Back,30,Mozambique,4978,"['26ff5464-9e43-4db8-8798-c296a6270b19', 'f89dce3f-132f-4c6e-b4e9-c256e08c1c9c']",4,,,,,,,,,,,,,,,,Mozambique,4978,00:19:04.864,Pass,
,,,,,,,,,,,,,,,,,1.89288,,,,,,,,,,,,,,,56b81518-263a-43c8-bb40-507682b74a13,502,,"[61.6, 15.7]",3920410,19,,,,0.013697773,,Left Foot,,,,"[90.8, 16.1]",,High Pass,,29.20274,,,,Antoine Semenyo,9286.0,,,,,Free Kick,1,From Free Kick,Mohamed Salisu,30519.0,Left Center Back,31,Ghana,4885,['3c781530-40a4-45a1-b552-91b26a858897'],47,,,,,,,,,,,,,,,,Ghana,4885,00:19:47.138,Pass,
,,,,,,,,,,,,,,,,,1.2,,,,,,,,,,,,,,,5e3e63f1-52ca-410e-9c19-e572cec4bfd8,513,,"[31.7, 66.2]",3920410,19,,,,-2.106216,,Right Foot,,,,"[28.2, 60.3]",,Ground Pass,,6.860029,,,,Edson André Sitoe,3250.0,,,,,Recovery,1,Regular Play,Infren David da Conceição Matola,417067.0,Right Back,32,Mozambique,4978,['dfdd272d-2729-450f-8bbf-e634c2c71247'],52,,,,,,,,,,,,,,,,Mozambique,4978,00:19:52.999,Pass,
,,,,,,,,,,,,,,,,,1.664587,,,,,,,,,,,,,,,eed1c69e-33fa-4a7f-b072-3ca2e9fbfeb0,517,,"[28.0, 59.4]",3920410,19,,,,-0.065408744,,Right Foot,,,,"[50.9, 57.9]",,Ground Pass,,22.949074,,Incomplete,,Witiness Chimoio João Quembo,10865.0,,,,,,1,Regular Play,Edson André Sitoe,3250.0,Right Center Back,32,Mozambique,4978,"['8e25c21d-bf4d-4b7d-8436-d2774982d2ee', 'ee3b5283-0547-45e7-bb6e-85de91666ade', '58074cda-c96f-4b5a-890e-b803f1a40308']",54,,,,,,,,,,,,,,,,Mozambique,4978,00:19:54.919,Pass,True
,,,,,,,,,,,True,,,,,,0.80254,,,,,,,,,,,,,,,8e25c21d-bf4d-4b7d-8436-d2774982d2ee,519,,"[69.2, 22.2]",3920410,19,,,,1.1392232,,Right Foot,,,,"[72.7, 29.8]",,Ground Pass,,8.367198,,,,Majeed Ashimeru,30693.0,,,,,Interception,1,Regular Play,Salis Abdul Samed,31029.0,Left Defensive Midfield,33,Ghana,4885,"['eed1c69e-33fa-4a7f-b072-3ca2e9fbfeb0', 'a2d781c1-4311-4769-accf-b06062fd653f']",56,,,,,,,,,,,,,,,,Ghana,4885,00:19:56.584,Pass,
,,,,,,,,,,,,,,,,,1.4367,,,,,,,,,,,,,,,8781df50-4d27-42dc-ab4f-f5fe93ad5a4f,521,,"[72.7, 29.8]",3920410,19,,,,2.6597238,,Right Foot,,,,"[55.3, 38.9]",,Ground Pass,,19.635937,,,,Alexander Djiku,2989.0,,,,,,1,Regular Play,Majeed Ashimeru,30693.0,Right Defensive Midfield,33,Ghana,4885,['dbc7aff0-c48b-4389-85b3-2afa5d9e28c4'],57,,,,,,,,,,,,,,,,Ghana,4885,00:19:57.387,Pass,
,,,,,,,,,,,,,,,,,0.992947,,,,,,,,,,,,,,,5bc3199f-a1ba-4fe7-898b-775fc6cd62c4,524,,"[55.8, 36.3]",3920410,20,,,,-1.5383753,,Right Foot,,,,"[56.4, 17.8]",,Ground Pass,,18.509727,,,,Mohamed Salisu,30519.0,,,,,,1,Regular Play,Alexander Djiku,2989.0,Right Center Back,33,Ghana,4885,['510a71db-f516-4e7c-8c72-7ff8e1a43940'],0,,,,,,,,,,,,,,,,Ghana,4885,00:20:00.111,Pass,
,,,,,,,,,,,,,,,,,0.621428,,,,,,,,,,,,,,,3b1a7053-5ec0-4052-bec1-a0b9804df8d5,527,,"[56.4, 17.8]",3920410,20,,,,-0.402114,,Left Foot,,,,"[73.8, 10.4]",,Ground Pass,,18.9082,,,,Jordan Ayew,3450.0,,,,,,1,Regular Play,Mohamed Salisu,30519.0,Left Center Back,33,Ghana,4885,['072ac3c7-1db5-4b4a-8ec1-9a3a8c231112'],2,,,,,,,,,,,,,,,,Ghana,4885,00:20:02.489,Pass,
,,,,,,,,,,,,,,,,,1.076346,,,,,,,,,,,,,,,05ff9837-0c97-464e-9992-5121e80e8b84,531,,"[71.2, 9.8]",3920410,20,,,,-2.1934671,,Right Foot,,,,"[68.4, 5.9]",,Ground Pass,,4.8010416,,,,Gideon Mensah,23615.0,,,,,,1,Regular Play,Jordan Ayew,3450.0,Left Wing,33,Ghana,4885,"['d370ea18-fdca-4c4a-87a6-ade14bbbdc68', 'f00ef644-5e4f-45ef-a786-a547770cf7d0']",4,,,,,,,,,,,,,,,,Ghana,4885,00:20:04.663,Pass,True
,,,,,,,,,,,,,,,,,1.203274,,,,,,,,,,,,,,,cc5a54bd-a62d-4e4e-9578-e084d53c677d,534,,"[68.4, 5.9]",3920410,20,,,,0.3167001,,Left Foot,,,,"[80.3, 9.8]",,Ground Pass,,12.522779,,Incomplete,,Jordan Ayew,3450.0,,,,,,1,Regular Play,Gideon Mensah,23615.0,Left Back,33,Ghana,4885,"['f25cd1d7-8f9e-4661-8927-b90d29a857d7', 'bf3cb64d-57b0-462f-90d0-5a8289c0fea2']",6,,,,,,,,,,,,,,,,Ghana,4885,00:20:06.042,Pass,
,,,,,,,,,,,,,,,,,0.44,,,,,,,,,,,,,,,1000b26a-b387-42b2-ae8b-64c9c77f4442,539,,"[41.3, 71.6]",3920410,20,,,,1.1856388,,Right Foot,,,,"[42.8, 75.3]",,Ground Pass,,3.992493,,,,Geny Cipriano Catamo,127300.0,,,,,,1,Regular Play,Infren David da Conceição Matola,417067.0,Right Back,34,Mozambique,4978,"['c8c4e5aa-84cf-44d5-92c4-9b48b31e3799', '3310231c-5add-4a9d-8c3b-e11a70a7f8a8']",8,,,,,,,,,,,,,,,,Mozambique,4978,00:20:08.165,Pass,True
,,,,,,,,,,,,,,,,,1.2,,,,,,,,,,,,,,,9124ecab-64ee-4f7c-8f59-8ae6f2714860,542,,"[42.8, 75.1]",3920410,20,,,,-1.0265158,,Left Foot,,,,"[47.4, 67.5]",,Ground Pass,,8.883693,,,,Alfons Amade,23706.0,,,,,,1,Regular Play,Geny Cipriano Catamo,127300.0,Right Wing,34,Mozambique,4978,['ef6ac9b5-34af-40af-bb31-458b02d3a194'],9,,,,,,,,,,,,,,,,Mozambique,4978,00:20:09.045,Pass,
,,,,,,,,,,,,,,,,,2.399997,,,,,,,,,,,,,,,8e27b65c-1bd8-4f0a-9213-040e875d6499,545,,"[44.3, 64.0]",3920410,20,,,,-1.326299,,Left Foot,,,,"[56.5, 15.1]",,High Pass,,50.39891,,,,Bruno Alberto Langa,106070.0,,True,,,,1,Regular Play,Alfons Amade,23706.0,Right Defensive Midfield,34,Mozambique,4978,['95c30630-1861-41f8-90e6-f8db6095773b'],11,,,,,,,,,,,,,,,,Mozambique,4978,00:20:11.932,Pass,
,,,,,,,,,,,,,,,,,1.449279,,,,,,,,,,,,,,,aceb2311-afa2-42c6-a458-81db889b99ae,549,,"[64.5, 80.0]",3920410,20,,,,-1.1926012,,,,,,"[73.4, 57.6]",,High Pass,,24.10332,,Incomplete,,Mohammed Kudus,17033.0,,,,,Throw-in,1,From Throw In,Denis Odoi,12259.0,Right Back,35,Ghana,4885,"['06c3860f-c0d2-46c8-b8ed-981a7a930d90', '1d3f76c5-8b0e-45a1-a868-5a6e5e162414']",33,,,,,,,,,,,,,,,,Ghana,4885,00:20:33.673,Pass,
,,,,,,,,,,,,,,,,,2.098543,,,,,,,,,,,,,,,4f3e5e34-4cc4-4b95-9ef2-81a7912eb4fe,554,,"[59.2, 49.4]",3920410,20,,,,-1.9044985,,Right Foot,,,,"[54.0, 34.4]",,Ground Pass,,15.875768,,,,Mohamed Salisu,30519.0,,,,,,1,From Throw In,Salis Abdul Samed,31029.0,Left Defensive Midfield,35,Ghana,4885,['679cb94f-61a6-4798-bd3e-8cc617d57ca7'],38,,,,,,,,,,,,,,,,Ghana,4885,00:20:38.598,Pass,
,,,,,,,,,,,,,,,,,2.220967,,,,,,,,,,,,,,,ea427db5-ca64-4c75-b2bc-d89371c6efd2,557,,"[54.5, 30.2]",3920410,20,,,,-0.7853982,,Left Foot,,,,"[80.8, 3.9]",,Ground Pass,,37.193817,,,,Gideon Mensah,23615.0,,,,,,1,From Throw In,Mohamed Salisu,30519.0,Left Center Back,35,Ghana,4885,['071c809d-72df-44db-9f33-472aa063fa14'],41,,,,,,,,,,,,,,,,Ghana,4885,00:20:41.999,Pass,
,,,,,,,,,,,,,,,,,2.19818,,,,,,,,,,,,,,,ac3e225a-0d42-4449-b092-ed17696a6f08,561,,"[78.8, 6.1]",3920410,20,,,,2.8645594,,Left Foot,,,,"[47.5, 15.0]",,Ground Pass,,32.540745,,,,Mohamed Salisu,30519.0,,,,,,1,From Throw In,Gideon Mensah,23615.0,Left Back,35,Ghana,4885,"['651af6c5-1f96-4561-a839-1896f53ed65e', '3ac80c47-c0ad-4ef2-841f-c2aa562d0ca8']",46,,,,,,,,,,,,,,,,Ghana,4885,00:20:46.615,Pass,True
,,,,,,,,,,,,,,,,,2.2221,,,,,,,,,,,,,,,dbccb559-f05f-4f16-9bba-8b42bbcd8e03,564,,"[43.4, 15.7]",3920410,20,,,,1.658074,,Left Foot,,,,"[39.9, 55.7]",,Ground Pass,,40.152832,,,,Alexander Djiku,2989.0,,True,,,,1,From Throw In,Mohamed Salisu,30519.0,Left Center Back,35,Ghana,4885,['7be26144-2b18-45c2-910f-61cad07ad61b'],50,,,,,,,,,,,,,,,,Ghana,4885,00:20:50.680,Pass,
,,,,,,,,,,,,,,,,,1.48854,,,,,,,,,,,,,,,78acd58e-8c09-4e9d-9f18-a0b9d63db958,567,,"[39.9, 55.7]",3920410,20,,,,1.1430614,,Right Foot,,,,"[49.2, 76.1]",,Ground Pass,,22.419857,,,,Denis Odoi,12259.0,,,,,,1,From Throw In,Alexander Djiku,2989.0,Right Center Back,35,Ghana,4885,['3f23c58c-da7a-4fb9-a03b-36a77e2d5f34'],53,,,,,,,,,,,,,,,,Ghana,4885,00:20:53.695,Pass,
,,,,,,,,,,,,,,,,,0.719773,,,,,,,,,,,,,,,bebc5e7d-4009-4bbd-9d9d-482a3e66af77,570,,"[49.2, 76.1]",3920410,20,,,,-1.3129318,,Right Foot,,,,"[51.6, 67.0]",,Ground Pass,,9.411163,,,,Majeed Ashimeru,30693.0,,,,,,1,From Throw In,Denis Odoi,12259.0,Right Back,35,Ghana,4885,['d819211d-8c81-4108-8bc3-0a7fc3757b50'],55,,,,,,,,,,,,,,,,Ghana,4885,00:20:55.603,Pass,
,,,,,,,,,,,,,,,,,1.112671,,,,,,,,,,,,,,,f0b56ca5-53d9-4d19-b6e3-a540f192e1a6,576,,"[51.2, 75.7]",3920410,20,,,,-1.4415213,,Right Foot,,,,"[52.5, 65.7]",,Low Pass,,10.084146,,,,Denis Odoi,12259.0,,,,,,1,From Throw In,Majeed Ashimeru,30693.0,Right Defensive Midfield,35,Ghana,4885,"['96429ea7-9665-46f4-b5d2-222e0baf5f37', 'b54ae6d3-4746-472e-8ba5-9d66178d70f7']",59,,,,,,,,,,,,,,,,Ghana,4885,00:20:59.100,Pass,True
,,,,,,,,,,,,,,,,,1.278018,,,,,,,,,,,,,,,15cb0f8b-8aed-44e5-8b6e-07277232f9f6,579,,"[53.6, 64.1]",3920410,21,,,,-1.728973,,Right Foot,,,,"[51.0, 47.8]",,Ground Pass,,16.50606,,,,Salis Abdul Samed,31029.0,,,,,,1,From Throw In,Denis Odoi,12259.0,Right Back,35,Ghana,4885,['5a8f9227-a29e-4eeb-b57e-06b74318ea48'],1,,,,,,,,,,,,,,,,Ghana,4885,00:21:01.328,Pass,
,,,,,,,,,,,,,,,,,1.365009,,,,,,,,,,,,,,,dee2d255-49c2-4c60-91f9-5bd7872dcd11,582,,"[61.6, 41.3]",3920410,21,,,,-0.8293259,,Right Foot,,,True,"[70.3, 31.8]",,Ground Pass,,12.88177,,,,Mohammed Kudus,17033.0,,,,,,1,From Throw In,Salis Abdul Samed,31029.0,Left Defensive Midfield,35,Ghana,4885,['265597a8-de04-4e4d-90bf-11631d3e3e96'],5,,,,,,,,,,,,,,,,Ghana,4885,00:21:05.317,Pass,
,,,,,,,,,,,,,,,,,2.306846,,,,,,,,,,,,,,,1e819afb-1912-4b5c-87e3-510653ed5482,586,,"[83.6, 26.8]",3920410,21,,,,-0.9751769,,Left Foot,,,,"[97.9, 5.7]",,Ground Pass,,25.489214,,,,Jordan Ayew,3450.0,,,,,,1,From Throw In,Mohammed Kudus,17033.0,Center Attacking Midfield,35,Ghana,4885,['cfb518cb-6cf9-40c0-8d0e-25b205ee4074'],10,,,,,,,,,,,,,,,,Ghana,4885,00:21:10.332,Pass,
,,,,,,,,,,,,,,,,,2.366233,,,,,,,,,,,,,,,578b3a5b-8e44-413e-a2e2-ba34a4425093,589,,"[94.5, 7.0]",3920410,21,,,,1.1193899,,Left Foot,True,,,"[120.0, 59.6]",,High Pass,,58.455196,,Out,,Joseph Paintsil,16546.0,,True,,,,1,From Throw In,Jordan Ayew,3450.0,Left Wing,35,Ghana,4885,['8df18885-2ef6-4a5d-9bd8-8206ed372e1b'],16,,,,,,,,,,,,,,,,Ghana,4885,00:21:16.834,Pass,
,,,,,,,,,,,,,,,,,6.175447,,,,,,,,,,,,,,,c4019ad9-4926-4006-92e2-b5883ba710e7,591,,"[4.3, 32.9]",3920410,21,True,,,-0.25803867,,Right Foot,,,,"[45.6, 22.0]",,High Pass,,42.714165,,,,Witiness Chimoio João Quembo,10865.0,,,,,Goal Kick,1,From Goal Kick,Ivane Carminio Francisco Urrubal,161718.0,Goalkeeper,36,Mozambique,4978,['d9727c3b-5c85-40d7-b29f-1419539f54e7'],32,,,,,,,,,,,,,,,,Mozambique,4978,00:21:32.430,Pass,
,,,,,,,,,,,,,,,,,1.439999,,,,,,,,,,,,,,,0f2f47b1-9f88-4b36-acd4-a1b82e7e652a,593,,"[51.1, 2.3]",3920410,21,,,,2.3813148,,Left Foot,,,,"[40.9, 12.0]",,Low Pass,,14.075866,,,,Ricardo Martins Guimarães,29482.0,,,,,,1,From Goal Kick,Witiness Chimoio João Quembo,10865.0,Left Wing,36,Mozambique,4978,['12486b80-65bc-4bca-bb96-6a78b088f282'],42,,,,,,,,,,,,,,,,Mozambique,4978,00:21:42.975,Pass,
,,,,,,,,,,,,,,,,,2.92,,,,,,,,,,,,,,,e70f427c-57ee-4a10-b8be-0527836db341,596,,"[40.9, 12.0]",3920410,21,,,,1.6250417,,Right Foot,,,,"[38.5, 56.2]",,Ground Pass,,44.26511,,,,Edson André Sitoe,3250.0,,True,,,,1,From Goal Kick,Ricardo Martins Guimarães,29482.0,Center Attacking Midfield,36,Mozambique,4978,['d4f86cd7-b8c7-45ac-8376-bb6f2adf9b3e'],46,,,,,,,,,,,,,,,,Mozambique,4978,00:21:46.148,Pass,
,,,,,,,,,,,,,,,,,1.279996,,,,,,,,,,,,,,,fc48ef41-e57e-4f0c-950b-b9d5629b8492,599,,"[43.7, 57.7]",3920410,21,,,,-0.4636476,,Right Foot,,,,"[56.7, 51.2]",,Ground Pass,,14.534442,,,,Alfons Amade,23706.0,,,,,,1,From Goal Kick,Edson André Sitoe,3250.0,Right Center Back,36,Mozambique,4978,['bd44237c-9e9a-4b23-bc99-e1becb7aef08'],51,,,,,,,,,,,,,,,,Mozambique,4978,00:21:51.571,Pass,
,,,,,,,,,,,,,,,,,1.199998,,,,,,,,,,,,,,,c18c921a-1f63-4cc9-9fbd-0468c3415c91,602,,"[56.7, 51.2]",3920410,21,,,,-1.9251763,,Left Foot,,,,"[53.0, 41.2]",,Ground Pass,,10.662551,,,,Ricardo Martins Guimarães,29482.0,,,,,,1,From Goal Kick,Alfons Amade,23706.0,Right Defensive Midfield,36,Mozambique,4978,['c7a205b8-e059-4c53-a642-4819759f8682'],53,,,,,,,,,,,,,,,,Mozambique,4978,00:21:53.571,Pass,
,,,,,,,,,,,,,,,,,1.359998,,,,,,,,,,,,,,,ced382c4-96f1-4efe-a5e2-ad1c54308cb1,605,,"[53.0, 40.5]",3920410,21,,,,-0.96627873,,Right Foot,,,,"[63.5, 25.3]",,Ground Pass,,18.474035,,,,Feliciano João Jone,129475.0,,,,,,1,From Goal Kick,Ricardo Martins Guimarães,29482.0,Center Attacking Midfield,36,Mozambique,4978,['1c7aadb3-026b-4be4-b2fe-19e0ba8836d1'],55,,,,,,,,,,,,,,,,Mozambique,4978,00:21:55.651,Pass,
,,,,,,,,,,,,,,,,,1.6,,,,,,,,,,,,,,,ed480d53-6862-40d5-addf-7b616c06f95e,609,,"[63.5, 25.3]",3920410,21,,,,-1.5620246,,Right Foot,,,,"[63.7, 2.5]",,Ground Pass,,22.800877,,,,Bruno Alberto Langa,106070.0,,,,,,1,From Goal Kick,Feliciano João Jone,129475.0,Left Defensive Midfield,36,Mozambique,4978,"['537170b0-f8bb-465f-9ac9-b7f728224001', '146042eb-1f41-44d3-9fd9-493800c96157']",57,,,,,,,,,,,,,,,,Mozambique,4978,00:21:57.971,Pass,True
,,,,,,,,,,,,,,,,,1.6,,,,,,,,,,,,,,,8b1702ab-5482-4823-b871-ab89b304f85e,613,,"[63.7, 2.5]",3920410,22,,,,0.82078165,,Left Foot,,,,"[74.6, 14.2]",,High Pass,,15.9906225,,,,Ricardo Martins Guimarães,29482.0,,,,,,1,From Goal Kick,Bruno Alberto Langa,106070.0,Left Back,36,Mozambique,4978,"['8550c81d-f27d-4ee7-b71f-4e293d282e42', '783eed88-d729-45d5-8104-e22dd5629109']",1,,,,,,,,,,,,,,,,Mozambique,4978,00:22:01.926,Pass,True
,,,,,,,,,,,,,,,,,1.64,,,,,,,,,,,,,,,f287bac5-3ed2-41ee-b3ea-dd09aebfc40c,616,,"[75.2, 14.0]",3920410,22,,,,-0.9073703,,Right Foot,,,,"[82.0, 5.3]",,Ground Pass,,11.0421915,,,,Bruno Alberto Langa,106070.0,,,,,,1,From Goal Kick,Ricardo Martins Guimarães,29482.0,Center Attacking Midfield,36,Mozambique,4978,['de0c520a-728b-4178-8e6f-9dba17856109'],3,,,,,,,,,,,,,,,,Mozambique,4978,00:22:03.926,Pass,
,,,,,,,,,,,,,,,,,1.267671,,,,,,,,,,,,,,,151c71b6-5c60-48db-9584-d656559af4dc,619,,"[83.9, 4.4]",3920410,22,,,,0.94521743,,Left Foot,,,,"[112.0, 43.3]",,High Pass,,47.987705,,Incomplete,,Pachoio Lau Há King,106082.0,,,,,,1,From Goal Kick,Bruno Alberto Langa,106070.0,Left Back,36,Mozambique,4978,"['affcac9d-1f24-40f1-968e-b6bd957d8da5', '7e87e324-325c-4594-a98f-879cfa772a8c']",7,,,,,,,,,,,,,,,,Mozambique,4978,00:22:07.166,Pass,
,,,,,,,,,,,,,,,,,1.983095,,,,,,,,,,,,,,,1db10642-96e6-4205-8694-09b1e0f91892,624,,"[24.0, 59.6]",3920410,22,,,,0.8379812,,Right Foot,,,,"[31.2, 67.6]",,High Pass,,10.762899,,Incomplete,,Joseph Paintsil,16546.0,,,,,Recovery,1,From Goal Kick,Salis Abdul Samed,31029.0,Left Defensive Midfield,36,Mozambique,4978,"['08e681ca-44c4-4697-97ce-20cacd572ec9', '4e09eb08-8759-4947-af90-0922e120600f']",12,,,,,,,,,,,,,,,,Ghana,4885,00:22:12.632,Pass,
,,,,,,,,,,,,,,,,,1.999999,,,,,,,,,,,,,,,6169c952-ca98-4030-b67f-dc3bb650fc1f,629,,"[82.2, 4.4]",3920410,22,,,,2.3927636,,Right Foot,,,,"[73.7, 12.3]",,Ground Pass,,11.604309,,,,Feliciano João Jone,129475.0,,,,,,1,From Goal Kick,Bruno Alberto Langa,106070.0,Left Back,36,Mozambique,4978,['d138019b-edb2-48c9-b6e8-aa578fac4f76'],17,,,,,,,,,,,,,,,,Mozambique,4978,00:22:17.808,Pass,
,,,,,,,,,,,,,,,,,1.6,,,,,,,,,,,,,,,635a81df-57e2-4cf6-9fc7-5e6ae457cf83,632,,"[73.7, 12.3]",3920410,22,,,,2.3276308,,Right Foot,,,,"[63.5, 23.1]",,Ground Pass,,14.855302,,,,Reinildo Isnard Mandava,10848.0,,,,,,1,From Goal Kick,Feliciano João Jone,129475.0,Left Defensive Midfield,36,Mozambique,4978,['431098a2-eef7-4538-a354-e73ddac92207'],22,,,,,,,,,,,,,,,,Mozambique,4978,00:22:22.008,Pass,
,,,,,,,,,,,,,,,,,1.094184,,,,,,,,,,,,,,,8a548ba0-e8e4-40e3-a662-6df29051abff,635,,"[63.5, 23.1]",3920410,22,,,,0.7732775,,Left Foot,,,,"[80.2, 39.4]",,Ground Pass,,23.336239,,,,Geny Cipriano Catamo,127300.0,,,,,,1,From Goal Kick,Reinildo Isnard Mandava,10848.0,Left Center Back,36,Mozambique,4978,['e884b3c7-4217-4008-8f3a-25d4f7a6e9ef'],24,,,,,,,,,,,,,,,,Mozambique,4978,00:22:24.848,Pass,
,,,,,,,,,,,,,,,,,1.399999,,,,,,,,,,,,,,,3082ed9c-efac-4deb-a109-b2e12baa5d49,639,,"[80.2, 39.4]",3920410,22,,,,-1.1955255,,Left Foot,,,,"[85.4, 26.2]",,Ground Pass,,14.187318,,,,Ricardo Martins Guimarães,29482.0,,,,,,1,From Goal Kick,Geny Cipriano Catamo,127300.0,Right Wing,36,Mozambique,4978,"['1bee3af0-0963-4d43-991a-aa2f3dcf1928', '645ea7e5-b53f-4933-85da-01da62bdf6d9']",26,,,,,,,,,,,,,,,,Mozambique,4978,00:22:26.022,Pass,True
,,,,,,,,,,,,,,,,,2.268675,,,,,,,,,,,,,,,04fca294-b8a5-4249-bb0f-2ddc9b01c90b,643,,"[85.4, 26.2]",3920410,22,,,,-0.46760017,,Right Foot,,,,"[105.6, 16.0]",,Ground Pass,,22.629185,,Incomplete,,Witiness Chimoio João Quembo,10865.0,,,,,,1,From Goal Kick,Ricardo Martins Guimarães,29482.0,Center Attacking Midfield,36,Mozambique,4978,"['8c14d443-3454-4bf4-be4b-ee2373e201d8', '16b1c75c-f8a9-4937-8426-a0d7b423612f', 'a2a4d9ac-2b36-45dc-8949-c7077454eb0d']",27,,,,,,,,,,,,,,,,Mozambique,4978,00:22:27.822,Pass,True
,,,,,,,,,,,,,,,,,2.288229,,,,,,,,,,,,,,,76b69906-27bd-491f-bcee-0052ae9a7147,646,,"[94.6, 0.1]",3920410,22,,,,2.837673,,,,,,"[72.6, 7.0]",,Low Pass,,23.05667,,,,Reinildo Isnard Mandava,10848.0,,,,,Throw-in,1,From Throw In,Bruno Alberto Langa,106070.0,Left Back,37,Mozambique,4978,['ef291d53-a195-4d8b-ac54-41bc41574b45'],48,,,,,,,,,,,,,,,,Mozambique,4978,00:22:48.923,Pass,
,,,,,,,,,,,,,,,,,1.56,,,,,,,,,,,,,,,6df01018-6282-47b4-b477-ac4b8c4f42fb,649,,"[73.0, 7.0]",3920410,22,,,,1.9634339,,Left Foot,,,,"[64.8, 26.8]",,Ground Pass,,21.430819,,,,Edson André Sitoe,3250.0,,,,,,1,From Throw In,Reinildo Isnard Mandava,10848.0,Left Center Back,37,Mozambique,4978,['605ae460-ab63-4f58-8522-8c324accb993'],52,,,,,,,,,,,,,,,,Mozambique,4978,00:22:52.332,Pass,
,,,,,,,,,,,,,,,,,0.919999,,,,,,,,,,,,,,,91df7900-f8b2-4558-a252-bb29ff5096a8,652,,"[64.8, 26.8]",3920410,22,,,,-0.8419416,,Right Foot,,,,"[69.8, 21.2]",,Ground Pass,,7.50733,,,,Alfons Amade,23706.0,,,,,,1,From Throw In,Edson André Sitoe,3250.0,Right Center Back,37,Mozambique,4978,['35d7bb8e-9283-4a8e-ba52-672749b78165'],56,,,,,,,,,,,,,,,,Mozambique,4978,00:22:56.412,Pass,
,,,,,,,,,,,,,,,,,1.16,,,,,,,,,,,,,,,dd6883f7-77dd-47fd-987c-a4101202831d,656,,"[69.8, 21.2]",3920410,22,,,,-1.1547319,,Right Foot,,,,"[77.4, 4.0]",,Ground Pass,,18.804255,,,,Bruno Alberto Langa,106070.0,,,,,,1,From Throw In,Alfons Amade,23706.0,Right Defensive Midfield,37,Mozambique,4978,"['44596838-5870-4b3f-b412-26d84d92723c', 'eb2cafe5-b0d0-4715-a992-dbdf2bfc5fad']",58,,,,,,,,,,,,,,,,Mozambique,4978,00:22:58.252,Pass,True
,,,,,,,,,,,,,,,,,0.639997,,,,,,,,,,,,,,,0c748844-b002-4514-9898-33405ed24987,660,,"[77.2, 4.9]",3920410,22,,,,1.4170887,,Left Foot,,,,"[78.3, 12.0]",,Ground Pass,,7.184706,,,,Feliciano João Jone,129475.0,,,,,,1,From Throw In,Bruno Alberto Langa,106070.0,Left Back,37,Mozambique,4978,"['e42a8a80-680a-441b-9658-b837bedd84fa', '242c24b7-0b79-44e5-be6b-9e17e05ddae6']",59,,,,,,,,,,,,,,,,Mozambique,4978,00:22:59.652,Pass,True
,,,,,,,,,,,,,,,,,1.64,,,,,,,,,,,,,,,ba69a2ff-62e1-4ce6-86ba-40a943cd42ed,664,,"[78.3, 12.0]",3920410,23,,,,-1.032852,,Right Foot,,,,"[85.4, 0.1]",,High Pass,,13.857128,,Out,,Bruno Alberto Langa,106070.0,,,,,,1,From Throw In,Feliciano João Jone,129475.0,Left Defensive Midfield,37,Mozambique,4978,"['71f80c9f-803d-4208-9aea-0fb8aee1e318', 'da8a5b9a-f22a-4e0a-8d28-7ffe6bd6acfe']",0,,,,,,,,,,,,,,,,Mozambique,4978,00:23:00.772,Pass,True
,,,,,,,,,,,,,,,,,1.927433,,,,,,,,,,,,,,,2f0f5d04-c546-4d96-9deb-6f48bb3ede0e,666,,"[35.8, 80.0]",3920410,23,,,,-0.047283344,,,,,,"[67.5, 78.5]",,High Pass,,31.73547,,,,Antoine Semenyo,9286.0,,,,,Throw-in,1,From Throw In,Denis Odoi,12259.0,Right Back,38,Ghana,4885,['6027303a-2dd8-4d96-b01f-ad34af7a5205'],19,,,,,,,,,,,,,,,,Ghana,4885,00:23:19.685,Pass,
,,,,,,,,,,,,,,,,,2.8,,,,,,,,,,,,,,,32e19571-4f98-47e3-973d-4da3c0bb9452,671,,"[43.0, 0.1]",3920410,23,True,,,2.569003,,,,,,"[30.9, 7.9]",,Low Pass,,14.39618,,,,Edson André Sitoe,3250.0,,,,,Throw-in,1,From Throw In,Bruno Alberto Langa,106070.0,Left Back,39,Mozambique,4978,['8c4e4cb7-1526-4250-b8a0-00adb938b742'],31,,,,,,,,,,,,,,,,Mozambique,4978,00:23:31.394,Pass,
,,,,,,,,,,,,,,,,,2.72,,,,,,,,,,,,,,,cdee2c11-90cb-471b-bca1-7552287e941d,673,,"[29.1, 10.3]",3920410,23,,,,1.5350972,,Right Foot,,,,"[30.6, 52.3]",,Ground Pass,,42.026775,,,,Infren David da Conceição Matola,417067.0,,True,,,,1,From Throw In,Edson André Sitoe,3250.0,Right Center Back,39,Mozambique,4978,['c2eb6f7d-6047-4adb-ad05-0c240f6d9240'],35,,,,,,,,,,,,,,,,Mozambique,4978,00:23:35.997,Pass,
,,,,,,,,,,,,,,,,,2.0,,,,,,,,,,,,,,,c4bbc16b-28a8-4019-9bde-85ecca335d0c,676,,"[37.6, 59.9]",3920410,23,,,,-2.0749624,,Right Foot,,,,"[32.8, 51.2]",,Ground Pass,,9.936297,,,,Edson André Sitoe,3250.0,,,,,,1,From Throw In,Infren David da Conceição Matola,417067.0,Right Back,39,Mozambique,4978,['6e26e496-860e-4c2b-b455-efbf4a61d31d'],42,,,,,,,,,,,,,,,,Mozambique,4978,00:23:42.197,Pass,
,,,,,,,,,,,,,,,,,2.12,,,,,,,,,,,,,,,0d5076a4-7391-47f7-b5d8-340c08ca91cd,679,,"[32.8, 51.2]",3920410,23,,,,-1.5040575,,Right Foot,,,,"[35.4, 12.3]",,Ground Pass,,38.986794,,,,Reinildo Isnard Mandava,10848.0,,,,,,1,From Throw In,Edson André Sitoe,3250.0,Right Center Back,39,Mozambique,4978,['a8a18e06-f1ee-4bea-ba22-1315cc6238ac'],45,,,,,,,,,,,,,,,,Mozambique,4978,00:23:45.197,Pass,
,,,,,,,,,,,,,,,,,4.119996,,,,,,,,,,,,,,,dc2902d5-709e-4a23-b5bc-071744aba1f3,683,,"[38.0, 9.6]",3920410,23,,,,0.092073426,,Left Foot,,,,"[95.4, 14.9]",,High Pass,,57.64417,,Pass Offside,,Pachoio Lau Há King,106082.0,,,Through Ball,True,,1,From Throw In,Reinildo Isnard Mandava,10848.0,Left Center Back,39,Mozambique,4978,"['b7509cee-7fde-4102-86d9-1b72f3cca01f', '3695fd38-149a-45a1-8a92-a2014ed33b74']",49,,,,,,,,,,,,,,,,Mozambique,4978,00:23:49.197,Pass,True
,,,,,,,,,,,,,,,,,3.406218,,,,,,,,,,,,,,,80384412-ceac-48e9-a7a3-15bfc9901eeb,685,,"[23.8, 68.7]",3920410,24,True,,,-0.4419119,,Right Foot,,,,"[98.2, 33.5]",,High Pass,,82.30674,,Incomplete,,Antoine Semenyo,9286.0,,,,,Free Kick,1,From Free Kick,Richard Ofori Antwi,68757.0,Goalkeeper,40,Ghana,4885,"['236e85b7-273c-42a0-b8f0-fb866ac3ec14', 'e6cc25a5-12cc-42d5-be3b-a8858d4dd907']",14,,,,,,,,,,,,,,,,Ghana,4885,00:24:14.956,Pass,
,,,,,,,,,,,,,,,,,2.605964,,,,,,,,,,,,,,,236e85b7-273c-42a0-b8f0-fb866ac3ec14,687,,"[21.9, 46.6]",3920410,24,,,,1.2490457,,Head,,,,"[29.3, 68.8]",,High Pass,,23.400854,,Incomplete,,Infren David da Conceição Matola,417067.0,,,,,Recovery,1,From Free Kick,Edson André Sitoe,3250.0,Right Center Back,40,Ghana,4885,"['3b5ae942-9e67-4c80-9e82-0eae9ae7e2f8', '80384412-ceac-48e9-a7a3-15bfc9901eeb', '62735c86-52c1-47c6-8965-8010e6964e9f']",18,,,,,,,,,,,,,,,,Mozambique,4978,00:24:18.362,Pass,
,,,,,,,,,,,,,,,,,0.399997,,,,,,,,,,,,,,,e8896ec9-08fb-48e4-940a-71831251b712,696,,"[9.1, 55.7]",3920410,24,,,,-1.3203533,,Left Foot,,,,"[10.2, 51.4]",,Ground Pass,,4.438468,,,,Edson André Sitoe,3250.0,,,,,,1,Regular Play,Geny Cipriano Catamo,127300.0,Right Wing,41,Mozambique,4978,['ff5cf0bb-582a-4c09-b1ab-22f9751983a6'],25,,,,,,,,,,,,,,,,Mozambique,4978,00:24:25.037,Pass,
,,,,,,,,,,,,,,,,,1.8,,,,,,,,,,,,,,,ff525c37-4d38-4e91-b56c-f1400234fd82,699,,"[10.2, 51.4]",3920410,24,,,,1.344728,,Right Foot,,,,"[14.8, 71.4]",,Ground Pass,,20.522182,,,,Infren David da Conceição Matola,417067.0,,,,,,1,Regular Play,Edson André Sitoe,3250.0,Right Center Back,41,Mozambique,4978,['49d08b39-ec99-4fd3-b07d-eb9035776125'],25,,,,,,,,,,,,,,,,Mozambique,4978,00:24:25.637,Pass,
,,,,,,,,,,,,,,,,,1.237899,,,,,,,,,,,,,,,b727f8d1-48ad-44dc-a2ba-550104d0d90d,702,,"[14.8, 71.4]",3920410,24,,,,0.032131795,,Right Foot,,,,"[42.8, 72.3]",,Low Pass,,28.01446,,,,Ricardo Martins Guimarães,29482.0,,,,,,1,Regular Play,Infren David da Conceição Matola,417067.0,Right Back,41,Mozambique,4978,['07c803e2-cd26-488d-936a-57e6a8b7f013'],27,,,,,,,,,,,,,,,,Mozambique,4978,00:24:27.997,Pass,
,,,,,,,,,,,,,,,,,1.941861,,,,,,,,,,,,,,,7b057bc7-848d-4711-8938-4d9dc78c905a,709,,"[67.2, 66.6]",3920410,24,,,,0.31320375,,Left Foot,,,,"[84.8, 72.3]",,Ground Pass,,18.5,,,,Pachoio Lau Há King,106082.0,,,,,,1,Regular Play,Ricardo Martins Guimarães,29482.0,Center Attacking Midfield,41,Mozambique,4978,['e52cb655-0eb4-4db7-8841-ca442c7826e3'],32,,,,,,,,,,,,,,,,Mozambique,4978,00:24:32.821,Pass,
,,,,,,,,,,,,,,,,,2.826847,,,,,,,,,,,,,,,382dab27-983b-4cdb-b083-49f80dbe415e,712,,"[85.2, 71.4]",3920410,24,,,,-0.9190987,,Right Foot,True,,,"[107.4, 42.3]",,Ground Pass,,36.60123,,Incomplete,,Ricardo Martins Guimarães,29482.0,,,,,,1,Regular Play,Pachoio Lau Há King,106082.0,Center Forward,41,Mozambique,4978,"['fce2fdb4-7f4d-42fa-b96c-2ace096728f8', 'ce2177ef-4b0d-4b7c-9ace-82ef7220b8dc', 'd845d821-1fc1-4efd-b5a3-9b5ff4c012d1']",34,,,,,,,,,,,,,,,,Mozambique,4978,00:24:34.763,Pass,True
,,,,,,,,,,,,,,,,,3.539401,,,,,,,,,,,,,,,9ef8d042-ccab-440e-b96c-d633d06b14d7,716,,"[27.5, 51.8]",3920410,24,,,,0.039771404,,Right Foot,,,,"[85.3, 54.1]",,High Pass,,57.84574,,Incomplete,,Antoine Semenyo,9286.0,,,,,,1,From Keeper,Richard Ofori Antwi,68757.0,Goalkeeper,42,Ghana,4885,"['e4a7a76f-f723-4f01-9a45-d09a38f1ef5c', 'f5766ef6-e91f-48c8-9e19-bbc9fcf24720']",59,,,,,,,,,,,,,,,,Ghana,4885,00:24:59.338,Pass,
,,,,,,,,,,,,,,,,,0.452114,,,,,,,,,,,,,,,9258e515-fa24-4119-97f0-e5e73f4dd194,722,,"[91.9, 64.4]",3920410,25,,,,-0.28212374,,Right Foot,,,,"[98.8, 62.4]",,Ground Pass,,7.18401,,Incomplete,,Antoine Semenyo,9286.0,,,,,,1,From Keeper,Joseph Paintsil,16546.0,Right Wing,42,Ghana,4885,"['1d94df33-2a4c-4478-8d34-85913ba19bef', '50c79b6e-6f3b-47c3-ab3e-a91aaccdc2f6']",8,,,,,,,,,,,,,,,,Ghana,4885,00:25:08.270,Pass,
,,,,,,,,,,,,,,,,,3.2,,,,,,,,,,,,,,,722c20eb-962e-415d-88ff-b7ae39962920,733,,"[25.6, 20.3]",3920410,25,True,,,0.6713124,,Right Foot,,,,"[36.3, 28.8]",,Ground Pass,,13.665284,,,,Ivane Carminio Francisco Urrubal,161718.0,,,,,Free Kick,1,From Free Kick,Reinildo Isnard Mandava,10848.0,Left Center Back,44,Mozambique,4978,['4cb867fd-fab5-4552-b27e-fc574318db55'],17,,,,,,,,,,,,,,,,Mozambique,4978,00:25:17.590,Pass,
,,,,,,,,,,,,,,,,,1.68,,,,,,,,,,,,,,,16703b5b-2875-45fd-a96c-88933b982c9c,735,,"[36.7, 29.7]",3920410,25,True,,,1.6884067,,Right Foot,,,,"[32.6, 64.4]",,Ground Pass,,34.94138,,,,Infren David da Conceição Matola,417067.0,,,,,,1,From Free Kick,Ivane Carminio Francisco Urrubal,161718.0,Goalkeeper,44,Mozambique,4978,['e660c298-223f-44ed-8220-9af35390c7e9'],24,,,,,,,,,,,,,,,,Mozambique,4978,00:25:24.030,Pass,
,,,,,,,,,,,,,,,,,2.68,,,,,,,,,,,,,,,98330e56-e83c-44a0-adec-2d917171631c,737,,"[31.7, 64.2]",3920410,25,,,,-2.4192178,,Right Foot,,,,"[9.8, 44.9]",,Ground Pass,,29.190752,,,,Ivane Carminio Francisco Urrubal,161718.0,,,,,,1,From Free Kick,Infren David da Conceição Matola,417067.0,Right Back,44,Mozambique,4978,['2b479cd3-7fb3-4a22-9eec-35f913de76a9'],25,,,,,,,,,,,,,,,,Mozambique,4978,00:25:25.990,Pass,
,,,,,,,,,,,,,,,,,2.479999,,,,,,,,,,,,,,,ac3dd717-bf34-497c-bb55-aa325896eed9,741,,"[10.2, 44.0]",3920410,25,,,,-1.2903848,,Right Foot,,,,"[17.4, 19.0]",,Ground Pass,,26.01615,,,,Reinildo Isnard Mandava,10848.0,,,,,,1,From Free Kick,Ivane Carminio Francisco Urrubal,161718.0,Goalkeeper,44,Mozambique,4978,"['b354cc37-fcd0-41d9-afa7-a69064959ba0', 'e3f9d189-03b0-4812-94e9-4e4ee83ce206']",28,,,,,,,,,,,,,,,,Mozambique,4978,00:25:28.790,Pass,True
,,,,,,,,,,,,,,,,,1.799999,,,,,,,,,,,,,,,de6b2759-322c-4514-9079-7fcb89c8e3ca,745,,"[18.9, 18.3]",3920410,25,,,,-0.59037787,,Left Foot,,,,"[38.3, 5.3]",,Ground Pass,,23.352943,,,,Bruno Alberto Langa,106070.0,,,,,,1,From Free Kick,Reinildo Isnard Mandava,10848.0,Left Center Back,44,Mozambique,4978,"['cf5fe4a9-5aaa-4bc3-ae05-62296fda0c46', '2091d638-19dc-43e8-ad40-c4912bfb27df']",32,,,,,,,,,,,,,,,,Mozambique,4978,00:25:32.350,Pass,True
,,,,,,,,,,,,,,,,,1.479998,,,,,,,,,,,,,,,95f7e7fa-28ba-4c1e-b04e-f03b461b1f95,748,,"[38.3, 5.3]",3920410,25,,,,1.9583201,,Left Foot,,,,"[34.3, 15.1]",,Ground Pass,,10.584895,,,,Feliciano João Jone,129475.0,,,,,,1,From Free Kick,Bruno Alberto Langa,106070.0,Left Back,44,Mozambique,4978,['b02315c8-0c08-41bd-8c36-bde178204cf2'],34,,,,,,,,,,,,,,,,Mozambique,4978,00:25:34.190,Pass,
,,,,,,,,,,,,,,,,,1.2,,,,,,,,,,,,,,,8c7e457f-d09c-445a-9086-d407e36cbfa5,751,,"[35.6, 8.6]",3920410,25,,,,-2.2779233,,Right Foot,,,,"[30.9, 3.1]",,Ground Pass,,7.2346387,,,,Bruno Alberto Langa,106070.0,,,,,,1,From Free Kick,Feliciano João Jone,129475.0,Left Defensive Midfield,44,Mozambique,4978,['0f308503-1568-491e-81da-628fcbc4dffa'],37,,,,,,,,,,,,,,,,Mozambique,4978,00:25:37.030,Pass,
,,,,,,,,,,,,,,,,,0.519746,,,,,,,,,,,,,,,aba9175c-2e87-4fa0-86c5-f4d11e529217,755,,"[31.3, 2.9]",3920410,25,,,,0.5880026,,Left Foot,,,,"[34.6, 5.1]",,Ground Pass,,3.9661064,,Incomplete,,Feliciano João Jone,129475.0,,,,,,1,From Free Kick,Bruno Alberto Langa,106070.0,Left Back,44,Mozambique,4978,"['a0e2e889-f8f8-4920-a064-c5774f7bdd0f', '0f515446-7208-4373-9fa9-fa1c3be8df33', '3b3297eb-ca82-4870-af74-136f7593d6d6']",39,,,,,,,,,,,,,,,,Mozambique,4978,00:25:39.036,Pass,True
,,,,,,,,,,,,,,,,,4.039975,,,,,,,,,,,,,,,27620a9b-7bf1-4f9f-a5bd-03b5d72771fb,763,,"[36.5, 6.6]",3920410,25,True,,,1.8567431,,Right Foot,,,,"[21.3, 58.3]",,Ground Pass,,53.888126,,,,Edson André Sitoe,3250.0,,True,,,Free Kick,1,From Free Kick,Reinildo Isnard Mandava,10848.0,Left Center Back,45,Mozambique,4978,['04396070-882a-49fe-b1c8-1e1a735e37d0'],50,,,,,,,,,,,,,,,,Mozambique,4978,00:25:50.716,Pass,
,,,,,,,,,,,,,,,,,3.159998,,,,,,,,,,,,,,,934156d1-6716-4d6b-bbe1-82dfe0b7a147,765,,"[21.3, 58.3]",3920410,26,,,,-1.4019644,,Left Foot,,,,"[24.3, 40.7]",,Ground Pass,,17.853851,,,,Alfons Amade,23706.0,,,,,,1,From Free Kick,Edson André Sitoe,3250.0,Right Center Back,45,Mozambique,4978,['d9a69e56-a05e-4104-a686-423393247c28'],3,,,,,,,,,,,,,,,,Mozambique,4978,00:26:03.855,Pass,
,,,,,,,,,,,,,,,,,1.68,,,,,,,,,,,,,,,18673685-8128-46c0-bf4e-2637ba67507f,768,,"[25.4, 32.5]",3920410,26,,,,-1.1659045,,Left Foot,,,,"[33.5, 13.6]",,Ground Pass,,20.562588,,,,Reinildo Isnard Mandava,10848.0,,,,,,1,From Free Kick,Alfons Amade,23706.0,Right Defensive Midfield,45,Mozambique,4978,['4630e9a1-de45-4f8e-8f44-f6c6eb37238b'],8,,,,,,,,,,,,,,,,Mozambique,4978,00:26:08.215,Pass,
,,,,,,,,,,,,,,,,,2.662522,,,,,,,,,,,,,,,1aaeccdd-4c7c-4c56-933a-56ff5ce17272,771,,"[37.6, 11.4]",3920410,26,,,,0.13947722,,Left Foot,,,,"[83.9, 17.9]",,High Pass,,46.754036,,Incomplete,,Witiness Chimoio João Quembo,10865.0,,,,,,1,From Free Kick,Reinildo Isnard Mandava,10848.0,Left Center Back,45,Mozambique,4978,"['7e021867-6592-4f5c-94bb-ae0332e5948a', '7e80f65e-2f40-4558-a0a2-c1cc4f84daf8']",11,,,,,,,,,,,,,,,,Mozambique,4978,00:26:11.975,Pass,
,,,,,,,,,,,,,,,,,0.999988,,,,,,,,,,,,,,,8054aaba-7f35-4687-8c7b-008aadeee97c,776,,"[72.2, 16.0]",3920410,26,,,,-1.0866238,,Right Foot,,,,"[79.3, 2.5]",,Ground Pass,,15.253197,,,,Witiness Chimoio João Quembo,10865.0,,,,,,1,From Free Kick,Bruno Alberto Langa,106070.0,Left Back,45,Mozambique,4978,['45a1e610-4770-450c-b936-6a502073ca2b'],18,,,,,,,,,,,,,,,,Mozambique,4978,00:26:18.022,Pass,
,,,,,,,,,,,,,,,,,0.290027,,,,,,,,,,,,,,,a481400d-4ee5-46b5-a9fa-8bc64dcd7826,780,,"[76.5, 3.3]",3920410,26,,,,1.0584068,,Right Foot,,,,"[77.4, 4.9]",,Low Pass,,1.835756,,Incomplete,,Geny Cipriano Catamo,127300.0,,,,,,1,From Free Kick,Witiness Chimoio João Quembo,10865.0,Left Wing,45,Mozambique,4978,"['530def4d-f84a-4a55-8fa1-6b1ca407dd21', '148d8dfa-bbd6-4572-85b9-77e3c96fc6be', '00905ee2-85d7-4b54-8267-49b95c2f8421']",21,,,,,,,,,,,,,,,,Mozambique,4978,00:26:21.300,Pass,True
,,,,,,,,,,,,,,,,,3.559999,,,,,,,,,,,,,,,f59ca6e9-5e29-431a-9d43-c8ae9f5ea632,783,,"[73.7, 0.1]",3920410,26,,,,2.6395025,,,,,,"[63.5, 5.7]",,Low Pass,,11.63615,,,,Feliciano João Jone,129475.0,,,,,Throw-in,1,From Throw In,Bruno Alberto Langa,106070.0,Left Back,46,Mozambique,4978,['75a35873-1d66-4c11-a96d-2940cbc4dc43'],26,,,,,,,,,,,,,,,,Mozambique,4978,00:26:26.333,Pass,
,,,,,,,,,,,,,,,,,0.84,,,,,,,,,,,,,,,85cdddd5-c712-4f43-a1ad-4c93315636be,786,,"[63.0, 5.7]",3920410,26,,,,-1.5707964,,Right Foot,,,,"[63.0, 1.6]",,Ground Pass,,4.1,,,,Bruno Alberto Langa,106070.0,,,,,,1,From Throw In,Feliciano João Jone,129475.0,Left Defensive Midfield,46,Mozambique,4978,['dbd9ebd3-6fab-43af-be33-e87e61f73594'],30,,,,,,,,,,,,,,,,Mozambique,4978,00:26:30.053,Pass,
,,,,,,,,,,,,,,,,,2.719992,,,,,,,,,,,,,,,51039089-4dd9-43a2-b02d-3319b9bc631d,789,,"[63.0, 1.6]",3920410,26,,,,-0.03844259,,Left Foot,,,,"[102.0, 0.1]",,Ground Pass,,39.028835,,Out,,Geny Cipriano Catamo,127300.0,,,,,,1,From Throw In,Bruno Alberto Langa,106070.0,Left Back,46,Mozambique,4978,['719827e4-895c-4635-866c-ecf500ab2c57'],31,,,,,,,,,,,,,,,,Mozambique,4978,00:26:31.853,Pass,
,,,,,,,,,,,,,,,,,0.919396,,,,,,,,,,,,,,,fab8e456-5fda-4c6e-8bd9-2ed734a645cb,791,,"[19.9, 80.0]",3920410,26,True,,,-1.4743226,,,,,,"[20.8, 70.7]",,Low Pass,,9.343447,,,,Alexander Djiku,2989.0,,,,,Throw-in,1,From Throw In,Denis Odoi,12259.0,Right Back,47,Ghana,4885,['30f16ce5-9fb1-4555-a57d-a3d7bedd926e'],48,,,,,,,,,,,,,,,,Ghana,4885,00:26:48.436,Pass,
,,,,,,,,,,,,,,,,,2.188644,,,,,,,,,,,,,,,74bb96b6-e752-418d-b734-fb4f04a53b64,793,,"[20.8, 71.1]",3920410,26,True,,,-0.569632,,Right Foot,,,,"[65.3, 42.6]",,High Pass,,52.84411,,,,Mohammed Kudus,17033.0,,,,,,1,From Throw In,Alexander Djiku,2989.0,Right Center Back,47,Ghana,4885,['85bbd857-c1d7-42b3-933a-caea5ea8ac7d'],49,,,,,,,,,,,,,,,,Ghana,4885,00:26:49.355,Pass,
,,,,,,,,,,,,,,,,,1.324153,,,,,,,,,,,,,,,a2d9408e-f70a-4307-ab03-b0f24e29cc73,796,,"[53.8, 27.2]",3920410,26,,,,-1.6030432,,Left Foot,,,,"[53.4, 14.8]",,Ground Pass,,12.40645,,,,Gideon Mensah,23615.0,,,,,,1,From Throw In,Mohammed Kudus,17033.0,Center Attacking Midfield,47,Ghana,4885,['dfd45d5b-bff4-4f81-9aaa-75a36d720d02'],55,,,,,,,,,,,,,,,,Ghana,4885,00:26:55.231,Pass,
,,,,,,,,,,,,,,,,,0.910188,,,,,,,,,,,,,,,b940c2cd-11ac-44a9-b5d9-e06b958693bb,799,,"[53.4, 14.8]",3920410,26,,,,1.7568545,,Left Foot,,,,"[51.8, 23.3]",,Ground Pass,,8.649278,,,,Majeed Ashimeru,30693.0,,,,,,1,From Throw In,Gideon Mensah,23615.0,Left Back,47,Ghana,4885,['9936d767-7575-402b-ab1c-ee47e6ab6979'],57,,,,,,,,,,,,,,,,Ghana,4885,00:26:57.230,Pass,
,,,,,,,,,,,,,,,,,0.971575,,,,,,,,,,,,,,,e3759c39-aca8-473a-ad3f-12a93e6b6f49,802,,"[55.8, 19.8]",3920410,26,,,,-0.6643005,,Right Foot,,,,"[66.4, 11.5]",,Ground Pass,,13.462912,,,,Mohammed Kudus,17033.0,,,,,,1,From Throw In,Majeed Ashimeru,30693.0,Right Defensive Midfield,47,Ghana,4885,['6a190e67-9b37-4931-9975-74367e2ddbab'],59,,,,,,,,,,,,,,,,Ghana,4885,00:26:59.743,Pass,
,,,,,,,,,,,,,,,,,1.475602,,,,,,,,,,,,,,,70026a09-4aef-4493-8eb1-6b1adbbc47f1,804,,"[67.1, 10.4]",3920410,27,,,,-2.8551705,,Left Foot,,,,"[52.5, 6.1]",,Ground Pass,,15.220053,,,,Gideon Mensah,23615.0,,,,,,1,From Throw In,Mohammed Kudus,17033.0,Center Attacking Midfield,47,Ghana,4885,['dd2a0132-918d-44d1-aa65-086b16c6e677'],0,,,,,,,,,,,,,,,,Ghana,4885,00:27:00.715,Pass,
,,,,,,,,,,,,,,,,,1.278308,,,,,,,,,,,,,,,daa3f1d8-556f-47dd-837d-a06316b09081,807,,"[52.5, 6.1]",3920410,27,,,,1.484802,,Left Foot,,,,"[54.0, 23.5]",,Ground Pass,,17.464535,,,,Salis Abdul Samed,31029.0,,,,,,1,From Throw In,Gideon Mensah,23615.0,Left Back,47,Ghana,4885,['936524a9-1aba-40f4-ad60-d8f2e7107200'],2,,,,,,,,,,,,,,,,Ghana,4885,00:27:02.659,Pass,
,,,,,,,,,,,,,,,,,2.261796,,,,,,,,,,,,,,,68143e54-a63e-42f7-a6cc-e4ad6e47d42d,810,,"[54.9, 25.7]",3920410,27,,,,1.3635001,,Right Foot,,,,"[65.5, 76.1]",,High Pass,,51.50262,,,,Denis Odoi,12259.0,,True,,,,1,From Throw In,Salis Abdul Samed,31029.0,Left Defensive Midfield,47,Ghana,4885,['63aa0f90-e4da-46d7-88df-f624a43d0450'],4,,,,,,,,,,,,,,,,Ghana,4885,00:27:04.963,Pass,
,,,,,,,,,,,,,,,,,0.268779,,,,,,,,,,,,,,,06162ff4-2c50-42b8-8058-80d72d083712,813,,"[82.7, 54.8]",3920410,27,,,,-1.3296787,,Right Foot,,,,"[84.2, 48.7]",,Ground Pass,,6.2817197,,Incomplete,,Jordan Ayew,3450.0,,,,,,1,From Throw In,Denis Odoi,12259.0,Right Back,47,Ghana,4885,"['1f5f7a08-c6ed-437d-bd4b-6f84445a45ac', '6d39ef8a-2407-43fd-9eb7-bf0864a53123']",12,,,,,,,,,,,,,,,,Ghana,4885,00:27:12.998,Pass,
,,,,,,,,,,,,,,,,,5.2,,,,,,,,,,,,,,,229cfaee-5ef0-462c-82ba-ff17629886f8,826,,"[61.9, 39.7]",3920410,27,True,,,1.4159759,,Right Foot,,,,"[64.6, 57.0]",,Ground Pass,,17.509426,,,,Ricardo Martins Guimarães,29482.0,,,,,Free Kick,1,From Free Kick,Alfons Amade,23706.0,Right Defensive Midfield,49,Mozambique,4978,['f53b05e1-9173-48ac-ab90-31a037275249'],44,,,,,,,,,,,,,,,,Mozambique,4978,00:27:44.570,Pass,
,,,,,,,,,,,,,,,,,3.047719,,,,,,,,,,,,,,,ed2434a4-5000-4ce7-b19f-ce8d81487fc1,828,,"[107.6, 69.2]",3920410,27,True,,,-1.6205636,,Right Foot,True,,,"[106.3, 43.1]",,Ground Pass,,26.132355,,Incomplete,,Witiness Chimoio João Quembo,10865.0,,,,,,1,From Free Kick,Ricardo Martins Guimarães,29482.0,Center Attacking Midfield,49,Mozambique,4978,"['0b35d0b4-a15b-4bac-a660-23411365ab38', 'a30e0186-3664-4028-b3de-656ee3b62df6']",51,,,,,,,,,,,,,,,,Mozambique,4978,00:27:51.683,Pass,
,,,,,,,,,,,,,,,,,2.333027,,,,,,,,,,,,,,,fe83119b-539e-4f4a-86ba-6e7be5267c9d,831,,"[112.2, 80.0]",3920410,28,True,,,-1.5478996,,,,,,"[112.8, 53.8]",,High Pass,,26.20687,,Incomplete,,Pachoio Lau Há King,106082.0,,,,,Throw-in,1,From Throw In,Infren David da Conceição Matola,417067.0,Right Back,50,Mozambique,4978,"['cd6f5331-608e-4b6d-b38c-aa81b3dfc6ba', 'fd4b5acc-8d48-41af-94df-13597349290d']",0,,,,,,,,,,,,,,,,Mozambique,4978,00:28:00.774,Pass,
,,,,,,,,,,,,,,,,,1.241093,,,,,,,,,,,,,,,2052e844-10ec-4e84-95a2-f528416e5b15,834,,"[120.0, 80.0]",3920410,28,,,,-1.7160491,,Left Foot,,,,"[113.9, 38.3]",,High Pass,True,42.143803,,Incomplete,,,,,True,Inswinging,,Corner,1,From Corner,Geny Cipriano Catamo,127300.0,Right Wing,51,Mozambique,4978,['4d59fc63-cf8a-43fb-8a8a-ea7f8e15496a'],43,,,,,,,,,,,,,,,,Mozambique,4978,00:28:43.023,Pass,
,,,,,,,,,,,,,,,,,2.36,,,,,,,,,,,,,,,dd6c0dd3-990e-4abc-a159-1e9ac23c014b,838,,"[92.2, 2.9]",3920410,28,,,,2.5903146,,Right Foot,,,,"[77.4, 12.0]",,Ground Pass,,17.37383,,,,Bruno Alberto Langa,106070.0,,,,,,1,From Corner,Feliciano João Jone,129475.0,Left Defensive Midfield,51,Mozambique,4978,['c39b8bff-99b7-42d5-9c36-36b45e4fcae0'],49,,,,,,,,,,,,,,,,Mozambique,4978,00:28:49.812,Pass,
,,,,,,,,,,,,,,,,,1.16,,,,,,,,,,,,,,,cae55451-785c-4c47-91e1-d427c529a4d7,841,,"[104.3, 27.5]",3920410,28,,,,-0.59045357,,Left Foot,,,,"[113.7, 21.2]",,Ground Pass,,11.315918,,,,Ricardo Martins Guimarães,29482.0,,,,,,1,From Corner,Bruno Alberto Langa,106070.0,Left Back,51,Mozambique,4978,['02dc11b4-2eff-42b5-9e41-c09a859a8bd0'],56,,,,,,,,,,,,,,,,Mozambique,4978,00:28:56.012,Pass,
,,,,,,,,,,,,,,,,,1.559999,,,,,,,,,,,,,,,e607bdf0-cb02-4aa5-aeb1-eb2c495d0b78,844,,"[113.7, 21.4]",3920410,28,,,,3.0309355,,Right Foot,,,,"[105.6, 22.3]",,Ground Pass,,8.149847,,,,Alfons Amade,23706.0,,,,,,1,From Corner,Ricardo Martins Guimarães,29482.0,Center Attacking Midfield,51,Mozambique,4978,['22fa4f0d-f484-49bd-9d4d-edb9d90ac441'],59,,,,,,,,,,,,,,,,Mozambique,4978,00:28:59.172,Pass,
,,,,,,,,,,,,,,,,,0.866839,,,,,,,,,,,,,,,28e53fc2-54ba-43cf-977f-49e32ffac4c4,847,,"[107.2, 22.9]",3920410,29,,,,1.3068326,,Left Foot,,,,"[110.2, 34.0]",,Ground Pass,,11.4982605,,Incomplete,,Witiness Chimoio João Quembo,10865.0,,,,,,1,From Corner,Alfons Amade,23706.0,Right Defensive Midfield,51,Mozambique,4978,"['5c583be0-a711-4d63-8f7c-ef8329f6b9fb', 'bc93574c-a823-483d-8a02-85cfe08322a8']",2,,,,,,,,,,,,,,,,Mozambique,4978,00:29:02.216,Pass,
,,,,,,,,,,,,,,,,,2.08,,,,,,,,,,,,,,,e2bae569-5947-4f61-a1f6-39605d883e9a,850,,"[95.4, 0.1]",3920410,29,,,,2.566168,,,,,,"[88.0, 4.9]",,Low Pass,,8.820431,,,,Ricardo Martins Guimarães,29482.0,,,,,Throw-in,1,From Throw In,Bruno Alberto Langa,106070.0,Left Back,52,Mozambique,4978,['dcfbfa40-9848-4024-8d53-97f83f789984'],13,,,,,,,,,,,,,,,,Mozambique,4978,00:29:13.929,Pass,
,,,,,,,,,,,,,,,,,1.070664,,,,,,,,,,,,,,,ca6db6da-32b5-4833-9cd5-7993aba41449,853,,"[88.0, 4.9]",3920410,29,,,,0.96299434,,Left Foot,True,,,"[112.0, 39.4]",,High Pass,,42.026775,,Incomplete,,Pachoio Lau Há King,106082.0,,,,,,1,From Throw In,Ricardo Martins Guimarães,29482.0,Center Attacking Midfield,52,Mozambique,4978,"['2620bead-a1fd-4f3f-81e6-0d0b2773f6db', 'bcdefa1d-bc60-497c-abef-f834eafecdc4']",16,,,,,,,,,,,,,,,,Mozambique,4978,00:29:16.569,Pass,
,,,,,,,,,,,,,,,,,2.48,,,,,,,,,,,,,,,9a61baf8-455c-4f04-b799-2892ab3cf93f,859,,"[72.8, 0.1]",3920410,29,,,,2.7265882,,,,,,"[52.6, 9.0]",,Low Pass,,22.07374,,,,Bruno Alberto Langa,106070.0,,,,,Throw-in,1,From Throw In,Feliciano João Jone,129475.0,Left Defensive Midfield,53,Mozambique,4978,['02bad562-a71c-400f-97fc-ed868d9f5366'],26,,,,,,,,,,,,,,,,Mozambique,4978,00:29:26.512,Pass,
,,,,,,,,,,,,,,,,,1.599999,,,,,,,,,,,,,,,4408ec33-9a25-4045-8152-d54d3fff5e2a,862,,"[52.6, 10.7]",3920410,29,,,,1.8022238,,Right Foot,,,,"[44.8, 43.8]",,Ground Pass,,34.00662,,,,Edson André Sitoe,3250.0,,,,,,1,From Throw In,Bruno Alberto Langa,106070.0,Left Back,53,Mozambique,4978,['3282ccd0-5026-4e45-bdc1-6328cd68e311'],30,,,,,,,,,,,,,,,,Mozambique,4978,00:29:30.752,Pass,
,,,,,,,,,,,,,,,,,1.79126,,,,,,,,,,,,,,,fedef991-61b3-47ce-96af-30b24331cdb1,865,,"[46.3, 49.9]",3920410,29,,,,0.71215415,,Right Foot,,,,"[71.9, 72.0]",,Ground Pass,,33.819668,,Unknown,,,,,,,,,1,From Throw In,Edson André Sitoe,3250.0,Right Center Back,53,Mozambique,4978,,34,,,,,,,,,,,,,,,,Mozambique,4978,00:29:34.552,Pass,
,,,,,,,,,,,,,,,,,1.672436,,,,,,,,,,,,,,,ba055ec0-5805-41ca-8a91-1ef0d3633dae,870,,"[48.4, 8.5]",3920410,32,True,,,-0.12038282,,Right Foot,,,,"[60.8, 7.0]",,High Pass,,12.4903965,,Incomplete,,,,,,,,Free Kick,1,From Free Kick,Mohamed Salisu,30519.0,Left Center Back,54,Ghana,4885,['d06996b4-3ec1-4de5-8a46-f5efdbec74d3'],25,,,,,,,,,,,,,,,,Ghana,4885,00:32:25.045,Pass,
,,,,,,,,,,,,,,,,,0.825145,,,,,,,,,,,,,,,288b24bf-adcb-4917-890a-7aac6258c0a7,872,,"[61.6, 20.4]",3920410,32,,,,-0.9440534,,Head,,,,"[67.9, 11.7]",,High Pass,,10.7415085,,Unknown,,Jordan Ayew,3450.0,,,,,Recovery,1,From Free Kick,Majeed Ashimeru,30693.0,Right Defensive Midfield,54,Ghana,4885,['c99153ae-0e8f-45b4-9f2d-a15f333988ed'],29,,,,,,,,,,,,,,,,Ghana,4885,00:32:29.438,Pass,
,,,,,,,,,,,,,,,,,1.64,,,,,,,,,,,,,,,f1031ac0-7226-4d38-9daa-fb021398650f,877,,"[67.9, 11.7]",3920410,32,,,,2.8664913,,Right Foot,,,,"[55.5, 15.2]",,Ground Pass,,12.884487,,,,Mohamed Salisu,30519.0,,,,,Free Kick,1,From Free Kick,Salis Abdul Samed,31029.0,Left Defensive Midfield,55,Ghana,4885,['75d9dc74-6605-4f05-8f6a-1ba224a14622'],49,,,,,,,,,,,,,,,,Ghana,4885,00:32:49.160,Pass,
,,,,,,,,,,,,,,,,,1.755704,,,,,,,,,,,,,,,0a97862f-74bf-42f4-bd02-49ae33c0ddae,880,,"[55.3, 15.7]",3920410,32,,,,1.7177554,,Left Foot,,,,"[50.8, 46.1]",,Ground Pass,,30.731255,,,,Alexander Djiku,2989.0,,,,,,1,From Free Kick,Mohamed Salisu,30519.0,Left Center Back,55,Ghana,4885,['83408e07-771f-421c-9efb-eaa67504199e'],51,,,,,,,,,,,,,,,,Ghana,4885,00:32:51.805,Pass,
,,,,,,,,,,,,,,,,,1.677127,,,,,,,,,,,,,,,1e26cd5a-1117-4ad6-bfc2-ec1112302ee5,883,,"[47.5, 50.2]",3920410,32,,,,1.4062738,,Right Foot,,,,"[51.8, 76.1]",,Ground Pass,,26.254524,,,,Denis Odoi,12259.0,,,,,,1,From Free Kick,Alexander Djiku,2989.0,Right Center Back,55,Ghana,4885,['aaa20235-62bc-4e99-a844-10d886f54e02'],54,,,,,,,,,,,,,,,,Ghana,4885,00:32:54.679,Pass,
,,,,,,,,,,,,,,,,,1.690311,,,,,,,,,,,,,,,9e8260e4-f18c-4cc5-8604-8c5285e9e4e2,886,,"[52.1, 74.4]",3920410,32,,,,-2.3561945,,Right Foot,,,,"[39.9, 62.2]",,Ground Pass,,17.253405,,,,Alexander Djiku,2989.0,,,,,,1,From Free Kick,Denis Odoi,12259.0,Right Back,55,Ghana,4885,['a7d32302-b065-4aad-8ee7-f0f837d6e66b'],56,,,,,,,,,,,,,,,,Ghana,4885,00:32:56.925,Pass,
,,,,,,,,,,,,,,,,,2.4,,,,,,,,,,,,,,,018674b2-c71c-4392-b69d-7ee58ac1a632,889,,"[37.9, 61.5]",3920410,32,,,,-2.2974386,,Right Foot,,,,"[17.1, 38.1]",,Ground Pass,,31.308146,,,,Richard Ofori Antwi,68757.0,,,,,,1,From Free Kick,Alexander Djiku,2989.0,Right Center Back,55,Ghana,4885,['922e5160-feac-4fce-9ce1-787f5eca5734'],58,,,,,,,,,,,,,,,,Ghana,4885,00:32:58.793,Pass,
,,,,,,,,,,,,,,,,,3.166056,,,,,,,,,,,,,,,2ca0c03c-fd8e-4cd5-8d8c-57d0f8d2d8cb,892,,"[15.8, 38.7]",3920410,33,,,,-0.5325285,,Right Foot,,,,"[70.1, 6.7]",,High Pass,,63.02769,,Unknown,,Jordan Ayew,3450.0,,,,,,1,From Free Kick,Richard Ofori Antwi,68757.0,Goalkeeper,55,Ghana,4885,['430f4b58-1ea3-42ff-9271-82322f825b67'],3,,,,,,,,,,,,,,,,Ghana,4885,00:33:03.596,Pass,
,,,,,,,,,,,,,,,,,2.839999,,,,,,,,,,,,,,,c2d5ab11-2f6d-4c8e-a829-62569cb53b47,896,,"[49.3, 73.4]",3920410,33,,,,-0.08130187,,Right Foot,,,,"[62.8, 72.3]",,Ground Pass,,13.544741,,,,Geny Cipriano Catamo,127300.0,,,,,Free Kick,1,From Free Kick,Infren David da Conceição Matola,417067.0,Right Back,56,Mozambique,4978,['45bb0df5-854f-47a9-8a53-01e44be11f18'],11,,,,,,,,,,,,,,,,Mozambique,4978,00:33:11.222,Pass,
,,,,,,,,,,,,,,,,,1.450062,,,,,,,,,,,,,,,a97ad76e-bf8e-4a9f-b1ca-c646842f3c14,900,,"[60.0, 53.1]",3920410,33,,,,-0.94773346,,Left Foot,,,,"[81.7, 22.9]",,Ground Pass,,37.187767,,Incomplete,,Witiness Chimoio João Quembo,10865.0,,,,,,1,From Free Kick,Geny Cipriano Catamo,127300.0,Right Wing,56,Mozambique,4978,"['6bdf74de-48a4-4963-aaba-5096881b2ca3', '190cc222-d005-44c6-be9f-637828a0d194', '2c425af5-7f75-4e81-9cd7-b98bb24902b4']",18,,,,,,,,,,,,,,,,Mozambique,4978,00:33:18.004,Pass,True
,,,,,,,,,,,,,,,,,2.079998,,,,,,,,,,,,,,,201cda18-091c-4f31-adbb-e6e5c2d45e59,904,,"[82.6, 24.9]",3920410,33,,,,-0.90544075,,Right Foot,,,,"[93.9, 10.5]",,Ground Pass,,18.30437,,,,Bruno Alberto Langa,106070.0,,,,,Recovery,1,From Free Kick,Ricardo Martins Guimarães,29482.0,Center Attacking Midfield,56,Mozambique,4978,['f454a9cd-9c72-4054-8620-ed5610133136'],20,,,,,,,,,,,,,,,,Mozambique,4978,00:33:20.964,Pass,
,,,,,,,,,,,,,,,,,0.348216,,,,,,,,,,,,,,,41125c67-c7fa-43f4-affb-cb60217287ba,911,,"[110.9, 22.5]",3920410,33,,,,1.7918434,,Left Foot,True,,,"[108.9, 31.4]",,Ground Pass,,9.121951,,Incomplete,,Witiness Chimoio João Quembo,10865.0,,,,,,1,From Free Kick,Bruno Alberto Langa,106070.0,Left Back,56,Mozambique,4978,"['9fb82d0f-3d9e-426d-8c57-164f40f1c47b', '4339284b-2ab0-4647-8cd8-4e7d57a885af']",25,,,,,,,,,,,,,,,,Mozambique,4978,00:33:25.924,Pass,
,,,,,,,,,,,,,,,,,1.271526,,,,,,,,,,,,,,,065722cc-e3bd-47b3-a89b-dca1dc059440,918,,"[10.3, 61.5]",3920410,33,,,,-1.4447082,,Right Foot,,,,"[11.2, 54.4]",,Ground Pass,,7.156815,,,,Salis Abdul Samed,31029.0,,,,,,1,Regular Play,Majeed Ashimeru,30693.0,Right Defensive Midfield,57,Ghana,4885,"['e5af9d6d-bc00-4b04-a990-e682b593b333', 'f86970bc-ee29-4d97-a88d-abcef04da296']",29,,,,,,,,,,,,,,,,Ghana,4885,00:33:29.480,Pass,True
,,,,,,,,,,,,,,,,,1.133538,,,,,,,,,,,,,,,84252484-d234-423a-b22f-a64d46e6e2d2,921,,"[33.4, 61.3]",3920410,33,,,,1.6332152,,Right Foot,,,,"[32.5, 75.7]",,Ground Pass,,14.428098,,,,Majeed Ashimeru,30693.0,,,,,,1,Regular Play,Salis Abdul Samed,31029.0,Left Defensive Midfield,57,Ghana,4885,['5f7f1381-4cef-41f8-822c-07317db01347'],34,,,,,,,,,,,,,,,,Ghana,4885,00:33:34.938,Pass,
,,,,,,,,,,,,,,,,,1.673832,,,,,,,,,,,,,,,739a410f-4490-4a90-b583-7292f0166153,924,,"[32.5, 75.7]",3920410,33,,True,,0.30413124,,Left Foot,,,,"[46.2, 80.0]",,Ground Pass,,14.35897,,Injury Clearance,,,,,,,,,1,Regular Play,Majeed Ashimeru,30693.0,Right Defensive Midfield,57,Ghana,4885,,36,,,,,,,,,,,,,,,,Ghana,4885,00:33:36.312,Pass,
,,,,,,,,,,,,,,,,,2.1,,,,,,,,,,,,,,,b811daa6-9d01-4932-b47e-3bf5ceb0962c,928,,"[79.1, 0.1]",3920410,35,True,,,0.752801,,,,,,"[107.6, 26.8]",,Low Pass,,39.05304,,Injury Clearance,,,,,,,,Throw-in,1,From Throw In,Bruno Alberto Langa,106070.0,Left Back,58,Mozambique,4978,,15,,,,,,,,,,,,,,,,Mozambique,4978,00:35:15.023,Pass,
,,,,,,,,,,,,,,,,,3.169156,,,,,,,,,,,,,,,0c6ae463-ea05-49e4-873a-1d4215a9f94a,930,,"[17.5, 47.8]",3920410,35,,,,-0.12750956,,Right Foot,,,,"[79.9, 39.8]",,High Pass,,62.910732,,,,Antoine Semenyo,9286.0,,,,,,1,From Throw In,Richard Ofori Antwi,68757.0,Goalkeeper,58,Mozambique,4978,['f6e3b250-5133-480d-bd76-0df851a1a6da'],32,,,,,,,,,,,,,,,,Ghana,4885,00:35:32.884,Pass,
,,,,,,,,,,,,,,,,,1.32,,,,,,,,,,,,,,,927d6e7d-a16d-4dd3-bee8-574859b604bc,933,,"[40.9, 32.9]",3920410,35,,,,1.7483925,,Right Foot,,,,"[40.2, 36.8]",,Ground Pass,,3.9623225,,,,Feliciano João Jone,129475.0,,,,,Recovery,1,From Throw In,Alfons Amade,23706.0,Right Defensive Midfield,58,Mozambique,4978,['77584950-62cb-4d54-b5c7-1cdfcf0d9f10'],36,,,,,,,,,,,,,,,,Mozambique,4978,00:35:36.526,Pass,
,,,,,,,,,,,,,,,,,0.719998,,,,,,,,,,,,,,,be4ece70-c7d0-4b0f-b2a0-47dc9660f0bf,936,,"[40.6, 36.8]",3920410,35,,,,0.07485985,,Right Foot,,,,"[52.6, 37.7]",,Ground Pass,,12.033703,,,,Ricardo Martins Guimarães,29482.0,,,,,,1,From Throw In,Feliciano João Jone,129475.0,Left Defensive Midfield,58,Mozambique,4978,['2473cb5d-5bf9-4a86-9a3d-dda4419a4b9e'],38,,,,,,,,,,,,,,,,Mozambique,4978,00:35:38.006,Pass,
,,,,,,,,,,,,,,,,,0.88,,,,,,,,,,,,,,,06ef317b-8bc9-4e41-b47a-8b6afa07adc2,938,,"[53.7, 38.3]",3920410,35,,,,-2.3911452,,Right Foot,,,,"[46.3, 31.4]",,Ground Pass,,10.117806,,,,Alfons Amade,23706.0,,,,,,1,From Throw In,Ricardo Martins Guimarães,29482.0,Center Attacking Midfield,58,Mozambique,4978,['ed458be9-012c-4676-858c-9804f72bc099'],38,,,,,,,,,,,,,,,,Mozambique,4978,00:35:38.726,Pass,
,,,,,,,,,,,,,,,,,1.24,,,,,,,,,,,,,,,245ecdd4-6b5f-4790-a44a-a711e0e30d38,941,,"[47.4, 33.3]",3920410,35,,,,0.4546185,,Right Foot,,,,"[65.2, 42.0]",,Ground Pass,,19.81237,,,,Ricardo Martins Guimarães,29482.0,,,,,,1,From Throw In,Alfons Amade,23706.0,Right Defensive Midfield,58,Mozambique,4978,['f3ebad2d-65ca-4a58-9746-dfbee99a19a1'],41,,,,,,,,,,,,,,,,Mozambique,4978,00:35:41.006,Pass,
,,,,,,,,,,,,,,,,,1.479997,,,,,,,,,,,,,,,7b97e926-4df0-4663-853d-ca27dfda2327,944,,"[69.1, 44.2]",3920410,35,,,,1.1358293,,Right Foot,,,,"[78.3, 64.0]",,Ground Pass,,21.833002,,,,Geny Cipriano Catamo,127300.0,,,,,,1,From Throw In,Ricardo Martins Guimarães,29482.0,Center Attacking Midfield,58,Mozambique,4978,['8626da93-55c6-41bb-bce4-a1ec6b201134'],43,,,,,,,,,,,,,,,,Mozambique,4978,00:35:43.006,Pass,
,,,,,,,,,,,,,,,,,1.672036,,,,,,,,,,,,,,,633c76c5-135d-4aeb-8319-a1e12c210777,947,,"[91.7, 63.1]",3920410,35,,,,-0.34455574,,Left Foot,,,,"[116.5, 54.2]",,Ground Pass,,26.348625,,Incomplete,,Infren David da Conceição Matola,417067.0,,,,,,1,From Throw In,Geny Cipriano Catamo,127300.0,Right Wing,58,Mozambique,4978,"['16ec0cf1-1f52-48bd-a18d-f5ad29151175', '15f6fee3-e88d-45a0-817f-c3aefa60e92d']",47,,,,,,,,,,,,,,,,Mozambique,4978,00:35:47.366,Pass,
,,,,,,,,,,,,,,,,,1.876218,,,,,,,,,,,,,,,c94163bc-5d09-46b2-8e8c-02d23fa42d13,951,,"[7.1, 24.8]",3920410,35,,,,-0.21485703,,Left Foot,,,,"[48.8, 15.7]",,High Pass,,42.681377,,,,Mohammed Kudus,17033.0,,,,,,1,From Throw In,Gideon Mensah,23615.0,Left Back,58,Mozambique,4978,['eabb769f-c822-4a1c-a19a-090f39ab4f4c'],52,,,,,,,,,,,,,,,,Ghana,4885,00:35:52.474,Pass,
,,,,,,,,,,,,,,,,,2.833524,,,,,,,,,,,,,,,6579f8fb-5c39-4e51-aa31-a389ecca6d46,953,,"[51.0, 15.9]",3920410,35,,,,-0.09347678,,Head,,,,"[76.6, 13.5]",,Low Pass,,25.712254,,Incomplete,,Antoine Semenyo,9286.0,,,,,,1,From Throw In,Mohammed Kudus,17033.0,Center Attacking Midfield,58,Mozambique,4978,"['1af957b3-3b4f-4fa5-9573-7cc17750e764', '1d1abdd5-cf8b-496d-8960-3705e4b72c02']",54,,,,,,,,,,,,,,,,Ghana,4885,00:35:54.350,Pass,
,,,,,,,,,,,,,,,,,1.639999,,,,,,,,,,,,,,,1af957b3-3b4f-4fa5-9573-7cc17750e764,955,,"[43.5, 66.6]",3920410,35,,,,-1.5543369,,Right Foot,,,,"[43.9, 42.3]",,Ground Pass,,24.303291,,,,Reinildo Isnard Mandava,10848.0,,,,,Recovery,1,From Throw In,Edson André Sitoe,3250.0,Right Center Back,58,Mozambique,4978,"['d8d55eca-ae87-4aac-8d1d-ce65d1b66cdb', '6579f8fb-5c39-4e51-aa31-a389ecca6d46']",57,,,,,,,,,,,,,,,,Mozambique,4978,00:35:57.184,Pass,
,,,,,,,,,,,,,,,,,1.6,,,,,,,,,,,,,,,906eb429-16be-4d55-811a-8c7505cfe5e9,958,,"[43.9, 42.3]",3920410,35,,,,1.7705265,,Left Foot,,,,"[38.9, 67.0]",,Ground Pass,,25.200993,,,,Edson André Sitoe,3250.0,,,,,,1,From Throw In,Reinildo Isnard Mandava,10848.0,Left Center Back,58,Mozambique,4978,['7eb39442-d1f8-42a8-8072-59a0615ea312'],59,,,,,,,,,,,,,,,,Mozambique,4978,00:35:59.144,Pass,
,,,,,,,,,,,,,,,,,1.28,,,,,,,,,,,,,,,110db435-86a3-4051-8191-df7d70c259eb,961,,"[49.3, 58.6]",3920410,36,,,,-0.95159286,,Right Foot,,,,"[62.2, 40.5]",,Ground Pass,,22.22656,,,,Alfons Amade,23706.0,,,,,,1,From Throw In,Edson André Sitoe,3250.0,Right Center Back,58,Mozambique,4978,['f78cab7a-7c54-4c40-8370-2edc5acb3b56'],3,,,,,,,,,,,,,,,,Mozambique,4978,00:36:03.584,Pass,
,,,,,,,,,,,,,,,,,1.999995,,,,,,,,,,,,,,,1083404c-220a-41a4-8197-a02443733e89,967,,"[57.4, 46.6]",3920410,36,True,,,0.87677646,,Right Foot,,,,"[80.2, 74.0]",,Ground Pass,,35.645477,,,,Geny Cipriano Catamo,127300.0,,,,,Free Kick,1,From Free Kick,Feliciano João Jone,129475.0,Left Defensive Midfield,59,Mozambique,4978,['f08c2946-77fe-4852-a998-85d37e62a864'],12,,,,,,,,,,,,,,,,Mozambique,4978,00:36:12.262,Pass,
,,,,,,,,,,,,,,,,,0.555245,,,,,,,,,,,,,,,4c3366f9-0df5-4b33-bcc4-ab38926bcace,969,,"[90.9, 71.2]",3920410,36,,,,-1.3422997,,Left Foot,,,,"[93.9, 58.3]",,Ground Pass,,13.244244,,Incomplete,,Ricardo Martins Guimarães,29482.0,,,,,,1,From Free Kick,Geny Cipriano Catamo,127300.0,Right Wing,59,Mozambique,4978,"['269330cf-93c7-4b39-9bc9-337cb7803fdc', 'c6bff052-842e-4945-bac0-bd7a09aa2c03']",17,,,,,,,,,,,,,,,,Mozambique,4978,00:36:17.860,Pass,
,,,,,,,,,,,,,,,,,1.453971,,,,,,,,,,,,,,,d15cdf31-cb00-489c-a93c-27b88712afb1,977,,"[7.0, 37.8]",3920410,36,,,,0.20580705,,Right Foot,,,,"[45.8, 45.9]",,High Pass,,39.636475,,,,Alexander Djiku,2989.0,,,,,Goal Kick,1,From Goal Kick,Richard Ofori Antwi,68757.0,Goalkeeper,60,Ghana,4885,['c44c28a7-0aa0-4cf6-98bc-5298fc93575d'],53,,,,,,,,,,,,,,,,Ghana,4885,00:36:53.530,Pass,
,,,,,,,,,,,,,,,,,0.561625,,,,,,,,,,,,,,,7671da41-4b07-48cf-b37c-6431ace77944,979,,"[46.2, 45.9]",3920410,36,,,,-0.2939799,,Head,,,,"[57.1, 42.6]",,Low Pass,,11.388591,,,,Iddrisu Baba Mohammed,24087.0,,,,,,1,From Goal Kick,Alexander Djiku,2989.0,Right Center Back,60,Ghana,4885,['3ef961ee-aab7-419b-b0cc-946be3a0a181'],55,,,,,,,,,,,,,,,,Ghana,4885,00:36:55.064,Pass,
,,,,,,,,,,,,,,,,,1.749074,,,,,,,,,,,,,,,82827442-6307-4fce-9c5d-8e99bd5a1b0c,982,,"[58.2, 40.2]",3920410,36,,,,-0.8699419,,Right Foot,,,,"[77.1, 17.8]",,Ground Pass,,29.30819,,Incomplete,,Jordan Ayew,3450.0,,,,,,1,From Goal Kick,Iddrisu Baba Mohammed,24087.0,Right Defensive Midfield,60,Ghana,4885,"['fe995126-6dfe-4228-8c59-cb663d3e12e4', 'c91ca387-b3da-43f5-949f-1e8cb03b476f']",56,,,,,,,,,,,,,,,,Ghana,4885,00:36:56.992,Pass,
,,,,,,,,,,,,,,,,,1.52,,,,,,,,,,,,,,,c91ca387-b3da-43f5-949f-1e8cb03b476f,984,,"[43.0, 62.3]",3920410,36,,,,-0.71016353,,Right Foot,,,,"[53.7, 53.1]",,Ground Pass,,14.111343,,,,Feliciano João Jone,129475.0,,,,,Recovery,1,Regular Play,Infren David da Conceição Matola,417067.0,Right Back,61,Mozambique,4978,"['383f888e-59a5-455b-a328-458750dc8f4d', '82827442-6307-4fce-9c5d-8e99bd5a1b0c']",58,,,,,,,,,,,,,,,,Mozambique,4978,00:36:58.741,Pass,
,,,,,,,,,,,,,,,,,2.039999,,,,,,,,,,,,,,,83097028-3333-468b-ade9-c5ac50e02c98,987,,"[53.7, 53.1]",3920410,37,,,,-1.4464413,,Right Foot,,,,"[56.3, 32.3]",,Ground Pass,,20.96187,,,,Alfons Amade,23706.0,,,,,,1,Regular Play,Feliciano João Jone,129475.0,Left Defensive Midfield,61,Mozambique,4978,['fe1e0702-c0b8-4858-a308-becff9ec5fd2'],0,,,,,,,,,,,,,,,,Mozambique,4978,00:37:00.461,Pass,
,,,,,,,,,,,,,,,,,1.52,,,,,,,,,,,,,,,9d7d78fe-8df2-4a47-a50a-bf619dfd4a68,990,,"[63.7, 20.5]",3920410,37,,,,-1.1399652,,Right Foot,,,,"[71.1, 4.4]",,Ground Pass,,17.719198,,,,Witiness Chimoio João Quembo,10865.0,,,,,,1,Regular Play,Alfons Amade,23706.0,Right Defensive Midfield,61,Mozambique,4978,['2c816257-e95b-4fb6-b1a2-c43834e109b9'],3,,,,,,,,,,,,,,,,Mozambique,4978,00:37:03.381,Pass,
,,,,,,,,,,,,,,,,,1.079999,,,,,,,,,,,,,,,4beb6eaa-2c99-41df-bd03-b0e80013db13,993,,"[75.6, 4.0]",3920410,37,,,,1.9684243,,Left Foot,,,,"[73.5, 9.0]",,Ground Pass,,5.4230986,,,,Alfons Amade,23706.0,,,,,,1,Regular Play,Witiness Chimoio João Quembo,10865.0,Left Wing,61,Mozambique,4978,['dc653b5a-c378-4f51-9235-b1ebebd43b08'],8,,,,,,,,,,,,,,,,Mozambique,4978,00:37:08.621,Pass,
,,,,,,,,,,,,,,,,,1.52,,,,,,,,,,,,,,,b455260a-648a-4a05-805e-cfc54327c834,996,,"[71.3, 9.9]",3920410,37,,,,-3.1103528,,Left Foot,,,,"[61.7, 9.6]",,Ground Pass,,9.604687,,,,Bruno Alberto Langa,106070.0,,,,,,1,Regular Play,Alfons Amade,23706.0,Right Defensive Midfield,61,Mozambique,4978,['7ff77604-ddb6-48e7-930d-9f6543d6068c'],10,,,,,,,,,,,,,,,,Mozambique,4978,00:37:10.581,Pass,
,,,,,,,,,,,,,,,,,1.259479,,,,,,,,,,,,,,,c432ce9c-9936-48c1-a88f-c33086bab0e7,999,,"[62.8, 10.5]",3920410,37,,,,0.8493503,,Left Foot,,,,"[91.3, 42.9]",,Low Pass,,43.151012,,Incomplete,,Pachoio Lau Há King,106082.0,,,,,,1,Regular Play,Bruno Alberto Langa,106070.0,Left Back,61,Mozambique,4978,"['eb855fb1-aeb6-489f-89de-11c7a36d739d', 'ddf836fc-16bc-45fc-b2f2-3b8086994247']",14,,,,,,,,,,,,,,,,Mozambique,4978,00:37:14.304,Pass,
,,,,,,,,,,,,,,,,,1.95111,,,,,,,,,,,,,,,9c0cc1bc-ceac-4ab4-8cbf-2091e04656ad,1003,,"[68.0, 46.6]",3920410,37,,,,0.79448885,,Head,,,,"[78.9, 57.7]",,Low Pass,,15.556992,,,,Infren David da Conceição Matola,417067.0,,,,,Recovery,1,Regular Play,Feliciano João Jone,129475.0,Left Defensive Midfield,61,Mozambique,4978,['1460a2e5-60d9-4434-bfdf-48964cc44271'],18,,,,,,,,,,,,,,,,Mozambique,4978,00:37:18.910,Pass,
,,,,,,,,,,,,,,,,,3.25203,,,,,,,,,,,,,,,e3957cab-bdee-4d25-922c-2ca40e213c70,1007,,"[78.0, 59.7]",3920410,37,,,,-0.25866395,,Right Foot,,,,"[103.7, 52.9]",,High Pass,,26.584394,,,,Pachoio Lau Há King,106082.0,,,,,,1,Regular Play,Infren David da Conceição Matola,417067.0,Right Back,61,Mozambique,4978,"['58611b77-0cbc-4692-a1f0-8f7f20b3f536', '51e87eca-34c2-4865-9c00-4992d773b975']",21,,,,,,,,,,,,,,,,Mozambique,4978,00:37:21.301,Pass,True
,,,,,,,,,,,,,,,,,1.243597,,,,,,,,,,,,,,,9e23815a-01d4-4e31-ab0d-d185f4d782a5,1011,,"[116.1, 56.0]",3920410,37,,,,-1.9492238,,Right Foot,True,True,,"[112.8, 47.7]",,Ground Pass,,8.931965,,Incomplete,,Ricardo Martins Guimarães,29482.0,,,,,,1,Regular Play,Pachoio Lau Há King,106082.0,Center Forward,61,Mozambique,4978,"['f8262189-0c50-429c-9859-2ade582fb741', 'e5e72c98-475e-498b-9bdd-e4b408d25dd4']",26,,,,,,,,,,,,,,,,Mozambique,4978,00:37:26.633,Pass,
,,,,,,,,,,,,,,,,,1.199218,,,,,,,,,,,,,,,5fac169b-61aa-4356-a225-c495fad7bbfb,1017,,"[8.4, 26.1]",3920410,37,,,,-1.1152622,,Left Foot,,,,"[18.1, 6.3]",,Ground Pass,,22.048355,,,,Jordan Ayew,3450.0,,,,,,1,Regular Play,Gideon Mensah,23615.0,Left Back,62,Ghana,4885,"['0e9ecbcc-e3f6-420a-bfb4-4043d7beb627', '426c39c6-9831-4abf-9b57-1d614e37fdf8']",29,,,,,,,,,,,,,,,,Ghana,4885,00:37:29.771,Pass,True
,,,,,,,,,,,,,,,,,1.080758,,,,,,,,,,,,,,,5c7283a1-d8f9-40bd-bafa-1ee5fbbdfeaf,1025,,"[47.3, 7.2]",3920410,37,,,,1.4844729,,Right Foot,,,,"[48.2, 17.6]",,Ground Pass,,10.438869,,,,Mohammed Kudus,17033.0,,,,,,1,Regular Play,Jordan Ayew,3450.0,Left Wing,62,Ghana,4885,"['3c8dc306-11ba-40ba-8426-6fd1670ad616', '4678bcdb-af00-44ee-9f1d-476945a66580']",39,,,,,,,,,,,,,,,,Ghana,4885,00:37:39.668,Pass,True
,,,,,,,,,,,,,,,,,2.4,,,,,,,,,,,,,,,a3b5350e-9b57-4fc8-b605-5af66b41a2f7,1028,,"[49.9, 20.2]",3920410,37,,,,1.9503602,,Left Foot,,,,"[35.3, 56.8]",,Ground Pass,,39.404568,,,,Alexander Djiku,2989.0,,,,,,1,Regular Play,Mohammed Kudus,17033.0,Center Attacking Midfield,62,Ghana,4885,['6038f8ae-ea1f-4826-9ee3-6e419c1bcdc7'],42,,,,,,,,,,,,,,,,Ghana,4885,00:37:42.556,Pass,
,,,,,,,,,,,,,,,,,2.072506,,,,,,,,,,,,,,,541cfcb9-9272-4161-9106-afecc72dcda6,1031,,"[35.3, 57.0]",3920410,37,,,,0.8530912,,Right Foot,,,,"[51.8, 75.9]",,Ground Pass,,25.08904,,,,Denis Odoi,12259.0,,,,,,1,Regular Play,Alexander Djiku,2989.0,Right Center Back,62,Ghana,4885,['03a4fa00-3111-4d7b-8762-08aad4095dc2'],46,,,,,,,,,,,,,,,,Ghana,4885,00:37:46.156,Pass,
,,,,,,,,,,,,,,,,,1.531762,,,,,,,,,,,,,,,b973d3ca-b26c-41d1-9d4e-aa677e6be115,1034,,"[56.2, 77.8]",3920410,37,,,,-0.25540853,,Right Foot,,,,"[74.2, 73.1]",,Ground Pass,,18.603495,,,,Joseph Paintsil,16546.0,,,,,,1,Regular Play,Denis Odoi,12259.0,Right Back,62,Ghana,4885,['45c22cfe-34fe-4878-9211-9062c6e422cf'],49,,,,,,,,,,,,,,,,Ghana,4885,00:37:49.317,Pass,
,,,,,,,,,,,,,,,,,1.181997,,,,,,,,,,,,,,,03d5b20a-058f-4080-a6c8-d09fb1922464,1037,,"[72.7, 70.7]",3920410,37,,,,-1.9250557,,Right Foot,,,,"[67.3, 56.1]",,Ground Pass,,15.566631,,,,Iddrisu Baba Mohammed,24087.0,,,,,,1,Regular Play,Joseph Paintsil,16546.0,Right Wing,62,Ghana,4885,['052b7434-9d10-4b3c-ad2e-602cf9b76ec4'],54,,,,,,,,,,,,,,,,Ghana,4885,00:37:54.376,Pass,
,,,,,,,,,,,,,,,,,2.572262,,,,,,,,,,,,,,,13c1db7a-26d9-4a6a-8380-f8e0366acda5,1041,,"[63.4, 44.8]",3920410,37,,,,-2.1062994,,Right Foot,,,,"[54.5, 29.8]",,Ground Pass,,17.441616,,,,Mohamed Salisu,30519.0,,,,,,1,Regular Play,Iddrisu Baba Mohammed,24087.0,Right Defensive Midfield,62,Ghana,4885,"['63588777-1e1c-4147-837b-07478d6c7594', 'a830e039-c49d-4b76-aea4-0d05476191bc']",58,,,,,,,,,,,,,,,,Ghana,4885,00:37:58.268,Pass,True
,,,,,,,,,,,,,,,,,1.111506,,,,,,,,,,,,,,,d980a99e-36f5-486e-a0e9-92c46b3e0c91,1044,,"[54.5, 29.6]",3920410,38,,,,-0.6202495,,Left Foot,,,,"[73.4, 16.1]",,Ground Pass,,23.226278,,,,Mohammed Kudus,17033.0,,,,,,1,Regular Play,Mohamed Salisu,30519.0,Left Center Back,62,Ghana,4885,['b3bf5813-3d13-4bfa-a95c-33ba17b2c17f'],1,,,,,,,,,,,,,,,,Ghana,4885,00:38:01.420,Pass,
,,,,,,,,,,,,,,,,,1.640724,,,,,,,,,,,,,,,b3f55c85-d81e-452b-aeef-ba745e7e10b1,1048,,"[69.9, 20.2]",3920410,38,,,,-1.850244,,Left Foot,,,,"[66.6, 8.7]",,Ground Pass,,11.964113,,,,Gideon Mensah,23615.0,,,,,,1,Regular Play,Mohammed Kudus,17033.0,Center Attacking Midfield,62,Ghana,4885,['a15bf1c9-8133-4f13-ad45-f21f2e7b3abc'],6,,,,,,,,,,,,,,,,Ghana,4885,00:38:06.802,Pass,
,,,,,,,,,,,,,,,,,1.341281,,,,,,,,,,,,,,,b9b16863-84ae-4b7a-8fb2-0bfc2c77c89d,1050,,"[66.2, 8.5]",3920410,38,,,,-0.09585915,,Left Foot,,,,"[81.8, 7.0]",,Ground Pass,,15.671949,,,,Jordan Ayew,3450.0,,,,,,1,Regular Play,Gideon Mensah,23615.0,Left Back,62,Ghana,4885,['538f6747-aa7d-45d8-82dc-f290d1c857df'],8,,,,,,,,,,,,,,,,Ghana,4885,00:38:08.442,Pass,
,,,,,,,,,,,,,,,,,0.662404,,,,,,,,,,,,,,,e4177f49-7cd7-40c7-95d9-2832b140ae38,1054,,"[79.0, 6.7]",3920410,38,,,,2.2718878,,Right Foot,,,,"[72.5, 14.4]",,Ground Pass,,10.076706,,,,Mohammed Kudus,17033.0,,,,,,1,Regular Play,Jordan Ayew,3450.0,Left Wing,62,Ghana,4885,"['04686e2b-0462-4726-ba43-91c718885da8', '593244cd-5c42-4841-a81f-6c7bcb040c9e']",10,,,,,,,,,,,,,,,,Ghana,4885,00:38:10.840,Pass,True
,,,,,,,,,,,,,,,,,1.331728,,,,,,,,,,,,,,,3c11b068-7309-4e6c-9fe0-276d2b772776,1056,,"[72.5, 14.4]",3920410,38,,,,-2.0232713,,Left Foot,,,,"[69.0, 7.2]",,Ground Pass,,8.005623,,,,Gideon Mensah,23615.0,,,,,,1,Regular Play,Mohammed Kudus,17033.0,Center Attacking Midfield,62,Ghana,4885,['5b95c4c1-e954-4850-a400-010c7f34abb0'],11,,,,,,,,,,,,,,,,Ghana,4885,00:38:11.502,Pass,
,,,,,,,,,,,,,,,,,0.907382,,,,,,,,,,,,,,,021bbc5c-1a0a-4bfd-a487-96646604d31d,1059,,"[67.3, 7.8]",3920410,38,,,,1.0960995,,Right Foot,,,,"[71.0, 15.0]",,Ground Pass,,8.09506,,,,Mohammed Kudus,17033.0,,,,,,1,Regular Play,Gideon Mensah,23615.0,Left Back,62,Ghana,4885,['3588862d-22e2-45b1-b998-2ca3115e1792'],14,,,,,,,,,,,,,,,,Ghana,4885,00:38:14.074,Pass,
,,,,,,,,,,,,,,,,,0.707528,,,,,,,,,,,,,,,38ba4a63-9bb9-4cc1-8772-b21a4d938c26,1061,,"[71.0, 15.0]",3920410,38,,,,-1.0191413,,Left Foot,,,,"[75.8, 7.2]",,Ground Pass,,9.158603,,,,Jordan Ayew,3450.0,,,,,,1,Regular Play,Mohammed Kudus,17033.0,Center Attacking Midfield,62,Ghana,4885,['298a78bc-b013-496c-94a3-627c410e9f20'],14,,,,,,,,,,,,,,,,Ghana,4885,00:38:14.981,Pass,
,,,,,,,,,,,,,,,,,0.708017,,,,,,,,,,,,,,,78a19cb3-5c96-4b80-80a8-736cec8f0fa6,1063,,"[75.3, 8.9]",3920410,38,,,,1.8597717,,Left Foot,,,,"[74.2, 12.6]",,Ground Pass,,3.8600519,,,,Mohammed Kudus,17033.0,,,,,,1,Regular Play,Jordan Ayew,3450.0,Left Wing,62,Ghana,4885,['7de688d3-fa63-4c6d-8c22-95ef0c89f1e7'],15,,,,,,,,,,,,,,,,Ghana,4885,00:38:15.689,Pass,
,,,,,,,,,,,,,,,,,2.265807,,,,,,,,,,,,,,,01902688-3102-436c-b4e3-032f35c10ab9,1066,,"[75.8, 9.8]",3920410,38,,,,0.45402095,,Left Foot,,,,"[109.2, 26.1]",,Ground Pass,,37.165173,,,,Antoine Semenyo,9286.0,,,,,,1,Regular Play,Mohammed Kudus,17033.0,Center Attacking Midfield,62,Ghana,4885,['c58ea943-a1d8-4015-bd78-38488c001ac7'],17,,,,,,,,,,,,,,,,Ghana,4885,00:38:17.174,Pass,
,,,,,,,,,,,,,,,,,2.439998,,,,,,,,,,,,,,,0549525c-3b32-4b31-944b-eb51acb99d78,1075,,"[8.5, 51.4]",3920410,38,,,,0.7929547,,Right Foot,,,,"[28.2, 71.4]",,Ground Pass,,28.07294,,,,Edson André Sitoe,3250.0,,,,,Free Kick,1,From Free Kick,Ivane Carminio Francisco Urrubal,161718.0,Goalkeeper,64,Mozambique,4978,['58e26af7-f520-464e-9044-1b9281f0745b'],59,,,,,,,,,,,,,,,,Mozambique,4978,00:38:59.721,Pass,
,,,,,,,,,,,,,,,,,2.839999,,,,,,,,,,,,,,,f50820bd-4e61-4255-a415-1c41caf46c01,1079,,"[28.0, 69.7]",3920410,39,,,,-2.2746854,,Left Foot,,,,"[11.7, 50.5]",,Ground Pass,,25.18591,,,,Ivane Carminio Francisco Urrubal,161718.0,,,,,,1,From Free Kick,Edson André Sitoe,3250.0,Right Center Back,64,Mozambique,4978,"['df4887c0-b32d-4bfc-b18e-95ba678d649b', '64b25ada-9f9e-4a8b-9550-cafa61342186']",3,,,,,,,,,,,,,,,,Mozambique,4978,00:39:03.121,Pass,True
,,,,,,,,,,,,,,,,,2.44,,,,,,,,,,,,,,,35d814ee-ada7-445c-845f-156ff36c6272,1082,,"[10.4, 46.8]",3920410,39,,,,-1.2196048,,Right Foot,,,,"[18.9, 23.6]",,Ground Pass,,24.708096,,,,Reinildo Isnard Mandava,10848.0,,,,,,1,From Free Kick,Ivane Carminio Francisco Urrubal,161718.0,Goalkeeper,64,Mozambique,4978,['73ebd913-0e63-44d5-8a07-066f67e861e2'],6,,,,,,,,,,,,,,,,Mozambique,4978,00:39:06.961,Pass,
,,,,,,,,,,,,,,,,,1.32,,,,,,,,,,,,,,,c9d208bc-2856-4109-bab0-a306910a8bb4,1085,,"[19.3, 22.9]",3920410,39,,,,-0.26126796,,Left Foot,,,,"[38.0, 17.9]",,Ground Pass,,19.35691,,,,Alfons Amade,23706.0,,,,,,1,From Free Kick,Reinildo Isnard Mandava,10848.0,Left Center Back,64,Mozambique,4978,['048359e8-9806-4568-a713-7a2ca967dac5'],9,,,,,,,,,,,,,,,,Mozambique,4978,00:39:09.801,Pass,
,,,,,,,,,,,,,,,,,1.56,,,,,,,,,,,,,,,cdde5d9c-8825-431d-b11a-ad25766ec3a9,1087,,"[38.0, 17.9]",3920410,39,,,,2.9641678,,Right Foot,,,,"[23.5, 20.5]",,Ground Pass,,14.731259,,,,Reinildo Isnard Mandava,10848.0,,,,,,1,From Free Kick,Alfons Amade,23706.0,Right Defensive Midfield,64,Mozambique,4978,['2470480c-9dcc-46a1-8d82-f198f3f8114a'],11,,,,,,,,,,,,,,,,Mozambique,4978,00:39:11.121,Pass,
,,,,,,,,,,,,,,,,,2.0,,,,,,,,,,,,,,,da903317-905b-4c9b-8257-39a934e13641,1090,,"[24.3, 20.7]",3920410,39,,,,1.5556917,,Left Foot,,,,"[24.8, 53.8]",,Ground Pass,,33.103775,,,,Edson André Sitoe,3250.0,,,,,,1,From Free Kick,Reinildo Isnard Mandava,10848.0,Left Center Back,64,Mozambique,4978,['a912b967-3f37-4e3f-ad7c-43ba7cdd8e64'],13,,,,,,,,,,,,,,,,Mozambique,4978,00:39:13.761,Pass,
,,,,,,,,,,,,,,,,,1.039997,,,,,,,,,,,,,,,73908219-68ab-4956-bdf7-12e86374a909,1093,,"[24.8, 54.0]",3920410,39,,,,0.91170627,,Right Foot,,,,"[41.3, 75.3]",,Ground Pass,,26.943274,,,,Infren David da Conceição Matola,417067.0,,,,,,1,From Free Kick,Edson André Sitoe,3250.0,Right Center Back,64,Mozambique,4978,['9606760f-cdf7-4e51-b452-be3d7cb1bc32'],17,,,,,,,,,,,,,,,,Mozambique,4978,00:39:17.881,Pass,
,,,,,,,,,,,,,,,,,6.48,,,,,,,,,,,,,,,3c0c26cd-7fba-4069-a67d-1d6a7993294b,1103,,"[55.4, 62.9]",3920410,39,True,,,-0.7951066,,Left Foot,,,,"[111.5, 5.7]",,High Pass,,80.11897,,,,Bruno Alberto Langa,106070.0,,True,,,Free Kick,1,From Free Kick,Geny Cipriano Catamo,127300.0,Right Wing,65,Mozambique,4978,['5925c217-11ba-4b4f-9815-de47fc0eed91'],29,,,,,,,,,,,,,,,,Mozambique,4978,00:39:29.262,Pass,
,,,,,,,,,,,,,,,,,2.29056,,,,,,,,,,,,,,,98b5094c-219e-44ca-b411-4688c90d9738,1105,,"[111.7, 5.7]",3920410,39,,,,1.7040676,,Left Foot,True,,,"[105.6, 51.2]",,High Pass,,45.90708,,Incomplete,,Pachoio Lau Há King,106082.0,,True,,,,1,From Free Kick,Bruno Alberto Langa,106070.0,Left Back,65,Mozambique,4978,"['553925b1-e872-4127-b3f6-e97a868fb852', 'fa9f45ef-fcb6-4e6a-89de-81a2644a01db']",37,,,,,,,,,,,,,,,,Mozambique,4978,00:39:37.057,Pass,
,,,,,,,,,,,,,,,,,2.588222,,,,,,,,,,,,,,,0f1bccc3-e155-4aa5-bac5-bcb4725b7af5,1111,,"[46.2, 36.3]",3920410,39,,,,-0.9077202,,Left Foot,,,,"[70.1, 5.7]",,Low Pass,,38.82744,,,,Jordan Ayew,3450.0,,,,,,1,From Free Kick,Mohammed Kudus,17033.0,Center Attacking Midfield,65,Mozambique,4978,['f3b2c163-612b-45e1-89bd-37bb502666fa'],45,,,,,,,,,,,,,,,,Ghana,4885,00:39:45.909,Pass,
,,,,,,,,,,,,,,,,,1.239995,,,,,,,,,,,,,,,0bbf0739-6c37-4b70-ae23-9b23a0b7cf3a,1121,,"[6.5, 69.9]",3920410,40,,,,-1.1695223,,Left Foot,,,,"[30.6, 13.1]",,Ground Pass,,61.701298,,,,Bruno Alberto Langa,106070.0,,True,,,Free Kick,1,From Free Kick,Infren David da Conceição Matola,417067.0,Right Back,66,Mozambique,4978,['cc4647bf-3732-4d15-9e17-59c6869868a2'],17,,,,,,,,,,,,,,,,Mozambique,4978,00:40:17.389,Pass,
,,,,,,,,,,,,,,,,,1.639999,,,,,,,,,,,,,,,dcd0fc91-09e6-48c0-9879-e6cd0f2af955,1124,,"[32.6, 12.3]",3920410,40,,,,2.331809,,Left Foot,,,,"[24.6, 20.7]",,Ground Pass,,11.6,,,,Reinildo Isnard Mandava,10848.0,,,,,,1,From Free Kick,Bruno Alberto Langa,106070.0,Left Back,66,Mozambique,4978,['10510752-7197-4723-ad51-b14dd9cb5d23'],19,,,,,,,,,,,,,,,,Mozambique,4978,00:40:19.189,Pass,
,,,,,,,,,,,,,,,,,1.679999,,,,,,,,,,,,,,,0d0e7c8b-39d6-4316-bf04-2f0b17e38f91,1127,,"[34.8, 22.3]",3920410,40,,,,1.4832464,,Left Foot,,,,"[37.6, 54.2]",,Ground Pass,,32.022648,,,,Edson André Sitoe,3250.0,,,,,,1,From Free Kick,Reinildo Isnard Mandava,10848.0,Left Center Back,66,Mozambique,4978,['7bcd62a7-250d-4fa3-a6d4-428d371e31ef'],26,,,,,,,,,,,,,,,,Mozambique,4978,00:40:26.690,Pass,
,,,,,,,,,,,,,,,,,1.719999,,,,,,,,,,,,,,,9dd1b460-5f49-4b7a-8f94-a83d6a3f621f,1130,,"[38.9, 52.3]",3920410,40,,,,1.0522143,,Right Foot,,,,"[49.8, 71.4]",,Ground Pass,,21.991362,,,,Infren David da Conceição Matola,417067.0,,,,,,1,From Free Kick,Edson André Sitoe,3250.0,Right Center Back,66,Mozambique,4978,['f36c6884-6eb9-4c28-9676-9531858ce1b8'],29,,,,,,,,,,,,,,,,Mozambique,4978,00:40:29.970,Pass,
,,,,,,,,,,,,,,,,,1.16,,,,,,,,,,,,,,,59e61b7b-21d4-456d-bf46-c4f7ab59bcbb,1133,,"[57.4, 73.1]",3920410,40,,,,-0.73997486,,Right Foot,,,,"[64.3, 66.8]",,Ground Pass,,9.343447,,,,Geny Cipriano Catamo,127300.0,,,,,,1,From Free Kick,Infren David da Conceição Matola,417067.0,Right Back,66,Mozambique,4978,['88704a1e-029f-4ea0-a21f-31a0d93a8cc6'],33,,,,,,,,,,,,,,,,Mozambique,4978,00:40:33.450,Pass,
,,,,,,,,,,,,,,,,,0.759998,,,,,,,,,,,,,,,b1a9bdaa-9d2b-43e0-a12b-c8cbab1ce867,1136,,"[65.6, 67.0]",3920410,40,,,,-0.3956262,,Left Foot,,,,"[82.6, 59.9]",,Ground Pass,,18.423084,,,,Pachoio Lau Há King,106082.0,,,,,,1,From Free Kick,Geny Cipriano Catamo,127300.0,Right Wing,66,Mozambique,4978,['56df6727-09cc-4ff8-ac25-4e746aa6b649'],36,,,,,,,,,,,,,,,,Mozambique,4978,00:40:36.450,Pass,
,,,,,,,,,,,,,,,,,1.0,,,,,,,,,,,,,,,edacee9c-2fd9-41c4-af2a-ff129be347b6,1140,,"[82.8, 59.9]",3920410,40,,,,-2.50243,,Right Foot,,,,"[75.4, 54.4]",,Ground Pass,,9.220087,,,,Ricardo Martins Guimarães,29482.0,,,,,,1,From Free Kick,Pachoio Lau Há King,106082.0,Center Forward,66,Mozambique,4978,"['c73c3fdc-0d58-415b-a34a-180bad601daa', 'd09b7a05-decb-4a4e-a0ff-c0e89401c01a']",37,,,,,,,,,,,,,,,,Mozambique,4978,00:40:37.330,Pass,True
,,,,,,,,,,,,,,,,,1.559999,,,,,,,,,,,,,,,f238603d-23c3-4ea0-abdd-ff720fd2e0c0,1144,,"[78.3, 67.5]",3920410,40,,,,0.8224183,,Left Foot,,,,"[83.5, 73.1]",,Ground Pass,,7.641989,,,,Infren David da Conceição Matola,417067.0,,,,,,1,From Free Kick,Ricardo Martins Guimarães,29482.0,Center Attacking Midfield,66,Mozambique,4978,['e6acc522-075b-4a99-a877-230204f5ff96'],41,,,,,,,,,,,,,,,,Mozambique,4978,00:40:41.450,Pass,
,,,,,,,,,,,,,,,,,0.959998,,,,,,,,,,,,,,,312b25ab-e0ce-4db3-a5b5-b0f87b9334b0,1147,,"[88.3, 71.2]",3920410,40,,,,-0.933726,,Right Foot,,,,"[92.0, 66.2]",,Ground Pass,,6.2201285,,,,Pachoio Lau Há King,106082.0,,,,,,1,From Free Kick,Infren David da Conceição Matola,417067.0,Right Back,66,Mozambique,4978,['1d73f968-d862-4d00-9ce7-eb4f1773e175'],44,,,,,,,,,,,,,,,,Mozambique,4978,00:40:44.567,Pass,
,,,,,,,,,,,,,,,,,0.359995,,,,,,,,,,,,,,,286355a5-39d8-4971-aafe-40ba181cd87c,1151,,"[91.7, 66.2]",3920410,40,,,,1.8343602,,Right Foot,,,,"[90.0, 72.5]",,Ground Pass,,6.5253353,,Incomplete,,,,,,,,,1,From Free Kick,Pachoio Lau Há King,106082.0,Center Forward,66,Mozambique,4978,"['f8b53448-b4b5-43ab-aafe-bc1ef847a857', '4322f91f-a122-43de-a7b7-73f87d8876e1']",45,,,,,,,,,,,,,,,,Mozambique,4978,00:40:45.687,Pass,True
,,,,,,,,,,,,,,,,,1.896983,,,,,,,,,,,,,,,2edeab4a-5aca-4086-8498-da64a611c6ea,1153,,"[89.8, 74.4]",3920410,40,,,,-1.2078706,,Right Foot,True,,,"[104.8, 34.9]",,High Pass,,42.25222,,Incomplete,,Witiness Chimoio João Quembo,10865.0,,,,,Recovery,1,From Free Kick,Ricardo Martins Guimarães,29482.0,Center Attacking Midfield,66,Mozambique,4978,"['910b8580-2aa7-4fce-865f-a579f351d0ed', 'f61acbd3-039a-44ac-9a85-5b89405ef823']",48,,,,,,,,,,,,,,,,Mozambique,4978,00:40:48.127,Pass,
,,,,,,,,,,,,,,,,,2.392506,,,,,,,,,,,,,,,2f857cb4-725c-4956-9851-af78df87c98f,1159,,"[27.3, 39.8]",3920410,40,,,,3.1415927,,Left Foot,,,,"[7.1, 39.8]",,High Pass,,20.2,,,,Richard Ofori Antwi,68757.0,,,,,,1,From Free Kick,Iddrisu Baba Mohammed,24087.0,Right Defensive Midfield,66,Mozambique,4978,"['3a1b91be-cbb2-46ca-9b11-6355b5cc00e4', '75457f5a-d364-471b-b7f7-e6688d342d80']",52,,,,,,,,,,,,,,,,Ghana,4885,00:40:52.336,Pass,True
,,,,,,,,,,,,,,,,,4.566626,,,,,,,,,,,,,,,5f77388e-5f94-45f6-9e58-224fa0421219,1161,,"[7.1, 39.8]",3920410,40,,,,-0.50416595,,Right Foot,,,,"[56.4, 12.6]",,High Pass,,56.305683,,Unknown,,Antoine Semenyo,9286.0,,,,,,1,From Free Kick,Richard Ofori Antwi,68757.0,Goalkeeper,66,Mozambique,4978,['754f5a4b-44c6-4cab-ad76-31d85f98aeda'],54,,,,,,,,,,,,,,,,Ghana,4885,00:40:54.729,Pass,
,,,,,,,,,,,,,,,,,0.199995,,,,,,,,,,,,,,,c818a548-2cc4-49d0-ac3f-58422baae51e,1166,,"[63.9, 64.4]",3920410,41,,,,-1.6604675,,Right Foot,,,,"[59.8, 18.8]",,Ground Pass,,45.78395,,,,Alfons Amade,23706.0,,True,,,Free Kick,1,From Free Kick,Edson André Sitoe,3250.0,Right Center Back,67,Mozambique,4978,['8c7bb94e-67b6-4d69-ac50-4b3fe8b1b989'],10,,,,,,,,,,,,,,,,Mozambique,4978,00:41:10.836,Pass,
,,,,,,,,,,,,,,,,,2.56,,,,,,,,,,,,,,,e9cc6452-f34b-4103-bd86-ed852b7727b3,1169,,"[59.8, 19.0]",3920410,41,,,,-0.26791042,,Right Foot,,,,"[70.0, 16.2]",,Ground Pass,,10.577334,,,,Witiness Chimoio João Quembo,10865.0,,,,,,1,From Free Kick,Alfons Amade,23706.0,Right Defensive Midfield,67,Mozambique,4978,['b0a694f5-c624-4558-8e59-5b5aca3ec7db'],12,,,,,,,,,,,,,,,,Mozambique,4978,00:41:12.036,Pass,
,,,,,,,,,,,,,,,,,1.159999,,,,,,,,,,,,,,,5460ef31-0086-4f55-b76e-ef0767e9b8f4,1172,,"[69.8, 16.0]",3920410,41,,,,-2.9536948,,Right Foot,,,,"[55.6, 13.3]",,Ground Pass,,14.4544115,,,,Feliciano João Jone,129475.0,,,,,,1,From Free Kick,Witiness Chimoio João Quembo,10865.0,Left Wing,67,Mozambique,4978,['e7800f8b-12c6-4444-b0d7-ed8fb7257624'],14,,,,,,,,,,,,,,,,Mozambique,4978,00:41:14.716,Pass,
,,,,,,,,,,,,,,,,,3.599997,,,,,,,,,,,,,,,e9c97f2d-5301-4705-8acb-18a19d6ea5cf,1175,,"[55.2, 13.6]",3920410,41,,,,1.6463802,,Right Foot,,,,"[51.3, 65.1]",,Ground Pass,,51.647457,,,,Edson André Sitoe,3250.0,,True,,,,1,From Free Kick,Feliciano João Jone,129475.0,Left Defensive Midfield,67,Mozambique,4978,['a8d5937e-8bdc-4ffb-b8a5-43352ca3ab6a'],18,,,,,,,,,,,,,,,,Mozambique,4978,00:41:18.156,Pass,
,,,,,,,,,,,,,,,,,2.08,,,,,,,,,,,,,,,69ac8450-66e4-4a35-b2dc-a6e8fbc03eab,1178,,"[53.0, 58.8]",3920410,41,,,,0.6781193,,Right Foot,,,,"[74.6, 76.2]",,Ground Pass,,27.736618,,,,Infren David da Conceição Matola,417067.0,,,,,,1,From Free Kick,Edson André Sitoe,3250.0,Right Center Back,67,Mozambique,4978,['c7bdc547-0508-4ca8-a33c-d1a91f56c3d0'],24,,,,,,,,,,,,,,,,Mozambique,4978,00:41:24.076,Pass,
,,,,,,,,,,,,,,,,,1.589969,,,,,,,,,,,,,,,01371da8-b13f-43fe-98d1-56a1cd9e6900,1181,,"[75.4, 76.0]",3920410,41,,,,-0.7853982,,Right Foot,,,,"[100.0, 51.4]",,High Pass,,34.789654,,Incomplete,,Pachoio Lau Há King,106082.0,,,,,,1,From Free Kick,Infren David da Conceição Matola,417067.0,Right Back,67,Mozambique,4978,"['83db30a8-aa59-41ad-8863-627f096cd533', 'ddf6c7cd-30c9-4019-8b0f-f2f56567e2f4']",27,,,,,,,,,,,,,,,,Mozambique,4978,00:41:27.556,Pass,
,,,,,,,,,,,,,,,,,1.766658,,,,,,,,,,,,,,,9c3c9580-182c-4cd8-aac5-ec9d97a355f8,1186,,"[27.9, 39.4]",3920410,41,,,,1.0683333,,Right Foot,,,,"[39.0, 59.6]",,Ground Pass,,23.04886,,,,Joseph Paintsil,16546.0,,,,,,1,Regular Play,Iddrisu Baba Mohammed,24087.0,Right Defensive Midfield,68,Ghana,4885,['79e68b84-6983-47a9-89ae-459be79020ac'],31,,,,,,,,,,,,,,,,Ghana,4885,00:41:31.878,Pass,
,,,,,,,,,,,,,,,,,1.185292,,,,,,,,,,,,,,,635b1217-72a6-49ea-9bd1-5370ccd8c79b,1189,,"[43.6, 61.1]",3920410,41,,,,-1.179486,,Right Foot,,,,"[49.5, 46.8]",,Ground Pass,,15.469324,,,,Mohammed Kudus,17033.0,,,,,,1,Regular Play,Joseph Paintsil,16546.0,Right Wing,68,Ghana,4885,['b0ffa410-e644-40f7-b3d2-4d40bafce704'],35,,,,,,,,,,,,,,,,Ghana,4885,00:41:35.248,Pass,
,,,,,,,,,,,,,,,,,2.039998,,,,,,,,,,,,,,,f4416297-ca05-4247-a8fd-dba3ce9e6a3b,1195,,"[71.3, 35.7]",3920410,41,,,,-1.1419173,048e4173-2699-4bda-a241-1aa27dc2da19,Right Foot,,,,"[82.0, 12.3]",,Ground Pass,,25.730331,,,,Witiness Chimoio João Quembo,10865.0,True,,,,,1,Regular Play,Alfons Amade,23706.0,Right Defensive Midfield,69,Mozambique,4978,['87cdcefa-db02-4279-8169-c93b58854394'],38,,,,,,,,,,,,,,,,Mozambique,4978,00:41:38.464,Pass,
,,,,,,,,,,,,,,,,,3.557907,,,,,,,,,,,,,,,2c1b5f12-9512-42e8-9a6f-bd13d04e017e,1200,,"[6.7, 40.2]",3920410,42,,,,-0.072804645,,Right Foot,,,,"[68.4, 35.7]",,High Pass,,61.863884,,Incomplete,,Mohammed Kudus,17033.0,,,,,Goal Kick,1,From Goal Kick,Richard Ofori Antwi,68757.0,Goalkeeper,70,Ghana,4885,"['c4a8dcc0-8de1-4316-8aff-b1748138d608', '7a668094-b2ee-44f9-9dc8-742236f43e6b']",17,,,,,,,,,,,,,,,,Ghana,4885,00:42:17.212,Pass,
,,,,,,,,,,,,,,,,,2.668281,,,,,,,,,,,,,,,c4a8dcc0-8de1-4316-8aff-b1748138d608,1202,,"[51.7, 44.4]",3920410,42,,,,-2.3346925,,Head,,,,"[42.6, 34.9]",,High Pass,,13.155227,,,,Alfons Amade,23706.0,,,,,Recovery,1,From Goal Kick,Feliciano João Jone,129475.0,Left Defensive Midfield,70,Ghana,4885,"['2c1b5f12-9512-42e8-9a6f-bd13d04e017e', 'bc0ff73d-028f-4eda-8da6-20e29e2c10f9']",20,,,,,,,,,,,,,,,,Mozambique,4978,00:42:20.770,Pass,
,,,,,,,,,,,,,,,,,0.921407,,,,,,,,,,,,,,,3837eeca-3003-44a7-9265-77e1f2e3b1f0,1205,,"[42.6, 34.4]",3920410,42,,,True,0.07947824,,,,,,"[53.9, 35.3]",,High Pass,,11.335784,,Incomplete,,Witiness Chimoio João Quembo,10865.0,,,,,,1,From Goal Kick,Alfons Amade,23706.0,Right Defensive Midfield,70,Ghana,4885,"['142b755c-9799-4ba4-8719-c71f2c1d4162', '681765f8-c318-4de5-a967-a2c4eaf2a916', 'fe0b26d0-5268-45f7-af63-f5307299d3de']",23,,,,,,,,,,,,,,,,Mozambique,4978,00:42:23.438,Pass,True
,,,,,,,,,,,,,,,,,1.213234,,,,,,,,,,,,,,,3ac74cdc-b2b0-4a18-97f6-29e1153283d1,1210,,"[54.0, 47.0]",3920410,42,,,,1.6726326,,Right Foot,,,,"[51.2, 74.4]",,Ground Pass,,27.542694,,,,Denis Odoi,12259.0,,,,,,1,From Goal Kick,Iddrisu Baba Mohammed,24087.0,Right Defensive Midfield,70,Ghana,4885,['fd00ed9d-5178-4339-b1d0-01cd1fa39d4a'],27,,,,,,,,,,,,,,,,Ghana,4885,00:42:27.202,Pass,
,,,,,,,,,,,,,,,,,4.646709,,,,,,,,,,,,,,,34eb49e0-555e-4bee-9859-167955bccff2,1213,,"[51.6, 75.0]",3920410,42,,,,-0.0031948774,,Right Foot,,,,"[114.2, 74.8]",,High Pass,,62.60032,,Incomplete,,Joseph Paintsil,16546.0,,,,,,1,From Goal Kick,Denis Odoi,12259.0,Right Back,70,Ghana,4885,"['56e37067-8d0c-49e2-8c14-76003691c432', '85bcc5a8-2a0f-4918-b60d-6604e7a47a8a']",30,,,,,,,,,,,,,,,,Ghana,4885,00:42:30.039,Pass,
,,,,,,,,,,,,,,,,,4.079999,,,,,,,,,,,,,,,3f4fae20-3a30-4add-87a5-38312074dd1a,1218,,"[21.7, 3.1]",3920410,42,,,,1.8098162,,Left Foot,,,,"[11.1, 46.6]",,Ground Pass,,44.772873,,,,Edson André Sitoe,3250.0,,True,,,,1,From Goal Kick,Bruno Alberto Langa,106070.0,Left Back,70,Ghana,4885,['060a3a3b-543b-40f6-8902-9dc7f2fd4219'],40,,,,,,,,,,,,,,,,Mozambique,4978,00:42:40.326,Pass,
,,,,,,,,,,,,,,,,,1.545926,,,,,,,,,,,,,,,3cf563c5-58b7-460b-830b-4c95b41605bf,1222,,"[10.4, 47.0]",3920410,42,,,,0.8174859,,Right Foot,,,,"[30.0, 67.9]",,Ground Pass,,28.652575,,Incomplete,,Infren David da Conceição Matola,417067.0,,,,,,1,From Goal Kick,Edson André Sitoe,3250.0,Right Center Back,70,Ghana,4885,"['77508f91-3c2e-4e78-9106-ee923c69738e', 'a1ee1684-2b7a-40a8-a99a-a5a700051b55']",44,,,,,,,,,,,,,,,,Mozambique,4978,00:42:44.806,Pass,
,,,,,,,,,,,,,,,,,0.187629,,,,,,,,,,,,,,,4127910c-8a0f-4b89-85ff-a68e6ae03c15,1226,,"[112.5, 23.1]",3920410,42,,,,1.6396528,,Right Foot,,,,"[112.1, 28.9]",,Ground Pass,,5.813777,,Incomplete,,Mohammed Kudus,17033.0,,,,,,1,From Goal Kick,Jordan Ayew,3450.0,Left Wing,70,Ghana,4885,"['3de07dbf-bce1-49e7-93a4-5e58900aae17', '87c69886-285c-4132-9314-46c9a1958106']",49,,,,,,,,,,,,,,,,Ghana,4885,00:42:49.469,Pass,
,,,,,,,,,,,,,,,,,0.322102,,,,,,,,,,,,,,,ace12832-4136-4e65-860e-542cb0f690c5,1232,,"[3.7, 53.8]",3920410,42,,,,1.0460006,,Right Foot,,,,"[4.8, 55.7]",,Ground Pass,,2.1954498,,Incomplete,,Infren David da Conceição Matola,417067.0,,,,,,1,Regular Play,Edson André Sitoe,3250.0,Right Center Back,71,Mozambique,4978,"['67ef53c3-6995-4442-9d22-c39fe656ee17', '49be0b8c-dce0-4133-8a5f-76dd35dd8ce2', '00121916-f460-4ec6-a76d-9de71efc5d1b']",52,,,,,,,,,,,,,,,,Mozambique,4978,00:42:52.057,Pass,True
,,,,,,,,,,,,,,,,,1.731015,,,,,,,,,,,,,,,4e85b814-6935-4ebd-a5ca-6c3862162793,1235,,"[15.6, 80.0]",3920410,43,,,,-0.24748912,,,,,,"[43.7, 72.9]",,High Pass,,28.983099,,Incomplete,,Ricardo Martins Guimarães,29482.0,,,,,Throw-in,1,From Throw In,Infren David da Conceição Matola,417067.0,Right Back,72,Mozambique,4978,"['dbe9a20b-8a34-4838-85cd-d112702b39e8', 'a9203a59-4741-469f-810a-8712f56f1cf1']",16,,,,,,,,,,,,,,,,Mozambique,4978,00:43:16.069,Pass,
,,,,,,,,,,,,,,,,,1.670353,,,,,,,,,,,,,,,a9203a59-4741-469f-810a-8712f56f1cf1,1237,,"[76.4, 7.2]",3920410,43,,,,0.3705839,,Head,,,,"[92.1, 13.3]",,High Pass,,16.843397,,Incomplete,,Mohammed Kudus,17033.0,,,,,Recovery,1,From Throw In,Gideon Mensah,23615.0,Left Back,72,Mozambique,4978,"['4e85b814-6935-4ebd-a5ca-6c3862162793', '9660c92e-d3f6-4539-ab68-aa6e01ed5cbd', 'ace3d9de-1f97-4f62-9fea-87729083f628']",17,,,,,,,,,,,,,,,,Ghana,4885,00:43:17.800,Pass,
,,,,,,,,,,,,,,,,,0.84,,,,,,,,,,,,,,,9660c92e-d3f6-4539-ab68-aa6e01ed5cbd,1240,,"[28.0, 66.8]",3920410,43,,,True,-0.12576942,,,,,,"[36.7, 65.7]",,Low Pass,,8.769264,,,,Geny Cipriano Catamo,127300.0,,,,,Recovery,1,From Throw In,Feliciano João Jone,129475.0,Left Defensive Midfield,72,Mozambique,4978,"['2c1949c2-403e-44e1-919a-21588da96faa', 'a9203a59-4741-469f-810a-8712f56f1cf1', '64e3ee45-e365-467e-b08a-6fcab1355c48']",19,,,,,,,,,,,,,,,,Mozambique,4978,00:43:19.471,Pass,True
,,,,,,,,,,,,,,,,,1.839998,,,,,,,,,,,,,,,06949810-a193-4490-a3ae-16cbd007148d,1243,,"[36.7, 64.9]",3920410,43,,,,-1.5362529,,Left Foot,,,,"[38.3, 18.6]",,High Pass,,46.327637,,,,Bruno Alberto Langa,106070.0,,True,,,,1,From Throw In,Geny Cipriano Catamo,127300.0,Right Wing,72,Mozambique,4978,['4d70869b-0efd-4f71-91dd-450cbfda67bc'],22,,,,,,,,,,,,,,,,Mozambique,4978,00:43:22.186,Pass,
,,,,,,,,,,,,,,,,,0.849597,,,,,,,,,,,,,,,e528abd8-a006-4acf-9d6a-9ba406192fa6,1246,,"[79.1, 19.0]",3920410,43,,,,0.51406354,,Left Foot,,,,"[96.1, 28.6]",,Ground Pass,,19.52332,,Incomplete,,Ricardo Martins Guimarães,29482.0,,,,,,1,From Throw In,Bruno Alberto Langa,106070.0,Left Back,72,Mozambique,4978,"['c4d1a82e-edbb-4a7a-bd37-eab626d31665', 'b44f0a1a-8091-40a7-82ba-d1326caa2531']",30,,,,,,,,,,,,,,,,Mozambique,4978,00:43:30.414,Pass,
,,,,,,,,,,,,,,,,,2.320061,,,,,,,,,,,,,,,3a5dbe7e-e4d1-432a-9faf-897a6da6e8a4,1254,,"[25.8, 78.5]",3920410,43,,,,-0.093925714,,Right Foot,,,,"[53.4, 75.9]",,Ground Pass,,27.722193,,Incomplete,,Joseph Paintsil,16546.0,,,,,,1,From Throw In,Denis Odoi,12259.0,Right Back,72,Mozambique,4978,"['53188da3-715c-49ef-a823-95f456a59c17', '880b8204-38e0-4c0a-b18d-276a56d5f9cd', 'e19ae547-1fa2-402b-9d4e-1bd2ab1972a0']",36,,,,,,,,,,,,,,,,Ghana,4885,00:43:36.389,Pass,True
,,,,,,,,,,,,,,,,,2.8,,,,,,,,,,,,,,,2d08da00-d3c0-44b0-814b-f5794dbe937e,1258,,"[73.7, 27.0]",3920410,43,,,,1.5450408,,Right Foot,,,,"[74.8, 69.7]",,High Pass,,42.714165,,,,Infren David da Conceição Matola,417067.0,,True,,,,1,From Throw In,Alfons Amade,23706.0,Right Defensive Midfield,72,Mozambique,4978,['475d75be-723d-45e5-975e-44ffa954393b'],46,,,,,,,,,,,,,,,,Mozambique,4978,00:43:46.494,Pass,
,,,,,,,,,,,,,,,,,2.999999,,,,,,,,,,,,,,,0717a3b4-3568-404c-89f2-8eef94afd49c,1261,,"[74.8, 69.2]",3920410,43,,,,-2.307845,,Right Foot,,,,"[63.0, 56.2]",,Ground Pass,,17.556765,,,,Feliciano João Jone,129475.0,,,,,,1,From Throw In,Infren David da Conceição Matola,417067.0,Right Back,72,Mozambique,4978,['7d1b6d53-5a7c-4a3c-8178-3b412583878f'],50,,,,,,,,,,,,,,,,Mozambique,4978,00:43:50.334,Pass,
,,,,,,,,,,,,,,,,,3.323124,,,,,,,,,,,,,,,7d0b947a-2e0f-4be1-b3b1-45919aa5b1c7,1264,,"[70.0, 64.2]",3920410,43,,,,-0.7486413,,Right Foot,,,,"[113.7, 23.6]",,High Pass,,59.64939,,Incomplete,,Witiness Chimoio João Quembo,10865.0,,True,,,,1,From Throw In,Feliciano João Jone,129475.0,Left Defensive Midfield,72,Mozambique,4978,"['408195c0-5515-4be1-98a4-fc558ccb25ca', 'a006f3df-24d8-4959-9f2e-57851d2d9559']",55,,,,,,,,,,,,,,,,Mozambique,4978,00:43:55.613,Pass,
,,,,,,,,,,,,,,,,,2.831543,,,,,,,,,,,,,,,1a9de120-29bd-4f48-b2b4-5c5b3cedf57c,1267,,"[11.6, 50.2]",3920410,44,True,,,0.018003594,,Drop Kick,,,,"[83.8, 51.5]",,High Pass,,72.2117,,,,Antoine Semenyo,9286.0,,,,,,1,From Keeper,Richard Ofori Antwi,68757.0,Goalkeeper,73,Ghana,4885,['6090a4ce-0de7-4983-b514-9b5c9a5a6f94'],22,,,,,,,,,,,,,,,,Ghana,4885,00:44:22.830,Pass,
,,,,,,,,,,,,,,,,,1.680656,,,,,,,,,,,,,,,6df35af1-8cd1-40ce-b894-576a65728f69,1270,,"[75.5, 65.2]",3920410,44,,,,0.8333962,,Right Foot,,,,"[86.4, 77.2]",,Ground Pass,,16.211416,,,,Joseph Paintsil,16546.0,,,,,,1,From Keeper,Antoine Semenyo,9286.0,Center Forward,73,Ghana,4885,['3f43034f-45ad-4116-8333-e68913698def'],28,,,,,,,,,,,,,,,,Ghana,4885,00:44:28.880,Pass,
,,,,,,,,,,,,,,,,,1.615461,,,,,,,,,,,,,,,f01c34a9-d089-4959-afa6-4de3f367631a,1273,,"[86.4, 78.9]",3920410,44,,,,-3.01568,,Right Foot,,,,"[62.7, 75.9]",,Ground Pass,,23.889118,,,,Denis Odoi,12259.0,,,,,,1,From Keeper,Joseph Paintsil,16546.0,Right Wing,73,Ghana,4885,['49258310-36db-403b-8455-2912164c4238'],33,,,,,,,,,,,,,,,,Ghana,4885,00:44:33.848,Pass,
,,,,,,,,,,,,,,,,,1.683636,,,,,,,,,,,,,,,1fa3664c-baaa-48f3-b837-845b8176f420,1276,,"[62.7, 75.9]",3920410,44,,,,-2.562953,,Right Foot,,,,"[50.3, 67.8]",,Ground Pass,,14.811145,,,,Alexander Djiku,2989.0,,,,,,1,From Keeper,Denis Odoi,12259.0,Right Back,73,Ghana,4885,['fdee2bbf-6494-40a8-93ba-b9e606cfbcd5'],36,,,,,,,,,,,,,,,,Ghana,4885,00:44:36.375,Pass,
,,,,,,,,,,,,,,,,,2.485936,,,,,,,,,,,,,,,0b25ec30-0385-4762-b2b8-c9ec9bd8a5bd,1279,,"[54.5, 69.8]",3920410,44,,,,-2.2752905,,Right Foot,,,,"[37.5, 49.8]",,Ground Pass,,26.24881,,,,Mohamed Salisu,30519.0,,,,,,1,From Keeper,Alexander Djiku,2989.0,Right Center Back,73,Ghana,4885,['fe2ca345-7740-4078-b273-c145b49d9722'],41,,,,,,,,,,,,,,,,Ghana,4885,00:44:41.397,Pass,
,,,,,,,,,,,,,,,,,2.672588,,,,,,,,,,,,,,,0622cd03-8610-492f-bc96-0a74a07852c8,1282,,"[36.6, 50.2]",3920410,44,,,,-1.1395303,,Left Foot,,,,"[54.5, 11.3]",,Ground Pass,,42.82079,,,,Gideon Mensah,23615.0,,,,,,1,From Keeper,Mohamed Salisu,30519.0,Left Center Back,73,Ghana,4885,['196bf0ca-681c-41e6-a3cc-328165561b28'],45,,,,,,,,,,,,,,,,Ghana,4885,00:44:45.555,Pass,
,,,,,,,,,,,,,,,,,0.815873,,,,,,,,,,,,,,,bc935bc5-468a-422b-8785-cf7302326163,1287,,"[40.1, 2.6]",3920410,44,,,,-0.065199554,,Left Foot,,,,"[69.2, 0.7]",,High Pass,,29.16196,,Out,,Mohammed Kudus,17033.0,,,,,,1,From Keeper,Gideon Mensah,23615.0,Left Back,73,Ghana,4885,"['fb2267ec-f552-4dc1-9f54-278024b06ebe', '398f2282-de0f-4cc0-85cf-0cf5c7faffc5']",51,,,,,,,,,,,,,,,,Ghana,4885,00:44:51.985,Pass,True
,,,,,,,,,,,,,,,,,2.92,,,,,,,,,,,,,,,adb0d60f-8d68-4340-bf66-979f9c78f76c,1289,,"[50.0, 80.0]",3920410,45,,,,-1.0645388,,,,,,"[55.6, 69.9]",,Low Pass,,11.548593,,,,Infren David da Conceição Matola,417067.0,,,,,Throw-in,1,From Throw In,Geny Cipriano Catamo,127300.0,Right Wing,74,Mozambique,4978,['e50b81b8-16b2-4e79-ae1b-99884cec6ade'],5,,,,,,,,,,,,,,,,Mozambique,4978,00:45:05.333,Pass,
,,,,,,,,,,,,,,,,,2.079998,,,,,,,,,,,,,,,88e9eded-ddd3-446b-9f5a-eddb08e40e5d,1292,,"[63.0, 72.3]",3920410,45,,,,-2.288272,,Right Foot,,,,"[49.3, 56.6]",,Ground Pass,,20.836987,,,,Feliciano João Jone,129475.0,,,,,,1,From Throw In,Infren David da Conceição Matola,417067.0,Right Back,74,Mozambique,4978,['3d048d82-0935-4e48-9bda-0b5ac8e998b9'],8,,,,,,,,,,,,,,,,Mozambique,4978,00:45:08.613,Pass,
,,,,,,,,,,,,,,,,,2.119998,,,,,,,,,,,,,,,f0fbd5c6-7e8f-4e4e-bed2-a6b1ee8c936f,1295,,"[56.3, 42.9]",3920410,45,,,,-1.43766,,Right Foot,,,,"[59.3, 20.5]",,Ground Pass,,22.6,,,,Alfons Amade,23706.0,,,,,,1,From Throw In,Feliciano João Jone,129475.0,Left Defensive Midfield,74,Mozambique,4978,['f53dfb4b-424d-46a8-b495-896a452e255d'],14,,,,,,,,,,,,,,,,Mozambique,4978,00:45:14.213,Pass,
,,,,,,,,,,,,,,,,,1.2,,,,,,,,,,,,,,,eee4ca91-05fe-4e81-b13f-77aed9b8d219,1298,,"[59.1, 19.9]",3920410,45,,,,-1.4192945,,Left Foot,,,,"[61.1, 6.8]",,Ground Pass,,13.251792,,,,Bruno Alberto Langa,106070.0,,,,,,1,From Throw In,Alfons Amade,23706.0,Right Defensive Midfield,74,Mozambique,4978,['fac282de-1ac3-4b86-ae7a-bee6653950c0'],17,,,,,,,,,,,,,,,,Mozambique,4978,00:45:17.293,Pass,
,,,,,,,,,,,,,,,,,1.6,,,,,,,,,,,,,,,9e5b338c-e250-42a0-afae-2ad2c2c79ceb,1301,,"[61.1, 4.9]",3920410,45,,,,1.5922984,,Left Foot,,,,"[60.9, 14.2]",,Ground Pass,,9.302151,,,,Feliciano João Jone,129475.0,,,,,,1,From Throw In,Bruno Alberto Langa,106070.0,Left Back,74,Mozambique,4978,['d2dcdf3e-3c9a-4193-8c41-ca33e5b15756'],21,,,,,,,,,,,,,,,,Mozambique,4978,00:45:21.773,Pass,
,,,,,,,,,,,,,,,,,1.239998,,,,,,,,,,,,,,,cd2f3076-05b9-4857-822f-fbdfc529ae4c,1304,,"[60.9, 14.2]",3920410,45,,,,2.3384972,,Right Foot,,,,"[49.8, 25.7]",,Ground Pass,,15.983116,,,,Reinildo Isnard Mandava,10848.0,,,,,,1,From Throw In,Feliciano João Jone,129475.0,Left Defensive Midfield,74,Mozambique,4978,['99c96c55-5d74-43be-a830-69dcb7404843'],23,,,,,,,,,,,,,,,,Mozambique,4978,00:45:23.613,Pass,
,,,,,,,,,,,,,,,,,1.519998,,,,,,,,,,,,,,,1f36ec25-7c4d-420c-b2a1-ec0edefeb633,1307,,"[49.3, 26.2]",3920410,45,,,,1.2521905,,Left Foot,,,,"[55.6, 45.3]",,Ground Pass,,20.112185,,,,Ricardo Martins Guimarães,29482.0,,,,,,1,From Throw In,Reinildo Isnard Mandava,10848.0,Left Center Back,74,Mozambique,4978,['135cf175-b1cd-4149-80b9-30880e848946'],26,,,,,,,,,,,,,,,,Mozambique,4978,00:45:26.133,Pass,
,,,,,,,,,,,,,,,,,1.279999,,,,,,,,,,,,,,,b3f5da63-ba58-40da-ae80-d7d3005e28de,1311,,"[55.9, 44.9]",3920410,45,,,,2.4429328,,Right Foot,,,,"[40.9, 57.5]",,Ground Pass,,19.589794,,,,Edson André Sitoe,3250.0,,,,,,1,From Throw In,Ricardo Martins Guimarães,29482.0,Center Attacking Midfield,74,Mozambique,4978,"['f68b4d9f-0fe3-4598-957d-0c7781de9d56', '2060f77d-acff-4144-846c-0f89694e0148']",27,,,,,,,,,,,,,,,,Mozambique,4978,00:45:27.705,Pass,True
,,,,,,,,,,,,,,,,,2.039999,,,,,,,,,,,,,,,be6d7d47-7991-4962-a1f7-da177ad5442b,1314,,"[40.9, 57.9]",3920410,45,,,,0.67414284,,Right Foot,,,,"[61.3, 74.2]",,Ground Pass,,26.112257,,,,Infren David da Conceição Matola,417067.0,,,,,,1,From Throw In,Edson André Sitoe,3250.0,Right Center Back,74,Mozambique,4978,['8e780ec3-de86-4be1-b7dd-abf7f3ef1218'],29,,,,,,,,,,,,,,,,Mozambique,4978,00:45:29.942,Pass,
,,,,,,,,,,,,,,,,,1.999999,,,,,,,,,,,,,,,ecbd6c4b-57fd-4286-ac34-aed206018df5,1318,,"[56.7, 74.0]",3920410,45,,,,-2.751304,,Left Foot,,,,"[40.9, 67.5]",,Ground Pass,,17.08479,,,,Edson André Sitoe,3250.0,,,,,,1,From Throw In,Infren David da Conceição Matola,417067.0,Right Back,74,Mozambique,4978,"['a9f97fdd-ef42-432c-919f-c3474073a743', '398f7ebc-c571-4a39-b19f-5d26dfc3bd42']",35,,,,,,,,,,,,,,,,Mozambique,4978,00:45:35.112,Pass,True
,,,,,,,,,,,,,,,,,2.44,,,,,,,,,,,,,,,1dbd1efa-6b1e-45fc-aebe-04cce6cf8286,1321,,"[38.0, 67.0]",3920410,45,,,,-1.6096783,,Right Foot,,,,"[36.3, 23.3]",,Ground Pass,,43.733055,,,,Reinildo Isnard Mandava,10848.0,,True,,,,1,From Throw In,Edson André Sitoe,3250.0,Right Center Back,74,Mozambique,4978,['7572ba63-bf31-4eb0-9c68-155c38d7ea12'],37,,,,,,,,,,,,,,,,Mozambique,4978,00:45:37.872,Pass,
,,,,,,,,,,,,,,,,,1.199996,,,,,,,,,,,,,,,2243d6f1-a0c4-4dd2-b8f5-9b2fb13418ef,1324,,"[40.0, 22.5]",3920410,45,,,,-0.11816835,,Left Foot,,,,"[61.9, 19.9]",,Ground Pass,,22.053799,,,,Alfons Amade,23706.0,,,,,,1,From Throw In,Reinildo Isnard Mandava,10848.0,Left Center Back,74,Mozambique,4978,['c2ea4833-24e7-4632-b762-7ce040750837'],41,,,,,,,,,,,,,,,,Mozambique,4978,00:45:41.912,Pass,
,,,,,,,,,,,,,,,,,1.64,,,,,,,,,,,,,,,0c760528-f412-4a59-9464-27e9e9a1dc17,1328,,"[55.4, 21.2]",3920410,45,,,,1.6192433,,Right Foot,,,,"[54.6, 37.7]",,Ground Pass,,16.519382,,,,Feliciano João Jone,129475.0,,,,,,1,From Throw In,Alfons Amade,23706.0,Right Defensive Midfield,74,Mozambique,4978,"['105d14a2-a51a-45f8-b891-0512f8edb275', '864b207a-45cc-4056-9d44-a43fc7b6aa73']",44,,,,,,,,,,,,,,,,Mozambique,4978,00:45:44.112,Pass,True
,,,,,,,,,,,,,,,,,1.48,,,,,,,,,,,,,,,283e9760-4c43-4b47-82dd-09f075909926,1331,,"[54.6, 34.2]",3920410,45,,,,-0.68231654,,Right Foot,,,,"[70.6, 21.2]",,Ground Pass,,20.615528,,,,Witiness Chimoio João Quembo,10865.0,,,,,,1,From Throw In,Feliciano João Jone,129475.0,Left Defensive Midfield,74,Mozambique,4978,['1a2e3b62-d4ae-448c-bef7-fd4683bfa0b3'],47,,,,,,,,,,,,,,,,Mozambique,4978,00:45:47.152,Pass,
,,,,,,,,,,,,,,,,,1.28,,,,,,,,,,,,,,,24d74bde-5c13-493d-aeff-7da36d6e6dd0,1335,,"[77.6, 13.6]",3920410,45,,,,-1.0736247,,Right Foot,,,,"[84.6, 0.7]",,Ground Pass,,14.676852,,,,Bruno Alberto Langa,106070.0,,,,,,1,From Throw In,Witiness Chimoio João Quembo,10865.0,Left Wing,74,Mozambique,4978,"['52c4f8aa-f72f-44cc-8187-83ab87a5a125', '8a2ef88b-90a8-4b68-8eeb-9e86fb11d07b']",50,,,,,,,,,,,,,,,,Mozambique,4978,00:45:50.072,Pass,True
,,,,,,,,,,,,,,,,,1.782297,,,,,,,,,,,,,,,36f05a8d-f3bd-46dd-b29c-c775065b9146,1338,,"[87.4, 3.6]",3920410,45,,,,1.2321392,,Left Foot,,,,"[96.1, 28.3]",,Ground Pass,,26.1874,,Incomplete,,Geny Cipriano Catamo,127300.0,,,,,,1,From Throw In,Bruno Alberto Langa,106070.0,Left Back,74,Mozambique,4978,"['3d4651c6-fa3b-4413-b2f3-48951affe2e4', '112387fe-f394-4619-a4f7-c99a90bfb970']",53,,,,,,,,,,,,,,,,Mozambique,4978,00:45:53.007,Pass,
,,,,,,,,,,,,,,,,,1.429341,,,,,,,,,,,,,,,3d4651c6-fa3b-4413-b2f3-48951affe2e4,1340,,"[24.0, 51.8]",3920410,45,,,,0.38211668,,Left Foot,,,,"[34.7, 56.1]",,Ground Pass,,11.531695,,,,Joseph Paintsil,16546.0,,,,,Recovery,1,Regular Play,Salis Abdul Samed,31029.0,Left Defensive Midfield,75,Ghana,4885,"['36f05a8d-f3bd-46dd-b29c-c775065b9146', 'b34f97dd-436f-4dfc-8034-f5252b48a4d3']",54,,,,,,,,,,,,,,,,Ghana,4885,00:45:54.790,Pass,
,,,,,,,,,,,,,,,,,4.926518,,,,,,,,,,,,,,,367a3e0d-ff90-4ad4-b97b-ee6f768477b4,1347,,"[55.8, 53.5]",3920410,46,,,,0.44237423,,Left Foot,,,,"[107.1, 77.8]",,Ground Pass,,56.764248,,Unknown,,Antoine Semenyo,9286.0,,,,,,1,Regular Play,Joseph Paintsil,16546.0,Right Wing,75,Ghana,4885,['378de50f-79b5-4f67-b550-31de7da4e55c'],0,,,,,,,,,,,,,,,,Ghana,4885,00:46:00.166,Pass,
,,,,,,,,,,,,,,,,,0.399999,,,,,,,,,,,,,,,3de83cab-e69a-4d05-8f9e-54a685f20f11,1352,,"[13.9, 4.2]",3920410,46,True,,,1.6132708,,Left Foot,,,,"[12.2, 44.2]",,Ground Pass,,40.03611,,,,Edson André Sitoe,3250.0,,True,,,Free Kick,1,From Free Kick,Reinildo Isnard Mandava,10848.0,Left Center Back,76,Mozambique,4978,['e94810b4-8351-425e-ae30-b1a2471e9ee0'],16,,,,,,,,,,,,,,,,Mozambique,4978,00:46:16.105,Pass,
,,,,,,,,,,,,,,,,,1.64,,,,,,,,,,,,,,,e67beea2-1e9d-446f-8aad-cf9ab478ecd1,1354,,"[12.2, 44.2]",3920410,46,,,,0.91153646,,Right Foot,,,,"[36.3, 75.3]",,Ground Pass,,39.344887,,,,Infren David da Conceição Matola,417067.0,,,,,,1,From Free Kick,Edson André Sitoe,3250.0,Right Center Back,76,Mozambique,4978,['b9b2d42d-ef67-4759-a240-922c1f9375b2'],17,,,,,,,,,,,,,,,,Mozambique,4978,00:46:17.905,Pass,
,,,,,,,,,,,,,,,,,1.2,,,,,,,,,,,,,,,6f2e1787-7335-4081-929b-226c4cfb4bb0,1357,,"[37.2, 74.9]",3920410,46,,,,-0.83500284,,Right Foot,,,,"[43.9, 67.5]",,Ground Pass,,9.982485,,,,Ricardo Martins Guimarães,29482.0,,,,,,1,From Free Kick,Infren David da Conceição Matola,417067.0,Right Back,76,Mozambique,4978,['35b1b050-3c2c-4135-99fa-6138d6da4576'],20,,,,,,,,,,,,,,,,Mozambique,4978,00:46:20.865,Pass,
,,,,,,,,,,,,,,,,,1.56,,,,,,,,,,,,,,,d2f45aaa-051b-4ee6-8dbc-086b4a1fca14,1360,,"[54.3, 64.2]",3920410,46,,,,0.5761186,,Right Foot,,,,"[68.0, 73.1]",,Low Pass,,16.337074,,,,Infren David da Conceição Matola,417067.0,,,,,,1,From Free Kick,Ricardo Martins Guimarães,29482.0,Center Attacking Midfield,76,Mozambique,4978,['4a170b3e-20a6-4d2e-8517-ddd17c30c775'],26,,,,,,,,,,,,,,,,Mozambique,4978,00:46:26.181,Pass,
,,,,,,,,,,,,,,,,,0.596469,,,,,,,,,,,,,,,cd61560f-fc90-4c70-89f3-47f7da8f4271,1364,,"[90.6, 72.5]",3920410,46,,,,-1.5346675,,Right Foot,,,,"[90.9, 64.2]",,Ground Pass,,8.30542,,Incomplete,,Geny Cipriano Catamo,127300.0,,,,,,1,From Free Kick,Infren David da Conceição Matola,417067.0,Right Back,76,Mozambique,4978,"['03cda034-0939-4d5c-846e-99aacc342cd6', '561cd5df-6155-4697-97b0-16940bb9ede9']",32,,,,,,,,,,,,,,,,Mozambique,4978,00:46:32.781,Pass,
,,,,,,,,,,,,,,,,,2.810435,,,,,,,,,,,,,,,d3b7c631-a5c3-42d1-969f-9193d908e46a,1378,,"[41.8, 21.8]",3920410,46,,True,,-1.6493381,,Left Foot,,,,"[40.1, 0.2]",,Ground Pass,,21.666796,,Injury Clearance,,,,,,,,,1,Regular Play,Mohammed Kudus,17033.0,Center Attacking Midfield,77,Ghana,4885,,45,,,,,,,,,,,,,,,,Ghana,4885,00:46:45.001,Pass,
,,,,,,,,,,,,,,,,,2.469394,,,,,,,,,,,,,,,39bb869b-d7a2-4e9d-8f4b-b6b8d2f62ee1,1381,,"[86.1, 80.0]",3920410,48,,,,-0.8687166,,,,,,"[107.5, 54.7]",,Low Pass,,33.136837,,Injury Clearance,,Witiness Chimoio João Quembo,10865.0,,,,,Throw-in,1,From Throw In,Ricardo Martins Guimarães,29482.0,Center Attacking Midfield,78,Mozambique,4978,['905482e1-bbcc-46b3-851e-4c291569ec79'],14,,,,,,,,,,,,,,,,Mozambique,4978,00:48:14.923,Pass,
,,,,,,,,,,,,,,,,,3.286924,,,,,,,,,,,,,,,f071f575-3d3f-4a67-abf7-b9f905e392e5,1385,,"[25.8, 17.0]",3920410,48,,,,0.10392883,,Left Foot,,,,"[86.2, 23.3]",,High Pass,,60.727673,,Incomplete,,Denis Odoi,12259.0,,,,,,1,From Throw In,Mohamed Salisu,30519.0,Left Center Back,78,Mozambique,4978,"['22276404-4664-4359-bcd1-0d18ce99285e', '21ea3e28-be41-440a-ab45-6b59e54206ce']",25,,,,,,,,,,,,,,,,Ghana,4885,00:48:25.068,Pass,
,,,,,,,,,,,,,,,,,1.676824,,,,,,,,,,,,,,,21ea3e28-be41-440a-ab45-6b59e54206ce,1388,,"[33.9, 56.8]",3920410,48,,,True,0.2480321,,,,,,"[49.3, 60.7]",,High Pass,,15.886157,,,,Feliciano João Jone,129475.0,,,,,Recovery,1,From Throw In,Edson André Sitoe,3250.0,Right Center Back,78,Mozambique,4978,"['0031b5f0-6d64-4f14-984c-d64d2aaf4059', 'd9ebe84a-4dad-4a86-bd84-c0c87cb06fde', 'f071f575-3d3f-4a67-abf7-b9f905e392e5']",28,,,,,,,,,,,,,,,,Mozambique,4978,00:48:28.355,Pass,True
,,,,,,,,,,,,,,,,,1.732253,,,,,,,,,,,,,,,26380634-7184-4ebe-84fa-f41cd2ecb321,1390,,"[49.3, 60.7]",3920410,48,,,,-1.6967089,,Head,,,,"[46.3, 37.0]",,High Pass,,23.889118,,,,Alfons Amade,23706.0,,,,,,1,From Throw In,Feliciano João Jone,129475.0,Left Defensive Midfield,78,Mozambique,4978,['d845fc90-c746-4573-877a-471026fac9ef'],30,,,,,,,,,,,,,,,,Mozambique,4978,00:48:30.152,Pass,
,,,,,,,,,,,,,,,,,2.031426,,,,,,,,,,,,,,,02a101ad-87ac-43cd-a031-051b3245f032,1394,,"[51.7, 35.7]",3920410,48,,,,0.119428925,,Right Foot,,,,"[66.7, 37.5]",,High Pass,,15.107614,,Incomplete,,Pachoio Lau Há King,106082.0,,,,,,1,From Throw In,Alfons Amade,23706.0,Right Defensive Midfield,78,Mozambique,4978,"['0d22aeb2-0fc8-4afb-b28b-ff20f6b09ecf', '2b97a924-6443-421d-b0be-e80af1b1d6fa', '51fb58e0-1eb4-4871-921a-9dc4409bd597']",32,,,,,,,,,,,,,,,,Mozambique,4978,00:48:32.764,Pass,True
,,,,,,,,,,,,,,,,,1.164286,,,,,,,,,,,,,,,0d22aeb2-0fc8-4afb-b28b-ff20f6b09ecf,1396,,"[53.4, 42.6]",3920410,48,,,,0.41012734,,Other,,,,"[64.9, 47.6]",,Low Pass,,12.539936,,Incomplete,,Iddrisu Baba Mohammed,24087.0,,,,,Recovery,1,From Throw In,Alexander Djiku,2989.0,Right Center Back,78,Mozambique,4978,"['e6df679c-97a6-453b-9e01-c0ed63c1ff61', '0a62da30-4893-4290-9ca4-07c46b07f94c', '02a101ad-87ac-43cd-a031-051b3245f032']",34,,,,,,,,,,,,,,,,Ghana,4885,00:48:34.796,Pass,
,,,,,,,,,,,,,,,,,1.309838,,,,,,,,,,,,,,,a0f6de4b-cc9c-4718-9012-ffaae656845f,1403,,"[67.5, 50.2]",3920410,48,,,,-0.12090276,ef22d437-d459-449f-98ea-1ee43cc0c461,Right Foot,,,,"[78.2, 48.9]",,Ground Pass,,10.778683,,,,Mohammed Kudus,17033.0,True,,,,,1,From Counter,Iddrisu Baba Mohammed,24087.0,Right Defensive Midfield,79,Ghana,4885,"['81978a51-7a4b-4ae4-9f8c-f3573cc28a55', '549006ce-48bc-4317-b8a8-3feb23924dc2']",37,,,,,,,,,,,,,,,,Ghana,4885,00:48:37.673,Pass,True
,,,,,,,,,,,,,,,,,2.519993,,,,,,,,,,,,,,,374964c3-a4c4-42a7-bf67-800c706875d2,1408,,"[4.3, 37.7]",3920410,49,True,,,0.5469661,,Right Foot,,,,"[22.2, 48.6]",,Ground Pass,,20.957577,,,,Edson André Sitoe,3250.0,,,,,Goal Kick,1,From Goal Kick,Ivane Carminio Francisco Urrubal,161718.0,Goalkeeper,80,Mozambique,4978,['38ba7e03-1d82-48fd-83a5-aa1890c87ccb'],0,,,,,,,,,,,,,,,,Mozambique,4978,00:49:00.581,Pass,
,,,,,,,,,,,,,,,,,1.32,,,,,,,,,,,,,,,95631741-5a46-4a4f-8fcf-6d70db0472ec,1410,,"[21.9, 48.3]",3920410,49,,,,1.1402954,,Left Foot,,,,"[32.6, 71.6]",,Ground Pass,,25.639423,,,,Infren David da Conceição Matola,417067.0,,,,,,1,From Goal Kick,Edson André Sitoe,3250.0,Right Center Back,80,Mozambique,4978,['1cbb053c-b9ac-4d27-bfa4-4dafba249b97'],6,,,,,,,,,,,,,,,,Mozambique,4978,00:49:06.615,Pass,
,,,,,,,,,,,,,,,,,1.6,,,,,,,,,,,,,,,81415295-8c1b-4ded-9833-0d9ce0518bd7,1414,,"[32.6, 72.3]",3920410,49,,,,-1.6623762,,Right Foot,,,,"[31.7, 62.5]",,Ground Pass,,9.84124,,,,Edson André Sitoe,3250.0,,,,,,1,From Goal Kick,Infren David da Conceição Matola,417067.0,Right Back,80,Mozambique,4978,['66f809c6-8a4c-4225-a7bd-201d8c97729b'],9,,,,,,,,,,,,,,,,Mozambique,4978,00:49:09.234,Pass,
,,,,,,,,,,,,,,,,,1.68,,,,,,,,,,,,,,,aabed8ff-73f4-4a0c-bba5-c0d6b3252396,1417,,"[31.7, 62.3]",3920410,49,,,,-1.5128139,,Right Foot,,,,"[33.9, 24.4]",,Ground Pass,,37.9638,,,,Reinildo Isnard Mandava,10848.0,,,,,,1,From Goal Kick,Edson André Sitoe,3250.0,Right Center Back,80,Mozambique,4978,['3e6e8c58-4d72-4afd-b3e0-39373f8621a3'],12,,,,,,,,,,,,,,,,Mozambique,4978,00:49:12.074,Pass,
,,,,,,,,,,,,,,,,,1.193341,,,,,,,,,,,,,,,658f45eb-38a9-4c38-bbd7-b8267b40962f,1420,,"[33.7, 24.2]",3920410,49,,,,-0.038941342,,Left Foot,,,,"[49.1, 23.6]",,Ground Pass,,15.411684,,Incomplete,,Feliciano João Jone,129475.0,,,,,,1,From Goal Kick,Reinildo Isnard Mandava,10848.0,Left Center Back,80,Mozambique,4978,"['650d6fe0-881b-4406-bb07-cb5dc276380a', 'a34483ed-50ed-412d-b924-05972418c5fa']",15,,,,,,,,,,,,,,,,Mozambique,4978,00:49:15.074,Pass,
,,,,,,,,,,,,,,,,,0.714806,,,,,,,,,,,,,,,91dc3171-75c1-4d26-aa97-a3df47bce464,1425,,"[64.2, 61.8]",3920410,49,,,,1.5707964,,Right Foot,,,,"[64.2, 71.5]",,Ground Pass,,9.7,,,,Joseph Paintsil,16546.0,,,,,,1,Regular Play,Antoine Semenyo,9286.0,Center Forward,81,Ghana,4885,['9c92506e-2ead-4299-a6cb-8fe09cea9eef'],17,,,,,,,,,,,,,,,,Ghana,4885,00:49:17.966,Pass,
,,,,,,,,,,,,,,,,,0.903318,,,,,,,,,,,,,,,c4d00550-4c7d-48a6-ac48-9b952779abc6,1428,,"[63.8, 71.3]",3920410,49,,,,-1.8655264,,Right Foot,,,,"[62.1, 65.7]",,Ground Pass,,5.8523498,,,,Antoine Semenyo,9286.0,,,,,,1,Regular Play,Joseph Paintsil,16546.0,Right Wing,81,Ghana,4885,['abad27fb-7061-4bc8-b9e1-e506e47f6fb5'],19,,,,,,,,,,,,,,,,Ghana,4885,00:49:19.724,Pass,
,,,,,,,,,,,,,,,,,0.395995,,,,,,,,,,,,,,,27816a41-e605-433a-adfe-25fc8ff82e2f,1430,,"[61.8, 65.2]",3920410,49,,,,1.4324454,,Right Foot,,,,"[62.9, 73.1]",,Ground Pass,,7.9762144,,,,Joseph Paintsil,16546.0,,,,,,1,Regular Play,Antoine Semenyo,9286.0,Center Forward,81,Ghana,4885,['a6824796-6c63-4295-ac25-bd463c05c5f3'],20,,,,,,,,,,,,,,,,Ghana,4885,00:49:20.628,Pass,
,,,,,,,,,,,,,,,,,0.799712,,,,,,,,,,,,,,,97e2e854-9102-4fe9-9486-e3bb5b2e83ee,1433,,"[61.8, 73.3]",3920410,49,,,,-1.896157,,Right Foot,,,,"[59.0, 65.0]",,Ground Pass,,8.759566,,,,Iddrisu Baba Mohammed,24087.0,,,,,,1,Regular Play,Joseph Paintsil,16546.0,Right Wing,81,Ghana,4885,['6152d1a6-33b8-4b8e-9dd4-d60ba53e638f'],22,,,,,,,,,,,,,,,,Ghana,4885,00:49:22.521,Pass,
,,,,,,,,,,,,,,,,,1.232995,,,,,,,,,,,,,,,5cc3a609-8a5f-4583-8451-3e7093802505,1437,,"[58.4, 70.2]",3920410,49,,,,0.6237017,,Right Foot,,,,"[66.6, 76.1]",,Ground Pass,,10.10198,,,,Denis Odoi,12259.0,,,,,,1,Regular Play,Iddrisu Baba Mohammed,24087.0,Right Defensive Midfield,81,Ghana,4885,"['41282c44-1496-4a6a-98bc-fc8087c874e4', 'b6afeed2-482f-48f1-ac75-9f360cc47745']",25,,,,,,,,,,,,,,,,Ghana,4885,00:49:25.772,Pass,True
,,,,,,,,,,,,,,,,,2.084165,,,,,,,,,,,,,,,1a9fffb7-247c-4e87-ba4e-484f8a6aa3c9,1440,,"[67.1, 76.1]",3920410,49,,,,-1.5929166,,Right Foot,,,,"[66.6, 53.5]",,Ground Pass,,22.60553,,,,Salis Abdul Samed,31029.0,,,,,,1,Regular Play,Denis Odoi,12259.0,Right Back,81,Ghana,4885,['24dd48fe-4e3d-4651-97fa-63871d263503'],28,,,,,,,,,,,,,,,,Ghana,4885,00:49:28.625,Pass,
,,,,,,,,,,,,,,,,,2.772463,,,,,,,,,,,,,,,43d4b67e-cc88-4fe3-9770-15b33cf2912f,1443,,"[65.3, 48.1]",3920410,49,,,,-1.426135,,Right Foot,,,,"[71.2, 7.6]",,Ground Pass,,40.927498,,,,Gideon Mensah,23615.0,,True,,,,1,Regular Play,Salis Abdul Samed,31029.0,Left Defensive Midfield,81,Ghana,4885,['6225234c-0740-4996-91d5-891e734762ec'],31,,,,,,,,,,,,,,,,Ghana,4885,00:49:31.567,Pass,
,,,,,,,,,,,,,,,,,1.358858,,,,,,,,,,,,,,,2cc1c0be-eb64-4fa5-a336-06a774864a5f,1446,,"[91.2, 13.1]",3920410,49,,,,-0.45815316,,Left Foot,,,,"[105.8, 5.9]",,Ground Pass,,16.27882,,,,Jordan Ayew,3450.0,,,,,,1,Regular Play,Gideon Mensah,23615.0,Left Back,81,Ghana,4885,['f740b69c-98a7-495a-8a40-1a402416e840'],37,,,,,,,,,,,,,,,,Ghana,4885,00:49:37.404,Pass,
,,,,,,,,,,,,,,,,,1.260365,,,,,,,,,,,,,,,e1b24ea2-6a6c-423a-bfa6-c02c87523bbf,1449,,"[105.8, 5.9]",3920410,49,,,,3.1071236,,Left Foot,,,,"[94.2, 6.3]",,Ground Pass,,11.6068945,,,,Gideon Mensah,23615.0,,,,,,1,Regular Play,Jordan Ayew,3450.0,Left Wing,81,Ghana,4885,['3a75296c-f224-4de2-a4d2-f73b167b484c'],40,,,,,,,,,,,,,,,,Ghana,4885,00:49:40.051,Pass,
,,,,,,,,,,,,,,,,,0.909671,,,,,,,,,,,,,,,7cda6c02-517d-4f8d-a98f-90ad530d5771,1452,,"[99.7, 6.3]",3920410,49,,,,0.0,,Left Foot,,,,"[106.6, 6.3]",,Ground Pass,,6.9,,,,Jordan Ayew,3450.0,,,,,,1,Regular Play,Gideon Mensah,23615.0,Left Back,81,Ghana,4885,['9c69115d-120b-4633-8570-6f8a7bbfa4d2'],41,,,,,,,,,,,,,,,,Ghana,4885,00:49:41.899,Pass,
,,,,,,,,,,,,,,,,,1.36864,,,,,,,,,,,,,,,ea984dc9-2ba9-4c3e-872f-7530d90349b1,1455,,"[106.6, 6.3]",3920410,49,,,,0.7411792,,Right Foot,,,,"[112.5, 11.7]",,Ground Pass,,7.9981246,,,,Gideon Mensah,23615.0,,,,,,1,Regular Play,Jordan Ayew,3450.0,Left Wing,81,Ghana,4885,['36fa8667-80db-44af-8969-29f926ec2997'],43,,,,,,,,,,,,,,,,Ghana,4885,00:49:43.280,Pass,
,,,,,,,,,,,,,,,,,2.052591,,,,,,,,,,,,,,,ccac6f30-51f3-460a-af18-334fbe2762d2,1458,,"[113.8, 13.3]",3920410,49,,,,1.9523666,,Left Foot,True,,,"[100.8, 45.7]",,Ground Pass,,34.910744,,Unknown,,Mohammed Kudus,17033.0,,,,,,1,Regular Play,Gideon Mensah,23615.0,Left Back,81,Ghana,4885,['f5562854-ca40-4a88-8355-cc55018cf06e'],45,,,,,,,,,,,,,,,,Ghana,4885,00:49:45.303,Pass,
,,,,,,,,,,,,,,,,,1.111126,,,,,,,,,,,,,,,9d81d595-e7f1-4861-b775-57f4647841dd,1469,,"[60.0, 40.0]",3920410,45,,,,-2.6649165,,Left Foot,,,,"[47.8, 33.7]",,Ground Pass,,13.730622,,,,Salis Abdul Samed,31029.0,,,,,Kick Off,2,From Kick Off,André Ayew Pelé,3347.0,Center Forward,82,Ghana,4885,['040cb8e7-4f52-4356-b97f-39f40ec67e24'],1,,,,,,,,,,,,,,,,Ghana,4885,00:00:01.310,Pass,
,,,,,,,,,,,,,,,,,1.039949,,,,,,,,,,,,,,,85c0b439-f673-442a-a3e3-1b2e772c5adf,1472,,"[47.8, 33.5]",3920410,45,,,,1.0908458,,Right Foot,,,,"[55.4, 48.1]",,Ground Pass,,16.459648,,,,Mohammed Kudus,17033.0,,,,,,2,From Kick Off,Salis Abdul Samed,31029.0,Left Defensive Midfield,82,Ghana,4885,['554c14fd-7812-47ef-b423-96ed1a4baca0'],3,,,,,,,,,,,,,,,,Ghana,4885,00:00:03.367,Pass,
,,,,,,,,,,,,,,,,,1.411471,,,,,,,,,,,,,,,b59ffa0e-b3fd-497b-b0b5-dbcc4a0c154f,1475,,"[56.8, 47.7]",3920410,45,,,,2.3180451,,Left Foot,,,,"[44.2, 61.3]",,Ground Pass,,18.539688,,,,Iddrisu Baba Mohammed,24087.0,,,,,,2,From Kick Off,Mohammed Kudus,17033.0,Center Attacking Midfield,82,Ghana,4885,"['ea394955-2552-46e3-a7c2-1a5b8a3f9fec', '7b330677-edb6-43b4-b2fa-47dd916ca330']",4,,,,,,,,,,,,,,,,Ghana,4885,00:00:04.407,Pass,True
,,,,,,,,,,,,,,,,,1.230895,,,,,,,,,,,,,,,67b12ad1-065a-4b02-8bdf-4ab78402d19a,1477,,"[44.2, 61.3]",3920410,45,,,,2.070143,,Right Foot,,,,"[40.0, 69.0]",,Ground Pass,,8.770975,,,,Denis Odoi,12259.0,,,,,,2,From Kick Off,Iddrisu Baba Mohammed,24087.0,Right Defensive Midfield,82,Ghana,4885,['f2ba44fd-a967-4d73-8e07-47acda268892'],5,,,,,,,,,,,,,,,,Ghana,4885,00:00:05.819,Pass,
,,,,,,,,,,,,,,,,,3.063528,,,,,,,,,,,,,,,5158e929-b36f-455e-a740-da5d87cfb62e,1480,,"[42.4, 73.1]",3920410,45,,,,-0.0040899566,,Right Foot,,,,"[91.3, 72.9]",,Low Pass,,48.90041,,,,André Ayew Pelé,3347.0,,,,,,2,From Kick Off,Denis Odoi,12259.0,Right Back,82,Ghana,4885,['378bf94a-29b0-4d02-aa76-0038f93e1fe4'],8,,,,,,,,,,,,,,,,Ghana,4885,00:00:08.214,Pass,
,,,,,,,,,,,,,,,,,0.859691,,,,,,,,,,,,,,,29ea320d-1b7d-4dd3-936a-b08ae981d6d3,1484,,"[91.5, 76.6]",3920410,45,,,,-2.3561945,,Left Foot,,,,"[84.2, 69.3]",,Ground Pass,,10.323759,,,,Mohammed Kudus,17033.0,,,,,,2,From Kick Off,André Ayew Pelé,3347.0,Center Forward,82,Ghana,4885,['78b7b20c-607f-40e7-8508-bf363480bb45'],12,,,,,,,,,,,,,,,,Ghana,4885,00:00:12.348,Pass,
,,,,,,,,,,,,,,,,,1.74681,,,,,,,,,,,,,,,d88e2f26-726a-469d-ac6a-c29b4b64fff4,1487,,"[85.0, 67.9]",3920410,45,,,,-1.5905306,,Left Foot,,,,"[84.4, 37.5]",,Ground Pass,,30.40592,,,,Jordan Ayew,3450.0,,,,,,2,From Kick Off,Mohammed Kudus,17033.0,Center Attacking Midfield,82,Ghana,4885,['fe8b869d-99ed-4b44-a9d6-e6bd138159f6'],15,,,,,,,,,,,,,,,,Ghana,4885,00:00:15.065,Pass,
,,,,,,,,,,,,,,,,,0.563422,,,,,,,,,,,,,,,89402370-7c25-43a2-8974-3c4223bc8462,1490,,"[84.4, 42.5]",3920410,45,,,,0.6293733,,Right Foot,,,,"[94.7, 50.0]",,Ground Pass,,12.741272,,Incomplete,,Mohammed Kudus,17033.0,,,,,,2,From Kick Off,Jordan Ayew,3450.0,Left Wing,82,Ghana,4885,"['4750be16-7798-4afd-a7c1-02d90751444d', '30fe9548-d2e6-4bad-8c87-088ede308f2a']",18,,,,,,,,,,,,,,,,Ghana,4885,00:00:18.229,Pass,
,,,,,,,,,,,,,,,,,0.442269,,,,,,,,,,,,,,,92ec5cf4-b67c-4018-84e3-e6388c382458,1504,,"[39.7, 55.7]",3920410,45,True,,,-1.465047,,Right Foot,,,,"[43.5, 19.9]",,Ground Pass,,36.00111,,,,Bruno Alberto Langa,106070.0,,,,,Free Kick,2,From Free Kick,Alfons Amade,23706.0,Right Defensive Midfield,84,Mozambique,4978,['eef29a12-a4bd-4947-94f5-ba9f0314e539'],38,,,,,,,,,,,,,,,,Mozambique,4978,00:00:38.900,Pass,
,,,,,,,,,,,,,,,,,0.952767,,,,,,,,,,,,,,,52d26cdb-df8d-4490-8d1a-1aef36f0d022,1508,,"[71.7, 15.7]",3920410,46,True,,,-0.42285392,,Left Foot,,,,"[77.7, 13.0]",,Ground Pass,,6.5795135,,,,Bruno Alberto Langa,106070.0,,,,,Free Kick,2,From Free Kick,Reinildo Isnard Mandava,10848.0,Left Center Back,85,Mozambique,4978,['1f9fd3b5-d039-4134-8657-277467b9e7d8'],20,,,,,,,,,,,,,,,,Mozambique,4978,00:01:20.537,Pass,
,,,,,,,,,,,,,,,,,1.065595,,,,,,,,,,,,,,,967bb84a-ea4e-4f95-afa7-183a601a8c16,1510,,"[77.0, 12.6]",3920410,46,,,,-0.042527534,,Left Foot,,,,"[95.8, 11.8]",,Low Pass,,18.817013,,,,Alfons Amade,23706.0,,,,,,2,From Free Kick,Bruno Alberto Langa,106070.0,Left Back,85,Mozambique,4978,['af4d5c75-1ba8-4295-a309-f1ef8271c2e3'],22,,,,,,,,,,,,,,,,Mozambique,4978,00:01:22.400,Pass,
,,,,,,,,,,,,,,,,,1.410316,,,,,,,,,,,,,,,9a2cfce2-2358-4a09-a3af-545399a791fd,1515,,"[84.2, 13.6]",3920410,46,,,,-2.992335,,Left Foot,,,,"[70.9, 11.6]",,Ground Pass,,13.449535,,,,Reinildo Isnard Mandava,10848.0,,,,,,2,From Free Kick,Alfons Amade,23706.0,Right Defensive Midfield,85,Mozambique,4978,"['e124ca9b-44de-4b83-bda3-b2f094c58a0f', 'ee048325-d5d9-409c-b96d-9524d76440ac']",27,,,,,,,,,,,,,,,,Mozambique,4978,00:01:27.182,Pass,True
,,,,,,,,,,,,,,,,,1.554862,,,,,,,,,,,,,,,6f7af7f8-b1ea-4f4a-bfc9-e1e0744ab92f,1518,,"[70.9, 11.6]",3920410,46,,,,-0.3366748,,Right Foot,,,,"[84.9, 6.7]",,Ground Pass,,14.832734,,,,Witiness Chimoio João Quembo,10865.0,,,,,,2,From Free Kick,Reinildo Isnard Mandava,10848.0,Left Center Back,85,Mozambique,4978,['2f22a950-70aa-4255-af0a-db747a701cf9'],28,,,,,,,,,,,,,,,,Mozambique,4978,00:01:28.632,Pass,
,,,,,,,,,,,,,,,,,0.78771,,,,,,,,,,,,,,,14c09ae8-6a31-4187-8c39-f0e1acd99d22,1520,,"[84.9, 6.7]",3920410,46,,,,0.6314535,,Left Foot,,,,"[91.6, 11.6]",,Ground Pass,,8.300602,,,,Bruno Alberto Langa,106070.0,,,,,,2,From Free Kick,Witiness Chimoio João Quembo,10865.0,Left Wing,85,Mozambique,4978,['ce960d91-3cce-4c60-9d7a-c2f0b45ecbbf'],30,,,,,,,,,,,,,,,,Mozambique,4978,00:01:30.187,Pass,
,,,,,,,,,,,,,,,,,3.648532,,,,,,,,,,,,,,,09f22d20-c0aa-48dd-bf8e-dc1f559c57d4,1523,,"[91.2, 11.2]",3920410,46,,,,0.08931399,,Left Foot,,,,"[111.3, 13.0]",,Ground Pass,,20.180435,,Incomplete,,Witiness Chimoio João Quembo,10865.0,,,,,,2,From Free Kick,Bruno Alberto Langa,106070.0,Left Back,85,Mozambique,4978,"['e49b5a79-76d9-4758-9b87-ebfa399c7069', '9588163a-8653-4842-ad83-ddd64eebe7dd', '7673e203-8a4b-4320-952b-d7d945bf26cc']",30,,,,,,,,,,,,,,,,Mozambique,4978,00:01:30.975,Pass,True
,,,,,,,,,,,,,,,,,1.244574,,,,,,,,,,,,,,,2cb1a5cc-f9a4-4092-98bd-b65dd568b098,1528,,"[2.1, 69.0]",3920410,46,,,,1.0237192,,Right Foot,,,,"[8.8, 80.0]",,Ground Pass,,12.879829,,Out,,Denis Odoi,12259.0,,,,,,2,From Free Kick,Salis Abdul Samed,31029.0,Left Defensive Midfield,85,Mozambique,4978,"['afdc3ce5-daf4-48ce-bff0-7f20d2a0af1c', 'e1be8373-b9a5-4faa-8443-dbc9db3dfd30']",36,,,,,,,,,,,,,,,,Ghana,4885,00:01:36.249,Pass,True
,,,,,,,,,,,,,,,,,1.420482,,,,,,,,,,,,,,,43318f7a-ef2b-4a91-99d2-30b19b437689,1530,,"[110.5, 0.1]",3920410,46,True,,,1.3879864,,,,,,"[114.9, 23.9]",,High Pass,,24.203306,,,,Pachoio Lau Há King,106082.0,,,,,Throw-in,2,From Throw In,Bruno Alberto Langa,106070.0,Left Back,86,Mozambique,4978,['553ba7c0-3764-4f0c-88b0-4b71a6c36414'],45,,,,,,,,,,,,,,,,Mozambique,4978,00:01:45.337,Pass,
,,,,,,,,,,,,,,,,,2.604622,,,,,,,,,,,,,,,d54e5571-3815-4d09-be18-035994c4cac1,1533,,"[114.9, 23.4]",3920410,46,,,,2.6754005,,Head,,,,"[99.2, 31.3]",,High Pass,,17.575552,,,,Witiness Chimoio João Quembo,10865.0,,,,,,2,From Throw In,Pachoio Lau Há King,106082.0,Center Forward,86,Mozambique,4978,"['dab57bbb-5b57-4107-b825-8020cab36c73', 'd0f46819-b540-4c3e-84c5-a38522f15f38']",46,,,,,,,,,,,,,,,,Mozambique,4978,00:01:46.798,Pass,True
,,,,,,,,,,,,,,,,,2.85133,,,,,,,,,,,,,,,0c2106cb-7748-4e8c-a146-a276e31bfbd2,1537,,"[91.8, 29.2]",3920410,46,,,,1.7839708,,Right Foot,,,,"[84.7, 62.0]",,Ground Pass,,33.559647,,,,Infren David da Conceição Matola,417067.0,,,,,,2,From Throw In,Witiness Chimoio João Quembo,10865.0,Left Wing,86,Mozambique,4978,['06d7ad11-b71d-4ecc-8090-b98f7d4ca227'],50,,,,,,,,,,,,,,,,Mozambique,4978,00:01:50.852,Pass,
,,,,,,,,,,,,,,,,,0.981347,,,,,,,,,,,,,,,2f429db7-71a0-4a94-8f50-121b6e3de2d1,1540,,"[84.7, 62.0]",3920410,46,,,,0.9587809,,Right Foot,,,,"[92.0, 72.4]",,Ground Pass,,12.706298,,,,Geny Cipriano Catamo,127300.0,,,,,,2,From Throw In,Infren David da Conceição Matola,417067.0,Right Back,86,Mozambique,4978,['bf07304c-e0aa-4dcd-a013-afa5f36f1f6c'],53,,,,,,,,,,,,,,,,Mozambique,4978,00:01:53.744,Pass,
,,,,,,,,,,,,,,,,,1.249515,,,,,,,,,,,,,,,00e71d6d-43ae-4dcb-9532-892924683c5f,1543,,"[92.0, 66.3]",3920410,46,,,,-0.42622015,,Left Foot,,,,"[110.5, 57.9]",,Ground Pass,,20.317726,,,,Ricardo Martins Guimarães,29482.0,,,,,,2,From Throw In,Geny Cipriano Catamo,127300.0,Right Wing,86,Mozambique,4978,['5107fe60-f62b-457b-92db-935e567233ee'],57,,,,,,,,,,,,,,,,Mozambique,4978,00:01:57.292,Pass,
,,,,,,,,,,,,,,,,,1.36561,,,,,,,,,,,,,,,a49f7bf2-204e-473e-9446-c0dfc4ab79b7,1551,,"[115.9, 56.2]",3920410,47,,,,1.6069251,,Left Foot,,,,"[115.6, 64.5]",,Ground Pass,,8.30542,,,,Infren David da Conceição Matola,417067.0,,,,,,2,From Throw In,Ricardo Martins Guimarães,29482.0,Center Attacking Midfield,86,Mozambique,4978,"['d120638f-f797-49b3-afcf-56acf8b2ac04', 'b76a52ea-4035-4e62-af1f-00628d78bb73']",2,,,,,,,,,,,,,,,,Mozambique,4978,00:02:02.298,Pass,True
,,,,,,,,,,,,,,,,,0.796437,,,,,,,,,,,,,,,1ebc429e-2ea5-4f90-9999-ee6147d770b0,1553,,"[115.6, 64.5]",3920410,47,,,,-1.5282688,,Right Foot,True,,,"[116.6, 41.0]",,High Pass,,23.521267,,Incomplete,,Pachoio Lau Há King,106082.0,,,,,,2,From Throw In,Infren David da Conceição Matola,417067.0,Right Back,86,Mozambique,4978,"['fc09c3e7-169d-40ee-8dc3-3ae9fce3bde8', '49a74744-9a0a-409a-b0d8-74322bf464db']",3,,,,,,,,,,,,,,,,Mozambique,4978,00:02:03.663,Pass,
,,,,,,,,,,,,,,,,,1.659111,,,,,,,,,,,,,,,378ad108-b9bb-4d25-9cf2-d48ee8718c28,1557,,"[91.8, 21.5]",3920410,47,,,,-0.6576572,,Left Foot,,,,"[104.1, 12.0]",,Ground Pass,,15.541557,,,,Witiness Chimoio João Quembo,10865.0,,,,,Recovery,2,From Throw In,Reinildo Isnard Mandava,10848.0,Left Center Back,86,Mozambique,4978,['4b2c78c2-e71a-485a-8ddb-e502b0e14b85'],7,,,,,,,,,,,,,,,,Mozambique,4978,00:02:07.760,Pass,
,,,,,,,,,,,,,,,,,1.113593,,,,,,,,,,,,,,,cfe37044-b1e8-4b20-b047-d8cbf3170b31,1560,,"[103.4, 13.2]",3920410,47,,,,1.3090199,e680b0b1-95d0-4e60-8542-934b173a58a1,Left Foot,True,,,"[110.5, 39.7]",,High Pass,,27.43465,,,,Pachoio Lau Há King,106082.0,True,,,,,2,From Throw In,Witiness Chimoio João Quembo,10865.0,Left Wing,86,Mozambique,4978,['ad25a019-490c-48b5-83d2-4c266aeeff6d'],10,,,,,,,,,,,,,,,,Mozambique,4978,00:02:10.930,Pass,
,,,,,,,,,,,,,,,,,3.913152,,,,,,,,,,,,,,,5cc3ef6f-6ab7-4997-bf2a-08f60fbc9f6c,1565,,"[3.9, 39.3]",3920410,47,,,,0.54672676,,Right Foot,,,,"[55.0, 70.4]",,High Pass,,59.819897,,,,André Ayew Pelé,3347.0,,,,,Goal Kick,2,From Goal Kick,Richard Ofori Antwi,68757.0,Goalkeeper,87,Ghana,4885,['74c9ed8f-754f-4810-bac3-30477df4e73b'],50,,,,,,,,,,,,,,,,Ghana,4885,00:02:50.289,Pass,
,,,,,,,,,,,,,,,,,1.20937,,,,,,,,,,,,,,,6a1f8bb5-fa8f-43e5-af30-704629d34b2e,1568,,"[55.0, 70.4]",3920410,47,,,True,-1.2102304,,,,,,"[57.3, 64.3]",,Low Pass,,6.519202,,Incomplete,,Salis Abdul Samed,31029.0,,,,,,2,From Goal Kick,André Ayew Pelé,3347.0,Center Forward,87,Ghana,4885,"['7b573142-fb42-4421-a432-6ac2a2220546', 'a1c36ab3-4b73-47b5-8e74-17eaf2ad88c5', 'fbab861a-b0bb-486d-86da-5ae10dbb4f64']",54,,,,,,,,,,,,,,,,Ghana,4885,00:02:54.214,Pass,True
,,,,,,,,,,,,,,,,,1.6,,,,,,,,,,,,,,,05029083-bc66-4078-a9ad-1768cb71b847,1576,,"[62.4, 9.7]",3920410,48,True,,,2.082027,,Left Foot,,,,"[41.7, 46.6]",,Ground Pass,,42.309574,,,,Feliciano João Jone,129475.0,,,,,Free Kick,2,From Free Kick,Reinildo Isnard Mandava,10848.0,Left Center Back,88,Mozambique,4978,['1024f4b3-d9f9-4a1e-aeb9-a809b0f04105'],28,,,,,,,,,,,,,,,,Mozambique,4978,00:03:28.079,Pass,
,,,,,,,,,,,,,,,,,1.468633,,,,,,,,,,,,,,,57c457a6-123e-4bb0-afad-bd497bde6fbe,1578,,"[41.5, 47.4]",3920410,48,True,,,1.3075473,,Right Foot,,,,"[49.1, 75.6]",,Ground Pass,,29.206163,,,,Infren David da Conceição Matola,417067.0,,,,,,2,From Free Kick,Feliciano João Jone,129475.0,Left Defensive Midfield,88,Mozambique,4978,['da1c1dbc-a923-4d59-83cd-35aa68c8e731'],32,,,,,,,,,,,,,,,,Mozambique,4978,00:03:32.091,Pass,
,,,,,,,,,,,,,,,,,1.119032,,,,,,,,,,,,,,,65697750-de62-41a5-bad3-21f15185f79b,1580,,"[49.1, 75.6]",3920410,48,,,,0.14010173,,Right Foot,,,,"[64.7, 77.8]",,Ground Pass,,15.754364,,,,Geny Cipriano Catamo,127300.0,,,,,,2,From Free Kick,Infren David da Conceição Matola,417067.0,Right Back,88,Mozambique,4978,['b841497a-6d24-4775-bfc3-fdc688041a92'],34,,,,,,,,,,,,,,,,Mozambique,4978,00:03:34.492,Pass,
,,,,,,,,,,,,,,,,,3.883236,,,,,,,,,,,,,,,669e3dfb-af51-4a89-a54b-2b75ea38422f,1586,,"[50.5, 72.0]",3920410,48,True,,,-2.324177,,Right Foot,,,,"[36.9, 57.5]",,Ground Pass,,19.879889,,,,Feliciano João Jone,129475.0,,,,,Free Kick,2,From Free Kick,Geny Cipriano Catamo,127300.0,Right Wing,89,Mozambique,4978,['6fa00c2a-05e5-40d7-a6a4-8df5c5b98823'],43,,,,,,,,,,,,,,,,Mozambique,4978,00:03:43.839,Pass,
,,,,,,,,,,,,,,,,,0.681698,,,,,,,,,,,,,,,f5ba020c-f4be-46ef-9d31-8b0fe648a6c6,1588,,"[38.3, 55.3]",3920410,48,True,,,-1.7061504,,Right Foot,,,,"[34.8, 29.6]",,Ground Pass,,25.937231,,,,Edson André Sitoe,3250.0,,,,,,2,From Free Kick,Feliciano João Jone,129475.0,Left Defensive Midfield,89,Mozambique,4978,['f6ae0be2-6c3a-4f1e-b96b-34f4198e53f9'],48,,,,,,,,,,,,,,,,Mozambique,4978,00:03:48.746,Pass,
,,,,,,,,,,,,,,,,,0.989214,,,,,,,,,,,,,,,97fd42dd-17c5-437e-8756-d55c973daf48,1590,,"[35.1, 27.1]",3920410,48,,,,-1.1949584,,Right Foot,,,,"[42.4, 8.6]",,Ground Pass,,19.888187,,,,Reinildo Isnard Mandava,10848.0,,,,,,2,From Free Kick,Edson André Sitoe,3250.0,Right Center Back,89,Mozambique,4978,['39952fad-d0f8-43f6-b743-04fb4c7ed971'],50,,,,,,,,,,,,,,,,Mozambique,4978,00:03:50.568,Pass,
,,,,,,,,,,,,,,,,,1.390312,,,,,,,,,,,,,,,a4ee6644-a5bc-436c-b0c8-e5ae7a684141,1593,,"[42.4, 8.6]",3920410,48,,,,-0.18910082,,Left Foot,,,,"[63.3, 4.6]",,Ground Pass,,21.279333,,,,Bruno Alberto Langa,106070.0,,,,,,2,From Free Kick,Reinildo Isnard Mandava,10848.0,Left Center Back,89,Mozambique,4978,['1f9fa9f5-44c6-4b5b-998f-955e29c3309f'],52,,,,,,,,,,,,,,,,Mozambique,4978,00:03:52.610,Pass,
,,,,,,,,,,,,,,,,,3.280191,,,,,,,,,,,,,,,19fdc638-b8e8-4ad6-a5aa-92d315f3cc1a,1597,,"[63.3, 9.4]",3920410,48,,,,0.31367537,,Left Foot,,,,"[108.0, 23.9]",,Low Pass,,46.992977,,,,Pachoio Lau Há King,106082.0,,,,,,2,From Free Kick,Bruno Alberto Langa,106070.0,Left Back,89,Mozambique,4978,"['c1ab6cb3-b26b-45bb-b555-674052defef4', '73bd4027-448f-4a41-930c-cb65f0f21d80']",55,,,,,,,,,,,,,,,,Mozambique,4978,00:03:55.237,Pass,True
,,,,,,,,,,,,,,,,,1.061113,,,,,,,,,,,,,,,e92d5303-0ba1-4b3b-80ee-5798b9a73037,1601,,"[110.7, 24.3]",3920410,49,,,,2.1025205,f314624d-7c12-4ae7-9937-7cb03e583476,Right Foot,,,,"[103.7, 36.2]",,Ground Pass,,13.806158,,,,Bruno Alberto Langa,106070.0,True,,,,,2,From Free Kick,Pachoio Lau Há King,106082.0,Center Forward,89,Mozambique,4978,['e240ebd2-54b3-4605-a0d0-35c763fab94a'],0,,,,,,,,,,,,,,,,Mozambique,4978,00:04:00.243,Pass,
,,,,,,,,,,,,,,,,,4.274874,,,,,,,,,,,,,,,f340d26a-0602-426c-99d2-d29e14574e9d,1608,,"[8.8, 43.1]",3920410,49,True,,,0.34823704,,Right Foot,,,,"[84.0, 70.4]",,High Pass,,80.00206,,,,André Ayew Pelé,3347.0,,,,,Free Kick,2,From Free Kick,Richard Ofori Antwi,68757.0,Goalkeeper,90,Ghana,4885,['81f9bfd0-b5f7-48e5-8b1d-ef470501b4d1'],37,,,,,,,,,,,,,,,,Ghana,4885,00:04:37.987,Pass,
,,,,,,,,,,,,,,,,,2.14123,,,,,,,,,,,,,,,68ae465f-24d3-406b-823c-81af3fc8e90e,1611,,"[84.0, 70.4]",3920410,49,True,,True,-1.013672,,,,,,"[91.6, 58.2]",,High Pass,,14.373587,,Incomplete,,Antoine Semenyo,9286.0,,,,,,2,From Free Kick,André Ayew Pelé,3347.0,Center Forward,90,Ghana,4885,"['f051e754-c518-4f61-8a70-960f9cc73e69', '33b154eb-f340-4ef2-a591-47a70a4388c7', 'e932c564-1b22-49b2-8a3d-43742e150536']",42,,,,,,,,,,,,,,,,Ghana,4885,00:04:42.273,Pass,True
,,,,,,,,,,,,,,,,,1.199999,,,,,,,,,,,,,,,ec08f74b-bc09-4472-add1-ff071aa25acb,1615,,"[29.2, 21.9]",3920410,50,True,,,-0.79074574,,Right Foot,,,,"[38.5, 12.5]",,Ground Pass,,13.223085,,,,Bruno Alberto Langa,106070.0,,,,,Free Kick,2,From Free Kick,Edson André Sitoe,3250.0,Right Center Back,91,Mozambique,4978,['436338b2-07b4-4c81-a398-62f3390c3165'],14,,,,,,,,,,,,,,,,Mozambique,4978,00:05:14.654,Pass,
,,,,,,,,,,,,,,,,,0.016577,,,,,,,,,,,,,,,d1ed710a-f63d-4da1-84be-d799a6da3b9e,1620,,"[77.6, 77.7]",3920410,50,,,,-0.87605804,,Left Foot,,,,"[79.1, 75.9]",,Ground Pass,,2.3430748,,Incomplete,,Mohammed Kudus,17033.0,,,,,,2,Regular Play,André Ayew Pelé,3347.0,Center Forward,92,Ghana,4885,"['83633f3d-d41c-4b6d-909f-2e0e221ee28e', '1b5b0d97-1eea-46a6-8424-7d084b87d5ff', 'd35df38b-f320-43ba-92db-b42325a2ad4e']",20,,,,,,,,,,,,,,,,Ghana,4885,00:05:20.504,Pass,True
,,,,,,,,,,,,,,,,,0.848829,,,,,,,,,,,,,,,b84f58dd-eb85-48ac-9a7c-3f8cba1afdc8,1623,,"[92.0, 80.0]",3920410,50,True,,,-0.66963893,,,,,,"[99.2, 74.3]",,Low Pass,,9.183137,,,,André Ayew Pelé,3347.0,,,,,Throw-in,2,From Throw In,Denis Odoi,12259.0,Right Back,93,Ghana,4885,['e667e972-5b28-4d23-850c-8b91283dd9ad'],44,,,,,,,,,,,,,,,,Ghana,4885,00:05:44.976,Pass,
,,,,,,,,,,,,,,,,,0.98189,,,,,,,,,,,,,,,7f57203c-d253-40b1-b7e1-ea959f1100a0,1626,,"[96.5, 72.5]",3920410,50,,,,-2.9669204,,Left Foot,,,,"[84.6, 70.4]",,Ground Pass,,12.083874,,,,Iddrisu Baba Mohammed,24087.0,,,,,,2,From Throw In,André Ayew Pelé,3347.0,Center Forward,93,Ghana,4885,['c2215c0b-76bc-4c72-9f76-072535a17108'],48,,,,,,,,,,,,,,,,Ghana,4885,00:05:48.660,Pass,
,,,,,,,,,,,,,,,,,0.254544,,,,,,,,,,,,,,,8f68dc31-d2d9-4e29-9e68-cdff752d6a14,1629,,"[84.4, 72.5]",3920410,50,,,,0.28693876,,Right Foot,,,,"[90.5, 74.3]",,Ground Pass,,6.3600316,,Incomplete,,Denis Odoi,12259.0,,,,,,2,From Throw In,Iddrisu Baba Mohammed,24087.0,Right Defensive Midfield,93,Ghana,4885,"['5a14ff8c-d752-44f0-9533-ed866ff0beb3', '4aa37520-bd6e-4860-a4af-c3d4f99a0b7e']",51,,,,,,,,,,,,,,,,Ghana,4885,00:05:51.936,Pass,
,,,,,,,,,,,,,,,,,1.590247,,,,,,,,,,,,,,,93f12f6c-265b-4ca0-bcf5-b47a0c162a46,1632,,"[98.5, 80.0]",3920410,51,True,,,-0.8519663,,,,,,"[106.9, 70.4]",,Low Pass,,12.756175,,Incomplete,,Antoine Semenyo,9286.0,,,,,Throw-in,2,From Throw In,Denis Odoi,12259.0,Right Back,94,Ghana,4885,"['f68f690f-63fa-4fab-856f-a8e93b442d66', '25f37f2c-7de1-4b49-956c-d06f51826dda']",5,,,,,,,,,,,,,,,,Ghana,4885,00:06:05.910,Pass,
,,,,,,,,,,,,,,,,,1.054293,,,,,,,,,,,,,,,25f37f2c-7de1-4b49-956c-d06f51826dda,1634,,"[13.2, 9.7]",3920410,51,,,,-1.0191413,,Other,,,,"[15.6, 5.8]",,Low Pass,,4.5793014,,,,Witiness Chimoio João Quembo,10865.0,,,,,Recovery,2,From Throw In,Alfons Amade,23706.0,Right Defensive Midfield,94,Ghana,4885,"['3b6d7946-d9cb-4e0e-9a18-fe3a17cd55d9', '93f12f6c-265b-4ca0-bcf5-b47a0c162a46']",7,,,,,,,,,,,,,,,,Mozambique,4978,00:06:07.500,Pass,
,,,,,,,,,,,,,,,,,1.763239,,,,,,,,,,,,,,,6c0722e0-978a-4cfa-887f-a5d8107f58ea,1637,,"[15.2, 7.2]",3920410,51,,,,0.5211911,,Right Foot,,,,"[41.5, 22.3]",,High Pass,,30.326555,,Incomplete,,Pachoio Lau Há King,106082.0,,,,,,2,From Throw In,Witiness Chimoio João Quembo,10865.0,Left Wing,94,Ghana,4885,"['d3169938-2ad8-4249-87ef-a8d5fed5e995', 'efaac25c-cc9f-463c-8ce3-110fde40bc29', 'fed98e8d-db80-446d-b365-c208da8e9447']",8,,,,,,,,,,,,,,,,Mozambique,4978,00:06:08.555,Pass,True
,,,,,,,,,,,,,,,,,1.903391,,,,,,,,,,,,,,,efaac25c-cc9f-463c-8ce3-110fde40bc29,1639,,"[78.6, 57.8]",3920410,51,,,,1.8898659,,Head,,,True,"[74.9, 69.0]",,Low Pass,,11.795338,,,,Alexander Djiku,2989.0,,,,,Recovery,2,From Throw In,Salis Abdul Samed,31029.0,Left Defensive Midfield,94,Ghana,4885,"['6c0722e0-978a-4cfa-887f-a5d8107f58ea', '991181aa-067c-4b27-aaef-49d4b49fa232']",10,,,,,,,,,,,,,,,,Ghana,4885,00:06:10.318,Pass,
,,,,,,,,,,,,,,,,,1.903485,,,,,,,,,,,,,,,1f93fb4b-480e-4421-9091-c51db2cfdeb5,1644,,"[72.8, 69.7]",3920410,51,,,,-2.5142844,,Left Foot,,,,"[56.8, 58.1]",,Ground Pass,,19.76259,,,,Mohamed Salisu,30519.0,,,,,,2,From Throw In,Alexander Djiku,2989.0,Right Center Back,94,Ghana,4885,"['f9b015e8-cfe2-4b51-b5b8-177c4bc015cf', 'c84f42e9-c9f0-42f0-9b1e-be51b60c71a7']",13,,,,,,,,,,,,,,,,Ghana,4885,00:06:13.016,Pass,True
,,,,,,,,,,,,,,,,,0.971126,,,,,,,,,,,,,,,acee7b53-7307-418a-b0cf-2f744a0da2f7,1647,,"[56.8, 58.1]",3920410,51,,,,1.2100585,,Left Foot,,,,"[63.1, 74.8]",,Ground Pass,,17.84881,,,,Alexander Djiku,2989.0,,,,,,2,From Throw In,Mohamed Salisu,30519.0,Left Center Back,94,Ghana,4885,['f44440be-48d7-4a93-97c9-e7f1f975102c'],15,,,,,,,,,,,,,,,,Ghana,4885,00:06:15.014,Pass,
,,,,,,,,,,,,,,,,,0.834185,,,,,,,,,,,,,,,90bbc256-d5ce-47d1-af0e-94489ada268d,1650,,"[62.1, 75.3]",3920410,51,,,,-1.1341692,,Right Foot,,,,"[64.9, 69.3]",,Ground Pass,,6.621178,,,,Iddrisu Baba Mohammed,24087.0,,,,,,2,From Throw In,Alexander Djiku,2989.0,Right Center Back,94,Ghana,4885,['56f5d465-0a3a-4820-94a3-1dde3c7b4276'],16,,,,,,,,,,,,,,,,Ghana,4885,00:06:16.991,Pass,
,,,,,,,,,,,,,,,,,0.818795,,,,,,,,,,,,,,,264272a0-fdf8-4fdf-8a4a-2317e7a269db,1654,,"[64.9, 68.1]",3920410,51,,,,0.90327024,,Right Foot,,,,"[71.6, 76.6]",,Ground Pass,,10.823123,,,,Denis Odoi,12259.0,,,,,,2,From Throw In,Iddrisu Baba Mohammed,24087.0,Right Defensive Midfield,94,Ghana,4885,['a9ec9904-d1a8-4e7a-ad55-a88f37c21851'],17,,,,,,,,,,,,,,,,Ghana,4885,00:06:17.865,Pass,
,,,,,,,,,,,,,,,,,1.60961,,,,,,,,,,,,,,,3bc35307-c491-4eb1-9119-722ce7fd03cd,1656,,"[71.6, 76.6]",3920410,51,,,,-0.9213956,,Left Foot,,,,"[79.8, 65.8]",,Low Pass,,13.560236,,,,Mohammed Kudus,17033.0,,,,,,2,From Throw In,Denis Odoi,12259.0,Right Back,94,Ghana,4885,['a371a5d7-a009-4fe2-8752-8c93fed9a39e'],18,,,,,,,,,,,,,,,,Ghana,4885,00:06:18.683,Pass,
,,,,,,,,,,,,,,,,,1.641563,,,,,,,,,,,,,,,5e3e2dcb-fddd-41bd-b8c5-22759c47e8c5,1659,,"[93.3, 64.4]",3920410,51,,,,-2.2513175,,Left Foot,,,,"[79.7, 47.6]",,Ground Pass,,21.614809,,,,Salis Abdul Samed,31029.0,,,,,,2,From Throw In,Mohammed Kudus,17033.0,Center Attacking Midfield,94,Ghana,4885,['97f7aa51-7d30-445a-a11f-96c02b5663fd'],25,,,,,,,,,,,,,,,,Ghana,4885,00:06:25.370,Pass,
,,,,,,,,,,,,,,,,,1.889433,,,,,,,,,,,,,,,99cb7dfc-3e37-4ac4-bc1c-8af709398022,1662,,"[79.4, 40.7]",3920410,51,,,,-1.3809289,,Right Foot,,,,"[85.3, 10.0]",,Ground Pass,,31.261797,,,,Gideon Mensah,23615.0,,,,,,2,From Throw In,Salis Abdul Samed,31029.0,Left Defensive Midfield,94,Ghana,4885,['56efaa4f-b89e-4298-86d8-1826e6985e2a'],28,,,,,,,,,,,,,,,,Ghana,4885,00:06:28.233,Pass,
,,,,,,,,,,,,,,,,,1.3615,,,,,,,,,,,,,,,b8a532c1-1e18-40c6-81a0-24906bdd74c4,1665,,"[91.9, 9.1]",3920410,51,,,,0.015871683,,Left Foot,,,,"[104.5, 9.3]",,Ground Pass,,12.601587,,,,Jordan Ayew,3450.0,,,,,,2,From Throw In,Gideon Mensah,23615.0,Left Back,94,Ghana,4885,['893f5f3e-83c1-4094-8963-a8bafea0413e'],31,,,,,,,,,,,,,,,,Ghana,4885,00:06:31.689,Pass,
,,,,,,,,,,,,,,,,,1.248325,,,,,,,,,,,,,,,152f55a7-d6f5-4987-a419-e719963659cc,1669,,"[105.2, 3.5]",3920410,51,,,,-2.9365168,,Right Foot,,,,"[92.7, 0.9]",,Ground Pass,,12.767537,,,,Gideon Mensah,23615.0,,,,,,2,From Throw In,Jordan Ayew,3450.0,Left Wing,94,Ghana,4885,"['7a7352f1-d8c7-4c31-a9f3-edd96406ba0d', 'b7e0c116-f4c0-4561-ba6b-2c9efba147ac']",35,,,,,,,,,,,,,,,,Ghana,4885,00:06:35.997,Pass,True
,,,,,,,,,,,,,,,,,0.84077,,,,,,,,,,,,,,,dac3545f-d40e-4f09-8eb7-6e0285fdf885,1672,,"[92.7, 0.9]",3920410,51,,,,1.0953382,,Left Foot,,,,"[97.9, 11.0]",,Ground Pass,,11.360018,,,,Salis Abdul Samed,31029.0,,,,,,2,From Throw In,Gideon Mensah,23615.0,Left Back,94,Ghana,4885,['355a0b1e-4a3a-4698-8ef6-133caea68001'],37,,,,,,,,,,,,,,,,Ghana,4885,00:06:37.543,Pass,
,,,,,,,,,,,,,,,,,1.204723,,,,,,,,,,,,,,,15a6adb5-213d-4dbd-925c-fcf74a89d906,1676,,"[93.9, 10.8]",3920410,51,,,,-2.5770233,,Right Foot,,,,"[84.9, 5.1]",,Ground Pass,,10.653169,,,,Gideon Mensah,23615.0,,,,,,2,From Throw In,Salis Abdul Samed,31029.0,Left Defensive Midfield,94,Ghana,4885,"['2ed851ad-3b0c-4e12-adfc-0ed93d1dab3a', '823c11db-4d80-4ab1-9f24-3e048f0333d5']",39,,,,,,,,,,,,,,,,Ghana,4885,00:06:39.637,Pass,True
,,,,,,,,,,,,,,,,,1.252026,,,,,,,,,,,,,,,b96a074b-2c9c-495b-af33-1393a720783b,1680,,"[82.8, 12.9]",3920410,51,,,,2.26456,,Left Foot,,,,"[74.4, 23.0]",,Ground Pass,,13.13659,,,,Iddrisu Baba Mohammed,24087.0,,,,,,2,From Throw In,Gideon Mensah,23615.0,Left Back,94,Ghana,4885,['0d5cb8f1-8e50-4013-8c34-1bc2ca2b73e7'],42,,,,,,,,,,,,,,,,Ghana,4885,00:06:42.733,Pass,
,,,,,,,,,,,,,,,,,2.063793,,,,,,,,,,,,,,,0160727d-ec47-4f9c-8d93-07d962dd135b,1683,,"[76.3, 42.4]",3920410,51,,,,1.2624108,,Right Foot,,,,"[84.2, 67.2]",,Ground Pass,,26.02787,,,,Denis Odoi,12259.0,,,,,,2,From Throw In,Iddrisu Baba Mohammed,24087.0,Right Defensive Midfield,94,Ghana,4885,['1a77690a-b40a-4ce5-958a-e02bcd194d0b'],46,,,,,,,,,,,,,,,,Ghana,4885,00:06:46.153,Pass,
,,,,,,,,,,,,,,,,,1.0638,,,,,,,,,,,,,,,8e96f0fa-2437-4abd-9242-e07d0ac7dec3,1686,,"[85.3, 71.7]",3920410,51,,,,-1.7463884,,Right Foot,,,,"[84.2, 65.5]",,Ground Pass,,6.2968245,,,,Antoine Semenyo,9286.0,,,,,,2,From Throw In,Denis Odoi,12259.0,Right Back,94,Ghana,4885,['27a84c19-587e-4045-8abd-9d9a32ce53ef'],49,,,,,,,,,,,,,,,,Ghana,4885,00:06:49.197,Pass,
,,,,,,,,,,,,,,,,,2.518432,,,,,,,,,,,,,,,a0fe1928-361c-4686-aa0c-a0155f909af9,1690,,"[91.9, 60.5]",3920410,51,,,,-0.3994382,,Left Foot,,,,"[116.3, 50.2]",,Ground Pass,,26.484901,,Incomplete,,André Ayew Pelé,3347.0,,,,,,2,From Throw In,Antoine Semenyo,9286.0,Right Wing,94,Ghana,4885,"['f72ffd54-19e0-41e2-a39c-e4128a7a031d', '4ef6361d-33dc-4ab4-9ad6-91a856f985db']",54,,,,,,,,,,,,,,,,Ghana,4885,00:06:54.295,Pass,
,,,,,,,,,,,,,,,,,0.348913,,,,,,,,,,,,,,,4dc45035-bbac-415e-8e7c-f31ac80eea3a,1694,,"[7.7, 38.0]",3920410,52,True,,,-1.6539376,,Keeper Arm,,,,"[6.6, 24.8]",,Ground Pass,,13.245754,,,,Reinildo Isnard Mandava,10848.0,,,,,,2,Regular Play,Ivane Carminio Francisco Urrubal,161718.0,Goalkeeper,95,Mozambique,4978,['c73c9433-06ac-449b-ba2b-e6574be994b9'],3,,,,,,,,,,,,,,,,Mozambique,4978,00:07:03.563,Pass,
,,,,,,,,,,,,,,,,,1.933156,,,,,,,,,,,,,,,572c85ae-cfeb-49d8-8902-2604a34e62b5,1696,,"[8.6, 25.1]",3920410,52,True,,,1.4769028,,Left Foot,,,,"[10.7, 47.4]",,Ground Pass,,22.39866,,,,Edson André Sitoe,3250.0,,,,,,2,Regular Play,Reinildo Isnard Mandava,10848.0,Left Center Back,95,Mozambique,4978,['d7c88a77-fbc9-4a86-a463-1659636420fa'],6,,,,,,,,,,,,,,,,Mozambique,4978,00:07:06.533,Pass,
,,,,,,,,,,,,,,,,,1.430793,,,,,,,,,,,,,,,c64e6363-d0f4-4462-a322-452d51373a91,1698,,"[12.9, 48.1]",3920410,52,,,,-1.4797248,,Right Foot,,,,"[14.9, 26.2]",,Ground Pass,,21.991135,,,,Reinildo Isnard Mandava,10848.0,,,,,,2,Regular Play,Edson André Sitoe,3250.0,Right Center Back,95,Mozambique,4978,['374017ed-6ca9-488c-a79c-bee0b861f50f'],9,,,,,,,,,,,,,,,,Mozambique,4978,00:07:09.941,Pass,
,,,,,,,,,,,,,,,,,2.295556,,,,,,,,,,,,,,,172122c6-204f-4822-acc6-7e70114fbcc5,1701,,"[21.8, 26.5]",3920410,52,,,,-0.0765826,,Left Foot,,,,"[62.2, 23.4]",,High Pass,,40.51876,,,,Witiness Chimoio João Quembo,10865.0,,,,,,2,Regular Play,Reinildo Isnard Mandava,10848.0,Left Center Back,95,Mozambique,4978,['4fe98f98-ecbd-4778-927c-db31f0bc2431'],14,,,,,,,,,,,,,,,,Mozambique,4978,00:07:14.823,Pass,
,,,,,,,,,,,,,,,,,3.238972,,,,,,,,,,,,,,,ec6a133a-0a92-4cd4-94fc-5a88c22a6f67,1703,,"[62.6, 23.3]",3920410,52,,,,0.22518958,,Head,,,,"[85.3, 28.5]",,Low Pass,,23.28798,,Incomplete,,Pachoio Lau Há King,106082.0,,,,,,2,Regular Play,Witiness Chimoio João Quembo,10865.0,Left Wing,95,Mozambique,4978,"['4f4914d6-5f76-44d2-a7be-05c553e9889d', '8d0f5395-96f0-4ea4-af82-038c16cef3ad']",17,,,,,,,,,,,,,,,,Mozambique,4978,00:07:17.118,Pass,
,,,,,,,,,,,,,,,,,2.263423,,,,,,,,,,,,,,,4f4914d6-5f76-44d2-a7be-05c553e9889d,1705,,"[34.8, 51.6]",3920410,52,,,,-2.6840706,,Left Foot,,,,"[8.6, 38.7]",,Ground Pass,,29.203596,,,,Richard Ofori Antwi,68757.0,,,,,Recovery,2,Regular Play,Mohamed Salisu,30519.0,Left Center Back,96,Ghana,4885,"['c65d9c1c-60f0-4191-9909-6e09a90b23f2', 'ec6a133a-0a92-4cd4-94fc-5a88c22a6f67']",20,,,,,,,,,,,,,,,,Ghana,4885,00:07:20.357,Pass,
,,,,,,,,,,,,,,,,,1.145574,,,,,,,,,,,,,,,a005193c-e6e8-47b6-bbda-9d13909049be,1709,,"[9.4, 38.9]",3920410,52,,,,-0.5375866,,Right Foot,,,,"[35.4, 23.4]",,Low Pass,,30.26962,,,,Gideon Mensah,23615.0,,,,,,2,Regular Play,Richard Ofori Antwi,68757.0,Goalkeeper,96,Ghana,4885,"['365db181-4f45-4b54-8456-90fe1580683c', 'd24fb393-7e71-400c-894e-2335f0b01f88']",23,,,,,,,,,,,,,,,,Ghana,4885,00:07:23.609,Pass,True
,,,,,,,,,,,,,,,,,2.921271,,,,,,,,,,,,,,,37fad1ad-f879-4d92-b0e8-fab319c7a260,1713,,"[36.6, 23.2]",3920410,52,,,,1.3336761,,Left Foot,,,,"[42.4, 47.2]",,High Pass,,24.69089,,,,Iddrisu Baba Mohammed,24087.0,,,,,,2,Regular Play,Gideon Mensah,23615.0,Left Back,96,Ghana,4885,['859fcb92-393c-4a65-a14c-1422735195e3'],24,,,,,,,,,,,,,,,,Ghana,4885,00:07:24.770,Pass,
,,,,,,,,,,,,,,,,,1.251006,,,,,,,,,,,,,,,340edb2c-ce9a-44fc-b3b3-3e9420443ca4,1715,,"[42.4, 47.2]",3920410,52,,,,-0.42210674,,Head,,,,"[59.1, 39.7]",,High Pass,,18.30683,,Incomplete,,Mohammed Kudus,17033.0,,,,,,2,Regular Play,Iddrisu Baba Mohammed,24087.0,Right Defensive Midfield,96,Ghana,4885,"['51cb2de1-07e2-4b7f-9b24-b7b91ff6930a', 'be61324a-8605-4851-a45b-488e199c6674']",27,,,,,,,,,,,,,,,,Ghana,4885,00:07:27.731,Pass,
,,,,,,,,,,,,,,,,,0.833527,,,,,,,,,,,,,,,6fca9e5d-4561-4977-b422-3ab41d182ec1,1723,,"[62.0, 41.5]",3920410,52,True,,,1.4549537,,Right Foot,,,,"[65.2, 69.0]",,Ground Pass,,27.685556,,,,Infren David da Conceição Matola,417067.0,,,,,Free Kick,2,From Free Kick,Feliciano João Jone,129475.0,Left Defensive Midfield,98,Mozambique,4978,['4cab01de-795d-46c5-b5e8-569f5dc30c72'],35,,,,,,,,,,,,,,,,Mozambique,4978,00:07:35.708,Pass,
,,,,,,,,,,,,,,,,,0.976662,,,,,,,,,,,,,,,731b21f5-ac61-4e99-ac9a-a2ef8d193a58,1725,,"[77.3, 75.0]",3920410,52,,,,-1.4791002,,Right Foot,,,,"[78.1, 66.3]",,Ground Pass,,8.736704,,,,Geny Cipriano Catamo,127300.0,,,,,,2,From Free Kick,Infren David da Conceição Matola,417067.0,Right Back,98,Mozambique,4978,['5f77a3be-e6ca-4b3d-be9b-7eb35aebbdf3'],38,,,,,,,,,,,,,,,,Mozambique,4978,00:07:38.966,Pass,
,,,,,,,,,,,,,,,,,0.858689,,,,,,,,,,,,,,,00b26edb-a957-4db1-be79-f74c626a448d,1729,,"[76.9, 70.1]",3920410,52,,,,0.77894664,,Left Foot,,,,"[84.7, 77.8]",,Ground Pass,,10.960383,,,,Infren David da Conceição Matola,417067.0,,,,,,2,From Free Kick,Geny Cipriano Catamo,127300.0,Right Wing,98,Mozambique,4978,"['9fe83175-0b26-498e-bb18-c147e13b721c', '70714887-dc93-4fad-8127-83c6e6a6a68c']",41,,,,,,,,,,,,,,,,Mozambique,4978,00:07:41.951,Pass,True
,,,,,,,,,,,,,,,,,0.47816,,,,,,,,,,,,,,,e550d9c7-1853-4acb-ac1a-1eda4096af6e,1733,,"[89.2, 78.0]",3920410,52,,,,-2.4544685,,Right Foot,,,,"[85.3, 74.8]",,Ground Pass,,5.0447993,,,,Geny Cipriano Catamo,127300.0,,,,,,2,From Free Kick,Infren David da Conceição Matola,417067.0,Right Back,98,Mozambique,4978,"['8713bd0d-8bc5-4c68-a612-7cf92abfc81e', 'cef46be0-229d-46b4-b49b-346c7a7fbf7d']",45,,,,,,,,,,,,,,,,Mozambique,4978,00:07:45.418,Pass,True
,,,,,,,,,,,,,,,,,1.37088,,,,,,,,,,,,,,,01325373-5a8d-4284-b383-a1b5bb0a08aa,1737,,"[84.3, 63.0]",3920410,52,,,,-2.109773,,Left Foot,,,,"[72.1, 42.6]",,Ground Pass,,23.769728,,,,Alfons Amade,23706.0,,,,,,2,From Free Kick,Geny Cipriano Catamo,127300.0,Right Wing,98,Mozambique,4978,"['ddb57567-0c7a-4445-9496-f0f40790a931', '335b0a37-85e2-49c3-8a4a-7896393bfb83']",48,,,,,,,,,,,,,,,,Mozambique,4978,00:07:48.133,Pass,True
,,,,,,,,,,,,,,,,,1.006021,,,,,,,,,,,,,,,328655e7-2c9f-4703-89bf-896d62d60451,1740,,"[69.5, 40.0]",3920410,52,,,,-1.4406942,,Right Foot,,,,"[72.3, 18.6]",,Ground Pass,,21.5824,,,,Reinildo Isnard Mandava,10848.0,,,,,,2,From Free Kick,Alfons Amade,23706.0,Right Defensive Midfield,98,Mozambique,4978,['a4435dab-ddc5-4f8b-a041-468f8d46c907'],50,,,,,,,,,,,,,,,,Mozambique,4978,00:07:50.758,Pass,
,,,,,,,,,,,,,,,,,1.726189,,,,,,,,,,,,,,,a5423924-8a44-4b1b-939f-1de002445548,1743,,"[74.9, 17.4]",3920410,52,,,,2.001935,,Left Foot,,,,"[63.4, 42.4]",,Ground Pass,,27.518175,,,,Edson André Sitoe,3250.0,,,,,,2,From Free Kick,Reinildo Isnard Mandava,10848.0,Left Center Back,98,Mozambique,4978,['ef025529-dcc9-4f93-af8b-ac13175891e2'],54,,,,,,,,,,,,,,,,Mozambique,4978,00:07:54.708,Pass,
,,,,,,,,,,,,,,,,,1.125928,,,,,,,,,,,,,,,351c892c-8ff0-4793-a16f-0541f52d63c2,1747,,"[57.1, 39.4]",3920410,52,,,,-1.3624363,,Right Foot,,,,"[60.8, 21.9]",,Ground Pass,,17.886868,,,,Reinildo Isnard Mandava,10848.0,,,,,,2,From Free Kick,Edson André Sitoe,3250.0,Right Center Back,98,Mozambique,4978,['6b383a72-969d-41e6-9fd3-a0cf88cd2c06'],59,,,,,,,,,,,,,,,,Mozambique,4978,00:07:59.485,Pass,
,,,,,,,,,,,,,,,,,1.174104,,,,,,,,,,,,,,,f09f5716-5359-4ab5-8d09-3d4ddec46d45,1749,,"[60.8, 21.9]",3920410,53,True,,,0.959643,,Left Foot,,,,"[71.8, 37.6]",,Ground Pass,,19.170029,,,,Alfons Amade,23706.0,,,,,,2,From Free Kick,Reinildo Isnard Mandava,10848.0,Left Center Back,98,Mozambique,4978,['71660ba8-9416-44cc-9148-cfd46bd54272'],0,,,,,,,,,,,,,,,,Mozambique,4978,00:08:00.691,Pass,
,,,,,,,,,,,,,,,,,2.439791,,,,,,,,,,,,,,,b3d9e0be-f478-4085-8d77-56475182fe7b,1751,,"[63.8, 37.2]",3920410,53,,,,1.1185877,,Right Foot,,,,"[84.3, 79.4]",,High Pass,,46.915775,,,,Infren David da Conceição Matola,417067.0,,True,,,,2,From Free Kick,Alfons Amade,23706.0,Right Defensive Midfield,98,Mozambique,4978,['314bd747-fcb4-4e5b-8d80-87a2ae15f4c5'],3,,,,,,,,,,,,,,,,Mozambique,4978,00:08:03.069,Pass,
,,,,,,,,,,,,,,,,,1.054147,,,,,,,,,,,,,,,562bbedb-8935-4907-8efc-12f87bea8fe5,1754,,"[99.0, 76.6]",3920410,53,,,,-2.0615458,,Right Foot,,,,"[92.0, 63.5]",,Ground Pass,,14.852946,,,,Geny Cipriano Catamo,127300.0,,,,,,2,From Free Kick,Infren David da Conceição Matola,417067.0,Right Back,98,Mozambique,4978,['5da9428a-1db7-49cf-a4ed-0bb2f3a6e845'],9,,,,,,,,,,,,,,,,Mozambique,4978,00:08:09.080,Pass,
,,,,,,,,,,,,,,,,,0.9616,,,,,,,,,,,,,,,35078bf8-a612-4010-8021-bebd32182302,1757,,"[92.0, 63.4]",3920410,53,,,,-1.0679531,,Left Foot,,,,"[96.4, 55.4]",,Ground Pass,,9.13017,,,,Ricardo Martins Guimarães,29482.0,,,,,,2,From Free Kick,Geny Cipriano Catamo,127300.0,Right Wing,98,Mozambique,4978,['a9508f2d-5110-48d7-bc3f-dea47643f143'],11,,,,,,,,,,,,,,,,Mozambique,4978,00:08:11.991,Pass,
,,,,,,,,,,,,,,,,,0.539085,,,,,,,,,,,,,,,66df10f5-da8f-4c5e-8da5-6a47bc45f54b,1759,,"[96.4, 55.4]",3920410,53,,,,3.1415927,cdcab42c-b76d-4f6f-bcdc-bd26396404e5,Right Foot,,,,"[90.6, 55.4]",,Ground Pass,,5.8,,,,Geny Cipriano Catamo,127300.0,True,,,,,2,From Free Kick,Ricardo Martins Guimarães,29482.0,Center Attacking Midfield,98,Mozambique,4978,['6c4a3e65-195f-4b54-98b0-31d0a2108683'],12,,,,,,,,,,,,,,,,Mozambique,4978,00:08:12.952,Pass,
,,,,,,,,,,,,,,,,,1.562087,,,,,,,,,,,,,,,72aab22e-bbe8-460e-9ba1-3555ee8ae11d,1766,,"[120.0, 80.0]",3920410,53,,,,-1.7367557,,Left Foot,,,,"[113.3, 40.0]",,High Pass,True,40.557243,,Incomplete,,,,,True,Inswinging,,Corner,2,From Corner,Geny Cipriano Catamo,127300.0,Right Wing,99,Mozambique,4978,['04e85b04-310c-4152-a042-ad5dddcf0175'],58,,,,,,,,,,,,,,,,Mozambique,4978,00:08:58.604,Pass,
,,,,,,,,,,,,,,,,,3.707963,,,,,,,,,,,,,,,ba4a4965-7012-4ad8-b88c-67177dfd9b06,1771,,"[16.7, 39.3]",3920410,54,,,,0.3149939,,Drop Kick,,,,"[79.0, 59.6]",,High Pass,,65.52389,,,,Mohammed Kudus,17033.0,,,,,,2,From Keeper,Richard Ofori Antwi,68757.0,Goalkeeper,101,Ghana,4885,['7b5e678d-5102-42ee-9f5d-d605d622600a'],27,,,,,,,,,,,,,,,,Ghana,4885,00:09:27.756,Pass,
,,,,,,,,,,,,,,,,,2.46416,,,,,,,,,,,,,,,52649869-c21d-4347-9123-6b4d31d876d4,1778,,"[86.3, 52.8]",3920410,55,,,,-0.9593209,,Left Foot,,,,"[111.4, 17.0]",,High Pass,,43.72242,,,,Alexander Djiku,2989.0,,,,,Free Kick,2,From Free Kick,Mohammed Kudus,17033.0,Center Attacking Midfield,102,Ghana,4885,['a2728e93-9b8f-431b-a093-f7022560f52e'],43,,,,,,,,,,,,,,,,Ghana,4885,00:10:43.308,Pass,
,,,,,,,,,,,,,,,,,1.137668,,,,,,,,,,,,,,,2d7dd66b-951f-4a60-a76e-818e9a011d48,1780,,"[111.4, 17.0]",3920410,55,,,,1.610775,,Head,True,,,"[110.8, 32.0]",,High Pass,,15.011995,,,,Mohamed Salisu,30519.0,,,,,,2,From Free Kick,Alexander Djiku,2989.0,Right Center Back,102,Ghana,4885,['c5a28bba-9a03-4751-97ed-a61c55fca099'],45,,,,,,,,,,,,,,,,Ghana,4885,00:10:45.772,Pass,
,,,,,,,,,,,,,,,,,1.831797,,,,,,,,,,,,,,,d414227b-e2d5-4d63-8074-5414acf08416,1783,,"[110.8, 32.0]",3920410,55,,,True,0.7294566,,,,,,"[117.4, 37.9]",,High Pass,,8.852683,,Incomplete,,André Ayew Pelé,3347.0,,,,,,2,From Free Kick,Mohamed Salisu,30519.0,Left Center Back,102,Ghana,4885,"['dd1d59a0-5806-4729-a613-1ac9e2801adc', 'dba45594-88d0-4062-9d3f-13654241239b', 'f3d7aaa8-1fe6-46ce-b376-3b337ade8188']",46,,,,,,,,,,,,,,,,Ghana,4885,00:10:46.915,Pass,True
,,,,,,,,,,,,,,,,,2.588203,,,,,,,,,,,,,,,883d993d-7b0f-4d45-89e6-ba162d969375,1786,,"[12.9, 37.0]",3920410,55,True,,,-0.39199236,,Drop Kick,,,,"[63.7, 16.0]",,High Pass,,54.969444,,,,Witiness Chimoio João Quembo,10865.0,,,,,,2,From Keeper,Ivane Carminio Francisco Urrubal,161718.0,Goalkeeper,103,Mozambique,4978,['670341d5-5322-49ef-860e-e7524412d2e9'],51,,,,,,,,,,,,,,,,Mozambique,4978,00:10:51.923,Pass,
,,,,,,,,,,,,,,,,,2.206111,,,,,,,,,,,,,,,7b67087d-47cc-4a78-a1dc-aa8e849e595d,1788,,"[63.4, 6.4]",3920410,55,,,,1.5385494,,Right Foot,,,,"[63.7, 15.7]",,Ground Pass,,9.304837,True,Incomplete,,Bruno Alberto Langa,106070.0,,,,,,2,From Keeper,Witiness Chimoio João Quembo,10865.0,Left Wing,103,Mozambique,4978,"['9800f673-f426-4e14-bae2-8e6fe3bfff7c', '19be10f8-bca9-4da0-9812-cc8e93db6446']",56,,,,,,,,,,,,,,,,Mozambique,4978,00:10:56.710,Pass,
,,,,,,,,,,,,,,,,,1.599671,,,,,,,,,,,,,,,19be10f8-bca9-4da0-9812-cc8e93db6446,1790,,"[56.4, 64.4]",3920410,55,,,,0.31597027,,Right Foot,,,,"[72.0, 69.5]",,Ground Pass,,16.412495,,,,Mohammed Kudus,17033.0,,,,,Recovery,2,Regular Play,Iddrisu Baba Mohammed,24087.0,Right Defensive Midfield,104,Ghana,4885,"['7b67087d-47cc-4a78-a1dc-aa8e849e595d', 'a87c65ac-7340-404d-96a6-88d3e797b3f7']",58,,,,,,,,,,,,,,,,Ghana,4885,00:10:58.917,Pass,
,,,,,,,,,,,,,,,,,1.265103,,,,,,,,,,,,,,,890edc20-c96d-4b14-a33c-5dbcdfea2f7b,1793,,"[86.3, 65.2]",3920410,56,,,,0.31656924,,Left Foot,,,,"[97.9, 69.0]",,Ground Pass,,12.206555,,,,Jordan Ayew,3450.0,,,,,,2,Regular Play,Mohammed Kudus,17033.0,Center Attacking Midfield,104,Ghana,4885,['f291eb2c-672f-47e5-99fb-047490784eab'],3,,,,,,,,,,,,,,,,Ghana,4885,00:11:03.347,Pass,
,,,,,,,,,,,,,,,,,0.945656,,,,,,,,,,,,,,,b754984e-9ca9-4ebb-bfa3-48383af7aa8f,1796,,"[101.1, 70.4]",3920410,56,,,,-1.1634033,,Right Foot,True,,,"[111.5, 46.3]",,Low Pass,,26.248238,,Incomplete,,André Ayew Pelé,3347.0,,,,,,2,Regular Play,Jordan Ayew,3450.0,Left Wing,104,Ghana,4885,"['978fb314-0c00-49bc-bbcd-89b569c049fa', '3f016fa2-7f93-4af2-82aa-52737e4c38d6']",5,,,,,,,,,,,,,,,,Ghana,4885,00:11:05.855,Pass,
,,,,,,,,,,,,,,,,,0.745228,,,,,,,,,,,,,,,7cabe876-5596-4a3f-a4fb-e28be2be28dc,1799,,"[111.0, 80.0]",3920410,56,,,,-0.9776258,,,,,,"[117.0, 71.1]",,Low Pass,,10.733592,,,,Antoine Semenyo,9286.0,,,,,Throw-in,2,From Throw In,Denis Odoi,12259.0,Right Back,105,Ghana,4885,['abcc7332-96a4-4808-91a6-72261e056649'],33,,,,,,,,,,,,,,,,Ghana,4885,00:11:33.880,Pass,
,,,,,,,,,,,,,,,,,2.035645,,,,,,,,,,,,,,,45566719-8f7d-4de9-a198-3d1eeb005a7b,1801,,"[117.3, 71.1]",3920410,56,,,,2.8357139,,Right Foot,,,,"[102.1, 75.9]",,Low Pass,,15.939887,,,,Denis Odoi,12259.0,,,,,,2,From Throw In,Antoine Semenyo,9286.0,Right Wing,105,Ghana,4885,['73191d8e-f171-48c9-bbc1-51719af80cd3'],34,,,,,,,,,,,,,,,,Ghana,4885,00:11:34.625,Pass,
,,,,,,,,,,,,,,,,,1.695036,,,,,,,,,,,,,,,9028c055-54e4-46ab-a8de-8a628062df4e,1804,,"[89.6, 74.5]",3920410,56,,,,-2.975798,,Right Foot,,,,"[64.5, 70.3]",,Ground Pass,,25.448969,,,,Alexander Djiku,2989.0,,,,,,2,From Throw In,Denis Odoi,12259.0,Right Back,105,Ghana,4885,['f6fe8c26-c3f2-4400-8085-d18fd7dac094'],40,,,,,,,,,,,,,,,,Ghana,4885,00:11:40.343,Pass,
,,,,,,,,,,,,,,,,,1.58577,,,,,,,,,,,,,,,19a52799-68af-4463-8636-f0c05942de3b,1807,,"[64.1, 68.9]",3920410,56,,,,-1.8925469,,Right Foot,,,,"[55.4, 42.8]",,Ground Pass,,27.511816,,,,Mohamed Salisu,30519.0,,,,,,2,From Throw In,Alexander Djiku,2989.0,Right Center Back,105,Ghana,4885,['26d27b31-9e34-4017-983e-e878eb335483'],42,,,,,,,,,,,,,,,,Ghana,4885,00:11:42.772,Pass,
,,,,,,,,,,,,,,,,,1.624232,,,,,,,,,,,,,,,28045ee7-b987-450e-aa9d-6955fa5bf04b,1810,,"[56.3, 36.9]",3920410,56,,,,1.7925434,,Left Foot,,,,"[50.1, 64.4]",,Ground Pass,,28.190247,,,,Alexander Djiku,2989.0,,,,,,2,From Throw In,Mohamed Salisu,30519.0,Left Center Back,105,Ghana,4885,['113eda87-b10c-48c3-8114-9e02eaf57cd2'],47,,,,,,,,,,,,,,,,Ghana,4885,00:11:47.693,Pass,
,,,,,,,,,,,,,,,,,1.366626,,,,,,,,,,,,,,,962d4dd3-3384-4d99-88b8-fc3bd24a4e79,1813,,"[50.5, 65.1]",3920410,56,,,,-1.7565725,,Right Foot,,,,"[45.2, 36.9]",,Ground Pass,,28.693727,,,,Mohamed Salisu,30519.0,,,,,,2,From Throw In,Alexander Djiku,2989.0,Right Center Back,105,Ghana,4885,['0bd5b33f-0c3f-4df1-928e-1bf99c5f7d9c'],50,,,,,,,,,,,,,,,,Ghana,4885,00:11:50.824,Pass,
,,,,,,,,,,,,,,,,,1.262919,,,,,,,,,,,,,,,45d5d284-66e2-46b6-853d-4c90609ceef1,1816,,"[42.5, 27.6]",3920410,56,,,,-1.4190787,,Left Foot,,,,"[46.2, 3.4]",,Ground Pass,,24.481216,,,,Gideon Mensah,23615.0,,,,,,2,From Throw In,Mohamed Salisu,30519.0,Left Center Back,105,Ghana,4885,['aae7da06-7888-46d8-9a14-04db3511aa0c'],54,,,,,,,,,,,,,,,,Ghana,4885,00:11:54.707,Pass,
,,,,,,,,,,,,,,,,,2.390181,,,,,,,,,,,,,,,3e726d6b-1cec-407c-bd5e-1b6c6e7c285a,1819,,"[48.4, 1.7]",3920410,56,,,,0.055192508,,Left Foot,,,,"[84.6, 3.7]",,High Pass,,36.255207,,Incomplete,,André Ayew Pelé,3347.0,,,,,,2,From Throw In,Gideon Mensah,23615.0,Left Back,105,Ghana,4885,"['1e7a452e-e808-4155-b785-39d13b8a0487', 'f10aa5ff-2672-4cc8-8ad8-a37215b8bc05']",57,,,,,,,,,,,,,,,,Ghana,4885,00:11:57.319,Pass,
,,,,,,,,,,,,,,,,,1.305301,,,,,,,,,,,,,,,2bed32f1-59fe-4a65-8d0d-f129b298bbfa,1822,,"[84.6, 0.1]",3920410,57,,,,0.68690366,,,,,,"[98.5, 11.5]",,Low Pass,,17.976929,,Incomplete,,André Ayew Pelé,3347.0,,,,,Throw-in,2,From Throw In,Gideon Mensah,23615.0,Left Back,106,Ghana,4885,"['20d7ccde-ef1f-47d7-b834-bfe061204f05', '28fa7078-a7cc-4b55-a75e-7e146852819b']",16,,,,,,,,,,,,,,,,Ghana,4885,00:12:16.035,Pass,
,,,,,,,,,,,,,,,,,0.821689,,,,,,,,,,,,,,,da9d7e67-7702-4db4-92be-0f39b14604fb,1828,,"[92.0, 22.2]",3920410,57,,,,1.5707964,e3c5a5ec-d653-4ed5-bdaa-a71814905d56,Left Foot,,,,"[92.0, 41.7]",,Ground Pass,,19.5,,,,Mohammed Kudus,17033.0,True,,,,,2,From Throw In,André Ayew Pelé,3347.0,Center Forward,106,Ghana,4885,['60c1a639-20d8-4abf-af6a-ffb6cef913ca'],20,,,,,,,,,,,,,,,,Ghana,4885,00:12:20.120,Pass,
,,,,,,,,,,,,,,,,,1.129711,,,,,,,,,,,,,,,f88ad82d-7c5c-4016-8913-22ed62ea419c,1836,,"[85.4, 61.9]",3920410,57,,,,0.23958303,,Right Foot,,,,"[98.5, 65.1]",,Ground Pass,,13.485177,,,,Antoine Semenyo,9286.0,,,,,,2,From Throw In,Denis Odoi,12259.0,Right Back,106,Ghana,4885,['e3a63bd9-3160-4f35-a874-bbafb53c7903'],24,,,,,,,,,,,,,,,,Ghana,4885,00:12:24.817,Pass,
,,,,,,,,,,,,,,,,,0.696007,,,,,,,,,,,,,,,16ad1979-0423-441d-919b-d118e3907018,1840,,"[91.9, 53.6]",3920410,57,,,,-2.1381598,,Right Foot,,,,"[85.4, 43.4]",,Ground Pass,,12.09504,,,,Salis Abdul Samed,31029.0,,,,,,2,From Throw In,Antoine Semenyo,9286.0,Right Wing,106,Ghana,4885,['dbe5a1b0-7304-4e76-a423-d1fb4bb41108'],32,,,,,,,,,,,,,,,,Ghana,4885,00:12:32.236,Pass,
,,,,,,,,,,,,,,,,,0.61013,,,,,,,,,,,,,,,0000fa6b-df7c-4312-91c4-000f1fac6d1e,1844,,"[86.3, 44.3]",3920410,57,,,,-0.40890783,,Right Foot,,,,"[92.3, 41.7]",,Ground Pass,,6.539113,,,,Antoine Semenyo,9286.0,,,,,,2,From Throw In,Salis Abdul Samed,31029.0,Left Defensive Midfield,106,Ghana,4885,"['714471b9-ec9c-43a0-a7d4-431aa3fe882a', 'c22b6536-0bfc-46fc-bf6d-8b79a71b51c8']",33,,,,,,,,,,,,,,,,Ghana,4885,00:12:33.209,Pass,True
,,,,,,,,,,,,,,,,,3.721399,,,,,,,,,,,,,,,dfd915b4-6146-4984-a5f5-8d87e3ddbc53,1847,,"[91.9, 36.1]",3920410,57,,,,-0.9483694,,Left Foot,,,,"[116.8, 1.4]",,Ground Pass,,42.709484,,,,Gideon Mensah,23615.0,,,,,,2,From Throw In,Antoine Semenyo,9286.0,Right Wing,106,Ghana,4885,['781bd037-7bf0-4788-8c28-18524035fc81'],35,,,,,,,,,,,,,,,,Ghana,4885,00:12:35.106,Pass,
,,,,,,,,,,,,,,,,,1.236944,,,,,,,,,,,,,,,65af06b4-b537-4398-a780-bc292b173e3b,1850,,"[114.0, 3.4]",3920410,57,,,,3.1352234,,Left Foot,,,,"[98.3, 3.5]",,Ground Pass,,15.700318,,,,Jordan Ayew,3450.0,,,,,,2,From Throw In,Gideon Mensah,23615.0,Left Back,106,Ghana,4885,['b1922529-e126-4313-a429-988288a8c6c8'],40,,,,,,,,,,,,,,,,Ghana,4885,00:12:40.653,Pass,
,,,,,,,,,,,,,,,,,0.959968,,,,,,,,,,,,,,,03caff06-53ab-48b6-854e-b855bcc4d1c9,1853,,"[91.1, 5.5]",3920410,57,,,,1.1071488,,Right Foot,True,,,"[104.9, 33.1]",,High Pass,,30.857738,,Incomplete,,Antoine Semenyo,9286.0,,,,,,2,From Throw In,Jordan Ayew,3450.0,Left Wing,106,Ghana,4885,"['211bb880-b6e2-4ef3-88d2-01d51da468d6', 'cea33750-7174-4224-a030-d3ee5cdcec63']",43,,,,,,,,,,,,,,,,Ghana,4885,00:12:43.570,Pass,
,,,,,,,,,,,,,,,,,3.054893,,,,,,,,,,,,,,,a5c539bd-7084-480a-af72-3a54a8b610dd,1859,,"[20.8, 21.0]",3920410,57,,,,-0.24497867,,Left Foot,,,,"[70.4, 8.6]",,High Pass,,51.12651,,Unknown,,Witiness Chimoio João Quembo,10865.0,,,,,,2,From Counter,Bruno Alberto Langa,106070.0,Left Back,107,Mozambique,4978,"['e32e5cde-5433-493b-8d7d-95fe901d35ce', '9d5ce7b8-b0ec-4297-87fe-4721ac78a8c7']",49,,,,,,,,,,,,,,,,Mozambique,4978,00:12:49.028,Pass,True
,,,,,,,,,,,,,,,,,2.450414,,,,,,,,,,,,,,,9d4b9c3a-c284-4c10-8415-4e304b31b726,1864,,"[78.1, 7.8]",3920410,58,True,,,2.0522747,,Left Foot,,,,"[63.0, 36.7]",,Low Pass,,32.607056,,,,Edson André Sitoe,3250.0,,,,,Free Kick,2,From Free Kick,Bruno Alberto Langa,106070.0,Left Back,108,Mozambique,4978,['2de04aa2-0b41-4885-a020-d905af5e9b76'],31,,,,,,,,,,,,,,,,Mozambique,4978,00:13:31.530,Pass,
,,,,,,,,,,,,,,,,,1.902159,,,,,,,,,,,,,,,5c8f9ae7-a182-4586-af6a-f846b15096b5,1866,,"[63.0, 44.9]",3920410,58,,,,1.3504092,,Right Foot,,,,"[69.9, 75.7]",,Ground Pass,,31.563429,,,,Infren David da Conceição Matola,417067.0,,,,,,2,From Free Kick,Edson André Sitoe,3250.0,Right Center Back,108,Mozambique,4978,['5225352a-effe-4467-bbe1-0cb0b6f0aeaf'],35,,,,,,,,,,,,,,,,Mozambique,4978,00:13:35.748,Pass,
,,,,,,,,,,,,,,,,,1.398438,,,,,,,,,,,,,,,c8ff140d-8e77-4cb3-a246-88306e98ba50,1869,,"[70.0, 76.2]",3920410,58,,,,-2.3202388,,Right Foot,,,,"[63.3, 69.0]",,Ground Pass,,9.835141,,,,Feliciano João Jone,129475.0,,,,,,2,From Free Kick,Infren David da Conceição Matola,417067.0,Right Back,108,Mozambique,4978,['795a4f3a-e3ab-47cb-a576-439effb9c673'],38,,,,,,,,,,,,,,,,Mozambique,4978,00:13:38.944,Pass,
,,,,,,,,,,,,,,,,,0.885555,,,,,,,,,,,,,,,540717d5-a58b-45ad-ab9c-2d8040386f10,1872,,"[64.8, 66.2]",3920410,58,,,,-0.13102792,,Right Foot,,,,"[77.7, 64.5]",,Ground Pass,,13.011534,,,,Geny Cipriano Catamo,127300.0,,,,,,2,From Free Kick,Feliciano João Jone,129475.0,Left Defensive Midfield,108,Mozambique,4978,['3b51e36e-fd2b-4513-8a63-5bfbb013237b'],41,,,,,,,,,,,,,,,,Mozambique,4978,00:13:41.562,Pass,
,,,,,,,,,,,,,,,,,1.177264,,,,,,,,,,,,,,,d3007ed5-94c7-440f-8958-656e398d59a6,1876,,"[77.3, 65.1]",3920410,58,,,,2.8357139,,Left Foot,,,,"[64.0, 69.3]",,Ground Pass,,13.947401,,,,Feliciano João Jone,129475.0,,,,,,2,From Free Kick,Geny Cipriano Catamo,127300.0,Right Wing,108,Mozambique,4978,"['d5c91eb9-e5bd-419b-ac3b-91dbea4b0b81', '6d8cfa07-9080-4d56-a33b-e2d2ce78c6b0']",43,,,,,,,,,,,,,,,,Mozambique,4978,00:13:43.103,Pass,True
,,,,,,,,,,,,,,,,,1.174078,,,,,,,,,,,,,,,d2ae3ee3-eaf8-47ee-8a6b-53cf0e918879,1879,,"[63.4, 68.7]",3920410,58,,,,-2.3738606,,Left Foot,,,,"[49.0, 54.8]",,Ground Pass,,20.014244,,,,Edson André Sitoe,3250.0,,,,,,2,From Free Kick,Feliciano João Jone,129475.0,Left Defensive Midfield,108,Mozambique,4978,['69c58432-64e0-4d49-bf17-ac7520e80947'],45,,,,,,,,,,,,,,,,Mozambique,4978,00:13:45.227,Pass,
,,,,,,,,,,,,,,,,,1.58829,,,,,,,,,,,,,,,b5074c30-1e96-40a3-b7bd-0c896b57cd75,1882,,"[49.1, 53.4]",3920410,58,,,,-1.5269648,,Right Foot,,,,"[50.1, 30.6]",,Ground Pass,,22.821918,,,,Reinildo Isnard Mandava,10848.0,,,,,,2,From Free Kick,Edson André Sitoe,3250.0,Right Center Back,108,Mozambique,4978,['4c9b602f-e82f-4acf-b2ba-a8301d3bf653'],47,,,,,,,,,,,,,,,,Mozambique,4978,00:13:47.511,Pass,
,,,,,,,,,,,,,,,,,1.371267,,,,,,,,,,,,,,,25109461-7786-4fcf-a1d3-22d233de0de9,1885,,"[56.0, 21.9]",3920410,58,,,,-0.79480225,,Left Foot,,,,"[71.8, 5.8]",,Ground Pass,,22.557703,,,,Bruno Alberto Langa,106070.0,,,,,,2,From Free Kick,Reinildo Isnard Mandava,10848.0,Left Center Back,108,Mozambique,4978,['97a763ea-6442-49e4-9601-a247f8ed808f'],50,,,,,,,,,,,,,,,,Mozambique,4978,00:13:50.955,Pass,
,,,,,,,,,,,,,,,,,1.223904,,,,,,,,,,,,,,,d875b1e2-fc9c-4a6e-a3a9-5a02091d1d48,1889,,"[82.4, 8.0]",3920410,58,,,,1.918037,,Left Foot,,,,"[78.6, 18.5]",,Ground Pass,,11.166468,,,,Witiness Chimoio João Quembo,10865.0,,,,,,2,From Free Kick,Bruno Alberto Langa,106070.0,Left Back,108,Mozambique,4978,"['02bd7923-cb6d-468a-b3a2-ed45496e21c4', '75fb6afe-e5d4-4b6e-a58d-2566a08facc3']",54,,,,,,,,,,,,,,,,Mozambique,4978,00:13:54.335,Pass,True
,,,,,,,,,,,,,,,,,0.733671,,,,,,,,,,,,,,,8f0ce303-a18d-4835-b443-416a2c9b9c42,1894,,"[89.9, 11.1]",3920410,58,,,,-2.0974236,,Right Foot,,,,"[84.9, 2.5]",,Ground Pass,,9.947865,,,,Bruno Alberto Langa,106070.0,,,,,,2,From Free Kick,Witiness Chimoio João Quembo,10865.0,Left Wing,108,Mozambique,4978,['2b60ba43-7b62-44f1-848a-43365258e079'],59,,,,,,,,,,,,,,,,Mozambique,4978,00:13:59.401,Pass,
,,,,,,,,,,,,,,,,,2.385159,,,,,,,,,,,,,,,67b334ac-d135-4bed-a542-d0d4b6e65f35,1901,,"[49.2, 68.5]",3920410,59,,,,-1.3266435,,Right Foot,,,,"[56.3, 40.0]",,Ground Pass,,29.371075,,Incomplete,,Mohammed Kudus,17033.0,,,,,,2,From Free Kick,Iddrisu Baba Mohammed,24087.0,Right Defensive Midfield,108,Mozambique,4978,"['3946c659-044d-4d65-b222-04579287930e', 'df01a979-0be2-4a49-8d16-bffa1414df51']",6,,,,,,,,,,,,,,,,Ghana,4885,00:14:06.547,Pass,
,,,,,,,,,,,,,,,,,1.699945,,,,,,,,,,,,,,,3946c659-044d-4d65-b222-04579287930e,1903,,"[63.8, 40.1]",3920410,59,,,,-1.0746158,,Right Foot,,,,"[71.0, 26.8]",,Ground Pass,,15.123822,,,,Ricardo Martins Guimarães,29482.0,,,,,Recovery,2,From Free Kick,Feliciano João Jone,129475.0,Left Defensive Midfield,108,Mozambique,4978,"['67b334ac-d135-4bed-a542-d0d4b6e65f35', '32e2406e-3b3f-4049-88bf-fbaf59c24994']",8,,,,,,,,,,,,,,,,Mozambique,4978,00:14:08.932,Pass,
,,,,,,,,,,,,,,,,,0.97298,,,,,,,,,,,,,,,9219e8d2-67e7-466a-9279-e863dd777ab4,1906,,"[71.0, 26.8]",3920410,59,,,,-2.6298537,,Right Foot,,,,"[63.7, 22.7]",,Ground Pass,,8.372574,,,,Alfons Amade,23706.0,,,,,,2,From Free Kick,Ricardo Martins Guimarães,29482.0,Center Attacking Midfield,108,Mozambique,4978,['10caedc5-ae61-4173-b62e-9343c2c774c2'],10,,,,,,,,,,,,,,,,Mozambique,4978,00:14:10.709,Pass,
,,,,,,,,,,,,,,,,,1.007174,,,,,,,,,,,,,,,617b97fa-79db-4c0d-931b-dbc6d711a967,1909,,"[63.7, 22.7]",3920410,59,,,,-0.40044078,,Right Foot,,,,"[80.0, 15.8]",,Ground Pass,,17.700283,,,,Witiness Chimoio João Quembo,10865.0,,,,,,2,From Free Kick,Alfons Amade,23706.0,Right Defensive Midfield,108,Mozambique,4978,['5b5ebeee-31b1-44e7-94bb-624828b70048'],12,,,,,,,,,,,,,,,,Mozambique,4978,00:14:12.439,Pass,
,,,,,,,,,,,,,,,,,1.763291,,,,,,,,,,,,,,,2d7497ae-37da-40d3-9d00-931cd8962b18,1915,,"[79.1, 13.6]",3920410,59,,,,0.52758473,,Left Foot,,,,"[91.8, 21.0]",,Ground Pass,,14.698639,,,,Ricardo Martins Guimarães,29482.0,,,,,,2,From Free Kick,Witiness Chimoio João Quembo,10865.0,Left Wing,108,Mozambique,4978,"['4b3fb3f2-0322-435c-aedc-68a2b4ea9c09', 'a99784dd-b5a3-4901-a42e-8b37511fe87d']",13,,,,,,,,,,,,,,,,Mozambique,4978,00:14:13.486,Pass,True
,,,,,,,,,,,,,,,,,1.835454,,,,,,,,,,,,,,,cf2f7dcb-f01b-4cda-b158-53889898a5b1,1919,,"[110.5, 19.6]",3920410,59,,,,1.7486715,,Right Foot,,,,"[108.9, 28.5]",,Ground Pass,,9.042677,,Incomplete,,Witiness Chimoio João Quembo,10865.0,,,,,,2,From Free Kick,Ricardo Martins Guimarães,29482.0,Center Attacking Midfield,108,Mozambique,4978,"['05f279eb-18e0-4985-aabe-79394b9af384', 'bf7eec15-e777-463f-b826-43c0b49ea45a', '481e0f41-54fb-4694-afcf-64b872a05bf2']",18,,,,,,,,,,,,,,,,Mozambique,4978,00:14:18.021,Pass,True
,,,,,,,,,,,,,,,,,1.120647,,,,,,,,,,,,,,,6c40f032-ea6e-4d68-887f-07ad8db77ff0,1924,,"[36.9, 5.2]",3920410,59,True,,,2.5015538,,Right Foot,,,,"[9.1, 25.9]",,Ground Pass,,34.660206,,,,Ivane Carminio Francisco Urrubal,161718.0,,,,,,2,Regular Play,Reinildo Isnard Mandava,10848.0,Left Center Back,109,Mozambique,4978,['6b9d11c4-8968-4755-acf9-9c7e85598fa3'],28,,,,,,,,,,,,,,,,Mozambique,4978,00:14:28.713,Pass,
,,,,,,,,,,,,,,,,,1.897211,,,,,,,,,,,,,,,1a4762dc-3889-4025-a41e-253dfa5188c9,1926,,"[13.2, 29.9]",3920410,59,True,,,0.49024886,,Right Foot,,,,"[31.0, 39.4]",,Ground Pass,,20.176472,,,,Edson André Sitoe,3250.0,,,,,,2,Regular Play,Ivane Carminio Francisco Urrubal,161718.0,Goalkeeper,109,Mozambique,4978,['18aff03d-d204-4d52-8b77-60405078bcac'],29,,,,,,,,,,,,,,,,Mozambique,4978,00:14:29.890,Pass,
,,,,,,,,,,,,,,,,,2.486783,,,,,,,,,,,,,,,ed1150f7-b58d-4513-bf11-9fd1df420fa5,1928,,"[35.1, 46.3]",3920410,59,,,,0.86139363,,Right Foot,,,,"[62.4, 78.1]",,Ground Pass,,41.910976,,,,Infren David da Conceição Matola,417067.0,,,,,,2,Regular Play,Edson André Sitoe,3250.0,Right Center Back,109,Mozambique,4978,['b94e7f16-dc2e-4b79-9e3c-9324628e9dc9'],33,,,,,,,,,,,,,,,,Mozambique,4978,00:14:33.256,Pass,
,,,,,,,,,,,,,,,,,1.491247,,,,,,,,,,,,,,,ff25273b-93d4-4a44-b1fb-2f410f3d9454,1931,,"[63.3, 78.0]",3920410,59,,,,-1.9379702,,Right Foot,,,,"[58.8, 66.3]",,Ground Pass,,12.535549,,,,Feliciano João Jone,129475.0,,,,,,2,Regular Play,Infren David da Conceição Matola,417067.0,Right Back,109,Mozambique,4978,['459b6892-82f7-44a2-b84c-f341c4ae27ba'],38,,,,,,,,,,,,,,,,Mozambique,4978,00:14:38.133,Pass,
,,,,,,,,,,,,,,,,,0.957295,,,,,,,,,,,,,,,95dc9e48-88a0-44b8-9383-9f4a775b166e,1934,,"[63.8, 64.4]",3920410,59,,,,-0.1941061,,Right Foot,,,,"[75.5, 62.1]",,Ground Pass,,11.923925,,,,Geny Cipriano Catamo,127300.0,,,,,,2,Regular Play,Feliciano João Jone,129475.0,Left Defensive Midfield,109,Mozambique,4978,['69fbf9a9-ee4d-4e88-a951-9c254b4a616e'],40,,,,,,,,,,,,,,,,Mozambique,4978,00:14:40.955,Pass,
,,,,,,,,,,,,,,,,,1.254248,,,,,,,,,,,,,,,914a1a42-a684-4900-ae6c-9eca519e038a,1937,,"[77.0, 60.9]",3920410,59,,,,0.87720287,,Left Foot,,,,"[91.3, 78.1]",,Ground Pass,,22.368057,,,,Infren David da Conceição Matola,417067.0,,,,,,2,Regular Play,Geny Cipriano Catamo,127300.0,Right Wing,109,Mozambique,4978,['5ba414e8-f5d8-4fb1-bff4-a02da8c7f0ef'],42,,,,,,,,,,,,,,,,Mozambique,4978,00:14:42.902,Pass,
,,,,,,,,,,,,,,,,,1.151821,,,,,,,,,,,,,,,40342e49-d4cc-42d2-b1d6-2abff77df448,1940,,"[91.3, 78.1]",3920410,59,,,,-2.367183,,Right Foot,,,,"[86.7, 73.6]",,Ground Pass,,6.43506,,,,Ricardo Martins Guimarães,29482.0,,,,,,2,Regular Play,Infren David da Conceição Matola,417067.0,Right Back,109,Mozambique,4978,['304ff9e9-fced-4de0-8502-9d4331165122'],44,,,,,,,,,,,,,,,,Mozambique,4978,00:14:44.812,Pass,
,,,,,,,,,,,,,,,,,1.898332,,,,,,,,,,,,,,,71939dc3-ebaa-4ee0-b843-6dbcfce6186b,1943,,"[88.0, 74.6]",3920410,59,,,,-2.4835296,,Right Foot,,,,"[71.7, 62.0]",,Ground Pass,,20.602184,,,,Feliciano João Jone,129475.0,,,,,,2,Regular Play,Ricardo Martins Guimarães,29482.0,Center Attacking Midfield,109,Mozambique,4978,['5aceb1ef-e409-4b48-b294-b53f3cfe32e8'],47,,,,,,,,,,,,,,,,Mozambique,4978,00:14:47.778,Pass,
,,,,,,,,,,,,,,,,,1.340674,,,,,,,,,,,,,,,589ea802-3f44-49f6-9676-37729980be57,1946,,"[71.3, 60.0]",3920410,59,,,,-1.1210368,,Right Foot,,,,"[83.9, 33.9]",,Ground Pass,,28.982237,,,,Alfons Amade,23706.0,,,,,,2,Regular Play,Feliciano João Jone,129475.0,Left Defensive Midfield,109,Mozambique,4978,['e67c1c38-d6c9-4c3b-a138-dd66079dc4ee'],51,,,,,,,,,,,,,,,,Mozambique,4978,00:14:51.078,Pass,
,,,,,,,,,,,,,,,,,0.67522,,,,,,,,,,,,,,,6e217922-5663-4de4-ab7a-0a81826563b8,1949,,"[88.1, 34.5]",3920410,59,,,,-0.01204761,,Right Foot,,,,"[96.4, 34.4]",,Ground Pass,,8.300602,,Incomplete,,Pachoio Lau Há King,106082.0,,,,,,2,Regular Play,Alfons Amade,23706.0,Right Defensive Midfield,109,Mozambique,4978,"['8fad3ef5-3650-437a-8d20-c6c17f8c68f1', 'd6cabe7a-8b83-4241-bcb0-e046e83a8b2c']",53,,,,,,,,,,,,,,,,Mozambique,4978,00:14:53.773,Pass,
,,,,,,,,,,,,,,,,,1.773249,,,,,,,,,,,,,,,c45a1025-1266-42b1-9daf-98b27f34b811,1954,,"[92.6, 29.3]",3920410,59,,,,0.12764445,,Left Foot,,,,"[111.3, 31.7]",,High Pass,,18.853382,,Incomplete,,Alfons Amade,23706.0,,,,,,2,Regular Play,Witiness Chimoio João Quembo,10865.0,Left Wing,109,Mozambique,4978,"['6e337105-d32f-4157-aa5d-ea386c291099', '8d21cc89-add6-4346-b814-e8d862b40249']",56,,,,,,,,,,,,,,,,Mozambique,4978,00:14:56.053,Pass,
,,,,,,,,,,,,,,,,,4.226628,,,,,,,,,,,,,,,8dfff85d-72d7-4748-9d34-cea47d08c339,1959,,"[8.0, 53.0]",3920410,59,,,,1.9386238,,Left Foot,,,,"[0.1, 73.5]",,High Pass,,21.969524,,Out,,,,,,,,,2,Regular Play,Mohamed Salisu,30519.0,Left Center Back,109,Mozambique,4978,['1515d8d5-828d-4558-b996-d18ada02cd1f'],58,,,,,,,,,,,,,,,,Ghana,4885,00:14:58.783,Pass,True
,,,,,,,,,,,,,,,,,1.672819,,,,,,,,,,,,,,,8a3bcb01-21c8-49d1-b020-d651c284a587,1961,,"[120.0, 0.1]",3920410,60,,,,1.6610153,,Left Foot,,,,"[116.3, 41.0]",,High Pass,,41.067017,,Incomplete,True,,,,True,Outswinging,,Corner,2,From Corner,Geny Cipriano Catamo,127300.0,Right Wing,110,Mozambique,4978,['d09fa466-b015-481e-a3d5-f6966d53fe46'],51,,,,,,,,,,,,,,,,Mozambique,4978,00:15:51.391,Pass,
,,,,,,,,,,,,,,,,,3.43268,,,,,,,,,,,,,,,8077300a-07e2-4645-a37a-7285aa483f84,1966,,"[5.2, 34.5]",3920410,61,,,,0.6445936,,Right Foot,,,,"[49.1, 67.5]",,High Pass,,54.920033,,,,Denis Odoi,12259.0,,,,,Goal Kick,2,From Goal Kick,Richard Ofori Antwi,68757.0,Goalkeeper,111,Ghana,4885,['29263730-7c94-4655-b80f-b26e72addae9'],32,,,,,,,,,,,,,,,,Ghana,4885,00:16:32.933,Pass,
,,,,,,,,,,,,,,,,,0.557384,,,,,,,,,,,,,,,501ca010-7303-4fcf-b72b-cfe6894be4eb,1968,,"[49.1, 67.5]",3920410,61,True,,,0.11710875,,Head,,,,"[52.5, 67.9]",,Low Pass,,3.4234486,,Incomplete,,André Ayew Pelé,3347.0,,,,,,2,From Goal Kick,Denis Odoi,12259.0,Right Back,111,Ghana,4885,"['07f50e5c-0322-4f97-9d11-532d0847f031', '1c514686-2f94-4894-8567-5d6962c6cfb1']",36,,,,,,,,,,,,,,,,Ghana,4885,00:16:36.371,Pass,
,,,,,,,,,,,,,,,,,1.973092,,,,,,,,,,,,,,,1b4c8ac1-5687-49dc-ae93-cfc2407996d2,1972,,"[45.9, 67.2]",3920410,61,,,,-0.9124632,,Left Foot,,,,"[55.8, 54.4]",,High Pass,,16.18178,,,,Salis Abdul Samed,31029.0,,,,,Recovery,2,From Goal Kick,Denis Odoi,12259.0,Right Back,111,Ghana,4885,['decf0ccc-f20f-4a79-ad95-f5caf3873f5f'],38,,,,,,,,,,,,,,,,Ghana,4885,00:16:38.145,Pass,
,,,,,,,,,,,,,,,,,0.691682,,,,,,,,,,,,,,,60ed8c1c-26ef-4dde-9c7f-96693d9bb996,1974,,"[55.8, 54.4]",3920410,61,,,,1.8799952,,Head,,,,"[53.5, 61.6]",,Low Pass,,7.558439,,,,Iddrisu Baba Mohammed,24087.0,,,,,,2,From Goal Kick,Salis Abdul Samed,31029.0,Left Defensive Midfield,111,Ghana,4885,['626de9dc-ea5b-4abe-a0ee-2b671a8878d7'],40,,,,,,,,,,,,,,,,Ghana,4885,00:16:40.118,Pass,
,,,,,,,,,,,,,,,,,0.578255,,,,,,,,,,,,,,,258c5393-a4e6-46a8-9f9a-40b4260ce047,1978,,"[53.9, 61.5]",3920410,61,,,,-1.3020933,,Right Foot,,,,"[55.8, 54.6]",,Ground Pass,,7.156815,,,,Salis Abdul Samed,31029.0,,,,,,2,From Goal Kick,Iddrisu Baba Mohammed,24087.0,Right Defensive Midfield,111,Ghana,4885,['06964170-f0a5-4305-a882-465b333b1c53'],41,,,,,,,,,,,,,,,,Ghana,4885,00:16:41.306,Pass,
,,,,,,,,,,,,,,,,,0.949838,,,,,,,,,,,,,,,695cb330-7c4d-41ce-a95d-11dfd9a82315,1984,,"[63.0, 33.5]",3920410,61,,,,-0.3571967,,Right Foot,,,,"[83.9, 25.7]",,Ground Pass,,22.308071,,,,Ricardo Martins Guimarães,29482.0,,,,,,2,Regular Play,Alfons Amade,23706.0,Right Defensive Midfield,112,Mozambique,4978,['8820ef2b-88c5-409b-a05e-3dd7cfed87b2'],45,,,,,,,,,,,,,,,,Mozambique,4978,00:16:45.046,Pass,
,,,,,,,,,,,,,,,,,0.742324,,,,,,,,,,,,,,,7bf6b29a-c57f-4543-bc11-b8cd3250fc96,1990,,"[85.7, 24.8]",3920410,63,,,,0.7328151,,Left Foot,,,,"[102.7, 40.1]",,High Pass,,22.87116,,Incomplete,,Alfons Amade,23706.0,,,,,Free Kick,2,From Free Kick,Geny Cipriano Catamo,127300.0,Right Wing,113,Mozambique,4978,"['f7b01a99-93d1-4e0f-a845-2deec3482f65', '31c9de63-92a7-4caa-89f6-5367e4968d7f']",7,,,,,,,,,,,,,,,,Mozambique,4978,00:18:07.265,Pass,
,,,,,,,,,,,,,,,,,1.425481,,,,,,,,,,,,,,,d272e49c-788e-466c-b6b3-e959b161a1a5,1995,,"[88.1, 77.4]",3920410,63,,,,-1.0308639,,Right Foot,True,,,"[106.2, 47.2]",,High Pass,,35.208664,,,,Ricardo Martins Guimarães,29482.0,,,,,,2,Regular Play,Infren David da Conceição Matola,417067.0,Right Back,114,Mozambique,4978,['c3e0a910-34fd-4b40-87bb-d46f2d158628'],14,,,,,,,,,,,,,,,,Mozambique,4978,00:18:14.806,Pass,
,,,,,,,,,,,,,,,,,0.652431,,,,,,,,,,,,,,,4574e685-cc7f-46b5-9d74-e9fbb2460ff1,1997,,"[105.9, 47.0]",3920410,63,,,,-1.0355226,,Head,,,,"[111.0, 38.4]",,High Pass,,9.9985,,Incomplete,,Pachoio Lau Há King,106082.0,,,,,,2,Regular Play,Ricardo Martins Guimarães,29482.0,Center Attacking Midfield,114,Mozambique,4978,"['fda86f18-eda1-4c97-91f9-138d6dbc3349', '37ee3218-b1d4-43c6-a858-728d211d5ea3']",16,,,,,,,,,,,,,,,,Mozambique,4978,00:18:16.272,Pass,
,,,,,,,,,,,,,,,,,3.904724,,,,,,,,,,,,,,,9d0bc571-93b6-43be-b7da-19900165cf34,2000,,"[9.0, 51.8]",3920410,63,,,,-0.14661957,,Left Foot,,,,"[56.4, 44.8]",,High Pass,,47.91409,,Incomplete,,Mohammed Kudus,17033.0,,,,,Recovery,2,Regular Play,Antoine Semenyo,9286.0,Right Wing,114,Mozambique,4978,"['9f970e85-8b27-4296-b1be-a7c18c53967d', '68553f29-2421-4f63-9318-7aeb25f1da40']",18,,,,,,,,,,,,,,,,Ghana,4885,00:18:18.578,Pass,
,,,,,,,,,,,,,,,,,2.023826,,,,,,,,,,,,,,,65cda366-00ff-4135-9cf2-8049c605bdaa,2005,,"[67.6, 16.7]",3920410,63,,,,-0.1661947,,Left Foot,,,,"[98.6, 11.5]",,High Pass,,31.433104,,,,Bruno Alberto Langa,106070.0,,,,,,2,Regular Play,Geny Cipriano Catamo,127300.0,Right Wing,114,Mozambique,4978,['899797f7-dc0a-45a8-8308-823feff04ef5'],26,,,,,,,,,,,,,,,,Mozambique,4978,00:18:26.858,Pass,
,,,,,,,,,,,,,,,,,2.293437,,,,,,,,,,,,,,,55c873bc-24b4-4c50-822c-f77bc48960f5,2013,,"[99.0, 25.5]",3920410,63,,,,2.4238203,,Left Foot,,,,"[85.6, 37.2]",,Ground Pass,,17.789042,,,,Alfons Amade,23706.0,,,,,,2,Regular Play,Bruno Alberto Langa,106070.0,Left Back,114,Mozambique,4978,"['fdbffc38-581a-4109-a8e3-e659a5d8271b', '2521451d-962e-4078-bf7a-89468c19c426']",31,,,,,,,,,,,,,,,,Mozambique,4978,00:18:31.913,Pass,True
,,,,,,,,,,,,,,,,,1.901742,,,,,,,,,,,,,,,283f4a7c-ffd7-44bf-8f23-d87284a507e6,2016,,"[89.8, 37.6]",3920410,63,,,,-0.5649044,,Right Foot,,,,"[111.1, 24.1]",,High Pass,,25.217852,,,,Ricardo Martins Guimarães,29482.0,,,,,,2,Regular Play,Alfons Amade,23706.0,Right Defensive Midfield,114,Mozambique,4978,['b44da70c-7dc0-4572-b43a-f1e0854bbbbf'],34,,,,,,,,,,,,,,,,Mozambique,4978,00:18:34.966,Pass,
,,,,,,,,,,,,,,,,,0.602599,,,,,,,,,,,,,,,b1374454-6e93-4551-b3d3-dbb273654d9e,2019,,"[111.1, 24.1]",3920410,63,,,,1.4988487,,Left Foot,,,,"[111.9, 35.2]",,Low Pass,,11.128792,,Incomplete,,Bruno Alberto Langa,106070.0,,,,,,2,Regular Play,Ricardo Martins Guimarães,29482.0,Center Attacking Midfield,114,Mozambique,4978,"['1fd5699f-3231-4f90-a2e6-11a9e2c3c47e', '193196eb-fbe1-4613-b5b2-9a163dfe8df1']",36,,,,,,,,,,,,,,,,Mozambique,4978,00:18:36.908,Pass,
,,,,,,,,,,,,,,,,,0.867528,,,,,,,,,,,,,,,5551a06a-ba85-4c2d-bd36-3b4e4d1bb5f6,2022,,"[104.2, 0.1]",3920410,65,,,,2.070143,,,,,,"[98.8, 10.0]",,Low Pass,,11.276968,,,,Geny Cipriano Catamo,127300.0,,,,,Throw-in,2,From Throw In,Bruno Alberto Langa,106070.0,Left Back,115,Mozambique,4978,['5f434ccb-611e-4c0a-9296-27bcc9c95258'],3,,,,,,,,,,,,,,,,Mozambique,4978,00:20:03.551,Pass,
,,,,,,,,,,,,,,,,,1.737819,,,,,,,,,,,,,,,f4328014-c8dc-4f33-a2c1-6f63073b04e6,2024,,"[98.8, 10.0]",3920410,65,,,,-0.045082215,,Left Foot,,,,"[112.1, 9.4]",,Low Pass,,13.313527,,,,Bruno Alberto Langa,106070.0,,,,,,2,From Throw In,Geny Cipriano Catamo,127300.0,Right Wing,115,Mozambique,4978,['0061efac-47d8-445c-ab52-0c2abca27f8d'],4,,,,,,,,,,,,,,,,Mozambique,4978,00:20:04.418,Pass,
,,,,,,,,,,,,,,,,,2.793745,,,,,,,,,,,,,,,f271d51d-d109-4a42-9a46-f7a47993caa5,2031,,"[9.0, 76.2]",3920410,65,,,,0.31656924,,Right Foot,,,,"[20.6, 80.0]",,High Pass,,12.206555,,Out,,André Ayew Pelé,3347.0,,,,,,2,From Throw In,Antoine Semenyo,9286.0,Right Wing,115,Mozambique,4978,['21ed87f3-65dc-43dc-9299-71462bfa9195'],9,,,,,,,,,,,,,,,,Ghana,4885,00:20:09.096,Pass,
,,,,,,,,,,,,,,,,,0.435299,,,,,,,,,,,,,,,5508aef3-e84a-4efa-a24b-70bdda1c6d9f,2033,,"[98.5, 0.1]",3920410,65,True,,,1.5707964,,,,,,"[98.5, 13.0]",,Low Pass,,12.9,,,,Ricardo Martins Guimarães,29482.0,,,,,Throw-in,2,From Throw In,Geny Cipriano Catamo,127300.0,Right Wing,116,Mozambique,4978,['5340d8f5-c778-48bc-b4d9-1f228ba362e6'],15,,,,,,,,,,,,,,,,Mozambique,4978,00:20:15.033,Pass,
,,,,,,,,,,,,,,,,,1.55803,,,,,,,,,,,,,,,8c7f5896-aea8-4e4c-8626-bf1aa28db7c0,2044,,"[22.0, 53.2]",3920410,65,,,,-1.5325009,,Left Foot,,,,"[23.0, 27.1]",,Ground Pass,,26.11915,,,,Gideon Mensah,23615.0,,,,,,2,Regular Play,Mohammed Kudus,17033.0,Center Attacking Midfield,117,Ghana,4885,"['7b0390e7-e7a0-4d7c-96cf-d5679ba7e6cb', '9f0f0ece-e104-4435-943b-fae85a611f92']",21,,,,,,,,,,,,,,,,Ghana,4885,00:20:21.293,Pass,True
,,,,,,,,,,,,,,,,,4.230514,,,,,,,,,,,,,,,ed4a4367-8723-4984-85b6-2fd582fa8528,2047,,"[36.2, 14.6]",3920410,65,,,,-0.10803361,,Left Foot,,,,"[90.6, 8.7]",,Ground Pass,,54.71901,,,,Jordan Ayew,3450.0,,,,,,2,Regular Play,Gideon Mensah,23615.0,Left Back,117,Ghana,4885,['a92bb2e7-b623-4a93-a359-24d28e53eba1'],25,,,,,,,,,,,,,,,,Ghana,4885,00:20:25.041,Pass,
,,,,,,,,,,,,,,,,,1.869678,,,,,,,,,,,,,,,1bdb3b9d-1784-4792-acf8-cd3a396fec2a,2050,,"[100.8, 11.5]",3920410,65,,,,1.2910379,b4b4da6b-ac4f-42ea-a658-969bdc3b0c3f,Left Foot,True,,,"[111.2, 47.7]",,High Pass,,37.664307,,,,Mohammed Kudus,17033.0,True,,,,,2,Regular Play,Jordan Ayew,3450.0,Left Wing,117,Ghana,4885,['14d39d6b-55d2-4ce7-9f84-f993b2dfe95b'],33,,,,,,,,,,,,,,,,Ghana,4885,00:20:33.609,Pass,
,,,,,,,,,,,,,,,,,0.225423,,,,,,,,,,,,,,,4daea7b9-0b1c-4601-8679-4238303a8c1f,2060,,"[61.0, 40.1]",3920410,70,True,,,-3.1300988,,Right Foot,,,,"[52.3, 40.0]",,Ground Pass,,8.700575,,,,Alfons Amade,23706.0,,,,,Kick Off,2,From Kick Off,Pachoio Lau Há King,106082.0,Center Forward,119,Mozambique,4978,['8b1f83f6-eac4-4beb-9e20-cc5d78c3204f'],33,,,,,,,,,,,,,,,,Mozambique,4978,00:25:33.217,Pass,
,,,,,,,,,,,,,,,,,2.698857,,,,,,,,,,,,,,,2ec128d0-e629-417a-a0ba-8d37fb529fc1,2062,,"[54.1, 41.3]",3920410,70,,,,-0.7124245,,Right Foot,,,,"[93.0, 7.7]",,High Pass,,51.402042,,,,Gildo Lourenço Vilanculos,106068.0,,,,,,2,From Kick Off,Alfons Amade,23706.0,Right Defensive Midfield,119,Mozambique,4978,['59148312-ee86-4828-92b5-d0eeaa63b8ec'],37,,,,,,,,,,,,,,,,Mozambique,4978,00:25:37.105,Pass,
,,,,,,,,,,,,,,,,,0.144139,,,,,,,,,,,,,,,64b9bb7b-58f5-4cd6-bc10-db490fc173f6,2066,,"[119.2, 11.2]",3920410,70,,,,1.6118691,,Left Foot,,,,"[118.9, 18.5]",,Low Pass,,7.306162,,Incomplete,,Pachoio Lau Há King,106082.0,,,,,,2,From Kick Off,Gildo Lourenço Vilanculos,106068.0,Left Wing,119,Mozambique,4978,"['a1e8cd27-855a-481c-935f-33e4e158f9c3', '8ecf9f0d-21df-4e99-b0e5-57ce1d6eb7fa']",45,,,,,,,,,,,,,,,,Mozambique,4978,00:25:45.764,Pass,
,,,,,,,,,,,,,,,,,1.811761,,,,,,,,,,,,,,,70cdf866-3614-4177-9199-e6e286ca6d95,2072,,"[120.0, 0.1]",3920410,71,,,,1.7045226,8761a66b-6347-41ef-bbe8-ad805b0805a8,Left Foot,,,,"[114.0, 44.7]",,High Pass,,45.001778,,,True,Alfons Amade,23706.0,True,True,Outswinging,,Corner,2,From Corner,Gildo Lourenço Vilanculos,106068.0,Left Wing,120,Mozambique,4978,['d9ae87f8-d21a-4a57-a137-44bb1c2f2f44'],37,,,,,,,,,,,,,,,,Mozambique,4978,00:26:37.521,Pass,
,,,,,,,,,,,,,,,,,3.891087,,,,,,,,,,,,,,,9aba15db-1d98-44b5-9067-8cf050b11f6b,2077,,"[5.5, 42.5]",3920410,72,,,,0.36529148,,Right Foot,,,,"[62.5, 64.3]",,High Pass,,61.02655,,Incomplete,,André Ayew Pelé,3347.0,,,,,Goal Kick,2,From Goal Kick,Richard Ofori Antwi,68757.0,Goalkeeper,121,Ghana,4885,"['814518a7-0f8e-4ff4-9794-b8ce5f9b905a', 'c9d548e2-de80-44d4-ae57-83cc310dbbb5']",13,,,,,,,,,,,,,,,,Ghana,4885,00:27:13.643,Pass,
,,,,,,,,,,,,,,,,,2.086921,,,,,,,,,,,,,,,814518a7-0f8e-4ff4-9794-b8ce5f9b905a,2080,,"[57.6, 15.8]",3920410,72,,,True,-0.04874185,,,,,,"[74.0, 15.0]",,High Pass,,16.4195,,Unknown,,Pachoio Lau Há King,106082.0,,,,,Recovery,2,From Goal Kick,Feliciano João Jone,129475.0,Left Defensive Midfield,121,Ghana,4885,"['b550ce75-bf95-4ed9-9bfa-94c47d225e08', '1024109c-d798-4fe6-9156-f1910c2d2c40', '9aba15db-1d98-44b5-9067-8cf050b11f6b']",17,,,,,,,,,,,,,,,,Mozambique,4978,00:27:17.534,Pass,True
,,,,,,,,,,,,,,,,,1.930632,,,,,,,,,,,,,,,b37d5c64-cbbd-4292-8311-a1fd61ddb46c,2086,,"[76.6, 17.2]",3920410,72,,,,1.5195591,,Left Foot,,,,"[77.6, 36.7]",,Ground Pass,,19.525623,,,,Ricardo Martins Guimarães,29482.0,,,,,Free Kick,2,From Free Kick,Reinildo Isnard Mandava,10848.0,Left Center Back,122,Mozambique,4978,['0b34ef8e-9b89-4ec8-a9a7-e509c1c11841'],59,,,,,,,,,,,,,,,,Mozambique,4978,00:27:59.873,Pass,
,,,,,,,,,,,,,,,,,2.055387,,,,,,,,,,,,,,,4f45bb39-308c-47fe-ae9e-851d522c52d0,2089,,"[78.4, 38.7]",3920410,73,,,,-0.59862435,,Right Foot,,,,"[108.6, 18.1]",,High Pass,,36.556805,,,,Gildo Lourenço Vilanculos,106068.0,,,,,,2,From Free Kick,Ricardo Martins Guimarães,29482.0,Center Attacking Midfield,122,Mozambique,4978,['e0b823d1-e138-4ab8-a790-4f574cb9c10d'],2,,,,,,,,,,,,,,,,Mozambique,4978,00:28:02.891,Pass,
,,,,,,,,,,,,,,,,,1.118034,,,,,,,,,,,,,,,efc98830-55ce-4f7e-92f4-794aada56e73,2091,,"[110.1, 18.1]",3920410,73,,,,1.8242208,,Head,True,,,"[106.5, 32.0]",,High Pass,,14.358621,,Incomplete,,Elias Gaspar Pelembe,106074.0,,,,,,2,From Free Kick,Gildo Lourenço Vilanculos,106068.0,Left Wing,122,Mozambique,4978,"['f1a97053-5799-43bd-bf71-0172a880dfff', 'a4434d7f-6c7d-46bc-8132-271abe9e0fde']",4,,,,,,,,,,,,,,,,Mozambique,4978,00:28:04.946,Pass,
,,,,,,,,,,,,,,,,,0.709913,,,,,,,,,,,,,,,a4434d7f-6c7d-46bc-8132-271abe9e0fde,2093,,"[13.6, 48.1]",3920410,73,,,,1.0972806,,Right Foot,,,,"[19.8, 60.2]",,Low Pass,,13.595955,,,,Mohammed Kudus,17033.0,,,,,Recovery,2,From Free Kick,Salis Abdul Samed,31029.0,Right Defensive Midfield,122,Mozambique,4978,"['9a3b5694-d832-4a3a-b36c-f39b88751783', 'efc98830-55ce-4f7e-92f4-794aada56e73']",6,,,,,,,,,,,,,,,,Ghana,4885,00:28:06.064,Pass,
,,,,,,,,,,,,,,,,,3.999858,,,,,,,,,,,,,,,4c7b5401-e3c7-4a72-8860-d155b0406e1a,2105,,"[19.8, 47.9]",3920410,73,,,,-0.24920824,,Right Foot,,,,"[58.7, 38.0]",,High Pass,,40.140003,,Incomplete,,André Ayew Pelé,3347.0,,,,,,2,From Free Kick,Iddrisu Baba Mohammed,24087.0,Left Defensive Midfield,122,Mozambique,4978,"['868a6825-0f54-4d62-98da-0ac6515237a2', '81d02a66-03d7-4195-84df-3b891f3be932']",11,,,,,,,,,,,,,,,,Ghana,4885,00:28:11.156,Pass,
,,,,,,,,,,,,,,,,,2.995019,,,,,,,,,,,,,,,868a6825-0f54-4d62-98da-0ac6515237a2,2107,,"[61.4, 42.1]",3920410,73,,,,0.1644013,,Head,,,,"[83.1, 45.7]",,High Pass,,21.996592,,,,Pachoio Lau Há King,106082.0,,,,,Recovery,2,From Free Kick,Edson André Sitoe,3250.0,Right Center Back,122,Mozambique,4978,"['a0bba26c-6747-4d8e-a7b7-398bc24b31a0', '4c7b5401-e3c7-4a72-8860-d155b0406e1a']",15,,,,,,,,,,,,,,,,Mozambique,4978,00:28:15.156,Pass,
,,,,,,,,,,,,,,,,,0.733254,,,,,,,,,,,,,,,c6a30ddc-c06a-40db-9c1a-01e0e3e68de0,2109,,"[83.3, 45.8]",3920410,73,,,,0.30704573,,Head,,,,"[91.5, 48.4]",,High Pass,,8.602325,,Incomplete,,Elias Gaspar Pelembe,106074.0,,,,,,2,From Free Kick,Pachoio Lau Há King,106082.0,Right Center Forward,122,Mozambique,4978,"['11a9a54a-d8e7-449e-bc5b-9378648e7a06', '3d0ea744-0007-4c46-bdb9-41b0a29afd12']",18,,,,,,,,,,,,,,,,Mozambique,4978,00:28:18.151,Pass,
,,,,,,,,,,,,,,,,,0.7188,,,,,,,,,,,,,,,95eba86c-332d-4b20-aa29-7a8cca90471b,2112,,"[89.7, 48.6]",3920410,73,,,True,0.37671134,,,,,,"[98.8, 52.2]",,Low Pass,,9.786215,,Incomplete,,Elias Gaspar Pelembe,106074.0,,,,,Recovery,2,From Free Kick,Pachoio Lau Há King,106082.0,Right Center Forward,122,Mozambique,4978,"['678c2b69-9295-43c6-8a7f-b3fd10ba50e5', 'a0c47310-3de9-4929-a0cb-45cb07d2bda7', 'a52c03ef-d44c-421d-8816-6509691d29c0']",20,,,,,,,,,,,,,,,,Mozambique,4978,00:28:20.509,Pass,True
,,,,,,,,,,,,,,,,,1.629307,,,,,,,,,,,,,,,736b4773-b5e7-4656-86c8-8744a7fa3a08,2116,,"[18.4, 30.7]",3920410,73,,,,-1.098491,,Right Foot,,,,"[23.1, 21.5]",,Ground Pass,,10.331021,,,,Gideon Mensah,23615.0,,,,,Recovery,2,From Free Kick,Alexander Djiku,2989.0,Center Back,122,Mozambique,4978,['524a314e-e7b2-4618-96f4-6b5a81d9255f'],22,,,,,,,,,,,,,,,,Ghana,4885,00:28:22.506,Pass,
,,,,,,,,,,,,,,,,,1.03834,,,,,,,,,,,,,,,55688791-4dd8-49bb-84b2-1b0d2e582032,2121,,"[41.3, 1.1]",3920410,73,,,,0.02136427,,Left Foot,,,,"[64.7, 1.6]",,Low Pass,,23.405342,,Incomplete,,Jordan Ayew,3450.0,,,,,,2,From Free Kick,Gideon Mensah,23615.0,Left Wing Back,122,Mozambique,4978,"['309f2993-bff7-486b-940c-fdfc346f875c', 'fe8bdf5f-9a70-4360-90bb-c8918de840f4', '7fdf6870-d9ed-4dce-ac08-6364148ebb65']",27,,,,,,,,,,,,,,,,Ghana,4885,00:28:27.412,Pass,True
,,,,,,,,,,,,,,,,,0.854316,,,,,,,,,,,,,,,4b349f5c-2abf-45d9-ae4e-1f4522214fc8,2126,,"[77.1, 77.9]",3920410,73,,,,-0.5176491,,Right Foot,,,,"[91.5, 69.7]",,Ground Pass,,16.571058,,,,Elias Gaspar Pelembe,106074.0,,,,,,2,From Free Kick,Ricardo Martins Guimarães,29482.0,Right Defensive Midfield,122,Mozambique,4978,['8c252dba-1642-4372-9695-50f76571ecdf'],35,,,,,,,,,,,,,,,,Mozambique,4978,00:28:35.760,Pass,
,,,,,,,,,,,,,,,,,0.954214,,,,,,,,,,,,,,,2d1d7929-2d4e-46ee-ade2-8ac76345ab4d,2132,,"[91.9, 68.8]",3920410,74,,,,-0.96934164,94cc27da-6953-4ad9-95f1-10b2ca77c3dc,Right Foot,True,,,"[105.9, 48.4]",,High Pass,,24.741867,,,,Gildo Lourenço Vilanculos,106068.0,True,,,,Free Kick,2,From Free Kick,Elias Gaspar Pelembe,106074.0,Left Defensive Midfield,123,Mozambique,4978,['0b260abc-7374-496b-b049-2264c7878245'],24,,,,,,,,,,,,,,,,Mozambique,4978,00:29:24.302,Pass,
,,,,,,,,,,,,,,,,,3.817544,,,,,,,,,,,,,,,b893c7f2-b79d-4d9d-a567-7ea818e6c727,2138,,"[5.5, 36.3]",3920410,76,,,,-0.5186021,,Right Foot,,,,"[64.9, 2.4]",,High Pass,,68.39276,,Incomplete,,Jordan Ayew,3450.0,,,,,Goal Kick,2,From Goal Kick,Richard Ofori Antwi,68757.0,Goalkeeper,124,Ghana,4885,"['1712cdb8-fc43-4197-a64f-e8fbb764f99c', 'defe361a-1667-42f3-b42b-3a6eaa990fd4']",34,,,,,,,,,,,,,,,,Ghana,4885,00:31:34.220,Pass,
,,,,,,,,,,,,,,,,,1.6234,,,,,,,,,,,,,,,59bc8bdf-40cd-4431-b9da-6bce8263b397,2142,,"[64.3, 0.1]",3920410,77,,,,0.10619794,,,,,,"[84.0, 2.2]",,High Pass,,19.811613,,,,Jordan Ayew,3450.0,,,,,Throw-in,2,From Throw In,Gideon Mensah,23615.0,Left Wing Back,125,Ghana,4885,['2a8cad43-d5b7-4b2f-bdc3-abe83ae3428e'],0,,,,,,,,,,,,,,,,Ghana,4885,00:32:00.360,Pass,
,,,,,,,,,,,,,,,,,1.744324,,,,,,,,,,,,,,,42114d45-42f8-49f2-a129-fa7686cc529e,2152,,"[69.7, 51.2]",3920410,77,,,,-1.3053377,,Left Foot,,,,"[78.4, 19.2]",,Low Pass,,33.161575,,Incomplete,,Bruno Alberto Langa,106070.0,,,,,,2,From Throw In,Geny Cipriano Catamo,127300.0,Right Midfield,125,Ghana,4885,"['cc65bcb3-c859-4b69-99c3-281cd897919c', '8d7165cc-01d6-4e3a-a1ff-7cf03511258b', 'bda02b5f-01c8-4056-bc15-e5596566c6f6']",12,,,,,,,,,,,,,,,,Mozambique,4978,00:32:12.847,Pass,True
,,,,,,,,,,,,,,,,,2.161223,,,,,,,,,,,,,,,714df9ae-623d-45c3-8cbc-346fbd995814,2159,,"[64.5, 56.0]",3920410,77,,,,1.0804489,,Left Foot,,,,"[71.6, 69.3]",,Ground Pass,,15.076471,,,,Alidu Seidu,45047.0,,,,,,2,From Throw In,Mohammed Kudus,17033.0,Right Attacking Midfield,125,Ghana,4885,"['9e712f7c-a5a3-49b9-8502-02defd74bb9a', '824cfbe8-9010-4c47-b672-6416f221c3cd']",18,,,,,,,,,,,,,,,,Ghana,4885,00:32:18.426,Pass,True
,,,,,,,,,,,,,,,,,0.161187,,,,,,,,,,,,,,,a8cb97b8-9b9e-4477-a7c1-f98220b1276b,2162,,"[95.5, 61.6]",3920410,77,,,,-0.69652396,,Right Foot,,,,"[101.0, 57.0]",,Ground Pass,,7.170077,,Incomplete,,André Ayew Pelé,3347.0,,,,,,2,From Throw In,Alidu Seidu,45047.0,Right Wing Back,125,Ghana,4885,"['ed2dc281-a059-4c03-85d7-2dd114fb1f74', '822f2f92-d3e1-47cf-9935-e1559a2b3b4c']",22,,,,,,,,,,,,,,,,Ghana,4885,00:32:22.825,Pass,
,,,,,,,,,,,,,,,,,1.368168,,,,,,,,,,,,,,,d663ea7c-7d54-4c00-a8c0-3a3021b4c872,2168,,"[71.8, 59.4]",3920410,77,,,,-2.3071542,,Right Foot,,,,"[56.3, 42.3]",,Ground Pass,,23.079428,,,,Alexander Djiku,2989.0,,,,,,2,From Throw In,Iddrisu Baba Mohammed,24087.0,Left Defensive Midfield,125,Ghana,4885,"['929a5fca-ebb1-46ed-9497-fc9d05cc4f7f', '5185df4f-9cca-4fdf-ac91-c791abdb2bc9']",28,,,,,,,,,,,,,,,,Ghana,4885,00:32:28.049,Pass,True
,,,,,,,,,,,,,,,,,2.964166,,,,,,,,,,,,,,,1775a212-2692-4e5f-a82a-4fa30b30bea4,2171,,"[55.9, 40.3]",3920410,77,,,,-1.562566,,Right Foot,,,,"[56.1, 16.0]",,Ground Pass,,24.300823,,,,Mohamed Salisu,30519.0,,,,,,2,From Throw In,Alexander Djiku,2989.0,Center Back,125,Ghana,4885,['fb2334d1-97eb-43af-8aea-b83ffe2238d5'],30,,,,,,,,,,,,,,,,Ghana,4885,00:32:30.148,Pass,
,,,,,,,,,,,,,,,,,1.295187,,,,,,,,,,,,,,,c325e17d-1dd7-454a-8231-eaebc58395ee,2174,,"[56.3, 15.3]",3920410,77,,,,0.037653428,,Left Foot,,,,"[85.5, 16.4]",,High Pass,,29.220713,,Incomplete,,André Ayew Pelé,3347.0,,,,,,2,From Throw In,Mohamed Salisu,30519.0,Left Center Back,125,Ghana,4885,"['99d39597-6589-4e2d-969c-3ada05d2229e', '8e09d434-920a-40fb-a9b1-5436097fba74']",33,,,,,,,,,,,,,,,,Ghana,4885,00:32:33.355,Pass,
,,,,,,,,,,,,,,,,,2.296106,,,,,,,,,,,,,,,f9e9cbbe-8d95-40b6-848f-c68bff619670,2183,,"[10.0, 34.6]",3920410,77,True,,,-1.2793396,,Keeper Arm,,,,"[15.1, 17.6]",,Ground Pass,,17.748522,,,,Bruno Alberto Langa,106070.0,,,,,,2,Regular Play,Ivane Carminio Francisco Urrubal,161718.0,Goalkeeper,126,Mozambique,4978,['46a7a46e-8fa6-4897-9368-43e8d2bdbde7'],46,,,,,,,,,,,,,,,,Mozambique,4978,00:32:46.701,Pass,
,,,,,,,,,,,,,,,,,4.051309,,,,,,,,,,,,,,,90732193-0201-4a81-93c2-3e665c02adac,2185,,"[15.5, 17.6]",3920410,77,,,,1.3049415,,Right Foot,,,,"[21.3, 38.9]",,Ground Pass,,22.075552,,,,Edson André Sitoe,3250.0,,,,,,2,Regular Play,Bruno Alberto Langa,106070.0,Left Back,126,Mozambique,4978,['09577d1f-db73-4b0c-8860-ab888d9d01ce'],51,,,,,,,,,,,,,,,,Mozambique,4978,00:32:51.341,Pass,
,,,,,,,,,,,,,,,,,1.605957,,,,,,,,,,,,,,,753f8c54-b5b5-4ca9-9fc6-aa3789f324db,2188,,"[25.2, 42.7]",3920410,77,,,,1.3154643,,Right Foot,,,,"[32.3, 69.9]",,Ground Pass,,28.111385,,,,Infren David da Conceição Matola,417067.0,,,,,,2,Regular Play,Edson André Sitoe,3250.0,Right Center Back,126,Mozambique,4978,['f458f762-07d5-4d02-a8c2-a14fa43e27b4'],56,,,,,,,,,,,,,,,,Mozambique,4978,00:32:56.788,Pass,
,,,,,,,,,,,,,,,,,1.171855,,,,,,,,,,,,,,,58c7194d-4ed7-4854-88f2-162bb7e242fe,2191,,"[38.8, 73.7]",3920410,78,,,,0.1933579,,Right Foot,,,,"[53.1, 76.5]",,Ground Pass,,14.5715475,,,,Geny Cipriano Catamo,127300.0,,,,,,2,Regular Play,Infren David da Conceição Matola,417067.0,Right Back,126,Mozambique,4978,['8741a691-3ef5-4665-87e5-45ca7404cff1'],0,,,,,,,,,,,,,,,,Mozambique,4978,00:33:00.575,Pass,
,,,,,,,,,,,,,,,,,1.155029,,,,,,,,,,,,,,,075453a8-d091-418e-94db-e7bfddfabc22,2197,,"[48.3, 72.6]",3920410,78,,,,-1.7120512,,Right Foot,,,,"[45.2, 50.8]",,Ground Pass,,22.01931,,,,Reinildo Isnard Mandava,10848.0,,,,,Free Kick,2,From Free Kick,Edson André Sitoe,3250.0,Right Center Back,127,Mozambique,4978,['bd4607d8-894f-4dc6-856b-2ab43cb5813f'],27,,,,,,,,,,,,,,,,Mozambique,4978,00:33:27.873,Pass,
,,,,,,,,,,,,,,,,,0.866491,,,,,,,,,,,,,,,b41a5f2d-e73a-4b42-a6ba-da8096cbd322,2200,,"[44.8, 47.6]",3920410,78,,,,0.0,,Left Foot,,,,"[56.7, 47.6]",,Ground Pass,,11.9,,,,Ricardo Martins Guimarães,29482.0,,,,,,2,From Free Kick,Reinildo Isnard Mandava,10848.0,Left Center Back,127,Mozambique,4978,['b4f521ff-3a91-4690-ab38-18f4f5619c9e'],29,,,,,,,,,,,,,,,,Mozambique,4978,00:33:29.864,Pass,
,,,,,,,,,,,,,,,,,1.817056,,,,,,,,,,,,,,,4b732d77-14bd-4c6a-87d3-bd03e0230a6b,2203,,"[56.7, 47.3]",3920410,78,,,,2.0934472,,Right Foot,,,,"[46.1, 65.7]",,Ground Pass,,21.234877,,,,Edson André Sitoe,3250.0,,,,,,2,From Free Kick,Ricardo Martins Guimarães,29482.0,Right Defensive Midfield,127,Mozambique,4978,"['76f2519f-eb02-47c0-aecb-2819183b5aa1', '51d3552b-3ed2-4305-9e88-bd9f0dc91684']",30,,,,,,,,,,,,,,,,Mozambique,4978,00:33:30.732,Pass,True
,,,,,,,,,,,,,,,,,2.845132,,,,,,,,,,,,,,,309e1ef2-36eb-4ecf-aa6c-42b720459ad4,2207,,"[41.4, 76.7]",3920410,78,,,,-2.4040048,,Left Foot,,,,"[19.5, 56.8]",,Ground Pass,,29.590878,,,,Ivane Carminio Francisco Urrubal,161718.0,,,,,,2,From Free Kick,Edson André Sitoe,3250.0,Right Center Back,127,Mozambique,4978,"['d81d19e2-02f5-4337-9622-7e17b35a17b2', '2ac4a47b-dea7-42f1-91d1-c73994321562']",35,,,,,,,,,,,,,,,,Mozambique,4978,00:33:35.181,Pass,True
,,,,,,,,,,,,,,,,,1.410273,,,,,,,,,,,,,,,ed7d4c43-bdf7-4c3d-8a1c-edb62c2cb978,2210,,"[20.8, 55.5]",3920410,78,,,,-0.8325734,,Right Foot,,,,"[31.9, 43.3]",,Ground Pass,,16.493938,,,,Reinildo Isnard Mandava,10848.0,,,,,,2,From Free Kick,Ivane Carminio Francisco Urrubal,161718.0,Goalkeeper,127,Mozambique,4978,['faee7eb8-0103-47be-9382-981dc786b947'],39,,,,,,,,,,,,,,,,Mozambique,4978,00:33:39.024,Pass,
,,,,,,,,,,,,,,,,,1.332081,,,,,,,,,,,,,,,e06467cf-b06e-4757-a0cd-8ba8599e1f1c,2213,,"[35.1, 42.3]",3920410,78,,,,0.6738302,,Left Foot,,,,"[48.5, 53.0]",,Ground Pass,,17.147886,,,,Ricardo Martins Guimarães,29482.0,,,,,,2,From Free Kick,Reinildo Isnard Mandava,10848.0,Left Center Back,127,Mozambique,4978,['8094bccf-0b3e-456b-ae41-9a43b51f9831'],41,,,,,,,,,,,,,,,,Mozambique,4978,00:33:41.979,Pass,
,,,,,,,,,,,,,,,,,2.019954,,,,,,,,,,,,,,,95e017e0-4c0f-4dd3-b7a3-d4be48142aab,2215,,"[47.6, 53.8]",3920410,78,,,,2.1073368,,Right Foot,,,,"[36.3, 72.8]",,Ground Pass,,22.106335,,,,Edson André Sitoe,3250.0,,,,,,2,From Free Kick,Ricardo Martins Guimarães,29482.0,Right Defensive Midfield,127,Mozambique,4978,['1ddf1ff4-12ab-4ad8-b15c-864ac951ad2f'],43,,,,,,,,,,,,,,,,Mozambique,4978,00:33:43.311,Pass,
,,,,,,,,,,,,,,,,,2.650575,,,,,,,,,,,,,,,165c40b6-14c9-47a3-98b7-0a829a261433,2218,,"[43.4, 74.1]",3920410,78,,,,-0.09606315,,Right Foot,,,,"[90.1, 69.6]",,High Pass,,46.91631,,Incomplete,,Elias Gaspar Pelembe,106074.0,,,,,,2,From Free Kick,Edson André Sitoe,3250.0,Right Center Back,127,Mozambique,4978,"['64706444-691e-4f6b-a4a2-258abb47af38', 'ecc1e14e-243c-4973-b1ad-c7f66de42930']",46,,,,,,,,,,,,,,,,Mozambique,4978,00:33:46.612,Pass,
,,,,,,,,,,,,,,,,,1.937268,,,,,,,,,,,,,,,594a7dec-dc44-4f23-8fdf-7909c8e442dc,2222,,"[31.2, 8.7]",3920410,78,,,,0.32786044,,Left Foot,,,,"[45.9, 13.7]",,High Pass,,15.527073,,Incomplete,,André Ayew Pelé,3347.0,,,,,,2,From Free Kick,Mohamed Salisu,30519.0,Left Center Back,127,Mozambique,4978,"['fae4a587-e99d-47eb-ace1-0627127478ad', '49d6ea00-d65b-4c16-8dff-809c5075a160']",50,,,,,,,,,,,,,,,,Ghana,4885,00:33:50.696,Pass,
,,,,,,,,,,,,,,,,,0.832729,,,,,,,,,,,,,,,c38d8138-8b29-4440-9e85-b173ab779967,2231,,"[46.3, 14.9]",3920410,78,,,,-0.40890783,,Left Foot,,,,"[61.3, 8.4]",,Ground Pass,,16.347782,,,,Jordan Ayew,3450.0,,,,,,2,Regular Play,André Ayew Pelé,3347.0,Center Forward,128,Ghana,4885,"['4c1fce15-895b-4819-89c3-42649800d64c', '9afe0120-d0c1-4e40-8bc6-7771ae7f5849']",55,,,,,,,,,,,,,,,,Ghana,4885,00:33:55.568,Pass,True
,,,,,,,,,,,,,,,,,1.098663,,,,,,,,,,,,,,,6270ade0-4b1b-4fde-9342-898813f7c23d,2235,,"[91.7, 2.0]",3920410,79,,,,2.9465723,,Right Foot,,,,"[83.6, 3.6]",,Ground Pass,,8.256513,,,,André Ayew Pelé,3347.0,,,,,,2,Regular Play,Jordan Ayew,3450.0,Left Attacking Midfield,128,Ghana,4885,['de9436be-685f-4345-a3db-af5026af9a66'],2,,,,,,,,,,,,,,,,Ghana,4885,00:34:02.053,Pass,
,,,,,,,,,,,,,,,,,0.854273,,,,,,,,,,,,,,,2a21282a-e380-49c9-a49f-ff6dadcca218,2238,,"[88.8, 6.0]",3920410,79,,,,-1.048962,,Left Foot,,,,"[91.1, 2.0]",,Ground Pass,,4.6141086,,,,Jordan Ayew,3450.0,,,,,,2,Regular Play,André Ayew Pelé,3347.0,Center Forward,128,Ghana,4885,['7816514b-8a02-409a-8335-c8fab39fab77'],7,,,,,,,,,,,,,,,,Ghana,4885,00:34:07.147,Pass,
,,,,,,,,,,,,,,,,,0.854836,,,,,,,,,,,,,,,9f76006b-2498-45a5-bd8f-5305ec8e0ffa,2241,,"[88.8, 2.0]",3920410,79,,,,1.5215404,,Right Foot,,,,"[89.5, 16.2]",,Ground Pass,,14.217243,,,,Salis Abdul Samed,31029.0,,,,,,2,Regular Play,Jordan Ayew,3450.0,Left Attacking Midfield,128,Ghana,4885,['02fb1a4b-197b-4c10-a47b-eb1cf2c94951'],8,,,,,,,,,,,,,,,,Ghana,4885,00:34:08.755,Pass,
,,,,,,,,,,,,,,,,,3.463859,,,,,,,,,,,,,,,412eb341-a3a5-4fe4-82c4-501acbc8454c,2249,,"[45.2, 36.5]",3920410,79,,,,-0.4910669,,Left Foot,,,,"[101.3, 6.5]",,High Pass,,63.617687,,,,Pachoio Lau Há King,106082.0,,,,,,2,Regular Play,Reinildo Isnard Mandava,10848.0,Left Center Back,128,Ghana,4885,['f23096f7-719d-4cd0-bd93-ff4338213fd3'],18,,,,,,,,,,,,,,,,Mozambique,4978,00:34:18.866,Pass,
,,,,,,,,,,,,,,,,,0.81846,,,,,,,,,,,,,,,914988c4-9a5a-428a-a03f-8b15b5a8fcb3,2252,,"[110.1, 7.3]",3920410,79,,,,1.552726,,Left Foot,,,,"[110.4, 23.9]",,Low Pass,,16.60271,,Incomplete,,Stanley Ratifo,127547.0,,,,,,2,Regular Play,Pachoio Lau Há King,106082.0,Right Center Forward,128,Ghana,4885,"['c69b87da-a811-453a-b0c6-40b496cd3c26', 'b41eee08-fa77-4e18-8067-41d7faa2a51b']",24,,,,,,,,,,,,,,,,Mozambique,4978,00:34:24.595,Pass,
,,,,,,,,,,,,,,,,,2.660901,,,,,,,,,,,,,,,4b3c08f5-2820-4c33-88b3-61c4be8aca79,2256,,"[10.7, 56.2]",3920410,79,,,,0.74247974,,Right Foot,,,,"[27.7, 71.8]",,Ground Pass,,23.072927,,,,Daniel Amartey,3709.0,,,,,,2,Regular Play,Alidu Seidu,45047.0,Right Wing Back,128,Ghana,4885,['813d4446-daa3-4b0a-8139-ee2b430e36c5'],26,,,,,,,,,,,,,,,,Ghana,4885,00:34:26.863,Pass,
,,,,,,,,,,,,,,,,,1.622591,,,,,,,,,,,,,,,ae3c6a4c-94ea-43f0-9d92-373b5e873e73,2258,,"[30.0, 71.6]",3920410,79,,,,-0.030163262,,Right Foot,,,,"[53.2, 70.9]",,Ground Pass,,23.210558,,,,Mohammed Kudus,17033.0,,,,,,2,Regular Play,Daniel Amartey,3709.0,Right Center Back,128,Ghana,4885,['0c5bf57e-ceb2-4eac-97c2-89097d8c8887'],29,,,,,,,,,,,,,,,,Ghana,4885,00:34:29.524,Pass,
,,,,,,,,,,,,,,,,,0.980844,,,,,,,,,,,,,,,5feaf708-a60b-4db0-b303-f3a2574a0722,2262,,"[70.7, 66.3]",3920410,79,,,,-1.052809,,Left Foot,,,,"[76.0, 57.0]",,Ground Pass,,10.704205,,,,Salis Abdul Samed,31029.0,,,,,,2,Regular Play,Mohammed Kudus,17033.0,Right Attacking Midfield,128,Ghana,4885,"['ba23fc9c-0cd0-4e2b-8fd0-29e321955789', '73d5a3e1-3faf-42a8-9a82-347fe6fa255a']",36,,,,,,,,,,,,,,,,Ghana,4885,00:34:36.473,Pass,True
,,,,,,,,,,,,,,,,,0.55096,,,,,,,,,,,,,,,9bfb86de-3361-4117-96ce-423f52926c76,2266,,"[76.9, 62.1]",3920410,79,,,,0.1431581,,Right Foot,,,,"[88.0, 63.7]",,Ground Pass,,11.214723,,Incomplete,,Mohammed Kudus,17033.0,,,,,,2,Regular Play,Salis Abdul Samed,31029.0,Right Defensive Midfield,128,Ghana,4885,"['005e1294-de96-4d85-81eb-36702c7ea873', '34f20ab8-92fb-43b7-a87a-d9292af94bc5', '97ede741-7d12-4001-a5d3-f2ac8aa556b0']",37,,,,,,,,,,,,,,,,Ghana,4885,00:34:37.790,Pass,True
,,,,,,,,,,,,,,,,,0.950156,,,,,,,,,,,,,,,cf8f342c-1c30-4355-ac85-964c78b76be0,2270,,"[28.4, 21.2]",3920410,79,,,,-0.5404195,,Right Foot,,,,"[39.9, 14.3]",,Ground Pass,,13.411189,,,,Reinildo Isnard Mandava,10848.0,,,,,,2,Regular Play,Bruno Alberto Langa,106070.0,Left Back,129,Mozambique,4978,['6dccd21d-474f-4efc-93c8-d27611d92c46'],40,,,,,,,,,,,,,,,,Mozambique,4978,00:34:40.380,Pass,
,,,,,,,,,,,,,,,,,1.523974,,,,,,,,,,,,,,,7c8421f3-82fb-4c85-9b5c-382ef227a71f,2273,,"[39.0, 16.4]",3920410,79,,,,1.9941071,,Left Foot,,,,"[30.8, 34.6]",,Ground Pass,,19.961964,,,,Edson André Sitoe,3250.0,,,,,,2,Regular Play,Reinildo Isnard Mandava,10848.0,Left Center Back,129,Mozambique,4978,['86b6d6f7-156c-4baa-9ec8-1e83b40750e7'],42,,,,,,,,,,,,,,,,Mozambique,4978,00:34:42.394,Pass,
,,,,,,,,,,,,,,,,,2.144646,,,,,,,,,,,,,,,050c4667-2f8e-47a1-a27a-ffdb9b0bbaed,2276,,"[34.1, 36.7]",3920410,79,,,,0.4373379,,Right Foot,,,,"[57.2, 47.5]",,Ground Pass,,25.5,,,,Ricardo Martins Guimarães,29482.0,,,,,,2,Regular Play,Edson André Sitoe,3250.0,Right Center Back,129,Mozambique,4978,['f6e16b0a-9c93-4cd3-b823-0c239596de44'],45,,,,,,,,,,,,,,,,Mozambique,4978,00:34:45.424,Pass,
,,,,,,,,,,,,,,,,,2.035615,,,,,,,,,,,,,,,db56fc8d-eab6-4c7e-95d9-db206ad8a700,2279,,"[55.8, 54.0]",3920410,79,,,,0.9581861,,Right Foot,,,,"[73.3, 78.9]",,Ground Pass,,30.43452,,,,Infren David da Conceição Matola,417067.0,,,,,,2,Regular Play,Ricardo Martins Guimarães,29482.0,Right Defensive Midfield,129,Mozambique,4978,['cf248c64-b742-4949-8bcd-9094366abe16'],49,,,,,,,,,,,,,,,,Mozambique,4978,00:34:49.191,Pass,
,,,,,,,,,,,,,,,,,1.101705,,,,,,,,,,,,,,,d1dd7cea-4e9b-47c4-ad8d-07cad97dd249,2282,,"[85.1, 77.5]",3920410,79,,,,-0.7482162,,Right Foot,,,,"[108.8, 55.5]",,Low Pass,,32.33713,,Incomplete,,Stanley Ratifo,127547.0,,,,,,2,Regular Play,Infren David da Conceição Matola,417067.0,Right Back,129,Mozambique,4978,"['5e88fd23-1217-4471-9174-004175c2514f', 'bb1e5eca-6aba-498f-b6a6-679812a9eb84']",53,,,,,,,,,,,,,,,,Mozambique,4978,00:34:53.694,Pass,
,,,,,,,,,,,,,,,,,1.903046,,,,,,,,,,,,,,,7d580b93-466f-4eac-84f6-612f8ceb0de0,2287,,"[36.4, 32.1]",3920410,79,,,,-0.93657947,,Right Foot,,,,"[58.1, 2.6]",,Ground Pass,,36.62158,,,,Jordan Ayew,3450.0,,,,,,2,Regular Play,Salis Abdul Samed,31029.0,Right Defensive Midfield,129,Mozambique,4978,['8c2a4106-bc1e-4a0a-80ac-3075edf7b2d0'],58,,,,,,,,,,,,,,,,Ghana,4885,00:34:58.350,Pass,
,,,,,,,,,,,,,,,,,1.286797,,,,,,,,,,,,,,,3a037699-052e-40ea-a311-ecef5086996a,2293,,"[120.0, 0.1]",3920410,80,True,,,1.6416832,,Right Foot,,,,"[117.6, 33.9]",,High Pass,True,33.8851,,Incomplete,,,,,,Inswinging,,Corner,2,From Corner,Jordan Ayew,3450.0,Left Attacking Midfield,130,Ghana,4885,['29516dc0-1bf0-417c-80ff-686400caf34e'],49,,,,,,,,,,,,,,,,Ghana,4885,00:35:49.855,Pass,
,,,,,,,,,,,,,,,,,0.8,,,,,,,,,,,,,,,3cc87ae2-c025-442c-b43a-a645dd561ef8,2297,,"[7.0, 50.1]",3920410,81,True,,,0.26135898,,Right Foot,,,,"[39.9, 58.9]",,Ground Pass,,34.056572,,,,Elias Gaspar Pelembe,106074.0,,,,,Goal Kick,2,From Goal Kick,Ivane Carminio Francisco Urrubal,161718.0,Goalkeeper,131,Mozambique,4978,['7ff7ddda-723b-453d-a09b-c864c015d3f4'],5,,,,,,,,,,,,,,,,Mozambique,4978,00:36:05.674,Pass,
,,,,,,,,,,,,,,,,,3.350333,,,,,,,,,,,,,,,c78f1306-04bb-4b79-a0bd-0b110a95da4f,2300,,"[40.8, 58.1]",3920410,81,,,,0.42456138,,Right Foot,,,,"[84.6, 77.9]",,High Pass,,48.06745,,Incomplete,,Pachoio Lau Há King,106082.0,,,,,,2,From Goal Kick,Elias Gaspar Pelembe,106074.0,Left Defensive Midfield,131,Mozambique,4978,"['ece86dcb-48c7-4eba-af6a-72762be10862', '876bab4d-eb14-419c-b3ff-9d399b9d942b', '6cbf87c4-8cc8-480c-aa7b-8f9632e14e58']",9,,,,,,,,,,,,,,,,Mozambique,4978,00:36:09.662,Pass,True
,,,,,,,,,,,,,,,,,1.390268,,,,,,,,,,,,,,,df9e467a-8dbd-4535-9229-5b42e7fbb368,2304,,"[75.8, 80.0]",3920410,81,,,,-1.5707964,,,,,,"[75.8, 67.4]",,High Pass,,12.6,,,,Elias Gaspar Pelembe,106074.0,,,,,Throw-in,2,From Throw In,Infren David da Conceição Matola,417067.0,Right Back,132,Mozambique,4978,['ed0f442b-3d72-4d11-893b-55cf8a7bfb2f'],18,,,,,,,,,,,,,,,,Mozambique,4978,00:36:18.994,Pass,
,,,,,,,,,,,,,,,,,1.114333,,,,,,,,,,,,,,,8c552142-b094-4d19-b653-ea2d7c42a968,2310,,"[42.7, 11.5]",3920410,81,,,,-0.082007445,,Left Foot,,,,"[50.0, 10.9]",,Ground Pass,,7.324616,,,,André Ayew Pelé,3347.0,,,,,Recovery,2,Regular Play,Salis Abdul Samed,31029.0,Right Defensive Midfield,133,Ghana,4885,"['eabac95f-6bef-40d4-b27a-4492164cc883', '4042ee60-7c2e-4655-8041-be6a62a5d581']",21,,,,,,,,,,,,,,,,Ghana,4885,00:36:21.135,Pass,True
,,,,,,,,,,,,,,,,,1.235266,,,,,,,,,,,,,,,3d99623b-0eff-44d9-bb5e-5f3ac4ddc5e7,2313,,"[51.0, 13.3]",3920410,81,,,,2.0344439,,Left Foot,,,,"[45.0, 25.3]",,Ground Pass,,13.416408,,,,Salis Abdul Samed,31029.0,,,,,,2,Regular Play,André Ayew Pelé,3347.0,Center Forward,133,Ghana,4885,"['a25ce373-28f7-4593-8b75-db2c5e4b9bd0', '0c495a42-e38b-4065-aba4-0b6a21e3fc9c']",22,,,,,,,,,,,,,,,,Ghana,4885,00:36:22.250,Pass,True
,,,,,,,,,,,,,,,,,1.025227,,,,,,,,,,,,,,,cb7b2446-453a-4fba-98f4-5b5068cd802d,2316,,"[57.9, 44.9]",3920410,81,,,,-0.28532943,,Right Foot,,,,"[65.4, 42.7]",,Ground Pass,,7.816009,,,,Mohammed Kudus,17033.0,,,,,,2,Regular Play,Salis Abdul Samed,31029.0,Right Defensive Midfield,133,Ghana,4885,['18c350ba-c625-4ccc-86fc-479ce456afc4'],27,,,,,,,,,,,,,,,,Ghana,4885,00:36:27.020,Pass,
,,,,,,,,,,,,,,,,,0.229083,,,,,,,,,,,,,,,306f77a6-1a7f-4fae-803f-b75f52c7f2c8,2320,,"[69.8, 44.1]",3920410,81,,,,-2.2455373,,Left Foot,,,,"[67.0, 40.6]",,Ground Pass,,4.482187,,Incomplete,,André Ayew Pelé,3347.0,,,,,,2,Regular Play,Mohammed Kudus,17033.0,Right Attacking Midfield,133,Ghana,4885,"['58b5ca6f-f450-412c-ac2f-2dca7068ec41', '36ed853b-4124-4684-86b1-937488c53e65']",29,,,,,,,,,,,,,,,,Ghana,4885,00:36:29.472,Pass,
,,,,,,,,,,,,,,,,,1.623346,,,,,,,,,,,,,,,78ffeb7f-020c-4586-be70-9fe240fc2230,2333,,"[9.3, 44.9]",3920410,84,True,,,-1.0161147,,Keeper Arm,,,,"[32.1, 8.1]",,Low Pass,,43.290646,,,,Bruno Alberto Langa,106070.0,,,,,,2,From Keeper,Ivane Carminio Francisco Urrubal,161718.0,Goalkeeper,136,Mozambique,4978,['226d71f9-95e0-4e9b-ba9b-aef9c5a3f036'],26,,,,,,,,,,,,,,,,Mozambique,4978,00:39:26.295,Pass,
,,,,,,,,,,,,,,,,,1.690972,,,,,,,,,,,,,,,4cca8828-f1da-4b5e-83c9-ae44048e2410,2335,,"[9.8, 49.1]",3920410,84,True,,,-1.1184264,,Left Foot,,,,"[25.4, 17.0]",,Ground Pass,,35.689915,,,,Reinildo Isnard Mandava,10848.0,,,,,,2,From Keeper,Bruno Alberto Langa,106070.0,Left Back,136,Mozambique,4978,['769b0820-02bc-477e-811a-b4e77165d310'],36,,,,,,,,,,,,,,,,Mozambique,4978,00:39:36.420,Pass,
,,,,,,,,,,,,,,,,,1.531421,,,,,,,,,,,,,,,9956e87f-2d74-43a6-80b6-6b378dbb6d63,2337,,"[25.4, 21.7]",3920410,84,,,,0.7853982,,Left Foot,,,,"[40.6, 36.9]",,Ground Pass,,21.496046,,,,Elias Gaspar Pelembe,106074.0,,,,,,2,From Keeper,Reinildo Isnard Mandava,10848.0,Left Center Back,136,Mozambique,4978,['93b80307-6590-47ed-9bdf-cdb980ade7ca'],39,,,,,,,,,,,,,,,,Mozambique,4978,00:39:39.591,Pass,
,,,,,,,,,,,,,,,,,1.33963,,,,,,,,,,,,,,,ff102b83-7b03-4fbc-aa59-880af4a36764,2340,,"[45.2, 39.3]",3920410,84,,,,-0.32420754,,Right Foot,,,,"[57.4, 35.2]",,Ground Pass,,12.870509,,,,Ricardo Martins Guimarães,29482.0,,,,,,2,From Keeper,Elias Gaspar Pelembe,106074.0,Left Defensive Midfield,136,Mozambique,4978,['6faa2444-d0e5-4a6f-93a7-54296d045187'],41,,,,,,,,,,,,,,,,Mozambique,4978,00:39:41.930,Pass,
,,,,,,,,,,,,,,,,,1.550379,,,,,,,,,,,,,,,56d815a4-2d4e-4b77-9b2b-29ae9472331f,2342,,"[56.9, 38.0]",3920410,84,,,,2.02919,,Right Foot,,,,"[45.6, 60.9]",,Ground Pass,,25.53625,,,,Edson André Sitoe,3250.0,,,,,,2,From Keeper,Ricardo Martins Guimarães,29482.0,Right Defensive Midfield,136,Mozambique,4978,['f43aec11-d4d3-47ca-8a89-eee086e1e49e'],43,,,,,,,,,,,,,,,,Mozambique,4978,00:39:43.270,Pass,
,,,,,,,,,,,,,,,,,1.366398,,,,,,,,,,,,,,,425b26b9-3deb-4325-bce4-351c96503e1e,2345,,"[48.7, 66.6]",3920410,84,,,,0.72084916,,Right Foot,,,,"[62.7, 78.9]",,Ground Pass,,18.63572,,,,Infren David da Conceição Matola,417067.0,,,,,,2,From Keeper,Edson André Sitoe,3250.0,Right Center Back,136,Mozambique,4978,['bfd4b171-d6e2-4928-b153-47afde0bf99d'],45,,,,,,,,,,,,,,,,Mozambique,4978,00:39:45.803,Pass,
,,,,,,,,,,,,,,,,,1.338335,,,,,,,,,,,,,,,4e2f4db5-1eaa-47b5-9518-23ac01aa0d46,2348,,"[64.2, 77.0]",3920410,84,,,,-0.84339756,,Right Foot,,,,"[71.5, 68.8]",,Ground Pass,,10.978616,,,,Geny Cipriano Catamo,127300.0,,,,,,2,From Keeper,Infren David da Conceição Matola,417067.0,Right Back,136,Mozambique,4978,['22d4b3ff-a7af-4aa5-aad8-7266c40ae815'],48,,,,,,,,,,,,,,,,Mozambique,4978,00:39:48.094,Pass,
,,,,,,,,,,,,,,,,,1.094634,,,,,,,,,,,,,,,93b9b995-c1bd-47a0-bd65-9a6b413b67ed,2365,,"[2.2, 76.5]",3920410,85,,,,-0.8329813,,Left Foot,,,,"[8.2, 69.9]",,Ground Pass,,8.9196415,,,,Ricardo Martins Guimarães,29482.0,,,,,,2,From Keeper,Edson André Sitoe,3250.0,Right Center Back,136,Mozambique,4978,"['b9fd6749-2c34-4f21-8fdd-2b5384c2930b', '13d124d9-2d67-41bd-922d-d03ec248373c']",5,,,,,,,,,,,,,,,,Mozambique,4978,00:40:05.828,Pass,True
,,,,,,,,,,,,,,,,,0.935245,,,,,,,,,,,,,,,4ec9f38f-5be1-4c0b-a55c-30037143411a,2369,,"[10.9, 71.4]",3920410,85,,,,0.6644954,,Right Foot,,,,"[16.9, 76.1]",,Ground Pass,,7.62168,,,,Geny Cipriano Catamo,127300.0,,,,,,2,From Keeper,Ricardo Martins Guimarães,29482.0,Right Defensive Midfield,136,Mozambique,4978,"['a28ab492-29a7-4f38-a4f2-ddda8e475ff1', 'a8435111-fd5b-4be8-b6e0-a8ad15aa67a1']",7,,,,,,,,,,,,,,,,Mozambique,4978,00:40:07.003,Pass,True
,,,,,,,,,,,,,,,,,0.992761,,,,,,,,,,,,,,,0edddfa6-05fa-4045-b8e3-3021b3809c26,2372,,"[17.1, 78.5]",3920410,85,,,,-3.0202405,,Left Foot,,,,"[8.9, 77.5]",,Ground Pass,,8.260751,,,,Edson André Sitoe,3250.0,,,,,,2,From Keeper,Geny Cipriano Catamo,127300.0,Right Midfield,136,Mozambique,4978,['0b6bb162-e639-4ed0-aa18-4a47a517fe23'],8,,,,,,,,,,,,,,,,Mozambique,4978,00:40:08.456,Pass,
,,,,,,,,,,,,,,,,,1.824665,,,,,,,,,,,,,,,40a7f8c5-9d13-4e8b-b5d5-26bca3e951bc,2376,,"[9.1, 77.9]",3920410,85,,,,-0.6149745,,Right Foot,,,,"[34.3, 60.1]",,Ground Pass,,30.852552,,,,Elias Gaspar Pelembe,106074.0,,,,,,2,From Keeper,Edson André Sitoe,3250.0,Right Center Back,136,Mozambique,4978,['9d08afce-38b7-44a6-9c7b-1a75aadfbab0'],10,,,,,,,,,,,,,,,,Mozambique,4978,00:40:10.174,Pass,
,,,,,,,,,,,,,,,,,1.28474,,,,,,,,,,,,,,,99fc3cd8-98a9-40ae-8dd4-a17a1bc637e8,2380,,"[55.4, 43.3]",3920410,85,,,,0.7980557,,Right Foot,,,,"[67.1, 55.3]",,Ground Pass,,16.759773,,,,Geny Cipriano Catamo,127300.0,,,,,,2,From Keeper,Elias Gaspar Pelembe,106074.0,Left Defensive Midfield,136,Mozambique,4978,['0c99e639-f8a5-4616-979b-c1369698d35e'],17,,,,,,,,,,,,,,,,Mozambique,4978,00:40:17.125,Pass,
,,,,,,,,,,,,,,,,,3.434519,,,,,,,,,,,,,,,1eb917a1-4156-4529-a843-c99bad958c29,2384,,"[95.8, 54.8]",3920410,85,,,,-1.230503,,Left Foot,,,,"[110.6, 13.0]",,Ground Pass,,44.342754,,,,Gildo Lourenço Vilanculos,106068.0,,True,,,,2,From Keeper,Geny Cipriano Catamo,127300.0,Right Midfield,136,Mozambique,4978,['f184ecff-6146-445f-9c08-320bdb856e68'],23,,,,,,,,,,,,,,,,Mozambique,4978,00:40:23.465,Pass,
,,,,,,,,,,,,,,,,,0.167756,,,,,,,,,,,,,,,8fbf6354-55b6-4be9-9ced-a93d4da1b5cc,2388,,"[107.5, 10.1]",3920410,85,,,,0.5611634,,Right Foot,,,,"[111.0, 12.3]",,Low Pass,,4.1340055,,Incomplete,,Bruno Alberto Langa,106070.0,,,,,,2,From Keeper,Gildo Lourenço Vilanculos,106068.0,Left Midfield,136,Mozambique,4978,"['9de48b12-f70c-489f-8cbd-5138313ffa28', '27964f01-347a-4d22-8d6b-08ead27a7b05', 'e3917c30-647f-4d26-b71a-6ab5af794dd6']",28,,,,,,,,,,,,,,,,Mozambique,4978,00:40:28.378,Pass,True
,,,,,,,,,,,,,,,,,1.728467,,,,,,,,,,,,,,,aaa32f26-e21e-4a9e-aa4e-93aaff67c48c,2394,,"[94.0, 14.4]",3920410,85,,,,2.3183746,,Left Foot,,,,"[76.2, 33.6]",,Ground Pass,,26.181673,,,,Ricardo Martins Guimarães,29482.0,,,,,,2,From Keeper,Gildo Lourenço Vilanculos,106068.0,Left Midfield,136,Mozambique,4978,['f7c16e16-2de2-4322-9305-1662cef0d3f0'],31,,,,,,,,,,,,,,,,Mozambique,4978,00:40:31.759,Pass,
,,,,,,,,,,,,,,,,,1.412185,,,,,,,,,,,,,,,04843531-0ba3-4916-9118-61e07518e8f6,2397,,"[76.0, 37.4]",3920410,85,,,,1.070289,,Right Foot,,,,"[85.9, 55.5]",,Ground Pass,,20.63056,,,,Elias Gaspar Pelembe,106074.0,,,,,,2,From Keeper,Ricardo Martins Guimarães,29482.0,Right Defensive Midfield,136,Mozambique,4978,['fc36e47c-f53c-41ad-a62e-d3d143f4bb48'],34,,,,,,,,,,,,,,,,Mozambique,4978,00:40:34.245,Pass,
,,,,,,,,,,,,,,,,,1.161218,,,,,,,,,,,,,,,b65dd352-f907-4028-82b5-eb68bc965325,2400,,"[83.5, 67.4]",3920410,85,,,,0.81538916,,Right Foot,,,,"[93.2, 77.7]",,Ground Pass,,14.148499,,,,Infren David da Conceição Matola,417067.0,,,,,,2,From Keeper,Elias Gaspar Pelembe,106074.0,Left Defensive Midfield,136,Mozambique,4978,['f49ac4c6-c659-450f-ba4a-1d7f84232682'],38,,,,,,,,,,,,,,,,Mozambique,4978,00:40:38.762,Pass,
,,,,,,,,,,,,,,,,,1.658966,,,,,,,,,,,,,,,2ade29cd-d5eb-4cdd-b356-8bfaa6db6943,2403,,"[93.8, 78.9]",3920410,85,,,,-1.0887176,,Right Foot,True,,,"[111.8, 44.5]",,High Pass,,38.824734,,Incomplete,,Pachoio Lau Há King,106082.0,,,,,,2,From Keeper,Infren David da Conceição Matola,417067.0,Right Back,136,Mozambique,4978,"['5e18a298-d144-4b3c-97e2-cd7027fe1d62', 'aded8743-bd00-430d-b89b-1769e4a833cc']",40,,,,,,,,,,,,,,,,Mozambique,4978,00:40:40.973,Pass,
,,,,,,,,,,,,,,,,,3.954712,,,,,,,,,,,,,,,71837ead-7f3e-4388-a122-7a309b22030d,2406,,"[13.6, 42.5]",3920410,85,,,,-0.7133581,,Left Foot,,,,"[44.8, 15.5]",,High Pass,,41.260635,,Incomplete,,Jordan Ayew,3450.0,,,,,Recovery,2,From Keeper,Alidu Seidu,45047.0,Right Wing Back,136,Mozambique,4978,"['fd47b36d-8f62-4f17-a48d-55a2683f93c9', 'cba82657-4e0f-4706-8559-bc7b9c87e6ed']",44,,,,,,,,,,,,,,,,Ghana,4885,00:40:44.508,Pass,
,,,,,,,,,,,,,,,,,1.648971,,,,,,,,,,,,,,,fd47b36d-8f62-4f17-a48d-55a2683f93c9,2409,,"[75.3, 64.6]",3920410,85,,,True,-0.45654294,,,,,,"[97.9, 53.5]",,High Pass,,25.17876,,Pass Offside,,Stanley Ratifo,127547.0,,,,,Recovery,2,From Keeper,Edson André Sitoe,3250.0,Right Center Back,136,Mozambique,4978,"['b31a73f4-3e25-4867-88dd-6b0b9d0c38f1', '384d0af4-e79c-4007-8c63-5ae17c5e74e4', '71837ead-7f3e-4388-a122-7a309b22030d']",48,,,,,,,,,,,,,,,,Mozambique,4978,00:40:48.463,Pass,True
,,,,,,,,,,,,,,,,,3.273013,,,,,,,,,,,,,,,a66da3f5-7ace-4b47-876e-0ae9aacd83e3,2413,,"[29.9, 23.5]",3920410,86,,,,-0.35530162,,Right Foot,,,,"[90.0, 1.2]",,High Pass,,64.10382,,,,Jordan Ayew,3450.0,,,,,Free Kick,2,From Free Kick,Richard Ofori Antwi,68757.0,Goalkeeper,137,Ghana,4885,['7038c000-c4ac-451a-9445-b2fa1701d5e7'],44,,,,,,,,,,,,,,,,Ghana,4885,00:41:44.862,Pass,
,,,,,,,,,,,,,,,,,1.366097,,,,,,,,,,,,,,,0593d576-b930-4db9-8815-d031ea2c178b,2420,,"[23.6, 80.0]",3920410,86,,,,-2.28398,,,,,,"[12.7, 67.4]",,Low Pass,,16.660433,,,,Edson André Sitoe,3250.0,,,,,Throw-in,2,From Throw In,Infren David da Conceição Matola,417067.0,Right Back,138,Mozambique,4978,['c880f8bd-84a1-48db-9caf-acc393d14487'],52,,,,,,,,,,,,,,,,Mozambique,4978,00:41:52.836,Pass,
,,,,,,,,,,,,,,,,,1.249769,,,,,,,,,,,,,,,35e512ce-d0ce-42af-a63e-ac7301f5032f,2424,,"[13.5, 62.6]",3920410,86,,,,-1.6424965,,Right Foot,,,,"[12.2, 44.5]",,Ground Pass,,18.146626,,,,Reinildo Isnard Mandava,10848.0,,,,,,2,From Throw In,Edson André Sitoe,3250.0,Right Center Back,138,Mozambique,4978,"['081488e2-061b-4e1f-8a8e-2832c165584a', 'be582896-3307-4d80-a379-3eda8679e0dc']",55,,,,,,,,,,,,,,,,Mozambique,4978,00:41:55.547,Pass,True
,,,,,,,,,,,,,,,,,1.311396,,,,,,,,,,,,,,,04cd85f4-29c0-4240-a256-6810efd8de17,2427,,"[12.5, 44.7]",3920410,86,,,,0.13863973,,Left Foot,,,,"[29.7, 47.1]",,Ground Pass,,17.366634,,,,Shaquille Momad Nangy,136069.0,,,,,,2,From Throw In,Reinildo Isnard Mandava,10848.0,Left Center Back,138,Mozambique,4978,['eb9aee0d-95a8-4ed3-8471-16e59c4ccb76'],57,,,,,,,,,,,,,,,,Mozambique,4978,00:41:57.543,Pass,
,,,,,,,,,,,,,,,,,2.712838,,,,,,,,,,,,,,,5f12e75a-6d8b-411e-ba6b-439da60adab2,2430,,"[28.2, 50.8]",3920410,86,,,,2.0269253,,Left Foot,,,,"[15.1, 77.5]",,Ground Pass,,29.740545,,,,Edson André Sitoe,3250.0,,,,,,2,From Throw In,Shaquille Momad Nangy,136069.0,Center Defensive Midfield,138,Mozambique,4978,['397e610e-1b96-480a-87da-c01c5966168a'],58,,,,,,,,,,,,,,,,Mozambique,4978,00:41:58.896,Pass,
,,,,,,,,,,,,,,,,,2.034316,,,,,,,,,,,,,,,f04a87db-57ec-4915-ac9c-921008d5c896,2433,,"[22.0, 66.0]",3920410,87,,,,-1.347734,,Right Foot,,,,"[29.1, 34.7]",,Ground Pass,,32.095173,,,,Reinildo Isnard Mandava,10848.0,,,,,,2,From Throw In,Edson André Sitoe,3250.0,Right Center Back,138,Mozambique,4978,['17d20096-c3cd-4624-a586-d0827f8dc457'],9,,,,,,,,,,,,,,,,Mozambique,4978,00:42:09.622,Pass,
,,,,,,,,,,,,,,,,,1.006912,,,,,,,,,,,,,,,0e0e3b91-0585-4b3c-98c7-f9fdf3348252,2436,,"[29.7, 37.6]",3920410,87,,,,-1.085413,,Right Foot,,,,"[34.5, 28.5]",,Ground Pass,,10.288342,,,,Shaquille Momad Nangy,136069.0,,,,,,2,From Throw In,Reinildo Isnard Mandava,10848.0,Left Center Back,138,Mozambique,4978,['9389321a-c3ee-4883-8888-725d44eada42'],12,,,,,,,,,,,,,,,,Mozambique,4978,00:42:12.484,Pass,
,,,,,,,,,,,,,,,,,2.089598,,,,,,,,,,,,,,,92908e4d-4b56-47a1-a42f-eee08ce803c1,2439,,"[42.1, 28.9]",3920410,87,,,,-0.6662738,,Left Foot,,,,"[71.1, 6.1]",,Ground Pass,,36.889565,,,,Bruno Alberto Langa,106070.0,,,,,,2,From Throw In,Shaquille Momad Nangy,136069.0,Center Defensive Midfield,138,Mozambique,4978,['6d4689b5-6e6f-4e0a-9116-b81a8e1315e6'],15,,,,,,,,,,,,,,,,Mozambique,4978,00:42:15.250,Pass,
,,,,,,,,,,,,,,,,,2.462866,,,,,,,,,,,,,,,167d2fee-c637-4e3f-9c4e-fb3021546b3f,2442,,"[82.7, 6.7]",3920410,87,,,,0.83056515,,Left Foot,,,,"[116.5, 43.7]",,High Pass,,50.11427,,Incomplete,,Stanley Ratifo,127547.0,,,,,,2,From Throw In,Bruno Alberto Langa,106070.0,Left Back,138,Mozambique,4978,"['62ed8a08-6c11-4d07-8031-a2e2eb8f63ee', 'b80c20a3-f197-46b0-ad0c-d2f6ee1cb804']",19,,,,,,,,,,,,,,,,Mozambique,4978,00:42:19.195,Pass,
,,,,,,,,,,,,,,,,,1.225313,,,,,,,,,,,,,,,4b0db2a8-c3b4-49fb-9d33-444983af8aac,2445,,"[4.2, 40.8]",3920410,87,True,,,1.3258177,,Keeper Arm,,,,"[8.0, 56.0]",,Ground Pass,,15.667801,,,,Alexander Djiku,2989.0,,,,,,2,Regular Play,Richard Ofori Antwi,68757.0,Goalkeeper,139,Ghana,4885,['16fea2ea-533a-4c89-9dc4-6b7c41305a0c'],32,,,,,,,,,,,,,,,,Ghana,4885,00:42:32.668,Pass,
,,,,,,,,,,,,,,,,,0.829555,,,,,,,,,,,,,,,3c5b30ae-5035-476f-ac67-670811385854,2447,,"[6.5, 54.4]",3920410,87,,,,1.4649136,,Right Foot,,,,"[8.7, 75.1]",,Ground Pass,,20.81658,,,,Daniel Amartey,3709.0,,,,,,2,Regular Play,Alexander Djiku,2989.0,Center Back,139,Ghana,4885,['077bdd9b-2b93-4d8f-aa39-697efa118643'],34,,,,,,,,,,,,,,,,Ghana,4885,00:42:34.364,Pass,
,,,,,,,,,,,,,,,,,1.40772,,,,,,,,,,,,,,,c5c0497f-fec3-4114-b5d8-b2248a69fe31,2450,,"[15.0, 72.0]",3920410,87,,,,-0.80475056,,Right Foot,,,,"[30.2, 56.2]",,Ground Pass,,21.924416,,,,Salis Abdul Samed,31029.0,,,,,,2,Regular Play,Daniel Amartey,3709.0,Right Center Back,139,Ghana,4885,['4364af91-e4b9-4239-b9e3-e438aada45e9'],36,,,,,,,,,,,,,,,,Ghana,4885,00:42:36.019,Pass,
,,,,,,,,,,,,,,,,,1.871324,,,,,,,,,,,,,,,1314f53e-74fe-45a4-970b-39c3da710e8a,2454,,"[25.7, 53.6]",3920410,87,,,,0.32042253,,Right Foot,,,,"[48.3, 61.1]",,Ground Pass,,23.811972,,Incomplete,,Mohammed Kudus,17033.0,,,,,,2,Regular Play,Salis Abdul Samed,31029.0,Right Defensive Midfield,139,Ghana,4885,"['b2320ffc-4ea6-4cf5-b921-56db9e0d555b', 'e83dbc93-ab3e-4f72-98dd-dc779740cac5', '91b1d1d0-b0be-4846-89b4-f0545844a530']",37,,,,,,,,,,,,,,,,Ghana,4885,00:42:37.497,Pass,True
,,,,,,,,,,,,,,,,,0.758099,,,,,,,,,,,,,,,e83dbc93-ab3e-4f72-98dd-dc779740cac5,2456,,"[71.8, 19.0]",3920410,87,,,,0.7853982,,Left Foot,,,,"[72.9, 20.1]",,Ground Pass,,1.555635,,,,Bruno Alberto Langa,106070.0,,,,,Recovery,2,Regular Play,Shaquille Momad Nangy,136069.0,Center Defensive Midfield,140,Mozambique,4978,"['f7868ff7-837a-473a-a7ac-5b2885d063a0', '1314f53e-74fe-45a4-970b-39c3da710e8a']",39,,,,,,,,,,,,,,,,Mozambique,4978,00:42:39.368,Pass,
,,,,,,,,,,,,,,,,,1.091868,,,,,,,,,,,,,,,4b688acf-8208-4f5c-b3f8-a63842a8121c,2458,,"[79.0, 6.3]",3920410,87,,,,1.1204813,,Left Foot,,,,"[86.3, 21.4]",,Low Pass,,16.772001,,Incomplete,,Elias Gaspar Pelembe,106074.0,,,,,,2,Regular Play,Bruno Alberto Langa,106070.0,Left Back,140,Mozambique,4978,"['c7fb41b1-b8be-4412-afe3-04ac73b69571', 'd090787a-a1a2-4757-9fd1-1574337fce06']",40,,,,,,,,,,,,,,,,Mozambique,4978,00:42:40.127,Pass,
,,,,,,,,,,,,,,,,,0.553367,,,,,,,,,,,,,,,c7fb41b1-b8be-4412-afe3-04ac73b69571,2460,,"[33.8, 58.7]",3920410,87,,,,0.044415217,,Right Foot,,,,"[38.3, 58.9]",,Low Pass,,4.504442,,Incomplete,,André Ayew Pelé,3347.0,,,,,Recovery,2,Regular Play,Salis Abdul Samed,31029.0,Right Defensive Midfield,140,Mozambique,4978,"['8ba92f40-a459-49bf-ac08-6c87a0ff8d18', '9855b25a-5eab-44fd-9fd1-3319c7bfeb6e', '4b688acf-8208-4f5c-b3f8-a63842a8121c']",41,,,,,,,,,,,,,,,,Ghana,4885,00:42:41.218,Pass,
,,,,,,,,,,,,,,,,,2.939802,,,,,,,,,,,,,,,16c06b57-1fd0-4280-9930-4c164b5fddff,2464,,"[41.1, 62.5]",3920410,88,,,,-0.12656006,,Right Foot,,,,"[96.9, 55.4]",,High Pass,,56.24989,,Incomplete,,Jordan Ayew,3450.0,,,,,Free Kick,2,From Free Kick,Daniel Amartey,3709.0,Right Center Back,141,Ghana,4885,"['8fdd1714-26aa-4605-aebf-afa66db95a79', '8706a245-04e0-4cec-bc1a-3033c4fa21c2']",13,,,,,,,,,,,,,,,,Ghana,4885,00:43:13.615,Pass,
,,,,,,,,,,,,,,,,,1.976279,,,,,,,,,,,,,,,8706a245-04e0-4cec-bc1a-3033c4fa21c2,2466,,"[23.2, 24.7]",3920410,88,,,,1.6136273,,Head,,,,"[22.6, 38.7]",,Low Pass,,14.012852,,,,Infren David da Conceição Matola,417067.0,,,,,Recovery,2,Regular Play,Reinildo Isnard Mandava,10848.0,Left Center Back,142,Mozambique,4978,"['16c06b57-1fd0-4280-9930-4c164b5fddff', 'fdae14ce-cb62-4b45-80fc-ca1a82fdad41']",16,,,,,,,,,,,,,,,,Mozambique,4978,00:43:16.555,Pass,
,,,,,,,,,,,,,,,,,1.806857,,,,,,,,,,,,,,,06a91543-e784-4225-b022-19ee0ac9c4df,2469,,"[36.1, 69.6]",3920410,88,,,,-2.1829488,,Left Foot,,,,"[26.2, 55.5]",,Ground Pass,,17.228464,,,,Edson André Sitoe,3250.0,,,,,,2,Regular Play,Infren David da Conceição Matola,417067.0,Right Back,142,Mozambique,4978,['0e08e823-407d-42f3-a702-83292589a775'],23,,,,,,,,,,,,,,,,Mozambique,4978,00:43:23.397,Pass,
,,,,,,,,,,,,,,,,,1.331934,,,,,,,,,,,,,,,e0d2449c-943f-475a-8d99-2fcfb409c299,2472,,"[28.4, 51.6]",3920410,88,,,,-1.2777117,,Right Foot,,,,"[33.5, 34.7]",,Ground Pass,,17.652761,,,,Reinildo Isnard Mandava,10848.0,,,,,,2,Regular Play,Edson André Sitoe,3250.0,Right Center Back,142,Mozambique,4978,['9708e27b-3290-494f-912c-9a32cb5e5f4d'],26,,,,,,,,,,,,,,,,Mozambique,4978,00:43:26.597,Pass,
,,,,,,,,,,,,,,,,,1.399021,,,,,,,,,,,,,,,e61fc720-eb74-414c-9995-174d4a1ae271,2475,,"[42.8, 28.7]",3920410,88,,,,-1.2477751,,Right Foot,,,,"[50.7, 5.1]",,Ground Pass,,24.887146,,,,Bruno Alberto Langa,106070.0,,,,,,2,Regular Play,Reinildo Isnard Mandava,10848.0,Left Center Back,142,Mozambique,4978,['a4fc2c02-5eca-47e3-a2f0-f5607295cf71'],31,,,,,,,,,,,,,,,,Mozambique,4978,00:43:31.075,Pass,
,,,,,,,,,,,,,,,,,1.98441,,,,,,,,,,,,,,,1c3becb0-165d-4abf-b889-91578d9db285,2478,,"[50.5, 4.1]",3920410,88,,,,0.29592603,,Left Foot,,,,"[91.5, 16.6]",,High Pass,,42.863155,,Incomplete,,Gildo Lourenço Vilanculos,106068.0,,,,,,2,Regular Play,Bruno Alberto Langa,106070.0,Left Back,142,Mozambique,4978,"['f26e9bcb-7479-4310-8ccb-46f2f9d4569f', '71ed06e0-7178-4c3c-9c11-1139f451e1bf']",34,,,,,,,,,,,,,,,,Mozambique,4978,00:43:34.292,Pass,
,,,,,,,,,,,,,,,,,1.642562,,,,,,,,,,,,,,,e38b9cc2-924e-44fe-ab85-421352cdf0c3,2487,,"[85.5, 19.9]",3920410,89,,,,0.73420954,,Right Foot,,,,"[113.2, 44.9]",,High Pass,,37.313404,,Incomplete,,Reinildo Isnard Mandava,10848.0,,,,,Free Kick,2,From Free Kick,Elias Gaspar Pelembe,106074.0,Center Attacking Midfield,143,Mozambique,4978,"['2d5c2094-789b-4d18-9898-0cca669aa5ee', '7caf52e2-0f8b-4205-8938-f0894dfdd0a0']",14,,,,,,,,,,,,,,,,Mozambique,4978,00:44:14.400,Pass,
,,,,,,,,,,,,,,,,,0.095955,,,,,,,,,,,,,,,10418f44-01b1-43d3-8442-6e6e9f037eac,2492,,"[110.3, 33.6]",3920410,89,,,,1.8925469,,Left Foot,,,,"[108.6, 38.7]",,Low Pass,,5.375872,,Incomplete,,,,,,,,Recovery,2,From Free Kick,Gildo Lourenço Vilanculos,106068.0,Left Center Midfield,143,Mozambique,4978,"['441c1332-453a-4dad-a4f7-61f4bdca6d24', '97c9a73d-bbb6-4d04-a283-befb7775add3']",18,,,,,,,,,,,,,,,,Mozambique,4978,00:44:18.177,Pass,True
,,,,,,,,,,,,,,,,,2.439121,,,,,,,,,,,,,,,31318574-3ec7-4760-81f7-20381cf1e3fb,2496,,"[60.0, 40.0]",3920410,91,True,,,-3.0819619,,Left Foot,,,,"[33.2, 38.4]",,Ground Pass,,26.84772,,,,Iddrisu Baba Mohammed,24087.0,,,,,Kick Off,2,From Kick Off,André Ayew Pelé,3347.0,Center Forward,145,Ghana,4885,['5a609720-2d9e-4112-9e57-c115c3ecdf82'],23,,,,,,,,,,,,,,,,Ghana,4885,00:46:23.524,Pass,
,,,,,,,,,,,,,,,,,2.68808,,,,,,,,,,,,,,,ea4723fb-0f06-46cc-a3a8-22c54f2cdb55,2498,,"[33.2, 49.1]",3920410,91,True,,,0.33081374,,Right Foot,,,,"[92.6, 69.5]",,High Pass,,62.805412,,Incomplete,,André Ayew Pelé,3347.0,,,,,,2,From Kick Off,Iddrisu Baba Mohammed,24087.0,Left Defensive Midfield,145,Ghana,4885,"['62e3c567-f341-4d65-962b-c201fc748deb', '56df5b06-c2e0-45bd-ba64-d9feaf89ca9d']",27,,,,,,,,,,,,,,,,Ghana,4885,00:46:27.055,Pass,
,,,,,,,,,,,,,,,,,2.191289,,,,,,,,,,,,,,,66923124-6aa5-49c4-95c0-82c4eb4547e8,2503,,"[24.6, 10.3]",3920410,91,,,,1.9358634,,Right Foot,,,,"[17.3, 29.4]",,Ground Pass,,20.447495,,,,Shaquille Momad Nangy,136069.0,,,,,,2,Regular Play,Reinildo Isnard Mandava,10848.0,Left Center Back,146,Mozambique,4978,"['200e9f3a-d03e-4408-a6b0-cd0685695b4a', 'ccfc9d41-9dc2-4693-995b-d0cea869c6d5']",31,,,,,,,,,,,,,,,,Mozambique,4978,00:46:31.077,Pass,True
,,,,,,,,,,,,,,,,,2.648633,,,,,,,,,,,,,,,914abd07-fd71-4246-98e5-604b049fab9e,2506,,"[17.3, 30.7]",3920410,91,,,,1.182131,,Right Foot,,,,"[31.1, 64.4]",,Ground Pass,,36.41607,,,,Infren David da Conceição Matola,417067.0,,,,,,2,Regular Play,Shaquille Momad Nangy,136069.0,Center Defensive Midfield,146,Mozambique,4978,['e4fb8d9f-92fc-42a8-a264-96f914e942ae'],33,,,,,,,,,,,,,,,,Mozambique,4978,00:46:33.792,Pass,
,,,,,,,,,,,,,,,,,1.157742,,,,,,,,,,,,,,,ecec66c4-3cec-4007-b22c-621534a36433,2509,,"[35.7, 69.2]",3920410,91,,,,0.5880026,,Right Foot,,,,"[47.4, 77.0]",,Ground Pass,,14.06165,,,,João José Jone Bonde,417068.0,,,,,,2,Regular Play,Infren David da Conceição Matola,417067.0,Right Back,146,Mozambique,4978,['77dc47a9-697b-4172-b301-56a01eda9c2e'],38,,,,,,,,,,,,,,,,Mozambique,4978,00:46:38.705,Pass,
,,,,,,,,,,,,,,,,,2.911992,,,,,,,,,,,,,,,aa16571f-d9f8-4507-928b-280034b0ec62,2512,,"[49.7, 73.7]",3920410,91,,,,-0.050976206,,Right Foot,,,,"[88.9, 71.7]",,High Pass,,39.250988,,Incomplete,,,,,,,,,2,Regular Play,João José Jone Bonde,417068.0,Right Center Midfield,146,Mozambique,4978,['614fc6ad-bdf3-4c00-accb-059e00eb3890'],43,,,,,,,,,,,,,,,,Mozambique,4978,00:46:43.054,Pass,
,,,,,,,,,,,,,,,,,2.102868,,,,,,,,,,,,,,,8fa571e3-b826-497b-bc09-00bb8770a0d4,2515,,"[88.4, 80.0]",3920410,91,,,,-2.5056736,,,,,,"[69.3, 65.9]",,Low Pass,,23.740683,,,,Edson André Sitoe,3250.0,,,,,Throw-in,2,From Throw In,Infren David da Conceição Matola,417067.0,Right Back,147,Mozambique,4978,['a53252b6-b49c-448c-8979-2473c4cd2b49'],59,,,,,,,,,,,,,,,,Mozambique,4978,00:46:59.473,Pass,
,,,,,,,,,,,,,,,,,1.136685,,,,,,,,,,,,,,,21c6ef9b-0395-4934-baa8-2b3031a6314e,2518,,"[70.9, 61.1]",3920410,92,,,,-1.7590178,,Right Foot,,,,"[66.5, 38.0]",,Ground Pass,,23.515314,,,,Reinildo Isnard Mandava,10848.0,,,,,,2,From Throw In,Edson André Sitoe,3250.0,Right Center Back,147,Mozambique,4978,['7c5cce61-ae8b-4bc3-bd8f-eda798e29bb3'],2,,,,,,,,,,,,,,,,Mozambique,4978,00:47:02.766,Pass,
,,,,,,,,,,,,,,,,,2.062663,,,,,,,,,,,,,,,8ee82e8f-c776-443a-b5d2-bad14fa659aa,2521,,"[67.1, 36.5]",3920410,92,,,,1.2555816,314479e3-0885-42ee-baae-a4b4851c43ea,Left Foot,,,,"[74.6, 59.5]",,Ground Pass,,24.19194,,,,Edson André Sitoe,3250.0,True,,,,,2,From Throw In,Reinildo Isnard Mandava,10848.0,Left Center Back,147,Mozambique,4978,['d96b9c38-2567-42be-bc7d-ca269349ab14'],6,,,,,,,,,,,,,,,,Mozambique,4978,00:47:06.036,Pass,
,,,,,,,,,,,,,,,,,0.46252,,,,,,,,,,,,,,,043e3563-3f7f-4297-a398-207c1cc411be,2527,,"[120.0, 80.0]",3920410,92,True,,,-2.8133905,,Left Foot,,,,"[96.8, 72.1]",,Ground Pass,,24.508162,,,,Elias Gaspar Pelembe,106074.0,,,,,Corner,2,From Corner,Geny Cipriano Catamo,127300.0,Right Center Forward,148,Mozambique,4978,['0c066f0a-0925-4c3d-9e4c-b610557a6fe6'],18,,,,,,,,,,,,,,,,Mozambique,4978,00:47:18.700,Pass,
,,,,,,,,,,,,,,,,,1.104967,,,,,,,,,,,,,,,8d08077a-2ddb-45e1-a310-d9ee135981bd,2529,,"[116.5, 71.9]",3920410,92,,,,-1.5859467,,Right Foot,True,,,"[116.1, 45.5]",,High Pass,,26.40303,,Incomplete,,Gildo Lourenço Vilanculos,106068.0,,,,,,2,From Corner,Elias Gaspar Pelembe,106074.0,Center Attacking Midfield,148,Mozambique,4978,"['6e578485-425d-4442-85f6-e78396e4c890', '2b5f95ec-f970-4ff8-b0a9-37fced6590c6']",21,,,,,,,,,,,,,,,,Mozambique,4978,00:47:21.473,Pass,
,,,,,,,,,,,,,,,,,1.523759,,,,,,,,,,,,,,,c5f9ff51-e32c-406b-b8fd-cb26c0a1fecf,2538,,"[120.0, 0.1]",3920410,93,,,,1.7873933,b19a9467-b041-4588-b46d-604da5c23492,Left Foot,,,,"[111.0, 41.0]",True,High Pass,,41.878513,,,True,Reinildo Isnard Mandava,10848.0,,True,Outswinging,,Corner,2,From Corner,Geny Cipriano Catamo,127300.0,Right Center Forward,149,Mozambique,4978,['aabac225-48ca-45ec-86c7-90e0ad1f078e'],4,,,,,,,,,,,,,,,,Mozambique,4978,00:48:04.671,Pass,
,,,,,,,,,,,,,,,,,2.426445,,,,,,,,,,,,,,,e6837bfe-ebd9-4150-b4c7-612c348a2d8f,2543,,"[60.0, 40.0]",3920410,94,True,,,3.0977612,,Left Foot,,,,"[37.2, 41.0]",,Ground Pass,,22.821918,,,,Salis Abdul Samed,31029.0,,,,,Kick Off,2,From Kick Off,André Ayew Pelé,3347.0,Center Forward,150,Ghana,4885,['166c1b1b-48f7-406b-a2f1-d42f267cfcc4'],5,,,,,,,,,,,,,,,,Ghana,4885,00:49:05.196,Pass,
,,,,,,,,,,,,,,,,,4.075567,,,,,,,,,,,,,,,936d06d9-6ea3-43f8-a751-7bf5eadd6b8e,2545,,"[36.4, 35.4]",3920410,94,True,,,-0.29839244,,Right Foot,,,,"[102.4, 15.1]",,High Pass,,69.05136,,,,Jordan Ayew,3450.0,,,,,,2,From Kick Off,Salis Abdul Samed,31029.0,Right Defensive Midfield,150,Ghana,4885,['7efb68a9-8bef-46b1-81a8-bec0326cf8fb'],7,,,,,,,,,,,,,,,,Ghana,4885,00:49:07.953,Pass,
,,,,,,,,,,,,,,,,,0.743263,,,,,,,,,,,,,,,f01658d8-d165-4231-9061-cdd07e8804bd,2549,,"[111.9, 22.2]",3920410,94,,,,1.5285679,,Left Foot,True,,,"[112.5, 36.4]",,Ground Pass,,14.21267,,Incomplete,,Daniel Amartey,3709.0,,,,,,2,From Kick Off,Jordan Ayew,3450.0,Left Attacking Midfield,150,Ghana,4885,"['543d584c-d502-47ba-b601-0bb619d2f740', '17b1a130-3d6d-43a4-88cc-bfec1fc8a15e']",13,,,,,,,,,,,,,,,,Ghana,4885,00:49:13.140,Pass,
,,,,,,,,,,,,,,,,,1.880452,,,,,,,,,,,,,,,b4c8c708-f64b-4093-82f5-f0049ffa7a8c,2552,,"[120.0, 0.1]",3920410,94,,,,1.6235113,,Right Foot,,,,"[117.9, 39.9]",,High Pass,True,39.855362,,Unknown,,,,,,Inswinging,,Corner,2,From Corner,Jordan Ayew,3450.0,Left Attacking Midfield,151,Ghana,4885,,39,,,,,,,,,,,,,,,,Ghana,4885,00:49:39.493,Pass,
,,,,,,,,,,,,,,,,,0.701717,,,,,,,,,,,,,,,075a498c-1efc-4d9c-848d-0e14d28c2c15,2555,,"[6.4, 39.5]",3920410,95,True,,,1.1047846,,Right Foot,,,,"[14.9, 56.4]",,Ground Pass,,18.917189,,,,Edson André Sitoe,3250.0,,,,,Free Kick,2,From Free Kick,Ivane Carminio Francisco Urrubal,161718.0,Goalkeeper,152,Mozambique,4978,['d60c6cbe-7be0-48eb-aeae-b36793a3f074'],9,,,,,,,,,,,,,,,,Mozambique,4978,00:50:09.995,Pass,
,,,,,,,,,,,,,,,,,1.343106,,,,,,,,,,,,,,,a6a7a4d1-895c-4d1a-aa9a-9387e7160ad3,2557,,"[14.9, 56.4]",3920410,95,True,,,0.37596095,,Right Foot,,,,"[33.9, 63.9]",,Ground Pass,,20.426699,,,,Shaquille Momad Nangy,136069.0,,,,,,2,From Free Kick,Edson André Sitoe,3250.0,Right Center Back,152,Mozambique,4978,['1fa68342-f3cb-4027-8a91-455d28479b2b'],12,,,,,,,,,,,,,,,,Mozambique,4978,00:50:12.941,Pass,
,,,,,,,,,,,,,,,,,1.747165,,,,,,,,,,,,,,,91b88b98-afcb-4de7-a04b-aee918baaf41,2559,,"[40.8, 66.2]",3920410,95,,,,0.70690805,,Left Foot,,,,"[55.2, 78.5]",,Ground Pass,,18.938057,,,,Infren David da Conceição Matola,417067.0,,,,,,2,From Free Kick,Shaquille Momad Nangy,136069.0,Center Defensive Midfield,152,Mozambique,4978,['1f3c7db7-d0a0-4e8a-b74e-44d01406b77b'],17,,,,,,,,,,,,,,,,Mozambique,4978,00:50:17.321,Pass,
,,,,,,,,,,,,,,,,,0.859757,,,,,,,,,,,,,,,f69635e4-6104-4ae9-aa11-a42cef188b53,2562,,"[62.9, 78.3]",3920410,95,,,,-0.5049866,,Right Foot,,,,"[79.0, 69.4]",,Ground Pass,,18.396194,,Incomplete,,Geny Cipriano Catamo,127300.0,,,,,,2,From Free Kick,Infren David da Conceição Matola,417067.0,Right Back,152,Mozambique,4978,"['10b1e6e6-c01d-4b38-8f7c-7e1f11dc0f26', '2cf19d22-6870-4469-ac04-be00da125ca6']",20,,,,,,,,,,,,,,,,Mozambique,4978,00:50:20.070,Pass,
,,,,,,,,,,,,,,,,,2.732354,,,,,,,,,,,,,,,817e5965-3012-48fe-9ece-44c918e4547d,2571,,"[84.7, 42.1]",3920410,95,,,,-1.0432822,,Right Foot,,,,"[104.1, 8.8]",,Ground Pass,,38.53894,,,,Bruno Alberto Langa,106070.0,,,,,,2,From Free Kick,Elias Gaspar Pelembe,106074.0,Center Attacking Midfield,152,Mozambique,4978,['e0212c50-ee6e-4124-8991-7d494f377c2d'],29,,,,,,,,,,,,,,,,Mozambique,4978,00:50:29.433,Pass,
,,,,,,,,,,,,,,,,,0.90222,,,,,,,,,,,,,,,b1f791c0-2067-4db9-ba33-4a577439f2fd,2573,,"[107.0, 8.7]",3920410,95,,,,1.5289602,,Left Foot,True,,,"[107.9, 30.2]",,Ground Pass,,21.51883,,Incomplete,,Gildo Lourenço Vilanculos,106068.0,,,,,,2,From Free Kick,Bruno Alberto Langa,106070.0,Left Back,152,Mozambique,4978,"['aaa30f43-4797-45b7-ae43-9f366bb413a2', '29b2fe85-1b46-47ea-b505-997ff02d4af8']",32,,,,,,,,,,,,,,,,Mozambique,4978,00:50:32.165,Pass,
,,,,,,,,,,,,,,,,,1.150318,,,,,,,,,,,,,,,376c2ab8-7bfb-4efc-9457-cb1f7ccc8d7a,2578,,"[18.6, 51.8]",3920410,95,,,,-0.4907975,,Right Foot,,,,"[43.3, 38.6]",,Ground Pass,,28.005892,,Incomplete,,André Ayew Pelé,3347.0,,,,,,2,From Free Kick,Salis Abdul Samed,31029.0,Right Defensive Midfield,152,Mozambique,4978,"['fa5b8a5c-cf38-4c08-90b3-dccc4f09c210', '6352d33e-49ac-4902-9d53-44d05fa1207e']",34,,,,,,,,,,,,,,,,Ghana,4885,00:50:34.890,Pass,
,,,,,,,,,,,,,,,,,1.021657,,,,,,,,,,,,,,,655f6934-b304-4f5e-8bb9-560bdb77987b,2589,,"[98.4, 21.7]",3920410,95,,,,1.1021612,ecaeb2b0-93fd-409f-b680-a96b1c3b1808,Left Foot,,,,"[106.5, 37.7]",,High Pass,,17.933489,,,,Gildo Lourenço Vilanculos,106068.0,True,,,,,2,From Free Kick,Bruno Alberto Langa,106070.0,Left Back,152,Mozambique,4978,['33b1a93a-13bf-4c55-8a55-ad2fdacbe5fc'],48,,,,,,,,,,,,,,,,Mozambique,4978,00:50:48.114,Pass,
,,,,,,,,,,,,,,,,,,,,,,,,,,,,,,,,64943b91-b852-4e6b-afc4-af0f628dc949,6,,"[43.7, 39.4]",3920410,0,,,,,,,,,,,,,,,,,,,,,,,,,1,From Kick Off,Alfons Amade,23706.0,Right Defensive Midfield,2,Mozambique,4978,['728deec3-ad8e-485e-b4ff-e61b737b6c42'],2,,,,,,,,,,,,,,,,Mozambique,4978,00:00:02.679,Ball Receipt*,
,,,,,,,,,,,,,,,,,,,,,,,,,,,,,,,,1c917d98-2e47-47b4-b12e-b9f15bae4b2e,9,,"[28.2, 48.6]",3920410,0,,,,,,,,,,,,,,,,,,,,,,,,,1,From Kick Off,Edson André Sitoe,3250.0,Right Center Back,2,Mozambique,4978,['09794d59-d7c3-4b1b-b14b-0cfa2f8f02f7'],4,,,,,,,,,,,,,,,,Mozambique,4978,00:00:04.559,Ball Receipt*,
,,,,,,,,,,,,,,,,,,,,,,,,,,,,,,,,edcf39a8-30d9-4795-b945-ab42b930b629,13,,"[37.4, 70.7]",3920410,0,,,,,,,,,,,,,,,,,,,,,,,,,1,From Kick Off,Infren David da Conceição Matola,417067.0,Right Back,2,Mozambique,4978,['7a577276-1c5d-4222-b75d-6111c2e55d57'],6,,,,,,,,,,,,,,,,Mozambique,4978,00:00:06.919,Ball Receipt*,
,,Incomplete,,,,,,,,,,,,,,,,,,,,,,,,,,,,,,b6348a2e-5967-45fd-9690-7ecb42b7420c,16,,"[56.3, 76.6]",3920410,0,,,,,,,,,,,,,,,,,,,,,,,,,1,From Kick Off,Geny Cipriano Catamo,127300.0,Right Wing,2,Mozambique,4978,['12f81944-a1dd-44c6-bfb4-68d3a2cc9e78'],9,,,,,,,,,,,,,,,,Mozambique,4978,00:00:09.319,Ball Receipt*,
,,,,,,,,,,,,,,,,,,,,,,,,,,,,,,,,8184adf2-7bb6-4eb2-b8d0-46f02a38e7a4,18,,"[90.1, 5.9]",3920410,0,,,,,,,,,,,,,,,,,,,,,,,,,1,From Throw In,Antoine Semenyo,9286.0,Center Forward,3,Ghana,4885,['d20498ed-a5f2-4526-9559-2f734b3f81d4'],16,,,,,,,,,,,,,,,,Ghana,4885,00:00:16.055,Ball Receipt*,
,,Incomplete,,,,,,,,,,,,,,,,,,,,,,,,,,,,,,32de2139-8cf1-4c3c-ac29-e78a11b70da7,20,,"[93.8, 18.5]",3920410,0,,,,,,,,,,,,,,,,,,,,,,,,,1,From Throw In,Mohammed Kudus,17033.0,Center Attacking Midfield,3,Ghana,4885,['f967f83d-441d-4875-95ee-86909ed0aa86'],18,,,,,,,,,,,,,,,,Ghana,4885,00:00:18.107,Ball Receipt*,
,,,,,,,,,,,,,,,,,,,,,,,,,,,,,,,,ac9761bd-3984-4f86-8fb9-36a7519175c4,28,,"[99.2, 30.2]",3920410,0,,,,,,,,,,,,,,,,,,,,,,,,,1,From Throw In,Antoine Semenyo,9286.0,Center Forward,3,Ghana,4885,['a6c424d6-1417-42c8-aade-f71ea3da9734'],23,,,,,,,,,,,,,,,,Ghana,4885,00:00:23.436,Ball Receipt*,
,,Incomplete,,,,,,,,,,,,,,,,,,,,,,,,,,,,,,f83dba24-a8de-4d20-b1a0-a19cd66a9fa5,34,,"[114.5, 50.2]",3920410,1,,,,,,,,,,,,,,,,,,,,,,,,,1,From Corner,Gideon Mensah,23615.0,Left Back,4,Ghana,4885,['a3358370-63fc-4254-951c-90e020e13308'],29,,,,,,,,,,,,,,,,Ghana,4885,00:01:29.918,Ball Receipt*,
,,Incomplete,,,,,,,,,,,,,,,,,,,,,,,,,,,,,,b8779227-5739-47b3-b812-eee680346a68,40,,"[107.5, 49.4]",3920410,1,,,,,,,,,,,,,,,,,,,,,,,,,1,From Corner,Antoine Semenyo,9286.0,Center Forward,4,Ghana,4885,['a12979bd-5efd-4822-84b5-6bf4530b5d9d'],33,,,,,,,,,,,,,,,,Ghana,4885,00:01:33.825,Ball Receipt*,
,,Incomplete,,,,,,,,,,,,,,,,,,,,,,,,,,,,,,29a74fe7-3f43-4eee-a43c-2e3c27adc49f,45,,"[109.0, 46.8]",3920410,1,,,,,,,,,,,,,,,,,,,,,,,,,1,From Corner,Antoine Semenyo,9286.0,Center Forward,4,Ghana,4885,['64dd41ab-7058-4894-86a4-3a9bb56705a1'],42,,,,,,,,,,,,,,,,Ghana,4885,00:01:42.748,Ball Receipt*,
,,,,,,,,,,,,,,,,,,,,,,,,,,,,,,,,386dc820-e7c9-4ec4-ba98-1aee24449c69,50,,"[38.9, 1.2]",3920410,1,,,,,,,,,,,,,,,,,,,,,,,,,1,From Corner,Witiness Chimoio João Quembo,10865.0,Left Wing,4,Ghana,4885,['1aa1ad8a-2383-47fb-ba53-4ba53c73824d'],49,,,,,,,,,,,,,,,,Mozambique,4978,00:01:49.840,Ball Receipt*,
,,,,,,,,,,,,,,,,,,,,,,,,,,,,,,,,a71465bb-7614-4060-bf22-ab16d7aa8a2f,53,,"[61.0, 77.2]",3920410,2,,,,,,,,,,,,,,,,,,,,,,,,,1,From Throw In,Alexander Djiku,2989.0,Right Center Back,5,Ghana,4885,['60fc6ebe-8b54-46ef-9da6-9e5ce10e80c3'],27,,,,,,,,,,,,,,,,Ghana,4885,00:02:27.961,Ball Receipt*,
,,,,,,,,,,,,,,,,,,,,,,,,,,,,,,,,80e3fea9-47cc-4a0f-a078-94a9b8593bf1,56,,"[47.5, 48.5]",3920410,2,,,,,,,,,,,,,,,,,,,,,,,,,1,From Throw In,Mohamed Salisu,30519.0,Left Center Back,5,Ghana,4885,['0b68be36-76d2-4720-9c46-dc6207f5b0e2'],30,,,,,,,,,,,,,,,,Ghana,4885,00:02:30.768,Ball Receipt*,
,,,,,,,,,,,,,,,,,,,,,,,,,,,,,,,,3bffd007-6353-4c56-a274-4762d3260aa4,60,,"[12.9, 36.8]",3920410,2,,,,,,,,,,,,,,,,,,,,,,,,,1,From Throw In,Richard Ofori Antwi,68757.0,Goalkeeper,5,Ghana,4885,['aa54c579-333a-4ab3-b688-31dc2a2a08cf'],34,,,,,,,,,,,,,,,,Ghana,4885,00:02:34.900,Ball Receipt*,
,,Incomplete,,,,,,,,,,,,,,,,,,,,,,,,,,,,,,178681f7-e0ab-418a-b238-e64d62291c96,64,,"[70.3, 66.1]",3920410,2,,,,,,,,,,,,,,,,,,,,,,,,,1,From Throw In,Joseph Paintsil,16546.0,Right Wing,5,Ghana,4885,['d4bf88b0-31ce-4d82-8574-66215c1f0370'],38,,,,,,,,,,,,,,,,Ghana,4885,00:02:38.545,Ball Receipt*,
,,Incomplete,,,,,,,,,,,,,,,,,,,,,,,,,,,,,,d672b694-379d-488d-86a4-2124979217ec,67,,"[61.1, 16.2]",3920410,2,,,,,,,,,,,,,,,,,,,,,,,,,1,From Throw In,Feliciano João Jone,129475.0,Left Defensive Midfield,5,Ghana,4885,['9e7b0fa9-d977-4102-a512-a7714906bb55'],38,,,,,,,,,,,,,,,,Mozambique,4978,00:02:38.564,Ball Receipt*,
,,,,,,,,,,,,,,,,,,,,,,,,,,,,,,,,c57f4e7e-bf36-419b-89d8-142faee0f638,72,,"[38.3, 16.6]",3920410,2,,,,,,,,,,,,,,,,,,,,,,,,,1,From Throw In,Bruno Alberto Langa,106070.0,Left Back,5,Ghana,4885,['f6771bc0-7634-4726-a175-2dce84d6ba94'],44,,,,,,,,,,,,,,,,Mozambique,4978,00:02:44.049,Ball Receipt*,
,,Incomplete,,,,,,,,,,,,,,,,,,,,,,,,,,,,,,ee3312ae-e30c-4e9c-87cd-aaa0da4d73dd,75,,"[67.2, 33.8]",3920410,2,,,,,,,,,,,,,,,,,,,,,,,,,1,From Throw In,Pachoio Lau Há King,106082.0,Center Forward,5,Ghana,4885,['01f86528-2741-4c8a-a05c-105e880df494'],49,,,,,,,,,,,,,,,,Mozambique,4978,00:02:49.691,Ball Receipt*,
,,,,,,,,,,,,,,,,,,,,,,,,,,,,,,,,5aa7b8dd-0eb3-4b03-9425-d1c1a727eb25,80,,"[44.0, 22.2]",3920410,2,,,,,,,,,,,,,,,,,,,,,,,,,1,From Throw In,Gideon Mensah,23615.0,Left Back,5,Ghana,4885,['3b73a4c5-747b-48c8-9c9b-99160002a354'],54,,,,,,,,,,,,,,,,Ghana,4885,00:02:54.025,Ball Receipt*,
,,,,,,,,,,,,,,,,,,,,,,,,,,,,,,,,04621acb-48c7-42ad-8084-63336ceef73d,83,,"[54.5, 4.8]",3920410,2,,,,,,,,,,,,,,,,,,,,,,,,,1,From Throw In,Jordan Ayew,3450.0,Left Wing,5,Ghana,4885,['609388e4-fa32-4ecb-ab82-a2b7e0be6dd6'],58,,,,,,,,,,,,,,,,Ghana,4885,00:02:58.583,Ball Receipt*,
,,,,,,,,,,,,,,,,,,,,,,,,,,,,,,,,93274938-7fee-4bb5-be83-6c80c156f5b3,91,,"[50.8, 31.1]",3920410,3,,,,,,,,,,,,,,,,,,,,,,,,,1,From Free Kick,Majeed Ashimeru,30693.0,Right Defensive Midfield,6,Ghana,4885,['95a25738-538b-4f23-ab5f-0b45179142a6'],11,,,,,,,,,,,,,,,,Ghana,4885,00:03:11.661,Ball Receipt*,
,,,,,,,,,,,,,,,,,,,,,,,,,,,,,,,,5277ddd6-3eb4-4a13-b4e3-4ed5b621ee11,93,,"[60.1, 37.2]",3920410,3,,,,,,,,,,,,,,,,,,,,,,,,,1,From Free Kick,Mohammed Kudus,17033.0,Center Attacking Midfield,6,Ghana,4885,['df4cf865-95e5-432e-944c-07d209a1c36f'],12,,,,,,,,,,,,,,,,Ghana,4885,00:03:12.994,Ball Receipt*,
,,,,,,,,,,,,,,,,,,,,,,,,,,,,,,,,faadea96-e7e8-4690-8529-53e5c9978116,96,,"[49.0, 58.1]",3920410,3,,,,,,,,,,,,,,,,,,,,,,,,,1,From Free Kick,Alexander Djiku,2989.0,Right Center Back,6,Ghana,4885,['fddd78e0-65bc-4e8f-b79a-c4c53c7f08a7'],15,,,,,,,,,,,,,,,,Ghana,4885,00:03:15.147,Ball Receipt*,
,,,,,,,,,,,,,,,,,,,,,,,,,,,,,,,,0d0d683e-9c09-45cb-96d7-1679561888bc,99,,"[56.6, 77.6]",3920410,3,,,,,,,,,,,,,,,,,,,,,,,,,1,From Free Kick,Denis Odoi,12259.0,Right Back,6,Ghana,4885,['4aa1234b-5450-4c1c-81a3-d571f52552f4'],17,,,,,,,,,,,,,,,,Ghana,4885,00:03:17.628,Ball Receipt*,
,,,,,,,,,,,,,,,,,,,,,,,,,,,,,,,,99f06bd7-d182-43b7-8e14-dc03652846f0,102,,"[64.2, 72.6]",3920410,3,,,,,,,,,,,,,,,,,,,,,,,,,1,From Free Kick,Majeed Ashimeru,30693.0,Right Defensive Midfield,6,Ghana,4885,['b6b99678-c808-4ac7-ba43-9881f96c5572'],21,,,,,,,,,,,,,,,,Ghana,4885,00:03:21.101,Ball Receipt*,
,,,,,,,,,,,,,,,,,,,,,,,,,,,,,,,,54083cb3-16bb-43da-80cb-11c1d95a3c68,104,,"[73.8, 61.1]",3920410,3,,,,,,,,,,,,,,,,,,,,,,,,,1,From Free Kick,Mohammed Kudus,17033.0,Center Attacking Midfield,6,Ghana,4885,['44ae9498-00fb-4163-8888-a95eb9a58b1c'],22,,,,,,,,,,,,,,,,Ghana,4885,00:03:22.045,Ball Receipt*,
,,,,,,,,,,,,,,,,,,,,,,,,,,,,,,,,577dd167-d4a1-43f1-9a79-ab36d68a6745,107,,"[67.1, 45.2]",3920410,3,,,,,,,,,,,,,,,,,,,,,,,,,1,From Free Kick,Salis Abdul Samed,31029.0,Left Defensive Midfield,6,Ghana,4885,['2c62dce0-6620-4e97-b7b7-989b0f1fbabd'],22,,,,,,,,,,,,,,,,Ghana,4885,00:03:22.829,Ball Receipt*,
,,Incomplete,,,,,,,,,,,,,,,,,,,,,,,,,,,,,,f0757aaf-29f0-42fa-ae6e-11ed5c3ccfc5,113,,"[77.4, 68.8]",3920410,3,,,,,,,,,,,,,,,,,,,,,,,,,1,From Free Kick,Infren David da Conceição Matola,417067.0,Right Back,6,Ghana,4885,['8f3f452c-96e2-4846-9e3a-90a5436a03b6'],30,,,,,,,,,,,,,,,,Mozambique,4978,00:03:30.428,Ball Receipt*,
,,,,,,,,,,,,,,,,,,,,,,,,,,,,,,,,23fa79b4-5d57-45fb-9a0c-6a170eae81b7,115,,"[67.1, 10.7]",3920410,3,,,,,,,,,,,,,,,,,,,,,,,,,1,From Free Kick,Jordan Ayew,3450.0,Left Wing,6,Ghana,4885,['a1328a1d-2d3c-43c0-ac59-d0c3c834f400'],33,,,,,,,,,,,,,,,,Ghana,4885,00:03:33.310,Ball Receipt*,
,,,,,,,,,,,,,,,,,,,,,,,,,,,,,,,,7d53b67c-05db-4eb0-9337-d8261e1d6513,121,,"[28.0, 57.9]",3920410,3,,,,,,,,,,,,,,,,,,,,,,,,,1,Regular Play,Infren David da Conceição Matola,417067.0,Right Back,7,Mozambique,4978,['59fbbae0-b8fb-4ffd-9359-b8ace73ee57e'],41,,,,,,,,,,,,,,,,Mozambique,4978,00:03:41.753,Ball Receipt*,
,,,,,,,,,,,,,,,,,,,,,,,,,,,,,,,,897f518f-72d8-4940-b169-88dd35466bc4,124,,"[27.6, 69.2]",3920410,3,,,,,,,,,,,,,,,,,,,,,,,,,1,Regular Play,Geny Cipriano Catamo,127300.0,Right Wing,7,Mozambique,4978,['3c6a63e7-8ba8-422d-9c80-488e12f70fb6'],43,,,,,,,,,,,,,,,,Mozambique,4978,00:03:43.873,Ball Receipt*,
,,Incomplete,,,,,,,,,,,,,,,,,,,,,,,,,,,,,,9dda6e83-e10d-44e1-bf35-4cc40a1dcf80,129,,"[80.9, 69.4]",3920410,3,,,,,,,,,,,,,,,,,,,,,,,,,1,Regular Play,Pachoio Lau Há King,106082.0,Center Forward,7,Mozambique,4978,['af2437e0-04df-4d90-bc9e-1f8937a7daa9'],50,,,,,,,,,,,,,,,,Mozambique,4978,00:03:50.391,Ball Receipt*,
,,Incomplete,,,,,,,,,,,,,,,,,,,,,,,,,,,,,,ed99351d-6bb4-43c4-ac8e-c9c43e742245,133,,"[77.1, 13.3]",3920410,3,,,,,,,,,,,,,,,,,,,,,,,,,1,Regular Play,Jordan Ayew,3450.0,Left Wing,7,Mozambique,4978,['059a8721-7f8f-4898-8713-78424352378b'],54,,,,,,,,,,,,,,,,Ghana,4885,00:03:54.990,Ball Receipt*,
,,,,,,,,,,,,,,,,,,,,,,,,,,,,,,,,2144c290-4349-4948-87b5-1e53ecf33b90,137,,"[11.9, 49.0]",3920410,4,,,,,,,,,,,,,,,,,,,,,,,,,1,Regular Play,Ivane Carminio Francisco Urrubal,161718.0,Goalkeeper,7,Mozambique,4978,['70937714-b653-455d-a2a3-3eefec0b445a'],0,,,,,,,,,,,,,,,,Mozambique,4978,00:04:00.277,Ball Receipt*,
,,,,,,,,,,,,,,,,,,,,,,,,,,,,,,,,d0286854-b26c-48b5-bb98-3f8a7094e20a,140,,"[25.9, 68.8]",3920410,4,,,,,,,,,,,,,,,,,,,,,,,,,1,Regular Play,Edson André Sitoe,3250.0,Right Center Back,7,Mozambique,4978,['29098ea6-b656-4a6d-93ab-77569b253353'],3,,,,,,,,,,,,,,,,Mozambique,4978,00:04:03.728,Ball Receipt*,
,,,,,,,,,,,,,,,,,,,,,,,,,,,,,,,,0bdce667-b1c9-4a2a-b0cc-c7e235c9f07b,143,,"[43.0, 72.3]",3920410,4,,,,,,,,,,,,,,,,,,,,,,,,,1,Regular Play,Feliciano João Jone,129475.0,Left Defensive Midfield,7,Mozambique,4978,['d7ffff02-5944-42d5-92b3-27f8faeb77b1'],7,,,,,,,,,,,,,,,,Mozambique,4978,00:04:07.608,Ball Receipt*,
,,,,,,,,,,,,,,,,,,,,,,,,,,,,,,,,5f4c4c00-0098-4275-82ae-4f96f6ccc17b,146,,"[30.9, 66.8]",3920410,4,,,,,,,,,,,,,,,,,,,,,,,,,1,Regular Play,Edson André Sitoe,3250.0,Right Center Back,7,Mozambique,4978,['bba327d7-8f23-4559-9ed5-283ca7194510'],10,,,,,,,,,,,,,,,,Mozambique,4978,00:04:10.168,Ball Receipt*,
,,,,,,,,,,,,,,,,,,,,,,,,,,,,,,,,9b00eee9-c1f5-4934-8b54-0dede69f81f9,149,,"[21.7, 21.6]",3920410,4,,,,,,,,,,,,,,,,,,,,,,,,,1,Regular Play,Reinildo Isnard Mandava,10848.0,Left Center Back,7,Mozambique,4978,['7479832d-ec89-44bb-be33-e5db4ae96a9d'],13,,,,,,,,,,,,,,,,Mozambique,4978,00:04:13.248,Ball Receipt*,
,,,,,,,,,,,,,,,,,,,,,,,,,,,,,,,,209bda6f-1c42-422b-9769-9cd5c96438a4,156,,"[25.2, 55.3]",3920410,4,,,,,,,,,,,,,,,,,,,,,,,,,1,Regular Play,Edson André Sitoe,3250.0,Right Center Back,7,Mozambique,4978,['ad1a59f5-41d2-4f99-8c60-0c39296cde2d'],19,,,,,,,,,,,,,,,,Mozambique,4978,00:04:19.048,Ball Receipt*,
,,,,,,,,,,,,,,,,,,,,,,,,,,,,,,,,cde6d418-3817-415a-82df-8e571e650629,159,,"[42.2, 67.0]",3920410,4,,,,,,,,,,,,,,,,,,,,,,,,,1,Regular Play,Feliciano João Jone,129475.0,Left Defensive Midfield,7,Mozambique,4978,['d0a77e70-0fcf-4da2-bccf-c307c0a20ea2'],22,,,,,,,,,,,,,,,,Mozambique,4978,00:04:22.048,Ball Receipt*,
,,,,,,,,,,,,,,,,,,,,,,,,,,,,,,,,92721d8b-03e3-41ea-b690-aa3919d4fc99,162,,"[50.2, 63.1]",3920410,4,,,,,,,,,,,,,,,,,,,,,,,,,1,Regular Play,Alfons Amade,23706.0,Right Defensive Midfield,7,Mozambique,4978,['3518972c-0c57-4519-941d-dbb039d327cf'],24,,,,,,,,,,,,,,,,Mozambique,4978,00:04:24.568,Ball Receipt*,
,,,,,,,,,,,,,,,,,,,,,,,,,,,,,,,,71e293e4-2791-4683-9e5a-615dfcbf42c0,165,,"[45.6, 69.7]",3920410,4,,,,,,,,,,,,,,,,,,,,,,,,,1,Regular Play,Feliciano João Jone,129475.0,Left Defensive Midfield,7,Mozambique,4978,['384e353e-84d5-4363-8e12-b9a469af803d'],26,,,,,,,,,,,,,,,,Mozambique,4978,00:04:26.848,Ball Receipt*,
,,,,,,,,,,,,,,,,,,,,,,,,,,,,,,,,dea73c6f-2857-4f5a-96b9-ffc25704801c,168,,"[38.9, 28.3]",3920410,4,,,,,,,,,,,,,,,,,,,,,,,,,1,Regular Play,Reinildo Isnard Mandava,10848.0,Left Center Back,7,Mozambique,4978,['67b287e4-b19f-460a-aaec-bc85ec968683'],29,,,,,,,,,,,,,,,,Mozambique,4978,00:04:29.623,Ball Receipt*,
,,,,,,,,,,,,,,,,,,,,,,,,,,,,,,,,fb35bea6-2ecb-40a9-96b4-351736f60963,172,,"[71.3, 17.0]",3920410,4,,,,,,,,,,,,,,,,,,,,,,,,,1,Regular Play,Ricardo Martins Guimarães,29482.0,Center Attacking Midfield,7,Mozambique,4978,"['89e334f9-ad4a-4b70-8645-285304b0f65a', 'a879c93a-9de7-44f8-ac14-71c88d7f438e']",35,,,,,,,,,,,,,,,,Mozambique,4978,00:04:35.223,Ball Receipt*,True
,,,,,,,,,,,,,,,,,,,,,,,,,,,,,,,,b4926624-3032-46df-8080-9da099d01161,182,,"[43.9, 23.3]",3920410,5,,,,,,,,,,,,,,,,,,,,,,,,,1,From Free Kick,Reinildo Isnard Mandava,10848.0,Left Center Back,8,Mozambique,4978,['fb8a0ec5-0c4b-4307-815b-4acdd66aad95'],31,,,,,,,,,,,,,,,,Mozambique,4978,00:05:31.160,Ball Receipt*,
,,,,,,,,,,,,,,,,,,,,,,,,,,,,,,,,59fb1921-ef9c-4a49-b8cd-3faa464debab,185,,"[41.1, 59.0]",3920410,5,,,,,,,,,,,,,,,,,,,,,,,,,1,From Free Kick,Edson André Sitoe,3250.0,Right Center Back,8,Mozambique,4978,['ee30d9ff-56c1-407e-9b28-0f44a3efc1cc'],34,,,,,,,,,,,,,,,,Mozambique,4978,00:05:34.040,Ball Receipt*,
,,,,,,,,,,,,,,,,,,,,,,,,,,,,,,,,4fc9c2ce-48c5-4d8d-9958-5d3dba8a6af4,188,,"[15.9, 40.5]",3920410,5,,,,,,,,,,,,,,,,,,,,,,,,,1,From Free Kick,Ivane Carminio Francisco Urrubal,161718.0,Goalkeeper,8,Mozambique,4978,['bc45e58a-b9b1-4105-8257-fe5a32158fb5'],42,,,,,,,,,,,,,,,,Mozambique,4978,00:05:42.800,Ball Receipt*,
,,Incomplete,,,,,,,,,,,,,,,,,,,,,,,,,,,,,,87c966b6-f051-4e96-8615-24fddb86872d,191,,"[73.0, 37.9]",3920410,5,,,,,,,,,,,,,,,,,,,,,,,,,1,From Free Kick,Pachoio Lau Há King,106082.0,Center Forward,8,Mozambique,4978,['1be46311-4f07-4561-83ea-3f02f58d76be'],50,,,,,,,,,,,,,,,,Mozambique,4978,00:05:50.394,Ball Receipt*,
,,,,,,,,,,,,,,,,,,,,,,,,,,,,,,,,d6412a66-4954-4a03-8bb2-deafac28296f,193,,"[57.5, 47.8]",3920410,5,,,,,,,,,,,,,,,,,,,,,,,,,1,Regular Play,Majeed Ashimeru,30693.0,Right Defensive Midfield,9,Ghana,4885,['76ee554e-5bc5-453e-b8f3-5e49ee0b2d46'],51,,,,,,,,,,,,,,,,Ghana,4885,00:05:51.671,Ball Receipt*,
,,,,,,,,,,,,,,,,,,,,,,,,,,,,,,,,f3e0dd39-f1a5-4c14-a5d7-43e8e9227898,198,,"[46.2, 67.2]",3920410,5,,,,,,,,,,,,,,,,,,,,,,,,,1,Regular Play,Denis Odoi,12259.0,Right Back,9,Ghana,4885,['9a3efc73-2724-4118-9fff-ae97d52f57a0'],54,,,,,,,,,,,,,,,,Ghana,4885,00:05:54.574,Ball Receipt*,
,,Incomplete,,,,,,,,,,,,,,,,,,,,,,,,,,,,,,75c7c46a-7f72-4d37-bf54-aaf8c733f698,201,,"[88.4, 73.9]",3920410,6,,,,,,,,,,,,,,,,,,,,,,,,,1,Regular Play,Joseph Paintsil,16546.0,Right Wing,9,Ghana,4885,['789bc1f3-2c98-4be9-9992-9118d2441aff'],0,,,,,,,,,,,,,,,,Ghana,4885,00:06:00.232,Ball Receipt*,
,,Incomplete,,,,,,,,,,,,,,,,,,,,,,,,,,,,,,003cff84-3fdd-4370-a66f-a26ca6129008,206,,"[108.8, 59.4]",3920410,6,,,,,,,,,,,,,,,,,,,,,,,,,1,Regular Play,Antoine Semenyo,9286.0,Center Forward,10,Mozambique,4978,['6d6372b1-febf-4f09-8037-e131e20a1271'],4,,,,,,,,,,,,,,,,Ghana,4885,00:06:04.472,Ball Receipt*,
,,,,,,,,,,,,,,,,,,,,,,,,,,,,,,,,c4a8467a-2ab7-4c9f-a8c6-ea84ea8b7555,218,,"[14.6, 6.2]",3920410,6,,,,,,,,,,,,,,,,,,,,,,,,,1,From Throw In,Alfons Amade,23706.0,Right Defensive Midfield,11,Mozambique,4978,['d62101ab-ff9c-4fba-b7fd-a9fb218e86e6'],32,,,,,,,,,,,,,,,,Mozambique,4978,00:06:32.483,Ball Receipt*,
,,,,,,,,,,,,,,,,,,,,,,,,,,,,,,,,45b91ae9-32f3-4107-99cd-c4032883d843,222,,"[10.9, 27.7]",3920410,6,,,,,,,,,,,,,,,,,,,,,,,,,1,From Throw In,Edson André Sitoe,3250.0,Right Center Back,11,Mozambique,4978,['c4deeb6e-61fd-4dee-88d6-8b6656916812'],35,,,,,,,,,,,,,,,,Mozambique,4978,00:06:35.483,Ball Receipt*,
,,,,,,,,,,,,,,,,,,,,,,,,,,,,,,,,cea748e3-66fd-4592-b320-a0fa808f0f47,225,,"[38.3, 64.4]",3920410,6,,,,,,,,,,,,,,,,,,,,,,,,,1,From Throw In,Infren David da Conceição Matola,417067.0,Right Back,11,Mozambique,4978,['ae1af85d-dafa-413f-b052-af4b924a4d65'],38,,,,,,,,,,,,,,,,Mozambique,4978,00:06:38.763,Ball Receipt*,
,,,,,,,,,,,,,,,,,,,,,,,,,,,,,,,,dff327a0-4bdb-4592-936c-e8f5964891f2,232,,"[91.0, 14.4]",3920410,6,,,,,,,,,,,,,,,,,,,,,,,,,1,Regular Play,Mohammed Kudus,17033.0,Center Attacking Midfield,12,Ghana,4885,['fef62511-669e-4875-88e7-8074fb53b3b7'],44,,,,,,,,,,,,,,,,Ghana,4885,00:06:44.471,Ball Receipt*,
,,,,,,,,,,,,,,,,,,,,,,,,,,,,,,,,58267842-6f05-4d6d-8a64-2138e23599c0,235,,"[83.8, 15.9]",3920410,6,,,,,,,,,,,,,,,,,,,,,,,,,1,Regular Play,Majeed Ashimeru,30693.0,Right Defensive Midfield,12,Ghana,4885,['dc6bcc37-2e3c-451f-973a-f4e3d33a83de'],47,,,,,,,,,,,,,,,,Ghana,4885,00:06:47.512,Ball Receipt*,
,,,,,,,,,,,,,,,,,,,,,,,,,,,,,,,,4b565af0-eeed-411a-afcf-e387117daa11,237,,"[87.3, 7.8]",3920410,6,,,,,,,,,,,,,,,,,,,,,,,,,1,Regular Play,Mohammed Kudus,17033.0,Center Attacking Midfield,12,Ghana,4885,['b7c0147c-b295-48b0-bfc8-32c41f3c3cae'],48,,,,,,,,,,,,,,,,Ghana,4885,00:06:48.129,Ball Receipt*,
,,,,,,,,,,,,,,,,,,,,,,,,,,,,,,,,f6d26e50-0282-455a-9b54-fe10342aa7af,241,,"[95.8, 4.8]",3920410,6,,,,,,,,,,,,,,,,,,,,,,,,,1,Regular Play,Jordan Ayew,3450.0,Left Wing,12,Ghana,4885,['432dea78-c086-4a21-8b1c-b6782a710cdc'],50,,,,,,,,,,,,,,,,Ghana,4885,00:06:50.849,Ball Receipt*,
,,,,,,,,,,,,,,,,,,,,,,,,,,,,,,,,96fb982c-2e85-4130-8a47-e3557a99c6eb,245,,"[93.4, 13.9]",3920410,6,,,,,,,,,,,,,,,,,,,,,,,,,1,Regular Play,Mohammed Kudus,17033.0,Center Attacking Midfield,12,Ghana,4885,"['a329abd5-aba9-4779-b3d1-c5c4fd0317e0', 'a84eb4b5-3793-4f2b-90f0-d7df1163876f']",52,,,,,,,,,,,,,,,,Ghana,4885,00:06:52.390,Ball Receipt*,True
,,,,,,,,,,,,,,,,,,,,,,,,,,,,,,,,b8a3f905-3eb5-460c-8dfe-e8e5a52e4eba,247,,"[95.3, 6.7]",3920410,6,,,,,,,,,,,,,,,,,,,,,,,,,1,Regular Play,Jordan Ayew,3450.0,Left Wing,12,Ghana,4885,['b22ce57f-ef8d-4d27-a0e5-307e227d6ffc'],53,,,,,,,,,,,,,,,,Ghana,4885,00:06:53.271,Ball Receipt*,
,,,,,,,,,,,,,,,,,,,,,,,,,,,,,,,,b026b15b-80ad-45ac-b8e2-8573603187da,250,,"[110.3, 7.0]",3920410,6,,,,,,,,,,,,,,,,,,,,,,,,,1,Regular Play,Mohammed Kudus,17033.0,Center Attacking Midfield,12,Ghana,4885,['657aa846-0676-4d1c-ac4e-cfd8043542b6'],57,,,,,,,,,,,,,,,,Ghana,4885,00:06:57.535,Ball Receipt*,
,,Incomplete,,,,,,,,,,,,,,,,,,,,,,,,,,,,,,1aca01b9-4164-4d7d-b1b4-569c45d2b6b3,256,,"[110.3, 46.8]",3920410,7,,,,,,,,,,,,,,,,,,,,,,,,,1,Regular Play,Antoine Semenyo,9286.0,Center Forward,12,Ghana,4885,['fb9620ef-01c4-4a96-ac45-86d6c34d0279'],2,,,,,,,,,,,,,,,,Ghana,4885,00:07:02.434,Ball Receipt*,
,,,,,,,,,,,,,,,,,,,,,,,,,,,,,,,,16f19737-8af5-4b09-804a-076009e993d2,259,,"[25.9, 50.5]",3920410,7,,,,,,,,,,,,,,,,,,,,,,,,,1,Regular Play,Ricardo Martins Guimarães,29482.0,Center Attacking Midfield,13,Mozambique,4978,"['07345e16-f6df-4022-8700-e24dffd1003b', 'a6e2afad-b083-4edc-850e-35e7d9e3a4a4']",3,,,,,,,,,,,,,,,,Mozambique,4978,00:07:03.874,Ball Receipt*,True
,,,,,,,,,,,,,,,,,,,,,,,,,,,,,,,,0cc2f22b-88bd-42cf-98cb-fc77c5a6890d,262,,"[19.1, 42.3]",3920410,7,,,,,,,,,,,,,,,,,,,,,,,,,1,Regular Play,Alfons Amade,23706.0,Right Defensive Midfield,13,Mozambique,4978,['bef66e1a-7ba7-496b-8b1e-f728ffa31f2c'],4,,,,,,,,,,,,,,,,Mozambique,4978,00:07:04.794,Ball Receipt*,
,,,,,,,,,,,,,,,,,,,,,,,,,,,,,,,,cee50828-3765-40de-9dd8-52e33d9c559e,266,,"[72.6, 67.0]",3920410,7,,,,,,,,,,,,,,,,,,,,,,,,,1,Regular Play,Pachoio Lau Há King,106082.0,Center Forward,13,Mozambique,4978,['9eb0ffde-6a75-4e20-ba24-173203b191e8'],11,,,,,,,,,,,,,,,,Mozambique,4978,00:07:11.957,Ball Receipt*,
,,,,,,,,,,,,,,,,,,,,,,,,,,,,,,,,17b62322-9d1e-4a13-870f-d4450c0f6372,271,,"[69.3, 61.2]",3920410,7,,,,,,,,,,,,,,,,,,,,,,,,,1,From Free Kick,Alfons Amade,23706.0,Right Defensive Midfield,14,Mozambique,4978,['b66bc4ee-fba2-4845-ab3a-7fb6f708c52f'],38,,,,,,,,,,,,,,,,Mozambique,4978,00:07:38.277,Ball Receipt*,
,,,,,,,,,,,,,,,,,,,,,,,,,,,,,,,,fa614019-4f41-4640-80e7-1681d79ba0b7,273,,"[53.5, 59.9]",3920410,7,,,,,,,,,,,,,,,,,,,,,,,,,1,From Free Kick,Edson André Sitoe,3250.0,Right Center Back,14,Mozambique,4978,['b85655fb-eddd-42f6-b0d2-d20615e5a446'],41,,,,,,,,,,,,,,,,Mozambique,4978,00:07:41.924,Ball Receipt*,
,,,,,,,,,,,,,,,,,,,,,,,,,,,,,,,,9ce27a16-c1ba-4fdb-8a54-42efd37fe4ce,276,,"[52.2, 33.1]",3920410,7,,,,,,,,,,,,,,,,,,,,,,,,,1,From Free Kick,Reinildo Isnard Mandava,10848.0,Left Center Back,14,Mozambique,4978,['a8d17fb4-6917-44fd-87b8-389d2ebfc5fc'],43,,,,,,,,,,,,,,,,Mozambique,4978,00:07:43.804,Ball Receipt*,
,,,,,,,,,,,,,,,,,,,,,,,,,,,,,,,,3abdcd48-802f-4d64-8172-6e487201c071,279,,"[65.6, 3.3]",3920410,7,,,,,,,,,,,,,,,,,,,,,,,,,1,From Free Kick,Bruno Alberto Langa,106070.0,Left Back,14,Mozambique,4978,['e32e5e14-8efe-4e4f-8cf9-368fda4140ff'],47,,,,,,,,,,,,,,,,Mozambique,4978,00:07:47.359,Ball Receipt*,
,,,,,,,,,,,,,,,,,,,,,,,,,,,,,,,,f66b0793-24e9-4b0e-9a90-c3bf22d0f382,285,,"[87.2, 72.9]",3920410,8,,,,,,,,,,,,,,,,,,,,,,,,,1,From Free Kick,Geny Cipriano Catamo,127300.0,Right Wing,15,Mozambique,4978,['38386727-06c9-457d-8b8d-b6e00475b0bf'],15,,,,,,,,,,,,,,,,Mozambique,4978,00:08:15.864,Ball Receipt*,
,,,,,,,,,,,,,,,,,,,,,,,,,,,,,,,,16cb1189-4c41-4765-9d4b-55f313b5eb4b,292,,"[55.5, 10.9]",3920410,8,,,,,,,,,,,,,,,,,,,,,,,,,1,From Free Kick,Mohammed Kudus,17033.0,Center Attacking Midfield,15,Mozambique,4978,['c0f72f37-6cde-433d-b259-1e8e510313d5'],20,,,,,,,,,,,,,,,,Ghana,4885,00:08:20.490,Ball Receipt*,
,,,,,,,,,,,,,,,,,,,,,,,,,,,,,,,,d7d900bc-c7fc-4432-9bd8-15f93f284ef0,298,,"[56.7, 74.0]",3920410,8,,,,,,,,,,,,,,,,,,,,,,,,,1,From Free Kick,Geny Cipriano Catamo,127300.0,Right Wing,15,Mozambique,4978,['fa12c56b-09e8-4418-8592-fab40d354905'],24,,,,,,,,,,,,,,,,Mozambique,4978,00:08:24.529,Ball Receipt*,
,,,,,,,,,,,,,,,,,,,,,,,,,,,,,,,,70f48eeb-9179-4366-9327-58af270a9516,301,,"[43.7, 69.4]",3920410,8,,,,,,,,,,,,,,,,,,,,,,,,,1,From Free Kick,Edson André Sitoe,3250.0,Right Center Back,15,Mozambique,4978,['1331ecc5-6523-4fc8-86fb-77610bc13e68'],27,,,,,,,,,,,,,,,,Mozambique,4978,00:08:27.769,Ball Receipt*,
,,,,,,,,,,,,,,,,,,,,,,,,,,,,,,,,e3a02ceb-fad9-4ac0-b0c8-d329cfa096ff,304,,"[31.9, 21.6]",3920410,8,,,,,,,,,,,,,,,,,,,,,,,,,1,From Free Kick,Reinildo Isnard Mandava,10848.0,Left Center Back,15,Mozambique,4978,['d64bdef5-e45a-41e0-b9e7-f0ebd46db438'],32,,,,,,,,,,,,,,,,Mozambique,4978,00:08:32.505,Ball Receipt*,
,,,,,,,,,,,,,,,,,,,,,,,,,,,,,,,,8dcd77a1-46c2-4671-98ad-287ff9e1c3a7,307,,"[45.9, 24.0]",3920410,8,,,,,,,,,,,,,,,,,,,,,,,,,1,From Free Kick,Feliciano João Jone,129475.0,Left Defensive Midfield,15,Mozambique,4978,['2280dd0d-fa64-4c47-8882-a6d2ddc38627'],34,,,,,,,,,,,,,,,,Mozambique,4978,00:08:34.545,Ball Receipt*,
,,,,,,,,,,,,,,,,,,,,,,,,,,,,,,,,3fe23c00-590d-405a-8e48-fe16cc9fafcf,310,,"[39.3, 67.7]",3920410,8,,,,,,,,,,,,,,,,,,,,,,,,,1,From Free Kick,Edson André Sitoe,3250.0,Right Center Back,15,Mozambique,4978,['82e5a765-40d0-40fc-b903-03a0c922b376'],38,,,,,,,,,,,,,,,,Mozambique,4978,00:08:38.545,Ball Receipt*,
,,,,,,,,,,,,,,,,,,,,,,,,,,,,,,,,9e4009a2-6ce1-48d5-a796-1c072b08b7bd,314,,"[108.0, 49.9]",3920410,8,,,,,,,,,,,,,,,,,,,,,,,,,1,From Free Kick,Pachoio Lau Há King,106082.0,Center Forward,15,Mozambique,4978,"['3756d0cf-9e5b-45ea-b0b3-f0e8954f3092', 'afb384d4-bf85-4922-9165-e875c37eda54']",44,,,,,,,,,,,,,,,,Mozambique,4978,00:08:44.131,Ball Receipt*,True
,,,,,,,,,,,,,,,,,,,,,,,,,,,,,,,,8966aff8-ba71-41d3-ae2d-ce86e2e8884b,321,,"[65.3, 4.1]",3920410,9,,,,,,,,,,,,,,,,,,,,,,,,,1,From Goal Kick,Jordan Ayew,3450.0,Left Wing,16,Ghana,4885,['8c1c145e-5119-4c8c-b87a-bd9bd2831ebe'],24,,,,,,,,,,,,,,,,Ghana,4885,00:09:24.583,Ball Receipt*,
,,Incomplete,,,,,,,,,,,,,,,,,,,,,,,,,,,,,,ffac524d-ac89-4052-ab5d-4446d07af39a,325,,"[92.0, 57.5]",3920410,9,,,,,,,,,,,,,,,,,,,,,,,,,1,From Free Kick,Pachoio Lau Há King,106082.0,Center Forward,17,Mozambique,4978,['123a6ce9-25c6-4779-8f19-0c16b2fdcb08'],50,,,,,,,,,,,,,,,,Mozambique,4978,00:09:50.117,Ball Receipt*,
,,Incomplete,,,,,,,,,,,,,,,,,,,,,,,,,,,,,,72430036-428f-454f-8680-153903edcf12,329,,"[76.1, 68.8]",3920410,9,,,,,,,,,,,,,,,,,,,,,,,,,1,From Free Kick,Geny Cipriano Catamo,127300.0,Right Wing,17,Mozambique,4978,['04b91cc5-7e62-4aec-9ddc-73fd5609bfad'],56,,,,,,,,,,,,,,,,Mozambique,4978,00:09:56.349,Ball Receipt*,
,,Incomplete,,,,,,,,,,,,,,,,,,,,,,,,,,,,,,c3b70c8f-bbf4-467b-91ff-8b59dabb6ae8,331,,"[77.1, 12.6]",3920410,10,,,,,,,,,,,,,,,,,,,,,,,,,1,From Throw In,Antoine Semenyo,9286.0,Center Forward,18,Ghana,4885,['197a3e69-b667-4b1a-8062-962b13732cb7'],7,,,,,,,,,,,,,,,,Ghana,4885,00:10:07.750,Ball Receipt*,
,,,,,,,,,,,,,,,,,,,,,,,,,,,,,,,,52219fb6-0214-464c-a1b9-ecf3291f4b5c,333,,"[50.0, 70.7]",3920410,10,,,,,,,,,,,,,,,,,,,,,,,,,1,From Throw In,Ricardo Martins Guimarães,29482.0,Center Attacking Midfield,18,Ghana,4885,['b7da2e09-0451-44e0-aa96-42ce3f03af4c'],9,,,,,,,,,,,,,,,,Mozambique,4978,00:10:09.590,Ball Receipt*,
,,,,,,,,,,,,,,,,,,,,,,,,,,,,,,,,1dc06138-b467-4afd-b792-a90a5abf0f38,342,,"[103.8, 7.2]",3920410,10,,,,,,,,,,,,,,,,,,,,,,,,,1,From Throw In,Antoine Semenyo,9286.0,Center Forward,19,Ghana,4885,['00e64744-1790-458a-a266-05a3966edc17'],28,,,,,,,,,,,,,,,,Ghana,4885,00:10:28.612,Ball Receipt*,
,,Incomplete,,,,,,,,,,,,,,,,,,,,,,,,,,,,,,601d6851-cf24-4d8c-a363-f5593bf351f0,347,,"[48.3, 68.4]",3920410,10,,,,,,,,,,,,,,,,,,,,,,,,,1,From Throw In,Geny Cipriano Catamo,127300.0,Right Wing,20,Mozambique,4978,['5ea59c16-3942-4767-96eb-4b1b558dc499'],50,,,,,,,,,,,,,,,,Mozambique,4978,00:10:50.121,Ball Receipt*,
,,Incomplete,,,,,,,,,,,,,,,,,,,,,,,,,,,,,,2ef29d0d-ce21-4c9a-9dab-8ce65d75ffb0,350,,"[65.6, 75.7]",3920410,11,,,,,,,,,,,,,,,,,,,,,,,,,1,From Throw In,Pachoio Lau Há King,106082.0,Center Forward,21,Mozambique,4978,['c23f3907-22b2-42a9-a8c9-1b32efedb29d'],3,,,,,,,,,,,,,,,,Mozambique,4978,00:11:03.179,Ball Receipt*,
,,,,,,,,,,,,,,,,,,,,,,,,,,,,,,,,09901cff-00fd-42d6-9e89-6b5f28b8ce82,355,,"[25.9, 51.2]",3920410,11,,,,,,,,,,,,,,,,,,,,,,,,,1,From Throw In,Edson André Sitoe,3250.0,Right Center Back,22,Mozambique,4978,['bf685161-38ca-4d22-88cf-3e316f3b814c'],15,,,,,,,,,,,,,,,,Mozambique,4978,00:11:15.406,Ball Receipt*,
,,,,,,,,,,,,,,,,,,,,,,,,,,,,,,,,cd019e45-7924-4bbb-a2be-3bce12109a6f,359,,"[29.3, 52.0]",3920410,11,,,,,,,,,,,,,,,,,,,,,,,,,1,From Throw In,Feliciano João Jone,129475.0,Left Defensive Midfield,22,Mozambique,4978,['d66b0947-eb52-492d-87c7-2725ff5ef63a'],17,,,,,,,,,,,,,,,,Mozambique,4978,00:11:17.766,Ball Receipt*,
,,,,,,,,,,,,,,,,,,,,,,,,,,,,,,,,3779de30-12a4-48d7-9dc7-18dc8bc2a8a1,366,,"[21.1, 21.2]",3920410,11,,,,,,,,,,,,,,,,,,,,,,,,,1,From Throw In,Edson André Sitoe,3250.0,Right Center Back,22,Mozambique,4978,['fe1981e1-680e-43b3-ac22-7d4f9923b532'],23,,,,,,,,,,,,,,,,Mozambique,4978,00:11:23.600,Ball Receipt*,
,,,,,,,,,,,,,,,,,,,,,,,,,,,,,,,,00b8c0b2-4750-4820-b04c-c1dc60f3c8c1,369,,"[52.8, 3.3]",3920410,11,,,,,,,,,,,,,,,,,,,,,,,,,1,From Throw In,Bruno Alberto Langa,106070.0,Left Back,22,Mozambique,4978,['0fd1d9df-714a-4e0b-b469-0fda54ba018d'],25,,,,,,,,,,,,,,,,Mozambique,4978,00:11:25.920,Ball Receipt*,
,,Incomplete,,,,,,,,,,,,,,,,,,,,,,,,,,,,,,92bab883-3554-4135-87f2-1b366a89164a,373,,"[88.3, 22.3]",3920410,11,,,,,,,,,,,,,,,,,,,,,,,,,1,From Throw In,Ricardo Martins Guimarães,29482.0,Center Attacking Midfield,22,Mozambique,4978,['1ff92026-bb01-41f9-b8ab-8426f2643bf2'],29,,,,,,,,,,,,,,,,Mozambique,4978,00:11:29.374,Ball Receipt*,
,,Incomplete,,,,,,,,,,,,,,,,,,,,,,,,,,,,,,919e680e-5e68-446d-bd28-98d29f6885c4,376,,"[92.0, 27.5]",3920410,11,,,,,,,,,,,,,,,,,,,,,,,,,1,From Throw In,Witiness Chimoio João Quembo,10865.0,Left Wing,22,Mozambique,4978,['913459d2-346d-4c02-b18f-d2c5a2afa152'],30,,,,,,,,,,,,,,,,Mozambique,4978,00:11:30.337,Ball Receipt*,
,,,,,,,,,,,,,,,,,,,,,,,,,,,,,,,,87f5f874-a14c-4269-87c6-8db16ddb784b,383,,"[57.5, 71.8]",3920410,11,,,,,,,,,,,,,,,,,,,,,,,,,1,Regular Play,Joseph Paintsil,16546.0,Right Wing,23,Ghana,4885,['d1c141ff-7fe8-416c-9080-8d91034ec5e9'],38,,,,,,,,,,,,,,,,Ghana,4885,00:11:38.077,Ball Receipt*,
,,,,,,,,,,,,,,,,,,,,,,,,,,,,,,,,7ff2590c-1baf-49e4-8244-166dd3769ff5,388,,"[81.2, 51.1]",3920410,11,,,,,,,,,,,,,,,,,,,,,,,,,1,Regular Play,Mohammed Kudus,17033.0,Center Attacking Midfield,23,Ghana,4885,['eaa301e9-33b8-434f-937a-dccad0692246'],43,,,,,,,,,,,,,,,,Ghana,4885,00:11:43.817,Ball Receipt*,
,,,,,,,,,,,,,,,,,,,,,,,,,,,,,,,,2c0f071e-73ff-4ffa-b65a-df611d7a566e,391,,"[92.5, 8.9]",3920410,11,,,,,,,,,,,,,,,,,,,,,,,,,1,Regular Play,Gideon Mensah,23615.0,Left Back,23,Ghana,4885,['98b4a2e8-7d10-4f1e-bad6-516c93515429'],48,,,,,,,,,,,,,,,,Ghana,4885,00:11:48.084,Ball Receipt*,
,,,,,,,,,,,,,,,,,,,,,,,,,,,,,,,,0d9fd9a0-bb4c-45dc-8f54-2504c928d1cf,394,,"[85.5, 16.1]",3920410,11,,,,,,,,,,,,,,,,,,,,,,,,,1,Regular Play,Salis Abdul Samed,31029.0,Left Defensive Midfield,23,Ghana,4885,['d14dfc25-530e-4bb6-8279-c2be5fb8664c'],50,,,,,,,,,,,,,,,,Ghana,4885,00:11:50.899,Ball Receipt*,
,,,,,,,,,,,,,,,,,,,,,,,,,,,,,,,,41d5cdff-85d2-4876-9049-a0e0564111df,398,,"[65.3, 25.0]",3920410,11,,,,,,,,,,,,,,,,,,,,,,,,,1,Regular Play,Mohamed Salisu,30519.0,Left Center Back,23,Ghana,4885,['3333fa11-5906-4032-ada9-73ebff4662be'],54,,,,,,,,,,,,,,,,Ghana,4885,00:11:54.309,Ball Receipt*,
,,,,,,,,,,,,,,,,,,,,,,,,,,,,,,,,6ffcacd5-873f-4b6a-b9c8-81f7c5750a58,401,,"[67.1, 42.4]",3920410,11,,,,,,,,,,,,,,,,,,,,,,,,,1,Regular Play,Majeed Ashimeru,30693.0,Right Defensive Midfield,23,Ghana,4885,['874a1685-2911-4d8a-b86f-d7c9191e94b0'],56,,,,,,,,,,,,,,,,Ghana,4885,00:11:56.738,Ball Receipt*,
,,,,,,,,,,,,,,,,,,,,,,,,,,,,,,,,28578039-b918-4e81-b125-db4ec2c69ce9,404,,"[66.2, 18.7]",3920410,12,,,,,,,,,,,,,,,,,,,,,,,,,1,Regular Play,Salis Abdul Samed,31029.0,Left Defensive Midfield,23,Ghana,4885,['a5e40c98-6138-4ba4-a053-7ecf51cca75c'],0,,,,,,,,,,,,,,,,Ghana,4885,00:12:00.948,Ball Receipt*,
,,,,,,,,,,,,,,,,,,,,,,,,,,,,,,,,45423e1f-5764-4a9a-971b-0995e1386956,407,,"[57.3, 23.9]",3920410,12,,,,,,,,,,,,,,,,,,,,,,,,,1,Regular Play,Mohamed Salisu,30519.0,Left Center Back,23,Ghana,4885,['d33070df-5abc-4e29-9a58-4d072d42512e'],3,,,,,,,,,,,,,,,,Ghana,4885,00:12:03.177,Ball Receipt*,
,,,,,,,,,,,,,,,,,,,,,,,,,,,,,,,,13ebb06b-8d33-45ed-8896-1c9687abcf8a,410,,"[71.6, 9.8]",3920410,12,,,,,,,,,,,,,,,,,,,,,,,,,1,Regular Play,Gideon Mensah,23615.0,Left Back,23,Ghana,4885,['3690c5dd-2fcf-4c8f-9f24-62f89d4a6745'],5,,,,,,,,,,,,,,,,Ghana,4885,00:12:05.457,Ball Receipt*,
,,,,,,,,,,,,,,,,,,,,,,,,,,,,,,,,0e5becee-2c34-4440-aad1-fef54d4c2328,413,,"[103.4, 6.1]",3920410,12,,,,,,,,,,,,,,,,,,,,,,,,,1,Regular Play,Joseph Paintsil,16546.0,Right Wing,23,Ghana,4885,['4b71c3b9-3d76-4008-ab0a-af0725e258dc'],8,,,,,,,,,,,,,,,,Ghana,4885,00:12:08.576,Ball Receipt*,
,,,,,,,,,,,,,,,,,,,,,,,,,,,,,,,,7ce49219-ca52-4e59-9420-55c6b942bd7b,424,,"[42.6, 39.0]",3920410,15,,,,,,,,,,,,,,,,,,,,,,,,,1,From Kick Off,Alfons Amade,23706.0,Right Defensive Midfield,25,Mozambique,4978,['1b31e3f9-3ae9-4f79-8141-2a6927df658b'],30,,,,,,,,,,,,,,,,Mozambique,4978,00:15:30.381,Ball Receipt*,
,,Incomplete,,,,,,,,,,,,,,,,,,,,,,,,,,,,,,5c4e23ff-97f0-4404-96d0-fe6617b14182,427,,"[107.6, 49.0]",3920410,15,,,,,,,,,,,,,,,,,,,,,,,,,1,From Kick Off,Pachoio Lau Há King,106082.0,Center Forward,25,Mozambique,4978,['44d8672d-845a-471b-a536-ab126b4485a9'],54,,,,,,,,,,,,,,,,Mozambique,4978,00:15:54.106,Ball Receipt*,
,,,,,,,,,,,,,,,,,,,,,,,,,,,,,,,,0006264c-f607-4d58-a5c7-bf712cf49d10,431,,"[82.5, 18.1]",3920410,16,,,,,,,,,,,,,,,,,,,,,,,,,1,From Kick Off,Antoine Semenyo,9286.0,Center Forward,25,Mozambique,4978,['5709ff1d-e186-4198-9e3c-2ada76a386bf'],8,,,,,,,,,,,,,,,,Ghana,4885,00:16:08.280,Ball Receipt*,
,,Incomplete,,,,,,,,,,,,,,,,,,,,,,,,,,,,,,5614f3e0-3699-4ac8-83a5-dee299baef17,434,,"[72.7, 17.2]",3920410,16,,,,,,,,,,,,,,,,,,,,,,,,,1,From Kick Off,Jordan Ayew,3450.0,Left Wing,25,Mozambique,4978,['d0bb89b6-4e7f-4c81-a48a-acc64e156ba0'],9,,,,,,,,,,,,,,,,Ghana,4885,00:16:09.770,Ball Receipt*,
,,,,,,,,,,,,,,,,,,,,,,,,,,,,,,,,72e74a62-a883-4f83-8c45-7737719b1c55,440,,"[53.0, 36.2]",3920410,16,,,,,,,,,,,,,,,,,,,,,,,,,1,From Free Kick,Reinildo Isnard Mandava,10848.0,Left Center Back,26,Mozambique,4978,['5d6b6f45-c3cc-4fef-bfbc-eae6b820613f'],55,,,,,,,,,,,,,,,,Mozambique,4978,00:16:55.299,Ball Receipt*,
,,,,,,,,,,,,,,,,,,,,,,,,,,,,,,,,0dc8a25a-3be8-4ad2-9deb-d7a72d2976ab,443,,"[62.8, 12.5]",3920410,16,,,,,,,,,,,,,,,,,,,,,,,,,1,From Free Kick,Bruno Alberto Langa,106070.0,Left Back,26,Mozambique,4978,['b2f28c8d-9a8a-463e-a7aa-a9e0f0ed3f3c'],58,,,,,,,,,,,,,,,,Mozambique,4978,00:16:58.019,Ball Receipt*,
,,,,,,,,,,,,,,,,,,,,,,,,,,,,,,,,2b3042de-d092-4251-8873-dc55e248fe85,446,,"[51.9, 27.5]",3920410,17,,,,,,,,,,,,,,,,,,,,,,,,,1,From Free Kick,Reinildo Isnard Mandava,10848.0,Left Center Back,26,Mozambique,4978,['cbe758f3-180d-40de-a2b7-ac47e2005a05'],0,,,,,,,,,,,,,,,,Mozambique,4978,00:17:00.939,Ball Receipt*,
,,,,,,,,,,,,,,,,,,,,,,,,,,,,,,,,2ec546e0-237a-454a-90ff-6a2797c74ad1,449,,"[44.8, 62.0]",3920410,17,,,,,,,,,,,,,,,,,,,,,,,,,1,From Free Kick,Edson André Sitoe,3250.0,Right Center Back,26,Mozambique,4978,['6d6e6af4-22c8-40d6-b124-88cd4ac37511'],3,,,,,,,,,,,,,,,,Mozambique,4978,00:17:03.739,Ball Receipt*,
,,,,,,,,,,,,,,,,,,,,,,,,,,,,,,,,08444178-7006-422f-87e1-5e58c925c06e,453,,"[40.6, 22.0]",3920410,17,,,,,,,,,,,,,,,,,,,,,,,,,1,From Free Kick,Reinildo Isnard Mandava,10848.0,Left Center Back,26,Mozambique,4978,['bbc54160-37c3-4f94-bba8-bb8654e129ec'],6,,,,,,,,,,,,,,,,Mozambique,4978,00:17:06.579,Ball Receipt*,
,,,,,,,,,,,,,,,,,,,,,,,,,,,,,,,,1fdcc363-4c05-4f62-9bb8-9550773e1a84,456,,"[15.9, 41.4]",3920410,17,,,,,,,,,,,,,,,,,,,,,,,,,1,From Free Kick,Ivane Carminio Francisco Urrubal,161718.0,Goalkeeper,26,Mozambique,4978,['5af310e0-b04c-4097-8d3a-4da512240608'],10,,,,,,,,,,,,,,,,Mozambique,4978,00:17:10.819,Ball Receipt*,
,,,,,,,,,,,,,,,,,,,,,,,,,,,,,,,,ce027b3e-7a11-4664-9e0c-799dc8670d9d,459,,"[20.9, 54.0]",3920410,17,,,,,,,,,,,,,,,,,,,,,,,,,1,From Free Kick,Edson André Sitoe,3250.0,Right Center Back,26,Mozambique,4978,['573730a2-38ff-43bb-8465-69531d680a1d'],13,,,,,,,,,,,,,,,,Mozambique,4978,00:17:13.299,Ball Receipt*,
,,,,,,,,,,,,,,,,,,,,,,,,,,,,,,,,624bee02-239f-419c-abc3-92f9d45d2352,462,,"[28.0, 20.3]",3920410,17,,,,,,,,,,,,,,,,,,,,,,,,,1,From Free Kick,Reinildo Isnard Mandava,10848.0,Left Center Back,26,Mozambique,4978,['f6a3e6a5-347b-4dd3-b6a4-2ac1b7302cf7'],17,,,,,,,,,,,,,,,,Mozambique,4978,00:17:17.459,Ball Receipt*,
,,,,,,,,,,,,,,,,,,,,,,,,,,,,,,,,1aaab49b-6121-433c-bf1b-01121e724a94,466,,"[62.8, 20.7]",3920410,17,,,,,,,,,,,,,,,,,,,,,,,,,1,From Free Kick,Ricardo Martins Guimarães,29482.0,Center Attacking Midfield,26,Mozambique,4978,"['cec79624-0459-4582-a7cd-44719a18a78c', '7f16d969-4620-4496-8d57-4a0b00ba04f0']",22,,,,,,,,,,,,,,,,Mozambique,4978,00:17:22.139,Ball Receipt*,True
,,,,,,,,,,,,,,,,,,,,,,,,,,,,,,,,fb07eb59-8b4c-45cc-a75c-ab0d569eb8be,471,,"[68.3, 11.6]",3920410,17,,,,,,,,,,,,,,,,,,,,,,,,,1,From Free Kick,Bruno Alberto Langa,106070.0,Left Back,27,Mozambique,4978,['4512099d-b02e-4b57-9573-e837047d30a6'],28,,,,,,,,,,,,,,,,Mozambique,4978,00:17:28.619,Ball Receipt*,
,,,,,,,,,,,,,,,,,,,,,,,,,,,,,,,,0c7522db-123e-4504-9422-8a784c94a07b,473,,"[65.2, 15.1]",3920410,17,,,,,,,,,,,,,,,,,,,,,,,,,1,From Free Kick,Ricardo Martins Guimarães,29482.0,Center Attacking Midfield,27,Mozambique,4978,['8c086d3d-3652-4e2e-8118-6820339ffa70'],32,,,,,,,,,,,,,,,,Mozambique,4978,00:17:32.067,Ball Receipt*,
,,,,,,,,,,,,,,,,,,,,,,,,,,,,,,,,cd2dc737-3f90-48b1-a086-59256d2653c4,476,,"[61.7, 5.3]",3920410,17,,,,,,,,,,,,,,,,,,,,,,,,,1,From Free Kick,Feliciano João Jone,129475.0,Left Defensive Midfield,27,Mozambique,4978,['e5f62030-6dfc-4cbe-8ba5-675c1622be7c'],33,,,,,,,,,,,,,,,,Mozambique,4978,00:17:33.827,Ball Receipt*,
,,Incomplete,,,,,,,,,,,,,,,,,,,,,,,,,,,,,,ba6d1869-ab39-495f-bb85-ce4f21897250,479,,"[93.9, 22.9]",3920410,17,,,,,,,,,,,,,,,,,,,,,,,,,1,From Free Kick,Pachoio Lau Há King,106082.0,Center Forward,27,Mozambique,4978,['1726a580-3eb0-4436-8190-051b960d506f'],39,,,,,,,,,,,,,,,,Mozambique,4978,00:17:39.604,Ball Receipt*,
,,,,,,,,,,,,,,,,,,,,,,,,,,,,,,,,a6140a90-4126-45b4-a154-18b57b305e44,481,,"[66.4, 38.7]",3920410,18,,,,,,,,,,,,,,,,,,,,,,,,,1,From Goal Kick,Majeed Ashimeru,30693.0,Right Defensive Midfield,28,Ghana,4885,['bd33caf4-7416-4c2f-9996-b6b99db2e5b0'],17,,,,,,,,,,,,,,,,Ghana,4885,00:18:17.981,Ball Receipt*,
,,Incomplete,,,,,,,,,,,,,,,,,,,,,,,,,,,,,,7d9a9709-96d7-42e3-89b7-ba1640ae4295,483,,"[86.2, 28.1]",3920410,18,,,,,,,,,,,,,,,,,,,,,,,,,1,From Goal Kick,Alexander Djiku,2989.0,Right Center Back,28,Ghana,4885,['88f050cd-9b4e-4a1e-be64-ff1dc2f088d8'],19,,,,,,,,,,,,,,,,Ghana,4885,00:18:19.639,Ball Receipt*,
,,,,,,,,,,,,,,,,,,,,,,,,,,,,,,,,ea686c59-d8c8-40ee-9507-e0b9ea430aac,485,,"[21.7, 57.7]",3920410,18,,,,,,,,,,,,,,,,,,,,,,,,,1,From Goal Kick,Edson André Sitoe,3250.0,Right Center Back,28,Ghana,4885,['2a501399-a489-46ba-aa01-9829bb71f4f2'],22,,,,,,,,,,,,,,,,Mozambique,4978,00:18:22.919,Ball Receipt*,
,,Incomplete,,,,,,,,,,,,,,,,,,,,,,,,,,,,,,525262db-4ea9-474c-8634-e206e7bf5f79,488,,"[31.3, 69.7]",3920410,18,,,,,,,,,,,,,,,,,,,,,,,,,1,From Goal Kick,Infren David da Conceição Matola,417067.0,Right Back,28,Ghana,4885,['5aa69d01-d729-4b07-8083-c8da33cc594c'],25,,,,,,,,,,,,,,,,Mozambique,4978,00:18:25.884,Ball Receipt*,
,,Incomplete,,,,,,,,,,,,,,,,,,,,,,,,,,,,,,bab2e6b1-9859-4ecb-ab6b-efb6bb8868f2,493,,"[110.3, 15.7]",3920410,18,,,,,,,,,,,,,,,,,,,,,,,,,1,From Throw In,Antoine Semenyo,9286.0,Center Forward,29,Ghana,4885,"['e09f9a60-9960-4d0f-9bd2-41ff2a0b91a6', 'eb4e8a3a-2a6b-4ef3-af71-fd192116167a']",44,,,,,,,,,,,,,,,,Ghana,4885,00:18:44.091,Ball Receipt*,True
,,Incomplete,,,,,,,,,,,,,,,,,,,,,,,,,,,,,,f89dce3f-132f-4c6e-b4e9-c256e08c1c9c,497,,"[53.9, 48.3]",3920410,19,,,,,,,,,,,,,,,,,,,,,,,,,1,From Free Kick,Ricardo Martins Guimarães,29482.0,Center Attacking Midfield,30,Mozambique,4978,['5972ae7a-675b-4397-946d-70a0c4cd37ac'],6,,,,,,,,,,,,,,,,Mozambique,4978,00:19:06.639,Ball Receipt*,
,,,,,,,,,,,,,,,,,,,,,,,,,,,,,,,,3c781530-40a4-45a1-b552-91b26a858897,504,,"[90.8, 16.1]",3920410,19,,,,,,,,,,,,,,,,,,,,,,,,,1,From Free Kick,Antoine Semenyo,9286.0,Center Forward,31,Ghana,4885,"['31122198-3301-4453-8ba9-2bf8609f8c49', '56b81518-263a-43c8-bb40-507682b74a13']",49,,,,,,,,,,,,,,,,Ghana,4885,00:19:49.031,Ball Receipt*,True
,,,,,,,,,,,,,,,,,,,,,,,,,,,,,,,,dfdd272d-2729-450f-8bbf-e634c2c71247,514,,"[28.2, 60.3]",3920410,19,,,,,,,,,,,,,,,,,,,,,,,,,1,Regular Play,Edson André Sitoe,3250.0,Right Center Back,32,Mozambique,4978,['5e3e63f1-52ca-410e-9c19-e572cec4bfd8'],54,,,,,,,,,,,,,,,,Mozambique,4978,00:19:54.199,Ball Receipt*,
,,Incomplete,,,,,,,,,,,,,,,,,,,,,,,,,,,,,,58074cda-c96f-4b5a-890e-b803f1a40308,518,,"[52.6, 57.5]",3920410,19,,,,,,,,,,,,,,,,,,,,,,,,,1,Regular Play,Witiness Chimoio João Quembo,10865.0,Left Wing,32,Mozambique,4978,['eed1c69e-33fa-4a7f-b072-3ca2e9fbfeb0'],56,,,,,,,,,,,,,,,,Mozambique,4978,00:19:56.584,Ball Receipt*,
,,,,,,,,,,,,,,,,,,,,,,,,,,,,,,,,a2d781c1-4311-4769-accf-b06062fd653f,520,,"[72.7, 29.8]",3920410,19,,,,,,,,,,,,,,,,,,,,,,,,,1,Regular Play,Majeed Ashimeru,30693.0,Right Defensive Midfield,33,Ghana,4885,['8e25c21d-bf4d-4b7d-8436-d2774982d2ee'],57,,,,,,,,,,,,,,,,Ghana,4885,00:19:57.387,Ball Receipt*,
,,,,,,,,,,,,,,,,,,,,,,,,,,,,,,,,dbc7aff0-c48b-4389-85b3-2afa5d9e28c4,522,,"[55.3, 38.9]",3920410,19,,,,,,,,,,,,,,,,,,,,,,,,,1,Regular Play,Alexander Djiku,2989.0,Right Center Back,33,Ghana,4885,['8781df50-4d27-42dc-ab4f-f5fe93ad5a4f'],58,,,,,,,,,,,,,,,,Ghana,4885,00:19:58.823,Ball Receipt*,
,,,,,,,,,,,,,,,,,,,,,,,,,,,,,,,,510a71db-f516-4e7c-8c72-7ff8e1a43940,525,,"[56.4, 17.8]",3920410,20,,,,,,,,,,,,,,,,,,,,,,,,,1,Regular Play,Mohamed Salisu,30519.0,Left Center Back,33,Ghana,4885,['5bc3199f-a1ba-4fe7-898b-775fc6cd62c4'],1,,,,,,,,,,,,,,,,Ghana,4885,00:20:01.103,Ball Receipt*,
,,,,,,,,,,,,,,,,,,,,,,,,,,,,,,,,072ac3c7-1db5-4b4a-8ec1-9a3a8c231112,528,,"[73.8, 10.4]",3920410,20,,,,,,,,,,,,,,,,,,,,,,,,,1,Regular Play,Jordan Ayew,3450.0,Left Wing,33,Ghana,4885,['3b1a7053-5ec0-4052-bec1-a0b9804df8d5'],3,,,,,,,,,,,,,,,,Ghana,4885,00:20:03.110,Ball Receipt*,
,,,,,,,,,,,,,,,,,,,,,,,,,,,,,,,,f00ef644-5e4f-45ef-a786-a547770cf7d0,532,,"[68.4, 5.9]",3920410,20,,,,,,,,,,,,,,,,,,,,,,,,,1,Regular Play,Gideon Mensah,23615.0,Left Back,33,Ghana,4885,['05ff9837-0c97-464e-9992-5121e80e8b84'],5,,,,,,,,,,,,,,,,Ghana,4885,00:20:05.739,Ball Receipt*,
,,Incomplete,,,,,,,,,,,,,,,,,,,,,,,,,,,,,,f25cd1d7-8f9e-4661-8927-b90d29a857d7,535,,"[77.5, 8.5]",3920410,20,,,,,,,,,,,,,,,,,,,,,,,,,1,Regular Play,Jordan Ayew,3450.0,Left Wing,33,Ghana,4885,['cc5a54bd-a62d-4e4e-9578-e084d53c677d'],7,,,,,,,,,,,,,,,,Ghana,4885,00:20:07.245,Ball Receipt*,
,,,,,,,,,,,,,,,,,,,,,,,,,,,,,,,,3310231c-5add-4a9d-8c3b-e11a70a7f8a8,540,,"[42.8, 75.3]",3920410,20,,,,,,,,,,,,,,,,,,,,,,,,,1,Regular Play,Geny Cipriano Catamo,127300.0,Right Wing,34,Mozambique,4978,['1000b26a-b387-42b2-ae8b-64c9c77f4442'],8,,,,,,,,,,,,,,,,Mozambique,4978,00:20:08.605,Ball Receipt*,
,,,,,,,,,,,,,,,,,,,,,,,,,,,,,,,,ef6ac9b5-34af-40af-bb31-458b02d3a194,543,,"[47.4, 67.5]",3920410,20,,,,,,,,,,,,,,,,,,,,,,,,,1,Regular Play,Alfons Amade,23706.0,Right Defensive Midfield,34,Mozambique,4978,['9124ecab-64ee-4f7c-8f59-8ae6f2714860'],10,,,,,,,,,,,,,,,,Mozambique,4978,00:20:10.245,Ball Receipt*,
,,,,,,,,,,,,,,,,,,,,,,,,,,,,,,,,95c30630-1861-41f8-90e6-f8db6095773b,546,,"[56.5, 15.1]",3920410,20,,,,,,,,,,,,,,,,,,,,,,,,,1,Regular Play,Bruno Alberto Langa,106070.0,Left Back,34,Mozambique,4978,['8e27b65c-1bd8-4f0a-9213-040e875d6499'],14,,,,,,,,,,,,,,,,Mozambique,4978,00:20:14.332,Ball Receipt*,
,,Incomplete,,,,,,,,,,,,,,,,,,,,,,,,,,,,,,06c3860f-c0d2-46c8-b8ed-981a7a930d90,550,,"[73.4, 56.8]",3920410,20,,,,,,,,,,,,,,,,,,,,,,,,,1,From Throw In,Mohammed Kudus,17033.0,Center Attacking Midfield,35,Ghana,4885,['aceb2311-afa2-42c6-a458-81db889b99ae'],35,,,,,,,,,,,,,,,,Ghana,4885,00:20:35.122,Ball Receipt*,
,,,,,,,,,,,,,,,,,,,,,,,,,,,,,,,,679cb94f-61a6-4798-bd3e-8cc617d57ca7,555,,"[54.0, 34.4]",3920410,20,,,,,,,,,,,,,,,,,,,,,,,,,1,From Throw In,Mohamed Salisu,30519.0,Left Center Back,35,Ghana,4885,['4f3e5e34-4cc4-4b95-9ef2-81a7912eb4fe'],40,,,,,,,,,,,,,,,,Ghana,4885,00:20:40.697,Ball Receipt*,
,,,,,,,,,,,,,,,,,,,,,,,,,,,,,,,,071c809d-72df-44db-9f33-472aa063fa14,558,,"[80.8, 3.9]",3920410,20,,,,,,,,,,,,,,,,,,,,,,,,,1,From Throw In,Gideon Mensah,23615.0,Left Back,35,Ghana,4885,['ea427db5-ca64-4c75-b2bc-d89371c6efd2'],44,,,,,,,,,,,,,,,,Ghana,4885,00:20:44.220,Ball Receipt*,
,,,,,,,,,,,,,,,,,,,,,,,,,,,,,,,,3ac80c47-c0ad-4ef2-841f-c2aa562d0ca8,562,,"[47.5, 15.0]",3920410,20,,,,,,,,,,,,,,,,,,,,,,,,,1,From Throw In,Mohamed Salisu,30519.0,Left Center Back,35,Ghana,4885,['ac3e225a-0d42-4449-b092-ed17696a6f08'],48,,,,,,,,,,,,,,,,Ghana,4885,00:20:48.813,Ball Receipt*,
,,,,,,,,,,,,,,,,,,,,,,,,,,,,,,,,7be26144-2b18-45c2-910f-61cad07ad61b,565,,"[39.9, 55.7]",3920410,20,,,,,,,,,,,,,,,,,,,,,,,,,1,From Throw In,Alexander Djiku,2989.0,Right Center Back,35,Ghana,4885,['dbccb559-f05f-4f16-9bba-8b42bbcd8e03'],52,,,,,,,,,,,,,,,,Ghana,4885,00:20:52.902,Ball Receipt*,
,,,,,,,,,,,,,,,,,,,,,,,,,,,,,,,,3f23c58c-da7a-4fb9-a03b-36a77e2d5f34,568,,"[49.2, 76.1]",3920410,20,,,,,,,,,,,,,,,,,,,,,,,,,1,From Throw In,Denis Odoi,12259.0,Right Back,35,Ghana,4885,['78acd58e-8c09-4e9d-9f18-a0b9d63db958'],55,,,,,,,,,,,,,,,,Ghana,4885,00:20:55.184,Ball Receipt*,
,,,,,,,,,,,,,,,,,,,,,,,,,,,,,,,,d819211d-8c81-4108-8bc3-0a7fc3757b50,571,,"[51.6, 67.0]",3920410,20,,,,,,,,,,,,,,,,,,,,,,,,,1,From Throw In,Majeed Ashimeru,30693.0,Right Defensive Midfield,35,Ghana,4885,['bebc5e7d-4009-4bbd-9d9d-482a3e66af77'],56,,,,,,,,,,,,,,,,Ghana,4885,00:20:56.322,Ball Receipt*,
,,,,,,,,,,,,,,,,,,,,,,,,,,,,,,,,96429ea7-9665-46f4-b5d2-222e0baf5f37,577,,"[52.5, 65.7]",3920410,21,,,,,,,,,,,,,,,,,,,,,,,,,1,From Throw In,Denis Odoi,12259.0,Right Back,35,Ghana,4885,['f0b56ca5-53d9-4d19-b6e3-a540f192e1a6'],0,,,,,,,,,,,,,,,,Ghana,4885,00:21:00.213,Ball Receipt*,
,,,,,,,,,,,,,,,,,,,,,,,,,,,,,,,,5a8f9227-a29e-4eeb-b57e-06b74318ea48,580,,"[51.0, 47.8]",3920410,21,,,,,,,,,,,,,,,,,,,,,,,,,1,From Throw In,Salis Abdul Samed,31029.0,Left Defensive Midfield,35,Ghana,4885,['15cb0f8b-8aed-44e5-8b6e-07277232f9f6'],2,,,,,,,,,,,,,,,,Ghana,4885,00:21:02.606,Ball Receipt*,
,,,,,,,,,,,,,,,,,,,,,,,,,,,,,,,,265597a8-de04-4e4d-90bf-11631d3e3e96,583,,"[70.3, 31.8]",3920410,21,,,,,,,,,,,,,,,,,,,,,,,,,1,From Throw In,Mohammed Kudus,17033.0,Center Attacking Midfield,35,Ghana,4885,['dee2d255-49c2-4c60-91f9-5bd7872dcd11'],6,,,,,,,,,,,,,,,,Ghana,4885,00:21:06.682,Ball Receipt*,
,,,,,,,,,,,,,,,,,,,,,,,,,,,,,,,,cfb518cb-6cf9-40c0-8d0e-25b205ee4074,587,,"[97.9, 5.7]",3920410,21,,,,,,,,,,,,,,,,,,,,,,,,,1,From Throw In,Jordan Ayew,3450.0,Left Wing,35,Ghana,4885,['1e819afb-1912-4b5c-87e3-510653ed5482'],12,,,,,,,,,,,,,,,,Ghana,4885,00:21:12.639,Ball Receipt*,
,,Incomplete,,,,,,,,,,,,,,,,,,,,,,,,,,,,,,8df18885-2ef6-4a5d-9bd8-8206ed372e1b,590,,"[114.9, 52.6]",3920410,21,,,,,,,,,,,,,,,,,,,,,,,,,1,From Throw In,Joseph Paintsil,16546.0,Right Wing,35,Ghana,4885,['578b3a5b-8e44-413e-a2e2-ba34a4425093'],19,,,,,,,,,,,,,,,,Ghana,4885,00:21:19.200,Ball Receipt*,
,,,,,,,,,,,,,,,,,,,,,,,,,,,,,,,,d9727c3b-5c85-40d7-b29f-1419539f54e7,592,,"[45.6, 22.0]",3920410,21,,,,,,,,,,,,,,,,,,,,,,,,,1,From Goal Kick,Witiness Chimoio João Quembo,10865.0,Left Wing,36,Mozambique,4978,['c4019ad9-4926-4006-92e2-b5883ba710e7'],38,,,,,,,,,,,,,,,,Mozambique,4978,00:21:38.605,Ball Receipt*,
,,,,,,,,,,,,,,,,,,,,,,,,,,,,,,,,12486b80-65bc-4bca-bb96-6a78b088f282,594,,"[40.9, 12.0]",3920410,21,,,,,,,,,,,,,,,,,,,,,,,,,1,From Goal Kick,Ricardo Martins Guimarães,29482.0,Center Attacking Midfield,36,Mozambique,4978,['0f2f47b1-9f88-4b36-acd4-a1b82e7e652a'],44,,,,,,,,,,,,,,,,Mozambique,4978,00:21:44.415,Ball Receipt*,
,,,,,,,,,,,,,,,,,,,,,,,,,,,,,,,,d4f86cd7-b8c7-45ac-8376-bb6f2adf9b3e,597,,"[38.5, 56.2]",3920410,21,,,,,,,,,,,,,,,,,,,,,,,,,1,From Goal Kick,Edson André Sitoe,3250.0,Right Center Back,36,Mozambique,4978,['e70f427c-57ee-4a10-b8be-0527836db341'],49,,,,,,,,,,,,,,,,Mozambique,4978,00:21:49.068,Ball Receipt*,
,,,,,,,,,,,,,,,,,,,,,,,,,,,,,,,,bd44237c-9e9a-4b23-bc99-e1becb7aef08,600,,"[56.7, 51.2]",3920410,21,,,,,,,,,,,,,,,,,,,,,,,,,1,From Goal Kick,Alfons Amade,23706.0,Right Defensive Midfield,36,Mozambique,4978,['fc48ef41-e57e-4f0c-950b-b9d5629b8492'],52,,,,,,,,,,,,,,,,Mozambique,4978,00:21:52.851,Ball Receipt*,
,,,,,,,,,,,,,,,,,,,,,,,,,,,,,,,,c7a205b8-e059-4c53-a642-4819759f8682,603,,"[53.0, 41.2]",3920410,21,,,,,,,,,,,,,,,,,,,,,,,,,1,From Goal Kick,Ricardo Martins Guimarães,29482.0,Center Attacking Midfield,36,Mozambique,4978,['c18c921a-1f63-4cc9-9fbd-0468c3415c91'],54,,,,,,,,,,,,,,,,Mozambique,4978,00:21:54.771,Ball Receipt*,
,,,,,,,,,,,,,,,,,,,,,,,,,,,,,,,,1c7aadb3-026b-4be4-b2fe-19e0ba8836d1,606,,"[63.5, 25.3]",3920410,21,,,,,,,,,,,,,,,,,,,,,,,,,1,From Goal Kick,Feliciano João Jone,129475.0,Left Defensive Midfield,36,Mozambique,4978,['ced382c4-96f1-4efe-a5e2-ad1c54308cb1'],57,,,,,,,,,,,,,,,,Mozambique,4978,00:21:57.011,Ball Receipt*,
,,,,,,,,,,,,,,,,,,,,,,,,,,,,,,,,146042eb-1f41-44d3-9fd9-493800c96157,610,,"[63.7, 2.5]",3920410,21,,,,,,,,,,,,,,,,,,,,,,,,,1,From Goal Kick,Bruno Alberto Langa,106070.0,Left Back,36,Mozambique,4978,['ed480d53-6862-40d5-addf-7b616c06f95e'],59,,,,,,,,,,,,,,,,Mozambique,4978,00:21:59.571,Ball Receipt*,
,,,,,,,,,,,,,,,,,,,,,,,,,,,,,,,,8550c81d-f27d-4ee7-b71f-4e293d282e42,614,,"[74.6, 14.2]",3920410,22,,,,,,,,,,,,,,,,,,,,,,,,,1,From Goal Kick,Ricardo Martins Guimarães,29482.0,Center Attacking Midfield,36,Mozambique,4978,['8b1702ab-5482-4823-b871-ab89b304f85e'],3,,,,,,,,,,,,,,,,Mozambique,4978,00:22:03.526,Ball Receipt*,
,,,,,,,,,,,,,,,,,,,,,,,,,,,,,,,,de0c520a-728b-4178-8e6f-9dba17856109,617,,"[82.0, 5.3]",3920410,22,,,,,,,,,,,,,,,,,,,,,,,,,1,From Goal Kick,Bruno Alberto Langa,106070.0,Left Back,36,Mozambique,4978,['f287bac5-3ed2-41ee-b3ea-dd09aebfc40c'],5,,,,,,,,,,,,,,,,Mozambique,4978,00:22:05.566,Ball Receipt*,
,,Incomplete,,,,,,,,,,,,,,,,,,,,,,,,,,,,,,7e87e324-325c-4594-a98f-879cfa772a8c,620,,"[110.6, 37.7]",3920410,22,,,,,,,,,,,,,,,,,,,,,,,,,1,From Goal Kick,Pachoio Lau Há King,106082.0,Center Forward,36,Mozambique,4978,['151c71b6-5c60-48db-9584-d656559af4dc'],8,,,,,,,,,,,,,,,,Mozambique,4978,00:22:08.433,Ball Receipt*,
,,Incomplete,,,,,,,,,,,,,,,,,,,,,,,,,,,,,,4e09eb08-8759-4947-af90-0922e120600f,625,,"[38.8, 74.1]",3920410,22,,,,,,,,,,,,,,,,,,,,,,,,,1,From Goal Kick,Joseph Paintsil,16546.0,Right Wing,36,Mozambique,4978,['1db10642-96e6-4205-8694-09b1e0f91892'],14,,,,,,,,,,,,,,,,Ghana,4885,00:22:14.615,Ball Receipt*,
,,,,,,,,,,,,,,,,,,,,,,,,,,,,,,,,d138019b-edb2-48c9-b6e8-aa578fac4f76,630,,"[73.7, 12.3]",3920410,22,,,,,,,,,,,,,,,,,,,,,,,,,1,From Goal Kick,Feliciano João Jone,129475.0,Left Defensive Midfield,36,Mozambique,4978,['6169c952-ca98-4030-b67f-dc3bb650fc1f'],19,,,,,,,,,,,,,,,,Mozambique,4978,00:22:19.808,Ball Receipt*,
,,,,,,,,,,,,,,,,,,,,,,,,,,,,,,,,431098a2-eef7-4538-a354-e73ddac92207,633,,"[63.5, 23.1]",3920410,22,,,,,,,,,,,,,,,,,,,,,,,,,1,From Goal Kick,Reinildo Isnard Mandava,10848.0,Left Center Back,36,Mozambique,4978,['635a81df-57e2-4cf6-9fc7-5e6ae457cf83'],23,,,,,,,,,,,,,,,,Mozambique,4978,00:22:23.608,Ball Receipt*,
,,,,,,,,,,,,,,,,,,,,,,,,,,,,,,,,e884b3c7-4217-4008-8f3a-25d4f7a6e9ef,637,,"[80.2, 39.4]",3920410,22,,,,,,,,,,,,,,,,,,,,,,,,,1,From Goal Kick,Geny Cipriano Catamo,127300.0,Right Wing,36,Mozambique,4978,"['645ea7e5-b53f-4933-85da-01da62bdf6d9', '8a548ba0-e8e4-40e3-a662-6df29051abff']",25,,,,,,,,,,,,,,,,Mozambique,4978,00:22:25.942,Ball Receipt*,True
,,,,,,,,,,,,,,,,,,,,,,,,,,,,,,,,1bee3af0-0963-4d43-991a-aa2f3dcf1928,640,,"[85.4, 26.2]",3920410,22,,,,,,,,,,,,,,,,,,,,,,,,,1,From Goal Kick,Ricardo Martins Guimarães,29482.0,Center Attacking Midfield,36,Mozambique,4978,['3082ed9c-efac-4deb-a109-b2e12baa5d49'],27,,,,,,,,,,,,,,,,Mozambique,4978,00:22:27.422,Ball Receipt*,
,,Incomplete,,,,,,,,,,,,,,,,,,,,,,,,,,,,,,a2a4d9ac-2b36-45dc-8949-c7077454eb0d,644,,"[105.2, 13.1]",3920410,22,,,,,,,,,,,,,,,,,,,,,,,,,1,From Goal Kick,Witiness Chimoio João Quembo,10865.0,Left Wing,36,Mozambique,4978,['04fca294-b8a5-4249-bb0f-2ddc9b01c90b'],30,,,,,,,,,,,,,,,,Mozambique,4978,00:22:30.091,Ball Receipt*,
,,,,,,,,,,,,,,,,,,,,,,,,,,,,,,,,ef291d53-a195-4d8b-ac54-41bc41574b45,647,,"[72.6, 7.0]",3920410,22,,,,,,,,,,,,,,,,,,,,,,,,,1,From Throw In,Reinildo Isnard Mandava,10848.0,Left Center Back,37,Mozambique,4978,['76b69906-27bd-491f-bcee-0052ae9a7147'],51,,,,,,,,,,,,,,,,Mozambique,4978,00:22:51.212,Ball Receipt*,
,,,,,,,,,,,,,,,,,,,,,,,,,,,,,,,,605ae460-ab63-4f58-8522-8c324accb993,650,,"[64.8, 26.8]",3920410,22,,,,,,,,,,,,,,,,,,,,,,,,,1,From Throw In,Edson André Sitoe,3250.0,Right Center Back,37,Mozambique,4978,['6df01018-6282-47b4-b477-ac4b8c4f42fb'],53,,,,,,,,,,,,,,,,Mozambique,4978,00:22:53.892,Ball Receipt*,
,,,,,,,,,,,,,,,,,,,,,,,,,,,,,,,,35d7bb8e-9283-4a8e-ba52-672749b78165,653,,"[69.8, 21.2]",3920410,22,,,,,,,,,,,,,,,,,,,,,,,,,1,From Throw In,Alfons Amade,23706.0,Right Defensive Midfield,37,Mozambique,4978,['91df7900-f8b2-4558-a252-bb29ff5096a8'],57,,,,,,,,,,,,,,,,Mozambique,4978,00:22:57.332,Ball Receipt*,
,,,,,,,,,,,,,,,,,,,,,,,,,,,,,,,,44596838-5870-4b3f-b412-26d84d92723c,657,,"[77.4, 4.0]",3920410,22,,,,,,,,,,,,,,,,,,,,,,,,,1,From Throw In,Bruno Alberto Langa,106070.0,Left Back,37,Mozambique,4978,['dd6883f7-77dd-47fd-987c-a4101202831d'],59,,,,,,,,,,,,,,,,Mozambique,4978,00:22:59.412,Ball Receipt*,
,,,,,,,,,,,,,,,,,,,,,,,,,,,,,,,,242c24b7-0b79-44e5-be6b-9e17e05ddae6,661,,"[78.3, 12.0]",3920410,23,,,,,,,,,,,,,,,,,,,,,,,,,1,From Throw In,Feliciano João Jone,129475.0,Left Defensive Midfield,37,Mozambique,4978,['0c748844-b002-4514-9898-33405ed24987'],0,,,,,,,,,,,,,,,,Mozambique,4978,00:23:00.292,Ball Receipt*,
,,Incomplete,,,,,,,,,,,,,,,,,,,,,,,,,,,,,,da8a5b9a-f22a-4e0a-8d28-7ffe6bd6acfe,665,,"[83.9, 2.5]",3920410,23,,,,,,,,,,,,,,,,,,,,,,,,,1,From Throw In,Bruno Alberto Langa,106070.0,Left Back,37,Mozambique,4978,['ba69a2ff-62e1-4ce6-86ba-40a943cd42ed'],2,,,,,,,,,,,,,,,,Mozambique,4978,00:23:02.412,Ball Receipt*,
,,,,,,,,,,,,,,,,,,,,,,,,,,,,,,,,6027303a-2dd8-4d96-b01f-ad34af7a5205,668,,"[67.5, 78.5]",3920410,23,,,,,,,,,,,,,,,,,,,,,,,,,1,From Throw In,Antoine Semenyo,9286.0,Center Forward,38,Ghana,4885,"['86515d79-498a-43e3-b823-d979a86635d9', '2f0f5d04-c546-4d96-9deb-6f48bb3ede0e']",21,,,,,,,,,,,,,,,,Ghana,4885,00:23:21.613,Ball Receipt*,True
,,,,,,,,,,,,,,,,,,,,,,,,,,,,,,,,8c4e4cb7-1526-4250-b8a0-00adb938b742,672,,"[30.9, 7.9]",3920410,23,,,,,,,,,,,,,,,,,,,,,,,,,1,From Throw In,Edson André Sitoe,3250.0,Right Center Back,39,Mozambique,4978,['32e19571-4f98-47e3-973d-4da3c0bb9452'],34,,,,,,,,,,,,,,,,Mozambique,4978,00:23:34.194,Ball Receipt*,
,,,,,,,,,,,,,,,,,,,,,,,,,,,,,,,,c2eb6f7d-6047-4adb-ad05-0c240f6d9240,674,,"[30.6, 52.3]",3920410,23,,,,,,,,,,,,,,,,,,,,,,,,,1,From Throw In,Infren David da Conceição Matola,417067.0,Right Back,39,Mozambique,4978,['cdee2c11-90cb-471b-bca1-7552287e941d'],38,,,,,,,,,,,,,,,,Mozambique,4978,00:23:38.717,Ball Receipt*,
,,,,,,,,,,,,,,,,,,,,,,,,,,,,,,,,6e26e496-860e-4c2b-b455-efbf4a61d31d,677,,"[32.8, 51.2]",3920410,23,,,,,,,,,,,,,,,,,,,,,,,,,1,From Throw In,Edson André Sitoe,3250.0,Right Center Back,39,Mozambique,4978,['c4bbc16b-28a8-4019-9bde-85ecca335d0c'],44,,,,,,,,,,,,,,,,Mozambique,4978,00:23:44.197,Ball Receipt*,
,,,,,,,,,,,,,,,,,,,,,,,,,,,,,,,,a8a18e06-f1ee-4bea-ba22-1315cc6238ac,680,,"[35.4, 12.3]",3920410,23,,,,,,,,,,,,,,,,,,,,,,,,,1,From Throw In,Reinildo Isnard Mandava,10848.0,Left Center Back,39,Mozambique,4978,['0d5076a4-7391-47f7-b5d8-340c08ca91cd'],47,,,,,,,,,,,,,,,,Mozambique,4978,00:23:47.317,Ball Receipt*,
,,Incomplete,,,,,,,,,,,,,,,,,,,,,,,,,,,,,,3695fd38-149a-45a1-8a92-a2014ed33b74,684,,"[95.4, 14.9]",3920410,23,,,,,,,,,,,,,,,,,,,,,,,,,1,From Throw In,Pachoio Lau Há King,106082.0,Center Forward,39,Mozambique,4978,['dc2902d5-709e-4a23-b5bc-071744aba1f3'],53,,,,,,,,,,,,,,,,Mozambique,4978,00:23:53.317,Ball Receipt*,
,,Incomplete,,,,,,,,,,,,,,,,,,,,,,,,,,,,,,e6cc25a5-12cc-42d5-be3b-a8858d4dd907,686,,"[95.8, 30.7]",3920410,24,,,,,,,,,,,,,,,,,,,,,,,,,1,From Free Kick,Antoine Semenyo,9286.0,Center Forward,40,Ghana,4885,['80384412-ceac-48e9-a7a3-15bfc9901eeb'],18,,,,,,,,,,,,,,,,Ghana,4885,00:24:18.362,Ball Receipt*,
,,Incomplete,,,,,,,,,,,,,,,,,,,,,,,,,,,,,,3b5ae942-9e67-4c80-9e82-0eae9ae7e2f8,690,,"[29.3, 68.8]",3920410,24,,,,,,,,,,,,,,,,,,,,,,,,,1,From Free Kick,Infren David da Conceição Matola,417067.0,Right Back,40,Ghana,4885,['236e85b7-273c-42a0-b8f0-fb866ac3ec14'],20,,,,,,,,,,,,,,,,Mozambique,4978,00:24:20.968,Ball Receipt*,
,,,,,,,,,,,,,,,,,,,,,,,,,,,,,,,,ff5cf0bb-582a-4c09-b1ab-22f9751983a6,697,,"[10.2, 51.4]",3920410,24,,,,,,,,,,,,,,,,,,,,,,,,,1,Regular Play,Edson André Sitoe,3250.0,Right Center Back,41,Mozambique,4978,['e8896ec9-08fb-48e4-940a-71831251b712'],25,,,,,,,,,,,,,,,,Mozambique,4978,00:24:25.437,Ball Receipt*,
,,,,,,,,,,,,,,,,,,,,,,,,,,,,,,,,49d08b39-ec99-4fd3-b07d-eb9035776125,700,,"[14.8, 71.4]",3920410,24,,,,,,,,,,,,,,,,,,,,,,,,,1,Regular Play,Infren David da Conceição Matola,417067.0,Right Back,41,Mozambique,4978,['ff525c37-4d38-4e91-b56c-f1400234fd82'],27,,,,,,,,,,,,,,,,Mozambique,4978,00:24:27.437,Ball Receipt*,
,,,,,,,,,,,,,,,,,,,,,,,,,,,,,,,,07c803e2-cd26-488d-936a-57e6a8b7f013,703,,"[42.8, 72.3]",3920410,24,,,,,,,,,,,,,,,,,,,,,,,,,1,Regular Play,Ricardo Martins Guimarães,29482.0,Center Attacking Midfield,41,Mozambique,4978,['b727f8d1-48ad-44dc-a2ba-550104d0d90d'],29,,,,,,,,,,,,,,,,Mozambique,4978,00:24:29.235,Ball Receipt*,
,,,,,,,,,,,,,,,,,,,,,,,,,,,,,,,,e52cb655-0eb4-4db7-8841-ca442c7826e3,711,,"[84.8, 72.3]",3920410,24,,,,,,,,,,,,,,,,,,,,,,,,,1,Regular Play,Pachoio Lau Há King,106082.0,Center Forward,41,Mozambique,4978,"['ce2177ef-4b0d-4b7c-9ace-82ef7220b8dc', '7b057bc7-848d-4711-8938-4d9dc78c905a']",34,,,,,,,,,,,,,,,,Mozambique,4978,00:24:34.763,Ball Receipt*,True
,,Incomplete,,,,,,,,,,,,,,,,,,,,,,,,,,,,,,d845d821-1fc1-4efd-b5a3-9b5ff4c012d1,713,,"[103.0, 47.7]",3920410,24,,,,,,,,,,,,,,,,,,,,,,,,,1,Regular Play,Ricardo Martins Guimarães,29482.0,Center Attacking Midfield,41,Mozambique,4978,['382dab27-983b-4cdb-b083-49f80dbe415e'],37,,,,,,,,,,,,,,,,Mozambique,4978,00:24:37.590,Ball Receipt*,
,,Incomplete,,,,,,,,,,,,,,,,,,,,,,,,,,,,,,e4a7a76f-f723-4f01-9a45-d09a38f1ef5c,717,,"[85.3, 54.1]",3920410,25,,,,,,,,,,,,,,,,,,,,,,,,,1,From Keeper,Antoine Semenyo,9286.0,Center Forward,42,Ghana,4885,['9ef8d042-ccab-440e-b96c-d633d06b14d7'],2,,,,,,,,,,,,,,,,Ghana,4885,00:25:02.877,Ball Receipt*,
,,Incomplete,,,,,,,,,,,,,,,,,,,,,,,,,,,,,,50c79b6e-6f3b-47c3-ab3e-a91aaccdc2f6,723,,"[107.1, 59.4]",3920410,25,,,,,,,,,,,,,,,,,,,,,,,,,1,From Keeper,Antoine Semenyo,9286.0,Center Forward,42,Ghana,4885,['9258e515-fa24-4119-97f0-e5e73f4dd194'],8,,,,,,,,,,,,,,,,Ghana,4885,00:25:08.722,Ball Receipt*,
,,,,,,,,,,,,,,,,,,,,,,,,,,,,,,,,4cb867fd-fab5-4552-b27e-fc574318db55,734,,"[36.3, 28.8]",3920410,25,,,,,,,,,,,,,,,,,,,,,,,,,1,From Free Kick,Ivane Carminio Francisco Urrubal,161718.0,Goalkeeper,44,Mozambique,4978,['722c20eb-962e-415d-88ff-b7ae39962920'],20,,,,,,,,,,,,,,,,Mozambique,4978,00:25:20.790,Ball Receipt*,
,,,,,,,,,,,,,,,,,,,,,,,,,,,,,,,,e660c298-223f-44ed-8220-9af35390c7e9,736,,"[32.6, 64.4]",3920410,25,,,,,,,,,,,,,,,,,,,,,,,,,1,From Free Kick,Infren David da Conceição Matola,417067.0,Right Back,44,Mozambique,4978,['16703b5b-2875-45fd-a96c-88933b982c9c'],25,,,,,,,,,,,,,,,,Mozambique,4978,00:25:25.710,Ball Receipt*,
,,,,,,,,,,,,,,,,,,,,,,,,,,,,,,,,2b479cd3-7fb3-4a22-9eec-35f913de76a9,739,,"[9.8, 44.9]",3920410,25,,,,,,,,,,,,,,,,,,,,,,,,,1,From Free Kick,Ivane Carminio Francisco Urrubal,161718.0,Goalkeeper,44,Mozambique,4978,"['e3f9d189-03b0-4812-94e9-4e4ee83ce206', '98330e56-e83c-44a0-adec-2d917171631c']",28,,,,,,,,,,,,,,,,Mozambique,4978,00:25:28.670,Ball Receipt*,True
,,,,,,,,,,,,,,,,,,,,,,,,,,,,,,,,b354cc37-fcd0-41d9-afa7-a69064959ba0,742,,"[17.4, 19.0]",3920410,25,,,,,,,,,,,,,,,,,,,,,,,,,1,From Free Kick,Reinildo Isnard Mandava,10848.0,Left Center Back,44,Mozambique,4978,['ac3dd717-bf34-497c-bb55-aa325896eed9'],31,,,,,,,,,,,,,,,,Mozambique,4978,00:25:31.270,Ball Receipt*,
,,,,,,,,,,,,,,,,,,,,,,,,,,,,,,,,2091d638-19dc-43e8-ad40-c4912bfb27df,746,,"[38.3, 5.3]",3920410,25,,,,,,,,,,,,,,,,,,,,,,,,,1,From Free Kick,Bruno Alberto Langa,106070.0,Left Back,44,Mozambique,4978,['de6b2759-322c-4514-9079-7fcb89c8e3ca'],34,,,,,,,,,,,,,,,,Mozambique,4978,00:25:34.150,Ball Receipt*,
,,,,,,,,,,,,,,,,,,,,,,,,,,,,,,,,b02315c8-0c08-41bd-8c36-bde178204cf2,749,,"[34.3, 15.1]",3920410,25,,,,,,,,,,,,,,,,,,,,,,,,,1,From Free Kick,Feliciano João Jone,129475.0,Left Defensive Midfield,44,Mozambique,4978,['95f7e7fa-28ba-4c1e-b04e-f03b461b1f95'],35,,,,,,,,,,,,,,,,Mozambique,4978,00:25:35.670,Ball Receipt*,
,,,,,,,,,,,,,,,,,,,,,,,,,,,,,,,,0f308503-1568-491e-81da-628fcbc4dffa,752,,"[30.9, 3.1]",3920410,25,,,,,,,,,,,,,,,,,,,,,,,,,1,From Free Kick,Bruno Alberto Langa,106070.0,Left Back,44,Mozambique,4978,['8c7e457f-d09c-445a-9086-d407e36cbfa5'],38,,,,,,,,,,,,,,,,Mozambique,4978,00:25:38.230,Ball Receipt*,
,,Incomplete,,,,,,,,,,,,,,,,,,,,,,,,,,,,,,0f515446-7208-4373-9fa9-fa1c3be8df33,756,,"[41.3, 6.0]",3920410,25,,,,,,,,,,,,,,,,,,,,,,,,,1,From Free Kick,Feliciano João Jone,129475.0,Left Defensive Midfield,44,Mozambique,4978,['aba9175c-2e87-4fa0-86c5-f4d11e529217'],39,,,,,,,,,,,,,,,,Mozambique,4978,00:25:39.556,Ball Receipt*,
,,,,,,,,,,,,,,,,,,,,,,,,,,,,,,,,04396070-882a-49fe-b1c8-1e1a735e37d0,764,,"[21.3, 58.3]",3920410,25,,,,,,,,,,,,,,,,,,,,,,,,,1,From Free Kick,Edson André Sitoe,3250.0,Right Center Back,45,Mozambique,4978,['27620a9b-7bf1-4f9f-a5bd-03b5d72771fb'],54,,,,,,,,,,,,,,,,Mozambique,4978,00:25:54.756,Ball Receipt*,
,,,,,,,,,,,,,,,,,,,,,,,,,,,,,,,,d9a69e56-a05e-4104-a686-423393247c28,766,,"[24.3, 40.7]",3920410,26,,,,,,,,,,,,,,,,,,,,,,,,,1,From Free Kick,Alfons Amade,23706.0,Right Defensive Midfield,45,Mozambique,4978,['934156d1-6716-4d6b-bbe1-82dfe0b7a147'],7,,,,,,,,,,,,,,,,Mozambique,4978,00:26:07.015,Ball Receipt*,
,,,,,,,,,,,,,,,,,,,,,,,,,,,,,,,,4630e9a1-de45-4f8e-8f44-f6c6eb37238b,769,,"[33.5, 13.6]",3920410,26,,,,,,,,,,,,,,,,,,,,,,,,,1,From Free Kick,Reinildo Isnard Mandava,10848.0,Left Center Back,45,Mozambique,4978,['18673685-8128-46c0-bf4e-2637ba67507f'],9,,,,,,,,,,,,,,,,Mozambique,4978,00:26:09.895,Ball Receipt*,
,,Incomplete,,,,,,,,,,,,,,,,,,,,,,,,,,,,,,7e021867-6592-4f5c-94bb-ae0332e5948a,772,,"[84.8, 19.6]",3920410,26,,,,,,,,,,,,,,,,,,,,,,,,,1,From Free Kick,Witiness Chimoio João Quembo,10865.0,Left Wing,45,Mozambique,4978,['1aaeccdd-4c7c-4c56-933a-56ff5ce17272'],14,,,,,,,,,,,,,,,,Mozambique,4978,00:26:14.638,Ball Receipt*,
,,,,,,,,,,,,,,,,,,,,,,,,,,,,,,,,45a1e610-4770-450c-b936-6a502073ca2b,777,,"[79.3, 2.5]",3920410,26,,,,,,,,,,,,,,,,,,,,,,,,,1,From Free Kick,Witiness Chimoio João Quembo,10865.0,Left Wing,45,Mozambique,4978,['8054aaba-7f35-4687-8c7b-008aadeee97c'],19,,,,,,,,,,,,,,,,Mozambique,4978,00:26:19.022,Ball Receipt*,
,,Incomplete,,,,,,,,,,,,,,,,,,,,,,,,,,,,,,530def4d-f84a-4a55-8fa1-6b1ca407dd21,781,,"[88.0, 16.0]",3920410,26,,,,,,,,,,,,,,,,,,,,,,,,,1,From Free Kick,Geny Cipriano Catamo,127300.0,Right Wing,45,Mozambique,4978,"['148d8dfa-bbd6-4572-85b9-77e3c96fc6be', 'a481400d-4ee5-46b5-a9fa-8bc64dcd7826']",21,,,,,,,,,,,,,,,,Mozambique,4978,00:26:21.590,Ball Receipt*,True
,,,,,,,,,,,,,,,,,,,,,,,,,,,,,,,,75a35873-1d66-4c11-a96d-2940cbc4dc43,784,,"[63.5, 5.7]",3920410,26,,,,,,,,,,,,,,,,,,,,,,,,,1,From Throw In,Feliciano João Jone,129475.0,Left Defensive Midfield,46,Mozambique,4978,['f59ca6e9-5e29-431a-9d43-c8ae9f5ea632'],29,,,,,,,,,,,,,,,,Mozambique,4978,00:26:29.893,Ball Receipt*,
,,,,,,,,,,,,,,,,,,,,,,,,,,,,,,,,dbd9ebd3-6fab-43af-be33-e87e61f73594,787,,"[63.0, 1.6]",3920410,26,,,,,,,,,,,,,,,,,,,,,,,,,1,From Throw In,Bruno Alberto Langa,106070.0,Left Back,46,Mozambique,4978,['85cdddd5-c712-4f43-a1ad-4c93315636be'],30,,,,,,,,,,,,,,,,Mozambique,4978,00:26:30.893,Ball Receipt*,
,,Incomplete,,,,,,,,,,,,,,,,,,,,,,,,,,,,,,719827e4-895c-4635-866c-ecf500ab2c57,790,,"[101.7, 2.0]",3920410,26,,,,,,,,,,,,,,,,,,,,,,,,,1,From Throw In,Geny Cipriano Catamo,127300.0,Right Wing,46,Mozambique,4978,['51039089-4dd9-43a2-b02d-3319b9bc631d'],34,,,,,,,,,,,,,,,,Mozambique,4978,00:26:34.573,Ball Receipt*,
,,,,,,,,,,,,,,,,,,,,,,,,,,,,,,,,30f16ce5-9fb1-4555-a57d-a3d7bedd926e,792,,"[20.8, 70.7]",3920410,26,,,,,,,,,,,,,,,,,,,,,,,,,1,From Throw In,Alexander Djiku,2989.0,Right Center Back,47,Ghana,4885,['fab8e456-5fda-4c6e-8bd9-2ed734a645cb'],49,,,,,,,,,,,,,,,,Ghana,4885,00:26:49.355,Ball Receipt*,
,,,,,,,,,,,,,,,,,,,,,,,,,,,,,,,,85bbd857-c1d7-42b3-933a-caea5ea8ac7d,794,,"[65.3, 42.6]",3920410,26,,,,,,,,,,,,,,,,,,,,,,,,,1,From Throw In,Mohammed Kudus,17033.0,Center Attacking Midfield,47,Ghana,4885,['74bb96b6-e752-418d-b734-fb4f04a53b64'],51,,,,,,,,,,,,,,,,Ghana,4885,00:26:51.544,Ball Receipt*,
,,,,,,,,,,,,,,,,,,,,,,,,,,,,,,,,dfd45d5b-bff4-4f81-9aaa-75a36d720d02,797,,"[53.4, 14.8]",3920410,26,,,,,,,,,,,,,,,,,,,,,,,,,1,From Throw In,Gideon Mensah,23615.0,Left Back,47,Ghana,4885,['a2d9408e-f70a-4307-ab03-b0f24e29cc73'],56,,,,,,,,,,,,,,,,Ghana,4885,00:26:56.555,Ball Receipt*,
,,,,,,,,,,,,,,,,,,,,,,,,,,,,,,,,9936d767-7575-402b-ab1c-ee47e6ab6979,800,,"[51.8, 23.3]",3920410,26,,,,,,,,,,,,,,,,,,,,,,,,,1,From Throw In,Majeed Ashimeru,30693.0,Right Defensive Midfield,47,Ghana,4885,['b940c2cd-11ac-44a9-b5d9-e06b958693bb'],58,,,,,,,,,,,,,,,,Ghana,4885,00:26:58.140,Ball Receipt*,
,,,,,,,,,,,,,,,,,,,,,,,,,,,,,,,,6a190e67-9b37-4931-9975-74367e2ddbab,803,,"[66.4, 11.5]",3920410,27,,,,,,,,,,,,,,,,,,,,,,,,,1,From Throw In,Mohammed Kudus,17033.0,Center Attacking Midfield,47,Ghana,4885,['e3759c39-aca8-473a-ad3f-12a93e6b6f49'],0,,,,,,,,,,,,,,,,Ghana,4885,00:27:00.715,Ball Receipt*,
,,,,,,,,,,,,,,,,,,,,,,,,,,,,,,,,dd2a0132-918d-44d1-aa65-086b16c6e677,805,,"[52.5, 6.1]",3920410,27,,,,,,,,,,,,,,,,,,,,,,,,,1,From Throw In,Gideon Mensah,23615.0,Left Back,47,Ghana,4885,['70026a09-4aef-4493-8eb1-6b1adbbc47f1'],2,,,,,,,,,,,,,,,,Ghana,4885,00:27:02.191,Ball Receipt*,
,,,,,,,,,,,,,,,,,,,,,,,,,,,,,,,,936524a9-1aba-40f4-ad60-d8f2e7107200,808,,"[54.0, 23.5]",3920410,27,,,,,,,,,,,,,,,,,,,,,,,,,1,From Throw In,Salis Abdul Samed,31029.0,Left Defensive Midfield,47,Ghana,4885,['daa3f1d8-556f-47dd-837d-a06316b09081'],3,,,,,,,,,,,,,,,,Ghana,4885,00:27:03.937,Ball Receipt*,
,,,,,,,,,,,,,,,,,,,,,,,,,,,,,,,,63aa0f90-e4da-46d7-88df-f624a43d0450,811,,"[65.5, 76.1]",3920410,27,,,,,,,,,,,,,,,,,,,,,,,,,1,From Throw In,Denis Odoi,12259.0,Right Back,47,Ghana,4885,['68143e54-a63e-42f7-a6cc-e4ad6e47d42d'],7,,,,,,,,,,,,,,,,Ghana,4885,00:27:07.225,Ball Receipt*,
,,Incomplete,,,,,,,,,,,,,,,,,,,,,,,,,,,,,,6d39ef8a-2407-43fd-9eb7-bf0864a53123,814,,"[87.1, 8.7]",3920410,27,,,,,,,,,,,,,,,,,,,,,,,,,1,From Throw In,Jordan Ayew,3450.0,Left Wing,47,Ghana,4885,['06162ff4-2c50-42b8-8058-80d72d083712'],13,,,,,,,,,,,,,,,,Ghana,4885,00:27:13.267,Ball Receipt*,
,,,,,,,,,,,,,,,,,,,,,,,,,,,,,,,,f53b05e1-9173-48ac-ab90-31a037275249,827,,"[64.6, 57.0]",3920410,27,,,,,,,,,,,,,,,,,,,,,,,,,1,From Free Kick,Ricardo Martins Guimarães,29482.0,Center Attacking Midfield,49,Mozambique,4978,['229cfaee-5ef0-462c-82ba-ff17629886f8'],49,,,,,,,,,,,,,,,,Mozambique,4978,00:27:49.770,Ball Receipt*,
,,Incomplete,,,,,,,,,,,,,,,,,,,,,,,,,,,,,,0b35d0b4-a15b-4bac-a660-23411365ab38,829,,"[104.6, 38.6]",3920410,27,,,,,,,,,,,,,,,,,,,,,,,,,1,From Free Kick,Witiness Chimoio João Quembo,10865.0,Left Wing,49,Mozambique,4978,['ed2434a4-5000-4ce7-b19f-ce8d81487fc1'],54,,,,,,,,,,,,,,,,Mozambique,4978,00:27:54.731,Ball Receipt*,
,,Incomplete,,,,,,,,,,,,,,,,,,,,,,,,,,,,,,fd4b5acc-8d48-41af-94df-13597349290d,832,,"[113.9, 52.5]",3920410,28,,,,,,,,,,,,,,,,,,,,,,,,,1,From Throw In,Pachoio Lau Há King,106082.0,Center Forward,50,Mozambique,4978,['fe83119b-539e-4f4a-86ba-6e7be5267c9d'],3,,,,,,,,,,,,,,,,Mozambique,4978,00:28:03.107,Ball Receipt*,
,,,,,,,,,,,,,,,,,,,,,,,,,,,,,,,,c39b8bff-99b7-42d5-9c36-36b45e4fcae0,839,,"[77.4, 12.0]",3920410,28,,,,,,,,,,,,,,,,,,,,,,,,,1,From Corner,Bruno Alberto Langa,106070.0,Left Back,51,Mozambique,4978,['dd6c0dd3-990e-4abc-a159-1e9ac23c014b'],52,,,,,,,,,,,,,,,,Mozambique,4978,00:28:52.172,Ball Receipt*,
,,,,,,,,,,,,,,,,,,,,,,,,,,,,,,,,02dc11b4-2eff-42b5-9e41-c09a859a8bd0,842,,"[113.7, 21.2]",3920410,28,,,,,,,,,,,,,,,,,,,,,,,,,1,From Corner,Ricardo Martins Guimarães,29482.0,Center Attacking Midfield,51,Mozambique,4978,['cae55451-785c-4c47-91e1-d427c529a4d7'],57,,,,,,,,,,,,,,,,Mozambique,4978,00:28:57.172,Ball Receipt*,
,,,,,,,,,,,,,,,,,,,,,,,,,,,,,,,,22fa4f0d-f484-49bd-9d4d-edb9d90ac441,845,,"[105.6, 22.3]",3920410,29,,,,,,,,,,,,,,,,,,,,,,,,,1,From Corner,Alfons Amade,23706.0,Right Defensive Midfield,51,Mozambique,4978,['e607bdf0-cb02-4aa5-aeb1-eb2c495d0b78'],0,,,,,,,,,,,,,,,,Mozambique,4978,00:29:00.732,Ball Receipt*,
,,Incomplete,,,,,,,,,,,,,,,,,,,,,,,,,,,,,,5c583be0-a711-4d63-8f7c-ef8329f6b9fb,848,,"[110.0, 39.4]",3920410,29,,,,,,,,,,,,,,,,,,,,,,,,,1,From Corner,Witiness Chimoio João Quembo,10865.0,Left Wing,51,Mozambique,4978,['28e53fc2-54ba-43cf-977f-49e32ffac4c4'],3,,,,,,,,,,,,,,,,Mozambique,4978,00:29:03.083,Ball Receipt*,
,,,,,,,,,,,,,,,,,,,,,,,,,,,,,,,,dcfbfa40-9848-4024-8d53-97f83f789984,851,,"[88.0, 4.9]",3920410,29,,,,,,,,,,,,,,,,,,,,,,,,,1,From Throw In,Ricardo Martins Guimarães,29482.0,Center Attacking Midfield,52,Mozambique,4978,['e2bae569-5947-4f61-a1f6-39605d883e9a'],16,,,,,,,,,,,,,,,,Mozambique,4978,00:29:16.009,Ball Receipt*,
,,Incomplete,,,,,,,,,,,,,,,,,,,,,,,,,,,,,,bcdefa1d-bc60-497c-abef-f834eafecdc4,854,,"[112.0, 39.4]",3920410,29,,,,,,,,,,,,,,,,,,,,,,,,,1,From Throw In,Pachoio Lau Há King,106082.0,Center Forward,52,Mozambique,4978,['ca6db6da-32b5-4833-9cd5-7993aba41449'],17,,,,,,,,,,,,,,,,Mozambique,4978,00:29:17.639,Ball Receipt*,
,,,,,,,,,,,,,,,,,,,,,,,,,,,,,,,,02bad562-a71c-400f-97fc-ed868d9f5366,860,,"[52.6, 9.0]",3920410,29,,,,,,,,,,,,,,,,,,,,,,,,,1,From Throw In,Bruno Alberto Langa,106070.0,Left Back,53,Mozambique,4978,['9a61baf8-455c-4f04-b799-2892ab3cf93f'],28,,,,,,,,,,,,,,,,Mozambique,4978,00:29:28.992,Ball Receipt*,
,,,,,,,,,,,,,,,,,,,,,,,,,,,,,,,,3282ccd0-5026-4e45-bdc1-6328cd68e311,863,,"[44.8, 43.8]",3920410,29,,,,,,,,,,,,,,,,,,,,,,,,,1,From Throw In,Edson André Sitoe,3250.0,Right Center Back,53,Mozambique,4978,['4408ec33-9a25-4045-8152-d54d3fff5e2a'],32,,,,,,,,,,,,,,,,Mozambique,4978,00:29:32.352,Ball Receipt*,
,,Incomplete,,,,,,,,,,,,,,,,,,,,,,,,,,,,,,c99153ae-0e8f-45b4-9f2d-a15f333988ed,874,,"[67.9, 11.7]",3920410,32,,,,,,,,,,,,,,,,,,,,,,,,,1,From Free Kick,Jordan Ayew,3450.0,Left Wing,54,Ghana,4885,"['a0642598-1de0-4a57-ad0d-32e7a03b8a61', '288b24bf-adcb-4917-890a-7aac6258c0a7']",30,,,,,,,,,,,,,,,,Ghana,4885,00:32:30.263,Ball Receipt*,True
,,,,,,,,,,,,,,,,,,,,,,,,,,,,,,,,75d9dc74-6605-4f05-8f6a-1ba224a14622,878,,"[55.5, 15.2]",3920410,32,,,,,,,,,,,,,,,,,,,,,,,,,1,From Free Kick,Mohamed Salisu,30519.0,Left Center Back,55,Ghana,4885,['f1031ac0-7226-4d38-9daa-fb021398650f'],50,,,,,,,,,,,,,,,,Ghana,4885,00:32:50.800,Ball Receipt*,
,,,,,,,,,,,,,,,,,,,,,,,,,,,,,,,,83408e07-771f-421c-9efb-eaa67504199e,881,,"[50.8, 46.1]",3920410,32,,,,,,,,,,,,,,,,,,,,,,,,,1,From Free Kick,Alexander Djiku,2989.0,Right Center Back,55,Ghana,4885,['0a97862f-74bf-42f4-bd02-49ae33c0ddae'],53,,,,,,,,,,,,,,,,Ghana,4885,00:32:53.560,Ball Receipt*,
,,,,,,,,,,,,,,,,,,,,,,,,,,,,,,,,aaa20235-62bc-4e99-a844-10d886f54e02,884,,"[51.8, 76.1]",3920410,32,,,,,,,,,,,,,,,,,,,,,,,,,1,From Free Kick,Denis Odoi,12259.0,Right Back,55,Ghana,4885,['1e26cd5a-1117-4ad6-bfc2-ec1112302ee5'],56,,,,,,,,,,,,,,,,Ghana,4885,00:32:56.356,Ball Receipt*,
,,,,,,,,,,,,,,,,,,,,,,,,,,,,,,,,a7d32302-b065-4aad-8ee7-f0f837d6e66b,887,,"[39.9, 62.2]",3920410,32,,,,,,,,,,,,,,,,,,,,,,,,,1,From Free Kick,Alexander Djiku,2989.0,Right Center Back,55,Ghana,4885,['9e8260e4-f18c-4cc5-8604-8c5285e9e4e2'],58,,,,,,,,,,,,,,,,Ghana,4885,00:32:58.615,Ball Receipt*,
,,,,,,,,,,,,,,,,,,,,,,,,,,,,,,,,922e5160-feac-4fce-9ce1-787f5eca5734,890,,"[17.1, 38.1]",3920410,33,,,,,,,,,,,,,,,,,,,,,,,,,1,From Free Kick,Richard Ofori Antwi,68757.0,Goalkeeper,55,Ghana,4885,['018674b2-c71c-4392-b69d-7ee58ac1a632'],1,,,,,,,,,,,,,,,,Ghana,4885,00:33:01.193,Ball Receipt*,
,,Incomplete,,,,,,,,,,,,,,,,,,,,,,,,,,,,,,430f4b58-1ea3-42ff-9271-82322f825b67,893,,"[70.1, 6.7]",3920410,33,,,,,,,,,,,,,,,,,,,,,,,,,1,From Free Kick,Jordan Ayew,3450.0,Left Wing,55,Ghana,4885,['2ca0c03c-fd8e-4cd5-8d8c-57d0f8d2d8cb'],6,,,,,,,,,,,,,,,,Ghana,4885,00:33:06.762,Ball Receipt*,
,,,,,,,,,,,,,,,,,,,,,,,,,,,,,,,,45bb0df5-854f-47a9-8a53-01e44be11f18,897,,"[62.8, 72.3]",3920410,33,,,,,,,,,,,,,,,,,,,,,,,,,1,From Free Kick,Geny Cipriano Catamo,127300.0,Right Wing,56,Mozambique,4978,['c2d5ab11-2f6d-4c8e-a829-62569cb53b47'],14,,,,,,,,,,,,,,,,Mozambique,4978,00:33:14.062,Ball Receipt*,
,,Incomplete,,,,,,,,,,,,,,,,,,,,,,,,,,,,,,190cc222-d005-44c6-be9f-637828a0d194,901,,"[81.1, 22.3]",3920410,33,,,,,,,,,,,,,,,,,,,,,,,,,1,From Free Kick,Witiness Chimoio João Quembo,10865.0,Left Wing,56,Mozambique,4978,['a97ad76e-bf8e-4a9f-b1ca-c646842f3c14'],19,,,,,,,,,,,,,,,,Mozambique,4978,00:33:19.454,Ball Receipt*,
,,,,,,,,,,,,,,,,,,,,,,,,,,,,,,,,f454a9cd-9c72-4054-8620-ed5610133136,905,,"[93.9, 10.5]",3920410,33,,,,,,,,,,,,,,,,,,,,,,,,,1,From Free Kick,Bruno Alberto Langa,106070.0,Left Back,56,Mozambique,4978,['201cda18-091c-4f31-adbb-e6e5c2d45e59'],23,,,,,,,,,,,,,,,,Mozambique,4978,00:33:23.044,Ball Receipt*,
,,Incomplete,,,,,,,,,,,,,,,,,,,,,,,,,,,,,,9fb82d0f-3d9e-426d-8c57-164f40f1c47b,912,,"[108.5, 35.7]",3920410,33,,,,,,,,,,,,,,,,,,,,,,,,,1,From Free Kick,Witiness Chimoio João Quembo,10865.0,Left Wing,56,Mozambique,4978,['41125c67-c7fa-43f4-affb-cb60217287ba'],26,,,,,,,,,,,,,,,,Mozambique,4978,00:33:26.273,Ball Receipt*,
,,,,,,,,,,,,,,,,,,,,,,,,,,,,,,,,e5af9d6d-bc00-4b04-a990-e682b593b333,919,,"[11.2, 54.4]",3920410,33,,,,,,,,,,,,,,,,,,,,,,,,,1,Regular Play,Salis Abdul Samed,31029.0,Left Defensive Midfield,57,Ghana,4885,['065722cc-e3bd-47b3-a89b-dca1dc059440'],30,,,,,,,,,,,,,,,,Ghana,4885,00:33:30.752,Ball Receipt*,
,,,,,,,,,,,,,,,,,,,,,,,,,,,,,,,,5f7f1381-4cef-41f8-822c-07317db01347,922,,"[32.5, 75.7]",3920410,33,,,,,,,,,,,,,,,,,,,,,,,,,1,Regular Play,Majeed Ashimeru,30693.0,Right Defensive Midfield,57,Ghana,4885,['84252484-d234-423a-b22f-a64d46e6e2d2'],36,,,,,,,,,,,,,,,,Ghana,4885,00:33:36.072,Ball Receipt*,
,,,,,,,,,,,,,,,,,,,,,,,,,,,,,,,,f6e3b250-5133-480d-bd76-0df851a1a6da,931,,"[79.9, 39.8]",3920410,35,,,,,,,,,,,,,,,,,,,,,,,,,1,From Throw In,Antoine Semenyo,9286.0,Center Forward,58,Mozambique,4978,['0c6ae463-ea05-49e4-873a-1d4215a9f94a'],36,,,,,,,,,,,,,,,,Ghana,4885,00:35:36.053,Ball Receipt*,
,,,,,,,,,,,,,,,,,,,,,,,,,,,,,,,,77584950-62cb-4d54-b5c7-1cdfcf0d9f10,934,,"[40.2, 36.8]",3920410,35,,,,,,,,,,,,,,,,,,,,,,,,,1,From Throw In,Feliciano João Jone,129475.0,Left Defensive Midfield,58,Mozambique,4978,['927d6e7d-a16d-4dd3-bee8-574859b604bc'],37,,,,,,,,,,,,,,,,Mozambique,4978,00:35:37.846,Ball Receipt*,
,,,,,,,,,,,,,,,,,,,,,,,,,,,,,,,,2473cb5d-5bf9-4a86-9a3d-dda4419a4b9e,937,,"[52.6, 37.7]",3920410,35,,,,,,,,,,,,,,,,,,,,,,,,,1,From Throw In,Ricardo Martins Guimarães,29482.0,Center Attacking Midfield,58,Mozambique,4978,['be4ece70-c7d0-4b0f-b2a0-47dc9660f0bf'],38,,,,,,,,,,,,,,,,Mozambique,4978,00:35:38.726,Ball Receipt*,
,,,,,,,,,,,,,,,,,,,,,,,,,,,,,,,,ed458be9-012c-4676-858c-9804f72bc099,939,,"[46.3, 31.4]",3920410,35,,,,,,,,,,,,,,,,,,,,,,,,,1,From Throw In,Alfons Amade,23706.0,Right Defensive Midfield,58,Mozambique,4978,['06ef317b-8bc9-4e41-b47a-8b6afa07adc2'],39,,,,,,,,,,,,,,,,Mozambique,4978,00:35:39.606,Ball Receipt*,
,,,,,,,,,,,,,,,,,,,,,,,,,,,,,,,,f3ebad2d-65ca-4a58-9746-dfbee99a19a1,942,,"[65.2, 42.0]",3920410,35,,,,,,,,,,,,,,,,,,,,,,,,,1,From Throw In,Ricardo Martins Guimarães,29482.0,Center Attacking Midfield,58,Mozambique,4978,['245ecdd4-6b5f-4790-a44a-a711e0e30d38'],42,,,,,,,,,,,,,,,,Mozambique,4978,00:35:42.246,Ball Receipt*,
,,,,,,,,,,,,,,,,,,,,,,,,,,,,,,,,8626da93-55c6-41bb-bce4-a1ec6b201134,945,,"[78.3, 64.0]",3920410,35,,,,,,,,,,,,,,,,,,,,,,,,,1,From Throw In,Geny Cipriano Catamo,127300.0,Right Wing,58,Mozambique,4978,['7b97e926-4df0-4663-853d-ca27dfda2327'],44,,,,,,,,,,,,,,,,Mozambique,4978,00:35:44.486,Ball Receipt*,
,,Incomplete,,,,,,,,,,,,,,,,,,,,,,,,,,,,,,16ec0cf1-1f52-48bd-a18d-f5ad29151175,948,,"[116.5, 54.2]",3920410,35,,,,,,,,,,,,,,,,,,,,,,,,,1,From Throw In,Infren David da Conceição Matola,417067.0,Right Back,58,Mozambique,4978,['633c76c5-135d-4aeb-8319-a1e12c210777'],49,,,,,,,,,,,,,,,,Mozambique,4978,00:35:49.038,Ball Receipt*,
,,,,,,,,,,,,,,,,,,,,,,,,,,,,,,,,eabb769f-c822-4a1c-a19a-090f39ab4f4c,952,,"[48.8, 15.7]",3920410,35,,,,,,,,,,,,,,,,,,,,,,,,,1,From Throw In,Mohammed Kudus,17033.0,Center Attacking Midfield,58,Mozambique,4978,['c94163bc-5d09-46b2-8e8c-02d23fa42d13'],54,,,,,,,,,,,,,,,,Ghana,4885,00:35:54.350,Ball Receipt*,
,,Incomplete,,,,,,,,,,,,,,,,,,,,,,,,,,,,,,1d1abdd5-cf8b-496d-8960-3705e4b72c02,954,,"[68.2, 18.1]",3920410,35,,,,,,,,,,,,,,,,,,,,,,,,,1,From Throw In,Antoine Semenyo,9286.0,Center Forward,58,Mozambique,4978,['6579f8fb-5c39-4e51-aa31-a389ecca6d46'],57,,,,,,,,,,,,,,,,Ghana,4885,00:35:57.184,Ball Receipt*,
,,,,,,,,,,,,,,,,,,,,,,,,,,,,,,,,d8d55eca-ae87-4aac-8d1d-ce65d1b66cdb,956,,"[43.9, 42.3]",3920410,35,,,,,,,,,,,,,,,,,,,,,,,,,1,From Throw In,Reinildo Isnard Mandava,10848.0,Left Center Back,58,Mozambique,4978,['1af957b3-3b4f-4fa5-9573-7cc17750e764'],58,,,,,,,,,,,,,,,,Mozambique,4978,00:35:58.824,Ball Receipt*,
,,,,,,,,,,,,,,,,,,,,,,,,,,,,,,,,7eb39442-d1f8-42a8-8072-59a0615ea312,959,,"[38.9, 67.0]",3920410,36,,,,,,,,,,,,,,,,,,,,,,,,,1,From Throw In,Edson André Sitoe,3250.0,Right Center Back,58,Mozambique,4978,['906eb429-16be-4d55-811a-8c7505cfe5e9'],0,,,,,,,,,,,,,,,,Mozambique,4978,00:36:00.744,Ball Receipt*,
,,,,,,,,,,,,,,,,,,,,,,,,,,,,,,,,f78cab7a-7c54-4c40-8370-2edc5acb3b56,962,,"[62.2, 40.5]",3920410,36,,,,,,,,,,,,,,,,,,,,,,,,,1,From Throw In,Alfons Amade,23706.0,Right Defensive Midfield,58,Mozambique,4978,['110db435-86a3-4051-8191-df7d70c259eb'],4,,,,,,,,,,,,,,,,Mozambique,4978,00:36:04.864,Ball Receipt*,
,,,,,,,,,,,,,,,,,,,,,,,,,,,,,,,,f08c2946-77fe-4852-a998-85d37e62a864,968,,"[80.2, 74.0]",3920410,36,,,,,,,,,,,,,,,,,,,,,,,,,1,From Free Kick,Geny Cipriano Catamo,127300.0,Right Wing,59,Mozambique,4978,['1083404c-220a-41a4-8197-a02443733e89'],14,,,,,,,,,,,,,,,,Mozambique,4978,00:36:14.262,Ball Receipt*,
,,Incomplete,,,,,,,,,,,,,,,,,,,,,,,,,,,,,,269330cf-93c7-4b39-9bc9-337cb7803fdc,970,,"[96.5, 54.0]",3920410,36,,,,,,,,,,,,,,,,,,,,,,,,,1,From Free Kick,Ricardo Martins Guimarães,29482.0,Center Attacking Midfield,59,Mozambique,4978,['4c3366f9-0df5-4b33-bcc4-ab38926bcace'],18,,,,,,,,,,,,,,,,Mozambique,4978,00:36:18.415,Ball Receipt*,
,,,,,,,,,,,,,,,,,,,,,,,,,,,,,,,,c44c28a7-0aa0-4cf6-98bc-5298fc93575d,978,,"[45.8, 45.9]",3920410,36,,,,,,,,,,,,,,,,,,,,,,,,,1,From Goal Kick,Alexander Djiku,2989.0,Right Center Back,60,Ghana,4885,['d15cdf31-cb00-489c-a93c-27b88712afb1'],54,,,,,,,,,,,,,,,,Ghana,4885,00:36:54.984,Ball Receipt*,
,,,,,,,,,,,,,,,,,,,,,,,,,,,,,,,,3ef961ee-aab7-419b-b0cc-946be3a0a181,980,,"[57.1, 42.6]",3920410,36,,,,,,,,,,,,,,,,,,,,,,,,,1,From Goal Kick,Iddrisu Baba Mohammed,24087.0,Right Defensive Midfield,60,Ghana,4885,['7671da41-4b07-48cf-b37c-6431ace77944'],55,,,,,,,,,,,,,,,,Ghana,4885,00:36:55.626,Ball Receipt*,
,,Incomplete,,,,,,,,,,,,,,,,,,,,,,,,,,,,,,fe995126-6dfe-4228-8c59-cb663d3e12e4,983,,"[74.2, 16.3]",3920410,36,,,,,,,,,,,,,,,,,,,,,,,,,1,From Goal Kick,Jordan Ayew,3450.0,Left Wing,60,Ghana,4885,['82827442-6307-4fce-9c5d-8e99bd5a1b0c'],58,,,,,,,,,,,,,,,,Ghana,4885,00:36:58.741,Ball Receipt*,
,,,,,,,,,,,,,,,,,,,,,,,,,,,,,,,,383f888e-59a5-455b-a328-458750dc8f4d,985,,"[53.7, 53.1]",3920410,37,,,,,,,,,,,,,,,,,,,,,,,,,1,Regular Play,Feliciano João Jone,129475.0,Left Defensive Midfield,61,Mozambique,4978,['c91ca387-b3da-43f5-949f-1e8cb03b476f'],0,,,,,,,,,,,,,,,,Mozambique,4978,00:37:00.261,Ball Receipt*,
,,,,,,,,,,,,,,,,,,,,,,,,,,,,,,,,fe1e0702-c0b8-4858-a308-becff9ec5fd2,988,,"[56.3, 32.3]",3920410,37,,,,,,,,,,,,,,,,,,,,,,,,,1,Regular Play,Alfons Amade,23706.0,Right Defensive Midfield,61,Mozambique,4978,['83097028-3333-468b-ade9-c5ac50e02c98'],2,,,,,,,,,,,,,,,,Mozambique,4978,00:37:02.501,Ball Receipt*,
,,,,,,,,,,,,,,,,,,,,,,,,,,,,,,,,2c816257-e95b-4fb6-b1a2-c43834e109b9,991,,"[71.1, 4.4]",3920410,37,,,,,,,,,,,,,,,,,,,,,,,,,1,Regular Play,Witiness Chimoio João Quembo,10865.0,Left Wing,61,Mozambique,4978,['9d7d78fe-8df2-4a47-a50a-bf619dfd4a68'],4,,,,,,,,,,,,,,,,Mozambique,4978,00:37:04.901,Ball Receipt*,
,,,,,,,,,,,,,,,,,,,,,,,,,,,,,,,,dc653b5a-c378-4f51-9235-b1ebebd43b08,994,,"[73.5, 9.0]",3920410,37,,,,,,,,,,,,,,,,,,,,,,,,,1,Regular Play,Alfons Amade,23706.0,Right Defensive Midfield,61,Mozambique,4978,['4beb6eaa-2c99-41df-bd03-b0e80013db13'],9,,,,,,,,,,,,,,,,Mozambique,4978,00:37:09.701,Ball Receipt*,
,,,,,,,,,,,,,,,,,,,,,,,,,,,,,,,,7ff77604-ddb6-48e7-930d-9f6543d6068c,997,,"[61.7, 9.6]",3920410,37,,,,,,,,,,,,,,,,,,,,,,,,,1,Regular Play,Bruno Alberto Langa,106070.0,Left Back,61,Mozambique,4978,['b455260a-648a-4a05-805e-cfc54327c834'],12,,,,,,,,,,,,,,,,Mozambique,4978,00:37:12.101,Ball Receipt*,
,,Incomplete,,,,,,,,,,,,,,,,,,,,,,,,,,,,,,eb855fb1-aeb6-489f-89de-11c7a36d739d,1000,,"[91.3, 38.3]",3920410,37,,,,,,,,,,,,,,,,,,,,,,,,,1,Regular Play,Pachoio Lau Há King,106082.0,Center Forward,61,Mozambique,4978,['c432ce9c-9936-48c1-a88f-c33086bab0e7'],15,,,,,,,,,,,,,,,,Mozambique,4978,00:37:15.564,Ball Receipt*,
,,,,,,,,,,,,,,,,,,,,,,,,,,,,,,,,1460a2e5-60d9-4434-bfdf-48964cc44271,1005,,"[78.9, 57.7]",3920410,37,,,,,,,,,,,,,,,,,,,,,,,,,1,Regular Play,Infren David da Conceição Matola,417067.0,Right Back,61,Mozambique,4978,"['51e87eca-34c2-4865-9c00-4992d773b975', '9c0cc1bc-ceac-4ab4-8cbf-2091e04656ad']",20,,,,,,,,,,,,,,,,Mozambique,4978,00:37:20.861,Ball Receipt*,True
,,,,,,,,,,,,,,,,,,,,,,,,,,,,,,,,58611b77-0cbc-4692-a1f0-8f7f20b3f536,1009,,"[103.7, 52.9]",3920410,37,,,,,,,,,,,,,,,,,,,,,,,,,1,Regular Play,Pachoio Lau Há King,106082.0,Center Forward,61,Mozambique,4978,"['6d6381d8-fad0-472b-9a48-ad3e095e663b', 'e3957cab-bdee-4d25-922c-2ca40e213c70']",24,,,,,,,,,,,,,,,,Mozambique,4978,00:37:24.553,Ball Receipt*,True
,,Incomplete,,,,,,,,,,,,,,,,,,,,,,,,,,,,,,e5e72c98-475e-498b-9bdd-e4b408d25dd4,1012,,"[110.6, 46.8]",3920410,37,,,,,,,,,,,,,,,,,,,,,,,,,1,Regular Play,Ricardo Martins Guimarães,29482.0,Center Attacking Midfield,61,Mozambique,4978,['9e23815a-01d4-4e31-ab0d-d185f4d782a5'],27,,,,,,,,,,,,,,,,Mozambique,4978,00:37:27.877,Ball Receipt*,
,,,,,,,,,,,,,,,,,,,,,,,,,,,,,,,,426c39c6-9831-4abf-9b57-1d614e37fdf8,1018,,"[18.1, 6.3]",3920410,37,,,,,,,,,,,,,,,,,,,,,,,,,1,Regular Play,Jordan Ayew,3450.0,Left Wing,62,Ghana,4885,['5fac169b-61aa-4356-a225-c495fad7bbfb'],30,,,,,,,,,,,,,,,,Ghana,4885,00:37:30.971,Ball Receipt*,
,,,,,,,,,,,,,,,,,,,,,,,,,,,,,,,,3c8dc306-11ba-40ba-8426-6fd1670ad616,1026,,"[48.2, 17.6]",3920410,37,,,,,,,,,,,,,,,,,,,,,,,,,1,Regular Play,Mohammed Kudus,17033.0,Center Attacking Midfield,62,Ghana,4885,['5c7283a1-d8f9-40bd-bafa-1ee5fbbdfeaf'],40,,,,,,,,,,,,,,,,Ghana,4885,00:37:40.749,Ball Receipt*,
,,,,,,,,,,,,,,,,,,,,,,,,,,,,,,,,6038f8ae-ea1f-4826-9ee3-6e419c1bcdc7,1029,,"[35.3, 56.8]",3920410,37,,,,,,,,,,,,,,,,,,,,,,,,,1,Regular Play,Alexander Djiku,2989.0,Right Center Back,62,Ghana,4885,['a3b5350e-9b57-4fc8-b605-5af66b41a2f7'],44,,,,,,,,,,,,,,,,Ghana,4885,00:37:44.956,Ball Receipt*,
,,,,,,,,,,,,,,,,,,,,,,,,,,,,,,,,03a4fa00-3111-4d7b-8762-08aad4095dc2,1032,,"[51.8, 75.9]",3920410,37,,,,,,,,,,,,,,,,,,,,,,,,,1,Regular Play,Denis Odoi,12259.0,Right Back,62,Ghana,4885,['541cfcb9-9272-4161-9106-afecc72dcda6'],48,,,,,,,,,,,,,,,,Ghana,4885,00:37:48.229,Ball Receipt*,
,,,,,,,,,,,,,,,,,,,,,,,,,,,,,,,,45c22cfe-34fe-4878-9211-9062c6e422cf,1035,,"[74.2, 73.1]",3920410,37,,,,,,,,,,,,,,,,,,,,,,,,,1,Regular Play,Joseph Paintsil,16546.0,Right Wing,62,Ghana,4885,['b973d3ca-b26c-41d1-9d4e-aa677e6be115'],50,,,,,,,,,,,,,,,,Ghana,4885,00:37:50.849,Ball Receipt*,
,,,,,,,,,,,,,,,,,,,,,,,,,,,,,,,,052b7434-9d10-4b3c-ad2e-602cf9b76ec4,1038,,"[67.3, 56.1]",3920410,37,,,,,,,,,,,,,,,,,,,,,,,,,1,Regular Play,Iddrisu Baba Mohammed,24087.0,Right Defensive Midfield,62,Ghana,4885,['03d5b20a-058f-4080-a6c8-d09fb1922464'],55,,,,,,,,,,,,,,,,Ghana,4885,00:37:55.558,Ball Receipt*,
,,,,,,,,,,,,,,,,,,,,,,,,,,,,,,,,a830e039-c49d-4b76-aea4-0d05476191bc,1042,,"[54.5, 29.8]",3920410,38,,,,,,,,,,,,,,,,,,,,,,,,,1,Regular Play,Mohamed Salisu,30519.0,Left Center Back,62,Ghana,4885,['13c1db7a-26d9-4a6a-8380-f8e0366acda5'],0,,,,,,,,,,,,,,,,Ghana,4885,00:38:00.840,Ball Receipt*,
,,,,,,,,,,,,,,,,,,,,,,,,,,,,,,,,b3bf5813-3d13-4bfa-a95c-33ba17b2c17f,1045,,"[73.4, 16.1]",3920410,38,,,,,,,,,,,,,,,,,,,,,,,,,1,Regular Play,Mohammed Kudus,17033.0,Center Attacking Midfield,62,Ghana,4885,['d980a99e-36f5-486e-a0e9-92c46b3e0c91'],2,,,,,,,,,,,,,,,,Ghana,4885,00:38:02.532,Ball Receipt*,
,,,,,,,,,,,,,,,,,,,,,,,,,,,,,,,,a15bf1c9-8133-4f13-ad45-f21f2e7b3abc,1049,,"[66.6, 8.7]",3920410,38,,,,,,,,,,,,,,,,,,,,,,,,,1,Regular Play,Gideon Mensah,23615.0,Left Back,62,Ghana,4885,['b3f55c85-d81e-452b-aeef-ba745e7e10b1'],8,,,,,,,,,,,,,,,,Ghana,4885,00:38:08.442,Ball Receipt*,
,,,,,,,,,,,,,,,,,,,,,,,,,,,,,,,,538f6747-aa7d-45d8-82dc-f290d1c857df,1052,,"[81.8, 7.0]",3920410,38,,,,,,,,,,,,,,,,,,,,,,,,,1,Regular Play,Jordan Ayew,3450.0,Left Wing,62,Ghana,4885,"['04686e2b-0462-4726-ba43-91c718885da8', 'b9b16863-84ae-4b7a-8fb2-0bfc2c77c89d']",9,,,,,,,,,,,,,,,,Ghana,4885,00:38:09.784,Ball Receipt*,True
,,,,,,,,,,,,,,,,,,,,,,,,,,,,,,,,593244cd-5c42-4841-a81f-6c7bcb040c9e,1055,,"[72.5, 14.4]",3920410,38,,,,,,,,,,,,,,,,,,,,,,,,,1,Regular Play,Mohammed Kudus,17033.0,Center Attacking Midfield,62,Ghana,4885,['e4177f49-7cd7-40c7-95d9-2832b140ae38'],11,,,,,,,,,,,,,,,,Ghana,4885,00:38:11.502,Ball Receipt*,
,,,,,,,,,,,,,,,,,,,,,,,,,,,,,,,,5b95c4c1-e954-4850-a400-010c7f34abb0,1057,,"[69.0, 7.2]",3920410,38,,,,,,,,,,,,,,,,,,,,,,,,,1,Regular Play,Gideon Mensah,23615.0,Left Back,62,Ghana,4885,['3c11b068-7309-4e6c-9fe0-276d2b772776'],12,,,,,,,,,,,,,,,,Ghana,4885,00:38:12.834,Ball Receipt*,
,,,,,,,,,,,,,,,,,,,,,,,,,,,,,,,,3588862d-22e2-45b1-b998-2ca3115e1792,1060,,"[71.0, 15.0]",3920410,38,,,,,,,,,,,,,,,,,,,,,,,,,1,Regular Play,Mohammed Kudus,17033.0,Center Attacking Midfield,62,Ghana,4885,['021bbc5c-1a0a-4bfd-a487-96646604d31d'],14,,,,,,,,,,,,,,,,Ghana,4885,00:38:14.981,Ball Receipt*,
,,,,,,,,,,,,,,,,,,,,,,,,,,,,,,,,298a78bc-b013-496c-94a3-627c410e9f20,1062,,"[75.8, 7.2]",3920410,38,,,,,,,,,,,,,,,,,,,,,,,,,1,Regular Play,Jordan Ayew,3450.0,Left Wing,62,Ghana,4885,['38ba4a63-9bb9-4cc1-8772-b21a4d938c26'],15,,,,,,,,,,,,,,,,Ghana,4885,00:38:15.689,Ball Receipt*,
,,,,,,,,,,,,,,,,,,,,,,,,,,,,,,,,7de688d3-fa63-4c6d-8c22-95ef0c89f1e7,1064,,"[74.2, 12.6]",3920410,38,,,,,,,,,,,,,,,,,,,,,,,,,1,Regular Play,Mohammed Kudus,17033.0,Center Attacking Midfield,62,Ghana,4885,['78a19cb3-5c96-4b80-80a8-736cec8f0fa6'],16,,,,,,,,,,,,,,,,Ghana,4885,00:38:16.397,Ball Receipt*,
,,,,,,,,,,,,,,,,,,,,,,,,,,,,,,,,c58ea943-a1d8-4015-bd78-38488c001ac7,1067,,"[109.2, 26.1]",3920410,38,,,,,,,,,,,,,,,,,,,,,,,,,1,Regular Play,Antoine Semenyo,9286.0,Center Forward,62,Ghana,4885,['01902688-3102-436c-b4e3-032f35c10ab9'],19,,,,,,,,,,,,,,,,Ghana,4885,00:38:19.440,Ball Receipt*,
,,,,,,,,,,,,,,,,,,,,,,,,,,,,,,,,58e26af7-f520-464e-9044-1b9281f0745b,1076,,"[28.2, 71.4]",3920410,39,,,,,,,,,,,,,,,,,,,,,,,,,1,From Free Kick,Edson André Sitoe,3250.0,Right Center Back,64,Mozambique,4978,['0549525c-3b32-4b31-944b-eb51acb99d78'],2,,,,,,,,,,,,,,,,Mozambique,4978,00:39:02.161,Ball Receipt*,
,,,,,,,,,,,,,,,,,,,,,,,,,,,,,,,,64b25ada-9f9e-4a8b-9550-cafa61342186,1080,,"[11.7, 50.5]",3920410,39,,,,,,,,,,,,,,,,,,,,,,,,,1,From Free Kick,Ivane Carminio Francisco Urrubal,161718.0,Goalkeeper,64,Mozambique,4978,['f50820bd-4e61-4255-a415-1c41caf46c01'],5,,,,,,,,,,,,,,,,Mozambique,4978,00:39:05.961,Ball Receipt*,
,,,,,,,,,,,,,,,,,,,,,,,,,,,,,,,,73ebd913-0e63-44d5-8a07-066f67e861e2,1083,,"[18.9, 23.6]",3920410,39,,,,,,,,,,,,,,,,,,,,,,,,,1,From Free Kick,Reinildo Isnard Mandava,10848.0,Left Center Back,64,Mozambique,4978,['35d814ee-ada7-445c-845f-156ff36c6272'],9,,,,,,,,,,,,,,,,Mozambique,4978,00:39:09.401,Ball Receipt*,
,,,,,,,,,,,,,,,,,,,,,,,,,,,,,,,,048359e8-9806-4568-a713-7a2ca967dac5,1086,,"[38.0, 17.9]",3920410,39,,,,,,,,,,,,,,,,,,,,,,,,,1,From Free Kick,Alfons Amade,23706.0,Right Defensive Midfield,64,Mozambique,4978,['c9d208bc-2856-4109-bab0-a306910a8bb4'],11,,,,,,,,,,,,,,,,Mozambique,4978,00:39:11.121,Ball Receipt*,
,,,,,,,,,,,,,,,,,,,,,,,,,,,,,,,,2470480c-9dcc-46a1-8d82-f198f3f8114a,1088,,"[23.5, 20.5]",3920410,39,,,,,,,,,,,,,,,,,,,,,,,,,1,From Free Kick,Reinildo Isnard Mandava,10848.0,Left Center Back,64,Mozambique,4978,['cdde5d9c-8825-431d-b11a-ad25766ec3a9'],12,,,,,,,,,,,,,,,,Mozambique,4978,00:39:12.681,Ball Receipt*,
,,,,,,,,,,,,,,,,,,,,,,,,,,,,,,,,a912b967-3f37-4e3f-ad7c-43ba7cdd8e64,1091,,"[24.8, 53.8]",3920410,39,,,,,,,,,,,,,,,,,,,,,,,,,1,From Free Kick,Edson André Sitoe,3250.0,Right Center Back,64,Mozambique,4978,['da903317-905b-4c9b-8257-39a934e13641'],15,,,,,,,,,,,,,,,,Mozambique,4978,00:39:15.761,Ball Receipt*,
,,,,,,,,,,,,,,,,,,,,,,,,,,,,,,,,9606760f-cdf7-4e51-b452-be3d7cb1bc32,1094,,"[41.3, 75.3]",3920410,39,,,,,,,,,,,,,,,,,,,,,,,,,1,From Free Kick,Infren David da Conceição Matola,417067.0,Right Back,64,Mozambique,4978,['73908219-68ab-4956-bdf7-12e86374a909'],18,,,,,,,,,,,,,,,,Mozambique,4978,00:39:18.921,Ball Receipt*,
,,,,,,,,,,,,,,,,,,,,,,,,,,,,,,,,5925c217-11ba-4b4f-9815-de47fc0eed91,1104,,"[111.5, 5.7]",3920410,39,,,,,,,,,,,,,,,,,,,,,,,,,1,From Free Kick,Bruno Alberto Langa,106070.0,Left Back,65,Mozambique,4978,['3c0c26cd-7fba-4069-a67d-1d6a7993294b'],35,,,,,,,,,,,,,,,,Mozambique,4978,00:39:35.742,Ball Receipt*,
,,Incomplete,,,,,,,,,,,,,,,,,,,,,,,,,,,,,,553925b1-e872-4127-b3f6-e97a868fb852,1106,,"[106.1, 50.7]",3920410,39,,,,,,,,,,,,,,,,,,,,,,,,,1,From Free Kick,Pachoio Lau Há King,106082.0,Center Forward,65,Mozambique,4978,['98b5094c-219e-44ca-b411-4688c90d9738'],39,,,,,,,,,,,,,,,,Mozambique,4978,00:39:39.348,Ball Receipt*,
,,,,,,,,,,,,,,,,,,,,,,,,,,,,,,,,f3b2c163-612b-45e1-89bd-37bb502666fa,1112,,"[70.1, 5.7]",3920410,39,,,,,,,,,,,,,,,,,,,,,,,,,1,From Free Kick,Jordan Ayew,3450.0,Left Wing,65,Mozambique,4978,['0f1bccc3-e155-4aa5-bac5-bcb4725b7af5'],48,,,,,,,,,,,,,,,,Ghana,4885,00:39:48.498,Ball Receipt*,
,,,,,,,,,,,,,,,,,,,,,,,,,,,,,,,,cc4647bf-3732-4d15-9e17-59c6869868a2,1122,,"[30.6, 13.1]",3920410,40,,,,,,,,,,,,,,,,,,,,,,,,,1,From Free Kick,Bruno Alberto Langa,106070.0,Left Back,66,Mozambique,4978,['0bbf0739-6c37-4b70-ae23-9b23a0b7cf3a'],18,,,,,,,,,,,,,,,,Mozambique,4978,00:40:18.629,Ball Receipt*,
,,,,,,,,,,,,,,,,,,,,,,,,,,,,,,,,10510752-7197-4723-ad51-b14dd9cb5d23,1125,,"[24.6, 20.7]",3920410,40,,,,,,,,,,,,,,,,,,,,,,,,,1,From Free Kick,Reinildo Isnard Mandava,10848.0,Left Center Back,66,Mozambique,4978,['dcd0fc91-09e6-48c0-9879-e6cd0f2af955'],20,,,,,,,,,,,,,,,,Mozambique,4978,00:40:20.829,Ball Receipt*,
,,,,,,,,,,,,,,,,,,,,,,,,,,,,,,,,7bcd62a7-250d-4fa3-a6d4-428d371e31ef,1128,,"[37.6, 54.2]",3920410,40,,,,,,,,,,,,,,,,,,,,,,,,,1,From Free Kick,Edson André Sitoe,3250.0,Right Center Back,66,Mozambique,4978,['0d0e7c8b-39d6-4316-bf04-2f0b17e38f91'],28,,,,,,,,,,,,,,,,Mozambique,4978,00:40:28.370,Ball Receipt*,
,,,,,,,,,,,,,,,,,,,,,,,,,,,,,,,,f36c6884-6eb9-4c28-9676-9531858ce1b8,1131,,"[49.8, 71.4]",3920410,40,,,,,,,,,,,,,,,,,,,,,,,,,1,From Free Kick,Infren David da Conceição Matola,417067.0,Right Back,66,Mozambique,4978,['9dd1b460-5f49-4b7a-8f94-a83d6a3f621f'],31,,,,,,,,,,,,,,,,Mozambique,4978,00:40:31.690,Ball Receipt*,
,,,,,,,,,,,,,,,,,,,,,,,,,,,,,,,,88704a1e-029f-4ea0-a21f-31a0d93a8cc6,1134,,"[64.3, 66.8]",3920410,40,,,,,,,,,,,,,,,,,,,,,,,,,1,From Free Kick,Geny Cipriano Catamo,127300.0,Right Wing,66,Mozambique,4978,['59e61b7b-21d4-456d-bf46-c4f7ab59bcbb'],34,,,,,,,,,,,,,,,,Mozambique,4978,00:40:34.610,Ball Receipt*,
,,,,,,,,,,,,,,,,,,,,,,,,,,,,,,,,56df6727-09cc-4ff8-ac25-4e746aa6b649,1137,,"[82.6, 59.9]",3920410,40,,,,,,,,,,,,,,,,,,,,,,,,,1,From Free Kick,Pachoio Lau Há King,106082.0,Center Forward,66,Mozambique,4978,['b1a9bdaa-9d2b-43e0-a12b-c8cbab1ce867'],37,,,,,,,,,,,,,,,,Mozambique,4978,00:40:37.210,Ball Receipt*,
,,,,,,,,,,,,,,,,,,,,,,,,,,,,,,,,c73c3fdc-0d58-415b-a34a-180bad601daa,1142,,"[75.4, 54.4]",3920410,40,,,,,,,,,,,,,,,,,,,,,,,,,1,From Free Kick,Ricardo Martins Guimarães,29482.0,Center Attacking Midfield,66,Mozambique,4978,"['afb6ee02-7efb-42dc-9810-89c6dd1683a7', 'edacee9c-2fd9-41c4-af2a-ff129be347b6']",38,,,,,,,,,,,,,,,,Mozambique,4978,00:40:38.330,Ball Receipt*,True
,,,,,,,,,,,,,,,,,,,,,,,,,,,,,,,,e6acc522-075b-4a99-a877-230204f5ff96,1145,,"[83.5, 73.1]",3920410,40,,,,,,,,,,,,,,,,,,,,,,,,,1,From Free Kick,Infren David da Conceição Matola,417067.0,Right Back,66,Mozambique,4978,['f238603d-23c3-4ea0-abdd-ff720fd2e0c0'],43,,,,,,,,,,,,,,,,Mozambique,4978,00:40:43.010,Ball Receipt*,
,,,,,,,,,,,,,,,,,,,,,,,,,,,,,,,,1d73f968-d862-4d00-9ce7-eb4f1773e175,1149,,"[92.0, 66.2]",3920410,40,,,,,,,,,,,,,,,,,,,,,,,,,1,From Free Kick,Pachoio Lau Há King,106082.0,Center Forward,66,Mozambique,4978,"['4322f91f-a122-43de-a7b7-73f87d8876e1', '312b25ab-e0ce-4db3-a5b5-b0f87b9334b0']",45,,,,,,,,,,,,,,,,Mozambique,4978,00:40:45.527,Ball Receipt*,True
,,Incomplete,,,,,,,,,,,,,,,,,,,,,,,,,,,,,,910b8580-2aa7-4fce-865f-a579f351d0ed,1154,,"[103.9, 29.9]",3920410,40,,,,,,,,,,,,,,,,,,,,,,,,,1,From Free Kick,Witiness Chimoio João Quembo,10865.0,Left Wing,66,Mozambique,4978,['2edeab4a-5aca-4086-8498-da64a611c6ea'],50,,,,,,,,,,,,,,,,Mozambique,4978,00:40:50.024,Ball Receipt*,
,,,,,,,,,,,,,,,,,,,,,,,,,,,,,,,,75457f5a-d364-471b-b7f7-e6688d342d80,1160,,"[7.1, 39.8]",3920410,40,,,,,,,,,,,,,,,,,,,,,,,,,1,From Free Kick,Richard Ofori Antwi,68757.0,Goalkeeper,66,Mozambique,4978,['2f857cb4-725c-4956-9851-af78df87c98f'],54,,,,,,,,,,,,,,,,Ghana,4885,00:40:54.729,Ball Receipt*,
,,Incomplete,,,,,,,,,,,,,,,,,,,,,,,,,,,,,,754f5a4b-44c6-4cab-ad76-31d85f98aeda,1163,,"[56.4, 12.6]",3920410,40,,,,,,,,,,,,,,,,,,,,,,,,,1,From Free Kick,Antoine Semenyo,9286.0,Center Forward,66,Mozambique,4978,"['85c184bd-0491-4cd3-9cb8-d0849cf349bf', '5f77388e-5f94-45f6-9e58-224fa0421219']",59,,,,,,,,,,,,,,,,Ghana,4885,00:40:59.295,Ball Receipt*,True
,,,,,,,,,,,,,,,,,,,,,,,,,,,,,,,,8c7bb94e-67b6-4d69-ac50-4b3fe8b1b989,1167,,"[59.8, 18.8]",3920410,41,,,,,,,,,,,,,,,,,,,,,,,,,1,From Free Kick,Alfons Amade,23706.0,Right Defensive Midfield,67,Mozambique,4978,['c818a548-2cc4-49d0-ac3f-58422baae51e'],11,,,,,,,,,,,,,,,,Mozambique,4978,00:41:11.036,Ball Receipt*,
,,,,,,,,,,,,,,,,,,,,,,,,,,,,,,,,b0a694f5-c624-4558-8e59-5b5aca3ec7db,1170,,"[70.0, 16.2]",3920410,41,,,,,,,,,,,,,,,,,,,,,,,,,1,From Free Kick,Witiness Chimoio João Quembo,10865.0,Left Wing,67,Mozambique,4978,['e9cc6452-f34b-4103-bd86-ed852b7727b3'],14,,,,,,,,,,,,,,,,Mozambique,4978,00:41:14.596,Ball Receipt*,
,,,,,,,,,,,,,,,,,,,,,,,,,,,,,,,,e7800f8b-12c6-4444-b0d7-ed8fb7257624,1173,,"[55.6, 13.3]",3920410,41,,,,,,,,,,,,,,,,,,,,,,,,,1,From Free Kick,Feliciano João Jone,129475.0,Left Defensive Midfield,67,Mozambique,4978,['5460ef31-0086-4f55-b76e-ef0767e9b8f4'],15,,,,,,,,,,,,,,,,Mozambique,4978,00:41:15.876,Ball Receipt*,
,,,,,,,,,,,,,,,,,,,,,,,,,,,,,,,,a8d5937e-8bdc-4ffb-b8a5-43352ca3ab6a,1176,,"[51.3, 65.1]",3920410,41,,,,,,,,,,,,,,,,,,,,,,,,,1,From Free Kick,Edson André Sitoe,3250.0,Right Center Back,67,Mozambique,4978,['e9c97f2d-5301-4705-8acb-18a19d6ea5cf'],21,,,,,,,,,,,,,,,,Mozambique,4978,00:41:21.756,Ball Receipt*,
,,,,,,,,,,,,,,,,,,,,,,,,,,,,,,,,c7bdc547-0508-4ca8-a33c-d1a91f56c3d0,1179,,"[74.6, 76.2]",3920410,41,,,,,,,,,,,,,,,,,,,,,,,,,1,From Free Kick,Infren David da Conceição Matola,417067.0,Right Back,67,Mozambique,4978,['69ac8450-66e4-4a35-b2dc-a6e8fbc03eab'],26,,,,,,,,,,,,,,,,Mozambique,4978,00:41:26.156,Ball Receipt*,
,,Incomplete,,,,,,,,,,,,,,,,,,,,,,,,,,,,,,ddf6c7cd-30c9-4019-8b0f-f2f56567e2f4,1182,,"[100.0, 49.9]",3920410,41,,,,,,,,,,,,,,,,,,,,,,,,,1,From Free Kick,Pachoio Lau Há King,106082.0,Center Forward,67,Mozambique,4978,['01371da8-b13f-43fe-98d1-56a1cd9e6900'],29,,,,,,,,,,,,,,,,Mozambique,4978,00:41:29.146,Ball Receipt*,
,,,,,,,,,,,,,,,,,,,,,,,,,,,,,,,,79e68b84-6983-47a9-89ae-459be79020ac,1187,,"[39.0, 59.6]",3920410,41,,,,,,,,,,,,,,,,,,,,,,,,,1,Regular Play,Joseph Paintsil,16546.0,Right Wing,68,Ghana,4885,['9c3c9580-182c-4cd8-aac5-ec9d97a355f8'],33,,,,,,,,,,,,,,,,Ghana,4885,00:41:33.645,Ball Receipt*,
,,,,,,,,,,,,,,,,,,,,,,,,,,,,,,,,b0ffa410-e644-40f7-b3d2-4d40bafce704,1190,,"[49.5, 46.8]",3920410,41,,,,,,,,,,,,,,,,,,,,,,,,,1,Regular Play,Mohammed Kudus,17033.0,Center Attacking Midfield,68,Ghana,4885,['635b1217-72a6-49ea-9bd1-5370ccd8c79b'],36,,,,,,,,,,,,,,,,Ghana,4885,00:41:36.434,Ball Receipt*,
,,,,,,,,,,,,,,,,,,,,,,,,,,,,,,,,87cdcefa-db02-4279-8169-c93b58854394,1196,,"[82.0, 12.3]",3920410,41,,,,,,,,,,,,,,,,,,,,,,,,,1,Regular Play,Witiness Chimoio João Quembo,10865.0,Left Wing,69,Mozambique,4978,['f4416297-ca05-4247-a8fd-dba3ce9e6a3b'],40,,,,,,,,,,,,,,,,Mozambique,4978,00:41:40.503,Ball Receipt*,
,,Incomplete,,,,,,,,,,,,,,,,,,,,,,,,,,,,,,7a668094-b2ee-44f9-9dc8-742236f43e6b,1201,,"[70.1, 35.7]",3920410,42,,,,,,,,,,,,,,,,,,,,,,,,,1,From Goal Kick,Mohammed Kudus,17033.0,Center Attacking Midfield,70,Ghana,4885,['2c1b5f12-9512-42e8-9a6f-bd13d04e017e'],20,,,,,,,,,,,,,,,,Ghana,4885,00:42:20.770,Ball Receipt*,
,,,,,,,,,,,,,,,,,,,,,,,,,,,,,,,,bc0ff73d-028f-4eda-8da6-20e29e2c10f9,1203,,"[42.6, 34.9]",3920410,42,,,,,,,,,,,,,,,,,,,,,,,,,1,From Goal Kick,Alfons Amade,23706.0,Right Defensive Midfield,70,Ghana,4885,['c4a8dcc0-8de1-4316-8aff-b1748138d608'],23,,,,,,,,,,,,,,,,Mozambique,4978,00:42:23.438,Ball Receipt*,
,,Incomplete,,,,,,,,,,,,,,,,,,,,,,,,,,,,,,fe0b26d0-5268-45f7-af63-f5307299d3de,1206,,"[54.6, 37.0]",3920410,42,,,,,,,,,,,,,,,,,,,,,,,,,1,From Goal Kick,Witiness Chimoio João Quembo,10865.0,Left Wing,70,Ghana,4885,['3837eeca-3003-44a7-9265-77e1f2e3b1f0'],24,,,,,,,,,,,,,,,,Mozambique,4978,00:42:24.359,Ball Receipt*,
,,,,,,,,,,,,,,,,,,,,,,,,,,,,,,,,fd00ed9d-5178-4339-b1d0-01cd1fa39d4a,1211,,"[51.2, 74.4]",3920410,42,,,,,,,,,,,,,,,,,,,,,,,,,1,From Goal Kick,Denis Odoi,12259.0,Right Back,70,Ghana,4885,['3ac74cdc-b2b0-4a18-97f6-29e1153283d1'],28,,,,,,,,,,,,,,,,Ghana,4885,00:42:28.415,Ball Receipt*,
,,Incomplete,,,,,,,,,,,,,,,,,,,,,,,,,,,,,,56e37067-8d0c-49e2-8c14-76003691c432,1215,,"[114.2, 74.8]",3920410,42,,,,,,,,,,,,,,,,,,,,,,,,,1,From Goal Kick,Joseph Paintsil,16546.0,Right Wing,70,Ghana,4885,['34eb49e0-555e-4bee-9859-167955bccff2'],34,,,,,,,,,,,,,,,,Ghana,4885,00:42:34.686,Ball Receipt*,
,,,,,,,,,,,,,,,,,,,,,,,,,,,,,,,,060a3a3b-543b-40f6-8902-9dc7f2fd4219,1220,,"[11.1, 46.6]",3920410,42,,,,,,,,,,,,,,,,,,,,,,,,,1,From Goal Kick,Edson André Sitoe,3250.0,Right Center Back,70,Ghana,4885,"['a68e3c87-8a16-478d-b359-a8d9cbf6275a', '3f4fae20-3a30-4add-87a5-38312074dd1a']",44,,,,,,,,,,,,,,,,Mozambique,4978,00:42:44.406,Ball Receipt*,True
,,Incomplete,,,,,,,,,,,,,,,,,,,,,,,,,,,,,,a1ee1684-2b7a-40a8-a99a-a5a700051b55,1223,,"[33.5, 71.4]",3920410,42,,,,,,,,,,,,,,,,,,,,,,,,,1,From Goal Kick,Infren David da Conceição Matola,417067.0,Right Back,70,Ghana,4885,['3cf563c5-58b7-460b-830b-4c95b41605bf'],46,,,,,,,,,,,,,,,,Mozambique,4978,00:42:46.352,Ball Receipt*,
,,Incomplete,,,,,,,,,,,,,,,,,,,,,,,,,,,,,,3de07dbf-bce1-49e7-93a4-5e58900aae17,1227,,"[110.1, 31.3]",3920410,42,,,,,,,,,,,,,,,,,,,,,,,,,1,From Goal Kick,Mohammed Kudus,17033.0,Center Attacking Midfield,70,Ghana,4885,['4127910c-8a0f-4b89-85ff-a68e6ae03c15'],49,,,,,,,,,,,,,,,,Ghana,4885,00:42:49.657,Ball Receipt*,
,,Incomplete,,,,,,,,,,,,,,,,,,,,,,,,,,,,,,00121916-f460-4ec6-a76d-9de71efc5d1b,1233,,"[27.2, 72.3]",3920410,42,,,,,,,,,,,,,,,,,,,,,,,,,1,Regular Play,Infren David da Conceição Matola,417067.0,Right Back,71,Mozambique,4978,['ace12832-4136-4e65-860e-542cb0f690c5'],52,,,,,,,,,,,,,,,,Mozambique,4978,00:42:52.379,Ball Receipt*,
,,Incomplete,,,,,,,,,,,,,,,,,,,,,,,,,,,,,,dbe9a20b-8a34-4838-85cd-d112702b39e8,1236,,"[44.8, 70.7]",3920410,43,,,,,,,,,,,,,,,,,,,,,,,,,1,From Throw In,Ricardo Martins Guimarães,29482.0,Center Attacking Midfield,72,Mozambique,4978,['4e85b814-6935-4ebd-a5ca-6c3862162793'],17,,,,,,,,,,,,,,,,Mozambique,4978,00:43:17.800,Ball Receipt*,
,,Incomplete,,,,,,,,,,,,,,,,,,,,,,,,,,,,,,ace3d9de-1f97-4f62-9fea-87729083f628,1238,,"[92.1, 13.3]",3920410,43,,,,,,,,,,,,,,,,,,,,,,,,,1,From Throw In,Mohammed Kudus,17033.0,Center Attacking Midfield,72,Mozambique,4978,['a9203a59-4741-469f-810a-8712f56f1cf1'],19,,,,,,,,,,,,,,,,Ghana,4885,00:43:19.471,Ball Receipt*,
,,,,,,,,,,,,,,,,,,,,,,,,,,,,,,,,64e3ee45-e365-467e-b08a-6fcab1355c48,1241,,"[36.7, 65.7]",3920410,43,,,,,,,,,,,,,,,,,,,,,,,,,1,From Throw In,Geny Cipriano Catamo,127300.0,Right Wing,72,Mozambique,4978,['9660c92e-d3f6-4539-ab68-aa6e01ed5cbd'],20,,,,,,,,,,,,,,,,Mozambique,4978,00:43:20.311,Ball Receipt*,
,,,,,,,,,,,,,,,,,,,,,,,,,,,,,,,,4d70869b-0efd-4f71-91dd-450cbfda67bc,1244,,"[38.3, 18.6]",3920410,43,,,,,,,,,,,,,,,,,,,,,,,,,1,From Throw In,Bruno Alberto Langa,106070.0,Left Back,72,Mozambique,4978,['06949810-a193-4490-a3ae-16cbd007148d'],24,,,,,,,,,,,,,,,,Mozambique,4978,00:43:24.026,Ball Receipt*,
,,Incomplete,,,,,,,,,,,,,,,,,,,,,,,,,,,,,,c4d1a82e-edbb-4a7a-bd37-eab626d31665,1247,,"[97.6, 28.6]",3920410,43,,,,,,,,,,,,,,,,,,,,,,,,,1,From Throw In,Ricardo Martins Guimarães,29482.0,Center Attacking Midfield,72,Mozambique,4978,['e528abd8-a006-4acf-9d6a-9ba406192fa6'],31,,,,,,,,,,,,,,,,Mozambique,4978,00:43:31.263,Ball Receipt*,
,,Incomplete,,,,,,,,,,,,,,,,,,,,,,,,,,,,,,53188da3-715c-49ef-a823-95f456a59c17,1255,,"[57.3, 74.8]",3920410,43,,,,,,,,,,,,,,,,,,,,,,,,,1,From Throw In,Joseph Paintsil,16546.0,Right Wing,72,Mozambique,4978,['3a5dbe7e-e4d1-432a-9faf-897a6da6e8a4'],38,,,,,,,,,,,,,,,,Ghana,4885,00:43:38.709,Ball Receipt*,
,,,,,,,,,,,,,,,,,,,,,,,,,,,,,,,,475d75be-723d-45e5-975e-44ffa954393b,1259,,"[74.8, 69.7]",3920410,43,,,,,,,,,,,,,,,,,,,,,,,,,1,From Throw In,Infren David da Conceição Matola,417067.0,Right Back,72,Mozambique,4978,['2d08da00-d3c0-44b0-814b-f5794dbe937e'],49,,,,,,,,,,,,,,,,Mozambique,4978,00:43:49.294,Ball Receipt*,
,,,,,,,,,,,,,,,,,,,,,,,,,,,,,,,,7d1b6d53-5a7c-4a3c-8178-3b412583878f,1262,,"[63.0, 56.2]",3920410,43,,,,,,,,,,,,,,,,,,,,,,,,,1,From Throw In,Feliciano João Jone,129475.0,Left Defensive Midfield,72,Mozambique,4978,['0717a3b4-3568-404c-89f2-8eef94afd49c'],53,,,,,,,,,,,,,,,,Mozambique,4978,00:43:53.334,Ball Receipt*,
,,Incomplete,,,,,,,,,,,,,,,,,,,,,,,,,,,,,,a006f3df-24d8-4959-9f2e-57851d2d9559,1265,,"[111.5, 18.6]",3920410,43,,,,,,,,,,,,,,,,,,,,,,,,,1,From Throw In,Witiness Chimoio João Quembo,10865.0,Left Wing,72,Mozambique,4978,['7d0b947a-2e0f-4be1-b3b1-45919aa5b1c7'],58,,,,,,,,,,,,,,,,Mozambique,4978,00:43:58.937,Ball Receipt*,
,,,,,,,,,,,,,,,,,,,,,,,,,,,,,,,,6090a4ce-0de7-4983-b514-9b5c9a5a6f94,1268,,"[83.8, 51.5]",3920410,44,,,,,,,,,,,,,,,,,,,,,,,,,1,From Keeper,Antoine Semenyo,9286.0,Center Forward,73,Ghana,4885,['1a9de120-29bd-4f48-b2b4-5c5b3cedf57c'],25,,,,,,,,,,,,,,,,Ghana,4885,00:44:25.661,Ball Receipt*,
,,,,,,,,,,,,,,,,,,,,,,,,,,,,,,,,3f43034f-45ad-4116-8333-e68913698def,1271,,"[86.4, 77.2]",3920410,44,,,,,,,,,,,,,,,,,,,,,,,,,1,From Keeper,Joseph Paintsil,16546.0,Right Wing,73,Ghana,4885,['6df35af1-8cd1-40ce-b894-576a65728f69'],30,,,,,,,,,,,,,,,,Ghana,4885,00:44:30.560,Ball Receipt*,
,,,,,,,,,,,,,,,,,,,,,,,,,,,,,,,,49258310-36db-403b-8455-2912164c4238,1274,,"[62.7, 75.9]",3920410,44,,,,,,,,,,,,,,,,,,,,,,,,,1,From Keeper,Denis Odoi,12259.0,Right Back,73,Ghana,4885,['f01c34a9-d089-4959-afa6-4de3f367631a'],35,,,,,,,,,,,,,,,,Ghana,4885,00:44:35.463,Ball Receipt*,
,,,,,,,,,,,,,,,,,,,,,,,,,,,,,,,,fdee2bbf-6494-40a8-93ba-b9e606cfbcd5,1277,,"[50.3, 67.8]",3920410,44,,,,,,,,,,,,,,,,,,,,,,,,,1,From Keeper,Alexander Djiku,2989.0,Right Center Back,73,Ghana,4885,['1fa3664c-baaa-48f3-b837-845b8176f420'],38,,,,,,,,,,,,,,,,Ghana,4885,00:44:38.059,Ball Receipt*,
,,,,,,,,,,,,,,,,,,,,,,,,,,,,,,,,fe2ca345-7740-4078-b273-c145b49d9722,1280,,"[37.5, 49.8]",3920410,44,,,,,,,,,,,,,,,,,,,,,,,,,1,From Keeper,Mohamed Salisu,30519.0,Left Center Back,73,Ghana,4885,['0b25ec30-0385-4762-b2b8-c9ec9bd8a5bd'],43,,,,,,,,,,,,,,,,Ghana,4885,00:44:43.883,Ball Receipt*,
,,,,,,,,,,,,,,,,,,,,,,,,,,,,,,,,196bf0ca-681c-41e6-a3cc-328165561b28,1283,,"[54.5, 11.3]",3920410,44,,,,,,,,,,,,,,,,,,,,,,,,,1,From Keeper,Gideon Mensah,23615.0,Left Back,73,Ghana,4885,['0622cd03-8610-492f-bc96-0a74a07852c8'],48,,,,,,,,,,,,,,,,Ghana,4885,00:44:48.228,Ball Receipt*,
,,Incomplete,,,,,,,,,,,,,,,,,,,,,,,,,,,,,,398f2282-de0f-4cc0-85cf-0cf5c7faffc5,1288,,"[74.7, 5.2]",3920410,44,,,,,,,,,,,,,,,,,,,,,,,,,1,From Keeper,Mohammed Kudus,17033.0,Center Attacking Midfield,73,Ghana,4885,['bc935bc5-468a-422b-8785-cf7302326163'],52,,,,,,,,,,,,,,,,Ghana,4885,00:44:52.800,Ball Receipt*,
,,,,,,,,,,,,,,,,,,,,,,,,,,,,,,,,e50b81b8-16b2-4e79-ae1b-99884cec6ade,1290,,"[55.6, 69.9]",3920410,45,,,,,,,,,,,,,,,,,,,,,,,,,1,From Throw In,Infren David da Conceição Matola,417067.0,Right Back,74,Mozambique,4978,['adb0d60f-8d68-4340-bf66-979f9c78f76c'],8,,,,,,,,,,,,,,,,Mozambique,4978,00:45:08.253,Ball Receipt*,
,,,,,,,,,,,,,,,,,,,,,,,,,,,,,,,,3d048d82-0935-4e48-9bda-0b5ac8e998b9,1293,,"[49.3, 56.6]",3920410,45,,,,,,,,,,,,,,,,,,,,,,,,,1,From Throw In,Feliciano João Jone,129475.0,Left Defensive Midfield,74,Mozambique,4978,['88e9eded-ddd3-446b-9f5a-eddb08e40e5d'],10,,,,,,,,,,,,,,,,Mozambique,4978,00:45:10.693,Ball Receipt*,
,,,,,,,,,,,,,,,,,,,,,,,,,,,,,,,,f53dfb4b-424d-46a8-b495-896a452e255d,1296,,"[59.3, 20.5]",3920410,45,,,,,,,,,,,,,,,,,,,,,,,,,1,From Throw In,Alfons Amade,23706.0,Right Defensive Midfield,74,Mozambique,4978,['f0fbd5c6-7e8f-4e4e-bed2-a6b1ee8c936f'],16,,,,,,,,,,,,,,,,Mozambique,4978,00:45:16.333,Ball Receipt*,
,,,,,,,,,,,,,,,,,,,,,,,,,,,,,,,,fac282de-1ac3-4b86-ae7a-bee6653950c0,1299,,"[61.1, 6.8]",3920410,45,,,,,,,,,,,,,,,,,,,,,,,,,1,From Throw In,Bruno Alberto Langa,106070.0,Left Back,74,Mozambique,4978,['eee4ca91-05fe-4e81-b13f-77aed9b8d219'],18,,,,,,,,,,,,,,,,Mozambique,4978,00:45:18.493,Ball Receipt*,
,,,,,,,,,,,,,,,,,,,,,,,,,,,,,,,,d2dcdf3e-3c9a-4193-8c41-ca33e5b15756,1302,,"[60.9, 14.2]",3920410,45,,,,,,,,,,,,,,,,,,,,,,,,,1,From Throw In,Feliciano João Jone,129475.0,Left Defensive Midfield,74,Mozambique,4978,['9e5b338c-e250-42a0-afae-2ad2c2c79ceb'],23,,,,,,,,,,,,,,,,Mozambique,4978,00:45:23.373,Ball Receipt*,
,,,,,,,,,,,,,,,,,,,,,,,,,,,,,,,,99c96c55-5d74-43be-a830-69dcb7404843,1305,,"[49.8, 25.7]",3920410,45,,,,,,,,,,,,,,,,,,,,,,,,,1,From Throw In,Reinildo Isnard Mandava,10848.0,Left Center Back,74,Mozambique,4978,['cd2f3076-05b9-4857-822f-fbdfc529ae4c'],24,,,,,,,,,,,,,,,,Mozambique,4978,00:45:24.853,Ball Receipt*,
,,,,,,,,,,,,,,,,,,,,,,,,,,,,,,,,135cf175-b1cd-4149-80b9-30880e848946,1309,,"[55.6, 45.3]",3920410,45,,,,,,,,,,,,,,,,,,,,,,,,,1,From Throw In,Ricardo Martins Guimarães,29482.0,Center Attacking Midfield,74,Mozambique,4978,"['2060f77d-acff-4144-846c-0f89694e0148', '1f36ec25-7c4d-420c-b2a1-ec0edefeb633']",27,,,,,,,,,,,,,,,,Mozambique,4978,00:45:27.653,Ball Receipt*,True
,,,,,,,,,,,,,,,,,,,,,,,,,,,,,,,,f68b4d9f-0fe3-4598-957d-0c7781de9d56,1312,,"[40.9, 57.5]",3920410,45,,,,,,,,,,,,,,,,,,,,,,,,,1,From Throw In,Edson André Sitoe,3250.0,Right Center Back,74,Mozambique,4978,['b3f5da63-ba58-40da-ae80-d7d3005e28de'],28,,,,,,,,,,,,,,,,Mozambique,4978,00:45:28.985,Ball Receipt*,
,,,,,,,,,,,,,,,,,,,,,,,,,,,,,,,,8e780ec3-de86-4be1-b7dd-abf7f3ef1218,1315,,"[61.3, 74.2]",3920410,45,,,,,,,,,,,,,,,,,,,,,,,,,1,From Throw In,Infren David da Conceição Matola,417067.0,Right Back,74,Mozambique,4978,['be6d7d47-7991-4962-a1f7-da177ad5442b'],31,,,,,,,,,,,,,,,,Mozambique,4978,00:45:31.982,Ball Receipt*,
,,,,,,,,,,,,,,,,,,,,,,,,,,,,,,,,a9f97fdd-ef42-432c-919f-c3474073a743,1319,,"[40.9, 67.5]",3920410,45,,,,,,,,,,,,,,,,,,,,,,,,,1,From Throw In,Edson André Sitoe,3250.0,Right Center Back,74,Mozambique,4978,['ecbd6c4b-57fd-4286-ac34-aed206018df5'],37,,,,,,,,,,,,,,,,Mozambique,4978,00:45:37.112,Ball Receipt*,
,,,,,,,,,,,,,,,,,,,,,,,,,,,,,,,,7572ba63-bf31-4eb0-9c68-155c38d7ea12,1322,,"[36.3, 23.3]",3920410,45,,,,,,,,,,,,,,,,,,,,,,,,,1,From Throw In,Reinildo Isnard Mandava,10848.0,Left Center Back,74,Mozambique,4978,['1dbd1efa-6b1e-45fc-aebe-04cce6cf8286'],40,,,,,,,,,,,,,,,,Mozambique,4978,00:45:40.312,Ball Receipt*,
,,,,,,,,,,,,,,,,,,,,,,,,,,,,,,,,c2ea4833-24e7-4632-b762-7ce040750837,1325,,"[61.9, 19.9]",3920410,45,,,,,,,,,,,,,,,,,,,,,,,,,1,From Throw In,Alfons Amade,23706.0,Right Defensive Midfield,74,Mozambique,4978,['2243d6f1-a0c4-4dd2-b8f5-9b2fb13418ef'],43,,,,,,,,,,,,,,,,Mozambique,4978,00:45:43.112,Ball Receipt*,
,,,,,,,,,,,,,,,,,,,,,,,,,,,,,,,,864b207a-45cc-4056-9d44-a43fc7b6aa73,1329,,"[54.6, 37.7]",3920410,45,,,,,,,,,,,,,,,,,,,,,,,,,1,From Throw In,Feliciano João Jone,129475.0,Left Defensive Midfield,74,Mozambique,4978,['0c760528-f412-4a59-9464-27e9e9a1dc17'],45,,,,,,,,,,,,,,,,Mozambique,4978,00:45:45.752,Ball Receipt*,
,,,,,,,,,,,,,,,,,,,,,,,,,,,,,,,,1a2e3b62-d4ae-448c-bef7-fd4683bfa0b3,1332,,"[70.6, 21.2]",3920410,45,,,,,,,,,,,,,,,,,,,,,,,,,1,From Throw In,Witiness Chimoio João Quembo,10865.0,Left Wing,74,Mozambique,4978,['283e9760-4c43-4b47-82dd-09f075909926'],48,,,,,,,,,,,,,,,,Mozambique,4978,00:45:48.632,Ball Receipt*,
,,,,,,,,,,,,,,,,,,,,,,,,,,,,,,,,52c4f8aa-f72f-44cc-8187-83ab87a5a125,1336,,"[84.6, 0.7]",3920410,45,,,,,,,,,,,,,,,,,,,,,,,,,1,From Throw In,Bruno Alberto Langa,106070.0,Left Back,74,Mozambique,4978,['24d74bde-5c13-493d-aeff-7da36d6e6dd0'],51,,,,,,,,,,,,,,,,Mozambique,4978,00:45:51.352,Ball Receipt*,
,,Incomplete,,,,,,,,,,,,,,,,,,,,,,,,,,,,,,112387fe-f394-4619-a4f7-c99a90bfb970,1339,,"[94.6, 30.3]",3920410,45,,,,,,,,,,,,,,,,,,,,,,,,,1,From Throw In,Geny Cipriano Catamo,127300.0,Right Wing,74,Mozambique,4978,['36f05a8d-f3bd-46dd-b29c-c775065b9146'],54,,,,,,,,,,,,,,,,Mozambique,4978,00:45:54.790,Ball Receipt*,
,,,,,,,,,,,,,,,,,,,,,,,,,,,,,,,,b34f97dd-436f-4dfc-8034-f5252b48a4d3,1342,,"[34.7, 56.1]",3920410,45,,,,,,,,,,,,,,,,,,,,,,,,,1,Regular Play,Joseph Paintsil,16546.0,Right Wing,75,Ghana,4885,"['9d1d0ee0-727d-415d-9d08-2c67132fb4b5', '3d4651c6-fa3b-4413-b2f3-48951affe2e4']",56,,,,,,,,,,,,,,,,Ghana,4885,00:45:56.219,Ball Receipt*,True
,,Incomplete,,,,,,,,,,,,,,,,,,,,,,,,,,,,,,378de50f-79b5-4f67-b550-31de7da4e55c,1349,,"[107.1, 77.8]",3920410,46,,,,,,,,,,,,,,,,,,,,,,,,,1,Regular Play,Antoine Semenyo,9286.0,Center Forward,75,Ghana,4885,['367a3e0d-ff90-4ad4-b97b-ee6f768477b4'],5,,,,,,,,,,,,,,,,Ghana,4885,00:46:05.093,Ball Receipt*,
,,,,,,,,,,,,,,,,,,,,,,,,,,,,,,,,e94810b4-8351-425e-ae30-b1a2471e9ee0,1353,,"[12.2, 44.2]",3920410,46,,,,,,,,,,,,,,,,,,,,,,,,,1,From Free Kick,Edson André Sitoe,3250.0,Right Center Back,76,Mozambique,4978,['3de83cab-e69a-4d05-8f9e-54a685f20f11'],16,,,,,,,,,,,,,,,,Mozambique,4978,00:46:16.505,Ball Receipt*,
,,,,,,,,,,,,,,,,,,,,,,,,,,,,,,,,b9b2d42d-ef67-4759-a240-922c1f9375b2,1355,,"[36.3, 75.3]",3920410,46,,,,,,,,,,,,,,,,,,,,,,,,,1,From Free Kick,Infren David da Conceição Matola,417067.0,Right Back,76,Mozambique,4978,['e67beea2-1e9d-446f-8aad-cf9ab478ecd1'],19,,,,,,,,,,,,,,,,Mozambique,4978,00:46:19.545,Ball Receipt*,
,,,,,,,,,,,,,,,,,,,,,,,,,,,,,,,,35b1b050-3c2c-4135-99fa-6138d6da4576,1358,,"[43.9, 67.5]",3920410,46,,,,,,,,,,,,,,,,,,,,,,,,,1,From Free Kick,Ricardo Martins Guimarães,29482.0,Center Attacking Midfield,76,Mozambique,4978,['6f2e1787-7335-4081-929b-226c4cfb4bb0'],22,,,,,,,,,,,,,,,,Mozambique,4978,00:46:22.065,Ball Receipt*,
,,,,,,,,,,,,,,,,,,,,,,,,,,,,,,,,4a170b3e-20a6-4d2e-8517-ddd17c30c775,1361,,"[68.0, 73.1]",3920410,46,,,,,,,,,,,,,,,,,,,,,,,,,1,From Free Kick,Infren David da Conceição Matola,417067.0,Right Back,76,Mozambique,4978,['d2f45aaa-051b-4ee6-8dbc-086b4a1fca14'],27,,,,,,,,,,,,,,,,Mozambique,4978,00:46:27.741,Ball Receipt*,
,,Incomplete,,,,,,,,,,,,,,,,,,,,,,,,,,,,,,03cda034-0939-4d5c-846e-99aacc342cd6,1365,,"[90.9, 64.2]",3920410,46,,,,,,,,,,,,,,,,,,,,,,,,,1,From Free Kick,Geny Cipriano Catamo,127300.0,Right Wing,76,Mozambique,4978,['cd61560f-fc90-4c70-89f3-47f7da8f4271'],33,,,,,,,,,,,,,,,,Mozambique,4978,00:46:33.378,Ball Receipt*,
,,Incomplete,,,,,,,,,,,,,,,,,,,,,,,,,,,,,,905482e1-bbcc-46b3-851e-4c291569ec79,1382,,"[81.8, 56.8]",3920410,48,,,,,,,,,,,,,,,,,,,,,,,,,1,From Throw In,Witiness Chimoio João Quembo,10865.0,Left Wing,78,Mozambique,4978,['39bb869b-d7a2-4e9d-8f4b-b6b8d2f62ee1'],17,,,,,,,,,,,,,,,,Mozambique,4978,00:48:17.392,Ball Receipt*,
,,Incomplete,,,,,,,,,,,,,,,,,,,,,,,,,,,,,,22276404-4664-4359-bcd1-0d18ce99285e,1386,,"[86.2, 23.3]",3920410,48,,,,,,,,,,,,,,,,,,,,,,,,,1,From Throw In,Denis Odoi,12259.0,Right Back,78,Mozambique,4978,['f071f575-3d3f-4a67-abf7-b9f905e392e5'],28,,,,,,,,,,,,,,,,Ghana,4885,00:48:28.355,Ball Receipt*,
,,,,,,,,,,,,,,,,,,,,,,,,,,,,,,,,0031b5f0-6d64-4f14-984c-d64d2aaf4059,1389,,"[49.3, 60.7]",3920410,48,,,,,,,,,,,,,,,,,,,,,,,,,1,From Throw In,Feliciano João Jone,129475.0,Left Defensive Midfield,78,Mozambique,4978,['21ea3e28-be41-440a-ab45-6b59e54206ce'],30,,,,,,,,,,,,,,,,Mozambique,4978,00:48:30.032,Ball Receipt*,
,,,,,,,,,,,,,,,,,,,,,,,,,,,,,,,,d845fc90-c746-4573-877a-471026fac9ef,1391,,"[46.3, 37.0]",3920410,48,,,,,,,,,,,,,,,,,,,,,,,,,1,From Throw In,Alfons Amade,23706.0,Right Defensive Midfield,78,Mozambique,4978,['26380634-7184-4ebe-84fa-f41cd2ecb321'],31,,,,,,,,,,,,,,,,Mozambique,4978,00:48:31.884,Ball Receipt*,
,,Incomplete,,,,,,,,,,,,,,,,,,,,,,,,,,,,,,51fb58e0-1eb4-4871-921a-9dc4409bd597,1395,,"[66.5, 37.9]",3920410,48,,,,,,,,,,,,,,,,,,,,,,,,,1,From Throw In,Pachoio Lau Há King,106082.0,Center Forward,78,Mozambique,4978,['02a101ad-87ac-43cd-a031-051b3245f032'],34,,,,,,,,,,,,,,,,Mozambique,4978,00:48:34.796,Ball Receipt*,
,,Incomplete,,,,,,,,,,,,,,,,,,,,,,,,,,,,,,e6df679c-97a6-453b-9e01-c0ed63c1ff61,1398,,"[65.5, 47.6]",3920410,48,,,,,,,,,,,,,,,,,,,,,,,,,1,From Throw In,Iddrisu Baba Mohammed,24087.0,Right Defensive Midfield,78,Mozambique,4978,['0d22aeb2-0fc8-4afb-b28b-ff20f6b09ecf'],35,,,,,,,,,,,,,,,,Ghana,4885,00:48:35.960,Ball Receipt*,
,,,,,,,,,,,,,,,,,,,,,,,,,,,,,,,,549006ce-48bc-4317-b8a8-3feb23924dc2,1404,,"[78.2, 48.9]",3920410,48,,,,,,,,,,,,,,,,,,,,,,,,,1,From Counter,Mohammed Kudus,17033.0,Center Attacking Midfield,79,Ghana,4885,['a0f6de4b-cc9c-4718-9012-ffaae656845f'],38,,,,,,,,,,,,,,,,Ghana,4885,00:48:38.983,Ball Receipt*,
,,,,,,,,,,,,,,,,,,,,,,,,,,,,,,,,38ba7e03-1d82-48fd-83a5-aa1890c87ccb,1409,,"[22.2, 48.6]",3920410,49,,,,,,,,,,,,,,,,,,,,,,,,,1,From Goal Kick,Edson André Sitoe,3250.0,Right Center Back,80,Mozambique,4978,['374964c3-a4c4-42a7-bf67-800c706875d2'],3,,,,,,,,,,,,,,,,Mozambique,4978,00:49:03.101,Ball Receipt*,
,,,,,,,,,,,,,,,,,,,,,,,,,,,,,,,,1cbb053c-b9ac-4d27-bfa4-4dafba249b97,1412,,"[32.6, 71.6]",3920410,49,,,,,,,,,,,,,,,,,,,,,,,,,1,From Goal Kick,Infren David da Conceição Matola,417067.0,Right Back,80,Mozambique,4978,['95631741-5a46-4a4f-8fcf-6d70db0472ec'],7,,,,,,,,,,,,,,,,Mozambique,4978,00:49:07.935,Ball Receipt*,
,,,,,,,,,,,,,,,,,,,,,,,,,,,,,,,,66f809c6-8a4c-4225-a7bd-201d8c97729b,1415,,"[31.7, 62.5]",3920410,49,,,,,,,,,,,,,,,,,,,,,,,,,1,From Goal Kick,Edson André Sitoe,3250.0,Right Center Back,80,Mozambique,4978,['81415295-8c1b-4ded-9833-0d9ce0518bd7'],10,,,,,,,,,,,,,,,,Mozambique,4978,00:49:10.834,Ball Receipt*,
,,,,,,,,,,,,,,,,,,,,,,,,,,,,,,,,3e6e8c58-4d72-4afd-b3e0-39373f8621a3,1418,,"[33.9, 24.4]",3920410,49,,,,,,,,,,,,,,,,,,,,,,,,,1,From Goal Kick,Reinildo Isnard Mandava,10848.0,Left Center Back,80,Mozambique,4978,['aabed8ff-73f4-4a0c-bba5-c0d6b3252396'],13,,,,,,,,,,,,,,,,Mozambique,4978,00:49:13.754,Ball Receipt*,
,,Incomplete,,,,,,,,,,,,,,,,,,,,,,,,,,,,,,650d6fe0-881b-4406-bb07-cb5dc276380a,1421,,"[51.1, 24.4]",3920410,49,,,,,,,,,,,,,,,,,,,,,,,,,1,From Goal Kick,Feliciano João Jone,129475.0,Left Defensive Midfield,80,Mozambique,4978,['658f45eb-38a9-4c38-bbd7-b8267b40962f'],16,,,,,,,,,,,,,,,,Mozambique,4978,00:49:16.267,Ball Receipt*,
,,,,,,,,,,,,,,,,,,,,,,,,,,,,,,,,9c92506e-2ead-4299-a6cb-8fe09cea9eef,1426,,"[64.2, 71.5]",3920410,49,,,,,,,,,,,,,,,,,,,,,,,,,1,Regular Play,Joseph Paintsil,16546.0,Right Wing,81,Ghana,4885,['91dc3171-75c1-4d26-aa97-a3df47bce464'],18,,,,,,,,,,,,,,,,Ghana,4885,00:49:18.681,Ball Receipt*,
,,,,,,,,,,,,,,,,,,,,,,,,,,,,,,,,abad27fb-7061-4bc8-b9e1-e506e47f6fb5,1429,,"[62.1, 65.7]",3920410,49,,,,,,,,,,,,,,,,,,,,,,,,,1,Regular Play,Antoine Semenyo,9286.0,Center Forward,81,Ghana,4885,['c4d00550-4c7d-48a6-ac48-9b952779abc6'],20,,,,,,,,,,,,,,,,Ghana,4885,00:49:20.628,Ball Receipt*,
,,,,,,,,,,,,,,,,,,,,,,,,,,,,,,,,a6824796-6c63-4295-ac25-bd463c05c5f3,1431,,"[62.9, 73.1]",3920410,49,,,,,,,,,,,,,,,,,,,,,,,,,1,Regular Play,Joseph Paintsil,16546.0,Right Wing,81,Ghana,4885,['27816a41-e605-433a-adfe-25fc8ff82e2f'],21,,,,,,,,,,,,,,,,Ghana,4885,00:49:21.024,Ball Receipt*,
,,,,,,,,,,,,,,,,,,,,,,,,,,,,,,,,6152d1a6-33b8-4b8e-9dd4-d60ba53e638f,1434,,"[59.0, 65.0]",3920410,49,,,,,,,,,,,,,,,,,,,,,,,,,1,Regular Play,Iddrisu Baba Mohammed,24087.0,Right Defensive Midfield,81,Ghana,4885,['97e2e854-9102-4fe9-9486-e3bb5b2e83ee'],23,,,,,,,,,,,,,,,,Ghana,4885,00:49:23.320,Ball Receipt*,
,,,,,,,,,,,,,,,,,,,,,,,,,,,,,,,,b6afeed2-482f-48f1-ac75-9f360cc47745,1438,,"[66.6, 76.1]",3920410,49,,,,,,,,,,,,,,,,,,,,,,,,,1,Regular Play,Denis Odoi,12259.0,Right Back,81,Ghana,4885,['5cc3a609-8a5f-4583-8451-3e7093802505'],27,,,,,,,,,,,,,,,,Ghana,4885,00:49:27.005,Ball Receipt*,
,,,,,,,,,,,,,,,,,,,,,,,,,,,,,,,,24dd48fe-4e3d-4651-97fa-63871d263503,1441,,"[66.6, 53.5]",3920410,49,,,,,,,,,,,,,,,,,,,,,,,,,1,Regular Play,Salis Abdul Samed,31029.0,Left Defensive Midfield,81,Ghana,4885,['1a9fffb7-247c-4e87-ba4e-484f8a6aa3c9'],30,,,,,,,,,,,,,,,,Ghana,4885,00:49:30.709,Ball Receipt*,
,,,,,,,,,,,,,,,,,,,,,,,,,,,,,,,,6225234c-0740-4996-91d5-891e734762ec,1444,,"[71.2, 7.6]",3920410,49,,,,,,,,,,,,,,,,,,,,,,,,,1,Regular Play,Gideon Mensah,23615.0,Left Back,81,Ghana,4885,['43d4b67e-cc88-4fe3-9770-15b33cf2912f'],34,,,,,,,,,,,,,,,,Ghana,4885,00:49:34.339,Ball Receipt*,
,,,,,,,,,,,,,,,,,,,,,,,,,,,,,,,,f740b69c-98a7-495a-8a40-1a402416e840,1447,,"[105.8, 5.9]",3920410,49,,,,,,,,,,,,,,,,,,,,,,,,,1,Regular Play,Jordan Ayew,3450.0,Left Wing,81,Ghana,4885,['2cc1c0be-eb64-4fa5-a336-06a774864a5f'],38,,,,,,,,,,,,,,,,Ghana,4885,00:49:38.763,Ball Receipt*,
,,,,,,,,,,,,,,,,,,,,,,,,,,,,,,,,3a75296c-f224-4de2-a4d2-f73b167b484c,1450,,"[94.2, 6.3]",3920410,49,,,,,,,,,,,,,,,,,,,,,,,,,1,Regular Play,Gideon Mensah,23615.0,Left Back,81,Ghana,4885,['e1b24ea2-6a6c-423a-bfa6-c02c87523bbf'],41,,,,,,,,,,,,,,,,Ghana,4885,00:49:41.311,Ball Receipt*,
,,,,,,,,,,,,,,,,,,,,,,,,,,,,,,,,9c69115d-120b-4633-8570-6f8a7bbfa4d2,1453,,"[106.6, 6.3]",3920410,49,,,,,,,,,,,,,,,,,,,,,,,,,1,Regular Play,Jordan Ayew,3450.0,Left Wing,81,Ghana,4885,['7cda6c02-517d-4f8d-a98f-90ad530d5771'],42,,,,,,,,,,,,,,,,Ghana,4885,00:49:42.808,Ball Receipt*,
,,,,,,,,,,,,,,,,,,,,,,,,,,,,,,,,36fa8667-80db-44af-8969-29f926ec2997,1456,,"[112.5, 11.7]",3920410,49,,,,,,,,,,,,,,,,,,,,,,,,,1,Regular Play,Gideon Mensah,23615.0,Left Back,81,Ghana,4885,['ea984dc9-2ba9-4c3e-872f-7530d90349b1'],44,,,,,,,,,,,,,,,,Ghana,4885,00:49:44.648,Ball Receipt*,
,,Incomplete,,,,,,,,,,,,,,,,,,,,,,,,,,,,,,f5562854-ca40-4a88-8355-cc55018cf06e,1459,,"[100.8, 45.7]",3920410,49,,,,,,,,,,,,,,,,,,,,,,,,,1,Regular Play,Mohammed Kudus,17033.0,Center Attacking Midfield,81,Ghana,4885,['ccac6f30-51f3-460a-af18-334fbe2762d2'],47,,,,,,,,,,,,,,,,Ghana,4885,00:49:47.355,Ball Receipt*,
,,,,,,,,,,,,,,,,,,,,,,,,,,,,,,,,040cb8e7-4f52-4356-b97f-39f40ec67e24,1470,,"[47.8, 33.7]",3920410,45,,,,,,,,,,,,,,,,,,,,,,,,,2,From Kick Off,Salis Abdul Samed,31029.0,Left Defensive Midfield,82,Ghana,4885,['9d81d595-e7f1-4861-b775-57f4647841dd'],2,,,,,,,,,,,,,,,,Ghana,4885,00:00:02.421,Ball Receipt*,
,,,,,,,,,,,,,,,,,,,,,,,,,,,,,,,,554c14fd-7812-47ef-b423-96ed1a4baca0,1474,,"[55.4, 48.1]",3920410,45,,,,,,,,,,,,,,,,,,,,,,,,,2,From Kick Off,Mohammed Kudus,17033.0,Center Attacking Midfield,82,Ghana,4885,"['ea394955-2552-46e3-a7c2-1a5b8a3f9fec', '85c0b439-f673-442a-a3e3-1b2e772c5adf']",4,,,,,,,,,,,,,,,,Ghana,4885,00:00:04.407,Ball Receipt*,True
,,,,,,,,,,,,,,,,,,,,,,,,,,,,,,,,7b330677-edb6-43b4-b2fa-47dd916ca330,1476,,"[44.2, 61.3]",3920410,45,,,,,,,,,,,,,,,,,,,,,,,,,2,From Kick Off,Iddrisu Baba Mohammed,24087.0,Right Defensive Midfield,82,Ghana,4885,['b59ffa0e-b3fd-497b-b0b5-dbcc4a0c154f'],5,,,,,,,,,,,,,,,,Ghana,4885,00:00:05.819,Ball Receipt*,
,,,,,,,,,,,,,,,,,,,,,,,,,,,,,,,,f2ba44fd-a967-4d73-8e07-47acda268892,1478,,"[40.0, 69.0]",3920410,45,,,,,,,,,,,,,,,,,,,,,,,,,2,From Kick Off,Denis Odoi,12259.0,Right Back,82,Ghana,4885,['67b12ad1-065a-4b02-8bdf-4ab78402d19a'],7,,,,,,,,,,,,,,,,Ghana,4885,00:00:07.050,Ball Receipt*,
,,,,,,,,,,,,,,,,,,,,,,,,,,,,,,,,378bf94a-29b0-4d02-aa76-0038f93e1fe4,1482,,"[91.3, 72.9]",3920410,45,,,,,,,,,,,,,,,,,,,,,,,,,2,From Kick Off,André Ayew Pelé,3347.0,Center Forward,82,Ghana,4885,"['94801758-8e83-4fb8-9b22-cd7f9a01562d', '5158e929-b36f-455e-a740-da5d87cfb62e']",11,,,,,,,,,,,,,,,,Ghana,4885,00:00:11.277,Ball Receipt*,True
,,,,,,,,,,,,,,,,,,,,,,,,,,,,,,,,78b7b20c-607f-40e7-8508-bf363480bb45,1485,,"[84.2, 69.3]",3920410,45,,,,,,,,,,,,,,,,,,,,,,,,,2,From Kick Off,Mohammed Kudus,17033.0,Center Attacking Midfield,82,Ghana,4885,['29ea320d-1b7d-4dd3-936a-b08ae981d6d3'],13,,,,,,,,,,,,,,,,Ghana,4885,00:00:13.208,Ball Receipt*,
,,,,,,,,,,,,,,,,,,,,,,,,,,,,,,,,fe8b869d-99ed-4b44-a9d6-e6bd138159f6,1488,,"[84.4, 37.5]",3920410,45,,,,,,,,,,,,,,,,,,,,,,,,,2,From Kick Off,Jordan Ayew,3450.0,Left Wing,82,Ghana,4885,['d88e2f26-726a-469d-ac6a-c29b4b64fff4'],16,,,,,,,,,,,,,,,,Ghana,4885,00:00:16.812,Ball Receipt*,
,,Incomplete,,,,,,,,,,,,,,,,,,,,,,,,,,,,,,30fe9548-d2e6-4bad-8c87-088ede308f2a,1491,,"[97.8, 50.4]",3920410,45,,,,,,,,,,,,,,,,,,,,,,,,,2,From Kick Off,Mohammed Kudus,17033.0,Center Attacking Midfield,82,Ghana,4885,['89402370-7c25-43a2-8974-3c4223bc8462'],18,,,,,,,,,,,,,,,,Ghana,4885,00:00:18.793,Ball Receipt*,
,,,,,,,,,,,,,,,,,,,,,,,,,,,,,,,,eef29a12-a4bd-4947-94f5-ba9f0314e539,1505,,"[43.5, 19.9]",3920410,45,,,,,,,,,,,,,,,,,,,,,,,,,2,From Free Kick,Bruno Alberto Langa,106070.0,Left Back,84,Mozambique,4978,['92ec5cf4-b67c-4018-84e3-e6388c382458'],39,,,,,,,,,,,,,,,,Mozambique,4978,00:00:39.342,Ball Receipt*,
,,,,,,,,,,,,,,,,,,,,,,,,,,,,,,,,1f9fd3b5-d039-4134-8657-277467b9e7d8,1509,,"[77.7, 13.0]",3920410,46,,,,,,,,,,,,,,,,,,,,,,,,,2,From Free Kick,Bruno Alberto Langa,106070.0,Left Back,85,Mozambique,4978,['52d26cdb-df8d-4490-8d1a-1aef36f0d022'],21,,,,,,,,,,,,,,,,Mozambique,4978,00:01:21.490,Ball Receipt*,
,,,,,,,,,,,,,,,,,,,,,,,,,,,,,,,,af4d5c75-1ba8-4295-a309-f1ef8271c2e3,1511,,"[95.8, 11.8]",3920410,46,,,,,,,,,,,,,,,,,,,,,,,,,2,From Free Kick,Alfons Amade,23706.0,Right Defensive Midfield,85,Mozambique,4978,['967bb84a-ea4e-4f95-afa7-183a601a8c16'],23,,,,,,,,,,,,,,,,Mozambique,4978,00:01:23.466,Ball Receipt*,
,,,,,,,,,,,,,,,,,,,,,,,,,,,,,,,,e124ca9b-44de-4b83-bda3-b2f094c58a0f,1516,,"[70.9, 11.6]",3920410,46,,,,,,,,,,,,,,,,,,,,,,,,,2,From Free Kick,Reinildo Isnard Mandava,10848.0,Left Center Back,85,Mozambique,4978,['9a2cfce2-2358-4a09-a3af-545399a791fd'],28,,,,,,,,,,,,,,,,Mozambique,4978,00:01:28.592,Ball Receipt*,
,,,,,,,,,,,,,,,,,,,,,,,,,,,,,,,,2f22a950-70aa-4255-af0a-db747a701cf9,1519,,"[84.9, 6.7]",3920410,46,,,,,,,,,,,,,,,,,,,,,,,,,2,From Free Kick,Witiness Chimoio João Quembo,10865.0,Left Wing,85,Mozambique,4978,['6f7af7f8-b1ea-4f4a-bfc9-e1e0744ab92f'],30,,,,,,,,,,,,,,,,Mozambique,4978,00:01:30.187,Ball Receipt*,
,,,,,,,,,,,,,,,,,,,,,,,,,,,,,,,,ce960d91-3cce-4c60-9d7a-c2f0b45ecbbf,1522,,"[91.6, 11.6]",3920410,46,,,,,,,,,,,,,,,,,,,,,,,,,2,From Free Kick,Bruno Alberto Langa,106070.0,Left Back,85,Mozambique,4978,"['e49b5a79-76d9-4758-9b87-ebfa399c7069', '14c09ae8-6a31-4187-8c39-f0e1acd99d22']",30,,,,,,,,,,,,,,,,Mozambique,4978,00:01:30.975,Ball Receipt*,True
,,Incomplete,,,,,,,,,,,,,,,,,,,,,,,,,,,,,,7673e203-8a4b-4320-952b-d7d945bf26cc,1525,,"[110.1, 13.0]",3920410,46,,,,,,,,,,,,,,,,,,,,,,,,,2,From Free Kick,Witiness Chimoio João Quembo,10865.0,Left Wing,85,Mozambique,4978,['09f22d20-c0aa-48dd-bf8e-dc1f559c57d4'],34,,,,,,,,,,,,,,,,Mozambique,4978,00:01:34.623,Ball Receipt*,
,,Incomplete,,,,,,,,,,,,,,,,,,,,,,,,,,,,,,afdc3ce5-daf4-48ce-bff0-7f20d2a0af1c,1529,,"[9.6, 77.2]",3920410,46,,,,,,,,,,,,,,,,,,,,,,,,,2,From Free Kick,Denis Odoi,12259.0,Right Back,85,Mozambique,4978,['2cb1a5cc-f9a4-4092-98bd-b65dd568b098'],37,,,,,,,,,,,,,,,,Ghana,4885,00:01:37.493,Ball Receipt*,
,,,,,,,,,,,,,,,,,,,,,,,,,,,,,,,,553ba7c0-3764-4f0c-88b0-4b71a6c36414,1532,,"[114.9, 23.9]",3920410,46,,,,,,,,,,,,,,,,,,,,,,,,,2,From Throw In,Pachoio Lau Há King,106082.0,Center Forward,86,Mozambique,4978,"['dab57bbb-5b57-4107-b825-8020cab36c73', '43318f7a-ef2b-4a91-99d2-30b19b437689']",46,,,,,,,,,,,,,,,,Mozambique,4978,00:01:46.758,Ball Receipt*,True
,,,,,,,,,,,,,,,,,,,,,,,,,,,,,,,,d0f46819-b540-4c3e-84c5-a38522f15f38,1535,,"[99.2, 31.3]",3920410,46,,,,,,,,,,,,,,,,,,,,,,,,,2,From Throw In,Witiness Chimoio João Quembo,10865.0,Left Wing,86,Mozambique,4978,['d54e5571-3815-4d09-be18-035994c4cac1'],49,,,,,,,,,,,,,,,,Mozambique,4978,00:01:49.402,Ball Receipt*,
,,,,,,,,,,,,,,,,,,,,,,,,,,,,,,,,06d7ad11-b71d-4ecc-8090-b98f7d4ca227,1538,,"[84.7, 62.0]",3920410,46,,,,,,,,,,,,,,,,,,,,,,,,,2,From Throw In,Infren David da Conceição Matola,417067.0,Right Back,86,Mozambique,4978,['0c2106cb-7748-4e8c-a146-a276e31bfbd2'],53,,,,,,,,,,,,,,,,Mozambique,4978,00:01:53.704,Ball Receipt*,
,,,,,,,,,,,,,,,,,,,,,,,,,,,,,,,,bf07304c-e0aa-4dcd-a013-afa5f36f1f6c,1541,,"[92.0, 72.4]",3920410,46,,,,,,,,,,,,,,,,,,,,,,,,,2,From Throw In,Geny Cipriano Catamo,127300.0,Right Wing,86,Mozambique,4978,['2f429db7-71a0-4a94-8f50-121b6e3de2d1'],54,,,,,,,,,,,,,,,,Mozambique,4978,00:01:54.725,Ball Receipt*,
,,,,,,,,,,,,,,,,,,,,,,,,,,,,,,,,5107fe60-f62b-457b-92db-935e567233ee,1544,,"[110.5, 57.9]",3920410,46,,,,,,,,,,,,,,,,,,,,,,,,,2,From Throw In,Ricardo Martins Guimarães,29482.0,Center Attacking Midfield,86,Mozambique,4978,['00e71d6d-43ae-4dcb-9532-892924683c5f'],58,,,,,,,,,,,,,,,,Mozambique,4978,00:01:58.541,Ball Receipt*,
,,,,,,,,,,,,,,,,,,,,,,,,,,,,,,,,b76a52ea-4035-4e62-af1f-00628d78bb73,1552,,"[115.6, 64.5]",3920410,47,,,,,,,,,,,,,,,,,,,,,,,,,2,From Throw In,Infren David da Conceição Matola,417067.0,Right Back,86,Mozambique,4978,['a49f7bf2-204e-473e-9446-c0dfc4ab79b7'],3,,,,,,,,,,,,,,,,Mozambique,4978,00:02:03.663,Ball Receipt*,
,,Incomplete,,,,,,,,,,,,,,,,,,,,,,,,,,,,,,49a74744-9a0a-409a-b0d8-74322bf464db,1554,,"[116.2, 41.2]",3920410,47,,,,,,,,,,,,,,,,,,,,,,,,,2,From Throw In,Pachoio Lau Há King,106082.0,Center Forward,86,Mozambique,4978,['1ebc429e-2ea5-4f90-9999-ee6147d770b0'],4,,,,,,,,,,,,,,,,Mozambique,4978,00:02:04.460,Ball Receipt*,
,,,,,,,,,,,,,,,,,,,,,,,,,,,,,,,,4b2c78c2-e71a-485a-8ddb-e502b0e14b85,1558,,"[104.1, 12.0]",3920410,47,,,,,,,,,,,,,,,,,,,,,,,,,2,From Throw In,Witiness Chimoio João Quembo,10865.0,Left Wing,86,Mozambique,4978,['378ad108-b9bb-4d25-9cf2-d48ee8718c28'],9,,,,,,,,,,,,,,,,Mozambique,4978,00:02:09.419,Ball Receipt*,
,,,,,,,,,,,,,,,,,,,,,,,,,,,,,,,,ad25a019-490c-48b5-83d2-4c266aeeff6d,1561,,"[110.5, 39.7]",3920410,47,,,,,,,,,,,,,,,,,,,,,,,,,2,From Throw In,Pachoio Lau Há King,106082.0,Center Forward,86,Mozambique,4978,['cfe37044-b1e8-4b20-b047-d8cbf3170b31'],12,,,,,,,,,,,,,,,,Mozambique,4978,00:02:12.044,Ball Receipt*,
,,,,,,,,,,,,,,,,,,,,,,,,,,,,,,,,74c9ed8f-754f-4810-bac3-30477df4e73b,1566,,"[55.0, 70.4]",3920410,47,,,,,,,,,,,,,,,,,,,,,,,,,2,From Goal Kick,André Ayew Pelé,3347.0,Center Forward,87,Ghana,4885,['5cc3ef6f-6ab7-4997-bf2a-08f60fbc9f6c'],54,,,,,,,,,,,,,,,,Ghana,4885,00:02:54.203,Ball Receipt*,
,,Incomplete,,,,,,,,,,,,,,,,,,,,,,,,,,,,,,a1c36ab3-4b73-47b5-8e74-17eaf2ad88c5,1569,,"[63.5, 64.7]",3920410,47,,,,,,,,,,,,,,,,,,,,,,,,,2,From Goal Kick,Salis Abdul Samed,31029.0,Left Defensive Midfield,87,Ghana,4885,['6a1f8bb5-fa8f-43e5-af30-704629d34b2e'],55,,,,,,,,,,,,,,,,Ghana,4885,00:02:55.424,Ball Receipt*,
,,,,,,,,,,,,,,,,,,,,,,,,,,,,,,,,1024f4b3-d9f9-4a1e-aeb9-a809b0f04105,1577,,"[41.7, 46.6]",3920410,48,,,,,,,,,,,,,,,,,,,,,,,,,2,From Free Kick,Feliciano João Jone,129475.0,Left Defensive Midfield,88,Mozambique,4978,['05029083-bc66-4078-a9ad-1768cb71b847'],29,,,,,,,,,,,,,,,,Mozambique,4978,00:03:29.679,Ball Receipt*,
,,,,,,,,,,,,,,,,,,,,,,,,,,,,,,,,da1c1dbc-a923-4d59-83cd-35aa68c8e731,1579,,"[49.1, 75.6]",3920410,48,,,,,,,,,,,,,,,,,,,,,,,,,2,From Free Kick,Infren David da Conceição Matola,417067.0,Right Back,88,Mozambique,4978,['57c457a6-123e-4bb0-afad-bd497bde6fbe'],33,,,,,,,,,,,,,,,,Mozambique,4978,00:03:33.560,Ball Receipt*,
,,,,,,,,,,,,,,,,,,,,,,,,,,,,,,,,b841497a-6d24-4775-bfc3-fdc688041a92,1582,,"[64.7, 77.8]",3920410,48,,,,,,,,,,,,,,,,,,,,,,,,,2,From Free Kick,Geny Cipriano Catamo,127300.0,Right Wing,88,Mozambique,4978,"['967fa1d2-6dd4-42c5-af96-b766f006a343', '65697750-de62-41a5-bad3-21f15185f79b']",35,,,,,,,,,,,,,,,,Mozambique,4978,00:03:35.611,Ball Receipt*,True
,,,,,,,,,,,,,,,,,,,,,,,,,,,,,,,,6fa00c2a-05e5-40d7-a6a4-8df5c5b98823,1587,,"[36.9, 57.5]",3920410,48,,,,,,,,,,,,,,,,,,,,,,,,,2,From Free Kick,Feliciano João Jone,129475.0,Left Defensive Midfield,89,Mozambique,4978,['669e3dfb-af51-4a89-a54b-2b75ea38422f'],47,,,,,,,,,,,,,,,,Mozambique,4978,00:03:47.722,Ball Receipt*,
,,,,,,,,,,,,,,,,,,,,,,,,,,,,,,,,f6ae0be2-6c3a-4f1e-b96b-34f4198e53f9,1589,,"[34.8, 29.6]",3920410,48,,,,,,,,,,,,,,,,,,,,,,,,,2,From Free Kick,Edson André Sitoe,3250.0,Right Center Back,89,Mozambique,4978,['f5ba020c-f4be-46ef-9d31-8b0fe648a6c6'],49,,,,,,,,,,,,,,,,Mozambique,4978,00:03:49.428,Ball Receipt*,
,,,,,,,,,,,,,,,,,,,,,,,,,,,,,,,,39952fad-d0f8-43f6-b743-04fb4c7ed971,1591,,"[42.4, 8.6]",3920410,48,,,,,,,,,,,,,,,,,,,,,,,,,2,From Free Kick,Reinildo Isnard Mandava,10848.0,Left Center Back,89,Mozambique,4978,['97fd42dd-17c5-437e-8756-d55c973daf48'],51,,,,,,,,,,,,,,,,Mozambique,4978,00:03:51.557,Ball Receipt*,
,,,,,,,,,,,,,,,,,,,,,,,,,,,,,,,,1f9fa9f5-44c6-4b5b-998f-955e29c3309f,1594,,"[63.3, 4.6]",3920410,48,,,,,,,,,,,,,,,,,,,,,,,,,2,From Free Kick,Bruno Alberto Langa,106070.0,Left Back,89,Mozambique,4978,['a4ee6644-a5bc-436c-b0c8-e5ae7a684141'],54,,,,,,,,,,,,,,,,Mozambique,4978,00:03:54.001,Ball Receipt*,
,,,,,,,,,,,,,,,,,,,,,,,,,,,,,,,,c1ab6cb3-b26b-45bb-b555-674052defef4,1599,,"[108.0, 23.9]",3920410,48,,,,,,,,,,,,,,,,,,,,,,,,,2,From Free Kick,Pachoio Lau Há King,106082.0,Center Forward,89,Mozambique,4978,"['a6562dab-547c-4528-8f91-c344cb41bd45', '19fdc638-b8e8-4ad6-a5aa-92d315f3cc1a']",58,,,,,,,,,,,,,,,,Mozambique,4978,00:03:58.517,Ball Receipt*,True
,,,,,,,,,,,,,,,,,,,,,,,,,,,,,,,,e240ebd2-54b3-4605-a0d0-35c763fab94a,1603,,"[103.7, 36.2]",3920410,49,,,,,,,,,,,,,,,,,,,,,,,,,2,From Free Kick,Bruno Alberto Langa,106070.0,Left Back,89,Mozambique,4978,['e92d5303-0ba1-4b3b-80ee-5798b9a73037'],1,,,,,,,,,,,,,,,,Mozambique,4978,00:04:01.293,Ball Receipt*,
,,,,,,,,,,,,,,,,,,,,,,,,,,,,,,,,81f9bfd0-b5f7-48e5-8b1d-ef470501b4d1,1609,,"[84.0, 70.4]",3920410,49,,,,,,,,,,,,,,,,,,,,,,,,,2,From Free Kick,André Ayew Pelé,3347.0,Center Forward,90,Ghana,4885,['f340d26a-0602-426c-99d2-d29e14574e9d'],42,,,,,,,,,,,,,,,,Ghana,4885,00:04:42.262,Ball Receipt*,
,,Incomplete,,,,,,,,,,,,,,,,,,,,,,,,,,,,,,e932c564-1b22-49b2-8a3d-43742e150536,1612,,"[91.9, 59.6]",3920410,49,,,,,,,,,,,,,,,,,,,,,,,,,2,From Free Kick,Antoine Semenyo,9286.0,Right Wing,90,Ghana,4885,['68ae465f-24d3-406b-823c-81af3fc8e90e'],44,,,,,,,,,,,,,,,,Ghana,4885,00:04:44.414,Ball Receipt*,
,,,,,,,,,,,,,,,,,,,,,,,,,,,,,,,,436338b2-07b4-4c81-a398-62f3390c3165,1616,,"[38.5, 12.5]",3920410,50,,,,,,,,,,,,,,,,,,,,,,,,,2,From Free Kick,Bruno Alberto Langa,106070.0,Left Back,91,Mozambique,4978,['ec08f74b-bc09-4472-add1-ff071aa25acb'],15,,,,,,,,,,,,,,,,Mozambique,4978,00:05:15.854,Ball Receipt*,
,,Incomplete,,,,,,,,,,,,,,,,,,,,,,,,,,,,,,1b5b0d97-1eea-46a6-8424-7d084b87d5ff,1621,,"[79.0, 69.5]",3920410,50,,,,,,,,,,,,,,,,,,,,,,,,,2,Regular Play,Mohammed Kudus,17033.0,Center Attacking Midfield,92,Ghana,4885,"['83633f3d-d41c-4b6d-909f-2e0e221ee28e', 'd1ed710a-f63d-4da1-84be-d799a6da3b9e']",20,,,,,,,,,,,,,,,,Ghana,4885,00:05:20.521,Ball Receipt*,True
,,,,,,,,,,,,,,,,,,,,,,,,,,,,,,,,e667e972-5b28-4d23-850c-8b91283dd9ad,1624,,"[99.2, 74.3]",3920410,50,,,,,,,,,,,,,,,,,,,,,,,,,2,From Throw In,André Ayew Pelé,3347.0,Center Forward,93,Ghana,4885,['b84f58dd-eb85-48ac-9a7c-3f8cba1afdc8'],45,,,,,,,,,,,,,,,,Ghana,4885,00:05:45.825,Ball Receipt*,
,,,,,,,,,,,,,,,,,,,,,,,,,,,,,,,,c2215c0b-76bc-4c72-9f76-072535a17108,1627,,"[84.6, 70.4]",3920410,50,,,,,,,,,,,,,,,,,,,,,,,,,2,From Throw In,Iddrisu Baba Mohammed,24087.0,Right Defensive Midfield,93,Ghana,4885,['7f57203c-d253-40b1-b7e1-ea959f1100a0'],49,,,,,,,,,,,,,,,,Ghana,4885,00:05:49.642,Ball Receipt*,
,,Incomplete,,,,,,,,,,,,,,,,,,,,,,,,,,,,,,4aa37520-bd6e-4860-a4af-c3d4f99a0b7e,1630,,"[99.7, 77.7]",3920410,50,,,,,,,,,,,,,,,,,,,,,,,,,2,From Throw In,Denis Odoi,12259.0,Right Back,93,Ghana,4885,['8f68dc31-d2d9-4e29-9e68-cdff752d6a14'],52,,,,,,,,,,,,,,,,Ghana,4885,00:05:52.191,Ball Receipt*,
,,Incomplete,,,,,,,,,,,,,,,,,,,,,,,,,,,,,,f68f690f-63fa-4fab-856f-a8e93b442d66,1633,,"[107.2, 65.5]",3920410,51,,,,,,,,,,,,,,,,,,,,,,,,,2,From Throw In,Antoine Semenyo,9286.0,Right Wing,94,Ghana,4885,['93f12f6c-265b-4ca0-bcf5-b47a0c162a46'],7,,,,,,,,,,,,,,,,Ghana,4885,00:06:07.500,Ball Receipt*,
,,,,,,,,,,,,,,,,,,,,,,,,,,,,,,,,3b6d7946-d9cb-4e0e-9a18-fe3a17cd55d9,1636,,"[15.6, 5.8]",3920410,51,,,,,,,,,,,,,,,,,,,,,,,,,2,From Throw In,Witiness Chimoio João Quembo,10865.0,Left Wing,94,Ghana,4885,"['fed98e8d-db80-446d-b365-c208da8e9447', '25f37f2c-7de1-4b49-956c-d06f51826dda']",8,,,,,,,,,,,,,,,,Mozambique,4978,00:06:08.555,Ball Receipt*,True
,,Incomplete,,,,,,,,,,,,,,,,,,,,,,,,,,,,,,d3169938-2ad8-4249-87ef-a8d5fed5e995,1638,,"[40.4, 19.6]",3920410,51,,,,,,,,,,,,,,,,,,,,,,,,,2,From Throw In,Pachoio Lau Há King,106082.0,Center Forward,94,Ghana,4885,['6c0722e0-978a-4cfa-887f-a5d8107f58ea'],10,,,,,,,,,,,,,,,,Mozambique,4978,00:06:10.318,Ball Receipt*,
,,,,,,,,,,,,,,,,,,,,,,,,,,,,,,,,991181aa-067c-4b27-aaef-49d4b49fa232,1640,,"[74.9, 69.0]",3920410,51,,,,,,,,,,,,,,,,,,,,,,,,,2,From Throw In,Alexander Djiku,2989.0,Right Center Back,94,Ghana,4885,['efaac25c-cc9f-463c-8ce3-110fde40bc29'],10,,,,,,,,,,,,,,,,Ghana,4885,00:06:10.691,Ball Receipt*,
,,,,,,,,,,,,,,,,,,,,,,,,,,,,,,,,f9b015e8-cfe2-4b51-b5b8-177c4bc015cf,1645,,"[56.8, 58.1]",3920410,51,,,,,,,,,,,,,,,,,,,,,,,,,2,From Throw In,Mohamed Salisu,30519.0,Left Center Back,94,Ghana,4885,['1f93fb4b-480e-4421-9091-c51db2cfdeb5'],14,,,,,,,,,,,,,,,,Ghana,4885,00:06:14.919,Ball Receipt*,
,,,,,,,,,,,,,,,,,,,,,,,,,,,,,,,,f44440be-48d7-4a93-97c9-e7f1f975102c,1648,,"[63.1, 74.8]",3920410,51,,,,,,,,,,,,,,,,,,,,,,,,,2,From Throw In,Alexander Djiku,2989.0,Right Center Back,94,Ghana,4885,['acee7b53-7307-418a-b0cf-2f744a0da2f7'],15,,,,,,,,,,,,,,,,Ghana,4885,00:06:15.985,Ball Receipt*,
,,,,,,,,,,,,,,,,,,,,,,,,,,,,,,,,56f5d465-0a3a-4820-94a3-1dde3c7b4276,1652,,"[64.9, 69.3]",3920410,51,,,,,,,,,,,,,,,,,,,,,,,,,2,From Throw In,Iddrisu Baba Mohammed,24087.0,Right Defensive Midfield,94,Ghana,4885,"['dd80b5e8-f356-4aca-937e-bd33a46b4fef', '90bbc256-d5ce-47d1-af0e-94489ada268d']",17,,,,,,,,,,,,,,,,Ghana,4885,00:06:17.825,Ball Receipt*,True
,,,,,,,,,,,,,,,,,,,,,,,,,,,,,,,,a9ec9904-d1a8-4e7a-ad55-a88f37c21851,1655,,"[71.6, 76.6]",3920410,51,,,,,,,,,,,,,,,,,,,,,,,,,2,From Throw In,Denis Odoi,12259.0,Right Back,94,Ghana,4885,['264272a0-fdf8-4fdf-8a4a-2317e7a269db'],18,,,,,,,,,,,,,,,,Ghana,4885,00:06:18.683,Ball Receipt*,
,,,,,,,,,,,,,,,,,,,,,,,,,,,,,,,,a371a5d7-a009-4fe2-8752-8c93fed9a39e,1657,,"[79.8, 65.8]",3920410,51,,,,,,,,,,,,,,,,,,,,,,,,,2,From Throw In,Mohammed Kudus,17033.0,Center Attacking Midfield,94,Ghana,4885,['3bc35307-c491-4eb1-9119-722ce7fd03cd'],20,,,,,,,,,,,,,,,,Ghana,4885,00:06:20.293,Ball Receipt*,
,,,,,,,,,,,,,,,,,,,,,,,,,,,,,,,,97f7aa51-7d30-445a-a11f-96c02b5663fd,1660,,"[79.7, 47.6]",3920410,51,,,,,,,,,,,,,,,,,,,,,,,,,2,From Throw In,Salis Abdul Samed,31029.0,Left Defensive Midfield,94,Ghana,4885,['5e3e2dcb-fddd-41bd-b8c5-22759c47e8c5'],27,,,,,,,,,,,,,,,,Ghana,4885,00:06:27.012,Ball Receipt*,
,,,,,,,,,,,,,,,,,,,,,,,,,,,,,,,,56efaa4f-b89e-4298-86d8-1826e6985e2a,1663,,"[85.3, 10.0]",3920410,51,,,,,,,,,,,,,,,,,,,,,,,,,2,From Throw In,Gideon Mensah,23615.0,Left Back,94,Ghana,4885,['99cb7dfc-3e37-4ac4-bc1c-8af709398022'],30,,,,,,,,,,,,,,,,Ghana,4885,00:06:30.123,Ball Receipt*,
,,,,,,,,,,,,,,,,,,,,,,,,,,,,,,,,893f5f3e-83c1-4094-8963-a8bafea0413e,1666,,"[104.5, 9.3]",3920410,51,,,,,,,,,,,,,,,,,,,,,,,,,2,From Throw In,Jordan Ayew,3450.0,Left Wing,94,Ghana,4885,['b8a532c1-1e18-40c6-81a0-24906bdd74c4'],33,,,,,,,,,,,,,,,,Ghana,4885,00:06:33.050,Ball Receipt*,
,,,,,,,,,,,,,,,,,,,,,,,,,,,,,,,,7a7352f1-d8c7-4c31-a9f3-edd96406ba0d,1670,,"[92.7, 0.9]",3920410,51,,,,,,,,,,,,,,,,,,,,,,,,,2,From Throw In,Gideon Mensah,23615.0,Left Back,94,Ghana,4885,['152f55a7-d6f5-4987-a419-e719963659cc'],37,,,,,,,,,,,,,,,,Ghana,4885,00:06:37.246,Ball Receipt*,
,,,,,,,,,,,,,,,,,,,,,,,,,,,,,,,,355a0b1e-4a3a-4698-8ef6-133caea68001,1673,,"[97.9, 11.0]",3920410,51,,,,,,,,,,,,,,,,,,,,,,,,,2,From Throw In,Salis Abdul Samed,31029.0,Left Defensive Midfield,94,Ghana,4885,['dac3545f-d40e-4f09-8eb7-6e0285fdf885'],38,,,,,,,,,,,,,,,,Ghana,4885,00:06:38.383,Ball Receipt*,
,,,,,,,,,,,,,,,,,,,,,,,,,,,,,,,,823c11db-4d80-4ab1-9f24-3e048f0333d5,1677,,"[84.9, 5.1]",3920410,51,,,,,,,,,,,,,,,,,,,,,,,,,2,From Throw In,Gideon Mensah,23615.0,Left Back,94,Ghana,4885,['15a6adb5-213d-4dbd-925c-fcf74a89d906'],40,,,,,,,,,,,,,,,,Ghana,4885,00:06:40.842,Ball Receipt*,
,,,,,,,,,,,,,,,,,,,,,,,,,,,,,,,,0d5cb8f1-8e50-4013-8c34-1bc2ca2b73e7,1681,,"[74.4, 23.0]",3920410,51,,,,,,,,,,,,,,,,,,,,,,,,,2,From Throw In,Iddrisu Baba Mohammed,24087.0,Right Defensive Midfield,94,Ghana,4885,['b96a074b-2c9c-495b-af33-1393a720783b'],43,,,,,,,,,,,,,,,,Ghana,4885,00:06:43.985,Ball Receipt*,
,,,,,,,,,,,,,,,,,,,,,,,,,,,,,,,,1a77690a-b40a-4ce5-958a-e02bcd194d0b,1684,,"[84.2, 67.2]",3920410,51,,,,,,,,,,,,,,,,,,,,,,,,,2,From Throw In,Denis Odoi,12259.0,Right Back,94,Ghana,4885,['0160727d-ec47-4f9c-8d93-07d962dd135b'],48,,,,,,,,,,,,,,,,Ghana,4885,00:06:48.216,Ball Receipt*,
,,,,,,,,,,,,,,,,,,,,,,,,,,,,,,,,27a84c19-587e-4045-8abd-9d9a32ce53ef,1687,,"[84.2, 65.5]",3920410,51,,,,,,,,,,,,,,,,,,,,,,,,,2,From Throw In,Antoine Semenyo,9286.0,Right Wing,94,Ghana,4885,['8e96f0fa-2437-4abd-9242-e07d0ac7dec3'],50,,,,,,,,,,,,,,,,Ghana,4885,00:06:50.261,Ball Receipt*,
,,Incomplete,,,,,,,,,,,,,,,,,,,,,,,,,,,,,,f72ffd54-19e0-41e2-a39c-e4128a7a031d,1692,,"[113.2, 51.4]",3920410,51,,,,,,,,,,,,,,,,,,,,,,,,,2,From Throw In,André Ayew Pelé,3347.0,Center Forward,94,Ghana,4885,['a0fe1928-361c-4686-aa0c-a0155f909af9'],56,,,,,,,,,,,,,,,,Ghana,4885,00:06:56.814,Ball Receipt*,
,,,,,,,,,,,,,,,,,,,,,,,,,,,,,,,,c73c9433-06ac-449b-ba2b-e6574be994b9,1695,,"[6.6, 24.8]",3920410,52,,,,,,,,,,,,,,,,,,,,,,,,,2,Regular Play,Reinildo Isnard Mandava,10848.0,Left Center Back,95,Mozambique,4978,['4dc45035-bbac-415e-8e7c-f31ac80eea3a'],3,,,,,,,,,,,,,,,,Mozambique,4978,00:07:03.912,Ball Receipt*,
,,,,,,,,,,,,,,,,,,,,,,,,,,,,,,,,d7c88a77-fbc9-4a86-a463-1659636420fa,1697,,"[10.7, 47.4]",3920410,52,,,,,,,,,,,,,,,,,,,,,,,,,2,Regular Play,Edson André Sitoe,3250.0,Right Center Back,95,Mozambique,4978,['572c85ae-cfeb-49d8-8902-2604a34e62b5'],8,,,,,,,,,,,,,,,,Mozambique,4978,00:07:08.466,Ball Receipt*,
,,,,,,,,,,,,,,,,,,,,,,,,,,,,,,,,374017ed-6ca9-488c-a79c-bee0b861f50f,1699,,"[14.9, 26.2]",3920410,52,,,,,,,,,,,,,,,,,,,,,,,,,2,Regular Play,Reinildo Isnard Mandava,10848.0,Left Center Back,95,Mozambique,4978,['c64e6363-d0f4-4462-a322-452d51373a91'],11,,,,,,,,,,,,,,,,Mozambique,4978,00:07:11.372,Ball Receipt*,
,,,,,,,,,,,,,,,,,,,,,,,,,,,,,,,,4fe98f98-ecbd-4778-927c-db31f0bc2431,1702,,"[62.2, 23.4]",3920410,52,,,,,,,,,,,,,,,,,,,,,,,,,2,Regular Play,Witiness Chimoio João Quembo,10865.0,Left Wing,95,Mozambique,4978,['172122c6-204f-4822-acc6-7e70114fbcc5'],17,,,,,,,,,,,,,,,,Mozambique,4978,00:07:17.118,Ball Receipt*,
,,Incomplete,,,,,,,,,,,,,,,,,,,,,,,,,,,,,,8d0f5395-96f0-4ea4-af82-038c16cef3ad,1704,,"[80.0, 24.1]",3920410,52,,,,,,,,,,,,,,,,,,,,,,,,,2,Regular Play,Pachoio Lau Há King,106082.0,Center Forward,95,Mozambique,4978,['ec6a133a-0a92-4cd4-94fc-5a88c22a6f67'],20,,,,,,,,,,,,,,,,Mozambique,4978,00:07:20.357,Ball Receipt*,
,,,,,,,,,,,,,,,,,,,,,,,,,,,,,,,,c65d9c1c-60f0-4191-9909-6e09a90b23f2,1706,,"[8.6, 38.7]",3920410,52,,,,,,,,,,,,,,,,,,,,,,,,,2,Regular Play,Richard Ofori Antwi,68757.0,Goalkeeper,96,Ghana,4885,['4f4914d6-5f76-44d2-a7be-05c553e9889d'],22,,,,,,,,,,,,,,,,Ghana,4885,00:07:22.621,Ball Receipt*,
,,,,,,,,,,,,,,,,,,,,,,,,,,,,,,,,365db181-4f45-4b54-8456-90fe1580683c,1711,,"[35.4, 23.4]",3920410,52,,,,,,,,,,,,,,,,,,,,,,,,,2,Regular Play,Gideon Mensah,23615.0,Left Back,96,Ghana,4885,"['dc3aa08e-b8c0-4392-91ff-004d85457e03', 'a005193c-e6e8-47b6-bbda-9d13909049be']",24,,,,,,,,,,,,,,,,Ghana,4885,00:07:24.755,Ball Receipt*,True
,,,,,,,,,,,,,,,,,,,,,,,,,,,,,,,,859fcb92-393c-4a65-a14c-1422735195e3,1714,,"[42.4, 47.2]",3920410,52,,,,,,,,,,,,,,,,,,,,,,,,,2,Regular Play,Iddrisu Baba Mohammed,24087.0,Right Defensive Midfield,96,Ghana,4885,['37fad1ad-f879-4d92-b0e8-fab319c7a260'],27,,,,,,,,,,,,,,,,Ghana,4885,00:07:27.691,Ball Receipt*,
,,Incomplete,,,,,,,,,,,,,,,,,,,,,,,,,,,,,,51cb2de1-07e2-4b7f-9b24-b7b91ff6930a,1716,,"[55.3, 42.5]",3920410,52,,,,,,,,,,,,,,,,,,,,,,,,,2,Regular Play,Mohammed Kudus,17033.0,Center Attacking Midfield,96,Ghana,4885,['340edb2c-ce9a-44fc-b3b3-3e9420443ca4'],28,,,,,,,,,,,,,,,,Ghana,4885,00:07:28.982,Ball Receipt*,
,,,,,,,,,,,,,,,,,,,,,,,,,,,,,,,,4cab01de-795d-46c5-b5e8-569f5dc30c72,1724,,"[65.2, 69.0]",3920410,52,,,,,,,,,,,,,,,,,,,,,,,,,2,From Free Kick,Infren David da Conceição Matola,417067.0,Right Back,98,Mozambique,4978,['6fca9e5d-4561-4977-b422-3ab41d182ec1'],36,,,,,,,,,,,,,,,,Mozambique,4978,00:07:36.542,Ball Receipt*,
,,,,,,,,,,,,,,,,,,,,,,,,,,,,,,,,5f77a3be-e6ca-4b3d-be9b-7eb35aebbdf3,1726,,"[78.1, 66.3]",3920410,52,,,,,,,,,,,,,,,,,,,,,,,,,2,From Free Kick,Geny Cipriano Catamo,127300.0,Right Wing,98,Mozambique,4978,['731b21f5-ac61-4e99-ac9a-a2ef8d193a58'],39,,,,,,,,,,,,,,,,Mozambique,4978,00:07:39.943,Ball Receipt*,
,,,,,,,,,,,,,,,,,,,,,,,,,,,,,,,,70714887-dc93-4fad-8127-83c6e6a6a68c,1730,,"[84.7, 77.8]",3920410,52,,,,,,,,,,,,,,,,,,,,,,,,,2,From Free Kick,Infren David da Conceição Matola,417067.0,Right Back,98,Mozambique,4978,['00b26edb-a957-4db1-be79-f74c626a448d'],42,,,,,,,,,,,,,,,,Mozambique,4978,00:07:42.809,Ball Receipt*,
,,,,,,,,,,,,,,,,,,,,,,,,,,,,,,,,8713bd0d-8bc5-4c68-a612-7cf92abfc81e,1734,,"[85.3, 74.8]",3920410,52,,,,,,,,,,,,,,,,,,,,,,,,,2,From Free Kick,Geny Cipriano Catamo,127300.0,Right Wing,98,Mozambique,4978,['e550d9c7-1853-4acb-ac1a-1eda4096af6e'],45,,,,,,,,,,,,,,,,Mozambique,4978,00:07:45.896,Ball Receipt*,
,,,,,,,,,,,,,,,,,,,,,,,,,,,,,,,,ddb57567-0c7a-4445-9496-f0f40790a931,1738,,"[72.1, 42.6]",3920410,52,,,,,,,,,,,,,,,,,,,,,,,,,2,From Free Kick,Alfons Amade,23706.0,Right Defensive Midfield,98,Mozambique,4978,['01325373-5a8d-4284-b383-a1b5bb0a08aa'],49,,,,,,,,,,,,,,,,Mozambique,4978,00:07:49.504,Ball Receipt*,
,,,,,,,,,,,,,,,,,,,,,,,,,,,,,,,,a4435dab-ddc5-4f8b-a041-468f8d46c907,1741,,"[72.3, 18.6]",3920410,52,,,,,,,,,,,,,,,,,,,,,,,,,2,From Free Kick,Reinildo Isnard Mandava,10848.0,Left Center Back,98,Mozambique,4978,['328655e7-2c9f-4703-89bf-896d62d60451'],51,,,,,,,,,,,,,,,,Mozambique,4978,00:07:51.764,Ball Receipt*,
,,,,,,,,,,,,,,,,,,,,,,,,,,,,,,,,ef025529-dcc9-4f93-af8b-ac13175891e2,1744,,"[63.4, 42.4]",3920410,52,,,,,,,,,,,,,,,,,,,,,,,,,2,From Free Kick,Edson André Sitoe,3250.0,Right Center Back,98,Mozambique,4978,['a5423924-8a44-4b1b-939f-1de002445548'],56,,,,,,,,,,,,,,,,Mozambique,4978,00:07:56.434,Ball Receipt*,
,,,,,,,,,,,,,,,,,,,,,,,,,,,,,,,,6b383a72-969d-41e6-9fd3-a0cf88cd2c06,1748,,"[60.8, 21.9]",3920410,53,,,,,,,,,,,,,,,,,,,,,,,,,2,From Free Kick,Reinildo Isnard Mandava,10848.0,Left Center Back,98,Mozambique,4978,['351c892c-8ff0-4793-a16f-0541f52d63c2'],0,,,,,,,,,,,,,,,,Mozambique,4978,00:08:00.611,Ball Receipt*,
,,,,,,,,,,,,,,,,,,,,,,,,,,,,,,,,71660ba8-9416-44cc-9148-cfd46bd54272,1750,,"[71.8, 37.6]",3920410,53,,,,,,,,,,,,,,,,,,,,,,,,,2,From Free Kick,Alfons Amade,23706.0,Right Defensive Midfield,98,Mozambique,4978,['f09f5716-5359-4ab5-8d09-3d4ddec46d45'],1,,,,,,,,,,,,,,,,Mozambique,4978,00:08:01.865,Ball Receipt*,
,,,,,,,,,,,,,,,,,,,,,,,,,,,,,,,,314bd747-fcb4-4e5b-8d80-87a2ae15f4c5,1752,,"[84.3, 79.4]",3920410,53,,,,,,,,,,,,,,,,,,,,,,,,,2,From Free Kick,Infren David da Conceição Matola,417067.0,Right Back,98,Mozambique,4978,['b3d9e0be-f478-4085-8d77-56475182fe7b'],5,,,,,,,,,,,,,,,,Mozambique,4978,00:08:05.509,Ball Receipt*,
,,,,,,,,,,,,,,,,,,,,,,,,,,,,,,,,5da9428a-1db7-49cf-a4ed-0bb2f3a6e845,1755,,"[92.0, 63.5]",3920410,53,,,,,,,,,,,,,,,,,,,,,,,,,2,From Free Kick,Geny Cipriano Catamo,127300.0,Right Wing,98,Mozambique,4978,['562bbedb-8935-4907-8efc-12f87bea8fe5'],10,,,,,,,,,,,,,,,,Mozambique,4978,00:08:10.135,Ball Receipt*,
,,,,,,,,,,,,,,,,,,,,,,,,,,,,,,,,a9508f2d-5110-48d7-bc3f-dea47643f143,1758,,"[96.4, 55.4]",3920410,53,,,,,,,,,,,,,,,,,,,,,,,,,2,From Free Kick,Ricardo Martins Guimarães,29482.0,Center Attacking Midfield,98,Mozambique,4978,['35078bf8-a612-4010-8021-bebd32182302'],12,,,,,,,,,,,,,,,,Mozambique,4978,00:08:12.952,Ball Receipt*,
,,,,,,,,,,,,,,,,,,,,,,,,,,,,,,,,6c4a3e65-195f-4b54-98b0-31d0a2108683,1760,,"[90.6, 55.4]",3920410,53,,,,,,,,,,,,,,,,,,,,,,,,,2,From Free Kick,Geny Cipriano Catamo,127300.0,Right Wing,98,Mozambique,4978,['66df10f5-da8f-4c5e-8da5-6a47bc45f54b'],13,,,,,,,,,,,,,,,,Mozambique,4978,00:08:13.491,Ball Receipt*,
,,,,,,,,,,,,,,,,,,,,,,,,,,,,,,,,7b5e678d-5102-42ee-9f5d-d605d622600a,1772,,"[79.0, 59.6]",3920410,54,,,,,,,,,,,,,,,,,,,,,,,,,2,From Keeper,Mohammed Kudus,17033.0,Center Attacking Midfield,101,Ghana,4885,['ba4a4965-7012-4ad8-b88c-67177dfd9b06'],31,,,,,,,,,,,,,,,,Ghana,4885,00:09:31.464,Ball Receipt*,
,,,,,,,,,,,,,,,,,,,,,,,,,,,,,,,,a2728e93-9b8f-431b-a093-f7022560f52e,1779,,"[111.4, 17.0]",3920410,55,,,,,,,,,,,,,,,,,,,,,,,,,2,From Free Kick,Alexander Djiku,2989.0,Right Center Back,102,Ghana,4885,['52649869-c21d-4347-9123-6b4d31d876d4'],45,,,,,,,,,,,,,,,,Ghana,4885,00:10:45.772,Ball Receipt*,
,,,,,,,,,,,,,,,,,,,,,,,,,,,,,,,,c5a28bba-9a03-4751-97ed-a61c55fca099,1781,,"[110.8, 32.0]",3920410,55,,,,,,,,,,,,,,,,,,,,,,,,,2,From Free Kick,Mohamed Salisu,30519.0,Left Center Back,102,Ghana,4885,['2d7dd66b-951f-4a60-a76e-818e9a011d48'],46,,,,,,,,,,,,,,,,Ghana,4885,00:10:46.910,Ball Receipt*,
,,Incomplete,,,,,,,,,,,,,,,,,,,,,,,,,,,,,,dba45594-88d0-4062-9d3f-13654241239b,1784,,"[116.3, 38.3]",3920410,55,,,,,,,,,,,,,,,,,,,,,,,,,2,From Free Kick,André Ayew Pelé,3347.0,Center Forward,102,Ghana,4885,['d414227b-e2d5-4d63-8074-5414acf08416'],48,,,,,,,,,,,,,,,,Ghana,4885,00:10:48.747,Ball Receipt*,
,,,,,,,,,,,,,,,,,,,,,,,,,,,,,,,,670341d5-5322-49ef-860e-e7524412d2e9,1787,,"[63.7, 16.0]",3920410,55,,,,,,,,,,,,,,,,,,,,,,,,,2,From Keeper,Witiness Chimoio João Quembo,10865.0,Left Wing,103,Mozambique,4978,['883d993d-7b0f-4d45-89e6-ba162d969375'],54,,,,,,,,,,,,,,,,Mozambique,4978,00:10:54.511,Ball Receipt*,
,,Incomplete,,,,,,,,,,,,,,,,,,,,,,,,,,,,,,9800f673-f426-4e14-bae2-8e6fe3bfff7c,1789,,"[70.3, 14.4]",3920410,55,,,,,,,,,,,,,,,,,,,,,,,,,2,From Keeper,Bruno Alberto Langa,106070.0,Left Back,103,Mozambique,4978,['7b67087d-47cc-4a78-a1dc-aa8e849e595d'],58,,,,,,,,,,,,,,,,Mozambique,4978,00:10:58.917,Ball Receipt*,
,,,,,,,,,,,,,,,,,,,,,,,,,,,,,,,,a87c65ac-7340-404d-96a6-88d3e797b3f7,1791,,"[72.0, 69.5]",3920410,56,,,,,,,,,,,,,,,,,,,,,,,,,2,Regular Play,Mohammed Kudus,17033.0,Center Attacking Midfield,104,Ghana,4885,['19be10f8-bca9-4da0-9812-cc8e93db6446'],0,,,,,,,,,,,,,,,,Ghana,4885,00:11:00.516,Ball Receipt*,
,,,,,,,,,,,,,,,,,,,,,,,,,,,,,,,,f291eb2c-672f-47e5-99fb-047490784eab,1794,,"[97.9, 69.0]",3920410,56,,,,,,,,,,,,,,,,,,,,,,,,,2,Regular Play,Jordan Ayew,3450.0,Left Wing,104,Ghana,4885,['890edc20-c96d-4b14-a33c-5dbcdfea2f7b'],4,,,,,,,,,,,,,,,,Ghana,4885,00:11:04.612,Ball Receipt*,
,,Incomplete,,,,,,,,,,,,,,,,,,,,,,,,,,,,,,3f016fa2-7f93-4af2-82aa-52737e4c38d6,1797,,"[111.2, 43.1]",3920410,56,,,,,,,,,,,,,,,,,,,,,,,,,2,Regular Play,André Ayew Pelé,3347.0,Center Forward,104,Ghana,4885,['b754984e-9ca9-4ebb-bfa3-48383af7aa8f'],6,,,,,,,,,,,,,,,,Ghana,4885,00:11:06.801,Ball Receipt*,
,,,,,,,,,,,,,,,,,,,,,,,,,,,,,,,,abcc7332-96a4-4808-91a6-72261e056649,1800,,"[117.0, 71.1]",3920410,56,,,,,,,,,,,,,,,,,,,,,,,,,2,From Throw In,Antoine Semenyo,9286.0,Right Wing,105,Ghana,4885,['7cabe876-5596-4a3f-a4fb-e28be2be28dc'],34,,,,,,,,,,,,,,,,Ghana,4885,00:11:34.625,Ball Receipt*,
,,,,,,,,,,,,,,,,,,,,,,,,,,,,,,,,73191d8e-f171-48c9-bbc1-51719af80cd3,1802,,"[102.1, 75.9]",3920410,56,,,,,,,,,,,,,,,,,,,,,,,,,2,From Throw In,Denis Odoi,12259.0,Right Back,105,Ghana,4885,['45566719-8f7d-4de9-a198-3d1eeb005a7b'],36,,,,,,,,,,,,,,,,Ghana,4885,00:11:36.661,Ball Receipt*,
,,,,,,,,,,,,,,,,,,,,,,,,,,,,,,,,f6fe8c26-c3f2-4400-8085-d18fd7dac094,1805,,"[64.5, 70.3]",3920410,56,,,,,,,,,,,,,,,,,,,,,,,,,2,From Throw In,Alexander Djiku,2989.0,Right Center Back,105,Ghana,4885,['9028c055-54e4-46ab-a8de-8a628062df4e'],42,,,,,,,,,,,,,,,,Ghana,4885,00:11:42.038,Ball Receipt*,
,,,,,,,,,,,,,,,,,,,,,,,,,,,,,,,,26d27b31-9e34-4017-983e-e878eb335483,1808,,"[55.4, 42.8]",3920410,56,,,,,,,,,,,,,,,,,,,,,,,,,2,From Throw In,Mohamed Salisu,30519.0,Left Center Back,105,Ghana,4885,['19a52799-68af-4463-8636-f0c05942de3b'],44,,,,,,,,,,,,,,,,Ghana,4885,00:11:44.357,Ball Receipt*,
,,,,,,,,,,,,,,,,,,,,,,,,,,,,,,,,113eda87-b10c-48c3-8114-9e02eaf57cd2,1811,,"[50.1, 64.4]",3920410,56,,,,,,,,,,,,,,,,,,,,,,,,,2,From Throw In,Alexander Djiku,2989.0,Right Center Back,105,Ghana,4885,['28045ee7-b987-450e-aa9d-6955fa5bf04b'],49,,,,,,,,,,,,,,,,Ghana,4885,00:11:49.317,Ball Receipt*,
,,,,,,,,,,,,,,,,,,,,,,,,,,,,,,,,0bd5b33f-0c3f-4df1-928e-1bf99c5f7d9c,1814,,"[45.2, 36.9]",3920410,56,,,,,,,,,,,,,,,,,,,,,,,,,2,From Throw In,Mohamed Salisu,30519.0,Left Center Back,105,Ghana,4885,['962d4dd3-3384-4d99-88b8-fc3bd24a4e79'],52,,,,,,,,,,,,,,,,Ghana,4885,00:11:52.190,Ball Receipt*,
,,,,,,,,,,,,,,,,,,,,,,,,,,,,,,,,aae7da06-7888-46d8-9a14-04db3511aa0c,1817,,"[46.2, 3.4]",3920410,56,,,,,,,,,,,,,,,,,,,,,,,,,2,From Throw In,Gideon Mensah,23615.0,Left Back,105,Ghana,4885,['45d5d284-66e2-46b6-853d-4c90609ceef1'],55,,,,,,,,,,,,,,,,Ghana,4885,00:11:55.970,Ball Receipt*,
,,Incomplete,,,,,,,,,,,,,,,,,,,,,,,,,,,,,,f10aa5ff-2672-4cc8-8ad8-a37215b8bc05,1820,,"[84.9, 3.5]",3920410,56,,,,,,,,,,,,,,,,,,,,,,,,,2,From Throw In,André Ayew Pelé,3347.0,Center Forward,105,Ghana,4885,['3e726d6b-1cec-407c-bd5e-1b6c6e7c285a'],59,,,,,,,,,,,,,,,,Ghana,4885,00:11:59.709,Ball Receipt*,
,,Incomplete,,,,,,,,,,,,,,,,,,,,,,,,,,,,,,20d7ccde-ef1f-47d7-b834-bfe061204f05,1823,,"[98.7, 12.2]",3920410,57,,,,,,,,,,,,,,,,,,,,,,,,,2,From Throw In,André Ayew Pelé,3347.0,Center Forward,106,Ghana,4885,['2bed32f1-59fe-4a65-8d0d-f129b298bbfa'],17,,,,,,,,,,,,,,,,Ghana,4885,00:12:17.340,Ball Receipt*,
,,,,,,,,,,,,,,,,,,,,,,,,,,,,,,,,60c1a639-20d8-4abf-af6a-ffb6cef913ca,1829,,"[92.0, 41.7]",3920410,57,,,,,,,,,,,,,,,,,,,,,,,,,2,From Throw In,Mohammed Kudus,17033.0,Center Attacking Midfield,106,Ghana,4885,['da9d7e67-7702-4db4-92be-0f39b14604fb'],20,,,,,,,,,,,,,,,,Ghana,4885,00:12:20.942,Ball Receipt*,
,,,,,,,,,,,,,,,,,,,,,,,,,,,,,,,,e3a63bd9-3160-4f35-a874-bbafb53c7903,1837,,"[98.5, 65.1]",3920410,57,,,,,,,,,,,,,,,,,,,,,,,,,2,From Throw In,Antoine Semenyo,9286.0,Right Wing,106,Ghana,4885,['f88ad82d-7c5c-4016-8913-22ed62ea419c'],25,,,,,,,,,,,,,,,,Ghana,4885,00:12:25.947,Ball Receipt*,
,,,,,,,,,,,,,,,,,,,,,,,,,,,,,,,,dbe5a1b0-7304-4e76-a423-d1fb4bb41108,1842,,"[85.4, 43.4]",3920410,57,,,,,,,,,,,,,,,,,,,,,,,,,2,From Throw In,Salis Abdul Samed,31029.0,Left Defensive Midfield,106,Ghana,4885,"['714471b9-ec9c-43a0-a7d4-431aa3fe882a', '16ad1979-0423-441d-919b-d118e3907018']",32,,,,,,,,,,,,,,,,Ghana,4885,00:12:32.932,Ball Receipt*,True
,,,,,,,,,,,,,,,,,,,,,,,,,,,,,,,,c22b6536-0bfc-46fc-bf6d-8b79a71b51c8,1845,,"[92.3, 41.7]",3920410,57,,,,,,,,,,,,,,,,,,,,,,,,,2,From Throw In,Antoine Semenyo,9286.0,Right Wing,106,Ghana,4885,['0000fa6b-df7c-4312-91c4-000f1fac6d1e'],33,,,,,,,,,,,,,,,,Ghana,4885,00:12:33.820,Ball Receipt*,
,,,,,,,,,,,,,,,,,,,,,,,,,,,,,,,,781bd037-7bf0-4788-8c28-18524035fc81,1848,,"[116.8, 1.4]",3920410,57,,,,,,,,,,,,,,,,,,,,,,,,,2,From Throw In,Gideon Mensah,23615.0,Left Back,106,Ghana,4885,['dfd915b4-6146-4984-a5f5-8d87e3ddbc53'],38,,,,,,,,,,,,,,,,Ghana,4885,00:12:38.827,Ball Receipt*,
,,,,,,,,,,,,,,,,,,,,,,,,,,,,,,,,b1922529-e126-4313-a429-988288a8c6c8,1851,,"[98.3, 3.5]",3920410,57,,,,,,,,,,,,,,,,,,,,,,,,,2,From Throw In,Jordan Ayew,3450.0,Left Wing,106,Ghana,4885,['65af06b4-b537-4398-a780-bc292b173e3b'],41,,,,,,,,,,,,,,,,Ghana,4885,00:12:41.890,Ball Receipt*,
,,Incomplete,,,,,,,,,,,,,,,,,,,,,,,,,,,,,,cea33750-7174-4224-a030-d3ee5cdcec63,1854,,"[108.4, 34.7]",3920410,57,,,,,,,,,,,,,,,,,,,,,,,,,2,From Throw In,Antoine Semenyo,9286.0,Right Wing,106,Ghana,4885,['03caff06-53ab-48b6-854e-b855bcc4d1c9'],44,,,,,,,,,,,,,,,,Ghana,4885,00:12:44.530,Ball Receipt*,
,,Incomplete,,,,,,,,,,,,,,,,,,,,,,,,,,,,,,9d5ce7b8-b0ec-4297-87fe-4721ac78a8c7,1861,,"[68.9, 8.8]",3920410,57,,,,,,,,,,,,,,,,,,,,,,,,,2,From Counter,Witiness Chimoio João Quembo,10865.0,Left Wing,107,Mozambique,4978,"['cae410fa-6398-4b6e-b155-0ca3fb7ab308', 'a5c539bd-7084-480a-af72-3a54a8b610dd']",52,,,,,,,,,,,,,,,,Mozambique,4978,00:12:52.083,Ball Receipt*,True
,,,,,,,,,,,,,,,,,,,,,,,,,,,,,,,,2de04aa2-0b41-4885-a020-d905af5e9b76,1865,,"[63.0, 36.7]",3920410,58,,,,,,,,,,,,,,,,,,,,,,,,,2,From Free Kick,Edson André Sitoe,3250.0,Right Center Back,108,Mozambique,4978,['9d4b9c3a-c284-4c10-8415-4e304b31b726'],33,,,,,,,,,,,,,,,,Mozambique,4978,00:13:33.980,Ball Receipt*,
,,,,,,,,,,,,,,,,,,,,,,,,,,,,,,,,5225352a-effe-4467-bbe1-0cb0b6f0aeaf,1867,,"[69.9, 75.7]",3920410,58,,,,,,,,,,,,,,,,,,,,,,,,,2,From Free Kick,Infren David da Conceição Matola,417067.0,Right Back,108,Mozambique,4978,['5c8f9ae7-a182-4586-af6a-f846b15096b5'],37,,,,,,,,,,,,,,,,Mozambique,4978,00:13:37.650,Ball Receipt*,
,,,,,,,,,,,,,,,,,,,,,,,,,,,,,,,,795a4f3a-e3ab-47cb-a576-439effb9c673,1870,,"[63.3, 69.0]",3920410,58,,,,,,,,,,,,,,,,,,,,,,,,,2,From Free Kick,Feliciano João Jone,129475.0,Left Defensive Midfield,108,Mozambique,4978,['c8ff140d-8e77-4cb3-a246-88306e98ba50'],40,,,,,,,,,,,,,,,,Mozambique,4978,00:13:40.342,Ball Receipt*,
,,,,,,,,,,,,,,,,,,,,,,,,,,,,,,,,3b51e36e-fd2b-4513-8a63-5bfbb013237b,1873,,"[77.7, 64.5]",3920410,58,,,,,,,,,,,,,,,,,,,,,,,,,2,From Free Kick,Geny Cipriano Catamo,127300.0,Right Wing,108,Mozambique,4978,['540717d5-a58b-45ad-ab9c-2d8040386f10'],42,,,,,,,,,,,,,,,,Mozambique,4978,00:13:42.447,Ball Receipt*,
,,,,,,,,,,,,,,,,,,,,,,,,,,,,,,,,d5c91eb9-e5bd-419b-ac3b-91dbea4b0b81,1877,,"[64.0, 69.3]",3920410,58,,,,,,,,,,,,,,,,,,,,,,,,,2,From Free Kick,Feliciano João Jone,129475.0,Left Defensive Midfield,108,Mozambique,4978,['d3007ed5-94c7-440f-8958-656e398d59a6'],44,,,,,,,,,,,,,,,,Mozambique,4978,00:13:44.280,Ball Receipt*,
,,,,,,,,,,,,,,,,,,,,,,,,,,,,,,,,69c58432-64e0-4d49-bf17-ac7520e80947,1880,,"[49.0, 54.8]",3920410,58,,,,,,,,,,,,,,,,,,,,,,,,,2,From Free Kick,Edson André Sitoe,3250.0,Right Center Back,108,Mozambique,4978,['d2ae3ee3-eaf8-47ee-8a6b-53cf0e918879'],46,,,,,,,,,,,,,,,,Mozambique,4978,00:13:46.401,Ball Receipt*,
,,,,,,,,,,,,,,,,,,,,,,,,,,,,,,,,4c9b602f-e82f-4acf-b2ba-a8301d3bf653,1883,,"[50.1, 30.6]",3920410,58,,,,,,,,,,,,,,,,,,,,,,,,,2,From Free Kick,Reinildo Isnard Mandava,10848.0,Left Center Back,108,Mozambique,4978,['b5074c30-1e96-40a3-b7bd-0c896b57cd75'],49,,,,,,,,,,,,,,,,Mozambique,4978,00:13:49.099,Ball Receipt*,
,,,,,,,,,,,,,,,,,,,,,,,,,,,,,,,,97a763ea-6442-49e4-9601-a247f8ed808f,1886,,"[71.8, 5.8]",3920410,58,,,,,,,,,,,,,,,,,,,,,,,,,2,From Free Kick,Bruno Alberto Langa,106070.0,Left Back,108,Mozambique,4978,['25109461-7786-4fcf-a1d3-22d233de0de9'],52,,,,,,,,,,,,,,,,Mozambique,4978,00:13:52.326,Ball Receipt*,
,,,,,,,,,,,,,,,,,,,,,,,,,,,,,,,,75fb6afe-e5d4-4b6e-a58d-2566a08facc3,1890,,"[78.6, 18.5]",3920410,58,,,,,,,,,,,,,,,,,,,,,,,,,2,From Free Kick,Witiness Chimoio João Quembo,10865.0,Left Wing,108,Mozambique,4978,['d875b1e2-fc9c-4a6e-a3a9-5a02091d1d48'],55,,,,,,,,,,,,,,,,Mozambique,4978,00:13:55.559,Ball Receipt*,
,,,,,,,,,,,,,,,,,,,,,,,,,,,,,,,,2b60ba43-7b62-44f1-848a-43365258e079,1895,,"[84.9, 2.5]",3920410,59,,,,,,,,,,,,,,,,,,,,,,,,,2,From Free Kick,Bruno Alberto Langa,106070.0,Left Back,108,Mozambique,4978,['8f0ce303-a18d-4835-b443-416a2c9b9c42'],0,,,,,,,,,,,,,,,,Mozambique,4978,00:14:00.134,Ball Receipt*,
,,Incomplete,,,,,,,,,,,,,,,,,,,,,,,,,,,,,,df01a979-0be2-4a49-8d16-bffa1414df51,1902,,"[56.7, 53.3]",3920410,59,,,,,,,,,,,,,,,,,,,,,,,,,2,From Free Kick,Mohammed Kudus,17033.0,Center Attacking Midfield,108,Mozambique,4978,['67b334ac-d135-4bed-a542-d0d4b6e65f35'],8,,,,,,,,,,,,,,,,Ghana,4885,00:14:08.932,Ball Receipt*,
,,,,,,,,,,,,,,,,,,,,,,,,,,,,,,,,32e2406e-3b3f-4049-88bf-fbaf59c24994,1904,,"[71.0, 26.8]",3920410,59,,,,,,,,,,,,,,,,,,,,,,,,,2,From Free Kick,Ricardo Martins Guimarães,29482.0,Center Attacking Midfield,108,Mozambique,4978,['3946c659-044d-4d65-b222-04579287930e'],10,,,,,,,,,,,,,,,,Mozambique,4978,00:14:10.632,Ball Receipt*,
,,,,,,,,,,,,,,,,,,,,,,,,,,,,,,,,10caedc5-ae61-4173-b62e-9343c2c774c2,1907,,"[63.7, 22.7]",3920410,59,,,,,,,,,,,,,,,,,,,,,,,,,2,From Free Kick,Alfons Amade,23706.0,Right Defensive Midfield,108,Mozambique,4978,['9219e8d2-67e7-466a-9279-e863dd777ab4'],11,,,,,,,,,,,,,,,,Mozambique,4978,00:14:11.682,Ball Receipt*,
,,,,,,,,,,,,,,,,,,,,,,,,,,,,,,,,5b5ebeee-31b1-44e7-94bb-624828b70048,1911,,"[80.0, 15.8]",3920410,59,,,,,,,,,,,,,,,,,,,,,,,,,2,From Free Kick,Witiness Chimoio João Quembo,10865.0,Left Wing,108,Mozambique,4978,"['a99784dd-b5a3-4901-a42e-8b37511fe87d', '617b97fa-79db-4c0d-931b-dbc6d711a967']",13,,,,,,,,,,,,,,,,Mozambique,4978,00:14:13.446,Ball Receipt*,True
,,,,,,,,,,,,,,,,,,,,,,,,,,,,,,,,4b3fb3f2-0322-435c-aedc-68a2b4ea9c09,1916,,"[91.8, 21.0]",3920410,59,,,,,,,,,,,,,,,,,,,,,,,,,2,From Free Kick,Ricardo Martins Guimarães,29482.0,Center Attacking Midfield,108,Mozambique,4978,['2d7497ae-37da-40d3-9d00-931cd8962b18'],15,,,,,,,,,,,,,,,,Mozambique,4978,00:14:15.250,Ball Receipt*,
,,Incomplete,,,,,,,,,,,,,,,,,,,,,,,,,,,,,,bf7eec15-e777-463f-b826-43c0b49ea45a,1921,,"[106.1, 27.5]",3920410,59,,,,,,,,,,,,,,,,,,,,,,,,,2,From Free Kick,Witiness Chimoio João Quembo,10865.0,Left Wing,108,Mozambique,4978,['cf2f7dcb-f01b-4cda-b158-53889898a5b1'],19,,,,,,,,,,,,,,,,Mozambique,4978,00:14:19.857,Ball Receipt*,
,,,,,,,,,,,,,,,,,,,,,,,,,,,,,,,,6b9d11c4-8968-4755-acf9-9c7e85598fa3,1925,,"[9.1, 25.9]",3920410,59,,,,,,,,,,,,,,,,,,,,,,,,,2,Regular Play,Ivane Carminio Francisco Urrubal,161718.0,Goalkeeper,109,Mozambique,4978,['6c40f032-ea6e-4d68-887f-07ad8db77ff0'],29,,,,,,,,,,,,,,,,Mozambique,4978,00:14:29.833,Ball Receipt*,
,,,,,,,,,,,,,,,,,,,,,,,,,,,,,,,,18aff03d-d204-4d52-8b77-60405078bcac,1927,,"[31.0, 39.4]",3920410,59,,,,,,,,,,,,,,,,,,,,,,,,,2,Regular Play,Edson André Sitoe,3250.0,Right Center Back,109,Mozambique,4978,['1a4762dc-3889-4025-a41e-253dfa5188c9'],31,,,,,,,,,,,,,,,,Mozambique,4978,00:14:31.787,Ball Receipt*,
,,,,,,,,,,,,,,,,,,,,,,,,,,,,,,,,b94e7f16-dc2e-4b79-9e3c-9324628e9dc9,1929,,"[62.4, 78.1]",3920410,59,,,,,,,,,,,,,,,,,,,,,,,,,2,Regular Play,Infren David da Conceição Matola,417067.0,Right Back,109,Mozambique,4978,['ed1150f7-b58d-4513-bf11-9fd1df420fa5'],35,,,,,,,,,,,,,,,,Mozambique,4978,00:14:35.742,Ball Receipt*,
,,,,,,,,,,,,,,,,,,,,,,,,,,,,,,,,459b6892-82f7-44a2-b84c-f341c4ae27ba,1932,,"[58.8, 66.3]",3920410,59,,,,,,,,,,,,,,,,,,,,,,,,,2,Regular Play,Feliciano João Jone,129475.0,Left Defensive Midfield,109,Mozambique,4978,['ff25273b-93d4-4a44-b1fb-2f410f3d9454'],39,,,,,,,,,,,,,,,,Mozambique,4978,00:14:39.624,Ball Receipt*,
,,,,,,,,,,,,,,,,,,,,,,,,,,,,,,,,69fbf9a9-ee4d-4e88-a951-9c254b4a616e,1935,,"[75.5, 62.1]",3920410,59,,,,,,,,,,,,,,,,,,,,,,,,,2,Regular Play,Geny Cipriano Catamo,127300.0,Right Wing,109,Mozambique,4978,['95dc9e48-88a0-44b8-9383-9f4a775b166e'],41,,,,,,,,,,,,,,,,Mozambique,4978,00:14:41.912,Ball Receipt*,
,,,,,,,,,,,,,,,,,,,,,,,,,,,,,,,,5ba414e8-f5d8-4fb1-bff4-a02da8c7f0ef,1938,,"[91.3, 78.1]",3920410,59,,,,,,,,,,,,,,,,,,,,,,,,,2,Regular Play,Infren David da Conceição Matola,417067.0,Right Back,109,Mozambique,4978,['914a1a42-a684-4900-ae6c-9eca519e038a'],44,,,,,,,,,,,,,,,,Mozambique,4978,00:14:44.156,Ball Receipt*,
,,,,,,,,,,,,,,,,,,,,,,,,,,,,,,,,304ff9e9-fced-4de0-8502-9d4331165122,1941,,"[86.7, 73.6]",3920410,59,,,,,,,,,,,,,,,,,,,,,,,,,2,Regular Play,Ricardo Martins Guimarães,29482.0,Center Attacking Midfield,109,Mozambique,4978,['40342e49-d4cc-42d2-b1d6-2abff77df448'],45,,,,,,,,,,,,,,,,Mozambique,4978,00:14:45.964,Ball Receipt*,
,,,,,,,,,,,,,,,,,,,,,,,,,,,,,,,,5aceb1ef-e409-4b48-b294-b53f3cfe32e8,1944,,"[71.7, 62.0]",3920410,59,,,,,,,,,,,,,,,,,,,,,,,,,2,Regular Play,Feliciano João Jone,129475.0,Left Defensive Midfield,109,Mozambique,4978,['71939dc3-ebaa-4ee0-b843-6dbcfce6186b'],49,,,,,,,,,,,,,,,,Mozambique,4978,00:14:49.676,Ball Receipt*,
,,,,,,,,,,,,,,,,,,,,,,,,,,,,,,,,e67c1c38-d6c9-4c3b-a138-dd66079dc4ee,1947,,"[83.9, 33.9]",3920410,59,,,,,,,,,,,,,,,,,,,,,,,,,2,Regular Play,Alfons Amade,23706.0,Right Defensive Midfield,109,Mozambique,4978,['589ea802-3f44-49f6-9676-37729980be57'],52,,,,,,,,,,,,,,,,Mozambique,4978,00:14:52.419,Ball Receipt*,
,,Incomplete,,,,,,,,,,,,,,,,,,,,,,,,,,,,,,8fad3ef5-3650-437a-8d20-c6c17f8c68f1,1950,,"[96.2, 34.9]",3920410,59,,,,,,,,,,,,,,,,,,,,,,,,,2,Regular Play,Pachoio Lau Há King,106082.0,Center Forward,109,Mozambique,4978,['6e217922-5663-4de4-ab7a-0a81826563b8'],54,,,,,,,,,,,,,,,,Mozambique,4978,00:14:54.448,Ball Receipt*,
,,Incomplete,,,,,,,,,,,,,,,,,,,,,,,,,,,,,,6e337105-d32f-4157-aa5d-ea386c291099,1955,,"[111.5, 33.4]",3920410,59,,,,,,,,,,,,,,,,,,,,,,,,,2,Regular Play,Alfons Amade,23706.0,Right Defensive Midfield,109,Mozambique,4978,['c45a1025-1266-42b1-9daf-98b27f34b811'],57,,,,,,,,,,,,,,,,Mozambique,4978,00:14:57.826,Ball Receipt*,
,,,,,,,,,,,,,,,,,,,,,,,,,,,,,,,,29263730-7c94-4655-b80f-b26e72addae9,1967,,"[49.1, 67.5]",3920410,61,,,,,,,,,,,,,,,,,,,,,,,,,2,From Goal Kick,Denis Odoi,12259.0,Right Back,111,Ghana,4885,['8077300a-07e2-4645-a37a-7285aa483f84'],36,,,,,,,,,,,,,,,,Ghana,4885,00:16:36.365,Ball Receipt*,
,,Incomplete,,,,,,,,,,,,,,,,,,,,,,,,,,,,,,07f50e5c-0322-4f97-9d11-532d0847f031,1969,,"[59.9, 70.4]",3920410,61,,,,,,,,,,,,,,,,,,,,,,,,,2,From Goal Kick,André Ayew Pelé,3347.0,Center Forward,111,Ghana,4885,['501ca010-7303-4fcf-b72b-cfe6894be4eb'],36,,,,,,,,,,,,,,,,Ghana,4885,00:16:36.929,Ball Receipt*,
,,,,,,,,,,,,,,,,,,,,,,,,,,,,,,,,decf0ccc-f20f-4a79-ad95-f5caf3873f5f,1973,,"[55.8, 54.4]",3920410,61,,,,,,,,,,,,,,,,,,,,,,,,,2,From Goal Kick,Salis Abdul Samed,31029.0,Left Defensive Midfield,111,Ghana,4885,['1b4c8ac1-5687-49dc-ae93-cfc2407996d2'],40,,,,,,,,,,,,,,,,Ghana,4885,00:16:40.118,Ball Receipt*,
,,,,,,,,,,,,,,,,,,,,,,,,,,,,,,,,626de9dc-ea5b-4abe-a0ee-2b671a8878d7,1975,,"[53.5, 61.6]",3920410,61,,,,,,,,,,,,,,,,,,,,,,,,,2,From Goal Kick,Iddrisu Baba Mohammed,24087.0,Right Defensive Midfield,111,Ghana,4885,['60ed8c1c-26ef-4dde-9c7f-96693d9bb996'],40,,,,,,,,,,,,,,,,Ghana,4885,00:16:40.810,Ball Receipt*,
,,,,,,,,,,,,,,,,,,,,,,,,,,,,,,,,06964170-f0a5-4305-a882-465b333b1c53,1979,,"[55.8, 54.6]",3920410,61,,,,,,,,,,,,,,,,,,,,,,,,,2,From Goal Kick,Salis Abdul Samed,31029.0,Left Defensive Midfield,111,Ghana,4885,['258c5393-a4e6-46a8-9f9a-40b4260ce047'],41,,,,,,,,,,,,,,,,Ghana,4885,00:16:41.885,Ball Receipt*,
,,,,,,,,,,,,,,,,,,,,,,,,,,,,,,,,8820ef2b-88c5-409b-a05e-3dd7cfed87b2,1985,,"[83.9, 25.7]",3920410,61,,,,,,,,,,,,,,,,,,,,,,,,,2,Regular Play,Ricardo Martins Guimarães,29482.0,Center Attacking Midfield,112,Mozambique,4978,['695cb330-7c4d-41ce-a95d-11dfd9a82315'],45,,,,,,,,,,,,,,,,Mozambique,4978,00:16:45.996,Ball Receipt*,
,,Incomplete,,,,,,,,,,,,,,,,,,,,,,,,,,,,,,31c9de63-92a7-4caa-89f6-5367e4968d7f,1991,,"[102.8, 40.4]",3920410,63,,,,,,,,,,,,,,,,,,,,,,,,,2,From Free Kick,Alfons Amade,23706.0,Right Defensive Midfield,113,Mozambique,4978,['7bf6b29a-c57f-4543-bc11-b8cd3250fc96'],8,,,,,,,,,,,,,,,,Mozambique,4978,00:18:08.007,Ball Receipt*,
,,,,,,,,,,,,,,,,,,,,,,,,,,,,,,,,c3e0a910-34fd-4b40-87bb-d46f2d158628,1996,,"[106.2, 47.2]",3920410,63,,,,,,,,,,,,,,,,,,,,,,,,,2,Regular Play,Ricardo Martins Guimarães,29482.0,Center Attacking Midfield,114,Mozambique,4978,['d272e49c-788e-466c-b6b3-e959b161a1a5'],16,,,,,,,,,,,,,,,,Mozambique,4978,00:18:16.232,Ball Receipt*,
,,Incomplete,,,,,,,,,,,,,,,,,,,,,,,,,,,,,,fda86f18-eda1-4c97-91f9-138d6dbc3349,1998,,"[108.9, 41.9]",3920410,63,,,,,,,,,,,,,,,,,,,,,,,,,2,Regular Play,Pachoio Lau Há King,106082.0,Center Forward,114,Mozambique,4978,['4574e685-cc7f-46b5-9d74-e9fbb2460ff1'],16,,,,,,,,,,,,,,,,Mozambique,4978,00:18:16.924,Ball Receipt*,
,,Incomplete,,,,,,,,,,,,,,,,,,,,,,,,,,,,,,9f970e85-8b27-4296-b1be-a7c18c53967d,2002,,"[56.4, 44.5]",3920410,63,,,,,,,,,,,,,,,,,,,,,,,,,2,Regular Play,Mohammed Kudus,17033.0,Center Attacking Midfield,114,Mozambique,4978,['9d0bc571-93b6-43be-b7da-19900165cf34'],22,,,,,,,,,,,,,,,,Ghana,4885,00:18:22.483,Ball Receipt*,
,,,,,,,,,,,,,,,,,,,,,,,,,,,,,,,,899797f7-dc0a-45a8-8308-823feff04ef5,2007,,"[98.6, 11.5]",3920410,63,,,,,,,,,,,,,,,,,,,,,,,,,2,Regular Play,Bruno Alberto Langa,106070.0,Left Back,114,Mozambique,4978,"['02500e2b-3039-4b4b-805b-2154cd107d9b', '65cda366-00ff-4135-9cf2-8049c605bdaa']",28,,,,,,,,,,,,,,,,Mozambique,4978,00:18:28.882,Ball Receipt*,True
,,,,,,,,,,,,,,,,,,,,,,,,,,,,,,,,2521451d-962e-4078-bf7a-89468c19c426,2014,,"[85.6, 37.2]",3920410,63,,,,,,,,,,,,,,,,,,,,,,,,,2,Regular Play,Alfons Amade,23706.0,Right Defensive Midfield,114,Mozambique,4978,['55c873bc-24b4-4c50-822c-f77bc48960f5'],34,,,,,,,,,,,,,,,,Mozambique,4978,00:18:34.206,Ball Receipt*,
,,,,,,,,,,,,,,,,,,,,,,,,,,,,,,,,b44da70c-7dc0-4572-b43a-f1e0854bbbbf,2017,,"[111.1, 24.1]",3920410,63,,,,,,,,,,,,,,,,,,,,,,,,,2,Regular Play,Ricardo Martins Guimarães,29482.0,Center Attacking Midfield,114,Mozambique,4978,['283f4a7c-ffd7-44bf-8f23-d87284a507e6'],36,,,,,,,,,,,,,,,,Mozambique,4978,00:18:36.868,Ball Receipt*,
,,Incomplete,,,,,,,,,,,,,,,,,,,,,,,,,,,,,,193196eb-fbe1-4613-b5b2-9a163dfe8df1,2020,,"[111.5, 34.4]",3920410,63,,,,,,,,,,,,,,,,,,,,,,,,,2,Regular Play,Bruno Alberto Langa,106070.0,Left Back,114,Mozambique,4978,['b1374454-6e93-4551-b3d3-dbb273654d9e'],37,,,,,,,,,,,,,,,,Mozambique,4978,00:18:37.511,Ball Receipt*,
,,,,,,,,,,,,,,,,,,,,,,,,,,,,,,,,5f434ccb-611e-4c0a-9296-27bcc9c95258,2023,,"[98.8, 10.0]",3920410,65,,,,,,,,,,,,,,,,,,,,,,,,,2,From Throw In,Geny Cipriano Catamo,127300.0,Right Wing,115,Mozambique,4978,['5551a06a-ba85-4c2d-bd36-3b4e4d1bb5f6'],4,,,,,,,,,,,,,,,,Mozambique,4978,00:20:04.418,Ball Receipt*,
,,,,,,,,,,,,,,,,,,,,,,,,,,,,,,,,0061efac-47d8-445c-ab52-0c2abca27f8d,2026,,"[112.1, 9.4]",3920410,65,,,,,,,,,,,,,,,,,,,,,,,,,2,From Throw In,Bruno Alberto Langa,106070.0,Left Back,115,Mozambique,4978,"['3e376dea-766b-4ec9-b7f3-323c3414e521', 'f4328014-c8dc-4f33-a2c1-6f63073b04e6']",6,,,,,,,,,,,,,,,,Mozambique,4978,00:20:06.156,Ball Receipt*,True
,,Incomplete,,,,,,,,,,,,,,,,,,,,,,,,,,,,,,21ed87f3-65dc-43dc-9299-71462bfa9195,2032,,"[25.7, 70.7]",3920410,65,,,,,,,,,,,,,,,,,,,,,,,,,2,From Throw In,André Ayew Pelé,3347.0,Center Forward,115,Mozambique,4978,['f271d51d-d109-4a42-9a46-f7a47993caa5'],11,,,,,,,,,,,,,,,,Ghana,4885,00:20:11.890,Ball Receipt*,
,,,,,,,,,,,,,,,,,,,,,,,,,,,,,,,,5340d8f5-c778-48bc-b4d9-1f228ba362e6,2034,,"[98.5, 13.0]",3920410,65,,,,,,,,,,,,,,,,,,,,,,,,,2,From Throw In,Ricardo Martins Guimarães,29482.0,Center Attacking Midfield,116,Mozambique,4978,['5508aef3-e84a-4efa-a24b-70bdda1c6d9f'],15,,,,,,,,,,,,,,,,Mozambique,4978,00:20:15.469,Ball Receipt*,
,,,,,,,,,,,,,,,,,,,,,,,,,,,,,,,,7b0390e7-e7a0-4d7c-96cf-d5679ba7e6cb,2045,,"[23.0, 27.1]",3920410,65,,,,,,,,,,,,,,,,,,,,,,,,,2,Regular Play,Gideon Mensah,23615.0,Left Back,117,Ghana,4885,['8c7f5896-aea8-4e4c-8626-bf1aa28db7c0'],22,,,,,,,,,,,,,,,,Ghana,4885,00:20:22.851,Ball Receipt*,
,,,,,,,,,,,,,,,,,,,,,,,,,,,,,,,,a92bb2e7-b623-4a93-a359-24d28e53eba1,2048,,"[90.6, 8.7]",3920410,65,,,,,,,,,,,,,,,,,,,,,,,,,2,Regular Play,Jordan Ayew,3450.0,Left Wing,117,Ghana,4885,['ed4a4367-8723-4984-85b6-2fd582fa8528'],29,,,,,,,,,,,,,,,,Ghana,4885,00:20:29.272,Ball Receipt*,
,,,,,,,,,,,,,,,,,,,,,,,,,,,,,,,,14d39d6b-55d2-4ce7-9f84-f993b2dfe95b,2052,,"[111.2, 47.7]",3920410,65,,,,,,,,,,,,,,,,,,,,,,,,,2,Regular Play,Mohammed Kudus,17033.0,Center Attacking Midfield,117,Ghana,4885,"['adae33b9-f8b8-4cd5-b688-3a6bf7d07cbe', '1bdb3b9d-1784-4792-acf8-cd3a396fec2a']",35,,,,,,,,,,,,,,,,Ghana,4885,00:20:35.478,Ball Receipt*,True
,,,,,,,,,,,,,,,,,,,,,,,,,,,,,,,,8b1f83f6-eac4-4beb-9e20-cc5d78c3204f,2061,,"[52.3, 40.0]",3920410,70,,,,,,,,,,,,,,,,,,,,,,,,,2,From Kick Off,Alfons Amade,23706.0,Right Defensive Midfield,119,Mozambique,4978,['4daea7b9-0b1c-4601-8679-4238303a8c1f'],33,,,,,,,,,,,,,,,,Mozambique,4978,00:25:33.443,Ball Receipt*,
,,,,,,,,,,,,,,,,,,,,,,,,,,,,,,,,59148312-ee86-4828-92b5-d0eeaa63b8ec,2063,,"[93.0, 7.7]",3920410,70,,,,,,,,,,,,,,,,,,,,,,,,,2,From Kick Off,Gildo Lourenço Vilanculos,106068.0,Left Wing,119,Mozambique,4978,['2ec128d0-e629-417a-a0ba-8d37fb529fc1'],39,,,,,,,,,,,,,,,,Mozambique,4978,00:25:39.804,Ball Receipt*,
,,Incomplete,,,,,,,,,,,,,,,,,,,,,,,,,,,,,,a1e8cd27-855a-481c-935f-33e4e158f9c3,2067,,"[117.2, 37.1]",3920410,70,,,,,,,,,,,,,,,,,,,,,,,,,2,From Kick Off,Pachoio Lau Há King,106082.0,Center Forward,119,Mozambique,4978,['64b9bb7b-58f5-4cd6-bc10-db490fc173f6'],45,,,,,,,,,,,,,,,,Mozambique,4978,00:25:45.908,Ball Receipt*,
,,,,,,,,,,,,,,,,,,,,,,,,,,,,,,,,d9ae87f8-d21a-4a57-a137-44bb1c2f2f44,2073,,"[114.0, 44.7]",3920410,71,,,,,,,,,,,,,,,,,,,,,,,,,2,From Corner,Alfons Amade,23706.0,Right Defensive Midfield,120,Mozambique,4978,['70cdf866-3614-4177-9199-e6e286ca6d95'],39,,,,,,,,,,,,,,,,Mozambique,4978,00:26:39.333,Ball Receipt*,
,,Incomplete,,,,,,,,,,,,,,,,,,,,,,,,,,,,,,c9d548e2-de80-44d4-ae57-83cc310dbbb5,2078,,"[60.9, 62.7]",3920410,72,,,,,,,,,,,,,,,,,,,,,,,,,2,From Goal Kick,André Ayew Pelé,3347.0,Center Forward,121,Ghana,4885,['9aba15db-1d98-44b5-9067-8cf050b11f6b'],17,,,,,,,,,,,,,,,,Ghana,4885,00:27:17.534,Ball Receipt*,
,,Incomplete,,,,,,,,,,,,,,,,,,,,,,,,,,,,,,b550ce75-bf95-4ed9-9bfa-94c47d225e08,2081,,"[73.3, 16.0]",3920410,72,,,,,,,,,,,,,,,,,,,,,,,,,2,From Goal Kick,Pachoio Lau Há King,106082.0,Center Forward,121,Ghana,4885,['814518a7-0f8e-4ff4-9794-b8ce5f9b905a'],19,,,,,,,,,,,,,,,,Mozambique,4978,00:27:19.621,Ball Receipt*,
,,,,,,,,,,,,,,,,,,,,,,,,,,,,,,,,0b34ef8e-9b89-4ec8-a9a7-e509c1c11841,2087,,"[77.6, 36.7]",3920410,73,,,,,,,,,,,,,,,,,,,,,,,,,2,From Free Kick,Ricardo Martins Guimarães,29482.0,Center Attacking Midfield,122,Mozambique,4978,['b37d5c64-cbbd-4292-8311-a1fd61ddb46c'],1,,,,,,,,,,,,,,,,Mozambique,4978,00:28:01.803,Ball Receipt*,
,,,,,,,,,,,,,,,,,,,,,,,,,,,,,,,,e0b823d1-e138-4ab8-a790-4f574cb9c10d,2090,,"[108.6, 18.1]",3920410,73,,,,,,,,,,,,,,,,,,,,,,,,,2,From Free Kick,Gildo Lourenço Vilanculos,106068.0,Left Wing,122,Mozambique,4978,['4f45bb39-308c-47fe-ae9e-851d522c52d0'],4,,,,,,,,,,,,,,,,Mozambique,4978,00:28:04.946,Ball Receipt*,
,,Incomplete,,,,,,,,,,,,,,,,,,,,,,,,,,,,,,f1a97053-5799-43bd-bf71-0172a880dfff,2092,,"[110.6, 34.2]",3920410,73,,,,,,,,,,,,,,,,,,,,,,,,,2,From Free Kick,Elias Gaspar Pelembe,106074.0,Right Defensive Midfield,122,Mozambique,4978,['efc98830-55ce-4f7e-92f4-794aada56e73'],6,,,,,,,,,,,,,,,,Mozambique,4978,00:28:06.064,Ball Receipt*,
,,,,,,,,,,,,,,,,,,,,,,,,,,,,,,,,9a3b5694-d832-4a3a-b36c-f39b88751783,2095,,"[19.8, 60.2]",3920410,73,,,,,,,,,,,,,,,,,,,,,,,,,2,From Free Kick,Mohammed Kudus,17033.0,Right Attacking Midfield,122,Mozambique,4978,['a4434d7f-6c7d-46bc-8132-271abe9e0fde'],6,,,,,,,,,,,,,,,,Ghana,4885,00:28:06.774,Ball Receipt*,
,,Incomplete,,,,,,,,,,,,,,,,,,,,,,,,,,,,,,81d02a66-03d7-4195-84df-3b891f3be932,2106,,"[54.8, 36.1]",3920410,73,,,,,,,,,,,,,,,,,,,,,,,,,2,From Free Kick,André Ayew Pelé,3347.0,Center Forward,122,Mozambique,4978,['4c7b5401-e3c7-4a72-8860-d155b0406e1a'],15,,,,,,,,,,,,,,,,Ghana,4885,00:28:15.156,Ball Receipt*,
,,,,,,,,,,,,,,,,,,,,,,,,,,,,,,,,a0bba26c-6747-4d8e-a7b7-398bc24b31a0,2108,,"[83.1, 45.7]",3920410,73,,,,,,,,,,,,,,,,,,,,,,,,,2,From Free Kick,Pachoio Lau Há King,106082.0,Right Center Forward,122,Mozambique,4978,['868a6825-0f54-4d62-98da-0ac6515237a2'],18,,,,,,,,,,,,,,,,Mozambique,4978,00:28:18.151,Ball Receipt*,
,,Incomplete,,,,,,,,,,,,,,,,,,,,,,,,,,,,,,11a9a54a-d8e7-449e-bc5b-9378648e7a06,2110,,"[99.3, 52.2]",3920410,73,,,,,,,,,,,,,,,,,,,,,,,,,2,From Free Kick,Elias Gaspar Pelembe,106074.0,Left Defensive Midfield,122,Mozambique,4978,['c6a30ddc-c06a-40db-9c1a-01e0e3e68de0'],18,,,,,,,,,,,,,,,,Mozambique,4978,00:28:18.885,Ball Receipt*,
,,Incomplete,,,,,,,,,,,,,,,,,,,,,,,,,,,,,,a52c03ef-d44c-421d-8816-6509691d29c0,2114,,"[101.9, 56.4]",3920410,73,,,,,,,,,,,,,,,,,,,,,,,,,2,From Free Kick,Elias Gaspar Pelembe,106074.0,Left Defensive Midfield,122,Mozambique,4978,['95eba86c-332d-4b20-aa29-7a8cca90471b'],21,,,,,,,,,,,,,,,,Mozambique,4978,00:28:21.228,Ball Receipt*,
,,,,,,,,,,,,,,,,,,,,,,,,,,,,,,,,524a314e-e7b2-4618-96f4-6b5a81d9255f,2118,,"[23.1, 21.5]",3920410,73,,,,,,,,,,,,,,,,,,,,,,,,,2,From Free Kick,Gideon Mensah,23615.0,Left Wing Back,122,Mozambique,4978,"['ccdf2cdf-3a6f-4469-8c4d-c243893d79e2', '736b4773-b5e7-4656-86c8-8744a7fa3a08']",24,,,,,,,,,,,,,,,,Ghana,4885,00:28:24.136,Ball Receipt*,True
,,Incomplete,,,,,,,,,,,,,,,,,,,,,,,,,,,,,,fe8bdf5f-9a70-4360-90bb-c8918de840f4,2122,,"[74.2, 4.9]",3920410,73,,,,,,,,,,,,,,,,,,,,,,,,,2,From Free Kick,Jordan Ayew,3450.0,Left Attacking Midfield,122,Mozambique,4978,['55688791-4dd8-49bb-84b2-1b0d2e582032'],28,,,,,,,,,,,,,,,,Ghana,4885,00:28:28.451,Ball Receipt*,
,,,,,,,,,,,,,,,,,,,,,,,,,,,,,,,,8c252dba-1642-4372-9695-50f76571ecdf,2127,,"[91.5, 69.7]",3920410,73,,,,,,,,,,,,,,,,,,,,,,,,,2,From Free Kick,Elias Gaspar Pelembe,106074.0,Left Defensive Midfield,122,Mozambique,4978,['4b349f5c-2abf-45d9-ae4e-1f4522214fc8'],36,,,,,,,,,,,,,,,,Mozambique,4978,00:28:36.615,Ball Receipt*,
,,,,,,,,,,,,,,,,,,,,,,,,,,,,,,,,0b260abc-7374-496b-b049-2264c7878245,2133,,"[105.9, 48.4]",3920410,74,,,,,,,,,,,,,,,,,,,,,,,,,2,From Free Kick,Gildo Lourenço Vilanculos,106068.0,Left Midfield,123,Mozambique,4978,['2d1d7929-2d4e-46ee-ade2-8ac76345ab4d'],25,,,,,,,,,,,,,,,,Mozambique,4978,00:29:25.241,Ball Receipt*,
,,Incomplete,,,,,,,,,,,,,,,,,,,,,,,,,,,,,,defe361a-1667-42f3-b42b-3a6eaa990fd4,2139,,"[66.0, 1.8]",3920410,76,,,,,,,,,,,,,,,,,,,,,,,,,2,From Goal Kick,Jordan Ayew,3450.0,Left Attacking Midfield,124,Ghana,4885,['b893c7f2-b79d-4d9d-a567-7ea818e6c727'],38,,,,,,,,,,,,,,,,Ghana,4885,00:31:38.037,Ball Receipt*,
,,,,,,,,,,,,,,,,,,,,,,,,,,,,,,,,2a8cad43-d5b7-4b2f-bdc3-abe83ae3428e,2144,,"[84.0, 2.2]",3920410,77,,,,,,,,,,,,,,,,,,,,,,,,,2,From Throw In,Jordan Ayew,3450.0,Left Attacking Midfield,125,Ghana,4885,"['d94cec08-5108-4d7c-a52b-edf09ba51100', '59bc8bdf-40cd-4431-b9da-6bce8263b397']",1,,,,,,,,,,,,,,,,Ghana,4885,00:32:01.983,Ball Receipt*,True
,,Incomplete,,,,,,,,,,,,,,,,,,,,,,,,,,,,,,cc65bcb3-c859-4b69-99c3-281cd897919c,2154,,"[81.1, 20.1]",3920410,77,,,,,,,,,,,,,,,,,,,,,,,,,2,From Throw In,Bruno Alberto Langa,106070.0,Left Back,125,Ghana,4885,['42114d45-42f8-49f2-a129-fa7686cc529e'],14,,,,,,,,,,,,,,,,Mozambique,4978,00:32:14.592,Ball Receipt*,
,,,,,,,,,,,,,,,,,,,,,,,,,,,,,,,,9e712f7c-a5a3-49b9-8502-02defd74bb9a,2160,,"[71.6, 69.3]",3920410,77,,,,,,,,,,,,,,,,,,,,,,,,,2,From Throw In,Alidu Seidu,45047.0,Right Wing Back,125,Ghana,4885,['714df9ae-623d-45c3-8cbc-346fbd995814'],20,,,,,,,,,,,,,,,,Ghana,4885,00:32:20.587,Ball Receipt*,
,,Incomplete,,,,,,,,,,,,,,,,,,,,,,,,,,,,,,ed2dc281-a059-4c03-85d7-2dd114fb1f74,2163,,"[104.8, 44.5]",3920410,77,,,,,,,,,,,,,,,,,,,,,,,,,2,From Throw In,André Ayew Pelé,3347.0,Center Forward,125,Ghana,4885,['a8cb97b8-9b9e-4477-a7c1-f98220b1276b'],22,,,,,,,,,,,,,,,,Ghana,4885,00:32:22.986,Ball Receipt*,
,,,,,,,,,,,,,,,,,,,,,,,,,,,,,,,,5185df4f-9cca-4fdf-ac91-c791abdb2bc9,2169,,"[56.3, 42.3]",3920410,77,,,,,,,,,,,,,,,,,,,,,,,,,2,From Throw In,Alexander Djiku,2989.0,Center Back,125,Ghana,4885,['d663ea7c-7d54-4c00-a8c0-3a3021b4c872'],29,,,,,,,,,,,,,,,,Ghana,4885,00:32:29.417,Ball Receipt*,
,,,,,,,,,,,,,,,,,,,,,,,,,,,,,,,,fb2334d1-97eb-43af-8aea-b83ffe2238d5,2172,,"[56.1, 16.0]",3920410,77,,,,,,,,,,,,,,,,,,,,,,,,,2,From Throw In,Mohamed Salisu,30519.0,Left Center Back,125,Ghana,4885,['1775a212-2692-4e5f-a82a-4fa30b30bea4'],33,,,,,,,,,,,,,,,,Ghana,4885,00:32:33.112,Ball Receipt*,
,,Incomplete,,,,,,,,,,,,,,,,,,,,,,,,,,,,,,99d39597-6589-4e2d-969c-3ada05d2229e,2175,,"[91.0, 19.0]",3920410,77,,,,,,,,,,,,,,,,,,,,,,,,,2,From Throw In,André Ayew Pelé,3347.0,Center Forward,125,Ghana,4885,['c325e17d-1dd7-454a-8231-eaebc58395ee'],34,,,,,,,,,,,,,,,,Ghana,4885,00:32:34.650,Ball Receipt*,
,,,,,,,,,,,,,,,,,,,,,,,,,,,,,,,,46a7a46e-8fa6-4897-9368-43e8d2bdbde7,2184,,"[15.1, 17.6]",3920410,77,,,,,,,,,,,,,,,,,,,,,,,,,2,Regular Play,Bruno Alberto Langa,106070.0,Left Back,126,Mozambique,4978,['f9e9cbbe-8d95-40b6-848f-c68bff619670'],48,,,,,,,,,,,,,,,,Mozambique,4978,00:32:48.998,Ball Receipt*,
,,,,,,,,,,,,,,,,,,,,,,,,,,,,,,,,09577d1f-db73-4b0c-8860-ab888d9d01ce,2186,,"[21.3, 38.9]",3920410,77,,,,,,,,,,,,,,,,,,,,,,,,,2,Regular Play,Edson André Sitoe,3250.0,Right Center Back,126,Mozambique,4978,['90732193-0201-4a81-93c2-3e665c02adac'],55,,,,,,,,,,,,,,,,Mozambique,4978,00:32:55.392,Ball Receipt*,
,,,,,,,,,,,,,,,,,,,,,,,,,,,,,,,,f458f762-07d5-4d02-a8c2-a14fa43e27b4,2189,,"[32.3, 69.9]",3920410,77,,,,,,,,,,,,,,,,,,,,,,,,,2,Regular Play,Infren David da Conceição Matola,417067.0,Right Back,126,Mozambique,4978,['753f8c54-b5b5-4ca9-9fc6-aa3789f324db'],58,,,,,,,,,,,,,,,,Mozambique,4978,00:32:58.394,Ball Receipt*,
,,,,,,,,,,,,,,,,,,,,,,,,,,,,,,,,8741a691-3ef5-4665-87e5-45ca7404cff1,2193,,"[53.1, 76.5]",3920410,78,,,,,,,,,,,,,,,,,,,,,,,,,2,Regular Play,Geny Cipriano Catamo,127300.0,Right Midfield,126,Mozambique,4978,"['dbe4c596-7796-46c9-abed-228213d727a2', '58c7194d-4ed7-4854-88f2-162bb7e242fe']",1,,,,,,,,,,,,,,,,Mozambique,4978,00:33:01.747,Ball Receipt*,True
,,,,,,,,,,,,,,,,,,,,,,,,,,,,,,,,bd4607d8-894f-4dc6-856b-2ab43cb5813f,2198,,"[45.2, 50.8]",3920410,78,,,,,,,,,,,,,,,,,,,,,,,,,2,From Free Kick,Reinildo Isnard Mandava,10848.0,Left Center Back,127,Mozambique,4978,['075453a8-d091-418e-94db-e7bfddfabc22'],29,,,,,,,,,,,,,,,,Mozambique,4978,00:33:29.028,Ball Receipt*,
,,,,,,,,,,,,,,,,,,,,,,,,,,,,,,,,b4f521ff-3a91-4690-ab38-18f4f5619c9e,2202,,"[56.7, 47.6]",3920410,78,,,,,,,,,,,,,,,,,,,,,,,,,2,From Free Kick,Ricardo Martins Guimarães,29482.0,Right Defensive Midfield,127,Mozambique,4978,"['51d3552b-3ed2-4305-9e88-bd9f0dc91684', 'b41a5f2d-e73a-4b42-a6ba-da8096cbd322']",30,,,,,,,,,,,,,,,,Mozambique,4978,00:33:30.731,Ball Receipt*,True
,,,,,,,,,,,,,,,,,,,,,,,,,,,,,,,,76f2519f-eb02-47c0-aecb-2819183b5aa1,2204,,"[46.1, 65.7]",3920410,78,,,,,,,,,,,,,,,,,,,,,,,,,2,From Free Kick,Edson André Sitoe,3250.0,Right Center Back,127,Mozambique,4978,['4b732d77-14bd-4c6a-87d3-bd03e0230a6b'],32,,,,,,,,,,,,,,,,Mozambique,4978,00:33:32.549,Ball Receipt*,
,,,,,,,,,,,,,,,,,,,,,,,,,,,,,,,,d81d19e2-02f5-4337-9622-7e17b35a17b2,2208,,"[19.5, 56.8]",3920410,78,,,,,,,,,,,,,,,,,,,,,,,,,2,From Free Kick,Ivane Carminio Francisco Urrubal,161718.0,Goalkeeper,127,Mozambique,4978,['309e1ef2-36eb-4ecf-aa6c-42b720459ad4'],38,,,,,,,,,,,,,,,,Mozambique,4978,00:33:38.026,Ball Receipt*,
,,,,,,,,,,,,,,,,,,,,,,,,,,,,,,,,faee7eb8-0103-47be-9382-981dc786b947,2211,,"[31.9, 43.3]",3920410,78,,,,,,,,,,,,,,,,,,,,,,,,,2,From Free Kick,Reinildo Isnard Mandava,10848.0,Left Center Back,127,Mozambique,4978,['ed7d4c43-bdf7-4c3d-8a1c-edb62c2cb978'],40,,,,,,,,,,,,,,,,Mozambique,4978,00:33:40.434,Ball Receipt*,
,,,,,,,,,,,,,,,,,,,,,,,,,,,,,,,,8094bccf-0b3e-456b-ae41-9a43b51f9831,2214,,"[48.5, 53.0]",3920410,78,,,,,,,,,,,,,,,,,,,,,,,,,2,From Free Kick,Ricardo Martins Guimarães,29482.0,Right Defensive Midfield,127,Mozambique,4978,['e06467cf-b06e-4757-a0cd-8ba8599e1f1c'],43,,,,,,,,,,,,,,,,Mozambique,4978,00:33:43.311,Ball Receipt*,
,,,,,,,,,,,,,,,,,,,,,,,,,,,,,,,,1ddf1ff4-12ab-4ad8-b15c-864ac951ad2f,2216,,"[36.3, 72.8]",3920410,78,,,,,,,,,,,,,,,,,,,,,,,,,2,From Free Kick,Edson André Sitoe,3250.0,Right Center Back,127,Mozambique,4978,['95e017e0-4c0f-4dd3-b7a3-d4be48142aab'],45,,,,,,,,,,,,,,,,Mozambique,4978,00:33:45.331,Ball Receipt*,
,,Incomplete,,,,,,,,,,,,,,,,,,,,,,,,,,,,,,ecc1e14e-243c-4973-b1ad-c7f66de42930,2219,,"[90.8, 71.5]",3920410,78,,,,,,,,,,,,,,,,,,,,,,,,,2,From Free Kick,Elias Gaspar Pelembe,106074.0,Left Defensive Midfield,127,Mozambique,4978,['165c40b6-14c9-47a3-98b7-0a829a261433'],49,,,,,,,,,,,,,,,,Mozambique,4978,00:33:49.263,Ball Receipt*,
,,Incomplete,,,,,,,,,,,,,,,,,,,,,,,,,,,,,,49d6ea00-d65b-4c16-8dff-809c5075a160,2223,,"[49.2, 14.2]",3920410,78,,,,,,,,,,,,,,,,,,,,,,,,,2,From Free Kick,André Ayew Pelé,3347.0,Center Forward,127,Mozambique,4978,['594a7dec-dc44-4f23-8fdf-7909c8e442dc'],52,,,,,,,,,,,,,,,,Ghana,4885,00:33:52.633,Ball Receipt*,
,,,,,,,,,,,,,,,,,,,,,,,,,,,,,,,,4c1fce15-895b-4819-89c3-42649800d64c,2232,,"[61.3, 8.4]",3920410,78,,,,,,,,,,,,,,,,,,,,,,,,,2,Regular Play,Jordan Ayew,3450.0,Left Attacking Midfield,128,Ghana,4885,['c38d8138-8b29-4440-9e85-b173ab779967'],56,,,,,,,,,,,,,,,,Ghana,4885,00:33:56.401,Ball Receipt*,
,,,,,,,,,,,,,,,,,,,,,,,,,,,,,,,,de9436be-685f-4345-a3db-af5026af9a66,2236,,"[83.6, 3.6]",3920410,79,,,,,,,,,,,,,,,,,,,,,,,,,2,Regular Play,André Ayew Pelé,3347.0,Center Forward,128,Ghana,4885,['6270ade0-4b1b-4fde-9342-898813f7c23d'],3,,,,,,,,,,,,,,,,Ghana,4885,00:34:03.151,Ball Receipt*,
,,,,,,,,,,,,,,,,,,,,,,,,,,,,,,,,7816514b-8a02-409a-8335-c8fab39fab77,2239,,"[91.1, 2.0]",3920410,79,,,,,,,,,,,,,,,,,,,,,,,,,2,Regular Play,Jordan Ayew,3450.0,Left Attacking Midfield,128,Ghana,4885,['2a21282a-e380-49c9-a49f-ff6dadcca218'],8,,,,,,,,,,,,,,,,Ghana,4885,00:34:08.001,Ball Receipt*,
,,,,,,,,,,,,,,,,,,,,,,,,,,,,,,,,02fb1a4b-197b-4c10-a47b-eb1cf2c94951,2242,,"[89.5, 16.2]",3920410,79,,,,,,,,,,,,,,,,,,,,,,,,,2,Regular Play,Salis Abdul Samed,31029.0,Right Defensive Midfield,128,Ghana,4885,['9f76006b-2498-45a5-bd8f-5305ec8e0ffa'],9,,,,,,,,,,,,,,,,Ghana,4885,00:34:09.610,Ball Receipt*,
,,,,,,,,,,,,,,,,,,,,,,,,,,,,,,,,f23096f7-719d-4cd0-bd93-ff4338213fd3,2250,,"[101.3, 6.5]",3920410,79,,,,,,,,,,,,,,,,,,,,,,,,,2,Regular Play,Pachoio Lau Há King,106082.0,Right Center Forward,128,Ghana,4885,['412eb341-a3a5-4fe4-82c4-501acbc8454c'],22,,,,,,,,,,,,,,,,Mozambique,4978,00:34:22.330,Ball Receipt*,
,,Incomplete,,,,,,,,,,,,,,,,,,,,,,,,,,,,,,b41eee08-fa77-4e18-8067-41d7faa2a51b,2253,,"[106.5, 35.6]",3920410,79,,,,,,,,,,,,,,,,,,,,,,,,,2,Regular Play,Stanley Ratifo,127547.0,Left Center Forward,128,Ghana,4885,['914988c4-9a5a-428a-a03f-8b15b5a8fcb3'],25,,,,,,,,,,,,,,,,Mozambique,4978,00:34:25.413,Ball Receipt*,
,,,,,,,,,,,,,,,,,,,,,,,,,,,,,,,,813d4446-daa3-4b0a-8139-ee2b430e36c5,2257,,"[27.7, 71.8]",3920410,79,,,,,,,,,,,,,,,,,,,,,,,,,2,Regular Play,Daniel Amartey,3709.0,Right Center Back,128,Ghana,4885,['4b3c08f5-2820-4c33-88b3-61c4be8aca79'],29,,,,,,,,,,,,,,,,Ghana,4885,00:34:29.524,Ball Receipt*,
,,,,,,,,,,,,,,,,,,,,,,,,,,,,,,,,0c5bf57e-ceb2-4eac-97c2-89097d8c8887,2259,,"[53.2, 70.9]",3920410,79,,,,,,,,,,,,,,,,,,,,,,,,,2,Regular Play,Mohammed Kudus,17033.0,Right Attacking Midfield,128,Ghana,4885,['ae3c6a4c-94ea-43f0-9d92-373b5e873e73'],31,,,,,,,,,,,,,,,,Ghana,4885,00:34:31.147,Ball Receipt*,
,,,,,,,,,,,,,,,,,,,,,,,,,,,,,,,,73d5a3e1-3faf-42a8-9a82-347fe6fa255a,2264,,"[76.0, 57.0]",3920410,79,,,,,,,,,,,,,,,,,,,,,,,,,2,Regular Play,Salis Abdul Samed,31029.0,Right Defensive Midfield,128,Ghana,4885,"['005e1294-de96-4d85-81eb-36702c7ea873', '5feaf708-a60b-4db0-b303-f3a2574a0722']",37,,,,,,,,,,,,,,,,Ghana,4885,00:34:37.453,Ball Receipt*,True
,,Incomplete,,,,,,,,,,,,,,,,,,,,,,,,,,,,,,97ede741-7d12-4001-a5d3-f2ac8aa556b0,2267,,"[88.4, 66.3]",3920410,79,,,,,,,,,,,,,,,,,,,,,,,,,2,Regular Play,Mohammed Kudus,17033.0,Right Attacking Midfield,128,Ghana,4885,['9bfb86de-3361-4117-96ce-423f52926c76'],38,,,,,,,,,,,,,,,,Ghana,4885,00:34:38.341,Ball Receipt*,
,,,,,,,,,,,,,,,,,,,,,,,,,,,,,,,,6dccd21d-474f-4efc-93c8-d27611d92c46,2271,,"[39.9, 14.3]",3920410,79,,,,,,,,,,,,,,,,,,,,,,,,,2,Regular Play,Reinildo Isnard Mandava,10848.0,Left Center Back,129,Mozambique,4978,['cf8f342c-1c30-4355-ac85-964c78b76be0'],41,,,,,,,,,,,,,,,,Mozambique,4978,00:34:41.330,Ball Receipt*,
,,,,,,,,,,,,,,,,,,,,,,,,,,,,,,,,86b6d6f7-156c-4baa-9ec8-1e83b40750e7,2274,,"[30.8, 34.6]",3920410,79,,,,,,,,,,,,,,,,,,,,,,,,,2,Regular Play,Edson André Sitoe,3250.0,Right Center Back,129,Mozambique,4978,['7c8421f3-82fb-4c85-9b5c-382ef227a71f'],43,,,,,,,,,,,,,,,,Mozambique,4978,00:34:43.918,Ball Receipt*,
,,,,,,,,,,,,,,,,,,,,,,,,,,,,,,,,f6e16b0a-9c93-4cd3-b823-0c239596de44,2277,,"[57.2, 47.5]",3920410,79,,,,,,,,,,,,,,,,,,,,,,,,,2,Regular Play,Ricardo Martins Guimarães,29482.0,Right Defensive Midfield,129,Mozambique,4978,['050c4667-2f8e-47a1-a27a-ffdb9b0bbaed'],47,,,,,,,,,,,,,,,,Mozambique,4978,00:34:47.569,Ball Receipt*,
,,,,,,,,,,,,,,,,,,,,,,,,,,,,,,,,cf248c64-b742-4949-8bcd-9094366abe16,2280,,"[73.3, 78.9]",3920410,79,,,,,,,,,,,,,,,,,,,,,,,,,2,Regular Play,Infren David da Conceição Matola,417067.0,Right Back,129,Mozambique,4978,['db56fc8d-eab6-4c7e-95d9-db206ad8a700'],51,,,,,,,,,,,,,,,,Mozambique,4978,00:34:51.227,Ball Receipt*,
,,Incomplete,,,,,,,,,,,,,,,,,,,,,,,,,,,,,,bb1e5eca-6aba-498f-b6a6-679812a9eb84,2283,,"[106.8, 50.0]",3920410,79,,,,,,,,,,,,,,,,,,,,,,,,,2,Regular Play,Stanley Ratifo,127547.0,Left Center Forward,129,Mozambique,4978,['d1dd7cea-4e9b-47c4-ad8d-07cad97dd249'],54,,,,,,,,,,,,,,,,Mozambique,4978,00:34:54.796,Ball Receipt*,
,,,,,,,,,,,,,,,,,,,,,,,,,,,,,,,,8c2a4106-bc1e-4a0a-80ac-3075edf7b2d0,2288,,"[58.1, 2.6]",3920410,80,,,,,,,,,,,,,,,,,,,,,,,,,2,Regular Play,Jordan Ayew,3450.0,Left Attacking Midfield,129,Mozambique,4978,['7d580b93-466f-4eac-84f6-612f8ceb0de0'],0,,,,,,,,,,,,,,,,Ghana,4885,00:35:00.253,Ball Receipt*,
,,,,,,,,,,,,,,,,,,,,,,,,,,,,,,,,7ff7ddda-723b-453d-a09b-c864c015d3f4,2298,,"[39.9, 58.9]",3920410,81,,,,,,,,,,,,,,,,,,,,,,,,,2,From Goal Kick,Elias Gaspar Pelembe,106074.0,Left Defensive Midfield,131,Mozambique,4978,['3cc87ae2-c025-442c-b43a-a645dd561ef8'],6,,,,,,,,,,,,,,,,Mozambique,4978,00:36:06.474,Ball Receipt*,
,,Incomplete,,,,,,,,,,,,,,,,,,,,,,,,,,,,,,876bab4d-eb14-419c-b3ff-9d399b9d942b,2302,,"[78.2, 72.4]",3920410,81,,,,,,,,,,,,,,,,,,,,,,,,,2,From Goal Kick,Pachoio Lau Há King,106082.0,Right Center Forward,131,Mozambique,4978,['c78f1306-04bb-4b79-a0bd-0b110a95da4f'],13,,,,,,,,,,,,,,,,Mozambique,4978,00:36:13.013,Ball Receipt*,
,,,,,,,,,,,,,,,,,,,,,,,,,,,,,,,,ed0f442b-3d72-4d11-893b-55cf8a7bfb2f,2305,,"[75.8, 67.4]",3920410,81,,,,,,,,,,,,,,,,,,,,,,,,,2,From Throw In,Elias Gaspar Pelembe,106074.0,Left Defensive Midfield,132,Mozambique,4978,['df9e467a-8dbd-4535-9229-5b42e7fbb368'],20,,,,,,,,,,,,,,,,Mozambique,4978,00:36:20.384,Ball Receipt*,
,,,,,,,,,,,,,,,,,,,,,,,,,,,,,,,,4042ee60-7c2e-4655-8041-be6a62a5d581,2312,,"[50.0, 10.9]",3920410,81,,,,,,,,,,,,,,,,,,,,,,,,,2,Regular Play,André Ayew Pelé,3347.0,Center Forward,133,Ghana,4885,"['a25ce373-28f7-4593-8b75-db2c5e4b9bd0', '8c552142-b094-4d19-b653-ea2d7c42a968']",22,,,,,,,,,,,,,,,,Ghana,4885,00:36:22.250,Ball Receipt*,True
,,,,,,,,,,,,,,,,,,,,,,,,,,,,,,,,0c495a42-e38b-4065-aba4-0b6a21e3fc9c,2314,,"[45.0, 25.3]",3920410,81,,,,,,,,,,,,,,,,,,,,,,,,,2,Regular Play,Salis Abdul Samed,31029.0,Right Defensive Midfield,133,Ghana,4885,['3d99623b-0eff-44d9-bb5e-5f3ac4ddc5e7'],23,,,,,,,,,,,,,,,,Ghana,4885,00:36:23.485,Ball Receipt*,
,,,,,,,,,,,,,,,,,,,,,,,,,,,,,,,,18c350ba-c625-4ccc-86fc-479ce456afc4,2317,,"[65.4, 42.7]",3920410,81,,,,,,,,,,,,,,,,,,,,,,,,,2,Regular Play,Mohammed Kudus,17033.0,Right Attacking Midfield,133,Ghana,4885,['cb7b2446-453a-4fba-98f4-5b5068cd802d'],28,,,,,,,,,,,,,,,,Ghana,4885,00:36:28.045,Ball Receipt*,
,,Incomplete,,,,,,,,,,,,,,,,,,,,,,,,,,,,,,58b5ca6f-f450-412c-ac2f-2dca7068ec41,2321,,"[60.5, 39.0]",3920410,81,,,,,,,,,,,,,,,,,,,,,,,,,2,Regular Play,André Ayew Pelé,3347.0,Center Forward,133,Ghana,4885,['306f77a6-1a7f-4fae-803f-b75f52c7f2c8'],29,,,,,,,,,,,,,,,,Ghana,4885,00:36:29.701,Ball Receipt*,
,,,,,,,,,,,,,,,,,,,,,,,,,,,,,,,,226d71f9-95e0-4e9b-ba9b-aef9c5a3f036,2334,,"[32.1, 8.1]",3920410,84,,,,,,,,,,,,,,,,,,,,,,,,,2,From Keeper,Bruno Alberto Langa,106070.0,Left Back,136,Mozambique,4978,['78ffeb7f-020c-4586-be70-9fe240fc2230'],27,,,,,,,,,,,,,,,,Mozambique,4978,00:39:27.918,Ball Receipt*,
,,,,,,,,,,,,,,,,,,,,,,,,,,,,,,,,769b0820-02bc-477e-811a-b4e77165d310,2336,,"[25.4, 17.0]",3920410,84,,,,,,,,,,,,,,,,,,,,,,,,,2,From Keeper,Reinildo Isnard Mandava,10848.0,Left Center Back,136,Mozambique,4978,['4cca8828-f1da-4b5e-83c9-ae44048e2410'],38,,,,,,,,,,,,,,,,Mozambique,4978,00:39:38.111,Ball Receipt*,
,,,,,,,,,,,,,,,,,,,,,,,,,,,,,,,,93b80307-6590-47ed-9bdf-cdb980ade7ca,2338,,"[40.6, 36.9]",3920410,84,,,,,,,,,,,,,,,,,,,,,,,,,2,From Keeper,Elias Gaspar Pelembe,106074.0,Left Defensive Midfield,136,Mozambique,4978,['9956e87f-2d74-43a6-80b6-6b378dbb6d63'],41,,,,,,,,,,,,,,,,Mozambique,4978,00:39:41.122,Ball Receipt*,
,,,,,,,,,,,,,,,,,,,,,,,,,,,,,,,,6faa2444-d0e5-4a6f-93a7-54296d045187,2341,,"[57.4, 35.2]",3920410,84,,,,,,,,,,,,,,,,,,,,,,,,,2,From Keeper,Ricardo Martins Guimarães,29482.0,Right Defensive Midfield,136,Mozambique,4978,['ff102b83-7b03-4fbc-aa59-880af4a36764'],43,,,,,,,,,,,,,,,,Mozambique,4978,00:39:43.270,Ball Receipt*,
,,,,,,,,,,,,,,,,,,,,,,,,,,,,,,,,f43aec11-d4d3-47ca-8a89-eee086e1e49e,2343,,"[45.6, 60.9]",3920410,84,,,,,,,,,,,,,,,,,,,,,,,,,2,From Keeper,Edson André Sitoe,3250.0,Right Center Back,136,Mozambique,4978,['56d815a4-2d4e-4b77-9b2b-29ae9472331f'],44,,,,,,,,,,,,,,,,Mozambique,4978,00:39:44.820,Ball Receipt*,
,,,,,,,,,,,,,,,,,,,,,,,,,,,,,,,,bfd4b171-d6e2-4928-b153-47afde0bf99d,2346,,"[62.7, 78.9]",3920410,84,,,,,,,,,,,,,,,,,,,,,,,,,2,From Keeper,Infren David da Conceição Matola,417067.0,Right Back,136,Mozambique,4978,['425b26b9-3deb-4325-bce4-351c96503e1e'],47,,,,,,,,,,,,,,,,Mozambique,4978,00:39:47.169,Ball Receipt*,
,,,,,,,,,,,,,,,,,,,,,,,,,,,,,,,,22d4b3ff-a7af-4aa5-aad8-7266c40ae815,2350,,"[71.5, 68.8]",3920410,84,,,,,,,,,,,,,,,,,,,,,,,,,2,From Keeper,Geny Cipriano Catamo,127300.0,Right Midfield,136,Mozambique,4978,['4e2f4db5-1eaa-47b5-9518-23ac01aa0d46'],49,,,,,,,,,,,,,,,,Mozambique,4978,00:39:49.432,Ball Receipt*,
,,,,,,,,,,,,,,,,,,,,,,,,,,,,,,,,b9fd6749-2c34-4f21-8fdd-2b5384c2930b,2367,,"[8.2, 69.9]",3920410,85,,,,,,,,,,,,,,,,,,,,,,,,,2,From Keeper,Ricardo Martins Guimarães,29482.0,Right Defensive Midfield,136,Mozambique,4978,"['a8435111-fd5b-4be8-b6e0-a8ad15aa67a1', '93b9b995-c1bd-47a0-bd65-9a6b413b67ed']",6,,,,,,,,,,,,,,,,Mozambique,4978,00:40:06.923,Ball Receipt*,True
,,,,,,,,,,,,,,,,,,,,,,,,,,,,,,,,a28ab492-29a7-4f38-a4f2-ddda8e475ff1,2370,,"[16.9, 76.1]",3920410,85,,,,,,,,,,,,,,,,,,,,,,,,,2,From Keeper,Geny Cipriano Catamo,127300.0,Right Midfield,136,Mozambique,4978,['4ec9f38f-5be1-4c0b-a55c-30037143411a'],7,,,,,,,,,,,,,,,,Mozambique,4978,00:40:07.938,Ball Receipt*,
,,,,,,,,,,,,,,,,,,,,,,,,,,,,,,,,0b6bb162-e639-4ed0-aa18-4a47a517fe23,2374,,"[8.9, 77.5]",3920410,85,,,,,,,,,,,,,,,,,,,,,,,,,2,From Keeper,Edson André Sitoe,3250.0,Right Center Back,136,Mozambique,4978,"['6bf573e7-ec9b-4317-85e6-2dcf864973a5', '0edddfa6-05fa-4045-b8e3-3021b3809c26']",9,,,,,,,,,,,,,,,,Mozambique,4978,00:40:09.448,Ball Receipt*,True
,,,,,,,,,,,,,,,,,,,,,,,,,,,,,,,,9d08afce-38b7-44a6-9c7b-1a75aadfbab0,2377,,"[34.3, 60.1]",3920410,85,,,,,,,,,,,,,,,,,,,,,,,,,2,From Keeper,Elias Gaspar Pelembe,106074.0,Left Defensive Midfield,136,Mozambique,4978,['40a7f8c5-9d13-4e8b-b5d5-26bca3e951bc'],11,,,,,,,,,,,,,,,,Mozambique,4978,00:40:11.998,Ball Receipt*,
,,,,,,,,,,,,,,,,,,,,,,,,,,,,,,,,0c99e639-f8a5-4616-979b-c1369698d35e,2382,,"[67.1, 55.3]",3920410,85,,,,,,,,,,,,,,,,,,,,,,,,,2,From Keeper,Geny Cipriano Catamo,127300.0,Right Midfield,136,Mozambique,4978,"['ec242e0a-0435-43bb-9d61-4b2f51bc5312', '99fc3cd8-98a9-40ae-8dd4-a17a1bc637e8']",18,,,,,,,,,,,,,,,,Mozambique,4978,00:40:18.410,Ball Receipt*,True
,,,,,,,,,,,,,,,,,,,,,,,,,,,,,,,,f184ecff-6146-445f-9c08-320bdb856e68,2385,,"[110.6, 13.0]",3920410,85,,,,,,,,,,,,,,,,,,,,,,,,,2,From Keeper,Gildo Lourenço Vilanculos,106068.0,Left Midfield,136,Mozambique,4978,['1eb917a1-4156-4529-a843-c99bad958c29'],26,,,,,,,,,,,,,,,,Mozambique,4978,00:40:26.899,Ball Receipt*,
,,Incomplete,,,,,,,,,,,,,,,,,,,,,,,,,,,,,,27964f01-347a-4d22-8d6b-08ead27a7b05,2389,,"[110.3, 16.8]",3920410,85,,,,,,,,,,,,,,,,,,,,,,,,,2,From Keeper,Bruno Alberto Langa,106070.0,Left Back,136,Mozambique,4978,['8fbf6354-55b6-4be9-9ced-a93d4da1b5cc'],28,,,,,,,,,,,,,,,,Mozambique,4978,00:40:28.545,Ball Receipt*,
,,,,,,,,,,,,,,,,,,,,,,,,,,,,,,,,f7c16e16-2de2-4322-9305-1662cef0d3f0,2395,,"[76.2, 33.6]",3920410,85,,,,,,,,,,,,,,,,,,,,,,,,,2,From Keeper,Ricardo Martins Guimarães,29482.0,Right Defensive Midfield,136,Mozambique,4978,['aaa32f26-e21e-4a9e-aa4e-93aaff67c48c'],33,,,,,,,,,,,,,,,,Mozambique,4978,00:40:33.488,Ball Receipt*,
,,,,,,,,,,,,,,,,,,,,,,,,,,,,,,,,fc36e47c-f53c-41ad-a62e-d3d143f4bb48,2398,,"[85.9, 55.5]",3920410,85,,,,,,,,,,,,,,,,,,,,,,,,,2,From Keeper,Elias Gaspar Pelembe,106074.0,Left Defensive Midfield,136,Mozambique,4978,['04843531-0ba3-4916-9118-61e07518e8f6'],35,,,,,,,,,,,,,,,,Mozambique,4978,00:40:35.657,Ball Receipt*,
,,,,,,,,,,,,,,,,,,,,,,,,,,,,,,,,f49ac4c6-c659-450f-ba4a-1d7f84232682,2401,,"[93.2, 77.7]",3920410,85,,,,,,,,,,,,,,,,,,,,,,,,,2,From Keeper,Infren David da Conceição Matola,417067.0,Right Back,136,Mozambique,4978,['b65dd352-f907-4028-82b5-eb68bc965325'],39,,,,,,,,,,,,,,,,Mozambique,4978,00:40:39.923,Ball Receipt*,
,,Incomplete,,,,,,,,,,,,,,,,,,,,,,,,,,,,,,aded8743-bd00-430d-b89b-1769e4a833cc,2404,,"[110.8, 46.9]",3920410,85,,,,,,,,,,,,,,,,,,,,,,,,,2,From Keeper,Pachoio Lau Há King,106082.0,Right Center Forward,136,Mozambique,4978,['2ade29cd-d5eb-4cdd-b356-8bfaa6db6943'],42,,,,,,,,,,,,,,,,Mozambique,4978,00:40:42.632,Ball Receipt*,
,,Incomplete,,,,,,,,,,,,,,,,,,,,,,,,,,,,,,cba82657-4e0f-4706-8559-bc7b9c87e6ed,2407,,"[44.5, 16.0]",3920410,85,,,,,,,,,,,,,,,,,,,,,,,,,2,From Keeper,Jordan Ayew,3450.0,Left Attacking Midfield,136,Mozambique,4978,['71837ead-7f3e-4388-a122-7a309b22030d'],48,,,,,,,,,,,,,,,,Ghana,4885,00:40:48.463,Ball Receipt*,
,,Incomplete,,,,,,,,,,,,,,,,,,,,,,,,,,,,,,384d0af4-e79c-4007-8c63-5ae17c5e74e4,2410,,"[97.9, 53.5]",3920410,85,,,,,,,,,,,,,,,,,,,,,,,,,2,From Keeper,Stanley Ratifo,127547.0,Left Center Forward,136,Mozambique,4978,['fd47b36d-8f62-4f17-a48d-55a2683f93c9'],50,,,,,,,,,,,,,,,,Mozambique,4978,00:40:50.112,Ball Receipt*,
,,,,,,,,,,,,,,,,,,,,,,,,,,,,,,,,7038c000-c4ac-451a-9445-b2fa1701d5e7,2416,,"[90.0, 1.2]",3920410,86,,,,,,,,,,,,,,,,,,,,,,,,,2,From Free Kick,Jordan Ayew,3450.0,Left Attacking Midfield,137,Ghana,4885,['a66da3f5-7ace-4b47-876e-0ae9aacd83e3'],48,,,,,,,,,,,,,,,,Ghana,4885,00:41:48.135,Ball Receipt*,
,,,,,,,,,,,,,,,,,,,,,,,,,,,,,,,,c880f8bd-84a1-48db-9caf-acc393d14487,2421,,"[12.7, 67.4]",3920410,86,,,,,,,,,,,,,,,,,,,,,,,,,2,From Throw In,Edson André Sitoe,3250.0,Right Center Back,138,Mozambique,4978,['0593d576-b930-4db9-8815-d031ea2c178b'],54,,,,,,,,,,,,,,,,Mozambique,4978,00:41:54.202,Ball Receipt*,
,,,,,,,,,,,,,,,,,,,,,,,,,,,,,,,,081488e2-061b-4e1f-8a8e-2832c165584a,2425,,"[12.2, 44.5]",3920410,86,,,,,,,,,,,,,,,,,,,,,,,,,2,From Throw In,Reinildo Isnard Mandava,10848.0,Left Center Back,138,Mozambique,4978,['35e512ce-d0ce-42af-a63e-ac7301f5032f'],56,,,,,,,,,,,,,,,,Mozambique,4978,00:41:56.797,Ball Receipt*,
,,,,,,,,,,,,,,,,,,,,,,,,,,,,,,,,eb9aee0d-95a8-4ed3-8471-16e59c4ccb76,2428,,"[29.7, 47.1]",3920410,86,,,,,,,,,,,,,,,,,,,,,,,,,2,From Throw In,Shaquille Momad Nangy,136069.0,Center Defensive Midfield,138,Mozambique,4978,['04cd85f4-29c0-4240-a256-6810efd8de17'],58,,,,,,,,,,,,,,,,Mozambique,4978,00:41:58.855,Ball Receipt*,
,,,,,,,,,,,,,,,,,,,,,,,,,,,,,,,,397e610e-1b96-480a-87da-c01c5966168a,2431,,"[15.1, 77.5]",3920410,87,,,,,,,,,,,,,,,,,,,,,,,,,2,From Throw In,Edson André Sitoe,3250.0,Right Center Back,138,Mozambique,4978,['5f12e75a-6d8b-411e-ba6b-439da60adab2'],1,,,,,,,,,,,,,,,,Mozambique,4978,00:42:01.609,Ball Receipt*,
,,,,,,,,,,,,,,,,,,,,,,,,,,,,,,,,17d20096-c3cd-4624-a586-d0827f8dc457,2434,,"[29.1, 34.7]",3920410,87,,,,,,,,,,,,,,,,,,,,,,,,,2,From Throw In,Reinildo Isnard Mandava,10848.0,Left Center Back,138,Mozambique,4978,['f04a87db-57ec-4915-ac9c-921008d5c896'],11,,,,,,,,,,,,,,,,Mozambique,4978,00:42:11.657,Ball Receipt*,
,,,,,,,,,,,,,,,,,,,,,,,,,,,,,,,,9389321a-c3ee-4883-8888-725d44eada42,2437,,"[34.5, 28.5]",3920410,87,,,,,,,,,,,,,,,,,,,,,,,,,2,From Throw In,Shaquille Momad Nangy,136069.0,Center Defensive Midfield,138,Mozambique,4978,['0e0e3b91-0585-4b3c-98c7-f9fdf3348252'],13,,,,,,,,,,,,,,,,Mozambique,4978,00:42:13.491,Ball Receipt*,
,,,,,,,,,,,,,,,,,,,,,,,,,,,,,,,,6d4689b5-6e6f-4e0a-9116-b81a8e1315e6,2440,,"[71.1, 6.1]",3920410,87,,,,,,,,,,,,,,,,,,,,,,,,,2,From Throw In,Bruno Alberto Langa,106070.0,Left Back,138,Mozambique,4978,['92908e4d-4b56-47a1-a42f-eee08ce803c1'],17,,,,,,,,,,,,,,,,Mozambique,4978,00:42:17.340,Ball Receipt*,
,,Incomplete,,,,,,,,,,,,,,,,,,,,,,,,,,,,,,b80c20a3-f197-46b0-ad0c-d2f6ee1cb804,2443,,"[107.9, 40.7]",3920410,87,,,,,,,,,,,,,,,,,,,,,,,,,2,From Throw In,Stanley Ratifo,127547.0,Left Center Forward,138,Mozambique,4978,['167d2fee-c637-4e3f-9c4e-fb3021546b3f'],21,,,,,,,,,,,,,,,,Mozambique,4978,00:42:21.658,Ball Receipt*,
,,,,,,,,,,,,,,,,,,,,,,,,,,,,,,,,16fea2ea-533a-4c89-9dc4-6b7c41305a0c,2446,,"[8.0, 56.0]",3920410,87,,,,,,,,,,,,,,,,,,,,,,,,,2,Regular Play,Alexander Djiku,2989.0,Center Back,139,Ghana,4885,['4b0db2a8-c3b4-49fb-9d33-444983af8aac'],33,,,,,,,,,,,,,,,,Ghana,4885,00:42:33.893,Ball Receipt*,
,,,,,,,,,,,,,,,,,,,,,,,,,,,,,,,,077bdd9b-2b93-4d8f-aa39-697efa118643,2448,,"[8.7, 75.1]",3920410,87,,,,,,,,,,,,,,,,,,,,,,,,,2,Regular Play,Daniel Amartey,3709.0,Right Center Back,139,Ghana,4885,['3c5b30ae-5035-476f-ac67-670811385854'],35,,,,,,,,,,,,,,,,Ghana,4885,00:42:35.194,Ball Receipt*,
,,,,,,,,,,,,,,,,,,,,,,,,,,,,,,,,4364af91-e4b9-4239-b9e3-e438aada45e9,2452,,"[30.2, 56.2]",3920410,87,,,,,,,,,,,,,,,,,,,,,,,,,2,Regular Play,Salis Abdul Samed,31029.0,Right Defensive Midfield,139,Ghana,4885,"['b2320ffc-4ea6-4cf5-b921-56db9e0d555b', 'c5c0497f-fec3-4114-b5d8-b2248a69fe31']",37,,,,,,,,,,,,,,,,Ghana,4885,00:42:37.427,Ball Receipt*,True
,,Incomplete,,,,,,,,,,,,,,,,,,,,,,,,,,,,,,91b1d1d0-b0be-4846-89b4-f0545844a530,2455,,"[47.9, 62.9]",3920410,87,,,,,,,,,,,,,,,,,,,,,,,,,2,Regular Play,Mohammed Kudus,17033.0,Right Attacking Midfield,139,Ghana,4885,['1314f53e-74fe-45a4-970b-39c3da710e8a'],39,,,,,,,,,,,,,,,,Ghana,4885,00:42:39.368,Ball Receipt*,
,,,,,,,,,,,,,,,,,,,,,,,,,,,,,,,,f7868ff7-837a-473a-a7ac-5b2885d063a0,2457,,"[72.9, 20.1]",3920410,87,,,,,,,,,,,,,,,,,,,,,,,,,2,Regular Play,Bruno Alberto Langa,106070.0,Left Back,140,Mozambique,4978,['e83dbc93-ab3e-4f72-98dd-dc779740cac5'],40,,,,,,,,,,,,,,,,Mozambique,4978,00:42:40.127,Ball Receipt*,
,,Incomplete,,,,,,,,,,,,,,,,,,,,,,,,,,,,,,d090787a-a1a2-4757-9fd1-1574337fce06,2459,,"[85.5, 24.5]",3920410,87,,,,,,,,,,,,,,,,,,,,,,,,,2,Regular Play,Elias Gaspar Pelembe,106074.0,Center Attacking Midfield,140,Mozambique,4978,['4b688acf-8208-4f5c-b3f8-a63842a8121c'],41,,,,,,,,,,,,,,,,Mozambique,4978,00:42:41.218,Ball Receipt*,
,,Incomplete,,,,,,,,,,,,,,,,,,,,,,,,,,,,,,8ba92f40-a459-49bf-ac08-6c87a0ff8d18,2461,,"[40.8, 56.0]",3920410,87,,,,,,,,,,,,,,,,,,,,,,,,,2,Regular Play,André Ayew Pelé,3347.0,Center Forward,140,Mozambique,4978,['c7fb41b1-b8be-4412-afe3-04ac73b69571'],41,,,,,,,,,,,,,,,,Ghana,4885,00:42:41.772,Ball Receipt*,
,,Incomplete,,,,,,,,,,,,,,,,,,,,,,,,,,,,,,8fdd1714-26aa-4605-aebf-afa66db95a79,2465,,"[94.3, 51.8]",3920410,88,,,,,,,,,,,,,,,,,,,,,,,,,2,From Free Kick,Jordan Ayew,3450.0,Left Attacking Midfield,141,Ghana,4885,['16c06b57-1fd0-4280-9930-4c164b5fddff'],16,,,,,,,,,,,,,,,,Ghana,4885,00:43:16.555,Ball Receipt*,
,,,,,,,,,,,,,,,,,,,,,,,,,,,,,,,,fdae14ce-cb62-4b45-80fc-ca1a82fdad41,2467,,"[22.6, 38.7]",3920410,88,,,,,,,,,,,,,,,,,,,,,,,,,2,Regular Play,Infren David da Conceição Matola,417067.0,Right Back,142,Mozambique,4978,['8706a245-04e0-4cec-bc1a-3033c4fa21c2'],18,,,,,,,,,,,,,,,,Mozambique,4978,00:43:18.531,Ball Receipt*,
,,,,,,,,,,,,,,,,,,,,,,,,,,,,,,,,0e08e823-407d-42f3-a702-83292589a775,2470,,"[26.2, 55.5]",3920410,88,,,,,,,,,,,,,,,,,,,,,,,,,2,Regular Play,Edson André Sitoe,3250.0,Right Center Back,142,Mozambique,4978,['06a91543-e784-4225-b022-19ee0ac9c4df'],25,,,,,,,,,,,,,,,,Mozambique,4978,00:43:25.204,Ball Receipt*,
,,,,,,,,,,,,,,,,,,,,,,,,,,,,,,,,9708e27b-3290-494f-912c-9a32cb5e5f4d,2473,,"[33.5, 34.7]",3920410,88,,,,,,,,,,,,,,,,,,,,,,,,,2,Regular Play,Reinildo Isnard Mandava,10848.0,Left Center Back,142,Mozambique,4978,['e0d2449c-943f-475a-8d99-2fcfb409c299'],27,,,,,,,,,,,,,,,,Mozambique,4978,00:43:27.929,Ball Receipt*,
,,,,,,,,,,,,,,,,,,,,,,,,,,,,,,,,a4fc2c02-5eca-47e3-a2f0-f5607295cf71,2476,,"[50.7, 5.1]",3920410,88,,,,,,,,,,,,,,,,,,,,,,,,,2,Regular Play,Bruno Alberto Langa,106070.0,Left Back,142,Mozambique,4978,['e61fc720-eb74-414c-9995-174d4a1ae271'],32,,,,,,,,,,,,,,,,Mozambique,4978,00:43:32.474,Ball Receipt*,
,,Incomplete,,,,,,,,,,,,,,,,,,,,,,,,,,,,,,f26e9bcb-7479-4310-8ccb-46f2f9d4569f,2479,,"[92.4, 18.8]",3920410,88,,,,,,,,,,,,,,,,,,,,,,,,,2,Regular Play,Gildo Lourenço Vilanculos,106068.0,Left Center Midfield,142,Mozambique,4978,['1c3becb0-165d-4abf-b889-91578d9db285'],36,,,,,,,,,,,,,,,,Mozambique,4978,00:43:36.277,Ball Receipt*,
,,Incomplete,,,,,,,,,,,,,,,,,,,,,,,,,,,,,,7caf52e2-0f8b-4205-8938-f0894dfdd0a0,2488,,"[112.4, 47.3]",3920410,89,,,,,,,,,,,,,,,,,,,,,,,,,2,From Free Kick,Reinildo Isnard Mandava,10848.0,Left Center Back,143,Mozambique,4978,['e38b9cc2-924e-44fe-ab85-421352cdf0c3'],16,,,,,,,,,,,,,,,,Mozambique,4978,00:44:16.043,Ball Receipt*,
,,,,,,,,,,,,,,,,,,,,,,,,,,,,,,,,5a609720-2d9e-4112-9e57-c115c3ecdf82,2497,,"[33.2, 38.4]",3920410,91,,,,,,,,,,,,,,,,,,,,,,,,,2,From Kick Off,Iddrisu Baba Mohammed,24087.0,Left Defensive Midfield,145,Ghana,4885,['31318574-3ec7-4760-81f7-20381cf1e3fb'],25,,,,,,,,,,,,,,,,Ghana,4885,00:46:25.963,Ball Receipt*,
,,Incomplete,,,,,,,,,,,,,,,,,,,,,,,,,,,,,,62e3c567-f341-4d65-962b-c201fc748deb,2499,,"[86.8, 60.3]",3920410,91,,,,,,,,,,,,,,,,,,,,,,,,,2,From Kick Off,André Ayew Pelé,3347.0,Center Forward,145,Ghana,4885,['ea4723fb-0f06-46cc-a3a8-22c54f2cdb55'],29,,,,,,,,,,,,,,,,Ghana,4885,00:46:29.743,Ball Receipt*,
,,,,,,,,,,,,,,,,,,,,,,,,,,,,,,,,200e9f3a-d03e-4408-a6b0-cd0685695b4a,2504,,"[17.3, 29.4]",3920410,91,,,,,,,,,,,,,,,,,,,,,,,,,2,Regular Play,Shaquille Momad Nangy,136069.0,Center Defensive Midfield,146,Mozambique,4978,['66923124-6aa5-49c4-95c0-82c4eb4547e8'],33,,,,,,,,,,,,,,,,Mozambique,4978,00:46:33.268,Ball Receipt*,
,,,,,,,,,,,,,,,,,,,,,,,,,,,,,,,,e4fb8d9f-92fc-42a8-a264-96f914e942ae,2507,,"[31.1, 64.4]",3920410,91,,,,,,,,,,,,,,,,,,,,,,,,,2,Regular Play,Infren David da Conceição Matola,417067.0,Right Back,146,Mozambique,4978,['914abd07-fd71-4246-98e5-604b049fab9e'],36,,,,,,,,,,,,,,,,Mozambique,4978,00:46:36.440,Ball Receipt*,
,,,,,,,,,,,,,,,,,,,,,,,,,,,,,,,,77dc47a9-697b-4172-b301-56a01eda9c2e,2510,,"[47.4, 77.0]",3920410,91,,,,,,,,,,,,,,,,,,,,,,,,,2,Regular Play,João José Jone Bonde,417068.0,Right Center Midfield,146,Mozambique,4978,['ecec66c4-3cec-4007-b22c-621534a36433'],39,,,,,,,,,,,,,,,,Mozambique,4978,00:46:39.863,Ball Receipt*,
,,,,,,,,,,,,,,,,,,,,,,,,,,,,,,,,a53252b6-b49c-448c-8979-2473c4cd2b49,2516,,"[69.3, 65.9]",3920410,92,,,,,,,,,,,,,,,,,,,,,,,,,2,From Throw In,Edson André Sitoe,3250.0,Right Center Back,147,Mozambique,4978,['8fa571e3-b826-497b-bc09-00bb8770a0d4'],1,,,,,,,,,,,,,,,,Mozambique,4978,00:47:01.575,Ball Receipt*,
,,,,,,,,,,,,,,,,,,,,,,,,,,,,,,,,7c5cce61-ae8b-4bc3-bd8f-eda798e29bb3,2519,,"[66.5, 38.0]",3920410,92,,,,,,,,,,,,,,,,,,,,,,,,,2,From Throw In,Reinildo Isnard Mandava,10848.0,Left Center Back,147,Mozambique,4978,['21c6ef9b-0395-4934-baa8-2b3031a6314e'],3,,,,,,,,,,,,,,,,Mozambique,4978,00:47:03.902,Ball Receipt*,
,,,,,,,,,,,,,,,,,,,,,,,,,,,,,,,,d96b9c38-2567-42be-bc7d-ca269349ab14,2522,,"[74.6, 59.5]",3920410,92,,,,,,,,,,,,,,,,,,,,,,,,,2,From Throw In,Edson André Sitoe,3250.0,Right Center Back,147,Mozambique,4978,['8ee82e8f-c776-443a-b5d2-bad14fa659aa'],8,,,,,,,,,,,,,,,,Mozambique,4978,00:47:08.099,Ball Receipt*,
,,,,,,,,,,,,,,,,,,,,,,,,,,,,,,,,0c066f0a-0925-4c3d-9e4c-b610557a6fe6,2528,,"[96.8, 72.1]",3920410,92,,,,,,,,,,,,,,,,,,,,,,,,,2,From Corner,Elias Gaspar Pelembe,106074.0,Center Attacking Midfield,148,Mozambique,4978,['043e3563-3f7f-4297-a398-207c1cc411be'],19,,,,,,,,,,,,,,,,Mozambique,4978,00:47:19.163,Ball Receipt*,
,,Incomplete,,,,,,,,,,,,,,,,,,,,,,,,,,,,,,2b5f95ec-f970-4ff8-b0a9-37fced6590c6,2530,,"[114.8, 44.7]",3920410,92,,,,,,,,,,,,,,,,,,,,,,,,,2,From Corner,Gildo Lourenço Vilanculos,106068.0,Left Center Midfield,148,Mozambique,4978,['8d08077a-2ddb-45e1-a310-d9ee135981bd'],22,,,,,,,,,,,,,,,,Mozambique,4978,00:47:22.578,Ball Receipt*,
,,,,,,,,,,,,,,,,,,,,,,,,,,,,,,,,aabac225-48ca-45ec-86c7-90e0ad1f078e,2539,,"[111.0, 41.0]",3920410,93,,,,,,,,,,,,,,,,,,,,,,,,,2,From Corner,Reinildo Isnard Mandava,10848.0,Left Center Back,149,Mozambique,4978,['c5f9ff51-e32c-406b-b8fd-cb26c0a1fecf'],6,,,,,,,,,,,,,,,,Mozambique,4978,00:48:06.195,Ball Receipt*,
,,,,,,,,,,,,,,,,,,,,,,,,,,,,,,,,166c1b1b-48f7-406b-a2f1-d42f267cfcc4,2544,,"[37.2, 41.0]",3920410,94,,,,,,,,,,,,,,,,,,,,,,,,,2,From Kick Off,Salis Abdul Samed,31029.0,Right Defensive Midfield,150,Ghana,4885,['e6837bfe-ebd9-4150-b4c7-612c348a2d8f'],7,,,,,,,,,,,,,,,,Ghana,4885,00:49:07.623,Ball Receipt*,
,,,,,,,,,,,,,,,,,,,,,,,,,,,,,,,,7efb68a9-8bef-46b1-81a8-bec0326cf8fb,2547,,"[102.4, 15.1]",3920410,94,,,,,,,,,,,,,,,,,,,,,,,,,2,From Kick Off,Jordan Ayew,3450.0,Left Attacking Midfield,150,Ghana,4885,"['c2228a10-89e9-4e8a-be00-a4e286335380', '936d06d9-6ea3-43f8-a751-7bf5eadd6b8e']",12,,,,,,,,,,,,,,,,Ghana,4885,00:49:12.028,Ball Receipt*,True
,,Incomplete,,,,,,,,,,,,,,,,,,,,,,,,,,,,,,17b1a130-3d6d-43a4-88cc-bfec1fc8a15e,2550,,"[114.5, 41.9]",3920410,94,,,,,,,,,,,,,,,,,,,,,,,,,2,From Kick Off,Daniel Amartey,3709.0,Right Center Back,150,Ghana,4885,['f01658d8-d165-4231-9061-cdd07e8804bd'],13,,,,,,,,,,,,,,,,Ghana,4885,00:49:13.883,Ball Receipt*,
,,,,,,,,,,,,,,,,,,,,,,,,,,,,,,,,d60c6cbe-7be0-48eb-aeae-b36793a3f074,2556,,"[14.9, 56.4]",3920410,95,,,,,,,,,,,,,,,,,,,,,,,,,2,From Free Kick,Edson André Sitoe,3250.0,Right Center Back,152,Mozambique,4978,['075a498c-1efc-4d9c-848d-0e14d28c2c15'],10,,,,,,,,,,,,,,,,Mozambique,4978,00:50:10.697,Ball Receipt*,
,,,,,,,,,,,,,,,,,,,,,,,,,,,,,,,,1fa68342-f3cb-4027-8a91-455d28479b2b,2558,,"[33.9, 63.9]",3920410,95,,,,,,,,,,,,,,,,,,,,,,,,,2,From Free Kick,Shaquille Momad Nangy,136069.0,Center Defensive Midfield,152,Mozambique,4978,['a6a7a4d1-895c-4d1a-aa9a-9387e7160ad3'],14,,,,,,,,,,,,,,,,Mozambique,4978,00:50:14.284,Ball Receipt*,
,,,,,,,,,,,,,,,,,,,,,,,,,,,,,,,,1f3c7db7-d0a0-4e8a-b74e-44d01406b77b,2560,,"[55.2, 78.5]",3920410,95,,,,,,,,,,,,,,,,,,,,,,,,,2,From Free Kick,Infren David da Conceição Matola,417067.0,Right Back,152,Mozambique,4978,['91b88b98-afcb-4de7-a04b-aee918baaf41'],19,,,,,,,,,,,,,,,,Mozambique,4978,00:50:19.068,Ball Receipt*,
,,Incomplete,,,,,,,,,,,,,,,,,,,,,,,,,,,,,,2cf19d22-6870-4469-ac04-be00da125ca6,2563,,"[78.0, 70.6]",3920410,95,,,,,,,,,,,,,,,,,,,,,,,,,2,From Free Kick,Geny Cipriano Catamo,127300.0,Right Center Forward,152,Mozambique,4978,['f69635e4-6104-4ae9-aa11-a42cef188b53'],20,,,,,,,,,,,,,,,,Mozambique,4978,00:50:20.930,Ball Receipt*,
,,,,,,,,,,,,,,,,,,,,,,,,,,,,,,,,e0212c50-ee6e-4124-8991-7d494f377c2d,2572,,"[104.1, 8.8]",3920410,95,,,,,,,,,,,,,,,,,,,,,,,,,2,From Free Kick,Bruno Alberto Langa,106070.0,Left Back,152,Mozambique,4978,['817e5965-3012-48fe-9ece-44c918e4547d'],32,,,,,,,,,,,,,,,,Mozambique,4978,00:50:32.165,Ball Receipt*,
,,Incomplete,,,,,,,,,,,,,,,,,,,,,,,,,,,,,,29b2fe85-1b46-47ea-b505-997ff02d4af8,2574,,"[110.1, 35.6]",3920410,95,,,,,,,,,,,,,,,,,,,,,,,,,2,From Free Kick,Gildo Lourenço Vilanculos,106068.0,Left Center Midfield,152,Mozambique,4978,['b1f791c0-2067-4db9-ba33-4a577439f2fd'],33,,,,,,,,,,,,,,,,Mozambique,4978,00:50:33.068,Ball Receipt*,
,,Incomplete,,,,,,,,,,,,,,,,,,,,,,,,,,,,,,6352d33e-49ac-4902-9d53-44d05fa1207e,2579,,"[45.5, 37.4]",3920410,95,,,,,,,,,,,,,,,,,,,,,,,,,2,From Free Kick,André Ayew Pelé,3347.0,Center Forward,152,Mozambique,4978,['376c2ab8-7bfb-4efc-9457-cb1f7ccc8d7a'],36,,,,,,,,,,,,,,,,Ghana,4885,00:50:36.041,Ball Receipt*,
,,,,,,,,,,,,,,,,,,,,,,,,,,,,,,,,33b1a93a-13bf-4c55-8a55-ad2fdacbe5fc,2590,,"[106.5, 37.7]",3920410,95,,,,,,,,,,,,,,,,,,,,,,,,,2,From Free Kick,Gildo Lourenço Vilanculos,106068.0,Left Center Midfield,152,Mozambique,4978,['655f6934-b304-4f5e-8bb9-560bdb77987b'],49,,,,,,,,,,,,,,,,Mozambique,4978,00:50:49.136,Ball Receipt*,
,,,,,"[43.0, 40.7]",,,,,,,,,,,,0.639999,,,,,,,,,,,,,,,147d18c3-8552-45b4-a6ac-b33032e9bfac,7,,"[43.7, 39.4]",3920410,0,,,,,,,,,,,,,,,,,,,,,,,,,1,From Kick Off,Alfons Amade,23706.0,Right Defensive Midfield,2,Mozambique,4978,"['09794d59-d7c3-4b1b-b14b-0cfa2f8f02f7', '64943b91-b852-4e6b-afc4-af0f628dc949']",2,,,,,,,,,,,,,,,,Mozambique,4978,00:00:02.679,Carry,
,,,,,"[27.2, 54.4]",,,,,,,,,,,,1.48,,,,,,,,,,,,,,,160b5215-23e4-4b5d-ac3d-c6e45decd779,10,,"[28.2, 48.6]",3920410,0,,,,,,,,,,,,,,,,,,,,,,,,,1,From Kick Off,Edson André Sitoe,3250.0,Right Center Back,2,Mozambique,4978,"['8bb5de0a-6d2d-4f1b-aae6-ec99d146f72d', '7a577276-1c5d-4222-b75d-6111c2e55d57', '1c917d98-2e47-47b4-b12e-b9f15bae4b2e']",4,,,,,,,,,,,,,,,,Mozambique,4978,00:00:04.559,Carry,True
,,,,,"[39.1, 71.6]",,,,,,,,,,,,1.159836,,,,,,,,,,,,,,,bc1f9dab-3db0-44af-a3e6-79f2851c26bf,14,,"[37.4, 70.7]",3920410,0,,,,,,,,,,,,,,,,,,,,,,,,,1,From Kick Off,Infren David da Conceição Matola,417067.0,Right Back,2,Mozambique,4978,"['12f81944-a1dd-44c6-bfb4-68d3a2cc9e78', 'edcf39a8-30d9-4795-b945-ab42b930b629']",6,,,,,,,,,,,,,,,,Mozambique,4978,00:00:06.919,Carry,
,,,,,"[88.2, 20.7]",,,,,,,,,,,,2.799018,,,,,,,,,,,,,,,a5ef04b8-7fd6-4797-ada7-d5dcb7243916,25,,"[91.2, 16.1]",3920410,0,,,,,,,,,,,,,,,,,,,,,,,,,1,From Throw In,Jordan Ayew,3450.0,Left Wing,3,Ghana,4885,"['fb1f40b1-8e42-4fda-9b19-968a7382b93e', 'a6c424d6-1417-42c8-aade-f71ea3da9734', '9069d3ee-fd1c-4c46-ba91-14c5851a02e1']",20,,,,,,,,,,,,,,,,Ghana,4885,00:00:20.097,Carry,True
,,,,,"[97.2, 38.7]",,,,,,,,,,,,2.206449,,,,,,,,,,,,,,,75d6fe69-025c-4bc6-a9db-218474b6d9b5,29,,"[99.2, 30.2]",3920410,0,,,,,,,,,,,,,,,,,,,,,,,,,1,From Throw In,Antoine Semenyo,9286.0,Center Forward,3,Ghana,4885,"['75c8b6b0-9f13-4cd9-8086-677c63e58f02', '0cecb954-7ee5-4c5b-994a-f803f47b1041', 'ac9761bd-3984-4f86-8fb9-36a7519175c4']",23,,,,,,,,,,,,,,,,Ghana,4885,00:00:23.436,Carry,True
,,,,,"[92.5, 67.2]",,,,,,,,,,,,1.108847,,,,,,,,,,,,,,,5b62b3e1-b346-455c-b589-0ebb98123ac3,38,,"[90.8, 67.2]",3920410,1,,,,,,,,,,,,,,,,,,,,,,,,,1,From Corner,Majeed Ashimeru,30693.0,Right Defensive Midfield,4,Ghana,4885,"['a12979bd-5efd-4822-84b5-6bf4530b5d9d', '37a699e2-a755-4774-b01c-ae93e339cd8c']",31,,,,,,,,,,,,,,,,Ghana,4885,00:01:31.883,Carry,
,,,,,"[95.3, 7.6]",,,,,,,,,,,,2.28745,,,,,,,,,,,,,,,2ecfc53e-8892-422d-8bed-f5e2d58a580a,43,,"[97.5, 3.9]",3920410,1,,,,,,,,,,,,,,,,,,,,,,,,,1,From Corner,Mohammed Kudus,17033.0,Center Attacking Midfield,4,Ghana,4885,"['64dd41ab-7058-4894-86a4-3a9bb56705a1', '8b6262e8-5446-4cb3-9978-8b823f42f30d']",38,,,,,,,,,,,,,,,,Ghana,4885,00:01:38.141,Carry,
,,,,,"[57.3, 75.7]",,,,,,,,,,,,0.737236,,,,,,,,,,,,,,,4cb36163-56e8-41e2-b789-913f7ebea81b,54,,"[61.0, 77.2]",3920410,2,,,,,,,,,,,,,,,,,,,,,,,,,1,From Throw In,Alexander Djiku,2989.0,Right Center Back,5,Ghana,4885,"['0b68be36-76d2-4720-9c46-dc6207f5b0e2', 'a71465bb-7614-4060-bf22-ab16d7aa8a2f']",27,,,,,,,,,,,,,,,,Ghana,4885,00:02:27.961,Carry,
,,,,,"[42.9, 44.1]",,,,,,,,,,,,1.906603,,,,,,,,,,,,,,,32a6ed47-c237-4375-88db-3c68137278f4,57,,"[47.5, 48.5]",3920410,2,,,,,,,,,,,,,,,,,,,,,,,,,1,From Throw In,Mohamed Salisu,30519.0,Left Center Back,5,Ghana,4885,"['57e66a94-73f1-41ef-96ca-9688161f5186', 'aa54c579-333a-4ab3-b688-31dc2a2a08cf', '80e3fea9-47cc-4a0f-a078-94a9b8593bf1']",30,,,,,,,,,,,,,,,,Ghana,4885,00:02:30.768,Carry,True
,,,,,"[12.9, 37.2]",,,,,,,,,,,,1.226771,,,,,,,,,,,,,,,445cf8c1-5fbe-4a96-a5d1-02183ce8a423,61,,"[12.9, 36.8]",3920410,2,,,,,,,,,,,,,,,,,,,,,,,,,1,From Throw In,Richard Ofori Antwi,68757.0,Goalkeeper,5,Ghana,4885,"['d4bf88b0-31ce-4d82-8574-66215c1f0370', '3bffd007-6353-4c56-a274-4762d3260aa4']",34,,,,,,,,,,,,,,,,Ghana,4885,00:02:34.900,Carry,
,,,,,"[55.4, 32.3]",,,,,,,,,,,,1.239993,,,,,,,,,,,,,,,c107eca5-013e-4ed8-a225-7907af6d1b53,70,,"[52.8, 38.8]",3920410,2,,,,,,,,,,,,,,,,,,,,,,,,,1,From Throw In,Infren David da Conceição Matola,417067.0,Right Back,5,Ghana,4885,"['f6771bc0-7634-4726-a175-2dce84d6ba94', '6e8d9168-68fb-4ce5-9f34-bfc99bd026b1']",41,,,,,,,,,,,,,,,,Mozambique,4978,00:02:41.409,Carry,
,,,,,"[41.7, 31.6]",,,,,,,,,,,,4.719994,,,,,,,,,,,,,,,71e5f226-9ee1-4f5d-89cb-d2bac0442edb,73,,"[38.3, 16.6]",3920410,2,,,,,,,,,,,,,,,,,,,,,,,,,1,From Throw In,Bruno Alberto Langa,106070.0,Left Back,5,Ghana,4885,"['01f86528-2741-4c8a-a05c-105e880df494', 'c57f4e7e-bf36-419b-89d8-142faee0f638']",44,,,,,,,,,,,,,,,,Mozambique,4978,00:02:44.049,Carry,
,,,,,"[57.3, 40.4]",,,,,,,,,,,,2.966552,,,,,,,,,,,,,,,8467bcd9-c137-4149-9df5-1951d4033f60,77,,"[55.3, 47.6]",3920410,2,,,,,,,,,,,,,,,,,,,,,,,,,1,From Throw In,Salis Abdul Samed,31029.0,Left Defensive Midfield,5,Ghana,4885,"['7c7975d3-0cbe-495d-903b-3eec5d5f0c66', '3b73a4c5-747b-48c8-9c9b-99160002a354', '6184e04f-344c-4c75-859e-93de5e4aefa3']",49,,,,,,,,,,,,,,,,Ghana,4885,00:02:49.691,Carry,True
,,,,,"[44.0, 20.7]",,,,,,,,,,,,3.457642,,,,,,,,,,,,,,,e9ea7eff-841d-4466-9dc2-1a044fea1e9f,81,,"[44.0, 22.2]",3920410,2,,,,,,,,,,,,,,,,,,,,,,,,,1,From Throw In,Gideon Mensah,23615.0,Left Back,5,Ghana,4885,"['609388e4-fa32-4ecb-ab82-a2b7e0be6dd6', '5aa7b8dd-0eb3-4b03-9425-d1c1a727eb25']",54,,,,,,,,,,,,,,,,Ghana,4885,00:02:54.025,Carry,
,,,,,"[57.3, 12.2]",,,,,,,,,,,,5.393881,,,,,,,,,,,,,,,c26d4bb9-2c14-462c-ad19-a310b4092fe6,84,,"[54.5, 4.8]",3920410,2,,,,,,,,,,,,,,,,,,,,,,,,,1,From Throw In,Jordan Ayew,3450.0,Left Wing,5,Ghana,4885,"['9c77b159-2294-4ca3-92a3-4e3d4b7d6fe1', '76523e4f-b625-497f-9295-34f1dc56f47f', '04621acb-48c7-42ad-8084-63336ceef73d']",58,,,,,,,,,,,,,,,,Ghana,4885,00:02:58.583,Carry,True
,,,,,"[63.8, 38.5]",,,,,,,,,,,,0.362699,,,,,,,,,,,,,,,b4853102-0c63-483a-abbc-32ff3a021bc1,94,,"[60.1, 37.2]",3920410,3,,,,,,,,,,,,,,,,,,,,,,,,,1,From Free Kick,Mohammed Kudus,17033.0,Center Attacking Midfield,6,Ghana,4885,"['fddd78e0-65bc-4e8f-b79a-c4c53c7f08a7', '5277ddd6-3eb4-4a13-b4e3-4ed5b621ee11']",12,,,,,,,,,,,,,,,,Ghana,4885,00:03:12.994,Carry,
,,,,,"[49.5, 58.1]",,,,,,,,,,,,1.163361,,,,,,,,,,,,,,,316ee5ec-2e81-45c4-b8be-3c1d9ebf7026,97,,"[49.0, 58.1]",3920410,3,,,,,,,,,,,,,,,,,,,,,,,,,1,From Free Kick,Alexander Djiku,2989.0,Right Center Back,6,Ghana,4885,"['4aa1234b-5450-4c1c-81a3-d571f52552f4', 'faadea96-e7e8-4690-8529-53e5c9978116']",15,,,,,,,,,,,,,,,,Ghana,4885,00:03:15.147,Carry,
,,,,,"[59.2, 77.6]",,,,,,,,,,,,2.111142,,,,,,,,,,,,,,,8e093a01-64f7-4241-a483-6f108ceb4b0e,100,,"[56.6, 77.6]",3920410,3,,,,,,,,,,,,,,,,,,,,,,,,,1,From Free Kick,Denis Odoi,12259.0,Right Back,6,Ghana,4885,"['b6b99678-c808-4ac7-ba43-9881f96c5572', '0d0d683e-9c09-45cb-96d7-1679561888bc']",17,,,,,,,,,,,,,,,,Ghana,4885,00:03:17.628,Carry,
,,,,,"[67.5, 45.7]",,,,,,,,,,,,0.066782,,,,,,,,,,,,,,,a7c621da-e40d-497e-8b9f-ae032bd116da,108,,"[67.1, 45.2]",3920410,3,,,,,,,,,,,,,,,,,,,,,,,,,1,From Free Kick,Salis Abdul Samed,31029.0,Left Defensive Midfield,6,Ghana,4885,"['40eadf81-0f2e-4867-88da-5112ce44107a', '577dd167-d4a1-43f1-9a79-ab36d68a6745']",22,,,,,,,,,,,,,,,,Ghana,4885,00:03:22.829,Carry,
,,,,,"[65.4, 57.7]",,,,,,,,,,,,4.119995,,,,,,,,,,,,,,,c320b508-e8c9-4c23-a984-a16e204ee13a,111,,"[54.3, 45.3]",3920410,3,,,,,,,,,,,,,,,,,,,,,,,,,1,From Free Kick,Geny Cipriano Catamo,127300.0,Right Wing,6,Ghana,4885,"['8f3f452c-96e2-4846-9e3a-90a5436a03b6', 'ce8e73f0-f926-490b-b866-d7076a3c92a7']",24,,,,,,,,,,,,,,,,Mozambique,4978,00:03:24.951,Carry,
,,,,,"[100.1, 30.4]",,,,,,,,,,,,6.122054,,,,,,,,,,,,,,,b229fac9-4d3c-44df-98d7-b8ab53993c6d,116,,"[67.1, 10.7]",3920410,3,,,,,,,,,,,,,,,,,,,,,,,,,1,From Free Kick,Jordan Ayew,3450.0,Left Wing,6,Ghana,4885,"['6eda097a-ce4a-46c1-93d2-49eca343f204', '23fa79b4-5d57-45fb-9a0c-6a170eae81b7']",33,,,,,,,,,,,,,,,,Ghana,4885,00:03:33.310,Carry,
,,,,,"[20.9, 49.9]",,,,,,,,,,,,1.719994,,,,,,,,,,,,,,,e461cecb-be6c-413a-9015-4e944ef86360,119,,"[20.0, 49.7]",3920410,3,,,,,,,,,,,,,,,,,,,,,,,,,1,Regular Play,Feliciano João Jone,129475.0,Left Defensive Midfield,7,Mozambique,4978,"['59fbbae0-b8fb-4ffd-9359-b8ace73ee57e', 'a0386fbe-fae9-4306-ab9b-1e51dfc55d79']",39,,,,,,,,,,,,,,,,Mozambique,4978,00:03:39.433,Carry,
,,,,,"[28.0, 57.9]",,,,,,,,,,,,0.559996,,,,,,,,,,,,,,,7e50befe-68d1-467e-b842-030693baa48f,122,,"[28.0, 57.9]",3920410,3,,,,,,,,,,,,,,,,,,,,,,,,,1,Regular Play,Infren David da Conceição Matola,417067.0,Right Back,7,Mozambique,4978,"['3c6a63e7-8ba8-422d-9c80-488e12f70fb6', '7d53b67c-05db-4eb0-9337-d8261e1d6513']",41,,,,,,,,,,,,,,,,Mozambique,4978,00:03:41.753,Carry,
,,,,,"[56.5, 72.0]",,,,,,,,,,,,4.719982,,,,,,,,,,,,,,,a48cc2b7-c5b3-41ad-bbd1-4decaa7afeca,125,,"[27.6, 69.2]",3920410,3,,,,,,,,,,,,,,,,,,,,,,,,,1,Regular Play,Geny Cipriano Catamo,127300.0,Right Wing,7,Mozambique,4978,"['ea461415-9560-4812-b749-2f0bf17ee48c', 'af2437e0-04df-4d90-bc9e-1f8937a7daa9', '897f518f-72d8-4940-b169-88dd35466bc4']",43,,,,,,,,,,,,,,,,Mozambique,4978,00:03:43.873,Carry,True
,,,,,"[32.5, 6.1]",,,,,,,,,,,,1.817938,,,,,,,,,,,,,,,dab69173-86cb-45ee-89b3-ad1765884539,131,,"[34.0, 9.4]",3920410,3,,,,,,,,,,,,,,,,,,,,,,,,,1,Regular Play,Mohamed Salisu,30519.0,Left Center Back,7,Mozambique,4978,"['3bcb4857-84de-4d1f-be81-a30f0361c8a7', '059a8721-7f8f-4898-8713-78424352378b', 'a76c63c4-543a-4fe5-b1ea-c1e9a41e02a1']",50,,,,,,,,,,,,,,,,Ghana,4885,00:03:50.391,Carry,True
,,,,,"[36.3, 71.4]",,,,,,,,,,,,2.487313,,,,,,,,,,,,,,,3baabe41-03ff-4e58-bbfb-c8725b177418,135,,"[39.3, 71.4]",3920410,3,,,,,,,,,,,,,,,,,,,,,,,,,1,Regular Play,Edson André Sitoe,3250.0,Right Center Back,7,Mozambique,4978,"['70937714-b653-455d-a2a3-3eefec0b445a', '0f82227b-bda1-49a6-a63f-a700df9074f9']",54,,,,,,,,,,,,,,,,Mozambique,4978,00:03:54.990,Carry,
,,,,,"[10.4, 45.7]",,,,,,,,,,,,0.971051,,,,,,,,,,,,,,,bbd345dc-a177-4821-9261-dad4f344761d,138,,"[11.9, 49.0]",3920410,4,,,,,,,,,,,,,,,,,,,,,,,,,1,Regular Play,Ivane Carminio Francisco Urrubal,161718.0,Goalkeeper,7,Mozambique,4978,"['29098ea6-b656-4a6d-93ab-77569b253353', '2144c290-4349-4948-87b5-1e53ecf33b90']",0,,,,,,,,,,,,,,,,Mozambique,4978,00:04:00.277,Carry,
,,,,,"[26.7, 69.2]",,,,,,,,,,,,2.159994,,,,,,,,,,,,,,,dcf95255-dd27-4bcd-86b0-38ba754aa71f,141,,"[25.9, 68.8]",3920410,4,,,,,,,,,,,,,,,,,,,,,,,,,1,Regular Play,Edson André Sitoe,3250.0,Right Center Back,7,Mozambique,4978,"['d7ffff02-5944-42d5-92b3-27f8faeb77b1', 'd0286854-b26c-48b5-bb98-3f8a7094e20a']",3,,,,,,,,,,,,,,,,Mozambique,4978,00:04:03.728,Carry,
,,,,,"[41.3, 70.3]",,,,,,,,,,,,0.799999,,,,,,,,,,,,,,,95a8e02d-bdfd-4210-ac5f-c23d24347e92,144,,"[43.0, 72.3]",3920410,4,,,,,,,,,,,,,,,,,,,,,,,,,1,Regular Play,Feliciano João Jone,129475.0,Left Defensive Midfield,7,Mozambique,4978,"['bba327d7-8f23-4559-9ed5-283ca7194510', '0bdce667-b1c9-4a2a-b0cc-c7e235c9f07b']",7,,,,,,,,,,,,,,,,Mozambique,4978,00:04:07.608,Carry,
,,,,,"[30.9, 66.8]",,,,,,,,,,,,1.039999,,,,,,,,,,,,,,,5af3ed23-4690-44ba-977d-e799b761f4e1,147,,"[30.9, 66.8]",3920410,4,,,,,,,,,,,,,,,,,,,,,,,,,1,Regular Play,Edson André Sitoe,3250.0,Right Center Back,7,Mozambique,4978,"['7479832d-ec89-44bb-be33-e5db4ae96a9d', '5f4c4c00-0098-4275-82ae-4f96f6ccc17b']",10,,,,,,,,,,,,,,,,Mozambique,4978,00:04:10.168,Carry,
,,,,,"[24.6, 19.9]",,,,,,,,,,,,2.019307,,,,,,,,,,,,,,,e596f3a2-4915-4641-b5db-cbafcdd3795f,150,,"[21.7, 21.6]",3920410,4,,,,,,,,,,,,,,,,,,,,,,,,,1,Regular Play,Reinildo Isnard Mandava,10848.0,Left Center Back,7,Mozambique,4978,"['c2f23839-eee8-4139-9473-6cda8616b87c', 'b59838bf-35b0-47c3-9b9a-6f3cdaa1e67b', '9b00eee9-c1f5-4934-8b54-0dede69f81f9']",13,,,,,,,,,,,,,,,,Mozambique,4978,00:04:13.248,Carry,True
,,,,,"[26.7, 22.0]",,,,,,,,,,,,1.38068,,,,,,,,,,,,,,,07b82f1f-6c8a-4efc-86ba-fae184de54af,154,,"[24.6, 19.9]",3920410,4,,,,,,,,,,,,,,,,,,,,,,,,,1,Regular Play,Reinildo Isnard Mandava,10848.0,Left Center Back,7,Mozambique,4978,"['90839706-7bff-4eb1-9df1-cc566eec33ef', 'ad1a59f5-41d2-4f99-8c60-0c39296cde2d', 'b59838bf-35b0-47c3-9b9a-6f3cdaa1e67b']",15,,,,,,,,,,,,,,,,Mozambique,4978,00:04:15.268,Carry,True
,,,,,"[30.0, 58.6]",,,,,,,,,,,,1.799991,,,,,,,,,,,,,,,f0e3fbed-89e7-4cf1-88e0-fc2c06f2cd0b,157,,"[25.2, 55.3]",3920410,4,,,,,,,,,,,,,,,,,,,,,,,,,1,Regular Play,Edson André Sitoe,3250.0,Right Center Back,7,Mozambique,4978,"['d0a77e70-0fcf-4da2-bccf-c307c0a20ea2', '209bda6f-1c42-422b-9769-9cd5c96438a4']",19,,,,,,,,,,,,,,,,Mozambique,4978,00:04:19.048,Carry,
,,,,,"[46.3, 74.2]",,,,,,,,,,,,1.279991,,,,,,,,,,,,,,,4fef2aa2-5b1b-4238-aeff-537f52f3de5f,160,,"[42.2, 67.0]",3920410,4,,,,,,,,,,,,,,,,,,,,,,,,,1,Regular Play,Feliciano João Jone,129475.0,Left Defensive Midfield,7,Mozambique,4978,"['3518972c-0c57-4519-941d-dbb039d327cf', 'cde6d418-3817-415a-82df-8e571e650629']",22,,,,,,,,,,,,,,,,Mozambique,4978,00:04:22.048,Carry,
,,,,,"[50.6, 65.7]",,,,,,,,,,,,1.359989,,,,,,,,,,,,,,,db4c87ba-4a77-4496-bdcc-96795f68cf82,163,,"[50.2, 63.1]",3920410,4,,,,,,,,,,,,,,,,,,,,,,,,,1,Regular Play,Alfons Amade,23706.0,Right Defensive Midfield,7,Mozambique,4978,"['384e353e-84d5-4363-8e12-b9a469af803d', '92721d8b-03e3-41ea-b690-aa3919d4fc99']",24,,,,,,,,,,,,,,,,Mozambique,4978,00:04:24.568,Carry,
,,,,,"[45.6, 69.2]",,,,,,,,,,,,0.9349,,,,,,,,,,,,,,,749833af-5b96-4417-9941-cc52fe59acf1,166,,"[45.6, 69.7]",3920410,4,,,,,,,,,,,,,,,,,,,,,,,,,1,Regular Play,Feliciano João Jone,129475.0,Left Defensive Midfield,7,Mozambique,4978,"['67b287e4-b19f-460a-aaec-bc85ec968683', '71e293e4-2791-4683-9e5a-615dfcbf42c0']",26,,,,,,,,,,,,,,,,Mozambique,4978,00:04:26.848,Carry,
,,,,,"[49.8, 18.6]",,,,,,,,,,,,4.399996,,,,,,,,,,,,,,,35ad410b-94c6-43a9-b750-0efc037794f4,169,,"[38.9, 28.3]",3920410,4,,,,,,,,,,,,,,,,,,,,,,,,,1,Regular Play,Reinildo Isnard Mandava,10848.0,Left Center Back,7,Mozambique,4978,"['a879c93a-9de7-44f8-ac14-71c88d7f438e', 'dea73c6f-2857-4f5a-96b9-ffc25704801c']",29,,,,,,,,,,,,,,,,Mozambique,4978,00:04:29.623,Carry,
,,,,,"[71.7, 17.0]",,,,,,,,,,,,0.259533,,,,,,,,,,,,,,,6d38876c-c3f8-4a5e-889f-085e50e32277,173,,"[71.3, 17.0]",3920410,4,,,,,,,,,,,,,,,,,,,,,,,,,1,Regular Play,Ricardo Martins Guimarães,29482.0,Center Attacking Midfield,7,Mozambique,4978,"['89e334f9-ad4a-4b70-8645-285304b0f65a', '23bbbbe1-8a0d-4f9d-a0d6-e7d123bcbebd', 'fb35bea6-2ecb-40a9-96b4-351736f60963']",35,,,,,,,,,,,,,,,,Mozambique,4978,00:04:35.223,Carry,True
,,,,,"[65.5, 66.1]",,,,,,,,,,,,2.503511,,,,,,,,,,,,,,,8f068dfb-6b5f-4cc0-a872-eb9ba3663c89,176,,"[48.4, 63.1]",3920410,4,,,,,,,,,,,,,,,,,,,,,,,,,1,Regular Play,Denis Odoi,12259.0,Right Back,7,Mozambique,4978,"['51b466bf-5176-4cce-9602-1a01685fa0b6', '6f09ddc0-741b-4dc3-95b3-e0991c6942c7', 'e5db9c74-6d7a-4653-8e52-4fdf60961cdb']",35,,,,,,,,,,,,,,,,Ghana,4885,00:04:35.483,Carry,True
,,,,,"[43.9, 23.3]",,,,,,,,,,,,0.999997,,,,,,,,,,,,,,,eed8a882-6431-447f-b1de-5cf8c41f6a5c,183,,"[43.9, 23.3]",3920410,5,,,,,,,,,,,,,,,,,,,,,,,,,1,From Free Kick,Reinildo Isnard Mandava,10848.0,Left Center Back,8,Mozambique,4978,"['ee30d9ff-56c1-407e-9b28-0f44a3efc1cc', 'b4926624-3032-46df-8080-9da099d01161']",31,,,,,,,,,,,,,,,,Mozambique,4978,00:05:31.160,Carry,
,,,,,"[43.0, 58.6]",,,,,,,,,,,,5.599994,,,,,,,,,,,,,,,72113f68-b6cf-4008-9275-aafa0f99bd70,186,,"[41.1, 59.0]",3920410,5,,,,,,,,,,,,,,,,,,,,,,,,,1,From Free Kick,Edson André Sitoe,3250.0,Right Center Back,8,Mozambique,4978,"['bc45e58a-b9b1-4105-8257-fe5a32158fb5', '59fb1921-ef9c-4a49-b8cd-3faa464debab']",34,,,,,,,,,,,,,,,,Mozambique,4978,00:05:34.040,Carry,
,,,,,"[18.9, 40.5]",,,,,,,,,,,,5.039996,,,,,,,,,,,,,,,615f3574-4352-4d5c-8c68-4dac08187dc5,189,,"[15.9, 40.5]",3920410,5,,,,,,,,,,,,,,,,,,,,,,,,,1,From Free Kick,Ivane Carminio Francisco Urrubal,161718.0,Goalkeeper,8,Mozambique,4978,"['1be46311-4f07-4561-83ea-3f02f58d76be', '4fc9c2ce-48c5-4d8d-9958-5d3dba8a6af4']",42,,,,,,,,,,,,,,,,Mozambique,4978,00:05:42.800,Carry,
,,,,,"[49.0, 55.0]",,,,,,,,,,,,2.136568,,,,,,,,,,,,,,,83da2bcb-c1a1-45c7-a1c8-ef456a66b079,194,,"[57.5, 47.8]",3920410,5,,,,,,,,,,,,,,,,,,,,,,,,,1,Regular Play,Majeed Ashimeru,30693.0,Right Defensive Midfield,9,Ghana,4885,"['e93c9499-b04c-47f5-a69d-fdaa3ba81876', '9a3efc73-2724-4118-9fff-ae97d52f57a0', 'd6412a66-4954-4a03-8bb2-deafac28296f']",51,,,,,,,,,,,,,,,,Ghana,4885,00:05:51.671,Carry,True
,,,,,"[46.6, 74.8]",,,,,,,,,,,,1.8095,,,,,,,,,,,,,,,57b2c89b-f31d-4ed6-8b1c-d63eb50a221d,199,,"[46.2, 67.2]",3920410,5,,,,,,,,,,,,,,,,,,,,,,,,,1,Regular Play,Denis Odoi,12259.0,Right Back,9,Ghana,4885,"['789bc1f3-2c98-4be9-9992-9118d2441aff', 'f3e0dd39-f1a5-4c14-a5d7-43e8e9227898']",54,,,,,,,,,,,,,,,,Ghana,4885,00:05:54.574,Carry,
,,,,,"[11.1, 6.0]",,,,,,,,,,,,2.679334,,,,,,,,,,,,,,,04b8615d-85c7-4d91-8b9d-7e213c04210c,203,,"[23.7, 13.1]",3920410,6,,,,,,,,,,,,,,,,,,,,,,,,,1,Regular Play,Reinildo Isnard Mandava,10848.0,Left Center Back,10,Mozambique,4978,"['b0a4b050-2694-4683-b471-d9d910c9f6a8', 'f290e4fc-a8a2-4871-a2b0-2ee7311e1bf9']",0,,,,,,,,,,,,,,,,Mozambique,4978,00:06:00.232,Carry,
,,,,,"[3.9, 4.2]",,,,,,,,,,,,3.479995,,,,,,,,,,,,,,,9f87ae73-e51d-42a4-8b93-8e2dfafb3421,213,,"[3.0, 19.6]",3920410,6,,,,,,,,,,,,,,,,,,,,,,,,,1,Regular Play,Reinildo Isnard Mandava,10848.0,Left Center Back,10,Mozambique,4978,"['10351e04-41ef-4cff-b210-3c269b471961', '5a71dd56-c1c9-4086-94a6-2f22c858039f', '0b1049d5-1bce-4e14-8674-e218ba871789', '91cc517d-cc38-46af-864f-7237ba1e101a']",7,,,,,,,,,,,,,,,,Mozambique,4978,00:06:07.749,Carry,True
,,,,,"[41.7, 7.9]",,,,,,,,,,,,1.239997,,,,,,,,,,,,,,,a6dd9ecf-e018-4a89-9c68-768624d09298,219,,"[14.6, 6.2]",3920410,6,,,,,,,,,,,,,,,,,,,,,,,,,1,From Throw In,Alfons Amade,23706.0,Right Defensive Midfield,11,Mozambique,4978,"['e7a4d3a5-d581-4306-b3dc-1c295409f4c1', 'c4deeb6e-61fd-4dee-88d6-8b6656916812', 'c4a8467a-2ab7-4c9f-a8c6-ea84ea8b7555']",32,,,,,,,,,,,,,,,,Mozambique,4978,00:06:32.483,Carry,True
,,,,,"[12.8, 27.7]",,,,,,,,,,,,0.919997,,,,,,,,,,,,,,,8920fc84-5b4a-45e7-af10-6700092be258,223,,"[10.9, 27.7]",3920410,6,,,,,,,,,,,,,,,,,,,,,,,,,1,From Throw In,Edson André Sitoe,3250.0,Right Center Back,11,Mozambique,4978,"['ae1af85d-dafa-413f-b052-af4b924a4d65', '45b91ae9-32f3-4107-99cd-c4032883d843']",35,,,,,,,,,,,,,,,,Mozambique,4978,00:06:35.483,Carry,
,,,,,"[52.8, 66.8]",,,,,,,,,,,,1.962549,,,,,,,,,,,,,,,4162367a-322f-456e-a131-da449ad5dd52,226,,"[38.3, 64.4]",3920410,6,,,,,,,,,,,,,,,,,,,,,,,,,1,From Throw In,Infren David da Conceição Matola,417067.0,Right Back,11,Mozambique,4978,"['ead7b2a3-82a7-4dff-a690-5b5b61c8e082', '7293d74e-3a51-4bfe-8177-9aa50f75579e', 'cea748e3-66fd-4592-b320-a0fa808f0f47']",38,,,,,,,,,,,,,,,,Mozambique,4978,00:06:38.763,Carry,True
,,,,,"[69.2, 13.3]",,,,,,,,,,,,2.304888,,,,,,,,,,,,,,,116776a5-a355-4208-a98e-fda62ed60574,230,,"[67.3, 13.3]",3920410,6,,,,,,,,,,,,,,,,,,,,,,,,,1,Regular Play,Jordan Ayew,3450.0,Left Wing,12,Ghana,4885,"['fef62511-669e-4875-88e7-8074fb53b3b7', 'bf409e9d-f8ce-43b3-8484-8f459b4397a6']",40,,,,,,,,,,,,,,,,Ghana,4885,00:06:40.726,Carry,
,,,,,"[91.0, 14.4]",,,,,,,,,,,,2.131295,,,,,,,,,,,,,,,528e6571-bd7e-42fd-b5f6-b61ba7a81d58,233,,"[91.0, 14.4]",3920410,6,,,,,,,,,,,,,,,,,,,,,,,,,1,Regular Play,Mohammed Kudus,17033.0,Center Attacking Midfield,12,Ghana,4885,"['dc6bcc37-2e3c-451f-973a-f4e3d33a83de', 'dff327a0-4bdb-4592-936c-e8f5964891f2']",44,,,,,,,,,,,,,,,,Ghana,4885,00:06:44.471,Carry,
,,,,,"[87.5, 10.9]",,,,,,,,,,,,1.91474,,,,,,,,,,,,,,,baab532c-c6d6-4f27-9c6d-7e5073cf05af,238,,"[87.3, 7.8]",3920410,6,,,,,,,,,,,,,,,,,,,,,,,,,1,Regular Play,Mohammed Kudus,17033.0,Center Attacking Midfield,12,Ghana,4885,"['0af30841-3624-4ce2-8b71-bd3814ba047f', '432dea78-c086-4a21-8b1c-b6782a710cdc', '4b565af0-eeed-411a-afcf-e387117daa11']",48,,,,,,,,,,,,,,,,Ghana,4885,00:06:48.129,Carry,True
,,,,,"[95.5, 5.0]",,,,,,,,,,,,0.94253,,,,,,,,,,,,,,,a9d516de-199e-41eb-9fbb-667be6f03f73,242,,"[95.8, 4.8]",3920410,6,,,,,,,,,,,,,,,,,,,,,,,,,1,Regular Play,Jordan Ayew,3450.0,Left Wing,12,Ghana,4885,"['a84eb4b5-3793-4f2b-90f0-d7df1163876f', 'f6d26e50-0282-455a-9b54-fe10342aa7af']",50,,,,,,,,,,,,,,,,Ghana,4885,00:06:50.849,Carry,
,,,,,"[95.3, 7.0]",,,,,,,,,,,,2.495993,,,,,,,,,,,,,,,8de1e30b-d1aa-48df-9488-bdf381b86300,248,,"[95.3, 6.7]",3920410,6,,,,,,,,,,,,,,,,,,,,,,,,,1,Regular Play,Jordan Ayew,3450.0,Left Wing,12,Ghana,4885,"['657aa846-0676-4d1c-ac4e-cfd8043542b6', 'b8a3f905-3eb5-460c-8dfe-e8e5a52e4eba']",53,,,,,,,,,,,,,,,,Ghana,4885,00:06:53.271,Carry,
,,,,,"[113.6, 10.7]",,,,,,,,,,,,1.655292,,,,,,,,,,,,,,,ac0a4da5-5a3d-41c2-8f56-6f30c1d3649f,251,,"[110.3, 7.0]",3920410,6,,,,,,,,,,,,,,,,,,,,,,,,,1,Regular Play,Mohammed Kudus,17033.0,Center Attacking Midfield,12,Ghana,4885,"['0566d423-7834-450f-9fdb-1542eeedf54e', '184da0a9-3109-475a-ae79-b934f215a83f', 'b026b15b-80ad-45ac-b8e2-8573603187da']",57,,,,,,,,,,,,,,,,Ghana,4885,00:06:57.535,Carry,True
,,,,,"[116.6, 21.3]",,,,,,,,,,,,1.289037,,,,,,,,,,,,,,,87500c84-d834-44c0-aca5-205d98caed0f,254,,"[113.6, 10.7]",3920410,6,,,,,,,,,,,,,,,,,,,,,,,,,1,Regular Play,Mohammed Kudus,17033.0,Center Attacking Midfield,12,Ghana,4885,"['0566d423-7834-450f-9fdb-1542eeedf54e', 'fb9620ef-01c4-4a96-ac45-86d6c34d0279', '184da0a9-3109-475a-ae79-b934f215a83f']",59,,,,,,,,,,,,,,,,Ghana,4885,00:06:59.190,Carry,True
,,,,,"[25.9, 50.5]",,,,,,,,,,,,0.119996,,,,,,,,,,,,,,,316dd0f0-63cd-4c52-8e8a-becfe20d5509,260,,"[25.9, 50.5]",3920410,7,,,,,,,,,,,,,,,,,,,,,,,,,1,Regular Play,Ricardo Martins Guimarães,29482.0,Center Attacking Midfield,13,Mozambique,4978,"['07345e16-f6df-4022-8700-e24dffd1003b', 'bef66e1a-7ba7-496b-8b1e-f728ffa31f2c', '16f19737-8af5-4b09-804a-076009e993d2']",3,,,,,,,,,,,,,,,,Mozambique,4978,00:07:03.874,Carry,True
,,,,,"[55.2, 65.1]",,,,,,,,,,,,5.762225,,,,,,,,,,,,,,,319beaed-362a-493b-bb2f-006e346f071f,263,,"[19.1, 42.3]",3920410,7,,,,,,,,,,,,,,,,,,,,,,,,,1,Regular Play,Alfons Amade,23706.0,Right Defensive Midfield,13,Mozambique,4978,"['9fab5913-9f37-451b-9be8-686f22f95576', '9eb0ffde-6a75-4e20-ba24-173203b191e8', '0cc2f22b-88bd-42cf-98cb-fc77c5a6890d']",4,,,,,,,,,,,,,,,,Mozambique,4978,00:07:04.794,Carry,True
,,,,,"[72.6, 67.0]",,,,,,,,,,,,0.439996,,,,,,,,,,,,,,,f1d4cfad-f3e2-4d31-899d-c9a74da65eea,267,,"[72.6, 67.0]",3920410,7,,,,,,,,,,,,,,,,,,,,,,,,,1,Regular Play,Pachoio Lau Há King,106082.0,Center Forward,13,Mozambique,4978,"['ef963429-909e-4bca-ada0-feeb04019d52', '48f25ff1-8385-421b-8f42-1d569b03176e', 'cee50828-3765-40de-9dd8-52e33d9c559e']",11,,,,,,,,,,,,,,,,Mozambique,4978,00:07:11.957,Carry,True
,,,,,"[53.5, 59.9]",,,,,,,,,,,,0.639997,,,,,,,,,,,,,,,258fbaad-84db-49e8-a9f7-a236c2f2a31d,274,,"[53.5, 59.9]",3920410,7,,,,,,,,,,,,,,,,,,,,,,,,,1,From Free Kick,Edson André Sitoe,3250.0,Right Center Back,14,Mozambique,4978,"['a8d17fb4-6917-44fd-87b8-389d2ebfc5fc', 'fa614019-4f41-4640-80e7-1681d79ba0b7']",41,,,,,,,,,,,,,,,,Mozambique,4978,00:07:41.924,Carry,
,,,,,"[50.6, 28.8]",,,,,,,,,,,,1.315009,,,,,,,,,,,,,,,e56d9be8-f2ea-4541-98d3-8236b5f4f0f9,277,,"[52.2, 33.1]",3920410,7,,,,,,,,,,,,,,,,,,,,,,,,,1,From Free Kick,Reinildo Isnard Mandava,10848.0,Left Center Back,14,Mozambique,4978,"['e32e5e14-8efe-4e4f-8cf9-368fda4140ff', '9ce27a16-c1ba-4fdb-8a54-42efd37fe4ce']",43,,,,,,,,,,,,,,,,Mozambique,4978,00:07:43.804,Carry,
,,,,,"[66.1, 3.3]",,,,,,,,,,,,1.159993,,,,,,,,,,,,,,,400a585b-7969-4e2d-bb7a-b2880c7da242,280,,"[65.6, 3.3]",3920410,7,,,,,,,,,,,,,,,,,,,,,,,,,1,From Free Kick,Bruno Alberto Langa,106070.0,Left Back,14,Mozambique,4978,"['c74692b9-f85f-44fb-8de9-6a1669511a52', '8ca61979-654d-44b0-9205-2965d24cbf61', '3abdcd48-802f-4d64-8172-6e487201c071']",47,,,,,,,,,,,,,,,,Mozambique,4978,00:07:47.359,Carry,True
,,,,,"[41.0, 5.0]",,,,,,,,,,,,2.277072,,,,,,,,,,,,,,,e8c03eca-51c5-4003-a884-97d9b80b5424,289,,"[32.1, 6.7]",3920410,8,,,,,,,,,,,,,,,,,,,,,,,,,1,From Free Kick,Gideon Mensah,23615.0,Left Back,15,Mozambique,4978,"['d61194d9-d5a1-4ab7-8527-712048c8e996', 'c0f72f37-6cde-433d-b259-1e8e510313d5', 'ad3dfa8c-fc7c-41c0-8ee0-58261e2f4f24']",16,,,,,,,,,,,,,,,,Ghana,4885,00:08:16.510,Carry,True
,,,,,"[62.9, 11.3]",,,,,,,,,,,,1.013093,,,,,,,,,,,,,,,ce3f259a-b208-4bd1-988b-44e842632620,293,,"[55.5, 10.9]",3920410,8,,,,,,,,,,,,,,,,,,,,,,,,,1,From Free Kick,Mohammed Kudus,17033.0,Center Attacking Midfield,15,Mozambique,4978,"['2b77b0a0-4a93-40b0-b8ec-e019b82d49e7', 'b88a40ec-342b-45d9-b55f-bd1b28e9d11a', '16cb1189-4c41-4765-9d4b-55f313b5eb4b']",20,,,,,,,,,,,,,,,,Ghana,4885,00:08:20.490,Carry,True
,,,,,"[56.5, 74.0]",,,,,,,,,,,,2.159995,,,,,,,,,,,,,,,a7d3f6ba-03c9-4dc7-8c9c-bc28b55f9424,299,,"[56.7, 74.0]",3920410,8,,,,,,,,,,,,,,,,,,,,,,,,,1,From Free Kick,Geny Cipriano Catamo,127300.0,Right Wing,15,Mozambique,4978,"['1331ecc5-6523-4fc8-86fb-77610bc13e68', 'd7d900bc-c7fc-4432-9bd8-15f93f284ef0']",24,,,,,,,,,,,,,,,,Mozambique,4978,00:08:24.529,Carry,
,,,,,"[43.7, 69.4]",,,,,,,,,,,,2.416389,,,,,,,,,,,,,,,c06170d6-9c43-4c67-934b-7ff158d294df,302,,"[43.7, 69.4]",3920410,8,,,,,,,,,,,,,,,,,,,,,,,,,1,From Free Kick,Edson André Sitoe,3250.0,Right Center Back,15,Mozambique,4978,"['d64bdef5-e45a-41e0-b9e7-f0ebd46db438', '70f48eeb-9179-4366-9327-58af270a9516']",27,,,,,,,,,,,,,,,,Mozambique,4978,00:08:27.769,Carry,
,,,,,"[33.9, 19.6]",,,,,,,,,,,,0.839982,,,,,,,,,,,,,,,89062816-01f5-4c7f-a5f2-bd6df5a30ca0,305,,"[31.9, 21.6]",3920410,8,,,,,,,,,,,,,,,,,,,,,,,,,1,From Free Kick,Reinildo Isnard Mandava,10848.0,Left Center Back,15,Mozambique,4978,"['2280dd0d-fa64-4c47-8882-a6d2ddc38627', 'e3a02ceb-fad9-4ac0-b0c8-d329cfa096ff']",32,,,,,,,,,,,,,,,,Mozambique,4978,00:08:32.505,Carry,
,,,,,"[41.9, 26.6]",,,,,,,,,,,,2.359993,,,,,,,,,,,,,,,7d5da334-9e95-4717-ab1c-85cae81f0eb5,308,,"[45.9, 24.0]",3920410,8,,,,,,,,,,,,,,,,,,,,,,,,,1,From Free Kick,Feliciano João Jone,129475.0,Left Defensive Midfield,15,Mozambique,4978,"['82e5a765-40d0-40fc-b903-03a0c922b376', '8dcd77a1-46c2-4671-98ad-287ff9e1c3a7']",34,,,,,,,,,,,,,,,,Mozambique,4978,00:08:34.545,Carry,
,,,,,"[41.3, 67.5]",,,,,,,,,,,,1.67999,,,,,,,,,,,,,,,19b12ab8-7dae-4653-bcb2-3629efadb137,311,,"[39.3, 67.7]",3920410,8,,,,,,,,,,,,,,,,,,,,,,,,,1,From Free Kick,Edson André Sitoe,3250.0,Right Center Back,15,Mozambique,4978,"['afb384d4-bf85-4922-9165-e875c37eda54', '3fe23c00-590d-405a-8e48-fe16cc9fafcf']",38,,,,,,,,,,,,,,,,Mozambique,4978,00:08:38.545,Carry,
,,,,,"[109.1, 49.9]",,,,,,,,,,,,0.804906,,,,,,,,,,,,,,,2bce7279-e762-42af-ab93-39cf3f2b448d,315,,"[108.0, 49.9]",3920410,8,,,,,,,,,,,,,,,,,,,,,,,,,1,From Free Kick,Pachoio Lau Há King,106082.0,Center Forward,15,Mozambique,4978,"['3756d0cf-9e5b-45ea-b0b3-f0e8954f3092', 'a0114e2c-f99d-4157-92c7-5c23dd5d3b61', '9e4009a2-6ce1-48d5-a796-1c072b08b7bd']",44,,,,,,,,,,,,,,,,Mozambique,4978,00:08:44.131,Carry,True
,,,,,"[65.3, 4.1]",,,,,,,,,,,,0.182866,,,,,,,,,,,,,,,cfb315ff-9cda-4fad-b76e-b54e857f29d7,322,,"[65.3, 4.1]",3920410,9,,,,,,,,,,,,,,,,,,,,,,,,,1,From Goal Kick,Jordan Ayew,3450.0,Left Wing,16,Ghana,4885,"['d55242ec-4287-4a43-8996-07143972becb', '8966aff8-ba71-41d3-ae2d-ce86e2e8884b']",24,,,,,,,,,,,,,,,,Ghana,4885,00:09:24.583,Carry,
,,,,,"[50.0, 70.7]",,,,,,,,,,,,0.08,,,,,,,,,,,,,,,c91af219-69e9-48e4-acab-ba866539d603,334,,"[50.0, 70.7]",3920410,10,,,,,,,,,,,,,,,,,,,,,,,,,1,From Throw In,Ricardo Martins Guimarães,29482.0,Center Attacking Midfield,18,Ghana,4885,"['e1d685b3-799b-4a6f-9c3b-936fc076598c', '52219fb6-0214-464c-a1b9-ecf3291f4b5c']",9,,,,,,,,,,,,,,,,Mozambique,4978,00:10:09.590,Carry,
,,,,,"[83.6, 4.1]",,,,,,,,,,,,2.504098,,,,,,,,,,,,,,,42cfb80e-db41-4f09-929c-06015d6f30c3,338,,"[80.1, 5.7]",3920410,10,,,,,,,,,,,,,,,,,,,,,,,,,1,From Throw In,Antoine Semenyo,9286.0,Center Forward,18,Ghana,4885,"['253d2716-2981-44fd-9443-4ae05efe3921', 'c8f04b48-4bb2-4399-9f0e-c32fe4ea6816', 'a9aea4a7-a774-4a46-9995-847d4fd4cf0c']",11,,,,,,,,,,,,,,,,Ghana,4885,00:10:11.126,Carry,True
,,,,,"[104.9, 7.0]",,,,,,,,,,,,0.51804,,,,,,,,,,,,,,,3b86ddc5-306b-44ab-a1dc-8a538c24bc71,343,,"[103.8, 7.2]",3920410,10,,,,,,,,,,,,,,,,,,,,,,,,,1,From Throw In,Antoine Semenyo,9286.0,Center Forward,19,Ghana,4885,"['50672b71-add4-460d-b3a7-e6d4a215a94c', 'edf6c535-de5b-4c60-b3bc-75bf7e32fe25', '1dc06138-b467-4afd-b792-a90a5abf0f38']",28,,,,,,,,,,,,,,,,Ghana,4885,00:10:28.612,Carry,True
,,,,,"[21.9, 43.8]",,,,,,,,,,,,1.399998,,,,,,,,,,,,,,,7f8eb08a-796e-4f0a-b440-7f3c0edee489,356,,"[25.9, 51.2]",3920410,11,,,,,,,,,,,,,,,,,,,,,,,,,1,From Throw In,Edson André Sitoe,3250.0,Right Center Back,22,Mozambique,4978,"['a2bb0162-682c-44cb-a69d-07014a1c2538', 'd66b0947-eb52-492d-87c7-2725ff5ef63a', '09901cff-00fd-42d6-9e89-6b5f28b8ce82']",15,,,,,,,,,,,,,,,,Mozambique,4978,00:11:15.406,Carry,True
,,,,,"[31.1, 52.3]",,,,,,,,,,,,1.874156,,,,,,,,,,,,,,,89ff5736-d921-41df-84e9-b5ccb48ceebb,360,,"[29.3, 52.0]",3920410,11,,,,,,,,,,,,,,,,,,,,,,,,,1,From Throw In,Feliciano João Jone,129475.0,Left Defensive Midfield,22,Mozambique,4978,"['856b7500-83c2-4055-af81-3b51dfd9fe3a', '687c0c19-c2b8-4087-a7cb-0553a3a511fa', 'cd019e45-7924-4bbb-a2be-3bce12109a6f']",17,,,,,,,,,,,,,,,,Mozambique,4978,00:11:17.766,Carry,True
,,,,,"[31.1, 47.9]",,,,,,,,,,,,1.759995,,,,,,,,,,,,,,,de8df54f-86bb-43b7-a677-ed109d4b14a0,364,,"[31.1, 52.3]",3920410,11,,,,,,,,,,,,,,,,,,,,,,,,,1,From Throw In,Feliciano João Jone,129475.0,Left Defensive Midfield,22,Mozambique,4978,"['5e3c1c6f-c09e-49d5-ba57-724a6ecdffcf', 'fe1981e1-680e-43b3-ac22-7d4f9923b532', '687c0c19-c2b8-4087-a7cb-0553a3a511fa']",19,,,,,,,,,,,,,,,,Mozambique,4978,00:11:19.641,Carry,True
,,,,,"[21.1, 20.7]",,,,,,,,,,,,0.119997,,,,,,,,,,,,,,,1841e1d4-61e0-4f2e-a46f-2715fb5604ef,367,,"[21.1, 21.2]",3920410,11,,,,,,,,,,,,,,,,,,,,,,,,,1,From Throw In,Edson André Sitoe,3250.0,Right Center Back,22,Mozambique,4978,"['0fd1d9df-714a-4e0b-b469-0fda54ba018d', '3779de30-12a4-48d7-9dc7-18dc8bc2a8a1']",23,,,,,,,,,,,,,,,,Mozambique,4978,00:11:23.600,Carry,
,,,,,"[67.4, 11.2]",,,,,,,,,,,,2.956484,,,,,,,,,,,,,,,d9c53942-6fc2-40b0-8291-36c198e5e913,370,,"[52.8, 3.3]",3920410,11,,,,,,,,,,,,,,,,,,,,,,,,,1,From Throw In,Bruno Alberto Langa,106070.0,Left Back,22,Mozambique,4978,"['03dec0c4-b9a9-4bb5-a9bc-880b88276597', '1ff92026-bb01-41f9-b8ab-8426f2643bf2', '00b8c0b2-4750-4820-b04c-c1dc60f3c8c1']",25,,,,,,,,,,,,,,,,Mozambique,4978,00:11:25.920,Carry,True
,,,,,"[80.8, 69.6]",,,,,,,,,,,,4.47193,,,,,,,,,,,,,,,6c9b62c6-83f9-4318-bc67-d6ad21b5269e,384,,"[57.5, 71.8]",3920410,11,,,,,,,,,,,,,,,,,,,,,,,,,1,Regular Play,Joseph Paintsil,16546.0,Right Wing,23,Ghana,4885,"['0fef4aa0-db5d-4d20-88fd-88d71a52a3cd', 'eaa301e9-33b8-434f-937a-dccad0692246', '87f5f874-a14c-4269-87c6-8db16ddb784b']",38,,,,,,,,,,,,,,,,Ghana,4885,00:11:38.077,Carry,True
,,,,,"[79.2, 47.2]",,,,,,,,,,,,1.536804,,,,,,,,,,,,,,,856868cf-59b0-465e-baf2-f0b1ff914723,389,,"[81.2, 51.1]",3920410,11,,,,,,,,,,,,,,,,,,,,,,,,,1,Regular Play,Mohammed Kudus,17033.0,Center Attacking Midfield,23,Ghana,4885,"['98b4a2e8-7d10-4f1e-bad6-516c93515429', '7ff2590c-1baf-49e4-8244-166dd3769ff5']",43,,,,,,,,,,,,,,,,Ghana,4885,00:11:43.817,Carry,
,,,,,"[91.2, 10.9]",,,,,,,,,,,,1.465885,,,,,,,,,,,,,,,85c9dd1a-509f-4222-8ede-3d6862f4d60a,392,,"[92.5, 8.9]",3920410,11,,,,,,,,,,,,,,,,,,,,,,,,,1,Regular Play,Gideon Mensah,23615.0,Left Back,23,Ghana,4885,"['d14dfc25-530e-4bb6-8279-c2be5fb8664c', '2c0f071e-73ff-4ffa-b65a-df611d7a566e']",48,,,,,,,,,,,,,,,,Ghana,4885,00:11:48.084,Carry,
,,,,,"[86.4, 15.0]",,,,,,,,,,,,1.780519,,,,,,,,,,,,,,,eb1a1799-a103-40af-9408-1d991de128b6,395,,"[85.5, 16.1]",3920410,11,,,,,,,,,,,,,,,,,,,,,,,,,1,Regular Play,Salis Abdul Samed,31029.0,Left Defensive Midfield,23,Ghana,4885,"['b7b44a97-4a65-4300-b293-646283b9458f', '3333fa11-5906-4032-ada9-73ebff4662be', '0d9fd9a0-bb4c-45dc-8f54-2504c928d1cf']",50,,,,,,,,,,,,,,,,Ghana,4885,00:11:50.899,Carry,True
,,,,,"[67.1, 28.9]",,,,,,,,,,,,1.012615,,,,,,,,,,,,,,,47dbbc34-eb23-48d1-9397-0685086adbda,399,,"[65.3, 25.0]",3920410,11,,,,,,,,,,,,,,,,,,,,,,,,,1,Regular Play,Mohamed Salisu,30519.0,Left Center Back,23,Ghana,4885,"['874a1685-2911-4d8a-b86f-d7c9191e94b0', '41d5cdff-85d2-4876-9049-a0e0564111df']",54,,,,,,,,,,,,,,,,Ghana,4885,00:11:54.309,Carry,
,,,,,"[72.7, 23.5]",,,,,,,,,,,,3.101832,,,,,,,,,,,,,,,047c2cb2-3b0f-415b-aee2-7284d5a28514,402,,"[67.1, 42.4]",3920410,11,,,,,,,,,,,,,,,,,,,,,,,,,1,Regular Play,Majeed Ashimeru,30693.0,Right Defensive Midfield,23,Ghana,4885,"['a5e40c98-6138-4ba4-a053-7ecf51cca75c', '6ffcacd5-873f-4b6a-b9c8-81f7c5750a58']",56,,,,,,,,,,,,,,,,Ghana,4885,00:11:56.738,Carry,
,,,,,"[66.2, 18.7]",,,,,,,,,,,,0.357388,,,,,,,,,,,,,,,db5bc352-f8eb-4439-ae42-8a62691e534e,405,,"[66.2, 18.7]",3920410,12,,,,,,,,,,,,,,,,,,,,,,,,,1,Regular Play,Salis Abdul Samed,31029.0,Left Defensive Midfield,23,Ghana,4885,"['d33070df-5abc-4e29-9a58-4d072d42512e', '28578039-b918-4e81-b125-db4ec2c69ce9']",0,,,,,,,,,,,,,,,,Ghana,4885,00:12:00.948,Carry,
,,,,,"[57.3, 23.9]",,,,,,,,,,,,0.907419,,,,,,,,,,,,,,,899cc9e2-788f-4eba-a4b8-ea8b87d01345,408,,"[57.3, 23.9]",3920410,12,,,,,,,,,,,,,,,,,,,,,,,,,1,Regular Play,Mohamed Salisu,30519.0,Left Center Back,23,Ghana,4885,"['3690c5dd-2fcf-4c8f-9f24-62f89d4a6745', '45423e1f-5764-4a9a-971b-0995e1386956']",3,,,,,,,,,,,,,,,,Ghana,4885,00:12:03.177,Carry,
,,,,,"[74.7, 6.7]",,,,,,,,,,,,0.882138,,,,,,,,,,,,,,,409abc30-8a70-4426-9357-85ce7d44b73a,411,,"[71.6, 9.8]",3920410,12,,,,,,,,,,,,,,,,,,,,,,,,,1,Regular Play,Gideon Mensah,23615.0,Left Back,23,Ghana,4885,"['4b71c3b9-3d76-4008-ab0a-af0725e258dc', '13ebb06b-8d33-45ed-8896-1c9687abcf8a']",5,,,,,,,,,,,,,,,,Ghana,4885,00:12:05.457,Carry,
,,,,,"[111.6, 23.1]",,,,,,,,,,,,3.770197,,,,,,,,,,,,,,,b6dfa362-4ba4-4e25-845c-a023b2a95b03,414,,"[103.4, 6.1]",3920410,12,,,,,,,,,,,,,,,,,,,,,,,,,1,Regular Play,Joseph Paintsil,16546.0,Right Wing,23,Ghana,4885,"['62e4cd9f-ab01-4117-972d-96634af5b177', '4504abae-749e-478b-a7b7-780a19a41b7f', '0e5becee-2c34-4440-aad1-fef54d4c2328']",8,,,,,,,,,,,,,,,,Ghana,4885,00:12:08.576,Carry,True
,,,,,"[111.0, 24.4]",,,,,,,,,,,,0.599817,,,,,,,,,,,,,,,70009661-fdee-46ad-ba29-cd2003bfd3c0,418,,"[111.6, 23.1]",3920410,12,,,,,,,,,,,,,,,,,,,,,,,,,1,Regular Play,Joseph Paintsil,16546.0,Right Wing,23,Ghana,4885,"['3a1d93ae-7c80-48d3-9db1-cd8b392d64fc', '9c39a0fc-fcd1-4050-9a5a-a39cab94f989', '62e4cd9f-ab01-4117-972d-96634af5b177', '82ef0123-4d9b-4ae4-8a38-715f49554d1d', '4504abae-749e-478b-a7b7-780a19a41b7f']",12,,,,,,,,,,,,,,,,Ghana,4885,00:12:12.346,Carry,True
,,,,,"[42.6, 39.0]",,,,,,,,,,,,12.119999,,,,,,,,,,,,,,,07a8fe4a-cd99-44bd-a674-994f43f61e26,425,,"[42.6, 39.0]",3920410,15,,,,,,,,,,,,,,,,,,,,,,,,,1,From Kick Off,Alfons Amade,23706.0,Right Defensive Midfield,25,Mozambique,4978,"['44d8672d-845a-471b-a536-ab126b4485a9', '7ce49219-ca52-4e59-9420-55c6b942bd7b']",30,,,,,,,,,,,,,,,,Mozambique,4978,00:15:30.381,Carry,
,,,,,"[13.6, 31.1]",,,,,,,,,,,,11.617373,,,,,,,,,,,,,,,6ecad308-6d92-4f56-a3b8-2bc490ae66e3,429,,"[12.5, 31.1]",3920410,15,,,,,,,,,,,,,,,,,,,,,,,,,1,From Kick Off,Richard Ofori Antwi,68757.0,Goalkeeper,25,Mozambique,4978,"['5709ff1d-e186-4198-9e3c-2ada76a386bf', '2b0884ca-38b4-410a-8c21-c5d95f4d8085']",54,,,,,,,,,,,,,,,,Ghana,4885,00:15:54.106,Carry,
,,,,,"[52.6, 32.5]",,,,,,,,,,,,1.039994,,,,,,,,,,,,,,,0eab77d4-7bc4-4561-920b-ed6d44e88a0d,441,,"[53.0, 36.2]",3920410,16,,,,,,,,,,,,,,,,,,,,,,,,,1,From Free Kick,Reinildo Isnard Mandava,10848.0,Left Center Back,26,Mozambique,4978,"['b2f28c8d-9a8a-463e-a7aa-a9e0f0ed3f3c', '72e74a62-a883-4f83-8c45-7737719b1c55']",55,,,,,,,,,,,,,,,,Mozambique,4978,00:16:55.299,Carry,
,,,,,"[60.6, 6.8]",,,,,,,,,,,,1.639998,,,,,,,,,,,,,,,d6edd45a-71a7-403c-a325-7407552566ab,444,,"[62.8, 12.5]",3920410,16,,,,,,,,,,,,,,,,,,,,,,,,,1,From Free Kick,Bruno Alberto Langa,106070.0,Left Back,26,Mozambique,4978,"['cbe758f3-180d-40de-a2b7-ac47e2005a05', '0dc8a25a-3be8-4ad2-9deb-d7a72d2976ab']",58,,,,,,,,,,,,,,,,Mozambique,4978,00:16:58.019,Carry,
,,,,,"[51.7, 27.0]",,,,,,,,,,,,0.719997,,,,,,,,,,,,,,,7d56b0fe-b880-46fd-aef4-1d7691d62da4,447,,"[51.9, 27.5]",3920410,17,,,,,,,,,,,,,,,,,,,,,,,,,1,From Free Kick,Reinildo Isnard Mandava,10848.0,Left Center Back,26,Mozambique,4978,"['6d6e6af4-22c8-40d6-b124-88cd4ac37511', '2b3042de-d092-4251-8873-dc55e248fe85']",0,,,,,,,,,,,,,,,,Mozambique,4978,00:17:00.939,Carry,
,,,,,"[41.7, 61.2]",,,,,,,,,,,,0.83999,,,,,,,,,,,,,,,36299089-3eee-412c-994d-eafef1204a3f,450,,"[44.8, 62.0]",3920410,17,,,,,,,,,,,,,,,,,,,,,,,,,1,From Free Kick,Edson André Sitoe,3250.0,Right Center Back,26,Mozambique,4978,"['bb1980f7-c3ff-4717-bda4-679822d2289c', 'bbc54160-37c3-4f94-bba8-bb8654e129ec', '2ec546e0-237a-454a-90ff-6a2797c74ad1']",3,,,,,,,,,,,,,,,,Mozambique,4978,00:17:03.739,Carry,True
,,,,,"[38.5, 22.3]",,,,,,,,,,,,1.479996,,,,,,,,,,,,,,,541f467b-dc96-437e-adbd-8840ecc6b007,454,,"[40.6, 22.0]",3920410,17,,,,,,,,,,,,,,,,,,,,,,,,,1,From Free Kick,Reinildo Isnard Mandava,10848.0,Left Center Back,26,Mozambique,4978,"['5af310e0-b04c-4097-8d3a-4da512240608', '08444178-7006-422f-87e1-5e58c925c06e']",6,,,,,,,,,,,,,,,,Mozambique,4978,00:17:06.579,Carry,
,,,,,"[16.3, 41.4]",,,,,,,,,,,,0.919994,,,,,,,,,,,,,,,85e20d91-b83a-4885-b51e-f34d3559d8a3,457,,"[15.9, 41.4]",3920410,17,,,,,,,,,,,,,,,,,,,,,,,,,1,From Free Kick,Ivane Carminio Francisco Urrubal,161718.0,Goalkeeper,26,Mozambique,4978,"['573730a2-38ff-43bb-8465-69531d680a1d', '1fdcc363-4c05-4f62-9bb8-9550773e1a84']",10,,,,,,,,,,,,,,,,Mozambique,4978,00:17:10.819,Carry,
,,,,,"[23.7, 54.4]",,,,,,,,,,,,2.439991,,,,,,,,,,,,,,,2b08464f-ba69-4187-983e-17cfe0fb0371,460,,"[20.9, 54.0]",3920410,17,,,,,,,,,,,,,,,,,,,,,,,,,1,From Free Kick,Edson André Sitoe,3250.0,Right Center Back,26,Mozambique,4978,"['f6a3e6a5-347b-4dd3-b6a4-2ac1b7302cf7', 'ce027b3e-7a11-4664-9e0c-799dc8670d9d']",13,,,,,,,,,,,,,,,,Mozambique,4978,00:17:13.299,Carry,
,,,,,"[27.6, 18.8]",,,,,,,,,,,,2.399993,,,,,,,,,,,,,,,823cd63d-97ce-4bf9-9513-13b0f2a58817,463,,"[28.0, 20.3]",3920410,17,,,,,,,,,,,,,,,,,,,,,,,,,1,From Free Kick,Reinildo Isnard Mandava,10848.0,Left Center Back,26,Mozambique,4978,"['7f16d969-4620-4496-8d57-4a0b00ba04f0', '624bee02-239f-419c-abc3-92f9d45d2352']",17,,,,,,,,,,,,,,,,Mozambique,4978,00:17:17.459,Carry,
,,,,,"[62.8, 20.7]",,,,,,,,,,,,0.279999,,,,,,,,,,,,,,,c7123ef5-9692-44aa-9f84-d9c082064241,467,,"[62.8, 20.7]",3920410,17,,,,,,,,,,,,,,,,,,,,,,,,,1,From Free Kick,Ricardo Martins Guimarães,29482.0,Center Attacking Midfield,26,Mozambique,4978,"['723857f1-77fe-4f20-bcd2-6702cce07ad7', 'cec79624-0459-4582-a7cd-44719a18a78c', 'dea7f991-5a49-49a8-b32c-870c3abd83e4', '1aaab49b-6121-433c-bf1b-01121e724a94']",22,,,,,,,,,,,,,,,,Mozambique,4978,00:17:22.139,Carry,True
,,,,,"[63.7, 15.3]",,,,,,,,,,,,0.519996,,,,,,,,,,,,,,,62184aec-2be2-46db-9bbb-5dddf300e882,474,,"[65.2, 15.1]",3920410,17,,,,,,,,,,,,,,,,,,,,,,,,,1,From Free Kick,Ricardo Martins Guimarães,29482.0,Center Attacking Midfield,27,Mozambique,4978,"['e5f62030-6dfc-4cbe-8ba5-675c1622be7c', '0c7522db-123e-4504-9422-8a784c94a07b']",32,,,,,,,,,,,,,,,,Mozambique,4978,00:17:32.067,Carry,
,,,,,"[60.6, 4.2]",,,,,,,,,,,,2.159993,,,,,,,,,,,,,,,08f58670-0427-4c6c-bec2-95dc23363333,477,,"[61.7, 5.3]",3920410,17,,,,,,,,,,,,,,,,,,,,,,,,,1,From Free Kick,Feliciano João Jone,129475.0,Left Defensive Midfield,27,Mozambique,4978,"['1726a580-3eb0-4436-8190-051b960d506f', 'cd2dc737-3f90-48b1-a086-59256d2653c4']",33,,,,,,,,,,,,,,,,Mozambique,4978,00:17:33.827,Carry,
,,,,,"[21.7, 57.7]",,,,,,,,,,,,0.199998,,,,,,,,,,,,,,,13b5433a-6639-4a97-a41d-91df8c2f2aa2,486,,"[21.7, 57.7]",3920410,18,,,,,,,,,,,,,,,,,,,,,,,,,1,From Goal Kick,Edson André Sitoe,3250.0,Right Center Back,28,Ghana,4885,"['5aa69d01-d729-4b07-8083-c8da33cc594c', 'ea686c59-d8c8-40ee-9507-e0b9ea430aac']",22,,,,,,,,,,,,,,,,Mozambique,4978,00:18:22.919,Carry,
,,,,,"[90.8, 16.1]",,,,,,,,,,,,0.11678,,,,,,,,,,,,,,,b1a2cda7-601f-4118-9983-fbfc4897d930,505,,"[90.8, 16.1]",3920410,19,,,,,,,,,,,,,,,,,,,,,,,,,1,From Free Kick,Antoine Semenyo,9286.0,Center Forward,31,Ghana,4885,"['31122198-3301-4453-8ba9-2bf8609f8c49', 'f446164e-0193-4666-b8ad-f5c568add628', '3c781530-40a4-45a1-b552-91b26a858897']",49,,,,,,,,,,,,,,,,Ghana,4885,00:19:49.031,Carry,True
,,,,,"[34.8, 64.0]",,,,,,,,,,,,2.183117,,,,,,,,,,,,,,,7e530dbe-fb8f-40eb-8e56-7654e825e871,509,,"[38.3, 62.9]",3920410,19,,,,,,,,,,,,,,,,,,,,,,,,,1,Regular Play,Alfons Amade,23706.0,Right Defensive Midfield,32,Mozambique,4978,"['9fb5426e-0d27-4f42-a142-b2e95d19393c', '413d08da-607c-4b80-bb0a-e8c5a641393c', '459d447a-1c4a-49db-8f2a-e6df45e0ef5f', '37eca35c-5501-4dbd-bee6-043962acb4d6']",50,,,,,,,,,,,,,,,,Mozambique,4978,00:19:50.199,Carry,True
,,,,,"[28.0, 59.4]",,,,,,,,,,,,0.719996,,,,,,,,,,,,,,,2b17319f-5cf0-48c3-a5ac-bcec8d5a66b0,515,,"[28.2, 60.3]",3920410,19,,,,,,,,,,,,,,,,,,,,,,,,,1,Regular Play,Edson André Sitoe,3250.0,Right Center Back,32,Mozambique,4978,"['ee3b5283-0547-45e7-bb6e-85de91666ade', 'eed1c69e-33fa-4a7f-b072-3ca2e9fbfeb0', 'dfdd272d-2729-450f-8bbf-e634c2c71247']",54,,,,,,,,,,,,,,,,Mozambique,4978,00:19:54.199,Carry,True
,,,,,"[55.8, 36.3]",,,,,,,,,,,,1.287281,,,,,,,,,,,,,,,7d224935-4198-49b3-9b4e-b412818a6484,523,,"[55.3, 38.9]",3920410,19,,,,,,,,,,,,,,,,,,,,,,,,,1,Regular Play,Alexander Djiku,2989.0,Right Center Back,33,Ghana,4885,"['5bc3199f-a1ba-4fe7-898b-775fc6cd62c4', 'dbc7aff0-c48b-4389-85b3-2afa5d9e28c4']",58,,,,,,,,,,,,,,,,Ghana,4885,00:19:58.823,Carry,
,,,,,"[56.4, 17.8]",,,,,,,,,,,,1.385217,,,,,,,,,,,,,,,26be970d-3b80-4ae2-bf9a-4cc0821f7baa,526,,"[56.4, 17.8]",3920410,20,,,,,,,,,,,,,,,,,,,,,,,,,1,Regular Play,Mohamed Salisu,30519.0,Left Center Back,33,Ghana,4885,"['3b1a7053-5ec0-4052-bec1-a0b9804df8d5', '510a71db-f516-4e7c-8c72-7ff8e1a43940']",1,,,,,,,,,,,,,,,,Ghana,4885,00:20:01.103,Carry,
,,,,,"[71.2, 9.8]",,,,,,,,,,,,1.552752,,,,,,,,,,,,,,,f785581f-2ec3-44aa-9f60-022925240aa1,529,,"[73.8, 10.4]",3920410,20,,,,,,,,,,,,,,,,,,,,,,,,,1,Regular Play,Jordan Ayew,3450.0,Left Wing,33,Ghana,4885,"['d370ea18-fdca-4c4a-87a6-ade14bbbdc68', '05ff9837-0c97-464e-9992-5121e80e8b84', '072ac3c7-1db5-4b4a-8ec1-9a3a8c231112']",3,,,,,,,,,,,,,,,,Ghana,4885,00:20:03.110,Carry,True
,,,,,"[68.4, 5.9]",,,,,,,,,,,,0.302586,,,,,,,,,,,,,,,c7762f1a-e9aa-4d9d-8a20-c154847811ac,533,,"[68.4, 5.9]",3920410,20,,,,,,,,,,,,,,,,,,,,,,,,,1,Regular Play,Gideon Mensah,23615.0,Left Back,33,Ghana,4885,"['cc5a54bd-a62d-4e4e-9578-e084d53c677d', 'f00ef644-5e4f-45ef-a786-a547770cf7d0']",5,,,,,,,,,,,,,,,,Ghana,4885,00:20:05.739,Carry,
,,,,,"[41.3, 71.6]",,,,,,,,,,,,0.919999,,,,,,,,,,,,,,,76a1610a-5e90-4a25-8250-6830db0dddb8,537,,"[39.8, 70.3]",3920410,20,,,,,,,,,,,,,,,,,,,,,,,,,1,Regular Play,Infren David da Conceição Matola,417067.0,Right Back,34,Mozambique,4978,"['c8c4e5aa-84cf-44d5-92c4-9b48b31e3799', '1000b26a-b387-42b2-ae8b-64c9c77f4442', 'bf3cb64d-57b0-462f-90d0-5a8289c0fea2']",7,,,,,,,,,,,,,,,,Mozambique,4978,00:20:07.245,Carry,True
,,,,,"[42.8, 75.1]",,,,,,,,,,,,0.439995,,,,,,,,,,,,,,,40104957-08a9-4621-8c05-8882ef142d1b,541,,"[42.8, 75.3]",3920410,20,,,,,,,,,,,,,,,,,,,,,,,,,1,Regular Play,Geny Cipriano Catamo,127300.0,Right Wing,34,Mozambique,4978,"['9124ecab-64ee-4f7c-8f59-8ae6f2714860', '3310231c-5add-4a9d-8c3b-e11a70a7f8a8']",8,,,,,,,,,,,,,,,,Mozambique,4978,00:20:08.605,Carry,
,,,,,"[44.3, 64.0]",,,,,,,,,,,,1.687036,,,,,,,,,,,,,,,4a959946-ea55-4d1c-abed-588b1598da74,544,,"[47.4, 67.5]",3920410,20,,,,,,,,,,,,,,,,,,,,,,,,,1,Regular Play,Alfons Amade,23706.0,Right Defensive Midfield,34,Mozambique,4978,"['8e27b65c-1bd8-4f0a-9213-040e875d6499', 'ef6ac9b5-34af-40af-bb31-458b02d3a194']",10,,,,,,,,,,,,,,,,Mozambique,4978,00:20:10.245,Carry,
,,,,,"[57.6, 13.1]",,,,,,,,,,,,0.04296,,,,,,,,,,,,,,,617aa1c0-6124-4717-bfbd-8f83b6be35e8,547,,"[56.5, 15.1]",3920410,20,,,,,,,,,,,,,,,,,,,,,,,,,1,Regular Play,Bruno Alberto Langa,106070.0,Left Back,34,Mozambique,4978,"['1ee5eaba-6bb0-4a1c-a2b7-7565f0f36c45', '95c30630-1861-41f8-90e6-f8db6095773b']",14,,,,,,,,,,,,,,,,Mozambique,4978,00:20:14.332,Carry,
,,,,,"[59.2, 49.4]",,,,,,,,,,,,1.599999,,,,,,,,,,,,,,,6499c59a-1720-45e1-9a50-9765f88b4f4b,553,,"[58.4, 53.9]",3920410,20,,,,,,,,,,,,,,,,,,,,,,,,,1,From Throw In,Salis Abdul Samed,31029.0,Left Defensive Midfield,35,Ghana,4885,"['4f3e5e34-4cc4-4b95-9ef2-81a7912eb4fe', 'e1bbba0c-9e6c-40cc-aff4-fb440da8c692']",36,,,,,,,,,,,,,,,,Ghana,4885,00:20:36.998,Carry,
,,,,,"[54.5, 30.2]",,,,,,,,,,,,1.302403,,,,,,,,,,,,,,,2aa61e35-14cd-4625-ba7b-523cb5549f99,556,,"[54.0, 34.4]",3920410,20,,,,,,,,,,,,,,,,,,,,,,,,,1,From Throw In,Mohamed Salisu,30519.0,Left Center Back,35,Ghana,4885,"['ea427db5-ca64-4c75-b2bc-d89371c6efd2', '679cb94f-61a6-4798-bd3e-8cc617d57ca7']",40,,,,,,,,,,,,,,,,Ghana,4885,00:20:40.697,Carry,
,,,,,"[78.8, 6.1]",,,,,,,,,,,,2.394455,,,,,,,,,,,,,,,c821c7d6-9d72-45fa-9131-32a6abe599c7,559,,"[80.8, 3.9]",3920410,20,,,,,,,,,,,,,,,,,,,,,,,,,1,From Throw In,Gideon Mensah,23615.0,Left Back,35,Ghana,4885,"['651af6c5-1f96-4561-a839-1896f53ed65e', 'ac3e225a-0d42-4449-b092-ed17696a6f08', '071c809d-72df-44db-9f33-472aa063fa14']",44,,,,,,,,,,,,,,,,Ghana,4885,00:20:44.220,Carry,True
,,,,,"[43.4, 15.7]",,,,,,,,,,,,1.866878,,,,,,,,,,,,,,,97d5f517-de78-4c8d-986b-fa92f4b86084,563,,"[47.5, 15.0]",3920410,20,,,,,,,,,,,,,,,,,,,,,,,,,1,From Throw In,Mohamed Salisu,30519.0,Left Center Back,35,Ghana,4885,"['dbccb559-f05f-4f16-9bba-8b42bbcd8e03', '3ac80c47-c0ad-4ef2-841f-c2aa562d0ca8']",48,,,,,,,,,,,,,,,,Ghana,4885,00:20:48.813,Carry,
,,,,,"[39.9, 55.7]",,,,,,,,,,,,0.793321,,,,,,,,,,,,,,,7fa54cd2-c405-49da-9235-0dae1adf0cdf,566,,"[39.9, 55.7]",3920410,20,,,,,,,,,,,,,,,,,,,,,,,,,1,From Throw In,Alexander Djiku,2989.0,Right Center Back,35,Ghana,4885,"['78acd58e-8c09-4e9d-9f18-a0b9d63db958', '7be26144-2b18-45c2-910f-61cad07ad61b']",52,,,,,,,,,,,,,,,,Ghana,4885,00:20:52.902,Carry,
,,,,,"[49.2, 76.1]",,,,,,,,,,,,0.418804,,,,,,,,,,,,,,,a9e5ff2d-4904-4dea-b8e3-1307ece456ff,569,,"[49.2, 76.1]",3920410,20,,,,,,,,,,,,,,,,,,,,,,,,,1,From Throw In,Denis Odoi,12259.0,Right Back,35,Ghana,4885,"['bebc5e7d-4009-4bbd-9d9d-482a3e66af77', '3f23c58c-da7a-4fb9-a03b-36a77e2d5f34']",55,,,,,,,,,,,,,,,,Ghana,4885,00:20:55.184,Carry,
,,,,,"[51.2, 75.7]",,,,,,,,,,,,2.778036,,,,,,,,,,,,,,,f00e8422-cb72-4779-ad01-7b2e60f23ada,572,,"[51.6, 67.0]",3920410,20,,,,,,,,,,,,,,,,,,,,,,,,,1,From Throw In,Majeed Ashimeru,30693.0,Right Defensive Midfield,35,Ghana,4885,"['8a27791e-583a-4760-a5db-10ac6f97c7be', 'f0b56ca5-53d9-4d19-b6e3-a540f192e1a6', 'd819211d-8c81-4108-8bc3-0a7fc3757b50']",56,,,,,,,,,,,,,,,,Ghana,4885,00:20:56.322,Carry,True
,,,,,"[53.6, 64.1]",,,,,,,,,,,,1.11526,,,,,,,,,,,,,,,485daa3a-1410-4eca-b351-2d5c8e23ec77,578,,"[52.5, 65.7]",3920410,21,,,,,,,,,,,,,,,,,,,,,,,,,1,From Throw In,Denis Odoi,12259.0,Right Back,35,Ghana,4885,"['15cb0f8b-8aed-44e5-8b6e-07277232f9f6', '96429ea7-9665-46f4-b5d2-222e0baf5f37']",0,,,,,,,,,,,,,,,,Ghana,4885,00:21:00.213,Carry,
,,,,,"[61.6, 41.3]",,,,,,,,,,,,2.710596,,,,,,,,,,,,,,,2923fb47-015d-4343-8d4b-6e5b03ef1ce7,581,,"[51.0, 47.8]",3920410,21,,,,,,,,,,,,,,,,,,,,,,,,,1,From Throw In,Salis Abdul Samed,31029.0,Left Defensive Midfield,35,Ghana,4885,"['dee2d255-49c2-4c60-91f9-5bd7872dcd11', '5a8f9227-a29e-4eeb-b57e-06b74318ea48']",2,,,,,,,,,,,,,,,,Ghana,4885,00:21:02.606,Carry,
,,,,,"[83.6, 26.8]",,,,,,,,,,,,3.650205,,,,,,,,,,,,,,,9467bedc-cf38-452c-905a-32c68d2c5e11,584,,"[70.3, 31.8]",3920410,21,,,,,,,,,,,,,,,,,,,,,,,,,1,From Throw In,Mohammed Kudus,17033.0,Center Attacking Midfield,35,Ghana,4885,"['81da6a3b-c227-45ae-9746-aec0bd0cd4a8', '1e819afb-1912-4b5c-87e3-510653ed5482', '265597a8-de04-4e4d-90bf-11631d3e3e96']",6,,,,,,,,,,,,,,,,Ghana,4885,00:21:06.682,Carry,True
,,,,,"[94.5, 7.0]",,,,,,,,,,,,4.194901,,,,,,,,,,,,,,,a4f68fbb-ee6d-445e-b4ad-9082014652b8,588,,"[97.9, 5.7]",3920410,21,,,,,,,,,,,,,,,,,,,,,,,,,1,From Throw In,Jordan Ayew,3450.0,Left Wing,35,Ghana,4885,"['578b3a5b-8e44-413e-a2e2-ba34a4425093', 'cfb518cb-6cf9-40c0-8d0e-25b205ee4074']",12,,,,,,,,,,,,,,,,Ghana,4885,00:21:12.639,Carry,
,,,,,"[40.9, 12.0]",,,,,,,,,,,,1.733012,,,,,,,,,,,,,,,74939dee-3e9f-4069-8634-6778cb45b0a3,595,,"[40.9, 12.0]",3920410,21,,,,,,,,,,,,,,,,,,,,,,,,,1,From Goal Kick,Ricardo Martins Guimarães,29482.0,Center Attacking Midfield,36,Mozambique,4978,"['e70f427c-57ee-4a10-b8be-0527836db341', '12486b80-65bc-4bca-bb96-6a78b088f282']",44,,,,,,,,,,,,,,,,Mozambique,4978,00:21:44.415,Carry,
,,,,,"[43.7, 57.7]",,,,,,,,,,,,2.502555,,,,,,,,,,,,,,,c7daa14c-ff0c-4bb1-afd0-3dc32ff12c6e,598,,"[38.5, 56.2]",3920410,21,,,,,,,,,,,,,,,,,,,,,,,,,1,From Goal Kick,Edson André Sitoe,3250.0,Right Center Back,36,Mozambique,4978,"['fc48ef41-e57e-4f0c-950b-b9d5629b8492', 'd4f86cd7-b8c7-45ac-8376-bb6f2adf9b3e']",49,,,,,,,,,,,,,,,,Mozambique,4978,00:21:49.068,Carry,
,,,,,"[56.7, 51.2]",,,,,,,,,,,,0.719998,,,,,,,,,,,,,,,733472e6-0520-48d0-be86-28346f2037c6,601,,"[56.7, 51.2]",3920410,21,,,,,,,,,,,,,,,,,,,,,,,,,1,From Goal Kick,Alfons Amade,23706.0,Right Defensive Midfield,36,Mozambique,4978,"['c18c921a-1f63-4cc9-9fbd-0468c3415c91', 'bd44237c-9e9a-4b23-bc99-e1becb7aef08']",52,,,,,,,,,,,,,,,,Mozambique,4978,00:21:52.851,Carry,
,,,,,"[53.0, 40.5]",,,,,,,,,,,,0.879999,,,,,,,,,,,,,,,016d1959-4d7b-455e-aaae-852458079eee,604,,"[53.0, 41.2]",3920410,21,,,,,,,,,,,,,,,,,,,,,,,,,1,From Goal Kick,Ricardo Martins Guimarães,29482.0,Center Attacking Midfield,36,Mozambique,4978,"['ced382c4-96f1-4efe-a5e2-ad1c54308cb1', 'c7a205b8-e059-4c53-a642-4819759f8682']",54,,,,,,,,,,,,,,,,Mozambique,4978,00:21:54.771,Carry,
,,,,,"[63.5, 25.3]",,,,,,,,,,,,0.96,,,,,,,,,,,,,,,45611f6b-7a76-45df-9faa-0eca6bd552e9,607,,"[63.5, 25.3]",3920410,21,,,,,,,,,,,,,,,,,,,,,,,,,1,From Goal Kick,Feliciano João Jone,129475.0,Left Defensive Midfield,36,Mozambique,4978,"['537170b0-f8bb-465f-9ac9-b7f728224001', 'ed480d53-6862-40d5-addf-7b616c06f95e', '1c7aadb3-026b-4be4-b2fe-19e0ba8836d1']",57,,,,,,,,,,,,,,,,Mozambique,4978,00:21:57.011,Carry,True
,,,,,"[63.7, 2.5]",,,,,,,,,,,,2.355025,,,,,,,,,,,,,,,d205d2d8-dd42-47cd-ad60-06bae3af35dc,611,,"[63.7, 2.5]",3920410,21,,,,,,,,,,,,,,,,,,,,,,,,,1,From Goal Kick,Bruno Alberto Langa,106070.0,Left Back,36,Mozambique,4978,"['783eed88-d729-45d5-8104-e22dd5629109', '8b1702ab-5482-4823-b871-ab89b304f85e', '146042eb-1f41-44d3-9fd9-493800c96157']",59,,,,,,,,,,,,,,,,Mozambique,4978,00:21:59.571,Carry,True
,,,,,"[75.2, 14.0]",,,,,,,,,,,,0.399995,,,,,,,,,,,,,,,80e2e40a-9455-4387-a601-b7da7b852639,615,,"[74.6, 14.2]",3920410,22,,,,,,,,,,,,,,,,,,,,,,,,,1,From Goal Kick,Ricardo Martins Guimarães,29482.0,Center Attacking Midfield,36,Mozambique,4978,"['f287bac5-3ed2-41ee-b3ea-dd09aebfc40c', '8550c81d-f27d-4ee7-b71f-4e293d282e42']",3,,,,,,,,,,,,,,,,Mozambique,4978,00:22:03.526,Carry,
,,,,,"[83.9, 4.4]",,,,,,,,,,,,1.599995,,,,,,,,,,,,,,,52532f7d-4159-4b5e-af3e-2f80608384cb,618,,"[82.0, 5.3]",3920410,22,,,,,,,,,,,,,,,,,,,,,,,,,1,From Goal Kick,Bruno Alberto Langa,106070.0,Left Back,36,Mozambique,4978,"['151c71b6-5c60-48db-9584-d656559af4dc', 'de0c520a-728b-4178-8e6f-9dba17856109']",5,,,,,,,,,,,,,,,,Mozambique,4978,00:22:05.566,Carry,
,,,,,"[82.2, 4.4]",,,,,,,,,,,,3.192691,,,,,,,,,,,,,,,7cf13448-0d46-4a55-8a26-818158fe76d8,627,,"[88.9, 12.5]",3920410,22,,,,,,,,,,,,,,,,,,,,,,,,,1,From Goal Kick,Bruno Alberto Langa,106070.0,Left Back,36,Mozambique,4978,"['58a44021-3568-43aa-b9d9-a1d90d64da3e', '6169c952-ca98-4030-b67f-dc3bb650fc1f', '08e681ca-44c4-4697-97ce-20cacd572ec9']",14,,,,,,,,,,,,,,,,Mozambique,4978,00:22:14.615,Carry,True
,,,,,"[73.7, 12.3]",,,,,,,,,,,,2.199996,,,,,,,,,,,,,,,3cbf56b8-ee3f-465a-96c6-ead87df1534f,631,,"[73.7, 12.3]",3920410,22,,,,,,,,,,,,,,,,,,,,,,,,,1,From Goal Kick,Feliciano João Jone,129475.0,Left Defensive Midfield,36,Mozambique,4978,"['635a81df-57e2-4cf6-9fc7-5e6ae457cf83', 'd138019b-edb2-48c9-b6e8-aa578fac4f76']",19,,,,,,,,,,,,,,,,Mozambique,4978,00:22:19.808,Carry,
,,,,,"[63.5, 23.1]",,,,,,,,,,,,1.239993,,,,,,,,,,,,,,,e2676e08-b421-4fe8-9895-9810a4725384,634,,"[63.5, 23.1]",3920410,22,,,,,,,,,,,,,,,,,,,,,,,,,1,From Goal Kick,Reinildo Isnard Mandava,10848.0,Left Center Back,36,Mozambique,4978,"['8a548ba0-e8e4-40e3-a662-6df29051abff', '431098a2-eef7-4538-a354-e73ddac92207']",23,,,,,,,,,,,,,,,,Mozambique,4978,00:22:23.608,Carry,
,,,,,"[80.2, 39.4]",,,,,,,,,,,,0.08,,,,,,,,,,,,,,,c75a3d02-c6d6-4950-b701-0a24f908d1be,638,,"[80.2, 39.4]",3920410,22,,,,,,,,,,,,,,,,,,,,,,,,,1,From Goal Kick,Geny Cipriano Catamo,127300.0,Right Wing,36,Mozambique,4978,"['645ea7e5-b53f-4933-85da-01da62bdf6d9', '3082ed9c-efac-4deb-a109-b2e12baa5d49', 'e884b3c7-4217-4008-8f3a-25d4f7a6e9ef']",25,,,,,,,,,,,,,,,,Mozambique,4978,00:22:25.942,Carry,True
,,,,,"[85.4, 26.2]",,,,,,,,,,,,0.39999402,,,,,,,,,,,,,,,36ce01bd-7afb-4714-83f3-12f1bb5b3f45,641,,"[85.4, 26.2]",3920410,22,,,,,,,,,,,,,,,,,,,,,,,,,1,From Goal Kick,Ricardo Martins Guimarães,29482.0,Center Attacking Midfield,36,Mozambique,4978,"['8c14d443-3454-4bf4-be4b-ee2373e201d8', '04fca294-b8a5-4249-bb0f-2ddc9b01c90b', '1bee3af0-0963-4d43-991a-aa2f3dcf1928']",27,,,,,,,,,,,,,,,,Mozambique,4978,00:22:27.422,Carry,True
,,,,,"[73.0, 7.0]",,,,,,,,,,,,1.119995,,,,,,,,,,,,,,,d7bd328f-2a63-4f5f-91c7-8f902ad04f6d,648,,"[72.6, 7.0]",3920410,22,,,,,,,,,,,,,,,,,,,,,,,,,1,From Throw In,Reinildo Isnard Mandava,10848.0,Left Center Back,37,Mozambique,4978,"['6df01018-6282-47b4-b477-ac4b8c4f42fb', 'ef291d53-a195-4d8b-ac54-41bc41574b45']",51,,,,,,,,,,,,,,,,Mozambique,4978,00:22:51.212,Carry,
,,,,,"[64.8, 26.8]",,,,,,,,,,,,2.519999,,,,,,,,,,,,,,,febd8367-abe7-4f55-9ccd-d05ac890e9b1,651,,"[64.8, 26.8]",3920410,22,,,,,,,,,,,,,,,,,,,,,,,,,1,From Throw In,Edson André Sitoe,3250.0,Right Center Back,37,Mozambique,4978,"['91df7900-f8b2-4558-a252-bb29ff5096a8', '605ae460-ab63-4f58-8522-8c324accb993']",53,,,,,,,,,,,,,,,,Mozambique,4978,00:22:53.892,Carry,
,,,,,"[69.8, 21.2]",,,,,,,,,,,,0.919996,,,,,,,,,,,,,,,7d05124a-240c-42b3-a04c-ee99b843cd96,654,,"[69.8, 21.2]",3920410,22,,,,,,,,,,,,,,,,,,,,,,,,,1,From Throw In,Alfons Amade,23706.0,Right Defensive Midfield,37,Mozambique,4978,"['eb2cafe5-b0d0-4715-a992-dbdf2bfc5fad', 'dd6883f7-77dd-47fd-987c-a4101202831d', '35d7bb8e-9283-4a8e-ba52-672749b78165']",57,,,,,,,,,,,,,,,,Mozambique,4978,00:22:57.332,Carry,True
,,,,,"[77.2, 4.9]",,,,,,,,,,,,0.239996,,,,,,,,,,,,,,,8c40d898-316a-409b-9b1c-daca23d5a861,658,,"[77.4, 4.0]",3920410,22,,,,,,,,,,,,,,,,,,,,,,,,,1,From Throw In,Bruno Alberto Langa,106070.0,Left Back,37,Mozambique,4978,"['e42a8a80-680a-441b-9658-b837bedd84fa', '0c748844-b002-4514-9898-33405ed24987', '44596838-5870-4b3f-b412-26d84d92723c']",59,,,,,,,,,,,,,,,,Mozambique,4978,00:22:59.412,Carry,True
,,,,,"[78.3, 12.0]",,,,,,,,,,,,0.479996,,,,,,,,,,,,,,,ee528faf-dd07-4156-92d0-dd92d0ae89b8,662,,"[78.3, 12.0]",3920410,23,,,,,,,,,,,,,,,,,,,,,,,,,1,From Throw In,Feliciano João Jone,129475.0,Left Defensive Midfield,37,Mozambique,4978,"['71f80c9f-803d-4208-9aea-0fb8aee1e318', 'ba69a2ff-62e1-4ce6-86ba-40a943cd42ed', '242c24b7-0b79-44e5-be6b-9e17e05ddae6']",0,,,,,,,,,,,,,,,,Mozambique,4978,00:23:00.292,Carry,True
,,,,,"[67.5, 78.5]",,,,,,,,,,,,0.096239,,,,,,,,,,,,,,,ce811665-7f4e-4cd7-b894-16925f935ea5,669,,"[67.5, 78.5]",3920410,23,,,,,,,,,,,,,,,,,,,,,,,,,1,From Throw In,Antoine Semenyo,9286.0,Center Forward,38,Ghana,4885,"['86515d79-498a-43e3-b823-d979a86635d9', '856a99e6-f3ac-46e2-940d-d4280dca94a2', '6027303a-2dd8-4d96-b01f-ad34af7a5205']",21,,,,,,,,,,,,,,,,Ghana,4885,00:23:21.613,Carry,True
,,,,,"[37.6, 59.9]",,,,,,,,,,,,3.479997,,,,,,,,,,,,,,,f395e9a4-db3b-4047-8bed-e930f4a95f80,675,,"[30.6, 52.3]",3920410,23,,,,,,,,,,,,,,,,,,,,,,,,,1,From Throw In,Infren David da Conceição Matola,417067.0,Right Back,39,Mozambique,4978,"['c4bbc16b-28a8-4019-9bde-85ecca335d0c', 'c2eb6f7d-6047-4adb-ad05-0c240f6d9240']",38,,,,,,,,,,,,,,,,Mozambique,4978,00:23:38.717,Carry,
,,,,,"[32.8, 51.2]",,,,,,,,,,,,0.999999,,,,,,,,,,,,,,,f8def420-ea4e-4a16-833b-b28176762594,678,,"[32.8, 51.2]",3920410,23,,,,,,,,,,,,,,,,,,,,,,,,,1,From Throw In,Edson André Sitoe,3250.0,Right Center Back,39,Mozambique,4978,"['0d5076a4-7391-47f7-b5d8-340c08ca91cd', '6e26e496-860e-4c2b-b455-efbf4a61d31d']",44,,,,,,,,,,,,,,,,Mozambique,4978,00:23:44.197,Carry,
,,,,,"[38.0, 9.6]",,,,,,,,,,,,1.879996,,,,,,,,,,,,,,,89650f49-4f85-474e-ab84-4ab7c1c99d21,681,,"[35.4, 12.3]",3920410,23,,,,,,,,,,,,,,,,,,,,,,,,,1,From Throw In,Reinildo Isnard Mandava,10848.0,Left Center Back,39,Mozambique,4978,"['b7509cee-7fde-4102-86d9-1b72f3cca01f', 'dc2902d5-709e-4a23-b5bc-071744aba1f3', 'a8a18e06-f1ee-4bea-ba22-1315cc6238ac']",47,,,,,,,,,,,,,,,,Mozambique,4978,00:23:47.317,Carry,True
,,,,,"[111.2, 17.0]",,,,,,,,,,,,3.12162,,,,,,,,,,,,,,,50dd4adf-80fc-4357-b97f-7354574eb067,692,,"[90.8, 11.3]",3920410,24,,,,,,,,,,,,,,,,,,,,,,,,,1,From Free Kick,Mohammed Kudus,17033.0,Center Attacking Midfield,40,Ghana,4885,"['3a009c83-b5cc-4d33-a9dc-6876a71e390e', 'e8fa4c1e-3eba-473e-a0a7-2a594b6aa258', '91fe0d39-72e9-4fb6-a7cd-f855c2d70371', '62735c86-52c1-47c6-8965-8010e6964e9f']",20,,,,,,,,,,,,,,,,Ghana,4885,00:24:20.968,Carry,True
,,,,,"[9.1, 55.7]",,,,,,,,,,,,0.946812,,,,,,,,,,,,,,,089f43a3-30af-4670-92eb-b59860c387f7,695,,"[8.9, 63.1]",3920410,24,,,,,,,,,,,,,,,,,,,,,,,,,1,Regular Play,Geny Cipriano Catamo,127300.0,Right Wing,41,Mozambique,4978,"['e8896ec9-08fb-48e4-940a-71831251b712', '2fd695a3-caf9-44c1-8e49-0f2e48447343']",24,,,,,,,,,,,,,,,,Mozambique,4978,00:24:24.090,Carry,
,,,,,"[10.2, 51.4]",,,,,,,,,,,,0.2,,,,,,,,,,,,,,,386b1271-ec09-4e74-a6d4-f3334e4dc575,698,,"[10.2, 51.4]",3920410,24,,,,,,,,,,,,,,,,,,,,,,,,,1,Regular Play,Edson André Sitoe,3250.0,Right Center Back,41,Mozambique,4978,"['ff525c37-4d38-4e91-b56c-f1400234fd82', 'ff5cf0bb-582a-4c09-b1ab-22f9751983a6']",25,,,,,,,,,,,,,,,,Mozambique,4978,00:24:25.437,Carry,
,,,,,"[14.8, 71.4]",,,,,,,,,,,,0.559996,,,,,,,,,,,,,,,51c4295b-0ff9-4033-8323-284f7ddfb2e5,701,,"[14.8, 71.4]",3920410,24,,,,,,,,,,,,,,,,,,,,,,,,,1,Regular Play,Infren David da Conceição Matola,417067.0,Right Back,41,Mozambique,4978,"['b727f8d1-48ad-44dc-a2ba-550104d0d90d', '49d08b39-ec99-4fd3-b07d-eb9035776125']",27,,,,,,,,,,,,,,,,Mozambique,4978,00:24:27.437,Carry,
,,,,,"[42.8, 72.3]",,,,,,,,,,,,0.546889,,,,,,,,,,,,,,,fd10d3f5-2905-4976-b336-38e416675b63,704,,"[42.8, 72.3]",3920410,24,,,,,,,,,,,,,,,,,,,,,,,,,1,Regular Play,Ricardo Martins Guimarães,29482.0,Center Attacking Midfield,41,Mozambique,4978,"['b8253011-67f8-496e-af6f-f2633e2490ff', '676d9f93-7346-405b-b647-f82f0db2b0e2', '07c803e2-cd26-488d-936a-57e6a8b7f013']",29,,,,,,,,,,,,,,,,Mozambique,4978,00:24:29.235,Carry,True
,,,,,"[67.2, 66.6]",,,,,,,,,,,,3.039996,,,,,,,,,,,,,,,0ccb31a5-afc3-4c30-8d27-f50f5dc1fb38,708,,"[42.8, 72.3]",3920410,24,,,,,,,,,,,,,,,,,,,,,,,,,1,Regular Play,Ricardo Martins Guimarães,29482.0,Center Attacking Midfield,41,Mozambique,4978,"['8b303fc9-9db3-4708-9bbd-0b77c1fd4245', 'b8253011-67f8-496e-af6f-f2633e2490ff', '7b057bc7-848d-4711-8938-4d9dc78c905a', '676d9f93-7346-405b-b647-f82f0db2b0e2']",29,,,,,,,,,,,,,,,,Mozambique,4978,00:24:29.781,Carry,True
,,,,,"[27.5, 51.8]",,,,,,,,,,,,21.747452,,,,,,,,,,,,,,,eceb50af-2edc-46d8-9e6c-e9d3e5b04031,715,,"[12.7, 37.8]",3920410,24,,,,,,,,,,,,,,,,,,,,,,,,,1,From Keeper,Richard Ofori Antwi,68757.0,Goalkeeper,42,Ghana,4885,"['9ef8d042-ccab-440e-b96c-d633d06b14d7', 'fce2fdb4-7f4d-42fa-b96c-2ace096728f8']",37,,,,,,,,,,,,,,,,Ghana,4885,00:24:37.590,Carry,
,,,,,"[91.9, 64.4]",,,,,,,,,,,,3.855239,,,,,,,,,,,,,,,5542c902-ca9a-4417-8b96-29c350e832e2,721,,"[91.2, 62.2]",3920410,25,,,,,,,,,,,,,,,,,,,,,,,,,1,From Keeper,Joseph Paintsil,16546.0,Right Wing,42,Ghana,4885,"['9258e515-fa24-4119-97f0-e5e73f4dd194', '0d52e244-3081-42a6-9bba-ecd889f3a7e3']",4,,,,,,,,,,,,,,,,Ghana,4885,00:25:04.415,Carry,
,,,,,"[21.3, 16.8]",,,,,,,,,,,,1.187663,,,,,,,,,,,,,,,0372eb0a-5e97-48b7-a519-e2e05fd3e51e,726,,"[20.9, 13.1]",3920410,25,,,,,,,,,,,,,,,,,,,,,,,,,1,Regular Play,Bruno Alberto Langa,106070.0,Left Back,43,Mozambique,4978,"['5a2c8e87-b9d3-483b-bb84-f12bba9daee5', '66f508d4-d2ae-499d-8f58-d4da3682f998', '159481ed-269b-4926-b65a-c5b0fbccfa55']",9,,,,,,,,,,,,,,,,Mozambique,4978,00:25:09.842,Carry,True
,,,,,"[22.6, 18.3]",,,,,,,,,,,,1.559998,,,,,,,,,,,,,,,f2d8f0fc-f0f1-4978-a1dd-6f82d6133884,730,,"[21.3, 16.8]",3920410,25,,,,,,,,,,,,,,,,,,,,,,,,,1,Regular Play,Bruno Alberto Langa,106070.0,Left Back,43,Mozambique,4978,"['71800793-f402-4f47-ac76-8ec72cf04f8a', 'c1a2c506-d00c-4f28-a131-0e0d1e2d817c', '5a2c8e87-b9d3-483b-bb84-f12bba9daee5', '7625a7b1-b522-4a3e-a2d7-83c95b1a9ac6', '66f508d4-d2ae-499d-8f58-d4da3682f998']",11,,,,,,,,,,,,,,,,Mozambique,4978,00:25:11.030,Carry,True
,,,,,"[10.2, 44.0]",,,,,,,,,,,,0.12,,,,,,,,,,,,,,,b92ff67d-6715-4726-aedc-36ca5d4ebe04,740,,"[9.8, 44.9]",3920410,25,,,,,,,,,,,,,,,,,,,,,,,,,1,From Free Kick,Ivane Carminio Francisco Urrubal,161718.0,Goalkeeper,44,Mozambique,4978,"['e3f9d189-03b0-4812-94e9-4e4ee83ce206', 'ac3dd717-bf34-497c-bb55-aa325896eed9', '2b479cd3-7fb3-4a22-9eec-35f913de76a9']",28,,,,,,,,,,,,,,,,Mozambique,4978,00:25:28.670,Carry,True
,,,,,"[18.9, 18.3]",,,,,,,,,,,,1.079996,,,,,,,,,,,,,,,2fe220b4-52dc-40a4-8c6c-bf784c8e677e,743,,"[17.4, 19.0]",3920410,25,,,,,,,,,,,,,,,,,,,,,,,,,1,From Free Kick,Reinildo Isnard Mandava,10848.0,Left Center Back,44,Mozambique,4978,"['cf5fe4a9-5aaa-4bc3-ae05-62296fda0c46', 'de6b2759-322c-4514-9079-7fcb89c8e3ca', 'b354cc37-fcd0-41d9-afa7-a69064959ba0']",31,,,,,,,,,,,,,,,,Mozambique,4978,00:25:31.270,Carry,True
,,,,,"[38.3, 5.3]",,,,,,,,,,,,0.039998,,,,,,,,,,,,,,,ec434dcd-8730-496b-b552-4f6e6bf8260b,747,,"[38.3, 5.3]",3920410,25,,,,,,,,,,,,,,,,,,,,,,,,,1,From Free Kick,Bruno Alberto Langa,106070.0,Left Back,44,Mozambique,4978,"['95f7e7fa-28ba-4c1e-b04e-f03b461b1f95', '2091d638-19dc-43e8-ad40-c4912bfb27df']",34,,,,,,,,,,,,,,,,Mozambique,4978,00:25:34.150,Carry,
,,,,,"[35.6, 8.6]",,,,,,,,,,,,1.359996,,,,,,,,,,,,,,,43878df1-505e-49fd-91e1-b0b4f979a231,750,,"[34.3, 15.1]",3920410,25,,,,,,,,,,,,,,,,,,,,,,,,,1,From Free Kick,Feliciano João Jone,129475.0,Left Defensive Midfield,44,Mozambique,4978,"['8c7e457f-d09c-445a-9086-d407e36cbfa5', 'b02315c8-0c08-41bd-8c36-bde178204cf2']",35,,,,,,,,,,,,,,,,Mozambique,4978,00:25:35.670,Carry,
,,,,,"[31.3, 2.9]",,,,,,,,,,,,0.806435,,,,,,,,,,,,,,,31022829-89bf-45ae-a823-ed36ca475ce3,753,,"[30.9, 3.1]",3920410,25,,,,,,,,,,,,,,,,,,,,,,,,,1,From Free Kick,Bruno Alberto Langa,106070.0,Left Back,44,Mozambique,4978,"['3b3297eb-ca82-4870-af74-136f7593d6d6', 'aba9175c-2e87-4fa0-86c5-f4d11e529217', '0f308503-1568-491e-81da-628fcbc4dffa']",38,,,,,,,,,,,,,,,,Mozambique,4978,00:25:38.230,Carry,True
,,,,,"[37.2, 3.3]",,,,,,,,,,,,3.600415,,,,,,,,,,,,,,,038570e8-5627-4fa1-bcd4-e2e4f5347e4c,760,,"[32.2, 4.0]",3920410,25,,,,,,,,,,,,,,,,,,,,,,,,,1,From Free Kick,Bruno Alberto Langa,106070.0,Left Back,44,Mozambique,4978,"['100bd318-f63a-4f10-924c-fa070c957900', '3c8a1641-e827-4409-af28-eb17770ca10d', '8e62a12f-afd9-4916-bf51-0ab93b065803', '3272fe8e-4cfe-4d00-95bd-d5731a36f095']",40,,,,,,,,,,,,,,,,Mozambique,4978,00:25:40.392,Carry,True
,,,,,"[25.4, 32.5]",,,,,,,,,,,,1.199996,,,,,,,,,,,,,,,b9f9b879-61fd-4531-a922-6f5d9276dab8,767,,"[24.3, 40.7]",3920410,26,,,,,,,,,,,,,,,,,,,,,,,,,1,From Free Kick,Alfons Amade,23706.0,Right Defensive Midfield,45,Mozambique,4978,"['18673685-8128-46c0-bf4e-2637ba67507f', 'd9a69e56-a05e-4104-a686-423393247c28']",7,,,,,,,,,,,,,,,,Mozambique,4978,00:26:07.015,Carry,
,,,,,"[37.6, 11.4]",,,,,,,,,,,,2.079998,,,,,,,,,,,,,,,d0f18597-7e57-45e3-8b2a-9f4a0376566f,770,,"[33.5, 13.6]",3920410,26,,,,,,,,,,,,,,,,,,,,,,,,,1,From Free Kick,Reinildo Isnard Mandava,10848.0,Left Center Back,45,Mozambique,4978,"['1aaeccdd-4c7c-4c56-933a-56ff5ce17272', '4630e9a1-de45-4f8e-8f44-f6c6eb37238b']",9,,,,,,,,,,,,,,,,Mozambique,4978,00:26:09.895,Carry,
,,,,,"[72.2, 16.0]",,,,,,,,,,,,1.8,,,,,,,,,,,,,,,103a6fe5-e806-4bec-84e8-f2567ef0e5db,775,,"[69.8, 17.9]",3920410,26,,,,,,,,,,,,,,,,,,,,,,,,,1,From Free Kick,Bruno Alberto Langa,106070.0,Left Back,45,Mozambique,4978,"['8054aaba-7f35-4687-8c7b-008aadeee97c', 'a92239a1-9f3f-4bfe-9744-ebb8e3b9d412']",16,,,,,,,,,,,,,,,,Mozambique,4978,00:26:16.222,Carry,
,,,,,"[76.5, 3.3]",,,,,,,,,,,,2.277749,,,,,,,,,,,,,,,de2e0639-710d-4772-8801-525c86b67586,778,,"[79.3, 2.5]",3920410,26,,,,,,,,,,,,,,,,,,,,,,,,,1,From Free Kick,Witiness Chimoio João Quembo,10865.0,Left Wing,45,Mozambique,4978,"['148d8dfa-bbd6-4572-85b9-77e3c96fc6be', 'a481400d-4ee5-46b5-a9fa-8bc64dcd7826', '45a1e610-4770-450c-b936-6a502073ca2b']",19,,,,,,,,,,,,,,,,Mozambique,4978,00:26:19.022,Carry,True
,,,,,"[63.0, 5.7]",,,,,,,,,,,,0.159997,,,,,,,,,,,,,,,3199b5cf-a048-44b7-99cb-7844b70af8d1,785,,"[63.5, 5.7]",3920410,26,,,,,,,,,,,,,,,,,,,,,,,,,1,From Throw In,Feliciano João Jone,129475.0,Left Defensive Midfield,46,Mozambique,4978,"['85cdddd5-c712-4f43-a1ad-4c93315636be', '75a35873-1d66-4c11-a96d-2940cbc4dc43']",29,,,,,,,,,,,,,,,,Mozambique,4978,00:26:29.893,Carry,
,,,,,"[63.0, 1.6]",,,,,,,,,,,,0.959996,,,,,,,,,,,,,,,0097f937-2ad3-4369-abc0-bf380808d803,788,,"[63.0, 1.6]",3920410,26,,,,,,,,,,,,,,,,,,,,,,,,,1,From Throw In,Bruno Alberto Langa,106070.0,Left Back,46,Mozambique,4978,"['51039089-4dd9-43a2-b02d-3319b9bc631d', 'dbd9ebd3-6fab-43af-be33-e87e61f73594']",30,,,,,,,,,,,,,,,,Mozambique,4978,00:26:30.893,Carry,
,,,,,"[53.4, 14.8]",,,,,,,,,,,,0.674602,,,,,,,,,,,,,,,cb3391a5-f900-4386-b433-85d064292366,798,,"[53.4, 14.8]",3920410,26,,,,,,,,,,,,,,,,,,,,,,,,,1,From Throw In,Gideon Mensah,23615.0,Left Back,47,Ghana,4885,"['b940c2cd-11ac-44a9-b5d9-e06b958693bb', 'dfd45d5b-bff4-4f81-9aaa-75a36d720d02']",56,,,,,,,,,,,,,,,,Ghana,4885,00:26:56.555,Carry,
,,,,,"[55.8, 19.8]",,,,,,,,,,,,1.603563,,,,,,,,,,,,,,,045fd7f6-c32d-4774-a6ef-1e9c18d54135,801,,"[51.8, 23.3]",3920410,26,,,,,,,,,,,,,,,,,,,,,,,,,1,From Throw In,Majeed Ashimeru,30693.0,Right Defensive Midfield,47,Ghana,4885,"['e3759c39-aca8-473a-ad3f-12a93e6b6f49', '9936d767-7575-402b-ab1c-ee47e6ab6979']",58,,,,,,,,,,,,,,,,Ghana,4885,00:26:58.140,Carry,
,,,,,"[52.5, 6.1]",,,,,,,,,,,,0.468089,,,,,,,,,,,,,,,e5ee139e-9ead-4db6-9c26-ebd51d374670,806,,"[52.5, 6.1]",3920410,27,,,,,,,,,,,,,,,,,,,,,,,,,1,From Throw In,Gideon Mensah,23615.0,Left Back,47,Ghana,4885,"['daa3f1d8-556f-47dd-837d-a06316b09081', 'dd2a0132-918d-44d1-aa65-086b16c6e677']",2,,,,,,,,,,,,,,,,Ghana,4885,00:27:02.191,Carry,
,,,,,"[54.9, 25.7]",,,,,,,,,,,,1.026319,,,,,,,,,,,,,,,f1240693-4eed-46e4-910c-f6439397e6b4,809,,"[54.0, 23.5]",3920410,27,,,,,,,,,,,,,,,,,,,,,,,,,1,From Throw In,Salis Abdul Samed,31029.0,Left Defensive Midfield,47,Ghana,4885,"['68143e54-a63e-42f7-a6cc-e4ad6e47d42d', '936524a9-1aba-40f4-ad60-d8f2e7107200']",3,,,,,,,,,,,,,,,,Ghana,4885,00:27:03.937,Carry,
,,,,,"[82.7, 54.8]",,,,,,,,,,,,5.77289,,,,,,,,,,,,,,,6041b330-130c-4bde-be7b-71dc596869bf,812,,"[65.5, 76.1]",3920410,27,,,,,,,,,,,,,,,,,,,,,,,,,1,From Throw In,Denis Odoi,12259.0,Right Back,47,Ghana,4885,"['06162ff4-2c50-42b8-8058-80d72d083712', '63aa0f90-e4da-46d7-88df-f624a43d0450']",7,,,,,,,,,,,,,,,,Ghana,4885,00:27:07.225,Carry,
,,,,,"[76.2, 50.2]",,,,,,,,,,,,1.079885,,,,,,,,,,,,,,,ad423491-a9b4-40d4-b820-f600ca216b5d,817,,"[76.4, 49.8]",3920410,27,,,,,,,,,,,,,,,,,,,,,,,,,1,From Throw In,Salis Abdul Samed,31029.0,Left Defensive Midfield,47,Ghana,4885,"['b6db3ad1-d1c1-4aa8-afcd-875d2fae8ed0', '374958fe-4bd6-4bc3-a254-323466c83bcf', '244a3534-0ed0-457d-a5b4-023daa353155']",14,,,,,,,,,,,,,,,,Ghana,4885,00:27:14.610,Carry,True
,,,,,"[64.3, 39.7]",,,,,,,,,,,,4.719996,,,,,,,,,,,,,,,f9beaeb7-3667-4f06-9f27-12f4af08c16f,821,,"[43.9, 29.9]",3920410,27,,,,,,,,,,,,,,,,,,,,,,,,,1,From Counter,Geny Cipriano Catamo,127300.0,Right Wing,48,Mozambique,4978,"['dff24a0d-59a6-4004-bcf6-9efeea764f03', '0c20b578-6f25-46d5-b791-777ec7274b73', 'c45ad8ae-1d53-43de-8b65-7c45298f9ab0']",15,,,,,,,,,,,,,,,,Mozambique,4978,00:27:15.690,Carry,True
,,,,,"[92.2, 2.9]",,,,,,,,,,,,2.479999,,,,,,,,,,,,,,,7ab94121-0a4e-4e48-ba2a-4e30d11fa2b7,837,,"[104.3, 7.0]",3920410,28,,,,,,,,,,,,,,,,,,,,,,,,,1,From Corner,Feliciano João Jone,129475.0,Left Defensive Midfield,51,Mozambique,4978,"['dd6c0dd3-990e-4abc-a159-1e9ac23c014b', 'f01adbe2-b1b0-44d6-8a09-f3fb0ffd4b17']",47,,,,,,,,,,,,,,,,Mozambique,4978,00:28:47.332,Carry,
,,,,,"[104.3, 27.5]",,,,,,,,,,,,3.839998,,,,,,,,,,,,,,,45baf3c7-ea33-49d1-95b2-724f1c7d75c3,840,,"[77.4, 12.0]",3920410,28,,,,,,,,,,,,,,,,,,,,,,,,,1,From Corner,Bruno Alberto Langa,106070.0,Left Back,51,Mozambique,4978,"['cae55451-785c-4c47-91e1-d427c529a4d7', 'c39b8bff-99b7-42d5-9c36-36b45e4fcae0']",52,,,,,,,,,,,,,,,,Mozambique,4978,00:28:52.172,Carry,
,,,,,"[113.7, 21.4]",,,,,,,,,,,,1.999997,,,,,,,,,,,,,,,a1e104d3-0280-4d1f-9bac-9689191af106,843,,"[113.7, 21.2]",3920410,28,,,,,,,,,,,,,,,,,,,,,,,,,1,From Corner,Ricardo Martins Guimarães,29482.0,Center Attacking Midfield,51,Mozambique,4978,"['e607bdf0-cb02-4aa5-aeb1-eb2c495d0b78', '02dc11b4-2eff-42b5-9e41-c09a859a8bd0']",57,,,,,,,,,,,,,,,,Mozambique,4978,00:28:57.172,Carry,
,,,,,"[107.2, 22.9]",,,,,,,,,,,,1.484248,,,,,,,,,,,,,,,c0034213-154f-4711-99e1-df8dd008c509,846,,"[105.6, 22.3]",3920410,29,,,,,,,,,,,,,,,,,,,,,,,,,1,From Corner,Alfons Amade,23706.0,Right Defensive Midfield,51,Mozambique,4978,"['28e53fc2-54ba-43cf-977f-49e32ffac4c4', '22fa4f0d-f484-49bd-9d4d-edb9d90ac441']",0,,,,,,,,,,,,,,,,Mozambique,4978,00:29:00.732,Carry,
,,,,,"[88.0, 4.9]",,,,,,,,,,,,0.559999,,,,,,,,,,,,,,,e8d96858-20be-48f8-a982-3cc4c2cd1b1b,852,,"[88.0, 4.9]",3920410,29,,,,,,,,,,,,,,,,,,,,,,,,,1,From Throw In,Ricardo Martins Guimarães,29482.0,Center Attacking Midfield,52,Mozambique,4978,"['ca6db6da-32b5-4833-9cd5-7993aba41449', 'dcfbfa40-9848-4024-8d53-97f83f789984']",16,,,,,,,,,,,,,,,,Mozambique,4978,00:29:16.009,Carry,
,,,,,"[52.6, 10.7]",,,,,,,,,,,,1.759995,,,,,,,,,,,,,,,2df72751-7633-4998-9119-cd5d2c29071e,861,,"[52.6, 9.0]",3920410,29,,,,,,,,,,,,,,,,,,,,,,,,,1,From Throw In,Bruno Alberto Langa,106070.0,Left Back,53,Mozambique,4978,"['4408ec33-9a25-4045-8152-d54d3fff5e2a', '02bad562-a71c-400f-97fc-ed868d9f5366']",28,,,,,,,,,,,,,,,,Mozambique,4978,00:29:28.992,Carry,
,,,,,"[46.3, 49.9]",,,,,,,,,,,,2.199998,,,,,,,,,,,,,,,db1b7bc8-143b-4ef8-b71b-5e3da998cef0,864,,"[44.8, 43.8]",3920410,29,,,,,,,,,,,,,,,,,,,,,,,,,1,From Throw In,Edson André Sitoe,3250.0,Right Center Back,53,Mozambique,4978,"['fedef991-61b3-47ce-96af-30b24331cdb1', '3282ccd0-5026-4e45-bdc1-6328cd68e311']",32,,,,,,,,,,,,,,,,Mozambique,4978,00:29:32.352,Carry,
,,,,,"[55.3, 15.7]",,,,,,,,,,,,1.004663,,,,,,,,,,,,,,,d9bc0c5f-94b4-418c-b9bf-b79ec1833f34,879,,"[55.5, 15.2]",3920410,32,,,,,,,,,,,,,,,,,,,,,,,,,1,From Free Kick,Mohamed Salisu,30519.0,Left Center Back,55,Ghana,4885,"['0a97862f-74bf-42f4-bd02-49ae33c0ddae', '75d9dc74-6605-4f05-8f6a-1ba224a14622']",50,,,,,,,,,,,,,,,,Ghana,4885,00:32:50.800,Carry,
,,,,,"[47.5, 50.2]",,,,,,,,,,,,1.11849,,,,,,,,,,,,,,,9a8e3a0c-fbcc-4c60-9ff4-094f97d3977c,882,,"[50.8, 46.1]",3920410,32,,,,,,,,,,,,,,,,,,,,,,,,,1,From Free Kick,Alexander Djiku,2989.0,Right Center Back,55,Ghana,4885,"['1e26cd5a-1117-4ad6-bfc2-ec1112302ee5', '83408e07-771f-421c-9efb-eaa67504199e']",53,,,,,,,,,,,,,,,,Ghana,4885,00:32:53.560,Carry,
,,,,,"[52.1, 74.4]",,,,,,,,,,,,0.568505,,,,,,,,,,,,,,,e192fa9b-d277-4689-9dd3-5057a192fe02,885,,"[51.8, 76.1]",3920410,32,,,,,,,,,,,,,,,,,,,,,,,,,1,From Free Kick,Denis Odoi,12259.0,Right Back,55,Ghana,4885,"['9e8260e4-f18c-4cc5-8604-8c5285e9e4e2', 'aaa20235-62bc-4e99-a844-10d886f54e02']",56,,,,,,,,,,,,,,,,Ghana,4885,00:32:56.356,Carry,
,,,,,"[37.9, 61.5]",,,,,,,,,,,,0.178168,,,,,,,,,,,,,,,76df7655-39c5-41fe-bb4d-f0db4badd12e,888,,"[39.9, 62.2]",3920410,32,,,,,,,,,,,,,,,,,,,,,,,,,1,From Free Kick,Alexander Djiku,2989.0,Right Center Back,55,Ghana,4885,"['018674b2-c71c-4392-b69d-7ee58ac1a632', 'a7d32302-b065-4aad-8ee7-f0f837d6e66b']",58,,,,,,,,,,,,,,,,Ghana,4885,00:32:58.615,Carry,
,,,,,"[15.8, 38.7]",,,,,,,,,,,,2.403243,,,,,,,,,,,,,,,8e152dba-2ca6-4a9a-96ab-b28ed1ef3efe,891,,"[17.1, 38.1]",3920410,33,,,,,,,,,,,,,,,,,,,,,,,,,1,From Free Kick,Richard Ofori Antwi,68757.0,Goalkeeper,55,Ghana,4885,"['2ca0c03c-fd8e-4cd5-8d8c-57d0f8d2d8cb', '922e5160-feac-4fce-9ce1-787f5eca5734']",1,,,,,,,,,,,,,,,,Ghana,4885,00:33:01.193,Carry,
,,,,,"[60.0, 53.1]",,,,,,,,,,,,3.942079,,,,,,,,,,,,,,,c80b8de7-e1cf-4e53-9415-b91368f154a3,898,,"[62.8, 72.3]",3920410,33,,,,,,,,,,,,,,,,,,,,,,,,,1,From Free Kick,Geny Cipriano Catamo,127300.0,Right Wing,56,Mozambique,4978,"['6bdf74de-48a4-4963-aaba-5096881b2ca3', 'a97ad76e-bf8e-4a9f-b1ca-c646842f3c14', '45bb0df5-854f-47a9-8a53-01e44be11f18']",14,,,,,,,,,,,,,,,,Mozambique,4978,00:33:14.062,Carry,True
,,,,,"[109.3, 21.4]",,,,,,,,,,,,2.432147,,,,,,,,,,,,,,,3dcd5c2e-f628-4943-8c95-944941317816,906,,"[93.9, 10.5]",3920410,33,,,,,,,,,,,,,,,,,,,,,,,,,1,From Free Kick,Bruno Alberto Langa,106070.0,Left Back,56,Mozambique,4978,"['67dbbbb0-dd52-4bcb-9285-9b6076102ffd', 'b58fbf68-7994-4348-8611-f3a32587c167', 'f454a9cd-9c72-4054-8620-ed5610133136']",23,,,,,,,,,,,,,,,,Mozambique,4978,00:33:23.044,Carry,True
,,,,,"[110.9, 22.5]",,,,,,,,,,,,0.44785,,,,,,,,,,,,,,,30fe7282-4f12-4db5-9634-c131954ceff3,910,,"[109.3, 21.4]",3920410,33,,,,,,,,,,,,,,,,,,,,,,,,,1,From Free Kick,Bruno Alberto Langa,106070.0,Left Back,56,Mozambique,4978,"['1d4ed04f-2aed-434a-95f5-2eaa8b127743', '41125c67-c7fa-43f4-affb-cb60217287ba', 'b58fbf68-7994-4348-8611-f3a32587c167']",25,,,,,,,,,,,,,,,,Mozambique,4978,00:33:25.477,Carry,True
,,,,,"[10.3, 61.5]",,,,,,,,,,,,0.60902,,,,,,,,,,,,,,,d648e20a-8138-4991-890a-5d521e17c314,917,,"[10.8, 61.1]",3920410,33,,,,,,,,,,,,,,,,,,,,,,,,,1,Regular Play,Majeed Ashimeru,30693.0,Right Defensive Midfield,57,Ghana,4885,"['be596627-677d-4a10-9d23-cd121c57fa23', 'f86970bc-ee29-4d97-a88d-abcef04da296', '065722cc-e3bd-47b3-a89b-dca1dc059440']",28,,,,,,,,,,,,,,,,Ghana,4885,00:33:28.871,Carry,True
,,,,,"[33.4, 61.3]",,,,,,,,,,,,4.186127,,,,,,,,,,,,,,,d0b9770f-366d-49ee-9380-eefd165274cc,920,,"[11.2, 54.4]",3920410,33,,,,,,,,,,,,,,,,,,,,,,,,,1,Regular Play,Salis Abdul Samed,31029.0,Left Defensive Midfield,57,Ghana,4885,"['84252484-d234-423a-b22f-a64d46e6e2d2', 'e5af9d6d-bc00-4b04-a990-e682b593b333']",30,,,,,,,,,,,,,,,,Ghana,4885,00:33:30.752,Carry,
,,,,,"[32.5, 75.7]",,,,,,,,,,,,0.239973,,,,,,,,,,,,,,,197c5696-5317-41d3-a33d-cf54b5624ac8,923,,"[32.5, 75.7]",3920410,33,,,,,,,,,,,,,,,,,,,,,,,,,1,Regular Play,Majeed Ashimeru,30693.0,Right Defensive Midfield,57,Ghana,4885,"['739a410f-4490-4a90-b583-7292f0166153', '5f7f1381-4cef-41f8-822c-07317db01347']",36,,,,,,,,,,,,,,,,Ghana,4885,00:33:36.072,Carry,
,,,,,"[40.6, 36.8]",,,,,,,,,,,,0.159996,,,,,,,,,,,,,,,4934178f-0305-4971-b22c-a4af6ee33f30,935,,"[40.2, 36.8]",3920410,35,,,,,,,,,,,,,,,,,,,,,,,,,1,From Throw In,Feliciano João Jone,129475.0,Left Defensive Midfield,58,Mozambique,4978,"['be4ece70-c7d0-4b0f-b2a0-47dc9660f0bf', '77584950-62cb-4d54-b5c7-1cdfcf0d9f10']",37,,,,,,,,,,,,,,,,Mozambique,4978,00:35:37.846,Carry,
,,,,,"[47.4, 33.3]",,,,,,,,,,,,1.399995,,,,,,,,,,,,,,,d8641df5-9dbe-461a-80c8-2b784112d737,940,,"[46.3, 31.4]",3920410,35,,,,,,,,,,,,,,,,,,,,,,,,,1,From Throw In,Alfons Amade,23706.0,Right Defensive Midfield,58,Mozambique,4978,"['245ecdd4-6b5f-4790-a44a-a711e0e30d38', 'ed458be9-012c-4676-858c-9804f72bc099']",39,,,,,,,,,,,,,,,,Mozambique,4978,00:35:39.606,Carry,
,,,,,"[69.1, 44.2]",,,,,,,,,,,,0.759995,,,,,,,,,,,,,,,b66cad75-e3f3-4926-9b06-517fb8323a10,943,,"[65.2, 42.0]",3920410,35,,,,,,,,,,,,,,,,,,,,,,,,,1,From Throw In,Ricardo Martins Guimarães,29482.0,Center Attacking Midfield,58,Mozambique,4978,"['7b97e926-4df0-4663-853d-ca27dfda2327', 'f3ebad2d-65ca-4a58-9746-dfbee99a19a1']",42,,,,,,,,,,,,,,,,Mozambique,4978,00:35:42.246,Carry,
,,,,,"[91.7, 63.1]",,,,,,,,,,,,2.879994,,,,,,,,,,,,,,,e75607c3-aee7-460c-862a-6394397fbebb,946,,"[78.3, 64.0]",3920410,35,,,,,,,,,,,,,,,,,,,,,,,,,1,From Throw In,Geny Cipriano Catamo,127300.0,Right Wing,58,Mozambique,4978,"['633c76c5-135d-4aeb-8319-a1e12c210777', '8626da93-55c6-41bb-bce4-a1ec6b201134']",44,,,,,,,,,,,,,,,,Mozambique,4978,00:35:44.486,Carry,
,,,,,"[7.1, 24.8]",,,,,,,,,,,,3.436286,,,,,,,,,,,,,,,2361c50f-c145-4047-b0d9-40d09323ed54,950,,"[3.6, 25.9]",3920410,35,,,,,,,,,,,,,,,,,,,,,,,,,1,From Throw In,Gideon Mensah,23615.0,Left Back,58,Mozambique,4978,"['c94163bc-5d09-46b2-8e8c-02d23fa42d13', '15f6fee3-e88d-45a0-817f-c3aefa60e92d']",49,,,,,,,,,,,,,,,,Ghana,4885,00:35:49.038,Carry,
,,,,,"[43.9, 42.3]",,,,,,,,,,,,0.32,,,,,,,,,,,,,,,4c864eb4-8431-4e00-9f77-d343bf271e68,957,,"[43.9, 42.3]",3920410,35,,,,,,,,,,,,,,,,,,,,,,,,,1,From Throw In,Reinildo Isnard Mandava,10848.0,Left Center Back,58,Mozambique,4978,"['906eb429-16be-4d55-811a-8c7505cfe5e9', 'd8d55eca-ae87-4aac-8d1d-ce65d1b66cdb']",58,,,,,,,,,,,,,,,,Mozambique,4978,00:35:58.824,Carry,
,,,,,"[49.3, 58.6]",,,,,,,,,,,,2.84,,,,,,,,,,,,,,,92697407-891d-4b6e-b5df-c94173b48dc3,960,,"[38.9, 67.0]",3920410,36,,,,,,,,,,,,,,,,,,,,,,,,,1,From Throw In,Edson André Sitoe,3250.0,Right Center Back,58,Mozambique,4978,"['110db435-86a3-4051-8191-df7d70c259eb', '7eb39442-d1f8-42a8-8072-59a0615ea312']",0,,,,,,,,,,,,,,,,Mozambique,4978,00:36:00.744,Carry,
,,,,,"[55.6, 45.7]",,,,,,,,,,,,1.839995,,,,,,,,,,,,,,,810a02b1-1a5c-48c6-9f96-f219076558e2,963,,"[62.2, 40.5]",3920410,36,,,,,,,,,,,,,,,,,,,,,,,,,1,From Throw In,Alfons Amade,23706.0,Right Defensive Midfield,58,Mozambique,4978,"['c1e54ef2-eb09-486c-85a6-7f1302543445', '31706dad-a4b1-42c2-bb47-c7f3f4012905', 'f78cab7a-7c54-4c40-8370-2edc5acb3b56']",4,,,,,,,,,,,,,,,,Mozambique,4978,00:36:04.864,Carry,True
,,,,,"[58.2, 40.2]",,,,,,,,,,,,1.365942,,,,,,,,,,,,,,,2dacbd2e-7d97-4b27-a966-a619194b5f4c,981,,"[57.1, 42.6]",3920410,36,,,,,,,,,,,,,,,,,,,,,,,,,1,From Goal Kick,Iddrisu Baba Mohammed,24087.0,Right Defensive Midfield,60,Ghana,4885,"['82827442-6307-4fce-9c5d-8e99bd5a1b0c', '3ef961ee-aab7-419b-b0cc-946be3a0a181']",55,,,,,,,,,,,,,,,,Ghana,4885,00:36:55.626,Carry,
,,,,,"[53.7, 53.1]",,,,,,,,,,,,0.199998,,,,,,,,,,,,,,,483e2358-12ee-4f0a-a7ce-4744c063105c,986,,"[53.7, 53.1]",3920410,37,,,,,,,,,,,,,,,,,,,,,,,,,1,Regular Play,Feliciano João Jone,129475.0,Left Defensive Midfield,61,Mozambique,4978,"['83097028-3333-468b-ade9-c5ac50e02c98', '383f888e-59a5-455b-a328-458750dc8f4d']",0,,,,,,,,,,,,,,,,Mozambique,4978,00:37:00.261,Carry,
,,,,,"[63.7, 20.5]",,,,,,,,,,,,0.879998,,,,,,,,,,,,,,,030d221e-3ba5-4cd0-b563-c4ad66fe06b4,989,,"[56.3, 32.3]",3920410,37,,,,,,,,,,,,,,,,,,,,,,,,,1,Regular Play,Alfons Amade,23706.0,Right Defensive Midfield,61,Mozambique,4978,"['9d7d78fe-8df2-4a47-a50a-bf619dfd4a68', 'fe1e0702-c0b8-4858-a308-becff9ec5fd2']",2,,,,,,,,,,,,,,,,Mozambique,4978,00:37:02.501,Carry,
,,,,,"[75.6, 4.0]",,,,,,,,,,,,3.719998,,,,,,,,,,,,,,,ef55e0cf-d800-4f35-b8a0-8eaea57044fe,992,,"[71.1, 4.4]",3920410,37,,,,,,,,,,,,,,,,,,,,,,,,,1,Regular Play,Witiness Chimoio João Quembo,10865.0,Left Wing,61,Mozambique,4978,"['4beb6eaa-2c99-41df-bd03-b0e80013db13', '2c816257-e95b-4fb6-b1a2-c43834e109b9']",4,,,,,,,,,,,,,,,,Mozambique,4978,00:37:04.901,Carry,
,,,,,"[71.3, 9.9]",,,,,,,,,,,,0.88,,,,,,,,,,,,,,,c7d72e9b-6bb2-4903-843c-fbaf34932691,995,,"[73.5, 9.0]",3920410,37,,,,,,,,,,,,,,,,,,,,,,,,,1,Regular Play,Alfons Amade,23706.0,Right Defensive Midfield,61,Mozambique,4978,"['b455260a-648a-4a05-805e-cfc54327c834', 'dc653b5a-c378-4f51-9235-b1ebebd43b08']",9,,,,,,,,,,,,,,,,Mozambique,4978,00:37:09.701,Carry,
,,,,,"[62.8, 10.5]",,,,,,,,,,,,2.20294,,,,,,,,,,,,,,,e9bb95ac-a24f-443b-8126-0fb6db8b5f99,998,,"[61.7, 9.6]",3920410,37,,,,,,,,,,,,,,,,,,,,,,,,,1,Regular Play,Bruno Alberto Langa,106070.0,Left Back,61,Mozambique,4978,"['c432ce9c-9936-48c1-a88f-c33086bab0e7', '7ff77604-ddb6-48e7-930d-9f6543d6068c']",12,,,,,,,,,,,,,,,,Mozambique,4978,00:37:12.101,Carry,
,,,,,"[78.0, 59.7]",,,,,,,,,,,,0.439999,,,,,,,,,,,,,,,2228ba53-ecb0-40d1-a9ee-434d0b83ada5,1006,,"[78.9, 57.7]",3920410,37,,,,,,,,,,,,,,,,,,,,,,,,,1,Regular Play,Infren David da Conceição Matola,417067.0,Right Back,61,Mozambique,4978,"['51e87eca-34c2-4865-9c00-4992d773b975', 'e3957cab-bdee-4d25-922c-2ca40e213c70', '1460a2e5-60d9-4434-bfdf-48964cc44271']",20,,,,,,,,,,,,,,,,Mozambique,4978,00:37:20.861,Carry,True
,,,,,"[116.1, 56.0]",,,,,,,,,,,,2.07999,,,,,,,,,,,,,,,33255759-f69f-4b9d-8aec-ca9210b57e2f,1010,,"[103.7, 52.9]",3920410,37,,,,,,,,,,,,,,,,,,,,,,,,,1,Regular Play,Pachoio Lau Há King,106082.0,Center Forward,61,Mozambique,4978,"['6d6381d8-fad0-472b-9a48-ad3e095e663b', '9e23815a-01d4-4e31-ab0d-d185f4d782a5', '58611b77-0cbc-4692-a1f0-8f7f20b3f536']",24,,,,,,,,,,,,,,,,Mozambique,4978,00:37:24.553,Carry,True
,,,,,"[8.4, 26.1]",,,,,,,,,,,,1.296455,,,,,,,,,,,,,,,ea246fd8-2b07-4647-bd4d-ac3a6f2743c7,1015,,"[10.8, 26.1]",3920410,37,,,,,,,,,,,,,,,,,,,,,,,,,1,Regular Play,Gideon Mensah,23615.0,Left Back,62,Ghana,4885,"['0e9ecbcc-e3f6-420a-bfb4-4043d7beb627', '5fac169b-61aa-4356-a225-c495fad7bbfb', '1a506bbf-0f11-487a-9e6f-4abfafa23fd9']",28,,,,,,,,,,,,,,,,Ghana,4885,00:37:28.475,Carry,True
,,,,,"[19.0, 2.4]",,,,,,,,,,,,3.211388,,,,,,,,,,,,,,,a62509b0-e2cd-4341-be5f-52c093108ba9,1019,,"[18.1, 6.3]",3920410,37,,,,,,,,,,,,,,,,,,,,,,,,,1,Regular Play,Jordan Ayew,3450.0,Left Wing,62,Ghana,4885,"['18572f81-78a5-43fe-8112-ac3bac011edc', '1f6d65d3-7a16-4151-b084-f39ad5fdf929', '426c39c6-9831-4abf-9b57-1d614e37fdf8']",30,,,,,,,,,,,,,,,,Ghana,4885,00:37:30.971,Carry,True
,,,,,"[47.3, 7.2]",,,,,,,,,,,,5.486524,,,,,,,,,,,,,,,2e13c215-a154-419c-b275-363f01fa8182,1023,,"[19.0, 2.4]",3920410,37,,,,,,,,,,,,,,,,,,,,,,,,,1,Regular Play,Jordan Ayew,3450.0,Left Wing,62,Ghana,4885,"['4678bcdb-af00-44ee-9f1d-476945a66580', '6d454c97-98e3-40e6-aade-80d41799b286', '5c7283a1-d8f9-40bd-bafa-1ee5fbbdfeaf', '1f6d65d3-7a16-4151-b084-f39ad5fdf929']",34,,,,,,,,,,,,,,,,Ghana,4885,00:37:34.182,Carry,True
,,,,,"[49.9, 20.2]",,,,,,,,,,,,1.806938,,,,,,,,,,,,,,,7f2edd15-1704-4c31-bd2d-91eab4d62bff,1027,,"[48.2, 17.6]",3920410,37,,,,,,,,,,,,,,,,,,,,,,,,,1,Regular Play,Mohammed Kudus,17033.0,Center Attacking Midfield,62,Ghana,4885,"['a3b5350e-9b57-4fc8-b605-5af66b41a2f7', '3c8dc306-11ba-40ba-8426-6fd1670ad616']",40,,,,,,,,,,,,,,,,Ghana,4885,00:37:40.749,Carry,
,,,,,"[35.3, 57.0]",,,,,,,,,,,,1.2,,,,,,,,,,,,,,,5a3ef9df-ce40-4e64-9939-89b4736d4395,1030,,"[35.3, 56.8]",3920410,37,,,,,,,,,,,,,,,,,,,,,,,,,1,Regular Play,Alexander Djiku,2989.0,Right Center Back,62,Ghana,4885,"['541cfcb9-9272-4161-9106-afecc72dcda6', '6038f8ae-ea1f-4826-9ee3-6e419c1bcdc7']",44,,,,,,,,,,,,,,,,Ghana,4885,00:37:44.956,Carry,
,,,,,"[56.2, 77.8]",,,,,,,,,,,,1.088435,,,,,,,,,,,,,,,413cd9a1-43ac-4f02-b53c-9b578febc0ec,1033,,"[51.8, 75.9]",3920410,37,,,,,,,,,,,,,,,,,,,,,,,,,1,Regular Play,Denis Odoi,12259.0,Right Back,62,Ghana,4885,"['b973d3ca-b26c-41d1-9d4e-aa677e6be115', '03a4fa00-3111-4d7b-8762-08aad4095dc2']",48,,,,,,,,,,,,,,,,Ghana,4885,00:37:48.229,Carry,
,,,,,"[72.7, 70.7]",,,,,,,,,,,,3.526954,,,,,,,,,,,,,,,c05dd61d-7cdc-4f02-a4ce-f7f0cdbfa334,1036,,"[74.2, 73.1]",3920410,37,,,,,,,,,,,,,,,,,,,,,,,,,1,Regular Play,Joseph Paintsil,16546.0,Right Wing,62,Ghana,4885,"['03d5b20a-058f-4080-a6c8-d09fb1922464', '45c22cfe-34fe-4878-9211-9062c6e422cf']",50,,,,,,,,,,,,,,,,Ghana,4885,00:37:50.849,Carry,
,,,,,"[63.4, 44.8]",,,,,,,,,,,,2.709843,,,,,,,,,,,,,,,cb8d8858-526f-4038-a640-b9ba11393414,1039,,"[67.3, 56.1]",3920410,37,,,,,,,,,,,,,,,,,,,,,,,,,1,Regular Play,Iddrisu Baba Mohammed,24087.0,Right Defensive Midfield,62,Ghana,4885,"['63588777-1e1c-4147-837b-07478d6c7594', '13c1db7a-26d9-4a6a-8380-f8e0366acda5', '052b7434-9d10-4b3c-ad2e-602cf9b76ec4']",55,,,,,,,,,,,,,,,,Ghana,4885,00:37:55.558,Carry,True
,,,,,"[54.5, 29.6]",,,,,,,,,,,,0.580334,,,,,,,,,,,,,,,5a4ceda0-8047-4dbb-a608-5de9768d7e3e,1043,,"[54.5, 29.8]",3920410,38,,,,,,,,,,,,,,,,,,,,,,,,,1,Regular Play,Mohamed Salisu,30519.0,Left Center Back,62,Ghana,4885,"['d980a99e-36f5-486e-a0e9-92c46b3e0c91', 'a830e039-c49d-4b76-aea4-0d05476191bc']",0,,,,,,,,,,,,,,,,Ghana,4885,00:38:00.840,Carry,
,,,,,"[69.9, 20.2]",,,,,,,,,,,,4.269758,,,,,,,,,,,,,,,d8fe2f70-acd2-4528-8a1e-9476528d30e3,1046,,"[73.4, 16.1]",3920410,38,,,,,,,,,,,,,,,,,,,,,,,,,1,Regular Play,Mohammed Kudus,17033.0,Center Attacking Midfield,62,Ghana,4885,"['8fea149a-31a8-4b16-a666-18f6801efcb0', 'b3f55c85-d81e-452b-aeef-ba745e7e10b1', 'b3bf5813-3d13-4bfa-a95c-33ba17b2c17f']",2,,,,,,,,,,,,,,,,Ghana,4885,00:38:02.532,Carry,True
,,,,,"[79.0, 6.7]",,,,,,,,,,,,1.05631,,,,,,,,,,,,,,,46749063-0f9b-4ccb-ad0e-2f59a21dac9e,1053,,"[81.8, 7.0]",3920410,38,,,,,,,,,,,,,,,,,,,,,,,,,1,Regular Play,Jordan Ayew,3450.0,Left Wing,62,Ghana,4885,"['04686e2b-0462-4726-ba43-91c718885da8', 'e4177f49-7cd7-40c7-95d9-2832b140ae38', '538f6747-aa7d-45d8-82dc-f290d1c857df']",9,,,,,,,,,,,,,,,,Ghana,4885,00:38:09.784,Carry,True
,,,,,"[67.3, 7.8]",,,,,,,,,,,,1.24,,,,,,,,,,,,,,,952a1c39-dba6-4104-9a0e-a87749064d19,1058,,"[69.0, 7.2]",3920410,38,,,,,,,,,,,,,,,,,,,,,,,,,1,Regular Play,Gideon Mensah,23615.0,Left Back,62,Ghana,4885,"['021bbc5c-1a0a-4bfd-a487-96646604d31d', '5b95c4c1-e954-4850-a400-010c7f34abb0']",12,,,,,,,,,,,,,,,,Ghana,4885,00:38:12.834,Carry,
,,,,,"[75.8, 9.8]",,,,,,,,,,,,0.776861,,,,,,,,,,,,,,,dddeab58-7e07-4916-8af1-4b1bb46d81d0,1065,,"[74.2, 12.6]",3920410,38,,,,,,,,,,,,,,,,,,,,,,,,,1,Regular Play,Mohammed Kudus,17033.0,Center Attacking Midfield,62,Ghana,4885,"['01902688-3102-436c-b4e3-032f35c10ab9', '7de688d3-fa63-4c6d-8c22-95ef0c89f1e7']",16,,,,,,,,,,,,,,,,Ghana,4885,00:38:16.397,Carry,
,,,,,"[111.9, 27.8]",,,,,,,,,,,,1.432002,,,,,,,,,,,,,,,7c4a0b5e-f744-407a-8e07-84b12633a4a6,1068,,"[109.2, 26.1]",3920410,38,,,,,,,,,,,,,,,,,,,,,,,,,1,Regular Play,Antoine Semenyo,9286.0,Center Forward,62,Ghana,4885,"['5ac09850-be90-43c8-9a32-65c186ca2ce4', '200414db-6077-4e47-89b7-96400c5eb192', 'c58ea943-a1d8-4015-bd78-38488c001ac7']",19,,,,,,,,,,,,,,,,Ghana,4885,00:38:19.440,Carry,True
,,,,,"[6.3, 53.1]",,,,,,,,,,,,0.997509,,,,,,,,,,,,,,,e9e9deb4-15dc-4a5d-bcec-f30988aa5122,1072,,"[8.2, 52.3]",3920410,38,,,,,,,,,,,,,,,,,,,,,,,,,1,Regular Play,Reinildo Isnard Mandava,10848.0,Left Center Back,63,Mozambique,4978,"['f4685cb8-8f88-4d6d-9af9-41a8f2b8cf69', '4829d487-c546-42d7-a166-2b42ebca4d56', '80440c1a-269a-4748-ba1f-b3567e96ff28']",20,,,,,,,,,,,,,,,,Mozambique,4978,00:38:20.872,Carry,True
,,,,,"[28.0, 69.7]",,,,,,,,,,,,0.959996,,,,,,,,,,,,,,,303d690e-b1ad-4621-a3c0-d4f578e61aa6,1077,,"[28.2, 71.4]",3920410,39,,,,,,,,,,,,,,,,,,,,,,,,,1,From Free Kick,Edson André Sitoe,3250.0,Right Center Back,64,Mozambique,4978,"['df4887c0-b32d-4bfc-b18e-95ba678d649b', 'f50820bd-4e61-4255-a415-1c41caf46c01', '58e26af7-f520-464e-9044-1b9281f0745b']",2,,,,,,,,,,,,,,,,Mozambique,4978,00:39:02.161,Carry,True
,,,,,"[10.4, 46.8]",,,,,,,,,,,,0.999998,,,,,,,,,,,,,,,95b17d2a-d109-4327-b364-1d928b1087db,1081,,"[11.7, 50.5]",3920410,39,,,,,,,,,,,,,,,,,,,,,,,,,1,From Free Kick,Ivane Carminio Francisco Urrubal,161718.0,Goalkeeper,64,Mozambique,4978,"['35d814ee-ada7-445c-845f-156ff36c6272', '64b25ada-9f9e-4a8b-9550-cafa61342186']",5,,,,,,,,,,,,,,,,Mozambique,4978,00:39:05.961,Carry,
,,,,,"[19.3, 22.9]",,,,,,,,,,,,0.4,,,,,,,,,,,,,,,9e942ebc-b6f8-444d-b696-ef1c3e98027f,1084,,"[18.9, 23.6]",3920410,39,,,,,,,,,,,,,,,,,,,,,,,,,1,From Free Kick,Reinildo Isnard Mandava,10848.0,Left Center Back,64,Mozambique,4978,"['c9d208bc-2856-4109-bab0-a306910a8bb4', '73ebd913-0e63-44d5-8a07-066f67e861e2']",9,,,,,,,,,,,,,,,,Mozambique,4978,00:39:09.401,Carry,
,,,,,"[24.3, 20.7]",,,,,,,,,,,,1.079997,,,,,,,,,,,,,,,add8ac09-eab5-4c91-8f37-6407fb03592a,1089,,"[23.5, 20.5]",3920410,39,,,,,,,,,,,,,,,,,,,,,,,,,1,From Free Kick,Reinildo Isnard Mandava,10848.0,Left Center Back,64,Mozambique,4978,"['da903317-905b-4c9b-8257-39a934e13641', '2470480c-9dcc-46a1-8d82-f198f3f8114a']",12,,,,,,,,,,,,,,,,Mozambique,4978,00:39:12.681,Carry,
,,,,,"[24.8, 54.0]",,,,,,,,,,,,2.119997,,,,,,,,,,,,,,,63a0d99e-0953-4e65-b442-8b409cd4e0d3,1092,,"[24.8, 53.8]",3920410,39,,,,,,,,,,,,,,,,,,,,,,,,,1,From Free Kick,Edson André Sitoe,3250.0,Right Center Back,64,Mozambique,4978,"['73908219-68ab-4956-bdf7-12e86374a909', 'a912b967-3f37-4e3f-ad7c-43ba7cdd8e64']",15,,,,,,,,,,,,,,,,Mozambique,4978,00:39:15.761,Carry,
,,,,,"[42.2, 73.1]",,,,,,,,,,,,2.469615,,,,,,,,,,,,,,,f9f996ce-ba75-4d36-abc6-02c6ec2336eb,1095,,"[41.3, 75.3]",3920410,39,,,,,,,,,,,,,,,,,,,,,,,,,1,From Free Kick,Infren David da Conceição Matola,417067.0,Right Back,64,Mozambique,4978,"['1dd54ad2-3933-4add-8040-4d04413f745a', '032e32c0-de63-43fd-80b3-f4e907b9906f', '9606760f-cdf7-4e51-b452-be3d7cb1bc32']",18,,,,,,,,,,,,,,,,Mozambique,4978,00:39:18.921,Carry,True
,,,,,"[55.4, 63.3]",,,,,,,,,,,,3.439995,,,,,,,,,,,,,,,473d9134-bc80-472d-b3f5-a9417a04ca0f,1099,,"[42.2, 73.1]",3920410,39,,,,,,,,,,,,,,,,,,,,,,,,,1,From Free Kick,Infren David da Conceição Matola,417067.0,Right Back,64,Mozambique,4978,"['ea666c95-5130-4d82-a3e0-f96408700dd6', '6d4cf33c-3d17-4ba3-8d84-1074d03da8c5', 'a5e50b3e-4112-46c7-9367-d323119f7b6a', '032e32c0-de63-43fd-80b3-f4e907b9906f']",21,,,,,,,,,,,,,,,,Mozambique,4978,00:39:21.390,Carry,True
,,,,,"[46.2, 36.3]",,,,,,,,,,,,3.579563,,,,,,,,,,,,,,,ef732c9e-a57a-456c-be51-09a8b9d2f715,1110,,"[40.8, 38.7]",3920410,39,,,,,,,,,,,,,,,,,,,,,,,,,1,From Free Kick,Mohammed Kudus,17033.0,Center Attacking Midfield,65,Mozambique,4978,"['0f1bccc3-e155-4aa5-bac5-bcb4725b7af5', 'e3f96b34-b9b1-4cc2-9168-ee69084cb762']",42,,,,,,,,,,,,,,,,Ghana,4885,00:39:42.330,Carry,
,,,,,"[109.0, 14.1]",,,,,,,,,,,,5.851058,,,,,,,,,,,,,,,05664959-e02a-4308-8665-101712debee6,1113,,"[70.1, 5.7]",3920410,39,,,,,,,,,,,,,,,,,,,,,,,,,1,From Free Kick,Jordan Ayew,3450.0,Left Wing,65,Mozambique,4978,"['93f61416-7a51-4d58-aee0-28139ef75f24', '04522698-bacb-439e-a5bb-9952813e67df', 'f3b2c163-612b-45e1-89bd-37bb502666fa']",48,,,,,,,,,,,,,,,,Ghana,4885,00:39:48.498,Carry,True
,,,,,"[7.4, 70.5]",,,,,,,,,,,,2.6,,,,,,,,,,,,,,,2dabae5f-db94-4ba5-91e7-4ea19b8f8769,1117,,"[11.1, 66.0]",3920410,39,,,,,,,,,,,,,,,,,,,,,,,,,1,From Free Kick,Infren David da Conceição Matola,417067.0,Right Back,65,Mozambique,4978,"['98804eb9-5caf-4caf-a099-fb3e8e597814', 'e05900cd-815e-4fd2-a4c8-caaf43295196', '5749291a-a809-4986-a350-9e54265645ea']",54,,,,,,,,,,,,,,,,Mozambique,4978,00:39:54.349,Carry,True
,,,,,"[32.6, 12.3]",,,,,,,,,,,,0.559996,,,,,,,,,,,,,,,52a659d1-1159-420c-b79c-75e051c31e50,1123,,"[30.6, 13.1]",3920410,40,,,,,,,,,,,,,,,,,,,,,,,,,1,From Free Kick,Bruno Alberto Langa,106070.0,Left Back,66,Mozambique,4978,"['dcd0fc91-09e6-48c0-9879-e6cd0f2af955', 'cc4647bf-3732-4d15-9e17-59c6869868a2']",18,,,,,,,,,,,,,,,,Mozambique,4978,00:40:18.629,Carry,
,,,,,"[34.8, 22.3]",,,,,,,,,,,,5.86184,,,,,,,,,,,,,,,ea9519e5-52ce-4091-8e05-9544803a3fed,1126,,"[24.6, 20.7]",3920410,40,,,,,,,,,,,,,,,,,,,,,,,,,1,From Free Kick,Reinildo Isnard Mandava,10848.0,Left Center Back,66,Mozambique,4978,"['0d0e7c8b-39d6-4316-bf04-2f0b17e38f91', '10510752-7197-4723-ad51-b14dd9cb5d23']",20,,,,,,,,,,,,,,,,Mozambique,4978,00:40:20.829,Carry,
,,,,,"[38.9, 52.3]",,,,,,,,,,,,1.599995,,,,,,,,,,,,,,,6145f7b0-9448-4bd6-8b09-082bdfe870c4,1129,,"[37.6, 54.2]",3920410,40,,,,,,,,,,,,,,,,,,,,,,,,,1,From Free Kick,Edson André Sitoe,3250.0,Right Center Back,66,Mozambique,4978,"['9dd1b460-5f49-4b7a-8f94-a83d6a3f621f', '7bcd62a7-250d-4fa3-a6d4-428d371e31ef']",28,,,,,,,,,,,,,,,,Mozambique,4978,00:40:28.370,Carry,
,,,,,"[57.4, 73.1]",,,,,,,,,,,,1.759997,,,,,,,,,,,,,,,fc1f3500-6c5b-45a1-bdf6-74eaaa2fce43,1132,,"[49.8, 71.4]",3920410,40,,,,,,,,,,,,,,,,,,,,,,,,,1,From Free Kick,Infren David da Conceição Matola,417067.0,Right Back,66,Mozambique,4978,"['59e61b7b-21d4-456d-bf46-c4f7ab59bcbb', 'f36c6884-6eb9-4c28-9676-9531858ce1b8']",31,,,,,,,,,,,,,,,,Mozambique,4978,00:40:31.690,Carry,
,,,,,"[65.6, 67.0]",,,,,,,,,,,,1.84,,,,,,,,,,,,,,,56e81406-082d-4702-a761-6cd16d521171,1135,,"[64.3, 66.8]",3920410,40,,,,,,,,,,,,,,,,,,,,,,,,,1,From Free Kick,Geny Cipriano Catamo,127300.0,Right Wing,66,Mozambique,4978,"['b1a9bdaa-9d2b-43e0-a12b-c8cbab1ce867', '88704a1e-029f-4ea0-a21f-31a0d93a8cc6']",34,,,,,,,,,,,,,,,,Mozambique,4978,00:40:34.610,Carry,
,,,,,"[82.8, 59.9]",,,,,,,,,,,,0.119999,,,,,,,,,,,,,,,3b02aee3-2099-4628-af8e-5726c5f7e0ee,1138,,"[82.6, 59.9]",3920410,40,,,,,,,,,,,,,,,,,,,,,,,,,1,From Free Kick,Pachoio Lau Há King,106082.0,Center Forward,66,Mozambique,4978,"['d09b7a05-decb-4a4e-a0ff-c0e89401c01a', 'edacee9c-2fd9-41c4-af2a-ff129be347b6', '56df6727-09cc-4ff8-ac25-4e746aa6b649']",37,,,,,,,,,,,,,,,,Mozambique,4978,00:40:37.210,Carry,True
,,,,,"[78.3, 67.5]",,,,,,,,,,,,3.12,,,,,,,,,,,,,,,09470d57-9c8b-448e-a8eb-ef774f734710,1143,,"[75.4, 54.4]",3920410,40,,,,,,,,,,,,,,,,,,,,,,,,,1,From Free Kick,Ricardo Martins Guimarães,29482.0,Center Attacking Midfield,66,Mozambique,4978,"['afb6ee02-7efb-42dc-9810-89c6dd1683a7', 'f238603d-23c3-4ea0-abdd-ff720fd2e0c0', 'c73c3fdc-0d58-415b-a34a-180bad601daa']",38,,,,,,,,,,,,,,,,Mozambique,4978,00:40:38.330,Carry,True
,,,,,"[88.3, 71.2]",,,,,,,,,,,,1.556161,,,,,,,,,,,,,,,73be4fe9-cd97-4531-9658-68b9f92e9598,1146,,"[83.5, 73.1]",3920410,40,,,,,,,,,,,,,,,,,,,,,,,,,1,From Free Kick,Infren David da Conceição Matola,417067.0,Right Back,66,Mozambique,4978,"['312b25ab-e0ce-4db3-a5b5-b0f87b9334b0', 'e6acc522-075b-4a99-a877-230204f5ff96']",43,,,,,,,,,,,,,,,,Mozambique,4978,00:40:43.010,Carry,
,,,,,"[91.7, 66.2]",,,,,,,,,,,,0.159999,,,,,,,,,,,,,,,e3c2aa09-f6af-4017-89eb-589f2bbf47c8,1150,,"[92.0, 66.2]",3920410,40,,,,,,,,,,,,,,,,,,,,,,,,,1,From Free Kick,Pachoio Lau Há King,106082.0,Center Forward,66,Mozambique,4978,"['4322f91f-a122-43de-a7b7-73f87d8876e1', '286355a5-39d8-4971-aafe-40ba181cd87c', '1d73f968-d862-4d00-9ce7-eb4f1773e175']",45,,,,,,,,,,,,,,,,Mozambique,4978,00:40:45.527,Carry,True
,,,,,"[27.3, 39.8]",,,,,,,,,,,,0.65347,,,,,,,,,,,,,,,0fb2c3db-7bfe-4b77-beef-0d9c55dea0c3,1157,,"[27.5, 39.6]",3920410,40,,,,,,,,,,,,,,,,,,,,,,,,,1,From Free Kick,Iddrisu Baba Mohammed,24087.0,Right Defensive Midfield,66,Mozambique,4978,"['3a1b91be-cbb2-46ca-9b11-6355b5cc00e4', '2f857cb4-725c-4956-9851-af78df87c98f', 'c589c581-8af5-49a4-ab42-e2e4e8c576da']",51,,,,,,,,,,,,,,,,Ghana,4885,00:40:51.683,Carry,True
,,,,,"[59.8, 19.0]",,,,,,,,,,,,1.0,,,,,,,,,,,,,,,62a26cb2-3650-4d18-8689-abd7156fe608,1168,,"[59.8, 18.8]",3920410,41,,,,,,,,,,,,,,,,,,,,,,,,,1,From Free Kick,Alfons Amade,23706.0,Right Defensive Midfield,67,Mozambique,4978,"['e9cc6452-f34b-4103-bd86-ed852b7727b3', '8c7bb94e-67b6-4d69-ac50-4b3fe8b1b989']",11,,,,,,,,,,,,,,,,Mozambique,4978,00:41:11.036,Carry,
,,,,,"[69.8, 16.0]",,,,,,,,,,,,0.119999,,,,,,,,,,,,,,,fe752116-b2fc-4613-ab13-3a2d01017cd6,1171,,"[70.0, 16.2]",3920410,41,,,,,,,,,,,,,,,,,,,,,,,,,1,From Free Kick,Witiness Chimoio João Quembo,10865.0,Left Wing,67,Mozambique,4978,"['5460ef31-0086-4f55-b76e-ef0767e9b8f4', 'b0a694f5-c624-4558-8e59-5b5aca3ec7db']",14,,,,,,,,,,,,,,,,Mozambique,4978,00:41:14.596,Carry,
,,,,,"[55.2, 13.6]",,,,,,,,,,,,2.28,,,,,,,,,,,,,,,39cad697-0c5c-4fb0-a05a-5e7c959e09b0,1174,,"[55.6, 13.3]",3920410,41,,,,,,,,,,,,,,,,,,,,,,,,,1,From Free Kick,Feliciano João Jone,129475.0,Left Defensive Midfield,67,Mozambique,4978,"['e9c97f2d-5301-4705-8acb-18a19d6ea5cf', 'e7800f8b-12c6-4444-b0d7-ed8fb7257624']",15,,,,,,,,,,,,,,,,Mozambique,4978,00:41:15.876,Carry,
,,,,,"[53.0, 58.8]",,,,,,,,,,,,2.32,,,,,,,,,,,,,,,c9d33326-f83e-4a64-8162-0413197cf7f8,1177,,"[51.3, 65.1]",3920410,41,,,,,,,,,,,,,,,,,,,,,,,,,1,From Free Kick,Edson André Sitoe,3250.0,Right Center Back,67,Mozambique,4978,"['69ac8450-66e4-4a35-b2dc-a6e8fbc03eab', 'a8d5937e-8bdc-4ffb-b8a5-43352ca3ab6a']",21,,,,,,,,,,,,,,,,Mozambique,4978,00:41:21.756,Carry,
,,,,,"[75.4, 76.0]",,,,,,,,,,,,1.399998,,,,,,,,,,,,,,,1f9869d1-3d5e-486f-8117-ef23eb11d528,1180,,"[74.6, 76.2]",3920410,41,,,,,,,,,,,,,,,,,,,,,,,,,1,From Free Kick,Infren David da Conceição Matola,417067.0,Right Back,67,Mozambique,4978,"['01371da8-b13f-43fe-98d1-56a1cd9e6900', 'c7bdc547-0508-4ca8-a33c-d1a91f56c3d0']",26,,,,,,,,,,,,,,,,Mozambique,4978,00:41:26.156,Carry,
,,,,,"[27.9, 39.4]",,,,,,,,,,,,1.001922,,,,,,,,,,,,,,,3409ce12-20e4-4a73-ace0-a8c5865529b2,1185,,"[28.1, 35.9]",3920410,41,,,,,,,,,,,,,,,,,,,,,,,,,1,Regular Play,Iddrisu Baba Mohammed,24087.0,Right Defensive Midfield,68,Ghana,4885,"['9c3c9580-182c-4cd8-aac5-ec9d97a355f8', 'cad05ddf-c9c1-42a5-af9b-30dbc5337cd2']",30,,,,,,,,,,,,,,,,Ghana,4885,00:41:30.876,Carry,
,,,,,"[43.6, 61.1]",,,,,,,,,,,,1.603708,,,,,,,,,,,,,,,0ae7474d-9492-4f8f-834e-2b113d9feeba,1188,,"[39.0, 59.6]",3920410,41,,,,,,,,,,,,,,,,,,,,,,,,,1,Regular Play,Joseph Paintsil,16546.0,Right Wing,68,Ghana,4885,"['635b1217-72a6-49ea-9bd1-5370ccd8c79b', '79e68b84-6983-47a9-89ae-459be79020ac']",33,,,,,,,,,,,,,,,,Ghana,4885,00:41:33.645,Carry,
,,,,,"[49.5, 46.8]",,,,,,,,,,,,0.081705,,,,,,,,,,,,,,,e9b52259-3589-438e-a2fa-7b94a23a643f,1191,,"[49.5, 46.8]",3920410,41,,,,,,,,,,,,,,,,,,,,,,,,,1,Regular Play,Mohammed Kudus,17033.0,Center Attacking Midfield,68,Ghana,4885,"['3aac6454-a841-402d-8bb0-f416f500a860', 'b0ffa410-e644-40f7-b3d2-4d40bafce704']",36,,,,,,,,,,,,,,,,Ghana,4885,00:41:36.434,Carry,
,,,,,"[71.3, 35.7]",,,,,,,,,,,,1.359999,,,,,,,,,,,,,,,bf897d2b-9c4e-4c8b-be52-0eb9971fd4f3,1194,,"[70.0, 35.1]",3920410,41,,,,,,,,,,,,,,,,,,,,,,,,,1,Regular Play,Alfons Amade,23706.0,Right Defensive Midfield,69,Mozambique,4978,"['f4416297-ca05-4247-a8fd-dba3ce9e6a3b', '7be0a823-2adb-4ef4-9ef4-17103541f8eb']",37,,,,,,,,,,,,,,,,Mozambique,4978,00:41:37.104,Carry,
,,,,,"[97.7, 18.8]",,,,,,,,,,,,1.803668,,,,,,,,,,,,,,,2158fe5b-0709-4372-82f8-4a02ad26886e,1197,,"[82.0, 12.3]",3920410,41,,,,,,,,,,,,,,,,,,,,,,,,,1,Regular Play,Witiness Chimoio João Quembo,10865.0,Left Wing,69,Mozambique,4978,"['048e4173-2699-4bda-a241-1aa27dc2da19', '87cdcefa-db02-4279-8169-c93b58854394']",40,,,,,,,,,,,,,,,,Mozambique,4978,00:41:40.503,Carry,
,,,,,"[54.0, 47.0]",,,,,,,,,,,,2.842712,,,,,,,,,,,,,,,ddcba056-3bb7-4af2-bf85-26d6aaa8a378,1208,,"[66.2, 44.8]",3920410,42,,,,,,,,,,,,,,,,,,,,,,,,,1,From Goal Kick,Iddrisu Baba Mohammed,24087.0,Right Defensive Midfield,70,Ghana,4885,"['738d7f5d-fc72-4b45-a726-f4f9e9a2fc67', '3ac74cdc-b2b0-4a18-97f6-29e1153283d1', '681765f8-c318-4de5-a967-a2c4eaf2a916']",24,,,,,,,,,,,,,,,,Ghana,4885,00:42:24.359,Carry,True
,,,,,"[51.6, 75.0]",,,,,,,,,,,,1.623751,,,,,,,,,,,,,,,844f2f14-9f61-478d-9855-d66389fb1f33,1212,,"[51.2, 74.4]",3920410,42,,,,,,,,,,,,,,,,,,,,,,,,,1,From Goal Kick,Denis Odoi,12259.0,Right Back,70,Ghana,4885,"['34eb49e0-555e-4bee-9859-167955bccff2', 'fd00ed9d-5178-4339-b1d0-01cd1fa39d4a']",28,,,,,,,,,,,,,,,,Ghana,4885,00:42:28.415,Carry,
,,,,,"[21.7, 3.1]",,,,,,,,,,,,5.64,,,,,,,,,,,,,,,0551e23e-2fdb-44a6-a366-fecf3dccfea2,1217,,"[5.9, 5.3]",3920410,42,,,,,,,,,,,,,,,,,,,,,,,,,1,From Goal Kick,Bruno Alberto Langa,106070.0,Left Back,70,Ghana,4885,"['9803b38a-e87c-4146-b0d9-29cd501b4606', '3f4fae20-3a30-4add-87a5-38312074dd1a', '85bcc5a8-2a0f-4918-b60d-6604e7a47a8a']",34,,,,,,,,,,,,,,,,Mozambique,4978,00:42:34.686,Carry,True
,,,,,"[10.4, 47.0]",,,,,,,,,,,,0.4,,,,,,,,,,,,,,,53da099c-9718-4b83-b239-16e57f62e3b8,1221,,"[11.1, 46.6]",3920410,42,,,,,,,,,,,,,,,,,,,,,,,,,1,From Goal Kick,Edson André Sitoe,3250.0,Right Center Back,70,Ghana,4885,"['a68e3c87-8a16-478d-b359-a8d9cbf6275a', '3cf563c5-58b7-460b-830b-4c95b41605bf', '060a3a3b-543b-40f6-8902-9dc7f2fd4219']",44,,,,,,,,,,,,,,,,Mozambique,4978,00:42:44.406,Carry,True
,,,,,"[112.5, 23.1]",,,,,,,,,,,,3.117116,,,,,,,,,,,,,,,6b961d30-4d82-4e75-9099-392d9d5eaf15,1225,,"[90.1, 12.2]",3920410,42,,,,,,,,,,,,,,,,,,,,,,,,,1,From Goal Kick,Jordan Ayew,3450.0,Left Wing,70,Ghana,4885,"['4127910c-8a0f-4b89-85ff-a68e6ae03c15', '77508f91-3c2e-4e78-9106-ee923c69738e']",46,,,,,,,,,,,,,,,,Ghana,4885,00:42:46.352,Carry,
,,,,,"[3.7, 53.8]",,,,,,,,,,,,1.24,,,,,,,,,,,,,,,2e2f26ac-616f-471b-bbd6-0d2157498764,1230,,"[3.5, 54.4]",3920410,42,,,,,,,,,,,,,,,,,,,,,,,,,1,Regular Play,Edson André Sitoe,3250.0,Right Center Back,71,Mozambique,4978,"['67ef53c3-6995-4442-9d22-c39fe656ee17', 'ace12832-4136-4e65-860e-542cb0f690c5', 'f4da200b-143f-4dad-a9e9-09558cdd43bb']",50,,,,,,,,,,,,,,,,Mozambique,4978,00:42:50.817,Carry,True
,,,,,"[36.7, 64.9]",,,,,,,,,,,,1.875543,,,,,,,,,,,,,,,5297edf5-7a14-42d7-a4ae-6f6b3c9f1709,1242,,"[36.7, 65.7]",3920410,43,,,,,,,,,,,,,,,,,,,,,,,,,1,From Throw In,Geny Cipriano Catamo,127300.0,Right Wing,72,Mozambique,4978,"['06949810-a193-4490-a3ae-16cbd007148d', '64e3ee45-e365-467e-b08a-6fcab1355c48']",20,,,,,,,,,,,,,,,,Mozambique,4978,00:43:20.311,Carry,
,,,,,"[79.1, 19.0]",,,,,,,,,,,,6.387517,,,,,,,,,,,,,,,71d36ec1-1154-4c5d-ad50-61e1054cae68,1245,,"[38.3, 18.6]",3920410,43,,,,,,,,,,,,,,,,,,,,,,,,,1,From Throw In,Bruno Alberto Langa,106070.0,Left Back,72,Mozambique,4978,"['e528abd8-a006-4acf-9d6a-9ba406192fa6', '4d70869b-0efd-4f71-91dd-450cbfda67bc']",24,,,,,,,,,,,,,,,,Mozambique,4978,00:43:24.026,Carry,
,,,,,"[25.8, 78.5]",,,,,,,,,,,,2.219277,,,,,,,,,,,,,,,662c06ca-81fc-46c4-83b3-83454b34755a,1252,,"[24.0, 66.5]",3920410,43,,,,,,,,,,,,,,,,,,,,,,,,,1,From Throw In,Denis Odoi,12259.0,Right Back,72,Mozambique,4978,"['e19ae547-1fa2-402b-9d4e-1bd2ab1972a0', '3a5dbe7e-e4d1-432a-9faf-897a6da6e8a4', '413cde14-2d32-4c5b-af9f-35023c3ed2a1']",34,,,,,,,,,,,,,,,,Ghana,4885,00:43:34.170,Carry,True
,,,,,"[73.7, 27.0]",,,,,,,,,,,,7.784467,,,,,,,,,,,,,,,61f25495-9868-473f-b77b-0ed99a8d4a9e,1257,,"[66.7, 4.2]",3920410,43,,,,,,,,,,,,,,,,,,,,,,,,,1,From Throw In,Alfons Amade,23706.0,Right Defensive Midfield,72,Mozambique,4978,"['2d08da00-d3c0-44b0-814b-f5794dbe937e', '880b8204-38e0-4c0a-b18d-276a56d5f9cd']",38,,,,,,,,,,,,,,,,Mozambique,4978,00:43:38.709,Carry,
,,,,,"[74.8, 69.2]",,,,,,,,,,,,1.04,,,,,,,,,,,,,,,2bd1852e-bae5-4425-82a5-a062a74e70d6,1260,,"[74.8, 69.7]",3920410,43,,,,,,,,,,,,,,,,,,,,,,,,,1,From Throw In,Infren David da Conceição Matola,417067.0,Right Back,72,Mozambique,4978,"['0717a3b4-3568-404c-89f2-8eef94afd49c', '475d75be-723d-45e5-975e-44ffa954393b']",49,,,,,,,,,,,,,,,,Mozambique,4978,00:43:49.294,Carry,
,,,,,"[70.0, 64.2]",,,,,,,,,,,,2.279997,,,,,,,,,,,,,,,57311095-4234-4348-8688-1585cc0d9260,1263,,"[63.0, 56.2]",3920410,43,,,,,,,,,,,,,,,,,,,,,,,,,1,From Throw In,Feliciano João Jone,129475.0,Left Defensive Midfield,72,Mozambique,4978,"['7d0b947a-2e0f-4be1-b3b1-45919aa5b1c7', '7d1b6d53-5a7c-4a3c-8178-3b412583878f']",53,,,,,,,,,,,,,,,,Mozambique,4978,00:43:53.334,Carry,
,,,,,"[86.4, 78.9]",,,,,,,,,,,,3.287411,,,,,,,,,,,,,,,8cc33143-6dd9-4d46-a3ee-f88ffa9ed07b,1272,,"[86.4, 77.2]",3920410,44,,,,,,,,,,,,,,,,,,,,,,,,,1,From Keeper,Joseph Paintsil,16546.0,Right Wing,73,Ghana,4885,"['f01c34a9-d089-4959-afa6-4de3f367631a', '3f43034f-45ad-4116-8333-e68913698def']",30,,,,,,,,,,,,,,,,Ghana,4885,00:44:30.560,Carry,
,,,,,"[62.7, 75.9]",,,,,,,,,,,,0.912331,,,,,,,,,,,,,,,df01dee6-aee6-4b6c-ae30-2336fd1068c3,1275,,"[62.7, 75.9]",3920410,44,,,,,,,,,,,,,,,,,,,,,,,,,1,From Keeper,Denis Odoi,12259.0,Right Back,73,Ghana,4885,"['1fa3664c-baaa-48f3-b837-845b8176f420', '49258310-36db-403b-8455-2912164c4238']",35,,,,,,,,,,,,,,,,Ghana,4885,00:44:35.463,Carry,
,,,,,"[54.5, 69.8]",,,,,,,,,,,,3.338138,,,,,,,,,,,,,,,aaacb9a2-54f7-4c08-9801-434f86288c2a,1278,,"[50.3, 67.8]",3920410,44,,,,,,,,,,,,,,,,,,,,,,,,,1,From Keeper,Alexander Djiku,2989.0,Right Center Back,73,Ghana,4885,"['0b25ec30-0385-4762-b2b8-c9ec9bd8a5bd', 'fdee2bbf-6494-40a8-93ba-b9e606cfbcd5']",38,,,,,,,,,,,,,,,,Ghana,4885,00:44:38.059,Carry,
,,,,,"[36.6, 50.2]",,,,,,,,,,,,1.672159,,,,,,,,,,,,,,,2d328ac8-f451-48e2-b791-83f6acc32f8d,1281,,"[37.5, 49.8]",3920410,44,,,,,,,,,,,,,,,,,,,,,,,,,1,From Keeper,Mohamed Salisu,30519.0,Left Center Back,73,Ghana,4885,"['0622cd03-8610-492f-bc96-0a74a07852c8', 'fe2ca345-7740-4078-b273-c145b49d9722']",43,,,,,,,,,,,,,,,,Ghana,4885,00:44:43.883,Carry,
,,,,,"[40.1, 2.6]",,,,,,,,,,,,3.756608,,,,,,,,,,,,,,,2b31324c-052d-4c27-8c4e-904dfbc978f0,1284,,"[54.5, 11.3]",3920410,44,,,,,,,,,,,,,,,,,,,,,,,,,1,From Keeper,Gideon Mensah,23615.0,Left Back,73,Ghana,4885,"['efb97b23-6756-42ad-9af5-26278e9d663a', 'bc935bc5-468a-422b-8785-cf7302326163', '196bf0ca-681c-41e6-a3cc-328165561b28']",48,,,,,,,,,,,,,,,,Ghana,4885,00:44:48.228,Carry,True
,,,,,"[63.0, 72.3]",,,,,,,,,,,,0.36,,,,,,,,,,,,,,,6b14c844-e4ac-4044-83bd-e139dda72834,1291,,"[55.6, 69.9]",3920410,45,,,,,,,,,,,,,,,,,,,,,,,,,1,From Throw In,Infren David da Conceição Matola,417067.0,Right Back,74,Mozambique,4978,"['88e9eded-ddd3-446b-9f5a-eddb08e40e5d', 'e50b81b8-16b2-4e79-ae1b-99884cec6ade']",8,,,,,,,,,,,,,,,,Mozambique,4978,00:45:08.253,Carry,
,,,,,"[56.3, 42.9]",,,,,,,,,,,,3.5199971,,,,,,,,,,,,,,,0605df13-eddc-45ce-b489-b363111ba58f,1294,,"[49.3, 56.6]",3920410,45,,,,,,,,,,,,,,,,,,,,,,,,,1,From Throw In,Feliciano João Jone,129475.0,Left Defensive Midfield,74,Mozambique,4978,"['f0fbd5c6-7e8f-4e4e-bed2-a6b1ee8c936f', '3d048d82-0935-4e48-9bda-0b5ac8e998b9']",10,,,,,,,,,,,,,,,,Mozambique,4978,00:45:10.693,Carry,
,,,,,"[59.1, 19.9]",,,,,,,,,,,,0.96,,,,,,,,,,,,,,,80664cbc-fda1-4b75-a7ba-7432cf64941c,1297,,"[59.3, 20.5]",3920410,45,,,,,,,,,,,,,,,,,,,,,,,,,1,From Throw In,Alfons Amade,23706.0,Right Defensive Midfield,74,Mozambique,4978,"['eee4ca91-05fe-4e81-b13f-77aed9b8d219', 'f53dfb4b-424d-46a8-b495-896a452e255d']",16,,,,,,,,,,,,,,,,Mozambique,4978,00:45:16.333,Carry,
,,,,,"[61.1, 4.9]",,,,,,,,,,,,3.28,,,,,,,,,,,,,,,95c0b080-db81-4c48-b752-76bd3273bf46,1300,,"[61.1, 6.8]",3920410,45,,,,,,,,,,,,,,,,,,,,,,,,,1,From Throw In,Bruno Alberto Langa,106070.0,Left Back,74,Mozambique,4978,"['9e5b338c-e250-42a0-afae-2ad2c2c79ceb', 'fac282de-1ac3-4b86-ae7a-bee6653950c0']",18,,,,,,,,,,,,,,,,Mozambique,4978,00:45:18.493,Carry,
,,,,,"[60.9, 14.2]",,,,,,,,,,,,0.239998,,,,,,,,,,,,,,,bdf10690-c289-453c-b64d-d0db1dff7f08,1303,,"[60.9, 14.2]",3920410,45,,,,,,,,,,,,,,,,,,,,,,,,,1,From Throw In,Feliciano João Jone,129475.0,Left Defensive Midfield,74,Mozambique,4978,"['cd2f3076-05b9-4857-822f-fbdfc529ae4c', 'd2dcdf3e-3c9a-4193-8c41-ca33e5b15756']",23,,,,,,,,,,,,,,,,Mozambique,4978,00:45:23.373,Carry,
,,,,,"[49.3, 26.2]",,,,,,,,,,,,1.28,,,,,,,,,,,,,,,5c9ad97f-1cf5-4a14-96f9-4c14688048a4,1306,,"[49.8, 25.7]",3920410,45,,,,,,,,,,,,,,,,,,,,,,,,,1,From Throw In,Reinildo Isnard Mandava,10848.0,Left Center Back,74,Mozambique,4978,"['1f36ec25-7c4d-420c-b2a1-ec0edefeb633', '99c96c55-5d74-43be-a830-69dcb7404843']",24,,,,,,,,,,,,,,,,Mozambique,4978,00:45:24.853,Carry,
,,,,,"[55.9, 44.9]",,,,,,,,,,,,0.051457003,,,,,,,,,,,,,,,77fcbeda-029e-40f3-b521-b1fa07ddb140,1310,,"[55.6, 45.3]",3920410,45,,,,,,,,,,,,,,,,,,,,,,,,,1,From Throw In,Ricardo Martins Guimarães,29482.0,Center Attacking Midfield,74,Mozambique,4978,"['2060f77d-acff-4144-846c-0f89694e0148', 'b3f5da63-ba58-40da-ae80-d7d3005e28de', '135cf175-b1cd-4149-80b9-30880e848946']",27,,,,,,,,,,,,,,,,Mozambique,4978,00:45:27.653,Carry,True
,,,,,"[40.9, 57.9]",,,,,,,,,,,,0.957319,,,,,,,,,,,,,,,dc48a128-be75-46e2-ad95-68415f0c4d0d,1313,,"[40.9, 57.5]",3920410,45,,,,,,,,,,,,,,,,,,,,,,,,,1,From Throw In,Edson André Sitoe,3250.0,Right Center Back,74,Mozambique,4978,"['be6d7d47-7991-4962-a1f7-da177ad5442b', 'f68b4d9f-0fe3-4598-957d-0c7781de9d56']",28,,,,,,,,,,,,,,,,Mozambique,4978,00:45:28.985,Carry,
,,,,,"[56.7, 74.0]",,,,,,,,,,,,3.130196,,,,,,,,,,,,,,,c99561e3-0edc-48ca-89a8-49f4473da32f,1316,,"[61.3, 74.2]",3920410,45,,,,,,,,,,,,,,,,,,,,,,,,,1,From Throw In,Infren David da Conceição Matola,417067.0,Right Back,74,Mozambique,4978,"['398f7ebc-c571-4a39-b19f-5d26dfc3bd42', 'ecbd6c4b-57fd-4286-ac34-aed206018df5', '8e780ec3-de86-4be1-b7dd-abf7f3ef1218']",31,,,,,,,,,,,,,,,,Mozambique,4978,00:45:31.982,Carry,True
,,,,,"[38.0, 67.0]",,,,,,,,,,,,0.759996,,,,,,,,,,,,,,,442e6b9d-ace8-4378-bd79-9da361d14993,1320,,"[40.9, 67.5]",3920410,45,,,,,,,,,,,,,,,,,,,,,,,,,1,From Throw In,Edson André Sitoe,3250.0,Right Center Back,74,Mozambique,4978,"['1dbd1efa-6b1e-45fc-aebe-04cce6cf8286', 'a9f97fdd-ef42-432c-919f-c3474073a743']",37,,,,,,,,,,,,,,,,Mozambique,4978,00:45:37.112,Carry,
,,,,,"[40.0, 22.5]",,,,,,,,,,,,1.599996,,,,,,,,,,,,,,,c7d52718-4932-4b28-9131-c4dd33bfd8fe,1323,,"[36.3, 23.3]",3920410,45,,,,,,,,,,,,,,,,,,,,,,,,,1,From Throw In,Reinildo Isnard Mandava,10848.0,Left Center Back,74,Mozambique,4978,"['2243d6f1-a0c4-4dd2-b8f5-9b2fb13418ef', '7572ba63-bf31-4eb0-9c68-155c38d7ea12']",40,,,,,,,,,,,,,,,,Mozambique,4978,00:45:40.312,Carry,
,,,,,"[55.4, 21.2]",,,,,,,,,,,,1.0,,,,,,,,,,,,,,,9987589a-3815-437b-881b-16a8e75d8898,1326,,"[61.9, 19.9]",3920410,45,,,,,,,,,,,,,,,,,,,,,,,,,1,From Throw In,Alfons Amade,23706.0,Right Defensive Midfield,74,Mozambique,4978,"['105d14a2-a51a-45f8-b891-0512f8edb275', '0c760528-f412-4a59-9464-27e9e9a1dc17', 'c2ea4833-24e7-4632-b762-7ce040750837']",43,,,,,,,,,,,,,,,,Mozambique,4978,00:45:43.112,Carry,True
,,,,,"[54.6, 34.2]",,,,,,,,,,,,1.399998,,,,,,,,,,,,,,,f9fae789-db08-4afa-b942-35536f4d7fde,1330,,"[54.6, 37.7]",3920410,45,,,,,,,,,,,,,,,,,,,,,,,,,1,From Throw In,Feliciano João Jone,129475.0,Left Defensive Midfield,74,Mozambique,4978,"['283e9760-4c43-4b47-82dd-09f075909926', '864b207a-45cc-4056-9d44-a43fc7b6aa73']",45,,,,,,,,,,,,,,,,Mozambique,4978,00:45:45.752,Carry,
,,,,,"[77.6, 13.6]",,,,,,,,,,,,1.439996,,,,,,,,,,,,,,,c005cd14-412e-4c8d-8531-6df684f629b8,1333,,"[70.6, 21.2]",3920410,45,,,,,,,,,,,,,,,,,,,,,,,,,1,From Throw In,Witiness Chimoio João Quembo,10865.0,Left Wing,74,Mozambique,4978,"['8a2ef88b-90a8-4b68-8eeb-9e86fb11d07b', '24d74bde-5c13-493d-aeff-7da36d6e6dd0', '1a2e3b62-d4ae-448c-bef7-fd4683bfa0b3']",48,,,,,,,,,,,,,,,,Mozambique,4978,00:45:48.632,Carry,True
,,,,,"[87.4, 3.6]",,,,,,,,,,,,1.654853,,,,,,,,,,,,,,,92d929ef-6aca-4995-bc34-de81f5d95259,1337,,"[84.6, 0.7]",3920410,45,,,,,,,,,,,,,,,,,,,,,,,,,1,From Throw In,Bruno Alberto Langa,106070.0,Left Back,74,Mozambique,4978,"['36f05a8d-f3bd-46dd-b29c-c775065b9146', '52c4f8aa-f72f-44cc-8187-83ab87a5a125']",51,,,,,,,,,,,,,,,,Mozambique,4978,00:45:51.352,Carry,
,,,,,"[35.3, 56.1]",,,,,,,,,,,,0.586113,,,,,,,,,,,,,,,c2c8bb50-9ae5-432c-9219-adc7bc872c43,1343,,"[34.7, 56.1]",3920410,45,,,,,,,,,,,,,,,,,,,,,,,,,1,Regular Play,Joseph Paintsil,16546.0,Right Wing,75,Ghana,4885,"['9e649d17-d9c6-4a11-837c-e1d8891586b6', '9d1d0ee0-727d-415d-9d08-2c67132fb4b5', 'b18a4ec5-25ed-4033-9728-b3f6f62bde0a', 'b34f97dd-436f-4dfc-8034-f5252b48a4d3']",56,,,,,,,,,,,,,,,,Ghana,4885,00:45:56.219,Carry,True
,,,,,"[55.8, 53.5]",,,,,,,,,,,,3.361192,,,,,,,,,,,,,,,061d61ef-52f7-4623-bca6-16098eb45b4c,1346,,"[35.3, 56.1]",3920410,45,,,,,,,,,,,,,,,,,,,,,,,,,1,Regular Play,Joseph Paintsil,16546.0,Right Wing,75,Ghana,4885,"['9e649d17-d9c6-4a11-837c-e1d8891586b6', '367a3e0d-ff90-4ad4-b97b-ee6f768477b4', 'b18a4ec5-25ed-4033-9728-b3f6f62bde0a']",56,,,,,,,,,,,,,,,,Ghana,4885,00:45:56.805,Carry,True
,,,,,"[37.2, 74.9]",,,,,,,,,,,,1.319997,,,,,,,,,,,,,,,37e18628-e7ab-420c-8cf9-d12b206a7759,1356,,"[36.3, 75.3]",3920410,46,,,,,,,,,,,,,,,,,,,,,,,,,1,From Free Kick,Infren David da Conceição Matola,417067.0,Right Back,76,Mozambique,4978,"['6f2e1787-7335-4081-929b-226c4cfb4bb0', 'b9b2d42d-ef67-4759-a240-922c1f9375b2']",19,,,,,,,,,,,,,,,,Mozambique,4978,00:46:19.545,Carry,
,,,,,"[54.3, 64.2]",,,,,,,,,,,,4.116304,,,,,,,,,,,,,,,33334ff7-5c72-48a5-aa86-99ba4f2c19a3,1359,,"[43.9, 67.5]",3920410,46,,,,,,,,,,,,,,,,,,,,,,,,,1,From Free Kick,Ricardo Martins Guimarães,29482.0,Center Attacking Midfield,76,Mozambique,4978,"['d2f45aaa-051b-4ee6-8dbc-086b4a1fca14', '35b1b050-3c2c-4135-99fa-6138d6da4576']",22,,,,,,,,,,,,,,,,Mozambique,4978,00:46:22.065,Carry,
,,,,,"[90.6, 72.5]",,,,,,,,,,,,5.04,,,,,,,,,,,,,,,f9d31496-2e3e-46c8-9a1d-658b194b72d2,1362,,"[68.0, 73.1]",3920410,46,,,,,,,,,,,,,,,,,,,,,,,,,1,From Free Kick,Infren David da Conceição Matola,417067.0,Right Back,76,Mozambique,4978,"['7d726f2d-21ef-44e7-b238-db88f1f4ed71', 'cd61560f-fc90-4c70-89f3-47f7da8f4271', '4a170b3e-20a6-4d2e-8517-ddd17c30c775']",27,,,,,,,,,,,,,,,,Mozambique,4978,00:46:27.741,Carry,True
,,,,,"[86.3, 62.9]",,,,,,,,,,,,0.77391,,,,,,,,,,,,,,,ba11d7cf-0eed-48b7-85ee-97816bff80dc,1368,,"[86.5, 62.9]",3920410,46,,,,,,,,,,,,,,,,,,,,,,,,,1,From Free Kick,Geny Cipriano Catamo,127300.0,Right Wing,76,Mozambique,4978,"['65217d9a-d8d7-46b8-8116-8eeb686e604e', '7fda7941-9da0-489f-bd9a-8cf044fb5617', '0f5655c7-826c-4030-9f31-f26e0d18e1f5']",35,,,,,,,,,,,,,,,,Mozambique,4978,00:46:35.070,Carry,True
,,,,,"[49.0, 21.1]",,,,,,,,,,,,6.351971,,,,,,,,,,,,,,,741e250b-73a4-4140-a0be-8f7678eb4006,1372,,"[33.8, 17.2]",3920410,46,,,,,,,,,,,,,,,,,,,,,,,,,1,Regular Play,Mohammed Kudus,17033.0,Center Attacking Midfield,77,Ghana,4885,"['d13a0afb-7915-45fb-bb9e-bc6050f5eedf', '4102b6a5-2846-4c84-9a68-ba55efdc8172', '57f5753e-896a-44ec-99f2-a8376f7c0520']",35,,,,,,,,,,,,,,,,Ghana,4885,00:46:35.844,Carry,True
,,,,,"[41.8, 21.8]",,,,,,,,,,,,1.285644,,,,,,,,,,,,,,,ddd7bb1e-45f8-44ad-a39a-240b898b6b57,1377,,"[41.6, 22.2]",3920410,46,,,,,,,,,,,,,,,,,,,,,,,,,1,Regular Play,Mohammed Kudus,17033.0,Center Attacking Midfield,77,Ghana,4885,"['d3b7c631-a5c3-42d1-969f-9193d908e46a', '01787685-33d7-414f-84d2-a90c77bd7c74']",43,,,,,,,,,,,,,,,,Ghana,4885,00:46:43.716,Carry,
,,,,,"[25.8, 17.0]",,,,,,,,,,,,7.676102,,,,,,,,,,,,,,,2dbc724c-cbb4-4b7b-9bc6-a64e4599f927,1384,,"[12.6, 25.4]",3920410,48,,,,,,,,,,,,,,,,,,,,,,,,,1,From Throw In,Mohamed Salisu,30519.0,Left Center Back,78,Mozambique,4978,"['f071f575-3d3f-4a67-abf7-b9f905e392e5', 'a6cae4c3-61de-4c13-92b1-e0f704f92e17']",17,,,,,,,,,,,,,,,,Ghana,4885,00:48:17.392,Carry,
,,,,,"[51.7, 35.7]",,,,,,,,,,,,0.879998,,,,,,,,,,,,,,,203b0533-ebc0-4d97-aa0b-701f23a60adc,1392,,"[46.3, 37.0]",3920410,48,,,,,,,,,,,,,,,,,,,,,,,,,1,From Throw In,Alfons Amade,23706.0,Right Defensive Midfield,78,Mozambique,4978,"['2b97a924-6443-421d-b0be-e80af1b1d6fa', '02a101ad-87ac-43cd-a031-051b3245f032', 'd845fc90-c746-4573-877a-471026fac9ef']",31,,,,,,,,,,,,,,,,Mozambique,4978,00:48:31.884,Carry,True
,,,,,"[67.5, 50.2]",,,,,,,,,,,,1.4559,,,,,,,,,,,,,,,6df14e7e-ed84-4dd3-a186-a90a9f50ceb0,1401,,"[67.1, 46.8]",3920410,48,,,,,,,,,,,,,,,,,,,,,,,,,1,From Counter,Iddrisu Baba Mohammed,24087.0,Right Defensive Midfield,79,Ghana,4885,"['81978a51-7a4b-4ae4-9f8c-f3573cc28a55', 'a0f6de4b-cc9c-4718-9012-ffaae656845f', '97173877-9a75-4d11-beb2-3c9c8f6b7776']",36,,,,,,,,,,,,,,,,Ghana,4885,00:48:36.217,Carry,True
,,,,,"[90.5, 45.2]",,,,,,,,,,,,2.719747,,,,,,,,,,,,,,,1f3d92c9-5552-4566-a06a-5e64f6b12366,1405,,"[78.2, 48.9]",3920410,48,,,,,,,,,,,,,,,,,,,,,,,,,1,From Counter,Mohammed Kudus,17033.0,Center Attacking Midfield,79,Ghana,4885,"['ef22d437-d459-449f-98ea-1ee43cc0c461', '549006ce-48bc-4317-b8a8-3feb23924dc2']",38,,,,,,,,,,,,,,,,Ghana,4885,00:48:38.983,Carry,
,,,,,"[32.6, 72.3]",,,,,,,,,,,,1.299203,,,,,,,,,,,,,,,2e5a9578-35f3-4db1-b46d-e803e5422cfc,1413,,"[32.6, 71.6]",3920410,49,,,,,,,,,,,,,,,,,,,,,,,,,1,From Goal Kick,Infren David da Conceição Matola,417067.0,Right Back,80,Mozambique,4978,"['81415295-8c1b-4ded-9833-0d9ce0518bd7', '1cbb053c-b9ac-4d27-bfa4-4dafba249b97']",7,,,,,,,,,,,,,,,,Mozambique,4978,00:49:07.935,Carry,
,,,,,"[31.7, 62.3]",,,,,,,,,,,,1.239999,,,,,,,,,,,,,,,739d45eb-98bd-4c39-9669-c89942fc2774,1416,,"[31.7, 62.5]",3920410,49,,,,,,,,,,,,,,,,,,,,,,,,,1,From Goal Kick,Edson André Sitoe,3250.0,Right Center Back,80,Mozambique,4978,"['aabed8ff-73f4-4a0c-bba5-c0d6b3252396', '66f809c6-8a4c-4225-a7bd-201d8c97729b']",10,,,,,,,,,,,,,,,,Mozambique,4978,00:49:10.834,Carry,
,,,,,"[33.7, 24.2]",,,,,,,,,,,,1.32,,,,,,,,,,,,,,,9ebd53f8-75ee-4b9a-bc4f-9842f06e51c1,1419,,"[33.9, 24.4]",3920410,49,,,,,,,,,,,,,,,,,,,,,,,,,1,From Goal Kick,Reinildo Isnard Mandava,10848.0,Left Center Back,80,Mozambique,4978,"['658f45eb-38a9-4c38-bbd7-b8267b40962f', '3e6e8c58-4d72-4afd-b3e0-39373f8621a3']",13,,,,,,,,,,,,,,,,Mozambique,4978,00:49:13.754,Carry,
,,,,,"[64.2, 61.8]",,,,,,,,,,,,1.698745,,,,,,,,,,,,,,,6565572e-47ac-4a72-8dd0-bb9f968c7ae8,1423,,"[71.0, 56.5]",3920410,49,,,,,,,,,,,,,,,,,,,,,,,,,1,Regular Play,Antoine Semenyo,9286.0,Center Forward,81,Ghana,4885,"['49a2052b-35a1-47ef-a7d1-90625a636f17', '91dc3171-75c1-4d26-aa97-a3df47bce464', 'a34483ed-50ed-412d-b924-05972418c5fa']",16,,,,,,,,,,,,,,,,Ghana,4885,00:49:16.267,Carry,True
,,,,,"[63.8, 71.3]",,,,,,,,,,,,1.043484,,,,,,,,,,,,,,,e0bf4cd3-955f-47c5-bd23-a8aab84df078,1427,,"[64.2, 71.5]",3920410,49,,,,,,,,,,,,,,,,,,,,,,,,,1,Regular Play,Joseph Paintsil,16546.0,Right Wing,81,Ghana,4885,"['c4d00550-4c7d-48a6-ac48-9b952779abc6', '9c92506e-2ead-4299-a6cb-8fe09cea9eef']",18,,,,,,,,,,,,,,,,Ghana,4885,00:49:18.681,Carry,
,,,,,"[61.8, 73.3]",,,,,,,,,,,,1.496912,,,,,,,,,,,,,,,5f74caf7-5472-43f1-8ed9-5bdd047c9271,1432,,"[62.9, 73.1]",3920410,49,,,,,,,,,,,,,,,,,,,,,,,,,1,Regular Play,Joseph Paintsil,16546.0,Right Wing,81,Ghana,4885,"['97e2e854-9102-4fe9-9486-e3bb5b2e83ee', 'a6824796-6c63-4295-ac25-bd463c05c5f3']",21,,,,,,,,,,,,,,,,Ghana,4885,00:49:21.024,Carry,
,,,,,"[58.4, 70.2]",,,,,,,,,,,,2.452116,,,,,,,,,,,,,,,e399748b-6902-4bef-aa73-67e175f2a995,1435,,"[59.0, 65.0]",3920410,49,,,,,,,,,,,,,,,,,,,,,,,,,1,Regular Play,Iddrisu Baba Mohammed,24087.0,Right Defensive Midfield,81,Ghana,4885,"['41282c44-1496-4a6a-98bc-fc8087c874e4', '5cc3a609-8a5f-4583-8451-3e7093802505', '6152d1a6-33b8-4b8e-9dd4-d60ba53e638f']",23,,,,,,,,,,,,,,,,Ghana,4885,00:49:23.320,Carry,True
,,,,,"[67.1, 76.1]",,,,,,,,,,,,1.619912,,,,,,,,,,,,,,,7ee1c846-76e7-48b8-bb63-97821ac8caa2,1439,,"[66.6, 76.1]",3920410,49,,,,,,,,,,,,,,,,,,,,,,,,,1,Regular Play,Denis Odoi,12259.0,Right Back,81,Ghana,4885,"['1a9fffb7-247c-4e87-ba4e-484f8a6aa3c9', 'b6afeed2-482f-48f1-ac75-9f360cc47745']",27,,,,,,,,,,,,,,,,Ghana,4885,00:49:27.005,Carry,
,,,,,"[65.3, 48.1]",,,,,,,,,,,,0.857253,,,,,,,,,,,,,,,b8717ca3-7932-4dd2-8454-2c1c5844a721,1442,,"[66.6, 53.5]",3920410,49,,,,,,,,,,,,,,,,,,,,,,,,,1,Regular Play,Salis Abdul Samed,31029.0,Left Defensive Midfield,81,Ghana,4885,"['43d4b67e-cc88-4fe3-9770-15b33cf2912f', '24dd48fe-4e3d-4651-97fa-63871d263503']",30,,,,,,,,,,,,,,,,Ghana,4885,00:49:30.709,Carry,
,,,,,"[91.2, 13.1]",,,,,,,,,,,,3.064987,,,,,,,,,,,,,,,f4d17216-b77e-40dc-9361-f4435e4483bb,1445,,"[71.2, 7.6]",3920410,49,,,,,,,,,,,,,,,,,,,,,,,,,1,Regular Play,Gideon Mensah,23615.0,Left Back,81,Ghana,4885,"['2cc1c0be-eb64-4fa5-a336-06a774864a5f', '6225234c-0740-4996-91d5-891e734762ec']",34,,,,,,,,,,,,,,,,Ghana,4885,00:49:34.339,Carry,
,,,,,"[105.8, 5.9]",,,,,,,,,,,,1.287799,,,,,,,,,,,,,,,611c1f91-3ca5-45c8-beed-61f9ae85fb25,1448,,"[105.8, 5.9]",3920410,49,,,,,,,,,,,,,,,,,,,,,,,,,1,Regular Play,Jordan Ayew,3450.0,Left Wing,81,Ghana,4885,"['e1b24ea2-6a6c-423a-bfa6-c02c87523bbf', 'f740b69c-98a7-495a-8a40-1a402416e840']",38,,,,,,,,,,,,,,,,Ghana,4885,00:49:38.763,Carry,
,,,,,"[99.7, 6.3]",,,,,,,,,,,,0.5876,,,,,,,,,,,,,,,030158e2-15c0-4c86-bc45-4ddc2af16012,1451,,"[94.2, 6.3]",3920410,49,,,,,,,,,,,,,,,,,,,,,,,,,1,Regular Play,Gideon Mensah,23615.0,Left Back,81,Ghana,4885,"['7cda6c02-517d-4f8d-a98f-90ad530d5771', '3a75296c-f224-4de2-a4d2-f73b167b484c']",41,,,,,,,,,,,,,,,,Ghana,4885,00:49:41.311,Carry,
,,,,,"[106.6, 6.3]",,,,,,,,,,,,0.471093,,,,,,,,,,,,,,,209c3758-ef40-4074-bac1-2347e620be22,1454,,"[106.6, 6.3]",3920410,49,,,,,,,,,,,,,,,,,,,,,,,,,1,Regular Play,Jordan Ayew,3450.0,Left Wing,81,Ghana,4885,"['ea984dc9-2ba9-4c3e-872f-7530d90349b1', '9c69115d-120b-4633-8570-6f8a7bbfa4d2']",42,,,,,,,,,,,,,,,,Ghana,4885,00:49:42.808,Carry,
,,,,,"[113.8, 13.3]",,,,,,,,,,,,0.654682,,,,,,,,,,,,,,,008f57bc-eb6d-4e79-9ccd-79deb3bd6ce8,1457,,"[112.5, 11.7]",3920410,49,,,,,,,,,,,,,,,,,,,,,,,,,1,Regular Play,Gideon Mensah,23615.0,Left Back,81,Ghana,4885,"['ccac6f30-51f3-460a-af18-334fbe2762d2', '36fa8667-80db-44af-8969-29f926ec2997']",44,,,,,,,,,,,,,,,,Ghana,4885,00:49:44.648,Carry,
,,,,,"[47.8, 33.5]",,,,,,,,,,,,0.94591,,,,,,,,,,,,,,,2be7c7a7-491e-46e3-a594-888d22bcb0ca,1471,,"[47.8, 33.7]",3920410,45,,,,,,,,,,,,,,,,,,,,,,,,,2,From Kick Off,Salis Abdul Samed,31029.0,Left Defensive Midfield,82,Ghana,4885,"['85c0b439-f673-442a-a3e3-1b2e772c5adf', '040cb8e7-4f52-4356-b97f-39f40ec67e24']",2,,,,,,,,,,,,,,,,Ghana,4885,00:00:02.421,Carry,
,,,,,"[42.4, 73.1]",,,,,,,,,,,,1.16398,,,,,,,,,,,,,,,bdb3b37f-5161-40ef-b783-d2abafd93cfe,1479,,"[40.0, 69.0]",3920410,45,,,,,,,,,,,,,,,,,,,,,,,,,2,From Kick Off,Denis Odoi,12259.0,Right Back,82,Ghana,4885,"['5158e929-b36f-455e-a740-da5d87cfb62e', 'f2ba44fd-a967-4d73-8e07-47acda268892']",7,,,,,,,,,,,,,,,,Ghana,4885,00:00:07.050,Carry,
,,,,,"[91.5, 76.6]",,,,,,,,,,,,1.071029,,,,,,,,,,,,,,,4cdf6217-9492-4150-a1d4-30084797a4f1,1483,,"[91.3, 72.9]",3920410,45,,,,,,,,,,,,,,,,,,,,,,,,,2,From Kick Off,André Ayew Pelé,3347.0,Center Forward,82,Ghana,4885,"['94801758-8e83-4fb8-9b22-cd7f9a01562d', '29ea320d-1b7d-4dd3-936a-b08ae981d6d3', '378bf94a-29b0-4d02-aa76-0038f93e1fe4']",11,,,,,,,,,,,,,,,,Ghana,4885,00:00:11.277,Carry,True
,,,,,"[85.0, 67.9]",,,,,,,,,,,,1.856907,,,,,,,,,,,,,,,1fd8a32a-80d9-4964-ae61-0944dd649851,1486,,"[84.2, 69.3]",3920410,45,,,,,,,,,,,,,,,,,,,,,,,,,2,From Kick Off,Mohammed Kudus,17033.0,Center Attacking Midfield,82,Ghana,4885,"['d88e2f26-726a-469d-ac6a-c29b4b64fff4', '78b7b20c-607f-40e7-8508-bf363480bb45']",13,,,,,,,,,,,,,,,,Ghana,4885,00:00:13.208,Carry,
,,,,,"[84.4, 42.5]",,,,,,,,,,,,1.417534,,,,,,,,,,,,,,,33c8308b-207a-413d-aba8-c3bf1af8002f,1489,,"[84.4, 37.5]",3920410,45,,,,,,,,,,,,,,,,,,,,,,,,,2,From Kick Off,Jordan Ayew,3450.0,Left Wing,82,Ghana,4885,"['89402370-7c25-43a2-8974-3c4223bc8462', 'fe8b869d-99ed-4b44-a9d6-e6bd138159f6']",16,,,,,,,,,,,,,,,,Ghana,4885,00:00:16.812,Carry,
,,,,,"[99.4, 39.7]",,,,,,,,,,,,0.751883,,,,,,,,,,,,,,,a5e8036e-1124-439f-818b-4c5b9545433e,1495,,"[98.9, 43.5]",3920410,45,,,,,,,,,,,,,,,,,,,,,,,,,2,From Kick Off,Mohammed Kudus,17033.0,Center Attacking Midfield,82,Ghana,4885,"['4776c825-9775-428d-9c60-ba160c65e176', 'b3649b4a-d179-44a6-b97a-b6237e2920ac', 'f5df13f4-f6c4-4490-84a2-1b7e75614473']",19,,,,,,,,,,,,,,,,Ghana,4885,00:00:19.471,Carry,True
,,,,,"[39.0, 54.7]",,,,,,,,,,,,0.972113,,,,,,,,,,,,,,,d5edf1a3-b630-4de0-abd5-ef87403f5cbe,1500,,"[35.7, 55.3]",3920410,45,,,,,,,,,,,,,,,,,,,,,,,,,2,Regular Play,Ricardo Martins Guimarães,29482.0,Center Attacking Midfield,83,Mozambique,4978,"['2f274a68-0980-4f64-8854-e152a6595469', '35220196-a3c9-41a2-9668-582a52647fec', 'eb0f908b-6fcd-4c58-bbf3-0da07ac5c60e']",23,,,,,,,,,,,,,,,,Mozambique,4978,00:00:23.652,Carry,True
,,,,,"[84.2, 13.6]",,,,,,,,,,,,3.715794,,,,,,,,,,,,,,,9ec19254-e710-432c-9733-96b607465d3f,1512,,"[95.8, 11.8]",3920410,46,,,,,,,,,,,,,,,,,,,,,,,,,2,From Free Kick,Alfons Amade,23706.0,Right Defensive Midfield,85,Mozambique,4978,"['913269f9-82d9-4026-98d2-a499976e6b89', '9a2cfce2-2358-4a09-a3af-545399a791fd', 'af4d5c75-1ba8-4295-a309-f1ef8271c2e3']",23,,,,,,,,,,,,,,,,Mozambique,4978,00:01:23.466,Carry,True
,,,,,"[70.9, 11.6]",,,,,,,,,,,,0.040000003,,,,,,,,,,,,,,,76a08d1b-969e-4b45-b956-ec7309e9155e,1517,,"[70.9, 11.6]",3920410,46,,,,,,,,,,,,,,,,,,,,,,,,,2,From Free Kick,Reinildo Isnard Mandava,10848.0,Left Center Back,85,Mozambique,4978,"['6f7af7f8-b1ea-4f4a-bfc9-e1e0744ab92f', 'e124ca9b-44de-4b83-bda3-b2f094c58a0f']",28,,,,,,,,,,,,,,,,Mozambique,4978,00:01:28.592,Carry,
,,,,,"[2.1, 69.0]",,,,,,,,,,,,1.625588,,,,,,,,,,,,,,,6a0dd12f-46ab-4bcf-bb85-cbe82629afe9,1527,,"[8.8, 67.1]",3920410,46,,,,,,,,,,,,,,,,,,,,,,,,,2,From Free Kick,Salis Abdul Samed,31029.0,Left Defensive Midfield,85,Mozambique,4978,"['e1be8373-b9a5-4faa-8443-dbc9db3dfd30', '2cb1a5cc-f9a4-4092-98bd-b65dd568b098', '9588163a-8653-4842-ad83-ddd64eebe7dd']",34,,,,,,,,,,,,,,,,Ghana,4885,00:01:34.623,Carry,True
,,,,,"[91.8, 29.2]",,,,,,,,,,,,1.450184,,,,,,,,,,,,,,,f3acac53-8f1c-4458-b354-7e34e8b0549c,1536,,"[99.2, 31.3]",3920410,46,,,,,,,,,,,,,,,,,,,,,,,,,2,From Throw In,Witiness Chimoio João Quembo,10865.0,Left Wing,86,Mozambique,4978,"['0c2106cb-7748-4e8c-a146-a276e31bfbd2', 'd0f46819-b540-4c3e-84c5-a38522f15f38']",49,,,,,,,,,,,,,,,,Mozambique,4978,00:01:49.402,Carry,
,,,,,"[84.7, 62.0]",,,,,,,,,,,,0.04,,,,,,,,,,,,,,,bc4706c2-ba36-4a0d-9840-2f43ed6e4720,1539,,"[84.7, 62.0]",3920410,46,,,,,,,,,,,,,,,,,,,,,,,,,2,From Throw In,Infren David da Conceição Matola,417067.0,Right Back,86,Mozambique,4978,"['2f429db7-71a0-4a94-8f50-121b6e3de2d1', '06d7ad11-b71d-4ecc-8090-b98f7d4ca227']",53,,,,,,,,,,,,,,,,Mozambique,4978,00:01:53.704,Carry,
,,,,,"[92.0, 66.3]",,,,,,,,,,,,2.566804,,,,,,,,,,,,,,,af7796e1-8845-465f-9285-1e2c0e930682,1542,,"[92.0, 72.4]",3920410,46,,,,,,,,,,,,,,,,,,,,,,,,,2,From Throw In,Geny Cipriano Catamo,127300.0,Right Wing,86,Mozambique,4978,"['00e71d6d-43ae-4dcb-9532-892924683c5f', 'bf07304c-e0aa-4dcd-a013-afa5f36f1f6c']",54,,,,,,,,,,,,,,,,Mozambique,4978,00:01:54.725,Carry,
,,,,,"[111.9, 56.5]",,,,,,,,,,,,0.755442,,,,,,,,,,,,,,,52240e20-aeb9-43c8-a26e-981a621e2d8d,1545,,"[110.5, 57.9]",3920410,46,,,,,,,,,,,,,,,,,,,,,,,,,2,From Throw In,Ricardo Martins Guimarães,29482.0,Center Attacking Midfield,86,Mozambique,4978,"['d120638f-f797-49b3-afcf-56acf8b2ac04', '9ce119e4-5b4f-4012-880f-73f2bfdb8b73', '5107fe60-f62b-457b-92db-935e567233ee']",58,,,,,,,,,,,,,,,,Mozambique,4978,00:01:58.541,Carry,True
,,,,,"[115.9, 56.2]",,,,,,,,,,,,2.272755,,,,,,,,,,,,,,,3854db63-b512-4162-81fd-23010a09001c,1550,,"[114.3, 58.1]",3920410,47,,,,,,,,,,,,,,,,,,,,,,,,,2,From Throw In,Ricardo Martins Guimarães,29482.0,Center Attacking Midfield,86,Mozambique,4978,"['d120638f-f797-49b3-afcf-56acf8b2ac04', 'a49f7bf2-204e-473e-9446-c0dfc4ab79b7', 'e4e47812-ed30-4ca0-aaa8-7874dd510259']",0,,,,,,,,,,,,,,,,Mozambique,4978,00:02:00.025,Carry,True
,,,,,"[103.4, 13.2]",,,,,,,,,,,,1.511679,,,,,,,,,,,,,,,5a37f945-4481-4168-9a3e-864a7e534cdb,1559,,"[104.1, 12.0]",3920410,47,,,,,,,,,,,,,,,,,,,,,,,,,2,From Throw In,Witiness Chimoio João Quembo,10865.0,Left Wing,86,Mozambique,4978,"['cfe37044-b1e8-4b20-b047-d8cbf3170b31', '4b2c78c2-e71a-485a-8ddb-e502b0e14b85']",9,,,,,,,,,,,,,,,,Mozambique,4978,00:02:09.419,Carry,
,,,,,"[57.7, 70.4]",,,,,,,,,,,,1.797897,,,,,,,,,,,,,,,6e9f1b7a-06e4-45fe-9df9-bff1ee528972,1573,,"[57.3, 70.1]",3920410,47,,,,,,,,,,,,,,,,,,,,,,,,,2,From Goal Kick,André Ayew Pelé,3347.0,Center Forward,87,Ghana,4885,"['796863d5-6fa4-4194-8752-97bb46210074', '488dd97b-7562-4d28-bb30-1fa166343ff7', '02efc4e2-b24a-4887-8ec6-3b6bd1b6112d']",56,,,,,,,,,,,,,,,,Ghana,4885,00:02:56.621,Carry,True
,,,,,"[54.3, 76.6]",,,,,,,,,,,,2.305181,,,,,,,,,,,,,,,19398420-0d41-4c30-8b4f-9c822ba31760,1583,,"[64.7, 77.8]",3920410,48,,,,,,,,,,,,,,,,,,,,,,,,,2,From Free Kick,Geny Cipriano Catamo,127300.0,Right Wing,88,Mozambique,4978,"['fbc449e3-680d-4513-bda7-7628b7bef79e', '967fa1d2-6dd4-42c5-af96-b766f006a343', '9cc23e93-1b3c-4479-bd4f-f88bc7961e10', 'b841497a-6d24-4775-bfc3-fdc688041a92']",35,,,,,,,,,,,,,,,,Mozambique,4978,00:03:35.611,Carry,True
,,,,,"[42.4, 8.6]",,,,,,,,,,,,1.053391,,,,,,,,,,,,,,,d01bbca0-d4a6-4706-a5eb-ff3969c4ef11,1592,,"[42.4, 8.6]",3920410,48,,,,,,,,,,,,,,,,,,,,,,,,,2,From Free Kick,Reinildo Isnard Mandava,10848.0,Left Center Back,89,Mozambique,4978,"['a4ee6644-a5bc-436c-b0c8-e5ae7a684141', '39952fad-d0f8-43f6-b743-04fb4c7ed971']",51,,,,,,,,,,,,,,,,Mozambique,4978,00:03:51.557,Carry,
,,,,,"[63.3, 9.4]",,,,,,,,,,,,1.236528,,,,,,,,,,,,,,,6b9cb257-eb84-4eb8-816d-eefd7062a7ce,1595,,"[63.3, 4.6]",3920410,48,,,,,,,,,,,,,,,,,,,,,,,,,2,From Free Kick,Bruno Alberto Langa,106070.0,Left Back,89,Mozambique,4978,"['73bd4027-448f-4a41-930c-cb65f0f21d80', '19fdc638-b8e8-4ad6-a5aa-92d315f3cc1a', '1f9fa9f5-44c6-4b5b-998f-955e29c3309f']",54,,,,,,,,,,,,,,,,Mozambique,4978,00:03:54.001,Carry,True
,,,,,"[110.7, 24.3]",,,,,,,,,,,,1.7255,,,,,,,,,,,,,,,53a72b48-d17b-4243-9057-4a4efd63d60a,1600,,"[108.0, 23.9]",3920410,48,,,,,,,,,,,,,,,,,,,,,,,,,2,From Free Kick,Pachoio Lau Há King,106082.0,Center Forward,89,Mozambique,4978,"['a6562dab-547c-4528-8f91-c344cb41bd45', 'e92d5303-0ba1-4b3b-80ee-5798b9a73037', 'c1ab6cb3-b26b-45bb-b555-674052defef4']",58,,,,,,,,,,,,,,,,Mozambique,4978,00:03:58.517,Carry,True
,,,,,"[84.4, 72.5]",,,,,,,,,,,,2.294815,,,,,,,,,,,,,,,aeca68bd-b31b-4193-94a7-9ff14a2d4131,1628,,"[84.6, 70.4]",3920410,50,,,,,,,,,,,,,,,,,,,,,,,,,2,From Throw In,Iddrisu Baba Mohammed,24087.0,Right Defensive Midfield,93,Ghana,4885,"['8f68dc31-d2d9-4e29-9e68-cdff752d6a14', 'c2215c0b-76bc-4c72-9f76-072535a17108']",49,,,,,,,,,,,,,,,,Ghana,4885,00:05:49.642,Carry,
,,,,,"[72.8, 69.7]",,,,,,,,,,,,2.324264,,,,,,,,,,,,,,,5c837280-705a-465d-a872-eff9df32a999,1641,,"[74.9, 69.0]",3920410,51,,,,,,,,,,,,,,,,,,,,,,,,,2,From Throw In,Alexander Djiku,2989.0,Right Center Back,94,Ghana,4885,"['1f93fb4b-480e-4421-9091-c51db2cfdeb5', '991181aa-067c-4b27-aaef-49d4b49fa232']",10,,,,,,,,,,,,,,,,Ghana,4885,00:06:10.691,Carry,
,,,,,"[56.8, 58.1]",,,,,,,,,,,,0.095112,,,,,,,,,,,,,,,db8724a1-a4c7-4a23-9c91-5776270e094e,1646,,"[56.8, 58.1]",3920410,51,,,,,,,,,,,,,,,,,,,,,,,,,2,From Throw In,Mohamed Salisu,30519.0,Left Center Back,94,Ghana,4885,"['acee7b53-7307-418a-b0cf-2f744a0da2f7', 'f9b015e8-cfe2-4b51-b5b8-177c4bc015cf']",14,,,,,,,,,,,,,,,,Ghana,4885,00:06:14.919,Carry,
,,,,,"[62.1, 75.3]",,,,,,,,,,,,1.005293,,,,,,,,,,,,,,,bc4ed1e7-7013-4467-a272-adf6ef0dac92,1649,,"[63.1, 74.8]",3920410,51,,,,,,,,,,,,,,,,,,,,,,,,,2,From Throw In,Alexander Djiku,2989.0,Right Center Back,94,Ghana,4885,"['90bbc256-d5ce-47d1-af0e-94489ada268d', 'f44440be-48d7-4a93-97c9-e7f1f975102c']",15,,,,,,,,,,,,,,,,Ghana,4885,00:06:15.985,Carry,
,,,,,"[64.9, 68.1]",,,,,,,,,,,,0.039814003,,,,,,,,,,,,,,,794a9048-fe49-4a05-90fe-2cb0f772c66f,1653,,"[64.9, 69.3]",3920410,51,,,,,,,,,,,,,,,,,,,,,,,,,2,From Throw In,Iddrisu Baba Mohammed,24087.0,Right Defensive Midfield,94,Ghana,4885,"['dd80b5e8-f356-4aca-937e-bd33a46b4fef', '264272a0-fdf8-4fdf-8a4a-2317e7a269db', '56f5d465-0a3a-4820-94a3-1dde3c7b4276']",17,,,,,,,,,,,,,,,,Ghana,4885,00:06:17.825,Carry,True
,,,,,"[93.3, 64.4]",,,,,,,,,,,,5.077011,,,,,,,,,,,,,,,6fdad5a6-0e4a-4177-b2b6-6c10b53429b5,1658,,"[79.8, 65.8]",3920410,51,,,,,,,,,,,,,,,,,,,,,,,,,2,From Throw In,Mohammed Kudus,17033.0,Center Attacking Midfield,94,Ghana,4885,"['5e3e2dcb-fddd-41bd-b8c5-22759c47e8c5', 'a371a5d7-a009-4fe2-8752-8c93fed9a39e']",20,,,,,,,,,,,,,,,,Ghana,4885,00:06:20.293,Carry,
,,,,,"[79.4, 40.7]",,,,,,,,,,,,1.221796,,,,,,,,,,,,,,,b25cd84f-ae2d-49da-9823-27cc1a594040,1661,,"[79.7, 47.6]",3920410,51,,,,,,,,,,,,,,,,,,,,,,,,,2,From Throw In,Salis Abdul Samed,31029.0,Left Defensive Midfield,94,Ghana,4885,"['99cb7dfc-3e37-4ac4-bc1c-8af709398022', '97f7aa51-7d30-445a-a11f-96c02b5663fd']",27,,,,,,,,,,,,,,,,Ghana,4885,00:06:27.012,Carry,
,,,,,"[91.9, 9.1]",,,,,,,,,,,,1.565875,,,,,,,,,,,,,,,425dfd73-3bee-40da-b0d2-7ce8fe855153,1664,,"[85.3, 10.0]",3920410,51,,,,,,,,,,,,,,,,,,,,,,,,,2,From Throw In,Gideon Mensah,23615.0,Left Back,94,Ghana,4885,"['b8a532c1-1e18-40c6-81a0-24906bdd74c4', '56efaa4f-b89e-4298-86d8-1826e6985e2a']",30,,,,,,,,,,,,,,,,Ghana,4885,00:06:30.123,Carry,
,,,,,"[105.2, 3.5]",,,,,,,,,,,,2.947298,,,,,,,,,,,,,,,7698095c-058a-4038-a785-f32e25448932,1667,,"[104.5, 9.3]",3920410,51,,,,,,,,,,,,,,,,,,,,,,,,,2,From Throw In,Jordan Ayew,3450.0,Left Wing,94,Ghana,4885,"['b7e0c116-f4c0-4561-ba6b-2c9efba147ac', '152f55a7-d6f5-4987-a419-e719963659cc', '893f5f3e-83c1-4094-8963-a8bafea0413e']",33,,,,,,,,,,,,,,,,Ghana,4885,00:06:33.050,Carry,True
,,,,,"[92.7, 0.9]",,,,,,,,,,,,0.296778,,,,,,,,,,,,,,,55d3c4df-abc4-4308-b002-2b4f84bffde8,1671,,"[92.7, 0.9]",3920410,51,,,,,,,,,,,,,,,,,,,,,,,,,2,From Throw In,Gideon Mensah,23615.0,Left Back,94,Ghana,4885,"['dac3545f-d40e-4f09-8eb7-6e0285fdf885', '7a7352f1-d8c7-4c31-a9f3-edd96406ba0d']",37,,,,,,,,,,,,,,,,Ghana,4885,00:06:37.246,Carry,
,,,,,"[93.9, 10.8]",,,,,,,,,,,,1.253636,,,,,,,,,,,,,,,9d1b2506-6349-4fc0-b3b6-10ae9af7d735,1674,,"[97.9, 11.0]",3920410,51,,,,,,,,,,,,,,,,,,,,,,,,,2,From Throw In,Salis Abdul Samed,31029.0,Left Defensive Midfield,94,Ghana,4885,"['2ed851ad-3b0c-4e12-adfc-0ed93d1dab3a', '15a6adb5-213d-4dbd-925c-fcf74a89d906', '355a0b1e-4a3a-4698-8ef6-133caea68001']",38,,,,,,,,,,,,,,,,Ghana,4885,00:06:38.383,Carry,True
,,,,,"[82.8, 12.9]",,,,,,,,,,,,1.891597,,,,,,,,,,,,,,,92529b63-a599-4b95-8d5a-b94e55af3603,1678,,"[84.9, 5.1]",3920410,51,,,,,,,,,,,,,,,,,,,,,,,,,2,From Throw In,Gideon Mensah,23615.0,Left Back,94,Ghana,4885,"['4f4b6d4b-1400-4658-bedb-ff8f87fc004f', 'b96a074b-2c9c-495b-af33-1393a720783b', '823c11db-4d80-4ab1-9f24-3e048f0333d5']",40,,,,,,,,,,,,,,,,Ghana,4885,00:06:40.842,Carry,True
,,,,,"[76.3, 42.4]",,,,,,,,,,,,2.167261,,,,,,,,,,,,,,,f4f36719-7b1a-410b-a920-a057b5e05772,1682,,"[74.4, 23.0]",3920410,51,,,,,,,,,,,,,,,,,,,,,,,,,2,From Throw In,Iddrisu Baba Mohammed,24087.0,Right Defensive Midfield,94,Ghana,4885,"['0160727d-ec47-4f9c-8d93-07d962dd135b', '0d5cb8f1-8e50-4013-8c34-1bc2ca2b73e7']",43,,,,,,,,,,,,,,,,Ghana,4885,00:06:43.985,Carry,
,,,,,"[85.3, 71.7]",,,,,,,,,,,,0.980776,,,,,,,,,,,,,,,e8946b0b-731f-455d-8e79-a92c5eb83b35,1685,,"[84.2, 67.2]",3920410,51,,,,,,,,,,,,,,,,,,,,,,,,,2,From Throw In,Denis Odoi,12259.0,Right Back,94,Ghana,4885,"['8e96f0fa-2437-4abd-9242-e07d0ac7dec3', '1a77690a-b40a-4ce5-958a-e02bcd194d0b']",48,,,,,,,,,,,,,,,,Ghana,4885,00:06:48.216,Carry,
,,,,,"[91.9, 60.5]",,,,,,,,,,,,4.034418,,,,,,,,,,,,,,,cc22d184-dcb8-41f1-ba26-50dddf1df097,1688,,"[84.2, 65.5]",3920410,51,,,,,,,,,,,,,,,,,,,,,,,,,2,From Throw In,Antoine Semenyo,9286.0,Right Wing,94,Ghana,4885,"['9dafa959-f493-431f-bd97-cd7c565ea4fd', 'a0fe1928-361c-4686-aa0c-a0155f909af9', '27a84c19-587e-4045-8abd-9d9a32ce53ef']",50,,,,,,,,,,,,,,,,Ghana,4885,00:06:50.261,Carry,True
,,,,,"[21.8, 26.5]",,,,,,,,,,,,3.451277,,,,,,,,,,,,,,,faa0629a-075a-445a-8ddf-45c56763a1b6,1700,,"[14.9, 26.2]",3920410,52,,,,,,,,,,,,,,,,,,,,,,,,,2,Regular Play,Reinildo Isnard Mandava,10848.0,Left Center Back,95,Mozambique,4978,"['172122c6-204f-4822-acc6-7e70114fbcc5', '374017ed-6ca9-488c-a79c-bee0b861f50f']",11,,,,,,,,,,,,,,,,Mozambique,4978,00:07:11.372,Carry,
,,,,,"[9.4, 38.9]",,,,,,,,,,,,0.988714,,,,,,,,,,,,,,,9ac27e0c-011c-46b7-b7b5-e0c937662021,1707,,"[8.6, 38.7]",3920410,52,,,,,,,,,,,,,,,,,,,,,,,,,2,Regular Play,Richard Ofori Antwi,68757.0,Goalkeeper,96,Ghana,4885,"['d24fb393-7e71-400c-894e-2335f0b01f88', 'a005193c-e6e8-47b6-bbda-9d13909049be', 'c65d9c1c-60f0-4191-9909-6e09a90b23f2']",22,,,,,,,,,,,,,,,,Ghana,4885,00:07:22.621,Carry,True
,,,,,"[36.6, 23.2]",,,,,,,,,,,,0.014677001,,,,,,,,,,,,,,,68f4f898-2863-4e53-b0ca-d2e07b319d03,1712,,"[35.4, 23.4]",3920410,52,,,,,,,,,,,,,,,,,,,,,,,,,2,Regular Play,Gideon Mensah,23615.0,Left Back,96,Ghana,4885,"['dc3aa08e-b8c0-4392-91ff-004d85457e03', '37fad1ad-f879-4d92-b0e8-fab319c7a260', '365db181-4f45-4b54-8456-90fe1580683c']",24,,,,,,,,,,,,,,,,Ghana,4885,00:07:24.755,Carry,True
,,,,,"[64.3, 33.1]",,,,,,,,,,,,0.08,,,,,,,,,,,,,,,727be578-ceb6-421c-8676-4b1fbee7fd6d,1720,,"[64.8, 34.4]",3920410,52,,,,,,,,,,,,,,,,,,,,,,,,,2,Regular Play,Alfons Amade,23706.0,Right Defensive Midfield,97,Mozambique,4978,"['1acdb7b8-b416-412d-a2b4-58ca02f2b88d', '693ec07d-2a86-474a-99ce-063b04e5d99c', 'c1281b73-889c-47e7-bd4b-0e544399d86f', '7f20bfc5-fdde-49e0-850e-ca1b0824c334']",30,,,,,,,,,,,,,,,,Mozambique,4978,00:07:30.551,Carry,True
,,,,,"[76.9, 70.1]",,,,,,,,,,,,2.007962,,,,,,,,,,,,,,,7e6898e8-444f-47fc-bd60-6adb210b574a,1727,,"[78.1, 66.3]",3920410,52,,,,,,,,,,,,,,,,,,,,,,,,,2,From Free Kick,Geny Cipriano Catamo,127300.0,Right Wing,98,Mozambique,4978,"['9fe83175-0b26-498e-bb18-c147e13b721c', '00b26edb-a957-4db1-be79-f74c626a448d', '5f77a3be-e6ca-4b3d-be9b-7eb35aebbdf3']",39,,,,,,,,,,,,,,,,Mozambique,4978,00:07:39.943,Carry,True
,,,,,"[89.2, 78.0]",,,,,,,,,,,,2.608447,,,,,,,,,,,,,,,fcf7cd56-fcb9-4d56-a2c1-abb34eac55dc,1731,,"[84.7, 77.8]",3920410,52,,,,,,,,,,,,,,,,,,,,,,,,,2,From Free Kick,Infren David da Conceição Matola,417067.0,Right Back,98,Mozambique,4978,"['cef46be0-229d-46b4-b49b-346c7a7fbf7d', 'e550d9c7-1853-4acb-ac1a-1eda4096af6e', '70714887-dc93-4fad-8127-83c6e6a6a68c']",42,,,,,,,,,,,,,,,,Mozambique,4978,00:07:42.809,Carry,True
,,,,,"[84.3, 63.0]",,,,,,,,,,,,2.237392,,,,,,,,,,,,,,,3849b7bd-6c96-4a25-bd2c-892a73f7b6f5,1735,,"[85.3, 74.8]",3920410,52,,,,,,,,,,,,,,,,,,,,,,,,,2,From Free Kick,Geny Cipriano Catamo,127300.0,Right Wing,98,Mozambique,4978,"['335b0a37-85e2-49c3-8a4a-7896393bfb83', '01325373-5a8d-4284-b383-a1b5bb0a08aa', '8713bd0d-8bc5-4c68-a612-7cf92abfc81e']",45,,,,,,,,,,,,,,,,Mozambique,4978,00:07:45.896,Carry,True
,,,,,"[69.5, 40.0]",,,,,,,,,,,,1.253726,,,,,,,,,,,,,,,af47f9b1-9fe0-4bc4-8cdd-a9f7dc712321,1739,,"[72.1, 42.6]",3920410,52,,,,,,,,,,,,,,,,,,,,,,,,,2,From Free Kick,Alfons Amade,23706.0,Right Defensive Midfield,98,Mozambique,4978,"['328655e7-2c9f-4703-89bf-896d62d60451', 'ddb57567-0c7a-4445-9496-f0f40790a931']",49,,,,,,,,,,,,,,,,Mozambique,4978,00:07:49.504,Carry,
,,,,,"[74.9, 17.4]",,,,,,,,,,,,2.943668,,,,,,,,,,,,,,,32685a6e-94c5-489a-b051-56cf8b1404c2,1742,,"[72.3, 18.6]",3920410,52,,,,,,,,,,,,,,,,,,,,,,,,,2,From Free Kick,Reinildo Isnard Mandava,10848.0,Left Center Back,98,Mozambique,4978,"['a5423924-8a44-4b1b-939f-1de002445548', 'a4435dab-ddc5-4f8b-a041-468f8d46c907']",51,,,,,,,,,,,,,,,,Mozambique,4978,00:07:51.764,Carry,
,,,,,"[57.1, 39.4]",,,,,,,,,,,,3.051066,,,,,,,,,,,,,,,af88f2a2-c3b9-487c-a95f-b2e9f1e96278,1745,,"[63.4, 42.4]",3920410,52,,,,,,,,,,,,,,,,,,,,,,,,,2,From Free Kick,Edson André Sitoe,3250.0,Right Center Back,98,Mozambique,4978,"['abc1c7b0-f334-49a7-ba1d-0420d77d5d6e', '351c892c-8ff0-4793-a16f-0541f52d63c2', 'ef025529-dcc9-4f93-af8b-ac13175891e2']",56,,,,,,,,,,,,,,,,Mozambique,4978,00:07:56.434,Carry,True
,,,,,"[99.0, 76.6]",,,,,,,,,,,,3.571501,,,,,,,,,,,,,,,a66bc391-c535-40a8-90f1-587c1f73e601,1753,,"[84.3, 79.4]",3920410,53,,,,,,,,,,,,,,,,,,,,,,,,,2,From Free Kick,Infren David da Conceição Matola,417067.0,Right Back,98,Mozambique,4978,"['562bbedb-8935-4907-8efc-12f87bea8fe5', '314bd747-fcb4-4e5b-8d80-87a2ae15f4c5']",5,,,,,,,,,,,,,,,,Mozambique,4978,00:08:05.509,Carry,
,,,,,"[92.0, 63.4]",,,,,,,,,,,,1.855951,,,,,,,,,,,,,,,3feb2ec1-ffa0-4e40-bafb-977b579d9a20,1756,,"[92.0, 63.5]",3920410,53,,,,,,,,,,,,,,,,,,,,,,,,,2,From Free Kick,Geny Cipriano Catamo,127300.0,Right Wing,98,Mozambique,4978,"['35078bf8-a612-4010-8021-bebd32182302', '5da9428a-1db7-49cf-a4ed-0bb2f3a6e845']",10,,,,,,,,,,,,,,,,Mozambique,4978,00:08:10.135,Carry,
,,,,,"[109.4, 54.8]",,,,,,,,,,,,4.298548,,,,,,,,,,,,,,,1cb9731d-b6bd-4bcc-a658-e20b97f9632f,1761,,"[90.6, 55.4]",3920410,53,,,,,,,,,,,,,,,,,,,,,,,,,2,From Free Kick,Geny Cipriano Catamo,127300.0,Right Wing,98,Mozambique,4978,"['91e56f20-ff0e-4528-9525-018a3b2d762d', 'cdcab42c-b76d-4f6f-bcdc-bd26396404e5', '6c4a3e65-195f-4b54-98b0-31d0a2108683']",13,,,,,,,,,,,,,,,,Mozambique,4978,00:08:13.491,Carry,True
,,,,,"[86.3, 52.8]",,,,,,,,,,,,1.734443,,,,,,,,,,,,,,,83399ad3-8252-4a35-b32a-44d045e64859,1773,,"[79.0, 59.6]",3920410,54,,,,,,,,,,,,,,,,,,,,,,,,,2,From Keeper,Mohammed Kudus,17033.0,Center Attacking Midfield,101,Ghana,4885,"['416fd016-71af-403b-aefd-c8a8934530b8', '7b016443-2023-4f61-b22b-d7be98ca2814', '7b5e678d-5102-42ee-9f5d-d605d622600a']",31,,,,,,,,,,,,,,,,Ghana,4885,00:09:31.464,Carry,True
,,,,,"[86.3, 65.2]",,,,,,,,,,,,2.830736,,,,,,,,,,,,,,,43f03c23-ab63-4cbf-bb6a-db9f3cf37785,1792,,"[72.0, 69.5]",3920410,56,,,,,,,,,,,,,,,,,,,,,,,,,2,Regular Play,Mohammed Kudus,17033.0,Center Attacking Midfield,104,Ghana,4885,"['890edc20-c96d-4b14-a33c-5dbcdfea2f7b', 'a87c65ac-7340-404d-96a6-88d3e797b3f7']",0,,,,,,,,,,,,,,,,Ghana,4885,00:11:00.516,Carry,
,,,,,"[101.1, 70.4]",,,,,,,,,,,,1.2431,,,,,,,,,,,,,,,6f84c927-2a44-4591-8f1b-e3af8eae95ae,1795,,"[97.9, 69.0]",3920410,56,,,,,,,,,,,,,,,,,,,,,,,,,2,Regular Play,Jordan Ayew,3450.0,Left Wing,104,Ghana,4885,"['b754984e-9ca9-4ebb-bfa3-48383af7aa8f', 'f291eb2c-672f-47e5-99fb-047490784eab']",4,,,,,,,,,,,,,,,,Ghana,4885,00:11:04.612,Carry,
,,,,,"[89.6, 74.5]",,,,,,,,,,,,3.682375,,,,,,,,,,,,,,,1915c10b-a9ac-4eee-9651-f4ccdaff2b31,1803,,"[102.1, 75.9]",3920410,56,,,,,,,,,,,,,,,,,,,,,,,,,2,From Throw In,Denis Odoi,12259.0,Right Back,105,Ghana,4885,"['9028c055-54e4-46ab-a8de-8a628062df4e', '73191d8e-f171-48c9-bbc1-51719af80cd3']",36,,,,,,,,,,,,,,,,Ghana,4885,00:11:36.661,Carry,
,,,,,"[64.1, 68.9]",,,,,,,,,,,,0.733277,,,,,,,,,,,,,,,c2121988-2e2e-443c-94cc-ecd406c4dcba,1806,,"[64.5, 70.3]",3920410,56,,,,,,,,,,,,,,,,,,,,,,,,,2,From Throw In,Alexander Djiku,2989.0,Right Center Back,105,Ghana,4885,"['19a52799-68af-4463-8636-f0c05942de3b', 'f6fe8c26-c3f2-4400-8085-d18fd7dac094']",42,,,,,,,,,,,,,,,,Ghana,4885,00:11:42.038,Carry,
,,,,,"[56.3, 36.9]",,,,,,,,,,,,3.335786,,,,,,,,,,,,,,,2f855bfe-e34f-4131-a2f2-24e63916d369,1809,,"[55.4, 42.8]",3920410,56,,,,,,,,,,,,,,,,,,,,,,,,,2,From Throw In,Mohamed Salisu,30519.0,Left Center Back,105,Ghana,4885,"['28045ee7-b987-450e-aa9d-6955fa5bf04b', '26d27b31-9e34-4017-983e-e878eb335483']",44,,,,,,,,,,,,,,,,Ghana,4885,00:11:44.357,Carry,
,,,,,"[50.5, 65.1]",,,,,,,,,,,,1.506188,,,,,,,,,,,,,,,ce7c0d50-82c1-4a48-a5e3-cecad3e09c1b,1812,,"[50.1, 64.4]",3920410,56,,,,,,,,,,,,,,,,,,,,,,,,,2,From Throw In,Alexander Djiku,2989.0,Right Center Back,105,Ghana,4885,"['962d4dd3-3384-4d99-88b8-fc3bd24a4e79', '113eda87-b10c-48c3-8114-9e02eaf57cd2']",49,,,,,,,,,,,,,,,,Ghana,4885,00:11:49.317,Carry,
,,,,,"[42.5, 27.6]",,,,,,,,,,,,2.516747,,,,,,,,,,,,,,,ae8d773b-95a4-4c0c-8aa1-07a1ead113c8,1815,,"[45.2, 36.9]",3920410,56,,,,,,,,,,,,,,,,,,,,,,,,,2,From Throw In,Mohamed Salisu,30519.0,Left Center Back,105,Ghana,4885,"['45d5d284-66e2-46b6-853d-4c90609ceef1', '0bd5b33f-0c3f-4df1-928e-1bf99c5f7d9c']",52,,,,,,,,,,,,,,,,Ghana,4885,00:11:52.190,Carry,
,,,,,"[48.4, 1.7]",,,,,,,,,,,,1.349367,,,,,,,,,,,,,,,33621b1d-37c9-4daa-9fba-eb1efd99fdc1,1818,,"[46.2, 3.4]",3920410,56,,,,,,,,,,,,,,,,,,,,,,,,,2,From Throw In,Gideon Mensah,23615.0,Left Back,105,Ghana,4885,"['3e726d6b-1cec-407c-bd5e-1b6c6e7c285a', 'aae7da06-7888-46d8-9a14-04db3511aa0c']",55,,,,,,,,,,,,,,,,Ghana,4885,00:11:55.970,Carry,
,,,,,"[92.0, 22.2]",,,,,,,,,,,,1.124772,,,,,,,,,,,,,,,56138475-c653-498a-8959-7dd076f2bd29,1827,,"[92.5, 12.5]",3920410,57,,,,,,,,,,,,,,,,,,,,,,,,,2,From Throw In,André Ayew Pelé,3347.0,Center Forward,106,Ghana,4885,"['e5d2c319-ef3f-4055-b130-101fac40c810', 'da9d7e67-7702-4db4-92be-0f39b14604fb', '5ac6ae96-e4ab-484e-a08c-fe2f01697033']",18,,,,,,,,,,,,,,,,Ghana,4885,00:12:18.996,Carry,True
,,,,,"[95.1, 43.2]",,,,,,,,,,,,1.267667,,,,,,,,,,,,,,,76550d19-ed4c-4296-a057-05f9feddd33d,1830,,"[92.0, 41.7]",3920410,57,,,,,,,,,,,,,,,,,,,,,,,,,2,From Throw In,Mohammed Kudus,17033.0,Center Attacking Midfield,106,Ghana,4885,"['e3c5a5ec-d653-4ed5-bdaa-a71814905d56', '60c1a639-20d8-4abf-af6a-ffb6cef913ca']",20,,,,,,,,,,,,,,,,Ghana,4885,00:12:20.942,Carry,
,,,,,"[85.4, 61.9]",,,,,,,,,,,,0.753703,,,,,,,,,,,,,,,f0c373f1-fa54-4a65-9888-86a67ba36819,1835,,"[83.5, 54.7]",3920410,57,,,,,,,,,,,,,,,,,,,,,,,,,2,From Throw In,Denis Odoi,12259.0,Right Back,106,Ghana,4885,"['f88ad82d-7c5c-4016-8913-22ed62ea419c', '5265593f-15ea-4797-9564-0d838cd65a0d']",24,,,,,,,,,,,,,,,,Ghana,4885,00:12:24.063,Carry,
,,,,,"[91.9, 53.6]",,,,,,,,,,,,6.288971,,,,,,,,,,,,,,,0cba793a-cfe8-40b3-b3ed-266bb9630ebc,1838,,"[98.5, 65.1]",3920410,57,,,,,,,,,,,,,,,,,,,,,,,,,2,From Throw In,Antoine Semenyo,9286.0,Right Wing,106,Ghana,4885,"['db29ca5a-f227-4b15-8bb3-990084a01351', '16ad1979-0423-441d-919b-d118e3907018', 'e3a63bd9-3160-4f35-a874-bbafb53c7903']",25,,,,,,,,,,,,,,,,Ghana,4885,00:12:25.947,Carry,True
,,,,,"[86.3, 44.3]",,,,,,,,,,,,0.277654,,,,,,,,,,,,,,,8c11554d-b18d-4df1-a5ee-0ac59d6d229b,1843,,"[85.4, 43.4]",3920410,57,,,,,,,,,,,,,,,,,,,,,,,,,2,From Throw In,Salis Abdul Samed,31029.0,Left Defensive Midfield,106,Ghana,4885,"['714471b9-ec9c-43a0-a7d4-431aa3fe882a', '0000fa6b-df7c-4312-91c4-000f1fac6d1e', 'dbe5a1b0-7304-4e76-a423-d1fb4bb41108']",32,,,,,,,,,,,,,,,,Ghana,4885,00:12:32.932,Carry,True
,,,,,"[91.9, 36.1]",,,,,,,,,,,,1.286034,,,,,,,,,,,,,,,339aafe0-65fc-4254-a890-7d7277cfb40a,1846,,"[92.3, 41.7]",3920410,57,,,,,,,,,,,,,,,,,,,,,,,,,2,From Throw In,Antoine Semenyo,9286.0,Right Wing,106,Ghana,4885,"['dfd915b4-6146-4984-a5f5-8d87e3ddbc53', 'c22b6536-0bfc-46fc-bf6d-8b79a71b51c8']",33,,,,,,,,,,,,,,,,Ghana,4885,00:12:33.820,Carry,
,,,,,"[114.0, 3.4]",,,,,,,,,,,,1.826322,,,,,,,,,,,,,,,84507757-8e0f-4ca6-b163-8b3000e622a3,1849,,"[116.8, 1.4]",3920410,57,,,,,,,,,,,,,,,,,,,,,,,,,2,From Throw In,Gideon Mensah,23615.0,Left Back,106,Ghana,4885,"['65af06b4-b537-4398-a780-bc292b173e3b', '781bd037-7bf0-4788-8c28-18524035fc81']",38,,,,,,,,,,,,,,,,Ghana,4885,00:12:38.827,Carry,
,,,,,"[91.1, 5.5]",,,,,,,,,,,,1.679834,,,,,,,,,,,,,,,2f31a2b1-8710-41dc-b4d4-307b02b5e75c,1852,,"[98.3, 3.5]",3920410,57,,,,,,,,,,,,,,,,,,,,,,,,,2,From Throw In,Jordan Ayew,3450.0,Left Wing,106,Ghana,4885,"['03caff06-53ab-48b6-854e-b855bcc4d1c9', 'b1922529-e126-4313-a429-988288a8c6c8']",41,,,,,,,,,,,,,,,,Ghana,4885,00:12:41.890,Carry,
,,,,,"[20.8, 21.0]",,,,,,,,,,,,2.00501,,,,,,,,,,,,,,,03eac5c8-ee6a-4792-87ba-19d430f102e7,1857,,"[14.7, 28.2]",3920410,57,,,,,,,,,,,,,,,,,,,,,,,,,2,From Counter,Bruno Alberto Langa,106070.0,Left Back,107,Mozambique,4978,"['e32e5cde-5433-493b-8d7d-95fe901d35ce', 'a5c539bd-7084-480a-af72-3a54a8b610dd', '200da046-12e8-471a-afdf-e27084660a96']",47,,,,,,,,,,,,,,,,Mozambique,4978,00:12:47.023,Carry,True
,,,,,"[70.0, 76.2]",,,,,,,,,,,,1.293109,,,,,,,,,,,,,,,3caa0793-1891-4445-afe0-bb5e3d7f26ee,1868,,"[69.9, 75.7]",3920410,58,,,,,,,,,,,,,,,,,,,,,,,,,2,From Free Kick,Infren David da Conceição Matola,417067.0,Right Back,108,Mozambique,4978,"['c8ff140d-8e77-4cb3-a246-88306e98ba50', '5225352a-effe-4467-bbe1-0cb0b6f0aeaf']",37,,,,,,,,,,,,,,,,Mozambique,4978,00:13:37.650,Carry,
,,,,,"[64.8, 66.2]",,,,,,,,,,,,1.21951,,,,,,,,,,,,,,,c9e7a109-8b28-4c4d-8471-bd209ba5f920,1871,,"[63.3, 69.0]",3920410,58,,,,,,,,,,,,,,,,,,,,,,,,,2,From Free Kick,Feliciano João Jone,129475.0,Left Defensive Midfield,108,Mozambique,4978,"['540717d5-a58b-45ad-ab9c-2d8040386f10', '795a4f3a-e3ab-47cb-a576-439effb9c673']",40,,,,,,,,,,,,,,,,Mozambique,4978,00:13:40.342,Carry,
,,,,,"[77.3, 65.1]",,,,,,,,,,,,0.656161,,,,,,,,,,,,,,,11d61494-0b8b-4a0f-8e61-dcacc7dfc613,1874,,"[77.7, 64.5]",3920410,58,,,,,,,,,,,,,,,,,,,,,,,,,2,From Free Kick,Geny Cipriano Catamo,127300.0,Right Wing,108,Mozambique,4978,"['6d8cfa07-9080-4d56-a33b-e2d2ce78c6b0', 'd3007ed5-94c7-440f-8958-656e398d59a6', '3b51e36e-fd2b-4513-8a63-5bfbb013237b']",42,,,,,,,,,,,,,,,,Mozambique,4978,00:13:42.447,Carry,True
,,,,,"[63.4, 68.7]",,,,,,,,,,,,0.946298,,,,,,,,,,,,,,,663afa5b-71a0-4853-9abe-58db2ba563e5,1878,,"[64.0, 69.3]",3920410,58,,,,,,,,,,,,,,,,,,,,,,,,,2,From Free Kick,Feliciano João Jone,129475.0,Left Defensive Midfield,108,Mozambique,4978,"['d2ae3ee3-eaf8-47ee-8a6b-53cf0e918879', 'd5c91eb9-e5bd-419b-ac3b-91dbea4b0b81']",44,,,,,,,,,,,,,,,,Mozambique,4978,00:13:44.280,Carry,
,,,,,"[49.1, 53.4]",,,,,,,,,,,,1.109777,,,,,,,,,,,,,,,873f62cb-f161-4614-8b9d-36ea069839b6,1881,,"[49.0, 54.8]",3920410,58,,,,,,,,,,,,,,,,,,,,,,,,,2,From Free Kick,Edson André Sitoe,3250.0,Right Center Back,108,Mozambique,4978,"['b5074c30-1e96-40a3-b7bd-0c896b57cd75', '69c58432-64e0-4d49-bf17-ac7520e80947']",46,,,,,,,,,,,,,,,,Mozambique,4978,00:13:46.401,Carry,
,,,,,"[56.0, 21.9]",,,,,,,,,,,,1.856214,,,,,,,,,,,,,,,d7d64899-9322-4285-96a3-b6cbe82191c9,1884,,"[50.1, 30.6]",3920410,58,,,,,,,,,,,,,,,,,,,,,,,,,2,From Free Kick,Reinildo Isnard Mandava,10848.0,Left Center Back,108,Mozambique,4978,"['25109461-7786-4fcf-a1d3-22d233de0de9', '4c9b602f-e82f-4acf-b2ba-a8301d3bf653']",49,,,,,,,,,,,,,,,,Mozambique,4978,00:13:49.099,Carry,
,,,,,"[82.4, 8.0]",,,,,,,,,,,,2.008257,,,,,,,,,,,,,,,322bd8ee-71a1-4767-8daa-d5ea3671661f,1887,,"[71.8, 5.8]",3920410,58,,,,,,,,,,,,,,,,,,,,,,,,,2,From Free Kick,Bruno Alberto Langa,106070.0,Left Back,108,Mozambique,4978,"['02bd7923-cb6d-468a-b3a2-ed45496e21c4', 'd875b1e2-fc9c-4a6e-a3a9-5a02091d1d48', '97a763ea-6442-49e4-9601-a247f8ed808f']",52,,,,,,,,,,,,,,,,Mozambique,4978,00:13:52.326,Carry,True
,,,,,"[89.9, 11.1]",,,,,,,,,,,,3.842249,,,,,,,,,,,,,,,f1464b3e-e5e2-4d2c-8c67-49d5f22e4b89,1891,,"[78.6, 18.5]",3920410,58,,,,,,,,,,,,,,,,,,,,,,,,,2,From Free Kick,Witiness Chimoio João Quembo,10865.0,Left Wing,108,Mozambique,4978,"['f579f400-00e3-4e4b-9874-d6545eb15193', '8f0ce303-a18d-4835-b443-416a2c9b9c42', '75fb6afe-e5d4-4b6e-a58d-2566a08facc3']",55,,,,,,,,,,,,,,,,Mozambique,4978,00:13:55.559,Carry,True
,,,,,"[86.4, 4.2]",,,,,,,,,,,,1.974112,,,,,,,,,,,,,,,459ad901-ea81-47bf-813f-1a9f7a50c7b7,1896,,"[84.9, 2.5]",3920410,59,,,,,,,,,,,,,,,,,,,,,,,,,2,From Free Kick,Bruno Alberto Langa,106070.0,Left Back,108,Mozambique,4978,"['bcd3d60d-9f51-4933-ac32-9d8093ab9664', 'f9e180e4-16de-4208-aa9a-048bf9935d73', '2b60ba43-7b62-44f1-848a-43365258e079']",0,,,,,,,,,,,,,,,,Mozambique,4978,00:14:00.134,Carry,True
,,,,,"[49.2, 68.5]",,,,,,,,,,,,4.438586,,,,,,,,,,,,,,,430952ab-2e18-4a46-98ff-18aee1fdb36f,1900,,"[33.7, 75.9]",3920410,59,,,,,,,,,,,,,,,,,,,,,,,,,2,From Free Kick,Iddrisu Baba Mohammed,24087.0,Right Defensive Midfield,108,Mozambique,4978,"['67b334ac-d135-4bed-a542-d0d4b6e65f35', '6545c5f0-8841-44a3-a071-d1bba84e911c']",2,,,,,,,,,,,,,,,,Ghana,4885,00:14:02.109,Carry,
,,,,,"[71.0, 26.8]",,,,,,,,,,,,0.076408,,,,,,,,,,,,,,,a98e277e-e358-455f-b648-06123b92a9b2,1905,,"[71.0, 26.8]",3920410,59,,,,,,,,,,,,,,,,,,,,,,,,,2,From Free Kick,Ricardo Martins Guimarães,29482.0,Center Attacking Midfield,108,Mozambique,4978,"['9219e8d2-67e7-466a-9279-e863dd777ab4', '32e2406e-3b3f-4049-88bf-fbaf59c24994']",10,,,,,,,,,,,,,,,,Mozambique,4978,00:14:10.632,Carry,
,,,,,"[63.7, 22.7]",,,,,,,,,,,,0.757438,,,,,,,,,,,,,,,f3a42bcf-17bd-47ee-8564-eb83984a1a54,1908,,"[63.7, 22.7]",3920410,59,,,,,,,,,,,,,,,,,,,,,,,,,2,From Free Kick,Alfons Amade,23706.0,Right Defensive Midfield,108,Mozambique,4978,"['617b97fa-79db-4c0d-931b-dbc6d711a967', '10caedc5-ae61-4173-b62e-9343c2c774c2']",11,,,,,,,,,,,,,,,,Mozambique,4978,00:14:11.682,Carry,
,,,,,"[79.1, 13.6]",,,,,,,,,,,,0.04,,,,,,,,,,,,,,,581424e7-2b3e-44d5-9563-8c75dbd68885,1914,,"[76.9, 15.8]",3920410,59,,,,,,,,,,,,,,,,,,,,,,,,,2,From Free Kick,Witiness Chimoio João Quembo,10865.0,Left Wing,108,Mozambique,4978,"['0f2b0c78-f317-4ed6-b548-8eeadf00bd0d', 'a99784dd-b5a3-4901-a42e-8b37511fe87d', '2d7497ae-37da-40d3-9d00-931cd8962b18', '4b905d15-8b7f-46e3-bab4-7dba0d656a86']",13,,,,,,,,,,,,,,,,Mozambique,4978,00:14:13.446,Carry,True
,,,,,"[110.5, 19.6]",,,,,,,,,,,,2.771508,,,,,,,,,,,,,,,591fdcde-3963-483f-bd62-e305ceb26a86,1917,,"[91.8, 21.0]",3920410,59,,,,,,,,,,,,,,,,,,,,,,,,,2,From Free Kick,Ricardo Martins Guimarães,29482.0,Center Attacking Midfield,108,Mozambique,4978,"['05f279eb-18e0-4985-aabe-79394b9af384', 'cf2f7dcb-f01b-4cda-b158-53889898a5b1', '4b3fb3f2-0322-435c-aedc-68a2b4ea9c09']",15,,,,,,,,,,,,,,,,Mozambique,4978,00:14:15.250,Carry,True
,,,,,"[63.3, 78.0]",,,,,,,,,,,,2.390661,,,,,,,,,,,,,,,1db855b2-14ac-4dcd-98dc-427ab25d3c82,1930,,"[62.4, 78.1]",3920410,59,,,,,,,,,,,,,,,,,,,,,,,,,2,Regular Play,Infren David da Conceição Matola,417067.0,Right Back,109,Mozambique,4978,"['ff25273b-93d4-4a44-b1fb-2f410f3d9454', 'b94e7f16-dc2e-4b79-9e3c-9324628e9dc9']",35,,,,,,,,,,,,,,,,Mozambique,4978,00:14:35.742,Carry,
,,,,,"[63.8, 64.4]",,,,,,,,,,,,1.330281,,,,,,,,,,,,,,,75f49ec7-dda9-49e3-9a3a-b45c7799df9b,1933,,"[58.8, 66.3]",3920410,59,,,,,,,,,,,,,,,,,,,,,,,,,2,Regular Play,Feliciano João Jone,129475.0,Left Defensive Midfield,109,Mozambique,4978,"['95dc9e48-88a0-44b8-9383-9f4a775b166e', '459b6892-82f7-44a2-b84c-f341c4ae27ba']",39,,,,,,,,,,,,,,,,Mozambique,4978,00:14:39.624,Carry,
,,,,,"[77.0, 60.9]",,,,,,,,,,,,0.990249,,,,,,,,,,,,,,,092d9578-f8f7-41fb-9fd6-78c151d24fac,1936,,"[75.5, 62.1]",3920410,59,,,,,,,,,,,,,,,,,,,,,,,,,2,Regular Play,Geny Cipriano Catamo,127300.0,Right Wing,109,Mozambique,4978,"['914a1a42-a684-4900-ae6c-9eca519e038a', '69fbf9a9-ee4d-4e88-a951-9c254b4a616e']",41,,,,,,,,,,,,,,,,Mozambique,4978,00:14:41.912,Carry,
,,,,,"[91.3, 78.1]",,,,,,,,,,,,0.655576,,,,,,,,,,,,,,,354eb566-164f-453a-9a95-b18e4feb230c,1939,,"[91.3, 78.1]",3920410,59,,,,,,,,,,,,,,,,,,,,,,,,,2,Regular Play,Infren David da Conceição Matola,417067.0,Right Back,109,Mozambique,4978,"['40342e49-d4cc-42d2-b1d6-2abff77df448', '5ba414e8-f5d8-4fb1-bff4-a02da8c7f0ef']",44,,,,,,,,,,,,,,,,Mozambique,4978,00:14:44.156,Carry,
,,,,,"[88.0, 74.6]",,,,,,,,,,,,1.813883,,,,,,,,,,,,,,,e454d5c0-c102-4643-a1ca-c00f4b80f858,1942,,"[86.7, 73.6]",3920410,59,,,,,,,,,,,,,,,,,,,,,,,,,2,Regular Play,Ricardo Martins Guimarães,29482.0,Center Attacking Midfield,109,Mozambique,4978,"['71939dc3-ebaa-4ee0-b843-6dbcfce6186b', '304ff9e9-fced-4de0-8502-9d4331165122']",45,,,,,,,,,,,,,,,,Mozambique,4978,00:14:45.964,Carry,
,,,,,"[71.3, 60.0]",,,,,,,,,,,,1.401931,,,,,,,,,,,,,,,74583a38-f273-47f9-8029-f73e0f3088f0,1945,,"[71.7, 62.0]",3920410,59,,,,,,,,,,,,,,,,,,,,,,,,,2,Regular Play,Feliciano João Jone,129475.0,Left Defensive Midfield,109,Mozambique,4978,"['589ea802-3f44-49f6-9676-37729980be57', '5aceb1ef-e409-4b48-b294-b53f3cfe32e8']",49,,,,,,,,,,,,,,,,Mozambique,4978,00:14:49.676,Carry,
,,,,,"[88.1, 34.5]",,,,,,,,,,,,1.354013,,,,,,,,,,,,,,,475f29c6-5c69-4f01-9206-fcfc0f5332a4,1948,,"[83.9, 33.9]",3920410,59,,,,,,,,,,,,,,,,,,,,,,,,,2,Regular Play,Alfons Amade,23706.0,Right Defensive Midfield,109,Mozambique,4978,"['6e217922-5663-4de4-ab7a-0a81826563b8', 'e67c1c38-d6c9-4c3b-a138-dd66079dc4ee']",52,,,,,,,,,,,,,,,,Mozambique,4978,00:14:52.419,Carry,
,,,,,"[92.6, 29.3]",,,,,,,,,,,,0.927695,,,,,,,,,,,,,,,f4db76ed-cf89-4e99-8514-42da89932159,1953,,"[91.6, 30.1]",3920410,59,,,,,,,,,,,,,,,,,,,,,,,,,2,Regular Play,Witiness Chimoio João Quembo,10865.0,Left Wing,109,Mozambique,4978,"['c45a1025-1266-42b1-9daf-98b27f34b811', 'd10a0278-03d2-4b08-8767-5b4da096fdf6']",55,,,,,,,,,,,,,,,,Mozambique,4978,00:14:55.125,Carry,
,,,,,"[8.0, 53.0]",,,,,,,,,,,,0.956428,,,,,,,,,,,,,,,fb83e636-d71a-4bcc-ba1d-c3f161ab137a,1957,,"[8.8, 48.4]",3920410,59,,,,,,,,,,,,,,,,,,,,,,,,,2,Regular Play,Mohamed Salisu,30519.0,Left Center Back,109,Mozambique,4978,"['1515d8d5-828d-4558-b996-d18ada02cd1f', '8dfff85d-72d7-4748-9d34-cea47d08c339', '8d21cc89-add6-4346-b814-e8d862b40249']",57,,,,,,,,,,,,,,,,Ghana,4885,00:14:57.826,Carry,True
,,,,,"[53.9, 61.5]",,,,,,,,,,,,0.496296,,,,,,,,,,,,,,,ad2a77b7-212d-41a8-8713-134d086276b7,1976,,"[53.5, 61.6]",3920410,61,,,,,,,,,,,,,,,,,,,,,,,,,2,From Goal Kick,Iddrisu Baba Mohammed,24087.0,Right Defensive Midfield,111,Ghana,4885,"['dbe52e9b-1654-4839-be19-3053bb861e7d', '258c5393-a4e6-46a8-9f9a-40b4260ce047', '626de9dc-ea5b-4abe-a0ee-2b671a8878d7']",40,,,,,,,,,,,,,,,,Ghana,4885,00:16:40.810,Carry,True
,,,,,"[55.8, 54.6]",,,,,,,,,,,,0.167452,,,,,,,,,,,,,,,aa90dded-5d6e-4af9-80c7-254c5aa430c7,1980,,"[55.8, 54.6]",3920410,61,,,,,,,,,,,,,,,,,,,,,,,,,2,From Goal Kick,Salis Abdul Samed,31029.0,Left Defensive Midfield,111,Ghana,4885,"['b362f0c6-6d90-4174-b9cc-473f94033fc5', '06964170-f0a5-4305-a882-465b333b1c53']",41,,,,,,,,,,,,,,,,Ghana,4885,00:16:41.885,Carry,
,,,,,"[63.0, 33.5]",,,,,,,,,,,,2.199277,,,,,,,,,,,,,,,e3e320ad-02ec-4b1a-9110-eebbf217cefa,1983,,"[63.4, 22.4]",3920410,61,,,,,,,,,,,,,,,,,,,,,,,,,2,Regular Play,Alfons Amade,23706.0,Right Defensive Midfield,112,Mozambique,4978,"['695cb330-7c4d-41ce-a95d-11dfd9a82315', '4dbd8f16-a7b6-42d3-a922-ae02bb530617']",42,,,,,,,,,,,,,,,,Mozambique,4978,00:16:42.847,Carry,
,,,,,"[84.9, 25.4]",,,,,,,,,,,,0.774952,,,,,,,,,,,,,,,ab90315b-558b-44f4-9b6f-cdbe63731f92,1986,,"[83.9, 25.7]",3920410,61,,,,,,,,,,,,,,,,,,,,,,,,,2,Regular Play,Ricardo Martins Guimarães,29482.0,Center Attacking Midfield,112,Mozambique,4978,"['95f77342-6165-4c25-a002-1ccf0be01f46', '0ecce50d-edc0-4df7-98eb-1d30411e75b0', '8820ef2b-88c5-409b-a05e-3dd7cfed87b2']",45,,,,,,,,,,,,,,,,Mozambique,4978,00:16:45.996,Carry,True
,,,,,"[67.6, 16.7]",,,,,,,,,,,,4.37524,,,,,,,,,,,,,,,6fbb8e93-6303-4208-a95b-c50ec381a6ed,2004,,"[63.7, 35.3]",3920410,63,,,,,,,,,,,,,,,,,,,,,,,,,2,Regular Play,Geny Cipriano Catamo,127300.0,Right Wing,114,Mozambique,4978,"['26e78344-acb7-49a5-ac38-5ce5498e2511', '65cda366-00ff-4135-9cf2-8049c605bdaa', '68553f29-2421-4f63-9318-7aeb25f1da40']",22,,,,,,,,,,,,,,,,Mozambique,4978,00:18:22.483,Carry,True
,,,,,"[97.8, 11.2]",,,,,,,,,,,,0.165035,,,,,,,,,,,,,,,2312e91b-0980-445f-856b-44b697e0f287,2008,,"[98.6, 11.5]",3920410,63,,,,,,,,,,,,,,,,,,,,,,,,,2,Regular Play,Bruno Alberto Langa,106070.0,Left Back,114,Mozambique,4978,"['a299bfce-d876-4c1a-81d9-c866554b501c', '02500e2b-3039-4b4b-805b-2154cd107d9b', '26d59349-3b45-4fe4-8c56-e192522b2f9d', '899797f7-dc0a-45a8-8308-823feff04ef5']",28,,,,,,,,,,,,,,,,Mozambique,4978,00:18:28.882,Carry,True
,,,,,"[99.0, 25.5]",,,,,,,,,,,,2.865933,,,,,,,,,,,,,,,5deda876-3d58-4bee-9fa2-d2d55f969a91,2011,,"[97.8, 11.2]",3920410,63,,,,,,,,,,,,,,,,,,,,,,,,,2,Regular Play,Bruno Alberto Langa,106070.0,Left Back,114,Mozambique,4978,"['fdbffc38-581a-4109-a8e3-e659a5d8271b', 'a299bfce-d876-4c1a-81d9-c866554b501c', '55c873bc-24b4-4c50-822c-f77bc48960f5', '26d59349-3b45-4fe4-8c56-e192522b2f9d']",29,,,,,,,,,,,,,,,,Mozambique,4978,00:18:29.047,Carry,True
,,,,,"[89.8, 37.6]",,,,,,,,,,,,0.760233,,,,,,,,,,,,,,,d24900a6-108e-4971-b781-21bc363bd095,2015,,"[85.6, 37.2]",3920410,63,,,,,,,,,,,,,,,,,,,,,,,,,2,Regular Play,Alfons Amade,23706.0,Right Defensive Midfield,114,Mozambique,4978,"['283f4a7c-ffd7-44bf-8f23-d87284a507e6', '2521451d-962e-4078-bf7a-89468c19c426']",34,,,,,,,,,,,,,,,,Mozambique,4978,00:18:34.206,Carry,
,,,,,"[111.1, 24.1]",,,,,,,,,,,,0.04,,,,,,,,,,,,,,,6fa70606-2efe-4081-84f6-d5c1b11635bc,2018,,"[111.1, 24.1]",3920410,63,,,,,,,,,,,,,,,,,,,,,,,,,2,Regular Play,Ricardo Martins Guimarães,29482.0,Center Attacking Midfield,114,Mozambique,4978,"['b1374454-6e93-4551-b3d3-dbb273654d9e', 'b44da70c-7dc0-4572-b43a-f1e0854bbbbf']",36,,,,,,,,,,,,,,,,Mozambique,4978,00:18:36.868,Carry,
,,,,,"[111.3, 9.8]",,,,,,,,,,,,0.280587,,,,,,,,,,,,,,,3aa4ab1e-805d-480d-8e39-51bff245a0aa,2027,,"[112.1, 9.4]",3920410,65,,,,,,,,,,,,,,,,,,,,,,,,,2,From Throw In,Bruno Alberto Langa,106070.0,Left Back,115,Mozambique,4978,"['3e376dea-766b-4ec9-b7f3-323c3414e521', '99f88c83-ba60-41f4-83d5-e84dfaec6141', '0061efac-47d8-445c-ab52-0c2abca27f8d']",6,,,,,,,,,,,,,,,,Mozambique,4978,00:20:06.156,Carry,True
,,,,,"[9.0, 76.2]",,,,,,,,,,,,2.65912,,,,,,,,,,,,,,,e1b9c0c1-7862-4a10-ba78-d34e15f8850c,2030,,"[8.8, 70.3]",3920410,65,,,,,,,,,,,,,,,,,,,,,,,,,2,From Throw In,Antoine Semenyo,9286.0,Right Wing,115,Mozambique,4978,"['f271d51d-d109-4a42-9a46-f7a47993caa5', '94423771-5283-41e1-8f0b-dc0b7c16d1ef']",6,,,,,,,,,,,,,,,,Ghana,4885,00:20:06.437,Carry,
,,,,,"[21.3, 54.0]",,,,,,,,,,,,0.354734,,,,,,,,,,,,,,,baec0dcd-05a8-46c1-9799-01bfdceaf040,2039,,"[22.0, 54.4]",3920410,65,,,,,,,,,,,,,,,,,,,,,,,,,2,Regular Play,Mohammed Kudus,17033.0,Center Attacking Midfield,117,Ghana,4885,"['0de80593-778c-4ffb-9e26-487156368642', '545784d9-0369-4c67-bf7a-d0a8a0312406', 'daecba4d-ac07-4eb2-b05a-b87c48bb4b6f', '31ce6560-e006-4e4e-997f-620272846bb1']",18,,,,,,,,,,,,,,,,Ghana,4885,00:20:18.761,Carry,True
,,,,,"[22.0, 53.2]",,,,,,,,,,,,2.177126,,,,,,,,,,,,,,,f970dfed-8a52-4bc7-8a24-dae0e21c162b,2042,,"[21.3, 54.0]",3920410,65,,,,,,,,,,,,,,,,,,,,,,,,,2,Regular Play,Mohammed Kudus,17033.0,Center Attacking Midfield,117,Ghana,4885,"['9f0f0ece-e104-4435-943b-fae85a611f92', '0de80593-778c-4ffb-9e26-487156368642', '8c7f5896-aea8-4e4c-8626-bf1aa28db7c0', 'daecba4d-ac07-4eb2-b05a-b87c48bb4b6f']",19,,,,,,,,,,,,,,,,Ghana,4885,00:20:19.116,Carry,True
,,,,,"[36.2, 14.6]",,,,,,,,,,,,2.190166,,,,,,,,,,,,,,,fb19a173-eca9-4101-92f5-61b3c7b5d465,2046,,"[23.0, 27.1]",3920410,65,,,,,,,,,,,,,,,,,,,,,,,,,2,Regular Play,Gideon Mensah,23615.0,Left Back,117,Ghana,4885,"['ed4a4367-8723-4984-85b6-2fd582fa8528', '7b0390e7-e7a0-4d7c-96cf-d5679ba7e6cb']",22,,,,,,,,,,,,,,,,Ghana,4885,00:20:22.851,Carry,
,,,,,"[100.8, 11.5]",,,,,,,,,,,,4.33716,,,,,,,,,,,,,,,19e5c4db-9c43-4589-820c-cec19b047926,2049,,"[90.6, 8.7]",3920410,65,,,,,,,,,,,,,,,,,,,,,,,,,2,Regular Play,Jordan Ayew,3450.0,Left Wing,117,Ghana,4885,"['1bdb3b9d-1784-4792-acf8-cd3a396fec2a', 'a92bb2e7-b623-4a93-a359-24d28e53eba1']",29,,,,,,,,,,,,,,,,Ghana,4885,00:20:29.272,Carry,
,,,,,"[119.2, 11.2]",,,,,,,,,,,,5.959448,,,,,,,,,,,,,,,55b26daa-90f0-4cbf-b417-df41630be783,2064,,"[93.0, 7.7]",3920410,70,,,,,,,,,,,,,,,,,,,,,,,,,2,From Kick Off,Gildo Lourenço Vilanculos,106068.0,Left Wing,119,Mozambique,4978,"['dd4325dd-0969-4969-b23d-018054c65557', '64b9bb7b-58f5-4cd6-bc10-db490fc173f6', '59148312-ee86-4828-92b5-d0eeaa63b8ec']",39,,,,,,,,,,,,,,,,Mozambique,4978,00:25:39.804,Carry,True
,,,,,"[78.4, 38.7]",,,,,,,,,,,,1.087533,,,,,,,,,,,,,,,78fa897d-31b9-4294-b5e1-5b19c6599ef2,2088,,"[77.6, 36.7]",3920410,73,,,,,,,,,,,,,,,,,,,,,,,,,2,From Free Kick,Ricardo Martins Guimarães,29482.0,Center Attacking Midfield,122,Mozambique,4978,"['4f45bb39-308c-47fe-ae9e-851d522c52d0', '0b34ef8e-9b89-4ec8-a9a7-e509c1c11841']",1,,,,,,,,,,,,,,,,Mozambique,4978,00:28:01.803,Carry,
,,,,,"[20.0, 58.5]",,,,,,,,,,,,0.112561,,,,,,,,,,,,,,,e9e3583a-3c22-46bf-bba1-5aeeccb77128,2096,,"[19.8, 60.2]",3920410,73,,,,,,,,,,,,,,,,,,,,,,,,,2,From Free Kick,Mohammed Kudus,17033.0,Right Attacking Midfield,122,Mozambique,4978,"['6ecabc96-1af7-4d5a-8f00-188059d688a1', '9a3b5694-d832-4a3a-b36c-f39b88751783']",6,,,,,,,,,,,,,,,,Ghana,4885,00:28:06.774,Carry,
,,,,,"[91.5, 20.3]",,,,,,,,,,,,0.45984,,,,,,,,,,,,,,,8ddeb2ba-0ef0-43b9-9b93-2d764a3e9ecb,2100,,"[89.9, 19.9]",3920410,73,,,,,,,,,,,,,,,,,,,,,,,,,2,From Free Kick,Bruno Alberto Langa,106070.0,Left Back,122,Mozambique,4978,"['c4b25532-f0c6-4357-be25-b5ec5c06c714', '3a46881a-5466-42f9-8e5a-16d73acd697d', '9429a088-6d66-4ca9-a61a-330e155834dc']",8,,,,,,,,,,,,,,,,Mozambique,4978,00:28:08.477,Carry,True
,,,,,"[19.8, 47.9]",,,,,,,,,,,,0.843222,,,,,,,,,,,,,,,e5825641-220e-4949-83f9-b3ab368fcbe4,2104,,"[21.3, 47.1]",3920410,73,,,,,,,,,,,,,,,,,,,,,,,,,2,From Free Kick,Iddrisu Baba Mohammed,24087.0,Left Defensive Midfield,122,Mozambique,4978,"['4c7b5401-e3c7-4a72-8860-d155b0406e1a', '56ae6c9a-ccfa-4b1b-a4d6-f4e5a28d74d5']",10,,,,,,,,,,,,,,,,Ghana,4885,00:28:10.313,Carry,
,,,,,"[41.3, 1.1]",,,,,,,,,,,,3.276819,,,,,,,,,,,,,,,7774851a-8a6c-406f-b7ee-bc86775447ea,2119,,"[23.1, 21.5]",3920410,73,,,,,,,,,,,,,,,,,,,,,,,,,2,From Free Kick,Gideon Mensah,23615.0,Left Wing Back,122,Mozambique,4978,"['7fdf6870-d9ed-4dce-ac08-6364148ebb65', 'ccdf2cdf-3a6f-4469-8c4d-c243893d79e2', '55688791-4dd8-49bb-84b2-1b0d2e582032', '524a314e-e7b2-4618-96f4-6b5a81d9255f']",24,,,,,,,,,,,,,,,,Ghana,4885,00:28:24.136,Carry,True
,,,,,"[77.1, 77.9]",,,,,,,,,,,,4.565526,,,,,,,,,,,,,,,44817495-f2e4-403a-b221-c300622fecb8,2125,,"[56.1, 73.5]",3920410,73,,,,,,,,,,,,,,,,,,,,,,,,,2,From Free Kick,Ricardo Martins Guimarães,29482.0,Right Defensive Midfield,122,Mozambique,4978,"['4b349f5c-2abf-45d9-ae4e-1f4522214fc8', '5c796fcb-b0c3-408b-8adb-8caf40a913a0']",31,,,,,,,,,,,,,,,,Mozambique,4978,00:28:31.195,Carry,
,,,,,"[94.0, 67.9]",,,,,,,,,,,,0.875281,,,,,,,,,,,,,,,bbcad3a6-cb70-4af9-93fc-2a66cb1b1d5e,2128,,"[91.5, 69.7]",3920410,73,,,,,,,,,,,,,,,,,,,,,,,,,2,From Free Kick,Elias Gaspar Pelembe,106074.0,Left Defensive Midfield,122,Mozambique,4978,"['8df624b5-1472-42e2-a8cd-ec9a58a4da40', '34e81a51-9809-491d-b5b6-1dd4ef149775', '8c252dba-1642-4372-9695-50f76571ecdf']",36,,,,,,,,,,,,,,,,Mozambique,4978,00:28:36.615,Carry,True
,,,,,"[85.8, 2.2]",,,,,,,,,,,,1.664794,,,,,,,,,,,,,,,a550a47a-00e1-4bd7-90e3-5ebbf21bd72d,2145,,"[84.0, 2.2]",3920410,77,,,,,,,,,,,,,,,,,,,,,,,,,2,From Throw In,Jordan Ayew,3450.0,Left Attacking Midfield,125,Ghana,4885,"['332c5155-2188-4e03-8ff4-d4bd62e79dc2', 'd94cec08-5108-4d7c-a52b-edf09ba51100', 'bc535f5e-4da8-446d-b545-e18ed89691db', '2a8cad43-d5b7-4b2f-bdc3-abe83ae3428e']",1,,,,,,,,,,,,,,,,Ghana,4885,00:32:01.983,Carry,True
,,,,,"[69.7, 51.2]",,,,,,,,,,,,9.199261,,,,,,,,,,,,,,,036ca28a-49fe-43ed-9e6a-228130c7ccef,2149,,"[34.3, 77.9]",3920410,77,,,,,,,,,,,,,,,,,,,,,,,,,2,From Throw In,Geny Cipriano Catamo,127300.0,Right Midfield,125,Ghana,4885,"['fb48a718-f42f-474c-a94a-53776631af4c', '42114d45-42f8-49f2-a129-fa7686cc529e', 'e9231c47-3f12-46a1-8d13-d7b6f8a22bae']",3,,,,,,,,,,,,,,,,Mozambique,4978,00:32:03.648,Carry,True
,,,,,"[64.5, 56.0]",,,,,,,,,,,,2.554003,,,,,,,,,,,,,,,09b745b4-96b4-4903-8d50-0a72d70496b7,2157,,"[48.8, 54.8]",3920410,77,,,,,,,,,,,,,,,,,,,,,,,,,2,From Throw In,Mohammed Kudus,17033.0,Right Attacking Midfield,125,Ghana,4885,"['824cfbe8-9010-4c47-b672-6416f221c3cd', '714df9ae-623d-45c3-8cbc-346fbd995814', '1932d31b-60e5-4b43-a5d2-25059f53907c']",15,,,,,,,,,,,,,,,,Ghana,4885,00:32:15.872,Carry,True
,,,,,"[95.5, 61.6]",,,,,,,,,,,,2.237929,,,,,,,,,,,,,,,433c0000-05fe-4db1-a213-0f9dcfe25c7a,2161,,"[71.6, 69.3]",3920410,77,,,,,,,,,,,,,,,,,,,,,,,,,2,From Throw In,Alidu Seidu,45047.0,Right Wing Back,125,Ghana,4885,"['a8cb97b8-9b9e-4477-a7c1-f98220b1276b', '9e712f7c-a5a3-49b9-8502-02defd74bb9a']",20,,,,,,,,,,,,,,,,Ghana,4885,00:32:20.587,Carry,
,,,,,"[71.8, 59.4]",,,,,,,,,,,,1.709903,,,,,,,,,,,,,,,3e49c7f7-5304-4a3b-853d-1751ac4bcda1,2167,,"[74.5, 61.8]",3920410,77,,,,,,,,,,,,,,,,,,,,,,,,,2,From Throw In,Iddrisu Baba Mohammed,24087.0,Left Defensive Midfield,125,Ghana,4885,"['929a5fca-ebb1-46ed-9497-fc9d05cc4f7f', 'd663ea7c-7d54-4c00-a8c0-3a3021b4c872', '07cdd5ce-6eae-45d8-a0c2-8d50222719f9']",26,,,,,,,,,,,,,,,,Ghana,4885,00:32:26.339,Carry,True
,,,,,"[55.9, 40.3]",,,,,,,,,,,,0.73138,,,,,,,,,,,,,,,ee157e76-9ab1-4c6f-b293-6c9bfad4dad3,2170,,"[56.3, 42.3]",3920410,77,,,,,,,,,,,,,,,,,,,,,,,,,2,From Throw In,Alexander Djiku,2989.0,Center Back,125,Ghana,4885,"['1775a212-2692-4e5f-a82a-4fa30b30bea4', '5185df4f-9cca-4fdf-ac91-c791abdb2bc9']",29,,,,,,,,,,,,,,,,Ghana,4885,00:32:29.417,Carry,
,,,,,"[56.3, 15.3]",,,,,,,,,,,,0.242297,,,,,,,,,,,,,,,02d42619-5cdb-4f6b-bb57-479dfadac007,2173,,"[56.1, 16.0]",3920410,77,,,,,,,,,,,,,,,,,,,,,,,,,2,From Throw In,Mohamed Salisu,30519.0,Left Center Back,125,Ghana,4885,"['c325e17d-1dd7-454a-8231-eaebc58395ee', 'fb2334d1-97eb-43af-8aea-b83ffe2238d5']",33,,,,,,,,,,,,,,,,Ghana,4885,00:32:33.112,Carry,
,,,,,"[96.1, 43.0]",,,,,,,,,,,,3.696928,,,,,,,,,,,,,,,f7759a20-941b-498a-bb88-3fc58223cf35,2179,,"[82.6, 38.8]",3920410,77,,,,,,,,,,,,,,,,,,,,,,,,,2,From Throw In,Mohammed Kudus,17033.0,Right Attacking Midfield,125,Ghana,4885,"['54a82277-5e7e-450b-bfc4-c01e89c7627b', '2d874915-0468-4e08-a840-d6987c003e89', '44d3b33b-1e2a-4807-8a07-d0f6c1e18186']",37,,,,,,,,,,,,,,,,Ghana,4885,00:32:37.333,Carry,True
,,,,,"[25.2, 42.7]",,,,,,,,,,,,1.396486,,,,,,,,,,,,,,,bbc68088-db82-45c8-8dbd-a78c6118ed16,2187,,"[21.3, 38.9]",3920410,77,,,,,,,,,,,,,,,,,,,,,,,,,2,Regular Play,Edson André Sitoe,3250.0,Right Center Back,126,Mozambique,4978,"['753f8c54-b5b5-4ca9-9fc6-aa3789f324db', '09577d1f-db73-4b0c-8860-ab888d9d01ce']",55,,,,,,,,,,,,,,,,Mozambique,4978,00:32:55.392,Carry,
,,,,,"[38.8, 73.7]",,,,,,,,,,,,2.181013,,,,,,,,,,,,,,,9ba59790-f28a-4fdc-b31b-8f2fb49bb808,2190,,"[32.3, 69.9]",3920410,77,,,,,,,,,,,,,,,,,,,,,,,,,2,Regular Play,Infren David da Conceição Matola,417067.0,Right Back,126,Mozambique,4978,"['58c7194d-4ed7-4854-88f2-162bb7e242fe', 'f458f762-07d5-4d02-a8c2-a14fa43e27b4']",58,,,,,,,,,,,,,,,,Mozambique,4978,00:32:58.394,Carry,
,,,,,"[51.3, 77.0]",,,,,,,,,,,,0.478081,,,,,,,,,,,,,,,a0e40861-9e0e-45d9-8e0f-e743c990118b,2194,,"[53.1, 76.5]",3920410,78,,,,,,,,,,,,,,,,,,,,,,,,,2,Regular Play,Geny Cipriano Catamo,127300.0,Right Midfield,126,Mozambique,4978,"['27c4c136-8ca8-43db-bce1-208399babeb7', 'dbe4c596-7796-46c9-abed-228213d727a2', '6e9c6136-6a8d-4066-8f51-0a0afc3570ac', '8741a691-3ef5-4665-87e5-45ca7404cff1']",1,,,,,,,,,,,,,,,,Mozambique,4978,00:33:01.747,Carry,True
,,,,,"[44.8, 47.6]",,,,,,,,,,,,0.836481,,,,,,,,,,,,,,,9af22571-eafc-4b55-840b-1cc683bacc48,2199,,"[45.2, 50.8]",3920410,78,,,,,,,,,,,,,,,,,,,,,,,,,2,From Free Kick,Reinildo Isnard Mandava,10848.0,Left Center Back,127,Mozambique,4978,"['b41a5f2d-e73a-4b42-a6ba-da8096cbd322', 'bd4607d8-894f-4dc6-856b-2ab43cb5813f']",29,,,,,,,,,,,,,,,,Mozambique,4978,00:33:29.028,Carry,
,,,,,"[41.4, 76.7]",,,,,,,,,,,,2.632128,,,,,,,,,,,,,,,e3f70eca-dda5-4818-a2ea-bd06f5c3fba9,2205,,"[46.1, 65.7]",3920410,78,,,,,,,,,,,,,,,,,,,,,,,,,2,From Free Kick,Edson André Sitoe,3250.0,Right Center Back,127,Mozambique,4978,"['2ac4a47b-dea7-42f1-91d1-c73994321562', '309e1ef2-36eb-4ecf-aa6c-42b720459ad4', '76f2519f-eb02-47c0-aecb-2819183b5aa1']",32,,,,,,,,,,,,,,,,Mozambique,4978,00:33:32.549,Carry,True
,,,,,"[20.8, 55.5]",,,,,,,,,,,,0.998011,,,,,,,,,,,,,,,e5b0eca8-4d1f-48cb-a5b3-0569e33867b7,2209,,"[19.5, 56.8]",3920410,78,,,,,,,,,,,,,,,,,,,,,,,,,2,From Free Kick,Ivane Carminio Francisco Urrubal,161718.0,Goalkeeper,127,Mozambique,4978,"['ed7d4c43-bdf7-4c3d-8a1c-edb62c2cb978', 'd81d19e2-02f5-4337-9622-7e17b35a17b2']",38,,,,,,,,,,,,,,,,Mozambique,4978,00:33:38.026,Carry,
,,,,,"[35.1, 42.3]",,,,,,,,,,,,1.544674,,,,,,,,,,,,,,,47559324-cbd8-4737-99d5-6f901f28b1de,2212,,"[31.9, 43.3]",3920410,78,,,,,,,,,,,,,,,,,,,,,,,,,2,From Free Kick,Reinildo Isnard Mandava,10848.0,Left Center Back,127,Mozambique,4978,"['e06467cf-b06e-4757-a0cd-8ba8599e1f1c', 'faee7eb8-0103-47be-9382-981dc786b947']",40,,,,,,,,,,,,,,,,Mozambique,4978,00:33:40.434,Carry,
,,,,,"[43.4, 74.1]",,,,,,,,,,,,1.280936,,,,,,,,,,,,,,,5f8274b5-7119-4024-bd82-82b86c405def,2217,,"[36.3, 72.8]",3920410,78,,,,,,,,,,,,,,,,,,,,,,,,,2,From Free Kick,Edson André Sitoe,3250.0,Right Center Back,127,Mozambique,4978,"['165c40b6-14c9-47a3-98b7-0a829a261433', '1ddf1ff4-12ab-4ad8-b15c-864ac951ad2f']",45,,,,,,,,,,,,,,,,Mozambique,4978,00:33:45.331,Carry,
,,,,,"[31.2, 8.7]",,,,,,,,,,,,1.433632,,,,,,,,,,,,,,,f43159a7-3713-4239-9f70-a3b34a2fd118,2221,,"[30.0, 10.5]",3920410,78,,,,,,,,,,,,,,,,,,,,,,,,,2,From Free Kick,Mohamed Salisu,30519.0,Left Center Back,127,Mozambique,4978,"['594a7dec-dc44-4f23-8fdf-7909c8e442dc', '64706444-691e-4f6b-a4a2-258abb47af38']",49,,,,,,,,,,,,,,,,Ghana,4885,00:33:49.263,Carry,
,,,,,"[75.3, 64.6]",,,,,,,,,,,,1.117076,,,,,,,,,,,,,,,47f1f50c-ee66-4fd1-8686-9a5c6d6a13c2,2225,,"[74.2, 66.4]",3920410,78,,,,,,,,,,,,,,,,,,,,,,,,,2,From Free Kick,Ricardo Martins Guimarães,29482.0,Right Defensive Midfield,127,Mozambique,4978,"['44d9ca84-b4ab-42be-9263-682e5ff61127', 'decae155-348a-45db-849d-085428809d8c', 'fae4a587-e99d-47eb-ace1-0627127478ad']",52,,,,,,,,,,,,,,,,Mozambique,4978,00:33:52.633,Carry,True
,,,,,"[46.3, 14.9]",,,,,,,,,,,,1.817702,,,,,,,,,,,,,,,e7ef9c54-4602-4e2d-a7a1-1de1982ebe46,2229,,"[44.8, 15.5]",3920410,78,,,,,,,,,,,,,,,,,,,,,,,,,2,Regular Play,André Ayew Pelé,3347.0,Center Forward,128,Ghana,4885,"['9afe0120-d0c1-4e40-8bc6-7771ae7f5849', 'c38d8138-8b29-4440-9e85-b173ab779967', '410671e5-9469-4098-925c-7443eaaec9de']",53,,,,,,,,,,,,,,,,Ghana,4885,00:33:53.751,Carry,True
,,,,,"[91.7, 2.0]",,,,,,,,,,,,5.651633,,,,,,,,,,,,,,,470223b6-b58d-4aed-8a3f-e70e92bec415,2233,,"[61.3, 8.4]",3920410,78,,,,,,,,,,,,,,,,,,,,,,,,,2,Regular Play,Jordan Ayew,3450.0,Left Attacking Midfield,128,Ghana,4885,"['7865ba8b-be10-4744-b885-c236f90e4a37', '6270ade0-4b1b-4fde-9342-898813f7c23d', '4c1fce15-895b-4819-89c3-42649800d64c']",56,,,,,,,,,,,,,,,,Ghana,4885,00:33:56.401,Carry,True
,,,,,"[88.8, 6.0]",,,,,,,,,,,,3.995295,,,,,,,,,,,,,,,2cc32d0d-9c44-4420-844d-354e48283172,2237,,"[83.6, 3.6]",3920410,79,,,,,,,,,,,,,,,,,,,,,,,,,2,Regular Play,André Ayew Pelé,3347.0,Center Forward,128,Ghana,4885,"['2a21282a-e380-49c9-a49f-ff6dadcca218', 'de9436be-685f-4345-a3db-af5026af9a66']",3,,,,,,,,,,,,,,,,Ghana,4885,00:34:03.151,Carry,
,,,,,"[88.8, 2.0]",,,,,,,,,,,,0.754565,,,,,,,,,,,,,,,bea26b8d-5841-4317-b657-554248f2f537,2240,,"[91.1, 2.0]",3920410,79,,,,,,,,,,,,,,,,,,,,,,,,,2,Regular Play,Jordan Ayew,3450.0,Left Attacking Midfield,128,Ghana,4885,"['9f76006b-2498-45a5-bd8f-5305ec8e0ffa', '7816514b-8a02-409a-8335-c8fab39fab77']",8,,,,,,,,,,,,,,,,Ghana,4885,00:34:08.001,Carry,
,,,,,"[100.4, 21.2]",,,,,,,,,,,,2.649654,,,,,,,,,,,,,,,7d661f1c-895c-43d4-8711-e73993be4409,2243,,"[89.5, 16.2]",3920410,79,,,,,,,,,,,,,,,,,,,,,,,,,2,Regular Play,Salis Abdul Samed,31029.0,Right Defensive Midfield,128,Ghana,4885,"['86113d52-e27d-4499-a1b9-025c8e595cb7', 'd7ec8209-403f-4612-9b05-47921a53fd0f', '02fb1a4b-197b-4c10-a47b-eb1cf2c94951']",9,,,,,,,,,,,,,,,,Ghana,4885,00:34:09.610,Carry,True
,,,,,"[45.2, 36.5]",,,,,,,,,,,,5.857155,,,,,,,,,,,,,,,b17d0d6c-1d63-4145-add6-97787c482f60,2248,,"[18.2, 51.6]",3920410,79,,,,,,,,,,,,,,,,,,,,,,,,,2,Regular Play,Reinildo Isnard Mandava,10848.0,Left Center Back,128,Ghana,4885,"['68b853b6-2af6-444b-a515-4329025e9033', '412eb341-a3a5-4fe4-82c4-501acbc8454c', '3ab9a4a8-3409-473a-bdde-f4e9561b233c']",13,,,,,,,,,,,,,,,,Mozambique,4978,00:34:13.009,Carry,True
,,,,,"[110.1, 7.3]",,,,,,,,,,,,2.264439,,,,,,,,,,,,,,,d4aa6656-51d7-441c-bdad-7398cdd59d8c,2251,,"[101.3, 6.5]",3920410,79,,,,,,,,,,,,,,,,,,,,,,,,,2,Regular Play,Pachoio Lau Há King,106082.0,Right Center Forward,128,Ghana,4885,"['914988c4-9a5a-428a-a03f-8b15b5a8fcb3', 'f23096f7-719d-4cd0-bd93-ff4338213fd3']",22,,,,,,,,,,,,,,,,Mozambique,4978,00:34:22.330,Carry,
,,,,,"[10.7, 56.2]",,,,,,,,,,,,1.449883,,,,,,,,,,,,,,,f78890d6-d963-4ea9-b0ce-b6c51dcf76c4,2255,,"[9.7, 56.2]",3920410,79,,,,,,,,,,,,,,,,,,,,,,,,,2,Regular Play,Alidu Seidu,45047.0,Right Wing Back,128,Ghana,4885,"['4b3c08f5-2820-4c33-88b3-61c4be8aca79', 'c69b87da-a811-453a-b0c6-40b496cd3c26']",25,,,,,,,,,,,,,,,,Ghana,4885,00:34:25.413,Carry,
,,,,,"[70.7, 66.3]",,,,,,,,,,,,5.325979,,,,,,,,,,,,,,,5e3998f3-3a96-4730-8a76-6e962dc41ec9,2260,,"[53.2, 70.9]",3920410,79,,,,,,,,,,,,,,,,,,,,,,,,,2,Regular Play,Mohammed Kudus,17033.0,Right Attacking Midfield,128,Ghana,4885,"['ba23fc9c-0cd0-4e2b-8fd0-29e321955789', '5feaf708-a60b-4db0-b303-f3a2574a0722', '0c5bf57e-ceb2-4eac-97c2-89097d8c8887']",31,,,,,,,,,,,,,,,,Ghana,4885,00:34:31.147,Carry,True
,,,,,"[76.9, 62.1]",,,,,,,,,,,,0.336794,,,,,,,,,,,,,,,6f0d8970-c70d-424e-a717-a14518000c6b,2265,,"[76.0, 57.0]",3920410,79,,,,,,,,,,,,,,,,,,,,,,,,,2,Regular Play,Salis Abdul Samed,31029.0,Right Defensive Midfield,128,Ghana,4885,"['005e1294-de96-4d85-81eb-36702c7ea873', '9bfb86de-3361-4117-96ce-423f52926c76', '73d5a3e1-3faf-42a8-9a82-347fe6fa255a']",37,,,,,,,,,,,,,,,,Ghana,4885,00:34:37.453,Carry,True
,,,,,"[28.4, 21.2]",,,,,,,,,,,,2.039009,,,,,,,,,,,,,,,4cd8696b-01d6-4f32-a6be-560ddfcb7daf,2269,,"[32.1, 16.4]",3920410,79,,,,,,,,,,,,,,,,,,,,,,,,,2,Regular Play,Bruno Alberto Langa,106070.0,Left Back,129,Mozambique,4978,"['cf8f342c-1c30-4355-ac85-964c78b76be0', '34f20ab8-92fb-43b7-a87a-d9292af94bc5']",38,,,,,,,,,,,,,,,,Mozambique,4978,00:34:38.341,Carry,
,,,,,"[39.0, 16.4]",,,,,,,,,,,,1.064003,,,,,,,,,,,,,,,a80023fe-0e9b-4418-af8d-a16acfb078a5,2272,,"[39.9, 14.3]",3920410,79,,,,,,,,,,,,,,,,,,,,,,,,,2,Regular Play,Reinildo Isnard Mandava,10848.0,Left Center Back,129,Mozambique,4978,"['7c8421f3-82fb-4c85-9b5c-382ef227a71f', '6dccd21d-474f-4efc-93c8-d27611d92c46']",41,,,,,,,,,,,,,,,,Mozambique,4978,00:34:41.330,Carry,
,,,,,"[34.1, 36.7]",,,,,,,,,,,,1.506,,,,,,,,,,,,,,,31e2d960-fbd2-4cb3-99ec-95431157930d,2275,,"[30.8, 34.6]",3920410,79,,,,,,,,,,,,,,,,,,,,,,,,,2,Regular Play,Edson André Sitoe,3250.0,Right Center Back,129,Mozambique,4978,"['050c4667-2f8e-47a1-a27a-ffdb9b0bbaed', '86b6d6f7-156c-4baa-9ec8-1e83b40750e7']",43,,,,,,,,,,,,,,,,Mozambique,4978,00:34:43.918,Carry,
,,,,,"[55.8, 54.0]",,,,,,,,,,,,1.622184,,,,,,,,,,,,,,,a88e1acb-0fb7-4c31-b4b7-f907615f8af2,2278,,"[57.2, 47.5]",3920410,79,,,,,,,,,,,,,,,,,,,,,,,,,2,Regular Play,Ricardo Martins Guimarães,29482.0,Right Defensive Midfield,129,Mozambique,4978,"['db56fc8d-eab6-4c7e-95d9-db206ad8a700', 'f6e16b0a-9c93-4cd3-b823-0c239596de44']",47,,,,,,,,,,,,,,,,Mozambique,4978,00:34:47.569,Carry,
,,,,,"[85.1, 77.5]",,,,,,,,,,,,2.467091,,,,,,,,,,,,,,,cc50baa6-d229-46e1-8afd-5d8e8c9df8ae,2281,,"[73.3, 78.9]",3920410,79,,,,,,,,,,,,,,,,,,,,,,,,,2,Regular Play,Infren David da Conceição Matola,417067.0,Right Back,129,Mozambique,4978,"['d1dd7cea-4e9b-47c4-ad8d-07cad97dd249', 'cf248c64-b742-4949-8bcd-9094366abe16']",51,,,,,,,,,,,,,,,,Mozambique,4978,00:34:51.227,Carry,
,,,,,"[36.4, 32.1]",,,,,,,,,,,,1.134798,,,,,,,,,,,,,,,2e1c03c7-075f-4aa3-8521-2d90ed5c1478,2286,,"[35.2, 33.9]",3920410,79,,,,,,,,,,,,,,,,,,,,,,,,,2,Regular Play,Salis Abdul Samed,31029.0,Right Defensive Midfield,129,Mozambique,4978,"['7d580b93-466f-4eac-84f6-612f8ceb0de0', '0e174498-d82a-44ce-95db-a6da89167114']",57,,,,,,,,,,,,,,,,Ghana,4885,00:34:57.215,Carry,
,,,,,"[101.2, 5.8]",,,,,,,,,,,,7.265957,,,,,,,,,,,,,,,72d91097-eee4-407c-ad6b-83db65d9de2d,2289,,"[58.1, 2.6]",3920410,80,,,,,,,,,,,,,,,,,,,,,,,,,2,Regular Play,Jordan Ayew,3450.0,Left Attacking Midfield,129,Mozambique,4978,"['fdd4b168-057d-44c1-81a0-04490f64c8dd', '517600ac-d2c9-403f-9fbe-50fc3211ca78', '8c2a4106-bc1e-4a0a-80ac-3075edf7b2d0']",0,,,,,,,,,,,,,,,,Ghana,4885,00:35:00.253,Carry,True
,,,,,"[75.8, 66.2]",,,,,,,,,,,,0.001802,,,,,,,,,,,,,,,2e36dd35-039d-468d-9eb4-59738e508641,2306,,"[75.8, 67.4]",3920410,81,,,,,,,,,,,,,,,,,,,,,,,,,2,From Throw In,Elias Gaspar Pelembe,106074.0,Left Defensive Midfield,132,Mozambique,4978,"['243dff9b-71d8-47af-8d19-d4f5985f7fa5', 'ed0f442b-3d72-4d11-893b-55cf8a7bfb2f']",20,,,,,,,,,,,,,,,,Mozambique,4978,00:36:20.384,Carry,
,,,,,"[57.9, 44.9]",,,,,,,,,,,,3.53472,,,,,,,,,,,,,,,686ff8ed-9f48-4f84-acca-f9395b539112,2315,,"[45.0, 25.3]",3920410,81,,,,,,,,,,,,,,,,,,,,,,,,,2,Regular Play,Salis Abdul Samed,31029.0,Right Defensive Midfield,133,Ghana,4885,"['cb7b2446-453a-4fba-98f4-5b5068cd802d', '0c495a42-e38b-4065-aba4-0b6a21e3fc9c']",23,,,,,,,,,,,,,,,,Ghana,4885,00:36:23.485,Carry,
,,,,,"[69.8, 44.1]",,,,,,,,,,,,1.427104,,,,,,,,,,,,,,,ae1f5ec4-a4be-4af5-84bf-11271a2da48f,2318,,"[65.4, 42.7]",3920410,81,,,,,,,,,,,,,,,,,,,,,,,,,2,Regular Play,Mohammed Kudus,17033.0,Right Attacking Midfield,133,Ghana,4885,"['7e364bed-8c33-4f0d-ab45-431f36580aa2', '306f77a6-1a7f-4fae-803f-b75f52c7f2c8', '18c350ba-c625-4ccc-86fc-479ce456afc4']",28,,,,,,,,,,,,,,,,Ghana,4885,00:36:28.045,Carry,True
,,,,,"[92.8, 31.9]",,,,,,,,,,,,5.32723,,,,,,,,,,,,,,,33ac9fc7-c438-4bca-a026-05af02a048d2,2325,,"[67.4, 41.9]",3920410,81,,,,,,,,,,,,,,,,,,,,,,,,,2,Regular Play,Mohammed Kudus,17033.0,Right Attacking Midfield,133,Ghana,4885,"['411c4ff0-200a-43da-8707-c48b92307cb3', '6976b1f2-cd21-4fff-9f00-2098d1cff5a4', '5d6ba397-852b-43c4-bf89-263d6e7a63a3', 'd949a37c-3436-4d71-9523-04706b93b6c3']",30,,,,,,,,,,,,,,,,Ghana,4885,00:36:30.567,Carry,True
,,,,,"[45.2, 39.3]",,,,,,,,,,,,0.808146,,,,,,,,,,,,,,,96da2b1e-551e-47ac-a805-6b919c44523e,2339,,"[40.6, 36.9]",3920410,84,,,,,,,,,,,,,,,,,,,,,,,,,2,From Keeper,Elias Gaspar Pelembe,106074.0,Left Defensive Midfield,136,Mozambique,4978,"['ff102b83-7b03-4fbc-aa59-880af4a36764', '93b80307-6590-47ed-9bdf-cdb980ade7ca']",41,,,,,,,,,,,,,,,,Mozambique,4978,00:39:41.122,Carry,
,,,,,"[48.7, 66.6]",,,,,,,,,,,,0.982455,,,,,,,,,,,,,,,27e80aa6-1e91-4dbd-813d-752f352842c0,2344,,"[45.6, 60.9]",3920410,84,,,,,,,,,,,,,,,,,,,,,,,,,2,From Keeper,Edson André Sitoe,3250.0,Right Center Back,136,Mozambique,4978,"['425b26b9-3deb-4325-bce4-351c96503e1e', 'f43aec11-d4d3-47ca-8a89-eee086e1e49e']",44,,,,,,,,,,,,,,,,Mozambique,4978,00:39:44.820,Carry,
,,,,,"[64.2, 77.0]",,,,,,,,,,,,0.925047,,,,,,,,,,,,,,,03bdba73-fe88-41ee-8ddb-110fc50bb8ea,2347,,"[62.7, 78.9]",3920410,84,,,,,,,,,,,,,,,,,,,,,,,,,2,From Keeper,Infren David da Conceição Matola,417067.0,Right Back,136,Mozambique,4978,"['4e2f4db5-1eaa-47b5-9518-23ac01aa0d46', 'bfd4b171-d6e2-4928-b153-47afde0bf99d']",47,,,,,,,,,,,,,,,,Mozambique,4978,00:39:47.169,Carry,
,,,,,"[72.0, 67.0]",,,,,,,,,,,,0.048965,,,,,,,,,,,,,,,7e93257e-87d9-4b8f-bc3e-5cc6a298330e,2351,,"[71.5, 68.8]",3920410,84,,,,,,,,,,,,,,,,,,,,,,,,,2,From Keeper,Geny Cipriano Catamo,127300.0,Right Midfield,136,Mozambique,4978,"['7a399434-cb45-4bbc-9f25-1017dcfdba46', '22d4b3ff-a7af-4aa5-aad8-7266c40ae815']",49,,,,,,,,,,,,,,,,Mozambique,4978,00:39:49.432,Carry,
,,,,,"[94.6, 1.4]",,,,,,,,,,,,7.02778,,,,,,,,,,,,,,,c21d19ee-ed58-4362-b8f6-f7f476e0de30,2355,,"[53.6, 11.1]",3920410,84,,,,,,,,,,,,,,,,,,,,,,,,,2,From Keeper,Jordan Ayew,3450.0,Left Attacking Midfield,136,Mozambique,4978,"['9e129ec8-5b28-456a-9e33-194c090b57a3', '34f17a73-2a13-4f4a-8e11-006ede6c03b3', '1981c7bb-ef9f-4c0a-ae75-0595e42542c5']",50,,,,,,,,,,,,,,,,Ghana,4885,00:39:50.397,Carry,True
,,,,,"[115.7, 0.1]",,,,,,,,,,,,6.856952,,,,,,,,,,,,,,,f2b13bbc-facd-4c72-b9e0-f1d6fe3f0d0e,2359,,"[94.6, 1.4]",3920410,84,,,,,,,,,,,,,,,,,,,,,,,,,2,From Keeper,Jordan Ayew,3450.0,Left Attacking Midfield,136,Mozambique,4978,"['4918d99f-941b-4dd9-824c-396fd923f631', 'b5d94bd4-95b0-4b2b-9151-3c2601e901f7', 'ff60905e-945b-4594-99c9-b5f0037b0449', '34f17a73-2a13-4f4a-8e11-006ede6c03b3']",57,,,,,,,,,,,,,,,,Ghana,4885,00:39:57.425,Carry,True
,,,,,"[2.2, 76.5]",,,,,,,,,,,,1.546356,,,,,,,,,,,,,,,533d7eac-5718-4e4d-b594-178a5e493479,2363,,"[4.4, 80.0]",3920410,85,,,,,,,,,,,,,,,,,,,,,,,,,2,From Keeper,Edson André Sitoe,3250.0,Right Center Back,136,Mozambique,4978,"['13d124d9-2d67-41bd-922d-d03ec248373c', '93b9b995-c1bd-47a0-bd65-9a6b413b67ed', 'a2e512be-f650-488b-ac24-24aacec996fa']",4,,,,,,,,,,,,,,,,Mozambique,4978,00:40:04.282,Carry,True
,,,,,"[10.9, 71.4]",,,,,,,,,,,,0.08,,,,,,,,,,,,,,,a8d383e7-7275-41d3-920d-94475b1365b4,2368,,"[8.2, 69.9]",3920410,85,,,,,,,,,,,,,,,,,,,,,,,,,2,From Keeper,Ricardo Martins Guimarães,29482.0,Right Defensive Midfield,136,Mozambique,4978,"['a8435111-fd5b-4be8-b6e0-a8ad15aa67a1', '4ec9f38f-5be1-4c0b-a55c-30037143411a', 'b9fd6749-2c34-4f21-8fdd-2b5384c2930b']",6,,,,,,,,,,,,,,,,Mozambique,4978,00:40:06.923,Carry,True
,,,,,"[17.1, 78.5]",,,,,,,,,,,,0.517722,,,,,,,,,,,,,,,4c6ab21b-bb85-49de-bdd2-2de6f8277160,2371,,"[16.9, 76.1]",3920410,85,,,,,,,,,,,,,,,,,,,,,,,,,2,From Keeper,Geny Cipriano Catamo,127300.0,Right Midfield,136,Mozambique,4978,"['0edddfa6-05fa-4045-b8e3-3021b3809c26', 'a28ab492-29a7-4f38-a4f2-ddda8e475ff1']",7,,,,,,,,,,,,,,,,Mozambique,4978,00:40:07.938,Carry,
,,,,,"[9.1, 77.9]",,,,,,,,,,,,0.72507,,,,,,,,,,,,,,,01e6e347-4e60-4d75-92c0-c30940c31c59,2375,,"[8.9, 77.5]",3920410,85,,,,,,,,,,,,,,,,,,,,,,,,,2,From Keeper,Edson André Sitoe,3250.0,Right Center Back,136,Mozambique,4978,"['6bf573e7-ec9b-4317-85e6-2dcf864973a5', '40a7f8c5-9d13-4e8b-b5d5-26bca3e951bc', '0b6bb162-e639-4ed0-aa18-4a47a517fe23']",9,,,,,,,,,,,,,,,,Mozambique,4978,00:40:09.448,Carry,True
,,,,,"[55.4, 43.3]",,,,,,,,,,,,5.127,,,,,,,,,,,,,,,9b2512d7-898c-43c8-b587-fc00ed9479f7,2378,,"[34.3, 60.1]",3920410,85,,,,,,,,,,,,,,,,,,,,,,,,,2,From Keeper,Elias Gaspar Pelembe,106074.0,Left Defensive Midfield,136,Mozambique,4978,"['c5a51598-fd52-49d6-ad63-6e6b42efd363', '99fc3cd8-98a9-40ae-8dd4-a17a1bc637e8', '9d08afce-38b7-44a6-9c7b-1a75aadfbab0']",11,,,,,,,,,,,,,,,,Mozambique,4978,00:40:11.998,Carry,True
,,,,,"[95.8, 54.8]",,,,,,,,,,,,5.054952,,,,,,,,,,,,,,,205f5bfd-54d7-46a9-a544-975fa8d80a35,2383,,"[67.1, 55.3]",3920410,85,,,,,,,,,,,,,,,,,,,,,,,,,2,From Keeper,Geny Cipriano Catamo,127300.0,Right Midfield,136,Mozambique,4978,"['ec242e0a-0435-43bb-9d61-4b2f51bc5312', '1eb917a1-4156-4529-a843-c99bad958c29', '0c99e639-f8a5-4616-979b-c1369698d35e']",18,,,,,,,,,,,,,,,,Mozambique,4978,00:40:18.410,Carry,True
,,,,,"[107.5, 10.1]",,,,,,,,,,,,1.47831,,,,,,,,,,,,,,,061dd55d-190f-417e-b370-b613f9d19cc2,2386,,"[110.6, 13.0]",3920410,85,,,,,,,,,,,,,,,,,,,,,,,,,2,From Keeper,Gildo Lourenço Vilanculos,106068.0,Left Midfield,136,Mozambique,4978,"['e3917c30-647f-4d26-b71a-6ab5af794dd6', '8fbf6354-55b6-4be9-9ced-a93d4da1b5cc', 'f184ecff-6146-445f-9c08-320bdb856e68']",26,,,,,,,,,,,,,,,,Mozambique,4978,00:40:26.899,Carry,True
,,,,,"[94.0, 14.4]",,,,,,,,,,,,2.548157,,,,,,,,,,,,,,,27f11c78-ad6b-4dcf-aeca-4dbb5d76904d,2392,,"[107.5, 9.9]",3920410,85,,,,,,,,,,,,,,,,,,,,,,,,,2,From Keeper,Gildo Lourenço Vilanculos,106068.0,Left Midfield,136,Mozambique,4978,"['9d198e10-ec7d-411e-a1e9-cf7812289820', 'aaa32f26-e21e-4a9e-aa4e-93aaff67c48c', 'efdc07d5-e5f9-4baa-b7fd-85ca581909af']",29,,,,,,,,,,,,,,,,Mozambique,4978,00:40:29.211,Carry,True
,,,,,"[76.0, 37.4]",,,,,,,,,,,,0.757101,,,,,,,,,,,,,,,44edf255-efe5-43ac-a241-f572e7d92093,2396,,"[76.2, 33.6]",3920410,85,,,,,,,,,,,,,,,,,,,,,,,,,2,From Keeper,Ricardo Martins Guimarães,29482.0,Right Defensive Midfield,136,Mozambique,4978,"['04843531-0ba3-4916-9118-61e07518e8f6', 'f7c16e16-2de2-4322-9305-1662cef0d3f0']",33,,,,,,,,,,,,,,,,Mozambique,4978,00:40:33.488,Carry,
,,,,,"[83.5, 67.4]",,,,,,,,,,,,3.105201,,,,,,,,,,,,,,,27903732-81cf-4eea-b07d-94ccf1ed07b7,2399,,"[85.9, 55.5]",3920410,85,,,,,,,,,,,,,,,,,,,,,,,,,2,From Keeper,Elias Gaspar Pelembe,106074.0,Left Defensive Midfield,136,Mozambique,4978,"['b65dd352-f907-4028-82b5-eb68bc965325', 'fc36e47c-f53c-41ad-a62e-d3d143f4bb48']",35,,,,,,,,,,,,,,,,Mozambique,4978,00:40:35.657,Carry,
,,,,,"[93.8, 78.9]",,,,,,,,,,,,1.049816,,,,,,,,,,,,,,,6663502d-78db-4a8c-8060-4c6654116195,2402,,"[93.2, 77.7]",3920410,85,,,,,,,,,,,,,,,,,,,,,,,,,2,From Keeper,Infren David da Conceição Matola,417067.0,Right Back,136,Mozambique,4978,"['2ade29cd-d5eb-4cdd-b356-8bfaa6db6943', 'f49ac4c6-c659-450f-ba4a-1d7f84232682']",39,,,,,,,,,,,,,,,,Mozambique,4978,00:40:39.923,Carry,
,,,,,"[13.5, 62.6]",,,,,,,,,,,,1.34462,,,,,,,,,,,,,,,ce7cfd8a-e05b-479f-81a8-b1aea7dcc2fa,2422,,"[12.7, 67.4]",3920410,86,,,,,,,,,,,,,,,,,,,,,,,,,2,From Throw In,Edson André Sitoe,3250.0,Right Center Back,138,Mozambique,4978,"['be582896-3307-4d80-a379-3eda8679e0dc', '35e512ce-d0ce-42af-a63e-ac7301f5032f', 'c880f8bd-84a1-48db-9caf-acc393d14487']",54,,,,,,,,,,,,,,,,Mozambique,4978,00:41:54.202,Carry,True
,,,,,"[12.5, 44.7]",,,,,,,,,,,,0.74678,,,,,,,,,,,,,,,1640847f-7d70-47ea-8cd3-6603085b8368,2426,,"[12.2, 44.5]",3920410,86,,,,,,,,,,,,,,,,,,,,,,,,,2,From Throw In,Reinildo Isnard Mandava,10848.0,Left Center Back,138,Mozambique,4978,"['04cd85f4-29c0-4240-a256-6810efd8de17', '081488e2-061b-4e1f-8a8e-2832c165584a']",56,,,,,,,,,,,,,,,,Mozambique,4978,00:41:56.797,Carry,
,,,,,"[28.2, 50.8]",,,,,,,,,,,,0.041333,,,,,,,,,,,,,,,a2c7faf9-73fb-44b7-8a55-33683b75e563,2429,,"[29.7, 47.1]",3920410,86,,,,,,,,,,,,,,,,,,,,,,,,,2,From Throw In,Shaquille Momad Nangy,136069.0,Center Defensive Midfield,138,Mozambique,4978,"['5f12e75a-6d8b-411e-ba6b-439da60adab2', 'eb9aee0d-95a8-4ed3-8471-16e59c4ccb76']",58,,,,,,,,,,,,,,,,Mozambique,4978,00:41:58.855,Carry,
,,,,,"[22.0, 66.0]",,,,,,,,,,,,8.01346,,,,,,,,,,,,,,,533d06ab-0c70-4b5a-baea-4dd024b40613,2432,,"[15.1, 77.5]",3920410,87,,,,,,,,,,,,,,,,,,,,,,,,,2,From Throw In,Edson André Sitoe,3250.0,Right Center Back,138,Mozambique,4978,"['f04a87db-57ec-4915-ac9c-921008d5c896', '397e610e-1b96-480a-87da-c01c5966168a']",1,,,,,,,,,,,,,,,,Mozambique,4978,00:42:01.609,Carry,
,,,,,"[29.7, 37.6]",,,,,,,,,,,,0.826974,,,,,,,,,,,,,,,85269860-f0b9-451b-a5fb-3c70d9c332a7,2435,,"[29.1, 34.7]",3920410,87,,,,,,,,,,,,,,,,,,,,,,,,,2,From Throw In,Reinildo Isnard Mandava,10848.0,Left Center Back,138,Mozambique,4978,"['0e0e3b91-0585-4b3c-98c7-f9fdf3348252', '17d20096-c3cd-4624-a586-d0827f8dc457']",11,,,,,,,,,,,,,,,,Mozambique,4978,00:42:11.657,Carry,
,,,,,"[42.1, 28.9]",,,,,,,,,,,,1.759558,,,,,,,,,,,,,,,a19e641d-bffe-422f-affa-dadd3b03e550,2438,,"[34.5, 28.5]",3920410,87,,,,,,,,,,,,,,,,,,,,,,,,,2,From Throw In,Shaquille Momad Nangy,136069.0,Center Defensive Midfield,138,Mozambique,4978,"['92908e4d-4b56-47a1-a42f-eee08ce803c1', '9389321a-c3ee-4883-8888-725d44eada42']",13,,,,,,,,,,,,,,,,Mozambique,4978,00:42:13.491,Carry,
,,,,,"[82.7, 6.7]",,,,,,,,,,,,1.855057,,,,,,,,,,,,,,,ec39938c-651b-4313-a89b-69b49f3e0e39,2441,,"[71.1, 6.1]",3920410,87,,,,,,,,,,,,,,,,,,,,,,,,,2,From Throw In,Bruno Alberto Langa,106070.0,Left Back,138,Mozambique,4978,"['167d2fee-c637-4e3f-9c4e-fb3021546b3f', '6d4689b5-6e6f-4e0a-9116-b81a8e1315e6']",17,,,,,,,,,,,,,,,,Mozambique,4978,00:42:17.340,Carry,
,,,,,"[15.0, 72.0]",,,,,,,,,,,,0.825799,,,,,,,,,,,,,,,02714bff-2b52-473d-86fe-e10ea83f4315,2449,,"[8.7, 75.1]",3920410,87,,,,,,,,,,,,,,,,,,,,,,,,,2,Regular Play,Daniel Amartey,3709.0,Right Center Back,139,Ghana,4885,"['c5c0497f-fec3-4114-b5d8-b2248a69fe31', '077bdd9b-2b93-4d8f-aa39-697efa118643']",35,,,,,,,,,,,,,,,,Ghana,4885,00:42:35.194,Carry,
,,,,,"[25.7, 53.6]",,,,,,,,,,,,0.069985,,,,,,,,,,,,,,,d2f91a65-a713-4544-8f54-0419aeea359c,2453,,"[30.2, 56.2]",3920410,87,,,,,,,,,,,,,,,,,,,,,,,,,2,Regular Play,Salis Abdul Samed,31029.0,Right Defensive Midfield,139,Ghana,4885,"['b2320ffc-4ea6-4cf5-b921-56db9e0d555b', '1314f53e-74fe-45a4-970b-39c3da710e8a', '4364af91-e4b9-4239-b9e3-e438aada45e9']",37,,,,,,,,,,,,,,,,Ghana,4885,00:42:37.427,Carry,True
,,,,,"[36.1, 69.6]",,,,,,,,,,,,4.865775,,,,,,,,,,,,,,,8dda1646-54e3-4bc4-8f22-d2cbd1df2a04,2468,,"[22.6, 38.7]",3920410,88,,,,,,,,,,,,,,,,,,,,,,,,,2,Regular Play,Infren David da Conceição Matola,417067.0,Right Back,142,Mozambique,4978,"['06a91543-e784-4225-b022-19ee0ac9c4df', 'fdae14ce-cb62-4b45-80fc-ca1a82fdad41']",18,,,,,,,,,,,,,,,,Mozambique,4978,00:43:18.531,Carry,
,,,,,"[28.4, 51.6]",,,,,,,,,,,,1.392557,,,,,,,,,,,,,,,057bc191-0298-43a5-b337-cf65a26019a9,2471,,"[26.2, 55.5]",3920410,88,,,,,,,,,,,,,,,,,,,,,,,,,2,Regular Play,Edson André Sitoe,3250.0,Right Center Back,142,Mozambique,4978,"['e0d2449c-943f-475a-8d99-2fcfb409c299', '0e08e823-407d-42f3-a702-83292589a775']",25,,,,,,,,,,,,,,,,Mozambique,4978,00:43:25.204,Carry,
,,,,,"[42.8, 28.7]",,,,,,,,,,,,3.146117,,,,,,,,,,,,,,,4b808263-e58f-4619-b305-bc15729905a3,2474,,"[33.5, 34.7]",3920410,88,,,,,,,,,,,,,,,,,,,,,,,,,2,Regular Play,Reinildo Isnard Mandava,10848.0,Left Center Back,142,Mozambique,4978,"['e61fc720-eb74-414c-9995-174d4a1ae271', '9708e27b-3290-494f-912c-9a32cb5e5f4d']",27,,,,,,,,,,,,,,,,Mozambique,4978,00:43:27.929,Carry,
,,,,,"[50.5, 4.1]",,,,,,,,,,,,1.818615,,,,,,,,,,,,,,,0ba9f011-5bf4-416b-90e4-6e1832891953,2477,,"[50.7, 5.1]",3920410,88,,,,,,,,,,,,,,,,,,,,,,,,,2,Regular Play,Bruno Alberto Langa,106070.0,Left Back,142,Mozambique,4978,"['1c3becb0-165d-4abf-b889-91578d9db285', 'a4fc2c02-5eca-47e3-a2f0-f5607295cf71']",32,,,,,,,,,,,,,,,,Mozambique,4978,00:43:32.474,Carry,
,,,,,"[84.6, 19.2]",,,,,,,,,,,,0.013767,,,,,,,,,,,,,,,1d026f8a-12f3-4ac0-9412-3fc8977ed4e6,2483,,"[82.0, 18.0]",3920410,88,,,,,,,,,,,,,,,,,,,,,,,,,2,Regular Play,Elias Gaspar Pelembe,106074.0,Center Attacking Midfield,142,Mozambique,4978,"['8a8be0d4-499d-417e-a284-8fbbb8536276', 'b0af2da4-eb8d-49a7-b8a7-fb4e0c645c2d', '7ecfe6b4-33a9-43ce-a688-181bc2df82bf']",37,,,,,,,,,,,,,,,,Mozambique,4978,00:43:37.849,Carry,True
,,,,,"[24.6, 10.3]",,,,,,,,,,,,1.33393,,,,,,,,,,,,,,,0bbd219a-2413-4569-97c1-9b7c9a9b68b9,2501,,"[27.5, 10.6]",3920410,91,,,,,,,,,,,,,,,,,,,,,,,,,2,Regular Play,Reinildo Isnard Mandava,10848.0,Left Center Back,146,Mozambique,4978,"['ccfc9d41-9dc2-4693-995b-d0cea869c6d5', '66923124-6aa5-49c4-95c0-82c4eb4547e8', '56df5b06-c2e0-45bd-ba64-d9feaf89ca9d']",29,,,,,,,,,,,,,,,,Mozambique,4978,00:46:29.743,Carry,True
,,,,,"[17.3, 30.7]",,,,,,,,,,,,0.523508,,,,,,,,,,,,,,,89882ddd-d294-4158-830d-26ff34511fed,2505,,"[17.3, 29.4]",3920410,91,,,,,,,,,,,,,,,,,,,,,,,,,2,Regular Play,Shaquille Momad Nangy,136069.0,Center Defensive Midfield,146,Mozambique,4978,"['914abd07-fd71-4246-98e5-604b049fab9e', '200e9f3a-d03e-4408-a6b0-cd0685695b4a']",33,,,,,,,,,,,,,,,,Mozambique,4978,00:46:33.268,Carry,
,,,,,"[35.7, 69.2]",,,,,,,,,,,,2.264731,,,,,,,,,,,,,,,8935b048-44ee-43b4-abb7-72797ce4c03d,2508,,"[31.1, 64.4]",3920410,91,,,,,,,,,,,,,,,,,,,,,,,,,2,Regular Play,Infren David da Conceição Matola,417067.0,Right Back,146,Mozambique,4978,"['ecec66c4-3cec-4007-b22c-621534a36433', 'e4fb8d9f-92fc-42a8-a264-96f914e942ae']",36,,,,,,,,,,,,,,,,Mozambique,4978,00:46:36.440,Carry,
,,,,,"[49.7, 73.7]",,,,,,,,,,,,3.191307,,,,,,,,,,,,,,,df1469a6-d9ec-4a46-9522-8effa22ac4d2,2511,,"[47.4, 77.0]",3920410,91,,,,,,,,,,,,,,,,,,,,,,,,,2,Regular Play,João José Jone Bonde,417068.0,Right Center Midfield,146,Mozambique,4978,"['aa16571f-d9f8-4507-928b-280034b0ec62', '77dc47a9-697b-4172-b301-56a01eda9c2e']",39,,,,,,,,,,,,,,,,Mozambique,4978,00:46:39.863,Carry,
,,,,,"[70.9, 61.1]",,,,,,,,,,,,1.190288,,,,,,,,,,,,,,,fcd6c54b-1c6b-49b0-aeac-bedbd6c19ce7,2517,,"[69.3, 65.9]",3920410,92,,,,,,,,,,,,,,,,,,,,,,,,,2,From Throw In,Edson André Sitoe,3250.0,Right Center Back,147,Mozambique,4978,"['21c6ef9b-0395-4934-baa8-2b3031a6314e', 'a53252b6-b49c-448c-8979-2473c4cd2b49']",1,,,,,,,,,,,,,,,,Mozambique,4978,00:47:01.575,Carry,
,,,,,"[67.1, 36.5]",,,,,,,,,,,,2.133471,,,,,,,,,,,,,,,53cb38e6-f8eb-4936-baef-31896b1ff5d1,2520,,"[66.5, 38.0]",3920410,92,,,,,,,,,,,,,,,,,,,,,,,,,2,From Throw In,Reinildo Isnard Mandava,10848.0,Left Center Back,147,Mozambique,4978,"['8ee82e8f-c776-443a-b5d2-bad14fa659aa', '7c5cce61-ae8b-4bc3-bd8f-eda798e29bb3']",3,,,,,,,,,,,,,,,,Mozambique,4978,00:47:03.902,Carry,
,,,,,"[86.4, 54.6]",,,,,,,,,,,,2.406403,,,,,,,,,,,,,,,d7fbcb55-8e81-4a4d-8b2e-7d026db7bcab,2523,,"[74.6, 59.5]",3920410,92,,,,,,,,,,,,,,,,,,,,,,,,,2,From Throw In,Edson André Sitoe,3250.0,Right Center Back,147,Mozambique,4978,"['314479e3-0885-42ee-baae-a4b4851c43ea', 'd96b9c38-2567-42be-bc7d-ca269349ab14']",8,,,,,,,,,,,,,,,,Mozambique,4978,00:47:08.099,Carry,
,,,,,"[111.9, 22.2]",,,,,,,,,,,,1.111911,,,,,,,,,,,,,,,9d1034ae-8486-4944-bcec-bbb2ca37b2cb,2548,,"[102.4, 15.1]",3920410,94,,,,,,,,,,,,,,,,,,,,,,,,,2,From Kick Off,Jordan Ayew,3450.0,Left Attacking Midfield,150,Ghana,4885,"['c2228a10-89e9-4e8a-be00-a4e286335380', 'f01658d8-d165-4231-9061-cdd07e8804bd', '7efb68a9-8bef-46b1-81a8-bec0326cf8fb']",12,,,,,,,,,,,,,,,,Ghana,4885,00:49:12.028,Carry,True
,,,,,"[62.9, 78.3]",,,,,,,,,,,,1.001369,,,,,,,,,,,,,,,5f8a006b-68fb-4905-a665-c9874bb9cece,2561,,"[55.2, 78.5]",3920410,95,,,,,,,,,,,,,,,,,,,,,,,,,2,From Free Kick,Infren David da Conceição Matola,417067.0,Right Back,152,Mozambique,4978,"['f69635e4-6104-4ae9-aa11-a42cef188b53', '1f3c7db7-d0a0-4e8a-b74e-44d01406b77b']",19,,,,,,,,,,,,,,,,Mozambique,4978,00:50:19.068,Carry,
,,,,,"[84.7, 42.1]",,,,,,,,,,,,1.900669,,,,,,,,,,,,,,,9fc51b4f-d725-444e-aec0-21588d0c8f31,2570,,"[75.6, 44.9]",3920410,95,,,,,,,,,,,,,,,,,,,,,,,,,2,From Free Kick,Elias Gaspar Pelembe,106074.0,Center Attacking Midfield,152,Mozambique,4978,"['817e5965-3012-48fe-9ece-44c918e4547d', 'd7fe75a5-a687-4bf2-a59c-3e97ba26d237']",27,,,,,,,,,,,,,,,,Mozambique,4978,00:50:27.532,Carry,
,,,,,"[18.6, 51.8]",,,,,,,,,,,,1.822621,,,,,,,,,,,,,,,c67431f9-4a03-4cb2-b2ba-cb410cdb310f,2576,,"[12.2, 49.9]",3920410,95,,,,,,,,,,,,,,,,,,,,,,,,,2,From Free Kick,Salis Abdul Samed,31029.0,Right Defensive Midfield,152,Mozambique,4978,"['6560595b-ee48-4daf-b5fc-5eb65081b8f5', '376c2ab8-7bfb-4efc-9457-cb1f7ccc8d7a', 'aaa30f43-4797-45b7-ae43-9f366bb413a2']",33,,,,,,,,,,,,,,,,Ghana,4885,00:50:33.068,Carry,True
,,,,,"[89.0, 48.9]",,,,,,,,,,,,1.684563,,,,,,,,,,,,,,,30bdcab7-9c8d-4a09-baa8-83453a23b325,2582,,"[82.2, 55.5]",3920410,95,,,,,,,,,,,,,,,,,,,,,,,,,2,From Free Kick,Infren David da Conceição Matola,417067.0,Right Back,152,Mozambique,4978,"['04193311-3485-4a87-80dd-888b1dd68e8d', '0c9e613b-567c-4fe0-b906-0d4eeddc8e8e']",38,,,,,,,,,,,,,,,,Mozambique,4978,00:50:38.538,Carry,
,,,,,"[98.4, 21.7]",,,,,,,,,,,,4.629103,,,,,,,,,,,,,,,b191153b-97a1-4656-8b9d-6bc0a4f1811f,2588,,"[102.8, 20.9]",3920410,95,,,,,,,,,,,,,,,,,,,,,,,,,2,From Free Kick,Bruno Alberto Langa,106070.0,Left Back,152,Mozambique,4978,"['8b9cc856-bf1a-4487-86c0-7e9130840a0e', '655f6934-b304-4f5e-8bb9-560bdb77987b', '00fafe81-cc7a-4b8e-9731-8da7ea8255be']",43,,,,,,,,,,,,,,,,Mozambique,4978,00:50:43.485,Carry,True
,,,,,,,,,,,,,,,,,0.423832,,,,,,,,,,,,,,,8bb5de0a-6d2d-4f1b-aae6-ec99d146f72d,11,,"[91.2, 29.4]",3920410,0,,,,,,,,,,,,,,,,,,,,,,,,,1,From Kick Off,Antoine Semenyo,9286.0,Center Forward,2,Mozambique,4978,"['160b5215-23e4-4b5d-ac3d-c6e45decd779', '7a577276-1c5d-4222-b75d-6111c2e55d57']",5,,,,,,,,,,,,,,,,Ghana,4885,00:00:05.830,Pressure,
,,,,,,,,,,,,,,,,,1.239991,,,,,,,,,,,,,,,fb1f40b1-8e42-4fda-9b19-968a7382b93e,26,,"[31.1, 66.0]",3920410,0,,,,,,,,,,,,,,,,,,,,,,,,,1,From Throw In,Feliciano João Jone,129475.0,Left Defensive Midfield,3,Ghana,4885,['a5ef04b8-7fd6-4797-ada7-d5dcb7243916'],20,,,,,,,,,,,,,,,,Mozambique,4978,00:00:20.987,Pressure,
,,,,,,,,,,,,,,,,,0.52,,,,,,,,,,,,,,,75c8b6b0-9f13-4cd9-8086-677c63e58f02,30,,"[21.1, 45.1]",3920410,0,,,,,,,,,,,,,,,,,,,,,,,,,1,From Throw In,Reinildo Isnard Mandava,10848.0,Left Center Back,3,Ghana,4885,['75d6fe69-025c-4bc6-a9db-218474b6d9b5'],24,,,,,,,,,,,,,,,,Mozambique,4978,00:00:24.667,Pressure,
,,,,,,,,,,,,,,,,,0.279998,,,,,,,,,,,,,,,57e66a94-73f1-41ef-96ca-9688161f5186,58,,"[74.8, 35.7]",3920410,2,,,,,,,,,,,,,,,,,,,,,,,,,1,From Throw In,Ricardo Martins Guimarães,29482.0,Center Attacking Midfield,5,Ghana,4885,"['32a6ed47-c237-4375-88db-3c68137278f4', 'aa54c579-333a-4ab3-b688-31dc2a2a08cf']",32,,,,,,,,,,,,,,,,Mozambique,4978,00:02:32.603,Pressure,
,,,,,,,,,,,,,,,,,0.319998,,,,,,,,,,,,,,,90dd226d-6176-4fe0-bd33-5e5a3719f1c0,63,,"[104.6, 35.1]",3920410,2,,,,,,,,,,,,,,,,,,,,,,,,,1,From Throw In,Pachoio Lau Há King,106082.0,Center Forward,5,Ghana,4885,,36,,,,,,,,,,,,,,,,Mozambique,4978,00:02:36.283,Pressure,
,,,,,,,,,,,,,,,,,2.319996,,,,,,,,,,,,,,,7c7975d3-0cbe-495d-903b-3eec5d5f0c66,78,,"[63.7, 33.1]",3920410,2,,,,,,,,,,,,,,,,,,,,,,,,,1,From Throw In,Pachoio Lau Há King,106082.0,Center Forward,5,Ghana,4885,"['3b73a4c5-747b-48c8-9c9b-99160002a354', '8467bcd9-c137-4149-9df5-1951d4033f60']",50,,,,,,,,,,,,,,,,Mozambique,4978,00:02:50.430,Pressure,
,,,,,,,,,,,,,,,,,1.479992,,,,,,,,,,,,,,,9c77b159-2294-4ca3-92a3-4e3d4b7d6fe1,85,,"[65.6, 75.3]",3920410,2,,,,,,,,,,,,,,,,,,,,,,,,,1,From Throw In,Geny Cipriano Catamo,127300.0,Right Wing,5,Ghana,4885,['c26d4bb9-2c14-462c-ad19-a310b4092fe6'],59,,,,,,,,,,,,,,,,Mozambique,4978,00:02:59.411,Pressure,
,,,,,,,,,,,,,,,,,0.199997,,,,,,,,,,,,,,,cf292745-75f9-442d-9a45-6a3f46e48458,86,,"[65.6, 76.0]",3920410,3,,,,,,,,,,,,,,,,,,,,,,,,,1,From Throw In,Infren David da Conceição Matola,417067.0,Right Back,5,Ghana,4885,,0,,,,,,,,,,,,,,,,Mozambique,4978,00:03:00.971,Pressure,
,,,,,,,,,,,,,,,,,1.36,,,,,,,,,,,,,,,af62cf7d-4dcc-4f15-8fa9-31211fe68dbc,87,,"[65.2, 76.0]",3920410,3,,,,,,,,,,,,,,,,,,,,,,,,,1,From Throw In,Geny Cipriano Catamo,127300.0,Right Wing,5,Ghana,4885,,2,,,,,,,,,,,,,,,,Mozambique,4978,00:03:02.498,Pressure,
,,,,,,,,,,,,,,,,,0.56,,,,,,,,,,,,,,,0e14cbdb-f817-4bff-b9e4-b86cc7c249ce,106,,"[47.4, 20.5]",3920410,3,,,,,,,,,,,,,,,,,,,,,,,,,1,From Free Kick,Feliciano João Jone,129475.0,Left Defensive Midfield,6,Ghana,4885,,22,,,,,,,,,,,,,,,,Mozambique,4978,00:03:22.058,Pressure,
,,,,,,,,,,,,,,,,,0.405219,,,,,,,,,,,,,,,ea461415-9560-4812-b749-2f0bf17ee48c,126,,"[64.7, 8.1]",3920410,3,,,,,,,,,,,,,,,,,,,,,,,,,1,Regular Play,Salis Abdul Samed,31029.0,Left Defensive Midfield,7,Mozambique,4978,"['af2437e0-04df-4d90-bc9e-1f8937a7daa9', 'a48cc2b7-c5b3-41ad-bbd1-4decaa7afeca']",48,,,,,,,,,,,,,,,,Ghana,4885,00:03:48.333,Pressure,
,,,,,,,,,,,,,,,,,1.519999,,,,,,,,,,,,,,,3bcb4857-84de-4d1f-be81-a30f0361c8a7,128,,"[84.6, 68.4]",3920410,3,,,,,,,,,,,,,,,,,,,,,,,,,1,Regular Play,Pachoio Lau Há King,106082.0,Center Forward,7,Mozambique,4978,"['a76c63c4-543a-4fe5-b1ea-c1e9a41e02a1', 'dab69173-86cb-45ee-89b3-ad1765884539']",50,,,,,,,,,,,,,,,,Mozambique,4978,00:03:50.270,Pressure,
,,,,,,,,,,,,,,,,,0.764507,,,,,,,,,,,,,,,c2f23839-eee8-4139-9473-6cda8616b87c,151,,"[95.5, 60.2]",3920410,4,,,,,,,,,,,,,,,,,,,,,,,,,1,Regular Play,Antoine Semenyo,9286.0,Center Forward,7,Mozambique,4978,['e596f3a2-4915-4641-b5db-cbafcdd3795f'],14,,,,,,,,,,,,,,,,Ghana,4885,00:04:14.503,Pressure,
,,,,,,,,,,,,,,,,,0.343706,,,,,,,,,,,,,,,89e334f9-ad4a-4b70-8645-285304b0f65a,171,,"[48.8, 63.1]",3920410,4,,,,,,,,,,,,,,,,,,,,,,,,,1,Regular Play,Denis Odoi,12259.0,Right Back,7,Mozambique,4978,"['23bbbbe1-8a0d-4f9d-a0d6-e7d123bcbebd', 'fb35bea6-2ecb-40a9-96b4-351736f60963', '6d38876c-c3f8-4a5e-889f-085e50e32277']",35,,,,,,,,,,,,,,,,Ghana,4885,00:04:35.139,Pressure,
,,,,,,,,,,,True,,,,,,1.319999,,,,,,,,,,,,,,,51b466bf-5176-4cce-9602-1a01685fa0b6,177,,"[62.8, 11.6]",3920410,4,,,,,,,,,,,,,,,,,,,,,,,,,1,Regular Play,Ricardo Martins Guimarães,29482.0,Center Attacking Midfield,7,Mozambique,4978,['8f068dfb-6b5f-4cc0-a872-eb9ba3663c89'],35,,,,,,,,,,,,,,,,Mozambique,4978,00:04:35.666,Pressure,
,,,,,,,,,,,True,,,,,,0.359999,,,,,,,,,,,,,,,8d9904e9-4eaa-4f34-9feb-9db04ff9601b,178,,"[54.6, 14.0]",3920410,4,,,,,,,,,,,,,,,,,,,,,,,,,1,Regular Play,Reinildo Isnard Mandava,10848.0,Left Center Back,7,Mozambique,4978,,37,,,,,,,,,,,,,,,,Mozambique,4978,00:04:37.626,Pressure,
,,,,,,,,,,,True,,,,,,0.759999,,,,,,,,,,,,,,,e93c9499-b04c-47f5-a69d-fdaa3ba81876,195,,"[68.0, 27.0]",3920410,5,,,,,,,,,,,,,,,,,,,,,,,,,1,Regular Play,Alfons Amade,23706.0,Right Defensive Midfield,9,Ghana,4885,"['9a3efc73-2724-4118-9fff-ae97d52f57a0', '83da2bcb-c1a1-45c7-a1c8-ef456a66b079']",53,,,,,,,,,,,,,,,,Mozambique,4978,00:05:53.236,Pressure,
,,,,,,,,,,,True,,,,,,0.519998,,,,,,,,,,,,,,,6964d5a2-3fda-4853-953c-5696299eb535,196,,"[69.3, 26.6]",3920410,5,,,,,,,,,,,,,,,,,,,,,,,,,1,Regular Play,Ricardo Martins Guimarães,29482.0,Center Attacking Midfield,9,Ghana,4885,['9a3efc73-2724-4118-9fff-ae97d52f57a0'],53,,,,,,,,,,,,,,,,Mozambique,4978,00:05:53.436,Pressure,
,,,,,,,,,,,,,,,,,1.079757,,,,,,,,,,,,,,,5a71dd56-c1c9-4086-94a6-2f22c858039f,211,,"[117.1, 58.7]",3920410,6,,,,,,,,,,,,,,,,,,,,,,,,,1,Regular Play,Joseph Paintsil,16546.0,Right Wing,10,Mozambique,4978,"['9f87ae73-e51d-42a4-8b93-8e2dfafb3421', '91cc517d-cc38-46af-864f-7237ba1e101a']",7,,,,,,,,,,,,,,,,Ghana,4885,00:06:07.449,Pressure,
,,,,,,,,,,,,,,,,,0.20281,,,,,,,,,,,,,,,10351e04-41ef-4cff-b210-3c269b471961,214,,"[116.2, 75.9]",3920410,6,,,,,,,,,,,,,,,,,,,,,,,,,1,Regular Play,Joseph Paintsil,16546.0,Right Wing,10,Mozambique,4978,"['9f87ae73-e51d-42a4-8b93-8e2dfafb3421', '0b1049d5-1bce-4e14-8674-e218ba871789']",11,,,,,,,,,,,,,,,,Ghana,4885,00:06:11.103,Pressure,
,,,,,,,,,,,,,,,,,0.606801,,,,,,,,,,,,,,,e7a4d3a5-d581-4306-b3dc-1c295409f4c1,220,,"[78.4, 72.4]",3920410,6,,,,,,,,,,,,,,,,,,,,,,,,,1,From Throw In,Majeed Ashimeru,30693.0,Right Defensive Midfield,11,Mozambique,4978,"['c4deeb6e-61fd-4dee-88d6-8b6656916812', 'a6dd9ecf-e018-4a89-9c68-768624d09298']",33,,,,,,,,,,,,,,,,Ghana,4885,00:06:33.235,Pressure,
,,,,,,,,,,,,,,,,,1.109553,,,,,,,,,,,,,,,ead7b2a3-82a7-4dff-a690-5b5b61c8e082,227,,"[75.5, 11.7]",3920410,6,,,,,,,,,,,,,,,,,,,,,,,,,1,From Throw In,Jordan Ayew,3450.0,Left Wing,11,Mozambique,4978,"['7293d74e-3a51-4bfe-8177-9aa50f75579e', '4162367a-322f-456e-a131-da449ad5dd52']",39,,,,,,,,,,,,,,,,Ghana,4885,00:06:39.616,Pressure,
,,,,,,,,,,,,,,,,,0.56,,,,,,,,,,,,,,,0af30841-3624-4ce2-8b71-bd3814ba047f,239,,"[33.7, 67.7]",3920410,6,,,,,,,,,,,,,,,,,,,,,,,,,1,Regular Play,Ricardo Martins Guimarães,29482.0,Center Attacking Midfield,12,Ghana,4885,"['baab532c-c6d6-4f27-9c6d-7e5073cf05af', '432dea78-c086-4a21-8b1c-b6782a710cdc']",50,,,,,,,,,,,,,,,,Mozambique,4978,00:06:50.015,Pressure,
,,,,,,,,,,,,,,,,,0.32,,,,,,,,,,,,,,,a329abd5-aba9-4779-b3d1-c5c4fd0317e0,244,,"[26.7, 66.2]",3920410,6,,,,,,,,,,,,,,,,,,,,,,,,,1,Regular Play,Feliciano João Jone,129475.0,Left Defensive Midfield,12,Ghana,4885,"['b22ce57f-ef8d-4d27-a0e5-307e227d6ffc', '96fb982c-2e85-4130-8a47-e3557a99c6eb']",52,,,,,,,,,,,,,,,,Mozambique,4978,00:06:52.295,Pressure,
,,,,,,,,,,,True,,,,,,0.437372,,,,,,,,,,,,,,,07345e16-f6df-4022-8700-e24dffd1003b,258,,"[94.2, 29.6]",3920410,7,,,,,,,,,,,,,,,,,,,,,,,,,1,Regular Play,Majeed Ashimeru,30693.0,Right Defensive Midfield,13,Mozambique,4978,"['316dd0f0-63cd-4c52-8e8a-becfe20d5509', 'bef66e1a-7ba7-496b-8b1e-f728ffa31f2c', '16f19737-8af5-4b09-804a-076009e993d2']",3,,,,,,,,,,,,,,,,Ghana,4885,00:07:03.867,Pressure,
,,,,,,,,,,,,,,,,,0.498676,,,,,,,,,,,,,,,9fab5913-9f37-451b-9be8-686f22f95576,264,,"[64.7, 17.0]",3920410,7,,,,,,,,,,,,,,,,,,,,,,,,,1,Regular Play,Majeed Ashimeru,30693.0,Right Defensive Midfield,13,Mozambique,4978,"['319beaed-362a-493b-bb2f-006e346f071f', '9eb0ffde-6a75-4e20-ba24-173203b191e8']",10,,,,,,,,,,,,,,,,Ghana,4885,00:07:10.270,Pressure,
,,,,,,,,,,,,,,,,,0.422543,,,,,,,,,,,,,,,c74692b9-f85f-44fb-8de9-6a1669511a52,281,,"[54.0, 76.8]",3920410,7,,,,,,,,,,,,,,,,,,,,,,,,,1,From Free Kick,Joseph Paintsil,16546.0,Right Wing,14,Mozambique,4978,"['400a585b-7969-4e2d-bb7a-b2880c7da242', '8ca61979-654d-44b0-9205-2965d24cbf61']",48,,,,,,,,,,,,,,,,Ghana,4885,00:07:48.171,Pressure,
,,,,,,,,,,,,,,,,,0.412382,,,,,,,,,,,,,,,61af7450-98f6-41ce-a2e6-5a781511c49c,286,,"[32.9, 5.9]",3920410,8,,,,,,,,,,,,,,,,,,,,,,,,,1,From Free Kick,Gideon Mensah,23615.0,Left Back,15,Mozambique,4978,['64e2ddf9-6a0e-44ea-ba82-6eec05aac7b4'],16,,,,,,,,,,,,,,,,Ghana,4885,00:08:16.097,Pressure,
,,,,,,,,,,,True,,,,,,1.639996,,,,,,,,,,,,,,,d61194d9-d5a1-4ab7-8527-712048c8e996,290,,"[82.0, 73.1]",3920410,8,,,,,,,,,,,,,,,,,,,,,,,,,1,From Free Kick,Geny Cipriano Catamo,127300.0,Right Wing,15,Mozambique,4978,"['c0f72f37-6cde-433d-b259-1e8e510313d5', 'e8c03eca-51c5-4003-a884-97d9b80b5424']",17,,,,,,,,,,,,,,,,Mozambique,4978,00:08:17.234,Pressure,
,,,,,,,,,,,True,,,,,,0.748467,,,,,,,,,,,,,,,2b77b0a0-4a93-40b0-b8ec-e019b82d49e7,294,,"[57.2, 68.8]",3920410,8,,,,,,,,,,,,,,,,,,,,,,,,,1,From Free Kick,Alfons Amade,23706.0,Right Defensive Midfield,15,Mozambique,4978,['ce3f259a-b208-4bd1-988b-44e842632620'],20,,,,,,,,,,,,,,,,Mozambique,4978,00:08:20.594,Pressure,
,,,,,,,,,,,,,,,,,0.806012,,,,,,,,,,,,,,,3756d0cf-9e5b-45ea-b0b3-f0e8954f3092,313,,"[11.8, 30.4]",3920410,8,,,,,,,,,,,,,,,,,,,,,,,,,1,From Free Kick,Mohamed Salisu,30519.0,Left Center Back,15,Mozambique,4978,"['9e4009a2-6ce1-48d5-a796-1c072b08b7bd', '2bce7279-e762-42af-ab93-39cf3f2b448d']",44,,,,,,,,,,,,,,,,Ghana,4885,00:08:44.043,Pressure,
,,,,,,,,,,,,,,,,,2.55997,,,,,,,,,,,,,,,253d2716-2981-44fd-9443-4ae05efe3921,336,,"[42.2, 73.4]",3920410,10,,,,,,,,,,,,,,,,,,,,,,,,,1,From Throw In,Ricardo Martins Guimarães,29482.0,Center Attacking Midfield,18,Ghana,4885,"['42cfb80e-db41-4f09-929c-06015d6f30c3', 'a9aea4a7-a774-4a46-9995-847d4fd4cf0c']",11,,,,,,,,,,,,,,,,Mozambique,4978,00:10:11.030,Pressure,
,,,,,,,,,,,,,,,,,1.519989,,,,,,,,,,,,,,,50672b71-add4-460d-b3a7-e6d4a215a94c,344,,"[16.3, 72.9]",3920410,10,,,,,,,,,,,,,,,,,,,,,,,,,1,From Throw In,Infren David da Conceição Matola,417067.0,Right Back,19,Ghana,4885,"['3b86ddc5-306b-44ab-a1dc-8a538c24bc71', 'edf6c535-de5b-4c60-b3bc-75bf7e32fe25']",29,,,,,,,,,,,,,,,,Mozambique,4978,00:10:29.110,Pressure,
,,,,,,,,,,,,,,,,,0.398189,,,,,,,,,,,,,,,a2bb0162-682c-44cb-a69d-07014a1c2538,357,,"[94.2, 34.8]",3920410,11,,,,,,,,,,,,,,,,,,,,,,,,,1,From Throw In,Mohammed Kudus,17033.0,Center Attacking Midfield,22,Mozambique,4978,"['d66b0947-eb52-492d-87c7-2725ff5ef63a', '7f8eb08a-796e-4f0a-b440-7f3c0edee489']",16,,,,,,,,,,,,,,,,Ghana,4885,00:11:16.601,Pressure,
,,,,,,,,,,,,,,,,,0.995816,,,,,,,,,,,,,,,856b7500-83c2-4055-af81-3b51dfd9fe3a,361,,"[89.0, 27.8]",3920410,11,,,,,,,,,,,,,,,,,,,,,,,,,1,From Throw In,Majeed Ashimeru,30693.0,Right Defensive Midfield,22,Mozambique,4978,['89ff5736-d921-41df-84e9-b5ccb48ceebb'],18,,,,,,,,,,,,,,,,Ghana,4885,00:11:18.582,Pressure,
,,,,,,,,,,,,,,,,,1.543846,,,,,,,,,,,,,,,03dec0c4-b9a9-4bb5-a9bc-880b88276597,371,,"[59.2, 74.1]",3920410,11,,,,,,,,,,,,,,,,,,,,,,,,,1,From Throw In,Joseph Paintsil,16546.0,Right Wing,22,Mozambique,4978,['d9c53942-6fc2-40b0-8291-36c198e5e913'],26,,,,,,,,,,,,,,,,Ghana,4885,00:11:26.475,Pressure,
,,,,,,,,,,,,,,,,,0.439941,,,,,,,,,,,,,,,bd035644-02e2-469b-9063-bd3dc8962474,379,,"[82.2, 30.3]",3920410,11,,,,,,,,,,,,,,,,,,,,,,,,,1,From Throw In,Bruno Alberto Langa,106070.0,Left Back,22,Mozambique,4978,,32,,,,,,,,,,,,,,,,Mozambique,4978,00:11:32.355,Pressure,
,,,,,,,,,,,True,,,,,,0.959998,,,,,,,,,,,,,,,0fef4aa0-db5d-4d20-88fd-88d71a52a3cd,385,,"[42.8, 6.6]",3920410,11,,,,,,,,,,,,,,,,,,,,,,,,,1,Regular Play,Alfons Amade,23706.0,Right Defensive Midfield,23,Ghana,4885,['6c9b62c6-83f9-4318-bc67-d6ad21b5269e'],39,,,,,,,,,,,,,,,,Mozambique,4978,00:11:39.684,Pressure,
,,,,,,,,,,,,,,,,,0.919999,,,,,,,,,,,,,,,85797679-dc3d-4c2d-bd16-caa935d287fb,386,,"[40.2, 10.7]",3920410,11,,,,,,,,,,,,,,,,,,,,,,,,,1,Regular Play,Ricardo Martins Guimarães,29482.0,Center Attacking Midfield,23,Ghana,4885,['eaa301e9-33b8-434f-937a-dccad0692246'],42,,,,,,,,,,,,,,,,Mozambique,4978,00:11:42.524,Pressure,
,,,,,,,,,,,,,,,,,1.679999,,,,,,,,,,,,,,,b7b44a97-4a65-4300-b293-646283b9458f,396,,"[33.5, 64.0]",3920410,11,,,,,,,,,,,,,,,,,,,,,,,,,1,Regular Play,Pachoio Lau Há King,106082.0,Center Forward,23,Ghana,4885,"['eb1a1799-a103-40af-9408-1d991de128b6', '3333fa11-5906-4032-ada9-73ebff4662be']",51,,,,,,,,,,,,,,,,Mozambique,4978,00:11:51.230,Pressure,
,,,,,,,,,,,,,,,,,0.199998,,,,,,,,,,,,,,,62e4cd9f-ab01-4117-972d-96634af5b177,415,,"[7.2, 58.8]",3920410,12,,,,,,,,,,,,,,,,,,,,,,,,,1,Regular Play,Infren David da Conceição Matola,417067.0,Right Back,23,Ghana,4885,"['b6dfa362-4ba4-4e25-845c-a023b2a95b03', '70009661-fdee-46ad-ba29-cd2003bfd3c0', '4504abae-749e-478b-a7b7-780a19a41b7f']",12,,,,,,,,,,,,,,,,Mozambique,4978,00:12:12.270,Pressure,
,,,,,,,,,,,,,,,,,0.680226,,,,,,,,,,,,,,,dc422df1-89c2-40f9-90be-4e047addc023,436,,"[67.1, 10.5]",3920410,16,,,,,,,,,,,,,,,,,,,,,,,,,1,From Kick Off,Gideon Mensah,23615.0,Left Back,25,Mozambique,4978,,10,,,,,,,,,,,,,,,,Ghana,4885,00:16:10.075,Pressure,
,,,,,,,,,,,,,,,,,0.532332,,,,,,,,,,,,,,,bb1980f7-c3ff-4717-bda4-679822d2289c,451,,"[77.1, 18.1]",3920410,17,,,,,,,,,,,,,,,,,,,,,,,,,1,From Free Kick,Antoine Semenyo,9286.0,Center Forward,26,Mozambique,4978,"['bbc54160-37c3-4f94-bba8-bb8654e129ec', '36299089-3eee-412c-994d-eafef1204a3f']",4,,,,,,,,,,,,,,,,Ghana,4885,00:17:04.338,Pressure,
,,,,,,,,,,,,,,,,,0.390596,,,,,,,,,,,,,,,cec79624-0459-4582-a7cd-44719a18a78c,465,,"[57.3, 59.4]",3920410,17,,,,,,,,,,,,,,,,,,,,,,,,,1,From Free Kick,Salis Abdul Samed,31029.0,Left Defensive Midfield,26,Mozambique,4978,"['1aaab49b-6121-433c-bf1b-01121e724a94', 'c7123ef5-9692-44aa-9f84-d9c082064241']",21,,,,,,,,,,,,,,,,Ghana,4885,00:17:21.995,Pressure,
,,,,,,,,,,,,,,,,,0.719999,,,,,,,,,,,,,,,e09f9a60-9960-4d0f-9bd2-41ff2a0b91a6,492,,"[9.8, 64.4]",3920410,18,,,,,,,,,,,,,,,,,,,,,,,,,1,From Throw In,Edson André Sitoe,3250.0,Right Center Back,29,Ghana,4885,['bab2e6b1-9859-4ecb-ab6b-efb6bb8868f2'],43,,,,,,,,,,,,,,,,Mozambique,4978,00:18:43.753,Pressure,
,,,,,,,,,,,,,,,,,0.279997,,,,,,,,,,,,,,,3c262447-4eb1-4c4e-85a1-7eb3a9920830,499,,"[65.2, 64.0]",3920410,19,,,,,,,,,,,,,,,,,,,,,,,,,1,From Free Kick,Pachoio Lau Há King,106082.0,Center Forward,30,Mozambique,4978,['d2f3d36c-ae1c-49cc-b051-c21a25cc409f'],8,,,,,,,,,,,,,,,,Mozambique,4978,00:19:08.188,Pressure,
,,,,,,,,,,,,,,,,,0.56,,,,,,,,,,,,,,,31122198-3301-4453-8ba9-2bf8609f8c49,503,,"[29.3, 64.0]",3920410,19,,,,,,,,,,,,,,,,,,,,,,,,,1,From Free Kick,Edson André Sitoe,3250.0,Right Center Back,31,Ghana,4885,"['f446164e-0193-4666-b8ad-f5c568add628', 'b1a2cda7-601f-4118-9983-fbfc4897d930', '3c781530-40a4-45a1-b552-91b26a858897']",48,,,,,,,,,,,,,,,,Mozambique,4978,00:19:48.910,Pressure,
,,,,,,,,,,,True,,,,,,0.822765,,,,,,,,,,,,,,,9fb5426e-0d27-4f42-a142-b2e95d19393c,510,,"[85.3, 16.8]",3920410,19,,,,,,,,,,,,,,,,,,,,,,,,,1,Regular Play,Antoine Semenyo,9286.0,Center Forward,32,Mozambique,4978,['7e530dbe-fb8f-40eb-8e56-7654e825e871'],51,,,,,,,,,,,,,,,,Ghana,4885,00:19:51.560,Pressure,
,,,,,,,,,,,True,,,,,,0.375643,,,,,,,,,,,,,,,ee3b5283-0547-45e7-bb6e-85de91666ade,516,,"[91.6, 19.6]",3920410,19,,,,,,,,,,,,,,,,,,,,,,,,,1,Regular Play,Jordan Ayew,3450.0,Left Wing,32,Mozambique,4978,"['eed1c69e-33fa-4a7f-b072-3ca2e9fbfeb0', '2b17319f-5cf0-48c3-a5ac-bcec8d5a66b0']",54,,,,,,,,,,,,,,,,Ghana,4885,00:19:54.600,Pressure,
,,,,,,,,,,,,,,,,,0.359998,,,,,,,,,,,,,,,d370ea18-fdca-4c4a-87a6-ade14bbbdc68,530,,"[46.3, 69.7]",3920410,20,,,,,,,,,,,,,,,,,,,,,,,,,1,Regular Play,Alfons Amade,23706.0,Right Defensive Midfield,33,Ghana,4885,"['f785581f-2ec3-44aa-9f60-022925240aa1', '05ff9837-0c97-464e-9992-5121e80e8b84']",4,,,,,,,,,,,,,,,,Mozambique,4978,00:20:04.605,Pressure,
,,,,,,,,,,,True,,,,,,0.717648,,,,,,,,,,,,,,,c8c4e5aa-84cf-44d5-92c4-9b48b31e3799,538,,"[77.9, 8.5]",3920410,20,,,,,,,,,,,,,,,,,,,,,,,,,1,Regular Play,Jordan Ayew,3450.0,Left Wing,34,Mozambique,4978,"['76a1610a-5e90-4a25-8250-6830db0dddb8', '1000b26a-b387-42b2-ae8b-64c9c77f4442']",7,,,,,,,,,,,,,,,,Ghana,4885,00:20:07.549,Pressure,
,,,,,,,,,,,,,,,,,2.239998,,,,,,,,,,,,,,,651af6c5-1f96-4561-a839-1896f53ed65e,560,,"[38.5, 75.7]",3920410,20,,,,,,,,,,,,,,,,,,,,,,,,,1,From Throw In,Geny Cipriano Catamo,127300.0,Right Wing,35,Ghana,4885,"['c821c7d6-9d72-45fa-9131-32a6abe599c7', 'ac3e225a-0d42-4449-b092-ed17696a6f08']",44,,,,,,,,,,,,,,,,Mozambique,4978,00:20:44.407,Pressure,
,,,,,,,,,,,,,,,,,1.079999,,,,,,,,,,,,,,,8a27791e-583a-4760-a5db-10ac6f97c7be,573,,"[67.6, 13.6]",3920410,20,,,,,,,,,,,,,,,,,,,,,,,,,1,From Throw In,Witiness Chimoio João Quembo,10865.0,Left Wing,35,Ghana,4885,['f00e8422-cb72-4779-ad01-7b2e60f23ada'],56,,,,,,,,,,,,,,,,Mozambique,4978,00:20:56.527,Pressure,
,,,,,,,,,,,,,,,,,0.92,,,,,,,,,,,,,,,babac9e5-3361-417b-a371-2c5397f935ef,574,,"[67.6, 13.6]",3920410,20,,,,,,,,,,,,,,,,,,,,,,,,,1,From Throw In,Ricardo Martins Guimarães,29482.0,Center Attacking Midfield,35,Ghana,4885,,57,,,,,,,,,,,,,,,,Mozambique,4978,00:20:57.007,Pressure,
,,,,,,,,,,,,,,,,,0.999998,,,,,,,,,,,,,,,b54ae6d3-4746-472e-8ba5-9d66178d70f7,575,,"[68.5, 4.2]",3920410,20,,,,,,,,,,,,,,,,,,,,,,,,,1,From Throw In,Ricardo Martins Guimarães,29482.0,Center Attacking Midfield,35,Ghana,4885,['f0b56ca5-53d9-4d19-b6e3-a540f192e1a6'],58,,,,,,,,,,,,,,,,Mozambique,4978,00:20:58.647,Pressure,
,,,,,,,,,,,,,,,,,2.039999,,,,,,,,,,,,,,,81da6a3b-c227-45ae-9746-aec0bd0cd4a8,585,,"[49.8, 48.3]",3920410,21,,,,,,,,,,,,,,,,,,,,,,,,,1,From Throw In,Alfons Amade,23706.0,Right Defensive Midfield,35,Ghana,4885,['9467bedc-cf38-452c-905a-32c68d2c5e11'],7,,,,,,,,,,,,,,,,Mozambique,4978,00:21:07.047,Pressure,
,,,,,,,,,,,,,,,,,0.322949,,,,,,,,,,,,,,,537170b0-f8bb-465f-9ac9-b7f728224001,608,,"[56.6, 54.8]",3920410,21,,,,,,,,,,,,,,,,,,,,,,,,,1,From Goal Kick,Majeed Ashimeru,30693.0,Right Defensive Midfield,36,Mozambique,4978,"['ed480d53-6862-40d5-addf-7b616c06f95e', '45611f6b-7a76-45df-9faa-0eca6bd552e9']",57,,,,,,,,,,,,,,,,Ghana,4885,00:21:57.866,Pressure,
,,,,,,,,,,,,,,,,,0.287604,,,,,,,,,,,,,,,783eed88-d729-45d5-8104-e22dd5629109,612,,"[56.4, 77.6]",3920410,22,,,,,,,,,,,,,,,,,,,,,,,,,1,From Goal Kick,Joseph Paintsil,16546.0,Right Wing,36,Mozambique,4978,"['8b1702ab-5482-4823-b871-ab89b304f85e', 'd205d2d8-dd42-47cd-ad60-06bae3af35dc']",1,,,,,,,,,,,,,,,,Ghana,4885,00:22:01.682,Pressure,
,,,,,,,,,,,,,,,,,0.986264,,,,,,,,,,,,,,,58a44021-3568-43aa-b9d9-a1d90d64da3e,628,,"[34.7, 76.8]",3920410,22,,,,,,,,,,,,,,,,,,,,,,,,,1,From Goal Kick,Joseph Paintsil,16546.0,Right Wing,36,Mozambique,4978,['7cf13448-0d46-4a55-8a26-818158fe76d8'],15,,,,,,,,,,,,,,,,Ghana,4885,00:22:15.706,Pressure,
,,,,,,,,,,,,,,,,,0.191712,,,,,,,,,,,,,,,645ea7e5-b53f-4933-85da-01da62bdf6d9,636,,"[39.9, 40.7]",3920410,22,,,,,,,,,,,,,,,,,,,,,,,,,1,From Goal Kick,Salis Abdul Samed,31029.0,Left Defensive Midfield,36,Mozambique,4978,"['3082ed9c-efac-4deb-a109-b2e12baa5d49', 'e884b3c7-4217-4008-8f3a-25d4f7a6e9ef', 'c75a3d02-c6d6-4950-b701-0a24f908d1be']",25,,,,,,,,,,,,,,,,Ghana,4885,00:22:25.917,Pressure,
,,,,,,,,,,,,,,,,,0.338606,,,,,,,,,,,,,,,8c14d443-3454-4bf4-be4b-ee2373e201d8,642,,"[34.7, 53.9]",3920410,22,,,,,,,,,,,,,,,,,,,,,,,,,1,From Goal Kick,Denis Odoi,12259.0,Right Back,36,Mozambique,4978,"['04fca294-b8a5-4249-bb0f-2ddc9b01c90b', '36ce01bd-7afb-4714-83f3-12f1bb5b3f45']",27,,,,,,,,,,,,,,,,Ghana,4885,00:22:27.678,Pressure,
,,,,,,,,,,,,,,,,,0.550877,,,,,,,,,,,,,,,eb2cafe5-b0d0-4715-a992-dbdf2bfc5fad,655,,"[50.3, 58.9]",3920410,22,,,,,,,,,,,,,,,,,,,,,,,,,1,From Throw In,Majeed Ashimeru,30693.0,Right Defensive Midfield,37,Mozambique,4978,"['dd6883f7-77dd-47fd-987c-a4101202831d', '7d05124a-240c-42b3-a04c-ee99b843cd96']",58,,,,,,,,,,,,,,,,Ghana,4885,00:22:58.007,Pressure,
,,,,,,,,,,,,,,,,,0.303591,,,,,,,,,,,,,,,e42a8a80-680a-441b-9658-b837bedd84fa,659,,"[42.7, 76.1]",3920410,22,,,,,,,,,,,,,,,,,,,,,,,,,1,From Throw In,Joseph Paintsil,16546.0,Right Wing,37,Mozambique,4978,"['8c40d898-316a-409b-9b1c-daca23d5a861', '0c748844-b002-4514-9898-33405ed24987']",59,,,,,,,,,,,,,,,,Ghana,4885,00:22:59.626,Pressure,
,,,,,,,,,,,,,,,,,0.347576,,,,,,,,,,,,,,,71f80c9f-803d-4208-9aea-0fb8aee1e318,663,,"[41.8, 68.1]",3920410,23,,,,,,,,,,,,,,,,,,,,,,,,,1,From Throw In,Salis Abdul Samed,31029.0,Left Defensive Midfield,37,Mozambique,4978,"['ee528faf-dd07-4156-92d0-dd92d0ae89b8', 'ba69a2ff-62e1-4ce6-86ba-40a943cd42ed']",0,,,,,,,,,,,,,,,,Ghana,4885,00:23:00.594,Pressure,
,,,,,,,,,,,,,,,,,1.759998,,,,,,,,,,,,,,,86515d79-498a-43e3-b823-d979a86635d9,667,,"[52.6, 1.6]",3920410,23,,,,,,,,,,,,,,,,,,,,,,,,,1,From Throw In,Reinildo Isnard Mandava,10848.0,Left Center Back,38,Ghana,4885,"['856a99e6-f3ac-46e2-940d-d4280dca94a2', 'ce811665-7f4e-4cd7-b894-16925f935ea5', '6027303a-2dd8-4d96-b01f-ad34af7a5205']",20,,,,,,,,,,,,,,,,Mozambique,4978,00:23:20.674,Pressure,
,,,,,,,,,,,,,,,,,0.712007,,,,,,,,,,,,,,,b7509cee-7fde-4102-86d9-1b72f3cca01f,682,,"[82.1, 69.8]",3920410,23,,,,,,,,,,,,,,,,,,,,,,,,,1,From Throw In,Antoine Semenyo,9286.0,Center Forward,39,Mozambique,4978,"['dc2902d5-709e-4a23-b5bc-071744aba1f3', '89650f49-4f85-474e-ab84-4ab7c1c99d21']",48,,,,,,,,,,,,,,,,Ghana,4885,00:23:48.661,Pressure,
,,,,,,,,,,,,,,,,,0.359999,,,,,,,,,,,,,,,e8fa4c1e-3eba-473e-a0a7-2a594b6aa258,688,,"[28.9, 71.2]",3920410,24,,,,,,,,,,,,,,,,,,,,,,,,,1,From Free Kick,Infren David da Conceição Matola,417067.0,Right Back,40,Ghana,4885,"['50dd4adf-80fc-4357-b97f-7354574eb067', '62735c86-52c1-47c6-8965-8010e6964e9f']",20,,,,,,,,,,,,,,,,Mozambique,4978,00:24:20.730,Pressure,
,,,,,,,,,,,,,,,,,2.359991,,,,,,,,,,,,,,,3a009c83-b5cc-4d33-a9dc-6876a71e390e,689,,"[28.2, 71.4]",3920410,24,,,,,,,,,,,,,,,,,,,,,,,,,1,From Free Kick,Geny Cipriano Catamo,127300.0,Right Wing,40,Ghana,4885,"['50dd4adf-80fc-4357-b97f-7354574eb067', '62735c86-52c1-47c6-8965-8010e6964e9f']",20,,,,,,,,,,,,,,,,Mozambique,4978,00:24:20.930,Pressure,
,,,,,,,,,,,,,,,,,0.66767,,,,,,,,,,,,,,,b8253011-67f8-496e-af6f-f2633e2490ff,705,,"[77.3, 7.8]",3920410,24,,,,,,,,,,,,,,,,,,,,,,,,,1,Regular Play,Mohamed Salisu,30519.0,Left Center Back,41,Mozambique,4978,"['fd10d3f5-2905-4976-b336-38e416675b63', '676d9f93-7346-405b-b647-f82f0db2b0e2', '0ccb31a5-afc3-4c30-8d27-f50f5dc1fb38']",29,,,,,,,,,,,,,,,,Ghana,4885,00:24:29.249,Pressure,
,,,,,,,,,,,,,,,,,0.31726,,,,,,,,,,,,,,,ce2177ef-4b0d-4b7c-9ace-82ef7220b8dc,710,,"[34.9, 8.7]",3920410,24,,,,,,,,,,,,,,,,,,,,,,,,,1,Regular Play,Mohamed Salisu,30519.0,Left Center Back,41,Mozambique,4978,"['382dab27-983b-4cdb-b083-49f80dbe415e', 'e52cb655-0eb4-4db7-8841-ca442c7826e3']",34,,,,,,,,,,,,,,,,Ghana,4885,00:24:34.653,Pressure,
,,,,,,,,,,,True,,,,,,2.463118,,,,,,,,,,,,,,,5a2c8e87-b9d3-483b-bb84-f12bba9daee5,727,,"[100.8, 64.8]",3920410,25,,,,,,,,,,,,,,,,,,,,,,,,,1,Regular Play,Joseph Paintsil,16546.0,Right Wing,43,Mozambique,4978,"['f2d8f0fc-f0f1-4978-a1dd-6f82d6133884', '0372eb0a-5e97-48b7-a519-e2e05fd3e51e', '66f508d4-d2ae-499d-8f58-d4da3682f998', '7625a7b1-b522-4a3e-a2d7-83c95b1a9ac6']",10,,,,,,,,,,,,,,,,Ghana,4885,00:25:10.323,Pressure,
,,,,,,,,,,,,,,,,,0.663831,,,,,,,,,,,,,,,e3f9d189-03b0-4812-94e9-4e4ee83ce206,738,,"[103.8, 34.8]",3920410,25,,,,,,,,,,,,,,,,,,,,,,,,,1,From Free Kick,Mohammed Kudus,17033.0,Center Attacking Midfield,44,Mozambique,4978,"['2b479cd3-7fb3-4a22-9eec-35f913de76a9', 'b92ff67d-6715-4726-aedc-36ca5d4ebe04', 'ac3dd717-bf34-497c-bb55-aa325896eed9']",28,,,,,,,,,,,,,,,,Ghana,4885,00:25:28.339,Pressure,
,,,,,,,,,,,,,,,,,0.390037,,,,,,,,,,,,,,,cf5fe4a9-5aaa-4bc3-ae05-62296fda0c46,744,,"[101.2, 61.8]",3920410,25,,,,,,,,,,,,,,,,,,,,,,,,,1,From Free Kick,Antoine Semenyo,9286.0,Center Forward,44,Mozambique,4978,"['de6b2759-322c-4514-9079-7fcb89c8e3ca', '2fe220b4-52dc-40a4-8c6c-bf784c8e677e']",32,,,,,,,,,,,,,,,,Ghana,4885,00:25:32.147,Pressure,
,,,,,,,,,,,,,,,,,0.324875,,,,,,,,,,,,,,,3b3297eb-ca82-4870-af74-136f7593d6d6,754,,"[89.2, 77.0]",3920410,25,,,,,,,,,,,,,,,,,,,,,,,,,1,From Free Kick,Joseph Paintsil,16546.0,Right Wing,44,Mozambique,4978,"['31022829-89bf-45ae-a823-ed36ca475ce3', 'aba9175c-2e87-4fa0-86c5-f4d11e529217']",38,,,,,,,,,,,,,,,,Ghana,4885,00:25:38.928,Pressure,
,,,,,,,,,,,,,,,,,2.73583,,,,,,,,,,,,,,,3c8a1641-e827-4409-af28-eb17770ca10d,758,,"[87.1, 76.1]",3920410,25,,,,,,,,,,,,,,,,,,,,,,,,,1,From Free Kick,Joseph Paintsil,16546.0,Right Wing,44,Mozambique,4978,"['3272fe8e-4cfe-4d00-95bd-d5731a36f095', '038570e8-5627-4fa1-bcd4-e2e4f5347e4c']",40,,,,,,,,,,,,,,,,Ghana,4885,00:25:40.386,Pressure,
,,,,,,,,,,,,,,,,,0.428987,,,,,,,,,,,,,,,148d8dfa-bbd6-4572-85b9-77e3c96fc6be,779,,"[43.6, 76.8]",3920410,26,,,,,,,,,,,,,,,,,,,,,,,,,1,From Free Kick,Denis Odoi,12259.0,Right Back,45,Mozambique,4978,"['530def4d-f84a-4a55-8fa1-6b1ca407dd21', 'de2e0639-710d-4772-8801-525c86b67586', 'a481400d-4ee5-46b5-a9fa-8bc64dcd7826']",21,,,,,,,,,,,,,,,,Ghana,4885,00:26:21.161,Pressure,
,,,,,,,,,,,,,,,,,2.166426,,,,,,,,,,,,,,,8183d5b3-db67-4f81-acbb-374175706ad0,795,,"[63.7, 41.4]",3920410,26,,,,,,,,,,,,,,,,,,,,,,,,,1,From Throw In,Alfons Amade,23706.0,Right Defensive Midfield,47,Ghana,4885,,52,,,,,,,,,,,,,,,,Mozambique,4978,00:26:52.707,Pressure,
,,,,,,,,,,,,,,,,,0.439998,,,,,,,,,,,,,,,b6db3ad1-d1c1-4aa8-afcd-875d2fae8ed0,818,,"[43.9, 30.3]",3920410,27,,,,,,,,,,,,,,,,,,,,,,,,,1,From Throw In,Geny Cipriano Catamo,127300.0,Right Wing,47,Ghana,4885,['ad423491-a9b4-40d4-b820-f600ca216b5d'],15,,,,,,,,,,,,,,,,Mozambique,4978,00:27:15.187,Pressure,
,,,,,,,,,,,True,,,,,,0.701993,,,,,,,,,,,,,,,dff24a0d-59a6-4004-bcf6-9efeea764f03,822,,"[76.4, 52.2]",3920410,27,,,,,,,,,,,,,,,,,,,,,,,,,1,From Counter,Denis Odoi,12259.0,Right Back,48,Mozambique,4978,['f9beaeb7-3667-4f06-9f27-12f4af08c16f'],17,,,,,,,,,,,,,,,,Ghana,4885,00:27:17.186,Pressure,
,,,,,,,,,,,True,,,,,,0.750003,,,,,,,,,,,,,,,4b8fcf1f-15d9-441d-826c-16e492547957,823,,"[66.6, 40.2]",3920410,27,,,,,,,,,,,,,,,,,,,,,,,,,1,From Counter,Majeed Ashimeru,30693.0,Right Defensive Midfield,48,Mozambique,4978,,19,,,,,,,,,,,,,,,,Ghana,4885,00:27:19.355,Pressure,
,,,,,,,,,,,,,,,,,0.4,,,,,,,,,,,,,,,a0642598-1de0-4a57-ad0d-32e7a03b8a61,873,,"[52.2, 68.4]",3920410,32,,,,,,,,,,,,,,,,,,,,,,,,,1,From Free Kick,Infren David da Conceição Matola,417067.0,Right Back,54,Ghana,4885,"['34d3bde0-90c4-4a6f-8c1e-df5e79f1c126', 'c99153ae-0e8f-45b4-9f2d-a15f333988ed']",29,,,,,,,,,,,,,,,,Mozambique,4978,00:32:29.869,Pressure,
,,,,,,,,,,,,,,,,,3.79896,,,,,,,,,,,,,,,6bdf74de-48a4-4963-aaba-5096881b2ca3,899,,"[57.9, 7.2]",3920410,33,,,,,,,,,,,,,,,,,,,,,,,,,1,From Free Kick,Gideon Mensah,23615.0,Left Back,56,Mozambique,4978,"['c80b8de7-e1cf-4e53-9415-b91368f154a3', 'a97ad76e-bf8e-4a9f-b1ca-c646842f3c14']",14,,,,,,,,,,,,,,,,Ghana,4885,00:33:14.376,Pressure,
,,,,,,,,,,,,,,,,,0.708777,,,,,,,,,,,,,,,67dbbbb0-dd52-4bcb-9285-9b6076102ffd,907,,"[13.4, 58.7]",3920410,33,,,,,,,,,,,,,,,,,,,,,,,,,1,From Free Kick,Alexander Djiku,2989.0,Right Center Back,56,Mozambique,4978,['3dcd5c2e-f628-4943-8c95-944941317816'],24,,,,,,,,,,,,,,,,Ghana,4885,00:33:24.768,Pressure,
,,,,,,,,,,,,,,,,,0.959998,,,,,,,,,,,,,,,f86970bc-ee29-4d97-a88d-abcef04da296,915,,"[107.6, 20.5]",3920410,33,,,,,,,,,,,,,,,,,,,,,,,,,1,From Free Kick,Ricardo Martins Guimarães,29482.0,Center Attacking Midfield,56,Mozambique,4978,"['be596627-677d-4a10-9d23-cd121c57fa23', '065722cc-e3bd-47b3-a89b-dca1dc059440', 'd648e20a-8138-4991-890a-5d521e17c314']",28,,,,,,,,,,,,,,,,Mozambique,4978,00:33:28.757,Pressure,
,,,,,,,,,,,,,,,,,0.939877,,,,,,,,,,,,,,,c1e54ef2-eb09-486c-85a6-7f1302543445,964,,"[58.4, 39.8]",3920410,36,,,,,,,,,,,,,,,,,,,,,,,,,1,From Throw In,Joseph Paintsil,16546.0,Right Wing,58,Mozambique,4978,['810a02b1-1a5c-48c6-9f96-f219076558e2'],5,,,,,,,,,,,,,,,,Ghana,4885,00:36:05.381,Pressure,
,,,,,,,,,,,,,,,,,0.64,,,,,,,,,,,,,,,6b1fba6e-2aad-4e5b-a4e7-55769a940574,972,,"[105.6, 52.9]",3920410,36,,,,,,,,,,,,,,,,,,,,,,,,,1,From Free Kick,Ricardo Martins Guimarães,29482.0,Center Attacking Midfield,59,Mozambique,4978,['2641cdee-fd3f-4f71-a23a-a7795eaf4d77'],18,,,,,,,,,,,,,,,,Mozambique,4978,00:36:18.988,Pressure,
,,,,,,,,,,,,,,,,,0.82935,,,,,,,,,,,,,,,51e87eca-34c2-4865-9c00-4992d773b975,1004,,"[41.2, 22.6]",3920410,37,,,,,,,,,,,,,,,,,,,,,,,,,1,Regular Play,Jordan Ayew,3450.0,Left Wing,61,Mozambique,4978,"['e3957cab-bdee-4d25-922c-2ca40e213c70', '2228ba53-ecb0-40d1-a9ee-434d0b83ada5', '1460a2e5-60d9-4434-bfdf-48964cc44271']",20,,,,,,,,,,,,,,,,Ghana,4885,00:37:20.574,Pressure,
,,,,,,,,,,,,,,,,,0.276469,,,,,,,,,,,,,,,6d6381d8-fad0-472b-9a48-ad3e095e663b,1008,,"[16.4, 27.2]",3920410,37,,,,,,,,,,,,,,,,,,,,,,,,,1,Regular Play,Mohamed Salisu,30519.0,Left Center Back,61,Mozambique,4978,"['58611b77-0cbc-4692-a1f0-8f7f20b3f536', '33255759-f69f-4b9d-8aec-ca9210b57e2f']",24,,,,,,,,,,,,,,,,Ghana,4885,00:37:24.367,Pressure,
,,,,,,,,,,,True,,,,,,0.48,,,,,,,,,,,,,,,0e9ecbcc-e3f6-420a-bfb4-4043d7beb627,1016,,"[110.2, 54.0]",3920410,37,,,,,,,,,,,,,,,,,,,,,,,,,1,Regular Play,Geny Cipriano Catamo,127300.0,Right Wing,62,Ghana,4885,"['5fac169b-61aa-4356-a225-c495fad7bbfb', 'ea246fd8-2b07-4647-bd4d-ac3a6f2743c7']",29,,,,,,,,,,,,,,,,Mozambique,4978,00:37:29.641,Pressure,
,,,,,,,,,,,True,,,,,,1.279998,,,,,,,,,,,,,,,18572f81-78a5-43fe-8112-ac3bac011edc,1020,,"[101.1, 75.1]",3920410,37,,,,,,,,,,,,,,,,,,,,,,,,,1,Regular Play,Infren David da Conceição Matola,417067.0,Right Back,62,Ghana,4885,['a62509b0-e2cd-4341-be5f-52c093108ba9'],32,,,,,,,,,,,,,,,,Mozambique,4978,00:37:32.601,Pressure,
,,,,,,,,,,,,,,,,,2.16,,,,,,,,,,,,,,,4678bcdb-af00-44ee-9f1d-476945a66580,1024,,"[70.6, 72.0]",3920410,37,,,,,,,,,,,,,,,,,,,,,,,,,1,Regular Play,Infren David da Conceição Matola,417067.0,Right Back,62,Ghana,4885,"['5c7283a1-d8f9-40bd-bafa-1ee5fbbdfeaf', '2e13c215-a154-419c-b275-363f01fa8182']",37,,,,,,,,,,,,,,,,Mozambique,4978,00:37:37.801,Pressure,
,,,,,,,,,,,,,,,,,0.52,,,,,,,,,,,,,,,63588777-1e1c-4147-837b-07478d6c7594,1040,,"[56.3, 36.2]",3920410,37,,,,,,,,,,,,,,,,,,,,,,,,,1,Regular Play,Ricardo Martins Guimarães,29482.0,Center Attacking Midfield,62,Ghana,4885,"['cb8d8858-526f-4038-a640-b9ba11393414', '13c1db7a-26d9-4a6a-8380-f8e0366acda5']",58,,,,,,,,,,,,,,,,Mozambique,4978,00:37:58.001,Pressure,
,,,,,,,,,,,,,,,,,1.28,,,,,,,,,,,,,,,8fea149a-31a8-4b16-a666-18f6801efcb0,1047,,"[46.5, 63.8]",3920410,38,,,,,,,,,,,,,,,,,,,,,,,,,1,Regular Play,Feliciano João Jone,129475.0,Left Defensive Midfield,62,Ghana,4885,['d8fe2f70-acd2-4528-8a1e-9476528d30e3'],2,,,,,,,,,,,,,,,,Mozambique,4978,00:38:02.761,Pressure,
,,,,,,,,,,,,,,,,,1.279998,,,,,,,,,,,,,,,04686e2b-0462-4726-ba43-91c718885da8,1051,,"[39.1, 73.1]",3920410,38,,,,,,,,,,,,,,,,,,,,,,,,,1,Regular Play,Infren David da Conceição Matola,417067.0,Right Back,62,Ghana,4885,"['46749063-0f9b-4ccb-ad0e-2f59a21dac9e', 'e4177f49-7cd7-40c7-95d9-2832b140ae38', '538f6747-aa7d-45d8-82dc-f290d1c857df']",9,,,,,,,,,,,,,,,,Mozambique,4978,00:38:09.761,Pressure,
,,,,,,,,,,,,,,,,,3.799993,,,,,,,,,,,,,,,5ac09850-be90-43c8-9a32-65c186ca2ce4,1069,,"[10.9, 54.0]",3920410,38,,,,,,,,,,,,,,,,,,,,,,,,,1,Regular Play,Reinildo Isnard Mandava,10848.0,Left Center Back,62,Ghana,4885,"['7c4a0b5e-f744-407a-8e07-84b12633a4a6', 'f4685cb8-8f88-4d6d-9af9-41a8f2b8cf69', '200414db-6077-4e47-89b7-96400c5eb192']",19,,,,,,,,,,,,,,,,Mozambique,4978,00:38:19.521,Pressure,
,,,,,,,,,,,,,,,,,0.733118,,,,,,,,,,,,,,,df4887c0-b32d-4bfc-b18e-95ba678d649b,1078,,"[90.3, 9.8]",3920410,39,,,,,,,,,,,,,,,,,,,,,,,,,1,From Free Kick,Antoine Semenyo,9286.0,Center Forward,64,Mozambique,4978,"['f50820bd-4e61-4255-a415-1c41caf46c01', '303d690e-b1ad-4621-a3c0-d4f578e61aa6']",2,,,,,,,,,,,,,,,,Ghana,4885,00:39:02.781,Pressure,
,,,,,,,,,,,,,,,,,0.434976,,,,,,,,,,,,,,,1dd54ad2-3933-4add-8040-4d04413f745a,1096,,"[77.9, 7.0]",3920410,39,,,,,,,,,,,,,,,,,,,,,,,,,1,From Free Kick,Gideon Mensah,23615.0,Left Back,64,Mozambique,4978,['f9f996ce-ba75-4d36-abc6-02c6ec2336eb'],20,,,,,,,,,,,,,,,,Ghana,4885,00:39:20.890,Pressure,
,,,,,,,,,,,,,,,,,1.539087,,,,,,,,,,,,,,,ea666c95-5130-4d82-a3e0-f96408700dd6,1100,,"[71.8, 13.9]",3920410,39,,,,,,,,,,,,,,,,,,,,,,,,,1,From Free Kick,Gideon Mensah,23615.0,Left Back,64,Mozambique,4978,['473d9134-bc80-472d-b3f5-a9417a04ca0f'],22,,,,,,,,,,,,,,,,Ghana,4885,00:39:22.912,Pressure,
,,,,,,,,,,,True,,,,,,1.199999,,,,,,,,,,,,,,,93f61416-7a51-4d58-aee0-28139ef75f24,1114,,"[21.3, 70.5]",3920410,39,,,,,,,,,,,,,,,,,,,,,,,,,1,From Free Kick,Infren David da Conceição Matola,417067.0,Right Back,65,Mozambique,4978,['05664959-e02a-4308-8665-101712debee6'],52,,,,,,,,,,,,,,,,Mozambique,4978,00:39:52.749,Pressure,
,,,,,,,,,,,,,,,,,0.487129,,,,,,,,,,,,,,,98804eb9-5caf-4caf-a099-fb3e8e597814,1118,,"[112.7, 9.6]",3920410,39,,,,,,,,,,,,,,,,,,,,,,,,,1,From Free Kick,Jordan Ayew,3450.0,Left Wing,65,Mozambique,4978,['2dabae5f-db94-4ba5-91e7-4ea19b8f8769'],56,,,,,,,,,,,,,,,,Ghana,4885,00:39:56.445,Pressure,
,,,,,,,,,,,,,,,,,0.220428,,,,,,,,,,,,,,,d09b7a05-decb-4a4e-a0ff-c0e89401c01a,1139,,"[37.5, 20.2]",3920410,40,,,,,,,,,,,,,,,,,,,,,,,,,1,From Free Kick,Mohamed Salisu,30519.0,Left Center Back,66,Mozambique,4978,"['edacee9c-2fd9-41c4-af2a-ff129be347b6', '3b02aee3-2099-4628-af8e-5726c5f7e0ee']",37,,,,,,,,,,,,,,,,Ghana,4885,00:40:37.228,Pressure,
,,,,,,,,,,,,,,,,,1.507213,,,,,,,,,,,,,,,afb6ee02-7efb-42dc-9810-89c6dd1683a7,1141,,"[44.7, 25.7]",3920410,40,,,,,,,,,,,,,,,,,,,,,,,,,1,From Free Kick,Iddrisu Baba Mohammed,24087.0,Right Defensive Midfield,66,Mozambique,4978,"['c73c3fdc-0d58-415b-a34a-180bad601daa', '09470d57-9c8b-448e-a8eb-ef774f734710']",38,,,,,,,,,,,,,,,,Ghana,4885,00:40:38.046,Pressure,
,,,,,,,,,,,,,,,,,0.444909,,,,,,,,,,,,,,,4322f91f-a122-43de-a7b7-73f87d8876e1,1148,,"[28.1, 13.9]",3920410,40,,,,,,,,,,,,,,,,,,,,,,,,,1,From Free Kick,Mohamed Salisu,30519.0,Left Center Back,66,Mozambique,4978,"['286355a5-39d8-4971-aafe-40ba181cd87c', '1d73f968-d862-4d00-9ce7-eb4f1773e175', 'e3c2aa09-f6af-4017-89eb-589f2bbf47c8']",45,,,,,,,,,,,,,,,,Ghana,4885,00:40:45.320,Pressure,
,,,,,,,,,,,True,,,,,,0.729131,,,,,,,,,,,,,,,3a1b91be-cbb2-46ca-9b11-6355b5cc00e4,1158,,"[93.7, 39.0]",3920410,40,,,,,,,,,,,,,,,,,,,,,,,,,1,From Free Kick,Witiness Chimoio João Quembo,10865.0,Left Wing,66,Mozambique,4978,"['0fb2c3db-7bfe-4b77-beef-0d9c55dea0c3', '2f857cb4-725c-4956-9851-af78df87c98f']",52,,,,,,,,,,,,,,,,Mozambique,4978,00:40:52.069,Pressure,
,,,,,,,,,,,True,,,,,,0.76,,,,,,,,,,,,,,,85c184bd-0491-4cd3-9cb8-d0849cf349bf,1162,,"[62.2, 67.7]",3920410,40,,,,,,,,,,,,,,,,,,,,,,,,,1,From Free Kick,Edson André Sitoe,3250.0,Right Center Back,66,Mozambique,4978,['754f5a4b-44c6-4cab-ad76-31d85f98aeda'],58,,,,,,,,,,,,,,,,Mozambique,4978,00:40:58.756,Pressure,
,,,,,,,,,,,,,,,,,0.599998,,,,,,,,,,,,,,,738d7f5d-fc72-4b45-a726-f4f9e9a2fc67,1209,,"[63.0, 32.3]",3920410,42,,,,,,,,,,,,,,,,,,,,,,,,,1,From Goal Kick,Witiness Chimoio João Quembo,10865.0,Left Wing,70,Ghana,4885,['ddcba056-3bb7-4af2-bf85-26d6aaa8a378'],26,,,,,,,,,,,,,,,,Mozambique,4978,00:42:26.446,Pressure,
,,,,,,,,,,,,,,,,,1.645372,,,,,,,,,,,,,,,9803b38a-e87c-4146-b0d9-29cd501b4606,1214,,"[114.2, 74.8]",3920410,42,,,,,,,,,,,,,,,,,,,,,,,,,1,From Goal Kick,Joseph Paintsil,16546.0,Right Wing,70,Ghana,4885,"['85bcc5a8-2a0f-4918-b60d-6604e7a47a8a', '0551e23e-2fdb-44a6-a366-fecf3dccfea2']",34,,,,,,,,,,,,,,,,Ghana,4885,00:42:34.053,Pressure,
,,,,,,,,,,,,,,,,,1.095892,,,,,,,,,,,,,,,a68e3c87-8a16-478d-b359-a8d9cbf6275a,1219,,"[105.8, 36.8]",3920410,42,,,,,,,,,,,,,,,,,,,,,,,,,1,From Goal Kick,Mohammed Kudus,17033.0,Center Attacking Midfield,70,Ghana,4885,"['060a3a3b-543b-40f6-8902-9dc7f2fd4219', '53da099c-9718-4b83-b239-16e57f62e3b8']",43,,,,,,,,,,,,,,,,Ghana,4885,00:42:43.690,Pressure,
,,,,,,,,,,,True,,,,,,0.808937,,,,,,,,,,,,,,,67ef53c3-6995-4442-9d22-c39fe656ee17,1231,,"[116.4, 25.7]",3920410,42,,,,,,,,,,,,,,,,,,,,,,,,,1,Regular Play,Jordan Ayew,3450.0,Left Wing,71,Mozambique,4978,"['2e2f26ac-616f-471b-bbd6-0d2157498764', 'ace12832-4136-4e65-860e-542cb0f690c5']",51,,,,,,,,,,,,,,,,Ghana,4885,00:42:51.570,Pressure,
,,,,,,,,,,,True,,,,,,2.239996,,,,,,,,,,,,,,,e19ae547-1fa2-402b-9d4e-1bd2ab1972a0,1253,,"[94.6, 11.6]",3920410,43,,,,,,,,,,,,,,,,,,,,,,,,,1,From Throw In,Witiness Chimoio João Quembo,10865.0,Left Wing,72,Mozambique,4978,"['662c06ca-81fc-46c4-83b3-83454b34755a', '3a5dbe7e-e4d1-432a-9faf-897a6da6e8a4']",34,,,,,,,,,,,,,,,,Mozambique,4978,00:43:34.389,Pressure,
,,,,,,,,,,,,,,,,,0.48,,,,,,,,,,,,,,,c242fa00-55c9-464a-a3b8-36e774743082,1269,,"[41.7, 22.9]",3920410,44,,,,,,,,,,,,,,,,,,,,,,,,,1,From Keeper,Alfons Amade,23706.0,Right Defensive Midfield,73,Ghana,4885,,27,,,,,,,,,,,,,,,,Mozambique,4978,00:44:27.620,Pressure,
,,,,,,,,,,,,,,,,,1.745151,,,,,,,,,,,,,,,efb97b23-6756-42ad-9af5-26278e9d663a,1285,,"[66.5, 70.5]",3920410,44,,,,,,,,,,,,,,,,,,,,,,,,,1,From Keeper,Geny Cipriano Catamo,127300.0,Right Wing,73,Ghana,4885,['2b31324c-052d-4c27-8c4e-904dfbc978f0'],48,,,,,,,,,,,,,,,,Mozambique,4978,00:44:48.259,Pressure,
,,,,,,,,,,,,,,,,,0.52,,,,,,,,,,,,,,,fb2267ec-f552-4dc1-9f54-278024b06ebe,1286,,"[75.4, 74.9]",3920410,44,,,,,,,,,,,,,,,,,,,,,,,,,1,From Keeper,Geny Cipriano Catamo,127300.0,Right Wing,73,Ghana,4885,['bc935bc5-468a-422b-8785-cf7302326163'],51,,,,,,,,,,,,,,,,Mozambique,4978,00:44:51.725,Pressure,
,,,,,,,,,,,,,,,,,0.428101,,,,,,,,,,,,,,,2060f77d-acff-4144-846c-0f89694e0148,1308,,"[63.4, 33.5]",3920410,45,,,,,,,,,,,,,,,,,,,,,,,,,1,From Throw In,Jordan Ayew,3450.0,Left Wing,74,Mozambique,4978,"['b3f5da63-ba58-40da-ae80-d7d3005e28de', '77fcbeda-029e-40f3-b521-b1fa07ddb140', '135cf175-b1cd-4149-80b9-30880e848946']",27,,,,,,,,,,,,,,,,Ghana,4885,00:45:27.517,Pressure,
,,,,,,,,,,,,,,,,,1.441717,,,,,,,,,,,,,,,398f7ebc-c571-4a39-b19f-5d26dfc3bd42,1317,,"[57.9, 6.1]",3920410,45,,,,,,,,,,,,,,,,,,,,,,,,,1,From Throw In,Jordan Ayew,3450.0,Left Wing,74,Mozambique,4978,"['c99561e3-0edc-48ca-89a8-49f4473da32f', 'ecbd6c4b-57fd-4286-ac34-aed206018df5']",33,,,,,,,,,,,,,,,,Ghana,4885,00:45:33.851,Pressure,
,,,,,,,,,,,,,,,,,0.673202,,,,,,,,,,,,,,,105d14a2-a51a-45f8-b891-0512f8edb275,1327,,"[64.7, 59.4]",3920410,45,,,,,,,,,,,,,,,,,,,,,,,,,1,From Throw In,Joseph Paintsil,16546.0,Right Wing,74,Mozambique,4978,"['9987589a-3815-437b-881b-16a8e75d8898', '0c760528-f412-4a59-9464-27e9e9a1dc17']",43,,,,,,,,,,,,,,,,Ghana,4885,00:45:43.762,Pressure,
,,,,,,,,,,,,,,,,,0.586988,,,,,,,,,,,,,,,8a2ef88b-90a8-4b68-8eeb-9e86fb11d07b,1334,,"[44.9, 63.3]",3920410,45,,,,,,,,,,,,,,,,,,,,,,,,,1,From Throw In,Iddrisu Baba Mohammed,24087.0,Right Defensive Midfield,74,Mozambique,4978,"['24d74bde-5c13-493d-aeff-7da36d6e6dd0', 'c005cd14-412e-4c8d-8531-6df684f629b8']",49,,,,,,,,,,,,,,,,Ghana,4885,00:45:49.511,Pressure,
,,,,,,,,,,,True,,,,,,0.6,,,,,,,,,,,,,,,9d1d0ee0-727d-415d-9d08-2c67132fb4b5,1341,,"[85.2, 24.0]",3920410,45,,,,,,,,,,,,,,,,,,,,,,,,,1,Regular Play,Alfons Amade,23706.0,Right Defensive Midfield,75,Ghana,4885,"['b34f97dd-436f-4dfc-8034-f5252b48a4d3', 'c2c8bb50-9ae5-432c-9219-adc7bc872c43']",55,,,,,,,,,,,,,,,,Mozambique,4978,00:45:55.953,Pressure,
,,,,,,,,,,,,,,,,,0.4,,,,,,,,,,,,,,,3f65689b-3b15-47b1-a620-3bd5d1cf57d0,1348,,"[107.1, 77.6]",3920410,46,,,,,,,,,,,,,,,,,,,,,,,,,1,Regular Play,Antoine Semenyo,9286.0,Center Forward,75,Ghana,4885,,4,,,,,,,,,,,,,,,,Ghana,4885,00:46:04.693,Pressure,
,,,,,,,,,,,,,,,,,1.385758,,,,,,,,,,,,,,,7d726f2d-21ef-44e7-b238-db88f1f4ed71,1363,,"[34.5, 8.5]",3920410,46,,,,,,,,,,,,,,,,,,,,,,,,,1,From Free Kick,Jordan Ayew,3450.0,Left Wing,76,Mozambique,4978,['f9d31496-2e3e-46c8-9a1d-658b194b72d2'],30,,,,,,,,,,,,,,,,Ghana,4885,00:46:30.390,Pressure,
,,,,,,,,,,,,,,,,,0.684594,,,,,,,,,,,,,,,65217d9a-d8d7-46b8-8116-8eeb686e604e,1369,,"[33.8, 17.2]",3920410,46,,,,,,,,,,,,,,,,,,,,,,,,,1,From Free Kick,Mohammed Kudus,17033.0,Center Attacking Midfield,76,Mozambique,4978,"['ba11d7cf-0eed-48b7-85ee-97816bff80dc', '7fda7941-9da0-489f-bd9a-8cf044fb5617']",35,,,,,,,,,,,,,,,,Ghana,4885,00:46:35.160,Pressure,
,,,,,,,,,,,,,,,,,1.199998,,,,,,,,,,,,,,,d13a0afb-7915-45fb-bb9e-bc6050f5eedf,1373,,"[70.2, 58.8]",3920410,46,,,,,,,,,,,,,,,,,,,,,,,,,1,Regular Play,Ricardo Martins Guimarães,29482.0,Center Attacking Midfield,77,Ghana,4885,['741e250b-73a4-4140-a0be-8f7678eb4006'],40,,,,,,,,,,,,,,,,Mozambique,4978,00:46:40.876,Pressure,
,,,,,,,,,,,,,,,,,0.339115,,,,,,,,,,,,,,,2b97a924-6443-421d-b0be-e80af1b1d6fa,1393,,"[67.1, 44.8]",3920410,48,,,,,,,,,,,,,,,,,,,,,,,,,1,From Throw In,Iddrisu Baba Mohammed,24087.0,Right Defensive Midfield,78,Mozambique,4978,"['02a101ad-87ac-43cd-a031-051b3245f032', '203b0533-ebc0-4d97-aa0b-701f23a60adc']",32,,,,,,,,,,,,,,,,Ghana,4885,00:48:32.673,Pressure,
,,,,,,,,,,,,,,,,,0.68,,,,,,,,,,,,,,,cb997f99-917a-4b33-a828-94f501fd4c55,1397,,"[66.7, 36.8]",3920410,48,,,,,,,,,,,,,,,,,,,,,,,,,1,From Throw In,Alfons Amade,23706.0,Right Defensive Midfield,78,Mozambique,4978,,34,,,,,,,,,,,,,,,,Mozambique,4978,00:48:34.960,Pressure,
,,,,,,,,,,,True,,,,,,0.719998,,,,,,,,,,,,,,,81978a51-7a4b-4ae4-9f8c-f3573cc28a55,1402,,"[52.6, 33.3]",3920410,48,,,,,,,,,,,,,,,,,,,,,,,,,1,From Counter,Alfons Amade,23706.0,Right Defensive Midfield,79,Ghana,4885,"['6df14e7e-ed84-4dd3-a186-a90a9f50ceb0', 'a0f6de4b-cc9c-4718-9012-ffaae656845f']",37,,,,,,,,,,,,,,,,Mozambique,4978,00:48:37.080,Pressure,
,,,,,,,,,,,True,,,,,,0.52,,,,,,,,,,,,,,,49a2052b-35a1-47ef-a7d1-90625a636f17,1424,,"[50.6, 17.7]",3920410,49,,,,,,,,,,,,,,,,,,,,,,,,,1,Regular Play,Feliciano João Jone,129475.0,Left Defensive Midfield,81,Ghana,4885,['6565572e-47ac-4a72-8dd0-bb9f968c7ae8'],16,,,,,,,,,,,,,,,,Mozambique,4978,00:49:16.828,Pressure,
,,,,,,,,,,,,,,,,,1.2,,,,,,,,,,,,,,,41282c44-1496-4a6a-98bc-fc8087c874e4,1436,,"[63.0, 10.3]",3920410,49,,,,,,,,,,,,,,,,,,,,,,,,,1,Regular Play,Ricardo Martins Guimarães,29482.0,Center Attacking Midfield,81,Ghana,4885,"['5cc3a609-8a5f-4583-8451-3e7093802505', 'e399748b-6902-4bef-aa73-67e175f2a995']",25,,,,,,,,,,,,,,,,Mozambique,4978,00:49:25.108,Pressure,
,,,,,,,,,,,,,,,,,0.290745,,,,,,,,,,,,,,,63ca2046-9c5d-4c1f-9412-8f0701bd0e99,1460,,"[100.8, 45.7]",3920410,49,,,,,,,,,,,,,,,,,,,,,,,,,1,Regular Play,Denis Odoi,12259.0,Right Back,81,Ghana,4885,['d7057a08-c195-48df-ad33-48e3b4055ee2'],47,,,,,,,,,,,,,,,,Ghana,4885,00:49:47.355,Pressure,
,,,,,,,,,,,,,,,,,0.414116,,,,,,,,,,,,,,,ea394955-2552-46e3-a7c2-1a5b8a3f9fec,1473,,"[61.0, 32.1]",3920410,45,,,,,,,,,,,,,,,,,,,,,,,,,2,From Kick Off,Alfons Amade,23706.0,Right Defensive Midfield,82,Ghana,4885,"['b59ffa0e-b3fd-497b-b0b5-dbcc4a0c154f', '554c14fd-7812-47ef-b423-96ed1a4baca0']",4,,,,,,,,,,,,,,,,Mozambique,4978,00:00:04.046,Pressure,
,,,,,,,,,,,,,,,,,1.563339,,,,,,,,,,,,,,,94801758-8e83-4fb8-9b22-cd7f9a01562d,1481,,"[28.6, 9.0]",3920410,45,,,,,,,,,,,,,,,,,,,,,,,,,2,From Kick Off,Reinildo Isnard Mandava,10848.0,Left Center Back,82,Ghana,4885,"['378bf94a-29b0-4d02-aa76-0038f93e1fe4', '4cdf6217-9492-4150-a1d4-30084797a4f1']",10,,,,,,,,,,,,,,,,Mozambique,4978,00:00:10.758,Pressure,
,,,,,,,,,,,,,,,,,0.950441,,,,,,,,,,,,,,,4776c825-9775-428d-9c60-ba160c65e176,1493,,"[21.8, 32.7]",3920410,45,,,,,,,,,,,,,,,,,,,,,,,,,2,From Kick Off,Feliciano João Jone,129475.0,Left Defensive Midfield,82,Ghana,4885,"['a5e8036e-1124-439f-818b-4c5b9545433e', 'f5df13f4-f6c4-4490-84a2-1b7e75614473']",19,,,,,,,,,,,,,,,,Mozambique,4978,00:00:19.248,Pressure,
,,,,,,,,,,,True,,,,,,0.322678,,,,,,,,,,,,,,,2f274a68-0980-4f64-8854-e152a6595469,1501,,"[79.7, 25.3]",3920410,45,,,,,,,,,,,,,,,,,,,,,,,,,2,Regular Play,Salis Abdul Samed,31029.0,Left Defensive Midfield,83,Mozambique,4978,['d5edf1a3-b630-4de0-abd5-ef87403f5cbe'],24,,,,,,,,,,,,,,,,Ghana,4885,00:00:24.290,Pressure,
,,,,,,,,,,,,,,,,,0.393211,,,,,,,,,,,,,,,913269f9-82d9-4026-98d2-a499976e6b89,1513,,"[21.3, 68.9]",3920410,46,,,,,,,,,,,,,,,,,,,,,,,,,2,From Free Kick,Denis Odoi,12259.0,Right Back,85,Mozambique,4978,['9ec19254-e710-432c-9733-96b607465d3f'],24,,,,,,,,,,,,,,,,Ghana,4885,00:01:24.316,Pressure,
,,,,,,,,,,,,,,,,,0.439066,,,,,,,,,,,,,,,ee048325-d5d9-409c-b96d-9524d76440ac,1514,,"[32.7, 64.7]",3920410,46,,,,,,,,,,,,,,,,,,,,,,,,,2,From Free Kick,Antoine Semenyo,9286.0,Right Wing,85,Mozambique,4978,['9a2cfce2-2358-4a09-a3af-545399a791fd'],26,,,,,,,,,,,,,,,,Ghana,4885,00:01:26.820,Pressure,
,,,,,,,,,,,,,,,,,0.318395,,,,,,,,,,,,,,,e49b5a79-76d9-4758-9b87-ebfa399c7069,1521,,"[29.2, 66.7]",3920410,46,,,,,,,,,,,,,,,,,,,,,,,,,2,From Free Kick,Salis Abdul Samed,31029.0,Left Defensive Midfield,85,Mozambique,4978,"['ce960d91-3cce-4c60-9d7a-c2f0b45ecbbf', '09f22d20-c0aa-48dd-bf8e-dc1f559c57d4']",30,,,,,,,,,,,,,,,,Ghana,4885,00:01:30.955,Pressure,
,,,,,,,,,,,,,,,,,2.687751,,,,,,,,,,,,,,,e1be8373-b9a5-4faa-8443-dbc9db3dfd30,1524,,"[106.1, 12.0]",3920410,46,,,,,,,,,,,,,,,,,,,,,,,,,2,From Free Kick,Witiness Chimoio João Quembo,10865.0,Left Wing,85,Mozambique,4978,"['2cb1a5cc-f9a4-4092-98bd-b65dd568b098', '9588163a-8653-4842-ad83-ddd64eebe7dd', '6a0dd12f-46ab-4bcf-bb85-cbe82629afe9']",33,,,,,,,,,,,,,,,,Mozambique,4978,00:01:33.574,Pressure,
,,,,,,,,,,,,,,,,,0.470682,,,,,,,,,,,,,,,dab57bbb-5b57-4107-b825-8020cab36c73,1531,,"[5.2, 54.2]",3920410,46,,,,,,,,,,,,,,,,,,,,,,,,,2,From Throw In,Mohamed Salisu,30519.0,Left Center Back,86,Mozambique,4978,"['553ba7c0-3764-4f0c-88b0-4b71a6c36414', 'd54e5571-3815-4d09-be18-035994c4cac1']",46,,,,,,,,,,,,,,,,Ghana,4885,00:01:46.370,Pressure,
,,,,,,,,,,,,,,,,,0.98486,,,,,,,,,,,,,,,055dd0b8-279d-45cd-93b1-15e9f3821424,1534,,"[14.9, 50.8]",3920410,46,,,,,,,,,,,,,,,,,,,,,,,,,2,From Throw In,Salis Abdul Samed,31029.0,Left Defensive Midfield,86,Mozambique,4978,,48,,,,,,,,,,,,,,,,Ghana,4885,00:01:48.165,Pressure,
,,,,,,,,,,,,,,,,,3.714803,,,,,,,,,,,,,,,d120638f-f797-49b3-afcf-56acf8b2ac04,1546,,"[9.1, 25.3]",3920410,46,,,,,,,,,,,,,,,,,,,,,,,,,2,From Throw In,Mohamed Salisu,30519.0,Left Center Back,86,Mozambique,4978,"['3854db63-b512-4162-81fd-23010a09001c', 'e4e47812-ed30-4ca0-aaa8-7874dd510259', 'a49f7bf2-204e-473e-9446-c0dfc4ab79b7', '9ce119e4-5b4f-4012-880f-73f2bfdb8b73', '52240e20-aeb9-43c8-a26e-981a621e2d8d']",59,,,,,,,,,,,,,,,,Ghana,4885,00:01:59.040,Pressure,
,,,,,,,,,,,,,,,,,1.996811,,,,,,,,,,,,,,,796863d5-6fa4-4194-8752-97bb46210074,1571,,"[62.8, 11.8]",3920410,47,,,,,,,,,,,,,,,,,,,,,,,,,2,From Goal Kick,Ricardo Martins Guimarães,29482.0,Center Attacking Midfield,87,Ghana,4885,"['488dd97b-7562-4d28-bb30-1fa166343ff7', '6e9f1b7a-06e4-45fe-9df9-bff1ee528972', '02efc4e2-b24a-4887-8ec6-3b6bd1b6112d']",56,,,,,,,,,,,,,,,,Mozambique,4978,00:02:56.422,Pressure,
,,,,,,,,,,,,,,,,,2.58755,,,,,,,,,,,,,,,967fa1d2-6dd4-42c5-af96-b766f006a343,1581,,"[51.2, 2.7]",3920410,48,,,,,,,,,,,,,,,,,,,,,,,,,2,From Free Kick,Gideon Mensah,23615.0,Left Back,88,Mozambique,4978,"['b841497a-6d24-4775-bfc3-fdc688041a92', '19398420-0d41-4c30-8b4f-9c822ba31760']",35,,,,,,,,,,,,,,,,Ghana,4885,00:03:35.172,Pressure,
,,,,,,,,,,,,,,,,,0.421862,,,,,,,,,,,,,,,73bd4027-448f-4a41-930c-cb65f0f21d80,1596,,"[54.0, 73.9]",3920410,48,,,,,,,,,,,,,,,,,,,,,,,,,2,From Free Kick,Denis Odoi,12259.0,Right Back,89,Mozambique,4978,"['6b9cb257-eb84-4eb8-816d-eefd7062a7ce', '19fdc638-b8e8-4ad6-a5aa-92d315f3cc1a']",54,,,,,,,,,,,,,,,,Ghana,4885,00:03:54.996,Pressure,
,,,,,,,,,,,,,,,,,1.982926,,,,,,,,,,,,,,,a6562dab-547c-4528-8f91-c344cb41bd45,1598,,"[24.9, 55.6]",3920410,48,,,,,,,,,,,,,,,,,,,,,,,,,2,From Free Kick,Mohamed Salisu,30519.0,Left Center Back,89,Mozambique,4978,"['c1ab6cb3-b26b-45bb-b555-674052defef4', '53a72b48-d17b-4243-9057-4a4efd63d60a']",57,,,,,,,,,,,,,,,,Ghana,4885,00:03:57.086,Pressure,
,,,,,,,,,,,,,,,,,0.551684,,,,,,,,,,,,,,,2ccf4e80-7028-48e8-b7a1-e4048e518b37,1602,,"[19.5, 47.0]",3920410,49,,,,,,,,,,,,,,,,,,,,,,,,,2,From Free Kick,Salis Abdul Samed,31029.0,Left Defensive Midfield,89,Mozambique,4978,,0,,,,,,,,,,,,,,,,Ghana,4885,00:04:00.711,Pressure,
,,,,,,,,,,,True,,,,,,0.59144,,,,,,,,,,,,,,,83633f3d-d41c-4b6d-909f-2e0e221ee28e,1619,,"[40.1, 6.2]",3920410,50,,,,,,,,,,,,,,,,,,,,,,,,,2,Regular Play,Reinildo Isnard Mandava,10848.0,Left Center Back,92,Ghana,4885,"['1b5b0d97-1eea-46a6-8424-7d084b87d5ff', 'd1ed710a-f63d-4da1-84be-d799a6da3b9e']",19,,,,,,,,,,,,,,,,Mozambique,4978,00:05:19.929,Pressure,
,,,,,,,,,,,,,,,,,1.043936,,,,,,,,,,,,,,,bb796dc7-a8bc-45cf-a14a-8f45993995b7,1625,,"[19.5, 5.8]",3920410,50,,,,,,,,,,,,,,,,,,,,,,,,,2,From Throw In,Bruno Alberto Langa,106070.0,Left Back,93,Ghana,4885,,47,,,,,,,,,,,,,,,,Mozambique,4978,00:05:47.037,Pressure,
,,,,,,,,,,,True,,,,,,0.196638,,,,,,,,,,,,,,,fed98e8d-db80-446d-b365-c208da8e9447,1635,,"[108.6, 72.9]",3920410,51,,,,,,,,,,,,,,,,,,,,,,,,,2,From Throw In,André Ayew Pelé,3347.0,Center Forward,94,Ghana,4885,"['6c0722e0-978a-4cfa-887f-a5d8107f58ea', '3b6d7946-d9cb-4e0e-9a18-fe3a17cd55d9']",8,,,,,,,,,,,,,,,,Ghana,4885,00:06:08.461,Pressure,
,,,,,,,,,,,,,,,,,0.386538,,,,,,,,,,,,,,,c84f42e9-c9f0-42f0-9b1e-be51b60c71a7,1643,,"[41.5, 11.1]",3920410,51,,,,,,,,,,,,,,,,,,,,,,,,,2,From Throw In,Ricardo Martins Guimarães,29482.0,Center Attacking Midfield,94,Ghana,4885,['1f93fb4b-480e-4421-9091-c51db2cfdeb5'],12,,,,,,,,,,,,,,,,Mozambique,4978,00:06:12.649,Pressure,
,,,,,,,,,,,,,,,,,0.396865,,,,,,,,,,,,,,,dd80b5e8-f356-4aca-937e-bd33a46b4fef,1651,,"[56.1, 13.6]",3920410,51,,,,,,,,,,,,,,,,,,,,,,,,,2,From Throw In,Ricardo Martins Guimarães,29482.0,Center Attacking Midfield,94,Ghana,4885,"['794a9048-fe49-4a05-90fe-2cb0f772c66f', '56f5d465-0a3a-4820-94a3-1dde3c7b4276']",17,,,,,,,,,,,,,,,,Mozambique,4978,00:06:17.453,Pressure,
,,,,,,,,,,,,,,,,,1.783846,,,,,,,,,,,,,,,b7e0c116-f4c0-4561-ba6b-2c9efba147ac,1668,,"[13.3, 70.5]",3920410,51,,,,,,,,,,,,,,,,,,,,,,,,,2,From Throw In,Infren David da Conceição Matola,417067.0,Right Back,94,Ghana,4885,"['152f55a7-d6f5-4987-a419-e719963659cc', '7698095c-058a-4038-a785-f32e25448932']",34,,,,,,,,,,,,,,,,Mozambique,4978,00:06:34.226,Pressure,
,,,,,,,,,,,,,,,,,0.594232,,,,,,,,,,,,,,,2ed851ad-3b0c-4e12-adfc-0ed93d1dab3a,1675,,"[21.6, 69.1]",3920410,51,,,,,,,,,,,,,,,,,,,,,,,,,2,From Throw In,Feliciano João Jone,129475.0,Left Defensive Midfield,94,Ghana,4885,"['15a6adb5-213d-4dbd-925c-fcf74a89d906', '9d1b2506-6349-4fc0-b3b6-10ae9af7d735']",39,,,,,,,,,,,,,,,,Mozambique,4978,00:06:39.105,Pressure,
,,,,,,,,,,,,,,,,,0.779866,,,,,,,,,,,,,,,4f4b6d4b-1400-4658-bedb-ff8f87fc004f,1679,,"[35.2, 73.9]",3920410,51,,,,,,,,,,,,,,,,,,,,,,,,,2,From Throw In,Geny Cipriano Catamo,127300.0,Right Wing,94,Ghana,4885,['92529b63-a599-4b95-8d5a-b94e55af3603'],41,,,,,,,,,,,,,,,,Mozambique,4978,00:06:41.912,Pressure,
,,,,,,,,,,,,,,,,,1.867196,,,,,,,,,,,,,,,9dafa959-f493-431f-bd97-cd7c565ea4fd,1689,,"[39.3, 12.6]",3920410,51,,,,,,,,,,,,,,,,,,,,,,,,,2,From Throw In,Alfons Amade,23706.0,Right Defensive Midfield,94,Ghana,4885,['cc22d184-dcb8-41f1-ba26-50dddf1df097'],52,,,,,,,,,,,,,,,,Mozambique,4978,00:06:52.308,Pressure,
,,,,,,,,,,,,,,,,,0.706768,,,,,,,,,,,,,,,4c806bf6-098e-4469-92f7-2ecbe9d1fa30,1691,,"[113.2, 51.4]",3920410,51,,,,,,,,,,,,,,,,,,,,,,,,,2,From Throw In,André Ayew Pelé,3347.0,Center Forward,94,Ghana,4885,['4ef6361d-33dc-4ab4-9ad6-91a856f985db'],56,,,,,,,,,,,,,,,,Ghana,4885,00:06:56.163,Pressure,
,,,,,,,,,,,True,,,,,,0.644552,,,,,,,,,,,,,,,d24fb393-7e71-400c-894e-2335f0b01f88,1708,,"[102.3, 36.2]",3920410,52,,,,,,,,,,,,,,,,,,,,,,,,,2,Regular Play,Pachoio Lau Há King,106082.0,Center Forward,96,Ghana,4885,"['a005193c-e6e8-47b6-bbda-9d13909049be', '9ac27e0c-011c-46b7-b7b5-e0c937662021']",22,,,,,,,,,,,,,,,,Mozambique,4978,00:07:22.990,Pressure,
,,,,,,,,,,,True,,,,,,0.561462,,,,,,,,,,,,,,,dc3aa08e-b8c0-4392-91ff-004d85457e03,1710,,"[80.0, 56.9]",3920410,52,,,,,,,,,,,,,,,,,,,,,,,,,2,Regular Play,Geny Cipriano Catamo,127300.0,Right Wing,96,Ghana,4885,"['365db181-4f45-4b54-8456-90fe1580683c', '68f4f898-2863-4e53-b0ca-d2e07b319d03']",24,,,,,,,,,,,,,,,,Mozambique,4978,00:07:24.207,Pressure,
,,,,,,,,,,,,,,,,,0.463939,,,,,,,,,,,,,,,693ec07d-2a86-474a-99ce-063b04e5d99c,1718,,"[50.6, 47.4]",3920410,52,,,,,,,,,,,,,,,,,,,,,,,,,2,Regular Play,Iddrisu Baba Mohammed,24087.0,Right Defensive Midfield,96,Ghana,4885,"['c1281b73-889c-47e7-bd4b-0e544399d86f', '727be578-ceb6-421c-8676-4b1fbee7fd6d', '7f20bfc5-fdde-49e0-850e-ca1b0824c334']",30,,,,,,,,,,,,,,,,Ghana,4885,00:07:30.210,Pressure,
,,,,,,,,,,,,,,,,,1.269679,,,,,,,,,,,,,,,9fe83175-0b26-498e-bb18-c147e13b721c,1728,,"[41.1, 16.0]",3920410,52,,,,,,,,,,,,,,,,,,,,,,,,,2,From Free Kick,Salis Abdul Samed,31029.0,Left Defensive Midfield,98,Mozambique,4978,"['7e6898e8-444f-47fc-bd60-6adb210b574a', '00b26edb-a957-4db1-be79-f74c626a448d']",41,,,,,,,,,,,,,,,,Ghana,4885,00:07:41.010,Pressure,
,,,,,,,,,,,,,,,,,0.856987,,,,,,,,,,,,,,,cef46be0-229d-46b4-b49b-346c7a7fbf7d,1732,,"[28.5, 3.4]",3920410,52,,,,,,,,,,,,,,,,,,,,,,,,,2,From Free Kick,Jordan Ayew,3450.0,Left Wing,98,Mozambique,4978,"['e550d9c7-1853-4acb-ac1a-1eda4096af6e', 'fcf7cd56-fcb9-4d56-a2c1-abb34eac55dc']",44,,,,,,,,,,,,,,,,Ghana,4885,00:07:44.647,Pressure,
,,,,,,,,,,,,,,,,,1.103899,,,,,,,,,,,,,,,335b0a37-85e2-49c3-8a4a-7896393bfb83,1736,,"[33.4, 12.4]",3920410,52,,,,,,,,,,,,,,,,,,,,,,,,,2,From Free Kick,Salis Abdul Samed,31029.0,Left Defensive Midfield,98,Mozambique,4978,"['01325373-5a8d-4284-b383-a1b5bb0a08aa', '3849b7bd-6c96-4a25-bd2c-892a73f7b6f5']",47,,,,,,,,,,,,,,,,Ghana,4885,00:07:47.321,Pressure,
,,,,,,,,,,,,,,,,,0.734141,,,,,,,,,,,,,,,abc1c7b0-f334-49a7-ba1d-0420d77d5d6e,1746,,"[56.7, 36.9]",3920410,52,,,,,,,,,,,,,,,,,,,,,,,,,2,From Free Kick,André Ayew Pelé,3347.0,Center Forward,98,Mozambique,4978,['af88f2a2-c3b9-487c-a95f-b2e9f1e96278'],58,,,,,,,,,,,,,,,,Ghana,4885,00:07:58.696,Pressure,
,,,,,,,,,,,,,,,,,2.650704,,,,,,,,,,,,,,,91e56f20-ff0e-4528-9525-018a3b2d762d,1762,,"[28.3, 26.7]",3920410,53,,,,,,,,,,,,,,,,,,,,,,,,,2,From Free Kick,Gideon Mensah,23615.0,Left Back,98,Mozambique,4978,"['cdcab42c-b76d-4f6f-bcdc-bd26396404e5', '1cb9731d-b6bd-4bcc-a658-e20b97f9632f']",15,,,,,,,,,,,,,,,,Ghana,4885,00:08:15.228,Pressure,
,,,,,,,,,,,True,,,,,,1.099639,,,,,,,,,,,,,,,416fd016-71af-403b-aefd-c8a8934530b8,1774,,"[41.1, 22.0]",3920410,54,,,,,,,,,,,,,,,,,,,,,,,,,2,From Keeper,Alfons Amade,23706.0,Right Defensive Midfield,101,Ghana,4885,['83399ad3-8252-4a35-b32a-44d045e64859'],31,,,,,,,,,,,,,,,,Mozambique,4978,00:09:31.681,Pressure,
,,,,,,,,,,,,,,,,,0.502128,,,,,,,,,,,,,,,48e37cc4-7df8-4efd-beb2-caf37e387c58,1775,,"[29.9, 26.8]",3920410,54,,,,,,,,,,,,,,,,,,,,,,,,,2,From Keeper,Reinildo Isnard Mandava,10848.0,Left Center Back,101,Ghana,4885,['7b016443-2023-4f61-b22b-d7be98ca2814'],32,,,,,,,,,,,,,,,,Mozambique,4978,00:09:32.821,Pressure,
,,,,,,,,,,,,,,,,,1.133444,,,,,,,,,,,,,,,e5d2c319-ef3f-4055-b130-101fac40c810,1825,,"[29.0, 69.0]",3920410,57,,,,,,,,,,,,,,,,,,,,,,,,,2,From Throw In,Ricardo Martins Guimarães,29482.0,Center Attacking Midfield,106,Ghana,4885,"['56138475-c653-498a-8959-7dd076f2bd29', '5ac6ae96-e4ab-484e-a08c-fe2f01697033']",18,,,,,,,,,,,,,,,,Mozambique,4978,00:12:18.898,Pressure,
,,,,,,,,,,,,,,,,,0.529301,,,,,,,,,,,,,,,db29ca5a-f227-4b15-8bb3-990084a01351,1839,,"[27.4, 28.5]",3920410,57,,,,,,,,,,,,,,,,,,,,,,,,,2,From Throw In,Ricardo Martins Guimarães,29482.0,Center Attacking Midfield,106,Ghana,4885,['0cba793a-cfe8-40b3-b3ed-266bb9630ebc'],31,,,,,,,,,,,,,,,,Mozambique,4978,00:12:31.680,Pressure,
,,,,,,,,,,,,,,,,,0.332306,,,,,,,,,,,,,,,714471b9-ec9c-43a0-a7d4-431aa3fe882a,1841,,"[31.9, 32.4]",3920410,57,,,,,,,,,,,,,,,,,,,,,,,,,2,From Throw In,Ricardo Martins Guimarães,29482.0,Center Attacking Midfield,106,Ghana,4885,"['dbe5a1b0-7304-4e76-a423-d1fb4bb41108', '8c11554d-b18d-4df1-a5ee-0ac59d6d229b', '0000fa6b-df7c-4312-91c4-000f1fac6d1e']",32,,,,,,,,,,,,,,,,Mozambique,4978,00:12:32.894,Pressure,
,,,,,,,,,,,True,,,,,,1.110686,,,,,,,,,,,,,,,e32e5cde-5433-493b-8d7d-95fe901d35ce,1858,,"[105.9, 49.5]",3920410,57,,,,,,,,,,,,,,,,,,,,,,,,,2,From Counter,Mohammed Kudus,17033.0,Center Attacking Midfield,107,Mozambique,4978,"['a5c539bd-7084-480a-af72-3a54a8b610dd', '03eac5c8-ee6a-4792-87ba-19d430f102e7']",47,,,,,,,,,,,,,,,,Ghana,4885,00:12:47.922,Pressure,
,,,,,,,,,,,True,,,,,,0.978024,,,,,,,,,,,,,,,cae410fa-6398-4b6e-b155-0ca3fb7ab308,1860,,"[63.1, 68.3]",3920410,57,,,,,,,,,,,,,,,,,,,,,,,,,2,From Counter,Iddrisu Baba Mohammed,24087.0,Right Defensive Midfield,107,Mozambique,4978,"['8d023925-3ac9-448a-ba79-58a60f0b8f34', '9d5ce7b8-b0ec-4297-87fe-4721ac78a8c7']",51,,,,,,,,,,,,,,,,Ghana,4885,00:12:51.205,Pressure,
,,,,,,,,,,,,,,,,,0.597499,,,,,,,,,,,,,,,6d8cfa07-9080-4d56-a33b-e2d2ce78c6b0,1875,,"[40.0, 15.6]",3920410,58,,,,,,,,,,,,,,,,,,,,,,,,,2,From Free Kick,Gideon Mensah,23615.0,Left Back,108,Mozambique,4978,"['d3007ed5-94c7-440f-8958-656e398d59a6', '11d61494-0b8b-4a0f-8e61-dcacc7dfc613']",42,,,,,,,,,,,,,,,,Ghana,4885,00:13:42.695,Pressure,
,,,,,,,,,,,,,,,,,0.607173,,,,,,,,,,,,,,,02bd7923-cb6d-468a-b3a2-ed45496e21c4,1888,,"[35.4, 71.3]",3920410,58,,,,,,,,,,,,,,,,,,,,,,,,,2,From Free Kick,Antoine Semenyo,9286.0,Right Wing,108,Mozambique,4978,"['322bd8ee-71a1-4767-8daa-d5ea3671661f', 'd875b1e2-fc9c-4a6e-a3a9-5a02091d1d48']",54,,,,,,,,,,,,,,,,Ghana,4885,00:13:54.141,Pressure,
,,,,,,,,,,,,,,,,,0.496786,,,,,,,,,,,,,,,f579f400-00e3-4e4b-9874-d6545eb15193,1892,,"[42.0, 61.0]",3920410,58,,,,,,,,,,,,,,,,,,,,,,,,,2,From Free Kick,André Ayew Pelé,3347.0,Center Forward,108,Mozambique,4978,['f1464b3e-e5e2-4d2c-8c67-49d5f22e4b89'],56,,,,,,,,,,,,,,,,Ghana,4885,00:13:56.514,Pressure,
,,,,,,,,,,,,,,,,,0.969133,,,,,,,,,,,,,,,d922cf49-e748-482f-af9a-60913e2ca406,1893,,"[29.3, 62.7]",3920410,58,,,,,,,,,,,,,,,,,,,,,,,,,2,From Free Kick,Iddrisu Baba Mohammed,24087.0,Right Defensive Midfield,108,Mozambique,4978,,57,,,,,,,,,,,,,,,,Ghana,4885,00:13:57.282,Pressure,
,,,,,,,,,,,,,,,,,0.534313,,,,,,,,,,,,,,,bcd3d60d-9f51-4933-ac32-9d8093ab9664,1897,,"[30.9, 72.9]",3920410,59,,,,,,,,,,,,,,,,,,,,,,,,,2,From Free Kick,Iddrisu Baba Mohammed,24087.0,Right Defensive Midfield,108,Mozambique,4978,['459ad901-ea81-47bf-813f-1a9f7a50c7b7'],1,,,,,,,,,,,,,,,,Ghana,4885,00:14:01.291,Pressure,
,,,,,,,,,,,,,,,,,0.615102,,,,,,,,,,,,,,,a99784dd-b5a3-4901-a42e-8b37511fe87d,1910,,"[37.7, 63.3]",3920410,59,,,,,,,,,,,,,,,,,,,,,,,,,2,From Free Kick,Denis Odoi,12259.0,Right Back,108,Mozambique,4978,"['5b5ebeee-31b1-44e7-94bb-624828b70048', '581424e7-2b3e-44d5-9563-8c75dbd68885', '4b905d15-8b7f-46e3-bab4-7dba0d656a86', '2d7497ae-37da-40d3-9d00-931cd8962b18']",13,,,,,,,,,,,,,,,,Ghana,4885,00:14:13.107,Pressure,
,,,,,,,,,,,,,,,,,2.185775,,,,,,,,,,,,,,,05f279eb-18e0-4985-aabe-79394b9af384,1918,,"[21.9, 56.7]",3920410,59,,,,,,,,,,,,,,,,,,,,,,,,,2,From Free Kick,Salis Abdul Samed,31029.0,Left Defensive Midfield,108,Mozambique,4978,"['cf2f7dcb-f01b-4cda-b158-53889898a5b1', '591fdcde-3963-483f-bd62-e305ceb26a86']",16,,,,,,,,,,,,,,,,Ghana,4885,00:14:16.065,Pressure,
,,,,,,,,,,,,,,,,,0.38376,,,,,,,,,,,,,,,e6031a38-47f5-4926-a4b2-5330ecfdb59b,1920,,"[101.4, 26.1]",3920410,59,,,,,,,,,,,,,,,,,,,,,,,,,2,From Free Kick,Witiness Chimoio João Quembo,10865.0,Left Wing,108,Mozambique,4978,,19,,,,,,,,,,,,,,,,Mozambique,4978,00:14:19.468,Pressure,
,,,,,,,,,,,True,,,,,,0.945374,,,,,,,,,,,,,,,1515d8d5-828d-4558-b996-d18ada02cd1f,1958,,"[109.9, 32.7]",3920410,59,,,,,,,,,,,,,,,,,,,,,,,,,2,Regular Play,Alfons Amade,23706.0,Right Defensive Midfield,109,Mozambique,4978,"['8dfff85d-72d7-4748-9d34-cea47d08c339', 'fb83e636-d71a-4bcc-ba1d-c3f161ab137a']",57,,,,,,,,,,,,,,,,Mozambique,4978,00:14:57.855,Pressure,
,,,,,,,,,,,,,,,,,0.620051,,,,,,,,,,,,,,,0334b67a-4c21-4efc-9586-8031cb36a1ae,1971,,"[69.3, 11.8]",3920410,61,,,,,,,,,,,,,,,,,,,,,,,,,2,From Goal Kick,Geny Cipriano Catamo,127300.0,Right Wing,111,Ghana,4885,,37,,,,,,,,,,,,,,,,Mozambique,4978,00:16:37.481,Pressure,
,,,,,,,,,,,,,,,,,0.374341,,,,,,,,,,,,,,,dbe52e9b-1654-4839-be19-3053bb861e7d,1977,,"[64.3, 19.9]",3920410,61,,,,,,,,,,,,,,,,,,,,,,,,,2,From Goal Kick,Alfons Amade,23706.0,Right Defensive Midfield,111,Ghana,4885,['ad2a77b7-212d-41a8-8713-134d086276b7'],40,,,,,,,,,,,,,,,,Mozambique,4978,00:16:40.924,Pressure,
,,,,,,,,,,,True,,,,,,0.323497,,,,,,,,,,,,,,,95f77342-6165-4c25-a002-1ccf0be01f46,1987,,"[33.5, 52.8]",3920410,61,,,,,,,,,,,,,,,,,,,,,,,,,2,Regular Play,Alexander Djiku,2989.0,Right Center Back,112,Mozambique,4978,['ab90315b-558b-44f4-9b6f-cdbe63731f92'],46,,,,,,,,,,,,,,,,Ghana,4885,00:16:46.309,Pressure,
,,,,,,,,,,,,,,,,,0.711481,,,,,,,,,,,,,,,26e78344-acb7-49a5-ac38-5ce5498e2511,2001,,"[52.5, 43.5]",3920410,63,,,,,,,,,,,,,,,,,,,,,,,,,2,Regular Play,Mohammed Kudus,17033.0,Center Attacking Midfield,114,Mozambique,4978,"['6fbb8e93-6303-4208-a95b-c50ec381a6ed', '68553f29-2421-4f63-9318-7aeb25f1da40']",21,,,,,,,,,,,,,,,,Ghana,4885,00:18:21.997,Pressure,
,,,,,,,,,,,,,,,,,0.808265,,,,,,,,,,,,,,,02500e2b-3039-4b4b-805b-2154cd107d9b,2006,,"[24.4, 65.1]",3920410,63,,,,,,,,,,,,,,,,,,,,,,,,,2,Regular Play,Denis Odoi,12259.0,Right Back,114,Mozambique,4978,"['899797f7-dc0a-45a8-8308-823feff04ef5', '2312e91b-0980-445f-856b-44b697e0f287']",28,,,,,,,,,,,,,,,,Ghana,4885,00:18:28.160,Pressure,
,,,,,,,,,,,,,,,,,0.329076,,,,,,,,,,,,,,,fdbffc38-581a-4109-a8e3-e659a5d8271b,2012,,"[16.7, 53.2]",3920410,63,,,,,,,,,,,,,,,,,,,,,,,,,2,Regular Play,Alexander Djiku,2989.0,Right Center Back,114,Mozambique,4978,"['55c873bc-24b4-4c50-822c-f77bc48960f5', '5deda876-3d58-4bee-9fa2-d2d55f969a91']",31,,,,,,,,,,,,,,,,Ghana,4885,00:18:31.727,Pressure,
,,,,,,,,,,,,,,,,,1.004021,,,,,,,,,,,,,,,3e376dea-766b-4ec9-b7f3-323c3414e521,2025,,"[12.6, 70.1]",3920410,65,,,,,,,,,,,,,,,,,,,,,,,,,2,From Throw In,Antoine Semenyo,9286.0,Right Wing,115,Mozambique,4978,"['3aa4ab1e-805d-480d-8e39-51bff245a0aa', '0061efac-47d8-445c-ab52-0c2abca27f8d']",5,,,,,,,,,,,,,,,,Ghana,4885,00:20:05.227,Pressure,
,,,,,,,,,,,,,,,,,1.87419,,,,,,,,,,,,,,,f3be56fa-a259-4f55-8f01-43ff55041737,2035,,"[19.5, 67.9]",3920410,65,,,,,,,,,,,,,,,,,,,,,,,,,2,From Throw In,Salis Abdul Samed,31029.0,Left Defensive Midfield,116,Mozambique,4978,['ce46f091-5a86-42f1-94ec-d62ae23c04a8'],15,,,,,,,,,,,,,,,,Ghana,4885,00:20:15.906,Pressure,
,,,,,,,,,,,,,,,,,0.999284,,,,,,,,,,,,,,,545784d9-0369-4c67-bf7a-d0a8a0312406,2037,,"[97.8, 23.4]",3920410,65,,,,,,,,,,,,,,,,,,,,,,,,,2,From Throw In,Ricardo Martins Guimarães,29482.0,Center Attacking Midfield,116,Mozambique,4978,"['baec0dcd-05a8-46c1-9799-01bfdceaf040', '31ce6560-e006-4e4e-997f-620272846bb1']",18,,,,,,,,,,,,,,,,Mozambique,4978,00:20:18.116,Pressure,
,,,,,,,,,,,True,,,,,,0.475108,,,,,,,,,,,,,,,9f0f0ece-e104-4435-943b-fae85a611f92,2043,,"[94.3, 25.4]",3920410,65,,,,,,,,,,,,,,,,,,,,,,,,,2,Regular Play,Ricardo Martins Guimarães,29482.0,Center Attacking Midfield,117,Ghana,4885,"['f970dfed-8a52-4bc7-8a24-dae0e21c162b', '8c7f5896-aea8-4e4c-8626-bf1aa28db7c0']",20,,,,,,,,,,,,,,,,Mozambique,4978,00:20:20.980,Pressure,
,,,,,,,,,,,,,,,,,0.65925,,,,,,,,,,,,,,,adae33b9-f8b8-4cd5-b688-3a6bf7d07cbe,2051,,"[8.7, 36.2]",3920410,65,,,,,,,,,,,,,,,,,,,,,,,,,2,Regular Play,Reinildo Isnard Mandava,10848.0,Left Center Back,117,Ghana,4885,"['b4b4da6b-ac4f-42ea-a658-969bdc3b0c3f', '14d39d6b-55d2-4ce7-9f84-f993b2dfe95b']",35,,,,,,,,,,,,,,,,Mozambique,4978,00:20:35.021,Pressure,
,,,,,,,,,,,,,,,,,1.065921,,,,,,,,,,,,,,,dd4325dd-0969-4969-b23d-018054c65557,2065,,"[8.0, 64.9]",3920410,70,,,,,,,,,,,,,,,,,,,,,,,,,2,From Kick Off,Denis Odoi,12259.0,Right Back,119,Mozambique,4978,['55b26daa-90f0-4cbf-b417-df41630be783'],44,,,,,,,,,,,,,,,,Ghana,4885,00:25:44.685,Pressure,
,,,,,,,,,,,,,,,,,1.10177,,,,,,,,,,,,,,,c4b25532-f0c6-4357-be25-b5ec5c06c714,2098,,"[24.9, 60.0]",3920410,73,,,,,,,,,,,,,,,,,,,,,,,,,2,From Free Kick,Mohammed Kudus,17033.0,Right Attacking Midfield,122,Mozambique,4978,"['9429a088-6d66-4ca9-a61a-330e155834dc', '8ddeb2ba-0ef0-43b9-9b93-2d764a3e9ecb']",7,,,,,,,,,,,,,,,,Ghana,4885,00:28:07.751,Pressure,
,,,,,,,,,,,True,,,,,,0.519443,,,,,,,,,,,,,,,ccdf2cdf-3a6f-4469-8c4d-c243893d79e2,2117,,"[96.2, 55.3]",3920410,73,,,,,,,,,,,,,,,,,,,,,,,,,2,From Free Kick,Elias Gaspar Pelembe,106074.0,Left Defensive Midfield,122,Mozambique,4978,"['524a314e-e7b2-4618-96f4-6b5a81d9255f', '7774851a-8a6c-406f-b7ee-bc86775447ea']",24,,,,,,,,,,,,,,,,Mozambique,4978,00:28:24.033,Pressure,
,,,,,,,,,,,True,,,,,,0.52391,,,,,,,,,,,,,,,7fdf6870-d9ed-4dce-ac08-6364148ebb65,2120,,"[78.4, 79.0]",3920410,73,,,,,,,,,,,,,,,,,,,,,,,,,2,From Free Kick,Geny Cipriano Catamo,127300.0,Right Midfield,122,Mozambique,4978,"['7774851a-8a6c-406f-b7ee-bc86775447ea', '55688791-4dd8-49bb-84b2-1b0d2e582032']",27,,,,,,,,,,,,,,,,Mozambique,4978,00:28:27.011,Pressure,
,,,,,,,,,,,,,,,,,0.726619,,,,,,,,,,,,,,,8df624b5-1472-42e2-a8cd-ec9a58a4da40,2129,,"[24.9, 11.1]",3920410,73,,,,,,,,,,,,,,,,,,,,,,,,,2,From Free Kick,Mohamed Salisu,30519.0,Left Center Back,122,Mozambique,4978,['bbcad3a6-cb70-4af9-93fc-2a66cb1b1d5e'],36,,,,,,,,,,,,,,,,Ghana,4885,00:28:36.749,Pressure,
,,,,,,,,,,,,,,,,,1.502817,,,,,,,,,,,,,,,d94cec08-5108-4d7c-a52b-edf09ba51100,2143,,"[34.3, 78.5]",3920410,77,,,,,,,,,,,,,,,,,,,,,,,,,2,From Throw In,Infren David da Conceição Matola,417067.0,Right Back,125,Ghana,4885,"['2a8cad43-d5b7-4b2f-bdc3-abe83ae3428e', 'a550a47a-00e1-4bd7-90e3-5ebbf21bd72d']",1,,,,,,,,,,,,,,,,Mozambique,4978,00:32:01.933,Pressure,
,,,,,,,,,,,,,,,,,0.708428,,,,,,,,,,,,,,,332c5155-2188-4e03-8ff4-d4bd62e79dc2,2146,,"[37.5, 79.0]",3920410,77,,,,,,,,,,,,,,,,,,,,,,,,,2,From Throw In,Geny Cipriano Catamo,127300.0,Right Midfield,125,Ghana,4885,['a550a47a-00e1-4bd7-90e3-5ebbf21bd72d'],2,,,,,,,,,,,,,,,,Mozambique,4978,00:32:02.940,Pressure,
,,,,,,,,,,,True,,,,,,2.148254,,,,,,,,,,,,,,,fb48a718-f42f-474c-a94a-53776631af4c,2150,,"[66.7, 11.1]",3920410,77,,,,,,,,,,,,,,,,,,,,,,,,,2,From Throw In,Jordan Ayew,3450.0,Left Attacking Midfield,125,Ghana,4885,['036ca28a-49fe-43ed-9e6a-228130c7ccef'],8,,,,,,,,,,,,,,,,Ghana,4885,00:32:08.004,Pressure,
,,,,,,,,,,,,,,,,,0.57538,,,,,,,,,,,,,,,bda02b5f-01c8-4056-bc15-e5596566c6f6,2151,,"[47.2, 33.7]",3920410,77,,,,,,,,,,,,,,,,,,,,,,,,,2,From Throw In,Jordan Ayew,3450.0,Left Attacking Midfield,125,Ghana,4885,['42114d45-42f8-49f2-a129-fa7686cc529e'],12,,,,,,,,,,,,,,,,Ghana,4885,00:32:12.509,Pressure,
,,,,,,,,,,,,,,,,,0.321767,,,,,,,,,,,,,,,564f012e-c516-492e-8de3-951d739a814b,2153,,"[77.6, 17.4]",3920410,77,,,,,,,,,,,,,,,,,,,,,,,,,2,From Throw In,Bruno Alberto Langa,106070.0,Left Back,125,Ghana,4885,['8d7165cc-01d6-4e3a-a1ff-7cf03511258b'],14,,,,,,,,,,,,,,,,Mozambique,4978,00:32:14.344,Pressure,
,,,,,,,,,,,,,,,,,2.074449,,,,,,,,,,,,,,,824cfbe8-9010-4c47-b672-6416f221c3cd,2158,,"[72.9, 22.1]",3920410,77,,,,,,,,,,,,,,,,,,,,,,,,,2,From Throw In,Bruno Alberto Langa,106070.0,Left Back,125,Ghana,4885,"['714df9ae-623d-45c3-8cbc-346fbd995814', '09b745b4-96b4-4903-8d50-0a72d70496b7']",16,,,,,,,,,,,,,,,,Mozambique,4978,00:32:16.356,Pressure,
,,,,,,,,,,,,,,,,,1.862816,,,,,,,,,,,,,,,929a5fca-ebb1-46ed-9497-fc9d05cc4f7f,2165,,"[43.0, 17.4]",3920410,77,,,,,,,,,,,,,,,,,,,,,,,,,2,From Throw In,Gildo Lourenço Vilanculos,106068.0,Left Midfield,125,Ghana,4885,"['07cdd5ce-6eae-45d8-a0c2-8d50222719f9', '3e49c7f7-5304-4a3b-853d-1751ac4bcda1', 'd663ea7c-7d54-4c00-a8c0-3a3021b4c872']",26,,,,,,,,,,,,,,,,Mozambique,4978,00:32:26.212,Pressure,
,,,,,,,,,,,,,,,,,0.663093,,,,,,,,,,,,,,,800fc1b2-b0b2-4232-b0e2-e00c92b69252,2177,,"[37.7, 41.5]",3920410,77,,,,,,,,,,,,,,,,,,,,,,,,,2,From Throw In,Reinildo Isnard Mandava,10848.0,Left Center Back,125,Ghana,4885,,36,,,,,,,,,,,,,,,,Mozambique,4978,00:32:36.556,Pressure,
,,,,,,,,,,,,,,,,,0.448421,,,,,,,,,,,,,,,54a82277-5e7e-450b-bfc4-c01e89c7627b,2180,,"[24.2, 40.0]",3920410,77,,,,,,,,,,,,,,,,,,,,,,,,,2,From Throw In,Infren David da Conceição Matola,417067.0,Right Back,125,Ghana,4885,"['f7759a20-941b-498a-bb88-3fc58223cf35', '2d874915-0468-4e08-a840-d6987c003e89']",40,,,,,,,,,,,,,,,,Mozambique,4978,00:32:40.620,Pressure,
,,,,,,,,,,,,,,,,,0.450974,,,,,,,,,,,,,,,dbe4c596-7796-46c9-abed-228213d727a2,2192,,"[63.8, 3.1]",3920410,78,,,,,,,,,,,,,,,,,,,,,,,,,2,Regular Play,Gideon Mensah,23615.0,Left Wing Back,126,Mozambique,4978,"['a0e40861-9e0e-45d9-8e0f-e743c990118b', '8741a691-3ef5-4665-87e5-45ca7404cff1']",1,,,,,,,,,,,,,,,,Ghana,4885,00:33:01.593,Pressure,
,,,,,,,,,,,,,,,,,0.43856,,,,,,,,,,,,,,,51d3552b-3ed2-4305-9e88-bd9f0dc91684,2201,,"[60.3, 33.7]",3920410,78,,,,,,,,,,,,,,,,,,,,,,,,,2,From Free Kick,Salis Abdul Samed,31029.0,Right Defensive Midfield,127,Mozambique,4978,"['b4f521ff-3a91-4690-ab38-18f4f5619c9e', '4b732d77-14bd-4c6a-87d3-bd03e0230a6b']",30,,,,,,,,,,,,,,,,Ghana,4885,00:33:30.482,Pressure,
,,,,,,,,,,,,,,,,,0.72809,,,,,,,,,,,,,,,2ac4a47b-dea7-42f1-91d1-c73994321562,2206,,"[75.8, 3.8]",3920410,78,,,,,,,,,,,,,,,,,,,,,,,,,2,From Free Kick,Salis Abdul Samed,31029.0,Right Defensive Midfield,127,Mozambique,4978,"['e3f70eca-dda5-4818-a2ea-bd06f5c3fba9', '309e1ef2-36eb-4ecf-aa6c-42b720459ad4']",34,,,,,,,,,,,,,,,,Ghana,4885,00:33:34.788,Pressure,
,,,,,,,,,,,,,,,,,0.67925,,,,,,,,,,,,,,,44d9ca84-b4ab-42be-9263-682e5ff61127,2226,,"[49.2, 15.7]",3920410,78,,,,,,,,,,,,,,,,,,,,,,,,,2,From Free Kick,André Ayew Pelé,3347.0,Center Forward,127,Mozambique,4978,['47f1f50c-ee66-4fd1-8686-9a5c6d6a13c2'],52,,,,,,,,,,,,,,,,Ghana,4885,00:33:52.846,Pressure,
,,,,,,,,,,,True,,,,,,0.600919,,,,,,,,,,,,,,,9afe0120-d0c1-4e40-8bc6-7771ae7f5849,2230,,"[76.0, 66.4]",3920410,78,,,,,,,,,,,,,,,,,,,,,,,,,2,Regular Play,Ricardo Martins Guimarães,29482.0,Right Defensive Midfield,128,Ghana,4885,"['e7ef9c54-4602-4e2d-a7a1-1de1982ebe46', 'c38d8138-8b29-4440-9e85-b173ab779967']",55,,,,,,,,,,,,,,,,Mozambique,4978,00:33:55.041,Pressure,
,,,,,,,,,,,True,,,,,,1.844749,,,,,,,,,,,,,,,7865ba8b-be10-4744-b885-c236f90e4a37,2234,,"[60.8, 71.0]",3920410,78,,,,,,,,,,,,,,,,,,,,,,,,,2,Regular Play,Infren David da Conceição Matola,417067.0,Right Back,128,Ghana,4885,['470223b6-b58d-4aed-8a3f-e70e92bec415'],56,,,,,,,,,,,,,,,,Mozambique,4978,00:33:56.737,Pressure,
,,,,,,,,,,,,,,,,,0.907106,,,,,,,,,,,,,,,86113d52-e27d-4499-a1b9-025c8e595cb7,2244,,"[21.3, 61.3]",3920410,79,,,,,,,,,,,,,,,,,,,,,,,,,2,Regular Play,Elias Gaspar Pelembe,106074.0,Left Defensive Midfield,128,Ghana,4885,['7d661f1c-895c-43d4-8711-e73993be4409'],11,,,,,,,,,,,,,,,,Mozambique,4978,00:34:11.054,Pressure,
,,,,,,,,,,,,,,,,,1.797132,,,,,,,,,,,,,,,ba23fc9c-0cd0-4e2b-8fd0-29e321955789,2261,,"[63.6, 13.0]",3920410,79,,,,,,,,,,,,,,,,,,,,,,,,,2,Regular Play,Elias Gaspar Pelembe,106074.0,Left Defensive Midfield,128,Ghana,4885,"['5e3998f3-3a96-4730-8a76-6e962dc41ec9', '5feaf708-a60b-4db0-b303-f3a2574a0722']",34,,,,,,,,,,,,,,,,Mozambique,4978,00:34:34.712,Pressure,
,,,,,,,,,,,,,,,,,0.511238,,,,,,,,,,,,,,,005e1294-de96-4d85-81eb-36702c7ea873,2263,,"[44.3, 13.4]",3920410,79,,,,,,,,,,,,,,,,,,,,,,,,,2,Regular Play,Elias Gaspar Pelembe,106074.0,Left Defensive Midfield,128,Ghana,4885,"['9bfb86de-3361-4117-96ce-423f52926c76', '6f0d8970-c70d-424e-a717-a14518000c6b', '73d5a3e1-3faf-42a8-9a82-347fe6fa255a']",37,,,,,,,,,,,,,,,,Mozambique,4978,00:34:37.315,Pressure,
,,,,,,,,,,,True,,,,,,1.847468,,,,,,,,,,,,,,,fdd4b168-057d-44c1-81a0-04490f64c8dd,2290,,"[33.7, 77.5]",3920410,80,,,,,,,,,,,,,,,,,,,,,,,,,2,Regular Play,Infren David da Conceição Matola,417067.0,Right Back,129,Mozambique,4978,['72d91097-eee4-407c-ad6b-83db65d9de2d'],3,,,,,,,,,,,,,,,,Mozambique,4978,00:35:03.664,Pressure,
,,,,,,,,,,,,,,,,,0.453509,,,,,,,,,,,,,,,ece86dcb-48c7-4eba-af6a-72762be10862,2299,,"[77.3, 24.2]",3920410,81,,,,,,,,,,,,,,,,,,,,,,,,,2,From Goal Kick,André Ayew Pelé,3347.0,Center Forward,131,Mozambique,4978,['c78f1306-04bb-4b79-a0bd-0b110a95da4f'],9,,,,,,,,,,,,,,,,Ghana,4885,00:36:09.247,Pressure,
,,,,,,,,,,,,,,,,,0.819987,,,,,,,,,,,,,,,67138b4e-e457-476c-8af4-3ccbfa8957bd,2301,,"[78.2, 80.0]",3920410,81,,,,,,,,,,,,,,,,,,,,,,,,,2,From Goal Kick,Pachoio Lau Há King,106082.0,Right Center Forward,131,Mozambique,4978,['6cbf87c4-8cc8-480c-aa7b-8f9632e14e58'],12,,,,,,,,,,,,,,,,Mozambique,4978,00:36:12.377,Pressure,
,,,,,,,,,,,,,,,,,0.365348,,,,,,,,,,,,,,,eabac95f-6bef-40d4-b27a-4492164cc883,2308,,"[76.8, 67.2]",3920410,81,,,,,,,,,,,,,,,,,,,,,,,,,2,From Throw In,Elias Gaspar Pelembe,106074.0,Left Defensive Midfield,132,Mozambique,4978,"['8c552142-b094-4d19-b653-ea2d7c42a968', '89600ae9-a899-40ef-974b-420e812ca731']",20,,,,,,,,,,,,,,,,Mozambique,4978,00:36:20.824,Pressure,
,,,,,,,,,,,,,,,,,0.204134,,,,,,,,,,,,,,,89600ae9-a899-40ef-974b-420e812ca731,2309,,"[42.1, 12.9]",3920410,81,,,,,,,,,,,,,,,,,,,,,,,,,2,From Throw In,Salis Abdul Samed,31029.0,Right Defensive Midfield,132,Mozambique,4978,['eabac95f-6bef-40d4-b27a-4492164cc883'],20,,,,,,,,,,,,,,,,Ghana,4885,00:36:20.895,Pressure,True
,,,,,,,,,,,True,,,,,,0.236155,,,,,,,,,,,,,,,a25ce373-28f7-4593-8b75-db2c5e4b9bd0,2311,,"[68.3, 67.4]",3920410,81,,,,,,,,,,,,,,,,,,,,,,,,,2,Regular Play,Ricardo Martins Guimarães,29482.0,Right Defensive Midfield,133,Ghana,4885,"['4042ee60-7c2e-4655-8041-be6a62a5d581', '3d99623b-0eff-44d9-bb5e-5f3ac4ddc5e7']",22,,,,,,,,,,,,,,,,Mozambique,4978,00:36:22.069,Pressure,
,,,,,,,,,,,,,,,,,0.911948,,,,,,,,,,,,,,,7e364bed-8c33-4f0d-ab45-431f36580aa2,2319,,"[48.9, 37.4]",3920410,81,,,,,,,,,,,,,,,,,,,,,,,,,2,Regular Play,Reinildo Isnard Mandava,10848.0,Left Center Back,133,Ghana,4885,['ae1f5ec4-a4be-4af5-84bf-11271a2da48f'],28,,,,,,,,,,,,,,,,Mozambique,4978,00:36:28.554,Pressure,
,,,,,,,,,,,,,,,,,4.657158,,,,,,,,,,,,,,,6976b1f2-cd21-4fff-9f00-2098d1cff5a4,2323,,"[49.9, 35.2]",3920410,81,,,,,,,,,,,,,,,,,,,,,,,,,2,Regular Play,Reinildo Isnard Mandava,10848.0,Left Center Back,133,Ghana,4885,"['33ac9fc7-c438-4bca-a026-05af02a048d2', 'd949a37c-3436-4d71-9523-04706b93b6c3']",30,,,,,,,,,,,,,,,,Mozambique,4978,00:36:30.325,Pressure,
,,,,,,,,,,,,,,,,,0.502453,,,,,,,,,,,,,,,411c4ff0-200a-43da-8707-c48b92307cb3,2326,,"[27.7, 47.3]",3920410,81,,,,,,,,,,,,,,,,,,,,,,,,,2,Regular Play,Edson André Sitoe,3250.0,Right Center Back,133,Ghana,4885,"['33ac9fc7-c438-4bca-a026-05af02a048d2', '5d6ba397-852b-43c4-bf89-263d6e7a63a3']",35,,,,,,,,,,,,,,,,Mozambique,4978,00:36:35.478,Pressure,
,,,,,,,,,,,,,,,,,0.816111,,,,,,,,,,,,,,,727a5030-d77d-41b2-8e75-8ce272307d63,2349,,"[47.6, 11.9]",3920410,84,,,,,,,,,,,,,,,,,,,,,,,,,2,From Keeper,Iddrisu Baba Mohammed,24087.0,Left Defensive Midfield,136,Mozambique,4978,,48,,,,,,,,,,,,,,,,Ghana,4885,00:39:48.603,Pressure,
,,,,,,,,,,,True,,,,,,2.971795,,,,,,,,,,,,,,,9e129ec8-5b28-456a-9e33-194c090b57a3,2356,,"[42.2, 75.3]",3920410,84,,,,,,,,,,,,,,,,,,,,,,,,,2,From Keeper,Ricardo Martins Guimarães,29482.0,Right Defensive Midfield,136,Mozambique,4978,['c21d19ee-ed58-4362-b8f6-f7f476e0de30'],54,,,,,,,,,,,,,,,,Mozambique,4978,00:39:54.453,Pressure,
,,,,,,,,,,,,,,,,,2.851913,,,,,,,,,,,,,,,4918d99f-941b-4dd9-824c-396fd923f631,2360,,"[9.8, 78.7]",3920410,85,,,,,,,,,,,,,,,,,,,,,,,,,2,From Keeper,Edson André Sitoe,3250.0,Right Center Back,136,Mozambique,4978,['f2b13bbc-facd-4c72-b9e0-f1d6fe3f0d0e'],1,,,,,,,,,,,,,,,,Mozambique,4978,00:40:01.430,Pressure,
,,,,,,,,,,,,,,,,,0.318373,,,,,,,,,,,,,,,13d124d9-2d67-41bd-922d-d03ec248373c,2364,,"[115.9, 4.2]",3920410,85,,,,,,,,,,,,,,,,,,,,,,,,,2,From Keeper,Jordan Ayew,3450.0,Left Attacking Midfield,136,Mozambique,4978,"['533d7eac-5718-4e4d-b594-178a5e493479', '93b9b995-c1bd-47a0-bd65-9a6b413b67ed']",5,,,,,,,,,,,,,,,,Ghana,4885,00:40:05.525,Pressure,
,,,,,,,,,,,,,,,,,0.45531,,,,,,,,,,,,,,,a8435111-fd5b-4be8-b6e0-a8ad15aa67a1,2366,,"[106.4, 9.9]",3920410,85,,,,,,,,,,,,,,,,,,,,,,,,,2,From Keeper,Salis Abdul Samed,31029.0,Right Defensive Midfield,136,Mozambique,4978,"['4ec9f38f-5be1-4c0b-a55c-30037143411a', 'a8d383e7-7275-41d3-920d-94475b1365b4', 'b9fd6749-2c34-4f21-8fdd-2b5384c2930b']",6,,,,,,,,,,,,,,,,Ghana,4885,00:40:06.843,Pressure,
,,,,,,,,,,,,,,,,,0.727852,,,,,,,,,,,,,,,6bf573e7-ec9b-4317-85e6-2dcf864973a5,2373,,"[114.1, 3.4]",3920410,85,,,,,,,,,,,,,,,,,,,,,,,,,2,From Keeper,Jordan Ayew,3450.0,Left Attacking Midfield,136,Mozambique,4978,"['01e6e347-4e60-4d75-92c0-c30940c31c59', '0b6bb162-e639-4ed0-aa18-4a47a517fe23']",9,,,,,,,,,,,,,,,,Ghana,4885,00:40:09.419,Pressure,
,,,,,,,,,,,,,,,,,0.70669,,,,,,,,,,,,,,,c5a51598-fd52-49d6-ad63-6e6b42efd363,2379,,"[71.8, 28.5]",3920410,85,,,,,,,,,,,,,,,,,,,,,,,,,2,From Keeper,Salis Abdul Samed,31029.0,Right Defensive Midfield,136,Mozambique,4978,['9b2512d7-898c-43c8-b587-fc00ed9479f7'],14,,,,,,,,,,,,,,,,Ghana,4885,00:40:14.787,Pressure,
,,,,,,,,,,,,,,,,,0.449686,,,,,,,,,,,,,,,ec242e0a-0435-43bb-9d61-4b2f51bc5312,2381,,"[50.6, 22.2]",3920410,85,,,,,,,,,,,,,,,,,,,,,,,,,2,From Keeper,Gideon Mensah,23615.0,Left Wing Back,136,Mozambique,4978,"['205f5bfd-54d7-46a9-a544-975fa8d80a35', '0c99e639-f8a5-4616-979b-c1369698d35e']",18,,,,,,,,,,,,,,,,Ghana,4885,00:40:18.212,Pressure,
,,,,,,,,,,,,,,,,,0.69481,,,,,,,,,,,,,,,e3917c30-647f-4d26-b71a-6ab5af794dd6,2387,,"[9.1, 65.1]",3920410,85,,,,,,,,,,,,,,,,,,,,,,,,,2,From Keeper,Alidu Seidu,45047.0,Right Wing Back,136,Mozambique,4978,"['8fbf6354-55b6-4be9-9ced-a93d4da1b5cc', '061dd55d-190f-417e-b370-b613f9d19cc2']",27,,,,,,,,,,,,,,,,Ghana,4885,00:40:27.753,Pressure,
,,,,,,,,,,,,,,,,,0.749347,,,,,,,,,,,,,,,9d198e10-ec7d-411e-a1e9-cf7812289820,2393,,"[14.4, 69.6]",3920410,85,,,,,,,,,,,,,,,,,,,,,,,,,2,From Keeper,Alidu Seidu,45047.0,Right Wing Back,136,Mozambique,4978,['27f11c78-ad6b-4dcf-aeca-4dbb5d76904d'],30,,,,,,,,,,,,,,,,Ghana,4885,00:40:30.323,Pressure,
,,,,,,,,,,,,,,,,,0.697646,,,,,,,,,,,,,,,f1b78f1a-3b00-4912-bf31-0d092cf9bdef,2415,,"[27.7, 78.7]",3920410,86,,,,,,,,,,,,,,,,,,,,,,,,,2,From Free Kick,Infren David da Conceição Matola,417067.0,Right Back,137,Ghana,4885,,47,,,,,,,,,,,,,,,,Mozambique,4978,00:41:47.354,Pressure,
,,,,,,,,,,,,,,,,,2.024876,,,,,,,,,,,,,,,cf2410ce-63a8-4510-bf72-3426a4d92b13,2418,,"[97.3, 0.4]",3920410,86,,,,,,,,,,,,,,,,,,,,,,,,,2,From Free Kick,Jordan Ayew,3450.0,Left Attacking Midfield,137,Ghana,4885,['84590e9d-eea9-406c-b186-fd8fab893df7'],49,,,,,,,,,,,,,,,,Ghana,4885,00:41:49.015,Pressure,
,,,,,,,,,,,,,,,,,0.43812,,,,,,,,,,,,,,,be582896-3307-4d80-a379-3eda8679e0dc,2423,,"[104.6, 19.2]",3920410,86,,,,,,,,,,,,,,,,,,,,,,,,,2,From Throw In,André Ayew Pelé,3347.0,Center Forward,138,Mozambique,4978,"['ce7cfd8a-e05b-479f-81a8-b1aea7dcc2fa', '35e512ce-d0ce-42af-a63e-ac7301f5032f']",55,,,,,,,,,,,,,,,,Ghana,4885,00:41:55.187,Pressure,
,,,,,,,,,,,,,,,,,0.472682,,,,,,,,,,,,,,,b2320ffc-4ea6-4cf5-b921-56db9e0d555b,2451,,"[91.5, 29.8]",3920410,87,,,,,,,,,,,,,,,,,,,,,,,,,2,Regular Play,Elias Gaspar Pelembe,106074.0,Center Attacking Midfield,139,Ghana,4885,"['d2f91a65-a713-4544-8f54-0419aeea359c', '4364af91-e4b9-4239-b9e3-e438aada45e9', '1314f53e-74fe-45a4-970b-39c3da710e8a']",37,,,,,,,,,,,,,,,,Mozambique,4978,00:42:37.049,Pressure,
,,,,,,,,,,,,,,,,,0.578091,,,,,,,,,,,,,,,441c1332-453a-4dad-a4f7-61f4bdca6d24,2491,,"[11.5, 42.5]",3920410,89,,,,,,,,,,,,,,,,,,,,,,,,,2,From Free Kick,André Ayew Pelé,3347.0,Center Forward,143,Mozambique,4978,['10418f44-01b1-43d3-8442-6e6e9f037eac'],17,,,,,,,,,,,,,,,,Ghana,4885,00:44:17.603,Pressure,
,,,,,,,,,,,True,,,,,,0.39062,,,,,,,,,,,,,,,ccfc9d41-9dc2-4693-995b-d0cea869c6d5,2502,,"[91.5, 69.6]",3920410,91,,,,,,,,,,,,,,,,,,,,,,,,,2,Regular Play,André Ayew Pelé,3347.0,Center Forward,146,Mozambique,4978,"['66923124-6aa5-49c4-95c0-82c4eb4547e8', '0bbd219a-2413-4569-97c1-9b7c9a9b68b9']",31,,,,,,,,,,,,,,,,Ghana,4885,00:46:31.018,Pressure,
,,,,,,,,,,,,,,,,,0.700997,,,,,,,,,,,,,,,bad36573-559c-4e0a-9ffe-f4b4456f198d,2513,,"[36.8, 7.5]",3920410,91,,,,,,,,,,,,,,,,,,,,,,,,,2,Regular Play,Gideon Mensah,23615.0,Left Wing Back,146,Mozambique,4978,,45,,,,,,,,,,,,,,,,Ghana,4885,00:46:45.010,Pressure,
,,,,,,,,,,,,,,,,,1.091802,,,,,,,,,,,,,,,c2228a10-89e9-4e8a-be00-a4e286335380,2546,,"[13.9, 58.1]",3920410,94,,,,,,,,,,,,,,,,,,,,,,,,,2,From Kick Off,João José Jone Bonde,417068.0,Right Center Midfield,150,Ghana,4885,"['7efb68a9-8bef-46b1-81a8-bec0326cf8fb', '9d1034ae-8486-4944-bcec-bbb2ca37b2cb']",11,,,,,,,,,,,,,,,,Mozambique,4978,00:49:11.920,Pressure,
,,,,,,,,,,,,,,,,,0.454817,,,,,,,,,,,,,,,811a1c2b-ffe8-4b35-af21-9cc1557b4ba5,2567,,"[80.6, 70.6]",3920410,95,,,,,,,,,,,,,,,,,,,,,,,,,2,From Free Kick,João José Jone Bonde,417068.0,Right Center Midfield,152,Mozambique,4978,['3c5310fd-444b-498d-9b1e-cb6efa1650cc'],24,,,,,,,,,,,,,,,,Mozambique,4978,00:50:24.117,Pressure,
,,,,,,,,,,,True,,,,,,0.996754,,,,,,,,,,,,,,,6560595b-ee48-4daf-b5fc-5eb65081b8f5,2577,,"[106.7, 31.8]",3920410,95,,,,,,,,,,,,,,,,,,,,,,,,,2,From Free Kick,Gildo Lourenço Vilanculos,106068.0,Left Center Midfield,152,Mozambique,4978,['c67431f9-4a03-4cb2-b2ba-cb410cdb310f'],33,,,,,,,,,,,,,,,,Mozambique,4978,00:50:33.875,Pressure,
,,,,,,,,,,,,,,,,,0.462204,,,,,,,,,,,,,,,8b9cc856-bf1a-4487-86c0-7e9130840a0e,2586,,"[21.1, 56.4]",3920410,95,,,,,,,,,,,,,,,,,,,,,,,,,2,From Free Kick,Gideon Mensah,23615.0,Left Wing Back,152,Mozambique,4978,"['00fafe81-cc7a-4b8e-9731-8da7ea8255be', 'b191153b-97a1-4656-8b9d-6bc0a4f1811f']",43,,,,,,,,,,,,,,,,Ghana,4885,00:50:43.090,Pressure,
,,,True,,,,,,,,,,,,,,0.0,,,,,,,,,,,,,,,4233196e-c9fc-4705-8408-c20d2ad4a281,21,,"[28.9, 57.5]",3920410,0,,,,,,,,,,,,,,,,,,,,,,,,,1,From Throw In,Feliciano João Jone,129475.0,Left Defensive Midfield,3,Ghana,4885,['f967f83d-441d-4875-95ee-86909ed0aa86'],18,,,,,,,,,,,,,,,,Mozambique,4978,00:00:18.107,Ball Recovery,
,,,True,,,,,,,,,,,,,,0.0,,,,,,,,,,,,,,,26210407-5041-478b-b4d6-793ebaf85be0,22,,"[92.1, 19.4]",3920410,0,,,,,,,,,,,,,,,,,,,,,,,,,1,From Throw In,Mohammed Kudus,17033.0,Center Attacking Midfield,3,Ghana,4885,,19,,,,,,,,,,,,,,,,Ghana,4885,00:00:19.038,Ball Recovery,
,,,,,,,,,,,,,,,,,0.0,,,,,,,,,,,,,,,9069d3ee-fd1c-4c46-ba91-14c5851a02e1,24,,"[91.2, 16.1]",3920410,0,,,,,,,,,,,,,,,,,,,,,,,,,1,From Throw In,Jordan Ayew,3450.0,Left Wing,3,Ghana,4885,,20,,,,,,,,,,,,,,,,Ghana,4885,00:00:20.097,Ball Recovery,
,,,,,,,,,,,,,,,,,0.0,,,,,,,,,,,,,,,37a699e2-a755-4774-b01c-ae93e339cd8c,37,,"[90.8, 67.2]",3920410,1,,,,,,,,,,,,,,,,,,,,,,,,,1,From Corner,Majeed Ashimeru,30693.0,Right Defensive Midfield,4,Ghana,4885,,31,,,,,,,,,,,,,,,,Ghana,4885,00:01:31.883,Ball Recovery,
,,,,,,,,,,,,,,,,,0.0,,,,,,,,,,,,,,,8b6262e8-5446-4cb3-9978-8b823f42f30d,42,,"[97.5, 3.9]",3920410,1,,,,,,,,,,,,,,,,,,,,,,,,,1,From Corner,Mohammed Kudus,17033.0,Center Attacking Midfield,4,Ghana,4885,,38,,,,,,,,,,,,,,,,Ghana,4885,00:01:38.141,Ball Recovery,
,,,,,,,,,,,,,,,,,0.0,,,,,,,,,,,,,,,ab1b0b32-8ba6-4da5-a812-fe5ab8b966dc,48,,"[2.6, 31.2]",3920410,1,,,,,,,,,,,,,,,,,,,,,,,,,1,From Corner,Ivane Carminio Francisco Urrubal,161718.0,Goalkeeper,4,Ghana,4885,,44,,,,,,,,,,,,,,,,Mozambique,4978,00:01:44.460,Ball Recovery,
,,,,,,,,,,,,,,,,,0.0,,,,,,,,,,,,,,,6e8d9168-68fb-4ce5-9f34-bfc99bd026b1,69,,"[52.8, 38.8]",3920410,2,,,,,,,,,,,,,,,,,,,,,,,,,1,From Throw In,Infren David da Conceição Matola,417067.0,Right Back,5,Ghana,4885,,41,,,,,,,,,,,,,,,,Mozambique,4978,00:02:41.409,Ball Recovery,
,,,,,,,,,,,,,,,,,0.0,,,,,,,,,,,,,,,6184e04f-344c-4c75-859e-93de5e4aefa3,76,,"[55.3, 47.6]",3920410,2,,,,,,,,,,,,,,,,,,,,,,,,,1,From Throw In,Salis Abdul Samed,31029.0,Left Defensive Midfield,5,Ghana,4885,['01f86528-2741-4c8a-a05c-105e880df494'],49,,,,,,,,,,,,,,,,Ghana,4885,00:02:49.691,Ball Recovery,
,,,,,,,,,,,,,,,,,0.0,,,,,,,,,,,,,,,ce8e73f0-f926-490b-b866-d7076a3c92a7,110,,"[54.3, 45.3]",3920410,3,,,,,,,,,,,,,,,,,,,,,,,,,1,From Free Kick,Geny Cipriano Catamo,127300.0,Right Wing,6,Ghana,4885,,24,,,,,,,,,,,,,,,,Mozambique,4978,00:03:24.951,Ball Recovery,
,,,,,,,,,,,,,,,,,0.0,,,,,,,,,,,,,,,a76c63c4-543a-4fe5-b1ea-c1e9a41e02a1,130,,"[34.0, 9.4]",3920410,3,,,,,,,,,,,,,,,,,,,,,,,,,1,Regular Play,Mohamed Salisu,30519.0,Left Center Back,7,Mozambique,4978,"['af2437e0-04df-4d90-bc9e-1f8937a7daa9', '3bcb4857-84de-4d1f-be81-a30f0361c8a7']",50,,,,,,,,,,,,,,,,Ghana,4885,00:03:50.391,Ball Recovery,True
,,,,,,,,,,,,,,,,,0.0,,,,,,,,,,,,,,,0f82227b-bda1-49a6-a63f-a700df9074f9,134,,"[39.3, 71.4]",3920410,3,,,,,,,,,,,,,,,,,,,,,,,,,1,Regular Play,Edson André Sitoe,3250.0,Right Center Back,7,Mozambique,4978,['059a8721-7f8f-4898-8713-78424352378b'],54,,,,,,,,,,,,,,,,Mozambique,4978,00:03:54.990,Ball Recovery,
,,,,,,,,,,,,,,,,,0.0,,,,,,,,,,,,,,,f290e4fc-a8a2-4871-a2b0-2ee7311e1bf9,202,,"[23.7, 13.1]",3920410,6,,,,,,,,,,,,,,,,,,,,,,,,,1,Regular Play,Reinildo Isnard Mandava,10848.0,Left Center Back,10,Mozambique,4978,['789bc1f3-2c98-4be9-9992-9118d2441aff'],0,,,,,,,,,,,,,,,,Mozambique,4978,00:06:00.232,Ball Recovery,
,,,,,,,,,,,,,,,,,0.0,,,,,,,,,,,,,,,91cc517d-cc38-46af-864f-7237ba1e101a,212,,"[3.0, 19.6]",3920410,6,,,,,,,,,,,,,,,,,,,,,,,,,1,Regular Play,Reinildo Isnard Mandava,10848.0,Left Center Back,10,Mozambique,4978,['5a71dd56-c1c9-4086-94a6-2f22c858039f'],7,,,,,,,,,,,,,,,,Mozambique,4978,00:06:07.749,Ball Recovery,True
,,,,,,,,,,,,,,,,,0.0,,,,,,,,,,,,,,,a9aea4a7-a774-4a46-9995-847d4fd4cf0c,337,,"[80.1, 5.7]",3920410,10,,,,,,,,,,,,,,,,,,,,,,,,,1,From Throw In,Antoine Semenyo,9286.0,Center Forward,18,Ghana,4885,['253d2716-2981-44fd-9443-4ae05efe3921'],11,,,,,,,,,,,,,,,,Ghana,4885,00:10:11.126,Ball Recovery,True
,,,True,,,,,,,,,,,,,,0.0,,,,,,,,,,,,,,,832cb74e-4349-42b5-aee8-daa137b19ade,353,,"[86.2, 3.9]",3920410,11,,True,,,,,,,,,,,,,,,,,,,,,,,1,From Throw In,Antoine Semenyo,9286.0,Center Forward,21,Mozambique,4978,,7,,,,,,,,,,,,,,,,Ghana,4885,00:11:07.164,Ball Recovery,
,,,True,,,,,,,,,,,,,,0.0,,,,,,,,,,,,,,,e5403b2b-9e98-41de-b214-fc8fc731de52,378,,"[35.5, 50.4]",3920410,11,,,,,,,,,,,,,,,,,,,,,,,,,1,From Throw In,Denis Odoi,12259.0,Right Back,22,Mozambique,4978,,32,,,,,,,,,,,,,,,,Ghana,4885,00:11:32.252,Ball Recovery,
,,,,,,,,,,,,,,,,,0.0,,,,,,,,,,,,,,,2b0884ca-38b4-410a-8c21-c5d95f4d8085,428,,"[12.5, 31.1]",3920410,15,,,,,,,,,,,,,,,,,,,,,,,,,1,From Kick Off,Richard Ofori Antwi,68757.0,Goalkeeper,25,Mozambique,4978,['44d8672d-845a-471b-a536-ab126b4485a9'],54,,,,,,,,,,,,,,,,Ghana,4885,00:15:54.106,Ball Recovery,
,,,True,,,,,,,,,,,,,,0.0,,,,,,,,,,,,,,,13ab4f27-6c64-4fdd-b7b6-14a0da64dcac,489,,"[87.3, 7.8]",3920410,18,,,,,,,,,,,,,,,,,,,,,,,,,1,From Goal Kick,Mohammed Kudus,17033.0,Center Attacking Midfield,28,Ghana,4885,['5aa69d01-d729-4b07-8083-c8da33cc594c'],25,,,,,,,,,,,,,,,,Ghana,4885,00:18:25.884,Ball Recovery,
,,,True,,,,,,,,,,,,,,0.0,,,,,,,,,,,,,,,858257b2-89ed-455e-acf9-3834dab6e7d3,490,,"[28.2, 75.7]",3920410,18,,True,,,,,,,,,,,,,,,,,,,,,,,1,From Goal Kick,Infren David da Conceição Matola,417067.0,Right Back,28,Ghana,4885,,26,,,,,,,,,,,,,,,,Mozambique,4978,00:18:26.481,Ball Recovery,
,,,,,,,,,,,,,,,,,0.0,,,,,,,,,,,,,,,bf3cb64d-57b0-462f-90d0-5a8289c0fea2,536,,"[39.8, 70.3]",3920410,20,,,,,,,,,,,,,,,,,,,,,,,,,1,Regular Play,Infren David da Conceição Matola,417067.0,Right Back,34,Mozambique,4978,['cc5a54bd-a62d-4e4e-9578-e084d53c677d'],7,,,,,,,,,,,,,,,,Mozambique,4978,00:20:07.245,Ball Recovery,
,,,,,,,,,,,,,,,,,0.0,,,,,,,,,,,,,,,e1bbba0c-9e6c-40cc-aff4-fb440da8c692,552,,"[58.4, 53.9]",3920410,20,,,,,,,,,,,,,,,,,,,,,,,,,1,From Throw In,Salis Abdul Samed,31029.0,Left Defensive Midfield,35,Ghana,4885,,36,,,,,,,,,,,,,,,,Ghana,4885,00:20:36.998,Ball Recovery,
,,,,,,,,,,,,,,,,,0.0,,,,,,,,,,,,,,,08e681ca-44c4-4697-97ce-20cacd572ec9,626,,"[88.9, 12.5]",3920410,22,,,,,,,,,,,,,,,,,,,,,,,,,1,From Goal Kick,Bruno Alberto Langa,106070.0,Left Back,36,Mozambique,4978,['1db10642-96e6-4205-8694-09b1e0f91892'],14,,,,,,,,,,,,,,,,Mozambique,4978,00:22:14.615,Ball Recovery,
,,,,,,,,,,,,,,,,,0.0,,,,,,,,,,,,,,,62735c86-52c1-47c6-8965-8010e6964e9f,691,,"[90.8, 11.3]",3920410,24,,,,,,,,,,,,,,,,,,,,,,,,,1,From Free Kick,Mohammed Kudus,17033.0,Center Attacking Midfield,40,Ghana,4885,"['3a009c83-b5cc-4d33-a9dc-6876a71e390e', 'e8fa4c1e-3eba-473e-a0a7-2a594b6aa258', '236e85b7-273c-42a0-b8f0-fb866ac3ec14']",20,,,,,,,,,,,,,,,,Ghana,4885,00:24:20.968,Ball Recovery,True
,,,,,,,,,,,,,,,,,0.0,,,,,,,,,,,,,,,0d52e244-3081-42a6-9bba-ecd889f3a7e3,720,,"[91.2, 62.2]",3920410,25,,,,,,,,,,,,,,,,,,,,,,,,,1,From Keeper,Joseph Paintsil,16546.0,Right Wing,42,Ghana,4885,,4,,,,,,,,,,,,,,,,Ghana,4885,00:25:04.415,Ball Recovery,
,,,,,,,,,,,,,,,,,0.0,,,,,,,,,,,,,,,159481ed-269b-4926-b65a-c5b0fbccfa55,725,,"[20.9, 13.1]",3920410,25,,,,,,,,,,,,,,,,,,,,,,,,,1,Regular Play,Bruno Alberto Langa,106070.0,Left Back,43,Mozambique,4978,,9,,,,,,,,,,,,,,,,Mozambique,4978,00:25:09.842,Ball Recovery,
,,,,,,,,,,,,,,,,,0.0,,,,,,,,,,,,,,,3272fe8e-4cfe-4d00-95bd-d5731a36f095,759,,"[32.2, 4.0]",3920410,25,,,,,,,,,,,,,,,,,,,,,,,,,1,From Free Kick,Bruno Alberto Langa,106070.0,Left Back,44,Mozambique,4978,['3c8a1641-e827-4409-af28-eb17770ca10d'],40,,,,,,,,,,,,,,,,Mozambique,4978,00:25:40.392,Ball Recovery,True
,,,,,,,,,,,,,,,,,0.0,,,,,,,,,,,,,,,a92239a1-9f3f-4bfe-9744-ebb8e3b9d412,774,,"[69.8, 17.9]",3920410,26,,,,,,,,,,,,,,,,,,,,,,,,,1,From Free Kick,Bruno Alberto Langa,106070.0,Left Back,45,Mozambique,4978,,16,,,,,,,,,,,,,,,,Mozambique,4978,00:26:16.222,Ball Recovery,
,,,,,,,,,,,,,,,,,0.0,,,,,,,,,,,,,,,244a3534-0ed0-457d-a5b4-023daa353155,816,,"[76.4, 49.8]",3920410,27,,,,,,,,,,,,,,,,,,,,,,,,,1,From Throw In,Salis Abdul Samed,31029.0,Left Defensive Midfield,47,Ghana,4885,,14,,,,,,,,,,,,,,,,Ghana,4885,00:27:14.610,Ball Recovery,
,,,,,,,,,,,,,,,,,0.0,,,,,,,,,,,,,,,f01adbe2-b1b0-44d6-8a09-f3fb0ffd4b17,836,,"[104.3, 7.0]",3920410,28,,,,,,,,,,,,,,,,,,,,,,,,,1,From Corner,Feliciano João Jone,129475.0,Left Defensive Midfield,51,Mozambique,4978,,47,,,,,,,,,,,,,,,,Mozambique,4978,00:28:47.332,Ball Recovery,
,,,,,,,,,,,,,,,,,0.0,,,,,,,,,,,,,,,be596627-677d-4a10-9d23-cd121c57fa23,916,,"[10.8, 61.1]",3920410,33,,,,,,,,,,,,,,,,,,,,,,,,,1,Regular Play,Majeed Ashimeru,30693.0,Right Defensive Midfield,57,Ghana,4885,['f86970bc-ee29-4d97-a88d-abcef04da296'],28,,,,,,,,,,,,,,,,Ghana,4885,00:33:28.871,Ball Recovery,True
,,,,,,,,,,,,,,,,,0.0,,,,,,,,,,,,,,,9d1d0e5c-f18e-4229-abd3-0f5b76922147,929,,"[12.5, 51.8]",3920410,35,,,,,,,,,,,,,,,,,,,,,,,,,1,From Throw In,Richard Ofori Antwi,68757.0,Goalkeeper,58,Mozambique,4978,,17,,,,,,,,,,,,,,,,Ghana,4885,00:35:17.116,Ball Recovery,
,,,,,,,,,,,,,,,,,0.0,,,,,,,,,,,,,,,15f6fee3-e88d-45a0-817f-c3aefa60e92d,949,,"[3.6, 25.9]",3920410,35,,,,,,,,,,,,,,,,,,,,,,,,,1,From Throw In,Gideon Mensah,23615.0,Left Back,58,Mozambique,4978,['633c76c5-135d-4aeb-8319-a1e12c210777'],49,,,,,,,,,,,,,,,,Ghana,4885,00:35:49.038,Ball Recovery,
,,,,,,,,,,,,,,,,,0.0,,,,,,,,,,,,,,,1a506bbf-0f11-487a-9e6f-4abfafa23fd9,1014,,"[10.8, 26.1]",3920410,37,,,,,,,,,,,,,,,,,,,,,,,,,1,Regular Play,Gideon Mensah,23615.0,Left Back,62,Ghana,4885,,28,,,,,,,,,,,,,,,,Ghana,4885,00:37:28.475,Ball Recovery,
,,,,,,,,,,,,,,,,,0.0,,,,,,,,,,,,,,,e3f96b34-b9b1-4cc2-9168-ee69084cb762,1109,,"[40.8, 38.7]",3920410,39,,,,,,,,,,,,,,,,,,,,,,,,,1,From Free Kick,Mohammed Kudus,17033.0,Center Attacking Midfield,65,Mozambique,4978,,42,,,,,,,,,,,,,,,,Ghana,4885,00:39:42.330,Ball Recovery,
,,,,,,,,,,,,,,,,,0.0,,,,,,,,,,,,,,,c589c581-8af5-49a4-ab42-e2e4e8c576da,1156,,"[27.5, 39.6]",3920410,40,,,,,,,,,,,,,,,,,,,,,,,,,1,From Free Kick,Iddrisu Baba Mohammed,24087.0,Right Defensive Midfield,66,Mozambique,4978,,51,,,,,,,,,,,,,,,,Ghana,4885,00:40:51.683,Ball Recovery,
,,,,,,,,,,,,,,,,,0.0,,,,,,,,,,,,,,,cad05ddf-c9c1-42a5-af9b-30dbc5337cd2,1184,,"[28.1, 35.9]",3920410,41,,,,,,,,,,,,,,,,,,,,,,,,,1,Regular Play,Iddrisu Baba Mohammed,24087.0,Right Defensive Midfield,68,Ghana,4885,,30,,,,,,,,,,,,,,,,Ghana,4885,00:41:30.876,Ball Recovery,
,,,,,,,,,,,,,,,,,0.0,,,,,,,,,,,,,,,7be0a823-2adb-4ef4-9ef4-17103541f8eb,1193,,"[70.0, 35.1]",3920410,41,,,,,,,,,,,,,,,,,,,,,,,,,1,Regular Play,Alfons Amade,23706.0,Right Defensive Midfield,69,Mozambique,4978,,37,,,,,,,,,,,,,,,,Mozambique,4978,00:41:37.104,Ball Recovery,
,,,,,,,,,,,,,,,,,0.0,,,,,,,,,,,,,,,681765f8-c318-4de5-a967-a2c4eaf2a916,1207,,"[66.2, 44.8]",3920410,42,,,,,,,,,,,,,,,,,,,,,,,,,1,From Goal Kick,Iddrisu Baba Mohammed,24087.0,Right Defensive Midfield,70,Ghana,4885,['3837eeca-3003-44a7-9265-77e1f2e3b1f0'],24,,,,,,,,,,,,,,,,Ghana,4885,00:42:24.359,Ball Recovery,
,,,,,,,,,,,,,,,,,0.0,,,,,,,,,,,,,,,85bcc5a8-2a0f-4918-b60d-6604e7a47a8a,1216,,"[5.9, 5.3]",3920410,42,,,,,,,,,,,,,,,,,,,,,,,,,1,From Goal Kick,Bruno Alberto Langa,106070.0,Left Back,70,Ghana,4885,"['9803b38a-e87c-4146-b0d9-29cd501b4606', '34eb49e0-555e-4bee-9859-167955bccff2']",34,,,,,,,,,,,,,,,,Mozambique,4978,00:42:34.686,Ball Recovery,True
,,,,,,,,,,,,,,,,,0.0,,,,,,,,,,,,,,,f4da200b-143f-4dad-a9e9-09558cdd43bb,1229,,"[3.5, 54.4]",3920410,42,,,,,,,,,,,,,,,,,,,,,,,,,1,Regular Play,Edson André Sitoe,3250.0,Right Center Back,71,Mozambique,4978,,50,,,,,,,,,,,,,,,,Mozambique,4978,00:42:50.817,Ball Recovery,
,,,True,,,,,,,,,,,,,,0.0,,,,,,,,,,,,,,,41cff8f7-7a92-43e7-9c30-f0df3e648337,1249,,"[98.3, 28.6]",3920410,43,,,,,,,,,,,,,,,,,,,,,,,,,1,From Throw In,Ricardo Martins Guimarães,29482.0,Center Attacking Midfield,72,Mozambique,4978,,31,,,,,,,,,,,,,,,,Mozambique,4978,00:43:31.599,Ball Recovery,
,,,True,,,,,,,,,,,,,,0.0,,,,,,,,,,,,,,,bfe4497b-d384-4ea7-bf48-28aa8f2b7645,1250,,"[16.6, 54.4]",3920410,43,,,,,,,,,,,,,,,,,,,,,,,,,1,From Throw In,Alexander Djiku,2989.0,Right Center Back,72,Mozambique,4978,,32,,,,,,,,,,,,,,,,Ghana,4885,00:43:32.164,Ball Recovery,
,,,,,,,,,,,,,,,,,0.0,,,,,,,,,,,,,,,413cde14-2d32-4c5b-af9f-35023c3ed2a1,1251,,"[24.0, 66.5]",3920410,43,,,,,,,,,,,,,,,,,,,,,,,,,1,From Throw In,Denis Odoi,12259.0,Right Back,72,Mozambique,4978,,34,,,,,,,,,,,,,,,,Ghana,4885,00:43:34.170,Ball Recovery,
,,,,,,,,,,,,,,,,,0.0,,,,,,,,,,,,,,,0f5655c7-826c-4030-9f31-f26e0d18e1f5,1367,,"[86.5, 62.9]",3920410,46,,,,,,,,,,,,,,,,,,,,,,,,,1,From Free Kick,Geny Cipriano Catamo,127300.0,Right Wing,76,Mozambique,4978,,35,,,,,,,,,,,,,,,,Mozambique,4978,00:46:35.070,Ball Recovery,
,,,,,,,,,,,,,,,,,0.0,,,,,,,,,,,,,,,01787685-33d7-414f-84d2-a90c77bd7c74,1376,,"[41.6, 22.2]",3920410,46,,,,,,,,,,,,,,,,,,,,,,,,,1,Regular Play,Mohammed Kudus,17033.0,Center Attacking Midfield,77,Ghana,4885,,43,,,,,,,,,,,,,,,,Ghana,4885,00:46:43.716,Ball Recovery,
,,,,,,,,,,,,,,,,,0.0,,,,,,,,,,,,,,,a6cae4c3-61de-4c13-92b1-e0f704f92e17,1383,,"[12.6, 25.4]",3920410,48,,,,,,,,,,,,,,,,,,,,,,,,,1,From Throw In,Mohamed Salisu,30519.0,Left Center Back,78,Mozambique,4978,,17,,,,,,,,,,,,,,,,Ghana,4885,00:48:17.392,Ball Recovery,
,,,True,,,,,,,,,,,,,,0.0,,,,,,,,,,,,,,,0a62da30-4893-4290-9ca4-07c46b07f94c,1399,,"[55.2, 32.5]",3920410,48,,,,,,,,,,,,,,,,,,,,,,,,,1,From Throw In,Alfons Amade,23706.0,Right Defensive Midfield,78,Mozambique,4978,['0d22aeb2-0fc8-4afb-b28b-ff20f6b09ecf'],35,,,,,,,,,,,,,,,,Mozambique,4978,00:48:35.960,Ball Recovery,
,,,,,,,,,,,,,,,,,0.0,,,,,,,,,,,,,,,97173877-9a75-4d11-beb2-3c9c8f6b7776,1400,,"[67.1, 46.8]",3920410,48,,,,,,,,,,,,,,,,,,,,,,,,,1,From Counter,Iddrisu Baba Mohammed,24087.0,Right Defensive Midfield,79,Ghana,4885,,36,,,,,,,,,,,,,,,,Ghana,4885,00:48:36.217,Ball Recovery,
,,,,,,,,,,,,,,,,,0.0,,,,,,,,,,,,,,,f5df13f4-f6c4-4490-84a2-1b7e75614473,1494,,"[98.9, 43.5]",3920410,45,,,,,,,,,,,,,,,,,,,,,,,,,2,From Kick Off,Mohammed Kudus,17033.0,Center Attacking Midfield,82,Ghana,4885,['4776c825-9775-428d-9c60-ba160c65e176'],19,,,,,,,,,,,,,,,,Ghana,4885,00:00:19.471,Ball Recovery,True
,,,,,,,,,,,,,,,,,0.0,,,,,,,,,,,,,,,eb0f908b-6fcd-4c58-bbf3-0da07ac5c60e,1499,,"[35.7, 55.3]",3920410,45,,,,,,,,,,,,,,,,,,,,,,,,,2,Regular Play,Ricardo Martins Guimarães,29482.0,Center Attacking Midfield,83,Mozambique,4978,,23,,,,,,,,,,,,,,,,Mozambique,4978,00:00:23.652,Ball Recovery,
,,,,,,,,,,,,,,,,,0.0,,,,,,,,,,,,,,,9588163a-8653-4842-ad83-ddd64eebe7dd,1526,,"[8.8, 67.1]",3920410,46,,,,,,,,,,,,,,,,,,,,,,,,,2,From Free Kick,Salis Abdul Samed,31029.0,Left Defensive Midfield,85,Mozambique,4978,"['09f22d20-c0aa-48dd-bf8e-dc1f559c57d4', 'e1be8373-b9a5-4faa-8443-dbc9db3dfd30']",34,,,,,,,,,,,,,,,,Ghana,4885,00:01:34.623,Ball Recovery,True
,,,,,,,,,,,,,,,,,0.0,,,,,,,,,,,,,,,e4e47812-ed30-4ca0-aaa8-7874dd510259,1549,,"[114.3, 58.1]",3920410,47,,,,,,,,,,,,,,,,,,,,,,,,,2,From Throw In,Ricardo Martins Guimarães,29482.0,Center Attacking Midfield,86,Mozambique,4978,['d120638f-f797-49b3-afcf-56acf8b2ac04'],0,,,,,,,,,,,,,,,,Mozambique,4978,00:02:00.025,Ball Recovery,True
,,,True,,,,,,,,,,,,,,0.0,,,,,,,,,,,,,,,95b9fa62-35cd-4da7-a794-6e62c2ee6add,1556,,"[104.5, 27.9]",3920410,47,,,,,,,,,,,,,,,,,,,,,,,,,2,From Throw In,Bruno Alberto Langa,106070.0,Left Back,86,Mozambique,4978,,5,,,,,,,,,,,,,,,,Mozambique,4978,00:02:05.655,Ball Recovery,
,,,True,,,,,,,,,,,,,,0.0,,,,,,,,,,,,,,,fbab861a-b0bb-486d-86da-5ae10dbb4f64,1570,,"[62.8, 15.8]",3920410,47,,,,,,,,,,,,,,,,,,,,,,,,,2,From Goal Kick,Ricardo Martins Guimarães,29482.0,Center Attacking Midfield,87,Ghana,4885,['6a1f8bb5-fa8f-43e5-af30-704629d34b2e'],55,,,,,,,,,,,,,,,,Mozambique,4978,00:02:55.424,Ball Recovery,
,,,,,,,,,,,,,,,,,0.0,,,,,,,,,,,,,,,02efc4e2-b24a-4887-8ec6-3b6bd1b6112d,1572,,"[57.3, 70.1]",3920410,47,,,,,,,,,,,,,,,,,,,,,,,,,2,From Goal Kick,André Ayew Pelé,3347.0,Center Forward,87,Ghana,4885,['796863d5-6fa4-4194-8752-97bb46210074'],56,,,,,,,,,,,,,,,,Ghana,4885,00:02:56.621,Ball Recovery,True
,,,,,,,,,,,,,,,,,0.0,,,,,,,,,,,,,,,e60617f0-6a46-4f58-8b54-c2975fe0aa70,1618,,"[78.0, 75.3]",3920410,50,,,,,,,,,,,,,,,,,,,,,,,,,2,Regular Play,André Ayew Pelé,3347.0,Center Forward,92,Ghana,4885,,19,,,,,,,,,,,,,,,,Ghana,4885,00:05:19.519,Ball Recovery,
,,,True,,,,,,,,,,,,,,0.0,,,,,,,,,,,,,,,02261144-991f-410a-a314-ec8f03208cc4,1642,,"[41.3, 16.0]",3920410,51,,,,,,,,,,,,,,,,,,,,,,,,,2,From Throw In,Pachoio Lau Há King,106082.0,Center Forward,94,Ghana,4885,,10,,,,,,,,,,,,,,,,Mozambique,4978,00:06:10.691,Ball Recovery,
,,,,,,,,,,,,,,,,,0.0,,,,,,,,,,,,,,,4ef6361d-33dc-4ab4-9ad6-91a856f985db,1693,,"[3.8, 29.9]",3920410,51,,,,,,,,,,,,,,,,,,,,,,,,,2,Regular Play,Ivane Carminio Francisco Urrubal,161718.0,Goalkeeper,95,Mozambique,4978,"['a0fe1928-361c-4686-aa0c-a0155f909af9', '4c806bf6-098e-4469-92f7-2ecbe9d1fa30']",56,,,,,,,,,,,,,,,,Mozambique,4978,00:06:56.814,Ball Recovery,True
,,,True,,,,,,,,,,,,,,0.0,,,,,,,,,,,,,,,be61324a-8605-4851-a45b-488e199c6674,1717,,"[61.0, 40.4]",3920410,52,,,,,,,,,,,,,,,,,,,,,,,,,2,Regular Play,Feliciano João Jone,129475.0,Left Defensive Midfield,96,Ghana,4885,['340edb2c-ce9a-44fc-b3b3-3e9420443ca4'],28,,,,,,,,,,,,,,,,Mozambique,4978,00:07:28.982,Ball Recovery,
,,,,,,,,,,,,,,,,,0.0,,,,,,,,,,,,,,,7f20bfc5-fdde-49e0-850e-ca1b0824c334,1719,,"[64.8, 34.4]",3920410,52,,,,,,,,,,,,,,,,,,,,,,,,,2,Regular Play,Alfons Amade,23706.0,Right Defensive Midfield,97,Mozambique,4978,['693ec07d-2a86-474a-99ce-063b04e5d99c'],30,,,,,,,,,,,,,,,,Mozambique,4978,00:07:30.551,Ball Recovery,True
,,,,,,,,,,,,,,,,,0.0,,,,,,,,,,,,,,,515a118c-b913-41fb-b40f-475ee6a7ca6f,1768,,"[105.2, 40.8]",3920410,54,,,,,,,,,,,,,,,,,,,,,,,,,2,From Corner,Alfons Amade,23706.0,Right Defensive Midfield,99,Mozambique,4978,,0,,,,,,,,,,,,,,,,Mozambique,4978,00:09:00.775,Ball Recovery,
,,,,,,,,,,,,,,,,,0.0,,,,,,,,,,,,,,,5ac6ae96-e4ab-484e-a08c-fe2f01697033,1826,,"[92.5, 12.5]",3920410,57,,,,,,,,,,,,,,,,,,,,,,,,,2,From Throw In,André Ayew Pelé,3347.0,Center Forward,106,Ghana,4885,['e5d2c319-ef3f-4055-b130-101fac40c810'],18,,,,,,,,,,,,,,,,Ghana,4885,00:12:18.996,Ball Recovery,True
,,,,,,,,,,,,,,,,,0.0,,,,,,,,,,,,,,,5265593f-15ea-4797-9564-0d838cd65a0d,1834,,"[83.5, 54.7]",3920410,57,,,,,,,,,,,,,,,,,,,,,,,,,2,From Throw In,Denis Odoi,12259.0,Right Back,106,Ghana,4885,,24,,,,,,,,,,,,,,,,Ghana,4885,00:12:24.063,Ball Recovery,
,,,,,,,,,,,,,,,,,0.0,,,,,,,,,,,,,,,200da046-12e8-471a-afdf-e27084660a96,1856,,"[14.7, 28.2]",3920410,57,,,,,,,,,,,,,,,,,,,,,,,,,2,From Counter,Bruno Alberto Langa,106070.0,Left Back,107,Mozambique,4978,,47,,,,,,,,,,,,,,,,Mozambique,4978,00:12:47.023,Ball Recovery,
,,,,,,,,,,,,,,,,,0.0,,,,,,,,,,,,,,,5ecc11a7-c56f-4555-bbfa-3e19637b3fba,1923,,"[42.9, 3.5]",3920410,59,True,,,,,,,,,,,,,,,,,,,,,,,,2,Regular Play,Reinildo Isnard Mandava,10848.0,Left Center Back,109,Mozambique,4978,,26,,,,,,,,,,,,,,,,Mozambique,4978,00:14:26.149,Ball Recovery,
,,,,,,,,,,,,,,,,,0.0,,,,,,,,,,,,,,,d10a0278-03d2-4b08-8767-5b4da096fdf6,1952,,"[91.6, 30.1]",3920410,59,,,,,,,,,,,,,,,,,,,,,,,,,2,Regular Play,Witiness Chimoio João Quembo,10865.0,Left Wing,109,Mozambique,4978,,55,,,,,,,,,,,,,,,,Mozambique,4978,00:14:55.125,Ball Recovery,
,,,,,,,,,,,,,,,,,0.0,,,,,,,,,,,,,,,02907683-2be8-4be2-b241-0bf53e2dc32c,1963,,"[112.5, 45.2]",3920410,60,,,,,,,,,,,,,,,,,,,,,,,,,2,From Corner,Feliciano João Jone,129475.0,Left Defensive Midfield,110,Mozambique,4978,,53,,,,,,,,,,,,,,,,Mozambique,4978,00:15:53.685,Ball Recovery,
,,,,,,,,,,,,,,,,,0.0,,,,,,,,,,,,,,,4dbd8f16-a7b6-42d3-a922-ae02bb530617,1982,,"[63.4, 22.4]",3920410,61,,,,,,,,,,,,,,,,,,,,,,,,,2,Regular Play,Alfons Amade,23706.0,Right Defensive Midfield,112,Mozambique,4978,,42,,,,,,,,,,,,,,,,Mozambique,4978,00:16:42.847,Ball Recovery,
,,,,,,,,,,,,,,,,,0.0,,,,,,,,,,,,,,,91f672ac-7bc5-4c95-817a-4c62284486b9,1994,,"[83.9, 77.6]",3920410,63,True,,,,,,,,,,,,,,,,,,,,,,,,2,Regular Play,Infren David da Conceição Matola,417067.0,Right Back,114,Mozambique,4978,,13,,,,,,,,,,,,,,,,Mozambique,4978,00:18:13.260,Ball Recovery,
,,,,,,,,,,,,,,,,,0.0,,,,,,,,,,,,,,,68553f29-2421-4f63-9318-7aeb25f1da40,2003,,"[63.7, 35.3]",3920410,63,,,,,,,,,,,,,,,,,,,,,,,,,2,Regular Play,Geny Cipriano Catamo,127300.0,Right Wing,114,Mozambique,4978,"['9d0bc571-93b6-43be-b7da-19900165cf34', '26e78344-acb7-49a5-ac38-5ce5498e2511']",22,,,,,,,,,,,,,,,,Mozambique,4978,00:18:22.483,Ball Recovery,True
,,,,,,,,,,,,,,,,,0.0,,,,,,,,,,,,,,,31ce6560-e006-4e4e-997f-620272846bb1,2038,,"[22.0, 54.4]",3920410,65,,,,,,,,,,,,,,,,,,,,,,,,,2,Regular Play,Mohammed Kudus,17033.0,Center Attacking Midfield,117,Ghana,4885,['545784d9-0369-4c67-bf7a-d0a8a0312406'],18,,,,,,,,,,,,,,,,Ghana,4885,00:20:18.761,Ball Recovery,True
,,,,,,,,,,,,,,,,,0.0,,,,,,,,,,,,,,,9429a088-6d66-4ca9-a61a-330e155834dc,2099,,"[89.9, 19.9]",3920410,73,,,,,,,,,,,,,,,,,,,,,,,,,2,From Free Kick,Bruno Alberto Langa,106070.0,Left Back,122,Mozambique,4978,['c4b25532-f0c6-4357-be25-b5ec5c06c714'],8,,,,,,,,,,,,,,,,Mozambique,4978,00:28:08.477,Ball Recovery,True
,,,,,,,,,,,,,,,,,0.0,,,,,,,,,,,,,,,56ae6c9a-ccfa-4b1b-a4d6-f4e5a28d74d5,2103,,"[21.3, 47.1]",3920410,73,,,,,,,,,,,,,,,,,,,,,,,,,2,From Free Kick,Iddrisu Baba Mohammed,24087.0,Left Defensive Midfield,122,Mozambique,4978,,10,,,,,,,,,,,,,,,,Ghana,4885,00:28:10.313,Ball Recovery,
,,,True,,,,,,,,,,,,,,0.0,,,,,,,,,,,,,,,a0c47310-3de9-4929-a0cb-45cb07d2bda7,2115,,"[21.3, 27.9]",3920410,73,,,,,,,,,,,,,,,,,,,,,,,,,2,From Free Kick,Mohamed Salisu,30519.0,Left Center Back,122,Mozambique,4978,['95eba86c-332d-4b20-aa29-7a8cca90471b'],21,,,,,,,,,,,,,,,,Ghana,4885,00:28:21.228,Ball Recovery,
,,,,,,,,,,,,,,,,,0.0,,,,,,,,,,,,,,,5c796fcb-b0c3-408b-8adb-8caf40a913a0,2124,,"[56.1, 73.5]",3920410,73,,,,,,,,,,,,,,,,,,,,,,,,,2,From Free Kick,Ricardo Martins Guimarães,29482.0,Right Defensive Midfield,122,Mozambique,4978,,31,,,,,,,,,,,,,,,,Mozambique,4978,00:28:31.195,Ball Recovery,
,,,,,,,,,,,,,,,,,0.0,,,,,,,,,,,,,,,1932d31b-60e5-4b43-a5d2-25059f53907c,2156,,"[48.8, 54.8]",3920410,77,,,,,,,,,,,,,,,,,,,,,,,,,2,From Throw In,Mohammed Kudus,17033.0,Right Attacking Midfield,125,Ghana,4885,,15,,,,,,,,,,,,,,,,Ghana,4885,00:32:15.872,Ball Recovery,
,,,,,,,,,,,,,,,,,0.0,,,,,,,,,,,,,,,07cdd5ce-6eae-45d8-a0c2-8d50222719f9,2166,,"[74.5, 61.8]",3920410,77,,,,,,,,,,,,,,,,,,,,,,,,,2,From Throw In,Iddrisu Baba Mohammed,24087.0,Left Defensive Midfield,125,Ghana,4885,['929a5fca-ebb1-46ed-9497-fc9d05cc4f7f'],26,,,,,,,,,,,,,,,,Ghana,4885,00:32:26.339,Ball Recovery,True
,,,,,,,,,,,,,,,,,0.0,,,,,,,,,,,,,,,44d3b33b-1e2a-4807-8a07-d0f6c1e18186,2178,,"[82.6, 38.8]",3920410,77,,,,,,,,,,,,,,,,,,,,,,,,,2,From Throw In,Mohammed Kudus,17033.0,Right Attacking Midfield,125,Ghana,4885,,37,,,,,,,,,,,,,,,,Ghana,4885,00:32:37.333,Ball Recovery,
,,,,,,,,,,,,,,,,,0.0,,,,,,,,,,,,,,,7bc058e7-4887-4f0b-8764-f56a8eb47722,2182,,"[12.0, 38.5]",3920410,77,,,,,,,,,,,,,,,,,,,,,,,,,2,Regular Play,Ivane Carminio Francisco Urrubal,161718.0,Goalkeeper,126,Mozambique,4978,,43,,,,,,,,,,,,,,,,Mozambique,4978,00:32:43.262,Ball Recovery,
,,,,,,,,,,,,,,,,,0.0,,,,,,,,,,,,,,,64706444-691e-4f6b-a4a2-258abb47af38,2220,,"[30.0, 10.5]",3920410,78,,,,,,,,,,,,,,,,,,,,,,,,,2,From Free Kick,Mohamed Salisu,30519.0,Left Center Back,127,Mozambique,4978,['165c40b6-14c9-47a3-98b7-0a829a261433'],49,,,,,,,,,,,,,,,,Ghana,4885,00:33:49.263,Ball Recovery,
,,,,,,,,,,,,,,,,,0.0,,,,,,,,,,,,,,,fae4a587-e99d-47eb-ace1-0627127478ad,2224,,"[74.2, 66.4]",3920410,78,,,,,,,,,,,,,,,,,,,,,,,,,2,From Free Kick,Ricardo Martins Guimarães,29482.0,Right Defensive Midfield,127,Mozambique,4978,['594a7dec-dc44-4f23-8fdf-7909c8e442dc'],52,,,,,,,,,,,,,,,,Mozambique,4978,00:33:52.633,Ball Recovery,
,,,,,,,,,,,,,,,,,0.0,,,,,,,,,,,,,,,c69b87da-a811-453a-b0c6-40b496cd3c26,2254,,"[9.7, 56.2]",3920410,79,,,,,,,,,,,,,,,,,,,,,,,,,2,Regular Play,Alidu Seidu,45047.0,Right Wing Back,128,Ghana,4885,['914988c4-9a5a-428a-a03f-8b15b5a8fcb3'],25,,,,,,,,,,,,,,,,Ghana,4885,00:34:25.413,Ball Recovery,
,,,,,,,,,,,,,,,,,0.0,,,,,,,,,,,,,,,0e174498-d82a-44ce-95db-a6da89167114,2285,,"[35.2, 33.9]",3920410,79,,,,,,,,,,,,,,,,,,,,,,,,,2,Regular Play,Salis Abdul Samed,31029.0,Right Defensive Midfield,129,Mozambique,4978,,57,,,,,,,,,,,,,,,,Ghana,4885,00:34:57.215,Ball Recovery,
,,,,,,,,,,,,,,,,,0.0,,,,,,,,,,,,,,,d949a37c-3436-4d71-9523-04706b93b6c3,2324,,"[67.4, 41.9]",3920410,81,,,,,,,,,,,,,,,,,,,,,,,,,2,Regular Play,Mohammed Kudus,17033.0,Right Attacking Midfield,133,Ghana,4885,['6976b1f2-cd21-4fff-9f00-2098d1cff5a4'],30,,,,,,,,,,,,,,,,Ghana,4885,00:36:30.567,Ball Recovery,True
,,,,,,,,,,,,,,,,,0.0,,,,,,,,,,,,,,,1981c7bb-ef9f-4c0a-ae75-0595e42542c5,2354,,"[53.6, 11.1]",3920410,84,,,,,,,,,,,,,,,,,,,,,,,,,2,From Keeper,Jordan Ayew,3450.0,Left Attacking Midfield,136,Mozambique,4978,,50,,,,,,,,,,,,,,,,Ghana,4885,00:39:50.397,Ball Recovery,
,,,,,,,,,,,,,,,,,0.0,,,,,,,,,,,,,,,efdc07d5-e5f9-4baa-b7fd-85ca581909af,2391,,"[107.5, 9.9]",3920410,85,,,,,,,,,,,,,,,,,,,,,,,,,2,From Keeper,Gildo Lourenço Vilanculos,106068.0,Left Midfield,136,Mozambique,4978,,29,,,,,,,,,,,,,,,,Mozambique,4978,00:40:29.211,Ball Recovery,
,,,,,,,,,,,,,,,,,0.0,,,,,,,,,,,,,,,62ed8a08-6c11-4d07-8031-a2e2eb8f63ee,2444,,"[3.6, 36.4]",3920410,87,,,,,,,,,,,,,,,,,,,,,,,,,2,Regular Play,Richard Ofori Antwi,68757.0,Goalkeeper,139,Ghana,4885,['167d2fee-c637-4e3f-9c4e-fb3021546b3f'],21,,,,,,,,,,,,,,,,Ghana,4885,00:42:21.658,Ball Recovery,
,,,,,,,,,,,,,,,,,0.0,,,,,,,,,,,,,,,7ecfe6b4-33a9-43ce-a688-181bc2df82bf,2482,,"[82.0, 18.0]",3920410,88,,,,,,,,,,,,,,,,,,,,,,,,,2,Regular Play,Elias Gaspar Pelembe,106074.0,Center Attacking Midfield,142,Mozambique,4978,,37,,,,,,,,,,,,,,,,Mozambique,4978,00:43:37.849,Ball Recovery,
,,,,,,,,,,,,,,,,,0.0,,,,,,,,,,,,,,,56df5b06-c2e0-45bd-ba64-d9feaf89ca9d,2500,,"[27.5, 10.6]",3920410,91,,,,,,,,,,,,,,,,,,,,,,,,,2,Regular Play,Reinildo Isnard Mandava,10848.0,Left Center Back,146,Mozambique,4978,['ea4723fb-0f06-46cc-a3a8-22c54f2cdb55'],29,,,,,,,,,,,,,,,,Mozambique,4978,00:46:29.743,Ball Recovery,
,,,True,,,,,,,,,,,,,,0.0,,,,,,,,,,,,,,,342861a3-41ee-4695-9726-db91626e91d5,2533,,"[103.5, 40.7]",3920410,92,,,,,,,,,,,,,,,,,,,,,,,,,2,From Corner,Edson André Sitoe,3250.0,Right Center Back,148,Mozambique,4978,,24,,,,,,,,,,,,,,,,Mozambique,4978,00:47:24.604,Ball Recovery,
,,,,,,,,,,,,,,,,,0.0,,,,,,,,,,,,,,,d231b4b6-88dd-44c7-9019-db377f851aa3,2534,,"[98.4, 37.4]",3920410,92,,,,,,,,,,,,,,,,,,,,,,,,,2,From Corner,Reinildo Isnard Mandava,10848.0,Left Center Back,148,Mozambique,4978,,26,,,,,,,,,,,,,,,,Mozambique,4978,00:47:26.337,Ball Recovery,
,,,True,,,,,,,,,,,,,,0.0,,,,,,,,,,,,,,,677634ab-3b0b-4ec3-822b-a58f56fa3633,2537,,"[0.5, 45.4]",3920410,92,,True,,,,,,,,,,,,,,,,,,,,,,,2,From Corner,Richard Ofori Antwi,68757.0,Goalkeeper,148,Mozambique,4978,,28,,,,,,,,,,,,,,,,Ghana,4885,00:47:28.578,Ball Recovery,
,,,,,,,,,,,,,,,,,0.0,,,,,,,,,,,,,,,d7fe75a5-a687-4bf2-a59c-3e97ba26d237,2569,,"[75.6, 44.9]",3920410,95,,,,,,,,,,,,,,,,,,,,,,,,,2,From Free Kick,Elias Gaspar Pelembe,106074.0,Center Attacking Midfield,152,Mozambique,4978,,27,,,,,,,,,,,,,,,,Mozambique,4978,00:50:27.532,Ball Recovery,
,,,,,,,,,,,,,,,,,0.0,,,,,,,,,,,,,,,aaa30f43-4797-45b7-ae43-9f366bb413a2,2575,,"[12.2, 49.9]",3920410,95,,,,,,,,,,,,,,,,,,,,,,,,,2,From Free Kick,Salis Abdul Samed,31029.0,Right Defensive Midfield,152,Mozambique,4978,['b1f791c0-2067-4db9-ba33-4a577439f2fd'],33,,,,,,,,,,,,,,,,Ghana,4885,00:50:33.068,Ball Recovery,
,,,,,,,,,,,,,,,,,0.0,,,,,,,,,,,,,,,0c9e613b-567c-4fe0-b906-0d4eeddc8e8e,2581,,"[82.2, 55.5]",3920410,95,,,,,,,,,,,,,,,,,,,,,,,,,2,From Free Kick,Infren David da Conceição Matola,417067.0,Right Back,152,Mozambique,4978,,38,,,,,,,,,,,,,,,,Mozambique,4978,00:50:38.538,Ball Recovery,
,,,,,,,,,,,,,,,,,0.0,,,,,,,,,,,,,,,00fafe81-cc7a-4b8e-9731-8da7ea8255be,2587,,"[102.8, 20.9]",3920410,95,,,,,,,,,,,,,,,,,,,,,,,,,2,From Free Kick,Bruno Alberto Langa,106070.0,Left Back,152,Mozambique,4978,['8b9cc856-bf1a-4487-86c0-7e9130840a0e'],43,,,,,,,,,,,,,,,,Mozambique,4978,00:50:43.485,Ball Recovery,True
,,,,,,,,,,,,,,,,,0.0,,,,,,,,,,,,,,,ba7383bb-cfb4-4bc0-934a-6eaa2b4e9e7f,23,,"[28.5, 61.2]",3920410,0,,,,,,,,,,,,,,,,,,,,,,,,,1,From Throw In,Feliciano João Jone,129475.0,Left Defensive Midfield,3,Ghana,4885,,19,,,,,,,,,,,,,,,,Mozambique,4978,00:00:19.147,Block,
,,,,,,,,,,,,,,,,,0.0,,,,,,,,,,,,,,,1cc734bc-2015-4681-9735-7e36c02814fc,68,,"[69.2, 65.7]",3920410,2,,,,,,,,,,,,,,,,,,,,,,,,,1,From Throw In,Joseph Paintsil,16546.0,Right Wing,5,Ghana,4885,['9e7b0fa9-d977-4102-a512-a7714906bb55'],38,,,,,,,,,,,,,,,,Ghana,4885,00:02:38.564,Block,
,,,,,,,,,,,,,,,,,0.0,,,,,,,,,,,,,,,6190f277-a478-4087-b0a9-398b7891ad49,207,,"[8.2, 11.6]",3920410,6,,,,,,,,,,,,,,,,,,,,,,,,,1,Regular Play,Bruno Alberto Langa,106070.0,Left Back,10,Mozambique,4978,['6d6372b1-febf-4f09-8037-e131e20a1271'],4,,,,,,,,,,,,,,,,Mozambique,4978,00:06:04.472,Block,
,,,,,,,,,,,True,,,,,,0.0,,,,,,,,,,,,,,,39059516-f46e-4b23-a2fe-c1977e28e3f3,208,,"[112.1, 63.3]",3920410,6,,,,,,,,,,,,,,,,,,,,,,,,,1,Regular Play,Joseph Paintsil,16546.0,Right Wing,10,Mozambique,4978,,4,,,,,,,,,,,,,,,,Ghana,4885,00:06:04.758,Block,
,,,,,,,,,,,,,,,,,0.0,,,,,,,,,,,,,,,2c47ce24-1dc6-4c4e-a58c-f1f70404e42e,216,,"[113.8, 75.9]",3920410,6,,True,,,,,,,,,,,,,,,,,,,,,,,1,Regular Play,Joseph Paintsil,16546.0,Right Wing,10,Mozambique,4978,['0b1049d5-1bce-4e14-8674-e218ba871789'],11,,,,,,,,,,,,,,,,Ghana,4885,00:06:11.305,Block,
,,,,,,,,,,,,,,,,,0.0,,,,,,,,,,,,,,,b2366c86-1226-4a33-8a7c-bb6da0e2804d,317,,"[9.9, 29.8]",3920410,8,,,,,,,,,,,,,,,,,,,,,,,,,1,From Free Kick,Denis Odoi,12259.0,Right Back,15,Mozambique,4978,,45,,,,,,,,,,,,,,,,Ghana,4885,00:08:45.211,Block,
,,,,,,,,,,,,,,,,,0.0,,,,,,,,,,,,,,,15c8086c-a043-4f0f-bda9-c8dd074d4717,348,,"[71.8, 11.7]",3920410,10,True,True,,,,,,,,,,,,,,,,,,,,,,,1,From Throw In,Mohamed Salisu,30519.0,Left Center Back,20,Mozambique,4978,['5ea59c16-3942-4767-96eb-4b1b558dc499'],50,,,,,,,,,,,,,,,,Ghana,4885,00:10:50.121,Block,
,,,,,,,,,,,,,,,,,0.0,,,,,,,,,,,,,,,03146263-1e6b-4951-89f4-41a6b6e75246,377,,"[34.7, 55.9]",3920410,11,,,,,,,,,,,,,,,,,,,,,,,,,1,From Throw In,Denis Odoi,12259.0,Right Back,22,Mozambique,4978,['913459d2-346d-4c02-b18f-d2c5a2afa152'],30,,,,,,,,,,,,,,,,Ghana,4885,00:11:30.337,Block,
,,,,,,,,,,,,,,,,,0.0,,,,,,,,,,,,,,,26ff5464-9e43-4db8-8798-c296a6270b19,498,,"[66.2, 31.8]",3920410,19,,,,,,,,,,,,,,,,,,,,,,,,,1,From Free Kick,Salis Abdul Samed,31029.0,Left Defensive Midfield,30,Mozambique,4978,['5972ae7a-675b-4397-946d-70a0c4cd37ac'],6,,,,,,,,,,,,,,,,Ghana,4885,00:19:06.639,Block,
,,,,,,,,,,,,,,,,,0.0,,,,,,,,,,,,,,,a0e2e889-f8f8-4920-a064-c5774f7bdd0f,757,,"[85.5, 75.0]",3920410,25,,,,,,,,,,,,,,,,,,,,,,,,,1,From Free Kick,Joseph Paintsil,16546.0,Right Wing,44,Mozambique,4978,['aba9175c-2e87-4fa0-86c5-f4d11e529217'],39,,,,,,,,,,,,,,,,Ghana,4885,00:25:39.556,Block,
,,,,,,,,,,,,,,,,,0.0,,,,,,,,,,,,,,,00905ee2-85d7-4b54-8267-49b95c2f8421,782,,"[42.7, 75.2]",3920410,26,,True,,,,,,,,,,,,,,,,,,,,,,,1,From Free Kick,Denis Odoi,12259.0,Right Back,45,Mozambique,4978,['a481400d-4ee5-46b5-a9fa-8bc64dcd7826'],21,,,,,,,,,,,,,,,,Ghana,4885,00:26:21.590,Block,
,,,,,,,,,,,,,,,,,0.0,,,,,,,,,,,,,,,f74f70d3-7bbd-4fe1-8580-ffbbe7fd6069,903,,"[81.1, 22.3]",3920410,33,,,,,,,,,,,,,,,,,,,,,,,,,1,From Free Kick,Witiness Chimoio João Quembo,10865.0,Left Wing,56,Mozambique,4978,,19,,,,,,,,,,,,,,,,Mozambique,4978,00:33:19.524,Block,
,,,,,,,,,,,,,,,,,0.0,,,,,,,,,,,,,,,9ce8f201-b050-45d6-b867-c621c513fef2,974,,"[104.3, 54.4]",3920410,36,,True,,,,,,,,,,,,,,,,,,,,,,,1,From Free Kick,Ricardo Martins Guimarães,29482.0,Center Attacking Midfield,59,Mozambique,4978,,19,,,,,,,,,,,,,,,,Mozambique,4978,00:36:19.788,Block,
,,,,True,,,,,,,,,,,,,0.0,,,,,,,,,,,,,,,f8b53448-b4b5-43ab-aafe-bc1ef847a857,1152,,"[90.0, 72.5]",3920410,40,,,,,,,,,,,,,,,,,,,,,,,,,1,From Free Kick,Infren David da Conceição Matola,417067.0,Right Back,66,Mozambique,4978,['286355a5-39d8-4971-aafe-40ba181cd87c'],46,,,,,,,,,,,,,,,,Mozambique,4978,00:40:46.047,Block,
,,,,,,,,,,,,,,,,,0.0,,,,,,,,,,,,,,,87c69886-285c-4132-9314-46c9a1958106,1228,,"[8.0, 51.2]",3920410,42,,,,,,,,,,,,,,,,,,,,,,,,,1,From Goal Kick,Edson André Sitoe,3250.0,Right Center Back,70,Ghana,4885,['4127910c-8a0f-4b89-85ff-a68e6ae03c15'],49,,,,,,,,,,,,,,,,Mozambique,4978,00:42:49.657,Block,
,,,,,,,,,,,True,,,,,,0.0,,,,,,,,,,,,,,,49be0b8c-dce0-4133-8a5f-76dd35dd8ce2,1234,,"[115.3, 24.4]",3920410,42,,True,,,,,,,,,,,,,,,,,,,,,,,1,Regular Play,Jordan Ayew,3450.0,Left Wing,71,Mozambique,4978,['ace12832-4136-4e65-860e-542cb0f690c5'],52,,,,,,,,,,,,,,,,Ghana,4885,00:42:52.379,Block,
,,,,,,,,,,,,,,,,,0.0,,,,,,,,,,,,,,,7ca6da75-cb02-49f7-98c7-4294d97246a6,1497,,"[18.1, 40.6]",3920410,45,,,,,,,,,,,,,,,,,,,,,,,,,2,From Kick Off,Edson André Sitoe,3250.0,Right Center Back,82,Ghana,4885,['b3649b4a-d179-44a6-b97a-b6237e2920ac'],20,,,,,,,,,,,,,,,,Mozambique,4978,00:00:20.318,Block,
,,,,,,,,,,,True,,,,,,0.0,,,,,,,,,,,,,,,d35df38b-f320-43ba-92db-b42325a2ad4e,1622,,"[41.0, 4.2]",3920410,50,,True,,,,,,,,,,,,,,,,,,,,,,,2,Regular Play,Reinildo Isnard Mandava,10848.0,Left Center Back,92,Ghana,4885,['d1ed710a-f63d-4da1-84be-d799a6da3b9e'],20,,,,,,,,,,,,,,,,Mozambique,4978,00:05:20.521,Block,
,,,,,,,,,,,,,,,,,0.0,,,,,,,,,,,,,,,5a14ff8c-d752-44f0-9533-ed866ff0beb3,1631,,"[29.6, 5.8]",3920410,50,,True,,,,,,,,,,,,,,,,,,,,,,,2,From Throw In,Witiness Chimoio João Quembo,10865.0,Left Wing,93,Ghana,4885,['8f68dc31-d2d9-4e29-9e68-cdff752d6a14'],52,,,,,,,,,,,,,,,,Mozambique,4978,00:05:52.191,Block,
,,,,,,,,,,,,,,,,,0.0,,,,,,,,,,,,,,,b0e5b4bf-4e63-4a65-a69a-5cb058c79119,1764,,"[8.9, 27.9]",3920410,53,,True,,,,,,,,,,,,,,,,,,,,,,,2,From Free Kick,Mohamed Salisu,30519.0,Left Center Back,98,Mozambique,4978,['cdcab42c-b76d-4f6f-bcdc-bd26396404e5'],18,,,,,,,,,,,,,,,,Ghana,4885,00:08:18.038,Block,
,,,,,,,,,,,,,,,,,0.0,,,,,,,,,,,,,,,202f59bb-02be-48a3-a760-9567b2049e17,1832,,"[22.0, 37.2]",3920410,57,,,,,,,,,,,,,,,,,,,,,,,,,2,From Throw In,Reinildo Isnard Mandava,10848.0,Left Center Back,106,Ghana,4885,['e3c5a5ec-d653-4ed5-bdaa-a71814905d56'],22,,,,,,,,,,,,,,,,Mozambique,4978,00:12:22.332,Block,
,,,,,,,,,,,,,,,,,0.0,,,,,,,,,,,,,,,1c514686-2f94-4894-8567-5d6962c6cfb1,1970,,"[67.6, 12.2]",3920410,61,True,,,,,,,,,,,,,,,,,,,,,,,,2,From Goal Kick,Geny Cipriano Catamo,127300.0,Right Wing,111,Ghana,4885,['501ca010-7303-4fcf-b72b-cfe6894be4eb'],36,,,,,,,,,,,,,,,,Mozambique,4978,00:16:36.929,Block,
,,,,,,,,,,,,,,,,,0.0,,,,,,,,,,,,,,,0e5be745-324e-4185-99be-e9757340f1d6,2054,,"[7.7, 34.0]",3920410,65,,,,,,,,,,,,,,,,,,,,,,,,,2,Regular Play,Reinildo Isnard Mandava,10848.0,Left Center Back,117,Ghana,4885,['b4b4da6b-ac4f-42ea-a658-969bdc3b0c3f'],35,,,,,,,,,,,,,,,,Mozambique,4978,00:20:35.680,Block,
,,,,,,,,,,,,,,,,,0.0,,,,,,,,,,,,,,,8ecf9f0d-21df-4e99-b0e5-57ce1d6eb7fa,2068,,"[1.2, 61.6]",3920410,70,,True,,,,,,,,,,,,,,,,,,,,,,,2,From Kick Off,Denis Odoi,12259.0,Right Back,119,Mozambique,4978,['64b9bb7b-58f5-4cd6-bc10-db490fc173f6'],45,,,,,,,,,,,,,,,,Ghana,4885,00:25:45.908,Block,
,,,,,,,,,,,,,,,,,0.0,,,,,,,,,,,,,,,822f2f92-d3e1-47cf-9935-e1559a2b3b4c,2164,,"[19.1, 23.1]",3920410,77,,,,,,,,,,,,,,,,,,,,,,,,,2,From Throw In,Reinildo Isnard Mandava,10848.0,Left Center Back,125,Ghana,4885,['a8cb97b8-9b9e-4477-a7c1-f98220b1276b'],22,,,,,,,,,,,,,,,,Mozambique,4978,00:32:22.986,Block,
,,,,,,,,,,,,,,,,,0.0,,,,,,,,,,,,,,,36ed853b-4124-4684-86b1-937488c53e65,2322,,"[53.1, 39.5]",3920410,81,,,,,,,,,,,,,,,,,,,,,,,,,2,Regular Play,Elias Gaspar Pelembe,106074.0,Left Defensive Midfield,133,Ghana,4885,['306f77a6-1a7f-4fae-803f-b75f52c7f2c8'],29,,,,,,,,,,,,,,,,Mozambique,4978,00:36:29.701,Block,
,,,,,,,,,,,,,,,,,0.0,,,,,,,,,,,,,,,9de48b12-f70c-489f-8cbd-5138313ffa28,2390,,"[9.1, 67.8]",3920410,85,,,,,,,,,,,,,,,,,,,,,,,,,2,From Keeper,Alidu Seidu,45047.0,Right Wing Back,136,Mozambique,4978,['8fbf6354-55b6-4be9-9ced-a93d4da1b5cc'],28,,,,,,,,,,,,,,,,Ghana,4885,00:40:28.545,Block,
,,,,,,,,,,,True,,,,,,0.0,,,,,,,,,,,,,,,9855b25a-5eab-44fd-9fd1-3319c7bfeb6e,2462,,"[81.8, 21.2]",3920410,87,,,,,,,,,,,,,,,,,,,,,,,,,2,Regular Play,Shaquille Momad Nangy,136069.0,Center Defensive Midfield,140,Mozambique,4978,['c7fb41b1-b8be-4412-afe3-04ac73b69571'],41,,,,,,,,,,,,,,,,Mozambique,4978,00:42:41.772,Block,
,,,,,,,,,,,,,,,,,0.0,,,,,,,,,,,,,,,7e9996ee-90d2-45e9-894e-be1e1f33e599,2525,,"[16.5, 32.9]",3920410,92,,True,,,,,,,,,,,,,,,,,,,,,,,2,From Throw In,Mohamed Salisu,30519.0,Left Center Back,147,Mozambique,4978,['314479e3-0885-42ee-baae-a4b4851c43ea'],11,,,,,,,,,,,,,,,,Ghana,4885,00:47:11.062,Block,
,,,,,,,,,,,,,,,,,0.0,,,,,,,,,,,,,,,29652c12-8fe4-40f0-8117-97ab3a20478f,2584,,"[16.6, 34.2]",3920410,95,,,,,,,,,,,,,,,,,,,,,,,,,2,From Free Kick,Mohamed Salisu,30519.0,Left Center Back,152,Mozambique,4978,['04193311-3485-4a87-80dd-888b1dd68e8d'],40,,,,,,,,,,,,,,,,Ghana,4885,00:50:40.706,Block,
,,,,,,,,,,,,,,,,,0.864278,,,,,,,,,,,,,,,0cecb954-7ee5-4c5b-994a-f803f47b1041,31,,"[97.2, 38.7]",3920410,0,,,,,,,,,,,,,,,,,,,,,,,,,1,From Throw In,Antoine Semenyo,9286.0,Center Forward,3,Ghana,4885,['fc14cede-8862-4731-b166-db679ef9dfa9'],25,,Right Foot,"[118.2, 39.6, 2.4]",,"[{'location': [94.8, 31.5], 'player': {'id': 3450, 'name': 'Jordan Ayew'}, 'position': {'id': 21, 'name': 'Left Wing'}, 'teammate': True}, {'location': [102.2, 45.6], 'player': {'id': 17033, 'name': 'Mohammed Kudus'}, 'position': {'id': 19, 'name': 'Center Attacking Midfield'}, 'teammate': True}, {'location': [107.4, 32.7], 'player': {'id': 16546, 'name': 'Joseph Paintsil'}, 'position': {'id': 17, 'name': 'Right Wing'}, 'teammate': True}, {'location': [95.1, 37.1], 'player': {'id': 29482, 'name': 'Ricardo Martins Guimarães'}, 'position': {'id': 19, 'name': 'Center Attacking Midfield'}, 'teammate': False}, {'location': [102.1, 43.9], 'player': {'id': 106070, 'name': 'Bruno Alberto Langa'}, 'position': {'id': 6, 'name': 'Left Back'}, 'teammate': False}, {'location': [97.9, 32.5], 'player': {'id': 129475, 'name': 'Feliciano João Jone'}, 'position': {'id': 11, 'name': 'Left Defensive Midfield'}, 'teammate': False}, {'location': [93.6, 21.0], 'player': {'id': 127300, 'name': 'Geny Cipriano Catamo'}, 'position': {'id': 17, 'name': 'Right Wing'}, 'teammate': False}, {'location': [100.0, 37.6], 'player': {'id': 23706, 'name': 'Alfons Amade'}, 'position': {'id': 9, 'name': 'Right Defensive Midfield'}, 'teammate': False}, {'location': [105.4, 41.5], 'player': {'id': 10848, 'name': 'Reinildo Isnard Mandava'}, 'position': {'id': 5, 'name': 'Left Center Back'}, 'teammate': False}, {'location': [103.5, 32.1], 'player': {'id': 417067, 'name': 'Infren David da Conceição Matola'}, 'position': {'id': 2, 'name': 'Right Back'}, 'teammate': False}, {'location': [106.6, 39.3], 'player': {'id': 3250, 'name': 'Edson André Sitoe'}, 'position': {'id': 3, 'name': 'Right Center Back'}, 'teammate': False}, {'location': [118.6, 39.6], 'player': {'id': 161718, 'name': 'Ivane Carminio Francisco Urrubal'}, 'position': {'id': 1, 'name': 'Goalkeeper'}, 'teammate': False}]",a6c424d6-1417-42c8-aade-f71ea3da9734,Saved,0.0413008,Normal,Open Play,,,,,,Ghana,4885,00:00:25.643,Shot,
,,,,,,,,,,,,,,,,,1.427571,,,,,,,,,,,,,,,32894db0-8d24-4e57-92a8-78a0652b6f98,421,,"[108.1, 40.1]",3920410,14,,,,,,,,,,,,,,,,,,,,,,,,,1,Other,Jordan Ayew,3450.0,Left Wing,24,Ghana,4885,['14d40727-2e24-495c-9ec7-3c83523e7101'],47,,Right Foot,"[120.0, 43.8, 0.2]",,,,Goal,0.7835,Normal,Penalty,,,,,,Ghana,4885,00:14:47.954,Shot,
,,,,,,,,,,,,,,,,,1.113551,,,,,,,,,,,,,,,048e4173-2699-4bda-a241-1aa27dc2da19,1198,,"[97.7, 18.8]",3920410,41,,,,,,,,,,,,,,,,,,,,,,,,,1,Regular Play,Witiness Chimoio João Quembo,10865.0,Left Wing,69,Mozambique,4978,['9be9b3d3-19a9-4a90-9676-f7dec29896e3'],42,,Left Foot,"[120.0, 43.3, 4.8]",,"[{'location': [118.6, 38.3], 'player': {'id': 68757, 'name': 'Richard Ofori Antwi'}, 'position': {'id': 1, 'name': 'Goalkeeper'}, 'teammate': False}, {'location': [103.7, 45.3], 'player': {'id': 23615, 'name': 'Gideon Mensah'}, 'position': {'id': 6, 'name': 'Left Back'}, 'teammate': False}, {'location': [104.6, 40.7], 'player': {'id': 30519, 'name': 'Mohamed Salisu'}, 'position': {'id': 5, 'name': 'Left Center Back'}, 'teammate': False}, {'location': [104.7, 35.7], 'player': {'id': 2989, 'name': 'Alexander Djiku'}, 'position': {'id': 3, 'name': 'Right Center Back'}, 'teammate': False}, {'location': [100.7, 23.0], 'player': {'id': 12259, 'name': 'Denis Odoi'}, 'position': {'id': 2, 'name': 'Right Back'}, 'teammate': False}, {'location': [94.4, 35.7], 'player': {'id': 31029, 'name': 'Salis Abdul Samed'}, 'position': {'id': 11, 'name': 'Left Defensive Midfield'}, 'teammate': False}, {'location': [95.1, 28.1], 'player': {'id': 24087, 'name': 'Iddrisu Baba Mohammed'}, 'position': {'id': 9, 'name': 'Right Defensive Midfield'}, 'teammate': False}, {'location': [103.2, 39.9], 'player': {'id': 106082, 'name': 'Pachoio Lau Há King'}, 'position': {'id': 23, 'name': 'Center Forward'}, 'teammate': True}, {'location': [101.0, 42.8], 'player': {'id': 127300, 'name': 'Geny Cipriano Catamo'}, 'position': {'id': 17, 'name': 'Right Wing'}, 'teammate': True}]",f4416297-ca05-4247-a8fd-dba3ce9e6a3b,Off T,0.0088857515,Normal,Open Play,,,,,,Mozambique,4978,00:41:42.307,Shot,
,,,,,,,,,,,,,,,,,1.900923,,,,,,,,,,,,,,,ef22d437-d459-449f-98ea-1ee43cc0c461,1406,,"[90.5, 45.2]",3920410,48,,,,,,,,,,,,,,,,,,,,,,,,,1,From Counter,Mohammed Kudus,17033.0,Center Attacking Midfield,79,Ghana,4885,['c44575d9-d394-4db5-b24e-5039daa13ad0'],41,,Left Foot,"[120.0, 34.3, 4.6]",,"[{'location': [117.5, 40.7], 'player': {'id': 161718, 'name': 'Ivane Carminio Francisco Urrubal'}, 'position': {'id': 1, 'name': 'Goalkeeper'}, 'teammate': False}, {'location': [90.0, 30.2], 'player': {'id': 3450, 'name': 'Jordan Ayew'}, 'position': {'id': 21, 'name': 'Left Wing'}, 'teammate': True}, {'location': [98.5, 55.1], 'player': {'id': 16546, 'name': 'Joseph Paintsil'}, 'position': {'id': 17, 'name': 'Right Wing'}, 'teammate': True}, {'location': [99.6, 43.9], 'player': {'id': 9286, 'name': 'Antoine Semenyo'}, 'position': {'id': 23, 'name': 'Center Forward'}, 'teammate': True}, {'location': [101.2, 40.6], 'player': {'id': 3250, 'name': 'Edson André Sitoe'}, 'position': {'id': 3, 'name': 'Right Center Back'}, 'teammate': False}, {'location': [95.8, 44.0], 'player': {'id': 10848, 'name': 'Reinildo Isnard Mandava'}, 'position': {'id': 5, 'name': 'Left Center Back'}, 'teammate': False}, {'location': [98.6, 51.7], 'player': {'id': 106070, 'name': 'Bruno Alberto Langa'}, 'position': {'id': 6, 'name': 'Left Back'}, 'teammate': False}, {'location': [90.7, 31.2], 'player': {'id': 417067, 'name': 'Infren David da Conceição Matola'}, 'position': {'id': 2, 'name': 'Right Back'}, 'teammate': False}]",a0f6de4b-cc9c-4718-9012-ffaae656845f,Off T,0.026042724,Normal,Open Play,,,,,,Ghana,4885,00:48:41.703,Shot,
,,,,,,,,,,,,,,,,,0.095357,,,,,,,,,,,,,,,b3649b4a-d179-44a6-b97a-b6237e2920ac,1496,,"[99.4, 39.7]",3920410,45,,,,,,,,,,,,,,,,,,,,,,,,,2,From Kick Off,Mohammed Kudus,17033.0,Center Attacking Midfield,82,Ghana,4885,"['7ca6da75-cb02-49f7-98c7-4294d97246a6', '47a45915-0e9e-4efc-86dc-6b5e90854b4f']",20,,Left Foot,"[102.0, 39.5]",,"[{'location': [96.5, 29.0], 'player': {'id': 127300, 'name': 'Geny Cipriano Catamo'}, 'position': {'id': 17, 'name': 'Right Wing'}, 'teammate': False}, {'location': [104.5, 49.0], 'player': {'id': 10848, 'name': 'Reinildo Isnard Mandava'}, 'position': {'id': 5, 'name': 'Left Center Back'}, 'teammate': False}, {'location': [100.5, 56.4], 'player': {'id': 106070, 'name': 'Bruno Alberto Langa'}, 'position': {'id': 6, 'name': 'Left Back'}, 'teammate': False}, {'location': [102.3, 38.6], 'player': {'id': 3250, 'name': 'Edson André Sitoe'}, 'position': {'id': 3, 'name': 'Right Center Back'}, 'teammate': False}, {'location': [99.8, 40.7], 'player': {'id': 129475, 'name': 'Feliciano João Jone'}, 'position': {'id': 11, 'name': 'Left Defensive Midfield'}, 'teammate': False}, {'location': [94.0, 45.9], 'player': {'id': 23706, 'name': 'Alfons Amade'}, 'position': {'id': 9, 'name': 'Right Defensive Midfield'}, 'teammate': False}, {'location': [95.2, 39.7], 'player': {'id': 417067, 'name': 'Infren David da Conceição Matola'}, 'position': {'id': 2, 'name': 'Right Back'}, 'teammate': False}, {'location': [83.1, 61.5], 'player': {'id': 10865, 'name': 'Witiness Chimoio João Quembo'}, 'position': {'id': 21, 'name': 'Left Wing'}, 'teammate': False}, {'location': [83.7, 38.9], 'player': {'id': 29482, 'name': 'Ricardo Martins Guimarães'}, 'position': {'id': 19, 'name': 'Center Attacking Midfield'}, 'teammate': False}, {'location': [116.7, 39.9], 'player': {'id': 161718, 'name': 'Ivane Carminio Francisco Urrubal'}, 'position': {'id': 1, 'name': 'Goalkeeper'}, 'teammate': False}, {'location': [85.2, 15.7], 'player': {'id': 23615, 'name': 'Gideon Mensah'}, 'position': {'id': 6, 'name': 'Left Back'}, 'teammate': True}, {'location': [100.8, 59.8], 'player': {'id': 3347, 'name': 'André Ayew Pelé'}, 'position': {'id': 23, 'name': 'Center Forward'}, 'teammate': True}, {'location': [91.7, 58.1], 'player': {'id': 9286, 'name': 'Antoine Semenyo'}, 'position': {'id': 17, 'name': 'Right Wing'}, 'teammate': True}, {'location': [91.7, 38.5], 'player': {'id': 3450, 'name': 'Jordan Ayew'}, 'position': {'id': 21, 'name': 'Left Wing'}, 'teammate': True}]",,Blocked,0.06679285,Normal,Open Play,,,,,,Ghana,4885,00:00:20.223,Shot,
,,,,,,,,,,,,,,,,,0.846272,,,,,,,,,,,,,,,e680b0b1-95d0-4e60-8542-934b173a58a1,1563,,"[110.5, 39.7]",3920410,47,,,,,,,,,,,,,,,,,,,,,,,,,2,From Throw In,Pachoio Lau Há King,106082.0,Center Forward,86,Mozambique,4978,"['1bcd65d0-bc50-47b0-ad90-d4612e24c5bc', '9c9b16dc-f1a2-481e-a94d-2dedffe19ab7']",12,True,Head,"[120.0, 34.3, 2.0]",,"[{'location': [104.1, 47.7], 'player': {'id': 127300, 'name': 'Geny Cipriano Catamo'}, 'position': {'id': 17, 'name': 'Right Wing'}, 'teammate': True}, {'location': [98.6, 35.4], 'player': {'id': 23706, 'name': 'Alfons Amade'}, 'position': {'id': 9, 'name': 'Right Defensive Midfield'}, 'teammate': True}, {'location': [110.6, 42.9], 'player': {'id': 29482, 'name': 'Ricardo Martins Guimarães'}, 'position': {'id': 19, 'name': 'Center Attacking Midfield'}, 'teammate': True}, {'location': [102.0, 15.3], 'player': {'id': 10865, 'name': 'Witiness Chimoio João Quembo'}, 'position': {'id': 21, 'name': 'Left Wing'}, 'teammate': True}, {'location': [104.1, 35.7], 'player': {'id': 31029, 'name': 'Salis Abdul Samed'}, 'position': {'id': 11, 'name': 'Left Defensive Midfield'}, 'teammate': False}, {'location': [111.8, 43.3], 'player': {'id': 23615, 'name': 'Gideon Mensah'}, 'position': {'id': 6, 'name': 'Left Back'}, 'teammate': False}, {'location': [111.4, 39.8], 'player': {'id': 30519, 'name': 'Mohamed Salisu'}, 'position': {'id': 5, 'name': 'Left Center Back'}, 'teammate': False}, {'location': [110.4, 37.6], 'player': {'id': 2989, 'name': 'Alexander Djiku'}, 'position': {'id': 3, 'name': 'Right Center Back'}, 'teammate': False}, {'location': [117.3, 39.7], 'player': {'id': 68757, 'name': 'Richard Ofori Antwi'}, 'position': {'id': 1, 'name': 'Goalkeeper'}, 'teammate': False}, {'location': [96.8, 35.2], 'player': {'id': 3347, 'name': 'André Ayew Pelé'}, 'position': {'id': 23, 'name': 'Center Forward'}, 'teammate': False}, {'location': [106.9, 50.0], 'player': {'id': 3450, 'name': 'Jordan Ayew'}, 'position': {'id': 21, 'name': 'Left Wing'}, 'teammate': False}, {'location': [106.3, 28.6], 'player': {'id': 24087, 'name': 'Iddrisu Baba Mohammed'}, 'position': {'id': 9, 'name': 'Right Defensive Midfield'}, 'teammate': False}, {'location': [104.4, 20.8], 'player': {'id': 9286, 'name': 'Antoine Semenyo'}, 'position': {'id': 17, 'name': 'Right Wing'}, 'teammate': False}, {'location': [97.6, 23.7], 'player': {'id': 17033, 'name': 'Mohammed Kudus'}, 'position': {'id': 19, 'name': 'Center Attacking Midfield'}, 'teammate': False}, {'location': [92.0, 21.4], 'player': {'id': 10848, 'name': 'Reinildo Isnard Mandava'}, 'position': {'id': 5, 'name': 'Left Center Back'}, 'teammate': True}, {'location': [110.2, 14.2], 'player': {'id': 106070, 'name': 'Bruno Alberto Langa'}, 'position': {'id': 6, 'name': 'Left Back'}, 'teammate': True}, {'location': [108.3, 20.4], 'player': {'id': 12259, 'name': 'Denis Odoi'}, 'position': {'id': 2, 'name': 'Right Back'}, 'teammate': False}]",cfe37044-b1e8-4b20-b047-d8cbf3170b31,Off T,0.0737397,Normal,Open Play,,,,,,Mozambique,4978,00:02:12.044,Shot,True
,,,,,,,,,,,,,,,,,0.476954,,,,,,,,,,,,,,,f314624d-7c12-4ae7-9937-7cb03e583476,1604,,"[103.7, 36.2]",3920410,49,,,,,,,,,,,,,,,,,,,,,,,,,2,From Free Kick,Bruno Alberto Langa,106070.0,Left Back,89,Mozambique,4978,['e32f3f61-e3e8-40e2-abc4-63c6155ab7d2'],1,,Left Foot,"[118.1, 38.5, 0.5]",True,"[{'location': [103.9, 39.3], 'player': {'id': 23615, 'name': 'Gideon Mensah'}, 'position': {'id': 6, 'name': 'Left Back'}, 'teammate': False}, {'location': [103.1, 34.3], 'player': {'id': 31029, 'name': 'Salis Abdul Samed'}, 'position': {'id': 11, 'name': 'Left Defensive Midfield'}, 'teammate': False}, {'location': [103.8, 49.3], 'player': {'id': 127300, 'name': 'Geny Cipriano Catamo'}, 'position': {'id': 17, 'name': 'Right Wing'}, 'teammate': True}, {'location': [118.0, 38.8], 'player': {'id': 68757, 'name': 'Richard Ofori Antwi'}, 'position': {'id': 1, 'name': 'Goalkeeper'}, 'teammate': False}, {'location': [110.5, 34.9], 'player': {'id': 30519, 'name': 'Mohamed Salisu'}, 'position': {'id': 5, 'name': 'Left Center Back'}, 'teammate': False}, {'location': [108.3, 29.8], 'player': {'id': 2989, 'name': 'Alexander Djiku'}, 'position': {'id': 3, 'name': 'Right Center Back'}, 'teammate': False}, {'location': [111.7, 22.7], 'player': {'id': 106082, 'name': 'Pachoio Lau Há King'}, 'position': {'id': 23, 'name': 'Center Forward'}, 'teammate': True}, {'location': [103.0, 13.3], 'player': {'id': 10865, 'name': 'Witiness Chimoio João Quembo'}, 'position': {'id': 21, 'name': 'Left Wing'}, 'teammate': True}, {'location': [97.6, 21.7], 'player': {'id': 12259, 'name': 'Denis Odoi'}, 'position': {'id': 2, 'name': 'Right Back'}, 'teammate': False}]",e92d5303-0ba1-4b3b-80ee-5798b9a73037,Saved,0.16318054,Normal,Open Play,,,,,,Mozambique,4978,00:04:01.293,Shot,
,,,,,,,,,,,,,,,,,0.248422,,,,,,,,,,,,,,,cdcab42c-b76d-4f6f-bcdc-bd26396404e5,1763,,"[109.4, 54.8]",3920410,53,,,,,,,,,,,,,,,,,,,,,,,,,2,From Free Kick,Geny Cipriano Catamo,127300.0,Right Wing,98,Mozambique,4978,"['91e56f20-ff0e-4528-9525-018a3b2d762d', 'b0e5b4bf-4e63-4a65-a69a-5cb058c79119', '65cac3ae-0d49-492e-a848-185a29715651']",17,,Right Foot,"[111.2, 52.2]",,"[{'location': [107.1, 46.1], 'player': {'id': 106082, 'name': 'Pachoio Lau Há King'}, 'position': {'id': 23, 'name': 'Center Forward'}, 'teammate': True}, {'location': [109.9, 46.0], 'player': {'id': 2989, 'name': 'Alexander Djiku'}, 'position': {'id': 3, 'name': 'Right Center Back'}, 'teammate': False}, {'location': [107.1, 36.8], 'player': {'id': 12259, 'name': 'Denis Odoi'}, 'position': {'id': 2, 'name': 'Right Back'}, 'teammate': False}, {'location': [117.9, 43.7], 'player': {'id': 68757, 'name': 'Richard Ofori Antwi'}, 'position': {'id': 1, 'name': 'Goalkeeper'}, 'teammate': False}, {'location': [95.4, 28.6], 'player': {'id': 106070, 'name': 'Bruno Alberto Langa'}, 'position': {'id': 6, 'name': 'Left Back'}, 'teammate': True}, {'location': [105.0, 31.4], 'player': {'id': 10865, 'name': 'Witiness Chimoio João Quembo'}, 'position': {'id': 21, 'name': 'Left Wing'}, 'teammate': True}, {'location': [103.9, 53.6], 'player': {'id': 3450, 'name': 'Jordan Ayew'}, 'position': {'id': 21, 'name': 'Left Wing'}, 'teammate': False}, {'location': [105.2, 47.3], 'player': {'id': 24087, 'name': 'Iddrisu Baba Mohammed'}, 'position': {'id': 9, 'name': 'Right Defensive Midfield'}, 'teammate': False}, {'location': [109.0, 53.7], 'player': {'id': 23615, 'name': 'Gideon Mensah'}, 'position': {'id': 6, 'name': 'Left Back'}, 'teammate': False}, {'location': [99.3, 30.4], 'player': {'id': 9286, 'name': 'Antoine Semenyo'}, 'position': {'id': 17, 'name': 'Right Wing'}, 'teammate': False}, {'location': [111.1, 51.9], 'player': {'id': 30519, 'name': 'Mohamed Salisu'}, 'position': {'id': 5, 'name': 'Left Center Back'}, 'teammate': False}]",66df10f5-da8f-4c5e-8da5-6a47bc45f54b,Blocked,0.040400982,Normal,Open Play,,,,,,Mozambique,4978,00:08:17.790,Shot,True
,,,,,,,,,,,,,,,,,0.958694,,,,,,,,,,,,,,,eaa6dcb0-6c64-470b-bff6-a8240a963b7e,1769,,"[105.6, 40.5]",3920410,54,,,,,,,,,,,,,,,,,,,,,,,,,2,From Corner,Alfons Amade,23706.0,Right Defensive Midfield,99,Mozambique,4978,['09198dce-a2c8-439a-accc-1582db9666e1'],0,,Head,"[118.0, 42.3, 1.6]",,"[{'location': [109.0, 55.2], 'player': {'id': 10865, 'name': 'Witiness Chimoio João Quembo'}, 'position': {'id': 21, 'name': 'Left Wing'}, 'teammate': True}, {'location': [120.0, 75.2], 'player': {'id': 127300, 'name': 'Geny Cipriano Catamo'}, 'position': {'id': 17, 'name': 'Right Wing'}, 'teammate': True}, {'location': [110.0, 44.1], 'player': {'id': 3250, 'name': 'Edson André Sitoe'}, 'position': {'id': 3, 'name': 'Right Center Back'}, 'teammate': True}, {'location': [112.8, 44.5], 'player': {'id': 10848, 'name': 'Reinildo Isnard Mandava'}, 'position': {'id': 5, 'name': 'Left Center Back'}, 'teammate': True}, {'location': [113.1, 41.9], 'player': {'id': 106082, 'name': 'Pachoio Lau Há King'}, 'position': {'id': 23, 'name': 'Center Forward'}, 'teammate': True}, {'location': [112.9, 35.3], 'player': {'id': 129475, 'name': 'Feliciano João Jone'}, 'position': {'id': 11, 'name': 'Left Defensive Midfield'}, 'teammate': True}, {'location': [115.7, 45.2], 'player': {'id': 23615, 'name': 'Gideon Mensah'}, 'position': {'id': 6, 'name': 'Left Back'}, 'teammate': False}, {'location': [112.5, 46.5], 'player': {'id': 31029, 'name': 'Salis Abdul Samed'}, 'position': {'id': 11, 'name': 'Left Defensive Midfield'}, 'teammate': False}, {'location': [114.2, 48.4], 'player': {'id': 12259, 'name': 'Denis Odoi'}, 'position': {'id': 2, 'name': 'Right Back'}, 'teammate': False}, {'location': [114.0, 44.1], 'player': {'id': 24087, 'name': 'Iddrisu Baba Mohammed'}, 'position': {'id': 9, 'name': 'Right Defensive Midfield'}, 'teammate': False}, {'location': [113.3, 40.7], 'player': {'id': 30519, 'name': 'Mohamed Salisu'}, 'position': {'id': 5, 'name': 'Left Center Back'}, 'teammate': False}, {'location': [115.6, 37.3], 'player': {'id': 2989, 'name': 'Alexander Djiku'}, 'position': {'id': 3, 'name': 'Right Center Back'}, 'teammate': False}, {'location': [112.8, 37.2], 'player': {'id': 9286, 'name': 'Antoine Semenyo'}, 'position': {'id': 17, 'name': 'Right Wing'}, 'teammate': False}, {'location': [114.8, 40.1], 'player': {'id': 68757, 'name': 'Richard Ofori Antwi'}, 'position': {'id': 1, 'name': 'Goalkeeper'}, 'teammate': False}, {'location': [101.6, 41.4], 'player': {'id': 17033, 'name': 'Mohammed Kudus'}, 'position': {'id': 19, 'name': 'Center Attacking Midfield'}, 'teammate': False}, {'location': [108.6, 50.6], 'player': {'id': 3347, 'name': 'André Ayew Pelé'}, 'position': {'id': 23, 'name': 'Center Forward'}, 'teammate': False}, {'location': [108.2, 39.3], 'player': {'id': 3450, 'name': 'Jordan Ayew'}, 'position': {'id': 21, 'name': 'Left Wing'}, 'teammate': False}]",,Saved,0.049887635,Normal,Open Play,,,,,,Mozambique,4978,00:09:00.893,Shot,
,,,,,,,,,,,,,,,,,0.121913,,,,,,,,,,,,,,,e3c5a5ec-d653-4ed5-bdaa-a71814905d56,1831,,"[95.1, 43.2]",3920410,57,,,,,,,,,,,,,,,,,,,,,,,,,2,From Throw In,Mohammed Kudus,17033.0,Center Attacking Midfield,106,Ghana,4885,"['202f59bb-02be-48a3-a760-9567b2049e17', '1ede87ec-f2f1-430e-9634-f38130611f1f']",22,,Right Foot,"[98.1, 42.9]",,"[{'location': [103.4, 46.1], 'player': {'id': 106070, 'name': 'Bruno Alberto Langa'}, 'position': {'id': 6, 'name': 'Left Back'}, 'teammate': False}, {'location': [105.6, 29.3], 'player': {'id': 3250, 'name': 'Edson André Sitoe'}, 'position': {'id': 3, 'name': 'Right Center Back'}, 'teammate': False}, {'location': [98.0, 42.2], 'player': {'id': 10848, 'name': 'Reinildo Isnard Mandava'}, 'position': {'id': 5, 'name': 'Left Center Back'}, 'teammate': False}, {'location': [99.7, 30.4], 'player': {'id': 129475, 'name': 'Feliciano João Jone'}, 'position': {'id': 11, 'name': 'Left Defensive Midfield'}, 'teammate': False}, {'location': [97.0, 39.8], 'player': {'id': 23706, 'name': 'Alfons Amade'}, 'position': {'id': 9, 'name': 'Right Defensive Midfield'}, 'teammate': False}, {'location': [100.0, 15.5], 'player': {'id': 417067, 'name': 'Infren David da Conceição Matola'}, 'position': {'id': 2, 'name': 'Right Back'}, 'teammate': False}, {'location': [92.8, 39.9], 'player': {'id': 10865, 'name': 'Witiness Chimoio João Quembo'}, 'position': {'id': 21, 'name': 'Left Wing'}, 'teammate': False}, {'location': [92.2, 26.6], 'player': {'id': 29482, 'name': 'Ricardo Martins Guimarães'}, 'position': {'id': 19, 'name': 'Center Attacking Midfield'}, 'teammate': False}, {'location': [116.5, 41.0], 'player': {'id': 161718, 'name': 'Ivane Carminio Francisco Urrubal'}, 'position': {'id': 1, 'name': 'Goalkeeper'}, 'teammate': False}, {'location': [98.8, 8.0], 'player': {'id': 3450, 'name': 'Jordan Ayew'}, 'position': {'id': 21, 'name': 'Left Wing'}, 'teammate': True}, {'location': [103.1, 54.5], 'player': {'id': 9286, 'name': 'Antoine Semenyo'}, 'position': {'id': 17, 'name': 'Right Wing'}, 'teammate': True}, {'location': [101.6, 31.2], 'player': {'id': 3347, 'name': 'André Ayew Pelé'}, 'position': {'id': 23, 'name': 'Center Forward'}, 'teammate': True}]",da9d7e67-7702-4db4-92be-0f39b14604fb,Blocked,0.043158162,Normal,Open Play,,,,,,Ghana,4885,00:12:22.210,Shot,
,,,,,,,,,,,,,,,,,0.936101,,,,,,,,,,,,,,,29685265-dc80-410b-a155-052552462aba,1964,,"[114.7, 47.0]",3920410,60,,,,,,,,,,,,,,,,,,,,,,,,,2,From Corner,Feliciano João Jone,129475.0,Left Defensive Midfield,110,Mozambique,4978,['4e2e5403-5e66-4fae-934e-392dea1545d6'],53,,Head,"[120.0, 45.9, 2.1]",,"[{'location': [117.4, 45.5], 'player': {'id': 2989, 'name': 'Alexander Djiku'}, 'position': {'id': 3, 'name': 'Right Center Back'}, 'teammate': False}, {'location': [115.2, 44.5], 'player': {'id': 68757, 'name': 'Richard Ofori Antwi'}, 'position': {'id': 1, 'name': 'Goalkeeper'}, 'teammate': False}, {'location': [115.9, 48.5], 'player': {'id': 9286, 'name': 'Antoine Semenyo'}, 'position': {'id': 17, 'name': 'Right Wing'}, 'teammate': False}, {'location': [113.4, 43.1], 'player': {'id': 24087, 'name': 'Iddrisu Baba Mohammed'}, 'position': {'id': 9, 'name': 'Right Defensive Midfield'}, 'teammate': False}, {'location': [118.6, 40.1], 'player': {'id': 30519, 'name': 'Mohamed Salisu'}, 'position': {'id': 5, 'name': 'Left Center Back'}, 'teammate': False}, {'location': [116.4, 34.7], 'player': {'id': 12259, 'name': 'Denis Odoi'}, 'position': {'id': 2, 'name': 'Right Back'}, 'teammate': False}, {'location': [115.2, 40.2], 'player': {'id': 31029, 'name': 'Salis Abdul Samed'}, 'position': {'id': 11, 'name': 'Left Defensive Midfield'}, 'teammate': False}, {'location': [115.1, 36.4], 'player': {'id': 23615, 'name': 'Gideon Mensah'}, 'position': {'id': 6, 'name': 'Left Back'}, 'teammate': False}, {'location': [104.3, 32.7], 'player': {'id': 3347, 'name': 'André Ayew Pelé'}, 'position': {'id': 23, 'name': 'Center Forward'}, 'teammate': False}, {'location': [101.3, 35.8], 'player': {'id': 17033, 'name': 'Mohammed Kudus'}, 'position': {'id': 19, 'name': 'Center Attacking Midfield'}, 'teammate': False}, {'location': [111.1, 48.1], 'player': {'id': 3450, 'name': 'Jordan Ayew'}, 'position': {'id': 21, 'name': 'Left Wing'}, 'teammate': False}, {'location': [112.3, 44.5], 'player': {'id': 10848, 'name': 'Reinildo Isnard Mandava'}, 'position': {'id': 5, 'name': 'Left Center Back'}, 'teammate': True}, {'location': [109.0, 39.0], 'player': {'id': 23706, 'name': 'Alfons Amade'}, 'position': {'id': 9, 'name': 'Right Defensive Midfield'}, 'teammate': True}, {'location': [112.3, 37.7], 'player': {'id': 106082, 'name': 'Pachoio Lau Há King'}, 'position': {'id': 23, 'name': 'Center Forward'}, 'teammate': True}, {'location': [101.7, 30.6], 'player': {'id': 29482, 'name': 'Ricardo Martins Guimarães'}, 'position': {'id': 19, 'name': 'Center Attacking Midfield'}, 'teammate': True}, {'location': [111.4, 42.3], 'player': {'id': 3250, 'name': 'Edson André Sitoe'}, 'position': {'id': 3, 'name': 'Right Center Back'}, 'teammate': True}]",,Off T,0.085959665,Normal,Open Play,,,,,,Mozambique,4978,00:15:53.709,Shot,
,,,,,,,,,,,,,,,,,0.095742,,,,,,,,,,,,,,,b4b4da6b-ac4f-42ea-a658-969bdc3b0c3f,2053,,"[111.2, 47.7]",3920410,65,,,,,,,,,,,,,,,,,,,,,,,,,2,Regular Play,Mohammed Kudus,17033.0,Center Attacking Midfield,117,Ghana,4885,"['adae33b9-f8b8-4cd5-b688-3a6bf7d07cbe', 'c924530b-b6ef-4bdb-a763-4ca324fab483', '0e5be745-324e-4185-99be-e9757340f1d6']",35,,Right Foot,"[112.4, 46.1]",True,"[{'location': [100.2, 50.7], 'player': {'id': 106070, 'name': 'Bruno Alberto Langa'}, 'position': {'id': 6, 'name': 'Left Back'}, 'teammate': False}, {'location': [112.9, 45.6], 'player': {'id': 10848, 'name': 'Reinildo Isnard Mandava'}, 'position': {'id': 5, 'name': 'Left Center Back'}, 'teammate': False}, {'location': [113.9, 35.5], 'player': {'id': 3250, 'name': 'Edson André Sitoe'}, 'position': {'id': 3, 'name': 'Right Center Back'}, 'teammate': False}, {'location': [105.3, 40.0], 'player': {'id': 23706, 'name': 'Alfons Amade'}, 'position': {'id': 9, 'name': 'Right Defensive Midfield'}, 'teammate': False}, {'location': [111.1, 29.7], 'player': {'id': 129475, 'name': 'Feliciano João Jone'}, 'position': {'id': 11, 'name': 'Left Defensive Midfield'}, 'teammate': False}, {'location': [111.5, 26.5], 'player': {'id': 417067, 'name': 'Infren David da Conceição Matola'}, 'position': {'id': 2, 'name': 'Right Back'}, 'teammate': False}, {'location': [118.7, 40.5], 'player': {'id': 161718, 'name': 'Ivane Carminio Francisco Urrubal'}, 'position': {'id': 1, 'name': 'Goalkeeper'}, 'teammate': False}, {'location': [110.6, 19.6], 'player': {'id': 3450, 'name': 'Jordan Ayew'}, 'position': {'id': 21, 'name': 'Left Wing'}, 'teammate': True}, {'location': [114.1, 40.4], 'player': {'id': 3347, 'name': 'André Ayew Pelé'}, 'position': {'id': 23, 'name': 'Center Forward'}, 'teammate': True}]",1bdb3b9d-1784-4792-acf8-cd3a396fec2a,Blocked,0.07664549,Volley,Open Play,,,,,,Ghana,4885,00:20:35.585,Shot,True
,,,,,,,,,,,,,,,,,0.548863,,,,,,,,,,,,,,,c3b1dd9d-a436-4e69-9fb8-3f18449c9038,2058,,"[108.0, 40.0]",3920410,69,,,,,,,,,,,,,,,,,,,,,,,,,2,Other,Jordan Ayew,3450.0,Left Wing,118,Ghana,4885,['f9cd2450-adcd-4cee-9f66-fe4c10af3a50'],9,,Right Foot,"[120.0, 37.1, 1.5]",,,,Goal,0.7835,Normal,Penalty,,,,,,Ghana,4885,00:24:09.865,Shot,
,,,,,,,,,,,,,,,,,3.603762,,,,,,,,,,,,,,,8761a66b-6347-41ef-bbe8-ad805b0805a8,2075,,"[114.0, 44.7]",3920410,71,,,,,,,,,,,,,,,,,,,,,,,,,2,From Corner,Alfons Amade,23706.0,Right Defensive Midfield,120,Mozambique,4978,"['fd1984dd-a1b0-4032-958c-03c9f799848e', '3321d899-f31f-4096-b562-4ef771db25a2']",39,True,Head,"[120.0, 49.3, 0.3]",,"[{'location': [101.8, 46.0], 'player': {'id': 127300, 'name': 'Geny Cipriano Catamo'}, 'position': {'id': 17, 'name': 'Right Wing'}, 'teammate': True}, {'location': [110.5, 46.7], 'player': {'id': 129475, 'name': 'Feliciano João Jone'}, 'position': {'id': 11, 'name': 'Left Defensive Midfield'}, 'teammate': True}, {'location': [115.4, 30.1], 'player': {'id': 3250, 'name': 'Edson André Sitoe'}, 'position': {'id': 3, 'name': 'Right Center Back'}, 'teammate': True}, {'location': [114.2, 46.7], 'player': {'id': 24087, 'name': 'Iddrisu Baba Mohammed'}, 'position': {'id': 11, 'name': 'Left Defensive Midfield'}, 'teammate': False}, {'location': [113.0, 45.8], 'player': {'id': 31029, 'name': 'Salis Abdul Samed'}, 'position': {'id': 9, 'name': 'Right Defensive Midfield'}, 'teammate': False}, {'location': [112.4, 45.0], 'player': {'id': 106082, 'name': 'Pachoio Lau Há King'}, 'position': {'id': 23, 'name': 'Center Forward'}, 'teammate': True}, {'location': [114.4, 43.8], 'player': {'id': 30519, 'name': 'Mohamed Salisu'}, 'position': {'id': 5, 'name': 'Left Center Back'}, 'teammate': False}, {'location': [115.4, 44.3], 'player': {'id': 2989, 'name': 'Alexander Djiku'}, 'position': {'id': 4, 'name': 'Center Back'}, 'teammate': False}, {'location': [116.1, 40.7], 'player': {'id': 68757, 'name': 'Richard Ofori Antwi'}, 'position': {'id': 1, 'name': 'Goalkeeper'}, 'teammate': False}, {'location': [116.6, 36.2], 'player': {'id': 45047, 'name': 'Alidu Seidu'}, 'position': {'id': 7, 'name': 'Right Wing Back'}, 'teammate': False}, {'location': [113.8, 35.8], 'player': {'id': 23615, 'name': 'Gideon Mensah'}, 'position': {'id': 8, 'name': 'Left Wing Back'}, 'teammate': False}, {'location': [111.2, 36.6], 'player': {'id': 3709, 'name': 'Daniel Amartey'}, 'position': {'id': 3, 'name': 'Right Center Back'}, 'teammate': False}, {'location': [105.3, 39.5], 'player': {'id': 17033, 'name': 'Mohammed Kudus'}, 'position': {'id': 18, 'name': 'Right Attacking Midfield'}, 'teammate': False}, {'location': [107.8, 47.0], 'player': {'id': 3450, 'name': 'Jordan Ayew'}, 'position': {'id': 20, 'name': 'Left Attacking Midfield'}, 'teammate': False}, {'location': [107.1, 37.3], 'player': {'id': 3347, 'name': 'André Ayew Pelé'}, 'position': {'id': 23, 'name': 'Center Forward'}, 'teammate': False}, {'location': [113.1, 38.0], 'player': {'id': 10848, 'name': 'Reinildo Isnard Mandava'}, 'position': {'id': 5, 'name': 'Left Center Back'}, 'teammate': True}, {'location': [99.4, 35.7], 'player': {'id': 29482, 'name': 'Ricardo Martins Guimarães'}, 'position': {'id': 19, 'name': 'Center Attacking Midfield'}, 'teammate': True}]",70cdf866-3614-4177-9199-e6e286ca6d95,Off T,0.12184297,Normal,Open Play,,,,,,Mozambique,4978,00:26:39.333,Shot,True
,,,,,,,,,,,,,,,,,1.041829,,,,,,,,,,,,,,,94cc27da-6953-4ad9-95f1-10b2ca77c3dc,2135,,"[105.9, 48.4]",3920410,74,,,,,,,,,,,,,,,,,,,,,,,,,2,From Free Kick,Gildo Lourenço Vilanculos,106068.0,Left Midfield,123,Mozambique,4978,"['740b43dc-ef4c-40a1-b866-6933e1a29b2c', 'cd2f58c2-3ca5-4f2f-9da6-2db2136bea6c']",25,True,Head,"[120.0, 44.7, 2.0]",,"[{'location': [89.0, 32.7], 'player': {'id': 106070, 'name': 'Bruno Alberto Langa'}, 'position': {'id': 6, 'name': 'Left Back'}, 'teammate': True}, {'location': [99.4, 61.5], 'player': {'id': 3450, 'name': 'Jordan Ayew'}, 'position': {'id': 20, 'name': 'Left Attacking Midfield'}, 'teammate': False}, {'location': [97.7, 59.4], 'player': {'id': 3347, 'name': 'André Ayew Pelé'}, 'position': {'id': 23, 'name': 'Center Forward'}, 'teammate': False}, {'location': [109.1, 43.9], 'player': {'id': 30519, 'name': 'Mohamed Salisu'}, 'position': {'id': 5, 'name': 'Left Center Back'}, 'teammate': False}, {'location': [106.5, 38.0], 'player': {'id': 24087, 'name': 'Iddrisu Baba Mohammed'}, 'position': {'id': 11, 'name': 'Left Defensive Midfield'}, 'teammate': False}, {'location': [108.2, 40.0], 'player': {'id': 2989, 'name': 'Alexander Djiku'}, 'position': {'id': 4, 'name': 'Center Back'}, 'teammate': False}, {'location': [109.4, 39.3], 'player': {'id': 3709, 'name': 'Daniel Amartey'}, 'position': {'id': 3, 'name': 'Right Center Back'}, 'teammate': False}, {'location': [93.3, 42.1], 'player': {'id': 29482, 'name': 'Ricardo Martins Guimarães'}, 'position': {'id': 9, 'name': 'Right Defensive Midfield'}, 'teammate': True}, {'location': [107.9, 41.3], 'player': {'id': 127547, 'name': 'Stanley Ratifo'}, 'position': {'id': 24, 'name': 'Left Center Forward'}, 'teammate': True}, {'location': [108.2, 42.9], 'player': {'id': 106082, 'name': 'Pachoio Lau Há King'}, 'position': {'id': 22, 'name': 'Right Center Forward'}, 'teammate': True}, {'location': [105.9, 39.3], 'player': {'id': 10848, 'name': 'Reinildo Isnard Mandava'}, 'position': {'id': 5, 'name': 'Left Center Back'}, 'teammate': True}, {'location': [105.8, 41.7], 'player': {'id': 23615, 'name': 'Gideon Mensah'}, 'position': {'id': 8, 'name': 'Left Wing Back'}, 'teammate': False}, {'location': [106.0, 47.7], 'player': {'id': 31029, 'name': 'Salis Abdul Samed'}, 'position': {'id': 9, 'name': 'Right Defensive Midfield'}, 'teammate': False}, {'location': [106.0, 35.2], 'player': {'id': 3250, 'name': 'Edson André Sitoe'}, 'position': {'id': 3, 'name': 'Right Center Back'}, 'teammate': True}, {'location': [98.8, 36.6], 'player': {'id': 17033, 'name': 'Mohammed Kudus'}, 'position': {'id': 18, 'name': 'Right Attacking Midfield'}, 'teammate': False}, {'location': [108.4, 33.2], 'player': {'id': 45047, 'name': 'Alidu Seidu'}, 'position': {'id': 7, 'name': 'Right Wing Back'}, 'teammate': False}, {'location': [117.9, 41.4], 'player': {'id': 68757, 'name': 'Richard Ofori Antwi'}, 'position': {'id': 1, 'name': 'Goalkeeper'}, 'teammate': False}]",2d1d7929-2d4e-46ee-ade2-8ac76345ab4d,Off T,0.03338396,Normal,Open Play,,,,,,Mozambique,4978,00:29:25.241,Shot,True
,,,,,,,,,,,,,,,,,1.341191,,,,,,,,,,,,,,,8064405a-a6c6-4ef8-97e1-e66769a6eab3,2331,,"[86.8, 38.4]",3920410,84,,,,,,,,,,,,,,,,,,,,,,,,,2,From Free Kick,Mohammed Kudus,17033.0,Right Attacking Midfield,134,Ghana,4885,['f82027e1-77a0-4cee-bb97-55b8a6c9a01f'],21,,Left Foot,"[117.4, 37.8, 1.2]",,"[{'location': [96.6, 36.6], 'player': {'id': 106068, 'name': 'Gildo Lourenço Vilanculos'}, 'position': {'id': 16, 'name': 'Left Midfield'}, 'teammate': False}, {'location': [98.2, 24.9], 'player': {'id': 417067, 'name': 'Infren David da Conceição Matola'}, 'position': {'id': 2, 'name': 'Right Back'}, 'teammate': False}, {'location': [98.4, 31.4], 'player': {'id': 3250, 'name': 'Edson André Sitoe'}, 'position': {'id': 3, 'name': 'Right Center Back'}, 'teammate': False}, {'location': [92.3, 30.5], 'player': {'id': 127300, 'name': 'Geny Cipriano Catamo'}, 'position': {'id': 12, 'name': 'Right Midfield'}, 'teammate': False}, {'location': [98.6, 52.7], 'player': {'id': 106070, 'name': 'Bruno Alberto Langa'}, 'position': {'id': 6, 'name': 'Left Back'}, 'teammate': False}, {'location': [98.9, 45.8], 'player': {'id': 106082, 'name': 'Pachoio Lau Há King'}, 'position': {'id': 22, 'name': 'Right Center Forward'}, 'teammate': False}, {'location': [97.2, 42.1], 'player': {'id': 10848, 'name': 'Reinildo Isnard Mandava'}, 'position': {'id': 5, 'name': 'Left Center Back'}, 'teammate': False}, {'location': [96.6, 37.3], 'player': {'id': 106074, 'name': 'Elias Gaspar Pelembe'}, 'position': {'id': 11, 'name': 'Left Defensive Midfield'}, 'teammate': False}, {'location': [96.6, 38.1], 'player': {'id': 29482, 'name': 'Ricardo Martins Guimarães'}, 'position': {'id': 9, 'name': 'Right Defensive Midfield'}, 'teammate': False}, {'location': [96.6, 38.8], 'player': {'id': 127547, 'name': 'Stanley Ratifo'}, 'position': {'id': 24, 'name': 'Left Center Forward'}, 'teammate': False}, {'location': [119.2, 40.1], 'player': {'id': 161718, 'name': 'Ivane Carminio Francisco Urrubal'}, 'position': {'id': 1, 'name': 'Goalkeeper'}, 'teammate': False}, {'location': [96.2, 25.8], 'player': {'id': 24087, 'name': 'Iddrisu Baba Mohammed'}, 'position': {'id': 11, 'name': 'Left Defensive Midfield'}, 'teammate': True}, {'location': [97.4, 17.0], 'player': {'id': 23615, 'name': 'Gideon Mensah'}, 'position': {'id': 8, 'name': 'Left Wing Back'}, 'teammate': True}, {'location': [82.1, 39.4], 'player': {'id': 31029, 'name': 'Salis Abdul Samed'}, 'position': {'id': 9, 'name': 'Right Defensive Midfield'}, 'teammate': True}, {'location': [85.3, 36.0], 'player': {'id': 3450, 'name': 'Jordan Ayew'}, 'position': {'id': 20, 'name': 'Left Attacking Midfield'}, 'teammate': True}, {'location': [96.4, 66.6], 'player': {'id': 45047, 'name': 'Alidu Seidu'}, 'position': {'id': 7, 'name': 'Right Wing Back'}, 'teammate': True}, {'location': [97.4, 48.4], 'player': {'id': 3709, 'name': 'Daniel Amartey'}, 'position': {'id': 3, 'name': 'Right Center Back'}, 'teammate': True}, {'location': [96.6, 42.9], 'player': {'id': 3347, 'name': 'André Ayew Pelé'}, 'position': {'id': 23, 'name': 'Center Forward'}, 'teammate': True}]",,Saved,0.022225225,Normal,Free Kick,,,,,,Ghana,4885,00:39:21.596,Shot,
,,,,,,,,,,,,,,,,,0.566021,,,,,,,,,,,,,,,b39784de-a261-4ca9-a905-7e1c8324ba78,2494,,"[108.1, 40.1]",3920410,90,,,,,,,,,,,,,,,,,,,,,,,,,2,Other,Geny Cipriano Catamo,127300.0,Right Center Forward,144,Mozambique,4978,['a22ae903-27c1-4a6e-8c36-572b9af45965'],38,,Left Foot,"[120.0, 42.6, 0.2]",,,,Goal,0.7835,Normal,Penalty,,,,,,Mozambique,4978,00:45:38.423,Shot,
,,,,,,,,,,,,,,,,,0.556918,,,,,,,,,,,,,,,314479e3-0885-42ee-baae-a4b4851c43ea,2524,,"[86.4, 54.6]",3920410,92,,,,,,,,,,,,,,,,,,,,,,,,,2,From Throw In,Edson André Sitoe,3250.0,Right Center Back,147,Mozambique,4978,"['31d9b369-9e4c-44d3-a88a-762fec9bfcc2', '7e9996ee-90d2-45e9-894e-be1e1f33e599']",10,,Right Foot,"[103.6, 47.2]",,"[{'location': [100.0, 54.5], 'player': {'id': 417068, 'name': 'João José Jone Bonde'}, 'position': {'id': 13, 'name': 'Right Center Midfield'}, 'teammate': True}, {'location': [97.7, 76.6], 'player': {'id': 417067, 'name': 'Infren David da Conceição Matola'}, 'position': {'id': 2, 'name': 'Right Back'}, 'teammate': True}, {'location': [94.7, 60.4], 'player': {'id': 127300, 'name': 'Geny Cipriano Catamo'}, 'position': {'id': 22, 'name': 'Right Center Forward'}, 'teammate': True}, {'location': [98.7, 46.7], 'player': {'id': 136069, 'name': 'Shaquille Momad Nangy'}, 'position': {'id': 10, 'name': 'Center Defensive Midfield'}, 'teammate': True}, {'location': [102.7, 48.8], 'player': {'id': 106074, 'name': 'Elias Gaspar Pelembe'}, 'position': {'id': 19, 'name': 'Center Attacking Midfield'}, 'teammate': True}, {'location': [118.3, 41.7], 'player': {'id': 68757, 'name': 'Richard Ofori Antwi'}, 'position': {'id': 1, 'name': 'Goalkeeper'}, 'teammate': False}, {'location': [90.6, 52.2], 'player': {'id': 31029, 'name': 'Salis Abdul Samed'}, 'position': {'id': 9, 'name': 'Right Defensive Midfield'}, 'teammate': False}, {'location': [96.6, 63.9], 'player': {'id': 3450, 'name': 'Jordan Ayew'}, 'position': {'id': 20, 'name': 'Left Attacking Midfield'}, 'teammate': False}, {'location': [97.3, 56.7], 'player': {'id': 24087, 'name': 'Iddrisu Baba Mohammed'}, 'position': {'id': 11, 'name': 'Left Defensive Midfield'}, 'teammate': False}, {'location': [101.3, 54.6], 'player': {'id': 23615, 'name': 'Gideon Mensah'}, 'position': {'id': 8, 'name': 'Left Wing Back'}, 'teammate': False}, {'location': [103.8, 46.8], 'player': {'id': 30519, 'name': 'Mohamed Salisu'}, 'position': {'id': 5, 'name': 'Left Center Back'}, 'teammate': False}, {'location': [105.7, 39.2], 'player': {'id': 2989, 'name': 'Alexander Djiku'}, 'position': {'id': 4, 'name': 'Center Back'}, 'teammate': False}, {'location': [106.5, 37.3], 'player': {'id': 3709, 'name': 'Daniel Amartey'}, 'position': {'id': 3, 'name': 'Right Center Back'}, 'teammate': False}, {'location': [106.3, 34.2], 'player': {'id': 45047, 'name': 'Alidu Seidu'}, 'position': {'id': 7, 'name': 'Right Wing Back'}, 'teammate': False}, {'location': [105.2, 34.4], 'player': {'id': 127547, 'name': 'Stanley Ratifo'}, 'position': {'id': 24, 'name': 'Left Center Forward'}, 'teammate': True}, {'location': [105.2, 32.2], 'player': {'id': 106068, 'name': 'Gildo Lourenço Vilanculos'}, 'position': {'id': 15, 'name': 'Left Center Midfield'}, 'teammate': True}, {'location': [89.7, 11.0], 'player': {'id': 106070, 'name': 'Bruno Alberto Langa'}, 'position': {'id': 6, 'name': 'Left Back'}, 'teammate': True}, {'location': [95.4, 17.6], 'player': {'id': 6393, 'name': 'Iñaki Williams Arthuer'}, 'position': {'id': 18, 'name': 'Right Attacking Midfield'}, 'teammate': False}, {'location': [84.0, 49.4], 'player': {'id': 3347, 'name': 'André Ayew Pelé'}, 'position': {'id': 23, 'name': 'Center Forward'}, 'teammate': False}]",8ee82e8f-c776-443a-b5d2-bad14fa659aa,Blocked,0.0058102724,Normal,Open Play,,,,,,Mozambique,4978,00:47:10.505,Shot,
,,,,,,,,,,,,,,,,,1.920473,,,,,,,,,,,,,,,aa8357ba-3421-4bd8-b6e8-6b9992c27b3d,2535,,"[96.2, 37.3]",3920410,92,,,,,,,,,,,,,,,,,,,,,,,,,2,From Corner,Reinildo Isnard Mandava,10848.0,Left Center Back,148,Mozambique,4978,['40d5a1a0-3e1b-414d-9f82-95182e978686'],26,,Left Foot,"[119.6, 34.1]",True,"[{'location': [106.5, 39.3], 'player': {'id': 24087, 'name': 'Iddrisu Baba Mohammed'}, 'position': {'id': 11, 'name': 'Left Defensive Midfield'}, 'teammate': False}, {'location': [112.2, 44.3], 'player': {'id': 45047, 'name': 'Alidu Seidu'}, 'position': {'id': 7, 'name': 'Right Wing Back'}, 'teammate': False}, {'location': [110.7, 39.3], 'player': {'id': 30519, 'name': 'Mohamed Salisu'}, 'position': {'id': 5, 'name': 'Left Center Back'}, 'teammate': False}, {'location': [113.1, 39.9], 'player': {'id': 2989, 'name': 'Alexander Djiku'}, 'position': {'id': 4, 'name': 'Center Back'}, 'teammate': False}, {'location': [113.1, 38.5], 'player': {'id': 3709, 'name': 'Daniel Amartey'}, 'position': {'id': 3, 'name': 'Right Center Back'}, 'teammate': False}, {'location': [99.8, 44.8], 'player': {'id': 3347, 'name': 'André Ayew Pelé'}, 'position': {'id': 23, 'name': 'Center Forward'}, 'teammate': False}, {'location': [100.6, 36.8], 'player': {'id': 6393, 'name': 'Iñaki Williams Arthuer'}, 'position': {'id': 18, 'name': 'Right Attacking Midfield'}, 'teammate': False}, {'location': [111.6, 61.7], 'player': {'id': 3450, 'name': 'Jordan Ayew'}, 'position': {'id': 20, 'name': 'Left Attacking Midfield'}, 'teammate': False}, {'location': [109.1, 51.4], 'player': {'id': 23615, 'name': 'Gideon Mensah'}, 'position': {'id': 8, 'name': 'Left Wing Back'}, 'teammate': False}, {'location': [103.5, 36.9], 'player': {'id': 31029, 'name': 'Salis Abdul Samed'}, 'position': {'id': 9, 'name': 'Right Defensive Midfield'}, 'teammate': False}, {'location': [118.6, 40.4], 'player': {'id': 68757, 'name': 'Richard Ofori Antwi'}, 'position': {'id': 1, 'name': 'Goalkeeper'}, 'teammate': False}, {'location': [104.0, 60.6], 'player': {'id': 127300, 'name': 'Geny Cipriano Catamo'}, 'position': {'id': 22, 'name': 'Right Center Forward'}, 'teammate': True}, {'location': [105.1, 45.2], 'player': {'id': 417068, 'name': 'João José Jone Bonde'}, 'position': {'id': 13, 'name': 'Right Center Midfield'}, 'teammate': True}, {'location': [116.9, 60.3], 'player': {'id': 417067, 'name': 'Infren David da Conceição Matola'}, 'position': {'id': 2, 'name': 'Right Back'}, 'teammate': True}, {'location': [111.6, 48.8], 'player': {'id': 106068, 'name': 'Gildo Lourenço Vilanculos'}, 'position': {'id': 15, 'name': 'Left Center Midfield'}, 'teammate': True}, {'location': [109.9, 40.4], 'player': {'id': 127547, 'name': 'Stanley Ratifo'}, 'position': {'id': 24, 'name': 'Left Center Forward'}, 'teammate': True}, {'location': [112.0, 33.9], 'player': {'id': 136069, 'name': 'Shaquille Momad Nangy'}, 'position': {'id': 10, 'name': 'Center Defensive Midfield'}, 'teammate': True}, {'location': [96.5, 23.7], 'player': {'id': 106070, 'name': 'Bruno Alberto Langa'}, 'position': {'id': 6, 'name': 'Left Back'}, 'teammate': True}, {'location': [104.2, 40.0], 'player': {'id': 3250, 'name': 'Edson André Sitoe'}, 'position': {'id': 3, 'name': 'Right Center Back'}, 'teammate': True}]",,Wayward,0.02582498,Half Volley,Open Play,,,,,,Mozambique,4978,00:47:26.417,Shot,
,,,,,,,,,,,,,,,,,1.281505,,,,,,,,,,,,,,,b19a9467-b041-4588-b46d-604da5c23492,2541,,"[111.0, 41.0]",3920410,93,,,,,,,,,,,,,,,,,,,,,,,,,2,From Corner,Reinildo Isnard Mandava,10848.0,Left Center Back,149,Mozambique,4978,"['821e80d7-1384-4a00-8713-0db7a96346f4', '300bc3f3-fe21-476b-ba49-d066bf60c1ab']",6,True,Head,"[120.0, 43.7, 2.0]",,"[{'location': [112.4, 40.6], 'player': {'id': 3347, 'name': 'André Ayew Pelé'}, 'position': {'id': 23, 'name': 'Center Forward'}, 'teammate': False}, {'location': [118.1, 36.8], 'player': {'id': 45047, 'name': 'Alidu Seidu'}, 'position': {'id': 7, 'name': 'Right Wing Back'}, 'teammate': False}, {'location': [116.4, 35.7], 'player': {'id': 6393, 'name': 'Iñaki Williams Arthuer'}, 'position': {'id': 18, 'name': 'Right Attacking Midfield'}, 'teammate': False}, {'location': [114.2, 33.1], 'player': {'id': 30519, 'name': 'Mohamed Salisu'}, 'position': {'id': 5, 'name': 'Left Center Back'}, 'teammate': False}, {'location': [114.4, 35.7], 'player': {'id': 24087, 'name': 'Iddrisu Baba Mohammed'}, 'position': {'id': 11, 'name': 'Left Defensive Midfield'}, 'teammate': False}, {'location': [113.7, 37.3], 'player': {'id': 23615, 'name': 'Gideon Mensah'}, 'position': {'id': 8, 'name': 'Left Wing Back'}, 'teammate': False}, {'location': [112.7, 38.0], 'player': {'id': 3709, 'name': 'Daniel Amartey'}, 'position': {'id': 3, 'name': 'Right Center Back'}, 'teammate': False}, {'location': [115.4, 41.7], 'player': {'id': 2989, 'name': 'Alexander Djiku'}, 'position': {'id': 4, 'name': 'Center Back'}, 'teammate': False}, {'location': [118.8, 40.5], 'player': {'id': 68757, 'name': 'Richard Ofori Antwi'}, 'position': {'id': 1, 'name': 'Goalkeeper'}, 'teammate': False}, {'location': [115.5, 33.3], 'player': {'id': 127547, 'name': 'Stanley Ratifo'}, 'position': {'id': 24, 'name': 'Left Center Forward'}, 'teammate': True}, {'location': [117.5, 34.2], 'player': {'id': 106074, 'name': 'Elias Gaspar Pelembe'}, 'position': {'id': 19, 'name': 'Center Attacking Midfield'}, 'teammate': True}, {'location': [114.2, 30.2], 'player': {'id': 106068, 'name': 'Gildo Lourenço Vilanculos'}, 'position': {'id': 15, 'name': 'Left Center Midfield'}, 'teammate': True}, {'location': [111.7, 38.3], 'player': {'id': 3250, 'name': 'Edson André Sitoe'}, 'position': {'id': 3, 'name': 'Right Center Back'}, 'teammate': True}, {'location': [95.5, 33.4], 'player': {'id': 106070, 'name': 'Bruno Alberto Langa'}, 'position': {'id': 6, 'name': 'Left Back'}, 'teammate': True}, {'location': [112.2, 48.6], 'player': {'id': 417068, 'name': 'João José Jone Bonde'}, 'position': {'id': 13, 'name': 'Right Center Midfield'}, 'teammate': True}, {'location': [112.7, 41.9], 'player': {'id': 136069, 'name': 'Shaquille Momad Nangy'}, 'position': {'id': 10, 'name': 'Center Defensive Midfield'}, 'teammate': True}, {'location': [111.2, 41.6], 'player': {'id': 31029, 'name': 'Salis Abdul Samed'}, 'position': {'id': 9, 'name': 'Right Defensive Midfield'}, 'teammate': False}, {'location': [111.0, 44.9], 'player': {'id': 3450, 'name': 'Jordan Ayew'}, 'position': {'id': 20, 'name': 'Left Attacking Midfield'}, 'teammate': False}]",c5f9ff51-e32c-406b-b8fd-cb26c0a1fecf,Goal,0.060648117,Normal,Open Play,,,,,,Mozambique,4978,00:48:06.195,Shot,True
,,,,,,,,,,,,,,,,,0.483044,,,,,,,,,,,,,,,04193311-3485-4a87-80dd-888b1dd68e8d,2583,,"[89.0, 48.9]",3920410,95,,,,,,,,,,,,,,,,,,,,,,,,,2,From Free Kick,Infren David da Conceição Matola,417067.0,Right Back,152,Mozambique,4978,"['29652c12-8fe4-40f0-8117-97ab3a20478f', 'd53912ed-37fd-414e-9c13-bedc4c26f07e']",40,,Right Foot,"[103.5, 45.9]",,"[{'location': [118.0, 42.0], 'player': {'id': 68757, 'name': 'Richard Ofori Antwi'}, 'position': {'id': 1, 'name': 'Goalkeeper'}, 'teammate': False}, {'location': [83.0, 59.8], 'player': {'id': 3450, 'name': 'Jordan Ayew'}, 'position': {'id': 20, 'name': 'Left Attacking Midfield'}, 'teammate': False}, {'location': [84.3, 16.8], 'player': {'id': 45047, 'name': 'Alidu Seidu'}, 'position': {'id': 7, 'name': 'Right Wing Back'}, 'teammate': False}, {'location': [93.8, 47.9], 'player': {'id': 31029, 'name': 'Salis Abdul Samed'}, 'position': {'id': 9, 'name': 'Right Defensive Midfield'}, 'teammate': False}, {'location': [100.3, 58.9], 'player': {'id': 23615, 'name': 'Gideon Mensah'}, 'position': {'id': 8, 'name': 'Left Wing Back'}, 'teammate': False}, {'location': [104.1, 45.8], 'player': {'id': 30519, 'name': 'Mohamed Salisu'}, 'position': {'id': 5, 'name': 'Left Center Back'}, 'teammate': False}, {'location': [98.2, 30.1], 'player': {'id': 6393, 'name': 'Iñaki Williams Arthuer'}, 'position': {'id': 18, 'name': 'Right Attacking Midfield'}, 'teammate': False}, {'location': [101.4, 37.8], 'player': {'id': 24087, 'name': 'Iddrisu Baba Mohammed'}, 'position': {'id': 11, 'name': 'Left Defensive Midfield'}, 'teammate': False}, {'location': [105.4, 39.5], 'player': {'id': 2989, 'name': 'Alexander Djiku'}, 'position': {'id': 4, 'name': 'Center Back'}, 'teammate': False}, {'location': [105.0, 32.9], 'player': {'id': 3709, 'name': 'Daniel Amartey'}, 'position': {'id': 3, 'name': 'Right Center Back'}, 'teammate': False}, {'location': [99.2, 68.4], 'player': {'id': 127300, 'name': 'Geny Cipriano Catamo'}, 'position': {'id': 22, 'name': 'Right Center Forward'}, 'teammate': True}, {'location': [102.9, 43.5], 'player': {'id': 136069, 'name': 'Shaquille Momad Nangy'}, 'position': {'id': 10, 'name': 'Center Defensive Midfield'}, 'teammate': True}, {'location': [104.1, 38.0], 'player': {'id': 127547, 'name': 'Stanley Ratifo'}, 'position': {'id': 24, 'name': 'Left Center Forward'}, 'teammate': True}, {'location': [104.1, 27.4], 'player': {'id': 106068, 'name': 'Gildo Lourenço Vilanculos'}, 'position': {'id': 15, 'name': 'Left Center Midfield'}, 'teammate': True}, {'location': [100.6, 12.6], 'player': {'id': 106070, 'name': 'Bruno Alberto Langa'}, 'position': {'id': 6, 'name': 'Left Back'}, 'teammate': True}, {'location': [79.8, 32.3], 'player': {'id': 10848, 'name': 'Reinildo Isnard Mandava'}, 'position': {'id': 5, 'name': 'Left Center Back'}, 'teammate': True}, {'location': [82.7, 43.5], 'player': {'id': 417068, 'name': 'João José Jone Bonde'}, 'position': {'id': 13, 'name': 'Right Center Midfield'}, 'teammate': True}]",,Blocked,0.019594248,Normal,Open Play,,,,,,Mozambique,4978,00:50:40.223,Shot,
,,,,,,,,,,,,,,,,,1.547119,,,,,,,,,,,,,,,ecaeb2b0-93fd-409f-b680-a96b1c3b1808,2591,,"[106.5, 37.7]",3920410,95,,,,,,,,,,,,,,,,,,,,,,,,,2,From Free Kick,Gildo Lourenço Vilanculos,106068.0,Left Center Midfield,152,Mozambique,4978,['e46ef5d0-0327-400d-b6d3-51425341b898'],49,,Head,"[120.0, 22.1, 0.7]",,"[{'location': [106.4, 48.2], 'player': {'id': 23615, 'name': 'Gideon Mensah'}, 'position': {'id': 8, 'name': 'Left Wing Back'}, 'teammate': False}, {'location': [107.3, 42.8], 'player': {'id': 30519, 'name': 'Mohamed Salisu'}, 'position': {'id': 5, 'name': 'Left Center Back'}, 'teammate': False}, {'location': [107.2, 39.3], 'player': {'id': 2989, 'name': 'Alexander Djiku'}, 'position': {'id': 4, 'name': 'Center Back'}, 'teammate': False}, {'location': [106.3, 35.0], 'player': {'id': 3709, 'name': 'Daniel Amartey'}, 'position': {'id': 3, 'name': 'Right Center Back'}, 'teammate': False}, {'location': [97.7, 32.8], 'player': {'id': 31029, 'name': 'Salis Abdul Samed'}, 'position': {'id': 9, 'name': 'Right Defensive Midfield'}, 'teammate': False}, {'location': [95.7, 24.2], 'player': {'id': 6393, 'name': 'Iñaki Williams Arthuer'}, 'position': {'id': 18, 'name': 'Right Attacking Midfield'}, 'teammate': False}, {'location': [101.7, 28.5], 'player': {'id': 24087, 'name': 'Iddrisu Baba Mohammed'}, 'position': {'id': 11, 'name': 'Left Defensive Midfield'}, 'teammate': False}, {'location': [99.2, 22.2], 'player': {'id': 45047, 'name': 'Alidu Seidu'}, 'position': {'id': 7, 'name': 'Right Wing Back'}, 'teammate': False}, {'location': [117.7, 39.6], 'player': {'id': 68757, 'name': 'Richard Ofori Antwi'}, 'position': {'id': 1, 'name': 'Goalkeeper'}, 'teammate': False}, {'location': [102.4, 64.7], 'player': {'id': 127300, 'name': 'Geny Cipriano Catamo'}, 'position': {'id': 22, 'name': 'Right Center Forward'}, 'teammate': True}, {'location': [87.8, 25.9], 'player': {'id': 417068, 'name': 'João José Jone Bonde'}, 'position': {'id': 13, 'name': 'Right Center Midfield'}, 'teammate': True}, {'location': [107.0, 46.9], 'player': {'id': 136069, 'name': 'Shaquille Momad Nangy'}, 'position': {'id': 10, 'name': 'Center Defensive Midfield'}, 'teammate': True}, {'location': [106.4, 44.1], 'player': {'id': 127547, 'name': 'Stanley Ratifo'}, 'position': {'id': 24, 'name': 'Left Center Forward'}, 'teammate': True}, {'location': [91.3, 22.4], 'player': {'id': 106074, 'name': 'Elias Gaspar Pelembe'}, 'position': {'id': 19, 'name': 'Center Attacking Midfield'}, 'teammate': True}, {'location': [95.1, 18.0], 'player': {'id': 106070, 'name': 'Bruno Alberto Langa'}, 'position': {'id': 6, 'name': 'Left Back'}, 'teammate': True}]",655f6934-b304-4f5e-8bb9-560bdb77987b,Off T,0.06696319,Normal,Open Play,,,,,,Mozambique,4978,00:50:49.136,Shot,
,,,,,,,,,,,,,,,,,0.0,,,,,,,,,Right Hand,,Touched Out,Set,Standing,Shot Saved,fc14cede-8862-4731-b166-db679ef9dfa9,32,,"[1.5, 40.5]",3920410,0,,,,,,,,,,,,,,,,,,,,,,,,,1,From Throw In,Ivane Carminio Francisco Urrubal,161718.0,Goalkeeper,3,Ghana,4885,['0cecb954-7ee5-4c5b-994a-f803f47b1041'],26,,,,,,,,,,,,,,,,Mozambique,4978,00:00:26.507,Goal Keeper,
,,,,,,,,,,,,,,,,,0.0,,,,,,,,,,,No Touch,Set,Standing,Penalty Conceded,14d40727-2e24-495c-9ec7-3c83523e7101,422,,"[1.0, 40.0]",3920410,14,,,,,,,,,,,,,,,,,,,,,,,,,1,Other,Ivane Carminio Francisco Urrubal,161718.0,Goalkeeper,24,Ghana,4885,['32894db0-8d24-4e57-92a8-78a0652b6f98'],49,,,,,,,,,,,,,,,,Mozambique,4978,00:14:49.381,Goal Keeper,
,,,,,,,,,,,,,,,,,0.0,,,,,,,,,,,Claim,,,Keeper Sweeper,fce2fdb4-7f4d-42fa-b96c-2ace096728f8,714,,"[12.7, 37.8]",3920410,24,,,,,,,,,,,,,,,,,,,,,,,,,1,From Keeper,Richard Ofori Antwi,68757.0,Goalkeeper,42,Ghana,4885,['382dab27-983b-4cdb-b083-49f80dbe415e'],37,,,,,,,,,,,,,,,,Ghana,4885,00:24:37.590,Goal Keeper,
,,,,,,,,,,,,,,,,,0.0,,,,,,,,,,"[1.5, 41.8]",,Set,,Shot Faced,9be9b3d3-19a9-4a90-9676-f7dec29896e3,1199,,"[1.5, 41.8]",3920410,41,,,,,,,,,,,,,,,,,,,,,,,,,1,Regular Play,Richard Ofori Antwi,68757.0,Goalkeeper,69,Mozambique,4978,['048e4173-2699-4bda-a241-1aa27dc2da19'],43,,,,,,,,,,,,,,,,Ghana,4885,00:41:43.421,Goal Keeper,
,,,,,,,,,,,,,,,,,0.0,,,,,,,,,,,Claim,,,Keeper Sweeper,408195c0-5515-4be1-98a4-fc558ccb25ca,1266,,"[6.4, 56.5]",3920410,43,,,,,,,,,,,,,,,,,,,,,,,,,1,From Keeper,Richard Ofori Antwi,68757.0,Goalkeeper,73,Ghana,4885,['7d0b947a-2e0f-4be1-b3b1-45919aa5b1c7'],58,,,,,,,,,,,,,,,,Ghana,4885,00:43:58.937,Goal Keeper,
,,,,,,,,,,,,,,,,,0.0,,,,,,,,,,"[2.6, 39.4]",,Set,,Shot Faced,c44575d9-d394-4db5-b24e-5039daa13ad0,1407,,"[2.6, 39.4]",3920410,48,,,,,,,,,,,,,,,,,,,,,,,,,1,Regular Play,Ivane Carminio Francisco Urrubal,161718.0,Goalkeeper,79,Ghana,4885,['ef22d437-d459-449f-98ea-1ee43cc0c461'],43,,,,,,,,,,,,,,,,Mozambique,4978,00:48:43.604,Goal Keeper,
,,,,,,,,,,,,,,,,,0.0,,,,,,,,,,"[3.4, 40.2]",,Set,,Shot Faced,47a45915-0e9e-4efc-86dc-6b5e90854b4f,1498,,"[3.4, 40.2]",3920410,45,,,,,,,,,,,,,,,,,,,,,,,,,2,From Kick Off,Ivane Carminio Francisco Urrubal,161718.0,Goalkeeper,82,Ghana,4885,['b3649b4a-d179-44a6-b97a-b6237e2920ac'],20,,,,,,,,,,,,,,,,Mozambique,4978,00:00:20.398,Goal Keeper,
,,,,,,,,,,,,,,,,,0.0,,,,,,,,,,,In Play Danger,,,Punch,fc09c3e7-169d-40ee-8dc3-3ae9fce3bde8,1555,,"[3.5, 39.1]",3920410,47,,,,,,,,,,,,,,,,,,,,,,,,,2,From Throw In,Richard Ofori Antwi,68757.0,Goalkeeper,86,Mozambique,4978,['1ebc429e-2ea5-4f90-9999-ee6147d770b0'],4,,,,,,,,,,,,,,,,Ghana,4885,00:02:04.460,Goal Keeper,
,,,,,,,,,,,,,,,,,0.0,,,,,,,,,,"[2.8, 40.4]",,Set,,Shot Faced,1bcd65d0-bc50-47b0-ad90-d4612e24c5bc,1564,,"[2.8, 40.4]",3920410,47,,,,,,,,,,,,,,,,,,,,,,,,,2,From Throw In,Richard Ofori Antwi,68757.0,Goalkeeper,86,Mozambique,4978,['e680b0b1-95d0-4e60-8542-934b173a58a1'],12,,,,,,,,,,,,,,,,Ghana,4885,00:02:12.890,Goal Keeper,
,,,,,,,,,,,,,,,,,0.0,,,,,,,,,Right Foot,,Saved Twice,Set,Standing,Shot Saved,e32f3f61-e3e8-40e2-abc4-63c6155ab7d2,1605,,"[2.1, 41.3]",3920410,49,,,,,,,,,,,,,,,,,,,,,,,,,2,From Free Kick,Richard Ofori Antwi,68757.0,Goalkeeper,89,Mozambique,4978,['f314624d-7c12-4ae7-9937-7cb03e583476'],1,,,,,,,,,,,,,,,,Ghana,4885,00:04:01.770,Goal Keeper,
,,,,,,,,,,,,,,,,,0.0,,,,,,,,,,"[2.2, 36.4]",,Set,,Shot Faced,65cac3ae-0d49-492e-a848-185a29715651,1765,,"[2.2, 36.4]",3920410,53,,,,,,,,,,,,,,,,,,,,,,,,,2,From Free Kick,Richard Ofori Antwi,68757.0,Goalkeeper,98,Mozambique,4978,['cdcab42c-b76d-4f6f-bcdc-bd26396404e5'],18,,,,,,,,,,,,,,,,Ghana,4885,00:08:18.057,Goal Keeper,
,,,,,,,,,,,,,,,,,0.0,,,,,,,,,,,In Play Danger,,,Punch,04e85b04-310c-4152-a042-ad5dddcf0175,1767,,"[6.8, 40.1]",3920410,54,,,,,,,,,,,,,,,,,,,,,,,,,2,From Corner,Richard Ofori Antwi,68757.0,Goalkeeper,99,Mozambique,4978,['72aab22e-bbe8-460e-9ba1-3555ee8ae11d'],0,,,,,,,,,,,,,,,,Ghana,4885,00:09:00.166,Goal Keeper,
,,,,,,,,,,,,,,,,,0.0,,,,,,,,,Both Hands,,Success,Moving,Standing,Shot Saved,09198dce-a2c8-439a-accc-1582db9666e1,1770,,"[5.3, 40.0]",3920410,54,,,,,,,,,,,,,,,,,,,,,,,,,2,Regular Play,Richard Ofori Antwi,68757.0,Goalkeeper,100,Ghana,4885,['eaa6dcb0-6c64-470b-bff6-a8240a963b7e'],1,,,,,,,,,,,,,,,,Ghana,4885,00:09:01.851,Goal Keeper,
,,,,,,,,,,,,,,,,,0.0,,,,,,,,,,,Success,,,Collected,dd1d59a0-5806-4729-a613-1ac9e2801adc,1785,,"[2.7, 42.2]",3920410,55,,,,,,,,,,,,,,,,,,,,,,,,,2,From Keeper,Ivane Carminio Francisco Urrubal,161718.0,Goalkeeper,103,Mozambique,4978,['d414227b-e2d5-4d63-8074-5414acf08416'],48,,,,,,,,,,,,,,,,Mozambique,4978,00:10:48.747,Goal Keeper,
,,,,,,,,,,,,,,,,,0.0,,,,,,,,,,"[3.6, 39.1]",,Set,,Shot Faced,1ede87ec-f2f1-430e-9634-f38130611f1f,1833,,"[3.6, 39.1]",3920410,57,,,,,,,,,,,,,,,,,,,,,,,,,2,From Throw In,Ivane Carminio Francisco Urrubal,161718.0,Goalkeeper,106,Ghana,4885,['e3c5a5ec-d653-4ed5-bdaa-a71814905d56'],22,,,,,,,,,,,,,,,,Mozambique,4978,00:12:22.412,Goal Keeper,
,,,,,,,,,,,,,,,,,0.0,,,,,,,,,,,In Play Danger,,,Punch,d09fa466-b015-481e-a3d5-f6966d53fe46,1962,,"[3.8, 39.1]",3920410,60,,,,,,,,,,,,,,,,,,,,,,,,,2,From Corner,Richard Ofori Antwi,68757.0,Goalkeeper,110,Mozambique,4978,['8a3bcb01-21c8-49d1-b020-d651c284a587'],53,,,,,,,,,,,,,,,,Ghana,4885,00:15:53.064,Goal Keeper,
,,,,,,,,,,,,,,,,,0.0,,,,,,,,,,"[4.9, 35.6]",,Moving,,Shot Faced,4e2e5403-5e66-4fae-934e-392dea1545d6,1965,,"[4.9, 35.6]",3920410,60,,,,,,,,,,,,,,,,,,,,,,,,,2,From Corner,Richard Ofori Antwi,68757.0,Goalkeeper,110,Mozambique,4978,['29685265-dc80-410b-a155-052552462aba'],54,,,,,,,,,,,,,,,,Ghana,4885,00:15:54.646,Goal Keeper,
,,,,,,,,,,,,,,,,,0.0,,,,,,,,,,"[1.4, 39.6]",,Set,,Shot Faced,c924530b-b6ef-4bdb-a763-4ca324fab483,2055,,"[1.4, 39.6]",3920410,65,,,,,,,,,,,,,,,,,,,,,,,,,2,Regular Play,Ivane Carminio Francisco Urrubal,161718.0,Goalkeeper,117,Ghana,4885,['b4b4da6b-ac4f-42ea-a658-969bdc3b0c3f'],35,,,,,,,,,,,,,,,,Mozambique,4978,00:20:35.720,Goal Keeper,
,,,,,,,,,,,,,,,,,0.0,,,,,,,,,,,No Touch,Set,Standing,Penalty Conceded,f9cd2450-adcd-4cee-9f66-fe4c10af3a50,2059,,"[1.0, 40.0]",3920410,69,,,,,,,,,,,,,,,,,,,,,,,,,2,Other,Ivane Carminio Francisco Urrubal,161718.0,Goalkeeper,118,Ghana,4885,['c3b1dd9d-a436-4e69-9fb8-3f18449c9038'],10,,,,,,,,,,,,,,,,Mozambique,4978,00:24:10.414,Goal Keeper,
,,,,,,,,,,,,,,,,,0.0,,,,,,,,,,"[4.0, 39.4]",,Set,,Shot Faced,3321d899-f31f-4096-b562-4ef771db25a2,2076,,"[4.0, 39.4]",3920410,71,,,,,,,,,,,,,,,,,,,,,,,,,2,From Corner,Richard Ofori Antwi,68757.0,Goalkeeper,120,Mozambique,4978,['8761a66b-6347-41ef-bbe8-ad805b0805a8'],42,,,,,,,,,,,,,,,,Ghana,4885,00:26:42.937,Goal Keeper,
,,,,,,,,,,,,,,,,,0.0,,,,,,,,,,"[2.2, 38.7]",,Set,,Shot Faced,cd2f58c2-3ca5-4f2f-9da6-2db2136bea6c,2136,,"[2.2, 38.7]",3920410,74,,,,,,,,,,,,,,,,,,,,,,,,,2,From Free Kick,Richard Ofori Antwi,68757.0,Goalkeeper,123,Mozambique,4978,['94cc27da-6953-4ad9-95f1-10b2ca77c3dc'],26,,,,,,,,,,,,,,,,Ghana,4885,00:29:26.283,Goal Keeper,
,,,,,,,,,,,,,,,,,0.0,,,,,,,,,Both Hands,,Success,Set,Standing,Shot Saved,f82027e1-77a0-4cee-bb97-55b8a6c9a01f,2332,,"[0.9, 40.0]",3920410,84,,,,,,,,,,,,,,,,,,,,,,,,,2,Regular Play,Ivane Carminio Francisco Urrubal,161718.0,Goalkeeper,135,Mozambique,4978,['8064405a-a6c6-4ef8-97e1-e66769a6eab3'],22,,,,,,,,,,,,,,,,Mozambique,4978,00:39:22.937,Goal Keeper,
,,,,,,,,,,,,,,,,,0.0,,,,,,,,,,,No Touch,Set,Standing,Penalty Conceded,a22ae903-27c1-4a6e-8c36-572b9af45965,2495,,"[1.0, 40.0]",3920410,90,,,,,,,,,,,,,,,,,,,,,,,,,2,Other,Richard Ofori Antwi,68757.0,Goalkeeper,144,Mozambique,4978,['b39784de-a261-4ca9-a905-7e1c8324ba78'],38,,,,,,,,,,,,,,,,Ghana,4885,00:45:38.990,Goal Keeper,
,,,,,,,,,,,,,,,,,0.0,,,,,,,,,,"[1.8, 38.4]",,Set,,Shot Faced,31d9b369-9e4c-44d3-a88a-762fec9bfcc2,2526,,"[1.8, 38.4]",3920410,92,,,,,,,,,,,,,,,,,,,,,,,,,2,From Throw In,Richard Ofori Antwi,68757.0,Goalkeeper,147,Mozambique,4978,['314479e3-0885-42ee-baae-a4b4851c43ea'],11,,,,,,,,,,,,,,,,Ghana,4885,00:47:11.162,Goal Keeper,
,,,,,,,,,,,,,,,,,0.0,,,,,,,,,,"[1.5, 39.7]",,Set,,Shot Faced,40d5a1a0-3e1b-414d-9f82-95182e978686,2536,,"[1.5, 39.7]",3920410,92,,,,,,,,,,,,,,,,,,,,,,,,,2,From Corner,Richard Ofori Antwi,68757.0,Goalkeeper,148,Mozambique,4978,['aa8357ba-3421-4bd8-b6e8-6b9992c27b3d'],28,,,,,,,,,,,,,,,,Ghana,4885,00:47:28.338,Goal Keeper,
,,,,,,,,,,,,,,,,,0.0,,,,,,,,,,,No Touch,Set,Standing,Goal Conceded,300bc3f3-fe21-476b-ba49-d066bf60c1ab,2542,,"[1.3, 39.6]",3920410,93,,,,,,,,,,,,,,,,,,,,,,,,,2,From Corner,Richard Ofori Antwi,68757.0,Goalkeeper,149,Mozambique,4978,['b19a9467-b041-4588-b46d-604da5c23492'],7,,,,,,,,,,,,,,,,Ghana,4885,00:48:07.476,Goal Keeper,
,,,,,,,,,,,,,,,,,0.0,,,,,,,,,,"[2.1, 38.1]",,Set,,Shot Faced,d53912ed-37fd-414e-9c13-bedc4c26f07e,2585,,"[2.1, 38.1]",3920410,95,,,,,,,,,,,,,,,,,,,,,,,,,2,From Free Kick,Richard Ofori Antwi,68757.0,Goalkeeper,152,Mozambique,4978,['04193311-3485-4a87-80dd-888b1dd68e8d'],40,,,,,,,,,,,,,,,,Ghana,4885,00:50:40.786,Goal Keeper,
,,,,,,,,,,,,,,,,,0.0,,,,,,,,,,"[2.4, 40.5]",,Set,,Shot Faced,e46ef5d0-0327-400d-b6d3-51425341b898,2592,,"[2.4, 40.5]",3920410,95,,,,,,,,,,,,,,,,,,,,,,,,,2,From Free Kick,Richard Ofori Antwi,68757.0,Goalkeeper,152,Mozambique,4978,['ecaeb2b0-93fd-409f-b680-a96b1c3b1808'],50,,,,,,,,,,,,,,,,Ghana,4885,00:50:50.683,Goal Keeper,
,,,,,,,,,,,,,,,,Aerial Lost,0.0,,,,,,,,,,,,,,,6a4b605c-95dc-4252-b4fb-defef8edcff6,35,,"[114.5, 50.2]",3920410,1,,,,,,,,,,,,,,,,,,,,,,,,,1,From Corner,Gideon Mensah,23615.0,Left Back,4,Ghana,4885,['e5bc1f2f-d5b7-4c8b-b058-a8fcfe217589'],29,,,,,,,,,,,,,,,,Ghana,4885,00:01:29.918,Duel,True
,,,,,,,,,,,,,,,,Aerial Lost,0.0,,,,,,,,,,,,,,,8f98686a-dc16-451a-b4ff-665b1c0cc2b0,46,,"[109.0, 46.8]",3920410,1,,,,,,,,,,,,,,,,,,,,,,,,,1,From Corner,Antoine Semenyo,9286.0,Center Forward,4,Ghana,4885,['2568a674-604c-4c66-a3e3-7d79b55ad1d6'],42,,,,,,,,,,,,,,,,Ghana,4885,00:01:42.748,Duel,True
,,,,,,,,,,,,,,,,Aerial Lost,0.0,,,,,,,,,,,,,,,0c3937df-5027-4302-a021-6c2d4903c78c,66,,"[70.3, 66.1]",3920410,2,,,,,,,,,,,,,,,,,,,,,,,,,1,From Throw In,Joseph Paintsil,16546.0,Right Wing,5,Ghana,4885,['9e7b0fa9-d977-4102-a512-a7714906bb55'],38,,,,,,,,,,,,,,,,Ghana,4885,00:02:38.545,Duel,True
,,,,,,,,,,,,,,,Won,Tackle,0.0,,,,,,,,,,,,,,,a0386fbe-fae9-4306-ab9b-1e51dfc55d79,118,,"[20.0, 49.7]",3920410,3,,,,,,,,,,,,,,,,,,,,,,,,,1,Regular Play,Feliciano João Jone,129475.0,Left Defensive Midfield,7,Mozambique,4978,['6eda097a-ce4a-46c1-93d2-49eca343f204'],39,,,,,,,,,,,,,,,,Mozambique,4978,00:03:39.433,Duel,True
,,,,,,,,,,,,,,,Won,Tackle,0.0,,,,,,,,,,,,,,,e5db9c74-6d7a-4653-8e52-4fdf60961cdb,175,,"[48.4, 63.1]",3920410,4,,,,,,,,,,,,,,,,,,,,,,,,,1,Regular Play,Denis Odoi,12259.0,Right Back,7,Mozambique,4978,['23bbbbe1-8a0d-4f9d-a0d6-e7d123bcbebd'],35,,,,,,,,,,,,,,,,Ghana,4885,00:04:35.483,Duel,True
,,,,,,,,,,,True,,,,Won,Tackle,0.0,,,,,,,,,,,,,,,bf409e9d-f8ce-43b3-8484-8f459b4397a6,229,,"[67.3, 13.3]",3920410,6,,,,,,,,,,,,,,,,,,,,,,,,,1,Regular Play,Jordan Ayew,3450.0,Left Wing,12,Ghana,4885,['7293d74e-3a51-4bfe-8177-9aa50f75579e'],40,,,,,,,,,,,,,,,,Ghana,4885,00:06:40.726,Duel,True
,,,,,,,,,,,,,,,Won,Tackle,0.0,,,,,,,,,,,,,,,ad3dfa8c-fc7c-41c0-8ee0-58261e2f4f24,288,,"[32.1, 6.7]",3920410,8,,,,,,,,,,,,,,,,,,,,,,,,,1,From Free Kick,Gideon Mensah,23615.0,Left Back,15,Mozambique,4978,['64e2ddf9-6a0e-44ea-ba82-6eec05aac7b4'],16,,,,,,,,,,,,,,,,Ghana,4885,00:08:16.510,Duel,True
,,,,,,,,,,,True,,,,Success In Play,Tackle,0.0,,,,,,,,,,,,,,,82bfd915-7454-430f-aefd-b0eabf6dadb3,296,,"[57.2, 68.8]",3920410,8,,,,,,,,,,,,,,,,,,,,,,,,,1,From Free Kick,Alfons Amade,23706.0,Right Defensive Midfield,15,Mozambique,4978,['b88a40ec-342b-45d9-b55f-bd1b28e9d11a'],21,,,,,,,,,,,,,,,,Mozambique,4978,00:08:21.503,Duel,True
,,,,,,,,,,,,,,,,Aerial Lost,0.0,,,,,,,,,,,,,,,67175a8f-c125-477b-ae9a-cdd1fdcbcbd1,327,,"[57.5, 20.4]",3920410,9,,,,,,,,,,,,,,,,,,,,,,,,,1,From Free Kick,Antoine Semenyo,9286.0,Center Forward,17,Mozambique,4978,['04b91cc5-7e62-4aec-9ddc-73fd5609bfad'],53,,,,,,,,,,,,,,,,Ghana,4885,00:09:53.269,Duel,True
,,,,,,,,,,,,,,,Lost Out,Tackle,0.0,,,,,,,,,,,,,,,590791f8-5a8f-4295-aea5-e38da0ae2c2d,340,,"[36.5, 76.0]",3920410,10,,,,,,,,,,,,,,,,,,,,,,,,,1,From Throw In,Ricardo Martins Guimarães,29482.0,Center Attacking Midfield,18,Ghana,4885,['c8f04b48-4bb2-4399-9f0e-c32fe4ea6816'],13,,,,,,,,,,,,,,,,Mozambique,4978,00:10:13.630,Duel,True
,,,,,,,,,,,,,,,,Aerial Lost,0.0,,,,,,,,,,,,,,,b0537242-5c9b-4a61-8ee3-1e00feede457,351,,"[67.4, 75.7]",3920410,11,,,,,,,,,,,,,,,,,,,,,,,,,1,From Throw In,Pachoio Lau Há King,106082.0,Center Forward,21,Mozambique,4978,['a827c832-c8a4-4616-999b-0ca1abd410d1'],3,,,,,,,,,,,,,,,,Mozambique,4978,00:11:03.179,Duel,True
,,,,,,,,,,,True,,,,,Aerial Lost,0.519999,,,,,,,,,,,,,,,1661e7b7-6943-4a83-8cad-3e85488c2e74,433,,"[37.1, 62.2]",3920410,16,,,,,,,,,,,,,,,,,,,,,,,,,1,From Kick Off,Alfons Amade,23706.0,Right Defensive Midfield,25,Mozambique,4978,['d0bb89b6-4e7f-4c81-a48a-acc64e156ba0'],8,,,,,,,,,,,,,,,,Mozambique,4978,00:16:08.280,Duel,True
,,,,,,,,,,,True,,,,Lost In Play,Tackle,0.0,,,,,,,,,,,,,,,ea897a89-8189-4794-9de5-e39268272348,512,,"[85.3, 16.1]",3920410,19,,,,,,,,,,,,,,,,,,,,,,,,,1,Regular Play,Antoine Semenyo,9286.0,Center Forward,32,Mozambique,4978,['459d447a-1c4a-49db-8f2a-e6df45e0ef5f'],52,,,,,,,,,,,,,,,,Ghana,4885,00:19:52.383,Duel,True
,,,,,,,,,,,,,,,,Aerial Lost,0.0,,,,,,,,,,,,,,,f9a2f773-95dc-4b89-88be-52ef1309cee9,622,,"[103.7, 24.4]",3920410,22,,,,,,,,,,,,,,,,,,,,,,,,,1,From Goal Kick,Ricardo Martins Guimarães,29482.0,Center Attacking Midfield,36,Mozambique,4978,['8cb335fa-02b3-488a-ab30-78f2373bf9fe'],10,,,,,,,,,,,,,,,,Mozambique,4978,00:22:10.689,Duel,True
,,,,,,,,,,,True,,,,Won,Tackle,0.0,,,,,,,,,,,,,,,2fd695a3-caf9-44c1-8e49-0f2e48447343,694,,"[8.9, 63.1]",3920410,24,,,,,,,,,,,,,,,,,,,,,,,,,1,Regular Play,Geny Cipriano Catamo,127300.0,Right Wing,41,Mozambique,4978,['91fe0d39-72e9-4fb6-a7cd-f855c2d70371'],24,,,,,,,,,,,,,,,,Mozambique,4978,00:24:24.090,Duel,True
,,,,,,,,,,,,,,,,Aerial Lost,0.0,,,,,,,,,,,,,,,a2cb9090-70a9-47ab-bfef-be79c1e6e3aa,718,,"[85.3, 54.1]",3920410,25,,,,,,,,,,,,,,,,,,,,,,,,,1,From Keeper,Antoine Semenyo,9286.0,Center Forward,42,Ghana,4885,['f5766ef6-e91f-48c8-9e19-bbc9fcf24720'],2,,,,,,,,,,,,,,,,Ghana,4885,00:25:02.877,Duel,True
,,,,,,,,,,,True,,,,Won,Tackle,0.0,,,,,,,,,,,,,,,c45ad8ae-1d53-43de-8b65-7c45298f9ab0,820,,"[43.9, 29.9]",3920410,27,,,,,,,,,,,,,,,,,,,,,,,,,1,From Counter,Geny Cipriano Catamo,127300.0,Right Wing,48,Mozambique,4978,['374958fe-4bd6-4bc3-a254-323466c83bcf'],15,,,,,,,,,,,,,,,,Mozambique,4978,00:27:15.690,Duel,True
,,,,,,,,,,,,,,,,Aerial Lost,0.0,,,,,,,,,,,,,,,533185a4-f2ba-43a4-9580-a05e9e663b4b,855,,"[112.0, 39.4]",3920410,29,,,,,,,,,,,,,,,,,,,,,,,,,1,From Throw In,Pachoio Lau Há King,106082.0,Center Forward,52,Mozambique,4978,['2620bead-a1fd-4f3f-81e6-0d0b2773f6db'],17,,,,,,,,,,,,,,,,Mozambique,4978,00:29:17.639,Duel,True
,,,,,,,,,,,,,,,,Aerial Lost,0.0,,,,,,,,,,,,,,,fdb91750-7733-41a2-a203-3380f3ff78fe,857,,"[88.9, 17.7]",3920410,29,,,,,,,,,,,,,,,,,,,,,,,,,1,From Throw In,Ricardo Martins Guimarães,29482.0,Center Attacking Midfield,52,Mozambique,4978,['e7a8de71-5903-48a1-969c-45f29d86d531'],19,,,,,,,,,,,,,,,,Mozambique,4978,00:29:19.194,Duel,True
,,,,,,,,,,,True,,,,Won,Tackle,0.0,,,,,,,,,,,,,,,80440c1a-269a-4748-ba1f-b3567e96ff28,1071,,"[8.2, 52.3]",3920410,38,,,,,,,,,,,,,,,,,,,,,,,,,1,Regular Play,Reinildo Isnard Mandava,10848.0,Left Center Back,63,Mozambique,4978,['200414db-6077-4e47-89b7-96400c5eb192'],20,,,,,,,,,,,,,,,,Mozambique,4978,00:38:20.872,Duel,True
,,,,,,,,,,,,,,,,Aerial Lost,0.0,,,,,,,,,,,,,,,42e5ab9c-8c20-4d36-aa78-d39d8942be30,1107,,"[105.6, 51.2]",3920410,39,,,,,,,,,,,,,,,,,,,,,,,,,1,From Free Kick,Pachoio Lau Há King,106082.0,Center Forward,65,Mozambique,4978,['fa9f45ef-fcb6-4e6a-89de-81a2644a01db'],39,,,,,,,,,,,,,,,,Mozambique,4978,00:39:39.348,Duel,True
,,,,,,,,,,,,,,,Won,Tackle,0.0,,,,,,,,,,,,,,,5749291a-a809-4986-a350-9e54265645ea,1116,,"[11.1, 66.0]",3920410,39,,,,,,,,,,,,,,,,,,,,,,,,,1,From Free Kick,Infren David da Conceição Matola,417067.0,Right Back,65,Mozambique,4978,['04522698-bacb-439e-a5bb-9952813e67df'],54,,,,,,,,,,,,,,,,Mozambique,4978,00:39:54.349,Duel,True
,,,,,,,,,,,True,,,,,Aerial Lost,0.0,,,,,,,,,,,,,,,142b755c-9799-4ba4-8719-c71f2c1d4162,1204,,"[77.5, 45.7]",3920410,42,,,,,,,,,,,,,,,,,,,,,,,,,1,From Goal Kick,Joseph Paintsil,16546.0,Right Wing,70,Ghana,4885,['3837eeca-3003-44a7-9265-77e1f2e3b1f0'],23,,,,,,,,,,,,,,,,Ghana,4885,00:42:23.438,Duel,True
,,,,,,,,,,,,,,,,Aerial Lost,0.0,,,,,,,,,,,,,,,2c1949c2-403e-44e1-919a-21588da96faa,1239,,"[92.1, 13.3]",3920410,43,,,,,,,,,,,,,,,,,,,,,,,,,1,From Throw In,Mohammed Kudus,17033.0,Center Attacking Midfield,72,Mozambique,4978,['9660c92e-d3f6-4539-ab68-aa6e01ed5cbd'],19,,,,,,,,,,,,,,,,Ghana,4885,00:43:19.471,Duel,True
,,,,,,,,,,,True,,,,Won,Tackle,0.0,,,,,,,,,,,,,,,57f5753e-896a-44ec-99f2-a8376f7c0520,1371,,"[33.8, 17.2]",3920410,46,,,,,,,,,,,,,,,,,,,,,,,,,1,Regular Play,Mohammed Kudus,17033.0,Center Attacking Midfield,77,Ghana,4885,['7fda7941-9da0-489f-bd9a-8cf044fb5617'],35,,,,,,,,,,,,,,,,Ghana,4885,00:46:35.844,Duel,True
,,,,,,,,,,,,,,,Lost In Play,Tackle,0.0,,,,,,,,,,,,,,,b8f76ecf-61a3-4e6e-a700-e0cc40a86a74,1375,,"[71.1, 59.0]",3920410,46,,,,,,,,,,,,,,,,,,,,,,,,,1,Regular Play,Ricardo Martins Guimarães,29482.0,Center Attacking Midfield,77,Ghana,4885,['4102b6a5-2846-4c84-9a68-ba55efdc8172'],42,,,,,,,,,,,,,,,,Mozambique,4978,00:46:42.196,Duel,True
,,,,,,,,,,,,,,,,Aerial Lost,0.0,,,,,,,,,,,,,,,d9ebe84a-4dad-4a86-bd84-c0c87cb06fde,1387,,"[86.2, 23.3]",3920410,48,,,,,,,,,,,,,,,,,,,,,,,,,1,From Throw In,Antoine Semenyo,9286.0,Center Forward,78,Mozambique,4978,['21ea3e28-be41-440a-ab45-6b59e54206ce'],28,,,,,,,,,,,,,,,,Ghana,4885,00:48:28.355,Duel,True
,,,,,,,,,,,,,,,Lost In Play,Tackle,0.0,,,,,,,,,,,,,,,159be688-00d2-4013-b1d4-097bcc5f3edd,1548,,"[8.2, 23.6]",3920410,46,,,,,,,,,,,,,,,,,,,,,,,,,2,From Throw In,Mohamed Salisu,30519.0,Left Center Back,86,Mozambique,4978,['9ce119e4-5b4f-4012-880f-73f2bfdb8b73'],59,,,,,,,,,,,,,,,,Ghana,4885,00:01:59.297,Duel,True
,,,,,,,,,,,,,,,,Aerial Lost,0.0,,,,,,,,,,,,,,,9c9b16dc-f1a2-481e-a94d-2dedffe19ab7,1562,,"[9.6, 40.4]",3920410,47,,,,,,,,,,,,,,,,,,,,,,,,,2,From Throw In,Mohamed Salisu,30519.0,Left Center Back,86,Mozambique,4978,['e680b0b1-95d0-4e60-8542-934b173a58a1'],12,,,,,,,,,,,,,,,,Ghana,4885,00:02:12.044,Duel,True
,,,,,,,,,,,,,,,,Aerial Lost,0.0,,,,,,,,,,,,,,,7b573142-fb42-4421-a432-6ac2a2220546,1567,,"[65.1, 9.7]",3920410,47,,,,,,,,,,,,,,,,,,,,,,,,,2,From Goal Kick,Witiness Chimoio João Quembo,10865.0,Left Wing,87,Ghana,4885,['6a1f8bb5-fa8f-43e5-af30-704629d34b2e'],54,,,,,,,,,,,,,,,,Mozambique,4978,00:02:54.214,Duel,True
,,,,,,,,,,,,,,,,Aerial Lost,0.0,,,,,,,,,,,,,,,33b154eb-f340-4ef2-a591-47a70a4388c7,1610,,"[36.1, 9.7]",3920410,49,True,,,,,,,,,,,,,,,,,,,,,,,,2,From Free Kick,Bruno Alberto Langa,106070.0,Left Back,90,Ghana,4885,['68ae465f-24d3-406b-823c-81af3fc8e90e'],42,,,,,,,,,,,,,,,,Mozambique,4978,00:04:42.273,Duel,True
,,,,,,,,,,,,,,,,Aerial Lost,0.0,,,,,,,,,,,,,,,f3d7aaa8-1fe6-46ce-b376-3b337ade8188,1782,,"[9.3, 48.1]",3920410,55,,,,,,,,,,,,,,,,,,,,,,,,,2,From Free Kick,Pachoio Lau Há King,106082.0,Center Forward,102,Ghana,4885,['d414227b-e2d5-4d63-8074-5414acf08416'],46,,,,,,,,,,,,,,,,Mozambique,4978,00:10:46.915,Duel,True
,,,,,,,,,,,,,,,Won,Tackle,0.0,,,,,,,,,,,,,,,6545c5f0-8841-44a3-a071-d1bba84e911c,1899,,"[33.7, 75.9]",3920410,59,,,,,,,,,,,,,,,,,,,,,,,,,2,From Free Kick,Iddrisu Baba Mohammed,24087.0,Right Defensive Midfield,108,Mozambique,4978,['f9e180e4-16de-4208-aa9a-048bf9935d73'],2,,,,,,,,,,,,,,,,Ghana,4885,00:14:02.109,Duel,True
,,,,,,,,,,,,,,,,Aerial Lost,0.0,,,,,,,,,,,,,,,01c0cf1a-2a25-4f1a-b97c-67c1ff0bbc14,1992,,"[102.7, 40.1]",3920410,63,,,,,,,,,,,,,,,,,,,,,,,,,2,From Free Kick,Alfons Amade,23706.0,Right Defensive Midfield,113,Mozambique,4978,['f7b01a99-93d1-4e0f-a845-2deec3482f65'],8,,,,,,,,,,,,,,,,Mozambique,4978,00:18:08.007,Duel,True
,,,,,,,,,,,,,,,Won,Tackle,0.0,,,,,,,,,,,,,,,94423771-5283-41e1-8f0b-dc0b7c16d1ef,2029,,"[8.8, 70.3]",3920410,65,,,,,,,,,,,,,,,,,,,,,,,,,2,From Throw In,Antoine Semenyo,9286.0,Right Wing,115,Mozambique,4978,['99f88c83-ba60-41f4-83d5-e84dfaec6141'],6,,,,,,,,,,,,,,,,Ghana,4885,00:20:06.437,Duel,True
,,,,,,,,,,,,,,,,Aerial Lost,0.0,,,,,,,,,,,,,,,fd1984dd-a1b0-4032-958c-03c9f799848e,2074,,"[6.1, 35.4]",3920410,71,,,,,,,,,,,,,,,,,,,,,,,,,2,From Corner,Mohamed Salisu,30519.0,Left Center Back,120,Mozambique,4978,['8761a66b-6347-41ef-bbe8-ad805b0805a8'],39,,,,,,,,,,,,,,,,Ghana,4885,00:26:39.333,Duel,True
,,,,,,,,,,,,,,,,Aerial Lost,0.0,,,,,,,,,,,,,,,1024109c-d798-4fe6-9156-f1910c2d2c40,2079,,"[62.5, 64.3]",3920410,72,,,,,,,,,,,,,,,,,,,,,,,,,2,From Goal Kick,André Ayew Pelé,3347.0,Center Forward,121,Ghana,4885,['814518a7-0f8e-4ff4-9794-b8ce5f9b905a'],17,,,,,,,,,,,,,,,,Ghana,4885,00:27:17.534,Duel,True
,,,,,,,,,,,,,,,Success In Play,Tackle,0.0,,,,,,,,,,,,,,,fb5b2612-b88f-48e0-9b7f-3318d1a42e3d,2102,,"[28.6, 59.8]",3920410,73,,,,,,,,,,,,,,,,,,,,,,,,,2,From Free Kick,Mohammed Kudus,17033.0,Right Attacking Midfield,122,Mozambique,4978,['3a46881a-5466-42f9-8e5a-16d73acd697d'],8,,,,,,,,,,,,,,,,Ghana,4885,00:28:08.937,Duel,True
,,,,,,,,,,,,,,,,Aerial Lost,0.0,,,,,,,,,,,,,,,678c2b69-9295-43c6-8a7f-b3fd10ba50e5,2113,,"[30.4, 31.5]",3920410,73,,,,,,,,,,,,,,,,,,,,,,,,,2,From Free Kick,Iddrisu Baba Mohammed,24087.0,Left Defensive Midfield,122,Mozambique,4978,['95eba86c-332d-4b20-aa29-7a8cca90471b'],20,,,,,,,,,,,,,,,,Ghana,4885,00:28:20.509,Duel,True
,,,,,,,,,,,,,,,,Aerial Lost,0.0,,,,,,,,,,,,,,,740b43dc-ef4c-40a1-b866-6933e1a29b2c,2134,,"[14.7, 31.5]",3920410,74,,,,,,,,,,,,,,,,,,,,,,,,,2,From Free Kick,Salis Abdul Samed,31029.0,Right Defensive Midfield,123,Mozambique,4978,['94cc27da-6953-4ad9-95f1-10b2ca77c3dc'],25,,,,,,,,,,,,,,,,Ghana,4885,00:29:25.241,Duel,True
,,,,,,,,,,,,,,,,Aerial Lost,0.0,,,,,,,,,,,,,,,91e1bd88-32eb-4783-817c-ef52f53a9f69,2140,,"[64.9, 2.4]",3920410,76,,,,,,,,,,,,,,,,,,,,,,,,,2,From Goal Kick,Jordan Ayew,3450.0,Left Attacking Midfield,124,Ghana,4885,['1712cdb8-fc43-4197-a64f-e8fbb764f99c'],38,,,,,,,,,,,,,,,,Ghana,4885,00:31:38.037,Duel,True
,,,,,,,,,,,,,,,Won,Tackle,0.0,,,,,,,,,,,,,,,e9231c47-3f12-46a1-8d13-d7b6f8a22bae,2148,,"[34.3, 77.9]",3920410,77,,,,,,,,,,,,,,,,,,,,,,,,,2,From Throw In,Geny Cipriano Catamo,127300.0,Right Midfield,125,Ghana,4885,['bc535f5e-4da8-446d-b545-e18ed89691db'],3,,,,,,,,,,,,,,,,Mozambique,4978,00:32:03.648,Duel,True
,,,,,,,,,,,True,,,,Won,Tackle,0.0,,,,,,,,,,,,,,,410671e5-9469-4098-925c-7443eaaec9de,2228,,"[44.8, 15.5]",3920410,78,,,,,,,,,,,,,,,,,,,,,,,,,2,Regular Play,André Ayew Pelé,3347.0,Center Forward,128,Ghana,4885,['decae155-348a-45db-849d-085428809d8c'],53,,,,,,,,,,,,,,,,Ghana,4885,00:33:53.751,Duel,True
,,,,,,,,,,,,,,,Success In Play,Tackle,0.0,,,,,,,,,,,,,,,8c852d9b-8811-4c7a-9053-98b8f17b1048,2353,,"[48.1, 13.1]",3920410,84,,,,,,,,,,,,,,,,,,,,,,,,,2,From Keeper,Iddrisu Baba Mohammed,24087.0,Left Defensive Midfield,136,Mozambique,4978,['7a399434-cb45-4bbc-9f25-1017dcfdba46'],49,,,,,,,,,,,,,,,,Ghana,4885,00:39:49.481,Duel,True
,,,,,,,,,,,,,,,Won,Tackle,0.0,,,,,,,,,,,,,,,a2e512be-f650-488b-ac24-24aacec996fa,2362,,"[4.4, 80.0]",3920410,85,,,,,,,,,,,,,,,,,,,,,,,,,2,From Keeper,Edson André Sitoe,3250.0,Right Center Back,136,Mozambique,4978,['ff60905e-945b-4594-99c9-b5f0037b0449'],4,,,,,,,,,,,,,,,,Mozambique,4978,00:40:04.282,Duel,True
,,,,,,,,,,,,,,,,Aerial Lost,0.0,,,,,,,,,,,,,,,b31a73f4-3e25-4867-88dd-6b0b9d0c38f1,2408,,"[44.8, 15.5]",3920410,85,,,,,,,,,,,,,,,,,,,,,,,,,2,From Keeper,Jordan Ayew,3450.0,Left Attacking Midfield,136,Mozambique,4978,['fd47b36d-8f62-4f17-a48d-55a2683f93c9'],48,,,,,,,,,,,,,,,,Ghana,4885,00:40:48.463,Duel,True
,,,,,,,,,,,,,,,,Aerial Lost,0.0,,,,,,,,,,,,,,,d0f1b40f-986f-4b26-b71d-045cf352c38e,2480,,"[91.5, 16.6]",3920410,88,,,,,,,,,,,,,,,,,,,,,,,,,2,Regular Play,Gildo Lourenço Vilanculos,106068.0,Left Center Midfield,142,Mozambique,4978,['71ed06e0-7178-4c3c-9c11-1139f451e1bf'],36,,,,,,,,,,,,,,,,Mozambique,4978,00:43:36.277,Duel,True
,,,,,,,,,,,,,,,,Aerial Lost,0.0,,,,,,,,,,,,,,,12792533-a5f7-4f64-91b0-899a8eeb024f,2489,,"[113.2, 44.9]",3920410,89,,,,,,,,,,,,,,,,,,,,,,,,,2,From Free Kick,Reinildo Isnard Mandava,10848.0,Left Center Back,143,Mozambique,4978,['2d5c2094-789b-4d18-9898-0cca669aa5ee'],16,,,,,,,,,,,,,,,,Mozambique,4978,00:44:16.043,Duel,True
,,,,,,,,,,,,,,,,Aerial Lost,0.0,,,,,,,,,,,,,,,dc6fb37d-ebb8-487c-a2fb-f977685401b8,2531,,"[116.1, 45.5]",3920410,92,,,,,,,,,,,,,,,,,,,,,,,,,2,From Corner,Gildo Lourenço Vilanculos,106068.0,Left Center Midfield,148,Mozambique,4978,['6e578485-425d-4442-85f6-e78396e4c890'],22,,,,,,,,,,,,,,,,Mozambique,4978,00:47:22.578,Duel,True
,,,,,,,,,,,,,,,,Aerial Lost,0.0,,,,,,,,,,,,,,,821e80d7-1384-4a00-8713-0db7a96346f4,2540,,"[9.1, 39.1]",3920410,93,,,,,,,,,,,,,,,,,,,,,,,,,2,From Corner,Salis Abdul Samed,31029.0,Right Defensive Midfield,149,Mozambique,4978,['b19a9467-b041-4588-b46d-604da5c23492'],6,,,,,,,,,,,,,,,,Ghana,4885,00:48:06.195,Duel,True
,,,,,,True,Head,True,,,,,,,,,0.0,,,,,,,,,,,,,,,e5bc1f2f-d5b7-4c8b-b058-a8fcfe217589,36,,"[5.6, 29.9]",3920410,1,,,,,,,,,,,,,,,,,,,,,,,,,1,From Corner,Reinildo Isnard Mandava,10848.0,Left Center Back,4,Ghana,4885,"['6a4b605c-95dc-4252-b4fb-defef8edcff6', 'a3358370-63fc-4254-951c-90e020e13308']",29,,,,,,,,,,,,,,,,Mozambique,4978,00:01:29.918,Clearance,True
,,,,,,,Right Foot,,,True,,,,,,,0.0,,,,,,,,,,,,,,,31430dd5-9251-4d29-9126-4c8fdad86239,41,,"[14.6, 29.4]",3920410,1,,,,,,,,,,,,,,,,,,,,,,,,,1,From Corner,Geny Cipriano Catamo,127300.0,Right Wing,4,Ghana,4885,['a12979bd-5efd-4822-84b5-6bf4530b5d9d'],33,,,,,,,,,,,,,,,,Mozambique,4978,00:01:33.825,Clearance,True
,,,,,,True,Head,True,,,,,,,,,2.039999,,,,,,,,,,,,,,,2568a674-604c-4c66-a3e3-7d79b55ad1d6,47,,"[11.1, 33.3]",3920410,1,,,,,,,,,,,,,,,,,,,,,,,,,1,From Corner,Reinildo Isnard Mandava,10848.0,Left Center Back,4,Ghana,4885,"['8f98686a-dc16-451a-b4ff-665b1c0cc2b0', '64dd41ab-7058-4894-86a4-3a9bb56705a1']",42,,,,,,,,,,,,,,,,Mozambique,4978,00:01:42.748,Clearance,True
,,,,,,,Left Foot,,True,,,,,,,,0.0,,,,,,,,,,,,,,,51def8fb-c38a-4d83-89a1-71fb2565b304,326,,"[29.5, 18.7]",3920410,9,,,,,,,,,,,,,,,,,,,,,,,,,1,From Free Kick,Mohamed Salisu,30519.0,Left Center Back,17,Mozambique,4978,['123a6ce9-25c6-4779-8f19-0c16b2fdcb08'],50,,,,,,,,,,,,,,,,Ghana,4885,00:09:50.117,Clearance,True
,,,,,,True,Head,True,,,,,,,,,0.0,,,,,,,,,,,,,,,a827c832-c8a4-4616-999b-0ca1abd410d1,352,,"[52.7, 4.4]",3920410,11,,,,,,,,,,,,,,,,,,,,,,,,,1,From Throw In,Gideon Mensah,23615.0,Left Back,21,Mozambique,4978,"['c23f3907-22b2-42a9-a8c9-1b32efedb29d', 'b0537242-5c9b-4a61-8ee3-1e00feede457']",3,,,,,,,,,,,,,,,,Ghana,4885,00:11:03.179,Clearance,True
,,,,,,,Head,True,,,,,,,,,0.0,,,,,,,,,,,,,,,affcac9d-1f24-40f1-968e-b6bd957d8da5,621,,"[8.1, 36.8]",3920410,22,,,,,,,,,,,,,,,,,,,,,,,,,1,From Goal Kick,Mohamed Salisu,30519.0,Left Center Back,36,Mozambique,4978,['151c71b6-5c60-48db-9584-d656559af4dc'],8,,,,,,,,,,,,,,,,Ghana,4885,00:22:08.433,Clearance,True
,,,,,,True,Head,True,,,,,,,,,0.0,,,,,,,,,,,,,,,8cb335fa-02b3-488a-ab30-78f2373bf9fe,623,,"[16.4, 55.7]",3920410,22,,,,,,,,,,,,,,,,,,,,,,,,,1,From Goal Kick,Salis Abdul Samed,31029.0,Left Defensive Midfield,36,Mozambique,4978,['f9a2f773-95dc-4b89-88be-52ef1309cee9'],10,,,,,,,,,,,,,,,,Ghana,4885,00:22:10.689,Clearance,True
,,,,,,,Right Foot,,,True,,,,,,,0.0,,,,,,,,,,,,,,,16b1c75c-f8a9-4937-8426-a0d7b423612f,645,,"[14.5, 64.1]",3920410,22,,True,,,,,,,,,,,,,,,,,,,,,,,1,From Goal Kick,Alexander Djiku,2989.0,Right Center Back,36,Mozambique,4978,['04fca294-b8a5-4249-bb0f-2ddc9b01c90b'],30,,,,,,,,,,,,,,,,Ghana,4885,00:22:30.091,Clearance,True
,,,,,,True,Head,True,,,,,,,,,0.0,,,,,,,,,,,,,,,f5766ef6-e91f-48c8-9e19-bbc9fcf24720,719,,"[34.8, 26.0]",3920410,25,,,,,,,,,,,,,,,,,,,,,,,,,1,From Keeper,Reinildo Isnard Mandava,10848.0,Left Center Back,42,Ghana,4885,"['a2cb9090-70a9-47ab-bfef-be79c1e6e3aa', '9ef8d042-ccab-440e-b96c-d633d06b14d7']",2,,,,,,,,,,,,,,,,Mozambique,4978,00:25:02.877,Clearance,True
,,,,,,,Head,True,,,,,,,,,0.0,,,,,,,,,,,,,,,7e80f65e-2f40-4558-a0a2-c1cc4f84daf8,773,,"[36.2, 62.2]",3920410,26,,,,,,,,,,,,,,,,,,,,,,,,,1,From Free Kick,Alexander Djiku,2989.0,Right Center Back,45,Mozambique,4978,['1aaeccdd-4c7c-4c56-933a-56ff5ce17272'],14,,,,,,,,,,,,,,,,Ghana,4885,00:26:14.638,Clearance,True
,,,,,,,Right Foot,,,True,,,,,,,0.0,,,,,,,,,,,,,,,1f5f7a08-c6ed-437d-bd4b-6f84445a45ac,815,,"[35.9, 31.4]",3920410,27,,,,,,,,,,,,,,,,,,,,,,,,,1,From Throw In,Alfons Amade,23706.0,Right Defensive Midfield,47,Ghana,4885,['06162ff4-2c50-42b8-8058-80d72d083712'],13,,,,,,,,,,,,,,,,Mozambique,4978,00:27:13.267,Clearance,True
,,,,,,,Left Foot,,True,,,,,,,,0.0,,,,,,,,,,,,,,,a30e0186-3664-4028-b3de-656ee3b62df6,830,,"[13.8, 37.0]",3920410,27,,True,,,,,,,,,,,,,,,,,,,,,,,1,From Free Kick,Denis Odoi,12259.0,Right Back,49,Mozambique,4978,['ed2434a4-5000-4ce7-b19f-ce8d81487fc1'],54,,,,,,,,,,,,,,,,Ghana,4885,00:27:54.731,Clearance,True
,,,,,,,Head,True,,,,,,,,,0.0,,,,,,,,,,,,,,,cd6f5331-608e-4b6d-b38c-aa81b3dfc6ba,833,,"[7.3, 26.3]",3920410,28,,True,,,,,,,,,,,,,,,,,,,,,,,1,From Throw In,Mohamed Salisu,30519.0,Left Center Back,50,Mozambique,4978,['fe83119b-539e-4f4a-86ba-6e7be5267c9d'],3,,,,,,,,,,,,,,,,Ghana,4885,00:28:03.107,Clearance,True
,,,,,,,Head,True,,,,,,,,,0.0,,,,,,,,,,,,,,,4d59fc63-cf8a-43fb-8a8a-ea7f8e15496a,835,,"[6.2, 41.8]",3920410,28,,,,,,,,,,,,,,,,,,,,,,,,,1,From Corner,Mohamed Salisu,30519.0,Left Center Back,51,Mozambique,4978,['2052e844-10ec-4e84-95a2-f528416e5b15'],44,,,,,,,,,,,,,,,,Ghana,4885,00:28:44.264,Clearance,True
,,,,,,,Right Foot,,,True,,,,,,,0.0,,,,,,,,,,,,,,,bc93574c-a823-483d-8a02-85cfe08322a8,849,,"[9.9, 46.1]",3920410,29,,True,,,,,,,,,,,,,,,,,,,,,,,1,From Corner,Alexander Djiku,2989.0,Right Center Back,51,Mozambique,4978,['28e53fc2-54ba-43cf-977f-49e32ffac4c4'],3,,,,,,,,,,,,,,,,Ghana,4885,00:29:03.083,Clearance,True
,,,,,,True,Head,True,,,,,,,,,0.0,,,,,,,,,,,,,,,2620bead-a1fd-4f3f-81e6-0d0b2773f6db,856,,"[8.1, 40.7]",3920410,29,,,,,,,,,,,,,,,,,,,,,,,,,1,From Throw In,Mohamed Salisu,30519.0,Left Center Back,52,Mozambique,4978,"['533185a4-f2ba-43a4-9580-a05e9e663b4b', 'ca6db6da-32b5-4833-9cd5-7993aba41449']",17,,,,,,,,,,,,,,,,Ghana,4885,00:29:17.639,Clearance,True
,,,,,,True,Head,True,,,,,,,,,0.0,,,,,,,,,,,,,,,e7a8de71-5903-48a1-969c-45f29d86d531,858,,"[31.2, 62.4]",3920410,29,,True,,,,,,,,,,,,,,,,,,,,,,,1,From Throw In,Majeed Ashimeru,30693.0,Right Defensive Midfield,52,Mozambique,4978,['fdb91750-7733-41a2-a203-3380f3ff78fe'],19,,,,,,,,,,,,,,,,Ghana,4885,00:29:19.194,Clearance,True
,,,,,,,Head,True,,,,,,,,,0.0,,,,,,,,,,,,,,,d06996b4-3ec1-4de5-8a46-f5efdbec74d3,871,,"[59.3, 73.1]",3920410,32,True,,,,,,,,,,,,,,,,,,,,,,,,1,From Free Kick,Bruno Alberto Langa,106070.0,Left Back,54,Ghana,4885,['ba055ec0-5805-41ca-8a91-1ef0d3633dae'],26,,,,,,,,,,,,,,,,Mozambique,4978,00:32:26.717,Clearance,True
,,,,,,,Left Foot,,True,,,,,,,,0.0,,,,,,,,,,,,,,,2c425af5-7f75-4e81-9cd7-b98bb24902b4,902,,"[38.4, 57.2]",3920410,33,,,,,,,,,,,,,,,,,,,,,,,,,1,From Free Kick,Denis Odoi,12259.0,Right Back,56,Mozambique,4978,['a97ad76e-bf8e-4a9f-b1ca-c646842f3c14'],19,,,,,,,,,,,,,,,,Ghana,4885,00:33:19.454,Clearance,True
,,,,,,,Left Foot,,True,,,,,,,,0.0,,,,,,,,,,,,,,,4339284b-2ab0-4647-8cd8-4e7d57a885af,913,,"[11.2, 48.7]",3920410,33,,,,,,,,,,,,,,,,,,,,,,,,,1,From Free Kick,Denis Odoi,12259.0,Right Back,56,Mozambique,4978,['41125c67-c7fa-43f4-affb-cb60217287ba'],26,,,,,,,,,,,,,,,,Ghana,4885,00:33:26.273,Clearance,True
,,,,,,,Left Foot,,True,,,,,,,,0.0,,,,,,,,,,,,,,,9605b64a-83db-477e-b500-3a0048097f8d,914,,"[13.4, 50.2]",3920410,33,,,,,,,,,,,,,,,,,,,,,,,,,1,From Free Kick,Salis Abdul Samed,31029.0,Left Defensive Midfield,56,Mozambique,4978,,27,,,,,,,,,,,,,,,,Ghana,4885,00:33:27.116,Clearance,True
,,,,,,,Left Foot,,True,,,,,,,,0.0,,,,,,,,,,,,,,,2641cdee-fd3f-4f71-a23a-a7795eaf4d77,973,,"[14.5, 27.0]",3920410,36,,,,,,,,,,,,,,,,,,,,,,,,,1,From Free Kick,Mohamed Salisu,30519.0,Left Center Back,59,Mozambique,4978,['6b1fba6e-2aad-4e5b-a4e7-55769a940574'],19,,,,,,,,,,,,,,,,Ghana,4885,00:36:19.504,Clearance,True
,,,,,,,Right Foot,,,True,,,,,,,0.0,,,,,,,,,,,,,,,ddf836fc-16bc-45fc-b2f2-3b8086994247,1001,,"[28.8, 37.2]",3920410,37,,,,,,,,,,,,,,,,,,,,,,,,,1,Regular Play,Mohamed Salisu,30519.0,Left Center Back,61,Mozambique,4978,['c432ce9c-9936-48c1-a88f-c33086bab0e7'],15,,,,,,,,,,,,,,,,Ghana,4885,00:37:15.564,Clearance,True
,,,,,,,Head,True,,,,,,,,,0.0,,,,,,,,,,,,,,,010ce7fe-c0fb-4841-a280-e676c63d9f6e,1002,,"[32.7, 34.1]",3920410,37,,,,,,,,,,,,,,,,,,,,,,,,,1,Regular Play,Mohamed Salisu,30519.0,Left Center Back,61,Mozambique,4978,,17,,,,,,,,,,,,,,,,Ghana,4885,00:37:17.329,Clearance,True
,,,,,,,Left Foot,,True,,,,,,,,0.0,,,,,,,,,,,,,,,f8262189-0c50-429c-9859-2ade582fb741,1013,,"[7.3, 32.4]",3920410,37,,,,,,,,,,,,,,,,,,,,,,,,,1,Regular Play,Alexander Djiku,2989.0,Right Center Back,61,Mozambique,4978,['9e23815a-01d4-4e31-ab0d-d185f4d782a5'],27,,,,,,,,,,,,,,,,Ghana,4885,00:37:27.877,Clearance,True
,,,,,,True,Head,True,,,,,,,,,0.0,,,,,,,,,,,,,,,fa9f45ef-fcb6-4e6a-89de-81a2644a01db,1108,,"[14.5, 28.9]",3920410,39,,,,,,,,,,,,,,,,,,,,,,,,,1,From Free Kick,Gideon Mensah,23615.0,Left Back,65,Mozambique,4978,"['42e5ab9c-8c20-4d36-aa78-d39d8942be30', '98b5094c-219e-44ca-b411-4688c90d9738']",39,,,,,,,,,,,,,,,,Ghana,4885,00:39:39.348,Clearance,True
,,,,,,,Head,True,,,,,,,,,0.0,,,,,,,,,,,,,,,f61acbd3-039a-44ac-9a85-5b89405ef823,1155,,"[15.3, 45.2]",3920410,40,,,,,,,,,,,,,,,,,,,,,,,,,1,From Free Kick,Denis Odoi,12259.0,Right Back,66,Mozambique,4978,['2edeab4a-5aca-4086-8498-da64a611c6ea'],50,,,,,,,,,,,,,,,,Ghana,4885,00:40:50.024,Clearance,True
,,,,,,,Head,True,,,,,,,,,0.0,,,,,,,,,,,,,,,83db30a8-aa59-41ad-8863-627f096cd533,1183,,"[20.1, 28.7]",3920410,41,,,,,,,,,,,,,,,,,,,,,,,,,1,From Free Kick,Mohamed Salisu,30519.0,Left Center Back,67,Mozambique,4978,['01371da8-b13f-43fe-98d1-56a1cd9e6900'],29,,,,,,,,,,,,,,,,Ghana,4885,00:41:29.146,Clearance,True
,,,,,,,Right Foot,,,True,,,,,,,0.0,,,,,,,,,,,,,,,978fb314-0c00-49bc-bbcd-89b569c049fa,1798,,"[8.6, 33.8]",3920410,56,,True,,,,,,,,,,,,,,,,,,,,,,,2,Regular Play,Edson André Sitoe,3250.0,Right Center Back,104,Ghana,4885,['b754984e-9ca9-4ebb-bfa3-48383af7aa8f'],6,,,,,,,,,,,,,,,,Mozambique,4978,00:11:06.801,Clearance,True
,,,,,,,Head,True,,,,,,,,,0.0,,,,,,,,,,,,,,,211bb880-b6e2-4ef3-88d2-01d51da468d6,1855,,"[15.2, 47.0]",3920410,57,,,,,,,,,,,,,,,,,,,,,,,,,2,From Throw In,Feliciano João Jone,129475.0,Left Defensive Midfield,106,Ghana,4885,['03caff06-53ab-48b6-854e-b855bcc4d1c9'],44,,,,,,,,,,,,,,,,Mozambique,4978,00:12:44.530,Clearance,True
,,,,,,,Right Foot,,,True,,,,,,,0.0,,,,,,,,,,,,,,,481e0f41-54fb-4694-afcf-64b872a05bf2,1922,,"[11.2, 51.6]",3920410,59,,,,,,,,,,,,,,,,,,,,,,,,,2,From Free Kick,Alexander Djiku,2989.0,Right Center Back,108,Mozambique,4978,['cf2f7dcb-f01b-4cda-b158-53889898a5b1'],19,,,,,,,,,,,,,,,,Ghana,4885,00:14:19.857,Clearance,True
,,,,,,True,Head,True,,,,,,,,,0.0,,,,,,,,,,,,,,,f7b01a99-93d1-4e0f-a845-2deec3482f65,1993,,"[17.4, 40.0]",3920410,63,,,,,,,,,,,,,,,,,,,,,,,,,2,From Free Kick,Salis Abdul Samed,31029.0,Left Defensive Midfield,113,Mozambique,4978,"['01c0cf1a-2a25-4f1a-b97c-67c1ff0bbc14', '7bf6b29a-c57f-4543-bc11-b8cd3250fc96']",8,,,,,,,,,,,,,,,,Ghana,4885,00:18:08.007,Clearance,True
,,,,,,,Head,True,,,,,,,,,0.0,,,,,,,,,,,,,,,37ee3218-b1d4-43c6-a858-728d211d5ea3,1999,,"[9.1, 41.7]",3920410,63,,,,,,,,,,,,,,,,,,,,,,,,,2,Regular Play,Denis Odoi,12259.0,Right Back,114,Mozambique,4978,['4574e685-cc7f-46b5-9d74-e9fbb2460ff1'],16,,,,,,,,,,,,,,,,Ghana,4885,00:18:16.924,Clearance,True
,,,,,,,Left Foot,,True,,,,,,,,0.0,,,,,,,,,,,,,,,1fd5699f-3231-4f90-a2e6-11a9e2c3c47e,2021,,"[8.2, 44.9]",3920410,63,,True,,,,,,,,,,,,,,,,,,,,,,,2,Regular Play,Mohamed Salisu,30519.0,Left Center Back,114,Mozambique,4978,['b1374454-6e93-4551-b3d3-dbb273654d9e'],37,,,,,,,,,,,,,,,,Ghana,4885,00:18:37.511,Clearance,True
,,,,,,,Head,True,,,,,,,,,0.0,,,,,,,,,,,,,,,3d0ea744-0007-4c46-bdb9-41b0a29afd12,2111,,"[28.6, 31.7]",3920410,73,,,,,,,,,,,,,,,,,,,,,,,,,2,From Free Kick,Mohamed Salisu,30519.0,Left Center Back,122,Mozambique,4978,['c6a30ddc-c06a-40db-9c1a-01e0e3e68de0'],18,,,,,,,,,,,,,,,,Ghana,4885,00:28:18.885,Clearance,True
,,,,,,True,Head,True,,,,,,,,,0.0,,,,,,,,,,,,,,,1712cdb8-fc43-4197-a64f-e8fbb764f99c,2141,,"[55.2, 77.7]",3920410,76,,True,,,,,,,,,,,,,,,,,,,,,,,2,From Goal Kick,Infren David da Conceição Matola,417067.0,Right Back,124,Ghana,4885,"['91e1bd88-32eb-4783-817c-ef52f53a9f69', 'b893c7f2-b79d-4d9d-a567-7ea818e6c727']",38,,,,,,,,,,,,,,,,Mozambique,4978,00:31:38.037,Clearance,True
,,,,,,,Right Foot,,,True,,,,,,,0.0,,,,,,,,,,,,,,,8e09d434-920a-40fb-a9b1-5436097fba74,2176,,"[34.6, 63.7]",3920410,77,,,,,,,,,,,,,,,,,,,,,,,,,2,From Throw In,Infren David da Conceição Matola,417067.0,Right Back,125,Ghana,4885,['c325e17d-1dd7-454a-8231-eaebc58395ee'],34,,,,,,,,,,,,,,,,Mozambique,4978,00:32:34.650,Clearance,True
,,,,,,,Left Foot,,True,,,,,,,,0.0,,,,,,,,,,,,,,,5e88fd23-1217-4471-9174-004175c2514f,2284,,"[11.3, 24.6]",3920410,79,,,,,,,,,,,,,,,,,,,,,,,,,2,Regular Play,Mohamed Salisu,30519.0,Left Center Back,129,Mozambique,4978,['d1dd7cea-4e9b-47c4-ad8d-07cad97dd249'],54,,,,,,,,,,,,,,,,Ghana,4885,00:34:54.796,Clearance,True
,,,,,,,Right Foot,,,True,,,,,,,0.0,,,,,,,,,,,,,,,2cf7b5c5-09a4-46a6-ade4-5019bb328095,2292,,"[7.4, 66.2]",3920410,80,,True,,,,,,,,,,,,,,,,,,,,,,,2,Regular Play,Edson André Sitoe,3250.0,Right Center Back,129,Mozambique,4978,,8,,,,,,,,,,,,,,,,Mozambique,4978,00:35:08.670,Clearance,True
,,,,,,,Head,True,,,,,,,,,0.0,,,,,,,,,,,,,,,29516dc0-1bf0-417c-80ff-686400caf34e,2294,,"[2.5, 46.2]",3920410,80,,,,,,,,,,,,,,,,,,,,,,,,,2,From Corner,Bruno Alberto Langa,106070.0,Left Back,130,Ghana,4885,['3a037699-052e-40ea-a311-ecef5086996a'],51,,,,,,,,,,,,,,,,Mozambique,4978,00:35:51.142,Clearance,True
,,,,,,,Left Foot,,True,,,,,,,,0.0,,,,,,,,,,,,,,,6cbf87c4-8cc8-480c-aa7b-8f9632e14e58,2303,,"[35.5, 2.2]",3920410,81,,True,,,,,,,,,,,,,,,,,,,,,,,2,From Goal Kick,Mohamed Salisu,30519.0,Left Center Back,131,Mozambique,4978,"['c78f1306-04bb-4b79-a0bd-0b110a95da4f', '67138b4e-e457-476c-8af4-3ccbfa8957bd']",13,,,,,,,,,,,,,,,,Ghana,4885,00:36:13.013,Clearance,True
,,,,,,,Right Foot,,,True,,,,,,,0.0,,,,,,,,,,,,,,,5e18a298-d144-4b3c-97e2-cd7027fe1d62,2405,,"[8.3, 35.6]",3920410,85,,,,,,,,,,,,,,,,,,,,,,,,,2,From Keeper,Alexander Djiku,2989.0,Center Back,136,Mozambique,4978,['2ade29cd-d5eb-4cdd-b356-8bfaa6db6943'],42,,,,,,,,,,,,,,,,Ghana,4885,00:40:42.632,Clearance,True
,,,,,,True,Head,True,,,,,,,,,0.0,,,,,,,,,,,,,,,71ed06e0-7178-4c3c-9c11-1139f451e1bf,2481,,"[28.6, 63.5]",3920410,88,,,,,,,,,,,,,,,,,,,,,,,,,2,Regular Play,Daniel Amartey,3709.0,Right Center Back,142,Mozambique,4978,"['d0f1b40f-986f-4b26-b71d-045cf352c38e', '1c3becb0-165d-4abf-b889-91578d9db285']",36,,,,,,,,,,,,,,,,Ghana,4885,00:43:36.277,Clearance,True
,,,,,,True,Head,True,,,,,,,,,0.0,,,,,,,,,,,,,,,2d5c2094-789b-4d18-9898-0cca669aa5ee,2490,,"[6.9, 35.2]",3920410,89,,,,,,,,,,,,,,,,,,,,,,,,,2,From Free Kick,Mohamed Salisu,30519.0,Left Center Back,143,Mozambique,4978,"['12792533-a5f7-4f64-91b0-899a8eeb024f', 'e38b9cc2-924e-44fe-ab85-421352cdf0c3']",16,,,,,,,,,,,,,,,,Ghana,4885,00:44:16.043,Clearance,True
,,,,,,,Left Foot,,True,,,,,,,,0.0,,,,,,,,,,,,,,,614fc6ad-bdf3-4c00-accb-059e00eb3890,2514,,"[31.2, 8.4]",3920410,91,,True,,,,,,,,,,,,,,,,,,,,,,,2,Regular Play,Mohamed Salisu,30519.0,Left Center Back,146,Mozambique,4978,['aa16571f-d9f8-4507-928b-280034b0ec62'],45,,,,,,,,,,,,,,,,Ghana,4885,00:46:45.966,Clearance,True
,,,,,,True,Head,True,,,,,,,,,0.0,,,,,,,,,,,,,,,6e578485-425d-4442-85f6-e78396e4c890,2532,,"[4.0, 34.6]",3920410,92,,,,,,,,,,,,,,,,,,,,,,,,,2,From Corner,Mohamed Salisu,30519.0,Left Center Back,148,Mozambique,4978,"['dc6fb37d-ebb8-487c-a2fb-f977685401b8', '8d08077a-2ddb-45e1-a310-d9ee135981bd']",22,,,,,,,,,,,,,,,,Ghana,4885,00:47:22.578,Clearance,True
,,,,,,,Left Foot,,True,,,,,,,,0.0,,,,,,,,,,,,,,,543d584c-d502-47ba-b601-0bb619d2f740,2551,,"[7.6, 43.7]",3920410,94,,True,,,,,,,,,,,,,,,,,,,,,,,2,From Kick Off,Reinildo Isnard Mandava,10848.0,Left Center Back,150,Ghana,4885,['f01658d8-d165-4231-9061-cdd07e8804bd'],13,,,,,,,,,,,,,,,,Mozambique,4978,00:49:13.883,Clearance,True
,,,,,,,Right Foot,,,True,,,,,,,0.0,,,,,,,,,,,,,,,3c5310fd-444b-498d-9b1e-cb6efa1650cc,2568,,"[40.5, 11.1]",3920410,95,,,,,,,,,,,,,,,,,,,,,,,,,2,From Free Kick,Mohamed Salisu,30519.0,Left Center Back,152,Mozambique,4978,['811a1c2b-ffe8-4b35-af21-9cc1557b4ba5'],24,,,,,,,,,,,,,,,,Ghana,4885,00:50:24.447,Clearance,True
,,,,,,,,,,,,,,,,,0.0,,,,,,,,,,,,,,,afd993a1-5890-4099-bed5-e8bd0ac19421,51,,"[38.9, 1.4]",3920410,1,,True,,,,,,,,,,,,,,,,,,,,,,,1,From Corner,Witiness Chimoio João Quembo,10865.0,Left Wing,4,Ghana,4885,,49,,,,,,,,,,,,,,,,Mozambique,4978,00:01:49.920,Miscontrol,
,,,,,,,,,,,,,,,,,0.0,,,,,,,,,,,,,,,40eadf81-0f2e-4867-88da-5112ce44107a,109,,"[67.5, 45.7]",3920410,3,,,,,,,,,,,,,,,,,,,,,,,,,1,From Free Kick,Salis Abdul Samed,31029.0,Left Defensive Midfield,6,Ghana,4885,,22,,,,,,,,,,,,,,,,Ghana,4885,00:03:22.895,Miscontrol,
,,,,,,,,,,,,,,,,,0.0,,,,,,,,,,,,,,,b0a4b050-2694-4683-b471-d9d910c9f6a8,204,,"[11.1, 6.0]",3920410,6,,,,,,,,,,,,,,,,,,,,,,,,,1,Regular Play,Reinildo Isnard Mandava,10848.0,Left Center Back,10,Mozambique,4978,,2,,,,,,,,,,,,,,,,Mozambique,4978,00:06:02.912,Miscontrol,
,,,,,,,,,,,,,,,,,0.0,,,,,,,,,,,,,,,a0114e2c-f99d-4157-92c7-5c23dd5d3b61,316,,"[109.1, 49.9]",3920410,8,,,,,,,,,,,,,,,,,,,,,,,,,1,From Free Kick,Pachoio Lau Há King,106082.0,Center Forward,15,Mozambique,4978,,44,,,,,,,,,,,,,,,,Mozambique,4978,00:08:44.936,Miscontrol,
,,,,,,,,,,,,,,,,,0.0,,,,,,,,,,,,,,,e1d685b3-799b-4a6f-9c3b-936fc076598c,335,,"[50.0, 70.7]",3920410,10,,,,,,,,,,,,,,,,,,,,,,,,,1,From Throw In,Ricardo Martins Guimarães,29482.0,Center Attacking Midfield,18,Ghana,4885,,9,,,,,,,,,,,,,,,,Mozambique,4978,00:10:09.670,Miscontrol,
,,,,,,,,,,,,,,,,,0.0,,,,,,,,,,,,,,,edf6c535-de5b-4c60-b3bc-75bf7e32fe25,345,,"[104.9, 7.0]",3920410,10,,True,,,,,,,,,,,,,,,,,,,,,,,1,From Throw In,Antoine Semenyo,9286.0,Center Forward,19,Ghana,4885,['50672b71-add4-460d-b3a7-e6d4a215a94c'],29,,,,,,,,,,,,,,,,Ghana,4885,00:10:29.130,Miscontrol,True
,,,,,,,,,,,,,,,,,0.0,,,,,,,,,,,,,,,f446164e-0193-4666-b8ad-f5c568add628,506,,"[90.8, 16.1]",3920410,19,,,,,,,,,,,,,,,,,,,,,,,,,1,From Free Kick,Antoine Semenyo,9286.0,Center Forward,31,Ghana,4885,['31122198-3301-4453-8ba9-2bf8609f8c49'],49,,,,,,,,,,,,,,,,Ghana,4885,00:19:49.147,Miscontrol,True
,,,,,,,,,,,,,,,,,0.0,,,,,,,,,,,,,,,1ee5eaba-6bb0-4a1c-a2b7-7565f0f36c45,548,,"[57.6, 13.1]",3920410,20,,True,,,,,,,,,,,,,,,,,,,,,,,1,Regular Play,Bruno Alberto Langa,106070.0,Left Back,34,Mozambique,4978,,14,,,,,,,,,,,,,,,,Mozambique,4978,00:20:14.375,Miscontrol,
,,,,,,,,,,,,,,,,,0.0,,,,,,,,,,,,,,,856a99e6-f3ac-46e2-940d-d4280dca94a2,670,,"[67.5, 78.5]",3920410,23,,True,,,,,,,,,,,,,,,,,,,,,,,1,From Throw In,Antoine Semenyo,9286.0,Center Forward,38,Ghana,4885,['86515d79-498a-43e3-b823-d979a86635d9'],21,,,,,,,,,,,,,,,,Ghana,4885,00:23:21.709,Miscontrol,True
,,,,,,,,,,,,,,,,,0.0,,,,,,,,,,,,,,,15952150-736e-4cc4-8a34-6e692015e192,932,,"[79.9, 39.8]",3920410,35,,,,,,,,,,,,,,,,,,,,,,,,,1,From Throw In,Antoine Semenyo,9286.0,Center Forward,58,Mozambique,4978,,36,,,,,,,,,,,,,,,,Ghana,4885,00:35:36.053,Miscontrol,
,,,,,,,,,,,,,,,,,0.0,,,,,,,,,,,,,,,3aac6454-a841-402d-8bb0-f416f500a860,1192,,"[49.5, 46.8]",3920410,41,,,,,,,,,,,,,,,,,,,,,,,,,1,Regular Play,Mohammed Kudus,17033.0,Center Attacking Midfield,68,Ghana,4885,,36,,,,,,,,,,,,,,,,Ghana,4885,00:41:36.515,Miscontrol,
,,,,,,,,,,,,,,,,,0.0,,,,,,,,,,,,,,,9db16585-7f80-46f7-8376-bfe3d88b60d7,1617,,"[38.5, 12.2]",3920410,50,True,,,,,,,,,,,,,,,,,,,,,,,,2,From Free Kick,Bruno Alberto Langa,106070.0,Left Back,91,Mozambique,4978,,17,,,,,,,,,,,,,,,,Mozambique,4978,00:05:17.152,Miscontrol,
,,,,,,,,,,,,,,,,,0.0,,,,,,,,,,,,,,,b362f0c6-6d90-4174-b9cc-473f94033fc5,1981,,"[55.8, 54.6]",3920410,61,,,,,,,,,,,,,,,,,,,,,,,,,2,From Goal Kick,Salis Abdul Samed,31029.0,Left Defensive Midfield,111,Ghana,4885,,42,,,,,,,,,,,,,,,,Ghana,4885,00:16:42.052,Miscontrol,
,,,,,,,,,,,,,,,,,0.0,,,,,,,,,,,,,,,ce46f091-5a86-42f1-94ec-d62ae23c04a8,2036,,"[98.5, 12.0]",3920410,65,,,,,,,,,,,,,,,,,,,,,,,,,2,From Throw In,Ricardo Martins Guimarães,29482.0,Center Attacking Midfield,116,Mozambique,4978,['f3be56fa-a259-4f55-8f01-43ff55041737'],16,,,,,,,,,,,,,,,,Mozambique,4978,00:20:16.230,Miscontrol,True
,,,,,,,,,,,,,,,,,0.0,,,,,,,,,,,,,,,6ecabc96-1af7-4d5a-8f00-188059d688a1,2097,,"[20.0, 58.5]",3920410,73,,,,,,,,,,,,,,,,,,,,,,,,,2,From Free Kick,Mohammed Kudus,17033.0,Right Attacking Midfield,122,Mozambique,4978,,6,,,,,,,,,,,,,,,,Ghana,4885,00:28:06.887,Miscontrol,
,,,,,,,,,,,,,,,,,0.0,,,,,,,,,,,,,,,2d874915-0468-4e08-a840-d6987c003e89,2181,,"[96.1, 43.0]",3920410,77,,,,,,,,,,,,,,,,,,,,,,,,,2,From Throw In,Mohammed Kudus,17033.0,Right Attacking Midfield,125,Ghana,4885,['54a82277-5e7e-450b-bfc4-c01e89c7627b'],41,,,,,,,,,,,,,,,,Ghana,4885,00:32:41.030,Miscontrol,True
,,,,,,,,,,,,,,,,,0.0,,,,,,,,,,,,,,,d7ec8209-403f-4612-9b05-47921a53fd0f,2245,,"[100.4, 21.2]",3920410,79,,,,,,,,,,,,,,,,,,,,,,,,,2,Regular Play,Salis Abdul Samed,31029.0,Right Defensive Midfield,128,Ghana,4885,,12,,,,,,,,,,,,,,,,Ghana,4885,00:34:12.260,Miscontrol,
,,,,,,,,,,,,,,,,,0.0,,,,,,,,,,,,,,,517600ac-d2c9-403f-9fbe-50fc3211ca78,2291,,"[101.2, 5.8]",3920410,80,,,,,,,,,,,,,,,,,,,,,,,,,2,Regular Play,Jordan Ayew,3450.0,Left Attacking Midfield,129,Mozambique,4978,,7,,,,,,,,,,,,,,,,Ghana,4885,00:35:07.519,Miscontrol,
,,,,,,,,,,,,,,,,,0.0,,,,,,,,,,,,,,,243dff9b-71d8-47af-8d19-d4f5985f7fa5,2307,,"[75.8, 66.2]",3920410,81,,,,,,,,,,,,,,,,,,,,,,,,,2,From Throw In,Elias Gaspar Pelembe,106074.0,Left Defensive Midfield,132,Mozambique,4978,,20,,,,,,,,,,,,,,,,Mozambique,4978,00:36:20.386,Miscontrol,
,,,,,,,,,,,,,,,,,0.0,,,,,,,,,,,,,,,d5a3734d-b806-4095-9641-338607aec967,2417,,"[90.0, 1.6]",3920410,86,,True,,,,,,,,,,,,,,,,,,,,,,,2,From Free Kick,Jordan Ayew,3450.0,Left Attacking Midfield,137,Ghana,4885,,48,,,,,,,,,,,,,,,,Ghana,4885,00:41:48.135,Miscontrol,
,,,,,,,,,,,,,,,,,0.0,,,,,,,,,,,,,,,bda71f54-5c40-48e5-a873-3dcb1f791b89,88,,"[62.8, 67.9]",3920410,3,,,,,,,,,,,,,,,,,,,,,,,,,1,From Throw In,Infren David da Conceição Matola,417067.0,Right Back,5,Ghana,4885,['76523e4f-b625-497f-9295-34f1dc56f47f'],3,,,,,,,,,,,,,,,,Mozambique,4978,00:03:03.977,Foul Committed,
,,,,,,,,,,,,,,,,,0.0,,,True,,,,,,,,,,,,6f09ddc0-741b-4dc3-95b3-e0991c6942c7,179,,"[65.5, 66.1]",3920410,4,,,,,,,,,,,,,,,,,,,,,,,,,1,Regular Play,Denis Odoi,12259.0,Right Back,7,Mozambique,4978,['55862981-805d-4ac3-ba32-1a9330676d3e'],37,,,,,,,,,,,,,,,,Ghana,4885,00:04:37.986,Foul Committed,
,,,,,,,,,,,,,,,,,0.0,,,,,,,,,,,,,,,ef963429-909e-4bca-ada0-feeb04019d52,268,,"[47.5, 13.1]",3920410,7,,,,,,,,,,,,,,,,,,,,,,,,,1,Regular Play,Mohamed Salisu,30519.0,Left Center Back,13,Mozambique,4978,"['48f25ff1-8385-421b-8f42-1d569b03176e', 'f1d4cfad-f3e2-4d31-899d-c9a74da65eea']",12,,,,,,,,,,,,,,,,Ghana,4885,00:07:12.397,Foul Committed,
,,,,,,,,,,,,,,,,,0.0,,,,,,,,,,,,,,,13d1c274-6de8-4083-b018-643773a5ef17,282,,"[54.0, 76.8]",3920410,7,,,,,,,,,,,,,,,,,,,,,,,,,1,From Free Kick,Joseph Paintsil,16546.0,Right Wing,14,Mozambique,4978,['8ca61979-654d-44b0-9205-2965d24cbf61'],48,,,,,,,,,,,,,,,,Ghana,4885,00:07:48.519,Foul Committed,
,,,,,,,,,,,,,,,,,0.0,,,True,,Handball,,,,,,,,,,d55242ec-4287-4a43-8996-07143972becb,323,,"[65.3, 4.1]",3920410,9,,,,,,,,,,,,,,,,,,,,,,,,,1,From Goal Kick,Jordan Ayew,3450.0,Left Wing,16,Ghana,4885,,24,,,,,,,,,,,,,,,,Ghana,4885,00:09:24.765,Foul Committed,
,,,,,,,,,,,,,,,,,0.0,,,,True,,,,,,,,,,,3a1d93ae-7c80-48d3-9db1-cd8b392d64fc,419,,"[9.1, 55.7]",3920410,12,,,,,,,,,,,,,,,,,,,,,,,,,1,Regular Play,Infren David da Conceição Matola,417067.0,Right Back,23,Ghana,4885,"['70009661-fdee-46ad-ba29-cd2003bfd3c0', '82ef0123-4d9b-4ae4-8a38-715f49554d1d']",12,,,,,,,,,,,,,,,,Mozambique,4978,00:12:12.946,Foul Committed,
,,,,,,,,,,,,,,,,,0.0,,,,,,,,,,,,,,,cc9abde0-5666-4f8a-9f56-9a1d645a95cc,437,,"[68.4, 10.7]",3920410,16,,,,,,,,,,,,,,,,,,,,,,,,,1,From Kick Off,Gideon Mensah,23615.0,Left Back,25,Mozambique,4978,['380b4e92-cb0d-4518-8ee7-8d7b4bddcfc7'],10,,,,,,,,,,,,,,,,Ghana,4885,00:16:10.930,Foul Committed,
,,,,,,,,,,,,,,,,,0.0,,,,,,,,,,,,,,,723857f1-77fe-4f20-bcd2-6702cce07ad7,468,,"[57.3, 59.4]",3920410,17,,,,,,,,,,,,,,,,,,,,,,,,,1,From Free Kick,Salis Abdul Samed,31029.0,Left Defensive Midfield,26,Mozambique,4978,"['dea7f991-5a49-49a8-b32c-870c3abd83e4', 'c7123ef5-9692-44aa-9f84-d9c082064241']",22,,,,,,,,,,,,,,,,Ghana,4885,00:17:22.419,Foul Committed,
,,,,,,,,,,,,,,,,,0.0,,,,,,,,,,,,,,,65ec2102-d773-453d-b710-3a9846b33199,494,,"[110.3, 15.7]",3920410,18,,,,,,,,,,,,,,,,,,,,,,,,,1,From Throw In,Antoine Semenyo,9286.0,Center Forward,29,Ghana,4885,['1c27febc-8d8c-41a1-b15b-aaa12a33a6c6'],44,,,,,,,,,,,,,,,,Ghana,4885,00:18:44.673,Foul Committed,
,,,,,,,,,,,,,,,,,0.0,,,,,,,,,,,,,,,3475abe0-4bac-43d7-a301-fe271e53cb05,500,,"[65.4, 64.0]",3920410,19,,,,,,,,,,,,,,,,,,,,,,,,,1,From Free Kick,Pachoio Lau Há King,106082.0,Center Forward,30,Mozambique,4978,['d2f3d36c-ae1c-49cc-b051-c21a25cc409f'],8,,,,,,,,,,,,,,,,Mozambique,4978,00:19:08.432,Foul Committed,
,,,,,,,,,,,True,,,,,,0.0,,,,,,,,,,,,,,,71800793-f402-4f47-ac76-8ec72cf04f8a,731,,"[97.5, 61.8]",3920410,25,,,,,,,,,,,,,,,,,,,,,,,,,1,Regular Play,Joseph Paintsil,16546.0,Right Wing,43,Mozambique,4978,"['7625a7b1-b522-4a3e-a2d7-83c95b1a9ac6', 'f2d8f0fc-f0f1-4978-a1dd-6f82d6133884']",12,,,,,,,,,,,,,,,,Ghana,4885,00:25:12.590,Foul Committed,
,,,,,,,,,,,,,,,,,0.0,,,,,,,,,,,,,,,100bd318-f63a-4f10-924c-fa070c957900,761,,"[82.9, 76.8]",3920410,25,,,,,,,,,,,,,,,,,,,,,,,,,1,From Free Kick,Joseph Paintsil,16546.0,Right Wing,44,Mozambique,4978,"['8e62a12f-afd9-4916-bf51-0ab93b065803', '038570e8-5627-4fa1-bcd4-e2e4f5347e4c']",43,,,,,,,,,,,,,,,,Ghana,4885,00:25:43.993,Foul Committed,
,,,,,,,,,,,True,,,,,,0.0,,Yellow Card,,,,,,,,,,,,,09bf5585-b18f-4b56-bdf3-40a93e968a0e,824,,"[55.8, 40.4]",3920410,27,,,,,,,,,,,,,,,,,,,,,,,,,1,From Counter,Majeed Ashimeru,30693.0,Right Defensive Midfield,48,Mozambique,4978,['0c20b578-6f25-46d5-b791-777ec7274b73'],20,,,,,,,,,,,,,,,,Ghana,4885,00:27:20.410,Foul Committed,
,,,,,,,,,,,,,,,,,0.0,,Yellow Card,,,,,,,,,,,,,7f7c1fac-ce1e-4bb4-821c-a23569fbaf50,866,,"[71.7, 71.6]",3920410,29,,,,,,,,,,,,,,,,,,,,,,,,,1,From Throw In,Geny Cipriano Catamo,127300.0,Right Wing,53,Mozambique,4978,['1e84f3cd-2b50-4a5c-9df7-8d4fe63b9b19'],36,,,,,,,,,,,,,,,,Mozambique,4978,00:29:36.343,Foul Committed,
,,,,,,,,,,,,,,,,,0.0,,,,,,,,,,,,,,,53641ed7-47e0-48aa-9b08-5300c351f2ff,875,,"[52.2, 68.4]",3920410,32,,,,,,,,,,,,,,,,,,,,,,,,,1,From Free Kick,Infren David da Conceição Matola,417067.0,Right Back,54,Ghana,4885,['34d3bde0-90c4-4a6f-8c1e-df5e79f1c126'],30,,,,,,,,,,,,,,,,Mozambique,4978,00:32:30.263,Foul Committed,
,,,,,,,,,,,,,,,,,0.0,,,,,,,,,,,,,,,4a78f8bf-8117-4783-ad17-93f987708ef4,894,,"[70.1, 6.7]",3920410,33,,,,,,,,,,,,,,,,,,,,,,,,,1,From Free Kick,Jordan Ayew,3450.0,Left Wing,55,Ghana,4885,['a2caf6cb-e909-4358-b59a-238380ff4630'],7,,,,,,,,,,,,,,,,Ghana,4885,00:33:07.063,Foul Committed,
,,,,,,,,,,,,,,,,,0.0,,,,,,,,,,,,,,,079d7420-26e4-4098-9682-71557b3df36c,965,,"[64.5, 34.4]",3920410,36,,,,,,,,,,,,,,,,,,,,,,,,,1,From Throw In,Joseph Paintsil,16546.0,Right Wing,58,Mozambique,4978,['31706dad-a4b1-42c2-bb47-c7f3f4012905'],6,,,,,,,,,,,,,,,,Ghana,4885,00:36:06.704,Foul Committed,
,,,,,,,,,,,True,,,,,,0.0,,,,,,,,,,,,,,,f4685cb8-8f88-4d6d-9af9-41a8f2b8cf69,1073,,"[113.8, 27.0]",3920410,38,,,,,,,,,,,,,,,,,,,,,,,,,1,Regular Play,Antoine Semenyo,9286.0,Center Forward,63,Mozambique,4978,"['5ac09850-be90-43c8-9a32-65c186ca2ce4', '4829d487-c546-42d7-a166-2b42ebca4d56', 'e9e9deb4-15dc-4a5d-bcec-f30988aa5122']",21,,,,,,,,,,,,,,,,Ghana,4885,00:38:21.869,Foul Committed,True
,,,,,,,,,,,,,,,,,0.0,,,,,,,,,,,,,,,8ab98343-20e0-4ecf-92bf-69013149fea5,1101,,"[64.7, 16.8]",3920410,39,,,,,,,,,,,,,,,,,,,,,,,,,1,From Free Kick,Gideon Mensah,23615.0,Left Back,64,Mozambique,4978,['a5e50b3e-4112-46c7-9367-d323119f7b6a'],24,,,,,,,,,,,,,,,,Ghana,4885,00:39:24.830,Foul Committed,
,,,,,,,,,,,,,,,,,0.0,,,,,,,,,,,,,,,736e1b33-cfbc-4b96-8084-8ce085554309,1119,,"[112.7, 9.6]",3920410,39,,,,,,,,,,,,,,,,,,,,,,,,,1,From Free Kick,Jordan Ayew,3450.0,Left Wing,65,Mozambique,4978,['e05900cd-815e-4fd2-a4c8-caaf43295196'],56,,,,,,,,,,,,,,,,Ghana,4885,00:39:56.949,Foul Committed,
,,,,,,,,,,,,,,,,,0.0,,,,,,,,,,,,,,,091d294b-8050-4002-aafa-727c601993ac,1164,,"[57.9, 12.6]",3920410,40,,,,,,,,,,,,,,,,,,,,,,,,,1,From Free Kick,Antoine Semenyo,9286.0,Center Forward,66,Mozambique,4978,['74a0ea06-0694-4863-963a-31cc50a085a0'],59,,,,,,,,,,,,,,,,Ghana,4885,00:40:59.636,Foul Committed,
,,,,,,,,,,,,,,,,,0.0,,,,,,,,,,,,,,,e49cecae-1c11-4b2c-b6b1-135858f996f6,1350,,"[107.1, 77.6]",3920410,46,,,,,,,,,,,,,,,,,,,,,,,,,1,Regular Play,Antoine Semenyo,9286.0,Center Forward,75,Ghana,4885,['303f4aa0-22fd-46ff-a13e-1ff3715e3c89'],5,,,,,,,,,,,,,,,,Ghana,4885,00:46:05.705,Foul Committed,
,,,,,,,,,,,,,,,,,0.0,,,,,,,,,,,,,,,4612650f-fb8e-4e7b-8400-01337084b9cf,1461,,"[100.8, 45.7]",3920410,49,,,,,,,,,,,,,,,,,,,,,,,,,1,Regular Play,Denis Odoi,12259.0,Right Back,81,Ghana,4885,['d7057a08-c195-48df-ad33-48e3b4055ee2'],47,,,,,,,,,,,,,,,,Ghana,4885,00:49:47.562,Foul Committed,
,,,,,,,,,,,True,,,,,,0.0,,,,,,,,,,,,,,,2796e88f-48a3-446c-b030-8b07bf90c002,1502,,"[81.1, 25.4]",3920410,45,,,,,,,,,,,,,,,,,,,,,,,,,2,Regular Play,Salis Abdul Samed,31029.0,Left Defensive Midfield,83,Mozambique,4978,['35220196-a3c9-41a2-9668-582a52647fec'],24,,,,,,,,,,,,,,,,Ghana,4885,00:00:24.624,Foul Committed,
,,,,,,,,,,,,,,,,,0.0,,,,,,,,,,,,,,,94e109f9-b417-4c8e-9f95-d17bd9cf0133,1506,,"[49.8, 64.3]",3920410,45,,,,,,,,,,,,,,,,,,,,,,,,,2,From Free Kick,Iddrisu Baba Mohammed,24087.0,Right Defensive Midfield,84,Mozambique,4978,['40987b9f-2d13-4754-891a-56b2d0162bf0'],44,,,,,,,,,,,,,,,,Ghana,4885,00:00:44.260,Foul Committed,
,,,,,,,,,,,,,,,,,0.0,,Yellow Card,True,,,,,,,,,,,,488dd97b-7562-4d28-bb30-1fa166343ff7,1574,,"[57.7, 70.4]",3920410,47,,,,,,,,,,,,,,,,,,,,,,,,,2,From Goal Kick,André Ayew Pelé,3347.0,Center Forward,87,Ghana,4885,"['796863d5-6fa4-4194-8752-97bb46210074', 'dad70948-35b4-47f5-ba4e-59786bd7acaa']",58,,,,,,,,,,,,,,,,Ghana,4885,00:02:58.419,Foul Committed,True
,,,,,,,,,,,,,,,,,0.0,,,,,,,,,,,,,,,fbc449e3-680d-4513-bda7-7628b7bef79e,1584,,"[65.8, 3.5]",3920410,48,,,,,,,,,,,,,,,,,,,,,,,,,2,From Free Kick,Gideon Mensah,23615.0,Left Back,88,Mozambique,4978,"['19398420-0d41-4c30-8b4f-9c822ba31760', '9cc23e93-1b3c-4479-bd4f-f88bc7961e10']",37,,,,,,,,,,,,,,,,Ghana,4885,00:03:37.916,Foul Committed,
,,,,,,,,,,,True,,,,,,0.0,,,,,,,,,,,,,,,d9ef728d-55be-4042-8cf5-175e37a0f257,1606,,"[115.2, 41.4]",3920410,49,,,,,,,,,,,,,,,,,,,,,,,,,2,From Free Kick,Bruno Alberto Langa,106070.0,Left Back,89,Mozambique,4978,['28764e21-0ab1-4a9b-ac87-4202fc302dbc'],2,,,,,,,,,,,,,,,,Mozambique,4978,00:04:02.769,Foul Committed,
,,,,,,,,,,,,,,,,,0.0,,,,,,,,,,,,,,,c2a27717-3178-45cd-b9fc-56a3bc1235bb,1613,,"[90.9, 58.2]",3920410,49,,,,,,,,,,,,,,,,,,,,,,,,,2,From Free Kick,Antoine Semenyo,9286.0,Right Wing,90,Ghana,4885,['f051e754-c518-4f61-8a70-960f9cc73e69'],44,,,,,,,,,,,,,,,,Ghana,4885,00:04:44.414,Foul Committed,
,,,,,,,,,,,True,,,,,,0.0,,,,,,,,,,,,,,,1acdb7b8-b416-412d-a2b4-58ca02f2b88d,1721,,"[55.8, 47.0]",3920410,52,,,,,,,,,,,,,,,,,,,,,,,,,2,Regular Play,Iddrisu Baba Mohammed,24087.0,Right Defensive Midfield,97,Mozambique,4978,"['727be578-ceb6-421c-8676-4b1fbee7fd6d', 'c1281b73-889c-47e7-bd4b-0e544399d86f']",30,,,,,,,,,,,,,,,,Ghana,4885,00:07:30.631,Foul Committed,
,,,,,,,,,,,,,,,,,0.0,,,,,,,,,,,,,,,85bd8a0d-0e3f-44d5-a9bc-ca74f6d01b0a,1776,,"[33.8, 27.3]",3920410,54,,,,,,,,,,,,,,,,,,,,,,,,,2,From Keeper,Reinildo Isnard Mandava,10848.0,Left Center Back,101,Ghana,4885,['7b016443-2023-4f61-b22b-d7be98ca2814'],33,,,,,,,,,,,,,,,,Mozambique,4978,00:09:33.199,Foul Committed,
,,,,,,,,,,,,,,,,,0.0,,Yellow Card,,,,,,,,,,,,,fd2c0f24-fea4-4eec-834c-f68642484651,1862,,"[49.8, 71.7]",3920410,57,,,,,,,,,,,,,,,,,,,,,,,,,2,From Counter,Iddrisu Baba Mohammed,24087.0,Right Defensive Midfield,107,Mozambique,4978,['8d023925-3ac9-448a-ba79-58a60f0b8f34'],52,,,,,,,,,,,,,,,,Ghana,4885,00:12:52.083,Foul Committed,
,,,,,,,,,,,,,,,,,0.0,True,,,,,,,,,,,,,,0f2b0c78-f317-4ed6-b548-8eeadf00bd0d,1912,,"[43.2, 64.3]",3920410,59,,,,,,,,,,,,,,,,,,,,,,,,,2,From Free Kick,Denis Odoi,12259.0,Right Back,108,Mozambique,4978,"['581424e7-2b3e-44d5-9563-8c75dbd68885', '4b905d15-8b7f-46e3-bab4-7dba0d656a86']",13,,,,,,,,,,,,,,,,Ghana,4885,00:14:13.446,Foul Committed,
,,,,,,,,,,,True,,,,,,0.0,,Yellow Card,,,,,,,,,,,,,db9a840a-3345-4888-b1a3-1bb909896923,1988,,"[35.2, 54.7]",3920410,61,,,,,,,,,,,,,,,,,,,,,,,,,2,Regular Play,Alexander Djiku,2989.0,Right Center Back,112,Mozambique,4978,['0ecce50d-edc0-4df7-98eb-1d30411e75b0'],46,,,,,,,,,,,,,,,,Ghana,4885,00:16:46.771,Foul Committed,
,,,,,,,,,,,,,,,,,0.0,,Yellow Card,,True,Handball,,,,,,,,,,3d8e54aa-9719-48ad-875e-a9736f30f1b5,2056,,"[8.1, 37.0]",3920410,65,,,,,,,,,,,,,,,,,,,,,,,,,2,Regular Play,Reinildo Isnard Mandava,10848.0,Left Center Back,117,Ghana,4885,,35,,,,,,,,,,,,,,,,Mozambique,4978,00:20:35.760,Foul Committed,
,,,,,,,,,,,,,,,,,0.0,,,,,,,,,,,,,,,db90490c-1bf8-419c-92ac-1bde6194fafb,2082,,"[46.3, 63.7]",3920410,72,,,,,,,,,,,,,,,,,,,,,,,,,2,From Goal Kick,Daniel Amartey,3709.0,Right Center Back,121,Ghana,4885,['8d4b6541-2d37-498e-b212-b308840a92fa'],19,,,,,,,,,,,,,,,,Ghana,4885,00:27:19.621,Foul Committed,
,,,,,,,,,,,,,,,,,0.0,,,,,,,,,,,,,,,aeb8e390-5b33-4b94-9fda-b3ee83c5b569,2130,,"[26.1, 12.2]",3920410,73,,,,,,,,,,,,,,,,,,,,,,,,,2,From Free Kick,Mohamed Salisu,30519.0,Left Center Back,122,Mozambique,4978,['34e81a51-9809-491d-b5b6-1dd4ef149775'],37,,,,,,,,,,,,,,,,Ghana,4885,00:28:37.490,Foul Committed,
,,,,,,,,,,,,,,,,,0.0,,,,,,,,,,,,,,,27c4c136-8ca8-43db-bce1-208399babeb7,2195,,"[68.8, 3.1]",3920410,78,,,,,,,,,,,,,,,,,,,,,,,,,2,Regular Play,Gideon Mensah,23615.0,Left Wing Back,126,Mozambique,4978,"['a0e40861-9e0e-45d9-8e0f-e743c990118b', '6e9c6136-6a8d-4066-8f51-0a0afc3570ac']",2,,,,,,,,,,,,,,,,Ghana,4885,00:33:02.225,Foul Committed,
,,,,,,,,,,,,,,,,,0.0,,,,,,,,,,,,,,,41919745-9645-4e1d-b0bc-6bce8d9b066f,2327,,"[27.3, 48.2]",3920410,81,,,,,,,,,,,,,,,,,,,,,,,,,2,Regular Play,Edson André Sitoe,3250.0,Right Center Back,133,Ghana,4885,['5d6ba397-852b-43c4-bf89-263d6e7a63a3'],35,,,,,,,,,,,,,,,,Mozambique,4978,00:36:35.894,Foul Committed,
,,,,,,,,,,,True,,,,,,0.0,,,,,Handball,,,,,,,,,,fd9c29ae-5495-40aa-8426-256483be4e86,2463,,"[79.8, 21.2]",3920410,87,,,,,,,,,,,,,,,,,,,,,,,,,2,Regular Play,Shaquille Momad Nangy,136069.0,Center Defensive Midfield,140,Mozambique,4978,,41,,,,,,,,,,,,,,,,Mozambique,4978,00:42:41.812,Foul Committed,
,,,,,,,,,,,,,,,,,0.0,,,,,,,,,,,,,,,8a8be0d4-499d-417e-a284-8fbbb8536276,2484,,"[35.5, 60.9]",3920410,88,,,,,,,,,,,,,,,,,,,,,,,,,2,Regular Play,Salis Abdul Samed,31029.0,Right Defensive Midfield,142,Mozambique,4978,"['b0af2da4-eb8d-49a7-b8a7-fb4e0c645c2d', '1d026f8a-12f3-4ac0-9412-3fc8977ed4e6']",37,,,,,,,,,,,,,,,,Ghana,4885,00:43:37.863,Foul Committed,
,,,,,,,,,,,,,,,,,0.0,,,,True,Handball,,,,,,,,,,97c9a73d-bbb6-4d04-a283-befb7775add3,2493,,"[11.3, 41.6]",3920410,89,,,,,,,,,,,,,,,,,,,,,,,,,2,From Free Kick,André Ayew Pelé,3347.0,Center Forward,143,Mozambique,4978,['10418f44-01b1-43d3-8442-6e6e9f037eac'],18,,,,,,,,,,,,,,,,Ghana,4885,00:44:18.273,Foul Committed,
,,,,,,,,,,,,,,,,,0.0,,,,,,,,,,,,,,,28ea9ce2-5d99-43f2-ba61-3c9c55ead976,2553,,"[118.8, 40.6]",3920410,94,,,,,,,,,,,,,,,,,,,,,,,,,2,From Corner,Daniel Amartey,3709.0,Right Center Back,151,Ghana,4885,['0670222c-49a5-48b0-9136-ddd9a89f4407'],41,,,,,,,,,,,,,,,,Ghana,4885,00:49:41.379,Foul Committed,
,,,,,,,,,,,,,,,,,0.0,,,,,,,,,,,,,,,76523e4f-b625-497f-9295-34f1dc56f47f,89,,"[57.3, 12.2]",3920410,3,,,,,,,,,,,,,,,,,,,,,,,,,1,From Throw In,Jordan Ayew,3450.0,Left Wing,5,Ghana,4885,['bda71f54-5c40-48e5-a873-3dcb1f791b89'],3,,,,,,,,,,,,,,,,Ghana,4885,00:03:03.977,Foul Won,True
,,,,,,,,,,,,,,,,,0.0,,,,,,,True,,,,,,,,55862981-805d-4ac3-ba32-1a9330676d3e,180,,"[54.6, 14.0]",3920410,4,,,,,,,,,,,,,,,,,,,,,,,,,1,Regular Play,Reinildo Isnard Mandava,10848.0,Left Center Back,7,Mozambique,4978,['6f09ddc0-741b-4dc3-95b3-e0991c6942c7'],37,,,,,,,,,,,,,,,,Mozambique,4978,00:04:37.986,Foul Won,
,,,,,,,,,,,,,,,,,0.0,,,,,,,,,,,,,,,48f25ff1-8385-421b-8f42-1d569b03176e,269,,"[72.6, 67.0]",3920410,7,,,,,,,,,,,,,,,,,,,,,,,,,1,Regular Play,Pachoio Lau Há King,106082.0,Center Forward,13,Mozambique,4978,['ef963429-909e-4bca-ada0-feeb04019d52'],12,,,,,,,,,,,,,,,,Mozambique,4978,00:07:12.397,Foul Won,True
,,,,,,,,,,,,,,,,,0.0,,,,,,,,,,,,,,,8ca61979-654d-44b0-9205-2965d24cbf61,283,,"[66.1, 3.3]",3920410,7,,,,,,,,,,,,,,,,,,,,,,,,,1,From Free Kick,Bruno Alberto Langa,106070.0,Left Back,14,Mozambique,4978,"['c74692b9-f85f-44fb-8de9-6a1669511a52', '13d1c274-6de8-4083-b018-643773a5ef17']",48,,,,,,,,,,,,,,,,Mozambique,4978,00:07:48.519,Foul Won,True
,,,,,,,,,,,,,,,,,0.0,,,,,,,,True,,,,,,,82ef0123-4d9b-4ae4-8a38-715f49554d1d,420,,"[111.0, 24.4]",3920410,12,,,,,,,,,,,,,,,,,,,,,,,,,1,Regular Play,Joseph Paintsil,16546.0,Right Wing,23,Ghana,4885,['3a1d93ae-7c80-48d3-9db1-cd8b392d64fc'],12,,,,,,,,,,,,,,,,Ghana,4885,00:12:12.946,Foul Won,True
,,,,,,,,,,,,,,,,,0.0,,,,,,,True,,,,,,,,380b4e92-cb0d-4518-8ee7-8d7b4bddcfc7,438,,"[51.7, 69.4]",3920410,16,,,,,,,,,,,,,,,,,,,,,,,,,1,From Kick Off,Geny Cipriano Catamo,127300.0,Right Wing,25,Mozambique,4978,['cc9abde0-5666-4f8a-9f56-9a1d645a95cc'],10,,,,,,,,,,,,,,,,Mozambique,4978,00:16:10.930,Foul Won,True
,,,,,,,,,,,,,,,,,0.0,,,,,,,,,,,,,,,dea7f991-5a49-49a8-b32c-870c3abd83e4,469,,"[62.8, 20.7]",3920410,17,,,,,,,,,,,,,,,,,,,,,,,,,1,From Free Kick,Ricardo Martins Guimarães,29482.0,Center Attacking Midfield,26,Mozambique,4978,['723857f1-77fe-4f20-bcd2-6702cce07ad7'],22,,,,,,,,,,,,,,,,Mozambique,4978,00:17:22.419,Foul Won,True
,,,,,,,,,,,,,,,,,0.0,,,,,,,True,,,,,,,,1c27febc-8d8c-41a1-b15b-aaa12a33a6c6,495,,"[9.8, 64.4]",3920410,18,,,,,,,,,,,,,,,,,,,,,,,,,1,From Throw In,Edson André Sitoe,3250.0,Right Center Back,29,Ghana,4885,['65ec2102-d773-453d-b710-3a9846b33199'],44,,,,,,,,,,,,,,,,Mozambique,4978,00:18:44.673,Foul Won,True
,,,,,,,,,,,,,,,,,0.0,,,,,,,True,,,,,,,,d2f3d36c-ae1c-49cc-b051-c21a25cc409f,501,,"[54.7, 16.1]",3920410,19,,,,,,,,,,,,,,,,,,,,,,,,,1,From Free Kick,Gideon Mensah,23615.0,Left Back,30,Mozambique,4978,"['3475abe0-4bac-43d7-a301-fe271e53cb05', '3c262447-4eb1-4c4e-85a1-7eb3a9920830']",8,,,,,,,,,,,,,,,,Ghana,4885,00:19:08.432,Foul Won,True
,,,,,,,,,,,,,,,,,0.0,,,,,,,,,,,,,,,7625a7b1-b522-4a3e-a2d7-83c95b1a9ac6,732,,"[22.6, 18.3]",3920410,25,,,,,,,,,,,,,,,,,,,,,,,,,1,Regular Play,Bruno Alberto Langa,106070.0,Left Back,43,Mozambique,4978,"['71800793-f402-4f47-ac76-8ec72cf04f8a', '5a2c8e87-b9d3-483b-bb84-f12bba9daee5']",12,,,,,,,,,,,,,,,,Mozambique,4978,00:25:12.590,Foul Won,True
,,,,,,,,,,,,,,,,,0.0,,,,,,,,,,,,,,,8e62a12f-afd9-4916-bf51-0ab93b065803,762,,"[37.2, 3.3]",3920410,25,,,,,,,,,,,,,,,,,,,,,,,,,1,From Free Kick,Bruno Alberto Langa,106070.0,Left Back,44,Mozambique,4978,['100bd318-f63a-4f10-924c-fa070c957900'],43,,,,,,,,,,,,,,,,Mozambique,4978,00:25:43.993,Foul Won,True
,,,,,,,,,,,,,,,,,0.0,,,,,,,,,,,,,,,0c20b578-6f25-46d5-b791-777ec7274b73,825,,"[64.3, 39.7]",3920410,27,,,,,,,,,,,,,,,,,,,,,,,,,1,From Counter,Geny Cipriano Catamo,127300.0,Right Wing,48,Mozambique,4978,['09bf5585-b18f-4b56-bdf3-40a93e968a0e'],20,,,,,,,,,,,,,,,,Mozambique,4978,00:27:20.410,Foul Won,True
,,,,,,,,,,,,,,,,,0.0,,,,,,,True,,,,,,,,1e84f3cd-2b50-4a5c-9df7-8d4fe63b9b19,867,,"[48.4, 8.5]",3920410,29,,,,,,,,,,,,,,,,,,,,,,,,,1,From Throw In,Gideon Mensah,23615.0,Left Back,53,Mozambique,4978,['7f7c1fac-ce1e-4bb4-821c-a23569fbaf50'],36,,,,,,,,,,,,,,,,Ghana,4885,00:29:36.343,Foul Won,True
,,,,,,,,,,,,,,,,,0.0,,,,,,,True,,,,,,,,34d3bde0-90c4-4a6f-8c1e-df5e79f1c126,876,,"[67.9, 11.7]",3920410,32,,,,,,,,,,,,,,,,,,,,,,,,,1,From Free Kick,Jordan Ayew,3450.0,Left Wing,54,Ghana,4885,"['53641ed7-47e0-48aa-9b08-5300c351f2ff', 'a0642598-1de0-4a57-ad0d-32e7a03b8a61']",30,,,,,,,,,,,,,,,,Ghana,4885,00:32:30.263,Foul Won,True
,,,,,,,,,,,,,,,,,0.0,,,,,,,True,,,,,,,,a2caf6cb-e909-4358-b59a-238380ff4630,895,,"[50.0, 73.4]",3920410,33,,,,,,,,,,,,,,,,,,,,,,,,,1,From Free Kick,Infren David da Conceição Matola,417067.0,Right Back,55,Ghana,4885,['4a78f8bf-8117-4783-ad17-93f987708ef4'],7,,,,,,,,,,,,,,,,Mozambique,4978,00:33:07.063,Foul Won,True
,,,,,,,,,,,,,,,,,0.0,,,,,,,,,,,,,,,31706dad-a4b1-42c2-bb47-c7f3f4012905,966,,"[55.6, 45.7]",3920410,36,,,,,,,,,,,,,,,,,,,,,,,,,1,From Throw In,Alfons Amade,23706.0,Right Defensive Midfield,58,Mozambique,4978,['079d7420-26e4-4098-9682-71557b3df36c'],6,,,,,,,,,,,,,,,,Mozambique,4978,00:36:06.704,Foul Won,True
,,,,,,,,,,,,,,,,,0.0,,,,,,,,,,,,,,,4829d487-c546-42d7-a166-2b42ebca4d56,1074,,"[6.3, 53.1]",3920410,38,,,,,,,,,,,,,,,,,,,,,,,,,1,Regular Play,Reinildo Isnard Mandava,10848.0,Left Center Back,63,Mozambique,4978,['f4685cb8-8f88-4d6d-9af9-41a8f2b8cf69'],21,,,,,,,,,,,,,,,,Mozambique,4978,00:38:21.869,Foul Won,True
,,,,,,,,,,,,,,,,,0.0,,,,,,,,,,,,,,,a5e50b3e-4112-46c7-9367-d323119f7b6a,1102,,"[55.4, 63.3]",3920410,39,,,,,,,,,,,,,,,,,,,,,,,,,1,From Free Kick,Infren David da Conceição Matola,417067.0,Right Back,64,Mozambique,4978,['8ab98343-20e0-4ecf-92bf-69013149fea5'],24,,,,,,,,,,,,,,,,Mozambique,4978,00:39:24.830,Foul Won,True
,,,,,,,,,,,,,,,,,0.0,,,,,,,,,,,,,,,e05900cd-815e-4fd2-a4c8-caaf43295196,1120,,"[7.4, 70.5]",3920410,39,,,,,,,,,,,,,,,,,,,,,,,,,1,From Free Kick,Infren David da Conceição Matola,417067.0,Right Back,65,Mozambique,4978,['736e1b33-cfbc-4b96-8084-8ce085554309'],56,,,,,,,,,,,,,,,,Mozambique,4978,00:39:56.949,Foul Won,True
,,,,,,,,,,,,,,,,,0.0,,,,,,,True,,,,,,,,74a0ea06-0694-4863-963a-31cc50a085a0,1165,,"[62.2, 67.5]",3920410,40,,,,,,,,,,,,,,,,,,,,,,,,,1,From Free Kick,Edson André Sitoe,3250.0,Right Center Back,66,Mozambique,4978,['091d294b-8050-4002-aafa-727c601993ac'],59,,,,,,,,,,,,,,,,Mozambique,4978,00:40:59.636,Foul Won,True
,,,,,,,,,,,,,,,,,0.0,,,,,,,True,,,,,,,,303f4aa0-22fd-46ff-a13e-1ff3715e3c89,1351,,"[13.0, 2.5]",3920410,46,,,,,,,,,,,,,,,,,,,,,,,,,1,Regular Play,Reinildo Isnard Mandava,10848.0,Left Center Back,75,Ghana,4885,['e49cecae-1c11-4b2c-b6b1-135858f996f6'],5,,,,,,,,,,,,,,,,Mozambique,4978,00:46:05.705,Foul Won,True
,,,,,,,,,,,,,,,,,0.0,,,,,,,True,,,,,,,,d7057a08-c195-48df-ad33-48e3b4055ee2,1462,,"[19.3, 34.4]",3920410,49,,,,,,,,,,,,,,,,,,,,,,,,,1,Regular Play,Witiness Chimoio João Quembo,10865.0,Left Wing,81,Ghana,4885,"['63ca2046-9c5d-4c1f-9412-8f0701bd0e99', '4612650f-fb8e-4e7b-8400-01337084b9cf']",47,,,,,,,,,,,,,,,,Mozambique,4978,00:49:47.562,Foul Won,True
,,,,,,,,,,,,,,,,,0.0,,,,,,,,,,,,,,,35220196-a3c9-41a2-9668-582a52647fec,1503,,"[39.0, 54.7]",3920410,45,,,,,,,,,,,,,,,,,,,,,,,,,2,Regular Play,Ricardo Martins Guimarães,29482.0,Center Attacking Midfield,83,Mozambique,4978,['2796e88f-48a3-446c-b030-8b07bf90c002'],24,,,,,,,,,,,,,,,,Mozambique,4978,00:00:24.624,Foul Won,True
,,,,,,,,,,,,,,,,,0.0,,,,,,,,,,,,,,,40987b9f-2d13-4754-891a-56b2d0162bf0,1507,,"[70.3, 15.8]",3920410,45,,,,,,,,,,,,,,,,,,,,,,,,,2,From Free Kick,Bruno Alberto Langa,106070.0,Left Back,84,Mozambique,4978,['94e109f9-b417-4c8e-9f95-d17bd9cf0133'],44,,,,,,,,,,,,,,,,Mozambique,4978,00:00:44.260,Foul Won,True
,,,,,,,,,,,,,,,,,0.0,,,,,,,True,,,,,,,,dad70948-35b4-47f5-ba4e-59786bd7acaa,1575,,"[62.4, 9.7]",3920410,47,,,,,,,,,,,,,,,,,,,,,,,,,2,From Goal Kick,Ricardo Martins Guimarães,29482.0,Center Attacking Midfield,87,Ghana,4885,['488dd97b-7562-4d28-bb30-1fa166343ff7'],58,,,,,,,,,,,,,,,,Mozambique,4978,00:02:58.419,Foul Won,
,,,,,,,,,,,,,,,,,0.0,,,,,,,,,,,,,,,9cc23e93-1b3c-4479-bd4f-f88bc7961e10,1585,,"[54.3, 76.6]",3920410,48,,,,,,,,,,,,,,,,,,,,,,,,,2,From Free Kick,Geny Cipriano Catamo,127300.0,Right Wing,88,Mozambique,4978,['fbc449e3-680d-4513-bda7-7628b7bef79e'],37,,,,,,,,,,,,,,,,Mozambique,4978,00:03:37.916,Foul Won,True
,,,,,,,,,,,,,,,,,0.0,,,,,,,,,,,,,,,28764e21-0ab1-4a9b-ac87-4202fc302dbc,1607,,"[4.9, 38.7]",3920410,49,,,,,,,,,,,,,,,,,,,,,,,,,2,From Free Kick,Richard Ofori Antwi,68757.0,Goalkeeper,89,Mozambique,4978,['d9ef728d-55be-4042-8cf5-175e37a0f257'],2,,,,,,,,,,,,,,,,Ghana,4885,00:04:02.769,Foul Won,True
,,,,,,,,,,,,,,,,,0.0,,,,,,,True,,,,,,,,f051e754-c518-4f61-8a70-960f9cc73e69,1614,,"[29.2, 21.9]",3920410,49,,,,,,,,,,,,,,,,,,,,,,,,,2,From Free Kick,Edson André Sitoe,3250.0,Right Center Back,90,Ghana,4885,"['68ae465f-24d3-406b-823c-81af3fc8e90e', 'c2a27717-3178-45cd-b9fc-56a3bc1235bb']",44,,,,,,,,,,,,,,,,Mozambique,4978,00:04:44.414,Foul Won,True
,,,,,,,,,,,,,,,,,0.0,,,,,,,,,,,,,,,c1281b73-889c-47e7-bd4b-0e544399d86f,1722,,"[64.3, 33.1]",3920410,52,,,,,,,,,,,,,,,,,,,,,,,,,2,Regular Play,Alfons Amade,23706.0,Right Defensive Midfield,97,Mozambique,4978,"['1acdb7b8-b416-412d-a2b4-58ca02f2b88d', '693ec07d-2a86-474a-99ce-063b04e5d99c']",30,,,,,,,,,,,,,,,,Mozambique,4978,00:07:30.631,Foul Won,True
,,,,,,,,,,,,,,,,,0.0,,,,,,,,,,,,,,,7b016443-2023-4f61-b22b-d7be98ca2814,1777,,"[86.3, 52.8]",3920410,54,,,,,,,,,,,,,,,,,,,,,,,,,2,From Keeper,Mohammed Kudus,17033.0,Center Attacking Midfield,101,Ghana,4885,"['48e37cc4-7df8-4efd-beb2-caf37e387c58', '85bd8a0d-0e3f-44d5-a9bc-ca74f6d01b0a']",33,,,,,,,,,,,,,,,,Ghana,4885,00:09:33.199,Foul Won,True
,,,,,,,,,,,,,,,,,0.0,,,,,,,True,,,,,,,,8d023925-3ac9-448a-ba79-58a60f0b8f34,1863,,"[70.3, 8.4]",3920410,57,,,,,,,,,,,,,,,,,,,,,,,,,2,From Counter,Witiness Chimoio João Quembo,10865.0,Left Wing,107,Mozambique,4978,"['cae410fa-6398-4b6e-b155-0ca3fb7ab308', 'fd2c0f24-fea4-4eec-834c-f68642484651']",52,,,,,,,,,,,,,,,,Mozambique,4978,00:12:52.083,Foul Won,True
,,,,,,,,,,,,,,,,,0.0,,,,,,True,,,,,,,,,4b905d15-8b7f-46e3-bab4-7dba0d656a86,1913,,"[76.9, 15.8]",3920410,59,,,,,,,,,,,,,,,,,,,,,,,,,2,From Free Kick,Witiness Chimoio João Quembo,10865.0,Left Wing,108,Mozambique,4978,"['0f2b0c78-f317-4ed6-b548-8eeadf00bd0d', 'a99784dd-b5a3-4901-a42e-8b37511fe87d']",13,,,,,,,,,,,,,,,,Mozambique,4978,00:14:13.446,Foul Won,True
,,,,,,,,,,,,,,,,,0.0,,,,,,,,,,,,,,,0ecce50d-edc0-4df7-98eb-1d30411e75b0,1989,,"[84.9, 25.4]",3920410,61,,,,,,,,,,,,,,,,,,,,,,,,,2,Regular Play,Ricardo Martins Guimarães,29482.0,Center Attacking Midfield,112,Mozambique,4978,['db9a840a-3345-4888-b1a3-1bb909896923'],46,,,,,,,,,,,,,,,,Mozambique,4978,00:16:46.771,Foul Won,True
,,,,,,,,,,,,,,,,,0.0,,,,,,,True,,,,,,,,8d4b6541-2d37-498e-b212-b308840a92fa,2083,,"[73.8, 16.4]",3920410,72,,,,,,,,,,,,,,,,,,,,,,,,,2,From Goal Kick,Pachoio Lau Há King,106082.0,Center Forward,121,Ghana,4885,['db90490c-1bf8-419c-92ac-1bde6194fafb'],19,,,,,,,,,,,,,,,,Mozambique,4978,00:27:19.621,Foul Won,True
,,,,,,,,,,,,,,,,,0.0,,,,,,,,,,,,,,,34e81a51-9809-491d-b5b6-1dd4ef149775,2131,,"[94.0, 67.9]",3920410,73,,,,,,,,,,,,,,,,,,,,,,,,,2,From Free Kick,Elias Gaspar Pelembe,106074.0,Left Defensive Midfield,122,Mozambique,4978,['aeb8e390-5b33-4b94-9fda-b3ee83c5b569'],37,,,,,,,,,,,,,,,,Mozambique,4978,00:28:37.490,Foul Won,True
,,,,,,,,,,,,,,,,,0.0,,,,,,,,,,,,,,,6e9c6136-6a8d-4066-8f51-0a0afc3570ac,2196,,"[51.3, 77.0]",3920410,78,,,,,,,,,,,,,,,,,,,,,,,,,2,Regular Play,Geny Cipriano Catamo,127300.0,Right Midfield,126,Mozambique,4978,['27c4c136-8ca8-43db-bce1-208399babeb7'],2,,,,,,,,,,,,,,,,Mozambique,4978,00:33:02.225,Foul Won,True
,,,,,,,,,,,,,,,,,0.0,,,,,,,,,,,,,,,5d6ba397-852b-43c4-bf89-263d6e7a63a3,2328,,"[92.8, 31.9]",3920410,81,,,,,,,,,,,,,,,,,,,,,,,,,2,Regular Play,Mohammed Kudus,17033.0,Right Attacking Midfield,133,Ghana,4885,"['411c4ff0-200a-43da-8707-c48b92307cb3', '41919745-9645-4e1d-b0bc-6bce8d9b066f']",35,,,,,,,,,,,,,,,,Ghana,4885,00:36:35.894,Foul Won,True
,,,,,,,,,,,,,,,,,0.0,,,,,,,,,,,,,,,b0af2da4-eb8d-49a7-b8a7-fb4e0c645c2d,2485,,"[84.6, 19.2]",3920410,88,,,,,,,,,,,,,,,,,,,,,,,,,2,Regular Play,Elias Gaspar Pelembe,106074.0,Center Attacking Midfield,142,Mozambique,4978,['8a8be0d4-499d-417e-a284-8fbbb8536276'],37,,,,,,,,,,,,,,,,Mozambique,4978,00:43:37.863,Foul Won,True
,,,,,,,,,,,,,,,,,0.0,,,,,,,True,,,,,,,,0670222c-49a5-48b0-9136-ddd9a89f4407,2554,,"[1.3, 39.5]",3920410,94,,,,,,,,,,,,,,,,,,,,,,,,,2,From Corner,Ivane Carminio Francisco Urrubal,161718.0,Goalkeeper,151,Ghana,4885,['28ea9ce2-5d99-43f2-ba61-3c9c55ead976'],41,,,,,,,,,,,,,,,,Mozambique,4978,00:49:41.379,Foul Won,True
,,,,,,,,,,,,,,,,,0.0,,,,,,,,,,,,,,,6eda097a-ce4a-46c1-93d2-49eca343f204,117,,"[100.1, 30.4]",3920410,3,,,,,,,,,,,,,,,,,,,,,,,,,1,From Free Kick,Jordan Ayew,3450.0,Left Wing,6,Ghana,4885,['a0386fbe-fae9-4306-ab9b-1e51dfc55d79'],39,,,,,,,,,,,,,,,,Ghana,4885,00:03:39.433,Dispossessed,True
,,,,,,,,,,,,,,,,,0.0,,,,,,,,,,,,,,,23bbbbe1-8a0d-4f9d-a0d6-e7d123bcbebd,174,,"[71.7, 17.0]",3920410,4,,,,,,,,,,,,,,,,,,,,,,,,,1,Regular Play,Ricardo Martins Guimarães,29482.0,Center Attacking Midfield,7,Mozambique,4978,"['89e334f9-ad4a-4b70-8645-285304b0f65a', 'e5db9c74-6d7a-4653-8e52-4fdf60961cdb']",35,,,,,,,,,,,,,,,,Mozambique,4978,00:04:35.483,Dispossessed,True
,,,,,,,,,,,,,,,,,0.0,,,,,,,,,,,,,,,7293d74e-3a51-4bfe-8177-9aa50f75579e,228,,"[52.8, 66.8]",3920410,6,,,,,,,,,,,,,,,,,,,,,,,,,1,From Throw In,Infren David da Conceição Matola,417067.0,Right Back,11,Mozambique,4978,"['ead7b2a3-82a7-4dff-a690-5b5b61c8e082', 'bf409e9d-f8ce-43b3-8484-8f459b4397a6']",40,,,,,,,,,,,,,,,,Mozambique,4978,00:06:40.726,Dispossessed,True
,,,,,,,,,,,,,,,,,0.0,,,,,,,,,,,,,,,b88a40ec-342b-45d9-b55f-bd1b28e9d11a,295,,"[62.9, 11.3]",3920410,8,,,,,,,,,,,,,,,,,,,,,,,,,1,From Free Kick,Mohammed Kudus,17033.0,Center Attacking Midfield,15,Mozambique,4978,['82bfd915-7454-430f-aefd-b0eabf6dadb3'],21,,,,,,,,,,,,,,,,Ghana,4885,00:08:21.503,Dispossessed,True
,,,,,,,,,,,,,,,,,0.0,,,,,,,,,,,,,,,459d447a-1c4a-49db-8f2a-e6df45e0ef5f,511,,"[34.8, 64.0]",3920410,19,,,,,,,,,,,,,,,,,,,,,,,,,1,Regular Play,Alfons Amade,23706.0,Right Defensive Midfield,32,Mozambique,4978,['ea897a89-8189-4794-9de5-e39268272348'],52,,,,,,,,,,,,,,,,Mozambique,4978,00:19:52.383,Dispossessed,True
,,,,,,,,,,,,,,,,,0.0,,,,,,,,,,,,,,,91fe0d39-72e9-4fb6-a7cd-f855c2d70371,693,,"[111.2, 17.0]",3920410,24,,,,,,,,,,,,,,,,,,,,,,,,,1,From Free Kick,Mohammed Kudus,17033.0,Center Attacking Midfield,40,Ghana,4885,['2fd695a3-caf9-44c1-8e49-0f2e48447343'],24,,,,,,,,,,,,,,,,Ghana,4885,00:24:24.090,Dispossessed,True
,,,,,,,,,,,,,,,,,0.0,,,,,,,,,,,,,,,374958fe-4bd6-4bc3-a254-323466c83bcf,819,,"[76.2, 50.2]",3920410,27,,,,,,,,,,,,,,,,,,,,,,,,,1,From Throw In,Salis Abdul Samed,31029.0,Left Defensive Midfield,47,Ghana,4885,['c45ad8ae-1d53-43de-8b65-7c45298f9ab0'],15,,,,,,,,,,,,,,,,Ghana,4885,00:27:15.690,Dispossessed,True
,,,,,,,,,,,,,,,,,0.0,,,,,,,,,,,,,,,200414db-6077-4e47-89b7-96400c5eb192,1070,,"[111.9, 27.8]",3920410,38,,,,,,,,,,,,,,,,,,,,,,,,,1,Regular Play,Antoine Semenyo,9286.0,Center Forward,62,Ghana,4885,"['80440c1a-269a-4748-ba1f-b3567e96ff28', '5ac09850-be90-43c8-9a32-65c186ca2ce4']",20,,,,,,,,,,,,,,,,Ghana,4885,00:38:20.872,Dispossessed,True
,,,,,,,,,,,,,,,,,0.0,,,,,,,,,,,,,,,7fda7941-9da0-489f-bd9a-8cf044fb5617,1370,,"[86.3, 62.9]",3920410,46,,,,,,,,,,,,,,,,,,,,,,,,,1,From Free Kick,Geny Cipriano Catamo,127300.0,Right Wing,76,Mozambique,4978,"['57f5753e-896a-44ec-99f2-a8376f7c0520', '65217d9a-d8d7-46b8-8116-8eeb686e604e']",35,,,,,,,,,,,,,,,,Mozambique,4978,00:46:35.844,Dispossessed,True
,,,,,,,,,,,,,,,,,0.0,,,,,,,,,,,,,,,4102b6a5-2846-4c84-9a68-ba55efdc8172,1374,,"[49.0, 21.1]",3920410,46,,,,,,,,,,,,,,,,,,,,,,,,,1,Regular Play,Mohammed Kudus,17033.0,Center Attacking Midfield,77,Ghana,4885,['b8f76ecf-61a3-4e6e-a700-e0cc40a86a74'],42,,,,,,,,,,,,,,,,Ghana,4885,00:46:42.196,Dispossessed,True
,,,,,,,,,,,,,,,,,0.0,,,,,,,,,,,,,,,99f88c83-ba60-41f4-83d5-e84dfaec6141,2028,,"[111.3, 9.8]",3920410,65,,,,,,,,,,,,,,,,,,,,,,,,,2,From Throw In,Bruno Alberto Langa,106070.0,Left Back,115,Mozambique,4978,['94423771-5283-41e1-8f0b-dc0b7c16d1ef'],6,,,,,,,,,,,,,,,,Mozambique,4978,00:20:06.437,Dispossessed,True
,,,,,,,,,,,,,,,,,0.0,,,,,,,,,,,,,,,3a46881a-5466-42f9-8e5a-16d73acd697d,2101,,"[91.5, 20.3]",3920410,73,,,,,,,,,,,,,,,,,,,,,,,,,2,From Free Kick,Bruno Alberto Langa,106070.0,Left Back,122,Mozambique,4978,['fb5b2612-b88f-48e0-9b7f-3318d1a42e3d'],8,,,,,,,,,,,,,,,,Mozambique,4978,00:28:08.937,Dispossessed,True
,,,,,,,,,,,,,,,,,0.0,,,,,,,,,,,,,,,bc535f5e-4da8-446d-b545-e18ed89691db,2147,,"[85.8, 2.2]",3920410,77,,,,,,,,,,,,,,,,,,,,,,,,,2,From Throw In,Jordan Ayew,3450.0,Left Attacking Midfield,125,Ghana,4885,['e9231c47-3f12-46a1-8d13-d7b6f8a22bae'],3,,,,,,,,,,,,,,,,Ghana,4885,00:32:03.648,Dispossessed,True
,,,,,,,,,,,,,,,,,0.0,,,,,,,,,,,,,,,decae155-348a-45db-849d-085428809d8c,2227,,"[75.3, 64.6]",3920410,78,,,,,,,,,,,,,,,,,,,,,,,,,2,From Free Kick,Ricardo Martins Guimarães,29482.0,Right Defensive Midfield,127,Mozambique,4978,['410671e5-9469-4098-925c-7443eaaec9de'],53,,,,,,,,,,,,,,,,Mozambique,4978,00:33:53.751,Dispossessed,True
,,,,,,,,,,,,,,,,,0.0,,,,,,,,,,,,,,,90839706-7bff-4eb1-9df1-cc566eec33ef,152,,"[95.5, 60.2]",3920410,4,,,,,,,,,,,,,,,,,,,,,,,,,1,Regular Play,Antoine Semenyo,9286.0,Center Forward,7,Mozambique,4978,"['b59838bf-35b0-47c3-9b9a-6f3cdaa1e67b', '07b82f1f-6c8a-4efc-86ba-fae184de54af']",15,,,,,,,,,,,,,,,,Ghana,4885,00:04:15.268,Dribbled Past,
,,,,,,,,,,,,,,,,,0.0,,,,,,,,,,,,,,,0566d423-7834-450f-9fdb-1542eeedf54e,252,,"[6.5, 69.4]",3920410,6,,,,,,,,,,,,,,,,,,,,,,,,,1,Regular Play,Feliciano João Jone,129475.0,Left Defensive Midfield,12,Ghana,4885,"['87500c84-d834-44c0-aca5-205d98caed0f', '184da0a9-3109-475a-ae79-b934f215a83f', 'ac0a4da5-5a3d-41c2-8f56-6f30c1d3649f']",59,,,,,,,,,,,,,,,,Mozambique,4978,00:06:59.190,Dribbled Past,
,,,,,,,,,,,,,,,,,0.0,,,,,,,,,,,,,,,5e3c1c6f-c09e-49d5-ba57-724a6ecdffcf,362,,"[89.0, 27.8]",3920410,11,,,,,,,,,,,,,,,,,,,,,,,,,1,From Throw In,Majeed Ashimeru,30693.0,Right Defensive Midfield,22,Mozambique,4978,"['687c0c19-c2b8-4087-a7cb-0553a3a511fa', 'de8df54f-86bb-43b7-a677-ed109d4b14a0']",19,,,,,,,,,,,,,,,,Ghana,4885,00:11:19.641,Dribbled Past,
,,,,,,,,,,,,,,,,,0.0,,,,,,,,,,,,,,,9c39a0fc-fcd1-4050-9a5a-a39cab94f989,416,,"[8.5, 57.0]",3920410,12,,,,,,,,,,,,,,,,,,,,,,,,,1,Regular Play,Edson André Sitoe,3250.0,Right Center Back,23,Ghana,4885,"['4504abae-749e-478b-a7b7-780a19a41b7f', '70009661-fdee-46ad-ba29-cd2003bfd3c0']",12,,,,,,,,,,,,,,,,Mozambique,4978,00:12:12.346,Dribbled Past,
,,,,,,,,,,,,,,,,,0.0,,,,,,,,,,,,,,,8b303fc9-9db3-4708-9bbd-0b77c1fd4245,706,,"[77.3, 7.8]",3920410,24,,,,,,,,,,,,,,,,,,,,,,,,,1,Regular Play,Mohamed Salisu,30519.0,Left Center Back,41,Mozambique,4978,"['676d9f93-7346-405b-b647-f82f0db2b0e2', '0ccb31a5-afc3-4c30-8d27-f50f5dc1fb38']",29,,,,,,,,,,,,,,,,Ghana,4885,00:24:29.781,Dribbled Past,
,,,,,,,,,,,True,,,,,,0.0,,,,,,,,,,,,,,,c1a2c506-d00c-4f28-a131-0e0d1e2d817c,728,,"[98.8, 63.3]",3920410,25,,,,,,,,,,,,,,,,,,,,,,,,,1,Regular Play,Joseph Paintsil,16546.0,Right Wing,43,Mozambique,4978,"['66f508d4-d2ae-499d-8f58-d4da3682f998', 'f2d8f0fc-f0f1-4978-a1dd-6f82d6133884']",11,,,,,,,,,,,,,,,,Ghana,4885,00:25:11.030,Dribbled Past,
,,,,,,,,,,,,,,,,,0.0,,,,,,,,,,,,,,,1d4ed04f-2aed-434a-95f5-2eaa8b127743,908,,"[10.8, 58.7]",3920410,33,,,,,,,,,,,,,,,,,,,,,,,,,1,From Free Kick,Alexander Djiku,2989.0,Right Center Back,56,Mozambique,4978,"['b58fbf68-7994-4348-8611-f3a32587c167', '30fe7282-4f12-4db5-9634-c131954ceff3']",25,,,,,,,,,,,,,,,,Ghana,4885,00:33:25.477,Dribbled Past,
,,,,,,,,,,,,,,,,,0.0,,,,,,,,,,,,,,,6d454c97-98e3-40e6-aade-80d41799b286,1021,,"[101.1, 77.7]",3920410,37,,,,,,,,,,,,,,,,,,,,,,,,,1,Regular Play,Infren David da Conceição Matola,417067.0,Right Back,62,Ghana,4885,"['2e13c215-a154-419c-b275-363f01fa8182', '1f6d65d3-7a16-4151-b084-f39ad5fdf929']",34,,,,,,,,,,,,,,,,Mozambique,4978,00:37:34.182,Dribbled Past,
,,,,,,,,,,,,,,,,,0.0,,,,,,,,,,,,,,,6d4cf33c-3d17-4ba3-8d84-1074d03da8c5,1097,,"[77.9, 7.0]",3920410,39,,,,,,,,,,,,,,,,,,,,,,,,,1,From Free Kick,Gideon Mensah,23615.0,Left Back,64,Mozambique,4978,"['473d9134-bc80-472d-b3f5-a9417a04ca0f', '032e32c0-de63-43fd-80b3-f4e907b9906f']",21,,,,,,,,,,,,,,,,Ghana,4885,00:39:21.390,Dribbled Past,
,,,,,,,,,,,True,,,,,,0.0,,,,,,,,,,,,,,,9e649d17-d9c6-4a11-837c-e1d8891586b6,1344,,"[84.8, 24.0]",3920410,45,,,,,,,,,,,,,,,,,,,,,,,,,1,Regular Play,Alfons Amade,23706.0,Right Defensive Midfield,75,Ghana,4885,"['c2c8bb50-9ae5-432c-9219-adc7bc872c43', 'b18a4ec5-25ed-4033-9728-b3f6f62bde0a', '061d61ef-52f7-4623-bca6-16098eb45b4c']",56,,,,,,,,,,,,,,,,Mozambique,4978,00:45:56.805,Dribbled Past,
,,,,,,,,,,,,,,,,,0.0,,,,,,,,,,,,,,,a299bfce-d876-4c1a-81d9-c866554b501c,2009,,"[22.3, 68.9]",3920410,63,,,,,,,,,,,,,,,,,,,,,,,,,2,Regular Play,Denis Odoi,12259.0,Right Back,114,Mozambique,4978,"['5deda876-3d58-4bee-9fa2-d2d55f969a91', '26d59349-3b45-4fe4-8c56-e192522b2f9d', '2312e91b-0980-445f-856b-44b697e0f287']",29,,,,,,,,,,,,,,,,Ghana,4885,00:18:29.047,Dribbled Past,
,,,,,,,,,,,True,,,,,,0.0,,,,,,,,,,,,,,,0de80593-778c-4ffb-9e26-487156368642,2040,,"[98.8, 26.1]",3920410,65,,,,,,,,,,,,,,,,,,,,,,,,,2,Regular Play,Ricardo Martins Guimarães,29482.0,Center Attacking Midfield,117,Ghana,4885,"['daecba4d-ac07-4eb2-b05a-b87c48bb4b6f', 'f970dfed-8a52-4bc7-8a24-dae0e21c162b', 'baec0dcd-05a8-46c1-9799-01bfdceaf040']",19,,,,,,,,,,,,,,,,Mozambique,4978,00:20:19.116,Dribbled Past,
,,,,,,,,,,,,,,,,,0.0,,,,,,,,,,,,,,,b5d94bd4-95b0-4b2b-9151-3c2601e901f7,2357,,"[25.5, 78.7]",3920410,84,,,,,,,,,,,,,,,,,,,,,,,,,2,From Keeper,Ricardo Martins Guimarães,29482.0,Right Defensive Midfield,136,Mozambique,4978,"['f2b13bbc-facd-4c72-b9e0-f1d6fe3f0d0e', '34f17a73-2a13-4f4a-8e11-006ede6c03b3']",57,,,,,,,,,,,,,,,,Mozambique,4978,00:39:57.425,Dribbled Past,
,,,,,,,,,,,,,,Complete,,,0.0,,,,,,,,,,,,,,,b59838bf-35b0-47c3-9b9a-6f3cdaa1e67b,153,,"[24.6, 19.9]",3920410,4,,,,,,,,,,,,,,,,,,,,,,,,,1,Regular Play,Reinildo Isnard Mandava,10848.0,Left Center Back,7,Mozambique,4978,['90839706-7bff-4eb1-9df1-cc566eec33ef'],15,,,,,,,,,,,,,,,,Mozambique,4978,00:04:15.268,Dribble,True
,,,,,,,,,,,,,,Complete,,,0.0,,,,,,,,,,,,,,,184da0a9-3109-475a-ae79-b934f215a83f,253,,"[113.6, 10.7]",3920410,6,,,,,,,,,,,,,,,,,,,,,,,,,1,Regular Play,Mohammed Kudus,17033.0,Center Attacking Midfield,12,Ghana,4885,['0566d423-7834-450f-9fdb-1542eeedf54e'],59,,,,,,,,,,,,,,,,Ghana,4885,00:06:59.190,Dribble,True
,,,,,,,,,,,,,,Incomplete,,,0.403453,,,,,,,,,,,,,,,64e2ddf9-6a0e-44ea-ba82-6eec05aac7b4,287,,"[88.0, 73.4]",3920410,8,,,,,,,,,,,,,,,,,,,,,,,,,1,From Free Kick,Geny Cipriano Catamo,127300.0,Right Wing,15,Mozambique,4978,"['ad3dfa8c-fc7c-41c0-8ee0-58261e2f4f24', '61af7450-98f6-41ce-a2e6-5a781511c49c']",16,,,,,,,,,,,,,,,,Mozambique,4978,00:08:16.510,Dribble,True
,,,,,,,,,,,,,,Incomplete,,,0.0,,,,,,,,,,,,,,,c8f04b48-4bb2-4399-9f0e-c32fe4ea6816,339,,"[83.6, 4.1]",3920410,10,,,,,,,,,,,,,,,,,,,,,,,,,1,From Throw In,Antoine Semenyo,9286.0,Center Forward,18,Ghana,4885,['590791f8-5a8f-4295-aea5-e38da0ae2c2d'],13,,,,,,,,,,,,,,,,Ghana,4885,00:10:13.630,Dribble,True
,,,,,,,,,,,,,,Complete,,,0.0,,,,,,,,,,,,,,,687c0c19-c2b8-4087-a7cb-0553a3a511fa,363,,"[31.1, 52.3]",3920410,11,,,,,,,,,,,,,,,,,,,,,,,,,1,From Throw In,Feliciano João Jone,129475.0,Left Defensive Midfield,22,Mozambique,4978,['5e3c1c6f-c09e-49d5-ba57-724a6ecdffcf'],19,,,,,,,,,,,,,,,,Mozambique,4978,00:11:19.641,Dribble,True
,,,,,,,,,,,,,,Complete,,,0.0,,,,,,,,,,,,,,,4504abae-749e-478b-a7b7-780a19a41b7f,417,,"[111.6, 23.1]",3920410,12,,,,,,,,,,,,,,,,,,,,,,,,,1,Regular Play,Joseph Paintsil,16546.0,Right Wing,23,Ghana,4885,"['62e4cd9f-ab01-4117-972d-96634af5b177', '9c39a0fc-fcd1-4050-9a5a-a39cab94f989']",12,,,,,,,,,,,,,,,,Ghana,4885,00:12:12.346,Dribble,True
,,,,,,,,,,,,,,Complete,,,0.0,,,,,,,,,,,,,,,676d9f93-7346-405b-b647-f82f0db2b0e2,707,,"[42.8, 72.3]",3920410,24,,,,,,,,,,,,,,,,,,,,,,,,,1,Regular Play,Ricardo Martins Guimarães,29482.0,Center Attacking Midfield,41,Mozambique,4978,"['b8253011-67f8-496e-af6f-f2633e2490ff', '8b303fc9-9db3-4708-9bbd-0b77c1fd4245']",29,,,,,,,,,,,,,,,,Mozambique,4978,00:24:29.781,Dribble,True
,,,,,,,,,,,,,,Complete,,,0.0,,,,,,,,,,,,,,,66f508d4-d2ae-499d-8f58-d4da3682f998,729,,"[21.3, 16.8]",3920410,25,,,,,,,,,,,,,,,,,,,,,,,,,1,Regular Play,Bruno Alberto Langa,106070.0,Left Back,43,Mozambique,4978,"['5a2c8e87-b9d3-483b-bb84-f12bba9daee5', 'c1a2c506-d00c-4f28-a131-0e0d1e2d817c']",11,,,,,,,,,,,,,,,,Mozambique,4978,00:25:11.030,Dribble,True
,,,,,,,,,,,,,,Complete,,,0.0,,,,,,,,,,,,,,,b58fbf68-7994-4348-8611-f3a32587c167,909,,"[109.3, 21.4]",3920410,33,,,,,,,,,,,,,,,,,,,,,,,,,1,From Free Kick,Bruno Alberto Langa,106070.0,Left Back,56,Mozambique,4978,['1d4ed04f-2aed-434a-95f5-2eaa8b127743'],25,,,,,,,,,,,,,,,,Mozambique,4978,00:33:25.477,Dribble,True
,,,,,,,,,,,,,,Complete,,,0.0,,,,,,,,,,,,,,,1f6d65d3-7a16-4151-b084-f39ad5fdf929,1022,,"[19.0, 2.4]",3920410,37,,,,,,,,,,,,,,,,,,,,,,,,,1,Regular Play,Jordan Ayew,3450.0,Left Wing,62,Ghana,4885,['6d454c97-98e3-40e6-aade-80d41799b286'],34,,,,,,,,,,,,,,,,Ghana,4885,00:37:34.182,Dribble,True
,,,,,,,,,,,,,,Complete,,,0.0,,,,,,,,,,,,,,,032e32c0-de63-43fd-80b3-f4e907b9906f,1098,,"[42.2, 73.1]",3920410,39,,,,,,,,,,,,,,,,,,,,,,,,,1,From Free Kick,Infren David da Conceição Matola,417067.0,Right Back,64,Mozambique,4978,['6d4cf33c-3d17-4ba3-8d84-1074d03da8c5'],21,,,,,,,,,,,,,,,,Mozambique,4978,00:39:21.390,Dribble,True
,,,,,,,,,,,,,,Incomplete,,,0.0,,,,,,,,,,,,,,,04522698-bacb-439e-a5bb-9952813e67df,1115,,"[109.0, 14.1]",3920410,39,,,,,,,,,,,,,,,,,,,,,,,,,1,From Free Kick,Jordan Ayew,3450.0,Left Wing,65,Mozambique,4978,['5749291a-a809-4986-a350-9e54265645ea'],54,,,,,,,,,,,,,,,,Ghana,4885,00:39:54.349,Dribble,True
,,,,,,,,,,,,,,Complete,,,0.0,,,,,,,,,,,,,,,b18a4ec5-25ed-4033-9728-b3f6f62bde0a,1345,,"[35.3, 56.1]",3920410,45,,,,,,,,,,,,,,,,,,,,,,,,,1,Regular Play,Joseph Paintsil,16546.0,Right Wing,75,Ghana,4885,['9e649d17-d9c6-4a11-837c-e1d8891586b6'],56,,,,,,,,,,,,,,,,Ghana,4885,00:45:56.805,Dribble,True
,,,,,,,,,,,,,,Incomplete,,,0.0,,,,,,,,,,,,,,,9ce119e4-5b4f-4012-880f-73f2bfdb8b73,1547,,"[111.9, 56.5]",3920410,46,,,,,,,,,,,,,,,,,,,,,,,,,2,From Throw In,Ricardo Martins Guimarães,29482.0,Center Attacking Midfield,86,Mozambique,4978,"['159be688-00d2-4013-b1d4-097bcc5f3edd', 'd120638f-f797-49b3-afcf-56acf8b2ac04']",59,,,,,,,,,,,,,,,,Mozambique,4978,00:01:59.297,Dribble,True
,,,,,,,,,,,,,,Incomplete,,,0.0,,,,,,,,,,,,,,,f9e180e4-16de-4208-aa9a-048bf9935d73,1898,,"[86.4, 4.2]",3920410,59,,,,,,,,,,,,,,,,,,,,,,,,,2,From Free Kick,Bruno Alberto Langa,106070.0,Left Back,108,Mozambique,4978,['6545c5f0-8841-44a3-a071-d1bba84e911c'],2,,,,,,,,,,,,,,,,Mozambique,4978,00:14:02.109,Dribble,True
,,,,,,,,,,,,,,Complete,,,0.0,,,,,,,,,,,,,,,26d59349-3b45-4fe4-8c56-e192522b2f9d,2010,,"[97.8, 11.2]",3920410,63,,,,,,,,,,,,,,,,,,,,,,,,,2,Regular Play,Bruno Alberto Langa,106070.0,Left Back,114,Mozambique,4978,['a299bfce-d876-4c1a-81d9-c866554b501c'],29,,,,,,,,,,,,,,,,Mozambique,4978,00:18:29.047,Dribble,True
,,,,,,,,,,,,,,Complete,,,0.0,,,,,,,,,,,,,,,daecba4d-ac07-4eb2-b05a-b87c48bb4b6f,2041,,"[21.3, 54.0]",3920410,65,,,,,,,,,,,,,,,,,,,,,,,,,2,Regular Play,Mohammed Kudus,17033.0,Center Attacking Midfield,117,Ghana,4885,['0de80593-778c-4ffb-9e26-487156368642'],19,,,,,,,,,,,,,,,,Ghana,4885,00:20:19.116,Dribble,True
,,,,,,,,,,,,True,,Incomplete,,,0.0,,,,,,,,,,,,,,,7a399434-cb45-4bbc-9f25-1017dcfdba46,2352,,"[72.0, 67.0]",3920410,84,,,,,,,,,,,,,,,,,,,,,,,,,2,From Keeper,Geny Cipriano Catamo,127300.0,Right Midfield,136,Mozambique,4978,['8c852d9b-8811-4c7a-9053-98b8f17b1048'],49,,,,,,,,,,,,,,,,Mozambique,4978,00:39:49.481,Dribble,True
,,,,,,,,,,,,,,Complete,,,0.0,,,,,,,,,,,,,,,34f17a73-2a13-4f4a-8e11-006ede6c03b3,2358,,"[94.6, 1.4]",3920410,84,,,,,,,,,,,,,,,,,,,,,,,,,2,From Keeper,Jordan Ayew,3450.0,Left Attacking Midfield,136,Mozambique,4978,['b5d94bd4-95b0-4b2b-9151-3c2601e901f7'],57,,,,,,,,,,,,,,,,Ghana,4885,00:39:57.425,Dribble,True
,,,,,,,,,,,,,True,Incomplete,,,0.0,,,,,,,,,,,,,,,ff60905e-945b-4594-99c9-b5f0037b0449,2361,,"[115.7, 0.1]",3920410,85,,,,,,,,,,,,,,,,,,,,,,,,,2,From Keeper,Jordan Ayew,3450.0,Left Attacking Midfield,136,Mozambique,4978,['a2e512be-f650-488b-ac24-24aacec996fa'],4,,,,,,,,,,,,,,,,Ghana,4885,00:40:04.282,Dribble,True
"{'outcome': {'id': 1, 'name': 'Lost'}}",,,,,,,,,,,,,,,,,0.0,,,,,,,,,,,,,,,bcedf7f0-a7c5-4011-970a-0508d3206887,209,,"[113.8, 59.8]",3920410,6,,,,,,,,,,,,,,,,,,,,,,,,,1,Regular Play,Joseph Paintsil,16546.0,Right Wing,10,Mozambique,4978,['3e7c6099-374d-4448-abee-05f8a1cd1153'],5,,,,,,,,,,,,,,,,Ghana,4885,00:06:05.469,50/50,True
"{'outcome': {'id': 3, 'name': 'Success To Team'}}",,,,,,,,,,,,,,,,,0.0,,,,,,,,,,,,,,,3e7c6099-374d-4448-abee-05f8a1cd1153,210,,"[6.3, 20.3]",3920410,6,,,,,,,,,,,,,,,,,,,,,,,,,1,Regular Play,Bruno Alberto Langa,106070.0,Left Back,10,Mozambique,4978,['bcedf7f0-a7c5-4011-970a-0508d3206887'],5,,,,,,,,,,,,,,,,Mozambique,4978,00:06:05.469,50/50,True
"{'outcome': {'id': 2, 'name': 'Success To Opposition'}}",,,,,,,,,,,,,,,,,0.0,,,,,,,,,,,,,,,96090d9d-7b19-4aa6-9d72-136390f59619,318,,"[111.1, 50.3]",3920410,8,,True,,,,,,,,,,,,,,,,,,,,,,,1,From Free Kick,Pachoio Lau Há King,106082.0,Center Forward,15,Mozambique,4978,['f2ad0b6d-bc68-43c6-8178-eb5c9a014c94'],45,,,,,,,,,,,,,,,,Mozambique,4978,00:08:45.726,50/50,True
"{'outcome': {'id': 1, 'name': 'Lost'}}",,,,,,,,,,,,,,,,,0.0,,,,,,,,,,,,,,,f2ad0b6d-bc68-43c6-8178-eb5c9a014c94,319,,"[9.0, 29.8]",3920410,8,,,,,,,,,,,,,,,,,,,,,,,,,1,From Free Kick,Denis Odoi,12259.0,Right Back,15,Mozambique,4978,['96090d9d-7b19-4aa6-9d72-136390f59619'],45,,,,,,,,,,,,,,,,Ghana,4885,00:08:45.726,50/50,True
"{'outcome': {'id': 2, 'name': 'Success To Opposition'}}",,,,,,,,,,,,,,,,,0.0,,,,,,,,,,,,,,,df5ec004-ca5f-44fa-827e-6883163ea7af,380,,"[78.5, 32.5]",3920410,11,,,,,,,,,,,,,,,,,,,,,,,,,1,From Throw In,Bruno Alberto Langa,106070.0,Left Back,22,Mozambique,4978,['08f8eb26-dddc-40bf-beda-43f51617936b'],33,,,,,,,,,,,,,,,,Mozambique,4978,00:11:33.395,50/50,True
"{'outcome': {'id': 1, 'name': 'Lost'}}",,,,,,,,,,,,,,,,,0.0,,,,,,,,,,,,,,,08f8eb26-dddc-40bf-beda-43f51617936b,381,,"[41.6, 47.6]",3920410,11,,,,,,,,,,,,,,,,,,,,,,,,,1,From Throw In,Denis Odoi,12259.0,Right Back,22,Mozambique,4978,['df5ec004-ca5f-44fa-827e-6883163ea7af'],33,,,,,,,,,,,,,,,,Ghana,4885,00:11:33.395,50/50,True
"{'outcome': {'id': 1, 'name': 'Lost'}}",,,,,,,,,,,,,,,,,0.0,,,,,,,,,,,,,,,413d08da-607c-4b80-bb0a-e8c5a641393c,507,,"[81.8, 17.2]",3920410,19,,,,,,,,,,,,,,,,,,,,,,,,,1,From Free Kick,Antoine Semenyo,9286.0,Center Forward,31,Ghana,4885,"['37eca35c-5501-4dbd-bee6-043962acb4d6', '7e530dbe-fb8f-40eb-8e56-7654e825e871']",50,,,,,,,,,,,,,,,,Ghana,4885,00:19:50.199,50/50,True
"{'outcome': {'id': 4, 'name': 'Won'}}",,,,,,,,,,,True,,,,,,0.0,,,,,,,,,,,,,,,37eca35c-5501-4dbd-bee6-043962acb4d6,508,,"[38.3, 62.9]",3920410,19,,,,,,,,,,,,,,,,,,,,,,,,,1,Regular Play,Alfons Amade,23706.0,Right Defensive Midfield,32,Mozambique,4978,['413d08da-607c-4b80-bb0a-e8c5a641393c'],50,,,,,,,,,,,,,,,,Mozambique,4978,00:19:50.199,50/50,True
"{'outcome': {'id': 1, 'name': 'Lost'}}",,,,,,,,,,,,,,,,,0.0,,,,,,,,,,,,,,,68b853b6-2af6-444b-a515-4329025e9033,2246,,"[101.9, 28.5]",3920410,79,,,,,,,,,,,,,,,,,,,,,,,,,2,Regular Play,Salis Abdul Samed,31029.0,Right Defensive Midfield,128,Ghana,4885,"['3ab9a4a8-3409-473a-bdde-f4e9561b233c', 'b17d0d6c-1d63-4145-add6-97787c482f60']",13,,,,,,,,,,,,,,,,Ghana,4885,00:34:13.009,50/50,True
"{'outcome': {'id': 4, 'name': 'Won'}}",,,,,,,,,,,,,,,,,0.0,,,,,,,,,,,,,,,3ab9a4a8-3409-473a-bdde-f4e9561b233c,2247,,"[18.2, 51.6]",3920410,79,,,,,,,,,,,,,,,,,,,,,,,,,2,Regular Play,Reinildo Isnard Mandava,10848.0,Left Center Back,128,Ghana,4885,['68b853b6-2af6-444b-a515-4329025e9033'],13,,,,,,,,,,,,,,,,Mozambique,4978,00:34:13.009,50/50,True
"{'outcome': {'id': 2, 'name': 'Success To Opposition'}}",,,,,,,,,,,,,,,,,0.0,,,,,,,,,,,,,,,f12ce38c-6555-4727-b138-71d501d1eba7,2295,,"[102.1, 21.2]",3920410,80,,True,,,,,,,,,,,,,,,,,,,,,,,2,From Corner,Salis Abdul Samed,31029.0,Right Defensive Midfield,130,Ghana,4885,['267f6da9-d534-44de-91d7-213deefe6ef7'],53,,,,,,,,,,,,,,,,Ghana,4885,00:35:53.141,50/50,True
"{'outcome': {'id': 1, 'name': 'Lost'}}",,,,,,,,,,,,,,,,,0.0,,,,,,,,,,,,,,,267f6da9-d534-44de-91d7-213deefe6ef7,2296,,"[18.0, 58.9]",3920410,80,,,,,,,,,,,,,,,,,,,,,,,,,2,From Corner,Geny Cipriano Catamo,127300.0,Right Midfield,130,Ghana,4885,['f12ce38c-6555-4727-b138-71d501d1eba7'],53,,,,,,,,,,,,,,,,Mozambique,4978,00:35:53.141,50/50,True
"{'outcome': {'id': 2, 'name': 'Success To Opposition'}}",,,,,,,,,,,,,,,,,0.0,,,,,,,,,,,,,,,74037abe-503a-40ae-83ef-6e7a8d2aeca9,2565,,"[71.6, 61.9]",3920410,95,,,,,,,,,,,,,,,,,,,,,,,,,2,From Free Kick,Shaquille Momad Nangy,136069.0,Center Defensive Midfield,152,Mozambique,4978,['c5acf7e1-6eab-4b6e-9157-d7eeee876dbc'],22,,,,,,,,,,,,,,,,Mozambique,4978,00:50:22.731,50/50,True
"{'outcome': {'id': 1, 'name': 'Lost'}}",,,,,,,,,,,,,,,,,0.0,,,,,,,,,,,,,,,c5acf7e1-6eab-4b6e-9157-d7eeee876dbc,2566,,"[48.5, 18.2]",3920410,95,,,,,,,,,,,,,,,,,,,,,,,,,2,From Free Kick,Iddrisu Baba Mohammed,24087.0,Left Defensive Midfield,152,Mozambique,4978,['74037abe-503a-40ae-83ef-6e7a8d2aeca9'],22,,,,,,,,,,,,,,,,Ghana,4885,00:50:22.731,50/50,True
,,,,,,,,,,,,,,,,,0.0,,,,,,,,,,,,,,,3152e35f-835d-4bf0-bb4c-bfd0e4194ea7,374,Lost In Play,"[32.5, 58.7]",3920410,11,,,,,,,,,,,,,,,,,,,,,,,,,1,From Throw In,Salis Abdul Samed,31029.0,Left Defensive Midfield,22,Mozambique,4978,['1ff92026-bb01-41f9-b8ab-8426f2643bf2'],29,,,,,,,,,,,,,,,,Ghana,4885,00:11:29.374,Interception,
,,,,,,,,,,,,,,,,,0.0,,,,,,,,,,,,,,,1d3f76c5-8b0e-45a1-a868-5a6e5e162414,551,Lost In Play,"[46.7, 22.5]",3920410,20,,,,,,,,,,,,,,,,,,,,,,,,,1,From Throw In,Feliciano João Jone,129475.0,Left Defensive Midfield,35,Ghana,4885,['aceb2311-afa2-42c6-a458-81db889b99ae'],35,,,,,,,,,,,,,,,,Mozambique,4978,00:20:35.122,Interception,
,,,,,,,,,,,,,,,,,0.0,,,,,,,,,,,,,,,1d94df33-2a4c-4478-8d34-85913ba19bef,724,Success In Play,"[21.3, 17.7]",3920410,25,,,,,,,,,,,,,,,,,,,,,,,,,1,From Keeper,Reinildo Isnard Mandava,10848.0,Left Center Back,42,Ghana,4885,['9258e515-fa24-4119-97f0-e5e73f4dd194'],8,,,,,,,,,,,,,,,,Mozambique,4978,00:25:08.722,Interception,
,,,,,,,,,,,,,,,,,0.0,,,,,,,,,,,,,,,c6bff052-842e-4945-bac0-bd7a09aa2c03,971,Success In Play,"[26.2, 21.8]",3920410,36,,,,,,,,,,,,,,,,,,,,,,,,,1,From Free Kick,Salis Abdul Samed,31029.0,Left Defensive Midfield,59,Mozambique,4978,['4c3366f9-0df5-4b33-bcc4-ab38926bcace'],18,,,,,,,,,,,,,,,,Ghana,4885,00:36:18.415,Interception,
,,,,,,,,,,,True,,,,,,0.0,,,,,,,,,,,,,,,77508f91-3c2e-4e78-9106-ee923c69738e,1224,Won,"[90.1, 12.2]",3920410,42,,,,,,,,,,,,,,,,,,,,,,,,,1,From Goal Kick,Jordan Ayew,3450.0,Left Wing,70,Ghana,4885,['3cf563c5-58b7-460b-830b-4c95b41605bf'],46,,,,,,,,,,,,,,,,Ghana,4885,00:42:46.352,Interception,
,,,,,,,,,,,,,,,,,0.0,,,,,,,,,,,,,,,b44f0a1a-8091-40a7-82ba-d1326caa2531,1248,Lost In Play,"[24.0, 51.5]",3920410,43,,,,,,,,,,,,,,,,,,,,,,,,,1,From Throw In,Salis Abdul Samed,31029.0,Left Defensive Midfield,72,Mozambique,4978,['e528abd8-a006-4acf-9d6a-9ba406192fa6'],31,,,,,,,,,,,,,,,,Ghana,4885,00:43:31.263,Interception,
,,,,,,,,,,,True,,,,,,0.0,,,,,,,,,,,,,,,880b8204-38e0-4c0a-b18d-276a56d5f9cd,1256,Won,"[66.7, 4.2]",3920410,43,,,,,,,,,,,,,,,,,,,,,,,,,1,From Throw In,Alfons Amade,23706.0,Right Defensive Midfield,72,Mozambique,4978,['3a5dbe7e-e4d1-432a-9faf-897a6da6e8a4'],38,,,,,,,,,,,,,,,,Mozambique,4978,00:43:38.709,Interception,
,,,,,,,,,,,,,,,,,0.0,,,,,,,,,,,,,,,561cd5df-6155-4697-97b0-16940bb9ede9,1366,Lost In Play,"[29.2, 15.9]",3920410,46,,,,,,,,,,,,,,,,,,,,,,,,,1,From Free Kick,Gideon Mensah,23615.0,Left Back,76,Mozambique,4978,['cd61560f-fc90-4c70-89f3-47f7da8f4271'],33,,,,,,,,,,,,,,,,Ghana,4885,00:46:33.378,Interception,
,,,,,,,,,,,True,,,,,,0.0,,,,,,,,,,,,,,,a34483ed-50ed-412d-b924-05972418c5fa,1422,Won,"[71.0, 56.5]",3920410,49,,,,,,,,,,,,,,,,,,,,,,,,,1,Regular Play,Antoine Semenyo,9286.0,Center Forward,81,Ghana,4885,['658f45eb-38a9-4c38-bbd7-b8267b40962f'],16,,,,,,,,,,,,,,,,Ghana,4885,00:49:16.267,Interception,
,,,,,,,,,,,,,,,,,0.0,,,,,,,,,,,,,,,4750be16-7798-4afd-a7c1-02d90751444d,1492,Lost In Play,"[25.4, 30.1]",3920410,45,,,,,,,,,,,,,,,,,,,,,,,,,2,From Kick Off,Feliciano João Jone,129475.0,Left Defensive Midfield,82,Ghana,4885,['89402370-7c25-43a2-8974-3c4223bc8462'],18,,,,,,,,,,,,,,,,Mozambique,4978,00:00:18.793,Interception,
,,,,,,,,,,,,,,,,,0.0,,,,,,,,,,,,,,,1e7a452e-e808-4155-b785-39d13b8a0487,1821,Lost Out,"[35.5, 76.4]",3920410,56,,,,,,,,,,,,,,,,,,,,,,,,,2,From Throw In,Edson André Sitoe,3250.0,Right Center Back,105,Ghana,4885,['3e726d6b-1cec-407c-bd5e-1b6c6e7c285a'],59,,,,,,,,,,,,,,,,Mozambique,4978,00:11:59.709,Interception,
,,,,,,,,,,,,,,,,,0.0,,,,,,,,,,,,,,,28fa7078-a7cc-4b55-a75e-7e146852819b,1824,Lost In Play,"[21.6, 68.6]",3920410,57,,,,,,,,,,,,,,,,,,,,,,,,,2,From Throw In,Edson André Sitoe,3250.0,Right Center Back,106,Ghana,4885,['2bed32f1-59fe-4a65-8d0d-f129b298bbfa'],17,,,,,,,,,,,,,,,,Mozambique,4978,00:12:17.340,Interception,
,,,,,,,,,,,,,,,,,0.0,,,,,,,,,,,,,,,d6cabe7a-8b83-4241-bcb0-e046e83a8b2c,1951,Lost In Play,"[23.7, 45.7]",3920410,59,,,,,,,,,,,,,,,,,,,,,,,,,2,Regular Play,Alexander Djiku,2989.0,Right Center Back,109,Mozambique,4978,['6e217922-5663-4de4-ab7a-0a81826563b8'],54,,,,,,,,,,,,,,,,Ghana,4885,00:14:54.448,Interception,
,,,,,,,,,,,,,,,,,0.0,,,,,,,,,,,,,,,8d21cc89-add6-4346-b814-e8d862b40249,1956,Won,"[8.8, 48.4]",3920410,59,,,,,,,,,,,,,,,,,,,,,,,,,2,Regular Play,Mohamed Salisu,30519.0,Left Center Back,109,Mozambique,4978,['c45a1025-1266-42b1-9daf-98b27f34b811'],57,,,,,,,,,,,,,,,,Ghana,4885,00:14:57.826,Interception,
,,,,,,,,,,,True,,,,,,0.0,,,,,,,,,,,,,,,309f2993-bff7-486b-940c-fdfc346f875c,2123,Success In Play,"[55.4, 78.5]",3920410,73,,,,,,,,,,,,,,,,,,,,,,,,,2,From Free Kick,Infren David da Conceição Matola,417067.0,Right Back,122,Mozambique,4978,['55688791-4dd8-49bb-84b2-1b0d2e582032'],28,,,,,,,,,,,,,,,,Mozambique,4978,00:28:28.451,Interception,
,,,,,,,,,,,,,,,,,0.0,,,,,,,,,,,,,,,8d7165cc-01d6-4e3a-a1ff-7cf03511258b,2155,Success In Play,"[41.7, 60.9]",3920410,77,,,,,,,,,,,,,,,,,,,,,,,,,2,From Throw In,Alidu Seidu,45047.0,Right Wing Back,125,Ghana,4885,"['564f012e-c516-492e-8de3-951d739a814b', '42114d45-42f8-49f2-a129-fa7686cc529e']",14,,,,,,,,,,,,,,,,Ghana,4885,00:32:14.592,Interception,True
,,,,,,,,,,,True,,,,,,0.0,,,,,,,,,,,,,,,34f20ab8-92fb-43b7-a87a-d9292af94bc5,2268,Won,"[32.1, 16.4]",3920410,79,,,,,,,,,,,,,,,,,,,,,,,,,2,Regular Play,Bruno Alberto Langa,106070.0,Left Back,129,Mozambique,4978,['9bfb86de-3361-4117-96ce-423f52926c76'],38,,,,,,,,,,,,,,,,Mozambique,4978,00:34:38.341,Interception,
,,,,,,,,,,,,,,,,,0.0,,,,,,,,,,,,,,,10b1e6e6-c01d-4b38-8f7c-7e1f11dc0f26,2564,Success In Play,"[41.1, 10.7]",3920410,95,,,,,,,,,,,,,,,,,,,,,,,,,2,From Free Kick,Mohamed Salisu,30519.0,Left Center Back,152,Mozambique,4978,['f69635e4-6104-4ae9-aa11-a42cef188b53'],20,,,,,,,,,,,,,,,,Ghana,4885,00:50:20.930,Interception,
,,,,,,,,,,,True,,,,,,0.0,,,,,,,,,,,,,,,fa5b8a5c-cf38-4c08-90b3-dccc4f09c210,2580,Success In Play,"[76.8, 41.5]",3920410,95,,,,,,,,,,,,,,,,,,,,,,,,,2,From Free Kick,Reinildo Isnard Mandava,10848.0,Left Center Back,152,Mozambique,4978,['376c2ab8-7bfb-4efc-9457-cb1f7ccc8d7a'],36,,,,,,,,,,,,,,,,Mozambique,4978,00:50:36.041,Interception,
,,,,,,,,,,,,,,,,,0.0,,,,,,,,,,,,,,,2bf84980-03ad-4362-82ae-a4cc69ca245b,868,,,3920410,30,,,,,,,,,,,,,,,,,,,,,,,,,1,From Throw In,Antoine Semenyo,9286.0,Center Forward,53,Mozambique,4978,,54,,,,,,,,,,,,,,,,Ghana,4885,00:30:54.112,Injury Stoppage,
,,,,,,,,,,,,,,,,,0.0,,,,,,,,,,,,,,,d3756976-b9a2-4601-b260-c918398f1625,869,,,3920410,31,,,,,,,,,,,,,,,,,,,,,,,,,1,From Throw In,Ivane Carminio Francisco Urrubal,161718.0,Goalkeeper,53,Mozambique,4978,,1,,,,,,,,,,,,,,,,Mozambique,4978,00:31:01.941,Injury Stoppage,
,,,,,,,,,,,,,,,,,0.0,,,,,,,,,,,,,,,051f88bf-6a59-4113-a95f-517de83e72f3,925,,,3920410,33,,,,,,,,,,,,,,,,,,,,,,,,,1,Regular Play,Majeed Ashimeru,30693.0,Right Defensive Midfield,57,Ghana,4885,,38,,,,,,,,,,,,,,,,Ghana,4885,00:33:38.589,Injury Stoppage,
,,,,,,,,,,,,,,,,,0.0,,,,,,,,,,,,,,,1173bc65-e039-4020-855a-a76549d2d18f,926,,,3920410,34,,,,,,,,,,,,,,,,,,,,,,,,,1,Regular Play,Ivane Carminio Francisco Urrubal,161718.0,Goalkeeper,57,Ghana,4885,,24,,,,,,,,,,,,,,,,Mozambique,4978,00:34:24.645,Injury Stoppage,
,,,,,,,,,,,,,,,,,0.0,,,,,,,,,,,,,,,c0a05d97-7cc8-4962-9914-d7e1b6348a84,1379,,,3920410,47,,,,,,,,,,,,,,,,,,,,,,,,,1,Regular Play,Geny Cipriano Catamo,127300.0,Right Wing,77,Ghana,4885,,1,,,,,,,,,,,,,,,,Mozambique,4978,00:47:01.234,Injury Stoppage,
,,,,,,,,,,,,,,,,,0.0,,,,,,,,,,,,,,,fddb9dc6-063c-4163-a188-290238195d97,2137,,,3920410,74,,,,,,,,,,,,,,,,,,,,,,,,,2,From Free Kick,Richard Ofori Antwi,68757.0,Goalkeeper,123,Mozambique,4978,,47,,,,,,,,,,,,,,,,Ghana,4885,00:29:47.075,Injury Stoppage,
,,,,,,,,,,,,,,,,,0.0,,,,,,,,,,,,,,,9716eb5d-b2ae-4cfc-ab71-894ff735884b,927,,,3920410,35,,,,,,,,,,,,,,,,,,,,,,,,,1,Regular Play,Majeed Ashimeru,30693.0,Right Defensive Midfield,57,Ghana,4885,['37ccc701-2ace-41df-8b4d-b8f1a341854f'],3,,,,,,,,,,,,,,,,Ghana,4885,00:35:03.289,Player Off,
,,,,,,,,,,,,,,,,,0.0,,,,,,,,,,,,,,,297d73f1-58a3-4c35-9ddf-506a6adf5ca9,1380,,,3920410,48,,,,,,,,,,,,,,,,,,,,,,,,,1,Regular Play,Geny Cipriano Catamo,127300.0,Right Wing,77,Ghana,4885,['61840817-ab17-4e1d-ad23-6170f34fe167'],14,,,,,,,,,,,,,,,,Mozambique,4978,00:48:14.667,Player Off,
,,,,,,,,,,,,,,,,,0.0,,,,,,,,,,,,,,,37ccc701-2ace-41df-8b4d-b8f1a341854f,975,,,3920410,36,,,,,,,,,,,,,,,,,,,,,,,,,1,From Free Kick,Majeed Ashimeru,30693.0,Right Defensive Midfield,59,Mozambique,4978,['9716eb5d-b2ae-4cfc-ab71-894ff735884b'],34,,,,,,,,,,,,,,,,Ghana,4885,00:36:34.381,Player On,
,,,,,,,,,,,,,,,,,0.0,,,,,,,,,,,,,,,61840817-ab17-4e1d-ad23-6170f34fe167,1411,,,3920410,49,,,,,,,,,,,,,,,,,,,,,,,,,1,From Goal Kick,Geny Cipriano Catamo,127300.0,Right Wing,80,Mozambique,4978,['297d73f1-58a3-4c35-9ddf-506a6adf5ca9'],7,,,,,,,,,,,,,,,,Mozambique,4978,00:49:07.204,Player On,
,,,,,,,,,,,,,,,,,0.0,,,,,,,,,,,,,,,b946cf84-316e-432f-80c5-eb8f8c4b1bb4,976,,,3920410,36,True,,,,,,,,,,,,,,,,,,,,,,,,1,From Free Kick,Majeed Ashimeru,30693.0,Right Defensive Midfield,59,Mozambique,4978,,34,,,,,,,,,,,Injury,102.0,Iddrisu Baba Mohammed,24087.0,,Ghana,4885,00:36:34.714,Substitution,
,,,,,,,,,,,,,,,,,0.0,,,,,,,,,,,,,,,1d1fdfc4-74e2-4384-8e82-856a0c920ded,1467,,,3920410,45,,,,,,,,,,,,,,,,,,,,,,,,,2,Regular Play,Joseph Paintsil,16546.0,Right Wing,81,Ghana,4885,,0,,,,,,,,,,,Tactical,103.0,André Ayew Pelé,3347.0,,Ghana,4885,00:00:00.000,Substitution,
,,,,,,,,,,,,,,,,,0.0,,,,,,,,,,,,,,,2d5c94fb-7601-407c-9b93-69d1f6461c01,1960,,,3920410,60,,,,,,,,,,,,,,,,,,,,,,,,,2,Regular Play,Witiness Chimoio João Quembo,10865.0,Left Wing,109,Mozambique,4978,,19,,,,,,,,,,,Tactical,103.0,Gildo Lourenço Vilanculos,106068.0,,Mozambique,4978,00:15:19.810,Substitution,
,,,,,,,,,,,,,,,,,0.0,,,,,,,,,,,,,,,741de16c-2703-4dba-9bae-61180d47b0a4,2069,,,3920410,71,,,,,,,,,,,,,,,,,,,,,,,,,2,From Kick Off,Denis Odoi,12259.0,Right Back,119,Mozambique,4978,,23,,,,,,,,,,,Tactical,103.0,Alidu Seidu,45047.0,,Ghana,4885,00:26:23.749,Substitution,
,,,,,,,,,,,,,,,,,0.0,,,,,,,,,,,,,,,f58eba2c-93ad-4234-868b-a78ebe840875,2070,,,3920410,71,,,,,,,,,,,,,,,,,,,,,,,,,2,From Kick Off,Antoine Semenyo,9286.0,Right Wing,119,Mozambique,4978,,33,,,,,,,,,,,Tactical,103.0,Daniel Amartey,3709.0,,Ghana,4885,00:26:33.107,Substitution,
,,,,,,,,,,,,,,,,,0.0,,,,,,,,,,,,,,,087b6a4c-23b0-453f-bbc7-a11f06d3c860,2084,,,3920410,72,,,,,,,,,,,,,,,,,,,,,,,,,2,From Goal Kick,Feliciano João Jone,129475.0,Left Defensive Midfield,121,Ghana,4885,,34,,,,,,,,,,,Tactical,103.0,Stanley Ratifo,127547.0,,Mozambique,4978,00:27:34.000,Substitution,
,,,,,,,,,,,,,,,,,0.0,,,,,,,,,,,,,,,69075dab-9eb5-451b-b30b-29ef7daca674,2085,,,3920410,72,,,,,,,,,,,,,,,,,,,,,,,,,2,From Goal Kick,Alfons Amade,23706.0,Right Defensive Midfield,121,Ghana,4885,,35,,,,,,,,,,,Tactical,103.0,Elias Gaspar Pelembe,106074.0,,Mozambique,4978,00:27:35.286,Substitution,
,,,,,,,,,,,,,,,,,0.0,,,,,,,,,,,,,,,6f72f966-86ca-439d-b4a8-ea199ae78a84,2411,,,3920410,86,,,,,,,,,,,,,,,,,,,,,,,,,2,From Keeper,Pachoio Lau Há King,106082.0,Right Center Forward,136,Mozambique,4978,,18,,,,,,,,,,,Tactical,103.0,João José Jone Bonde,417068.0,,Mozambique,4978,00:41:18.213,Substitution,
,,,,,,,,,,,,,,,,,0.0,,,,,,,,,,,,,,,328306ea-b9f2-48b7-81b9-97ac5c85e03c,2412,,,3920410,86,,,,,,,,,,,,,,,,,,,,,,,,,2,From Keeper,Ricardo Martins Guimarães,29482.0,Right Defensive Midfield,136,Mozambique,4978,,23,,,,,,,,,,,Tactical,103.0,Shaquille Momad Nangy,136069.0,,Mozambique,4978,00:41:23.484,Substitution,
,,,,,,,,,,,,,,,,,0.0,,,,,,,,,,,,,,,b493b89c-c412-44e5-b9a4-b235a81882a0,2486,,,3920410,88,,,,,,,,,,,,,,,,,,,,,,,,,2,Regular Play,Mohammed Kudus,17033.0,Right Attacking Midfield,142,Mozambique,4978,,47,,,,,,,,,,,Tactical,103.0,Iñaki Williams Arthuer,6393.0,,Ghana,4885,00:43:47.850,Substitution,
,,,,,,,,,,,,,,,,,0.0,,,,,,,,,,,,,,,758cfadf-6de6-4efa-93d5-26e8a090ded1,1463,,,3920410,50,,,,,,,,,,,,,,,,,,,,,,,,,1,Regular Play,,,,81,Ghana,4885,['ecacdd20-bc37-4a32-9f11-af19d88f5ded'],7,,,,,,,,,,,,,,,,Ghana,4885,00:50:07.562,Half End,
,,,,,,,,,,,,,,,,,0.0,,,,,,,,,,,,,,,ecacdd20-bc37-4a32-9f11-af19d88f5ded,1464,,,3920410,50,,,,,,,,,,,,,,,,,,,,,,,,,1,Regular Play,,,,81,Ghana,4885,['758cfadf-6de6-4efa-93d5-26e8a090ded1'],7,,,,,,,,,,,,,,,,Mozambique,4978,00:50:07.562,Half End,
,,,,,,,,,,,,,,,,,0.0,,,,,,,,,,,,,,,5a0c96ac-98e5-414a-96c7-7e1fdad8f73f,2593,,,3920410,96,,,,,,,,,,,,,,,,,,,,,,,,,2,From Free Kick,,,,152,Mozambique,4978,['e5d0ae74-d3f3-43ba-86dd-ed1c396593aa'],8,,,,,,,,,,,,,,,,Mozambique,4978,00:51:08.969,Half End,
,,,,,,,,,,,,,,,,,0.0,,,,,,,,,,,,,,,e5d0ae74-d3f3-43ba-86dd-ed1c396593aa,2594,,,3920410,96,,,,,,,,,,,,,,,,,,,,,,,,,2,From Free Kick,,,,152,Mozambique,4978,['5a0c96ac-98e5-414a-96c7-7e1fdad8f73f'],8,,,,,,,,,,,,,,,,Ghana,4885,00:51:08.969,Half End,
,,,,,,,,,,,,,,,,,0.0,,,,,,,,,,,,,,,68ad6b47-df70-4320-af7f-21a0732a81fd,1468,,,3920410,45,,,,,,,,,,,,,,,,,,,,,,,,,2,Regular Play,,,,81,Ghana,4885,,0,,,,,,,,,,,,,,,"{'formation': 4231, 'lineup': [{'player': {'id': 68757, 'name': 'Richard Ofori Antwi'}, 'position': {'id': 1, 'name': 'Goalkeeper'}, 'jersey_number': 1}, {'player': {'id': 12259, 'name': 'Denis Odoi'}, 'position': {'id': 2, 'name': 'Right Back'}, 'jersey_number': 3}, {'player': {'id': 2989, 'name': 'Alexander Djiku'}, 'position': {'id': 3, 'name': 'Right Center Back'}, 'jersey_number': 23}, {'player': {'id': 30519, 'name': 'Mohamed Salisu'}, 'position': {'id': 5, 'name': 'Left Center Back'}, 'jersey_number': 6}, {'player': {'id': 23615, 'name': 'Gideon Mensah'}, 'position': {'id': 6, 'name': 'Left Back'}, 'jersey_number': 14}, {'player': {'id': 24087, 'name': 'Iddrisu Baba Mohammed'}, 'position': {'id': 9, 'name': 'Right Defensive Midfield'}, 'jersey_number': 26}, {'player': {'id': 31029, 'name': 'Salis Abdul Samed'}, 'position': {'id': 11, 'name': 'Left Defensive Midfield'}, 'jersey_number': 21}, {'player': {'id': 9286, 'name': 'Antoine Semenyo'}, 'position': {'id': 17, 'name': 'Right Wing'}, 'jersey_number': 25}, {'player': {'id': 17033, 'name': 'Mohammed Kudus'}, 'position': {'id': 19, 'name': 'Center Attacking Midfield'}, 'jersey_number': 20}, {'player': {'id': 3450, 'name': 'Jordan Ayew'}, 'position': {'id': 21, 'name': 'Left Wing'}, 'jersey_number': 9}, {'player': {'id': 3347, 'name': 'André Ayew Pelé'}, 'position': {'id': 23, 'name': 'Center Forward'}, 'jersey_number': 10}]}",Ghana,4885,00:00:00.000,Tactical Shift,
,,,,,,,,,,,,,,,,,0.0,,,,,,,,,,,,,,,725580ad-fb21-4887-9a66-fdcd83c0998f,2071,,,3920410,71,,,,,,,,,,,,,,,,,,,,,,,,,2,From Kick Off,,,,119,Mozambique,4978,,35,,,,,,,,,,,,,,,"{'formation': 3421, 'lineup': [{'player': {'id': 68757, 'name': 'Richard Ofori Antwi'}, 'position': {'id': 1, 'name': 'Goalkeeper'}, 'jersey_number': 1}, {'player': {'id': 3709, 'name': 'Daniel Amartey'}, 'position': {'id': 3, 'name': 'Right Center Back'}, 'jersey_number': 18}, {'player': {'id': 2989, 'name': 'Alexander Djiku'}, 'position': {'id': 4, 'name': 'Center Back'}, 'jersey_number': 23}, {'player': {'id': 30519, 'name': 'Mohamed Salisu'}, 'position': {'id': 5, 'name': 'Left Center Back'}, 'jersey_number': 6}, {'player': {'id': 45047, 'name': 'Alidu Seidu'}, 'position': {'id': 7, 'name': 'Right Wing Back'}, 'jersey_number': 2}, {'player': {'id': 23615, 'name': 'Gideon Mensah'}, 'position': {'id': 8, 'name': 'Left Wing Back'}, 'jersey_number': 14}, {'player': {'id': 31029, 'name': 'Salis Abdul Samed'}, 'position': {'id': 9, 'name': 'Right Defensive Midfield'}, 'jersey_number': 21}, {'player': {'id': 24087, 'name': 'Iddrisu Baba Mohammed'}, 'position': {'id': 11, 'name': 'Left Defensive Midfield'}, 'jersey_number': 26}, {'player': {'id': 17033, 'name': 'Mohammed Kudus'}, 'position': {'id': 18, 'name': 'Right Attacking Midfield'}, 'jersey_number': 20}, {'player': {'id': 3450, 'name': 'Jordan Ayew'}, 'position': {'id': 20, 'name': 'Left Attacking Midfield'}, 'jersey_number': 9}, {'player': {'id': 3347, 'name': 'André Ayew Pelé'}, 'position': {'id': 23, 'name': 'Center Forward'}, 'jersey_number': 10}]}",Ghana,4885,00:26:35.591,Tactical Shift,
,,,,,,,,,,,,,,,,,0.0,,,,,,,,,,,,,,,5bc7f61f-0a2a-40fa-9ad4-88dcd1c11714,2094,,,3920410,73,,,,,,,,,,,,,,,,,,,,,,,,,2,From Free Kick,,,,122,Mozambique,4978,,6,,,,,,,,,,,,,,,"{'formation': 442, 'lineup': [{'player': {'id': 161718, 'name': 'Ivane Carminio Francisco Urrubal'}, 'position': {'id': 1, 'name': 'Goalkeeper'}, 'jersey_number': 22}, {'player': {'id': 417067, 'name': 'Infren David da Conceição Matola'}, 'position': {'id': 2, 'name': 'Right Back'}, 'jersey_number': 2}, {'player': {'id': 3250, 'name': 'Edson André Sitoe'}, 'position': {'id': 3, 'name': 'Right Center Back'}, 'jersey_number': 17}, {'player': {'id': 10848, 'name': 'Reinildo Isnard Mandava'}, 'position': {'id': 5, 'name': 'Left Center Back'}, 'jersey_number': 15}, {'player': {'id': 106070, 'name': 'Bruno Alberto Langa'}, 'position': {'id': 6, 'name': 'Left Back'}, 'jersey_number': 5}, {'player': {'id': 29482, 'name': 'Ricardo Martins Guimarães'}, 'position': {'id': 9, 'name': 'Right Defensive Midfield'}, 'jersey_number': 21}, {'player': {'id': 106074, 'name': 'Elias Gaspar Pelembe'}, 'position': {'id': 11, 'name': 'Left Defensive Midfield'}, 'jersey_number': 7}, {'player': {'id': 127300, 'name': 'Geny Cipriano Catamo'}, 'position': {'id': 12, 'name': 'Right Midfield'}, 'jersey_number': 20}, {'player': {'id': 106068, 'name': 'Gildo Lourenço Vilanculos'}, 'position': {'id': 16, 'name': 'Left Midfield'}, 'jersey_number': 18}, {'player': {'id': 106082, 'name': 'Pachoio Lau Há King'}, 'position': {'id': 22, 'name': 'Right Center Forward'}, 'jersey_number': 9}, {'player': {'id': 127547, 'name': 'Stanley Ratifo'}, 'position': {'id': 24, 'name': 'Left Center Forward'}, 'jersey_number': 13}]}",Mozambique,4978,00:28:06.677,Tactical Shift,
,,,,,,,,,,,,,,,,,0.0,,,,,,,,,,,,,,,f1a8c6a2-90e2-4766-a34f-d57162918894,2414,,,3920410,86,,,,,,,,,,,,,,,,,,,,,,,,,2,From Free Kick,,,,137,Ghana,4885,,45,,,,,,,,,,,,,,,"{'formation': 41212, 'lineup': [{'player': {'id': 161718, 'name': 'Ivane Carminio Francisco Urrubal'}, 'position': {'id': 1, 'name': 'Goalkeeper'}, 'jersey_number': 22}, {'player': {'id': 417067, 'name': 'Infren David da Conceição Matola'}, 'position': {'id': 2, 'name': 'Right Back'}, 'jersey_number': 2}, {'player': {'id': 3250, 'name': 'Edson André Sitoe'}, 'position': {'id': 3, 'name': 'Right Center Back'}, 'jersey_number': 17}, {'player': {'id': 10848, 'name': 'Reinildo Isnard Mandava'}, 'position': {'id': 5, 'name': 'Left Center Back'}, 'jersey_number': 15}, {'player': {'id': 106070, 'name': 'Bruno Alberto Langa'}, 'position': {'id': 6, 'name': 'Left Back'}, 'jersey_number': 5}, {'player': {'id': 136069, 'name': 'Shaquille Momad Nangy'}, 'position': {'id': 10, 'name': 'Center Defensive Midfield'}, 'jersey_number': 23}, {'player': {'id': 417068, 'name': 'João José Jone Bonde'}, 'position': {'id': 13, 'name': 'Right Center Midfield'}, 'jersey_number': 11}, {'player': {'id': 106068, 'name': 'Gildo Lourenço Vilanculos'}, 'position': {'id': 15, 'name': 'Left Center Midfield'}, 'jersey_number': 18}, {'player': {'id': 106074, 'name': 'Elias Gaspar Pelembe'}, 'position': {'id': 19, 'name': 'Center Attacking Midfield'}, 'jersey_number': 7}, {'player': {'id': 127300, 'name': 'Geny Cipriano Catamo'}, 'position': {'id': 22, 'name': 'Right Center Forward'}, 'jersey_number': 20}, {'player': {'id': 127547, 'name': 'Stanley Ratifo'}, 'position': {'id': 24, 'name': 'Left Center Forward'}, 'jersey_number': 13}]}",Mozambique,4978,00:41:45.690,Tactical Shift,
,Yellow Card,,,,,,,,,,,,,,,,0.0,,,,,,,,,,,,,,,f5889b49-8fbe-4626-8644-dfcfa4090f56,2057,,,3920410,68,,,,,,,,,,,,,,,,,,,,,,,,,2,Regular Play,Edson André Sitoe,3250.0,Right Center Back,117,Ghana,4885,,13,,,,,,,,,,,,,,,,Mozambique,4978,00:23:13.798,Bad Behaviour,
,Yellow Card,,,,,,,,,,,,,,,,0.0,,,,,,,,,,,,,,,587ed459-0321-4f85-8a71-f10290a6dd37,2329,,,3920410,82,,,,,,,,,,,,,,,,,,,,,,,,,2,Regular Play,Jordan Ayew,3450.0,Left Attacking Midfield,133,Ghana,4885,,51,,,,,,,,,,,,,,,,Ghana,4885,00:37:51.607,Bad Behaviour,
,Yellow Card,,,,,,,,,,,,,,,,0.0,,,,,,,,,,,,,,,de8df67e-f079-4a59-ae8c-6aae54677fdd,2330,,,3920410,83,,,,,,,,,,,,,,,,,,,,,,,,,2,Regular Play,Infren David da Conceição Matola,417067.0,Right Back,133,Ghana,4885,,8,,,,,,,,,,,,,,,,Mozambique,4978,00:38:08.336,Bad Behaviour,
,,,,,,,,,,,,,,,,,0.0,,,,,,,,,,,,,,,84590e9d-eea9-406c-b186-fd8fab893df7,2419,,"[20.8, 80.0]",3920410,86,,,,,,,,,,,,,,,,,,,,,,,,,2,From Free Kick,Infren David da Conceição Matola,417067.0,Right Back,137,Ghana,4885,['cf2410ce-63a8-4510-bf72-3426a4d92b13'],49,,,,,,,,,,,,,,,,Mozambique,4978,00:41:49.546,Shield,True
