ball_receipt_outcome,ball_recovery_recovery_failure,carry_end_location,clearance_aerial_won,clearance_body_part,clearance_head,clearance_left_foot,clearance_other,clearance_right_foot,counterpress,dribble_outcome,duel_outcome,duel_type,duration,foul_committed_card,foul_committed_offensive,foul_committed_type,foul_won_defensive,goalkeeper_body_part,goalkeeper_end_location,goalkeeper_outcome,goalkeeper_position,goalkeeper_shot_saved_to_post,goalkeeper_technique,goalkeeper_type,id,index,interception_outcome,location,match_id,minute,off_camera,out,pass_aerial_won,pass_angle,pass_assisted_shot_id,pass_body_part,pass_cross,pass_cut_back,pass_deflected,pass_end_location,pass_height,pass_inswinging,pass_length,pass_outcome,pass_outswinging,pass_recipient,pass_recipient_id,pass_shot_assist,pass_straight,pass_switch,pass_technique,pass_through_ball,pass_type,period,play_pattern,player,player_id,position,possession,possession_team,possession_team_id,related_events,second,shot_aerial_won,shot_body_part,shot_end_location,shot_first_time,shot_freeze_frame,shot_key_pass_id,shot_one_on_one,shot_outcome,shot_saved_to_post,shot_statsbomb_xg,shot_technique,shot_type,substitution_outcome,substitution_outcome_id,substitution_replacement,substitution_replacement_id,tactics,team,team_id,timestamp,type,under_pressure
,,,,,,,,,,,,,0.0,,,,,,,,,,,,8cc532b2-b780-4ae9-bb5b-eb2b8a516b1e,1,,,3920417,0,,,,,,,,,,,,,,,,,,,,,,,,1,Regular Play,,,,1,Namibia,4980,,0,,,,,,,,,,,,,,,,,"{'formation': 4141, 'lineup': [{'player': {'id': 125324, 'name': 'Lloyd Junior Kazapua'}, 'position': {'id': 1, 'name': 'Goalkeeper'}, 'jersey_number': 1}, {'player': {'id': 103799, 'name': 'Ivan Kamberipa'}, 'position': {'id': 2, 'name': 'Right Back'}, 'jersey_number': 20}, {'player': {'id': 264381, 'name': 'Kennedy Amutenya'}, 'position': {'id': 3, 'name': 'Right Center Back'}, 'jersey_number': 12}, {'player': {'id': 135004, 'name': 'Lubeni Haukongo'}, 'position': {'id': 5, 'name': 'Left Center Back'}, 'jersey_number': 21}, {'player': {'id': 65555, 'name': 'Riaan Hanamub'}, 'position': {'id': 6, 'name': 'Left Back'}, 'jersey_number': 4}, {'player': {'id': 136406, 'name': 'Aprocious Petrus'}, 'position': {'id': 10, 'name': 'Center Defensive Midfield'}, 'jersey_number': 18}, {'player': {'id': 389319, 'name': 'Muzeu Bethuel'}, 'position': {'id': 12, 'name': 'Right Midfield'}, 'jersey_number': 9}, {'player': {'id': 103803, 'name': 'Prins Menelik Tjiueza'}, 'position': {'id': 13, 'name': 'Right Center Midfield'}, 'jersey_number': 10}, {'player': {'id': 389316, 'name': 'Ngero Kaanjuka Katua'}, 'position': {'id': 15, 'name': 'Left Center Midfield'}, 'jersey_number': 6}, {'player': {'id': 64612, 'name': 'Deon Hotto Kavendji'}, 'position': {'id': 16, 'name': 'Left Midfield'}, 'jersey_number': 7}, {'player': {'id': 65723, 'name': 'Peter Shalulile'}, 'position': {'id': 23, 'name': 'Center Forward'}, 'jersey_number': 13}]}",Namibia,4980,00:00:00.000,Starting XI,
,,,,,,,,,,,,,0.0,,,,,,,,,,,,ab3b6e79-4974-4950-b883-a6e99f60a086,2,,,3920417,0,,,,,,,,,,,,,,,,,,,,,,,,1,Regular Play,,,,1,Namibia,4980,,0,,,,,,,,,,,,,,,,,"{'formation': 442, 'lineup': [{'player': {'id': 102992, 'name': 'Djigui Diarra'}, 'position': {'id': 1, 'name': 'Goalkeeper'}, 'jersey_number': 16}, {'player': {'id': 3248, 'name': 'Hamari Traoré'}, 'position': {'id': 2, 'name': 'Right Back'}, 'jersey_number': 2}, {'player': {'id': 23331, 'name': 'Boubakar Kouyate'}, 'position': {'id': 3, 'name': 'Right Center Back'}, 'jersey_number': 5}, {'player': {'id': 7295, 'name': 'Sikou Niakate'}, 'position': {'id': 5, 'name': 'Left Center Back'}, 'jersey_number': 6}, {'player': {'id': 32952, 'name': 'Moussa Diarra'}, 'position': {'id': 6, 'name': 'Left Back'}, 'jersey_number': 13}, {'player': {'id': 67714, 'name': 'Aliou Dieng'}, 'position': {'id': 9, 'name': 'Right Defensive Midfield'}, 'jersey_number': 23}, {'player': {'id': 4385, 'name': 'Yves Bissouma'}, 'position': {'id': 11, 'name': 'Left Defensive Midfield'}, 'jersey_number': 10}, {'player': {'id': 3710, 'name': 'Fousseni Diabaté'}, 'position': {'id': 12, 'name': 'Right Midfield'}, 'jersey_number': 19}, {'player': {'id': 199653, 'name': 'Nene Dorgeles'}, 'position': {'id': 16, 'name': 'Left Midfield'}, 'jersey_number': 27}, {'player': {'id': 51750, 'name': 'Youssoufou Niakaté'}, 'position': {'id': 22, 'name': 'Right Center Forward'}, 'jersey_number': 18}, {'player': {'id': 105182, 'name': 'Lassine Sinayoko'}, 'position': {'id': 24, 'name': 'Left Center Forward'}, 'jersey_number': 25}]}",Mali,4930,00:00:00.000,Starting XI,
,,,,,,,,,,,,,0.0,,,,,,,,,,,,9c262998-fcc1-412f-bc70-5028a3936bb6,3,,,3920417,0,,,,,,,,,,,,,,,,,,,,,,,,1,Regular Play,,,,1,Namibia,4980,['99739926-6dff-4db7-8178-8cb54f144b16'],0,,,,,,,,,,,,,,,,,,Namibia,4980,00:00:00.000,Half Start,
,,,,,,,,,,,,,0.0,,,,,,,,,,,,99739926-6dff-4db7-8178-8cb54f144b16,4,,,3920417,0,,,,,,,,,,,,,,,,,,,,,,,,1,Regular Play,,,,1,Namibia,4980,['9c262998-fcc1-412f-bc70-5028a3936bb6'],0,,,,,,,,,,,,,,,,,,Mali,4930,00:00:00.000,Half Start,
,,,,,,,,,,,,,0.0,,,,,,,,,,,,9283ca59-82ee-4575-aad7-eee64a002fa5,1396,,,3920417,45,,,,,,,,,,,,,,,,,,,,,,,,2,From Corner,,,,85,Namibia,4980,['30b203a5-ce2f-41f9-8770-12938cfc23d1'],0,,,,,,,,,,,,,,,,,,Mali,4930,00:00:00.000,Half Start,
,,,,,,,,,,,,,0.0,,,,,,,,,,,,30b203a5-ce2f-41f9-8770-12938cfc23d1,1397,,,3920417,45,,,,,,,,,,,,,,,,,,,,,,,,2,From Corner,,,,85,Namibia,4980,['9283ca59-82ee-4575-aad7-eee64a002fa5'],0,,,,,,,,,,,,,,,,,,Namibia,4980,00:00:00.000,Half Start,
,,,,,,,,,,,,,0.854057,,,,,,,,,,,,c166b783-da96-41c8-abbf-4ddaf77b2978,5,,"[61.0, 40.1]",3920417,0,,,,-3.012896,,Right Foot,,,,"[52.5, 39.0]",Ground Pass,,8.570881,,,Yves Bissouma,4385.0,,,,,,Kick Off,1,From Kick Off,Youssoufou Niakaté,51750.0,Right Center Forward,2,Mali,4930,['eb089c8c-250b-4a8f-adb9-8e410528a550'],0,,,,,,,,,,,,,,,,,,Mali,4930,00:00:00.491,Pass,
,,,,,,,,,,,,,0.900433,,,,,,,,,,,,3c183549-9dad-4149-a421-383d4db775c3,8,,"[52.5, 38.7]",3920417,0,,,,1.8925469,,Left Foot,,,,"[48.3, 51.3]",Ground Pass,,13.281567,,,Aliou Dieng,67714.0,,,,,,,1,From Kick Off,Yves Bissouma,4385.0,Left Defensive Midfield,2,Mali,4930,['f9fb8e15-c3dd-467e-a1be-fa441627e7ac'],1,,,,,,,,,,,,,,,,,,Mali,4930,00:00:01.667,Pass,
,,,,,,,,,,,,,0.872984,,,,,,,,,,,,73eb7a3d-996b-4512-9131-a9f40af9e98a,11,,"[48.7, 53.1]",3920417,0,,,,1.9912016,,Left Foot,,,,"[41.1, 70.1]",Ground Pass,,18.621492,,,Hamari Traoré,3248.0,,,,,,,1,From Kick Off,Aliou Dieng,67714.0,Right Defensive Midfield,2,Mali,4930,['c07c157b-e102-4a8e-8330-02aa6969067b'],3,,,,,,,,,,,,,,,,,,Mali,4930,00:00:03.556,Pass,
,,,,,,,,,,,,,2.916405,,,,,,,,,,,,220c055d-fd80-45fe-9da6-9c51684801e2,14,,"[42.2, 70.7]",3920417,0,,,,-0.018304592,,Right Foot,,,,"[85.9, 69.9]",High Pass,,43.70732,Incomplete,,Fousseni Diabaté,3710.0,,,,,,,1,From Kick Off,Hamari Traoré,3248.0,Right Back,2,Mali,4930,"['8f6ef74d-c983-44f3-9e0b-af55ab28fbb3', '19f62055-fcb1-467f-90d9-e701e812888f']",5,,,,,,,,,,,,,,,,,,Mali,4930,00:00:05.967,Pass,
,,,,,,,,,,,,,1.188882,,,,,,,,,,,,8f6ef74d-c983-44f3-9e0b-af55ab28fbb3,16,,"[34.2, 10.2]",3920417,0,,,,-0.07910289,,Head,,,,"[50.6, 8.9]",High Pass,,16.451445,Incomplete,,Deon Hotto Kavendji,64612.0,,,,,,Recovery,1,From Kick Off,Riaan Hanamub,65555.0,Left Back,2,Mali,4930,"['7c764cb9-5c02-4684-b59a-3dd4eae892ee', '8b238c0a-4a39-4f3b-8843-4f5b938c43e6', '220c055d-fd80-45fe-9da6-9c51684801e2']",8,,,,,,,,,,,,,,,,,,Namibia,4980,00:00:08.884,Pass,
,,,,,,,,,,,,,0.965905,,,,,,,,,,,,8b238c0a-4a39-4f3b-8843-4f5b938c43e6,18,,"[69.5, 71.2]",3920417,0,,,,-0.18682016,,Right Foot,,,,"[85.9, 68.1]",Low Pass,,16.690416,,,Youssoufou Niakaté,51750.0,,,,,,Recovery,1,From Kick Off,Aliou Dieng,67714.0,Right Defensive Midfield,2,Mali,4930,"['e0906231-56ab-426b-9608-dbf1678b1209', '8f6ef74d-c983-44f3-9e0b-af55ab28fbb3']",10,,,,,,,,,,,,,,,,,,Mali,4930,00:00:10.072,Pass,
,,,,,,,,,,,,,0.312643,,,,,,,,,,,,8e7a2233-907e-44d3-baf9-cc38632a0b85,23,,"[69.5, 80.0]",3920417,0,True,,,-1.7709774,,,,,,"[68.1, 73.1]",Low Pass,,7.0405965,,,Aliou Dieng,67714.0,,,,,,Throw-in,1,From Throw In,Hamari Traoré,3248.0,Right Back,3,Mali,4930,['8619b8b5-4f5f-45f9-9046-764ad45143a2'],16,,,,,,,,,,,,,,,,,,Mali,4930,00:00:16.882,Pass,
,,,,,,,,,,,,,0.45915,,,,,,,,,,,,5f108005-1be8-44b5-8391-a3b50e3e4260,25,,"[68.9, 72.3]",3920417,0,,,,1.3125441,,Right Foot,,,,"[70.3, 77.6]",Low Pass,,5.481788,,,Hamari Traoré,3248.0,,,,,,,1,From Throw In,Aliou Dieng,67714.0,Right Defensive Midfield,3,Mali,4930,['495096a8-6943-45b8-b55a-9c0c580f9294'],17,,,,,,,,,,,,,,,,,,Mali,4930,00:00:17.524,Pass,
,,,,,,,,,,,,,0.907095,,,,,,,,,,,,f640f6c0-5326-48fb-a3f2-4a2ac45838b1,28,,"[70.3, 77.6]",3920417,0,,,,-2.454775,,Right Foot,,,,"[65.3, 73.5]",Ground Pass,,6.4660654,,,Aliou Dieng,67714.0,,,,,,,1,From Throw In,Hamari Traoré,3248.0,Right Back,3,Mali,4930,['77d2d5c8-8eae-413e-95b3-33874db55b29'],18,,,,,,,,,,,,,,,,,,Mali,4930,00:00:18.777,Pass,
,,,,,,,,,,,,,1.649807,,,,,,,,,,,,2ac77ace-929e-4203-8bf0-77eb388bbaf7,31,,"[57.8, 62.4]",3920417,0,,,,-1.9955175,,Right Foot,,,,"[41.7, 26.8]",Ground Pass,,39.071346,,,Sikou Niakate,7295.0,,,,,,,1,From Throw In,Aliou Dieng,67714.0,Right Defensive Midfield,3,Mali,4930,['6f7b6072-5825-4308-b437-29d459ee50bf'],24,,,,,,,,,,,,,,,,,,Mali,4930,00:00:24.298,Pass,
,,,,,,,,,,,,,1.110518,,,,,,,,,,,,2ca4d718-61c9-4962-959f-19fed120dff8,34,,"[41.4, 24.1]",3920417,0,,,,1.542323,,Left Foot,,,,"[42.3, 55.7]",Ground Pass,,31.612814,,,Boubakar Kouyate,23331.0,,,,,,,1,From Throw In,Sikou Niakate,7295.0,Left Center Back,3,Mali,4930,['e84c1e55-2dfc-4b1d-89e9-f809e9c2f2c9'],26,,,,,,,,,,,,,,,,,,Mali,4930,00:00:26.738,Pass,
,,,,,,,,,,,,,1.382649,,,,,,,,,,,,e417f666-504a-4165-ab63-9183ffc37ccf,37,,"[43.7, 56.0]",3920417,0,,,,0.82693905,,Right Foot,,,,"[63.3, 77.3]",Ground Pass,,28.945639,,,Hamari Traoré,3248.0,,,,,,,1,From Throw In,Boubakar Kouyate,23331.0,Right Center Back,3,Mali,4930,['3362d5cd-c23a-4c70-bb4a-27d88a1b966f'],29,,,,,,,,,,,,,,,,,,Mali,4930,00:00:29.127,Pass,
,,,,,,,,,,,,,4.07233,,,,,,,,,,,,bd55d174-34b3-47b0-b445-67c03d7e2799,40,,"[63.7, 77.0]",3920417,0,,,,-0.36450192,,Right Foot,,,,"[111.4, 58.8]",High Pass,,51.054188,,,Lassine Sinayoko,105182.0,,,,,,,1,From Throw In,Hamari Traoré,3248.0,Right Back,3,Mali,4930,['7858190d-812e-46b2-9ada-e99853f9e9c3'],32,,,,,,,,,,,,,,,,,,Mali,4930,00:00:32.075,Pass,
,,,,,,,,,,,,,1.234696,,,,,,,,,,,,f73230b6-4742-47f6-9685-5ddbc78aa8ac,44,,"[118.7, 51.5]",3920417,0,,,,2.4351666,,Right Foot,,True,,"[111.2, 57.9]",Ground Pass,,9.859513,,,Fousseni Diabaté,3710.0,,,,,,,1,From Throw In,Lassine Sinayoko,105182.0,Left Center Forward,3,Mali,4930,['c05bd4b0-29f7-469d-9e7f-97b9a36e1094'],38,,,,,,,,,,,,,,,,,,Mali,4930,00:00:38.540,Pass,
,,,,,,,,,,,,,0.97916,,,,,,,,,,,,9126c049-cdde-4caa-8453-a21265c58e75,49,,"[108.9, 54.9]",3920417,0,,,,-2.2788842,9275fbef-4d1d-4cce-9578-963f86bd2067,Left Foot,,,,"[95.8, 39.6]",Ground Pass,,20.141996,,,Yves Bissouma,4385.0,True,,,,,,1,From Throw In,Fousseni Diabaté,3710.0,Right Midfield,3,Mali,4930,"['e962e8c8-5aab-43d8-b271-4c0e798dc42d', '1900ca63-661e-46c3-87b4-029238e83671']",41,,,,,,,,,,,,,,,,,,Mali,4930,00:00:41.857,Pass,True
,,,,,,,,,,,,,1.457004,,,,,,,,,,,,4f8cf0f7-e653-4608-a37e-e33d4bd48cd3,55,,"[81.4, 28.5]",3920417,0,,,,-1.1185334,,Right Foot,,,,"[91.7, 7.3]",Ground Pass,,23.569683,,,Moussa Diarra,32952.0,,,,,,Recovery,1,From Throw In,Aliou Dieng,67714.0,Right Defensive Midfield,3,Mali,4930,['4a1b4d14-9479-474c-8c8e-fb83ae89e689'],46,,,,,,,,,,,,,,,,,,Mali,4930,00:00:46.801,Pass,
,,,,,,,,,,,,,1.195925,,,,,,,,,,,,4ddcbdc0-d5de-4956-954a-f2329f811843,59,,"[90.6, 9.3]",3920417,0,,,,0.609865,,Left Foot,,,,"[106.2, 20.2]",Ground Pass,,19.030764,,,Nene Dorgeles,199653.0,,,,,,,1,From Throw In,Moussa Diarra,32952.0,Left Back,3,Mali,4930,"['c36bcd62-c45e-4585-8728-8b87efdbf4ed', '895ab23f-a757-4ddf-b1cf-e760f1b5afcd']",49,,,,,,,,,,,,,,,,,,Mali,4930,00:00:49.215,Pass,True
,,,,,,,,,,,,,1.720787,,,,,,,,,,,,724e9a43-58de-44c8-b2f5-da3d43fc0652,66,,"[9.4, 65.3]",3920417,0,,,,0.041213762,,Right Foot,,,,"[48.2, 66.9]",High Pass,,38.832977,Unknown,,Peter Shalulile,65723.0,,,,,,,1,From Throw In,Ivan Kamberipa,103799.0,Right Back,3,Mali,4930,['e754b8e3-2eae-4ead-b952-fec0c7906c44'],55,,,,,,,,,,,,,,,,,,Namibia,4980,00:00:55.587,Pass,
,,,,,,,,,,,,,2.620339,,,,,,,,,,,,1c42d521-a4cb-482b-a85f-a829c65361ff,70,,"[59.8, 67.7]",3920417,1,,,,-0.40855253,,Right Foot,,,,"[99.3, 50.6]",High Pass,,43.042538,Unknown,,Peter Shalulile,65723.0,,,,,,Free Kick,1,From Free Kick,Ivan Kamberipa,103799.0,Right Back,4,Namibia,4980,['b657ae69-dad1-40dc-b8d2-eb12177a0398'],30,,,,,,,,,,,,,,,,,,Namibia,4980,00:01:30.455,Pass,
,,,,,,,,,,,,,0.453619,,,,,,,,,,,,42f34327-20e0-4223-99be-bff1378a1666,74,,"[18.7, 28.5]",3920417,1,True,,,1.4700555,,Right Foot,,,,"[21.5, 56.2]",Ground Pass,,27.841156,,,Boubakar Kouyate,23331.0,,,,,,Free Kick,1,From Free Kick,Sikou Niakate,7295.0,Left Center Back,5,Mali,4930,['4bc290c5-d5e6-4d75-8781-16c2a5eb5d8c'],50,,,,,,,,,,,,,,,,,,Mali,4930,00:01:50.885,Pass,
,,,,,,,,,,,,,1.40602,,,,,,,,,,,,d7512fa6-3edc-45ef-afe2-538f0675cf7c,76,,"[21.5, 56.2]",3920417,1,True,,,-1.3745257,,Right Foot,,,,"[28.3, 22.0]",Ground Pass,,34.869473,,,Sikou Niakate,7295.0,,,,,,,1,From Free Kick,Boubakar Kouyate,23331.0,Right Center Back,5,Mali,4930,['e54d810f-bb8e-4c28-be46-ec742ad6fe99'],51,,,,,,,,,,,,,,,,,,Mali,4930,00:01:51.338,Pass,
,,,,,,,,,,,,,1.059732,,,,,,,,,,,,80beb8db-d1b5-41c1-9868-caa22f1bd9a1,78,,"[29.0, 20.9]",3920417,1,,,,-0.9780014,,Left Foot,,,,"[38.7, 6.5]",Ground Pass,,17.362316,,,Moussa Diarra,32952.0,,,,,,,1,From Free Kick,Sikou Niakate,7295.0,Left Center Back,5,Mali,4930,['1405e9f5-15b9-47ca-984f-53ce2889188d'],54,,,,,,,,,,,,,,,,,,Mali,4930,00:01:54.003,Pass,
,,,,,,,,,,,,,1.256086,,,,,,,,,,,,79876f98-26ff-4b0b-9735-7e1325dde1dd,81,,"[38.1, 6.5]",3920417,1,,,,-0.3340522,,Left Foot,,,,"[55.1, 0.6]",Low Pass,,17.994722,Out,,,,,,,,,,1,From Free Kick,Moussa Diarra,32952.0,Left Back,5,Mali,4930,,59,,,,,,,,,,,,,,,,,,Mali,4930,00:01:59.393,Pass,
,,,,,,,,,,,,,1.238351,,,,,,,,,,,,a2d813e2-7225-46b2-b7c7-8fb6d03e4dcd,82,,"[64.7, 80.0]",3920417,2,,,,-0.1798535,,,,,,"[84.5, 76.4]",High Pass,,20.12461,Unknown,,Muzeu Bethuel,389319.0,,,,,,Throw-in,1,From Throw In,Ivan Kamberipa,103799.0,Right Back,6,Namibia,4980,['a7059470-05a2-4490-92f7-77f5223ba106'],10,,,,,,,,,,,,,,,,,,Namibia,4980,00:02:10.329,Pass,
,,,,,,,,,,,,,1.478976,,,,,,,,,,,,c7952131-ae77-4b08-ba7f-933f78be5dab,86,,"[84.3, 69.9]",3920417,3,,,,-0.7529186,,Left Foot,True,,,"[112.9, 43.1]",High Pass,,39.194386,Incomplete,,Peter Shalulile,65723.0,,,,,,Free Kick,1,From Free Kick,Deon Hotto Kavendji,64612.0,Left Midfield,7,Namibia,4980,"['9127c3d9-538a-4fa4-af78-0c3b4eb1ff18', '9d24aa8f-b2c1-44eb-9e50-708fe0e0f7cb']",1,,,,,,,,,,,,,,,,,,Namibia,4980,00:03:01.681,Pass,
,,,,,,,,,,,,,1.148023,,,,,,,,,,,,b6980988-1920-4696-b7b7-6b4043fce0e3,90,,"[120.0, 80.0]",3920417,3,,,,-1.6669618,,Left Foot,,,,"[117.0, 48.9]",High Pass,True,31.24436,Incomplete,,Muzeu Bethuel,389319.0,,,,Inswinging,,Corner,1,From Corner,Deon Hotto Kavendji,64612.0,Left Midfield,8,Namibia,4980,"['ba9893d3-78f3-4c18-9af3-0ecc5337a8bb', '4f1c3bf7-9f71-45e9-a74b-bc2b5646c41c']",47,,,,,,,,,,,,,,,,,,Namibia,4980,00:03:47.315,Pass,
,,,,,,,,,,,,,3.398843,,,,,,,,,,,,d74db6fd-213a-4cee-ac10-d92ff01d3bb0,93,,"[108.6, 80.0]",3920417,3,,,,-1.1571071,,,,,,"[114.0, 67.7]",Low Pass,,13.433167,,,Peter Shalulile,65723.0,,,,,,Throw-in,1,From Throw In,Deon Hotto Kavendji,64612.0,Left Midfield,9,Namibia,4980,['e566209b-db0e-460a-b5f0-c138c500aaa8'],54,,,,,,,,,,,,,,,,,,Namibia,4980,00:03:54.536,Pass,
,,,,,,,,,,,,,1.35989,,,,,,,,,,,,cc72a1c6-7fec-4983-8317-aea2e487889a,96,,"[115.0, 63.0]",3920417,3,,,,-1.7881657,,Left Foot,True,True,,"[111.4, 46.7]",Ground Pass,,16.692812,Incomplete,,Aprocious Petrus,136406.0,,,,,,,1,From Throw In,Peter Shalulile,65723.0,Center Forward,9,Namibia,4980,"['2847e579-5f5f-46b2-904c-61bcb537cdb2', 'a7aeb2e9-459e-4b77-aa84-3ff28a5ab521']",58,,,,,,,,,,,,,,,,,,Namibia,4980,00:03:58.843,Pass,
,,,,,,,,,,,,,0.85885,,,,,,,,,,,,2a5ef011-1a63-4bd8-bb22-0875715a6e21,101,,"[7.5, 10.6]",3920417,4,,,,0.082007445,,Right Foot,,,,"[14.8, 11.2]",Ground Pass,,7.324616,,,Nene Dorgeles,199653.0,,,,,,,1,Regular Play,Aliou Dieng,67714.0,Right Defensive Midfield,10,Mali,4930,"['9490fb72-6b0c-420d-998d-81a48d0027aa', '1ba80aec-5d5e-49da-ad64-d070c7370f97']",7,,,,,,,,,,,,,,,,,,Mali,4930,00:04:07.407,Pass,True
,,,,,,,,,,,,,0.44627,,,,,,,,,,,,b63091c4-a04c-493c-9c03-c672291e3c6b,105,,"[13.6, 9.9]",3920417,4,,,,-1.7738415,,Left Foot,,,,"[12.9, 6.5]",Ground Pass,,3.471311,,,Yves Bissouma,4385.0,,,,,,,1,Regular Play,Nene Dorgeles,199653.0,Left Midfield,10,Mali,4930,"['86d08ad0-8a06-4259-b325-60352567ac65', 'b0aa63f7-e303-4c6a-99df-cb774c23955c']",8,,,,,,,,,,,,,,,,,,Mali,4930,00:04:08.328,Pass,True
,,,,,,,,,,,,,2.953867,,,,,,,,,,,,7abf8e2e-3e64-4683-95d4-8c340be53e11,114,,"[27.3, 5.1]",3920417,4,,,,0.5010134,,Left Foot,,,,"[86.1, 37.3]",High Pass,,67.03939,,,Lassine Sinayoko,105182.0,,,,,,Free Kick,1,From Free Kick,Sikou Niakate,7295.0,Left Center Back,11,Mali,4930,['c5167f3d-71fb-4af4-8504-a48e0a95a84b'],34,,,,,,,,,,,,,,,,,,Mali,4930,00:04:34.941,Pass,
,,,,,,,,,,,,,2.276862,,,,,,,,,,,,075da2fd-c702-40fe-970f-4dc50bb2e906,116,,"[86.1, 35.4]",3920417,4,,,True,0.2643103,,,,,,"[107.9, 41.3]",High Pass,,22.584286,Incomplete,,Youssoufou Niakaté,51750.0,,,,,,,1,From Free Kick,Lassine Sinayoko,105182.0,Left Center Forward,11,Mali,4930,"['a6e4db23-b3aa-4c71-a664-dd80cb0d045c', 'b01f73dd-12a8-49b8-9860-c6f55b24dd99', 'ee73c4d5-8680-4249-8586-41cd243fb848']",38,,,,,,,,,,,,,,,,,,Mali,4930,00:04:38.031,Pass,True
,,,,,,,,,,,,,1.874146,,,,,,,,,,,,cc475027-ec37-4bf2-9dee-b9a5bf8ffcda,120,,"[11.7, 32.7]",3920417,4,True,,,-0.9874233,,Right Foot,,,,"[28.2, 7.7]",Ground Pass,,29.954132,,,Riaan Hanamub,65555.0,,,,,,,1,Regular Play,Lloyd Junior Kazapua,125324.0,Goalkeeper,12,Namibia,4980,['bcce6d62-50db-4b10-90a1-d1690d5c7be1'],46,,,,,,,,,,,,,,,,,,Namibia,4980,00:04:46.342,Pass,
,,,,,,,,,,,,,1.399999,,,,,,,,,,,,4e9e15b3-491d-4b28-adc9-44622cfe53f9,122,,"[39.5, 8.8]",3920417,4,,,,3.0219483,,Left Foot,,,,"[21.2, 11.0]",Ground Pass,,18.431767,,,Lubeni Haukongo,135004.0,,,,,,,1,Regular Play,Riaan Hanamub,65555.0,Left Back,12,Namibia,4980,['327968b9-bcf1-42d6-a0d4-a52c3e105a61'],53,,,,,,,,,,,,,,,,,,Namibia,4980,00:04:53.708,Pass,
,,,,,,,,,,,,,1.759998,,,,,,,,,,,,d59150b1-440e-4acb-9540-c0af45391ccc,125,,"[14.0, 18.1]",3920417,4,,,,1.7846692,,Left Foot,,,,"[9.2, 40.2]",Ground Pass,,22.615261,,,Lloyd Junior Kazapua,125324.0,,,,,,,1,Regular Play,Lubeni Haukongo,135004.0,Left Center Back,12,Namibia,4980,['8270967c-7294-459c-8cdd-480fa2f8c8dc'],56,,,,,,,,,,,,,,,,,,Namibia,4980,00:04:56.903,Pass,
,,,,,,,,,,,,,2.853451,,,,,,,,,,,,3eb26360-5cdf-460f-bffe-fef97acdde0b,129,,"[8.2, 41.7]",3920417,4,,,,0.38265076,,Right Foot,,,,"[56.4, 61.1]",High Pass,,51.957676,Incomplete,,Deon Hotto Kavendji,64612.0,,,,,,,1,Regular Play,Lloyd Junior Kazapua,125324.0,Goalkeeper,12,Namibia,4980,"['c8be0864-4383-4a08-a30d-8b14be899c31', 'db3bdb44-e244-4cfe-8c55-8c1683fae064']",59,,,,,,,,,,,,,,,,,,Namibia,4980,00:04:59.595,Pass,
,,,,,,,,,,,,,2.237794,,,,,,,,,,,,db3bdb44-e244-4cfe-8c55-8c1683fae064,132,,"[63.7, 19.0]",3920417,5,,,True,1.5836161,,,,,,"[63.6, 26.8]",High Pass,,7.800641,,,Yves Bissouma,4385.0,,,,,,Recovery,1,Regular Play,Moussa Diarra,32952.0,Left Back,13,Mali,4930,"['ba7953cf-8f7c-4d90-8b1d-f687f27fb668', '3eb26360-5cdf-460f-bffe-fef97acdde0b', '8919c635-e4d7-4ac9-957a-2ec51067566d']",2,,,,,,,,,,,,,,,,,,Mali,4930,00:05:02.448,Pass,True
,,,,,,,,,,,,,0.431621,,,,,,,,,,,,4127ebae-c329-4fbc-8090-caea0b2a301c,137,,"[65.1, 33.4]",3920417,5,,,,2.726687,,Right Foot,,,,"[56.7, 37.1]",Ground Pass,,9.17878,,,Aliou Dieng,67714.0,,,,,,,1,Regular Play,Yves Bissouma,4385.0,Left Defensive Midfield,13,Mali,4930,"['bb07bd51-3a28-4214-a10d-b03779fcd20e', '7f98a79a-bbff-4ea9-95ca-df27c93a18cc']",7,,,,,,,,,,,,,,,,,,Mali,4930,00:05:07.114,Pass,True
,,,,,,,,,,,,,1.407758,,,,,,,,,,,,e3c5d95d-f719-47dd-b6a4-7ecf7b9860e1,140,,"[57.0, 43.1]",3920417,5,,,,1.6340452,,Right Foot,,,,"[55.1, 73.1]",Ground Pass,,30.060106,,,Hamari Traoré,3248.0,,,,,,,1,Regular Play,Aliou Dieng,67714.0,Right Defensive Midfield,13,Mali,4930,['f3d9fab4-019f-4f50-9dce-0e0901c4cfde'],10,,,,,,,,,,,,,,,,,,Mali,4930,00:05:10.338,Pass,
,,,,,,,,,,,,,0.939319,,,,,,,,,,,,99169b5b-f565-49f1-ae35-79ce22502dbb,143,,"[62.9, 75.6]",3920417,5,,,,-1.5344487,,Right Foot,,,,"[63.1, 70.1]",Ground Pass,,5.503635,,,Aliou Dieng,67714.0,,,,,,,1,Regular Play,Hamari Traoré,3248.0,Right Back,13,Mali,4930,['038cf5a1-3957-45e9-9559-6e94c249407b'],14,,,,,,,,,,,,,,,,,,Mali,4930,00:05:14.728,Pass,
,,,,,,,,,,,,,1.243047,,,,,,,,,,,,ccca107f-15bb-4fad-9183-e376529078f3,146,,"[57.3, 66.6]",3920417,5,,,,3.0502977,,Right Foot,,,,"[43.1, 67.9]",Ground Pass,,14.259383,,,Boubakar Kouyate,23331.0,,,,,,,1,Regular Play,Aliou Dieng,67714.0,Right Defensive Midfield,13,Mali,4930,['595ce84f-c1ae-417c-b419-f3ae22cb7480'],16,,,,,,,,,,,,,,,,,,Mali,4930,00:05:16.646,Pass,
,,,,,,,,,,,,,1.594565,,,,,,,,,,,,55de91ca-81e3-45f0-a08c-230e66c0d0e2,149,,"[42.6, 67.4]",3920417,5,,,,-1.596195,,Right Foot,,,,"[41.5, 24.1]",Ground Pass,,43.31397,,,Sikou Niakate,7295.0,,,True,,,,1,Regular Play,Boubakar Kouyate,23331.0,Right Center Back,13,Mali,4930,['6abf14e1-6f1d-40e5-b7da-90628f4e4139'],19,,,,,,,,,,,,,,,,,,Mali,4930,00:05:19.588,Pass,
,,,,,,,,,,,,,1.600967,,,,,,,,,,,,edff9b8c-ca94-4367-a45e-207ef2a4978d,152,,"[41.5, 26.3]",3920417,5,,,,1.5855554,,Left Foot,,,,"[41.1, 53.4]",Ground Pass,,27.102951,,,Boubakar Kouyate,23331.0,,,,,,,1,Regular Play,Sikou Niakate,7295.0,Left Center Back,13,Mali,4930,['1d45069d-a550-4921-9772-67cce6121f91'],22,,,,,,,,,,,,,,,,,,Mali,4930,00:05:22.334,Pass,
,,,,,,,,,,,,,1.261018,,,,,,,,,,,,131ba3c8-e24f-4853-8e36-1c11e8960bcf,155,,"[40.1, 56.3]",3920417,5,,,,0.96555406,,Right Foot,,,,"[52.0, 73.5]",Ground Pass,,20.915306,,,Hamari Traoré,3248.0,,,,,,,1,Regular Play,Boubakar Kouyate,23331.0,Right Center Back,13,Mali,4930,['a38656d4-efef-47fd-9572-7dafe87ea1fc'],25,,,,,,,,,,,,,,,,,,Mali,4930,00:05:25.395,Pass,
,,,,,,,,,,,,,2.042919,,,,,,,,,,,,de81271b-13d1-46f9-87c1-aa4765db87f9,158,,"[51.9, 74.6]",3920417,5,,,,-2.1518,,Right Foot,,,,"[34.5, 48.1]",Ground Pass,,31.701893,,,Sikou Niakate,7295.0,,,,,,,1,Regular Play,Hamari Traoré,3248.0,Right Back,13,Mali,4930,['4022d93e-7baa-49a5-9513-d4593d1f5aa3'],27,,,,,,,,,,,,,,,,,,Mali,4930,00:05:27.583,Pass,
,,,,,,,,,,,,,0.803773,,,,,,,,,,,,afddfaf5-8d3a-415c-b08c-51412531a0a5,161,,"[40.9, 33.1]",3920417,5,,,,0.29849893,,Left Foot,,,,"[53.9, 37.1]",Ground Pass,,13.601471,,,Yves Bissouma,4385.0,,,,,,,1,Regular Play,Sikou Niakate,7295.0,Left Center Back,13,Mali,4930,['db4d0222-ad9a-47a4-b2fd-014d301b4338'],34,,,,,,,,,,,,,,,,,,Mali,4930,00:05:34.132,Pass,
,,,,,,,,,,,,,1.723762,,,,,,,,,,,,a4754997-5840-4acc-950b-7b0b5a79daad,164,,"[53.7, 40.6]",3920417,5,,,,1.8047501,,Right Foot,,,,"[48.6, 62.0]",Ground Pass,,21.99932,,,Boubakar Kouyate,23331.0,,,,,,,1,Regular Play,Yves Bissouma,4385.0,Left Defensive Midfield,13,Mali,4930,['54559194-d128-4a5e-aca9-c07cda017f37'],37,,,,,,,,,,,,,,,,,,Mali,4930,00:05:37.049,Pass,
,,,,,,,,,,,,,1.209099,,,,,,,,,,,,dc3698e4-9a92-4121-9aba-d5118e208074,167,,"[49.5, 66.0]",3920417,5,,,,0.35684666,,Right Foot,,,,"[72.3, 74.5]",Ground Pass,,24.3329,,,Fousseni Diabaté,3710.0,,,,,,,1,Regular Play,Boubakar Kouyate,23331.0,Right Center Back,13,Mali,4930,['c3fc7bfb-e0d1-498a-8ffd-e38218809935'],39,,,,,,,,,,,,,,,,,,Mali,4930,00:05:39.625,Pass,
,,,,,,,,,,,,,0.304472,,,,,,,,,,,,2ee8bd3e-5588-4163-a6b9-6465be85fbbe,170,,"[70.8, 74.5]",3920417,5,,,,-0.68681765,,Left Foot,,,,"[75.8, 70.4]",Ground Pass,,6.4660654,Incomplete,,Youssoufou Niakaté,51750.0,,,,,,,1,Regular Play,Fousseni Diabaté,3710.0,Right Midfield,13,Mali,4930,"['6350c461-7599-4d09-96db-7986492280c6', '5507fe9c-77cc-4758-b231-4355a1b543c8']",40,,,,,,,,,,,,,,,,,,Mali,4930,00:05:40.931,Pass,
,,,,,,,,,,,,,1.640715,,,,,,,,,,,,a28e0944-80a7-46b9-bbd9-24c3a1b7cc72,178,,"[55.7, 11.4]",3920417,6,True,,,2.7677155,,Right Foot,,,,"[21.8, 24.7]",High Pass,,36.415657,,,Lloyd Junior Kazapua,125324.0,,,,,,Free Kick,1,From Free Kick,Prins Menelik Tjiueza,103803.0,Right Center Midfield,15,Namibia,4980,['8a8c2893-02f9-45e7-8d5c-febf7bd375dc'],1,,,,,,,,,,,,,,,,,,Namibia,4980,00:06:01.656,Pass,
,,,,,,,,,,,,,0.839187,,,,,,,,,,,,5ed0a6f0-7f4d-41a2-a540-d3a03defe2ab,180,,"[25.7, 26.7]",3920417,6,,,,-1.1318351,,Right Foot,,,,"[33.4, 10.3]",Ground Pass,,18.11767,,,Lubeni Haukongo,135004.0,,,,,,,1,From Free Kick,Lloyd Junior Kazapua,125324.0,Goalkeeper,15,Namibia,4980,['9c4d889c-6bc4-41dd-9980-d45d49234abe'],3,,,,,,,,,,,,,,,,,,Namibia,4980,00:06:03.361,Pass,
,,,,,,,,,,,,,3.014696,,,,,,,,,,,,a8af7727-c366-4918-b8e9-00ef17c6f0d6,183,,"[42.0, 12.2]",3920417,6,,,,0.828682,,Left Foot,,,,"[91.7, 66.4]",High Pass,,73.53727,,,Deon Hotto Kavendji,64612.0,,,True,,,,1,From Free Kick,Lubeni Haukongo,135004.0,Left Center Back,15,Namibia,4980,['7f7098cc-6d6b-4131-b209-3acb03e9838f'],7,,,,,,,,,,,,,,,,,,Namibia,4980,00:06:07.293,Pass,
,,,,,,,,,,,,,1.834013,,,,,,,,,,,,cc10e36e-0e5f-499d-94df-b4e08232b823,186,,"[91.7, 66.4]",3920417,6,,,True,-1.127931,,,,,,"[100.0, 48.9]",High Pass,,19.36853,Incomplete,,Prins Menelik Tjiueza,103803.0,,,,,,,1,From Free Kick,Deon Hotto Kavendji,64612.0,Left Midfield,15,Namibia,4980,"['0130d3b0-ca4a-4214-99ab-7f39cecb6c25', 'a4c02b1f-1d43-44fb-afed-aecfe7e9777b', '7c9190b9-af80-4f11-9c09-35ebb4f4089e']",10,,,,,,,,,,,,,,,,,,Namibia,4980,00:06:10.387,Pass,True
,,,,,,,,,,,,,1.362606,,,,,,,,,,,,14898fb2-b05b-4f5d-acdc-ad6fba65245f,192,,"[27.9, 28.7]",3920417,6,,,,2.158799,,Right Foot,,,,"[12.3, 52.1]",Ground Pass,,28.1233,,,Hamari Traoré,3248.0,,,,,,,1,Regular Play,Nene Dorgeles,199653.0,Left Midfield,16,Mali,4930,['18229c26-183f-4232-921d-4a5ffed35086'],15,,,,,,,,,,,,,,,,,,Mali,4930,00:06:15.268,Pass,
,,,,,,,,,,,,,1.488548,,,,,,,,,,,,32ce71d1-65b0-4d06-8b66-a5bf4ed2593b,195,,"[9.5, 52.7]",3920417,6,,,,0.80795074,,Right Foot,,,,"[29.0, 73.1]",Low Pass,,28.220737,,,Fousseni Diabaté,3710.0,,,,,,,1,Regular Play,Hamari Traoré,3248.0,Right Back,16,Mali,4930,['c227b103-7192-4949-90fe-2622a6c8b8c1'],20,,,,,,,,,,,,,,,,,,Mali,4930,00:06:20.731,Pass,
,,,,,,,,,,,,,1.118324,,,,,,,,,,,,569a973b-ed08-4c56-b1ec-b6ce25d76e99,198,,"[30.6, 73.7]",3920417,6,,,,-2.4756234,,Left Foot,,,,"[22.2, 67.1]",Ground Pass,,10.682696,,,Aliou Dieng,67714.0,,,,,,,1,Regular Play,Fousseni Diabaté,3710.0,Right Midfield,16,Mali,4930,['303c72d5-9e0a-4961-a962-804435671913'],22,,,,,,,,,,,,,,,,,,Mali,4930,00:06:22.430,Pass,
,,,,,,,,,,,,,0.402364,,,,,,,,,,,,d5f3309f-4238-41de-b1c9-5f3ca956c58a,202,,"[27.3, 68.4]",3920417,6,,,,1.364805,,Right Foot,,,,"[28.7, 75.1]",Ground Pass,,6.844706,,,Fousseni Diabaté,3710.0,,,,,,,1,Regular Play,Aliou Dieng,67714.0,Right Defensive Midfield,16,Mali,4930,"['91ae0e4b-eb02-43cd-aa5e-a3ebe8c267b8', '3d8d54c3-82af-44ad-b6e8-c03fdbff8540']",24,,,,,,,,,,,,,,,,,,Mali,4930,00:06:24.967,Pass,True
,,,,,,,,,,,,,1.722541,,,,,,,,,,,,5c721a96-7f13-43d1-a9f0-6ea4d8319332,205,,"[28.7, 75.1]",3920417,6,,,,-2.7644496,,Right Foot,,,,"[13.3, 69.0]",Ground Pass,,16.564117,,,Hamari Traoré,3248.0,,,,,,,1,Regular Play,Fousseni Diabaté,3710.0,Right Midfield,16,Mali,4930,"['03b56276-f4fe-47c0-87c5-119cad63cb27', '91ae0e4b-eb02-43cd-aa5e-a3ebe8c267b8']",25,,,,,,,,,,,,,,,,,,Mali,4930,00:06:25.432,Pass,True
,,,,,,,,,,,,,1.465944,,,,,,,,,,,,86a6d5ea-9e7d-4d6b-9a99-bafb7d42399c,208,,"[22.6, 61.3]",3920417,6,,,,-2.7242439,,Right Foot,,,,"[12.0, 56.6]",Ground Pass,,11.595258,,,Boubakar Kouyate,23331.0,,,,,,,1,Regular Play,Hamari Traoré,3248.0,Right Back,16,Mali,4930,['bbce601b-fddd-4a91-82e1-e5f0ae210a62'],35,,,,,,,,,,,,,,,,,,Mali,4930,00:06:35.298,Pass,
,,,,,,,,,,,,,1.222806,,,,,,,,,,,,40313471-e1fc-4a03-84d2-fee8e37b5bd3,212,,"[15.4, 56.8]",3920417,6,,,,1.350092,,Left Foot,,,,"[18.9, 72.4]",Ground Pass,,15.987808,,,Hamari Traoré,3248.0,,,,,,,1,Regular Play,Boubakar Kouyate,23331.0,Right Center Back,16,Mali,4930,"['ab201781-007f-4d0a-a4bf-8d7b231c44b7', 'ef80c49e-e9ae-4f99-a130-3f0c9cff04b7']",38,,,,,,,,,,,,,,,,,,Mali,4930,00:06:38.589,Pass,True
,,,,,,,,,,,,,0.278592,,,,,,,,,,,,677e95b0-c33c-4f42-93c5-8b4e47c81a94,215,,"[19.8, 72.0]",3920417,6,,,,0.119428925,,Right Foot,,,,"[24.8, 72.6]",Low Pass,,5.0358715,Incomplete,,Fousseni Diabaté,3710.0,,,,,,,1,Regular Play,Hamari Traoré,3248.0,Right Back,16,Mali,4930,"['c8da37ac-f400-43e8-9d4c-459e376dcdcf', 'c404a39d-24b1-4799-a657-9c10fab907a5']",41,,,,,,,,,,,,,,,,,,Mali,4930,00:06:41.054,Pass,
,,,,,,,,,,,,,0.122046,,,,,,,,,,,,29859a15-937c-4cba-95ea-5f8f543ae2e2,221,,"[77.3, 5.6]",3920417,6,,,,2.985998,,Left Foot,,,,"[72.2, 6.4]",Ground Pass,,5.162364,Incomplete,,Muzeu Bethuel,389319.0,,,,,,,1,Regular Play,Ngero Kaanjuka Katua,389316.0,Left Center Midfield,17,Namibia,4980,"['5e6fde1c-df47-4beb-8489-74df8db53870', '0592f00d-423e-447b-a8de-3571ef815306']",46,,,,,,,,,,,,,,,,,,Namibia,4980,00:06:46.768,Pass,
,,,,,,,,,,,,,0.712006,,,,,,,,,,,,93ff3a26-3342-4ad0-b231-774ba65dfd31,227,,"[71.2, 9.1]",3920417,6,,,,-0.28605145,,Left Foot,,,,"[79.7, 6.6]",Ground Pass,,8.860023,,,Muzeu Bethuel,389319.0,,,,,,,1,Regular Play,Ngero Kaanjuka Katua,389316.0,Left Center Midfield,17,Namibia,4980,['06a2ac94-12a9-4f5d-ac1f-4f54800f03d4'],48,,,,,,,,,,,,,,,,,,Namibia,4980,00:06:48.273,Pass,
,,,,,,,,,,,,,1.720664,,,,,,,,,,,,9eae795d-6626-48e1-8c6b-a90ec1aa7f99,233,,"[82.6, 0.9]",3920417,7,,,,0.95825875,,Left Foot,,,,"[111.2, 41.6]",High Pass,,49.743843,Incomplete,,Lubeni Haukongo,135004.0,,,True,,,Free Kick,1,From Free Kick,Riaan Hanamub,65555.0,Left Back,18,Namibia,4980,"['176fa5a1-27b9-4370-b39f-61a69dd6c213', '56222442-18d9-4038-b372-954700250d91']",33,,,,,,,,,,,,,,,,,,Namibia,4980,00:07:33.812,Pass,
,,,,,,,,,,,,,1.246518,,,,,,,,,,,,465220c9-b55a-453c-a1a4-26b36af47651,236,,"[76.7, 46.7]",3920417,7,,,,-2.36377,,Left Foot,,,,"[63.4, 33.6]",Ground Pass,,18.668154,,,Deon Hotto Kavendji,64612.0,,,,,,Recovery,1,From Free Kick,Prins Menelik Tjiueza,103803.0,Right Center Midfield,18,Namibia,4980,['4de045ae-4d2b-4c87-a722-0994e954197a'],38,,,,,,,,,,,,,,,,,,Namibia,4980,00:07:38.536,Pass,
,,,,,,,,,,,,,2.77645,,,,,,,,,,,,2568e60c-80d2-4973-90ae-efaa1dbd2ffc,239,,"[63.4, 33.6]",3920417,7,,,,0.15311316,,Left Foot,,,,"[112.0, 41.1]",High Pass,,49.175297,Incomplete,,Lubeni Haukongo,135004.0,,,,,,,1,From Free Kick,Deon Hotto Kavendji,64612.0,Left Midfield,18,Namibia,4980,"['49804ecc-89dc-4577-aaaa-904ff1b7af60', '7603b2a0-8db6-4449-ac88-9b2aea6a8fc8']",40,,,,,,,,,,,,,,,,,,Namibia,4980,00:07:40.924,Pass,
,,,,,,,,,,,,,4.224799,,,,,,,,,,,,519395c3-57cd-4ea8-8805-21ff64ca928e,243,,"[12.3, 41.6]",3920417,7,,,,-0.47455987,,Drop Kick,,,,"[92.5, 0.4]",High Pass,,90.16363,Out,,Lassine Sinayoko,105182.0,,,True,,,,1,From Keeper,Djigui Diarra,102992.0,Goalkeeper,19,Mali,4930,['c9665ad8-f55a-48cd-b608-262e5568b30b'],45,,,,,,,,,,,,,,,,,,Mali,4930,00:07:45.479,Pass,
,,,,,,,,,,,,,2.520726,,,,,,,,,,,,3f7e1a08-6661-484e-af77-fd91a7cb03c4,245,,"[31.1, 80.0]",3920417,8,,,,-2.687995,,,,,,"[15.1, 72.2]",Low Pass,,17.8,,,Lloyd Junior Kazapua,125324.0,,,,,,Throw-in,1,From Throw In,Ivan Kamberipa,103799.0,Right Back,20,Namibia,4980,['b452b8e1-163e-48a5-b876-14cddfc01a2b'],2,,,,,,,,,,,,,,,,,,Namibia,4980,00:08:02.396,Pass,
,,,,,,,,,,,,,4.754267,,,,,,,,,,,,6f2c94e8-e298-42f3-91de-0569dd44ce1a,249,,"[8.6, 72.0]",3920417,8,,,,-0.1635506,,Right Foot,,,,"[49.2, 65.3]",High Pass,,41.14912,,,Peter Shalulile,65723.0,,,,,,,1,From Throw In,Lloyd Junior Kazapua,125324.0,Goalkeeper,20,Namibia,4980,"['9caf3deb-223b-4b41-bb91-4b12ef175508', '411d0296-ca6b-4cf9-8ad9-ec41420a3a5c']",5,,,,,,,,,,,,,,,,,,Namibia,4980,00:08:05.635,Pass,True
,,,,,,,,,,,,,1.226493,,,,,,,,,,,,9280bdf0-ad23-4403-b793-1b0bada36128,251,,"[49.2, 65.3]",3920417,8,,,,-0.8475889,,Head,,,,"[62.0, 50.8]",Low Pass,,19.341406,,,Muzeu Bethuel,389319.0,,,,,,,1,From Throw In,Peter Shalulile,65723.0,Center Forward,20,Namibia,4980,['c5fbb7ce-160b-49ad-a0d1-58c01407e451'],10,,,,,,,,,,,,,,,,,,Namibia,4980,00:08:10.430,Pass,
,,,,,,,,,,,,,0.83457,,,,,,,,,,,,72e698ad-b7a5-49d1-94f1-0c8421c778b0,254,,"[59.7, 50.8]",3920417,8,,,,2.0189414,,Right Foot,,,,"[57.2, 56.0]",Ground Pass,,5.7697487,,,Peter Shalulile,65723.0,,,,,,,1,From Throw In,Muzeu Bethuel,389319.0,Right Midfield,20,Namibia,4980,['9982bebc-bcf9-4efe-b55c-4614d979f950'],11,,,,,,,,,,,,,,,,,,Namibia,4980,00:08:11.756,Pass,
,,,,,,,,,,,,,1.23661,,,,,,,,,,,,c4807ddb-0d6f-425f-be60-97cf0ae4b118,259,,"[61.7, 56.1]",3920417,8,,,,0.40890783,,Left Foot,,,,"[73.7, 61.3]",Ground Pass,,13.078226,Pass Offside,,Deon Hotto Kavendji,64612.0,,,,,,,1,From Throw In,Peter Shalulile,65723.0,Center Forward,20,Namibia,4980,"['1aed8e0c-0970-475a-bf11-d9d96ffa11f3', 'abb393b3-fe85-4bd8-af42-aa39a21fe06b']",12,,,,,,,,,,,,,,,,,,Namibia,4980,00:08:12.910,Pass,True
,,,,,,,,,,,,,2.660853,,,,,,,,,,,,c1ccf3bf-1d20-44fd-b2e5-fc6b0dc9dad1,261,,"[42.9, 12.9]",3920417,8,,,,1.5167036,,Left Foot,,,,"[46.1, 72.0]",High Pass,,59.18657,,,Hamari Traoré,3248.0,,,True,,,Free Kick,1,From Free Kick,Sikou Niakate,7295.0,Left Center Back,21,Mali,4930,['aee37159-3bd0-4603-af29-108a013e2813'],48,,,,,,,,,,,,,,,,,,Mali,4930,00:08:48.562,Pass,
,,,,,,,,,,,,,1.043354,,,,,,,,,,,,19763363-9daf-4cf0-9f09-569a2c5d7604,264,,"[46.4, 72.3]",3920417,8,,,,0.16703369,,Left Foot,,,,"[63.6, 75.2]",Ground Pass,,17.442764,,,Fousseni Diabaté,3710.0,,,,,,,1,From Free Kick,Hamari Traoré,3248.0,Right Back,21,Mali,4930,['fe1fc020-47f3-4c55-8b37-d324a5b149b1'],52,,,,,,,,,,,,,,,,,,Mali,4930,00:08:52.474,Pass,
,,,,,,,,,,,,,0.585432,,,,,,,,,,,,d2302afb-d93c-47e6-a92b-bc8c74027fc3,268,,"[62.3, 75.6]",3920417,8,,,,0.37131828,,Left Foot,,,,"[73.6, 80.0]",Ground Pass,,12.126417,Out,,Youssoufou Niakaté,51750.0,,,,,,,1,From Free Kick,Fousseni Diabaté,3710.0,Right Midfield,21,Mali,4930,"['b27b866d-2660-4eae-b2fa-ce5fde0d20bb', 'bfa46228-9b11-49ae-bbb0-b5355be6707d']",55,,,,,,,,,,,,,,,,,,Mali,4930,00:08:55.149,Pass,True
,,,,,,,,,,,,,3.835777,,,,,,,,,,,,7bc79cf7-0b10-4e86-8767-2a604db61d2d,270,,"[46.5, 0.1]",3920417,9,True,,,0.11155677,,,,,,"[83.1, 4.2]",Low Pass,,36.82893,,,Ngero Kaanjuka Katua,389316.0,,,,,,Throw-in,1,From Throw In,Riaan Hanamub,65555.0,Left Back,22,Namibia,4980,['c6741eec-abec-4cc0-955f-9c37f14a8148'],3,,,,,,,,,,,,,,,,,,Namibia,4980,00:09:03.405,Pass,
,,,,,,,,,,,,,0.331588,,,,,,,,,,,,20ee49ec-83e3-4010-bbec-7b74945be204,277,,"[12.9, 80.0]",3920417,9,True,,,-1.1156955,,,,,,"[17.5, 70.6]",Low Pass,,10.46518,,,Aliou Dieng,67714.0,,,,,,Throw-in,1,From Throw In,Hamari Traoré,3248.0,Right Back,23,Mali,4930,['dd1f8274-bac9-416d-8e85-85026d4121b7'],26,,,,,,,,,,,,,,,,,,Mali,4930,00:09:26.291,Pass,
,,,,,,,,,,,,,0.572856,,,,,,,,,,,,bf8ee8b7-ce64-43b1-91d6-a3fb2cda02af,279,,"[18.3, 70.6]",3920417,9,,,,2.0730987,,Left Foot,,,,"[14.4, 77.7]",Ground Pass,,8.100617,,,Hamari Traoré,3248.0,,,,,,,1,From Throw In,Aliou Dieng,67714.0,Right Defensive Midfield,23,Mali,4930,['da284e6c-bcf7-41ce-a14b-072f1b51b000'],27,,,,,,,,,,,,,,,,,,Mali,4930,00:09:27.069,Pass,
,,,,,,,,,,,,,0.9194,,,,,,,,,,,,064d1f3a-f785-44b7-8c02-e1d14003a011,282,,"[15.9, 76.5]",3920417,9,,,,-1.7033478,,Right Foot,,,,"[15.3, 72.0]",Ground Pass,,4.539824,,,Aliou Dieng,67714.0,,,,,,,1,From Throw In,Hamari Traoré,3248.0,Right Back,23,Mali,4930,['db760c42-98db-4f4e-a43c-bcc87f8bf9d3'],28,,,,,,,,,,,,,,,,,,Mali,4930,00:09:28.151,Pass,
,,,,,,,,,,,,,0.639239,,,,,,,,,,,,bd0014fb-8a5e-4fc8-9c3d-f628b9dd5563,289,,"[21.5, 71.0]",3920417,9,,,,2.2229676,,Right Foot,,,,"[17.3, 76.5]",Ground Pass,,6.92026,,,Hamari Traoré,3248.0,,,,,,Recovery,1,From Throw In,Aliou Dieng,67714.0,Right Defensive Midfield,23,Mali,4930,"['79c6066e-3cf0-4b14-92e7-cdc0fdc6e268', '7925487c-e10f-43a0-bf87-caaa665dc935']",31,,,,,,,,,,,,,,,,,,Mali,4930,00:09:31.672,Pass,True
,,,,,,,,,,,,,1.273276,,,,,,,,,,,,90a041ab-63c9-423a-b069-b755a77e3bc8,292,,"[17.3, 75.9]",3920417,9,,,,-2.3137956,,Right Foot,,,,"[9.4, 67.3]",Ground Pass,,11.677756,,,Boubakar Kouyate,23331.0,,,,,,,1,From Throw In,Hamari Traoré,3248.0,Right Back,23,Mali,4930,['b0feb2f2-f55f-4ce4-95d6-7a9b1f145628'],33,,,,,,,,,,,,,,,,,,Mali,4930,00:09:33.217,Pass,
,,,,,,,,,,,,,2.271142,,,,,,,,,,,,31b7e4db-a0ac-4229-94e1-5fb21a64b588,295,,"[9.4, 67.3]",3920417,9,,,,-0.1654872,,Right Foot,,,,"[57.3, 59.3]",High Pass,,48.563465,,,Youssoufou Niakaté,51750.0,,,,,,,1,From Throw In,Boubakar Kouyate,23331.0,Right Center Back,23,Mali,4930,['94c68440-f48f-4ca2-9458-8dab729e04d1'],34,,,,,,,,,,,,,,,,,,Mali,4930,00:09:34.551,Pass,
,,,,,,,,,,,,,1.707324,,,,,,,,,,,,d8d55a73-3fd2-43bd-a17c-ed557966d72e,297,,"[57.3, 59.3]",3920417,9,,,,-1.279889,,Head,,,,"[62.3, 42.6]",High Pass,,17.432442,,,Lassine Sinayoko,105182.0,,,,,,,1,From Throw In,Youssoufou Niakaté,51750.0,Right Center Forward,23,Mali,4930,['3933991e-8105-42c4-9958-c3d347a32eee'],36,,,,,,,,,,,,,,,,,,Mali,4930,00:09:36.882,Pass,
,,,,,,,,,,,,,1.684461,,,,,,,,,,,,6840a73e-9a92-45a4-bc84-8abc229e52a8,301,,"[62.6, 40.6]",3920417,9,,,,-0.9367736,,Right Foot,,,,"[77.6, 20.2]",Ground Pass,,25.321136,Pass Offside,,Nene Dorgeles,199653.0,,,,,,,1,From Throw In,Lassine Sinayoko,105182.0,Left Center Forward,23,Mali,4930,"['1f3016a2-bc98-4806-bd4f-7a15ad8a9181', '95a93d8a-14af-4bf5-9973-738590dd86cf']",38,,,,,,,,,,,,,,,,,,Mali,4930,00:09:38.874,Pass,True
,,,,,,,,,,,,,2.399999,,,,,,,,,,,,0f95c2d9-1ff1-4b77-b3d3-b49d8896a90d,303,,"[43.9, 63.0]",3920417,10,True,,,2.884766,,Right Foot,,,,"[34.0, 65.6]",Ground Pass,,10.235722,,,Ivan Kamberipa,103799.0,,,,,,Free Kick,1,From Free Kick,Lloyd Junior Kazapua,125324.0,Goalkeeper,24,Namibia,4980,['7d607d9c-6d2f-47d6-9e72-8e948d9cfdf2'],8,,,,,,,,,,,,,,,,,,Namibia,4980,00:10:08.076,Pass,
,,,,,,,,,,,,,1.496415,,,,,,,,,,,,fd4e0ed1-a02f-4dbf-b569-21b5438c9990,305,,"[32.6, 64.4]",3920417,10,True,,,-2.38058,,Right Foot,,,,"[24.2, 56.4]",Ground Pass,,11.6,,,Lloyd Junior Kazapua,125324.0,,,,,,,1,From Free Kick,Ivan Kamberipa,103799.0,Right Back,24,Namibia,4980,['a902ab8a-895c-4531-9542-b29d0847f6b8'],10,,,,,,,,,,,,,,,,,,Namibia,4980,00:10:10.758,Pass,
,,,,,,,,,,,,,5.562451,,,,,,,,,,,,4679b16d-121d-4377-8f3b-4827691a4c57,307,,"[24.2, 54.5]",3920417,10,,,,-0.40414348,,Right Foot,,,,"[72.6, 33.8]",High Pass,,52.640762,Incomplete,,Ngero Kaanjuka Katua,389316.0,,,,,,,1,From Free Kick,Lloyd Junior Kazapua,125324.0,Goalkeeper,24,Namibia,4980,"['0651928a-abf4-4f6b-9a75-90258e9bbb33', '3f1fff8a-6ae6-496f-b7ac-9b3588d8441c']",16,,,,,,,,,,,,,,,,,,Namibia,4980,00:10:16.314,Pass,
,,,,,,,,,,,,,1.029585,,,,,,,,,,,,8535660d-1506-4516-ba50-839e862ad127,310,,"[8.1, 47.7]",3920417,10,True,,,-0.8514178,,Keeper Arm,,,,"[19.4, 34.8]",Ground Pass,,17.149343,,,Sikou Niakate,7295.0,,,,,,,1,From Free Kick,Djigui Diarra,102992.0,Goalkeeper,24,Namibia,4980,['851e7c75-879e-461c-a977-09e94c0eac3e'],24,,,,,,,,,,,,,,,,,,Mali,4930,00:10:24.978,Pass,
,,,,,,,,,,,,,3.586416,,,,,,,,,,,,bd234a30-a35f-4cfa-8c89-d90fc9d57143,312,,"[43.4, 27.6]",3920417,10,,,,0.06403447,,Left Foot,,,,"[108.9, 31.8]",High Pass,,65.63452,Incomplete,,Fousseni Diabaté,3710.0,,,,,,,1,From Free Kick,Sikou Niakate,7295.0,Left Center Back,24,Namibia,4980,"['8129cb9b-3f2b-4750-b237-a27e1feb0759', '228f3a82-ac1b-4eac-a31f-433702e28648']",33,,,,,,,,,,,,,,,,,,Mali,4930,00:10:33.613,Pass,
,,,,,,,,,,,,,1.132545,,,,,,,,,,,,0ea13eea-2a3f-40b6-9e64-b34f02e88df2,315,,"[11.7, 45.6]",3920417,10,True,,,0.32934308,,Drop Kick,,,,"[78.7, 68.5]",High Pass,,70.805435,Incomplete,,Deon Hotto Kavendji,64612.0,,,,,,,1,From Free Kick,Lloyd Junior Kazapua,125324.0,Goalkeeper,24,Namibia,4980,"['099f19f5-51f5-417b-a051-1aab3029dd2c', 'c18afba1-bc9e-476b-a305-3160b4361e6d']",51,,,,,,,,,,,,,,,,,,Namibia,4980,00:10:51.671,Pass,
,,,,,,,,,,,,,2.240103,,,,,,,,,,,,c18afba1-bc9e-476b-a305-3160b4361e6d,318,,"[41.4, 11.6]",3920417,10,,,True,-0.10468833,,,,,,"[69.0, 8.7]",High Pass,,27.751936,Incomplete,,Nene Dorgeles,199653.0,,,,,,Recovery,1,From Free Kick,Moussa Diarra,32952.0,Left Back,24,Namibia,4980,"['c01e2bad-3f92-4929-97a6-208714a5a0ca', 'a831c8a7-00ea-4ec9-be21-05bd211d6b28', '0ea13eea-2a3f-40b6-9e64-b34f02e88df2', '30d806c3-91c1-413c-be51-1d3389ba6f96']",52,,,,,,,,,,,,,,,,,,Mali,4930,00:10:52.804,Pass,True
,,,,,,,,,,,,,0.700696,,,,,,,,,,,,30d806c3-91c1-413c-be51-1d3389ba6f96,320,,"[51.1, 71.4]",3920417,10,,,,-1.218752,,Right Foot,,,,"[56.5, 56.7]",Low Pass,,15.6604595,,,Ngero Kaanjuka Katua,389316.0,,,,,,Recovery,1,From Free Kick,Ivan Kamberipa,103799.0,Right Back,24,Namibia,4980,"['c18afba1-bc9e-476b-a305-3160b4361e6d', '69037728-a0ac-45c4-8957-748c4a6cdd9a']",55,,,,,,,,,,,,,,,,,,Namibia,4980,00:10:55.044,Pass,
,,,,,,,,,,,,,0.929756,,,,,,,,,,,,b98cf666-bd98-4b20-9014-38050f454541,324,,"[60.9, 57.2]",3920417,10,,,,1.4619387,,Left Foot,,,,"[62.9, 75.5]",Ground Pass,,18.408966,,,Deon Hotto Kavendji,64612.0,,,,,,,1,From Free Kick,Ngero Kaanjuka Katua,389316.0,Left Center Midfield,24,Namibia,4980,"['1d2477eb-7238-4ca0-8873-849abae9874f', 'bfc1461e-cf2c-42a9-bfea-be734d370761']",56,,,,,,,,,,,,,,,,,,Namibia,4980,00:10:56.946,Pass,True
,,,,,,,,,,,,,0.334464,,,,,,,,,,,,38bbddbd-39a6-44c9-bb49-285df1bf7907,328,,"[56.4, 0.1]",3920417,11,True,,,1.620374,,,,,,"[55.1, 26.3]",Low Pass,,26.232231,,,Aliou Dieng,67714.0,,,,,,Throw-in,1,From Throw In,Moussa Diarra,32952.0,Left Back,25,Mali,4930,['98f56341-c303-43e4-abf1-d3f6f746f046'],3,,,,,,,,,,,,,,,,,,Mali,4930,00:11:03.418,Pass,
,,,,,,,,,,,,,4.109436,,,,,,,,,,,,8dd83ed0-925f-4b8f-a3b7-a0e77b153859,331,,"[54.5, 27.6]",3920417,11,,,,0.19563603,,Right Foot,,,,"[87.3, 34.1]",High Pass,,33.43785,Incomplete,,Lassine Sinayoko,105182.0,,,,,,,1,From Throw In,Aliou Dieng,67714.0,Right Defensive Midfield,25,Mali,4930,"['bf310278-9231-4634-a6db-a09af6ac09c3', 'e739fbff-8951-4b09-aa5e-af286d4360dc', 'fea3c488-898a-46b0-aea4-d5be8aef7e71']",4,,,,,,,,,,,,,,,,,,Mali,4930,00:11:04.084,Pass,True
,,,,,,,,,,,,,1.307436,,,,,,,,,,,,fb4a41dc-d790-4c73-b935-0740c72c8052,336,,"[69.5, 41.2]",3920417,11,,,True,0.33088273,,,,,,"[82.6, 45.7]",Low Pass,,13.851354,Incomplete,,Lassine Sinayoko,105182.0,,,,,,Recovery,1,From Throw In,Aliou Dieng,67714.0,Right Defensive Midfield,25,Mali,4930,"['5a182dcb-c296-4040-ad5e-c1f785d2c188', '005c172a-c7a8-4a5c-a7a4-9b6703aa375d', '406a43f7-f998-44ee-bceb-41ade2a52ec4']",11,,,,,,,,,,,,,,,,,,Mali,4930,00:11:11.230,Pass,True
,,,,,,,,,,,,,0.649084,,,,,,,,,,,,c100f86e-8645-4062-82be-5af674ef3dd3,343,,"[34.7, 59.4]",3920417,11,,,,0.28532943,,Right Foot,,,,"[49.7, 63.8]",High Pass,,15.632018,,,Prins Menelik Tjiueza,103803.0,,,,,,Recovery,1,Regular Play,Lubeni Haukongo,135004.0,Left Center Back,26,Namibia,4980,['d45919fa-e3c5-4025-8469-cce316ef8e05'],16,,,,,,,,,,,,,,,,,,Namibia,4980,00:11:16.792,Pass,
,,,,,,,,,,,,,0.326106,,,,,,,,,,,,548810f9-94bb-4cc1-a539-2bd82db53008,352,,"[79.4, 3.7]",3920417,11,True,,,2.2114844,,Left Foot,,,,"[70.9, 15.1]",Ground Pass,,14.220057,,,Yves Bissouma,4385.0,,,,,,Free Kick,1,From Free Kick,Nene Dorgeles,199653.0,Left Midfield,28,Mali,4930,['18e02526-a8e7-4fd9-ba45-199120e6d7fe'],32,,,,,,,,,,,,,,,,,,Mali,4930,00:11:32.182,Pass,
,,,,,,,,,,,,,2.224245,,,,,,,,,,,,a0d6c4ab-7d01-44cf-ae00-c0b85682ea7c,354,,"[72.3, 12.3]",3920417,11,True,,,2.1409001,,Right Foot,,,,"[53.9, 41.0]",Ground Pass,,34.09179,,,Boubakar Kouyate,23331.0,,,,,,,1,From Free Kick,Yves Bissouma,4385.0,Left Defensive Midfield,28,Mali,4930,['7bf4c2f8-b07c-4bdb-96b7-5c8e6275ad10'],33,,,,,,,,,,,,,,,,,,Mali,4930,00:11:33.092,Pass,
,,,,,,,,,,,,,1.277665,,,,,,,,,,,,37763c98-b01a-4d8c-bec9-49dcef85b1f7,356,,"[55.8, 44.1]",3920417,11,,,,1.4234619,,Right Foot,,,,"[60.0, 72.4]",Ground Pass,,28.609962,,,Hamari Traoré,3248.0,,,,,,,1,From Free Kick,Boubakar Kouyate,23331.0,Right Center Back,28,Mali,4930,['0c18d0d1-b59c-4ae6-bb3c-88aa74cd232b'],36,,,,,,,,,,,,,,,,,,Mali,4930,00:11:36.782,Pass,
,,,,,,,,,,,,,1.266565,,,,,,,,,,,,cd1848a8-562d-4aef-9f69-53c19f66ce52,359,,"[62.3, 74.0]",3920417,11,,,,0.27679816,,Left Foot,,,,"[71.1, 76.5]",Ground Pass,,9.148224,,,Fousseni Diabaté,3710.0,,,,,,,1,From Free Kick,Hamari Traoré,3248.0,Right Back,28,Mali,4930,['39d7a747-6db3-4293-93a4-5f76a410f043'],39,,,,,,,,,,,,,,,,,,Mali,4930,00:11:39.490,Pass,
,,,,,,,,,,,,,0.820203,,,,,,,,,,,,947ada94-5b47-4296-9cdd-63527da595a3,363,,"[69.8, 73.8]",3920417,11,,,,-2.4586384,,Left Foot,,,,"[63.9, 69.0]",Ground Pass,,7.605919,,,Aliou Dieng,67714.0,,,,,,,1,From Free Kick,Fousseni Diabaté,3710.0,Right Midfield,28,Mali,4930,"['cfdbef4e-729b-41d9-ad39-a0e8a1a79400', 'eccffca3-4643-45cb-9aeb-3ea0ad714025']",44,,,,,,,,,,,,,,,,,,Mali,4930,00:11:44.902,Pass,True
,,,,,,,,,,,,,0.947399,,,,,,,,,,,,6cc67efa-3636-49a2-9344-763e7b22e737,366,,"[59.2, 66.8]",3920417,11,,,,2.2642558,,Right Foot,,,,"[52.8, 74.5]",Ground Pass,,10.012492,,,Hamari Traoré,3248.0,,,,,,,1,From Free Kick,Aliou Dieng,67714.0,Right Defensive Midfield,28,Mali,4930,['fc9021a6-edc1-4440-ac26-ca2aec7bb502'],46,,,,,,,,,,,,,,,,,,Mali,4930,00:11:46.846,Pass,
,,,,,,,,,,,,,1.403059,,,,,,,,,,,,b02d98f1-b8b8-4e15-a818-f54171e0002b,369,,"[52.2, 74.5]",3920417,11,,,,-2.2126794,,Right Foot,,,,"[44.8, 64.6]",Ground Pass,,12.360016,,,Boubakar Kouyate,23331.0,,,,,,,1,From Free Kick,Hamari Traoré,3248.0,Right Back,28,Mali,4930,['4cb96c16-5846-4085-b55b-84fb3891cdf7'],47,,,,,,,,,,,,,,,,,,Mali,4930,00:11:47.838,Pass,
,,,,,,,,,,,,,2.522939,,,,,,,,,,,,943798b6-5cf5-40be-99b8-d77ea73e7ef1,372,,"[45.3, 64.0]",3920417,11,,,,-1.2663684,,Right Foot,,,,"[65.0, 1.3]",High Pass,,65.72199,Out,,Nene Dorgeles,199653.0,,,True,,,,1,From Free Kick,Boubakar Kouyate,23331.0,Right Center Back,28,Mali,4930,['cad6195f-5ea1-4b2d-a075-abf7ec74f8d4'],51,,,,,,,,,,,,,,,,,,Mali,4930,00:11:51.130,Pass,
,,,,,,,,,,,,,3.231755,,,,,,,,,,,,15a2d193-b0d4-4b2c-8401-e82902e2e120,374,,"[53.9, 80.0]",3920417,12,,,,-0.50185835,,,,,,"[92.9, 58.6]",High Pass,,44.485504,Incomplete,,,,,,,,,Throw-in,1,From Throw In,Ivan Kamberipa,103799.0,Right Back,29,Namibia,4980,['2d9e72ba-44e8-4e9a-9523-6b14aeec28e1'],9,,,,,,,,,,,,,,,,,,Namibia,4980,00:12:09.243,Pass,
,,,,,,,,,,,,,1.041893,,,,,,,,,,,,1cb9363d-2d26-439b-a51d-4a983d6964bd,378,,"[76.5, 51.6]",3920417,12,,,,0.43368384,,Head,,,,"[91.4, 58.5]",High Pass,,16.420109,Incomplete,,Peter Shalulile,65723.0,,,,,,Recovery,1,From Throw In,Prins Menelik Tjiueza,103803.0,Right Center Midfield,29,Namibia,4980,"['db14ef9d-d3ca-4dc2-8e62-75ea1ea1af31', '072da75d-05f6-4115-bd6c-c56db338b7f3']",14,,,,,,,,,,,,,,,,,,Namibia,4980,00:12:14.209,Pass,
,,,,,,,,,,,,,1.061491,,,,,,,,,,,,072da75d-05f6-4115-bd6c-c56db338b7f3,380,,"[28.7, 21.6]",3920417,12,,,,-0.38549387,,Left Foot,,,,"[35.6, 18.8]",Low Pass,,7.4464755,,,Yves Bissouma,4385.0,,,,,,Recovery,1,Regular Play,Boubakar Kouyate,23331.0,Right Center Back,30,Mali,4930,"['1cb9363d-2d26-439b-a51d-4a983d6964bd', '83eeb27f-f1a0-4683-9a04-62fba37f990d']",15,,,,,,,,,,,,,,,,,,Mali,4930,00:12:15.251,Pass,
,,,,,,,,,,,,,0.624614,,,,,,,,,,,,f55eeaea-4f62-4d9e-b3f2-fc195a2db36d,385,,"[43.1, 18.2]",3920417,12,,,,1.849096,,Left Foot,,,,"[40.9, 25.9]",Ground Pass,,8.008121,,,Aliou Dieng,67714.0,,,,,,,1,Regular Play,Yves Bissouma,4385.0,Left Defensive Midfield,30,Mali,4930,"['575b7ad2-6cfb-428b-893a-d56556487bad', '275d58e8-ef24-47dc-9077-3d52162ae0d8', 'ae9e8a3c-b679-4081-88c1-f5c417cbc779']",18,,,,,,,,,,,,,,,,,,Mali,4930,00:12:18.625,Pass,True
,,,,,,,,,,,,,1.405605,,,,,,,,,,,,7b74b4f2-7942-45fc-a380-8b8947ade3dc,388,,"[40.9, 25.9]",3920417,12,,,,0.7370488,,Right Foot,,,,"[53.9, 37.7]",Ground Pass,,17.556765,,,Yves Bissouma,4385.0,,,,,,,1,Regular Play,Aliou Dieng,67714.0,Right Defensive Midfield,30,Mali,4930,['ec830c33-9792-4be9-ac17-22a901d212a2'],19,,,,,,,,,,,,,,,,,,Mali,4930,00:12:19.311,Pass,
,,,,,,,,,,,,,2.026556,,,,,,,,,,,,b913177c-d3ff-4e30-88ce-9d693df591d3,399,,"[63.6, 0.1]",3920417,12,,,,2.7069225,,,,,,"[41.2, 10.5]",Low Pass,,24.696558,,,Lubeni Haukongo,135004.0,,,,,,Throw-in,1,From Throw In,Riaan Hanamub,65555.0,Left Back,32,Namibia,4980,['0b1e425b-8e1d-4a95-b58b-657ae8c1e718'],35,,,,,,,,,,,,,,,,,,Namibia,4980,00:12:35.934,Pass,
,,,,,,,,,,,,,2.439999,,,,,,,,,,,,c89645ef-0704-42e7-946e-21969720573b,402,,"[39.2, 10.5]",3920417,12,,,,2.2852478,,Left Foot,,,,"[20.9, 31.6]",Ground Pass,,27.930271,,,Lloyd Junior Kazapua,125324.0,,,,,,,1,From Throw In,Lubeni Haukongo,135004.0,Left Center Back,32,Namibia,4980,['0dc703a2-7637-4d41-87e2-25b0141115f7'],41,,,,,,,,,,,,,,,,,,Namibia,4980,00:12:41.024,Pass,
,,,,,,,,,,,,,3.358921,,,,,,,,,,,,007800ad-428f-46aa-8e8b-30535e1bafd2,406,,"[20.2, 37.2]",3920417,12,,,,0.28499907,,Right Foot,,,,"[87.1, 56.8]",High Pass,,69.71205,Incomplete,,Deon Hotto Kavendji,64612.0,,,,,,,1,From Throw In,Lloyd Junior Kazapua,125324.0,Goalkeeper,32,Namibia,4980,"['b4581395-6bde-4940-8cff-21bd8e3baa03', '4d15d1bf-20f4-43c4-9006-98d48ce83dc9']",45,,,,,,,,,,,,,,,,,,Namibia,4980,00:12:45.424,Pass,
,,,,,,,,,,,,,1.364737,,,,,,,,,,,,826c6ab3-3d16-4c94-a554-c465ed0641ce,410,,"[43.6, 10.4]",3920417,13,,,,2.7100196,,Left Foot,,,,"[28.4, 17.4]",Ground Pass,,16.734396,,,Sikou Niakate,7295.0,,,,,,Free Kick,1,From Free Kick,Moussa Diarra,32952.0,Left Back,33,Mali,4930,['9818239b-e97f-4418-ab47-b6eb4c8c153b'],4,,,,,,,,,,,,,,,,,,Mali,4930,00:13:04.765,Pass,
,,,,,,,,,,,,,2.59569,,,,,,,,,,,,0ad0fdcb-d37d-46ae-b162-a80f1abe5ad5,413,,"[31.7, 18.2]",3920417,13,,,,1.2825617,,Left Foot,,,,"[48.6, 75.2]",High Pass,,59.452587,,,Hamari Traoré,3248.0,,,True,,,,1,From Free Kick,Sikou Niakate,7295.0,Left Center Back,33,Mali,4930,['74143c5c-f093-4791-a4f1-4d3be0a99a63'],8,,,,,,,,,,,,,,,,,,Mali,4930,00:13:08.003,Pass,
,,,,,,,,,,,,,1.232916,,,,,,,,,,,,b178e6b9-b1e8-472f-95d2-0f6737f8139b,416,,"[49.5, 74.5]",3920417,13,,,,-1.407556,,Right Foot,,,,"[50.9, 66.0]",Ground Pass,,8.614523,,,Yves Bissouma,4385.0,,,,,,,1,From Free Kick,Hamari Traoré,3248.0,Right Back,33,Mali,4930,['7ca4bc33-71ec-4c80-adb1-aa187b8af7ab'],12,,,,,,,,,,,,,,,,,,Mali,4930,00:13:12.830,Pass,
,,,,,,,,,,,,,1.756308,,,,,,,,,,,,17a6c02c-5eda-41e2-9c05-18ac65385cc3,419,,"[50.0, 65.4]",3920417,13,,,,-1.8305849,,Right Foot,,,,"[37.8, 19.5]",Low Pass,,47.493683,,,Sikou Niakate,7295.0,,,True,,,,1,From Free Kick,Yves Bissouma,4385.0,Left Defensive Midfield,33,Mali,4930,['f6a5bf3e-7bd1-4db0-8b53-a22d8737d056'],15,,,,,,,,,,,,,,,,,,Mali,4930,00:13:15.586,Pass,
,,,,,,,,,,,,,1.658633,,,,,,,,,,,,f25f7637-3ab5-42d4-bbf5-f1e5afd4ac74,422,,"[41.7, 22.0]",3920417,13,,,,-0.5012643,,Left Foot,,,,"[70.9, 6.0]",Ground Pass,,33.296246,,,Nene Dorgeles,199653.0,,,,,,,1,From Free Kick,Sikou Niakate,7295.0,Left Center Back,33,Mali,4930,['2b0d4e79-c15a-4033-a7c5-ecf0088c1b89'],18,,,,,,,,,,,,,,,,,,Mali,4930,00:13:18.907,Pass,
,,,,,,,,,,,,,1.733448,,,,,,,,,,,,f0eb65e1-6aae-4a39-ad73-62b84f9caa97,425,,"[77.9, 4.5]",3920417,13,,,,0.121464826,,Right Foot,,,,"[99.2, 7.1]",Ground Pass,,21.4581,,,Lassine Sinayoko,105182.0,,,,,,,1,From Free Kick,Nene Dorgeles,199653.0,Left Midfield,33,Mali,4930,['6fc9f9a9-5820-40ce-9dd6-f391a55cd3f6'],22,,,,,,,,,,,,,,,,,,Mali,4930,00:13:22.068,Pass,
,,,,,,,,,,,,,0.381387,,,,,,,,,,,,51df6794-1d60-4c00-b44d-af8793f347e0,429,,"[99.2, 6.0]",3920417,13,,,,1.4204249,,Left Foot,,,,"[99.7, 9.3]",Low Pass,,3.337664,Incomplete,,Nene Dorgeles,199653.0,,,,,,,1,From Free Kick,Lassine Sinayoko,105182.0,Left Center Forward,33,Mali,4930,"['f3ef7328-2c91-417c-89fa-f25462eb6208', '3c2ae83c-fb93-496e-b932-156068be1a10', 'd51406a4-e4ff-4dd1-a7bc-3dcf0bdd2594']",23,,,,,,,,,,,,,,,,,,Mali,4930,00:13:23.847,Pass,True
,,,,,,,,,,,,,3.412641,,,,,,,,,,,,09e1661e-da72-4d53-8ee7-9e031b2810b8,432,,"[20.9, 72.2]",3920417,13,,,,0.12806785,,Right Foot,,,,"[70.6, 78.6]",High Pass,,50.11038,Out,,Peter Shalulile,65723.0,,,,,,Recovery,1,From Free Kick,Kennedy Amutenya,264381.0,Right Center Back,33,Mali,4930,['4f0e2d6a-16dc-489d-9dd3-607817f984f5'],26,,,,,,,,,,,,,,,,,,Namibia,4980,00:13:26.519,Pass,
,,,,,,,,,,,,,1.278941,,,,,,,,,,,,6d32cc94-739a-45ab-bb93-9ce6cdaa5a5d,434,,"[47.9, 0.1]",3920417,13,,,,0.91957337,,,,,,"[63.6, 20.7]",Low Pass,,25.900772,,,Youssoufou Niakaté,51750.0,,,,,,Throw-in,1,From Throw In,Moussa Diarra,32952.0,Left Back,34,Mali,4930,['b53cc5e5-c3eb-4209-86e5-fa9f8b959cac'],46,,,,,,,,,,,,,,,,,,Mali,4930,00:13:46.188,Pass,
,,,,,,,,,,,,,1.654533,,,,,,,,,,,,8d4f69fc-47cc-48fd-bac9-1b3cbf516d25,438,,"[59.0, 19.5]",3920417,13,,,,-3.012682,,Left Foot,,,,"[42.8, 17.4]",Ground Pass,,16.335545,,,Yves Bissouma,4385.0,,,,,,,1,From Throw In,Youssoufou Niakaté,51750.0,Right Center Forward,34,Mali,4930,"['97cb4f91-8869-40a6-8990-0a72a028abc2', '2980217c-5571-4611-917e-f3d238491c60']",48,,,,,,,,,,,,,,,,,,Mali,4930,00:13:48.264,Pass,True
,,,,,,,,,,,,,1.549327,,,,,,,,,,,,067a2195-f811-4f00-8662-0dce5c6092d7,442,,"[42.2, 19.8]",3920417,13,,,,-1.4362754,,Right Foot,,,,"[44.0, 6.5]",Ground Pass,,13.421252,,,Moussa Diarra,32952.0,,,,,,,1,From Throw In,Yves Bissouma,4385.0,Left Defensive Midfield,34,Mali,4930,"['15f16a65-96e2-4145-a8e1-9fecda05e129', 'a76e2762-7d9c-4d62-b4a2-f15518b7e999']",50,,,,,,,,,,,,,,,,,,Mali,4930,00:13:50.139,Pass,True
,,,,,,,,,,,,,0.825607,,,,,,,,,,,,3fe81f10-8676-4cbf-90cd-f6c5c3f5f30f,445,,"[42.3, 7.0]",3920417,13,,,,1.4640607,,Left Foot,,,,"[42.9, 12.6]",Ground Pass,,5.632051,,,Aliou Dieng,67714.0,,,,,,,1,From Throw In,Moussa Diarra,32952.0,Left Back,34,Mali,4930,['30ddfbed-baa8-42c8-8f16-25d23314612b'],51,,,,,,,,,,,,,,,,,,Mali,4930,00:13:51.991,Pass,
,,,,,,,,,,,,,0.841995,,,,,,,,,,,,620b68ca-ecf2-4eef-83d8-4ba93b2ff298,449,,"[42.8, 10.9]",3920417,13,,,,-2.2029343,,Right Foot,,,,"[37.6, 3.8]",Ground Pass,,8.800569,,,Moussa Diarra,32952.0,,,,,,,1,From Throw In,Aliou Dieng,67714.0,Right Defensive Midfield,34,Mali,4930,"['9af3f31f-5b2b-4ed7-a547-79df2344cc95', '26c074ac-fcc3-49c5-b16b-24ed36361b4d']",53,,,,,,,,,,,,,,,,,,Mali,4930,00:13:53.536,Pass,True
,,,,,,,,,,,,,0.884363,,,,,,,,,,,,ea305683-1240-4d9f-afa4-ad05d912ba07,452,,"[36.9, 4.8]",3920417,13,,,,0.886655,,Right Foot,,,,"[45.3, 15.1]",Ground Pass,,13.290975,,,Yves Bissouma,4385.0,,,,,,,1,From Throw In,Moussa Diarra,32952.0,Left Back,34,Mali,4930,['be54f26a-0089-4ce1-98b8-e9753158da3b'],57,,,,,,,,,,,,,,,,,,Mali,4930,00:13:57.421,Pass,
,,,,,,,,,,,,,0.57434,,,,,,,,,,,,3e982632-1f74-4e76-bc5d-2b8e2c7e543c,455,,"[49.2, 12.9]",3920417,13,,,,-1.2454357,,Right Foot,,,,"[52.0, 4.6]",Ground Pass,,8.759566,,,Moussa Diarra,32952.0,,,,,,,1,From Throw In,Yves Bissouma,4385.0,Left Defensive Midfield,34,Mali,4930,['b556cd42-b643-4244-8124-ed471f99952f'],59,,,,,,,,,,,,,,,,,,Mali,4930,00:13:59.646,Pass,
,,,,,,,,,,,,,0.790996,,,,,,,,,,,,5fa23565-e471-4708-95bb-06166546b4b1,459,,"[50.3, 4.3]",3920417,14,,,,0.7086263,,Left Foot,,,,"[58.7, 11.5]",Ground Pass,,11.063454,,,Lassine Sinayoko,105182.0,,,,,,,1,From Throw In,Moussa Diarra,32952.0,Left Back,34,Mali,4930,"['fb50c0c1-22e5-422c-a4b3-1f5f56570372', '312748a6-96af-4447-b585-1108be1d34a2']",0,,,,,,,,,,,,,,,,,,Mali,4930,00:14:00.836,Pass,True
,,,,,,,,,,,,,1.000772,,,,,,,,,,,,9a90c241-7904-4557-8a53-f7d4f247f8e2,464,,"[58.4, 12.4]",3920417,14,,,,-2.4001913,,Left Foot,,,,"[50.1, 4.8]",Ground Pass,,11.253888,,,Nene Dorgeles,199653.0,,,,,,,1,From Throw In,Lassine Sinayoko,105182.0,Left Center Forward,34,Mali,4930,['372e34f6-9a28-4131-a0ff-5b7a6a53674e'],3,,,,,,,,,,,,,,,,,,Mali,4930,00:14:03.193,Pass,
,,,,,,,,,,,,,3.838815,,,,,,,,,,,,5ee0be10-adce-440a-aaa5-68733eaa2690,468,,"[49.2, 5.9]",3920417,14,,,,1.5868299,,Right Foot,,,,"[48.1, 74.5]",High Pass,,68.60882,,,Hamari Traoré,3248.0,,,True,,,,1,From Throw In,Nene Dorgeles,199653.0,Left Midfield,34,Mali,4930,['44087519-8d7e-462b-8527-c4818d3082e9'],5,,,,,,,,,,,,,,,,,,Mali,4930,00:14:05.974,Pass,
,,,,,,,,,,,,,1.800305,,,,,,,,,,,,13d07684-88ac-425a-8679-9bd2a784417d,471,,"[48.1, 74.5]",3920417,14,,,,-2.57168,,Right Foot,,,,"[33.9, 65.4]",Low Pass,,16.865646,,,Boubakar Kouyate,23331.0,,,,,,,1,From Throw In,Hamari Traoré,3248.0,Right Back,34,Mali,4930,['8d56e5e6-a091-45c4-8681-38be07030396'],9,,,,,,,,,,,,,,,,,,Mali,4930,00:14:09.908,Pass,
,,,,,,,,,,,,,1.116268,,,,,,,,,,,,22d4c649-3f1f-4bd8-8b7d-24881a4a18c1,474,,"[42.6, 65.1]",3920417,14,,,,0.9550231,,Left Foot,,,,"[50.1, 75.7]",Ground Pass,,12.984991,,,Hamari Traoré,3248.0,,,,,,,1,From Throw In,Boubakar Kouyate,23331.0,Right Center Back,34,Mali,4930,['1d7968b5-42c6-4d22-b1bd-63069a22b3ca'],15,,,,,,,,,,,,,,,,,,Mali,4930,00:14:15.314,Pass,
,,,,,,,,,,,,,1.170712,,,,,,,,,,,,f7cd99ec-0d75-43c7-8c98-02904a569cb3,477,,"[50.8, 75.7]",3920417,14,,,,-2.862452,,Right Foot,,,,"[35.1, 71.2]",Ground Pass,,16.332176,,,Boubakar Kouyate,23331.0,,,,,,,1,From Throw In,Hamari Traoré,3248.0,Right Back,34,Mali,4930,['1ee2daf2-e36e-4548-871f-219bf8de0116'],19,,,,,,,,,,,,,,,,,,Mali,4930,00:14:19.123,Pass,
,,,,,,,,,,,,,1.05556,,,,,,,,,,,,872d0c85-16b8-47e2-bfce-428eec99b325,480,,"[42.2, 63.2]",3920417,14,,,,0.9303209,,Left Foot,,,,"[50.1, 73.8]",Ground Pass,,13.22006,,,Hamari Traoré,3248.0,,,,,,,1,From Throw In,Boubakar Kouyate,23331.0,Right Center Back,34,Mali,4930,['6a3cad30-886b-4ff8-ad0d-1ae1ae49ba5c'],24,,,,,,,,,,,,,,,,,,Mali,4930,00:14:24.236,Pass,
,,,,,,,,,,,,,2.337246,,,,,,,,,,,,887c6517-cb3d-4ceb-9f51-c7822aa7393b,484,,"[47.3, 72.0]",3920417,14,,,,-2.449094,,Right Foot,,,,"[20.9, 50.1]",Ground Pass,,34.301167,,,Djigui Diarra,102992.0,,,,,,,1,From Throw In,Hamari Traoré,3248.0,Right Back,34,Mali,4930,"['6592fdbd-4a8d-4e8a-8ef9-2155e5242725', 'd1a6380e-b1e0-499e-81bd-9d94374ed809']",26,,,,,,,,,,,,,,,,,,Mali,4930,00:14:26.611,Pass,True
,,,,,,,,,,,,,1.538509,,,,,,,,,,,,c57f2792-af2c-478f-858d-a47e8d350c95,487,,"[20.4, 48.5]",3920417,14,,,,-1.2642289,,Right Foot,,,,"[29.2, 20.7]",Ground Pass,,29.159561,,,Sikou Niakate,7295.0,,,,,,,1,From Throw In,Djigui Diarra,102992.0,Goalkeeper,34,Mali,4930,['2f8adfd9-4088-4370-8be6-1e0b60dc0c24'],29,,,,,,,,,,,,,,,,,,Mali,4930,00:14:29.267,Pass,
,,,,,,,,,,,,,1.779158,,,,,,,,,,,,7f6060ae-1a74-473a-a46c-e2fa9dee4f3c,490,,"[35.6, 16.8]",3920417,14,,,,-0.33993036,,Left Foot,,,,"[68.4, 5.2]",High Pass,,34.790802,,,Nene Dorgeles,199653.0,,,,,,,1,From Throw In,Sikou Niakate,7295.0,Left Center Back,34,Mali,4930,['7bcd81a5-e6f9-4972-8f6e-f64ff6c59d38'],34,,,,,,,,,,,,,,,,,,Mali,4930,00:14:34.105,Pass,
,,,,,,,,,,,,,1.293113,,,,,,,,,,,,c51f9823-6cc0-4b66-886c-f4361ff3c74d,497,,"[60.7, 67.8]",3920417,14,,,,-0.11990398,,Left Foot,,,,"[77.3, 65.8]",Ground Pass,,16.720047,,,Peter Shalulile,65723.0,,,,,,Recovery,1,Regular Play,Deon Hotto Kavendji,64612.0,Left Midfield,35,Namibia,4980,['353cd963-7c12-4a06-b059-e2863777b15b'],38,,,,,,,,,,,,,,,,,,Namibia,4980,00:14:38.995,Pass,
,,,,,,,,,,,,,1.219973,,,,,,,,,,,,00370ca6-81ae-4b53-8304-b8ed5f8dbef9,501,,"[78.6, 66.9]",3920417,14,,,,-1.750012,,Left Foot,,,,"[76.1, 53.1]",Low Pass,,14.024621,,,Prins Menelik Tjiueza,103803.0,,,,,,,1,Regular Play,Peter Shalulile,65723.0,Center Forward,35,Namibia,4980,"['78e97d94-8088-4070-bec4-603de5369f35', '9f13e1ce-ad41-47e2-924a-cc9f8d48e05d']",40,,,,,,,,,,,,,,,,,,Namibia,4980,00:14:40.343,Pass,True
,,,,,,,,,,,,,2.78935,,,,,,,,,,,,7c8d7a24-bfe0-4f10-aab5-f0a4b8316170,504,,"[77.2, 52.5]",3920417,14,,,,-2.7707014,,Right Foot,,,,"[59.2, 45.5]",Ground Pass,,19.313208,,,Ngero Kaanjuka Katua,389316.0,,,,,,,1,Regular Play,Prins Menelik Tjiueza,103803.0,Right Center Midfield,35,Namibia,4980,['c5ae68f0-060b-4881-99a8-cf4a3ba3f377'],42,,,,,,,,,,,,,,,,,,Namibia,4980,00:14:42.100,Pass,
,,,,,,,,,,,,,1.639999,,,,,,,,,,,,053caead-7fa6-4105-906d-9ed29a117a02,507,,"[66.8, 42.0]",3920417,14,,,,1.5330236,,Left Foot,,,,"[68.1, 76.4]",Ground Pass,,34.424557,,,Ivan Kamberipa,103799.0,,,,,,,1,Regular Play,Ngero Kaanjuka Katua,389316.0,Left Center Midfield,35,Namibia,4980,['196abe90-f0a5-43a9-8226-9b64088feef9'],46,,,,,,,,,,,,,,,,,,Namibia,4980,00:14:46.652,Pass,
,,,,,,,,,,,,,1.239999,,,,,,,,,,,,58265bba-9757-4945-baa5-690823d3cbee,510,,"[69.5, 74.7]",3920417,14,,,,0.0,,Right Foot,,,,"[83.2, 74.7]",Ground Pass,,13.7,,,Deon Hotto Kavendji,64612.0,,,,,,,1,Regular Play,Ivan Kamberipa,103799.0,Right Back,35,Namibia,4980,['3ff03fb7-9fdf-4bf3-9a52-0b6320127e0f'],49,,,,,,,,,,,,,,,,,,Namibia,4980,00:14:49.092,Pass,
,,,,,,,,,,,,,2.343555,,,,,,,,,,,,9928c52a-5f03-4d64-82f7-85121deb09a6,513,,"[82.0, 73.6]",3920417,14,,,,-0.11005079,,Left Foot,,,,"[100.1, 71.6]",Low Pass,,18.210161,,,Peter Shalulile,65723.0,,,,,,,1,Regular Play,Deon Hotto Kavendji,64612.0,Left Midfield,35,Namibia,4980,['f82cc606-b22e-42d1-b6ef-a12d281881ca'],51,,,,,,,,,,,,,,,,,,Namibia,4980,00:14:51.375,Pass,
,,,,,,,,,,,,,1.228274,,,,,,,,,,,,88e2725b-c156-4871-bd14-ed9b8df7a35c,516,,"[100.6, 71.1]",3920417,14,,,,-3.0947518,,Right Foot,,,,"[87.8, 70.5]",Ground Pass,,12.8140545,,,Deon Hotto Kavendji,64612.0,,,,,,,1,Regular Play,Peter Shalulile,65723.0,Center Forward,35,Namibia,4980,['7d930c21-9232-4f9e-bf4d-bbf4b70ade0d'],53,,,,,,,,,,,,,,,,,,Namibia,4980,00:14:53.759,Pass,
,,,,,,,,,,,,,1.639908,,,,,,,,,,,,f9c8d8e2-9da1-4e12-8976-391c707855f8,519,,"[91.4, 68.6]",3920417,14,,,,-1.5707964,,Left Foot,,,,"[91.4, 53.9]",Ground Pass,,14.7,,,Ngero Kaanjuka Katua,389316.0,,,,,,,1,Regular Play,Deon Hotto Kavendji,64612.0,Left Midfield,35,Namibia,4980,['7f115dbe-ec0f-4f1c-b03b-ccdb63b79274'],55,,,,,,,,,,,,,,,,,,Namibia,4980,00:14:55.852,Pass,
,,,,,,,,,,,,,2.704883,,,,,,,,,,,,1be0defe-a02e-4c4a-9a27-3ddaf4d6077d,523,,"[91.7, 57.0]",3920417,14,,,,-1.5685889,,Left Foot,,,,"[91.8, 11.7]",High Pass,,45.30011,,,Riaan Hanamub,65555.0,,,True,,,,1,Regular Play,Ngero Kaanjuka Katua,389316.0,Left Center Midfield,35,Namibia,4980,['cc2bb185-640f-4aa5-9877-bff640410738'],59,,,,,,,,,,,,,,,,,,Namibia,4980,00:14:59.069,Pass,
,,,,,,,,,,,,,1.175759,,,,,,,,,,,,164d6571-a3f9-4f15-9ac2-09264ad1ce18,527,,"[110.4, 7.2]",3920417,15,,,,1.6819863,403eba8d-5441-4b22-a355-5570efc2ce55,Left Foot,,,,"[108.1, 27.8]",Low Pass,,20.728,,,Prins Menelik Tjiueza,103803.0,True,,,,,,1,Regular Play,Riaan Hanamub,65555.0,Left Back,35,Namibia,4980,['2b92654d-de94-41ef-aa1a-5564a77a0f0d'],4,,,,,,,,,,,,,,,,,,Namibia,4980,00:15:04.937,Pass,
,,,,,,,,,,,,,2.633163,,,,,,,,,,,,9f8f2a9e-d0e3-4480-a271-9ea1a88592c2,534,,"[6.4, 37.3]",3920417,15,True,,,-0.2012061,,Right Foot,,,,"[77.0, 22.9]",High Pass,,72.05359,Incomplete,,Lassine Sinayoko,105182.0,,,,,,Free Kick,1,From Free Kick,Djigui Diarra,102992.0,Goalkeeper,36,Mali,4930,"['10ab3ed2-33a6-46ad-931d-c23708c5cb2d', '28071c5f-6e7c-4ecf-8602-611cf4c52fbb']",53,,,,,,,,,,,,,,,,,,Mali,4930,00:15:53.676,Pass,
,,,,,,,,,,,,,0.162474,,,,,,,,,,,,28071c5f-6e7c-4ecf-8602-611cf4c52fbb,537,,"[43.1, 57.2]",3920417,15,,,True,-1.487655,,,,,,"[43.2, 56.0]",High Pass,,1.2041595,Incomplete,,Deon Hotto Kavendji,64612.0,,,,,,Recovery,1,From Free Kick,Kennedy Amutenya,264381.0,Right Center Back,36,Mali,4930,"['108c0cd9-1698-4779-b0a3-7eb38bb7aa4d', '3d50d461-3a32-4126-af67-2e71162322a4', '9f8f2a9e-d0e3-4480-a271-9ea1a88592c2', '78a7c30f-7d06-477a-88c3-e093580e9909']",56,,,,,,,,,,,,,,,,,,Namibia,4980,00:15:56.309,Pass,True
,,,,,,,,,,,,,2.760781,,,,,,,,,,,,56d36e93-0d58-4f29-b83e-10b2aa2be5ef,540,,"[78.7, 13.5]",3920417,15,,,,3.0474513,,Right Foot,,,,"[55.4, 15.7]",Low Pass,,23.403633,Incomplete,,Moussa Diarra,32952.0,,,,,,Recovery,1,From Free Kick,Nene Dorgeles,199653.0,Left Midfield,36,Mali,4930,"['9182403e-af41-4908-a62f-0dfddca3faa0', 'f4a68092-7571-4068-9689-62333f1cd07d']",58,,,,,,,,,,,,,,,,,,Mali,4930,00:15:58.532,Pass,
,,,,,,,,,,,,,1.367091,,,,,,,,,,,,a0f0927e-c067-4760-8944-cb23861a69c2,544,,"[98.2, 73.1]",3920417,16,,,,-2.8760176,,Left Foot,,,,"[85.7, 69.7]",Ground Pass,,12.95415,,,Deon Hotto Kavendji,64612.0,,,,,,,1,Regular Play,Prins Menelik Tjiueza,103803.0,Right Center Midfield,37,Namibia,4980,['b073f055-9593-45cb-9e3a-8e22ed90c9e0'],5,,,,,,,,,,,,,,,,,,Namibia,4980,00:16:05.472,Pass,
,,,,,,,,,,,,,1.085525,,,,,,,,,,,,6b310e7e-14af-476c-8685-4d3f166f2690,548,,"[85.3, 69.9]",3920417,16,,,,-1.8788491,,Right Foot,,,,"[82.5, 61.1]",Ground Pass,,9.234717,,,Aprocious Petrus,136406.0,,,,,,,1,Regular Play,Deon Hotto Kavendji,64612.0,Left Midfield,37,Namibia,4980,"['e25ade72-17f7-49b5-881f-e823cebabfc6', 'dbb10aed-75e9-413d-8a74-9bc76ce1c6ee']",7,,,,,,,,,,,,,,,,,,Namibia,4980,00:16:07.826,Pass,True
,,,,,,,,,,,,,2.363813,,,,,,,,,,,,875964c9-d089-4d9a-b8cb-0a462a7f39ac,551,,"[83.9, 59.4]",3920417,16,,,,-1.5485365,,Left Foot,,,,"[85.1, 5.5]",High Pass,,53.913357,,,Riaan Hanamub,65555.0,,,True,,,,1,Regular Play,Aprocious Petrus,136406.0,Center Defensive Midfield,37,Namibia,4980,['29f95848-2a04-48a0-8529-98510659319a'],10,,,,,,,,,,,,,,,,,,Namibia,4980,00:16:10.913,Pass,
,,,,,,,,,,,,,1.502631,,,,,,,,,,,,447c6ef4-b2dc-4df4-b4b4-3d451408d3fb,555,,"[85.9, 5.5]",3920417,16,,,,2.5618773,,Left Foot,,,,"[77.5, 11.0]",Ground Pass,,10.040419,,,Aprocious Petrus,136406.0,,,,,,,1,Regular Play,Riaan Hanamub,65555.0,Left Back,37,Namibia,4980,"['14269f32-594f-42ca-993a-eee535c20af5', 'dd034e91-3f79-402b-8e3d-87d6c2c79365']",17,,,,,,,,,,,,,,,,,,Namibia,4980,00:16:17.832,Pass,True
,,,,,,,,,,,,,1.239999,,,,,,,,,,,,85ea79d7-757e-422c-94f2-4601261c25f6,559,,"[76.1, 11.0]",3920417,16,,,,-3.0434632,,Left Foot,,,,"[56.8, 9.1]",Ground Pass,,19.393297,,,Lubeni Haukongo,135004.0,,,,,,,1,Regular Play,Aprocious Petrus,136406.0,Center Defensive Midfield,37,Namibia,4980,['3ab8d682-5993-4123-8fa6-7f3347ac3596'],20,,,,,,,,,,,,,,,,,,Namibia,4980,00:16:20.875,Pass,
,,,,,,,,,,,,,2.799999,,,,,,,,,,,,a30f4a7c-06a0-4a9a-867a-cd491e067789,562,,"[55.6, 11.1]",3920417,16,,,,2.694989,,Left Foot,,,,"[34.3, 21.3]",Ground Pass,,23.616308,,,Lloyd Junior Kazapua,125324.0,,,,,,,1,Regular Play,Lubeni Haukongo,135004.0,Left Center Back,37,Namibia,4980,['37f8b4d1-030f-44ce-a967-48b01a4f6a50'],23,,,,,,,,,,,,,,,,,,Namibia,4980,00:16:23.475,Pass,
,,,,,,,,,,,,,1.159274,,,,,,,,,,,,38096b40-997f-489a-84e6-e05b1609c93d,565,,"[34.3, 21.3]",3920417,16,,,,-0.69702137,,Right Foot,,,,"[47.2, 10.5]",Ground Pass,,16.82409,,,Lubeni Haukongo,135004.0,,,,,,,1,Regular Play,Lloyd Junior Kazapua,125324.0,Goalkeeper,37,Namibia,4980,['f2160663-f6bc-4e1f-96ea-d546ae0e74f5'],26,,,,,,,,,,,,,,,,,,Namibia,4980,00:16:26.715,Pass,
,,,,,,,,,,,,,1.879483,,,,,,,,,,,,42196083-291e-4ced-b7bd-c4172e5d3f22,568,,"[55.7, 10.0]",3920417,16,,,,1.0370882,,Left Foot,,,,"[85.6, 60.6]",High Pass,,58.773888,,,Deon Hotto Kavendji,64612.0,,,True,,,,1,Regular Play,Lubeni Haukongo,135004.0,Left Center Back,37,Namibia,4980,['d3933758-e2ac-4aaf-b14c-735a76514eb9'],30,,,,,,,,,,,,,,,,,,Namibia,4980,00:16:30.922,Pass,
,,,,,,,,,,,,,0.948466,,,,,,,,,,,,1753c323-4d3d-4baa-9cce-03a0c8a531dc,571,,"[85.0, 61.0]",3920417,16,,,,-0.7534091,,Left Foot,,,,"[97.9, 48.9]",High Pass,,17.686718,Incomplete,,Peter Shalulile,65723.0,,,,,,,1,Regular Play,Deon Hotto Kavendji,64612.0,Left Midfield,37,Namibia,4980,"['1e799e75-4c85-4fa6-bd73-57d3a443b4c9', '7b8ca0b8-aca0-4a11-b4e4-8db6e54ebe46']",32,,,,,,,,,,,,,,,,,,Namibia,4980,00:16:32.950,Pass,
,,,,,,,,,,,,,2.544039,,,,,,,,,,,,7b8ca0b8-aca0-4a11-b4e4-8db6e54ebe46,573,,"[22.2, 31.2]",3920417,16,,,,0.38831872,,Head,,,,"[44.2, 40.2]",Low Pass,,23.769728,Incomplete,,Yves Bissouma,4385.0,,,,,,Recovery,1,Regular Play,Sikou Niakate,7295.0,Left Center Back,37,Namibia,4980,"['1753c323-4d3d-4baa-9cce-03a0c8a531dc', '419db36f-5cfa-4c86-8e34-1605b313d72e', 'ca17629b-c622-4c12-bcea-6f8dee365c44']",33,,,,,,,,,,,,,,,,,,Mali,4930,00:16:33.898,Pass,
,,,,,,,,,,,,,1.780859,,,,,,,,,,,,ca17629b-c622-4c12-bcea-6f8dee365c44,575,,"[75.9, 39.9]",3920417,16,,,,1.7898648,,Left Foot,,,,"[70.0, 66.4]",Ground Pass,,27.14885,,,Ivan Kamberipa,103799.0,,,,,,Recovery,1,Regular Play,Aprocious Petrus,136406.0,Center Defensive Midfield,37,Namibia,4980,"['04795bcf-84af-4660-8ca9-167baeb5b2b8', '7b8ca0b8-aca0-4a11-b4e4-8db6e54ebe46']",36,,,,,,,,,,,,,,,,,,Namibia,4980,00:16:36.442,Pass,
,,,,,,,,,,,,,1.791314,,,,,,,,,,,,b295fe27-a8b7-4dfd-af07-5f06b35e04e5,578,,"[68.7, 66.9]",3920417,16,,,,0.42696682,,Right Foot,,,,"[90.9, 77.0]",Ground Pass,,24.389547,,,Deon Hotto Kavendji,64612.0,,,,,,,1,Regular Play,Ivan Kamberipa,103799.0,Right Back,37,Namibia,4980,['ee78f126-e189-47d6-90db-51fc485790b5'],39,,,,,,,,,,,,,,,,,,Namibia,4980,00:16:39.661,Pass,
,,,,,,,,,,,,,1.544144,,,,,,,,,,,,5c33fc5e-15b7-4a9d-b399-5a2c55209dc3,584,,"[93.4, 74.2]",3920417,17,,,,-1.0921284,,Right Foot,True,,,"[112.6, 37.2]",High Pass,,41.68501,Incomplete,,Muzeu Bethuel,389319.0,,,,,,Free Kick,1,From Free Kick,Prins Menelik Tjiueza,103803.0,Right Center Midfield,38,Namibia,4980,"['21eb7a7a-4388-4035-952d-d2b0759ece34', '3624bf49-e7fd-4a9f-957b-15463bca3409']",24,,,,,,,,,,,,,,,,,,Namibia,4980,00:17:24.416,Pass,
,,,,,,,,,,,,,1.64608,,,,,,,,,,,,28b27846-0bac-4ad6-8c85-f412269bee40,593,,"[17.6, 22.3]",3920417,17,,,,-0.5149943,,Right Foot,,,,"[35.8, 12.0]",Ground Pass,,20.912437,,,Moussa Diarra,32952.0,,,,,,Free Kick,1,From Free Kick,Djigui Diarra,102992.0,Goalkeeper,40,Mali,4930,['c4f47ee3-204a-46d8-b8e5-a9e06d6658f2'],57,,,,,,,,,,,,,,,,,,Mali,4930,00:17:57.898,Pass,
,,,,,,,,,,,,,1.116901,,,,,,,,,,,,bc82512c-8fcc-48db-a5b5-aeff08b8887d,596,,"[38.1, 11.2]",3920417,18,,,,2.3991787,,Left Foot,,,,"[28.4, 20.1]",Ground Pass,,13.164346,,,Sikou Niakate,7295.0,,,,,,,1,From Free Kick,Moussa Diarra,32952.0,Left Back,40,Mali,4930,['513c0c7d-9c29-431a-8336-2d0ca2a87654'],3,,,,,,,,,,,,,,,,,,Mali,4930,00:18:03.183,Pass,
,,,,,,,,,,,,,1.391295,,,,,,,,,,,,90d9a911-c999-4e92-92b7-d8211f0ad488,599,,"[28.3, 20.4]",3920417,18,,,,1.5605665,,Left Foot,,,,"[28.7, 59.5]",Ground Pass,,39.102047,,,Boubakar Kouyate,23331.0,,,,,,,1,From Free Kick,Sikou Niakate,7295.0,Left Center Back,40,Mali,4930,['d94d5a4d-766b-413f-906a-111ff889cc46'],6,,,,,,,,,,,,,,,,,,Mali,4930,00:18:06.183,Pass,
,,,,,,,,,,,,,1.139036,,,,,,,,,,,,5918e1b4-9e13-4aa0-8c96-a1a8ea308313,602,,"[30.3, 62.7]",3920417,18,,,,0.74837804,,Right Foot,,,,"[41.5, 73.1]",Ground Pass,,15.283978,,,Hamari Traoré,3248.0,,,,,,,1,From Free Kick,Boubakar Kouyate,23331.0,Right Center Back,40,Mali,4930,['1b93d3be-0bd2-4d19-ba36-52a4dcf9d97a'],9,,,,,,,,,,,,,,,,,,Mali,4930,00:18:09.202,Pass,
,,,,,,,,,,,,,1.685972,,,,,,,,,,,,51f3b1f9-3fd2-4f14-b745-8712dfe590a3,606,,"[41.5, 70.6]",3920417,18,,,,-2.3744407,,Right Foot,,,,"[13.6, 43.7]",Ground Pass,,38.7559,,,Djigui Diarra,102992.0,,,,,,,1,From Free Kick,Hamari Traoré,3248.0,Right Back,40,Mali,4930,"['04a7e05b-40cb-46ab-a1cd-82b279d8a44b', 'e737633d-49fd-4632-9d15-45705ac9af59']",12,,,,,,,,,,,,,,,,,,Mali,4930,00:18:12.560,Pass,True
,,,,,,,,,,,,,1.612466,,,,,,,,,,,,89172efd-461d-4b6e-a54a-3ff84223f706,609,,"[14.2, 43.2]",3920417,18,,,,-1.1450453,,Right Foot,,,,"[22.0, 26.0]",Ground Pass,,18.885973,,,Sikou Niakate,7295.0,,,,,,,1,From Free Kick,Djigui Diarra,102992.0,Goalkeeper,40,Mali,4930,['e8609f65-87c6-4262-81b0-21bca294b96d'],16,,,,,,,,,,,,,,,,,,Mali,4930,00:18:16.451,Pass,
,,,,,,,,,,,,,1.488215,,,,,,,,,,,,e5a60360-5ad5-46fa-b455-9d357f6f4986,612,,"[34.4, 21.3]",3920417,18,,,,0.5321324,,Left Foot,,,,"[66.5, 40.2]",Ground Pass,,37.25077,Incomplete,,Lassine Sinayoko,105182.0,,,,,,,1,From Free Kick,Sikou Niakate,7295.0,Left Center Back,40,Mali,4930,"['1b2d64f1-8f7a-4dcf-840b-f04d2d30ed12', '3f434588-2b2e-464e-aa48-cff0bdaa3caf']",20,,,,,,,,,,,,,,,,,,Mali,4930,00:18:20.809,Pass,
,,,,,,,,,,,,,1.079996,,,,,,,,,,,,1b2d64f1-8f7a-4dcf-840b-f04d2d30ed12,614,,"[53.6, 39.9]",3920417,18,,,,-0.54774004,,Left Foot,,,,"[63.6, 33.8]",Ground Pass,,11.713667,,,Ngero Kaanjuka Katua,389316.0,,,,,,Recovery,1,Regular Play,Lubeni Haukongo,135004.0,Left Center Back,41,Namibia,4980,"['ff792606-4e51-4b8f-bffd-e5a464d6cf5d', 'e5a60360-5ad5-46fa-b455-9d357f6f4986']",22,,,,,,,,,,,,,,,,,,Namibia,4980,00:18:22.298,Pass,
,,,,,,,,,,,,,0.854615,,,,,,,,,,,,5c5f86d0-7559-45de-b67b-60921fad6b9b,618,,"[61.7, 35.2]",3920417,18,,,,-0.7853982,,Left Foot,,,,"[70.3, 26.6]",Ground Pass,,12.162236,,,Muzeu Bethuel,389319.0,,,,,,,1,Regular Play,Ngero Kaanjuka Katua,389316.0,Left Center Midfield,41,Namibia,4980,"['c72292e0-9572-47e5-9326-d64f0640a181', '9cd75fbf-4dc0-4b6e-92ad-9b27694f5360']",23,,,,,,,,,,,,,,,,,,Namibia,4980,00:18:23.764,Pass,True
,,,,,,,,,,,,,0.857002,,,,,,,,,,,,c8908e8c-a712-4e1c-b561-1463201adc86,621,,"[70.6, 26.1]",3920417,18,,,,1.2041081,,Right Foot,,,,"[75.9, 39.9]",Ground Pass,,14.782761,,,Prins Menelik Tjiueza,103803.0,,,,,,,1,Regular Play,Muzeu Bethuel,389319.0,Right Midfield,41,Namibia,4980,['d81a248f-4cf1-4dfe-b058-d3bfd43bc8fc'],24,,,,,,,,,,,,,,,,,,Namibia,4980,00:18:24.659,Pass,
,,,,,,,,,,,,,1.28,,,,,,,,,,,,67d81472-98b3-47b2-bae5-ae9832872e8a,624,,"[79.7, 48.8]",3920417,18,,,,1.2673364,,Right Foot,,,,"[85.9, 68.6]",Ground Pass,,20.748013,,,Deon Hotto Kavendji,64612.0,,,,,,,1,Regular Play,Prins Menelik Tjiueza,103803.0,Right Center Midfield,41,Namibia,4980,['3da330ea-326d-418c-b0df-e5ebeb55dd10'],27,,,,,,,,,,,,,,,,,,Namibia,4980,00:18:27.144,Pass,
,,,,,,,,,,,,,1.788827,,,,,,,,,,,,afdbfcee-2e94-4c7d-b163-0fc523d31cca,627,,"[95.3, 67.5]",3920417,18,,,,0.23400517,,Left Foot,,,,"[112.5, 71.6]",Ground Pass,,17.681911,,,Ivan Kamberipa,103799.0,,,,,,,1,Regular Play,Deon Hotto Kavendji,64612.0,Left Midfield,41,Namibia,4980,['0949f0f6-27ce-42b0-9b0d-50cb08fd3a47'],31,,,,,,,,,,,,,,,,,,Namibia,4980,00:18:31.852,Pass,
,,,,,,,,,,,,,0.73683,,,,,,,,,,,,53e86f63-ef59-43a5-a63e-9636baa44b53,630,,"[112.5, 71.4]",3920417,18,,,,-1.4464413,,Right Foot,True,,,"[115.6, 46.6]",High Pass,,24.992998,Incomplete,,Peter Shalulile,65723.0,,,,,,,1,Regular Play,Ivan Kamberipa,103799.0,Right Back,41,Namibia,4980,"['79fad02b-b440-4c3f-8c9c-9437035598bf', '5db84b27-55b5-4af8-bd69-53f298860076']",33,,,,,,,,,,,,,,,,,,Namibia,4980,00:18:33.801,Pass,
,,,,,,,,,,,,,3.283222,,,,,,,,,,,,467ef227-6017-4b0c-b3fe-760ff60714bc,643,,"[15.9, 15.9]",3920417,19,,,,-0.020316508,,Right Foot,,,,"[84.8, 14.5]",High Pass,,68.91422,Incomplete,,Lassine Sinayoko,105182.0,,,,,,Free Kick,1,From Free Kick,Djigui Diarra,102992.0,Goalkeeper,42,Mali,4930,"['e8c4ab89-2d2a-4c01-b73b-be32ce4e072b', '40e1740c-7cfe-4d22-adf2-19935de5ffd5']",10,,,,,,,,,,,,,,,,,,Mali,4930,00:19:10.646,Pass,
,,,,,,,,,,,,,1.184037,,,,,,,,,,,,e8c4ab89-2d2a-4c01-b73b-be32ce4e072b,646,,"[35.3, 65.6]",3920417,19,,,True,0.04647813,,,,,,"[56.8, 66.6]",High Pass,,21.523243,,,Deon Hotto Kavendji,64612.0,,,,,,Recovery,1,Regular Play,Kennedy Amutenya,264381.0,Right Center Back,43,Namibia,4980,"['220ab27d-afbc-41a3-9fa8-d9620684bf8a', 'a2e36041-964b-4fbf-83b1-b417b0bf5968', '467ef227-6017-4b0c-b3fe-760ff60714bc']",13,,,,,,,,,,,,,,,,,,Namibia,4980,00:19:13.929,Pass,True
,,,,,,,,,,,,,3.63943,,,,,,,,,,,,16c48a8d-dace-49b8-9201-8fb349c430b3,649,,"[55.9, 67.0]",3920417,19,,,,-0.09548341,,Right Foot,,,,"[91.4, 63.6]",High Pass,,35.662445,,,Peter Shalulile,65723.0,,,,,,,1,Regular Play,Deon Hotto Kavendji,64612.0,Left Midfield,43,Namibia,4980,['ac5f9d75-98e2-412a-b743-631ab9c24bb7'],15,,,,,,,,,,,,,,,,,,Namibia,4980,00:19:15.189,Pass,
,,,,,,,,,,,,,1.016624,,,,,,,,,,,,1fae2e9c-d349-4da0-becc-7f635c8a6021,652,,"[108.7, 65.3]",3920417,19,,,,-1.3880249,,Right Foot,True,,,"[112.6, 44.2]",Ground Pass,,21.4574,Incomplete,,Muzeu Bethuel,389319.0,,,,,,,1,Regular Play,Peter Shalulile,65723.0,Center Forward,43,Namibia,4980,"['a742b7a7-eba0-40e7-a3fd-fc251435b15d', '8627f639-323c-49d5-955b-dd2c597e97a3']",21,,,,,,,,,,,,,,,,,,Namibia,4980,00:19:21.319,Pass,
,,,,,,,,,,,,,1.305849,,,,,,,,,,,,b312144b-56ed-46e0-aa54-129e77e07673,657,,"[115.9, 58.0]",3920417,19,,,,-1.3406614,,Right Foot,True,,,"[120.0, 40.5]",High Pass,,17.97387,Out,,Muzeu Bethuel,389319.0,,,,,,,1,Regular Play,Peter Shalulile,65723.0,Center Forward,43,Namibia,4980,['fd14962f-0892-4060-a97e-3b18ab33a4fa'],27,,,,,,,,,,,,,,,,,,Namibia,4980,00:19:27.377,Pass,
,,,,,,,,,,,,,0.452896,,,,,,,,,,,,428fd1e1-08d3-4bb3-b9ef-4c0dcb35ac21,659,,"[7.0, 36.1]",3920417,20,True,,,-0.9367736,,Right Foot,,,,"[12.0, 29.3]",Ground Pass,,8.440379,,,Sikou Niakate,7295.0,,,,,,Goal Kick,1,From Goal Kick,Djigui Diarra,102992.0,Goalkeeper,44,Mali,4930,['adc69991-cb1b-4e25-bad1-e13d7eda94bc'],5,,,,,,,,,,,,,,,,,,Mali,4930,00:20:05.936,Pass,
,,,,,,,,,,,,,2.039422,,,,,,,,,,,,cbe08f74-1095-40e5-8082-0b8cfd858ae8,661,,"[11.7, 29.3]",3920417,20,True,,,2.2485046,,Right Foot,,,,"[8.4, 33.4]",Ground Pass,,5.263079,,,Djigui Diarra,102992.0,,,,,,,1,From Goal Kick,Sikou Niakate,7295.0,Left Center Back,44,Mali,4930,['774da669-0f5d-4b89-ab89-a661ba6b82d7'],6,,,,,,,,,,,,,,,,,,Mali,4930,00:20:06.432,Pass,
,,,,,,,,,,,,,2.459601,,,,,,,,,,,,29062595-49d4-4b28-bb23-83066c7436c4,664,,"[8.9, 34.5]",3920417,20,,,,-0.8428887,,Right Foot,,,,"[35.1, 5.1]",High Pass,,39.3802,,,Moussa Diarra,32952.0,,,,,,,1,From Goal Kick,Djigui Diarra,102992.0,Goalkeeper,44,Mali,4930,"['b2ebcdbc-e562-4a7a-b5eb-fbc9d6925542', 'c7a60d0f-e7e9-4092-a80b-848b6855ce56']",15,,,,,,,,,,,,,,,,,,Mali,4930,00:20:15.352,Pass,True
,,,,,,,,,,,,,1.287981,,,,,,,,,,,,ae1f334b-68b4-4a33-b93d-b0354ccab760,668,,"[56.5, 6.5]",3920417,20,,,,1.7576165,,Left Foot,,,,"[53.4, 22.9]",Ground Pass,,16.690416,,,Yves Bissouma,4385.0,,,,,,,1,From Goal Kick,Moussa Diarra,32952.0,Left Back,44,Mali,4930,"['bac5a945-0bfa-4dc3-a85f-f9b9e4f3095d', 'a459c4bb-28cf-4a6d-b181-a4dfd1044ee2']",23,,,,,,,,,,,,,,,,,,Mali,4930,00:20:23.621,Pass,True
,,,,,,,,,,,,,1.749821,,,,,,,,,,,,cf8cee91-9ce5-4de4-83c3-099e3edd2b74,671,,"[54.8, 27.6]",3920417,20,,,,1.5450951,,Right Foot,,,,"[55.8, 66.5]",Ground Pass,,38.912853,,,Hamari Traoré,3248.0,,,,,,,1,From Goal Kick,Yves Bissouma,4385.0,Left Defensive Midfield,44,Mali,4930,['be7fb108-fead-41a8-b16b-71d03c3ae76f'],26,,,,,,,,,,,,,,,,,,Mali,4930,00:20:26.636,Pass,
,,,,,,,,,,,,,1.298158,,,,,,,,,,,,7e3e0543-b5a2-43cb-ad75-1a610e8119d8,674,,"[56.1, 71.0]",3920417,20,,,,0.26474717,5f93c22b-067b-4dd6-8a5f-30c0006acbb8,Right Foot,,,,"[78.6, 77.1]",Ground Pass,,23.31223,,,Fousseni Diabaté,3710.0,True,,,,,,1,From Goal Kick,Hamari Traoré,3248.0,Right Back,44,Mali,4930,['d13dab09-e4c4-46f7-b543-98cc87fd2470'],29,,,,,,,,,,,,,,,,,,Mali,4930,00:20:29.421,Pass,
,,,,,,,,,,,,,0.328337,,,,,,,,,,,,3435f6aa-c666-4ba3-9b25-bad77ab10c82,685,,"[111.5, 80.0]",3920417,21,True,,,-1.2939981,,,,,,"[114.0, 71.2]",Low Pass,,9.148224,,,Fousseni Diabaté,3710.0,,,,,,Throw-in,1,From Throw In,Hamari Traoré,3248.0,Right Back,45,Mali,4930,['1f5ffceb-0426-4e1e-bf2f-88fca1b4fd20'],2,,,,,,,,,,,,,,,,,,Mali,4930,00:21:02.598,Pass,
,,,,,,,,,,,,,0.44917,,,,,,,,,,,,2208d114-11ad-4006-96ba-c5d088452ea1,689,,"[112.2, 72.3]",3920417,21,,,,2.1408367,,Left Foot,,,,"[109.7, 76.2]",Ground Pass,,4.632494,,,Hamari Traoré,3248.0,,,,,,,1,From Throw In,Fousseni Diabaté,3710.0,Right Midfield,45,Mali,4930,['a3fd49ac-49ad-47e1-b3bb-d01323051a67'],3,,,,,,,,,,,,,,,,,,Mali,4930,00:21:03.702,Pass,
,,,,,,,,,,,,,1.943293,,,,,,,,,,,,95a6c0f3-0965-4bb8-a50c-495a7be35eb6,692,,"[110.6, 76.2]",3920417,21,,,,-3.092942,,Right Foot,,,,"[83.9, 74.9]",Ground Pass,,26.731628,,,Aliou Dieng,67714.0,,,,,,,1,From Throw In,Hamari Traoré,3248.0,Right Back,45,Mali,4930,['3c335541-02bb-47a9-9999-acd4873d787a'],4,,,,,,,,,,,,,,,,,,Mali,4930,00:21:04.349,Pass,
,,,,,,,,,,,,,1.545355,,,,,,,,,,,,7171537c-69c9-40b9-8b1d-2de276326f56,695,,"[85.8, 74.6]",3920417,21,,,,-2.6816905,,Right Foot,,,,"[64.4, 64.0]",Ground Pass,,23.881374,,,Boubakar Kouyate,23331.0,,,,,,,1,From Throw In,Aliou Dieng,67714.0,Right Defensive Midfield,45,Mali,4930,['19919a2a-48bf-4c2f-a2ae-7fcca5c30447'],8,,,,,,,,,,,,,,,,,,Mali,4930,00:21:08.037,Pass,
,,,,,,,,,,,,,1.423904,,,,,,,,,,,,cbb93fbe-355c-4b26-b762-81e8165a35b2,698,,"[63.6, 63.8]",3920417,21,,,,0.39951548,,Right Foot,,,,"[90.6, 75.2]",Ground Pass,,29.30802,,,Hamari Traoré,3248.0,,,,,,,1,From Throw In,Boubakar Kouyate,23331.0,Right Center Back,45,Mali,4930,['55f390c0-2e42-4658-8e10-e09d124ada18'],12,,,,,,,,,,,,,,,,,,Mali,4930,00:21:12.318,Pass,
,,,,,,,,,,,,,0.971323,,,,,,,,,,,,39455b5a-b6c4-4900-9169-b05121bd3385,701,,"[89.4, 75.7]",3920417,21,,,,-1.3628378,,Right Foot,,,,"[91.7, 64.8]",Ground Pass,,11.1400175,,,Fousseni Diabaté,3710.0,,,,,,,1,From Throw In,Hamari Traoré,3248.0,Right Back,45,Mali,4930,['529743a3-44a3-4922-8f0f-8f295a1653b9'],15,,,,,,,,,,,,,,,,,,Mali,4930,00:21:15.034,Pass,
,,,,,,,,,,,,,1.195471,,,,,,,,,,,,a4ff2c0f-abd3-4cb3-82cc-864a25ece56b,704,,"[88.7, 66.6]",3920417,21,,,,0.41533917,,Left Foot,,,,"[104.8, 73.7]",Ground Pass,,17.596022,,,Hamari Traoré,3248.0,,,,,,,1,From Throw In,Fousseni Diabaté,3710.0,Right Midfield,45,Mali,4930,['4f8dc5d5-1474-437e-aea1-f9abdde6d5dd'],16,,,,,,,,,,,,,,,,,,Mali,4930,00:21:16.202,Pass,
,,,,,,,,,,,,,0.831462,,,,,,,,,,,,4a85ac34-0da5-4a72-9288-4688127fc97b,706,,"[105.4, 73.7]",3920417,21,,,,-1.5155334,,Right Foot,,,,"[106.7, 50.2]",High Pass,,23.53593,Incomplete,,Lassine Sinayoko,105182.0,,,,,,,1,From Throw In,Hamari Traoré,3248.0,Right Back,45,Mali,4930,"['8bfda640-042b-4c80-b534-d10c36ecc82d', 'e2f787c6-eaf4-4c49-9e31-5b6d8163466a']",17,,,,,,,,,,,,,,,,,,Mali,4930,00:21:17.397,Pass,
,,,,,,,,,,,,,1.375341,,,,,,,,,,,,1f08d065-483f-4b28-b34b-9e17764ac1aa,709,,"[120.0, 80.0]",3920417,22,,,,-2.9229238,,Right Foot,,,,"[105.6, 76.8]",Ground Pass,,14.751271,,,Nene Dorgeles,199653.0,,,,,,Corner,1,From Corner,Fousseni Diabaté,3710.0,Right Midfield,46,Mali,4930,['0dffb173-5f46-4676-8c6d-8a745a169673'],7,,,,,,,,,,,,,,,,,,Mali,4930,00:22:07.452,Pass,
,,,,,,,,,,,,,1.033238,,,,,,,,,,,,0be5d717-8af8-40b8-83a3-be912cdac9fa,712,,"[107.6, 74.6]",3920417,22,,,,-1.3909428,,Right Foot,True,,,"[112.6, 47.1]",High Pass,,27.95085,Incomplete,,Youssoufou Niakaté,51750.0,,,,,,,1,From Corner,Nene Dorgeles,199653.0,Left Midfield,46,Mali,4930,"['bdbe3498-e8d7-49cc-b790-23d44204c079', '705056b8-555a-4263-a2f1-62db0b487850']",11,,,,,,,,,,,,,,,,,,Mali,4930,00:22:11.429,Pass,
,,,,,,,,,,,,,4.897193,,,,,,,,,,,,690e25d4-cb25-40e5-94dd-a51530eb7642,716,,"[5.4, 23.9]",3920417,22,,,,-0.116950214,,Left Foot,,,,"[78.6, 15.3]",High Pass,,73.70346,Incomplete,,Muzeu Bethuel,389319.0,,,,,,,1,From Corner,Peter Shalulile,65723.0,Center Forward,46,Mali,4930,"['695e09d1-bfa9-4f2e-a997-5bef11806960', '3260b1c5-1071-4195-affd-f0c77c43e8cf']",15,,,,,,,,,,,,,,,,,,Namibia,4980,00:22:15.177,Pass,
,,,,,,,,,,,,,1.818784,,,,,,,,,,,,bf6dd7ef-aa25-4d8d-9bff-06017efe1cdb,720,,"[35.6, 54.3]",3920417,22,,,,-1.3414733,,Left Foot,,,,"[43.7, 19.6]",Ground Pass,,35.63285,,,Moussa Diarra,32952.0,,,,,,,1,From Corner,Aliou Dieng,67714.0,Right Defensive Midfield,46,Mali,4930,['c18561b2-29b3-445c-a794-5084fc323e4f'],22,,,,,,,,,,,,,,,,,,Mali,4930,00:22:22.664,Pass,
,,,,,,,,,,,,,0.746639,,,,,,,,,,,,b69312dc-4dfe-492d-b660-259c0403fe39,723,,"[48.9, 15.1]",3920417,22,,,,0.9791966,,Left Foot,,,,"[57.5, 27.9]",Ground Pass,,15.420765,,,Yves Bissouma,4385.0,,,,,,,1,From Corner,Moussa Diarra,32952.0,Left Back,46,Mali,4930,['12b3004f-f854-4792-98c0-6002a08e20de'],26,,,,,,,,,,,,,,,,,,Mali,4930,00:22:26.139,Pass,
,,,,,,,,,,,,,1.137394,,,,,,,,,,,,fa4b7ea6-692e-4d8e-aaeb-e4780077f599,727,,"[57.5, 25.2]",3920417,22,,,,-2.103119,,Right Foot,,,,"[48.9, 10.6]",Ground Pass,,16.944616,,,Moussa Diarra,32952.0,,,,,,,1,From Corner,Yves Bissouma,4385.0,Left Defensive Midfield,46,Mali,4930,"['494db813-33ad-45a5-8ac3-a876b851b491', 'd343aa54-1ba1-49ff-8237-15f8feb233a6']",28,,,,,,,,,,,,,,,,,,Mali,4930,00:22:28.629,Pass,True
,,,,,,,,,,,,,1.160628,,,,,,,,,,,,6969ca66-641c-44e3-a160-f2d00bd770f4,730,,"[46.9, 9.8]",3920417,22,,,,1.9195673,,Left Foot,,,,"[41.7, 24.1]",Ground Pass,,15.21611,,,Aliou Dieng,67714.0,,,,,,,1,From Corner,Moussa Diarra,32952.0,Left Back,46,Mali,4930,['eb0985d4-7273-4a5b-962f-2feb18eec183'],30,,,,,,,,,,,,,,,,,,Mali,4930,00:22:30.985,Pass,
,,,,,,,,,,,,,1.212678,,,,,,,,,,,,532254dd-781a-48a1-b9de-58e77efba128,733,,"[41.5, 25.4]",3920417,22,,,,1.6444094,,Right Foot,,,,"[39.0, 59.3]",Ground Pass,,33.992058,,,Boubakar Kouyate,23331.0,,,,,,,1,From Corner,Aliou Dieng,67714.0,Right Defensive Midfield,46,Mali,4930,['7eb9c663-8ac1-4419-b05c-60378ad0586b'],33,,,,,,,,,,,,,,,,,,Mali,4930,00:22:33.953,Pass,
,,,,,,,,,,,,,1.51509,,,,,,,,,,,,ac74a77a-de8b-4bae-93c6-6f3327172f3a,736,,"[40.4, 58.5]",3920417,22,,,,-1.7004988,,Right Foot,,,,"[35.0, 17.1]",Ground Pass,,41.75069,,,Sikou Niakate,7295.0,,,True,,,,1,From Corner,Boubakar Kouyate,23331.0,Right Center Back,46,Mali,4930,['6fcf32e3-52a9-4715-8dad-22cdd9b424b9'],38,,,,,,,,,,,,,,,,,,Mali,4930,00:22:38.049,Pass,
,,,,,,,,,,,,,1.459308,,,,,,,,,,,,12b3dace-513c-4389-b873-0c33d04883fe,739,,"[40.9, 22.3]",3920417,22,,,,-1.2105253,,Left Foot,,,,"[46.4, 7.7]",Ground Pass,,15.601603,,,Moussa Diarra,32952.0,,,,,,,1,From Corner,Sikou Niakate,7295.0,Left Center Back,46,Mali,4930,['c3368f2a-53b3-4c99-83c4-1562c176d15e'],43,,,,,,,,,,,,,,,,,,Mali,4930,00:22:43.118,Pass,
,,,,,,,,,,,,,1.114512,,,,,,,,,,,,f1f7ca9b-8c4f-4781-922b-f15905aa0ef6,742,,"[46.1, 7.9]",3920417,22,,,,0.66054493,,Left Foot,,,,"[60.0, 18.7]",Ground Pass,,17.602556,Incomplete,,Lassine Sinayoko,105182.0,,,,,,,1,From Corner,Moussa Diarra,32952.0,Left Back,46,Mali,4930,"['ec3d83a5-a05b-482b-a351-3c7bf85f1fc6', 'e78fe348-8914-4653-9f0d-a14330793548']",45,,,,,,,,,,,,,,,,,,Mali,4930,00:22:45.801,Pass,
,,,,,,,,,,,,,1.856694,,,,,,,,,,,,9891b4f9-6aec-493b-a6d1-fe1252f1bf3d,745,,"[54.7, 0.1]",3920417,23,,,,0.92071635,,,,,,"[73.1, 24.3]",High Pass,,30.400658,,,Youssoufou Niakaté,51750.0,,,,,,Throw-in,1,From Throw In,Moussa Diarra,32952.0,Left Back,47,Mali,4930,['c7f8eca3-6428-4d1e-8daf-46879560c2df'],3,,,,,,,,,,,,,,,,,,Mali,4930,00:23:03.258,Pass,
,,,,,,,,,,,,,0.331273,,,,,,,,,,,,0ea620fe-1c42-4132-8560-102720ea74a0,751,,"[71.9, 23.7]",3920417,23,True,,,-1.743657,,Left Foot,,,,"[70.8, 17.4]",Ground Pass,,6.395311,,,Yves Bissouma,4385.0,,,,,,Free Kick,1,From Free Kick,Moussa Diarra,32952.0,Left Back,48,Mali,4930,['ff6a8012-ed35-4c9f-8da5-6678b3e5bde4'],22,,,,,,,,,,,,,,,,,,Mali,4930,00:23:22.062,Pass,
,,,,,,,,,,,,,1.768493,,,,,,,,,,,,9e3bc442-cd8a-4782-a761-40f1809063b5,753,,"[66.2, 13.5]",3920417,23,,,,1.8760949,,Right Foot,,,,"[55.8, 46.5]",Ground Pass,,34.6,,,Boubakar Kouyate,23331.0,,,,,,,1,From Free Kick,Yves Bissouma,4385.0,Left Defensive Midfield,48,Mali,4930,['0e2e2114-c26b-4dcd-84df-b8b32ed0bd7d'],23,,,,,,,,,,,,,,,,,,Mali,4930,00:23:23.049,Pass,
,,,,,,,,,,,,,0.741669,,,,,,,,,,,,83018622-97f3-475b-88da-a4ba7e132d8a,756,,"[56.5, 50.7]",3920417,23,,,,1.665748,,Left Foot,,,,"[55.1, 65.4]",Ground Pass,,14.766516,,,Aliou Dieng,67714.0,,,,,,,1,From Free Kick,Boubakar Kouyate,23331.0,Right Center Back,48,Mali,4930,['e198b58b-f822-4b9b-a8b0-08110a95c279'],26,,,,,,,,,,,,,,,,,,Mali,4930,00:23:26.449,Pass,
,,,,,,,,,,,,,1.065769,,,,,,,,,,,,c18e6e8d-7079-49a7-b0c3-85c264400714,759,,"[56.4, 67.3]",3920417,23,,,,0.5191461,,Right Foot,,,,"[72.5, 76.5]",Ground Pass,,18.543192,,,Fousseni Diabaté,3710.0,,,,,,,1,From Free Kick,Aliou Dieng,67714.0,Right Defensive Midfield,48,Mali,4930,['d592f2b5-18d5-4ad8-9989-764b534a65fe'],28,,,,,,,,,,,,,,,,,,Mali,4930,00:23:28.249,Pass,
,,,,,,,,,,,,,1.109849,,,,,,,,,,,,7101908b-8ff3-4917-b82c-34d9554f2d8b,763,,"[117.5, 67.9]",3920417,23,,,,-1.611757,,Right Foot,True,,,"[116.5, 43.5]",Low Pass,,24.420483,Incomplete,,Lassine Sinayoko,105182.0,,,,,,,1,From Free Kick,Fousseni Diabaté,3710.0,Right Midfield,48,Mali,4930,"['cb2ea9e7-0503-4d41-8c8e-cac307ef47c1', '8e861aaf-8e09-4562-8746-1e4d4681e8b5', '54be2ef6-aaad-4b61-8f91-c40d7a13de22']",36,,,,,,,,,,,,,,,,,,Mali,4930,00:23:36.245,Pass,True
,,,,,,,,,,,,,1.233393,,,,,,,,,,,,fc0d68a7-8488-4423-bca1-16caeb76cf8e,766,,"[9.5, 36.3]",3920417,24,True,,,0.19554798,,Drop Kick,,,,"[92.8, 52.8]",High Pass,,84.918434,Incomplete,,Peter Shalulile,65723.0,,,,,,,1,From Free Kick,Lloyd Junior Kazapua,125324.0,Goalkeeper,48,Mali,4930,"['05c27558-0991-4ae8-84d0-bcc709de5075', 'fd35debf-4124-4566-9b7e-42d2d9ed6c1c']",2,,,,,,,,,,,,,,,,,,Namibia,4980,00:24:02.672,Pass,
,,,,,,,,,,,,,1.263583,,,,,,,,,,,,fd35debf-4124-4566-9b7e-42d2d9ed6c1c,768,,"[27.3, 27.3]",3920417,24,,,,-1.0524089,,Head,,,,"[35.4, 13.1]",Low Pass,,16.347782,,,Moussa Diarra,32952.0,,,,,,Recovery,1,From Free Kick,Sikou Niakate,7295.0,Left Center Back,48,Mali,4930,"['fc0d68a7-8488-4423-bca1-16caeb76cf8e', 'd94cfc63-c84a-4ef1-b467-b3d75d48945f']",3,,,,,,,,,,,,,,,,,,Mali,4930,00:24:03.906,Pass,
,,,,,,,,,,,,,0.859437,,,,,,,,,,,,50760ef3-0a13-4e7b-8801-3bf63f1c67de,771,,"[33.3, 12.6]",3920417,24,,,,2.8789835,,Left Foot,,,,"[24.0, 15.1]",Ground Pass,,9.630161,,,Sikou Niakate,7295.0,,,,,,,1,From Free Kick,Moussa Diarra,32952.0,Left Back,48,Mali,4930,['dfa51a39-ed21-48b4-8a38-e455db376d87'],6,,,,,,,,,,,,,,,,,,Mali,4930,00:24:06.043,Pass,
,,,,,,,,,,,,,1.254578,,,,,,,,,,,,c9d2865a-1db4-4fe0-a456-20ba56bb8f3f,774,,"[24.0, 15.1]",3920417,24,,,,0.07311783,,Left Foot,,,,"[55.4, 17.4]",High Pass,,31.484123,,,Youssoufou Niakaté,51750.0,,,,,,,1,From Free Kick,Sikou Niakate,7295.0,Left Center Back,48,Mali,4930,['68360ada-566d-4645-836b-c33eccba0c51'],7,,,,,,,,,,,,,,,,,,Mali,4930,00:24:07.017,Pass,
,,,,,,,,,,,,,0.853749,,,,,,,,,,,,a8eeacf0-42ef-4140-aa4a-53ea93e82cb6,782,,"[57.8, 73.6]",3920417,24,,,,-0.56137455,,Left Foot,,,,"[67.5, 67.5]",Ground Pass,,11.458621,,,Deon Hotto Kavendji,64612.0,,,,,,,1,Regular Play,Aprocious Petrus,136406.0,Center Defensive Midfield,49,Namibia,4980,['e404599f-4729-41d1-a9e6-e52eeaea3bc3'],11,,,,,,,,,,,,,,,,,,Namibia,4980,00:24:11.794,Pass,
,,,,,,,,,,,,,0.467493,,,,,,,,,,,,2be7ea3c-7be0-4c79-b28f-bb6a07246ece,786,,"[67.0, 67.7]",3920417,24,,,,2.2455373,,Left Foot,,,,"[61.4, 74.7]",Ground Pass,,8.964374,,,Aprocious Petrus,136406.0,,,,,,,1,Regular Play,Deon Hotto Kavendji,64612.0,Left Midfield,49,Namibia,4980,['99a28660-0f3b-481d-b56d-c44bdcde7128'],13,,,,,,,,,,,,,,,,,,Namibia,4980,00:24:13.422,Pass,
,,,,,,,,,,,,,0.853767,,,,,,,,,,,,161548f3-9c60-4b08-8015-76ebe0068d51,790,,"[61.4, 75.0]",3920417,24,,,,-0.6816058,,Left Foot,,,,"[72.0, 66.4]",Low Pass,,13.649908,,,Prins Menelik Tjiueza,103803.0,,,,,,,1,Regular Play,Aprocious Petrus,136406.0,Center Defensive Midfield,49,Namibia,4980,"['8ff62ab3-72f9-4e31-90fd-3f9e55d10f23', '0b6ca705-3683-476d-bf39-bc6b9551723c']",13,,,,,,,,,,,,,,,,,,Namibia,4980,00:24:13.935,Pass,True
,,,,,,,,,,,,,0.832035,,,,,,,,,,,,39343fd4-83bf-4a9a-8b49-fda37f0dc059,795,,"[34.2, 16.3]",3920417,24,,,,0.33845544,,Left Foot,,,,"[46.7, 20.7]",Ground Pass,,13.251792,,,Yves Bissouma,4385.0,,,,,,Recovery,1,Regular Play,Sikou Niakate,7295.0,Left Center Back,50,Mali,4930,['48c2bdb2-9bcb-4a22-92da-ab3b8ef3eda4'],16,,,,,,,,,,,,,,,,,,Mali,4930,00:24:16.332,Pass,
,,,,,,,,,,,,,1.392058,,,,,,,,,,,,dd8ede78-ed93-4d7e-ac48-0c40fcbf7c25,797,,"[50.6, 22.1]",3920417,24,True,,,-0.8139618,,Right Foot,,,,"[64.2, 7.7]",Low Pass,,19.80707,,,Nene Dorgeles,199653.0,,,,,,,1,Regular Play,Yves Bissouma,4385.0,Left Defensive Midfield,50,Mali,4930,['9854a6fd-7af9-4bda-9363-8ac0246801d6'],18,,,,,,,,,,,,,,,,,,Mali,4930,00:24:18.185,Pass,
,,,,,,,,,,,,,2.811843,,,,,,,,,,,,aa5ef495-692e-47d7-9a47-cf1771a2b9fc,799,,"[69.5, 5.2]",3920417,24,,,,0.39289108,,Right Foot,,,,"[106.9, 20.7]",Ground Pass,,40.484688,Incomplete,,Youssoufou Niakaté,51750.0,,,,,,,1,Regular Play,Nene Dorgeles,199653.0,Left Midfield,50,Mali,4930,"['c519d24e-7542-4470-95cb-d3943e321b29', 'e9fc805d-eb04-45b7-a84e-41d50f36f6f8']",20,,,,,,,,,,,,,,,,,,Mali,4930,00:24:20.795,Pass,
,,,,,,,,,,,,,1.609151,,,,,,,,,,,,95f1df4e-d91e-48ca-83fa-a3491f0ccdc7,802,,"[72.9, 0.1]",3920417,24,,,,1.9463193,,,,,,"[64.7, 20.9]",Low Pass,,22.357996,,,Aliou Dieng,67714.0,,,,,,Throw-in,1,From Throw In,Moussa Diarra,32952.0,Left Back,51,Mali,4930,['a6f282e2-67a8-4f61-b1b4-973ba1e20758'],48,,,,,,,,,,,,,,,,,,Mali,4930,00:24:48.234,Pass,
,,,,,,,,,,,,,1.512546,,,,,,,,,,,,ed07160a-781e-43ca-bd21-c109211ec58e,806,,"[64.5, 21.6]",3920417,24,,,,2.557957,,Right Foot,,,,"[48.6, 32.1]",Low Pass,,19.054132,,,Boubakar Kouyate,23331.0,,,,,,,1,From Throw In,Aliou Dieng,67714.0,Right Defensive Midfield,51,Mali,4930,"['b919adda-0d43-4c54-9a4e-3c1b9a39453d', '14172149-126b-4d8b-8caf-40182243d4d1']",49,,,,,,,,,,,,,,,,,,Mali,4930,00:24:49.922,Pass,True
,,,,,,,,,,,,,1.738821,,,,,,,,,,,,85254b23-e6e4-4b45-b1dd-d7c4c3ed29ff,809,,"[48.6, 53.4]",3920417,24,,,,0.74348015,,Right Foot,,,,"[72.2, 75.1]",Ground Pass,,32.0601,,,Fousseni Diabaté,3710.0,,,,,,,1,From Throw In,Boubakar Kouyate,23331.0,Right Center Back,51,Mali,4930,['ba09ae3d-db27-4bc4-89c9-bd7db8aefe28'],54,,,,,,,,,,,,,,,,,,Mali,4930,00:24:54.826,Pass,
,,,,,,,,,,,,,1.120659,,,,,,,,,,,,7b4315d2-6507-4357-8bcf-28503c79f5e3,812,,"[76.4, 74.6]",3920417,24,,,,-2.0100586,,Left Foot,,,,"[72.5, 66.3]",Ground Pass,,9.170606,,,Aliou Dieng,67714.0,,,,,,,1,From Throw In,Fousseni Diabaté,3710.0,Right Midfield,51,Mali,4930,['5a935cdc-4ea5-44d0-92c0-ce94bf412511'],58,,,,,,,,,,,,,,,,,,Mali,4930,00:24:58.700,Pass,
,,,,,,,,,,,,,0.775654,,,,,,,,,,,,8130bb43-0897-4aaf-b371-f12364c99ab5,815,,"[72.5, 66.3]",3920417,25,,,,1.0112896,,Right Foot,,,,"[78.7, 76.2]",Ground Pass,,11.681182,,,Fousseni Diabaté,3710.0,,,,,,,1,From Throw In,Aliou Dieng,67714.0,Right Defensive Midfield,51,Mali,4930,['6982089e-288d-4ae2-9ad2-00b0c0c2223d'],0,,,,,,,,,,,,,,,,,,Mali,4930,00:25:00.903,Pass,
,,,,,,,,,,,,,0.736086,,,,,,,,,,,,54015daf-8c98-4a73-86c4-739218d7c161,819,,"[78.7, 75.6]",3920417,25,,,,-2.8061442,,Left Foot,,,,"[67.8, 71.8]",Ground Pass,,11.543396,,,Aliou Dieng,67714.0,,,,,,,1,From Throw In,Fousseni Diabaté,3710.0,Right Midfield,51,Mali,4930,['c62c76e0-cce3-4a14-81d8-3bf4ab17793f'],2,,,,,,,,,,,,,,,,,,Mali,4930,00:25:02.797,Pass,
,,,,,,,,,,,,,0.800072,,,,,,,,,,,,a8f5f675-1439-4c21-a368-053140bfb89a,822,,"[64.4, 72.0]",3920417,25,,,,-0.87605804,,Left Foot,,,,"[70.4, 64.8]",Ground Pass,,9.372299,,,Hamari Traoré,3248.0,,,,,,,1,From Throw In,Aliou Dieng,67714.0,Right Defensive Midfield,51,Mali,4930,['4b857a47-284e-4473-8dd2-1c0383f85b61'],6,,,,,,,,,,,,,,,,,,Mali,4930,00:25:06.692,Pass,
,,,,,,,,,,,,,1.324688,,,,,,,,,,,,22e22e96-f7d0-4ffd-9cef-c493881c42b3,825,,"[70.8, 64.6]",3920417,25,,,,2.927121,,Left Foot,,,,"[50.6, 69.0]",Ground Pass,,20.673655,,,Boubakar Kouyate,23331.0,,,,,,,1,From Throw In,Hamari Traoré,3248.0,Right Back,51,Mali,4930,['0b38a19e-fb20-4c66-a172-d5183c3e9875'],7,,,,,,,,,,,,,,,,,,Mali,4930,00:25:07.670,Pass,
,,,,,,,,,,,,,0.783407,,,,,,,,,,,,a5672252-911c-49f2-b2ad-4b547d6fab9d,828,,"[49.2, 62.7]",3920417,25,,,,-0.44292518,,Right Foot,,,,"[57.0, 59.0]",Ground Pass,,8.633076,,,Yves Bissouma,4385.0,,,,,,,1,From Throw In,Boubakar Kouyate,23331.0,Right Center Back,51,Mali,4930,['a830da94-fdde-4055-bb99-a367a8ea597b'],11,,,,,,,,,,,,,,,,,,Mali,4930,00:25:11.331,Pass,
,,,,,,,,,,,,,0.838027,,,,,,,,,,,,93d6aef6-2fe4-474d-81eb-7dab0d64e445,832,,"[57.0, 58.1]",3920417,25,,,,2.7776136,,Right Foot,,,,"[48.6, 61.3]",Ground Pass,,8.988882,,,Boubakar Kouyate,23331.0,,,,,,,1,From Throw In,Yves Bissouma,4385.0,Left Defensive Midfield,51,Mali,4930,"['9a017c3c-ef01-4889-ab76-e39843ed8c9c', 'b8842f70-2094-42ce-9e23-5ffc49d3b336']",12,,,,,,,,,,,,,,,,,,Mali,4930,00:25:12.205,Pass,True
,,,,,,,,,,,,,0.942258,,,,,,,,,,,,f39a2655-ec33-4654-bbab-684589572d11,835,,"[47.9, 62.6]",3920417,25,,,,1.4932821,,Left Foot,,,,"[48.7, 72.9]",Ground Pass,,10.331021,,,Aliou Dieng,67714.0,,,,,,,1,From Throw In,Boubakar Kouyate,23331.0,Right Center Back,51,Mali,4930,['c4ff8875-bce3-486d-923b-49d0ac31cacd'],13,,,,,,,,,,,,,,,,,,Mali,4930,00:25:13.559,Pass,
,,,,,,,,,,,,,1.499247,,,,,,,,,,,,8e63e1f0-0fbb-4bb6-b258-d1d8a31efbce,839,,"[49.5, 74.3]",3920417,25,,,,0.09193866,,Right Foot,,,,"[63.6, 75.6]",Low Pass,,14.159802,,,Fousseni Diabaté,3710.0,,,,,,,1,From Throw In,Aliou Dieng,67714.0,Right Defensive Midfield,51,Mali,4930,"['3fa19da4-37a3-4c56-8221-2f5bd4bd8a28', 'b4d91215-0457-4f6e-96a9-a512341c7f16']",16,,,,,,,,,,,,,,,,,,Mali,4930,00:25:16.509,Pass,True
,,,,,,,,,,,,,1.193193,,,,,,,,,,,,139ac6b0-f82a-40ce-9cea-728f5f8843c7,845,,"[59.2, 74.3]",3920417,25,True,,,-2.4706347,,Right Foot,,,,"[49.5, 66.6]",Ground Pass,,12.384668,,,Boubakar Kouyate,23331.0,,,,,,Free Kick,1,From Free Kick,Hamari Traoré,3248.0,Right Back,52,Mali,4930,['41ebc8e7-28a6-4038-afae-a5105da00ed7'],37,,,,,,,,,,,,,,,,,,Mali,4930,00:25:37.682,Pass,
,,,,,,,,,,,,,1.447082,,,,,,,,,,,,7bad4c73-2b24-4573-bb55-cc8b835f236c,847,,"[49.5, 66.3]",3920417,25,,,,-1.7927424,,Right Foot,,,,"[44.4, 43.7]",Ground Pass,,23.168297,,,Sikou Niakate,7295.0,,,,,,,1,From Free Kick,Boubakar Kouyate,23331.0,Right Center Back,52,Mali,4930,['f40345c7-d17b-4c25-9ad0-7696faf6732f'],38,,,,,,,,,,,,,,,,,,Mali,4930,00:25:38.990,Pass,
,,,,,,,,,,,,,1.168457,,,,,,,,,,,,ec1b7aa3-a114-4410-8f5b-29d2fe9539a9,850,,"[43.1, 42.6]",3920417,25,,,,-1.1670383,,Left Foot,,,,"[52.2, 21.3]",Ground Pass,,23.16247,,,Moussa Diarra,32952.0,,,,,,,1,From Free Kick,Sikou Niakate,7295.0,Left Center Back,52,Mali,4930,['5f5e809b-bd78-4260-b71d-e0dd9dc9be3e'],41,,,,,,,,,,,,,,,,,,Mali,4930,00:25:41.655,Pass,
,,,,,,,,,,,,,0.888666,,,,,,,,,,,,ad51b061-b280-4c32-85a1-ed6277349524,853,,"[55.3, 20.9]",3920417,25,,,,1.7041466,,Left Foot,,,,"[54.2, 29.1]",Ground Pass,,8.273452,,,Yves Bissouma,4385.0,,,,,,,1,From Free Kick,Moussa Diarra,32952.0,Left Back,52,Mali,4930,['0525a18c-b565-4874-93ba-bfd102e9a22f'],44,,,,,,,,,,,,,,,,,,Mali,4930,00:25:44.783,Pass,
,,,,,,,,,,,,,1.012434,,,,,,,,,,,,befca66f-3161-42ed-99c6-7d3cd2e9ae59,856,,"[55.4, 28.5]",3920417,25,,,,-1.5042281,,Right Foot,,,,"[56.4, 13.5]",Ground Pass,,15.033297,,,Moussa Diarra,32952.0,,,,,,,1,From Free Kick,Yves Bissouma,4385.0,Left Defensive Midfield,52,Mali,4930,['00ce75bc-d6aa-4fa9-8140-bd1ee724a530'],45,,,,,,,,,,,,,,,,,,Mali,4930,00:25:45.856,Pass,
,,,,,,,,,,,,,2.101916,,,,,,,,,,,,e8a26bf4-84ad-45eb-aee8-b179c93ac897,859,,"[55.4, 5.1]",3920417,25,,,,0.0,,Left Foot,,,,"[84.2, 5.1]",High Pass,,28.8,Incomplete,,Youssoufou Niakaté,51750.0,,,,,,,1,From Free Kick,Moussa Diarra,32952.0,Left Back,52,Mali,4930,"['4f7fefef-b483-4342-b61d-f0bc9038a57a', '62793f34-7045-47f9-9ecc-8500d13cacb4']",48,,,,,,,,,,,,,,,,,,Mali,4930,00:25:48.417,Pass,
,,,,,,,,,,,,,0.703959,,,,,,,,,,,,058596f5-19f8-407e-b2f6-71919fad5729,864,,"[36.1, 75.6]",3920417,25,,,,-0.8797121,,Right Foot,,,,"[42.8, 67.5]",Ground Pass,,10.511898,,,Aprocious Petrus,136406.0,,,,,,,1,Regular Play,Ivan Kamberipa,103799.0,Right Back,53,Namibia,4980,"['301ff247-cc7e-4842-a54b-0f0d9a85db2b', '3b2b5bf0-5e0b-42f8-b88b-058e8ed90a6d']",51,,,,,,,,,,,,,,,,,,Namibia,4980,00:25:51.628,Pass,True
,,,,,,,,,,,,,1.359999,,,,,,,,,,,,9dbbf0f7-6210-45bd-9df8-8d7183313ca4,868,,"[41.5, 67.0]",3920417,25,,,,2.9020097,,Right Foot,,,,"[28.4, 70.2]",Ground Pass,,13.485177,,,Kennedy Amutenya,264381.0,,,,,,,1,Regular Play,Aprocious Petrus,136406.0,Center Defensive Midfield,53,Namibia,4980,['9912e625-46a8-4f1f-ac0b-0fea8fdea552'],52,,,,,,,,,,,,,,,,,,Namibia,4980,00:25:52.372,Pass,
,,,,,,,,,,,,,3.961926,,,,,,,,,,,,06d67a9f-ee73-4597-8b3e-6cb6f03f07d3,870,,"[29.0, 70.5]",3920417,25,,,,-0.28152218,,Right Foot,,,,"[106.8, 48.0]",High Pass,,80.98821,Incomplete,,Peter Shalulile,65723.0,,,,,,,1,Regular Play,Kennedy Amutenya,264381.0,Right Center Back,53,Namibia,4980,"['2783c409-adbb-4c9b-ba93-38fc9b983ded', 'a00155f7-49c6-446c-840f-31e603d8e238']",53,,,,,,,,,,,,,,,,,,Namibia,4980,00:25:53.732,Pass,
,,,,,,,,,,,,,1.106444,,,,,,,,,,,,492ae901-7ac6-4c3e-9f8c-8909a3088954,873,,"[13.7, 38.7]",3920417,26,True,,,0.6492592,,Right Foot,,,,"[30.3, 51.3]",Ground Pass,,20.840345,,,Boubakar Kouyate,23331.0,,,,,,,1,Regular Play,Djigui Diarra,102992.0,Goalkeeper,54,Mali,4930,['a8bbcdc1-c82b-4619-a5d8-89961fdd1a10'],1,,,,,,,,,,,,,,,,,,Mali,4930,00:26:01.103,Pass,
,,,,,,,,,,,,,1.51531,,,,,,,,,,,,adc4b149-7376-4f65-b3c9-c2a290a05f42,875,,"[35.1, 47.4]",3920417,26,,,,-1.3052213,,Right Foot,,,,"[45.3, 9.9]",Ground Pass,,38.86245,,,Moussa Diarra,32952.0,,,,,,,1,Regular Play,Boubakar Kouyate,23331.0,Right Center Back,54,Mali,4930,['3a2aa02a-3e1b-4281-bd6e-4d4b88c21244'],4,,,,,,,,,,,,,,,,,,Mali,4930,00:26:04.595,Pass,
,,,,,,,,,,,,,1.107229,,,,,,,,,,,,5a6e79d5-a87f-4a00-b7cf-155560a05e06,878,,"[45.3, 9.9]",3920417,26,,,,2.8855908,,Left Foot,,,,"[30.4, 13.8]",Ground Pass,,15.401948,,,Sikou Niakate,7295.0,,,,,,,1,Regular Play,Moussa Diarra,32952.0,Left Back,54,Mali,4930,['d5e12ccf-7af8-4543-bb98-e43e2fdfa83f'],7,,,,,,,,,,,,,,,,,,Mali,4930,00:26:07.435,Pass,
,,,,,,,,,,,,,3.459582,,,,,,,,,,,,658b7417-8664-4c38-a928-4021ee9d283a,881,,"[32.6, 12.6]",3920417,26,,,,0.23668501,,Left Foot,,,,"[92.3, 27.0]",High Pass,,61.412132,,,Youssoufou Niakaté,51750.0,,,,,,,1,Regular Play,Sikou Niakate,7295.0,Left Center Back,54,Mali,4930,['a7150ff9-9a2f-415c-86f7-9195e1e48cfa'],10,,,,,,,,,,,,,,,,,,Mali,4930,00:26:10.051,Pass,
,,,,,,,,,,,,,2.308862,,,,,,,,,,,,5f2e7928-06b0-4118-8e39-5f037e859c39,888,,"[21.0, 54.1]",3920417,26,,,,2.189174,,Left Foot,,,,"[3.0, 79.4]",Ground Pass,,31.049799,Out,,,,,,,,,,1,Regular Play,Lubeni Haukongo,135004.0,Left Center Back,54,Mali,4930,,14,,,,,,,,,,,,,,,,,,Namibia,4980,00:26:14.624,Pass,
,,,,,,,,,,,,,1.235063,,,,,,,,,,,,86691996-21c0-4428-a634-11d3cfdd3f79,889,,"[105.8, 0.1]",3920417,26,,,,1.0851742,,,,,,"[113.4, 14.5]",Low Pass,,16.282505,,,Lassine Sinayoko,105182.0,,,,,,Throw-in,1,From Throw In,Moussa Diarra,32952.0,Left Back,55,Mali,4930,['b4180551-b357-416a-893a-79dbb8f653e5'],40,,,,,,,,,,,,,,,,,,Mali,4930,00:26:40.449,Pass,
,,,,,,,,,,,,,1.615223,,,,,,,,,,,,81e42ce1-75f9-41d5-8920-2579e38223ed,898,,"[113.3, 19.6]",3920417,26,,,,-2.9441972,,Right Foot,,,,"[97.8, 16.5]",Ground Pass,,15.80696,,,Yves Bissouma,4385.0,,,,,,,1,From Throw In,Lassine Sinayoko,105182.0,Left Center Forward,55,Mali,4930,"['3186fce4-0722-4060-9618-bb21e7b38eac', '74fa8b02-7268-4ee6-be2c-5f71dfb456db', 'b6119650-d499-4643-a971-66026cadb30b']",45,,,,,,,,,,,,,,,,,,Mali,4930,00:26:45.993,Pass,True
,,,,,,,,,,,,,1.584657,,,,,,,,,,,,331d477d-8931-4ae7-a81c-d0919cca98f8,901,,"[97.2, 13.5]",3920417,26,,,,2.8689828,,Right Foot,,,,"[78.6, 18.7]",Ground Pass,,19.313208,,,Sikou Niakate,7295.0,,,,,,,1,From Throw In,Yves Bissouma,4385.0,Left Defensive Midfield,55,Mali,4930,['9629a1c7-0370-41ab-891b-d25fe7b3098e'],48,,,,,,,,,,,,,,,,,,Mali,4930,00:26:48.235,Pass,
,,,,,,,,,,,,,1.94083,,,,,,,,,,,,daa68a09-e940-4c32-9024-919c12eeb736,904,,"[76.9, 20.2]",3920417,26,,,,1.923105,,Left Foot,,,,"[66.9, 47.4]",Ground Pass,,28.979994,,,Boubakar Kouyate,23331.0,,,,,,,1,From Throw In,Sikou Niakate,7295.0,Left Center Back,55,Mali,4930,['778f0ea3-08c8-44da-b781-364a3af3a00a'],50,,,,,,,,,,,,,,,,,,Mali,4930,00:26:50.289,Pass,
,,,,,,,,,,,,,1.277046,,,,,,,,,,,,afd87376-a713-4e2a-933d-46ebdeb50d18,907,,"[71.5, 50.4]",3920417,26,,,,1.6078165,,Left Foot,,,,"[70.9, 66.6]",Ground Pass,,16.211107,,,Hamari Traoré,3248.0,,,,,,,1,From Throw In,Boubakar Kouyate,23331.0,Right Center Back,55,Mali,4930,['46d3cad0-f451-4b9d-96ff-eb600669ec59'],53,,,,,,,,,,,,,,,,,,Mali,4930,00:26:53.727,Pass,
,,,,,,,,,,,,,1.823733,,,,,,,,,,,,5d013a97-8814-4edf-9fb5-f892566c16de,910,,"[71.7, 67.7]",3920417,26,,,,-0.09700997,,Right Foot,,,,"[101.5, 64.8]",Ground Pass,,29.940775,,,Youssoufou Niakaté,51750.0,,,,,,,1,From Throw In,Hamari Traoré,3248.0,Right Back,55,Mali,4930,['dda67ca9-9742-4171-b5ab-e4948f19b8c4'],56,,,,,,,,,,,,,,,,,,Mali,4930,00:26:56.011,Pass,
,,,,,,,,,,,,,0.780358,,,,,,,,,,,,137ae59c-4755-4bc8-8bec-9dd8ebf086e2,914,,"[104.0, 65.2]",3920417,26,,,,1.4651307,,Left Foot,,,,"[104.7, 71.8]",Ground Pass,,6.6370173,,,Fousseni Diabaté,3710.0,,,,,,,1,From Throw In,Youssoufou Niakaté,51750.0,Right Center Forward,55,Mali,4930,"['34cc95c1-921f-4ec0-ac41-1a5c39b8a9e8', '0782b97c-1261-4443-9cbd-f8e608ac5c2f']",58,,,,,,,,,,,,,,,,,,Mali,4930,00:26:58.209,Pass,True
,,,,,,,,,,,,,0.97418,,,,,,,,,,,,cbd35b31-4f38-4536-af55-9001699b60e6,916,,"[107.9, 71.0]",3920417,26,,,,-2.1535358,,Left Foot,,,,"[105.0, 66.6]",Ground Pass,,5.269725,,,Youssoufou Niakaté,51750.0,,,,,,,1,From Throw In,Fousseni Diabaté,3710.0,Right Midfield,55,Mali,4930,['c55c7335-59dd-4910-b06e-6ee3099975ee'],58,,,,,,,,,,,,,,,,,,Mali,4930,00:26:58.989,Pass,
,,,,,,,,,,,,,0.837409,,,,,,,,,,,,efc5763f-1c1e-4f7f-9f22-60e4c2a0c3fb,920,,"[105.6, 60.9]",3920417,27,,,,-1.2272264,126322dc-cd4d-49ea-ba76-d0a40d870e8d,Left Foot,True,,,"[113.9, 37.7]",High Pass,,24.640009,,,Lassine Sinayoko,105182.0,True,,,,,,1,From Throw In,Youssoufou Niakaté,51750.0,Right Center Forward,55,Mali,4930,"['8745a6b3-a022-4ed2-ada5-34562fd6cad8', '8a67920f-51e1-4a87-81a4-7f63cd9db030']",0,,,,,,,,,,,,,,,,,,Mali,4930,00:27:00.793,Pass,True
,,,,,,,,,,,,,4.751922,,,,,,,,,,,,020118be-2657-4af8-8568-b8074f49e85b,924,,"[6.0, 44.0]",3920417,27,,,,0.4167506,,Right Foot,,,,"[62.7, 69.1]",High Pass,,62.00726,,,Deon Hotto Kavendji,64612.0,,,,,,Goal Kick,1,From Goal Kick,Lloyd Junior Kazapua,125324.0,Goalkeeper,56,Namibia,4980,['57838283-914f-47e4-9c3b-a7ee6bd6ad11'],45,,,,,,,,,,,,,,,,,,Namibia,4980,00:27:45.038,Pass,
,,,,,,,,,,,,,1.264883,,,,,,,,,,,,9301c71b-f060-4e5c-bc63-1570354b54fe,927,,"[62.7, 69.1]",3920417,27,,,True,-0.034708276,,,,,,"[77.1, 68.6]",Low Pass,,14.408678,Incomplete,,,,,,,,,,1,From Goal Kick,Deon Hotto Kavendji,64612.0,Left Midfield,56,Namibia,4980,"['1666c842-318f-4b39-88e7-3a31cccfa989', 'c2f53083-73fb-44c9-b87e-67e4bb3e9658']",48,,,,,,,,,,,,,,,,,,Namibia,4980,00:27:48.525,Pass,True
,,,,,,,,,,,,,1.11061,,,,,,,,,,,,a3beb902-4978-4c40-baaa-68ffbb945c5a,931,,"[41.4, 10.4]",3920417,27,,,,0.87510383,,Left Foot,,,,"[50.0, 20.7]",High Pass,,13.418271,,,Yves Bissouma,4385.0,,,,,,,1,Regular Play,Moussa Diarra,32952.0,Left Back,57,Mali,4930,"['8415ebc8-2a7e-4086-8b98-047aa11eb2fa', '5b9ed35b-6033-4f53-92bd-ab6e8edeecd3']",50,,,,,,,,,,,,,,,,,,Mali,4930,00:27:50.191,Pass,True
,,,,,,,,,,,,,0.751915,,,,,,,,,,,,e6cf0dde-41ee-4df8-9b1c-cf438dd01dbd,934,,"[57.0, 21.0]",3920417,27,,,,2.4218893,,Right Foot,,,,"[48.9, 28.1]",Ground Pass,,10.771258,,,Aliou Dieng,67714.0,,,,,,,1,Regular Play,Yves Bissouma,4385.0,Left Defensive Midfield,57,Mali,4930,['1c80c5d1-3155-4fd8-b5dc-cba859cc33fd'],53,,,,,,,,,,,,,,,,,,Mali,4930,00:27:53.200,Pass,
,,,,,,,,,,,,,1.576767,,,,,,,,,,,,ae328e5e-0931-4ee5-ae3d-799194718880,937,,"[48.7, 29.3]",3920417,27,,,,1.5246005,,Right Foot,,,,"[50.6, 70.4]",Low Pass,,41.143894,,,Boubakar Kouyate,23331.0,,,True,,,,1,Regular Play,Aliou Dieng,67714.0,Right Defensive Midfield,57,Mali,4930,['4d44dd44-c24d-4012-92fa-af81d176d73d'],55,,,,,,,,,,,,,,,,,,Mali,4930,00:27:55.077,Pass,
,,,,,,,,,,,,,0.682384,,,,,,,,,,,,b01e0e85-0939-4352-a37d-372884663c62,941,,"[71.9, 70.6]",3920417,27,,,,0.8026378,,Left Foot,,,,"[77.6, 76.5]",Ground Pass,,8.203658,,,Fousseni Diabaté,3710.0,,,,,,,1,Regular Play,Boubakar Kouyate,23331.0,Right Center Back,57,Mali,4930,"['5b42ffc5-2d32-4509-b883-78e96b8ef9d2', 'ec42b519-1efd-4d9a-952b-3bbe9bed752c']",59,,,,,,,,,,,,,,,,,,Mali,4930,00:27:59.745,Pass,True
,,,,,,,,,,,,,1.075519,,,,,,,,,,,,30129bf4-b3fd-463a-8551-5d08b910820c,946,,"[84.5, 64.0]",3920417,28,,,,-0.5020902,,Left Foot,,,,"[99.8, 55.6]",Ground Pass,,17.454226,Incomplete,,Youssoufou Niakaté,51750.0,,,,Through Ball,True,,1,Regular Play,Fousseni Diabaté,3710.0,Right Midfield,57,Mali,4930,"['afeb1555-e669-44d2-8047-9f3ad9f5c4d2', 'f9510970-7290-42e3-a5e3-6951800fda2c', 'b56c2bb7-1c89-4c38-87cc-41a466322a52', '99b16c25-2638-4f93-a023-7fd1ea17e0cd']",5,,,,,,,,,,,,,,,,,,Mali,4930,00:28:05.603,Pass,True
,,,,,,,,,,,,,3.6207,,,,,,,,,,,,80778aa1-44ae-47ec-a563-36d7a61f8b62,952,,"[19.2, 23.8]",3920417,31,,,,-0.016539846,,Right Foot,,,,"[85.7, 22.7]",High Pass,,66.509094,Incomplete,,Muzeu Bethuel,389319.0,,,,,,Free Kick,1,From Free Kick,Lloyd Junior Kazapua,125324.0,Goalkeeper,58,Namibia,4980,"['96ca3c53-69f0-4582-84ff-b811584d8a85', '8d7be984-d3ff-4482-b498-108ba596671b']",7,,,,,,,,,,,,,,,,,,Namibia,4980,00:31:07.399,Pass,
,,,,,,,,,,,,,2.547371,,,,,,,,,,,,96ca3c53-69f0-4582-84ff-b811584d8a85,954,,"[34.4, 57.4]",3920417,31,,,,-0.28095686,,Head,,,,"[64.2, 48.8]",High Pass,,31.016125,,,Lassine Sinayoko,105182.0,,,,,,Recovery,1,Regular Play,Boubakar Kouyate,23331.0,Right Center Back,59,Mali,4930,"['80778aa1-44ae-47ec-a563-36d7a61f8b62', '83858959-410c-4ec7-9105-6d17efc14fdb']",11,,,,,,,,,,,,,,,,,,Mali,4930,00:31:11.019,Pass,
,,,,,,,,,,,,,1.2,,,,,,,,,,,,71f28b2f-a989-48fd-997d-773f29b716eb,957,,"[63.7, 50.4]",3920417,31,,,True,-2.4601133,,,,,,"[54.7, 43.1]",Low Pass,,11.588356,,,Nene Dorgeles,199653.0,,,,,,,1,Regular Play,Lassine Sinayoko,105182.0,Left Center Forward,59,Mali,4930,"['84bffef4-b12c-41ed-9c84-0eb447190011', '1bcd9281-b461-4aea-89cd-e2d53ee5d2dc']",13,,,,,,,,,,,,,,,,,,Mali,4930,00:31:13.567,Pass,True
,,,,,,,,,,,,,3.083549,,,,,,,,,,,,c6f7a72f-c960-4a95-a01a-88af870121c0,959,,"[56.1, 44.3]",3920417,31,,,,-0.8317784,,Right Foot,,,,"[78.7, 19.5]",High Pass,,33.552944,Incomplete,,Youssoufou Niakaté,51750.0,,,,,,,1,Regular Play,Nene Dorgeles,199653.0,Left Midfield,59,Mali,4930,"['379ce726-9dd5-4fe9-b843-80dbc5cd78bd', '39e3adc4-f066-4765-8f1c-45e1c53530b1']",14,,,,,,,,,,,,,,,,,,Mali,4930,00:31:14.729,Pass,
,,,,,,,,,,,,,1.169825,,,,,,,,,,,,09414eb8-e041-4960-981c-d2720d6f4406,964,,"[42.0, 58.8]",3920417,31,,,,-2.9185617,,Right Foot,,,,"[32.3, 56.6]",Ground Pass,,9.946356,,,Kennedy Amutenya,264381.0,,,,,,,1,Regular Play,Ivan Kamberipa,103799.0,Right Back,60,Namibia,4980,['0e1ce664-051e-4ffd-b162-a41915ce2a41'],19,,,,,,,,,,,,,,,,,,Namibia,4980,00:31:19.383,Pass,
,,,,,,,,,,,,,3.262761,,,,,,,,,,,,dca68188-1139-4f3a-ac5b-c7ff38681abf,968,,"[34.3, 58.1]",3920417,31,,,,-0.10112685,,Left Foot,,,,"[95.4, 51.9]",High Pass,,61.41376,Incomplete,,Peter Shalulile,65723.0,,,,,,,1,Regular Play,Kennedy Amutenya,264381.0,Right Center Back,60,Namibia,4980,"['879bd373-ad74-4b3d-bdae-b5cd2a3ebf20', '19a0ffa6-4805-4dc2-92ba-ca6efac90f32', '6e261793-33af-47ae-82f4-aaa037d55554']",20,,,,,,,,,,,,,,,,,,Namibia,4980,00:31:20.592,Pass,True
,,,,,,,,,,,,,1.551517,,,,,,,,,,,,09c37a44-797d-4b11-bd55-eb7d3da92260,971,,"[95.3, 80.0]",3920417,31,,,,-0.8454352,,,,,,"[112.5, 60.6]",High Pass,,25.92682,,,Peter Shalulile,65723.0,,,,,,Throw-in,1,From Throw In,Ivan Kamberipa,103799.0,Right Back,61,Namibia,4980,['f5575b6e-3f26-47f5-ae5b-9ec00e011153'],43,,,,,,,,,,,,,,,,,,Namibia,4980,00:31:43.499,Pass,
,,,,,,,,,,,,,1.733923,,,,,,,,,,,,2c7a2a67-9ea9-47e5-89b1-5875995dbae0,977,,"[120.0, 80.0]",3920417,32,,,,-1.6164377,,Left Foot,,,,"[118.1, 38.4]",High Pass,True,41.643368,Incomplete,,,,,,True,Inswinging,,Corner,1,From Corner,Deon Hotto Kavendji,64612.0,Left Midfield,62,Namibia,4980,['98de36ee-610a-4ed3-bd8b-9a7b6f71325e'],29,,,,,,,,,,,,,,,,,,Namibia,4980,00:32:29.745,Pass,
,,,,,,,,,,,,,1.918366,,,,,,,,,,,,beca0dda-ad68-4f75-ad36-5be0a87b040f,980,,"[98.7, 0.1]",3920417,33,,,,0.48281458,,,,,,"[111.1, 6.6]",Low Pass,,14.000357,,,Peter Shalulile,65723.0,,,,,,Throw-in,1,From Throw In,Deon Hotto Kavendji,64612.0,Left Midfield,63,Namibia,4980,['99d356d4-28cb-4142-b23b-f21fc31a8f71'],1,,,,,,,,,,,,,,,,,,Namibia,4980,00:33:01.708,Pass,
,,,,,,,,,,,,,0.022823,,,,,,,,,,,,ca3b4737-1e21-4f40-9b34-0d0cdbc15515,983,,"[113.7, 4.4]",3920417,33,,,,2.8076475,,Right Foot,,,,"[103.9, 7.8]",High Pass,,10.373042,Incomplete,,Riaan Hanamub,65555.0,,,,,,,1,From Throw In,Peter Shalulile,65723.0,Center Forward,63,Namibia,4980,"['51dac222-c673-4a5f-bd49-d33424a3f834', '1a368460-c092-4766-96dc-c24787476cc7']",3,,,,,,,,,,,,,,,,,,Namibia,4980,00:33:03.702,Pass,
,,,,,,,,,,,,,1.579596,,,,,,,,,,,,82d998ec-e409-4ecd-9b91-241d50e2b791,987,,"[92.3, 0.1]",3920417,33,True,,,0.20749623,,,,,,"[113.2, 4.5]",Low Pass,,21.358137,,,Deon Hotto Kavendji,64612.0,,,,,,Throw-in,1,From Throw In,Riaan Hanamub,65555.0,Left Back,64,Namibia,4980,['f03e3b98-1725-4acc-86a2-94b5cfdf5420'],13,,,,,,,,,,,,,,,,,,Namibia,4980,00:33:13.612,Pass,
,,,,,,,,,,,,,1.363926,,,,,,,,,,,,a6b42c9f-8edc-4094-acb6-f679f2672bf2,991,,"[104.0, 3.9]",3920417,33,,,,2.8765497,,Left Foot,,,,"[97.0, 5.8]",Ground Pass,,7.253275,,,Riaan Hanamub,65555.0,,,,,,,1,From Throw In,Deon Hotto Kavendji,64612.0,Left Midfield,64,Namibia,4980,['1018f784-2866-4225-a563-2d6f0a93521d'],18,,,,,,,,,,,,,,,,,,Namibia,4980,00:33:18.309,Pass,
,,,,,,,,,,,,,0.092165,,,,,,,,,,,,9512b047-468d-44e7-a87d-e1718782e869,994,,"[97.0, 5.8]",3920417,33,,,,0.29977608,,Left Foot,,,,"[102.5, 7.5]",High Pass,,5.7567353,Incomplete,,Muzeu Bethuel,389319.0,,,,,,,1,From Throw In,Riaan Hanamub,65555.0,Left Back,64,Namibia,4980,"['43e70141-c20b-4dc9-9983-3ab97771d545', '2f3e0cc7-92ef-4ac7-b04f-655367f67b60']",19,,,,,,,,,,,,,,,,,,Namibia,4980,00:33:19.833,Pass,
,,,,,,,,,,,,,2.195898,,,,,,,,,,,,e7eceda2-bb88-48ce-8f96-6833c5e846dc,997,,"[90.9, 0.1]",3920417,33,,,,2.7281673,,,,,,"[75.4, 6.9]",Low Pass,,16.926016,,,Lubeni Haukongo,135004.0,,,,,,Throw-in,1,From Throw In,Riaan Hanamub,65555.0,Left Back,65,Namibia,4980,['721e2cc9-7aee-474f-8fb5-de56e2a67c13'],42,,,,,,,,,,,,,,,,,,Namibia,4980,00:33:42.875,Pass,
,,,,,,,,,,,,,2.479999,,,,,,,,,,,,89079be6-bdf4-436f-9906-8511be01beda,1001,,"[73.4, 7.8]",3920417,33,,,,2.445343,,Left Foot,,,,"[53.9, 24.1]",Ground Pass,,25.41535,,,Kennedy Amutenya,264381.0,,,,,,,1,From Throw In,Lubeni Haukongo,135004.0,Left Center Back,65,Namibia,4980,"['578727bf-71ff-48ae-abbc-cc4ca104ec60', '2c72cf67-30ce-4376-834c-9c83a77e0c97']",46,,,,,,,,,,,,,,,,,,Namibia,4980,00:33:46.307,Pass,True
,,,,,,,,,,,,,2.504376,,,,,,,,,,,,6a12f2cf-0825-4cb7-8413-bc5cc2027821,1004,,"[55.6, 30.6]",3920417,33,,,,-0.05325841,,Right Foot,,,,"[110.0, 27.7]",High Pass,,54.47724,Unknown,,Prins Menelik Tjiueza,103803.0,,,,,,,1,From Throw In,Kennedy Amutenya,264381.0,Right Center Back,65,Namibia,4980,['ce1237a5-07b7-4d68-b2f0-ba148361f455'],50,,,,,,,,,,,,,,,,,,Namibia,4980,00:33:50.253,Pass,
,,,,,,,,,,,,,0.465843,,,,,,,,,,,,4b2c5636-1008-4a45-9f20-6a5376aacbf0,1008,,"[10.3, 48.5]",3920417,34,True,,,0.75762755,,Right Foot,,,,"[21.4, 59.0]",Ground Pass,,15.279398,,,Boubakar Kouyate,23331.0,,,,,,Free Kick,1,From Free Kick,Djigui Diarra,102992.0,Goalkeeper,66,Mali,4930,['d27a7fba-fb44-4cc3-9520-df4ecd01e8ff'],12,,,,,,,,,,,,,,,,,,Mali,4930,00:34:12.261,Pass,
,,,,,,,,,,,,,2.777149,,,,,,,,,,,,6b8fa74f-f12c-4ff7-b8b8-1c585acfa1f7,1010,,"[21.4, 58.8]",3920417,34,,,,-1.3280598,,Right Foot,,,,"[34.4, 6.3]",High Pass,,54.08558,,,Moussa Diarra,32952.0,,,True,,,,1,From Free Kick,Boubakar Kouyate,23331.0,Right Center Back,66,Mali,4930,['ba5a0ca2-ec94-4ead-a9c9-0eb1f3acdee5'],14,,,,,,,,,,,,,,,,,,Mali,4930,00:34:14.217,Pass,
,,,,,,,,,,,,,1.77451,,,,,,,,,,,,3f7200aa-b897-4c56-adf2-cbb02b030129,1019,,"[56.5, 16.8]",3920417,34,,,,-0.53344285,,Left Foot,,,,"[69.2, 9.3]",Ground Pass,,14.749237,,,Youssoufou Niakaté,51750.0,,,,,,,1,From Free Kick,Moussa Diarra,32952.0,Left Back,66,Mali,4930,"['ec3e167e-0521-4445-a3f9-9869361033fb', 'e4b44be4-4c47-464a-a852-e3fb2479a91b']",22,,,,,,,,,,,,,,,,,,Mali,4930,00:34:22.599,Pass,True
,,,,,,,,,,,,,0.730698,,,,,,,,,,,,f7371fcf-47a0-4905-acd7-5c1d83cc9eed,1022,,"[70.4, 9.8]",3920417,34,,,,-1.9316331,,Left Foot,,,,"[68.4, 4.5]",Ground Pass,,5.6648035,,,Nene Dorgeles,199653.0,,,,,,,1,From Free Kick,Youssoufou Niakaté,51750.0,Right Center Forward,66,Mali,4930,['100b90d9-1b59-4d06-93da-6f0c40c49dfe'],24,,,,,,,,,,,,,,,,,,Mali,4930,00:34:24.579,Pass,
,,,,,,,,,,,,,1.519399,,,,,,,,,,,,41c32a20-3f7c-4253-b704-22b8ae6d8a2d,1026,,"[70.8, 5.1]",3920417,34,,,,2.5135543,,Right Foot,,,,"[55.1, 16.5]",Ground Pass,,19.402319,,,Yves Bissouma,4385.0,,,,,,,1,From Free Kick,Nene Dorgeles,199653.0,Left Midfield,66,Mali,4930,"['279a81ea-f461-454c-bb6c-410ee54fa4a4', '3c94bdec-2a5c-4544-8cfa-ffab11f15d80']",26,,,,,,,,,,,,,,,,,,Mali,4930,00:34:26.739,Pass,True
,,,,,,,,,,,,,2.448756,,,,,,,,,,,,f9107720-c3f6-44ed-a8ba-88362c2917aa,1029,,"[53.7, 20.4]",3920417,34,,,,1.6213604,,Right Foot,,,,"[51.2, 69.8]",Ground Pass,,49.46322,,,Hamari Traoré,3248.0,,,True,,,,1,From Free Kick,Yves Bissouma,4385.0,Left Defensive Midfield,66,Mali,4930,['3ae6c613-d517-47e4-bc6d-eb0d844b88db'],30,,,,,,,,,,,,,,,,,,Mali,4930,00:34:30.024,Pass,
,,,,,,,,,,,,,1.164186,,,,,,,,,,,,da7147a1-2271-4dc9-8b7a-83d87421069b,1032,,"[60.6, 67.4]",3920417,34,,,,-0.64215523,,Left Foot,,,,"[72.5, 58.5]",Ground Pass,,14.860013,,,Lassine Sinayoko,105182.0,,,,,,,1,From Free Kick,Hamari Traoré,3248.0,Right Back,66,Mali,4930,['b447e8f0-b509-412e-937f-9c4c676721c0'],36,,,,,,,,,,,,,,,,,,Mali,4930,00:34:36.529,Pass,
,,,,,,,,,,,,,1.218843,,,,,,,,,,,,948497e1-c15c-4391-a206-b97f767ab11b,1036,,"[71.1, 58.8]",3920417,34,,,,1.6590022,,Right Foot,,,,"[69.8, 73.5]",Ground Pass,,14.757371,,,Fousseni Diabaté,3710.0,,,,,,,1,From Free Kick,Lassine Sinayoko,105182.0,Left Center Forward,66,Mali,4930,"['355b8ceb-a873-41f7-a64b-fdbe2ee41d39', '2751866c-8a0d-489d-8ecc-51a126cfa7a4']",38,,,,,,,,,,,,,,,,,,Mali,4930,00:34:38.042,Pass,True
,,,,,,,,,,,,,1.415717,,,,,,,,,,,,fef139eb-5f32-4fcd-84bb-3d547c2de72d,1041,,"[69.7, 58.7]",3920417,34,,,,-1.1169523,,Left Foot,,,,"[71.7, 54.6]",Ground Pass,,4.561798,Incomplete,,Yves Bissouma,4385.0,,,,,,,1,From Free Kick,Fousseni Diabaté,3710.0,Right Midfield,66,Mali,4930,"['fe8a3b21-62c1-4e9a-9761-ee609b14dff1', '4e6aac2e-4400-46af-9700-83659db9de21', '32b0413b-1603-4f7a-a7aa-cd8553c306b4']",41,,,,,,,,,,,,,,,,,,Mali,4930,00:34:41.586,Pass,True
,,,,,,,,,,,,,1.124003,,,,,,,,,,,,fe8a3b21-62c1-4e9a-9761-ee609b14dff1,1045,,"[48.4, 25.5]",3920417,34,,,,0.96640176,,Left Foot,,,,"[60.9, 43.6]",Ground Pass,,21.996819,,,Peter Shalulile,65723.0,,,,,,Recovery,1,Regular Play,Ngero Kaanjuka Katua,389316.0,Left Center Midfield,67,Namibia,4980,"['fef139eb-5f32-4fcd-84bb-3d547c2de72d', '911265d4-f0df-464a-9d08-521634fa5223', '0f51d584-7efe-439b-8a29-fee55a80ecbd']",43,,,,,,,,,,,,,,,,,,Namibia,4980,00:34:43.002,Pass,True
,,,,,,,,,,,,,3.098924,,,,,,,,,,,,88f928b7-4840-4b83-9529-141c6cc68680,1051,,"[60.3, 44.2]",3920417,35,,,,-0.41066694,,Right Foot,,,,"[114.5, 20.6]",High Pass,,59.115143,,,Riaan Hanamub,65555.0,,,,,,Free Kick,1,From Free Kick,Kennedy Amutenya,264381.0,Right Center Back,68,Namibia,4980,['b696a078-5854-4b20-8e20-c46982237308'],46,,,,,,,,,,,,,,,,,,Namibia,4980,00:35:46.108,Pass,
,,,,,,,,,,,,,1.520149,,,,,,,,,,,,e19131d0-66fc-4a17-a7f7-9ebde496bccd,1054,,"[115.9, 18.1]",3920417,35,,,,1.6671157,,Left Foot,True,True,,"[113.9, 38.8]",Low Pass,,20.796394,Incomplete,,Muzeu Bethuel,389319.0,,,,,,,1,From Free Kick,Riaan Hanamub,65555.0,Left Back,68,Namibia,4980,"['5f91cbca-eeb3-42ae-b9ab-3290a540577d', 'f79ecd56-18cd-498e-96dc-350aa37542c7']",49,,,,,,,,,,,,,,,,,,Namibia,4980,00:35:49.334,Pass,
,,,,,,,,,,,,,1.306265,,,,,,,,,,,,c655f743-3c89-4263-be7e-77b39ce51d81,1059,,"[6.9, 39.9]",3920417,35,,,,-1.8581808,,Left Foot,,,,"[0.9, 19.6]",Low Pass,,21.168137,Out,,,,,,,,,,1,From Free Kick,Sikou Niakate,7295.0,Left Center Back,68,Namibia,4980,['0d76d69e-b77c-458c-bb9d-dc05ce98b697'],51,,,,,,,,,,,,,,,,,,Mali,4930,00:35:51.515,Pass,True
,,,,,,,,,,,,,1.784026,,,,,,,,,,,,ab4fba8e-84ef-4a5c-b448-3387e19257fa,1060,,"[120.0, 80.0]",3920417,36,,,,-1.6590022,8043e0f4-d569-46ff-86d6-96ab7a18db1a,Left Foot,,,,"[116.1, 35.9]",High Pass,True,44.272114,,,Kennedy Amutenya,264381.0,True,,True,Inswinging,,Corner,1,From Corner,Deon Hotto Kavendji,64612.0,Left Midfield,69,Namibia,4980,['53fa83ee-9194-4570-bcca-7d41c44b12de'],49,,,,,,,,,,,,,,,,,,Namibia,4980,00:36:49.252,Pass,
,,,,,,,,,,,,,5.450455,,,,,,,,,,,,567ff945-c948-40c8-aa51-a6bc88ef69b7,1066,,"[7.0, 44.1]",3920417,37,,,,0.23665708,,Right Foot,,,,"[92.0, 64.6]",High Pass,,87.43712,Incomplete,,Youssoufou Niakaté,51750.0,,,,,,Goal Kick,1,From Goal Kick,Djigui Diarra,102992.0,Goalkeeper,70,Mali,4930,"['a0b04d2e-a28f-4e88-976c-c3f3a4c66d1a', '36027467-41d2-4fbd-8783-6cdf087571f0']",21,,,,,,,,,,,,,,,,,,Mali,4930,00:37:21.726,Pass,
,,,,,,,,,,,,,1.578347,,,,,,,,,,,,c9957402-7a75-48c5-bb20-e632fae2e169,1070,,"[26.5, 11.4]",3920417,37,,,,0.008129902,,Left Foot,,,,"[63.4, 11.7]",High Pass,,36.90122,Incomplete,,Kennedy Amutenya,264381.0,,,,,,,1,From Goal Kick,Riaan Hanamub,65555.0,Left Back,70,Mali,4930,"['97d09560-badb-4344-9270-d72beaa25b23', '862b71a1-4dd6-4ee5-b220-e11ecafab5ae']",28,,,,,,,,,,,,,,,,,,Namibia,4980,00:37:28.398,Pass,
,,,,,,,,,,,,,3.030306,,,,,,,,,,,,424732cc-979c-4800-94e4-9d5d89cad368,1074,,"[61.1, 70.6]",3920417,37,,,,-0.9442815,,Right Foot,,,,"[97.0, 21.0]",High Pass,,61.228832,Incomplete,,Nene Dorgeles,199653.0,,,True,,,,1,From Goal Kick,Hamari Traoré,3248.0,Right Back,70,Mali,4930,"['8841a59e-53a0-43eb-98f5-1fd51ab50879', '1f5ad8b1-34f3-4a97-bd90-5ede7bfe8ced']",32,,,,,,,,,,,,,,,,,,Mali,4930,00:37:32.228,Pass,
,,,,,,,,,,,,,3.012911,,,,,,,,,,,,a956c4fc-1663-4dd1-bad7-e9af0ac11faa,1077,,"[95.9, 0.1]",3920417,37,,,,2.8490632,,,,,,"[61.7, 10.4]",High Pass,,35.71736,,,Sikou Niakate,7295.0,,,,,,Throw-in,1,From Throw In,Moussa Diarra,32952.0,Left Back,71,Mali,4930,['55db879a-9936-4427-bd28-4a0f771d9b9d'],48,,,,,,,,,,,,,,,,,,Mali,4930,00:37:48.666,Pass,
,,,,,,,,,,,,,1.832311,,,,,,,,,,,,9aecf4d9-6a5e-4220-a20a-0c8de9e16ce8,1080,,"[61.2, 16.2]",3920417,37,,,,1.9151303,,Left Foot,,,,"[50.8, 45.2]",Ground Pass,,30.808441,,,Boubakar Kouyate,23331.0,,,,,,,1,From Throw In,Sikou Niakate,7295.0,Left Center Back,71,Mali,4930,['11f43471-37ed-4e70-a352-145897747175'],52,,,,,,,,,,,,,,,,,,Mali,4930,00:37:52.770,Pass,
,,,,,,,,,,,,,1.165455,,,,,,,,,,,,a1032934-7d4f-4b19-aa3f-e5f6dba7f39f,1083,,"[48.1, 50.7]",3920417,37,,,,1.170172,,Right Foot,,,,"[55.3, 67.7]",Ground Pass,,18.461853,,,Hamari Traoré,3248.0,,,,,,,1,From Throw In,Boubakar Kouyate,23331.0,Right Center Back,71,Mali,4930,['6c674285-4257-4b4d-8e63-99a44f9be39b'],55,,,,,,,,,,,,,,,,,,Mali,4930,00:37:55.780,Pass,
,,,,,,,,,,,,,0.968191,,,,,,,,,,,,2aa0183e-44fe-474e-b058-3a12a60d69a7,1086,,"[54.0, 69.9]",3920417,37,,,,-0.8902751,,Right Foot,,,,"[64.2, 57.3]",Ground Pass,,16.211107,,,Aliou Dieng,67714.0,,,,,,,1,From Throw In,Hamari Traoré,3248.0,Right Back,71,Mali,4930,['c5fdea11-1f9b-4b15-a1ec-abfe1c4e4153'],58,,,,,,,,,,,,,,,,,,Mali,4930,00:37:58.042,Pass,
,,,,,,,,,,,,,1.039034,,,,,,,,,,,,c1b607f2-12aa-4e30-9bb0-7f26e28a6c20,1089,,"[64.4, 60.2]",3920417,38,,,,2.5246508,,Left Foot,,,,"[55.8, 66.3]",Ground Pass,,10.543718,,,Hamari Traoré,3248.0,,,,,,,1,From Throw In,Aliou Dieng,67714.0,Right Defensive Midfield,71,Mali,4930,['4900c5ae-35c1-45c0-b0a6-1a7cee0657ff'],0,,,,,,,,,,,,,,,,,,Mali,4930,00:38:00.535,Pass,
,,,,,,,,,,,,,1.267707,,,,,,,,,,,,4c3384c3-ff43-4ed7-9a67-94ad5ca13cc6,1092,,"[57.0, 68.5]",3920417,38,,,,-2.5287724,,Right Foot,,,,"[44.2, 59.5]",Ground Pass,,15.647364,,,Boubakar Kouyate,23331.0,,,,,,,1,From Throw In,Hamari Traoré,3248.0,Right Back,71,Mali,4930,['5061af4b-9a5e-49c0-944b-32558c6b8b9a'],2,,,,,,,,,,,,,,,,,,Mali,4930,00:38:02.252,Pass,
,,,,,,,,,,,,,2.442559,,,,,,,,,,,,c477525d-365c-46fe-9bfe-d111fa7d22fd,1095,,"[46.6, 57.1]",3920417,38,,,,-1.15491,,Right Foot,,,,"[65.9, 13.4]",Low Pass,,47.772167,Incomplete,,Moussa Diarra,32952.0,,,True,,,,1,From Throw In,Boubakar Kouyate,23331.0,Right Center Back,71,Mali,4930,"['6d53c23e-9c4a-40a8-8866-ba7f6a124018', '814f6961-9326-4e22-af15-e3c1995baec6']",5,,,,,,,,,,,,,,,,,,Mali,4930,00:38:05.230,Pass,
,,,,,,,,,,,,,1.552176,,,,,,,,,,,,c4c7fe9f-e349-4929-9b43-c67be82110b3,1103,,"[37.6, 22.3]",3920417,38,,,,-2.1553977,,Left Foot,,,,"[28.6, 8.7]",Ground Pass,,16.30828,,,Moussa Diarra,32952.0,,,,,,,1,From Throw In,Yves Bissouma,4385.0,Left Defensive Midfield,71,Mali,4930,['daf9e461-7c7c-45eb-bae1-bb24f35500e4'],16,,,,,,,,,,,,,,,,,,Mali,4930,00:38:16.781,Pass,
,,,,,,,,,,,,,1.009436,,,,,,,,,,,,c85636f1-cc96-4897-9c11-0c964e4efa8a,1106,,"[28.6, 8.7]",3920417,38,,,,-0.19739556,,Left Foot,,,,"[42.6, 5.9]",Ground Pass,,14.277255,,,Nene Dorgeles,199653.0,,,,,,,1,From Throw In,Moussa Diarra,32952.0,Left Back,71,Mali,4930,['ac9d7983-7866-4cdc-ba9a-2374658493a6'],18,,,,,,,,,,,,,,,,,,Mali,4930,00:38:18.559,Pass,
,,,,,,,,,,,,,1.618872,,,,,,,,,,,,e9f044bc-de84-4d97-8eb3-4b7e62641660,1109,,"[42.6, 6.0]",3920417,38,,,,1.6275535,,Right Foot,,,,"[41.1, 32.4]",High Pass,,26.44258,,,Aliou Dieng,67714.0,,,,,,,1,From Throw In,Nene Dorgeles,199653.0,Left Midfield,71,Mali,4930,['b5d9c373-0f85-40a9-b450-3b99ee7435b8'],19,,,,,,,,,,,,,,,,,,Mali,4930,00:38:19.814,Pass,
,,,,,,,,,,,,,1.601067,,,,,,,,,,,,4cbce707-b69c-431e-ad04-8376130bfc90,1112,,"[41.5, 30.6]",3920417,38,,,,1.328761,,Right Foot,,,,"[49.4, 62.6]",Ground Pass,,32.960735,,,Hamari Traoré,3248.0,,,,,,,1,From Throw In,Aliou Dieng,67714.0,Right Defensive Midfield,71,Mali,4930,['c941585b-b7a5-4544-abf5-916109129b46'],22,,,,,,,,,,,,,,,,,,Mali,4930,00:38:22.996,Pass,
,,,,,,,,,,,,,2.321816,,,,,,,,,,,,6ea90fe6-8e1d-476e-92f8-834e1e5a290b,1115,,"[56.4, 60.2]",3920417,38,,,,0.5747759,,Right Foot,,,,"[82.8, 77.3]",Ground Pass,,31.454252,,,Fousseni Diabaté,3710.0,,,,,,,1,From Throw In,Hamari Traoré,3248.0,Right Back,71,Mali,4930,['8828a246-119e-488d-b853-8dacd08b4074'],26,,,,,,,,,,,,,,,,,,Mali,4930,00:38:26.746,Pass,
,,,,,,,,,,,,,1.868894,,,,,,,,,,,,b62b80e5-ed08-43c4-9f49-e5bc1124960e,1119,,"[92.9, 75.2]",3920417,38,,,,-2.8833404,,Left Foot,,,,"[77.0, 71.0]",Ground Pass,,16.445364,,,Aliou Dieng,67714.0,,,,,,,1,From Throw In,Fousseni Diabaté,3710.0,Right Midfield,71,Mali,4930,['40648180-2916-4c5b-8518-2d0a55ab70d5'],36,,,,,,,,,,,,,,,,,,Mali,4930,00:38:36.106,Pass,
,,,,,,,,,,,,,1.425496,,,,,,,,,,,,8f620989-f8f3-46b6-a3f1-916b3f90d8ac,1122,,"[77.0, 71.0]",3920417,38,,,,-2.560358,,Right Foot,,,,"[63.3, 62.0]",Ground Pass,,16.391766,,,Boubakar Kouyate,23331.0,,,,,,,1,From Throw In,Aliou Dieng,67714.0,Right Defensive Midfield,71,Mali,4930,['864f2a9f-9e0c-406e-90b5-e2563295d7e7'],39,,,,,,,,,,,,,,,,,,Mali,4930,00:38:39.699,Pass,
,,,,,,,,,,,,,0.847121,,,,,,,,,,,,4f0b7656-bb35-4b85-8ac9-f707eabfd8b5,1125,,"[63.3, 61.8]",3920417,38,,,,-0.7328151,,Right Foot,,,,"[68.3, 57.3]",Ground Pass,,6.726812,,,Yves Bissouma,4385.0,,,,,,,1,From Throw In,Boubakar Kouyate,23331.0,Right Center Back,71,Mali,4930,['0c6d6958-3ce9-4105-9f42-121aec392f39'],42,,,,,,,,,,,,,,,,,,Mali,4930,00:38:42.267,Pass,
,,,,,,,,,,,,,0.750059,,,,,,,,,,,,fca30a49-051a-4808-a2eb-b7c280150469,1128,,"[68.6, 57.4]",3920417,38,,,,1.4750897,,Right Foot,,,,"[69.8, 69.9]",Ground Pass,,12.557467,,,Hamari Traoré,3248.0,,,,,,,1,From Throw In,Yves Bissouma,4385.0,Left Defensive Midfield,71,Mali,4930,['a6549363-f58c-4a00-a17a-80046d71a03f'],44,,,,,,,,,,,,,,,,,,Mali,4930,00:38:44.564,Pass,
,,,,,,,,,,,,,1.510094,,,,,,,,,,,,7d816841-cd27-429a-b600-8995bcd35c28,1131,,"[70.8, 68.4]",3920417,38,,,,-2.7886024,,Right Foot,,,,"[57.5, 63.5]",Ground Pass,,14.17392,,,Boubakar Kouyate,23331.0,,,,,,,1,From Throw In,Hamari Traoré,3248.0,Right Back,71,Mali,4930,['028da7ae-8d73-4960-9bc5-5a6fd8cb5d55'],46,,,,,,,,,,,,,,,,,,Mali,4930,00:38:46.005,Pass,
,,,,,,,,,,,,,1.416649,,,,,,,,,,,,8d0e4408-3235-41cd-b46d-e30e8fc9fc01,1134,,"[57.9, 54.6]",3920417,38,,,,1.2539718,,Left Foot,,,,"[63.9, 72.9]",Ground Pass,,19.258505,,,Hamari Traoré,3248.0,,,,,,,1,From Throw In,Boubakar Kouyate,23331.0,Right Center Back,71,Mali,4930,['9ad62715-7347-4d0c-b89d-37033579d8f4'],52,,,,,,,,,,,,,,,,,,Mali,4930,00:38:52.843,Pass,
,,,,,,,,,,,,,1.47243,,,,,,,,,,,,9c80a91f-106b-4cc6-9d4b-8f58bfd94c50,1137,,"[63.6, 72.6]",3920417,38,,,,-2.5186837,,Right Foot,,,,"[49.4, 62.4]",Ground Pass,,17.483707,,,Boubakar Kouyate,23331.0,,,,,,,1,From Throw In,Hamari Traoré,3248.0,Right Back,71,Mali,4930,['fc193e3d-1f70-4e79-9f90-17635b5bc294'],55,,,,,,,,,,,,,,,,,,Mali,4930,00:38:55.911,Pass,
,,,,,,,,,,,,,1.104183,,,,,,,,,,,,e27b7fad-46d8-46ee-8931-38f4d108b9f4,1140,,"[47.9, 57.4]",3920417,38,,,,-1.5647904,,Right Foot,,,,"[48.1, 24.1]",Ground Pass,,33.300602,,,Sikou Niakate,7295.0,,,,,,,1,From Throw In,Boubakar Kouyate,23331.0,Right Center Back,71,Mali,4930,['6089b3ce-484d-4ede-bcb8-60b25f47ecb2'],59,,,,,,,,,,,,,,,,,,Mali,4930,00:38:59.279,Pass,
,,,,,,,,,,,,,1.186978,,,,,,,,,,,,c81f2b66-a13e-403a-9f38-d827b41d8bf9,1143,,"[48.3, 23.7]",3920417,39,,,,1.7476137,,Left Foot,,,,"[42.6, 55.6]",Ground Pass,,32.405247,,,Boubakar Kouyate,23331.0,,,,,,,1,From Throw In,Sikou Niakate,7295.0,Left Center Back,71,Mali,4930,['57ade632-3d20-4422-a981-b8fa0b39c066'],1,,,,,,,,,,,,,,,,,,Mali,4930,00:39:01.412,Pass,
,,,,,,,,,,,,,1.149353,,,,,,,,,,,,a8b4654f-e014-4db5-9a68-baf1aa424036,1146,,"[43.4, 56.2]",3920417,39,,,,0.98279375,,Right Foot,,,,"[53.4, 71.2]",Ground Pass,,18.027756,,,Hamari Traoré,3248.0,,,,,,,1,From Throw In,Boubakar Kouyate,23331.0,Right Center Back,71,Mali,4930,['20cdaac7-6822-47d1-8ef0-0b6a55e933bf'],4,,,,,,,,,,,,,,,,,,Mali,4930,00:39:04.122,Pass,
,,,,,,,,,,,,,1.642838,,,,,,,,,,,,ebea5db6-dbc0-4422-b64f-53d64ce00258,1149,,"[53.1, 71.2]",3920417,39,,,,-2.4313216,,Right Foot,,,,"[43.1, 62.6]",Ground Pass,,13.189389,,,Boubakar Kouyate,23331.0,,,,,,,1,From Throw In,Hamari Traoré,3248.0,Right Back,71,Mali,4930,['4dfe1ba9-b97d-4dae-8a06-f820189097ca'],6,,,,,,,,,,,,,,,,,,Mali,4930,00:39:06.841,Pass,
,,,,,,,,,,,,,1.012408,,,,,,,,,,,,71a9c117-8c93-49f1-9b27-4e764fccf23c,1152,,"[42.3, 58.2]",3920417,39,,,,-0.80622846,,Right Foot,,,,"[56.4, 43.5]",Ground Pass,,20.369095,,,Aliou Dieng,67714.0,,,,,,,1,From Throw In,Boubakar Kouyate,23331.0,Right Center Back,71,Mali,4930,['3e24f4cb-74fc-418f-81cb-655576292dde'],10,,,,,,,,,,,,,,,,,,Mali,4930,00:39:10.940,Pass,
,,,,,,,,,,,,,1.667114,,,,,,,,,,,,db517021-8a72-4897-95b3-08e3ccd55e81,1155,,"[57.8, 56.2]",3920417,39,,,,1.2761476,,Left Foot,,,,"[63.9, 76.3]",Ground Pass,,21.005238,,,Hamari Traoré,3248.0,,,,,,,1,From Throw In,Aliou Dieng,67714.0,Right Defensive Midfield,71,Mali,4930,['a72cfd68-1260-4621-b40b-61c8a7e034fb'],15,,,,,,,,,,,,,,,,,,Mali,4930,00:39:15.065,Pass,
,,,,,,,,,,,,,1.099448,,,,,,,,,,,,8145c9dd-6a56-4f05-84da-274cf01b639e,1158,,"[69.7, 74.9]",3920417,39,,,,-2.204589,,Right Foot,,,,"[63.6, 66.6]",Ground Pass,,10.300486,,,Aliou Dieng,67714.0,,,,,,,1,From Throw In,Hamari Traoré,3248.0,Right Back,71,Mali,4930,['ae489585-88bf-4467-b8ef-d167b8fb28b6'],19,,,,,,,,,,,,,,,,,,Mali,4930,00:39:19.166,Pass,
,,,,,,,,,,,,,1.189689,,,,,,,,,,,,ae2daf2d-3026-4162-b4a7-405b7d7b3f7a,1161,,"[63.1, 65.7]",3920417,39,,,,-2.5081668,,Right Foot,,,,"[50.3, 56.3]",Ground Pass,,15.880806,,,Boubakar Kouyate,23331.0,,,,,,,1,From Throw In,Aliou Dieng,67714.0,Right Defensive Midfield,71,Mali,4930,['a8c16663-ef0b-4d87-ab63-a7a3ef573eea'],23,,,,,,,,,,,,,,,,,,Mali,4930,00:39:23.409,Pass,
,,,,,,,,,,,,,1.269534,,,,,,,,,,,,91d4a785-0d9b-4cfc-ba02-176812af6b16,1164,,"[50.1, 54.1]",3920417,39,,,,-1.5916992,,Right Foot,,,,"[49.5, 25.4]",Ground Pass,,28.70627,,,Sikou Niakate,7295.0,,,,,,,1,From Throw In,Boubakar Kouyate,23331.0,Right Center Back,71,Mali,4930,['cc52911d-df19-4e17-be7f-524d9ccc67ed'],25,,,,,,,,,,,,,,,,,,Mali,4930,00:39:25.802,Pass,
,,,,,,,,,,,,,0.963661,,,,,,,,,,,,5521efbd-ebfe-4b10-87e0-b345fdb76c01,1167,,"[48.6, 11.6]",3920417,39,,,,-0.8012698,,Left Foot,,,,"[54.8, 5.2]",Ground Pass,,8.910667,,,Moussa Diarra,32952.0,,,,,,,1,From Throw In,Sikou Niakate,7295.0,Left Center Back,71,Mali,4930,['18f534af-cb82-4893-8dd1-66f1399d39ca'],29,,,,,,,,,,,,,,,,,,Mali,4930,00:39:29.563,Pass,
,,,,,,,,,,,,,0.744478,,,,,,,,,,,,25b1d8bd-0ded-4284-9fb1-c189c580f049,1171,,"[51.2, 5.7]",3920417,39,,,,1.6411927,,Right Foot,,,,"[50.1, 21.3]",Ground Pass,,15.638734,,,Yves Bissouma,4385.0,,,,,,,1,From Throw In,Moussa Diarra,32952.0,Left Back,71,Mali,4930,"['c5544a92-9375-477c-aa06-87eb196ac757', 'dfd8db95-f8bc-4cdd-900e-c0543e7a5ae1']",31,,,,,,,,,,,,,,,,,,Mali,4930,00:39:31.782,Pass,True
,,,,,,,,,,,,,0.935499,,,,,,,,,,,,f08a381e-1217-4f22-8803-abbf3a199ed5,1175,,"[50.0, 5.4]",3920417,39,,,,3.1175973,,Right Foot,,,,"[37.5, 5.7]",Ground Pass,,12.503599,,,Sikou Niakate,7295.0,,,,,,,1,From Throw In,Yves Bissouma,4385.0,Left Defensive Midfield,71,Mali,4930,['be1606d7-5138-4b5f-b768-199534e34be7'],36,,,,,,,,,,,,,,,,,,Mali,4930,00:39:36.869,Pass,
,,,,,,,,,,,,,0.990757,,,,,,,,,,,,b4a8a08f-0202-44f4-acd5-da2facc319dd,1177,,"[36.2, 7.3]",3920417,39,,,,0.94779706,,Left Foot,,,,"[43.6, 17.6]",Ground Pass,,12.682665,,,Nene Dorgeles,199653.0,,,,,,,1,From Throw In,Sikou Niakate,7295.0,Left Center Back,71,Mali,4930,['d0840a38-acd1-4333-810f-ff28101e5329'],37,,,,,,,,,,,,,,,,,,Mali,4930,00:39:37.805,Pass,
,,,,,,,,,,,,,1.781693,,,,,,,,,,,,5c8c8e06-a3d2-4fb9-8436-7dd641540bc3,1180,,"[48.3, 24.9]",3920417,39,,,,1.7882338,,Left Foot,,,,"[42.6, 50.7]",Ground Pass,,26.42215,,,Boubakar Kouyate,23331.0,,,,,,,1,From Throw In,Nene Dorgeles,199653.0,Left Midfield,71,Mali,4930,['bb0bd1eb-4b37-4078-a8e6-352d901088d7'],40,,,,,,,,,,,,,,,,,,Mali,4930,00:39:40.094,Pass,
,,,,,,,,,,,,,2.324285,,,,,,,,,,,,e7589042-b3ee-484b-9230-66c9d4298899,1183,,"[43.6, 56.0]",3920417,39,,,,0.6161982,,Right Foot,,,,"[71.7, 75.9]",Ground Pass,,34.432835,,,Fousseni Diabaté,3710.0,,,,,,,1,From Throw In,Boubakar Kouyate,23331.0,Right Center Back,71,Mali,4930,['7ba8e472-724f-4505-94c9-2e968cdfb257'],43,,,,,,,,,,,,,,,,,,Mali,4930,00:39:43.198,Pass,
,,,,,,,,,,,,,1.528826,,,,,,,,,,,,c3eeb991-16b1-45d2-b0dd-9b39b6b4cb72,1186,,"[89.4, 71.2]",3920417,39,,,,0.124354996,,Left Foot,,,,"[109.4, 73.7]",Ground Pass,,20.155643,,,Hamari Traoré,3248.0,,,,,,,1,From Throw In,Fousseni Diabaté,3710.0,Right Midfield,71,Mali,4930,['4219f595-fe57-47a7-a51c-b170ac26add7'],48,,,,,,,,,,,,,,,,,,Mali,4930,00:39:48.432,Pass,
,,,,,,,,,,,,,1.788868,,,,,,,,,,,,5fb72309-64f1-43a1-a0d4-3c8f72f8f111,1189,,"[110.6, 73.7]",3920417,39,,,,-1.6819983,,Right Foot,True,,,"[106.1, 33.4]",High Pass,,40.55046,Incomplete,,Nene Dorgeles,199653.0,,,True,,,,1,From Throw In,Hamari Traoré,3248.0,Right Back,71,Mali,4930,"['89132cbf-41ce-4469-9992-c300d3948687', 'af7c4bec-9658-4548-b83f-03963ed7115f']",50,,,,,,,,,,,,,,,,,,Mali,4930,00:39:50.016,Pass,
,,,,,,,,,,,,,2.470882,,,,,,,,,,,,e178f2ee-941a-4432-9025-fdb80aae7adb,1192,,"[27.8, 47.7]",3920417,39,,,,1.48642,,Right Foot,,,,"[29.5, 67.8]",High Pass,,20.171762,,,Muzeu Bethuel,389319.0,,,,,,Recovery,1,From Throw In,Peter Shalulile,65723.0,Center Forward,71,Mali,4930,['0bd9e77d-a57d-4f68-82b5-93510ce86e06'],54,,,,,,,,,,,,,,,,,,Namibia,4980,00:39:54.023,Pass,
,,,,,,,,,,,,,1.617998,,,,,,,,,,,,8950b8af-a182-4bd5-a78c-c51ac215fc3e,1195,,"[30.3, 67.0]",3920417,39,,,,-0.004484275,,Right Foot,,,,"[52.6, 66.9]",Ground Pass,,22.300224,Incomplete,,Prins Menelik Tjiueza,103803.0,,,,,,,1,From Throw In,Muzeu Bethuel,389319.0,Right Midfield,71,Mali,4930,"['8bb7ea85-28ba-48cb-80c8-aa6f0fde6a37', '9391c0ca-22de-48d9-9483-2a3752fcdc3d']",56,,,,,,,,,,,,,,,,,,Namibia,4980,00:39:56.775,Pass,
,,,,,,,,,,,,,1.848827,,,,,,,,,,,,d21085a4-7955-4a72-b627-11684be0fa27,1198,,"[47.0, 80.0]",3920417,40,,,,-0.24347942,,,,,,"[78.4, 72.2]",High Pass,,32.35429,Incomplete,,Muzeu Bethuel,389319.0,,,,,,Throw-in,1,From Throw In,Ivan Kamberipa,103799.0,Right Back,72,Namibia,4980,"['b7b520ec-756d-465e-887a-6418838091d9', '63c3035a-8735-4ea0-8e6d-1689e4738a86']",19,,,,,,,,,,,,,,,,,,Namibia,4980,00:40:19.324,Pass,
,,,,,,,,,,,,,1.227849,,,,,,,,,,,,63c3035a-8735-4ea0-8e6d-1689e4738a86,1201,,"[41.7, 7.9]",3920417,40,,,True,-0.17787527,,,,,,"[50.6, 6.3]",High Pass,,9.042677,,,Nene Dorgeles,199653.0,,,,,,Recovery,1,Regular Play,Moussa Diarra,32952.0,Left Back,73,Mali,4930,"['d21085a4-7955-4a72-b627-11684be0fa27', '633e9d88-78c3-4b77-b257-55090aec52a9', '8c21927b-8e99-40ea-aec1-a63622acbaab']",21,,,,,,,,,,,,,,,,,,Mali,4930,00:40:21.173,Pass,True
,,,,,,,,,,,,,2.143636,,,,,,,,,,,,2e51ec70-a86d-4a0e-9fef-f5e5ee2a064c,1203,,"[50.3, 6.3]",3920417,40,,,,2.8806882,,Head,,,,"[29.7, 11.8]",Low Pass,,21.321585,,,Sikou Niakate,7295.0,,,,,,,1,Regular Play,Nene Dorgeles,199653.0,Left Midfield,73,Mali,4930,['33dbe176-9388-460b-9603-3154ee61af8f'],22,,,,,,,,,,,,,,,,,,Mali,4930,00:40:22.470,Pass,
,,,,,,,,,,,,,1.903417,,,,,,,,,,,,480947ea-7014-40fc-a4f1-6cfe37480dfe,1207,,"[27.8, 11.2]",3920417,40,,,,2.2763646,,Left Foot,,,,"[11.7, 30.1]",Ground Pass,,24.827806,,,Djigui Diarra,102992.0,,,,,,,1,Regular Play,Sikou Niakate,7295.0,Left Center Back,73,Mali,4930,['2ea936fc-528c-466d-8057-b6c216b05f2b'],25,,,,,,,,,,,,,,,,,,Mali,4930,00:40:25.006,Pass,
,,,,,,,,,,,,,2.048635,,,,,,,,,,,,722b58d3-2b9c-4963-aaea-74adc2d3945e,1210,,"[10.8, 35.2]",3920417,40,,,,0.97501177,,Right Foot,,,,"[34.8, 70.6]",Ground Pass,,42.76868,,,Hamari Traoré,3248.0,,,,,,,1,Regular Play,Djigui Diarra,102992.0,Goalkeeper,73,Mali,4930,['30c99380-69dc-4282-ac90-52fe0bc478cd'],28,,,,,,,,,,,,,,,,,,Mali,4930,00:40:28.020,Pass,
,,,,,,,,,,,,,1.72211,,,,,,,,,,,,ba88c19a-7450-4bd9-8ed2-8c9fa8ef1e52,1213,,"[37.6, 76.8]",3920417,40,,,,-2.3709426,,Left Foot,,,,"[20.4, 60.1]",Ground Pass,,23.973528,,,Boubakar Kouyate,23331.0,,,,,,,1,Regular Play,Hamari Traoré,3248.0,Right Back,73,Mali,4930,['730ad98f-5942-4b99-98b0-642cedbcc23b'],33,,,,,,,,,,,,,,,,,,Mali,4930,00:40:33.495,Pass,
,,,,,,,,,,,,,1.115481,,,,,,,,,,,,dbb2042a-55a5-4e22-9b03-f6666e91e0e5,1216,,"[22.0, 55.6]",3920417,40,,,,-1.1009665,,Right Foot,,,,"[35.1, 29.8]",Ground Pass,,28.935272,,,Yves Bissouma,4385.0,,,,,,,1,Regular Play,Boubakar Kouyate,23331.0,Right Center Back,73,Mali,4930,['d50986df-d492-452a-a44c-5487105cb800'],37,,,,,,,,,,,,,,,,,,Mali,4930,00:40:37.362,Pass,
,,,,,,,,,,,,,0.985804,,,,,,,,,,,,905b5cce-5118-4ad8-9ff2-49f291a1fe6c,1219,,"[36.2, 28.7]",3920417,40,,,,-1.8742563,,Right Foot,,,,"[33.1, 18.8]",Ground Pass,,10.374006,,,Sikou Niakate,7295.0,,,,,,,1,Regular Play,Yves Bissouma,4385.0,Left Defensive Midfield,73,Mali,4930,['5ccbed41-4010-4628-93ec-9e4463e5a2b8'],39,,,,,,,,,,,,,,,,,,Mali,4930,00:40:39.634,Pass,
,,,,,,,,,,,,,1.232764,,,,,,,,,,,,ee82f2d4-c072-429e-bbe4-6713055fde81,1222,,"[40.4, 15.7]",3920417,40,,,,-1.359703,,Left Foot,,,,"[42.2, 7.3]",Ground Pass,,8.5906925,,,Moussa Diarra,32952.0,,,,,,,1,Regular Play,Sikou Niakate,7295.0,Left Center Back,73,Mali,4930,['7399b2ef-448c-4bf7-a650-ba778eff7daa'],42,,,,,,,,,,,,,,,,,,Mali,4930,00:40:42.612,Pass,
,,,,,,,,,,,,,0.84657,,,,,,,,,,,,d0a79331-5a50-411b-9456-8d5be5fc8e70,1225,,"[42.6, 7.0]",3920417,40,,,,-0.0924189,,Left Foot,,,,"[63.1, 5.1]",Ground Pass,,20.58786,,,Nene Dorgeles,199653.0,,,,,,,1,Regular Play,Moussa Diarra,32952.0,Left Back,73,Mali,4930,['cb348be9-26a2-4f64-90ba-83e035924ea7'],45,,,,,,,,,,,,,,,,,,Mali,4930,00:40:45.710,Pass,
,,,,,,,,,,,,,1.739543,,,,,,,,,,,,b431f9bb-1549-4799-b57a-50a4d3c226d7,1228,,"[63.7, 3.2]",3920417,40,,,,2.7644496,,Left Foot,,,,"[48.3, 9.3]",Ground Pass,,16.564117,,,Moussa Diarra,32952.0,,,,,,,1,Regular Play,Nene Dorgeles,199653.0,Left Midfield,73,Mali,4930,['8258b7a3-79df-466b-8c9b-ad5f4426252f'],47,,,,,,,,,,,,,,,,,,Mali,4930,00:40:47.321,Pass,
,,,,,,,,,,,,,1.246761,,,,,,,,,,,,2ca1b5a3-b1d7-409a-aafc-331ebc1b15c1,1231,,"[48.7, 13.2]",3920417,40,,,,2.7864556,,Left Foot,,,,"[33.6, 18.8]",Ground Pass,,16.104969,,,Sikou Niakate,7295.0,,,,,,,1,Regular Play,Moussa Diarra,32952.0,Left Back,73,Mali,4930,['90ed69d1-2dd3-4b12-9e6d-306907d43418'],50,,,,,,,,,,,,,,,,,,Mali,4930,00:40:50.514,Pass,
,,,,,,,,,,,,,1.481199,,,,,,,,,,,,37084610-39c6-4311-a209-d4686fe2f4ab,1234,,"[35.8, 19.1]",3920417,40,,,,1.6031176,,Left Foot,,,,"[34.4, 62.4]",Ground Pass,,43.322628,,,Boubakar Kouyate,23331.0,,,True,,,,1,Regular Play,Sikou Niakate,7295.0,Left Center Back,73,Mali,4930,['9366cd53-ae0d-49f9-8026-827de6305d5b'],52,,,,,,,,,,,,,,,,,,Mali,4930,00:40:52.558,Pass,
,,,,,,,,,,,,,1.177601,,,,,,,,,,,,da6f5dbc-6e48-4051-90d6-b3b59eb0363a,1237,,"[35.6, 62.1]",3920417,40,,,,0.7934625,,Right Foot,,,,"[47.9, 74.6]",Ground Pass,,17.536818,,,Hamari Traoré,3248.0,,,,,,,1,Regular Play,Boubakar Kouyate,23331.0,Right Center Back,73,Mali,4930,['e914beec-daf2-4853-a6f7-eb3dda478dab'],55,,,,,,,,,,,,,,,,,,Mali,4930,00:40:55.293,Pass,
,,,,,,,,,,,,,1.115767,,,,,,,,,,,,d0a9666a-0d25-475f-a011-2c6e6dcb5166,1240,,"[47.5, 73.2]",3920417,40,,,,-0.8136392,,Right Foot,,,,"[56.1, 64.1]",Ground Pass,,12.520782,,,Aliou Dieng,67714.0,,,,,,,1,Regular Play,Hamari Traoré,3248.0,Right Back,73,Mali,4930,['87028abb-b39b-4bf5-bb2b-dabcb3cb0474'],57,,,,,,,,,,,,,,,,,,Mali,4930,00:40:57.911,Pass,
,,,,,,,,,,,,,4.946302,,,,,,,,,,,,f0414bde-f971-445d-9b5b-6c81b0981c66,1243,,"[56.1, 64.1]",3920417,41,,,,0.13892235,,Right Foot,,,,"[112.6, 72.0]",High Pass,,57.04963,Unknown,,Fousseni Diabaté,3710.0,,,,,,,1,Regular Play,Aliou Dieng,67714.0,Right Defensive Midfield,73,Mali,4930,['426488c8-b13b-4e60-8238-c4fe742725e0'],0,,,,,,,,,,,,,,,,,,Mali,4930,00:41:00.181,Pass,
,,,,,,,,,,,,,3.565067,,,,,,,,,,,,317b60b5-bd2f-4486-a026-2238580dee09,1248,,"[7.3, 7.6]",3920417,41,,,,0.1422942,,Right Foot,,,,"[77.8, 17.7]",High Pass,,71.2198,Incomplete,,Peter Shalulile,65723.0,,,,,,Free Kick,1,From Free Kick,Lloyd Junior Kazapua,125324.0,Goalkeeper,74,Namibia,4980,"['555149a1-1f48-4888-ab5e-b6670c644dd5', '9cfd1e81-fc78-4d73-b7a6-35b79d5fb8f0']",47,,,,,,,,,,,,,,,,,,Namibia,4980,00:41:47.066,Pass,
,,,,,,,,,,,,,2.41902,,,,,,,,,,,,555149a1-1f48-4888-ab5e-b6670c644dd5,1250,,"[42.3, 62.4]",3920417,41,,,,0.26362935,,Head,,,,"[64.9, 68.5]",High Pass,,23.408758,Incomplete,,Lassine Sinayoko,105182.0,,,,,,Recovery,1,From Free Kick,Aliou Dieng,67714.0,Right Defensive Midfield,74,Namibia,4980,"['101882ec-0a30-4f56-b0c3-72daa28d300c', '0edb9503-932e-4c2a-a75f-f8f0c19204f6', '317b60b5-bd2f-4486-a026-2238580dee09']",50,,,,,,,,,,,,,,,,,,Mali,4930,00:41:50.631,Pass,
,,,,,,,,,,,,,0.836271,,,,,,,,,,,,0edb9503-932e-4c2a-a75f-f8f0c19204f6,1253,,"[55.2, 11.6]",3920417,41,,,,0.2144717,,Left Foot,,,,"[65.3, 13.8]",Ground Pass,,10.336827,,,Ngero Kaanjuka Katua,389316.0,,,,,,Recovery,1,From Free Kick,Riaan Hanamub,65555.0,Left Back,74,Namibia,4980,"['5dbcd0c6-cf24-4feb-a7fa-952de51211fe', '555149a1-1f48-4888-ab5e-b6670c644dd5']",53,,,,,,,,,,,,,,,,,,Namibia,4980,00:41:53.051,Pass,
,,,,,,,,,,,,,0.9299,,,,,,,,,,,,4056ef5e-19d7-42c4-9522-6fcb3335ef79,1256,,"[70.0, 12.7]",3920417,41,,,,-0.27346098,,Left Foot,,,,"[86.4, 8.1]",High Pass,,17.03291,Incomplete,,Deon Hotto Kavendji,64612.0,,,,,,,1,From Free Kick,Ngero Kaanjuka Katua,389316.0,Left Center Midfield,74,Namibia,4980,"['5491b3f5-4e9f-4400-b038-0441e2f09e46', '0d92c061-e99a-432d-a85e-9b3e5ef26c02']",55,,,,,,,,,,,,,,,,,,Namibia,4980,00:41:55.453,Pass,
,,,,,,,,,,,,,2.131453,,,,,,,,,,,,f3226f42-27b9-4dfa-b847-70973eb9b3ec,1259,,"[84.7, 0.1]",3920417,42,,,,2.9297652,,,,,,"[56.8, 6.1]",Low Pass,,28.53787,,,Lubeni Haukongo,135004.0,,,,,,Throw-in,1,From Throw In,Riaan Hanamub,65555.0,Left Back,75,Namibia,4980,['7bbd244e-46d5-4bd1-bc85-2e60ff4de7af'],11,,,,,,,,,,,,,,,,,,Namibia,4980,00:42:11.834,Pass,
,,,,,,,,,,,,,2.04,,,,,,,,,,,,b2facf96-b2bc-48f0-abba-898b58508c72,1262,,"[55.6, 6.4]",3920417,42,,,,1.5855445,,Left Foot,,,,"[55.1, 40.3]",Ground Pass,,33.903687,,,Kennedy Amutenya,264381.0,,,,,,,1,From Throw In,Lubeni Haukongo,135004.0,Left Center Back,75,Namibia,4980,['cd4df091-9b59-4150-a084-ea64483d8b9f'],15,,,,,,,,,,,,,,,,,,Namibia,4980,00:42:15.391,Pass,
,,,,,,,,,,,,,1.68,,,,,,,,,,,,5375da07-1e3b-46e3-b3ca-ce743160b92c,1266,,"[55.6, 42.2]",3920417,42,,,,-1.6353325,,Right Foot,,,,"[53.7, 12.8]",Ground Pass,,29.46133,,,Lubeni Haukongo,135004.0,,,,,,,1,From Throw In,Kennedy Amutenya,264381.0,Right Center Back,75,Namibia,4980,"['9d194d95-7250-4a13-946c-a599f4cc6daf', 'e6829171-9a41-47b1-a113-48589e926ae7']",19,,,,,,,,,,,,,,,,,,Namibia,4980,00:42:19.275,Pass,True
,,,,,,,,,,,,,4.31065,,,,,,,,,,,,18cbcce8-9622-4431-b396-8d21cf06165a,1269,,"[53.1, 13.5]",3920417,42,,,,-0.2297284,,Left Foot,,,,"[110.4, 0.1]",High Pass,,58.845985,Out,,Deon Hotto Kavendji,64612.0,,,,,,,1,From Throw In,Lubeni Haukongo,135004.0,Left Center Back,75,Namibia,4980,['bd15142e-7edb-43c3-b1b3-5481d9e501cc'],22,,,,,,,,,,,,,,,,,,Namibia,4980,00:42:22.317,Pass,
,,,,,,,,,,,,,1.453247,,,,,,,,,,,,69936f87-4a04-420d-b1ab-196ca705ca49,1271,,"[12.9, 80.0]",3920417,42,,,,-0.4636476,,,,,,"[23.9, 74.5]",High Pass,,12.298374,,,Fousseni Diabaté,3710.0,,,,,,Throw-in,1,From Throw In,Hamari Traoré,3248.0,Right Back,76,Mali,4930,['69404a01-1317-4724-8ad5-666d1e280f00'],49,,,,,,,,,,,,,,,,,,Mali,4930,00:42:49.020,Pass,
,,,,,,,,,,,,,1.07431,,,,,,,,,,,,2f0122fe-97eb-44bb-b4ad-bebe09954b4c,1273,,"[25.7, 75.8]",3920417,42,,,,-0.32175055,,Head,,,,"[53.9, 66.4]",Low Pass,,29.72541,Incomplete,,Lassine Sinayoko,105182.0,,,,,,,1,From Throw In,Fousseni Diabaté,3710.0,Right Midfield,76,Mali,4930,"['3495120a-e109-4bd9-84c4-6a23c837a763', 'f5e1601f-4776-48aa-bb90-1ae42cfdfc7c']",50,,,,,,,,,,,,,,,,,,Mali,4930,00:42:50.522,Pass,
,,,,,,,,,,,,,1.160451,,,,,,,,,,,,2075d0d9-8a0f-4236-925a-c59242bc4efb,1277,,"[66.1, 14.1]",3920417,42,,,,0.13953671,,Left Foot,,,,"[83.9, 16.6]",Low Pass,,17.974705,,,Ngero Kaanjuka Katua,389316.0,,,,,,,1,Regular Play,Aprocious Petrus,136406.0,Center Defensive Midfield,77,Namibia,4980,['872df7c9-3bc9-4ebe-8919-012786d03e36'],52,,,,,,,,,,,,,,,,,,Namibia,4980,00:42:52.025,Pass,
,,,,,,,,,,,,,1.288301,,,,,,,,,,,,6783bc69-1ea9-4367-bf78-bb11ec373e33,1283,,"[87.0, 14.7]",3920417,43,,,,0.77224106,,Left Foot,True,,,"[110.1, 37.2]",High Pass,,32.24686,Incomplete,,Peter Shalulile,65723.0,,,,,,Free Kick,1,From Free Kick,Riaan Hanamub,65555.0,Left Back,78,Namibia,4980,"['feff7cba-0f6b-4798-9d1a-4efc771967d7', '84b0d98b-378d-418c-ab35-9365067f9265']",35,,,,,,,,,,,,,,,,,,Namibia,4980,00:43:35.407,Pass,
,,,,,,,,,,,,,1.750279,,,,,,,,,,,,df477861-5f54-474f-a1fa-14df572b1f01,1289,,"[98.9, 38.3]",3920417,43,,,,0.45881674,,Right Foot,,,,"[107.2, 42.4]",High Pass,,9.257429,Incomplete,,Aprocious Petrus,136406.0,,,,,,Recovery,1,From Free Kick,Ivan Kamberipa,103799.0,Right Back,78,Namibia,4980,"['effd1abe-916b-4504-b197-d33653262ee8', '107e4567-644d-4c9b-ab4d-790606e7b73a']",39,,,,,,,,,,,,,,,,,,Namibia,4980,00:43:39.599,Pass,
,,,,,,,,,,,,,2.784618,,,,,,,,,,,,acb3cac4-99b3-4163-8e4b-fe04852cb982,1299,,"[57.2, 46.9]",3920417,43,,,,-2.700842,,Left Foot,,,,"[25.4, 31.9]",Low Pass,,35.160206,,,Lloyd Junior Kazapua,125324.0,,,,,,Recovery,1,From Free Kick,Deon Hotto Kavendji,64612.0,Left Midfield,78,Namibia,4980,['39b8f2c3-c01b-465d-ae7e-60642ee1e378'],48,,,,,,,,,,,,,,,,,,Namibia,4980,00:43:48.078,Pass,
,,,,,,,,,,,,,2.960998,,,,,,,,,,,,083b1a42-73f9-4800-abca-8a53a9d66e99,1302,,"[26.2, 35.0]",3920417,43,,,,0.65703934,,Right Foot,,,,"[76.5, 73.8]",High Pass,,63.52582,,,Ivan Kamberipa,103799.0,,,,,,,1,From Free Kick,Lloyd Junior Kazapua,125324.0,Goalkeeper,78,Namibia,4980,['2667dea3-fd73-48be-a44b-398a5c5321fa'],52,,,,,,,,,,,,,,,,,,Namibia,4980,00:43:52.432,Pass,
,,,,,,,,,,,,,1.869415,,,,,,,,,,,,dd9a4b22-b140-4904-8957-caa74c09ecc1,1306,,"[51.5, 0.1]",3920417,44,,,,2.4764173,,,,,,"[34.8, 13.2]",Low Pass,,21.224985,,,Sikou Niakate,7295.0,,,,,,Throw-in,1,From Throw In,Moussa Diarra,32952.0,Left Back,79,Mali,4930,['6031584c-7519-4347-9975-692388e33711'],9,,,,,,,,,,,,,,,,,,Mali,4930,00:44:09.956,Pass,
,,,,,,,,,,,,,2.92464,,,,,,,,,,,,596ee159-d232-4994-b122-9d339e955800,1309,,"[36.4, 13.7]",3920417,44,,,,1.4635702,,Left Foot,,,,"[42.6, 71.3]",High Pass,,57.93272,,,Hamari Traoré,3248.0,,,True,,,,1,From Throw In,Sikou Niakate,7295.0,Left Center Back,79,Mali,4930,['cec0dcd2-1b56-459d-9786-0915e466733d'],14,,,,,,,,,,,,,,,,,,Mali,4930,00:44:14.423,Pass,
,,,,,,,,,,,,,1.07145,,,,,,,,,,,,b5a6a862-0f4e-4156-aeba-f25b3574a3de,1312,,"[42.8, 68.7]",3920417,44,,,,0.42934734,,Left Foot,,,,"[59.4, 76.3]",Ground Pass,,18.257053,,,Fousseni Diabaté,3710.0,,,,,,,1,From Throw In,Hamari Traoré,3248.0,Right Back,79,Mali,4930,['7b81184f-df82-4070-b445-5ec9b8c44f4e'],20,,,,,,,,,,,,,,,,,,Mali,4930,00:44:20.218,Pass,
,,,,,,,,,,,,,1.800083,,,,,,,,,,,,c981ed9d-a984-4671-80d9-f91c287e1148,1315,,"[59.8, 76.2]",3920417,44,,,,-2.5844684,,Left Foot,,,,"[41.5, 64.8]",Ground Pass,,21.56038,,,Boubakar Kouyate,23331.0,,,,,,,1,From Throw In,Fousseni Diabaté,3710.0,Right Midfield,79,Mali,4930,['c655fee3-a355-4185-8865-fbfcd9e17d0e'],23,,,,,,,,,,,,,,,,,,Mali,4930,00:44:23.423,Pass,
,,,,,,,,,,,,,1.494608,,,,,,,,,,,,75aedac9-7222-497a-8e96-ab27d23dbeda,1318,,"[42.8, 60.7]",3920417,44,,,,-1.5707964,,Right Foot,,,,"[42.8, 25.9]",Ground Pass,,34.8,,,Sikou Niakate,7295.0,,,,,,,1,From Throw In,Boubakar Kouyate,23331.0,Right Center Back,79,Mali,4930,['9809843b-f8f2-4d6b-8d67-e1bfa9d447e1'],26,,,,,,,,,,,,,,,,,,Mali,4930,00:44:26.881,Pass,
,,,,,,,,,,,,,1.776468,,,,,,,,,,,,68aa6a12-bd2a-43ef-b388-dc5ede9192d4,1321,,"[42.8, 25.9]",3920417,44,,,,1.3599688,,Left Foot,,,,"[48.3, 51.6]",Ground Pass,,26.281933,,,Boubakar Kouyate,23331.0,,,,,,,1,From Throw In,Sikou Niakate,7295.0,Left Center Back,79,Mali,4930,['8d67d932-48d2-4e24-bfdd-6ae8ae5f7b28'],31,,,,,,,,,,,,,,,,,,Mali,4930,00:44:31.260,Pass,
,,,,,,,,,,,,,1.615336,,,,,,,,,,,,9b781f39-c04d-462a-9ade-b322ad2a70c6,1324,,"[55.4, 47.1]",3920417,44,,,,-1.6687478,,Right Foot,,,,"[53.7, 29.8]",Ground Pass,,17.383326,,,Sikou Niakate,7295.0,,,,,,,1,From Throw In,Boubakar Kouyate,23331.0,Right Center Back,79,Mali,4930,['c47fa02c-9db2-4484-b85a-01b84dbc7d35'],39,,,,,,,,,,,,,,,,,,Mali,4930,00:44:39.144,Pass,
,,,,,,,,,,,,,1.318701,,,,,,,,,,,,a7d729e5-73eb-4bed-aaac-7564e96d43ed,1327,,"[55.3, 27.9]",3920417,44,,,,-0.4636476,,Left Foot,,,,"[63.1, 24.0]",Ground Pass,,8.720665,,,Yves Bissouma,4385.0,,,,,,,1,From Throw In,Sikou Niakate,7295.0,Left Center Back,79,Mali,4930,['e6fe25e6-c11c-4fc8-b134-2aba98ab6d50'],41,,,,,,,,,,,,,,,,,,Mali,4930,00:44:41.040,Pass,
,,,,,,,,,,,,,1.106168,,,,,,,,,,,,742ae27b-b078-4673-8804-e742d276ed5e,1330,,"[64.7, 21.6]",3920417,44,,,,2.6649165,,Right Foot,,,,"[52.5, 27.9]",Ground Pass,,13.730622,,,Sikou Niakate,7295.0,,,,,,,1,From Throw In,Yves Bissouma,4385.0,Left Defensive Midfield,79,Mali,4930,['2eeab2c9-5b2f-4342-a47e-a17e40319879'],42,,,,,,,,,,,,,,,,,,Mali,4930,00:44:42.410,Pass,
,,,,,,,,,,,,,1.648711,,,,,,,,,,,,795456ac-3e66-499f-9824-923b52a0b8d1,1333,,"[52.0, 29.3]",3920417,44,,,,1.5176146,,Left Foot,,,,"[53.4, 55.6]",Ground Pass,,26.337236,,,Boubakar Kouyate,23331.0,,,,,,,1,From Throw In,Sikou Niakate,7295.0,Left Center Back,79,Mali,4930,['9bcc049e-7bff-407a-9f3e-2df2b62cb18d'],45,,,,,,,,,,,,,,,,,,Mali,4930,00:44:45.023,Pass,
,,,,,,,,,,,,,1.809652,,,,,,,,,,,,72d2af9e-8cdf-4f48-994b-f8eaa3b779f0,1336,,"[58.6, 57.9]",3920417,44,,,,0.7386004,,Right Foot,,,,"[77.6, 75.2]",Ground Pass,,25.696108,,,Fousseni Diabaté,3710.0,,,,,,,1,From Throw In,Boubakar Kouyate,23331.0,Right Center Back,79,Mali,4930,['043c3b27-bbf8-4e01-a24d-c6a96d936379'],48,,,,,,,,,,,,,,,,,,Mali,4930,00:44:48.203,Pass,
,,,,,,,,,,,,,1.247567,,,,,,,,,,,,159e5a6b-e8b7-4a53-b780-b8b49ba2446b,1340,,"[76.2, 75.7]",3920417,44,,,,-2.785224,,Left Foot,,,,"[62.5, 70.6]",Ground Pass,,14.618482,,,Boubakar Kouyate,23331.0,,,,,,,1,From Throw In,Fousseni Diabaté,3710.0,Right Midfield,79,Mali,4930,"['82659920-8b16-4f85-a65d-af64ecddad5a', '58d70b4a-6828-48fa-ae6a-a762d419168a']",51,,,,,,,,,,,,,,,,,,Mali,4930,00:44:51.278,Pass,True
,,,,,,,,,,,,,3.105043,,,,,,,,,,,,c68bd050-cd5c-4297-b093-4c87d2b699a1,1343,,"[64.7, 70.4]",3920417,44,,,,-2.7623212,,Right Foot,,,,"[22.8, 53.7]",Low Pass,,45.10543,,,Djigui Diarra,102992.0,,,,,,,1,From Throw In,Boubakar Kouyate,23331.0,Right Center Back,79,Mali,4930,['85db4bc0-6d5b-408f-8e6e-a1a00fcc10c2'],54,,,,,,,,,,,,,,,,,,Mali,4930,00:44:54.188,Pass,
,,,,,,,,,,,,,1.573126,,,,,,,,,,,,fc53273c-0d5c-4ddf-afaf-f8755a4895e8,1346,,"[20.4, 53.7]",3920417,44,,,,-1.1112809,,Right Foot,,,,"[34.8, 24.6]",Ground Pass,,32.467983,,,Sikou Niakate,7295.0,,,,,,,1,From Throw In,Djigui Diarra,102992.0,Goalkeeper,79,Mali,4930,['e21f0fb9-a747-4d35-b52c-94d5bdaac7a5'],59,,,,,,,,,,,,,,,,,,Mali,4930,00:44:59.111,Pass,
,,,,,,,,,,,,,4.710765,,,,,,,,,,,,ab3c4f41-193d-41b2-b205-63cf2124202d,1349,,"[48.1, 31.8]",3920417,45,,,,0.52867955,,Left Foot,,,,"[120.0, 73.8]",High Pass,,83.2683,Out,,Fousseni Diabaté,3710.0,,,True,,,,1,From Throw In,Sikou Niakate,7295.0,Left Center Back,79,Mali,4930,['a4bb911e-1bfb-4941-946c-31c83b17a4da'],3,,,,,,,,,,,,,,,,,,Mali,4930,00:45:03.948,Pass,
,,,,,,,,,,,,,3.990016,,,,,,,,,,,,c6fdce64-da3b-482e-b510-f5ec2fad63d1,1351,,"[6.0, 36.0]",3920417,45,,,,-0.20170479,,Right Foot,,,,"[81.8, 20.5]",High Pass,,77.36853,Pass Offside,,Peter Shalulile,65723.0,,,,,,Goal Kick,1,From Goal Kick,Lloyd Junior Kazapua,125324.0,Goalkeeper,80,Namibia,4980,['988f4583-ccfc-4760-a3ac-44aeec7af015'],39,,,,,,,,,,,,,,,,,,Namibia,4980,00:45:39.843,Pass,
,,,,,,,,,,,,,0.32679,,,,,,,,,,,,cb558251-7656-4175-bd24-690016ac19bf,1353,,"[41.1, 62.1]",3920417,45,True,,,-2.1269627,,Right Foot,,,,"[34.2, 51.0]",Ground Pass,,13.069813,,,Hamari Traoré,3248.0,,,,,,Free Kick,1,From Free Kick,Boubakar Kouyate,23331.0,Right Center Back,81,Mali,4930,['b5fb5249-54f2-4be7-85be-f426630b58ea'],52,,,,,,,,,,,,,,,,,,Mali,4930,00:45:52.017,Pass,
,,,,,,,,,,,,,1.236297,,,,,,,,,,,,4a63ad51-a993-4641-9b53-df3fdc617f5b,1355,,"[42.3, 63.2]",3920417,45,,,,-1.8536972,,Right Foot,,,,"[34.8, 37.4]",Ground Pass,,26.868011,,,Sikou Niakate,7295.0,,,,,,,1,From Free Kick,Hamari Traoré,3248.0,Right Back,81,Mali,4930,['94d9bb65-1ed5-47e4-b1db-c9c3ad9d88d1'],52,,,,,,,,,,,,,,,,,,Mali,4930,00:45:52.989,Pass,
,,,,,,,,,,,,,1.609943,,,,,,,,,,,,3d126f7d-5642-41d4-bcd9-e3c4b1c324e9,1358,,"[34.8, 36.5]",3920417,45,,,,-1.2179998,,Left Foot,,,,"[43.6, 12.6]",Ground Pass,,25.468609,,,Moussa Diarra,32952.0,,,,,,,1,From Free Kick,Sikou Niakate,7295.0,Left Center Back,81,Mali,4930,['3015099c-7882-4521-9848-63c485f0485b'],55,,,,,,,,,,,,,,,,,,Mali,4930,00:45:55.615,Pass,
,,,,,,,,,,,,,1.178938,,,,,,,,,,,,df66a223-ec28-4cf6-81d9-13b610215c37,1361,,"[48.7, 8.5]",3920417,45,,,,-0.13874249,,Left Foot,,,,"[70.9, 5.4]",Ground Pass,,22.415396,,,Nene Dorgeles,199653.0,,,,,,,1,From Free Kick,Moussa Diarra,32952.0,Left Back,81,Mali,4930,['738ab2ab-24fc-43a0-8160-2659eef61c7d'],58,,,,,,,,,,,,,,,,,,Mali,4930,00:45:58.760,Pass,
,,,,,,,,,,,,,1.858281,,,,,,,,,,,,0ae1df90-70aa-438e-aa26-92f6b5c4bd40,1371,,"[55.6, 61.4]",3920417,46,True,,,0.9244941,,Left Foot,,,,"[64.2, 72.8]",Ground Pass,,14.280056,,,Deon Hotto Kavendji,64612.0,,,,,,Free Kick,1,From Free Kick,Kennedy Amutenya,264381.0,Right Center Back,83,Namibia,4980,['565f4c03-03bc-410d-a5f8-bb6d52affb1e'],53,,,,,,,,,,,,,,,,,,Namibia,4980,00:46:53.249,Pass,
,,,,,,,,,,,,,1.843849,,,,,,,,,,,,8b76f383-57d4-4f6d-995f-b2885d608f5e,1373,,"[64.3, 72.5]",3920417,46,,,,-0.36798093,,Left Foot,,,,"[97.5, 59.7]",High Pass,,35.58202,,,Peter Shalulile,65723.0,,,,,,,1,From Free Kick,Deon Hotto Kavendji,64612.0,Left Midfield,83,Namibia,4980,['10f1ff55-1fdc-4726-844d-32279b594ee7'],55,,,,,,,,,,,,,,,,,,Namibia,4980,00:46:55.949,Pass,
,,,,,,,,,,,,,0.876485,,,,,,,,,,,,544afa0f-ee80-4c6e-92c8-f0be3157ab60,1379,,"[115.7, 73.0]",3920417,48,,,,-1.5611812,,Left Foot,,,,"[115.9, 52.2]",High Pass,,20.800962,Incomplete,,Peter Shalulile,65723.0,,,,,,Free Kick,1,From Free Kick,Deon Hotto Kavendji,64612.0,Left Midfield,84,Namibia,4980,"['75532278-f741-453c-9c2f-43fbf01ca62d', '9cd6dda9-34cb-4b82-99be-f9bbaba86443']",7,,,,,,,,,,,,,,,,,,Namibia,4980,00:48:07.226,Pass,
,,,,,,,,,,,,,1.909625,,,,,,,,,,,,cd2c9c89-a78d-4059-bb22-bec5b129215d,1382,,"[120.0, 80.0]",3920417,48,,,,-1.7289472,,Right Foot,,,,"[112.6, 33.6]",High Pass,,46.98638,Incomplete,True,Peter Shalulile,65723.0,,,True,Outswinging,,Corner,1,From Corner,Prins Menelik Tjiueza,103803.0,Right Center Midfield,85,Namibia,4980,"['6ee29aa0-fc67-4842-b0bd-82c0806fbf77', 'ce8bf3bb-a18e-4747-862e-ba1bb08183a5']",47,,,,,,,,,,,,,,,,,,Namibia,4980,00:48:47.500,Pass,
,,,,,,,,,,,,,1.072717,,,,,,,,,,,,c0087e10-c33f-420b-b860-bedbe63f014a,1388,,"[15.3, 55.7]",3920417,48,,,,-0.37920937,,Left Foot,,,,"[28.6, 50.4]",Ground Pass,,14.317122,,,Hamari Traoré,3248.0,,,,,,,1,From Corner,Fousseni Diabaté,3710.0,Right Midfield,85,Namibia,4980,['81f6d1c6-7ce1-4299-8ae5-2d084e7fc92f'],51,,,,,,,,,,,,,,,,,,Mali,4930,00:48:51.925,Pass,
,,,,,,,,,,,,,2.199999,,,,,,,,,,,,7a91309d-da3e-4493-8bf9-58b0ab77cf05,1398,,"[61.0, 40.1]",3920417,45,,,,-2.595363,,Right Foot,,,,"[38.3, 26.3]",Ground Pass,,26.565578,,,Lubeni Haukongo,135004.0,,,,,,Kick Off,2,From Kick Off,Prins Menelik Tjiueza,103803.0,Right Center Midfield,86,Namibia,4980,['5ddb32be-f561-4571-b87e-83153bd4fd68'],0,,,,,,,,,,,,,,,,,,Namibia,4980,00:00:00.808,Pass,
,,,,,,,,,,,,,3.21725,,,,,,,,,,,,88d70313-b599-4107-ae7b-cc4e59a926ec,1401,,"[39.4, 24.1]",3920417,45,,,,0.51623064,,Left Foot,,,,"[98.6, 57.7]",High Pass,,68.07055,Incomplete,,Peter Shalulile,65723.0,,,,,,,2,From Kick Off,Lubeni Haukongo,135004.0,Left Center Back,86,Namibia,4980,"['906f75c3-0c7a-4774-aae0-08c91a872d68', '682110a7-524e-459f-8eb5-1222647ba9b4']",4,,,,,,,,,,,,,,,,,,Namibia,4980,00:00:04.901,Pass,
,,,,,,,,,,,,,3.205166,,,,,,,,,,,,48a2d444-5e63-45eb-a227-e3cf547fef8f,1405,,"[32.0, 37.2]",3920417,45,,,,0.50599515,,Right Foot,,,,"[55.1, 50.0]",High Pass,,26.409279,,,Youssoufou Niakaté,51750.0,,,,,,Recovery,2,Regular Play,Aliou Dieng,67714.0,Right Defensive Midfield,87,Mali,4930,['537bf358-56dd-4401-bee7-0bb9a30e0551'],9,,,,,,,,,,,,,,,,,,Mali,4930,00:00:09.589,Pass,
,,,,,,,,,,,,,0.966117,,,,,,,,,,,,36120acd-7065-48a8-8f57-7114e03b10d5,1407,,"[55.4, 51.6]",3920417,45,,,,1.8308276,,Head,,,,"[52.5, 62.5]",Low Pass,,11.279184,,,Fousseni Diabaté,3710.0,,,,,,,2,Regular Play,Youssoufou Niakaté,51750.0,Right Center Forward,87,Mali,4930,['6d1916e4-6c8f-4f94-b057-67e433f925e3'],13,,,,,,,,,,,,,,,,,,Mali,4930,00:00:13.017,Pass,
,,,,,,,,,,,,,0.665663,,,,,,,,,,,,cec1c45c-842f-4484-acd4-1b13ec5f2e8e,1410,,"[52.5, 63.3]",3920417,45,,,,-0.9707461,,Right Foot,,,,"[59.0, 53.8]",Low Pass,,11.510864,,,Youssoufou Niakaté,51750.0,,,,,,,2,Regular Play,Fousseni Diabaté,3710.0,Right Midfield,87,Mali,4930,['faa17eae-562d-449d-89ca-a231fea3a850'],14,,,,,,,,,,,,,,,,,,Mali,4930,00:00:14.188,Pass,
,,,,,,,,,,,,,2.325488,,,,,,,,,,,,2c507038-d4d0-4c8a-a44e-5b17d41e7714,1418,,"[68.4, 21.0]",3920417,45,,,,0.4286215,,Left Foot,,,,"[98.6, 34.8]",Ground Pass,,33.203613,Incomplete,,Peter Shalulile,65723.0,,,,Through Ball,True,,2,Regular Play,Deon Hotto Kavendji,64612.0,Left Midfield,87,Mali,4930,"['6b8075c0-c51c-4398-bdc6-7c8d13cc9f3b', '4d9a1957-e5da-4615-982e-ccf81c7a80f8']",17,,,,,,,,,,,,,,,,,,Namibia,4980,00:00:17.649,Pass,
,,,,,,,,,,,,,3.796487,,,,,,,,,,,,4f9e0292-6371-4d9b-8f4b-d8e4fdcca144,1422,,"[17.3, 40.8]",3920417,45,True,,,0.1878184,,Drop Kick,,,,"[85.7, 53.8]",High Pass,,69.62442,Incomplete,,Fousseni Diabaté,3710.0,,,,,,,2,Regular Play,Djigui Diarra,102992.0,Goalkeeper,87,Mali,4930,"['cd7df231-be2d-4fee-a2a7-c67cccf9c0b2', 'a3b0857f-7b1c-40ea-aefe-92abef92392a']",36,,,,,,,,,,,,,,,,,,Mali,4930,00:00:36.727,Pass,
,,,,,,,,,,,,,2.72437,,,,,,,,,,,,a3b0857f-7b1c-40ea-aefe-92abef92392a,1424,,"[34.4, 26.3]",3920417,45,,,,3.0584514,,Head,,,,"[5.6, 28.7]",Low Pass,,28.899826,,,Lloyd Junior Kazapua,125324.0,,,,,,Recovery,2,Regular Play,Riaan Hanamub,65555.0,Left Back,87,Mali,4930,"['4f9e0292-6371-4d9b-8f4b-d8e4fdcca144', 'baa439c0-d1da-4aee-9c39-e5eacf694a77']",40,,,,,,,,,,,,,,,,,,Namibia,4980,00:00:40.523,Pass,
,,,,,,,,,,,,,3.426257,,,,,,,,,,,,fd19b3c4-4ee4-4077-837d-c99f0205e7f9,1427,,"[17.6, 45.1]",3920417,46,,,,0.26093477,,Right Foot,,,,"[92.5, 65.1]",High Pass,,77.524254,Incomplete,,Peter Shalulile,65723.0,,,,,,,2,Regular Play,Lloyd Junior Kazapua,125324.0,Goalkeeper,87,Mali,4930,"['67ddd9ab-17d3-43f4-9c11-ebc8e5305026', '68b66aa5-6d51-430d-a234-d6adfde9bc6f']",6,,,,,,,,,,,,,,,,,,Namibia,4980,00:01:06.467,Pass,
,,,,,,,,,,,,,2.299547,,,,,,,,,,,,68b66aa5-6d51-430d-a234-d6adfde9bc6f,1430,,"[27.6, 15.0]",3920417,46,,,True,0.11658601,,,,,,"[38.7, 16.3]",High Pass,,11.175867,,,Nene Dorgeles,199653.0,,,,,,Recovery,2,Regular Play,Sikou Niakate,7295.0,Left Center Back,87,Mali,4930,"['c290313d-1fe2-4e40-990a-eb763867689e', 'fd19b3c4-4ee4-4077-837d-c99f0205e7f9', 'adb64276-2798-4dc2-b18f-706889f8d0a7']",9,,,,,,,,,,,,,,,,,,Mali,4930,00:01:09.894,Pass,True
,,,,,,,,,,,,,1.607292,,,,,,,,,,,,0086b407-e90c-4076-ab21-c0e93e5b3825,1433,,"[38.7, 17.4]",3920417,46,,,True,0.5232783,,,,,,"[46.5, 21.9]",High Pass,,9.004998,Incomplete,,Lassine Sinayoko,105182.0,,,,,,,2,Regular Play,Nene Dorgeles,199653.0,Left Midfield,87,Mali,4930,"['bebf4972-cd02-41ad-b18f-7838bc2466ad', '6f70519b-aa50-4884-9605-45da4b502071', '0d8176b3-9a3d-4028-baf2-b26f3c14bcd2']",12,,,,,,,,,,,,,,,,,,Mali,4930,00:01:12.234,Pass,True
,,,,,,,,,,,,,2.269893,,,,,,,,,,,,bebf4972-cd02-41ad-b18f-7838bc2466ad,1435,,"[73.6, 58.2]",3920417,46,,,,1.0500679,,Left Foot,,,,"[81.4, 71.8]",Ground Pass,,15.67801,,,Muzeu Bethuel,389319.0,,,,,,Recovery,2,Regular Play,Ngero Kaanjuka Katua,389316.0,Left Center Midfield,88,Namibia,4980,"['2ccfd574-b490-4b24-bcc3-4ffd809eda9d', '0086b407-e90c-4076-ab21-c0e93e5b3825']",13,,,,,,,,,,,,,,,,,,Namibia,4980,00:01:13.842,Pass,
,,,,,,,,,,,,,2.954025,,,,,,,,,,,,98740945-2fbc-45ed-af1e-0437ec6ea34e,1442,,"[75.3, 66.3]",3920417,46,,,,-1.3928812,,Left Foot,,,,"[85.1, 11.8]",High Pass,,55.374092,,,Deon Hotto Kavendji,64612.0,,,True,,,,2,Regular Play,Muzeu Bethuel,389319.0,Right Midfield,88,Namibia,4980,['82e38bcd-7f9f-4021-9c4b-f7c176c8c62e'],18,,,,,,,,,,,,,,,,,,Namibia,4980,00:01:18.471,Pass,
,,,,,,,,,,,,,2.151887,,,,,,,,,,,,79f302ba-a820-4b0e-9515-0264d4dc07bb,1445,,"[84.0, 9.1]",3920417,46,,,,-3.070285,,Left Foot,,,,"[67.2, 7.9]",Ground Pass,,16.842802,,,Riaan Hanamub,65555.0,,,,,,,2,Regular Play,Deon Hotto Kavendji,64612.0,Left Midfield,88,Namibia,4980,['5ca0854f-4bda-4b08-b8c0-413ed36bd534'],22,,,,,,,,,,,,,,,,,,Namibia,4980,00:01:22.354,Pass,
,,,,,,,,,,,,,1.6,,,,,,,,,,,,675ae86b-48f2-48df-8090-111c324882da,1448,,"[65.6, 6.3]",3920417,46,,,,3.027681,,Right Foot,,,,"[42.0, 9.0]",Ground Pass,,23.753946,,,Lubeni Haukongo,135004.0,,,,,,,2,Regular Play,Riaan Hanamub,65555.0,Left Back,88,Namibia,4980,['f66518ee-bf48-4911-aae1-11feb1a9d1ee'],25,,,,,,,,,,,,,,,,,,Namibia,4980,00:01:25.146,Pass,
,,,,,,,,,,,,,1.079996,,,,,,,,,,,,3e276621-85c9-4a3a-a180-9c4566e3f468,1451,,"[42.2, 7.7]",3920417,46,,,,0.9784927,,Left Foot,,,,"[49.4, 18.4]",Ground Pass,,12.896899,,,Aprocious Petrus,136406.0,,,,,,,2,Regular Play,Lubeni Haukongo,135004.0,Left Center Back,88,Namibia,4980,['a48d8611-bd08-4470-b6d4-8e2839903a38'],29,,,,,,,,,,,,,,,,,,Namibia,4980,00:01:29.052,Pass,
,,,,,,,,,,,,,1.394071,,,,,,,,,,,,cac3dec8-e25d-49d1-9d67-7ce74afe937b,1455,,"[48.6, 16.6]",3920417,46,,,,-0.4073225,,Left Foot,,,,"[73.4, 5.9]",High Pass,,27.009813,Incomplete,,Deon Hotto Kavendji,64612.0,,,,,,,2,Regular Play,Aprocious Petrus,136406.0,Center Defensive Midfield,88,Namibia,4980,"['12e64c5e-1f10-4635-b143-96338287b87b', '273a4955-875f-4616-b9ff-ff4136257b4c']",30,,,,,,,,,,,,,,,,,,Namibia,4980,00:01:30.212,Pass,
,,,,,,,,,,,,,1.086605,,,,,,,,,,,,5b7f5c75-7a2d-48e4-b13b-ad625466bb8d,1459,,"[14.4, 72.0]",3920417,46,,,,-2.0086884,,Left Foot,,,,"[6.3, 54.7]",Ground Pass,,19.102356,,,Djigui Diarra,102992.0,,,,,,Recovery,2,Regular Play,Boubakar Kouyate,23331.0,Right Center Back,89,Mali,4930,['208a641f-b59c-41f9-a000-de8d31834ca1'],35,,,,,,,,,,,,,,,,,,Mali,4930,00:01:35.856,Pass,
,,,,,,,,,,,,,2.98104,,,,,,,,,,,,13cc8208-1fe3-42b9-ac8d-11b452998180,1461,,"[7.3, 55.3]",3920417,46,,,,0.1759847,,Right Foot,,,,"[55.1, 63.8]",High Pass,,48.54987,Incomplete,,Lassine Sinayoko,105182.0,,,,,,,2,Regular Play,Djigui Diarra,102992.0,Goalkeeper,89,Mali,4930,"['f8dde755-156e-4313-94ab-69f8854a7d2f', '5cbe7f9d-3ee8-4a07-95ad-29a66a5e1387']",36,,,,,,,,,,,,,,,,,,Mali,4930,00:01:36.942,Pass,
,,,,,,,,,,,,,3.432145,,,,,,,,,,,,f8dde755-156e-4313-94ab-69f8854a7d2f,1463,,"[65.0, 16.3]",3920417,46,,,,-0.19576068,,Head,,,,"[100.3, 9.3]",High Pass,,35.98736,Pass Offside,,Prins Menelik Tjiueza,103803.0,,,,,,Recovery,2,Regular Play,Ngero Kaanjuka Katua,389316.0,Left Center Midfield,89,Mali,4930,"['e3c8dcdc-37d0-41d2-8d03-0a5797ef7236', '13cc8208-1fe3-42b9-ac8d-11b452998180']",39,,,,,,,,,,,,,,,,,,Namibia,4980,00:01:39.923,Pass,
,,,,,,,,,,,,,0.32562,,,,,,,,,,,,0aaba3f8-f291-42e5-b2da-639eaab1c5d0,1465,,"[19.0, 69.2]",3920417,47,True,,,-0.6242249,,Right Foot,,,,"[71.2, 31.6]",Ground Pass,,64.331955,,,Boubakar Kouyate,23331.0,,,,,,Free Kick,2,From Free Kick,Sikou Niakate,7295.0,Left Center Back,90,Mali,4930,['5230705b-d6d3-4712-9b30-928a6a26e59e'],3,,,,,,,,,,,,,,,,,,Mali,4930,00:02:03.285,Pass,
,,,,,,,,,,,,,3.453534,,,,,,,,,,,,363c81d4-68c8-4543-b64b-3a72ce151ef6,1467,,"[59.8, 43.8]",3920417,47,True,,,-0.8026378,,Right Foot,,,,"[71.2, 32.0]",Ground Pass,,16.407316,Incomplete,,Lassine Sinayoko,105182.0,,,,,,,2,From Free Kick,Boubakar Kouyate,23331.0,Right Center Back,90,Mali,4930,"['60efef75-42db-464e-b71f-8a7e06dff212', 'c6070bd7-70c4-400f-b13e-2bd2cf60eb11']",4,,,,,,,,,,,,,,,,,,Mali,4930,00:02:04.259,Pass,
,,,,,,,,,,,,,1.719983,,,,,,,,,,,,c6070bd7-70c4-400f-b13e-2bd2cf60eb11,1469,,"[48.9, 48.1]",3920417,47,,,,0.36813077,,Right Foot,,,,"[62.9, 53.5]",Ground Pass,,15.005332,,,Muzeu Bethuel,389319.0,,,,,,Recovery,2,Regular Play,Ivan Kamberipa,103799.0,Right Back,91,Namibia,4980,"['de14093b-5acb-47e0-aa5a-87f2b7e4ad98', '363c81d4-68c8-4543-b64b-3a72ce151ef6']",7,,,,,,,,,,,,,,,,,,Namibia,4980,00:02:07.713,Pass,
,,,,,,,,,,,,,1.510724,,,,,,,,,,,,c4ef7f1e-c8b6-480d-96d4-01ed9c098242,1473,,"[62.0, 52.4]",3920417,47,,,,2.1138613,,Right Foot,,,,"[55.3, 63.5]",Low Pass,,12.965339,,,Ivan Kamberipa,103799.0,,,,,,,2,Regular Play,Muzeu Bethuel,389319.0,Right Midfield,91,Namibia,4980,['d7ecc523-eef6-4b17-8d9f-df8d0ad1e3a5'],10,,,,,,,,,,,,,,,,,,Namibia,4980,00:02:10.153,Pass,
,,,,,,,,,,,,,1.719999,,,,,,,,,,,,8c6f4260-e0a5-41d9-8816-9a88ebb0b192,1476,,"[55.1, 62.0]",3920417,47,,,,-2.9293678,,Right Foot,,,,"[37.0, 58.1]",Ground Pass,,18.5154,,,Kennedy Amutenya,264381.0,,,,,,,2,Regular Play,Ivan Kamberipa,103799.0,Right Back,91,Namibia,4980,['e2e6dc94-c765-4b77-8396-8b61ed9a74af'],13,,,,,,,,,,,,,,,,,,Namibia,4980,00:02:13.352,Pass,
,,,,,,,,,,,,,2.773694,,,,,,,,,,,,e879fe99-2cf3-4b00-b7aa-b7a36ce98951,1479,,"[37.6, 60.6]",3920417,47,,,,0.0053475425,,Right Foot,,,,"[93.7, 60.9]",High Pass,,56.100803,Incomplete,,Prins Menelik Tjiueza,103803.0,,,,,,,2,Regular Play,Kennedy Amutenya,264381.0,Right Center Back,91,Namibia,4980,"['18c475f1-ab27-4501-876a-c4890a85bd09', 'b1d4994a-a1e8-44f4-81b2-7e4e61788c87']",16,,,,,,,,,,,,,,,,,,Namibia,4980,00:02:16.699,Pass,
,,,,,,,,,,,,,1.803382,,,,,,,,,,,,18c475f1-ab27-4501-876a-c4890a85bd09,1481,,"[26.4, 19.2]",3920417,47,,,,-0.75943,,Head,,,,"[42.2, 4.2]",Low Pass,,21.786234,,,Moussa Diarra,32952.0,,,,,,Recovery,2,Regular Play,Sikou Niakate,7295.0,Left Center Back,92,Mali,4930,"['e879fe99-2cf3-4b00-b7aa-b7a36ce98951', 'ea8f3d6b-37e6-42e5-a2f3-0bbccf8173f5']",19,,,,,,,,,,,,,,,,,,Mali,4930,00:02:19.472,Pass,
,,,,,,,,,,,,,0.017597,,,,,,,,,,,,fb00572c-0813-41e3-81f4-8b94aabacc60,1485,,"[41.2, 3.3]",3920417,47,,,,0.07982998,,Left Foot,,,,"[43.7, 3.5]",Low Pass,,2.5079873,Incomplete,,Lassine Sinayoko,105182.0,,,,,,,2,Regular Play,Moussa Diarra,32952.0,Left Back,92,Mali,4930,"['b90b44eb-bfe2-45ed-9290-63f5bfa55f37', 'a2ff7cc1-1c02-4de7-93b7-95ae3b2df912']",21,,,,,,,,,,,,,,,,,,Mali,4930,00:02:21.484,Pass,
,,,,,,,,,,,,,1.545191,,,,,,,,,,,,20448d18-4655-4861-8860-8f76588c94fa,1489,,"[44.7, 0.1]",3920417,47,True,,,2.767866,,,,,,"[24.3, 8.1]",Low Pass,,21.912554,,,Sikou Niakate,7295.0,,,,,,Throw-in,2,From Throw In,Moussa Diarra,32952.0,Left Back,93,Mali,4930,['a02468c4-675c-4935-a12f-b6453d89f973'],26,,,,,,,,,,,,,,,,,,Mali,4930,00:02:26.574,Pass,
,,,,,,,,,,,,,2.115499,,,,,,,,,,,,89e3861b-3194-48d2-88d4-109cd32ccf80,1491,,"[25.0, 9.1]",3920417,47,,,,1.610775,,Left Foot,,,,"[23.7, 41.6]",Ground Pass,,32.52599,,,Boubakar Kouyate,23331.0,,,,,,,2,From Throw In,Sikou Niakate,7295.0,Left Center Back,93,Mali,4930,['4378ac03-6aef-4fcb-b537-6915811900dc'],29,,,,,,,,,,,,,,,,,,Mali,4930,00:02:29.251,Pass,
,,,,,,,,,,,,,1.169149,,,,,,,,,,,,33fe1e0a-39d1-4293-a6c6-4656fd4232f6,1494,,"[29.5, 48.1]",3920417,47,,,,-1.1150225,,Right Foot,,,,"[39.5, 27.7]",Ground Pass,,22.719154,,,Yves Bissouma,4385.0,,,,,,,2,From Throw In,Boubakar Kouyate,23331.0,Right Center Back,93,Mali,4930,['3803f93d-af93-4f65-a6c2-563a002e8214'],34,,,,,,,,,,,,,,,,,,Mali,4930,00:02:34.968,Pass,
,,,,,,,,,,,,,3.275326,,,,,,,,,,,,f39f2f36-112a-4490-ad14-b1a8693a2276,1497,,"[43.2, 38.9]",3920417,47,,,,0.21735121,,Right Foot,,,,"[107.5, 53.1]",High Pass,,65.8493,Incomplete,,Fousseni Diabaté,3710.0,,,,,,,2,From Throw In,Yves Bissouma,4385.0,Left Defensive Midfield,93,Mali,4930,"['da890bf7-b904-403a-972b-355abeb79c17', 'efc886fa-289a-4abf-a26d-8698dbfbb5c5']",37,,,,,,,,,,,,,,,,,,Mali,4930,00:02:37.836,Pass,
,,,,,,,,,,,,,3.097546,,,,,,,,,,,,ed824c3f-3730-40e8-bc63-4b12be770d66,1500,,"[14.4, 41.3]",3920417,48,True,,,0.2799498,,Right Foot,,,,"[86.4, 62.0]",High Pass,,74.91656,Incomplete,,Muzeu Bethuel,389319.0,,,,,,,2,From Throw In,Lloyd Junior Kazapua,125324.0,Goalkeeper,93,Mali,4930,"['9ecc0931-12b6-41a5-925a-464363b3279d', 'd1a0cb4d-ccff-4d73-a020-4bfafbfef034']",1,,,,,,,,,,,,,,,,,,Namibia,4980,00:03:01.644,Pass,
,,,,,,,,,,,,,0.977698,,,,,,,,,,,,d1a0cb4d-ccff-4d73-a020-4bfafbfef034,1503,,"[33.7, 18.1]",3920417,48,,,True,1.2105253,,,,,,"[39.2, 32.7]",High Pass,,15.601603,,,Aliou Dieng,67714.0,,,,,,Recovery,2,From Throw In,Moussa Diarra,32952.0,Left Back,93,Mali,4930,"['acdee26a-e327-43b4-9028-65dacd6b3819', 'ed824c3f-3730-40e8-bc63-4b12be770d66', 'e7a6d94f-b2ae-423e-89f9-6f535c74577c']",4,,,,,,,,,,,,,,,,,,Mali,4930,00:03:04.741,Pass,True
,,,,,,,,,,,,,0.417031,,,,,,,,,,,,1c9a3bb0-108d-43c0-9b52-235ad002f7b4,1506,,"[38.6, 33.6]",3920417,48,,,,-0.21765062,,Right Foot,,,,"[49.0, 31.3]",Low Pass,,10.651291,,,Youssoufou Niakaté,51750.0,,,,,,,2,From Throw In,Aliou Dieng,67714.0,Right Defensive Midfield,93,Mali,4930,['3f949506-8269-43ea-8bca-9c4531ca3f33'],5,,,,,,,,,,,,,,,,,,Mali,4930,00:03:05.926,Pass,
,,,,,,,,,,,,,0.333927,,,,,,,,,,,,efe60bba-3af1-47c6-885d-b71d6badb2f2,1514,,"[79.2, 53.4]",3920417,48,,,,1.8105395,,Right Foot,,,,"[78.1, 57.9]",Ground Pass,,4.632494,,,Muzeu Bethuel,389319.0,,,,,,,2,Regular Play,Prins Menelik Tjiueza,103803.0,Right Center Midfield,94,Namibia,4980,"['fa41cc26-6a1d-4d23-898d-fd6d8a3d9e45', '0e474489-d3d2-42e9-885a-b3c87c745dbd']",8,,,,,,,,,,,,,,,,,,Namibia,4980,00:03:08.336,Pass,True
,,,,,,,,,,,,,0.999999,,,,,,,,,,,,3377ef40-745e-4378-bdef-076bd944ad0c,1517,,"[77.0, 56.0]",3920417,48,,,,-1.5022345,,Right Foot,,,,"[78.6, 32.7]",Ground Pass,,23.354872,,,Ngero Kaanjuka Katua,389316.0,,,,,,,2,Regular Play,Muzeu Bethuel,389319.0,Right Midfield,94,Namibia,4980,['a89c96e5-5f20-4caf-8ae9-f0330e371cd6'],10,,,,,,,,,,,,,,,,,,Namibia,4980,00:03:10.658,Pass,
,,,,,,,,,,,,,0.697572,,,,,,,,,,,,9c332915-72ca-4ab3-966d-68770a61e5cf,1520,,"[79.2, 32.1]",3920417,48,,,,-0.6883588,,Left Foot,,,,"[85.4, 27.0]",Ground Pass,,8.028076,,,Deon Hotto Kavendji,64612.0,,,,,,,2,Regular Play,Ngero Kaanjuka Katua,389316.0,Left Center Midfield,94,Namibia,4980,['b4fc0930-a887-429c-9ab2-c222e7bab184'],11,,,,,,,,,,,,,,,,,,Namibia,4980,00:03:11.733,Pass,
,,,,,,,,,,,,,0.57727,,,,,,,,,,,,d5712f92-da85-4a2e-896e-559e6cbb5c66,1523,,"[84.8, 24.6]",3920417,48,,,,-2.0634813,,Left Foot,,,,"[79.7, 15.1]",Ground Pass,,10.782393,,,Ngero Kaanjuka Katua,389316.0,,,,,,,2,Regular Play,Deon Hotto Kavendji,64612.0,Left Midfield,94,Namibia,4980,['9571346f-ac7c-4227-9682-3e799bbe340f'],13,,,,,,,,,,,,,,,,,,Namibia,4980,00:03:13.072,Pass,
,,,,,,,,,,,,,1.36,,,,,,,,,,,,4d30d58a-7a95-4a71-95eb-027c30c7c4e1,1526,,"[71.4, 25.9]",3920417,48,,,,-2.582442,,Left Foot,,,,"[55.1, 15.7]",Ground Pass,,19.228365,,,Lubeni Haukongo,135004.0,,,,,,,2,Regular Play,Ngero Kaanjuka Katua,389316.0,Left Center Midfield,94,Namibia,4980,['d889dd54-04db-4d6a-ab64-e17e10e4d0ca'],18,,,,,,,,,,,,,,,,,,Namibia,4980,00:03:18.529,Pass,
,,,,,,,,,,,,,2.48,,,,,,,,,,,,7306452b-f124-4347-b43c-2fc3b4b31ee2,1529,,"[52.8, 17.6]",3920417,48,,,,2.3646688,,Left Foot,,,,"[29.0, 41.0]",Ground Pass,,33.37664,,,Lloyd Junior Kazapua,125324.0,,,,,,,2,Regular Play,Lubeni Haukongo,135004.0,Left Center Back,94,Namibia,4980,['d724ca9c-2d96-405f-9b19-8242c83a0847'],21,,,,,,,,,,,,,,,,,,Namibia,4980,00:03:21.152,Pass,
,,,,,,,,,,,,,3.438364,,,,,,,,,,,,0effad7d-beb4-4be1-94f8-0b45cac338b9,1532,,"[32.9, 40.1]",3920417,48,,,,-0.3612671,,Right Foot,,,,"[94.3, 16.9]",High Pass,,65.63688,Incomplete,,Deon Hotto Kavendji,64612.0,,,,,,,2,Regular Play,Lloyd Junior Kazapua,125324.0,Goalkeeper,94,Namibia,4980,"['6a969862-999f-4821-814e-a3d88087232b', '040481df-2e60-4345-913d-6fb373c10a1f']",25,,,,,,,,,,,,,,,,,,Namibia,4980,00:03:25.090,Pass,
,,,,,,,,,,,,,0.160282,,,,,,,,,,,,8bb753ec-ae55-498c-8627-8fe468ef7ff1,1539,,"[9.2, 71.7]",3920417,48,,,,0.2730087,,Right Foot,,,,"[11.7, 72.4]",Ground Pass,,2.596151,Incomplete,,Hamari Traoré,3248.0,,,,,,,2,Regular Play,Boubakar Kouyate,23331.0,Right Center Back,94,Namibia,4980,"['c0c6a4a3-6a71-4a40-aee8-8fe0fe432529', '5cb390d5-dd75-4ca4-9b65-1392fd0959c7', 'ab5dae11-f7bc-4fea-8dab-8c529edc98c8']",33,,,,,,,,,,,,,,,,,,Mali,4930,00:03:33.414,Pass,True
,,,,,,,,,,,,,2.327576,,,,,,,,,,,,7cb604c5-05a5-4c2c-9f80-3a5a47e1a7b7,1542,,"[27.6, 80.0]",3920417,48,,,,-0.19555168,,,,,,"[58.9, 73.8]",High Pass,,31.90815,Incomplete,,Fousseni Diabaté,3710.0,,,,,,Throw-in,2,From Throw In,Hamari Traoré,3248.0,Right Back,95,Mali,4930,"['c20566d6-bfba-4cd6-98d5-4deea7c7ec8e', '2ea08e7a-5850-4ccd-ab69-72a4fc6e1075']",56,,,,,,,,,,,,,,,,,,Mali,4930,00:03:56.143,Pass,
,,,,,,,,,,,,,3.403562,,,,,,,,,,,,c20566d6-bfba-4cd6-98d5-4deea7c7ec8e,1544,,"[61.2, 6.3]",3920417,48,,,,0.044415217,,Left Foot,,,,"[101.7, 8.1]",High Pass,,40.53998,Incomplete,,Peter Shalulile,65723.0,,,,,,Interception,2,From Throw In,Aprocious Petrus,136406.0,Center Defensive Midfield,95,Mali,4930,"['22033e76-43a2-417e-a4b6-573fc3984521', '7cb604c5-05a5-4c2c-9f80-3a5a47e1a7b7', 'd97daace-89d0-413d-aebd-3d7313b3fb4a']",58,,,,,,,,,,,,,,,,,,Namibia,4980,00:03:58.471,Pass,
,,,,,,,,,,,,,2.093797,,,,,,,,,,,,b405771d-244a-4b04-a7f5-b11752666269,1548,,"[95.8, 0.1]",3920417,49,,,,0.51748776,,,,,,"[115.3, 11.2]",Low Pass,,22.437914,,,Peter Shalulile,65723.0,,,,,,Throw-in,2,From Throw In,Riaan Hanamub,65555.0,Left Back,96,Namibia,4980,['3ee17caf-a31b-4b42-a0aa-8301c20ccc29'],20,,,,,,,,,,,,,,,,,,Namibia,4980,00:04:20.710,Pass,
,,,,,,,,,,,,,0.83119,,,,,,,,,,,,103a366f-bb3b-4ff0-a8ae-6fc28ed02459,1552,,"[15.1, 80.0]",3920417,49,,,,-1.0059915,,,,,,"[21.5, 69.9]",Low Pass,,11.957006,,,Aliou Dieng,67714.0,,,,,,Throw-in,2,From Throw In,Hamari Traoré,3248.0,Right Back,97,Mali,4930,['62b8ba75-ce3f-49b1-a7e5-0ee634363f54'],36,,,,,,,,,,,,,,,,,,Mali,4930,00:04:36.013,Pass,
,,,,,,,,,,,,,1.502435,,,,,,,,,,,,305308c8-3ffc-4180-a75b-a7fa4e798e5d,1555,,"[22.6, 70.5]",3920417,49,,,,2.0718098,,Left Foot,,,,"[20.3, 74.7]",Ground Pass,,4.788528,,,Hamari Traoré,3248.0,,,,,,,2,From Throw In,Aliou Dieng,67714.0,Right Defensive Midfield,97,Mali,4930,['06dd8cd5-c83a-45b8-881c-e4ce5afb925f'],37,,,,,,,,,,,,,,,,,,Mali,4930,00:04:37.042,Pass,
,,,,,,,,,,,,,2.7561,,,,,,,,,,,,0b36b74c-05da-4fe3-a50e-b3181c5d87b9,1558,,"[21.2, 74.7]",3920417,49,,,,-1.6109844,,Right Foot,,,,"[18.9, 17.5]",High Pass,,57.246223,,,Moussa Diarra,32952.0,,,True,,,,2,From Throw In,Hamari Traoré,3248.0,Right Back,97,Mali,4930,['a9e96811-a317-42d8-be9d-56d86f8c3b82'],39,,,,,,,,,,,,,,,,,,Mali,4930,00:04:39.507,Pass,
,,,,,,,,,,,,,1.242508,,,,,,,,,,,,2c04c7fc-385d-47e2-a3b1-4c6605c921b9,1561,,"[31.1, 10.0]",3920417,49,,,,-0.49513325,,Left Foot,,,,"[46.1, 1.9]",Ground Pass,,17.047287,,,Nene Dorgeles,199653.0,,,,,,,2,From Throw In,Moussa Diarra,32952.0,Left Back,97,Mali,4930,['a33c0864-4dc7-4ce8-b413-879029c8c334'],45,,,,,,,,,,,,,,,,,,Mali,4930,00:04:45.555,Pass,
,,,,,,,,,,,,,1.357269,,,,,,,,,,,,753baa05-0640-46ba-aadf-a8f3268bf5d3,1564,,"[45.4, 2.5]",3920417,49,,,,2.8716192,,Left Foot,,,,"[29.5, 6.9]",Ground Pass,,16.497576,,,Moussa Diarra,32952.0,,,,,,,2,From Throw In,Nene Dorgeles,199653.0,Left Midfield,97,Mali,4930,['f7ab2afc-289f-4208-86ac-f540a35df3f3'],47,,,,,,,,,,,,,,,,,,Mali,4930,00:04:47.745,Pass,
,,,,,,,,,,,,,1.362106,,,,,,,,,,,,00d63882-0aba-4700-8616-104a5f470251,1567,,"[31.5, 8.5]",3920417,49,,,,1.956679,,Left Foot,,,,"[25.0, 24.5]",Ground Pass,,17.269917,,,Sikou Niakate,7295.0,,,,,,,2,From Throw In,Moussa Diarra,32952.0,Left Back,97,Mali,4930,['7d067ef2-667b-482d-bc2d-c823b8ad9e37'],50,,,,,,,,,,,,,,,,,,Mali,4930,00:04:50.697,Pass,
,,,,,,,,,,,,,3.241598,,,,,,,,,,,,004d52c3-24c6-4ee4-b71d-6e0858e00bfb,1570,,"[44.0, 42.0]",3920417,49,,,,0.38085324,,Left Foot,,,,"[93.7, 61.9]",High Pass,,53.53597,Unknown,,Fousseni Diabaté,3710.0,,,,,,,2,From Throw In,Sikou Niakate,7295.0,Left Center Back,97,Mali,4930,['e1cfd172-9367-4e0d-a22b-c55c7c53d84c'],57,,,,,,,,,,,,,,,,,,Mali,4930,00:04:57.538,Pass,
,,,,,,,,,,,,,2.758338,,,,,,,,,,,,c54bcf36-fcd5-424a-8ae7-99be6804da69,1575,,"[25.8, 16.5]",3920417,50,,,,-0.31073508,,Right Foot,,,,"[75.0, 0.7]",High Pass,,51.67475,Out,,Deon Hotto Kavendji,64612.0,,,,,,Free Kick,2,From Free Kick,Lloyd Junior Kazapua,125324.0,Goalkeeper,98,Namibia,4980,['013badd4-43a6-4435-b8c1-9b9de29e1f6a'],37,,,,,,,,,,,,,,,,,,Namibia,4980,00:05:37.710,Pass,
,,,,,,,,,,,,,2.13972,,,,,,,,,,,,f7799ad7-974e-4243-bd4b-bcdad22f0aee,1577,,"[45.9, 80.0]",3920417,50,,,,-0.29997543,,,,,,"[79.2, 69.7]",High Pass,,34.856564,Incomplete,,Youssoufou Niakaté,51750.0,,,,,,Throw-in,2,From Throw In,Hamari Traoré,3248.0,Right Back,99,Mali,4930,"['4ba62fbf-0c98-4cfd-9997-7d98b5acaa7a', 'bf3982f2-e36c-4fd2-96df-92b589e53b06']",55,,,,,,,,,,,,,,,,,,Mali,4930,00:05:55.811,Pass,
,,,,,,,,,,,,,2.123781,,,,,,,,,,,,bf3982f2-e36c-4fd2-96df-92b589e53b06,1580,,"[40.9, 10.4]",3920417,50,,,True,0.06484403,,,,,,"[48.6, 10.9]",High Pass,,7.7162166,,,Aprocious Petrus,136406.0,,,,,,Recovery,2,From Throw In,Lubeni Haukongo,135004.0,Left Center Back,99,Mali,4930,"['2c0c8460-2735-403b-9046-51da260510b6', 'cd93a62a-4f05-4ea0-823b-acc508a352cf', 'f7799ad7-974e-4243-bd4b-bcdad22f0aee']",57,,,,,,,,,,,,,,,,,,Namibia,4980,00:05:57.950,Pass,True
,,,,,,,,,,,,,1.166692,,,,,,,,,,,,b233eba2-465f-40e7-96e9-4a784fe49736,1582,,"[49.5, 10.9]",3920417,51,,,,-1.8033533,,Head,,,,"[48.6, 7.1]",Low Pass,,3.905125,Incomplete,,Riaan Hanamub,65555.0,,,,,,,2,From Throw In,Aprocious Petrus,136406.0,Center Defensive Midfield,99,Mali,4930,"['6d421f38-4d09-4d65-9abc-8ae68d0c54e8', 'a569768c-5ebe-412e-b3aa-46fa08335b52']",0,,,,,,,,,,,,,,,,,,Namibia,4980,00:06:00.252,Pass,
,,,,,,,,,,,,,2.035899,,,,,,,,,,,,1c7c6fbd-3aa0-4eab-ab90-4c9cd8818337,1586,,"[46.9, 0.1]",3920417,51,,,,0.23075487,,,,,,"[80.1, 7.9]",High Pass,,34.10396,Incomplete,,Peter Shalulile,65723.0,,,,,,Throw-in,2,From Throw In,Riaan Hanamub,65555.0,Left Back,100,Namibia,4980,"['0ae834ea-67f7-4391-99b0-753d389a2aa5', 'ff8f2c52-7a18-41e3-8720-339fa4e3bf07']",8,,,,,,,,,,,,,,,,,,Namibia,4980,00:06:08.569,Pass,
,,,,,,,,,,,,,1.857025,,,,,,,,,,,,0ae834ea-67f7-4391-99b0-753d389a2aa5,1588,,"[40.0, 72.2]",3920417,51,,,,0.049958397,,Head,,,,"[52.0, 72.8]",High Pass,,12.014991,Incomplete,,Fousseni Diabaté,3710.0,,,,,,Recovery,2,From Throw In,Hamari Traoré,3248.0,Right Back,100,Namibia,4980,"['0a023450-1228-483c-bafb-a3b9988735e9', '6ac0cf74-cecb-48d0-8002-858601602e70', '1c7c6fbd-3aa0-4eab-ab90-4c9cd8818337']",10,,,,,,,,,,,,,,,,,,Mali,4930,00:06:10.605,Pass,
,,,,,,,,,,,,,1.045869,,,,,,,,,,,,6ac0cf74-cecb-48d0-8002-858601602e70,1591,,"[68.1, 7.3]",3920417,51,,,True,0.2713346,,,,,,"[81.4, 11.0]",High Pass,,13.805072,Incomplete,,Peter Shalulile,65723.0,,,,,,Recovery,2,From Throw In,Aprocious Petrus,136406.0,Center Defensive Midfield,100,Namibia,4980,"['7d0477a3-53ab-44e3-a94f-7e14f0cac83b', 'a65a7526-169a-4435-96b8-55a41ebdbae5', '8a521506-30a7-4afd-aeab-8dad573b15a8', '0ae834ea-67f7-4391-99b0-753d389a2aa5']",12,,,,,,,,,,,,,,,,,,Namibia,4980,00:06:12.462,Pass,True
,,,,,,,,,,,,,1.793078,,,,,,,,,,,,b44d08e9-033b-44e7-b89c-1e3cfdc075a7,1594,,"[38.2, 68.3]",3920417,51,,,,0.63707036,,Head,,,,"[53.2, 79.4]",High Pass,,18.660385,Out,,Fousseni Diabaté,3710.0,,,,,,,2,From Throw In,Hamari Traoré,3248.0,Right Back,100,Namibia,4980,['80b90512-af1c-4ad7-8814-60d2ec1f8754'],15,,,,,,,,,,,,,,,,,,Mali,4930,00:06:15.232,Pass,
,,,,,,,,,,,,,1.113992,,,,,,,,,,,,90a74d60-2e71-48bb-a348-c9cefe794e87,1598,,"[92.3, 0.1]",3920417,52,,,,0.9308603,,,,,,"[99.0, 9.1]",Low Pass,,11.220071,,,Deon Hotto Kavendji,64612.0,,,,,,Throw-in,2,From Throw In,Riaan Hanamub,65555.0,Left Back,101,Namibia,4980,['d93bc989-de1e-4702-879d-fab75d21d36b'],22,,,,,,,,,,,,,,,,,,Namibia,4980,00:07:22.392,Pass,
,,,,,,,,,,,,,0.689983,,,,,,,,,,,,8c7b1239-962b-40f7-a169-fc8c15b068a1,1602,,"[98.9, 9.3]",3920417,52,,,,-2.4387136,,Left Foot,,,,"[91.7, 3.2]",Low Pass,,9.436631,,,Riaan Hanamub,65555.0,,,,,,,2,From Throw In,Deon Hotto Kavendji,64612.0,Left Midfield,101,Namibia,4980,['c3c7df0a-2d6c-45eb-a2c3-2f0bdb9b7a8d'],23,,,,,,,,,,,,,,,,,,Namibia,4980,00:07:23.905,Pass,
,,,,,,,,,,,,,1.384096,,,,,,,,,,,,01f25385-4818-4895-a286-23c1ff15f371,1606,,"[92.5, 3.7]",3920417,52,,,,-0.06016825,,Left Foot,,,True,"[100.8, 3.2]",High Pass,,8.315046,,,Deon Hotto Kavendji,64612.0,,,,,,,2,From Throw In,Riaan Hanamub,65555.0,Left Back,101,Namibia,4980,['80d938d7-f40a-4ff6-ba75-4f5adcc638ae'],25,,,,,,,,,,,,,,,,,,Namibia,4980,00:07:25.396,Pass,
,,,,,,,,,,,,,0.536696,,,,,,,,,,,,e319d14f-6e9c-485a-b472-97207fb1fdd5,1611,,"[98.9, 3.2]",3920417,52,,,,1.0032587,,Left Foot,,,,"[104.0, 11.2]",Low Pass,,9.48736,Incomplete,,Riaan Hanamub,65555.0,,,,,,,2,From Throw In,Deon Hotto Kavendji,64612.0,Left Midfield,101,Namibia,4980,"['744d0dec-812e-41d5-ba24-2dc8821e2dd2', '6ee23848-7c9a-4d10-bdb5-d0453d0df87d', '58f53f29-24bc-46df-8ab7-4112af95edb3']",27,,,,,,,,,,,,,,,,,,Namibia,4980,00:07:27.371,Pass,True
,,,,,,,,,,,,,1.264491,,,,,,,,,,,,58f53f29-24bc-46df-8ab7-4112af95edb3,1613,,"[16.1, 68.9]",3920417,52,,,,0.44237423,,Right Foot,,,,"[21.8, 71.6]",High Pass,,6.307139,,,Kamory Doumbia,162132.0,,,,,,Recovery,2,Regular Play,Hamari Traoré,3248.0,Right Back,102,Mali,4930,"['26a4ff9d-5fa5-4c71-8028-6bd10a4210b9', 'e319d14f-6e9c-485a-b472-97207fb1fdd5']",27,,,,,,,,,,,,,,,,,,Mali,4930,00:07:27.907,Pass,
,,,,,,,,,,,,,0.912471,,,,,,,,,,,,53b8939b-e4e9-4ac2-9bb5-05e56fb123ae,1616,,"[21.7, 72.8]",3920417,52,,,,-1.2864115,,Right Foot,,,,"[23.6, 66.3]",Ground Pass,,6.7720013,,,Aliou Dieng,67714.0,,,,,,,2,Regular Play,Kamory Doumbia,162132.0,Right Center Forward,102,Mali,4930,['9112d9a3-ac01-4858-97b8-9d5394272576'],29,,,,,,,,,,,,,,,,,,Mali,4930,00:07:29.747,Pass,
,,,,,,,,,,,,,0.620682,,,,,,,,,,,,bd2a38d6-331f-45f7-9714-651b6a8509f4,1619,,"[23.6, 66.4]",3920417,52,,,,2.643476,,Right Foot,,,,"[17.9, 69.5]",Low Pass,,6.4884515,Incomplete,,Hamari Traoré,3248.0,,,,,,,2,Regular Play,Aliou Dieng,67714.0,Right Defensive Midfield,102,Mali,4930,"['d9088ece-2ccc-4ea6-a07c-9a08a17cf491', '37d9aa17-67dd-4944-9280-4d2711ea8340']",30,,,,,,,,,,,,,,,,,,Mali,4930,00:07:30.730,Pass,
,,,,,,,,,,,,,1.875446,,,,,,,,,,,,5b1db7fc-2461-4086-b4f7-8c15621eedf3,1623,,"[110.0, 5.7]",3920417,52,,,,1.2243462,,Left Foot,True,,,"[120.0, 33.4]",High Pass,,29.449787,Out,,Prins Menelik Tjiueza,103803.0,,,,,,,2,Regular Play,Peter Shalulile,65723.0,Center Forward,102,Mali,4930,['aad10fe8-c8f9-4888-ae07-f3d7641b263f'],34,,,,,,,,,,,,,,,,,,Namibia,4980,00:07:34.589,Pass,
,,,,,,,,,,,,,1.361775,,,,,,,,,,,,ee7ddfe2-513a-4bd2-968e-7e37f5e27965,1625,,"[6.0, 41.7]",3920417,52,True,,,-1.3719105,,Right Foot,,,,"[8.6, 28.8]",Ground Pass,,13.159408,,,Sikou Niakate,7295.0,,,,,,Goal Kick,2,From Goal Kick,Djigui Diarra,102992.0,Goalkeeper,103,Mali,4930,['b40f228f-307d-4b10-b422-306216766ec7'],46,,,,,,,,,,,,,,,,,,Mali,4930,00:07:46.171,Pass,
,,,,,,,,,,,,,1.248081,,,,,,,,,,,,63be7eea-824f-453b-83fd-b492087269b1,1627,,"[21.2, 22.8]",3920417,52,,,,1.6707962,,Left Foot,,,,"[18.2, 52.7]",Ground Pass,,30.050125,,,Boubakar Kouyate,23331.0,,,,,,,2,From Goal Kick,Sikou Niakate,7295.0,Left Center Back,103,Mali,4930,['532e38e8-d718-4041-958f-990de57d240b'],52,,,,,,,,,,,,,,,,,,Mali,4930,00:07:52.449,Pass,
,,,,,,,,,,,,,1.213494,,,,,,,,,,,,4b899d60-685f-4e13-96b3-65861ad1a818,1630,,"[18.9, 54.2]",3920417,52,,,,-1.4954674,,Right Foot,,,,"[20.9, 27.7]",Ground Pass,,26.575365,,,Sikou Niakate,7295.0,,,,,,,2,From Goal Kick,Boubakar Kouyate,23331.0,Right Center Back,103,Mali,4930,['322a57c9-b71a-4f42-a195-4126aae16410'],54,,,,,,,,,,,,,,,,,,Mali,4930,00:07:54.599,Pass,
,,,,,,,,,,,,,1.630997,,,,,,,,,,,,7e080ac0-3a3b-4184-94f8-36ca27a72050,1633,,"[33.2, 11.1]",3920417,52,,,,-0.6604708,,Left Foot,,,,"[45.3, 1.7]",Ground Pass,,15.3222065,,,Moussa Diarra,32952.0,,,,,,,2,From Goal Kick,Sikou Niakate,7295.0,Left Center Back,103,Mali,4930,['ed828e75-9020-45b7-a889-2fdad2547256'],58,,,,,,,,,,,,,,,,,,Mali,4930,00:07:58.976,Pass,
,,,,,,,,,,,,,2.005938,,,,,,,,,,,,8391bb6a-068f-4277-a8b5-d3ec3d71be9b,1636,,"[45.9, 3.0]",3920417,53,,,,2.718521,,Left Foot,,,,"[26.8, 11.6]",Ground Pass,,20.946838,,,Sikou Niakate,7295.0,,,,,,,2,From Goal Kick,Moussa Diarra,32952.0,Left Back,103,Mali,4930,['f41452be-a334-40ec-9493-db8dd3ef486f'],1,,,,,,,,,,,,,,,,,,Mali,4930,00:08:01.828,Pass,
,,,,,,,,,,,,,3.797238,,,,,,,,,,,,21006bd7-d756-4b75-9a95-df0cc8a3c4d4,1639,,"[34.8, 14.1]",3920417,53,,,,1.1407182,,Left Foot,,,,"[64.8, 79.5]",High Pass,,71.952484,Out,,Fousseni Diabaté,3710.0,,,True,,,,2,From Goal Kick,Sikou Niakate,7295.0,Left Center Back,103,Mali,4930,['d1cfb13a-7bb2-4f95-8099-e2cc0f7d2be0'],6,,,,,,,,,,,,,,,,,,Mali,4930,00:08:06.236,Pass,
,,,,,,,,,,,,,3.489979,,,,,,,,,,,,2e80c037-e96e-4c77-a303-2154da4df67d,1641,,"[49.2, 0.1]",3920417,53,,,,0.71323454,,,,,,"[84.8, 30.9]",High Pass,,47.07441,,,Peter Shalulile,65723.0,,,,,,Throw-in,2,From Throw In,Riaan Hanamub,65555.0,Left Back,104,Namibia,4980,['3b925559-b44d-4ac8-a70c-c1b221a24160'],18,,,,,,,,,,,,,,,,,,Namibia,4980,00:08:18.171,Pass,
,,,,,,,,,,,,,0.908169,,,,,,,,,,,,97cdee38-e031-411d-9fb3-a6dab4a48e80,1644,,"[86.7, 37.0]",3920417,53,,,,0.26916748,,Right Foot,,,,"[101.2, 41.0]",Low Pass,,15.041609,,,Muzeu Bethuel,389319.0,,,,,,,2,From Throw In,Peter Shalulile,65723.0,Center Forward,104,Namibia,4980,['ffa47029-946c-47a6-a5b6-ebdd6e88314c'],22,,,,,,,,,,,,,,,,,,Namibia,4980,00:08:22.809,Pass,
,,,,,,,,,,,,,1.420471,,,,,,,,,,,,8a330c49-140d-4b37-9cdb-b923fb1fed66,1649,,"[120.0, 0.1]",3920417,54,,,,1.7881799,,Left Foot,,,,"[110.9, 41.3]",High Pass,,42.19301,Incomplete,True,Ivan Kamberipa,103799.0,,,True,Outswinging,,Corner,2,From Corner,Deon Hotto Kavendji,64612.0,Left Midfield,105,Namibia,4980,"['6e9197ca-144b-4e2d-900a-f30dea10e228', '3d9e37a4-502f-4bee-a7fd-4a26abe99959']",7,,,,,,,,,,,,,,,,,,Namibia,4980,00:09:07.536,Pass,
,,,,,,,,,,,,,1.460286,,,,,,,,,,,,b35dfffe-a501-405a-965a-6822ac28fec2,1653,,"[120.0, 0.1]",3920417,54,,,,1.7792134,ccc25a0e-67ea-45c8-af75-0b8d837b4034,Left Foot,,,,"[111.9, 38.4]",High Pass,,39.14716,,True,Kennedy Amutenya,264381.0,True,,,Outswinging,,Corner,2,From Corner,Deon Hotto Kavendji,64612.0,Left Midfield,106,Namibia,4980,['391c6d71-283c-44aa-b1f0-94dbacf9db74'],38,,,,,,,,,,,,,,,,,,Namibia,4980,00:09:38.226,Pass,
,,,,,,,,,,,,,1.098737,,,,,,,,,,,,4477778c-6d91-4a42-b109-5ee5b41eb7df,1661,,"[114.2, 72.3]",3920417,54,,,,2.8023,,Left Foot,,,,"[104.0, 75.9]",Ground Pass,,10.816654,,,Aprocious Petrus,136406.0,,,,,,,2,From Corner,Prins Menelik Tjiueza,103803.0,Right Center Midfield,106,Namibia,4980,['36145d87-5663-4039-ad49-aafd229c4808'],46,,,,,,,,,,,,,,,,,,Namibia,4980,00:09:46.076,Pass,
,,,,,,,,,,,,,1.339973,,,,,,,,,,,,cf1fb716-325e-4c21-9a59-0baf36fceb91,1666,,"[28.2, 0.1]",3920417,55,,,,0.24017102,,,,,,"[47.8, 4.9]",High Pass,,20.179197,,,Ibrahim Sissoko,8992.0,,,,,,Throw-in,2,From Throw In,Moussa Diarra,32952.0,Left Back,107,Mali,4930,['45c487e1-c7c6-495a-9bf6-03ba2abfcbc4'],11,,,,,,,,,,,,,,,,,,Mali,4930,00:10:11.568,Pass,
,,,,,,,,,,,,,2.328775,,,,,,,,,,,,fa08dfbc-7c59-40c6-8180-002ec293ef4c,1669,,"[47.3, 5.8]",3920417,55,,,,-2.8871162,,Right Foot,,,,"[30.0, 1.3]",Low Pass,,17.87568,,,Yves Bissouma,4385.0,,,,,,,2,From Throw In,Ibrahim Sissoko,8992.0,Left Center Forward,107,Mali,4930,['2e4e3d9a-bb7c-4a2f-8214-cba33a9dff35'],12,,,,,,,,,,,,,,,,,,Mali,4930,00:10:12.969,Pass,
,,,,,,,,,,,,,0.884215,,,,,,,,,,,,c05c606b-4e07-4423-a338-40cefff57da7,1672,,"[27.6, 3.6]",3920417,55,,,,-0.41822433,,Left Foot,,,,"[30.3, 2.4]",Ground Pass,,2.9546573,,,Moussa Diarra,32952.0,,,,,,,2,From Throw In,Yves Bissouma,4385.0,Left Defensive Midfield,107,Mali,4930,['5662f3ba-3e3e-47bc-96cf-99b90af010a5'],15,,,,,,,,,,,,,,,,,,Mali,4930,00:10:15.484,Pass,
,,,,,,,,,,,,,0.355922,,,,,,,,,,,,ebf29c14-2d4f-4ccb-b9a2-a04258b4c84d,1676,,"[29.5, 1.0]",3920417,55,,,,1.9624963,,Left Foot,,,,"[27.6, 5.6]",Ground Pass,,4.976947,,,Yves Bissouma,4385.0,,,,,,,2,From Throw In,Moussa Diarra,32952.0,Left Back,107,Mali,4930,"['05c7eea1-5708-44ad-912f-5000d600f493', '2fafca8f-9cf3-4a37-908f-d2e041db19d5']",16,,,,,,,,,,,,,,,,,,Mali,4930,00:10:16.574,Pass,True
,,,,,,,,,,,,,0.974365,,,,,,,,,,,,97905ccb-f92b-4837-b212-b473731b112b,1679,,"[22.9, 14.4]",3920417,55,,,,-2.6358013,,Left Foot,,,,"[16.4, 10.8]",Ground Pass,,7.430343,,,Sikou Niakate,7295.0,,,,,,,2,From Throw In,Yves Bissouma,4385.0,Left Defensive Midfield,107,Mali,4930,['f6a3a01f-b979-4dda-9ecd-f4797f16990d'],19,,,,,,,,,,,,,,,,,,Mali,4930,00:10:19.009,Pass,
,,,,,,,,,,,,,2.800452,,,,,,,,,,,,7b5ec817-f5e1-49d5-9d3b-6e9dac774b8b,1682,,"[16.4, 7.8]",3920417,55,,,,0.11239118,,Left Foot,,,,"[60.7, 12.8]",High Pass,,44.581276,,,Ibrahim Sissoko,8992.0,,,,,,,2,From Throw In,Sikou Niakate,7295.0,Left Center Back,107,Mali,4930,['c0abe38d-916d-454e-80ce-045cb9425550'],20,,,,,,,,,,,,,,,,,,Mali,4930,00:10:20.813,Pass,
,,,,,,,,,,,,,1.525728,,,,,,,,,,,,d46fe0c7-de3b-4efb-9d2e-b5425b1b9ee5,1684,,"[61.7, 14.1]",3920417,55,,,,-0.5483072,,Head,,,,"[78.4, 3.9]",Low Pass,,19.568598,,,Nene Dorgeles,199653.0,,,,,,,2,From Throw In,Ibrahim Sissoko,8992.0,Left Center Forward,107,Mali,4930,['e60e6c4e-9b84-4469-a641-c762c32ad1e2'],23,,,,,,,,,,,,,,,,,,Mali,4930,00:10:23.671,Pass,
,,,,,,,,,,,,,2.215127,,,,,,,,,,,,0b3313a6-e6fe-496b-99a6-7631838eb503,1692,,"[27.8, 72.0]",3920417,55,,,,-2.4827867,,Left Foot,,,,"[6.1, 55.2]",Ground Pass,,27.443214,,,Lloyd Junior Kazapua,125324.0,,,,,,,2,From Throw In,Prins Menelik Tjiueza,103803.0,Right Center Midfield,107,Mali,4930,['009d7f13-859d-44b7-b212-831814e86345'],28,,,,,,,,,,,,,,,,,,Namibia,4980,00:10:28.295,Pass,
,,,,,,,,,,,,,3.810731,,,,,,,,,,,,0de27e88-2fbc-4d4a-953c-bbb65a908445,1696,,"[6.9, 54.8]",3920417,55,,,,0.6580632,,Right Foot,,,,"[39.5, 80.0]",High Pass,,41.20437,Out,,Muzeu Bethuel,389319.0,,,,,,,2,From Throw In,Lloyd Junior Kazapua,125324.0,Goalkeeper,107,Mali,4930,"['68473c5f-ee00-4ada-b30b-8daf50bb08d8', '182ae283-da05-4835-a3ee-3f4fd1d6be71']",30,,,,,,,,,,,,,,,,,,Namibia,4980,00:10:30.591,Pass,True
,,,,,,,,,,,,,0.704113,,,,,,,,,,,,69fc85d8-6e3d-43cf-ab24-fd9d864b34ee,1699,,"[72.2, 0.1]",3920417,55,True,,,1.9844855,,,,,,"[68.6, 8.3]",Low Pass,,8.955445,,,Yves Bissouma,4385.0,,,,,,Throw-in,2,From Throw In,Moussa Diarra,32952.0,Left Back,108,Mali,4930,['2d3848be-2ccc-4db9-9c32-c276c46962e2'],38,,,,,,,,,,,,,,,,,,Mali,4930,00:10:38.557,Pass,
,,,,,,,,,,,,,0.545845,,,,,,,,,,,,7d39dd76-1736-497f-884b-c0209277e5fe,1701,,"[69.5, 8.8]",3920417,55,,,,-1.1019675,,Right Foot,,,,"[73.4, 1.1]",Ground Pass,,8.631338,,,Moussa Diarra,32952.0,,,,,,,2,From Throw In,Yves Bissouma,4385.0,Left Defensive Midfield,108,Mali,4930,['13628ff3-ce53-4b20-86e6-6effe8e466cb'],39,,,,,,,,,,,,,,,,,,Mali,4930,00:10:39.472,Pass,
,,,,,,,,,,,,,1.16449,,,,,,,,,,,,39244da0-76e1-43db-a932-6f70281963e0,1704,,"[73.4, 1.9]",3920417,55,,,,0.11065722,,Left Foot,,,,"[84.2, 3.1]",Ground Pass,,10.866462,,,Nene Dorgeles,199653.0,,,,,,,2,From Throw In,Moussa Diarra,32952.0,Left Back,108,Mali,4930,['13560e63-3aaf-4087-b479-7a9f56af7204'],40,,,,,,,,,,,,,,,,,,Mali,4930,00:10:40.890,Pass,
,,,,,,,,,,,,,3.195048,,,,,,,,,,,,bbaff0dd-3222-4341-af40-d82dc9d59cb9,1707,,"[77.3, 3.8]",3920417,55,,,,1.4356257,,Right Foot,,,,"[87.5, 78.8]",High Pass,,75.69042,Out,,,,,,True,,,,2,From Throw In,Nene Dorgeles,199653.0,Right Wing,108,Mali,4930,,44,,,,,,,,,,,,,,,,,,Mali,4930,00:10:44.588,Pass,
,,,,,,,,,,,,,2.347966,,,,,,,,,,,,3672c81e-ad2a-45e6-8cf5-6fb6f6e49a96,1708,,"[33.3, 0.1]",3920417,56,,,,0.2680049,,,,,,"[52.6, 5.4]",High Pass,,20.014494,,,Aprocious Petrus,136406.0,,,,,,Throw-in,2,From Throw In,Riaan Hanamub,65555.0,Left Back,109,Namibia,4980,['da2b4ef0-4e50-4023-ae33-8909bfeb70e0'],9,,,,,,,,,,,,,,,,,,Namibia,4980,00:11:09.078,Pass,
,,,,,,,,,,,,,1.859285,,,,,,,,,,,,1d2f769d-24ec-4b59-87ce-3aec11d60003,1710,,"[52.0, 3.8]",3920417,56,,,,0.084454715,,Head,,,,"[70.9, 5.4]",High Pass,,18.967604,Incomplete,,Deon Hotto Kavendji,64612.0,,,,,,,2,From Throw In,Aprocious Petrus,136406.0,Center Defensive Midfield,109,Namibia,4980,"['21bdb154-1820-4ba8-9046-919354976a2a', '58836140-9c27-4906-8fa4-aaeec2ca90c3']",11,,,,,,,,,,,,,,,,,,Namibia,4980,00:11:11.506,Pass,
,,,,,,,,,,,,,2.581318,,,,,,,,,,,,7bad2176-ac16-47ec-a26e-63127c5a8e11,1715,,"[49.7, 76.1]",3920417,56,,,,-0.15410812,,Right Foot,,,,"[90.9, 69.7]",High Pass,,41.694126,Incomplete,,Ibrahim Sissoko,8992.0,,,,,,,2,Regular Play,Boubakar Kouyate,23331.0,Right Center Back,110,Mali,4930,"['bc03c326-2fcd-4ac9-8870-665e627f6e7b', 'a194e6f5-b810-4a6d-a40a-13ba0bf2b8c7', 'fd70adbe-9140-4b6d-b47e-8af4d4bac257']",14,,,,,,,,,,,,,,,,,,Mali,4930,00:11:14.442,Pass,True
,,,,,,,,,,,,,0.695373,,,,,,,,,,,,6cf50234-e6cf-4f83-a9c6-e371c3bfb588,1718,,"[83.9, 80.0]",3920417,56,,,,-1.5707964,,,,,,"[83.9, 69.2]",Low Pass,,10.8,,,Kamory Doumbia,162132.0,,,,,,Throw-in,2,From Throw In,Hamari Traoré,3248.0,Right Back,111,Mali,4930,['81ab052e-2093-44b2-b4e8-c1ad317e327f'],32,,,,,,,,,,,,,,,,,,Mali,4930,00:11:32.220,Pass,
,,,,,,,,,,,,,4.452216,,,,,,,,,,,,01137e88-5cfd-4d55-8b6d-427aa6e88eb6,1722,,"[87.5, 70.3]",3920417,56,,,,0.040225968,,Right Foot,,,,"[119.8, 71.6]",Ground Pass,,32.32615,Out,,Hamari Traoré,3248.0,,,,,,,2,From Throw In,Kamory Doumbia,162132.0,Center Attacking Midfield,111,Mali,4930,"['794ab996-5849-46ac-83d9-9c1340bd62ed', '406d75aa-904c-4f43-890a-86043120c03a']",34,,,,,,,,,,,,,,,,,,Mali,4930,00:11:34.811,Pass,True
,,,,,,,,,,,,,2.536484,,,,,,,,,,,,3f760f06-3402-43e8-adec-656c12ca8bc4,1726,,"[7.0, 41.0]",3920417,57,,,,-0.30365297,,Right Foot,,,,"[73.7, 20.1]",High Pass,,69.89778,,,Aprocious Petrus,136406.0,,,,,,Goal Kick,2,From Goal Kick,Lloyd Junior Kazapua,125324.0,Goalkeeper,112,Namibia,4980,['eff69fd3-a6f3-414e-bc1e-cecfd3587c3f'],8,,,,,,,,,,,,,,,,,,Namibia,4980,00:12:08.770,Pass,
,,,,,,,,,,,,,1.237014,,,,,,,,,,,,fee51c76-191f-4860-9623-4982677199ce,1729,,"[71.5, 20.4]",3920417,57,,,True,0.08163634,,,,,,"[82.5, 21.3]",High Pass,,11.0367565,,,Deon Hotto Kavendji,64612.0,,,,,,,2,From Goal Kick,Aprocious Petrus,136406.0,Center Defensive Midfield,112,Namibia,4980,"['34b46bb8-fe26-40fa-ac85-014fd53fff7f', '23f33313-eec3-4ce8-8e7e-975f84ac72a1']",11,,,,,,,,,,,,,,,,,,Namibia,4980,00:12:11.386,Pass,True
,,,,,,,,,,,,,1.368868,,,,,,,,,,,,123a9c6d-ec08-4e2d-b9a4-b662f9b0e28f,1731,,"[82.6, 23.7]",3920417,57,,,,0.24910235,,Head,,,,"[94.0, 26.6]",High Pass,,11.763078,,,Prins Menelik Tjiueza,103803.0,,,,,,,2,From Goal Kick,Deon Hotto Kavendji,64612.0,Left Midfield,112,Namibia,4980,['5e752eca-c82b-4872-9fa8-80e42aad05c1'],12,,,,,,,,,,,,,,,,,,Namibia,4980,00:12:12.706,Pass,
,,,,,,,,,,,,,0.183262,,,,,,,,,,,,d97a6099-8b37-4636-8579-0d0bd399a5c1,1734,,"[111.2, 20.7]",3920417,57,,,,1.7975951,,Left Foot,,,,"[110.3, 24.6]",Low Pass,,4.002499,Incomplete,,Peter Shalulile,65723.0,,,,,,,2,From Goal Kick,Prins Menelik Tjiueza,103803.0,Right Center Midfield,112,Namibia,4980,"['225a1f11-8c9b-479b-a673-e97df0aa412b', 'bb8a7826-dc7c-40e2-86d6-23e724288057']",15,,,,,,,,,,,,,,,,,,Namibia,4980,00:12:15.997,Pass,
,,,,,,,,,,,,,1.603117,,,,,,,,,,,,9f42213f-de0d-4e67-a69a-85d8ebe706ae,1737,,"[120.0, 0.1]",3920417,58,,,,1.7647555,,Left Foot,,,,"[111.2, 44.9]",High Pass,,45.656105,Incomplete,True,Peter Shalulile,65723.0,,,True,Outswinging,,Corner,2,From Corner,Deon Hotto Kavendji,64612.0,Left Midfield,113,Namibia,4980,"['14884042-2056-45df-bbe3-a63a5a3e456a', '2227c8ba-aae4-4002-8d7f-96043c5d62de']",0,,,,,,,,,,,,,,,,,,Namibia,4980,00:13:00.766,Pass,
,,,,,,,,,,,,,0.853503,,,,,,,,,,,,7e32c65c-7452-4496-9eaa-0409a0619103,1741,,"[97.9, 8.4]",3920417,58,,,,-0.48017502,,Left Foot,,,,"[107.5, 3.4]",Ground Pass,,10.824047,,,Deon Hotto Kavendji,64612.0,,,,,,Recovery,2,From Corner,Ngero Kaanjuka Katua,389316.0,Left Center Midfield,113,Namibia,4980,['1161fe1d-d736-4d90-b903-e52c8762d452'],6,,,,,,,,,,,,,,,,,,Namibia,4980,00:13:06.628,Pass,
,,,,,,,,,,,,,1.366595,,,,,,,,,,,,2a039e79-69ea-4073-aeb4-0b64624bf6ca,1744,,"[105.8, 3.4]",3920417,58,,,,2.8027983,,Left Foot,,,,"[95.3, 7.1]",Ground Pass,,11.132834,,,Ngero Kaanjuka Katua,389316.0,,,,,,,2,From Corner,Deon Hotto Kavendji,64612.0,Left Midfield,113,Namibia,4980,['2915f5bf-7768-4a29-a127-ebc5fc7dadd0'],7,,,,,,,,,,,,,,,,,,Namibia,4980,00:13:07.928,Pass,
,,,,,,,,,,,,,1.127285,,,,,,,,,,,,6d3c91c0-c7c0-4661-91dc-fb3a5ebc5303,1747,,"[96.2, 9.1]",3920417,58,,,,1.0776434,,Left Foot,True,,,"[108.4, 31.8]",High Pass,,25.77072,Incomplete,,Muzeu Bethuel,389319.0,,,,,,,2,From Corner,Ngero Kaanjuka Katua,389316.0,Left Center Midfield,113,Namibia,4980,"['19e1aaa4-f5d8-4e90-962b-e670be889d30', '17d76a16-164f-422a-8cfd-e3311ab53fd2']",9,,,,,,,,,,,,,,,,,,Namibia,4980,00:13:09.454,Pass,
,,,,,,,,,,,,,0.979777,,,,,,,,,,,,af055fad-11df-43ef-a949-4499b1ef03eb,1750,,"[83.3, 0.1]",3920417,58,True,,,0.37198758,,,,,,"[109.7, 10.4]",High Pass,,28.338137,,,Peter Shalulile,65723.0,,,,,,Throw-in,2,From Throw In,Riaan Hanamub,65555.0,Left Back,114,Namibia,4980,['36cd378c-1eaa-4bee-8c40-930f1b186f1c'],31,,,,,,,,,,,,,,,,,,Namibia,4980,00:13:31.653,Pass,
,,,,,,,,,,,,,0.966226,,,,,,,,,,,,7901f722-3cda-4b5d-828b-ba70781c6cac,1755,,"[111.4, 9.9]",3920417,58,,,,-2.5199327,,Right Foot,,,,"[104.7, 5.1]",Ground Pass,,8.241966,,,Deon Hotto Kavendji,64612.0,,,,,,,2,From Throw In,Peter Shalulile,65723.0,Center Forward,114,Namibia,4980,['d0987e9e-79da-4817-81c7-a94b7c4fa26a'],36,,,,,,,,,,,,,,,,,,Namibia,4980,00:13:36.654,Pass,
,,,,,,,,,,,,,5.9122,,,,,,,,,,,,e3d58786-318b-4f20-9e40-49abcaa74927,1759,,"[96.4, 7.0]",3920417,58,,,,1.7252107,,Right Foot,,,,"[85.8, 75.1]",High Pass,,68.92003,,,Ivan Kamberipa,103799.0,,,True,,,,2,From Throw In,Deon Hotto Kavendji,64612.0,Left Midfield,114,Namibia,4980,['19e0911c-6068-43eb-b01f-2dd130a5f0b5'],40,,,,,,,,,,,,,,,,,,Namibia,4980,00:13:40.417,Pass,
,,,,,,,,,,,,,1.107386,,,,,,,,,,,,38374c16-34c4-44e9-8b60-18d20434b7f9,1765,,"[84.0, 80.0]",3920417,58,,,,-0.41882277,,,,,,"[99.5, 73.1]",Low Pass,,16.966438,,,Muzeu Bethuel,389319.0,,,,,,Throw-in,2,From Throw In,Ivan Kamberipa,103799.0,Right Back,115,Namibia,4980,['306fcbd8-aa30-4530-93c2-c75c65910069'],58,,,,,,,,,,,,,,,,,,Namibia,4980,00:13:58.275,Pass,
,,,,,,,,,,,,,0.250436,,,,,,,,,,,,1340658d-1722-4775-aad8-a490a4837e17,1769,,"[98.4, 78.8]",3920417,59,,,,3.0791738,,Left Foot,,,,"[93.6, 79.1]",Ground Pass,,4.8093657,Incomplete,,Ivan Kamberipa,103799.0,,,,,,,2,From Throw In,Muzeu Bethuel,389319.0,Right Midfield,115,Namibia,4980,"['c07f2c50-19a1-4073-b7cc-96d73cb0a00b', 'd5d97681-220e-4d55-9bda-241acdde85d4']",2,,,,,,,,,,,,,,,,,,Namibia,4980,00:14:02.023,Pass,
,,,,,,,,,,,,,0.76567,,,,,,,,,,,,4bd076b4-d6ed-4c56-aed9-e5422e0150a2,1772,,"[96.4, 80.0]",3920417,59,,,,-0.7069878,,,,,,"[111.5, 67.1]",Low Pass,,19.86001,,,Muzeu Bethuel,389319.0,,,,,,Throw-in,2,From Throw In,Ivan Kamberipa,103799.0,Right Back,116,Namibia,4980,['1c21d03c-d7a5-4148-ac64-5a0cd807be6f'],21,,,,,,,,,,,,,,,,,,Namibia,4980,00:14:21.368,Pass,
,,,,,,,,,,,,,1.217935,,,,,,,,,,,,1ae48322-5632-4c48-aeba-8b3829b714c6,1776,,"[111.4, 68.5]",3920417,59,,,,2.6035485,,Right Foot,,,,"[99.0, 75.9]",Ground Pass,,14.440222,,,Ivan Kamberipa,103799.0,,,,,,,2,From Throw In,Muzeu Bethuel,389319.0,Right Midfield,116,Namibia,4980,['008eafd3-311c-479a-9582-753bbe3b9ff5'],22,,,,,,,,,,,,,,,,,,Namibia,4980,00:14:22.294,Pass,
,,,,,,,,,,,,,1.59887,,,,,,,,,,,,9ff7d6ca-b2e8-4dc2-a323-789a07303c70,1779,,"[98.3, 74.5]",3920417,59,,,,-1.1891372,,Right Foot,True,,,"[110.3, 44.6]",High Pass,,32.218163,Incomplete,,Peter Shalulile,65723.0,,,,,,,2,From Throw In,Ivan Kamberipa,103799.0,Right Back,116,Namibia,4980,"['4df666e2-9e3f-4905-bcce-8f996896a104', '3e767664-4208-4fe3-a613-b1d6b2361e88']",23,,,,,,,,,,,,,,,,,,Namibia,4980,00:14:23.672,Pass,
,,,,,,,,,,,,,0.838859,,,,,,,,,,,,d97a47c1-f01f-4b75-a2e2-7642c017f23a,1784,,"[87.2, 51.6]",3920417,59,,,,0.022984458,,Left Foot,,,,"[95.9, 51.8]",Ground Pass,,8.702298,,,Muzeu Bethuel,389319.0,,,,,,,2,From Throw In,Deon Hotto Kavendji,64612.0,Left Midfield,116,Namibia,4980,['31f545b6-00ce-423d-b32c-4afe50293bcc'],27,,,,,,,,,,,,,,,,,,Namibia,4980,00:14:27.757,Pass,
,,,,,,,,,,,,,1.895809,,,,,,,,,,,,857d7409-72ec-432a-b3d1-14cf9a7a324a,1787,,"[95.6, 50.9]",3920417,59,,,,-1.8237802,,Left Foot,,,,"[86.5, 15.7]",Ground Pass,,36.357254,,,Riaan Hanamub,65555.0,,,,,,,2,From Throw In,Muzeu Bethuel,389319.0,Right Midfield,116,Namibia,4980,['be030811-b78e-408b-a701-af5c7250dd36'],29,,,,,,,,,,,,,,,,,,Namibia,4980,00:14:29.408,Pass,
,,,,,,,,,,,,,1.850933,,,,,,,,,,,,e0130e14-edaf-4083-a4ac-f45d1cf0782e,1790,,"[91.9, 19.0]",3920417,59,,,,0.94378257,,Left Foot,,,,"[116.1, 52.4]",High Pass,,41.245605,,,Muzeu Bethuel,389319.0,,,,,,,2,From Throw In,Riaan Hanamub,65555.0,Left Back,116,Namibia,4980,['18a8d7f3-7816-4fb0-bca8-f60de7d48221'],32,,,,,,,,,,,,,,,,,,Namibia,4980,00:14:32.811,Pass,
,,,,,,,,,,,,,0.746379,,,,,,,,,,,,d55b0bdd-7414-4cd4-b47a-6b4eee8f2e97,1792,,"[116.1, 54.1]",3920417,59,,,,-1.8583722,,Head,True,,,"[114.0, 47.0]",High Pass,,7.4040527,Incomplete,,Peter Shalulile,65723.0,,,,,,,2,From Throw In,Muzeu Bethuel,389319.0,Right Midfield,116,Namibia,4980,"['5edf6970-8bcc-41cf-a311-19929a232ee8', 'a3acd075-c3cb-47b0-a747-a5d202f3f950']",34,,,,,,,,,,,,,,,,,,Namibia,4980,00:14:34.742,Pass,
,,,,,,,,,,,,,0.488763,,,,,,,,,,,,98c0cc8d-3352-415f-b4ad-90cef8dd991b,1798,,"[14.3, 22.5]",3920417,59,,,,0.38260722,,Left Foot,,,,"[22.5, 25.8]",Ground Pass,,8.839118,,,Kamory Doumbia,162132.0,,,,,,,2,From Counter,Fousseni Diabaté,3710.0,Left Wing,117,Mali,4930,['da6d484c-23f5-4826-8853-71f4c93a03e4'],37,,,,,,,,,,,,,,,,,,Mali,4930,00:14:37.829,Pass,
,,,,,,,,,,,,,1.591901,,,,,,,,,,,,69b9d9c3-26fc-4c4a-94f7-f37024af2346,1801,,"[29.5, 23.1]",3920417,59,,,,-1.1635405,,Right Foot,,,,"[36.1, 7.8]",Ground Pass,,16.662832,,,Fousseni Diabaté,3710.0,,,,,,,2,From Counter,Kamory Doumbia,162132.0,Center Attacking Midfield,117,Mali,4930,['58d817cc-a0d4-4261-9771-34e7f40d3bb4'],39,,,,,,,,,,,,,,,,,,Mali,4930,00:14:39.797,Pass,
,,,,,,,,,,,,,2.639139,,,,,,,,,,,,7c02682e-094a-4d47-832c-7ab7f342f8b1,1804,,"[36.5, 9.1]",3920417,59,,,,0.6118463,,Left Foot,,,,"[78.4, 38.5]",High Pass,,51.185642,,,Nene Dorgeles,199653.0,,,,,,,2,From Counter,Fousseni Diabaté,3710.0,Left Wing,117,Mali,4930,['3ec9c69a-30a2-4569-8783-2643a2ab354f'],41,,,,,,,,,,,,,,,,,,Mali,4930,00:14:41.570,Pass,
,,,,,,,,,,,,,3.034543,,,,,,,,,,,,8de3a494-02a6-4012-9f7f-90125c071e3f,1813,,"[44.2, 10.9]",3920417,60,True,,,0.8045298,,Right Foot,,,,"[92.9, 61.5]",Ground Pass,,70.22855,,,Muzeu Bethuel,389319.0,,,True,,,Free Kick,2,From Free Kick,Lubeni Haukongo,135004.0,Left Center Back,119,Namibia,4980,['6d2f6412-0f7c-4af6-8e6e-c7e8448ba8fa'],19,,,,,,,,,,,,,,,,,,Namibia,4980,00:15:19.210,Pass,
,,,,,,,,,,,,,1.490886,,,,,,,,,,,,8735a0c9-9bd9-4122-8615-ec89f56ab4ee,1821,,"[90.8, 80.0]",3920417,60,,,,-0.5810823,,,,,,"[110.9, 66.8]",Low Pass,,24.04683,,,Muzeu Bethuel,389319.0,,,,,,Throw-in,2,From Throw In,Ivan Kamberipa,103799.0,Right Back,120,Namibia,4980,['e00dd6f9-b140-4c4b-9913-9dfe99006b6e'],54,,,,,,,,,,,,,,,,,,Namibia,4980,00:15:54.078,Pass,
,,,,,,,,,,,,,0.226939,,,,,,,,,,,,5daa4457-915e-4314-b4db-880f2f91f09c,1825,,"[116.9, 76.3]",3920417,61,,,,-1.6991196,,Right Foot,,,,"[116.5, 73.2]",Ground Pass,,3.1257,Incomplete,,Peter Shalulile,65723.0,,,,,,,2,From Throw In,Muzeu Bethuel,389319.0,Right Midfield,120,Namibia,4980,"['1de7c403-06c5-4b91-be6e-d5a30c320fe9', '5a761bb2-c0d9-4297-abea-0d3fa4150436']",1,,,,,,,,,,,,,,,,,,Namibia,4980,00:16:01.917,Pass,
,,,,,,,,,,,,,1.043328,,,,,,,,,,,,9433a751-0167-4ca2-af54-747eed3e3461,1828,,"[101.7, 80.0]",3920417,61,,,,-0.99063057,,,,,,"[111.4, 65.2]",Low Pass,,17.69548,,,Muzeu Bethuel,389319.0,,,,,,Throw-in,2,From Throw In,Ivan Kamberipa,103799.0,Right Back,121,Namibia,4980,['2d55200d-0842-4da8-ab34-c4799c75ddcd'],16,,,,,,,,,,,,,,,,,,Namibia,4980,00:16:16.543,Pass,
,,,,,,,,,,,,,1.638175,,,,,,,,,,,,c3f6aff8-1759-4848-8b24-2040a4fe11fc,1832,,"[105.0, 65.1]",3920417,61,,,,2.659514,,Left Foot,,,True,"[96.4, 69.6]",Ground Pass,,9.706183,,,Aprocious Petrus,136406.0,,,,,,,2,From Throw In,Muzeu Bethuel,389319.0,Right Midfield,121,Namibia,4980,['c782abef-aed6-423c-97bc-7a07f2d02902'],19,,,,,,,,,,,,,,,,,,Namibia,4980,00:16:19.837,Pass,
,,,,,,,,,,,,,0.838444,,,,,,,,,,,,6bd0f9e5-3ec6-4a85-834f-a7f992080043,1837,,"[96.9, 70.6]",3920417,61,,,,-2.3738918,,Left Foot,,,,"[85.4, 59.5]",Ground Pass,,15.983116,,,Ngero Kaanjuka Katua,389316.0,,,,,,,2,From Throw In,Aprocious Petrus,136406.0,Center Defensive Midfield,121,Namibia,4980,['6cb9e518-65ef-497e-bcdd-830539818481'],22,,,,,,,,,,,,,,,,,,Namibia,4980,00:16:22.460,Pass,
,,,,,,,,,,,,,1.719998,,,,,,,,,,,,bcca1aa1-c139-48dc-9065-e38341ff0b4c,1840,,"[84.2, 58.1]",3920417,61,,,,-1.8547163,,Left Foot,,,,"[75.3, 27.6]",Ground Pass,,31.772,,,Riaan Hanamub,65555.0,,,,,,,2,From Throw In,Ngero Kaanjuka Katua,389316.0,Left Center Midfield,121,Namibia,4980,['1ea8f580-da0c-4e51-89fd-4c25be529edc'],24,,,,,,,,,,,,,,,,,,Namibia,4980,00:16:24.897,Pass,
,,,,,,,,,,,,,1.639999,,,,,,,,,,,,8ce20d65-7680-4292-a973-7a08c0ee5ba9,1843,,"[75.8, 25.4]",3920417,61,,,,-1.0899091,,Left Foot,,,,"[85.4, 7.0]",Ground Pass,,20.753796,,,Deon Hotto Kavendji,64612.0,,,,,,,2,From Throw In,Riaan Hanamub,65555.0,Left Back,121,Namibia,4980,['cc872215-56cb-4065-8108-7f37d4dca644'],28,,,,,,,,,,,,,,,,,,Namibia,4980,00:16:28.257,Pass,
,,,,,,,,,,,,,1.235661,,,,,,,,,,,,d2b0e2cd-42c7-498f-a0ce-d5dbbaaae781,1846,,"[86.5, 15.7]",3920417,61,,,,2.561322,,Left Foot,,,,"[77.5, 21.6]",Ground Pass,,10.761505,,,Lubeni Haukongo,135004.0,,,,,,,2,From Throw In,Deon Hotto Kavendji,64612.0,Left Midfield,121,Namibia,4980,['e3fb2e7b-cbde-4447-b8a6-0529e0388264'],32,,,,,,,,,,,,,,,,,,Namibia,4980,00:16:32.552,Pass,
,,,,,,,,,,,,,0.834601,,,,,,,,,,,,b6caf248-1631-45c0-9707-97b97f1f1330,1849,,"[77.5, 15.7]",3920417,61,,,,-0.62364393,,Left Foot,,,,"[91.4, 5.7]",Ground Pass,,17.123375,,,Riaan Hanamub,65555.0,,,,,,,2,From Throw In,Lubeni Haukongo,135004.0,Left Center Back,121,Namibia,4980,['32dd625e-aefa-47b3-a7d6-1a13da78164a'],34,,,,,,,,,,,,,,,,,,Namibia,4980,00:16:34.808,Pass,
,,,,,,,,,,,,,0.351522,,,,,,,,,,,,148ddedd-f4c5-4c52-9ed7-c0b3ce0f091d,1852,,"[92.0, 4.0]",3920417,61,,,,1.1626472,,Left Foot,,,,"[93.6, 7.7]",Ground Pass,,4.031129,Incomplete,,Deon Hotto Kavendji,64612.0,,,,,,,2,From Throw In,Riaan Hanamub,65555.0,Left Back,121,Namibia,4980,"['387f2d2b-f7bb-467f-a5bc-a28c1d9de770', '1329e3b2-6b56-44eb-a800-bca939910e54']",37,,,,,,,,,,,,,,,,,,Namibia,4980,00:16:37.380,Pass,
,,,,,,,,,,,,,2.127402,,,,,,,,,,,,ef7b5931-e6d1-4362-b54d-b185612050b5,1857,,"[90.1, 5.9]",3920417,61,,,,2.7610862,,Left Foot,,,,"[56.1, 19.5]",Low Pass,,36.61912,,,Lubeni Haukongo,135004.0,,,,,,,2,From Throw In,Riaan Hanamub,65555.0,Left Back,121,Namibia,4980,['6f4d44e8-91bc-4553-9890-4386e3c11edd'],39,,,,,,,,,,,,,,,,,,Namibia,4980,00:16:39.115,Pass,
,,,,,,,,,,,,,2.839998,,,,,,,,,,,,49da15c2-78c1-48bf-8655-541b9788c929,1860,,"[56.5, 22.3]",3920417,61,,,,1.6238714,,Left Foot,,,,"[54.8, 54.3]",Ground Pass,,32.045124,,,Kennedy Amutenya,264381.0,,,,,,,2,From Throw In,Lubeni Haukongo,135004.0,Left Center Back,121,Namibia,4980,['4319799b-5927-4d8c-8058-9709130479dc'],42,,,,,,,,,,,,,,,,,,Namibia,4980,00:16:42.249,Pass,
,,,,,,,,,,,,,2.399998,,,,,,,,,,,,a01438f4-3dc3-4f07-802c-5abd8da77d92,1863,,"[55.4, 61.3]",3920417,61,,,,0.90770817,,Right Foot,,,,"[68.6, 78.2]",Ground Pass,,21.444113,,,Prins Menelik Tjiueza,103803.0,,,,,,,2,From Throw In,Kennedy Amutenya,264381.0,Right Center Back,121,Namibia,4980,['f104f81a-7280-4c1d-b330-df4acb07cb50'],45,,,,,,,,,,,,,,,,,,Namibia,4980,00:16:45.809,Pass,
,,,,,,,,,,,,,0.914525,,,,,,,,,,,,94826de4-5903-462e-86af-7488e1b47754,1866,,"[69.5, 75.7]",3920417,61,,,,-1.2435006,,Right Foot,,,,"[75.0, 59.5]",Ground Pass,,17.108185,,,Muzeu Bethuel,389319.0,,,,,,,2,From Throw In,Prins Menelik Tjiueza,103803.0,Right Center Midfield,121,Namibia,4980,['9c9478ac-3756-4047-b5b5-39e7e5ca1087'],48,,,,,,,,,,,,,,,,,,Namibia,4980,00:16:48.492,Pass,
,,,,,,,,,,,,,0.117847,,,,,,,,,,,,32009d20-43e0-418f-8f76-0b6cc222e2fd,1874,,"[63.7, 63.8]",3920417,61,,,,-0.2551824,,Left Foot,,,,"[68.3, 62.6]",Ground Pass,,4.753946,Incomplete,,Muzeu Bethuel,389319.0,,,,,,,2,From Throw In,Aprocious Petrus,136406.0,Center Defensive Midfield,121,Namibia,4980,"['c7c3479b-5097-4fe9-9dbe-270d15cb16d7', 'ddb54102-290d-4610-a014-bf64a9eabbb7']",52,,,,,,,,,,,,,,,,,,Namibia,4980,00:16:52.296,Pass,
,,,,,,,,,,,,,0.591269,,,,,,,,,,,,3d088fe6-21ef-4861-a51c-a1c4f8b643a9,1878,,"[52.9, 28.8]",3920417,61,,,,-2.082652,,Right Foot,,,,"[47.9, 19.9]",Ground Pass,,10.20833,,,Aliou Dieng,67714.0,,,,,,Recovery,2,Regular Play,Kamory Doumbia,162132.0,Center Attacking Midfield,122,Mali,4930,"['402ca133-9284-4999-bc59-bb3981946559', '9228785f-d389-4200-87a7-f4505b4254e1']",53,,,,,,,,,,,,,,,,,,Mali,4930,00:16:53.955,Pass,True
,,,,,,,,,,,,,0.714118,,,,,,,,,,,,949a682f-3d7b-4c30-9912-f0a2c30c4ac4,1881,,"[48.7, 16.7]",3920417,61,,,,-0.758559,,Right Foot,,,,"[64.0, 2.2]",Low Pass,,21.079374,,,Yves Bissouma,4385.0,,,,,,,2,Regular Play,Aliou Dieng,67714.0,Right Defensive Midfield,122,Mali,4930,['4f8820a5-95d3-4a9b-9450-cb70025e2f80'],54,,,,,,,,,,,,,,,,,,Mali,4930,00:16:54.611,Pass,
,,,,,,,,,,,,,0.725955,,,,,,,,,,,,1869cf36-4119-4b3e-ba5d-2e4d9037ad15,1885,,"[47.8, 22.2]",3920417,61,,,,-0.13970888,,Right Foot,,,,"[54.2, 21.3]",Ground Pass,,6.4629717,,,Kamory Doumbia,162132.0,,,,,,,2,Regular Play,Yves Bissouma,4385.0,Left Defensive Midfield,122,Mali,4930,"['fa91af9a-6ba9-4f49-9029-5123467cf16e', '172492ae-15dd-488c-b2e3-607b4e2691a8']",55,,,,,,,,,,,,,,,,,,Mali,4930,00:16:55.755,Pass,True
,,,,,,,,,,,,,1.427068,,,,,,,,,,,,052a3b77-83ce-47b7-831b-13e85a9b3e1e,1889,,"[54.5, 20.8]",3920417,61,,,,-2.427502,,Right Foot,,,,"[39.5, 7.8]",Ground Pass,,19.849434,,,Moussa Diarra,32952.0,,,,,,,2,Regular Play,Kamory Doumbia,162132.0,Center Attacking Midfield,122,Mali,4930,"['c2ce32fa-48af-4465-b680-7110f03009ca', '94477ce3-c0a2-4a4a-8ff3-224b7fb2f28e']",56,,,,,,,,,,,,,,,,,,Mali,4930,00:16:56.930,Pass,True
,,,,,,,,,,,,,1.479943,,,,,,,,,,,,31d95618-5539-4d8b-8450-29dc1964d76b,1896,,"[98.6, 73.2]",3920417,62,,,,-1.3932002,,Right Foot,True,,,"[102.8, 49.8]",Ground Pass,,23.773935,,,Peter Shalulile,65723.0,,,,,,,2,Regular Play,Prins Menelik Tjiueza,103803.0,Right Center Midfield,123,Namibia,4980,['9447dd33-38e6-4089-b9c5-9d5b3e13984e'],3,,,,,,,,,,,,,,,,,,Namibia,4980,00:17:03.816,Pass,
,,,,,,,,,,,,,0.711295,,,,,,,,,,,,8c98d0df-c83b-4f77-9387-9ee3f4b2f8d6,1899,,"[103.4, 48.8]",3920417,62,,,,-1.5501807,,Right Foot,,,,"[103.6, 39.1]",Ground Pass,,9.702062,,,Deon Hotto Kavendji,64612.0,,,,,,,2,Regular Play,Peter Shalulile,65723.0,Center Forward,123,Namibia,4980,['d5cb5cff-602c-4e32-be5c-410f1bada96b'],5,,,,,,,,,,,,,,,,,,Namibia,4980,00:17:05.461,Pass,
,,,,,,,,,,,,,0.994634,,,,,,,,,,,,4121fa99-c827-4965-9c48-98d34f2d398b,1903,,"[103.1, 41.8]",3920417,62,,,,-2.0912547,927b245b-cb93-486f-9cea-9c5035d0bee1,Left Foot,,,,"[98.4, 33.6]",Ground Pass,,9.451455,,,Ngero Kaanjuka Katua,389316.0,True,,,,,,2,Regular Play,Deon Hotto Kavendji,64612.0,Left Midfield,123,Namibia,4980,"['518f3ea5-6bce-402d-92bf-0b1eda9792b2', 'c7d9746d-1b57-44fd-ba60-6f2a003d4eaf']",8,,,,,,,,,,,,,,,,,,Namibia,4980,00:17:08.383,Pass,True
,,,,,,,,,,,,,3.893427,,,,,,,,,,,,6b42f202-6a58-454c-ad4f-1bfb57627d1c,1907,,"[6.0, 37.7]",3920417,62,,,,0.4250402,,Right Foot,,,,"[72.5, 67.8]",High Pass,,72.994934,Incomplete,,Nene Dorgeles,199653.0,,,,,,Goal Kick,2,From Goal Kick,Djigui Diarra,102992.0,Goalkeeper,124,Mali,4930,"['6dbd4d0e-0757-46e1-a552-092d5b383914', 'a521a41c-fdce-4b70-b31e-165d5e37240d']",43,,,,,,,,,,,,,,,,,,Mali,4930,00:17:43.939,Pass,
,,,,,,,,,,,,,1.696123,,,,,,,,,,,,f360c26b-e3c2-44a8-96dd-2db75158bf99,1912,,"[47.6, 17.7]",3920417,62,,,,0.5057913,,Left Foot,,,,"[73.6, 32.1]",High Pass,,29.721373,Incomplete,,Peter Shalulile,65723.0,,,,,,,2,From Goal Kick,Lubeni Haukongo,135004.0,Left Center Back,124,Mali,4930,"['0af6f8bd-11e0-4015-8f18-691368804ff9', 'ff7d9a02-fce2-4314-93ca-149aecc3dba1']",49,,,,,,,,,,,,,,,,,,Namibia,4980,00:17:49.179,Pass,
,,,,,,,,,,,,,1.917769,,,,,,,,,,,,ff7d9a02-fce2-4314-93ca-149aecc3dba1,1914,,"[46.5, 48.0]",3920417,62,,,,0.1450417,,Head,,,,"[73.2, 51.9]",High Pass,,26.983328,Incomplete,,Aliou Dieng,67714.0,,,,,,Recovery,2,From Goal Kick,Sikou Niakate,7295.0,Left Center Back,124,Mali,4930,"['c2c73952-994b-4130-a17e-e8f5905a5221', 'a9a9dce5-f2fb-478f-ba0b-383bbfa02e57', 'f360c26b-e3c2-44a8-96dd-2db75158bf99']",50,,,,,,,,,,,,,,,,,,Mali,4930,00:17:50.875,Pass,
,,,,,,,,,,,,,1.297818,,,,,,,,,,,,c2c73952-994b-4130-a17e-e8f5905a5221,1916,,"[46.9, 28.2]",3920417,62,,,,0.48995733,,Head,,,,"[60.4, 35.4]",High Pass,,15.3,Unknown,,Muzeu Bethuel,389319.0,,,,,,Recovery,2,From Goal Kick,Lubeni Haukongo,135004.0,Left Center Back,124,Mali,4930,"['781b4c71-e8d5-4f82-9cce-aead6a9635e4', 'ff7d9a02-fce2-4314-93ca-149aecc3dba1']",52,,,,,,,,,,,,,,,,,,Namibia,4980,00:17:52.793,Pass,
,,,,,,,,,,,,,2.924943,,,,,,,,,,,,f38533c9-8842-4e57-a637-c5aad23088fa,1920,,"[60.0, 33.4]",3920417,63,,,,-0.41081968,,Right Foot,,,,"[112.8, 10.4]",High Pass,,57.592014,Unknown,,Deon Hotto Kavendji,64612.0,,,,,,Free Kick,2,From Free Kick,Kennedy Amutenya,264381.0,Right Center Back,125,Namibia,4980,['de7b3077-154e-4d49-92c3-7422fb823e55'],12,,,,,,,,,,,,,,,,,,Namibia,4980,00:18:12.054,Pass,
,,,,,,,,,,,,,3.00983,,,,,,,,,,,,1dc3384c-87ef-401a-b4f0-11320263381c,1923,,"[8.1, 69.2]",3920417,63,,,,-0.34674534,,Right Foot,,,,"[67.6, 47.7]",High Pass,,63.265316,Incomplete,,Ibrahim Sissoko,8992.0,,,,,,Free Kick,2,From Free Kick,Djigui Diarra,102992.0,Goalkeeper,126,Mali,4930,"['3daa9409-601e-4d5e-8947-3bd5d9b7a375', '2476e22c-7d61-4ab6-8b93-2e0a6405cb58']",48,,,,,,,,,,,,,,,,,,Mali,4930,00:18:48.865,Pass,
,,,,,,,,,,,,,1.455709,,,,,,,,,,,,2476e22c-7d61-4ab6-8b93-2e0a6405cb58,1925,,"[52.5, 32.4]",3920417,63,,,,-0.065408744,,Head,,,,"[75.4, 30.9]",High Pass,,22.949074,Incomplete,,Peter Shalulile,65723.0,,,,,,Recovery,2,From Free Kick,Prins Menelik Tjiueza,103803.0,Right Center Midfield,126,Mali,4930,"['6a1c9316-ed9d-4df8-b384-447d742961c3', '42016bee-37f4-4cf8-92aa-0bb4509d627d', '1dc3384c-87ef-401a-b4f0-11320263381c']",51,,,,,,,,,,,,,,,,,,Namibia,4980,00:18:51.875,Pass,
,,,,,,,,,,,,,1.072057,,,,,,,,,,,,6a1c9316-ed9d-4df8-b384-447d742961c3,1927,,"[44.7, 49.2]",3920417,63,,,,0.51488477,,Head,,,,"[52.3, 53.5]",High Pass,,8.732124,,,Aliou Dieng,67714.0,,,,,,Recovery,2,From Free Kick,Sikou Niakate,7295.0,Left Center Back,126,Mali,4930,"['2476e22c-7d61-4ab6-8b93-2e0a6405cb58', '9e2fbd40-ea44-4c9c-90dc-f88e7c5698e0']",53,,,,,,,,,,,,,,,,,,Mali,4930,00:18:53.331,Pass,
,,,,,,,,,,,,,0.851885,,,,,,,,,,,,19f91df5-4f5c-45af-84d5-9ce97552f526,1929,,"[52.3, 55.3]",3920417,63,,,,1.9374845,,Head,,,,"[47.0, 69.1]",Low Pass,,14.782761,,,Hamari Traoré,3248.0,,,,,,,2,From Free Kick,Aliou Dieng,67714.0,Right Defensive Midfield,126,Mali,4930,['74c16956-c0c6-490f-b0f4-49998466f67f'],54,,,,,,,,,,,,,,,,,,Mali,4930,00:18:54.621,Pass,
,,,,,,,,,,,,,0.758029,,,,,,,,,,,,9d1fdc7a-a296-4f9d-820e-ca52265002d1,1932,,"[45.7, 67.0]",3920417,63,,,,-0.88847977,,Left Foot,,,,"[50.9, 60.6]",Low Pass,,8.246211,,,Aliou Dieng,67714.0,,,,,,,2,From Free Kick,Hamari Traoré,3248.0,Right Back,126,Mali,4930,['979c9543-3b32-4971-a968-15bdd0110f9d'],55,,,,,,,,,,,,,,,,,,Mali,4930,00:18:55.782,Pass,
,,,,,,,,,,,,,0.914421,,,,,,,,,,,,dd501616-96d9-466f-a2b7-7e40587537c8,1936,,"[43.4, 73.0]",3920417,64,,,,-1.6614562,,Right Foot,,,,"[42.6, 64.2]",Ground Pass,,8.836288,,,Yves Bissouma,4385.0,,,,,,,2,From Free Kick,Aliou Dieng,67714.0,Right Defensive Midfield,126,Mali,4930,"['875cbbc3-f610-49da-9f2d-7221f651c1a7', 'a1f733f1-2f16-4ba2-9bb2-05a6b55fbe9e']",1,,,,,,,,,,,,,,,,,,Mali,4930,00:19:01.897,Pass,True
,,,,,,,,,,,,,1.745753,,,,,,,,,,,,778265f1-8123-453f-abab-3636effc4201,1939,,"[48.7, 50.6]",3920417,64,,,,-1.5707964,,Right Foot,,,,"[48.7, 17.4]",Ground Pass,,33.2,,,Moussa Diarra,32952.0,,,,,,,2,From Free Kick,Yves Bissouma,4385.0,Left Defensive Midfield,126,Mali,4930,['e12cbda0-f849-4c71-9e8b-bfe5599de4cd'],5,,,,,,,,,,,,,,,,,,Mali,4930,00:19:05.636,Pass,
,,,,,,,,,,,,,1.128711,,,,,,,,,,,,bc0fccb9-4a45-480b-ad5c-73cd5bd6e083,1942,,"[50.3, 14.1]",3920417,64,,,,-0.5412227,,Left Foot,,,,"[68.6, 3.1]",Ground Pass,,21.351582,,,Fousseni Diabaté,3710.0,,,,,,,2,From Free Kick,Moussa Diarra,32952.0,Left Back,126,Mali,4930,['e32a5c07-7675-4a40-ad54-5001d0582a17'],8,,,,,,,,,,,,,,,,,,Mali,4930,00:19:08.599,Pass,
,,,,,,,,,,,,,0.734669,,,,,,,,,,,,dfea4f35-110a-42f2-b66e-c3f6085812f1,1945,,"[72.0, 3.1]",3920417,64,,,,0.21293835,,Left Foot,,,,"[86.8, 6.3]",Ground Pass,,15.141994,,,Kamory Doumbia,162132.0,,,,,,,2,From Free Kick,Fousseni Diabaté,3710.0,Left Wing,126,Mali,4930,['a19801fa-74bc-4505-8b78-ebf9491c867a'],10,,,,,,,,,,,,,,,,,,Mali,4930,00:19:10.796,Pass,
,,,,,,,,,,,,,0.957815,,,,,,,,,,,,662bff69-7442-4fcf-bfa6-0f23adaa4b4c,1954,,"[99.3, 18.6]",3920417,64,,,,1.4550371,56f11a97-27c1-4c72-975b-d3434984f117,Right Foot,,,,"[101.8, 40.1]",Ground Pass,,21.644861,,,Ibrahim Sissoko,8992.0,True,,,,,,2,From Free Kick,Kamory Doumbia,162132.0,Center Attacking Midfield,126,Mali,4930,"['dc3af22a-b897-4e51-870e-6f9275386e48', '7f3e42ec-50a9-42c9-aa96-21aaff18b870']",15,,,,,,,,,,,,,,,,,,Mali,4930,00:19:15.521,Pass,True
,,,,,,,,,,,,,2.77695,,,,,,,,,,,,eadc98d5-2ee2-43c3-b045-45e0caab4509,1958,,"[7.0, 50.1]",3920417,64,,,,0.3021452,,Right Foot,,,,"[68.6, 69.3]",High Pass,,64.522865,Incomplete,,Muzeu Bethuel,389319.0,,,,,,Goal Kick,2,From Goal Kick,Lloyd Junior Kazapua,125324.0,Goalkeeper,127,Namibia,4980,"['c0d888f7-2352-4f51-a486-d6777ac0e752', '10a4a65b-669a-4d4a-bdb0-fc7510de3839']",55,,,,,,,,,,,,,,,,,,Namibia,4980,00:19:55.131,Pass,
,,,,,,,,,,,,,1.701656,,,,,,,,,,,,5c5d71e3-009f-4c0a-8da7-0c9ca24bb9c8,1962,,"[69.2, 80.0]",3920417,65,,,,-0.32523486,,,,,,"[95.0, 71.3]",High Pass,,27.227375,Incomplete,,Peter Shalulile,65723.0,,,,,,Throw-in,2,From Throw In,Ivan Kamberipa,103799.0,Right Back,128,Namibia,4980,"['20486ab7-c0a6-4b72-a1af-fd48edb54a24', 'ed38485a-4d78-4535-91d4-59b3035d2e39']",24,,,,,,,,,,,,,,,,,,Namibia,4980,00:20:24.799,Pass,
,,,,,,,,,,,,,0.579478,,,,,,,,,,,,20486ab7-c0a6-4b72-a1af-fd48edb54a24,1964,,"[25.1, 8.8]",3920417,65,,,,-0.25933173,,Head,,,,"[30.0, 7.5]",Low Pass,,5.0695167,Incomplete,,Fousseni Diabaté,3710.0,,,,,,Interception,2,From Throw In,Yves Bissouma,4385.0,Left Defensive Midfield,128,Namibia,4980,"['bf29f8d3-eb43-4daa-baed-3857d5f4a2ce', '5c5d71e3-009f-4c0a-8da7-0c9ca24bb9c8', 'fbdc77e6-8933-495d-b9ba-c93f2ba55a71']",26,,,,,,,,,,,,,,,,,,Mali,4930,00:20:26.501,Pass,
,,,,,,,,,,,,,0.973201,,,,,,,,,,,,c61577de-68c4-44aa-a1c3-803e5891d512,1969,,"[88.1, 65.4]",3920417,65,,,,-2.4139814,,Right Foot,,,,"[75.3, 54.0]",Ground Pass,,17.140594,,,Aprocious Petrus,136406.0,,,,,,,2,From Throw In,Muzeu Bethuel,389319.0,Right Midfield,128,Namibia,4980,['609949ae-65a0-44b9-b540-4c13b42a1301'],28,,,,,,,,,,,,,,,,,,Namibia,4980,00:20:28.911,Pass,
,,,,,,,,,,,,,2.8,,,,,,,,,,,,ca8eaf11-2e58-44d6-b072-97b531649db7,1972,,"[73.1, 48.8]",3920417,65,,,,-1.8770535,,Left Foot,,,,"[65.1, 23.5]",Ground Pass,,26.534695,,,Riaan Hanamub,65555.0,,,,,,,2,From Throw In,Aprocious Petrus,136406.0,Center Defensive Midfield,128,Namibia,4980,['79471984-3256-4c2a-9209-26458ca6351b'],30,,,,,,,,,,,,,,,,,,Namibia,4980,00:20:30.982,Pass,
,,,,,,,,,,,,,3.065622,,,,,,,,,,,,e5c3fb5b-ef3c-461e-8be9-976fb3616509,1975,,"[65.1, 20.9]",3920417,65,,,,0.14245477,,Left Foot,,,,"[115.3, 28.1]",High Pass,,50.713707,Incomplete,,Muzeu Bethuel,389319.0,,,,,,,2,From Throw In,Riaan Hanamub,65555.0,Left Back,128,Namibia,4980,"['04aca3eb-2610-404b-a6a6-c56e50d06dec', '606e59f4-4608-4118-9159-2ee38acb1cf4']",34,,,,,,,,,,,,,,,,,,Namibia,4980,00:20:34.224,Pass,
,,,,,,,,,,,,,1.112071,,,,,,,,,,,,cb7247e0-da6d-4d8e-95ed-3c773ed610b1,1979,,"[14.0, 57.5]",3920417,65,,,,-0.39707944,,Keeper Arm,,,,"[29.5, 51.0]",Ground Pass,,16.807735,,,Aliou Dieng,67714.0,,,,,,,2,From Keeper,Djigui Diarra,102992.0,Goalkeeper,129,Mali,4930,['0ef96beb-a7b2-46d9-8516-2121e2a46986'],39,,,,,,,,,,,,,,,,,,Mali,4930,00:20:39.825,Pass,
,,,,,,,,,,,,,1.738546,,,,,,,,,,,,2f0d3613-ae3c-41cd-aaff-2a64f166b280,1982,,"[29.5, 48.9]",3920417,65,,,,-1.6338356,,Right Foot,,,,"[27.6, 18.8]",High Pass,,30.159906,,,Moussa Diarra,32952.0,,,,,,,2,From Keeper,Aliou Dieng,67714.0,Right Defensive Midfield,129,Mali,4930,['c409ae58-f1ea-4bcc-8b48-140622515627'],42,,,,,,,,,,,,,,,,,,Mali,4930,00:20:42.451,Pass,
,,,,,,,,,,,,,1.385636,,,,,,,,,,,,59844330-64eb-4d49-85ff-00c6ddfa5f7a,1985,,"[28.1, 20.0]",3920417,65,,,,2.2766082,,Left Foot,,,,"[20.6, 28.8]",Ground Pass,,11.562439,,,Sikou Niakate,7295.0,,,,,,,2,From Keeper,Moussa Diarra,32952.0,Left Back,129,Mali,4930,['10fa8b56-9351-482e-a74f-1c4ffc83103b'],45,,,,,,,,,,,,,,,,,,Mali,4930,00:20:45.445,Pass,
,,,,,,,,,,,,,1.734562,,,,,,,,,,,,2b95e02d-041e-476b-bacd-39cdf8113871,1988,,"[28.1, 26.7]",3920417,65,,,,1.5359267,,Left Foot,,,,"[29.0, 52.5]",Ground Pass,,25.815693,,,Boubakar Kouyate,23331.0,,,,,,,2,From Keeper,Sikou Niakate,7295.0,Left Center Back,129,Mali,4930,['70aff525-20ce-4498-bce2-47dea391dd85'],48,,,,,,,,,,,,,,,,,,Mali,4930,00:20:48.780,Pass,
,,,,,,,,,,,,,1.546455,,,,,,,,,,,,df1ac762-94c9-4840-a6f3-58810fdc1abf,1991,,"[34.3, 52.7]",3920417,65,,,,1.1307378,,Right Foot,,,,"[44.8, 75.0]",Ground Pass,,24.648327,,,Hamari Traoré,3248.0,,,,,,,2,From Keeper,Boubakar Kouyate,23331.0,Right Center Back,129,Mali,4930,['d55a6dee-da58-4f28-8172-ebab243bafb4'],52,,,,,,,,,,,,,,,,,,Mali,4930,00:20:52.002,Pass,
,,,,,,,,,,,,,1.610759,,,,,,,,,,,,bc9786bf-ebc9-41f6-958d-1121c06b15d7,1994,,"[44.5, 72.2]",3920417,65,,,,-2.0754657,,Right Foot,,,,"[38.7, 61.7]",Ground Pass,,11.995416,,,Boubakar Kouyate,23331.0,,,,,,,2,From Keeper,Hamari Traoré,3248.0,Right Back,129,Mali,4930,['d96b0069-c971-4c81-a142-5bb8a705a1e9'],54,,,,,,,,,,,,,,,,,,Mali,4930,00:20:54.557,Pass,
,,,,,,,,,,,,,1.426863,,,,,,,,,,,,e71d90fc-f1bb-44da-862e-d94c108f74e6,1997,,"[45.1, 58.6]",3920417,65,,,,-1.7190775,,Right Foot,,,,"[41.5, 34.5]",Ground Pass,,24.367395,,,Sikou Niakate,7295.0,,,,,,,2,From Keeper,Boubakar Kouyate,23331.0,Right Center Back,129,Mali,4930,['3e0de5c6-d62e-46d5-b793-65fdc1455bf2'],57,,,,,,,,,,,,,,,,,,Mali,4930,00:20:57.930,Pass,
,,,,,,,,,,,,,2.07269,,,,,,,,,,,,d425a121-a8b4-4c3a-bdb1-a844dc3ca4f2,2000,,"[51.8, 24.9]",3920417,66,,,,-0.7074004,,Left Foot,,,,"[78.7, 1.9]",Ground Pass,,35.39223,,,Fousseni Diabaté,3710.0,,,,,,,2,From Keeper,Sikou Niakate,7295.0,Left Center Back,129,Mali,4930,['cb25f395-2476-4b5c-8c6b-13d8f778f5e5'],1,,,,,,,,,,,,,,,,,,Mali,4930,00:21:01.361,Pass,
,,,,,,,,,,,,,0.75234,,,,,,,,,,,,95c955c3-9879-4347-aa6d-b1e3b3f2e164,2006,,"[87.6, 3.3]",3920417,66,,,,2.9018495,,Left Foot,,,,"[83.1, 4.4]",Ground Pass,,4.632494,,,Fousseni Diabaté,3710.0,,,,,,,2,From Keeper,Moussa Diarra,32952.0,Left Back,129,Mali,4930,['ef72710f-b6cc-4121-a65f-20a549d3766f'],8,,,,,,,,,,,,,,,,,,Mali,4930,00:21:08.237,Pass,
,,,,,,,,,,,,,0.490178,,,,,,,,,,,,d58fb6db-6ac3-4aca-96e3-87b7e26d2553,2009,,"[84.2, 5.0]",3920417,66,,,,-0.9151007,,Left Foot,,,,"[86.2, 2.4]",Ground Pass,,3.2802439,,,Moussa Diarra,32952.0,,,,,,,2,From Keeper,Fousseni Diabaté,3710.0,Left Wing,129,Mali,4930,['553232c5-cea4-4017-9e5c-a953201162a1'],9,,,,,,,,,,,,,,,,,,Mali,4930,00:21:09.060,Pass,
,,,,,,,,,,,,,0.475364,,,,,,,,,,,,dbcace9d-17ab-4fe2-a6ce-5c8aa3ecd19f,2013,,"[86.5, 1.6]",3920417,66,,,,3.024484,,Left Foot,,,,"[79.7, 2.4]",Ground Pass,,6.846897,,,Fousseni Diabaté,3710.0,,,,,,,2,From Keeper,Moussa Diarra,32952.0,Left Back,129,Mali,4930,"['8ad8f8a6-d338-4624-b5dd-d67e25fbf6c2', 'e992bf4d-b00a-4137-91bf-c5217f693d75']",10,,,,,,,,,,,,,,,,,,Mali,4930,00:21:10.094,Pass,True
,,,,,,,,,,,,,1.585033,,,,,,,,,,,,9ee8373f-d465-4357-9fd9-63066a9bb271,2017,,"[75.4, 1.9]",3920417,66,,,,2.330559,,Left Foot,,,,"[54.5, 23.9]",Ground Pass,,30.34485,,,Sikou Niakate,7295.0,,,,,,,2,From Keeper,Fousseni Diabaté,3710.0,Left Wing,129,Mali,4930,['493f80d1-9866-462d-a553-e1f8df9f83f4'],13,,,,,,,,,,,,,,,,,,Mali,4930,00:21:13.242,Pass,
,,,,,,,,,,,,,1.294394,,,,,,,,,,,,efddeb71-30d5-479f-882c-4283e0b6e35e,2020,,"[55.6, 24.7]",3920417,66,,,,-0.90975314,,Left Foot,,,,"[64.7, 13.0]",Ground Pass,,14.822281,,,Yves Bissouma,4385.0,,,,,,,2,From Keeper,Sikou Niakate,7295.0,Left Center Back,129,Mali,4930,['81b39943-3795-43d7-a4c6-eaa173b80837'],15,,,,,,,,,,,,,,,,,,Mali,4930,00:21:15.807,Pass,
,,,,,,,,,,,,,1.042878,,,,,,,,,,,,62f484ad-ed83-4d46-8bac-f42408d54540,2023,,"[64.0, 22.2]",3920417,66,,,,1.4568344,,Right Foot,,,,"[65.9, 38.8]",Ground Pass,,16.708382,,,Aliou Dieng,67714.0,,,,,,,2,From Keeper,Yves Bissouma,4385.0,Left Defensive Midfield,129,Mali,4930,['493d080a-b801-4f23-b559-451033991c23'],18,,,,,,,,,,,,,,,,,,Mali,4930,00:21:18.851,Pass,
,,,,,,,,,,,,,0.544907,,,,,,,,,,,,a9b720ba-a1cb-454e-930d-25a89909f0a6,2026,,"[68.2, 46.1]",3920417,66,,,,0.62510854,,Right Foot,,,,"[77.9, 53.1]",Ground Pass,,11.962023,Incomplete,,Nene Dorgeles,199653.0,,,,,,,2,From Keeper,Aliou Dieng,67714.0,Right Defensive Midfield,129,Mali,4930,"['28c7f590-a33e-4557-b96a-ebf4b04f2b7e', '7943df70-9595-4654-8f2d-1e53768e4017']",22,,,,,,,,,,,,,,,,,,Mali,4930,00:21:22.397,Pass,
,,,,,,,,,,,,,1.49574,,,,,,,,,,,,ed3e7ab3-e2fc-484c-8a33-704a3cd7ca68,2030,,"[56.5, 14.3]",3920417,66,,,,-0.8612756,,Left Foot,,,,"[64.4, 5.1]",Ground Pass,,12.126417,,,Deon Hotto Kavendji,64612.0,,,,,,,2,From Keeper,Ngero Kaanjuka Katua,389316.0,Left Center Midfield,129,Mali,4930,['a6094eae-e6ec-4c66-9fe9-4ab54d63747d'],26,,,,,,,,,,,,,,,,,,Namibia,4980,00:21:26.295,Pass,
,,,,,,,,,,,,,1.561579,,,,,,,,,,,,8d38daaa-3ecd-400c-b145-e2493379f99f,2034,,"[79.7, 5.9]",3920417,66,,,,1.2073506,,Left Foot,,,,"[88.6, 29.3]",Ground Pass,,25.035376,Incomplete,,Peter Shalulile,65723.0,,,,,,,2,From Keeper,Deon Hotto Kavendji,64612.0,Left Midfield,129,Mali,4930,"['955d8467-9115-4490-a2a8-739ed2ce870b', 'b6baeb5c-95e5-4a73-8b48-43c2210e6fa2', '356ac5ea-7325-401d-a9a8-6597a0bc56bd']",29,,,,,,,,,,,,,,,,,,Namibia,4980,00:21:29.008,Pass,True
,,,,,,,,,,,,,1.008734,,,,,,,,,,,,356ac5ea-7325-401d-a9a8-6597a0bc56bd,2036,,"[31.5, 50.8]",3920417,66,,,,1.0882831,,Left Foot,,,,"[35.9, 59.2]",Ground Pass,,9.482615,,,Aliou Dieng,67714.0,,,,,,Recovery,2,From Keeper,Sikou Niakate,7295.0,Left Center Back,129,Mali,4930,"['93abb0cf-1ea2-401e-8908-a77d74802b94', '8d38daaa-3ecd-400c-b145-e2493379f99f']",30,,,,,,,,,,,,,,,,,,Mali,4930,00:21:30.570,Pass,
,,,,,,,,,,,,,1.167695,,,,,,,,,,,,83c116a0-5ee7-43e8-9a8a-c89c802dfeb8,2039,,"[35.3, 62.0]",3920417,66,,,,0.7663891,,Left Foot,,,,"[48.7, 74.9]",Ground Pass,,18.60027,,,Hamari Traoré,3248.0,,,,,,,2,From Keeper,Aliou Dieng,67714.0,Right Defensive Midfield,129,Mali,4930,['c6e000ed-a119-4068-bba3-0bb50496aaa2'],33,,,,,,,,,,,,,,,,,,Mali,4930,00:21:33.205,Pass,
,,,,,,,,,,,,,1.597452,,,,,,,,,,,,db48cfc5-2951-4643-abfc-318f8ed8d7af,2042,,"[49.2, 72.8]",3920417,66,,,,-2.1219392,,Right Foot,,,,"[42.5, 61.9]",Ground Pass,,12.79453,,,Aliou Dieng,67714.0,,,,,,,2,From Keeper,Hamari Traoré,3248.0,Right Back,129,Mali,4930,['b09d2a7e-2c7a-4296-b055-0cea85ec241b'],34,,,,,,,,,,,,,,,,,,Mali,4930,00:21:34.451,Pass,
,,,,,,,,,,,,,2.006588,,,,,,,,,,,,45750cb6-494a-45b8-9336-006f07075c2e,2045,,"[52.5, 45.6]",3920417,66,,,,-1.8086323,,Right Foot,,,,"[46.1, 19.2]",Ground Pass,,27.164682,,,Moussa Diarra,32952.0,,,,,,,2,From Keeper,Aliou Dieng,67714.0,Right Defensive Midfield,129,Mali,4930,['4b4f8965-8f6a-4e62-9ace-4dc01ef8a997'],41,,,,,,,,,,,,,,,,,,Mali,4930,00:21:41.507,Pass,
,,,,,,,,,,,,,1.272421,,,,,,,,,,,,b67432c9-cb71-4042-8fcc-57195d950d11,2048,,"[47.0, 17.7]",3920417,66,,,,-0.6851437,,Left Foot,,,,"[65.6, 2.5]",Ground Pass,,24.020824,,,Fousseni Diabaté,3710.0,,,,,,,2,From Keeper,Moussa Diarra,32952.0,Left Back,129,Mali,4930,['9bbe9897-c85f-45d9-8b19-e6fc1c6fd4e1'],44,,,,,,,,,,,,,,,,,,Mali,4930,00:21:44.740,Pass,
,,,,,,,,,,,,,2.000242,,,,,,,,,,,,f8edf317-3429-478b-bc62-b392327aabcd,2053,,"[62.0, 7.7]",3920417,66,,,,2.1693742,,Left Foot,,,,"[48.7, 27.2]",Ground Pass,,23.603813,,,Sikou Niakate,7295.0,,,,,,,2,From Keeper,Fousseni Diabaté,3710.0,Left Wing,129,Mali,4930,"['014bb07c-09e7-4aa7-ae6e-8a04b9137a15', '8901cca8-7564-4841-b0e4-edfab43a784e']",48,,,,,,,,,,,,,,,,,,Mali,4930,00:21:48.814,Pass,True
,,,,,,,,,,,,,6.317367,,,,,,,,,,,,c90001a0-24e8-4174-832d-25752c17abed,2056,,"[50.9, 29.9]",3920417,66,,,,0.6940199,,Left Foot,,,,"[105.7, 75.5]",High Pass,,71.290955,Incomplete,,Nene Dorgeles,199653.0,,,True,,,,2,From Keeper,Sikou Niakate,7295.0,Left Center Back,129,Mali,4930,"['61dfae03-619c-4c2a-9e78-fb7d41be415f', '29027ffe-9560-40a1-9edd-79b0b0599ddd']",52,,,,,,,,,,,,,,,,,,Mali,4930,00:21:52.019,Pass,
,,,,,,,,,,,,,3.247571,,,,,,,,,,,,052d4f7d-42cb-4daa-804a-82d07bac2203,2065,,"[17.4, 5.7]",3920417,67,,,,0.30982783,,Right Foot,,,,"[75.5, 24.3]",High Pass,,61.004673,Incomplete,,Prins Menelik Tjiueza,103803.0,,,,,,Free Kick,2,From Free Kick,Lloyd Junior Kazapua,125324.0,Goalkeeper,130,Namibia,4980,"['41778c70-1fbc-40b6-964c-1244477c2e15', 'd18bdb28-cb13-4ee9-9c08-2588658973ac']",58,,,,,,,,,,,,,,,,,,Namibia,4980,00:22:58.952,Pass,
,,,,,,,,,,,,,2.379371,,,,,,,,,,,,440e9460-f4aa-4667-a2a9-c8020d4a0d2e,2069,,"[45.6, 43.8]",3920417,68,,,True,0.90463424,,,,,,"[63.6, 66.7]",High Pass,,29.127478,Incomplete,,Kamory Doumbia,162132.0,,,,,,Recovery,2,From Free Kick,Yves Bissouma,4385.0,Left Defensive Midfield,130,Namibia,4980,"['4839b1e3-6581-4c70-a328-1409466eb4a7', '9b88b5dc-da30-48b4-bbca-bc9fbcfe0c13', 'b0bc615a-386e-4552-9e6d-4049f7ec677b']",4,,,,,,,,,,,,,,,,,,Mali,4930,00:23:04.970,Pass,True
,,,,,,,,,,,,,0.871318,,,,,,,,,,,,4839b1e3-6581-4c70-a328-1409466eb4a7,2072,,"[56.5, 13.4]",3920417,68,,,,0.6055447,,Left Foot,,,,"[74.7, 26.0]",Low Pass,,22.135944,Incomplete,,Prins Menelik Tjiueza,103803.0,,,,,,Recovery,2,From Free Kick,Riaan Hanamub,65555.0,Left Back,130,Namibia,4980,"['440e9460-f4aa-4667-a2a9-c8020d4a0d2e', '6d89f595-d7d5-4670-b5f3-aaa97102c557', 'acf7dd01-1f1b-479a-947f-7dff2aa351c7']",7,,,,,,,,,,,,,,,,,,Namibia,4980,00:23:07.350,Pass,
,,,,,,,,,,,,,1.120233,,,,,,,,,,,,acf7dd01-1f1b-479a-947f-7dff2aa351c7,2075,,"[45.4, 54.1]",3920417,68,,,,1.2337408,,Left Foot,,,,"[49.5, 65.8]",Ground Pass,,12.39758,,,Fousseni Diabaté,3710.0,,,,,,Recovery,2,Regular Play,Mohamed Camara,24806.0,Right Defensive Midfield,131,Mali,4930,"['c495e21d-7a07-4b7a-b015-051b8e484037', '4839b1e3-6581-4c70-a328-1409466eb4a7', '0a7cbeda-dd68-4617-9df9-71d1272cf63a']",8,,,,,,,,,,,,,,,,,,Mali,4930,00:23:08.221,Pass,True
,,,,,,,,,,,,,0.593391,,,,,,,,,,,,5059f946-59ac-4413-b236-0052af183f1f,2078,,"[48.9, 66.3]",3920417,68,,,,-2.1995926,,Left Foot,,,,"[44.1, 59.7]",Ground Pass,,8.160882,,,Mohamed Camara,24806.0,,,,,,,2,Regular Play,Fousseni Diabaté,3710.0,Left Wing,131,Mali,4930,['0e6e229a-ff45-46e0-b0b4-bc48c718ea82'],10,,,,,,,,,,,,,,,,,,Mali,4930,00:23:10.127,Pass,
,,,,,,,,,,,,,0.558126,,,,,,,,,,,,a3575ba3-ff4c-496e-900a-663fa7f91f4c,2087,,"[55.6, 76.1]",3920417,68,,,,-0.76721835,,Right Foot,,,,"[64.0, 68.0]",Ground Pass,,11.66919,,,Kamory Doumbia,162132.0,,,,,,,2,Regular Play,Fousseni Diabaté,3710.0,Left Wing,131,Mali,4930,"['b48d4535-aeb6-4ffe-844d-9f94da515b2d', 'deb411f0-fe90-4de7-93a4-d613f693239d']",16,,,,,,,,,,,,,,,,,,Mali,4930,00:23:16.683,Pass,True
,,,,,,,,,,,,,0.514393,,,,,,,,,,,,82457f65-c41a-44c1-936c-89bd02481bf9,2092,,"[66.6, 67.2]",3920417,68,,,,0.6551867,,Right Foot,,,,"[76.1, 74.5]",Ground Pass,,11.980818,,,Fousseni Diabaté,3710.0,,,,,,,2,Regular Play,Kamory Doumbia,162132.0,Center Attacking Midfield,131,Mali,4930,"['296ece4c-e306-4589-ad23-caaac2c3d045', '3b2bc8ca-74a4-4560-99e8-7882d9b80d19', '94be47d4-8a22-45a3-a257-dd9a24ee07e1']",18,,,,,,,,,,,,,,,,,,Mali,4930,00:23:18.675,Pass,True
,,,,,,,,,,,,,1.672311,,,,,,,,,,,,12962590-5071-496d-b632-67ae0848a929,2095,,"[11.3, 0.1]",3920417,68,True,,,1.5707964,,,,,,"[11.3, 9.8]",Low Pass,,9.7,,,Lubeni Haukongo,135004.0,,,,,,Throw-in,2,From Throw In,Riaan Hanamub,65555.0,Left Back,132,Namibia,4980,['31e5552e-21dd-42c8-9817-17941d4d3c5f'],44,,,,,,,,,,,,,,,,,,Namibia,4980,00:23:44.422,Pass,
,,,,,,,,,,,,,2.570107,,,,,,,,,,,,6b5f47e4-6a1c-43d1-a189-0f8f6210db82,2097,,"[7.1, 12.0]",3920417,68,True,,,-0.31510612,,Left Foot,,,,"[43.3, 0.2]",High Pass,,38.074665,Out,,,,,,,,,,2,From Throw In,Lubeni Haukongo,135004.0,Left Center Back,132,Namibia,4980,,44,,,,,,,,,,,,,,,,,,Namibia,4980,00:23:44.854,Pass,
,,,,,,,,,,,,,0.583188,,,,,,,,,,,,6854ccb6-1dec-475c-9bab-3ae11339ebcf,2098,,"[77.8, 80.0]",3920417,68,True,,,-2.475035,,,,,,"[70.3, 74.1]",Low Pass,,9.542537,,,Mohamed Camara,24806.0,,,,,,Throw-in,2,From Throw In,Hamari Traoré,3248.0,Right Back,133,Mali,4930,['9ac4f41a-e390-4992-99f1-fd6b19acd67e'],56,,,,,,,,,,,,,,,,,,Mali,4930,00:23:56.255,Pass,
,,,,,,,,,,,,,0.907254,,,,,,,,,,,,b74ca279-96ef-44bb-9ec1-be2779752d4d,2100,,"[70.3, 74.1]",3920417,68,,,,-0.96994096,,Right Foot,,,,"[76.4, 65.2]",Ground Pass,,10.78981,,,Yves Bissouma,4385.0,,,,,,,2,From Throw In,Mohamed Camara,24806.0,Right Defensive Midfield,133,Mali,4930,['cc7e9e31-21a7-43cb-aef7-afa28d1738ad'],57,,,,,,,,,,,,,,,,,,Mali,4930,00:23:57.026,Pass,
,,,,,,,,,,,,,2.740727,,,,,,,,,,,,2a935d89-62ff-4666-bf60-0b18092e3a92,2103,,"[84.3, 65.2]",3920417,69,,,,-1.0516502,,Right Foot,True,,,"[111.5, 17.6]",High Pass,,54.823353,,,Nene Dorgeles,199653.0,,,True,,,,2,From Throw In,Yves Bissouma,4385.0,Left Defensive Midfield,133,Mali,4930,['abc0eaa4-db0c-4c3a-8916-4b976ca00f5d'],0,,,,,,,,,,,,,,,,,,Mali,4930,00:24:00.478,Pass,
,,,,,,,,,,,,,1.256552,,,,,,,,,,,,b7ff01ec-caec-463e-bd16-d7533aa56bcd,2110,,"[113.5, 20.0]",3920417,69,,,,1.6594522,,Right Foot,True,,,"[111.1, 47.0]",High Pass,,27.106457,Incomplete,,Fousseni Diabaté,3710.0,,,,,,,2,From Throw In,Nene Dorgeles,199653.0,Right Wing,133,Mali,4930,"['861b6735-e38f-4130-b698-aaf04106bb16', 'e40b9886-450c-4e8c-bf3e-74ad9e4a00e3']",7,,,,,,,,,,,,,,,,,,Mali,4930,00:24:07.534,Pass,
,,,,,,,,,,,,,4.330334,,,,,,,,,,,,baf1f860-f183-4387-b464-9b729d626eaa,2123,,"[7.0, 30.1]",3920417,70,True,,,0.63306755,,Right Foot,,,,"[75.0, 80.0]",High Pass,,84.34459,Out,,Muzeu Bethuel,389319.0,,,True,,,Goal Kick,2,From Goal Kick,Lloyd Junior Kazapua,125324.0,Goalkeeper,135,Namibia,4980,['ddcae49e-fed5-4ac2-bcc3-da8232fe97f7'],56,,,,,,,,,,,,,,,,,,Namibia,4980,00:25:56.146,Pass,
,,,,,,,,,,,,,0.589234,,,,,,,,,,,,00658338-ec9b-451c-9cad-2855ace8fed1,2126,,"[48.9, 0.1]",3920417,71,,,,1.2583047,,,,,,"[51.0, 6.6]",Low Pass,,6.8308125,,,Mohamed Camara,24806.0,,,,,,Throw-in,2,From Throw In,Amadou Dante,40868.0,Left Back,136,Mali,4930,['6090bbdd-bce8-4b79-9b3e-bf1ee36037ed'],7,,,,,,,,,,,,,,,,,,Mali,4930,00:26:07.475,Pass,
,,,,,,,,,,,,,1.851278,,,,,,,,,,,,cc402b88-32e2-4d31-ae9d-dc56d1bdf9f5,2129,,"[43.1, 5.4]",3920417,71,,,,2.257418,,Right Foot,,,,"[28.1, 23.7]",Ground Pass,,23.661995,,,Boubakar Kouyate,23331.0,,,,,,,2,From Throw In,Mohamed Camara,24806.0,Right Defensive Midfield,136,Mali,4930,['59ba5807-0659-4887-a06d-e9c87400770c'],10,,,,,,,,,,,,,,,,,,Mali,4930,00:26:10.353,Pass,
,,,,,,,,,,,,,1.302974,,,,,,,,,,,,cd5be6e8-c795-4914-be6f-12aee09454a3,2132,,"[29.0, 36.1]",3920417,71,,,,0.6063034,,Right Foot,,,,"[42.7, 45.6]",Ground Pass,,16.671532,,,Yves Bissouma,4385.0,,,,,,,2,From Throw In,Boubakar Kouyate,23331.0,Right Center Back,136,Mali,4930,['9ca825d2-803a-42d1-a866-e6644f9163e4'],14,,,,,,,,,,,,,,,,,,Mali,4930,00:26:14.011,Pass,
,,,,,,,,,,,,,0.48117,,,,,,,,,,,,bd84302b-840b-4a16-9511-0bbcadb8bd69,2135,,"[47.5, 60.1]",3920417,71,,,,-0.049604665,,Right Foot,,,,"[61.6, 59.4]",Low Pass,,14.117365,,,Hamari Traoré,3248.0,,,,,,,2,From Throw In,Yves Bissouma,4385.0,Left Defensive Midfield,136,Mali,4930,['fbaee047-6153-4c30-b3ec-58bc311ee379'],18,,,,,,,,,,,,,,,,,,Mali,4930,00:26:18.123,Pass,
,,,,,,,,,,,,,1.289429,,,,,,,,,,,,163eaf33-3d3a-41a1-87e6-c218e550a627,2138,,"[62.0, 59.4]",3920417,71,,,,-2.819842,,Other,,,,"[55.1, 57.1]",Low Pass,,7.2732387,,,Mohamed Camara,24806.0,,,,,,,2,From Throw In,Hamari Traoré,3248.0,Right Back,136,Mali,4930,['f8bb14a8-2252-4c9a-8c53-bdda3b67a0a3'],18,,,,,,,,,,,,,,,,,,Mali,4930,00:26:18.790,Pass,
,,,,,,,,,,,,,3.251519,,,,,,,,,,,,447ca4e0-e93e-457f-86b7-75b3d3d51c0b,2143,,"[61.1, 32.2]",3920417,71,,,,-0.2397004,,Left Foot,,,,"[110.2, 20.2]",High Pass,,50.545128,,,Nene Dorgeles,199653.0,,,,,,,2,From Throw In,Mohamed Camara,24806.0,Right Defensive Midfield,136,Mali,4930,"['5f44e0ec-ff49-4327-ba7d-bd5621a53cb6', 'dcbdb3bf-9667-47fb-be9d-0dc5229b1c78']",24,,,,,,,,,,,,,,,,,,Mali,4930,00:26:24.474,Pass,True
,,,,,,,,,,,,,3.56337,,,,,,,,,,,,ed8dc983-1c18-4eab-ba91-f9a26ace14c1,2146,,"[110.9, 20.5]",3920417,71,,,,1.6696466,,Left Foot,True,,,"[106.1, 68.9]",Low Pass,,48.637436,Incomplete,,Ibrahim Sissoko,8992.0,,,True,,,,2,From Throw In,Nene Dorgeles,199653.0,Left Wing,136,Mali,4930,"['04ef0598-baed-456c-8b24-268e03078860', '43d71419-4955-45d6-b136-1f29c084ae1a']",28,,,,,,,,,,,,,,,,,,Mali,4930,00:26:28.050,Pass,
,,,,,,,,,,,,,5.240419,,,,,,,,,,,,342874df-a9c5-4946-8b4d-8bd3628759c2,2154,,"[36.1, 4.8]",3920417,71,,,,0.71668065,,Left Foot,,,,"[102.1, 62.3]",High Pass,,87.53428,Incomplete,,Peter Shalulile,65723.0,,,True,,,,2,From Throw In,Riaan Hanamub,65555.0,Left Back,136,Mali,4930,"['bb7260c3-550b-4d67-ad8a-5c6ba7ae879a', '442f942c-72c2-43ee-b607-5630588acd4c']",35,,,,,,,,,,,,,,,,,,Namibia,4980,00:26:35.418,Pass,
,,,,,,,,,,,,,1.888582,,,,,,,,,,,,442f942c-72c2-43ee-b607-5630588acd4c,2157,,"[18.0, 17.8]",3920417,71,,,,2.3525581,,Right Foot,,,,"[4.3, 31.6]",Ground Pass,,19.445564,,,Djigui Diarra,102992.0,,,,,,Recovery,2,From Throw In,Amadou Dante,40868.0,Left Back,136,Mali,4930,"['342874df-a9c5-4946-8b4d-8bd3628759c2', 'f84eb705-c784-4856-ab34-1788a978bf1e']",40,,,,,,,,,,,,,,,,,,Mali,4930,00:26:40.659,Pass,
,,,,,,,,,,,,,1.388524,,,,,,,,,,,,ccda6db0-89e7-4eb3-9886-387aeb81831a,2160,,"[5.8, 32.0]",3920417,71,,,,-0.10768987,,Right Foot,,,,"[28.0, 29.6]",Ground Pass,,22.329353,,,Yves Bissouma,4385.0,,,,,,,2,From Throw In,Djigui Diarra,102992.0,Goalkeeper,136,Mali,4930,['f4c9efcf-8d9a-4ab8-8750-22a785b8ca40'],44,,,,,,,,,,,,,,,,,,Mali,4930,00:26:44.435,Pass,
,,,,,,,,,,,,,1.004459,,,,,,,,,,,,280e073d-ab05-48de-ba70-acd32ff05af3,2163,,"[27.6, 28.2]",3920417,71,,,,1.5808462,,Right Foot,,,,"[27.4, 48.1]",Ground Pass,,19.901005,,,Mohamed Camara,24806.0,,,,,,,2,From Throw In,Yves Bissouma,4385.0,Left Defensive Midfield,136,Mali,4930,['e3fe48cf-1c67-4256-b294-54607697a2a8'],46,,,,,,,,,,,,,,,,,,Mali,4930,00:26:46.748,Pass,
,,,,,,,,,,,,,1.564451,,,,,,,,,,,,4171311c-dbb3-4df2-a43b-d701ae4d25cd,2166,,"[39.6, 55.7]",3920417,71,,,,-0.85592467,,Right Foot,,,,"[69.2, 21.6]",High Pass,,45.154957,Incomplete,,Nene Dorgeles,199653.0,,,,,,,2,From Throw In,Mohamed Camara,24806.0,Right Defensive Midfield,136,Mali,4930,"['0eb38224-5b5f-4dcd-8077-c44eaad08dd2', '9156a40d-a219-4249-91cd-45f3d313166b']",50,,,,,,,,,,,,,,,,,,Mali,4930,00:26:50.178,Pass,
,,,,,,,,,,,,,0.639997,,,,,,,,,,,,ebdd81aa-162f-4aba-9994-b7492715704d,2171,,"[49.5, 63.9]",3920417,71,,,,-2.410405,,Right Foot,,,,"[42.7, 57.8]",Ground Pass,,9.1350975,,,Kennedy Amutenya,264381.0,,,,,,,2,From Throw In,Ivan Kamberipa,103799.0,Right Back,136,Mali,4930,['9250c070-952d-403a-a73a-73fc01d20a52'],53,,,,,,,,,,,,,,,,,,Namibia,4980,00:26:53.282,Pass,
,,,,,,,,,,,,,3.081459,,,,,,,,,,,,bc10c798-a500-448c-84c3-8feca54d4831,2174,,"[42.7, 57.8]",3920417,71,,,,0.036494944,,Right Foot,,,,"[92.0, 59.6]",High Pass,,49.332848,Incomplete,,Peter Shalulile,65723.0,,,,,,,2,From Throw In,Kennedy Amutenya,264381.0,Right Center Back,136,Mali,4930,"['67c1fc8f-de28-4a86-9ec2-e2cb6926f898', 'e4f3554b-8005-4e46-af7a-fee0dfb76e5e']",54,,,,,,,,,,,,,,,,,,Namibia,4980,00:26:54.042,Pass,
,,,,,,,,,,,,,0.901156,,,,,,,,,,,,1c9264af-28ec-4e77-b25f-e29ef92a9d48,2178,,"[33.5, 12.7]",3920417,72,,,,-0.4431901,,Left Foot,,,,"[49.3, 5.2]",Ground Pass,,17.489712,,,Amadou Dante,40868.0,,,,,,,2,From Throw In,Sikou Niakate,7295.0,Left Center Back,136,Mali,4930,['97d7a342-839a-4c26-af66-3b6e8e2204e3'],0,,,,,,,,,,,,,,,,,,Mali,4930,00:27:00.011,Pass,
,,,,,,,,,,,,,2.155742,,,,,,,,,,,,c04e7c32-26a2-47a3-a9a9-7b206dbefa67,2181,,"[49.3, 5.2]",3920417,72,,,,3.0113006,,Left Foot,,,,"[34.8, 7.1]",Ground Pass,,14.623953,,,Sikou Niakate,7295.0,,,,,,,2,From Throw In,Amadou Dante,40868.0,Left Back,136,Mali,4930,['82f9ad70-24f3-4acc-ba57-0ab32bcf0eeb'],0,,,,,,,,,,,,,,,,,,Mali,4930,00:27:00.966,Pass,
,,,,,,,,,,,,,1.547853,,,,,,,,,,,,44ab7726-52e6-40e9-a5c5-d5c7edb5f735,2184,,"[34.8, 8.6]",3920417,72,,,,1.4442042,,Left Foot,,,,"[37.6, 30.6]",Ground Pass,,22.177465,,,Mohamed Camara,24806.0,,,,,,,2,From Throw In,Sikou Niakate,7295.0,Left Center Back,136,Mali,4930,['31980f29-b958-46f8-aae0-7f528c35c83e'],4,,,,,,,,,,,,,,,,,,Mali,4930,00:27:04.919,Pass,
,,,,,,,,,,,,,2.7537,,,,,,,,,,,,11af398e-246f-46c2-adac-04b468140d0d,2187,,"[42.7, 40.5]",3920417,72,,,,0.7969583,,Right Foot,,,,"[76.9, 75.5]",Ground Pass,,48.93506,,,Fousseni Diabaté,3710.0,,,,,,,2,From Throw In,Mohamed Camara,24806.0,Right Defensive Midfield,136,Mali,4930,['9ab29d00-88d5-4c80-aff8-308feff862a9'],8,,,,,,,,,,,,,,,,,,Mali,4930,00:27:08.549,Pass,
,,,,,,,,,,,,,1.287541,,,,,,,,,,,,eddcf352-d82f-41a1-ae9e-fd46ea318d95,2190,,"[83.7, 73.1]",3920417,72,,,,-2.4365895,,Left Foot,,,,"[72.3, 63.4]",Ground Pass,,14.9683,,,Mohamed Camara,24806.0,,,,,,,2,From Throw In,Fousseni Diabaté,3710.0,Right Wing,136,Mali,4930,['07e99574-6493-4c11-876e-f39e684bec5d'],15,,,,,,,,,,,,,,,,,,Mali,4930,00:27:15.283,Pass,
,,,,,,,,,,,,,2.59084,,,,,,,,,,,,57292a41-5a23-45b3-8ac9-5239e33bad8b,2193,,"[75.7, 59.7]",3920417,72,,,,-1.0252486,,Right Foot,,,,"[105.2, 11.1]",High Pass,,56.852528,,,Nene Dorgeles,199653.0,,,True,,,,2,From Throw In,Mohamed Camara,24806.0,Right Defensive Midfield,136,Mali,4930,['8e170408-5010-43e4-a780-65c498e9ea40'],17,,,,,,,,,,,,,,,,,,Mali,4930,00:27:17.848,Pass,
,,,,,,,,,,,,,2.946748,,,,,,,,,,,,f4aa7325-a6f6-40a8-9cd3-29bf7a0e14ad,2198,,"[13.2, 71.1]",3920417,73,True,,,-0.08575629,,Right Foot,,,,"[92.3, 64.3]",High Pass,,79.39175,Incomplete,,Absalom Iimbondi,103804.0,,,,,,Free Kick,2,From Free Kick,Lloyd Junior Kazapua,125324.0,Goalkeeper,137,Namibia,4980,"['32032ab5-ed30-4b46-92e6-e5dd1291ea94', 'bb605b0f-3f62-4734-a9f1-b2901f2a6bef']",19,,,,,,,,,,,,,,,,,,Namibia,4980,00:28:19.051,Pass,
,,,,,,,,,,,,,2.896208,,,,,,,,,,,,bb605b0f-3f62-4734-a9f1-b2901f2a6bef,2200,,"[27.8, 15.8]",3920417,73,,,,-0.40772143,,Head,,,,"[49.1, 6.6]",High Pass,,23.201939,Incomplete,,Nene Dorgeles,199653.0,,,,,,Recovery,2,From Free Kick,Sikou Niakate,7295.0,Left Center Back,137,Namibia,4980,"['423d9800-3de4-4b9e-80a8-aab43f0cbd63', 'f4aa7325-a6f6-40a8-9cd3-29bf7a0e14ad', '4bd478a4-283f-4a5e-9b72-e6d6bc4d2114']",21,,,,,,,,,,,,,,,,,,Mali,4930,00:28:21.997,Pass,
,,,,,,,,,,,,,1.143074,,,,,,,,,,,,423d9800-3de4-4b9e-80a8-aab43f0cbd63,2203,,"[71.0, 73.5]",3920417,73,,,True,-1.2870022,,,,,,"[72.4, 68.7]",Low Pass,,5.0,Incomplete,,Ngero Kaanjuka Katua,389316.0,,,,,,Recovery,2,From Free Kick,Ivan Kamberipa,103799.0,Right Back,137,Namibia,4980,"['1537b1bf-0b36-4b12-91fc-4388799b20e5', '0408aa3e-b91e-48e1-b9a7-a477f0f6654c', '6a5f013e-9fa6-4f5a-a0fb-186eaf4c46ec', 'bb605b0f-3f62-4734-a9f1-b2901f2a6bef']",24,,,,,,,,,,,,,,,,,,Namibia,4980,00:28:24.894,Pass,True
,,,,,,,,,,,,,1.420354,,,,,,,,,,,,420c2a17-e874-4709-9b85-0fcc597b2923,2209,,"[42.4, 16.4]",3920417,73,,,,1.8728225,,Right Foot,,,,"[36.2, 36.3]",Ground Pass,,20.843464,,,Hamari Traoré,3248.0,,,,,,,2,Regular Play,Kamory Doumbia,162132.0,Center Attacking Midfield,138,Mali,4930,"['7ddccebf-9684-4005-a7bb-d55d4cfe3a1c', 'b31b981b-80b5-4bbc-9129-8e09b82ee1d3']",29,,,,,,,,,,,,,,,,,,Mali,4930,00:28:29.300,Pass,True
,,,,,,,,,,,,,0.589455,,,,,,,,,,,,e8ef87b8-73bb-4cf2-94c9-3cbcf26f9b91,2212,,"[34.8, 57.0]",3920417,73,,,,-0.8508782,,Right Foot,,,,"[40.5, 50.5]",Ground Pass,,8.64523,,,Mohamed Camara,24806.0,,,,,,,2,Regular Play,Hamari Traoré,3248.0,Right Back,138,Mali,4930,['bf623eba-d916-457a-83ad-6c60894bacd8'],33,,,,,,,,,,,,,,,,,,Mali,4930,00:28:33.061,Pass,
,,,,,,,,,,,,,1.27419,,,,,,,,,,,,877438de-aa5f-4ecb-89af-1108a5a69d8a,2215,,"[41.2, 48.7]",3920417,73,,,,-1.2716784,,Left Foot,,,,"[48.2, 26.0]",Ground Pass,,23.75479,,,Yves Bissouma,4385.0,,,,,,,2,Regular Play,Mohamed Camara,24806.0,Right Defensive Midfield,138,Mali,4930,['72b6e611-e9ec-45f2-b65c-0d90e59b9226'],37,,,,,,,,,,,,,,,,,,Mali,4930,00:28:37.865,Pass,
,,,,,,,,,,,,,0.646405,,,,,,,,,,,,9728d3c6-6888-4c0c-b278-7830c61b010b,2218,,"[55.8, 22.7]",3920417,73,,,,1.3030473,,Right Foot,,,,"[58.9, 34.0]",Ground Pass,,11.717508,,,Mohamed Camara,24806.0,,,,,,,2,Regular Play,Yves Bissouma,4385.0,Left Defensive Midfield,138,Mali,4930,['96f2f4bf-4d67-4f3b-90b6-22f9cee01862'],43,,,,,,,,,,,,,,,,,,Mali,4930,00:28:43.472,Pass,
,,,,,,,,,,,,,1.390747,,,,,,,,,,,,8cca6545-ed78-4367-8013-1a7bf9cec3d3,2221,,"[56.6, 35.4]",3920417,73,,,,1.342887,,Right Foot,,,,"[62.7, 61.7]",Ground Pass,,26.998148,,,Hamari Traoré,3248.0,,,,,,,2,Regular Play,Mohamed Camara,24806.0,Right Defensive Midfield,138,Mali,4930,['7db61c20-ed47-4f39-a08e-aa4198e491a5'],45,,,,,,,,,,,,,,,,,,Mali,4930,00:28:45.669,Pass,
,,,,,,,,,,,,,2.92295,,,,,,,,,,,,b2856435-9eaa-4e71-830a-58ea27fe020b,2224,,"[69.6, 57.1]",3920417,73,,,,-0.8833496,,Right Foot,,,,"[100.8, 19.1]",High Pass,,49.16747,Incomplete,,Nene Dorgeles,199653.0,,,,,,,2,Regular Play,Hamari Traoré,3248.0,Right Back,138,Mali,4930,"['ed86968e-5ffa-4fd0-a033-9039b4bd0c46', '3673d91b-7bf5-4ec5-ad4f-19cca2723996']",49,,,,,,,,,,,,,,,,,,Mali,4930,00:28:49.764,Pass,
,,,,,,,,,,,,,1.198099,,,,,,,,,,,,3673d91b-7bf5-4ec5-ad4f-19cca2723996,2227,,"[19.3, 61.0]",3920417,73,,,True,-1.8350563,,,,,,"[14.7, 44.0]",High Pass,,17.61136,,,Kennedy Amutenya,264381.0,,,,,,Recovery,2,Regular Play,Ivan Kamberipa,103799.0,Right Back,138,Mali,4930,"['4c70a1bf-4109-4ea9-a759-128660bcc31f', 'fccd79da-8945-4cb5-911d-c84d31637d0a', 'b2856435-9eaa-4e71-830a-58ea27fe020b']",52,,,,,,,,,,,,,,,,,,Namibia,4980,00:28:52.687,Pass,True
,,,,,,,,,,,,,2.385409,,,,,,,,,,,,edfe50fa-9aa7-4d90-a5f5-98c611d330f5,2230,,"[15.5, 45.0]",3920417,73,,,,-0.0060789525,,Right Foot,,,,"[48.4, 44.8]",High Pass,,32.900608,Incomplete,,Peter Shalulile,65723.0,,,,,,,2,Regular Play,Kennedy Amutenya,264381.0,Right Center Back,138,Mali,4930,"['c4783e28-b1a7-459a-99a4-bfd9fe0a9508', 'e98e47de-2c3e-4257-9a1e-baa0c2044aee']",54,,,,,,,,,,,,,,,,,,Namibia,4980,00:28:54.041,Pass,
,,,,,,,,,,,,,0.698003,,,,,,,,,,,,c846e86b-1f67-4138-991e-f24a0a698810,2234,,"[67.2, 32.9]",3920417,74,,,,-1.1324598,,Right Foot,,,,"[71.7, 23.3]",Ground Pass,,10.602358,,,Yves Bissouma,4385.0,,,,,,,2,Regular Play,Mohamed Camara,24806.0,Right Defensive Midfield,138,Mali,4930,['09baed7d-7f04-4852-9ffc-524e54c5d792'],0,,,,,,,,,,,,,,,,,,Mali,4930,00:29:00.521,Pass,
,,,,,,,,,,,,,1.821652,,,,,,,,,,,,5c760b8a-2328-438f-8e1a-e729d324eb3b,2238,,"[82.0, 18.8]",3920417,74,,,,-0.63391954,,Right Foot,,,,"[100.5, 5.2]",Ground Pass,,22.961054,,,Amadou Dante,40868.0,,,,,,,2,Regular Play,Yves Bissouma,4385.0,Left Defensive Midfield,138,Mali,4930,"['637f2d5e-6c91-46cd-898f-48bdb4d266dd', 'cd396746-f321-400c-97ed-6cd4ca1b9d88']",4,,,,,,,,,,,,,,,,,,Mali,4930,00:29:04.038,Pass,True
,,,,,,,,,,,,,0.629092,,,,,,,,,,,,bc80bcb2-7f9e-487c-8797-55ddfc179ba0,2241,,"[109.2, 3.3]",3920417,74,,,,1.5707964,,Left Foot,,,,"[109.2, 19.8]",Ground Pass,,16.5,Incomplete,,Ibrahim Sissoko,8992.0,,,,,,,2,Regular Play,Amadou Dante,40868.0,Left Back,138,Mali,4930,"['53f5c86c-70c2-4d4c-b782-0f56004ab95b', '66c2326c-7c62-4d00-9e1a-adaedbe8f8ec']",7,,,,,,,,,,,,,,,,,,Mali,4930,00:29:07.161,Pass,
,,,,,,,,,,,,,2.166001,,,,,,,,,,,,bd5ed786-cf03-47ba-b679-b4cd481503dd,2249,,"[21.0, 32.4]",3920417,74,,,,-0.18644549,,Left Foot,,,,"[65.0, 24.1]",High Pass,,44.775997,Incomplete,,Prins Menelik Tjiueza,103803.0,,,,,,,2,Regular Play,Ngero Kaanjuka Katua,389316.0,Left Center Midfield,138,Mali,4930,"['56862876-1951-432e-b5b8-020eceb6382b', 'ee56c0b1-1151-433a-9b6e-fa316cd19f79']",13,,,,,,,,,,,,,,,,,,Namibia,4980,00:29:13.456,Pass,
,,,,,,,,,,,,,1.490258,,,,,,,,,,,,ee56c0b1-1151-433a-9b6e-fa316cd19f79,2251,,"[55.1, 56.0]",3920417,74,,,,-0.19739556,,Head,,,,"[70.6, 52.9]",High Pass,,15.80696,,,Mohamed Camara,24806.0,,,,,,Recovery,2,Regular Play,Boubakar Kouyate,23331.0,Right Center Back,138,Mali,4930,"['ed927ed8-1b18-4ee0-b86a-37bcad33cc51', 'bd5ed786-cf03-47ba-b679-b4cd481503dd']",15,,,,,,,,,,,,,,,,,,Mali,4930,00:29:15.622,Pass,
,,,,,,,,,,,,,1.138969,,,,,,,,,,,,93112b6d-2323-4702-869f-f72abb79e958,2254,,"[76.1, 57.6]",3920417,74,,,,0.76747894,,Right Foot,,,,"[90.3, 71.3]",Ground Pass,,19.731447,,,Fousseni Diabaté,3710.0,,,,,,,2,Regular Play,Mohamed Camara,24806.0,Right Defensive Midfield,138,Mali,4930,['a56c6e82-1d7d-4979-a567-79adf131f464'],19,,,,,,,,,,,,,,,,,,Mali,4930,00:29:19.163,Pass,
,,,,,,,,,,,,,2.185609,,,,,,,,,,,,eecadb75-7f58-4e70-9b8c-c7ab8a2ff91b,2257,,"[94.4, 70.0]",3920417,74,,,,-0.01574673,,Left Foot,,,,"[119.8, 69.6]",Ground Pass,,25.403149,Out,,Hamari Traoré,3248.0,,,,,,,2,Regular Play,Fousseni Diabaté,3710.0,Right Wing,138,Mali,4930,['fd89161c-4b29-4e50-b830-69cc2eba3fd0'],21,,,,,,,,,,,,,,,,,,Mali,4930,00:29:21.635,Pass,
,,,,,,,,,,,,,3.676528,,,,,,,,,,,,a542c346-13f6-4cc5-ac4a-d51ed2b53057,2259,,"[7.0, 34.2]",3920417,76,True,,,-0.18506394,,Right Foot,,,,"[113.3, 14.3]",High Pass,,108.14666,Incomplete,,Absalom Iimbondi,103804.0,,,,,,Goal Kick,2,From Goal Kick,Lloyd Junior Kazapua,125324.0,Goalkeeper,139,Namibia,4980,"['f88dfcf6-090c-4256-bab4-adf7335ceb32', '924fe9b3-b787-4e73-bac7-b02e1cdd20f6']",53,,,,,,,,,,,,,,,,,,Namibia,4980,00:31:53.064,Pass,
,,,,,,,,,,,,,1.078996,,,,,,,,,,,,5e678ea6-521c-47e9-a14d-c1be70e1c43d,2262,,"[120.0, 0.1]",3920417,78,,,,1.6204449,,Right Foot,,,,"[118.4, 32.3]",High Pass,True,32.239727,Incomplete,,,,,,,Inswinging,,Corner,2,From Corner,Prins Menelik Tjiueza,103803.0,Right Center Midfield,140,Namibia,4980,['feae8032-b14b-4d63-b7f7-6e8612b9a994'],9,,,,,,,,,,,,,,,,,,Namibia,4980,00:33:09.173,Pass,
,,,,,,,,,,,,,1.370275,,,,,,,,,,,,0d55ea51-5958-49f6-9cb5-008591d75440,2264,,"[90.7, 24.6]",3920417,78,,,,-1.0544338,,Right Foot,,,,"[99.5, 9.1]",High Pass,,17.82386,,,Prins Menelik Tjiueza,103803.0,,,,,,Recovery,2,From Corner,Aprocious Petrus,136406.0,Center Defensive Midfield,140,Namibia,4980,['360dba57-c8f2-4fc2-9b09-9b3db47767fd'],12,,,,,,,,,,,,,,,,,,Namibia,4980,00:33:12.760,Pass,
,,,,,,,,,,,,,0.131145,,,,,,,,,,,,f1f08027-fd21-4739-a888-39c740c274a9,2267,,"[92.1, 4.6]",3920417,78,,,,1.3617734,,Right Foot,,,,"[93.5, 11.2]",High Pass,,6.746851,Incomplete,,Peter Shalulile,65723.0,,,,,,,2,From Corner,Prins Menelik Tjiueza,103803.0,Right Center Midfield,140,Namibia,4980,"['51558d65-aaa2-4e3b-a1f4-b98416b5cd4f', '204862ca-73bf-49db-857d-60d41b8e5bf5']",15,,,,,,,,,,,,,,,,,,Namibia,4980,00:33:15.697,Pass,
,,,,,,,,,,,,,1.43218,,,,,,,,,,,,b532acf0-f7a3-4a8c-825f-d89e5f05e4fc,2271,,"[82.5, 0.1]",3920417,78,,,,0.27389163,,,,,,"[103.5, 6.0]",Low Pass,,21.81307,,,Peter Shalulile,65723.0,,,,,,Throw-in,2,From Throw In,Riaan Hanamub,65555.0,Left Back,141,Namibia,4980,['4f75f1ab-2513-485c-94ff-f91f97a6502a'],55,,,,,,,,,,,,,,,,,,Namibia,4980,00:33:55.710,Pass,
,,,,,,,,,,,,,1.738763,,,,,,,,,,,,5361d818-42ac-469d-af8b-7f2556bcbad3,2276,,"[103.5, 0.1]",3920417,79,True,,,0.49499622,,,,,,"[114.8, 6.2]",Low Pass,,12.841339,,,Peter Shalulile,65723.0,,,,,,Throw-in,2,From Throw In,Riaan Hanamub,65555.0,Left Back,142,Namibia,4980,['f8f68953-bd82-4f99-9eb4-d9e25f0902a9'],11,,,,,,,,,,,,,,,,,,Namibia,4980,00:34:11.429,Pass,
,,,,,,,,,,,,,1.222515,,,,,,,,,,,,ea85cc39-1ce6-40cc-a3ce-080cf9af95a1,2279,,"[117.4, 5.6]",3920417,79,,,,2.6682365,,Right Foot,,,,"[109.2, 9.8]",High Pass,,9.213035,,,Absalom Iimbondi,103804.0,,,,,,,2,From Throw In,Peter Shalulile,65723.0,Center Forward,142,Namibia,4980,['98e1ba95-0c7f-4ab3-af8d-e1bff5a44261'],13,,,,,,,,,,,,,,,,,,Namibia,4980,00:34:13.536,Pass,
,,,,,,,,,,,,,0.468241,,,,,,,,,,,,68b688fc-542b-4cef-a67a-5eb570ec8685,2282,,"[110.6, 10.1]",3920417,79,,,,-2.5948038,,Right Foot,,,,"[103.7, 5.9]",Ground Pass,,8.077747,,,Riaan Hanamub,65555.0,,,,,,,2,From Throw In,Absalom Iimbondi,103804.0,Right Midfield,142,Namibia,4980,['3a372775-e19a-463a-b9b2-7e2bc7cdc6bc'],15,,,,,,,,,,,,,,,,,,Namibia,4980,00:34:15.292,Pass,
,,,,,,,,,,,,,0.089813,,,,,,,,,,,,186f5616-b13e-47aa-b519-af9aa0247c52,2286,,"[103.3, 4.8]",3920417,79,,,,0.4241944,,Left Foot,,,,"[106.4, 6.2]",Low Pass,,3.4014702,Incomplete,,Peter Shalulile,65723.0,,,,,,,2,From Throw In,Riaan Hanamub,65555.0,Left Back,142,Namibia,4980,"['e90e1a24-ab3b-4a25-9e35-4ffa72593072', 'c936d098-3f8d-43e6-afd4-74ccfd1fa15b']",16,,,,,,,,,,,,,,,,,,Namibia,4980,00:34:16.282,Pass,
,,,,,,,,,,,,,1.360091,,,,,,,,,,,,1b1dfe65-e8fc-4c21-a75e-c9962dc59b14,2289,,"[105.4, 0.1]",3920417,79,,,,0.6165154,,,,,,"[118.1, 9.1]",Low Pass,,15.565667,,,Peter Shalulile,65723.0,,,,,,Throw-in,2,From Throw In,Riaan Hanamub,65555.0,Left Back,143,Namibia,4980,['a4ecf566-dbc7-44f8-b8cd-da2e7fc7646c'],25,,,,,,,,,,,,,,,,,,Namibia,4980,00:34:25.253,Pass,
,,,,,,,,,,,,,1.09277,,,,,,,,,,,,9aed41ae-f5e4-4c10-864e-5b005e0dca3a,2295,,"[113.4, 0.1]",3920417,79,,,,1.2245108,,,,,,"[116.9, 9.8]",Low Pass,,10.312129,,,Peter Shalulile,65723.0,,,,,,Throw-in,2,From Throw In,Riaan Hanamub,65555.0,Left Back,144,Namibia,4980,['2f532b94-d830-41c2-9ccd-b12e46fcac9a'],35,,,,,,,,,,,,,,,,,,Namibia,4980,00:34:35.621,Pass,
,,,,,,,,,,,,,1.334031,,,,,,,,,,,,e1401173-cd18-4b3c-8926-05c9a60ff4c2,2298,,"[116.1, 9.7]",3920417,79,,,,-1.9614034,,Right Foot,,,,"[114.0, 4.6]",Ground Pass,,5.515433,Incomplete,,Riaan Hanamub,65555.0,,,,,,,2,From Throw In,Peter Shalulile,65723.0,Center Forward,144,Namibia,4980,"['4ba91002-f648-4c9e-96b3-ac1ca3a9228c', '4aae9dc7-5258-4ee4-94d3-75dbd4690f9d']",36,,,,,,,,,,,,,,,,,,Namibia,4980,00:34:36.809,Pass,
,,,,,,,,,,,,,0.618457,,,,,,,,,,,,f46fc8c4-9be7-4ff6-8d2f-70fc26f99387,2303,,"[5.7, 74.9]",3920417,79,,,,-1.6951513,,Left Foot,,,,"[5.3, 71.7]",Ground Pass,,3.224903,,,Hamari Traoré,3248.0,,,,,,,2,Regular Play,Fousseni Diabaté,3710.0,Right Wing,145,Mali,4930,"['f172981c-8db3-4e33-8280-0adcf2a2cac0', '9b77eea4-c9c6-4503-8de5-26130f9063e3']",38,,,,,,,,,,,,,,,,,,Mali,4930,00:34:38.623,Pass,True
,,,,,,,,,,,,,0.792815,,,,,,,,,,,,cb381233-374f-4a01-b632-dd39e26fae83,2306,,"[4.8, 71.0]",3920417,79,,,,0.330548,,Right Foot,,,,"[15.0, 74.5]",Ground Pass,,10.783784,,,Mohamed Camara,24806.0,,,,,,,2,Regular Play,Hamari Traoré,3248.0,Right Back,145,Mali,4930,['8f19b3a8-1365-4bb0-9dc5-d29c43b9d6d5'],39,,,,,,,,,,,,,,,,,,Mali,4930,00:34:39.636,Pass,
,,,,,,,,,,,,,1.029519,,,,,,,,,,,,ddeed1c9-e8e8-46ab-aa21-d879cd26cc47,2310,,"[14.0, 72.7]",3920417,79,,,,3.041924,,Right Foot,,,,"[4.0, 73.7]",Ground Pass,,10.049875,,,Hamari Traoré,3248.0,,,,,,,2,Regular Play,Mohamed Camara,24806.0,Right Defensive Midfield,145,Mali,4930,"['58d2c593-7ac9-4752-a7b0-ed5eac7ff309', '67e6a85e-0517-4ece-94b4-25230779e1e8']",41,,,,,,,,,,,,,,,,,,Mali,4930,00:34:41.643,Pass,True
,,,,,,,,,,,,,0.042307,,,,,,,,,,,,3a9d91f3-49e9-479c-8107-dc92bf2688ef,2314,,"[4.4, 76.5]",3920417,79,,,,0.14189705,,Right Foot,,,,"[7.2, 76.9]",Low Pass,,2.828427,Incomplete,,,,,,,,,,2,Regular Play,Hamari Traoré,3248.0,Right Back,145,Mali,4930,"['f44e8660-5158-41c6-bc65-07f367f94f10', '3ae37811-8281-44ab-9242-00e6fde61003']",43,,,,,,,,,,,,,,,,,,Mali,4930,00:34:43.409,Pass,True
,,,,,,,,,,,,,0.933119,,,,,,,,,,,,6ee396d0-9916-4b74-884e-38a8fdcbfb28,2316,,"[95.5, 7.0]",3920417,79,,,,0.47951928,,Head,,,,"[98.0, 8.3]",High Pass,,2.8178005,Incomplete,,Marcel Papama,103801.0,,,,,,Recovery,2,Regular Play,Riaan Hanamub,65555.0,Left Back,145,Mali,4930,"['4ac50c31-9bd6-48f2-9c09-b2344f459758', '3cdc81a1-2b04-465e-a101-250dc108e3cb']",45,,,,,,,,,,,,,,,,,,Namibia,4980,00:34:45.737,Pass,
,,,,,,,,,,,,,0.766313,,,,,,,,,,,,1350589d-3dcc-45ad-8e69-9fb50babfb0e,2321,,"[22.5, 74.5]",3920417,79,,,,-2.8012106,,Right Foot,,,,"[17.7, 72.8]",Ground Pass,,5.0921507,,,Hamari Traoré,3248.0,,,,,,,2,Regular Play,Yves Bissouma,4385.0,Left Defensive Midfield,145,Mali,4930,"['f64282e5-f220-4c72-bb1c-759fa49458cd', '55bb0e82-218e-4fdf-8ea6-c45b3f859000']",48,,,,,,,,,,,,,,,,,,Mali,4930,00:34:48.635,Pass,True
,,,,,,,,,,,,,1.312032,,,,,,,,,,,,77fddd8e-2c19-4a3a-bc71-3f60f999f401,2324,,"[17.0, 72.7]",3920417,79,,,,-1.6618897,,Right Foot,,,,"[15.1, 51.9]",Ground Pass,,20.886599,,,Sikou Niakate,7295.0,,,,,,,2,Regular Play,Hamari Traoré,3248.0,Right Back,145,Mali,4930,['1069cdf5-4d7e-4e09-b556-e6b2bfb5bbea'],50,,,,,,,,,,,,,,,,,,Mali,4930,00:34:50.016,Pass,
,,,,,,,,,,,,,2.324897,,,,,,,,,,,,34fd10dc-83ca-48aa-b0db-fbab3692a649,2327,,"[15.1, 36.8]",3920417,79,,,,-0.8337744,,Left Foot,,,,"[43.6, 5.4]",Ground Pass,,42.405308,,,Nene Dorgeles,199653.0,,,,,,,2,Regular Play,Sikou Niakate,7295.0,Left Center Back,145,Mali,4930,['845df6e8-2269-41d7-806d-d15114952ee4'],52,,,,,,,,,,,,,,,,,,Mali,4930,00:34:52.738,Pass,
,,,,,,,,,,,,,1.134988,,,,,,,,,,,,ec8fd902-7389-4a00-a301-766409196624,2330,,"[70.5, 10.3]",3920417,79,,,,-0.83663535,,Left Foot,,,,"[77.9, 2.1]",Ground Pass,,11.045361,,,Amadou Dante,40868.0,,,,,,,2,Regular Play,Nene Dorgeles,199653.0,Left Wing,145,Mali,4930,['6f1aded5-1e8e-432a-8563-8e8cb2a0310d'],58,,,,,,,,,,,,,,,,,,Mali,4930,00:34:58.410,Pass,
,,,,,,,,,,,,,2.351773,,,,,,,,,,,,89a3c1de-6b07-4fe4-aa6e-b8c718220ece,2333,,"[85.5, 3.1]",3920417,80,,,,0.535645,,Left Foot,,,,"[113.3, 19.6]",Ground Pass,,32.32785,,,Nene Dorgeles,199653.0,,,,,,,2,Regular Play,Amadou Dante,40868.0,Left Back,145,Mali,4930,['f545f739-19dc-4901-8709-5a7041e7c830'],0,,,,,,,,,,,,,,,,,,Mali,4930,00:35:00.320,Pass,
,,,,,,,,,,,,,0.218045,,,,,,,,,,,,b4b097cb-ffe5-4abc-bd8c-0c7c45fa144f,2342,,"[7.6, 72.1]",3920417,80,,,,0.14601226,,Left Foot,,,,"[11.0, 72.6]",Low Pass,,3.436568,Incomplete,,Marcel Papama,103801.0,,,,,,,2,Regular Play,Aprocious Petrus,136406.0,Center Defensive Midfield,146,Namibia,4980,"['cb34488e-6938-48cc-b3da-ea0779e2fdc7', '840afbb9-ff93-40d1-a00b-d8c7c523e3be', '21c583e6-2717-4b07-96ab-6d160e42afd3']",9,,,,,,,,,,,,,,,,,,Namibia,4980,00:35:09.195,Pass,True
,,,,,,,,,,,,,1.062925,,,,,,,,,,,,8d49340b-e51e-42c2-8128-4be1622c8dc8,2346,,"[22.4, 80.0]",3920417,80,True,,,-0.6829543,,,,,,"[28.3, 75.2]",Low Pass,,7.605919,,,Deon Hotto Kavendji,64612.0,,,,,,Throw-in,2,From Throw In,Ivan Kamberipa,103799.0,Right Back,147,Namibia,4980,['f18c2f21-13be-4cb7-aa59-40ca592af7ef'],45,,,,,,,,,,,,,,,,,,Namibia,4980,00:35:45.904,Pass,
,,,,,,,,,,,,,0.333947,,,,,,,,,,,,aa88bf4e-e3e8-4e86-9a05-af60f92541e1,2348,,"[29.2, 75.2]",3920417,80,True,,,2.8006136,,Right Foot,,,,"[26.1, 76.3]",Ground Pass,,3.2893767,,,Ivan Kamberipa,103799.0,,,,,,,2,From Throw In,Deon Hotto Kavendji,64612.0,Left Midfield,147,Namibia,4980,['5c9107e4-50df-4c14-81cc-0b3d705a3ba5'],47,,,,,,,,,,,,,,,,,,Namibia,4980,00:35:47.102,Pass,
,,,,,,,,,,,,,0.245331,,,,,,,,,,,,ed66674b-7882-4854-9255-9a574275106f,2351,,"[26.6, 76.6]",3920417,80,,,,-0.3529904,,Left Foot,,,,"[28.5, 75.9]",Low Pass,,2.0248456,Incomplete,,,,,,,,,,2,From Throw In,Ivan Kamberipa,103799.0,Right Back,147,Namibia,4980,"['556b0fc2-34c1-4b55-b533-ac1c102dac55', '45985954-7e6a-4b93-bf5a-780eb161007f']",47,,,,,,,,,,,,,,,,,,Namibia,4980,00:35:47.756,Pass,True
,,,,,,,,,,,,,2.401118,,,,,,,,,,,,f2d73383-3ab1-4444-bc95-0c7ab00f37b8,2357,,"[5.6, 69.4]",3920417,80,,,,0.3618981,,Right Foot,,,,"[33.6, 80.0]",High Pass,,29.939272,Out,,Marcel Papama,103801.0,,,,,,,2,From Throw In,Ivan Kamberipa,103799.0,Right Back,147,Namibia,4980,['40040dea-2465-465a-8016-b08a5c369877'],52,,,,,,,,,,,,,,,,,,Namibia,4980,00:35:52.780,Pass,
,,,,,,,,,,,,,0.467979,,,,,,,,,,,,b19453bf-3f43-4e9b-8831-ae21252cc3ba,2359,,"[84.3, 0.1]",3920417,81,True,,,2.7752857,,,,,,"[61.1, 9.0]",Low Pass,,24.848541,,,Sikou Niakate,7295.0,,,,,,Throw-in,2,From Throw In,Amadou Dante,40868.0,Left Back,148,Mali,4930,['dbab0095-4d9d-442f-8dbc-88bd39020d1f'],0,,,,,,,,,,,,,,,,,,Mali,4930,00:36:00.590,Pass,
,,,,,,,,,,,,,1.249966,,,,,,,,,,,,29b73369-d116-40e4-a22e-2df0af16b5b3,2361,,"[58.0, 10.0]",3920417,81,True,,,1.1970695,,Left Foot,,,,"[64.0, 25.3]",Ground Pass,,16.434416,,,Mohamed Camara,24806.0,,,,,,,2,From Throw In,Sikou Niakate,7295.0,Left Center Back,148,Mali,4930,['0c49bb58-0593-445f-a74a-df325d48212b'],1,,,,,,,,,,,,,,,,,,Mali,4930,00:36:01.427,Pass,
,,,,,,,,,,,,,1.657746,,,,,,,,,,,,d6123811-b641-476f-87ba-1751a7379537,2363,,"[62.3, 32.2]",3920417,81,,,,1.3572035,,Right Foot,,,,"[70.0, 67.7]",Ground Pass,,36.325474,,,Hamari Traoré,3248.0,,,,,,,2,From Throw In,Mohamed Camara,24806.0,Right Defensive Midfield,148,Mali,4930,['a54ef919-c047-4514-bae1-fc7830f12142'],3,,,,,,,,,,,,,,,,,,Mali,4930,00:36:03.621,Pass,
,,,,,,,,,,,,,1.323596,,,,,,,,,,,,29fa7f95-5ea6-4729-b195-9e9015a31fec,2366,,"[70.0, 65.3]",3920417,81,,,,0.45169598,,Right Foot,,,,"[90.2, 75.1]",Ground Pass,,22.451727,,,Adama Traoré,4464.0,,,,,,,2,From Throw In,Hamari Traoré,3248.0,Right Back,148,Mali,4930,['dd967aab-b583-4b04-9414-11beb5395020'],6,,,,,,,,,,,,,,,,,,Mali,4930,00:36:06.391,Pass,
,,,,,,,,,,,,,1.544383,,,,,,,,,,,,d211fc9b-b5a6-4f25-95d7-5683c49a2402,2369,,"[92.0, 73.9]",3920417,81,,,,3.1278949,,Left Foot,,,,"[77.4, 74.1]",Ground Pass,,14.60137,,,Hamari Traoré,3248.0,,,,,,,2,From Throw In,Adama Traoré,4464.0,Right Wing,148,Mali,4930,['12c36609-995e-4e82-80d9-d370dd4be7ae'],10,,,,,,,,,,,,,,,,,,Mali,4930,00:36:10.942,Pass,
,,,,,,,,,,,,,1.316961,,,,,,,,,,,,0df9abe7-2532-4636-aaea-ebfaac4ac891,2372,,"[77.8, 74.1]",3920417,81,,,,-2.155471,,Right Foot,,,,"[68.6, 60.2]",Ground Pass,,16.668833,,,Mohamed Camara,24806.0,,,,,,,2,From Throw In,Hamari Traoré,3248.0,Right Back,148,Mali,4930,['537af77b-22ae-4a16-a385-472519c7d34a'],12,,,,,,,,,,,,,,,,,,Mali,4930,00:36:12.944,Pass,
,,,,,,,,,,,,,2.457777,,,,,,,,,,,,2f79d933-7c3a-4209-b30c-851d1f77f3f9,2375,,"[68.2, 59.8]",3920417,81,,,,-1.49346,,Right Foot,,,,"[72.4, 5.6]",High Pass,,54.362488,,,Amadou Dante,40868.0,,,True,,,,2,From Throw In,Mohamed Camara,24806.0,Right Defensive Midfield,148,Mali,4930,['95afe1f3-fa59-4ed8-96dd-f437ab20edcd'],15,,,,,,,,,,,,,,,,,,Mali,4930,00:36:15.455,Pass,
,,,,,,,,,,,,,0.925626,,,,,,,,,,,,36d3a349-3b9c-44f0-b8cc-dee032c621b6,2378,,"[78.2, 6.4]",3920417,81,,,,0.76214653,,Left Foot,,,,"[84.8, 12.7]",Ground Pass,,9.124144,,,Kamory Doumbia,162132.0,,,,,,,2,From Throw In,Amadou Dante,40868.0,Left Back,148,Mali,4930,['50181c28-c14f-41fc-9a1c-745739042288'],20,,,,,,,,,,,,,,,,,,Mali,4930,00:36:20.293,Pass,
,,,,,,,,,,,,,1.297943,,,,,,,,,,,,e72ebbe0-3df4-4649-b647-8b827e22c1c3,2382,,"[76.5, 11.4]",3920417,81,,,,1.8780551,,Right Foot,,,,"[66.6, 42.6]",Ground Pass,,32.73301,,,Mohamed Camara,24806.0,,,,,,,2,From Throw In,Kamory Doumbia,162132.0,Center Attacking Midfield,148,Mali,4930,"['667d9ade-9413-4302-b2eb-4efc8d1b9df3', '50ccdc9b-b829-46de-9dc5-a79e31b31793']",24,,,,,,,,,,,,,,,,,,Mali,4930,00:36:24.316,Pass,True
,,,,,,,,,,,,,1.934957,,,,,,,,,,,,ce7412d7-9cd7-4760-b8b1-c4920cd1a001,2385,,"[68.5, 50.1]",3920417,81,,,,0.77776474,,Right Foot,,,,"[94.9, 76.1]",Ground Pass,,37.053474,,,Hamari Traoré,3248.0,,,,,,,2,From Throw In,Mohamed Camara,24806.0,Right Defensive Midfield,148,Mali,4930,['6c6dd0d2-722c-4474-b860-36d0d920d7e5'],27,,,,,,,,,,,,,,,,,,Mali,4930,00:36:27.686,Pass,
,,,,,,,,,,,,,2.216421,,,,,,,,,,,,a96f5b56-2b98-4ac8-98f1-444f52de535e,2388,,"[97.5, 74.5]",3920417,81,,,,-0.32175055,,Right Foot,,,,"[117.0, 68.0]",Ground Pass,,20.554804,,,Adama Traoré,4464.0,,,,,,,2,From Throw In,Hamari Traoré,3248.0,Right Back,148,Mali,4930,['71437ec4-d3d3-427e-bc2f-72ab85afb8b3'],31,,,,,,,,,,,,,,,,,,Mali,4930,00:36:31.311,Pass,
,,,,,,,,,,,,,0.941573,,,,,,,,,,,,1162e52b-1545-4820-975a-491c1ea4a8e2,2392,,"[108.0, 70.8]",3920417,81,,,,2.682776,,Left Foot,,,,"[99.7, 74.9]",Ground Pass,,9.257429,,,Hamari Traoré,3248.0,,,,,,,2,From Throw In,Adama Traoré,4464.0,Right Wing,148,Mali,4930,"['71fcaf7d-71f6-435b-9715-e72562119d8b', 'de05bea8-9e70-42ba-bfdb-660bff4d6eee']",35,,,,,,,,,,,,,,,,,,Mali,4930,00:36:35.646,Pass,True
,,,,,,,,,,,,,1.324492,,,,,,,,,,,,17e06be7-0efd-4c23-ba8a-07212a1ee4e8,2395,,"[98.5, 74.9]",3920417,81,,,,3.1415927,,Right Foot,,,,"[84.3, 74.9]",Ground Pass,,14.2,,,Mohamed Camara,24806.0,,,,,,,2,From Throw In,Hamari Traoré,3248.0,Right Back,148,Mali,4930,['ea918d97-094a-4d8e-b030-ebd367ca00da'],36,,,,,,,,,,,,,,,,,,Mali,4930,00:36:36.970,Pass,
,,,,,,,,,,,,,2.505783,,,,,,,,,,,,baa114e2-cd91-4249-95b9-93a7494dad77,2398,,"[85.7, 69.6]",3920417,81,,,,-2.0421276,,Right Foot,,,,"[67.2, 33.3]",Ground Pass,,40.742363,,,Sikou Niakate,7295.0,,,,,,,2,From Throw In,Mohamed Camara,24806.0,Right Defensive Midfield,148,Mali,4930,['2f4d8228-ccbf-4e36-a89d-381ea5418e8b'],39,,,,,,,,,,,,,,,,,,Mali,4930,00:36:39.046,Pass,
,,,,,,,,,,,,,1.57755,,,,,,,,,,,,f68a448f-78b6-44a7-aa23-3ea072e0ad02,2401,,"[68.8, 32.0]",3920417,81,,,,-1.0967685,,Left Foot,,,,"[80.6, 9.0]",Ground Pass,,25.850338,,,Amadou Dante,40868.0,,,,,,,2,From Throw In,Sikou Niakate,7295.0,Left Center Back,148,Mali,4930,['4d9046bc-98df-4525-b157-9099c0d5afed'],42,,,,,,,,,,,,,,,,,,Mali,4930,00:36:42.322,Pass,
,,,,,,,,,,,,,1.261815,,,,,,,,,,,,3169da46-be60-4895-9833-cfc3e627d8d8,2404,,"[83.7, 8.6]",3920417,81,,,,0.80391455,,Left Foot,,,,"[110.2, 36.1]",High Pass,,38.19031,Incomplete,,,,,,,,,,2,From Throw In,Amadou Dante,40868.0,Left Back,148,Mali,4930,['8f2328dd-5c2a-49c2-9465-20f35f212af0'],45,,,,,,,,,,,,,,,,,,Mali,4930,00:36:45.229,Pass,
,,,,,,,,,,,,,4.241523,,,,,,,,,,,,fec42605-8ee9-42ca-9221-7b34cb1da2d9,2408,,"[24.1, 44.0]",3920417,81,,,,-0.6503621,,Left Foot,,,,"[70.5, 8.7]",High Pass,,58.301373,Incomplete,,Absalom Iimbondi,103804.0,,,,,,,2,From Throw In,Ngero Kaanjuka Katua,389316.0,Left Center Midfield,148,Mali,4930,"['3642ece5-b0d3-4e4c-a82b-0ec625d0408f', 'f769265c-1e06-4adb-9fc7-fc7a49c2ab83']",49,,,,,,,,,,,,,,,,,,Namibia,4980,00:36:49.443,Pass,
,,,,,,,,,,,,,1.252654,,,,,,,,,,,,351c00ae-72da-4ff9-a738-5f01b8bac148,2412,,"[55.4, 70.7]",3920417,81,,,,-1.848358,,Right Foot,,,,"[50.3, 52.8]",Ground Pass,,18.612362,,,Mohamed Camara,24806.0,,,,,,,2,From Throw In,Boubakar Kouyate,23331.0,Right Center Back,148,Mali,4930,['7c88e0dc-d961-474d-ae82-e96907b7b327'],55,,,,,,,,,,,,,,,,,,Mali,4930,00:36:55.842,Pass,
,,,,,,,,,,,,,1.518793,,,,,,,,,,,,f6aa7fd7-827b-4e8f-be7a-8c87e9325c8f,2415,,"[64.1, 45.0]",3920417,82,,,,-2.1938431,,Right Foot,,,,"[54.4, 31.5]",Ground Pass,,16.623478,,,Sikou Niakate,7295.0,,,,,,,2,From Throw In,Mohamed Camara,24806.0,Right Defensive Midfield,148,Mali,4930,['5ed4174a-be7e-4cdd-9791-c97f9b13e3bb'],1,,,,,,,,,,,,,,,,,,Mali,4930,00:37:01.090,Pass,
,,,,,,,,,,,,,1.732092,,,,,,,,,,,,c423eed4-98ef-4a44-88e3-9c11a1f5e005,2418,,"[57.2, 25.1]",3920417,82,,,,-1.1952257,,Left Foot,,,,"[64.1, 7.6]",Ground Pass,,18.811167,,,Amadou Dante,40868.0,,,,,,,2,From Throw In,Sikou Niakate,7295.0,Left Center Back,148,Mali,4930,['be400e31-9ef8-4500-b632-ba48ea391b16'],3,,,,,,,,,,,,,,,,,,Mali,4930,00:37:03.953,Pass,
,,,,,,,,,,,,,1.308672,,,,,,,,,,,,07f6c867-c216-4ba6-9173-54fc297984b5,2421,,"[69.2, 9.3]",3920417,82,,,,-0.30327216,,Left Foot,,,,"[83.9, 4.7]",Ground Pass,,15.402922,,,Nene Dorgeles,199653.0,,,,,,,2,From Throw In,Amadou Dante,40868.0,Left Back,148,Mali,4930,['7de117ee-10c1-4a7a-909e-aab8037f9185'],7,,,,,,,,,,,,,,,,,,Mali,4930,00:37:07.844,Pass,
,,,,,,,,,,,,,1.154081,,,,,,,,,,,,7b58d6ca-535e-4b73-9452-53ab8d935f73,2424,,"[85.7, 5.6]",3920417,82,,,,0.70905954,,Right Foot,,,,"[104.7, 21.9]",Ground Pass,,25.033777,,,Kamory Doumbia,162132.0,,,,,,,2,From Throw In,Nene Dorgeles,199653.0,Left Wing,148,Mali,4930,['2da05554-8c9f-4a7a-90f4-4f40f4dfb2f6'],10,,,,,,,,,,,,,,,,,,Mali,4930,00:37:10.801,Pass,
,,,,,,,,,,,,,1.360563,,,,,,,,,,,,002c1da8-9139-4522-943c-2944c6a4d523,2428,,"[100.5, 15.5]",3920417,82,,,,2.3561945,,Right Foot,,,,"[85.7, 30.3]",Ground Pass,,20.93036,,,Mohamed Camara,24806.0,,,,,,,2,From Throw In,Kamory Doumbia,162132.0,Center Attacking Midfield,148,Mali,4930,['0086b20f-1cd9-4671-9ac8-2ae87ae5c9f6'],15,,,,,,,,,,,,,,,,,,Mali,4930,00:37:15.405,Pass,
,,,,,,,,,,,,,1.360905,,,,,,,,,,,,daf6e825-5ee6-4885-aaf6-91f8f1004eff,2431,,"[84.3, 31.2]",3920417,82,,,,1.2965307,ca0a17e8-bc88-4022-ac82-0a23c085f707,Right Foot,,,,"[92.6, 60.7]",Ground Pass,,30.645391,,,Hamari Traoré,3248.0,True,,,,,,2,From Throw In,Mohamed Camara,24806.0,Right Defensive Midfield,148,Mali,4930,['95b2261e-ba83-492f-b80a-e8ebfe78df1c'],17,,,,,,,,,,,,,,,,,,Mali,4930,00:37:17.555,Pass,
,,,,,,,,,,,,,0.607273,,,,,,,,,,,,6c3add9b-8539-4fa5-affc-596ea6c3f4f4,2437,,"[95.4, 80.0]",3920417,82,True,,,-2.7399497,,,,,,"[76.8, 72.1]",Low Pass,,20.208166,,,Yves Bissouma,4385.0,,,,,,Throw-in,2,From Throw In,Hamari Traoré,3248.0,Right Back,149,Mali,4930,['d357fd89-3ab7-444b-9ca0-c04a6cbd04f2'],30,,,,,,,,,,,,,,,,,,Mali,4930,00:37:30.585,Pass,
,,,,,,,,,,,,,0.573168,,,,,,,,,,,,5700270d-6acc-43df-8ed1-0a0833cada37,2439,,"[76.8, 71.7]",3920417,82,,,,-1.5308176,,Right Foot,,,,"[77.5, 54.2]",Ground Pass,,17.513994,,,Mohamed Camara,24806.0,,,,,,,2,From Throw In,Yves Bissouma,4385.0,Left Defensive Midfield,149,Mali,4930,['43582486-f32e-4f94-b3f1-0d5147278841'],33,,,,,,,,,,,,,,,,,,Mali,4930,00:37:33.767,Pass,
,,,,,,,,,,,,,0.745976,,,,,,,,,,,,ee74b6e6-c679-451c-b63e-2399a068b009,2443,,"[78.6, 55.7]",3920417,82,,,,1.7960731,,Right Foot,,,,"[76.4, 65.3]",Ground Pass,,9.848858,,,Yves Bissouma,4385.0,,,,,,,2,From Throw In,Mohamed Camara,24806.0,Right Defensive Midfield,149,Mali,4930,"['837265e7-822f-4b79-83de-58122e965af0', '772ec994-2025-466b-9abc-8192595da8c2']",34,,,,,,,,,,,,,,,,,,Mali,4930,00:37:34.538,Pass,True
,,,,,,,,,,,,,0.867174,,,,,,,,,,,,5907c6da-9314-431d-a0f0-9c39bcd7681e,2446,,"[76.1, 65.8]",3920417,82,,,,0.24017102,,Right Foot,,,,"[90.8, 69.4]",Ground Pass,,15.1343975,,,Adama Traoré,4464.0,,,,,,,2,From Throw In,Yves Bissouma,4385.0,Left Defensive Midfield,149,Mali,4930,['6e33b166-02ef-431f-815d-93a7e8bfacd6'],36,,,,,,,,,,,,,,,,,,Mali,4930,00:37:36.963,Pass,
,,,,,,,,,,,,,3.034001,,,,,,,,,,,,0fb76742-da6e-4e5c-bc5c-af6aca167c0f,2453,,"[81.1, 67.1]",3920417,82,,,,-1.1320513,,Left Foot,,,,"[101.7, 23.2]",High Pass,,48.49299,Incomplete,,Nene Dorgeles,199653.0,,,True,,,,2,From Throw In,Adama Traoré,4464.0,Right Wing,149,Mali,4930,"['4639f3ac-6994-4807-81b5-d1ea26b79786', '2d808faa-1936-42fb-b91c-e2cf32820495']",44,,,,,,,,,,,,,,,,,,Mali,4930,00:37:44.472,Pass,
,,,,,,,,,,,,,1.760094,,,,,,,,,,,,5ed176ef-952a-4ccd-9e32-2059e173a8a6,2457,,"[14.1, 75.9]",3920417,82,,,,-0.27569097,,Right Foot,,,,"[29.3, 71.6]",Ground Pass,,15.796518,,,Aprocious Petrus,136406.0,,,,,,,2,From Throw In,Deon Hotto Kavendji,64612.0,Left Midfield,149,Mali,4930,['b84437cd-fbcb-4f44-a999-3784c04c9d96'],51,,,,,,,,,,,,,,,,,,Namibia,4980,00:37:51.994,Pass,
,,,,,,,,,,,,,2.599146,,,,,,,,,,,,158c6362-3276-49c7-95d1-b9d2d34d0348,2462,,"[30.7, 69.4]",3920417,82,,,,-0.7275477,,Left Foot,,,,"[58.1, 45.0]",High Pass,,36.689507,Incomplete,,Absalom Iimbondi,103804.0,,,,,,,2,From Throw In,Aprocious Petrus,136406.0,Center Defensive Midfield,149,Mali,4930,"['c9c00397-8eee-4469-9615-cc225e7f797d', '299b5cc0-e77c-4e4b-9f15-7b7568d99d66']",55,,,,,,,,,,,,,,,,,,Namibia,4980,00:37:55.312,Pass,
,,,,,,,,,,,,,1.668055,,,,,,,,,,,,299b5cc0-e77c-4e4b-9f15-7b7568d99d66,2465,,"[62.0, 35.1]",3920417,82,,,True,0.06320683,,,,,,"[77.8, 36.1]",High Pass,,15.831614,,,Adama Traoré,4464.0,,,,,,Recovery,2,From Throw In,Boubakar Kouyate,23331.0,Right Center Back,149,Mali,4930,"['c2f8bf14-0d0d-4315-8a44-6ac75fe4a86f', '158c6362-3276-49c7-95d1-b9d2d34d0348', 'ffe02537-d87a-4c33-82e6-f271da468ad6']",57,,,,,,,,,,,,,,,,,,Mali,4930,00:37:57.911,Pass,True
,,,,,,,,,,,,,0.723469,,,,,,,,,,,,2aa3111b-92a1-4dc2-8b46-88ac7495c28b,2469,,"[74.5, 44.4]",3920417,82,,,True,-2.4719536,,,,,,"[67.3, 38.7]",Low Pass,,9.183137,,,Mohamed Camara,24806.0,,,,,,,2,From Throw In,Adama Traoré,4464.0,Right Wing,149,Mali,4930,"['7a14217a-36ea-44a2-aa5a-9b98b3755efc', 'd65a7867-e867-4125-b531-bc26837824de', 'cdc088db-f665-4b4a-ba3d-79b3e080c959']",59,,,,,,,,,,,,,,,,,,Mali,4930,00:37:59.959,Pass,True
,,,,,,,,,,,,,1.906394,,,,,,,,,,,,377ce182-b368-43ad-8f78-ec77ba9e65f2,2473,,"[67.1, 38.4]",3920417,83,,,,1.7889436,,Right Foot,,,,"[62.6, 58.7]",Low Pass,,20.792788,,,Hamari Traoré,3248.0,,,,,,,2,From Throw In,Mohamed Camara,24806.0,Right Defensive Midfield,149,Mali,4930,"['da7c1ce2-5a61-43ca-b20c-e1b1140f99d9', '873dbda6-f2ee-4ea2-959e-19a243f2b594']",1,,,,,,,,,,,,,,,,,,Mali,4930,00:38:01.518,Pass,True
,,,,,,,,,,,,,1.766384,,,,,,,,,,,,212f64dc-a35f-4f13-a2f0-d213a113a7ae,2476,,"[62.6, 56.6]",3920417,83,,,,-1.9773107,,Right Foot,,,,"[53.0, 34.3]",Ground Pass,,24.278591,,,Sikou Niakate,7295.0,,,,,,,2,From Throw In,Hamari Traoré,3248.0,Right Back,149,Mali,4930,['b27299e1-3753-4f91-a397-227c28d867a5'],5,,,,,,,,,,,,,,,,,,Mali,4930,00:38:05.920,Pass,
,,,,,,,,,,,,,1.003327,,,,,,,,,,,,b2983dad-321e-4cbf-b91e-30293b5f8e90,2479,,"[55.4, 34.0]",3920417,83,,,,-0.26330656,,Left Foot,,,,"[78.4, 27.8]",Ground Pass,,23.821,,,Kamory Doumbia,162132.0,,,,,,,2,From Throw In,Sikou Niakate,7295.0,Left Center Back,149,Mali,4930,['7a8376bc-1561-41d7-86e5-0a78a52d4b2b'],9,,,,,,,,,,,,,,,,,,Mali,4930,00:38:09.521,Pass,
,,,,,,,,,,,,,2.25675,,,,,,,,,,,,86916daf-2df9-485d-b246-5b9fb1c8ad36,2487,,"[120.0, 0.1]",3920417,84,,,,1.9694195,38ee815e-3147-42e2-a66b-a862e0b0d8fc,Left Foot,,,,"[101.3, 44.5]",High Pass,,48.177277,,,Yves Bissouma,4385.0,True,True,True,Straight,,Corner,2,From Corner,Adama Traoré,4464.0,Right Wing,151,Mali,4930,['75e1bd46-305c-45f2-a94a-5d1b3c782010'],55,,,,,,,,,,,,,,,,,,Mali,4930,00:39:55.431,Pass,
,,,,,,,,,,,,,3.648035,,,,,,,,,,,,6f9ff889-753c-4020-bb67-5b96fa0c66d9,2491,,"[7.0, 44.1]",3920417,85,,,,0.47061613,,Right Foot,,,,"[64.2, 73.2]",High Pass,,64.17671,Incomplete,,Deon Hotto Kavendji,64612.0,,,,,,Goal Kick,2,From Goal Kick,Lloyd Junior Kazapua,125324.0,Goalkeeper,152,Namibia,4980,"['7a1062b4-e488-49bd-9d14-a6976a547614', 'd24119c4-e31d-4107-b649-6dddbbf85a33']",27,,,,,,,,,,,,,,,,,,Namibia,4980,00:40:27.013,Pass,
,,,,,,,,,,,,,2.142535,,,,,,,,,,,,7a1062b4-e488-49bd-9d14-a6976a547614,2493,,"[55.9, 6.9]",3920417,85,,,,1.3696328,,Left Foot,,,,"[61.1, 32.4]",High Pass,,26.024796,Incomplete,,Adama Traoré,4464.0,,,,,,Recovery,2,From Goal Kick,Nene Dorgeles,199653.0,Left Wing,152,Namibia,4980,"['6f9ff889-753c-4020-bb67-5b96fa0c66d9', '0ee0f86b-eb61-40e0-b964-49bfcf3f4264', 'fc6bed25-0b74-4965-ad6e-2847f5a00e4a']",30,,,,,,,,,,,,,,,,,,Mali,4930,00:40:30.662,Pass,
,,,,,,,,,,,,,0.571938,,,,,,,,,,,,0ee0f86b-eb61-40e0-b964-49bfcf3f4264,2495,,"[59.0, 47.7]",3920417,85,,,,0.41145626,,Left Foot,,,,"[64.5, 50.1]",Ground Pass,,6.0008335,Incomplete,,Marcel Papama,103801.0,,,,,,Recovery,2,From Goal Kick,Ngero Kaanjuka Katua,389316.0,Left Center Midfield,152,Namibia,4980,"['55cef0b4-26cb-4a72-afe3-344e29f0c9ee', '812f614d-b8e2-4b33-ae93-0a42a6ed3c28', '7a1062b4-e488-49bd-9d14-a6976a547614']",32,,,,,,,,,,,,,,,,,,Namibia,4980,00:40:32.804,Pass,
,,,,,,,,,,,,,1.25342,,,,,,,,,,,,aaf51d93-baf7-4895-b59b-7cdf83647838,2500,,"[53.6, 34.4]",3920417,85,,,,0.85032225,,Right Foot,,,,"[68.7, 51.6]",Ground Pass,,22.88777,,,Ibrahim Sissoko,8992.0,,,,,,,2,Regular Play,Mohamed Camara,24806.0,Right Defensive Midfield,153,Mali,4930,['12c82eba-5a58-4ddf-8dd3-4e23033dc2b4'],34,,,,,,,,,,,,,,,,,,Mali,4930,00:40:34.632,Pass,
,,,,,,,,,,,,,1.321253,,,,,,,,,,,,5acf221d-0284-430a-aed4-5431856c5640,2508,,"[115.3, 66.7]",3920417,85,,,,-1.8820008,,Right Foot,True,True,,"[105.2, 35.3]",Ground Pass,,32.98439,,,Nene Dorgeles,199653.0,,,,,,,2,Regular Play,Ibrahim Sissoko,8992.0,Center Forward,153,Mali,4930,['58d892e8-8292-4a27-a05e-9c8e7a7ee3d3'],46,,,,,,,,,,,,,,,,,,Mali,4930,00:40:46.313,Pass,
,,,,,,,,,,,,,0.734097,,,,,,,,,,,,d8827641-d9e5-49de-a3e5-f7f312b8815b,2512,,"[103.2, 34.4]",3920417,85,,,,2.0453925,0a1f4530-65bc-4654-9c76-f1506fac009c,Right Foot,,,,"[97.6, 45.3]",Ground Pass,,12.254387,,,Mohamed Camara,24806.0,True,,,,,,2,Regular Play,Nene Dorgeles,199653.0,Left Wing,153,Mali,4930,"['1a0a2311-3502-4308-813a-f5fd2bde96b5', '1de6f61e-c223-4fe2-bb3c-ab5cd46c861a']",48,,,,,,,,,,,,,,,,,,Mali,4930,00:40:48.002,Pass,True
,,,,,,,,,,,,,1.018686,,,,,,,,,,,,49d4c201-4261-4351-bac2-1440eb7a7ba8,2518,,"[107.7, 55.7]",3920417,85,,,True,-1.3769978,,,,,,"[109.8, 45.0]",High Pass,,10.904128,Incomplete,,Kamory Doumbia,162132.0,,,,,,Recovery,2,Regular Play,Ibrahim Sissoko,8992.0,Center Forward,153,Mali,4930,"['2e97a880-2ce7-444b-ac33-f57b18771ddc', 'eab1dc4c-113c-43a9-a125-a0e170230224', '48976af1-1e0f-4661-8913-8994d309ce10']",52,,,,,,,,,,,,,,,,,,Mali,4930,00:40:52.111,Pass,True
,,,,,,,,,,,,,2.917682,,,,,,,,,,,,f48df130-36f0-40e8-ba77-d26a8e090dde,2533,,"[24.4, 31.6]",3920417,87,,,,-0.79153305,,Right Foot,,,,"[48.7, 7.0]",High Pass,,34.57817,,,Absalom Iimbondi,103804.0,,,,,,,2,Regular Play,Peter Shalulile,65723.0,Center Forward,155,Namibia,4980,['70ca3860-9c4a-4f01-87d5-61511f4c8a33'],15,,,,,,,,,,,,,,,,,,Namibia,4980,00:42:15.942,Pass,
,,,,,,,,,,,,,1.735851,,,,,,,,,,,,0eeb4bb6-c05e-48fd-affd-e72e9ef6735c,2541,,"[58.1, 0.1]",3920417,89,,,,0.34653887,,,,,,"[86.9, 10.5]",High Pass,,30.620255,Incomplete,,Deon Hotto Kavendji,64612.0,,,,,,Throw-in,2,From Throw In,Riaan Hanamub,65555.0,Left Back,156,Namibia,4980,"['ab640464-a55c-41aa-826c-673fea52ccd7', 'e800b349-5151-40bf-ab43-7c4cd0e6308d']",19,,,,,,,,,,,,,,,,,,Namibia,4980,00:44:19.288,Pass,
,,,,,,,,,,,,,2.142243,,,,,,,,,,,,d1fc79c7-e040-4b20-b718-0d28de771fad,2547,,"[87.5, 0.1]",3920417,89,,,,0.2832209,,,,,,"[114.3, 7.9]",High Pass,,27.912004,,,Deon Hotto Kavendji,64612.0,,,,,,Throw-in,2,From Throw In,Riaan Hanamub,65555.0,Left Back,157,Namibia,4980,['5b1345cc-4f37-4d12-9027-322620a1e302'],37,,,,,,,,,,,,,,,,,,Namibia,4980,00:44:37.627,Pass,
,,,,,,,,,,,,,0.098806,,,,,,,,,,,,8d9ea81c-4812-4606-a5a4-b6d9aa6909a3,2551,,"[117.5, 4.6]",3920417,89,,,,1.8568478,,Left Foot,,,,"[116.5, 8.0]",Low Pass,,3.544009,Incomplete,,Marcel Papama,103801.0,,,,,,,2,From Throw In,Deon Hotto Kavendji,64612.0,Left Midfield,157,Namibia,4980,"['fcc54774-8bec-42ec-9010-557e819a6695', '1dc61d4e-5ab8-47c7-bca6-f355739f25ab']",42,,,,,,,,,,,,,,,,,,Namibia,4980,00:44:42.380,Pass,
,,,,,,,,,,,,,1.887161,,,,,,,,,,,,3aadfe63-22f9-4248-a4da-a15a720b2c13,2555,,"[120.0, 0.1]",3920417,90,True,,,2.2518134,,Left Foot,,,,"[115.3, 5.9]",Ground Pass,,7.465253,,,Riaan Hanamub,65555.0,,,,,,Corner,2,From Corner,Absalom Iimbondi,103804.0,Right Midfield,158,Namibia,4980,['b141f072-beff-4f17-afab-b216312e9630'],6,,,,,,,,,,,,,,,,,,Namibia,4980,00:45:06.387,Pass,
,,,,,,,,,,,,,0.346606,,,,,,,,,,,,d04ac471-3a21-4b8a-bf8e-4c8ed62418e6,2558,,"[113.3, 5.6]",3920417,90,,,,1.3134726,,Left Foot,,,,"[114.3, 9.4]",Ground Pass,,3.9293766,Incomplete,,Absalom Iimbondi,103804.0,,,,,,,2,From Corner,Riaan Hanamub,65555.0,Left Back,158,Namibia,4980,"['0036ee38-cbc3-4ead-80b1-caf643e95cd3', '0540f933-5171-41ba-8931-bf78b1a74247', '25f3abc3-b381-4fb9-b92b-413c92dfffae']",10,,,,,,,,,,,,,,,,,,Namibia,4980,00:45:10.821,Pass,True
,,,,,,,,,,,,,1.279798,,,,,,,,,,,,844dc94d-3ebc-4689-9122-ad1c8e3702a4,2561,,"[105.4, 0.1]",3920417,90,,,,0.5629509,,,,,,"[115.7, 6.6]",Low Pass,,12.179491,Incomplete,,Absalom Iimbondi,103804.0,,,,,,Throw-in,2,From Throw In,Riaan Hanamub,65555.0,Left Back,159,Namibia,4980,"['e06367e0-a4b1-4f27-970e-0f8648491e37', '0a31566f-9012-4e37-abd9-a8d30e4977c6']",22,,,,,,,,,,,,,,,,,,Namibia,4980,00:45:22.058,Pass,
,,,,,,,,,,,,,0.193788,,,,,,,,,,,,6de345d7-9507-4f78-b354-ddd11d1cafaa,2566,,"[2.0, 76.1]",3920417,90,,,,-0.6998929,,Right Foot,,,,"[3.9, 74.5]",Low Pass,,2.4839485,Incomplete,,Ibrahim Sissoko,8992.0,,,,,,,2,Regular Play,Adama Traoré,4464.0,Right Wing,160,Mali,4930,"['ce3e5deb-a04a-4979-a984-607bbbdcba62', 'd1ba244e-05bb-4380-b202-28e148fd1c28', '84c6e72b-a5d7-4af7-a4e2-87abdc697859']",24,,,,,,,,,,,,,,,,,,Mali,4930,00:45:24.248,Pass,True
,,,,,,,,,,,,,1.923064,,,,,,,,,,,,354d7275-a6b9-4875-b77f-f34e024f3e15,2569,,"[6.4, 80.0]",3920417,90,True,,,-1.5264568,,,,,,"[7.7, 50.7]",Low Pass,,29.328825,,,Boubakar Kouyate,23331.0,,,,,,Throw-in,2,From Throw In,Hamari Traoré,3248.0,Right Back,161,Mali,4930,['08baca1e-06be-4066-aef7-20207c0da24f'],30,,,,,,,,,,,,,,,,,,Mali,4930,00:45:30.929,Pass,
,,,,,,,,,,,,,1.367287,,,,,,,,,,,,b25228c9-2d3c-47be-931d-cc7f58c318ba,2571,,"[7.7, 41.3]",3920417,90,,,,-1.1562895,,Right Foot,,,,"[13.2, 28.8]",Ground Pass,,13.6565,,,Sikou Niakate,7295.0,,,,,,,2,From Throw In,Boubakar Kouyate,23331.0,Right Center Back,161,Mali,4930,['e37a6274-0a63-434b-ae6c-adbd78f71be6'],34,,,,,,,,,,,,,,,,,,Mali,4930,00:45:34.744,Pass,
,,,,,,,,,,,,,1.300912,,,,,,,,,,,,3edbfcbd-5bc0-44df-af28-b6c876c67e0f,2574,,"[22.8, 20.5]",3920417,90,,,,-1.1492031,,Left Foot,,,,"[30.2, 4.0]",Ground Pass,,18.083418,,,Amadou Dante,40868.0,,,,,,,2,From Throw In,Sikou Niakate,7295.0,Left Center Back,161,Mali,4930,['fe8311fc-37b8-45d7-95c4-8cb9b17d2a15'],37,,,,,,,,,,,,,,,,,,Mali,4930,00:45:37.936,Pass,
,,,,,,,,,,,,,2.152498,,,,,,,,,,,,e8bc59a5-f972-4059-9f99-85560a2a9c5d,2577,,"[30.7, 4.8]",3920417,90,,,,1.9292004,,Left Foot,,,,"[19.5, 34.7]",Ground Pass,,31.928827,,,Boubakar Kouyate,23331.0,,,,,,,2,From Throw In,Amadou Dante,40868.0,Left Back,161,Mali,4930,['eac97119-ea9d-4917-bead-5700f6e1a3ed'],40,,,,,,,,,,,,,,,,,,Mali,4930,00:45:40.186,Pass,
,,,,,,,,,,,,,1.278725,,,,,,,,,,,,0912396c-6781-487a-9e4f-10f15a8899f2,2580,,"[21.1, 40.8]",3920417,90,,,,0.6044717,,Right Foot,,,,"[40.5, 54.2]",Ground Pass,,23.577955,,,Mohamed Camara,24806.0,,,,,,,2,From Throw In,Boubakar Kouyate,23331.0,Right Center Back,161,Mali,4930,['ef678430-7667-491a-b501-035f23c93327'],43,,,,,,,,,,,,,,,,,,Mali,4930,00:45:43.707,Pass,
,,,,,,,,,,,,,2.034415,,,,,,,,,,,,b1333156-2565-4f49-96ea-6d2486751482,2583,,"[41.4, 55.2]",3920417,90,,,,0.65284663,,Right Foot,,,,"[63.5, 72.1]",Ground Pass,,27.821215,,,Adama Traoré,4464.0,,,,,,,2,From Throw In,Mohamed Camara,24806.0,Right Defensive Midfield,161,Mali,4930,['20b8b993-43fb-41a1-9b92-d27e5f0553c5'],45,,,,,,,,,,,,,,,,,,Mali,4930,00:45:45.972,Pass,
,,,,,,,,,,,,,0.960909,,,,,,,,,,,,403ad735-37ee-4631-9eb2-f8881a9403b9,2586,,"[63.5, 72.1]",3920417,90,,,,0.3463541,,Left Foot,,,,"[76.8, 76.9]",Ground Pass,,14.139661,,,Hamari Traoré,3248.0,,,,,,,2,From Throw In,Adama Traoré,4464.0,Right Wing,161,Mali,4930,['dc64beef-6e51-4f21-8cc3-bb840923675b'],48,,,,,,,,,,,,,,,,,,Mali,4930,00:45:48.608,Pass,
,,,,,,,,,,,,,1.253688,,,,,,,,,,,,a7f22867-3d73-4cc9-989e-20bd3130ba19,2590,,"[105.2, 74.9]",3920417,90,,,,-1.2929107,,Right Foot,True,,,"[114.3, 43.0]",High Pass,,33.17258,Incomplete,,Ibrahim Sissoko,8992.0,,,,,,,2,From Throw In,Hamari Traoré,3248.0,Right Back,161,Mali,4930,"['993db66e-fac2-477a-b11d-a60b0545b352', '04dda5af-3000-496a-a676-a4b32a256163', '07ee27b3-9e07-4ab3-a4f2-6c8789f23882']",52,,,,,,,,,,,,,,,,,,Mali,4930,00:45:52.944,Pass,True
,,,,,,,,,,,,,3.213389,,,,,,,,,,,,86042d7a-3ec5-496f-9424-ab489065578a,2595,,"[21.4, 27.3]",3920417,90,,,,-0.5658087,,Left Foot,,,,"[63.6, 0.5]",High Pass,,49.9908,Out,,Deon Hotto Kavendji,64612.0,,,,,,,2,From Throw In,Absalom Iimbondi,103804.0,Right Midfield,161,Mali,4930,['59a1563c-b5cc-4336-b350-6db2f75994c0'],57,,,,,,,,,,,,,,,,,,Namibia,4980,00:45:57.596,Pass,
,,,,,,,,,,,,,1.447045,,,,,,,,,,,,56129b34-6744-401b-8af3-75e646274611,2597,,"[50.3, 80.0]",3920417,91,True,,,-2.4374108,,,,,,"[41.0, 72.1]",Low Pass,,12.202458,,,Boubakar Kouyate,23331.0,,,,,,Throw-in,2,From Throw In,Hamari Traoré,3248.0,Right Back,162,Mali,4930,['9e72e5f5-df68-44f2-af08-654f69abd797'],7,,,,,,,,,,,,,,,,,,Mali,4930,00:46:07.171,Pass,
,,,,,,,,,,,,,1.472847,,,,,,,,,,,,25b6a949-6a08-4ece-ba29-f3fd07acdcd6,2599,,"[41.0, 72.1]",3920417,91,,,,-1.8016301,,Right Foot,,,,"[35.9, 50.4]",Ground Pass,,22.291254,,,Sikou Niakate,7295.0,,,,,,,2,From Throw In,Boubakar Kouyate,23331.0,Right Center Back,162,Mali,4930,['5aba5c49-c2f8-4624-b618-4c00d6615d91'],8,,,,,,,,,,,,,,,,,,Mali,4930,00:46:08.618,Pass,
,,,,,,,,,,,,,1.728279,,,,,,,,,,,,1dbf6401-ba91-46d9-acbe-36fde08481d5,2602,,"[37.2, 43.7]",3920417,91,,,,1.1056517,,Left Foot,,,,"[50.6, 70.4]",Ground Pass,,29.873901,,,Mohamed Camara,24806.0,,,,,,,2,From Throw In,Sikou Niakate,7295.0,Left Center Back,162,Mali,4930,['d201b9e9-03df-4237-9b5c-d82774dd035d'],11,,,,,,,,,,,,,,,,,,Mali,4930,00:46:11.868,Pass,
,,,,,,,,,,,,,0.762335,,,,,,,,,,,,4f2995b0-5b40-4741-91d9-63669b3b9ca2,2605,,"[58.6, 63.9]",3920417,91,,,,-0.42395726,,Right Foot,,,,"[69.9, 58.8]",Ground Pass,,12.39758,,,Adama Traoré,4464.0,,,,,,,2,From Throw In,Mohamed Camara,24806.0,Right Defensive Midfield,162,Mali,4930,['432fc2c1-fc43-4d99-9040-30f89c42a69d'],15,,,,,,,,,,,,,,,,,,Mali,4930,00:46:15.112,Pass,
,,,,,,,,,,,,,1.564795,,,,,,,,,,,,eb1bdf3d-9145-4008-9e0f-8928b34ee95c,2608,,"[69.9, 57.9]",3920417,91,,,,-2.1157584,,Left Foot,,,,"[56.2, 35.3]",Ground Pass,,26.428205,,,Yves Bissouma,4385.0,,,,,,,2,From Throw In,Adama Traoré,4464.0,Right Wing,162,Mali,4930,['ced569e8-43c7-4d2b-adc9-e69919f2a45b'],16,,,,,,,,,,,,,,,,,,Mali,4930,00:46:16.068,Pass,
,,,,,,,,,,,,,1.536484,,,,,,,,,,,,d1cf02f7-ec2b-4485-af52-08d110d1e508,2611,,"[69.9, 23.1]",3920417,91,,,,-0.5748886,,Right Foot,,,,"[91.2, 9.3]",Ground Pass,,25.379717,,,Nene Dorgeles,199653.0,,,,,,,2,From Throw In,Yves Bissouma,4385.0,Left Defensive Midfield,162,Mali,4930,['72f8f49c-c83b-482b-8d01-fbe5a0e02495'],20,,,,,,,,,,,,,,,,,,Mali,4930,00:46:20.004,Pass,
,,,,,,,,,,,,,5.649448,,,,,,,,,,,,bfcf54ad-f7c4-42a4-8bf9-eefe53ec46a8,2618,,"[120.0, 0.1]",3920417,92,,,,2.0355244,,Left Foot,,,,"[82.9, 74.1]",High Pass,,82.77928,Incomplete,,Yves Bissouma,4385.0,,True,True,Straight,,Corner,2,From Corner,Adama Traoré,4464.0,Right Wing,163,Mali,4930,"['81b289d8-3012-4cb2-b2c4-89faaf24c3ec', '97c33b62-f8f9-4cd0-8f95-3b0e07e22962']",2,,,,,,,,,,,,,,,,,,Mali,4930,00:47:02.337,Pass,
,,,,,,,,,,,,,1.353084,,,,,,,,,,,,7243967d-3b0f-4280-baa1-812e09bb7c25,2622,,"[63.1, 32.9]",3920417,92,True,,,-1.5296673,,Right Foot,,,,"[64.1, 8.6]",Ground Pass,,24.320568,,,Amadou Dante,40868.0,,,,,,,2,Regular Play,Djigui Diarra,102992.0,Goalkeeper,164,Mali,4930,['7d2e016d-d186-49f5-a245-617c083b8bb9'],16,,,,,,,,,,,,,,,,,,Mali,4930,00:47:16.220,Pass,
,,,,,,,,,,,,,2.890159,,,,,,,,,,,,4f9211a0-f63b-4995-85ad-4afea5cd3def,2624,,"[73.6, 9.3]",3920417,92,,,,-0.1116033,,Right Foot,,,,"[108.4, 5.4]",Ground Pass,,35.017853,,,Nene Dorgeles,199653.0,,,,,,,2,Regular Play,Amadou Dante,40868.0,Left Back,164,Mali,4930,['8fa0440e-d4e9-4dfa-be19-465243040379'],19,,,,,,,,,,,,,,,,,,Mali,4930,00:47:19.233,Pass,
,,,,,,,,,,,,,1.539876,,,,,,,,,,,,55e3ef7e-148a-4e4f-90cd-0325d0c8e7ee,2627,,"[107.7, 4.7]",3920417,92,,,,3.1337802,,Left Foot,,,,"[94.9, 4.8]",Ground Pass,,12.80039,,,Amadou Dante,40868.0,,,,,,,2,Regular Play,Nene Dorgeles,199653.0,Left Wing,164,Mali,4930,['770e008b-de98-45f2-9158-726baa675163'],24,,,,,,,,,,,,,,,,,,Mali,4930,00:47:24.174,Pass,
,,,,,,,,,,,,,2.346025,,,,,,,,,,,,f03e5c70-11ce-4839-a08d-859548e9e278,2633,,"[97.5, 0.1]",3920417,92,,,,2.8267543,,,,,,"[71.4, 8.6]",High Pass,,27.449226,,,Sikou Niakate,7295.0,,,,,,Throw-in,2,From Throw In,Amadou Dante,40868.0,Left Back,165,Mali,4930,['03dc7ccf-55f3-42f5-93c9-b1a9d0a61fcf'],45,,,,,,,,,,,,,,,,,,Mali,4930,00:47:45.104,Pass,
,,,,,,,,,,,,,0.868001,,,,,,,,,,,,1d54daf9-c9b4-4fd6-9d9c-e06f9aa6e056,2636,,"[71.9, 10.3]",3920417,92,,,,-0.19321148,,Left Foot,,,,"[85.7, 7.6]",Ground Pass,,14.06165,,,Amadou Dante,40868.0,,,,,,,2,From Throw In,Sikou Niakate,7295.0,Left Center Back,165,Mali,4930,['be714b72-5b8d-47d0-a83e-b7a23f0d80e7'],49,,,,,,,,,,,,,,,,,,Mali,4930,00:47:49.693,Pass,
,,,,,,,,,,,,,1.055093,,,,,,,,,,,,be111ba6-6127-49ca-9ba8-9c5e2cf2541a,2639,,"[83.7, 7.1]",3920417,92,,,,-0.35181668,,Right Foot,,,,"[91.6, 4.2]",Ground Pass,,8.415462,,,Kamory Doumbia,162132.0,,,,,,,2,From Throw In,Amadou Dante,40868.0,Left Back,165,Mali,4930,['ca40b00b-d014-4866-9dd0-0e623daa89c3'],51,,,,,,,,,,,,,,,,,,Mali,4930,00:47:51.202,Pass,
,,,,,,,,,,,,,1.066398,,,,,,,,,,,,24e3bda3-63fe-4296-818e-eb360e4dbb0d,2642,,"[97.3, 6.4]",3920417,92,,,,1.6243166,,Left Foot,,,,"[96.7, 17.6]",Ground Pass,,11.21606,,,Nene Dorgeles,199653.0,,,,,,,2,From Throw In,Kamory Doumbia,162132.0,Center Attacking Midfield,165,Mali,4930,['dbd2e268-1dd9-4be1-8130-1c7a8e3fa2b1'],54,,,,,,,,,,,,,,,,,,Mali,4930,00:47:54.509,Pass,
,,,,,,,,,,,,,1.894263,,,,,,,,,,,,606802d9-d48a-4f44-ba24-7652d70ba5e9,2646,,"[96.0, 17.8]",3920417,92,,,,3.1159573,,Right Foot,,,,"[76.5, 18.3]",Ground Pass,,19.506409,,,Sikou Niakate,7295.0,,,,,,,2,From Throw In,Nene Dorgeles,199653.0,Left Wing,165,Mali,4930,"['ed3c140d-2fc6-4759-879c-506d9662a46b', 'a71539a6-6ae6-433e-a56d-facafa066e67']",56,,,,,,,,,,,,,,,,,,Mali,4930,00:47:56.589,Pass,True
,,,,,,,,,,,,,1.403293,,,,,,,,,,,,216372ca-3511-48d4-92f6-a197e1bd622d,2648,,"[76.5, 18.3]",3920417,92,,,,1.5433642,,Left Foot,,,,"[77.4, 51.1]",Ground Pass,,32.812344,,,Boubakar Kouyate,23331.0,,,,,,,2,From Throw In,Sikou Niakate,7295.0,Left Center Back,165,Mali,4930,['82df2244-f61c-4317-85f4-799a383f3cc4'],58,,,,,,,,,,,,,,,,,,Mali,4930,00:47:58.483,Pass,
,,,,,,,,,,,,,2.000874,,,,,,,,,,,,34e74529-9a46-4f7f-b3fb-9e4ee7b884a1,2651,,"[76.9, 51.4]",3920417,93,,,,0.83346236,,Right Foot,,,,"[95.7, 72.1]",Ground Pass,,27.96301,,,Adama Traoré,4464.0,,,,,,,2,From Throw In,Boubakar Kouyate,23331.0,Right Center Back,165,Mali,4930,['54c2be48-78af-40db-a703-2ad29606da6f'],0,,,,,,,,,,,,,,,,,,Mali,4930,00:48:00.980,Pass,
,,,,,,,,,,,,,1.483544,,,,,,,,,,,,2f7da59e-6515-49fe-8882-10ca195898cb,2655,,"[92.5, 69.1]",3920417,93,,,,-1.6391225,,Left Foot,,,,"[89.4, 23.8]",High Pass,,45.40595,,,Yves Bissouma,4385.0,,,True,,,,2,From Throw In,Adama Traoré,4464.0,Right Wing,165,Mali,4930,"['6fc41070-8746-43d5-9546-0c25eafb043f', '0bb13c99-603b-4d2f-bffc-619e746b7f1a']",6,,,,,,,,,,,,,,,,,,Mali,4930,00:48:06.712,Pass,True
,,,,,,,,,,,,,2.691071,,,,,,,,,,,,295fc787-63cc-43af-bc95-71f69044c220,2658,,"[89.4, 23.8]",3920417,93,,,,-0.23374318,,Right Foot,,,,"[112.5, 18.3]",High Pass,,23.745737,Incomplete,,Nene Dorgeles,199653.0,,,,,,,2,From Throw In,Yves Bissouma,4385.0,Left Defensive Midfield,165,Mali,4930,"['91b0ce3b-3056-455a-a75d-341c1b971769', '4f74109e-dabf-4f88-85c2-68ebda9a9597']",9,,,,,,,,,,,,,,,,,,Mali,4930,00:48:09.627,Pass,
,,,,,,,,,,,,,3.170512,,,,,,,,,,,,2687ddde-87e9-4cb7-850f-20a5f7d809ff,2662,,"[77.8, 17.2]",3920417,93,,,True,-0.69276786,,,,,,"[97.8, 0.6]",High Pass,,25.991537,Out,,,,,,,,,Recovery,2,From Throw In,Sikou Niakate,7295.0,Left Center Back,165,Mali,4930,['9b7122fc-e21a-4591-a8f0-40c3f87787ed'],16,,,,,,,,,,,,,,,,,,Mali,4930,00:48:16.304,Pass,True
,,,,,,,,,,,,,1.627528,,,,,,,,,,,,504cf273-05a3-47cb-a4c4-0efdc19f4173,2663,,"[29.3, 80.0]",3920417,93,,,,-0.22575027,,,,,,"[50.2, 75.2]",High Pass,,21.444113,,,Vetunuavi Charles Hambira,136404.0,,,,,,Throw-in,2,From Throw In,Ivan Kamberipa,103799.0,Right Back,166,Namibia,4980,['3e84bf49-566d-498a-91f1-4bbbbf2d18d7'],38,,,,,,,,,,,,,,,,,,Namibia,4980,00:48:38.400,Pass,
,,,,,,,,,,,,,0.764839,,,,,,,,,,,,5f9e42ba-7e46-455d-833b-cbe8d4570ebf,2666,,"[50.2, 75.2]",3920417,93,,,True,-0.38237903,,,,,,"[59.4, 71.5]",High Pass,,9.916148,Incomplete,,Marcel Papama,103801.0,,,,,,,2,From Throw In,Vetunuavi Charles Hambira,136404.0,Left Center Midfield,166,Namibia,4980,"['01109dd7-aa44-43e4-a789-6d601fe16d03', '7dadce31-4a45-4b76-9931-9dab9f043114', '004f08b5-d927-4753-9313-cfeaba12d8e5']",40,,,,,,,,,,,,,,,,,,Namibia,4980,00:48:40.110,Pass,True
,,,,,,,,,,,,,0.198131,,,,,,,,,,,,01109dd7-aa44-43e4-a789-6d601fe16d03,2668,,"[60.7, 8.6]",3920417,93,,,,1.3694792,,Right Foot,,,,"[61.7, 13.5]",Low Pass,,5.001,,,Boubakar Kouyate,23331.0,,,,,,Recovery,2,Regular Play,Amadou Dante,40868.0,Left Back,167,Mali,4930,"['4fcbc712-0dc9-4cd4-8656-9eca89f481e0', '5f9e42ba-7e46-455d-833b-cbe8d4570ebf']",40,,,,,,,,,,,,,,,,,,Mali,4930,00:48:40.875,Pass,
,,,,,,,,,,,,,0.97169,,,,,,,,,,,,e6813311-103a-4daa-af05-638ad62b9054,2671,,"[56.5, 22.0]",3920417,93,,,,-1.6732402,,Right Foot,,,,"[55.4, 11.3]",Ground Pass,,10.756393,,,Amadou Dante,40868.0,,,,,,,2,Regular Play,Boubakar Kouyate,23331.0,Right Center Back,167,Mali,4930,['5d9d5523-f1f4-4ff0-b638-387e295408d5'],43,,,,,,,,,,,,,,,,,,Mali,4930,00:48:43.110,Pass,
,,,,,,,,,,,,,2.145016,,,,,,,,,,,,9728176a-52a6-48f2-8eb2-ccf6c7bc141c,2674,,"[55.4, 11.1]",3920417,93,,,,1.7569168,,Right Foot,,,,"[45.1, 65.8]",Ground Pass,,55.661297,,,Hamari Traoré,3248.0,,,True,,,,2,Regular Play,Amadou Dante,40868.0,Left Back,167,Mali,4930,['c6aa83be-e372-4eea-9eaa-93e5070f2c17'],45,,,,,,,,,,,,,,,,,,Mali,4930,00:48:45.486,Pass,
,,,,,,,,,,,,,1.095947,,,,,,,,,,,,6f47e9ef-9ff9-4db5-b000-d64a0e38afbd,2677,,"[49.3, 70.3]",3920417,93,,,,-1.3258177,,Right Foot,,,,"[53.0, 55.5]",Ground Pass,,15.255491,,,Mohamed Camara,24806.0,,,,,,,2,Regular Play,Hamari Traoré,3248.0,Right Back,167,Mali,4930,['2708b6ae-7fea-4e10-b54e-362ada1cb907'],51,,,,,,,,,,,,,,,,,,Mali,4930,00:48:51.533,Pass,
,,,,,,,,,,,,,3.455102,,,,,,,,,,,,8e2027b3-3819-44af-9040-4ff5fd7b75c1,2680,,"[61.6, 59.8]",3920417,93,,,,-0.85093266,,Right Foot,,,,"[103.6, 11.9]",High Pass,,63.70565,Incomplete,,Nene Dorgeles,199653.0,,,True,,,,2,Regular Play,Mohamed Camara,24806.0,Right Defensive Midfield,167,Mali,4930,"['777e72c3-62b6-449d-a9bb-a4e879510e8a', 'ccab25e0-ab12-444f-9e32-b8cb6a57acf8']",55,,,,,,,,,,,,,,,,,,Mali,4930,00:48:55.482,Pass,
,,,,,,,,,,,,,,,,,,,,,,,,,eb089c8c-250b-4a8f-adb9-8e410528a550,6,,"[52.5, 39.0]",3920417,0,,,,,,,,,,,,,,,,,,,,,,,,1,From Kick Off,Yves Bissouma,4385.0,Left Defensive Midfield,2,Mali,4930,['c166b783-da96-41c8-abbf-4ddaf77b2978'],1,,,,,,,,,,,,,,,,,,Mali,4930,00:00:01.345,Ball Receipt*,
,,,,,,,,,,,,,,,,,,,,,,,,,f9fb8e15-c3dd-467e-a1be-fa441627e7ac,9,,"[48.3, 51.3]",3920417,0,,,,,,,,,,,,,,,,,,,,,,,,1,From Kick Off,Aliou Dieng,67714.0,Right Defensive Midfield,2,Mali,4930,['3c183549-9dad-4149-a421-383d4db775c3'],2,,,,,,,,,,,,,,,,,,Mali,4930,00:00:02.568,Ball Receipt*,
,,,,,,,,,,,,,,,,,,,,,,,,,c07c157b-e102-4a8e-8330-02aa6969067b,12,,"[41.1, 70.1]",3920417,0,,,,,,,,,,,,,,,,,,,,,,,,1,From Kick Off,Hamari Traoré,3248.0,Right Back,2,Mali,4930,['73eb7a3d-996b-4512-9131-a9f40af9e98a'],4,,,,,,,,,,,,,,,,,,Mali,4930,00:00:04.429,Ball Receipt*,
Incomplete,,,,,,,,,,,,,,,,,,,,,,,,,19f62055-fcb1-467f-90d9-e701e812888f,15,,"[85.4, 66.5]",3920417,0,,,,,,,,,,,,,,,,,,,,,,,,1,From Kick Off,Fousseni Diabaté,3710.0,Right Midfield,2,Mali,4930,['220c055d-fd80-45fe-9da6-9c51684801e2'],8,,,,,,,,,,,,,,,,,,Mali,4930,00:00:08.884,Ball Receipt*,
Incomplete,,,,,,,,,,,,,,,,,,,,,,,,,7c764cb9-5c02-4684-b59a-3dd4eae892ee,17,,"[54.8, 7.2]",3920417,0,,,,,,,,,,,,,,,,,,,,,,,,1,From Kick Off,Deon Hotto Kavendji,64612.0,Left Midfield,2,Mali,4930,['8f6ef74d-c983-44f3-9e0b-af55ab28fbb3'],10,,,,,,,,,,,,,,,,,,Namibia,4980,00:00:10.072,Ball Receipt*,
,,,,,,,,,,,,,,,,,,,,,,,,,e0906231-56ab-426b-9608-dbf1678b1209,19,,"[85.9, 68.1]",3920417,0,,,,,,,,,,,,,,,,,,,,,,,,1,From Kick Off,Youssoufou Niakaté,51750.0,Right Center Forward,2,Mali,4930,['8b238c0a-4a39-4f3b-8843-4f5b938c43e6'],11,,,,,,,,,,,,,,,,,,Mali,4930,00:00:11.038,Ball Receipt*,
,,,,,,,,,,,,,,,,,,,,,,,,,8619b8b5-4f5f-45f9-9046-764ad45143a2,24,,"[68.1, 73.1]",3920417,0,,,,,,,,,,,,,,,,,,,,,,,,1,From Throw In,Aliou Dieng,67714.0,Right Defensive Midfield,3,Mali,4930,['8e7a2233-907e-44d3-baf9-cc38632a0b85'],17,,,,,,,,,,,,,,,,,,Mali,4930,00:00:17.194,Ball Receipt*,
,,,,,,,,,,,,,,,,,,,,,,,,,495096a8-6943-45b8-b55a-9c0c580f9294,26,,"[70.3, 77.6]",3920417,0,,,,,,,,,,,,,,,,,,,,,,,,1,From Throw In,Hamari Traoré,3248.0,Right Back,3,Mali,4930,['5f108005-1be8-44b5-8391-a3b50e3e4260'],17,,,,,,,,,,,,,,,,,,Mali,4930,00:00:17.984,Ball Receipt*,
,,,,,,,,,,,,,,,,,,,,,,,,,77d2d5c8-8eae-413e-95b3-33874db55b29,29,,"[65.3, 73.5]",3920417,0,,,,,,,,,,,,,,,,,,,,,,,,1,From Throw In,Aliou Dieng,67714.0,Right Defensive Midfield,3,Mali,4930,['f640f6c0-5326-48fb-a3f2-4a2ac45838b1'],19,,,,,,,,,,,,,,,,,,Mali,4930,00:00:19.685,Ball Receipt*,
,,,,,,,,,,,,,,,,,,,,,,,,,6f7b6072-5825-4308-b437-29d459ee50bf,32,,"[41.7, 26.8]",3920417,0,,,,,,,,,,,,,,,,,,,,,,,,1,From Throw In,Sikou Niakate,7295.0,Left Center Back,3,Mali,4930,['2ac77ace-929e-4203-8bf0-77eb388bbaf7'],25,,,,,,,,,,,,,,,,,,Mali,4930,00:00:25.948,Ball Receipt*,
,,,,,,,,,,,,,,,,,,,,,,,,,e84c1e55-2dfc-4b1d-89e9-f809e9c2f2c9,35,,"[42.3, 55.7]",3920417,0,,,,,,,,,,,,,,,,,,,,,,,,1,From Throw In,Boubakar Kouyate,23331.0,Right Center Back,3,Mali,4930,['2ca4d718-61c9-4962-959f-19fed120dff8'],27,,,,,,,,,,,,,,,,,,Mali,4930,00:00:27.848,Ball Receipt*,
,,,,,,,,,,,,,,,,,,,,,,,,,3362d5cd-c23a-4c70-bb4a-27d88a1b966f,38,,"[63.3, 77.3]",3920417,0,,,,,,,,,,,,,,,,,,,,,,,,1,From Throw In,Hamari Traoré,3248.0,Right Back,3,Mali,4930,['e417f666-504a-4165-ab63-9183ffc37ccf'],30,,,,,,,,,,,,,,,,,,Mali,4930,00:00:30.509,Ball Receipt*,
,,,,,,,,,,,,,,,,,,,,,,,,,7858190d-812e-46b2-9ada-e99853f9e9c3,42,,"[111.4, 58.8]",3920417,0,,,,,,,,,,,,,,,,,,,,,,,,1,From Throw In,Lassine Sinayoko,105182.0,Left Center Forward,3,Mali,4930,"['90a58a1b-898f-4c89-ad93-d4083a86134d', 'bd55d174-34b3-47b0-b445-67c03d7e2799']",36,,,,,,,,,,,,,,,,,,Mali,4930,00:00:36.148,Ball Receipt*,True
,,,,,,,,,,,,,,,,,,,,,,,,,c05bd4b0-29f7-469d-9e7f-97b9a36e1094,46,,"[111.2, 57.9]",3920417,0,,,,,,,,,,,,,,,,,,,,,,,,1,From Throw In,Fousseni Diabaté,3710.0,Right Midfield,3,Mali,4930,"['10446230-a256-4307-954a-fc2f8c0909bd', 'f73230b6-4742-47f6-9685-5ddbc78aa8ac']",39,,,,,,,,,,,,,,,,,,Mali,4930,00:00:39.775,Ball Receipt*,True
,,,,,,,,,,,,,,,,,,,,,,,,,e962e8c8-5aab-43d8-b271-4c0e798dc42d,50,,"[95.8, 39.6]",3920417,0,,,,,,,,,,,,,,,,,,,,,,,,1,From Throw In,Yves Bissouma,4385.0,Left Defensive Midfield,3,Mali,4930,['9126c049-cdde-4caa-8453-a21265c58e75'],42,,,,,,,,,,,,,,,,,,Mali,4930,00:00:42.836,Ball Receipt*,
,,,,,,,,,,,,,,,,,,,,,,,,,4a1b4d14-9479-474c-8c8e-fb83ae89e689,56,,"[91.7, 7.3]",3920417,0,,,,,,,,,,,,,,,,,,,,,,,,1,From Throw In,Moussa Diarra,32952.0,Left Back,3,Mali,4930,['4f8cf0f7-e653-4608-a37e-e33d4bd48cd3'],48,,,,,,,,,,,,,,,,,,Mali,4930,00:00:48.258,Ball Receipt*,
,,,,,,,,,,,,,,,,,,,,,,,,,895ab23f-a757-4ddf-b1cf-e760f1b5afcd,60,,"[106.2, 20.2]",3920417,0,,,,,,,,,,,,,,,,,,,,,,,,1,From Throw In,Nene Dorgeles,199653.0,Left Midfield,3,Mali,4930,['4ddcbdc0-d5de-4956-954a-f2329f811843'],50,,,,,,,,,,,,,,,,,,Mali,4930,00:00:50.411,Ball Receipt*,
Incomplete,,,,,,,,,,,,,,,,,,,,,,,,,e754b8e3-2eae-4ead-b952-fec0c7906c44,67,,"[49.6, 67.1]",3920417,0,,,,,,,,,,,,,,,,,,,,,,,,1,From Throw In,Peter Shalulile,65723.0,Center Forward,3,Mali,4930,['724e9a43-58de-44c8-b2f5-da3d43fc0652'],57,,,,,,,,,,,,,,,,,,Namibia,4980,00:00:57.308,Ball Receipt*,
Incomplete,,,,,,,,,,,,,,,,,,,,,,,,,b657ae69-dad1-40dc-b8d2-eb12177a0398,71,,"[99.3, 52.2]",3920417,1,,,,,,,,,,,,,,,,,,,,,,,,1,From Free Kick,Peter Shalulile,65723.0,Center Forward,4,Namibia,4980,['1c42d521-a4cb-482b-a85f-a829c65361ff'],33,,,,,,,,,,,,,,,,,,Namibia,4980,00:01:33.075,Ball Receipt*,
,,,,,,,,,,,,,,,,,,,,,,,,,4bc290c5-d5e6-4d75-8781-16c2a5eb5d8c,75,,"[21.5, 56.2]",3920417,1,,,,,,,,,,,,,,,,,,,,,,,,1,From Free Kick,Boubakar Kouyate,23331.0,Right Center Back,5,Mali,4930,['42f34327-20e0-4223-99be-bff1378a1666'],51,,,,,,,,,,,,,,,,,,Mali,4930,00:01:51.338,Ball Receipt*,
,,,,,,,,,,,,,,,,,,,,,,,,,e54d810f-bb8e-4c28-be46-ec742ad6fe99,77,,"[28.3, 22.0]",3920417,1,,,,,,,,,,,,,,,,,,,,,,,,1,From Free Kick,Sikou Niakate,7295.0,Left Center Back,5,Mali,4930,['d7512fa6-3edc-45ef-afe2-538f0675cf7c'],52,,,,,,,,,,,,,,,,,,Mali,4930,00:01:52.744,Ball Receipt*,
,,,,,,,,,,,,,,,,,,,,,,,,,1405e9f5-15b9-47ca-984f-53ce2889188d,79,,"[38.7, 6.5]",3920417,1,,,,,,,,,,,,,,,,,,,,,,,,1,From Free Kick,Moussa Diarra,32952.0,Left Back,5,Mali,4930,['80beb8db-d1b5-41c1-9868-caa22f1bd9a1'],55,,,,,,,,,,,,,,,,,,Mali,4930,00:01:55.063,Ball Receipt*,
Incomplete,,,,,,,,,,,,,,,,,,,,,,,,,a7059470-05a2-4490-92f7-77f5223ba106,83,,"[85.0, 73.8]",3920417,2,,,,,,,,,,,,,,,,,,,,,,,,1,From Throw In,Muzeu Bethuel,389319.0,Right Midfield,6,Namibia,4980,['a2d813e2-7225-46b2-b7c7-8fb6d03e4dcd'],11,,,,,,,,,,,,,,,,,,Namibia,4980,00:02:11.567,Ball Receipt*,
Incomplete,,,,,,,,,,,,,,,,,,,,,,,,,9d24aa8f-b2c1-44eb-9e50-708fe0e0f7cb,87,,"[110.0, 45.3]",3920417,3,,,,,,,,,,,,,,,,,,,,,,,,1,From Free Kick,Peter Shalulile,65723.0,Center Forward,7,Namibia,4980,['c7952131-ae77-4b08-ba7f-933f78be5dab'],3,,,,,,,,,,,,,,,,,,Namibia,4980,00:03:03.160,Ball Receipt*,
Incomplete,,,,,,,,,,,,,,,,,,,,,,,,,ba9893d3-78f3-4c18-9af3-0ecc5337a8bb,91,,"[117.6, 47.5]",3920417,3,,,,,,,,,,,,,,,,,,,,,,,,1,From Corner,Muzeu Bethuel,389319.0,Right Midfield,8,Namibia,4980,['b6980988-1920-4696-b7b7-6b4043fce0e3'],48,,,,,,,,,,,,,,,,,,Namibia,4980,00:03:48.463,Ball Receipt*,
,,,,,,,,,,,,,,,,,,,,,,,,,e566209b-db0e-460a-b5f0-c138c500aaa8,94,,"[114.0, 67.7]",3920417,3,,,,,,,,,,,,,,,,,,,,,,,,1,From Throw In,Peter Shalulile,65723.0,Center Forward,9,Namibia,4980,['d74db6fd-213a-4cee-ac10-d92ff01d3bb0'],57,,,,,,,,,,,,,,,,,,Namibia,4980,00:03:57.935,Ball Receipt*,
Incomplete,,,,,,,,,,,,,,,,,,,,,,,,,2847e579-5f5f-46b2-904c-61bcb537cdb2,97,,"[113.6, 50.6]",3920417,4,,,,,,,,,,,,,,,,,,,,,,,,1,From Throw In,Aprocious Petrus,136406.0,Center Defensive Midfield,9,Namibia,4980,['cc72a1c6-7fec-4983-8317-aea2e487889a'],0,,,,,,,,,,,,,,,,,,Namibia,4980,00:04:00.203,Ball Receipt*,
,,,,,,,,,,,,,,,,,,,,,,,,,9490fb72-6b0c-420d-998d-81a48d0027aa,103,,"[14.8, 11.2]",3920417,4,,,,,,,,,,,,,,,,,,,,,,,,1,Regular Play,Nene Dorgeles,199653.0,Left Midfield,10,Mali,4930,"['b0aa63f7-e303-4c6a-99df-cb774c23955c', '2a5ef011-1a63-4bd8-bb22-0875715a6e21']",8,,,,,,,,,,,,,,,,,,Mali,4930,00:04:08.266,Ball Receipt*,True
,,,,,,,,,,,,,,,,,,,,,,,,,86d08ad0-8a06-4259-b325-60352567ac65,106,,"[12.9, 6.5]",3920417,4,,,,,,,,,,,,,,,,,,,,,,,,1,Regular Play,Yves Bissouma,4385.0,Left Defensive Midfield,10,Mali,4930,"['b0aa63f7-e303-4c6a-99df-cb774c23955c', 'b63091c4-a04c-493c-9c03-c672291e3c6b']",8,,,,,,,,,,,,,,,,,,Mali,4930,00:04:08.774,Ball Receipt*,True
,,,,,,,,,,,,,,,,,,,,,,,,,c5167f3d-71fb-4af4-8504-a48e0a95a84b,115,,"[86.1, 37.3]",3920417,4,,,,,,,,,,,,,,,,,,,,,,,,1,From Free Kick,Lassine Sinayoko,105182.0,Left Center Forward,11,Mali,4930,['7abf8e2e-3e64-4683-95d4-8c340be53e11'],37,,,,,,,,,,,,,,,,,,Mali,4930,00:04:37.895,Ball Receipt*,
Incomplete,,,,,,,,,,,,,,,,,,,,,,,,,ee73c4d5-8680-4249-8586-41cd243fb848,118,,"[100.4, 37.3]",3920417,4,,,,,,,,,,,,,,,,,,,,,,,,1,From Free Kick,Youssoufou Niakaté,51750.0,Right Center Forward,11,Mali,4930,['075da2fd-c702-40fe-970f-4dc50bb2e906'],40,,,,,,,,,,,,,,,,,,Mali,4930,00:04:40.308,Ball Receipt*,
,,,,,,,,,,,,,,,,,,,,,,,,,bcce6d62-50db-4b10-90a1-d1690d5c7be1,121,,"[28.2, 7.7]",3920417,4,,,,,,,,,,,,,,,,,,,,,,,,1,Regular Play,Riaan Hanamub,65555.0,Left Back,12,Namibia,4980,['cc475027-ec37-4bf2-9dee-b9a5bf8ffcda'],48,,,,,,,,,,,,,,,,,,Namibia,4980,00:04:48.216,Ball Receipt*,
,,,,,,,,,,,,,,,,,,,,,,,,,327968b9-bcf1-42d6-a0d4-a52c3e105a61,123,,"[21.2, 11.0]",3920417,4,,,,,,,,,,,,,,,,,,,,,,,,1,Regular Play,Lubeni Haukongo,135004.0,Left Center Back,12,Namibia,4980,['4e9e15b3-491d-4b28-adc9-44622cfe53f9'],55,,,,,,,,,,,,,,,,,,Namibia,4980,00:04:55.108,Ball Receipt*,
,,,,,,,,,,,,,,,,,,,,,,,,,8270967c-7294-459c-8cdd-480fa2f8c8dc,126,,"[9.2, 40.2]",3920417,4,,,,,,,,,,,,,,,,,,,,,,,,1,Regular Play,Lloyd Junior Kazapua,125324.0,Goalkeeper,12,Namibia,4980,['d59150b1-440e-4acb-9540-c0af45391ccc'],58,,,,,,,,,,,,,,,,,,Namibia,4980,00:04:58.663,Ball Receipt*,
Incomplete,,,,,,,,,,,,,,,,,,,,,,,,,c8be0864-4383-4a08-a30d-8b14be899c31,130,,"[56.8, 63.3]",3920417,5,,,,,,,,,,,,,,,,,,,,,,,,1,Regular Play,Deon Hotto Kavendji,64612.0,Left Midfield,12,Namibia,4980,['3eb26360-5cdf-460f-bffe-fef97acdde0b'],2,,,,,,,,,,,,,,,,,,Namibia,4980,00:05:02.448,Ball Receipt*,
,,,,,,,,,,,,,,,,,,,,,,,,,ba7953cf-8f7c-4d90-8b1d-f687f27fb668,134,,"[63.6, 26.8]",3920417,5,,,,,,,,,,,,,,,,,,,,,,,,1,Regular Play,Yves Bissouma,4385.0,Left Defensive Midfield,13,Mali,4930,"['e8438dd5-6573-49dd-ba62-44a5e63f9e24', 'db3bdb44-e244-4cfe-8c55-8c1683fae064']",4,,,,,,,,,,,,,,,,,,Mali,4930,00:05:04.686,Ball Receipt*,True
,,,,,,,,,,,,,,,,,,,,,,,,,7f98a79a-bbff-4ea9-95ca-df27c93a18cc,138,,"[56.7, 37.1]",3920417,5,,,,,,,,,,,,,,,,,,,,,,,,1,Regular Play,Aliou Dieng,67714.0,Right Defensive Midfield,13,Mali,4930,['4127ebae-c329-4fbc-8090-caea0b2a301c'],7,,,,,,,,,,,,,,,,,,Mali,4930,00:05:07.546,Ball Receipt*,
,,,,,,,,,,,,,,,,,,,,,,,,,f3d9fab4-019f-4f50-9dce-0e0901c4cfde,141,,"[55.1, 73.1]",3920417,5,,,,,,,,,,,,,,,,,,,,,,,,1,Regular Play,Hamari Traoré,3248.0,Right Back,13,Mali,4930,['e3c5d95d-f719-47dd-b6a4-7ecf7b9860e1'],11,,,,,,,,,,,,,,,,,,Mali,4930,00:05:11.746,Ball Receipt*,
,,,,,,,,,,,,,,,,,,,,,,,,,038cf5a1-3957-45e9-9559-6e94c249407b,144,,"[63.1, 70.1]",3920417,5,,,,,,,,,,,,,,,,,,,,,,,,1,Regular Play,Aliou Dieng,67714.0,Right Defensive Midfield,13,Mali,4930,['99169b5b-f565-49f1-ae35-79ce22502dbb'],15,,,,,,,,,,,,,,,,,,Mali,4930,00:05:15.668,Ball Receipt*,
,,,,,,,,,,,,,,,,,,,,,,,,,595ce84f-c1ae-417c-b419-f3ae22cb7480,147,,"[43.1, 67.9]",3920417,5,,,,,,,,,,,,,,,,,,,,,,,,1,Regular Play,Boubakar Kouyate,23331.0,Right Center Back,13,Mali,4930,['ccca107f-15bb-4fad-9183-e376529078f3'],17,,,,,,,,,,,,,,,,,,Mali,4930,00:05:17.889,Ball Receipt*,
,,,,,,,,,,,,,,,,,,,,,,,,,6abf14e1-6f1d-40e5-b7da-90628f4e4139,150,,"[41.5, 24.1]",3920417,5,,,,,,,,,,,,,,,,,,,,,,,,1,Regular Play,Sikou Niakate,7295.0,Left Center Back,13,Mali,4930,['55de91ca-81e3-45f0-a08c-230e66c0d0e2'],21,,,,,,,,,,,,,,,,,,Mali,4930,00:05:21.183,Ball Receipt*,
,,,,,,,,,,,,,,,,,,,,,,,,,1d45069d-a550-4921-9772-67cce6121f91,153,,"[41.1, 53.4]",3920417,5,,,,,,,,,,,,,,,,,,,,,,,,1,Regular Play,Boubakar Kouyate,23331.0,Right Center Back,13,Mali,4930,['edff9b8c-ca94-4367-a45e-207ef2a4978d'],23,,,,,,,,,,,,,,,,,,Mali,4930,00:05:23.935,Ball Receipt*,
,,,,,,,,,,,,,,,,,,,,,,,,,a38656d4-efef-47fd-9572-7dafe87ea1fc,156,,"[52.0, 73.5]",3920417,5,,,,,,,,,,,,,,,,,,,,,,,,1,Regular Play,Hamari Traoré,3248.0,Right Back,13,Mali,4930,['131ba3c8-e24f-4853-8e36-1c11e8960bcf'],26,,,,,,,,,,,,,,,,,,Mali,4930,00:05:26.656,Ball Receipt*,
,,,,,,,,,,,,,,,,,,,,,,,,,4022d93e-7baa-49a5-9513-d4593d1f5aa3,159,,"[34.5, 48.1]",3920417,5,,,,,,,,,,,,,,,,,,,,,,,,1,Regular Play,Sikou Niakate,7295.0,Left Center Back,13,Mali,4930,['de81271b-13d1-46f9-87c1-aa4765db87f9'],29,,,,,,,,,,,,,,,,,,Mali,4930,00:05:29.626,Ball Receipt*,
,,,,,,,,,,,,,,,,,,,,,,,,,db4d0222-ad9a-47a4-b2fd-014d301b4338,162,,"[53.9, 37.1]",3920417,5,,,,,,,,,,,,,,,,,,,,,,,,1,Regular Play,Yves Bissouma,4385.0,Left Defensive Midfield,13,Mali,4930,['afddfaf5-8d3a-415c-b08c-51412531a0a5'],34,,,,,,,,,,,,,,,,,,Mali,4930,00:05:34.936,Ball Receipt*,
,,,,,,,,,,,,,,,,,,,,,,,,,54559194-d128-4a5e-aca9-c07cda017f37,165,,"[48.6, 62.0]",3920417,5,,,,,,,,,,,,,,,,,,,,,,,,1,Regular Play,Boubakar Kouyate,23331.0,Right Center Back,13,Mali,4930,['a4754997-5840-4acc-950b-7b0b5a79daad'],38,,,,,,,,,,,,,,,,,,Mali,4930,00:05:38.772,Ball Receipt*,
,,,,,,,,,,,,,,,,,,,,,,,,,c3fc7bfb-e0d1-498a-8ffd-e38218809935,168,,"[72.3, 74.5]",3920417,5,,,,,,,,,,,,,,,,,,,,,,,,1,Regular Play,Fousseni Diabaté,3710.0,Right Midfield,13,Mali,4930,['dc3698e4-9a92-4121-9aba-d5118e208074'],40,,,,,,,,,,,,,,,,,,Mali,4930,00:05:40.834,Ball Receipt*,
Incomplete,,,,,,,,,,,,,,,,,,,,,,,,,6350c461-7599-4d09-96db-7986492280c6,171,,"[84.2, 67.7]",3920417,5,,,,,,,,,,,,,,,,,,,,,,,,1,Regular Play,Youssoufou Niakaté,51750.0,Right Center Forward,13,Mali,4930,['2ee8bd3e-5588-4163-a6b9-6465be85fbbe'],41,,,,,,,,,,,,,,,,,,Mali,4930,00:05:41.236,Ball Receipt*,
,,,,,,,,,,,,,,,,,,,,,,,,,8a8c2893-02f9-45e7-8d5c-febf7bd375dc,179,,"[21.8, 24.7]",3920417,6,,,,,,,,,,,,,,,,,,,,,,,,1,From Free Kick,Lloyd Junior Kazapua,125324.0,Goalkeeper,15,Namibia,4980,['a28e0944-80a7-46b9-bbd9-24c3a1b7cc72'],3,,,,,,,,,,,,,,,,,,Namibia,4980,00:06:03.297,Ball Receipt*,
,,,,,,,,,,,,,,,,,,,,,,,,,9c4d889c-6bc4-41dd-9980-d45d49234abe,181,,"[33.4, 10.3]",3920417,6,,,,,,,,,,,,,,,,,,,,,,,,1,From Free Kick,Lubeni Haukongo,135004.0,Left Center Back,15,Namibia,4980,['5ed0a6f0-7f4d-41a2-a540-d3a03defe2ab'],4,,,,,,,,,,,,,,,,,,Namibia,4980,00:06:04.201,Ball Receipt*,
,,,,,,,,,,,,,,,,,,,,,,,,,7f7098cc-6d6b-4131-b209-3acb03e9838f,184,,"[91.7, 66.4]",3920417,6,,,,,,,,,,,,,,,,,,,,,,,,1,From Free Kick,Deon Hotto Kavendji,64612.0,Left Midfield,15,Namibia,4980,['a8af7727-c366-4918-b8e9-00ef17c6f0d6'],10,,,,,,,,,,,,,,,,,,Namibia,4980,00:06:10.307,Ball Receipt*,
Incomplete,,,,,,,,,,,,,,,,,,,,,,,,,a4c02b1f-1d43-44fb-afed-aecfe7e9777b,187,,"[100.7, 51.0]",3920417,6,,,,,,,,,,,,,,,,,,,,,,,,1,From Free Kick,Prins Menelik Tjiueza,103803.0,Right Center Midfield,15,Namibia,4980,['cc10e36e-0e5f-499d-94df-b4e08232b823'],12,,,,,,,,,,,,,,,,,,Namibia,4980,00:06:12.221,Ball Receipt*,
,,,,,,,,,,,,,,,,,,,,,,,,,18229c26-183f-4232-921d-4a5ffed35086,193,,"[12.3, 52.1]",3920417,6,,,,,,,,,,,,,,,,,,,,,,,,1,Regular Play,Hamari Traoré,3248.0,Right Back,16,Mali,4930,['14898fb2-b05b-4f5d-acdc-ad6fba65245f'],16,,,,,,,,,,,,,,,,,,Mali,4930,00:06:16.630,Ball Receipt*,
,,,,,,,,,,,,,,,,,,,,,,,,,c227b103-7192-4949-90fe-2622a6c8b8c1,196,,"[29.0, 73.1]",3920417,6,,,,,,,,,,,,,,,,,,,,,,,,1,Regular Play,Fousseni Diabaté,3710.0,Right Midfield,16,Mali,4930,['32ce71d1-65b0-4d06-8b66-a5bf4ed2593b'],22,,,,,,,,,,,,,,,,,,Mali,4930,00:06:22.219,Ball Receipt*,
,,,,,,,,,,,,,,,,,,,,,,,,,303c72d5-9e0a-4961-a962-804435671913,199,,"[22.2, 67.1]",3920417,6,,,,,,,,,,,,,,,,,,,,,,,,1,Regular Play,Aliou Dieng,67714.0,Right Defensive Midfield,16,Mali,4930,['569a973b-ed08-4c56-b1ec-b6ce25d76e99'],23,,,,,,,,,,,,,,,,,,Mali,4930,00:06:23.548,Ball Receipt*,
,,,,,,,,,,,,,,,,,,,,,,,,,3d8d54c3-82af-44ad-b6e8-c03fdbff8540,203,,"[28.7, 75.1]",3920417,6,,,,,,,,,,,,,,,,,,,,,,,,1,Regular Play,Fousseni Diabaté,3710.0,Right Midfield,16,Mali,4930,"['91ae0e4b-eb02-43cd-aa5e-a3ebe8c267b8', 'd5f3309f-4238-41de-b1c9-5f3ca956c58a']",25,,,,,,,,,,,,,,,,,,Mali,4930,00:06:25.370,Ball Receipt*,True
,,,,,,,,,,,,,,,,,,,,,,,,,03b56276-f4fe-47c0-87c5-119cad63cb27,206,,"[13.3, 69.0]",3920417,6,,,,,,,,,,,,,,,,,,,,,,,,1,Regular Play,Hamari Traoré,3248.0,Right Back,16,Mali,4930,['5c721a96-7f13-43d1-a9f0-6ea4d8319332'],27,,,,,,,,,,,,,,,,,,Mali,4930,00:06:27.154,Ball Receipt*,
,,,,,,,,,,,,,,,,,,,,,,,,,bbce601b-fddd-4a91-82e1-e5f0ae210a62,209,,"[12.0, 56.6]",3920417,6,,,,,,,,,,,,,,,,,,,,,,,,1,Regular Play,Boubakar Kouyate,23331.0,Right Center Back,16,Mali,4930,['86a6d5ea-9e7d-4d6b-9a99-bafb7d42399c'],36,,,,,,,,,,,,,,,,,,Mali,4930,00:06:36.764,Ball Receipt*,
,,,,,,,,,,,,,,,,,,,,,,,,,ab201781-007f-4d0a-a4bf-8d7b231c44b7,213,,"[18.9, 72.4]",3920417,6,,,,,,,,,,,,,,,,,,,,,,,,1,Regular Play,Hamari Traoré,3248.0,Right Back,16,Mali,4930,['40313471-e1fc-4a03-84d2-fee8e37b5bd3'],39,,,,,,,,,,,,,,,,,,Mali,4930,00:06:39.812,Ball Receipt*,
Incomplete,,,,,,,,,,,,,,,,,,,,,,,,,c8da37ac-f400-43e8-9d4c-459e376dcdcf,216,,"[53.7, 75.2]",3920417,6,,,,,,,,,,,,,,,,,,,,,,,,1,Regular Play,Fousseni Diabaté,3710.0,Right Midfield,16,Mali,4930,['677e95b0-c33c-4f42-93c5-8b4e47c81a94'],41,,,,,,,,,,,,,,,,,,Mali,4930,00:06:41.333,Ball Receipt*,
Incomplete,,,,,,,,,,,,,,,,,,,,,,,,,0592f00d-423e-447b-a8de-3571ef815306,222,,"[69.2, 7.7]",3920417,6,,,,,,,,,,,,,,,,,,,,,,,,1,Regular Play,Muzeu Bethuel,389319.0,Right Midfield,17,Namibia,4980,['29859a15-937c-4cba-95ea-5f8f543ae2e2'],46,,,,,,,,,,,,,,,,,,Namibia,4980,00:06:46.890,Ball Receipt*,
,,,,,,,,,,,,,,,,,,,,,,,,,06a2ac94-12a9-4f5d-ac1f-4f54800f03d4,229,,"[79.7, 6.6]",3920417,6,,,,,,,,,,,,,,,,,,,,,,,,1,Regular Play,Muzeu Bethuel,389319.0,Right Midfield,17,Namibia,4980,"['b699f2e6-6da0-416e-abe2-3ab87d39df48', '93ff3a26-3342-4ad0-b231-774ba65dfd31']",48,,,,,,,,,,,,,,,,,,Namibia,4980,00:06:48.985,Ball Receipt*,True
Incomplete,,,,,,,,,,,,,,,,,,,,,,,,,176fa5a1-27b9-4370-b39f-61a69dd6c213,234,,"[107.8, 34.2]",3920417,7,,,,,,,,,,,,,,,,,,,,,,,,1,From Free Kick,Lubeni Haukongo,135004.0,Left Center Back,18,Namibia,4980,['9eae795d-6626-48e1-8c6b-a90ec1aa7f99'],35,,,,,,,,,,,,,,,,,,Namibia,4980,00:07:35.532,Ball Receipt*,
,,,,,,,,,,,,,,,,,,,,,,,,,4de045ae-4d2b-4c87-a722-0994e954197a,237,,"[63.4, 33.6]",3920417,7,,,,,,,,,,,,,,,,,,,,,,,,1,From Free Kick,Deon Hotto Kavendji,64612.0,Left Midfield,18,Namibia,4980,['465220c9-b55a-453c-a1a4-26b36af47651'],39,,,,,,,,,,,,,,,,,,Namibia,4980,00:07:39.782,Ball Receipt*,
Incomplete,,,,,,,,,,,,,,,,,,,,,,,,,49804ecc-89dc-4577-aaaa-904ff1b7af60,240,,"[102.2, 38.8]",3920417,7,,,,,,,,,,,,,,,,,,,,,,,,1,From Free Kick,Lubeni Haukongo,135004.0,Left Center Back,18,Namibia,4980,['2568e60c-80d2-4973-90ae-efaa1dbd2ffc'],43,,,,,,,,,,,,,,,,,,Namibia,4980,00:07:43.701,Ball Receipt*,
Incomplete,,,,,,,,,,,,,,,,,,,,,,,,,c9665ad8-f55a-48cd-b608-262e5568b30b,244,,"[79.2, 22.6]",3920417,7,,,,,,,,,,,,,,,,,,,,,,,,1,From Keeper,Lassine Sinayoko,105182.0,Left Center Forward,19,Mali,4930,['519395c3-57cd-4ea8-8805-21ff64ca928e'],49,,,,,,,,,,,,,,,,,,Mali,4930,00:07:49.704,Ball Receipt*,
,,,,,,,,,,,,,,,,,,,,,,,,,b452b8e1-163e-48a5-b876-14cddfc01a2b,246,,"[15.1, 72.2]",3920417,8,,,,,,,,,,,,,,,,,,,,,,,,1,From Throw In,Lloyd Junior Kazapua,125324.0,Goalkeeper,20,Namibia,4980,['3f7e1a08-6661-484e-af77-fd91a7cb03c4'],4,,,,,,,,,,,,,,,,,,Namibia,4980,00:08:04.917,Ball Receipt*,
,,,,,,,,,,,,,,,,,,,,,,,,,411d0296-ca6b-4cf9-8ad9-ec41420a3a5c,250,,"[49.2, 65.3]",3920417,8,,,,,,,,,,,,,,,,,,,,,,,,1,From Throw In,Peter Shalulile,65723.0,Center Forward,20,Namibia,4980,['6f2c94e8-e298-42f3-91de-0569dd44ce1a'],10,,,,,,,,,,,,,,,,,,Namibia,4980,00:08:10.390,Ball Receipt*,
,,,,,,,,,,,,,,,,,,,,,,,,,c5fbb7ce-160b-49ad-a0d1-58c01407e451,252,,"[62.0, 50.8]",3920417,8,,,,,,,,,,,,,,,,,,,,,,,,1,From Throw In,Muzeu Bethuel,389319.0,Right Midfield,20,Namibia,4980,['9280bdf0-ad23-4403-b793-1b0bada36128'],11,,,,,,,,,,,,,,,,,,Namibia,4980,00:08:11.656,Ball Receipt*,
,,,,,,,,,,,,,,,,,,,,,,,,,9982bebc-bcf9-4efe-b55c-4614d979f950,256,,"[57.2, 56.0]",3920417,8,,,,,,,,,,,,,,,,,,,,,,,,1,From Throw In,Peter Shalulile,65723.0,Center Forward,20,Namibia,4980,['72e698ad-b7a5-49d1-94f1-0c8421c778b0'],12,,,,,,,,,,,,,,,,,,Namibia,4980,00:08:12.591,Ball Receipt*,
Incomplete,,,,,,,,,,,,,,,,,,,,,,,,,1aed8e0c-0970-475a-bf11-d9d96ffa11f3,260,,"[73.7, 61.3]",3920417,8,,,,,,,,,,,,,,,,,,,,,,,,1,From Throw In,Deon Hotto Kavendji,64612.0,Left Midfield,20,Namibia,4980,['c4807ddb-0d6f-425f-be60-97cf0ae4b118'],14,,,,,,,,,,,,,,,,,,Namibia,4980,00:08:14.146,Ball Receipt*,
,,,,,,,,,,,,,,,,,,,,,,,,,aee37159-3bd0-4603-af29-108a013e2813,262,,"[46.1, 72.0]",3920417,8,,,,,,,,,,,,,,,,,,,,,,,,1,From Free Kick,Hamari Traoré,3248.0,Right Back,21,Mali,4930,['c1ccf3bf-1d20-44fd-b2e5-fc6b0dc9dad1'],51,,,,,,,,,,,,,,,,,,Mali,4930,00:08:51.223,Ball Receipt*,
,,,,,,,,,,,,,,,,,,,,,,,,,fe1fc020-47f3-4c55-8b37-d324a5b149b1,265,,"[63.6, 75.2]",3920417,8,,,,,,,,,,,,,,,,,,,,,,,,1,From Free Kick,Fousseni Diabaté,3710.0,Right Midfield,21,Mali,4930,['19763363-9daf-4cf0-9f09-569a2c5d7604'],53,,,,,,,,,,,,,,,,,,Mali,4930,00:08:53.518,Ball Receipt*,
Incomplete,,,,,,,,,,,,,,,,,,,,,,,,,b27b866d-2660-4eae-b2fa-ce5fde0d20bb,269,,"[72.5, 75.6]",3920417,8,,,,,,,,,,,,,,,,,,,,,,,,1,From Free Kick,Youssoufou Niakaté,51750.0,Right Center Forward,21,Mali,4930,['d2302afb-d93c-47e6-a92b-bc8c74027fc3'],55,,,,,,,,,,,,,,,,,,Mali,4930,00:08:55.734,Ball Receipt*,
,,,,,,,,,,,,,,,,,,,,,,,,,c6741eec-abec-4cc0-955f-9c37f14a8148,272,,"[83.1, 4.2]",3920417,9,,,,,,,,,,,,,,,,,,,,,,,,1,From Throw In,Ngero Kaanjuka Katua,389316.0,Left Center Midfield,22,Namibia,4980,"['bc85ad05-dd80-4610-9093-27d0d7a67c4e', '7bc79cf7-0b10-4e86-8767-2a604db61d2d']",7,,,,,,,,,,,,,,,,,,Namibia,4980,00:09:07.240,Ball Receipt*,True
,,,,,,,,,,,,,,,,,,,,,,,,,dd1f8274-bac9-416d-8e85-85026d4121b7,278,,"[17.5, 70.6]",3920417,9,,,,,,,,,,,,,,,,,,,,,,,,1,From Throw In,Aliou Dieng,67714.0,Right Defensive Midfield,23,Mali,4930,['20ee49ec-83e3-4010-bbec-7b74945be204'],26,,,,,,,,,,,,,,,,,,Mali,4930,00:09:26.623,Ball Receipt*,
,,,,,,,,,,,,,,,,,,,,,,,,,da284e6c-bcf7-41ce-a14b-072f1b51b000,280,,"[14.4, 77.7]",3920417,9,,,,,,,,,,,,,,,,,,,,,,,,1,From Throw In,Hamari Traoré,3248.0,Right Back,23,Mali,4930,['bf8ee8b7-ce64-43b1-91d6-a3fb2cda02af'],27,,,,,,,,,,,,,,,,,,Mali,4930,00:09:27.642,Ball Receipt*,
,,,,,,,,,,,,,,,,,,,,,,,,,db760c42-98db-4f4e-a43c-bcc87f8bf9d3,284,,"[15.3, 72.0]",3920417,9,,,,,,,,,,,,,,,,,,,,,,,,1,From Throw In,Aliou Dieng,67714.0,Right Defensive Midfield,23,Mali,4930,"['70aad4ee-f5cb-454a-81ce-8c95282eac3d', '064d1f3a-f785-44b7-8c02-e1d14003a011']",29,,,,,,,,,,,,,,,,,,Mali,4930,00:09:29.070,Ball Receipt*,True
,,,,,,,,,,,,,,,,,,,,,,,,,79c6066e-3cf0-4b14-92e7-cdc0fdc6e268,290,,"[17.3, 76.5]",3920417,9,,,,,,,,,,,,,,,,,,,,,,,,1,From Throw In,Hamari Traoré,3248.0,Right Back,23,Mali,4930,['bd0014fb-8a5e-4fc8-9c3d-f628b9dd5563'],32,,,,,,,,,,,,,,,,,,Mali,4930,00:09:32.311,Ball Receipt*,
,,,,,,,,,,,,,,,,,,,,,,,,,b0feb2f2-f55f-4ce4-95d6-7a9b1f145628,293,,"[9.4, 67.3]",3920417,9,,,,,,,,,,,,,,,,,,,,,,,,1,From Throw In,Boubakar Kouyate,23331.0,Right Center Back,23,Mali,4930,['90a041ab-63c9-423a-b069-b755a77e3bc8'],34,,,,,,,,,,,,,,,,,,Mali,4930,00:09:34.490,Ball Receipt*,
,,,,,,,,,,,,,,,,,,,,,,,,,94c68440-f48f-4ca2-9458-8dab729e04d1,296,,"[57.3, 59.3]",3920417,9,,,,,,,,,,,,,,,,,,,,,,,,1,From Throw In,Youssoufou Niakaté,51750.0,Right Center Forward,23,Mali,4930,['31b7e4db-a0ac-4229-94e1-5fb21a64b588'],36,,,,,,,,,,,,,,,,,,Mali,4930,00:09:36.822,Ball Receipt*,
,,,,,,,,,,,,,,,,,,,,,,,,,3933991e-8105-42c4-9958-c3d347a32eee,299,,"[62.3, 42.6]",3920417,9,,,,,,,,,,,,,,,,,,,,,,,,1,From Throw In,Lassine Sinayoko,105182.0,Left Center Forward,23,Mali,4930,"['95a93d8a-14af-4bf5-9973-738590dd86cf', 'd8d55a73-3fd2-43bd-a17c-ed557966d72e']",38,,,,,,,,,,,,,,,,,,Mali,4930,00:09:38.589,Ball Receipt*,True
Incomplete,,,,,,,,,,,,,,,,,,,,,,,,,1f3016a2-bc98-4806-bd4f-7a15ad8a9181,302,,"[77.6, 20.2]",3920417,9,,,,,,,,,,,,,,,,,,,,,,,,1,From Throw In,Nene Dorgeles,199653.0,Left Midfield,23,Mali,4930,['6840a73e-9a92-45a4-bc84-8abc229e52a8'],40,,,,,,,,,,,,,,,,,,Mali,4930,00:09:40.558,Ball Receipt*,
,,,,,,,,,,,,,,,,,,,,,,,,,7d607d9c-6d2f-47d6-9e72-8e948d9cfdf2,304,,"[34.0, 65.6]",3920417,10,,,,,,,,,,,,,,,,,,,,,,,,1,From Free Kick,Ivan Kamberipa,103799.0,Right Back,24,Namibia,4980,['0f95c2d9-1ff1-4b77-b3d3-b49d8896a90d'],10,,,,,,,,,,,,,,,,,,Namibia,4980,00:10:10.476,Ball Receipt*,
,,,,,,,,,,,,,,,,,,,,,,,,,a902ab8a-895c-4531-9542-b29d0847f6b8,306,,"[24.2, 56.4]",3920417,10,,,,,,,,,,,,,,,,,,,,,,,,1,From Free Kick,Lloyd Junior Kazapua,125324.0,Goalkeeper,24,Namibia,4980,['fd4e0ed1-a02f-4dbf-b569-21b5438c9990'],12,,,,,,,,,,,,,,,,,,Namibia,4980,00:10:12.254,Ball Receipt*,
Incomplete,,,,,,,,,,,,,,,,,,,,,,,,,0651928a-abf4-4f6b-9a75-90258e9bbb33,308,,"[70.0, 33.0]",3920417,10,,,,,,,,,,,,,,,,,,,,,,,,1,From Free Kick,Ngero Kaanjuka Katua,389316.0,Left Center Midfield,24,Namibia,4980,['4679b16d-121d-4377-8f3b-4827691a4c57'],21,,,,,,,,,,,,,,,,,,Namibia,4980,00:10:21.877,Ball Receipt*,
,,,,,,,,,,,,,,,,,,,,,,,,,851e7c75-879e-461c-a977-09e94c0eac3e,311,,"[19.4, 34.8]",3920417,10,,,,,,,,,,,,,,,,,,,,,,,,1,From Free Kick,Sikou Niakate,7295.0,Left Center Back,24,Namibia,4980,['8535660d-1506-4516-ba50-839e862ad127'],26,,,,,,,,,,,,,,,,,,Mali,4930,00:10:26.007,Ball Receipt*,
Incomplete,,,,,,,,,,,,,,,,,,,,,,,,,8129cb9b-3f2b-4750-b237-a27e1feb0759,313,,"[98.4, 27.6]",3920417,10,,,,,,,,,,,,,,,,,,,,,,,,1,From Free Kick,Fousseni Diabaté,3710.0,Right Midfield,24,Namibia,4980,['bd234a30-a35f-4cfa-8c89-d90fc9d57143'],37,,,,,,,,,,,,,,,,,,Mali,4930,00:10:37.199,Ball Receipt*,
Incomplete,,,,,,,,,,,,,,,,,,,,,,,,,099f19f5-51f5-417b-a051-1aab3029dd2c,316,,"[78.7, 70.5]",3920417,10,,,,,,,,,,,,,,,,,,,,,,,,1,From Free Kick,Deon Hotto Kavendji,64612.0,Left Midfield,24,Namibia,4980,['0ea13eea-2a3f-40b6-9e64-b34f02e88df2'],52,,,,,,,,,,,,,,,,,,Namibia,4980,00:10:52.804,Ball Receipt*,
Incomplete,,,,,,,,,,,,,,,,,,,,,,,,,a831c8a7-00ea-4ec9-be21-05bd211d6b28,319,,"[56.7, 13.1]",3920417,10,,,,,,,,,,,,,,,,,,,,,,,,1,From Free Kick,Nene Dorgeles,199653.0,Left Midfield,24,Namibia,4980,['c18afba1-bc9e-476b-a305-3160b4361e6d'],55,,,,,,,,,,,,,,,,,,Mali,4930,00:10:55.044,Ball Receipt*,
,,,,,,,,,,,,,,,,,,,,,,,,,69037728-a0ac-45c4-8957-748c4a6cdd9a,321,,"[56.5, 56.7]",3920417,10,,,,,,,,,,,,,,,,,,,,,,,,1,From Free Kick,Ngero Kaanjuka Katua,389316.0,Left Center Midfield,24,Namibia,4980,['30d806c3-91c1-413c-be51-1d3389ba6f96'],55,,,,,,,,,,,,,,,,,,Namibia,4980,00:10:55.745,Ball Receipt*,
,,,,,,,,,,,,,,,,,,,,,,,,,bfc1461e-cf2c-42a9-bfea-be734d370761,325,,"[62.9, 75.5]",3920417,10,,,,,,,,,,,,,,,,,,,,,,,,1,From Free Kick,Deon Hotto Kavendji,64612.0,Left Midfield,24,Namibia,4980,['b98cf666-bd98-4b20-9014-38050f454541'],57,,,,,,,,,,,,,,,,,,Namibia,4980,00:10:57.875,Ball Receipt*,
,,,,,,,,,,,,,,,,,,,,,,,,,98f56341-c303-43e4-abf1-d3f6f746f046,329,,"[55.1, 26.3]",3920417,11,,,,,,,,,,,,,,,,,,,,,,,,1,From Throw In,Aliou Dieng,67714.0,Right Defensive Midfield,25,Mali,4930,['38bbddbd-39a6-44c9-bb49-285df1bf7907'],3,,,,,,,,,,,,,,,,,,Mali,4930,00:11:03.752,Ball Receipt*,
Incomplete,,,,,,,,,,,,,,,,,,,,,,,,,bf310278-9231-4634-a6db-a09af6ac09c3,333,,"[84.8, 31.2]",3920417,11,,,,,,,,,,,,,,,,,,,,,,,,1,From Throw In,Lassine Sinayoko,105182.0,Left Center Forward,25,Mali,4930,['8dd83ed0-925f-4b8f-a3b7-a0e77b153859'],8,,,,,,,,,,,,,,,,,,Mali,4930,00:11:08.194,Ball Receipt*,
Incomplete,,,,,,,,,,,,,,,,,,,,,,,,,406a43f7-f998-44ee-bceb-41ade2a52ec4,337,,"[69.5, 45.7]",3920417,11,,,,,,,,,,,,,,,,,,,,,,,,1,From Throw In,Lassine Sinayoko,105182.0,Left Center Forward,25,Mali,4930,['fb4a41dc-d790-4c73-b935-0740c72c8052'],12,,,,,,,,,,,,,,,,,,Mali,4930,00:11:12.538,Ball Receipt*,
,,,,,,,,,,,,,,,,,,,,,,,,,d45919fa-e3c5-4025-8469-cce316ef8e05,344,,"[49.7, 63.8]",3920417,11,,,,,,,,,,,,,,,,,,,,,,,,1,Regular Play,Prins Menelik Tjiueza,103803.0,Right Center Midfield,26,Namibia,4980,['c100f86e-8645-4062-82be-5af674ef3dd3'],17,,,,,,,,,,,,,,,,,,Namibia,4980,00:11:17.441,Ball Receipt*,
,,,,,,,,,,,,,,,,,,,,,,,,,18e02526-a8e7-4fd9-ba45-199120e6d7fe,353,,"[70.9, 15.1]",3920417,11,,,,,,,,,,,,,,,,,,,,,,,,1,From Free Kick,Yves Bissouma,4385.0,Left Defensive Midfield,28,Mali,4930,['548810f9-94bb-4cc1-a539-2bd82db53008'],32,,,,,,,,,,,,,,,,,,Mali,4930,00:11:32.508,Ball Receipt*,
,,,,,,,,,,,,,,,,,,,,,,,,,7bf4c2f8-b07c-4bdb-96b7-5c8e6275ad10,355,,"[53.9, 41.0]",3920417,11,,,,,,,,,,,,,,,,,,,,,,,,1,From Free Kick,Boubakar Kouyate,23331.0,Right Center Back,28,Mali,4930,['a0d6c4ab-7d01-44cf-ae00-c0b85682ea7c'],35,,,,,,,,,,,,,,,,,,Mali,4930,00:11:35.316,Ball Receipt*,
,,,,,,,,,,,,,,,,,,,,,,,,,0c18d0d1-b59c-4ae6-bb3c-88aa74cd232b,357,,"[60.0, 72.4]",3920417,11,,,,,,,,,,,,,,,,,,,,,,,,1,From Free Kick,Hamari Traoré,3248.0,Right Back,28,Mali,4930,['37763c98-b01a-4d8c-bec9-49dcef85b1f7'],38,,,,,,,,,,,,,,,,,,Mali,4930,00:11:38.059,Ball Receipt*,
,,,,,,,,,,,,,,,,,,,,,,,,,39d7a747-6db3-4293-93a4-5f76a410f043,360,,"[71.1, 76.5]",3920417,11,,,,,,,,,,,,,,,,,,,,,,,,1,From Free Kick,Fousseni Diabaté,3710.0,Right Midfield,28,Mali,4930,['cd1848a8-562d-4aef-9f69-53c19f66ce52'],40,,,,,,,,,,,,,,,,,,Mali,4930,00:11:40.757,Ball Receipt*,
,,,,,,,,,,,,,,,,,,,,,,,,,eccffca3-4643-45cb-9aeb-3ea0ad714025,364,,"[63.9, 69.0]",3920417,11,,,,,,,,,,,,,,,,,,,,,,,,1,From Free Kick,Aliou Dieng,67714.0,Right Defensive Midfield,28,Mali,4930,['947ada94-5b47-4296-9cdd-63527da595a3'],45,,,,,,,,,,,,,,,,,,Mali,4930,00:11:45.722,Ball Receipt*,
,,,,,,,,,,,,,,,,,,,,,,,,,fc9021a6-edc1-4440-ac26-ca2aec7bb502,367,,"[52.8, 74.5]",3920417,11,,,,,,,,,,,,,,,,,,,,,,,,1,From Free Kick,Hamari Traoré,3248.0,Right Back,28,Mali,4930,['6cc67efa-3636-49a2-9344-763e7b22e737'],47,,,,,,,,,,,,,,,,,,Mali,4930,00:11:47.794,Ball Receipt*,
,,,,,,,,,,,,,,,,,,,,,,,,,4cb96c16-5846-4085-b55b-84fb3891cdf7,370,,"[44.8, 64.6]",3920417,11,,,,,,,,,,,,,,,,,,,,,,,,1,From Free Kick,Boubakar Kouyate,23331.0,Right Center Back,28,Mali,4930,['b02d98f1-b8b8-4e15-a818-f54171e0002b'],49,,,,,,,,,,,,,,,,,,Mali,4930,00:11:49.241,Ball Receipt*,
Incomplete,,,,,,,,,,,,,,,,,,,,,,,,,cad6195f-5ea1-4b2d-a075-abf7ec74f8d4,373,,"[75.8, 4.6]",3920417,11,,,,,,,,,,,,,,,,,,,,,,,,1,From Free Kick,Nene Dorgeles,199653.0,Left Midfield,28,Mali,4930,['943798b6-5cf5-40be-99b8-d77ea73e7ef1'],53,,,,,,,,,,,,,,,,,,Mali,4930,00:11:53.653,Ball Receipt*,
Incomplete,,,,,,,,,,,,,,,,,,,,,,,,,db14ef9d-d3ca-4dc2-8e62-75ea1ea1af31,379,,"[92.3, 55.3]",3920417,12,,,,,,,,,,,,,,,,,,,,,,,,1,From Throw In,Peter Shalulile,65723.0,Center Forward,29,Namibia,4980,['1cb9363d-2d26-439b-a51d-4a983d6964bd'],15,,,,,,,,,,,,,,,,,,Namibia,4980,00:12:15.251,Ball Receipt*,
,,,,,,,,,,,,,,,,,,,,,,,,,83eeb27f-f1a0-4683-9a04-62fba37f990d,381,,"[35.6, 18.8]",3920417,12,,,,,,,,,,,,,,,,,,,,,,,,1,Regular Play,Yves Bissouma,4385.0,Left Defensive Midfield,30,Mali,4930,['072da75d-05f6-4115-bd6c-c56db338b7f3'],16,,,,,,,,,,,,,,,,,,Mali,4930,00:12:16.312,Ball Receipt*,
,,,,,,,,,,,,,,,,,,,,,,,,,575b7ad2-6cfb-428b-893a-d56556487bad,386,,"[40.9, 25.9]",3920417,12,,,,,,,,,,,,,,,,,,,,,,,,1,Regular Play,Aliou Dieng,67714.0,Right Defensive Midfield,30,Mali,4930,['f55eeaea-4f62-4d9e-b3f2-fc195a2db36d'],19,,,,,,,,,,,,,,,,,,Mali,4930,00:12:19.250,Ball Receipt*,
,,,,,,,,,,,,,,,,,,,,,,,,,ec830c33-9792-4be9-ac17-22a901d212a2,389,,"[53.9, 37.7]",3920417,12,,,,,,,,,,,,,,,,,,,,,,,,1,Regular Play,Yves Bissouma,4385.0,Left Defensive Midfield,30,Mali,4930,['7b74b4f2-7942-45fc-a380-8b8947ade3dc'],20,,,,,,,,,,,,,,,,,,Mali,4930,00:12:20.717,Ball Receipt*,
,,,,,,,,,,,,,,,,,,,,,,,,,0b1e425b-8e1d-4a95-b58b-657ae8c1e718,400,,"[41.2, 10.5]",3920417,12,,,,,,,,,,,,,,,,,,,,,,,,1,From Throw In,Lubeni Haukongo,135004.0,Left Center Back,32,Namibia,4980,['b913177c-d3ff-4e30-88ce-9d693df591d3'],37,,,,,,,,,,,,,,,,,,Namibia,4980,00:12:37.961,Ball Receipt*,
,,,,,,,,,,,,,,,,,,,,,,,,,0dc703a2-7637-4d41-87e2-25b0141115f7,403,,"[20.9, 31.6]",3920417,12,,,,,,,,,,,,,,,,,,,,,,,,1,From Throw In,Lloyd Junior Kazapua,125324.0,Goalkeeper,32,Namibia,4980,['c89645ef-0704-42e7-946e-21969720573b'],43,,,,,,,,,,,,,,,,,,Namibia,4980,00:12:43.464,Ball Receipt*,
Incomplete,,,,,,,,,,,,,,,,,,,,,,,,,b4581395-6bde-4940-8cff-21bd8e3baa03,407,,"[80.1, 58.3]",3920417,12,,,,,,,,,,,,,,,,,,,,,,,,1,From Throw In,Deon Hotto Kavendji,64612.0,Left Midfield,32,Namibia,4980,['007800ad-428f-46aa-8e8b-30535e1bafd2'],48,,,,,,,,,,,,,,,,,,Namibia,4980,00:12:48.783,Ball Receipt*,
,,,,,,,,,,,,,,,,,,,,,,,,,9818239b-e97f-4418-ab47-b6eb4c8c153b,411,,"[28.4, 17.4]",3920417,13,,,,,,,,,,,,,,,,,,,,,,,,1,From Free Kick,Sikou Niakate,7295.0,Left Center Back,33,Mali,4930,['826c6ab3-3d16-4c94-a554-c465ed0641ce'],6,,,,,,,,,,,,,,,,,,Mali,4930,00:13:06.130,Ball Receipt*,
,,,,,,,,,,,,,,,,,,,,,,,,,74143c5c-f093-4791-a4f1-4d3be0a99a63,414,,"[48.6, 75.2]",3920417,13,,,,,,,,,,,,,,,,,,,,,,,,1,From Free Kick,Hamari Traoré,3248.0,Right Back,33,Mali,4930,['0ad0fdcb-d37d-46ae-b162-a80f1abe5ad5'],10,,,,,,,,,,,,,,,,,,Mali,4930,00:13:10.598,Ball Receipt*,
,,,,,,,,,,,,,,,,,,,,,,,,,7ca4bc33-71ec-4c80-adb1-aa187b8af7ab,417,,"[50.9, 66.0]",3920417,13,,,,,,,,,,,,,,,,,,,,,,,,1,From Free Kick,Yves Bissouma,4385.0,Left Defensive Midfield,33,Mali,4930,['b178e6b9-b1e8-472f-95d2-0f6737f8139b'],14,,,,,,,,,,,,,,,,,,Mali,4930,00:13:14.063,Ball Receipt*,
,,,,,,,,,,,,,,,,,,,,,,,,,f6a5bf3e-7bd1-4db0-8b53-a22d8737d056,420,,"[37.8, 19.5]",3920417,13,,,,,,,,,,,,,,,,,,,,,,,,1,From Free Kick,Sikou Niakate,7295.0,Left Center Back,33,Mali,4930,['17a6c02c-5eda-41e2-9c05-18ac65385cc3'],17,,,,,,,,,,,,,,,,,,Mali,4930,00:13:17.342,Ball Receipt*,
,,,,,,,,,,,,,,,,,,,,,,,,,2b0d4e79-c15a-4033-a7c5-ecf0088c1b89,423,,"[70.9, 6.0]",3920417,13,,,,,,,,,,,,,,,,,,,,,,,,1,From Free Kick,Nene Dorgeles,199653.0,Left Midfield,33,Mali,4930,['f25f7637-3ab5-42d4-bbf5-f1e5afd4ac74'],20,,,,,,,,,,,,,,,,,,Mali,4930,00:13:20.566,Ball Receipt*,
,,,,,,,,,,,,,,,,,,,,,,,,,6fc9f9a9-5820-40ce-9dd6-f391a55cd3f6,427,,"[99.2, 7.1]",3920417,13,,,,,,,,,,,,,,,,,,,,,,,,1,From Free Kick,Lassine Sinayoko,105182.0,Left Center Forward,33,Mali,4930,"['d51406a4-e4ff-4dd1-a7bc-3dcf0bdd2594', 'f0eb65e1-6aae-4a39-ad73-62b84f9caa97']",23,,,,,,,,,,,,,,,,,,Mali,4930,00:13:23.801,Ball Receipt*,True
Incomplete,,,,,,,,,,,,,,,,,,,,,,,,,f3ef7328-2c91-417c-89fa-f25462eb6208,430,,"[99.0, 18.2]",3920417,13,,,,,,,,,,,,,,,,,,,,,,,,1,From Free Kick,Nene Dorgeles,199653.0,Left Midfield,33,Mali,4930,['51df6794-1d60-4c00-b44d-af8793f347e0'],24,,,,,,,,,,,,,,,,,,Mali,4930,00:13:24.228,Ball Receipt*,
Incomplete,,,,,,,,,,,,,,,,,,,,,,,,,4f0e2d6a-16dc-489d-9dd3-607817f984f5,433,,"[73.1, 73.0]",3920417,13,,,,,,,,,,,,,,,,,,,,,,,,1,From Free Kick,Peter Shalulile,65723.0,Center Forward,33,Mali,4930,['09e1661e-da72-4d53-8ee7-9e031b2810b8'],29,,,,,,,,,,,,,,,,,,Namibia,4980,00:13:29.932,Ball Receipt*,
,,,,,,,,,,,,,,,,,,,,,,,,,b53cc5e5-c3eb-4209-86e5-fa9f8b959cac,435,,"[63.6, 20.7]",3920417,13,,,,,,,,,,,,,,,,,,,,,,,,1,From Throw In,Youssoufou Niakaté,51750.0,Right Center Forward,34,Mali,4930,['6d32cc94-739a-45ab-bb93-9ce6cdaa5a5d'],47,,,,,,,,,,,,,,,,,,Mali,4930,00:13:47.467,Ball Receipt*,
,,,,,,,,,,,,,,,,,,,,,,,,,2980217c-5571-4611-917e-f3d238491c60,440,,"[42.8, 17.4]",3920417,13,,,,,,,,,,,,,,,,,,,,,,,,1,From Throw In,Yves Bissouma,4385.0,Left Defensive Midfield,34,Mali,4930,"['15f16a65-96e2-4145-a8e1-9fecda05e129', '8d4f69fc-47cc-48fd-bac9-1b3cbf516d25']",49,,,,,,,,,,,,,,,,,,Mali,4930,00:13:49.919,Ball Receipt*,True
,,,,,,,,,,,,,,,,,,,,,,,,,a76e2762-7d9c-4d62-b4a2-f15518b7e999,443,,"[44.0, 6.5]",3920417,13,,,,,,,,,,,,,,,,,,,,,,,,1,From Throw In,Moussa Diarra,32952.0,Left Back,34,Mali,4930,['067a2195-f811-4f00-8662-0dce5c6092d7'],51,,,,,,,,,,,,,,,,,,Mali,4930,00:13:51.689,Ball Receipt*,
,,,,,,,,,,,,,,,,,,,,,,,,,30ddfbed-baa8-42c8-8f16-25d23314612b,447,,"[42.9, 12.6]",3920417,13,,,,,,,,,,,,,,,,,,,,,,,,1,From Throw In,Aliou Dieng,67714.0,Right Defensive Midfield,34,Mali,4930,"['9af3f31f-5b2b-4ed7-a547-79df2344cc95', '3fe81f10-8676-4cbf-90cd-f6c5c3f5f30f']",52,,,,,,,,,,,,,,,,,,Mali,4930,00:13:52.817,Ball Receipt*,True
,,,,,,,,,,,,,,,,,,,,,,,,,26c074ac-fcc3-49c5-b16b-24ed36361b4d,450,,"[37.6, 3.8]",3920417,13,,,,,,,,,,,,,,,,,,,,,,,,1,From Throw In,Moussa Diarra,32952.0,Left Back,34,Mali,4930,['620b68ca-ecf2-4eef-83d8-4ba93b2ff298'],54,,,,,,,,,,,,,,,,,,Mali,4930,00:13:54.378,Ball Receipt*,
,,,,,,,,,,,,,,,,,,,,,,,,,be54f26a-0089-4ce1-98b8-e9753158da3b,453,,"[45.3, 15.1]",3920417,13,,,,,,,,,,,,,,,,,,,,,,,,1,From Throw In,Yves Bissouma,4385.0,Left Defensive Midfield,34,Mali,4930,['ea305683-1240-4d9f-afa4-ad05d912ba07'],58,,,,,,,,,,,,,,,,,,Mali,4930,00:13:58.306,Ball Receipt*,
,,,,,,,,,,,,,,,,,,,,,,,,,b556cd42-b643-4244-8124-ed471f99952f,456,,"[52.0, 4.6]",3920417,14,,,,,,,,,,,,,,,,,,,,,,,,1,From Throw In,Moussa Diarra,32952.0,Left Back,34,Mali,4930,['3e982632-1f74-4e76-bc5d-2b8e2c7e543c'],0,,,,,,,,,,,,,,,,,,Mali,4930,00:14:00.220,Ball Receipt*,
,,,,,,,,,,,,,,,,,,,,,,,,,fb50c0c1-22e5-422c-a4b3-1f5f56570372,462,,"[58.7, 11.5]",3920417,14,,,,,,,,,,,,,,,,,,,,,,,,1,From Throw In,Lassine Sinayoko,105182.0,Left Center Forward,34,Mali,4930,"['c3985676-8c75-4118-9d6a-d0a600dd17ba', '5fa23565-e471-4708-95bb-06166546b4b1']",1,,,,,,,,,,,,,,,,,,Mali,4930,00:14:01.627,Ball Receipt*,True
,,,,,,,,,,,,,,,,,,,,,,,,,372e34f6-9a28-4131-a0ff-5b7a6a53674e,466,,"[50.1, 4.8]",3920417,14,,,,,,,,,,,,,,,,,,,,,,,,1,From Throw In,Nene Dorgeles,199653.0,Left Midfield,34,Mali,4930,['9a90c241-7904-4557-8a53-f7d4f247f8e2'],4,,,,,,,,,,,,,,,,,,Mali,4930,00:14:04.194,Ball Receipt*,
,,,,,,,,,,,,,,,,,,,,,,,,,44087519-8d7e-462b-8527-c4818d3082e9,469,,"[48.1, 74.5]",3920417,14,,,,,,,,,,,,,,,,,,,,,,,,1,From Throw In,Hamari Traoré,3248.0,Right Back,34,Mali,4930,['5ee0be10-adce-440a-aaa5-68733eaa2690'],9,,,,,,,,,,,,,,,,,,Mali,4930,00:14:09.813,Ball Receipt*,
,,,,,,,,,,,,,,,,,,,,,,,,,8d56e5e6-a091-45c4-8681-38be07030396,472,,"[33.9, 65.4]",3920417,14,,,,,,,,,,,,,,,,,,,,,,,,1,From Throw In,Boubakar Kouyate,23331.0,Right Center Back,34,Mali,4930,['13d07684-88ac-425a-8679-9bd2a784417d'],11,,,,,,,,,,,,,,,,,,Mali,4930,00:14:11.708,Ball Receipt*,
,,,,,,,,,,,,,,,,,,,,,,,,,1d7968b5-42c6-4d22-b1bd-63069a22b3ca,475,,"[50.1, 75.7]",3920417,14,,,,,,,,,,,,,,,,,,,,,,,,1,From Throw In,Hamari Traoré,3248.0,Right Back,34,Mali,4930,['22d4c649-3f1f-4bd8-8b7d-24881a4a18c1'],16,,,,,,,,,,,,,,,,,,Mali,4930,00:14:16.430,Ball Receipt*,
,,,,,,,,,,,,,,,,,,,,,,,,,1ee2daf2-e36e-4548-871f-219bf8de0116,478,,"[35.1, 71.2]",3920417,14,,,,,,,,,,,,,,,,,,,,,,,,1,From Throw In,Boubakar Kouyate,23331.0,Right Center Back,34,Mali,4930,['f7cd99ec-0d75-43c7-8c98-02904a569cb3'],20,,,,,,,,,,,,,,,,,,Mali,4930,00:14:20.294,Ball Receipt*,
,,,,,,,,,,,,,,,,,,,,,,,,,6a3cad30-886b-4ff8-ad0d-1ae1ae49ba5c,481,,"[50.1, 73.8]",3920417,14,,,,,,,,,,,,,,,,,,,,,,,,1,From Throw In,Hamari Traoré,3248.0,Right Back,34,Mali,4930,['872d0c85-16b8-47e2-bfce-428eec99b325'],25,,,,,,,,,,,,,,,,,,Mali,4930,00:14:25.292,Ball Receipt*,
,,,,,,,,,,,,,,,,,,,,,,,,,d1a6380e-b1e0-499e-81bd-9d94374ed809,485,,"[20.9, 50.1]",3920417,14,,,,,,,,,,,,,,,,,,,,,,,,1,From Throw In,Djigui Diarra,102992.0,Goalkeeper,34,Mali,4930,['887c6517-cb3d-4ceb-9f51-c7822aa7393b'],28,,,,,,,,,,,,,,,,,,Mali,4930,00:14:28.948,Ball Receipt*,
,,,,,,,,,,,,,,,,,,,,,,,,,2f8adfd9-4088-4370-8be6-1e0b60dc0c24,488,,"[29.2, 20.7]",3920417,14,,,,,,,,,,,,,,,,,,,,,,,,1,From Throw In,Sikou Niakate,7295.0,Left Center Back,34,Mali,4930,['c57f2792-af2c-478f-858d-a47e8d350c95'],30,,,,,,,,,,,,,,,,,,Mali,4930,00:14:30.805,Ball Receipt*,
,,,,,,,,,,,,,,,,,,,,,,,,,7bcd81a5-e6f9-4972-8f6e-f64ff6c59d38,492,,"[68.4, 5.2]",3920417,14,,,,,,,,,,,,,,,,,,,,,,,,1,From Throw In,Nene Dorgeles,199653.0,Left Midfield,34,Mali,4930,"['beaa92de-5963-41fa-95a1-76523916149b', '7f6060ae-1a74-473a-a46c-e2fa9dee4f3c']",35,,,,,,,,,,,,,,,,,,Mali,4930,00:14:35.884,Ball Receipt*,True
,,,,,,,,,,,,,,,,,,,,,,,,,353cd963-7c12-4a06-b059-e2863777b15b,499,,"[77.3, 65.8]",3920417,14,,,,,,,,,,,,,,,,,,,,,,,,1,Regular Play,Peter Shalulile,65723.0,Center Forward,35,Namibia,4980,"['9f13e1ce-ad41-47e2-924a-cc9f8d48e05d', 'c51f9823-6cc0-4b66-886c-f4361ff3c74d']",40,,,,,,,,,,,,,,,,,,Namibia,4980,00:14:40.288,Ball Receipt*,True
,,,,,,,,,,,,,,,,,,,,,,,,,78e97d94-8088-4070-bec4-603de5369f35,502,,"[76.1, 53.1]",3920417,14,,,,,,,,,,,,,,,,,,,,,,,,1,Regular Play,Prins Menelik Tjiueza,103803.0,Right Center Midfield,35,Namibia,4980,['00370ca6-81ae-4b53-8304-b8ed5f8dbef9'],41,,,,,,,,,,,,,,,,,,Namibia,4980,00:14:41.563,Ball Receipt*,
,,,,,,,,,,,,,,,,,,,,,,,,,c5ae68f0-060b-4881-99a8-cf4a3ba3f377,505,,"[59.2, 45.5]",3920417,14,,,,,,,,,,,,,,,,,,,,,,,,1,Regular Play,Ngero Kaanjuka Katua,389316.0,Left Center Midfield,35,Namibia,4980,['7c8d7a24-bfe0-4f10-aab5-f0a4b8316170'],44,,,,,,,,,,,,,,,,,,Namibia,4980,00:14:44.889,Ball Receipt*,
,,,,,,,,,,,,,,,,,,,,,,,,,196abe90-f0a5-43a9-8226-9b64088feef9,508,,"[68.1, 76.4]",3920417,14,,,,,,,,,,,,,,,,,,,,,,,,1,Regular Play,Ivan Kamberipa,103799.0,Right Back,35,Namibia,4980,['053caead-7fa6-4105-906d-9ed29a117a02'],48,,,,,,,,,,,,,,,,,,Namibia,4980,00:14:48.292,Ball Receipt*,
,,,,,,,,,,,,,,,,,,,,,,,,,3ff03fb7-9fdf-4bf3-9a52-0b6320127e0f,511,,"[83.2, 74.7]",3920417,14,,,,,,,,,,,,,,,,,,,,,,,,1,Regular Play,Deon Hotto Kavendji,64612.0,Left Midfield,35,Namibia,4980,['58265bba-9757-4945-baa5-690823d3cbee'],50,,,,,,,,,,,,,,,,,,Namibia,4980,00:14:50.332,Ball Receipt*,
,,,,,,,,,,,,,,,,,,,,,,,,,f82cc606-b22e-42d1-b6ef-a12d281881ca,514,,"[100.1, 71.6]",3920417,14,,,,,,,,,,,,,,,,,,,,,,,,1,Regular Play,Peter Shalulile,65723.0,Center Forward,35,Namibia,4980,['9928c52a-5f03-4d64-82f7-85121deb09a6'],53,,,,,,,,,,,,,,,,,,Namibia,4980,00:14:53.719,Ball Receipt*,
,,,,,,,,,,,,,,,,,,,,,,,,,7d930c21-9232-4f9e-bf4d-bbf4b70ade0d,517,,"[87.8, 70.5]",3920417,14,,,,,,,,,,,,,,,,,,,,,,,,1,Regular Play,Deon Hotto Kavendji,64612.0,Left Midfield,35,Namibia,4980,['88e2725b-c156-4871-bd14-ed9b8df7a35c'],54,,,,,,,,,,,,,,,,,,Namibia,4980,00:14:54.987,Ball Receipt*,
,,,,,,,,,,,,,,,,,,,,,,,,,7f115dbe-ec0f-4f1c-b03b-ccdb63b79274,521,,"[91.4, 53.9]",3920417,14,,,,,,,,,,,,,,,,,,,,,,,,1,Regular Play,Ngero Kaanjuka Katua,389316.0,Left Center Midfield,35,Namibia,4980,['f9c8d8e2-9da1-4e12-8976-391c707855f8'],57,,,,,,,,,,,,,,,,,,Namibia,4980,00:14:57.492,Ball Receipt*,
,,,,,,,,,,,,,,,,,,,,,,,,,cc2bb185-640f-4aa5-9877-bff640410738,524,,"[91.8, 11.7]",3920417,15,,,,,,,,,,,,,,,,,,,,,,,,1,Regular Play,Riaan Hanamub,65555.0,Left Back,35,Namibia,4980,['1be0defe-a02e-4c4a-9a27-3ddaf4d6077d'],1,,,,,,,,,,,,,,,,,,Namibia,4980,00:15:01.774,Ball Receipt*,
,,,,,,,,,,,,,,,,,,,,,,,,,2b92654d-de94-41ef-aa1a-5564a77a0f0d,528,,"[108.1, 27.8]",3920417,15,,,,,,,,,,,,,,,,,,,,,,,,1,Regular Play,Prins Menelik Tjiueza,103803.0,Right Center Midfield,35,Namibia,4980,['164d6571-a3f9-4f15-9ac2-09264ad1ce18'],6,,,,,,,,,,,,,,,,,,Namibia,4980,00:15:06.113,Ball Receipt*,
Incomplete,,,,,,,,,,,,,,,,,,,,,,,,,10ab3ed2-33a6-46ad-931d-c23708c5cb2d,535,,"[77.3, 21.0]",3920417,15,,,,,,,,,,,,,,,,,,,,,,,,1,From Free Kick,Lassine Sinayoko,105182.0,Left Center Forward,36,Mali,4930,['9f8f2a9e-d0e3-4480-a271-9ea1a88592c2'],56,,,,,,,,,,,,,,,,,,Mali,4930,00:15:56.309,Ball Receipt*,
Incomplete,,,,,,,,,,,,,,,,,,,,,,,,,3d50d461-3a32-4126-af67-2e71162322a4,538,,"[55.4, 54.9]",3920417,15,,,,,,,,,,,,,,,,,,,,,,,,1,From Free Kick,Deon Hotto Kavendji,64612.0,Left Midfield,36,Mali,4930,['28071c5f-6e7c-4ecf-8602-611cf4c52fbb'],56,,,,,,,,,,,,,,,,,,Namibia,4980,00:15:56.471,Ball Receipt*,
Incomplete,,,,,,,,,,,,,,,,,,,,,,,,,f4a68092-7571-4068-9689-62333f1cd07d,541,,"[71.4, 13.8]",3920417,16,,,,,,,,,,,,,,,,,,,,,,,,1,From Free Kick,Moussa Diarra,32952.0,Left Back,36,Mali,4930,['56d36e93-0d58-4f29-b83e-10b2aa2be5ef'],1,,,,,,,,,,,,,,,,,,Mali,4930,00:16:01.293,Ball Receipt*,
,,,,,,,,,,,,,,,,,,,,,,,,,b073f055-9593-45cb-9e3a-8e22ed90c9e0,545,,"[85.7, 69.7]",3920417,16,,,,,,,,,,,,,,,,,,,,,,,,1,Regular Play,Deon Hotto Kavendji,64612.0,Left Midfield,37,Namibia,4980,['a0f0927e-c067-4760-8944-cb23861a69c2'],6,,,,,,,,,,,,,,,,,,Namibia,4980,00:16:06.839,Ball Receipt*,
,,,,,,,,,,,,,,,,,,,,,,,,,e25ade72-17f7-49b5-881f-e823cebabfc6,549,,"[82.5, 61.1]",3920417,16,,,,,,,,,,,,,,,,,,,,,,,,1,Regular Play,Aprocious Petrus,136406.0,Center Defensive Midfield,37,Namibia,4980,['6b310e7e-14af-476c-8685-4d3f166f2690'],8,,,,,,,,,,,,,,,,,,Namibia,4980,00:16:08.912,Ball Receipt*,
,,,,,,,,,,,,,,,,,,,,,,,,,29f95848-2a04-48a0-8529-98510659319a,552,,"[85.1, 5.5]",3920417,16,,,,,,,,,,,,,,,,,,,,,,,,1,Regular Play,Riaan Hanamub,65555.0,Left Back,37,Namibia,4980,['875964c9-d089-4d9a-b8cb-0a462a7f39ac'],13,,,,,,,,,,,,,,,,,,Namibia,4980,00:16:13.277,Ball Receipt*,
,,,,,,,,,,,,,,,,,,,,,,,,,dd034e91-3f79-402b-8e3d-87d6c2c79365,556,,"[77.5, 11.0]",3920417,16,,,,,,,,,,,,,,,,,,,,,,,,1,Regular Play,Aprocious Petrus,136406.0,Center Defensive Midfield,37,Namibia,4980,['447c6ef4-b2dc-4df4-b4b4-3d451408d3fb'],19,,,,,,,,,,,,,,,,,,Namibia,4980,00:16:19.335,Ball Receipt*,
,,,,,,,,,,,,,,,,,,,,,,,,,3ab8d682-5993-4123-8fa6-7f3347ac3596,560,,"[56.8, 9.1]",3920417,16,,,,,,,,,,,,,,,,,,,,,,,,1,Regular Play,Lubeni Haukongo,135004.0,Left Center Back,37,Namibia,4980,['85ea79d7-757e-422c-94f2-4601261c25f6'],22,,,,,,,,,,,,,,,,,,Namibia,4980,00:16:22.115,Ball Receipt*,
,,,,,,,,,,,,,,,,,,,,,,,,,37f8b4d1-030f-44ce-a967-48b01a4f6a50,563,,"[34.3, 21.3]",3920417,16,,,,,,,,,,,,,,,,,,,,,,,,1,Regular Play,Lloyd Junior Kazapua,125324.0,Goalkeeper,37,Namibia,4980,['a30f4a7c-06a0-4a9a-867a-cd491e067789'],26,,,,,,,,,,,,,,,,,,Namibia,4980,00:16:26.275,Ball Receipt*,
,,,,,,,,,,,,,,,,,,,,,,,,,f2160663-f6bc-4e1f-96ea-d546ae0e74f5,566,,"[47.2, 10.5]",3920417,16,,,,,,,,,,,,,,,,,,,,,,,,1,Regular Play,Lubeni Haukongo,135004.0,Left Center Back,37,Namibia,4980,['38096b40-997f-489a-84e6-e05b1609c93d'],27,,,,,,,,,,,,,,,,,,Namibia,4980,00:16:27.874,Ball Receipt*,
,,,,,,,,,,,,,,,,,,,,,,,,,d3933758-e2ac-4aaf-b14c-735a76514eb9,569,,"[85.6, 60.6]",3920417,16,,,,,,,,,,,,,,,,,,,,,,,,1,Regular Play,Deon Hotto Kavendji,64612.0,Left Midfield,37,Namibia,4980,['42196083-291e-4ced-b7bd-c4172e5d3f22'],32,,,,,,,,,,,,,,,,,,Namibia,4980,00:16:32.802,Ball Receipt*,
Incomplete,,,,,,,,,,,,,,,,,,,,,,,,,1e799e75-4c85-4fa6-bd73-57d3a443b4c9,572,,"[100.6, 42.7]",3920417,16,,,,,,,,,,,,,,,,,,,,,,,,1,Regular Play,Peter Shalulile,65723.0,Center Forward,37,Namibia,4980,['1753c323-4d3d-4baa-9cce-03a0c8a531dc'],33,,,,,,,,,,,,,,,,,,Namibia,4980,00:16:33.898,Ball Receipt*,
Incomplete,,,,,,,,,,,,,,,,,,,,,,,,,419db36f-5cfa-4c86-8e34-1605b313d72e,574,,"[34.5, 38.4]",3920417,16,,,,,,,,,,,,,,,,,,,,,,,,1,Regular Play,Yves Bissouma,4385.0,Left Defensive Midfield,37,Namibia,4980,['7b8ca0b8-aca0-4a11-b4e4-8db6e54ebe46'],36,,,,,,,,,,,,,,,,,,Mali,4930,00:16:36.442,Ball Receipt*,
,,,,,,,,,,,,,,,,,,,,,,,,,04795bcf-84af-4660-8ca9-167baeb5b2b8,576,,"[70.0, 66.4]",3920417,16,,,,,,,,,,,,,,,,,,,,,,,,1,Regular Play,Ivan Kamberipa,103799.0,Right Back,37,Namibia,4980,['ca17629b-c622-4c12-bcea-6f8dee365c44'],38,,,,,,,,,,,,,,,,,,Namibia,4980,00:16:38.223,Ball Receipt*,
,,,,,,,,,,,,,,,,,,,,,,,,,ee78f126-e189-47d6-90db-51fc485790b5,580,,"[90.9, 77.0]",3920417,16,,,,,,,,,,,,,,,,,,,,,,,,1,Regular Play,Deon Hotto Kavendji,64612.0,Left Midfield,37,Namibia,4980,"['054ca340-570d-4a13-a895-5ae6ee5a88c8', 'b295fe27-a8b7-4dfd-af07-5f06b35e04e5']",41,,,,,,,,,,,,,,,,,,Namibia,4980,00:16:41.452,Ball Receipt*,True
Incomplete,,,,,,,,,,,,,,,,,,,,,,,,,3624bf49-e7fd-4a9f-957b-15463bca3409,585,,"[112.9, 35.8]",3920417,17,,,,,,,,,,,,,,,,,,,,,,,,1,From Free Kick,Muzeu Bethuel,389319.0,Right Midfield,38,Namibia,4980,['5c33fc5e-15b7-4a9d-b399-5a2c55209dc3'],25,,,,,,,,,,,,,,,,,,Namibia,4980,00:17:25.960,Ball Receipt*,
,,,,,,,,,,,,,,,,,,,,,,,,,c4f47ee3-204a-46d8-b8e5-a9e06d6658f2,594,,"[35.8, 12.0]",3920417,17,,,,,,,,,,,,,,,,,,,,,,,,1,From Free Kick,Moussa Diarra,32952.0,Left Back,40,Mali,4930,['28b27846-0bac-4ad6-8c85-f412269bee40'],59,,,,,,,,,,,,,,,,,,Mali,4930,00:17:59.544,Ball Receipt*,
,,,,,,,,,,,,,,,,,,,,,,,,,513c0c7d-9c29-431a-8336-2d0ca2a87654,597,,"[28.4, 20.1]",3920417,18,,,,,,,,,,,,,,,,,,,,,,,,1,From Free Kick,Sikou Niakate,7295.0,Left Center Back,40,Mali,4930,['bc82512c-8fcc-48db-a5b5-aeff08b8887d'],4,,,,,,,,,,,,,,,,,,Mali,4930,00:18:04.300,Ball Receipt*,
,,,,,,,,,,,,,,,,,,,,,,,,,d94d5a4d-766b-413f-906a-111ff889cc46,600,,"[28.7, 59.5]",3920417,18,,,,,,,,,,,,,,,,,,,,,,,,1,From Free Kick,Boubakar Kouyate,23331.0,Right Center Back,40,Mali,4930,['90d9a911-c999-4e92-92b7-d8211f0ad488'],7,,,,,,,,,,,,,,,,,,Mali,4930,00:18:07.574,Ball Receipt*,
,,,,,,,,,,,,,,,,,,,,,,,,,1b93d3be-0bd2-4d19-ba36-52a4dcf9d97a,603,,"[41.5, 73.1]",3920417,18,,,,,,,,,,,,,,,,,,,,,,,,1,From Free Kick,Hamari Traoré,3248.0,Right Back,40,Mali,4930,['5918e1b4-9e13-4aa0-8c96-a1a8ea308313'],10,,,,,,,,,,,,,,,,,,Mali,4930,00:18:10.341,Ball Receipt*,
,,,,,,,,,,,,,,,,,,,,,,,,,e737633d-49fd-4632-9d15-45705ac9af59,607,,"[13.6, 43.7]",3920417,18,,,,,,,,,,,,,,,,,,,,,,,,1,From Free Kick,Djigui Diarra,102992.0,Goalkeeper,40,Mali,4930,['51f3b1f9-3fd2-4f14-b745-8712dfe590a3'],14,,,,,,,,,,,,,,,,,,Mali,4930,00:18:14.246,Ball Receipt*,
,,,,,,,,,,,,,,,,,,,,,,,,,e8609f65-87c6-4262-81b0-21bca294b96d,610,,"[22.0, 26.0]",3920417,18,,,,,,,,,,,,,,,,,,,,,,,,1,From Free Kick,Sikou Niakate,7295.0,Left Center Back,40,Mali,4930,['89172efd-461d-4b6e-a54a-3ff84223f706'],18,,,,,,,,,,,,,,,,,,Mali,4930,00:18:18.063,Ball Receipt*,
Incomplete,,,,,,,,,,,,,,,,,,,,,,,,,3f434588-2b2e-464e-aa48-cff0bdaa3caf,613,,"[74.0, 39.9]",3920417,18,,,,,,,,,,,,,,,,,,,,,,,,1,From Free Kick,Lassine Sinayoko,105182.0,Left Center Forward,40,Mali,4930,['e5a60360-5ad5-46fa-b455-9d357f6f4986'],22,,,,,,,,,,,,,,,,,,Mali,4930,00:18:22.298,Ball Receipt*,
,,,,,,,,,,,,,,,,,,,,,,,,,ff792606-4e51-4b8f-bffd-e5a464d6cf5d,615,,"[63.6, 33.8]",3920417,18,,,,,,,,,,,,,,,,,,,,,,,,1,Regular Play,Ngero Kaanjuka Katua,389316.0,Left Center Midfield,41,Namibia,4980,['1b2d64f1-8f7a-4dcf-840b-f04d2d30ed12'],23,,,,,,,,,,,,,,,,,,Namibia,4980,00:18:23.378,Ball Receipt*,
,,,,,,,,,,,,,,,,,,,,,,,,,c72292e0-9572-47e5-9326-d64f0640a181,619,,"[70.3, 26.6]",3920417,18,,,,,,,,,,,,,,,,,,,,,,,,1,Regular Play,Muzeu Bethuel,389319.0,Right Midfield,41,Namibia,4980,['5c5f86d0-7559-45de-b67b-60921fad6b9b'],24,,,,,,,,,,,,,,,,,,Namibia,4980,00:18:24.619,Ball Receipt*,
,,,,,,,,,,,,,,,,,,,,,,,,,d81a248f-4cf1-4dfe-b058-d3bfd43bc8fc,622,,"[75.9, 39.9]",3920417,18,,,,,,,,,,,,,,,,,,,,,,,,1,Regular Play,Prins Menelik Tjiueza,103803.0,Right Center Midfield,41,Namibia,4980,['c8908e8c-a712-4e1c-b561-1463201adc86'],25,,,,,,,,,,,,,,,,,,Namibia,4980,00:18:25.516,Ball Receipt*,
,,,,,,,,,,,,,,,,,,,,,,,,,3da330ea-326d-418c-b0df-e5ebeb55dd10,625,,"[85.9, 68.6]",3920417,18,,,,,,,,,,,,,,,,,,,,,,,,1,Regular Play,Deon Hotto Kavendji,64612.0,Left Midfield,41,Namibia,4980,['67d81472-98b3-47b2-bae5-ae9832872e8a'],28,,,,,,,,,,,,,,,,,,Namibia,4980,00:18:28.424,Ball Receipt*,
,,,,,,,,,,,,,,,,,,,,,,,,,0949f0f6-27ce-42b0-9b0d-50cb08fd3a47,628,,"[112.5, 71.6]",3920417,18,,,,,,,,,,,,,,,,,,,,,,,,1,Regular Play,Ivan Kamberipa,103799.0,Right Back,41,Namibia,4980,['afdbfcee-2e94-4c7d-b163-0fc523d31cca'],33,,,,,,,,,,,,,,,,,,Namibia,4980,00:18:33.641,Ball Receipt*,
Incomplete,,,,,,,,,,,,,,,,,,,,,,,,,5db84b27-55b5-4af8-bd69-53f298860076,631,,"[114.5, 33.8]",3920417,18,,,,,,,,,,,,,,,,,,,,,,,,1,Regular Play,Peter Shalulile,65723.0,Center Forward,41,Namibia,4980,['53e86f63-ef59-43a5-a63e-9636baa44b53'],34,,,,,,,,,,,,,,,,,,Namibia,4980,00:18:34.537,Ball Receipt*,
Incomplete,,,,,,,,,,,,,,,,,,,,,,,,,40e1740c-7cfe-4d22-adf2-19935de5ffd5,644,,"[84.7, 11.2]",3920417,19,,,,,,,,,,,,,,,,,,,,,,,,1,From Free Kick,Lassine Sinayoko,105182.0,Left Center Forward,42,Mali,4930,['467ef227-6017-4b0c-b3fe-760ff60714bc'],13,,,,,,,,,,,,,,,,,,Mali,4930,00:19:13.929,Ball Receipt*,
,,,,,,,,,,,,,,,,,,,,,,,,,a2e36041-964b-4fbf-83b1-b417b0bf5968,647,,"[56.8, 66.6]",3920417,19,,,,,,,,,,,,,,,,,,,,,,,,1,Regular Play,Deon Hotto Kavendji,64612.0,Left Midfield,43,Namibia,4980,['e8c4ab89-2d2a-4c01-b73b-be32ce4e072b'],15,,,,,,,,,,,,,,,,,,Namibia,4980,00:19:15.113,Ball Receipt*,
,,,,,,,,,,,,,,,,,,,,,,,,,ac5f9d75-98e2-412a-b743-631ab9c24bb7,650,,"[91.4, 63.6]",3920417,19,,,,,,,,,,,,,,,,,,,,,,,,1,Regular Play,Peter Shalulile,65723.0,Center Forward,43,Namibia,4980,['16c48a8d-dace-49b8-9201-8fb349c430b3'],18,,,,,,,,,,,,,,,,,,Namibia,4980,00:19:18.828,Ball Receipt*,
Incomplete,,,,,,,,,,,,,,,,,,,,,,,,,8627f639-323c-49d5-955b-dd2c597e97a3,653,,"[110.6, 36.6]",3920417,19,,,,,,,,,,,,,,,,,,,,,,,,1,Regular Play,Muzeu Bethuel,389319.0,Right Midfield,43,Namibia,4980,['1fae2e9c-d349-4da0-becc-7f635c8a6021'],22,,,,,,,,,,,,,,,,,,Namibia,4980,00:19:22.336,Ball Receipt*,
Incomplete,,,,,,,,,,,,,,,,,,,,,,,,,fd14962f-0892-4060-a97e-3b18ab33a4fa,658,,"[114.0, 41.1]",3920417,19,,,,,,,,,,,,,,,,,,,,,,,,1,Regular Play,Muzeu Bethuel,389319.0,Right Midfield,43,Namibia,4980,['b312144b-56ed-46e0-aa54-129e77e07673'],28,,,,,,,,,,,,,,,,,,Namibia,4980,00:19:28.683,Ball Receipt*,
,,,,,,,,,,,,,,,,,,,,,,,,,adc69991-cb1b-4e25-bad1-e13d7eda94bc,660,,"[12.0, 29.3]",3920417,20,,,,,,,,,,,,,,,,,,,,,,,,1,From Goal Kick,Sikou Niakate,7295.0,Left Center Back,44,Mali,4930,['428fd1e1-08d3-4bb3-b9ef-4c0dcb35ac21'],6,,,,,,,,,,,,,,,,,,Mali,4930,00:20:06.389,Ball Receipt*,
,,,,,,,,,,,,,,,,,,,,,,,,,774da669-0f5d-4b89-ab89-a661ba6b82d7,662,,"[8.4, 33.4]",3920417,20,,,,,,,,,,,,,,,,,,,,,,,,1,From Goal Kick,Djigui Diarra,102992.0,Goalkeeper,44,Mali,4930,['cbe08f74-1095-40e5-8082-0b8cfd858ae8'],8,,,,,,,,,,,,,,,,,,Mali,4930,00:20:08.471,Ball Receipt*,
,,,,,,,,,,,,,,,,,,,,,,,,,c7a60d0f-e7e9-4092-a80b-848b6855ce56,665,,"[35.1, 5.1]",3920417,20,,,,,,,,,,,,,,,,,,,,,,,,1,From Goal Kick,Moussa Diarra,32952.0,Left Back,44,Mali,4930,['29062595-49d4-4b28-bb23-83066c7436c4'],17,,,,,,,,,,,,,,,,,,Mali,4930,00:20:17.812,Ball Receipt*,
,,,,,,,,,,,,,,,,,,,,,,,,,bac5a945-0bfa-4dc3-a85f-f9b9e4f3095d,669,,"[53.4, 22.9]",3920417,20,,,,,,,,,,,,,,,,,,,,,,,,1,From Goal Kick,Yves Bissouma,4385.0,Left Defensive Midfield,44,Mali,4930,['ae1f334b-68b4-4a33-b93d-b0354ccab760'],24,,,,,,,,,,,,,,,,,,Mali,4930,00:20:24.909,Ball Receipt*,
,,,,,,,,,,,,,,,,,,,,,,,,,be7fb108-fead-41a8-b16b-71d03c3ae76f,672,,"[55.8, 66.5]",3920417,20,,,,,,,,,,,,,,,,,,,,,,,,1,From Goal Kick,Hamari Traoré,3248.0,Right Back,44,Mali,4930,['cf8cee91-9ce5-4de4-83c3-099e3edd2b74'],28,,,,,,,,,,,,,,,,,,Mali,4930,00:20:28.385,Ball Receipt*,
,,,,,,,,,,,,,,,,,,,,,,,,,d13dab09-e4c4-46f7-b543-98cc87fd2470,675,,"[78.6, 77.1]",3920417,20,,,,,,,,,,,,,,,,,,,,,,,,1,From Goal Kick,Fousseni Diabaté,3710.0,Right Midfield,44,Mali,4930,['7e3e0543-b5a2-43cb-ad75-1a610e8119d8'],30,,,,,,,,,,,,,,,,,,Mali,4930,00:20:30.719,Ball Receipt*,
,,,,,,,,,,,,,,,,,,,,,,,,,1f5ffceb-0426-4e1e-bf2f-88fca1b4fd20,687,,"[114.0, 71.2]",3920417,21,,,,,,,,,,,,,,,,,,,,,,,,1,From Throw In,Fousseni Diabaté,3710.0,Right Midfield,45,Mali,4930,"['440ef5d1-3dd7-4da0-91da-87c7e0e6cf19', '3435f6aa-c666-4ba3-9b25-bad77ab10c82']",2,,,,,,,,,,,,,,,,,,Mali,4930,00:21:02.926,Ball Receipt*,True
,,,,,,,,,,,,,,,,,,,,,,,,,a3fd49ac-49ad-47e1-b3bb-d01323051a67,690,,"[109.7, 76.2]",3920417,21,,,,,,,,,,,,,,,,,,,,,,,,1,From Throw In,Hamari Traoré,3248.0,Right Back,45,Mali,4930,['2208d114-11ad-4006-96ba-c5d088452ea1'],4,,,,,,,,,,,,,,,,,,Mali,4930,00:21:04.151,Ball Receipt*,
,,,,,,,,,,,,,,,,,,,,,,,,,3c335541-02bb-47a9-9999-acd4873d787a,693,,"[83.9, 74.9]",3920417,21,,,,,,,,,,,,,,,,,,,,,,,,1,From Throw In,Aliou Dieng,67714.0,Right Defensive Midfield,45,Mali,4930,['95a6c0f3-0965-4bb8-a50c-495a7be35eb6'],6,,,,,,,,,,,,,,,,,,Mali,4930,00:21:06.293,Ball Receipt*,
,,,,,,,,,,,,,,,,,,,,,,,,,19919a2a-48bf-4c2f-a2ae-7fcca5c30447,696,,"[64.4, 64.0]",3920417,21,,,,,,,,,,,,,,,,,,,,,,,,1,From Throw In,Boubakar Kouyate,23331.0,Right Center Back,45,Mali,4930,['7171537c-69c9-40b9-8b1d-2de276326f56'],9,,,,,,,,,,,,,,,,,,Mali,4930,00:21:09.582,Ball Receipt*,
,,,,,,,,,,,,,,,,,,,,,,,,,55f390c0-2e42-4658-8e10-e09d124ada18,699,,"[90.6, 75.2]",3920417,21,,,,,,,,,,,,,,,,,,,,,,,,1,From Throw In,Hamari Traoré,3248.0,Right Back,45,Mali,4930,['cbb93fbe-355c-4b26-b762-81e8165a35b2'],13,,,,,,,,,,,,,,,,,,Mali,4930,00:21:13.742,Ball Receipt*,
,,,,,,,,,,,,,,,,,,,,,,,,,529743a3-44a3-4922-8f0f-8f295a1653b9,702,,"[91.7, 64.8]",3920417,21,,,,,,,,,,,,,,,,,,,,,,,,1,From Throw In,Fousseni Diabaté,3710.0,Right Midfield,45,Mali,4930,['39455b5a-b6c4-4900-9169-b05121bd3385'],16,,,,,,,,,,,,,,,,,,Mali,4930,00:21:16.005,Ball Receipt*,
,,,,,,,,,,,,,,,,,,,,,,,,,4f8dc5d5-1474-437e-aea1-f9abdde6d5dd,705,,"[104.8, 73.7]",3920417,21,,,,,,,,,,,,,,,,,,,,,,,,1,From Throw In,Hamari Traoré,3248.0,Right Back,45,Mali,4930,['a4ff2c0f-abd3-4cb3-82cc-864a25ece56b'],17,,,,,,,,,,,,,,,,,,Mali,4930,00:21:17.397,Ball Receipt*,
Incomplete,,,,,,,,,,,,,,,,,,,,,,,,,8bfda640-042b-4c80-b534-d10c36ecc82d,707,,"[110.3, 42.3]",3920417,21,,,,,,,,,,,,,,,,,,,,,,,,1,From Throw In,Lassine Sinayoko,105182.0,Left Center Forward,45,Mali,4930,['4a85ac34-0da5-4a72-9288-4688127fc97b'],18,,,,,,,,,,,,,,,,,,Mali,4930,00:21:18.229,Ball Receipt*,
,,,,,,,,,,,,,,,,,,,,,,,,,0dffb173-5f46-4676-8c6d-8a745a169673,710,,"[105.6, 76.8]",3920417,22,,,,,,,,,,,,,,,,,,,,,,,,1,From Corner,Nene Dorgeles,199653.0,Left Midfield,46,Mali,4930,['1f08d065-483f-4b28-b34b-9e17764ac1aa'],8,,,,,,,,,,,,,,,,,,Mali,4930,00:22:08.828,Ball Receipt*,
Incomplete,,,,,,,,,,,,,,,,,,,,,,,,,bdbe3498-e8d7-49cc-b790-23d44204c079,713,,"[112.6, 41.0]",3920417,22,,,,,,,,,,,,,,,,,,,,,,,,1,From Corner,Youssoufou Niakaté,51750.0,Right Center Forward,46,Mali,4930,['0be5d717-8af8-40b8-83a3-be912cdac9fa'],12,,,,,,,,,,,,,,,,,,Mali,4930,00:22:12.463,Ball Receipt*,
Incomplete,,,,,,,,,,,,,,,,,,,,,,,,,695e09d1-bfa9-4f2e-a997-5bef11806960,717,,"[63.7, 16.3]",3920417,22,,,,,,,,,,,,,,,,,,,,,,,,1,From Corner,Muzeu Bethuel,389319.0,Right Midfield,46,Mali,4930,['690e25d4-cb25-40e5-94dd-a51530eb7642'],20,,,,,,,,,,,,,,,,,,Namibia,4980,00:22:20.074,Ball Receipt*,
,,,,,,,,,,,,,,,,,,,,,,,,,c18561b2-29b3-445c-a794-5084fc323e4f,721,,"[43.7, 19.6]",3920417,22,,,,,,,,,,,,,,,,,,,,,,,,1,From Corner,Moussa Diarra,32952.0,Left Back,46,Mali,4930,['bf6dd7ef-aa25-4d8d-9bff-06017efe1cdb'],24,,,,,,,,,,,,,,,,,,Mali,4930,00:22:24.483,Ball Receipt*,
,,,,,,,,,,,,,,,,,,,,,,,,,12b3004f-f854-4792-98c0-6002a08e20de,724,,"[57.5, 27.9]",3920417,22,,,,,,,,,,,,,,,,,,,,,,,,1,From Corner,Yves Bissouma,4385.0,Left Defensive Midfield,46,Mali,4930,['b69312dc-4dfe-492d-b660-259c0403fe39'],26,,,,,,,,,,,,,,,,,,Mali,4930,00:22:26.886,Ball Receipt*,
,,,,,,,,,,,,,,,,,,,,,,,,,d343aa54-1ba1-49ff-8237-15f8feb233a6,728,,"[48.9, 10.6]",3920417,22,,,,,,,,,,,,,,,,,,,,,,,,1,From Corner,Moussa Diarra,32952.0,Left Back,46,Mali,4930,['fa4b7ea6-692e-4d8e-aaeb-e4780077f599'],29,,,,,,,,,,,,,,,,,,Mali,4930,00:22:29.766,Ball Receipt*,
,,,,,,,,,,,,,,,,,,,,,,,,,eb0985d4-7273-4a5b-962f-2feb18eec183,731,,"[41.7, 24.1]",3920417,22,,,,,,,,,,,,,,,,,,,,,,,,1,From Corner,Aliou Dieng,67714.0,Right Defensive Midfield,46,Mali,4930,['6969ca66-641c-44e3-a160-f2d00bd770f4'],32,,,,,,,,,,,,,,,,,,Mali,4930,00:22:32.145,Ball Receipt*,
,,,,,,,,,,,,,,,,,,,,,,,,,7eb9c663-8ac1-4419-b05c-60378ad0586b,734,,"[39.0, 59.3]",3920417,22,,,,,,,,,,,,,,,,,,,,,,,,1,From Corner,Boubakar Kouyate,23331.0,Right Center Back,46,Mali,4930,['532254dd-781a-48a1-b9de-58e77efba128'],35,,,,,,,,,,,,,,,,,,Mali,4930,00:22:35.166,Ball Receipt*,
,,,,,,,,,,,,,,,,,,,,,,,,,6fcf32e3-52a9-4715-8dad-22cdd9b424b9,737,,"[35.0, 17.1]",3920417,22,,,,,,,,,,,,,,,,,,,,,,,,1,From Corner,Sikou Niakate,7295.0,Left Center Back,46,Mali,4930,['ac74a77a-de8b-4bae-93c6-6f3327172f3a'],39,,,,,,,,,,,,,,,,,,Mali,4930,00:22:39.564,Ball Receipt*,
,,,,,,,,,,,,,,,,,,,,,,,,,c3368f2a-53b3-4c99-83c4-1562c176d15e,740,,"[46.4, 7.7]",3920417,22,,,,,,,,,,,,,,,,,,,,,,,,1,From Corner,Moussa Diarra,32952.0,Left Back,46,Mali,4930,['12b3dace-513c-4389-b873-0c33d04883fe'],44,,,,,,,,,,,,,,,,,,Mali,4930,00:22:44.577,Ball Receipt*,
Incomplete,,,,,,,,,,,,,,,,,,,,,,,,,ec3d83a5-a05b-482b-a351-3c7bf85f1fc6,743,,"[61.2, 19.5]",3920417,22,,,,,,,,,,,,,,,,,,,,,,,,1,From Corner,Lassine Sinayoko,105182.0,Left Center Forward,46,Mali,4930,['f1f7ca9b-8c4f-4781-922b-f15905aa0ef6'],46,,,,,,,,,,,,,,,,,,Mali,4930,00:22:46.915,Ball Receipt*,
,,,,,,,,,,,,,,,,,,,,,,,,,c7f8eca3-6428-4d1e-8daf-46879560c2df,746,,"[73.1, 24.3]",3920417,23,,,,,,,,,,,,,,,,,,,,,,,,1,From Throw In,Youssoufou Niakaté,51750.0,Right Center Forward,47,Mali,4930,['9891b4f9-6aec-493b-a6d1-fe1252f1bf3d'],5,,,,,,,,,,,,,,,,,,Mali,4930,00:23:05.115,Ball Receipt*,
,,,,,,,,,,,,,,,,,,,,,,,,,ff6a8012-ed35-4c9f-8da5-6678b3e5bde4,752,,"[70.8, 17.4]",3920417,23,,,,,,,,,,,,,,,,,,,,,,,,1,From Free Kick,Yves Bissouma,4385.0,Left Defensive Midfield,48,Mali,4930,['0ea620fe-1c42-4132-8560-102720ea74a0'],22,,,,,,,,,,,,,,,,,,Mali,4930,00:23:22.393,Ball Receipt*,
,,,,,,,,,,,,,,,,,,,,,,,,,0e2e2114-c26b-4dcd-84df-b8b32ed0bd7d,754,,"[55.8, 46.5]",3920417,23,,,,,,,,,,,,,,,,,,,,,,,,1,From Free Kick,Boubakar Kouyate,23331.0,Right Center Back,48,Mali,4930,['9e3bc442-cd8a-4782-a761-40f1809063b5'],24,,,,,,,,,,,,,,,,,,Mali,4930,00:23:24.818,Ball Receipt*,
,,,,,,,,,,,,,,,,,,,,,,,,,e198b58b-f822-4b9b-a8b0-08110a95c279,757,,"[55.1, 65.4]",3920417,23,,,,,,,,,,,,,,,,,,,,,,,,1,From Free Kick,Aliou Dieng,67714.0,Right Defensive Midfield,48,Mali,4930,['83018622-97f3-475b-88da-a4ba7e132d8a'],27,,,,,,,,,,,,,,,,,,Mali,4930,00:23:27.191,Ball Receipt*,
,,,,,,,,,,,,,,,,,,,,,,,,,d592f2b5-18d5-4ad8-9989-764b534a65fe,760,,"[72.5, 76.5]",3920417,23,,,,,,,,,,,,,,,,,,,,,,,,1,From Free Kick,Fousseni Diabaté,3710.0,Right Midfield,48,Mali,4930,['c18e6e8d-7079-49a7-b0c3-85c264400714'],29,,,,,,,,,,,,,,,,,,Mali,4930,00:23:29.314,Ball Receipt*,
Incomplete,,,,,,,,,,,,,,,,,,,,,,,,,54be2ef6-aaad-4b61-8f91-c40d7a13de22,764,,"[112.2, 40.4]",3920417,23,,,,,,,,,,,,,,,,,,,,,,,,1,From Free Kick,Lassine Sinayoko,105182.0,Left Center Forward,48,Mali,4930,['7101908b-8ff3-4917-b82c-34d9554f2d8b'],37,,,,,,,,,,,,,,,,,,Mali,4930,00:23:37.355,Ball Receipt*,
Incomplete,,,,,,,,,,,,,,,,,,,,,,,,,05c27558-0991-4ae8-84d0-bcc709de5075,767,,"[96.1, 43.1]",3920417,24,,,,,,,,,,,,,,,,,,,,,,,,1,From Free Kick,Peter Shalulile,65723.0,Center Forward,48,Mali,4930,['fc0d68a7-8488-4423-bca1-16caeb76cf8e'],3,,,,,,,,,,,,,,,,,,Namibia,4980,00:24:03.906,Ball Receipt*,
,,,,,,,,,,,,,,,,,,,,,,,,,d94cfc63-c84a-4ef1-b467-b3d75d48945f,769,,"[35.4, 13.1]",3920417,24,,,,,,,,,,,,,,,,,,,,,,,,1,From Free Kick,Moussa Diarra,32952.0,Left Back,48,Mali,4930,['fd35debf-4124-4566-9b7e-42d2d9ed6c1c'],5,,,,,,,,,,,,,,,,,,Mali,4930,00:24:05.169,Ball Receipt*,
,,,,,,,,,,,,,,,,,,,,,,,,,dfa51a39-ed21-48b4-8a38-e455db376d87,772,,"[24.0, 15.1]",3920417,24,,,,,,,,,,,,,,,,,,,,,,,,1,From Free Kick,Sikou Niakate,7295.0,Left Center Back,48,Mali,4930,['50760ef3-0a13-4e7b-8801-3bf63f1c67de'],6,,,,,,,,,,,,,,,,,,Mali,4930,00:24:06.903,Ball Receipt*,
,,,,,,,,,,,,,,,,,,,,,,,,,68360ada-566d-4645-836b-c33eccba0c51,776,,"[55.4, 17.4]",3920417,24,,,,,,,,,,,,,,,,,,,,,,,,1,From Free Kick,Youssoufou Niakaté,51750.0,Right Center Forward,48,Mali,4930,"['83e952f5-f9a1-4f1b-af1e-e2a067f3896a', 'c9d2865a-1db4-4fe0-a456-20ba56bb8f3f']",8,,,,,,,,,,,,,,,,,,Mali,4930,00:24:08.272,Ball Receipt*,True
,,,,,,,,,,,,,,,,,,,,,,,,,e404599f-4729-41d1-a9e6-e52eeaea3bc3,784,,"[67.5, 67.5]",3920417,24,,,,,,,,,,,,,,,,,,,,,,,,1,Regular Play,Deon Hotto Kavendji,64612.0,Left Midfield,49,Namibia,4980,"['0d308e5f-43d3-475a-ab91-9deae0c92978', 'a8eeacf0-42ef-4140-aa4a-53ea93e82cb6']",12,,,,,,,,,,,,,,,,,,Namibia,4980,00:24:12.648,Ball Receipt*,True
,,,,,,,,,,,,,,,,,,,,,,,,,99a28660-0f3b-481d-b56d-c44bdcde7128,787,,"[61.4, 74.7]",3920417,24,,,,,,,,,,,,,,,,,,,,,,,,1,Regular Play,Aprocious Petrus,136406.0,Center Defensive Midfield,49,Namibia,4980,['2be7ea3c-7be0-4c79-b28f-bb6a07246ece'],13,,,,,,,,,,,,,,,,,,Namibia,4980,00:24:13.889,Ball Receipt*,
,,,,,,,,,,,,,,,,,,,,,,,,,0b6ca705-3683-476d-bf39-bc6b9551723c,792,,"[72.0, 66.4]",3920417,24,,,,,,,,,,,,,,,,,,,,,,,,1,Regular Play,Prins Menelik Tjiueza,103803.0,Right Center Midfield,49,Namibia,4980,['161548f3-9c60-4b08-8015-76ebe0068d51'],14,,,,,,,,,,,,,,,,,,Namibia,4980,00:24:14.789,Ball Receipt*,
,,,,,,,,,,,,,,,,,,,,,,,,,48c2bdb2-9bcb-4a22-92da-ab3b8ef3eda4,796,,"[46.7, 20.7]",3920417,24,,,,,,,,,,,,,,,,,,,,,,,,1,Regular Play,Yves Bissouma,4385.0,Left Defensive Midfield,50,Mali,4930,['39343fd4-83bf-4a9a-8b49-fda37f0dc059'],17,,,,,,,,,,,,,,,,,,Mali,4930,00:24:17.164,Ball Receipt*,
,,,,,,,,,,,,,,,,,,,,,,,,,9854a6fd-7af9-4bda-9363-8ac0246801d6,798,,"[64.2, 7.7]",3920417,24,,,,,,,,,,,,,,,,,,,,,,,,1,Regular Play,Nene Dorgeles,199653.0,Left Midfield,50,Mali,4930,['dd8ede78-ed93-4d7e-ac48-0c40fcbf7c25'],19,,,,,,,,,,,,,,,,,,Mali,4930,00:24:19.577,Ball Receipt*,
Incomplete,,,,,,,,,,,,,,,,,,,,,,,,,e9fc805d-eb04-45b7-a84e-41d50f36f6f8,800,,"[98.4, 22.3]",3920417,24,,,,,,,,,,,,,,,,,,,,,,,,1,Regular Play,Youssoufou Niakaté,51750.0,Right Center Forward,50,Mali,4930,['aa5ef495-692e-47d7-9a47-cf1771a2b9fc'],23,,,,,,,,,,,,,,,,,,Mali,4930,00:24:23.607,Ball Receipt*,
,,,,,,,,,,,,,,,,,,,,,,,,,a6f282e2-67a8-4f61-b1b4-973ba1e20758,804,,"[64.7, 20.9]",3920417,24,,,,,,,,,,,,,,,,,,,,,,,,1,From Throw In,Aliou Dieng,67714.0,Right Defensive Midfield,51,Mali,4930,"['14172149-126b-4d8b-8caf-40182243d4d1', '95f1df4e-d91e-48ca-83fa-a3491f0ccdc7']",49,,,,,,,,,,,,,,,,,,Mali,4930,00:24:49.843,Ball Receipt*,True
,,,,,,,,,,,,,,,,,,,,,,,,,b919adda-0d43-4c54-9a4e-3c1b9a39453d,807,,"[48.6, 32.1]",3920417,24,,,,,,,,,,,,,,,,,,,,,,,,1,From Throw In,Boubakar Kouyate,23331.0,Right Center Back,51,Mali,4930,['ed07160a-781e-43ca-bd21-c109211ec58e'],51,,,,,,,,,,,,,,,,,,Mali,4930,00:24:51.434,Ball Receipt*,
,,,,,,,,,,,,,,,,,,,,,,,,,ba09ae3d-db27-4bc4-89c9-bd7db8aefe28,810,,"[72.2, 75.1]",3920417,24,,,,,,,,,,,,,,,,,,,,,,,,1,From Throw In,Fousseni Diabaté,3710.0,Right Midfield,51,Mali,4930,['85254b23-e6e4-4b45-b1dd-d7c4c3ed29ff'],56,,,,,,,,,,,,,,,,,,Mali,4930,00:24:56.565,Ball Receipt*,
,,,,,,,,,,,,,,,,,,,,,,,,,5a935cdc-4ea5-44d0-92c0-ce94bf412511,813,,"[72.5, 66.3]",3920417,24,,,,,,,,,,,,,,,,,,,,,,,,1,From Throw In,Aliou Dieng,67714.0,Right Defensive Midfield,51,Mali,4930,['7b4315d2-6507-4357-8bcf-28503c79f5e3'],59,,,,,,,,,,,,,,,,,,Mali,4930,00:24:59.820,Ball Receipt*,
,,,,,,,,,,,,,,,,,,,,,,,,,6982089e-288d-4ae2-9ad2-00b0c0c2223d,817,,"[78.7, 76.2]",3920417,25,,,,,,,,,,,,,,,,,,,,,,,,1,From Throw In,Fousseni Diabaté,3710.0,Right Midfield,51,Mali,4930,"['a506c77e-c190-4351-af98-7d2224199f6f', '8130bb43-0897-4aaf-b371-f12364c99ab5']",1,,,,,,,,,,,,,,,,,,Mali,4930,00:25:01.679,Ball Receipt*,True
,,,,,,,,,,,,,,,,,,,,,,,,,c62c76e0-cce3-4a14-81d8-3bf4ab17793f,820,,"[67.8, 71.8]",3920417,25,,,,,,,,,,,,,,,,,,,,,,,,1,From Throw In,Aliou Dieng,67714.0,Right Defensive Midfield,51,Mali,4930,['54015daf-8c98-4a73-86c4-739218d7c161'],3,,,,,,,,,,,,,,,,,,Mali,4930,00:25:03.533,Ball Receipt*,
,,,,,,,,,,,,,,,,,,,,,,,,,4b857a47-284e-4473-8dd2-1c0383f85b61,823,,"[70.4, 64.8]",3920417,25,,,,,,,,,,,,,,,,,,,,,,,,1,From Throw In,Hamari Traoré,3248.0,Right Back,51,Mali,4930,['a8f5f675-1439-4c21-a368-053140bfb89a'],7,,,,,,,,,,,,,,,,,,Mali,4930,00:25:07.492,Ball Receipt*,
,,,,,,,,,,,,,,,,,,,,,,,,,0b38a19e-fb20-4c66-a172-d5183c3e9875,826,,"[50.6, 69.0]",3920417,25,,,,,,,,,,,,,,,,,,,,,,,,1,From Throw In,Boubakar Kouyate,23331.0,Right Center Back,51,Mali,4930,['22e22e96-f7d0-4ffd-9cef-c493881c42b3'],8,,,,,,,,,,,,,,,,,,Mali,4930,00:25:08.994,Ball Receipt*,
,,,,,,,,,,,,,,,,,,,,,,,,,a830da94-fdde-4055-bb99-a367a8ea597b,830,,"[57.0, 59.0]",3920417,25,,,,,,,,,,,,,,,,,,,,,,,,1,From Throw In,Yves Bissouma,4385.0,Left Defensive Midfield,51,Mali,4930,"['b8842f70-2094-42ce-9e23-5ffc49d3b336', 'a5672252-911c-49f2-b2ad-4b547d6fab9d']",12,,,,,,,,,,,,,,,,,,Mali,4930,00:25:12.114,Ball Receipt*,True
,,,,,,,,,,,,,,,,,,,,,,,,,9a017c3c-ef01-4889-ab76-e39843ed8c9c,833,,"[48.6, 61.3]",3920417,25,,,,,,,,,,,,,,,,,,,,,,,,1,From Throw In,Boubakar Kouyate,23331.0,Right Center Back,51,Mali,4930,['93d6aef6-2fe4-474d-81eb-7dab0d64e445'],13,,,,,,,,,,,,,,,,,,Mali,4930,00:25:13.043,Ball Receipt*,
,,,,,,,,,,,,,,,,,,,,,,,,,c4ff8875-bce3-486d-923b-49d0ac31cacd,836,,"[48.7, 72.9]",3920417,25,,,,,,,,,,,,,,,,,,,,,,,,1,From Throw In,Aliou Dieng,67714.0,Right Defensive Midfield,51,Mali,4930,['f39a2655-ec33-4654-bbab-684589572d11'],14,,,,,,,,,,,,,,,,,,Mali,4930,00:25:14.502,Ball Receipt*,
,,,,,,,,,,,,,,,,,,,,,,,,,3fa19da4-37a3-4c56-8221-2f5bd4bd8a28,841,,"[63.6, 75.6]",3920417,25,,,,,,,,,,,,,,,,,,,,,,,,1,From Throw In,Fousseni Diabaté,3710.0,Right Midfield,51,Mali,4930,"['280006cb-156b-4cf2-94b7-9f0f51db58cc', '8e63e1f0-0fbb-4bb6-b258-d1d8a31efbce']",18,,,,,,,,,,,,,,,,,,Mali,4930,00:25:18.008,Ball Receipt*,True
,,,,,,,,,,,,,,,,,,,,,,,,,41ebc8e7-28a6-4038-afae-a5105da00ed7,846,,"[49.5, 66.6]",3920417,25,,,,,,,,,,,,,,,,,,,,,,,,1,From Free Kick,Boubakar Kouyate,23331.0,Right Center Back,52,Mali,4930,['139ac6b0-f82a-40ce-9cea-728f5f8843c7'],38,,,,,,,,,,,,,,,,,,Mali,4930,00:25:38.875,Ball Receipt*,
,,,,,,,,,,,,,,,,,,,,,,,,,f40345c7-d17b-4c25-9ad0-7696faf6732f,848,,"[44.4, 43.7]",3920417,25,,,,,,,,,,,,,,,,,,,,,,,,1,From Free Kick,Sikou Niakate,7295.0,Left Center Back,52,Mali,4930,['7bad4c73-2b24-4573-bb55-cc8b835f236c'],40,,,,,,,,,,,,,,,,,,Mali,4930,00:25:40.437,Ball Receipt*,
,,,,,,,,,,,,,,,,,,,,,,,,,5f5e809b-bd78-4260-b71d-e0dd9dc9be3e,851,,"[52.2, 21.3]",3920417,25,,,,,,,,,,,,,,,,,,,,,,,,1,From Free Kick,Moussa Diarra,32952.0,Left Back,52,Mali,4930,['ec1b7aa3-a114-4410-8f5b-29d2fe9539a9'],42,,,,,,,,,,,,,,,,,,Mali,4930,00:25:42.823,Ball Receipt*,
,,,,,,,,,,,,,,,,,,,,,,,,,0525a18c-b565-4874-93ba-bfd102e9a22f,854,,"[54.2, 29.1]",3920417,25,,,,,,,,,,,,,,,,,,,,,,,,1,From Free Kick,Yves Bissouma,4385.0,Left Defensive Midfield,52,Mali,4930,['ad51b061-b280-4c32-85a1-ed6277349524'],45,,,,,,,,,,,,,,,,,,Mali,4930,00:25:45.672,Ball Receipt*,
,,,,,,,,,,,,,,,,,,,,,,,,,00ce75bc-d6aa-4fa9-8140-bd1ee724a530,857,,"[56.4, 13.5]",3920417,25,,,,,,,,,,,,,,,,,,,,,,,,1,From Free Kick,Moussa Diarra,32952.0,Left Back,52,Mali,4930,['befca66f-3161-42ed-99c6-7d3cd2e9ae59'],46,,,,,,,,,,,,,,,,,,Mali,4930,00:25:46.869,Ball Receipt*,
Incomplete,,,,,,,,,,,,,,,,,,,,,,,,,4f7fefef-b483-4342-b61d-f0bc9038a57a,860,,"[89.8, 9.6]",3920417,25,,,,,,,,,,,,,,,,,,,,,,,,1,From Free Kick,Youssoufou Niakaté,51750.0,Right Center Forward,52,Mali,4930,['e8a26bf4-84ad-45eb-aee8-b179c93ac897'],50,,,,,,,,,,,,,,,,,,Mali,4930,00:25:50.518,Ball Receipt*,
,,,,,,,,,,,,,,,,,,,,,,,,,301ff247-cc7e-4842-a54b-0f0d9a85db2b,866,,"[42.8, 67.5]",3920417,25,,,,,,,,,,,,,,,,,,,,,,,,1,Regular Play,Aprocious Petrus,136406.0,Center Defensive Midfield,53,Namibia,4980,['058596f5-19f8-407e-b2f6-71919fad5729'],52,,,,,,,,,,,,,,,,,,Namibia,4980,00:25:52.332,Ball Receipt*,
,,,,,,,,,,,,,,,,,,,,,,,,,9912e625-46a8-4f1f-ac0b-0fea8fdea552,869,,"[28.4, 70.2]",3920417,25,,,,,,,,,,,,,,,,,,,,,,,,1,Regular Play,Kennedy Amutenya,264381.0,Right Center Back,53,Namibia,4980,['9dbbf0f7-6210-45bd-9df8-8d7183313ca4'],53,,,,,,,,,,,,,,,,,,Namibia,4980,00:25:53.732,Ball Receipt*,
Incomplete,,,,,,,,,,,,,,,,,,,,,,,,,a00155f7-49c6-446c-840f-31e603d8e238,871,,"[71.2, 55.8]",3920417,25,,,,,,,,,,,,,,,,,,,,,,,,1,Regular Play,Peter Shalulile,65723.0,Center Forward,53,Namibia,4980,['06d67a9f-ee73-4597-8b3e-6cb6f03f07d3'],57,,,,,,,,,,,,,,,,,,Namibia,4980,00:25:57.694,Ball Receipt*,
,,,,,,,,,,,,,,,,,,,,,,,,,a8bbcdc1-c82b-4619-a5d8-89961fdd1a10,874,,"[30.3, 51.3]",3920417,26,,,,,,,,,,,,,,,,,,,,,,,,1,Regular Play,Boubakar Kouyate,23331.0,Right Center Back,54,Mali,4930,['492ae901-7ac6-4c3e-9f8c-8909a3088954'],2,,,,,,,,,,,,,,,,,,Mali,4930,00:26:02.209,Ball Receipt*,
,,,,,,,,,,,,,,,,,,,,,,,,,3a2aa02a-3e1b-4281-bd6e-4d4b88c21244,876,,"[45.3, 9.9]",3920417,26,,,,,,,,,,,,,,,,,,,,,,,,1,Regular Play,Moussa Diarra,32952.0,Left Back,54,Mali,4930,['adc4b149-7376-4f65-b3c9-c2a290a05f42'],6,,,,,,,,,,,,,,,,,,Mali,4930,00:26:06.110,Ball Receipt*,
,,,,,,,,,,,,,,,,,,,,,,,,,d5e12ccf-7af8-4543-bb98-e43e2fdfa83f,879,,"[30.4, 13.8]",3920417,26,,,,,,,,,,,,,,,,,,,,,,,,1,Regular Play,Sikou Niakate,7295.0,Left Center Back,54,Mali,4930,['5a6e79d5-a87f-4a00-b7cf-155560a05e06'],8,,,,,,,,,,,,,,,,,,Mali,4930,00:26:08.542,Ball Receipt*,
,,,,,,,,,,,,,,,,,,,,,,,,,a7150ff9-9a2f-415c-86f7-9195e1e48cfa,883,,"[92.3, 27.0]",3920417,26,,,,,,,,,,,,,,,,,,,,,,,,1,Regular Play,Youssoufou Niakaté,51750.0,Right Center Forward,54,Mali,4930,"['0d10c786-bb54-4e1a-97a9-5261caa18a72', '658b7417-8664-4c38-a928-4021ee9d283a']",13,,,,,,,,,,,,,,,,,,Mali,4930,00:26:13.510,Ball Receipt*,True
,,,,,,,,,,,,,,,,,,,,,,,,,b4180551-b357-416a-893a-79dbb8f653e5,890,,"[113.4, 14.5]",3920417,26,,,,,,,,,,,,,,,,,,,,,,,,1,From Throw In,Lassine Sinayoko,105182.0,Left Center Forward,55,Mali,4930,['86691996-21c0-4428-a634-11d3cfdd3f79'],41,,,,,,,,,,,,,,,,,,Mali,4930,00:26:41.684,Ball Receipt*,
,,,,,,,,,,,,,,,,,,,,,,,,,b6119650-d499-4643-a971-66026cadb30b,899,,"[97.8, 16.5]",3920417,26,,,,,,,,,,,,,,,,,,,,,,,,1,From Throw In,Yves Bissouma,4385.0,Left Defensive Midfield,55,Mali,4930,['81e42ce1-75f9-41d5-8920-2579e38223ed'],47,,,,,,,,,,,,,,,,,,Mali,4930,00:26:47.608,Ball Receipt*,
,,,,,,,,,,,,,,,,,,,,,,,,,9629a1c7-0370-41ab-891b-d25fe7b3098e,902,,"[78.6, 18.7]",3920417,26,,,,,,,,,,,,,,,,,,,,,,,,1,From Throw In,Sikou Niakate,7295.0,Left Center Back,55,Mali,4930,['331d477d-8931-4ae7-a81c-d0919cca98f8'],49,,,,,,,,,,,,,,,,,,Mali,4930,00:26:49.819,Ball Receipt*,
,,,,,,,,,,,,,,,,,,,,,,,,,778f0ea3-08c8-44da-b781-364a3af3a00a,905,,"[66.9, 47.4]",3920417,26,,,,,,,,,,,,,,,,,,,,,,,,1,From Throw In,Boubakar Kouyate,23331.0,Right Center Back,55,Mali,4930,['daa68a09-e940-4c32-9024-919c12eeb736'],52,,,,,,,,,,,,,,,,,,Mali,4930,00:26:52.230,Ball Receipt*,
,,,,,,,,,,,,,,,,,,,,,,,,,46d3cad0-f451-4b9d-96ff-eb600669ec59,908,,"[70.9, 66.6]",3920417,26,,,,,,,,,,,,,,,,,,,,,,,,1,From Throw In,Hamari Traoré,3248.0,Right Back,55,Mali,4930,['afd87376-a713-4e2a-933d-46ebdeb50d18'],55,,,,,,,,,,,,,,,,,,Mali,4930,00:26:55.004,Ball Receipt*,
,,,,,,,,,,,,,,,,,,,,,,,,,dda67ca9-9742-4171-b5ab-e4948f19b8c4,912,,"[101.5, 64.8]",3920417,26,,,,,,,,,,,,,,,,,,,,,,,,1,From Throw In,Youssoufou Niakaté,51750.0,Right Center Forward,55,Mali,4930,"['34cc95c1-921f-4ec0-ac41-1a5c39b8a9e8', '5d013a97-8814-4edf-9fb5-f892566c16de']",57,,,,,,,,,,,,,,,,,,Mali,4930,00:26:57.834,Ball Receipt*,True
,,,,,,,,,,,,,,,,,,,,,,,,,0782b97c-1261-4443-9cbd-f8e608ac5c2f,915,,"[104.7, 71.8]",3920417,26,,,,,,,,,,,,,,,,,,,,,,,,1,From Throw In,Fousseni Diabaté,3710.0,Right Midfield,55,Mali,4930,['137ae59c-4755-4bc8-8bec-9dd8ebf086e2'],58,,,,,,,,,,,,,,,,,,Mali,4930,00:26:58.989,Ball Receipt*,
,,,,,,,,,,,,,,,,,,,,,,,,,c55c7335-59dd-4910-b06e-6ee3099975ee,917,,"[105.0, 66.6]",3920417,26,,,,,,,,,,,,,,,,,,,,,,,,1,From Throw In,Youssoufou Niakaté,51750.0,Right Center Forward,55,Mali,4930,['cbd35b31-4f38-4536-af55-9001699b60e6'],59,,,,,,,,,,,,,,,,,,Mali,4930,00:26:59.963,Ball Receipt*,
,,,,,,,,,,,,,,,,,,,,,,,,,8a67920f-51e1-4a87-81a4-7f63cd9db030,921,,"[113.9, 37.7]",3920417,27,,,,,,,,,,,,,,,,,,,,,,,,1,From Throw In,Lassine Sinayoko,105182.0,Left Center Forward,55,Mali,4930,['efc5763f-1c1e-4f7f-9f22-60e4c2a0c3fb'],1,,,,,,,,,,,,,,,,,,Mali,4930,00:27:01.631,Ball Receipt*,
,,,,,,,,,,,,,,,,,,,,,,,,,57838283-914f-47e4-9c3b-a7ee6bd6ad11,925,,"[67.3, 68.5]",3920417,27,,,,,,,,,,,,,,,,,,,,,,,,1,From Goal Kick,Deon Hotto Kavendji,64612.0,Left Midfield,56,Namibia,4980,['020118be-2657-4af8-8568-b8074f49e85b'],48,,,,,,,,,,,,,,,,,,Namibia,4980,00:27:48.525,Ball Receipt*,
,,,,,,,,,,,,,,,,,,,,,,,,,8415ebc8-2a7e-4086-8b98-047aa11eb2fa,932,,"[50.0, 20.7]",3920417,27,,,,,,,,,,,,,,,,,,,,,,,,1,Regular Play,Yves Bissouma,4385.0,Left Defensive Midfield,57,Mali,4930,['a3beb902-4978-4c40-baaa-68ffbb945c5a'],51,,,,,,,,,,,,,,,,,,Mali,4930,00:27:51.302,Ball Receipt*,
,,,,,,,,,,,,,,,,,,,,,,,,,1c80c5d1-3155-4fd8-b5dc-cba859cc33fd,935,,"[48.9, 28.1]",3920417,27,,,,,,,,,,,,,,,,,,,,,,,,1,Regular Play,Aliou Dieng,67714.0,Right Defensive Midfield,57,Mali,4930,['e6cf0dde-41ee-4df8-9b1c-cf438dd01dbd'],53,,,,,,,,,,,,,,,,,,Mali,4930,00:27:53.952,Ball Receipt*,
,,,,,,,,,,,,,,,,,,,,,,,,,4d44dd44-c24d-4012-92fa-af81d176d73d,938,,"[50.6, 70.4]",3920417,27,,,,,,,,,,,,,,,,,,,,,,,,1,Regular Play,Boubakar Kouyate,23331.0,Right Center Back,57,Mali,4930,['ae328e5e-0931-4ee5-ae3d-799194718880'],56,,,,,,,,,,,,,,,,,,Mali,4930,00:27:56.654,Ball Receipt*,
,,,,,,,,,,,,,,,,,,,,,,,,,5b42ffc5-2d32-4509-b883-78e96b8ef9d2,942,,"[77.6, 76.5]",3920417,28,,,,,,,,,,,,,,,,,,,,,,,,1,Regular Play,Fousseni Diabaté,3710.0,Right Midfield,57,Mali,4930,"['ec42b519-1efd-4d9a-952b-3bbe9bed752c', 'b01e0e85-0939-4352-a37d-372884663c62']",0,,,,,,,,,,,,,,,,,,Mali,4930,00:28:00.428,Ball Receipt*,True
Incomplete,,,,,,,,,,,,,,,,,,,,,,,,,99b16c25-2638-4f93-a023-7fd1ea17e0cd,947,,"[101.2, 54.1]",3920417,28,,,,,,,,,,,,,,,,,,,,,,,,1,Regular Play,Youssoufou Niakaté,51750.0,Right Center Forward,57,Mali,4930,['30129bf4-b3fd-463a-8551-5d08b910820c'],6,,,,,,,,,,,,,,,,,,Mali,4930,00:28:06.678,Ball Receipt*,
Incomplete,,,,,,,,,,,,,,,,,,,,,,,,,8d7be984-d3ff-4482-b498-108ba596671b,953,,"[87.6, 18.1]",3920417,31,,,,,,,,,,,,,,,,,,,,,,,,1,From Free Kick,Muzeu Bethuel,389319.0,Right Midfield,58,Namibia,4980,['80778aa1-44ae-47ec-a563-36d7a61f8b62'],11,,,,,,,,,,,,,,,,,,Namibia,4980,00:31:11.019,Ball Receipt*,
,,,,,,,,,,,,,,,,,,,,,,,,,83858959-410c-4ec7-9105-6d17efc14fdb,955,,"[64.2, 48.8]",3920417,31,,,,,,,,,,,,,,,,,,,,,,,,1,Regular Play,Lassine Sinayoko,105182.0,Left Center Forward,59,Mali,4930,['96ca3c53-69f0-4582-84ff-b811584d8a85'],13,,,,,,,,,,,,,,,,,,Mali,4930,00:31:13.567,Ball Receipt*,
,,,,,,,,,,,,,,,,,,,,,,,,,1bcd9281-b461-4aea-89cd-e2d53ee5d2dc,958,,"[54.7, 43.1]",3920417,31,,,,,,,,,,,,,,,,,,,,,,,,1,Regular Play,Nene Dorgeles,199653.0,Left Midfield,59,Mali,4930,['71f28b2f-a989-48fd-997d-773f29b716eb'],14,,,,,,,,,,,,,,,,,,Mali,4930,00:31:14.729,Ball Receipt*,
Incomplete,,,,,,,,,,,,,,,,,,,,,,,,,379ce726-9dd5-4fe9-b843-80dbc5cd78bd,960,,"[77.9, 22.7]",3920417,31,,,,,,,,,,,,,,,,,,,,,,,,1,Regular Play,Youssoufou Niakaté,51750.0,Right Center Forward,59,Mali,4930,['c6f7a72f-c960-4a95-a01a-88af870121c0'],17,,,,,,,,,,,,,,,,,,Mali,4930,00:31:17.812,Ball Receipt*,
,,,,,,,,,,,,,,,,,,,,,,,,,0e1ce664-051e-4ffd-b162-a41915ce2a41,966,,"[32.3, 56.6]",3920417,31,,,,,,,,,,,,,,,,,,,,,,,,1,Regular Play,Kennedy Amutenya,264381.0,Right Center Back,60,Namibia,4980,"['879bd373-ad74-4b3d-bdae-b5cd2a3ebf20', '09414eb8-e041-4960-981c-d2720d6f4406']",20,,,,,,,,,,,,,,,,,,Namibia,4980,00:31:20.552,Ball Receipt*,True
Incomplete,,,,,,,,,,,,,,,,,,,,,,,,,6e261793-33af-47ae-82f4-aaa037d55554,969,,"[96.4, 49.2]",3920417,31,,,,,,,,,,,,,,,,,,,,,,,,1,Regular Play,Peter Shalulile,65723.0,Center Forward,60,Namibia,4980,['dca68188-1139-4f3a-ac5b-c7ff38681abf'],23,,,,,,,,,,,,,,,,,,Namibia,4980,00:31:23.855,Ball Receipt*,
,,,,,,,,,,,,,,,,,,,,,,,,,f5575b6e-3f26-47f5-ae5b-9ec00e011153,972,,"[112.5, 60.6]",3920417,31,,,,,,,,,,,,,,,,,,,,,,,,1,From Throw In,Peter Shalulile,65723.0,Center Forward,61,Namibia,4980,['09c37a44-797d-4b11-bd55-eb7d3da92260'],45,,,,,,,,,,,,,,,,,,Namibia,4980,00:31:45.051,Ball Receipt*,
,,,,,,,,,,,,,,,,,,,,,,,,,99d356d4-28cb-4142-b23b-f21fc31a8f71,981,,"[111.1, 6.6]",3920417,33,,,,,,,,,,,,,,,,,,,,,,,,1,From Throw In,Peter Shalulile,65723.0,Center Forward,63,Namibia,4980,['beca0dda-ad68-4f75-ad36-5be0a87b040f'],3,,,,,,,,,,,,,,,,,,Namibia,4980,00:33:03.626,Ball Receipt*,
Incomplete,,,,,,,,,,,,,,,,,,,,,,,,,51dac222-c673-4a5f-bd49-d33424a3f834,984,,"[100.7, 5.8]",3920417,33,,,,,,,,,,,,,,,,,,,,,,,,1,From Throw In,Riaan Hanamub,65555.0,Left Back,63,Namibia,4980,['ca3b4737-1e21-4f40-9b34-0d0cdbc15515'],3,,,,,,,,,,,,,,,,,,Namibia,4980,00:33:03.725,Ball Receipt*,
,,,,,,,,,,,,,,,,,,,,,,,,,f03e3b98-1725-4acc-86a2-94b5cfdf5420,989,,"[113.2, 4.5]",3920417,33,,,,,,,,,,,,,,,,,,,,,,,,1,From Throw In,Deon Hotto Kavendji,64612.0,Left Midfield,64,Namibia,4980,"['04e584c7-db26-4264-8481-334ba138085b', '82d998ec-e409-4ecd-9b91-241d50e2b791']",15,,,,,,,,,,,,,,,,,,Namibia,4980,00:33:15.192,Ball Receipt*,True
,,,,,,,,,,,,,,,,,,,,,,,,,1018f784-2866-4225-a563-2d6f0a93521d,992,,"[97.0, 5.8]",3920417,33,,,,,,,,,,,,,,,,,,,,,,,,1,From Throw In,Riaan Hanamub,65555.0,Left Back,64,Namibia,4980,['a6b42c9f-8edc-4094-acb6-f679f2672bf2'],19,,,,,,,,,,,,,,,,,,Namibia,4980,00:33:19.673,Ball Receipt*,
Incomplete,,,,,,,,,,,,,,,,,,,,,,,,,43e70141-c20b-4dc9-9983-3ab97771d545,995,,"[112.6, 35.2]",3920417,33,,,,,,,,,,,,,,,,,,,,,,,,1,From Throw In,Muzeu Bethuel,389319.0,Right Midfield,64,Namibia,4980,['9512b047-468d-44e7-a87d-e1718782e869'],19,,,,,,,,,,,,,,,,,,Namibia,4980,00:33:19.925,Ball Receipt*,
,,,,,,,,,,,,,,,,,,,,,,,,,721e2cc9-7aee-474f-8fb5-de56e2a67c13,998,,"[75.4, 6.9]",3920417,33,,,,,,,,,,,,,,,,,,,,,,,,1,From Throw In,Lubeni Haukongo,135004.0,Left Center Back,65,Namibia,4980,['e7eceda2-bb88-48ce-8f96-6833c5e846dc'],45,,,,,,,,,,,,,,,,,,Namibia,4980,00:33:45.071,Ball Receipt*,
,,,,,,,,,,,,,,,,,,,,,,,,,578727bf-71ff-48ae-abbc-cc4ca104ec60,1002,,"[53.9, 24.1]",3920417,33,,,,,,,,,,,,,,,,,,,,,,,,1,From Throw In,Kennedy Amutenya,264381.0,Right Center Back,65,Namibia,4980,['89079be6-bdf4-436f-9906-8511be01beda'],48,,,,,,,,,,,,,,,,,,Namibia,4980,00:33:48.787,Ball Receipt*,
Incomplete,,,,,,,,,,,,,,,,,,,,,,,,,ce1237a5-07b7-4d68-b2f0-ba148361f455,1005,,"[110.1, 29.9]",3920417,33,,,,,,,,,,,,,,,,,,,,,,,,1,From Throw In,Prins Menelik Tjiueza,103803.0,Right Center Midfield,65,Namibia,4980,['6a12f2cf-0825-4cb7-8413-bc5cc2027821'],52,,,,,,,,,,,,,,,,,,Namibia,4980,00:33:52.758,Ball Receipt*,
,,,,,,,,,,,,,,,,,,,,,,,,,d27a7fba-fb44-4cc3-9520-df4ecd01e8ff,1009,,"[21.4, 59.0]",3920417,34,,,,,,,,,,,,,,,,,,,,,,,,1,From Free Kick,Boubakar Kouyate,23331.0,Right Center Back,66,Mali,4930,['4b2c5636-1008-4a45-9f20-6a5376aacbf0'],12,,,,,,,,,,,,,,,,,,Mali,4930,00:34:12.727,Ball Receipt*,
,,,,,,,,,,,,,,,,,,,,,,,,,ba5a0ca2-ec94-4ead-a9c9-0eb1f3acdee5,1011,,"[34.4, 6.3]",3920417,34,,,,,,,,,,,,,,,,,,,,,,,,1,From Free Kick,Moussa Diarra,32952.0,Left Back,66,Mali,4930,['6b8fa74f-f12c-4ff7-b8b8-1c585acfa1f7'],16,,,,,,,,,,,,,,,,,,Mali,4930,00:34:16.994,Ball Receipt*,
,,,,,,,,,,,,,,,,,,,,,,,,,ec3e167e-0521-4445-a3f9-9869361033fb,1020,,"[69.2, 9.3]",3920417,34,,,,,,,,,,,,,,,,,,,,,,,,1,From Free Kick,Youssoufou Niakaté,51750.0,Right Center Forward,66,Mali,4930,['3f7200aa-b897-4c56-adf2-cbb02b030129'],24,,,,,,,,,,,,,,,,,,Mali,4930,00:34:24.374,Ball Receipt*,
,,,,,,,,,,,,,,,,,,,,,,,,,100b90d9-1b59-4d06-93da-6f0c40c49dfe,1023,,"[68.4, 4.5]",3920417,34,,,,,,,,,,,,,,,,,,,,,,,,1,From Free Kick,Nene Dorgeles,199653.0,Left Midfield,66,Mali,4930,['f7371fcf-47a0-4905-acd7-5c1d83cc9eed'],25,,,,,,,,,,,,,,,,,,Mali,4930,00:34:25.310,Ball Receipt*,
,,,,,,,,,,,,,,,,,,,,,,,,,3c94bdec-2a5c-4544-8cfa-ffab11f15d80,1027,,"[55.1, 16.5]",3920417,34,,,,,,,,,,,,,,,,,,,,,,,,1,From Free Kick,Yves Bissouma,4385.0,Left Defensive Midfield,66,Mali,4930,['41c32a20-3f7c-4253-b704-22b8ae6d8a2d'],28,,,,,,,,,,,,,,,,,,Mali,4930,00:34:28.258,Ball Receipt*,
,,,,,,,,,,,,,,,,,,,,,,,,,3ae6c613-d517-47e4-bc6d-eb0d844b88db,1030,,"[51.2, 69.8]",3920417,34,,,,,,,,,,,,,,,,,,,,,,,,1,From Free Kick,Hamari Traoré,3248.0,Right Back,66,Mali,4930,['f9107720-c3f6-44ed-a8ba-88362c2917aa'],32,,,,,,,,,,,,,,,,,,Mali,4930,00:34:32.473,Ball Receipt*,
,,,,,,,,,,,,,,,,,,,,,,,,,b447e8f0-b509-412e-937f-9c4c676721c0,1034,,"[72.5, 58.5]",3920417,34,,,,,,,,,,,,,,,,,,,,,,,,1,From Free Kick,Lassine Sinayoko,105182.0,Left Center Forward,66,Mali,4930,"['355b8ceb-a873-41f7-a64b-fdbe2ee41d39', 'da7147a1-2271-4dc9-8b7a-83d87421069b']",37,,,,,,,,,,,,,,,,,,Mali,4930,00:34:37.693,Ball Receipt*,True
,,,,,,,,,,,,,,,,,,,,,,,,,2751866c-8a0d-489d-8ecc-51a126cfa7a4,1037,,"[69.8, 73.5]",3920417,34,,,,,,,,,,,,,,,,,,,,,,,,1,From Free Kick,Fousseni Diabaté,3710.0,Right Midfield,66,Mali,4930,['948497e1-c15c-4391-a206-b97f767ab11b'],39,,,,,,,,,,,,,,,,,,Mali,4930,00:34:39.261,Ball Receipt*,
Incomplete,,,,,,,,,,,,,,,,,,,,,,,,,4e6aac2e-4400-46af-9700-83659db9de21,1044,,"[74.2, 51.6]",3920417,34,,,,,,,,,,,,,,,,,,,,,,,,1,From Free Kick,Yves Bissouma,4385.0,Left Defensive Midfield,66,Mali,4930,['fef139eb-5f32-4fcd-84bb-3d547c2de72d'],43,,,,,,,,,,,,,,,,,,Mali,4930,00:34:43.002,Ball Receipt*,
,,,,,,,,,,,,,,,,,,,,,,,,,0f51d584-7efe-439b-8a29-fee55a80ecbd,1046,,"[60.9, 43.6]",3920417,34,,,,,,,,,,,,,,,,,,,,,,,,1,Regular Play,Peter Shalulile,65723.0,Center Forward,67,Namibia,4980,['fe8a3b21-62c1-4e9a-9761-ee609b14dff1'],44,,,,,,,,,,,,,,,,,,Namibia,4980,00:34:44.126,Ball Receipt*,
,,,,,,,,,,,,,,,,,,,,,,,,,b696a078-5854-4b20-8e20-c46982237308,1052,,"[114.5, 20.6]",3920417,35,,,,,,,,,,,,,,,,,,,,,,,,1,From Free Kick,Riaan Hanamub,65555.0,Left Back,68,Namibia,4980,['88f928b7-4840-4b83-9529-141c6cc68680'],49,,,,,,,,,,,,,,,,,,Namibia,4980,00:35:49.207,Ball Receipt*,
Incomplete,,,,,,,,,,,,,,,,,,,,,,,,,f79ecd56-18cd-498e-96dc-350aa37542c7,1055,,"[113.2, 41.6]",3920417,35,,,,,,,,,,,,,,,,,,,,,,,,1,From Free Kick,Muzeu Bethuel,389319.0,Right Midfield,68,Namibia,4980,['e19131d0-66fc-4a17-a7f7-9ebde496bccd'],50,,,,,,,,,,,,,,,,,,Namibia,4980,00:35:50.854,Ball Receipt*,
,,,,,,,,,,,,,,,,,,,,,,,,,53fa83ee-9194-4570-bcca-7d41c44b12de,1061,,"[116.1, 35.9]",3920417,36,,,,,,,,,,,,,,,,,,,,,,,,1,From Corner,Kennedy Amutenya,264381.0,Right Center Back,69,Namibia,4980,['ab4fba8e-84ef-4a5c-b448-3387e19257fa'],51,,,,,,,,,,,,,,,,,,Namibia,4980,00:36:51.036,Ball Receipt*,
Incomplete,,,,,,,,,,,,,,,,,,,,,,,,,36027467-41d2-4fbd-8783-6cdf087571f0,1067,,"[72.5, 63.8]",3920417,37,,,,,,,,,,,,,,,,,,,,,,,,1,From Goal Kick,Youssoufou Niakaté,51750.0,Right Center Forward,70,Mali,4930,['567ff945-c948-40c8-aa51-a6bc88ef69b7'],27,,,,,,,,,,,,,,,,,,Mali,4930,00:37:27.176,Ball Receipt*,
Incomplete,,,,,,,,,,,,,,,,,,,,,,,,,862b71a1-4dd6-4ee5-b220-e11ecafab5ae,1071,,"[77.0, 10.0]",3920417,37,,,,,,,,,,,,,,,,,,,,,,,,1,From Goal Kick,Kennedy Amutenya,264381.0,Right Center Back,70,Mali,4930,['c9957402-7a75-48c5-bb20-e632fae2e169'],29,,,,,,,,,,,,,,,,,,Namibia,4980,00:37:29.977,Ball Receipt*,
Incomplete,,,,,,,,,,,,,,,,,,,,,,,,,1f5ad8b1-34f3-4a97-bd90-5ede7bfe8ced,1075,,"[95.1, 18.2]",3920417,37,,,,,,,,,,,,,,,,,,,,,,,,1,From Goal Kick,Nene Dorgeles,199653.0,Left Midfield,70,Mali,4930,['424732cc-979c-4800-94e4-9d5d89cad368'],35,,,,,,,,,,,,,,,,,,Mali,4930,00:37:35.258,Ball Receipt*,
,,,,,,,,,,,,,,,,,,,,,,,,,55db879a-9936-4427-bd28-4a0f771d9b9d,1078,,"[61.7, 10.4]",3920417,37,,,,,,,,,,,,,,,,,,,,,,,,1,From Throw In,Sikou Niakate,7295.0,Left Center Back,71,Mali,4930,['a956c4fc-1663-4dd1-bad7-e9af0ac11faa'],51,,,,,,,,,,,,,,,,,,Mali,4930,00:37:51.679,Ball Receipt*,
,,,,,,,,,,,,,,,,,,,,,,,,,11f43471-37ed-4e70-a352-145897747175,1081,,"[50.8, 45.2]",3920417,37,,,,,,,,,,,,,,,,,,,,,,,,1,From Throw In,Boubakar Kouyate,23331.0,Right Center Back,71,Mali,4930,['9aecf4d9-6a5e-4220-a20a-0c8de9e16ce8'],54,,,,,,,,,,,,,,,,,,Mali,4930,00:37:54.602,Ball Receipt*,
,,,,,,,,,,,,,,,,,,,,,,,,,6c674285-4257-4b4d-8e63-99a44f9be39b,1084,,"[55.3, 67.7]",3920417,37,,,,,,,,,,,,,,,,,,,,,,,,1,From Throw In,Hamari Traoré,3248.0,Right Back,71,Mali,4930,['a1032934-7d4f-4b19-aa3f-e5f6dba7f39f'],56,,,,,,,,,,,,,,,,,,Mali,4930,00:37:56.945,Ball Receipt*,
,,,,,,,,,,,,,,,,,,,,,,,,,c5fdea11-1f9b-4b15-a1ec-abfe1c4e4153,1087,,"[64.2, 57.3]",3920417,37,,,,,,,,,,,,,,,,,,,,,,,,1,From Throw In,Aliou Dieng,67714.0,Right Defensive Midfield,71,Mali,4930,['2aa0183e-44fe-474e-b058-3a12a60d69a7'],59,,,,,,,,,,,,,,,,,,Mali,4930,00:37:59.011,Ball Receipt*,
,,,,,,,,,,,,,,,,,,,,,,,,,4900c5ae-35c1-45c0-b0a6-1a7cee0657ff,1090,,"[55.8, 66.3]",3920417,38,,,,,,,,,,,,,,,,,,,,,,,,1,From Throw In,Hamari Traoré,3248.0,Right Back,71,Mali,4930,['c1b607f2-12aa-4e30-9bb0-7f26e28a6c20'],1,,,,,,,,,,,,,,,,,,Mali,4930,00:38:01.574,Ball Receipt*,
,,,,,,,,,,,,,,,,,,,,,,,,,5061af4b-9a5e-49c0-944b-32558c6b8b9a,1093,,"[44.2, 59.5]",3920417,38,,,,,,,,,,,,,,,,,,,,,,,,1,From Throw In,Boubakar Kouyate,23331.0,Right Center Back,71,Mali,4930,['4c3384c3-ff43-4ed7-9a67-94ad5ca13cc6'],3,,,,,,,,,,,,,,,,,,Mali,4930,00:38:03.520,Ball Receipt*,
Incomplete,,,,,,,,,,,,,,,,,,,,,,,,,814f6961-9326-4e22-af15-e3c1995baec6,1096,,"[63.6, 5.9]",3920417,38,,,,,,,,,,,,,,,,,,,,,,,,1,From Throw In,Moussa Diarra,32952.0,Left Back,71,Mali,4930,['c477525d-365c-46fe-9bfe-d111fa7d22fd'],7,,,,,,,,,,,,,,,,,,Mali,4930,00:38:07.673,Ball Receipt*,
,,,,,,,,,,,,,,,,,,,,,,,,,daf9e461-7c7c-45eb-bae1-bb24f35500e4,1104,,"[28.6, 8.7]",3920417,38,,,,,,,,,,,,,,,,,,,,,,,,1,From Throw In,Moussa Diarra,32952.0,Left Back,71,Mali,4930,['c4c7fe9f-e349-4929-9b43-c67be82110b3'],18,,,,,,,,,,,,,,,,,,Mali,4930,00:38:18.334,Ball Receipt*,
,,,,,,,,,,,,,,,,,,,,,,,,,ac9d7983-7866-4cdc-ba9a-2374658493a6,1107,,"[42.6, 5.9]",3920417,38,,,,,,,,,,,,,,,,,,,,,,,,1,From Throw In,Nene Dorgeles,199653.0,Left Midfield,71,Mali,4930,['c85636f1-cc96-4897-9c11-0c964e4efa8a'],19,,,,,,,,,,,,,,,,,,Mali,4930,00:38:19.569,Ball Receipt*,
,,,,,,,,,,,,,,,,,,,,,,,,,b5d9c373-0f85-40a9-b450-3b99ee7435b8,1110,,"[41.1, 32.4]",3920417,38,,,,,,,,,,,,,,,,,,,,,,,,1,From Throw In,Aliou Dieng,67714.0,Right Defensive Midfield,71,Mali,4930,['e9f044bc-de84-4d97-8eb3-4b7e62641660'],21,,,,,,,,,,,,,,,,,,Mali,4930,00:38:21.432,Ball Receipt*,
,,,,,,,,,,,,,,,,,,,,,,,,,c941585b-b7a5-4544-abf5-916109129b46,1113,,"[49.4, 62.6]",3920417,38,,,,,,,,,,,,,,,,,,,,,,,,1,From Throw In,Hamari Traoré,3248.0,Right Back,71,Mali,4930,['4cbce707-b69c-431e-ad04-8376130bfc90'],24,,,,,,,,,,,,,,,,,,Mali,4930,00:38:24.597,Ball Receipt*,
,,,,,,,,,,,,,,,,,,,,,,,,,8828a246-119e-488d-b853-8dacd08b4074,1116,,"[82.8, 77.3]",3920417,38,,,,,,,,,,,,,,,,,,,,,,,,1,From Throw In,Fousseni Diabaté,3710.0,Right Midfield,71,Mali,4930,['6ea90fe6-8e1d-476e-92f8-834e1e5a290b'],29,,,,,,,,,,,,,,,,,,Mali,4930,00:38:29.068,Ball Receipt*,
,,,,,,,,,,,,,,,,,,,,,,,,,40648180-2916-4c5b-8518-2d0a55ab70d5,1120,,"[77.0, 71.0]",3920417,38,,,,,,,,,,,,,,,,,,,,,,,,1,From Throw In,Aliou Dieng,67714.0,Right Defensive Midfield,71,Mali,4930,['b62b80e5-ed08-43c4-9f49-e5bc1124960e'],37,,,,,,,,,,,,,,,,,,Mali,4930,00:38:37.975,Ball Receipt*,
,,,,,,,,,,,,,,,,,,,,,,,,,864f2a9f-9e0c-406e-90b5-e2563295d7e7,1123,,"[63.3, 62.0]",3920417,38,,,,,,,,,,,,,,,,,,,,,,,,1,From Throw In,Boubakar Kouyate,23331.0,Right Center Back,71,Mali,4930,['8f620989-f8f3-46b6-a3f1-916b3f90d8ac'],41,,,,,,,,,,,,,,,,,,Mali,4930,00:38:41.125,Ball Receipt*,
,,,,,,,,,,,,,,,,,,,,,,,,,0c6d6958-3ce9-4105-9f42-121aec392f39,1126,,"[68.3, 57.3]",3920417,38,,,,,,,,,,,,,,,,,,,,,,,,1,From Throw In,Yves Bissouma,4385.0,Left Defensive Midfield,71,Mali,4930,['4f0b7656-bb35-4b85-8ac9-f707eabfd8b5'],43,,,,,,,,,,,,,,,,,,Mali,4930,00:38:43.115,Ball Receipt*,
,,,,,,,,,,,,,,,,,,,,,,,,,a6549363-f58c-4a00-a17a-80046d71a03f,1129,,"[69.8, 69.9]",3920417,38,,,,,,,,,,,,,,,,,,,,,,,,1,From Throw In,Hamari Traoré,3248.0,Right Back,71,Mali,4930,['fca30a49-051a-4808-a2eb-b7c280150469'],45,,,,,,,,,,,,,,,,,,Mali,4930,00:38:45.314,Ball Receipt*,
,,,,,,,,,,,,,,,,,,,,,,,,,028da7ae-8d73-4960-9bc5-5a6fd8cb5d55,1132,,"[57.5, 63.5]",3920417,38,,,,,,,,,,,,,,,,,,,,,,,,1,From Throw In,Boubakar Kouyate,23331.0,Right Center Back,71,Mali,4930,['7d816841-cd27-429a-b600-8995bcd35c28'],47,,,,,,,,,,,,,,,,,,Mali,4930,00:38:47.515,Ball Receipt*,
,,,,,,,,,,,,,,,,,,,,,,,,,9ad62715-7347-4d0c-b89d-37033579d8f4,1135,,"[63.9, 72.9]",3920417,38,,,,,,,,,,,,,,,,,,,,,,,,1,From Throw In,Hamari Traoré,3248.0,Right Back,71,Mali,4930,['8d0e4408-3235-41cd-b46d-e30e8fc9fc01'],54,,,,,,,,,,,,,,,,,,Mali,4930,00:38:54.260,Ball Receipt*,
,,,,,,,,,,,,,,,,,,,,,,,,,fc193e3d-1f70-4e79-9f90-17635b5bc294,1138,,"[49.4, 62.4]",3920417,38,,,,,,,,,,,,,,,,,,,,,,,,1,From Throw In,Boubakar Kouyate,23331.0,Right Center Back,71,Mali,4930,['9c80a91f-106b-4cc6-9d4b-8f58bfd94c50'],57,,,,,,,,,,,,,,,,,,Mali,4930,00:38:57.383,Ball Receipt*,
,,,,,,,,,,,,,,,,,,,,,,,,,6089b3ce-484d-4ede-bcb8-60b25f47ecb2,1141,,"[48.1, 24.1]",3920417,39,,,,,,,,,,,,,,,,,,,,,,,,1,From Throw In,Sikou Niakate,7295.0,Left Center Back,71,Mali,4930,['e27b7fad-46d8-46ee-8931-38f4d108b9f4'],0,,,,,,,,,,,,,,,,,,Mali,4930,00:39:00.383,Ball Receipt*,
,,,,,,,,,,,,,,,,,,,,,,,,,57ade632-3d20-4422-a981-b8fa0b39c066,1144,,"[42.6, 55.6]",3920417,39,,,,,,,,,,,,,,,,,,,,,,,,1,From Throw In,Boubakar Kouyate,23331.0,Right Center Back,71,Mali,4930,['c81f2b66-a13e-403a-9f38-d827b41d8bf9'],2,,,,,,,,,,,,,,,,,,Mali,4930,00:39:02.599,Ball Receipt*,
,,,,,,,,,,,,,,,,,,,,,,,,,20cdaac7-6822-47d1-8ef0-0b6a55e933bf,1147,,"[53.4, 71.2]",3920417,39,,,,,,,,,,,,,,,,,,,,,,,,1,From Throw In,Hamari Traoré,3248.0,Right Back,71,Mali,4930,['a8b4654f-e014-4db5-9a68-baf1aa424036'],5,,,,,,,,,,,,,,,,,,Mali,4930,00:39:05.271,Ball Receipt*,
,,,,,,,,,,,,,,,,,,,,,,,,,4dfe1ba9-b97d-4dae-8a06-f820189097ca,1150,,"[43.1, 62.6]",3920417,39,,,,,,,,,,,,,,,,,,,,,,,,1,From Throw In,Boubakar Kouyate,23331.0,Right Center Back,71,Mali,4930,['ebea5db6-dbc0-4422-b64f-53d64ce00258'],8,,,,,,,,,,,,,,,,,,Mali,4930,00:39:08.484,Ball Receipt*,
,,,,,,,,,,,,,,,,,,,,,,,,,3e24f4cb-74fc-418f-81cb-655576292dde,1153,,"[56.4, 43.5]",3920417,39,,,,,,,,,,,,,,,,,,,,,,,,1,From Throw In,Aliou Dieng,67714.0,Right Defensive Midfield,71,Mali,4930,['71a9c117-8c93-49f1-9b27-4e764fccf23c'],11,,,,,,,,,,,,,,,,,,Mali,4930,00:39:11.953,Ball Receipt*,
,,,,,,,,,,,,,,,,,,,,,,,,,a72cfd68-1260-4621-b40b-61c8a7e034fb,1156,,"[63.9, 76.3]",3920417,39,,,,,,,,,,,,,,,,,,,,,,,,1,From Throw In,Hamari Traoré,3248.0,Right Back,71,Mali,4930,['db517021-8a72-4897-95b3-08e3ccd55e81'],16,,,,,,,,,,,,,,,,,,Mali,4930,00:39:16.732,Ball Receipt*,
,,,,,,,,,,,,,,,,,,,,,,,,,ae489585-88bf-4467-b8ef-d167b8fb28b6,1159,,"[63.6, 66.6]",3920417,39,,,,,,,,,,,,,,,,,,,,,,,,1,From Throw In,Aliou Dieng,67714.0,Right Defensive Midfield,71,Mali,4930,['8145c9dd-6a56-4f05-84da-274cf01b639e'],20,,,,,,,,,,,,,,,,,,Mali,4930,00:39:20.266,Ball Receipt*,
,,,,,,,,,,,,,,,,,,,,,,,,,a8c16663-ef0b-4d87-ab63-a7a3ef573eea,1162,,"[50.3, 56.3]",3920417,39,,,,,,,,,,,,,,,,,,,,,,,,1,From Throw In,Boubakar Kouyate,23331.0,Right Center Back,71,Mali,4930,['ae2daf2d-3026-4162-b4a7-405b7d7b3f7a'],24,,,,,,,,,,,,,,,,,,Mali,4930,00:39:24.598,Ball Receipt*,
,,,,,,,,,,,,,,,,,,,,,,,,,cc52911d-df19-4e17-be7f-524d9ccc67ed,1165,,"[49.5, 25.4]",3920417,39,,,,,,,,,,,,,,,,,,,,,,,,1,From Throw In,Sikou Niakate,7295.0,Left Center Back,71,Mali,4930,['91d4a785-0d9b-4cfc-ba02-176812af6b16'],27,,,,,,,,,,,,,,,,,,Mali,4930,00:39:27.072,Ball Receipt*,
,,,,,,,,,,,,,,,,,,,,,,,,,18f534af-cb82-4893-8dd1-66f1399d39ca,1168,,"[54.8, 5.2]",3920417,39,,,,,,,,,,,,,,,,,,,,,,,,1,From Throw In,Moussa Diarra,32952.0,Left Back,71,Mali,4930,['5521efbd-ebfe-4b10-87e0-b345fdb76c01'],30,,,,,,,,,,,,,,,,,,Mali,4930,00:39:30.527,Ball Receipt*,
,,,,,,,,,,,,,,,,,,,,,,,,,c5544a92-9375-477c-aa06-87eb196ac757,1172,,"[50.1, 21.3]",3920417,39,,,,,,,,,,,,,,,,,,,,,,,,1,From Throw In,Yves Bissouma,4385.0,Left Defensive Midfield,71,Mali,4930,['25b1d8bd-0ded-4284-9fb1-c189c580f049'],32,,,,,,,,,,,,,,,,,,Mali,4930,00:39:32.527,Ball Receipt*,
,,,,,,,,,,,,,,,,,,,,,,,,,be1606d7-5138-4b5f-b768-199534e34be7,1176,,"[37.5, 5.7]",3920417,39,,,,,,,,,,,,,,,,,,,,,,,,1,From Throw In,Sikou Niakate,7295.0,Left Center Back,71,Mali,4930,['f08a381e-1217-4f22-8803-abbf3a199ed5'],37,,,,,,,,,,,,,,,,,,Mali,4930,00:39:37.805,Ball Receipt*,
,,,,,,,,,,,,,,,,,,,,,,,,,d0840a38-acd1-4333-810f-ff28101e5329,1178,,"[43.6, 17.6]",3920417,39,,,,,,,,,,,,,,,,,,,,,,,,1,From Throw In,Nene Dorgeles,199653.0,Left Midfield,71,Mali,4930,['b4a8a08f-0202-44f4-acd5-da2facc319dd'],38,,,,,,,,,,,,,,,,,,Mali,4930,00:39:38.795,Ball Receipt*,
,,,,,,,,,,,,,,,,,,,,,,,,,bb0bd1eb-4b37-4078-a8e6-352d901088d7,1181,,"[42.6, 50.7]",3920417,39,,,,,,,,,,,,,,,,,,,,,,,,1,From Throw In,Boubakar Kouyate,23331.0,Right Center Back,71,Mali,4930,['5c8c8e06-a3d2-4fb9-8436-7dd641540bc3'],41,,,,,,,,,,,,,,,,,,Mali,4930,00:39:41.876,Ball Receipt*,
,,,,,,,,,,,,,,,,,,,,,,,,,7ba8e472-724f-4505-94c9-2e968cdfb257,1184,,"[71.7, 75.9]",3920417,39,,,,,,,,,,,,,,,,,,,,,,,,1,From Throw In,Fousseni Diabaté,3710.0,Right Midfield,71,Mali,4930,['e7589042-b3ee-484b-9230-66c9d4298899'],45,,,,,,,,,,,,,,,,,,Mali,4930,00:39:45.522,Ball Receipt*,
,,,,,,,,,,,,,,,,,,,,,,,,,4219f595-fe57-47a7-a51c-b170ac26add7,1187,,"[109.4, 73.7]",3920417,39,,,,,,,,,,,,,,,,,,,,,,,,1,From Throw In,Hamari Traoré,3248.0,Right Back,71,Mali,4930,['c3eeb991-16b1-45d2-b0dd-9b39b6b4cb72'],49,,,,,,,,,,,,,,,,,,Mali,4930,00:39:49.961,Ball Receipt*,
Incomplete,,,,,,,,,,,,,,,,,,,,,,,,,af7c4bec-9658-4548-b83f-03963ed7115f,1190,,"[106.1, 28.8]",3920417,39,,,,,,,,,,,,,,,,,,,,,,,,1,From Throw In,Nene Dorgeles,199653.0,Left Midfield,71,Mali,4930,['5fb72309-64f1-43a1-a0d4-3c8f72f8f111'],51,,,,,,,,,,,,,,,,,,Mali,4930,00:39:51.805,Ball Receipt*,
,,,,,,,,,,,,,,,,,,,,,,,,,0bd9e77d-a57d-4f68-82b5-93510ce86e06,1193,,"[29.5, 67.8]",3920417,39,,,,,,,,,,,,,,,,,,,,,,,,1,From Throw In,Muzeu Bethuel,389319.0,Right Midfield,71,Mali,4930,['e178f2ee-941a-4432-9025-fdb80aae7adb'],56,,,,,,,,,,,,,,,,,,Namibia,4980,00:39:56.494,Ball Receipt*,
Incomplete,,,,,,,,,,,,,,,,,,,,,,,,,9391c0ca-22de-48d9-9483-2a3752fcdc3d,1196,,"[52.9, 64.4]",3920417,39,,,,,,,,,,,,,,,,,,,,,,,,1,From Throw In,Prins Menelik Tjiueza,103803.0,Right Center Midfield,71,Mali,4930,['8950b8af-a182-4bd5-a78c-c51ac215fc3e'],58,,,,,,,,,,,,,,,,,,Namibia,4980,00:39:58.393,Ball Receipt*,
Incomplete,,,,,,,,,,,,,,,,,,,,,,,,,b7b520ec-756d-465e-887a-6418838091d9,1199,,"[77.9, 74.7]",3920417,40,,,,,,,,,,,,,,,,,,,,,,,,1,From Throw In,Muzeu Bethuel,389319.0,Right Midfield,72,Namibia,4980,['d21085a4-7955-4a72-b627-11684be0fa27'],21,,,,,,,,,,,,,,,,,,Namibia,4980,00:40:21.173,Ball Receipt*,
,,,,,,,,,,,,,,,,,,,,,,,,,8c21927b-8e99-40ea-aec1-a63622acbaab,1202,,"[50.6, 6.3]",3920417,40,,,,,,,,,,,,,,,,,,,,,,,,1,Regular Play,Nene Dorgeles,199653.0,Left Midfield,73,Mali,4930,['63c3035a-8735-4ea0-8e6d-1689e4738a86'],22,,,,,,,,,,,,,,,,,,Mali,4930,00:40:22.400,Ball Receipt*,
,,,,,,,,,,,,,,,,,,,,,,,,,33dbe176-9388-460b-9603-3154ee61af8f,1205,,"[29.7, 11.8]",3920417,40,,,,,,,,,,,,,,,,,,,,,,,,1,Regular Play,Sikou Niakate,7295.0,Left Center Back,73,Mali,4930,"['289739e5-7f50-4b11-badd-1ebdfdfa99ad', '2e51ec70-a86d-4a0e-9fef-f5e5ee2a064c']",24,,,,,,,,,,,,,,,,,,Mali,4930,00:40:24.614,Ball Receipt*,True
,,,,,,,,,,,,,,,,,,,,,,,,,2ea936fc-528c-466d-8057-b6c216b05f2b,1208,,"[11.7, 30.1]",3920417,40,,,,,,,,,,,,,,,,,,,,,,,,1,Regular Play,Djigui Diarra,102992.0,Goalkeeper,73,Mali,4930,['480947ea-7014-40fc-a4f1-6cfe37480dfe'],26,,,,,,,,,,,,,,,,,,Mali,4930,00:40:26.910,Ball Receipt*,
,,,,,,,,,,,,,,,,,,,,,,,,,30c99380-69dc-4282-ac90-52fe0bc478cd,1211,,"[34.8, 70.6]",3920417,40,,,,,,,,,,,,,,,,,,,,,,,,1,Regular Play,Hamari Traoré,3248.0,Right Back,73,Mali,4930,['722b58d3-2b9c-4963-aaea-74adc2d3945e'],30,,,,,,,,,,,,,,,,,,Mali,4930,00:40:30.069,Ball Receipt*,
,,,,,,,,,,,,,,,,,,,,,,,,,730ad98f-5942-4b99-98b0-642cedbcc23b,1214,,"[20.4, 60.1]",3920417,40,,,,,,,,,,,,,,,,,,,,,,,,1,Regular Play,Boubakar Kouyate,23331.0,Right Center Back,73,Mali,4930,['ba88c19a-7450-4bd9-8ed2-8c9fa8ef1e52'],35,,,,,,,,,,,,,,,,,,Mali,4930,00:40:35.217,Ball Receipt*,
,,,,,,,,,,,,,,,,,,,,,,,,,d50986df-d492-452a-a44c-5487105cb800,1217,,"[35.1, 29.8]",3920417,40,,,,,,,,,,,,,,,,,,,,,,,,1,Regular Play,Yves Bissouma,4385.0,Left Defensive Midfield,73,Mali,4930,['dbb2042a-55a5-4e22-9b03-f6666e91e0e5'],38,,,,,,,,,,,,,,,,,,Mali,4930,00:40:38.478,Ball Receipt*,
,,,,,,,,,,,,,,,,,,,,,,,,,5ccbed41-4010-4628-93ec-9e4463e5a2b8,1220,,"[33.1, 18.8]",3920417,40,,,,,,,,,,,,,,,,,,,,,,,,1,Regular Play,Sikou Niakate,7295.0,Left Center Back,73,Mali,4930,['905b5cce-5118-4ad8-9ff2-49f291a1fe6c'],40,,,,,,,,,,,,,,,,,,Mali,4930,00:40:40.620,Ball Receipt*,
,,,,,,,,,,,,,,,,,,,,,,,,,7399b2ef-448c-4bf7-a650-ba778eff7daa,1223,,"[42.2, 7.3]",3920417,40,,,,,,,,,,,,,,,,,,,,,,,,1,Regular Play,Moussa Diarra,32952.0,Left Back,73,Mali,4930,['ee82f2d4-c072-429e-bbe4-6713055fde81'],43,,,,,,,,,,,,,,,,,,Mali,4930,00:40:43.845,Ball Receipt*,
,,,,,,,,,,,,,,,,,,,,,,,,,cb348be9-26a2-4f64-90ba-83e035924ea7,1226,,"[63.1, 5.1]",3920417,40,,,,,,,,,,,,,,,,,,,,,,,,1,Regular Play,Nene Dorgeles,199653.0,Left Midfield,73,Mali,4930,['d0a79331-5a50-411b-9456-8d5be5fc8e70'],46,,,,,,,,,,,,,,,,,,Mali,4930,00:40:46.557,Ball Receipt*,
,,,,,,,,,,,,,,,,,,,,,,,,,8258b7a3-79df-466b-8c9b-ad5f4426252f,1229,,"[48.3, 9.3]",3920417,40,,,,,,,,,,,,,,,,,,,,,,,,1,Regular Play,Moussa Diarra,32952.0,Left Back,73,Mali,4930,['b431f9bb-1549-4799-b57a-50a4d3c226d7'],49,,,,,,,,,,,,,,,,,,Mali,4930,00:40:49.061,Ball Receipt*,
,,,,,,,,,,,,,,,,,,,,,,,,,90ed69d1-2dd3-4b12-9e6d-306907d43418,1232,,"[33.6, 18.8]",3920417,40,,,,,,,,,,,,,,,,,,,,,,,,1,Regular Play,Sikou Niakate,7295.0,Left Center Back,73,Mali,4930,['2ca1b5a3-b1d7-409a-aafc-331ebc1b15c1'],51,,,,,,,,,,,,,,,,,,Mali,4930,00:40:51.761,Ball Receipt*,
,,,,,,,,,,,,,,,,,,,,,,,,,9366cd53-ae0d-49f9-8026-827de6305d5b,1235,,"[34.4, 62.4]",3920417,40,,,,,,,,,,,,,,,,,,,,,,,,1,Regular Play,Boubakar Kouyate,23331.0,Right Center Back,73,Mali,4930,['37084610-39c6-4311-a209-d4686fe2f4ab'],54,,,,,,,,,,,,,,,,,,Mali,4930,00:40:54.039,Ball Receipt*,
,,,,,,,,,,,,,,,,,,,,,,,,,e914beec-daf2-4853-a6f7-eb3dda478dab,1238,,"[47.9, 74.6]",3920417,40,,,,,,,,,,,,,,,,,,,,,,,,1,Regular Play,Hamari Traoré,3248.0,Right Back,73,Mali,4930,['da6f5dbc-6e48-4051-90d6-b3b59eb0363a'],56,,,,,,,,,,,,,,,,,,Mali,4930,00:40:56.471,Ball Receipt*,
,,,,,,,,,,,,,,,,,,,,,,,,,87028abb-b39b-4bf5-bb2b-dabcb3cb0474,1241,,"[56.1, 64.1]",3920417,40,,,,,,,,,,,,,,,,,,,,,,,,1,Regular Play,Aliou Dieng,67714.0,Right Defensive Midfield,73,Mali,4930,['d0a9666a-0d25-475f-a011-2c6e6dcb5166'],59,,,,,,,,,,,,,,,,,,Mali,4930,00:40:59.027,Ball Receipt*,
Incomplete,,,,,,,,,,,,,,,,,,,,,,,,,426488c8-b13b-4e60-8238-c4fe742725e0,1245,,"[110.1, 71.8]",3920417,41,,,,,,,,,,,,,,,,,,,,,,,,1,Regular Play,Fousseni Diabaté,3710.0,Right Midfield,73,Mali,4930,['f0414bde-f971-445d-9b5b-6c81b0981c66'],5,,,,,,,,,,,,,,,,,,Mali,4930,00:41:05.042,Ball Receipt*,
Incomplete,,,,,,,,,,,,,,,,,,,,,,,,,9cfd1e81-fc78-4d73-b7a6-35b79d5fb8f0,1249,,"[77.3, 14.4]",3920417,41,,,,,,,,,,,,,,,,,,,,,,,,1,From Free Kick,Peter Shalulile,65723.0,Center Forward,74,Namibia,4980,['317b60b5-bd2f-4486-a026-2238580dee09'],50,,,,,,,,,,,,,,,,,,Namibia,4980,00:41:50.631,Ball Receipt*,
Incomplete,,,,,,,,,,,,,,,,,,,,,,,,,101882ec-0a30-4f56-b0c3-72daa28d300c,1252,,"[65.3, 70.4]",3920417,41,,,,,,,,,,,,,,,,,,,,,,,,1,From Free Kick,Lassine Sinayoko,105182.0,Left Center Forward,74,Namibia,4980,['555149a1-1f48-4888-ab5e-b6670c644dd5'],53,,,,,,,,,,,,,,,,,,Mali,4930,00:41:53.051,Ball Receipt*,
,,,,,,,,,,,,,,,,,,,,,,,,,5dbcd0c6-cf24-4feb-a7fa-952de51211fe,1254,,"[65.3, 13.8]",3920417,41,,,,,,,,,,,,,,,,,,,,,,,,1,From Free Kick,Ngero Kaanjuka Katua,389316.0,Left Center Midfield,74,Namibia,4980,['0edb9503-932e-4c2a-a75f-f8f0c19204f6'],53,,,,,,,,,,,,,,,,,,Namibia,4980,00:41:53.887,Ball Receipt*,
Incomplete,,,,,,,,,,,,,,,,,,,,,,,,,5491b3f5-4e9f-4400-b038-0441e2f09e46,1257,,"[90.3, 9.4]",3920417,41,,,,,,,,,,,,,,,,,,,,,,,,1,From Free Kick,Deon Hotto Kavendji,64612.0,Left Midfield,74,Namibia,4980,['4056ef5e-19d7-42c4-9522-6fcb3335ef79'],56,,,,,,,,,,,,,,,,,,Namibia,4980,00:41:56.383,Ball Receipt*,
,,,,,,,,,,,,,,,,,,,,,,,,,7bbd244e-46d5-4bd1-bc85-2e60ff4de7af,1260,,"[56.8, 6.1]",3920417,42,,,,,,,,,,,,,,,,,,,,,,,,1,From Throw In,Lubeni Haukongo,135004.0,Left Center Back,75,Namibia,4980,['f3226f42-27b9-4dfa-b847-70973eb9b3ec'],13,,,,,,,,,,,,,,,,,,Namibia,4980,00:42:13.966,Ball Receipt*,
,,,,,,,,,,,,,,,,,,,,,,,,,cd4df091-9b59-4150-a084-ea64483d8b9f,1263,,"[55.1, 40.3]",3920417,42,,,,,,,,,,,,,,,,,,,,,,,,1,From Throw In,Kennedy Amutenya,264381.0,Right Center Back,75,Namibia,4980,['b2facf96-b2bc-48f0-abba-898b58508c72'],17,,,,,,,,,,,,,,,,,,Namibia,4980,00:42:17.431,Ball Receipt*,
,,,,,,,,,,,,,,,,,,,,,,,,,9d194d95-7250-4a13-946c-a599f4cc6daf,1267,,"[53.7, 12.8]",3920417,42,,,,,,,,,,,,,,,,,,,,,,,,1,From Throw In,Lubeni Haukongo,135004.0,Left Center Back,75,Namibia,4980,['5375da07-1e3b-46e3-b3ca-ce743160b92c'],20,,,,,,,,,,,,,,,,,,Namibia,4980,00:42:20.955,Ball Receipt*,
Incomplete,,,,,,,,,,,,,,,,,,,,,,,,,bd15142e-7edb-43c3-b1b3-5481d9e501cc,1270,,"[107.9, 3.8]",3920417,42,,,,,,,,,,,,,,,,,,,,,,,,1,From Throw In,Deon Hotto Kavendji,64612.0,Left Midfield,75,Namibia,4980,['18cbcce8-9622-4431-b396-8d21cf06165a'],26,,,,,,,,,,,,,,,,,,Namibia,4980,00:42:26.628,Ball Receipt*,
,,,,,,,,,,,,,,,,,,,,,,,,,69404a01-1317-4724-8ad5-666d1e280f00,1272,,"[23.9, 74.5]",3920417,42,,,,,,,,,,,,,,,,,,,,,,,,1,From Throw In,Fousseni Diabaté,3710.0,Right Midfield,76,Mali,4930,['69936f87-4a04-420d-b1ab-196ca705ca49'],50,,,,,,,,,,,,,,,,,,Mali,4930,00:42:50.473,Ball Receipt*,
Incomplete,,,,,,,,,,,,,,,,,,,,,,,,,f5e1601f-4776-48aa-bb90-1ae42cfdfc7c,1274,,"[56.5, 66.2]",3920417,42,,,,,,,,,,,,,,,,,,,,,,,,1,From Throw In,Lassine Sinayoko,105182.0,Left Center Forward,76,Mali,4930,['2f0122fe-97eb-44bb-b4ad-bebe09954b4c'],51,,,,,,,,,,,,,,,,,,Mali,4930,00:42:51.596,Ball Receipt*,
,,,,,,,,,,,,,,,,,,,,,,,,,872df7c9-3bc9-4ebe-8919-012786d03e36,1279,,"[83.9, 16.6]",3920417,42,,,,,,,,,,,,,,,,,,,,,,,,1,Regular Play,Ngero Kaanjuka Katua,389316.0,Left Center Midfield,77,Namibia,4980,['2075d0d9-8a0f-4236-925a-c59242bc4efb'],53,,,,,,,,,,,,,,,,,,Namibia,4980,00:42:53.185,Ball Receipt*,
Incomplete,,,,,,,,,,,,,,,,,,,,,,,,,feff7cba-0f6b-4798-9d1a-4efc771967d7,1284,,"[111.2, 39.9]",3920417,43,,,,,,,,,,,,,,,,,,,,,,,,1,From Free Kick,Peter Shalulile,65723.0,Center Forward,78,Namibia,4980,['6783bc69-1ea9-4367-bf78-bb11ec373e33'],36,,,,,,,,,,,,,,,,,,Namibia,4980,00:43:36.695,Ball Receipt*,
Incomplete,,,,,,,,,,,,,,,,,,,,,,,,,107e4567-644d-4c9b-ab4d-790606e7b73a,1290,,"[105.9, 43.6]",3920417,43,,,,,,,,,,,,,,,,,,,,,,,,1,From Free Kick,Aprocious Petrus,136406.0,Center Defensive Midfield,78,Namibia,4980,['df477861-5f54-474f-a1fa-14df572b1f01'],41,,,,,,,,,,,,,,,,,,Namibia,4980,00:43:41.349,Ball Receipt*,
,,,,,,,,,,,,,,,,,,,,,,,,,39b8f2c3-c01b-465d-ae7e-60642ee1e378,1300,,"[25.4, 31.9]",3920417,43,,,,,,,,,,,,,,,,,,,,,,,,1,From Free Kick,Lloyd Junior Kazapua,125324.0,Goalkeeper,78,Namibia,4980,['acb3cac4-99b3-4163-8e4b-fe04852cb982'],50,,,,,,,,,,,,,,,,,,Namibia,4980,00:43:50.863,Ball Receipt*,
,,,,,,,,,,,,,,,,,,,,,,,,,2667dea3-fd73-48be-a44b-398a5c5321fa,1303,,"[76.5, 73.8]",3920417,43,,,,,,,,,,,,,,,,,,,,,,,,1,From Free Kick,Ivan Kamberipa,103799.0,Right Back,78,Namibia,4980,['083b1a42-73f9-4800-abca-8a53a9d66e99'],55,,,,,,,,,,,,,,,,,,Namibia,4980,00:43:55.393,Ball Receipt*,
,,,,,,,,,,,,,,,,,,,,,,,,,6031584c-7519-4347-9975-692388e33711,1307,,"[34.8, 13.2]",3920417,44,,,,,,,,,,,,,,,,,,,,,,,,1,From Throw In,Sikou Niakate,7295.0,Left Center Back,79,Mali,4930,['dd9a4b22-b140-4904-8957-caa74c09ecc1'],11,,,,,,,,,,,,,,,,,,Mali,4930,00:44:11.825,Ball Receipt*,
,,,,,,,,,,,,,,,,,,,,,,,,,cec0dcd2-1b56-459d-9786-0915e466733d,1310,,"[42.6, 71.3]",3920417,44,,,,,,,,,,,,,,,,,,,,,,,,1,From Throw In,Hamari Traoré,3248.0,Right Back,79,Mali,4930,['596ee159-d232-4994-b122-9d339e955800'],17,,,,,,,,,,,,,,,,,,Mali,4930,00:44:17.347,Ball Receipt*,
,,,,,,,,,,,,,,,,,,,,,,,,,7b81184f-df82-4070-b445-5ec9b8c44f4e,1313,,"[59.4, 76.3]",3920417,44,,,,,,,,,,,,,,,,,,,,,,,,1,From Throw In,Fousseni Diabaté,3710.0,Right Midfield,79,Mali,4930,['b5a6a862-0f4e-4156-aeba-f25b3574a3de'],21,,,,,,,,,,,,,,,,,,Mali,4930,00:44:21.290,Ball Receipt*,
,,,,,,,,,,,,,,,,,,,,,,,,,c655fee3-a355-4185-8865-fbfcd9e17d0e,1316,,"[41.5, 64.8]",3920417,44,,,,,,,,,,,,,,,,,,,,,,,,1,From Throw In,Boubakar Kouyate,23331.0,Right Center Back,79,Mali,4930,['c981ed9d-a984-4671-80d9-f91c287e1148'],25,,,,,,,,,,,,,,,,,,Mali,4930,00:44:25.223,Ball Receipt*,
,,,,,,,,,,,,,,,,,,,,,,,,,9809843b-f8f2-4d6b-8d67-e1bfa9d447e1,1319,,"[42.8, 25.9]",3920417,44,,,,,,,,,,,,,,,,,,,,,,,,1,From Throw In,Sikou Niakate,7295.0,Left Center Back,79,Mali,4930,['75aedac9-7222-497a-8e96-ab27d23dbeda'],28,,,,,,,,,,,,,,,,,,Mali,4930,00:44:28.376,Ball Receipt*,
,,,,,,,,,,,,,,,,,,,,,,,,,8d67d932-48d2-4e24-bfdd-6ae8ae5f7b28,1322,,"[48.3, 51.6]",3920417,44,,,,,,,,,,,,,,,,,,,,,,,,1,From Throw In,Boubakar Kouyate,23331.0,Right Center Back,79,Mali,4930,['68aa6a12-bd2a-43ef-b388-dc5ede9192d4'],33,,,,,,,,,,,,,,,,,,Mali,4930,00:44:33.036,Ball Receipt*,
,,,,,,,,,,,,,,,,,,,,,,,,,c47fa02c-9db2-4484-b85a-01b84dbc7d35,1325,,"[53.7, 29.8]",3920417,44,,,,,,,,,,,,,,,,,,,,,,,,1,From Throw In,Sikou Niakate,7295.0,Left Center Back,79,Mali,4930,['9b781f39-c04d-462a-9ade-b322ad2a70c6'],40,,,,,,,,,,,,,,,,,,Mali,4930,00:44:40.760,Ball Receipt*,
,,,,,,,,,,,,,,,,,,,,,,,,,e6fe25e6-c11c-4fc8-b134-2aba98ab6d50,1328,,"[63.1, 24.0]",3920417,44,,,,,,,,,,,,,,,,,,,,,,,,1,From Throw In,Yves Bissouma,4385.0,Left Defensive Midfield,79,Mali,4930,['a7d729e5-73eb-4bed-aaac-7564e96d43ed'],42,,,,,,,,,,,,,,,,,,Mali,4930,00:44:42.359,Ball Receipt*,
,,,,,,,,,,,,,,,,,,,,,,,,,2eeab2c9-5b2f-4342-a47e-a17e40319879,1331,,"[52.5, 27.9]",3920417,44,,,,,,,,,,,,,,,,,,,,,,,,1,From Throw In,Sikou Niakate,7295.0,Left Center Back,79,Mali,4930,['742ae27b-b078-4673-8804-e742d276ed5e'],43,,,,,,,,,,,,,,,,,,Mali,4930,00:44:43.517,Ball Receipt*,
,,,,,,,,,,,,,,,,,,,,,,,,,9bcc049e-7bff-407a-9f3e-2df2b62cb18d,1334,,"[53.4, 55.6]",3920417,44,,,,,,,,,,,,,,,,,,,,,,,,1,From Throw In,Boubakar Kouyate,23331.0,Right Center Back,79,Mali,4930,['795456ac-3e66-499f-9824-923b52a0b8d1'],46,,,,,,,,,,,,,,,,,,Mali,4930,00:44:46.672,Ball Receipt*,
,,,,,,,,,,,,,,,,,,,,,,,,,043c3b27-bbf8-4e01-a24d-c6a96d936379,1337,,"[77.6, 75.2]",3920417,44,,,,,,,,,,,,,,,,,,,,,,,,1,From Throw In,Fousseni Diabaté,3710.0,Right Midfield,79,Mali,4930,['72d2af9e-8cdf-4f48-994b-f8eaa3b779f0'],50,,,,,,,,,,,,,,,,,,Mali,4930,00:44:50.013,Ball Receipt*,
,,,,,,,,,,,,,,,,,,,,,,,,,58d70b4a-6828-48fa-ae6a-a762d419168a,1341,,"[62.5, 70.6]",3920417,44,,,,,,,,,,,,,,,,,,,,,,,,1,From Throw In,Boubakar Kouyate,23331.0,Right Center Back,79,Mali,4930,['159e5a6b-e8b7-4a53-b780-b8b49ba2446b'],52,,,,,,,,,,,,,,,,,,Mali,4930,00:44:52.525,Ball Receipt*,
,,,,,,,,,,,,,,,,,,,,,,,,,85db4bc0-6d5b-408f-8e6e-a1a00fcc10c2,1344,,"[22.8, 53.7]",3920417,44,,,,,,,,,,,,,,,,,,,,,,,,1,From Throw In,Djigui Diarra,102992.0,Goalkeeper,79,Mali,4930,['c68bd050-cd5c-4297-b093-4c87d2b699a1'],57,,,,,,,,,,,,,,,,,,Mali,4930,00:44:57.293,Ball Receipt*,
,,,,,,,,,,,,,,,,,,,,,,,,,e21f0fb9-a747-4d35-b52c-94d5bdaac7a5,1347,,"[34.8, 24.6]",3920417,45,,,,,,,,,,,,,,,,,,,,,,,,1,From Throw In,Sikou Niakate,7295.0,Left Center Back,79,Mali,4930,['fc53273c-0d5c-4ddf-afaf-f8755a4895e8'],0,,,,,,,,,,,,,,,,,,Mali,4930,00:45:00.684,Ball Receipt*,
Incomplete,,,,,,,,,,,,,,,,,,,,,,,,,a4bb911e-1bfb-4941-946c-31c83b17a4da,1350,,"[116.5, 75.1]",3920417,45,,,,,,,,,,,,,,,,,,,,,,,,1,From Throw In,Fousseni Diabaté,3710.0,Right Midfield,79,Mali,4930,['ab3c4f41-193d-41b2-b205-63cf2124202d'],8,,,,,,,,,,,,,,,,,,Mali,4930,00:45:08.659,Ball Receipt*,
Incomplete,,,,,,,,,,,,,,,,,,,,,,,,,988f4583-ccfc-4760-a3ac-44aeec7af015,1352,,"[81.8, 20.5]",3920417,45,,,,,,,,,,,,,,,,,,,,,,,,1,From Goal Kick,Peter Shalulile,65723.0,Center Forward,80,Namibia,4980,['c6fdce64-da3b-482e-b510-f5ec2fad63d1'],43,,,,,,,,,,,,,,,,,,Namibia,4980,00:45:43.833,Ball Receipt*,
,,,,,,,,,,,,,,,,,,,,,,,,,b5fb5249-54f2-4be7-85be-f426630b58ea,1354,,"[34.2, 51.0]",3920417,45,,,,,,,,,,,,,,,,,,,,,,,,1,From Free Kick,Hamari Traoré,3248.0,Right Back,81,Mali,4930,['cb558251-7656-4175-bd24-690016ac19bf'],52,,,,,,,,,,,,,,,,,,Mali,4930,00:45:52.344,Ball Receipt*,
,,,,,,,,,,,,,,,,,,,,,,,,,94d9bb65-1ed5-47e4-b1db-c9c3ad9d88d1,1356,,"[34.8, 37.4]",3920417,45,,,,,,,,,,,,,,,,,,,,,,,,1,From Free Kick,Sikou Niakate,7295.0,Left Center Back,81,Mali,4930,['4a63ad51-a993-4641-9b53-df3fdc617f5b'],54,,,,,,,,,,,,,,,,,,Mali,4930,00:45:54.225,Ball Receipt*,
,,,,,,,,,,,,,,,,,,,,,,,,,3015099c-7882-4521-9848-63c485f0485b,1359,,"[43.6, 12.6]",3920417,45,,,,,,,,,,,,,,,,,,,,,,,,1,From Free Kick,Moussa Diarra,32952.0,Left Back,81,Mali,4930,['3d126f7d-5642-41d4-bcd9-e3c4b1c324e9'],57,,,,,,,,,,,,,,,,,,Mali,4930,00:45:57.225,Ball Receipt*,
,,,,,,,,,,,,,,,,,,,,,,,,,738ab2ab-24fc-43a0-8160-2659eef61c7d,1362,,"[70.9, 5.4]",3920417,45,,,,,,,,,,,,,,,,,,,,,,,,1,From Free Kick,Nene Dorgeles,199653.0,Left Midfield,81,Mali,4930,['df66a223-ec28-4cf6-81d9-13b610215c37'],59,,,,,,,,,,,,,,,,,,Mali,4930,00:45:59.939,Ball Receipt*,
,,,,,,,,,,,,,,,,,,,,,,,,,565f4c03-03bc-410d-a5f8-bb6d52affb1e,1372,,"[64.2, 72.8]",3920417,46,,,,,,,,,,,,,,,,,,,,,,,,1,From Free Kick,Deon Hotto Kavendji,64612.0,Left Midfield,83,Namibia,4980,['0ae1df90-70aa-438e-aa26-92f6b5c4bd40'],55,,,,,,,,,,,,,,,,,,Namibia,4980,00:46:55.108,Ball Receipt*,
,,,,,,,,,,,,,,,,,,,,,,,,,10f1ff55-1fdc-4726-844d-32279b594ee7,1374,,"[97.5, 59.7]",3920417,46,,,,,,,,,,,,,,,,,,,,,,,,1,From Free Kick,Peter Shalulile,65723.0,Center Forward,83,Namibia,4980,['8b76f383-57d4-4f6d-995f-b2885d608f5e'],57,,,,,,,,,,,,,,,,,,Namibia,4980,00:46:57.793,Ball Receipt*,
Incomplete,,,,,,,,,,,,,,,,,,,,,,,,,9cd6dda9-34cb-4b82-99be-f9bbaba86443,1380,,"[115.9, 46.6]",3920417,48,,,,,,,,,,,,,,,,,,,,,,,,1,From Free Kick,Peter Shalulile,65723.0,Center Forward,84,Namibia,4980,['544afa0f-ee80-4c6e-92c8-f0be3157ab60'],8,,,,,,,,,,,,,,,,,,Namibia,4980,00:48:08.103,Ball Receipt*,
Incomplete,,,,,,,,,,,,,,,,,,,,,,,,,ce8bf3bb-a18e-4747-862e-ba1bb08183a5,1383,,"[111.7, 35.0]",3920417,48,,,,,,,,,,,,,,,,,,,,,,,,1,From Corner,Peter Shalulile,65723.0,Center Forward,85,Namibia,4980,['cd2c9c89-a78d-4059-bb22-bec5b129215d'],49,,,,,,,,,,,,,,,,,,Namibia,4980,00:48:49.409,Ball Receipt*,
,,,,,,,,,,,,,,,,,,,,,,,,,81f6d1c6-7ce1-4299-8ae5-2d084e7fc92f,1389,,"[28.6, 50.4]",3920417,48,,,,,,,,,,,,,,,,,,,,,,,,1,From Corner,Hamari Traoré,3248.0,Right Back,85,Namibia,4980,['c0087e10-c33f-420b-b860-bedbe63f014a'],52,,,,,,,,,,,,,,,,,,Mali,4930,00:48:52.998,Ball Receipt*,
,,,,,,,,,,,,,,,,,,,,,,,,,5ddb32be-f561-4571-b87e-83153bd4fd68,1399,,"[38.3, 26.3]",3920417,45,,,,,,,,,,,,,,,,,,,,,,,,2,From Kick Off,Lubeni Haukongo,135004.0,Left Center Back,86,Namibia,4980,['7a91309d-da3e-4493-8bf9-58b0ab77cf05'],3,,,,,,,,,,,,,,,,,,Namibia,4980,00:00:03.008,Ball Receipt*,
Incomplete,,,,,,,,,,,,,,,,,,,,,,,,,906f75c3-0c7a-4774-aae0-08c91a872d68,1402,,"[97.8, 58.1]",3920417,45,,,,,,,,,,,,,,,,,,,,,,,,2,From Kick Off,Peter Shalulile,65723.0,Center Forward,86,Namibia,4980,['88d70313-b599-4107-ae7b-cc4e59a926ec'],8,,,,,,,,,,,,,,,,,,Namibia,4980,00:00:08.118,Ball Receipt*,
,,,,,,,,,,,,,,,,,,,,,,,,,537bf358-56dd-4401-bee7-0bb9a30e0551,1406,,"[55.1, 50.0]",3920417,45,,,,,,,,,,,,,,,,,,,,,,,,2,Regular Play,Youssoufou Niakaté,51750.0,Right Center Forward,87,Mali,4930,['48a2d444-5e63-45eb-a227-e3cf547fef8f'],12,,,,,,,,,,,,,,,,,,Mali,4930,00:00:12.794,Ball Receipt*,
,,,,,,,,,,,,,,,,,,,,,,,,,6d1916e4-6c8f-4f94-b057-67e433f925e3,1408,,"[52.5, 62.5]",3920417,45,,,,,,,,,,,,,,,,,,,,,,,,2,Regular Play,Fousseni Diabaté,3710.0,Right Midfield,87,Mali,4930,['36120acd-7065-48a8-8f57-7114e03b10d5'],13,,,,,,,,,,,,,,,,,,Mali,4930,00:00:13.983,Ball Receipt*,
,,,,,,,,,,,,,,,,,,,,,,,,,faa17eae-562d-449d-89ca-a231fea3a850,1412,,"[59.0, 53.8]",3920417,45,,,,,,,,,,,,,,,,,,,,,,,,2,Regular Play,Youssoufou Niakaté,51750.0,Right Center Forward,87,Mali,4930,"['49912920-bbd2-444d-ac05-424ee822aea2', 'cec1c45c-842f-4484-acd4-1b13ec5f2e8e']",14,,,,,,,,,,,,,,,,,,Mali,4930,00:00:14.853,Ball Receipt*,True
Incomplete,,,,,,,,,,,,,,,,,,,,,,,,,4d9a1957-e5da-4615-982e-ccf81c7a80f8,1419,,"[89.2, 44.9]",3920417,45,,,,,,,,,,,,,,,,,,,,,,,,2,Regular Play,Peter Shalulile,65723.0,Center Forward,87,Mali,4930,['2c507038-d4d0-4c8a-a44e-5b17d41e7714'],19,,,,,,,,,,,,,,,,,,Namibia,4980,00:00:19.974,Ball Receipt*,
Incomplete,,,,,,,,,,,,,,,,,,,,,,,,,cd7df231-be2d-4fee-a2a7-c67cccf9c0b2,1423,,"[86.4, 74.4]",3920417,45,,,,,,,,,,,,,,,,,,,,,,,,2,Regular Play,Fousseni Diabaté,3710.0,Right Midfield,87,Mali,4930,['4f9e0292-6371-4d9b-8f4b-d8e4fdcca144'],40,,,,,,,,,,,,,,,,,,Mali,4930,00:00:40.523,Ball Receipt*,
,,,,,,,,,,,,,,,,,,,,,,,,,baa439c0-d1da-4aee-9c39-e5eacf694a77,1425,,"[5.6, 28.7]",3920417,45,,,,,,,,,,,,,,,,,,,,,,,,2,Regular Play,Lloyd Junior Kazapua,125324.0,Goalkeeper,87,Mali,4930,['a3b0857f-7b1c-40ea-aefe-92abef92392a'],43,,,,,,,,,,,,,,,,,,Namibia,4980,00:00:43.248,Ball Receipt*,
Incomplete,,,,,,,,,,,,,,,,,,,,,,,,,67ddd9ab-17d3-43f4-9c11-ebc8e5305026,1428,,"[89.8, 65.7]",3920417,46,,,,,,,,,,,,,,,,,,,,,,,,2,Regular Play,Peter Shalulile,65723.0,Center Forward,87,Mali,4930,['fd19b3c4-4ee4-4077-837d-c99f0205e7f9'],9,,,,,,,,,,,,,,,,,,Namibia,4980,00:01:09.894,Ball Receipt*,
,,,,,,,,,,,,,,,,,,,,,,,,,c290313d-1fe2-4e40-990a-eb763867689e,1431,,"[38.7, 16.3]",3920417,46,,,,,,,,,,,,,,,,,,,,,,,,2,Regular Play,Nene Dorgeles,199653.0,Left Midfield,87,Mali,4930,['68b66aa5-6d51-430d-a234-d6adfde9bc6f'],12,,,,,,,,,,,,,,,,,,Mali,4930,00:01:12.193,Ball Receipt*,
Incomplete,,,,,,,,,,,,,,,,,,,,,,,,,0d8176b3-9a3d-4028-baf2-b26f3c14bcd2,1434,,"[44.8, 18.6]",3920417,46,,,,,,,,,,,,,,,,,,,,,,,,2,Regular Play,Lassine Sinayoko,105182.0,Left Center Forward,87,Mali,4930,['0086b407-e90c-4076-ab21-c0e93e5b3825'],13,,,,,,,,,,,,,,,,,,Mali,4930,00:01:13.842,Ball Receipt*,
,,,,,,,,,,,,,,,,,,,,,,,,,2ccfd574-b490-4b24-bcc3-4ffd809eda9d,1436,,"[81.4, 71.8]",3920417,46,,,,,,,,,,,,,,,,,,,,,,,,2,Regular Play,Muzeu Bethuel,389319.0,Right Midfield,88,Namibia,4980,['bebf4972-cd02-41ad-b18f-7838bc2466ad'],16,,,,,,,,,,,,,,,,,,Namibia,4980,00:01:16.112,Ball Receipt*,
,,,,,,,,,,,,,,,,,,,,,,,,,82e38bcd-7f9f-4021-9c4b-f7c176c8c62e,1443,,"[85.1, 11.8]",3920417,46,,,,,,,,,,,,,,,,,,,,,,,,2,Regular Play,Deon Hotto Kavendji,64612.0,Left Midfield,88,Namibia,4980,['98740945-2fbc-45ed-af1e-0437ec6ea34e'],21,,,,,,,,,,,,,,,,,,Namibia,4980,00:01:21.425,Ball Receipt*,
,,,,,,,,,,,,,,,,,,,,,,,,,5ca0854f-4bda-4b08-b8c0-413ed36bd534,1446,,"[67.2, 7.9]",3920417,46,,,,,,,,,,,,,,,,,,,,,,,,2,Regular Play,Riaan Hanamub,65555.0,Left Back,88,Namibia,4980,['79f302ba-a820-4b0e-9515-0264d4dc07bb'],24,,,,,,,,,,,,,,,,,,Namibia,4980,00:01:24.506,Ball Receipt*,
,,,,,,,,,,,,,,,,,,,,,,,,,f66518ee-bf48-4911-aae1-11feb1a9d1ee,1449,,"[42.0, 9.0]",3920417,46,,,,,,,,,,,,,,,,,,,,,,,,2,Regular Play,Lubeni Haukongo,135004.0,Left Center Back,88,Namibia,4980,['675ae86b-48f2-48df-8090-111c324882da'],26,,,,,,,,,,,,,,,,,,Namibia,4980,00:01:26.746,Ball Receipt*,
,,,,,,,,,,,,,,,,,,,,,,,,,a48d8611-bd08-4470-b6d4-8e2839903a38,1453,,"[49.4, 18.4]",3920417,46,,,,,,,,,,,,,,,,,,,,,,,,2,Regular Play,Aprocious Petrus,136406.0,Center Defensive Midfield,88,Namibia,4980,"['5adb2a03-0fd9-4ee0-b09b-819f62529c4e', '3e276621-85c9-4a3a-a180-9c4566e3f468']",30,,,,,,,,,,,,,,,,,,Namibia,4980,00:01:30.132,Ball Receipt*,True
Incomplete,,,,,,,,,,,,,,,,,,,,,,,,,273a4955-875f-4616-b9ff-ff4136257b4c,1456,,"[71.1, 5.9]",3920417,46,,,,,,,,,,,,,,,,,,,,,,,,2,Regular Play,Deon Hotto Kavendji,64612.0,Left Midfield,88,Namibia,4980,['cac3dec8-e25d-49d1-9d67-7ce74afe937b'],31,,,,,,,,,,,,,,,,,,Namibia,4980,00:01:31.606,Ball Receipt*,
,,,,,,,,,,,,,,,,,,,,,,,,,208a641f-b59c-41f9-a000-de8d31834ca1,1460,,"[6.3, 54.7]",3920417,46,,,,,,,,,,,,,,,,,,,,,,,,2,Regular Play,Djigui Diarra,102992.0,Goalkeeper,89,Mali,4930,['5b7f5c75-7a2d-48e4-b13b-ad625466bb8d'],36,,,,,,,,,,,,,,,,,,Mali,4930,00:01:36.942,Ball Receipt*,
Incomplete,,,,,,,,,,,,,,,,,,,,,,,,,5cbe7f9d-3ee8-4a07-95ad-29a66a5e1387,1462,,"[58.7, 63.6]",3920417,46,,,,,,,,,,,,,,,,,,,,,,,,2,Regular Play,Lassine Sinayoko,105182.0,Left Center Forward,89,Mali,4930,['13cc8208-1fe3-42b9-ac8d-11b452998180'],39,,,,,,,,,,,,,,,,,,Mali,4930,00:01:39.923,Ball Receipt*,
Incomplete,,,,,,,,,,,,,,,,,,,,,,,,,e3c8dcdc-37d0-41d2-8d03-0a5797ef7236,1464,,"[100.3, 9.3]",3920417,46,,,,,,,,,,,,,,,,,,,,,,,,2,Regular Play,Prins Menelik Tjiueza,103803.0,Right Center Midfield,89,Mali,4930,['f8dde755-156e-4313-94ab-69f8854a7d2f'],43,,,,,,,,,,,,,,,,,,Namibia,4980,00:01:43.355,Ball Receipt*,
,,,,,,,,,,,,,,,,,,,,,,,,,5230705b-d6d3-4712-9b30-928a6a26e59e,1466,,"[71.2, 31.6]",3920417,47,,,,,,,,,,,,,,,,,,,,,,,,2,From Free Kick,Boubakar Kouyate,23331.0,Right Center Back,90,Mali,4930,['0aaba3f8-f291-42e5-b2da-639eaab1c5d0'],3,,,,,,,,,,,,,,,,,,Mali,4930,00:02:03.611,Ball Receipt*,
Incomplete,,,,,,,,,,,,,,,,,,,,,,,,,60efef75-42db-464e-b71f-8a7e06dff212,1468,,"[68.1, 7.8]",3920417,47,,,,,,,,,,,,,,,,,,,,,,,,2,From Free Kick,Lassine Sinayoko,105182.0,Left Center Forward,90,Mali,4930,['363c81d4-68c8-4543-b64b-3a72ce151ef6'],7,,,,,,,,,,,,,,,,,,Mali,4930,00:02:07.713,Ball Receipt*,
,,,,,,,,,,,,,,,,,,,,,,,,,de14093b-5acb-47e0-aa5a-87f2b7e4ad98,1470,,"[62.9, 53.5]",3920417,47,,,,,,,,,,,,,,,,,,,,,,,,2,Regular Play,Muzeu Bethuel,389319.0,Right Midfield,91,Namibia,4980,['c6070bd7-70c4-400f-b13e-2bd2cf60eb11'],9,,,,,,,,,,,,,,,,,,Namibia,4980,00:02:09.433,Ball Receipt*,
,,,,,,,,,,,,,,,,,,,,,,,,,d7ecc523-eef6-4b17-8d9f-df8d0ad1e3a5,1474,,"[55.3, 63.5]",3920417,47,,,,,,,,,,,,,,,,,,,,,,,,2,Regular Play,Ivan Kamberipa,103799.0,Right Back,91,Namibia,4980,['c4ef7f1e-c8b6-480d-96d4-01ed9c098242'],11,,,,,,,,,,,,,,,,,,Namibia,4980,00:02:11.663,Ball Receipt*,
,,,,,,,,,,,,,,,,,,,,,,,,,e2e6dc94-c765-4b77-8396-8b61ed9a74af,1477,,"[37.0, 58.1]",3920417,47,,,,,,,,,,,,,,,,,,,,,,,,2,Regular Play,Kennedy Amutenya,264381.0,Right Center Back,91,Namibia,4980,['8c6f4260-e0a5-41d9-8816-9a88ebb0b192'],15,,,,,,,,,,,,,,,,,,Namibia,4980,00:02:15.072,Ball Receipt*,
Incomplete,,,,,,,,,,,,,,,,,,,,,,,,,b1d4994a-a1e8-44f4-81b2-7e4e61788c87,1480,,"[84.2, 59.6]",3920417,47,,,,,,,,,,,,,,,,,,,,,,,,2,Regular Play,Prins Menelik Tjiueza,103803.0,Right Center Midfield,91,Namibia,4980,['e879fe99-2cf3-4b00-b7aa-b7a36ce98951'],19,,,,,,,,,,,,,,,,,,Namibia,4980,00:02:19.472,Ball Receipt*,
,,,,,,,,,,,,,,,,,,,,,,,,,ea8f3d6b-37e6-42e5-a2f3-0bbccf8173f5,1483,,"[42.2, 4.2]",3920417,47,,,,,,,,,,,,,,,,,,,,,,,,2,Regular Play,Moussa Diarra,32952.0,Left Back,92,Mali,4930,"['7f0507aa-a249-44fb-b54d-78cad03b485f', '18c475f1-ab27-4501-876a-c4890a85bd09']",21,,,,,,,,,,,,,,,,,,Mali,4930,00:02:21.276,Ball Receipt*,True
Incomplete,,,,,,,,,,,,,,,,,,,,,,,,,a2ff7cc1-1c02-4de7-93b7-95ae3b2df912,1486,,"[60.5, 5.5]",3920417,47,,,,,,,,,,,,,,,,,,,,,,,,2,Regular Play,Lassine Sinayoko,105182.0,Left Center Forward,92,Mali,4930,['fb00572c-0813-41e3-81f4-8b94aabacc60'],21,,,,,,,,,,,,,,,,,,Mali,4930,00:02:21.502,Ball Receipt*,
,,,,,,,,,,,,,,,,,,,,,,,,,a02468c4-675c-4935-a12f-b6453d89f973,1490,,"[24.3, 8.1]",3920417,47,,,,,,,,,,,,,,,,,,,,,,,,2,From Throw In,Sikou Niakate,7295.0,Left Center Back,93,Mali,4930,['20448d18-4655-4861-8860-8f76588c94fa'],28,,,,,,,,,,,,,,,,,,Mali,4930,00:02:28.119,Ball Receipt*,
,,,,,,,,,,,,,,,,,,,,,,,,,4378ac03-6aef-4fcb-b537-6915811900dc,1492,,"[23.7, 41.6]",3920417,47,,,,,,,,,,,,,,,,,,,,,,,,2,From Throw In,Boubakar Kouyate,23331.0,Right Center Back,93,Mali,4930,['89e3861b-3194-48d2-88d4-109cd32ccf80'],31,,,,,,,,,,,,,,,,,,Mali,4930,00:02:31.367,Ball Receipt*,
,,,,,,,,,,,,,,,,,,,,,,,,,3803f93d-af93-4f65-a6c2-563a002e8214,1495,,"[39.5, 27.7]",3920417,47,,,,,,,,,,,,,,,,,,,,,,,,2,From Throw In,Yves Bissouma,4385.0,Left Defensive Midfield,93,Mali,4930,['33fe1e0a-39d1-4293-a6c6-4656fd4232f6'],36,,,,,,,,,,,,,,,,,,Mali,4930,00:02:36.137,Ball Receipt*,
Incomplete,,,,,,,,,,,,,,,,,,,,,,,,,da890bf7-b904-403a-972b-355abeb79c17,1498,,"[89.2, 74.7]",3920417,47,,,,,,,,,,,,,,,,,,,,,,,,2,From Throw In,Fousseni Diabaté,3710.0,Right Midfield,93,Mali,4930,['f39f2f36-112a-4490-ad14-b1a8693a2276'],41,,,,,,,,,,,,,,,,,,Mali,4930,00:02:41.111,Ball Receipt*,
Incomplete,,,,,,,,,,,,,,,,,,,,,,,,,9ecc0931-12b6-41a5-925a-464363b3279d,1501,,"[85.1, 61.3]",3920417,48,,,,,,,,,,,,,,,,,,,,,,,,2,From Throw In,Muzeu Bethuel,389319.0,Right Midfield,93,Mali,4930,['ed824c3f-3730-40e8-bc63-4b12be770d66'],4,,,,,,,,,,,,,,,,,,Namibia,4980,00:03:04.741,Ball Receipt*,
,,,,,,,,,,,,,,,,,,,,,,,,,e7a6d94f-b2ae-423e-89f9-6f535c74577c,1504,,"[39.2, 32.7]",3920417,48,,,,,,,,,,,,,,,,,,,,,,,,2,From Throw In,Aliou Dieng,67714.0,Right Defensive Midfield,93,Mali,4930,['d1a0cb4d-ccff-4d73-a020-4bfafbfef034'],5,,,,,,,,,,,,,,,,,,Mali,4930,00:03:05.719,Ball Receipt*,
,,,,,,,,,,,,,,,,,,,,,,,,,3f949506-8269-43ea-8bca-9c4531ca3f33,1508,,"[49.0, 31.3]",3920417,48,,,,,,,,,,,,,,,,,,,,,,,,2,From Throw In,Youssoufou Niakaté,51750.0,Right Center Forward,93,Mali,4930,"['31ae23fb-e0b8-4d18-a18f-81ded287459b', '1c9a3bb0-108d-43c0-9b52-235ad002f7b4']",6,,,,,,,,,,,,,,,,,,Mali,4930,00:03:06.343,Ball Receipt*,True
,,,,,,,,,,,,,,,,,,,,,,,,,0e474489-d3d2-42e9-885a-b3c87c745dbd,1515,,"[78.1, 57.9]",3920417,48,,,,,,,,,,,,,,,,,,,,,,,,2,Regular Play,Muzeu Bethuel,389319.0,Right Midfield,94,Namibia,4980,['efe60bba-3af1-47c6-885d-b71d6badb2f2'],8,,,,,,,,,,,,,,,,,,Namibia,4980,00:03:08.670,Ball Receipt*,
,,,,,,,,,,,,,,,,,,,,,,,,,a89c96e5-5f20-4caf-8ae9-f0330e371cd6,1518,,"[78.6, 32.7]",3920417,48,,,,,,,,,,,,,,,,,,,,,,,,2,Regular Play,Ngero Kaanjuka Katua,389316.0,Left Center Midfield,94,Namibia,4980,['3377ef40-745e-4378-bdef-076bd944ad0c'],11,,,,,,,,,,,,,,,,,,Namibia,4980,00:03:11.658,Ball Receipt*,
,,,,,,,,,,,,,,,,,,,,,,,,,b4fc0930-a887-429c-9ab2-c222e7bab184,1521,,"[85.4, 27.0]",3920417,48,,,,,,,,,,,,,,,,,,,,,,,,2,Regular Play,Deon Hotto Kavendji,64612.0,Left Midfield,94,Namibia,4980,['9c332915-72ca-4ab3-966d-68770a61e5cf'],12,,,,,,,,,,,,,,,,,,Namibia,4980,00:03:12.431,Ball Receipt*,
,,,,,,,,,,,,,,,,,,,,,,,,,9571346f-ac7c-4227-9682-3e799bbe340f,1524,,"[79.7, 15.1]",3920417,48,,,,,,,,,,,,,,,,,,,,,,,,2,Regular Play,Ngero Kaanjuka Katua,389316.0,Left Center Midfield,94,Namibia,4980,['d5712f92-da85-4a2e-896e-559e6cbb5c66'],13,,,,,,,,,,,,,,,,,,Namibia,4980,00:03:13.649,Ball Receipt*,
,,,,,,,,,,,,,,,,,,,,,,,,,d889dd54-04db-4d6a-ab64-e17e10e4d0ca,1527,,"[55.1, 15.7]",3920417,48,,,,,,,,,,,,,,,,,,,,,,,,2,Regular Play,Lubeni Haukongo,135004.0,Left Center Back,94,Namibia,4980,['4d30d58a-7a95-4a71-95eb-027c30c7c4e1'],19,,,,,,,,,,,,,,,,,,Namibia,4980,00:03:19.889,Ball Receipt*,
,,,,,,,,,,,,,,,,,,,,,,,,,d724ca9c-2d96-405f-9b19-8242c83a0847,1530,,"[29.0, 41.0]",3920417,48,,,,,,,,,,,,,,,,,,,,,,,,2,Regular Play,Lloyd Junior Kazapua,125324.0,Goalkeeper,94,Namibia,4980,['7306452b-f124-4347-b43c-2fc3b4b31ee2'],23,,,,,,,,,,,,,,,,,,Namibia,4980,00:03:23.632,Ball Receipt*,
Incomplete,,,,,,,,,,,,,,,,,,,,,,,,,040481df-2e60-4345-913d-6fb373c10a1f,1533,,"[92.9, 16.3]",3920417,48,,,,,,,,,,,,,,,,,,,,,,,,2,Regular Play,Deon Hotto Kavendji,64612.0,Left Midfield,94,Namibia,4980,['0effad7d-beb4-4be1-94f8-0b45cac338b9'],28,,,,,,,,,,,,,,,,,,Namibia,4980,00:03:28.528,Ball Receipt*,
Incomplete,,,,,,,,,,,,,,,,,,,,,,,,,ab5dae11-f7bc-4fea-8dab-8c529edc98c8,1540,,"[37.2, 72.8]",3920417,48,,,,,,,,,,,,,,,,,,,,,,,,2,Regular Play,Hamari Traoré,3248.0,Right Back,94,Namibia,4980,['8bb753ec-ae55-498c-8627-8fe468ef7ff1'],33,,,,,,,,,,,,,,,,,,Mali,4930,00:03:33.574,Ball Receipt*,
Incomplete,,,,,,,,,,,,,,,,,,,,,,,,,2ea08e7a-5850-4ccd-ab69-72a4fc6e1075,1543,,"[61.4, 73.6]",3920417,48,,,,,,,,,,,,,,,,,,,,,,,,2,From Throw In,Fousseni Diabaté,3710.0,Right Midfield,95,Mali,4930,['7cb604c5-05a5-4c2c-9f80-3a5a47e1a7b7'],58,,,,,,,,,,,,,,,,,,Mali,4930,00:03:58.471,Ball Receipt*,
Incomplete,,,,,,,,,,,,,,,,,,,,,,,,,d97daace-89d0-413d-aebd-3d7313b3fb4a,1546,,"[97.6, 9.6]",3920417,49,,,,,,,,,,,,,,,,,,,,,,,,2,From Throw In,Peter Shalulile,65723.0,Center Forward,95,Mali,4930,['c20566d6-bfba-4cd6-98d5-4deea7c7ec8e'],1,,,,,,,,,,,,,,,,,,Namibia,4980,00:04:01.875,Ball Receipt*,
,,,,,,,,,,,,,,,,,,,,,,,,,3ee17caf-a31b-4b42-a0aa-8301c20ccc29,1549,,"[115.3, 11.2]",3920417,49,,,,,,,,,,,,,,,,,,,,,,,,2,From Throw In,Peter Shalulile,65723.0,Center Forward,96,Namibia,4980,['b405771d-244a-4b04-a7f5-b11752666269'],22,,,,,,,,,,,,,,,,,,Namibia,4980,00:04:22.804,Ball Receipt*,
,,,,,,,,,,,,,,,,,,,,,,,,,62b8ba75-ce3f-49b1-a7e5-0ee634363f54,1553,,"[21.5, 69.9]",3920417,49,,,,,,,,,,,,,,,,,,,,,,,,2,From Throw In,Aliou Dieng,67714.0,Right Defensive Midfield,97,Mali,4930,['103a366f-bb3b-4ff0-a8ae-6fc28ed02459'],36,,,,,,,,,,,,,,,,,,Mali,4930,00:04:36.844,Ball Receipt*,
,,,,,,,,,,,,,,,,,,,,,,,,,06dd8cd5-c83a-45b8-881c-e4ce5afb925f,1556,,"[20.3, 74.7]",3920417,49,,,,,,,,,,,,,,,,,,,,,,,,2,From Throw In,Hamari Traoré,3248.0,Right Back,97,Mali,4930,['305308c8-3ffc-4180-a75b-a7fa4e798e5d'],38,,,,,,,,,,,,,,,,,,Mali,4930,00:04:38.544,Ball Receipt*,
,,,,,,,,,,,,,,,,,,,,,,,,,a9e96811-a317-42d8-be9d-56d86f8c3b82,1559,,"[18.9, 17.5]",3920417,49,,,,,,,,,,,,,,,,,,,,,,,,2,From Throw In,Moussa Diarra,32952.0,Left Back,97,Mali,4930,['0b36b74c-05da-4fe3-a50e-b3181c5d87b9'],42,,,,,,,,,,,,,,,,,,Mali,4930,00:04:42.263,Ball Receipt*,
,,,,,,,,,,,,,,,,,,,,,,,,,a33c0864-4dc7-4ce8-b413-879029c8c334,1562,,"[46.1, 1.9]",3920417,49,,,,,,,,,,,,,,,,,,,,,,,,2,From Throw In,Nene Dorgeles,199653.0,Left Midfield,97,Mali,4930,['2c04c7fc-385d-47e2-a3b1-4c6605c921b9'],46,,,,,,,,,,,,,,,,,,Mali,4930,00:04:46.798,Ball Receipt*,
,,,,,,,,,,,,,,,,,,,,,,,,,f7ab2afc-289f-4208-86ac-f540a35df3f3,1565,,"[29.5, 6.9]",3920417,49,,,,,,,,,,,,,,,,,,,,,,,,2,From Throw In,Moussa Diarra,32952.0,Left Back,97,Mali,4930,['753baa05-0640-46ba-aadf-a8f3268bf5d3'],49,,,,,,,,,,,,,,,,,,Mali,4930,00:04:49.103,Ball Receipt*,
,,,,,,,,,,,,,,,,,,,,,,,,,7d067ef2-667b-482d-bc2d-c823b8ad9e37,1568,,"[25.0, 24.5]",3920417,49,,,,,,,,,,,,,,,,,,,,,,,,2,From Throw In,Sikou Niakate,7295.0,Left Center Back,97,Mali,4930,['00d63882-0aba-4700-8616-104a5f470251'],52,,,,,,,,,,,,,,,,,,Mali,4930,00:04:52.059,Ball Receipt*,
Incomplete,,,,,,,,,,,,,,,,,,,,,,,,,e1cfd172-9367-4e0d-a22b-c55c7c53d84c,1572,,"[94.0, 63.6]",3920417,50,,,,,,,,,,,,,,,,,,,,,,,,2,From Throw In,Fousseni Diabaté,3710.0,Right Midfield,97,Mali,4930,['004d52c3-24c6-4ee4-b71d-6e0858e00bfb'],0,,,,,,,,,,,,,,,,,,Mali,4930,00:05:00.495,Ball Receipt*,
Incomplete,,,,,,,,,,,,,,,,,,,,,,,,,013badd4-43a6-4435-b8c1-9b9de29e1f6a,1576,,"[86.7, 4.6]",3920417,50,,,,,,,,,,,,,,,,,,,,,,,,2,From Free Kick,Deon Hotto Kavendji,64612.0,Left Midfield,98,Namibia,4980,['c54bcf36-fcd5-424a-8ae7-99be6804da69'],40,,,,,,,,,,,,,,,,,,Namibia,4980,00:05:40.468,Ball Receipt*,
Incomplete,,,,,,,,,,,,,,,,,,,,,,,,,4ba62fbf-0c98-4cfd-9997-7d98b5acaa7a,1578,,"[77.3, 70.8]",3920417,50,,,,,,,,,,,,,,,,,,,,,,,,2,From Throw In,Youssoufou Niakaté,51750.0,Right Center Forward,99,Mali,4930,['f7799ad7-974e-4243-bd4b-bcdad22f0aee'],57,,,,,,,,,,,,,,,,,,Mali,4930,00:05:57.950,Ball Receipt*,
,,,,,,,,,,,,,,,,,,,,,,,,,2c0c8460-2735-403b-9046-51da260510b6,1581,,"[48.6, 10.9]",3920417,51,,,,,,,,,,,,,,,,,,,,,,,,2,From Throw In,Aprocious Petrus,136406.0,Center Defensive Midfield,99,Mali,4930,['bf3982f2-e36c-4fd2-96df-92b589e53b06'],0,,,,,,,,,,,,,,,,,,Namibia,4980,00:06:00.074,Ball Receipt*,
Incomplete,,,,,,,,,,,,,,,,,,,,,,,,,a569768c-5ebe-412e-b3aa-46fa08335b52,1583,,"[47.5, 4.0]",3920417,51,,,,,,,,,,,,,,,,,,,,,,,,2,From Throw In,Riaan Hanamub,65555.0,Left Back,99,Mali,4930,['b233eba2-465f-40e7-96e9-4a784fe49736'],1,,,,,,,,,,,,,,,,,,Namibia,4980,00:06:01.419,Ball Receipt*,
Incomplete,,,,,,,,,,,,,,,,,,,,,,,,,ff8f2c52-7a18-41e3-8720-339fa4e3bf07,1587,,"[86.7, 15.9]",3920417,51,,,,,,,,,,,,,,,,,,,,,,,,2,From Throw In,Peter Shalulile,65723.0,Center Forward,100,Namibia,4980,['1c7c6fbd-3aa0-4eab-ab90-4c9cd8818337'],10,,,,,,,,,,,,,,,,,,Namibia,4980,00:06:10.605,Ball Receipt*,
Incomplete,,,,,,,,,,,,,,,,,,,,,,,,,0a023450-1228-483c-bafb-a3b9988735e9,1589,,"[52.0, 73.5]",3920417,51,,,,,,,,,,,,,,,,,,,,,,,,2,From Throw In,Fousseni Diabaté,3710.0,Right Midfield,100,Namibia,4980,['0ae834ea-67f7-4391-99b0-753d389a2aa5'],12,,,,,,,,,,,,,,,,,,Mali,4930,00:06:12.462,Ball Receipt*,
Incomplete,,,,,,,,,,,,,,,,,,,,,,,,,7d0477a3-53ab-44e3-a94f-7e14f0cac83b,1592,,"[87.5, 14.1]",3920417,51,,,,,,,,,,,,,,,,,,,,,,,,2,From Throw In,Peter Shalulile,65723.0,Center Forward,100,Namibia,4980,['6ac0cf74-cecb-48d0-8002-858601602e70'],13,,,,,,,,,,,,,,,,,,Namibia,4980,00:06:13.508,Ball Receipt*,
Incomplete,,,,,,,,,,,,,,,,,,,,,,,,,80b90512-af1c-4ad7-8814-60d2ec1f8754,1595,,"[52.6, 74.9]",3920417,51,,,,,,,,,,,,,,,,,,,,,,,,2,From Throw In,Fousseni Diabaté,3710.0,Right Midfield,100,Namibia,4980,['b44d08e9-033b-44e7-b89c-1e3cfdc075a7'],17,,,,,,,,,,,,,,,,,,Mali,4930,00:06:17.026,Ball Receipt*,
,,,,,,,,,,,,,,,,,,,,,,,,,d93bc989-de1e-4702-879d-fab75d21d36b,1599,,"[99.0, 9.1]",3920417,52,,,,,,,,,,,,,,,,,,,,,,,,2,From Throw In,Deon Hotto Kavendji,64612.0,Left Midfield,101,Namibia,4980,['90a74d60-2e71-48bb-a348-c9cefe794e87'],23,,,,,,,,,,,,,,,,,,Namibia,4980,00:07:23.506,Ball Receipt*,
,,,,,,,,,,,,,,,,,,,,,,,,,c3c7df0a-2d6c-45eb-a2c3-2f0bdb9b7a8d,1603,,"[91.7, 3.2]",3920417,52,,,,,,,,,,,,,,,,,,,,,,,,2,From Throw In,Riaan Hanamub,65555.0,Left Back,101,Namibia,4980,['8c7b1239-962b-40f7-a169-fc8c15b068a1'],24,,,,,,,,,,,,,,,,,,Namibia,4980,00:07:24.595,Ball Receipt*,
,,,,,,,,,,,,,,,,,,,,,,,,,80d938d7-f40a-4ff6-ba75-4f5adcc638ae,1607,,"[100.8, 3.2]",3920417,52,,,,,,,,,,,,,,,,,,,,,,,,2,From Throw In,Deon Hotto Kavendji,64612.0,Left Midfield,101,Namibia,4980,['01f25385-4818-4895-a286-23c1ff15f371'],25,,,,,,,,,,,,,,,,,,Namibia,4980,00:07:25.494,Ball Receipt*,
Incomplete,,,,,,,,,,,,,,,,,,,,,,,,,6ee23848-7c9a-4d10-bdb5-d0453d0df87d,1612,,"[101.2, 9.9]",3920417,52,,,,,,,,,,,,,,,,,,,,,,,,2,From Throw In,Riaan Hanamub,65555.0,Left Back,101,Namibia,4980,['e319d14f-6e9c-485a-b472-97207fb1fdd5'],27,,,,,,,,,,,,,,,,,,Namibia,4980,00:07:27.907,Ball Receipt*,
,,,,,,,,,,,,,,,,,,,,,,,,,26a4ff9d-5fa5-4c71-8028-6bd10a4210b9,1614,,"[21.8, 71.6]",3920417,52,,,,,,,,,,,,,,,,,,,,,,,,2,Regular Play,Kamory Doumbia,162132.0,Right Center Forward,102,Mali,4930,['58f53f29-24bc-46df-8ab7-4112af95edb3'],29,,,,,,,,,,,,,,,,,,Mali,4930,00:07:29.172,Ball Receipt*,
,,,,,,,,,,,,,,,,,,,,,,,,,9112d9a3-ac01-4858-97b8-9d5394272576,1617,,"[23.6, 66.3]",3920417,52,,,,,,,,,,,,,,,,,,,,,,,,2,Regular Play,Aliou Dieng,67714.0,Right Defensive Midfield,102,Mali,4930,['53b8939b-e4e9-4ac2-9bb5-05e56fb123ae'],30,,,,,,,,,,,,,,,,,,Mali,4930,00:07:30.660,Ball Receipt*,
Incomplete,,,,,,,,,,,,,,,,,,,,,,,,,d9088ece-2ccc-4ea6-a07c-9a08a17cf491,1620,,"[12.5, 72.4]",3920417,52,,,,,,,,,,,,,,,,,,,,,,,,2,Regular Play,Hamari Traoré,3248.0,Right Back,102,Mali,4930,['bd2a38d6-331f-45f7-9714-651b6a8509f4'],31,,,,,,,,,,,,,,,,,,Mali,4930,00:07:31.351,Ball Receipt*,
Incomplete,,,,,,,,,,,,,,,,,,,,,,,,,aad10fe8-c8f9-4888-ae07-f3d7641b263f,1624,,"[111.2, 41.2]",3920417,52,,,,,,,,,,,,,,,,,,,,,,,,2,Regular Play,Prins Menelik Tjiueza,103803.0,Right Center Midfield,102,Mali,4930,['5b1db7fc-2461-4086-b4f7-8c15621eedf3'],36,,,,,,,,,,,,,,,,,,Namibia,4980,00:07:36.465,Ball Receipt*,
,,,,,,,,,,,,,,,,,,,,,,,,,b40f228f-307d-4b10-b422-306216766ec7,1626,,"[8.6, 28.8]",3920417,52,,,,,,,,,,,,,,,,,,,,,,,,2,From Goal Kick,Sikou Niakate,7295.0,Left Center Back,103,Mali,4930,['ee7ddfe2-513a-4bd2-968e-7e37f5e27965'],47,,,,,,,,,,,,,,,,,,Mali,4930,00:07:47.533,Ball Receipt*,
,,,,,,,,,,,,,,,,,,,,,,,,,532e38e8-d718-4041-958f-990de57d240b,1628,,"[18.2, 52.7]",3920417,52,,,,,,,,,,,,,,,,,,,,,,,,2,From Goal Kick,Boubakar Kouyate,23331.0,Right Center Back,103,Mali,4930,['63be7eea-824f-453b-83fd-b492087269b1'],53,,,,,,,,,,,,,,,,,,Mali,4930,00:07:53.698,Ball Receipt*,
,,,,,,,,,,,,,,,,,,,,,,,,,322a57c9-b71a-4f42-a195-4126aae16410,1631,,"[20.9, 27.7]",3920417,52,,,,,,,,,,,,,,,,,,,,,,,,2,From Goal Kick,Sikou Niakate,7295.0,Left Center Back,103,Mali,4930,['4b899d60-685f-4e13-96b3-65861ad1a818'],55,,,,,,,,,,,,,,,,,,Mali,4930,00:07:55.812,Ball Receipt*,
,,,,,,,,,,,,,,,,,,,,,,,,,ed828e75-9020-45b7-a889-2fdad2547256,1634,,"[45.3, 1.7]",3920417,53,,,,,,,,,,,,,,,,,,,,,,,,2,From Goal Kick,Moussa Diarra,32952.0,Left Back,103,Mali,4930,['7e080ac0-3a3b-4184-94f8-36ca27a72050'],0,,,,,,,,,,,,,,,,,,Mali,4930,00:08:00.607,Ball Receipt*,
,,,,,,,,,,,,,,,,,,,,,,,,,f41452be-a334-40ec-9493-db8dd3ef486f,1637,,"[26.8, 11.6]",3920417,53,,,,,,,,,,,,,,,,,,,,,,,,2,From Goal Kick,Sikou Niakate,7295.0,Left Center Back,103,Mali,4930,['8391bb6a-068f-4277-a8b5-d3ec3d71be9b'],3,,,,,,,,,,,,,,,,,,Mali,4930,00:08:03.834,Ball Receipt*,
Incomplete,,,,,,,,,,,,,,,,,,,,,,,,,d1cfb13a-7bb2-4f95-8099-e2cc0f7d2be0,1640,,"[73.7, 75.3]",3920417,53,,,,,,,,,,,,,,,,,,,,,,,,2,From Goal Kick,Fousseni Diabaté,3710.0,Right Midfield,103,Mali,4930,['21006bd7-d756-4b75-9a95-df0cc8a3c4d4'],10,,,,,,,,,,,,,,,,,,Mali,4930,00:08:10.033,Ball Receipt*,
,,,,,,,,,,,,,,,,,,,,,,,,,3b925559-b44d-4ac8-a70c-c1b221a24160,1642,,"[84.8, 30.9]",3920417,53,,,,,,,,,,,,,,,,,,,,,,,,2,From Throw In,Peter Shalulile,65723.0,Center Forward,104,Namibia,4980,['2e80c037-e96e-4c77-a303-2154da4df67d'],21,,,,,,,,,,,,,,,,,,Namibia,4980,00:08:21.661,Ball Receipt*,
,,,,,,,,,,,,,,,,,,,,,,,,,ffa47029-946c-47a6-a5b6-ebdd6e88314c,1645,,"[101.2, 41.0]",3920417,53,,,,,,,,,,,,,,,,,,,,,,,,2,From Throw In,Muzeu Bethuel,389319.0,Right Midfield,104,Namibia,4980,['97cdee38-e031-411d-9fb3-a6dab4a48e80'],23,,,,,,,,,,,,,,,,,,Namibia,4980,00:08:23.717,Ball Receipt*,
Incomplete,,,,,,,,,,,,,,,,,,,,,,,,,6e9197ca-144b-4e2d-900a-f30dea10e228,1650,,"[110.1, 40.9]",3920417,54,,,,,,,,,,,,,,,,,,,,,,,,2,From Corner,Ivan Kamberipa,103799.0,Right Back,105,Namibia,4980,['8a330c49-140d-4b37-9cdb-b923fb1fed66'],8,,,,,,,,,,,,,,,,,,Namibia,4980,00:09:08.957,Ball Receipt*,
,,,,,,,,,,,,,,,,,,,,,,,,,391c6d71-283c-44aa-b1f0-94dbacf9db74,1654,,"[111.9, 38.4]",3920417,54,,,,,,,,,,,,,,,,,,,,,,,,2,From Corner,Kennedy Amutenya,264381.0,Right Center Back,106,Namibia,4980,['b35dfffe-a501-405a-965a-6822ac28fec2'],39,,,,,,,,,,,,,,,,,,Namibia,4980,00:09:39.686,Ball Receipt*,
,,,,,,,,,,,,,,,,,,,,,,,,,36145d87-5663-4039-ad49-aafd229c4808,1662,,"[104.0, 75.9]",3920417,54,,,,,,,,,,,,,,,,,,,,,,,,2,From Corner,Aprocious Petrus,136406.0,Center Defensive Midfield,106,Namibia,4980,['4477778c-6d91-4a42-b109-5ee5b41eb7df'],47,,,,,,,,,,,,,,,,,,Namibia,4980,00:09:47.175,Ball Receipt*,
,,,,,,,,,,,,,,,,,,,,,,,,,45c487e1-c7c6-495a-9bf6-03ba2abfcbc4,1667,,"[47.8, 4.9]",3920417,55,,,,,,,,,,,,,,,,,,,,,,,,2,From Throw In,Ibrahim Sissoko,8992.0,Left Center Forward,107,Mali,4930,['cf1fb716-325e-4c21-9a59-0baf36fceb91'],12,,,,,,,,,,,,,,,,,,Mali,4930,00:10:12.908,Ball Receipt*,
,,,,,,,,,,,,,,,,,,,,,,,,,2e4e3d9a-bb7c-4a2f-8214-cba33a9dff35,1670,,"[30.0, 1.3]",3920417,55,,,,,,,,,,,,,,,,,,,,,,,,2,From Throw In,Yves Bissouma,4385.0,Left Defensive Midfield,107,Mali,4930,['fa08dfbc-7c59-40c6-8180-002ec293ef4c'],15,,,,,,,,,,,,,,,,,,Mali,4930,00:10:15.297,Ball Receipt*,
,,,,,,,,,,,,,,,,,,,,,,,,,5662f3ba-3e3e-47bc-96cf-99b90af010a5,1674,,"[30.3, 2.4]",3920417,55,,,,,,,,,,,,,,,,,,,,,,,,2,From Throw In,Moussa Diarra,32952.0,Left Back,107,Mali,4930,"['05c7eea1-5708-44ad-912f-5000d600f493', 'c05c606b-4e07-4423-a338-40cefff57da7']",16,,,,,,,,,,,,,,,,,,Mali,4930,00:10:16.369,Ball Receipt*,True
,,,,,,,,,,,,,,,,,,,,,,,,,2fafca8f-9cf3-4a37-908f-d2e041db19d5,1677,,"[27.6, 5.6]",3920417,55,,,,,,,,,,,,,,,,,,,,,,,,2,From Throw In,Yves Bissouma,4385.0,Left Defensive Midfield,107,Mali,4930,['ebf29c14-2d4f-4ccb-b9a2-a04258b4c84d'],16,,,,,,,,,,,,,,,,,,Mali,4930,00:10:16.930,Ball Receipt*,
,,,,,,,,,,,,,,,,,,,,,,,,,f6a3a01f-b979-4dda-9ecd-f4797f16990d,1680,,"[16.4, 10.8]",3920417,55,,,,,,,,,,,,,,,,,,,,,,,,2,From Throw In,Sikou Niakate,7295.0,Left Center Back,107,Mali,4930,['97905ccb-f92b-4837-b212-b473731b112b'],19,,,,,,,,,,,,,,,,,,Mali,4930,00:10:19.983,Ball Receipt*,
,,,,,,,,,,,,,,,,,,,,,,,,,c0abe38d-916d-454e-80ce-045cb9425550,1683,,"[60.7, 12.8]",3920417,55,,,,,,,,,,,,,,,,,,,,,,,,2,From Throw In,Ibrahim Sissoko,8992.0,Left Center Forward,107,Mali,4930,['7b5ec817-f5e1-49d5-9d3b-6e9dac774b8b'],23,,,,,,,,,,,,,,,,,,Mali,4930,00:10:23.614,Ball Receipt*,
,,,,,,,,,,,,,,,,,,,,,,,,,e60e6c4e-9b84-4469-a641-c762c32ad1e2,1686,,"[78.4, 3.9]",3920417,55,,,,,,,,,,,,,,,,,,,,,,,,2,From Throw In,Nene Dorgeles,199653.0,Left Midfield,107,Mali,4930,"['c65989de-12fb-4e83-8da2-e9205a8cdd0b', 'd46fe0c7-de3b-4efb-9d2e-b5425b1b9ee5']",25,,,,,,,,,,,,,,,,,,Mali,4930,00:10:25.197,Ball Receipt*,True
,,,,,,,,,,,,,,,,,,,,,,,,,009d7f13-859d-44b7-b212-831814e86345,1694,,"[6.1, 55.2]",3920417,55,,,,,,,,,,,,,,,,,,,,,,,,2,From Throw In,Lloyd Junior Kazapua,125324.0,Goalkeeper,107,Mali,4930,"['68473c5f-ee00-4ada-b30b-8daf50bb08d8', '0b3313a6-e6fe-496b-99a6-7631838eb503']",30,,,,,,,,,,,,,,,,,,Namibia,4980,00:10:30.511,Ball Receipt*,True
Incomplete,,,,,,,,,,,,,,,,,,,,,,,,,182ae283-da05-4835-a3ee-3f4fd1d6be71,1697,,"[45.0, 79.6]",3920417,55,,,,,,,,,,,,,,,,,,,,,,,,2,From Throw In,Muzeu Bethuel,389319.0,Right Midfield,107,Mali,4930,['0de27e88-2fbc-4d4a-953c-bbb65a908445'],34,,,,,,,,,,,,,,,,,,Namibia,4980,00:10:34.401,Ball Receipt*,
,,,,,,,,,,,,,,,,,,,,,,,,,2d3848be-2ccc-4db9-9c32-c276c46962e2,1700,,"[68.6, 8.3]",3920417,55,,,,,,,,,,,,,,,,,,,,,,,,2,From Throw In,Yves Bissouma,4385.0,Left Defensive Midfield,108,Mali,4930,['69fc85d8-6e3d-43cf-ab24-fd9d864b34ee'],39,,,,,,,,,,,,,,,,,,Mali,4930,00:10:39.261,Ball Receipt*,
,,,,,,,,,,,,,,,,,,,,,,,,,13628ff3-ce53-4b20-86e6-6effe8e466cb,1702,,"[73.4, 1.1]",3920417,55,,,,,,,,,,,,,,,,,,,,,,,,2,From Throw In,Moussa Diarra,32952.0,Left Back,108,Mali,4930,['7d39dd76-1736-497f-884b-c0209277e5fe'],40,,,,,,,,,,,,,,,,,,Mali,4930,00:10:40.017,Ball Receipt*,
,,,,,,,,,,,,,,,,,,,,,,,,,13560e63-3aaf-4087-b479-7a9f56af7204,1705,,"[84.2, 3.1]",3920417,55,,,,,,,,,,,,,,,,,,,,,,,,2,From Throw In,Nene Dorgeles,199653.0,Right Wing,108,Mali,4930,['39244da0-76e1-43db-a932-6f70281963e0'],42,,,,,,,,,,,,,,,,,,Mali,4930,00:10:42.054,Ball Receipt*,
,,,,,,,,,,,,,,,,,,,,,,,,,da2b4ef0-4e50-4023-ae33-8909bfeb70e0,1709,,"[52.6, 5.4]",3920417,56,,,,,,,,,,,,,,,,,,,,,,,,2,From Throw In,Aprocious Petrus,136406.0,Center Defensive Midfield,109,Namibia,4980,['3672c81e-ad2a-45e6-8cf5-6fb6f6e49a96'],11,,,,,,,,,,,,,,,,,,Namibia,4980,00:11:11.426,Ball Receipt*,
Incomplete,,,,,,,,,,,,,,,,,,,,,,,,,58836140-9c27-4906-8fa4-aaeec2ca90c3,1711,,"[54.8, 6.5]",3920417,56,,,,,,,,,,,,,,,,,,,,,,,,2,From Throw In,Deon Hotto Kavendji,64612.0,Left Midfield,109,Namibia,4980,['1d2f769d-24ec-4b59-87ce-3aec11d60003'],13,,,,,,,,,,,,,,,,,,Namibia,4980,00:11:13.366,Ball Receipt*,
Incomplete,,,,,,,,,,,,,,,,,,,,,,,,,bc03c326-2fcd-4ac9-8870-665e627f6e7b,1716,,"[90.3, 66.3]",3920417,56,,,,,,,,,,,,,,,,,,,,,,,,2,Regular Play,Ibrahim Sissoko,8992.0,Center Forward,110,Mali,4930,['7bad2176-ac16-47ec-a26e-63127c5a8e11'],17,,,,,,,,,,,,,,,,,,Mali,4930,00:11:17.024,Ball Receipt*,
,,,,,,,,,,,,,,,,,,,,,,,,,81ab052e-2093-44b2-b4e8-c1ad317e327f,1719,,"[83.9, 69.2]",3920417,56,,,,,,,,,,,,,,,,,,,,,,,,2,From Throw In,Kamory Doumbia,162132.0,Center Attacking Midfield,111,Mali,4930,['6cf50234-e6cf-4f83-a9c6-e371c3bfb588'],32,,,,,,,,,,,,,,,,,,Mali,4930,00:11:32.916,Ball Receipt*,
Incomplete,,,,,,,,,,,,,,,,,,,,,,,,,406d75aa-904c-4f43-890a-86043120c03a,1725,,"[115.3, 72.8]",3920417,56,,,,,,,,,,,,,,,,,,,,,,,,2,From Throw In,Hamari Traoré,3248.0,Right Back,111,Mali,4930,['01137e88-5cfd-4d55-8b6d-427aa6e88eb6'],39,,,,,,,,,,,,,,,,,,Mali,4930,00:11:39.263,Ball Receipt*,
,,,,,,,,,,,,,,,,,,,,,,,,,eff69fd3-a6f3-414e-bc1e-cecfd3587c3f,1727,,"[73.7, 20.1]",3920417,57,,,,,,,,,,,,,,,,,,,,,,,,2,From Goal Kick,Aprocious Petrus,136406.0,Center Defensive Midfield,112,Namibia,4980,['3f760f06-3402-43e8-adec-656c12ca8bc4'],11,,,,,,,,,,,,,,,,,,Namibia,4980,00:12:11.306,Ball Receipt*,
,,,,,,,,,,,,,,,,,,,,,,,,,23f33313-eec3-4ce8-8e7e-975f84ac72a1,1730,,"[82.5, 21.3]",3920417,57,,,,,,,,,,,,,,,,,,,,,,,,2,From Goal Kick,Deon Hotto Kavendji,64612.0,Left Midfield,112,Namibia,4980,['fee51c76-191f-4860-9623-4982677199ce'],12,,,,,,,,,,,,,,,,,,Namibia,4980,00:12:12.623,Ball Receipt*,
,,,,,,,,,,,,,,,,,,,,,,,,,5e752eca-c82b-4872-9fa8-80e42aad05c1,1732,,"[94.0, 26.6]",3920417,57,,,,,,,,,,,,,,,,,,,,,,,,2,From Goal Kick,Prins Menelik Tjiueza,103803.0,Right Center Midfield,112,Namibia,4980,['123a9c6d-ec08-4e2d-b9a4-b662f9b0e28f'],14,,,,,,,,,,,,,,,,,,Namibia,4980,00:12:14.075,Ball Receipt*,
Incomplete,,,,,,,,,,,,,,,,,,,,,,,,,225a1f11-8c9b-479b-a673-e97df0aa412b,1735,,"[107.9, 41.3]",3920417,57,,,,,,,,,,,,,,,,,,,,,,,,2,From Goal Kick,Peter Shalulile,65723.0,Center Forward,112,Namibia,4980,['d97a6099-8b37-4636-8579-0d0bd399a5c1'],16,,,,,,,,,,,,,,,,,,Namibia,4980,00:12:16.181,Ball Receipt*,
Incomplete,,,,,,,,,,,,,,,,,,,,,,,,,2227c8ba-aae4-4002-8d7f-96043c5d62de,1738,,"[110.9, 43.1]",3920417,58,,,,,,,,,,,,,,,,,,,,,,,,2,From Corner,Peter Shalulile,65723.0,Center Forward,113,Namibia,4980,['9f42213f-de0d-4e67-a69a-85d8ebe706ae'],2,,,,,,,,,,,,,,,,,,Namibia,4980,00:13:02.369,Ball Receipt*,
,,,,,,,,,,,,,,,,,,,,,,,,,1161fe1d-d736-4d90-b903-e52c8762d452,1742,,"[107.5, 3.4]",3920417,58,,,,,,,,,,,,,,,,,,,,,,,,2,From Corner,Deon Hotto Kavendji,64612.0,Left Midfield,113,Namibia,4980,['7e32c65c-7452-4496-9eaa-0409a0619103'],7,,,,,,,,,,,,,,,,,,Namibia,4980,00:13:07.482,Ball Receipt*,
,,,,,,,,,,,,,,,,,,,,,,,,,2915f5bf-7768-4a29-a127-ebc5fc7dadd0,1745,,"[95.3, 7.1]",3920417,58,,,,,,,,,,,,,,,,,,,,,,,,2,From Corner,Ngero Kaanjuka Katua,389316.0,Left Center Midfield,113,Namibia,4980,['2a039e79-69ea-4073-aeb4-0b64624bf6ca'],9,,,,,,,,,,,,,,,,,,Namibia,4980,00:13:09.294,Ball Receipt*,
Incomplete,,,,,,,,,,,,,,,,,,,,,,,,,19e1aaa4-f5d8-4e90-962b-e670be889d30,1748,,"[108.1, 34.0]",3920417,58,,,,,,,,,,,,,,,,,,,,,,,,2,From Corner,Muzeu Bethuel,389319.0,Right Midfield,113,Namibia,4980,['6d3c91c0-c7c0-4661-91dc-fb3a5ebc5303'],10,,,,,,,,,,,,,,,,,,Namibia,4980,00:13:10.582,Ball Receipt*,
,,,,,,,,,,,,,,,,,,,,,,,,,36cd378c-1eaa-4bee-8c40-930f1b186f1c,1752,,"[109.7, 10.4]",3920417,58,,,,,,,,,,,,,,,,,,,,,,,,2,From Throw In,Peter Shalulile,65723.0,Center Forward,114,Namibia,4980,"['0a7d483d-56d6-4db3-ad34-8f5180ab7043', 'af055fad-11df-43ef-a949-4499b1ef03eb']",32,,,,,,,,,,,,,,,,,,Namibia,4980,00:13:32.633,Ball Receipt*,True
,,,,,,,,,,,,,,,,,,,,,,,,,d0987e9e-79da-4817-81c7-a94b7c4fa26a,1756,,"[104.7, 5.1]",3920417,58,,,,,,,,,,,,,,,,,,,,,,,,2,From Throw In,Deon Hotto Kavendji,64612.0,Left Midfield,114,Namibia,4980,['7901f722-3cda-4b5d-828b-ba70781c6cac'],37,,,,,,,,,,,,,,,,,,Namibia,4980,00:13:37.620,Ball Receipt*,
,,,,,,,,,,,,,,,,,,,,,,,,,19e0911c-6068-43eb-b01f-2dd130a5f0b5,1761,,"[85.8, 75.1]",3920417,58,,,,,,,,,,,,,,,,,,,,,,,,2,From Throw In,Ivan Kamberipa,103799.0,Right Back,114,Namibia,4980,['e3d58786-318b-4f20-9e40-49abcaa74927'],46,,,,,,,,,,,,,,,,,,Namibia,4980,00:13:46.329,Ball Receipt*,
,,,,,,,,,,,,,,,,,,,,,,,,,306fcbd8-aa30-4530-93c2-c75c65910069,1767,,"[99.5, 73.1]",3920417,58,,,,,,,,,,,,,,,,,,,,,,,,2,From Throw In,Muzeu Bethuel,389319.0,Right Midfield,115,Namibia,4980,"['859a7e64-1e40-48dc-b8bb-d9d0a034c42f', '38374c16-34c4-44e9-8b60-18d20434b7f9']",59,,,,,,,,,,,,,,,,,,Namibia,4980,00:13:59.383,Ball Receipt*,True
Incomplete,,,,,,,,,,,,,,,,,,,,,,,,,d5d97681-220e-4d55-9bda-241acdde85d4,1770,,"[75.4, 79.6]",3920417,59,,,,,,,,,,,,,,,,,,,,,,,,2,From Throw In,Ivan Kamberipa,103799.0,Right Back,115,Namibia,4980,['1340658d-1722-4775-aad8-a490a4837e17'],2,,,,,,,,,,,,,,,,,,Namibia,4980,00:14:02.274,Ball Receipt*,
,,,,,,,,,,,,,,,,,,,,,,,,,1c21d03c-d7a5-4148-ac64-5a0cd807be6f,1774,,"[111.5, 67.1]",3920417,59,,,,,,,,,,,,,,,,,,,,,,,,2,From Throw In,Muzeu Bethuel,389319.0,Right Midfield,116,Namibia,4980,['4bd076b4-d6ed-4c56-aed9-e5422e0150a2'],22,,,,,,,,,,,,,,,,,,Namibia,4980,00:14:22.134,Ball Receipt*,
,,,,,,,,,,,,,,,,,,,,,,,,,008eafd3-311c-479a-9582-753bbe3b9ff5,1777,,"[99.0, 75.9]",3920417,59,,,,,,,,,,,,,,,,,,,,,,,,2,From Throw In,Ivan Kamberipa,103799.0,Right Back,116,Namibia,4980,['1ae48322-5632-4c48-aeba-8b3829b714c6'],23,,,,,,,,,,,,,,,,,,Namibia,4980,00:14:23.512,Ball Receipt*,
Incomplete,,,,,,,,,,,,,,,,,,,,,,,,,3e767664-4208-4fe3-a613-b1d6b2361e88,1780,,"[108.7, 42.6]",3920417,59,,,,,,,,,,,,,,,,,,,,,,,,2,From Throw In,Peter Shalulile,65723.0,Center Forward,116,Namibia,4980,['9ff7d6ca-b2e8-4dc2-a323-789a07303c70'],25,,,,,,,,,,,,,,,,,,Namibia,4980,00:14:25.271,Ball Receipt*,
,,,,,,,,,,,,,,,,,,,,,,,,,31f545b6-00ce-423d-b32c-4afe50293bcc,1785,,"[95.9, 51.8]",3920417,59,,,,,,,,,,,,,,,,,,,,,,,,2,From Throw In,Muzeu Bethuel,389319.0,Right Midfield,116,Namibia,4980,['d97a47c1-f01f-4b75-a2e2-7642c017f23a'],28,,,,,,,,,,,,,,,,,,Namibia,4980,00:14:28.596,Ball Receipt*,
,,,,,,,,,,,,,,,,,,,,,,,,,be030811-b78e-408b-a701-af5c7250dd36,1788,,"[86.5, 15.7]",3920417,59,,,,,,,,,,,,,,,,,,,,,,,,2,From Throw In,Riaan Hanamub,65555.0,Left Back,116,Namibia,4980,['857d7409-72ec-432a-b3d1-14cf9a7a324a'],31,,,,,,,,,,,,,,,,,,Namibia,4980,00:14:31.304,Ball Receipt*,
,,,,,,,,,,,,,,,,,,,,,,,,,18a8d7f3-7816-4fb0-bca8-f60de7d48221,1791,,"[116.1, 52.4]",3920417,59,,,,,,,,,,,,,,,,,,,,,,,,2,From Throw In,Muzeu Bethuel,389319.0,Right Midfield,116,Namibia,4980,['e0130e14-edaf-4083-a4ac-f45d1cf0782e'],34,,,,,,,,,,,,,,,,,,Namibia,4980,00:14:34.662,Ball Receipt*,
Incomplete,,,,,,,,,,,,,,,,,,,,,,,,,5edf6970-8bcc-41cf-a311-19929a232ee8,1793,,"[112.2, 43.5]",3920417,59,,,,,,,,,,,,,,,,,,,,,,,,2,From Throw In,Peter Shalulile,65723.0,Center Forward,116,Namibia,4980,['d55b0bdd-7414-4cd4-b47a-6b4eee8f2e97'],35,,,,,,,,,,,,,,,,,,Namibia,4980,00:14:35.489,Ball Receipt*,
,,,,,,,,,,,,,,,,,,,,,,,,,da6d484c-23f5-4826-8853-71f4c93a03e4,1799,,"[22.5, 25.8]",3920417,59,,,,,,,,,,,,,,,,,,,,,,,,2,From Counter,Kamory Doumbia,162132.0,Center Attacking Midfield,117,Mali,4930,['98c0cc8d-3352-415f-b4ad-90cef8dd991b'],38,,,,,,,,,,,,,,,,,,Mali,4930,00:14:38.317,Ball Receipt*,
,,,,,,,,,,,,,,,,,,,,,,,,,58d817cc-a0d4-4261-9771-34e7f40d3bb4,1802,,"[36.1, 7.8]",3920417,59,,,,,,,,,,,,,,,,,,,,,,,,2,From Counter,Fousseni Diabaté,3710.0,Left Wing,117,Mali,4930,['69b9d9c3-26fc-4c4a-94f7-f37024af2346'],41,,,,,,,,,,,,,,,,,,Mali,4930,00:14:41.389,Ball Receipt*,
,,,,,,,,,,,,,,,,,,,,,,,,,3ec9c69a-30a2-4569-8783-2643a2ab354f,1805,,"[78.4, 38.5]",3920417,59,,,,,,,,,,,,,,,,,,,,,,,,2,From Counter,Nene Dorgeles,199653.0,Right Wing,117,Mali,4930,['7c02682e-094a-4d47-832c-7ab7f342f8b1'],44,,,,,,,,,,,,,,,,,,Mali,4930,00:14:44.209,Ball Receipt*,
,,,,,,,,,,,,,,,,,,,,,,,,,6d2f6412-0f7c-4af6-8e6e-c7e8448ba8fa,1814,,"[92.9, 61.5]",3920417,60,,,,,,,,,,,,,,,,,,,,,,,,2,From Free Kick,Muzeu Bethuel,389319.0,Right Midfield,119,Namibia,4980,['8de3a494-02a6-4012-9f7f-90125c071e3f'],22,,,,,,,,,,,,,,,,,,Namibia,4980,00:15:22.244,Ball Receipt*,
,,,,,,,,,,,,,,,,,,,,,,,,,e00dd6f9-b140-4c4b-9913-9dfe99006b6e,1823,,"[110.9, 66.8]",3920417,60,,,,,,,,,,,,,,,,,,,,,,,,2,From Throw In,Muzeu Bethuel,389319.0,Right Midfield,120,Namibia,4980,"['c252f522-1475-4b3a-921b-2bcaee0170ea', '8735a0c9-9bd9-4122-8615-ec89f56ab4ee']",55,,,,,,,,,,,,,,,,,,Namibia,4980,00:15:55.569,Ball Receipt*,True
Incomplete,,,,,,,,,,,,,,,,,,,,,,,,,1de7c403-06c5-4b91-be6e-d5a30c320fe9,1826,,"[112.2, 43.2]",3920417,61,,,,,,,,,,,,,,,,,,,,,,,,2,From Throw In,Peter Shalulile,65723.0,Center Forward,120,Namibia,4980,['5daa4457-915e-4314-b4db-880f2f91f09c'],2,,,,,,,,,,,,,,,,,,Namibia,4980,00:16:02.144,Ball Receipt*,
,,,,,,,,,,,,,,,,,,,,,,,,,2d55200d-0842-4da8-ab34-c4799c75ddcd,1830,,"[111.4, 65.2]",3920417,61,,,,,,,,,,,,,,,,,,,,,,,,2,From Throw In,Muzeu Bethuel,389319.0,Right Midfield,121,Namibia,4980,"['469cf957-0f9e-486a-a9bf-17748060bb99', '9433a751-0167-4ca2-af54-747eed3e3461']",17,,,,,,,,,,,,,,,,,,Namibia,4980,00:16:17.586,Ball Receipt*,True
,,,,,,,,,,,,,,,,,,,,,,,,,c782abef-aed6-423c-97bc-7a07f2d02902,1833,,"[96.4, 69.6]",3920417,61,,,,,,,,,,,,,,,,,,,,,,,,2,From Throw In,Aprocious Petrus,136406.0,Center Defensive Midfield,121,Namibia,4980,['c3f6aff8-1759-4848-8b24-2040a4fe11fc'],20,,,,,,,,,,,,,,,,,,Namibia,4980,00:16:20.004,Ball Receipt*,
,,,,,,,,,,,,,,,,,,,,,,,,,6cb9e518-65ef-497e-bcdd-830539818481,1838,,"[85.4, 59.5]",3920417,61,,,,,,,,,,,,,,,,,,,,,,,,2,From Throw In,Ngero Kaanjuka Katua,389316.0,Left Center Midfield,121,Namibia,4980,['6bd0f9e5-3ec6-4a85-834f-a7f992080043'],23,,,,,,,,,,,,,,,,,,Namibia,4980,00:16:23.299,Ball Receipt*,
,,,,,,,,,,,,,,,,,,,,,,,,,1ea8f580-da0c-4e51-89fd-4c25be529edc,1841,,"[75.3, 27.6]",3920417,61,,,,,,,,,,,,,,,,,,,,,,,,2,From Throw In,Riaan Hanamub,65555.0,Left Back,121,Namibia,4980,['bcca1aa1-c139-48dc-9065-e38341ff0b4c'],26,,,,,,,,,,,,,,,,,,Namibia,4980,00:16:26.617,Ball Receipt*,
,,,,,,,,,,,,,,,,,,,,,,,,,cc872215-56cb-4065-8108-7f37d4dca644,1844,,"[85.4, 7.0]",3920417,61,,,,,,,,,,,,,,,,,,,,,,,,2,From Throw In,Deon Hotto Kavendji,64612.0,Left Midfield,121,Namibia,4980,['8ce20d65-7680-4292-a973-7a08c0ee5ba9'],29,,,,,,,,,,,,,,,,,,Namibia,4980,00:16:29.897,Ball Receipt*,
,,,,,,,,,,,,,,,,,,,,,,,,,e3fb2e7b-cbde-4447-b8a6-0529e0388264,1847,,"[77.5, 21.6]",3920417,61,,,,,,,,,,,,,,,,,,,,,,,,2,From Throw In,Lubeni Haukongo,135004.0,Left Center Back,121,Namibia,4980,['d2b0e2cd-42c7-498f-a0ce-d5dbbaaae781'],33,,,,,,,,,,,,,,,,,,Namibia,4980,00:16:33.787,Ball Receipt*,
,,,,,,,,,,,,,,,,,,,,,,,,,32dd625e-aefa-47b3-a7d6-1a13da78164a,1850,,"[91.4, 5.7]",3920417,61,,,,,,,,,,,,,,,,,,,,,,,,2,From Throw In,Riaan Hanamub,65555.0,Left Back,121,Namibia,4980,['b6caf248-1631-45c0-9707-97b97f1f1330'],35,,,,,,,,,,,,,,,,,,Namibia,4980,00:16:35.643,Ball Receipt*,
Incomplete,,,,,,,,,,,,,,,,,,,,,,,,,387f2d2b-f7bb-467f-a5bc-a28c1d9de770,1853,,"[97.2, 12.9]",3920417,61,,,,,,,,,,,,,,,,,,,,,,,,2,From Throw In,Deon Hotto Kavendji,64612.0,Left Midfield,121,Namibia,4980,['148ddedd-f4c5-4c52-9ed7-c0b3ce0f091d'],37,,,,,,,,,,,,,,,,,,Namibia,4980,00:16:37.732,Ball Receipt*,
,,,,,,,,,,,,,,,,,,,,,,,,,6f4d44e8-91bc-4553-9890-4386e3c11edd,1858,,"[56.1, 19.5]",3920417,61,,,,,,,,,,,,,,,,,,,,,,,,2,From Throw In,Lubeni Haukongo,135004.0,Left Center Back,121,Namibia,4980,['ef7b5931-e6d1-4362-b54d-b185612050b5'],41,,,,,,,,,,,,,,,,,,Namibia,4980,00:16:41.242,Ball Receipt*,
,,,,,,,,,,,,,,,,,,,,,,,,,4319799b-5927-4d8c-8058-9709130479dc,1861,,"[54.8, 54.3]",3920417,61,,,,,,,,,,,,,,,,,,,,,,,,2,From Throw In,Kennedy Amutenya,264381.0,Right Center Back,121,Namibia,4980,['49da15c2-78c1-48bf-8655-541b9788c929'],45,,,,,,,,,,,,,,,,,,Namibia,4980,00:16:45.089,Ball Receipt*,
,,,,,,,,,,,,,,,,,,,,,,,,,f104f81a-7280-4c1d-b330-df4acb07cb50,1864,,"[68.6, 78.2]",3920417,61,,,,,,,,,,,,,,,,,,,,,,,,2,From Throw In,Prins Menelik Tjiueza,103803.0,Right Center Midfield,121,Namibia,4980,['a01438f4-3dc3-4f07-802c-5abd8da77d92'],48,,,,,,,,,,,,,,,,,,Namibia,4980,00:16:48.209,Ball Receipt*,
,,,,,,,,,,,,,,,,,,,,,,,,,9c9478ac-3756-4047-b5b5-39e7e5ca1087,1867,,"[75.0, 59.5]",3920417,61,,,,,,,,,,,,,,,,,,,,,,,,2,From Throw In,Muzeu Bethuel,389319.0,Right Midfield,121,Namibia,4980,['94826de4-5903-462e-86af-7488e1b47754'],49,,,,,,,,,,,,,,,,,,Namibia,4980,00:16:49.407,Ball Receipt*,
Incomplete,,,,,,,,,,,,,,,,,,,,,,,,,ddb54102-290d-4610-a014-bf64a9eabbb7,1875,,"[73.6, 62.4]",3920417,61,,,,,,,,,,,,,,,,,,,,,,,,2,From Throw In,Muzeu Bethuel,389319.0,Right Midfield,121,Namibia,4980,['32009d20-43e0-418f-8f76-0b6cc222e2fd'],52,,,,,,,,,,,,,,,,,,Namibia,4980,00:16:52.414,Ball Receipt*,
,,,,,,,,,,,,,,,,,,,,,,,,,402ca133-9284-4999-bc59-bb3981946559,1879,,"[47.9, 19.9]",3920417,61,,,,,,,,,,,,,,,,,,,,,,,,2,Regular Play,Aliou Dieng,67714.0,Right Defensive Midfield,122,Mali,4930,"['9228785f-d389-4200-87a7-f4505b4254e1', '3d088fe6-21ef-4861-a51c-a1c4f8b643a9']",54,,,,,,,,,,,,,,,,,,Mali,4930,00:16:54.546,Ball Receipt*,True
,,,,,,,,,,,,,,,,,,,,,,,,,4f8820a5-95d3-4a9b-9450-cb70025e2f80,1883,,"[64.0, 2.2]",3920417,61,,,,,,,,,,,,,,,,,,,,,,,,2,Regular Play,Yves Bissouma,4385.0,Left Defensive Midfield,122,Mali,4930,"['172492ae-15dd-488c-b2e3-607b4e2691a8', '949a682f-3d7b-4c30-9912-f0a2c30c4ac4']",55,,,,,,,,,,,,,,,,,,Mali,4930,00:16:55.325,Ball Receipt*,True
,,,,,,,,,,,,,,,,,,,,,,,,,fa91af9a-6ba9-4f49-9029-5123467cf16e,1887,,"[54.2, 21.3]",3920417,61,,,,,,,,,,,,,,,,,,,,,,,,2,Regular Play,Kamory Doumbia,162132.0,Center Attacking Midfield,122,Mali,4930,"['c2ce32fa-48af-4465-b680-7110f03009ca', '1869cf36-4119-4b3e-ba5d-2e4d9037ad15']",56,,,,,,,,,,,,,,,,,,Mali,4930,00:16:56.481,Ball Receipt*,True
,,,,,,,,,,,,,,,,,,,,,,,,,94477ce3-c0a2-4a4a-8ff3-224b7fb2f28e,1890,,"[39.5, 7.8]",3920417,61,,,,,,,,,,,,,,,,,,,,,,,,2,Regular Play,Moussa Diarra,32952.0,Left Back,122,Mali,4930,['052a3b77-83ce-47b7-831b-13e85a9b3e1e'],58,,,,,,,,,,,,,,,,,,Mali,4930,00:16:58.357,Ball Receipt*,
,,,,,,,,,,,,,,,,,,,,,,,,,9447dd33-38e6-4089-b9c5-9d5b3e13984e,1897,,"[102.8, 49.8]",3920417,62,,,,,,,,,,,,,,,,,,,,,,,,2,Regular Play,Peter Shalulile,65723.0,Center Forward,123,Namibia,4980,['31d95618-5539-4d8b-8450-29dc1964d76b'],5,,,,,,,,,,,,,,,,,,Namibia,4980,00:17:05.296,Ball Receipt*,
,,,,,,,,,,,,,,,,,,,,,,,,,d5cb5cff-602c-4e32-be5c-410f1bada96b,1900,,"[103.6, 39.1]",3920417,62,,,,,,,,,,,,,,,,,,,,,,,,2,Regular Play,Deon Hotto Kavendji,64612.0,Left Midfield,123,Namibia,4980,['8c98d0df-c83b-4f77-9387-9ee3f4b2f8d6'],6,,,,,,,,,,,,,,,,,,Namibia,4980,00:17:06.173,Ball Receipt*,
,,,,,,,,,,,,,,,,,,,,,,,,,c7d9746d-1b57-44fd-ba60-6f2a003d4eaf,1904,,"[98.4, 33.6]",3920417,62,,,,,,,,,,,,,,,,,,,,,,,,2,Regular Play,Ngero Kaanjuka Katua,389316.0,Left Center Midfield,123,Namibia,4980,['4121fa99-c827-4965-9c48-98d34f2d398b'],9,,,,,,,,,,,,,,,,,,Namibia,4980,00:17:09.378,Ball Receipt*,
Incomplete,,,,,,,,,,,,,,,,,,,,,,,,,6dbd4d0e-0757-46e1-a552-092d5b383914,1908,,"[66.8, 65.0]",3920417,62,,,,,,,,,,,,,,,,,,,,,,,,2,From Goal Kick,Nene Dorgeles,199653.0,Right Wing,124,Mali,4930,['6b42f202-6a58-454c-ad4f-1bfb57627d1c'],47,,,,,,,,,,,,,,,,,,Mali,4930,00:17:47.832,Ball Receipt*,
Incomplete,,,,,,,,,,,,,,,,,,,,,,,,,0af6f8bd-11e0-4015-8f18-691368804ff9,1913,,"[83.9, 27.0]",3920417,62,,,,,,,,,,,,,,,,,,,,,,,,2,From Goal Kick,Peter Shalulile,65723.0,Center Forward,124,Mali,4930,['f360c26b-e3c2-44a8-96dd-2db75158bf99'],50,,,,,,,,,,,,,,,,,,Namibia,4980,00:17:50.875,Ball Receipt*,
Incomplete,,,,,,,,,,,,,,,,,,,,,,,,,a9a9dce5-f2fb-478f-ba0b-383bbfa02e57,1915,,"[70.0, 52.7]",3920417,62,,,,,,,,,,,,,,,,,,,,,,,,2,From Goal Kick,Aliou Dieng,67714.0,Right Defensive Midfield,124,Mali,4930,['ff7d9a02-fce2-4314-93ca-149aecc3dba1'],52,,,,,,,,,,,,,,,,,,Mali,4930,00:17:52.793,Ball Receipt*,
Incomplete,,,,,,,,,,,,,,,,,,,,,,,,,781b4c71-e8d5-4f82-9cce-aead6a9635e4,1917,,"[58.7, 34.1]",3920417,62,,,,,,,,,,,,,,,,,,,,,,,,2,From Goal Kick,Muzeu Bethuel,389319.0,Right Midfield,124,Mali,4930,['c2c73952-994b-4130-a17e-e8f5905a5221'],54,,,,,,,,,,,,,,,,,,Namibia,4980,00:17:54.090,Ball Receipt*,
Incomplete,,,,,,,,,,,,,,,,,,,,,,,,,de7b3077-154e-4d49-92c3-7422fb823e55,1921,,"[111.4, 11.2]",3920417,63,,,,,,,,,,,,,,,,,,,,,,,,2,From Free Kick,Deon Hotto Kavendji,64612.0,Left Midfield,125,Namibia,4980,['f38533c9-8842-4e57-a637-c5aad23088fa'],14,,,,,,,,,,,,,,,,,,Namibia,4980,00:18:14.979,Ball Receipt*,
Incomplete,,,,,,,,,,,,,,,,,,,,,,,,,3daa9409-601e-4d5e-8947-3bd5d9b7a375,1924,,"[70.6, 46.1]",3920417,63,,,,,,,,,,,,,,,,,,,,,,,,2,From Free Kick,Ibrahim Sissoko,8992.0,Center Forward,126,Mali,4930,['1dc3384c-87ef-401a-b4f0-11320263381c'],51,,,,,,,,,,,,,,,,,,Mali,4930,00:18:51.875,Ball Receipt*,
Incomplete,,,,,,,,,,,,,,,,,,,,,,,,,42016bee-37f4-4cf8-92aa-0bb4509d627d,1926,,"[74.7, 29.1]",3920417,63,,,,,,,,,,,,,,,,,,,,,,,,2,From Free Kick,Peter Shalulile,65723.0,Center Forward,126,Mali,4930,['2476e22c-7d61-4ab6-8b93-2e0a6405cb58'],53,,,,,,,,,,,,,,,,,,Namibia,4980,00:18:53.331,Ball Receipt*,
,,,,,,,,,,,,,,,,,,,,,,,,,9e2fbd40-ea44-4c9c-90dc-f88e7c5698e0,1928,,"[52.3, 53.5]",3920417,63,,,,,,,,,,,,,,,,,,,,,,,,2,From Free Kick,Aliou Dieng,67714.0,Right Defensive Midfield,126,Mali,4930,['6a1c9316-ed9d-4df8-b384-447d742961c3'],54,,,,,,,,,,,,,,,,,,Mali,4930,00:18:54.403,Ball Receipt*,
,,,,,,,,,,,,,,,,,,,,,,,,,74c16956-c0c6-490f-b0f4-49998466f67f,1930,,"[47.0, 69.1]",3920417,63,,,,,,,,,,,,,,,,,,,,,,,,2,From Free Kick,Hamari Traoré,3248.0,Right Back,126,Mali,4930,['19f91df5-4f5c-45af-84d5-9ce97552f526'],55,,,,,,,,,,,,,,,,,,Mali,4930,00:18:55.473,Ball Receipt*,
,,,,,,,,,,,,,,,,,,,,,,,,,979c9543-3b32-4971-a968-15bdd0110f9d,1934,,"[50.9, 60.6]",3920417,63,,,,,,,,,,,,,,,,,,,,,,,,2,From Free Kick,Aliou Dieng,67714.0,Right Defensive Midfield,126,Mali,4930,"['a1f733f1-2f16-4ba2-9bb2-05a6b55fbe9e', '9d1fdc7a-a296-4f9d-820e-ca52265002d1']",56,,,,,,,,,,,,,,,,,,Mali,4930,00:18:56.540,Ball Receipt*,True
,,,,,,,,,,,,,,,,,,,,,,,,,875cbbc3-f610-49da-9f2d-7221f651c1a7,1937,,"[42.6, 64.2]",3920417,64,,,,,,,,,,,,,,,,,,,,,,,,2,From Free Kick,Yves Bissouma,4385.0,Left Defensive Midfield,126,Mali,4930,['dd501616-96d9-466f-a2b7-7e40587537c8'],2,,,,,,,,,,,,,,,,,,Mali,4930,00:19:02.811,Ball Receipt*,
,,,,,,,,,,,,,,,,,,,,,,,,,e12cbda0-f849-4c71-9e8b-bfe5599de4cd,1940,,"[48.7, 17.4]",3920417,64,,,,,,,,,,,,,,,,,,,,,,,,2,From Free Kick,Moussa Diarra,32952.0,Left Back,126,Mali,4930,['778265f1-8123-453f-abab-3636effc4201'],7,,,,,,,,,,,,,,,,,,Mali,4930,00:19:07.381,Ball Receipt*,
,,,,,,,,,,,,,,,,,,,,,,,,,e32a5c07-7675-4a40-ad54-5001d0582a17,1943,,"[68.6, 3.1]",3920417,64,,,,,,,,,,,,,,,,,,,,,,,,2,From Free Kick,Fousseni Diabaté,3710.0,Left Wing,126,Mali,4930,['bc0fccb9-4a45-480b-ad5c-73cd5bd6e083'],9,,,,,,,,,,,,,,,,,,Mali,4930,00:19:09.728,Ball Receipt*,
,,,,,,,,,,,,,,,,,,,,,,,,,a19801fa-74bc-4505-8b78-ebf9491c867a,1946,,"[86.8, 6.3]",3920417,64,,,,,,,,,,,,,,,,,,,,,,,,2,From Free Kick,Kamory Doumbia,162132.0,Center Attacking Midfield,126,Mali,4930,['dfea4f35-110a-42f2-b66e-c3f6085812f1'],11,,,,,,,,,,,,,,,,,,Mali,4930,00:19:11.530,Ball Receipt*,
,,,,,,,,,,,,,,,,,,,,,,,,,dc3af22a-b897-4e51-870e-6f9275386e48,1955,,"[101.8, 40.1]",3920417,64,,,,,,,,,,,,,,,,,,,,,,,,2,From Free Kick,Ibrahim Sissoko,8992.0,Center Forward,126,Mali,4930,['662bff69-7442-4fcf-bfa6-0f23adaa4b4c'],16,,,,,,,,,,,,,,,,,,Mali,4930,00:19:16.479,Ball Receipt*,
Incomplete,,,,,,,,,,,,,,,,,,,,,,,,,c0d888f7-2352-4f51-a486-d6777ac0e752,1959,,"[77.6, 71.8]",3920417,64,,,,,,,,,,,,,,,,,,,,,,,,2,From Goal Kick,Muzeu Bethuel,389319.0,Right Midfield,127,Namibia,4980,['eadc98d5-2ee2-43c3-b045-45e0caab4509'],57,,,,,,,,,,,,,,,,,,Namibia,4980,00:19:57.908,Ball Receipt*,
Incomplete,,,,,,,,,,,,,,,,,,,,,,,,,ed38485a-4d78-4535-91d4-59b3035d2e39,1963,,"[90.4, 76.2]",3920417,65,,,,,,,,,,,,,,,,,,,,,,,,2,From Throw In,Peter Shalulile,65723.0,Center Forward,128,Namibia,4980,['5c5d71e3-009f-4c0a-8da7-0c9ca24bb9c8'],26,,,,,,,,,,,,,,,,,,Namibia,4980,00:20:26.501,Ball Receipt*,
Incomplete,,,,,,,,,,,,,,,,,,,,,,,,,fbdc77e6-8933-495d-b9ba-c93f2ba55a71,1965,,"[24.8, 6.1]",3920417,65,,,,,,,,,,,,,,,,,,,,,,,,2,From Throw In,Fousseni Diabaté,3710.0,Left Wing,128,Namibia,4980,['20486ab7-c0a6-4b72-a1af-fd48edb54a24'],27,,,,,,,,,,,,,,,,,,Mali,4930,00:20:27.080,Ball Receipt*,
,,,,,,,,,,,,,,,,,,,,,,,,,609949ae-65a0-44b9-b540-4c13b42a1301,1970,,"[75.3, 54.0]",3920417,65,,,,,,,,,,,,,,,,,,,,,,,,2,From Throw In,Aprocious Petrus,136406.0,Center Defensive Midfield,128,Namibia,4980,['c61577de-68c4-44aa-a1c3-803e5891d512'],29,,,,,,,,,,,,,,,,,,Namibia,4980,00:20:29.884,Ball Receipt*,
,,,,,,,,,,,,,,,,,,,,,,,,,79471984-3256-4c2a-9209-26458ca6351b,1973,,"[65.1, 23.5]",3920417,65,,,,,,,,,,,,,,,,,,,,,,,,2,From Throw In,Riaan Hanamub,65555.0,Left Back,128,Namibia,4980,['ca8eaf11-2e58-44d6-b072-97b531649db7'],33,,,,,,,,,,,,,,,,,,Namibia,4980,00:20:33.782,Ball Receipt*,
Incomplete,,,,,,,,,,,,,,,,,,,,,,,,,04aca3eb-2610-404b-a6a6-c56e50d06dec,1976,,"[96.2, 24.8]",3920417,65,,,,,,,,,,,,,,,,,,,,,,,,2,From Throw In,Muzeu Bethuel,389319.0,Right Midfield,128,Namibia,4980,['e5c3fb5b-ef3c-461e-8be9-976fb3616509'],37,,,,,,,,,,,,,,,,,,Namibia,4980,00:20:37.290,Ball Receipt*,
,,,,,,,,,,,,,,,,,,,,,,,,,0ef96beb-a7b2-46d9-8516-2121e2a46986,1980,,"[29.5, 51.0]",3920417,65,,,,,,,,,,,,,,,,,,,,,,,,2,From Keeper,Aliou Dieng,67714.0,Right Defensive Midfield,129,Mali,4930,['cb7247e0-da6d-4d8e-95ed-3c773ed610b1'],40,,,,,,,,,,,,,,,,,,Mali,4930,00:20:40.937,Ball Receipt*,
,,,,,,,,,,,,,,,,,,,,,,,,,c409ae58-f1ea-4bcc-8b48-140622515627,1983,,"[27.6, 18.8]",3920417,65,,,,,,,,,,,,,,,,,,,,,,,,2,From Keeper,Moussa Diarra,32952.0,Left Back,129,Mali,4930,['2f0d3613-ae3c-41cd-aaff-2a64f166b280'],44,,,,,,,,,,,,,,,,,,Mali,4930,00:20:44.189,Ball Receipt*,
,,,,,,,,,,,,,,,,,,,,,,,,,10fa8b56-9351-482e-a74f-1c4ffc83103b,1986,,"[20.6, 28.8]",3920417,65,,,,,,,,,,,,,,,,,,,,,,,,2,From Keeper,Sikou Niakate,7295.0,Left Center Back,129,Mali,4930,['59844330-64eb-4d49-85ff-00c6ddfa5f7a'],46,,,,,,,,,,,,,,,,,,Mali,4930,00:20:46.830,Ball Receipt*,
,,,,,,,,,,,,,,,,,,,,,,,,,70aff525-20ce-4498-bce2-47dea391dd85,1989,,"[29.0, 52.5]",3920417,65,,,,,,,,,,,,,,,,,,,,,,,,2,From Keeper,Boubakar Kouyate,23331.0,Right Center Back,129,Mali,4930,['2b95e02d-041e-476b-bacd-39cdf8113871'],50,,,,,,,,,,,,,,,,,,Mali,4930,00:20:50.515,Ball Receipt*,
,,,,,,,,,,,,,,,,,,,,,,,,,d55a6dee-da58-4f28-8172-ebab243bafb4,1992,,"[44.8, 75.0]",3920417,65,,,,,,,,,,,,,,,,,,,,,,,,2,From Keeper,Hamari Traoré,3248.0,Right Back,129,Mali,4930,['df1ac762-94c9-4840-a6f3-58810fdc1abf'],53,,,,,,,,,,,,,,,,,,Mali,4930,00:20:53.549,Ball Receipt*,
,,,,,,,,,,,,,,,,,,,,,,,,,d96b0069-c971-4c81-a142-5bb8a705a1e9,1995,,"[38.7, 61.7]",3920417,65,,,,,,,,,,,,,,,,,,,,,,,,2,From Keeper,Boubakar Kouyate,23331.0,Right Center Back,129,Mali,4930,['bc9786bf-ebc9-41f6-958d-1121c06b15d7'],56,,,,,,,,,,,,,,,,,,Mali,4930,00:20:56.168,Ball Receipt*,
,,,,,,,,,,,,,,,,,,,,,,,,,3e0de5c6-d62e-46d5-b793-65fdc1455bf2,1998,,"[41.5, 34.5]",3920417,65,,,,,,,,,,,,,,,,,,,,,,,,2,From Keeper,Sikou Niakate,7295.0,Left Center Back,129,Mali,4930,['e71d90fc-f1bb-44da-862e-d94c108f74e6'],59,,,,,,,,,,,,,,,,,,Mali,4930,00:20:59.356,Ball Receipt*,
,,,,,,,,,,,,,,,,,,,,,,,,,cb25f395-2476-4b5c-8c6b-13d8f778f5e5,2001,,"[78.7, 1.9]",3920417,66,,,,,,,,,,,,,,,,,,,,,,,,2,From Keeper,Fousseni Diabaté,3710.0,Left Wing,129,Mali,4930,['d425a121-a8b4-4c3a-bdb1-a844dc3ca4f2'],3,,,,,,,,,,,,,,,,,,Mali,4930,00:21:03.434,Ball Receipt*,
,,,,,,,,,,,,,,,,,,,,,,,,,ef72710f-b6cc-4121-a65f-20a549d3766f,2007,,"[83.1, 4.4]",3920417,66,,,,,,,,,,,,,,,,,,,,,,,,2,From Keeper,Fousseni Diabaté,3710.0,Left Wing,129,Mali,4930,['95c955c3-9879-4347-aa6d-b1e3b3f2e164'],8,,,,,,,,,,,,,,,,,,Mali,4930,00:21:08.989,Ball Receipt*,
,,,,,,,,,,,,,,,,,,,,,,,,,553232c5-cea4-4017-9e5c-a953201162a1,2010,,"[86.2, 2.4]",3920417,66,,,,,,,,,,,,,,,,,,,,,,,,2,From Keeper,Moussa Diarra,32952.0,Left Back,129,Mali,4930,['d58fb6db-6ac3-4aca-96e3-87b7e26d2553'],9,,,,,,,,,,,,,,,,,,Mali,4930,00:21:09.550,Ball Receipt*,
,,,,,,,,,,,,,,,,,,,,,,,,,e992bf4d-b00a-4137-91bf-c5217f693d75,2014,,"[79.7, 2.4]",3920417,66,,,,,,,,,,,,,,,,,,,,,,,,2,From Keeper,Fousseni Diabaté,3710.0,Left Wing,129,Mali,4930,['dbcace9d-17ab-4fe2-a6ce-5c8aa3ecd19f'],10,,,,,,,,,,,,,,,,,,Mali,4930,00:21:10.569,Ball Receipt*,
,,,,,,,,,,,,,,,,,,,,,,,,,493f80d1-9866-462d-a553-e1f8df9f83f4,2018,,"[54.5, 23.9]",3920417,66,,,,,,,,,,,,,,,,,,,,,,,,2,From Keeper,Sikou Niakate,7295.0,Left Center Back,129,Mali,4930,['9ee8373f-d465-4357-9fd9-63066a9bb271'],14,,,,,,,,,,,,,,,,,,Mali,4930,00:21:14.827,Ball Receipt*,
,,,,,,,,,,,,,,,,,,,,,,,,,81b39943-3795-43d7-a4c6-eaa173b80837,2021,,"[64.7, 13.0]",3920417,66,,,,,,,,,,,,,,,,,,,,,,,,2,From Keeper,Yves Bissouma,4385.0,Left Defensive Midfield,129,Mali,4930,['efddeb71-30d5-479f-882c-4283e0b6e35e'],17,,,,,,,,,,,,,,,,,,Mali,4930,00:21:17.101,Ball Receipt*,
,,,,,,,,,,,,,,,,,,,,,,,,,493d080a-b801-4f23-b559-451033991c23,2024,,"[65.9, 38.8]",3920417,66,,,,,,,,,,,,,,,,,,,,,,,,2,From Keeper,Aliou Dieng,67714.0,Right Defensive Midfield,129,Mali,4930,['62f484ad-ed83-4d46-8bac-f42408d54540'],19,,,,,,,,,,,,,,,,,,Mali,4930,00:21:19.894,Ball Receipt*,
Incomplete,,,,,,,,,,,,,,,,,,,,,,,,,28c7f590-a33e-4557-b96a-ebf4b04f2b7e,2027,,"[87.5, 55.8]",3920417,66,,,,,,,,,,,,,,,,,,,,,,,,2,From Keeper,Nene Dorgeles,199653.0,Right Wing,129,Mali,4930,['a9b720ba-a1cb-454e-930d-25a89909f0a6'],22,,,,,,,,,,,,,,,,,,Mali,4930,00:21:22.942,Ball Receipt*,
,,,,,,,,,,,,,,,,,,,,,,,,,a6094eae-e6ec-4c66-9fe9-4ab54d63747d,2031,,"[64.4, 5.1]",3920417,66,,,,,,,,,,,,,,,,,,,,,,,,2,From Keeper,Deon Hotto Kavendji,64612.0,Left Midfield,129,Mali,4930,['ed3e7ab3-e2fc-484c-8a33-704a3cd7ca68'],27,,,,,,,,,,,,,,,,,,Namibia,4980,00:21:27.790,Ball Receipt*,
Incomplete,,,,,,,,,,,,,,,,,,,,,,,,,b6baeb5c-95e5-4a73-8b48-43c2210e6fa2,2035,,"[89.2, 37.1]",3920417,66,,,,,,,,,,,,,,,,,,,,,,,,2,From Keeper,Peter Shalulile,65723.0,Center Forward,129,Mali,4930,['8d38daaa-3ecd-400c-b145-e2493379f99f'],30,,,,,,,,,,,,,,,,,,Namibia,4980,00:21:30.570,Ball Receipt*,
,,,,,,,,,,,,,,,,,,,,,,,,,93abb0cf-1ea2-401e-8908-a77d74802b94,2037,,"[35.9, 59.2]",3920417,66,,,,,,,,,,,,,,,,,,,,,,,,2,From Keeper,Aliou Dieng,67714.0,Right Defensive Midfield,129,Mali,4930,['356ac5ea-7325-401d-a9a8-6597a0bc56bd'],31,,,,,,,,,,,,,,,,,,Mali,4930,00:21:31.579,Ball Receipt*,
,,,,,,,,,,,,,,,,,,,,,,,,,c6e000ed-a119-4068-bba3-0bb50496aaa2,2040,,"[48.7, 74.9]",3920417,66,,,,,,,,,,,,,,,,,,,,,,,,2,From Keeper,Hamari Traoré,3248.0,Right Back,129,Mali,4930,['83c116a0-5ee7-43e8-9a8a-c89c802dfeb8'],34,,,,,,,,,,,,,,,,,,Mali,4930,00:21:34.372,Ball Receipt*,
,,,,,,,,,,,,,,,,,,,,,,,,,b09d2a7e-2c7a-4296-b055-0cea85ec241b,2043,,"[42.5, 61.9]",3920417,66,,,,,,,,,,,,,,,,,,,,,,,,2,From Keeper,Aliou Dieng,67714.0,Right Defensive Midfield,129,Mali,4930,['db48cfc5-2951-4643-abfc-318f8ed8d7af'],36,,,,,,,,,,,,,,,,,,Mali,4930,00:21:36.048,Ball Receipt*,
,,,,,,,,,,,,,,,,,,,,,,,,,4b4f8965-8f6a-4e62-9ace-4dc01ef8a997,2046,,"[46.1, 19.2]",3920417,66,,,,,,,,,,,,,,,,,,,,,,,,2,From Keeper,Moussa Diarra,32952.0,Left Back,129,Mali,4930,['45750cb6-494a-45b8-9336-006f07075c2e'],43,,,,,,,,,,,,,,,,,,Mali,4930,00:21:43.514,Ball Receipt*,
,,,,,,,,,,,,,,,,,,,,,,,,,9bbe9897-c85f-45d9-8b19-e6fc1c6fd4e1,2049,,"[65.6, 2.5]",3920417,66,,,,,,,,,,,,,,,,,,,,,,,,2,From Keeper,Fousseni Diabaté,3710.0,Left Wing,129,Mali,4930,['b67432c9-cb71-4042-8fcc-57195d950d11'],46,,,,,,,,,,,,,,,,,,Mali,4930,00:21:46.012,Ball Receipt*,
,,,,,,,,,,,,,,,,,,,,,,,,,8901cca8-7564-4841-b0e4-edfab43a784e,2054,,"[48.7, 27.2]",3920417,66,,,,,,,,,,,,,,,,,,,,,,,,2,From Keeper,Sikou Niakate,7295.0,Left Center Back,129,Mali,4930,['f8edf317-3429-478b-bc62-b392327aabcd'],50,,,,,,,,,,,,,,,,,,Mali,4930,00:21:50.814,Ball Receipt*,
Incomplete,,,,,,,,,,,,,,,,,,,,,,,,,29027ffe-9560-40a1-9edd-79b0b0599ddd,2057,,"[90.3, 75.5]",3920417,66,,,,,,,,,,,,,,,,,,,,,,,,2,From Keeper,Nene Dorgeles,199653.0,Right Wing,129,Mali,4930,['c90001a0-24e8-4174-832d-25752c17abed'],58,,,,,,,,,,,,,,,,,,Mali,4930,00:21:58.336,Ball Receipt*,
Incomplete,,,,,,,,,,,,,,,,,,,,,,,,,d18bdb28-cb13-4ee9-9c08-2588658973ac,2066,,"[78.1, 27.1]",3920417,68,,,,,,,,,,,,,,,,,,,,,,,,2,From Free Kick,Prins Menelik Tjiueza,103803.0,Right Center Midfield,130,Namibia,4980,['052d4f7d-42cb-4daa-804a-82d07bac2203'],2,,,,,,,,,,,,,,,,,,Namibia,4980,00:23:02.200,Ball Receipt*,
Incomplete,,,,,,,,,,,,,,,,,,,,,,,,,9b88b5dc-da30-48b4-bbca-bc9fbcfe0c13,2071,,"[57.0, 51.3]",3920417,68,,,,,,,,,,,,,,,,,,,,,,,,2,From Free Kick,Kamory Doumbia,162132.0,Center Attacking Midfield,130,Namibia,4980,['440e9460-f4aa-4667-a2a9-c8020d4a0d2e'],7,,,,,,,,,,,,,,,,,,Mali,4930,00:23:07.350,Ball Receipt*,
Incomplete,,,,,,,,,,,,,,,,,,,,,,,,,6d89f595-d7d5-4670-b5f3-aaa97102c557,2074,,"[74.5, 23.9]",3920417,68,,,,,,,,,,,,,,,,,,,,,,,,2,From Free Kick,Prins Menelik Tjiueza,103803.0,Right Center Midfield,130,Namibia,4980,['4839b1e3-6581-4c70-a328-1409466eb4a7'],8,,,,,,,,,,,,,,,,,,Namibia,4980,00:23:08.221,Ball Receipt*,
,,,,,,,,,,,,,,,,,,,,,,,,,0a7cbeda-dd68-4617-9df9-71d1272cf63a,2076,,"[49.5, 65.8]",3920417,68,,,,,,,,,,,,,,,,,,,,,,,,2,Regular Play,Fousseni Diabaté,3710.0,Left Wing,131,Mali,4930,['acf7dd01-1f1b-479a-947f-7dff2aa351c7'],9,,,,,,,,,,,,,,,,,,Mali,4930,00:23:09.341,Ball Receipt*,
,,,,,,,,,,,,,,,,,,,,,,,,,0e6e229a-ff45-46e0-b0b4-bc48c718ea82,2079,,"[44.1, 59.7]",3920417,68,,,,,,,,,,,,,,,,,,,,,,,,2,Regular Play,Mohamed Camara,24806.0,Right Defensive Midfield,131,Mali,4930,['5059f946-59ac-4413-b236-0052af183f1f'],10,,,,,,,,,,,,,,,,,,Mali,4930,00:23:10.720,Ball Receipt*,
,,,,,,,,,,,,,,,,,,,,,,,,,deb411f0-fe90-4de7-93a4-d613f693239d,2088,,"[64.0, 68.0]",3920417,68,,,,,,,,,,,,,,,,,,,,,,,,2,Regular Play,Kamory Doumbia,162132.0,Center Attacking Midfield,131,Mali,4930,['a3575ba3-ff4c-496e-900a-663fa7f91f4c'],17,,,,,,,,,,,,,,,,,,Mali,4930,00:23:17.241,Ball Receipt*,
,,,,,,,,,,,,,,,,,,,,,,,,,296ece4c-e306-4589-ad23-caaac2c3d045,2093,,"[76.1, 74.5]",3920417,68,,,,,,,,,,,,,,,,,,,,,,,,2,Regular Play,Fousseni Diabaté,3710.0,Left Wing,131,Mali,4930,['82457f65-c41a-44c1-936c-89bd02481bf9'],19,,,,,,,,,,,,,,,,,,Mali,4930,00:23:19.189,Ball Receipt*,
,,,,,,,,,,,,,,,,,,,,,,,,,31e5552e-21dd-42c8-9817-17941d4d3c5f,2096,,"[11.3, 9.8]",3920417,68,,,,,,,,,,,,,,,,,,,,,,,,2,From Throw In,Lubeni Haukongo,135004.0,Left Center Back,132,Namibia,4980,['12962590-5071-496d-b632-67ae0848a929'],44,,,,,,,,,,,,,,,,,,Namibia,4980,00:23:44.854,Ball Receipt*,
,,,,,,,,,,,,,,,,,,,,,,,,,9ac4f41a-e390-4992-99f1-fd6b19acd67e,2099,,"[70.3, 74.1]",3920417,68,,,,,,,,,,,,,,,,,,,,,,,,2,From Throw In,Mohamed Camara,24806.0,Right Defensive Midfield,133,Mali,4930,['6854ccb6-1dec-475c-9bab-3ae11339ebcf'],56,,,,,,,,,,,,,,,,,,Mali,4930,00:23:56.838,Ball Receipt*,
,,,,,,,,,,,,,,,,,,,,,,,,,cc7e9e31-21a7-43cb-aef7-afa28d1738ad,2101,,"[76.4, 65.2]",3920417,68,,,,,,,,,,,,,,,,,,,,,,,,2,From Throw In,Yves Bissouma,4385.0,Left Defensive Midfield,133,Mali,4930,['b74ca279-96ef-44bb-9ec1-be2779752d4d'],57,,,,,,,,,,,,,,,,,,Mali,4930,00:23:57.933,Ball Receipt*,
,,,,,,,,,,,,,,,,,,,,,,,,,abc0eaa4-db0c-4c3a-8916-4b976ca00f5d,2104,,"[111.5, 17.6]",3920417,69,,,,,,,,,,,,,,,,,,,,,,,,2,From Throw In,Nene Dorgeles,199653.0,Right Wing,133,Mali,4930,['2a935d89-62ff-4666-bf60-0b18092e3a92'],3,,,,,,,,,,,,,,,,,,Mali,4930,00:24:03.219,Ball Receipt*,
Incomplete,,,,,,,,,,,,,,,,,,,,,,,,,e40b9886-450c-4e8c-bf3e-74ad9e4a00e3,2111,,"[113.8, 52.9]",3920417,69,,,,,,,,,,,,,,,,,,,,,,,,2,From Throw In,Fousseni Diabaté,3710.0,Left Wing,133,Mali,4930,['b7ff01ec-caec-463e-bd16-d7533aa56bcd'],8,,,,,,,,,,,,,,,,,,Mali,4930,00:24:08.791,Ball Receipt*,
Incomplete,,,,,,,,,,,,,,,,,,,,,,,,,ddcae49e-fed5-4ac2-bcc3-da8232fe97f7,2125,,"[71.2, 76.3]",3920417,71,,,,,,,,,,,,,,,,,,,,,,,,2,From Goal Kick,Muzeu Bethuel,389319.0,Right Midfield,135,Namibia,4980,['baf1f860-f183-4387-b464-9b729d626eaa'],0,,,,,,,,,,,,,,,,,,Namibia,4980,00:26:00.476,Ball Receipt*,
,,,,,,,,,,,,,,,,,,,,,,,,,6090bbdd-bce8-4b79-9b3e-bf1ee36037ed,2127,,"[51.0, 6.6]",3920417,71,,,,,,,,,,,,,,,,,,,,,,,,2,From Throw In,Mohamed Camara,24806.0,Right Defensive Midfield,136,Mali,4930,['00658338-ec9b-451c-9cad-2855ace8fed1'],8,,,,,,,,,,,,,,,,,,Mali,4930,00:26:08.064,Ball Receipt*,
,,,,,,,,,,,,,,,,,,,,,,,,,59ba5807-0659-4887-a06d-e9c87400770c,2130,,"[28.1, 23.7]",3920417,71,,,,,,,,,,,,,,,,,,,,,,,,2,From Throw In,Boubakar Kouyate,23331.0,Right Center Back,136,Mali,4930,['cc402b88-32e2-4d31-ae9d-dc56d1bdf9f5'],12,,,,,,,,,,,,,,,,,,Mali,4930,00:26:12.204,Ball Receipt*,
,,,,,,,,,,,,,,,,,,,,,,,,,9ca825d2-803a-42d1-a866-e6644f9163e4,2133,,"[42.7, 45.6]",3920417,71,,,,,,,,,,,,,,,,,,,,,,,,2,From Throw In,Yves Bissouma,4385.0,Left Defensive Midfield,136,Mali,4930,['cd5be6e8-c795-4914-be6f-12aee09454a3'],15,,,,,,,,,,,,,,,,,,Mali,4930,00:26:15.314,Ball Receipt*,
,,,,,,,,,,,,,,,,,,,,,,,,,fbaee047-6153-4c30-b3ec-58bc311ee379,2136,,"[61.6, 59.4]",3920417,71,,,,,,,,,,,,,,,,,,,,,,,,2,From Throw In,Hamari Traoré,3248.0,Right Back,136,Mali,4930,['bd84302b-840b-4a16-9511-0bbcadb8bd69'],18,,,,,,,,,,,,,,,,,,Mali,4930,00:26:18.604,Ball Receipt*,
,,,,,,,,,,,,,,,,,,,,,,,,,f8bb14a8-2252-4c9a-8c53-bdda3b67a0a3,2140,,"[55.1, 57.1]",3920417,71,,,,,,,,,,,,,,,,,,,,,,,,2,From Throw In,Mohamed Camara,24806.0,Right Defensive Midfield,136,Mali,4930,"['229dab09-5147-4937-a9b5-22dc90cd1725', '163eaf33-3d3a-41a1-87e6-c218e550a627']",20,,,,,,,,,,,,,,,,,,Mali,4930,00:26:20.079,Ball Receipt*,True
,,,,,,,,,,,,,,,,,,,,,,,,,dcbdb3bf-9667-47fb-be9d-0dc5229b1c78,2144,,"[110.2, 20.2]",3920417,71,,,,,,,,,,,,,,,,,,,,,,,,2,From Throw In,Nene Dorgeles,199653.0,Left Wing,136,Mali,4930,['447ca4e0-e93e-457f-86b7-75b3d3d51c0b'],27,,,,,,,,,,,,,,,,,,Mali,4930,00:26:27.725,Ball Receipt*,
Incomplete,,,,,,,,,,,,,,,,,,,,,,,,,04ef0598-baed-456c-8b24-268e03078860,2147,,"[114.3, 38.1]",3920417,71,,,,,,,,,,,,,,,,,,,,,,,,2,From Throw In,Ibrahim Sissoko,8992.0,Center Forward,136,Mali,4930,['ed8dc983-1c18-4eab-ba91-f9a26ace14c1'],31,,,,,,,,,,,,,,,,,,Mali,4930,00:26:31.613,Ball Receipt*,
Incomplete,,,,,,,,,,,,,,,,,,,,,,,,,bb7260c3-550b-4d67-ad8a-5c6ba7ae879a,2156,,"[90.8, 50.7]",3920417,71,,,,,,,,,,,,,,,,,,,,,,,,2,From Throw In,Peter Shalulile,65723.0,Center Forward,136,Mali,4930,['342874df-a9c5-4946-8b4d-8bd3628759c2'],40,,,,,,,,,,,,,,,,,,Namibia,4980,00:26:40.659,Ball Receipt*,
,,,,,,,,,,,,,,,,,,,,,,,,,f84eb705-c784-4856-ab34-1788a978bf1e,2158,,"[4.3, 31.6]",3920417,71,,,,,,,,,,,,,,,,,,,,,,,,2,From Throw In,Djigui Diarra,102992.0,Goalkeeper,136,Mali,4930,['442f942c-72c2-43ee-b607-5630588acd4c'],42,,,,,,,,,,,,,,,,,,Mali,4930,00:26:42.547,Ball Receipt*,
,,,,,,,,,,,,,,,,,,,,,,,,,f4c9efcf-8d9a-4ab8-8750-22a785b8ca40,2161,,"[28.0, 29.6]",3920417,71,,,,,,,,,,,,,,,,,,,,,,,,2,From Throw In,Yves Bissouma,4385.0,Left Defensive Midfield,136,Mali,4930,['ccda6db0-89e7-4eb3-9886-387aeb81831a'],45,,,,,,,,,,,,,,,,,,Mali,4930,00:26:45.824,Ball Receipt*,
,,,,,,,,,,,,,,,,,,,,,,,,,e3fe48cf-1c67-4256-b294-54607697a2a8,2164,,"[27.4, 48.1]",3920417,71,,,,,,,,,,,,,,,,,,,,,,,,2,From Throw In,Mohamed Camara,24806.0,Right Defensive Midfield,136,Mali,4930,['280e073d-ab05-48de-ba70-acd32ff05af3'],47,,,,,,,,,,,,,,,,,,Mali,4930,00:26:47.752,Ball Receipt*,
Incomplete,,,,,,,,,,,,,,,,,,,,,,,,,0eb38224-5b5f-4dcd-8077-c44eaad08dd2,2167,,"[73.3, 8.0]",3920417,71,,,,,,,,,,,,,,,,,,,,,,,,2,From Throw In,Nene Dorgeles,199653.0,Left Wing,136,Mali,4930,['4171311c-dbb3-4df2-a43b-d701ae4d25cd'],51,,,,,,,,,,,,,,,,,,Mali,4930,00:26:51.742,Ball Receipt*,
,,,,,,,,,,,,,,,,,,,,,,,,,9250c070-952d-403a-a73a-73fc01d20a52,2172,,"[42.7, 57.8]",3920417,71,,,,,,,,,,,,,,,,,,,,,,,,2,From Throw In,Kennedy Amutenya,264381.0,Right Center Back,136,Mali,4930,['ebdd81aa-162f-4aba-9994-b7492715704d'],53,,,,,,,,,,,,,,,,,,Namibia,4980,00:26:53.922,Ball Receipt*,
Incomplete,,,,,,,,,,,,,,,,,,,,,,,,,67c1fc8f-de28-4a86-9ec2-e2cb6926f898,2175,,"[84.4, 52.2]",3920417,71,,,,,,,,,,,,,,,,,,,,,,,,2,From Throw In,Peter Shalulile,65723.0,Center Forward,136,Mali,4930,['bc10c798-a500-448c-84c3-8feca54d4831'],57,,,,,,,,,,,,,,,,,,Namibia,4980,00:26:57.124,Ball Receipt*,
,,,,,,,,,,,,,,,,,,,,,,,,,97d7a342-839a-4c26-af66-3b6e8e2204e3,2179,,"[49.3, 5.2]",3920417,72,,,,,,,,,,,,,,,,,,,,,,,,2,From Throw In,Amadou Dante,40868.0,Left Back,136,Mali,4930,['1c9264af-28ec-4e77-b25f-e29ef92a9d48'],0,,,,,,,,,,,,,,,,,,Mali,4930,00:27:00.913,Ball Receipt*,
,,,,,,,,,,,,,,,,,,,,,,,,,82f9ad70-24f3-4acc-ba57-0ab32bcf0eeb,2182,,"[34.8, 7.1]",3920417,72,,,,,,,,,,,,,,,,,,,,,,,,2,From Throw In,Sikou Niakate,7295.0,Left Center Back,136,Mali,4930,['c04e7c32-26a2-47a3-a9a9-7b206dbefa67'],3,,,,,,,,,,,,,,,,,,Mali,4930,00:27:03.122,Ball Receipt*,
,,,,,,,,,,,,,,,,,,,,,,,,,31980f29-b958-46f8-aae0-7f528c35c83e,2185,,"[37.6, 30.6]",3920417,72,,,,,,,,,,,,,,,,,,,,,,,,2,From Throw In,Mohamed Camara,24806.0,Right Defensive Midfield,136,Mali,4930,['44ab7726-52e6-40e9-a5c5-d5c7edb5f735'],6,,,,,,,,,,,,,,,,,,Mali,4930,00:27:06.467,Ball Receipt*,
,,,,,,,,,,,,,,,,,,,,,,,,,9ab29d00-88d5-4c80-aff8-308feff862a9,2188,,"[76.9, 75.5]",3920417,72,,,,,,,,,,,,,,,,,,,,,,,,2,From Throw In,Fousseni Diabaté,3710.0,Right Wing,136,Mali,4930,['11af398e-246f-46c2-adac-04b468140d0d'],11,,,,,,,,,,,,,,,,,,Mali,4930,00:27:11.302,Ball Receipt*,
,,,,,,,,,,,,,,,,,,,,,,,,,07e99574-6493-4c11-876e-f39e684bec5d,2191,,"[72.3, 63.4]",3920417,72,,,,,,,,,,,,,,,,,,,,,,,,2,From Throw In,Mohamed Camara,24806.0,Right Defensive Midfield,136,Mali,4930,['eddcf352-d82f-41a1-ae9e-fd46ea318d95'],16,,,,,,,,,,,,,,,,,,Mali,4930,00:27:16.571,Ball Receipt*,
,,,,,,,,,,,,,,,,,,,,,,,,,8e170408-5010-43e4-a780-65c498e9ea40,2194,,"[105.2, 11.1]",3920417,72,,,,,,,,,,,,,,,,,,,,,,,,2,From Throw In,Nene Dorgeles,199653.0,Left Wing,136,Mali,4930,['57292a41-5a23-45b3-8ac9-5239e33bad8b'],20,,,,,,,,,,,,,,,,,,Mali,4930,00:27:20.439,Ball Receipt*,
Incomplete,,,,,,,,,,,,,,,,,,,,,,,,,32032ab5-ed30-4b46-92e6-e5dd1291ea94,2199,,"[92.3, 69.2]",3920417,73,,,,,,,,,,,,,,,,,,,,,,,,2,From Free Kick,Absalom Iimbondi,103804.0,Right Midfield,137,Namibia,4980,['f4aa7325-a6f6-40a8-9cd3-29bf7a0e14ad'],21,,,,,,,,,,,,,,,,,,Namibia,4980,00:28:21.997,Ball Receipt*,
Incomplete,,,,,,,,,,,,,,,,,,,,,,,,,4bd478a4-283f-4a5e-9b72-e6d6bc4d2114,2201,,"[48.4, 8.6]",3920417,73,,,,,,,,,,,,,,,,,,,,,,,,2,From Free Kick,Nene Dorgeles,199653.0,Left Wing,137,Namibia,4980,['bb605b0f-3f62-4734-a9f1-b2901f2a6bef'],24,,,,,,,,,,,,,,,,,,Mali,4930,00:28:24.894,Ball Receipt*,
Incomplete,,,,,,,,,,,,,,,,,,,,,,,,,6a5f013e-9fa6-4f5a-a0fb-186eaf4c46ec,2204,,"[69.4, 70.4]",3920417,73,,,,,,,,,,,,,,,,,,,,,,,,2,From Free Kick,Ngero Kaanjuka Katua,389316.0,Left Center Midfield,137,Namibia,4980,['423d9800-3de4-4b9e-80a8-aab43f0cbd63'],26,,,,,,,,,,,,,,,,,,Namibia,4980,00:28:26.037,Ball Receipt*,
,,,,,,,,,,,,,,,,,,,,,,,,,7ddccebf-9684-4005-a7bb-d55d4cfe3a1c,2210,,"[36.2, 36.3]",3920417,73,,,,,,,,,,,,,,,,,,,,,,,,2,Regular Play,Hamari Traoré,3248.0,Right Back,138,Mali,4930,['420c2a17-e874-4709-9b85-0fcc597b2923'],30,,,,,,,,,,,,,,,,,,Mali,4930,00:28:30.720,Ball Receipt*,
,,,,,,,,,,,,,,,,,,,,,,,,,bf623eba-d916-457a-83ad-6c60894bacd8,2213,,"[40.5, 50.5]",3920417,73,,,,,,,,,,,,,,,,,,,,,,,,2,Regular Play,Mohamed Camara,24806.0,Right Defensive Midfield,138,Mali,4930,['e8ef87b8-73bb-4cf2-94c9-3cbcf26f9b91'],33,,,,,,,,,,,,,,,,,,Mali,4930,00:28:33.651,Ball Receipt*,
,,,,,,,,,,,,,,,,,,,,,,,,,72b6e611-e9ec-45f2-b65c-0d90e59b9226,2216,,"[48.2, 26.0]",3920417,73,,,,,,,,,,,,,,,,,,,,,,,,2,Regular Play,Yves Bissouma,4385.0,Left Defensive Midfield,138,Mali,4930,['877438de-aa5f-4ecb-89af-1108a5a69d8a'],39,,,,,,,,,,,,,,,,,,Mali,4930,00:28:39.140,Ball Receipt*,
,,,,,,,,,,,,,,,,,,,,,,,,,96f2f4bf-4d67-4f3b-90b6-22f9cee01862,2219,,"[58.9, 34.0]",3920417,73,,,,,,,,,,,,,,,,,,,,,,,,2,Regular Play,Mohamed Camara,24806.0,Right Defensive Midfield,138,Mali,4930,['9728d3c6-6888-4c0c-b278-7830c61b010b'],44,,,,,,,,,,,,,,,,,,Mali,4930,00:28:44.118,Ball Receipt*,
,,,,,,,,,,,,,,,,,,,,,,,,,7db61c20-ed47-4f39-a08e-aa4198e491a5,2222,,"[62.7, 61.7]",3920417,73,,,,,,,,,,,,,,,,,,,,,,,,2,Regular Play,Hamari Traoré,3248.0,Right Back,138,Mali,4930,['8cca6545-ed78-4367-8013-1a7bf9cec3d3'],47,,,,,,,,,,,,,,,,,,Mali,4930,00:28:47.060,Ball Receipt*,
Incomplete,,,,,,,,,,,,,,,,,,,,,,,,,ed86968e-5ffa-4fd0-a033-9039b4bd0c46,2225,,"[100.4, 21.4]",3920417,73,,,,,,,,,,,,,,,,,,,,,,,,2,Regular Play,Nene Dorgeles,199653.0,Left Wing,138,Mali,4930,['b2856435-9eaa-4e71-830a-58ea27fe020b'],52,,,,,,,,,,,,,,,,,,Mali,4930,00:28:52.687,Ball Receipt*,
,,,,,,,,,,,,,,,,,,,,,,,,,4c70a1bf-4109-4ea9-a759-128660bcc31f,2228,,"[14.7, 44.0]",3920417,73,,,,,,,,,,,,,,,,,,,,,,,,2,Regular Play,Kennedy Amutenya,264381.0,Right Center Back,138,Mali,4930,['3673d91b-7bf5-4ec5-ad4f-19cca2723996'],53,,,,,,,,,,,,,,,,,,Namibia,4980,00:28:53.885,Ball Receipt*,
Incomplete,,,,,,,,,,,,,,,,,,,,,,,,,c4783e28-b1a7-459a-99a4-bfd9fe0a9508,2231,,"[52.0, 37.5]",3920417,73,,,,,,,,,,,,,,,,,,,,,,,,2,Regular Play,Peter Shalulile,65723.0,Center Forward,138,Mali,4930,['edfe50fa-9aa7-4d90-a5f5-98c611d330f5'],56,,,,,,,,,,,,,,,,,,Namibia,4980,00:28:56.426,Ball Receipt*,
,,,,,,,,,,,,,,,,,,,,,,,,,09baed7d-7f04-4852-9ffc-524e54c5d792,2235,,"[71.7, 23.3]",3920417,74,,,,,,,,,,,,,,,,,,,,,,,,2,Regular Play,Yves Bissouma,4385.0,Left Defensive Midfield,138,Mali,4930,['c846e86b-1f67-4138-991e-f24a0a698810'],1,,,,,,,,,,,,,,,,,,Mali,4930,00:29:01.219,Ball Receipt*,
,,,,,,,,,,,,,,,,,,,,,,,,,cd396746-f321-400c-97ed-6cd4ca1b9d88,2239,,"[100.5, 5.2]",3920417,74,,,,,,,,,,,,,,,,,,,,,,,,2,Regular Play,Amadou Dante,40868.0,Left Back,138,Mali,4930,['5c760b8a-2328-438f-8e1a-e729d324eb3b'],5,,,,,,,,,,,,,,,,,,Mali,4930,00:29:05.860,Ball Receipt*,
Incomplete,,,,,,,,,,,,,,,,,,,,,,,,,66c2326c-7c62-4d00-9e1a-adaedbe8f8ec,2242,,"[110.4, 28.6]",3920417,74,,,,,,,,,,,,,,,,,,,,,,,,2,Regular Play,Ibrahim Sissoko,8992.0,Center Forward,138,Mali,4930,['bc80bcb2-7f9e-487c-8797-55ddfc179ba0'],7,,,,,,,,,,,,,,,,,,Mali,4930,00:29:07.790,Ball Receipt*,
Incomplete,,,,,,,,,,,,,,,,,,,,,,,,,56862876-1951-432e-b5b8-020eceb6382b,2250,,"[50.6, 12.8]",3920417,74,,,,,,,,,,,,,,,,,,,,,,,,2,Regular Play,Prins Menelik Tjiueza,103803.0,Right Center Midfield,138,Mali,4930,['bd5ed786-cf03-47ba-b679-b4cd481503dd'],15,,,,,,,,,,,,,,,,,,Namibia,4980,00:29:15.622,Ball Receipt*,
,,,,,,,,,,,,,,,,,,,,,,,,,ed927ed8-1b18-4ee0-b86a-37bcad33cc51,2252,,"[70.6, 52.9]",3920417,74,,,,,,,,,,,,,,,,,,,,,,,,2,Regular Play,Mohamed Camara,24806.0,Right Defensive Midfield,138,Mali,4930,['ee56c0b1-1151-433a-9b6e-fa316cd19f79'],17,,,,,,,,,,,,,,,,,,Mali,4930,00:29:17.112,Ball Receipt*,
,,,,,,,,,,,,,,,,,,,,,,,,,a56c6e82-1d7d-4979-a567-79adf131f464,2255,,"[90.3, 71.3]",3920417,74,,,,,,,,,,,,,,,,,,,,,,,,2,Regular Play,Fousseni Diabaté,3710.0,Right Wing,138,Mali,4930,['93112b6d-2323-4702-869f-f72abb79e958'],20,,,,,,,,,,,,,,,,,,Mali,4930,00:29:20.302,Ball Receipt*,
Incomplete,,,,,,,,,,,,,,,,,,,,,,,,,fd89161c-4b29-4e50-b830-69cc2eba3fd0,2258,,"[116.2, 70.8]",3920417,74,,,,,,,,,,,,,,,,,,,,,,,,2,Regular Play,Hamari Traoré,3248.0,Right Back,138,Mali,4930,['eecadb75-7f58-4e70-9b8c-c7ab8a2ff91b'],23,,,,,,,,,,,,,,,,,,Mali,4930,00:29:23.820,Ball Receipt*,
Incomplete,,,,,,,,,,,,,,,,,,,,,,,,,f88dfcf6-090c-4256-bab4-adf7335ceb32,2260,,"[111.0, 13.4]",3920417,76,,,,,,,,,,,,,,,,,,,,,,,,2,From Goal Kick,Absalom Iimbondi,103804.0,Right Midfield,139,Namibia,4980,['a542c346-13f6-4cc5-ac4a-d51ed2b53057'],56,,,,,,,,,,,,,,,,,,Namibia,4980,00:31:56.741,Ball Receipt*,
,,,,,,,,,,,,,,,,,,,,,,,,,360dba57-c8f2-4fc2-9b09-9b3db47767fd,2265,,"[99.5, 9.1]",3920417,78,,,,,,,,,,,,,,,,,,,,,,,,2,From Corner,Prins Menelik Tjiueza,103803.0,Right Center Midfield,140,Namibia,4980,['0d55ea51-5958-49f6-9cb5-008591d75440'],14,,,,,,,,,,,,,,,,,,Namibia,4980,00:33:14.130,Ball Receipt*,
Incomplete,,,,,,,,,,,,,,,,,,,,,,,,,51558d65-aaa2-4e3b-a1f4-b98416b5cd4f,2268,,"[105.5, 40.2]",3920417,78,,,,,,,,,,,,,,,,,,,,,,,,2,From Corner,Peter Shalulile,65723.0,Center Forward,140,Namibia,4980,['f1f08027-fd21-4739-a888-39c740c274a9'],15,,,,,,,,,,,,,,,,,,Namibia,4980,00:33:15.828,Ball Receipt*,
,,,,,,,,,,,,,,,,,,,,,,,,,4f75f1ab-2513-485c-94ff-f91f97a6502a,2272,,"[103.5, 6.0]",3920417,78,,,,,,,,,,,,,,,,,,,,,,,,2,From Throw In,Peter Shalulile,65723.0,Center Forward,141,Namibia,4980,['b532acf0-f7a3-4a8c-825f-d89e5f05e4fc'],57,,,,,,,,,,,,,,,,,,Namibia,4980,00:33:57.143,Ball Receipt*,
,,,,,,,,,,,,,,,,,,,,,,,,,f8f68953-bd82-4f99-9eb4-d9e25f0902a9,2277,,"[114.8, 6.2]",3920417,79,,,,,,,,,,,,,,,,,,,,,,,,2,From Throw In,Peter Shalulile,65723.0,Center Forward,142,Namibia,4980,['5361d818-42ac-469d-af8b-7f2556bcbad3'],13,,,,,,,,,,,,,,,,,,Namibia,4980,00:34:13.168,Ball Receipt*,
,,,,,,,,,,,,,,,,,,,,,,,,,98e1ba95-0c7f-4ab3-af8d-e1bff5a44261,2280,,"[109.2, 9.8]",3920417,79,,,,,,,,,,,,,,,,,,,,,,,,2,From Throw In,Absalom Iimbondi,103804.0,Right Midfield,142,Namibia,4980,['ea85cc39-1ce6-40cc-a3ce-080cf9af95a1'],14,,,,,,,,,,,,,,,,,,Namibia,4980,00:34:14.759,Ball Receipt*,
,,,,,,,,,,,,,,,,,,,,,,,,,3a372775-e19a-463a-b9b2-7e2bc7cdc6bc,2283,,"[103.7, 5.9]",3920417,79,,,,,,,,,,,,,,,,,,,,,,,,2,From Throw In,Riaan Hanamub,65555.0,Left Back,142,Namibia,4980,['68b688fc-542b-4cef-a67a-5eb570ec8685'],15,,,,,,,,,,,,,,,,,,Namibia,4980,00:34:15.760,Ball Receipt*,
Incomplete,,,,,,,,,,,,,,,,,,,,,,,,,c936d098-3f8d-43e6-afd4-74ccfd1fa15b,2287,,"[109.3, 4.6]",3920417,79,,,,,,,,,,,,,,,,,,,,,,,,2,From Throw In,Peter Shalulile,65723.0,Center Forward,142,Namibia,4980,['186f5616-b13e-47aa-b519-af9aa0247c52'],16,,,,,,,,,,,,,,,,,,Namibia,4980,00:34:16.372,Ball Receipt*,
,,,,,,,,,,,,,,,,,,,,,,,,,a4ecf566-dbc7-44f8-b8cd-da2e7fc7646c,2290,,"[118.1, 9.1]",3920417,79,,,,,,,,,,,,,,,,,,,,,,,,2,From Throw In,Peter Shalulile,65723.0,Center Forward,143,Namibia,4980,['1b1dfe65-e8fc-4c21-a75e-c9962dc59b14'],26,,,,,,,,,,,,,,,,,,Namibia,4980,00:34:26.613,Ball Receipt*,
,,,,,,,,,,,,,,,,,,,,,,,,,2f532b94-d830-41c2-9ccd-b12e46fcac9a,2296,,"[116.9, 9.8]",3920417,79,,,,,,,,,,,,,,,,,,,,,,,,2,From Throw In,Peter Shalulile,65723.0,Center Forward,144,Namibia,4980,['9aed41ae-f5e4-4c10-864e-5b005e0dca3a'],36,,,,,,,,,,,,,,,,,,Namibia,4980,00:34:36.713,Ball Receipt*,
Incomplete,,,,,,,,,,,,,,,,,,,,,,,,,4aae9dc7-5258-4ee4-94d3-75dbd4690f9d,2299,,"[116.7, 5.0]",3920417,79,,,,,,,,,,,,,,,,,,,,,,,,2,From Throw In,Riaan Hanamub,65555.0,Left Back,144,Namibia,4980,['e1401173-cd18-4b3c-8926-05c9a60ff4c2'],38,,,,,,,,,,,,,,,,,,Namibia,4980,00:34:38.143,Ball Receipt*,
,,,,,,,,,,,,,,,,,,,,,,,,,f172981c-8db3-4e33-8280-0adcf2a2cac0,2304,,"[5.3, 71.7]",3920417,79,,,,,,,,,,,,,,,,,,,,,,,,2,Regular Play,Hamari Traoré,3248.0,Right Back,145,Mali,4930,['f46fc8c4-9be7-4ff6-8d2f-70fc26f99387'],39,,,,,,,,,,,,,,,,,,Mali,4930,00:34:39.242,Ball Receipt*,
,,,,,,,,,,,,,,,,,,,,,,,,,8f19b3a8-1365-4bb0-9dc5-d29c43b9d6d5,2307,,"[15.0, 74.5]",3920417,79,,,,,,,,,,,,,,,,,,,,,,,,2,Regular Play,Mohamed Camara,24806.0,Right Defensive Midfield,145,Mali,4930,['cb381233-374f-4a01-b632-dd39e26fae83'],40,,,,,,,,,,,,,,,,,,Mali,4930,00:34:40.429,Ball Receipt*,
,,,,,,,,,,,,,,,,,,,,,,,,,58d2c593-7ac9-4752-a7b0-ed5eac7ff309,2312,,"[4.0, 73.7]",3920417,79,,,,,,,,,,,,,,,,,,,,,,,,2,Regular Play,Hamari Traoré,3248.0,Right Back,145,Mali,4930,"['f44e8660-5158-41c6-bc65-07f367f94f10', 'ddeed1c9-e8e8-46ab-aa21-d879cd26cc47']",42,,,,,,,,,,,,,,,,,,Mali,4930,00:34:42.672,Ball Receipt*,True
Incomplete,,,,,,,,,,,,,,,,,,,,,,,,,4ac50c31-9bd6-48f2-9c09-b2344f459758,2317,,"[102.8, 10.7]",3920417,79,,,,,,,,,,,,,,,,,,,,,,,,2,Regular Play,Marcel Papama,103801.0,Right Center Midfield,145,Mali,4930,['6ee396d0-9916-4b74-884e-38a8fdcbfb28'],46,,,,,,,,,,,,,,,,,,Namibia,4980,00:34:46.670,Ball Receipt*,
,,,,,,,,,,,,,,,,,,,,,,,,,f64282e5-f220-4c72-bb1c-759fa49458cd,2322,,"[17.7, 72.8]",3920417,79,,,,,,,,,,,,,,,,,,,,,,,,2,Regular Play,Hamari Traoré,3248.0,Right Back,145,Mali,4930,['1350589d-3dcc-45ad-8e69-9fb50babfb0e'],49,,,,,,,,,,,,,,,,,,Mali,4930,00:34:49.401,Ball Receipt*,
,,,,,,,,,,,,,,,,,,,,,,,,,1069cdf5-4d7e-4e09-b556-e6b2bfb5bbea,2325,,"[15.1, 51.9]",3920417,79,,,,,,,,,,,,,,,,,,,,,,,,2,Regular Play,Sikou Niakate,7295.0,Left Center Back,145,Mali,4930,['77fddd8e-2c19-4a3a-bc71-3f60f999f401'],51,,,,,,,,,,,,,,,,,,Mali,4930,00:34:51.328,Ball Receipt*,
,,,,,,,,,,,,,,,,,,,,,,,,,845df6e8-2269-41d7-806d-d15114952ee4,2328,,"[43.6, 5.4]",3920417,79,,,,,,,,,,,,,,,,,,,,,,,,2,Regular Play,Nene Dorgeles,199653.0,Left Wing,145,Mali,4930,['34fd10dc-83ca-48aa-b0db-fbab3692a649'],55,,,,,,,,,,,,,,,,,,Mali,4930,00:34:55.063,Ball Receipt*,
,,,,,,,,,,,,,,,,,,,,,,,,,6f1aded5-1e8e-432a-8563-8e8cb2a0310d,2331,,"[77.9, 2.1]",3920417,79,,,,,,,,,,,,,,,,,,,,,,,,2,Regular Play,Amadou Dante,40868.0,Left Back,145,Mali,4930,['ec8fd902-7389-4a00-a301-766409196624'],59,,,,,,,,,,,,,,,,,,Mali,4930,00:34:59.545,Ball Receipt*,
,,,,,,,,,,,,,,,,,,,,,,,,,f545f739-19dc-4901-8709-5a7041e7c830,2335,,"[113.3, 19.6]",3920417,80,,,,,,,,,,,,,,,,,,,,,,,,2,Regular Play,Nene Dorgeles,199653.0,Left Wing,145,Mali,4930,"['00b86b25-6816-4cae-90b4-3fc08a0eecac', '89a3c1de-6b07-4fe4-aa6e-b8c718220ece']",2,,,,,,,,,,,,,,,,,,Mali,4930,00:35:02.672,Ball Receipt*,True
Incomplete,,,,,,,,,,,,,,,,,,,,,,,,,21c583e6-2717-4b07-96ab-6d160e42afd3,2343,,"[23.7, 69.8]",3920417,80,,,,,,,,,,,,,,,,,,,,,,,,2,Regular Play,Marcel Papama,103801.0,Right Center Midfield,146,Namibia,4980,['b4b097cb-ffe5-4abc-bd8c-0c7c45fa144f'],9,,,,,,,,,,,,,,,,,,Namibia,4980,00:35:09.413,Ball Receipt*,
,,,,,,,,,,,,,,,,,,,,,,,,,f18c2f21-13be-4cb7-aa59-40ca592af7ef,2347,,"[28.3, 75.2]",3920417,80,,,,,,,,,,,,,,,,,,,,,,,,2,From Throw In,Deon Hotto Kavendji,64612.0,Left Midfield,147,Namibia,4980,['8d49340b-e51e-42c2-8128-4be1622c8dc8'],46,,,,,,,,,,,,,,,,,,Namibia,4980,00:35:46.967,Ball Receipt*,
,,,,,,,,,,,,,,,,,,,,,,,,,5c9107e4-50df-4c14-81cc-0b3d705a3ba5,2349,,"[26.1, 76.3]",3920417,80,,,,,,,,,,,,,,,,,,,,,,,,2,From Throw In,Ivan Kamberipa,103799.0,Right Back,147,Namibia,4980,['aa88bf4e-e3e8-4e86-9a05-af60f92541e1'],47,,,,,,,,,,,,,,,,,,Namibia,4980,00:35:47.436,Ball Receipt*,
Incomplete,,,,,,,,,,,,,,,,,,,,,,,,,40040dea-2465-465a-8016-b08a5c369877,2358,,"[29.8, 74.9]",3920417,80,,,,,,,,,,,,,,,,,,,,,,,,2,From Throw In,Marcel Papama,103801.0,Right Center Midfield,147,Namibia,4980,['f2d73383-3ab1-4444-bc95-0c7ab00f37b8'],55,,,,,,,,,,,,,,,,,,Namibia,4980,00:35:55.181,Ball Receipt*,
,,,,,,,,,,,,,,,,,,,,,,,,,dbab0095-4d9d-442f-8dbc-88bd39020d1f,2360,,"[61.1, 9.0]",3920417,81,,,,,,,,,,,,,,,,,,,,,,,,2,From Throw In,Sikou Niakate,7295.0,Left Center Back,148,Mali,4930,['b19453bf-3f43-4e9b-8831-ae21252cc3ba'],1,,,,,,,,,,,,,,,,,,Mali,4930,00:36:01.058,Ball Receipt*,
,,,,,,,,,,,,,,,,,,,,,,,,,0c49bb58-0593-445f-a74a-df325d48212b,2362,,"[64.0, 25.3]",3920417,81,,,,,,,,,,,,,,,,,,,,,,,,2,From Throw In,Mohamed Camara,24806.0,Right Defensive Midfield,148,Mali,4930,['29b73369-d116-40e4-a22e-2df0af16b5b3'],2,,,,,,,,,,,,,,,,,,Mali,4930,00:36:02.677,Ball Receipt*,
,,,,,,,,,,,,,,,,,,,,,,,,,a54ef919-c047-4514-bae1-fc7830f12142,2364,,"[70.0, 67.7]",3920417,81,,,,,,,,,,,,,,,,,,,,,,,,2,From Throw In,Hamari Traoré,3248.0,Right Back,148,Mali,4930,['d6123811-b641-476f-87ba-1751a7379537'],5,,,,,,,,,,,,,,,,,,Mali,4930,00:36:05.279,Ball Receipt*,
,,,,,,,,,,,,,,,,,,,,,,,,,dd967aab-b583-4b04-9414-11beb5395020,2367,,"[90.2, 75.1]",3920417,81,,,,,,,,,,,,,,,,,,,,,,,,2,From Throw In,Adama Traoré,4464.0,Right Wing,148,Mali,4930,['29fa7f95-5ea6-4729-b195-9e9015a31fec'],7,,,,,,,,,,,,,,,,,,Mali,4930,00:36:07.715,Ball Receipt*,
,,,,,,,,,,,,,,,,,,,,,,,,,12c36609-995e-4e82-80d9-d370dd4be7ae,2370,,"[77.4, 74.1]",3920417,81,,,,,,,,,,,,,,,,,,,,,,,,2,From Throw In,Hamari Traoré,3248.0,Right Back,148,Mali,4930,['d211fc9b-b5a6-4f25-95d7-5683c49a2402'],12,,,,,,,,,,,,,,,,,,Mali,4930,00:36:12.486,Ball Receipt*,
,,,,,,,,,,,,,,,,,,,,,,,,,537af77b-22ae-4a16-a385-472519c7d34a,2373,,"[68.6, 60.2]",3920417,81,,,,,,,,,,,,,,,,,,,,,,,,2,From Throw In,Mohamed Camara,24806.0,Right Defensive Midfield,148,Mali,4930,['0df9abe7-2532-4636-aaea-ebfaac4ac891'],14,,,,,,,,,,,,,,,,,,Mali,4930,00:36:14.261,Ball Receipt*,
,,,,,,,,,,,,,,,,,,,,,,,,,95afe1f3-fa59-4ed8-96dd-f437ab20edcd,2376,,"[72.4, 5.6]",3920417,81,,,,,,,,,,,,,,,,,,,,,,,,2,From Throw In,Amadou Dante,40868.0,Left Back,148,Mali,4930,['2f79d933-7c3a-4209-b30c-851d1f77f3f9'],17,,,,,,,,,,,,,,,,,,Mali,4930,00:36:17.913,Ball Receipt*,
,,,,,,,,,,,,,,,,,,,,,,,,,50181c28-c14f-41fc-9a1c-745739042288,2379,,"[84.8, 12.7]",3920417,81,,,,,,,,,,,,,,,,,,,,,,,,2,From Throw In,Kamory Doumbia,162132.0,Center Attacking Midfield,148,Mali,4930,['36d3a349-3b9c-44f0-b8cc-dee032c621b6'],21,,,,,,,,,,,,,,,,,,Mali,4930,00:36:21.219,Ball Receipt*,
,,,,,,,,,,,,,,,,,,,,,,,,,667d9ade-9413-4302-b2eb-4efc8d1b9df3,2383,,"[66.6, 42.6]",3920417,81,,,,,,,,,,,,,,,,,,,,,,,,2,From Throw In,Mohamed Camara,24806.0,Right Defensive Midfield,148,Mali,4930,['e72ebbe0-3df4-4649-b647-8b827e22c1c3'],25,,,,,,,,,,,,,,,,,,Mali,4930,00:36:25.614,Ball Receipt*,
,,,,,,,,,,,,,,,,,,,,,,,,,6c6dd0d2-722c-4474-b860-36d0d920d7e5,2386,,"[94.9, 76.1]",3920417,81,,,,,,,,,,,,,,,,,,,,,,,,2,From Throw In,Hamari Traoré,3248.0,Right Back,148,Mali,4930,['ce7412d7-9cd7-4760-b8b1-c4920cd1a001'],29,,,,,,,,,,,,,,,,,,Mali,4930,00:36:29.621,Ball Receipt*,
,,,,,,,,,,,,,,,,,,,,,,,,,71437ec4-d3d3-427e-bc2f-72ab85afb8b3,2390,,"[117.0, 68.0]",3920417,81,,,,,,,,,,,,,,,,,,,,,,,,2,From Throw In,Adama Traoré,4464.0,Right Wing,148,Mali,4930,"['de05bea8-9e70-42ba-bfdb-660bff4d6eee', 'a96f5b56-2b98-4ac8-98f1-444f52de535e']",33,,,,,,,,,,,,,,,,,,Mali,4930,00:36:33.527,Ball Receipt*,True
,,,,,,,,,,,,,,,,,,,,,,,,,71fcaf7d-71f6-435b-9715-e72562119d8b,2393,,"[99.7, 74.9]",3920417,81,,,,,,,,,,,,,,,,,,,,,,,,2,From Throw In,Hamari Traoré,3248.0,Right Back,148,Mali,4930,['1162e52b-1545-4820-975a-491c1ea4a8e2'],36,,,,,,,,,,,,,,,,,,Mali,4930,00:36:36.588,Ball Receipt*,
,,,,,,,,,,,,,,,,,,,,,,,,,ea918d97-094a-4d8e-b030-ebd367ca00da,2396,,"[84.3, 74.9]",3920417,81,,,,,,,,,,,,,,,,,,,,,,,,2,From Throw In,Mohamed Camara,24806.0,Right Defensive Midfield,148,Mali,4930,['17e06be7-0efd-4c23-ba8a-07212a1ee4e8'],38,,,,,,,,,,,,,,,,,,Mali,4930,00:36:38.295,Ball Receipt*,
,,,,,,,,,,,,,,,,,,,,,,,,,2f4d8228-ccbf-4e36-a89d-381ea5418e8b,2399,,"[67.2, 33.3]",3920417,81,,,,,,,,,,,,,,,,,,,,,,,,2,From Throw In,Sikou Niakate,7295.0,Left Center Back,148,Mali,4930,['baa114e2-cd91-4249-95b9-93a7494dad77'],41,,,,,,,,,,,,,,,,,,Mali,4930,00:36:41.552,Ball Receipt*,
,,,,,,,,,,,,,,,,,,,,,,,,,4d9046bc-98df-4525-b157-9099c0d5afed,2402,,"[80.6, 9.0]",3920417,81,,,,,,,,,,,,,,,,,,,,,,,,2,From Throw In,Amadou Dante,40868.0,Left Back,148,Mali,4930,['f68a448f-78b6-44a7-aa23-3ea072e0ad02'],43,,,,,,,,,,,,,,,,,,Mali,4930,00:36:43.900,Ball Receipt*,
Incomplete,,,,,,,,,,,,,,,,,,,,,,,,,f769265c-1e06-4adb-9fc7-fc7a49c2ab83,2409,,"[50.6, 14.2]",3920417,81,,,,,,,,,,,,,,,,,,,,,,,,2,From Throw In,Absalom Iimbondi,103804.0,Right Midfield,148,Mali,4930,['fec42605-8ee9-42ca-9221-7b34cb1da2d9'],53,,,,,,,,,,,,,,,,,,Namibia,4980,00:36:53.685,Ball Receipt*,
,,,,,,,,,,,,,,,,,,,,,,,,,7c88e0dc-d961-474d-ae82-e96907b7b327,2413,,"[50.3, 52.8]",3920417,81,,,,,,,,,,,,,,,,,,,,,,,,2,From Throw In,Mohamed Camara,24806.0,Right Defensive Midfield,148,Mali,4930,['351c00ae-72da-4ff9-a738-5f01b8bac148'],57,,,,,,,,,,,,,,,,,,Mali,4930,00:36:57.094,Ball Receipt*,
,,,,,,,,,,,,,,,,,,,,,,,,,5ed4174a-be7e-4cdd-9791-c97f9b13e3bb,2416,,"[54.4, 31.5]",3920417,82,,,,,,,,,,,,,,,,,,,,,,,,2,From Throw In,Sikou Niakate,7295.0,Left Center Back,148,Mali,4930,['f6aa7fd7-827b-4e8f-be7a-8c87e9325c8f'],2,,,,,,,,,,,,,,,,,,Mali,4930,00:37:02.609,Ball Receipt*,
,,,,,,,,,,,,,,,,,,,,,,,,,be400e31-9ef8-4500-b632-ba48ea391b16,2419,,"[64.1, 7.6]",3920417,82,,,,,,,,,,,,,,,,,,,,,,,,2,From Throw In,Amadou Dante,40868.0,Left Back,148,Mali,4930,['c423eed4-98ef-4a44-88e3-9c11a1f5e005'],5,,,,,,,,,,,,,,,,,,Mali,4930,00:37:05.685,Ball Receipt*,
,,,,,,,,,,,,,,,,,,,,,,,,,7de117ee-10c1-4a7a-909e-aab8037f9185,2422,,"[83.9, 4.7]",3920417,82,,,,,,,,,,,,,,,,,,,,,,,,2,From Throw In,Nene Dorgeles,199653.0,Left Wing,148,Mali,4930,['07f6c867-c216-4ba6-9173-54fc297984b5'],9,,,,,,,,,,,,,,,,,,Mali,4930,00:37:09.153,Ball Receipt*,
,,,,,,,,,,,,,,,,,,,,,,,,,2da05554-8c9f-4a7a-90f4-4f40f4dfb2f6,2425,,"[104.7, 21.9]",3920417,82,,,,,,,,,,,,,,,,,,,,,,,,2,From Throw In,Kamory Doumbia,162132.0,Center Attacking Midfield,148,Mali,4930,['7b58d6ca-535e-4b73-9452-53ab8d935f73'],11,,,,,,,,,,,,,,,,,,Mali,4930,00:37:11.955,Ball Receipt*,
,,,,,,,,,,,,,,,,,,,,,,,,,0086b20f-1cd9-4671-9ac8-2ae87ae5c9f6,2429,,"[85.7, 30.3]",3920417,82,,,,,,,,,,,,,,,,,,,,,,,,2,From Throw In,Mohamed Camara,24806.0,Right Defensive Midfield,148,Mali,4930,['002c1da8-9139-4522-943c-2944c6a4d523'],16,,,,,,,,,,,,,,,,,,Mali,4930,00:37:16.766,Ball Receipt*,
,,,,,,,,,,,,,,,,,,,,,,,,,95b2261e-ba83-492f-b80a-e8ebfe78df1c,2432,,"[92.6, 60.7]",3920417,82,,,,,,,,,,,,,,,,,,,,,,,,2,From Throw In,Hamari Traoré,3248.0,Right Back,148,Mali,4930,['daf6e825-5ee6-4885-aaf6-91f8f1004eff'],18,,,,,,,,,,,,,,,,,,Mali,4930,00:37:18.916,Ball Receipt*,
,,,,,,,,,,,,,,,,,,,,,,,,,d357fd89-3ab7-444b-9ca0-c04a6cbd04f2,2438,,"[76.8, 72.1]",3920417,82,,,,,,,,,,,,,,,,,,,,,,,,2,From Throw In,Yves Bissouma,4385.0,Left Defensive Midfield,149,Mali,4930,['6c3add9b-8539-4fa5-affc-596ea6c3f4f4'],31,,,,,,,,,,,,,,,,,,Mali,4930,00:37:31.192,Ball Receipt*,
,,,,,,,,,,,,,,,,,,,,,,,,,43582486-f32e-4f94-b3f1-0d5147278841,2441,,"[77.5, 54.2]",3920417,82,,,,,,,,,,,,,,,,,,,,,,,,2,From Throw In,Mohamed Camara,24806.0,Right Defensive Midfield,149,Mali,4930,"['837265e7-822f-4b79-83de-58122e965af0', '5700270d-6acc-43df-8ed1-0a0833cada37']",34,,,,,,,,,,,,,,,,,,Mali,4930,00:37:34.340,Ball Receipt*,True
,,,,,,,,,,,,,,,,,,,,,,,,,772ec994-2025-466b-9abc-8192595da8c2,2444,,"[76.4, 65.3]",3920417,82,,,,,,,,,,,,,,,,,,,,,,,,2,From Throw In,Yves Bissouma,4385.0,Left Defensive Midfield,149,Mali,4930,['ee74b6e6-c679-451c-b63e-2399a068b009'],35,,,,,,,,,,,,,,,,,,Mali,4930,00:37:35.283,Ball Receipt*,
,,,,,,,,,,,,,,,,,,,,,,,,,6e33b166-02ef-431f-815d-93a7e8bfacd6,2447,,"[90.8, 69.4]",3920417,82,,,,,,,,,,,,,,,,,,,,,,,,2,From Throw In,Adama Traoré,4464.0,Right Wing,149,Mali,4930,['5907c6da-9314-431d-a0f0-9c39bcd7681e'],37,,,,,,,,,,,,,,,,,,Mali,4930,00:37:37.830,Ball Receipt*,
Incomplete,,,,,,,,,,,,,,,,,,,,,,,,,4639f3ac-6994-4807-81b5-d1ea26b79786,2454,,"[98.6, 20.6]",3920417,82,,,,,,,,,,,,,,,,,,,,,,,,2,From Throw In,Nene Dorgeles,199653.0,Left Wing,149,Mali,4930,['0fb76742-da6e-4e5c-bc5c-af6aca167c0f'],47,,,,,,,,,,,,,,,,,,Mali,4930,00:37:47.506,Ball Receipt*,
,,,,,,,,,,,,,,,,,,,,,,,,,b84437cd-fbcb-4f44-a999-3784c04c9d96,2458,,"[29.3, 71.6]",3920417,82,,,,,,,,,,,,,,,,,,,,,,,,2,From Throw In,Aprocious Petrus,136406.0,Center Defensive Midfield,149,Mali,4930,['5ed176ef-952a-4ccd-9e32-2059e173a8a6'],53,,,,,,,,,,,,,,,,,,Namibia,4980,00:37:53.754,Ball Receipt*,
Incomplete,,,,,,,,,,,,,,,,,,,,,,,,,c9c00397-8eee-4469-9615-cc225e7f797d,2463,,"[61.5, 44.7]",3920417,82,,,,,,,,,,,,,,,,,,,,,,,,2,From Throw In,Absalom Iimbondi,103804.0,Right Midfield,149,Mali,4930,['158c6362-3276-49c7-95d1-b9d2d34d0348'],57,,,,,,,,,,,,,,,,,,Namibia,4980,00:37:57.911,Ball Receipt*,
,,,,,,,,,,,,,,,,,,,,,,,,,ffe02537-d87a-4c33-82e6-f271da468ad6,2466,,"[77.8, 36.1]",3920417,82,,,,,,,,,,,,,,,,,,,,,,,,2,From Throw In,Adama Traoré,4464.0,Right Wing,149,Mali,4930,['299b5cc0-e77c-4e4b-9f15-7b7568d99d66'],59,,,,,,,,,,,,,,,,,,Mali,4930,00:37:59.579,Ball Receipt*,
,,,,,,,,,,,,,,,,,,,,,,,,,7a14217a-36ea-44a2-aa5a-9b98b3755efc,2470,,"[67.3, 38.7]",3920417,83,,,,,,,,,,,,,,,,,,,,,,,,2,From Throw In,Mohamed Camara,24806.0,Right Defensive Midfield,149,Mali,4930,['2aa3111b-92a1-4dc2-8b46-88ac7495c28b'],0,,,,,,,,,,,,,,,,,,Mali,4930,00:38:00.682,Ball Receipt*,
,,,,,,,,,,,,,,,,,,,,,,,,,873dbda6-f2ee-4ea2-959e-19a243f2b594,2474,,"[62.6, 58.7]",3920417,83,,,,,,,,,,,,,,,,,,,,,,,,2,From Throw In,Hamari Traoré,3248.0,Right Back,149,Mali,4930,['377ce182-b368-43ad-8f78-ec77ba9e65f2'],3,,,,,,,,,,,,,,,,,,Mali,4930,00:38:03.425,Ball Receipt*,
,,,,,,,,,,,,,,,,,,,,,,,,,b27299e1-3753-4f91-a397-227c28d867a5,2477,,"[53.0, 34.3]",3920417,83,,,,,,,,,,,,,,,,,,,,,,,,2,From Throw In,Sikou Niakate,7295.0,Left Center Back,149,Mali,4930,['212f64dc-a35f-4f13-a2f0-d213a113a7ae'],7,,,,,,,,,,,,,,,,,,Mali,4930,00:38:07.687,Ball Receipt*,
,,,,,,,,,,,,,,,,,,,,,,,,,7a8376bc-1561-41d7-86e5-0a78a52d4b2b,2480,,"[78.4, 27.8]",3920417,83,,,,,,,,,,,,,,,,,,,,,,,,2,From Throw In,Kamory Doumbia,162132.0,Center Attacking Midfield,149,Mali,4930,['b2983dad-321e-4cbf-b91e-30293b5f8e90'],10,,,,,,,,,,,,,,,,,,Mali,4930,00:38:10.525,Ball Receipt*,
,,,,,,,,,,,,,,,,,,,,,,,,,75e1bd46-305c-45f2-a94a-5d1b3c782010,2488,,"[101.3, 44.5]",3920417,84,,,,,,,,,,,,,,,,,,,,,,,,2,From Corner,Yves Bissouma,4385.0,Left Defensive Midfield,151,Mali,4930,['86916daf-2df9-485d-b246-5b9fb1c8ad36'],57,,,,,,,,,,,,,,,,,,Mali,4930,00:39:57.688,Ball Receipt*,
Incomplete,,,,,,,,,,,,,,,,,,,,,,,,,d24119c4-e31d-4107-b649-6dddbbf85a33,2492,,"[70.4, 76.2]",3920417,85,,,,,,,,,,,,,,,,,,,,,,,,2,From Goal Kick,Deon Hotto Kavendji,64612.0,Left Midfield,152,Namibia,4980,['6f9ff889-753c-4020-bb67-5b96fa0c66d9'],30,,,,,,,,,,,,,,,,,,Namibia,4980,00:40:30.662,Ball Receipt*,
Incomplete,,,,,,,,,,,,,,,,,,,,,,,,,fc6bed25-0b74-4965-ad6e-2847f5a00e4a,2494,,"[67.6, 22.0]",3920417,85,,,,,,,,,,,,,,,,,,,,,,,,2,From Goal Kick,Adama Traoré,4464.0,Right Wing,152,Namibia,4980,['7a1062b4-e488-49bd-9d14-a6976a547614'],32,,,,,,,,,,,,,,,,,,Mali,4930,00:40:32.804,Ball Receipt*,
Incomplete,,,,,,,,,,,,,,,,,,,,,,,,,55cef0b4-26cb-4a72-afe3-344e29f0c9ee,2497,,"[63.6, 54.6]",3920417,85,,,,,,,,,,,,,,,,,,,,,,,,2,From Goal Kick,Marcel Papama,103801.0,Right Center Midfield,152,Namibia,4980,['0ee0f86b-eb61-40e0-b964-49bfcf3f4264'],33,,,,,,,,,,,,,,,,,,Namibia,4980,00:40:33.376,Ball Receipt*,
,,,,,,,,,,,,,,,,,,,,,,,,,12c82eba-5a58-4ddf-8dd3-4e23033dc2b4,2501,,"[68.7, 51.6]",3920417,85,,,,,,,,,,,,,,,,,,,,,,,,2,Regular Play,Ibrahim Sissoko,8992.0,Center Forward,153,Mali,4930,['aaf51d93-baf7-4895-b59b-7cdf83647838'],35,,,,,,,,,,,,,,,,,,Mali,4930,00:40:35.885,Ball Receipt*,
,,,,,,,,,,,,,,,,,,,,,,,,,58d892e8-8292-4a27-a05e-9c8e7a7ee3d3,2510,,"[105.2, 35.3]",3920417,85,,,,,,,,,,,,,,,,,,,,,,,,2,Regular Play,Nene Dorgeles,199653.0,Left Wing,153,Mali,4930,"['1de6f61e-c223-4fe2-bb3c-ab5cd46c861a', '5acf221d-0284-430a-aed4-5431856c5640']",47,,,,,,,,,,,,,,,,,,Mali,4930,00:40:47.634,Ball Receipt*,True
,,,,,,,,,,,,,,,,,,,,,,,,,1a0a2311-3502-4308-813a-f5fd2bde96b5,2513,,"[97.6, 45.3]",3920417,85,,,,,,,,,,,,,,,,,,,,,,,,2,Regular Play,Mohamed Camara,24806.0,Right Defensive Midfield,153,Mali,4930,['d8827641-d9e5-49de-a3e5-f7f312b8815b'],48,,,,,,,,,,,,,,,,,,Mali,4930,00:40:48.736,Ball Receipt*,
Incomplete,,,,,,,,,,,,,,,,,,,,,,,,,eab1dc4c-113c-43a9-a125-a0e170230224,2519,,"[110.2, 36.7]",3920417,85,,,,,,,,,,,,,,,,,,,,,,,,2,Regular Play,Kamory Doumbia,162132.0,Center Attacking Midfield,153,Mali,4930,['49d4c201-4261-4351-bac2-1440eb7a7ba8'],53,,,,,,,,,,,,,,,,,,Mali,4930,00:40:53.129,Ball Receipt*,
,,,,,,,,,,,,,,,,,,,,,,,,,70ca3860-9c4a-4f01-87d5-61511f4c8a33,2534,,"[48.7, 7.0]",3920417,87,,,,,,,,,,,,,,,,,,,,,,,,2,Regular Play,Absalom Iimbondi,103804.0,Right Midfield,155,Namibia,4980,['f48df130-36f0-40e8-ba77-d26a8e090dde'],18,,,,,,,,,,,,,,,,,,Namibia,4980,00:42:18.859,Ball Receipt*,
Incomplete,,,,,,,,,,,,,,,,,,,,,,,,,e800b349-5151-40bf-ab43-7c4cd0e6308d,2544,,"[86.0, 7.0]",3920417,89,,,,,,,,,,,,,,,,,,,,,,,,2,From Throw In,Deon Hotto Kavendji,64612.0,Left Midfield,156,Namibia,4980,['0eeb4bb6-c05e-48fd-affd-e72e9ef6735c'],21,,,,,,,,,,,,,,,,,,Namibia,4980,00:44:21.024,Ball Receipt*,
,,,,,,,,,,,,,,,,,,,,,,,,,5b1345cc-4f37-4d12-9027-322620a1e302,2548,,"[114.3, 7.9]",3920417,89,,,,,,,,,,,,,,,,,,,,,,,,2,From Throw In,Deon Hotto Kavendji,64612.0,Left Midfield,157,Namibia,4980,['d1fc79c7-e040-4b20-b718-0d28de771fad'],39,,,,,,,,,,,,,,,,,,Namibia,4980,00:44:39.770,Ball Receipt*,
Incomplete,,,,,,,,,,,,,,,,,,,,,,,,,fcc54774-8bec-42ec-9010-557e819a6695,2552,,"[108.8, 33.3]",3920417,89,,,,,,,,,,,,,,,,,,,,,,,,2,From Throw In,Marcel Papama,103801.0,Right Center Midfield,157,Namibia,4980,['8d9ea81c-4812-4606-a5a4-b6d9aa6909a3'],42,,,,,,,,,,,,,,,,,,Namibia,4980,00:44:42.479,Ball Receipt*,
,,,,,,,,,,,,,,,,,,,,,,,,,b141f072-beff-4f17-afab-b216312e9630,2556,,"[115.3, 5.9]",3920417,90,,,,,,,,,,,,,,,,,,,,,,,,2,From Corner,Riaan Hanamub,65555.0,Left Back,158,Namibia,4980,['3aadfe63-22f9-4248-a4da-a15a720b2c13'],8,,,,,,,,,,,,,,,,,,Namibia,4980,00:45:08.274,Ball Receipt*,
Incomplete,,,,,,,,,,,,,,,,,,,,,,,,,0036ee38-cbc3-4ead-80b1-caf643e95cd3,2559,,"[108.8, 11.0]",3920417,90,,,,,,,,,,,,,,,,,,,,,,,,2,From Corner,Absalom Iimbondi,103804.0,Right Midfield,158,Namibia,4980,['d04ac471-3a21-4b8a-bf8e-4c8ed62418e6'],11,,,,,,,,,,,,,,,,,,Namibia,4980,00:45:11.167,Ball Receipt*,
Incomplete,,,,,,,,,,,,,,,,,,,,,,,,,e06367e0-a4b1-4f27-970e-0f8648491e37,2562,,"[113.0, 8.3]",3920417,90,,,,,,,,,,,,,,,,,,,,,,,,2,From Throw In,Absalom Iimbondi,103804.0,Right Midfield,159,Namibia,4980,['844dc94d-3ebc-4689-9122-ad1c8e3702a4'],23,,,,,,,,,,,,,,,,,,Namibia,4980,00:45:23.338,Ball Receipt*,
Incomplete,,,,,,,,,,,,,,,,,,,,,,,,,ce3e5deb-a04a-4979-a984-607bbbdcba62,2567,,"[11.9, 66.6]",3920417,90,,,,,,,,,,,,,,,,,,,,,,,,2,Regular Play,Ibrahim Sissoko,8992.0,Center Forward,160,Mali,4930,['6de345d7-9507-4f78-b354-ddd11d1cafaa'],24,,,,,,,,,,,,,,,,,,Mali,4930,00:45:24.442,Ball Receipt*,
,,,,,,,,,,,,,,,,,,,,,,,,,08baca1e-06be-4066-aef7-20207c0da24f,2570,,"[7.7, 50.7]",3920417,90,,,,,,,,,,,,,,,,,,,,,,,,2,From Throw In,Boubakar Kouyate,23331.0,Right Center Back,161,Mali,4930,['354d7275-a6b9-4875-b77f-f34e024f3e15'],32,,,,,,,,,,,,,,,,,,Mali,4930,00:45:32.853,Ball Receipt*,
,,,,,,,,,,,,,,,,,,,,,,,,,e37a6274-0a63-434b-ae6c-adbd78f71be6,2572,,"[13.2, 28.8]",3920417,90,,,,,,,,,,,,,,,,,,,,,,,,2,From Throw In,Sikou Niakate,7295.0,Left Center Back,161,Mali,4930,['b25228c9-2d3c-47be-931d-cc7f58c318ba'],36,,,,,,,,,,,,,,,,,,Mali,4930,00:45:36.112,Ball Receipt*,
,,,,,,,,,,,,,,,,,,,,,,,,,fe8311fc-37b8-45d7-95c4-8cb9b17d2a15,2575,,"[30.2, 4.0]",3920417,90,,,,,,,,,,,,,,,,,,,,,,,,2,From Throw In,Amadou Dante,40868.0,Left Back,161,Mali,4930,['3edbfcbd-5bc0-44df-af28-b6c876c67e0f'],39,,,,,,,,,,,,,,,,,,Mali,4930,00:45:39.236,Ball Receipt*,
,,,,,,,,,,,,,,,,,,,,,,,,,eac97119-ea9d-4917-bead-5700f6e1a3ed,2578,,"[19.5, 34.7]",3920417,90,,,,,,,,,,,,,,,,,,,,,,,,2,From Throw In,Boubakar Kouyate,23331.0,Right Center Back,161,Mali,4930,['e8bc59a5-f972-4059-9f99-85560a2a9c5d'],42,,,,,,,,,,,,,,,,,,Mali,4930,00:45:42.339,Ball Receipt*,
,,,,,,,,,,,,,,,,,,,,,,,,,ef678430-7667-491a-b501-035f23c93327,2581,,"[40.5, 54.2]",3920417,90,,,,,,,,,,,,,,,,,,,,,,,,2,From Throw In,Mohamed Camara,24806.0,Right Defensive Midfield,161,Mali,4930,['0912396c-6781-487a-9e4f-10f15a8899f2'],44,,,,,,,,,,,,,,,,,,Mali,4930,00:45:44.986,Ball Receipt*,
,,,,,,,,,,,,,,,,,,,,,,,,,20b8b993-43fb-41a1-9b92-d27e5f0553c5,2584,,"[63.5, 72.1]",3920417,90,,,,,,,,,,,,,,,,,,,,,,,,2,From Throw In,Adama Traoré,4464.0,Right Wing,161,Mali,4930,['b1333156-2565-4f49-96ea-6d2486751482'],48,,,,,,,,,,,,,,,,,,Mali,4930,00:45:48.006,Ball Receipt*,
,,,,,,,,,,,,,,,,,,,,,,,,,dc64beef-6e51-4f21-8cc3-bb840923675b,2587,,"[76.8, 76.9]",3920417,90,,,,,,,,,,,,,,,,,,,,,,,,2,From Throw In,Hamari Traoré,3248.0,Right Back,161,Mali,4930,['403ad735-37ee-4631-9eb2-f8881a9403b9'],49,,,,,,,,,,,,,,,,,,Mali,4930,00:45:49.569,Ball Receipt*,
Incomplete,,,,,,,,,,,,,,,,,,,,,,,,,04dda5af-3000-496a-a676-a4b32a256163,2591,,"[111.9, 39.4]",3920417,90,,,,,,,,,,,,,,,,,,,,,,,,2,From Throw In,Ibrahim Sissoko,8992.0,Center Forward,161,Mali,4930,['a7f22867-3d73-4cc9-989e-20bd3130ba19'],54,,,,,,,,,,,,,,,,,,Mali,4930,00:45:54.198,Ball Receipt*,
Incomplete,,,,,,,,,,,,,,,,,,,,,,,,,59a1563c-b5cc-4336-b350-6db2f75994c0,2596,,"[69.1, 8.0]",3920417,91,,,,,,,,,,,,,,,,,,,,,,,,2,From Throw In,Deon Hotto Kavendji,64612.0,Left Midfield,161,Mali,4930,['86042d7a-3ec5-496f-9424-ab489065578a'],0,,,,,,,,,,,,,,,,,,Namibia,4980,00:46:00.810,Ball Receipt*,
,,,,,,,,,,,,,,,,,,,,,,,,,9e72e5f5-df68-44f2-af08-654f69abd797,2598,,"[41.0, 72.1]",3920417,91,,,,,,,,,,,,,,,,,,,,,,,,2,From Throw In,Boubakar Kouyate,23331.0,Right Center Back,162,Mali,4930,['56129b34-6744-401b-8af3-75e646274611'],8,,,,,,,,,,,,,,,,,,Mali,4930,00:46:08.618,Ball Receipt*,
,,,,,,,,,,,,,,,,,,,,,,,,,5aba5c49-c2f8-4624-b618-4c00d6615d91,2600,,"[35.9, 50.4]",3920417,91,,,,,,,,,,,,,,,,,,,,,,,,2,From Throw In,Sikou Niakate,7295.0,Left Center Back,162,Mali,4930,['25b6a949-6a08-4ece-ba29-f3fd07acdcd6'],10,,,,,,,,,,,,,,,,,,Mali,4930,00:46:10.090,Ball Receipt*,
,,,,,,,,,,,,,,,,,,,,,,,,,d201b9e9-03df-4237-9b5c-d82774dd035d,2603,,"[50.6, 70.4]",3920417,91,,,,,,,,,,,,,,,,,,,,,,,,2,From Throw In,Mohamed Camara,24806.0,Right Defensive Midfield,162,Mali,4930,['1dbf6401-ba91-46d9-acbe-36fde08481d5'],13,,,,,,,,,,,,,,,,,,Mali,4930,00:46:13.596,Ball Receipt*,
,,,,,,,,,,,,,,,,,,,,,,,,,432fc2c1-fc43-4d99-9040-30f89c42a69d,2606,,"[69.9, 58.8]",3920417,91,,,,,,,,,,,,,,,,,,,,,,,,2,From Throw In,Adama Traoré,4464.0,Right Wing,162,Mali,4930,['4f2995b0-5b40-4741-91d9-63669b3b9ca2'],15,,,,,,,,,,,,,,,,,,Mali,4930,00:46:15.875,Ball Receipt*,
,,,,,,,,,,,,,,,,,,,,,,,,,ced569e8-43c7-4d2b-adc9-e69919f2a45b,2609,,"[56.2, 35.3]",3920417,91,,,,,,,,,,,,,,,,,,,,,,,,2,From Throw In,Yves Bissouma,4385.0,Left Defensive Midfield,162,Mali,4930,['eb1bdf3d-9145-4008-9e0f-8928b34ee95c'],17,,,,,,,,,,,,,,,,,,Mali,4930,00:46:17.632,Ball Receipt*,
,,,,,,,,,,,,,,,,,,,,,,,,,72f8f49c-c83b-482b-8d01-fbe5a0e02495,2612,,"[91.2, 9.3]",3920417,91,,,,,,,,,,,,,,,,,,,,,,,,2,From Throw In,Nene Dorgeles,199653.0,Left Wing,162,Mali,4930,['d1cf02f7-ec2b-4485-af52-08d110d1e508'],21,,,,,,,,,,,,,,,,,,Mali,4930,00:46:21.541,Ball Receipt*,
Incomplete,,,,,,,,,,,,,,,,,,,,,,,,,81b289d8-3012-4cb2-b2c4-89faaf24c3ec,2619,,"[85.8, 61.5]",3920417,92,,,,,,,,,,,,,,,,,,,,,,,,2,From Corner,Yves Bissouma,4385.0,Left Defensive Midfield,163,Mali,4930,['bfcf54ad-f7c4-42a4-8bf9-eefe53ec46a8'],7,,,,,,,,,,,,,,,,,,Mali,4930,00:47:07.986,Ball Receipt*,
,,,,,,,,,,,,,,,,,,,,,,,,,7d2e016d-d186-49f5-a245-617c083b8bb9,2623,,"[64.1, 8.6]",3920417,92,,,,,,,,,,,,,,,,,,,,,,,,2,Regular Play,Amadou Dante,40868.0,Left Back,164,Mali,4930,['7243967d-3b0f-4280-baa1-812e09bb7c25'],17,,,,,,,,,,,,,,,,,,Mali,4930,00:47:17.573,Ball Receipt*,
,,,,,,,,,,,,,,,,,,,,,,,,,8fa0440e-d4e9-4dfa-be19-465243040379,2625,,"[108.4, 5.4]",3920417,92,,,,,,,,,,,,,,,,,,,,,,,,2,Regular Play,Nene Dorgeles,199653.0,Left Wing,164,Mali,4930,['4f9211a0-f63b-4995-85ad-4afea5cd3def'],22,,,,,,,,,,,,,,,,,,Mali,4930,00:47:22.123,Ball Receipt*,
,,,,,,,,,,,,,,,,,,,,,,,,,770e008b-de98-45f2-9158-726baa675163,2628,,"[94.9, 4.8]",3920417,92,,,,,,,,,,,,,,,,,,,,,,,,2,Regular Play,Amadou Dante,40868.0,Left Back,164,Mali,4930,['55e3ef7e-148a-4e4f-90cd-0325d0c8e7ee'],25,,,,,,,,,,,,,,,,,,Mali,4930,00:47:25.714,Ball Receipt*,
,,,,,,,,,,,,,,,,,,,,,,,,,03dc7ccf-55f3-42f5-93c9-b1a9d0a61fcf,2634,,"[71.4, 8.6]",3920417,92,,,,,,,,,,,,,,,,,,,,,,,,2,From Throw In,Sikou Niakate,7295.0,Left Center Back,165,Mali,4930,['f03e5c70-11ce-4839-a08d-859548e9e278'],47,,,,,,,,,,,,,,,,,,Mali,4930,00:47:47.450,Ball Receipt*,
,,,,,,,,,,,,,,,,,,,,,,,,,be714b72-5b8d-47d0-a83e-b7a23f0d80e7,2637,,"[85.7, 7.6]",3920417,92,,,,,,,,,,,,,,,,,,,,,,,,2,From Throw In,Amadou Dante,40868.0,Left Back,165,Mali,4930,['1d54daf9-c9b4-4fd6-9d9c-e06f9aa6e056'],50,,,,,,,,,,,,,,,,,,Mali,4930,00:47:50.561,Ball Receipt*,
,,,,,,,,,,,,,,,,,,,,,,,,,ca40b00b-d014-4866-9dd0-0e623daa89c3,2640,,"[91.6, 4.2]",3920417,92,,,,,,,,,,,,,,,,,,,,,,,,2,From Throw In,Kamory Doumbia,162132.0,Center Attacking Midfield,165,Mali,4930,['be111ba6-6127-49ca-9ba8-9c5e2cf2541a'],52,,,,,,,,,,,,,,,,,,Mali,4930,00:47:52.257,Ball Receipt*,
,,,,,,,,,,,,,,,,,,,,,,,,,dbd2e268-1dd9-4be1-8130-1c7a8e3fa2b1,2643,,"[96.7, 17.6]",3920417,92,,,,,,,,,,,,,,,,,,,,,,,,2,From Throw In,Nene Dorgeles,199653.0,Left Wing,165,Mali,4930,['24e3bda3-63fe-4296-818e-eb360e4dbb0d'],55,,,,,,,,,,,,,,,,,,Mali,4930,00:47:55.575,Ball Receipt*,
,,,,,,,,,,,,,,,,,,,,,,,,,ed3c140d-2fc6-4759-879c-506d9662a46b,2647,,"[76.5, 18.3]",3920417,92,,,,,,,,,,,,,,,,,,,,,,,,2,From Throw In,Sikou Niakate,7295.0,Left Center Back,165,Mali,4930,['606802d9-d48a-4f44-ba24-7652d70ba5e9'],58,,,,,,,,,,,,,,,,,,Mali,4930,00:47:58.483,Ball Receipt*,
,,,,,,,,,,,,,,,,,,,,,,,,,82df2244-f61c-4317-85f4-799a383f3cc4,2649,,"[77.4, 51.1]",3920417,92,,,,,,,,,,,,,,,,,,,,,,,,2,From Throw In,Boubakar Kouyate,23331.0,Right Center Back,165,Mali,4930,['216372ca-3511-48d4-92f6-a197e1bd622d'],59,,,,,,,,,,,,,,,,,,Mali,4930,00:47:59.886,Ball Receipt*,
,,,,,,,,,,,,,,,,,,,,,,,,,54c2be48-78af-40db-a703-2ad29606da6f,2652,,"[95.7, 72.1]",3920417,93,,,,,,,,,,,,,,,,,,,,,,,,2,From Throw In,Adama Traoré,4464.0,Right Wing,165,Mali,4930,['34e74529-9a46-4f7f-b3fb-9e4ee7b884a1'],2,,,,,,,,,,,,,,,,,,Mali,4930,00:48:02.980,Ball Receipt*,
,,,,,,,,,,,,,,,,,,,,,,,,,0bb13c99-603b-4d2f-bffc-619e746b7f1a,2656,,"[89.4, 23.8]",3920417,93,,,,,,,,,,,,,,,,,,,,,,,,2,From Throw In,Yves Bissouma,4385.0,Left Defensive Midfield,165,Mali,4930,['2f7da59e-6515-49fe-8882-10ca195898cb'],8,,,,,,,,,,,,,,,,,,Mali,4930,00:48:08.196,Ball Receipt*,
Incomplete,,,,,,,,,,,,,,,,,,,,,,,,,91b0ce3b-3056-455a-a75d-341c1b971769,2659,,"[105.2, 20.5]",3920417,93,,,,,,,,,,,,,,,,,,,,,,,,2,From Throw In,Nene Dorgeles,199653.0,Left Wing,165,Mali,4930,['295fc787-63cc-43af-bc95-71f69044c220'],12,,,,,,,,,,,,,,,,,,Mali,4930,00:48:12.318,Ball Receipt*,
,,,,,,,,,,,,,,,,,,,,,,,,,3e84bf49-566d-498a-91f1-4bbbbf2d18d7,2664,,"[50.2, 75.2]",3920417,93,,,,,,,,,,,,,,,,,,,,,,,,2,From Throw In,Vetunuavi Charles Hambira,136404.0,Left Center Midfield,166,Namibia,4980,['504cf273-05a3-47cb-a4c4-0efdc19f4173'],40,,,,,,,,,,,,,,,,,,Namibia,4980,00:48:40.027,Ball Receipt*,
Incomplete,,,,,,,,,,,,,,,,,,,,,,,,,004f08b5-d927-4753-9313-cfeaba12d8e5,2667,,"[59.8, 74.3]",3920417,93,,,,,,,,,,,,,,,,,,,,,,,,2,From Throw In,Marcel Papama,103801.0,Right Center Midfield,166,Namibia,4980,['5f9e42ba-7e46-455d-833b-cbe8d4570ebf'],40,,,,,,,,,,,,,,,,,,Namibia,4980,00:48:40.875,Ball Receipt*,
,,,,,,,,,,,,,,,,,,,,,,,,,4fcbc712-0dc9-4cd4-8656-9eca89f481e0,2669,,"[61.7, 13.5]",3920417,93,,,,,,,,,,,,,,,,,,,,,,,,2,Regular Play,Boubakar Kouyate,23331.0,Right Center Back,167,Mali,4930,['01109dd7-aa44-43e4-a789-6d601fe16d03'],41,,,,,,,,,,,,,,,,,,Mali,4930,00:48:41.073,Ball Receipt*,
,,,,,,,,,,,,,,,,,,,,,,,,,5d9d5523-f1f4-4ff0-b638-387e295408d5,2672,,"[55.4, 11.3]",3920417,93,,,,,,,,,,,,,,,,,,,,,,,,2,Regular Play,Amadou Dante,40868.0,Left Back,167,Mali,4930,['e6813311-103a-4daa-af05-638ad62b9054'],44,,,,,,,,,,,,,,,,,,Mali,4930,00:48:44.082,Ball Receipt*,
,,,,,,,,,,,,,,,,,,,,,,,,,c6aa83be-e372-4eea-9eaa-93e5070f2c17,2675,,"[45.1, 65.8]",3920417,93,,,,,,,,,,,,,,,,,,,,,,,,2,Regular Play,Hamari Traoré,3248.0,Right Back,167,Mali,4930,['9728176a-52a6-48f2-8eb2-ccf6c7bc141c'],47,,,,,,,,,,,,,,,,,,Mali,4930,00:48:47.631,Ball Receipt*,
,,,,,,,,,,,,,,,,,,,,,,,,,2708b6ae-7fea-4e10-b54e-362ada1cb907,2678,,"[53.0, 55.5]",3920417,93,,,,,,,,,,,,,,,,,,,,,,,,2,Regular Play,Mohamed Camara,24806.0,Right Defensive Midfield,167,Mali,4930,['6f47e9ef-9ff9-4db5-b000-d64a0e38afbd'],52,,,,,,,,,,,,,,,,,,Mali,4930,00:48:52.629,Ball Receipt*,
Incomplete,,,,,,,,,,,,,,,,,,,,,,,,,ccab25e0-ab12-444f-9e32-b8cb6a57acf8,2681,,"[104.6, 9.0]",3920417,93,,,,,,,,,,,,,,,,,,,,,,,,2,Regular Play,Nene Dorgeles,199653.0,Left Wing,167,Mali,4930,['8e2027b3-3819-44af-9040-4ff5fd7b75c1'],58,,,,,,,,,,,,,,,,,,Mali,4930,00:48:58.937,Ball Receipt*,
,,"[52.5, 38.7]",,,,,,,,,,,0.322393,,,,,,,,,,,,5a075e6d-958a-4b6f-b11f-b32d093da1e8,7,,"[52.5, 39.0]",3920417,0,,,,,,,,,,,,,,,,,,,,,,,,1,From Kick Off,Yves Bissouma,4385.0,Left Defensive Midfield,2,Mali,4930,"['3c183549-9dad-4149-a421-383d4db775c3', 'eb089c8c-250b-4a8f-adb9-8e410528a550']",1,,,,,,,,,,,,,,,,,,Mali,4930,00:00:01.345,Carry,
,,"[48.7, 53.1]",,,,,,,,,,,0.988543,,,,,,,,,,,,178eb1f7-7788-43d4-8f3a-e0e598f86616,10,,"[48.3, 51.3]",3920417,0,,,,,,,,,,,,,,,,,,,,,,,,1,From Kick Off,Aliou Dieng,67714.0,Right Defensive Midfield,2,Mali,4930,"['73eb7a3d-996b-4512-9131-a9f40af9e98a', 'f9fb8e15-c3dd-467e-a1be-fa441627e7ac']",2,,,,,,,,,,,,,,,,,,Mali,4930,00:00:02.568,Carry,
,,"[42.2, 70.7]",,,,,,,,,,,1.537955,,,,,,,,,,,,bc1d5176-0146-41a6-83e4-43735700f1af,13,,"[41.1, 70.1]",3920417,0,,,,,,,,,,,,,,,,,,,,,,,,1,From Kick Off,Hamari Traoré,3248.0,Right Back,2,Mali,4930,"['220c055d-fd80-45fe-9da6-9c51684801e2', 'c07c157b-e102-4a8e-8330-02aa6969067b']",4,,,,,,,,,,,,,,,,,,Mali,4930,00:00:04.429,Carry,
,,"[87.8, 68.7]",,,,,,,,,,,0.392208,,,,,,,,,,,,46ae0481-10ac-4cc2-95ce-b24241c3cede,20,,"[85.9, 68.1]",3920417,0,,,,,,,,,,,,,,,,,,,,,,,,1,From Kick Off,Youssoufou Niakaté,51750.0,Right Center Forward,2,Mali,4930,"['9af90df1-563b-45ad-9c1d-cb26d1bad56c', 'e0906231-56ab-426b-9608-dbf1678b1209']",11,,,,,,,,,,,,,,,,,,Mali,4930,00:00:11.038,Carry,
,,"[70.3, 77.6]",,,,,,,,,,,0.793859,,,,,,,,,,,,e84024cd-f855-43a0-9ad9-1cccd2f68274,27,,"[70.3, 77.6]",3920417,0,,,,,,,,,,,,,,,,,,,,,,,,1,From Throw In,Hamari Traoré,3248.0,Right Back,3,Mali,4930,"['f640f6c0-5326-48fb-a3f2-4a2ac45838b1', '495096a8-6943-45b8-b55a-9c0c580f9294']",17,,,,,,,,,,,,,,,,,,Mali,4930,00:00:17.984,Carry,
,,"[57.8, 62.4]",,,,,,,,,,,4.61363,,,,,,,,,,,,1315323d-8493-4fb9-9050-947bd14422a3,30,,"[65.3, 73.5]",3920417,0,,,,,,,,,,,,,,,,,,,,,,,,1,From Throw In,Aliou Dieng,67714.0,Right Defensive Midfield,3,Mali,4930,"['2ac77ace-929e-4203-8bf0-77eb388bbaf7', '77d2d5c8-8eae-413e-95b3-33874db55b29']",19,,,,,,,,,,,,,,,,,,Mali,4930,00:00:19.685,Carry,
,,"[41.4, 24.1]",,,,,,,,,,,0.789905,,,,,,,,,,,,cc4580c5-2561-453e-9a53-951bd23ff227,33,,"[41.7, 26.8]",3920417,0,,,,,,,,,,,,,,,,,,,,,,,,1,From Throw In,Sikou Niakate,7295.0,Left Center Back,3,Mali,4930,"['2ca4d718-61c9-4962-959f-19fed120dff8', '6f7b6072-5825-4308-b437-29d459ee50bf']",25,,,,,,,,,,,,,,,,,,Mali,4930,00:00:25.948,Carry,
,,"[43.7, 56.0]",,,,,,,,,,,1.278211,,,,,,,,,,,,1e232d1a-85ed-472a-9454-c2d84740f08e,36,,"[42.3, 55.7]",3920417,0,,,,,,,,,,,,,,,,,,,,,,,,1,From Throw In,Boubakar Kouyate,23331.0,Right Center Back,3,Mali,4930,"['e417f666-504a-4165-ab63-9183ffc37ccf', 'e84c1e55-2dfc-4b1d-89e9-f809e9c2f2c9']",27,,,,,,,,,,,,,,,,,,Mali,4930,00:00:27.848,Carry,
,,"[63.7, 77.0]",,,,,,,,,,,1.566178,,,,,,,,,,,,492c5cf1-3282-4ad0-b8e7-16a0e6f0c85c,39,,"[63.3, 77.3]",3920417,0,,,,,,,,,,,,,,,,,,,,,,,,1,From Throw In,Hamari Traoré,3248.0,Right Back,3,Mali,4930,"['bd55d174-34b3-47b0-b445-67c03d7e2799', '3362d5cd-c23a-4c70-bb4a-27d88a1b966f']",30,,,,,,,,,,,,,,,,,,Mali,4930,00:00:30.509,Carry,
,,"[118.7, 51.5]",,,,,,,,,,,2.392014,,,,,,,,,,,,531e0e80-64ab-4c70-863e-abe21a71793c,43,,"[111.4, 58.8]",3920417,0,,,,,,,,,,,,,,,,,,,,,,,,1,From Throw In,Lassine Sinayoko,105182.0,Left Center Forward,3,Mali,4930,"['90a58a1b-898f-4c89-ad93-d4083a86134d', 'f73230b6-4742-47f6-9685-5ddbc78aa8ac', '7858190d-812e-46b2-9ada-e99853f9e9c3']",36,,,,,,,,,,,,,,,,,,Mali,4930,00:00:36.148,Carry,True
,,"[108.9, 54.9]",,,,,,,,,,,2.08245,,,,,,,,,,,,6d7dc277-7281-4dc9-937a-d8abff12ca31,47,,"[111.2, 57.9]",3920417,0,,,,,,,,,,,,,,,,,,,,,,,,1,From Throw In,Fousseni Diabaté,3710.0,Right Midfield,3,Mali,4930,"['1900ca63-661e-46c3-87b4-029238e83671', '10446230-a256-4307-954a-fc2f8c0909bd', '9126c049-cdde-4caa-8453-a21265c58e75', 'c05bd4b0-29f7-469d-9e7f-97b9a36e1094']",39,,,,,,,,,,,,,,,,,,Mali,4930,00:00:39.775,Carry,True
,,"[98.1, 40.5]",,,,,,,,,,,0.955934,,,,,,,,,,,,27ba5292-60a0-4a2a-861a-057d81b51662,51,,"[95.8, 39.6]",3920417,0,,,,,,,,,,,,,,,,,,,,,,,,1,From Throw In,Yves Bissouma,4385.0,Left Defensive Midfield,3,Mali,4930,"['9275fbef-4d1d-4cce-9578-963f86bd2067', 'e962e8c8-5aab-43d8-b271-4c0e798dc42d']",42,,,,,,,,,,,,,,,,,,Mali,4930,00:00:42.836,Carry,
,,"[90.6, 9.3]",,,,,,,,,,,0.957601,,,,,,,,,,,,c103039b-f051-459d-98ca-efa6eb442189,57,,"[91.7, 7.3]",3920417,0,,,,,,,,,,,,,,,,,,,,,,,,1,From Throw In,Moussa Diarra,32952.0,Left Back,3,Mali,4930,"['c36bcd62-c45e-4585-8728-8b87efdbf4ed', '4ddcbdc0-d5de-4956-954a-f2329f811843', '4a1b4d14-9479-474c-8c8e-fb83ae89e689']",48,,,,,,,,,,,,,,,,,,Mali,4930,00:00:48.258,Carry,True
,,"[110.9, 21.5]",,,,,,,,,,,2.400208,,,,,,,,,,,,e162525b-b400-4a4b-b1ea-13feb1dab17b,61,,"[106.2, 20.2]",3920417,0,,,,,,,,,,,,,,,,,,,,,,,,1,From Throw In,Nene Dorgeles,199653.0,Left Midfield,3,Mali,4930,"['5a1bc943-9863-4e94-95d9-7d3e428e6f1e', '06106683-f693-4ed2-bc84-f8734a9a43d8', '895ab23f-a757-4ddf-b1cf-e760f1b5afcd']",50,,,,,,,,,,,,,,,,,,Mali,4930,00:00:50.411,Carry,True
,,"[9.4, 65.3]",,,,,,,,,,,2.775584,,,,,,,,,,,,3f6a35b9-9ce2-4aa9-a67c-5f96300a65e6,65,,"[9.2, 58.6]",3920417,0,,,,,,,,,,,,,,,,,,,,,,,,1,From Throw In,Ivan Kamberipa,103799.0,Right Back,3,Mali,4930,"['724e9a43-58de-44c8-b2f5-da3d43fc0652', 'ba9481e3-a0a2-4057-aa2c-efe929a33c27']",52,,,,,,,,,,,,,,,,,,Namibia,4980,00:00:52.811,Carry,
,,"[38.1, 6.5]",,,,,,,,,,,4.330198,,,,,,,,,,,,33d6bb02-c51c-430a-addb-3053f78c89ba,80,,"[38.7, 6.5]",3920417,1,,,,,,,,,,,,,,,,,,,,,,,,1,From Free Kick,Moussa Diarra,32952.0,Left Back,5,Mali,4930,"['79876f98-26ff-4b0b-9735-7e1325dde1dd', '1405e9f5-15b9-47ca-984f-53ce2889188d']",55,,,,,,,,,,,,,,,,,,Mali,4930,00:01:55.063,Carry,
,,"[115.0, 63.0]",,,,,,,,,,,0.908477,,,,,,,,,,,,64142328-0127-45b7-a39a-3b6a1d26a7bf,95,,"[114.0, 67.7]",3920417,3,,,,,,,,,,,,,,,,,,,,,,,,1,From Throw In,Peter Shalulile,65723.0,Center Forward,9,Namibia,4980,"['cc72a1c6-7fec-4983-8317-aea2e487889a', 'e566209b-db0e-460a-b5f0-c138c500aaa8']",57,,,,,,,,,,,,,,,,,,Namibia,4980,00:03:57.935,Carry,
,,"[7.5, 10.6]",,,,,,,,,,,7.203985,,,,,,,,,,,,067a7caa-0565-45a7-8550-c3e610f144ce,99,,"[8.7, 33.4]",3920417,4,,,,,,,,,,,,,,,,,,,,,,,,1,Regular Play,Aliou Dieng,67714.0,Right Defensive Midfield,10,Mali,4930,"['1ba80aec-5d5e-49da-ad64-d070c7370f97', '2a5ef011-1a63-4bd8-bb22-0875715a6e21', 'a7aeb2e9-459e-4b77-aa84-3ff28a5ab521']",0,,,,,,,,,,,,,,,,,,Mali,4930,00:04:00.203,Carry,True
,,"[13.6, 9.9]",,,,,,,,,,,0.061653,,,,,,,,,,,,8dd739ba-8921-4642-bd66-fc8df813c511,104,,"[14.8, 11.2]",3920417,4,,,,,,,,,,,,,,,,,,,,,,,,1,Regular Play,Nene Dorgeles,199653.0,Left Midfield,10,Mali,4930,"['b0aa63f7-e303-4c6a-99df-cb774c23955c', 'b63091c4-a04c-493c-9c03-c672291e3c6b', '9490fb72-6b0c-420d-998d-81a48d0027aa']",8,,,,,,,,,,,,,,,,,,Mali,4930,00:04:08.266,Carry,True
,,"[14.0, 9.9]",,,,,,,,,,,0.504972,,,,,,,,,,,,f0469b2b-2cb8-4f04-8f81-808e6eba4a8b,107,,"[12.9, 6.5]",3920417,4,,,,,,,,,,,,,,,,,,,,,,,,1,Regular Play,Yves Bissouma,4385.0,Left Defensive Midfield,10,Mali,4930,"['b0aa63f7-e303-4c6a-99df-cb774c23955c', '092be5c7-b69f-488e-8cfb-18420f3526a8', '86d08ad0-8a06-4259-b325-60352567ac65']",8,,,,,,,,,,,,,,,,,,Mali,4930,00:04:08.774,Carry,True
,,"[22.8, 3.8]",,,,,,,,,,,2.215058,,,,,,,,,,,,6277aaee-0316-4445-8543-d4380f699d41,110,,"[14.0, 9.9]",3920417,4,,,,,,,,,,,,,,,,,,,,,,,,1,Regular Play,Yves Bissouma,4385.0,Left Defensive Midfield,10,Mali,4930,"['b94ef462-79ef-4d1e-89b9-df04dc1d4b60', 'ed4d9622-0c69-41b1-b841-e51a6150ef9a', '9e57628f-cd1e-4ba8-b4e7-48e70b3a8ae5', '092be5c7-b69f-488e-8cfb-18420f3526a8']",9,,,,,,,,,,,,,,,,,,Mali,4930,00:04:09.279,Carry,True
,,"[14.0, 18.1]",,,,,,,,,,,1.795751,,,,,,,,,,,,38f17ce7-70e0-4d83-80fa-9b0972883196,124,,"[21.2, 11.0]",3920417,4,,,,,,,,,,,,,,,,,,,,,,,,1,Regular Play,Lubeni Haukongo,135004.0,Left Center Back,12,Namibia,4980,"['d59150b1-440e-4acb-9540-c0af45391ccc', '327968b9-bcf1-42d6-a0d4-a52c3e105a61']",55,,,,,,,,,,,,,,,,,,Namibia,4980,00:04:55.108,Carry,
,,"[8.2, 41.7]",,,,,,,,,,,0.931476,,,,,,,,,,,,2866e0a7-9f4f-44c3-b118-05f9ed98ad83,127,,"[9.2, 40.2]",3920417,4,,,,,,,,,,,,,,,,,,,,,,,,1,Regular Play,Lloyd Junior Kazapua,125324.0,Goalkeeper,12,Namibia,4980,"['bc4cd91f-2e53-43a2-9162-ac8210a1c7d4', '3eb26360-5cdf-460f-bffe-fef97acdde0b', '8270967c-7294-459c-8cdd-480fa2f8c8dc']",58,,,,,,,,,,,,,,,,,,Namibia,4980,00:04:58.663,Carry,True
,,"[65.1, 33.4]",,,,,,,,,,,2.427942,,,,,,,,,,,,dc6a17c6-847b-4b6c-92bc-88dbfc95e888,135,,"[63.6, 26.8]",3920417,5,,,,,,,,,,,,,,,,,,,,,,,,1,Regular Play,Yves Bissouma,4385.0,Left Defensive Midfield,13,Mali,4930,"['bb07bd51-3a28-4214-a10d-b03779fcd20e', 'e8438dd5-6573-49dd-ba62-44a5e63f9e24', '4127ebae-c329-4fbc-8090-caea0b2a301c', 'ba7953cf-8f7c-4d90-8b1d-f687f27fb668']",4,,,,,,,,,,,,,,,,,,Mali,4930,00:05:04.686,Carry,True
,,"[57.0, 43.1]",,,,,,,,,,,2.792666,,,,,,,,,,,,ea5cde17-c21d-4646-9262-d04062be1e7f,139,,"[56.7, 37.1]",3920417,5,,,,,,,,,,,,,,,,,,,,,,,,1,Regular Play,Aliou Dieng,67714.0,Right Defensive Midfield,13,Mali,4930,"['e3c5d95d-f719-47dd-b6a4-7ecf7b9860e1', '7f98a79a-bbff-4ea9-95ca-df27c93a18cc']",7,,,,,,,,,,,,,,,,,,Mali,4930,00:05:07.546,Carry,
,,"[62.9, 75.6]",,,,,,,,,,,2.982253,,,,,,,,,,,,c4810760-0eeb-4158-b9c7-43ae2c8e39b3,142,,"[55.1, 73.1]",3920417,5,,,,,,,,,,,,,,,,,,,,,,,,1,Regular Play,Hamari Traoré,3248.0,Right Back,13,Mali,4930,"['99169b5b-f565-49f1-ae35-79ce22502dbb', 'f3d9fab4-019f-4f50-9dce-0e0901c4cfde']",11,,,,,,,,,,,,,,,,,,Mali,4930,00:05:11.746,Carry,
,,"[57.3, 66.6]",,,,,,,,,,,0.978282,,,,,,,,,,,,a47e0207-f039-4255-8596-a8fcec9f9f19,145,,"[63.1, 70.1]",3920417,5,,,,,,,,,,,,,,,,,,,,,,,,1,Regular Play,Aliou Dieng,67714.0,Right Defensive Midfield,13,Mali,4930,"['ccca107f-15bb-4fad-9183-e376529078f3', '038cf5a1-3957-45e9-9559-6e94c249407b']",15,,,,,,,,,,,,,,,,,,Mali,4930,00:05:15.668,Carry,
,,"[42.6, 67.4]",,,,,,,,,,,1.699116,,,,,,,,,,,,066f737b-3dd9-4dc7-ba75-a821154e9800,148,,"[43.1, 67.9]",3920417,5,,,,,,,,,,,,,,,,,,,,,,,,1,Regular Play,Boubakar Kouyate,23331.0,Right Center Back,13,Mali,4930,"['55de91ca-81e3-45f0-a08c-230e66c0d0e2', '595ce84f-c1ae-417c-b419-f3ae22cb7480']",17,,,,,,,,,,,,,,,,,,Mali,4930,00:05:17.889,Carry,
,,"[41.5, 26.3]",,,,,,,,,,,1.151211,,,,,,,,,,,,a937cd37-053c-4a80-80ad-72fa76885b23,151,,"[41.5, 24.1]",3920417,5,,,,,,,,,,,,,,,,,,,,,,,,1,Regular Play,Sikou Niakate,7295.0,Left Center Back,13,Mali,4930,"['edff9b8c-ca94-4367-a45e-207ef2a4978d', '6abf14e1-6f1d-40e5-b7da-90628f4e4139']",21,,,,,,,,,,,,,,,,,,Mali,4930,00:05:21.183,Carry,
,,"[40.1, 56.3]",,,,,,,,,,,1.459619,,,,,,,,,,,,f4dde1c3-860e-4a0e-a9e9-90d07f61e6b3,154,,"[41.1, 53.4]",3920417,5,,,,,,,,,,,,,,,,,,,,,,,,1,Regular Play,Boubakar Kouyate,23331.0,Right Center Back,13,Mali,4930,"['131ba3c8-e24f-4853-8e36-1c11e8960bcf', '1d45069d-a550-4921-9772-67cce6121f91']",23,,,,,,,,,,,,,,,,,,Mali,4930,00:05:23.935,Carry,
,,"[51.9, 74.6]",,,,,,,,,,,0.927799,,,,,,,,,,,,7cec7ac9-9be3-47c4-a4a7-778c7f56a9c4,157,,"[52.0, 73.5]",3920417,5,,,,,,,,,,,,,,,,,,,,,,,,1,Regular Play,Hamari Traoré,3248.0,Right Back,13,Mali,4930,"['de81271b-13d1-46f9-87c1-aa4765db87f9', 'a38656d4-efef-47fd-9572-7dafe87ea1fc']",26,,,,,,,,,,,,,,,,,,Mali,4930,00:05:26.656,Carry,
,,"[40.9, 33.1]",,,,,,,,,,,4.506086,,,,,,,,,,,,9f113712-8b08-47ce-910f-34f668877023,160,,"[34.5, 48.1]",3920417,5,,,,,,,,,,,,,,,,,,,,,,,,1,Regular Play,Sikou Niakate,7295.0,Left Center Back,13,Mali,4930,"['afddfaf5-8d3a-415c-b08c-51412531a0a5', '4022d93e-7baa-49a5-9513-d4593d1f5aa3']",29,,,,,,,,,,,,,,,,,,Mali,4930,00:05:29.626,Carry,
,,"[53.7, 40.6]",,,,,,,,,,,2.112405,,,,,,,,,,,,9cf30907-e289-4a1e-9014-bf8b7ae011d9,163,,"[53.9, 37.1]",3920417,5,,,,,,,,,,,,,,,,,,,,,,,,1,Regular Play,Yves Bissouma,4385.0,Left Defensive Midfield,13,Mali,4930,"['a4754997-5840-4acc-950b-7b0b5a79daad', 'db4d0222-ad9a-47a4-b2fd-014d301b4338']",34,,,,,,,,,,,,,,,,,,Mali,4930,00:05:34.936,Carry,
,,"[49.5, 66.0]",,,,,,,,,,,0.852292,,,,,,,,,,,,7be1417b-e8fb-4899-950f-4e7a0a2cde25,166,,"[48.6, 62.0]",3920417,5,,,,,,,,,,,,,,,,,,,,,,,,1,Regular Play,Boubakar Kouyate,23331.0,Right Center Back,13,Mali,4930,"['dc3698e4-9a92-4121-9aba-d5118e208074', '54559194-d128-4a5e-aca9-c07cda017f37']",38,,,,,,,,,,,,,,,,,,Mali,4930,00:05:38.772,Carry,
,,"[70.8, 74.5]",,,,,,,,,,,0.097505,,,,,,,,,,,,0d7ab01b-8db2-4c08-bd01-f74ff0795e35,169,,"[72.3, 74.5]",3920417,5,,,,,,,,,,,,,,,,,,,,,,,,1,Regular Play,Fousseni Diabaté,3710.0,Right Midfield,13,Mali,4930,"['2ee8bd3e-5588-4163-a6b9-6465be85fbbe', 'c3fc7bfb-e0d1-498a-8ffd-e38218809935']",40,,,,,,,,,,,,,,,,,,Mali,4930,00:05:40.834,Carry,
,,"[56.4, 10.2]",,,,,,,,,,,0.572116,,,,,,,,,,,,f31bf4f2-f698-483e-8249-310175c7adbb,175,,"[55.7, 9.5]",3920417,5,,,,,,,,,,,,,,,,,,,,,,,,1,Regular Play,Muzeu Bethuel,389319.0,Right Midfield,14,Namibia,4980,"['d2eb418e-ab40-4bda-8f42-60fc06ed3903', '7b47d5ed-9e11-4a63-af25-0d32b5bc2ab9', '6d98582d-4f93-47a3-865c-8a5d87c77404', 'cb4d3a08-f2cc-453c-a070-2ae3956e7f2f']",43,,,,,,,,,,,,,,,,,,Namibia,4980,00:05:43.099,Carry,True
,,"[42.0, 12.2]",,,,,,,,,,,3.092145,,,,,,,,,,,,2bdbbf86-766b-4a05-a0e7-dab162748e08,182,,"[33.4, 10.3]",3920417,6,,,,,,,,,,,,,,,,,,,,,,,,1,From Free Kick,Lubeni Haukongo,135004.0,Left Center Back,15,Namibia,4980,"['a8af7727-c366-4918-b8e9-00ef17c6f0d6', '9c4d889c-6bc4-41dd-9980-d45d49234abe']",4,,,,,,,,,,,,,,,,,,Namibia,4980,00:06:04.201,Carry,
,,"[27.9, 28.7]",,,,,,,,,,,1.53957,,,,,,,,,,,,b824c281-eb9a-474a-b430-7c01fb35cd61,191,,"[23.4, 28.5]",3920417,6,,,,,,,,,,,,,,,,,,,,,,,,1,Regular Play,Nene Dorgeles,199653.0,Left Midfield,16,Mali,4930,"['190a8d8c-c977-4473-a9d5-00d384cf8748', '14898fb2-b05b-4f5d-acdc-ad6fba65245f', '13f1273d-5da1-4add-9b37-437e773f6cbc']",13,,,,,,,,,,,,,,,,,,Mali,4930,00:06:13.728,Carry,True
,,"[9.5, 52.7]",,,,,,,,,,,4.100479,,,,,,,,,,,,b62a1edf-8bc5-499c-86f3-7cdbb750b610,194,,"[12.3, 52.1]",3920417,6,,,,,,,,,,,,,,,,,,,,,,,,1,Regular Play,Hamari Traoré,3248.0,Right Back,16,Mali,4930,"['32ce71d1-65b0-4d06-8b66-a5bf4ed2593b', '18229c26-183f-4232-921d-4a5ffed35086']",16,,,,,,,,,,,,,,,,,,Mali,4930,00:06:16.630,Carry,
,,"[30.6, 73.7]",,,,,,,,,,,0.21052,,,,,,,,,,,,fd490afd-8f4d-4558-9cb1-56baa8aa7b50,197,,"[29.0, 73.1]",3920417,6,,,,,,,,,,,,,,,,,,,,,,,,1,Regular Play,Fousseni Diabaté,3710.0,Right Midfield,16,Mali,4930,"['569a973b-ed08-4c56-b1ec-b6ce25d76e99', 'c227b103-7192-4949-90fe-2622a6c8b8c1']",22,,,,,,,,,,,,,,,,,,Mali,4930,00:06:22.219,Carry,
,,"[27.3, 68.4]",,,,,,,,,,,1.419346,,,,,,,,,,,,1184baca-0015-41a6-b657-712a420cd1bf,200,,"[22.2, 67.1]",3920417,6,,,,,,,,,,,,,,,,,,,,,,,,1,Regular Play,Aliou Dieng,67714.0,Right Defensive Midfield,16,Mali,4930,"['91ae0e4b-eb02-43cd-aa5e-a3ebe8c267b8', 'd5f3309f-4238-41de-b1c9-5f3ca956c58a', '303c72d5-9e0a-4961-a962-804435671913']",23,,,,,,,,,,,,,,,,,,Mali,4930,00:06:23.548,Carry,True
,,"[28.7, 75.1]",,,,,,,,,,,0.062078,,,,,,,,,,,,4c857802-f308-45ff-bfc2-a69f7821d560,204,,"[28.7, 75.1]",3920417,6,,,,,,,,,,,,,,,,,,,,,,,,1,Regular Play,Fousseni Diabaté,3710.0,Right Midfield,16,Mali,4930,"['91ae0e4b-eb02-43cd-aa5e-a3ebe8c267b8', '5c721a96-7f13-43d1-a9f0-6ea4d8319332', '3d8d54c3-82af-44ad-b6e8-c03fdbff8540']",25,,,,,,,,,,,,,,,,,,Mali,4930,00:06:25.370,Carry,True
,,"[22.6, 61.3]",,,,,,,,,,,8.143338,,,,,,,,,,,,4e551439-335a-463a-beb2-3d90fbf82c09,207,,"[13.3, 69.0]",3920417,6,,,,,,,,,,,,,,,,,,,,,,,,1,Regular Play,Hamari Traoré,3248.0,Right Back,16,Mali,4930,"['86a6d5ea-9e7d-4d6b-9a99-bafb7d42399c', '03b56276-f4fe-47c0-87c5-119cad63cb27']",27,,,,,,,,,,,,,,,,,,Mali,4930,00:06:27.154,Carry,
,,"[15.4, 56.8]",,,,,,,,,,,1.825544,,,,,,,,,,,,7edef35d-bf9b-4f87-8369-5c9782397f6d,210,,"[12.0, 56.6]",3920417,6,,,,,,,,,,,,,,,,,,,,,,,,1,Regular Play,Boubakar Kouyate,23331.0,Right Center Back,16,Mali,4930,"['ef80c49e-e9ae-4f99-a130-3f0c9cff04b7', '40313471-e1fc-4a03-84d2-fee8e37b5bd3', 'bbce601b-fddd-4a91-82e1-e5f0ae210a62']",36,,,,,,,,,,,,,,,,,,Mali,4930,00:06:36.764,Carry,True
,,"[19.8, 72.0]",,,,,,,,,,,1.242347,,,,,,,,,,,,7ae28abd-9a92-4f38-af13-9ab4d1c79166,214,,"[18.9, 72.4]",3920417,6,,,,,,,,,,,,,,,,,,,,,,,,1,Regular Play,Hamari Traoré,3248.0,Right Back,16,Mali,4930,"['677e95b0-c33c-4f42-93c5-8b4e47c81a94', 'ab201781-007f-4d0a-a4bf-8d7b231c44b7']",39,,,,,,,,,,,,,,,,,,Mali,4930,00:06:39.812,Carry,
,,"[77.3, 5.6]",,,,,,,,,,,3.363814,,,,,,,,,,,,3630ba1f-3ef6-419d-89f0-6664811b736b,219,,"[71.8, 8.5]",3920417,6,,,,,,,,,,,,,,,,,,,,,,,,1,Regular Play,Ngero Kaanjuka Katua,389316.0,Left Center Midfield,17,Namibia,4980,"['705ce668-77e4-4a22-b8b6-4c7470282e32', '29859a15-937c-4cba-95ea-5f8f543ae2e2', 'dad7174a-475d-41e5-bbd1-e5afac5f9487']",43,,,,,,,,,,,,,,,,,,Namibia,4980,00:06:43.404,Carry,True
,,"[71.2, 9.1]",,,,,,,,,,,0.712261,,,,,,,,,,,,9f5099a4-bdcd-48cc-ad58-499bea6b5e7b,225,,"[71.4, 8.3]",3920417,6,,,,,,,,,,,,,,,,,,,,,,,,1,Regular Play,Ngero Kaanjuka Katua,389316.0,Left Center Midfield,17,Namibia,4980,"['6fc91b7b-ba88-4357-877b-191805cda66b', '93ff3a26-3342-4ad0-b231-774ba65dfd31', 'bd2fac93-799c-4f35-a7e6-dbdb0e73a34d']",47,,,,,,,,,,,,,,,,,,Namibia,4980,00:06:47.561,Carry,True
,,"[79.7, 1.1]",,,,,,,,,,,0.731797,,,,,,,,,,,,dc81df5c-18b2-498d-8b8f-3764645c3f9e,230,,"[79.7, 6.6]",3920417,6,,,,,,,,,,,,,,,,,,,,,,,,1,Regular Play,Muzeu Bethuel,389319.0,Right Midfield,17,Namibia,4980,"['8ebd176d-2e4f-42ea-b681-fbcd05837147', 'b699f2e6-6da0-416e-abe2-3ab87d39df48', '2555afbd-0aee-497f-b22a-853723ef2045', '06a2ac94-12a9-4f5d-ac1f-4f54800f03d4']",48,,,,,,,,,,,,,,,,,,Namibia,4980,00:06:48.985,Carry,True
,,"[63.4, 33.6]",,,,,,,,,,,1.141806,,,,,,,,,,,,d72a38a8-0663-4d1b-b8da-84f220b57faa,238,,"[63.4, 33.6]",3920417,7,,,,,,,,,,,,,,,,,,,,,,,,1,From Free Kick,Deon Hotto Kavendji,64612.0,Left Midfield,18,Namibia,4980,"['2568e60c-80d2-4973-90ae-efaa1dbd2ffc', '4de045ae-4d2b-4c87-a722-0994e954197a']",39,,,,,,,,,,,,,,,,,,Namibia,4980,00:07:39.782,Carry,
,,"[12.3, 41.6]",,,,,,,,,,,1.778169,,,,,,,,,,,,99b01a17-ab17-44ba-add6-86ad0a3d003f,242,,"[8.1, 39.0]",3920417,7,,,,,,,,,,,,,,,,,,,,,,,,1,From Keeper,Djigui Diarra,102992.0,Goalkeeper,19,Mali,4930,"['519395c3-57cd-4ea8-8805-21ff64ca928e', '7603b2a0-8db6-4449-ac88-9b2aea6a8fc8']",43,,,,,,,,,,,,,,,,,,Mali,4930,00:07:43.701,Carry,
,,"[8.6, 72.0]",,,,,,,,,,,0.718343,,,,,,,,,,,,ed81a9d4-d0ad-4915-93aa-ee8e4e74bcfd,247,,"[15.1, 72.2]",3920417,8,,,,,,,,,,,,,,,,,,,,,,,,1,From Throw In,Lloyd Junior Kazapua,125324.0,Goalkeeper,20,Namibia,4980,"['9caf3deb-223b-4b41-bb91-4b12ef175508', '6f2c94e8-e298-42f3-91de-0569dd44ce1a', 'b452b8e1-163e-48a5-b876-14cddfc01a2b']",4,,,,,,,,,,,,,,,,,,Namibia,4980,00:08:04.917,Carry,True
,,"[59.7, 50.8]",,,,,,,,,,,0.100342,,,,,,,,,,,,a1e50db4-426e-4173-a2cd-0bef8fb816b8,253,,"[62.0, 50.8]",3920417,8,,,,,,,,,,,,,,,,,,,,,,,,1,From Throw In,Muzeu Bethuel,389319.0,Right Midfield,20,Namibia,4980,"['72e698ad-b7a5-49d1-94f1-0c8421c778b0', 'c5fbb7ce-160b-49ad-a0d1-58c01407e451']",11,,,,,,,,,,,,,,,,,,Namibia,4980,00:08:11.656,Carry,
,,"[61.7, 56.1]",,,,,,,,,,,0.318852,,,,,,,,,,,,c2d7b988-d056-4ee0-b3c7-a7405a4a8842,257,,"[57.2, 56.0]",3920417,8,,,,,,,,,,,,,,,,,,,,,,,,1,From Throw In,Peter Shalulile,65723.0,Center Forward,20,Namibia,4980,"['abb393b3-fe85-4bd8-af42-aa39a21fe06b', 'c4807ddb-0d6f-425f-be60-97cf0ae4b118', '9982bebc-bcf9-4efe-b55c-4614d979f950']",12,,,,,,,,,,,,,,,,,,Namibia,4980,00:08:12.591,Carry,True
,,"[46.4, 72.3]",,,,,,,,,,,1.251217,,,,,,,,,,,,c0918fe9-351b-4e09-a112-cd3778c25b12,263,,"[46.1, 72.0]",3920417,8,,,,,,,,,,,,,,,,,,,,,,,,1,From Free Kick,Hamari Traoré,3248.0,Right Back,21,Mali,4930,"['19763363-9daf-4cf0-9f09-569a2c5d7604', 'aee37159-3bd0-4603-af29-108a013e2813']",51,,,,,,,,,,,,,,,,,,Mali,4930,00:08:51.223,Carry,
,,"[62.3, 75.6]",,,,,,,,,,,1.631092,,,,,,,,,,,,6c632d7e-74b8-4c25-b2c2-a85c30f81142,266,,"[63.6, 75.2]",3920417,8,,,,,,,,,,,,,,,,,,,,,,,,1,From Free Kick,Fousseni Diabaté,3710.0,Right Midfield,21,Mali,4930,"['bfa46228-9b11-49ae-bbb0-b5355be6707d', 'd2302afb-d93c-47e6-a92b-bc8c74027fc3', 'fe1fc020-47f3-4c55-8b37-d324a5b149b1']",53,,,,,,,,,,,,,,,,,,Mali,4930,00:08:53.518,Carry,True
,,"[109.8, 4.2]",,,,,,,,,,,4.723446,,,,,,,,,,,,55e1c2f2-a157-436b-a5b2-c2091a0a2b3c,273,,"[83.1, 4.2]",3920417,9,,,,,,,,,,,,,,,,,,,,,,,,1,From Throw In,Ngero Kaanjuka Katua,389316.0,Left Center Midfield,22,Namibia,4980,"['7b8c8c3e-0d36-47b7-a716-760c9731f9a2', 'bc85ad05-dd80-4610-9093-27d0d7a67c4e', 'fa56e434-1de2-4c9c-85b7-85401e97f332', 'c6741eec-abec-4cc0-955f-9c37f14a8148']",7,,,,,,,,,,,,,,,,,,Namibia,4980,00:09:07.240,Carry,True
,,"[15.9, 76.5]",,,,,,,,,,,0.508935,,,,,,,,,,,,d090b6e4-11cf-489e-8231-8e9eb745ba41,281,,"[14.4, 77.7]",3920417,9,,,,,,,,,,,,,,,,,,,,,,,,1,From Throw In,Hamari Traoré,3248.0,Right Back,23,Mali,4930,"['064d1f3a-f785-44b7-8c02-e1d14003a011', 'da284e6c-bcf7-41ce-a14b-072f1b51b000']",27,,,,,,,,,,,,,,,,,,Mali,4930,00:09:27.642,Carry,
,,"[16.9, 68.5]",,,,,,,,,,,0.734784,,,,,,,,,,,,acd9f9e7-5225-4394-accf-0cfc8faedca7,285,,"[15.3, 72.0]",3920417,9,,,,,,,,,,,,,,,,,,,,,,,,1,From Throw In,Aliou Dieng,67714.0,Right Defensive Midfield,23,Mali,4930,"['70aad4ee-f5cb-454a-81ce-8c95282eac3d', '460679cc-81a6-48fc-80a5-caff8c5d53fd', 'db760c42-98db-4f4e-a43c-bcc87f8bf9d3']",29,,,,,,,,,,,,,,,,,,Mali,4930,00:09:29.070,Carry,True
,,"[17.3, 75.9]",,,,,,,,,,,0.905438,,,,,,,,,,,,0905af01-d1ce-451c-aeb8-07e4c43d67f9,291,,"[17.3, 76.5]",3920417,9,,,,,,,,,,,,,,,,,,,,,,,,1,From Throw In,Hamari Traoré,3248.0,Right Back,23,Mali,4930,"['90a041ab-63c9-423a-b069-b755a77e3bc8', '79c6066e-3cf0-4b14-92e7-cdc0fdc6e268']",32,,,,,,,,,,,,,,,,,,Mali,4930,00:09:32.311,Carry,
,,"[9.4, 67.3]",,,,,,,,,,,0.06108,,,,,,,,,,,,be244f4a-6179-4df4-92c1-df86667fdc25,294,,"[9.4, 67.3]",3920417,9,,,,,,,,,,,,,,,,,,,,,,,,1,From Throw In,Boubakar Kouyate,23331.0,Right Center Back,23,Mali,4930,"['31b7e4db-a0ac-4229-94e1-5fb21a64b588', 'b0feb2f2-f55f-4ce4-95d6-7a9b1f145628']",34,,,,,,,,,,,,,,,,,,Mali,4930,00:09:34.490,Carry,
,,"[62.6, 40.6]",,,,,,,,,,,0.284668,,,,,,,,,,,,36f2de9c-d347-46d5-bff0-7b941178dd4e,300,,"[62.3, 42.6]",3920417,9,,,,,,,,,,,,,,,,,,,,,,,,1,From Throw In,Lassine Sinayoko,105182.0,Left Center Forward,23,Mali,4930,"['95a93d8a-14af-4bf5-9973-738590dd86cf', '6840a73e-9a92-45a4-bc84-8abc229e52a8', '3933991e-8105-42c4-9958-c3d347a32eee']",38,,,,,,,,,,,,,,,,,,Mali,4930,00:09:38.589,Carry,True
,,"[60.9, 57.2]",,,,,,,,,,,1.200787,,,,,,,,,,,,6f2234de-3d96-4a6a-a1c4-995ee777c41d,322,,"[56.5, 56.7]",3920417,10,,,,,,,,,,,,,,,,,,,,,,,,1,From Free Kick,Ngero Kaanjuka Katua,389316.0,Left Center Midfield,24,Namibia,4980,"['1d2477eb-7238-4ca0-8873-849abae9874f', 'b98cf666-bd98-4b20-9014-38050f454541', '69037728-a0ac-45c4-8957-748c4a6cdd9a']",55,,,,,,,,,,,,,,,,,,Namibia,4980,00:10:55.745,Carry,True
,,"[62.9, 75.5]",,,,,,,,,,,0.08,,,,,,,,,,,,413421b9-a9b6-425d-8531-42a880cd5b12,326,,"[62.9, 75.5]",3920417,10,,,,,,,,,,,,,,,,,,,,,,,,1,From Free Kick,Deon Hotto Kavendji,64612.0,Left Midfield,24,Namibia,4980,"['978bea9f-08be-4c90-94e5-e610b5edab4d', 'bfc1461e-cf2c-42a9-bfea-be734d370761']",57,,,,,,,,,,,,,,,,,,Namibia,4980,00:10:57.875,Carry,
,,"[44.7, 51.3]",,,,,,,,,,,2.104114,,,,,,,,,,,,34899a9d-4ac5-4d4f-af32-0327f1843f7b,339,,"[37.5, 34.4]",3920417,11,,,,,,,,,,,,,,,,,,,,,,,,1,Regular Play,Ngero Kaanjuka Katua,389316.0,Left Center Midfield,26,Namibia,4980,"['b27c6a6a-2111-4e72-a637-cde239d55e48', '5e3f1c09-82fb-419d-9063-368167d1783d', '005c172a-c7a8-4a5c-a7a4-9b6703aa375d']",12,,,,,,,,,,,,,,,,,,Namibia,4980,00:11:12.538,Carry,True
,,"[50.0, 63.6]",,,,,,,,,,,0.079997,,,,,,,,,,,,7e40c9a5-916d-4ccf-9e79-e094081f8fe0,345,,"[49.7, 63.8]",3920417,11,,,,,,,,,,,,,,,,,,,,,,,,1,Regular Play,Prins Menelik Tjiueza,103803.0,Right Center Midfield,26,Namibia,4980,"['43419e09-cccc-471d-85e8-3e65ffe1aaa3', 'd45919fa-e3c5-4025-8469-cce316ef8e05']",17,,,,,,,,,,,,,,,,,,Namibia,4980,00:11:17.441,Carry,
,,"[77.0, 9.6]",,,,,,,,,,,2.423098,,,,,,,,,,,,90fc286f-752c-4e01-8001-414924e5884c,348,,"[77.9, 9.6]",3920417,11,,,,,,,,,,,,,,,,,,,,,,,,1,Regular Play,Nene Dorgeles,199653.0,Left Midfield,27,Mali,4930,"['a4696a15-3bf4-4b8a-b5c6-8a7ab0ee7a12', 'e049de3c-4050-4738-a102-2e90c37bd168', '9da69388-6c51-4235-8be4-d54097f5e129']",18,,,,,,,,,,,,,,,,,,Mali,4930,00:11:18.414,Carry,True
,,"[62.3, 74.0]",,,,,,,,,,,1.430901,,,,,,,,,,,,7e244fc7-e5ba-4c81-808f-2e2cf01c16e9,358,,"[60.0, 72.4]",3920417,11,,,,,,,,,,,,,,,,,,,,,,,,1,From Free Kick,Hamari Traoré,3248.0,Right Back,28,Mali,4930,"['cd1848a8-562d-4aef-9f69-53c19f66ce52', '0c18d0d1-b59c-4ae6-bb3c-88aa74cd232b']",38,,,,,,,,,,,,,,,,,,Mali,4930,00:11:38.059,Carry,
,,"[69.8, 73.8]",,,,,,,,,,,4.14517,,,,,,,,,,,,6e055294-b2e9-432b-bd14-4093ea146b2d,361,,"[71.1, 76.5]",3920417,11,,,,,,,,,,,,,,,,,,,,,,,,1,From Free Kick,Fousseni Diabaté,3710.0,Right Midfield,28,Mali,4930,"['cfdbef4e-729b-41d9-ad39-a0e8a1a79400', '947ada94-5b47-4296-9cdd-63527da595a3', '39d7a747-6db3-4293-93a4-5f76a410f043']",40,,,,,,,,,,,,,,,,,,Mali,4930,00:11:40.757,Carry,True
,,"[59.2, 66.8]",,,,,,,,,,,1.124134,,,,,,,,,,,,d11dc796-8937-426a-b7e8-7a558dcccaef,365,,"[63.9, 69.0]",3920417,11,,,,,,,,,,,,,,,,,,,,,,,,1,From Free Kick,Aliou Dieng,67714.0,Right Defensive Midfield,28,Mali,4930,"['6cc67efa-3636-49a2-9344-763e7b22e737', 'eccffca3-4643-45cb-9aeb-3ea0ad714025']",45,,,,,,,,,,,,,,,,,,Mali,4930,00:11:45.722,Carry,
,,"[52.2, 74.5]",,,,,,,,,,,0.043852,,,,,,,,,,,,0d4854fd-35e4-49bd-bc01-af381101829e,368,,"[52.8, 74.5]",3920417,11,,,,,,,,,,,,,,,,,,,,,,,,1,From Free Kick,Hamari Traoré,3248.0,Right Back,28,Mali,4930,"['b02d98f1-b8b8-4e15-a818-f54171e0002b', 'fc9021a6-edc1-4440-ac26-ca2aec7bb502']",47,,,,,,,,,,,,,,,,,,Mali,4930,00:11:47.794,Carry,
,,"[45.3, 64.0]",,,,,,,,,,,1.889032,,,,,,,,,,,,0f3ad7b3-fa49-45e6-b2bd-537763f8eaa8,371,,"[44.8, 64.6]",3920417,11,,,,,,,,,,,,,,,,,,,,,,,,1,From Free Kick,Boubakar Kouyate,23331.0,Right Center Back,28,Mali,4930,"['943798b6-5cf5-40be-99b8-d77ea73e7ef1', '4cb96c16-5846-4085-b55b-84fb3891cdf7']",49,,,,,,,,,,,,,,,,,,Mali,4930,00:11:49.241,Carry,
,,"[43.1, 18.2]",,,,,,,,,,,2.312919,,,,,,,,,,,,73599963-f1c8-4291-8b35-b2bf79290325,382,,"[35.6, 18.8]",3920417,12,,,,,,,,,,,,,,,,,,,,,,,,1,Regular Play,Yves Bissouma,4385.0,Left Defensive Midfield,30,Mali,4930,"['275d58e8-ef24-47dc-9077-3d52162ae0d8', 'f55eeaea-4f62-4d9e-b3f2-fc195a2db36d', '83eeb27f-f1a0-4683-9a04-62fba37f990d']",16,,,,,,,,,,,,,,,,,,Mali,4930,00:12:16.312,Carry,True
,,"[40.9, 25.9]",,,,,,,,,,,0.061709,,,,,,,,,,,,1f2370b6-4f27-43e6-a1bd-b47f4262cce3,387,,"[40.9, 25.9]",3920417,12,,,,,,,,,,,,,,,,,,,,,,,,1,Regular Play,Aliou Dieng,67714.0,Right Defensive Midfield,30,Mali,4930,"['7b74b4f2-7942-45fc-a380-8b8947ade3dc', '575b7ad2-6cfb-428b-893a-d56556487bad']",19,,,,,,,,,,,,,,,,,,Mali,4930,00:12:19.250,Carry,
,,"[70.8, 51.6]",,,,,,,,,,,2.623166,,,,,,,,,,,,09bd0bf5-c545-41bb-8599-a630c7c52630,390,,"[53.9, 37.7]",3920417,12,,,,,,,,,,,,,,,,,,,,,,,,1,Regular Play,Yves Bissouma,4385.0,Left Defensive Midfield,30,Mali,4930,"['514608ae-e84a-4e81-973a-b745de98a73c', 'b11c06bf-a8c1-4f71-98b5-e900b550725c', 'ec830c33-9792-4be9-ac17-22a901d212a2']",20,,,,,,,,,,,,,,,,,,Mali,4930,00:12:20.717,Carry,True
,,"[62.3, 5.8]",,,,,,,,,,,2.805281,,,,,,,,,,,,ca281532-0535-4c9d-a848-35463d95f6c5,395,,"[48.2, 7.8]",3920417,12,,,,,,,,,,,,,,,,,,,,,,,,1,Regular Play,Muzeu Bethuel,389319.0,Right Midfield,31,Namibia,4980,"['053060e9-1e4d-4b29-9d7d-222c090d363b', 'f5abd470-848e-4dc9-98c4-c0c7da3d631e', '16c1773a-619b-469d-8a1d-5b52470d7779']",25,,,,,,,,,,,,,,,,,,Namibia,4980,00:12:25.728,Carry,True
,,"[39.2, 10.5]",,,,,,,,,,,3.063146,,,,,,,,,,,,58cff4e5-8734-428a-a5d8-678fa55404d9,401,,"[41.2, 10.5]",3920417,12,,,,,,,,,,,,,,,,,,,,,,,,1,From Throw In,Lubeni Haukongo,135004.0,Left Center Back,32,Namibia,4980,"['c89645ef-0704-42e7-946e-21969720573b', '0b1e425b-8e1d-4a95-b58b-657ae8c1e718']",37,,,,,,,,,,,,,,,,,,Namibia,4980,00:12:37.961,Carry,
,,"[20.2, 37.2]",,,,,,,,,,,1.959995,,,,,,,,,,,,6b765287-4d4e-4324-a4ec-b4f07bc70bff,404,,"[20.9, 31.6]",3920417,12,,,,,,,,,,,,,,,,,,,,,,,,1,From Throw In,Lloyd Junior Kazapua,125324.0,Goalkeeper,32,Namibia,4980,"['5ded8f67-29c1-407f-bdda-a9a430111b1d', '007800ad-428f-46aa-8e8b-30535e1bafd2', '0dc703a2-7637-4d41-87e2-25b0141115f7']",43,,,,,,,,,,,,,,,,,,Namibia,4980,00:12:43.464,Carry,True
,,"[31.7, 18.2]",,,,,,,,,,,1.872995,,,,,,,,,,,,6f34b0dc-1d73-4b68-b1e2-fff0877dcaf3,412,,"[28.4, 17.4]",3920417,13,,,,,,,,,,,,,,,,,,,,,,,,1,From Free Kick,Sikou Niakate,7295.0,Left Center Back,33,Mali,4930,"['0ad0fdcb-d37d-46ae-b162-a80f1abe5ad5', '9818239b-e97f-4418-ab47-b6eb4c8c153b']",6,,,,,,,,,,,,,,,,,,Mali,4930,00:13:06.130,Carry,
,,"[49.5, 74.5]",,,,,,,,,,,2.231505,,,,,,,,,,,,6fc6cdeb-c060-4ae5-a5ca-11b8a75df2f7,415,,"[48.6, 75.2]",3920417,13,,,,,,,,,,,,,,,,,,,,,,,,1,From Free Kick,Hamari Traoré,3248.0,Right Back,33,Mali,4930,"['b178e6b9-b1e8-472f-95d2-0f6737f8139b', '74143c5c-f093-4791-a4f1-4d3be0a99a63']",10,,,,,,,,,,,,,,,,,,Mali,4930,00:13:10.598,Carry,
,,"[50.0, 65.4]",,,,,,,,,,,1.523217,,,,,,,,,,,,ef3f4514-f60e-450a-bafa-6c172b659e48,418,,"[50.9, 66.0]",3920417,13,,,,,,,,,,,,,,,,,,,,,,,,1,From Free Kick,Yves Bissouma,4385.0,Left Defensive Midfield,33,Mali,4930,"['17a6c02c-5eda-41e2-9c05-18ac65385cc3', '7ca4bc33-71ec-4c80-adb1-aa187b8af7ab']",14,,,,,,,,,,,,,,,,,,Mali,4930,00:13:14.063,Carry,
,,"[41.7, 22.0]",,,,,,,,,,,1.565004,,,,,,,,,,,,aa5f1dc8-cc14-4eb8-81bc-cab8fee6c5ca,421,,"[37.8, 19.5]",3920417,13,,,,,,,,,,,,,,,,,,,,,,,,1,From Free Kick,Sikou Niakate,7295.0,Left Center Back,33,Mali,4930,"['f25f7637-3ab5-42d4-bbf5-f1e5afd4ac74', 'f6a5bf3e-7bd1-4db0-8b53-a22d8737d056']",17,,,,,,,,,,,,,,,,,,Mali,4930,00:13:17.342,Carry,
,,"[77.9, 4.5]",,,,,,,,,,,1.501549,,,,,,,,,,,,092bf272-7fdf-41c8-8437-fbbbe53956fb,424,,"[70.9, 6.0]",3920417,13,,,,,,,,,,,,,,,,,,,,,,,,1,From Free Kick,Nene Dorgeles,199653.0,Left Midfield,33,Mali,4930,"['f0eb65e1-6aae-4a39-ad73-62b84f9caa97', '2b0d4e79-c15a-4033-a7c5-ecf0088c1b89']",20,,,,,,,,,,,,,,,,,,Mali,4930,00:13:20.566,Carry,
,,"[99.2, 6.0]",,,,,,,,,,,0.046116,,,,,,,,,,,,02503a75-5f26-4cd4-a522-66405bdfd982,428,,"[99.2, 7.1]",3920417,13,,,,,,,,,,,,,,,,,,,,,,,,1,From Free Kick,Lassine Sinayoko,105182.0,Left Center Forward,33,Mali,4930,"['d51406a4-e4ff-4dd1-a7bc-3dcf0bdd2594', '51df6794-1d60-4c00-b44d-af8793f347e0', '6fc9f9a9-5820-40ce-9dd6-f391a55cd3f6']",23,,,,,,,,,,,,,,,,,,Mali,4930,00:13:23.801,Carry,True
,,"[59.0, 19.5]",,,,,,,,,,,0.797335,,,,,,,,,,,,3699218c-fb05-4516-a07a-60f2624fe034,436,,"[63.6, 20.7]",3920417,13,,,,,,,,,,,,,,,,,,,,,,,,1,From Throw In,Youssoufou Niakaté,51750.0,Right Center Forward,34,Mali,4930,"['97cb4f91-8869-40a6-8990-0a72a028abc2', '8d4f69fc-47cc-48fd-bac9-1b3cbf516d25', 'b53cc5e5-c3eb-4209-86e5-fa9f8b959cac']",47,,,,,,,,,,,,,,,,,,Mali,4930,00:13:47.467,Carry,True
,,"[42.2, 19.8]",,,,,,,,,,,0.220681,,,,,,,,,,,,1b4be672-47ac-4a82-9bcd-a075a59b01c2,441,,"[42.8, 17.4]",3920417,13,,,,,,,,,,,,,,,,,,,,,,,,1,From Throw In,Yves Bissouma,4385.0,Left Defensive Midfield,34,Mali,4930,"['15f16a65-96e2-4145-a8e1-9fecda05e129', '067a2195-f811-4f00-8662-0dce5c6092d7', '2980217c-5571-4611-917e-f3d238491c60']",49,,,,,,,,,,,,,,,,,,Mali,4930,00:13:49.919,Carry,True
,,"[42.3, 7.0]",,,,,,,,,,,0.302707,,,,,,,,,,,,3d1530dc-3d5d-4b72-9ae4-24ac5f393012,444,,"[44.0, 6.5]",3920417,13,,,,,,,,,,,,,,,,,,,,,,,,1,From Throw In,Moussa Diarra,32952.0,Left Back,34,Mali,4930,"['3fe81f10-8676-4cbf-90cd-f6c5c3f5f30f', 'a76e2762-7d9c-4d62-b4a2-f15518b7e999']",51,,,,,,,,,,,,,,,,,,Mali,4930,00:13:51.689,Carry,
,,"[42.8, 10.9]",,,,,,,,,,,0.718625,,,,,,,,,,,,f0f1626a-fa86-4179-b298-e9c09913d509,448,,"[42.9, 12.6]",3920417,13,,,,,,,,,,,,,,,,,,,,,,,,1,From Throw In,Aliou Dieng,67714.0,Right Defensive Midfield,34,Mali,4930,"['9af3f31f-5b2b-4ed7-a547-79df2344cc95', '620b68ca-ecf2-4eef-83d8-4ba93b2ff298', '30ddfbed-baa8-42c8-8f16-25d23314612b']",52,,,,,,,,,,,,,,,,,,Mali,4930,00:13:52.817,Carry,True
,,"[36.9, 4.8]",,,,,,,,,,,3.043586,,,,,,,,,,,,915041ba-b7b6-45a8-9875-6bfa47fd42a2,451,,"[37.6, 3.8]",3920417,13,,,,,,,,,,,,,,,,,,,,,,,,1,From Throw In,Moussa Diarra,32952.0,Left Back,34,Mali,4930,"['ea305683-1240-4d9f-afa4-ad05d912ba07', '26c074ac-fcc3-49c5-b16b-24ed36361b4d']",54,,,,,,,,,,,,,,,,,,Mali,4930,00:13:54.378,Carry,
,,"[49.2, 12.9]",,,,,,,,,,,1.340375,,,,,,,,,,,,1ec05c4c-1453-4662-a909-56a637026ef5,454,,"[45.3, 15.1]",3920417,13,,,,,,,,,,,,,,,,,,,,,,,,1,From Throw In,Yves Bissouma,4385.0,Left Defensive Midfield,34,Mali,4930,"['3e982632-1f74-4e76-bc5d-2b8e2c7e543c', 'be54f26a-0089-4ce1-98b8-e9753158da3b']",58,,,,,,,,,,,,,,,,,,Mali,4930,00:13:58.306,Carry,
,,"[50.3, 4.3]",,,,,,,,,,,0.615786,,,,,,,,,,,,fac6953d-9875-44d4-8aec-8ceb6631d680,457,,"[52.0, 4.6]",3920417,14,,,,,,,,,,,,,,,,,,,,,,,,1,From Throw In,Moussa Diarra,32952.0,Left Back,34,Mali,4930,"['312748a6-96af-4447-b585-1108be1d34a2', '5fa23565-e471-4708-95bb-06166546b4b1', 'b556cd42-b643-4244-8124-ed471f99952f']",0,,,,,,,,,,,,,,,,,,Mali,4930,00:14:00.220,Carry,True
,,"[58.4, 12.4]",,,,,,,,,,,1.565641,,,,,,,,,,,,ba5560f5-5ad8-428b-88c9-c979b97ef968,463,,"[58.7, 11.5]",3920417,14,,,,,,,,,,,,,,,,,,,,,,,,1,From Throw In,Lassine Sinayoko,105182.0,Left Center Forward,34,Mali,4930,"['c3985676-8c75-4118-9d6a-d0a600dd17ba', '9a90c241-7904-4557-8a53-f7d4f247f8e2', 'fb50c0c1-22e5-422c-a4b3-1f5f56570372']",1,,,,,,,,,,,,,,,,,,Mali,4930,00:14:01.627,Carry,True
,,"[49.2, 5.9]",,,,,,,,,,,1.780948,,,,,,,,,,,,b2ca7735-65b8-4621-b302-9ba170912f66,467,,"[50.1, 4.8]",3920417,14,,,,,,,,,,,,,,,,,,,,,,,,1,From Throw In,Nene Dorgeles,199653.0,Left Midfield,34,Mali,4930,"['5ee0be10-adce-440a-aaa5-68733eaa2690', '372e34f6-9a28-4131-a0ff-5b7a6a53674e']",4,,,,,,,,,,,,,,,,,,Mali,4930,00:14:04.194,Carry,
,,"[48.1, 74.5]",,,,,,,,,,,0.094486,,,,,,,,,,,,9fbba41a-cddb-46b4-9e75-4405989d6873,470,,"[48.1, 74.5]",3920417,14,,,,,,,,,,,,,,,,,,,,,,,,1,From Throw In,Hamari Traoré,3248.0,Right Back,34,Mali,4930,"['13d07684-88ac-425a-8679-9bd2a784417d', '44087519-8d7e-462b-8527-c4818d3082e9']",9,,,,,,,,,,,,,,,,,,Mali,4930,00:14:09.813,Carry,
,,"[42.6, 65.1]",,,,,,,,,,,3.60553,,,,,,,,,,,,02058441-d96e-4021-9816-2ce48ebe7f74,473,,"[33.9, 65.4]",3920417,14,,,,,,,,,,,,,,,,,,,,,,,,1,From Throw In,Boubakar Kouyate,23331.0,Right Center Back,34,Mali,4930,"['22d4c649-3f1f-4bd8-8b7d-24881a4a18c1', '8d56e5e6-a091-45c4-8681-38be07030396']",11,,,,,,,,,,,,,,,,,,Mali,4930,00:14:11.708,Carry,
,,"[50.8, 75.7]",,,,,,,,,,,2.693389,,,,,,,,,,,,adb2880e-1c2d-4527-b7e5-8d8ed06e8c04,476,,"[50.1, 75.7]",3920417,14,,,,,,,,,,,,,,,,,,,,,,,,1,From Throw In,Hamari Traoré,3248.0,Right Back,34,Mali,4930,"['f7cd99ec-0d75-43c7-8c98-02904a569cb3', '1d7968b5-42c6-4d22-b1bd-63069a22b3ca']",16,,,,,,,,,,,,,,,,,,Mali,4930,00:14:16.430,Carry,
,,"[42.2, 63.2]",,,,,,,,,,,3.942271,,,,,,,,,,,,84e93a37-c7bf-443e-8b69-f2e4aa7ee747,479,,"[35.1, 71.2]",3920417,14,,,,,,,,,,,,,,,,,,,,,,,,1,From Throw In,Boubakar Kouyate,23331.0,Right Center Back,34,Mali,4930,"['872d0c85-16b8-47e2-bfce-428eec99b325', '1ee2daf2-e36e-4548-871f-219bf8de0116']",20,,,,,,,,,,,,,,,,,,Mali,4930,00:14:20.294,Carry,
,,"[47.3, 72.0]",,,,,,,,,,,1.318776,,,,,,,,,,,,16044515-857a-48ce-88e8-93766a515d37,482,,"[50.1, 73.8]",3920417,14,,,,,,,,,,,,,,,,,,,,,,,,1,From Throw In,Hamari Traoré,3248.0,Right Back,34,Mali,4930,"['6592fdbd-4a8d-4e8a-8ef9-2155e5242725', '887c6517-cb3d-4ceb-9f51-c7822aa7393b', '6a3cad30-886b-4ff8-ad0d-1ae1ae49ba5c']",25,,,,,,,,,,,,,,,,,,Mali,4930,00:14:25.292,Carry,True
,,"[20.4, 48.5]",,,,,,,,,,,0.319031,,,,,,,,,,,,3e2f82b8-ed0d-41e9-911a-2c43df4c559a,486,,"[20.9, 50.1]",3920417,14,,,,,,,,,,,,,,,,,,,,,,,,1,From Throw In,Djigui Diarra,102992.0,Goalkeeper,34,Mali,4930,"['c57f2792-af2c-478f-858d-a47e8d350c95', 'd1a6380e-b1e0-499e-81bd-9d94374ed809']",28,,,,,,,,,,,,,,,,,,Mali,4930,00:14:28.948,Carry,
,,"[35.6, 16.8]",,,,,,,,,,,3.299674,,,,,,,,,,,,1cd19175-e1c4-468c-8efd-a38368c7dc10,489,,"[29.2, 20.7]",3920417,14,,,,,,,,,,,,,,,,,,,,,,,,1,From Throw In,Sikou Niakate,7295.0,Left Center Back,34,Mali,4930,"['7f6060ae-1a74-473a-a46c-e2fa9dee4f3c', '2f8adfd9-4088-4370-8be6-1e0b60dc0c24']",30,,,,,,,,,,,,,,,,,,Mali,4930,00:14:30.805,Carry,
,,"[70.3, 5.2]",,,,,,,,,,,1.384649,,,,,,,,,,,,4ce4e908-d504-44c1-8a6d-6bc70e450cc1,493,,"[68.4, 5.2]",3920417,14,,,,,,,,,,,,,,,,,,,,,,,,1,From Throw In,Nene Dorgeles,199653.0,Left Midfield,34,Mali,4930,"['beaa92de-5963-41fa-95a1-76523916149b', '5c72b176-ad0c-4859-b19f-d70610f76687', '7bcd81a5-e6f9-4972-8f6e-f64ff6c59d38']",35,,,,,,,,,,,,,,,,,,Mali,4930,00:14:35.884,Carry,True
,,"[78.6, 66.9]",,,,,,,,,,,0.055805,,,,,,,,,,,,2b38a52d-2583-432f-867c-7f34c3602623,500,,"[77.3, 65.8]",3920417,14,,,,,,,,,,,,,,,,,,,,,,,,1,Regular Play,Peter Shalulile,65723.0,Center Forward,35,Namibia,4980,"['9f13e1ce-ad41-47e2-924a-cc9f8d48e05d', '00370ca6-81ae-4b53-8304-b8ed5f8dbef9', '353cd963-7c12-4a06-b059-e2863777b15b']",40,,,,,,,,,,,,,,,,,,Namibia,4980,00:14:40.288,Carry,True
,,"[77.2, 52.5]",,,,,,,,,,,0.53672,,,,,,,,,,,,58a04f09-981c-4208-abcc-d8ed37c88230,503,,"[76.1, 53.1]",3920417,14,,,,,,,,,,,,,,,,,,,,,,,,1,Regular Play,Prins Menelik Tjiueza,103803.0,Right Center Midfield,35,Namibia,4980,"['7c8d7a24-bfe0-4f10-aab5-f0a4b8316170', '78e97d94-8088-4070-bec4-603de5369f35']",41,,,,,,,,,,,,,,,,,,Namibia,4980,00:14:41.563,Carry,
,,"[66.8, 42.0]",,,,,,,,,,,1.762414,,,,,,,,,,,,019932f0-e6f9-4ffd-ba30-aa8ac882bd87,506,,"[59.2, 45.5]",3920417,14,,,,,,,,,,,,,,,,,,,,,,,,1,Regular Play,Ngero Kaanjuka Katua,389316.0,Left Center Midfield,35,Namibia,4980,"['053caead-7fa6-4105-906d-9ed29a117a02', 'c5ae68f0-060b-4881-99a8-cf4a3ba3f377']",44,,,,,,,,,,,,,,,,,,Namibia,4980,00:14:44.889,Carry,
,,"[69.5, 74.7]",,,,,,,,,,,0.799795,,,,,,,,,,,,2265feb4-ffc2-4d27-9907-96938af5f80d,509,,"[68.1, 76.4]",3920417,14,,,,,,,,,,,,,,,,,,,,,,,,1,Regular Play,Ivan Kamberipa,103799.0,Right Back,35,Namibia,4980,"['58265bba-9757-4945-baa5-690823d3cbee', '196abe90-f0a5-43a9-8226-9b64088feef9']",48,,,,,,,,,,,,,,,,,,Namibia,4980,00:14:48.292,Carry,
,,"[82.0, 73.6]",,,,,,,,,,,1.043522,,,,,,,,,,,,436b3b19-c3f4-41c1-9ffe-94063f23102b,512,,"[83.2, 74.7]",3920417,14,,,,,,,,,,,,,,,,,,,,,,,,1,Regular Play,Deon Hotto Kavendji,64612.0,Left Midfield,35,Namibia,4980,"['9928c52a-5f03-4d64-82f7-85121deb09a6', '3ff03fb7-9fdf-4bf3-9a52-0b6320127e0f']",50,,,,,,,,,,,,,,,,,,Namibia,4980,00:14:50.332,Carry,
,,"[100.6, 71.1]",,,,,,,,,,,0.039945,,,,,,,,,,,,c8c38e0c-d915-4171-8fd9-da0880d7af00,515,,"[100.1, 71.6]",3920417,14,,,,,,,,,,,,,,,,,,,,,,,,1,Regular Play,Peter Shalulile,65723.0,Center Forward,35,Namibia,4980,"['88e2725b-c156-4871-bd14-ed9b8df7a35c', 'f82cc606-b22e-42d1-b6ef-a12d281881ca']",53,,,,,,,,,,,,,,,,,,Namibia,4980,00:14:53.719,Carry,
,,"[91.4, 68.6]",,,,,,,,,,,0.865304,,,,,,,,,,,,0bc44cb5-e4b5-4b75-aab4-a040e2768b0f,518,,"[87.8, 70.5]",3920417,14,,,,,,,,,,,,,,,,,,,,,,,,1,Regular Play,Deon Hotto Kavendji,64612.0,Left Midfield,35,Namibia,4980,"['f9c8d8e2-9da1-4e12-8976-391c707855f8', '7d930c21-9232-4f9e-bf4d-bbf4b70ade0d']",54,,,,,,,,,,,,,,,,,,Namibia,4980,00:14:54.987,Carry,
,,"[91.7, 57.0]",,,,,,,,,,,1.576997,,,,,,,,,,,,3e6869ef-ec83-4946-9488-3a7a5568242c,522,,"[91.4, 53.9]",3920417,14,,,,,,,,,,,,,,,,,,,,,,,,1,Regular Play,Ngero Kaanjuka Katua,389316.0,Left Center Midfield,35,Namibia,4980,"['1be0defe-a02e-4c4a-9a27-3ddaf4d6077d', '7f115dbe-ec0f-4f1c-b03b-ccdb63b79274']",57,,,,,,,,,,,,,,,,,,Namibia,4980,00:14:57.492,Carry,
,,"[110.4, 7.2]",,,,,,,,,,,3.162998,,,,,,,,,,,,0da1e17f-3080-4c16-8da3-d5c6c27673bf,525,,"[91.8, 11.7]",3920417,15,,,,,,,,,,,,,,,,,,,,,,,,1,Regular Play,Riaan Hanamub,65555.0,Left Back,35,Namibia,4980,"['af69c1c9-3201-4627-9e94-8fbb35269b6a', '164d6571-a3f9-4f15-9ac2-09264ad1ce18', 'cc2bb185-640f-4aa5-9877-bff640410738']",1,,,,,,,,,,,,,,,,,,Namibia,4980,00:15:01.774,Carry,True
,,"[113.7, 32.0]",,,,,,,,,,,0.925269,,,,,,,,,,,,935ca9df-0454-46b8-b3ae-9d9dcb2c55ac,529,,"[108.1, 27.8]",3920417,15,,,,,,,,,,,,,,,,,,,,,,,,1,Regular Play,Prins Menelik Tjiueza,103803.0,Right Center Midfield,35,Namibia,4980,"['0f5c2118-3cef-4628-b571-13dd4db71cdf', '403eba8d-5441-4b22-a355-5570efc2ce55', '2b92654d-de94-41ef-aa1a-5564a77a0f0d']",6,,,,,,,,,,,,,,,,,,Namibia,4980,00:15:06.113,Carry,True
,,"[98.2, 73.1]",,,,,,,,,,,4.178548,,,,,,,,,,,,3e672bb3-7f4c-4374-a649-f5d33ec75728,543,,"[64.7, 64.4]",3920417,16,,,,,,,,,,,,,,,,,,,,,,,,1,Regular Play,Prins Menelik Tjiueza,103803.0,Right Center Midfield,37,Namibia,4980,"['a0f0927e-c067-4760-8944-cb23861a69c2', '9182403e-af41-4908-a62f-0dfddca3faa0']",1,,,,,,,,,,,,,,,,,,Namibia,4980,00:16:01.293,Carry,
,,"[85.3, 69.9]",,,,,,,,,,,0.987712,,,,,,,,,,,,ebd3bb48-f2cf-49ec-a8ed-d7f309ffb13e,546,,"[85.7, 69.7]",3920417,16,,,,,,,,,,,,,,,,,,,,,,,,1,Regular Play,Deon Hotto Kavendji,64612.0,Left Midfield,37,Namibia,4980,"['dbb10aed-75e9-413d-8a74-9bc76ce1c6ee', '6b310e7e-14af-476c-8685-4d3f166f2690', 'b073f055-9593-45cb-9e3a-8e22ed90c9e0']",6,,,,,,,,,,,,,,,,,,Namibia,4980,00:16:06.839,Carry,True
,,"[83.9, 59.4]",,,,,,,,,,,2.001489,,,,,,,,,,,,37ce0f77-6aae-4b28-80fc-9baf14fb43c6,550,,"[82.5, 61.1]",3920417,16,,,,,,,,,,,,,,,,,,,,,,,,1,Regular Play,Aprocious Petrus,136406.0,Center Defensive Midfield,37,Namibia,4980,"['875964c9-d089-4d9a-b8cb-0a462a7f39ac', 'e25ade72-17f7-49b5-881f-e823cebabfc6']",8,,,,,,,,,,,,,,,,,,Namibia,4980,00:16:08.912,Carry,
,,"[85.9, 5.5]",,,,,,,,,,,4.554863,,,,,,,,,,,,f348eabe-1a7b-4c12-b3de-0dfc9b31b540,553,,"[85.1, 5.5]",3920417,16,,,,,,,,,,,,,,,,,,,,,,,,1,Regular Play,Riaan Hanamub,65555.0,Left Back,37,Namibia,4980,"['14269f32-594f-42ca-993a-eee535c20af5', '447c6ef4-b2dc-4df4-b4b4-3d451408d3fb', '29f95848-2a04-48a0-8529-98510659319a']",13,,,,,,,,,,,,,,,,,,Namibia,4980,00:16:13.277,Carry,True
,,"[76.1, 11.0]",,,,,,,,,,,1.540121,,,,,,,,,,,,7064cb33-8f76-4d4d-9d89-6f8ff7c37cc8,557,,"[77.5, 11.0]",3920417,16,,,,,,,,,,,,,,,,,,,,,,,,1,Regular Play,Aprocious Petrus,136406.0,Center Defensive Midfield,37,Namibia,4980,"['615e1b8f-0090-4698-b636-9d56f3ceb1bf', '85ea79d7-757e-422c-94f2-4601261c25f6', 'dd034e91-3f79-402b-8e3d-87d6c2c79365']",19,,,,,,,,,,,,,,,,,,Namibia,4980,00:16:19.335,Carry,True
,,"[55.6, 11.1]",,,,,,,,,,,1.359998,,,,,,,,,,,,5c269430-af92-48ba-9364-d4bcf0726034,561,,"[56.8, 9.1]",3920417,16,,,,,,,,,,,,,,,,,,,,,,,,1,Regular Play,Lubeni Haukongo,135004.0,Left Center Back,37,Namibia,4980,"['a30f4a7c-06a0-4a9a-867a-cd491e067789', '3ab8d682-5993-4123-8fa6-7f3347ac3596']",22,,,,,,,,,,,,,,,,,,Namibia,4980,00:16:22.115,Carry,
,,"[34.3, 21.3]",,,,,,,,,,,0.439996,,,,,,,,,,,,b3b830c0-682f-4409-8e4e-bd64c44ba822,564,,"[34.3, 21.3]",3920417,16,,,,,,,,,,,,,,,,,,,,,,,,1,Regular Play,Lloyd Junior Kazapua,125324.0,Goalkeeper,37,Namibia,4980,"['38096b40-997f-489a-84e6-e05b1609c93d', '37f8b4d1-030f-44ce-a967-48b01a4f6a50']",26,,,,,,,,,,,,,,,,,,Namibia,4980,00:16:26.275,Carry,
,,"[55.7, 10.0]",,,,,,,,,,,3.048179,,,,,,,,,,,,8015dd27-a060-47d8-98e5-ebfcc3eec236,567,,"[47.2, 10.5]",3920417,16,,,,,,,,,,,,,,,,,,,,,,,,1,Regular Play,Lubeni Haukongo,135004.0,Left Center Back,37,Namibia,4980,"['42196083-291e-4ced-b7bd-c4172e5d3f22', 'f2160663-f6bc-4e1f-96ea-d546ae0e74f5']",27,,,,,,,,,,,,,,,,,,Namibia,4980,00:16:27.874,Carry,
,,"[85.0, 61.0]",,,,,,,,,,,0.147953,,,,,,,,,,,,a232507a-9885-4421-8ebe-0daed54d0b21,570,,"[85.6, 60.6]",3920417,16,,,,,,,,,,,,,,,,,,,,,,,,1,Regular Play,Deon Hotto Kavendji,64612.0,Left Midfield,37,Namibia,4980,"['1753c323-4d3d-4baa-9cce-03a0c8a531dc', 'd3933758-e2ac-4aaf-b14c-735a76514eb9']",32,,,,,,,,,,,,,,,,,,Namibia,4980,00:16:32.802,Carry,
,,"[68.7, 66.9]",,,,,,,,,,,1.437751,,,,,,,,,,,,504bace5-8b6e-49cc-b0c6-05e649cb0f29,577,,"[70.0, 66.4]",3920417,16,,,,,,,,,,,,,,,,,,,,,,,,1,Regular Play,Ivan Kamberipa,103799.0,Right Back,37,Namibia,4980,"['b295fe27-a8b7-4dfd-af07-5f06b35e04e5', '04795bcf-84af-4660-8ca9-167baeb5b2b8']",38,,,,,,,,,,,,,,,,,,Namibia,4980,00:16:38.223,Carry,
,,"[92.5, 78.9]",,,,,,,,,,,0.450346,,,,,,,,,,,,3ebfc845-2390-4a37-a968-02049de16252,581,,"[90.9, 77.0]",3920417,16,,,,,,,,,,,,,,,,,,,,,,,,1,Regular Play,Deon Hotto Kavendji,64612.0,Left Midfield,37,Namibia,4980,"['46a07be7-4e33-4e19-aa26-a43feef3f35f', '054ca340-570d-4a13-a895-5ae6ee5a88c8', '82667e89-e8c5-49c2-ad63-874912a77467', 'ee78f126-e189-47d6-90db-51fc485790b5']",41,,,,,,,,,,,,,,,,,,Namibia,4980,00:16:41.452,Carry,True
,,"[13.2, 20.0]",,,,,,,,,,,0.750755,,,,,,,,,,,,1f76588a-4d7d-4b6b-a0ae-8dee93489eeb,590,,"[9.7, 23.7]",3920417,17,,,,,,,,,,,,,,,,,,,,,,,,1,Regular Play,Lassine Sinayoko,105182.0,Left Center Forward,39,Mali,4930,"['45447e73-0a1c-4d4d-b92d-1c48b280c7a0', '003bea37-3371-4858-8703-d8307c510f6b', 'a4aa8302-4219-4f11-9a5e-f4ae4ff86d30']",29,,,,,,,,,,,,,,,,,,Mali,4930,00:17:29.822,Carry,True
,,"[38.1, 11.2]",,,,,,,,,,,3.638288,,,,,,,,,,,,0718f700-5000-419a-a1a7-3186eb878bf9,595,,"[35.8, 12.0]",3920417,17,,,,,,,,,,,,,,,,,,,,,,,,1,From Free Kick,Moussa Diarra,32952.0,Left Back,40,Mali,4930,"['bc82512c-8fcc-48db-a5b5-aeff08b8887d', 'c4f47ee3-204a-46d8-b8e5-a9e06d6658f2']",59,,,,,,,,,,,,,,,,,,Mali,4930,00:17:59.544,Carry,
,,"[28.3, 20.4]",,,,,,,,,,,1.883058,,,,,,,,,,,,dfa2cd6e-cbeb-467c-9506-a84ac51439bd,598,,"[28.4, 20.1]",3920417,18,,,,,,,,,,,,,,,,,,,,,,,,1,From Free Kick,Sikou Niakate,7295.0,Left Center Back,40,Mali,4930,"['90d9a911-c999-4e92-92b7-d8211f0ad488', '513c0c7d-9c29-431a-8336-2d0ca2a87654']",4,,,,,,,,,,,,,,,,,,Mali,4930,00:18:04.300,Carry,
,,"[30.3, 62.7]",,,,,,,,,,,1.628096,,,,,,,,,,,,27e30c25-cd2a-441a-9ddb-06ae847dcf8b,601,,"[28.7, 59.5]",3920417,18,,,,,,,,,,,,,,,,,,,,,,,,1,From Free Kick,Boubakar Kouyate,23331.0,Right Center Back,40,Mali,4930,"['5918e1b4-9e13-4aa0-8c96-a1a8ea308313', 'd94d5a4d-766b-413f-906a-111ff889cc46']",7,,,,,,,,,,,,,,,,,,Mali,4930,00:18:07.574,Carry,
,,"[41.5, 70.6]",,,,,,,,,,,2.218505,,,,,,,,,,,,b2272bb5-c7b3-4f9b-b233-dc7c2489f0f4,604,,"[41.5, 73.1]",3920417,18,,,,,,,,,,,,,,,,,,,,,,,,1,From Free Kick,Hamari Traoré,3248.0,Right Back,40,Mali,4930,"['04a7e05b-40cb-46ab-a1cd-82b279d8a44b', '51f3b1f9-3fd2-4f14-b745-8712dfe590a3', '1b93d3be-0bd2-4d19-ba36-52a4dcf9d97a']",10,,,,,,,,,,,,,,,,,,Mali,4930,00:18:10.341,Carry,True
,,"[14.2, 43.2]",,,,,,,,,,,2.205234,,,,,,,,,,,,0efbca39-d581-4ac9-858b-8d944fd6e8f2,608,,"[13.6, 43.7]",3920417,18,,,,,,,,,,,,,,,,,,,,,,,,1,From Free Kick,Djigui Diarra,102992.0,Goalkeeper,40,Mali,4930,"['89172efd-461d-4b6e-a54a-3ff84223f706', 'e737633d-49fd-4632-9d15-45705ac9af59']",14,,,,,,,,,,,,,,,,,,Mali,4930,00:18:14.246,Carry,
,,"[34.4, 21.3]",,,,,,,,,,,2.746128,,,,,,,,,,,,ce584e5f-13ac-4982-b888-43161f3dc344,611,,"[22.0, 26.0]",3920417,18,,,,,,,,,,,,,,,,,,,,,,,,1,From Free Kick,Sikou Niakate,7295.0,Left Center Back,40,Mali,4930,"['e5a60360-5ad5-46fa-b455-9d357f6f4986', 'e8609f65-87c6-4262-81b0-21bca294b96d']",18,,,,,,,,,,,,,,,,,,Mali,4930,00:18:18.063,Carry,
,,"[61.7, 35.2]",,,,,,,,,,,0.38642,,,,,,,,,,,,db1e4e78-c483-4f10-845c-45b1b81ad2d6,616,,"[63.6, 33.8]",3920417,18,,,,,,,,,,,,,,,,,,,,,,,,1,Regular Play,Ngero Kaanjuka Katua,389316.0,Left Center Midfield,41,Namibia,4980,"['9cd75fbf-4dc0-4b6e-92ad-9b27694f5360', '5c5f86d0-7559-45de-b67b-60921fad6b9b', 'ff792606-4e51-4b8f-bffd-e5a464d6cf5d']",23,,,,,,,,,,,,,,,,,,Namibia,4980,00:18:23.378,Carry,True
,,"[70.6, 26.1]",,,,,,,,,,,0.04,,,,,,,,,,,,093f2a01-ba78-40ca-85e9-2766ac1c6bc5,620,,"[70.3, 26.6]",3920417,18,,,,,,,,,,,,,,,,,,,,,,,,1,Regular Play,Muzeu Bethuel,389319.0,Right Midfield,41,Namibia,4980,"['c8908e8c-a712-4e1c-b561-1463201adc86', 'c72292e0-9572-47e5-9326-d64f0640a181']",24,,,,,,,,,,,,,,,,,,Namibia,4980,00:18:24.619,Carry,
,,"[79.7, 48.8]",,,,,,,,,,,1.628379,,,,,,,,,,,,337d78f6-974d-4f8a-bce1-beae42c8995a,623,,"[75.9, 39.9]",3920417,18,,,,,,,,,,,,,,,,,,,,,,,,1,Regular Play,Prins Menelik Tjiueza,103803.0,Right Center Midfield,41,Namibia,4980,"['67d81472-98b3-47b2-bae5-ae9832872e8a', 'd81a248f-4cf1-4dfe-b058-d3bfd43bc8fc']",25,,,,,,,,,,,,,,,,,,Namibia,4980,00:18:25.516,Carry,
,,"[95.3, 67.5]",,,,,,,,,,,3.427766,,,,,,,,,,,,808681dc-185d-4794-b4af-1f0cc7aeffb6,626,,"[85.9, 68.6]",3920417,18,,,,,,,,,,,,,,,,,,,,,,,,1,Regular Play,Deon Hotto Kavendji,64612.0,Left Midfield,41,Namibia,4980,"['afdbfcee-2e94-4c7d-b163-0fc523d31cca', '3da330ea-326d-418c-b0df-e5ebeb55dd10']",28,,,,,,,,,,,,,,,,,,Namibia,4980,00:18:28.424,Carry,
,,"[112.5, 71.4]",,,,,,,,,,,0.16,,,,,,,,,,,,25acf3df-311c-4738-9c57-34ee5de2b1dd,629,,"[112.5, 71.6]",3920417,18,,,,,,,,,,,,,,,,,,,,,,,,1,Regular Play,Ivan Kamberipa,103799.0,Right Back,41,Namibia,4980,"['53e86f63-ef59-43a5-a63e-9636baa44b53', '0949f0f6-27ce-42b0-9b0d-50cb08fd3a47']",33,,,,,,,,,,,,,,,,,,Namibia,4980,00:18:33.641,Carry,
,,"[4.8, 19.5]",,,,,,,,,,,1.180678,,,,,,,,,,,,7658afc5-36ab-4d11-b760-20179b3f24a4,634,,"[3.3, 21.0]",3920417,18,,,,,,,,,,,,,,,,,,,,,,,,1,Regular Play,Moussa Diarra,32952.0,Left Back,41,Namibia,4980,"['d11b7902-ba6b-4b71-a1af-81bb28f2f2a3', '1c1d755b-a98f-4d34-8804-2af48e71916f', '645d5204-ed73-4eaa-9973-114003704113']",36,,,,,,,,,,,,,,,,,,Mali,4930,00:18:36.105,Carry,True
,,"[10.1, 15.1]",,,,,,,,,,,1.174674,,,,,,,,,,,,e1f8dd9f-f87e-4108-bad6-b7807773c6a3,639,,"[6.5, 20.1]",3920417,18,,,,,,,,,,,,,,,,,,,,,,,,1,Regular Play,Moussa Diarra,32952.0,Left Back,41,Namibia,4980,"['1f0c4298-1ce0-4ced-9f13-69cedb008166', 'e8cbd2fc-91a5-4c8d-865b-95db2c2e30de', '98f57931-a12d-4ba4-986d-2ba30810302d']",38,,,,,,,,,,,,,,,,,,Mali,4930,00:18:38.209,Carry,True
,,"[55.9, 67.0]",,,,,,,,,,,0.076015,,,,,,,,,,,,1a4f4064-7e69-4e2c-85a6-a3a105bccd2d,648,,"[56.8, 66.6]",3920417,19,,,,,,,,,,,,,,,,,,,,,,,,1,Regular Play,Deon Hotto Kavendji,64612.0,Left Midfield,43,Namibia,4980,"['16c48a8d-dace-49b8-9201-8fb349c430b3', 'a2e36041-964b-4fbf-83b1-b417b0bf5968']",15,,,,,,,,,,,,,,,,,,Namibia,4980,00:19:15.113,Carry,
,,"[108.7, 65.3]",,,,,,,,,,,2.491088,,,,,,,,,,,,78a50df5-c832-4bac-9367-5c5593ffa8be,651,,"[91.4, 63.6]",3920417,19,,,,,,,,,,,,,,,,,,,,,,,,1,Regular Play,Peter Shalulile,65723.0,Center Forward,43,Namibia,4980,"['1fae2e9c-d349-4da0-becc-7f635c8a6021', 'ac5f9d75-98e2-412a-b743-631ab9c24bb7']",18,,,,,,,,,,,,,,,,,,Namibia,4980,00:19:18.828,Carry,
,,"[115.9, 58.0]",,,,,,,,,,,2.65405,,,,,,,,,,,,37f96f24-20e1-418f-bad6-bc7981f73781,656,,"[110.7, 57.2]",3920417,19,,,,,,,,,,,,,,,,,,,,,,,,1,Regular Play,Peter Shalulile,65723.0,Center Forward,43,Namibia,4980,"['b312144b-56ed-46e0-aa54-129e77e07673', 'e0e059a0-f9b3-4f11-bafc-858c7b3c1b5b']",24,,,,,,,,,,,,,,,,,,Namibia,4980,00:19:24.723,Carry,
,,"[56.5, 6.5]",,,,,,,,,,,5.808754,,,,,,,,,,,,b44d1864-72a7-435f-b86d-18e406c00592,666,,"[35.1, 5.1]",3920417,20,,,,,,,,,,,,,,,,,,,,,,,,1,From Goal Kick,Moussa Diarra,32952.0,Left Back,44,Mali,4930,"['a459c4bb-28cf-4a6d-b181-a4dfd1044ee2', 'ae1f334b-68b4-4a33-b93d-b0354ccab760', 'c7a60d0f-e7e9-4092-a80b-848b6855ce56']",17,,,,,,,,,,,,,,,,,,Mali,4930,00:20:17.812,Carry,True
,,"[54.8, 27.6]",,,,,,,,,,,1.726843,,,,,,,,,,,,cf3d1e9b-546c-476e-99d6-3474e3b13a97,670,,"[53.4, 22.9]",3920417,20,,,,,,,,,,,,,,,,,,,,,,,,1,From Goal Kick,Yves Bissouma,4385.0,Left Defensive Midfield,44,Mali,4930,"['cf8cee91-9ce5-4de4-83c3-099e3edd2b74', 'bac5a945-0bfa-4dc3-a85f-f9b9e4f3095d']",24,,,,,,,,,,,,,,,,,,Mali,4930,00:20:24.909,Carry,
,,"[56.1, 71.0]",,,,,,,,,,,1.035421,,,,,,,,,,,,a53bce5d-0960-41f9-bfca-97f7b38b5872,673,,"[55.8, 66.5]",3920417,20,,,,,,,,,,,,,,,,,,,,,,,,1,From Goal Kick,Hamari Traoré,3248.0,Right Back,44,Mali,4930,"['7e3e0543-b5a2-43cb-ad75-1a610e8119d8', 'be7fb108-fead-41a8-b16b-71d03c3ae76f']",28,,,,,,,,,,,,,,,,,,Mali,4930,00:20:28.385,Carry,
,,"[108.4, 58.3]",,,,,,,,,,,7.056739,,,,,,,,,,,,b36fc318-7afc-4a66-bc56-0a8cfcf87209,676,,"[78.6, 77.1]",3920417,20,,,,,,,,,,,,,,,,,,,,,,,,1,From Goal Kick,Fousseni Diabaté,3710.0,Right Midfield,44,Mali,4930,"['0bee9ef1-679b-47f2-a848-f61f9ee87afb', '5f93c22b-067b-4dd6-8a5f-30c0006acbb8', 'd13dab09-e4c4-46f7-b543-98cc87fd2470']",30,,,,,,,,,,,,,,,,,,Mali,4930,00:20:30.719,Carry,True
,,"[113.6, 74.3]",,,,,,,,,,,1.730707,,,,,,,,,,,,f42cb3aa-44d6-4a39-852e-f2da441e28f8,681,,"[114.2, 72.6]",3920417,20,,,,,,,,,,,,,,,,,,,,,,,,1,From Goal Kick,Fousseni Diabaté,3710.0,Right Midfield,44,Mali,4930,"['294b2616-21d5-4ad4-8f62-bfcefaf06f41', '33acc282-45e8-485e-a197-cda9a421dcaa', '3eb5eb44-8041-4969-a8b4-68860366e444']",41,,,,,,,,,,,,,,,,,,Mali,4930,00:20:41.239,Carry,True
,,"[112.2, 72.3]",,,,,,,,,,,0.775677,,,,,,,,,,,,ab417653-7ffd-4156-b9af-7ad43bc1fac1,688,,"[114.0, 71.2]",3920417,21,,,,,,,,,,,,,,,,,,,,,,,,1,From Throw In,Fousseni Diabaté,3710.0,Right Midfield,45,Mali,4930,"['440ef5d1-3dd7-4da0-91da-87c7e0e6cf19', '2208d114-11ad-4006-96ba-c5d088452ea1', '1f5ffceb-0426-4e1e-bf2f-88fca1b4fd20']",2,,,,,,,,,,,,,,,,,,Mali,4930,00:21:02.926,Carry,True
,,"[110.6, 76.2]",,,,,,,,,,,0.198106,,,,,,,,,,,,be82283f-15a7-4dc9-85dd-9eb89bd87be6,691,,"[109.7, 76.2]",3920417,21,,,,,,,,,,,,,,,,,,,,,,,,1,From Throw In,Hamari Traoré,3248.0,Right Back,45,Mali,4930,"['95a6c0f3-0965-4bb8-a50c-495a7be35eb6', 'a3fd49ac-49ad-47e1-b3bb-d01323051a67']",4,,,,,,,,,,,,,,,,,,Mali,4930,00:21:04.151,Carry,
,,"[85.8, 74.6]",,,,,,,,,,,1.743954,,,,,,,,,,,,02af23a5-8db9-4083-9b13-cadacc08117a,694,,"[83.9, 74.9]",3920417,21,,,,,,,,,,,,,,,,,,,,,,,,1,From Throw In,Aliou Dieng,67714.0,Right Defensive Midfield,45,Mali,4930,"['7171537c-69c9-40b9-8b1d-2de276326f56', '3c335541-02bb-47a9-9999-acd4873d787a']",6,,,,,,,,,,,,,,,,,,Mali,4930,00:21:06.293,Carry,
,,"[63.6, 63.8]",,,,,,,,,,,2.73629,,,,,,,,,,,,f650effe-c2af-468b-9f18-fbeaab5324ec,697,,"[64.4, 64.0]",3920417,21,,,,,,,,,,,,,,,,,,,,,,,,1,From Throw In,Boubakar Kouyate,23331.0,Right Center Back,45,Mali,4930,"['cbb93fbe-355c-4b26-b762-81e8165a35b2', '19919a2a-48bf-4c2f-a2ae-7fcca5c30447']",9,,,,,,,,,,,,,,,,,,Mali,4930,00:21:09.582,Carry,
,,"[89.4, 75.7]",,,,,,,,,,,1.292042,,,,,,,,,,,,4e996b3d-d0ed-4087-b671-c93eeb97fd73,700,,"[90.6, 75.2]",3920417,21,,,,,,,,,,,,,,,,,,,,,,,,1,From Throw In,Hamari Traoré,3248.0,Right Back,45,Mali,4930,"['39455b5a-b6c4-4900-9169-b05121bd3385', '55f390c0-2e42-4658-8e10-e09d124ada18']",13,,,,,,,,,,,,,,,,,,Mali,4930,00:21:13.742,Carry,
,,"[88.7, 66.6]",,,,,,,,,,,0.196169,,,,,,,,,,,,4d049c8f-6a6d-43b2-8ece-fe3d160b1544,703,,"[91.7, 64.8]",3920417,21,,,,,,,,,,,,,,,,,,,,,,,,1,From Throw In,Fousseni Diabaté,3710.0,Right Midfield,45,Mali,4930,"['a4ff2c0f-abd3-4cb3-82cc-864a25ece56b', '529743a3-44a3-4922-8f0f-8f295a1653b9']",16,,,,,,,,,,,,,,,,,,Mali,4930,00:21:16.005,Carry,
,,"[107.6, 74.6]",,,,,,,,,,,2.601684,,,,,,,,,,,,b3f89a4d-786b-4f8e-9451-5ce5d8852b7a,711,,"[105.6, 76.8]",3920417,22,,,,,,,,,,,,,,,,,,,,,,,,1,From Corner,Nene Dorgeles,199653.0,Left Midfield,46,Mali,4930,"['0be5d717-8af8-40b8-83a3-be912cdac9fa', '0dffb173-5f46-4676-8c6d-8a745a169673']",8,,,,,,,,,,,,,,,,,,Mali,4930,00:22:08.828,Carry,
,,"[5.4, 23.9]",,,,,,,,,,,2.713981,,,,,,,,,,,,a8af81ac-d5a5-47e8-919b-7b7e8007e690,715,,"[7.5, 33.0]",3920417,22,,,,,,,,,,,,,,,,,,,,,,,,1,From Corner,Peter Shalulile,65723.0,Center Forward,46,Mali,4930,"['690e25d4-cb25-40e5-94dd-a51530eb7642', '705056b8-555a-4263-a2f1-62db0b487850']",12,,,,,,,,,,,,,,,,,,Namibia,4980,00:22:12.463,Carry,
,,"[35.6, 54.3]",,,,,,,,,,,2.590166,,,,,,,,,,,,7c66e083-6d54-42a2-b660-56c0276ff2e8,719,,"[41.5, 64.8]",3920417,22,,,,,,,,,,,,,,,,,,,,,,,,1,From Corner,Aliou Dieng,67714.0,Right Defensive Midfield,46,Mali,4930,"['bf6dd7ef-aa25-4d8d-9bff-06017efe1cdb', '3260b1c5-1071-4195-affd-f0c77c43e8cf']",20,,,,,,,,,,,,,,,,,,Mali,4930,00:22:20.074,Carry,
,,"[48.9, 15.1]",,,,,,,,,,,1.656543,,,,,,,,,,,,e1a4fcfa-5909-40c6-8e6a-ffbab1a65926,722,,"[43.7, 19.6]",3920417,22,,,,,,,,,,,,,,,,,,,,,,,,1,From Corner,Moussa Diarra,32952.0,Left Back,46,Mali,4930,"['b69312dc-4dfe-492d-b660-259c0403fe39', 'c18561b2-29b3-445c-a794-5084fc323e4f']",24,,,,,,,,,,,,,,,,,,Mali,4930,00:22:24.483,Carry,
,,"[57.5, 25.2]",,,,,,,,,,,1.742853,,,,,,,,,,,,eac1299a-ee31-4d5d-83da-0ce47f6a7af8,725,,"[57.5, 27.9]",3920417,22,,,,,,,,,,,,,,,,,,,,,,,,1,From Corner,Yves Bissouma,4385.0,Left Defensive Midfield,46,Mali,4930,"['494db813-33ad-45a5-8ac3-a876b851b491', 'fa4b7ea6-692e-4d8e-aaeb-e4780077f599', '12b3004f-f854-4792-98c0-6002a08e20de']",26,,,,,,,,,,,,,,,,,,Mali,4930,00:22:26.886,Carry,True
,,"[46.9, 9.8]",,,,,,,,,,,1.218481,,,,,,,,,,,,a0b95352-682f-498b-b73e-9cf3bd72fd8d,729,,"[48.9, 10.6]",3920417,22,,,,,,,,,,,,,,,,,,,,,,,,1,From Corner,Moussa Diarra,32952.0,Left Back,46,Mali,4930,"['6969ca66-641c-44e3-a160-f2d00bd770f4', 'd343aa54-1ba1-49ff-8237-15f8feb233a6']",29,,,,,,,,,,,,,,,,,,Mali,4930,00:22:29.766,Carry,
,,"[41.5, 25.4]",,,,,,,,,,,1.807871,,,,,,,,,,,,cd85fbde-719e-46cc-b260-d8483ff598d2,732,,"[41.7, 24.1]",3920417,22,,,,,,,,,,,,,,,,,,,,,,,,1,From Corner,Aliou Dieng,67714.0,Right Defensive Midfield,46,Mali,4930,"['532254dd-781a-48a1-b9de-58e77efba128', 'eb0985d4-7273-4a5b-962f-2feb18eec183']",32,,,,,,,,,,,,,,,,,,Mali,4930,00:22:32.145,Carry,
,,"[40.4, 58.5]",,,,,,,,,,,2.882663,,,,,,,,,,,,ceb43f51-3af7-459b-b151-a4c7069f1936,735,,"[39.0, 59.3]",3920417,22,,,,,,,,,,,,,,,,,,,,,,,,1,From Corner,Boubakar Kouyate,23331.0,Right Center Back,46,Mali,4930,"['ac74a77a-de8b-4bae-93c6-6f3327172f3a', '7eb9c663-8ac1-4419-b05c-60378ad0586b']",35,,,,,,,,,,,,,,,,,,Mali,4930,00:22:35.166,Carry,
,,"[40.9, 22.3]",,,,,,,,,,,3.554561,,,,,,,,,,,,c9e24889-97d3-456b-84d7-4d1f14320cdb,738,,"[35.0, 17.1]",3920417,22,,,,,,,,,,,,,,,,,,,,,,,,1,From Corner,Sikou Niakate,7295.0,Left Center Back,46,Mali,4930,"['12b3dace-513c-4389-b873-0c33d04883fe', '6fcf32e3-52a9-4715-8dad-22cdd9b424b9']",39,,,,,,,,,,,,,,,,,,Mali,4930,00:22:39.564,Carry,
,,"[46.1, 7.9]",,,,,,,,,,,1.223057,,,,,,,,,,,,b218fd96-306c-4cb7-a902-f8bd66aa2ee0,741,,"[46.4, 7.7]",3920417,22,,,,,,,,,,,,,,,,,,,,,,,,1,From Corner,Moussa Diarra,32952.0,Left Back,46,Mali,4930,"['f1f7ca9b-8c4f-4781-922b-f15905aa0ef6', 'c3368f2a-53b3-4c99-83c4-1562c176d15e']",44,,,,,,,,,,,,,,,,,,Mali,4930,00:22:44.577,Carry,
,,"[72.2, 22.3]",,,,,,,,,,,1.854319,,,,,,,,,,,,58012c90-61c5-4ae8-9644-51dba323cc6a,747,,"[73.1, 24.3]",3920417,23,,,,,,,,,,,,,,,,,,,,,,,,1,From Throw In,Youssoufou Niakaté,51750.0,Right Center Forward,47,Mali,4930,"['0df58405-710a-4e45-a4a3-a16b5ba9b2cc', 'e2d1c1f2-3f40-40b1-84c3-6a0b91a82659', 'c7f8eca3-6428-4d1e-8daf-46879560c2df']",5,,,,,,,,,,,,,,,,,,Mali,4930,00:23:05.115,Carry,True
,,"[56.5, 50.7]",,,,,,,,,,,1.63147,,,,,,,,,,,,eb2d86e5-5395-4c03-90c5-ca8d38b79987,755,,"[55.8, 46.5]",3920417,23,,,,,,,,,,,,,,,,,,,,,,,,1,From Free Kick,Boubakar Kouyate,23331.0,Right Center Back,48,Mali,4930,"['83018622-97f3-475b-88da-a4ba7e132d8a', '0e2e2114-c26b-4dcd-84df-b8b32ed0bd7d']",24,,,,,,,,,,,,,,,,,,Mali,4930,00:23:24.818,Carry,
,,"[56.4, 67.3]",,,,,,,,,,,1.057689,,,,,,,,,,,,02cf1ece-ed79-4d63-97cd-7d3885cc8e35,758,,"[55.1, 65.4]",3920417,23,,,,,,,,,,,,,,,,,,,,,,,,1,From Free Kick,Aliou Dieng,67714.0,Right Defensive Midfield,48,Mali,4930,"['c18e6e8d-7079-49a7-b0c3-85c264400714', 'e198b58b-f822-4b9b-a8b0-08110a95c279']",27,,,,,,,,,,,,,,,,,,Mali,4930,00:23:27.191,Carry,
,,"[117.5, 67.9]",,,,,,,,,,,6.930895,,,,,,,,,,,,820687bd-209d-41aa-979a-026ca65e4bbd,761,,"[72.5, 76.5]",3920417,23,,,,,,,,,,,,,,,,,,,,,,,,1,From Free Kick,Fousseni Diabaté,3710.0,Right Midfield,48,Mali,4930,"['8e861aaf-8e09-4562-8746-1e4d4681e8b5', '7101908b-8ff3-4917-b82c-34d9554f2d8b', 'd592f2b5-18d5-4ad8-9989-764b534a65fe']",29,,,,,,,,,,,,,,,,,,Mali,4930,00:23:29.314,Carry,True
,,"[33.3, 12.6]",,,,,,,,,,,0.87399,,,,,,,,,,,,59411ef4-4447-4494-bffd-98eae3bc6c85,770,,"[35.4, 13.1]",3920417,24,,,,,,,,,,,,,,,,,,,,,,,,1,From Free Kick,Moussa Diarra,32952.0,Left Back,48,Mali,4930,"['50760ef3-0a13-4e7b-8801-3bf63f1c67de', 'd94cfc63-c84a-4ef1-b467-b3d75d48945f']",5,,,,,,,,,,,,,,,,,,Mali,4930,00:24:05.169,Carry,
,,"[24.0, 15.1]",,,,,,,,,,,0.114597,,,,,,,,,,,,afd2a5d6-39a0-4c47-901d-994b63df33d3,773,,"[24.0, 15.1]",3920417,24,,,,,,,,,,,,,,,,,,,,,,,,1,From Free Kick,Sikou Niakate,7295.0,Left Center Back,48,Mali,4930,"['c9d2865a-1db4-4fe0-a456-20ba56bb8f3f', 'dfa51a39-ed21-48b4-8a38-e455db376d87']",6,,,,,,,,,,,,,,,,,,Mali,4930,00:24:06.903,Carry,
,,"[63.6, 17.0]",,,,,,,,,,,1.744659,,,,,,,,,,,,f45f29f7-e163-4863-a76f-e7286ae71be1,777,,"[55.4, 17.4]",3920417,24,,,,,,,,,,,,,,,,,,,,,,,,1,From Free Kick,Youssoufou Niakaté,51750.0,Right Center Forward,48,Mali,4930,"['83e952f5-f9a1-4f1b-af1e-e2a067f3896a', '7f40dc4f-557a-4911-b358-b2214a477a3e', '68360ada-566d-4645-836b-c33eccba0c51']",8,,,,,,,,,,,,,,,,,,Mali,4930,00:24:08.272,Carry,True
,,"[57.8, 73.6]",,,,,,,,,,,1.777309,,,,,,,,,,,,d65153f6-7d7e-493e-a1a2-9acbcc4b443a,780,,"[56.5, 63.1]",3920417,24,,,,,,,,,,,,,,,,,,,,,,,,1,Regular Play,Aprocious Petrus,136406.0,Center Defensive Midfield,49,Namibia,4980,"['9a7eb2de-7d3e-46ee-95d3-324a29237df2', 'a8eeacf0-42ef-4140-aa4a-53ea93e82cb6', 'f357c612-a88a-4e5c-a838-7940a15df0f2']",10,,,,,,,,,,,,,,,,,,Namibia,4980,00:24:10.017,Carry,True
,,"[67.0, 67.7]",,,,,,,,,,,0.774223,,,,,,,,,,,,8800402c-3d80-47d3-a953-6e240b67d8ec,785,,"[67.5, 67.5]",3920417,24,,,,,,,,,,,,,,,,,,,,,,,,1,Regular Play,Deon Hotto Kavendji,64612.0,Left Midfield,49,Namibia,4980,"['0d308e5f-43d3-475a-ab91-9deae0c92978', '2be7ea3c-7be0-4c79-b28f-bb6a07246ece', 'e404599f-4729-41d1-a9e6-e52eeaea3bc3']",12,,,,,,,,,,,,,,,,,,Namibia,4980,00:24:12.648,Carry,True
,,"[61.4, 75.0]",,,,,,,,,,,0.045507,,,,,,,,,,,,c645dcf4-5ea5-4a69-8e9a-fd994346f5c1,788,,"[61.4, 74.7]",3920417,24,,,,,,,,,,,,,,,,,,,,,,,,1,Regular Play,Aprocious Petrus,136406.0,Center Defensive Midfield,49,Namibia,4980,"['8ff62ab3-72f9-4e31-90fd-3f9e55d10f23', '161548f3-9c60-4b08-8015-76ebe0068d51', '99a28660-0f3b-481d-b56d-c44bdcde7128']",13,,,,,,,,,,,,,,,,,,Namibia,4980,00:24:13.889,Carry,True
,,"[71.8, 66.6]",,,,,,,,,,,0.159999,,,,,,,,,,,,984ac3c1-23ff-4747-8e78-63d056dca535,793,,"[72.0, 66.4]",3920417,24,,,,,,,,,,,,,,,,,,,,,,,,1,Regular Play,Prins Menelik Tjiueza,103803.0,Right Center Midfield,49,Namibia,4980,"['5c0fbd9e-1501-43ac-b9b8-17eb5fd63f97', '0b6ca705-3683-476d-bf39-bc6b9551723c']",14,,,,,,,,,,,,,,,,,,Namibia,4980,00:24:14.789,Carry,
,,"[64.5, 21.6]",,,,,,,,,,,0.078501,,,,,,,,,,,,eb62ee08-4266-41bb-9b9a-bcc023d9841e,805,,"[64.7, 20.9]",3920417,24,,,,,,,,,,,,,,,,,,,,,,,,1,From Throw In,Aliou Dieng,67714.0,Right Defensive Midfield,51,Mali,4930,"['14172149-126b-4d8b-8caf-40182243d4d1', 'ed07160a-781e-43ca-bd21-c109211ec58e', 'a6f282e2-67a8-4f61-b1b4-973ba1e20758']",49,,,,,,,,,,,,,,,,,,Mali,4930,00:24:49.843,Carry,True
,,"[48.6, 53.4]",,,,,,,,,,,3.391576,,,,,,,,,,,,7870eb57-4bc8-466a-aa49-2cfbdf4b4aca,808,,"[48.6, 32.1]",3920417,24,,,,,,,,,,,,,,,,,,,,,,,,1,From Throw In,Boubakar Kouyate,23331.0,Right Center Back,51,Mali,4930,"['85254b23-e6e4-4b45-b1dd-d7c4c3ed29ff', 'b919adda-0d43-4c54-9a4e-3c1b9a39453d']",51,,,,,,,,,,,,,,,,,,Mali,4930,00:24:51.434,Carry,
,,"[76.4, 74.6]",,,,,,,,,,,2.135203,,,,,,,,,,,,7027611d-defe-409c-830f-d72f0c76b12e,811,,"[72.2, 75.1]",3920417,24,,,,,,,,,,,,,,,,,,,,,,,,1,From Throw In,Fousseni Diabaté,3710.0,Right Midfield,51,Mali,4930,"['7b4315d2-6507-4357-8bcf-28503c79f5e3', 'ba09ae3d-db27-4bc4-89c9-bd7db8aefe28']",56,,,,,,,,,,,,,,,,,,Mali,4930,00:24:56.565,Carry,
,,"[72.5, 66.3]",,,,,,,,,,,1.082776,,,,,,,,,,,,05efb0fb-9809-41d6-953c-8289df52e38c,814,,"[72.5, 66.3]",3920417,24,,,,,,,,,,,,,,,,,,,,,,,,1,From Throw In,Aliou Dieng,67714.0,Right Defensive Midfield,51,Mali,4930,"['8130bb43-0897-4aaf-b371-f12364c99ab5', '5a935cdc-4ea5-44d0-92c0-ce94bf412511']",59,,,,,,,,,,,,,,,,,,Mali,4930,00:24:59.820,Carry,
,,"[78.7, 75.6]",,,,,,,,,,,1.11815,,,,,,,,,,,,3a2397b0-8178-425e-bd63-8f672b277cc7,818,,"[78.7, 76.2]",3920417,25,,,,,,,,,,,,,,,,,,,,,,,,1,From Throw In,Fousseni Diabaté,3710.0,Right Midfield,51,Mali,4930,"['a506c77e-c190-4351-af98-7d2224199f6f', '54015daf-8c98-4a73-86c4-739218d7c161', '6982089e-288d-4ae2-9ad2-00b0c0c2223d']",1,,,,,,,,,,,,,,,,,,Mali,4930,00:25:01.679,Carry,True
,,"[64.4, 72.0]",,,,,,,,,,,3.158526,,,,,,,,,,,,3bf0540e-91fc-44d7-be21-e1e9c409ec9a,821,,"[67.8, 71.8]",3920417,25,,,,,,,,,,,,,,,,,,,,,,,,1,From Throw In,Aliou Dieng,67714.0,Right Defensive Midfield,51,Mali,4930,"['a8f5f675-1439-4c21-a368-053140bfb89a', 'c62c76e0-cce3-4a14-81d8-3bf4ab17793f']",3,,,,,,,,,,,,,,,,,,Mali,4930,00:25:03.533,Carry,
,,"[70.8, 64.6]",,,,,,,,,,,0.178056,,,,,,,,,,,,fda30acb-0bf3-4880-857f-43c6475376cd,824,,"[70.4, 64.8]",3920417,25,,,,,,,,,,,,,,,,,,,,,,,,1,From Throw In,Hamari Traoré,3248.0,Right Back,51,Mali,4930,"['22e22e96-f7d0-4ffd-9cef-c493881c42b3', '4b857a47-284e-4473-8dd2-1c0383f85b61']",7,,,,,,,,,,,,,,,,,,Mali,4930,00:25:07.492,Carry,
,,"[49.2, 62.7]",,,,,,,,,,,2.336255,,,,,,,,,,,,13e01c98-549d-465d-90df-d859c917a425,827,,"[50.6, 69.0]",3920417,25,,,,,,,,,,,,,,,,,,,,,,,,1,From Throw In,Boubakar Kouyate,23331.0,Right Center Back,51,Mali,4930,"['a5672252-911c-49f2-b2ad-4b547d6fab9d', '0b38a19e-fb20-4c66-a172-d5183c3e9875']",8,,,,,,,,,,,,,,,,,,Mali,4930,00:25:08.994,Carry,
,,"[57.0, 58.1]",,,,,,,,,,,0.090560004,,,,,,,,,,,,5cc68dc8-a4d1-4089-ab5c-9016f484ed2e,831,,"[57.0, 59.0]",3920417,25,,,,,,,,,,,,,,,,,,,,,,,,1,From Throw In,Yves Bissouma,4385.0,Left Defensive Midfield,51,Mali,4930,"['b8842f70-2094-42ce-9e23-5ffc49d3b336', '93d6aef6-2fe4-474d-81eb-7dab0d64e445', 'a830da94-fdde-4055-bb99-a367a8ea597b']",12,,,,,,,,,,,,,,,,,,Mali,4930,00:25:12.114,Carry,True
,,"[47.9, 62.6]",,,,,,,,,,,0.516604,,,,,,,,,,,,33d3d7b7-842b-4648-bad3-c94a9dc6f1d9,834,,"[48.6, 61.3]",3920417,25,,,,,,,,,,,,,,,,,,,,,,,,1,From Throw In,Boubakar Kouyate,23331.0,Right Center Back,51,Mali,4930,"['f39a2655-ec33-4654-bbab-684589572d11', '9a017c3c-ef01-4889-ab76-e39843ed8c9c']",13,,,,,,,,,,,,,,,,,,Mali,4930,00:25:13.043,Carry,
,,"[49.5, 74.3]",,,,,,,,,,,2.007422,,,,,,,,,,,,b67335f2-e681-4018-8176-1a0d36b89ba5,837,,"[48.7, 72.9]",3920417,25,,,,,,,,,,,,,,,,,,,,,,,,1,From Throw In,Aliou Dieng,67714.0,Right Defensive Midfield,51,Mali,4930,"['b4d91215-0457-4f6e-96a9-a512341c7f16', '8e63e1f0-0fbb-4bb6-b258-d1d8a31efbce', 'c4ff8875-bce3-486d-923b-49d0ac31cacd']",14,,,,,,,,,,,,,,,,,,Mali,4930,00:25:14.502,Carry,True
,,"[60.2, 78.6]",,,,,,,,,,,1.471585,,,,,,,,,,,,526f3240-4296-429d-ac63-a7afc4d7f709,842,,"[63.6, 75.6]",3920417,25,,,,,,,,,,,,,,,,,,,,,,,,1,From Throw In,Fousseni Diabaté,3710.0,Right Midfield,51,Mali,4930,"['6aafc689-312c-4cf3-9d40-2305971e1e50', '280006cb-156b-4cf2-94b7-9f0f51db58cc', 'c3abd1c3-0bb9-4c2d-9c95-914c69476796', '3fa19da4-37a3-4c56-8221-2f5bd4bd8a28']",18,,,,,,,,,,,,,,,,,,Mali,4930,00:25:18.008,Carry,True
,,"[43.1, 42.6]",,,,,,,,,,,1.217749,,,,,,,,,,,,8fff3afc-b4c1-4ebd-b305-7a73a497d525,849,,"[44.4, 43.7]",3920417,25,,,,,,,,,,,,,,,,,,,,,,,,1,From Free Kick,Sikou Niakate,7295.0,Left Center Back,52,Mali,4930,"['ec1b7aa3-a114-4410-8f5b-29d2fe9539a9', 'f40345c7-d17b-4c25-9ad0-7696faf6732f']",40,,,,,,,,,,,,,,,,,,Mali,4930,00:25:40.437,Carry,
,,"[55.3, 20.9]",,,,,,,,,,,1.960045,,,,,,,,,,,,5ac8a348-2309-4bf6-81aa-cc658910c948,852,,"[52.2, 21.3]",3920417,25,,,,,,,,,,,,,,,,,,,,,,,,1,From Free Kick,Moussa Diarra,32952.0,Left Back,52,Mali,4930,"['ad51b061-b280-4c32-85a1-ed6277349524', '5f5e809b-bd78-4260-b71d-e0dd9dc9be3e']",42,,,,,,,,,,,,,,,,,,Mali,4930,00:25:42.823,Carry,
,,"[55.4, 28.5]",,,,,,,,,,,0.184237,,,,,,,,,,,,c6bdd84b-abc0-48fe-ba64-df616a72c8e9,855,,"[54.2, 29.1]",3920417,25,,,,,,,,,,,,,,,,,,,,,,,,1,From Free Kick,Yves Bissouma,4385.0,Left Defensive Midfield,52,Mali,4930,"['befca66f-3161-42ed-99c6-7d3cd2e9ae59', '0525a18c-b565-4874-93ba-bfd102e9a22f']",45,,,,,,,,,,,,,,,,,,Mali,4930,00:25:45.672,Carry,
,,"[55.4, 5.1]",,,,,,,,,,,1.547989,,,,,,,,,,,,1b8e339d-92d3-4a66-8ab7-2b26de0c6c56,858,,"[56.4, 13.5]",3920417,25,,,,,,,,,,,,,,,,,,,,,,,,1,From Free Kick,Moussa Diarra,32952.0,Left Back,52,Mali,4930,"['e8a26bf4-84ad-45eb-aee8-b179c93ac897', '00ce75bc-d6aa-4fa9-8140-bd1ee724a530']",46,,,,,,,,,,,,,,,,,,Mali,4930,00:25:46.869,Carry,
,,"[36.1, 75.6]",,,,,,,,,,,1.109518,,,,,,,,,,,,8a5da209-dc9c-47fd-b395-af8fd5040ba6,862,,"[35.9, 75.0]",3920417,25,,,,,,,,,,,,,,,,,,,,,,,,1,Regular Play,Ivan Kamberipa,103799.0,Right Back,53,Namibia,4980,"['3b2b5bf0-5e0b-42f8-b88b-058e8ed90a6d', '058596f5-19f8-407e-b2f6-71919fad5729', '62793f34-7045-47f9-9ecc-8500d13cacb4']",50,,,,,,,,,,,,,,,,,,Namibia,4980,00:25:50.518,Carry,True
,,"[41.5, 67.0]",,,,,,,,,,,0.039999,,,,,,,,,,,,ebffd2ed-27b8-40e5-b380-daafc426e4b2,867,,"[42.8, 67.5]",3920417,25,,,,,,,,,,,,,,,,,,,,,,,,1,Regular Play,Aprocious Petrus,136406.0,Center Defensive Midfield,53,Namibia,4980,"['9dbbf0f7-6210-45bd-9df8-8d7183313ca4', '301ff247-cc7e-4842-a54b-0f0d9a85db2b']",52,,,,,,,,,,,,,,,,,,Namibia,4980,00:25:52.332,Carry,
,,"[45.3, 9.9]",,,,,,,,,,,1.324427,,,,,,,,,,,,038a1b99-055f-4076-b19d-0240fb086028,877,,"[45.3, 9.9]",3920417,26,,,,,,,,,,,,,,,,,,,,,,,,1,Regular Play,Moussa Diarra,32952.0,Left Back,54,Mali,4930,"['5a6e79d5-a87f-4a00-b7cf-155560a05e06', '3a2aa02a-3e1b-4281-bd6e-4d4b88c21244']",6,,,,,,,,,,,,,,,,,,Mali,4930,00:26:06.110,Carry,
,,"[32.6, 12.6]",,,,,,,,,,,1.508536,,,,,,,,,,,,8bed29eb-8d63-40ef-b4f0-e734d61742d6,880,,"[30.4, 13.8]",3920417,26,,,,,,,,,,,,,,,,,,,,,,,,1,Regular Play,Sikou Niakate,7295.0,Left Center Back,54,Mali,4930,"['658b7417-8664-4c38-a928-4021ee9d283a', 'd5e12ccf-7af8-4543-bb98-e43e2fdfa83f']",8,,,,,,,,,,,,,,,,,,Mali,4930,00:26:08.542,Carry,
,,"[98.3, 26.0]",,,,,,,,,,,0.651796,,,,,,,,,,,,179e626f-37ac-41cc-924b-493a41188174,884,,"[92.3, 27.0]",3920417,26,,,,,,,,,,,,,,,,,,,,,,,,1,Regular Play,Youssoufou Niakaté,51750.0,Right Center Forward,54,Mali,4930,"['0d10c786-bb54-4e1a-97a9-5261caa18a72', 'f4e290a7-716b-4a62-bb2a-41249846930b', 'a7150ff9-9a2f-415c-86f7-9195e1e48cfa']",13,,,,,,,,,,,,,,,,,,Mali,4930,00:26:13.510,Carry,True
,,"[21.0, 54.1]",,,,,,,,,,,0.46183,,,,,,,,,,,,23cdc60f-66b3-47d0-83ef-0dcdb147fd0e,887,,"[21.8, 54.1]",3920417,26,,,,,,,,,,,,,,,,,,,,,,,,1,Regular Play,Lubeni Haukongo,135004.0,Left Center Back,54,Mali,4930,"['5f2e7928-06b0-4118-8e39-5f037e859c39', '11daacf4-1cc5-4695-bcd3-e3a9c2b03e89']",14,,,,,,,,,,,,,,,,,,Namibia,4980,00:26:14.162,Carry,
,,"[114.0, 13.5]",,,,,,,,,,,0.995103,,,,,,,,,,,,7021741f-ff3d-46e0-bef8-cd681854af06,891,,"[113.4, 14.5]",3920417,26,,,,,,,,,,,,,,,,,,,,,,,,1,From Throw In,Lassine Sinayoko,105182.0,Left Center Forward,55,Mali,4930,"['552c2c06-c949-40df-a3a1-de64c89bd510', '45655c79-bf5f-40c8-a517-161bf80cc3dd', 'b4180551-b357-416a-893a-79dbb8f653e5']",41,,,,,,,,,,,,,,,,,,Mali,4930,00:26:41.684,Carry,True
,,"[113.3, 19.6]",,,,,,,,,,,3.313709,,,,,,,,,,,,8a90492f-f3ab-4c40-a50e-629e7749b1aa,895,,"[114.0, 13.5]",3920417,26,,,,,,,,,,,,,,,,,,,,,,,,1,From Throw In,Lassine Sinayoko,105182.0,Left Center Forward,55,Mali,4930,"['3186fce4-0722-4060-9618-bb21e7b38eac', '63beb68f-d5d0-4fa3-9442-64df2253ced4', '552c2c06-c949-40df-a3a1-de64c89bd510', '81e42ce1-75f9-41d5-8920-2579e38223ed', '45655c79-bf5f-40c8-a517-161bf80cc3dd']",42,,,,,,,,,,,,,,,,,,Mali,4930,00:26:42.679,Carry,True
,,"[97.2, 13.5]",,,,,,,,,,,0.626501,,,,,,,,,,,,8a93199b-08a6-4a52-8bff-aca08087b92e,900,,"[97.8, 16.5]",3920417,26,,,,,,,,,,,,,,,,,,,,,,,,1,From Throw In,Yves Bissouma,4385.0,Left Defensive Midfield,55,Mali,4930,"['331d477d-8931-4ae7-a81c-d0919cca98f8', 'b6119650-d499-4643-a971-66026cadb30b']",47,,,,,,,,,,,,,,,,,,Mali,4930,00:26:47.608,Carry,
,,"[76.9, 20.2]",,,,,,,,,,,0.469969,,,,,,,,,,,,5302ef2e-3eee-40ed-b7ed-2822a9292c83,903,,"[78.6, 18.7]",3920417,26,,,,,,,,,,,,,,,,,,,,,,,,1,From Throw In,Sikou Niakate,7295.0,Left Center Back,55,Mali,4930,"['daa68a09-e940-4c32-9024-919c12eeb736', '9629a1c7-0370-41ab-891b-d25fe7b3098e']",49,,,,,,,,,,,,,,,,,,Mali,4930,00:26:49.819,Carry,
,,"[71.5, 50.4]",,,,,,,,,,,1.497248,,,,,,,,,,,,1842193e-7c21-45a3-9988-59ff89cf543f,906,,"[66.9, 47.4]",3920417,26,,,,,,,,,,,,,,,,,,,,,,,,1,From Throw In,Boubakar Kouyate,23331.0,Right Center Back,55,Mali,4930,"['afd87376-a713-4e2a-933d-46ebdeb50d18', '778f0ea3-08c8-44da-b781-364a3af3a00a']",52,,,,,,,,,,,,,,,,,,Mali,4930,00:26:52.230,Carry,
,,"[71.7, 67.7]",,,,,,,,,,,1.006392,,,,,,,,,,,,33d00ac2-fa99-4ab7-8546-8631bb6c3c1c,909,,"[70.9, 66.6]",3920417,26,,,,,,,,,,,,,,,,,,,,,,,,1,From Throw In,Hamari Traoré,3248.0,Right Back,55,Mali,4930,"['5d013a97-8814-4edf-9fb5-f892566c16de', '46d3cad0-f451-4b9d-96ff-eb600669ec59']",55,,,,,,,,,,,,,,,,,,Mali,4930,00:26:55.004,Carry,
,,"[104.0, 65.2]",,,,,,,,,,,0.374166,,,,,,,,,,,,9d12e606-e2fd-4e34-bfa6-577291baef74,913,,"[101.5, 64.8]",3920417,26,,,,,,,,,,,,,,,,,,,,,,,,1,From Throw In,Youssoufou Niakaté,51750.0,Right Center Forward,55,Mali,4930,"['34cc95c1-921f-4ec0-ac41-1a5c39b8a9e8', '137ae59c-4755-4bc8-8bec-9dd8ebf086e2', 'dda67ca9-9742-4171-b5ab-e4948f19b8c4']",57,,,,,,,,,,,,,,,,,,Mali,4930,00:26:57.834,Carry,True
,,"[105.6, 60.9]",,,,,,,,,,,0.829956,,,,,,,,,,,,b0f1a026-7102-4f8c-9baa-4b6cfe7fbed8,918,,"[105.0, 66.6]",3920417,26,,,,,,,,,,,,,,,,,,,,,,,,1,From Throw In,Youssoufou Niakaté,51750.0,Right Center Forward,55,Mali,4930,"['8745a6b3-a022-4ed2-ada5-34562fd6cad8', 'efc5763f-1c1e-4f7f-9f22-60e4c2a0c3fb', 'c55c7335-59dd-4910-b06e-6ee3099975ee']",59,,,,,,,,,,,,,,,,,,Mali,4930,00:26:59.963,Carry,True
,,"[41.4, 10.4]",,,,,,,,,,,0.401068,,,,,,,,,,,,1cc481a8-debb-455e-ac8d-3c3fb996022a,929,,"[43.0, 11.5]",3920417,27,,,,,,,,,,,,,,,,,,,,,,,,1,Regular Play,Moussa Diarra,32952.0,Left Back,57,Mali,4930,"['5b9ed35b-6033-4f53-92bd-ab6e8edeecd3', 'a3beb902-4978-4c40-baaa-68ffbb945c5a', 'c2f53083-73fb-44c9-b87e-67e4bb3e9658']",49,,,,,,,,,,,,,,,,,,Mali,4930,00:27:49.790,Carry,True
,,"[57.0, 21.0]",,,,,,,,,,,1.898152,,,,,,,,,,,,312e02df-1f26-45f1-b746-047d3836194a,933,,"[50.0, 20.7]",3920417,27,,,,,,,,,,,,,,,,,,,,,,,,1,Regular Play,Yves Bissouma,4385.0,Left Defensive Midfield,57,Mali,4930,"['e6cf0dde-41ee-4df8-9b1c-cf438dd01dbd', '8415ebc8-2a7e-4086-8b98-047aa11eb2fa']",51,,,,,,,,,,,,,,,,,,Mali,4930,00:27:51.302,Carry,
,,"[48.7, 29.3]",,,,,,,,,,,1.125609,,,,,,,,,,,,e5ba9a59-c0d6-4ab4-8de1-86ea674260ee,936,,"[48.9, 28.1]",3920417,27,,,,,,,,,,,,,,,,,,,,,,,,1,Regular Play,Aliou Dieng,67714.0,Right Defensive Midfield,57,Mali,4930,"['ae328e5e-0931-4ee5-ae3d-799194718880', '1c80c5d1-3155-4fd8-b5dc-cba859cc33fd']",53,,,,,,,,,,,,,,,,,,Mali,4930,00:27:53.952,Carry,
,,"[71.9, 70.6]",,,,,,,,,,,3.091183,,,,,,,,,,,,c6fd6e8e-9191-44ca-b33d-47f0517f6995,939,,"[50.6, 70.4]",3920417,27,,,,,,,,,,,,,,,,,,,,,,,,1,Regular Play,Boubakar Kouyate,23331.0,Right Center Back,57,Mali,4930,"['ec42b519-1efd-4d9a-952b-3bbe9bed752c', 'b01e0e85-0939-4352-a37d-372884663c62', '4d44dd44-c24d-4012-92fa-af81d176d73d']",56,,,,,,,,,,,,,,,,,,Mali,4930,00:27:56.654,Carry,True
,,"[84.5, 64.0]",,,,,,,,,,,5.174856,,,,,,,,,,,,046cfd08-5504-4b9b-a884-e7fe6fd51697,943,,"[77.6, 76.5]",3920417,28,,,,,,,,,,,,,,,,,,,,,,,,1,Regular Play,Fousseni Diabaté,3710.0,Right Midfield,57,Mali,4930,"['b56c2bb7-1c89-4c38-87cc-41a466322a52', 'ec42b519-1efd-4d9a-952b-3bbe9bed752c', '30129bf4-b3fd-463a-8551-5d08b910820c', '5b42ffc5-2d32-4509-b883-78e96b8ef9d2']",0,,,,,,,,,,,,,,,,,,Mali,4930,00:28:00.428,Carry,True
,,"[42.0, 58.8]",,,,,,,,,,,1.570248,,,,,,,,,,,,da6bff71-c43f-4a2c-9cc2-28e5047a2952,962,,"[41.4, 60.6]",3920417,31,,,,,,,,,,,,,,,,,,,,,,,,1,Regular Play,Ivan Kamberipa,103799.0,Right Back,60,Namibia,4980,"['e1d1cb7a-0930-473f-be15-53181a85f068', '09414eb8-e041-4960-981c-d2720d6f4406', '39e3adc4-f066-4765-8f1c-45e1c53530b1']",17,,,,,,,,,,,,,,,,,,Namibia,4980,00:31:17.812,Carry,True
,,"[34.3, 58.1]",,,,,,,,,,,0.04,,,,,,,,,,,,d44e13b3-a424-4438-a366-1a3e136f7f03,967,,"[32.3, 56.6]",3920417,31,,,,,,,,,,,,,,,,,,,,,,,,1,Regular Play,Kennedy Amutenya,264381.0,Right Center Back,60,Namibia,4980,"['879bd373-ad74-4b3d-bdae-b5cd2a3ebf20', 'dca68188-1139-4f3a-ac5b-c7ff38681abf', '0e1ce664-051e-4ffd-b162-a41915ce2a41']",20,,,,,,,,,,,,,,,,,,Namibia,4980,00:31:20.552,Carry,True
,,"[112.3, 59.7]",,,,,,,,,,,1.640586,,,,,,,,,,,,3e0ad036-9afd-4978-af31-bc89a3d83df4,973,,"[112.5, 60.6]",3920417,31,,,,,,,,,,,,,,,,,,,,,,,,1,From Throw In,Peter Shalulile,65723.0,Center Forward,61,Namibia,4980,"['78b56689-f2cf-4083-9106-0d8d3e14015d', '9b6a45b0-77bf-470d-9eb4-92c203da649d', 'f5575b6e-3f26-47f5-ae5b-9ec00e011153']",45,,,,,,,,,,,,,,,,,,Namibia,4980,00:31:45.051,Carry,True
,,"[113.7, 4.4]",,,,,,,,,,,0.075951,,,,,,,,,,,,44b8e074-db3c-4729-8edd-bc63f7544733,982,,"[111.1, 6.6]",3920417,33,,,,,,,,,,,,,,,,,,,,,,,,1,From Throw In,Peter Shalulile,65723.0,Center Forward,63,Namibia,4980,"['ca3b4737-1e21-4f40-9b34-0d0cdbc15515', '99d356d4-28cb-4142-b23b-f21fc31a8f71']",3,,,,,,,,,,,,,,,,,,Namibia,4980,00:33:03.626,Carry,
,,"[104.0, 3.9]",,,,,,,,,,,3.117227,,,,,,,,,,,,86dec2e6-ade5-4c8e-9e2a-5cea00530b58,990,,"[113.2, 4.5]",3920417,33,,,,,,,,,,,,,,,,,,,,,,,,1,From Throw In,Deon Hotto Kavendji,64612.0,Left Midfield,64,Namibia,4980,"['04e584c7-db26-4264-8481-334ba138085b', 'a6b42c9f-8edc-4094-acb6-f679f2672bf2', 'f03e3b98-1725-4acc-86a2-94b5cfdf5420']",15,,,,,,,,,,,,,,,,,,Namibia,4980,00:33:15.192,Carry,True
,,"[97.0, 5.8]",,,,,,,,,,,0.159999,,,,,,,,,,,,f6d7fbb3-0346-41d8-9542-dc28e6106a85,993,,"[97.0, 5.8]",3920417,33,,,,,,,,,,,,,,,,,,,,,,,,1,From Throw In,Riaan Hanamub,65555.0,Left Back,64,Namibia,4980,"['9512b047-468d-44e7-a87d-e1718782e869', '1018f784-2866-4225-a563-2d6f0a93521d']",19,,,,,,,,,,,,,,,,,,Namibia,4980,00:33:19.673,Carry,
,,"[73.4, 7.8]",,,,,,,,,,,1.236065,,,,,,,,,,,,3cdabe4b-c632-42f5-8bad-8dc02db0aa19,999,,"[75.4, 6.9]",3920417,33,,,,,,,,,,,,,,,,,,,,,,,,1,From Throw In,Lubeni Haukongo,135004.0,Left Center Back,65,Namibia,4980,"['2c72cf67-30ce-4376-834c-9c83a77e0c97', '89079be6-bdf4-436f-9906-8511be01beda', '721e2cc9-7aee-474f-8fb5-de56e2a67c13']",45,,,,,,,,,,,,,,,,,,Namibia,4980,00:33:45.071,Carry,True
,,"[55.6, 30.6]",,,,,,,,,,,1.466444,,,,,,,,,,,,110a9de2-9ef4-4f18-8810-c3f78472cedd,1003,,"[53.9, 24.1]",3920417,33,,,,,,,,,,,,,,,,,,,,,,,,1,From Throw In,Kennedy Amutenya,264381.0,Right Center Back,65,Namibia,4980,"['6a12f2cf-0825-4cb7-8413-bc5cc2027821', '578727bf-71ff-48ae-abbc-cc4ca104ec60']",48,,,,,,,,,,,,,,,,,,Namibia,4980,00:33:48.787,Carry,
,,"[35.8, 6.3]",,,,,,,,,,,0.328679,,,,,,,,,,,,24dcaa45-e0aa-40d4-9d22-ad2dad96981c,1012,,"[34.4, 6.3]",3920417,34,,,,,,,,,,,,,,,,,,,,,,,,1,From Free Kick,Moussa Diarra,32952.0,Left Back,66,Mali,4930,"['f7b8dc4a-50e5-4398-9d64-74d17230e031', 'ba5a0ca2-ec94-4ead-a9c9-0eb1f3acdee5']",16,,,,,,,,,,,,,,,,,,Mali,4930,00:34:16.994,Carry,
,,"[56.5, 16.8]",,,,,,,,,,,3.582314,,,,,,,,,,,,0207c67d-ecca-49d5-bbde-b9f3c8ad5400,1016,,"[35.6, 9.1]",3920417,34,,,,,,,,,,,,,,,,,,,,,,,,1,From Free Kick,Moussa Diarra,32952.0,Left Back,66,Mali,4930,"['5a0341a9-ac63-44e2-a3cf-9d71aea0a4d1', '3f7200aa-b897-4c56-adf2-cbb02b030129', '739fd2b2-780f-4694-acc7-2b12374f9206']",19,,,,,,,,,,,,,,,,,,Mali,4930,00:34:19.017,Carry,True
,,"[70.4, 9.8]",,,,,,,,,,,0.205813,,,,,,,,,,,,dd131294-ea61-4c2b-b806-d2563a5fd449,1021,,"[69.2, 9.3]",3920417,34,,,,,,,,,,,,,,,,,,,,,,,,1,From Free Kick,Youssoufou Niakaté,51750.0,Right Center Forward,66,Mali,4930,"['f7371fcf-47a0-4905-acd7-5c1d83cc9eed', 'ec3e167e-0521-4445-a3f9-9869361033fb']",24,,,,,,,,,,,,,,,,,,Mali,4930,00:34:24.374,Carry,
,,"[70.8, 5.1]",,,,,,,,,,,1.428449,,,,,,,,,,,,7734e948-88c6-4239-8d73-c177da0bd144,1024,,"[68.4, 4.5]",3920417,34,,,,,,,,,,,,,,,,,,,,,,,,1,From Free Kick,Nene Dorgeles,199653.0,Left Midfield,66,Mali,4930,"['279a81ea-f461-454c-bb6c-410ee54fa4a4', '41c32a20-3f7c-4253-b704-22b8ae6d8a2d', '100b90d9-1b59-4d06-93da-6f0c40c49dfe']",25,,,,,,,,,,,,,,,,,,Mali,4930,00:34:25.310,Carry,True
,,"[53.7, 20.4]",,,,,,,,,,,1.766237,,,,,,,,,,,,b7538b09-205a-42df-8b08-3d80db4b47aa,1028,,"[55.1, 16.5]",3920417,34,,,,,,,,,,,,,,,,,,,,,,,,1,From Free Kick,Yves Bissouma,4385.0,Left Defensive Midfield,66,Mali,4930,"['f9107720-c3f6-44ed-a8ba-88362c2917aa', '3c94bdec-2a5c-4544-8cfa-ffab11f15d80']",28,,,,,,,,,,,,,,,,,,Mali,4930,00:34:28.258,Carry,
,,"[60.6, 67.4]",,,,,,,,,,,4.056045,,,,,,,,,,,,89c7d6e9-e208-49f7-8204-29ff6465a4b9,1031,,"[51.2, 69.8]",3920417,34,,,,,,,,,,,,,,,,,,,,,,,,1,From Free Kick,Hamari Traoré,3248.0,Right Back,66,Mali,4930,"['da7147a1-2271-4dc9-8b7a-83d87421069b', '3ae6c613-d517-47e4-bc6d-eb0d844b88db']",32,,,,,,,,,,,,,,,,,,Mali,4930,00:34:32.473,Carry,
,,"[71.1, 58.8]",,,,,,,,,,,0.34857202,,,,,,,,,,,,05918ae3-65dd-4a77-932a-2f4bdb911274,1035,,"[72.5, 58.5]",3920417,34,,,,,,,,,,,,,,,,,,,,,,,,1,From Free Kick,Lassine Sinayoko,105182.0,Left Center Forward,66,Mali,4930,"['355b8ceb-a873-41f7-a64b-fdbe2ee41d39', '948497e1-c15c-4391-a206-b97f767ab11b', 'b447e8f0-b509-412e-937f-9c4c676721c0']",37,,,,,,,,,,,,,,,,,,Mali,4930,00:34:37.693,Carry,True
,,"[69.7, 58.7]",,,,,,,,,,,2.325876,,,,,,,,,,,,b13a2f20-12e8-416f-8a01-27578403d018,1038,,"[69.8, 73.5]",3920417,34,,,,,,,,,,,,,,,,,,,,,,,,1,From Free Kick,Fousseni Diabaté,3710.0,Right Midfield,66,Mali,4930,"['415dc567-f0c9-44d8-83e8-cb619721a2fc', 'fef139eb-5f32-4fcd-84bb-3d547c2de72d', '2751866c-8a0d-489d-8ecc-51a126cfa7a4']",39,,,,,,,,,,,,,,,,,,Mali,4930,00:34:39.261,Carry,True
,,"[63.1, 46.1]",,,,,,,,,,,5.178709,,,,,,,,,,,,ee84d568-9d36-45e6-9d86-a12643c4c738,1047,,"[60.9, 43.6]",3920417,34,,,,,,,,,,,,,,,,,,,,,,,,1,Regular Play,Peter Shalulile,65723.0,Center Forward,67,Namibia,4980,"['a376b2a1-2114-44f1-977b-ec7f1be4e943', '1de7646f-64a0-4db6-a195-63141059b9b5', '0f51d584-7efe-439b-8a29-fee55a80ecbd']",44,,,,,,,,,,,,,,,,,,Namibia,4980,00:34:44.126,Carry,True
,,"[115.9, 18.1]",,,,,,,,,,,0.126533,,,,,,,,,,,,3a208bc2-680f-4fd9-b2f8-ed048d300bf3,1053,,"[114.5, 20.6]",3920417,35,,,,,,,,,,,,,,,,,,,,,,,,1,From Free Kick,Riaan Hanamub,65555.0,Left Back,68,Namibia,4980,"['e19131d0-66fc-4a17-a7f7-9ebde496bccd', 'b696a078-5854-4b20-8e20-c46982237308']",49,,,,,,,,,,,,,,,,,,Namibia,4980,00:35:49.207,Carry,
,,"[6.9, 39.9]",,,,,,,,,,,0.661266,,,,,,,,,,,,39ae8007-4ecb-4790-882f-44f8a5cae9ce,1057,,"[6.2, 41.3]",3920417,35,,,,,,,,,,,,,,,,,,,,,,,,1,From Free Kick,Sikou Niakate,7295.0,Left Center Back,68,Namibia,4980,"['0d76d69e-b77c-458c-bb9d-dc05ce98b697', 'c655f743-3c89-4263-be7e-77b39ce51d81', '5f91cbca-eeb3-42ae-b9ab-3290a540577d']",50,,,,,,,,,,,,,,,,,,Mali,4930,00:35:50.854,Carry,True
,,"[26.5, 11.4]",,,,,,,,,,,1.222199,,,,,,,,,,,,82e70bec-aa3c-4782-b813-f63bf904cb6f,1069,,"[28.1, 15.5]",3920417,37,,,,,,,,,,,,,,,,,,,,,,,,1,From Goal Kick,Riaan Hanamub,65555.0,Left Back,70,Mali,4930,"['c9957402-7a75-48c5-bb20-e632fae2e169', 'a0b04d2e-a28f-4e88-976c-c3f3a4c66d1a']",27,,,,,,,,,,,,,,,,,,Namibia,4980,00:37:27.176,Carry,
,,"[61.1, 70.6]",,,,,,,,,,,2.251333,,,,,,,,,,,,6fb0ac45-d827-452f-bb6c-fc862a77f2e3,1073,,"[56.7, 68.4]",3920417,37,,,,,,,,,,,,,,,,,,,,,,,,1,From Goal Kick,Hamari Traoré,3248.0,Right Back,70,Mali,4930,"['424732cc-979c-4800-94e4-9d5d89cad368', '97d09560-badb-4344-9270-d72beaa25b23']",29,,,,,,,,,,,,,,,,,,Mali,4930,00:37:29.977,Carry,
,,"[61.2, 16.2]",,,,,,,,,,,1.09083,,,,,,,,,,,,7ff4b737-6ac2-4c0a-acb5-2f1e5b8df110,1079,,"[61.7, 10.4]",3920417,37,,,,,,,,,,,,,,,,,,,,,,,,1,From Throw In,Sikou Niakate,7295.0,Left Center Back,71,Mali,4930,"['9aecf4d9-6a5e-4220-a20a-0c8de9e16ce8', '55db879a-9936-4427-bd28-4a0f771d9b9d']",51,,,,,,,,,,,,,,,,,,Mali,4930,00:37:51.679,Carry,
,,"[48.1, 50.7]",,,,,,,,,,,1.177801,,,,,,,,,,,,881fa38a-4930-4c83-bbd3-ce2e4b7a53f1,1082,,"[50.8, 45.2]",3920417,37,,,,,,,,,,,,,,,,,,,,,,,,1,From Throw In,Boubakar Kouyate,23331.0,Right Center Back,71,Mali,4930,"['a1032934-7d4f-4b19-aa3f-e5f6dba7f39f', '11f43471-37ed-4e70-a352-145897747175']",54,,,,,,,,,,,,,,,,,,Mali,4930,00:37:54.602,Carry,
,,"[54.0, 69.9]",,,,,,,,,,,1.096969,,,,,,,,,,,,c0003a50-9b6d-4577-aebd-83675bb0dc66,1085,,"[55.3, 67.7]",3920417,37,,,,,,,,,,,,,,,,,,,,,,,,1,From Throw In,Hamari Traoré,3248.0,Right Back,71,Mali,4930,"['2aa0183e-44fe-474e-b058-3a12a60d69a7', '6c674285-4257-4b4d-8e63-99a44f9be39b']",56,,,,,,,,,,,,,,,,,,Mali,4930,00:37:56.945,Carry,
,,"[64.4, 60.2]",,,,,,,,,,,1.523968,,,,,,,,,,,,d2279a62-0a85-4ae5-a2c8-0330a8b2e2b2,1088,,"[64.2, 57.3]",3920417,37,,,,,,,,,,,,,,,,,,,,,,,,1,From Throw In,Aliou Dieng,67714.0,Right Defensive Midfield,71,Mali,4930,"['c1b607f2-12aa-4e30-9bb0-7f26e28a6c20', 'c5fdea11-1f9b-4b15-a1ec-abfe1c4e4153']",59,,,,,,,,,,,,,,,,,,Mali,4930,00:37:59.011,Carry,
,,"[57.0, 68.5]",,,,,,,,,,,0.678316,,,,,,,,,,,,ba229712-ff7b-4292-814b-0a338b3bb45c,1091,,"[55.8, 66.3]",3920417,38,,,,,,,,,,,,,,,,,,,,,,,,1,From Throw In,Hamari Traoré,3248.0,Right Back,71,Mali,4930,"['4c3384c3-ff43-4ed7-9a67-94ad5ca13cc6', '4900c5ae-35c1-45c0-b0a6-1a7cee0657ff']",1,,,,,,,,,,,,,,,,,,Mali,4930,00:38:01.574,Carry,
,,"[46.6, 57.1]",,,,,,,,,,,1.710621,,,,,,,,,,,,f3c3392c-9f9b-43b1-9e57-74006af74abe,1094,,"[44.2, 59.5]",3920417,38,,,,,,,,,,,,,,,,,,,,,,,,1,From Throw In,Boubakar Kouyate,23331.0,Right Center Back,71,Mali,4930,"['c477525d-365c-46fe-9bfe-d111fa7d22fd', '5061af4b-9a5e-49c0-944b-32558c6b8b9a']",3,,,,,,,,,,,,,,,,,,Mali,4930,00:38:03.520,Carry,
,,"[90.9, 60.3]",,,,,,,,,,,5.353822,,,,,,,,,,,,02caf9fb-dead-4090-8878-e3eb10934148,1098,,"[54.2, 66.7]",3920417,38,,,,,,,,,,,,,,,,,,,,,,,,1,From Throw In,Muzeu Bethuel,389319.0,Right Midfield,71,Mali,4930,"['7c122234-a62f-4f91-8f89-9b60d3775612', '6d53c23e-9c4a-40a8-8866-ba7f6a124018']",7,,,,,,,,,,,,,,,,,,Namibia,4980,00:38:07.673,Carry,
,,"[37.6, 22.3]",,,,,,,,,,,3.754777,,,,,,,,,,,,63b7f0f9-2ac4-4dfe-9803-9b5f9379c1cf,1101,,"[29.2, 19.8]",3920417,38,,,,,,,,,,,,,,,,,,,,,,,,1,From Throw In,Yves Bissouma,4385.0,Left Defensive Midfield,71,Mali,4930,"['79fe90d6-574a-4734-bb1e-9f6d82d70aca', 'c4c7fe9f-e349-4929-9b43-c67be82110b3', '0dd8636d-ab2b-454b-b49d-bee7ce3a86ba']",13,,,,,,,,,,,,,,,,,,Mali,4930,00:38:13.027,Carry,True
,,"[28.6, 8.7]",,,,,,,,,,,0.225497,,,,,,,,,,,,fd06be1e-d2f6-42e1-9f22-0a50fbaf54e4,1105,,"[28.6, 8.7]",3920417,38,,,,,,,,,,,,,,,,,,,,,,,,1,From Throw In,Moussa Diarra,32952.0,Left Back,71,Mali,4930,"['c85636f1-cc96-4897-9c11-0c964e4efa8a', 'daf9e461-7c7c-45eb-bae1-bb24f35500e4']",18,,,,,,,,,,,,,,,,,,Mali,4930,00:38:18.334,Carry,
,,"[42.6, 6.0]",,,,,,,,,,,0.24505,,,,,,,,,,,,1ab776b5-1001-4421-8bed-1cda7a0d4e02,1108,,"[42.6, 5.9]",3920417,38,,,,,,,,,,,,,,,,,,,,,,,,1,From Throw In,Nene Dorgeles,199653.0,Left Midfield,71,Mali,4930,"['e9f044bc-de84-4d97-8eb3-4b7e62641660', 'ac9d7983-7866-4cdc-ba9a-2374658493a6']",19,,,,,,,,,,,,,,,,,,Mali,4930,00:38:19.569,Carry,
,,"[41.5, 30.6]",,,,,,,,,,,1.563509,,,,,,,,,,,,347228f3-8200-4b1b-8013-6b7de76cbf8a,1111,,"[41.1, 32.4]",3920417,38,,,,,,,,,,,,,,,,,,,,,,,,1,From Throw In,Aliou Dieng,67714.0,Right Defensive Midfield,71,Mali,4930,"['4cbce707-b69c-431e-ad04-8376130bfc90', 'b5d9c373-0f85-40a9-b450-3b99ee7435b8']",21,,,,,,,,,,,,,,,,,,Mali,4930,00:38:21.432,Carry,
,,"[56.4, 60.2]",,,,,,,,,,,2.148853,,,,,,,,,,,,ee520913-6c21-4424-b276-c1e4a604c030,1114,,"[49.4, 62.6]",3920417,38,,,,,,,,,,,,,,,,,,,,,,,,1,From Throw In,Hamari Traoré,3248.0,Right Back,71,Mali,4930,"['6ea90fe6-8e1d-476e-92f8-834e1e5a290b', 'c941585b-b7a5-4544-abf5-916109129b46']",24,,,,,,,,,,,,,,,,,,Mali,4930,00:38:24.597,Carry,
,,"[92.9, 75.2]",,,,,,,,,,,7.038555,,,,,,,,,,,,350b2b97-bcf3-4468-bf1f-23c897b75832,1117,,"[82.8, 77.3]",3920417,38,,,,,,,,,,,,,,,,,,,,,,,,1,From Throw In,Fousseni Diabaté,3710.0,Right Midfield,71,Mali,4930,"['3d2b64ea-1a0f-4c77-8ca2-27da06806f0f', 'b62b80e5-ed08-43c4-9f49-e5bc1124960e', '8828a246-119e-488d-b853-8dacd08b4074']",29,,,,,,,,,,,,,,,,,,Mali,4930,00:38:29.068,Carry,True
,,"[77.0, 71.0]",,,,,,,,,,,1.724063,,,,,,,,,,,,214e8d09-1f53-4923-9d1f-3022bfbe624e,1121,,"[77.0, 71.0]",3920417,38,,,,,,,,,,,,,,,,,,,,,,,,1,From Throw In,Aliou Dieng,67714.0,Right Defensive Midfield,71,Mali,4930,"['8f620989-f8f3-46b6-a3f1-916b3f90d8ac', '40648180-2916-4c5b-8518-2d0a55ab70d5']",37,,,,,,,,,,,,,,,,,,Mali,4930,00:38:37.975,Carry,
,,"[63.3, 61.8]",,,,,,,,,,,1.14275,,,,,,,,,,,,c52db416-5c12-474d-a64f-530619ed1e76,1124,,"[63.3, 62.0]",3920417,38,,,,,,,,,,,,,,,,,,,,,,,,1,From Throw In,Boubakar Kouyate,23331.0,Right Center Back,71,Mali,4930,"['4f0b7656-bb35-4b85-8ac9-f707eabfd8b5', '864f2a9f-9e0c-406e-90b5-e2563295d7e7']",41,,,,,,,,,,,,,,,,,,Mali,4930,00:38:41.125,Carry,
,,"[68.6, 57.4]",,,,,,,,,,,1.449823,,,,,,,,,,,,39d02360-82cd-4c49-bf2f-36656c04160c,1127,,"[68.3, 57.3]",3920417,38,,,,,,,,,,,,,,,,,,,,,,,,1,From Throw In,Yves Bissouma,4385.0,Left Defensive Midfield,71,Mali,4930,"['fca30a49-051a-4808-a2eb-b7c280150469', '0c6d6958-3ce9-4105-9f42-121aec392f39']",43,,,,,,,,,,,,,,,,,,Mali,4930,00:38:43.115,Carry,
,,"[70.8, 68.4]",,,,,,,,,,,0.690698,,,,,,,,,,,,16cdf4d1-05f1-43b7-8952-27d661619cdf,1130,,"[69.8, 69.9]",3920417,38,,,,,,,,,,,,,,,,,,,,,,,,1,From Throw In,Hamari Traoré,3248.0,Right Back,71,Mali,4930,"['7d816841-cd27-429a-b600-8995bcd35c28', 'a6549363-f58c-4a00-a17a-80046d71a03f']",45,,,,,,,,,,,,,,,,,,Mali,4930,00:38:45.314,Carry,
,,"[57.9, 54.6]",,,,,,,,,,,5.327685,,,,,,,,,,,,e6acee67-472d-448d-a149-9188ce51509d,1133,,"[57.5, 63.5]",3920417,38,,,,,,,,,,,,,,,,,,,,,,,,1,From Throw In,Boubakar Kouyate,23331.0,Right Center Back,71,Mali,4930,"['8d0e4408-3235-41cd-b46d-e30e8fc9fc01', '028da7ae-8d73-4960-9bc5-5a6fd8cb5d55']",47,,,,,,,,,,,,,,,,,,Mali,4930,00:38:47.515,Carry,
,,"[63.6, 72.6]",,,,,,,,,,,1.651107,,,,,,,,,,,,f9886450-89dd-4da8-8f3f-9c39359039be,1136,,"[63.9, 72.9]",3920417,38,,,,,,,,,,,,,,,,,,,,,,,,1,From Throw In,Hamari Traoré,3248.0,Right Back,71,Mali,4930,"['9c80a91f-106b-4cc6-9d4b-8f58bfd94c50', '9ad62715-7347-4d0c-b89d-37033579d8f4']",54,,,,,,,,,,,,,,,,,,Mali,4930,00:38:54.260,Carry,
,,"[47.9, 57.4]",,,,,,,,,,,1.895397,,,,,,,,,,,,4d10208b-a6a3-463f-b2fe-32eb1be92cbd,1139,,"[49.4, 62.4]",3920417,38,,,,,,,,,,,,,,,,,,,,,,,,1,From Throw In,Boubakar Kouyate,23331.0,Right Center Back,71,Mali,4930,"['e27b7fad-46d8-46ee-8931-38f4d108b9f4', 'fc193e3d-1f70-4e79-9f90-17635b5bc294']",57,,,,,,,,,,,,,,,,,,Mali,4930,00:38:57.383,Carry,
,,"[48.3, 23.7]",,,,,,,,,,,1.029196,,,,,,,,,,,,8041368f-8356-4fea-961a-67804003133c,1142,,"[48.1, 24.1]",3920417,39,,,,,,,,,,,,,,,,,,,,,,,,1,From Throw In,Sikou Niakate,7295.0,Left Center Back,71,Mali,4930,"['c81f2b66-a13e-403a-9f38-d827b41d8bf9', '6089b3ce-484d-4ede-bcb8-60b25f47ecb2']",0,,,,,,,,,,,,,,,,,,Mali,4930,00:39:00.383,Carry,
,,"[43.4, 56.2]",,,,,,,,,,,1.522931,,,,,,,,,,,,a86c36a3-9524-4c76-b0de-0b5836b41502,1145,,"[42.6, 55.6]",3920417,39,,,,,,,,,,,,,,,,,,,,,,,,1,From Throw In,Boubakar Kouyate,23331.0,Right Center Back,71,Mali,4930,"['a8b4654f-e014-4db5-9a68-baf1aa424036', '57ade632-3d20-4422-a981-b8fa0b39c066']",2,,,,,,,,,,,,,,,,,,Mali,4930,00:39:02.599,Carry,
,,"[53.1, 71.2]",,,,,,,,,,,1.570036,,,,,,,,,,,,098c6530-fa76-4c51-b3b6-127a459c53d5,1148,,"[53.4, 71.2]",3920417,39,,,,,,,,,,,,,,,,,,,,,,,,1,From Throw In,Hamari Traoré,3248.0,Right Back,71,Mali,4930,"['ebea5db6-dbc0-4422-b64f-53d64ce00258', '20cdaac7-6822-47d1-8ef0-0b6a55e933bf']",5,,,,,,,,,,,,,,,,,,Mali,4930,00:39:05.271,Carry,
,,"[42.3, 58.2]",,,,,,,,,,,2.456163,,,,,,,,,,,,1edee41e-65bc-4e80-becf-754cb033309e,1151,,"[43.1, 62.6]",3920417,39,,,,,,,,,,,,,,,,,,,,,,,,1,From Throw In,Boubakar Kouyate,23331.0,Right Center Back,71,Mali,4930,"['71a9c117-8c93-49f1-9b27-4e764fccf23c', '4dfe1ba9-b97d-4dae-8a06-f820189097ca']",8,,,,,,,,,,,,,,,,,,Mali,4930,00:39:08.484,Carry,
,,"[57.8, 56.2]",,,,,,,,,,,3.111914,,,,,,,,,,,,46b02a7d-af1a-4d22-aefb-54e1e5c24614,1154,,"[56.4, 43.5]",3920417,39,,,,,,,,,,,,,,,,,,,,,,,,1,From Throw In,Aliou Dieng,67714.0,Right Defensive Midfield,71,Mali,4930,"['db517021-8a72-4897-95b3-08e3ccd55e81', '3e24f4cb-74fc-418f-81cb-655576292dde']",11,,,,,,,,,,,,,,,,,,Mali,4930,00:39:11.953,Carry,
,,"[69.7, 74.9]",,,,,,,,,,,2.434643,,,,,,,,,,,,b84668b9-0725-4bfc-a779-a8761e5e85b7,1157,,"[63.9, 76.3]",3920417,39,,,,,,,,,,,,,,,,,,,,,,,,1,From Throw In,Hamari Traoré,3248.0,Right Back,71,Mali,4930,"['8145c9dd-6a56-4f05-84da-274cf01b639e', 'a72cfd68-1260-4621-b40b-61c8a7e034fb']",16,,,,,,,,,,,,,,,,,,Mali,4930,00:39:16.732,Carry,
,,"[63.1, 65.7]",,,,,,,,,,,3.143058,,,,,,,,,,,,857ce17c-167e-4c54-b6eb-57f69f423cb1,1160,,"[63.6, 66.6]",3920417,39,,,,,,,,,,,,,,,,,,,,,,,,1,From Throw In,Aliou Dieng,67714.0,Right Defensive Midfield,71,Mali,4930,"['ae2daf2d-3026-4162-b4a7-405b7d7b3f7a', 'ae489585-88bf-4467-b8ef-d167b8fb28b6']",20,,,,,,,,,,,,,,,,,,Mali,4930,00:39:20.266,Carry,
,,"[50.1, 54.1]",,,,,,,,,,,1.203665,,,,,,,,,,,,0b4f135c-12a2-4223-a814-0e63cce54bdf,1163,,"[50.3, 56.3]",3920417,39,,,,,,,,,,,,,,,,,,,,,,,,1,From Throw In,Boubakar Kouyate,23331.0,Right Center Back,71,Mali,4930,"['91d4a785-0d9b-4cfc-ba02-176812af6b16', 'a8c16663-ef0b-4d87-ab63-a7a3ef573eea']",24,,,,,,,,,,,,,,,,,,Mali,4930,00:39:24.598,Carry,
,,"[48.6, 11.6]",,,,,,,,,,,2.491656,,,,,,,,,,,,cc0ceca5-1f30-4b06-a530-bd4e670946a0,1166,,"[49.5, 25.4]",3920417,39,,,,,,,,,,,,,,,,,,,,,,,,1,From Throw In,Sikou Niakate,7295.0,Left Center Back,71,Mali,4930,"['5521efbd-ebfe-4b10-87e0-b345fdb76c01', 'cc52911d-df19-4e17-be7f-524d9ccc67ed']",27,,,,,,,,,,,,,,,,,,Mali,4930,00:39:27.072,Carry,
,,"[51.2, 5.7]",,,,,,,,,,,1.255436,,,,,,,,,,,,ab1d593e-0a84-473a-ab11-7581b4f75e2d,1169,,"[54.8, 5.2]",3920417,39,,,,,,,,,,,,,,,,,,,,,,,,1,From Throw In,Moussa Diarra,32952.0,Left Back,71,Mali,4930,"['dfd8db95-f8bc-4cdd-900e-c0543e7a5ae1', '25b1d8bd-0ded-4284-9fb1-c189c580f049', '18f534af-cb82-4893-8dd1-66f1399d39ca']",30,,,,,,,,,,,,,,,,,,Mali,4930,00:39:30.527,Carry,True
,,"[50.0, 5.4]",,,,,,,,,,,4.342269,,,,,,,,,,,,0b2d026f-b895-4f71-8b35-6691f30177a2,1173,,"[50.1, 21.3]",3920417,39,,,,,,,,,,,,,,,,,,,,,,,,1,From Throw In,Yves Bissouma,4385.0,Left Defensive Midfield,71,Mali,4930,"['c840fc76-7f3d-4eba-bcce-17779b28c964', 'f08a381e-1217-4f22-8803-abbf3a199ed5', 'c5544a92-9375-477c-aa06-87eb196ac757']",32,,,,,,,,,,,,,,,,,,Mali,4930,00:39:32.527,Carry,True
,,"[48.3, 24.9]",,,,,,,,,,,1.298838,,,,,,,,,,,,15966513-ba9b-4be4-ba39-b43e4433b2e2,1179,,"[43.6, 17.6]",3920417,39,,,,,,,,,,,,,,,,,,,,,,,,1,From Throw In,Nene Dorgeles,199653.0,Left Midfield,71,Mali,4930,"['5c8c8e06-a3d2-4fb9-8436-7dd641540bc3', 'd0840a38-acd1-4333-810f-ff28101e5329']",38,,,,,,,,,,,,,,,,,,Mali,4930,00:39:38.795,Carry,
,,"[43.6, 56.0]",,,,,,,,,,,1.321568,,,,,,,,,,,,50b83e7c-5c01-46c5-a215-1cac0ddce463,1182,,"[42.6, 50.7]",3920417,39,,,,,,,,,,,,,,,,,,,,,,,,1,From Throw In,Boubakar Kouyate,23331.0,Right Center Back,71,Mali,4930,"['e7589042-b3ee-484b-9230-66c9d4298899', 'bb0bd1eb-4b37-4078-a8e6-352d901088d7']",41,,,,,,,,,,,,,,,,,,Mali,4930,00:39:41.876,Carry,
,,"[89.4, 71.2]",,,,,,,,,,,2.909991,,,,,,,,,,,,d068ae5e-7f2f-448c-9b3d-1bfdc725aec5,1185,,"[71.7, 75.9]",3920417,39,,,,,,,,,,,,,,,,,,,,,,,,1,From Throw In,Fousseni Diabaté,3710.0,Right Midfield,71,Mali,4930,"['c3eeb991-16b1-45d2-b0dd-9b39b6b4cb72', '7ba8e472-724f-4505-94c9-2e968cdfb257']",45,,,,,,,,,,,,,,,,,,Mali,4930,00:39:45.522,Carry,
,,"[110.6, 73.7]",,,,,,,,,,,0.055042,,,,,,,,,,,,74e3759b-2272-4752-83e6-c0f97abe3570,1188,,"[109.4, 73.7]",3920417,39,,,,,,,,,,,,,,,,,,,,,,,,1,From Throw In,Hamari Traoré,3248.0,Right Back,71,Mali,4930,"['5fb72309-64f1-43a1-a0d4-3c8f72f8f111', '4219f595-fe57-47a7-a51c-b170ac26add7']",49,,,,,,,,,,,,,,,,,,Mali,4930,00:39:49.961,Carry,
,,"[30.3, 67.0]",,,,,,,,,,,0.281291,,,,,,,,,,,,055d496e-f980-4f5a-b437-951e6c3837ea,1194,,"[29.5, 67.8]",3920417,39,,,,,,,,,,,,,,,,,,,,,,,,1,From Throw In,Muzeu Bethuel,389319.0,Right Midfield,71,Mali,4930,"['8950b8af-a182-4bd5-a78c-c51ac215fc3e', '0bd9e77d-a57d-4f68-82b5-93510ce86e06']",56,,,,,,,,,,,,,,,,,,Namibia,4980,00:39:56.494,Carry,
,,"[27.8, 11.2]",,,,,,,,,,,0.39247102,,,,,,,,,,,,e74a2a83-f831-4f03-898f-0d07b120ec2c,1206,,"[29.7, 11.8]",3920417,40,,,,,,,,,,,,,,,,,,,,,,,,1,Regular Play,Sikou Niakate,7295.0,Left Center Back,73,Mali,4930,"['289739e5-7f50-4b11-badd-1ebdfdfa99ad', '480947ea-7014-40fc-a4f1-6cfe37480dfe', '33dbe176-9388-460b-9603-3154ee61af8f']",24,,,,,,,,,,,,,,,,,,Mali,4930,00:40:24.614,Carry,True
,,"[10.8, 35.2]",,,,,,,,,,,1.110308,,,,,,,,,,,,f7f9244c-e5d9-4c97-857d-b4abf079d3e3,1209,,"[11.7, 30.1]",3920417,40,,,,,,,,,,,,,,,,,,,,,,,,1,Regular Play,Djigui Diarra,102992.0,Goalkeeper,73,Mali,4930,"['722b58d3-2b9c-4963-aaea-74adc2d3945e', '2ea936fc-528c-466d-8057-b6c216b05f2b']",26,,,,,,,,,,,,,,,,,,Mali,4930,00:40:26.910,Carry,
,,"[37.6, 76.8]",,,,,,,,,,,3.426349,,,,,,,,,,,,806c5f69-5e19-4bf0-8425-c3eb362161f5,1212,,"[34.8, 70.6]",3920417,40,,,,,,,,,,,,,,,,,,,,,,,,1,Regular Play,Hamari Traoré,3248.0,Right Back,73,Mali,4930,"['ba88c19a-7450-4bd9-8ed2-8c9fa8ef1e52', '30c99380-69dc-4282-ac90-52fe0bc478cd']",30,,,,,,,,,,,,,,,,,,Mali,4930,00:40:30.069,Carry,
,,"[22.0, 55.6]",,,,,,,,,,,2.144962,,,,,,,,,,,,208d6b23-62f7-4f12-85f9-54b98bc5b54c,1215,,"[20.4, 60.1]",3920417,40,,,,,,,,,,,,,,,,,,,,,,,,1,Regular Play,Boubakar Kouyate,23331.0,Right Center Back,73,Mali,4930,"['dbb2042a-55a5-4e22-9b03-f6666e91e0e5', '730ad98f-5942-4b99-98b0-642cedbcc23b']",35,,,,,,,,,,,,,,,,,,Mali,4930,00:40:35.217,Carry,
,,"[36.2, 28.7]",,,,,,,,,,,1.156458,,,,,,,,,,,,eadb29cc-ecec-4533-8b6b-e28a80f21415,1218,,"[35.1, 29.8]",3920417,40,,,,,,,,,,,,,,,,,,,,,,,,1,Regular Play,Yves Bissouma,4385.0,Left Defensive Midfield,73,Mali,4930,"['905b5cce-5118-4ad8-9ff2-49f291a1fe6c', 'd50986df-d492-452a-a44c-5487105cb800']",38,,,,,,,,,,,,,,,,,,Mali,4930,00:40:38.478,Carry,
,,"[40.4, 15.7]",,,,,,,,,,,1.991967,,,,,,,,,,,,e1293985-2fa5-4049-9918-effed2a40d88,1221,,"[33.1, 18.8]",3920417,40,,,,,,,,,,,,,,,,,,,,,,,,1,Regular Play,Sikou Niakate,7295.0,Left Center Back,73,Mali,4930,"['ee82f2d4-c072-429e-bbe4-6713055fde81', '5ccbed41-4010-4628-93ec-9e4463e5a2b8']",40,,,,,,,,,,,,,,,,,,Mali,4930,00:40:40.620,Carry,
,,"[42.6, 7.0]",,,,,,,,,,,1.865382,,,,,,,,,,,,66500ac0-d11b-4664-9364-4d9235cea10e,1224,,"[42.2, 7.3]",3920417,40,,,,,,,,,,,,,,,,,,,,,,,,1,Regular Play,Moussa Diarra,32952.0,Left Back,73,Mali,4930,"['d0a79331-5a50-411b-9456-8d5be5fc8e70', '7399b2ef-448c-4bf7-a650-ba778eff7daa']",43,,,,,,,,,,,,,,,,,,Mali,4930,00:40:43.845,Carry,
,,"[63.7, 3.2]",,,,,,,,,,,0.764548,,,,,,,,,,,,ceca276e-19dc-43e1-bdad-8359393bf791,1227,,"[63.1, 5.1]",3920417,40,,,,,,,,,,,,,,,,,,,,,,,,1,Regular Play,Nene Dorgeles,199653.0,Left Midfield,73,Mali,4930,"['b431f9bb-1549-4799-b57a-50a4d3c226d7', 'cb348be9-26a2-4f64-90ba-83e035924ea7']",46,,,,,,,,,,,,,,,,,,Mali,4930,00:40:46.557,Carry,
,,"[48.7, 13.2]",,,,,,,,,,,1.453162,,,,,,,,,,,,0b6da5ad-e983-4b83-82dc-ad528af9ccd8,1230,,"[48.3, 9.3]",3920417,40,,,,,,,,,,,,,,,,,,,,,,,,1,Regular Play,Moussa Diarra,32952.0,Left Back,73,Mali,4930,"['2ca1b5a3-b1d7-409a-aafc-331ebc1b15c1', '8258b7a3-79df-466b-8c9b-ad5f4426252f']",49,,,,,,,,,,,,,,,,,,Mali,4930,00:40:49.061,Carry,
,,"[35.8, 19.1]",,,,,,,,,,,0.797563,,,,,,,,,,,,08b74e15-be69-4db3-8105-9d7dabb362df,1233,,"[33.6, 18.8]",3920417,40,,,,,,,,,,,,,,,,,,,,,,,,1,Regular Play,Sikou Niakate,7295.0,Left Center Back,73,Mali,4930,"['37084610-39c6-4311-a209-d4686fe2f4ab', '90ed69d1-2dd3-4b12-9e6d-306907d43418']",51,,,,,,,,,,,,,,,,,,Mali,4930,00:40:51.761,Carry,
,,"[35.6, 62.1]",,,,,,,,,,,1.253873,,,,,,,,,,,,bf768b1b-e282-4c4c-a145-7e1ce468178d,1236,,"[34.4, 62.4]",3920417,40,,,,,,,,,,,,,,,,,,,,,,,,1,Regular Play,Boubakar Kouyate,23331.0,Right Center Back,73,Mali,4930,"['da6f5dbc-6e48-4051-90d6-b3b59eb0363a', '9366cd53-ae0d-49f9-8026-827de6305d5b']",54,,,,,,,,,,,,,,,,,,Mali,4930,00:40:54.039,Carry,
,,"[47.5, 73.2]",,,,,,,,,,,1.440289,,,,,,,,,,,,187bac80-c39e-4163-8332-66f2c97b9525,1239,,"[47.9, 74.6]",3920417,40,,,,,,,,,,,,,,,,,,,,,,,,1,Regular Play,Hamari Traoré,3248.0,Right Back,73,Mali,4930,"['d0a9666a-0d25-475f-a011-2c6e6dcb5166', 'e914beec-daf2-4853-a6f7-eb3dda478dab']",56,,,,,,,,,,,,,,,,,,Mali,4930,00:40:56.471,Carry,
,,"[56.1, 64.1]",,,,,,,,,,,1.154492,,,,,,,,,,,,6e135037-6eba-46e0-9bd4-44867932c1eb,1242,,"[56.1, 64.1]",3920417,40,,,,,,,,,,,,,,,,,,,,,,,,1,Regular Play,Aliou Dieng,67714.0,Right Defensive Midfield,73,Mali,4930,"['f0414bde-f971-445d-9b5b-6c81b0981c66', '87028abb-b39b-4bf5-bb2b-dabcb3cb0474']",59,,,,,,,,,,,,,,,,,,Mali,4930,00:40:59.027,Carry,
,,"[70.0, 12.7]",,,,,,,,,,,1.566612,,,,,,,,,,,,d701eaa6-bcf0-4d78-901e-0883f80a40f9,1255,,"[65.3, 13.8]",3920417,41,,,,,,,,,,,,,,,,,,,,,,,,1,From Free Kick,Ngero Kaanjuka Katua,389316.0,Left Center Midfield,74,Namibia,4980,"['4056ef5e-19d7-42c4-9522-6fcb3335ef79', '5dbcd0c6-cf24-4feb-a7fa-952de51211fe']",53,,,,,,,,,,,,,,,,,,Namibia,4980,00:41:53.887,Carry,
,,"[55.6, 6.4]",,,,,,,,,,,1.425452,,,,,,,,,,,,0b3a87ab-baac-4891-89e0-4ef352e0f169,1261,,"[56.8, 6.1]",3920417,42,,,,,,,,,,,,,,,,,,,,,,,,1,From Throw In,Lubeni Haukongo,135004.0,Left Center Back,75,Namibia,4980,"['b2facf96-b2bc-48f0-abba-898b58508c72', '7bbd244e-46d5-4bd1-bc85-2e60ff4de7af']",13,,,,,,,,,,,,,,,,,,Namibia,4980,00:42:13.966,Carry,
,,"[55.6, 42.2]",,,,,,,,,,,1.843884,,,,,,,,,,,,455e5101-6c28-4645-9b52-00b98e0a0e43,1264,,"[55.1, 40.3]",3920417,42,,,,,,,,,,,,,,,,,,,,,,,,1,From Throw In,Kennedy Amutenya,264381.0,Right Center Back,75,Namibia,4980,"['e6829171-9a41-47b1-a113-48589e926ae7', '5375da07-1e3b-46e3-b3ca-ce743160b92c', 'cd4df091-9b59-4150-a084-ea64483d8b9f']",17,,,,,,,,,,,,,,,,,,Namibia,4980,00:42:17.431,Carry,True
,,"[53.1, 13.5]",,,,,,,,,,,1.361975,,,,,,,,,,,,a4d8071d-4c41-4df8-98ed-a1cd6b9dc76a,1268,,"[53.7, 12.8]",3920417,42,,,,,,,,,,,,,,,,,,,,,,,,1,From Throw In,Lubeni Haukongo,135004.0,Left Center Back,75,Namibia,4980,"['18cbcce8-9622-4431-b396-8d21cf06165a', '9d194d95-7250-4a13-946c-a599f4cc6daf']",20,,,,,,,,,,,,,,,,,,Namibia,4980,00:42:20.955,Carry,
,,"[66.1, 14.1]",,,,,,,,,,,0.428378,,,,,,,,,,,,fa4f81ce-e5eb-48e8-9454-0377ee0b8378,1276,,"[66.2, 13.7]",3920417,42,,,,,,,,,,,,,,,,,,,,,,,,1,Regular Play,Aprocious Petrus,136406.0,Center Defensive Midfield,77,Namibia,4980,"['2075d0d9-8a0f-4236-925a-c59242bc4efb', '3495120a-e109-4bd9-84c4-6a23c837a763']",51,,,,,,,,,,,,,,,,,,Namibia,4980,00:42:51.596,Carry,
,,"[84.5, 16.3]",,,,,,,,,,,0.497479,,,,,,,,,,,,6fb1482e-dac0-4bf3-bdb1-7e184a8ab3c8,1280,,"[83.9, 16.6]",3920417,42,,,,,,,,,,,,,,,,,,,,,,,,1,Regular Play,Ngero Kaanjuka Katua,389316.0,Left Center Midfield,77,Namibia,4980,"['0b1bb4d8-ff24-4b58-8393-d9fb909616cf', '7f49c8ef-7e12-44a6-aed0-566f5153a07d', '872df7c9-3bc9-4ebe-8919-012786d03e36']",53,,,,,,,,,,,,,,,,,,Namibia,4980,00:42:53.185,Carry,True
,,"[26.2, 35.0]",,,,,,,,,,,1.569075,,,,,,,,,,,,8a65e56d-48a0-4bc0-a469-5164bad80089,1301,,"[25.4, 31.9]",3920417,43,,,,,,,,,,,,,,,,,,,,,,,,1,From Free Kick,Lloyd Junior Kazapua,125324.0,Goalkeeper,78,Namibia,4980,"['083b1a42-73f9-4800-abca-8a53a9d66e99', '39b8f2c3-c01b-465d-ae7e-60642ee1e378']",50,,,,,,,,,,,,,,,,,,Namibia,4980,00:43:50.863,Carry,
,,"[77.5, 72.2]",,,,,,,,,,,0.33994,,,,,,,,,,,,d86a477e-0f82-4bba-a5d9-4129af2c1b18,1304,,"[76.5, 73.8]",3920417,43,,,,,,,,,,,,,,,,,,,,,,,,1,From Free Kick,Ivan Kamberipa,103799.0,Right Back,78,Namibia,4980,"['4bcf4e92-94ff-46eb-a214-92d7854ff5da', '2667dea3-fd73-48be-a44b-398a5c5321fa']",55,,,,,,,,,,,,,,,,,,Namibia,4980,00:43:55.393,Carry,
,,"[36.4, 13.7]",,,,,,,,,,,2.597438,,,,,,,,,,,,e8529545-6e84-498a-8efa-5801e0eba38e,1308,,"[34.8, 13.2]",3920417,44,,,,,,,,,,,,,,,,,,,,,,,,1,From Throw In,Sikou Niakate,7295.0,Left Center Back,79,Mali,4930,"['596ee159-d232-4994-b122-9d339e955800', '6031584c-7519-4347-9975-692388e33711']",11,,,,,,,,,,,,,,,,,,Mali,4930,00:44:11.825,Carry,
,,"[42.8, 68.7]",,,,,,,,,,,2.870578,,,,,,,,,,,,1667b1df-92d3-412c-8326-210965ceb611,1311,,"[42.6, 71.3]",3920417,44,,,,,,,,,,,,,,,,,,,,,,,,1,From Throw In,Hamari Traoré,3248.0,Right Back,79,Mali,4930,"['b5a6a862-0f4e-4156-aeba-f25b3574a3de', 'cec0dcd2-1b56-459d-9786-0915e466733d']",17,,,,,,,,,,,,,,,,,,Mali,4930,00:44:17.347,Carry,
,,"[59.8, 76.2]",,,,,,,,,,,2.133391,,,,,,,,,,,,e1bb4145-2d1e-45b9-8930-7dc7bdf6ca0f,1314,,"[59.4, 76.3]",3920417,44,,,,,,,,,,,,,,,,,,,,,,,,1,From Throw In,Fousseni Diabaté,3710.0,Right Midfield,79,Mali,4930,"['c981ed9d-a984-4671-80d9-f91c287e1148', '7b81184f-df82-4070-b445-5ec9b8c44f4e']",21,,,,,,,,,,,,,,,,,,Mali,4930,00:44:21.290,Carry,
,,"[42.8, 60.7]",,,,,,,,,,,1.658311,,,,,,,,,,,,8e66c0ef-56c7-47bd-a7e9-957d8ecd78cd,1317,,"[41.5, 64.8]",3920417,44,,,,,,,,,,,,,,,,,,,,,,,,1,From Throw In,Boubakar Kouyate,23331.0,Right Center Back,79,Mali,4930,"['75aedac9-7222-497a-8e96-ab27d23dbeda', 'c655fee3-a355-4185-8865-fbfcd9e17d0e']",25,,,,,,,,,,,,,,,,,,Mali,4930,00:44:25.223,Carry,
,,"[42.8, 25.9]",,,,,,,,,,,2.883961,,,,,,,,,,,,e0ed621b-98df-4a2f-bbc8-15d15f15b0ea,1320,,"[42.8, 25.9]",3920417,44,,,,,,,,,,,,,,,,,,,,,,,,1,From Throw In,Sikou Niakate,7295.0,Left Center Back,79,Mali,4930,"['68aa6a12-bd2a-43ef-b388-dc5ede9192d4', '9809843b-f8f2-4d6b-8d67-e1bfa9d447e1']",28,,,,,,,,,,,,,,,,,,Mali,4930,00:44:28.376,Carry,
,,"[55.4, 47.1]",,,,,,,,,,,6.107851,,,,,,,,,,,,ed26f18c-f04d-46a3-82aa-9285251fc2fd,1323,,"[48.3, 51.6]",3920417,44,,,,,,,,,,,,,,,,,,,,,,,,1,From Throw In,Boubakar Kouyate,23331.0,Right Center Back,79,Mali,4930,"['9b781f39-c04d-462a-9ade-b322ad2a70c6', '8d67d932-48d2-4e24-bfdd-6ae8ae5f7b28']",33,,,,,,,,,,,,,,,,,,Mali,4930,00:44:33.036,Carry,
,,"[55.3, 27.9]",,,,,,,,,,,0.280784,,,,,,,,,,,,1b075864-fd41-4ef8-9f98-ab2507cde7a0,1326,,"[53.7, 29.8]",3920417,44,,,,,,,,,,,,,,,,,,,,,,,,1,From Throw In,Sikou Niakate,7295.0,Left Center Back,79,Mali,4930,"['a7d729e5-73eb-4bed-aaac-7564e96d43ed', 'c47fa02c-9db2-4484-b85a-01b84dbc7d35']",40,,,,,,,,,,,,,,,,,,Mali,4930,00:44:40.760,Carry,
,,"[64.7, 21.6]",,,,,,,,,,,0.051429,,,,,,,,,,,,a968384f-5a98-4cde-9647-59a41c574b06,1329,,"[63.1, 24.0]",3920417,44,,,,,,,,,,,,,,,,,,,,,,,,1,From Throw In,Yves Bissouma,4385.0,Left Defensive Midfield,79,Mali,4930,"['742ae27b-b078-4673-8804-e742d276ed5e', 'e6fe25e6-c11c-4fc8-b134-2aba98ab6d50']",42,,,,,,,,,,,,,,,,,,Mali,4930,00:44:42.359,Carry,
,,"[52.0, 29.3]",,,,,,,,,,,1.506701,,,,,,,,,,,,f68a0c8a-689f-46e0-8979-267d2985a3a3,1332,,"[52.5, 27.9]",3920417,44,,,,,,,,,,,,,,,,,,,,,,,,1,From Throw In,Sikou Niakate,7295.0,Left Center Back,79,Mali,4930,"['795456ac-3e66-499f-9824-923b52a0b8d1', '2eeab2c9-5b2f-4342-a47e-a17e40319879']",43,,,,,,,,,,,,,,,,,,Mali,4930,00:44:43.517,Carry,
,,"[58.6, 57.9]",,,,,,,,,,,1.530992,,,,,,,,,,,,189495e4-23ad-4eed-b7aa-a755f042d655,1335,,"[53.4, 55.6]",3920417,44,,,,,,,,,,,,,,,,,,,,,,,,1,From Throw In,Boubakar Kouyate,23331.0,Right Center Back,79,Mali,4930,"['72d2af9e-8cdf-4f48-994b-f8eaa3b779f0', '9bcc049e-7bff-407a-9f3e-2df2b62cb18d']",46,,,,,,,,,,,,,,,,,,Mali,4930,00:44:46.672,Carry,
,,"[76.2, 75.7]",,,,,,,,,,,1.265022,,,,,,,,,,,,090ed694-fd02-4dfe-abae-33b9b1d151c0,1338,,"[77.6, 75.2]",3920417,44,,,,,,,,,,,,,,,,,,,,,,,,1,From Throw In,Fousseni Diabaté,3710.0,Right Midfield,79,Mali,4930,"['82659920-8b16-4f85-a65d-af64ecddad5a', '159e5a6b-e8b7-4a53-b780-b8b49ba2446b', '043c3b27-bbf8-4e01-a24d-c6a96d936379']",50,,,,,,,,,,,,,,,,,,Mali,4930,00:44:50.013,Carry,True
,,"[64.7, 70.4]",,,,,,,,,,,1.663198,,,,,,,,,,,,5e8174ce-fea7-47e7-afc4-47b1283c1113,1342,,"[62.5, 70.6]",3920417,44,,,,,,,,,,,,,,,,,,,,,,,,1,From Throw In,Boubakar Kouyate,23331.0,Right Center Back,79,Mali,4930,"['c68bd050-cd5c-4297-b093-4c87d2b699a1', '58d70b4a-6828-48fa-ae6a-a762d419168a']",52,,,,,,,,,,,,,,,,,,Mali,4930,00:44:52.525,Carry,
,,"[20.4, 53.7]",,,,,,,,,,,1.817495,,,,,,,,,,,,ba9b22d4-e5f7-4834-8d10-d31249a488a4,1345,,"[22.8, 53.7]",3920417,44,,,,,,,,,,,,,,,,,,,,,,,,1,From Throw In,Djigui Diarra,102992.0,Goalkeeper,79,Mali,4930,"['fc53273c-0d5c-4ddf-afaf-f8755a4895e8', '85db4bc0-6d5b-408f-8e6e-a1a00fcc10c2']",57,,,,,,,,,,,,,,,,,,Mali,4930,00:44:57.293,Carry,
,,"[48.1, 31.8]",,,,,,,,,,,3.264092,,,,,,,,,,,,7a019d84-289a-4ae4-abbd-c83d11165863,1348,,"[34.8, 24.6]",3920417,45,,,,,,,,,,,,,,,,,,,,,,,,1,From Throw In,Sikou Niakate,7295.0,Left Center Back,79,Mali,4930,"['ab3c4f41-193d-41b2-b205-63cf2124202d', 'e21f0fb9-a747-4d35-b52c-94d5bdaac7a5']",0,,,,,,,,,,,,,,,,,,Mali,4930,00:45:00.684,Carry,
,,"[34.8, 36.5]",,,,,,,,,,,1.389784,,,,,,,,,,,,b4dac4dc-0276-43df-a030-4d6a10d75dc2,1357,,"[34.8, 37.4]",3920417,45,,,,,,,,,,,,,,,,,,,,,,,,1,From Free Kick,Sikou Niakate,7295.0,Left Center Back,81,Mali,4930,"['3d126f7d-5642-41d4-bcd9-e3c4b1c324e9', '94d9bb65-1ed5-47e4-b1db-c9c3ad9d88d1']",54,,,,,,,,,,,,,,,,,,Mali,4930,00:45:54.225,Carry,
,,"[48.7, 8.5]",,,,,,,,,,,1.535101,,,,,,,,,,,,3499c97f-176c-49eb-aa6d-ff90b713e355,1360,,"[43.6, 12.6]",3920417,45,,,,,,,,,,,,,,,,,,,,,,,,1,From Free Kick,Moussa Diarra,32952.0,Left Back,81,Mali,4930,"['df66a223-ec28-4cf6-81d9-13b610215c37', '3015099c-7882-4521-9848-63c485f0485b']",57,,,,,,,,,,,,,,,,,,Mali,4930,00:45:57.225,Carry,
,,"[74.2, 11.2]",,,,,,,,,,,1.934829,,,,,,,,,,,,21fab673-9ead-45d5-8476-bbbf6bd51de3,1363,,"[70.9, 5.4]",3920417,45,,,,,,,,,,,,,,,,,,,,,,,,1,From Free Kick,Nene Dorgeles,199653.0,Left Midfield,81,Mali,4930,"['b568f915-b4b6-4f70-90bb-65a185deedcd', '0b8b2151-7804-455c-b7b5-9cc1b8b2df5a', '738ab2ab-24fc-43a0-8160-2659eef61c7d']",59,,,,,,,,,,,,,,,,,,Mali,4930,00:45:59.939,Carry,True
,,"[55.1, 67.2]",,,,,,,,,,,2.761658,,,,,,,,,,,,e1021707-b88f-4612-a877-356fefa70845,1367,,"[45.9, 68.9]",3920417,46,,,,,,,,,,,,,,,,,,,,,,,,1,Regular Play,Deon Hotto Kavendji,64612.0,Left Midfield,82,Namibia,4980,"['11641bd1-ee9b-46e2-95a3-9a1f30550c41', '3163e8ec-cf79-4236-8797-cc5d676763d6', 'eb55ace8-32fe-4178-8c39-2946e061526d']",1,,,,,,,,,,,,,,,,,,Namibia,4980,00:46:01.874,Carry,True
,,"[115.7, 73.0]",,,,,,,,,,,5.07358,,,,,,,,,,,,ecfff09f-0025-4f47-9ffd-856fc11cbdd8,1375,,"[97.5, 59.7]",3920417,46,,,,,,,,,,,,,,,,,,,,,,,,1,From Free Kick,Peter Shalulile,65723.0,Center Forward,83,Namibia,4980,"['f832f904-5ee8-407c-805a-9018b11be250', '90e27bc6-e452-4687-9a20-900e4f93f12f', '10f1ff55-1fdc-4726-844d-32279b594ee7']",57,,,,,,,,,,,,,,,,,,Namibia,4980,00:46:57.793,Carry,True
,,"[15.3, 55.7]",,,,,,,,,,,1.674608,,,,,,,,,,,,b7eaa277-493f-4677-bce5-e173b920bb36,1387,,"[15.3, 56.0]",3920417,48,,,,,,,,,,,,,,,,,,,,,,,,1,From Corner,Fousseni Diabaté,3710.0,Right Midfield,85,Namibia,4980,"['c0087e10-c33f-420b-b860-bedbe63f014a', '4a9b050d-24e6-400e-8ced-469f838cdb4a']",50,,,,,,,,,,,,,,,,,,Mali,4930,00:48:50.251,Carry,
,,"[29.7, 51.6]",,,,,,,,,,,0.753038,,,,,,,,,,,,45806451-81f0-4e6f-b79c-2b1236b42037,1390,,"[28.6, 50.4]",3920417,48,,,,,,,,,,,,,,,,,,,,,,,,1,From Corner,Hamari Traoré,3248.0,Right Back,85,Namibia,4980,"['79bf2a2e-1be4-44ff-b9ce-f467151fe35c', 'b1a9b96d-cca4-4903-bdd4-e1da9b0e6522', '81f6d1c6-7ce1-4299-8ae5-2d084e7fc92f']",52,,,,,,,,,,,,,,,,,,Mali,4930,00:48:52.998,Carry,True
,,"[39.4, 24.1]",,,,,,,,,,,1.892299,,,,,,,,,,,,ea34d230-60ac-4dd5-9e94-ac834f64ade5,1400,,"[38.3, 26.3]",3920417,45,,,,,,,,,,,,,,,,,,,,,,,,2,From Kick Off,Lubeni Haukongo,135004.0,Left Center Back,86,Namibia,4980,"['88d70313-b599-4107-ae7b-cc4e59a926ec', '5ddb32be-f561-4571-b87e-83153bd4fd68']",3,,,,,,,,,,,,,,,,,,Namibia,4980,00:00:03.008,Carry,
,,"[52.5, 63.3]",,,,,,,,,,,0.20504,,,,,,,,,,,,7b0b65b1-79e6-4ef9-832b-a2bc6a471c47,1409,,"[52.5, 62.5]",3920417,45,,,,,,,,,,,,,,,,,,,,,,,,2,Regular Play,Fousseni Diabaté,3710.0,Right Midfield,87,Mali,4930,"['cec1c45c-842f-4484-acd4-1b13ec5f2e8e', '6d1916e4-6c8f-4f94-b057-67e433f925e3']",13,,,,,,,,,,,,,,,,,,Mali,4930,00:00:13.983,Carry,
,,"[56.5, 56.6]",,,,,,,,,,,0.151082,,,,,,,,,,,,9819e59c-734b-4eb5-9e30-deb24309476b,1413,,"[59.0, 53.8]",3920417,45,,,,,,,,,,,,,,,,,,,,,,,,2,Regular Play,Youssoufou Niakaté,51750.0,Right Center Forward,87,Mali,4930,"['49912920-bbd2-444d-ac05-424ee822aea2', '92513c23-439a-4eaf-ba50-0a688d845c64', 'faa17eae-562d-449d-89ca-a231fea3a850']",14,,,,,,,,,,,,,,,,,,Mali,4930,00:00:14.853,Carry,True
,,"[68.4, 21.0]",,,,,,,,,,,1.410179,,,,,,,,,,,,99b522e3-6ae2-4350-ae55-67603e74a7c3,1416,,"[64.0, 22.4]",3920417,45,,,,,,,,,,,,,,,,,,,,,,,,2,Regular Play,Deon Hotto Kavendji,64612.0,Left Midfield,87,Mali,4930,"['057a65fa-e1ae-476e-9a0c-3c40d20585fe', '2c507038-d4d0-4c8a-a44e-5b17d41e7714', '7ecc6174-e1db-4cc0-8647-ae96820a1ee0']",16,,,,,,,,,,,,,,,,,,Namibia,4980,00:00:16.239,Carry,True
,,"[17.6, 45.1]",,,,,,,,,,,23.219824,,,,,,,,,,,,021a0973-cb34-441e-91cd-84cade23618f,1426,,"[5.6, 28.7]",3920417,45,,,,,,,,,,,,,,,,,,,,,,,,2,Regular Play,Lloyd Junior Kazapua,125324.0,Goalkeeper,87,Mali,4930,"['fd19b3c4-4ee4-4077-837d-c99f0205e7f9', 'baa439c0-d1da-4aee-9c39-e5eacf694a77']",43,,,,,,,,,,,,,,,,,,Namibia,4980,00:00:43.248,Carry,
,,"[80.6, 65.0]",,,,,,,,,,,0.855301,,,,,,,,,,,,867e85f4-17f2-47d7-be26-5fb92ca06f2e,1437,,"[81.4, 71.8]",3920417,46,,,,,,,,,,,,,,,,,,,,,,,,2,Regular Play,Muzeu Bethuel,389319.0,Right Midfield,88,Namibia,4980,"['c2670517-badb-4f4d-8e61-bb5eae33f6d7', '00386697-1952-43b5-a978-ee2ab380818b', '2ccfd574-b490-4b24-bcc3-4ffd809eda9d']",16,,,,,,,,,,,,,,,,,,Namibia,4980,00:01:16.112,Carry,True
,,"[75.3, 66.3]",,,,,,,,,,,1.504145,,,,,,,,,,,,688ecb8b-0361-4532-8e8e-45fb0bcca60c,1441,,"[80.6, 65.0]",3920417,46,,,,,,,,,,,,,,,,,,,,,,,,2,Regular Play,Muzeu Bethuel,389319.0,Right Midfield,88,Namibia,4980,"['1f8570a6-5550-4433-aad4-cb774249cfa6', '98740945-2fbc-45ed-af1e-0437ec6ea34e', '00386697-1952-43b5-a978-ee2ab380818b']",16,,,,,,,,,,,,,,,,,,Namibia,4980,00:01:16.967,Carry,True
,,"[84.0, 9.1]",,,,,,,,,,,0.928687,,,,,,,,,,,,b7833f74-0b20-4065-afb9-fc740f1667ff,1444,,"[85.1, 11.8]",3920417,46,,,,,,,,,,,,,,,,,,,,,,,,2,Regular Play,Deon Hotto Kavendji,64612.0,Left Midfield,88,Namibia,4980,"['79f302ba-a820-4b0e-9515-0264d4dc07bb', '82e38bcd-7f9f-4021-9c4b-f7c176c8c62e']",21,,,,,,,,,,,,,,,,,,Namibia,4980,00:01:21.425,Carry,
,,"[65.6, 6.3]",,,,,,,,,,,0.639997,,,,,,,,,,,,f55f9a34-52e7-4ee0-99dd-fa15856a32c3,1447,,"[67.2, 7.9]",3920417,46,,,,,,,,,,,,,,,,,,,,,,,,2,Regular Play,Riaan Hanamub,65555.0,Left Back,88,Namibia,4980,"['675ae86b-48f2-48df-8090-111c324882da', '5ca0854f-4bda-4b08-b8c0-413ed36bd534']",24,,,,,,,,,,,,,,,,,,Namibia,4980,00:01:24.506,Carry,
,,"[42.2, 7.7]",,,,,,,,,,,2.306531,,,,,,,,,,,,76f978de-089e-4087-b319-0e178e598f28,1450,,"[42.0, 9.0]",3920417,46,,,,,,,,,,,,,,,,,,,,,,,,2,Regular Play,Lubeni Haukongo,135004.0,Left Center Back,88,Namibia,4980,"['3e276621-85c9-4a3a-a180-9c4566e3f468', 'f66518ee-bf48-4911-aae1-11feb1a9d1ee']",26,,,,,,,,,,,,,,,,,,Namibia,4980,00:01:26.746,Carry,
,,"[48.6, 16.6]",,,,,,,,,,,0.08,,,,,,,,,,,,118b9705-9349-4cae-be69-c401e4904a49,1454,,"[49.4, 18.4]",3920417,46,,,,,,,,,,,,,,,,,,,,,,,,2,Regular Play,Aprocious Petrus,136406.0,Center Defensive Midfield,88,Namibia,4980,"['5adb2a03-0fd9-4ee0-b09b-819f62529c4e', 'cac3dec8-e25d-49d1-9d67-7ce74afe937b', 'a48d8611-bd08-4470-b6d4-8e2839903a38']",30,,,,,,,,,,,,,,,,,,Namibia,4980,00:01:30.132,Carry,True
,,"[62.0, 52.4]",,,,,,,,,,,0.719808,,,,,,,,,,,,b61121a3-7881-48b6-b6bf-083f184c0936,1471,,"[62.9, 53.5]",3920417,47,,,,,,,,,,,,,,,,,,,,,,,,2,Regular Play,Muzeu Bethuel,389319.0,Right Midfield,91,Namibia,4980,"['afd8bd87-4c14-4c8a-b62d-d36707996665', 'c4ef7f1e-c8b6-480d-96d4-01ed9c098242', 'de14093b-5acb-47e0-aa5a-87f2b7e4ad98']",9,,,,,,,,,,,,,,,,,,Namibia,4980,00:02:09.433,Carry,True
,,"[55.1, 62.0]",,,,,,,,,,,1.688864,,,,,,,,,,,,dda49ca3-2a83-458d-8e28-02eadf7f0647,1475,,"[55.3, 63.5]",3920417,47,,,,,,,,,,,,,,,,,,,,,,,,2,Regular Play,Ivan Kamberipa,103799.0,Right Back,91,Namibia,4980,"['8c6f4260-e0a5-41d9-8816-9a88ebb0b192', 'd7ecc523-eef6-4b17-8d9f-df8d0ad1e3a5']",11,,,,,,,,,,,,,,,,,,Namibia,4980,00:02:11.663,Carry,
,,"[37.6, 60.6]",,,,,,,,,,,1.626415,,,,,,,,,,,,dfeb2760-14be-426c-8fe0-897bda31826d,1478,,"[37.0, 58.1]",3920417,47,,,,,,,,,,,,,,,,,,,,,,,,2,Regular Play,Kennedy Amutenya,264381.0,Right Center Back,91,Namibia,4980,"['e879fe99-2cf3-4b00-b7aa-b7a36ce98951', 'e2e6dc94-c765-4b77-8396-8b61ed9a74af']",15,,,,,,,,,,,,,,,,,,Namibia,4980,00:02:15.072,Carry,
,,"[41.2, 3.3]",,,,,,,,,,,0.208511,,,,,,,,,,,,cf61f4de-b21d-41e1-b0d0-1292fa151ef9,1484,,"[42.2, 4.2]",3920417,47,,,,,,,,,,,,,,,,,,,,,,,,2,Regular Play,Moussa Diarra,32952.0,Left Back,92,Mali,4930,"['7f0507aa-a249-44fb-b54d-78cad03b485f', 'fb00572c-0813-41e3-81f4-8b94aabacc60', 'ea8f3d6b-37e6-42e5-a2f3-0bbccf8173f5']",21,,,,,,,,,,,,,,,,,,Mali,4930,00:02:21.276,Carry,True
,,"[29.5, 48.1]",,,,,,,,,,,3.600796,,,,,,,,,,,,e70f2e36-7e44-4a82-891f-e4e48c50931e,1493,,"[23.7, 41.6]",3920417,47,,,,,,,,,,,,,,,,,,,,,,,,2,From Throw In,Boubakar Kouyate,23331.0,Right Center Back,93,Mali,4930,"['33fe1e0a-39d1-4293-a6c6-4656fd4232f6', '4378ac03-6aef-4fcb-b537-6915811900dc']",31,,,,,,,,,,,,,,,,,,Mali,4930,00:02:31.367,Carry,
,,"[43.2, 38.9]",,,,,,,,,,,1.699118,,,,,,,,,,,,1e281f47-3d3b-4cff-8f38-3f5f33ec1854,1496,,"[39.5, 27.7]",3920417,47,,,,,,,,,,,,,,,,,,,,,,,,2,From Throw In,Yves Bissouma,4385.0,Left Defensive Midfield,93,Mali,4930,"['f39f2f36-112a-4490-ad14-b1a8693a2276', '3803f93d-af93-4f65-a6c2-563a002e8214']",36,,,,,,,,,,,,,,,,,,Mali,4930,00:02:36.137,Carry,
,,"[38.6, 33.6]",,,,,,,,,,,0.2073,,,,,,,,,,,,0dc2a5e0-652e-4bb7-bdc1-f53f5d6abf13,1505,,"[39.2, 32.7]",3920417,48,,,,,,,,,,,,,,,,,,,,,,,,2,From Throw In,Aliou Dieng,67714.0,Right Defensive Midfield,93,Mali,4930,"['1c9a3bb0-108d-43c0-9b52-235ad002f7b4', 'e7a6d94f-b2ae-423e-89f9-6f535c74577c']",5,,,,,,,,,,,,,,,,,,Mali,4930,00:03:05.719,Carry,
,,"[47.9, 32.4]",,,,,,,,,,,0.149916,,,,,,,,,,,,f51c4810-04ed-491d-8663-96916c8dfa23,1509,,"[49.0, 31.3]",3920417,48,,,,,,,,,,,,,,,,,,,,,,,,2,From Throw In,Youssoufou Niakaté,51750.0,Right Center Forward,93,Mali,4930,"['31ae23fb-e0b8-4d18-a18f-81ded287459b', '8de1619b-0db1-4972-ad39-84bdc0002675', '3f949506-8269-43ea-8bca-9c4531ca3f33']",6,,,,,,,,,,,,,,,,,,Mali,4930,00:03:06.343,Carry,True
,,"[79.2, 53.4]",,,,,,,,,,,0.961045,,,,,,,,,,,,3077cd9f-20da-45ef-8e9b-9916f5140969,1512,,"[78.7, 53.7]",3920417,48,,,,,,,,,,,,,,,,,,,,,,,,2,Regular Play,Prins Menelik Tjiueza,103803.0,Right Center Midfield,94,Namibia,4980,"['fa41cc26-6a1d-4d23-898d-fd6d8a3d9e45', 'efe60bba-3af1-47c6-885d-b71d6badb2f2', '0d4e5c3a-c81c-4cc4-aedf-5beb638c6860']",7,,,,,,,,,,,,,,,,,,Namibia,4980,00:03:07.375,Carry,True
,,"[77.0, 56.0]",,,,,,,,,,,1.987937,,,,,,,,,,,,d9462a77-1663-43ef-b5fa-a93c55964ca8,1516,,"[78.1, 57.9]",3920417,48,,,,,,,,,,,,,,,,,,,,,,,,2,Regular Play,Muzeu Bethuel,389319.0,Right Midfield,94,Namibia,4980,"['3377ef40-745e-4378-bdef-076bd944ad0c', '0e474489-d3d2-42e9-885a-b3c87c745dbd']",8,,,,,,,,,,,,,,,,,,Namibia,4980,00:03:08.670,Carry,
,,"[79.2, 32.1]",,,,,,,,,,,0.075604,,,,,,,,,,,,5779299e-118b-4e90-91fb-f67d4b4536a7,1519,,"[78.6, 32.7]",3920417,48,,,,,,,,,,,,,,,,,,,,,,,,2,Regular Play,Ngero Kaanjuka Katua,389316.0,Left Center Midfield,94,Namibia,4980,"['9c332915-72ca-4ab3-966d-68770a61e5cf', 'a89c96e5-5f20-4caf-8ae9-f0330e371cd6']",11,,,,,,,,,,,,,,,,,,Namibia,4980,00:03:11.658,Carry,
,,"[84.8, 24.6]",,,,,,,,,,,0.640966,,,,,,,,,,,,57a0a42a-6507-43b5-9903-b0e600c84e41,1522,,"[85.4, 27.0]",3920417,48,,,,,,,,,,,,,,,,,,,,,,,,2,Regular Play,Deon Hotto Kavendji,64612.0,Left Midfield,94,Namibia,4980,"['d5712f92-da85-4a2e-896e-559e6cbb5c66', 'b4fc0930-a887-429c-9ab2-c222e7bab184']",12,,,,,,,,,,,,,,,,,,Namibia,4980,00:03:12.431,Carry,
,,"[71.4, 25.9]",,,,,,,,,,,4.879873,,,,,,,,,,,,9afce8d6-17ce-4259-8330-f18d02652ff0,1525,,"[79.7, 15.1]",3920417,48,,,,,,,,,,,,,,,,,,,,,,,,2,Regular Play,Ngero Kaanjuka Katua,389316.0,Left Center Midfield,94,Namibia,4980,"['4d30d58a-7a95-4a71-95eb-027c30c7c4e1', '9571346f-ac7c-4227-9682-3e799bbe340f']",13,,,,,,,,,,,,,,,,,,Namibia,4980,00:03:13.649,Carry,
,,"[52.8, 17.6]",,,,,,,,,,,1.26352,,,,,,,,,,,,5bbf57a6-20e0-4f0c-8898-083dcb913f80,1528,,"[55.1, 15.7]",3920417,48,,,,,,,,,,,,,,,,,,,,,,,,2,Regular Play,Lubeni Haukongo,135004.0,Left Center Back,94,Namibia,4980,"['7306452b-f124-4347-b43c-2fc3b4b31ee2', 'd889dd54-04db-4d6a-ab64-e17e10e4d0ca']",19,,,,,,,,,,,,,,,,,,Namibia,4980,00:03:19.889,Carry,
,,"[32.9, 40.1]",,,,,,,,,,,1.457203,,,,,,,,,,,,512fd5d3-49a2-474f-8e95-7247c6576c8e,1531,,"[29.0, 41.0]",3920417,48,,,,,,,,,,,,,,,,,,,,,,,,2,Regular Play,Lloyd Junior Kazapua,125324.0,Goalkeeper,94,Namibia,4980,"['0effad7d-beb4-4be1-94f8-0b45cac338b9', 'd724ca9c-2d96-405f-9b19-8242c83a0847']",23,,,,,,,,,,,,,,,,,,Namibia,4980,00:03:23.632,Carry,
,,"[9.2, 71.7]",,,,,,,,,,,1.119871,,,,,,,,,,,,1c5646bd-735c-4d6a-8063-d9a0e1ac7f1b,1538,,"[7.3, 72.2]",3920417,48,,,,,,,,,,,,,,,,,,,,,,,,2,Regular Play,Boubakar Kouyate,23331.0,Right Center Back,94,Namibia,4980,"['c0c6a4a3-6a71-4a40-aee8-8fe0fe432529', '8bb753ec-ae55-498c-8627-8fe468ef7ff1', 'dc6b3765-6806-4ed5-879e-b61cdb6f0b2d']",32,,,,,,,,,,,,,,,,,,Mali,4930,00:03:32.294,Carry,True
,,"[116.5, 4.8]",,,,,,,,,,,0.45645002,,,,,,,,,,,,e5e239f2-8b25-4114-9fc6-4e060ecceb45,1550,,"[115.3, 11.2]",3920417,49,,,,,,,,,,,,,,,,,,,,,,,,2,From Throw In,Peter Shalulile,65723.0,Center Forward,96,Namibia,4980,"['2c711d21-a2af-45c2-89a0-0c8daf66c9f5', '3ee17caf-a31b-4b42-a0aa-8301c20ccc29']",22,,,,,,,,,,,,,,,,,,Namibia,4980,00:04:22.804,Carry,
,,"[22.6, 70.5]",,,,,,,,,,,0.197566,,,,,,,,,,,,9f5ec8cd-09e7-463b-9c88-71666089e82a,1554,,"[21.5, 69.9]",3920417,49,,,,,,,,,,,,,,,,,,,,,,,,2,From Throw In,Aliou Dieng,67714.0,Right Defensive Midfield,97,Mali,4930,"['305308c8-3ffc-4180-a75b-a7fa4e798e5d', '62b8ba75-ce3f-49b1-a7e5-0ee634363f54']",36,,,,,,,,,,,,,,,,,,Mali,4930,00:04:36.844,Carry,
,,"[21.2, 74.7]",,,,,,,,,,,0.962506,,,,,,,,,,,,f29054c7-941e-4d26-9e91-a2617721f5d8,1557,,"[20.3, 74.7]",3920417,49,,,,,,,,,,,,,,,,,,,,,,,,2,From Throw In,Hamari Traoré,3248.0,Right Back,97,Mali,4930,"['0b36b74c-05da-4fe3-a50e-b3181c5d87b9', '06dd8cd5-c83a-45b8-881c-e4ce5afb925f']",38,,,,,,,,,,,,,,,,,,Mali,4930,00:04:38.544,Carry,
,,"[31.1, 10.0]",,,,,,,,,,,3.292389,,,,,,,,,,,,50d43ee2-50b4-4589-aa69-58c3812835af,1560,,"[18.9, 17.5]",3920417,49,,,,,,,,,,,,,,,,,,,,,,,,2,From Throw In,Moussa Diarra,32952.0,Left Back,97,Mali,4930,"['2c04c7fc-385d-47e2-a3b1-4c6605c921b9', 'a9e96811-a317-42d8-be9d-56d86f8c3b82']",42,,,,,,,,,,,,,,,,,,Mali,4930,00:04:42.263,Carry,
,,"[45.4, 2.5]",,,,,,,,,,,0.947512,,,,,,,,,,,,f4721574-3961-4b53-a296-d3f8762d7889,1563,,"[46.1, 1.9]",3920417,49,,,,,,,,,,,,,,,,,,,,,,,,2,From Throw In,Nene Dorgeles,199653.0,Left Midfield,97,Mali,4930,"['753baa05-0640-46ba-aadf-a8f3268bf5d3', 'a33c0864-4dc7-4ce8-b413-879029c8c334']",46,,,,,,,,,,,,,,,,,,Mali,4930,00:04:46.798,Carry,
,,"[31.5, 8.5]",,,,,,,,,,,1.593837,,,,,,,,,,,,26f26b90-4635-4821-a709-484ba5bd3233,1566,,"[29.5, 6.9]",3920417,49,,,,,,,,,,,,,,,,,,,,,,,,2,From Throw In,Moussa Diarra,32952.0,Left Back,97,Mali,4930,"['00d63882-0aba-4700-8616-104a5f470251', 'f7ab2afc-289f-4208-86ac-f540a35df3f3']",49,,,,,,,,,,,,,,,,,,Mali,4930,00:04:49.103,Carry,
,,"[44.0, 42.0]",,,,,,,,,,,5.479192,,,,,,,,,,,,8b85d5f2-56b6-4e72-850c-9ff097225939,1569,,"[25.0, 24.5]",3920417,49,,,,,,,,,,,,,,,,,,,,,,,,2,From Throw In,Sikou Niakate,7295.0,Left Center Back,97,Mali,4930,"['004d52c3-24c6-4ee4-b71d-6e0858e00bfb', '7d067ef2-667b-482d-bc2d-c823b8ad9e37']",52,,,,,,,,,,,,,,,,,,Mali,4930,00:04:52.059,Carry,
,,"[98.9, 9.3]",,,,,,,,,,,0.398994,,,,,,,,,,,,d4293043-1b3e-4063-ae07-344ebc6d9578,1600,,"[99.0, 9.1]",3920417,52,,,,,,,,,,,,,,,,,,,,,,,,2,From Throw In,Deon Hotto Kavendji,64612.0,Left Midfield,101,Namibia,4980,"['68a49018-8077-4042-80be-f74f8e7b61fe', '8c7b1239-962b-40f7-a169-fc8c15b068a1', 'd93bc989-de1e-4702-879d-fab75d21d36b']",23,,,,,,,,,,,,,,,,,,Namibia,4980,00:07:23.506,Carry,True
,,"[92.5, 3.7]",,,,,,,,,,,0.801723,,,,,,,,,,,,ee78ea0e-b5d7-4860-914f-7ebe44bb8800,1604,,"[91.7, 3.2]",3920417,52,,,,,,,,,,,,,,,,,,,,,,,,2,From Throw In,Riaan Hanamub,65555.0,Left Back,101,Namibia,4980,"['e7d009da-aa83-461b-8cd1-c2e54aa6796c', '01f25385-4818-4895-a286-23c1ff15f371', 'c3c7df0a-2d6c-45eb-a2c3-2f0bdb9b7a8d']",24,,,,,,,,,,,,,,,,,,Namibia,4980,00:07:24.595,Carry,True
,,"[98.9, 3.2]",,,,,,,,,,,1.876788,,,,,,,,,,,,07172249-6045-4d89-93ce-890f5175de0d,1608,,"[100.8, 3.2]",3920417,52,,,,,,,,,,,,,,,,,,,,,,,,2,From Throw In,Deon Hotto Kavendji,64612.0,Left Midfield,101,Namibia,4980,"['78c53785-413d-4ea4-9621-bdf4c3dfdfc2', 'e319d14f-6e9c-485a-b472-97207fb1fdd5', '80d938d7-f40a-4ff6-ba75-4f5adcc638ae']",25,,,,,,,,,,,,,,,,,,Namibia,4980,00:07:25.494,Carry,True
,,"[21.7, 72.8]",,,,,,,,,,,0.575459,,,,,,,,,,,,dd7d7bd3-dbf0-4bfb-8bfa-72b8457aecde,1615,,"[21.8, 71.6]",3920417,52,,,,,,,,,,,,,,,,,,,,,,,,2,Regular Play,Kamory Doumbia,162132.0,Right Center Forward,102,Mali,4930,"['53b8939b-e4e9-4ac2-9bb5-05e56fb123ae', '26a4ff9d-5fa5-4c71-8028-6bd10a4210b9']",29,,,,,,,,,,,,,,,,,,Mali,4930,00:07:29.172,Carry,
,,"[23.6, 66.4]",,,,,,,,,,,0.070541,,,,,,,,,,,,65bfe5c2-cfe7-418e-aee8-aaa0998c8293,1618,,"[23.6, 66.3]",3920417,52,,,,,,,,,,,,,,,,,,,,,,,,2,Regular Play,Aliou Dieng,67714.0,Right Defensive Midfield,102,Mali,4930,"['bd2a38d6-331f-45f7-9714-651b6a8509f4', '9112d9a3-ac01-4858-97b8-9d5394272576']",30,,,,,,,,,,,,,,,,,,Mali,4930,00:07:30.660,Carry,
,,"[110.0, 5.7]",,,,,,,,,,,3.238431,,,,,,,,,,,,04aac020-07da-4bf7-9c56-212b0dd32687,1622,,"[102.2, 10.6]",3920417,52,,,,,,,,,,,,,,,,,,,,,,,,2,Regular Play,Peter Shalulile,65723.0,Center Forward,102,Mali,4930,"['5b1db7fc-2461-4086-b4f7-8c15621eedf3', '37d9aa17-67dd-4944-9280-4d2711ea8340']",31,,,,,,,,,,,,,,,,,,Namibia,4980,00:07:31.351,Carry,
,,"[18.9, 54.2]",,,,,,,,,,,0.901314,,,,,,,,,,,,248f4387-831a-4c1b-97dd-54b2c62dcbbc,1629,,"[18.2, 52.7]",3920417,52,,,,,,,,,,,,,,,,,,,,,,,,2,From Goal Kick,Boubakar Kouyate,23331.0,Right Center Back,103,Mali,4930,"['4b899d60-685f-4e13-96b3-65861ad1a818', '532e38e8-d718-4041-958f-990de57d240b']",53,,,,,,,,,,,,,,,,,,Mali,4930,00:07:53.698,Carry,
,,"[33.2, 11.1]",,,,,,,,,,,3.163468,,,,,,,,,,,,57618607-ef1a-4947-9f9f-e68e975796d5,1632,,"[20.9, 27.7]",3920417,52,,,,,,,,,,,,,,,,,,,,,,,,2,From Goal Kick,Sikou Niakate,7295.0,Left Center Back,103,Mali,4930,"['7e080ac0-3a3b-4184-94f8-36ca27a72050', '322a57c9-b71a-4f42-a195-4126aae16410']",55,,,,,,,,,,,,,,,,,,Mali,4930,00:07:55.812,Carry,
,,"[45.9, 3.0]",,,,,,,,,,,1.221377,,,,,,,,,,,,a4f4dd3a-602d-4a1d-9f85-0204e95a5cf2,1635,,"[45.3, 1.7]",3920417,53,,,,,,,,,,,,,,,,,,,,,,,,2,From Goal Kick,Moussa Diarra,32952.0,Left Back,103,Mali,4930,"['8391bb6a-068f-4277-a8b5-d3ec3d71be9b', 'ed828e75-9020-45b7-a889-2fdad2547256']",0,,,,,,,,,,,,,,,,,,Mali,4930,00:08:00.607,Carry,
,,"[34.8, 14.1]",,,,,,,,,,,2.402013,,,,,,,,,,,,af596d82-df89-432e-932a-c0a6b94cc598,1638,,"[26.8, 11.6]",3920417,53,,,,,,,,,,,,,,,,,,,,,,,,2,From Goal Kick,Sikou Niakate,7295.0,Left Center Back,103,Mali,4930,"['21006bd7-d756-4b75-9a95-df0cc8a3c4d4', 'f41452be-a334-40ec-9493-db8dd3ef486f']",3,,,,,,,,,,,,,,,,,,Mali,4930,00:08:03.834,Carry,
,,"[86.7, 37.0]",,,,,,,,,,,1.147793,,,,,,,,,,,,f5f91c9f-7515-412c-b2a3-358128acd9cd,1643,,"[84.8, 30.9]",3920417,53,,,,,,,,,,,,,,,,,,,,,,,,2,From Throw In,Peter Shalulile,65723.0,Center Forward,104,Namibia,4980,"['97cdee38-e031-411d-9fb3-a6dab4a48e80', '3b925559-b44d-4ac8-a70c-c1b221a24160']",21,,,,,,,,,,,,,,,,,,Namibia,4980,00:08:21.661,Carry,
,,"[112.0, 27.3]",,,,,,,,,,,1.102891,,,,,,,,,,,,818e100a-2c5f-47ed-ab2e-213860246579,1646,,"[101.2, 41.0]",3920417,53,,,,,,,,,,,,,,,,,,,,,,,,2,From Throw In,Muzeu Bethuel,389319.0,Right Midfield,104,Namibia,4980,"['36515c07-f2d7-40b2-99fc-8075a3c9d84b', 'ffa47029-946c-47a6-a5b6-ebdd6e88314c']",23,,,,,,,,,,,,,,,,,,Namibia,4980,00:08:23.717,Carry,
,,"[114.2, 72.3]",,,,,,,,,,,2.598496,,,,,,,,,,,,f8981d8c-9cee-4c55-87f4-7ac4dcbf69d8,1659,,"[115.9, 67.1]",3920417,54,,,,,,,,,,,,,,,,,,,,,,,,2,From Corner,Prins Menelik Tjiueza,103803.0,Right Center Midfield,106,Namibia,4980,"['49e48c35-5c44-4e02-bb1d-825ec5af2cd1', '4477778c-6d91-4a42-b109-5ee5b41eb7df', 'b3896ec7-697a-44f7-8466-e8ba3a4f0c4a']",43,,,,,,,,,,,,,,,,,,Namibia,4980,00:09:43.478,Carry,True
,,"[105.1, 79.8]",,,,,,,,,,,0.852639,,,,,,,,,,,,90abe76a-efdd-45ae-8666-63c8fcb114a8,1663,,"[104.0, 75.9]",3920417,54,,,,,,,,,,,,,,,,,,,,,,,,2,From Corner,Aprocious Petrus,136406.0,Center Defensive Midfield,106,Namibia,4980,"['f92bd438-2be3-4ab9-91de-d1f7c1ce74a8', '18fc29b9-d8f9-4acc-9d90-9f34f039c840', '36145d87-5663-4039-ad49-aafd229c4808']",47,,,,,,,,,,,,,,,,,,Namibia,4980,00:09:47.175,Carry,True
,,"[47.3, 5.8]",,,,,,,,,,,0.060796,,,,,,,,,,,,9cc70a0a-8618-4f18-b996-4a9d3faa95f5,1668,,"[47.8, 4.9]",3920417,55,,,,,,,,,,,,,,,,,,,,,,,,2,From Throw In,Ibrahim Sissoko,8992.0,Left Center Forward,107,Mali,4930,"['fa08dfbc-7c59-40c6-8180-002ec293ef4c', '45c487e1-c7c6-495a-9bf6-03ba2abfcbc4']",12,,,,,,,,,,,,,,,,,,Mali,4930,00:10:12.908,Carry,
,,"[27.6, 3.6]",,,,,,,,,,,0.187138,,,,,,,,,,,,97ce9ef4-eb9b-44c0-ad0c-9c4d6bc62506,1671,,"[30.0, 1.3]",3920417,55,,,,,,,,,,,,,,,,,,,,,,,,2,From Throw In,Yves Bissouma,4385.0,Left Defensive Midfield,107,Mali,4930,"['c05c606b-4e07-4423-a338-40cefff57da7', '2e4e3d9a-bb7c-4a2f-8214-cba33a9dff35']",15,,,,,,,,,,,,,,,,,,Mali,4930,00:10:15.297,Carry,
,,"[29.5, 1.0]",,,,,,,,,,,0.205016,,,,,,,,,,,,b75bb4d0-62a0-4930-847d-2e058842e151,1675,,"[30.3, 2.4]",3920417,55,,,,,,,,,,,,,,,,,,,,,,,,2,From Throw In,Moussa Diarra,32952.0,Left Back,107,Mali,4930,"['05c7eea1-5708-44ad-912f-5000d600f493', 'ebf29c14-2d4f-4ccb-b9a2-a04258b4c84d', '5662f3ba-3e3e-47bc-96cf-99b90af010a5']",16,,,,,,,,,,,,,,,,,,Mali,4930,00:10:16.369,Carry,True
,,"[22.9, 14.4]",,,,,,,,,,,2.079425,,,,,,,,,,,,c2db357c-9eae-4cec-a9e1-96128a79c226,1678,,"[27.6, 5.6]",3920417,55,,,,,,,,,,,,,,,,,,,,,,,,2,From Throw In,Yves Bissouma,4385.0,Left Defensive Midfield,107,Mali,4930,"['97905ccb-f92b-4837-b212-b473731b112b', '2fafca8f-9cf3-4a37-908f-d2e041db19d5']",16,,,,,,,,,,,,,,,,,,Mali,4930,00:10:16.930,Carry,
,,"[16.4, 7.8]",,,,,,,,,,,0.830036,,,,,,,,,,,,e55e049d-737b-4174-aae4-63a454f8b4a2,1681,,"[16.4, 10.8]",3920417,55,,,,,,,,,,,,,,,,,,,,,,,,2,From Throw In,Sikou Niakate,7295.0,Left Center Back,107,Mali,4930,"['7b5ec817-f5e1-49d5-9d3b-6e9dac774b8b', 'f6a3a01f-b979-4dda-9ecd-f4797f16990d']",19,,,,,,,,,,,,,,,,,,Mali,4930,00:10:19.983,Carry,
,,"[85.3, 7.2]",,,,,,,,,,,1.168705,,,,,,,,,,,,71d9d6df-1cea-44b4-83fd-8cb697a774d9,1687,,"[78.4, 3.9]",3920417,55,,,,,,,,,,,,,,,,,,,,,,,,2,From Throw In,Nene Dorgeles,199653.0,Left Midfield,107,Mali,4930,"['c65989de-12fb-4e83-8da2-e9205a8cdd0b', '740ee244-5b79-4c6b-9153-f68776dc336e', 'e60e6c4e-9b84-4469-a641-c762c32ad1e2']",25,,,,,,,,,,,,,,,,,,Mali,4930,00:10:25.197,Carry,True
,,"[27.8, 72.0]",,,,,,,,,,,1.068867,,,,,,,,,,,,863668cc-959d-4a20-8c9f-828cd3722ac6,1691,,"[31.5, 71.6]",3920417,55,,,,,,,,,,,,,,,,,,,,,,,,2,From Throw In,Prins Menelik Tjiueza,103803.0,Right Center Midfield,107,Mali,4930,"['0b3313a6-e6fe-496b-99a6-7631838eb503', '83fbb2ce-28da-4286-afb8-3ff3e3ed4be6']",27,,,,,,,,,,,,,,,,,,Namibia,4980,00:10:27.227,Carry,
,,"[6.9, 54.8]",,,,,,,,,,,0.079999,,,,,,,,,,,,a7ed2f94-b403-4ee4-84ed-d72db1c14428,1695,,"[6.1, 55.2]",3920417,55,,,,,,,,,,,,,,,,,,,,,,,,2,From Throw In,Lloyd Junior Kazapua,125324.0,Goalkeeper,107,Mali,4930,"['68473c5f-ee00-4ada-b30b-8daf50bb08d8', '0de27e88-2fbc-4d4a-953c-bbb65a908445', '009d7f13-859d-44b7-b212-831814e86345']",30,,,,,,,,,,,,,,,,,,Namibia,4980,00:10:30.511,Carry,True
,,"[73.4, 1.9]",,,,,,,,,,,0.872128,,,,,,,,,,,,5eea0b58-aa10-4595-9650-cc9c5e79608b,1703,,"[73.4, 1.1]",3920417,55,,,,,,,,,,,,,,,,,,,,,,,,2,From Throw In,Moussa Diarra,32952.0,Left Back,108,Mali,4930,"['39244da0-76e1-43db-a932-6f70281963e0', '13628ff3-ce53-4b20-86e6-6effe8e466cb']",40,,,,,,,,,,,,,,,,,,Mali,4930,00:10:40.017,Carry,
,,"[77.3, 3.8]",,,,,,,,,,,2.533855,,,,,,,,,,,,0a148d95-fb03-46eb-b525-60d4247b8249,1706,,"[84.2, 3.1]",3920417,55,,,,,,,,,,,,,,,,,,,,,,,,2,From Throw In,Nene Dorgeles,199653.0,Right Wing,108,Mali,4930,"['bbaff0dd-3222-4341-af40-d82dc9d59cb9', '13560e63-3aaf-4087-b479-7a9f56af7204']",42,,,,,,,,,,,,,,,,,,Mali,4930,00:10:42.054,Carry,
,,"[49.7, 76.1]",,,,,,,,,,,1.076689,,,,,,,,,,,,df294722-d832-4f35-81d6-99f63f3724ee,1713,,"[49.2, 74.7]",3920417,56,,,,,,,,,,,,,,,,,,,,,,,,2,Regular Play,Boubakar Kouyate,23331.0,Right Center Back,110,Mali,4930,"['fd70adbe-9140-4b6d-b47e-8af4d4bac257', '7bad2176-ac16-47ec-a26e-63127c5a8e11', '21bdb154-1820-4ba8-9046-919354976a2a']",13,,,,,,,,,,,,,,,,,,Mali,4930,00:11:13.366,Carry,True
,,"[87.5, 70.3]",,,,,,,,,,,1.895123,,,,,,,,,,,,e6d379df-e2f6-4e06-a336-9f9761c31e28,1720,,"[83.9, 69.2]",3920417,56,,,,,,,,,,,,,,,,,,,,,,,,2,From Throw In,Kamory Doumbia,162132.0,Center Attacking Midfield,111,Mali,4930,"['794ab996-5849-46ac-83d9-9c1340bd62ed', '01137e88-5cfd-4d55-8b6d-427aa6e88eb6', '81ab052e-2093-44b2-b4e8-c1ad317e327f']",32,,,,,,,,,,,,,,,,,,Mali,4930,00:11:32.916,Carry,True
,,"[111.2, 20.7]",,,,,,,,,,,1.922149,,,,,,,,,,,,c1fcea85-f7da-42ac-ab4e-5fd82e1be8d5,1733,,"[94.0, 26.6]",3920417,57,,,,,,,,,,,,,,,,,,,,,,,,2,From Goal Kick,Prins Menelik Tjiueza,103803.0,Right Center Midfield,112,Namibia,4980,"['d97a6099-8b37-4636-8579-0d0bd399a5c1', '5e752eca-c82b-4872-9fa8-80e42aad05c1']",14,,,,,,,,,,,,,,,,,,Namibia,4980,00:12:14.075,Carry,
,,"[105.8, 3.4]",,,,,,,,,,,0.445831,,,,,,,,,,,,1c3e1cfe-39e6-41ec-b21a-3d91480c418a,1743,,"[107.5, 3.4]",3920417,58,,,,,,,,,,,,,,,,,,,,,,,,2,From Corner,Deon Hotto Kavendji,64612.0,Left Midfield,113,Namibia,4980,"['2a039e79-69ea-4073-aeb4-0b64624bf6ca', '1161fe1d-d736-4d90-b903-e52c8762d452']",7,,,,,,,,,,,,,,,,,,Namibia,4980,00:13:07.482,Carry,
,,"[96.2, 9.1]",,,,,,,,,,,0.159998,,,,,,,,,,,,f9ae8def-11ec-40b4-af6a-f5429b62ae15,1746,,"[95.3, 7.1]",3920417,58,,,,,,,,,,,,,,,,,,,,,,,,2,From Corner,Ngero Kaanjuka Katua,389316.0,Left Center Midfield,113,Namibia,4980,"['6d3c91c0-c7c0-4661-91dc-fb3a5ebc5303', '2915f5bf-7768-4a29-a127-ebc5fc7dadd0']",9,,,,,,,,,,,,,,,,,,Namibia,4980,00:13:09.294,Carry,
,,"[111.4, 9.9]",,,,,,,,,,,4.020969,,,,,,,,,,,,17425905-4d04-4d9d-ba69-aa8761708a3c,1753,,"[109.7, 10.4]",3920417,58,,,,,,,,,,,,,,,,,,,,,,,,2,From Throw In,Peter Shalulile,65723.0,Center Forward,114,Namibia,4980,"['afaf092a-fa9c-42bc-8061-a7380b7e1265', '0a7d483d-56d6-4db3-ad34-8f5180ab7043', '7901f722-3cda-4b5d-828b-ba70781c6cac', '36cd378c-1eaa-4bee-8c40-930f1b186f1c']",32,,,,,,,,,,,,,,,,,,Namibia,4980,00:13:32.633,Carry,True
,,"[96.4, 7.0]",,,,,,,,,,,2.797468,,,,,,,,,,,,c69b8dd5-ae56-4468-8398-ab7bd4224b25,1757,,"[104.7, 5.1]",3920417,58,,,,,,,,,,,,,,,,,,,,,,,,2,From Throw In,Deon Hotto Kavendji,64612.0,Left Midfield,114,Namibia,4980,"['636c754f-ea14-438c-bf29-88dd29897bb3', 'e3d58786-318b-4f20-9e40-49abcaa74927', 'd0987e9e-79da-4817-81c7-a94b7c4fa26a']",37,,,,,,,,,,,,,,,,,,Namibia,4980,00:13:37.620,Carry,True
,,"[85.4, 77.3]",,,,,,,,,,,0.100467004,,,,,,,,,,,,8bb56735-f4a2-43d2-b85c-2287ba7604a4,1762,,"[85.8, 75.1]",3920417,58,,,,,,,,,,,,,,,,,,,,,,,,2,From Throw In,Ivan Kamberipa,103799.0,Right Back,114,Namibia,4980,"['2006e04a-d476-4695-a5eb-271853ead34c', '19e0911c-6068-43eb-b01f-2dd130a5f0b5']",46,,,,,,,,,,,,,,,,,,Namibia,4980,00:13:46.329,Carry,
,,"[98.4, 78.8]",,,,,,,,,,,2.640335,,,,,,,,,,,,b0e5e7a4-1780-412e-803f-49f456ed315c,1768,,"[99.5, 73.1]",3920417,58,,,,,,,,,,,,,,,,,,,,,,,,2,From Throw In,Muzeu Bethuel,389319.0,Right Midfield,115,Namibia,4980,"['859a7e64-1e40-48dc-b8bb-d9d0a034c42f', '1340658d-1722-4775-aad8-a490a4837e17', '306fcbd8-aa30-4530-93c2-c75c65910069']",59,,,,,,,,,,,,,,,,,,Namibia,4980,00:13:59.383,Carry,True
,,"[111.4, 68.5]",,,,,,,,,,,0.159999,,,,,,,,,,,,b7715f82-f0c8-4953-b6d3-66ca6ddf9f57,1775,,"[111.5, 67.1]",3920417,59,,,,,,,,,,,,,,,,,,,,,,,,2,From Throw In,Muzeu Bethuel,389319.0,Right Midfield,116,Namibia,4980,"['1ae48322-5632-4c48-aeba-8b3829b714c6', '1c21d03c-d7a5-4148-ac64-5a0cd807be6f']",22,,,,,,,,,,,,,,,,,,Namibia,4980,00:14:22.134,Carry,
,,"[98.3, 74.5]",,,,,,,,,,,0.159999,,,,,,,,,,,,392d71a0-6c7c-4858-8443-ef178dd81bc4,1778,,"[99.0, 75.9]",3920417,59,,,,,,,,,,,,,,,,,,,,,,,,2,From Throw In,Ivan Kamberipa,103799.0,Right Back,116,Namibia,4980,"['9ff7d6ca-b2e8-4dc2-a323-789a07303c70', '008eafd3-311c-479a-9582-753bbe3b9ff5']",23,,,,,,,,,,,,,,,,,,Namibia,4980,00:14:23.512,Carry,
,,"[87.2, 51.6]",,,,,,,,,,,0.487726,,,,,,,,,,,,1f695753-4f72-4805-95c6-4fd7a5146abe,1783,,"[86.9, 48.5]",3920417,59,,,,,,,,,,,,,,,,,,,,,,,,2,From Throw In,Deon Hotto Kavendji,64612.0,Left Midfield,116,Namibia,4980,"['d97a47c1-f01f-4b75-a2e2-7642c017f23a', '8acbf89d-0a75-4cdc-b15d-1479595f61d3']",27,,,,,,,,,,,,,,,,,,Namibia,4980,00:14:27.269,Carry,
,,"[95.6, 50.9]",,,,,,,,,,,0.812686,,,,,,,,,,,,b9c8d819-d356-4701-8163-32c2aebe0ea2,1786,,"[95.9, 51.8]",3920417,59,,,,,,,,,,,,,,,,,,,,,,,,2,From Throw In,Muzeu Bethuel,389319.0,Right Midfield,116,Namibia,4980,"['857d7409-72ec-432a-b3d1-14cf9a7a324a', '31f545b6-00ce-423d-b32c-4afe50293bcc']",28,,,,,,,,,,,,,,,,,,Namibia,4980,00:14:28.596,Carry,
,,"[91.9, 19.0]",,,,,,,,,,,1.506996,,,,,,,,,,,,1892eb16-1c9d-4dba-a29e-df34fb89b209,1789,,"[86.5, 15.7]",3920417,59,,,,,,,,,,,,,,,,,,,,,,,,2,From Throw In,Riaan Hanamub,65555.0,Left Back,116,Namibia,4980,"['e0130e14-edaf-4083-a4ac-f45d1cf0782e', 'be030811-b78e-408b-a701-af5c7250dd36']",31,,,,,,,,,,,,,,,,,,Namibia,4980,00:14:31.304,Carry,
,,"[14.3, 22.5]",,,,,,,,,,,0.811329,,,,,,,,,,,,fcf3b4dd-8b19-43af-90cd-47abb911187d,1797,,"[13.1, 22.5]",3920417,59,,,,,,,,,,,,,,,,,,,,,,,,2,From Counter,Fousseni Diabaté,3710.0,Left Wing,117,Mali,4930,"['eef8b983-d43b-4ae4-8f76-36a2b952769c', '98c0cc8d-3352-415f-b4ad-90cef8dd991b', 'db2d6fd4-dcd3-45e5-8f9d-c35d07ffdeb3']",37,,,,,,,,,,,,,,,,,,Mali,4930,00:14:37.017,Carry,True
,,"[29.5, 23.1]",,,,,,,,,,,1.479686,,,,,,,,,,,,78a1d6b7-5609-4481-ab74-b162c23c1dda,1800,,"[22.5, 25.8]",3920417,59,,,,,,,,,,,,,,,,,,,,,,,,2,From Counter,Kamory Doumbia,162132.0,Center Attacking Midfield,117,Mali,4930,"['69b9d9c3-26fc-4c4a-94f7-f37024af2346', 'da6d484c-23f5-4826-8853-71f4c93a03e4']",38,,,,,,,,,,,,,,,,,,Mali,4930,00:14:38.317,Carry,
,,"[36.5, 9.1]",,,,,,,,,,,0.181237,,,,,,,,,,,,9adb97dd-55e1-4715-a770-254f031bd28d,1803,,"[36.1, 7.8]",3920417,59,,,,,,,,,,,,,,,,,,,,,,,,2,From Counter,Fousseni Diabaté,3710.0,Left Wing,117,Mali,4930,"['7c02682e-094a-4d47-832c-7ab7f342f8b1', '58d817cc-a0d4-4261-9771-34e7f40d3bb4']",41,,,,,,,,,,,,,,,,,,Mali,4930,00:14:41.389,Carry,
,,"[78.6, 39.9]",,,,,,,,,,,0.197026,,,,,,,,,,,,a32a3351-ae68-43f3-aa5d-8b3e77796e27,1806,,"[78.4, 38.5]",3920417,59,,,,,,,,,,,,,,,,,,,,,,,,2,From Counter,Nene Dorgeles,199653.0,Right Wing,117,Mali,4930,"['6bc54f67-839e-4b43-a644-cfd49bfab360', '3ec9c69a-30a2-4569-8783-2643a2ab354f']",44,,,,,,,,,,,,,,,,,,Mali,4930,00:14:44.209,Carry,
,,"[43.1, 24.0]",,,,,,,,,,,0.403569,,,,,,,,,,,,1860089e-3286-45aa-b064-2402d63fbce9,1810,,"[40.9, 24.8]",3920417,59,,,,,,,,,,,,,,,,,,,,,,,,2,Regular Play,Riaan Hanamub,65555.0,Left Back,118,Namibia,4980,"['200a739e-98c9-4060-900f-88488cad33d2', '83f05bcb-17f3-45b6-b207-b55b4388c13e', '212def69-25ea-470f-9832-a47bb28f00b6', '4027dc20-bfec-4d4e-bb7b-5e209c73afb1']",46,,,,,,,,,,,,,,,,,,Namibia,4980,00:14:46.745,Carry,True
,,"[27.6, 0.1]",,,,,,,,,,,2.715313,,,,,,,,,,,,0890e994-283b-4a7e-810f-5f189bc54173,1818,,"[23.7, 6.9]",3920417,60,,,,,,,,,,,,,,,,,,,,,,,,2,From Free Kick,Moussa Diarra,32952.0,Left Back,119,Namibia,4980,"['155c4dd0-3eff-4aaf-923d-79ab3c433f68', 'b5fc0ce4-536f-4c9d-ae96-89672c9c6c5f', 'd03901e4-7367-42a3-8ffd-eb582a4c61ed']",26,,,,,,,,,,,,,,,,,,Mali,4930,00:15:26.248,Carry,True
,,"[116.9, 76.3]",,,,,,,,,,,6.34782,,,,,,,,,,,,c1fc4f80-6ad5-476e-8c5b-5bab65523c15,1824,,"[110.9, 66.8]",3920417,60,,,,,,,,,,,,,,,,,,,,,,,,2,From Throw In,Muzeu Bethuel,389319.0,Right Midfield,120,Namibia,4980,"['c252f522-1475-4b3a-921b-2bcaee0170ea', '5daa4457-915e-4314-b4db-880f2f91f09c', 'e00dd6f9-b140-4c4b-9913-9dfe99006b6e']",55,,,,,,,,,,,,,,,,,,Namibia,4980,00:15:55.569,Carry,True
,,"[105.0, 65.1]",,,,,,,,,,,2.250847,,,,,,,,,,,,b12593eb-ef7e-4723-8657-80f674294819,1831,,"[111.4, 65.2]",3920417,61,,,,,,,,,,,,,,,,,,,,,,,,2,From Throw In,Muzeu Bethuel,389319.0,Right Midfield,121,Namibia,4980,"['469cf957-0f9e-486a-a9bf-17748060bb99', 'c3f6aff8-1759-4848-8b24-2040a4fe11fc', '2d55200d-0842-4da8-ab34-c4799c75ddcd']",17,,,,,,,,,,,,,,,,,,Namibia,4980,00:16:17.586,Carry,True
,,"[96.9, 70.6]",,,,,,,,,,,2.455641,,,,,,,,,,,,7e813fe6-3ba9-4093-8c51-4e1cf6015f2b,1834,,"[96.4, 69.6]",3920417,61,,,,,,,,,,,,,,,,,,,,,,,,2,From Throw In,Aprocious Petrus,136406.0,Center Defensive Midfield,121,Namibia,4980,"['f269b61f-596a-4632-b8a5-d12589deda5f', '6bd0f9e5-3ec6-4a85-834f-a7f992080043', 'c782abef-aed6-423c-97bc-7a07f2d02902']",20,,,,,,,,,,,,,,,,,,Namibia,4980,00:16:20.004,Carry,True
,,"[84.2, 58.1]",,,,,,,,,,,1.598708,,,,,,,,,,,,ff1441d6-c835-4e9f-a6ca-e078ea985f01,1839,,"[85.4, 59.5]",3920417,61,,,,,,,,,,,,,,,,,,,,,,,,2,From Throw In,Ngero Kaanjuka Katua,389316.0,Left Center Midfield,121,Namibia,4980,"['bcca1aa1-c139-48dc-9065-e38341ff0b4c', '6cb9e518-65ef-497e-bcdd-830539818481']",23,,,,,,,,,,,,,,,,,,Namibia,4980,00:16:23.299,Carry,
,,"[75.8, 25.4]",,,,,,,,,,,1.639999,,,,,,,,,,,,a6e376ff-0a8c-4009-9992-20091e5a9e28,1842,,"[75.3, 27.6]",3920417,61,,,,,,,,,,,,,,,,,,,,,,,,2,From Throw In,Riaan Hanamub,65555.0,Left Back,121,Namibia,4980,"['8ce20d65-7680-4292-a973-7a08c0ee5ba9', '1ea8f580-da0c-4e51-89fd-4c25be529edc']",26,,,,,,,,,,,,,,,,,,Namibia,4980,00:16:26.617,Carry,
,,"[86.5, 15.7]",,,,,,,,,,,2.65453,,,,,,,,,,,,7a7d5f8f-fa17-4059-97ca-20ff12ef5c87,1845,,"[85.4, 7.0]",3920417,61,,,,,,,,,,,,,,,,,,,,,,,,2,From Throw In,Deon Hotto Kavendji,64612.0,Left Midfield,121,Namibia,4980,"['d2b0e2cd-42c7-498f-a0ce-d5dbbaaae781', 'cc872215-56cb-4065-8108-7f37d4dca644']",29,,,,,,,,,,,,,,,,,,Namibia,4980,00:16:29.897,Carry,
,,"[77.5, 15.7]",,,,,,,,,,,1.020814,,,,,,,,,,,,65b7eb89-36f0-4ddd-8329-a0c02ed6ba86,1848,,"[77.5, 21.6]",3920417,61,,,,,,,,,,,,,,,,,,,,,,,,2,From Throw In,Lubeni Haukongo,135004.0,Left Center Back,121,Namibia,4980,"['b6caf248-1631-45c0-9707-97b97f1f1330', 'e3fb2e7b-cbde-4447-b8a6-0529e0388264']",33,,,,,,,,,,,,,,,,,,Namibia,4980,00:16:33.787,Carry,
,,"[92.0, 4.0]",,,,,,,,,,,1.737527,,,,,,,,,,,,17aa151d-a3e8-46af-9a41-0e06e750a6a2,1851,,"[91.4, 5.7]",3920417,61,,,,,,,,,,,,,,,,,,,,,,,,2,From Throw In,Riaan Hanamub,65555.0,Left Back,121,Namibia,4980,"['148ddedd-f4c5-4c52-9ed7-c0b3ce0f091d', '32dd625e-aefa-47b3-a7d6-1a13da78164a']",35,,,,,,,,,,,,,,,,,,Namibia,4980,00:16:35.643,Carry,
,,"[90.1, 5.9]",,,,,,,,,,,0.860485,,,,,,,,,,,,28c9a013-6a9f-4b3f-a288-734e0bc9c99c,1856,,"[90.8, 5.2]",3920417,61,,,,,,,,,,,,,,,,,,,,,,,,2,From Throw In,Riaan Hanamub,65555.0,Left Back,121,Namibia,4980,"['ef7b5931-e6d1-4362-b54d-b185612050b5', '3425e95b-4b35-422d-9d4f-cdd3a5c3302a']",38,,,,,,,,,,,,,,,,,,Namibia,4980,00:16:38.254,Carry,
,,"[56.5, 22.3]",,,,,,,,,,,1.006494,,,,,,,,,,,,e59445fe-2303-4c86-a581-d0f4946af2d2,1859,,"[56.1, 19.5]",3920417,61,,,,,,,,,,,,,,,,,,,,,,,,2,From Throw In,Lubeni Haukongo,135004.0,Left Center Back,121,Namibia,4980,"['49da15c2-78c1-48bf-8655-541b9788c929', '6f4d44e8-91bc-4553-9890-4386e3c11edd']",41,,,,,,,,,,,,,,,,,,Namibia,4980,00:16:41.242,Carry,
,,"[55.4, 61.3]",,,,,,,,,,,0.719995,,,,,,,,,,,,c7debd71-c346-4878-ab72-b87f95b079d0,1862,,"[54.8, 54.3]",3920417,61,,,,,,,,,,,,,,,,,,,,,,,,2,From Throw In,Kennedy Amutenya,264381.0,Right Center Back,121,Namibia,4980,"['a01438f4-3dc3-4f07-802c-5abd8da77d92', '4319799b-5927-4d8c-8058-9709130479dc']",45,,,,,,,,,,,,,,,,,,Namibia,4980,00:16:45.089,Carry,
,,"[69.5, 75.7]",,,,,,,,,,,0.283593,,,,,,,,,,,,68b9a81b-00c0-42eb-b272-7f70cfd7a38f,1865,,"[68.6, 78.2]",3920417,61,,,,,,,,,,,,,,,,,,,,,,,,2,From Throw In,Prins Menelik Tjiueza,103803.0,Right Center Midfield,121,Namibia,4980,"['94826de4-5903-462e-86af-7488e1b47754', 'f104f81a-7280-4c1d-b330-df4acb07cb50']",48,,,,,,,,,,,,,,,,,,Namibia,4980,00:16:48.209,Carry,
,,"[69.5, 64.0]",,,,,,,,,,,0.524572,,,,,,,,,,,,5aaeabdc-2325-4333-9336-138c629f2bea,1868,,"[75.0, 59.5]",3920417,61,,,,,,,,,,,,,,,,,,,,,,,,2,From Throw In,Muzeu Bethuel,389319.0,Right Midfield,121,Namibia,4980,"['4debd181-d3cf-41ea-9374-ce7725697fe8', '2aee5570-9ba5-4958-b35e-42a1aabc40be', '9c9478ac-3756-4047-b5b5-39e7e5ca1087']",49,,,,,,,,,,,,,,,,,,Namibia,4980,00:16:49.407,Carry,True
,,"[63.7, 63.8]",,,,,,,,,,,1.843033,,,,,,,,,,,,cc545ded-7bde-4d46-a096-1c4d682a8a0e,1873,,"[66.9, 65.1]",3920417,61,,,,,,,,,,,,,,,,,,,,,,,,2,From Throw In,Aprocious Petrus,136406.0,Center Defensive Midfield,121,Namibia,4980,"['32009d20-43e0-418f-8f76-0b6cc222e2fd', '993c20c5-b226-456b-b9af-971b10a23851']",50,,,,,,,,,,,,,,,,,,Namibia,4980,00:16:50.453,Carry,
,,"[48.7, 16.7]",,,,,,,,,,,0.064341,,,,,,,,,,,,ad7d7f08-21c5-42e3-bb2a-3c0b5714e5f9,1880,,"[47.9, 19.9]",3920417,61,,,,,,,,,,,,,,,,,,,,,,,,2,Regular Play,Aliou Dieng,67714.0,Right Defensive Midfield,122,Mali,4930,"['9228785f-d389-4200-87a7-f4505b4254e1', '949a682f-3d7b-4c30-9912-f0a2c30c4ac4', '402ca133-9284-4999-bc59-bb3981946559']",54,,,,,,,,,,,,,,,,,,Mali,4930,00:16:54.546,Carry,True
,,"[47.8, 22.2]",,,,,,,,,,,0.43043,,,,,,,,,,,,530e546e-c974-4178-9cfb-e71d4cfe6ef5,1884,,"[64.0, 2.2]",3920417,61,,,,,,,,,,,,,,,,,,,,,,,,2,Regular Play,Yves Bissouma,4385.0,Left Defensive Midfield,122,Mali,4930,"['172492ae-15dd-488c-b2e3-607b4e2691a8', '1869cf36-4119-4b3e-ba5d-2e4d9037ad15', '4f8820a5-95d3-4a9b-9450-cb70025e2f80']",55,,,,,,,,,,,,,,,,,,Mali,4930,00:16:55.325,Carry,True
,,"[54.5, 20.8]",,,,,,,,,,,0.448784,,,,,,,,,,,,f6f1880f-8820-4e67-8d76-1953db1eee60,1888,,"[54.2, 21.3]",3920417,61,,,,,,,,,,,,,,,,,,,,,,,,2,Regular Play,Kamory Doumbia,162132.0,Center Attacking Midfield,122,Mali,4930,"['c2ce32fa-48af-4465-b680-7110f03009ca', '052a3b77-83ce-47b7-831b-13e85a9b3e1e', 'fa91af9a-6ba9-4f49-9029-5123467cf16e']",56,,,,,,,,,,,,,,,,,,Mali,4930,00:16:56.481,Carry,True
,,"[39.3, 6.6]",,,,,,,,,,,2.838938,,,,,,,,,,,,265d7b0f-487a-4e49-bf6c-e581fa864021,1891,,"[39.5, 7.8]",3920417,61,,,,,,,,,,,,,,,,,,,,,,,,2,Regular Play,Moussa Diarra,32952.0,Left Back,122,Mali,4930,"['47421557-2482-42d5-b663-56b0dabdccc8', '9e31216f-96bf-4c5d-b4ff-841d49e92f90', '94477ce3-c0a2-4a4a-8ff3-224b7fb2f28e']",58,,,,,,,,,,,,,,,,,,Mali,4930,00:16:58.357,Carry,True
,,"[98.6, 73.2]",,,,,,,,,,,2.619789,,,,,,,,,,,,7b9463b3-6426-4f62-8e32-dc76935bec40,1895,,"[80.8, 73.5]",3920417,62,,,,,,,,,,,,,,,,,,,,,,,,2,Regular Play,Prins Menelik Tjiueza,103803.0,Right Center Midfield,123,Namibia,4980,"['31d95618-5539-4d8b-8450-29dc1964d76b', '6673fe42-175f-45d4-bdfa-9e424ff352dd']",1,,,,,,,,,,,,,,,,,,Namibia,4980,00:17:01.196,Carry,
,,"[103.4, 48.8]",,,,,,,,,,,0.165766,,,,,,,,,,,,449999aa-9e19-4ab0-9d44-8458e15b096f,1898,,"[102.8, 49.8]",3920417,62,,,,,,,,,,,,,,,,,,,,,,,,2,Regular Play,Peter Shalulile,65723.0,Center Forward,123,Namibia,4980,"['8c98d0df-c83b-4f77-9387-9ee3f4b2f8d6', '9447dd33-38e6-4089-b9c5-9d5b3e13984e']",5,,,,,,,,,,,,,,,,,,Namibia,4980,00:17:05.296,Carry,
,,"[103.1, 41.8]",,,,,,,,,,,2.210207,,,,,,,,,,,,530cdea0-8a3a-40c4-9482-7e87a138ec16,1901,,"[103.6, 39.1]",3920417,62,,,,,,,,,,,,,,,,,,,,,,,,2,Regular Play,Deon Hotto Kavendji,64612.0,Left Midfield,123,Namibia,4980,"['518f3ea5-6bce-402d-92bf-0b1eda9792b2', '4121fa99-c827-4965-9c48-98d34f2d398b', 'd5cb5cff-602c-4e32-be5c-410f1bada96b']",6,,,,,,,,,,,,,,,,,,Namibia,4980,00:17:06.173,Carry,True
,,"[47.6, 17.7]",,,,,,,,,,,1.346286,,,,,,,,,,,,b94ed312-9337-49f6-b883-34ea030eafae,1910,,"[47.6, 12.3]",3920417,62,,,,,,,,,,,,,,,,,,,,,,,,2,From Goal Kick,Lubeni Haukongo,135004.0,Left Center Back,124,Mali,4930,"['770eaf5e-253f-4050-b68c-d8a49f000306', 'f360c26b-e3c2-44a8-96dd-2db75158bf99', 'a521a41c-fdce-4b70-b31e-165d5e37240d']",47,,,,,,,,,,,,,,,,,,Namibia,4980,00:17:47.832,Carry,True
,,"[45.7, 67.0]",,,,,,,,,,,0.309837,,,,,,,,,,,,b026e178-da22-47b0-b33b-e6c415bc8b5a,1931,,"[47.0, 69.1]",3920417,63,,,,,,,,,,,,,,,,,,,,,,,,2,From Free Kick,Hamari Traoré,3248.0,Right Back,126,Mali,4930,"['9d1fdc7a-a296-4f9d-820e-ca52265002d1', '74c16956-c0c6-490f-b0f4-49998466f67f']",55,,,,,,,,,,,,,,,,,,Mali,4930,00:18:55.473,Carry,
,,"[43.4, 73.0]",,,,,,,,,,,5.356461,,,,,,,,,,,,6c5f7cc5-eac5-48b2-87d2-72e45647c05e,1935,,"[50.9, 60.6]",3920417,63,,,,,,,,,,,,,,,,,,,,,,,,2,From Free Kick,Aliou Dieng,67714.0,Right Defensive Midfield,126,Mali,4930,"['a1f733f1-2f16-4ba2-9bb2-05a6b55fbe9e', 'dd501616-96d9-466f-a2b7-7e40587537c8', '979c9543-3b32-4971-a968-15bdd0110f9d']",56,,,,,,,,,,,,,,,,,,Mali,4930,00:18:56.540,Carry,True
,,"[48.7, 50.6]",,,,,,,,,,,2.82432,,,,,,,,,,,,f14e0f6d-21f0-487f-aa34-74394a9d0af4,1938,,"[42.6, 64.2]",3920417,64,,,,,,,,,,,,,,,,,,,,,,,,2,From Free Kick,Yves Bissouma,4385.0,Left Defensive Midfield,126,Mali,4930,"['778265f1-8123-453f-abab-3636effc4201', '875cbbc3-f610-49da-9f2d-7221f651c1a7']",2,,,,,,,,,,,,,,,,,,Mali,4930,00:19:02.811,Carry,
,,"[50.3, 14.1]",,,,,,,,,,,1.217908,,,,,,,,,,,,cac3bdbc-ce7c-4f89-b24a-886a3d7d8bf4,1941,,"[48.7, 17.4]",3920417,64,,,,,,,,,,,,,,,,,,,,,,,,2,From Free Kick,Moussa Diarra,32952.0,Left Back,126,Mali,4930,"['bc0fccb9-4a45-480b-ad5c-73cd5bd6e083', 'e12cbda0-f849-4c71-9e8b-bfe5599de4cd']",7,,,,,,,,,,,,,,,,,,Mali,4930,00:19:07.381,Carry,
,,"[72.0, 3.1]",,,,,,,,,,,1.067875,,,,,,,,,,,,6ee16a1d-68e3-41b2-890f-c96a0461d0ba,1944,,"[68.6, 3.1]",3920417,64,,,,,,,,,,,,,,,,,,,,,,,,2,From Free Kick,Fousseni Diabaté,3710.0,Left Wing,126,Mali,4930,"['dfea4f35-110a-42f2-b66e-c3f6085812f1', 'e32a5c07-7675-4a40-ad54-5001d0582a17']",9,,,,,,,,,,,,,,,,,,Mali,4930,00:19:09.728,Carry,
,,"[93.1, 8.9]",,,,,,,,,,,1.440884,,,,,,,,,,,,1b92ba74-bce3-4769-912b-277e9f37bf41,1947,,"[86.8, 6.3]",3920417,64,,,,,,,,,,,,,,,,,,,,,,,,2,From Free Kick,Kamory Doumbia,162132.0,Center Attacking Midfield,126,Mali,4930,"['ea5db05d-fd94-46c5-8b7e-d24745c2ccba', 'e53d9b6b-4665-4081-81ac-9893f0ee4da1', 'a19801fa-74bc-4505-8b78-ebf9491c867a']",11,,,,,,,,,,,,,,,,,,Mali,4930,00:19:11.530,Carry,True
,,"[99.3, 18.6]",,,,,,,,,,,2.54981,,,,,,,,,,,,0dd5efba-7fc7-4021-b955-577bfde4823a,1951,,"[93.1, 8.9]",3920417,64,,,,,,,,,,,,,,,,,,,,,,,,2,From Free Kick,Kamory Doumbia,162132.0,Center Attacking Midfield,126,Mali,4930,"['0d12057a-dd3e-4fe2-940e-45ef4294c15c', 'a592943a-ed77-461f-aca4-f836db00d2df', '662bff69-7442-4fcf-bfa6-0f23adaa4b4c', 'e53d9b6b-4665-4081-81ac-9893f0ee4da1']",12,,,,,,,,,,,,,,,,,,Mali,4930,00:19:12.971,Carry,True
,,"[88.1, 65.4]",,,,,,,,,,,1.83056,,,,,,,,,,,,111ee88c-c3ff-42b6-ab48-9d8aa4523f19,1967,,"[90.1, 72.6]",3920417,65,,,,,,,,,,,,,,,,,,,,,,,,2,From Throw In,Muzeu Bethuel,389319.0,Right Midfield,128,Namibia,4980,"['1e491937-550e-403f-a9c9-5961c73b8008', 'c61577de-68c4-44aa-a1c3-803e5891d512', 'bf29f8d3-eb43-4daa-baed-3857d5f4a2ce']",27,,,,,,,,,,,,,,,,,,Namibia,4980,00:20:27.080,Carry,True
,,"[73.1, 48.8]",,,,,,,,,,,1.098081,,,,,,,,,,,,5dc8c60d-410a-4ebf-abaa-fa1e12802c38,1971,,"[75.3, 54.0]",3920417,65,,,,,,,,,,,,,,,,,,,,,,,,2,From Throw In,Aprocious Petrus,136406.0,Center Defensive Midfield,128,Namibia,4980,"['ca8eaf11-2e58-44d6-b072-97b531649db7', '609949ae-65a0-44b9-b540-4c13b42a1301']",29,,,,,,,,,,,,,,,,,,Namibia,4980,00:20:29.884,Carry,
,,"[65.1, 20.9]",,,,,,,,,,,0.44191,,,,,,,,,,,,b396ccc1-d8b5-4850-b5dd-a374baa7b7e9,1974,,"[65.1, 23.5]",3920417,65,,,,,,,,,,,,,,,,,,,,,,,,2,From Throw In,Riaan Hanamub,65555.0,Left Back,128,Namibia,4980,"['e5c3fb5b-ef3c-461e-8be9-976fb3616509', '79471984-3256-4c2a-9209-26458ca6351b']",33,,,,,,,,,,,,,,,,,,Namibia,4980,00:20:33.782,Carry,
,,"[14.0, 57.5]",,,,,,,,,,,2.535863,,,,,,,,,,,,8e0b1448-3a63-4ceb-926d-31febe1fcd3d,1978,,"[4.8, 52.0]",3920417,65,,,,,,,,,,,,,,,,,,,,,,,,2,From Keeper,Djigui Diarra,102992.0,Goalkeeper,129,Mali,4930,"['cb7247e0-da6d-4d8e-95ed-3c773ed610b1', '606e59f4-4608-4118-9159-2ee38acb1cf4']",37,,,,,,,,,,,,,,,,,,Mali,4930,00:20:37.290,Carry,
,,"[29.5, 48.9]",,,,,,,,,,,1.513118,,,,,,,,,,,,212c28e7-9da7-4054-b827-39d9c2f4a937,1981,,"[29.5, 51.0]",3920417,65,,,,,,,,,,,,,,,,,,,,,,,,2,From Keeper,Aliou Dieng,67714.0,Right Defensive Midfield,129,Mali,4930,"['2f0d3613-ae3c-41cd-aaff-2a64f166b280', '0ef96beb-a7b2-46d9-8516-2121e2a46986']",40,,,,,,,,,,,,,,,,,,Mali,4930,00:20:40.937,Carry,
,,"[28.1, 20.0]",,,,,,,,,,,1.255465,,,,,,,,,,,,d272e7a3-55c2-4f8c-8659-6ec618ca4013,1984,,"[27.6, 18.8]",3920417,65,,,,,,,,,,,,,,,,,,,,,,,,2,From Keeper,Moussa Diarra,32952.0,Left Back,129,Mali,4930,"['59844330-64eb-4d49-85ff-00c6ddfa5f7a', 'c409ae58-f1ea-4bcc-8b48-140622515627']",44,,,,,,,,,,,,,,,,,,Mali,4930,00:20:44.189,Carry,
,,"[28.1, 26.7]",,,,,,,,,,,1.949912,,,,,,,,,,,,71d6e81b-6e26-4a2b-9429-319e28d0d75b,1987,,"[20.6, 28.8]",3920417,65,,,,,,,,,,,,,,,,,,,,,,,,2,From Keeper,Sikou Niakate,7295.0,Left Center Back,129,Mali,4930,"['2b95e02d-041e-476b-bacd-39cdf8113871', '10fa8b56-9351-482e-a74f-1c4ffc83103b']",46,,,,,,,,,,,,,,,,,,Mali,4930,00:20:46.830,Carry,
,,"[34.3, 52.7]",,,,,,,,,,,1.487764,,,,,,,,,,,,f2f80ce6-f08f-407b-9fa1-bdba312e231b,1990,,"[29.0, 52.5]",3920417,65,,,,,,,,,,,,,,,,,,,,,,,,2,From Keeper,Boubakar Kouyate,23331.0,Right Center Back,129,Mali,4930,"['df1ac762-94c9-4840-a6f3-58810fdc1abf', '70aff525-20ce-4498-bce2-47dea391dd85']",50,,,,,,,,,,,,,,,,,,Mali,4930,00:20:50.515,Carry,
,,"[44.5, 72.2]",,,,,,,,,,,1.008564,,,,,,,,,,,,561ddded-1cf4-4065-80c1-0c48ee559043,1993,,"[44.8, 75.0]",3920417,65,,,,,,,,,,,,,,,,,,,,,,,,2,From Keeper,Hamari Traoré,3248.0,Right Back,129,Mali,4930,"['bc9786bf-ebc9-41f6-958d-1121c06b15d7', 'd55a6dee-da58-4f28-8172-ebab243bafb4']",53,,,,,,,,,,,,,,,,,,Mali,4930,00:20:53.549,Carry,
,,"[45.1, 58.6]",,,,,,,,,,,1.761321,,,,,,,,,,,,d9093b29-eab3-4a3f-a739-f16d16149423,1996,,"[38.7, 61.7]",3920417,65,,,,,,,,,,,,,,,,,,,,,,,,2,From Keeper,Boubakar Kouyate,23331.0,Right Center Back,129,Mali,4930,"['e71d90fc-f1bb-44da-862e-d94c108f74e6', 'd96b0069-c971-4c81-a142-5bb8a705a1e9']",56,,,,,,,,,,,,,,,,,,Mali,4930,00:20:56.168,Carry,
,,"[51.8, 24.9]",,,,,,,,,,,2.004657,,,,,,,,,,,,c682e6ee-0603-4034-967c-ca8955915fdf,1999,,"[41.5, 34.5]",3920417,65,,,,,,,,,,,,,,,,,,,,,,,,2,From Keeper,Sikou Niakate,7295.0,Left Center Back,129,Mali,4930,"['d425a121-a8b4-4c3a-bdb1-a844dc3ca4f2', '3e0de5c6-d62e-46d5-b793-65fdc1455bf2']",59,,,,,,,,,,,,,,,,,,Mali,4930,00:20:59.356,Carry,
,,"[87.2, 1.1]",,,,,,,,,,,2.908108,,,,,,,,,,,,5dc5b186-2e77-446d-9bec-e0aba680ce32,2002,,"[78.7, 1.9]",3920417,66,,,,,,,,,,,,,,,,,,,,,,,,2,From Keeper,Fousseni Diabaté,3710.0,Left Wing,129,Mali,4930,"['a21423bb-e1ee-4f43-b052-b4e44495b7a9', 'cb25f395-2476-4b5c-8c6b-13d8f778f5e5']",3,,,,,,,,,,,,,,,,,,Mali,4930,00:21:03.434,Carry,
,,"[87.6, 3.3]",,,,,,,,,,,1.167541,,,,,,,,,,,,05bfb9f9-b347-45af-ae70-0ad629c89561,2005,,"[87.5, 2.4]",3920417,66,,,,,,,,,,,,,,,,,,,,,,,,2,From Keeper,Moussa Diarra,32952.0,Left Back,129,Mali,4930,"['95c955c3-9879-4347-aa6d-b1e3b3f2e164', 'b1b75f91-c92c-43b4-8fed-570d448c1dda']",7,,,,,,,,,,,,,,,,,,Mali,4930,00:21:07.069,Carry,
,,"[84.2, 5.0]",,,,,,,,,,,0.071052,,,,,,,,,,,,adf93e5d-a021-4797-ad28-6e0bfa63cc4b,2008,,"[83.1, 4.4]",3920417,66,,,,,,,,,,,,,,,,,,,,,,,,2,From Keeper,Fousseni Diabaté,3710.0,Left Wing,129,Mali,4930,"['d58fb6db-6ac3-4aca-96e3-87b7e26d2553', 'ef72710f-b6cc-4121-a65f-20a549d3766f']",8,,,,,,,,,,,,,,,,,,Mali,4930,00:21:08.989,Carry,
,,"[86.5, 1.6]",,,,,,,,,,,0.543269,,,,,,,,,,,,0b031d0e-6b4e-42d4-be36-ce1e3570d673,2011,,"[86.2, 2.4]",3920417,66,,,,,,,,,,,,,,,,,,,,,,,,2,From Keeper,Moussa Diarra,32952.0,Left Back,129,Mali,4930,"['8ad8f8a6-d338-4624-b5dd-d67e25fbf6c2', 'dbcace9d-17ab-4fe2-a6ce-5c8aa3ecd19f', '553232c5-cea4-4017-9e5c-a953201162a1']",9,,,,,,,,,,,,,,,,,,Mali,4930,00:21:09.550,Carry,True
,,"[75.4, 1.9]",,,,,,,,,,,2.672801,,,,,,,,,,,,a823b0b3-f796-460c-956f-47ab50d53353,2015,,"[79.7, 2.4]",3920417,66,,,,,,,,,,,,,,,,,,,,,,,,2,From Keeper,Fousseni Diabaté,3710.0,Left Wing,129,Mali,4930,"['e45fab9f-a9e6-492a-92c3-3d87af6edf50', '9ee8373f-d465-4357-9fd9-63066a9bb271', 'e992bf4d-b00a-4137-91bf-c5217f693d75']",10,,,,,,,,,,,,,,,,,,Mali,4930,00:21:10.569,Carry,True
,,"[55.6, 24.7]",,,,,,,,,,,0.979812,,,,,,,,,,,,641cb942-2b23-43ad-bffa-235ac06247bf,2019,,"[54.5, 23.9]",3920417,66,,,,,,,,,,,,,,,,,,,,,,,,2,From Keeper,Sikou Niakate,7295.0,Left Center Back,129,Mali,4930,"['efddeb71-30d5-479f-882c-4283e0b6e35e', '493f80d1-9866-462d-a553-e1f8df9f83f4']",14,,,,,,,,,,,,,,,,,,Mali,4930,00:21:14.827,Carry,
,,"[64.0, 22.2]",,,,,,,,,,,1.749792,,,,,,,,,,,,808c34fd-634b-4236-9a9f-2b3249731900,2022,,"[64.7, 13.0]",3920417,66,,,,,,,,,,,,,,,,,,,,,,,,2,From Keeper,Yves Bissouma,4385.0,Left Defensive Midfield,129,Mali,4930,"['62f484ad-ed83-4d46-8bac-f42408d54540', '81b39943-3795-43d7-a4c6-eaa173b80837']",17,,,,,,,,,,,,,,,,,,Mali,4930,00:21:17.101,Carry,
,,"[68.2, 46.1]",,,,,,,,,,,2.503766,,,,,,,,,,,,9b04b578-d78b-47d5-a934-4b9eee8316e5,2025,,"[65.9, 38.8]",3920417,66,,,,,,,,,,,,,,,,,,,,,,,,2,From Keeper,Aliou Dieng,67714.0,Right Defensive Midfield,129,Mali,4930,"['a9b720ba-a1cb-454e-930d-25a89909f0a6', '493d080a-b801-4f23-b559-451033991c23']",19,,,,,,,,,,,,,,,,,,Mali,4930,00:21:19.894,Carry,
,,"[56.5, 14.3]",,,,,,,,,,,3.35217,,,,,,,,,,,,d8cae2f1-90d2-40d5-a7d0-b1f5ec0aa80a,2029,,"[42.2, 27.0]",3920417,66,,,,,,,,,,,,,,,,,,,,,,,,2,From Keeper,Ngero Kaanjuka Katua,389316.0,Left Center Midfield,129,Mali,4930,"['ed3e7ab3-e2fc-484c-8a33-704a3cd7ca68', '7943df70-9595-4654-8f2d-1e53768e4017']",22,,,,,,,,,,,,,,,,,,Namibia,4980,00:21:22.942,Carry,
,,"[79.7, 5.9]",,,,,,,,,,,1.218191,,,,,,,,,,,,3bb1ad2d-2452-4af4-949f-c85e1785e94b,2032,,"[64.4, 5.1]",3920417,66,,,,,,,,,,,,,,,,,,,,,,,,2,From Keeper,Deon Hotto Kavendji,64612.0,Left Midfield,129,Mali,4930,"['955d8467-9115-4490-a2a8-739ed2ce870b', '8d38daaa-3ecd-400c-b145-e2493379f99f', 'a6094eae-e6ec-4c66-9fe9-4ab54d63747d']",27,,,,,,,,,,,,,,,,,,Namibia,4980,00:21:27.790,Carry,True
,,"[35.3, 62.0]",,,,,,,,,,,1.625788,,,,,,,,,,,,39191842-4bec-454f-9465-a5bc8359ac5e,2038,,"[35.9, 59.2]",3920417,66,,,,,,,,,,,,,,,,,,,,,,,,2,From Keeper,Aliou Dieng,67714.0,Right Defensive Midfield,129,Mali,4930,"['83c116a0-5ee7-43e8-9a8a-c89c802dfeb8', '93abb0cf-1ea2-401e-8908-a77d74802b94']",31,,,,,,,,,,,,,,,,,,Mali,4930,00:21:31.579,Carry,
,,"[49.2, 72.8]",,,,,,,,,,,0.078241,,,,,,,,,,,,cd6b7bb1-687b-4487-88aa-54b6ea94374a,2041,,"[48.7, 74.9]",3920417,66,,,,,,,,,,,,,,,,,,,,,,,,2,From Keeper,Hamari Traoré,3248.0,Right Back,129,Mali,4930,"['db48cfc5-2951-4643-abfc-318f8ed8d7af', 'c6e000ed-a119-4068-bba3-0bb50496aaa2']",34,,,,,,,,,,,,,,,,,,Mali,4930,00:21:34.372,Carry,
,,"[52.5, 45.6]",,,,,,,,,,,5.459266,,,,,,,,,,,,94f4e09c-7c23-4188-aa8f-2a81d4e700cc,2044,,"[42.5, 61.9]",3920417,66,,,,,,,,,,,,,,,,,,,,,,,,2,From Keeper,Aliou Dieng,67714.0,Right Defensive Midfield,129,Mali,4930,"['45750cb6-494a-45b8-9336-006f07075c2e', 'b09d2a7e-2c7a-4296-b055-0cea85ec241b']",36,,,,,,,,,,,,,,,,,,Mali,4930,00:21:36.048,Carry,
,,"[47.0, 17.7]",,,,,,,,,,,1.225822,,,,,,,,,,,,97ab8cf7-6251-4a08-9cb2-492803c93ee7,2047,,"[46.1, 19.2]",3920417,66,,,,,,,,,,,,,,,,,,,,,,,,2,From Keeper,Moussa Diarra,32952.0,Left Back,129,Mali,4930,"['b67432c9-cb71-4042-8fcc-57195d950d11', '4b4f8965-8f6a-4e62-9ace-4dc01ef8a997']",43,,,,,,,,,,,,,,,,,,Mali,4930,00:21:43.514,Carry,
,,"[62.0, 7.7]",,,,,,,,,,,2.801513,,,,,,,,,,,,ec5eedcb-ee47-4349-8788-a89a4bf1c461,2050,,"[65.6, 2.5]",3920417,66,,,,,,,,,,,,,,,,,,,,,,,,2,From Keeper,Fousseni Diabaté,3710.0,Left Wing,129,Mali,4930,"['c8513d13-9af3-44c3-8478-a0cc1b2f7be9', 'f8edf317-3429-478b-bc62-b392327aabcd', '9bbe9897-c85f-45d9-8b19-e6fc1c6fd4e1']",46,,,,,,,,,,,,,,,,,,Mali,4930,00:21:46.012,Carry,True
,,"[50.9, 29.9]",,,,,,,,,,,1.204693,,,,,,,,,,,,d9c16289-5262-4a05-8fdc-2e693ec31e2c,2055,,"[48.7, 27.2]",3920417,66,,,,,,,,,,,,,,,,,,,,,,,,2,From Keeper,Sikou Niakate,7295.0,Left Center Back,129,Mali,4930,"['c90001a0-24e8-4174-832d-25752c17abed', '8901cca8-7564-4841-b0e4-edfab43a784e']",50,,,,,,,,,,,,,,,,,,Mali,4930,00:21:50.814,Carry,
,,"[14.4, 5.4]",,,,,,,,,,,1.085847,,,,,,,,,,,,e846125a-830f-4372-bf5d-5462a165a564,2059,,"[14.4, 4.6]",3920417,66,,,,,,,,,,,,,,,,,,,,,,,,2,From Keeper,Riaan Hanamub,65555.0,Left Back,129,Mali,4930,"['1d14de41-3da1-4c5c-b497-8ba6697a703a', 'b224083f-d7a5-4792-8590-9bcbd4ad9301', '61dfae03-619c-4c2a-9e78-fb7d41be415f']",58,,,,,,,,,,,,,,,,,,Namibia,4980,00:21:58.336,Carry,True
,,"[48.9, 66.3]",,,,,,,,,,,0.7856,,,,,,,,,,,,eee5ee28-89e5-4e67-8e54-34b83ade218d,2077,,"[49.5, 65.8]",3920417,68,,,,,,,,,,,,,,,,,,,,,,,,2,Regular Play,Fousseni Diabaté,3710.0,Left Wing,131,Mali,4930,"['5059f946-59ac-4413-b236-0052af183f1f', '0a7cbeda-dd68-4617-9df9-71d1272cf63a']",9,,,,,,,,,,,,,,,,,,Mali,4930,00:23:09.341,Carry,
,,"[46.9, 61.5]",,,,,,,,,,,1.303239,,,,,,,,,,,,0d077ef6-5e2a-41fd-a07f-548b8128537c,2080,,"[44.1, 59.7]",3920417,68,,,,,,,,,,,,,,,,,,,,,,,,2,Regular Play,Mohamed Camara,24806.0,Right Defensive Midfield,131,Mali,4930,"['1b247dbb-2be3-432f-904f-c01d1c40e0cb', 'bfc9f25f-950f-4300-abf5-6c0e92748db9', '0e6e229a-ff45-46e0-b0b4-bc48c718ea82']",10,,,,,,,,,,,,,,,,,,Mali,4930,00:23:10.720,Carry,True
,,"[55.6, 76.1]",,,,,,,,,,,3.804997,,,,,,,,,,,,56f0f3ae-b883-4552-8cf4-d30237ba7ade,2085,,"[48.2, 75.8]",3920417,68,,,,,,,,,,,,,,,,,,,,,,,,2,Regular Play,Fousseni Diabaté,3710.0,Left Wing,131,Mali,4930,"['b48d4535-aeb6-4ffe-844d-9f94da515b2d', 'a3575ba3-ff4c-496e-900a-663fa7f91f4c', '20ee1027-d5eb-4268-b36a-b8ae56e7c268']",12,,,,,,,,,,,,,,,,,,Mali,4930,00:23:12.878,Carry,True
,,"[66.6, 67.2]",,,,,,,,,,,1.433078,,,,,,,,,,,,47273049-1406-4e01-a2aa-fe020020f030,2089,,"[64.0, 68.0]",3920417,68,,,,,,,,,,,,,,,,,,,,,,,,2,Regular Play,Kamory Doumbia,162132.0,Center Attacking Midfield,131,Mali,4930,"['3b2bc8ca-74a4-4560-99e8-7882d9b80d19', '82457f65-c41a-44c1-936c-89bd02481bf9', 'deb411f0-fe90-4de7-93a4-d613f693239d']",17,,,,,,,,,,,,,,,,,,Mali,4930,00:23:17.241,Carry,True
,,"[84.3, 65.2]",,,,,,,,,,,2.544837,,,,,,,,,,,,733b5c66-d773-4405-b015-23df4a9c3ee1,2102,,"[76.4, 65.2]",3920417,68,,,,,,,,,,,,,,,,,,,,,,,,2,From Throw In,Yves Bissouma,4385.0,Left Defensive Midfield,133,Mali,4930,"['2a935d89-62ff-4666-bf60-0b18092e3a92', 'cc7e9e31-21a7-43cb-aef7-afa28d1738ad']",57,,,,,,,,,,,,,,,,,,Mali,4930,00:23:57.933,Carry,
,,"[116.2, 19.2]",,,,,,,,,,,3.127115,,,,,,,,,,,,64158618-0b62-465c-a4e0-df086f4c5b48,2105,,"[111.5, 17.6]",3920417,69,,,,,,,,,,,,,,,,,,,,,,,,2,From Throw In,Nene Dorgeles,199653.0,Right Wing,133,Mali,4930,"['cf7cf1e5-46b8-420a-9c8d-d9017a2e5a7e', 'ced60fa3-6828-4f57-b174-105ea669d6a0', 'abc0eaa4-db0c-4c3a-8916-4b976ca00f5d']",3,,,,,,,,,,,,,,,,,,Mali,4930,00:24:03.219,Carry,True
,,"[113.5, 20.0]",,,,,,,,,,,1.188305,,,,,,,,,,,,4fbfbb00-a46f-4601-9d2b-67d9c338c43f,2109,,"[116.2, 19.2]",3920417,69,,,,,,,,,,,,,,,,,,,,,,,,2,From Throw In,Nene Dorgeles,199653.0,Right Wing,133,Mali,4930,"['37f837e4-d3e9-4d97-aca7-ef19b71ec076', 'b7ff01ec-caec-463e-bd16-d7533aa56bcd', 'ced60fa3-6828-4f57-b174-105ea669d6a0']",6,,,,,,,,,,,,,,,,,,Mali,4930,00:24:06.346,Carry,True
,,"[35.7, 22.7]",,,,,,,,,,,0.658838,,,,,,,,,,,,70090fb3-200c-4e0e-8068-50e52b04d87d,2114,,"[36.1, 23.9]",3920417,69,,,,,,,,,,,,,,,,,,,,,,,,2,From Throw In,Prins Menelik Tjiueza,103803.0,Right Center Midfield,133,Mali,4930,"['c8d18854-9bd6-49bd-b490-50037aad2a38', 'b0ac3a59-4d99-4bec-b04c-483100491b2d', '28876b22-b043-4351-8100-88684d575776']",11,,,,,,,,,,,,,,,,,,Namibia,4980,00:24:11.069,Carry,True
,,"[84.8, 57.9]",,,,,,,,,,,0.687031,,,,,,,,,,,,0367ff29-8712-49fd-8cde-dcef1359eec0,2118,,"[84.4, 57.4]",3920417,69,,,,,,,,,,,,,,,,,,,,,,,,2,From Throw In,Hamari Traoré,3248.0,Right Back,133,Mali,4930,"['89252c97-7ce2-42b0-9491-677eea10c2c5', '86af1f49-91f2-4baa-ae4e-ee2b56fb3c5f', '7e3a16ac-c7fd-4dbf-b61e-84b5a620ee8a']",11,,,,,,,,,,,,,,,,,,Mali,4930,00:24:11.728,Carry,True
,,"[43.1, 5.4]",,,,,,,,,,,2.288789,,,,,,,,,,,,fe32ac23-2fd0-43c2-b458-355192601c8a,2128,,"[51.0, 6.6]",3920417,71,,,,,,,,,,,,,,,,,,,,,,,,2,From Throw In,Mohamed Camara,24806.0,Right Defensive Midfield,136,Mali,4930,"['cc402b88-32e2-4d31-ae9d-dc56d1bdf9f5', '6090bbdd-bce8-4b79-9b3e-bf1ee36037ed']",8,,,,,,,,,,,,,,,,,,Mali,4930,00:26:08.064,Carry,
,,"[29.0, 36.1]",,,,,,,,,,,1.807231,,,,,,,,,,,,93ed0cab-1f9f-4783-b1b4-5e3d420fea6a,2131,,"[28.1, 23.7]",3920417,71,,,,,,,,,,,,,,,,,,,,,,,,2,From Throw In,Boubakar Kouyate,23331.0,Right Center Back,136,Mali,4930,"['cd5be6e8-c795-4914-be6f-12aee09454a3', '59ba5807-0659-4887-a06d-e9c87400770c']",12,,,,,,,,,,,,,,,,,,Mali,4930,00:26:12.204,Carry,
,,"[47.5, 60.1]",,,,,,,,,,,2.808938,,,,,,,,,,,,422db58d-288e-4538-a3e1-42c2c79c5da3,2134,,"[42.7, 45.6]",3920417,71,,,,,,,,,,,,,,,,,,,,,,,,2,From Throw In,Yves Bissouma,4385.0,Left Defensive Midfield,136,Mali,4930,"['bd84302b-840b-4a16-9511-0bbcadb8bd69', '9ca825d2-803a-42d1-a866-e6644f9163e4']",15,,,,,,,,,,,,,,,,,,Mali,4930,00:26:15.314,Carry,
,,"[62.0, 59.4]",,,,,,,,,,,0.185292,,,,,,,,,,,,89439317-53df-412a-bf30-17d29ac9f496,2137,,"[61.6, 59.4]",3920417,71,,,,,,,,,,,,,,,,,,,,,,,,2,From Throw In,Hamari Traoré,3248.0,Right Back,136,Mali,4930,"['163eaf33-3d3a-41a1-87e6-c218e550a627', 'fbaee047-6153-4c30-b3ec-58bc311ee379']",18,,,,,,,,,,,,,,,,,,Mali,4930,00:26:18.604,Carry,
,,"[61.1, 32.2]",,,,,,,,,,,4.394487,,,,,,,,,,,,513980a9-b42f-4d1e-a3c7-78d1388ef00b,2141,,"[55.1, 57.1]",3920417,71,,,,,,,,,,,,,,,,,,,,,,,,2,From Throw In,Mohamed Camara,24806.0,Right Defensive Midfield,136,Mali,4930,"['5f44e0ec-ff49-4327-ba7d-bd5621a53cb6', '229dab09-5147-4937-a9b5-22dc90cd1725', '447ca4e0-e93e-457f-86b7-75b3d3d51c0b', 'f8bb14a8-2252-4c9a-8c53-bdda3b67a0a3']",20,,,,,,,,,,,,,,,,,,Mali,4930,00:26:20.079,Carry,True
,,"[110.9, 20.5]",,,,,,,,,,,0.324832,,,,,,,,,,,,2a669a72-1d0c-46d6-8fcb-655d702f2598,2145,,"[110.2, 20.2]",3920417,71,,,,,,,,,,,,,,,,,,,,,,,,2,From Throw In,Nene Dorgeles,199653.0,Left Wing,136,Mali,4930,"['ed8dc983-1c18-4eab-ba91-f9a26ace14c1', 'dcbdb3bf-9667-47fb-be9d-0dc5229b1c78']",27,,,,,,,,,,,,,,,,,,Mali,4930,00:26:27.725,Carry,
,,"[15.5, 12.5]",,,,,,,,,,,0.751495,,,,,,,,,,,,14610f29-10aa-4c98-91df-18957efb93db,2149,,"[14.0, 11.2]",3920417,71,,,,,,,,,,,,,,,,,,,,,,,,2,From Throw In,Riaan Hanamub,65555.0,Left Back,136,Mali,4930,"['f7791017-b86d-4c7b-ae64-1254a6092067', '208ab54c-0680-43cf-ab4d-a81fdb639c82', '43d71419-4955-45d6-b136-1f29c084ae1a']",31,,,,,,,,,,,,,,,,,,Namibia,4980,00:26:31.613,Carry,True
,,"[36.1, 4.8]",,,,,,,,,,,3.05321,,,,,,,,,,,,2f7e09a2-b254-49ad-bf25-3c2ca2633172,2152,,"[15.5, 12.5]",3920417,71,,,,,,,,,,,,,,,,,,,,,,,,2,From Throw In,Riaan Hanamub,65555.0,Left Back,136,Mali,4930,"['b5f4ecc1-7fd4-4621-8c7c-f1612a85a985', 'f7791017-b86d-4c7b-ae64-1254a6092067', '342874df-a9c5-4946-8b4d-8bd3628759c2', '208ab54c-0680-43cf-ab4d-a81fdb639c82']",32,,,,,,,,,,,,,,,,,,Namibia,4980,00:26:32.365,Carry,True
,,"[5.8, 32.0]",,,,,,,,,,,1.888092,,,,,,,,,,,,54b8fc6b-4071-4b7b-9d0a-b3dfe45e1c72,2159,,"[4.3, 31.6]",3920417,71,,,,,,,,,,,,,,,,,,,,,,,,2,From Throw In,Djigui Diarra,102992.0,Goalkeeper,136,Mali,4930,"['ccda6db0-89e7-4eb3-9886-387aeb81831a', 'f84eb705-c784-4856-ab34-1788a978bf1e']",42,,,,,,,,,,,,,,,,,,Mali,4930,00:26:42.547,Carry,
,,"[27.6, 28.2]",,,,,,,,,,,0.923894,,,,,,,,,,,,f33f60a9-130b-45d9-9bfa-0a6efd331069,2162,,"[28.0, 29.6]",3920417,71,,,,,,,,,,,,,,,,,,,,,,,,2,From Throw In,Yves Bissouma,4385.0,Left Defensive Midfield,136,Mali,4930,"['280e073d-ab05-48de-ba70-acd32ff05af3', 'f4c9efcf-8d9a-4ab8-8750-22a785b8ca40']",45,,,,,,,,,,,,,,,,,,Mali,4930,00:26:45.824,Carry,
,,"[39.6, 55.7]",,,,,,,,,,,2.425463,,,,,,,,,,,,573a284d-4981-4823-bf4e-d6ae5db13bbe,2165,,"[27.4, 48.1]",3920417,71,,,,,,,,,,,,,,,,,,,,,,,,2,From Throw In,Mohamed Camara,24806.0,Right Defensive Midfield,136,Mali,4930,"['4171311c-dbb3-4df2-a43b-d701ae4d25cd', 'e3fe48cf-1c67-4256-b294-54607697a2a8']",47,,,,,,,,,,,,,,,,,,Mali,4930,00:26:47.752,Carry,
,,"[49.5, 63.9]",,,,,,,,,,,1.540457,,,,,,,,,,,,6ebf5505-cc1c-4773-a07c-c5f4303d62c9,2169,,"[50.9, 58.5]",3920417,71,,,,,,,,,,,,,,,,,,,,,,,,2,From Throw In,Ivan Kamberipa,103799.0,Right Back,136,Mali,4930,"['fa257352-84e1-40c9-a5a9-bc85b96840b6', 'ebdd81aa-162f-4aba-9994-b7492715704d', '9156a40d-a219-4249-91cd-45f3d313166b']",51,,,,,,,,,,,,,,,,,,Namibia,4980,00:26:51.742,Carry,True
,,"[42.7, 57.8]",,,,,,,,,,,0.119999,,,,,,,,,,,,d2d48b39-8adc-4a44-a09e-cbd0cfb5b515,2173,,"[42.7, 57.8]",3920417,71,,,,,,,,,,,,,,,,,,,,,,,,2,From Throw In,Kennedy Amutenya,264381.0,Right Center Back,136,Mali,4930,"['bc10c798-a500-448c-84c3-8feca54d4831', '9250c070-952d-403a-a73a-73fc01d20a52']",53,,,,,,,,,,,,,,,,,,Namibia,4980,00:26:53.922,Carry,
,,"[33.5, 12.7]",,,,,,,,,,,2.887544,,,,,,,,,,,,8190b5f6-9704-46ff-9915-bb27c2c3f50a,2177,,"[28.1, 20.5]",3920417,71,,,,,,,,,,,,,,,,,,,,,,,,2,From Throw In,Sikou Niakate,7295.0,Left Center Back,136,Mali,4930,"['1c9264af-28ec-4e77-b25f-e29ef92a9d48', 'e4f3554b-8005-4e46-af7a-fee0dfb76e5e']",57,,,,,,,,,,,,,,,,,,Mali,4930,00:26:57.124,Carry,
,,"[49.3, 5.2]",,,,,,,,,,,0.053213,,,,,,,,,,,,14a92e97-8354-4a22-bf73-e8f5995c2948,2180,,"[49.3, 5.2]",3920417,72,,,,,,,,,,,,,,,,,,,,,,,,2,From Throw In,Amadou Dante,40868.0,Left Back,136,Mali,4930,"['c04e7c32-26a2-47a3-a9a9-7b206dbefa67', '97d7a342-839a-4c26-af66-3b6e8e2204e3']",0,,,,,,,,,,,,,,,,,,Mali,4930,00:27:00.913,Carry,
,,"[34.8, 8.6]",,,,,,,,,,,1.797782,,,,,,,,,,,,2fc95fe1-fc76-4358-aa64-76079edff4ed,2183,,"[34.8, 7.1]",3920417,72,,,,,,,,,,,,,,,,,,,,,,,,2,From Throw In,Sikou Niakate,7295.0,Left Center Back,136,Mali,4930,"['44ab7726-52e6-40e9-a5c5-d5c7edb5f735', '82f9ad70-24f3-4acc-ba57-0ab32bcf0eeb']",3,,,,,,,,,,,,,,,,,,Mali,4930,00:27:03.122,Carry,
,,"[42.7, 40.5]",,,,,,,,,,,2.08156,,,,,,,,,,,,ccc10868-f20b-47fe-ba93-ef0be7aec001,2186,,"[37.6, 30.6]",3920417,72,,,,,,,,,,,,,,,,,,,,,,,,2,From Throw In,Mohamed Camara,24806.0,Right Defensive Midfield,136,Mali,4930,"['11af398e-246f-46c2-adac-04b468140d0d', '31980f29-b958-46f8-aae0-7f528c35c83e']",6,,,,,,,,,,,,,,,,,,Mali,4930,00:27:06.467,Carry,
,,"[83.7, 73.1]",,,,,,,,,,,3.980831,,,,,,,,,,,,31c7a944-68da-44c2-98ec-33d99f2d9be0,2189,,"[76.9, 75.5]",3920417,72,,,,,,,,,,,,,,,,,,,,,,,,2,From Throw In,Fousseni Diabaté,3710.0,Right Wing,136,Mali,4930,"['eddcf352-d82f-41a1-ae9e-fd46ea318d95', '9ab29d00-88d5-4c80-aff8-308feff862a9']",11,,,,,,,,,,,,,,,,,,Mali,4930,00:27:11.302,Carry,
,,"[75.7, 59.7]",,,,,,,,,,,1.277332,,,,,,,,,,,,9937a45a-5854-468d-ac44-ffa725353b64,2192,,"[72.3, 63.4]",3920417,72,,,,,,,,,,,,,,,,,,,,,,,,2,From Throw In,Mohamed Camara,24806.0,Right Defensive Midfield,136,Mali,4930,"['57292a41-5a23-45b3-8ac9-5239e33bad8b', '07e99574-6493-4c11-876e-f39e684bec5d']",16,,,,,,,,,,,,,,,,,,Mali,4930,00:27:16.571,Carry,
,,"[105.9, 8.9]",,,,,,,,,,,0.684788,,,,,,,,,,,,61f078e8-89f9-49a0-b6ef-e1b025268c63,2195,,"[105.2, 11.1]",3920417,72,,,,,,,,,,,,,,,,,,,,,,,,2,From Throw In,Nene Dorgeles,199653.0,Left Wing,136,Mali,4930,"['dd295794-0d41-4023-bcf7-52a343c7141a', '8e170408-5010-43e4-a780-65c498e9ea40']",20,,,,,,,,,,,,,,,,,,Mali,4930,00:27:20.439,Carry,
,,"[42.4, 16.4]",,,,,,,,,,,3.26297,,,,,,,,,,,,2623efc9-f50d-4ec9-bf0d-076f51cb7af7,2206,,"[47.7, 11.4]",3920417,73,,,,,,,,,,,,,,,,,,,,,,,,2,Regular Play,Kamory Doumbia,162132.0,Center Attacking Midfield,138,Mali,4930,"['ec538c8f-8ff9-4327-8122-99c135af02c5', '420c2a17-e874-4709-9b85-0fcc597b2923', '1537b1bf-0b36-4b12-91fc-4388799b20e5']",26,,,,,,,,,,,,,,,,,,Mali,4930,00:28:26.037,Carry,True
,,"[34.8, 57.0]",,,,,,,,,,,2.341265,,,,,,,,,,,,48895c6a-9903-4176-bee5-7841f052a909,2211,,"[36.2, 36.3]",3920417,73,,,,,,,,,,,,,,,,,,,,,,,,2,Regular Play,Hamari Traoré,3248.0,Right Back,138,Mali,4930,"['e8ef87b8-73bb-4cf2-94c9-3cbcf26f9b91', '7ddccebf-9684-4005-a7bb-d55d4cfe3a1c']",30,,,,,,,,,,,,,,,,,,Mali,4930,00:28:30.720,Carry,
,,"[41.2, 48.7]",,,,,,,,,,,4.214759,,,,,,,,,,,,426bae26-3129-4b97-9dd9-09eec90be8b6,2214,,"[40.5, 50.5]",3920417,73,,,,,,,,,,,,,,,,,,,,,,,,2,Regular Play,Mohamed Camara,24806.0,Right Defensive Midfield,138,Mali,4930,"['877438de-aa5f-4ecb-89af-1108a5a69d8a', 'bf623eba-d916-457a-83ad-6c60894bacd8']",33,,,,,,,,,,,,,,,,,,Mali,4930,00:28:33.651,Carry,
,,"[55.8, 22.7]",,,,,,,,,,,4.33242,,,,,,,,,,,,06440e2e-e747-473d-b1fd-1c6f51cdd1a0,2217,,"[48.2, 26.0]",3920417,73,,,,,,,,,,,,,,,,,,,,,,,,2,Regular Play,Yves Bissouma,4385.0,Left Defensive Midfield,138,Mali,4930,"['9728d3c6-6888-4c0c-b278-7830c61b010b', '72b6e611-e9ec-45f2-b65c-0d90e59b9226']",39,,,,,,,,,,,,,,,,,,Mali,4930,00:28:39.140,Carry,
,,"[56.6, 35.4]",,,,,,,,,,,1.55099,,,,,,,,,,,,aa633a9f-f031-457b-8ebb-dd5924ba8eaa,2220,,"[58.9, 34.0]",3920417,73,,,,,,,,,,,,,,,,,,,,,,,,2,Regular Play,Mohamed Camara,24806.0,Right Defensive Midfield,138,Mali,4930,"['8cca6545-ed78-4367-8013-1a7bf9cec3d3', '96f2f4bf-4d67-4f3b-90b6-22f9cee01862']",44,,,,,,,,,,,,,,,,,,Mali,4930,00:28:44.118,Carry,
,,"[69.6, 57.1]",,,,,,,,,,,2.703524,,,,,,,,,,,,bb691c42-300a-46ab-8316-b96dda44c612,2223,,"[62.7, 61.7]",3920417,73,,,,,,,,,,,,,,,,,,,,,,,,2,Regular Play,Hamari Traoré,3248.0,Right Back,138,Mali,4930,"['b2856435-9eaa-4e71-830a-58ea27fe020b', '7db61c20-ed47-4f39-a08e-aa4198e491a5']",47,,,,,,,,,,,,,,,,,,Mali,4930,00:28:47.060,Carry,
,,"[15.5, 45.0]",,,,,,,,,,,0.156361,,,,,,,,,,,,2a1ccf80-b01e-4b7e-851a-1387aad13e85,2229,,"[14.7, 44.0]",3920417,73,,,,,,,,,,,,,,,,,,,,,,,,2,Regular Play,Kennedy Amutenya,264381.0,Right Center Back,138,Mali,4930,"['edfe50fa-9aa7-4d90-a5f5-98c611d330f5', '4c70a1bf-4109-4ea9-a759-128660bcc31f']",53,,,,,,,,,,,,,,,,,,Namibia,4980,00:28:53.885,Carry,
,,"[67.2, 32.9]",,,,,,,,,,,4.094347,,,,,,,,,,,,803687ae-d85b-4c0b-802c-1ab4d33cfac1,2233,,"[71.7, 35.3]",3920417,73,,,,,,,,,,,,,,,,,,,,,,,,2,Regular Play,Mohamed Camara,24806.0,Right Defensive Midfield,138,Mali,4930,"['c846e86b-1f67-4138-991e-f24a0a698810', 'e98e47de-2c3e-4257-9a1e-baa0c2044aee']",56,,,,,,,,,,,,,,,,,,Mali,4930,00:28:56.426,Carry,
,,"[82.0, 18.8]",,,,,,,,,,,2.819209,,,,,,,,,,,,7e856802-b814-4cc8-add9-ee9c6e8579db,2236,,"[71.7, 23.3]",3920417,74,,,,,,,,,,,,,,,,,,,,,,,,2,Regular Play,Yves Bissouma,4385.0,Left Defensive Midfield,138,Mali,4930,"['637f2d5e-6c91-46cd-898f-48bdb4d266dd', '5c760b8a-2328-438f-8e1a-e729d324eb3b', '09baed7d-7f04-4852-9ffc-524e54c5d792']",1,,,,,,,,,,,,,,,,,,Mali,4930,00:29:01.219,Carry,True
,,"[109.2, 3.3]",,,,,,,,,,,1.301354,,,,,,,,,,,,e07c9872-930e-49de-8714-1f286a3bcac9,2240,,"[100.5, 5.2]",3920417,74,,,,,,,,,,,,,,,,,,,,,,,,2,Regular Play,Amadou Dante,40868.0,Left Back,138,Mali,4930,"['bc80bcb2-7f9e-487c-8797-55ddfc179ba0', 'cd396746-f321-400c-97ed-6cd4ca1b9d88']",5,,,,,,,,,,,,,,,,,,Mali,4930,00:29:05.860,Carry,
,,"[21.0, 32.4]",,,,,,,,,,,3.102104,,,,,,,,,,,,ebb2378f-f6f6-47c6-86a6-38c667a1911e,2248,,"[20.9, 42.8]",3920417,74,,,,,,,,,,,,,,,,,,,,,,,,2,Regular Play,Ngero Kaanjuka Katua,389316.0,Left Center Midfield,138,Mali,4930,"['bd5ed786-cf03-47ba-b679-b4cd481503dd', 'aa89a49d-3771-4c0e-b0a1-76ab98ebfcce']",10,,,,,,,,,,,,,,,,,,Namibia,4980,00:29:10.354,Carry,
,,"[76.1, 57.6]",,,,,,,,,,,2.051216,,,,,,,,,,,,2672731d-dc31-4409-bf93-a43f1bbec1ad,2253,,"[70.6, 52.9]",3920417,74,,,,,,,,,,,,,,,,,,,,,,,,2,Regular Play,Mohamed Camara,24806.0,Right Defensive Midfield,138,Mali,4930,"['93112b6d-2323-4702-869f-f72abb79e958', 'ed927ed8-1b18-4ee0-b86a-37bcad33cc51']",17,,,,,,,,,,,,,,,,,,Mali,4930,00:29:17.112,Carry,
,,"[94.4, 70.0]",,,,,,,,,,,1.332593,,,,,,,,,,,,4a2d657d-aea6-4c92-b606-cffdf127295a,2256,,"[90.3, 71.3]",3920417,74,,,,,,,,,,,,,,,,,,,,,,,,2,Regular Play,Fousseni Diabaté,3710.0,Right Wing,138,Mali,4930,"['eecadb75-7f58-4e70-9b8c-c7ab8a2ff91b', 'a56c6e82-1d7d-4979-a567-79adf131f464']",20,,,,,,,,,,,,,,,,,,Mali,4930,00:29:20.302,Carry,
,,"[92.1, 4.6]",,,,,,,,,,,1.566357,,,,,,,,,,,,1bc03ede-f325-404f-b877-7cae4b2b9f65,2266,,"[99.5, 9.1]",3920417,78,,,,,,,,,,,,,,,,,,,,,,,,2,From Corner,Prins Menelik Tjiueza,103803.0,Right Center Midfield,140,Namibia,4980,"['f1f08027-fd21-4739-a888-39c740c274a9', '360dba57-c8f2-4fc2-9b09-9b3db47767fd']",14,,,,,,,,,,,,,,,,,,Namibia,4980,00:33:14.130,Carry,
,,"[106.5, 5.0]",,,,,,,,,,,0.275582,,,,,,,,,,,,bfa6a5d3-7aa5-46cc-bc5a-807ed36d1b27,2273,,"[103.5, 6.0]",3920417,78,,,,,,,,,,,,,,,,,,,,,,,,2,From Throw In,Peter Shalulile,65723.0,Center Forward,141,Namibia,4980,"['a7029146-24d1-48ac-8fce-eacd5a83741f', '4f75f1ab-2513-485c-94ff-f91f97a6502a']",57,,,,,,,,,,,,,,,,,,Namibia,4980,00:33:57.143,Carry,
,,"[110.6, 10.1]",,,,,,,,,,,0.533499,,,,,,,,,,,,406b0418-b1b3-47db-b23a-f08ac2ffc5fa,2281,,"[109.2, 9.8]",3920417,79,,,,,,,,,,,,,,,,,,,,,,,,2,From Throw In,Absalom Iimbondi,103804.0,Right Midfield,142,Namibia,4980,"['68b688fc-542b-4cef-a67a-5eb570ec8685', '98e1ba95-0c7f-4ab3-af8d-e1bff5a44261']",14,,,,,,,,,,,,,,,,,,Namibia,4980,00:34:14.759,Carry,
,,"[103.3, 4.8]",,,,,,,,,,,0.521602,,,,,,,,,,,,9c08bad8-1523-4be6-a95d-39d854a29e7a,2284,,"[103.7, 5.9]",3920417,79,,,,,,,,,,,,,,,,,,,,,,,,2,From Throw In,Riaan Hanamub,65555.0,Left Back,142,Namibia,4980,"['1dd1879b-3b71-41ad-b096-21b4ff19f7ca', '186f5616-b13e-47aa-b519-af9aa0247c52', '3a372775-e19a-463a-b9b2-7e2bc7cdc6bc']",15,,,,,,,,,,,,,,,,,,Namibia,4980,00:34:15.760,Carry,True
,,"[117.7, 7.4]",,,,,,,,,,,1.148716,,,,,,,,,,,,508bd4bd-2b76-430e-9d90-2751bf30e5f3,2291,,"[118.1, 9.1]",3920417,79,,,,,,,,,,,,,,,,,,,,,,,,2,From Throw In,Peter Shalulile,65723.0,Center Forward,143,Namibia,4980,"['55cb1475-3858-4e62-9fab-9cdf8a1130b6', '1fe19814-b489-4a01-9535-f161bf4d2dea', 'a4ecf566-dbc7-44f8-b8cd-da2e7fc7646c']",26,,,,,,,,,,,,,,,,,,Namibia,4980,00:34:26.613,Carry,True
,,"[116.1, 9.7]",,,,,,,,,,,0.09597,,,,,,,,,,,,f145cb46-03b5-4dc9-affb-3b445add1344,2297,,"[116.9, 9.8]",3920417,79,,,,,,,,,,,,,,,,,,,,,,,,2,From Throw In,Peter Shalulile,65723.0,Center Forward,144,Namibia,4980,"['e1401173-cd18-4b3c-8926-05c9a60ff4c2', '2f532b94-d830-41c2-9ccd-b12e46fcac9a']",36,,,,,,,,,,,,,,,,,,Namibia,4980,00:34:36.713,Carry,
,,"[5.7, 74.9]",,,,,,,,,,,0.480097,,,,,,,,,,,,0564b4c6-5f95-4cc3-ab32-4c3b29454c65,2301,,"[6.1, 75.5]",3920417,79,,,,,,,,,,,,,,,,,,,,,,,,2,Regular Play,Fousseni Diabaté,3710.0,Right Wing,145,Mali,4930,"['9b77eea4-c9c6-4503-8de5-26130f9063e3', 'f46fc8c4-9be7-4ff6-8d2f-70fc26f99387', '4ba91002-f648-4c9e-96b3-ac1ca3a9228c']",38,,,,,,,,,,,,,,,,,,Mali,4930,00:34:38.143,Carry,True
,,"[4.8, 71.0]",,,,,,,,,,,0.393904,,,,,,,,,,,,75c75a22-cce5-4d7a-b444-dd8c55b44366,2305,,"[5.3, 71.7]",3920417,79,,,,,,,,,,,,,,,,,,,,,,,,2,Regular Play,Hamari Traoré,3248.0,Right Back,145,Mali,4930,"['cb381233-374f-4a01-b632-dd39e26fae83', 'f172981c-8db3-4e33-8280-0adcf2a2cac0']",39,,,,,,,,,,,,,,,,,,Mali,4930,00:34:39.242,Carry,
,,"[14.0, 72.7]",,,,,,,,,,,1.213951,,,,,,,,,,,,3ce8e090-6ea7-48bd-b455-6ce4679e333b,2308,,"[15.0, 74.5]",3920417,79,,,,,,,,,,,,,,,,,,,,,,,,2,Regular Play,Mohamed Camara,24806.0,Right Defensive Midfield,145,Mali,4930,"['67e6a85e-0517-4ece-94b4-25230779e1e8', 'ddeed1c9-e8e8-46ab-aa21-d879cd26cc47', '8f19b3a8-1365-4bb0-9dc5-d29c43b9d6d5']",40,,,,,,,,,,,,,,,,,,Mali,4930,00:34:40.429,Carry,True
,,"[4.4, 76.5]",,,,,,,,,,,0.736967,,,,,,,,,,,,83ad4dd4-3016-4ba2-876a-3654e2083fff,2313,,"[4.0, 73.7]",3920417,79,,,,,,,,,,,,,,,,,,,,,,,,2,Regular Play,Hamari Traoré,3248.0,Right Back,145,Mali,4930,"['f44e8660-5158-41c6-bc65-07f367f94f10', '3a9d91f3-49e9-479c-8107-dc92bf2688ef', '58d2c593-7ac9-4752-a7b0-ed5eac7ff309']",42,,,,,,,,,,,,,,,,,,Mali,4930,00:34:42.672,Carry,True
,,"[22.5, 74.5]",,,,,,,,,,,1.964851,,,,,,,,,,,,ac2614ac-65a1-4e4f-977d-18a6e88dbaea,2319,,"[22.1, 71.8]",3920417,79,,,,,,,,,,,,,,,,,,,,,,,,2,Regular Play,Yves Bissouma,4385.0,Left Defensive Midfield,145,Mali,4930,"['55bb0e82-218e-4fdf-8ea6-c45b3f859000', '1350589d-3dcc-45ad-8e69-9fb50babfb0e', '3cdc81a1-2b04-465e-a101-250dc108e3cb']",46,,,,,,,,,,,,,,,,,,Mali,4930,00:34:46.670,Carry,True
,,"[17.0, 72.7]",,,,,,,,,,,0.614922,,,,,,,,,,,,8e6ed860-1481-439d-8de1-a040a2560a33,2323,,"[17.7, 72.8]",3920417,79,,,,,,,,,,,,,,,,,,,,,,,,2,Regular Play,Hamari Traoré,3248.0,Right Back,145,Mali,4930,"['77fddd8e-2c19-4a3a-bc71-3f60f999f401', 'f64282e5-f220-4c72-bb1c-759fa49458cd']",49,,,,,,,,,,,,,,,,,,Mali,4930,00:34:49.401,Carry,
,,"[15.1, 36.8]",,,,,,,,,,,1.409541,,,,,,,,,,,,a68406c9-32aa-4714-8663-fc44947dad85,2326,,"[15.1, 51.9]",3920417,79,,,,,,,,,,,,,,,,,,,,,,,,2,Regular Play,Sikou Niakate,7295.0,Left Center Back,145,Mali,4930,"['34fd10dc-83ca-48aa-b0db-fbab3692a649', '1069cdf5-4d7e-4e09-b556-e6b2bfb5bbea']",51,,,,,,,,,,,,,,,,,,Mali,4930,00:34:51.328,Carry,
,,"[70.5, 10.3]",,,,,,,,,,,3.347527,,,,,,,,,,,,58f58871-67fc-458c-a579-59d1b1c2ed02,2329,,"[43.6, 5.4]",3920417,79,,,,,,,,,,,,,,,,,,,,,,,,2,Regular Play,Nene Dorgeles,199653.0,Left Wing,145,Mali,4930,"['ec8fd902-7389-4a00-a301-766409196624', '845df6e8-2269-41d7-806d-d15114952ee4']",55,,,,,,,,,,,,,,,,,,Mali,4930,00:34:55.063,Carry,
,,"[85.5, 3.1]",,,,,,,,,,,0.774853,,,,,,,,,,,,120feb52-2230-4a7c-9edd-fa5b948dd514,2332,,"[77.9, 2.1]",3920417,79,,,,,,,,,,,,,,,,,,,,,,,,2,Regular Play,Amadou Dante,40868.0,Left Back,145,Mali,4930,"['89a3c1de-6b07-4fe4-aa6e-b8c718220ece', '6f1aded5-1e8e-432a-8563-8e8cb2a0310d']",59,,,,,,,,,,,,,,,,,,Mali,4930,00:34:59.545,Carry,
,,"[114.5, 25.1]",,,,,,,,,,,1.130746,,,,,,,,,,,,09da3a52-9c1e-4865-b98b-666338031ccd,2336,,"[113.3, 19.6]",3920417,80,,,,,,,,,,,,,,,,,,,,,,,,2,Regular Play,Nene Dorgeles,199653.0,Left Wing,145,Mali,4930,"['00b86b25-6816-4cae-90b4-3fc08a0eecac', '8cb4e92d-1c0c-4e4d-abe8-599c5cf1d1c8', 'f545f739-19dc-4901-8709-5a7041e7c830']",2,,,,,,,,,,,,,,,,,,Mali,4930,00:35:02.672,Carry,True
,,"[7.6, 72.1]",,,,,,,,,,,3.839949,,,,,,,,,,,,6c3a705d-3c59-497d-9940-ac7b4b88a8fb,2340,,"[5.2, 48.9]",3920417,80,,,,,,,,,,,,,,,,,,,,,,,,2,Regular Play,Aprocious Petrus,136406.0,Center Defensive Midfield,146,Namibia,4980,"['cb34488e-6938-48cc-b3da-ea0779e2fdc7', 'b4b097cb-ffe5-4abc-bd8c-0c7c45fa144f', 'd73e13d0-756c-4ac2-bbb4-ba8664157a5c']",5,,,,,,,,,,,,,,,,,,Namibia,4980,00:35:05.355,Carry,True
,,"[5.6, 69.4]",,,,,,,,,,,1.674769,,,,,,,,,,,,65d01b15-a143-4f1d-9fba-cd30e2f8c818,2356,,"[10.0, 71.1]",3920417,80,,,,,,,,,,,,,,,,,,,,,,,,2,From Throw In,Ivan Kamberipa,103799.0,Right Back,147,Namibia,4980,"['f2d73383-3ab1-4444-bc95-0c7ab00f37b8', 'fb27fdd0-1f22-477e-9605-cb37374b61cb']",51,,,,,,,,,,,,,,,,,,Namibia,4980,00:35:51.105,Carry,
,,"[70.0, 65.3]",,,,,,,,,,,1.11232,,,,,,,,,,,,9450bbce-fc00-40b0-a172-9c87ca73978b,2365,,"[70.0, 67.7]",3920417,81,,,,,,,,,,,,,,,,,,,,,,,,2,From Throw In,Hamari Traoré,3248.0,Right Back,148,Mali,4930,"['29fa7f95-5ea6-4729-b195-9e9015a31fec', 'a54ef919-c047-4514-bae1-fc7830f12142']",5,,,,,,,,,,,,,,,,,,Mali,4930,00:36:05.279,Carry,
,,"[92.0, 73.9]",,,,,,,,,,,3.226909,,,,,,,,,,,,ffff22a4-9c87-488c-aefd-612a333f9cd8,2368,,"[90.2, 75.1]",3920417,81,,,,,,,,,,,,,,,,,,,,,,,,2,From Throw In,Adama Traoré,4464.0,Right Wing,148,Mali,4930,"['d211fc9b-b5a6-4f25-95d7-5683c49a2402', 'dd967aab-b583-4b04-9414-11beb5395020']",7,,,,,,,,,,,,,,,,,,Mali,4930,00:36:07.715,Carry,
,,"[77.8, 74.1]",,,,,,,,,,,0.45751,,,,,,,,,,,,80d95017-38f0-4579-84bb-d21f5afa3301,2371,,"[77.4, 74.1]",3920417,81,,,,,,,,,,,,,,,,,,,,,,,,2,From Throw In,Hamari Traoré,3248.0,Right Back,148,Mali,4930,"['0df9abe7-2532-4636-aaea-ebfaac4ac891', '12c36609-995e-4e82-80d9-d370dd4be7ae']",12,,,,,,,,,,,,,,,,,,Mali,4930,00:36:12.486,Carry,
,,"[68.2, 59.8]",,,,,,,,,,,1.194792,,,,,,,,,,,,5c1757f8-3cb3-405a-b6fd-7e4fd7d0835e,2374,,"[68.6, 60.2]",3920417,81,,,,,,,,,,,,,,,,,,,,,,,,2,From Throw In,Mohamed Camara,24806.0,Right Defensive Midfield,148,Mali,4930,"['2f79d933-7c3a-4209-b30c-851d1f77f3f9', '537af77b-22ae-4a16-a385-472519c7d34a']",14,,,,,,,,,,,,,,,,,,Mali,4930,00:36:14.261,Carry,
,,"[78.2, 6.4]",,,,,,,,,,,2.380106,,,,,,,,,,,,14e25e1e-9372-4334-99bc-990ed068046a,2377,,"[72.4, 5.6]",3920417,81,,,,,,,,,,,,,,,,,,,,,,,,2,From Throw In,Amadou Dante,40868.0,Left Back,148,Mali,4930,"['36d3a349-3b9c-44f0-b8cc-dee032c621b6', '95afe1f3-fa59-4ed8-96dd-f437ab20edcd']",17,,,,,,,,,,,,,,,,,,Mali,4930,00:36:17.913,Carry,
,,"[76.5, 11.4]",,,,,,,,,,,3.097679,,,,,,,,,,,,5e682689-9247-42f7-9e64-56081ed44e9c,2380,,"[84.8, 12.7]",3920417,81,,,,,,,,,,,,,,,,,,,,,,,,2,From Throw In,Kamory Doumbia,162132.0,Center Attacking Midfield,148,Mali,4930,"['50ccdc9b-b829-46de-9dc5-a79e31b31793', 'e72ebbe0-3df4-4649-b647-8b827e22c1c3', '50181c28-c14f-41fc-9a1c-745739042288']",21,,,,,,,,,,,,,,,,,,Mali,4930,00:36:21.219,Carry,True
,,"[68.5, 50.1]",,,,,,,,,,,2.071758,,,,,,,,,,,,f3edb752-aa6a-43d6-a87b-7ffae3c8be70,2384,,"[66.6, 42.6]",3920417,81,,,,,,,,,,,,,,,,,,,,,,,,2,From Throw In,Mohamed Camara,24806.0,Right Defensive Midfield,148,Mali,4930,"['ce7412d7-9cd7-4760-b8b1-c4920cd1a001', '667d9ade-9413-4302-b2eb-4efc8d1b9df3']",25,,,,,,,,,,,,,,,,,,Mali,4930,00:36:25.614,Carry,
,,"[97.5, 74.5]",,,,,,,,,,,1.689883,,,,,,,,,,,,122e5782-f2bb-4553-b465-f5762b34bcdb,2387,,"[94.9, 76.1]",3920417,81,,,,,,,,,,,,,,,,,,,,,,,,2,From Throw In,Hamari Traoré,3248.0,Right Back,148,Mali,4930,"['a96f5b56-2b98-4ac8-98f1-444f52de535e', '6c6dd0d2-722c-4474-b860-36d0d920d7e5']",29,,,,,,,,,,,,,,,,,,Mali,4930,00:36:29.621,Carry,
,,"[108.0, 70.8]",,,,,,,,,,,2.118622,,,,,,,,,,,,d4c44207-6b76-47cd-a7ca-6346193c2647,2391,,"[117.0, 68.0]",3920417,81,,,,,,,,,,,,,,,,,,,,,,,,2,From Throw In,Adama Traoré,4464.0,Right Wing,148,Mali,4930,"['de05bea8-9e70-42ba-bfdb-660bff4d6eee', '1162e52b-1545-4820-975a-491c1ea4a8e2', '71437ec4-d3d3-427e-bc2f-72ab85afb8b3']",33,,,,,,,,,,,,,,,,,,Mali,4930,00:36:33.527,Carry,True
,,"[98.5, 74.9]",,,,,,,,,,,0.382381,,,,,,,,,,,,235140f5-16a5-40df-9444-19d5edcf04a6,2394,,"[99.7, 74.9]",3920417,81,,,,,,,,,,,,,,,,,,,,,,,,2,From Throw In,Hamari Traoré,3248.0,Right Back,148,Mali,4930,"['17e06be7-0efd-4c23-ba8a-07212a1ee4e8', '71fcaf7d-71f6-435b-9715-e72562119d8b']",36,,,,,,,,,,,,,,,,,,Mali,4930,00:36:36.588,Carry,
,,"[85.7, 69.6]",,,,,,,,,,,0.751348,,,,,,,,,,,,896883fa-1df1-4df3-b189-5664f8b30c6a,2397,,"[84.3, 74.9]",3920417,81,,,,,,,,,,,,,,,,,,,,,,,,2,From Throw In,Mohamed Camara,24806.0,Right Defensive Midfield,148,Mali,4930,"['baa114e2-cd91-4249-95b9-93a7494dad77', 'ea918d97-094a-4d8e-b030-ebd367ca00da']",38,,,,,,,,,,,,,,,,,,Mali,4930,00:36:38.295,Carry,
,,"[68.8, 32.0]",,,,,,,,,,,0.7708,,,,,,,,,,,,5c284eda-412b-43ca-9ec1-3710a165b663,2400,,"[67.2, 33.3]",3920417,81,,,,,,,,,,,,,,,,,,,,,,,,2,From Throw In,Sikou Niakate,7295.0,Left Center Back,148,Mali,4930,"['f68a448f-78b6-44a7-aa23-3ea072e0ad02', '2f4d8228-ccbf-4e36-a89d-381ea5418e8b']",41,,,,,,,,,,,,,,,,,,Mali,4930,00:36:41.552,Carry,
,,"[83.7, 8.6]",,,,,,,,,,,1.329038,,,,,,,,,,,,d505afbb-c0d0-48ec-8119-7c448fe65c19,2403,,"[80.6, 9.0]",3920417,81,,,,,,,,,,,,,,,,,,,,,,,,2,From Throw In,Amadou Dante,40868.0,Left Back,148,Mali,4930,"['3169da46-be60-4895-9833-cfc3e627d8d8', '4d9046bc-98df-4525-b157-9099c0d5afed']",43,,,,,,,,,,,,,,,,,,Mali,4930,00:36:43.900,Carry,
,,"[24.1, 44.0]",,,,,,,,,,,1.838928,,,,,,,,,,,,387200b8-5339-4f20-8dcc-77a5f4c31c02,2407,,"[20.4, 44.7]",3920417,81,,,,,,,,,,,,,,,,,,,,,,,,2,From Throw In,Ngero Kaanjuka Katua,389316.0,Left Center Midfield,148,Mali,4930,"['fec42605-8ee9-42ca-9221-7b34cb1da2d9', 'f0ced495-1efd-4ea0-b694-d1c97af4ef49']",47,,,,,,,,,,,,,,,,,,Namibia,4980,00:36:47.604,Carry,
,,"[55.4, 70.7]",,,,,,,,,,,2.1571,,,,,,,,,,,,dadaded4-8a95-45e7-bc4a-cc4ff2f3bc5e,2411,,"[49.6, 71.4]",3920417,81,,,,,,,,,,,,,,,,,,,,,,,,2,From Throw In,Boubakar Kouyate,23331.0,Right Center Back,148,Mali,4930,"['351c00ae-72da-4ff9-a738-5f01b8bac148', '3642ece5-b0d3-4e4c-a82b-0ec625d0408f']",53,,,,,,,,,,,,,,,,,,Mali,4930,00:36:53.685,Carry,
,,"[64.1, 45.0]",,,,,,,,,,,3.995414,,,,,,,,,,,,5c0eb296-334a-4c78-bf6c-2f161a8cdfb4,2414,,"[50.3, 52.8]",3920417,81,,,,,,,,,,,,,,,,,,,,,,,,2,From Throw In,Mohamed Camara,24806.0,Right Defensive Midfield,148,Mali,4930,"['f6aa7fd7-827b-4e8f-be7a-8c87e9325c8f', '7c88e0dc-d961-474d-ae82-e96907b7b327']",57,,,,,,,,,,,,,,,,,,Mali,4930,00:36:57.094,Carry,
,,"[57.2, 25.1]",,,,,,,,,,,1.343997,,,,,,,,,,,,6875ec97-edfe-4fbc-b564-026cb11e72d4,2417,,"[54.4, 31.5]",3920417,82,,,,,,,,,,,,,,,,,,,,,,,,2,From Throw In,Sikou Niakate,7295.0,Left Center Back,148,Mali,4930,"['c423eed4-98ef-4a44-88e3-9c11a1f5e005', '5ed4174a-be7e-4cdd-9791-c97f9b13e3bb']",2,,,,,,,,,,,,,,,,,,Mali,4930,00:37:02.609,Carry,
,,"[69.2, 9.3]",,,,,,,,,,,2.159373,,,,,,,,,,,,cb6844ed-b4b0-4483-ab87-3df9421f2152,2420,,"[64.1, 7.6]",3920417,82,,,,,,,,,,,,,,,,,,,,,,,,2,From Throw In,Amadou Dante,40868.0,Left Back,148,Mali,4930,"['07f6c867-c216-4ba6-9173-54fc297984b5', 'be400e31-9ef8-4500-b632-ba48ea391b16']",5,,,,,,,,,,,,,,,,,,Mali,4930,00:37:05.685,Carry,
,,"[85.7, 5.6]",,,,,,,,,,,1.648345,,,,,,,,,,,,11c57c8e-d8c5-4a80-a9d3-72fc791238b8,2423,,"[83.9, 4.7]",3920417,82,,,,,,,,,,,,,,,,,,,,,,,,2,From Throw In,Nene Dorgeles,199653.0,Left Wing,148,Mali,4930,"['7b58d6ca-535e-4b73-9452-53ab8d935f73', '7de117ee-10c1-4a7a-909e-aab8037f9185']",9,,,,,,,,,,,,,,,,,,Mali,4930,00:37:09.153,Carry,
,,"[100.5, 15.5]",,,,,,,,,,,3.450025,,,,,,,,,,,,1e903dfa-daea-4358-88ab-744cd65e50c2,2426,,"[104.7, 21.9]",3920417,82,,,,,,,,,,,,,,,,,,,,,,,,2,From Throw In,Kamory Doumbia,162132.0,Center Attacking Midfield,148,Mali,4930,"['63187252-0b09-4cc1-b2d8-cf342b8d69f8', '002c1da8-9139-4522-943c-2944c6a4d523', '2da05554-8c9f-4a7a-90f4-4f40f4dfb2f6']",11,,,,,,,,,,,,,,,,,,Mali,4930,00:37:11.955,Carry,True
,,"[84.3, 31.2]",,,,,,,,,,,0.788878,,,,,,,,,,,,4edc34d9-84b8-43b0-96dd-61c0179664a1,2430,,"[85.7, 30.3]",3920417,82,,,,,,,,,,,,,,,,,,,,,,,,2,From Throw In,Mohamed Camara,24806.0,Right Defensive Midfield,148,Mali,4930,"['daf6e825-5ee6-4885-aaf6-91f8f1004eff', '0086b20f-1cd9-4671-9ac8-2ae87ae5c9f6']",16,,,,,,,,,,,,,,,,,,Mali,4930,00:37:16.766,Carry,
,,"[99.5, 56.8]",,,,,,,,,,,0.798828,,,,,,,,,,,,8667fab5-737e-4828-8f43-bd04c4d157f9,2433,,"[92.6, 60.7]",3920417,82,,,,,,,,,,,,,,,,,,,,,,,,2,From Throw In,Hamari Traoré,3248.0,Right Back,148,Mali,4930,"['ca0a17e8-bc88-4022-ac82-0a23c085f707', '95b2261e-ba83-492f-b80a-e8ebfe78df1c']",18,,,,,,,,,,,,,,,,,,Mali,4930,00:37:18.916,Carry,
,,"[78.6, 55.7]",,,,,,,,,,,0.197196,,,,,,,,,,,,439745c0-a328-4dd2-b7ca-432093a0a61f,2442,,"[77.5, 54.2]",3920417,82,,,,,,,,,,,,,,,,,,,,,,,,2,From Throw In,Mohamed Camara,24806.0,Right Defensive Midfield,149,Mali,4930,"['837265e7-822f-4b79-83de-58122e965af0', 'ee74b6e6-c679-451c-b63e-2399a068b009', '43582486-f32e-4f94-b3f1-0d5147278841']",34,,,,,,,,,,,,,,,,,,Mali,4930,00:37:34.340,Carry,True
,,"[76.1, 65.8]",,,,,,,,,,,1.679354,,,,,,,,,,,,89a1221e-d2d0-416c-b5ba-2c62f33f0d37,2445,,"[76.4, 65.3]",3920417,82,,,,,,,,,,,,,,,,,,,,,,,,2,From Throw In,Yves Bissouma,4385.0,Left Defensive Midfield,149,Mali,4930,"['5907c6da-9314-431d-a0f0-9c39bcd7681e', '772ec994-2025-466b-9abc-8192595da8c2']",35,,,,,,,,,,,,,,,,,,Mali,4930,00:37:35.283,Carry,
,,"[84.0, 64.8]",,,,,,,,,,,1.835021,,,,,,,,,,,,f2c84b23-ca55-4beb-b97b-007864470253,2448,,"[90.8, 69.4]",3920417,82,,,,,,,,,,,,,,,,,,,,,,,,2,From Throw In,Adama Traoré,4464.0,Right Wing,149,Mali,4930,"['d6797f44-b23a-4ecd-8b44-9a2ec3283801', 'f0f3ef2a-d8f2-423d-a73c-d7d0c42dcf35', '6e33b166-02ef-431f-815d-93a7e8bfacd6']",37,,,,,,,,,,,,,,,,,,Mali,4930,00:37:37.830,Carry,True
,,"[81.1, 67.1]",,,,,,,,,,,4.806891,,,,,,,,,,,,5ca51a7c-bb81-4046-ab2f-800d755a6fea,2452,,"[84.0, 64.8]",3920417,82,,,,,,,,,,,,,,,,,,,,,,,,2,From Throw In,Adama Traoré,4464.0,Right Wing,149,Mali,4930,"['e56663df-5ac5-4a88-97b4-f64fd8f578b8', '0fb76742-da6e-4e5c-bc5c-af6aca167c0f', 'f0f3ef2a-d8f2-423d-a73c-d7d0c42dcf35']",39,,,,,,,,,,,,,,,,,,Mali,4930,00:37:39.665,Carry,True
,,"[14.1, 75.9]",,,,,,,,,,,4.487906,,,,,,,,,,,,f888a057-7078-47a1-b1c7-586aac49e56d,2456,,"[18.4, 56.9]",3920417,82,,,,,,,,,,,,,,,,,,,,,,,,2,From Throw In,Deon Hotto Kavendji,64612.0,Left Midfield,149,Mali,4930,"['5ed176ef-952a-4ccd-9e32-2059e173a8a6', '2d808faa-1936-42fb-b91c-e2cf32820495']",47,,,,,,,,,,,,,,,,,,Namibia,4980,00:37:47.506,Carry,
,,"[30.7, 69.4]",,,,,,,,,,,1.55757,,,,,,,,,,,,786dedbc-33dd-4fbf-acb8-a4900093f01d,2459,,"[29.3, 71.6]",3920417,82,,,,,,,,,,,,,,,,,,,,,,,,2,From Throw In,Aprocious Petrus,136406.0,Center Defensive Midfield,149,Mali,4930,"['596c1e8b-0957-4a49-9497-5e313cc2d0a2', '158c6362-3276-49c7-95d1-b9d2d34d0348', 'b84437cd-fbcb-4f44-a999-3784c04c9d96']",53,,,,,,,,,,,,,,,,,,Namibia,4980,00:37:53.754,Carry,True
,,"[67.1, 38.4]",,,,,,,,,,,0.836111,,,,,,,,,,,,1dc4f4a4-6c4d-4846-b67c-8540cc5ce2a5,2471,,"[67.3, 38.7]",3920417,83,,,,,,,,,,,,,,,,,,,,,,,,2,From Throw In,Mohamed Camara,24806.0,Right Defensive Midfield,149,Mali,4930,"['da7c1ce2-5a61-43ca-b20c-e1b1140f99d9', '377ce182-b368-43ad-8f78-ec77ba9e65f2', '7a14217a-36ea-44a2-aa5a-9b98b3755efc']",0,,,,,,,,,,,,,,,,,,Mali,4930,00:38:00.682,Carry,True
,,"[62.6, 56.6]",,,,,,,,,,,2.495503,,,,,,,,,,,,c51f7faf-7a8c-449b-9ea0-f64a3af92942,2475,,"[62.6, 58.7]",3920417,83,,,,,,,,,,,,,,,,,,,,,,,,2,From Throw In,Hamari Traoré,3248.0,Right Back,149,Mali,4930,"['212f64dc-a35f-4f13-a2f0-d213a113a7ae', '873dbda6-f2ee-4ea2-959e-19a243f2b594']",3,,,,,,,,,,,,,,,,,,Mali,4930,00:38:03.425,Carry,
,,"[55.4, 34.0]",,,,,,,,,,,1.834583,,,,,,,,,,,,4253cb05-6d12-4a4d-b3b8-50de4385f3b3,2478,,"[53.0, 34.3]",3920417,83,,,,,,,,,,,,,,,,,,,,,,,,2,From Throw In,Sikou Niakate,7295.0,Left Center Back,149,Mali,4930,"['b27299e1-3753-4f91-a397-227c28d867a5', 'b2983dad-321e-4cbf-b91e-30293b5f8e90']",7,,,,,,,,,,,,,,,,,,Mali,4930,00:38:07.687,Carry,
,,"[87.1, 27.0]",,,,,,,,,,,1.599768,,,,,,,,,,,,6b571696-b571-41fa-b3b3-b118e5857229,2481,,"[78.4, 27.8]",3920417,83,,,,,,,,,,,,,,,,,,,,,,,,2,From Throw In,Kamory Doumbia,162132.0,Center Attacking Midfield,149,Mali,4930,"['44ae7480-566c-41a2-911e-8ab688d06161', 'e0f51e93-50f5-4bcd-9122-d1f06212e7b2', '7a8376bc-1561-41d7-86e5-0a78a52d4b2b']",10,,,,,,,,,,,,,,,,,,Mali,4930,00:38:10.525,Carry,True
,,"[53.6, 34.4]",,,,,,,,,,,1.255834,,,,,,,,,,,,f2012a18-8ed6-4113-a095-c0e2c5a25f71,2499,,"[55.6, 30.0]",3920417,85,,,,,,,,,,,,,,,,,,,,,,,,2,Regular Play,Mohamed Camara,24806.0,Right Defensive Midfield,153,Mali,4930,"['aaf51d93-baf7-4895-b59b-7cdf83647838', '812f614d-b8e2-4b33-ae93-0a42a6ed3c28']",33,,,,,,,,,,,,,,,,,,Mali,4930,00:40:33.376,Carry,
,,"[105.4, 71.3]",,,,,,,,,,,6.164769,,,,,,,,,,,,878563b1-1e6a-47aa-8e29-5ce7589600da,2502,,"[68.7, 51.6]",3920417,85,,,,,,,,,,,,,,,,,,,,,,,,2,Regular Play,Ibrahim Sissoko,8992.0,Center Forward,153,Mali,4930,"['ed280298-e0ba-4576-9d22-fedf7d7694de', 'ea47c7dd-6616-46b6-8652-76cc9d8fa72c', '12c82eba-5a58-4ddf-8dd3-4e23033dc2b4']",35,,,,,,,,,,,,,,,,,,Mali,4930,00:40:35.885,Carry,True
,,"[115.3, 66.7]",,,,,,,,,,,1.177308,,,,,,,,,,,,c4a3ae51-3793-41e2-8766-133cf73b80cc,2507,,"[114.5, 68.9]",3920417,85,,,,,,,,,,,,,,,,,,,,,,,,2,Regular Play,Ibrahim Sissoko,8992.0,Center Forward,153,Mali,4930,"['5acf221d-0284-430a-aed4-5431856c5640', '88ccb1a8-8f9f-4526-8c63-613552c5737f']",45,,,,,,,,,,,,,,,,,,Mali,4930,00:40:45.136,Carry,
,,"[103.2, 34.4]",,,,,,,,,,,0.367454,,,,,,,,,,,,d9973f6f-c7d3-4de5-8561-1ebc81c30248,2511,,"[105.2, 35.3]",3920417,85,,,,,,,,,,,,,,,,,,,,,,,,2,Regular Play,Nene Dorgeles,199653.0,Left Wing,153,Mali,4930,"['1de6f61e-c223-4fe2-bb3c-ab5cd46c861a', 'd8827641-d9e5-49de-a3e5-f7f312b8815b', '58d892e8-8292-4a27-a05e-9c8e7a7ee3d3']",47,,,,,,,,,,,,,,,,,,Mali,4930,00:40:47.634,Carry,True
,,"[90.9, 48.1]",,,,,,,,,,,1.204015,,,,,,,,,,,,10ef6e91-5494-4bd8-83aa-8b9897bc46cd,2525,,"[91.8, 48.3]",3920417,85,,,,,,,,,,,,,,,,,,,,,,,,2,Regular Play,Mohamed Camara,24806.0,Right Defensive Midfield,153,Mali,4930,"['5530919b-8316-44f7-a7d5-967d3494ed69', '91d712ae-56d1-473e-82f9-520397b15d0b', '1e0f3967-a153-448c-801e-c19b1b12488d', '86bc05c2-c114-4290-9cb6-c98e7d79e5d7']",56,,,,,,,,,,,,,,,,,,Mali,4930,00:40:56.539,Carry,True
,,"[24.4, 31.6]",,,,,,,,,,,0.621681,,,,,,,,,,,,f7e2bd01-9d9f-4f72-a336-dd454af9d804,2532,,"[24.1, 31.4]",3920417,87,,,,,,,,,,,,,,,,,,,,,,,,2,Regular Play,Peter Shalulile,65723.0,Center Forward,155,Namibia,4980,"['f48df130-36f0-40e8-ba77-d26a8e090dde', 'c938b7a9-9901-4331-8711-647a56b0ead4']",15,,,,,,,,,,,,,,,,,,Namibia,4980,00:42:15.320,Carry,
,,"[52.5, 9.1]",,,,,,,,,,,1.054973,,,,,,,,,,,,3ffa8569-de5b-4796-a6ed-d30f250c2b68,2535,,"[48.7, 7.0]",3920417,87,,,,,,,,,,,,,,,,,,,,,,,,2,Regular Play,Absalom Iimbondi,103804.0,Right Midfield,155,Namibia,4980,"['380ce234-0514-478f-969e-4e5d0695be45', 'b9750ee9-2d28-46b1-9b94-35985c899c6e', '70ca3860-9c4a-4f01-87d5-61511f4c8a33']",18,,,,,,,,,,,,,,,,,,Namibia,4980,00:42:18.859,Carry,True
,,"[117.5, 4.6]",,,,,,,,,,,2.610415,,,,,,,,,,,,d62050fb-d721-41c2-83f8-c4b1f0bd0d55,2549,,"[114.3, 7.9]",3920417,89,,,,,,,,,,,,,,,,,,,,,,,,2,From Throw In,Deon Hotto Kavendji,64612.0,Left Midfield,157,Namibia,4980,"['2699ca7d-5142-4363-9e3a-ef8d01603fbc', '8d9ea81c-4812-4606-a5a4-b6d9aa6909a3', '5b1345cc-4f37-4d12-9027-322620a1e302']",39,,,,,,,,,,,,,,,,,,Namibia,4980,00:44:39.770,Carry,True
,,"[2.0, 76.1]",,,,,,,,,,,0.910783,,,,,,,,,,,,f5aef8a7-8778-4538-9f7f-2261fd3df845,2564,,"[4.4, 73.5]",3920417,90,,,,,,,,,,,,,,,,,,,,,,,,2,Regular Play,Adama Traoré,4464.0,Right Wing,160,Mali,4930,"['d1ba244e-05bb-4380-b202-28e148fd1c28', '6de345d7-9507-4f78-b354-ddd11d1cafaa', '0a31566f-9012-4e37-abd9-a8d30e4977c6']",23,,,,,,,,,,,,,,,,,,Mali,4930,00:45:23.338,Carry,True
,,"[22.8, 20.5]",,,,,,,,,,,1.823887,,,,,,,,,,,,dd60c4ff-f805-430d-80c0-9c5dcd432b7e,2573,,"[13.2, 28.8]",3920417,90,,,,,,,,,,,,,,,,,,,,,,,,2,From Throw In,Sikou Niakate,7295.0,Left Center Back,161,Mali,4930,"['3edbfcbd-5bc0-44df-af28-b6c876c67e0f', 'e37a6274-0a63-434b-ae6c-adbd78f71be6']",36,,,,,,,,,,,,,,,,,,Mali,4930,00:45:36.112,Carry,
,,"[30.7, 4.8]",,,,,,,,,,,0.949591,,,,,,,,,,,,afe53d62-9d45-4de1-ae3b-173cfae6d375,2576,,"[30.2, 4.0]",3920417,90,,,,,,,,,,,,,,,,,,,,,,,,2,From Throw In,Amadou Dante,40868.0,Left Back,161,Mali,4930,"['e8bc59a5-f972-4059-9f99-85560a2a9c5d', 'fe8311fc-37b8-45d7-95c4-8cb9b17d2a15']",39,,,,,,,,,,,,,,,,,,Mali,4930,00:45:39.236,Carry,
,,"[21.1, 40.8]",,,,,,,,,,,1.36892,,,,,,,,,,,,8a4307c0-e711-4e19-a9a6-4fcef83a67a6,2579,,"[19.5, 34.7]",3920417,90,,,,,,,,,,,,,,,,,,,,,,,,2,From Throw In,Boubakar Kouyate,23331.0,Right Center Back,161,Mali,4930,"['0912396c-6781-487a-9e4f-10f15a8899f2', 'eac97119-ea9d-4917-bead-5700f6e1a3ed']",42,,,,,,,,,,,,,,,,,,Mali,4930,00:45:42.339,Carry,
,,"[41.4, 55.2]",,,,,,,,,,,0.985501,,,,,,,,,,,,2f151e18-d311-4d31-badd-91787337ad66,2582,,"[40.5, 54.2]",3920417,90,,,,,,,,,,,,,,,,,,,,,,,,2,From Throw In,Mohamed Camara,24806.0,Right Defensive Midfield,161,Mali,4930,"['b1333156-2565-4f49-96ea-6d2486751482', 'ef678430-7667-491a-b501-035f23c93327']",44,,,,,,,,,,,,,,,,,,Mali,4930,00:45:44.986,Carry,
,,"[63.5, 72.1]",,,,,,,,,,,0.602197,,,,,,,,,,,,eb29ef93-dc48-4858-ba39-c078f163c325,2585,,"[63.5, 72.1]",3920417,90,,,,,,,,,,,,,,,,,,,,,,,,2,From Throw In,Adama Traoré,4464.0,Right Wing,161,Mali,4930,"['403ad735-37ee-4631-9eb2-f8881a9403b9', '20b8b993-43fb-41a1-9b92-d27e5f0553c5']",48,,,,,,,,,,,,,,,,,,Mali,4930,00:45:48.006,Carry,
,,"[105.2, 74.9]",,,,,,,,,,,3.375106,,,,,,,,,,,,5ba05cab-5e8d-4ebc-b31f-f1930a553415,2588,,"[76.8, 76.9]",3920417,90,,,,,,,,,,,,,,,,,,,,,,,,2,From Throw In,Hamari Traoré,3248.0,Right Back,161,Mali,4930,"['07ee27b3-9e07-4ab3-a4f2-6c8789f23882', 'a7f22867-3d73-4cc9-989e-20bd3130ba19', 'dc64beef-6e51-4f21-8cc3-bb840923675b']",49,,,,,,,,,,,,,,,,,,Mali,4930,00:45:49.569,Carry,True
,,"[21.4, 27.3]",,,,,,,,,,,0.724354,,,,,,,,,,,,0b23befe-bfce-475a-a762-c24e17b3fb46,2594,,"[20.0, 26.9]",3920417,90,,,,,,,,,,,,,,,,,,,,,,,,2,From Throw In,Absalom Iimbondi,103804.0,Right Midfield,161,Mali,4930,"['86042d7a-3ec5-496f-9424-ab489065578a', '327b9665-7d7d-4bba-ba86-945424f475d5']",56,,,,,,,,,,,,,,,,,,Namibia,4980,00:45:56.872,Carry,
,,"[37.2, 43.7]",,,,,,,,,,,1.777281,,,,,,,,,,,,16e8db8f-7187-437d-818f-5272af769e4b,2601,,"[35.9, 50.4]",3920417,91,,,,,,,,,,,,,,,,,,,,,,,,2,From Throw In,Sikou Niakate,7295.0,Left Center Back,162,Mali,4930,"['1dbf6401-ba91-46d9-acbe-36fde08481d5', '5aba5c49-c2f8-4624-b618-4c00d6615d91']",10,,,,,,,,,,,,,,,,,,Mali,4930,00:46:10.090,Carry,
,,"[58.6, 63.9]",,,,,,,,,,,1.516294,,,,,,,,,,,,c8ce1b1e-b547-45be-baf2-8cd878bb10a1,2604,,"[50.6, 70.4]",3920417,91,,,,,,,,,,,,,,,,,,,,,,,,2,From Throw In,Mohamed Camara,24806.0,Right Defensive Midfield,162,Mali,4930,"['4f2995b0-5b40-4741-91d9-63669b3b9ca2', 'd201b9e9-03df-4237-9b5c-d82774dd035d']",13,,,,,,,,,,,,,,,,,,Mali,4930,00:46:13.596,Carry,
,,"[69.9, 57.9]",,,,,,,,,,,0.192909,,,,,,,,,,,,8a9d2c3b-ec4e-4e35-a3a8-9f2b9827ca54,2607,,"[69.9, 58.8]",3920417,91,,,,,,,,,,,,,,,,,,,,,,,,2,From Throw In,Adama Traoré,4464.0,Right Wing,162,Mali,4930,"['eb1bdf3d-9145-4008-9e0f-8928b34ee95c', '432fc2c1-fc43-4d99-9040-30f89c42a69d']",15,,,,,,,,,,,,,,,,,,Mali,4930,00:46:15.875,Carry,
,,"[69.9, 23.1]",,,,,,,,,,,2.371915,,,,,,,,,,,,08826d30-90fc-4627-9850-431b0de6fd40,2610,,"[56.2, 35.3]",3920417,91,,,,,,,,,,,,,,,,,,,,,,,,2,From Throw In,Yves Bissouma,4385.0,Left Defensive Midfield,162,Mali,4930,"['d1cf02f7-ec2b-4485-af52-08d110d1e508', 'ced569e8-43c7-4d2b-adc9-e69919f2a45b']",17,,,,,,,,,,,,,,,,,,Mali,4930,00:46:17.632,Carry,
,,"[113.8, 26.5]",,,,,,,,,,,3.791346,,,,,,,,,,,,d31455a9-e9ef-4d65-a7bf-678089923d4d,2613,,"[91.2, 9.3]",3920417,91,,,,,,,,,,,,,,,,,,,,,,,,2,From Throw In,Nene Dorgeles,199653.0,Left Wing,162,Mali,4930,"['c1dd4e44-c8da-42cd-8cdc-4ca9907fa094', '37c5ac51-3507-4331-9513-fa588c7faf53', '72f8f49c-c83b-482b-8d01-fbe5a0e02495']",21,,,,,,,,,,,,,,,,,,Mali,4930,00:46:21.541,Carry,True
,,"[107.7, 4.7]",,,,,,,,,,,2.051571,,,,,,,,,,,,50709207-f706-4579-b30e-1b1d7bea7373,2626,,"[108.4, 5.4]",3920417,92,,,,,,,,,,,,,,,,,,,,,,,,2,Regular Play,Nene Dorgeles,199653.0,Left Wing,164,Mali,4930,"['55e3ef7e-148a-4e4f-90cd-0325d0c8e7ee', '8fa0440e-d4e9-4dfa-be19-465243040379']",22,,,,,,,,,,,,,,,,,,Mali,4930,00:47:22.123,Carry,
,,"[95.7, 5.4]",,,,,,,,,,,0.492687,,,,,,,,,,,,9752a233-a0ce-4225-960b-61bf9a673b39,2629,,"[94.9, 4.8]",3920417,92,,,,,,,,,,,,,,,,,,,,,,,,2,Regular Play,Amadou Dante,40868.0,Left Back,164,Mali,4930,"['fa7cde63-de9e-4465-8a2b-ee91d8296be1', 'badbcb1a-5c90-4af7-937e-60927b40f42f', '770e008b-de98-45f2-9158-726baa675163']",25,,,,,,,,,,,,,,,,,,Mali,4930,00:47:25.714,Carry,True
,,"[71.9, 10.3]",,,,,,,,,,,2.242741,,,,,,,,,,,,310f8891-4532-45fb-bc0b-b990f22d1483,2635,,"[71.4, 8.6]",3920417,92,,,,,,,,,,,,,,,,,,,,,,,,2,From Throw In,Sikou Niakate,7295.0,Left Center Back,165,Mali,4930,"['1d54daf9-c9b4-4fd6-9d9c-e06f9aa6e056', '03dc7ccf-55f3-42f5-93c9-b1a9d0a61fcf']",47,,,,,,,,,,,,,,,,,,Mali,4930,00:47:47.450,Carry,
,,"[83.7, 7.1]",,,,,,,,,,,0.640935,,,,,,,,,,,,00464a07-390a-47ba-93d4-5e16971a5a9e,2638,,"[85.7, 7.6]",3920417,92,,,,,,,,,,,,,,,,,,,,,,,,2,From Throw In,Amadou Dante,40868.0,Left Back,165,Mali,4930,"['be111ba6-6127-49ca-9ba8-9c5e2cf2541a', 'be714b72-5b8d-47d0-a83e-b7a23f0d80e7']",50,,,,,,,,,,,,,,,,,,Mali,4930,00:47:50.561,Carry,
,,"[97.3, 6.4]",,,,,,,,,,,2.251949,,,,,,,,,,,,5a7656e2-5620-4070-b36c-42184615b45c,2641,,"[91.6, 4.2]",3920417,92,,,,,,,,,,,,,,,,,,,,,,,,2,From Throw In,Kamory Doumbia,162132.0,Center Attacking Midfield,165,Mali,4930,"['24e3bda3-63fe-4296-818e-eb360e4dbb0d', 'ca40b00b-d014-4866-9dd0-0e623daa89c3']",52,,,,,,,,,,,,,,,,,,Mali,4930,00:47:52.257,Carry,
,,"[96.0, 17.8]",,,,,,,,,,,1.013854,,,,,,,,,,,,745266c4-8c07-476c-aa41-cd21192d5bee,2644,,"[96.7, 17.6]",3920417,92,,,,,,,,,,,,,,,,,,,,,,,,2,From Throw In,Nene Dorgeles,199653.0,Left Wing,165,Mali,4930,"['a71539a6-6ae6-433e-a56d-facafa066e67', '606802d9-d48a-4f44-ba24-7652d70ba5e9', 'dbd2e268-1dd9-4be1-8130-1c7a8e3fa2b1']",55,,,,,,,,,,,,,,,,,,Mali,4930,00:47:55.575,Carry,True
,,"[76.9, 51.4]",,,,,,,,,,,1.093191,,,,,,,,,,,,149a01c0-7980-423f-8579-e06c7e5f6792,2650,,"[77.4, 51.1]",3920417,92,,,,,,,,,,,,,,,,,,,,,,,,2,From Throw In,Boubakar Kouyate,23331.0,Right Center Back,165,Mali,4930,"['34e74529-9a46-4f7f-b3fb-9e4ee7b884a1', '82df2244-f61c-4317-85f4-799a383f3cc4']",59,,,,,,,,,,,,,,,,,,Mali,4930,00:47:59.886,Carry,
,,"[92.5, 69.1]",,,,,,,,,,,3.731685,,,,,,,,,,,,d24fe88f-7403-4510-ba2d-a069c09bc4c7,2653,,"[95.7, 72.1]",3920417,93,,,,,,,,,,,,,,,,,,,,,,,,2,From Throw In,Adama Traoré,4464.0,Right Wing,165,Mali,4930,"['6fc41070-8746-43d5-9546-0c25eafb043f', '2f7da59e-6515-49fe-8882-10ca195898cb', '54c2be48-78af-40db-a703-2ad29606da6f']",2,,,,,,,,,,,,,,,,,,Mali,4930,00:48:02.980,Carry,True
,,"[89.4, 23.8]",,,,,,,,,,,1.431444,,,,,,,,,,,,c83ac947-d981-4165-a8b7-e3115cad0250,2657,,"[89.4, 23.8]",3920417,93,,,,,,,,,,,,,,,,,,,,,,,,2,From Throw In,Yves Bissouma,4385.0,Left Defensive Midfield,165,Mali,4930,"['295fc787-63cc-43af-bc95-71f69044c220', '0bb13c99-603b-4d2f-bffc-619e746b7f1a']",8,,,,,,,,,,,,,,,,,,Mali,4930,00:48:08.196,Carry,
,,"[56.5, 22.0]",,,,,,,,,,,2.037037,,,,,,,,,,,,e75064fb-0e59-40b2-8d99-53ba273beb9f,2670,,"[61.7, 13.5]",3920417,93,,,,,,,,,,,,,,,,,,,,,,,,2,Regular Play,Boubakar Kouyate,23331.0,Right Center Back,167,Mali,4930,"['e6813311-103a-4daa-af05-638ad62b9054', '4fcbc712-0dc9-4cd4-8656-9eca89f481e0']",41,,,,,,,,,,,,,,,,,,Mali,4930,00:48:41.073,Carry,
,,"[55.4, 11.1]",,,,,,,,,,,1.404802,,,,,,,,,,,,5f5350fc-804e-4197-8eb3-7089135ef4a8,2673,,"[55.4, 11.3]",3920417,93,,,,,,,,,,,,,,,,,,,,,,,,2,Regular Play,Amadou Dante,40868.0,Left Back,167,Mali,4930,"['9728176a-52a6-48f2-8eb2-ccf6c7bc141c', '5d9d5523-f1f4-4ff0-b638-387e295408d5']",44,,,,,,,,,,,,,,,,,,Mali,4930,00:48:44.082,Carry,
,,"[49.3, 70.3]",,,,,,,,,,,3.901489,,,,,,,,,,,,b6bb7406-f13e-4202-b43d-8e5f14af73b0,2676,,"[45.1, 65.8]",3920417,93,,,,,,,,,,,,,,,,,,,,,,,,2,Regular Play,Hamari Traoré,3248.0,Right Back,167,Mali,4930,"['6f47e9ef-9ff9-4db5-b000-d64a0e38afbd', 'c6aa83be-e372-4eea-9eaa-93e5070f2c17']",47,,,,,,,,,,,,,,,,,,Mali,4930,00:48:47.631,Carry,
,,"[61.6, 59.8]",,,,,,,,,,,2.85347,,,,,,,,,,,,83b8a8c0-9e2c-4d08-b9f3-3d674d1e91a0,2679,,"[53.0, 55.5]",3920417,93,,,,,,,,,,,,,,,,,,,,,,,,2,Regular Play,Mohamed Camara,24806.0,Right Defensive Midfield,167,Mali,4930,"['8e2027b3-3819-44af-9040-4ff5fd7b75c1', '2708b6ae-7fea-4e10-b54e-362ada1cb907']",52,,,,,,,,,,,,,,,,,,Mali,4930,00:48:52.629,Carry,
,,,,,,,,,,,,,0.0,,,,,,,,,,,,9af90df1-563b-45ad-9c1d-cb26d1bad56c,21,,"[87.8, 68.7]",3920417,0,,,,,,,,,,,,,,,,,,,,,,,,1,From Kick Off,Youssoufou Niakaté,51750.0,Right Center Forward,2,Mali,4930,,11,,,,,,,,,,,,,,,,,,Mali,4930,00:00:11.431,Miscontrol,
,,,,,,,,,,,,,0.0,,,,,,,,,,,,fa56e434-1de2-4c9c-85b7-85401e97f332,276,,"[109.8, 4.2]",3920417,9,,True,,,,,,,,,,,,,,,,,,,,,,1,From Throw In,Ngero Kaanjuka Katua,389316.0,Left Center Midfield,22,Namibia,4980,,11,,,,,,,,,,,,,,,,,,Namibia,4980,00:09:11.964,Miscontrol,
,,,,,,,,,,,,,0.0,,,,,,,,,,,,978bea9f-08be-4c90-94e5-e610b5edab4d,327,,"[62.9, 75.5]",3920417,10,,True,,,,,,,,,,,,,,,,,,,,,,1,From Free Kick,Deon Hotto Kavendji,64612.0,Left Midfield,24,Namibia,4980,,57,,,,,,,,,,,,,,,,,,Namibia,4980,00:10:57.955,Miscontrol,
,,,,,,,,,,,,,0.0,,,,,,,,,,,,43419e09-cccc-471d-85e8-3e65ffe1aaa3,346,,"[50.0, 63.6]",3920417,11,,,,,,,,,,,,,,,,,,,,,,,,1,Regular Play,Prins Menelik Tjiueza,103803.0,Right Center Midfield,26,Namibia,4980,,17,,,,,,,,,,,,,,,,,,Namibia,4980,00:11:17.521,Miscontrol,
,,,,,,,,,,,,,0.0,,,,,,,,,,,,5c0fbd9e-1501-43ac-b9b8-17eb5fd63f97,794,,"[71.8, 66.6]",3920417,24,,,,,,,,,,,,,,,,,,,,,,,,1,Regular Play,Prins Menelik Tjiueza,103803.0,Right Center Midfield,49,Namibia,4980,,14,,,,,,,,,,,,,,,,,,Namibia,4980,00:24:14.949,Miscontrol,
,,,,,,,,,,,,,0.0,,,,,,,,,,,,f7b8dc4a-50e5-4398-9d64-74d17230e031,1013,,"[35.8, 6.3]",3920417,34,,,,,,,,,,,,,,,,,,,,,,,,1,From Free Kick,Moussa Diarra,32952.0,Left Back,66,Mali,4930,,17,,,,,,,,,,,,,,,,,,Mali,4930,00:34:17.323,Miscontrol,
,,,,,,,,,,,,,0.0,,,,,,,,,,,,4bcf4e92-94ff-46eb-a214-92d7854ff5da,1305,,"[77.5, 72.2]",3920417,43,,True,,,,,,,,,,,,,,,,,,,,,,1,From Free Kick,Ivan Kamberipa,103799.0,Right Back,78,Namibia,4980,,55,,,,,,,,,,,,,,,,,,Namibia,4980,00:43:55.733,Miscontrol,
,,,,,,,,,,,,,0.0,,,,,,,,,,,,92513c23-439a-4eaf-ba50-0a688d845c64,1414,,"[56.5, 56.6]",3920417,45,,,,,,,,,,,,,,,,,,,,,,,,2,Regular Play,Youssoufou Niakaté,51750.0,Right Center Forward,87,Mali,4930,,15,,,,,,,,,,,,,,,,,,Mali,4930,00:00:15.004,Miscontrol,
,,,,,,,,,,,,,0.0,,,,,,,,,,,,8de1619b-0db1-4972-ad39-84bdc0002675,1510,,"[47.9, 32.4]",3920417,48,,,,,,,,,,,,,,,,,,,,,,,,2,From Throw In,Youssoufou Niakaté,51750.0,Right Center Forward,93,Mali,4930,['31ae23fb-e0b8-4d18-a18f-81ded287459b'],6,,,,,,,,,,,,,,,,,,Mali,4930,00:03:06.493,Miscontrol,True
,,,,,,,,,,,,,0.0,,,,,,,,,,,,2c711d21-a2af-45c2-89a0-0c8daf66c9f5,1551,,"[116.5, 4.8]",3920417,49,,True,,,,,,,,,,,,,,,,,,,,,,2,From Throw In,Peter Shalulile,65723.0,Center Forward,96,Namibia,4980,,23,,,,,,,,,,,,,,,,,,Namibia,4980,00:04:23.261,Miscontrol,
,,,,,,,,,,,,,0.0,,,,,,,,,,,,36515c07-f2d7-40b2-99fc-8075a3c9d84b,1647,,"[112.0, 27.3]",3920417,53,,,,,,,,,,,,,,,,,,,,,,,,2,From Throw In,Muzeu Bethuel,389319.0,Right Midfield,104,Namibia,4980,,24,,,,,,,,,,,,,,,,,,Namibia,4980,00:08:24.820,Miscontrol,
,,,,,,,,,,,,,0.0,,,,,,,,,,,,18fc29b9-d8f9-4acc-9d90-9f34f039c840,1665,,"[105.1, 79.8]",3920417,54,,True,,,,,,,,,,,,,,,,,,,,,,2,From Corner,Aprocious Petrus,136406.0,Center Defensive Midfield,106,Namibia,4980,['f92bd438-2be3-4ab9-91de-d1f7c1ce74a8'],48,,,,,,,,,,,,,,,,,,Namibia,4980,00:09:48.027,Miscontrol,True
,,,,,,,,,,,,,0.0,,,,,,,,,,,,6bc54f67-839e-4b43-a644-cfd49bfab360,1807,,"[78.6, 39.9]",3920417,59,,,,,,,,,,,,,,,,,,,,,,,,2,From Counter,Nene Dorgeles,199653.0,Right Wing,117,Mali,4930,,44,,,,,,,,,,,,,,,,,,Mali,4930,00:14:44.406,Miscontrol,
,,,,,,,,,,,,,0.0,,,,,,,,,,,,a5229530-032b-4330-9924-798c5e63c914,1816,,"[95.0, 68.1]",3920417,60,,,,,,,,,,,,,,,,,,,,,,,,2,From Free Kick,Muzeu Bethuel,389319.0,Right Midfield,119,Namibia,4980,,24,,,,,,,,,,,,,,,,,,Namibia,4980,00:15:24.569,Miscontrol,
,,,,,,,,,,,,,0.0,,,,,,,,,,,,b5fc0ce4-536f-4c9d-ae96-89672c9c6c5f,1820,,"[27.6, 0.1]",3920417,60,,True,,,,,,,,,,,,,,,,,,,,,,2,From Free Kick,Moussa Diarra,32952.0,Left Back,119,Namibia,4980,,28,,,,,,,,,,,,,,,,,,Mali,4930,00:15:28.963,Miscontrol,
,,,,,,,,,,,,,0.0,,,,,,,,,,,,a21423bb-e1ee-4f43-b052-b4e44495b7a9,2003,,"[87.2, 1.1]",3920417,66,,,,,,,,,,,,,,,,,,,,,,,,2,From Keeper,Fousseni Diabaté,3710.0,Left Wing,129,Mali,4930,,6,,,,,,,,,,,,,,,,,,Mali,4930,00:21:06.342,Miscontrol,
,,,,,,,,,,,,,0.0,,,,,,,,,,,,88c77a75-a15c-42ee-88f4-b7ffe74422b4,2094,,"[80.2, 73.9]",3920417,68,,True,,,,,,,,,,,,,,,,,,,,,,2,Regular Play,Fousseni Diabaté,3710.0,Left Wing,131,Mali,4930,,19,,,,,,,,,,,,,,,,,,Mali,4930,00:23:19.189,Miscontrol,
,,,,,,,,,,,,,0.0,,,,,,,,,,,,a7029146-24d1-48ac-8fce-eacd5a83741f,2274,,"[106.5, 5.0]",3920417,78,,,,,,,,,,,,,,,,,,,,,,,,2,From Throw In,Peter Shalulile,65723.0,Center Forward,141,Namibia,4980,,57,,,,,,,,,,,,,,,,,,Namibia,4980,00:33:57.418,Miscontrol,
,,,,,,,,,,,,,0.0,,,,,,,,,,,,ea47c7dd-6616-46b6-8652-76cc9d8fa72c,2504,,"[105.4, 71.3]",3920417,85,,,,,,,,,,,,,,,,,,,,,,,,2,Regular Play,Ibrahim Sissoko,8992.0,Center Forward,153,Mali,4930,,42,,,,,,,,,,,,,,,,,,Mali,4930,00:40:42.050,Miscontrol,
,,,,,,,,,,,,,0.0,,,,,,,,,,,,badbcb1a-5c90-4af7-937e-60927b40f42f,2631,,"[95.7, 5.4]",3920417,92,,,,,,,,,,,,,,,,,,,,,,,,2,Regular Play,Amadou Dante,40868.0,Left Back,164,Mali,4930,['fa7cde63-de9e-4465-8a2b-ee91d8296be1'],26,,,,,,,,,,,,,,,,,,Mali,4930,00:47:26.207,Miscontrol,True
,,,,Left Foot,,True,,,,,,,0.0,,,,,,,,,,,,37abb754-9894-46bc-b483-e2dbe6092758,22,,"[30.9, 11.0]",3920417,0,,True,,,,,,,,,,,,,,,,,,,,,,1,From Kick Off,Lubeni Haukongo,135004.0,Left Center Back,2,Mali,4930,,11,,,,,,,,,,,,,,,,,,Namibia,4980,00:00:11.724,Clearance,True
,,,True,Head,True,,,,,,,,0.0,,,,,,,,,,,,9127c3d9-538a-4fa4-af78-0c3b4eb1ff18,89,,"[7.2, 37.0]",3920417,3,,True,,,,,,,,,,,,,,,,,,,,,,1,From Free Kick,Lassine Sinayoko,105182.0,Left Center Forward,7,Namibia,4980,"['387bc60f-f251-4ba1-98c3-8fdc31ed4b94', 'c7952131-ae77-4b08-ba7f-933f78be5dab']",3,,,,,,,,,,,,,,,,,,Mali,4930,00:03:03.160,Clearance,True
,,,,Head,True,,,,,,,,0.0,,,,,,,,,,,,4f1c3bf7-9f71-45e9-a74b-bc2b5646c41c,92,,"[3.1, 31.2]",3920417,3,,True,,,,,,,,,,,,,,,,,,,,,,1,From Corner,Yves Bissouma,4385.0,Left Defensive Midfield,8,Namibia,4980,['b6980988-1920-4696-b7b7-6b4043fce0e3'],48,,,,,,,,,,,,,,,,,,Mali,4930,00:03:48.463,Clearance,True
,,,,Other,,,True,,,,,,0.0,,,,,,,,,,,,7c9190b9-af80-4f11-9c09-35ebb4f4089e,188,,"[20.1, 31.2]",3920417,6,,,,,,,,,,,,,,,,,,,,,,,,1,From Free Kick,Sikou Niakate,7295.0,Left Center Back,15,Namibia,4980,['cc10e36e-0e5f-499d-94df-b4e08232b823'],12,,,,,,,,,,,,,,,,,,Mali,4930,00:06:12.221,Clearance,True
,,,,Head,True,,,,,,,,0.0,,,,,,,,,,,,56222442-18d9-4038-b372-954700250d91,235,,"[8.9, 38.5]",3920417,7,,,,,,,,,,,,,,,,,,,,,,,,1,From Free Kick,Boubakar Kouyate,23331.0,Right Center Back,18,Namibia,4980,['9eae795d-6626-48e1-8c6b-a90ec1aa7f99'],35,,,,,,,,,,,,,,,,,,Mali,4930,00:07:35.532,Clearance,True
,,,,Left Foot,,True,,,,,,,0.0,,,,,,,,,,,,e739fbff-8951-4b09-aa5e-af286d4360dc,334,,"[32.8, 46.0]",3920417,11,,,,,,,,,,,,,,,,,,,,,,,,1,From Throw In,Lubeni Haukongo,135004.0,Left Center Back,25,Mali,4930,['8dd83ed0-925f-4b8f-a3b7-a0e77b153859'],8,,,,,,,,,,,,,,,,,,Namibia,4980,00:11:08.194,Clearance,True
,,,,Left Foot,,True,,,,,,,0.0,,,,,,,,,,,,2d9e72ba-44e8-4e9a-9523-6b14aeec28e1,377,,"[27.2, 21.5]",3920417,12,,,,,,,,,,,,,,,,,,,,,,,,1,From Throw In,Sikou Niakate,7295.0,Left Center Back,29,Namibia,4980,"['eaa730d0-7931-4904-893c-7c1605824285', '15a2d193-b0d4-4b2c-8401-e82902e2e120', 'd51e6337-ce67-4a36-96fe-5cddbf070255']",12,,,,,,,,,,,,,,,,,,Mali,4930,00:12:12.474,Clearance,True
,,,,Head,True,,,,,,,,0.0,,,,,,,,,,,,4d15d1bf-20f4-43c4-9006-98d48ce83dc9,408,,"[33.0, 23.3]",3920417,12,,,,,,,,,,,,,,,,,,,,,,,,1,From Throw In,Sikou Niakate,7295.0,Left Center Back,32,Namibia,4980,['007800ad-428f-46aa-8e8b-30535e1bafd2'],48,,,,,,,,,,,,,,,,,,Mali,4930,00:12:48.783,Clearance,True
,,,True,Head,True,,,,,,,,0.0,,,,,,,,,,,,21eb7a7a-4388-4035-952d-d2b0759ece34,587,,"[7.5, 42.9]",3920417,17,,,,,,,,,,,,,,,,,,,,,,,,1,From Free Kick,Boubakar Kouyate,23331.0,Right Center Back,38,Namibia,4980,"['5c33fc5e-15b7-4a9d-b399-5a2c55209dc3', '74b00577-eb78-421e-9f2b-ef6f9a4710ba']",25,,,,,,,,,,,,,,,,,,Mali,4930,00:17:25.960,Clearance,True
,,,,Left Foot,,True,,,,,,,0.0,,,,,,,,,,,,79fad02b-b440-4c3f-8c9c-9437035598bf,632,,"[4.5, 33.5]",3920417,18,,,,,,,,,,,,,,,,,,,,,,,,1,Regular Play,Sikou Niakate,7295.0,Left Center Back,41,Namibia,4980,['53e86f63-ef59-43a5-a63e-9636baa44b53'],34,,,,,,,,,,,,,,,,,,Mali,4930,00:18:34.537,Clearance,True
,,,,Left Foot,,True,,,,,,,0.0,,,,,,,,,,,,e2f787c6-eaf4-4c49-9e31-5b6d8163466a,708,,"[13.4, 29.9]",3920417,21,,True,,,,,,,,,,,,,,,,,,,,,,1,From Throw In,Aprocious Petrus,136406.0,Center Defensive Midfield,45,Mali,4930,['4a85ac34-0da5-4a72-9288-4688127fc97b'],18,,,,,,,,,,,,,,,,,,Namibia,4980,00:21:18.229,Clearance,True
,,,,Head,True,,,,,,,,0.0,,,,,,,,,,,,19a0ffa6-4805-4dc2-92ba-ca6efac90f32,970,,"[24.7, 28.2]",3920417,31,,True,,,,,,,,,,,,,,,,,,,,,,1,Regular Play,Boubakar Kouyate,23331.0,Right Center Back,60,Namibia,4980,['dca68188-1139-4f3a-ac5b-c7ff38681abf'],23,,,,,,,,,,,,,,,,,,Mali,4930,00:31:23.855,Clearance,True
,,,,Head,True,,,,,,,,0.0,,,,,,,,,,,,e6419f89-fd12-42ce-9fd3-e3b17d0e666c,979,,"[11.7, 52.7]",3920417,32,,True,,,,,,,,,,,,,,,,,,,,,,1,From Corner,Fousseni Diabaté,3710.0,Right Midfield,62,Namibia,4980,,33,,,,,,,,,,,,,,,,,,Mali,4930,00:32:33.207,Clearance,True
,,,,Right Foot,,,,True,,,,,0.0,,,,,,,,,,,,5d914437-7717-4359-9587-695c40bdb45a,986,,"[16.7, 72.0]",3920417,33,,True,,,,,,,,,,,,,,,,,,,,,,1,From Throw In,Aliou Dieng,67714.0,Right Defensive Midfield,63,Namibia,4980,,4,,,,,,,,,,,,,,,,,,Mali,4930,00:33:04.923,Clearance,True
,,,,Head,True,,,,,,,,0.0,,,,,,,,,,,,8841a59e-53a0-43eb-98f5-1fd51ab50879,1076,,"[23.1, 59.1]",3920417,37,,True,,,,,,,,,,,,,,,,,,,,,,1,From Goal Kick,Ivan Kamberipa,103799.0,Right Back,70,Mali,4930,['424732cc-979c-4800-94e4-9d5d89cad368'],35,,,,,,,,,,,,,,,,,,Namibia,4980,00:37:35.258,Clearance,True
,,,,Right Foot,,,,True,,,,,0.0,,,,,,,,,,,,89132cbf-41ce-4469-9992-c300d3948687,1191,,"[14.0, 46.7]",3920417,39,,,,,,,,,,,,,,,,,,,,,,,,1,From Throw In,Ivan Kamberipa,103799.0,Right Back,71,Mali,4930,['5fb72309-64f1-43a1-a0d4-3c8f72f8f111'],51,,,,,,,,,,,,,,,,,,Namibia,4980,00:39:51.805,Clearance,True
,,,,Head,True,,,,,,,,0.0,,,,,,,,,,,,84b0d98b-378d-418c-ab35-9365067f9265,1285,,"[10.0, 42.9]",3920417,43,,,,,,,,,,,,,,,,,,,,,,,,1,From Free Kick,Hamari Traoré,3248.0,Right Back,78,Namibia,4980,['6783bc69-1ea9-4367-bf78-bb11ec373e33'],36,,,,,,,,,,,,,,,,,,Mali,4930,00:43:36.695,Clearance,True
,,,True,Head,True,,,,,,,,0.0,,,,,,,,,,,,effd1abe-916b-4504-b197-d33653262ee8,1292,,"[12.9, 37.7]",3920417,43,,,,,,,,,,,,,,,,,,,,,,,,1,From Free Kick,Sikou Niakate,7295.0,Left Center Back,78,Namibia,4980,"['df477861-5f54-474f-a1fa-14df572b1f01', '8d90a7f1-de42-48f6-9f19-805af0552faf']",41,,,,,,,,,,,,,,,,,,Mali,4930,00:43:41.349,Clearance,True
,,,True,Head,True,,,,,,,,0.0,,,,,,,,,,,,f646e216-3103-48f0-9022-558e465ab22b,1294,,"[19.3, 32.1]",3920417,43,,,,,,,,,,,,,,,,,,,,,,,,1,From Free Kick,Yves Bissouma,4385.0,Left Defensive Midfield,78,Namibia,4980,['59b20f48-2c30-4765-853f-e86e7e1b1602'],42,,,,,,,,,,,,,,,,,,Mali,4930,00:43:42.475,Clearance,True
,,,True,Head,True,,,,,,,,0.0,,,,,,,,,,,,6316407b-f3e9-4c14-ab5a-7de629272e39,1297,,"[14.8, 34.5]",3920417,43,,,,,,,,,,,,,,,,,,,,,,,,1,From Free Kick,Sikou Niakate,7295.0,Left Center Back,78,Namibia,4980,['e60837b4-b974-43fc-bdfa-83fc327020d5'],43,,,,,,,,,,,,,,,,,,Mali,4930,00:43:43.919,Clearance,True
,,,,Right Foot,,,,True,,,,,0.0,,,,,,,,,,,,bda210da-fa31-4ba9-927d-556a39220490,1298,,"[19.4, 39.3]",3920417,43,,,,,,,,,,,,,,,,,,,,,,,,1,From Free Kick,Aliou Dieng,67714.0,Right Defensive Midfield,78,Namibia,4980,,44,,,,,,,,,,,,,,,,,,Mali,4930,00:43:44.622,Clearance,True
,,,,Head,True,,,,,,,,0.0,,,,,,,,,,,,75532278-f741-453c-9c2f-43fbf01ca62d,1381,,"[4.2, 27.9]",3920417,48,,True,,,,,,,,,,,,,,,,,,,,,,1,From Free Kick,Nene Dorgeles,199653.0,Left Midfield,84,Namibia,4980,['544afa0f-ee80-4c6e-92c8-f0be3157ab60'],8,,,,,,,,,,,,,,,,,,Mali,4930,00:48:08.103,Clearance,True
,,,True,Head,True,,,,,,,,0.0,,,,,,,,,,,,6ee29aa0-fc67-4842-b0bd-82c0806fbf77,1385,,"[7.5, 46.5]",3920417,48,,,,,,,,,,,,,,,,,,,,,,,,1,From Corner,Sikou Niakate,7295.0,Left Center Back,85,Namibia,4980,"['cd2c9c89-a78d-4059-bb22-bec5b129215d', '7961428a-ed31-4162-a77c-b49b33cdb65e']",49,,,,,,,,,,,,,,,,,,Mali,4930,00:48:49.409,Clearance,True
,,,True,Head,True,,,,,,,,0.0,,,,,,,,,,,,682110a7-524e-459f-8eb5-1222647ba9b4,1404,,"[21.5, 22.4]",3920417,45,,,,,,,,,,,,,,,,,,,,,,,,2,From Kick Off,Moussa Diarra,32952.0,Left Back,86,Namibia,4980,"['88d70313-b599-4107-ae7b-cc4e59a926ec', '421164cd-1a78-4707-a515-885e7e556797']",8,,,,,,,,,,,,,,,,,,Mali,4930,00:00:08.118,Clearance,True
,,,True,Head,True,,,,,,,,0.0,,,,,,,,,,,,12e64c5e-1f10-4635-b143-96338287b87b,1458,,"[46.7, 74.2]",3920417,46,,,,,,,,,,,,,,,,,,,,,,,,2,Regular Play,Hamari Traoré,3248.0,Right Back,88,Namibia,4980,"['2a988537-da48-4d48-b794-02b9c7c8e70e', 'cac3dec8-e25d-49d1-9d67-7ce74afe937b']",31,,,,,,,,,,,,,,,,,,Mali,4930,00:01:31.606,Clearance,True
,,,,Right Foot,,,,True,,,,,0.0,,,,,,,,,,,,022a5944-dbe3-4939-99a5-ed538b68654c,1488,,"[76.1, 74.6]",3920417,47,,True,,,,,,,,,,,,,,,,,,,,,,2,Regular Play,Muzeu Bethuel,389319.0,Right Midfield,92,Mali,4930,,21,,,,,,,,,,,,,,,,,,Namibia,4980,00:02:21.518,Clearance,True
,,,True,Head,True,,,,,,,,0.0,,,,,,,,,,,,6a969862-999f-4821-814e-a3d88087232b,1535,,"[25.8, 63.2]",3920417,48,,,,,,,,,,,,,,,,,,,,,,,,2,Regular Play,Hamari Traoré,3248.0,Right Back,94,Namibia,4980,"['0effad7d-beb4-4be1-94f8-0b45cac338b9', '345fa8b7-4381-4f13-b1b9-be4cc9a37d2b']",28,,,,,,,,,,,,,,,,,,Mali,4930,00:03:28.528,Clearance,True
,,,,Head,True,,,,,,,,0.0,,,,,,,,,,,,22033e76-43a2-417e-a4b6-573fc3984521,1547,,"[18.4, 72.0]",3920417,49,,True,,,,,,,,,,,,,,,,,,,,,,2,From Throw In,Boubakar Kouyate,23331.0,Right Center Back,95,Mali,4930,"['c20566d6-bfba-4cd6-98d5-4deea7c7ec8e', 'b58fd17f-d01a-4acc-bc13-40e8b3c2a0f7']",1,,,,,,,,,,,,,,,,,,Mali,4930,00:04:01.875,Clearance,True
,,,,Head,True,,,,,,,,0.0,,,,,,,,,,,,466bfa7d-e04b-4976-abcf-87ea8861544d,1648,,"[5.3, 52.8]",3920417,53,,True,,,,,,,,,,,,,,,,,,,,,,2,From Throw In,Moussa Diarra,32952.0,Left Back,104,Namibia,4980,,26,,,,,,,,,,,,,,,,,,Mali,4930,00:08:26.325,Clearance,True
,,,True,Head,True,,,,,,,,0.0,,,,,,,,,,,,3d9e37a4-502f-4bee-a7fd-4a26abe99959,1652,,"[9.2, 38.8]",3920417,54,,True,,,,,,,,,,,,,,,,,,,,,,2,From Corner,Moussa Diarra,32952.0,Left Back,105,Namibia,4980,"['8a330c49-140d-4b37-9cdb-b923fb1fed66', '4e6c5b2b-62e9-4bc5-81f9-c473af30a773']",8,,,,,,,,,,,,,,,,,,Mali,4930,00:09:08.957,Clearance,True
,,,,Head,True,,,,,,,,0.0,,,,,,,,,,,,a194e6f5-b810-4a6d-a40a-13ba0bf2b8c7,1717,,"[29.2, 10.4]",3920417,56,,True,,,,,,,,,,,,,,,,,,,,,,2,Regular Play,Lubeni Haukongo,135004.0,Left Center Back,110,Mali,4930,['7bad2176-ac16-47ec-a26e-63127c5a8e11'],17,,,,,,,,,,,,,,,,,,Namibia,4980,00:11:17.024,Clearance,True
,,,True,Head,True,,,,,,,,0.0,,,,,,,,,,,,14884042-2056-45df-bbe3-a63a5a3e456a,1740,,"[8.9, 35.2]",3920417,58,,,,,,,,,,,,,,,,,,,,,,,,2,From Corner,Moussa Diarra,32952.0,Left Back,113,Namibia,4980,"['850a8249-f90e-419e-86f8-87049f47a8f5', '9f42213f-de0d-4e67-a69a-85d8ebe706ae']",2,,,,,,,,,,,,,,,,,,Mali,4930,00:13:02.369,Clearance,True
,,,,Right Foot,,,,True,,,,,0.0,,,,,,,,,,,,17d76a16-164f-422a-8cfd-e3311ab53fd2,1749,,"[11.7, 48.3]",3920417,58,,True,,,,,,,,,,,,,,,,,,,,,,2,From Corner,Boubakar Kouyate,23331.0,Right Center Back,113,Namibia,4980,['6d3c91c0-c7c0-4661-91dc-fb3a5ebc5303'],10,,,,,,,,,,,,,,,,,,Mali,4930,00:13:10.582,Clearance,True
,,,,Head,True,,,,,,,,0.0,,,,,,,,,,,,4df666e2-9e3f-4905-bcce-8f996896a104,1781,,"[9.8, 35.5]",3920417,59,,,,,,,,,,,,,,,,,,,,,,,,2,From Throw In,Boubakar Kouyate,23331.0,Right Center Back,116,Namibia,4980,['9ff7d6ca-b2e8-4dc2-a323-789a07303c70'],25,,,,,,,,,,,,,,,,,,Mali,4930,00:14:25.271,Clearance,True
,,,,Head,True,,,,,,,,0.0,,,,,,,,,,,,a3acd075-c3cb-47b0-a747-a5d202f3f950,1794,,"[6.1, 33.1]",3920417,59,,,,,,,,,,,,,,,,,,,,,,,,2,From Throw In,Moussa Diarra,32952.0,Left Back,116,Namibia,4980,['d55b0bdd-7414-4cd4-b47a-6b4eee8f2e97'],35,,,,,,,,,,,,,,,,,,Mali,4930,00:14:35.489,Clearance,True
,,,True,Head,True,,,,,,,,0.0,,,,,,,,,,,,41778c70-1fbc-40b6-964c-1244477c2e15,2068,,"[44.6, 55.8]",3920417,68,,,,,,,,,,,,,,,,,,,,,,,,2,From Free Kick,Mohamed Camara,24806.0,Right Defensive Midfield,130,Namibia,4980,"['052d4f7d-42cb-4daa-804a-82d07bac2203', '746e2c15-1899-4a2c-b0d0-572de7b9ea67']",2,,,,,,,,,,,,,,,,,,Mali,4930,00:23:02.200,Clearance,True
,,,,Head,True,,,,,,,,0.0,,,,,,,,,,,,861b6735-e38f-4130-b698-aaf04106bb16,2112,,"[9.0, 33.1]",3920417,69,,,,,,,,,,,,,,,,,,,,,,,,2,From Throw In,Riaan Hanamub,65555.0,Left Back,133,Mali,4930,['b7ff01ec-caec-463e-bd16-d7533aa56bcd'],8,,,,,,,,,,,,,,,,,,Namibia,4980,00:24:08.791,Clearance,True
,,,,Right Foot,,,,True,,,,,0.0,,,,,,,,,,,,924fe9b3-b787-4e73-bac7-b02e1cdd20f6,2261,,"[6.8, 65.8]",3920417,76,,True,,,,,,,,,,,,,,,,,,,,,,2,From Goal Kick,Hamari Traoré,3248.0,Right Back,139,Namibia,4980,['a542c346-13f6-4cc5-ac4a-d51ed2b53057'],56,,,,,,,,,,,,,,,,,,Mali,4930,00:31:56.741,Clearance,True
,,,,Head,True,,,,,,,,0.0,,,,,,,,,,,,feae8032-b14b-4d63-b7f7-6e8612b9a994,2263,,"[1.7, 47.8]",3920417,78,,,,,,,,,,,,,,,,,,,,,,,,2,From Corner,Yves Bissouma,4385.0,Left Defensive Midfield,140,Namibia,4980,['5e678ea6-521c-47e9-a14d-c1be70e1c43d'],10,,,,,,,,,,,,,,,,,,Mali,4930,00:33:10.252,Clearance,True
,,,,Right Foot,,,,True,,,,,0.0,,,,,,,,,,,,8f2328dd-5c2a-49c2-9465-20f35f212af0,2405,,"[9.9, 44.0]",3920417,81,,,,,,,,,,,,,,,,,,,,,,,,2,From Throw In,Kennedy Amutenya,264381.0,Right Center Back,148,Mali,4930,['3169da46-be60-4895-9833-cfc3e627d8d8'],46,,,,,,,,,,,,,,,,,,Namibia,4980,00:36:46.491,Clearance,True
,,,,Head,True,,,,,,,,0.0,,,,,,,,,,,,48976af1-1e0f-4661-8913-8994d309ce10,2520,,"[10.3, 35.1]",3920417,85,,,,,,,,,,,,,,,,,,,,,,,,2,Regular Play,Aprocious Petrus,136406.0,Center Defensive Midfield,153,Mali,4930,['49d4c201-4261-4351-bac2-1440eb7a7ba8'],53,,,,,,,,,,,,,,,,,,Namibia,4980,00:40:53.129,Clearance,True
,,,True,Head,True,,,,,,,,0.0,,,,,,,,,,,,4f012e86-8888-4a49-ae86-c44ec118be40,2522,,"[15.1, 38.8]",3920417,85,,,,,,,,,,,,,,,,,,,,,,,,2,Regular Play,Kennedy Amutenya,264381.0,Right Center Back,153,Mali,4930,['744597a8-df2b-49d3-94d6-c8dd584d4d9a'],55,,,,,,,,,,,,,,,,,,Namibia,4980,00:40:55.013,Clearance,True
,,,True,Head,True,,,,,,,,0.0,,,,,,,,,,,,ab640464-a55c-41aa-826c-673fea52ccd7,2546,,"[33.2, 69.6]",3920417,89,,True,,,,,,,,,,,,,,,,,,,,,,2,From Throw In,Hamari Traoré,3248.0,Right Back,156,Namibia,4980,"['0eeb4bb6-c05e-48fd-affd-e72e9ef6735c', 'ad321696-9e11-47ec-9288-187f346dbe72']",21,,,,,,,,,,,,,,,,,,Mali,4930,00:44:21.024,Clearance,True
,,,,Right Foot,,,,True,,,,,0.0,,,,,,,,,,,,993db66e-fac2-477a-b11d-a60b0545b352,2592,,"[5.8, 37.1]",3920417,90,,,,,,,,,,,,,,,,,,,,,,,,2,From Throw In,Kennedy Amutenya,264381.0,Right Center Back,161,Mali,4930,['a7f22867-3d73-4cc9-989e-20bd3130ba19'],54,,,,,,,,,,,,,,,,,,Namibia,4980,00:45:54.198,Clearance,True
,,,,Left Foot,,True,,,,,,,0.0,,,,,,,,,,,,97c33b62-f8f9-4cd0-8f95-3b0e07e22962,2620,,"[37.2, 6.0]",3920417,92,,,,,,,,,,,,,,,,,,,,,,,,2,From Corner,Riaan Hanamub,65555.0,Left Back,163,Mali,4930,['bfcf54ad-f7c4-42a4-8bf9-eefe53ec46a8'],7,,,,,,,,,,,,,,,,,,Namibia,4980,00:47:07.986,Clearance,True
,,,,Right Foot,,,,True,,,,,0.0,,,,,,,,,,,,4f74109e-dabf-4f88-85c2-68ebda9a9597,2660,,"[7.6, 61.8]",3920417,93,,,,,,,,,,,,,,,,,,,,,,,,2,From Throw In,Ivan Kamberipa,103799.0,Right Back,165,Mali,4930,['295fc787-63cc-43af-bc95-71f69044c220'],12,,,,,,,,,,,,,,,,,,Namibia,4980,00:48:12.318,Clearance,True
,,,True,Head,True,,,,,,,,0.0,,,,,,,,,,,,777e72c3-62b6-449d-a9bb-a4e879510e8a,2683,,"[16.5, 68.2]",3920417,93,,True,,,,,,,,,,,,,,,,,,,,,,2,Regular Play,Ivan Kamberipa,103799.0,Right Back,167,Mali,4930,"['92df5da9-13ef-4cc0-b85a-b96e629b8f8d', '8e2027b3-3819-44af-9040-4ff5fd7b75c1']",58,,,,,,,,,,,,,,,,,,Namibia,4980,00:48:58.937,Clearance,True
,,,,,,,,,,,,,1.377081,,,,,,,,,,,,90a58a1b-898f-4c89-ad93-d4083a86134d,41,,"[7.2, 19.5]",3920417,0,,,,,,,,,,,,,,,,,,,,,,,,1,From Throw In,Riaan Hanamub,65555.0,Left Back,3,Mali,4930,"['7858190d-812e-46b2-9ada-e99853f9e9c3', '531e0e80-64ab-4c70-863e-abe21a71793c']",34,,,,,,,,,,,,,,,,,,Namibia,4980,00:00:34.958,Pressure,
,,,,,,,,,,,,,0.703753,,,,,,,,,,,,10446230-a256-4307-954a-fc2f8c0909bd,45,,"[11.2, 22.5]",3920417,0,,,,,,,,,,,,,,,,,,,,,,,,1,From Throw In,Ngero Kaanjuka Katua,389316.0,Left Center Midfield,3,Mali,4930,"['c05bd4b0-29f7-469d-9e7f-97b9a36e1094', '6d7dc277-7281-4dc9-937a-d8abff12ca31']",39,,,,,,,,,,,,,,,,,,Namibia,4980,00:00:39.359,Pressure,
,,,,,,,,,,,,,0.700296,,,,,,,,,,,,1900ca63-661e-46c3-87b4-029238e83671,48,,"[10.1, 25.2]",3920417,0,,,,,,,,,,,,,,,,,,,,,,,,1,From Throw In,Ngero Kaanjuka Katua,389316.0,Left Center Midfield,3,Mali,4930,"['9126c049-cdde-4caa-8453-a21265c58e75', '6d7dc277-7281-4dc9-937a-d8abff12ca31']",41,,,,,,,,,,,,,,,,,,Namibia,4980,00:00:41.541,Pressure,
,,,,,,,,,,,,,0.98004,,,,,,,,,,,,c36bcd62-c45e-4585-8728-8b87efdbf4ed,58,,"[29.5, 68.5]",3920417,0,,,,,,,,,,,,,,,,,,,,,,,,1,From Throw In,Muzeu Bethuel,389319.0,Right Midfield,3,Mali,4930,"['c103039b-f051-459d-98ca-efa6eb442189', '4ddcbdc0-d5de-4956-954a-f2329f811843']",48,,,,,,,,,,,,,,,,,,Namibia,4980,00:00:48.433,Pressure,
,,,,,,,,,,,,,0.559997,,,,,,,,,,,,5a1bc943-9863-4e94-95d9-7d3e428e6f1e,62,,"[9.8, 59.7]",3920417,0,,,,,,,,,,,,,,,,,,,,,,,,1,From Throw In,Ivan Kamberipa,103799.0,Right Back,3,Mali,4930,['e162525b-b400-4a4b-b1ea-13feb1dab17b'],52,,,,,,,,,,,,,,,,,,Namibia,4980,00:00:52.012,Pressure,
,,,,,,,,,True,,,,5.653458,,,,,,,,,,,,1ba80aec-5d5e-49da-ad64-d070c7370f97,100,,"[112.0, 52.8]",3920417,4,,,,,,,,,,,,,,,,,,,,,,,,1,Regular Play,Aprocious Petrus,136406.0,Center Defensive Midfield,10,Mali,4930,"['067a7caa-0565-45a7-8550-c3e610f144ce', '2a5ef011-1a63-4bd8-bb22-0875715a6e21']",2,,,,,,,,,,,,,,,,,,Namibia,4980,00:04:02.176,Pressure,
,,,,,,,,,,,,,0.85577,,,,,,,,,,,,b0aa63f7-e303-4c6a-99df-cb774c23955c,102,,"[106.7, 67.8]",3920417,4,,,,,,,,,,,,,,,,,,,,,,,,1,Regular Play,Ivan Kamberipa,103799.0,Right Back,10,Mali,4930,"['8dd739ba-8921-4642-bd66-fc8df813c511', 'b63091c4-a04c-493c-9c03-c672291e3c6b', '9490fb72-6b0c-420d-998d-81a48d0027aa', 'f0469b2b-2cb8-4f04-8f81-808e6eba4a8b', '86d08ad0-8a06-4259-b325-60352567ac65']",8,,,,,,,,,,,,,,,,,,Namibia,4980,00:04:08.254,Pressure,
,,,,,,,,,,,,,1.374041,,,,,,,,,,,,b94ef462-79ef-4d1e-89b9-df04dc1d4b60,111,,"[105.9, 72.0]",3920417,4,,,,,,,,,,,,,,,,,,,,,,,,1,Regular Play,Ivan Kamberipa,103799.0,Right Back,10,Mali,4930,['6277aaee-0316-4445-8543-d4380f699d41'],9,,,,,,,,,,,,,,,,,,Namibia,4980,00:04:09.758,Pressure,
,,,,,,,,,,,,,0.580701,,,,,,,,,,,,bc4cd91f-2e53-43a2-9162-ac8210a1c7d4,128,,"[108.3, 45.6]",3920417,4,,,,,,,,,,,,,,,,,,,,,,,,1,Regular Play,Lassine Sinayoko,105182.0,Left Center Forward,12,Namibia,4980,['2866e0a7-9f4f-44c3-b118-05f9ed98ad83'],58,,,,,,,,,,,,,,,,,,Mali,4930,00:04:58.934,Pressure,
,,,,,,,,,True,,,,0.854244,,,,,,,,,,,,e8438dd5-6573-49dd-ba62-44a5e63f9e24,133,,"[57.8, 55.5]",3920417,5,,,,,,,,,,,,,,,,,,,,,,,,1,Regular Play,Prins Menelik Tjiueza,103803.0,Right Center Midfield,13,Mali,4930,"['ba7953cf-8f7c-4d90-8b1d-f687f27fb668', 'dc6a17c6-847b-4b6c-92bc-88dbfc95e888']",4,,,,,,,,,,,,,,,,,,Namibia,4980,00:05:04.234,Pressure,
,,,,,,,,,True,,,,0.703035,,,,,,,,,,,,bb07bd51-3a28-4214-a10d-b03779fcd20e,136,,"[55.1, 50.0]",3920417,5,,,,,,,,,,,,,,,,,,,,,,,,1,Regular Play,Prins Menelik Tjiueza,103803.0,Right Center Midfield,13,Mali,4930,"['4127ebae-c329-4fbc-8090-caea0b2a301c', 'dc6a17c6-847b-4b6c-92bc-88dbfc95e888']",6,,,,,,,,,,,,,,,,,,Namibia,4980,00:05:06.839,Pressure,
,,,,,,,,,,,,,0.330795,,,,,,,,,,,,7b47d5ed-9e11-4a63-af25-0d32b5bc2ab9,173,,"[63.1, 68.5]",3920417,5,,,,,,,,,,,,,,,,,,,,,,,,1,Regular Play,Aliou Dieng,67714.0,Right Defensive Midfield,13,Mali,4930,"['cb4d3a08-f2cc-453c-a070-2ae3956e7f2f', 'f31bf4f2-f698-483e-8249-310175c7adbb']",43,,,,,,,,,,,,,,,,,,Mali,4930,00:05:43.079,Pressure,
,,,,,,,,,,,,,0.84,,,,,,,,,,,,190a8d8c-c977-4473-a9d5-00d384cf8748,189,,"[97.5, 51.4]",3920417,6,,,,,,,,,,,,,,,,,,,,,,,,1,From Free Kick,Peter Shalulile,65723.0,Center Forward,15,Namibia,4980,"['b824c281-eb9a-474a-b430-7c01fb35cd61', '13f1273d-5da1-4add-9b37-437e773f6cbc']",13,,,,,,,,,,,,,,,,,,Namibia,4980,00:06:13.495,Pressure,
,,,,,,,,,,,,,1.880217,,,,,,,,,,,,91ae0e4b-eb02-43cd-aa5e-a3ebe8c267b8,201,,"[94.7, 12.7]",3920417,6,,,,,,,,,,,,,,,,,,,,,,,,1,Regular Play,Muzeu Bethuel,389319.0,Right Midfield,16,Mali,4930,"['5c721a96-7f13-43d1-a9f0-6ea4d8319332', '1184baca-0015-41a6-b657-712a420cd1bf', '3d8d54c3-82af-44ad-b6e8-c03fdbff8540', 'd5f3309f-4238-41de-b1c9-5f3ca956c58a', '4c857802-f308-45ff-bfc2-a69f7821d560']",24,,,,,,,,,,,,,,,,,,Namibia,4980,00:06:24.353,Pressure,
,,,,,,,,,,,,,1.638514,,,,,,,,,,,,ef80c49e-e9ae-4f99-a130-3f0c9cff04b7,211,,"[105.9, 27.2]",3920417,6,,,,,,,,,,,,,,,,,,,,,,,,1,Regular Play,Peter Shalulile,65723.0,Center Forward,16,Mali,4930,"['40313471-e1fc-4a03-84d2-fee8e37b5bd3', '7edef35d-bf9b-4f87-8369-5c9782397f6d']",37,,,,,,,,,,,,,,,,,,Namibia,4980,00:06:37.167,Pressure,
,,,,,,,,,True,,,,1.579894,,,,,,,,,,,,705ce668-77e4-4a22-b8b6-4c7470282e32,220,,"[47.3, 68.5]",3920417,6,,,,,,,,,,,,,,,,,,,,,,,,1,Regular Play,Lassine Sinayoko,105182.0,Left Center Forward,17,Namibia,4980,['3630ba1f-3ef6-419d-89f0-6664811b736b'],43,,,,,,,,,,,,,,,,,,Mali,4930,00:06:43.623,Pressure,
,,,,,,,,,True,,,,0.198945,,,,,,,,,,,,6fc91b7b-ba88-4357-877b-191805cda66b,226,,"[46.4, 70.4]",3920417,6,,,,,,,,,,,,,,,,,,,,,,,,1,Regular Play,Lassine Sinayoko,105182.0,Left Center Forward,17,Namibia,4980,['9f5099a4-bdcd-48cc-ad58-499bea6b5e7b'],48,,,,,,,,,,,,,,,,,,Mali,4930,00:06:48.018,Pressure,
,,,,,,,,,,,,,0.59975,,,,,,,,,,,,b699f2e6-6da0-416e-abe2-3ab87d39df48,228,,"[40.3, 72.4]",3920417,6,,,,,,,,,,,,,,,,,,,,,,,,1,Regular Play,Hamari Traoré,3248.0,Right Back,17,Namibia,4980,"['dc81df5c-18b2-498d-8b8f-3764645c3f9e', '06a2ac94-12a9-4f5d-ac1f-4f54800f03d4']",48,,,,,,,,,,,,,,,,,,Mali,4930,00:06:48.922,Pressure,
,,,,,,,,,,,,,0.313593,,,,,,,,,,,,9caf3deb-223b-4b41-bb91-4b12ef175508,248,,"[106.7, 9.0]",3920417,8,,,,,,,,,,,,,,,,,,,,,,,,1,From Throw In,Lassine Sinayoko,105182.0,Left Center Forward,20,Namibia,4980,"['6f2c94e8-e298-42f3-91de-0569dd44ce1a', 'ed81a9d4-d0ad-4915-93aa-ee8e4e74bcfd']",5,,,,,,,,,,,,,,,,,,Mali,4930,00:08:05.501,Pressure,
,,,,,,,,,,,,,0.198527,,,,,,,,,,,,386d5140-1fa4-4fb9-a1e0-331994ff4c9b,255,,"[58.4, 28.2]",3920417,8,,,,,,,,,,,,,,,,,,,,,,,,1,From Throw In,Boubakar Kouyate,23331.0,Right Center Back,20,Namibia,4980,,11,,,,,,,,,,,,,,,,,,Mali,4930,00:08:11.906,Pressure,
,,,,,,,,,,,,,0.325147,,,,,,,,,,,,abb393b3-fe85-4bd8-af42-aa39a21fe06b,258,,"[57.2, 20.9]",3920417,8,,,,,,,,,,,,,,,,,,,,,,,,1,From Throw In,Yves Bissouma,4385.0,Left Defensive Midfield,20,Namibia,4980,"['c4807ddb-0d6f-425f-be60-97cf0ae4b118', 'c2d7b988-d056-4ee0-b3c7-a7405a4a8842']",12,,,,,,,,,,,,,,,,,,Mali,4930,00:08:12.706,Pressure,
,,,,,,,,,,,,,0.959603,,,,,,,,,,,,bfa46228-9b11-49ae-bbb0-b5355be6707d,267,,"[55.1, 7.5]",3920417,8,,,,,,,,,,,,,,,,,,,,,,,,1,From Free Kick,Muzeu Bethuel,389319.0,Right Midfield,21,Mali,4930,"['d2302afb-d93c-47e6-a92b-bc8c74027fc3', '6c632d7e-74b8-4c25-b2c2-a85c30f81142']",54,,,,,,,,,,,,,,,,,,Namibia,4980,00:08:54.339,Pressure,
,,,,,,,,,,,,,2.657618,,,,,,,,,,,,bc85ad05-dd80-4610-9093-27d0d7a67c4e,271,,"[13.6, 75.6]",3920417,9,,,,,,,,,,,,,,,,,,,,,,,,1,From Throw In,Aliou Dieng,67714.0,Right Defensive Midfield,22,Namibia,4980,"['55e1c2f2-a157-436b-a5b2-c2091a0a2b3c', 'c6741eec-abec-4cc0-955f-9c37f14a8148']",7,,,,,,,,,,,,,,,,,,Mali,4930,00:09:07.018,Pressure,
,,,,,,,,,,,,,0.337376,,,,,,,,,,,,7b8c8c3e-0d36-47b7-a716-760c9731f9a2,274,,"[16.1, 75.1]",3920417,9,,,,,,,,,,,,,,,,,,,,,,,,1,From Throw In,Hamari Traoré,3248.0,Right Back,22,Namibia,4980,['55e1c2f2-a157-436b-a5b2-c2091a0a2b3c'],10,,,,,,,,,,,,,,,,,,Mali,4930,00:09:10.195,Pressure,
,,,,,,,,,,,,,0.058283,,,,,,,,,,,,fd1933f6-f854-48bc-a219-28a680770d9e,275,,"[12.6, 75.1]",3920417,9,,,,,,,,,,,,,,,,,,,,,,,,1,From Throw In,Aliou Dieng,67714.0,Right Defensive Midfield,22,Namibia,4980,,11,,,,,,,,,,,,,,,,,,Mali,4930,00:09:11.429,Pressure,
,,,,,,,,,,,,,0.977977,,,,,,,,,,,,70aad4ee-f5cb-454a-81ce-8c95282eac3d,283,,"[103.4, 9.4]",3920417,9,,,,,,,,,,,,,,,,,,,,,,,,1,From Throw In,Muzeu Bethuel,389319.0,Right Midfield,23,Mali,4930,"['acd9f9e7-5225-4394-accf-0cfc8faedca7', 'db760c42-98db-4f4e-a43c-bcc87f8bf9d3']",28,,,,,,,,,,,,,,,,,,Namibia,4980,00:09:28.613,Pressure,
,,,,,,,,,,,,,0.963409,,,,,,,,,,,,7925487c-e10f-43a0-bf87-caaa665dc935,288,,"[100.0, 10.3]",3920417,9,,,,,,,,,,,,,,,,,,,,,,,,1,From Throw In,Muzeu Bethuel,389319.0,Right Midfield,23,Mali,4930,['bd0014fb-8a5e-4fc8-9c3d-f628b9dd5563'],31,,,,,,,,,,,,,,,,,,Namibia,4980,00:09:31.166,Pressure,
,,,,,,,,,,,,,0.719995,,,,,,,,,,,,95a93d8a-14af-4bf5-9973-738590dd86cf,298,,"[54.2, 37.8]",3920417,9,,,,,,,,,,,,,,,,,,,,,,,,1,From Throw In,Kennedy Amutenya,264381.0,Right Center Back,23,Mali,4930,"['6840a73e-9a92-45a4-bc84-8abc229e52a8', '36f2de9c-d347-46d5-bff0-7b941178dd4e', '3933991e-8105-42c4-9958-c3d347a32eee']",38,,,,,,,,,,,,,,,,,,Namibia,4980,00:09:38.472,Pressure,
,,,,,,,,,,,,,0.177222,,,,,,,,,,,,1d2477eb-7238-4ca0-8873-849abae9874f,323,,"[56.7, 22.6]",3920417,10,,,,,,,,,,,,,,,,,,,,,,,,1,From Free Kick,Yves Bissouma,4385.0,Left Defensive Midfield,24,Namibia,4980,"['6f2234de-3d96-4a6a-a1c4-995ee777c41d', 'b98cf666-bd98-4b20-9014-38050f454541']",56,,,,,,,,,,,,,,,,,,Mali,4930,00:10:56.829,Pressure,
,,,,,,,,,,,,,0.559995,,,,,,,,,,,,fea3c488-898a-46b0-aea4-d5be8aef7e71,330,,"[61.7, 53.9]",3920417,11,,,,,,,,,,,,,,,,,,,,,,,,1,From Throw In,Prins Menelik Tjiueza,103803.0,Right Center Midfield,25,Mali,4930,['8dd83ed0-925f-4b8f-a3b7-a0e77b153859'],3,,,,,,,,,,,,,,,,,,Namibia,4980,00:11:03.888,Pressure,
,,,,,,,,,,,,,1.103086,,,,,,,,,,,,c710063d-45a1-485f-9a2d-72796e28e9dc,332,,"[36.1, 47.5]",3920417,11,,,,,,,,,,,,,,,,,,,,,,,,1,From Throw In,Lubeni Haukongo,135004.0,Left Center Back,25,Mali,4930,,6,,,,,,,,,,,,,,,,,,Namibia,4980,00:11:06.067,Pressure,
,,,,,,,,,True,,,,0.334139,,,,,,,,,,,,b27c6a6a-2111-4e72-a637-cde239d55e48,340,,"[77.5, 32.0]",3920417,11,,,,,,,,,,,,,,,,,,,,,,,,1,Regular Play,Youssoufou Niakaté,51750.0,Right Center Forward,26,Namibia,4980,['34899a9d-4ac5-4d4f-af32-0327f1843f7b'],14,,,,,,,,,,,,,,,,,,Mali,4930,00:11:14.037,Pressure,
,,,,,,,,,True,,,,1.900319,,,,,,,,,,,,a4696a15-3bf4-4b8a-b5c6-8a7ab0ee7a12,349,,"[44.5, 68.3]",3920417,11,,,,,,,,,,,,,,,,,,,,,,,,1,Regular Play,Prins Menelik Tjiueza,103803.0,Right Center Midfield,27,Mali,4930,"['e049de3c-4050-4738-a102-2e90c37bd168', '90fc286f-752c-4e01-8001-414924e5884c']",19,,,,,,,,,,,,,,,,,,Namibia,4980,00:11:19.240,Pressure,
,,,,,,,,,,,,,1.095044,,,,,,,,,,,,cfdbef4e-729b-41d9-ad39-a0e8a1a79400,362,,"[49.7, 8.1]",3920417,11,,,,,,,,,,,,,,,,,,,,,,,,1,From Free Kick,Muzeu Bethuel,389319.0,Right Midfield,28,Mali,4930,"['6e055294-b2e9-432b-bd14-4093ea146b2d', '947ada94-5b47-4296-9cdd-63527da595a3']",44,,,,,,,,,,,,,,,,,,Namibia,4980,00:11:44.590,Pressure,
,,,,,,,,,,,,,0.981394,,,,,,,,,,,,eaa730d0-7931-4904-893c-7c1605824285,375,,"[86.8, 61.7]",3920417,12,,,,,,,,,,,,,,,,,,,,,,,,1,From Throw In,Peter Shalulile,65723.0,Center Forward,29,Namibia,4980,['2d9e72ba-44e8-4e9a-9523-6b14aeec28e1'],11,,,,,,,,,,,,,,,,,,Namibia,4980,00:12:11.508,Pressure,
,,,,,,,,,,,,,0.978431,,,,,,,,,,,,d51e6337-ce67-4a36-96fe-5cddbf070255,376,,"[91.8, 60.6]",3920417,12,,,,,,,,,,,,,,,,,,,,,,,,1,From Throw In,Aprocious Petrus,136406.0,Center Defensive Midfield,29,Namibia,4980,['2d9e72ba-44e8-4e9a-9523-6b14aeec28e1'],11,,,,,,,,,,,,,,,,,,Namibia,4980,00:12:11.672,Pressure,
,,,,,,,,,True,,,,1.359985,,,,,,,,,,,,275d58e8-ef24-47dc-9077-3d52162ae0d8,383,,"[78.6, 60.6]",3920417,12,,,,,,,,,,,,,,,,,,,,,,,,1,Regular Play,Prins Menelik Tjiueza,103803.0,Right Center Midfield,30,Mali,4930,"['73599963-f1c8-4291-8b35-b2bf79290325', 'f55eeaea-4f62-4d9e-b3f2-fc195a2db36d']",17,,,,,,,,,,,,,,,,,,Namibia,4980,00:12:17.587,Pressure,
,,,,,,,,,True,,,,0.827205,,,,,,,,,,,,ae9e8a3c-b679-4081-88c1-f5c417cbc779,384,,"[79.0, 61.1]",3920417,12,,,,,,,,,,,,,,,,,,,,,,,,1,Regular Play,Ngero Kaanjuka Katua,389316.0,Left Center Midfield,30,Mali,4930,['f55eeaea-4f62-4d9e-b3f2-fc195a2db36d'],18,,,,,,,,,,,,,,,,,,Namibia,4980,00:12:18.057,Pressure,
,,,,,,,,,,,,,1.367652,,,,,,,,,,,,514608ae-e84a-4e81-973a-b745de98a73c,391,,"[55.9, 35.2]",3920417,12,,,,,,,,,,,,,,,,,,,,,,,,1,Regular Play,Aprocious Petrus,136406.0,Center Defensive Midfield,30,Mali,4930,['09bd0bf5-c545-41bb-8599-a630c7c52630'],21,,,,,,,,,,,,,,,,,,Namibia,4980,00:12:21.923,Pressure,
,,,,,,,,,True,,,,0.327399,,,,,,,,,,,,053060e9-1e4d-4b29-9d7d-222c090d363b,396,,"[56.7, 72.9]",3920417,12,,,,,,,,,,,,,,,,,,,,,,,,1,Regular Play,Yves Bissouma,4385.0,Left Defensive Midfield,31,Namibia,4980,['ca281532-0535-4c9d-a848-35463d95f6c5'],27,,,,,,,,,,,,,,,,,,Mali,4930,00:12:27.692,Pressure,
,,,,,,,,,,,,,0.835174,,,,,,,,,,,,5ded8f67-29c1-407f-bdda-a9a430111b1d,405,,"[99.0, 51.3]",3920417,12,,,,,,,,,,,,,,,,,,,,,,,,1,From Throw In,Youssoufou Niakaté,51750.0,Right Center Forward,32,Namibia,4980,['6b765287-4d4e-4324-a4ec-b4f07bc70bff'],44,,,,,,,,,,,,,,,,,,Mali,4930,00:12:44.301,Pressure,
,,,,,,,,,,,,,1.222623,,,,,,,,,,,,d51406a4-e4ff-4dd1-a7bc-3dcf0bdd2594,426,,"[22.9, 70.8]",3920417,13,,,,,,,,,,,,,,,,,,,,,,,,1,From Free Kick,Kennedy Amutenya,264381.0,Right Center Back,33,Mali,4930,"['51df6794-1d60-4c00-b44d-af8793f347e0', '6fc9f9a9-5820-40ce-9dd6-f391a55cd3f6', '02503a75-5f26-4cd4-a522-66405bdfd982']",23,,,,,,,,,,,,,,,,,,Namibia,4980,00:13:23.000,Pressure,
,,,,,,,,,,,,,0.719996,,,,,,,,,,,,97cb4f91-8869-40a6-8990-0a72a028abc2,437,,"[54.5, 60.5]",3920417,13,,,,,,,,,,,,,,,,,,,,,,,,1,From Throw In,Aprocious Petrus,136406.0,Center Defensive Midfield,34,Mali,4930,"['3699218c-fb05-4516-a07a-60f2624fe034', '8d4f69fc-47cc-48fd-bac9-1b3cbf516d25']",47,,,,,,,,,,,,,,,,,,Namibia,4980,00:13:47.867,Pressure,
,,,,,,,,,,,,,0.863237,,,,,,,,,,,,15f16a65-96e2-4145-a8e1-9fecda05e129,439,,"[79.3, 60.3]",3920417,13,,,,,,,,,,,,,,,,,,,,,,,,1,From Throw In,Peter Shalulile,65723.0,Center Forward,34,Mali,4930,"['2980217c-5571-4611-917e-f3d238491c60', '067a2195-f811-4f00-8662-0dce5c6092d7', '1b4be672-47ac-4a82-9bcd-a075a59b01c2']",49,,,,,,,,,,,,,,,,,,Namibia,4980,00:13:49.732,Pressure,
,,,,,,,,,,,,,1.359991,,,,,,,,,,,,9af3f31f-5b2b-4ed7-a547-79df2344cc95,446,,"[77.5, 66.6]",3920417,13,,,,,,,,,,,,,,,,,,,,,,,,1,From Throw In,Prins Menelik Tjiueza,103803.0,Right Center Midfield,34,Mali,4930,"['30ddfbed-baa8-42c8-8f16-25d23314612b', 'f0f1626a-fa86-4179-b298-e9c09913d509', '620b68ca-ecf2-4eef-83d8-4ba93b2ff298']",52,,,,,,,,,,,,,,,,,,Namibia,4980,00:13:52.624,Pressure,
,,,,,,,,,,,,,0.759994,,,,,,,,,,,,312748a6-96af-4447-b585-1108be1d34a2,458,,"[70.0, 75.8]",3920417,14,,,,,,,,,,,,,,,,,,,,,,,,1,From Throw In,Deon Hotto Kavendji,64612.0,Left Midfield,34,Mali,4930,"['fac6953d-9875-44d4-8aec-8ceb6631d680', '5fa23565-e471-4708-95bb-06166546b4b1']",0,,,,,,,,,,,,,,,,,,Namibia,4980,00:14:00.313,Pressure,
,,,,,,,,,,,,,0.679994,,,,,,,,,,,,c6af2972-9414-42db-ae8e-0c5393aab818,460,,"[59.2, 68.6]",3920417,14,,,,,,,,,,,,,,,,,,,,,,,,1,From Throw In,Ivan Kamberipa,103799.0,Right Back,34,Mali,4930,,0,,,,,,,,,,,,,,,,,,Namibia,4980,00:14:00.861,Pressure,
,,,,,,,,,,,,,0.839994,,,,,,,,,,,,c3985676-8c75-4118-9d6a-d0a600dd17ba,461,,"[60.1, 68.6]",3920417,14,,,,,,,,,,,,,,,,,,,,,,,,1,From Throw In,Kennedy Amutenya,264381.0,Right Center Back,34,Mali,4930,"['ba5560f5-5ad8-428b-88c9-c979b97ef968', 'fb50c0c1-22e5-422c-a4b3-1f5f56570372']",1,,,,,,,,,,,,,,,,,,Namibia,4980,00:14:01.266,Pressure,
,,,,,,,,,,,,,0.719994,,,,,,,,,,,,43bdc426-a5e7-46a5-9c53-6d38bedc4cfb,465,,"[64.0, 66.6]",3920417,14,,,,,,,,,,,,,,,,,,,,,,,,1,From Throw In,Deon Hotto Kavendji,64612.0,Left Midfield,34,Mali,4930,,3,,,,,,,,,,,,,,,,,,Namibia,4980,00:14:03.206,Pressure,
,,,,,,,,,,,,,0.679995,,,,,,,,,,,,6592fdbd-4a8d-4e8a-8ef9-2155e5242725,483,,"[69.8, 8.8]",3920417,14,,,,,,,,,,,,,,,,,,,,,,,,1,From Throw In,Muzeu Bethuel,389319.0,Right Midfield,34,Mali,4930,"['887c6517-cb3d-4ceb-9f51-c7822aa7393b', '16044515-857a-48ce-88e8-93766a515d37']",26,,,,,,,,,,,,,,,,,,Namibia,4980,00:14:26.276,Pressure,
,,,,,,,,,,,,,1.10295,,,,,,,,,,,,beaa92de-5963-41fa-95a1-76523916149b,491,,"[50.9, 71.1]",3920417,14,,,,,,,,,,,,,,,,,,,,,,,,1,From Throw In,Ivan Kamberipa,103799.0,Right Back,34,Mali,4930,"['4ce4e908-d504-44c1-8a6d-6bc70e450cc1', '7bcd81a5-e6f9-4972-8f6e-f64ff6c59d38']",35,,,,,,,,,,,,,,,,,,Namibia,4980,00:14:35.824,Pressure,
,,,,,,,,,True,,,,0.206762,,,,,,,,,,,,50762181-dd15-405a-a028-e6d452defbc8,496,,"[58.4, 9.8]",3920417,14,,,,,,,,,,,,,,,,,,,,,,,,1,Regular Play,Moussa Diarra,32952.0,Left Back,35,Namibia,4980,,38,,,,,,,,,,,,,,,,,,Mali,4930,00:14:38.700,Pressure,
,,,,,,,,,True,,,,0.198204,,,,,,,,,,,,9f13e1ce-ad41-47e2-924a-cc9f8d48e05d,498,,"[41.4, 16.2]",3920417,14,,,,,,,,,,,,,,,,,,,,,,,,1,Regular Play,Sikou Niakate,7295.0,Left Center Back,35,Namibia,4980,"['00370ca6-81ae-4b53-8304-b8ed5f8dbef9', '353cd963-7c12-4a06-b059-e2863777b15b', '2b38a52d-2583-432f-867c-7f34c3602623']",40,,,,,,,,,,,,,,,,,,Mali,4930,00:14:40.187,Pressure,
,,,,,,,,,,,,,0.206238,,,,,,,,,,,,713685e0-5323-4914-a4bb-346bbe116b97,520,,"[29.7, 13.7]",3920417,14,,,,,,,,,,,,,,,,,,,,,,,,1,Regular Play,Lassine Sinayoko,105182.0,Left Center Forward,35,Namibia,4980,,55,,,,,,,,,,,,,,,,,,Mali,4930,00:14:55.878,Pressure,
,,,,,,,,,,,,,0.836991,,,,,,,,,,,,af69c1c9-3201-4627-9e94-8fbb35269b6a,526,,"[21.2, 69.6]",3920417,15,,,,,,,,,,,,,,,,,,,,,,,,1,Regular Play,Fousseni Diabaté,3710.0,Right Midfield,35,Namibia,4980,['0da1e17f-3080-4c16-8da3-d5c6c27673bf'],2,,,,,,,,,,,,,,,,,,Mali,4930,00:15:02.486,Pressure,
,,,,,,,,,,,,,0.587234,,,,,,,,,,,,0f5c2118-3cef-4628-b571-13dd4db71cdf,530,,"[9.0, 47.6]",3920417,15,,,,,,,,,,,,,,,,,,,,,,,,1,Regular Play,Boubakar Kouyate,23331.0,Right Center Back,35,Namibia,4980,"['935ca9df-0454-46b8-b3ae-9d9dcb2c55ac', '403eba8d-5441-4b22-a355-5570efc2ce55']",6,,,,,,,,,,,,,,,,,,Mali,4930,00:15:06.453,Pressure,
,,,,,,,,,,,,,0.191267,,,,,,,,,,,,dbb10aed-75e9-413d-8a74-9bc76ce1c6ee,547,,"[35.9, 7.3]",3920417,16,,,,,,,,,,,,,,,,,,,,,,,,1,Regular Play,Nene Dorgeles,199653.0,Left Midfield,37,Namibia,4980,"['6b310e7e-14af-476c-8685-4d3f166f2690', 'ebd3bb48-f2cf-49ec-a8ed-d7f309ffb13e']",7,,,,,,,,,,,,,,,,,,Mali,4930,00:16:07.706,Pressure,
,,,,,,,,,,,,,0.450514,,,,,,,,,,,,14269f32-594f-42ca-993a-eee535c20af5,554,,"[29.8, 71.2]",3920417,16,,,,,,,,,,,,,,,,,,,,,,,,1,Regular Play,Fousseni Diabaté,3710.0,Right Midfield,37,Namibia,4980,"['447c6ef4-b2dc-4df4-b4b4-3d451408d3fb', 'f348eabe-1a7b-4c12-b3de-0dfc9b31b540']",17,,,,,,,,,,,,,,,,,,Mali,4930,00:16:17.397,Pressure,
,,,,,,,,,,,,,0.588897,,,,,,,,,,,,615e1b8f-0090-4698-b636-9d56f3ceb1bf,558,,"[42.3, 66.0]",3920417,16,,,,,,,,,,,,,,,,,,,,,,,,1,Regular Play,Aliou Dieng,67714.0,Right Defensive Midfield,37,Namibia,4980,['7064cb33-8f76-4d4d-9d89-6f8ff7c37cc8'],20,,,,,,,,,,,,,,,,,,Mali,4930,00:16:20.095,Pressure,
,,,,,,,,,,,,,0.207742,,,,,,,,,,,,054ca340-570d-4a13-a895-5ae6ee5a88c8,579,,"[28.3, 5.4]",3920417,16,,,,,,,,,,,,,,,,,,,,,,,,1,Regular Play,Moussa Diarra,32952.0,Left Back,37,Namibia,4980,"['ee78f126-e189-47d6-90db-51fc485790b5', '3ebfc845-2390-4a37-a968-02049de16252']",41,,,,,,,,,,,,,,,,,,Mali,4930,00:16:41.420,Pressure,
,,,,,,,,,,,,,1.246128,,,,,,,,,,,,767f44bb-cf74-45f8-b1ce-ac8ff4cb62b4,588,,"[110.7, 54.9]",3920417,17,,,,,,,,,,,,,,,,,,,,,,,,1,From Free Kick,Aprocious Petrus,136406.0,Center Defensive Midfield,38,Namibia,4980,,27,,,,,,,,,,,,,,,,,,Namibia,4980,00:17:27.792,Pressure,
,,,,,,,,,,,,,1.08,,,,,,,,,,,,04a7e05b-40cb-46ab-a1cd-82b279d8a44b,605,,"[76.7, 9.1]",3920417,18,,,,,,,,,,,,,,,,,,,,,,,,1,From Free Kick,Muzeu Bethuel,389319.0,Right Midfield,40,Mali,4930,"['51f3b1f9-3fd2-4f14-b745-8712dfe590a3', 'b2272bb5-c7b3-4f9b-b233-dc7c2489f0f4']",11,,,,,,,,,,,,,,,,,,Namibia,4980,00:18:11.700,Pressure,
,,,,,,,,,True,,,,0.178369,,,,,,,,,,,,9cd75fbf-4dc0-4b6e-92ad-9b27694f5360,617,,"[55.1, 45.6]",3920417,18,,,,,,,,,,,,,,,,,,,,,,,,1,Regular Play,Yves Bissouma,4385.0,Left Defensive Midfield,41,Namibia,4980,"['db1e4e78-c483-4f10-845c-45b1b81ad2d6', '5c5f86d0-7559-45de-b67b-60921fad6b9b']",23,,,,,,,,,,,,,,,,,,Mali,4930,00:18:23.699,Pressure,
,,,,,,,,,True,,,,0.759995,,,,,,,,,,,,d11b7902-ba6b-4b71-a1af-81bb28f2f2a3,635,,"[116.8, 61.7]",3920417,18,,,,,,,,,,,,,,,,,,,,,,,,1,Regular Play,Ivan Kamberipa,103799.0,Right Back,41,Namibia,4980,['7658afc5-36ab-4d11-b760-20179b3f24a4'],36,,,,,,,,,,,,,,,,,,Namibia,4980,00:18:36.176,Pressure,
,,,,,,,,,True,,,,0.559999,,,,,,,,,,,,1f0c4298-1ce0-4ced-9f13-69cedb008166,640,,"[111.8, 61.4]",3920417,18,,,,,,,,,,,,,,,,,,,,,,,,1,Regular Play,Ivan Kamberipa,103799.0,Right Back,41,Namibia,4980,['e1f8dd9f-f87e-4108-bad6-b7807773c6a3'],38,,,,,,,,,,,,,,,,,,Namibia,4980,00:18:38.463,Pressure,
,,,,,,,,,,,,,0.519995,,,,,,,,,,,,b2ebcdbc-e562-4a7a-b5eb-fbc9d6925542,663,,"[107.5, 43.0]",3920417,20,,,,,,,,,,,,,,,,,,,,,,,,1,From Goal Kick,Muzeu Bethuel,389319.0,Right Midfield,44,Mali,4930,['29062595-49d4-4b28-bb23-83066c7436c4'],15,,,,,,,,,,,,,,,,,,Namibia,4980,00:20:15.352,Pressure,
,,,,,,,,,,,,,5.397005,,,,,,,,,,,,a459c4bb-28cf-4a6d-b181-a4dfd1044ee2,667,,"[76.7, 69.2]",3920417,20,,,,,,,,,,,,,,,,,,,,,,,,1,From Goal Kick,Prins Menelik Tjiueza,103803.0,Right Center Midfield,44,Mali,4930,"['ae1f334b-68b4-4a33-b93d-b0354ccab760', 'b44d1864-72a7-435f-b86d-18e406c00592']",18,,,,,,,,,,,,,,,,,,Namibia,4980,00:20:18.377,Pressure,
,,,,,,,,,,,,,0.719997,,,,,,,,,,,,0bee9ef1-679b-47f2-a848-f61f9ee87afb,677,,"[10.6, 22.8]",3920417,20,,,,,,,,,,,,,,,,,,,,,,,,1,From Goal Kick,Riaan Hanamub,65555.0,Left Back,44,Mali,4930,"['5f93c22b-067b-4dd6-8a5f-30c0006acbb8', 'b36fc318-7afc-4a66-bc56-0a8cfcf87209']",37,,,,,,,,,,,,,,,,,,Namibia,4980,00:20:37.181,Pressure,
,,,,,,,,,,,,,0.519997,,,,,,,,,,,,294b2616-21d5-4ad4-8f62-bfcefaf06f41,682,,"[7.8, 6.9]",3920417,20,,,,,,,,,,,,,,,,,,,,,,,,1,From Goal Kick,Muzeu Bethuel,389319.0,Right Midfield,44,Mali,4930,['f42cb3aa-44d6-4a39-852e-f2da441e28f8'],42,,,,,,,,,,,,,,,,,,Namibia,4980,00:20:42.130,Pressure,
,,,,,,,,,,,,,0.447317,,,,,,,,,,,,440ef5d1-3dd7-4da0-91da-87c7e0e6cf19,686,,"[6.9, 6.2]",3920417,21,,,,,,,,,,,,,,,,,,,,,,,,1,From Throw In,Riaan Hanamub,65555.0,Left Back,45,Mali,4930,"['ab417653-7ffd-4156-b9af-7ad43bc1fac1', '1f5ffceb-0426-4e1e-bf2f-88fca1b4fd20']",2,,,,,,,,,,,,,,,,,,Namibia,4980,00:21:02.846,Pressure,
,,,,,,,,,,,,,0.959999,,,,,,,,,,,,494db813-33ad-45a5-8ac3-a876b851b491,726,,"[62.0, 53.8]",3920417,22,,,,,,,,,,,,,,,,,,,,,,,,1,From Corner,Ngero Kaanjuka Katua,389316.0,Left Center Midfield,46,Mali,4930,"['fa4b7ea6-692e-4d8e-aaeb-e4780077f599', 'eac1299a-ee31-4d5d-83da-0ce47f6a7af8']",28,,,,,,,,,,,,,,,,,,Namibia,4980,00:22:28.123,Pressure,
,,,,,,,,,,,,,1.954177,,,,,,,,,,,,0df58405-710a-4e45-a4a3-a16b5ba9b2cc,748,,"[45.3, 55.8]",3920417,23,,,,,,,,,,,,,,,,,,,,,,,,1,From Throw In,Lubeni Haukongo,135004.0,Left Center Back,47,Mali,4930,"['58012c90-61c5-4ae8-9644-51dba323cc6a', 'e2d1c1f2-3f40-40b1-84c3-6a0b91a82659']",5,,,,,,,,,,,,,,,,,,Namibia,4980,00:23:05.230,Pressure,
,,,,,,,,,,,,,2.54639,,,,,,,,,,,,8e861aaf-8e09-4562-8746-1e4d4681e8b5,762,,"[14.3, 7.2]",3920417,23,,,,,,,,,,,,,,,,,,,,,,,,1,From Free Kick,Riaan Hanamub,65555.0,Left Back,48,Mali,4930,"['7101908b-8ff3-4917-b82c-34d9554f2d8b', '820687bd-209d-41aa-979a-026ca65e4bbd']",34,,,,,,,,,,,,,,,,,,Namibia,4980,00:23:34.220,Pressure,
,,,,,,,,,,,,,1.359992,,,,,,,,,,,,83e952f5-f9a1-4f1b-af1e-e2a067f3896a,775,,"[64.0, 61.1]",3920417,24,,,,,,,,,,,,,,,,,,,,,,,,1,From Free Kick,Aprocious Petrus,136406.0,Center Defensive Midfield,48,Mali,4930,"['68360ada-566d-4645-836b-c33eccba0c51', 'f45f29f7-e163-4863-a76f-e7286ae71be1']",8,,,,,,,,,,,,,,,,,,Namibia,4980,00:24:08.230,Pressure,
,,,,,,,,,True,,,,0.19403,,,,,,,,,,,,9a7eb2de-7d3e-46ee-95d3-324a29237df2,781,,"[62.6, 8.7]",3920417,24,,,,,,,,,,,,,,,,,,,,,,,,1,Regular Play,Youssoufou Niakaté,51750.0,Right Center Forward,49,Namibia,4980,['d65153f6-7d7e-493e-a1a2-9acbcc4b443a'],11,,,,,,,,,,,,,,,,,,Mali,4930,00:24:11.561,Pressure,
,,,,,,,,,True,,,,0.322181,,,,,,,,,,,,0d308e5f-43d3-475a-ab91-9deae0c92978,783,,"[51.2, 12.0]",3920417,24,,,,,,,,,,,,,,,,,,,,,,,,1,Regular Play,Moussa Diarra,32952.0,Left Back,49,Namibia,4980,"['e404599f-4729-41d1-a9e6-e52eeaea3bc3', '8800402c-3d80-47d3-a953-6e240b67d8ec']",12,,,,,,,,,,,,,,,,,,Mali,4930,00:24:12.623,Pressure,
,,,,,,,,,True,,,,0.191675,,,,,,,,,,,,8ff62ab3-72f9-4e31-90fd-3f9e55d10f23,789,,"[55.8, 7.1]",3920417,24,,,,,,,,,,,,,,,,,,,,,,,,1,Regular Play,Nene Dorgeles,199653.0,Left Midfield,49,Namibia,4980,"['161548f3-9c60-4b08-8015-76ebe0068d51', 'c645dcf4-5ea5-4a69-8e9a-fd994346f5c1']",13,,,,,,,,,,,,,,,,,,Mali,4930,00:24:13.915,Pressure,
,,,,,,,,,True,,,,0.059397,,,,,,,,,,,,6240beda-66fe-49b2-bcce-d7a2507572e2,791,,"[45.0, 17.0]",3920417,24,,,,,,,,,,,,,,,,,,,,,,,,1,Regular Play,Yves Bissouma,4385.0,Left Defensive Midfield,49,Namibia,4980,,14,,,,,,,,,,,,,,,,,,Mali,4930,00:24:14.608,Pressure,
,,,,,,,,,,,,,0.465611,,,,,,,,,,,,14172149-126b-4d8b-8caf-40182243d4d1,803,,"[55.0, 57.2]",3920417,24,,,,,,,,,,,,,,,,,,,,,,,,1,From Throw In,Ngero Kaanjuka Katua,389316.0,Left Center Midfield,51,Mali,4930,"['eb62ee08-4266-41bb-9b9a-bcc023d9841e', 'a6f282e2-67a8-4f61-b1b4-973ba1e20758', 'ed07160a-781e-43ca-bd21-c109211ec58e']",49,,,,,,,,,,,,,,,,,,Namibia,4980,00:24:49.794,Pressure,
,,,,,,,,,,,,,1.159994,,,,,,,,,,,,a506c77e-c190-4351-af98-7d2224199f6f,816,,"[40.0, 7.8]",3920417,25,,,,,,,,,,,,,,,,,,,,,,,,1,From Throw In,Muzeu Bethuel,389319.0,Right Midfield,51,Mali,4930,"['6982089e-288d-4ae2-9ad2-00b0c0c2223d', '3a2397b0-8178-425e-bd63-8f672b277cc7']",1,,,,,,,,,,,,,,,,,,Namibia,4980,00:25:01.629,Pressure,
,,,,,,,,,,,,,0.854443,,,,,,,,,,,,b8842f70-2094-42ce-9e23-5ffc49d3b336,829,,"[61.7, 24.4]",3920417,25,,,,,,,,,,,,,,,,,,,,,,,,1,From Throw In,Peter Shalulile,65723.0,Center Forward,51,Mali,4930,"['a830da94-fdde-4055-bb99-a367a8ea597b', '93d6aef6-2fe4-474d-81eb-7dab0d64e445', '5cc68dc8-a4d1-4089-ab5c-9016f484ed2e']",11,,,,,,,,,,,,,,,,,,Namibia,4980,00:25:11.695,Pressure,
,,,,,,,,,,,,,1.439995,,,,,,,,,,,,b4d91215-0457-4f6e-96a9-a512341c7f16,838,,"[69.3, 6.3]",3920417,25,,,,,,,,,,,,,,,,,,,,,,,,1,From Throw In,Muzeu Bethuel,389319.0,Right Midfield,51,Mali,4930,"['b67335f2-e681-4018-8176-1a0d36b89ba5', '8e63e1f0-0fbb-4bb6-b258-d1d8a31efbce']",15,,,,,,,,,,,,,,,,,,Namibia,4980,00:25:15.459,Pressure,
,,,,,,,,,,,,,2.261064,,,,,,,,,,,,280006cb-156b-4cf2-94b7-9f0f51db58cc,840,,"[53.9, 4.5]",3920417,25,,,,,,,,,,,,,,,,,,,,,,,,1,From Throw In,Riaan Hanamub,65555.0,Left Back,51,Mali,4930,"['c3abd1c3-0bb9-4c2d-9c95-914c69476796', '526f3240-4296-429d-ac63-a7afc4d7f709', '3fa19da4-37a3-4c56-8221-2f5bd4bd8a28']",17,,,,,,,,,,,,,,,,,,Namibia,4980,00:25:17.594,Pressure,
,,,,,,,,,True,,,,0.177553,,,,,,,,,,,,3b2b5bf0-5e0b-42f8-b88b-058e8ed90a6d,863,,"[84.7, 8.1]",3920417,25,,,,,,,,,,,,,,,,,,,,,,,,1,Regular Play,Youssoufou Niakaté,51750.0,Right Center Forward,53,Namibia,4980,"['8a5da209-dc9c-47fd-b395-af8fd5040ba6', '058596f5-19f8-407e-b2f6-71919fad5729']",51,,,,,,,,,,,,,,,,,,Mali,4930,00:25:51.499,Pressure,
,,,,,,,,,True,,,,0.048158,,,,,,,,,,,,2090a473-0161-4844-91f6-a2d0e76fc506,865,,"[77.3, 10.6]",3920417,25,,,,,,,,,,,,,,,,,,,,,,,,1,Regular Play,Nene Dorgeles,199653.0,Left Midfield,53,Namibia,4980,,52,,,,,,,,,,,,,,,,,,Mali,4930,00:25:52.244,Pressure,
,,,,,,,,,,,,,1.209956,,,,,,,,,,,,0d10c786-bb54-4e1a-97a9-5261caa18a72,882,,"[21.2, 52.0]",3920417,26,,,,,,,,,,,,,,,,,,,,,,,,1,Regular Play,Lubeni Haukongo,135004.0,Left Center Back,54,Mali,4930,"['179e626f-37ac-41cc-924b-493a41188174', 'f4e290a7-716b-4a62-bb2a-41249846930b', 'a7150ff9-9a2f-415c-86f7-9195e1e48cfa']",13,,,,,,,,,,,,,,,,,,Namibia,4980,00:26:13.430,Pressure,
,,,,,,,,,,,,,0.837261,,,,,,,,,,,,552c2c06-c949-40df-a3a1-de64c89bd510,892,,"[6.8, 66.0]",3920417,26,,,,,,,,,,,,,,,,,,,,,,,,1,From Throw In,Ivan Kamberipa,103799.0,Right Back,55,Mali,4930,"['45655c79-bf5f-40c8-a517-161bf80cc3dd', '8a90492f-f3ab-4c40-a50e-629e7749b1aa', '7021741f-ff3d-46e0-bef8-cd681854af06']",41,,,,,,,,,,,,,,,,,,Namibia,4980,00:26:41.944,Pressure,
,,,,,,,,,,,,,1.23616,,,,,,,,,,,,3186fce4-0722-4060-9618-bb21e7b38eac,896,,"[9.3, 57.5]",3920417,26,,,,,,,,,,,,,,,,,,,,,,,,1,From Throw In,Aprocious Petrus,136406.0,Center Defensive Midfield,55,Mali,4930,"['8a90492f-f3ab-4c40-a50e-629e7749b1aa', '81e42ce1-75f9-41d5-8920-2579e38223ed']",45,,,,,,,,,,,,,,,,,,Namibia,4980,00:26:45.024,Pressure,
,,,,,,,,,,,,,0.709262,,,,,,,,,,,,74fa8b02-7268-4ee6-be2c-5f71dfb456db,897,,"[5.3, 59.4]",3920417,26,,,,,,,,,,,,,,,,,,,,,,,,1,From Throw In,Ivan Kamberipa,103799.0,Right Back,55,Mali,4930,['81e42ce1-75f9-41d5-8920-2579e38223ed'],45,,,,,,,,,,,,,,,,,,Namibia,4980,00:26:45.533,Pressure,
,,,,,,,,,,,,,0.759997,,,,,,,,,,,,34cc95c1-921f-4ec0-ac41-1a5c39b8a9e8,911,,"[16.4, 15.3]",3920417,26,,,,,,,,,,,,,,,,,,,,,,,,1,From Throw In,Lubeni Haukongo,135004.0,Left Center Back,55,Mali,4930,"['dda67ca9-9742-4171-b5ab-e4948f19b8c4', '9d12e606-e2fd-4e34-bfa6-577291baef74', '137ae59c-4755-4bc8-8bec-9dd8ebf086e2']",57,,,,,,,,,,,,,,,,,,Namibia,4980,00:26:57.505,Pressure,
,,,,,,,,,,,,,0.559995,,,,,,,,,,,,8745a6b3-a022-4ed2-ada5-34562fd6cad8,919,,"[15.9, 21.9]",3920417,27,,,,,,,,,,,,,,,,,,,,,,,,1,From Throw In,Aprocious Petrus,136406.0,Center Defensive Midfield,55,Mali,4930,"['efc5763f-1c1e-4f7f-9f22-60e4c2a0c3fb', 'b0f1a026-7102-4f8c-9baa-4b6cfe7fbed8']",0,,,,,,,,,,,,,,,,,,Namibia,4980,00:27:00.456,Pressure,
,,,,,,,,,True,,,,0.519999,,,,,,,,,,,,5b9ed35b-6033-4f53-92bd-ab6e8edeecd3,930,,"[76.5, 67.2]",3920417,27,,,,,,,,,,,,,,,,,,,,,,,,1,Regular Play,Prins Menelik Tjiueza,103803.0,Right Center Midfield,57,Mali,4930,"['1cc481a8-debb-455e-ac8d-3c3fb996022a', 'a3beb902-4978-4c40-baaa-68ffbb945c5a']",49,,,,,,,,,,,,,,,,,,Namibia,4980,00:27:49.931,Pressure,
,,,,,,,,,,,,,1.753672,,,,,,,,,,,,ec42b519-1efd-4d9a-952b-3bbe9bed752c,940,,"[50.9, 9.5]",3920417,27,,,,,,,,,,,,,,,,,,,,,,,,1,Regular Play,Muzeu Bethuel,389319.0,Right Midfield,57,Mali,4930,"['b01e0e85-0939-4352-a37d-372884663c62', '046cfd08-5504-4b9b-a884-e7fe6fd51697', 'c6fd6e8e-9191-44ca-b33d-47f0517f6995', '5b42ffc5-2d32-4509-b883-78e96b8ef9d2']",58,,,,,,,,,,,,,,,,,,Namibia,4980,00:27:58.962,Pressure,
,,,,,,,,,,,,,1.62572,,,,,,,,,,,,b56c2bb7-1c89-4c38-87cc-41a466322a52,944,,"[38.2, 11.0]",3920417,28,,,,,,,,,,,,,,,,,,,,,,,,1,Regular Play,Muzeu Bethuel,389319.0,Right Midfield,57,Mali,4930,"['30129bf4-b3fd-463a-8551-5d08b910820c', '046cfd08-5504-4b9b-a884-e7fe6fd51697']",4,,,,,,,,,,,,,,,,,,Namibia,4980,00:28:04.019,Pressure,
,,,,,,,,,,,,,1.226946,,,,,,,,,,,,afeb1555-e669-44d2-8047-9f3ad9f5c4d2,945,,"[36.1, 14.1]",3920417,28,,,,,,,,,,,,,,,,,,,,,,,,1,Regular Play,Prins Menelik Tjiueza,103803.0,Right Center Midfield,57,Mali,4930,['30129bf4-b3fd-463a-8551-5d08b910820c'],4,,,,,,,,,,,,,,,,,,Namibia,4980,00:28:04.834,Pressure,
,,,,,,,,,True,,,,0.055422,,,,,,,,,,,,e1d1cb7a-0930-473f-be15-53181a85f068,963,,"[76.7, 23.7]",3920417,31,,,,,,,,,,,,,,,,,,,,,,,,1,Regular Play,Nene Dorgeles,199653.0,Left Midfield,60,Namibia,4980,['da6bff71-c43f-4a2c-9cc2-28e5047a2952'],19,,,,,,,,,,,,,,,,,,Mali,4930,00:31:19.252,Pressure,
,,,,,,,,,True,,,,0.186725,,,,,,,,,,,,879bd373-ad74-4b3d-bdae-b5cd2a3ebf20,965,,"[85.3, 22.1]",3920417,31,,,,,,,,,,,,,,,,,,,,,,,,1,Regular Play,Nene Dorgeles,199653.0,Left Midfield,60,Namibia,4980,"['dca68188-1139-4f3a-ac5b-c7ff38681abf', 'd44e13b3-a424-4438-a366-1a3e136f7f03', '0e1ce664-051e-4ffd-b162-a41915ce2a41']",20,,,,,,,,,,,,,,,,,,Mali,4930,00:31:20.505,Pressure,
,,,,,,,,,,,,,0.984344,,,,,,,,,,,,78b56689-f2cf-4083-9106-0d8d3e14015d,974,,"[9.5, 21.6]",3920417,31,,,,,,,,,,,,,,,,,,,,,,,,1,From Throw In,Aliou Dieng,67714.0,Right Defensive Midfield,61,Namibia,4980,['3e0ad036-9afd-4978-af31-bc89a3d83df4'],45,,,,,,,,,,,,,,,,,,Mali,4930,00:31:45.547,Pressure,
,,,,,,,,,,,,,0.827777,,,,,,,,,,,,04e584c7-db26-4264-8481-334ba138085b,988,,"[6.4, 72.4]",3920417,33,,,,,,,,,,,,,,,,,,,,,,,,1,From Throw In,Fousseni Diabaté,3710.0,Right Midfield,64,Namibia,4980,"['86dec2e6-ade5-4c8e-9e2a-5cea00530b58', 'f03e3b98-1725-4acc-86a2-94b5cfdf5420']",15,,,,,,,,,,,,,,,,,,Mali,4930,00:33:15.073,Pressure,
,,,,,,,,,,,,,0.196765,,,,,,,,,,,,2c72cf67-30ce-4376-834c-9c83a77e0c97,1000,,"[44.4, 70.6]",3920417,33,,,,,,,,,,,,,,,,,,,,,,,,1,From Throw In,Lassine Sinayoko,105182.0,Left Center Forward,65,Namibia,4980,"['89079be6-bdf4-436f-9906-8511be01beda', '3cdabe4b-c632-42f5-8bad-8dc02db0aa19']",46,,,,,,,,,,,,,,,,,,Mali,4930,00:33:46.119,Pressure,
,,,,,,,,,,,,,1.372852,,,,,,,,,,,,5a0341a9-ac63-44e2-a3cf-9d71aea0a4d1,1017,,"[77.2, 68.1]",3920417,34,,,,,,,,,,,,,,,,,,,,,,,,1,From Free Kick,Muzeu Bethuel,389319.0,Right Midfield,66,Mali,4930,['0207c67d-ecca-49d5-bbde-b9f3c8ad5400'],20,,,,,,,,,,,,,,,,,,Namibia,4980,00:34:20.102,Pressure,
,,,,,,,,,,,,,0.679994,,,,,,,,,,,,e4b44be4-4c47-464a-a852-e3fb2479a91b,1018,,"[63.4, 64.9]",3920417,34,,,,,,,,,,,,,,,,,,,,,,,,1,From Free Kick,Ivan Kamberipa,103799.0,Right Back,66,Mali,4930,['3f7200aa-b897-4c56-adf2-cbb02b030129'],22,,,,,,,,,,,,,,,,,,Namibia,4980,00:34:22.248,Pressure,
,,,,,,,,,,,,,0.518988,,,,,,,,,,,,279a81ea-f461-454c-bb6c-410ee54fa4a4,1025,,"[48.6, 74.2]",3920417,34,,,,,,,,,,,,,,,,,,,,,,,,1,From Free Kick,Muzeu Bethuel,389319.0,Right Midfield,66,Mali,4930,"['41c32a20-3f7c-4253-b704-22b8ae6d8a2d', '7734e948-88c6-4239-8d73-c177da0bd144']",26,,,,,,,,,,,,,,,,,,Namibia,4980,00:34:26.414,Pressure,
,,,,,,,,,,,,,0.999993,,,,,,,,,,,,355b8ceb-a873-41f7-a64b-fdbe2ee41d39,1033,,"[50.0, 23.1]",3920417,34,,,,,,,,,,,,,,,,,,,,,,,,1,From Free Kick,Aprocious Petrus,136406.0,Center Defensive Midfield,66,Mali,4930,"['b447e8f0-b509-412e-937f-9c4c676721c0', '05918ae3-65dd-4a77-932a-2f4bdb911274', '948497e1-c15c-4391-a206-b97f767ab11b']",37,,,,,,,,,,,,,,,,,,Namibia,4980,00:34:37.434,Pressure,
,,,,,,,,,,,,,1.439989,,,,,,,,,,,,415dc567-f0c9-44d8-83e8-cb619721a2fc,1039,,"[48.6, 11.0]",3920417,34,,,,,,,,,,,,,,,,,,,,,,,,1,From Free Kick,Riaan Hanamub,65555.0,Left Back,66,Mali,4930,['b13a2f20-12e8-416f-8a01-27578403d018'],39,,,,,,,,,,,,,,,,,,Namibia,4980,00:34:39.683,Pressure,
,,,,,,,,,,,,,0.854077,,,,,,,,,,,,32b0413b-1603-4f7a-a7aa-cd8553c306b4,1040,,"[48.7, 17.4]",3920417,34,,,,,,,,,,,,,,,,,,,,,,,,1,From Free Kick,Prins Menelik Tjiueza,103803.0,Right Center Midfield,66,Mali,4930,['fef139eb-5f32-4fcd-84bb-3d547c2de72d'],40,,,,,,,,,,,,,,,,,,Namibia,4980,00:34:40.903,Pressure,
,,,,,,,,,,,,,0.639994,,,,,,,,,,,,3e63c42d-5ae8-4565-bfba-864710d0934b,1042,,"[48.6, 24.5]",3920417,34,,,,,,,,,,,,,,,,,,,,,,,,1,From Free Kick,Riaan Hanamub,65555.0,Left Back,66,Mali,4930,['911265d4-f0df-464a-9d08-521634fa5223'],42,,,,,,,,,,,,,,,,,,Namibia,4980,00:34:42.298,Pressure,
,,,,,,,,,,,,,0.195827,,,,,,,,,,,,911265d4-f0df-464a-9d08-521634fa5223,1043,,"[71.4, 54.9]",3920417,34,,,,,,,,,,,,,,,,,,,,,,,,1,From Free Kick,Yves Bissouma,4385.0,Left Defensive Midfield,66,Mali,4930,"['fe8a3b21-62c1-4e9a-9761-ee609b14dff1', '3e63c42d-5ae8-4565-bfba-864710d0934b']",42,,,,,,,,,,,,,,,,,,Mali,4930,00:34:42.832,Pressure,True
,,,,,,,,,True,,,,1.370481,,,,,,,,,,,,a376b2a1-2114-44f1-977b-ec7f1be4e943,1048,,"[50.3, 29.9]",3920417,34,,,,,,,,,,,,,,,,,,,,,,,,1,Regular Play,Moussa Diarra,32952.0,Left Back,67,Namibia,4980,['ee84d568-9d36-45e6-9d86-a12643c4c738'],47,,,,,,,,,,,,,,,,,,Mali,4930,00:34:47.098,Pressure,
,,,,,,,,,True,,,,0.759997,,,,,,,,,,,,0d76d69e-b77c-458c-bb9d-dc05ce98b697,1058,,"[113.9, 41.4]",3920417,35,,,,,,,,,,,,,,,,,,,,,,,,1,From Free Kick,Muzeu Bethuel,389319.0,Right Midfield,68,Namibia,4980,"['39ae8007-4ecb-4790-882f-44f8a5cae9ce', 'c655f743-3c89-4263-be7e-77b39ce51d81']",51,,,,,,,,,,,,,,,,,,Namibia,4980,00:35:51.031,Pressure,
,,,,,,,,,,,,,1.986825,,,,,,,,,,,,79fe90d6-574a-4734-bb1e-9f6d82d70aca,1102,,"[90.9, 58.5]",3920417,38,,,,,,,,,,,,,,,,,,,,,,,,1,From Throw In,Muzeu Bethuel,389319.0,Right Midfield,71,Mali,4930,['63b7f0f9-2ac4-4dfe-9803-9b5f9379c1cf'],14,,,,,,,,,,,,,,,,,,Namibia,4980,00:38:14.618,Pressure,
,,,,,,,,,,,,,2.380245,,,,,,,,,,,,3d2b64ea-1a0f-4c77-8ca2-27da06806f0f,1118,,"[21.5, 8.1]",3920417,38,,,,,,,,,,,,,,,,,,,,,,,,1,From Throw In,Riaan Hanamub,65555.0,Left Back,71,Mali,4930,['350b2b97-bcf3-4468-bf1f-23c897b75832'],33,,,,,,,,,,,,,,,,,,Namibia,4980,00:38:33.565,Pressure,
,,,,,,,,,,,,,1.221152,,,,,,,,,,,,dfd8db95-f8bc-4cdd-900e-c0543e7a5ae1,1170,,"[65.3, 73.0]",3920417,39,,,,,,,,,,,,,,,,,,,,,,,,1,From Throw In,Muzeu Bethuel,389319.0,Right Midfield,71,Mali,4930,"['ab1d593e-0a84-473a-ab11-7581b4f75e2d', '25b1d8bd-0ded-4284-9fb1-c189c580f049']",30,,,,,,,,,,,,,,,,,,Namibia,4980,00:39:30.687,Pressure,
,,,,,,,,,,,,,3.367639,,,,,,,,,,,,c840fc76-7f3d-4eba-bcce-17779b28c964,1174,,"[69.0, 65.0]",3920417,39,,,,,,,,,,,,,,,,,,,,,,,,1,From Throw In,Prins Menelik Tjiueza,103803.0,Right Center Midfield,71,Mali,4930,['0b2d026f-b895-4f71-8b35-6691f30177a2'],33,,,,,,,,,,,,,,,,,,Namibia,4980,00:39:33.428,Pressure,
,,,,,,,,,True,,,,0.579032,,,,,,,,,,,,289739e5-7f50-4b11-badd-1ebdfdfa99ad,1204,,"[83.9, 68.1]",3920417,40,,,,,,,,,,,,,,,,,,,,,,,,1,Regular Play,Muzeu Bethuel,389319.0,Right Midfield,73,Mali,4930,"['e74a2a83-f831-4f03-898f-0d07b120ec2c', '33dbe176-9388-460b-9603-3154ee61af8f']",24,,,,,,,,,,,,,,,,,,Namibia,4980,00:40:24.245,Pressure,
,,,,,,,,,,,,,1.100549,,,,,,,,,,,,9546843c-8d31-44c9-ae32-b7bd50b1ed34,1244,,"[9.3, 6.9]",3920417,41,,,,,,,,,,,,,,,,,,,,,,,,1,Regular Play,Riaan Hanamub,65555.0,Left Back,73,Mali,4930,,1,,,,,,,,,,,,,,,,,,Namibia,4980,00:41:01.915,Pressure,
,,,,,,,,,,,,,0.189885,,,,,,,,,,,,3e334a13-bec0-4978-8a8b-7440eecce6b2,1251,,"[65.8, 70.4]",3920417,41,,,,,,,,,,,,,,,,,,,,,,,,1,From Free Kick,Lassine Sinayoko,105182.0,Left Center Forward,74,Namibia,4980,,52,,,,,,,,,,,,,,,,,,Mali,4930,00:41:52.589,Pressure,
,,,,,,,,,,,,,0.178372,,,,,,,,,,,,e6829171-9a41-47b1-a113-48589e926ae7,1265,,"[61.2, 39.3]",3920417,42,,,,,,,,,,,,,,,,,,,,,,,,1,From Throw In,Lassine Sinayoko,105182.0,Left Center Forward,75,Namibia,4980,"['455e5101-6c28-4645-9b52-00b98e0a0e43', '5375da07-1e3b-46e3-b3ca-ce743160b92c']",19,,,,,,,,,,,,,,,,,,Mali,4930,00:42:19.228,Pressure,
,,,,,,,,,True,,,,0.183891,,,,,,,,,,,,7aeba4f9-10c4-422e-9ca9-dc82e29d0952,1278,,"[35.0, 62.6]",3920417,42,,,,,,,,,,,,,,,,,,,,,,,,1,Regular Play,Aliou Dieng,67714.0,Right Defensive Midfield,77,Namibia,4980,,52,,,,,,,,,,,,,,,,,,Mali,4930,00:42:52.962,Pressure,
,,,,,,,,,,,,,0.978631,,,,,,,,,,,,82659920-8b16-4f85-a65d-af64ecddad5a,1339,,"[41.8, 6.4]",3920417,44,,,,,,,,,,,,,,,,,,,,,,,,1,From Throw In,Muzeu Bethuel,389319.0,Right Midfield,79,Mali,4930,"['159e5a6b-e8b7-4a53-b780-b8b49ba2446b', '090ed694-fd02-4dfe-abae-33b9b1d151c0']",50,,,,,,,,,,,,,,,,,,Namibia,4980,00:44:50.512,Pressure,
,,,,,,,,,,,,,0.712331,,,,,,,,,,,,b568f915-b4b6-4f70-90bb-65a185deedcd,1364,,"[47.3, 71.1]",3920417,46,,,,,,,,,,,,,,,,,,,,,,,,1,From Free Kick,Deon Hotto Kavendji,64612.0,Left Midfield,81,Mali,4930,['21fab673-9ead-45d5-8476-bbbf6bd51de3'],0,,,,,,,,,,,,,,,,,,Namibia,4980,00:46:00.959,Pressure,
,,,,,,,,,True,,,,0.568215,,,,,,,,,,,,11641bd1-ee9b-46e2-95a3-9a1f30550c41,1368,,"[70.4, 14.1]",3920417,46,,,,,,,,,,,,,,,,,,,,,,,,1,Regular Play,Nene Dorgeles,199653.0,Left Midfield,82,Namibia,4980,['e1021707-b88f-4612-a877-356fefa70845'],3,,,,,,,,,,,,,,,,,,Mali,4930,00:46:03.465,Pressure,
,,,,,,,,,,,,,0.709476,,,,,,,,,,,,f832f904-5ee8-407c-805a-9018b11be250,1376,,"[20.8, 19.0]",3920417,47,,,,,,,,,,,,,,,,,,,,,,,,1,From Free Kick,Sikou Niakate,7295.0,Left Center Back,83,Namibia,4980,['ecfff09f-0025-4f47-9ffd-856fc11cbdd8'],1,,,,,,,,,,,,,,,,,,Mali,4930,00:47:01.821,Pressure,
,,,,,,,,,True,,,,0.578254,,,,,,,,,,,,79bf2a2e-1be4-44ff-b9ce-f467151fe35c,1391,,"[91.1, 26.7]",3920417,48,,,,,,,,,,,,,,,,,,,,,,,,1,From Corner,Deon Hotto Kavendji,64612.0,Left Midfield,85,Namibia,4980,"['45806451-81f0-4e6f-b79c-2b1236b42037', 'b1a9b96d-cca4-4903-bdd4-e1da9b0e6522']",53,,,,,,,,,,,,,,,,,,Namibia,4980,00:48:53.294,Pressure,
,,,,,,,,,True,,,,0.72426,,,,,,,,,,,,49912920-bbd2-444d-ac05-424ee822aea2,1411,,"[61.1, 28.8]",3920417,45,,,,,,,,,,,,,,,,,,,,,,,,2,Regular Play,Aprocious Petrus,136406.0,Center Defensive Midfield,87,Mali,4930,"['9819e59c-734b-4eb5-9e30-deb24309476b', 'faa17eae-562d-449d-89ca-a231fea3a850']",14,,,,,,,,,,,,,,,,,,Namibia,4980,00:00:14.191,Pressure,
,,,,,,,,,True,,,,0.97405,,,,,,,,,,,,057a65fa-e1ae-476e-9a0c-3c40d20585fe,1417,,"[55.7, 55.2]",3920417,45,,,,,,,,,,,,,,,,,,,,,,,,2,Regular Play,Fousseni Diabaté,3710.0,Right Midfield,87,Mali,4930,['99b522e3-6ae2-4350-ae55-67603e74a7c3'],16,,,,,,,,,,,,,,,,,,Mali,4930,00:00:16.506,Pressure,
,,,,,,,,,True,,,,0.197146,,,,,,,,,,,,c2670517-badb-4f4d-8e61-bb5eae33f6d7,1438,,"[37.3, 8.8]",3920417,46,,,,,,,,,,,,,,,,,,,,,,,,2,Regular Play,Nene Dorgeles,199653.0,Left Midfield,88,Namibia,4980,['867e85f4-17f2-47d7-be26-5fb92ca06f2e'],16,,,,,,,,,,,,,,,,,,Mali,4930,00:01:16.287,Pressure,
,,,,,,,,,,,,,0.19703,,,,,,,,,,,,5adb2a03-0fd9-4ee0-b09b-819f62529c4e,1452,,"[70.7, 59.2]",3920417,46,,,,,,,,,,,,,,,,,,,,,,,,2,Regular Play,Lassine Sinayoko,105182.0,Left Center Forward,88,Namibia,4980,"['118b9705-9349-4cae-be69-c401e4904a49', 'a48d8611-bd08-4470-b6d4-8e2839903a38']",29,,,,,,,,,,,,,,,,,,Mali,4930,00:01:29.987,Pressure,
,,,,,,,,,True,,,,0.190754,,,,,,,,,,,,afd8bd87-4c14-4c8a-b62d-d36707996665,1472,,"[56.2, 23.1]",3920417,47,,,,,,,,,,,,,,,,,,,,,,,,2,Regular Play,Nene Dorgeles,199653.0,Left Midfield,91,Namibia,4980,['b61121a3-7881-48b6-b6bf-083f184c0936'],9,,,,,,,,,,,,,,,,,,Mali,4930,00:02:09.558,Pressure,
,,,,,,,,,True,,,,0.395917,,,,,,,,,,,,7f0507aa-a249-44fb-b54d-78cad03b485f,1482,,"[78.7, 75.8]",3920417,47,,,,,,,,,,,,,,,,,,,,,,,,2,Regular Play,Muzeu Bethuel,389319.0,Right Midfield,92,Mali,4930,"['ea8f3d6b-37e6-42e5-a2f3-0bbccf8173f5', 'cf61f4de-b21d-41e1-b0d0-1292fa151ef9']",21,,,,,,,,,,,,,,,,,,Namibia,4980,00:02:21.010,Pressure,
,,,,,,,,,,,,,0.733165,,,,,,,,,,,,31ae23fb-e0b8-4d18-a18f-81ded287459b,1507,,"[69.2, 49.5]",3920417,48,,,,,,,,,,,,,,,,,,,,,,,,2,From Throw In,Aprocious Petrus,136406.0,Center Defensive Midfield,93,Mali,4930,"['f51c4810-04ed-491d-8663-96916c8dfa23', '3f949506-8269-43ea-8bca-9c4531ca3f33', '8de1619b-0db1-4972-ad39-84bdc0002675']",6,,,,,,,,,,,,,,,,,,Namibia,4980,00:03:06.091,Pressure,
,,,,,,,,,True,,,,0.582918,,,,,,,,,,,,fa41cc26-6a1d-4d23-898d-fd6d8a3d9e45,1513,,"[38.7, 27.7]",3920417,48,,,,,,,,,,,,,,,,,,,,,,,,2,Regular Play,Yves Bissouma,4385.0,Left Defensive Midfield,94,Namibia,4980,"['efe60bba-3af1-47c6-885d-b71d6badb2f2', '3077cd9f-20da-45ef-8e9b-9916f5140969']",7,,,,,,,,,,,,,,,,,,Mali,4930,00:03:07.846,Pressure,
,,,,,,,,,,,,,1.331311,,,,,,,,,,,,c0c6a4a3-6a71-4a40-aee8-8fe0fe432529,1536,,"[110.6, 10.2]",3920417,48,,,,,,,,,,,,,,,,,,,,,,,,2,Regular Play,Deon Hotto Kavendji,64612.0,Left Midfield,94,Namibia,4980,"['1c5646bd-735c-4d6a-8063-d9a0e1ac7f1b', '8bb753ec-ae55-498c-8627-8fe468ef7ff1', 'dc6b3765-6806-4ed5-879e-b61cdb6f0b2d']",32,,,,,,,,,,,,,,,,,,Namibia,4980,00:03:32.163,Pressure,
,,,,,,,,,,,,,1.098916,,,,,,,,,,,,b58fd17f-d01a-4acc-bc13-40e8b3c2a0f7,1545,,"[97.8, 7.6]",3920417,49,,,,,,,,,,,,,,,,,,,,,,,,2,From Throw In,Peter Shalulile,65723.0,Center Forward,95,Mali,4930,['22033e76-43a2-417e-a4b6-573fc3984521'],0,,,,,,,,,,,,,,,,,,Namibia,4980,00:04:00.934,Pressure,
,,,,,,,,,,,,,0.584374,,,,,,,,,,,,37e72fa7-b4ca-4807-b705-a50cc1fbca21,1571,,"[27.9, 17.7]",3920417,49,,,,,,,,,,,,,,,,,,,,,,,,2,From Throw In,Riaan Hanamub,65555.0,Left Back,97,Mali,4930,,59,,,,,,,,,,,,,,,,,,Namibia,4980,00:04:59.281,Pressure,
,,,,,,,,,,,,,0.204746,,,,,,,,,,,,68a49018-8077-4042-80be-f74f8e7b61fe,1601,,"[18.6, 72.0]",3920417,52,,,,,,,,,,,,,,,,,,,,,,,,2,From Throw In,Fousseni Diabaté,3710.0,Right Midfield,101,Namibia,4980,['d4293043-1b3e-4063-ae07-344ebc6d9578'],23,,,,,,,,,,,,,,,,,,Mali,4930,00:07:23.649,Pressure,
,,,,,,,,,,,,,0.041985,,,,,,,,,,,,e7d009da-aa83-461b-8cd1-c2e54aa6796c,1605,,"[25.4, 76.4]",3920417,52,,,,,,,,,,,,,,,,,,,,,,,,2,From Throw In,Fousseni Diabaté,3710.0,Right Midfield,101,Namibia,4980,['ee78ea0e-b5d7-4860-914f-7ebe44bb8800'],25,,,,,,,,,,,,,,,,,,Mali,4930,00:07:25.158,Pressure,
,,,,,,,,,,,,,0.207231,,,,,,,,,,,,744d0dec-812e-41d5-ba24-2dc8821e2dd2,1610,,"[25.0, 76.3]",3920417,52,,,,,,,,,,,,,,,,,,,,,,,,2,From Throw In,Fousseni Diabaté,3710.0,Right Midfield,101,Namibia,4980,['e319d14f-6e9c-485a-b472-97207fb1fdd5'],27,,,,,,,,,,,,,,,,,,Mali,4930,00:07:27.239,Pressure,
,,,,,,,,,,,,,0.97437,,,,,,,,,,,,49e48c35-5c44-4e02-bb1d-825ec5af2cd1,1660,,"[4.0, 15.5]",3920417,54,,,,,,,,,,,,,,,,,,,,,,,,2,From Corner,Kamory Doumbia,162132.0,Right Center Forward,106,Namibia,4980,['f8981d8c-9cee-4c55-87f4-7ac4dcbf69d8'],43,,,,,,,,,,,,,,,,,,Mali,4930,00:09:43.614,Pressure,
,,,,,,,,,,,,,0.980372,,,,,,,,,,,,f92bd438-2be3-4ab9-91de-d1f7c1ce74a8,1664,,"[16.7, 6.3]",3920417,54,,,,,,,,,,,,,,,,,,,,,,,,2,From Corner,Fousseni Diabaté,3710.0,Right Midfield,106,Namibia,4980,"['18fc29b9-d8f9-4acc-9d90-9f34f039c840', '90abe76a-efdd-45ae-8666-63c8fcb114a8']",47,,,,,,,,,,,,,,,,,,Mali,4930,00:09:47.514,Pressure,
,,,,,,,,,,,,,1.09245,,,,,,,,,,,,05c7eea1-5708-44ad-912f-5000d600f493,1673,,"[87.9, 79.6]",3920417,55,,,,,,,,,,,,,,,,,,,,,,,,2,From Throw In,Muzeu Bethuel,389319.0,Right Midfield,107,Mali,4930,"['5662f3ba-3e3e-47bc-96cf-99b90af010a5', 'ebf29c14-2d4f-4ccb-b9a2-a04258b4c84d', 'b75bb4d0-62a0-4930-847d-2e058842e151']",15,,,,,,,,,,,,,,,,,,Namibia,4980,00:10:15.670,Pressure,
,,,,,,,,,,,,,1.418274,,,,,,,,,,,,c65989de-12fb-4e83-8da2-e9205a8cdd0b,1685,,"[42.0, 75.1]",3920417,55,,,,,,,,,,,,,,,,,,,,,,,,2,From Throw In,Kennedy Amutenya,264381.0,Right Center Back,107,Mali,4930,"['71d9d6df-1cea-44b4-83fd-8cb697a774d9', 'e60e6c4e-9b84-4469-a641-c762c32ad1e2']",24,,,,,,,,,,,,,,,,,,Namibia,4980,00:10:24.814,Pressure,
,,,,,,,,,True,,,,0.465072,,,,,,,,,,,,68473c5f-ee00-4ada-b30b-8daf50bb08d8,1693,,"[110.6, 36.4]",3920417,55,,,,,,,,,,,,,,,,,,,,,,,,2,From Throw In,Nene Dorgeles,199653.0,Left Midfield,107,Mali,4930,"['a7ed2f94-b403-4ee4-84ed-d72db1c14428', '0de27e88-2fbc-4d4a-953c-bbb65a908445', '009d7f13-859d-44b7-b212-831814e86345']",30,,,,,,,,,,,,,,,,,,Mali,4930,00:10:30.155,Pressure,
,,,,,,,,,True,,,,0.84133,,,,,,,,,,,,fd70adbe-9140-4b6d-b47e-8af4d4bac257,1714,,"[67.0, 5.2]",3920417,56,,,,,,,,,,,,,,,,,,,,,,,,2,Regular Play,Deon Hotto Kavendji,64612.0,Left Midfield,110,Mali,4930,"['df294722-d832-4f35-81d6-99f63f3724ee', '7bad2176-ac16-47ec-a26e-63127c5a8e11']",13,,,,,,,,,,,,,,,,,,Namibia,4980,00:11:13.703,Pressure,
,,,,,,,,,,,,,1.159991,,,,,,,,,,,,794ab996-5849-46ac-83d9-9c1340bd62ed,1721,,"[38.7, 11.0]",3920417,56,,,,,,,,,,,,,,,,,,,,,,,,2,From Throw In,Prins Menelik Tjiueza,103803.0,Right Center Midfield,111,Mali,4930,"['01137e88-5cfd-4d55-8b6d-427aa6e88eb6', 'e6d379df-e2f6-4e06-a336-9f9761c31e28']",33,,,,,,,,,,,,,,,,,,Namibia,4980,00:11:33.787,Pressure,
,,,,,,,,,,,,,0.709871,,,,,,,,,,,,810780cb-dae8-4df5-b8fc-45f1edf59d93,1723,,"[114.7, 70.8]",3920417,56,,,,,,,,,,,,,,,,,,,,,,,,2,From Throw In,Hamari Traoré,3248.0,Right Back,111,Mali,4930,['258bc6b5-4e53-41ad-a945-3a15c40877d9'],38,,,,,,,,,,,,,,,,,,Mali,4930,00:11:38.236,Pressure,
,,,,,,,,,,,,,0.718066,,,,,,,,,,,,0a7d483d-56d6-4db3-ad34-8f5180ab7043,1751,,"[8.2, 67.7]",3920417,58,,,,,,,,,,,,,,,,,,,,,,,,2,From Throw In,Boubakar Kouyate,23331.0,Right Center Back,114,Namibia,4980,"['36cd378c-1eaa-4bee-8c40-930f1b186f1c', '17425905-4d04-4d9d-ba69-aa8761708a3c']",32,,,,,,,,,,,,,,,,,,Mali,4930,00:13:32.379,Pressure,
,,,,,,,,,,,,,0.981719,,,,,,,,,,,,afaf092a-fa9c-42bc-8061-a7380b7e1265,1754,,"[11.4, 70.8]",3920417,58,,,,,,,,,,,,,,,,,,,,,,,,2,From Throw In,Hamari Traoré,3248.0,Right Back,114,Namibia,4980,['17425905-4d04-4d9d-ba69-aa8761708a3c'],33,,,,,,,,,,,,,,,,,,Mali,4930,00:13:33.610,Pressure,
,,,,,,,,,,,,,0.195325,,,,,,,,,,,,636c754f-ea14-438c-bf29-88dd29897bb3,1758,,"[20.4, 74.2]",3920417,58,,,,,,,,,,,,,,,,,,,,,,,,2,From Throw In,Nene Dorgeles,199653.0,Right Wing,114,Namibia,4980,['c69b8dd5-ae56-4468-8398-ab7bd4224b25'],39,,,,,,,,,,,,,,,,,,Mali,4930,00:13:39.944,Pressure,
,,,,,,,,,,,,,1.960921,,,,,,,,,,,,1b3ac5f6-973c-41a6-8fe5-fc1958010918,1760,,"[35.4, 6.1]",3920417,58,,,,,,,,,,,,,,,,,,,,,,,,2,From Throw In,Fousseni Diabaté,3710.0,Left Wing,114,Namibia,4980,,44,,,,,,,,,,,,,,,,,,Mali,4930,00:13:44.183,Pressure,
,,,,,,,,,,,,,0.83333,,,,,,,,,,,,859a7e64-1e40-48dc-b8bb-d9d0a034c42f,1766,,"[18.6, 7.5]",3920417,58,,,,,,,,,,,,,,,,,,,,,,,,2,From Throw In,Moussa Diarra,32952.0,Left Back,115,Namibia,4980,"['306fcbd8-aa30-4530-93c2-c75c65910069', 'b0e5e7a4-1780-412e-803f-49f456ed315c']",59,,,,,,,,,,,,,,,,,,Mali,4930,00:13:59.244,Pressure,
,,,,,,,,,,,,,0.204799,,,,,,,,,,,,cdd7ed5a-a7c2-4f38-a604-32e4b6625ef4,1773,,"[6.5, 13.3]",3920417,59,,,,,,,,,,,,,,,,,,,,,,,,2,From Throw In,Moussa Diarra,32952.0,Left Back,116,Namibia,4980,,21,,,,,,,,,,,,,,,,,,Mali,4930,00:14:21.892,Pressure,
,,,,,,,,,,,,,0.835076,,,,,,,,,,,,eef8b983-d43b-4ae4-8f76-36a2b952769c,1795,,"[108.7, 55.7]",3920417,59,,,,,,,,,,,,,,,,,,,,,,,,2,From Throw In,Prins Menelik Tjiueza,103803.0,Right Center Midfield,116,Namibia,4980,"['db2d6fd4-dcd3-45e5-8f9d-c35d07ffdeb3', 'fcf3b4dd-8b19-43af-90cd-47abb911187d']",36,,,,,,,,,,,,,,,,,,Namibia,4980,00:14:36.302,Pressure,
,,,,,,,,,,,,,0.461559,,,,,,,,,,,,83f05bcb-17f3-45b6-b207-b55b4388c13e,1808,,"[79.2, 53.3]",3920417,59,,,,,,,,,,,,,,,,,,,,,,,,2,Regular Play,Nene Dorgeles,199653.0,Right Wing,117,Mali,4930,"['1860089e-3286-45aa-b064-2402d63fbce9', '4027dc20-bfec-4d4e-bb7b-5e209c73afb1']",46,,,,,,,,,,,,,,,,,,Mali,4930,00:14:46.526,Pressure,
,,,,,,,,,,,,,0.838723,,,,,,,,,,,,c3bea431-e046-4b81-8c2d-9583dfa98bb3,1815,,"[25.0, 16.3]",3920417,60,,,,,,,,,,,,,,,,,,,,,,,,2,From Free Kick,Moussa Diarra,32952.0,Left Back,119,Namibia,4980,,23,,,,,,,,,,,,,,,,,,Mali,4930,00:15:23.300,Pressure,
,,,,,,,,,True,,,,1.159991,,,,,,,,,,,,155c4dd0-3eff-4aaf-923d-79ab3c433f68,1819,,"[92.0, 75.9]",3920417,60,,,,,,,,,,,,,,,,,,,,,,,,2,From Free Kick,Muzeu Bethuel,389319.0,Right Midfield,119,Namibia,4980,['0890e994-283b-4a7e-810f-5f189bc54173'],27,,,,,,,,,,,,,,,,,,Namibia,4980,00:15:27.385,Pressure,
,,,,,,,,,,,,,1.886458,,,,,,,,,,,,c252f522-1475-4b3a-921b-2bcaee0170ea,1822,,"[8.6, 15.3]",3920417,60,,,,,,,,,,,,,,,,,,,,,,,,2,From Throw In,Moussa Diarra,32952.0,Left Back,120,Namibia,4980,"['e00dd6f9-b140-4c4b-9913-9dfe99006b6e', 'c1fc4f80-6ad5-476e-8c5b-5bab65523c15']",55,,,,,,,,,,,,,,,,,,Mali,4930,00:15:55.363,Pressure,
,,,,,,,,,,,,,0.84565,,,,,,,,,,,,469cf957-0f9e-486a-a9bf-17748060bb99,1829,,"[8.6, 16.6]",3920417,61,,,,,,,,,,,,,,,,,,,,,,,,2,From Throw In,Moussa Diarra,32952.0,Left Back,121,Namibia,4980,"['b12593eb-ef7e-4723-8657-80f674294819', '2d55200d-0842-4da8-ab34-c4799c75ddcd']",17,,,,,,,,,,,,,,,,,,Mali,4930,00:16:17.479,Pressure,
,,,,,,,,,,,,,0.183208,,,,,,,,,,,,35c81851-60a3-4c8b-bef4-3c970b89e344,1836,,"[21.7, 11.4]",3920417,61,,,,,,,,,,,,,,,,,,,,,,,,2,From Throw In,Kamory Doumbia,162132.0,Center Attacking Midfield,121,Namibia,4980,,22,,,,,,,,,,,,,,,,,,Mali,4930,00:16:22.070,Pressure,
,,,,,,,,,,,,,0.326936,,,,,,,,,,,,4debd181-d3cf-41ea-9374-ce7725697fe8,1869,,"[42.6, 18.9]",3920417,61,,,,,,,,,,,,,,,,,,,,,,,,2,From Throw In,Yves Bissouma,4385.0,Left Defensive Midfield,121,Namibia,4980,['5aaeabdc-2325-4333-9336-138c629f2bea'],49,,,,,,,,,,,,,,,,,,Mali,4930,00:16:49.434,Pressure,
,,,,,,,,,,,,,0.759995,,,,,,,,,,,,9228785f-d389-4200-87a7-f4505b4254e1,1877,,"[67.8, 48.2]",3920417,61,,,,,,,,,,,,,,,,,,,,,,,,2,From Throw In,Muzeu Bethuel,389319.0,Right Midfield,121,Namibia,4980,"['402ca133-9284-4999-bc59-bb3981946559', '3d088fe6-21ef-4861-a51c-a1c4f8b643a9', 'ad7d7f08-21c5-42e3-bb2a-3c0b5714e5f9']",53,,,,,,,,,,,,,,,,,,Namibia,4980,00:16:53.802,Pressure,
,,,,,,,,,True,,,,1.098013,,,,,,,,,,,,172492ae-15dd-488c-b2e3-607b4e2691a8,1882,,"[69.7, 56.0]",3920417,61,,,,,,,,,,,,,,,,,,,,,,,,2,Regular Play,Prins Menelik Tjiueza,103803.0,Right Center Midfield,122,Mali,4930,"['4f8820a5-95d3-4a9b-9450-cb70025e2f80', '1869cf36-4119-4b3e-ba5d-2e4d9037ad15', '530e546e-c974-4178-9cfb-e71d4cfe6ef5']",55,,,,,,,,,,,,,,,,,,Namibia,4980,00:16:55.015,Pressure,
,,,,,,,,,True,,,,1.374512,,,,,,,,,,,,c2ce32fa-48af-4465-b680-7110f03009ca,1886,,"[64.2, 58.8]",3920417,61,,,,,,,,,,,,,,,,,,,,,,,,2,Regular Play,Aprocious Petrus,136406.0,Center Defensive Midfield,122,Mali,4930,"['052a3b77-83ce-47b7-831b-13e85a9b3e1e', 'f6f1880f-8820-4e67-8d76-1953db1eee60', 'fa91af9a-6ba9-4f49-9029-5123467cf16e']",56,,,,,,,,,,,,,,,,,,Namibia,4980,00:16:56.267,Pressure,
,,,,,,,,,,,,,1.751033,,,,,,,,,,,,47421557-2482-42d5-b663-56b0dabdccc8,1892,,"[77.3, 73.5]",3920417,61,,,,,,,,,,,,,,,,,,,,,,,,2,Regular Play,Prins Menelik Tjiueza,103803.0,Right Center Midfield,122,Mali,4930,['265d7b0f-487a-4e49-bf6c-e581fa864021'],59,,,,,,,,,,,,,,,,,,Namibia,4980,00:16:59.076,Pressure,
,,,,,,,,,,,,,1.094232,,,,,,,,,,,,518f3ea5-6bce-402d-92bf-0b1eda9792b2,1902,,"[16.5, 36.3]",3920417,62,,,,,,,,,,,,,,,,,,,,,,,,2,Regular Play,Boubakar Kouyate,23331.0,Right Center Back,123,Namibia,4980,"['530cdea0-8a3a-40c4-9482-7e87a138ec16', '4121fa99-c827-4965-9c48-98d34f2d398b']",7,,,,,,,,,,,,,,,,,,Mali,4930,00:17:07.576,Pressure,
,,,,,,,,,True,,,,0.053666,,,,,,,,,,,,770eaf5e-253f-4050-b68c-d8a49f000306,1911,,"[69.8, 61.7]",3920417,62,,,,,,,,,,,,,,,,,,,,,,,,2,From Goal Kick,Ibrahim Sissoko,8992.0,Center Forward,124,Mali,4930,['b94ed312-9337-49f6-b883-34ea030eafae'],49,,,,,,,,,,,,,,,,,,Mali,4930,00:17:49.103,Pressure,
,,,,,,,,,,,,,6.305122,,,,,,,,,,,,a1f733f1-2f16-4ba2-9bb2-05a6b55fbe9e,1933,,"[69.2, 20.9]",3920417,63,,,,,,,,,,,,,,,,,,,,,,,,2,From Free Kick,Prins Menelik Tjiueza,103803.0,Right Center Midfield,126,Mali,4930,"['6c5f7cc5-eac5-48b2-87d2-72e45647c05e', 'dd501616-96d9-466f-a2b7-7e40587537c8', '979c9543-3b32-4971-a968-15bdd0110f9d']",56,,,,,,,,,,,,,,,,,,Namibia,4980,00:18:56.274,Pressure,
,,,,,,,,,,,,,1.009932,,,,,,,,,,,,ea5db05d-fd94-46c5-8b7e-d24745c2ccba,1948,,"[24.7, 69.9]",3920417,64,,,,,,,,,,,,,,,,,,,,,,,,2,From Free Kick,Kennedy Amutenya,264381.0,Right Center Back,126,Mali,4930,['1b92ba74-bce3-4769-912b-277e9f37bf41'],11,,,,,,,,,,,,,,,,,,Namibia,4980,00:19:11.861,Pressure,
,,,,,,,,,,,,,1.111227,,,,,,,,,,,,0d12057a-dd3e-4fe2-940e-45ef4294c15c,1952,,"[20.9, 61.8]",3920417,64,,,,,,,,,,,,,,,,,,,,,,,,2,From Free Kick,Aprocious Petrus,136406.0,Center Defensive Midfield,126,Mali,4930,['0dd5efba-7fc7-4021-b955-577bfde4823a'],13,,,,,,,,,,,,,,,,,,Namibia,4980,00:19:13.285,Pressure,
,,,,,,,,,,,,,1.105934,,,,,,,,,,,,7f3e42ec-50a9-42c9-aa96-21aaff18b870,1953,,"[20.4, 64.1]",3920417,64,,,,,,,,,,,,,,,,,,,,,,,,2,From Free Kick,Ivan Kamberipa,103799.0,Right Back,126,Mali,4930,['662bff69-7442-4fcf-bfa6-0f23adaa4b4c'],14,,,,,,,,,,,,,,,,,,Namibia,4980,00:19:14.620,Pressure,
,,,,,,,,,,,,,0.587594,,,,,,,,,,,,f73104bd-4590-42a3-9d72-6489fa230d27,1961,,"[54.7, 77.7]",3920417,64,,,,,,,,,,,,,,,,,,,,,,,,2,From Goal Kick,Ivan Kamberipa,103799.0,Right Back,127,Namibia,4980,,59,,,,,,,,,,,,,,,,,,Namibia,4980,00:19:59.465,Pressure,
,,,,,,,,,,,,,0.461204,,,,,,,,,,,,1e491937-550e-403f-a9c9-5961c73b8008,1968,,"[31.5, 12.7]",3920417,65,,,,,,,,,,,,,,,,,,,,,,,,2,From Throw In,Moussa Diarra,32952.0,Left Back,128,Namibia,4980,['111ee88c-c3ff-42b6-ab48-9d8aa4523f19'],28,,,,,,,,,,,,,,,,,,Mali,4930,00:20:28.194,Pressure,
,,,,,,,,,,,,,0.559998,,,,,,,,,,,,8ad8f8a6-d338-4624-b5dd-d67e25fbf6c2,2012,,"[32.6, 77.9]",3920417,66,,,,,,,,,,,,,,,,,,,,,,,,2,From Keeper,Muzeu Bethuel,389319.0,Right Midfield,129,Mali,4930,"['dbcace9d-17ab-4fe2-a6ce-5c8aa3ecd19f', '0b031d0e-6b4e-42d4-be36-ce1e3570d673']",9,,,,,,,,,,,,,,,,,,Namibia,4980,00:21:09.769,Pressure,
,,,,,,,,,,,,,1.159993,,,,,,,,,,,,e45fab9f-a9e6-492a-92c3-3d87af6edf50,2016,,"[39.8, 75.9]",3920417,66,,,,,,,,,,,,,,,,,,,,,,,,2,From Keeper,Prins Menelik Tjiueza,103803.0,Right Center Midfield,129,Mali,4930,['a823b0b3-f796-460c-956f-47ab50d53353'],11,,,,,,,,,,,,,,,,,,Namibia,4980,00:21:11.082,Pressure,
,,,,,,,,,True,,,,0.184535,,,,,,,,,,,,955d8467-9115-4490-a2a8-739ed2ce870b,2033,,"[54.2, 72.4]",3920417,66,,,,,,,,,,,,,,,,,,,,,,,,2,From Keeper,Nene Dorgeles,199653.0,Right Wing,129,Mali,4930,"['8d38daaa-3ecd-400c-b145-e2493379f99f', '3bb1ad2d-2452-4af4-949f-c85e1785e94b']",28,,,,,,,,,,,,,,,,,,Mali,4930,00:21:28.961,Pressure,
,,,,,,,,,,,,,0.799994,,,,,,,,,,,,c8513d13-9af3-44c3-8478-a0cc1b2f7be9,2051,,"[52.5, 79.5]",3920417,66,,,,,,,,,,,,,,,,,,,,,,,,2,From Keeper,Ivan Kamberipa,103799.0,Right Back,129,Mali,4930,['ec5eedcb-ee47-4349-8788-a89a4bf1c461'],46,,,,,,,,,,,,,,,,,,Namibia,4980,00:21:46.979,Pressure,
,,,,,,,,,,,,,0.919996,,,,,,,,,,,,014bb07c-09e7-4aa7-ae6e-8a04b9137a15,2052,,"[52.2, 75.1]",3920417,66,,,,,,,,,,,,,,,,,,,,,,,,2,From Keeper,Muzeu Bethuel,389319.0,Right Midfield,129,Mali,4930,['f8edf317-3429-478b-bc62-b392327aabcd'],48,,,,,,,,,,,,,,,,,,Namibia,4980,00:21:48.179,Pressure,
,,,,,,,,,True,,,,0.98399,,,,,,,,,,,,1d14de41-3da1-4c5c-b497-8ba6697a703a,2060,,"[103.2, 74.9]",3920417,66,,,,,,,,,,,,,,,,,,,,,,,,2,From Keeper,Nene Dorgeles,199653.0,Right Wing,129,Mali,4930,['e846125a-830f-4372-bf5d-5462a165a564'],58,,,,,,,,,,,,,,,,,,Mali,4930,00:21:58.415,Pressure,
,,,,,,,,,,,,,0.479997,,,,,,,,,,,,c495e21d-7a07-4b7a-b015-051b8e484037,2073,,"[72.8, 25.4]",3920417,68,,,,,,,,,,,,,,,,,,,,,,,,2,From Free Kick,Prins Menelik Tjiueza,103803.0,Right Center Midfield,130,Namibia,4980,['acf7dd01-1f1b-479a-947f-7dff2aa351c7'],8,,,,,,,,,,,,,,,,,,Namibia,4980,00:23:08.097,Pressure,
,,,,,,,,,True,,,,0.799995,,,,,,,,,,,,1b247dbb-2be3-432f-904f-c01d1c40e0cb,2081,,"[74.1, 19.6]",3920417,68,,,,,,,,,,,,,,,,,,,,,,,,2,Regular Play,Prins Menelik Tjiueza,103803.0,Right Center Midfield,131,Mali,4930,['0d077ef6-5e2a-41fd-a07f-548b8128537c'],11,,,,,,,,,,,,,,,,,,Namibia,4980,00:23:11.163,Pressure,
,,,,,,,,,,,,,1.120127,,,,,,,,,,,,b48d4535-aeb6-4ffe-844d-9f94da515b2d,2086,,"[70.8, 6.2]",3920417,68,,,,,,,,,,,,,,,,,,,,,,,,2,Regular Play,Prins Menelik Tjiueza,103803.0,Right Center Midfield,131,Mali,4930,"['a3575ba3-ff4c-496e-900a-663fa7f91f4c', '56f0f3ae-b883-4552-8cf4-d30237ba7ade']",15,,,,,,,,,,,,,,,,,,Namibia,4980,00:23:15.874,Pressure,
,,,,,,,,,,,,,1.618953,,,,,,,,,,,,3b2bc8ca-74a4-4560-99e8-7882d9b80d19,2090,,"[55.7, 13.9]",3920417,68,,,,,,,,,,,,,,,,,,,,,,,,2,Regular Play,Ngero Kaanjuka Katua,389316.0,Left Center Midfield,131,Mali,4930,"['82457f65-c41a-44c1-936c-89bd02481bf9', '47273049-1406-4e01-a2aa-fe020020f030']",17,,,,,,,,,,,,,,,,,,Namibia,4980,00:23:17.310,Pressure,
,,,,,,,,,,,,,0.847321,,,,,,,,,,,,94be47d4-8a22-45a3-a257-dd9a24ee07e1,2091,,"[55.3, 12.0]",3920417,68,,,,,,,,,,,,,,,,,,,,,,,,2,Regular Play,Aprocious Petrus,136406.0,Center Defensive Midfield,131,Mali,4930,['82457f65-c41a-44c1-936c-89bd02481bf9'],18,,,,,,,,,,,,,,,,,,Namibia,4980,00:23:18.036,Pressure,
,,,,,,,,,,,,,0.981018,,,,,,,,,,,,cf7cf1e5-46b8-420a-9c8d-d9017a2e5a7e,2106,,"[7.0, 60.6]",3920417,69,,,,,,,,,,,,,,,,,,,,,,,,2,From Throw In,Ivan Kamberipa,103799.0,Right Back,133,Mali,4930,['64158618-0b62-465c-a4e0-df086f4c5b48'],5,,,,,,,,,,,,,,,,,,Namibia,4980,00:24:05.212,Pressure,
,,,,,,,,,True,,,,0.31286,,,,,,,,,,,,c8d18854-9bd6-49bd-b490-50037aad2a38,2115,,"[84.4, 58.4]",3920417,69,,,,,,,,,,,,,,,,,,,,,,,,2,From Throw In,Hamari Traoré,3248.0,Right Back,133,Mali,4930,['70090fb3-200c-4e0e-8068-50e52b04d87d'],11,,,,,,,,,,,,,,,,,,Mali,4930,00:24:11.212,Pressure,
,,,,,,,,,,,,,1.901663,,,,,,,,,,,,229dab09-5147-4937-a9b5-22dc90cd1725,2139,,"[63.5, 20.7]",3920417,71,,,,,,,,,,,,,,,,,,,,,,,,2,From Throw In,Peter Shalulile,65723.0,Center Forward,136,Mali,4930,"['513980a9-b42f-4d1e-a3c7-78d1388ef00b', 'f8bb14a8-2252-4c9a-8c53-bdda3b67a0a3']",19,,,,,,,,,,,,,,,,,,Namibia,4980,00:26:19.910,Pressure,
,,,,,,,,,,,,,0.970989,,,,,,,,,,,,5f44e0ec-ff49-4327-ba7d-bd5621a53cb6,2142,,"[55.6, 45.7]",3920417,71,,,,,,,,,,,,,,,,,,,,,,,,2,From Throw In,Prins Menelik Tjiueza,103803.0,Right Center Midfield,136,Mali,4930,"['513980a9-b42f-4d1e-a3c7-78d1388ef00b', '447ca4e0-e93e-457f-86b7-75b3d3d51c0b']",23,,,,,,,,,,,,,,,,,,Namibia,4980,00:26:23.817,Pressure,
,,,,,,,,,True,,,,0.208349,,,,,,,,,,,,b5f4ecc1-7fd4-4621-8c7c-f1612a85a985,2153,,"[104.7, 69.6]",3920417,71,,,,,,,,,,,,,,,,,,,,,,,,2,From Throw In,Fousseni Diabaté,3710.0,Right Wing,136,Mali,4930,['2f7e09a2-b254-49ad-bf25-3c2ca2633172'],32,,,,,,,,,,,,,,,,,,Mali,4930,00:26:32.377,Pressure,
,,,,,,,,,,,,,0.840012,,,,,,,,,,,,2c008590-b037-48fa-879a-48a179c40608,2155,,"[94.1, 57.7]",3920417,71,,,,,,,,,,,,,,,,,,,,,,,,2,From Throw In,Peter Shalulile,65723.0,Center Forward,136,Mali,4930,,39,,,,,,,,,,,,,,,,,,Namibia,4980,00:26:39.686,Pressure,
,,,,,,,,,True,,,,0.322469,,,,,,,,,,,,fa257352-84e1-40c9-a5a9-bc85b96840b6,2170,,"[69.9, 18.1]",3920417,71,,,,,,,,,,,,,,,,,,,,,,,,2,From Throw In,Kamory Doumbia,162132.0,Center Attacking Midfield,136,Mali,4930,['6ebf5505-cc1c-4773-a07c-c5f4303d62c9'],52,,,,,,,,,,,,,,,,,,Mali,4930,00:26:52.895,Pressure,
,,,,,,,,,True,,,,1.746749,,,,,,,,,,,,ec538c8f-8ff9-4327-8122-99c135af02c5,2207,,"[73.2, 68.8]",3920417,73,,,,,,,,,,,,,,,,,,,,,,,,2,Regular Play,Prins Menelik Tjiueza,103803.0,Right Center Midfield,138,Mali,4930,['2623efc9-f50d-4ec9-bf0d-076f51cb7af7'],26,,,,,,,,,,,,,,,,,,Namibia,4980,00:28:26.542,Pressure,
,,,,,,,,,True,,,,0.978471,,,,,,,,,,,,b31b981b-80b5-4bbc-9129-8e09b82ee1d3,2208,,"[72.4, 65.3]",3920417,73,,,,,,,,,,,,,,,,,,,,,,,,2,Regular Play,Aprocious Petrus,136406.0,Center Defensive Midfield,138,Mali,4930,['420c2a17-e874-4709-9b85-0fcc597b2923'],28,,,,,,,,,,,,,,,,,,Namibia,4980,00:28:28.668,Pressure,
,,,,,,,,,,,,,1.630621,,,,,,,,,,,,637f2d5e-6c91-46cd-898f-48bdb4d266dd,2237,,"[40.8, 60.2]",3920417,74,,,,,,,,,,,,,,,,,,,,,,,,2,Regular Play,Prins Menelik Tjiueza,103803.0,Right Center Midfield,138,Mali,4930,"['7e856802-b814-4cc8-add9-ee9c6e8579db', '5c760b8a-2328-438f-8e1a-e729d324eb3b']",2,,,,,,,,,,,,,,,,,,Namibia,4980,00:29:02.694,Pressure,
,,,,,,,,,,,,,0.20581,,,,,,,,,,,,829f13f8-7be7-4a0e-9351-49cbcb3a4a35,2278,,"[2.7, 73.1]",3920417,79,,,,,,,,,,,,,,,,,,,,,,,,2,From Throw In,Hamari Traoré,3248.0,Right Back,142,Namibia,4980,,13,,,,,,,,,,,,,,,,,,Mali,4930,00:34:13.314,Pressure,
,,,,,,,,,,,,,0.0715,,,,,,,,,,,,1dd1879b-3b71-41ad-b096-21b4ff19f7ca,2285,,"[13.7, 73.2]",3920417,79,,,,,,,,,,,,,,,,,,,,,,,,2,From Throw In,Fousseni Diabaté,3710.0,Right Wing,142,Namibia,4980,['9c08bad8-1523-4be6-a95d-39d854a29e7a'],16,,,,,,,,,,,,,,,,,,Mali,4930,00:34:16.139,Pressure,
,,,,,,,,,,,,,0.703826,,,,,,,,,,,,55cb1475-3858-4e62-9fab-9cdf8a1130b6,2292,,"[4.0, 71.4]",3920417,79,,,,,,,,,,,,,,,,,,,,,,,,2,From Throw In,Hamari Traoré,3248.0,Right Back,143,Namibia,4980,['508bd4bd-2b76-430e-9d90-2751bf30e5f3'],26,,,,,,,,,,,,,,,,,,Mali,4930,00:34:26.951,Pressure,
,,,,,,,,,True,,,,0.999992,,,,,,,,,,,,9b77eea4-c9c6-4503-8de5-26130f9063e3,2302,,"[116.1, 5.0]",3920417,79,,,,,,,,,,,,,,,,,,,,,,,,2,Regular Play,Peter Shalulile,65723.0,Center Forward,145,Mali,4930,"['f46fc8c4-9be7-4ff6-8d2f-70fc26f99387', '0564b4c6-5f95-4cc3-ab32-4c3b29454c65']",38,,,,,,,,,,,,,,,,,,Namibia,4980,00:34:38.201,Pressure,
,,,,,,,,,True,,,,1.367539,,,,,,,,,,,,67e6a85e-0517-4ece-94b4-25230779e1e8,2309,,"[104.7, 7.4]",3920417,79,,,,,,,,,,,,,,,,,,,,,,,,2,Regular Play,Absalom Iimbondi,103804.0,Right Midfield,145,Mali,4930,"['3ce8e090-6ea7-48bd-b455-6ce4679e333b', 'ddeed1c9-e8e8-46ab-aa21-d879cd26cc47']",40,,,,,,,,,,,,,,,,,,Namibia,4980,00:34:40.557,Pressure,
,,,,,,,,,True,,,,1.363739,,,,,,,,,,,,f44e8660-5158-41c6-bc65-07f367f94f10,2311,,"[112.3, 4.8]",3920417,79,,,,,,,,,,,,,,,,,,,,,,,,2,Regular Play,Peter Shalulile,65723.0,Center Forward,145,Mali,4930,"['58d2c593-7ac9-4752-a7b0-ed5eac7ff309', '3a9d91f3-49e9-479c-8107-dc92bf2688ef', '83ad4dd4-3016-4ba2-876a-3654e2083fff']",42,,,,,,,,,,,,,,,,,,Namibia,4980,00:34:42.186,Pressure,
,,,,,,,,,,,,,1.367478,,,,,,,,,,,,55bb0e82-218e-4fdf-8ea6-c45b3f859000,2320,,"[98.7, 7.3]",3920417,79,,,,,,,,,,,,,,,,,,,,,,,,2,Regular Play,Absalom Iimbondi,103804.0,Right Midfield,145,Mali,4930,"['1350589d-3dcc-45ad-8e69-9fb50babfb0e', 'ac2614ac-65a1-4e4f-977d-18a6e88dbaea']",47,,,,,,,,,,,,,,,,,,Namibia,4980,00:34:47.682,Pressure,
,,,,,,,,,,,,,1.883949,,,,,,,,,,,,00b86b25-6816-4cae-90b4-3fc08a0eecac,2334,,"[11.3, 61.8]",3920417,80,,,,,,,,,,,,,,,,,,,,,,,,2,Regular Play,Deon Hotto Kavendji,64612.0,Left Midfield,145,Mali,4930,"['09da3a52-9c1e-4865-b98b-666338031ccd', 'f545f739-19dc-4901-8709-5a7041e7c830']",1,,,,,,,,,,,,,,,,,,Namibia,4980,00:35:01.352,Pressure,
,,,,,,,,,,,,,0.193911,,,,,,,,,,,,cb34488e-6938-48cc-b3da-ea0779e2fdc7,2341,,"[110.5, 9.5]",3920417,80,,,,,,,,,,,,,,,,,,,,,,,,2,Regular Play,Amadou Dante,40868.0,Left Back,146,Namibia,4980,"['6c3a705d-3c59-497d-9940-ac7b4b88a8fb', 'b4b097cb-ffe5-4abc-bd8c-0c7c45fa144f']",9,,,,,,,,,,,,,,,,,,Mali,4930,00:35:09.117,Pressure,
,,,,,,,,,,,,,0.196385,,,,,,,,,,,,556b0fc2-34c1-4b55-b533-ac1c102dac55,2350,,"[92.5, 3.5]",3920417,80,,,,,,,,,,,,,,,,,,,,,,,,2,From Throw In,Kamory Doumbia,162132.0,Center Attacking Midfield,147,Namibia,4980,['ed66674b-7882-4854-9255-9a574275106f'],47,,,,,,,,,,,,,,,,,,Mali,4930,00:35:47.687,Pressure,
,,,,,,,,,,,,,0.440878,,,,,,,,,,,,75a2275d-af39-4a9a-8760-d36461f0f672,2353,,"[12.7, 72.9]",3920417,80,,,,,,,,,,,,,,,,,,,,,,,,2,From Throw In,Ivan Kamberipa,103799.0,Right Back,147,Namibia,4980,['b5d002b4-ad5d-42b1-a881-01bfd980b657'],50,,,,,,,,,,,,,,,,,,Namibia,4980,00:35:50.334,Pressure,
,,,,,,,,,,,,,1.105145,,,,,,,,,,,,50ccdc9b-b829-46de-9dc5-a79e31b31793,2381,,"[40.5, 68.4]",3920417,81,,,,,,,,,,,,,,,,,,,,,,,,2,From Throw In,Aprocious Petrus,136406.0,Center Defensive Midfield,148,Mali,4930,"['e72ebbe0-3df4-4649-b647-8b827e22c1c3', '5e682689-9247-42f7-9e64-56081ed44e9c']",23,,,,,,,,,,,,,,,,,,Namibia,4980,00:36:23.476,Pressure,
,,,,,,,,,,,,,2.820614,,,,,,,,,,,,de05bea8-9e70-42ba-bfdb-660bff4d6eee,2389,,"[3.9, 14.5]",3920417,81,,,,,,,,,,,,,,,,,,,,,,,,2,From Throw In,Riaan Hanamub,65555.0,Left Back,148,Mali,4930,"['1162e52b-1545-4820-975a-491c1ea4a8e2', '71437ec4-d3d3-427e-bc2f-72ab85afb8b3', 'd4c44207-6b76-47cd-a7ca-6346193c2647']",33,,,,,,,,,,,,,,,,,,Namibia,4980,00:36:33.313,Pressure,
,,,,,,,,,,,,,1.797917,,,,,,,,,,,,63187252-0b09-4cc1-b2d8-cf342b8d69f8,2427,,"[13.2, 60.0]",3920417,82,,,,,,,,,,,,,,,,,,,,,,,,2,From Throw In,Kennedy Amutenya,264381.0,Right Center Back,148,Mali,4930,['1e903dfa-daea-4358-88ab-744cd65e50c2'],13,,,,,,,,,,,,,,,,,,Namibia,4980,00:37:13.393,Pressure,
,,,,,,,,,,,,,0.833861,,,,,,,,,,,,837265e7-822f-4b79-83de-58122e965af0,2440,,"[41.2, 23.0]",3920417,82,,,,,,,,,,,,,,,,,,,,,,,,2,From Throw In,Marcel Papama,103801.0,Right Center Midfield,149,Mali,4930,"['43582486-f32e-4f94-b3f1-0d5147278841', 'ee74b6e6-c679-451c-b63e-2399a068b009', '439745c0-a328-4dd2-b7ca-432093a0a61f']",34,,,,,,,,,,,,,,,,,,Namibia,4980,00:37:34.242,Pressure,
,,,,,,,,,,,,,0.439999,,,,,,,,,,,,d6797f44-b23a-4ecd-8b44-9a2ec3283801,2449,,"[36.1, 16.3]",3920417,82,,,,,,,,,,,,,,,,,,,,,,,,2,From Throw In,Ngero Kaanjuka Katua,389316.0,Left Center Midfield,149,Mali,4930,['f2c84b23-ca55-4beb-b97b-007864470253'],39,,,,,,,,,,,,,,,,,,Namibia,4980,00:37:39.188,Pressure,
,,,,,,,,,True,,,,0.186638,,,,,,,,,,,,596c1e8b-0957-4a49-9497-5e313cc2d0a2,2460,,"[88.9, 7.1]",3920417,82,,,,,,,,,,,,,,,,,,,,,,,,2,From Throw In,Yves Bissouma,4385.0,Left Defensive Midfield,149,Mali,4930,['786dedbc-33dd-4fbf-acb8-a4900093f01d'],54,,,,,,,,,,,,,,,,,,Mali,4930,00:37:54.876,Pressure,
,,,,,,,,,True,,,,0.199322,,,,,,,,,,,,3ada9cbf-a19e-42c8-a0a2-6430df2a6d52,2461,,"[88.5, 9.5]",3920417,82,,,,,,,,,,,,,,,,,,,,,,,,2,From Throw In,Kamory Doumbia,162132.0,Center Attacking Midfield,149,Mali,4930,,54,,,,,,,,,,,,,,,,,,Mali,4930,00:37:54.960,Pressure,
,,,,,,,,,,,,,0.44,,,,,,,,,,,,d65a7867-e867-4125-b531-bc26837824de,2467,,"[46.8, 35.9]",3920417,82,,,,,,,,,,,,,,,,,,,,,,,,2,From Throw In,Ngero Kaanjuka Katua,389316.0,Left Center Midfield,149,Mali,4930,['2aa3111b-92a1-4dc2-8b46-88ac7495c28b'],59,,,,,,,,,,,,,,,,,,Namibia,4980,00:37:59.846,Pressure,
,,,,,,,,,,,,,0.977544,,,,,,,,,,,,da7c1ce2-5a61-43ca-b20c-e1b1140f99d9,2472,,"[56.4, 40.6]",3920417,83,,,,,,,,,,,,,,,,,,,,,,,,2,From Throw In,Absalom Iimbondi,103804.0,Right Midfield,149,Mali,4930,"['377ce182-b368-43ad-8f78-ec77ba9e65f2', '1dc4f4a4-6c4d-4846-b67c-8540cc5ce2a5']",0,,,,,,,,,,,,,,,,,,Namibia,4980,00:38:00.782,Pressure,
,,,,,,,,,,,,,0.4,,,,,,,,,,,,44ae7480-566c-41a2-911e-8ab688d06161,2482,,"[36.1, 51.3]",3920417,83,,,,,,,,,,,,,,,,,,,,,,,,2,From Throw In,Aprocious Petrus,136406.0,Center Defensive Midfield,149,Mali,4930,['6b571696-b571-41fa-b3b3-b118e5857229'],11,,,,,,,,,,,,,,,,,,Namibia,4980,00:38:11.577,Pressure,
,,,,,,,,,,,,,0.198816,,,,,,,,,,,,a7b1fcfe-ba4c-402c-9108-e6e115f5fc0e,2496,,"[62.0, 34.5]",3920417,85,,,,,,,,,,,,,,,,,,,,,,,,2,From Goal Kick,Adama Traoré,4464.0,Right Wing,152,Namibia,4980,,32,,,,,,,,,,,,,,,,,,Mali,4930,00:40:32.811,Pressure,
,,,,,,,,,,,,,3.589609,,,,,,,,,,,,ed280298-e0ba-4576-9d22-fedf7d7694de,2503,,"[36.8, 15.6]",3920417,85,,,,,,,,,,,,,,,,,,,,,,,,2,Regular Play,Riaan Hanamub,65555.0,Left Back,153,Mali,4930,['878563b1-1e6a-47aa-8e29-5ce7589600da'],38,,,,,,,,,,,,,,,,,,Namibia,4980,00:40:38.390,Pressure,
,,,,,,,,,,,,,0.848842,,,,,,,,,,,,1de6f61e-c223-4fe2-bb3c-ab5cd46c861a,2509,,"[17.5, 45.0]",3920417,85,,,,,,,,,,,,,,,,,,,,,,,,2,Regular Play,Deon Hotto Kavendji,64612.0,Left Midfield,153,Mali,4930,"['d9973f6f-c7d3-4de5-8561-1ebc81c30248', '58d892e8-8292-4a27-a05e-9c8e7a7ee3d3', 'd8827641-d9e5-49de-a3e5-f7f312b8815b']",47,,,,,,,,,,,,,,,,,,Namibia,4980,00:40:47.510,Pressure,
,,,,,,,,,,,,,0.836217,,,,,,,,,,,,91d712ae-56d1-473e-82f9-520397b15d0b,2523,,"[24.3, 31.6]",3920417,85,,,,,,,,,,,,,,,,,,,,,,,,2,Regular Play,Ngero Kaanjuka Katua,389316.0,Left Center Midfield,153,Mali,4930,"['86bc05c2-c114-4290-9cb6-c98e7d79e5d7', '10ef6e91-5494-4bd8-83aa-8b9897bc46cd']",56,,,,,,,,,,,,,,,,,,Namibia,4980,00:40:56.316,Pressure,
,,,,,,,,,True,,,,0.319472,,,,,,,,,,,,380ce234-0514-478f-969e-4e5d0695be45,2536,,"[70.3, 72.4]",3920417,87,,,,,,,,,,,,,,,,,,,,,,,,2,Regular Play,Mohamed Camara,24806.0,Right Defensive Midfield,155,Namibia,4980,['3ffa8569-de5b-4796-a6ed-d30f250c2b68'],19,,,,,,,,,,,,,,,,,,Mali,4930,00:42:19.270,Pressure,
,,,,,,,,,,,,,1.227853,,,,,,,,,,,,2699ca7d-5142-4363-9e3a-ef8d01603fbc,2550,,"[3.9, 71.8]",3920417,89,,,,,,,,,,,,,,,,,,,,,,,,2,From Throw In,Hamari Traoré,3248.0,Right Back,157,Namibia,4980,['d62050fb-d721-41c2-83f8-c4b1f0bd0d55'],40,,,,,,,,,,,,,,,,,,Mali,4930,00:44:40.727,Pressure,
,,,,,,,,,,,,,0.46434,,,,,,,,,,,,0540f933-5171-41ba-8931-bf78b1a74247,2557,,"[4.6, 72.8]",3920417,90,,,,,,,,,,,,,,,,,,,,,,,,2,From Corner,Adama Traoré,4464.0,Right Wing,158,Namibia,4980,['d04ac471-3a21-4b8a-bf8e-4c8ed62418e6'],10,,,,,,,,,,,,,,,,,,Mali,4930,00:45:10.581,Pressure,
,,,,,,,,,True,,,,0.719996,,,,,,,,,,,,d1ba244e-05bb-4380-b202-28e148fd1c28,2565,,"[115.5, 5.5]",3920417,90,,,,,,,,,,,,,,,,,,,,,,,,2,Regular Play,Absalom Iimbondi,103804.0,Right Midfield,160,Mali,4930,"['f5aef8a7-8778-4538-9f7f-2261fd3df845', '6de345d7-9507-4f78-b354-ddd11d1cafaa']",23,,,,,,,,,,,,,,,,,,Namibia,4980,00:45:23.715,Pressure,
,,,,,,,,,,,,,1.506299,,,,,,,,,,,,07ee27b3-9e07-4ab3-a4f2-6c8789f23882,2589,,"[29.3, 6.2]",3920417,90,,,,,,,,,,,,,,,,,,,,,,,,2,From Throw In,Riaan Hanamub,65555.0,Left Back,161,Mali,4930,"['a7f22867-3d73-4cc9-989e-20bd3130ba19', '5ba05cab-5e8d-4ebc-b31f-f1930a553415']",51,,,,,,,,,,,,,,,,,,Namibia,4980,00:45:51.555,Pressure,
,,,,,,,,,,,,,2.428811,,,,,,,,,,,,c1dd4e44-c8da-42cd-8cdc-4ca9907fa094,2614,,"[14.5, 66.0]",3920417,91,,,,,,,,,,,,,,,,,,,,,,,,2,From Throw In,Ivan Kamberipa,103799.0,Right Back,162,Mali,4930,['d31455a9-e9ef-4d65-a7bf-678089923d4d'],22,,,,,,,,,,,,,,,,,,Namibia,4980,00:46:22.534,Pressure,
,,,,,,,,,,,,,0.973368,,,,,,,,,,,,12f80ef2-034f-4721-a772-e090d64c16b0,2615,,"[8.6, 59.5]",3920417,91,,,,,,,,,,,,,,,,,,,,,,,,2,From Throw In,Vetunuavi Charles Hambira,136404.0,Left Center Midfield,162,Mali,4930,,24,,,,,,,,,,,,,,,,,,Namibia,4980,00:46:24.269,Pressure,
,,,,,,,,,,,,,1.365738,,,,,,,,,,,,fa7cde63-de9e-4465-8a2b-ee91d8296be1,2630,,"[24.4, 73.5]",3920417,92,,,,,,,,,,,,,,,,,,,,,,,,2,Regular Play,Marcel Papama,103801.0,Right Center Midfield,164,Mali,4930,"['9752a233-a0ce-4225-960b-61bf9a673b39', 'badbcb1a-5c90-4af7-937e-60927b40f42f']",25,,,,,,,,,,,,,,,,,,Namibia,4980,00:47:25.746,Pressure,
,,,,,,,,,,,,,0.858496,,,,,,,,,,,,a71539a6-6ae6-433e-a56d-facafa066e67,2645,,"[22.4, 60.6]",3920417,92,,,,,,,,,,,,,,,,,,,,,,,,2,From Throw In,Ivan Kamberipa,103799.0,Right Back,165,Mali,4930,"['606802d9-d48a-4f44-ba24-7652d70ba5e9', '745266c4-8c07-476c-aa41-cd21192d5bee']",56,,,,,,,,,,,,,,,,,,Namibia,4980,00:47:56.308,Pressure,
,,,,,,,,,,,,,1.485457,,,,,,,,,,,,6fc41070-8746-43d5-9546-0c25eafb043f,2654,,"[23.0, 10.1]",3920417,93,,,,,,,,,,,,,,,,,,,,,,,,2,From Throw In,Riaan Hanamub,65555.0,Left Back,165,Mali,4930,"['d24fe88f-7403-4510-ba2d-a069c09bc4c7', '2f7da59e-6515-49fe-8882-10ca195898cb']",5,,,,,,,,,,,,,,,,,,Namibia,4980,00:48:05.327,Pressure,
,,,,,,,,,,,,,0.098876,,,,,,,,,,,,9275fbef-4d1d-4cce-9578-963f86bd2067,52,,"[98.1, 40.5]",3920417,0,,,,,,,,,,,,,,,,,,,,,,,,1,From Throw In,Yves Bissouma,4385.0,Left Defensive Midfield,3,Mali,4930,"['1c292c42-26cf-46aa-8c7b-d6f1ca77984a', '5eed3cc0-2594-454b-8611-51c62cecb6f8']",43,,Right Foot,"[100.4, 40.4]",,"[{'location': [93.6, 50.6], 'player': {'id': 67714, 'name': 'Aliou Dieng'}, 'position': {'id': 9, 'name': 'Right Defensive Midfield'}, 'teammate': True}, {'location': [108.3, 60.5], 'player': {'id': 3248, 'name': 'Hamari Traoré'}, 'position': {'id': 2, 'name': 'Right Back'}, 'teammate': True}, {'location': [108.7, 51.7], 'player': {'id': 3710, 'name': 'Fousseni Diabaté'}, 'position': {'id': 12, 'name': 'Right Midfield'}, 'teammate': True}, {'location': [101.6, 49.4], 'player': {'id': 64612, 'name': 'Deon Hotto Kavendji'}, 'position': {'id': 16, 'name': 'Left Midfield'}, 'teammate': False}, {'location': [101.1, 44.9], 'player': {'id': 103803, 'name': 'Prins Menelik Tjiueza'}, 'position': {'id': 13, 'name': 'Right Center Midfield'}, 'teammate': False}, {'location': [105.4, 47.9], 'player': {'id': 389316, 'name': 'Ngero Kaanjuka Katua'}, 'position': {'id': 15, 'name': 'Left Center Midfield'}, 'teammate': False}, {'location': [105.0, 46.0], 'player': {'id': 136406, 'name': 'Aprocious Petrus'}, 'position': {'id': 10, 'name': 'Center Defensive Midfield'}, 'teammate': False}, {'location': [109.9, 47.8], 'player': {'id': 65555, 'name': 'Riaan Hanamub'}, 'position': {'id': 6, 'name': 'Left Back'}, 'teammate': False}, {'location': [107.2, 42.2], 'player': {'id': 135004, 'name': 'Lubeni Haukongo'}, 'position': {'id': 5, 'name': 'Left Center Back'}, 'teammate': False}, {'location': [103.9, 41.0], 'player': {'id': 264381, 'name': 'Kennedy Amutenya'}, 'position': {'id': 3, 'name': 'Right Center Back'}, 'teammate': False}, {'location': [109.1, 35.9], 'player': {'id': 103799, 'name': 'Ivan Kamberipa'}, 'position': {'id': 2, 'name': 'Right Back'}, 'teammate': False}, {'location': [100.7, 40.4], 'player': {'id': 389319, 'name': 'Muzeu Bethuel'}, 'position': {'id': 12, 'name': 'Right Midfield'}, 'teammate': False}, {'location': [108.7, 36.7], 'player': {'id': 199653, 'name': 'Nene Dorgeles'}, 'position': {'id': 16, 'name': 'Left Midfield'}, 'teammate': True}, {'location': [109.2, 31.2], 'player': {'id': 51750, 'name': 'Youssoufou Niakaté'}, 'position': {'id': 22, 'name': 'Right Center Forward'}, 'teammate': True}, {'location': [88.6, 24.9], 'player': {'id': 32952, 'name': 'Moussa Diarra'}, 'position': {'id': 6, 'name': 'Left Back'}, 'teammate': True}, {'location': [119.0, 41.2], 'player': {'id': 125324, 'name': 'Lloyd Junior Kazapua'}, 'position': {'id': 1, 'name': 'Goalkeeper'}, 'teammate': False}]",9126c049-cdde-4caa-8453-a21265c58e75,,Blocked,,0.036674798,Normal,Open Play,,,,,,Mali,4930,00:00:43.792,Shot,
,,,,,,,,,,,,,0.409714,,,,,,,,,,,,403eba8d-5441-4b22-a355-5570efc2ce55,531,,"[113.7, 32.0]",3920417,15,,,,,,,,,,,,,,,,,,,,,,,,1,Regular Play,Prins Menelik Tjiueza,103803.0,Right Center Midfield,35,Namibia,4980,"['0f5c2118-3cef-4628-b571-13dd4db71cdf', '651ba808-3fad-4e25-9787-b8551db928e1']",7,,Left Foot,"[117.4, 38.3, 0.5]",,"[{'location': [118.1, 37.7], 'player': {'id': 102992, 'name': 'Djigui Diarra'}, 'position': {'id': 1, 'name': 'Goalkeeper'}, 'teammate': False}, {'location': [109.3, 17.1], 'player': {'id': 3710, 'name': 'Fousseni Diabaté'}, 'position': {'id': 12, 'name': 'Right Midfield'}, 'teammate': False}, {'location': [103.1, 39.8], 'player': {'id': 67714, 'name': 'Aliou Dieng'}, 'position': {'id': 9, 'name': 'Right Defensive Midfield'}, 'teammate': False}, {'location': [108.1, 25.3], 'player': {'id': 3248, 'name': 'Hamari Traoré'}, 'position': {'id': 2, 'name': 'Right Back'}, 'teammate': False}, {'location': [110.6, 42.0], 'player': {'id': 32952, 'name': 'Moussa Diarra'}, 'position': {'id': 6, 'name': 'Left Back'}, 'teammate': False}, {'location': [112.0, 38.5], 'player': {'id': 7295, 'name': 'Sikou Niakate'}, 'position': {'id': 5, 'name': 'Left Center Back'}, 'teammate': False}, {'location': [100.4, 57.8], 'player': {'id': 199653, 'name': 'Nene Dorgeles'}, 'position': {'id': 16, 'name': 'Left Midfield'}, 'teammate': False}, {'location': [112.5, 32.9], 'player': {'id': 23331, 'name': 'Boubakar Kouyate'}, 'position': {'id': 3, 'name': 'Right Center Back'}, 'teammate': False}, {'location': [103.9, 35.3], 'player': {'id': 4385, 'name': 'Yves Bissouma'}, 'position': {'id': 11, 'name': 'Left Defensive Midfield'}, 'teammate': False}, {'location': [110.9, 10.2], 'player': {'id': 65555, 'name': 'Riaan Hanamub'}, 'position': {'id': 6, 'name': 'Left Back'}, 'teammate': True}, {'location': [113.7, 40.4], 'player': {'id': 65723, 'name': 'Peter Shalulile'}, 'position': {'id': 23, 'name': 'Center Forward'}, 'teammate': True}]",164d6571-a3f9-4f15-9ac2-09264ad1ce18,True,Saved to Post,True,0.37069467,Normal,Open Play,,,,,,Namibia,4980,00:15:07.038,Shot,True
,,,,,,,,,,,,,0.785474,,,,,,,,,,,,5f93c22b-067b-4dd6-8a5f-30c0006acbb8,678,,"[108.4, 58.3]",3920417,20,,,,,,,,,,,,,,,,,,,,,,,,1,From Goal Kick,Fousseni Diabaté,3710.0,Right Midfield,44,Mali,4930,"['0bee9ef1-679b-47f2-a848-f61f9ee87afb', '8deebdb0-c5c1-45ff-94b2-f01cf510adb2']",37,,Left Foot,"[118.8, 44.5, 1.6]",,"[{'location': [118.7, 43.5], 'player': {'id': 125324, 'name': 'Lloyd Junior Kazapua'}, 'position': {'id': 1, 'name': 'Goalkeeper'}, 'teammate': False}, {'location': [96.6, 35.4], 'player': {'id': 64612, 'name': 'Deon Hotto Kavendji'}, 'position': {'id': 16, 'name': 'Left Midfield'}, 'teammate': False}, {'location': [103.6, 52.9], 'player': {'id': 389316, 'name': 'Ngero Kaanjuka Katua'}, 'position': {'id': 15, 'name': 'Left Center Midfield'}, 'teammate': False}, {'location': [110.2, 57.3], 'player': {'id': 65555, 'name': 'Riaan Hanamub'}, 'position': {'id': 6, 'name': 'Left Back'}, 'teammate': False}, {'location': [109.2, 46.9], 'player': {'id': 136406, 'name': 'Aprocious Petrus'}, 'position': {'id': 10, 'name': 'Center Defensive Midfield'}, 'teammate': False}, {'location': [113.3, 46.5], 'player': {'id': 135004, 'name': 'Lubeni Haukongo'}, 'position': {'id': 5, 'name': 'Left Center Back'}, 'teammate': False}, {'location': [110.5, 38.8], 'player': {'id': 103799, 'name': 'Ivan Kamberipa'}, 'position': {'id': 2, 'name': 'Right Back'}, 'teammate': False}, {'location': [113.0, 42.0], 'player': {'id': 264381, 'name': 'Kennedy Amutenya'}, 'position': {'id': 3, 'name': 'Right Center Back'}, 'teammate': False}, {'location': [107.7, 39.1], 'player': {'id': 105182, 'name': 'Lassine Sinayoko'}, 'position': {'id': 24, 'name': 'Left Center Forward'}, 'teammate': True}, {'location': [113.8, 44.2], 'player': {'id': 51750, 'name': 'Youssoufou Niakaté'}, 'position': {'id': 22, 'name': 'Right Center Forward'}, 'teammate': True}, {'location': [109.9, 30.8], 'player': {'id': 199653, 'name': 'Nene Dorgeles'}, 'position': {'id': 16, 'name': 'Left Midfield'}, 'teammate': True}]",7e3e0543-b5a2-43cb-ad75-1a610e8119d8,,Saved,,0.011612468,Normal,Open Play,,,,,,Mali,4930,00:20:37.776,Shot,True
,,,,,,,,,,,,,0.706024,,,,,,,,,,,,126322dc-cd4d-49ea-ba76-d0a40d870e8d,922,,"[113.9, 37.7]",3920417,27,,,,,,,,,,,,,,,,,,,,,,,,1,From Throw In,Lassine Sinayoko,105182.0,Left Center Forward,55,Mali,4930,['f1f8a357-d168-4276-be92-d6415c8b2ab5'],1,,Head,"[120.0, 34.7, 0.9]",,"[{'location': [111.5, 59.8], 'player': {'id': 3710, 'name': 'Fousseni Diabaté'}, 'position': {'id': 12, 'name': 'Right Midfield'}, 'teammate': True}, {'location': [115.0, 34.3], 'player': {'id': 199653, 'name': 'Nene Dorgeles'}, 'position': {'id': 16, 'name': 'Left Midfield'}, 'teammate': True}, {'location': [101.9, 33.1], 'player': {'id': 64612, 'name': 'Deon Hotto Kavendji'}, 'position': {'id': 16, 'name': 'Left Midfield'}, 'teammate': False}, {'location': [110.7, 51.7], 'player': {'id': 136406, 'name': 'Aprocious Petrus'}, 'position': {'id': 10, 'name': 'Center Defensive Midfield'}, 'teammate': False}, {'location': [113.5, 60.7], 'player': {'id': 135004, 'name': 'Lubeni Haukongo'}, 'position': {'id': 5, 'name': 'Left Center Back'}, 'teammate': False}, {'location': [107.1, 53.9], 'player': {'id': 65555, 'name': 'Riaan Hanamub'}, 'position': {'id': 6, 'name': 'Left Back'}, 'teammate': False}, {'location': [109.5, 42.1], 'player': {'id': 264381, 'name': 'Kennedy Amutenya'}, 'position': {'id': 3, 'name': 'Right Center Back'}, 'teammate': False}, {'location': [113.0, 36.7], 'player': {'id': 103799, 'name': 'Ivan Kamberipa'}, 'position': {'id': 2, 'name': 'Right Back'}, 'teammate': False}, {'location': [118.4, 40.7], 'player': {'id': 125324, 'name': 'Lloyd Junior Kazapua'}, 'position': {'id': 1, 'name': 'Goalkeeper'}, 'teammate': False}]",efc5763f-1c1e-4f7f-9f22-60e4c2a0c3fb,True,Off T,,0.32371634,Normal,Open Play,,,,,,Mali,4930,00:27:01.771,Shot,
,,,,,,,,,,,,,0.08,,,,,,,,,,,,8043e0f4-d569-46ff-86d6-96ab7a18db1a,1063,,"[116.1, 35.9]",3920417,36,,,,,,,,,,,,,,,,,,,,,,,,1,From Corner,Kennedy Amutenya,264381.0,Right Center Back,69,Namibia,4980,"['4a3a9e47-6a19-4927-88cd-2b31b3f8a537', 'bc9dc6ac-a8bc-4551-a07c-eb20e5a18edc', 'ab283f64-6e1e-4370-8d6b-64dc18160b99']",51,True,Head,"[116.7, 36.1]",,"[{'location': [107.4, 60.5], 'player': {'id': 199653, 'name': 'Nene Dorgeles'}, 'position': {'id': 16, 'name': 'Left Midfield'}, 'teammate': False}, {'location': [105.9, 60.0], 'player': {'id': 136406, 'name': 'Aprocious Petrus'}, 'position': {'id': 10, 'name': 'Center Defensive Midfield'}, 'teammate': True}, {'location': [118.8, 45.3], 'player': {'id': 4385, 'name': 'Yves Bissouma'}, 'position': {'id': 11, 'name': 'Left Defensive Midfield'}, 'teammate': False}, {'location': [117.4, 45.8], 'player': {'id': 3248, 'name': 'Hamari Traoré'}, 'position': {'id': 2, 'name': 'Right Back'}, 'teammate': False}, {'location': [115.0, 44.2], 'player': {'id': 67714, 'name': 'Aliou Dieng'}, 'position': {'id': 9, 'name': 'Right Defensive Midfield'}, 'teammate': False}, {'location': [113.6, 45.6], 'player': {'id': 65723, 'name': 'Peter Shalulile'}, 'position': {'id': 23, 'name': 'Center Forward'}, 'teammate': True}, {'location': [112.3, 43.1], 'player': {'id': 103799, 'name': 'Ivan Kamberipa'}, 'position': {'id': 2, 'name': 'Right Back'}, 'teammate': True}, {'location': [115.7, 42.8], 'player': {'id': 389319, 'name': 'Muzeu Bethuel'}, 'position': {'id': 12, 'name': 'Right Midfield'}, 'teammate': True}, {'location': [116.1, 41.8], 'player': {'id': 105182, 'name': 'Lassine Sinayoko'}, 'position': {'id': 24, 'name': 'Left Center Forward'}, 'teammate': False}, {'location': [115.0, 39.8], 'player': {'id': 103803, 'name': 'Prins Menelik Tjiueza'}, 'position': {'id': 13, 'name': 'Right Center Midfield'}, 'teammate': True}, {'location': [114.1, 40.7], 'player': {'id': 7295, 'name': 'Sikou Niakate'}, 'position': {'id': 5, 'name': 'Left Center Back'}, 'teammate': False}, {'location': [116.6, 37.7], 'player': {'id': 51750, 'name': 'Youssoufou Niakaté'}, 'position': {'id': 22, 'name': 'Right Center Forward'}, 'teammate': False}, {'location': [117.0, 37.3], 'player': {'id': 135004, 'name': 'Lubeni Haukongo'}, 'position': {'id': 5, 'name': 'Left Center Back'}, 'teammate': True}, {'location': [114.6, 36.3], 'player': {'id': 32952, 'name': 'Moussa Diarra'}, 'position': {'id': 6, 'name': 'Left Back'}, 'teammate': False}, {'location': [117.1, 36.1], 'player': {'id': 23331, 'name': 'Boubakar Kouyate'}, 'position': {'id': 3, 'name': 'Right Center Back'}, 'teammate': False}, {'location': [119.3, 39.6], 'player': {'id': 102992, 'name': 'Djigui Diarra'}, 'position': {'id': 1, 'name': 'Goalkeeper'}, 'teammate': False}, {'location': [102.8, 41.8], 'player': {'id': 3710, 'name': 'Fousseni Diabaté'}, 'position': {'id': 12, 'name': 'Right Midfield'}, 'teammate': False}]",ab4fba8e-84ef-4a5c-b448-3387e19257fa,,Blocked,,0.15259339,Normal,Open Play,,,,,,Namibia,4980,00:36:51.124,Shot,True
,,,,,,,,,,,,,0.847706,,,,,,,,,,,,73e3aa77-55ff-4951-bde7-4c176eff75da,1287,,"[93.3, 31.3]",3920417,43,,,,,,,,,,,,,,,,,,,,,,,,1,From Free Kick,Ngero Kaanjuka Katua,389316.0,Left Center Midfield,78,Namibia,4980,['c48747d9-ad90-4d6a-b32f-6bd814cdae75'],38,,Left Foot,"[100.4, 38.1]",True,"[{'location': [119.2, 38.7], 'player': {'id': 102992, 'name': 'Djigui Diarra'}, 'position': {'id': 1, 'name': 'Goalkeeper'}, 'teammate': False}, {'location': [108.8, 50.8], 'player': {'id': 51750, 'name': 'Youssoufou Niakaté'}, 'position': {'id': 22, 'name': 'Right Center Forward'}, 'teammate': False}, {'location': [94.9, 24.2], 'player': {'id': 3710, 'name': 'Fousseni Diabaté'}, 'position': {'id': 12, 'name': 'Right Midfield'}, 'teammate': False}, {'location': [94.6, 43.1], 'player': {'id': 199653, 'name': 'Nene Dorgeles'}, 'position': {'id': 16, 'name': 'Left Midfield'}, 'teammate': False}, {'location': [107.5, 33.9], 'player': {'id': 3248, 'name': 'Hamari Traoré'}, 'position': {'id': 2, 'name': 'Right Back'}, 'teammate': False}, {'location': [101.6, 32.1], 'player': {'id': 105182, 'name': 'Lassine Sinayoko'}, 'position': {'id': 24, 'name': 'Left Center Forward'}, 'teammate': False}, {'location': [100.8, 33.8], 'player': {'id': 67714, 'name': 'Aliou Dieng'}, 'position': {'id': 9, 'name': 'Right Defensive Midfield'}, 'teammate': False}, {'location': [108.2, 43.5], 'player': {'id': 7295, 'name': 'Sikou Niakate'}, 'position': {'id': 5, 'name': 'Left Center Back'}, 'teammate': False}, {'location': [110.6, 38.0], 'player': {'id': 23331, 'name': 'Boubakar Kouyate'}, 'position': {'id': 3, 'name': 'Right Center Back'}, 'teammate': False}, {'location': [106.4, 45.5], 'player': {'id': 4385, 'name': 'Yves Bissouma'}, 'position': {'id': 11, 'name': 'Left Defensive Midfield'}, 'teammate': False}, {'location': [104.0, 41.0], 'player': {'id': 32952, 'name': 'Moussa Diarra'}, 'position': {'id': 6, 'name': 'Left Back'}, 'teammate': False}, {'location': [102.7, 32.9], 'player': {'id': 389319, 'name': 'Muzeu Bethuel'}, 'position': {'id': 12, 'name': 'Right Midfield'}, 'teammate': True}, {'location': [89.7, 50.3], 'player': {'id': 136406, 'name': 'Aprocious Petrus'}, 'position': {'id': 10, 'name': 'Center Defensive Midfield'}, 'teammate': True}, {'location': [113.1, 45.7], 'player': {'id': 264381, 'name': 'Kennedy Amutenya'}, 'position': {'id': 3, 'name': 'Right Center Back'}, 'teammate': True}, {'location': [109.3, 45.8], 'player': {'id': 103803, 'name': 'Prins Menelik Tjiueza'}, 'position': {'id': 13, 'name': 'Right Center Midfield'}, 'teammate': True}, {'location': [110.8, 38.8], 'player': {'id': 65723, 'name': 'Peter Shalulile'}, 'position': {'id': 23, 'name': 'Center Forward'}, 'teammate': True}, {'location': [109.1, 41.7], 'player': {'id': 135004, 'name': 'Lubeni Haukongo'}, 'position': {'id': 5, 'name': 'Left Center Back'}, 'teammate': True}, {'location': [101.3, 41.1], 'player': {'id': 103799, 'name': 'Ivan Kamberipa'}, 'position': {'id': 2, 'name': 'Right Back'}, 'teammate': True}]",,,Wayward,,0.015747136,Volley,Open Play,,,,,,Namibia,4980,00:43:38.422,Shot,
,,,,,,,,,,,,,0.583082,,,,,,,,,,,,ccc25a0e-67ea-45c8-af75-0b8d837b4034,1656,,"[111.9, 38.4]",3920417,54,,,,,,,,,,,,,,,,,,,,,,,,2,From Corner,Kennedy Amutenya,264381.0,Right Center Back,106,Namibia,4980,"['3c0641dc-7683-4879-9997-a9a8a041fca2', 'ba3c2e5d-782f-4a7e-86d1-109cd85a1d64']",39,True,Head,"[114.7, 61.9]",,"[{'location': [119.4, 38.8], 'player': {'id': 102992, 'name': 'Djigui Diarra'}, 'position': {'id': 1, 'name': 'Goalkeeper'}, 'teammate': False}, {'location': [103.0, 43.6], 'player': {'id': 162132, 'name': 'Kamory Doumbia'}, 'position': {'id': 22, 'name': 'Right Center Forward'}, 'teammate': False}, {'location': [110.7, 41.2], 'player': {'id': 7295, 'name': 'Sikou Niakate'}, 'position': {'id': 5, 'name': 'Left Center Back'}, 'teammate': False}, {'location': [111.8, 42.0], 'player': {'id': 3710, 'name': 'Fousseni Diabaté'}, 'position': {'id': 12, 'name': 'Right Midfield'}, 'teammate': False}, {'location': [113.1, 40.4], 'player': {'id': 23331, 'name': 'Boubakar Kouyate'}, 'position': {'id': 3, 'name': 'Right Center Back'}, 'teammate': False}, {'location': [112.6, 38.6], 'player': {'id': 3248, 'name': 'Hamari Traoré'}, 'position': {'id': 2, 'name': 'Right Back'}, 'teammate': False}, {'location': [115.7, 40.1], 'player': {'id': 32952, 'name': 'Moussa Diarra'}, 'position': {'id': 6, 'name': 'Left Back'}, 'teammate': False}, {'location': [110.7, 34.2], 'player': {'id': 199653, 'name': 'Nene Dorgeles'}, 'position': {'id': 16, 'name': 'Left Midfield'}, 'teammate': False}, {'location': [113.2, 36.9], 'player': {'id': 8992, 'name': 'Ibrahim Sissoko'}, 'position': {'id': 24, 'name': 'Left Center Forward'}, 'teammate': False}, {'location': [114.3, 27.7], 'player': {'id': 67714, 'name': 'Aliou Dieng'}, 'position': {'id': 9, 'name': 'Right Defensive Midfield'}, 'teammate': False}, {'location': [118.9, 25.9], 'player': {'id': 4385, 'name': 'Yves Bissouma'}, 'position': {'id': 11, 'name': 'Left Defensive Midfield'}, 'teammate': False}, {'location': [112.4, 42.8], 'player': {'id': 136406, 'name': 'Aprocious Petrus'}, 'position': {'id': 10, 'name': 'Center Defensive Midfield'}, 'teammate': True}, {'location': [111.5, 40.4], 'player': {'id': 135004, 'name': 'Lubeni Haukongo'}, 'position': {'id': 5, 'name': 'Left Center Back'}, 'teammate': True}, {'location': [111.9, 40.9], 'player': {'id': 65723, 'name': 'Peter Shalulile'}, 'position': {'id': 23, 'name': 'Center Forward'}, 'teammate': True}, {'location': [114.9, 40.2], 'player': {'id': 103799, 'name': 'Ivan Kamberipa'}, 'position': {'id': 2, 'name': 'Right Back'}, 'teammate': True}, {'location': [113.6, 31.7], 'player': {'id': 389319, 'name': 'Muzeu Bethuel'}, 'position': {'id': 12, 'name': 'Right Midfield'}, 'teammate': True}]",b35dfffe-a501-405a-965a-6822ac28fec2,,Wayward,,0.07004105,Normal,Open Play,,,,,,Namibia,4980,00:09:39.726,Shot,True
,,,,,,,,,,,,,0.311935,,,,,,,,,,,,927b245b-cb93-486f-9cea-9c5035d0bee1,1905,,"[98.4, 33.6]",3920417,62,,,,,,,,,,,,,,,,,,,,,,,,2,Regular Play,Ngero Kaanjuka Katua,389316.0,Left Center Midfield,123,Namibia,4980,['8f24b4b7-81ce-4d34-a2e3-2b473b1e831c'],9,,Left Foot,"[120.0, 34.5, 5.3]",True,"[{'location': [118.5, 39.6], 'player': {'id': 102992, 'name': 'Djigui Diarra'}, 'position': {'id': 1, 'name': 'Goalkeeper'}, 'teammate': False}, {'location': [87.3, 28.6], 'player': {'id': 199653, 'name': 'Nene Dorgeles'}, 'position': {'id': 17, 'name': 'Right Wing'}, 'teammate': False}, {'location': [100.1, 44.5], 'player': {'id': 4385, 'name': 'Yves Bissouma'}, 'position': {'id': 11, 'name': 'Left Defensive Midfield'}, 'teammate': False}, {'location': [106.8, 52.9], 'player': {'id': 32952, 'name': 'Moussa Diarra'}, 'position': {'id': 6, 'name': 'Left Back'}, 'teammate': False}, {'location': [101.2, 37.1], 'player': {'id': 67714, 'name': 'Aliou Dieng'}, 'position': {'id': 9, 'name': 'Right Defensive Midfield'}, 'teammate': False}, {'location': [106.9, 43.0], 'player': {'id': 7295, 'name': 'Sikou Niakate'}, 'position': {'id': 5, 'name': 'Left Center Back'}, 'teammate': False}, {'location': [105.1, 34.8], 'player': {'id': 3248, 'name': 'Hamari Traoré'}, 'position': {'id': 2, 'name': 'Right Back'}, 'teammate': False}, {'location': [105.7, 36.5], 'player': {'id': 23331, 'name': 'Boubakar Kouyate'}, 'position': {'id': 3, 'name': 'Right Center Back'}, 'teammate': False}, {'location': [104.6, 58.7], 'player': {'id': 103803, 'name': 'Prins Menelik Tjiueza'}, 'position': {'id': 13, 'name': 'Right Center Midfield'}, 'teammate': True}, {'location': [96.9, 48.1], 'player': {'id': 389319, 'name': 'Muzeu Bethuel'}, 'position': {'id': 12, 'name': 'Right Midfield'}, 'teammate': True}, {'location': [101.3, 42.2], 'player': {'id': 64612, 'name': 'Deon Hotto Kavendji'}, 'position': {'id': 16, 'name': 'Left Midfield'}, 'teammate': True}, {'location': [106.7, 39.0], 'player': {'id': 65723, 'name': 'Peter Shalulile'}, 'position': {'id': 23, 'name': 'Center Forward'}, 'teammate': True}]",4121fa99-c827-4965-9c48-98d34f2d398b,,Off T,,0.047079578,Normal,Open Play,,,,,,Namibia,4980,00:17:09.488,Shot,
,,,,,,,,,,,,,0.98215,,,,,,,,,,,,56f11a97-27c1-4c72-975b-d3434984f117,1956,,"[101.8, 40.1]",3920417,64,,,,,,,,,,,,,,,,,,,,,,,,2,From Free Kick,Ibrahim Sissoko,8992.0,Center Forward,126,Mali,4930,['063e7f34-70f0-4e48-a17b-88696721ebbf'],16,,Left Foot,"[120.0, 37.2, 6.4]",True,"[{'location': [101.5, 28.4], 'player': {'id': 162132, 'name': 'Kamory Doumbia'}, 'position': {'id': 19, 'name': 'Center Attacking Midfield'}, 'teammate': True}, {'location': [104.9, 21.6], 'player': {'id': 3710, 'name': 'Fousseni Diabaté'}, 'position': {'id': 21, 'name': 'Left Wing'}, 'teammate': True}, {'location': [103.1, 25.8], 'player': {'id': 264381, 'name': 'Kennedy Amutenya'}, 'position': {'id': 3, 'name': 'Right Center Back'}, 'teammate': False}, {'location': [99.5, 28.7], 'player': {'id': 103799, 'name': 'Ivan Kamberipa'}, 'position': {'id': 2, 'name': 'Right Back'}, 'teammate': False}, {'location': [99.3, 32.8], 'player': {'id': 389316, 'name': 'Ngero Kaanjuka Katua'}, 'position': {'id': 15, 'name': 'Left Center Midfield'}, 'teammate': False}, {'location': [105.5, 30.2], 'player': {'id': 136406, 'name': 'Aprocious Petrus'}, 'position': {'id': 10, 'name': 'Center Defensive Midfield'}, 'teammate': False}, {'location': [103.3, 38.7], 'player': {'id': 135004, 'name': 'Lubeni Haukongo'}, 'position': {'id': 5, 'name': 'Left Center Back'}, 'teammate': False}, {'location': [98.7, 45.3], 'player': {'id': 64612, 'name': 'Deon Hotto Kavendji'}, 'position': {'id': 16, 'name': 'Left Midfield'}, 'teammate': False}, {'location': [108.6, 43.4], 'player': {'id': 65555, 'name': 'Riaan Hanamub'}, 'position': {'id': 6, 'name': 'Left Back'}, 'teammate': False}, {'location': [105.3, 50.4], 'player': {'id': 199653, 'name': 'Nene Dorgeles'}, 'position': {'id': 17, 'name': 'Right Wing'}, 'teammate': True}, {'location': [116.4, 39.5], 'player': {'id': 125324, 'name': 'Lloyd Junior Kazapua'}, 'position': {'id': 1, 'name': 'Goalkeeper'}, 'teammate': False}]",662bff69-7442-4fcf-bfa6-0f23adaa4b4c,,Off T,,0.12295258,Normal,Open Play,,,,,,Mali,4930,00:19:16.611,Shot,
,,,,,,,,,,,,,1.344947,,,,,,,,,,,,63a7bec3-d6eb-47e1-b941-2689029c9362,2121,,"[86.8, 51.9]",3920417,70,,,,,,,,,,,,,,,,,,,,,,,,2,From Free Kick,Yves Bissouma,4385.0,Left Defensive Midfield,134,Mali,4930,['e89e6989-f0c2-4ca4-85b7-84cca386924c'],26,,Right Foot,"[120.0, 41.9, 6.0]",,"[{'location': [102.4, 33.6], 'player': {'id': 199653, 'name': 'Nene Dorgeles'}, 'position': {'id': 17, 'name': 'Right Wing'}, 'teammate': True}, {'location': [102.2, 36.0], 'player': {'id': 65723, 'name': 'Peter Shalulile'}, 'position': {'id': 23, 'name': 'Center Forward'}, 'teammate': False}, {'location': [102.2, 29.0], 'player': {'id': 389319, 'name': 'Muzeu Bethuel'}, 'position': {'id': 12, 'name': 'Right Midfield'}, 'teammate': False}, {'location': [101.8, 38.4], 'player': {'id': 64612, 'name': 'Deon Hotto Kavendji'}, 'position': {'id': 16, 'name': 'Left Midfield'}, 'teammate': False}, {'location': [103.0, 37.0], 'player': {'id': 162132, 'name': 'Kamory Doumbia'}, 'position': {'id': 19, 'name': 'Center Attacking Midfield'}, 'teammate': True}, {'location': [103.4, 33.7], 'player': {'id': 136406, 'name': 'Aprocious Petrus'}, 'position': {'id': 10, 'name': 'Center Defensive Midfield'}, 'teammate': False}, {'location': [102.2, 32.7], 'player': {'id': 135004, 'name': 'Lubeni Haukongo'}, 'position': {'id': 5, 'name': 'Left Center Back'}, 'teammate': False}, {'location': [101.6, 35.3], 'player': {'id': 8992, 'name': 'Ibrahim Sissoko'}, 'position': {'id': 23, 'name': 'Center Forward'}, 'teammate': True}, {'location': [102.2, 31.3], 'player': {'id': 3248, 'name': 'Hamari Traoré'}, 'position': {'id': 2, 'name': 'Right Back'}, 'teammate': True}, {'location': [101.7, 23.6], 'player': {'id': 40868, 'name': 'Amadou Dante'}, 'position': {'id': 6, 'name': 'Left Back'}, 'teammate': True}, {'location': [83.7, 35.2], 'player': {'id': 23331, 'name': 'Boubakar Kouyate'}, 'position': {'id': 3, 'name': 'Right Center Back'}, 'teammate': True}, {'location': [87.5, 30.5], 'player': {'id': 7295, 'name': 'Sikou Niakate'}, 'position': {'id': 5, 'name': 'Left Center Back'}, 'teammate': True}, {'location': [98.5, 35.7], 'player': {'id': 24806, 'name': 'Mohamed Camara'}, 'position': {'id': 9, 'name': 'Right Defensive Midfield'}, 'teammate': True}, {'location': [99.3, 48.8], 'player': {'id': 389316, 'name': 'Ngero Kaanjuka Katua'}, 'position': {'id': 15, 'name': 'Left Center Midfield'}, 'teammate': False}, {'location': [103.0, 34.5], 'player': {'id': 264381, 'name': 'Kennedy Amutenya'}, 'position': {'id': 3, 'name': 'Right Center Back'}, 'teammate': False}, {'location': [102.4, 26.3], 'player': {'id': 103799, 'name': 'Ivan Kamberipa'}, 'position': {'id': 2, 'name': 'Right Back'}, 'teammate': False}, {'location': [99.2, 48.1], 'player': {'id': 103803, 'name': 'Prins Menelik Tjiueza'}, 'position': {'id': 13, 'name': 'Right Center Midfield'}, 'teammate': False}, {'location': [101.3, 60.5], 'player': {'id': 3710, 'name': 'Fousseni Diabaté'}, 'position': {'id': 21, 'name': 'Left Wing'}, 'teammate': True}, {'location': [102.7, 42.9], 'player': {'id': 65555, 'name': 'Riaan Hanamub'}, 'position': {'id': 6, 'name': 'Left Back'}, 'teammate': False}, {'location': [118.5, 39.2], 'player': {'id': 125324, 'name': 'Lloyd Junior Kazapua'}, 'position': {'id': 1, 'name': 'Goalkeeper'}, 'teammate': False}]",,,Off T,,0.008077526,Normal,Free Kick,,,,,,Mali,4930,00:25:26.718,Shot,
,,,,,,,,,,,,,0.511926,,,,,,,,,,,,9e085877-1f42-49d4-88bf-4da008a087cf,2245,,"[102.9, 20.6]",3920417,74,,,,,,,,,,,,,,,,,,,,,,,,2,Regular Play,Nene Dorgeles,199653.0,Left Wing,138,Mali,4930,['70df6957-38ff-4a7d-90e4-521f98c007f2'],9,,Left Foot,"[102.4, 34.2]",True,"[{'location': [110.5, 1.4], 'player': {'id': 40868, 'name': 'Amadou Dante'}, 'position': {'id': 6, 'name': 'Left Back'}, 'teammate': True}, {'location': [107.8, 33.6], 'player': {'id': 162132, 'name': 'Kamory Doumbia'}, 'position': {'id': 19, 'name': 'Center Attacking Midfield'}, 'teammate': True}, {'location': [110.5, 28.5], 'player': {'id': 8992, 'name': 'Ibrahim Sissoko'}, 'position': {'id': 23, 'name': 'Center Forward'}, 'teammate': True}, {'location': [104.7, 22.4], 'player': {'id': 136406, 'name': 'Aprocious Petrus'}, 'position': {'id': 10, 'name': 'Center Defensive Midfield'}, 'teammate': False}, {'location': [95.7, 19.2], 'player': {'id': 103803, 'name': 'Prins Menelik Tjiueza'}, 'position': {'id': 13, 'name': 'Right Center Midfield'}, 'teammate': False}, {'location': [112.4, 30.4], 'player': {'id': 264381, 'name': 'Kennedy Amutenya'}, 'position': {'id': 3, 'name': 'Right Center Back'}, 'teammate': False}, {'location': [109.5, 20.6], 'player': {'id': 103799, 'name': 'Ivan Kamberipa'}, 'position': {'id': 2, 'name': 'Right Back'}, 'teammate': False}, {'location': [113.2, 39.5], 'player': {'id': 135004, 'name': 'Lubeni Haukongo'}, 'position': {'id': 5, 'name': 'Left Center Back'}, 'teammate': False}, {'location': [99.9, 35.2], 'player': {'id': 389316, 'name': 'Ngero Kaanjuka Katua'}, 'position': {'id': 15, 'name': 'Left Center Midfield'}, 'teammate': False}, {'location': [87.2, 49.9], 'player': {'id': 3248, 'name': 'Hamari Traoré'}, 'position': {'id': 2, 'name': 'Right Back'}, 'teammate': True}, {'location': [113.1, 8.6], 'player': {'id': 64612, 'name': 'Deon Hotto Kavendji'}, 'position': {'id': 16, 'name': 'Left Midfield'}, 'teammate': False}, {'location': [100.5, 46.7], 'player': {'id': 103804, 'name': 'Absalom Iimbondi'}, 'position': {'id': 12, 'name': 'Right Midfield'}, 'teammate': False}, {'location': [105.8, 49.4], 'player': {'id': 3710, 'name': 'Fousseni Diabaté'}, 'position': {'id': 17, 'name': 'Right Wing'}, 'teammate': True}, {'location': [111.1, 47.5], 'player': {'id': 65555, 'name': 'Riaan Hanamub'}, 'position': {'id': 6, 'name': 'Left Back'}, 'teammate': False}, {'location': [118.7, 37.1], 'player': {'id': 125324, 'name': 'Lloyd Junior Kazapua'}, 'position': {'id': 1, 'name': 'Goalkeeper'}, 'teammate': False}]",,,Wayward,,0.00797598,Half Volley,Open Play,,,,,,Mali,4930,00:29:09.178,Shot,
,,,,,,,,,,,,,0.07057,,,,,,,,,,,,ca0a17e8-bc88-4022-ac82-0a23c085f707,2434,,"[99.5, 56.8]",3920417,82,,,,,,,,,,,,,,,,,,,,,,,,2,From Throw In,Hamari Traoré,3248.0,Right Back,148,Mali,4930,"['b931dac7-5bc3-4523-885e-cf0cbfacd55f', '8e0ac005-fe68-47ef-8588-0018f7d77d0f']",19,,Right Foot,"[101.8, 55.0]",,"[{'location': [100.3, 23.9], 'player': {'id': 64612, 'name': 'Deon Hotto Kavendji'}, 'position': {'id': 16, 'name': 'Left Midfield'}, 'teammate': False}, {'location': [117.3, 43.1], 'player': {'id': 125324, 'name': 'Lloyd Junior Kazapua'}, 'position': {'id': 1, 'name': 'Goalkeeper'}, 'teammate': False}, {'location': [96.6, 43.1], 'player': {'id': 103801, 'name': 'Marcel Papama'}, 'position': {'id': 13, 'name': 'Right Center Midfield'}, 'teammate': False}, {'location': [105.3, 30.5], 'player': {'id': 103799, 'name': 'Ivan Kamberipa'}, 'position': {'id': 2, 'name': 'Right Back'}, 'teammate': False}, {'location': [102.7, 38.0], 'player': {'id': 136406, 'name': 'Aprocious Petrus'}, 'position': {'id': 10, 'name': 'Center Defensive Midfield'}, 'teammate': False}, {'location': [108.0, 36.0], 'player': {'id': 264381, 'name': 'Kennedy Amutenya'}, 'position': {'id': 3, 'name': 'Right Center Back'}, 'teammate': False}, {'location': [108.5, 42.5], 'player': {'id': 135004, 'name': 'Lubeni Haukongo'}, 'position': {'id': 5, 'name': 'Left Center Back'}, 'teammate': False}, {'location': [100.2, 47.5], 'player': {'id': 389316, 'name': 'Ngero Kaanjuka Katua'}, 'position': {'id': 15, 'name': 'Left Center Midfield'}, 'teammate': False}, {'location': [102.3, 55.4], 'player': {'id': 65555, 'name': 'Riaan Hanamub'}, 'position': {'id': 6, 'name': 'Left Back'}, 'teammate': False}, {'location': [99.6, 52.9], 'player': {'id': 103804, 'name': 'Absalom Iimbondi'}, 'position': {'id': 12, 'name': 'Right Midfield'}, 'teammate': False}, {'location': [93.4, 42.9], 'player': {'id': 4385, 'name': 'Yves Bissouma'}, 'position': {'id': 11, 'name': 'Left Defensive Midfield'}, 'teammate': True}, {'location': [106.1, 30.8], 'player': {'id': 199653, 'name': 'Nene Dorgeles'}, 'position': {'id': 21, 'name': 'Left Wing'}, 'teammate': True}, {'location': [107.5, 36.6], 'player': {'id': 8992, 'name': 'Ibrahim Sissoko'}, 'position': {'id': 23, 'name': 'Center Forward'}, 'teammate': True}, {'location': [105.9, 40.2], 'player': {'id': 162132, 'name': 'Kamory Doumbia'}, 'position': {'id': 19, 'name': 'Center Attacking Midfield'}, 'teammate': True}, {'location': [104.1, 64.0], 'player': {'id': 4464, 'name': 'Adama Traoré'}, 'position': {'id': 17, 'name': 'Right Wing'}, 'teammate': True}]",daf6e825-5ee6-4885-aaf6-91f8f1004eff,,Blocked,,0.0223961,Normal,Open Play,,,,,,Mali,4930,00:37:19.714,Shot,
,,,,,,,,,,,,,1.123574,,,,,,,,,,,,a83b2e13-e902-4386-b97f-68881470bc6a,2485,,"[89.5, 29.4]",3920417,84,,,,,,,,,,,,,,,,,,,,,,,,2,From Free Kick,Amadou Dante,40868.0,Left Back,150,Mali,4930,['2bb13151-896d-4fd6-af93-a550a4300921'],14,,Left Foot,"[119.0, 36.7, 0.8]",,"[{'location': [102.7, 25.7], 'player': {'id': 65555, 'name': 'Riaan Hanamub'}, 'position': {'id': 6, 'name': 'Left Back'}, 'teammate': False}, {'location': [100.7, 30.1], 'player': {'id': 64612, 'name': 'Deon Hotto Kavendji'}, 'position': {'id': 16, 'name': 'Left Midfield'}, 'teammate': False}, {'location': [100.6, 31.2], 'player': {'id': 389316, 'name': 'Ngero Kaanjuka Katua'}, 'position': {'id': 15, 'name': 'Left Center Midfield'}, 'teammate': False}, {'location': [100.6, 32.2], 'player': {'id': 103801, 'name': 'Marcel Papama'}, 'position': {'id': 13, 'name': 'Right Center Midfield'}, 'teammate': False}, {'location': [102.3, 52.8], 'player': {'id': 103804, 'name': 'Absalom Iimbondi'}, 'position': {'id': 12, 'name': 'Right Midfield'}, 'teammate': False}, {'location': [118.8, 38.7], 'player': {'id': 125324, 'name': 'Lloyd Junior Kazapua'}, 'position': {'id': 1, 'name': 'Goalkeeper'}, 'teammate': False}, {'location': [103.2, 36.8], 'player': {'id': 136406, 'name': 'Aprocious Petrus'}, 'position': {'id': 10, 'name': 'Center Defensive Midfield'}, 'teammate': False}, {'location': [103.1, 49.9], 'player': {'id': 103799, 'name': 'Ivan Kamberipa'}, 'position': {'id': 2, 'name': 'Right Back'}, 'teammate': False}, {'location': [102.8, 46.5], 'player': {'id': 135004, 'name': 'Lubeni Haukongo'}, 'position': {'id': 5, 'name': 'Left Center Back'}, 'teammate': False}, {'location': [103.0, 40.0], 'player': {'id': 264381, 'name': 'Kennedy Amutenya'}, 'position': {'id': 3, 'name': 'Right Center Back'}, 'teammate': False}, {'location': [103.2, 44.1], 'player': {'id': 65723, 'name': 'Peter Shalulile'}, 'position': {'id': 23, 'name': 'Center Forward'}, 'teammate': False}, {'location': [102.6, 19.8], 'player': {'id': 199653, 'name': 'Nene Dorgeles'}, 'position': {'id': 21, 'name': 'Left Wing'}, 'teammate': True}, {'location': [88.3, 26.6], 'player': {'id': 162132, 'name': 'Kamory Doumbia'}, 'position': {'id': 19, 'name': 'Center Attacking Midfield'}, 'teammate': True}, {'location': [102.4, 36.2], 'player': {'id': 8992, 'name': 'Ibrahim Sissoko'}, 'position': {'id': 23, 'name': 'Center Forward'}, 'teammate': True}, {'location': [101.6, 54.9], 'player': {'id': 4464, 'name': 'Adama Traoré'}, 'position': {'id': 17, 'name': 'Right Wing'}, 'teammate': True}, {'location': [102.7, 50.5], 'player': {'id': 7295, 'name': 'Sikou Niakate'}, 'position': {'id': 5, 'name': 'Left Center Back'}, 'teammate': True}, {'location': [102.2, 42.4], 'player': {'id': 24806, 'name': 'Mohamed Camara'}, 'position': {'id': 9, 'name': 'Right Defensive Midfield'}, 'teammate': True}, {'location': [93.8, 39.1], 'player': {'id': 4385, 'name': 'Yves Bissouma'}, 'position': {'id': 11, 'name': 'Left Defensive Midfield'}, 'teammate': True}, {'location': [85.9, 45.3], 'player': {'id': 3248, 'name': 'Hamari Traoré'}, 'position': {'id': 2, 'name': 'Right Back'}, 'teammate': True}]",,,Saved,,0.029245118,Normal,Free Kick,,,,,,Mali,4930,00:39:14.668,Shot,
,,,,,,,,,,,,,0.968222,,,,,,,,,,,,38ee815e-3147-42e2-a66b-a862e0b0d8fc,2489,,"[101.3, 44.5]",3920417,84,,,,,,,,,,,,,,,,,,,,,,,,2,From Corner,Yves Bissouma,4385.0,Left Defensive Midfield,151,Mali,4930,['e79b5a71-c601-4d75-907f-f9787f145970'],57,,Right Foot,"[120.0, 41.7, 6.9]",True,"[{'location': [106.7, 17.7], 'player': {'id': 64612, 'name': 'Deon Hotto Kavendji'}, 'position': {'id': 16, 'name': 'Left Midfield'}, 'teammate': False}, {'location': [111.4, 31.4], 'player': {'id': 65723, 'name': 'Peter Shalulile'}, 'position': {'id': 23, 'name': 'Center Forward'}, 'teammate': False}, {'location': [112.2, 35.7], 'player': {'id': 103799, 'name': 'Ivan Kamberipa'}, 'position': {'id': 2, 'name': 'Right Back'}, 'teammate': False}, {'location': [106.1, 36.7], 'player': {'id': 103801, 'name': 'Marcel Papama'}, 'position': {'id': 13, 'name': 'Right Center Midfield'}, 'teammate': False}, {'location': [110.3, 41.0], 'player': {'id': 135004, 'name': 'Lubeni Haukongo'}, 'position': {'id': 5, 'name': 'Left Center Back'}, 'teammate': False}, {'location': [111.5, 38.0], 'player': {'id': 264381, 'name': 'Kennedy Amutenya'}, 'position': {'id': 3, 'name': 'Right Center Back'}, 'teammate': False}, {'location': [107.9, 43.5], 'player': {'id': 136406, 'name': 'Aprocious Petrus'}, 'position': {'id': 10, 'name': 'Center Defensive Midfield'}, 'teammate': False}, {'location': [118.8, 41.7], 'player': {'id': 125324, 'name': 'Lloyd Junior Kazapua'}, 'position': {'id': 1, 'name': 'Goalkeeper'}, 'teammate': False}, {'location': [112.3, 40.8], 'player': {'id': 65555, 'name': 'Riaan Hanamub'}, 'position': {'id': 6, 'name': 'Left Back'}, 'teammate': False}, {'location': [105.6, 41.2], 'player': {'id': 389316, 'name': 'Ngero Kaanjuka Katua'}, 'position': {'id': 15, 'name': 'Left Center Midfield'}, 'teammate': False}, {'location': [103.9, 43.0], 'player': {'id': 103804, 'name': 'Absalom Iimbondi'}, 'position': {'id': 12, 'name': 'Right Midfield'}, 'teammate': False}, {'location': [116.1, 0.1], 'player': {'id': 199653, 'name': 'Nene Dorgeles'}, 'position': {'id': 21, 'name': 'Left Wing'}, 'teammate': True}, {'location': [112.4, 39.5], 'player': {'id': 8992, 'name': 'Ibrahim Sissoko'}, 'position': {'id': 23, 'name': 'Center Forward'}, 'teammate': True}, {'location': [107.8, 39.6], 'player': {'id': 7295, 'name': 'Sikou Niakate'}, 'position': {'id': 5, 'name': 'Left Center Back'}, 'teammate': True}, {'location': [106.7, 33.1], 'player': {'id': 23331, 'name': 'Boubakar Kouyate'}, 'position': {'id': 3, 'name': 'Right Center Back'}, 'teammate': True}, {'location': [105.7, 34.2], 'player': {'id': 162132, 'name': 'Kamory Doumbia'}, 'position': {'id': 19, 'name': 'Center Attacking Midfield'}, 'teammate': True}]",86916daf-2df9-485d-b246-5b9fb1c8ad36,,Off T,,0.035698153,Volley,Open Play,,,,,,Mali,4930,00:39:57.852,Shot,
,,,,,,,,,,,,,0.296049,,,,,,,,,,,,0a1f4530-65bc-4654-9c76-f1506fac009c,2514,,"[97.6, 45.3]",3920417,85,,,,,,,,,,,,,,,,,,,,,,,,2,Regular Play,Mohamed Camara,24806.0,Right Defensive Midfield,153,Mali,4930,"['579f37a2-06c2-4f06-927c-3b735ababdda', 'f5c81e1a-7923-460b-aeb5-dd1c5eb93171']",48,,Right Foot,"[108.6, 42.3]",True,"[{'location': [106.6, 40.2], 'player': {'id': 136406, 'name': 'Aprocious Petrus'}, 'position': {'id': 10, 'name': 'Center Defensive Midfield'}, 'teammate': False}, {'location': [112.4, 48.2], 'player': {'id': 103799, 'name': 'Ivan Kamberipa'}, 'position': {'id': 2, 'name': 'Right Back'}, 'teammate': False}, {'location': [105.8, 44.5], 'player': {'id': 103801, 'name': 'Marcel Papama'}, 'position': {'id': 13, 'name': 'Right Center Midfield'}, 'teammate': False}, {'location': [118.4, 40.4], 'player': {'id': 125324, 'name': 'Lloyd Junior Kazapua'}, 'position': {'id': 1, 'name': 'Goalkeeper'}, 'teammate': False}, {'location': [116.5, 61.2], 'player': {'id': 65555, 'name': 'Riaan Hanamub'}, 'position': {'id': 6, 'name': 'Left Back'}, 'teammate': False}, {'location': [113.6, 56.4], 'player': {'id': 103804, 'name': 'Absalom Iimbondi'}, 'position': {'id': 12, 'name': 'Right Midfield'}, 'teammate': False}, {'location': [113.4, 51.6], 'player': {'id': 135004, 'name': 'Lubeni Haukongo'}, 'position': {'id': 5, 'name': 'Left Center Back'}, 'teammate': False}, {'location': [109.0, 42.1], 'player': {'id': 264381, 'name': 'Kennedy Amutenya'}, 'position': {'id': 3, 'name': 'Right Center Back'}, 'teammate': False}, {'location': [106.1, 56.0], 'player': {'id': 389316, 'name': 'Ngero Kaanjuka Katua'}, 'position': {'id': 15, 'name': 'Left Center Midfield'}, 'teammate': False}, {'location': [93.3, 38.5], 'player': {'id': 4385, 'name': 'Yves Bissouma'}, 'position': {'id': 11, 'name': 'Left Defensive Midfield'}, 'teammate': True}, {'location': [102.8, 36.2], 'player': {'id': 199653, 'name': 'Nene Dorgeles'}, 'position': {'id': 21, 'name': 'Left Wing'}, 'teammate': True}, {'location': [108.7, 43.8], 'player': {'id': 162132, 'name': 'Kamory Doumbia'}, 'position': {'id': 19, 'name': 'Center Attacking Midfield'}, 'teammate': True}, {'location': [102.8, 53.9], 'player': {'id': 4464, 'name': 'Adama Traoré'}, 'position': {'id': 17, 'name': 'Right Wing'}, 'teammate': True}, {'location': [112.3, 59.7], 'player': {'id': 8992, 'name': 'Ibrahim Sissoko'}, 'position': {'id': 23, 'name': 'Center Forward'}, 'teammate': True}, {'location': [84.3, 67.3], 'player': {'id': 3248, 'name': 'Hamari Traoré'}, 'position': {'id': 2, 'name': 'Right Back'}, 'teammate': True}, {'location': [103.2, 38.0], 'player': {'id': 64612, 'name': 'Deon Hotto Kavendji'}, 'position': {'id': 16, 'name': 'Left Midfield'}, 'teammate': False}]",d8827641-d9e5-49de-a3e5-f7f312b8815b,,Blocked,,0.040958624,Normal,Open Play,,,,,,Mali,4930,00:40:48.856,Shot,
,,,,,,,,,,,,,0.395102,,,,,,,,,,,,8c5c8514-4711-470b-a209-563c08ba5af0,2528,,"[90.1, 47.2]",3920417,87,,,,,,,,,,,,,,,,,,,,,,,,2,From Free Kick,Adama Traoré,4464.0,Right Wing,154,Mali,4930,"['a4d00cd9-5efe-4622-bab7-3641c1614fda', '2f5db52b-5b93-4f9e-a07c-1b8978dd6fda']",13,,Left Foot,"[100.2, 45.2]",,"[{'location': [119.2, 38.5], 'player': {'id': 125324, 'name': 'Lloyd Junior Kazapua'}, 'position': {'id': 1, 'name': 'Goalkeeper'}, 'teammate': False}, {'location': [101.9, 42.2], 'player': {'id': 7295, 'name': 'Sikou Niakate'}, 'position': {'id': 5, 'name': 'Left Center Back'}, 'teammate': True}, {'location': [101.4, 25.8], 'player': {'id': 23331, 'name': 'Boubakar Kouyate'}, 'position': {'id': 3, 'name': 'Right Center Back'}, 'teammate': True}, {'location': [103.1, 32.8], 'player': {'id': 65555, 'name': 'Riaan Hanamub'}, 'position': {'id': 6, 'name': 'Left Back'}, 'teammate': False}, {'location': [101.4, 41.3], 'player': {'id': 64612, 'name': 'Deon Hotto Kavendji'}, 'position': {'id': 16, 'name': 'Left Midfield'}, 'teammate': False}, {'location': [101.0, 40.0], 'player': {'id': 135004, 'name': 'Lubeni Haukongo'}, 'position': {'id': 5, 'name': 'Left Center Back'}, 'teammate': False}, {'location': [101.8, 35.4], 'player': {'id': 264381, 'name': 'Kennedy Amutenya'}, 'position': {'id': 3, 'name': 'Right Center Back'}, 'teammate': False}, {'location': [101.6, 37.3], 'player': {'id': 103799, 'name': 'Ivan Kamberipa'}, 'position': {'id': 2, 'name': 'Right Back'}, 'teammate': False}, {'location': [101.7, 29.4], 'player': {'id': 136406, 'name': 'Aprocious Petrus'}, 'position': {'id': 10, 'name': 'Center Defensive Midfield'}, 'teammate': False}, {'location': [100.3, 44.2], 'player': {'id': 103801, 'name': 'Marcel Papama'}, 'position': {'id': 13, 'name': 'Right Center Midfield'}, 'teammate': False}, {'location': [100.3, 45.1], 'player': {'id': 65723, 'name': 'Peter Shalulile'}, 'position': {'id': 23, 'name': 'Center Forward'}, 'teammate': False}, {'location': [100.4, 46.1], 'player': {'id': 389316, 'name': 'Ngero Kaanjuka Katua'}, 'position': {'id': 15, 'name': 'Left Center Midfield'}, 'teammate': False}, {'location': [101.3, 50.6], 'player': {'id': 103804, 'name': 'Absalom Iimbondi'}, 'position': {'id': 12, 'name': 'Right Midfield'}, 'teammate': False}, {'location': [88.5, 37.3], 'player': {'id': 4385, 'name': 'Yves Bissouma'}, 'position': {'id': 11, 'name': 'Left Defensive Midfield'}, 'teammate': True}, {'location': [86.7, 31.0], 'player': {'id': 40868, 'name': 'Amadou Dante'}, 'position': {'id': 6, 'name': 'Left Back'}, 'teammate': True}, {'location': [102.9, 31.5], 'player': {'id': 199653, 'name': 'Nene Dorgeles'}, 'position': {'id': 21, 'name': 'Left Wing'}, 'teammate': True}, {'location': [100.9, 36.3], 'player': {'id': 8992, 'name': 'Ibrahim Sissoko'}, 'position': {'id': 23, 'name': 'Center Forward'}, 'teammate': True}, {'location': [99.6, 35.1], 'player': {'id': 162132, 'name': 'Kamory Doumbia'}, 'position': {'id': 19, 'name': 'Center Attacking Midfield'}, 'teammate': True}, {'location': [101.3, 58.1], 'player': {'id': 24806, 'name': 'Mohamed Camara'}, 'position': {'id': 9, 'name': 'Right Defensive Midfield'}, 'teammate': True}]",,,Blocked,,0.041905444,Normal,Free Kick,,,,,,Mali,4930,00:42:13.380,Shot,
,,,,,,,,,,,,,0.0,,,,,,,,,,,,5eed3cc0-2594-454b-8611-51c62cecb6f8,53,,"[19.7, 39.7]",3920417,0,,,,,,,,,,,,,,,,,,,,,,,,1,From Throw In,Muzeu Bethuel,389319.0,Right Midfield,3,Mali,4930,['9275fbef-4d1d-4cce-9578-963f86bd2067'],43,,,,,,,,,,,,,,,,,,Namibia,4980,00:00:43.891,Block,
,,,,,,,,,,,,,0.0,,,,,,,,,,,,5507fe9c-77cc-4758-b231-4355a1b543c8,172,,"[44.3, 9.7]",3920417,5,,,,,,,,,,,,,,,,,,,,,,,,1,Regular Play,Riaan Hanamub,65555.0,Left Back,13,Mali,4930,['2ee8bd3e-5588-4163-a6b9-6465be85fbbe'],41,,,,,,,,,,,,,,,,,,Namibia,4980,00:05:41.236,Block,
,,,,,,,,,,,,,0.0,,,,,,,,,,,,c404a39d-24b1-4799-a657-9c10fab907a5,217,,"[95.3, 7.5]",3920417,6,,,,,,,,,,,,,,,,,,,,,,,,1,Regular Play,Muzeu Bethuel,389319.0,Right Midfield,16,Mali,4930,['677e95b0-c33c-4f42-93c5-8b4e47c81a94'],41,,,,,,,,,,,,,,,,,,Namibia,4980,00:06:41.333,Block,
,,,,,,,,,True,,,,0.0,,,,,,,,,,,,5e6fde1c-df47-4beb-8489-74df8db53870,223,,"[47.9, 73.7]",3920417,6,,,,,,,,,,,,,,,,,,,,,,,,1,Regular Play,Lassine Sinayoko,105182.0,Left Center Forward,17,Namibia,4980,['29859a15-937c-4cba-95ea-5f8f543ae2e2'],46,,,,,,,,,,,,,,,,,,Mali,4930,00:06:46.890,Block,
,,,,,,,,,,,,,0.0,,,,,,,,,,,,3c2ae83c-fb93-496e-b932-156068be1a10,431,,"[20.4, 70.8]",3920417,13,,,,,,,,,,,,,,,,,,,,,,,,1,From Free Kick,Kennedy Amutenya,264381.0,Right Center Back,33,Mali,4930,['51df6794-1d60-4c00-b44d-af8793f347e0'],24,,,,,,,,,,,,,,,,,,Namibia,4980,00:13:24.228,Block,
,,,,,,,,,,,,,0.0,,,,,,,,,,,,78a7c30f-7d06-477a-88c3-e093580e9909,539,,"[76.9, 24.1]",3920417,15,,,,,,,,,,,,,,,,,,,,,,,,1,From Free Kick,Lassine Sinayoko,105182.0,Left Center Forward,36,Mali,4930,['28071c5f-6e7c-4ecf-8602-611cf4c52fbb'],56,,,,,,,,,,,,,,,,,,Mali,4930,00:15:56.471,Block,
,,,,,,,,,,,,,0.0,,,,,,,,,,,,2f3e0cc7-92ef-4ac7-b04f-655367f67b60,996,,"[17.6, 72.6]",3920417,33,,True,,,,,,,,,,,,,,,,,,,,,,1,From Throw In,Aliou Dieng,67714.0,Right Defensive Midfield,64,Namibia,4980,['9512b047-468d-44e7-a87d-e1718782e869'],19,,,,,,,,,,,,,,,,,,Mali,4930,00:33:19.925,Block,
,,,,,,,,,,,,,0.0,,,,,,,,,,,,ab283f64-6e1e-4370-8d6b-64dc18160b99,1064,,"[3.4, 44.0]",3920417,36,,True,,,,,,,,,,,,,,,,,,,,,,1,From Corner,Boubakar Kouyate,23331.0,Right Center Back,69,Namibia,4980,['8043e0f4-d569-46ff-86d6-96ab7a18db1a'],51,,,,,,,,,,,,,,,,,,Mali,4930,00:36:51.204,Block,
,,,,,,,,,,,,,0.0,,,,,,,,,,,,485b293f-3fad-4694-904d-1ded820f6517,1295,,"[100.2, 47.8]",3920417,43,,,,,,,,,,,,,,,,,,,,,,,,1,From Free Kick,Prins Menelik Tjiueza,103803.0,Right Center Midfield,78,Namibia,4980,,42,,,,,,,,,,,,,,,,,,Namibia,4980,00:43:42.502,Block,
,,,,,,,,,True,,,,0.0,,,,,,,,,,,,b90b44eb-bfe2-45ed-9290-63f5bfa55f37,1487,,"[76.4, 76.6]",3920417,47,,True,,,,,,,,,,,,,,,,,,,,,,2,Regular Play,Muzeu Bethuel,389319.0,Right Midfield,92,Mali,4930,['fb00572c-0813-41e3-81f4-8b94aabacc60'],21,,,,,,,,,,,,,,,,,,Namibia,4980,00:02:21.502,Block,
,,,,,,,,,True,,,,0.0,,,,,,,,,,,,5cb390d5-dd75-4ca4-9b65-1392fd0959c7,1541,,"[108.4, 7.7]",3920417,48,,True,,,,,,,,,,,,,,,,,,,,,,2,Regular Play,Deon Hotto Kavendji,64612.0,Left Midfield,94,Namibia,4980,['8bb753ec-ae55-498c-8627-8fe468ef7ff1'],33,,,,,,,,,,,,,,,,,,Namibia,4980,00:03:33.574,Block,
,,,,,,,,,,,,,0.0,,,,,,,,,,,,78c53785-413d-4ea4-9621-bdf4c3dfdfc2,1609,,"[23.1, 77.0]",3920417,52,,,,,,,,,,,,,,,,,,,,,,,,2,From Throw In,Fousseni Diabaté,3710.0,Right Midfield,101,Namibia,4980,['07172249-6045-4d89-93ce-890f5175de0d'],25,,,,,,,,,,,,,,,,,,Mali,4930,00:07:25.494,Block,
,,,,,,,,,,,,,0.0,,,,,,,,,,,,bb8a7826-dc7c-40e2-86d6-23e724288057,1736,,"[9.8, 55.5]",3920417,57,,True,,,,,,,,,,,,,,,,,,,,,,2,From Goal Kick,Sikou Niakate,7295.0,Left Center Back,112,Namibia,4980,['d97a6099-8b37-4636-8579-0d0bd399a5c1'],16,,,,,,,,,,,,,,,,,,Mali,4930,00:12:16.181,Block,
,,,,,,,,,,,,,0.0,,,,,,,,,,,,c07f2c50-19a1-4073-b7cc-96d73cb0a00b,1771,,"[26.5, 1.0]",3920417,59,,True,,,,,,,,,,,,,,,,,,,,,,2,From Throw In,Fousseni Diabaté,3710.0,Left Wing,115,Namibia,4980,['1340658d-1722-4775-aad8-a490a4837e17'],2,,,,,,,,,,,,,,,,,,Mali,4930,00:14:02.274,Block,
,,,,,,,,,,,,,0.0,,,,,,,,,,,,5a761bb2-c0d9-4297-abea-0d3fa4150436,1827,,"[3.6, 6.9]",3920417,61,,True,,,,,,,,,,,,,,,,,,,,,,2,From Throw In,Moussa Diarra,32952.0,Left Back,120,Namibia,4980,['5daa4457-915e-4314-b4db-880f2f91f09c'],2,,,,,,,,,,,,,,,,,,Mali,4930,00:16:02.144,Block,
,,,,,,,,,,,,,0.0,,,,,,,,,,,,f269b61f-596a-4632-b8a5-d12589deda5f,1835,,"[19.8, 12.2]",3920417,61,,,,,,,,,,,,,,,,,,,,,,,,2,From Throw In,Kamory Doumbia,162132.0,Center Attacking Midfield,121,Namibia,4980,['7e813fe6-3ba9-4093-8c51-4e1cf6015f2b'],20,,,,,,,,,,,,,,,,,,Mali,4930,00:16:20.004,Block,
,,,,,,,,,,,,,0.0,,,,,,,,,,,,1329e3b2-6b56-44eb-a800-bca939910e54,1854,,"[26.5, 72.4]",3920417,61,,,,,,,,,,,,,,,,,,,,,,,,2,From Throw In,Nene Dorgeles,199653.0,Right Wing,121,Namibia,4980,['148ddedd-f4c5-4c52-9ed7-c0b3ce0f091d'],37,,,,,,,,,,,,,,,,,,Mali,4930,00:16:37.732,Block,
,,,,,,,,,,,,,0.0,,,,,,,,,,,,c7c3479b-5097-4fe9-9dbe-270d15cb16d7,1876,,"[51.8, 17.5]",3920417,61,,,,,,,,,,,,,,,,,,,,,,,,2,From Throw In,Kamory Doumbia,162132.0,Center Attacking Midfield,121,Namibia,4980,['32009d20-43e0-418f-8f76-0b6cc222e2fd'],52,,,,,,,,,,,,,,,,,,Mali,4930,00:16:52.414,Block,
,,,,,,,,,,,,,0.0,,,,,,,,,,,,204862ca-73bf-49db-857d-60d41b8e5bf5,2269,,"[26.6, 68.9]",3920417,78,,True,,,,,,,,,,,,,,,,,,,,,,2,From Corner,Yves Bissouma,4385.0,Left Defensive Midfield,140,Namibia,4980,['f1f08027-fd21-4739-a888-39c740c274a9'],15,,,,,,,,,,,,,,,,,,Mali,4930,00:33:15.828,Block,
,,,,,,,,,,,,,0.0,,,,,,,,,,,,e90e1a24-ab3b-4a25-9e35-4ffa72593072,2288,,"[13.7, 73.9]",3920417,79,,True,,,,,,,,,,,,,,,,,,,,,,2,From Throw In,Fousseni Diabaté,3710.0,Right Wing,142,Namibia,4980,['186f5616-b13e-47aa-b519-af9aa0247c52'],16,,,,,,,,,,,,,,,,,,Mali,4930,00:34:16.372,Block,
,,,,,,,,,,,,,0.0,,,,,,,,,,,,3ae37811-8281-44ab-9242-00e6fde61003,2315,,"[112.9, 3.2]",3920417,79,,,,,,,,,,,,,,,,,,,,,,,,2,Regular Play,Peter Shalulile,65723.0,Center Forward,145,Mali,4930,['3a9d91f3-49e9-479c-8107-dc92bf2688ef'],43,,,,,,,,,,,,,,,,,,Namibia,4980,00:34:43.451,Block,
,,,,,,,,,,,,,0.0,,,,,,,,,,,,840afbb9-ff93-40d1-a00b-d8c7c523e3be,2344,,"[109.1, 7.5]",3920417,80,,True,,,,,,,,,,,,,,,,,,,,,,2,Regular Play,Amadou Dante,40868.0,Left Back,146,Namibia,4980,['b4b097cb-ffe5-4abc-bd8c-0c7c45fa144f'],9,,,,,,,,,,,,,,,,,,Mali,4930,00:35:09.413,Block,
,,,,,,,,,,,,,0.0,,,,,,,,,,,,45985954-7e6a-4b93-bf5a-780eb161007f,2352,,"[91.6, 4.2]",3920417,80,,,,,,,,,,,,,,,,,,,,,,,,2,From Throw In,Kamory Doumbia,162132.0,Center Attacking Midfield,147,Namibia,4980,['ed66674b-7882-4854-9255-9a574275106f'],48,,,,,,,,,,,,,,,,,,Mali,4930,00:35:48.001,Block,
,,,,,,,,,,,,,0.0,,,,,,,,,,,,8e0ac005-fe68-47ef-8588-0018f7d77d0f,2435,,"[18.3, 25.1]",3920417,82,,True,,,,,,,,,,,,,,,,,,,,,,2,From Throw In,Riaan Hanamub,65555.0,Left Back,148,Mali,4930,['ca0a17e8-bc88-4022-ac82-0a23c085f707'],19,,,,,,,,,,,,,,,,,,Namibia,4980,00:37:19.785,Block,
,,,,,,,,,,,,,0.0,,,,,,,,,,,,f5c81e1a-7923-460b-aeb5-dd1c5eb93171,2515,,"[11.5, 37.8]",3920417,85,,,,,,,,,,,,,,,,,,,,,,,,2,Regular Play,Kennedy Amutenya,264381.0,Right Center Back,153,Mali,4930,['0a1f4530-65bc-4654-9c76-f1506fac009c'],49,,,,,,,,,,,,,,,,,,Namibia,4980,00:40:49.152,Block,
,,,,,,,,,,,,,0.0,,,,,,,,,,,,a4d00cd9-5efe-4622-bab7-3641c1614fda,2529,,"[19.9, 34.9]",3920417,87,,,,,,,,,,,,,,,,,,,,,,,,2,From Free Kick,Peter Shalulile,65723.0,Center Forward,154,Mali,4930,['8c5c8514-4711-470b-a209-563c08ba5af0'],13,,,,,,,,,,,,,,,,,,Namibia,4980,00:42:13.775,Block,
,,,,,,,,,,,,,0.0,,,,,,,,,,,,1dc61d4e-5ab8-47c7-bca6-f355739f25ab,2553,,"[3.6, 72.1]",3920417,89,,,,,,,,,,,,,,,,,,,,,,,,2,From Throw In,Hamari Traoré,3248.0,Right Back,157,Namibia,4980,['8d9ea81c-4812-4606-a5a4-b6d9aa6909a3'],42,,,,,,,,,,,,,,,,,,Mali,4930,00:44:42.479,Block,
,,,,,,,,,,,,,0.0,,,,,,,,,,,,69f358e7-a65c-48ab-8123-10682a21862a,2554,,"[7.2, 72.7]",3920417,89,,True,,,,,,,,,,,,,,,,,,,,,,2,From Throw In,Adama Traoré,4464.0,Right Wing,157,Namibia,4980,,42,,,,,,,,,,,,,,,,,,Mali,4930,00:44:42.645,Block,
,,,,,,,,,,,,,0.0,,,,,,,,,,,,25f3abc3-b381-4fb9-b92b-413c92dfffae,2560,,"[5.8, 70.7]",3920417,90,,True,,,,,,,,,,,,,,,,,,,,,,2,From Corner,Adama Traoré,4464.0,Right Wing,158,Namibia,4980,['d04ac471-3a21-4b8a-bf8e-4c8ed62418e6'],11,,,,,,,,,,,,,,,,,,Mali,4930,00:45:11.167,Block,
,,,,,,,,,True,,,,0.0,,,,,,,,,,,,84c6e72b-a5d7-4af7-a4e2-87abdc697859,2568,,"[116.2, 5.6]",3920417,90,,True,,,,,,,,,,,,,,,,,,,,,,2,Regular Play,Absalom Iimbondi,103804.0,Right Midfield,160,Mali,4930,['6de345d7-9507-4f78-b354-ddd11d1cafaa'],24,,,,,,,,,,,,,,,,,,Namibia,4980,00:45:24.442,Block,
,,,,,,,,,,,,,0.0,,,,,,,,,,,,3f36a992-97a4-45e9-ad1c-2ae5d7ba66c3,2632,,"[19.6, 74.3]",3920417,92,,True,,,,,,,,,,,,,,,,,,,,,,2,Regular Play,Marcel Papama,103801.0,Right Center Midfield,164,Mali,4930,,27,,,,,,,,,,,,,,,,,,Namibia,4980,00:47:27.451,Block,
,,,,,,,,,,,,,0.0,,,,,,"[1.1, 38.9]",,Set,,,Shot Faced,1c292c42-26cf-46aa-8c7b-d6f1ca77984a,54,,"[1.1, 38.9]",3920417,0,,,,,,,,,,,,,,,,,,,,,,,,1,From Throw In,Lloyd Junior Kazapua,125324.0,Goalkeeper,3,Mali,4930,['9275fbef-4d1d-4cce-9578-963f86bd2067'],44,,,,,,,,,,,,,,,,,,Namibia,4980,00:00:44.010,Goal Keeper,
,,,,,,,,,,,,,0.0,,,,,,,Claim,,,,Keeper Sweeper,7603b2a0-8db6-4449-ac88-9b2aea6a8fc8,241,,"[8.1, 39.0]",3920417,7,,,,,,,,,,,,,,,,,,,,,,,,1,From Keeper,Djigui Diarra,102992.0,Goalkeeper,19,Mali,4930,['2568e60c-80d2-4973-90ae-efaa1dbd2ffc'],43,,,,,,,,,,,,,,,,,,Mali,4930,00:07:43.701,Goal Keeper,
,,,,,,,,,,,,,0.0,,,,,Left Hand,,In Play Danger,Set,True,Standing,Shot Saved to Post,651ba808-3fad-4e25-9787-b8551db928e1,532,,"[2.0, 42.4]",3920417,15,,,,,,,,,,,,,,,,,,,,,,,,1,Regular Play,Djigui Diarra,102992.0,Goalkeeper,35,Namibia,4980,['403eba8d-5441-4b22-a355-5570efc2ce55'],7,,,,,,,,,,,,,,,,,,Mali,4930,00:15:07.448,Goal Keeper,
,,,,,,,,,,,,,0.0,,,,,Both Hands,,In Play Danger,Set,,Standing,Shot Saved,8deebdb0-c5c1-45ff-94b2-f01cf510adb2,679,,"[1.4, 36.6]",3920417,20,,,,,,,,,,,,,,,,,,,,,,,,1,From Goal Kick,Lloyd Junior Kazapua,125324.0,Goalkeeper,44,Mali,4930,['5f93c22b-067b-4dd6-8a5f-30c0006acbb8'],38,,,,,,,,,,,,,,,,,,Namibia,4980,00:20:38.561,Goal Keeper,
,,,,,,,,,,,,,0.0,,,,,Right Foot,,Clear,,,,Keeper Sweeper,c519d24e-7542-4470-95cb-d3943e321b29,801,,"[13.2, 59.4]",3920417,24,,True,,,,,,,,,,,,,,,,,,,,,,1,Regular Play,Lloyd Junior Kazapua,125324.0,Goalkeeper,50,Mali,4930,['aa5ef495-692e-47d7-9a47-cf1771a2b9fc'],23,,,,,,,,,,,,,,,,,,Namibia,4980,00:24:23.607,Goal Keeper,
,,,,,,,,,,,,,0.0,,,,,,"[1.7, 39.4]",,Moving,,,Shot Faced,f1f8a357-d168-4276-be92-d6415c8b2ab5,923,,"[1.7, 39.4]",3920417,27,,,,,,,,,,,,,,,,,,,,,,,,1,From Throw In,Lloyd Junior Kazapua,125324.0,Goalkeeper,55,Mali,4930,['126322dc-cd4d-49ea-ba76-d0a40d870e8d'],2,,,,,,,,,,,,,,,,,,Namibia,4980,00:27:02.477,Goal Keeper,
,,,,,,,,,,,,,0.0,,,,,,,In Play Safe,,,,Punch,98de36ee-610a-4ed3-bd8b-9a7b6f71325e,978,,"[2.0, 41.7]",3920417,32,,,,,,,,,,,,,,,,,,,,,,,,1,From Corner,Djigui Diarra,102992.0,Goalkeeper,62,Namibia,4980,['2c7a2a67-9ea9-47e5-89b1-5875995dbae0'],31,,,,,,,,,,,,,,,,,,Mali,4930,00:32:31.479,Goal Keeper,
,,,,,,,,,,,,,0.0,,,,,,"[0.8, 40.5]",,Set,,,Shot Faced,4a3a9e47-6a19-4927-88cd-2b31b3f8a537,1065,,"[0.8, 40.5]",3920417,36,,,,,,,,,,,,,,,,,,,,,,,,1,From Corner,Djigui Diarra,102992.0,Goalkeeper,69,Namibia,4980,['8043e0f4-d569-46ff-86d6-96ab7a18db1a'],51,,,,,,,,,,,,,,,,,,Mali,4930,00:36:51.662,Goal Keeper,
,,,,,,,,,,,,,0.0,,,,,,"[0.9, 41.4]",,Set,,,Shot Faced,c48747d9-ad90-4d6a-b32f-6bd814cdae75,1288,,"[0.9, 41.4]",3920417,43,,,,,,,,,,,,,,,,,,,,,,,,1,From Free Kick,Djigui Diarra,102992.0,Goalkeeper,78,Namibia,4980,['73e3aa77-55ff-4951-bde7-4c176eff75da'],39,,,,,,,,,,,,,,,,,,Mali,4930,00:43:39.270,Goal Keeper,
,,,,,,,,,,,,,0.0,,,,,,"[0.7, 41.3]",,Set,,,Shot Faced,ba3c2e5d-782f-4a7e-86d1-109cd85a1d64,1657,,"[0.7, 41.3]",3920417,54,,,,,,,,,,,,,,,,,,,,,,,,2,From Corner,Djigui Diarra,102992.0,Goalkeeper,106,Namibia,4980,['ccc25a0e-67ea-45c8-af75-0b8d837b4034'],40,,,,,,,,,,,,,,,,,,Mali,4930,00:09:40.309,Goal Keeper,
,,,,,,,,,,,,,0.0,,,,,,"[1.6, 40.5]",,Set,,,Shot Faced,8f24b4b7-81ce-4d34-a2e3-2b473b1e831c,1906,,"[1.6, 40.5]",3920417,62,,,,,,,,,,,,,,,,,,,,,,,,2,Regular Play,Djigui Diarra,102992.0,Goalkeeper,123,Namibia,4980,['927b245b-cb93-486f-9cea-9c5035d0bee1'],9,,,,,,,,,,,,,,,,,,Mali,4930,00:17:09.800,Goal Keeper,
,,,,,,,,,,,,,0.0,,,,,,"[3.7, 40.6]",,Set,,,Shot Faced,063e7f34-70f0-4e48-a17b-88696721ebbf,1957,,"[3.7, 40.6]",3920417,64,,,,,,,,,,,,,,,,,,,,,,,,2,From Free Kick,Lloyd Junior Kazapua,125324.0,Goalkeeper,126,Mali,4930,['56f11a97-27c1-4c72-975b-d3434984f117'],17,,,,,,,,,,,,,,,,,,Namibia,4980,00:19:17.593,Goal Keeper,
,,,,,,,,,,,,,0.0,,,,,,,Claim,,,,Keeper Sweeper,606e59f4-4608-4118-9159-2ee38acb1cf4,1977,,"[4.8, 52.0]",3920417,65,,,,,,,,,,,,,,,,,,,,,,,,2,From Keeper,Djigui Diarra,102992.0,Goalkeeper,129,Mali,4930,['e5c3fb5b-ef3c-461e-8be9-976fb3616509'],37,,,,,,,,,,,,,,,,,,Mali,4930,00:20:37.290,Goal Keeper,
,,,,,,,,,,,,,0.0,,,,,,"[1.6, 40.9]",,Set,,,Shot Faced,e89e6989-f0c2-4ca4-85b7-84cca386924c,2122,,"[1.6, 40.9]",3920417,70,,,,,,,,,,,,,,,,,,,,,,,,2,From Free Kick,Lloyd Junior Kazapua,125324.0,Goalkeeper,134,Mali,4930,['63a7bec3-d6eb-47e1-b941-2689029c9362'],28,,,,,,,,,,,,,,,,,,Namibia,4980,00:25:28.063,Goal Keeper,
,,,,,,,,,,,,,0.0,,,,,,"[1.4, 43.0]",,Set,,,Shot Faced,70df6957-38ff-4a7d-90e4-521f98c007f2,2246,,"[1.4, 43.0]",3920417,74,,,,,,,,,,,,,,,,,,,,,,,,2,Regular Play,Lloyd Junior Kazapua,125324.0,Goalkeeper,138,Mali,4930,['9e085877-1f42-49d4-88bf-4da008a087cf'],9,,,,,,,,,,,,,,,,,,Namibia,4980,00:29:09.690,Goal Keeper,
,,,,,,,,,,,,,0.0,,,,,,"[2.8, 37.0]",,Set,,,Shot Faced,b931dac7-5bc3-4523-885e-cf0cbfacd55f,2436,,"[2.8, 37.0]",3920417,82,,,,,,,,,,,,,,,,,,,,,,,,2,From Throw In,Lloyd Junior Kazapua,125324.0,Goalkeeper,148,Mali,4930,['ca0a17e8-bc88-4022-ac82-0a23c085f707'],20,,,,,,,,,,,,,,,,,,Namibia,4980,00:37:20.163,Goal Keeper,
,,,,,,,,,,,,,0.0,,,,,Both Hands,,Touched Out,Set,,Standing,Shot Saved,2bb13151-896d-4fd6-af93-a550a4300921,2486,,"[1.3, 41.4]",3920417,84,,,,,,,,,,,,,,,,,,,,,,,,2,From Free Kick,Lloyd Junior Kazapua,125324.0,Goalkeeper,150,Mali,4930,['a83b2e13-e902-4386-b97f-68881470bc6a'],15,,,,,,,,,,,,,,,,,,Namibia,4980,00:39:15.792,Goal Keeper,
,,,,,,,,,,,,,0.0,,,,,,"[1.3, 38.4]",,Set,,,Shot Faced,e79b5a71-c601-4d75-907f-f9787f145970,2490,,"[1.3, 38.4]",3920417,84,,,,,,,,,,,,,,,,,,,,,,,,2,From Corner,Lloyd Junior Kazapua,125324.0,Goalkeeper,151,Mali,4930,['38ee815e-3147-42e2-a66b-a862e0b0d8fc'],58,,,,,,,,,,,,,,,,,,Namibia,4980,00:39:58.821,Goal Keeper,
,,,,,,,,,,,,,0.0,,,,,,"[1.7, 39.7]",,Set,,,Shot Faced,579f37a2-06c2-4f06-927c-3b735ababdda,2516,,"[1.7, 39.7]",3920417,85,,,,,,,,,,,,,,,,,,,,,,,,2,Regular Play,Lloyd Junior Kazapua,125324.0,Goalkeeper,153,Mali,4930,['0a1f4530-65bc-4654-9c76-f1506fac009c'],49,,,,,,,,,,,,,,,,,,Namibia,4980,00:40:49.629,Goal Keeper,
,,,,,,,,,,,,,0.0,,,,,,"[0.9, 41.6]",,Set,,,Shot Faced,2f5db52b-5b93-4f9e-a07c-1b8978dd6fda,2530,,"[0.9, 41.6]",3920417,87,,,,,,,,,,,,,,,,,,,,,,,,2,From Free Kick,Lloyd Junior Kazapua,125324.0,Goalkeeper,154,Mali,4930,['8c5c8514-4711-470b-a209-563c08ba5af0'],14,,,,,,,,,,,,,,,,,,Namibia,4980,00:42:14.645,Goal Keeper,
,,,,,,,,,,Incomplete,,,0.0,,,,,,,,,,,,06106683-f693-4ed2-bc84-f8734a9a43d8,63,,"[110.9, 21.5]",3920417,0,,,,,,,,,,,,,,,,,,,,,,,,1,From Throw In,Nene Dorgeles,199653.0,Left Midfield,3,Mali,4930,['ba9481e3-a0a2-4057-aa2c-efe929a33c27'],52,,,,,,,,,,,,,,,,,,Mali,4930,00:00:52.811,Dribble,True
,,,,,,,,,,Complete,,,0.0,,,,,,,,,,,,092be5c7-b69f-488e-8cfb-18420f3526a8,109,,"[14.0, 9.9]",3920417,4,,,,,,,,,,,,,,,,,,,,,,,,1,Regular Play,Yves Bissouma,4385.0,Left Defensive Midfield,10,Mali,4930,['ed4d9622-0c69-41b1-b841-e51a6150ef9a'],9,,,,,,,,,,,,,,,,,,Mali,4930,00:04:09.279,Dribble,True
,,,,,,,,,,Incomplete,,,0.0,,,,,,,,,,,,460679cc-81a6-48fc-80a5-caff8c5d53fd,286,,"[16.9, 68.5]",3920417,9,,,,,,,,,,,,,,,,,,,,,,,,1,From Throw In,Aliou Dieng,67714.0,Right Defensive Midfield,23,Mali,4930,['ac45cee3-0fe3-4793-9992-cdd9d424eff1'],29,,,,,,,,,,,,,,,,,,Mali,4930,00:09:29.805,Dribble,True
,,,,,,,,,,Incomplete,,,0.0,,,,,,,,,,,,5c72b176-ad0c-4859-b19f-d70610f76687,494,,"[70.3, 5.2]",3920417,14,,,,,,,,,,,,,,,,,,,,,,,,1,From Throw In,Nene Dorgeles,199653.0,Left Midfield,34,Mali,4930,['74854a49-23bf-44e0-b902-a8ab06efb38d'],37,,,,,,,,,,,,,,,,,,Mali,4930,00:14:37.269,Dribble,True
,,,,,,,,,,Incomplete,,,0.0,,,,,,,,,,,,33acc282-45e8-485e-a197-cda9a421dcaa,683,,"[113.6, 74.3]",3920417,20,,,,,,,,,,,,,,,,,,,,,,,,1,From Goal Kick,Fousseni Diabaté,3710.0,Right Midfield,44,Mali,4930,['d0250038-14ac-45f9-9250-175b38e9a453'],42,,,,,,,,,,,,,,,,,,Mali,4930,00:20:42.970,Dribble,True
,,,,,,,,,,Complete,,,0.0,,,,,,,,,,,,45655c79-bf5f-40c8-a517-161bf80cc3dd,894,,"[114.0, 13.5]",3920417,26,,,,,,,,,,,,,,,,,,,,,,,,1,From Throw In,Lassine Sinayoko,105182.0,Left Center Forward,55,Mali,4930,"['63beb68f-d5d0-4fa3-9442-64df2253ced4', '552c2c06-c949-40df-a3a1-de64c89bd510']",42,,,,,,,,,,,,,,,,,,Mali,4930,00:26:42.679,Dribble,True
,,,,,,,,,,Incomplete,,,0.0,,,,,,,,,,,,7c122234-a62f-4f91-8f89-9b60d3775612,1099,,"[90.9, 60.3]",3920417,38,,,,,,,,,,,,,,,,,,,,,,,,1,From Throw In,Muzeu Bethuel,389319.0,Right Midfield,71,Mali,4930,['0dd8636d-ab2b-454b-b49d-bee7ce3a86ba'],13,,,,,,,,,,,,,,,,,,Namibia,4980,00:38:13.027,Dribble,True
,,,,,,,,,,Complete,,,0.0,,,,,,,,,,,,00386697-1952-43b5-a978-ee2ab380818b,1440,,"[80.6, 65.0]",3920417,46,,,,,,,,,,,,,,,,,,,,,,,,2,Regular Play,Muzeu Bethuel,389319.0,Right Midfield,88,Namibia,4980,['1f8570a6-5550-4433-aad4-cb774249cfa6'],16,,,,,,,,,,,,,,,,,,Namibia,4980,00:01:16.967,Dribble,True
,,,,,,,,,,Incomplete,,,0.0,,,,,,,,,,,,740ee244-5b79-4c6b-9153-f68776dc336e,1688,,"[85.3, 7.2]",3920417,55,,,,,,,,,,,,,,,,,,,,,,,,2,From Throw In,Nene Dorgeles,199653.0,Left Midfield,107,Mali,4930,['e9cf956d-45cb-4393-b7f9-abc937da2df6'],26,,,,,,,,,,,,,,,,,,Mali,4930,00:10:26.366,Dribble,True
,,,,,,,,,,Complete,,,0.0,,,,,,,,,,,,e53d9b6b-4665-4081-81ac-9893f0ee4da1,1950,,"[93.1, 8.9]",3920417,64,,,,,,,,,,,,,,,,,,,,,,,,2,From Free Kick,Kamory Doumbia,162132.0,Center Attacking Midfield,126,Mali,4930,['a592943a-ed77-461f-aca4-f836db00d2df'],12,,,,,,,,,,,,,,,,,,Mali,4930,00:19:12.971,Dribble,True
,,,,,,,,,,Complete,,,0.0,,,,,,,,,,,,ced60fa3-6828-4f57-b174-105ea669d6a0,2108,,"[116.2, 19.2]",3920417,69,,,,,,,,,,,,,,,,,,,,,,,,2,From Throw In,Nene Dorgeles,199653.0,Right Wing,133,Mali,4930,['37f837e4-d3e9-4d97-aca7-ef19b71ec076'],6,,,,,,,,,,,,,,,,,,Mali,4930,00:24:06.346,Dribble,True
,,,,,,,,,,Complete,,,0.0,,,,,,,,,,,,208ab54c-0680-43cf-ab4d-a81fdb639c82,2151,,"[15.5, 12.5]",3920417,71,,,,,,,,,,,,,,,,,,,,,,,,2,From Throw In,Riaan Hanamub,65555.0,Left Back,136,Mali,4930,['f7791017-b86d-4c7b-ae64-1254a6092067'],32,,,,,,,,,,,,,,,,,,Namibia,4980,00:26:32.365,Dribble,True
,,,,,,,,,,Complete,,,0.0,,,,,,,,,,,,f0f3ef2a-d8f2-423d-a73c-d7d0c42dcf35,2451,,"[84.0, 64.8]",3920417,82,,,,,,,,,,,,,,,,,,,,,,,,2,From Throw In,Adama Traoré,4464.0,Right Wing,149,Mali,4930,['e56663df-5ac5-4a88-97b4-f64fd8f578b8'],39,,,,,,,,,,,,,,,,,,Mali,4930,00:37:39.665,Dribble,True
,,,,,,,,,,Incomplete,,,0.0,,,,,,,,,,,,b9750ee9-2d28-46b1-9b94-35985c899c6e,2537,,"[52.5, 9.1]",3920417,87,,,,,,,,,,,,,,,,,,,,,,,,2,Regular Play,Absalom Iimbondi,103804.0,Right Midfield,155,Namibia,4980,['cd9149d9-92c4-4563-9b69-07ec72f3b789'],19,,,,,,,,,,,,,,,,,,Namibia,4980,00:42:19.914,Dribble,True
,,,,,,,,,,,Won,Tackle,0.0,,,,,,,,,,,,ba9481e3-a0a2-4057-aa2c-efe929a33c27,64,,"[9.2, 58.6]",3920417,0,,,,,,,,,,,,,,,,,,,,,,,,1,From Throw In,Ivan Kamberipa,103799.0,Right Back,3,Mali,4930,['06106683-f693-4ed2-bc84-f8734a9a43d8'],52,,,,,,,,,,,,,,,,,,Namibia,4980,00:00:52.811,Duel,True
,,,,,,,,,,,,Aerial Lost,0.0,,,,,,,,,,,,387bc60f-f251-4ba1-98c3-8fdc31ed4b94,88,,"[112.9, 43.1]",3920417,3,,,,,,,,,,,,,,,,,,,,,,,,1,From Free Kick,Peter Shalulile,65723.0,Center Forward,7,Namibia,4980,['9127c3d9-538a-4fa4-af78-0c3b4eb1ff18'],3,,,,,,,,,,,,,,,,,,Namibia,4980,00:03:03.160,Duel,True
,,,,,,,,,,,,Aerial Lost,0.0,,,,,,,,,,,,b01f73dd-12a8-49b8-9860-c6f55b24dd99,117,,"[34.0, 44.7]",3920417,4,,,,,,,,,,,,,,,,,,,,,,,,1,From Free Kick,Lubeni Haukongo,135004.0,Left Center Back,11,Mali,4930,['075da2fd-c702-40fe-970f-4dc50bb2e906'],38,,,,,,,,,,,,,,,,,,Namibia,4980,00:04:38.031,Duel,True
,,,,,,,,,,,,Aerial Lost,0.0,,,,,,,,,,,,8919c635-e4d7-4ac9-957a-2ec51067566d,131,,"[56.4, 61.1]",3920417,5,,,,,,,,,,,,,,,,,,,,,,,,1,Regular Play,Deon Hotto Kavendji,64612.0,Left Midfield,12,Namibia,4980,['db3bdb44-e244-4cfe-8c55-8c1683fae064'],2,,,,,,,,,,,,,,,,,,Namibia,4980,00:05:02.448,Duel,True
,,,,,,,,,,,,Aerial Lost,0.0,,,,,,,,,,,,0130d3b0-ca4a-4214-99ab-7f39cecb6c25,185,,"[28.4, 13.7]",3920417,6,,,,,,,,,,,,,,,,,,,,,,,,1,From Free Kick,Moussa Diarra,32952.0,Left Back,15,Namibia,4980,['cc10e36e-0e5f-499d-94df-b4e08232b823'],10,,,,,,,,,,,,,,,,,,Mali,4930,00:06:10.387,Duel,True
,,,,,,,,,,,Lost In Play,Tackle,0.0,,,,,,,,,,,,ac45cee3-0fe3-4793-9992-cdd9d424eff1,287,,"[103.2, 11.6]",3920417,9,,,,,,,,,,,,,,,,,,,,,,,,1,From Throw In,Muzeu Bethuel,389319.0,Right Midfield,23,Mali,4930,['460679cc-81a6-48fc-80a5-caff8c5d53fd'],29,,,,,,,,,,,,,,,,,,Namibia,4980,00:09:29.805,Duel,True
,,,,,,,,,,,,Aerial Lost,0.0,,,,,,,,,,,,c01e2bad-3f92-4929-97a6-208714a5a0ca,317,,"[78.7, 68.5]",3920417,10,,,,,,,,,,,,,,,,,,,,,,,,1,From Free Kick,Deon Hotto Kavendji,64612.0,Left Midfield,24,Namibia,4980,['c18afba1-bc9e-476b-a305-3160b4361e6d'],52,,,,,,,,,,,,,,,,,,Namibia,4980,00:10:52.804,Duel,True
,,,,,,,,,,,,Aerial Lost,0.0,,,,,,,,,,,,5a182dcb-c296-4040-ad5e-c1f785d2c188,335,,"[50.6, 38.9]",3920417,11,,,,,,,,,,,,,,,,,,,,,,,,1,From Throw In,Muzeu Bethuel,389319.0,Right Midfield,25,Mali,4930,['fb4a41dc-d790-4c73-b935-0740c72c8052'],11,,,,,,,,,,,,,,,,,,Namibia,4980,00:11:11.230,Duel,True
,,,,,,,,,True,,Lost In Play,Tackle,0.0,,,,,,,,,,,,ce27f4fd-82c1-4bc4-9149-f4e2c81cd6e1,342,,"[75.4, 28.8]",3920417,11,,,,,,,,,,,,,,,,,,,,,,,,1,Regular Play,Youssoufou Niakaté,51750.0,Right Center Forward,26,Namibia,4980,['5e3f1c09-82fb-419d-9063-368167d1783d'],14,,,,,,,,,,,,,,,,,,Mali,4930,00:11:14.642,Duel,True
,,,,,,,,,True,,Success In Play,Tackle,0.0,,,,,,,,,,,,c7803b21-a536-4a06-8c9b-bd69c3a35d7b,393,,"[49.3, 28.5]",3920417,12,,,,,,,,,,,,,,,,,,,,,,,,1,Regular Play,Aprocious Petrus,136406.0,Center Defensive Midfield,31,Namibia,4980,['b11c06bf-a8c1-4f71-98b5-e900b550725c'],23,,,,,,,,,,,,,,,,,,Namibia,4980,00:12:23.340,Duel,True
,,,,,,,,,,,Lost Out,Tackle,0.0,,,,,,,,,,,,416659db-dd89-4dd9-bdfb-2bbe67a5ec91,398,,"[57.8, 74.3]",3920417,12,,,,,,,,,,,,,,,,,,,,,,,,1,Regular Play,Yves Bissouma,4385.0,Left Defensive Midfield,31,Namibia,4980,['f5abd470-848e-4dc9-98c4-c0c7da3d631e'],28,,,,,,,,,,,,,,,,,,Mali,4930,00:12:28.533,Duel,True
,,,,,,,,,True,,Success In Play,Tackle,0.0,,,,,,,,,,,,74854a49-23bf-44e0-b902-a8ab06efb38d,495,,"[49.8, 74.9]",3920417,14,,,,,,,,,,,,,,,,,,,,,,,,1,Regular Play,Ivan Kamberipa,103799.0,Right Back,35,Namibia,4980,['5c72b176-ad0c-4859-b19f-d70610f76687'],37,,,,,,,,,,,,,,,,,,Namibia,4980,00:14:37.269,Duel,True
,,,,,,,,,,,,Aerial Lost,0.0,,,,,,,,,,,,108c0cd9-1698-4779-b0a3-7eb38bb7aa4d,536,,"[77.0, 22.9]",3920417,15,,,,,,,,,,,,,,,,,,,,,,,,1,From Free Kick,Lassine Sinayoko,105182.0,Left Center Forward,36,Mali,4930,['28071c5f-6e7c-4ecf-8602-611cf4c52fbb'],56,,,,,,,,,,,,,,,,,,Mali,4930,00:15:56.309,Duel,True
,,,,,,,,,,,,Aerial Lost,0.0,,,,,,,,,,,,74b00577-eb78-421e-9f2b-ef6f9a4710ba,586,,"[112.6, 37.2]",3920417,17,,,,,,,,,,,,,,,,,,,,,,,,1,From Free Kick,Muzeu Bethuel,389319.0,Right Midfield,38,Namibia,4980,['21eb7a7a-4388-4035-952d-d2b0759ece34'],25,,,,,,,,,,,,,,,,,,Namibia,4980,00:17:25.960,Duel,True
,,,,,,,,,True,,Lost In Play,Tackle,0.0,,,,,,,,,,,,a0ff4b18-f510-4324-8d8f-83cd78fa7ab6,637,,"[115.3, 60.6]",3920417,18,,,,,,,,,,,,,,,,,,,,,,,,1,Regular Play,Ivan Kamberipa,103799.0,Right Back,41,Namibia,4980,['1c1d755b-a98f-4d34-8804-2af48e71916f'],37,,,,,,,,,,,,,,,,,,Namibia,4980,00:18:37.285,Duel,True
,,,,,,,,,,,,Aerial Lost,0.0,,,,,,,,,,,,220ab27d-afbc-41a3-9fa8-d9620684bf8a,645,,"[84.8, 14.5]",3920417,19,,,,,,,,,,,,,,,,,,,,,,,,1,From Free Kick,Lassine Sinayoko,105182.0,Left Center Forward,42,Mali,4930,['e8c4ab89-2d2a-4c01-b73b-be32ce4e072b'],13,,,,,,,,,,,,,,,,,,Mali,4930,00:19:13.929,Duel,True
,,,,,,,,,,,Lost Out,Tackle,0.0,,,,,,,,,,,,d0250038-14ac-45f9-9250-175b38e9a453,684,,"[6.5, 5.8]",3920417,20,,,,,,,,,,,,,,,,,,,,,,,,1,From Goal Kick,Muzeu Bethuel,389319.0,Right Midfield,44,Mali,4930,['33acc282-45e8-485e-a197-cda9a421dcaa'],42,,,,,,,,,,,,,,,,,,Namibia,4980,00:20:42.970,Duel,True
,,,,,,,,,True,,Won,Tackle,0.0,,,,,,,,,,,,f357c612-a88a-4e5c-a838-7940a15df0f2,779,,"[56.5, 63.1]",3920417,24,,,,,,,,,,,,,,,,,,,,,,,,1,Regular Play,Aprocious Petrus,136406.0,Center Defensive Midfield,49,Namibia,4980,['7f40dc4f-557a-4911-b358-b2214a477a3e'],10,,,,,,,,,,,,,,,,,,Namibia,4980,00:24:10.017,Duel,True
,,,,,,,,,,,Won,Tackle,0.0,,,,,,,,,,,,11daacf4-1cc5-4695-bcd3-e3a9c2b03e89,886,,"[21.8, 54.1]",3920417,26,,,,,,,,,,,,,,,,,,,,,,,,1,Regular Play,Lubeni Haukongo,135004.0,Left Center Back,54,Mali,4930,['f4e290a7-716b-4a62-bb2a-41249846930b'],14,,,,,,,,,,,,,,,,,,Namibia,4980,00:26:14.162,Duel,True
,,,,,,,,,,,,Aerial Lost,0.0,,,,,,,,,,,,1666c842-318f-4b39-88e7-3a31cccfa989,926,,"[57.4, 11.0]",3920417,27,,,,,,,,,,,,,,,,,,,,,,,,1,From Goal Kick,Nene Dorgeles,199653.0,Left Midfield,56,Namibia,4980,['9301c71b-f060-4e5c-bc63-1570354b54fe'],48,,,,,,,,,,,,,,,,,,Mali,4930,00:27:48.525,Duel,True
,,,,,,,,,True,,,Aerial Lost,0.0,,,,,,,,,,,,84bffef4-b12c-41ed-9c84-0eb447190011,956,,"[56.4, 29.7]",3920417,31,,,,,,,,,,,,,,,,,,,,,,,,1,Regular Play,Kennedy Amutenya,264381.0,Right Center Back,59,Mali,4930,['71f28b2f-a989-48fd-997d-773f29b716eb'],13,,,,,,,,,,,,,,,,,,Namibia,4980,00:31:13.567,Duel,True
,,,,,,,,,,,Lost Out,Tackle,0.0,,,,,,,,,,,,47d3afb9-d55a-4e9f-920a-87723228da30,976,,"[7.8, 20.4]",3920417,31,,,,,,,,,,,,,,,,,,,,,,,,1,From Throw In,Aliou Dieng,67714.0,Right Defensive Midfield,61,Namibia,4980,['9b6a45b0-77bf-470d-9eb4-92c203da649d'],46,,,,,,,,,,,,,,,,,,Mali,4930,00:31:46.691,Duel,True
,,,,,,,,,,,,Aerial Lost,0.0,,,,,,,,,,,,bc9dc6ac-a8bc-4551-a07c-eb20e5a18edc,1062,,"[4.0, 44.2]",3920417,36,,,,,,,,,,,,,,,,,,,,,,,,1,From Corner,Boubakar Kouyate,23331.0,Right Center Back,69,Namibia,4980,['8043e0f4-d569-46ff-86d6-96ab7a18db1a'],51,,,,,,,,,,,,,,,,,,Mali,4930,00:36:51.124,Duel,True
,,,,,,,,,,,Won,Tackle,0.0,,,,,,,,,,,,0dd8636d-ab2b-454b-b49d-bee7ce3a86ba,1100,,"[29.2, 19.8]",3920417,38,,,,,,,,,,,,,,,,,,,,,,,,1,From Throw In,Yves Bissouma,4385.0,Left Defensive Midfield,71,Mali,4930,['7c122234-a62f-4f91-8f89-9b60d3775612'],13,,,,,,,,,,,,,,,,,,Mali,4930,00:38:13.027,Duel,True
,,,,,,,,,,,,Aerial Lost,0.0,,,,,,,,,,,,633e9d88-78c3-4b77-b257-55090aec52a9,1200,,"[78.4, 72.2]",3920417,40,,,,,,,,,,,,,,,,,,,,,,,,1,From Throw In,Muzeu Bethuel,389319.0,Right Midfield,72,Namibia,4980,['63c3035a-8735-4ea0-8e6d-1689e4738a86'],21,,,,,,,,,,,,,,,,,,Namibia,4980,00:40:21.173,Duel,True
,,,,,,,,,,,,Aerial Lost,0.0,,,,,,,,,,,,8d90a7f1-de42-48f6-9f19-805af0552faf,1291,,"[107.2, 42.4]",3920417,43,,,,,,,,,,,,,,,,,,,,,,,,1,From Free Kick,Aprocious Petrus,136406.0,Center Defensive Midfield,78,Namibia,4980,['effd1abe-916b-4504-b197-d33653262ee8'],41,,,,,,,,,,,,,,,,,,Namibia,4980,00:43:41.349,Duel,True
,,,,,,,,,,,,Aerial Lost,0.0,,,,,,,,,,,,59b20f48-2c30-4765-853f-e86e7e1b1602,1293,,"[100.8, 48.0]",3920417,43,,,,,,,,,,,,,,,,,,,,,,,,1,From Free Kick,Prins Menelik Tjiueza,103803.0,Right Center Midfield,78,Namibia,4980,['f646e216-3103-48f0-9022-558e465ab22b'],42,,,,,,,,,,,,,,,,,,Namibia,4980,00:43:42.475,Duel,True
,,,,,,,,,,,,Aerial Lost,0.0,,,,,,,,,,,,e60837b4-b974-43fc-bdfa-83fc327020d5,1296,,"[105.3, 45.6]",3920417,43,,,,,,,,,,,,,,,,,,,,,,,,1,From Free Kick,Lubeni Haukongo,135004.0,Left Center Back,78,Namibia,4980,['6316407b-f3e9-4c14-ab5a-7de629272e39'],43,,,,,,,,,,,,,,,,,,Namibia,4980,00:43:43.919,Duel,True
,,,,,,,,,True,,Won,Tackle,0.0,,,,,,,,,,,,eb55ace8-32fe-4178-8c39-2946e061526d,1366,,"[45.9, 68.9]",3920417,46,,,,,,,,,,,,,,,,,,,,,,,,1,Regular Play,Deon Hotto Kavendji,64612.0,Left Midfield,82,Namibia,4980,['0b8b2151-7804-455c-b7b5-9cc1b8b2df5a'],1,,,,,,,,,,,,,,,,,,Namibia,4980,00:46:01.874,Duel,True
,,,,,,,,,,,,Aerial Lost,0.0,,,,,,,,,,,,7961428a-ed31-4162-a77c-b49b33cdb65e,1384,,"[112.6, 33.6]",3920417,48,,,,,,,,,,,,,,,,,,,,,,,,1,From Corner,Peter Shalulile,65723.0,Center Forward,85,Namibia,4980,['6ee29aa0-fc67-4842-b0bd-82c0806fbf77'],49,,,,,,,,,,,,,,,,,,Namibia,4980,00:48:49.409,Duel,True
,,,,,,,,,True,,,Aerial Lost,0.0,,,,,,,,,,,,421164cd-1a78-4707-a515-885e7e556797,1403,,"[98.6, 57.7]",3920417,45,,,,,,,,,,,,,,,,,,,,,,,,2,From Kick Off,Peter Shalulile,65723.0,Center Forward,86,Namibia,4980,['682110a7-524e-459f-8eb5-1222647ba9b4'],8,,,,,,,,,,,,,,,,,,Namibia,4980,00:00:08.118,Duel,True
,,,,,,,,,,,,Aerial Lost,0.0,,,,,,,,,,,,adb64276-2798-4dc2-b18f-706889f8d0a7,1429,,"[92.5, 65.1]",3920417,46,,,,,,,,,,,,,,,,,,,,,,,,2,Regular Play,Peter Shalulile,65723.0,Center Forward,87,Mali,4930,['68b66aa5-6d51-430d-a234-d6adfde9bc6f'],9,,,,,,,,,,,,,,,,,,Namibia,4980,00:01:09.894,Duel,True
,,,,,,,,,,,,Aerial Lost,0.0,,,,,,,,,,,,6f70519b-aa50-4884-9605-45da4b502071,1432,,"[81.4, 62.7]",3920417,46,,,,,,,,,,,,,,,,,,,,,,,,2,Regular Play,Prins Menelik Tjiueza,103803.0,Right Center Midfield,87,Mali,4930,['0086b407-e90c-4076-ab21-c0e93e5b3825'],12,,,,,,,,,,,,,,,,,,Namibia,4980,00:01:12.234,Duel,True
,,,,,,,,,,,,Aerial Lost,0.0,,,,,,,,,,,,2a988537-da48-4d48-b794-02b9c7c8e70e,1457,,"[73.4, 5.9]",3920417,46,,,,,,,,,,,,,,,,,,,,,,,,2,Regular Play,Deon Hotto Kavendji,64612.0,Left Midfield,88,Namibia,4980,['12e64c5e-1f10-4635-b143-96338287b87b'],31,,,,,,,,,,,,,,,,,,Namibia,4980,00:01:31.606,Duel,True
,,,,,,,,,,,,Aerial Lost,0.0,,,,,,,,,,,,acdee26a-e327-43b4-9028-65dacd6b3819,1502,,"[86.4, 62.0]",3920417,48,,,,,,,,,,,,,,,,,,,,,,,,2,From Throw In,Muzeu Bethuel,389319.0,Right Midfield,93,Mali,4930,['d1a0cb4d-ccff-4d73-a020-4bfafbfef034'],4,,,,,,,,,,,,,,,,,,Namibia,4980,00:03:04.741,Duel,True
,,,,,,,,,,,,Aerial Lost,0.0,,,,,,,,,,,,345fa8b7-4381-4f13-b1b9-be4cc9a37d2b,1534,,"[94.3, 16.9]",3920417,48,,,,,,,,,,,,,,,,,,,,,,,,2,Regular Play,Deon Hotto Kavendji,64612.0,Left Midfield,94,Namibia,4980,['6a969862-999f-4821-814e-a3d88087232b'],28,,,,,,,,,,,,,,,,,,Namibia,4980,00:03:28.528,Duel,True
,,,,,,,,,,,,Aerial Lost,0.0,,,,,,,,,,,,cd93a62a-4f05-4ea0-823b-acc508a352cf,1579,,"[79.2, 69.7]",3920417,50,,,,,,,,,,,,,,,,,,,,,,,,2,From Throw In,Youssoufou Niakaté,51750.0,Right Center Forward,99,Mali,4930,['bf3982f2-e36c-4fd2-96df-92b589e53b06'],57,,,,,,,,,,,,,,,,,,Mali,4930,00:05:57.950,Duel,True
,,,,,,,,,,,,Aerial Lost,0.0,,,,,,,,,,,,a65a7526-169a-4435-96b8-55a41ebdbae5,1590,,"[52.0, 72.8]",3920417,51,,,,,,,,,,,,,,,,,,,,,,,,2,From Throw In,Fousseni Diabaté,3710.0,Right Midfield,100,Namibia,4980,['6ac0cf74-cecb-48d0-8002-858601602e70'],12,,,,,,,,,,,,,,,,,,Mali,4930,00:06:12.462,Duel,True
,,,,,,,,,,,,Aerial Lost,0.0,,,,,,,,,,,,4e6c5b2b-62e9-4bc5-81f9-c473af30a773,1651,,"[110.9, 41.3]",3920417,54,,,,,,,,,,,,,,,,,,,,,,,,2,From Corner,Ivan Kamberipa,103799.0,Right Back,105,Namibia,4980,['3d9e37a4-502f-4bee-a7fd-4a26abe99959'],8,,,,,,,,,,,,,,,,,,Namibia,4980,00:09:08.957,Duel,True
,,,,,,,,,,,,Aerial Lost,0.0,,,,,,,,,,,,3c0641dc-7683-4879-9997-a9a8a041fca2,1655,,"[8.2, 41.7]",3920417,54,,,,,,,,,,,,,,,,,,,,,,,,2,From Corner,Hamari Traoré,3248.0,Right Back,106,Namibia,4980,['ccc25a0e-67ea-45c8-af75-0b8d837b4034'],39,,,,,,,,,,,,,,,,,,Mali,4930,00:09:39.726,Duel,True
,,,,,,,,,,,Success In Play,Tackle,0.0,,,,,,,,,,,,e9cf956d-45cb-4393-b7f9-abc937da2df6,1689,,"[34.8, 72.9]",3920417,55,,,,,,,,,,,,,,,,,,,,,,,,2,From Throw In,Kennedy Amutenya,264381.0,Right Center Back,107,Mali,4930,['740ee244-5b79-4c6b-9153-f68776dc336e'],26,,,,,,,,,,,,,,,,,,Namibia,4980,00:10:26.366,Duel,True
,,,,,,,,,,,,Aerial Lost,0.0,,,,,,,,,,,,34b46bb8-fe26-40fa-ac85-014fd53fff7f,1728,,"[48.6, 59.7]",3920417,57,,,,,,,,,,,,,,,,,,,,,,,,2,From Goal Kick,Aliou Dieng,67714.0,Right Defensive Midfield,112,Namibia,4980,['fee51c76-191f-4860-9623-4982677199ce'],11,,,,,,,,,,,,,,,,,,Mali,4930,00:12:11.386,Duel,True
,,,,,,,,,,,,Aerial Lost,0.0,,,,,,,,,,,,850a8249-f90e-419e-86f8-87049f47a8f5,1739,,"[111.2, 44.9]",3920417,58,,,,,,,,,,,,,,,,,,,,,,,,2,From Corner,Peter Shalulile,65723.0,Center Forward,113,Namibia,4980,['14884042-2056-45df-bbe3-a63a5a3e456a'],2,,,,,,,,,,,,,,,,,,Namibia,4980,00:13:02.369,Duel,True
,,,,,,,,,,,Lost Out,Tackle,0.0,,,,,,,,,,,,32560e64-5174-4957-9fe6-0804e9f10e34,1764,,"[34.7, 2.8]",3920417,58,,,,,,,,,,,,,,,,,,,,,,,,2,From Throw In,Fousseni Diabaté,3710.0,Left Wing,114,Namibia,4980,['2006e04a-d476-4695-a5eb-271853ead34c'],46,,,,,,,,,,,,,,,,,,Mali,4930,00:13:46.430,Duel,True
,,,,,,,,,,,Lost In Play,Tackle,0.0,,,,,,,,,,,,07ca7ad1-c744-49af-bf9c-16873b906185,1871,,"[50.6, 16.1]",3920417,61,,,,,,,,,,,,,,,,,,,,,,,,2,From Throw In,Yves Bissouma,4385.0,Left Defensive Midfield,121,Namibia,4980,['2aee5570-9ba5-4958-b35e-42a1aabc40be'],49,,,,,,,,,,,,,,,,,,Mali,4930,00:16:49.931,Duel,True
,,,,,,,,,True,,Won,Tackle,0.0,,,,,,,,,,,,6673fe42-175f-45d4-bdfa-9e424ff352dd,1894,,"[80.8, 73.5]",3920417,62,,,,,,,,,,,,,,,,,,,,,,,,2,Regular Play,Prins Menelik Tjiueza,103803.0,Right Center Midfield,123,Namibia,4980,['9e31216f-96bf-4c5d-b4ff-841d49e92f90'],1,,,,,,,,,,,,,,,,,,Namibia,4980,00:17:01.196,Duel,True
,,,,,,,,,,,,Aerial Lost,0.0,,,,,,,,,,,,746e2c15-1899-4a2c-b0d0-572de7b9ea67,2067,,"[75.5, 24.3]",3920417,68,,,,,,,,,,,,,,,,,,,,,,,,2,From Free Kick,Prins Menelik Tjiueza,103803.0,Right Center Midfield,130,Namibia,4980,['41778c70-1fbc-40b6-964c-1244477c2e15'],2,,,,,,,,,,,,,,,,,,Namibia,4980,00:23:02.200,Duel,True
,,,,,,,,,,,,Aerial Lost,0.0,,,,,,,,,,,,b0bc615a-386e-4552-9e6d-4049f7ec677b,2070,,"[74.5, 36.3]",3920417,68,,,,,,,,,,,,,,,,,,,,,,,,2,From Free Kick,Muzeu Bethuel,389319.0,Right Midfield,130,Namibia,4980,['440e9460-f4aa-4667-a2a9-c8020d4a0d2e'],4,,,,,,,,,,,,,,,,,,Namibia,4980,00:23:04.970,Duel,True
,,,,,,,,,True,,Lost In Play,Tackle,0.0,,,,,,,,,,,,48182f5b-5a06-4e98-98ad-4640e98a87f1,2083,,"[73.2, 18.6]",3920417,68,,,,,,,,,,,,,,,,,,,,,,,,2,Regular Play,Prins Menelik Tjiueza,103803.0,Right Center Midfield,131,Mali,4930,['bfc9f25f-950f-4300-abf5-6c0e92748db9'],12,,,,,,,,,,,,,,,,,,Namibia,4980,00:23:12.023,Duel,True
,,,,,,,,,True,,Won,Tackle,0.0,,,,,,,,,,,,7e3a16ac-c7fd-4dbf-b61e-84b5a620ee8a,2117,,"[84.4, 57.4]",3920417,69,,,,,,,,,,,,,,,,,,,,,,,,2,From Throw In,Hamari Traoré,3248.0,Right Back,133,Mali,4930,['b0ac3a59-4d99-4bec-b04c-483100491b2d'],11,,,,,,,,,,,,,,,,,,Mali,4930,00:24:11.728,Duel,True
,,,,,,,,,,,,Aerial Lost,0.0,,,,,,,,,,,,0408aa3e-b91e-48e1-b9a7-a477f0f6654c,2202,,"[49.1, 6.6]",3920417,73,,,,,,,,,,,,,,,,,,,,,,,,2,From Free Kick,Nene Dorgeles,199653.0,Left Wing,137,Namibia,4980,['423d9800-3de4-4b9e-80a8-aab43f0cbd63'],24,,,,,,,,,,,,,,,,,,Mali,4930,00:28:24.894,Duel,True
,,,,,,,,,,,,Aerial Lost,0.0,,,,,,,,,,,,fccd79da-8945-4cb5-911d-c84d31637d0a,2226,,"[100.8, 19.1]",3920417,73,,,,,,,,,,,,,,,,,,,,,,,,2,Regular Play,Nene Dorgeles,199653.0,Left Wing,138,Mali,4930,['3673d91b-7bf5-4ec5-ad4f-19cca2723996'],52,,,,,,,,,,,,,,,,,,Mali,4930,00:28:52.687,Duel,True
,,,,,,,,,,,Lost Out,Tackle,0.0,,,,,,,,,,,,82ed6ac9-10d7-4a58-9530-a2dbf2072441,2294,,"[2.4, 72.7]",3920417,79,,,,,,,,,,,,,,,,,,,,,,,,2,From Throw In,Hamari Traoré,3248.0,Right Back,143,Namibia,4980,['1fe19814-b489-4a01-9535-f161bf4d2dea'],27,,,,,,,,,,,,,,,,,,Mali,4930,00:34:27.762,Duel,True
,,,,,,,,,True,,Success In Play,Tackle,0.0,,,,,,,,,,,,40ac0ab4-3863-42f0-948a-d2a21e726c1a,2338,,"[5.6, 55.0]",3920417,80,,,,,,,,,,,,,,,,,,,,,,,,2,Regular Play,Deon Hotto Kavendji,64612.0,Left Midfield,146,Namibia,4980,['8cb4e92d-1c0c-4e4d-abe8-599c5cf1d1c8'],3,,,,,,,,,,,,,,,,,,Namibia,4980,00:35:03.803,Duel,True
,,,,,,,,,,,,Aerial Lost,0.0,,,,,,,,,,,,c2f8bf14-0d0d-4315-8a44-6ac75fe4a86f,2464,,"[58.1, 45.0]",3920417,82,,,,,,,,,,,,,,,,,,,,,,,,2,From Throw In,Absalom Iimbondi,103804.0,Right Midfield,149,Mali,4930,['299b5cc0-e77c-4e4b-9f15-7b7568d99d66'],57,,,,,,,,,,,,,,,,,,Namibia,4980,00:37:57.911,Duel,True
,,,,,,,,,,,,Aerial Lost,0.0,,,,,,,,,,,,cdc088db-f665-4b4a-ba3d-79b3e080c959,2468,,"[45.6, 35.7]",3920417,82,,,,,,,,,,,,,,,,,,,,,,,,2,From Throw In,Ngero Kaanjuka Katua,389316.0,Left Center Midfield,149,Mali,4930,['2aa3111b-92a1-4dc2-8b46-88ac7495c28b'],59,,,,,,,,,,,,,,,,,,Namibia,4980,00:37:59.959,Duel,True
,,,,,,,,,,,,Aerial Lost,0.0,,,,,,,,,,,,2e97a880-2ce7-444b-ac33-f57b18771ddc,2517,,"[12.4, 24.4]",3920417,85,,,,,,,,,,,,,,,,,,,,,,,,2,Regular Play,Riaan Hanamub,65555.0,Left Back,153,Mali,4930,['49d4c201-4261-4351-bac2-1440eb7a7ba8'],52,,,,,,,,,,,,,,,,,,Namibia,4980,00:40:52.111,Duel,True
,,,,,,,,,,,,Aerial Lost,0.0,,,,,,,,,,,,744597a8-df2b-49d3-94d6-c8dd584d4d9a,2521,,"[105.0, 41.3]",3920417,85,,,,,,,,,,,,,,,,,,,,,,,,2,Regular Play,Kamory Doumbia,162132.0,Center Attacking Midfield,153,Mali,4930,['4f012e86-8888-4a49-ae86-c44ec118be40'],55,,,,,,,,,,,,,,,,,,Mali,4930,00:40:55.013,Duel,True
,,,,,,,,,True,,Lost Out,Tackle,0.0,,,,,,,,,,,,cd9149d9-92c4-4563-9b69-07ec72f3b789,2538,,"[67.6, 71.0]",3920417,87,,,,,,,,,,,,,,,,,,,,,,,,2,Regular Play,Mohamed Camara,24806.0,Right Defensive Midfield,155,Namibia,4980,['b9750ee9-2d28-46b1-9b94-35985c899c6e'],19,,,,,,,,,,,,,,,,,,Mali,4930,00:42:19.914,Duel,True
,,,,,,,,,,,,Aerial Lost,0.0,,,,,,,,,,,,ad321696-9e11-47ec-9288-187f346dbe72,2545,,"[86.9, 10.5]",3920417,89,,,,,,,,,,,,,,,,,,,,,,,,2,From Throw In,Deon Hotto Kavendji,64612.0,Left Midfield,156,Namibia,4980,['ab640464-a55c-41aa-826c-673fea52ccd7'],21,,,,,,,,,,,,,,,,,,Namibia,4980,00:44:21.024,Duel,True
,,,,,,,,,,,Lost Out,Tackle,0.0,,,,,,,,,,,,2374f6ec-3da9-448b-9228-e364c36df309,2617,,"[6.3, 53.6]",3920417,91,,,,,,,,,,,,,,,,,,,,,,,,2,From Throw In,Vetunuavi Charles Hambira,136404.0,Left Center Midfield,162,Mali,4930,['37c5ac51-3507-4331-9513-fa588c7faf53'],25,,,,,,,,,,,,,,,,,,Namibia,4980,00:46:25.332,Duel,True
,,,,,,,,,,,,Aerial Lost,0.0,,,,,,,,,,,,9b7122fc-e21a-4591-a8f0-40c3f87787ed,2661,,"[42.3, 62.9]",3920417,93,,,,,,,,,,,,,,,,,,,,,,,,2,From Throw In,Marcel Papama,103801.0,Right Center Midfield,165,Mali,4930,['2687ddde-87e9-4cb7-850f-20a5f7d809ff'],16,,,,,,,,,,,,,,,,,,Namibia,4980,00:48:16.304,Duel,True
,,,,,,,,,,,,Aerial Lost,0.0,,,,,,,,,,,,7dadce31-4a45-4b76-9931-9dab9f043114,2665,,"[69.9, 4.9]",3920417,93,,,,,,,,,,,,,,,,,,,,,,,,2,From Throw In,Nene Dorgeles,199653.0,Left Wing,166,Namibia,4980,['5f9e42ba-7e46-455d-833b-cbe8d4570ebf'],40,,,,,,,,,,,,,,,,,,Mali,4930,00:48:40.110,Duel,True
,,,,,,,,,,,,Aerial Lost,0.0,,,,,,,,,,,,92df5da9-13ef-4cc0-b85a-b96e629b8f8d,2682,,"[103.6, 11.9]",3920417,93,,,,,,,,,,,,,,,,,,,,,,,,2,Regular Play,Nene Dorgeles,199653.0,Left Wing,167,Mali,4930,['777e72c3-62b6-449d-a9bb-a4e879510e8a'],58,,,,,,,,,,,,,,,,,,Mali,4930,00:48:58.937,Duel,True
,,,,,,,,,True,,,,0.0,,,,,,,,,,,,e6337e10-a1a1-45bb-a125-f3a5c96cfa0d,68,,"[70.5, 13.0]",3920417,0,,,,,,,,,,,,,,,,,,,,,,,,1,From Throw In,Sikou Niakate,7295.0,Left Center Back,3,Mali,4930,['cdbe535c-e649-48f6-94f5-40734bb28865'],57,,,,,,,,,,,,,,,,,,Mali,4930,00:00:57.556,Foul Committed,
,,,,,,,,,,,,,0.0,,,,,,,,,,,,d72c9744-bd51-4c46-b73d-7c9d06f702a9,72,,"[99.3, 50.0]",3920417,1,,,,,,,,,,,,,,,,,,,,,,,,1,From Free Kick,Peter Shalulile,65723.0,Center Forward,4,Namibia,4980,['b2b0f47a-8dd7-4559-b708-063f85a4d4fd'],33,,,,,,,,,,,,,,,,,,Namibia,4980,00:01:33.117,Foul Committed,
,,,,,,,,,,,,,0.0,,,,,,,,,,,,b6e41fb5-f596-4819-8492-91925aa0f241,84,,"[34.8, 7.3]",3920417,2,,,,,,,,,,,,,,,,,,,,,,,,1,From Throw In,Moussa Diarra,32952.0,Left Back,6,Namibia,4980,['5cbc6dce-09da-4325-b6e4-c85dedcfd3d0'],11,,,,,,,,,,,,,,,,,,Mali,4930,00:02:11.686,Foul Committed,
,,,,,,,,,,,,,0.0,,,,,,,,,,,,33e6525e-8111-4491-aa6a-796d2dbea36f,112,,"[97.3, 76.3]",3920417,4,,,,,,,,,,,,,,,,,,,,,,,,1,Regular Play,Ivan Kamberipa,103799.0,Right Back,10,Mali,4930,['9e57628f-cd1e-4ba8-b4e7-48e70b3a8ae5'],11,,,,,,,,,,,,,,,,,,Namibia,4980,00:04:11.494,Foul Committed,
,,,,,,,,,True,,,,0.0,,,,,,,,,,,,d2eb418e-ab40-4bda-8f42-60fc06ed3903,176,,"[63.7, 69.9]",3920417,5,,,,,,,,,,,,,,,,,,,,,,,,1,Regular Play,Aliou Dieng,67714.0,Right Defensive Midfield,14,Namibia,4980,"['6d98582d-4f93-47a3-865c-8a5d87c77404', 'f31bf4f2-f698-483e-8249-310175c7adbb']",43,,,,,,,,,,,,,,,,,,Mali,4930,00:05:43.672,Foul Committed,
,,,,,,,,,,,,,0.0,,,,,,,,,,,,8ebd176d-2e4f-42ea-b681-fbcd05837147,231,,"[40.4, 79.0]",3920417,6,,,,,,,,,,,,,,,,,,,,,,,,1,Regular Play,Hamari Traoré,3248.0,Right Back,17,Namibia,4980,"['dc81df5c-18b2-498d-8b8f-3764645c3f9e', '2555afbd-0aee-497f-b22a-853723ef2045']",49,,,,,,,,,,,,,,,,,,Mali,4930,00:06:49.717,Foul Committed,
,,,,,,,,,True,,,,0.0,,,,,,,,,,,,3171e587-5976-4c72-8de9-fd9c0c44aa53,350,,"[43.1, 70.5]",3920417,11,,,,,,,,,,,,,,,,,,,,,,,,1,Regular Play,Prins Menelik Tjiueza,103803.0,Right Center Midfield,27,Mali,4930,['e049de3c-4050-4738-a102-2e90c37bd168'],20,,,,,,,,,,,,,,,,,,Namibia,4980,00:11:20.837,Foul Committed,
,,,,,,,,,,,,,0.0,,,Handball,,,,,,,,,d7a97068-10e9-41fd-b354-0960bf142714,409,,"[77.3, 63.3]",3920417,12,,,,,,,,,,,,,,,,,,,,,,,,1,From Throw In,Deon Hotto Kavendji,64612.0,Left Midfield,32,Namibia,4980,,49,,,,,,,,,,,,,,,,,,Namibia,4980,00:12:49.747,Foul Committed,
,,,,,,,,,,,,,0.0,,,,,,,,,,,,46a07be7-4e33-4e19-aa26-a43feef3f35f,582,,"[27.6, 1.2]",3920417,16,,,,,,,,,,,,,,,,,,,,,,,,1,Regular Play,Moussa Diarra,32952.0,Left Back,37,Namibia,4980,"['3ebfc845-2390-4a37-a968-02049de16252', '82667e89-e8c5-49c2-ad63-874912a77467']",41,,,,,,,,,,,,,,,,,,Mali,4930,00:16:41.902,Foul Committed,
,,,,,,,,,True,,,,0.0,,,,,,,,,,,,45447e73-0a1c-4d4d-b92d-1c48b280c7a0,591,,"[106.9, 60.1]",3920417,17,,,,,,,,,,,,,,,,,,,,,,,,1,Regular Play,Aprocious Petrus,136406.0,Center Defensive Midfield,39,Mali,4930,"['003bea37-3371-4858-8703-d8307c510f6b', '1f76588a-4d7d-4b6b-a0ae-8dee93489eeb']",30,,,,,,,,,,,,,,,,,,Namibia,4980,00:17:30.573,Foul Committed,
,,,,,,,,,True,,,,0.0,,,,,,,,,,,,7761df60-361b-445a-a838-0067946c726c,641,,"[110.0, 65.0]",3920417,18,,,,,,,,,,,,,,,,,,,,,,,,1,Regular Play,Ivan Kamberipa,103799.0,Right Back,41,Namibia,4980,['e8cbd2fc-91a5-4c8d-865b-95db2c2e30de'],39,,,,,,,,,,,,,,,,,,Namibia,4980,00:18:39.384,Foul Committed,
,,,,,,,,,,,,,0.0,,,,,,,,,,,,1841779f-93a9-4ce5-9448-e4841b1ac83f,749,,"[47.9, 57.8]",3920417,23,,,,,,,,,,,,,,,,,,,,,,,,1,From Throw In,Lubeni Haukongo,135004.0,Left Center Back,47,Mali,4930,['e2d1c1f2-3f40-40b1-84c3-6a0b91a82659'],6,,,,,,,,,,,,,,,,,,Namibia,4980,00:23:06.969,Foul Committed,
,,,,,,,,,,,,,0.0,,,,,,,,,,,,6aafc689-312c-4cf3-9d40-2305971e1e50,843,,"[59.9, 1.5]",3920417,25,,,,,,,,,,,,,,,,,,,,,,,,1,From Throw In,Riaan Hanamub,65555.0,Left Back,51,Mali,4930,"['526f3240-4296-429d-ac63-a7afc4d7f709', 'c3abd1c3-0bb9-4c2d-9c95-914c69476796']",19,,,,,,,,,,,,,,,,,,Namibia,4980,00:25:19.480,Foul Committed,
,,,,,,,,,,,,,0.0,,,,,,,,,,,,579c92c4-1888-45ef-94cd-482a6489cd89,1006,,"[110.0, 27.2]",3920417,33,,,,,,,,,,,,,,,,,,,,,,,,1,From Throw In,Prins Menelik Tjiueza,103803.0,Right Center Midfield,65,Namibia,4980,['e4346654-a820-41dd-af64-c384b7e7320c'],52,,,,,,,,,,,,,,,,,,Namibia,4980,00:33:52.955,Foul Committed,
,,,,,,,,,,,,,0.0,,,,,,,,,,,,8a4af988-f828-467b-ac54-88a711eb6e1f,1049,,"[57.0, 34.0]",3920417,34,,,,,,,,,,,,,,,,,,,,,,,,1,Regular Play,Moussa Diarra,32952.0,Left Back,67,Namibia,4980,['1de7646f-64a0-4db6-a195-63141059b9b5'],49,,,,,,,,,,,,,,,,,,Mali,4930,00:34:49.305,Foul Committed,
,,,,,,,,,,,,,0.0,,,,,,,,,,,,9a5abd61-c5e7-4835-b067-0a91959dd334,1246,,"[115.5, 78.0]",3920417,41,,,,,,,,,,,,,,,,,,,,,,,,1,Regular Play,Fousseni Diabaté,3710.0,Right Midfield,73,Mali,4930,['8ba6cd41-981d-4471-8865-7d063f572ff0'],5,,,,,,,,,,,,,,,,,,Mali,4930,00:41:05.042,Foul Committed,
,,,,,,,,,True,,,,0.0,,,,,,,,,,,,0b1bb4d8-ff24-4b58-8393-d9fb909616cf,1281,,"[35.6, 63.8]",3920417,42,,,,,,,,,,,,,,,,,,,,,,,,1,Regular Play,Aliou Dieng,67714.0,Right Defensive Midfield,77,Namibia,4980,"['7f49c8ef-7e12-44a6-aed0-566f5153a07d', '6fb1482e-dac0-4bf3-bdb1-7e184a8ab3c8']",53,,,,,,,,,,,,,,,,,,Mali,4930,00:42:53.683,Foul Committed,
,,,,,,,,,True,,,,0.0,,,,,,,,,,,,6ca9a8c0-644c-4b8b-a7bd-b6f8b2f43017,1369,,"[65.0, 12.9]",3920417,46,,,,,,,,,,,,,,,,,,,,,,,,1,Regular Play,Nene Dorgeles,199653.0,Left Midfield,82,Namibia,4980,['3163e8ec-cf79-4236-8797-cc5d676763d6'],4,,,,,,,,,,,,,,,,,,Mali,4930,00:46:04.636,Foul Committed,
,,,,,,,,,,,,,0.0,,,,,,,,,,,,189e66a7-6b70-488c-9224-9475576d134a,1377,,"[4.4, 7.1]",3920417,47,,,,,,,,,,,,,,,,,,,,,,,,1,From Free Kick,Sikou Niakate,7295.0,Left Center Back,83,Namibia,4980,['90e27bc6-e452-4687-9a20-900e4f93f12f'],2,,,,,,,,,,,,,,,,,,Mali,4930,00:47:02.866,Foul Committed,
,,,,,,,,,True,,,,0.0,Yellow Card,,,,,,,,,,,03ff7666-eb21-42d3-aae4-0ab035b31f8d,1392,,"[90.4, 28.5]",3920417,48,,,,,,,,,,,,,,,,,,,,,,,,1,From Corner,Deon Hotto Kavendji,64612.0,Left Midfield,85,Namibia,4980,['b1a9b96d-cca4-4903-bdd4-e1da9b0e6522'],53,,,,,,,,,,,,,,,,,,Namibia,4980,00:48:53.751,Foul Committed,
,,,,,,,,,,,,,0.0,,,,,,,,,,,,8209d8d2-45a2-4694-af6d-4a56693d6a8a,1573,,"[95.5, 62.9]",3920417,50,,,,,,,,,,,,,,,,,,,,,,,,2,From Throw In,Fousseni Diabaté,3710.0,Right Midfield,97,Mali,4930,['4d2acc9d-7153-4f1b-91d8-ae8df476c27e'],0,,,,,,,,,,,,,,,,,,Mali,4930,00:05:00.495,Foul Committed,
,,,,,,,,,True,,,,0.0,,,,,,,,,,,,200a739e-98c9-4060-900f-88488cad33d2,1811,,"[77.0, 56.1]",3920417,59,,,,,,,,,,,,,,,,,,,,,,,,2,Regular Play,Nene Dorgeles,199653.0,Right Wing,118,Namibia,4980,"['212def69-25ea-470f-9832-a47bb28f00b6', '1860089e-3286-45aa-b064-2402d63fbce9']",47,,,,,,,,,,,,,,,,,,Mali,4930,00:14:47.149,Foul Committed,
,,,,,,,,,,,,,0.0,,,,,,,,,,,,84512f1c-5013-4550-99eb-e5664463db75,1918,,"[61.4, 44.2]",3920417,62,,,,,,,,,,,,,,,,,,,,,,,,2,From Goal Kick,Yves Bissouma,4385.0,Left Defensive Midfield,124,Mali,4930,['b08f838e-d768-4e72-ae06-2ab8a73fad61'],54,,,,,,,,,,,,,,,,,,Mali,4930,00:17:54.205,Foul Committed,
,,,,,,,,,,,,,0.0,,,Handball,,,,,,,,,2200aa82-3b96-426c-8e37-018002d2ade9,1922,,"[112.0, 11.6]",3920417,63,,,,,,,,,,,,,,,,,,,,,,,,2,From Free Kick,Deon Hotto Kavendji,64612.0,Left Midfield,125,Namibia,4980,,15,,,,,,,,,,,,,,,,,,Namibia,4980,00:18:15.067,Foul Committed,
,,,,,,,,,True,,,,0.0,,,,,,,,,,,,b667890d-3f5a-420f-9151-0eae2da21543,2061,,"[105.7, 74.7]",3920417,66,,,,,,,,,,,,,,,,,,,,,,,,2,From Keeper,Nene Dorgeles,199653.0,Right Wing,129,Mali,4930,['b224083f-d7a5-4792-8590-9bcbd4ad9301'],59,,,,,,,,,,,,,,,,,,Mali,4930,00:21:59.422,Foul Committed,
,,,,,,,,,,,,,0.0,,,,,,,,,,,,89252c97-7ce2-42b0-9491-677eea10c2c5,2119,,"[35.3, 22.2]",3920417,69,,,,,,,,,,,,,,,,,,,,,,,,2,From Throw In,Prins Menelik Tjiueza,103803.0,Right Center Midfield,133,Mali,4930,"['0367ff29-8712-49fd-8cde-dcef1359eec0', '86af1f49-91f2-4baa-ae4e-ee2b56fb3c5f']",12,,,,,,,,,,,,,,,,,,Namibia,4980,00:24:12.415,Foul Committed,
,,,,,,,,,,,,,0.0,,True,Handball,,,,,,,,,dd295794-0d41-4023-bcf7-52a343c7141a,2196,,"[105.9, 8.9]",3920417,72,,,,,,,,,,,,,,,,,,,,,,,,2,From Throw In,Nene Dorgeles,199653.0,Left Wing,136,Mali,4930,,21,,,,,,,,,,,,,,,,,,Mali,4930,00:27:21.124,Foul Committed,
,,,,,,,,,,,,,0.0,,,,,,,,,,,,b3d9c021-65cd-4ad4-b5c6-5906cde2b555,2483,,"[33.0, 53.1]",3920417,83,,,,,,,,,,,,,,,,,,,,,,,,2,From Throw In,Aprocious Petrus,136406.0,Center Defensive Midfield,149,Mali,4930,['e0f51e93-50f5-4bcd-9122-d1f06212e7b2'],12,,,,,,,,,,,,,,,,,,Namibia,4980,00:38:12.124,Foul Committed,
,,,,,,,,,,,,,0.0,,,,,,,,,,,,5530919b-8316-44f7-a7d5-967d3494ed69,2526,,"[29.2, 32.0]",3920417,85,,,,,,,,,,,,,,,,,,,,,,,,2,Regular Play,Ngero Kaanjuka Katua,389316.0,Left Center Midfield,153,Mali,4930,"['10ef6e91-5494-4bd8-83aa-8b9897bc46cd', '1e0f3967-a153-448c-801e-c19b1b12488d']",57,,,,,,,,,,,,,,,,,,Namibia,4980,00:40:57.743,Foul Committed,
,,,,,,,,,,,,,0.0,,,,True,,,,,,,,cdbe535c-e649-48f6-94f5-40734bb28865,69,,"[49.6, 67.1]",3920417,0,,,,,,,,,,,,,,,,,,,,,,,,1,From Throw In,Peter Shalulile,65723.0,Center Forward,3,Mali,4930,['e6337e10-a1a1-45bb-a125-f3a5c96cfa0d'],57,,,,,,,,,,,,,,,,,,Namibia,4980,00:00:57.556,Foul Won,True
,,,,,,,,,,,,,0.0,,,,True,,,,,,,,b2b0f47a-8dd7-4559-b708-063f85a4d4fd,73,,"[20.8, 30.1]",3920417,1,,,,,,,,,,,,,,,,,,,,,,,,1,From Free Kick,Sikou Niakate,7295.0,Left Center Back,4,Namibia,4980,['d72c9744-bd51-4c46-b73d-7c9d06f702a9'],33,,,,,,,,,,,,,,,,,,Mali,4930,00:01:33.117,Foul Won,True
,,,,,,,,,,,,,0.0,,,,True,,,,,,,,5cbc6dce-09da-4325-b6e4-c85dedcfd3d0,85,,"[85.3, 72.8]",3920417,2,,,,,,,,,,,,,,,,,,,,,,,,1,From Throw In,Muzeu Bethuel,389319.0,Right Midfield,6,Namibia,4980,['b6e41fb5-f596-4819-8492-91925aa0f241'],11,,,,,,,,,,,,,,,,,,Namibia,4980,00:02:11.686,Foul Won,True
,,,,,,,,,,,,,0.0,,,,,,,,,,,,9e57628f-cd1e-4ba8-b4e7-48e70b3a8ae5,113,,"[22.8, 3.8]",3920417,4,,,,,,,,,,,,,,,,,,,,,,,,1,Regular Play,Yves Bissouma,4385.0,Left Defensive Midfield,10,Mali,4930,['33e6525e-8111-4491-aa6a-796d2dbea36f'],11,,,,,,,,,,,,,,,,,,Mali,4930,00:04:11.494,Foul Won,True
,,,,,,,,,,,,,0.0,,,,,,,,,,,,6d98582d-4f93-47a3-865c-8a5d87c77404,177,,"[56.4, 10.2]",3920417,5,,,,,,,,,,,,,,,,,,,,,,,,1,Regular Play,Muzeu Bethuel,389319.0,Right Midfield,14,Namibia,4980,['d2eb418e-ab40-4bda-8f42-60fc06ed3903'],43,,,,,,,,,,,,,,,,,,Namibia,4980,00:05:43.672,Foul Won,True
,,,,,,,,,,,,,0.0,,,,,,,,,,,,2555afbd-0aee-497f-b22a-853723ef2045,232,,"[79.7, 1.1]",3920417,6,,,,,,,,,,,,,,,,,,,,,,,,1,Regular Play,Muzeu Bethuel,389319.0,Right Midfield,17,Namibia,4980,['8ebd176d-2e4f-42ea-b681-fbcd05837147'],49,,,,,,,,,,,,,,,,,,Namibia,4980,00:06:49.717,Foul Won,True
,,,,,,,,,,,,,0.0,,,,,,,,,,,,e049de3c-4050-4738-a102-2e90c37bd168,351,,"[77.0, 9.6]",3920417,11,,,,,,,,,,,,,,,,,,,,,,,,1,Regular Play,Nene Dorgeles,199653.0,Left Midfield,27,Mali,4930,"['a4696a15-3bf4-4b8a-b5c6-8a7ab0ee7a12', '3171e587-5976-4c72-8de9-fd9c0c44aa53']",20,,,,,,,,,,,,,,,,,,Mali,4930,00:11:20.837,Foul Won,True
,,,,,,,,,,,,,0.0,,,,,,,,,,,,82667e89-e8c5-49c2-ad63-874912a77467,583,,"[92.5, 78.9]",3920417,16,,,,,,,,,,,,,,,,,,,,,,,,1,Regular Play,Deon Hotto Kavendji,64612.0,Left Midfield,37,Namibia,4980,['46a07be7-4e33-4e19-aa26-a43feef3f35f'],41,,,,,,,,,,,,,,,,,,Namibia,4980,00:16:41.902,Foul Won,True
,,,,,,,,,,,,,0.0,,,,,,,,,,,,003bea37-3371-4858-8703-d8307c510f6b,592,,"[13.2, 20.0]",3920417,17,,,,,,,,,,,,,,,,,,,,,,,,1,Regular Play,Lassine Sinayoko,105182.0,Left Center Forward,39,Mali,4930,['45447e73-0a1c-4d4d-b92d-1c48b280c7a0'],30,,,,,,,,,,,,,,,,,,Mali,4930,00:17:30.573,Foul Won,True
,,,,,,,,,,,,,0.0,,,,,,,,,,,,e8cbd2fc-91a5-4c8d-865b-95db2c2e30de,642,,"[10.1, 15.1]",3920417,18,,,,,,,,,,,,,,,,,,,,,,,,1,Regular Play,Moussa Diarra,32952.0,Left Back,41,Namibia,4980,['7761df60-361b-445a-a838-0067946c726c'],39,,,,,,,,,,,,,,,,,,Mali,4930,00:18:39.384,Foul Won,True
,,,,,,,,,,,,,0.0,,,,,,,,,,,,e2d1c1f2-3f40-40b1-84c3-6a0b91a82659,750,,"[72.2, 22.3]",3920417,23,,,,,,,,,,,,,,,,,,,,,,,,1,From Throw In,Youssoufou Niakaté,51750.0,Right Center Forward,47,Mali,4930,"['0df58405-710a-4e45-a4a3-a16b5ba9b2cc', '1841779f-93a9-4ce5-9448-e4841b1ac83f']",6,,,,,,,,,,,,,,,,,,Mali,4930,00:23:06.969,Foul Won,True
,,,,,,,,,,,,,0.0,,,,,,,,,,,,c3abd1c3-0bb9-4c2d-9c95-914c69476796,844,,"[60.2, 78.6]",3920417,25,,,,,,,,,,,,,,,,,,,,,,,,1,From Throw In,Fousseni Diabaté,3710.0,Right Midfield,51,Mali,4930,"['6aafc689-312c-4cf3-9d40-2305971e1e50', '280006cb-156b-4cf2-94b7-9f0f51db58cc']",19,,,,,,,,,,,,,,,,,,Mali,4930,00:25:19.480,Foul Won,True
,,,,,,,,,,,,,0.0,,,,True,,,,,,,,e4346654-a820-41dd-af64-c384b7e7320c,1007,,"[10.1, 52.9]",3920417,33,,,,,,,,,,,,,,,,,,,,,,,,1,From Throw In,Boubakar Kouyate,23331.0,Right Center Back,65,Namibia,4980,['579c92c4-1888-45ef-94cd-482a6489cd89'],52,,,,,,,,,,,,,,,,,,Mali,4930,00:33:52.955,Foul Won,True
,,,,,,,,,,,,,0.0,,,,,,,,,,,,1de7646f-64a0-4db6-a195-63141059b9b5,1050,,"[63.1, 46.1]",3920417,34,,,,,,,,,,,,,,,,,,,,,,,,1,Regular Play,Peter Shalulile,65723.0,Center Forward,67,Namibia,4980,['8a4af988-f828-467b-ac54-88a711eb6e1f'],49,,,,,,,,,,,,,,,,,,Namibia,4980,00:34:49.305,Foul Won,True
,,,,,,,,,,,,,0.0,,,,True,,,,,,,,8ba6cd41-981d-4471-8865-7d063f572ff0,1247,,"[4.6, 2.1]",3920417,41,,,,,,,,,,,,,,,,,,,,,,,,1,Regular Play,Riaan Hanamub,65555.0,Left Back,73,Mali,4930,['9a5abd61-c5e7-4835-b067-0a91959dd334'],5,,,,,,,,,,,,,,,,,,Namibia,4980,00:41:05.042,Foul Won,True
,,,,,,,,,,,,,0.0,,,,,,,,,,,,7f49c8ef-7e12-44a6-aed0-566f5153a07d,1282,,"[84.5, 16.3]",3920417,42,,,,,,,,,,,,,,,,,,,,,,,,1,Regular Play,Ngero Kaanjuka Katua,389316.0,Left Center Midfield,77,Namibia,4980,['0b1bb4d8-ff24-4b58-8393-d9fb909616cf'],53,,,,,,,,,,,,,,,,,,Namibia,4980,00:42:53.683,Foul Won,True
,,,,,,,,,,,,,0.0,,,,,,,,,,,,3163e8ec-cf79-4236-8797-cc5d676763d6,1370,,"[55.1, 67.2]",3920417,46,,,,,,,,,,,,,,,,,,,,,,,,1,Regular Play,Deon Hotto Kavendji,64612.0,Left Midfield,82,Namibia,4980,['6ca9a8c0-644c-4b8b-a7bd-b6f8b2f43017'],4,,,,,,,,,,,,,,,,,,Namibia,4980,00:46:04.636,Foul Won,True
,,,,,,,,,,,,,0.0,,,,,,,,,,,,90e27bc6-e452-4687-9a20-900e4f93f12f,1378,,"[115.7, 73.0]",3920417,47,,,,,,,,,,,,,,,,,,,,,,,,1,From Free Kick,Peter Shalulile,65723.0,Center Forward,83,Namibia,4980,['189e66a7-6b70-488c-9224-9475576d134a'],2,,,,,,,,,,,,,,,,,,Namibia,4980,00:47:02.866,Foul Won,True
,,,,,,,,,,,,,0.0,,,,,,,,,,,,b1a9b96d-cca4-4903-bdd4-e1da9b0e6522,1393,,"[29.7, 51.6]",3920417,48,,,,,,,,,,,,,,,,,,,,,,,,1,From Corner,Hamari Traoré,3248.0,Right Back,85,Namibia,4980,"['79bf2a2e-1be4-44ff-b9ce-f467151fe35c', '03ff7666-eb21-42d3-aae4-0ab035b31f8d']",53,,,,,,,,,,,,,,,,,,Mali,4930,00:48:53.751,Foul Won,True
,,,,,,,,,,,,,0.0,,,,True,,,,,,,,4d2acc9d-7153-4f1b-91d8-ae8df476c27e,1574,,"[24.6, 17.2]",3920417,50,,,,,,,,,,,,,,,,,,,,,,,,2,From Throw In,Riaan Hanamub,65555.0,Left Back,97,Mali,4930,['8209d8d2-45a2-4694-af6d-4a56693d6a8a'],0,,,,,,,,,,,,,,,,,,Namibia,4980,00:05:00.495,Foul Won,True
,,,,,,,,,,,,,0.0,,,,,,,,,,,,212def69-25ea-470f-9832-a47bb28f00b6,1812,,"[43.1, 24.0]",3920417,59,,,,,,,,,,,,,,,,,,,,,,,,2,Regular Play,Riaan Hanamub,65555.0,Left Back,118,Namibia,4980,['200a739e-98c9-4060-900f-88488cad33d2'],47,,,,,,,,,,,,,,,,,,Namibia,4980,00:14:47.149,Foul Won,True
,,,,,,,,,,,,,0.0,,,,True,,,,,,,,b08f838e-d768-4e72-ae06-2ab8a73fad61,1919,,"[58.7, 35.9]",3920417,62,,,,,,,,,,,,,,,,,,,,,,,,2,From Goal Kick,Prins Menelik Tjiueza,103803.0,Right Center Midfield,124,Mali,4930,['84512f1c-5013-4550-99eb-e5664463db75'],54,,,,,,,,,,,,,,,,,,Namibia,4980,00:17:54.205,Foul Won,True
,,,,,,,,,,,,,0.0,,,,,,,,,,,,b224083f-d7a5-4792-8590-9bcbd4ad9301,2062,,"[14.4, 5.4]",3920417,66,,,,,,,,,,,,,,,,,,,,,,,,2,From Keeper,Riaan Hanamub,65555.0,Left Back,129,Mali,4930,['b667890d-3f5a-420f-9151-0eae2da21543'],59,,,,,,,,,,,,,,,,,,Namibia,4980,00:21:59.422,Foul Won,True
,,,,,,,,,,,,,0.0,,,,,,,,,,,,86af1f49-91f2-4baa-ae4e-ee2b56fb3c5f,2120,,"[84.8, 57.9]",3920417,69,,,,,,,,,,,,,,,,,,,,,,,,2,From Throw In,Hamari Traoré,3248.0,Right Back,133,Mali,4930,['89252c97-7ce2-42b0-9491-677eea10c2c5'],12,,,,,,,,,,,,,,,,,,Mali,4930,00:24:12.415,Foul Won,True
,,,,,,,,,,,,,0.0,,,,,,,,,,,,e0f51e93-50f5-4bcd-9122-d1f06212e7b2,2484,,"[87.1, 27.0]",3920417,83,,,,,,,,,,,,,,,,,,,,,,,,2,From Throw In,Kamory Doumbia,162132.0,Center Attacking Midfield,149,Mali,4930,['b3d9c021-65cd-4ad4-b5c6-5906cde2b555'],12,,,,,,,,,,,,,,,,,,Mali,4930,00:38:12.124,Foul Won,True
,,,,,,,,,,,,,0.0,,,,,,,,,,,,1e0f3967-a153-448c-801e-c19b1b12488d,2527,,"[90.9, 48.1]",3920417,85,,,,,,,,,,,,,,,,,,,,,,,,2,Regular Play,Mohamed Camara,24806.0,Right Defensive Midfield,153,Mali,4930,['5530919b-8316-44f7-a7d5-967d3494ed69'],57,,,,,,,,,,,,,,,,,,Mali,4930,00:40:57.743,Foul Won,True
,,,,,,,,,,,,,0.0,,,,,,,,,,,,a7aeb2e9-459e-4b77-aa84-3ff28a5ab521,98,,"[8.7, 33.4]",3920417,4,,,,,,,,,,,,,,,,,,,,,,,,1,Regular Play,Aliou Dieng,67714.0,Right Defensive Midfield,10,Mali,4930,['cc72a1c6-7fec-4983-8317-aea2e487889a'],0,,,,,,,,,,,,,,,,,,Mali,4930,00:04:00.203,Ball Recovery,
,,,,,,,,,,,,,0.0,,,,,,,,,,,,a6e4db23-b3aa-4c71-a664-dd80cb0d045c,119,,"[12.2, 38.8]",3920417,4,,,,,,,,,,,,,,,,,,,,,,,,1,Regular Play,Lloyd Junior Kazapua,125324.0,Goalkeeper,12,Namibia,4980,['075da2fd-c702-40fe-970f-4dc50bb2e906'],40,,,,,,,,,,,,,,,,,,Namibia,4980,00:04:40.308,Ball Recovery,
,,,,,,,,,,,,,0.0,,,,,,,,,,,,cb4d3a08-f2cc-453c-a070-2ae3956e7f2f,174,,"[55.7, 9.5]",3920417,5,,,,,,,,,,,,,,,,,,,,,,,,1,Regular Play,Muzeu Bethuel,389319.0,Right Midfield,14,Namibia,4980,['7b47d5ed-9e11-4a63-af25-0d32b5bc2ab9'],43,,,,,,,,,,,,,,,,,,Namibia,4980,00:05:43.099,Ball Recovery,True
,,,,,,,,,,,,,0.0,,,,,,,,,,,,13f1273d-5da1-4add-9b37-437e773f6cbc,190,,"[23.4, 28.5]",3920417,6,,,,,,,,,,,,,,,,,,,,,,,,1,Regular Play,Nene Dorgeles,199653.0,Left Midfield,16,Mali,4930,['190a8d8c-c977-4473-a9d5-00d384cf8748'],13,,,,,,,,,,,,,,,,,,Mali,4930,00:06:13.728,Ball Recovery,True
,,,,,,,,,,,,,0.0,,,,,,,,,,,,dad7174a-475d-41e5-bbd1-e5afac5f9487,218,,"[71.8, 8.5]",3920417,6,,,,,,,,,,,,,,,,,,,,,,,,1,Regular Play,Ngero Kaanjuka Katua,389316.0,Left Center Midfield,17,Namibia,4980,,43,,,,,,,,,,,,,,,,,,Namibia,4980,00:06:43.404,Ball Recovery,
,,,,,,,,,,,,,0.0,,,,,,,,,,,,bd2fac93-799c-4f35-a7e6-dbdb0e73a34d,224,,"[71.4, 8.3]",3920417,6,,,,,,,,,,,,,,,,,,,,,,,,1,Regular Play,Ngero Kaanjuka Katua,389316.0,Left Center Midfield,17,Namibia,4980,,47,,,,,,,,,,,,,,,,,,Namibia,4980,00:06:47.561,Ball Recovery,
,,,,,,,,,,,,,0.0,,,,,,,,,,,,3f1fff8a-6ae6-496f-b7ac-9b3588d8441c,309,,"[47.5, 46.3]",3920417,10,,,,,,,,,,,,,,,,,,,,,,,,1,From Free Kick,Djigui Diarra,102992.0,Goalkeeper,24,Namibia,4980,['4679b16d-121d-4377-8f3b-4827691a4c57'],21,,,,,,,,,,,,,,,,,,Mali,4930,00:10:21.877,Ball Recovery,
,,,,,,,,,,,,,0.0,,,,,,,,,,,,228f3a82-ac1b-4eac-a31f-433702e28648,314,,"[11.2, 48.3]",3920417,10,,,,,,,,,,,,,,,,,,,,,,,,1,From Free Kick,Lloyd Junior Kazapua,125324.0,Goalkeeper,24,Namibia,4980,['bd234a30-a35f-4cfa-8c89-d90fc9d57143'],37,,,,,,,,,,,,,,,,,,Namibia,4980,00:10:37.199,Ball Recovery,
,,,,,,,,,,,,,0.0,,,,,,,,,,,,005c172a-c7a8-4a5c-a7a4-9b6703aa375d,338,,"[37.5, 34.4]",3920417,11,,,,,,,,,,,,,,,,,,,,,,,,1,Regular Play,Ngero Kaanjuka Katua,389316.0,Left Center Midfield,26,Namibia,4980,['fb4a41dc-d790-4c73-b935-0740c72c8052'],12,,,,,,,,,,,,,,,,,,Namibia,4980,00:11:12.538,Ball Recovery,
,,,,,,,,,,,,,0.0,,,,,,,,,,,,9da69388-6c51-4235-8be4-d54097f5e129,347,,"[77.9, 9.6]",3920417,11,,,,,,,,,,,,,,,,,,,,,,,,1,Regular Play,Nene Dorgeles,199653.0,Left Midfield,27,Mali,4930,,18,,,,,,,,,,,,,,,,,,Mali,4930,00:11:18.414,Ball Recovery,
,,,,,,,,,,,,,0.0,,,,,,,,,,,,16c1773a-619b-469d-8a1d-5b52470d7779,394,,"[48.2, 7.8]",3920417,12,,,,,,,,,,,,,,,,,,,,,,,,1,Regular Play,Muzeu Bethuel,389319.0,Right Midfield,31,Namibia,4980,,25,,,,,,,,,,,,,,,,,,Namibia,4980,00:12:25.728,Ball Recovery,
,,,,,,,,,,,,,0.0,,,,,,,,,,,,9182403e-af41-4908-a62f-0dfddca3faa0,542,,"[64.7, 64.4]",3920417,16,,,,,,,,,,,,,,,,,,,,,,,,1,Regular Play,Prins Menelik Tjiueza,103803.0,Right Center Midfield,37,Namibia,4980,['56d36e93-0d58-4f29-b83e-10b2aa2be5ef'],1,,,,,,,,,,,,,,,,,,Namibia,4980,00:16:01.293,Ball Recovery,
,,,,,,,,,,,,,0.0,,,,,,,,,,,,a4aa8302-4219-4f11-9a5e-f4ae4ff86d30,589,,"[9.7, 23.7]",3920417,17,,,,,,,,,,,,,,,,,,,,,,,,1,Regular Play,Lassine Sinayoko,105182.0,Left Center Forward,39,Mali,4930,,29,,,,,,,,,,,,,,,,,,Mali,4930,00:17:29.822,Ball Recovery,
,,,,,,,,,,,,,0.0,,,,,,,,,,,,645d5204-ed73-4eaa-9973-114003704113,633,,"[3.3, 21.0]",3920417,18,,,,,,,,,,,,,,,,,,,,,,,,1,Regular Play,Moussa Diarra,32952.0,Left Back,41,Namibia,4980,,36,,,,,,,,,,,,,,,,,,Mali,4930,00:18:36.105,Ball Recovery,
,,,,,,,,,,,,,0.0,,,,,,,,,,,,98f57931-a12d-4ba4-986d-2ba30810302d,638,,"[6.5, 20.1]",3920417,18,,,,,,,,,,,,,,,,,,,,,,,,1,Regular Play,Moussa Diarra,32952.0,Left Back,41,Namibia,4980,,38,,,,,,,,,,,,,,,,,,Mali,4930,00:18:38.209,Ball Recovery,
,True,,,,,,,,,,,,0.0,,,,,,,,,,,,a742b7a7-eba0-40e7-a3fd-fc251435b15d,654,,"[7.5, 35.9]",3920417,19,,,,,,,,,,,,,,,,,,,,,,,,1,Regular Play,Boubakar Kouyate,23331.0,Right Center Back,43,Namibia,4980,['1fae2e9c-d349-4da0-becc-7f635c8a6021'],22,,,,,,,,,,,,,,,,,,Mali,4930,00:19:22.336,Ball Recovery,
,,,,,,,,,,,,,0.0,,,,,,,,,,,,e0e059a0-f9b3-4f11-bafc-858c7b3c1b5b,655,,"[110.7, 57.2]",3920417,19,,,,,,,,,,,,,,,,,,,,,,,,1,Regular Play,Peter Shalulile,65723.0,Center Forward,43,Namibia,4980,,24,,,,,,,,,,,,,,,,,,Namibia,4980,00:19:24.723,Ball Recovery,
,,,,,,,,,,,,,0.0,,,,,,,,,,,,3eb5eb44-8041-4969-a8b4-68860366e444,680,,"[114.2, 72.6]",3920417,20,,,,,,,,,,,,,,,,,,,,,,,,1,From Goal Kick,Fousseni Diabaté,3710.0,Right Midfield,44,Mali,4930,,41,,,,,,,,,,,,,,,,,,Mali,4930,00:20:41.239,Ball Recovery,
,,,,,,,,,,,,,0.0,,,,,,,,,,,,705056b8-555a-4263-a2f1-62db0b487850,714,,"[7.5, 33.0]",3920417,22,,,,,,,,,,,,,,,,,,,,,,,,1,From Corner,Peter Shalulile,65723.0,Center Forward,46,Mali,4930,['0be5d717-8af8-40b8-83a3-be912cdac9fa'],12,,,,,,,,,,,,,,,,,,Namibia,4980,00:22:12.463,Ball Recovery,
,,,,,,,,,,,,,0.0,,,,,,,,,,,,3260b1c5-1071-4195-affd-f0c77c43e8cf,718,,"[41.5, 64.8]",3920417,22,,,,,,,,,,,,,,,,,,,,,,,,1,From Corner,Aliou Dieng,67714.0,Right Defensive Midfield,46,Mali,4930,['690e25d4-cb25-40e5-94dd-a51530eb7642'],20,,,,,,,,,,,,,,,,,,Mali,4930,00:22:20.074,Ball Recovery,
,,,,,,,,,,,,,0.0,,,,,,,,,,,,cb2ea9e7-0503-4d41-8c8e-cac307ef47c1,765,,"[3.6, 36.6]",3920417,23,,,,,,,,,,,,,,,,,,,,,,,,1,From Free Kick,Lloyd Junior Kazapua,125324.0,Goalkeeper,48,Mali,4930,['7101908b-8ff3-4917-b82c-34d9554f2d8b'],37,,,,,,,,,,,,,,,,,,Namibia,4980,00:23:37.355,Ball Recovery,
,,,,,,,,,,,,,0.0,,,,,,,,,,,,62793f34-7045-47f9-9ecc-8500d13cacb4,861,,"[35.9, 75.0]",3920417,25,,,,,,,,,,,,,,,,,,,,,,,,1,Regular Play,Ivan Kamberipa,103799.0,Right Back,53,Namibia,4980,['e8a26bf4-84ad-45eb-aee8-b179c93ac897'],50,,,,,,,,,,,,,,,,,,Namibia,4980,00:25:50.518,Ball Recovery,
,,,,,,,,,,,,,0.0,,,,,,,,,,,,2783c409-adbb-4c9b-ba93-38fc9b983ded,872,,"[13.3, 32.1]",3920417,25,,,,,,,,,,,,,,,,,,,,,,,,1,Regular Play,Djigui Diarra,102992.0,Goalkeeper,54,Mali,4930,['06d67a9f-ee73-4597-8b3e-6cb6f03f07d3'],57,,,,,,,,,,,,,,,,,,Mali,4930,00:25:57.694,Ball Recovery,
,,,,,,,,,,,,,0.0,,,,,,,,,,,,c2f53083-73fb-44c9-b87e-67e4bb3e9658,928,,"[43.0, 11.5]",3920417,27,,,,,,,,,,,,,,,,,,,,,,,,1,Regular Play,Moussa Diarra,32952.0,Left Back,57,Mali,4930,['9301c71b-f060-4e5c-bc63-1570354b54fe'],49,,,,,,,,,,,,,,,,,,Mali,4930,00:27:49.790,Ball Recovery,
,,,,,,,,,,,,,0.0,,,,,,,,,,,,39e3adc4-f066-4765-8f1c-45e1c53530b1,961,,"[41.4, 60.6]",3920417,31,,,,,,,,,,,,,,,,,,,,,,,,1,Regular Play,Ivan Kamberipa,103799.0,Right Back,60,Namibia,4980,['c6f7a72f-c960-4a95-a01a-88af870121c0'],17,,,,,,,,,,,,,,,,,,Namibia,4980,00:31:17.812,Ball Recovery,
,True,,,,,,,,,,,,0.0,,,,,,,,,,,,aed48eb2-7dd2-47cd-92e2-1b18c13ef768,1014,,"[83.7, 71.7]",3920417,34,,,,,,,,,,,,,,,,,,,,,,,,1,From Free Kick,Muzeu Bethuel,389319.0,Right Midfield,66,Mali,4930,,17,,,,,,,,,,,,,,,,,,Namibia,4980,00:34:17.963,Ball Recovery,
,,,,,,,,,,,,,0.0,,,,,,,,,,,,739fd2b2-780f-4694-acc7-2b12374f9206,1015,,"[35.6, 9.1]",3920417,34,,,,,,,,,,,,,,,,,,,,,,,,1,From Free Kick,Moussa Diarra,32952.0,Left Back,66,Mali,4930,,19,,,,,,,,,,,,,,,,,,Mali,4930,00:34:19.017,Ball Recovery,
,,,,,,,,,,,,,0.0,,,,,,,,,,,,5f91cbca-eeb3-42ae-b9ab-3290a540577d,1056,,"[6.2, 41.3]",3920417,35,,,,,,,,,,,,,,,,,,,,,,,,1,From Free Kick,Sikou Niakate,7295.0,Left Center Back,68,Namibia,4980,['e19131d0-66fc-4a17-a7f7-9ebde496bccd'],50,,,,,,,,,,,,,,,,,,Mali,4930,00:35:50.854,Ball Recovery,
,,,,,,,,,,,,,0.0,,,,,,,,,,,,a0b04d2e-a28f-4e88-976c-c3f3a4c66d1a,1068,,"[28.1, 15.5]",3920417,37,,,,,,,,,,,,,,,,,,,,,,,,1,From Goal Kick,Riaan Hanamub,65555.0,Left Back,70,Mali,4930,['567ff945-c948-40c8-aa51-a6bc88ef69b7'],27,,,,,,,,,,,,,,,,,,Namibia,4980,00:37:27.176,Ball Recovery,
,,,,,,,,,,,,,0.0,,,,,,,,,,,,97d09560-badb-4344-9270-d72beaa25b23,1072,,"[56.7, 68.4]",3920417,37,,,,,,,,,,,,,,,,,,,,,,,,1,From Goal Kick,Hamari Traoré,3248.0,Right Back,70,Mali,4930,['c9957402-7a75-48c5-bb20-e632fae2e169'],29,,,,,,,,,,,,,,,,,,Mali,4930,00:37:29.977,Ball Recovery,
,,,,,,,,,,,,,0.0,,,,,,,,,,,,3495120a-e109-4bd9-84c4-6a23c837a763,1275,,"[66.2, 13.7]",3920417,42,,,,,,,,,,,,,,,,,,,,,,,,1,Regular Play,Aprocious Petrus,136406.0,Center Defensive Midfield,77,Namibia,4980,['2f0122fe-97eb-44bb-b4ad-bebe09954b4c'],51,,,,,,,,,,,,,,,,,,Namibia,4980,00:42:51.596,Ball Recovery,
,,,,,,,,,,,,,0.0,,,,,,,,,,,,8b6fdd74-d855-45b6-b171-ff1964f018f7,1286,,"[93.7, 27.8]",3920417,43,,,,,,,,,,,,,,,,,,,,,,,,1,From Free Kick,Ngero Kaanjuka Katua,389316.0,Left Center Midfield,78,Namibia,4980,,38,,,,,,,,,,,,,,,,,,Namibia,4980,00:43:38.168,Ball Recovery,
,,,,,,,,,,,,,0.0,,,,,,,,,,,,4a9b050d-24e6-400e-8ced-469f838cdb4a,1386,,"[15.3, 56.0]",3920417,48,,,,,,,,,,,,,,,,,,,,,,,,1,From Corner,Fousseni Diabaté,3710.0,Right Midfield,85,Namibia,4980,,50,,,,,,,,,,,,,,,,,,Mali,4930,00:48:50.251,Ball Recovery,
,,,,,,,,,,,,,0.0,,,,,,,,,,,,7ecc6174-e1db-4cc0-8647-ae96820a1ee0,1415,,"[64.0, 22.4]",3920417,45,,,,,,,,,,,,,,,,,,,,,,,,2,Regular Play,Deon Hotto Kavendji,64612.0,Left Midfield,87,Mali,4930,,16,,,,,,,,,,,,,,,,,,Namibia,4980,00:00:16.239,Ball Recovery,
,,,,,,,,,,,,,0.0,,,,,,,,,,,,2cfaa9f7-e8b7-463f-9075-35398b6951b5,1421,,"[16.1, 38.5]",3920417,45,,,,,,,,,,,,,,,,,,,,,,,,2,Regular Play,Djigui Diarra,102992.0,Goalkeeper,87,Mali,4930,,22,,,,,,,,,,,,,,,,,,Mali,4930,00:00:22.113,Ball Recovery,
,,,,,,,,,,,,,0.0,,,,,,,,,,,,efc886fa-289a-4abf-a26d-8698dbfbb5c5,1499,,"[12.6, 27.0]",3920417,47,,,,,,,,,,,,,,,,,,,,,,,,2,From Throw In,Lloyd Junior Kazapua,125324.0,Goalkeeper,93,Mali,4930,['f39f2f36-112a-4490-ad14-b1a8693a2276'],41,,,,,,,,,,,,,,,,,,Namibia,4980,00:02:41.111,Ball Recovery,
,,,,,,,,,,,,,0.0,,,,,,,,,,,,0d4e5c3a-c81c-4cc4-aedf-5beb638c6860,1511,,"[78.7, 53.7]",3920417,48,,,,,,,,,,,,,,,,,,,,,,,,2,Regular Play,Prins Menelik Tjiueza,103803.0,Right Center Midfield,94,Namibia,4980,,7,,,,,,,,,,,,,,,,,,Namibia,4980,00:03:07.375,Ball Recovery,
,,,,,,,,,,,,,0.0,,,,,,,,,,,,dc6b3765-6806-4ed5-879e-b61cdb6f0b2d,1537,,"[7.3, 72.2]",3920417,48,,,,,,,,,,,,,,,,,,,,,,,,2,Regular Play,Boubakar Kouyate,23331.0,Right Center Back,94,Namibia,4980,['c0c6a4a3-6a71-4a40-aee8-8fe0fe432529'],32,,,,,,,,,,,,,,,,,,Mali,4930,00:03:32.294,Ball Recovery,True
,,,,,,,,,,,,,0.0,,,,,,,,,,,,8a521506-30a7-4afd-aeab-8dad573b15a8,1593,,"[38.7, 69.1]",3920417,51,,,,,,,,,,,,,,,,,,,,,,,,2,From Throw In,Hamari Traoré,3248.0,Right Back,100,Namibia,4980,['6ac0cf74-cecb-48d0-8002-858601602e70'],13,,,,,,,,,,,,,,,,,,Mali,4930,00:06:13.508,Ball Recovery,
,,,,,,,,,,,,,0.0,,,,,,,,,,,,b3896ec7-697a-44f7-8466-e8ba3a4f0c4a,1658,,"[115.9, 67.1]",3920417,54,,,,,,,,,,,,,,,,,,,,,,,,2,From Corner,Prins Menelik Tjiueza,103803.0,Right Center Midfield,106,Namibia,4980,,43,,,,,,,,,,,,,,,,,,Namibia,4980,00:09:43.478,Ball Recovery,
,,,,,,,,,,,,,0.0,,,,,,,,,,,,83fbb2ce-28da-4286-afb8-3ff3e3ed4be6,1690,,"[31.5, 71.6]",3920417,55,,,,,,,,,,,,,,,,,,,,,,,,2,From Throw In,Prins Menelik Tjiueza,103803.0,Right Center Midfield,107,Mali,4930,,27,,,,,,,,,,,,,,,,,,Namibia,4980,00:10:27.227,Ball Recovery,
,,,,,,,,,,,,,0.0,,,,,,,,,,,,21bdb154-1820-4ba8-9046-919354976a2a,1712,,"[49.2, 74.7]",3920417,56,,,,,,,,,,,,,,,,,,,,,,,,2,Regular Play,Boubakar Kouyate,23331.0,Right Center Back,110,Mali,4930,['1d2f769d-24ec-4b59-87ce-3aec11d60003'],13,,,,,,,,,,,,,,,,,,Mali,4930,00:11:13.366,Ball Recovery,
,,,,,,,,,,,,,0.0,,,,,,,,,,,,8acbf89d-0a75-4cdc-b15d-1479595f61d3,1782,,"[86.9, 48.5]",3920417,59,,,,,,,,,,,,,,,,,,,,,,,,2,From Throw In,Deon Hotto Kavendji,64612.0,Left Midfield,116,Namibia,4980,,27,,,,,,,,,,,,,,,,,,Namibia,4980,00:14:27.269,Ball Recovery,
,,,,,,,,,,,,,0.0,,,,,,,,,,,,db2d6fd4-dcd3-45e5-8f9d-c35d07ffdeb3,1796,,"[13.1, 22.5]",3920417,59,,,,,,,,,,,,,,,,,,,,,,,,2,From Counter,Fousseni Diabaté,3710.0,Left Wing,117,Mali,4930,['eef8b983-d43b-4ae4-8f76-36a2b952769c'],37,,,,,,,,,,,,,,,,,,Mali,4930,00:14:37.017,Ball Recovery,True
,,,,,,,,,,,,,0.0,,,,,,,,,,,,4027dc20-bfec-4d4e-bb7b-5e209c73afb1,1809,,"[40.9, 24.8]",3920417,59,,,,,,,,,,,,,,,,,,,,,,,,2,Regular Play,Riaan Hanamub,65555.0,Left Back,118,Namibia,4980,['83f05bcb-17f3-45b6-b207-b55b4388c13e'],46,,,,,,,,,,,,,,,,,,Namibia,4980,00:14:46.745,Ball Recovery,True
,,,,,,,,,,,,,0.0,,,,,,,,,,,,d03901e4-7367-42a3-8ffd-eb582a4c61ed,1817,,"[23.7, 6.9]",3920417,60,,,,,,,,,,,,,,,,,,,,,,,,2,From Free Kick,Moussa Diarra,32952.0,Left Back,119,Namibia,4980,,26,,,,,,,,,,,,,,,,,,Mali,4930,00:15:26.248,Ball Recovery,
,,,,,,,,,,,,,0.0,,,,,,,,,,,,3425e95b-4b35-422d-9d4f-cdd3a5c3302a,1855,,"[90.8, 5.2]",3920417,61,,,,,,,,,,,,,,,,,,,,,,,,2,From Throw In,Riaan Hanamub,65555.0,Left Back,121,Namibia,4980,,38,,,,,,,,,,,,,,,,,,Namibia,4980,00:16:38.254,Ball Recovery,
,,,,,,,,,,,,,0.0,,,,,,,,,,,,993c20c5-b226-456b-b9af-971b10a23851,1872,,"[66.9, 65.1]",3920417,61,,,,,,,,,,,,,,,,,,,,,,,,2,From Throw In,Aprocious Petrus,136406.0,Center Defensive Midfield,121,Namibia,4980,,50,,,,,,,,,,,,,,,,,,Namibia,4980,00:16:50.453,Ball Recovery,
,,,,,,,,,,,,,0.0,,,,,,,,,,,,a521a41c-fdce-4b70-b31e-165d5e37240d,1909,,"[47.6, 12.3]",3920417,62,,,,,,,,,,,,,,,,,,,,,,,,2,From Goal Kick,Lubeni Haukongo,135004.0,Left Center Back,124,Mali,4930,['6b42f202-6a58-454c-ad4f-1bfb57627d1c'],47,,,,,,,,,,,,,,,,,,Namibia,4980,00:17:47.832,Ball Recovery,
,True,,,,,,,,,,,,0.0,,,,,,,,,,,,10a4a65b-669a-4d4a-bdb0-fc7510de3839,1960,,"[51.5, 10.8]",3920417,64,,True,,,,,,,,,,,,,,,,,,,,,,2,From Goal Kick,Fousseni Diabaté,3710.0,Left Wing,127,Namibia,4980,['eadc98d5-2ee2-43c3-b045-45e0caab4509'],57,,,,,,,,,,,,,,,,,,Mali,4930,00:19:57.908,Ball Recovery,
,,,,,,,,,,,,,0.0,,,,,,,,,,,,bf29f8d3-eb43-4daa-baed-3857d5f4a2ce,1966,,"[90.1, 72.6]",3920417,65,,,,,,,,,,,,,,,,,,,,,,,,2,From Throw In,Muzeu Bethuel,389319.0,Right Midfield,128,Namibia,4980,['20486ab7-c0a6-4b72-a1af-fd48edb54a24'],27,,,,,,,,,,,,,,,,,,Namibia,4980,00:20:27.080,Ball Recovery,
,,,,,,,,,,,,,0.0,,,,,,,,,,,,b1b75f91-c92c-43b4-8fed-570d448c1dda,2004,,"[87.5, 2.4]",3920417,66,,,,,,,,,,,,,,,,,,,,,,,,2,From Keeper,Moussa Diarra,32952.0,Left Back,129,Mali,4930,,7,,,,,,,,,,,,,,,,,,Mali,4930,00:21:07.069,Ball Recovery,
,,,,,,,,,,,,,0.0,,,,,,,,,,,,7943df70-9595-4654-8f2d-1e53768e4017,2028,,"[42.2, 27.0]",3920417,66,,,,,,,,,,,,,,,,,,,,,,,,2,From Keeper,Ngero Kaanjuka Katua,389316.0,Left Center Midfield,129,Mali,4930,['a9b720ba-a1cb-454e-930d-25a89909f0a6'],22,,,,,,,,,,,,,,,,,,Namibia,4980,00:21:22.942,Ball Recovery,
,,,,,,,,,,,,,0.0,,,,,,,,,,,,61dfae03-619c-4c2a-9e78-fb7d41be415f,2058,,"[14.4, 4.6]",3920417,66,,,,,,,,,,,,,,,,,,,,,,,,2,From Keeper,Riaan Hanamub,65555.0,Left Back,129,Mali,4930,['c90001a0-24e8-4174-832d-25752c17abed'],58,,,,,,,,,,,,,,,,,,Namibia,4980,00:21:58.336,Ball Recovery,
,,,,,,,,,,,,,0.0,,,,,,,,,,,,20ee1027-d5eb-4268-b36a-b8ae56e7c268,2084,,"[48.2, 75.8]",3920417,68,,,,,,,,,,,,,,,,,,,,,,,,2,Regular Play,Fousseni Diabaté,3710.0,Left Wing,131,Mali,4930,,12,,,,,,,,,,,,,,,,,,Mali,4930,00:23:12.878,Ball Recovery,
,,,,,,,,,,,,,0.0,,,,,,,,,,,,28876b22-b043-4351-8100-88684d575776,2113,,"[36.1, 23.9]",3920417,69,,,,,,,,,,,,,,,,,,,,,,,,2,From Throw In,Prins Menelik Tjiueza,103803.0,Right Center Midfield,133,Mali,4930,,11,,,,,,,,,,,,,,,,,,Namibia,4980,00:24:11.069,Ball Recovery,
,,,,,,,,,,,,,0.0,,,,,,,,,,,,43d71419-4955-45d6-b136-1f29c084ae1a,2148,,"[14.0, 11.2]",3920417,71,,,,,,,,,,,,,,,,,,,,,,,,2,From Throw In,Riaan Hanamub,65555.0,Left Back,136,Mali,4930,['ed8dc983-1c18-4eab-ba91-f9a26ace14c1'],31,,,,,,,,,,,,,,,,,,Namibia,4980,00:26:31.613,Ball Recovery,
,,,,,,,,,,,,,0.0,,,,,,,,,,,,9156a40d-a219-4249-91cd-45f3d313166b,2168,,"[50.9, 58.5]",3920417,71,,,,,,,,,,,,,,,,,,,,,,,,2,From Throw In,Ivan Kamberipa,103799.0,Right Back,136,Mali,4930,['4171311c-dbb3-4df2-a43b-d701ae4d25cd'],51,,,,,,,,,,,,,,,,,,Namibia,4980,00:26:51.742,Ball Recovery,
,,,,,,,,,,,,,0.0,,,,,,,,,,,,e4f3554b-8005-4e46-af7a-fee0dfb76e5e,2176,,"[28.1, 20.5]",3920417,71,,,,,,,,,,,,,,,,,,,,,,,,2,From Throw In,Sikou Niakate,7295.0,Left Center Back,136,Mali,4930,['bc10c798-a500-448c-84c3-8feca54d4831'],57,,,,,,,,,,,,,,,,,,Mali,4930,00:26:57.124,Ball Recovery,
,,,,,,,,,,,,,0.0,,,,,,,,,,,,1537b1bf-0b36-4b12-91fc-4388799b20e5,2205,,"[47.7, 11.4]",3920417,73,,,,,,,,,,,,,,,,,,,,,,,,2,Regular Play,Kamory Doumbia,162132.0,Center Attacking Midfield,138,Mali,4930,['423d9800-3de4-4b9e-80a8-aab43f0cbd63'],26,,,,,,,,,,,,,,,,,,Mali,4930,00:28:26.037,Ball Recovery,
,,,,,,,,,,,,,0.0,,,,,,,,,,,,e98e47de-2c3e-4257-9a1e-baa0c2044aee,2232,,"[71.7, 35.3]",3920417,73,,,,,,,,,,,,,,,,,,,,,,,,2,Regular Play,Mohamed Camara,24806.0,Right Defensive Midfield,138,Mali,4930,['edfe50fa-9aa7-4d90-a5f5-98c611d330f5'],56,,,,,,,,,,,,,,,,,,Mali,4930,00:28:56.426,Ball Recovery,
,True,,,,,,,,,,,,0.0,,,,,,,,,,,,53f5c86c-70c2-4d4c-b782-0f56004ab95b,2243,,"[10.9, 60.3]",3920417,74,,,,,,,,,,,,,,,,,,,,,,,,2,Regular Play,Ivan Kamberipa,103799.0,Right Back,138,Mali,4930,['bc80bcb2-7f9e-487c-8797-55ddfc179ba0'],7,,,,,,,,,,,,,,,,,,Namibia,4980,00:29:07.790,Ball Recovery,
,,,,,,,,,,,,,0.0,,,,,,,,,,,,9e664afd-6ac7-42c0-b0cc-e84ae74ed53b,2244,,"[104.7, 22.3]",3920417,74,,,,,,,,,,,,,,,,,,,,,,,,2,Regular Play,Nene Dorgeles,199653.0,Left Wing,138,Mali,4930,,9,,,,,,,,,,,,,,,,,,Mali,4930,00:29:09.090,Ball Recovery,
,,,,,,,,,,,,,0.0,,,,,,,,,,,,aa89a49d-3771-4c0e-b0a1-76ab98ebfcce,2247,,"[20.9, 42.8]",3920417,74,,,,,,,,,,,,,,,,,,,,,,,,2,Regular Play,Ngero Kaanjuka Katua,389316.0,Left Center Midfield,138,Mali,4930,,10,,,,,,,,,,,,,,,,,,Namibia,4980,00:29:10.354,Ball Recovery,
,True,,,,,,,,,,,,0.0,,,,,,,,,,,,834ea312-83e2-4833-86f2-32e257e7b6d4,2275,,"[15.4, 74.2]",3920417,78,,True,,,,,,,,,,,,,,,,,,,,,,2,From Throw In,Fousseni Diabaté,3710.0,Right Wing,141,Namibia,4980,,58,,,,,,,,,,,,,,,,,,Mali,4930,00:33:58.009,Ball Recovery,
,,,,,,,,,,,,,0.0,,,,,,,,,,,,4ba91002-f648-4c9e-96b3-ac1ca3a9228c,2300,,"[6.1, 75.5]",3920417,79,,,,,,,,,,,,,,,,,,,,,,,,2,Regular Play,Fousseni Diabaté,3710.0,Right Wing,145,Mali,4930,['e1401173-cd18-4b3c-8926-05c9a60ff4c2'],38,,,,,,,,,,,,,,,,,,Mali,4930,00:34:38.143,Ball Recovery,
,,,,,,,,,,,,,0.0,,,,,,,,,,,,3cdc81a1-2b04-465e-a101-250dc108e3cb,2318,,"[22.1, 71.8]",3920417,79,,,,,,,,,,,,,,,,,,,,,,,,2,Regular Play,Yves Bissouma,4385.0,Left Defensive Midfield,145,Mali,4930,['6ee396d0-9916-4b74-884e-38a8fdcbfb28'],46,,,,,,,,,,,,,,,,,,Mali,4930,00:34:46.670,Ball Recovery,
,,,,,,,,,,,,,0.0,,,,,,,,,,,,d73e13d0-756c-4ac2-bbb4-ba8664157a5c,2339,,"[5.2, 48.9]",3920417,80,,,,,,,,,,,,,,,,,,,,,,,,2,Regular Play,Aprocious Petrus,136406.0,Center Defensive Midfield,146,Namibia,4980,,5,,,,,,,,,,,,,,,,,,Namibia,4980,00:35:05.355,Ball Recovery,
,True,,,,,,,,,,,,0.0,,,,,,,,,,,,b5d002b4-ad5d-42b1-a881-01bfd980b657,2354,,"[109.4, 7.2]",3920417,80,,,,,,,,,,,,,,,,,,,,,,,,2,From Throw In,Kamory Doumbia,162132.0,Center Attacking Midfield,147,Namibia,4980,['75a2275d-af39-4a9a-8760-d36461f0f672'],50,,,,,,,,,,,,,,,,,,Mali,4930,00:35:50.540,Ball Recovery,True
,,,,,,,,,,,,,0.0,,,,,,,,,,,,fb27fdd0-1f22-477e-9605-cb37374b61cb,2355,,"[10.0, 71.1]",3920417,80,,,,,,,,,,,,,,,,,,,,,,,,2,From Throw In,Ivan Kamberipa,103799.0,Right Back,147,Namibia,4980,,51,,,,,,,,,,,,,,,,,,Namibia,4980,00:35:51.105,Ball Recovery,
,,,,,,,,,,,,,0.0,,,,,,,,,,,,f0ced495-1efd-4ea0-b694-d1c97af4ef49,2406,,"[20.4, 44.7]",3920417,81,,,,,,,,,,,,,,,,,,,,,,,,2,From Throw In,Ngero Kaanjuka Katua,389316.0,Left Center Midfield,148,Mali,4930,,47,,,,,,,,,,,,,,,,,,Namibia,4980,00:36:47.604,Ball Recovery,
,,,,,,,,,,,,,0.0,,,,,,,,,,,,3642ece5-b0d3-4e4c-a82b-0ec625d0408f,2410,,"[49.6, 71.4]",3920417,81,,,,,,,,,,,,,,,,,,,,,,,,2,From Throw In,Boubakar Kouyate,23331.0,Right Center Back,148,Mali,4930,['fec42605-8ee9-42ca-9221-7b34cb1da2d9'],53,,,,,,,,,,,,,,,,,,Mali,4930,00:36:53.685,Ball Recovery,
,,,,,,,,,,,,,0.0,,,,,,,,,,,,2d808faa-1936-42fb-b91c-e2cf32820495,2455,,"[18.4, 56.9]",3920417,82,,,,,,,,,,,,,,,,,,,,,,,,2,From Throw In,Deon Hotto Kavendji,64612.0,Left Midfield,149,Mali,4930,['0fb76742-da6e-4e5c-bc5c-af6aca167c0f'],47,,,,,,,,,,,,,,,,,,Namibia,4980,00:37:47.506,Ball Recovery,
,,,,,,,,,,,,,0.0,,,,,,,,,,,,812f614d-b8e2-4b33-ae93-0a42a6ed3c28,2498,,"[55.6, 30.0]",3920417,85,,,,,,,,,,,,,,,,,,,,,,,,2,Regular Play,Mohamed Camara,24806.0,Right Defensive Midfield,153,Mali,4930,['0ee0f86b-eb61-40e0-b964-49bfcf3f4264'],33,,,,,,,,,,,,,,,,,,Mali,4930,00:40:33.376,Ball Recovery,
,True,,,,,,,,,,,,0.0,,,,,,,,,,,,beb08980-53f5-46d1-9d0b-055f840b74eb,2505,,"[14.2, 7.4]",3920417,85,,,,,,,,,,,,,,,,,,,,,,,,2,Regular Play,Absalom Iimbondi,103804.0,Right Midfield,153,Mali,4930,,42,,,,,,,,,,,,,,,,,,Namibia,4980,00:40:42.909,Ball Recovery,
,,,,,,,,,,,,,0.0,,,,,,,,,,,,88ccb1a8-8f9f-4526-8c63-613552c5737f,2506,,"[114.5, 68.9]",3920417,85,,,,,,,,,,,,,,,,,,,,,,,,2,Regular Play,Ibrahim Sissoko,8992.0,Center Forward,153,Mali,4930,,45,,,,,,,,,,,,,,,,,,Mali,4930,00:40:45.136,Ball Recovery,
,,,,,,,,,,,,,0.0,,,,,,,,,,,,86bc05c2-c114-4290-9cb6-c98e7d79e5d7,2524,,"[91.8, 48.3]",3920417,85,,,,,,,,,,,,,,,,,,,,,,,,2,Regular Play,Mohamed Camara,24806.0,Right Defensive Midfield,153,Mali,4930,['91d712ae-56d1-473e-82f9-520397b15d0b'],56,,,,,,,,,,,,,,,,,,Mali,4930,00:40:56.539,Ball Recovery,True
,,,,,,,,,,,,,0.0,,,,,,,,,,,,c938b7a9-9901-4331-8711-647a56b0ead4,2531,,"[24.1, 31.4]",3920417,87,,,,,,,,,,,,,,,,,,,,,,,,2,Regular Play,Peter Shalulile,65723.0,Center Forward,155,Namibia,4980,,15,,,,,,,,,,,,,,,,,,Namibia,4980,00:42:15.320,Ball Recovery,
,,,,,,,,,,,,,0.0,,,,,,,,,,,,327b9665-7d7d-4bba-ba86-945424f475d5,2593,,"[20.0, 26.9]",3920417,90,,,,,,,,,,,,,,,,,,,,,,,,2,From Throw In,Absalom Iimbondi,103804.0,Right Midfield,161,Mali,4930,,56,,,,,,,,,,,,,,,,,,Namibia,4980,00:45:56.872,Ball Recovery,
,,,,,,,,,,,,,0.0,,,,,,,,,,,,529c9104-bc76-4b70-aa9b-308207344bef,2621,,"[63.7, 15.8]",3920417,92,True,,,,,,,,,,,,,,,,,,,,,,,2,Regular Play,Djigui Diarra,102992.0,Goalkeeper,164,Mali,4930,,11,,,,,,,,,,,,,,,,,,Mali,4930,00:47:11.886,Ball Recovery,
,,,,,,,,,,,,,0.0,,,,,,,,,,,,ed4d9622-0c69-41b1-b841-e51a6150ef9a,108,,"[106.1, 70.2]",3920417,4,,,,,,,,,,,,,,,,,,,,,,,,1,Regular Play,Ivan Kamberipa,103799.0,Right Back,10,Mali,4930,"['092be5c7-b69f-488e-8cfb-18420f3526a8', '6277aaee-0316-4445-8543-d4380f699d41']",9,,,,,,,,,,,,,,,,,,Namibia,4980,00:04:09.279,Dribbled Past,
,,,,,,,,,,,,,0.0,,,,,,,,,,,,63beb68f-d5d0-4fa3-9442-64df2253ced4,893,,"[6.1, 66.6]",3920417,26,,,,,,,,,,,,,,,,,,,,,,,,1,From Throw In,Ivan Kamberipa,103799.0,Right Back,55,Mali,4930,"['45655c79-bf5f-40c8-a517-161bf80cc3dd', '8a90492f-f3ab-4c40-a50e-629e7749b1aa']",42,,,,,,,,,,,,,,,,,,Namibia,4980,00:26:42.679,Dribbled Past,
,,,,,,,,,True,,,,0.0,,,,,,,,,,,,1f8570a6-5550-4433-aad4-cb774249cfa6,1439,,"[39.5, 15.1]",3920417,46,,,,,,,,,,,,,,,,,,,,,,,,2,Regular Play,Nene Dorgeles,199653.0,Left Midfield,88,Namibia,4980,"['688ecb8b-0361-4532-8e8e-45fb0bcca60c', '00386697-1952-43b5-a978-ee2ab380818b']",16,,,,,,,,,,,,,,,,,,Mali,4930,00:01:16.967,Dribbled Past,
,,,,,,,,,,,,,0.0,,,,,,,,,,,,a592943a-ed77-461f-aca4-f836db00d2df,1949,,"[27.0, 71.2]",3920417,64,,,,,,,,,,,,,,,,,,,,,,,,2,From Free Kick,Kennedy Amutenya,264381.0,Right Center Back,126,Mali,4930,"['e53d9b6b-4665-4081-81ac-9893f0ee4da1', '0dd5efba-7fc7-4021-b955-577bfde4823a']",12,,,,,,,,,,,,,,,,,,Namibia,4980,00:19:12.971,Dribbled Past,
,,,,,,,,,,,,,0.0,,,,,,,,,,,,37f837e4-d3e9-4d97-aca7-ef19b71ec076,2107,,"[3.9, 60.9]",3920417,69,,,,,,,,,,,,,,,,,,,,,,,,2,From Throw In,Ivan Kamberipa,103799.0,Right Back,133,Mali,4930,"['ced60fa3-6828-4f57-b174-105ea669d6a0', '4fbfbb00-a46f-4601-9d2b-67d9c338c43f']",6,,,,,,,,,,,,,,,,,,Namibia,4980,00:24:06.346,Dribbled Past,
,,,,,,,,,True,,,,0.0,,,,,,,,,,,,f7791017-b86d-4c7b-ae64-1254a6092067,2150,,"[104.6, 67.6]",3920417,71,,,,,,,,,,,,,,,,,,,,,,,,2,From Throw In,Fousseni Diabaté,3710.0,Right Wing,136,Mali,4930,"['208ab54c-0680-43cf-ab4d-a81fdb639c82', '2f7e09a2-b254-49ad-bf25-3c2ca2633172', '14610f29-10aa-4c98-91df-18957efb93db']",32,,,,,,,,,,,,,,,,,,Mali,4930,00:26:32.365,Dribbled Past,
,,,,,,,,,,,,,0.0,,,,,,,,,,,,e56663df-5ac5-4a88-97b4-f64fd8f578b8,2450,,"[36.1, 15.3]",3920417,82,,,,,,,,,,,,,,,,,,,,,,,,2,From Throw In,Ngero Kaanjuka Katua,389316.0,Left Center Midfield,149,Mali,4930,"['5ca51a7c-bb81-4046-ab2f-800d755a6fea', 'f0f3ef2a-d8f2-423d-a73c-d7d0c42dcf35']",39,,,,,,,,,,,,,,,,,,Namibia,4980,00:37:39.665,Dribbled Past,
,,,,,,,,,,,,,0.0,,,,,,,,,,,,5e3f1c09-82fb-419d-9063-368167d1783d,341,,"[44.7, 51.3]",3920417,11,,,,,,,,,,,,,,,,,,,,,,,,1,Regular Play,Ngero Kaanjuka Katua,389316.0,Left Center Midfield,26,Namibia,4980,['ce27f4fd-82c1-4bc4-9149-f4e2c81cd6e1'],14,,,,,,,,,,,,,,,,,,Namibia,4980,00:11:14.642,Dispossessed,True
,,,,,,,,,,,,,0.0,,,,,,,,,,,,b11c06bf-a8c1-4f71-98b5-e900b550725c,392,,"[70.8, 51.6]",3920417,12,,,,,,,,,,,,,,,,,,,,,,,,1,Regular Play,Yves Bissouma,4385.0,Left Defensive Midfield,30,Mali,4930,['c7803b21-a536-4a06-8c9b-bd69c3a35d7b'],23,,,,,,,,,,,,,,,,,,Mali,4930,00:12:23.340,Dispossessed,True
,,,,,,,,,,,,,0.0,,,,,,,,,,,,f5abd470-848e-4dc9-98c4-c0c7da3d631e,397,,"[62.3, 5.8]",3920417,12,,,,,,,,,,,,,,,,,,,,,,,,1,Regular Play,Muzeu Bethuel,389319.0,Right Midfield,31,Namibia,4980,['416659db-dd89-4dd9-bdfb-2bbe67a5ec91'],28,,,,,,,,,,,,,,,,,,Namibia,4980,00:12:28.533,Dispossessed,True
,,,,,,,,,,,,,0.0,,,,,,,,,,,,1c1d755b-a98f-4d34-8804-2af48e71916f,636,,"[4.8, 19.5]",3920417,18,,,,,,,,,,,,,,,,,,,,,,,,1,Regular Play,Moussa Diarra,32952.0,Left Back,41,Namibia,4980,['a0ff4b18-f510-4324-8d8f-83cd78fa7ab6'],37,,,,,,,,,,,,,,,,,,Mali,4930,00:18:37.285,Dispossessed,True
,,,,,,,,,,,,,0.0,,,,,,,,,,,,7f40dc4f-557a-4911-b358-b2214a477a3e,778,,"[63.6, 17.0]",3920417,24,,,,,,,,,,,,,,,,,,,,,,,,1,From Free Kick,Youssoufou Niakaté,51750.0,Right Center Forward,48,Mali,4930,['f357c612-a88a-4e5c-a838-7940a15df0f2'],10,,,,,,,,,,,,,,,,,,Mali,4930,00:24:10.017,Dispossessed,True
,,,,,,,,,,,,,0.0,,,,,,,,,,,,f4e290a7-716b-4a62-bb2a-41249846930b,885,,"[98.3, 26.0]",3920417,26,,,,,,,,,,,,,,,,,,,,,,,,1,Regular Play,Youssoufou Niakaté,51750.0,Right Center Forward,54,Mali,4930,"['0d10c786-bb54-4e1a-97a9-5261caa18a72', '11daacf4-1cc5-4695-bcd3-e3a9c2b03e89']",14,,,,,,,,,,,,,,,,,,Mali,4930,00:26:14.162,Dispossessed,True
,,,,,,,,,,,,,0.0,,,,,,,,,,,,9b6a45b0-77bf-470d-9eb4-92c203da649d,975,,"[112.3, 59.7]",3920417,31,,,,,,,,,,,,,,,,,,,,,,,,1,From Throw In,Peter Shalulile,65723.0,Center Forward,61,Namibia,4980,['47d3afb9-d55a-4e9f-920a-87723228da30'],46,,,,,,,,,,,,,,,,,,Namibia,4980,00:31:46.691,Dispossessed,True
,,,,,,,,,,,,,0.0,,,,,,,,,,,,0b8b2151-7804-455c-b7b5-9cc1b8b2df5a,1365,,"[74.2, 11.2]",3920417,46,,,,,,,,,,,,,,,,,,,,,,,,1,From Free Kick,Nene Dorgeles,199653.0,Left Midfield,81,Mali,4930,['eb55ace8-32fe-4178-8c39-2946e061526d'],1,,,,,,,,,,,,,,,,,,Mali,4930,00:46:01.874,Dispossessed,True
,,,,,,,,,,,,,0.0,,,,,,,,,,,,2006e04a-d476-4695-a5eb-271853ead34c,1763,,"[85.4, 77.3]",3920417,58,,,,,,,,,,,,,,,,,,,,,,,,2,From Throw In,Ivan Kamberipa,103799.0,Right Back,114,Namibia,4980,['32560e64-5174-4957-9fe6-0804e9f10e34'],46,,,,,,,,,,,,,,,,,,Namibia,4980,00:13:46.430,Dispossessed,True
,,,,,,,,,,,,,0.0,,,,,,,,,,,,2aee5570-9ba5-4958-b35e-42a1aabc40be,1870,,"[69.5, 64.0]",3920417,61,,,,,,,,,,,,,,,,,,,,,,,,2,From Throw In,Muzeu Bethuel,389319.0,Right Midfield,121,Namibia,4980,['07ca7ad1-c744-49af-bf9c-16873b906185'],49,,,,,,,,,,,,,,,,,,Namibia,4980,00:16:49.931,Dispossessed,True
,,,,,,,,,,,,,0.0,,,,,,,,,,,,9e31216f-96bf-4c5d-b4ff-841d49e92f90,1893,,"[39.3, 6.6]",3920417,62,,,,,,,,,,,,,,,,,,,,,,,,2,Regular Play,Moussa Diarra,32952.0,Left Back,122,Mali,4930,['6673fe42-175f-45d4-bdfa-9e424ff352dd'],1,,,,,,,,,,,,,,,,,,Mali,4930,00:17:01.196,Dispossessed,True
,,,,,,,,,,,,,0.0,,,,,,,,,,,,bfc9f25f-950f-4300-abf5-6c0e92748db9,2082,,"[46.9, 61.5]",3920417,68,,,,,,,,,,,,,,,,,,,,,,,,2,Regular Play,Mohamed Camara,24806.0,Right Defensive Midfield,131,Mali,4930,['48182f5b-5a06-4e98-98ad-4640e98a87f1'],12,,,,,,,,,,,,,,,,,,Mali,4930,00:23:12.023,Dispossessed,True
,,,,,,,,,,,,,0.0,,,,,,,,,,,,b0ac3a59-4d99-4bec-b04c-483100491b2d,2116,,"[35.7, 22.7]",3920417,69,,,,,,,,,,,,,,,,,,,,,,,,2,From Throw In,Prins Menelik Tjiueza,103803.0,Right Center Midfield,133,Mali,4930,['7e3a16ac-c7fd-4dbf-b61e-84b5a620ee8a'],11,,,,,,,,,,,,,,,,,,Namibia,4980,00:24:11.728,Dispossessed,True
,,,,,,,,,,,,,0.0,,,,,,,,,,,,1fe19814-b489-4a01-9535-f161bf4d2dea,2293,,"[117.7, 7.4]",3920417,79,,,,,,,,,,,,,,,,,,,,,,,,2,From Throw In,Peter Shalulile,65723.0,Center Forward,143,Namibia,4980,['82ed6ac9-10d7-4a58-9530-a2dbf2072441'],27,,,,,,,,,,,,,,,,,,Namibia,4980,00:34:27.762,Dispossessed,True
,,,,,,,,,,,,,0.0,,,,,,,,,,,,8cb4e92d-1c0c-4e4d-abe8-599c5cf1d1c8,2337,,"[114.5, 25.1]",3920417,80,,,,,,,,,,,,,,,,,,,,,,,,2,Regular Play,Nene Dorgeles,199653.0,Left Wing,145,Mali,4930,['40ac0ab4-3863-42f0-948a-d2a21e726c1a'],3,,,,,,,,,,,,,,,,,,Mali,4930,00:35:03.803,Dispossessed,True
,,,,,,,,,,,,,0.0,,,,,,,,,,,,37c5ac51-3507-4331-9513-fa588c7faf53,2616,,"[113.8, 26.5]",3920417,91,,,,,,,,,,,,,,,,,,,,,,,,2,From Throw In,Nene Dorgeles,199653.0,Left Wing,162,Mali,4930,['2374f6ec-3da9-448b-9228-e364c36df309'],25,,,,,,,,,,,,,,,,,,Mali,4930,00:46:25.332,Dispossessed,True
,,,,,,,,,,,,,0.0,,,,,,,,,,,,ad8bb18b-5fcb-406e-90d2-9fe8aa470714,533,,"[115.6, 42.8]",3920417,15,,,,,,,,,,,,,,,,,,,,,,,,1,Regular Play,Peter Shalulile,65723.0,Center Forward,35,Namibia,4980,,9,,,,,,,,,,,,,,,,,,Namibia,4980,00:15:09.154,Offside,
,,,,,,,,,,,,,0.0,,,,,,,,,,,,5a24fcfe-4e3f-4e37-b33a-ecdc2d7ae354,949,,"[106.4, 57.3]",3920417,28,,,,,,,,,,,,,,,,,,,,,,,,1,Regular Play,Youssoufou Niakaté,51750.0,Right Center Forward,57,Mali,4930,,7,,,,,,,,,,,,,,,,,,Mali,4930,00:28:07.551,Offside,
,,,,,,,,,,,,,0.0,,,,,,,,,,,,e78fe348-8914-4653-9f0d-a14330793548,744,Lost Out,"[60.1, 61.4]",3920417,22,,,,,,,,,,,,,,,,,,,,,,,,1,From Corner,Aprocious Petrus,136406.0,Center Defensive Midfield,46,Mali,4930,['f1f7ca9b-8c4f-4781-922b-f15905aa0ef6'],46,,,,,,,,,,,,,,,,,,Namibia,4980,00:22:46.915,Interception,
,,,,,,,,,,,,,0.0,,,,,,,,,,,,f9510970-7290-42e3-a5e3-6951800fda2c,948,Lost In Play,"[20.3, 24.5]",3920417,28,,,,,,,,,,,,,,,,,,,,,,,,1,Regular Play,Kennedy Amutenya,264381.0,Right Center Back,57,Mali,4930,['30129bf4-b3fd-463a-8551-5d08b910820c'],6,,,,,,,,,,,,,,,,,,Namibia,4980,00:28:06.678,Interception,
,,,,,,,,,,,,,0.324053,,,,,,,,,,,,1a368460-c092-4766-96dc-c24787476cc7,985,Success In Play,"[16.2, 72.3]",3920417,33,,,,,,,,,,,,,,,,,,,,,,,,1,From Throw In,Hamari Traoré,3248.0,Right Back,63,Namibia,4980,['ca3b4737-1e21-4f40-9b34-0d0cdbc15515'],3,,,,,,,,,,,,,,,,,,Mali,4930,00:33:03.725,Interception,
,,,,,,,,,,,,,0.0,,,,,,,,,,,,6d53c23e-9c4a-40a8-8866-ba7f6a124018,1097,Won,"[54.2, 66.7]",3920417,38,,,,,,,,,,,,,,,,,,,,,,,,1,From Throw In,Muzeu Bethuel,389319.0,Right Midfield,71,Mali,4930,['c477525d-365c-46fe-9bfe-d111fa7d22fd'],7,,,,,,,,,,,,,,,,,,Namibia,4980,00:38:07.673,Interception,
,,,,,,,,,True,,,,0.0,,,,,,,,,,,,8bb7ea85-28ba-48cb-80c8-aa6f0fde6a37,1197,Lost Out,"[67.5, 13.2]",3920417,39,,,,,,,,,,,,,,,,,,,,,,,,1,From Throw In,Moussa Diarra,32952.0,Left Back,71,Mali,4930,['8950b8af-a182-4bd5-a78c-c51ac215fc3e'],58,,,,,,,,,,,,,,,,,,Mali,4930,00:39:58.393,Interception,
,,,,,,,,,,,,,0.0,,,,,,,,,,,,0d92c061-e99a-432d-a85e-9b3e5ef26c02,1258,Lost Out,"[33.7, 72.0]",3920417,41,,,,,,,,,,,,,,,,,,,,,,,,1,From Free Kick,Hamari Traoré,3248.0,Right Back,74,Namibia,4980,['4056ef5e-19d7-42c4-9522-6fcb3335ef79'],56,,,,,,,,,,,,,,,,,,Mali,4930,00:41:56.383,Interception,
,,,,,,,,,True,,,,0.0,,,,,,,,,,,,6b8075c0-c51c-4398-bdc6-7c8d13cc9f3b,1420,Success In Play,"[21.5, 45.3]",3920417,45,,,,,,,,,,,,,,,,,,,,,,,,2,Regular Play,Sikou Niakate,7295.0,Left Center Back,87,Mali,4930,['2c507038-d4d0-4c8a-a44e-5b17d41e7714'],19,,,,,,,,,,,,,,,,,,Mali,4930,00:00:19.974,Interception,
,,,,,,,,,True,,,,0.0,,,,,,,,,,,,6d421f38-4d09-4d65-9abc-8ae68d0c54e8,1584,Lost Out,"[71.5, 73.0]",3920417,51,,,,,,,,,,,,,,,,,,,,,,,,2,From Throw In,Lassine Sinayoko,105182.0,Left Center Forward,99,Mali,4930,['b233eba2-465f-40e7-96e9-4a784fe49736'],1,,,,,,,,,,,,,,,,,,Mali,4930,00:06:01.419,Interception,
,,,,,,,,,True,,,,0.0,,,,,,,,,,,,37d9aa17-67dd-4944-9280-4d2711ea8340,1621,Won,"[102.2, 10.6]",3920417,52,,,,,,,,,,,,,,,,,,,,,,,,2,Regular Play,Peter Shalulile,65723.0,Center Forward,102,Mali,4930,['bd2a38d6-331f-45f7-9714-651b6a8509f4'],31,,,,,,,,,,,,,,,,,,Namibia,4980,00:07:31.351,Interception,
,,,,,,,,,,,,,0.0,,,,,,,,,,,,0a31566f-9012-4e37-abd9-a8d30e4977c6,2563,Won,"[4.4, 73.5]",3920417,90,,,,,,,,,,,,,,,,,,,,,,,,2,Regular Play,Adama Traoré,4464.0,Right Wing,160,Mali,4930,['844dc94d-3ebc-4689-9122-ad1c8e3702a4'],23,,,,,,,,,,,,,,,,,,Mali,4930,00:45:23.338,Interception,
,,,,,,,,,,,,,0.0,,,,,,,,,,,,258e73b0-e98e-4688-be63-1909df71f4c8,950,,,3920417,28,,,,,,,,,,,,,,,,,,,,,,,,1,Regular Play,Lloyd Junior Kazapua,125324.0,Goalkeeper,57,Mali,4930,,9,,,,,,,,,,,,,,,,,,Namibia,4980,00:28:09.799,Injury Stoppage,
,,,,,,,,,,,,,0.0,,,,,,,,,,,,8fd1e9bf-b366-428b-8281-947ce4e4cb1b,951,,,3920417,28,,,,,,,,,,,,,,,,,,,,,,,,1,Regular Play,Youssoufou Niakaté,51750.0,Right Center Forward,57,Mali,4930,,52,,,,,,,,,,,,,,,,,,Mali,4930,00:28:52.630,Injury Stoppage,
,,,,,,,,,,,,,0.0,,,,,,,,,,,,3cf13633-9665-435d-8a3d-69e8778519d5,2539,,,3920417,87,,,,,,,,,,,,,,,,,,,,,,,,2,Regular Play,Lloyd Junior Kazapua,125324.0,Goalkeeper,155,Namibia,4980,,39,,,,,,,,,,,,,,,,,,Namibia,4980,00:42:39.603,Injury Stoppage,
,,,,,,,,,,,,,0.0,,,,,,,,,,,,44a1dbd1-9aef-4041-bff3-11b6d074cfc3,2540,,,3920417,87,,,,,,,,,,,,,,,,,,,,,,,,2,Regular Play,Kamory Doumbia,162132.0,Center Attacking Midfield,155,Namibia,4980,,56,,,,,,,,,,,,,,,,,,Mali,4930,00:42:56.130,Injury Stoppage,
,,,,,,,,,,,,,0.0,,,,,,,,,,,,d8b7ab7e-9f31-4486-b751-8cf05f6cebd0,1394,,,3920417,50,,,,,,,,,,,,,,,,,,,,,,,,1,From Corner,,,,85,Namibia,4980,['824917f2-ac72-4d8a-956c-a8294cd4ff24'],9,,,,,,,,,,,,,,,,,,Namibia,4980,00:50:09.214,Half End,
,,,,,,,,,,,,,0.0,,,,,,,,,,,,824917f2-ac72-4d8a-956c-a8294cd4ff24,1395,,,3920417,50,,,,,,,,,,,,,,,,,,,,,,,,1,From Corner,,,,85,Namibia,4980,['d8b7ab7e-9f31-4486-b751-8cf05f6cebd0'],9,,,,,,,,,,,,,,,,,,Mali,4930,00:50:09.214,Half End,
,,,,,,,,,,,,,0.0,,,,,,,,,,,,9182985f-3a39-4bb6-bd71-629a3c51e98f,2684,,,3920417,94,,,,,,,,,,,,,,,,,,,,,,,,2,Regular Play,,,,167,Mali,4930,['3533a352-f201-4cbf-9440-d3f8029e0e41'],10,,,,,,,,,,,,,,,,,,Namibia,4980,00:49:10.339,Half End,
,,,,,,,,,,,,,0.0,,,,,,,,,,,,3533a352-f201-4cbf-9440-d3f8029e0e41,2685,,,3920417,94,,,,,,,,,,,,,,,,,,,,,,,,2,Regular Play,,,,167,Mali,4930,['9182985f-3a39-4bb6-bd71-629a3c51e98f'],10,,,,,,,,,,,,,,,,,,Mali,4930,00:49:10.339,Half End,
,,,,,,,,,,,,,0.0,,,,,,,,,,,,62091154-df17-4a99-95dc-b93959f9964d,1585,,"[47.7, 3.9]",3920417,51,,,,,,,,,,,,,,,,,,,,,,,,2,From Throw In,Riaan Hanamub,65555.0,Left Back,99,Mali,4930,,2,,,,,,,,,,,,,,,,,,Namibia,4980,00:06:02.737,Shield,
,,,,,,,,,,,,,0.0,,,,,,,,,,,,258bc6b5-4e53-41ad-a945-3a15c40877d9,1724,,"[2.2, 10.6]",3920417,56,,,,,,,,,,,,,,,,,,,,,,,,2,From Throw In,Riaan Hanamub,65555.0,Left Back,111,Mali,4930,['810780cb-dae8-4df5-b8fc-45f1edf59d93'],38,,,,,,,,,,,,,,,,,,Namibia,4980,00:11:38.879,Shield,True
,,,,,,,,,,,,,0.0,,,,,,,,,,,,5a11ecc9-f227-4996-a3a6-bc1cb39388fc,1596,,,3920417,51,,,,,,,,,,,,,,,,,,,,,,,,2,From Throw In,Lassine Sinayoko,105182.0,Left Center Forward,100,Namibia,4980,,29,,,,,,,,,,,,,Tactical,103.0,Ibrahim Sissoko,8992.0,,Mali,4930,00:06:29.110,Substitution,
,,,,,,,,,,,,,0.0,,,,,,,,,,,,f6f34195-4ffa-4054-aa66-1cd0ee24c736,1597,,,3920417,52,,,,,,,,,,,,,,,,,,,,,,,,2,From Throw In,Youssoufou Niakaté,51750.0,Right Center Forward,100,Namibia,4980,,1,,,,,,,,,,,,,Tactical,103.0,Kamory Doumbia,162132.0,,Mali,4930,00:07:01.808,Substitution,
,,,,,,,,,,,,,0.0,,,,,,,,,,,,63ad7225-f11f-4876-b611-b690ec7bc915,2063,,,3920417,67,,,,,,,,,,,,,,,,,,,,,,,,2,From Keeper,Moussa Diarra,32952.0,Left Back,129,Mali,4930,,12,,,,,,,,,,,,,Tactical,103.0,Amadou Dante,40868.0,,Mali,4930,00:22:12.759,Substitution,
,,,,,,,,,,,,,0.0,,,,,,,,,,,,c131a96f-4e07-4e93-9b85-6afba4505384,2064,,,3920417,67,,,,,,,,,,,,,,,,,,,,,,,,2,From Keeper,Aliou Dieng,67714.0,Right Defensive Midfield,129,Mali,4930,,31,,,,,,,,,,,,,Tactical,103.0,Mohamed Camara,24806.0,,Mali,4930,00:22:31.226,Substitution,
,,,,,,,,,,,,,0.0,,,,,,,,,,,,7e700ecd-8cba-48da-8055-2ffa4f87e744,2197,,,3920417,73,,,,,,,,,,,,,,,,,,,,,,,,2,From Throw In,Muzeu Bethuel,389319.0,Right Midfield,136,Mali,4930,,6,,,,,,,,,,,,,Tactical,103.0,Absalom Iimbondi,103804.0,,Namibia,4980,00:28:06.496,Substitution,
,,,,,,,,,,,,,0.0,,,,,,,,,,,,af91d8e6-9073-448f-b773-6d55eb1e12a3,2270,,,3920417,78,,,,,,,,,,,,,,,,,,,,,,,,2,From Corner,Prins Menelik Tjiueza,103803.0,Right Center Midfield,140,Namibia,4980,,28,,,,,,,,,,,,,Tactical,103.0,Marcel Papama,103801.0,,Namibia,4980,00:33:28.823,Substitution,
,,,,,,,,,,,,,0.0,,,,,,,,,,,,079c7c97-326c-4148-b88a-8eb48cddef73,2345,,,3920417,80,,,,,,,,,,,,,,,,,,,,,,,,2,Regular Play,Fousseni Diabaté,3710.0,Right Wing,146,Namibia,4980,,37,,,,,,,,,,,,,Tactical,103.0,Adama Traoré,4464.0,,Mali,4930,00:35:37.747,Substitution,
,,,,,,,,,,,,,0.0,,,,,,,,,,,,4f8c1e81-f006-4a06-88b0-7c7471c7297e,2542,,,3920417,89,,,,,,,,,,,,,,,,,,,,,,,,2,From Throw In,Peter Shalulile,65723.0,Center Forward,156,Namibia,4980,,19,,,,,,,,,,,,,Tactical,103.0,Denzil Haoseb,103797.0,,Namibia,4980,00:44:19.315,Substitution,
,,,,,,,,,,,,,0.0,,,,,,,,,,,,694ab2ea-1843-43e7-b2b3-87e23942db18,2543,,,3920417,89,,,,,,,,,,,,,,,,,,,,,,,,2,From Throw In,Ngero Kaanjuka Katua,389316.0,Left Center Midfield,156,Namibia,4980,,19,,,,,,,,,,,,,Tactical,103.0,Vetunuavi Charles Hambira,136404.0,,Namibia,4980,00:44:19.358,Substitution,
,,,,,,,,,,,,,0.0,,,,,,,,,,,,192d62ac-f75d-467b-97bf-3112233ef5ba,1698,,,3920417,55,,,,,,,,,,,,,,,,,,,,,,,,2,From Throw In,,,,107,Mali,4930,,35,,,,,,,,,,,,,,,,,"{'formation': 4231, 'lineup': [{'player': {'id': 102992, 'name': 'Djigui Diarra'}, 'position': {'id': 1, 'name': 'Goalkeeper'}, 'jersey_number': 16}, {'player': {'id': 3248, 'name': 'Hamari Traoré'}, 'position': {'id': 2, 'name': 'Right Back'}, 'jersey_number': 2}, {'player': {'id': 23331, 'name': 'Boubakar Kouyate'}, 'position': {'id': 3, 'name': 'Right Center Back'}, 'jersey_number': 5}, {'player': {'id': 7295, 'name': 'Sikou Niakate'}, 'position': {'id': 5, 'name': 'Left Center Back'}, 'jersey_number': 6}, {'player': {'id': 32952, 'name': 'Moussa Diarra'}, 'position': {'id': 6, 'name': 'Left Back'}, 'jersey_number': 13}, {'player': {'id': 67714, 'name': 'Aliou Dieng'}, 'position': {'id': 9, 'name': 'Right Defensive Midfield'}, 'jersey_number': 23}, {'player': {'id': 4385, 'name': 'Yves Bissouma'}, 'position': {'id': 11, 'name': 'Left Defensive Midfield'}, 'jersey_number': 10}, {'player': {'id': 199653, 'name': 'Nene Dorgeles'}, 'position': {'id': 17, 'name': 'Right Wing'}, 'jersey_number': 27}, {'player': {'id': 162132, 'name': 'Kamory Doumbia'}, 'position': {'id': 19, 'name': 'Center Attacking Midfield'}, 'jersey_number': 26}, {'player': {'id': 3710, 'name': 'Fousseni Diabaté'}, 'position': {'id': 21, 'name': 'Left Wing'}, 'jersey_number': 19}, {'player': {'id': 8992, 'name': 'Ibrahim Sissoko'}, 'position': {'id': 23, 'name': 'Center Forward'}, 'jersey_number': 9}]}",Mali,4930,00:10:35.841,Tactical Shift,
,,,,,,,,,,,,,0.0,,,,,,,,,,,,8c6a3f4e-19b6-4a56-9151-30628a108e2a,2124,,,3920417,70,,,,,,,,,,,,,,,,,,,,,,,,2,From Goal Kick,,,,135,Namibia,4980,,56,,,,,,,,,,,,,,,,,"{'formation': 4231, 'lineup': [{'player': {'id': 102992, 'name': 'Djigui Diarra'}, 'position': {'id': 1, 'name': 'Goalkeeper'}, 'jersey_number': 16}, {'player': {'id': 3248, 'name': 'Hamari Traoré'}, 'position': {'id': 2, 'name': 'Right Back'}, 'jersey_number': 2}, {'player': {'id': 23331, 'name': 'Boubakar Kouyate'}, 'position': {'id': 3, 'name': 'Right Center Back'}, 'jersey_number': 5}, {'player': {'id': 7295, 'name': 'Sikou Niakate'}, 'position': {'id': 5, 'name': 'Left Center Back'}, 'jersey_number': 6}, {'player': {'id': 40868, 'name': 'Amadou Dante'}, 'position': {'id': 6, 'name': 'Left Back'}, 'jersey_number': 3}, {'player': {'id': 24806, 'name': 'Mohamed Camara'}, 'position': {'id': 9, 'name': 'Right Defensive Midfield'}, 'jersey_number': 12}, {'player': {'id': 4385, 'name': 'Yves Bissouma'}, 'position': {'id': 11, 'name': 'Left Defensive Midfield'}, 'jersey_number': 10}, {'player': {'id': 3710, 'name': 'Fousseni Diabaté'}, 'position': {'id': 17, 'name': 'Right Wing'}, 'jersey_number': 19}, {'player': {'id': 162132, 'name': 'Kamory Doumbia'}, 'position': {'id': 19, 'name': 'Center Attacking Midfield'}, 'jersey_number': 26}, {'player': {'id': 199653, 'name': 'Nene Dorgeles'}, 'position': {'id': 21, 'name': 'Left Wing'}, 'jersey_number': 27}, {'player': {'id': 8992, 'name': 'Ibrahim Sissoko'}, 'position': {'id': 23, 'name': 'Center Forward'}, 'jersey_number': 9}]}",Mali,4930,00:25:56.444,Tactical Shift,
